# ----------------------------------------
# JasperGold Version Info
# tool      : JasperGold 2021.03
# platform  : Linux 5.14.0-570.84.1.el9_6.x86_64
# version   : 2021.03 FCS 64 bits
# build date: 2021.03.23 02:50:43 UTC
# ----------------------------------------
# started   : 2026-02-23 13:47:21 EST
# hostname  : della-r3c3n3.(none)
# pid       : 1383747
# arguments : '-label' 'session_0' '-console' '//127.0.0.1:39395' '-nowindow' '-style' 'windows' '-exitonerror' '-data' 'AAAA8HicTY5BD8FAEIW/RiQiDv4IysWlV7eKxMF1Q7PoahBbDi7+qn9Sbzc0JpnZNzPvvdkEyF5N0xCj81QZkrNkzUJ1xUZvG8n7C7JEpascMGLHlpqCo/q++is3Ljh1OWMmPLCalOyVReSW2p8xmlo8dyrNvJgpM+bKqbDj0DpZ6Wr59eQeLlXCafR28vPihQvm75KJ/wm6k3g/DR+k1SUQ' '-proj' '/home/ab2113/malik25_26/metrex/dataset/version_1/verification_results/02721/jgproject/sessionLogs/session_0' '-init' '-hidden' '/home/ab2113/malik25_26/metrex/dataset/version_1/verification_results/02721/jgproject/.tmp/.initCmds.tcl' './jasper_verif_check.tcl' '-hidden' '/home/ab2113/malik25_26/metrex/dataset/version_1/verification_results/02721/jgproject/.tmp/.postCmds.tcl'

Any disclosure about the Cadence Design Systems software or its use
model to any third party violates the written Non-Disclosure Agreement
between Cadence Design Systems, Inc. and the customer.

THIS SOFTWARE CONTAINS CONFIDENTIAL INFORMATION AND TRADE SECRETS OF
CADENCE DESIGN SYSTEMS, INC. USE, DISCLOSURE, OR REPRODUCTION IS
PROHIBITED WITHOUT THE PRIOR EXPRESS WRITTEN PERMISSION OF CADENCE
DESIGN SYSTEMS, INC.

Copyright (C) 2000-2021 Cadence Design Systems, Inc. All Rights
Reserved.  Unpublished -- rights reserved under the copyright laws of
the United States.

This product includes software developed by others and redistributed
according to license agreement. See doc/third_party_readme.txt for
further details.

RESTRICTED RIGHTS LEGEND

Use, duplication, or disclosure by the Government is subject to
restrictions as set forth in subparagraph (c) (1) (ii) of the Rights in
Technical Data and Computer Software clause at DFARS 252.227-7013 or
subparagraphs (c) (1) and (2) of Commercial Computer Software -- Restricted
Rights at 48 CFR 52.227-19, as applicable.


                          Cadence Design Systems, Inc. 
                          2655 Seely Avenue
                          San Jose, CA 95134
                          Phone: 408.943.1234

For technical assistance visit http://support.cadence.com.

JasperGold Apps Analysis Session - /home/ab2113/malik25_26/metrex/dataset/version_1/verification_results/02721/jgproject/sessionLogs/session_0

INFO: successfully checked out license "jasper_fao".
INFO: reading configuration file "/home/ab2113/.config/jasper/jaspergold.conf".
% # ============================================================
% # JasperGold Assertion Verification Runner (env-driven)
% # Output: verification_results/<DESIGN_ID>/
% #
% # Env:
% #   DESIGN_ID     : required (subfolder name)
% #   JG_DESIGN     : required, space/colon-separated RTL file paths OR a directory
% #   JG_SVA        : required, space/colon-separated SVA file paths OR a directory
% #
% # Optional:
% #   JG_TOP        : top module name. If missing, inferred from RTL (default: infer)
% #   JG_STD        : sv12 | sv11 | sv09 (default: sv12)
% #   JG_INCDIRS    : colon/space-separated include dirs (optional)
% #   JG_DEFINES    : space-separated defines NAME or NAME=VAL (optional)
% #   JG_NO_CLOCK   : 1 to force combinational clocking (default: 0)
% #   JG_RESET      : explicit reset signal name (optional)
% #   JG_RESET_EXPR : explicit reset expression (optional)
% # ============================================================
% 
% proc split_env_list {s} {
  if {$s eq ""} {return {}}
  set out {}
  foreach p [split $s " :"] { if {$p ne ""} {lappend out $p} }
  return $out
}
% 
% proc split_space_list {s} {
  if {$s eq ""} {return {}}
  set out {}
  foreach p [split $s " "] { if {$p ne ""} {lappend out $p} }
  return $out
}
% 
% proc collect_files_any {path} {
  # If path is a file, return it. If directory, glob common HDL extensions.
  if {[file isfile $path]} { return [list $path] }
  if {![file isdirectory $path]} { error "Not a file or directory: $path" }

  set patterns {*.sv *.svh *.v *.vh}
  set flist {}
  foreach p $patterns {
    foreach f [glob -nocomplain -types f -directory $path -tails -- $p] {
      lappend flist [file join $path $f]
    }
  }
  if {[llength $flist] == 0} { error "No HDL files found in directory: $path" }
  return $flist
}
% 
% proc read_file_text {path} {
  set fp [open $path "r"]
  set data [read $fp]
  close $fp
  return $data
}
% 
% proc strip_comments {text} {
  set out $text
  regsub -all {(?s)/\*.*?\*/} $out "" out
  regsub -all {(?m)//.*$} $out "" out
  return $out
}
% 
% proc infer_top_from_file {f} {
  if {![file isfile $f]} { return "" }
  set txt [strip_comments [read_file_text $f]]
  if {[regexp -nocase -line {^\s*module\s+([A-Za-z_][A-Za-z0-9_]*)} $txt -> m]} {
    return $m
  }
  return ""
}
% 
% proc find_reset_signal {top files} {
  set top_l [string tolower $top]
  set keywords {input output inout wire reg logic signed unsigned integer parameter localparam bit tri supply0 supply1 tri0 tri1 wand wor}
  foreach f $files {
    if {![file isfile $f]} { continue }
    set txt [strip_comments [read_file_text $f]]
    set re "(?s)\\mmodule\\s+${top_l}\\M\\s*(#\\s*\\(.*?\\)\\s*)?\\((.*?)\\)\\s*;"
    if {[regexp -nocase -- $re $txt -> _port_params portlist]} {
      set tokens [regexp -all -inline {\m[A-Za-z_][A-Za-z0-9_]*\M} $portlist]
      set names {}
      foreach t $tokens {
        set tl [string tolower $t]
        if {[lsearch -exact $keywords $tl] >= 0} { continue }
        lappend names $t
      }
      if {[llength $names] == 0} { continue }
      set lower_map [dict create]
      foreach n $names { dict set lower_map [string tolower $n] $n }
      set exact_priority {reset_n rst_n resetb rstb resetn rstn areset_n arst_n reset rst areset arst}
      foreach p $exact_priority {
        if {[dict exists $lower_map $p]} { return [dict get $lower_map $p] }
      }
      foreach n $names {
        set ln [string tolower $n]
        if {[regexp {(^|_)reset(_|$)} $ln] || [regexp {(^|_)rst(_|$)} $ln]} {
          return $n
        }
      }
    }
  }
  return ""
}
% 
% # ---- Read config from environment ----
% if {![info exists ::env(DESIGN_ID)] || $::env(DESIGN_ID) eq ""} {
  puts "ERROR: DESIGN_ID not set."
  exit 2
}
% if {![info exists ::env(JG_DESIGN)] || $::env(JG_DESIGN) eq ""} {
  puts "ERROR: JG_DESIGN not set."
  exit 2
}
% if {![info exists ::env(JG_SVA)] || $::env(JG_SVA) eq ""} {
  puts "ERROR: JG_SVA not set."
  exit 2
}
% 
% set DESIGN_ID $::env(DESIGN_ID)
02721
% 
% # JG_TOP is optional: if missing, infer from RTL
% set TOP ""
% if {[info exists ::env(JG_TOP)] && $::env(JG_TOP) ne ""} {
  set TOP $::env(JG_TOP)
}
% 
% set STD      [expr {[info exists ::env(JG_STD)] ? $::env(JG_STD) : "sv12"}]
sv12
% set INCDIRS  [expr {[info exists ::env(JG_INCDIRS)] ? [split_env_list $::env(JG_INCDIRS)] : {}}]
% # Defines should be space-separated (do NOT split on ':')
% set DEFINES  [expr {[info exists ::env(JG_DEFINES)] ? [split_space_list $::env(JG_DEFINES)] : {}}]
% set NO_CLOCK [expr {[info exists ::env(JG_NO_CLOCK)] ? $::env(JG_NO_CLOCK) : 0}]
1
% 
% # JG_DESIGN/JG_SVA can be:
% # - a directory
% # - a single file
% # - a list of files/dirs separated by spaces/colons
% set DESIGN_INPUTS [split_env_list $::env(JG_DESIGN)]
./02721/module.v
% set SVA_INPUTS    [split_env_list $::env(JG_SVA)]
./02721/sva.sv
% 
% set DESIGN_FILES {}
% foreach p $DESIGN_INPUTS { set DESIGN_FILES [concat $DESIGN_FILES [collect_files_any $p]] }
% 
% # Infer TOP if not provided
% if {$TOP eq ""} {
  foreach f $DESIGN_FILES {
    set guess [infer_top_from_file $f]
    if {$guess ne ""} { set TOP $guess; break }
  }
  if {$TOP eq ""} {
    puts "ERROR: Could not infer TOP from design files; set JG_TOP explicitly."
    exit 2
  }
}
% puts "INFO: Using TOP = $TOP"
INFO: Using TOP = data_generator
% 
% set SVA_FILES {}
% foreach p $SVA_INPUTS { set SVA_FILES [concat $SVA_FILES [collect_files_any $p]] }
% 
% # ---- Output dir ----
% set OUT_DIR [file join "verification_results" $DESIGN_ID]
verification_results/02721
% file mkdir $OUT_DIR
% set PROP_LIST_TXT [file join $OUT_DIR "property_list.txt"]
verification_results/02721/property_list.txt
% set SUMMARY_TXT   [file join $OUT_DIR "summary.txt"]
verification_results/02721/summary.txt
% 
% puts "INFO: Verification run starting"
INFO: Verification run starting
% puts "  DESIGN_ID : $DESIGN_ID"
  DESIGN_ID : 02721
% puts "  TOP       : $TOP"
  TOP       : data_generator
% puts "  STD       : $STD"
  STD       : sv12
% puts "  INCDIRS   : $INCDIRS"
  INCDIRS   : 
% puts "  DEFINES   : $DEFINES"
  DEFINES   : 
% puts "  NO_CLOCK  : $NO_CLOCK"
  NO_CLOCK  : 1
% puts "  N_DESIGN  : [llength $DESIGN_FILES]"
  N_DESIGN  : 1
% puts "  N_SVA     : [llength $SVA_FILES]"
  N_SVA     : 1
% puts "  OUT_DIR   : $OUT_DIR"
  OUT_DIR   : verification_results/02721
% 
% # Optional: promote common message groups to errors (best-effort)
% if {[llength [info commands set_msg_config]]} {
  set_msg_config -id COMP*  -severity error
  set_msg_config -id PARSE* -severity error
  set_msg_config -id ELAB*  -severity error
}
% 
% # ---- Build analyze options ----
% set analyze_opts [list analyze -$STD]
analyze -sv12
% if {[llength $INCDIRS] > 0} { lappend analyze_opts -incdir $INCDIRS }
% if {[llength $DEFINES] > 0} {
  foreach d $DEFINES { lappend analyze_opts -define $d }
}
% 
% # ---- Analyze + Elaborate ----
% set err 0
0
% puts "DEBUG: DESIGN_FILES = $DESIGN_FILES"
DEBUG: DESIGN_FILES = ./02721/module.v
% puts "DEBUG: SVA_FILES    = $SVA_FILES"
DEBUG: SVA_FILES    = ./02721/sva.sv
% 
% if {[catch {eval $analyze_opts $DESIGN_FILES} msg]} {
  puts "ERROR: analyze design failed:\n$msg"
  set err 1
}
[-- (VERI-1482)] Analyzing Verilog file '/scratch/gpfs/LICENSED/x86_64/cadence-20210126/jasper_2021.03/lib/verilog/packages/std/std.sv' into library 'std'
[-- (VERI-1482)] Analyzing Verilog file './02721/module.v'
% if {!$err && [catch {eval $analyze_opts $SVA_FILES} msg2]} {
  puts "ERROR: analyze SVA failed:\n$msg2"
  set err 1
}
[-- (VERI-1482)] Analyzing Verilog file './02721/sva.sv'
% 
% puts "DEBUG: Elaborating TOP='$TOP'"
DEBUG: Elaborating TOP='data_generator'
% if {!$err && [catch {elaborate -top $TOP} emsg]} {
  puts "ERROR: elaborate failed:\n$emsg"
  set err 1
}
INFO (ISW003): Top module name is "data_generator".
[INFO (HIER-8002)] ./02721/module.v(27): Disabling old hierarchical reference handler
[INFO (VERI-1018)] ./02721/sva.sv(2): compiling module 'data_generator_sva'
[WARN (VERI-1060)] ./02721/sva.sv(16): 'initial' construct ignored
[WARN (VERI-1796)] ./02721/sva.sv(20): system function call isunknown with non-constant argument is not synthesizable
[INFO (VERI-1018)] ./02721/module.v(1): compiling module 'data_generator'
[WARN (VERI-1060)] ./02721/module.v(9): 'initial' construct ignored
[WARN (VERI-1060)] ./02721/module.v(12): 'initial' construct ignored
[WARN (VERI-1060)] ./02721/module.v(15): 'initial' construct ignored
INFO (INL208): Elaboration synthesis summary:
  Number of synthesized netlists          3 (1 packages)
  Single run mode                         On
  Pipeline                                On (2 pipelined netlists)
  Late hierarchical reference connection  On
  Number of analyzed Verilog modules      3 (3 synthesized)
  Number of analyzed VHDL entities        0 (0 synthesized)
INFO (INL003): Clearing all state information (assumes, stopats, and so forth).
[<embedded>] % 
[<embedded>] % # If combinational / event-driven, you can force "no clock"
[<embedded>] % if {!$err && $NO_CLOCK} {
  catch { clock -none }
}
INFO (ICK008): Enabling clock-free environment.
0
[<embedded>] % 
[<embedded>] % if {$err} {
  puts "\n❌ FAILED: compile/elab errors"
  exit 1
}
[<embedded>] % 
[<embedded>] % # ---- Reset -----
[<embedded>] % set RESET_SIG ""
[<embedded>] % set RESET_EXPR ""
[<embedded>] % if {[info exists ::env(JG_RESET_EXPR)] && $::env(JG_RESET_EXPR) ne ""} {
  set RESET_EXPR $::env(JG_RESET_EXPR)
} elseif {[info exists ::env(JG_RESET)] && $::env(JG_RESET) ne ""} {
  set RESET_SIG $::env(JG_RESET)
} else {
  set RESET_SIG [find_reset_signal $TOP $DESIGN_FILES]
}
[<embedded>] % 
[<embedded>] % if {$RESET_EXPR ne ""} {
  puts "INFO: Using reset expression: $RESET_EXPR"
  catch { reset -expression $RESET_EXPR }
} elseif {$RESET_SIG ne ""} {
  if {[regexp -nocase {(_n|_b)$} $RESET_SIG]} {
    set RESET_EXPR "!$RESET_SIG"
    puts "INFO: Using active-low reset expression: $RESET_EXPR"
    catch { reset -expression $RESET_EXPR }
  } else {
    puts "INFO: Using reset signal: $RESET_SIG"
    catch { reset $RESET_SIG }
  }
} else {
  puts "INFO: No reset signal found; using reset -none"
  catch { reset -none }
}
INFO: No reset signal found; using reset -none
INFO (IPM031): Clearing proof results of all properties.
0
[<embedded>] % 
[<embedded>] % # ---- Property discovery (bind sanity check) ----
[<embedded>] % set ASSERTS {}
[<embedded>] % set COVERS  {}
[<embedded>] % catch { set ASSERTS [assert -list -silent] }
0
[<embedded>] % catch { set COVERS  [cover  -list -silent] }
0
[<embedded>] % 
[<embedded>] % puts "INFO: Found [llength $ASSERTS] asserts, [llength $COVERS] covers"
INFO: Found 14 asserts, 17 covers
[<embedded>] % 
[<embedded>] % # Write property names
[<embedded>] % set fp [open $PROP_LIST_TXT "w"]
file41
[<embedded>] % puts $fp "ASSERT PROPERTIES:"
[<embedded>] % foreach a $ASSERTS { puts $fp $a }
[<embedded>] % puts $fp ""
[<embedded>] % puts $fp "COVER PROPERTIES:"
[<embedded>] % foreach c $COVERS { puts $fp $c }
[<embedded>] % close $fp
[<embedded>] % 
[<embedded>] % if {[llength $ASSERTS] == 0 && [llength $COVERS] == 0} {
  puts "\n❌ FAILED: No properties found (bind likely didn't attach, or wrong TOP)"
  exit 3
}
[<embedded>] % 
[<embedded>] % # ---- Prove all assertions ----
[<embedded>] % # 3600 seconds = 1 hour timeout per property (adjust as needed)
[<embedded>] % set_prove_time_limit 3600
[<embedded>] % puts "INFO: Running prove -all"
INFO: Running prove -all
[<embedded>] % if {[catch { prove -all } pmsg]} {
  puts "ERROR: prove command failed:\n$pmsg"
  exit 4
}
Ncustom1: Custom engine code is hT3Ng7hPPfiYQOTDZ3qhYOwGAM51eA+J/FjkM5shLioAsqhgLR4Ft+O1BuKG6ilQ83B9tLXSl+CwjiTMAQA
AMcustom2: Custom engine code is hT3Ng7hP/feYQOTDZ3qhYOwGAM51eA+J/FjkM5shLioAsqhgLR4Ft+O1BuKG6ilQ83B9tLXSmmqwm7g9AQA
INFO (IPF036): Starting proof on task: "<embedded>", 31 properties to prove with 0 already proven/unreachable
INFO (IRS029): Starting reset analysis: phase 1 of 4.
INFO (IRS030): Running reset analysis: phase 2 of 4.
INFO (IRS031): Running reset analysis: phase 3 of 4.
INFO (IRS020): Starting the reset analysis simulation with a limit of 100 iterations (phase 4 of 4).
INFO (IRS024): Reset iterations 0 to 3 analyzed.
INFO (IRS018): Reset analysis simulation executed for 2 iterations. Assigned values for 0 of 769 design flops, 0 of 0 design latches, 798 of 198972 internal elements.
INFO (IRS039): Reset analysis complete.
INFO (IPF031): Settings used for proof thread 0:
    orchestration                 = on (auto)
    time_limit                    = 3600s
    per_property_time_limit       = 1s * 10 ^ scan
    engine_mode                   = auto
    proofgrid_per_engine_max_jobs = 1
    max engine jobs               = auto
    proofgrid_mode                = local
    proofgrid_restarts            = 10
AMcustom3: Custom engine code is hT3NE7hP/2Fz2XrVSbG0RDiSlOmcEY54dTxWvdDsI3//MxFcPzdQEJVlimlZshtLUKCpt0qXHu9EQAivsvCTP5Pi2s9EBccXnc85FrzRRX45WcXC5XpA9kyHdIYmOxUqsRrN5ntdfkwHRnO7f82Dn4pCsne09HV19Yd/o8VzV0c8nka+2MMhbNDEdLGC4SmTi8oNy00Nn40QJnMevDlPY3jIAQA
Ncustom4: Custom engine code is hT3OXrhPByJp3TrFSTLhUmMH4KVtJgmTCnNDF46yMXOKY48m4LS5nE7yBzFjA7kDuwO/GhGUpEPiky3p3wmPn3dJZHxFMsafSoObRzSC+tn7sEY0WbTdZ/FV4hL3MYH/b1CIUvXSWR4wqEoVLsmMOD4xIPT4lI1LO6ZCO7PnnWQuLwetnvKlrXx6wCW/A+x+enqslg1YPobi4wEF/EvbzOvcTYdJvl2s4H2yZg2b2ofAVN5WvhWk1HoBAA
Ncustom5: Custom engine code is hT3NR7hPByFp3TrFSTLhUmMH4KWtJglTyV/c51BHEeZWamnJv767nE6PCak26bd3gf3XGN3rIRheufhDieCJQVISo+gNYUKhiUedBKGtsP/a18svAnlMJZudHxDFwK5ufsyoxsIyiAeSY2oi3tEuoDHr5gw42DFKAG3PqO3CEsl8Azzdt3pl5nGA1Ifv2H02eYsFzWb/nfp8PMb3F0krE/EgBcm8TD9Div8BAA
Tricustom6: Custom engine code is hT3Nu7hP3fiYQADBZnYcglNHp9bfd7EOeniIqP/ji8sGLQu8yhsFO+wxJ+O+R0bU8g/IewXFomyos+viQnWc2xYNYmMqpo3i40O7DaZR7qfp4YqNx26KRvQ/qx0BAA
0.0.PRE: A proof was found: No trace exists. [0.00 s]
INFO (IPF057): 0.0.PRE: The property "data_generator.data_generator_sva_i.a_known" was proven in 0.00 s.
0.0.PRE: A proof was found: No trace exists. [0.00 s]
INFO (IPF057): 0.0.PRE: The property "data_generator.data_generator_sva_i.a_d1_def" was proven in 0.00 s.
0.0.PRE: A proof was found: No trace exists. [0.00 s]
INFO (IPF057): 0.0.PRE: The property "data_generator.data_generator_sva_i.a_d2_def" was proven in 0.00 s.
0: Found proofs for 3 properties in preprocessing
0: Using multistage preprocessing
0: Starting reduce
0: Finished reduce in 0.348s
0.0.PRE: Performing Proof Simplification...
0.0.N: clocks: 2, declared: 1, disabling: 0, posedge: 2, negedge: 0, noedge: 0, bothedge: 0
0.0.N: Proof Simplification Iteration 1	[0.00 s]
0.0.PRE: A proof was found: No trace exists. [0.00 s]
INFO (IPF057): 0.0.PRE: The property ":noDeadEnd" was proven in 0.00 s.
    Use check_assumptions -show -dead_end to show this property in the property table.
0.0.PRE: A proof was found: No trace exists. [0.00 s]
INFO (IPF057): 0.0.PRE: The property ":noConflict" was proven in 0.00 s.
    Use check_assumptions -show to show this property in the property table.
INFO (IPF047): 0.0.PRE: The cover property ":live" was covered in 1 cycles in 0.00 s.
    Use check_assumptions -show -live to show this property in the property table.
0.0.PRE: Proof Simplification completed in 1.32 s
0: About to start ProofGrid in its own thread with a limit of 10000 pending notifications and a limit of 10 traces.
0: =============================== ProofGrid start ===============================
0: ProofGrid usable level: 28
0: ProofGrid is starting event handling
0.0.Hp: Proofgrid shell started at 1384003@della-r3c3n3(local) jg_1383747_della-r3c3n3_1
0.0.N: Proofgrid shell started at 1384002@della-r3c3n3(local) jg_1383747_della-r3c3n3_1
0.0.Hp: OS RSS memory limit : 17179869184 / 17179869184
0.0.N: OS RSS memory limit : 17179869184 / 17179869184
0.0.Hp: clocks: 1, declared: 1, disabling: 0, posedge: 1, negedge: 0, noedge: 0, bothedge: 0
0.0.N: clocks: 1, declared: 1, disabling: 0, posedge: 1, negedge: 0, noedge: 0, bothedge: 0
0.0.N: Next scan (0) will use per property time limit: 1s * 10 ^ 0 = 1s
0.0.N: Starting proof for property "data_generator.data_generator_sva_i.a_known:precondition1"	[0.00 s].
0.0.N: Trace Attempt  1	[0.01 s]
0.0.Ht: Proofgrid shell started at 1384016@della-r3c3n3(local) jg_1383747_della-r3c3n3_1
0.0.Ht: OS RSS memory limit : 17179869184 / 17179869184
0.0.B: Proofgrid shell started at 1384017@della-r3c3n3(local) jg_1383747_della-r3c3n3_1
0.0.B: OS RSS memory limit : 17179869184 / 17179869184
0.0.N: A trace with 1 cycles was found. [0.01 s]
INFO (IPF047): 0.0.N: The cover property "data_generator.data_generator_sva_i.a_known:precondition1" was covered in 1 cycles in 0.56 s.
INFO (IPF047): 0.0.N: The cover property "data_generator.data_generator_sva_i.a_hold_r1:precondition1" was covered in 1 cycles in 0.56 s by the incidental trace "data_generator.data_generator_sva_i.a_known:precondition1".
INFO (IPF047): 0.0.N: The cover property "data_generator.data_generator_sva_i.a_hold_r2:precondition1" was covered in 1 cycles in 0.56 s by the incidental trace "data_generator.data_generator_sva_i.a_known:precondition1".
INFO (IPF047): 0.0.N: The cover property "data_generator.data_generator_sva_i.a_hold_r3:precondition1" was covered in 1 cycles in 0.56 s by the incidental trace "data_generator.data_generator_sva_i.a_known:precondition1".
INFO (IPF047): 0.0.N: The cover property "data_generator.data_generator_sva_i.c_d1_0" was covered in 1 cycles in 0.56 s by the incidental trace "data_generator.data_generator_sva_i.a_known:precondition1".
INFO (IPF047): 0.0.N: The cover property "data_generator.data_generator_sva_i.c_d2_0" was covered in 1 cycles in 0.56 s by the incidental trace "data_generator.data_generator_sva_i.a_known:precondition1".
0: ProofGrid usable level: 22
0.0.N: Stopped processing property "data_generator.data_generator_sva_i.a_known:precondition1"	[0.59 s].
0.0.Ht: clocks: 1, declared: 1, disabling: 0, posedge: 1, negedge: 0, noedge: 0, bothedge: 0
0.0.B: clocks: 1, declared: 1, disabling: 0, posedge: 1, negedge: 0, noedge: 0, bothedge: 0
0.0.N: Starting proof for property "data_generator.data_generator_sva_i.a_hold_r1"	[0.00 s].
0.0.N: Trace Attempt  1	[0.00 s]
0.0.N: A trace with 1 cycles was found. [0.01 s]
INFO (IPF055): 0.0.N: A counterexample (cex) with 1 cycles was found for the property "data_generator.data_generator_sva_i.a_hold_r1" in 0.41 s.
INFO (IPF055): 0.0.N: A counterexample (cex) with 1 cycles was found for the property "data_generator.data_generator_sva_i.a_pop_r1" in 0.41 s by the incidental trace "data_generator.data_generator_sva_i.a_hold_r1".
0.0.B: Next scan (0) will use per property time limit: 1s * 10 ^ 0 = 1s
0.0.B: Starting proof for property "data_generator.data_generator_sva_i.a_hold_r1"	[0.00 s].
0.0.B: Trace Attempt  1	[0.01 s]
0.0.B: A trace with 1 cycles was found. [0.01 s]
INFO (IPF047): 0.0.B: The cover property "data_generator.data_generator_sva_i.c_d1_1" was covered in 1 cycles in 0.27 s by the incidental trace "data_generator.data_generator_sva_i.c_d1_1".
0.0.N: Stopped processing property "data_generator.data_generator_sva_i.a_hold_r1"	[0.74 s].
0.0.N: Starting proof for property "data_generator.data_generator_sva_i.a_hold_r2"	[0.00 s].
0.0.N: Trace Attempt  1	[0.00 s]
0.0.N: A trace with 1 cycles was found. [0.01 s]
INFO (IPF055): 0.0.N: A counterexample (cex) with 1 cycles was found for the property "data_generator.data_generator_sva_i.a_hold_r2" in 0.28 s.
INFO (IPF055): 0.0.N: A counterexample (cex) with 1 cycles was found for the property "data_generator.data_generator_sva_i.a_pop_r2" in 0.28 s by the incidental trace "data_generator.data_generator_sva_i.a_hold_r2".
0.0.Hp: Trace Attempt  1	[1.04 s]
0.0.Hp: A trace with 1 cycles was found. [1.05 s]
INFO (IPF055): 0.0.Hp: A counterexample (cex) with 1 cycles was found for the property "data_generator.data_generator_sva_i.a_pop_r3" in 1.91 s.
0: ProofGrid usable level: 16
0.0.Ht: Trace Attempt  1	[0.94 s]
0.0.B: Stopped processing property "data_generator.data_generator_sva_i.a_hold_r1"	[0.84 s].
0.0.B: Starting proof for property "data_generator.data_generator_sva_i.a_hold_r2"	[0.00 s].
0.0.B: Trace Attempt  1	[0.01 s]
0.0.B: A trace with 1 cycles was found. [0.02 s]
INFO (IPF047): 0.0.B: The cover property "data_generator.data_generator_sva_i.c_d2_1" was covered in 1 cycles in 0.25 s by the incidental trace "data_generator.data_generator_sva_i.c_d2_1".
0.0.N: Stopped processing property "data_generator.data_generator_sva_i.a_hold_r2"	[0.84 s].
0.0.N: Starting proof for property "data_generator.data_generator_sva_i.a_hold_r3"	[0.00 s].
0.0.N: Trace Attempt  1	[0.00 s]
0.0.N: A trace with 1 cycles was found. [0.01 s]
INFO (IPF055): 0.0.N: A counterexample (cex) with 1 cycles was found for the property "data_generator.data_generator_sva_i.a_hold_r3" in 0.42 s.
0.0.N: Stopped processing property "data_generator.data_generator_sva_i.a_hold_r3"	[0.48 s].
0.0.B: Stopped processing property "data_generator.data_generator_sva_i.a_hold_r2"	[0.77 s].
0.0.B: Starting proof for property "data_generator.data_generator_sva_i.a_hold_r3"	[0.00 s].
0.0.B: Trace Attempt  1	[0.01 s]
0.0.B: Stopped processing property "data_generator.data_generator_sva_i.a_hold_r3"	[0.00 s].
0.0.B: Starting proof for property "data_generator.data_generator_sva_i.a_rot_r1"	[0.00 s].
0.0.N: Starting proof for property "data_generator.data_generator_sva_i.a_rot_r1"	[0.00 s].
0.0.N: Trace Attempt  1	[0.00 s]
0.0.N: A trace with 1 cycles was found. [0.01 s]
INFO (IPF055): 0.0.N: A counterexample (cex) with 1 cycles was found for the property "data_generator.data_generator_sva_i.a_rot_r1" in 0.31 s.
INFO (IPF047): 0.0.N: The cover property "data_generator.data_generator_sva_i.a_rot_r1:precondition1" was covered in 1 cycles in 0.31 s by the incidental trace "data_generator.data_generator_sva_i.a_rot_r1".
INFO (IPF047): 0.0.N: The cover property "data_generator.data_generator_sva_i.a_rot_r2:precondition1" was covered in 1 cycles in 0.31 s by the incidental trace "data_generator.data_generator_sva_i.a_rot_r1".
INFO (IPF047): 0.0.N: The cover property "data_generator.data_generator_sva_i.a_rot_r3:precondition1" was covered in 1 cycles in 0.31 s by the incidental trace "data_generator.data_generator_sva_i.a_rot_r1".
INFO (IPF047): 0.0.N: The cover property "data_generator.data_generator_sva_i.a_d1_next:precondition1" was covered in 1 cycles in 0.31 s by the incidental trace "data_generator.data_generator_sva_i.a_rot_r1".
INFO (IPF047): 0.0.N: The cover property "data_generator.data_generator_sva_i.a_d2_next:precondition1" was covered in 1 cycles in 0.31 s by the incidental trace "data_generator.data_generator_sva_i.a_rot_r1".
0: ProofGrid usable level: 8
0.0.Hp: A trace with 1 cycles was found. [1.76 s]
INFO (IPF055): 0.0.Hp: A counterexample (cex) with 1 cycles was found for the property "data_generator.data_generator_sva_i.a_rot_r2" in 3.35 s.
INFO (IPF055): 0.0.Hp: A counterexample (cex) with 1 cycles was found for the property "data_generator.data_generator_sva_i.a_rot_r3" in 3.35 s.
INFO (IPF055): 0.0.Hp: A counterexample (cex) with 1 cycles was found for the property "data_generator.data_generator_sva_i.a_d1_next" in 3.35 s.
INFO (IPF055): 0.0.Hp: A counterexample (cex) with 1 cycles was found for the property "data_generator.data_generator_sva_i.a_d2_next" in 3.35 s.
0.0.B: Trace Attempt  1	[0.01 s]
0.0.N: Stopped processing property "data_generator.data_generator_sva_i.a_rot_r1"	[0.68 s].
0.0.N: Starting proof for property "data_generator.data_generator_sva_i.a_rot_r2"	[0.00 s].
0.0.N: Trace Attempt  1	[0.00 s]
0.0.Ht: Trace Attempt  2	[2.49 s]
0.0.Ht: Trace Attempt  3	[2.49 s]
0.0.Ht: Trace Attempt  4	[2.49 s]
0.0.Ht: Trace Attempt  5	[2.49 s]
0.0.B: Stopped processing property "data_generator.data_generator_sva_i.a_rot_r1"	[0.69 s].
0.0.B: Starting proof for property "data_generator.data_generator_sva_i.a_rot_r2"	[0.00 s].
0.0.B: Trace Attempt  1	[0.01 s]
0.0.N: Stopped processing property "data_generator.data_generator_sva_i.a_rot_r2"	[0.01 s].
0.0.N: Starting proof for property "data_generator.data_generator_sva_i.c_ce_toggle"	[0.00 s].
0.0.N: Trace Attempt  1	[0.00 s]
0.0.N: A max_length bound was found. The shortest trace is no longer than 8 cycles. [0.00 s]
INFO (IPF008): 0.0.N: A max_length bound of 8 was found for the property "data_generator.data_generator_sva_i.c_ce_toggle" in 0.00 s.
0.0.N: Trace Attempt  2	[0.04 s]
0.0.N: Trace Attempt  2	[0.05 s]
0.0.N: Trace Attempt  3	[0.07 s]
0.0.N: Trace Attempt  4	[0.07 s]
0.0.N: Trace Attempt  4	[0.07 s]
0.0.N: Trace Attempt  5	[0.08 s]
0.0.N: Trace Attempt  5	[0.09 s]
0.0.N: A trace with 5 cycles was found. [0.09 s]
INFO (IPF047): 0.0.N: The cover property "data_generator.data_generator_sva_i.c_ce_toggle" was covered in 5 cycles in 0.58 s.
0: ProofGrid usable level: 3
0.0.B: Stopped processing property "data_generator.data_generator_sva_i.a_rot_r2"	[0.65 s].
0.0.B: Starting proof for property "data_generator.data_generator_sva_i.c_ce_toggle"	[0.00 s].
0.0.B: Trace Attempt  1	[0.02 s]
0.0.B: Trace Attempt  2	[0.02 s]
0.0.B: Trace Attempt  3	[0.02 s]
0.0.B: Trace Attempt  4	[0.02 s]
0.0.B: Trace Attempt  5	[0.02 s]
0.0.N: Stopped processing property "data_generator.data_generator_sva_i.c_ce_toggle"	[0.65 s].
0.0.N: Starting proof for property "data_generator.data_generator_sva_i.c_wrap_r1"	[0.00 s].
0.0.N: Trace Attempt  1	[0.06 s]
0.0.N: Trace Attempt  2	[0.09 s]
0.0.N: Trace Attempt  2	[0.30 s]
0.0.B: Stopped processing property "data_generator.data_generator_sva_i.c_ce_toggle"	[0.01 s].
0.0.B: Starting proof for property "data_generator.data_generator_sva_i.c_wrap_r1"	[0.00 s].
0.0.N: Trace Attempt  3	[0.60 s]
0.0.N: Trace Attempt  4	[0.60 s]
0.0.B: Trace Attempt  1	[0.31 s]
0.0.N: Trace Attempt  4	[1.08 s]
0.0.N: Per property time limit expired (1.00 s) [1.17 s]
0.0.N: Stopped processing property "data_generator.data_generator_sva_i.c_wrap_r1"	[0.16 s].
0.0.N: Starting proof for property "data_generator.data_generator_sva_i.c_wrap_r2"	[0.00 s].
0.0.N: Trace Attempt  1	[0.03 s]
0.0.N: Trace Attempt  2	[0.05 s]
0.0.B: Trace Attempt  2	[0.97 s]
0.0.N: Trace Attempt  2	[0.15 s]
0.0.N: Trace Attempt  3	[0.29 s]
0.0.N: Trace Attempt  4	[0.29 s]
0.0.N: Trace Attempt  4	[0.69 s]
0.0.B: Stopped processing property "data_generator.data_generator_sva_i.c_wrap_r1"	[0.96 s].
0.0.B: Starting proof for property "data_generator.data_generator_sva_i.c_wrap_r2"	[0.00 s].
0.0.N: Trace Attempt  5	[0.93 s]
0.0.B: Trace Attempt  1	[0.13 s]
0.0.N: Trace Attempt  8	[0.93 s]
0.0.N: Per property time limit expired (1.00 s) [1.05 s]
0.0.N: Stopped processing property "data_generator.data_generator_sva_i.c_wrap_r2"	[1.05 s].
0.0.N: Starting proof for property "data_generator.data_generator_sva_i.c_wrap_r3"	[0.00 s].
0.0.N: Trace Attempt  1	[0.02 s]
0.0.N: Trace Attempt  2	[0.04 s]
0.0.N: Trace Attempt  2	[0.12 s]
0.0.B: Stopped processing property "data_generator.data_generator_sva_i.c_wrap_r2"	[0.40 s].
0.0.B: Starting proof for property "data_generator.data_generator_sva_i.c_wrap_r3"	[0.00 s].
0.0.N: Trace Attempt  3	[0.21 s]
0.0.N: Trace Attempt  4	[0.21 s]
0.0.B: Trace Attempt  1	[0.11 s]
0.0.N: Trace Attempt  4	[0.38 s]
0.0.B: Trace Attempt  2	[0.39 s]
0.0.N: Trace Attempt  5	[0.62 s]
0.0.B: Trace Attempt  3	[0.68 s]
0.0.B: Trace Attempt  4	[0.97 s]
0.0.N: Trace Attempt  8	[0.94 s]
0.0.N: Per property time limit expired (1.00 s) [1.15 s]
0.0.N: Stopped processing property "data_generator.data_generator_sva_i.c_wrap_r3"	[1.15 s].
0.0.N: Next scan (1) will use per property time limit: 1s * 10 ^ 1 = 10s
0.0.N: Starting proof for property "data_generator.data_generator_sva_i.c_wrap_r1"	[0.00 s].
0.0.N: Trace Attempt  4	[0.15 s]
0.0.B: Stopped processing property "data_generator.data_generator_sva_i.c_wrap_r3"	[1.25 s].
0.0.B: Next scan (1) will use per property time limit: 1s * 10 ^ 1 = 10s
0.0.B: Starting proof for property "data_generator.data_generator_sva_i.c_wrap_r1"	[0.00 s].
0.0.Ht: Trace Attempt 293	[6.62 s]
0.0.B: Trace Attempt  1	[0.10 s]
0.0.N: Trace Attempt  5	[0.38 s]
0.0.B: Trace Attempt  2	[0.37 s]
0.0.B: Trace Attempt  3	[0.66 s]
0.0.B: Trace Attempt  4	[0.94 s]
0.0.B: Trace Attempt  5	[1.21 s]
0.0.N: Trace Attempt 20	[4.70 s]
0.0.B: Trace Attempt 19	[5.37 s]
0.0.N: Trace Attempt 28	[9.69 s]
0.0.B: Trace Attempt 30	[9.49 s]
0.0.N: Per property time limit expired (10.00 s) [10.40 s]
0.0.N: Stopped processing property "data_generator.data_generator_sva_i.c_wrap_r1"	[10.40 s].
0.0.N: Starting proof for property "data_generator.data_generator_sva_i.c_wrap_r2"	[0.00 s].
0.0.B: Trace Attempt 31	[9.91 s]
0.0.B: Per property time limit expired (10.00 s) [10.50 s]
0.0.B: Stopped processing property "data_generator.data_generator_sva_i.c_wrap_r1"	[10.50 s].
0.0.B: Starting proof for property "data_generator.data_generator_sva_i.c_wrap_r2"	[0.00 s].
0.0.B: Trace Attempt  1	[0.10 s]
0.0.B: Trace Attempt  2	[0.36 s]
0.0.B: Trace Attempt  3	[0.65 s]
0.0.B: Trace Attempt  4	[0.93 s]
0.0.B: Trace Attempt  5	[1.20 s]
0.0.Ht: Trace Attempt 294	[20.53 s]
0.0.B: Trace Attempt 19	[5.38 s]
0.0.Ht: Trace Attempt 311	[24.59 s]
0.0.B: Trace Attempt 30	[9.51 s]
0.0.N: Trace Attempt 28	[9.28 s]
0.0.N: Per property time limit expired (10.00 s) [10.42 s]
0.0.N: Stopped processing property "data_generator.data_generator_sva_i.c_wrap_r2"	[10.42 s].
0.0.N: Starting proof for property "data_generator.data_generator_sva_i.c_wrap_r3"	[0.00 s].
0.0.N: Trace Attempt  8	[0.30 s]
0.0.B: Stopped processing property "data_generator.data_generator_sva_i.c_wrap_r2"	[10.52 s].
0.0.B: Starting proof for property "data_generator.data_generator_sva_i.c_wrap_r3"	[0.00 s].
0.0.B: Trace Attempt  1	[0.10 s]
0.0.B: Trace Attempt  2	[0.37 s]
0.0.B: Trace Attempt  3	[0.65 s]
0.0.B: Trace Attempt  4	[0.94 s]
0.0.B: Trace Attempt  5	[1.21 s]
0.0.N: Trace Attempt 21	[5.36 s]
0.0.B: Trace Attempt 19	[5.44 s]
0.0.Ht: Trace Attempt 315	[35.22 s]
0.0.B: Trace Attempt 30	[9.59 s]
0.0.N: Trace Attempt 28	[9.23 s]
0.0.N: Per property time limit expired (10.00 s) [10.39 s]
0.0.N: Stopped processing property "data_generator.data_generator_sva_i.c_wrap_r3"	[10.40 s].
0.0.N: Next scan (2) will use per property time limit: 1s * 10 ^ 2 = 100s
0.0.N: Starting proof for property "data_generator.data_generator_sva_i.c_wrap_r1"	[0.00 s].
0.0.B: Stopped processing property "data_generator.data_generator_sva_i.c_wrap_r3"	[10.60 s].
0.0.B: Next scan (2) will use per property time limit: 1s * 10 ^ 2 = 100s
0.0.B: Starting proof for property "data_generator.data_generator_sva_i.c_wrap_r1"	[0.00 s].
0.0.B: Trace Attempt  1	[0.10 s]
0.0.B: Trace Attempt  2	[0.36 s]
0.0.B: Trace Attempt  3	[0.64 s]
0.0.N: Trace Attempt 28	[1.35 s]
0.0.B: Trace Attempt  4	[0.92 s]
0.0.B: Trace Attempt  5	[1.19 s]
0.0.Ht: Trace Attempt 329	[41.45 s]
0.0.B: Trace Attempt 19	[5.34 s]
0.0.N: Trace Attempt 33	[6.83 s]
0.0.Ht: Trace Attempt 350	[45.52 s]
0.0.B: Trace Attempt 30	[9.45 s]
0.0.N: Trace Attempt 37	[10.89 s]
0.0.B: Trace Attempt 39	[13.57 s]
0.0.N: Trace Attempt 41	[15.58 s]
0.0.B: Trace Attempt 47	[17.93 s]
0.0.N: Trace Attempt 45	[20.98 s]
0.0.B: Trace Attempt 54	[22.44 s]
0.0.N: Trace Attempt 49	[26.58 s]
0.0.B: Trace Attempt 60	[26.75 s]
0.0.B: Trace Attempt 65	[30.91 s]
0.0.N: Trace Attempt 53	[33.09 s]
0.0.B: Trace Attempt 70	[35.11 s]
0.0.N: Trace Attempt 57	[39.78 s]
0.0.B: Trace Attempt 75	[39.66 s]
0.0.B: Trace Attempt 80	[44.60 s]
0.0.N: Trace Attempt 61	[47.37 s]
0.0.B: Trace Attempt 84	[48.92 s]
0.0.B: Trace Attempt 88	[53.53 s]
0.0.N: Trace Attempt 65	[56.72 s]
0.0.B: Trace Attempt 92	[58.70 s]
0.0.B: Trace Attempt 95	[63.18 s]
0.0.N: Trace Attempt 69	[65.64 s]
0.0.B: Trace Attempt 98	[67.93 s]
0.0.N: Trace Attempt 72	[69.72 s]
0.0.B: Trace Attempt 101	[72.59 s]
0.0.B: Trace Attempt 103	[82.96 s]
0.0.N: Trace Attempt 73	[86.62 s]
0.0.B: Trace Attempt 106	[88.66 s]
0.0.N: Trace Attempt 76	[91.36 s]
0.0.N: Per property time limit expired (100.00 s) [103.66 s]
0.0.N: Stopped processing property "data_generator.data_generator_sva_i.c_wrap_r1"	[103.82 s].
0.0.N: Starting proof for property "data_generator.data_generator_sva_i.c_wrap_r2"	[0.00 s].
0.0.Ht: Trace Attempt 359	[141.64 s]
0.0.Ht: Trace Attempt 364	[146.42 s]
0.0.B: Trace Attempt 108	[91.97 s]
0.0.B: Per property time limit expired (100.00 s) [113.11 s]
0.0.B: Stopped processing property "data_generator.data_generator_sva_i.c_wrap_r1"	[113.19 s].
0.0.B: Starting proof for property "data_generator.data_generator_sva_i.c_wrap_r2"	[0.00 s].
0.0.B: Trace Attempt  1	[0.88 s]
0.0.B: Trace Attempt  2	[1.31 s]
0.0.B: Trace Attempt  3	[1.93 s]
0.0.B: Trace Attempt  4	[2.58 s]
0.0.B: Trace Attempt  5	[3.11 s]
0.0.B: Trace Attempt 14	[7.23 s]
0.0.B: Trace Attempt 21	[11.70 s]
0.0.B: Trace Attempt 31	[15.92 s]
0.0.B: Trace Attempt 36	[19.95 s]
0.0.B: Trace Attempt 37	[24.51 s]
0.0.Hp: Terminated by signal SIGKILL (@ 179.05 s)
0.0.Hp: Engine should be restarted (starts=1, unexpected_terminations=1)
   Last recorded RSS memory usage: 7.90234 MiB
   Last recorded free memory: 117.774 MiB out of 186.894 MiB
0.0.Hp: Restarting engine (local)
0.0.Hp: Proofgrid shell started at 1385364@della-r3c3n3(local) jg_1383747_della-r3c3n3_1
0.0.Hp: OS RSS memory limit : 17179869184 / 17179869184
0.0.Hp: clocks: 1, declared: 1, disabling: 0, posedge: 1, negedge: 0, noedge: 0, bothedge: 0
0.0.B: Trace Attempt 38	[38.04 s]
0.0.B: Trace Attempt 41	[42.32 s]
0.0.B: Trace Attempt 43	[51.73 s]
0.0.B: Trace Attempt 50	[56.25 s]
0.0.B: Trace Attempt 53	[61.53 s]
0.0.B: Trace Attempt 58	[65.60 s]
0.0.B: Trace Attempt 63	[69.63 s]
0.0.B: Trace Attempt 68	[74.06 s]
0.0.B: Trace Attempt 73	[78.90 s]
0.0.B: Trace Attempt 77	[82.91 s]
0.0.B: Trace Attempt 81	[87.54 s]
0.0.N: Trace Attempt 61	[98.72 s]
0.0.N: Trace Attempt 64	[98.78 s]
0.0.N: Per property time limit expired (100.00 s) [100.19 s]
0.0.N: Stopped processing property "data_generator.data_generator_sva_i.c_wrap_r2"	[100.05 s].
0.0.N: Starting proof for property "data_generator.data_generator_sva_i.c_wrap_r3"	[0.00 s].
0.0.B: Stopped processing property "data_generator.data_generator_sva_i.c_wrap_r2"	[91.28 s].
0.0.B: Starting proof for property "data_generator.data_generator_sva_i.c_wrap_r3"	[0.00 s].
0.0.B: Trace Attempt  1	[0.55 s]
0.0.N: Trace Attempt 28	[1.91 s]
0.0.B: Trace Attempt  2	[0.81 s]
0.0.B: Trace Attempt  3	[1.10 s]
0.0.B: Stopped processing property "data_generator.data_generator_sva_i.c_wrap_r3"	[1.39 s].
0.0.B: Morphing to K
0.0.B: All properties determined. [0.00 s]
0.0.B: Exited with Success (@ 0.00 s)
0.0.N: Stopped processing property "data_generator.data_generator_sva_i.c_wrap_r3"	[2.82 s].
0.0.N: Morphing to Hts
0.0.N: All properties determined. [0.00 s]
0.0.N: Exited with Success (@ 0.00 s)
0.0.Ht: Trace Attempt 367	[246.70 s]
0.0.K: clocks: 1, declared: 1, disabling: 0, posedge: 1, negedge: 0, noedge: 0, bothedge: 0
0.0.K: Starting proof for property "data_generator.data_generator_sva_i.c_wrap_r3"	[0.00 s].
0.0.Ht: Trace Attempt 378	[250.86 s]
0.0.K: Per property time limit expired (0.88 s) [1.00 s]
0.0.K: Stopped processing property "data_generator.data_generator_sva_i.c_wrap_r3"	[1.00 s].
0.0.K: Starting proof for property "data_generator.data_generator_sva_i.c_wrap_r1"	[0.00 s].
0.0.K: Per property time limit expired (1.00 s) [1.17 s]
0.0.K: Stopped processing property "data_generator.data_generator_sva_i.c_wrap_r1"	[1.15 s].
0.0.K: Starting proof for property "data_generator.data_generator_sva_i.c_wrap_r3"	[0.00 s].
0.0.Hts: clocks: 1, declared: 1, disabling: 0, posedge: 1, negedge: 0, noedge: 0, bothedge: 0
0.0.Hts: Starting proof for property "data_generator.data_generator_sva_i.c_wrap_r3"	[0.00 s].
0.0.Hts: Trace Attempt  1	[0.20 s]
0.0.Hts: Trace Attempt  2	[0.20 s]
0.0.Hts: Trace Attempt  3	[0.20 s]
0.0.Hts: Trace Attempt  4	[0.20 s]
0.0.Hts: Trace Attempt  5	[0.20 s]
0.0.K: Trace Attempt 28	[1.40 s]
0.0.Ht: Trace Attempt 389	[255.05 s]
0.0.K: Trace Attempt  1	[3.57 s]
0.0.K: Stopped processing property "data_generator.data_generator_sva_i.c_wrap_r3"	[3.57 s].
0.0.K: Starting proof for property "data_generator.data_generator_sva_i.c_wrap_r3"	[0.00 s].
0.0.K: Trace Attempt 28	[1.42 s]
0.0.K: Per property time limit expired (2.00 s) [2.25 s]
0.0.K: Stopped processing property "data_generator.data_generator_sva_i.c_wrap_r3"	[2.25 s].
0.0.K: Starting proof for property "data_generator.data_generator_sva_i.c_wrap_r2"	[0.00 s].
0.0.Hts: Trace Attempt 389	[6.47 s]
0.0.Hts: Stopped processing property "data_generator.data_generator_sva_i.c_wrap_r3"	[6.49 s].
0.0.Hts: Morphing to AB
0.0.Hts: All properties determined. [0.00 s]
0.0.Hts: Exited with Success (@ 0.00 s)
0.0.AB: clocks: 1, declared: 1, disabling: 0, posedge: 1, negedge: 0, noedge: 0, bothedge: 0
0.0.AB: Starting proof for property "data_generator.data_generator_sva_i.c_wrap_r2"	[0.00 s].
0.0.AB: Trace Attempt  1	[0.03 s]
0.0.AB: Trace Attempt  2	[0.04 s]
0.0.AB: Trace Attempt  3	[0.04 s]
0.0.AB: Trace Attempt  4	[0.05 s]
0.0.AB: Trace Attempt  5	[0.05 s]
0.0.AB: Trace Attempt 53	[0.89 s]
0.0.AB: Per property time limit expired (0.95 s) [0.96 s]
0.0.AB: Stopped processing property "data_generator.data_generator_sva_i.c_wrap_r2"	[0.96 s].
0.0.AB: Starting proof for property "data_generator.data_generator_sva_i.c_wrap_r3"	[0.00 s].
0.0.K: Per property time limit expired (2.00 s) [2.25 s]
0.0.K: Stopped processing property "data_generator.data_generator_sva_i.c_wrap_r2"	[2.25 s].
0.0.K: Starting proof for property "data_generator.data_generator_sva_i.c_wrap_r3"	[0.00 s].
0.0.AB: Trace Attempt  1	[0.03 s]
0.0.AB: Trace Attempt  2	[0.03 s]
0.0.AB: Trace Attempt  3	[0.03 s]
0.0.AB: Trace Attempt  4	[0.04 s]
0.0.AB: Trace Attempt  5	[0.04 s]
0.0.K: Trace Attempt 28	[1.41 s]
0.0.AB: Trace Attempt 78	[5.24 s]
0.0.AB: Trace Attempt 86	[9.73 s]
0.0.AB: Trace Attempt 90	[14.22 s]
0.0.AB: Stopped processing property "data_generator.data_generator_sva_i.c_wrap_r3"	[15.16 s].
0.0.AB: Morphing to I
0.0.AB: Trace Attempt 99	[14.98 s]
0.0.AB: All properties determined. [0.00 s]
0.0.AB: Exited with Success (@ 0.00 s)
0.0.I: clocks: 1, declared: 1, disabling: 0, posedge: 1, negedge: 0, noedge: 0, bothedge: 0
0.0.I: Starting proof for property "data_generator.data_generator_sva_i.c_wrap_r2"	[0.00 s].
0.0.I: Per property time limit expired (3.97 s) [4.83 s]
0.0.I: Stopped processing property "data_generator.data_generator_sva_i.c_wrap_r2"	[4.82 s].
0.0.I: Starting proof for property "data_generator.data_generator_sva_i.c_wrap_r3"	[0.00 s].
0.0.I: Trace Attempt 25	[1.24 s]
0.0.I: Trace Attempt 26	[7.57 s]
0.0.Ht: Trace Attempt 391	[255.71 s]
0.0.Ht: Terminated by signal SIGKILL (@ 294.49 s)
0.0.Ht: Engine should be restarted (starts=1, unexpected_terminations=1)
   Last recorded RSS memory usage: 5.00799 MiB
   Last recorded free memory: 121.642 MiB out of 186.894 MiB
0.0.Ht: Restarting engine (local)
0.0.I: Trace Attempt 27	[12.84 s]
0.0.Ht: Proofgrid shell started at 1385789@della-r3c3n3(local) jg_1383747_della-r3c3n3_1
0.0.Ht: OS RSS memory limit : 17179869184 / 17179869184
0.0.Ht: clocks: 1, declared: 1, disabling: 0, posedge: 1, negedge: 0, noedge: 0, bothedge: 0
0.0.Ht: Trace Attempt  1	[0.77 s]
0.0.Ht: Trace Attempt  2	[0.78 s]
0.0.Ht: Trace Attempt  3	[0.78 s]
0.0.Ht: Trace Attempt  4	[0.78 s]
0.0.Ht: Trace Attempt  5	[0.78 s]
0.0.I: Stopped processing property "data_generator.data_generator_sva_i.c_wrap_r3"	[14.82 s].
0.0.I: Morphing to Hts
0.0.I: Trace Attempt 27	[14.13 s]
0.0.I: All properties determined. [0.00 s]
0.0.I: Exited with Success (@ 0.00 s)
0.0.Hts: Starting proof for property "data_generator.data_generator_sva_i.c_wrap_r2"	[0.00 s].
0.0.Ht: Trace Attempt 372	[4.80 s]
0.0.Hts: Trace Attempt  1	[4.34 s]
0.0.Hts: Trace Attempt  2	[4.34 s]
0.0.Hts: Trace Attempt  3	[4.34 s]
0.0.Hts: Trace Attempt  4	[4.34 s]
0.0.Hts: Trace Attempt  5	[4.34 s]
0.0.K: Trace Attempt  1	[40.15 s]
0.0.K: Stopped processing property "data_generator.data_generator_sva_i.c_wrap_r3"	[40.10 s].
0.0.K: Morphing to AM
0.0.K: All properties determined. [0.00 s]
0.0.K: Exited with Success (@ 0.00 s)
0.0.AM: clocks: 1, declared: 1, disabling: 0, posedge: 1, negedge: 0, noedge: 0, bothedge: 0
0.0.AM: Starting proof for property "data_generator.data_generator_sva_i.c_wrap_r2"	[0.00 s].
0.0.AM: Trace Attempt  1	[0.04 s]
0.0.AM: Trace Attempt  2	[0.04 s]
0.0.AM: Trace Attempt  3	[0.05 s]
0.0.AM: Trace Attempt  4	[0.05 s]
0.0.AM: Trace Attempt  5	[0.05 s]
0.0.Hts: Trace Attempt 380	[5.91 s]
0.0.Hts: Per property time limit expired (7.40 s) [8.78 s]
0.0.Hts: Stopped processing property "data_generator.data_generator_sva_i.c_wrap_r2"	[8.78 s].
0.0.Hts: Starting proof for property "data_generator.data_generator_sva_i.c_wrap_r3"	[0.00 s].
0.0.AM: Stopped processing property "data_generator.data_generator_sva_i.c_wrap_r2"	[0.93 s].
0.0.AM: Starting proof for property "data_generator.data_generator_sva_i.c_wrap_r3"	[0.00 s].
0.0.AM: Trace Attempt  1	[0.03 s]
0.0.AM: Trace Attempt  2	[0.03 s]
0.0.AM: Trace Attempt  3	[0.04 s]
0.0.AM: Trace Attempt  4	[0.04 s]
0.0.AM: Trace Attempt  5	[0.04 s]
0.0.Hts: Trace Attempt  1	[0.35 s]
0.0.Hts: Trace Attempt  2	[0.35 s]
0.0.Hts: Trace Attempt  3	[0.35 s]
0.0.Hts: Trace Attempt  4	[0.35 s]
0.0.Hts: Trace Attempt  5	[0.35 s]
0.0.Hts: Stopped processing property "data_generator.data_generator_sva_i.c_wrap_r3"	[2.13 s].
0.0.Hts: Morphing to AB
0.0.Hts: Trace Attempt 388	[2.13 s]
0.0.Hts: All properties determined. [0.00 s]
0.0.Hts: Exited with Success (@ 0.00 s)
0.0.AB: clocks: 1, declared: 1, disabling: 0, posedge: 1, negedge: 0, noedge: 0, bothedge: 0
0.0.AM: Stopped processing property "data_generator.data_generator_sva_i.c_wrap_r3"	[2.18 s].
0.0.AM: Morphing to Tri
0.0.AM: Trace Attempt 45	[1.85 s]
0.0.AM: All properties determined. [0.00 s]
0.0.AM: Exited with Success (@ 0.00 s)
0.0.AB: Starting proof for property "data_generator.data_generator_sva_i.c_wrap_r2"	[0.00 s].
0.0.AB: Trace Attempt  1	[0.03 s]
0.0.AB: Trace Attempt  2	[0.03 s]
0.0.AB: Trace Attempt  3	[0.03 s]
0.0.AB: Trace Attempt  4	[0.04 s]
0.0.AB: Trace Attempt  5	[0.04 s]
0.0.Tri: clocks: 1, declared: 1, disabling: 0, posedge: 1, negedge: 0, noedge: 0, bothedge: 0
0.0.Tri: Starting proof for property "data_generator.data_generator_sva_i.c_wrap_r2"	[0.00 s].
0.0.Tri: Trace Attempt  1	[0.00 s]
0.0.Tri:    0.34" ---- Launching main thread ----
0.0.Tri:    0.79" ---- Launching abstraction thread ----
0.0.Tri:    0.86" ---- Launching multi-phase simplification thread ----
0.0.AB: Trace Attempt 131	[4.05 s]
0.0.Tri: Trace Attempt  2	[5.06 s]
0.0.Tri: Trace Attempt  3	[5.07 s]
0.0.Tri: Trace Attempt  4	[5.08 s]
0.0.Tri: Trace Attempt  5	[5.08 s]
0.0.Ht: Trace Attempt 391	[19.19 s]
0.0.AB: Trace Attempt 144	[9.44 s]
0.0.Tri: Trace Attempt 19	[9.21 s]
0.0.Tri: Trace Attempt 24	[14.68 s]
0.0.Tri: Trace Attempt 25	[15.27 s]
0.0.Tri: Per property time limit expired (15.90 s) [16.07 s]
0.0.Tri: Stopped processing property "data_generator.data_generator_sva_i.c_wrap_r2"	[16.08 s].
0.0.Tri: Starting proof for property "data_generator.data_generator_sva_i.c_wrap_r3"	[0.00 s].
0.0.Tri: Trace Attempt  1	[0.00 s]
0.0.Tri:   15.98" ---- Launching main thread ----
0.0.Tri:   16.41" ---- Launching abstraction thread ----
0.0.Tri:   16.48" ---- Launching multi-phase simplification thread ----
0.0.AB: Stopped processing property "data_generator.data_generator_sva_i.c_wrap_r2"	[19.54 s].
0.0.AB: Starting proof for property "data_generator.data_generator_sva_i.c_wrap_r3"	[0.00 s].
0.0.AB: Trace Attempt  1	[0.06 s]
0.0.AB: Trace Attempt  2	[0.08 s]
0.0.AB: Trace Attempt  3	[0.10 s]
0.0.AB: Trace Attempt  4	[0.12 s]
0.0.AB: Trace Attempt  5	[0.12 s]
0.0.Hp: Terminated by signal SIGKILL (@ 327.42 s)
0.0.Hp: Engine should be restarted (starts=2, unexpected_terminations=2)
   Last recorded RSS memory usage: 6.15073 MiB
   Last recorded free memory: 120.363 MiB out of 186.894 MiB
0.0.Hp: Restarting engine (local)
0.0.Hp: Proofgrid shell started at 1385926@della-r3c3n3(local) jg_1383747_della-r3c3n3_1
0.0.Hp: OS RSS memory limit : 17179869184 / 17179869184
0.0.Hp: clocks: 1, declared: 1, disabling: 0, posedge: 1, negedge: 0, noedge: 0, bothedge: 0
0.0.Tri: Trace Attempt  2	[5.02 s]
0.0.AB: Stopped processing property "data_generator.data_generator_sva_i.c_wrap_r3"	[2.28 s].
0.0.AB: Morphing to K
0.0.AB: Trace Attempt 80	[2.28 s]
0.0.AB: All properties determined. [0.00 s]
0.0.AB: Exited with Success (@ 0.00 s)
0.0.Tri: Stopped processing property "data_generator.data_generator_sva_i.c_wrap_r3"	[5.42 s].
0.0.Tri: Morphing to D
0.0.Tri: All properties determined. [0.00 s]
0.0.Tri: Exited with Success (@ 0.00 s)
0.0.K: clocks: 1, declared: 1, disabling: 0, posedge: 1, negedge: 0, noedge: 0, bothedge: 0
0.0.D: clocks: 1, declared: 1, disabling: 0, posedge: 1, negedge: 0, noedge: 0, bothedge: 0
0.0.K: Starting proof for property "data_generator.data_generator_sva_i.c_wrap_r2"	[0.00 s].
0.0.D: Starting proof for property "data_generator.data_generator_sva_i.c_wrap_r2"	[0.00 s].
0.0.D: Trace Attempt  1	[0.21 s]
0.0.D: Trace Attempt  2	[0.47 s]
0.0.D: Trace Attempt  3	[1.06 s]
0.0.D: Trace Attempt  4	[1.94 s]
0.0.D: Trace Attempt  8	[6.72 s]
0.0.D: Trace Attempt 12	[16.54 s]
0.0.K: Trace Attempt  1	[16.72 s]
0.0.K: Trace Attempt  2	[16.72 s]
0.0.K: Trace Attempt  3	[16.72 s]
0.0.K: Trace Attempt  4	[16.72 s]
0.0.K: Trace Attempt  5	[16.72 s]
0.0.D: Trace Attempt 14	[20.57 s]
0.0.K: Trace Attempt 68	[20.87 s]
0.0.D: Trace Attempt 16	[25.10 s]
0.0.K: Trace Attempt  1	[26.21 s]
0.0.K: Trace Attempt  2	[26.21 s]
0.0.K: Trace Attempt  3	[26.21 s]
0.0.K: Trace Attempt  4	[26.21 s]
0.0.K: Trace Attempt  5	[26.21 s]
0.0.D: Trace Attempt 18	[30.11 s]
0.0.K: Trace Attempt 72	[30.66 s]
0.0.D: Per property time limit expired (31.77 s) [32.10 s]
0.0.D: Stopped processing property "data_generator.data_generator_sva_i.c_wrap_r2"	[32.16 s].
0.0.D: Starting proof for property "data_generator.data_generator_sva_i.c_wrap_r1"	[0.00 s].
0.0.D: Trace Attempt  1	[0.06 s]
0.0.D: Trace Attempt  2	[0.18 s]
0.0.K: Per property time limit expired (32.00 s) [32.51 s]
0.0.K: Stopped processing property "data_generator.data_generator_sva_i.c_wrap_r2"	[32.51 s].
0.0.K: Starting proof for property "data_generator.data_generator_sva_i.c_wrap_r1"	[0.00 s].
0.0.D: Trace Attempt  3	[0.64 s]
0.0.D: Trace Attempt  4	[1.20 s]
0.0.D: Trace Attempt 10	[7.05 s]
0.0.D: Trace Attempt 12	[17.43 s]
0.0.D: Trace Attempt 14	[29.61 s]
0.0.D: Per property time limit expired (32.00 s) [32.15 s]
0.0.D: Stopped processing property "data_generator.data_generator_sva_i.c_wrap_r1"	[32.08 s].
0.0.D: Starting proof for property "data_generator.data_generator_sva_i.c_wrap_r3"	[0.00 s].
0.0.D: Trace Attempt  1	[0.38 s]
0.0.D: Trace Attempt  2	[0.54 s]
0.0.D: Trace Attempt  3	[1.04 s]
0.0.D: Trace Attempt  4	[1.66 s]
0.0.D: Trace Attempt 10	[8.02 s]
0.0.K: Trace Attempt  1	[42.60 s]
0.0.K: Stopped processing property "data_generator.data_generator_sva_i.c_wrap_r1"	[42.68 s].
0.0.K: Starting proof for property "data_generator.data_generator_sva_i.c_wrap_r3"	[0.00 s].
0.0.D: Trace Attempt 14	[15.44 s]
0.0.D: Trace Attempt 16	[20.11 s]
0.0.D: Stopped processing property "data_generator.data_generator_sva_i.c_wrap_r3"	[21.08 s].
0.0.D: Morphing to Hts
0.0.D: All properties determined. [0.00 s]
0.0.D: Exited with Success (@ 0.00 s)
0.0.K: Trace Attempt  1	[10.76 s]
0.0.K: Stopped processing property "data_generator.data_generator_sva_i.c_wrap_r3"	[10.70 s].
0.0.K: Morphing to Ncustom1
0.0.K: All properties determined. [0.00 s]
0.0.K: Exited with Success (@ 0.00 s)
0.0.Ncustom1: clocks: 1, declared: 1, disabling: 0, posedge: 1, negedge: 0, noedge: 0, bothedge: 0
0.0.Ncustom1: Starting proof for property "data_generator.data_generator_sva_i.c_wrap_r3"	[0.00 s].
0.0.Hts: clocks: 1, declared: 1, disabling: 0, posedge: 1, negedge: 0, noedge: 0, bothedge: 0
0.0.Hts: Starting proof for property "data_generator.data_generator_sva_i.c_wrap_r3"	[0.00 s].
0.0.Hts: Trace Attempt  1	[0.31 s]
0.0.Hts: Trace Attempt  2	[0.31 s]
0.0.Hts: Trace Attempt  3	[0.31 s]
0.0.Hts: Trace Attempt  4	[0.31 s]
0.0.Hts: Trace Attempt  5	[0.31 s]
0.0.Ncustom1: Trace Attempt 30	[1.57 s]
0.0.Ncustom1: Trace Attempt 34	[8.85 s]
0.0.Ht: Terminated by signal SIGKILL (@ 432.98 s)
0.0.Ht: Engine should be restarted (starts=2, unexpected_terminations=2)
   Last recorded RSS memory usage: 6.32933 MiB
   Last recorded free memory: 119.365 MiB out of 186.894 MiB
0.0.Ht: Restarting engine (local)
0.0.Ncustom1: Trace Attempt 35	[16.14 s]
0.0.Ht: Proofgrid shell started at 1386322@della-r3c3n3(local) jg_1383747_della-r3c3n3_1
0.0.Ht: OS RSS memory limit : 17179869184 / 17179869184
0.0.Ht: clocks: 1, declared: 1, disabling: 0, posedge: 1, negedge: 0, noedge: 0, bothedge: 0
0.0.Ht: Trace Attempt  1	[0.77 s]
0.0.Ht: Trace Attempt  2	[0.77 s]
0.0.Ht: Trace Attempt  3	[0.78 s]
0.0.Ht: Trace Attempt  4	[0.78 s]
0.0.Ht: Trace Attempt  5	[0.78 s]
0.0.Hts: Trace Attempt 391	[16.76 s]
0.0.Ncustom1: Trace Attempt 39	[20.57 s]
0.0.Ht: Trace Attempt 373	[4.82 s]
0.0.Ncustom1: Trace Attempt 43	[25.86 s]
0.0.Ncustom1: Trace Attempt 47	[31.46 s]
0.0.Hp: Terminated by signal SIGKILL (@ 461.78 s)
0.0.Hp: Engine should be restarted (starts=3, unexpected_terminations=3)
   Last recorded RSS memory usage: 5.62654 MiB
   Last recorded free memory: 121.554 MiB out of 186.894 MiB
0.0.Hp: Restarting engine (local)
0.0.Ht: Trace Attempt 392	[28.57 s]
0.0.Hp: Proofgrid shell started at 1386352@della-r3c3n3(local) jg_1383747_della-r3c3n3_1
0.0.Hp: OS RSS memory limit : 17179869184 / 17179869184
0.0.Hp: clocks: 1, declared: 1, disabling: 0, posedge: 1, negedge: 0, noedge: 0, bothedge: 0
0.0.Ncustom1: Trace Attempt 50	[46.90 s]
0.0.Ncustom1: Trace Attempt 51	[52.53 s]
0.0.Ncustom1: Trace Attempt 55	[59.79 s]
0.0.Ncustom1: Trace Attempt 58	[63.57 s]
0.0.Ncustom1: Per property time limit expired (63.50 s) [63.91 s]
0.0.Ncustom1: Stopped processing property "data_generator.data_generator_sva_i.c_wrap_r3"	[63.92 s].
0.0.Ncustom1: Starting proof for property "data_generator.data_generator_sva_i.c_wrap_r3"	[0.00 s].
0.0.Ncustom1: Trace Attempt 58	[3.63 s]
0.0.Ncustom1: Trace Attempt 59	[7.74 s]
0.0.Ht: Terminated by signal SIGKILL (@ 508.70 s)
0.0.Ht: Engine should be restarted (starts=3, unexpected_terminations=3)
   Last recorded RSS memory usage: 5.73885 MiB
   Last recorded free memory: 123.598 MiB out of 186.894 MiB
0.0.Ht: Restarting engine (local)
0.0.Ht: Proofgrid shell started at 1386505@della-r3c3n3(local) jg_1383747_della-r3c3n3_1
0.0.Ht: OS RSS memory limit : 17179869184 / 17179869184
0.0.Ht: clocks: 1, declared: 1, disabling: 0, posedge: 1, negedge: 0, noedge: 0, bothedge: 0
0.0.Ht: Trace Attempt  1	[0.77 s]
0.0.Ht: Trace Attempt  2	[0.77 s]
0.0.Ht: Trace Attempt  3	[0.77 s]
0.0.Ht: Trace Attempt  4	[0.77 s]
0.0.Ht: Trace Attempt  5	[0.77 s]
0.0.Ncustom1: Trace Attempt 63	[31.35 s]
0.0.Ncustom1: Stopped processing property "data_generator.data_generator_sva_i.c_wrap_r3"	[31.29 s].
0.0.Ncustom1: Morphing to AB
0.0.Ncustom1: All properties determined. [0.00 s]
0.0.Ncustom1: Exited with Success (@ 0.00 s)
0.0.Ht: Trace Attempt 374	[4.80 s]
0.0.AB: clocks: 1, declared: 1, disabling: 0, posedge: 1, negedge: 0, noedge: 0, bothedge: 0
0.0.AB: Starting proof for property "data_generator.data_generator_sva_i.c_wrap_r1"	[0.00 s].
0.0.AB: Trace Attempt  1	[0.06 s]
0.0.AB: Trace Attempt  2	[0.09 s]
0.0.AB: Trace Attempt  3	[0.10 s]
0.0.AB: Trace Attempt  4	[0.11 s]
0.0.AB: Trace Attempt  5	[0.11 s]
0.0.AB: Trace Attempt 120	[4.13 s]
0.0.Ht: Trace Attempt 392	[19.18 s]
0.0.AB: Trace Attempt 160	[8.38 s]
0.0.AB: Trace Attempt 190	[12.43 s]
0.0.AB: Trace Attempt 196	[16.63 s]
0.0.Ht: Terminated by signal SIGKILL (@ 538.50 s)
0.0.Ht: Engine should be restarted (starts=4, unexpected_terminations=4)
   Last recorded RSS memory usage: 6.3798 MiB
   Last recorded free memory: 119.46 MiB out of 186.894 MiB
0.0.Ht: Restarting engine (local)
0.0.Ht: Proofgrid shell started at 1386529@della-r3c3n3(local) jg_1383747_della-r3c3n3_1
0.0.Ht: OS RSS memory limit : 17179869184 / 17179869184
0.0.Ht: clocks: 1, declared: 1, disabling: 0, posedge: 1, negedge: 0, noedge: 0, bothedge: 0
0.0.Ht: Trace Attempt  1	[0.79 s]
0.0.Ht: Trace Attempt  2	[0.79 s]
0.0.Ht: Trace Attempt  3	[0.79 s]
0.0.Ht: Trace Attempt  4	[0.79 s]
0.0.Ht: Trace Attempt  5	[0.79 s]
0.0.AB: Trace Attempt 207	[20.99 s]
0.0.Ht: Trace Attempt 371	[4.79 s]
0.0.AB: Trace Attempt 228	[25.09 s]
0.0.AB: Trace Attempt 256	[29.18 s]
0.0.AB: Trace Attempt 272	[33.44 s]
0.0.AB: Trace Attempt 299	[37.60 s]
0.0.Ht: Trace Attempt 392	[5.95 s]
0.0.Ht: Terminated by signal SIGKILL (@ 566.73 s)
0.0.Ht: Engine should be restarted (starts=5, unexpected_terminations=5)
   Last recorded RSS memory usage: 550.418 kiB
   Last recorded free memory: 123.774 MiB out of 186.894 MiB
0.0.Ht: Restarting engine (local)
0.0.Hts: Per property time limit expired (64.00 s) [148.76 s]
0.0.Hts: Stopped processing property "data_generator.data_generator_sva_i.c_wrap_r3"	[148.78 s].
0.0.Hts: Starting proof for property "data_generator.data_generator_sva_i.c_wrap_r1"	[0.00 s].
0.0.Ht: Proofgrid shell started at 1386556@della-r3c3n3(local) jg_1383747_della-r3c3n3_1
0.0.Ht: OS RSS memory limit : 17179869184 / 17179869184
0.0.Ht: clocks: 1, declared: 1, disabling: 0, posedge: 1, negedge: 0, noedge: 0, bothedge: 0
0.0.AB: Trace Attempt 304	[46.97 s]
0.0.Ht: Trace Attempt  1	[0.77 s]
0.0.Ht: Trace Attempt  2	[0.77 s]
0.0.Ht: Trace Attempt  3	[0.77 s]
0.0.Ht: Trace Attempt  4	[0.77 s]
0.0.Ht: Trace Attempt  5	[0.77 s]
0.0.Hts: Trace Attempt  1	[1.19 s]
0.0.Hts: Trace Attempt  2	[1.19 s]
0.0.Hts: Trace Attempt  3	[1.19 s]
0.0.Hts: Trace Attempt  4	[1.19 s]
0.0.Hts: Trace Attempt  5	[1.19 s]
0.0.Ht: Trace Attempt 373	[4.78 s]
0.0.AB: Trace Attempt 308	[52.32 s]
0.0.Hts: Trace Attempt 379	[6.56 s]
0.0.AB: Trace Attempt 314	[56.86 s]
0.0.AB: Trace Attempt 324	[60.91 s]
0.0.Hts: Trace Attempt 393	[15.44 s]
0.0.AB: Trace Attempt 342	[68.57 s]
0.0.Hp: Connection failure, message was 'Broken pipe'
0.0.Hp: Terminated by signal SIGKILL (@ 593.79 s)
0.0.Hp: Engine should be restarted (starts=4, unexpected_terminations=4)
   Last recorded RSS memory usage: 5.93441 MiB
   Last recorded free memory: 118.4 MiB out of 186.894 MiB
0.0.Hp: Restarting engine (local)
0.0.Hp: Proofgrid shell started at 1386575@della-r3c3n3(local) jg_1383747_della-r3c3n3_1
0.0.Hp: OS RSS memory limit : 17179869184 / 17179869184
0.0.Hp: clocks: 1, declared: 1, disabling: 0, posedge: 1, negedge: 0, noedge: 0, bothedge: 0
0.0.AB: Trace Attempt 344	[75.24 s]
0.0.AB: Trace Attempt 353	[79.31 s]
0.0.AB: Trace Attempt 368	[83.85 s]
0.0.AB: Trace Attempt 370	[91.59 s]
0.0.AB: Trace Attempt 386	[95.75 s]
0.0.AB: Trace Attempt 400	[99.89 s]
0.0.AB: Trace Attempt 405	[104.04 s]
0.0.AB: Trace Attempt 418	[108.06 s]
0.0.AB: Trace Attempt 422	[114.21 s]
0.0.AB: Trace Attempt 423	[114.30 s]
0.0.AB: Per property time limit expired (117.18 s) [118.81 s]
0.0.AB: Stopped processing property "data_generator.data_generator_sva_i.c_wrap_r1"	[118.84 s].
0.0.AB: Starting proof for property "data_generator.data_generator_sva_i.c_wrap_r3"	[0.00 s].
0.0.AB: Trace Attempt  1	[0.51 s]
0.0.AB: Trace Attempt  2	[0.90 s]
0.0.AB: Trace Attempt  3	[1.06 s]
0.0.AB: Trace Attempt  4	[1.18 s]
0.0.AB: Trace Attempt  5	[1.18 s]
0.0.AB: Trace Attempt 58	[7.18 s]
0.0.Ht: Trace Attempt 392	[5.82 s]
0.0.Ht: Terminated by signal SIGKILL (@ 648.09 s)
0.0.Ht: Engine should be restarted (starts=6, unexpected_terminations=6)
   Last recorded RSS memory usage: 6.39579 MiB
   Last recorded free memory: 122.708 MiB out of 186.894 MiB
0.0.Ht: Restarting engine (local)
0.0.Ht: Proofgrid shell started at 1386724@della-r3c3n3(local) jg_1383747_della-r3c3n3_1
0.0.Ht: OS RSS memory limit : 17179869184 / 17179869184
0.0.Ht: clocks: 1, declared: 1, disabling: 0, posedge: 1, negedge: 0, noedge: 0, bothedge: 0
0.0.Ht: Trace Attempt  1	[0.78 s]
0.0.Ht: Trace Attempt  2	[0.78 s]
0.0.Ht: Trace Attempt  3	[0.78 s]
0.0.Ht: Trace Attempt  4	[0.78 s]
0.0.Ht: Trace Attempt  5	[0.78 s]
0.0.AB: Trace Attempt 94	[11.26 s]
0.0.Ht: Trace Attempt 372	[4.82 s]
0.0.AB: Trace Attempt 140	[15.30 s]
0.0.AB: Trace Attempt 170	[19.40 s]
0.0.AB: Trace Attempt 202	[23.42 s]
0.0.AB: Trace Attempt 224	[27.45 s]
0.0.Ht: Trace Attempt 393	[20.80 s]
0.0.AB: Trace Attempt 254	[31.52 s]
0.0.AB: Trace Attempt 270	[35.55 s]
0.0.Ht: Terminated by signal SIGKILL (@ 682.64 s)
0.0.Ht: Engine should be restarted (starts=7, unexpected_terminations=7)
   Last recorded RSS memory usage: 5.84449 MiB
   Last recorded free memory: 118.16 MiB out of 186.894 MiB
0.0.Ht: Restarting engine (local)
0.0.AB: Trace Attempt 282	[43.26 s]
0.0.Ht: Proofgrid shell started at 1386845@della-r3c3n3(local) jg_1383747_della-r3c3n3_1
0.0.Ht: OS RSS memory limit : 17179869184 / 17179869184
0.0.Ht: clocks: 1, declared: 1, disabling: 0, posedge: 1, negedge: 0, noedge: 0, bothedge: 0
0.0.Ht: Trace Attempt  1	[0.77 s]
0.0.Ht: Trace Attempt  2	[0.77 s]
0.0.Ht: Trace Attempt  3	[0.77 s]
0.0.Ht: Trace Attempt  4	[0.78 s]
0.0.Ht: Trace Attempt  5	[0.78 s]
0.0.AB: Trace Attempt 293	[47.26 s]
0.0.Ht: Trace Attempt 373	[4.82 s]
0.0.AB: Trace Attempt 306	[51.85 s]
0.0.AB: Trace Attempt 322	[55.99 s]
0.0.AB: Trace Attempt 343	[60.04 s]
0.0.Hp: Terminated by signal SIGKILL (@ 704.78 s)
0.0.Hp: Engine should be restarted (starts=5, unexpected_terminations=5)
   Last recorded RSS memory usage: 5.55814 MiB
   Last recorded free memory: 120.131 MiB out of 186.894 MiB
0.0.Hp: Restarting engine (local)
0.0.AB: Trace Attempt 348	[65.40 s]
0.0.Hp: Proofgrid shell started at 1386854@della-r3c3n3(local) jg_1383747_della-r3c3n3_1
0.0.Hp: OS RSS memory limit : 17179869184 / 17179869184
0.0.Hp: clocks: 1, declared: 1, disabling: 0, posedge: 1, negedge: 0, noedge: 0, bothedge: 0
0.0.AB: Trace Attempt 354	[69.70 s]
0.0.AB: Trace Attempt 369	[75.22 s]
0.0.AB: Trace Attempt 370	[80.31 s]
0.0.AB: Trace Attempt 386	[84.41 s]
0.0.AB: Trace Attempt 402	[88.86 s]
0.0.Hts: Per property time limit expired (128.00 s) [164.03 s]
0.0.Hts: Stopped processing property "data_generator.data_generator_sva_i.c_wrap_r1"	[164.03 s].
0.0.Hts: Starting proof for property "data_generator.data_generator_sva_i.c_wrap_r3"	[0.00 s].
0.0.AB: Trace Attempt 407	[92.87 s]
0.0.Hts: Trace Attempt  1	[1.20 s]
0.0.Hts: Trace Attempt  2	[1.20 s]
0.0.Hts: Trace Attempt  3	[1.21 s]
0.0.Hts: Trace Attempt  4	[1.21 s]
0.0.Hts: Trace Attempt  5	[1.21 s]
0.0.Hts: Trace Attempt 412	[5.22 s]
0.0.AB: Trace Attempt 420	[97.12 s]
0.0.AB: Trace Attempt 432	[101.36 s]
0.0.AB: Trace Attempt 444	[105.89 s]
0.0.AB: Trace Attempt 446	[110.21 s]
0.0.Ht: Trace Attempt 393	[5.94 s]
0.0.Ht: Terminated by signal SIGKILL (@ 756.36 s)
0.0.Ht: Engine should be restarted (starts=8, unexpected_terminations=8)
   Last recorded RSS memory usage: 6.51301 MiB
   Last recorded free memory: 121.318 MiB out of 186.894 MiB
0.0.Ht: Restarting engine (local)
0.0.Ht: Proofgrid shell started at 1387009@della-r3c3n3(local) jg_1383747_della-r3c3n3_1
0.0.Ht: OS RSS memory limit : 17179869184 / 17179869184
0.0.Ht: clocks: 1, declared: 1, disabling: 0, posedge: 1, negedge: 0, noedge: 0, bothedge: 0
0.0.AB: Trace Attempt 448	[117.49 s]
0.0.Ht: Trace Attempt  1	[0.78 s]
0.0.Ht: Trace Attempt  2	[0.78 s]
0.0.Ht: Trace Attempt  3	[0.78 s]
0.0.Ht: Trace Attempt  4	[0.78 s]
0.0.Ht: Trace Attempt  5	[0.78 s]
0.0.Ht: Trace Attempt 373	[4.79 s]
0.0.AB: Trace Attempt 456	[122.65 s]
0.0.AB: Trace Attempt 464	[127.01 s]
0.0.AB: Trace Attempt 465	[127.38 s]
0.0.AB: Per property time limit expired (127.99 s) [129.41 s]
0.0.AB: Stopped processing property "data_generator.data_generator_sva_i.c_wrap_r3"	[129.40 s].
0.0.AB: Starting proof for property "data_generator.data_generator_sva_i.c_wrap_r3"	[0.00 s].
0.0.AB: Trace Attempt  1	[0.55 s]
0.0.AB: Trace Attempt  2	[0.81 s]
0.0.AB: Trace Attempt  3	[0.92 s]
0.0.AB: Trace Attempt  4	[1.04 s]
0.0.AB: Trace Attempt  5	[1.04 s]
0.0.AB: Trace Attempt 68	[5.11 s]
0.0.AB: Stopped processing property "data_generator.data_generator_sva_i.c_wrap_r3"	[6.74 s].
0.0.AB: Morphing to Tri
0.0.AB: Trace Attempt 93	[6.73 s]
0.0.AB: All properties determined. [0.00 s]
0.0.AB: Exited with Success (@ 0.00 s)
0.0.Ht: Trace Attempt 395	[20.09 s]
0.0.Hts: Trace Attempt 421	[47.75 s]
0.0.Ht: Terminated by signal SIGKILL (@ 788.68 s)
0.0.Ht: Engine should be restarted (starts=9, unexpected_terminations=9)
   Last recorded RSS memory usage: 5.88962 MiB
   Last recorded free memory: 118.776 MiB out of 186.894 MiB
0.0.Ht: Restarting engine (local)
0.0.Ht: Proofgrid shell started at 1387047@della-r3c3n3(local) jg_1383747_della-r3c3n3_1
0.0.Ht: OS RSS memory limit : 17179869184 / 17179869184
0.0.Ht: clocks: 1, declared: 1, disabling: 0, posedge: 1, negedge: 0, noedge: 0, bothedge: 0
0.0.Ht: Trace Attempt  1	[0.76 s]
0.0.Ht: Trace Attempt  2	[0.76 s]
0.0.Ht: Trace Attempt  3	[0.76 s]
0.0.Ht: Trace Attempt  4	[0.76 s]
0.0.Ht: Trace Attempt  5	[0.76 s]
0.0.Ht: Trace Attempt 374	[4.77 s]
0.0.Tri: clocks: 1, declared: 1, disabling: 0, posedge: 1, negedge: 0, noedge: 0, bothedge: 0
0.0.Hts: Stopped processing property "data_generator.data_generator_sva_i.c_wrap_r3"	[65.76 s].
0.0.Hts: Morphing to AM
0.0.Hts: All properties determined. [0.00 s]
0.0.Hts: Exited with Success (@ 0.00 s)
0.0.Tri: Starting proof for property "data_generator.data_generator_sva_i.c_wrap_r1"	[0.00 s].
0.0.Tri: Trace Attempt  1	[0.00 s]
0.0.Tri:    0.36" ---- Launching main thread ----
0.0.Tri: Per property time limit expired (1.00 s) [1.15 s]
0.0.Tri: Stopped processing property "data_generator.data_generator_sva_i.c_wrap_r1"	[1.15 s].
0.0.Tri: Starting proof for property "data_generator.data_generator_sva_i.c_wrap_r3"	[0.00 s].
0.0.Tri: Trace Attempt  1	[0.00 s]
0.0.Tri:    0.79" ---- Launching abstraction thread ----
0.0.Tri:    0.86" ---- Launching multi-phase simplification thread ----
0.0.AM: clocks: 1, declared: 1, disabling: 0, posedge: 1, negedge: 0, noedge: 0, bothedge: 0
0.0.Tri:    1.30" ---- Launching main thread ----
0.0.Tri:    1.75" ---- Launching abstraction thread ----
0.0.Tri:    1.83" ---- Launching multi-phase simplification thread ----
0.0.AM: Starting proof for property "data_generator.data_generator_sva_i.c_wrap_r3"	[0.00 s].
0.0.AM: Trace Attempt  1	[0.03 s]
0.0.AM: Trace Attempt  2	[0.04 s]
0.0.AM: Trace Attempt  3	[0.04 s]
0.0.AM: Trace Attempt  4	[0.05 s]
0.0.AM: Trace Attempt  5	[0.05 s]
0.0.Tri: Trace Attempt  2	[3.95 s]
0.0.Tri: Trace Attempt  3	[3.96 s]
0.0.Tri: Trace Attempt  4	[4.77 s]
0.0.Tri: Trace Attempt  5	[4.78 s]
0.0.AM: Trace Attempt 74	[5.89 s]
0.0.Tri: Trace Attempt 18	[11.34 s]
0.0.Hp: Terminated by signal SIGKILL (@ 810.43 s)
0.0.Hp: Engine should be restarted (starts=6, unexpected_terminations=6)
   Last recorded RSS memory usage: 5.54738 MiB
   Last recorded free memory: 118.097 MiB out of 186.894 MiB
0.0.Hp: Restarting engine (local)
0.0.AM: Trace Attempt 76	[9.89 s]
0.0.Hp: Proofgrid shell started at 1387290@della-r3c3n3(local) jg_1383747_della-r3c3n3_1
0.0.Hp: OS RSS memory limit : 17179869184 / 17179869184
0.0.Hp: clocks: 1, declared: 1, disabling: 0, posedge: 1, negedge: 0, noedge: 0, bothedge: 0
0.0.Tri: Trace Attempt 23	[16.23 s]
0.0.AM: Trace Attempt 114	[13.96 s]
0.0.Ht: Trace Attempt 396	[26.38 s]
0.0.AM: Trace Attempt 140	[18.08 s]
0.0.Tri: Trace Attempt 29	[22.04 s]
0.0.Ht: Trace Attempt 397	[31.15 s]
0.0.AM: Trace Attempt 160	[22.23 s]
0.0.Tri: Trace Attempt 33	[26.59 s]
0.0.Ht: Trace Attempt 399	[35.00 s]
0.0.Ht: Terminated by signal SIGKILL (@ 825.90 s)
0.0.Ht: Engine should be restarted (starts=10, unexpected_terminations=10)
   Last recorded RSS memory usage: 7.67815 MiB
   Last recorded free memory: 118.798 MiB out of 186.894 MiB
0.0.Ht: Restarting engine (local)
0.0.Ht: Proofgrid shell started at 1387507@della-r3c3n3(local) jg_1383747_della-r3c3n3_1
0.0.Ht: OS RSS memory limit : 17179869184 / 17179869184
0.0.Ht: clocks: 1, declared: 1, disabling: 0, posedge: 1, negedge: 0, noedge: 0, bothedge: 0
0.0.AM: Trace Attempt 182	[26.45 s]
0.0.Ht: Trace Attempt  1	[0.78 s]
0.0.Ht: Trace Attempt  2	[0.78 s]
0.0.Ht: Trace Attempt  3	[0.78 s]
0.0.Ht: Trace Attempt  4	[0.78 s]
0.0.Ht: Trace Attempt  5	[0.78 s]
0.0.Tri: Stopped processing property "data_generator.data_generator_sva_i.c_wrap_r3"	[29.39 s].
0.0.Tri: Starting proof for property "data_generator.data_generator_sva_i.c_wrap_r3"	[0.00 s].
0.0.Tri: Trace Attempt  1	[0.00 s]
0.0.AM: Stopped processing property "data_generator.data_generator_sva_i.c_wrap_r3"	[27.31 s].
0.0.AM: Morphing to M
0.0.AM: Trace Attempt 185	[26.91 s]
0.0.AM: All properties determined. [0.00 s]
0.0.AM: Exited with Success (@ 0.00 s)
0.0.Tri:   30.37" ---- Launching main thread ----
0.0.M: clocks: 1, declared: 1, disabling: 0, posedge: 1, negedge: 0, noedge: 0, bothedge: 0
0.0.Tri:   30.76" ---- Launching abstraction thread ----
0.0.Tri:   30.82" ---- Launching multi-phase simplification thread ----
0.0.M: Starting proof for property "data_generator.data_generator_sva_i.c_wrap_r3"	[0.00 s].
0.0.M: Trace Attempt  1	[0.17 s]
0.0.M: Trace Attempt  2	[0.55 s]
0.0.M: Trace Attempt  3	[2.13 s]
0.0.Ht: Trace Attempt 373	[4.79 s]
0.0.Ht: Trace Attempt 400	[7.10 s]
0.0.Ht: Terminated by signal SIGKILL (@ 850.39 s)
0.0.Ht: ERROR (EPF089): This engine job has stopped and been automatically restarted "proofgrid_restarts"=10 times and will not be automatically restarted anymore. Investigate why it might have stopped so many times (memout, or ProofGrid setup problem maybe?).
    Terminated unexpectedly 11 times
0.0.Tri: Trace Attempt 35	[25.92 s]
0.0.Bm: Proofgrid shell started at 1387780@della-r3c3n3(local) jg_1383747_della-r3c3n3_1
0.0.Bm: OS RSS memory limit : 17179869184 / 17179869184
0.0.Bm: clocks: 1, declared: 1, disabling: 0, posedge: 1, negedge: 0, noedge: 0, bothedge: 0
0.0.Bm: Trace Attempt  1	[0.65 s]
0.0.Tri: Trace Attempt 38	[30.46 s]
0.0.Bm: Trace Attempt  2	[2.63 s]
0.0.Bm: Trace Attempt  3	[4.61 s]
0.0.Bm: Trace Attempt  4	[6.55 s]
0.0.Tri: Trace Attempt 228	[35.01 s]
0.0.Bm: Trace Attempt  5	[8.52 s]
0.0.Tri: Trace Attempt 296	[39.73 s]
0.0.Bm: Trace Attempt  8	[14.27 s]
0.0.Tri: Trace Attempt 312	[44.24 s]
0.0.Bm: Trace Attempt 11	[20.14 s]
0.0.Tri: Trace Attempt 325	[48.67 s]
0.0.Bm: Trace Attempt 13	[24.15 s]
0.0.Tri: Trace Attempt 335	[53.33 s]
0.0.Bm: Trace Attempt 15	[28.19 s]
0.0.Tri: Trace Attempt 343	[57.52 s]
0.0.Bm: Trace Attempt 17	[32.52 s]
0.0.Tri: Trace Attempt 352	[61.86 s]
0.0.Tri: Trace Attempt 356	[63.86 s]
0.0.Tri: Per property time limit expired (64.00 s) [64.06 s]
0.0.Tri: Stopped processing property "data_generator.data_generator_sva_i.c_wrap_r3"	[64.06 s].
0.0.Tri: Starting proof for property "data_generator.data_generator_sva_i.c_wrap_r3"	[0.00 s].
0.0.Tri: Trace Attempt  1	[0.00 s]
0.0.Tri:   94.49" ---- Launching main thread ----
0.0.M: Stopped processing property "data_generator.data_generator_sva_i.c_wrap_r3"	[63.45 s].
0.0.M: Starting proof for property "data_generator.data_generator_sva_i.c_wrap_r3"	[0.00 s].
0.0.Tri:   94.95" ---- Launching abstraction thread ----
0.0.M: Trace Attempt  1	[0.33 s]
0.0.Tri:   95.03" ---- Launching multi-phase simplification thread ----
0.0.Bm: Trace Attempt 19	[36.93 s]
0.0.M: Trace Attempt  2	[0.70 s]
0.0.M: Trace Attempt  3	[2.24 s]
0.0.Bm: Trace Attempt 21	[41.59 s]
0.0.Bm: Trace Attempt 23	[46.19 s]
0.0.Bm: Trace Attempt 25	[51.09 s]
0.0.Bm: Trace Attempt 27	[56.12 s]
0.0.Tri: Stopped processing property "data_generator.data_generator_sva_i.c_wrap_r3"	[20.30 s].
0.0.Tri: Morphing to Hts
0.0.Tri: All properties determined. [0.00 s]
0.0.Tri: Exited with Success (@ 0.00 s)
0.0.Hts: Starting proof for property "data_generator.data_generator_sva_i.c_wrap_r1"	[0.00 s].
0.0.M: Stopped processing property "data_generator.data_generator_sva_i.c_wrap_r3"	[20.29 s].
0.0.M: Morphing to AD
0.0.M: Trace Attempt  6	[2.89 s]
0.0.M: All properties determined. [0.00 s]
0.0.M: Exited with Success (@ 0.00 s)
0.0.Hts: Trace Attempt  1	[0.80 s]
0.0.Hts: Trace Attempt  2	[0.80 s]
0.0.Hts: Trace Attempt  3	[0.80 s]
0.0.Hts: Trace Attempt  4	[0.84 s]
0.0.Hts: Trace Attempt  5	[0.84 s]
0.0.AD: clocks: 1, declared: 1, disabling: 0, posedge: 1, negedge: 0, noedge: 0, bothedge: 0
0.0.AD: Starting proof for property "data_generator.data_generator_sva_i.c_wrap_r1"	[0.00 s].
0.0.AD: Trace Attempt  1	[0.02 s]
0.0.AD: Trace Attempt  2	[0.03 s]
0.0.AD: Trace Attempt  3	[0.03 s]
0.0.AD: Trace Attempt  4	[0.04 s]
0.0.AD: Trace Attempt  5	[0.04 s]
0.0.Bm: Trace Attempt 29	[61.38 s]
0.0.AD: Trace Attempt 112	[4.17 s]
0.0.Hts: Trace Attempt 379	[7.60 s]
0.0.AD: Trace Attempt 144	[8.20 s]
0.0.Bm: Trace Attempt 31	[66.83 s]
0.0.AD: Trace Attempt 168	[12.44 s]
0.0.Bm: Trace Attempt 33	[72.60 s]
0.0.AD: Trace Attempt 192	[16.46 s]
0.0.AD: Trace Attempt 207	[20.49 s]
0.0.Bm: Trace Attempt 35	[78.52 s]
0.0.AD: Trace Attempt 224	[26.24 s]
0.0.Bm: Trace Attempt 37	[85.65 s]
0.0.AD: Trace Attempt 230	[31.12 s]
0.0.AD: Trace Attempt 236	[36.48 s]
0.0.Bm: Trace Attempt 39	[94.49 s]
0.0.Hp: Terminated by signal SIGKILL (@ 952.18 s)
0.0.Hp: Engine should be restarted (starts=7, unexpected_terminations=7)
   Last recorded RSS memory usage: 7.96722 MiB
   Last recorded free memory: 118.855 MiB out of 186.894 MiB
0.0.Hp: Restarting engine (local)
0.0.Hp: Proofgrid shell started at 1388230@della-r3c3n3(local) jg_1383747_della-r3c3n3_1
0.0.Hp: OS RSS memory limit : 17179869184 / 17179869184
0.0.Hp: clocks: 1, declared: 1, disabling: 0, posedge: 1, negedge: 0, noedge: 0, bothedge: 0
0.0.AD: Trace Attempt 248	[40.60 s]
0.0.Bm: Trace Attempt 41	[101.60 s]
0.0.AD: Trace Attempt 264	[44.97 s]
0.0.AD: Trace Attempt 270	[49.33 s]
0.0.Bm: Trace Attempt 43	[108.74 s]
0.0.AD: Trace Attempt 284	[53.47 s]
0.0.AD: Trace Attempt 298	[57.88 s]
0.0.Bm: Trace Attempt 45	[116.39 s]
0.0.AD: Trace Attempt 306	[62.25 s]
0.0.AD: Trace Attempt 319	[66.33 s]
0.0.Bm: Trace Attempt 47	[124.26 s]
0.0.AD: Trace Attempt 329	[70.36 s]
0.0.Hts: Trace Attempt 423	[73.34 s]
0.0.AD: Trace Attempt 340	[74.48 s]
0.0.Bm: Trace Attempt 49	[132.88 s]
0.0.AD: Trace Attempt 351	[78.51 s]
0.0.Bm: Trace Attempt 50	[137.18 s]
0.0.AD: Trace Attempt 362	[83.26 s]
0.0.Bm: Trace Attempt 51	[141.73 s]
0.0.AD: Trace Attempt 369	[88.11 s]
0.0.Bm: Trace Attempt 52	[146.18 s]
0.0.AD: Trace Attempt 370	[93.31 s]
0.0.Bm: Trace Attempt 53	[151.16 s]
0.0.Bm: Trace Attempt 54	[158.31 s]
0.0.AD: Trace Attempt 380	[100.60 s]
0.0.AD: Trace Attempt 384	[106.12 s]
0.0.Bm: Trace Attempt 55	[164.94 s]
0.0.Hp: Terminated by signal SIGKILL (@ 1025.76 s)
0.0.Hp: Engine should be restarted (starts=8, unexpected_terminations=8)
   Last recorded RSS memory usage: 4.71758 MiB
   Last recorded free memory: 118.446 MiB out of 186.894 MiB
0.0.Hp: Restarting engine (local)
0.0.AD: Trace Attempt 388	[112.16 s]
0.0.Hp: Proofgrid shell started at 1388472@della-r3c3n3(local) jg_1383747_della-r3c3n3_1
0.0.Hp: OS RSS memory limit : 17179869184 / 17179869184
0.0.Hp: clocks: 1, declared: 1, disabling: 0, posedge: 1, negedge: 0, noedge: 0, bothedge: 0
0.0.Bm: Trace Attempt 56	[170.57 s]
0.0.AD: Trace Attempt 396	[116.25 s]
0.0.Bm: Trace Attempt 57	[176.04 s]
0.0.AD: Trace Attempt 404	[120.37 s]
0.0.Bm: Trace Attempt 58	[181.23 s]
0.0.AD: Trace Attempt 406	[124.99 s]
0.0.AD: Trace Attempt 411	[127.13 s]
0.0.AD: Per property time limit expired (127.36 s) [127.99 s]
0.0.AD: Stopped processing property "data_generator.data_generator_sva_i.c_wrap_r1"	[128.00 s].
0.0.AD: Starting proof for property "data_generator.data_generator_sva_i.c_wrap_r2"	[0.00 s].
0.0.AD: Trace Attempt  1	[0.04 s]
0.0.AD: Trace Attempt  2	[0.04 s]
0.0.AD: Trace Attempt  3	[0.04 s]
0.0.AD: Trace Attempt  4	[0.05 s]
0.0.AD: Trace Attempt  5	[0.05 s]
0.0.Bm: Trace Attempt 59	[186.75 s]
0.0.AD: Trace Attempt 100	[4.08 s]
0.0.Bm: Trace Attempt 60	[192.08 s]
0.0.AD: Trace Attempt 132	[8.09 s]
0.0.AD: Trace Attempt 159	[12.20 s]
0.0.Bm: Trace Attempt 61	[198.05 s]
0.0.AD: Trace Attempt 182	[16.33 s]
0.0.Bm: Trace Attempt 62	[203.67 s]
0.0.AD: Trace Attempt 204	[20.59 s]
0.0.Bm: Trace Attempt 63	[209.61 s]
0.0.AD: Trace Attempt 218	[24.91 s]
0.0.AD: Trace Attempt 237	[28.94 s]
0.0.Bm: Trace Attempt 64	[215.45 s]
0.0.AD: Trace Attempt 253	[33.01 s]
0.0.Bm: Trace Attempt 65	[221.94 s]
0.0.AD: Trace Attempt 268	[38.70 s]
0.0.Bm: Trace Attempt 66	[228.08 s]
0.0.AD: Trace Attempt 282	[42.95 s]
0.0.Hp: Terminated by signal SIGKILL (@ 1089.07 s)
0.0.Hp: Engine should be restarted (starts=9, unexpected_terminations=9)
   Last recorded RSS memory usage: 4.47192 MiB
   Last recorded free memory: 117.819 MiB out of 186.894 MiB
0.0.Hp: Restarting engine (local)
0.0.AD: Trace Attempt 294	[47.47 s]
0.0.Hp: Proofgrid shell started at 1388533@della-r3c3n3(local) jg_1383747_della-r3c3n3_1
0.0.Hp: OS RSS memory limit : 17179869184 / 17179869184
0.0.Hp: clocks: 1, declared: 1, disabling: 0, posedge: 1, negedge: 0, noedge: 0, bothedge: 0
0.0.Bm: Trace Attempt 67	[234.59 s]
0.0.AD: Trace Attempt 306	[53.02 s]
0.0.Bm: Trace Attempt 68	[240.64 s]
0.0.AD: Trace Attempt 318	[57.09 s]
0.0.AD: Trace Attempt 329	[61.35 s]
0.0.Bm: Trace Attempt 69	[247.74 s]
0.0.AD: Trace Attempt 340	[65.79 s]
0.0.Bm: Trace Attempt 70	[254.09 s]
0.0.AD: Trace Attempt 350	[70.02 s]
0.0.AD: Trace Attempt 360	[74.31 s]
0.0.Bm: Trace Attempt 71	[261.20 s]
0.0.AD: Trace Attempt 369	[80.38 s]
0.0.Bm: Trace Attempt 72	[267.75 s]
0.0.AD: Trace Attempt 370	[85.43 s]
0.0.Hts: Per property time limit expired (127.83 s) [216.92 s]
0.0.Hts: Stopped processing property "data_generator.data_generator_sva_i.c_wrap_r1"	[216.93 s].
0.0.Hts: Starting proof for property "data_generator.data_generator_sva_i.c_wrap_r2"	[0.00 s].
0.0.Hts: Trace Attempt  1	[1.09 s]
0.0.Hts: Trace Attempt  2	[1.09 s]
0.0.Hts: Trace Attempt  3	[1.09 s]
0.0.Hts: Trace Attempt  4	[1.09 s]
0.0.Hts: Trace Attempt  5	[1.09 s]
0.0.Bm: Trace Attempt 73	[275.48 s]
0.0.AD: Trace Attempt 380	[89.91 s]
0.0.AD: Trace Attempt 390	[94.62 s]
0.0.Hts: Trace Attempt 400	[8.98 s]
0.0.AD: Stopped processing property "data_generator.data_generator_sva_i.c_wrap_r2"	[97.87 s].
0.0.AD: Trace Attempt 393	[95.71 s]
0.0.AD: Terminated by signal SIGKILL (@ 1139.34 s)
0.0.AD: Engine should be restarted (starts=1, unexpected_terminations=1)
   Last recorded RSS memory usage: 2.47702 MiB
   Last recorded free memory: 120.524 MiB out of 186.894 MiB
0.0.AD: Restarting engine (local)
0.0.Bm: Trace Attempt 74	[283.40 s]
0.0.AD: Proofgrid shell started at 1388773@della-r3c3n3(local) jg_1383747_della-r3c3n3_1
0.0.AD: OS RSS memory limit : 17179869184 / 17179869184
0.0.AD: clocks: 1, declared: 1, disabling: 0, posedge: 1, negedge: 0, noedge: 0, bothedge: 0
0.0.AD: Starting proof for property "data_generator.data_generator_sva_i.c_wrap_r2"	[0.00 s].
0.0.AD: Trace Attempt  1	[0.03 s]
0.0.AD: Trace Attempt  2	[0.04 s]
0.0.AD: Trace Attempt  3	[0.05 s]
0.0.AD: Trace Attempt  4	[0.06 s]
0.0.AD: Trace Attempt  5	[0.06 s]
0.0.AD: Trace Attempt 100	[4.22 s]
0.0.Bm: Trace Attempt 75	[291.75 s]
0.0.AD: Trace Attempt 134	[8.41 s]
0.0.AD: Trace Attempt 160	[12.90 s]
0.0.Bm: Trace Attempt 76	[299.09 s]
0.0.AD: Trace Attempt 184	[16.99 s]
0.0.AD: Trace Attempt 206	[21.33 s]
0.0.Bm: Trace Attempt 77	[307.52 s]
0.0.AD: Trace Attempt 220	[25.59 s]
0.0.AD: Trace Attempt 237	[29.30 s]
0.0.AD: Per property time limit expired (29.60 s) [29.74 s]
0.0.AD: Stopped processing property "data_generator.data_generator_sva_i.c_wrap_r2"	[29.74 s].
0.0.AD: Starting proof for property "data_generator.data_generator_sva_i.c_wrap_r3"	[0.00 s].
0.0.AD: Trace Attempt  1	[0.03 s]
0.0.AD: Trace Attempt  2	[0.04 s]
0.0.AD: Trace Attempt  3	[0.04 s]
0.0.AD: Trace Attempt  4	[0.05 s]
0.0.AD: Trace Attempt  5	[0.05 s]
0.0.Bm: Trace Attempt 78	[315.05 s]
0.0.AD: Trace Attempt 94	[4.14 s]
0.0.AD: Stopped processing property "data_generator.data_generator_sva_i.c_wrap_r3"	[6.92 s].
0.0.AD: Morphing to Ncustom5
0.0.AD: Trace Attempt 121	[6.70 s]
0.0.AD: All properties determined. [0.00 s]
0.0.AD: Exited with Success (@ 0.00 s)
0.0.Ncustom5: clocks: 1, declared: 1, disabling: 0, posedge: 1, negedge: 0, noedge: 0, bothedge: 0
0.0.Ncustom5: Starting proof for property "data_generator.data_generator_sva_i.c_wrap_r2"	[0.00 s].
0.0.Bm: Trace Attempt 79	[323.48 s]
0.0.Ncustom5: Trace Attempt 72	[4.64 s]
0.0.Bm: Trace Attempt 80	[334.87 s]
0.0.Hp: Terminated by signal SIGKILL (@ 1201.90 s)
0.0.Hp: Engine should be restarted (starts=10, unexpected_terminations=10)
   Last recorded RSS memory usage: 5.74327 MiB
   Last recorded free memory: 118.114 MiB out of 186.894 MiB
0.0.Hp: Restarting engine (local)
0.0.Bm: Trace Attempt 81	[346.34 s]
0.0.Hp: Proofgrid shell started at 1389003@della-r3c3n3(local) jg_1383747_della-r3c3n3_1
0.0.Hp: OS RSS memory limit : 17179869184 / 17179869184
0.0.Hp: clocks: 1, declared: 1, disabling: 0, posedge: 1, negedge: 0, noedge: 0, bothedge: 0
0.0.Ncustom5: Trace Attempt 73	[25.12 s]
0.0.Ncustom5: Trace Attempt  1	[25.22 s]
0.0.Ncustom5: Trace Attempt  2	[25.22 s]
0.0.Ncustom5: Trace Attempt  3	[25.23 s]
0.0.Ncustom5: Trace Attempt 73	[29.92 s]
0.0.Bm: Trace Attempt 82	[354.55 s]
0.0.Ncustom5: Trace Attempt 74	[36.31 s]
0.0.Ncustom5: Trace Attempt  1	[36.37 s]
0.0.Ncustom5: Trace Attempt  2	[36.37 s]
0.0.Ncustom5: Trace Attempt  3	[36.37 s]
0.0.Ncustom5: Trace Attempt 74	[41.10 s]
0.0.Bm: Trace Attempt 83	[363.73 s]
0.0.Ncustom5: Trace Attempt 75	[47.34 s]
0.0.Ncustom5: Trace Attempt  1	[47.42 s]
0.0.Ncustom5: Trace Attempt  2	[47.42 s]
0.0.Ncustom5: Trace Attempt  3	[47.42 s]
0.0.Bm: Trace Attempt 84	[372.21 s]
0.0.Ncustom5: Trace Attempt 75	[52.28 s]
0.0.Ncustom5: Trace Attempt 76	[59.02 s]
0.0.Ncustom5: Trace Attempt  1	[59.09 s]
0.0.Ncustom5: Trace Attempt  2	[59.09 s]
0.0.Ncustom5: Trace Attempt  3	[59.10 s]
0.0.Bm: Trace Attempt 85	[382.04 s]
0.0.Ncustom5: Trace Attempt 76	[64.00 s]
0.0.Bm: Trace Attempt 86	[390.91 s]
0.0.Bm: Terminated by signal SIGKILL (@ 1250.83 s)
0.0.Bm: Engine should be restarted (starts=1, unexpected_terminations=1)
   Last recorded RSS memory usage: 4.05045 MiB
   Last recorded free memory: 120.192 MiB out of 186.894 MiB
0.0.Bm: Restarting engine (local)
0.0.Ncustom5: Trace Attempt 77	[73.50 s]
0.0.Ncustom5: Trace Attempt  1	[73.57 s]
0.0.Ncustom5: Trace Attempt  2	[73.57 s]
0.0.Ncustom5: Trace Attempt  3	[73.57 s]
0.0.Bm: Proofgrid shell started at 1389046@della-r3c3n3(local) jg_1383747_della-r3c3n3_1
0.0.Bm: OS RSS memory limit : 17179869184 / 17179869184
0.0.Bm: clocks: 1, declared: 1, disabling: 0, posedge: 1, negedge: 0, noedge: 0, bothedge: 0
0.0.Bm: Trace Attempt  1	[0.65 s]
0.0.Bm: Trace Attempt  2	[2.59 s]
0.0.Bm: Trace Attempt  3	[4.53 s]
0.0.Ncustom5: Trace Attempt 77	[78.56 s]
0.0.Hts: Stopped processing property "data_generator.data_generator_sva_i.c_wrap_r2"	[127.42 s].
0.0.Hts: Morphing to N
0.0.Hts: All properties determined. [0.00 s]
0.0.Hts: Exited with Success (@ 0.00 s)
0.0.Bm: Trace Attempt  4	[6.49 s]
0.0.Bm: Trace Attempt  5	[8.44 s]
0.0.N: clocks: 1, declared: 1, disabling: 0, posedge: 1, negedge: 0, noedge: 0, bothedge: 0
0.0.N: Starting proof for property "data_generator.data_generator_sva_i.c_wrap_r2"	[0.00 s].
0.0.Ncustom5: Trace Attempt 78	[84.75 s]
0.0.Ncustom5: Trace Attempt  1	[84.85 s]
0.0.Ncustom5: Trace Attempt  2	[84.85 s]
0.0.Ncustom5: Trace Attempt  3	[84.86 s]
0.0.Bm: Trace Attempt  8	[14.20 s]
0.0.Ncustom5: Trace Attempt 78	[89.95 s]
0.0.Bm: Trace Attempt 10	[18.21 s]
0.0.N: Trace Attempt 78	[10.31 s]
0.0.Ncustom5: Trace Attempt 79	[96.72 s]
0.0.Ncustom5: Trace Attempt  1	[96.85 s]
0.0.Ncustom5: Trace Attempt  2	[96.85 s]
0.0.Ncustom5: Trace Attempt  3	[96.86 s]
0.0.Bm: Trace Attempt 13	[24.25 s]
0.0.Ncustom5: Trace Attempt 79	[102.22 s]
0.0.Bm: Trace Attempt 15	[28.31 s]
0.0.N: Trace Attempt 79	[20.75 s]
0.0.Bm: Trace Attempt 17	[32.68 s]
0.0.Ncustom5: Trace Attempt 80	[109.22 s]
0.0.Ncustom5: Trace Attempt  1	[109.32 s]
0.0.Ncustom5: Trace Attempt  2	[109.32 s]
0.0.Ncustom5: Trace Attempt  3	[109.33 s]
0.0.Bm: Trace Attempt 19	[37.12 s]
0.0.Ncustom5: Trace Attempt 80	[114.75 s]
0.0.Bm: Trace Attempt 21	[41.82 s]
0.0.N: Trace Attempt 80	[33.26 s]
0.0.Bm: Trace Attempt 23	[46.57 s]
0.0.Bm: Trace Attempt 24	[54.19 s]
0.0.Hp: Terminated by signal SIGKILL (@ 1315.42 s)
0.0.Hp: ERROR (EPF089): This engine job has stopped and been automatically restarted "proofgrid_restarts"=10 times and will not be automatically restarted anymore. Investigate why it might have stopped so many times (memout, or ProofGrid setup problem maybe?).
    Terminated unexpectedly 11 times
0.0.Bm: Trace Attempt 25	[65.50 s]
0.0.Mp: Proofgrid shell started at 1389284@della-r3c3n3(local) jg_1383747_della-r3c3n3_1
0.0.Mp: OS RSS memory limit : 17179869184 / 17179869184
0.0.Mp: clocks: 1, declared: 1, disabling: 0, posedge: 1, negedge: 0, noedge: 0, bothedge: 0
0.0.Bm: Trace Attempt 27	[70.54 s]
0.0.Mp: Trace Attempt  1	[0.62 s]
0.0.Mp: Trace Attempt  2	[0.75 s]
0.0.Mp: Trace Attempt  3	[3.49 s]
0.0.Mp: Trace Attempt  3	[4.41 s]
0.0.Mp: Trace Attempt  4	[4.56 s]
0.0.Bm: Trace Attempt 29	[75.90 s]
0.0.Ncustom5: Trace Attempt 81	[150.29 s]
0.0.Ncustom5: Trace Attempt  1	[150.40 s]
0.0.Ncustom5: Trace Attempt  2	[150.41 s]
0.0.Mp: Trace Attempt  4	[6.33 s]
0.0.Ncustom5: Trace Attempt  3	[150.44 s]
0.0.Mp: Trace Attempt  5	[6.47 s]
0.0.Mp: Trace Attempt  5	[9.66 s]
0.0.Bm: Trace Attempt 31	[81.39 s]
0.0.Mp: Trace Attempt  6	[14.65 s]
0.0.Bm: Trace Attempt 33	[87.25 s]
0.0.Ncustom5: Trace Attempt 81	[165.44 s]
0.0.Bm: Trace Attempt 35	[93.28 s]
0.0.Mp: Trace Attempt  7	[24.57 s]
0.0.Ncustom5: Trace Attempt 82	[172.54 s]
0.0.Ncustom5: Trace Attempt  1	[172.62 s]
0.0.Ncustom5: Trace Attempt  2	[172.62 s]
0.0.Ncustom5: Trace Attempt  3	[172.62 s]
0.0.Bm: Trace Attempt 37	[99.80 s]
0.0.Ncustom5: Trace Attempt 82	[178.07 s]
0.0.Bm: Trace Attempt 39	[106.45 s]
0.0.Ncustom5: Trace Attempt 83	[185.26 s]
0.0.Ncustom5: Trace Attempt  1	[185.38 s]
0.0.Ncustom5: Trace Attempt  2	[185.38 s]
0.0.Ncustom5: Trace Attempt  3	[185.38 s]
0.0.Bm: Trace Attempt 41	[113.59 s]
0.0.Mp: Trace Attempt  9	[44.18 s]
0.0.Ncustom5: Trace Attempt 83	[190.82 s]
0.0.Bm: Trace Attempt 43	[120.90 s]
0.0.Ncustom5: Trace Attempt 84	[198.55 s]
0.0.Ncustom5: Trace Attempt  1	[198.66 s]
0.0.Ncustom5: Trace Attempt  2	[198.66 s]
0.0.Ncustom5: Trace Attempt  3	[198.66 s]
0.0.Bm: Trace Attempt 45	[128.72 s]
0.0.Ncustom5: Trace Attempt 84	[204.13 s]
0.0.Bm: Trace Attempt 47	[136.73 s]
0.0.N: Trace Attempt 84	[127.41 s]
0.0.Ncustom5: Trace Attempt 85	[212.52 s]
0.0.Ncustom5: Trace Attempt  1	[212.66 s]
0.0.Ncustom5: Trace Attempt  2	[212.66 s]
0.0.Ncustom5: Trace Attempt  3	[212.66 s]
0.0.Bm: Trace Attempt 48	[140.80 s]
0.0.Ncustom5: Trace Attempt 85	[218.30 s]
0.0.Bm: Trace Attempt 49	[145.49 s]
0.0.N: Trace Attempt 85	[138.22 s]
0.0.Bm: Trace Attempt 50	[149.84 s]
0.0.Ncustom5: Trace Attempt 86	[225.85 s]
0.0.Ncustom5: Trace Attempt  1	[225.98 s]
0.0.Ncustom5: Trace Attempt  2	[225.98 s]
0.0.Ncustom5: Trace Attempt  3	[225.99 s]
0.0.Mp: Trace Attempt 13	[84.14 s]
0.0.Bm: Trace Attempt 51	[154.43 s]
0.0.Ncustom5: Trace Attempt 86	[231.52 s]
0.0.Mp: Trace Attempt 16	[88.42 s]
0.0.Bm: Trace Attempt 52	[158.91 s]
0.0.N: Trace Attempt 86	[150.72 s]
0.0.Mp: Trace Attempt 19	[92.46 s]
0.0.Bm: Trace Attempt 53	[164.00 s]
0.0.Ncustom5: Trace Attempt 87	[239.76 s]
0.0.Ncustom5: Trace Attempt  1	[239.91 s]
0.0.Ncustom5: Trace Attempt  2	[239.91 s]
0.0.Ncustom5: Trace Attempt  3	[239.92 s]
0.0.Bm: Trace Attempt 54	[168.77 s]
0.0.Ncustom5: Trace Attempt 87	[245.72 s]
0.0.Bm: Trace Attempt 55	[173.80 s]
0.0.N: Trace Attempt 87	[164.56 s]
0.0.Bm: Trace Attempt 56	[178.71 s]
0.0.Ncustom5: Trace Attempt 88	[253.41 s]
0.0.Ncustom5: Trace Attempt  1	[253.56 s]
0.0.Ncustom5: Trace Attempt  2	[253.56 s]
0.0.Ncustom5: Trace Attempt  3	[253.56 s]
0.0.Ncustom5: Trace Attempt  6	[253.57 s]
0.0.Ncustom5: Per property time limit expired (255.93 s) [256.20 s]
0.0.Ncustom5: Stopped processing property "data_generator.data_generator_sva_i.c_wrap_r2"	[256.24 s].
0.0.Ncustom5: Starting proof for property "data_generator.data_generator_sva_i.c_wrap_r3"	[0.00 s].
0.0.N: Stopped processing property "data_generator.data_generator_sva_i.c_wrap_r2"	[171.92 s].
0.0.N: Starting proof for property "data_generator.data_generator_sva_i.c_wrap_r3"	[0.00 s].
0.0.Bm: Trace Attempt 57	[184.26 s]
0.0.Ncustom5: Trace Attempt 62	[3.39 s]
0.0.Bm: Trace Attempt 58	[189.48 s]
0.0.Ncustom5: Trace Attempt 63	[8.66 s]
0.0.Ncustom5: Trace Attempt  1	[8.72 s]
0.0.Ncustom5: Trace Attempt  2	[8.72 s]
0.0.Ncustom5: Trace Attempt  3	[8.74 s]
0.0.Bm: Trace Attempt 59	[195.03 s]
0.0.Ncustom5: Trace Attempt 64	[17.93 s]
0.0.Ncustom5: Trace Attempt  1	[17.98 s]
0.0.Ncustom5: Trace Attempt  2	[17.98 s]
0.0.Ncustom5: Trace Attempt  3	[17.98 s]
0.0.Bm: Trace Attempt 60	[200.44 s]
0.0.Bm: Trace Attempt 61	[206.48 s]
0.0.Ncustom5: Trace Attempt 65	[26.64 s]
0.0.Ncustom5: Trace Attempt  1	[26.69 s]
0.0.Ncustom5: Trace Attempt  2	[26.69 s]
0.0.Ncustom5: Trace Attempt  3	[26.70 s]
0.0.Bm: Trace Attempt 62	[212.16 s]
0.0.Ncustom5: Trace Attempt 66	[35.32 s]
0.0.Ncustom5: Trace Attempt  1	[35.37 s]
0.0.Ncustom5: Trace Attempt  2	[35.37 s]
0.0.Ncustom5: Trace Attempt  3	[35.38 s]
0.0.Bm: Trace Attempt 63	[218.19 s]
0.0.Bm: Trace Attempt 64	[224.08 s]
0.0.Ncustom5: Trace Attempt 67	[44.74 s]
0.0.Ncustom5: Trace Attempt  1	[44.80 s]
0.0.Ncustom5: Trace Attempt  2	[44.80 s]
0.0.Ncustom5: Trace Attempt  3	[44.80 s]
0.0.Bm: Trace Attempt 65	[230.65 s]
0.0.Ncustom5: Trace Attempt 68	[54.36 s]
0.0.Ncustom5: Trace Attempt  1	[54.43 s]
0.0.Ncustom5: Trace Attempt  2	[54.43 s]
0.0.Ncustom5: Trace Attempt  3	[54.43 s]
0.0.Bm: Trace Attempt 66	[236.87 s]
0.0.Mp: Trace Attempt 21	[168.24 s]
0.0.Ncustom5: Trace Attempt 68	[58.51 s]
0.0.Mp: Trace Attempt 23	[172.96 s]
0.0.Bm: Trace Attempt 67	[243.46 s]
0.0.Ncustom5: Trace Attempt 69	[63.89 s]
0.0.Ncustom5: Trace Attempt  1	[63.94 s]
0.0.Ncustom5: Trace Attempt  2	[63.94 s]
0.0.Ncustom5: Trace Attempt  3	[63.95 s]
0.0.Mp: Trace Attempt 24	[177.25 s]
0.0.Bm: Trace Attempt 68	[249.54 s]
0.0.Ncustom5: Trace Attempt 69	[68.04 s]
0.0.Mp: Trace Attempt 26	[184.88 s]
0.0.Bm: Trace Attempt 69	[256.72 s]
0.0.Ncustom5: Trace Attempt 70	[74.53 s]
0.0.Ncustom5: Trace Attempt  1	[74.60 s]
0.0.Ncustom5: Trace Attempt  2	[74.60 s]
0.0.Ncustom5: Trace Attempt  3	[74.61 s]
0.0.Ncustom5: Trace Attempt 70	[78.79 s]
0.0.Mp: Trace Attempt 28	[191.32 s]
0.0.Bm: Trace Attempt 70	[263.12 s]
0.0.Mp: Trace Attempt 30	[196.67 s]
0.0.Ncustom5: Trace Attempt 71	[85.07 s]
0.0.Ncustom5: Trace Attempt  1	[85.13 s]
0.0.Ncustom5: Trace Attempt  2	[85.13 s]
0.0.Ncustom5: Trace Attempt  3	[85.14 s]
0.0.Bm: Trace Attempt 71	[270.30 s]
0.0.Ncustom5: Trace Attempt 71	[89.38 s]
0.0.Bm: Trace Attempt 72	[276.91 s]
0.0.Ncustom5: Trace Attempt 72	[95.06 s]
0.0.Ncustom5: Trace Attempt  1	[95.14 s]
0.0.Ncustom5: Trace Attempt  2	[95.14 s]
0.0.Ncustom5: Trace Attempt  3	[95.14 s]
0.0.Mp: Trace Attempt 31	[208.07 s]
0.0.Ncustom5: Trace Attempt 72	[99.56 s]
0.0.Mp: Trace Attempt 35	[212.20 s]
0.0.Bm: Trace Attempt 73	[284.73 s]
0.0.N: Stopped processing property "data_generator.data_generator_sva_i.c_wrap_r3"	[119.57 s].
0.0.N: Trace Attempt 72	[102.11 s]
0.0.N: Terminated by signal SIGKILL (@ 1553.46 s)
0.0.N: Engine should be restarted (starts=1, unexpected_terminations=1)
   Last recorded RSS memory usage: 3.73705 MiB
   Last recorded free memory: 119.348 MiB out of 186.894 MiB
0.0.N: Restarting engine (local)
0.0.N: Proofgrid shell started at 1390242@della-r3c3n3(local) jg_1383747_della-r3c3n3_1
0.0.N: OS RSS memory limit : 17179869184 / 17179869184
0.0.N: clocks: 1, declared: 1, disabling: 0, posedge: 1, negedge: 0, noedge: 0, bothedge: 0
0.0.N: Starting proof for property "data_generator.data_generator_sva_i.c_wrap_r3"	[0.00 s].
0.0.Bm: Trace Attempt 74	[307.51 s]
0.0.N: Trace Attempt 72	[4.86 s]
0.0.N: Trace Attempt 73	[10.88 s]
0.0.Bm: Trace Attempt 75	[316.44 s]
0.0.N: Trace Attempt 76	[15.70 s]
0.0.Bm: Trace Attempt 76	[323.75 s]
0.0.Ncustom5: Trace Attempt 73	[141.99 s]
0.0.N: Trace Attempt 77	[22.02 s]
0.0.N: Trace Attempt 80	[27.14 s]
0.0.Bm: Trace Attempt 77	[332.27 s]
0.0.N: Trace Attempt 81	[34.93 s]
0.0.Bm: Trace Attempt 78	[339.85 s]
0.0.N: Trace Attempt 84	[40.53 s]
0.0.Ncustom5: Trace Attempt 84	[163.71 s]
0.0.Bm: Trace Attempt 79	[348.35 s]
0.0.N: Trace Attempt 85	[49.71 s]
0.0.Bm: Trace Attempt 80	[356.38 s]
0.0.N: Trace Attempt 88	[55.88 s]
0.0.Ncustom5: Trace Attempt 88	[177.02 s]
0.0.Bm: Trace Attempt 81	[365.60 s]
0.0.N: Trace Attempt 89	[72.82 s]
0.0.Bm: Trace Attempt 82	[376.04 s]
0.0.Ncustom5: Trace Attempt 89	[194.21 s]
0.0.Ncustom5: Trace Attempt 92	[200.55 s]
0.0.N: Trace Attempt 92	[79.96 s]
0.0.Bm: Trace Attempt 83	[385.69 s]
0.0.Bm: Terminated by signal SIGKILL (@ 1646.34 s)
0.0.Bm: Engine should be restarted (starts=2, unexpected_terminations=2)
   Last recorded RSS memory usage: 3.96564 MiB
   Last recorded free memory: 116.357 MiB out of 186.894 MiB
0.0.Bm: Restarting engine (local)
0.0.Bm: Proofgrid shell started at 1390561@della-r3c3n3(local) jg_1383747_della-r3c3n3_1
0.0.Bm: OS RSS memory limit : 17179869184 / 17179869184
0.0.Bm: clocks: 1, declared: 1, disabling: 0, posedge: 1, negedge: 0, noedge: 0, bothedge: 0
0.0.N: Trace Attempt 93	[92.73 s]
0.0.Ncustom5: Trace Attempt 93	[213.79 s]
0.0.Bm: Trace Attempt  1	[0.68 s]
0.0.Bm: Trace Attempt  2	[2.64 s]
0.0.Bm: Trace Attempt  3	[4.62 s]
0.0.Bm: Trace Attempt  4	[6.58 s]
0.0.N: Trace Attempt 96	[99.75 s]
0.0.Ncustom5: Trace Attempt 96	[220.69 s]
0.0.Bm: Trace Attempt  5	[8.62 s]
0.0.Bm: Trace Attempt  7	[12.62 s]
0.0.Bm: Trace Attempt 10	[18.62 s]
0.0.Ncustom5: Trace Attempt 97	[232.14 s]
0.0.Ncustom5: Trace Attempt  1	[232.34 s]
0.0.Ncustom5: Trace Attempt  2	[232.34 s]
0.0.Ncustom5: Trace Attempt  3	[232.36 s]
0.0.N: Trace Attempt 97	[111.71 s]
0.0.Bm: Trace Attempt 12	[22.66 s]
0.0.Ncustom5: Trace Attempt 100	[239.62 s]
0.0.N: Trace Attempt 100	[119.09 s]
0.0.Bm: Trace Attempt 14	[26.83 s]
0.0.Bm: Trace Attempt 16	[31.08 s]
0.0.Bm: Trace Attempt 18	[35.78 s]
0.0.Ncustom5: Trace Attempt 101	[249.63 s]
0.0.N: Trace Attempt 101	[128.83 s]
0.0.Ncustom5: Trace Attempt  1	[249.89 s]
0.0.Ncustom5: Trace Attempt  2	[249.89 s]
0.0.Ncustom5: Trace Attempt  3	[249.90 s]
0.0.Bm: Trace Attempt 20	[40.41 s]
0.0.Ncustom5: Trace Attempt  6	[249.91 s]
0.0.Ncustom5: Per property time limit expired (256.00 s) [256.58 s]
0.0.Ncustom5: Stopped processing property "data_generator.data_generator_sva_i.c_wrap_r3"	[256.55 s].
0.0.Ncustom5: Starting proof for property "data_generator.data_generator_sva_i.c_wrap_r3"	[0.00 s].
0.0.N: Trace Attempt 104	[129.08 s]
0.0.N: Per property time limit expired (135.60 s) [136.17 s]
0.0.N: Stopped processing property "data_generator.data_generator_sva_i.c_wrap_r3"	[136.18 s].
0.0.N: Starting proof for property "data_generator.data_generator_sva_i.c_wrap_r3"	[0.00 s].
0.0.Bm: Trace Attempt 22	[45.21 s]
0.0.Bm: Trace Attempt 24	[50.04 s]
0.0.Ncustom5: Trace Attempt 104	[7.10 s]
0.0.N: Trace Attempt 104	[7.41 s]
0.0.Mp: Trace Attempt 37	[379.72 s]
0.0.Bm: Trace Attempt 26	[55.28 s]
0.0.Bm: Trace Attempt 28	[60.51 s]
0.0.Bm: Trace Attempt 29	[67.25 s]
0.0.Mp: Trace Attempt 39	[393.32 s]
0.0.N: Trace Attempt 105	[25.20 s]
0.0.N: Stopped processing property "data_generator.data_generator_sva_i.c_wrap_r3"	[25.20 s].
0.0.N: Morphing to M
0.0.N: All properties determined. [0.00 s]
0.0.N: Exited with Success (@ 0.00 s)
0.0.Ncustom5: Trace Attempt 105	[28.75 s]
0.0.Ncustom5: Stopped processing property "data_generator.data_generator_sva_i.c_wrap_r3"	[28.75 s].
0.0.Ncustom5: Morphing to Ncustom1
0.0.Ncustom5: All properties determined. [0.00 s]
0.0.Ncustom5: Exited with Success (@ 0.00 s)
0.0.Bm: Trace Attempt 31	[72.84 s]
0.0.Mp: Trace Attempt 40	[402.66 s]
0.0.Bm: Trace Attempt 33	[78.74 s]
0.0.M: clocks: 1, declared: 1, disabling: 0, posedge: 1, negedge: 0, noedge: 0, bothedge: 0
0.0.M: Starting proof for property "data_generator.data_generator_sva_i.c_wrap_r2"	[0.00 s].
0.0.M: Trace Attempt  1	[0.10 s]
0.0.M: Per property time limit expired (0.00 s) [0.58 s]
0.0.M: Stopped processing property "data_generator.data_generator_sva_i.c_wrap_r2"	[0.59 s].
0.0.M: Starting proof for property "data_generator.data_generator_sva_i.c_wrap_r3"	[0.00 s].
0.0.M: Trace Attempt  1	[0.09 s]
0.0.M: Trace Attempt  2	[0.53 s]
0.0.Ncustom1: clocks: 1, declared: 1, disabling: 0, posedge: 1, negedge: 0, noedge: 0, bothedge: 0
0.0.M: Trace Attempt  3	[1.69 s]
0.0.Ncustom1: Starting proof for property "data_generator.data_generator_sva_i.c_wrap_r3"	[0.00 s].
0.0.Bm: Trace Attempt 35	[84.86 s]
0.0.Mp: Trace Attempt 41	[411.77 s]
0.0.Bm: Trace Attempt 37	[91.45 s]
0.0.Mp: Trace Attempt 42	[420.57 s]
0.0.Bm: Trace Attempt 39	[98.17 s]
0.0.Mp: Trace Attempt 43	[429.08 s]
0.0.Bm: Trace Attempt 41	[105.30 s]
0.0.Mp: Trace Attempt 44	[437.31 s]
0.0.Bm: Trace Attempt 43	[112.68 s]
0.0.Ncustom1: Trace Attempt 109	[37.64 s]
0.0.Mp: Trace Attempt 45	[445.22 s]
0.0.Bm: Trace Attempt 45	[120.54 s]
0.0.Mp: Trace Attempt 46	[452.76 s]
0.0.Ncustom1: Trace Attempt 112	[45.50 s]
0.0.Bm: Trace Attempt 47	[128.59 s]
0.0.Bm: Trace Attempt 48	[132.66 s]
0.0.Bm: Trace Attempt 49	[137.37 s]
0.0.Ncustom1: Trace Attempt 113	[57.76 s]
0.0.Bm: Trace Attempt 50	[141.71 s]
0.0.Bm: Trace Attempt 51	[146.31 s]
0.0.Ncustom1: Trace Attempt 116	[65.95 s]
0.0.Bm: Trace Attempt 52	[150.82 s]
0.0.Mp: Trace Attempt 47	[479.65 s]
0.0.Bm: Trace Attempt 53	[155.90 s]
0.0.Mp: Trace Attempt 49	[490.20 s]
0.0.Bm: Trace Attempt 54	[164.84 s]
0.0.Bm: Trace Attempt 55	[172.42 s]
0.0.Mp: Trace Attempt 50	[498.99 s]
0.0.Ncustom1: Requesting engine job to stop
0.0.M: Requesting engine job to stop
0.0.Bm: Requesting engine job to terminate
0.0.Mp: Requesting engine job to terminate
INFO (IPF144): 0: Initiating shutdown of proof [1876.98 s]
0.0.M: Trace Attempt  6	[2.21 s]
0.0.M: A trace with 513 cycles was found. There may exist shorter traces (as short as 465 cycles) [89.12 s]
INFO (IPF047): 0.0.M: The cover property "data_generator.data_generator_sva_i.c_wrap_r3" was covered in 513 cycles in 159.17 s.
INFO (IPF047): 0.0.M: The cover property "data_generator.data_generator_sva_i.c_wrap_r1" was covered in 509 cycles in 159.17 s by the incidental trace "data_generator.data_generator_sva_i.c_wrap_r3".
INFO (IPF047): 0.0.M: The cover property "data_generator.data_generator_sva_i.c_wrap_r2" was covered in 511 cycles in 159.17 s by the incidental trace "data_generator.data_generator_sva_i.c_wrap_r3".
0: ProofGrid usable level: 0
0.0.M: Stopped processing property "data_generator.data_generator_sva_i.c_wrap_r3"	[159.53 s].
0.0.Ncustom1: Trace Attempt 117	[98.41 s]
0.0.Ncustom1: Trace Attempt  1	[98.70 s]
0.0.Ncustom1: Trace Attempt  2	[98.70 s]
0.0.Ncustom1: Trace Attempt  3	[98.72 s]
0.0.Ncustom1: Trace Attempt  6	[98.73 s]
0.0.Ncustom1: Per property time limit expired (100.00 s) [100.10 s]
0.0.Ncustom1: Stopped processing property "data_generator.data_generator_sva_i.c_wrap_r3"	[157.40 s].
0.0.Ncustom1: All properties determined. [148.24 s]
0.0.Bm: Trace Attempt 56	[177.38 s]
0.0.Bm: Trace Attempt 57	[182.92 s]
0.0.Bm: Trace Attempt 58	[188.14 s]
0.0.Bm: Trace Attempt 59	[193.78 s]
0.0.Bm: Trace Attempt 60	[199.16 s]
0.0.Bm: Trace Attempt 61	[205.19 s]
0.0.Bm: Trace Attempt 62	[210.87 s]
0.0.Bm: Trace Attempt 63	[216.89 s]
0.0.Bm: Trace Attempt 64	[222.79 s]
0.0.Bm: Trace Attempt 65	[229.36 s]
0.0.Mp: Trace Attempt 51	[504.95 s]
0.0.Mp: Trace Attempt 52	[510.64 s]
0.0.Mp: Trace Attempt 53	[516.01 s]
0.0.Mp: Trace Attempt 54	[521.08 s]
0.0.Mp: Trace Attempt 55	[525.83 s]
0.0.Mp: Trace Attempt 56	[530.21 s]
0.0.Mp: Trace Attempt 57	[553.75 s]
0.0.M: All properties determined. [150.38 s]
0.0.Ncustom1: Exited with Success (@ 1877.43 s)
0.0.M: Exited with Success (@ 1877.43 s)
0.0.Bm: Sending SIGKILL
0.0.Mp: Sending SIGKILL
0.0.Bm: Terminated by signal SIGKILL (@ 1879.38 s)
0.0.Mp: Trace Attempt 58	[553.91 s]
0.0.Mp: Terminated by signal SIGKILL (@ 1879.38 s)
0: --------------------------------------------------------------
ProofGrid Summary (utilization 99.81 %)
--------------------------------------------------------------
     engines started                               :    17
     engine jobs started                           :     6
     unexpected terminations                       :    26
       (0.AD 0.Bm 0.Hp 0.Ht 0.N)
     times jobs stopped due to restart limit       :     2
       (0.Hp 0.Ht)

    Average time in state (seconds)
    ------------------------------------------------------
    Engine  Pending     Running        Dead    Utilization
    ------------------------------------------------------
     Hp        5.53     1307.40        0.14       99.58 %
     Ht        4.63      845.74        0.02       99.46 %
    Ncustom1        0.91     1819.60        0.17       99.95 %
      M        1.02     1775.80        0.00       99.94 %
     Bm        1.36     1020.23        0.03       99.87 %
     Mp        0.47      555.56        0.00       99.92 %
    all        2.32     1220.72        0.06       99.81 %

    Total time in state (seconds)
    -----------------------------------------
            Pending     Running        Dead  
    -----------------------------------------
              13.92     7324.34        0.36

    Data read    : 137.61 MiB
    Data written : 82.17 kiB

0: All pending notifications were processed.
INFO (IPF059): Completed proof on task: "<embedded>" for proof thread 0

==============================================================
SUMMARY
==============================================================
           Properties Considered              : 31
                 assertions                   : 14
                  - proven                    : 3 (21.4286%)
                  - bounded_proven (user)     : 0 (0%)
                  - bounded_proven (auto)     : 0 (0%)
                  - marked_proven             : 0 (0%)
                  - cex                       : 11 (78.5714%)
                  - ar_cex                    : 0 (0%)
                  - undetermined              : 0 (0%)
                  - unknown                   : 0 (0%)
                  - error                     : 0 (0%)
                 covers                       : 17
                  - unreachable               : 0 (0%)
                  - bounded_unreachable (user): 0 (0%)
                  - covered                   : 17 (100%)
                  - ar_covered                : 0 (0%)
                  - undetermined              : 0 (0%)
                  - unknown                   : 0 (0%)
                  - error                     : 0 (0%)
[<embedded>] % 
[<embedded>] % # ---- Covers (best effort) ----
[<embedded>] % catch { cover -all }
1
[<embedded>] % 
[<embedded>] % # ---- Write summary ----
[<embedded>] % set fp [open $SUMMARY_TXT "w"]
file43
[<embedded>] % puts $fp "DESIGN_ID=$DESIGN_ID"
[<embedded>] % puts $fp "TOP=$TOP"
[<embedded>] % puts $fp "ASSERT_COUNT=[llength $ASSERTS]"
[<embedded>] % puts $fp "COVER_COUNT=[llength $COVERS]"
[<embedded>] % puts $fp "PROP_LIST=$PROP_LIST_TXT"
[<embedded>] % close $fp
[<embedded>] % 
[<embedded>] % puts "\n✅ DONE: Proof run completed (check Jasper property table / log for PROVED/FAILED)"

✅ DONE: Proof run completed (check Jasper property table / log for PROVED/FAILED)
[<embedded>] % puts "INFO: Wrote $SUMMARY_TXT"
INFO: Wrote verification_results/02721/summary.txt
[<embedded>] % puts "INFO: Wrote $PROP_LIST_TXT"
INFO: Wrote verification_results/02721/property_list.txt
[<embedded>] % exit 0
INFO (IPL005): Received request to exit from the console.
INFO (IPL014): Waiting for the Tcl-thread to exit.
INFO: Waiting for proof threads to stop...
INFO: Proof threads stopped.
INFO (IPL018): The peak resident set memory use for this session was 16.962 GB.
INFO (IPL015): The Tcl-thread exited with status 0.
INFO (IPL016): Exiting the analysis session with status 0.
