JasperGold Apps 2021.03 FCS 64 bits 2021.03.23 02:50:43 UTC

Any disclosure about the Cadence Design Systems software or its use
model to any third party violates the written Non-Disclosure Agreement
between Cadence Design Systems, Inc. and the customer.

THIS SOFTWARE CONTAINS CONFIDENTIAL INFORMATION AND TRADE SECRETS OF
CADENCE DESIGN SYSTEMS, INC. USE, DISCLOSURE, OR REPRODUCTION IS
PROHIBITED WITHOUT THE PRIOR EXPRESS WRITTEN PERMISSION OF CADENCE
DESIGN SYSTEMS, INC.

Copyright (C) 2000-2021 Cadence Design Systems, Inc. All Rights
Reserved.  Unpublished -- rights reserved under the copyright laws of
the United States.

This product includes software developed by others and redistributed
according to license agreement. See doc/third_party_readme.txt for
further details.

RESTRICTED RIGHTS LEGEND

Use, duplication, or disclosure by the Government is subject to
restrictions as set forth in subparagraph (c) (1) (ii) of the Rights in
Technical Data and Computer Software clause at DFARS 252.227-7013 or
subparagraphs (c) (1) and (2) of Commercial Computer Software -- Restricted
Rights at 48 CFR 52.227-19, as applicable.


                          Cadence Design Systems, Inc. 
                          2655 Seely Avenue
                          San Jose, CA 95134
                          Phone: 408.943.1234

For technical assistance visit http://support.cadence.com.

JasperGold Apps Analysis Session - /home/ab2113/malik25_26/metrex/dataset/version_1/verification_results/03722/jgproject/sessionLogs/session_0

INFO: successfully checked out license "jasper_fao".
INFO: reading configuration file "/home/ab2113/.config/jasper/jaspergold.conf".
% # ============================================================
% # JasperGold Assertion Verification Runner (env-driven)
% # Output: verification_results/<DESIGN_ID>/
% #
% # Env:
% #   DESIGN_ID     : required (subfolder name)
% #   JG_DESIGN     : required, space/colon-separated RTL file paths OR a directory
% #   JG_SVA        : required, space/colon-separated SVA file paths OR a directory
% #
% # Optional:
% #   JG_TOP        : top module name. If missing, inferred from RTL (default: infer)
% #   JG_STD        : sv12 | sv11 | sv09 (default: sv12)
% #   JG_INCDIRS    : colon/space-separated include dirs (optional)
% #   JG_DEFINES    : space-separated defines NAME or NAME=VAL (optional)
% #   JG_NO_CLOCK   : 1 to force combinational clocking (default: 0)
% #   JG_RESET      : explicit reset signal name (optional)
% #   JG_RESET_EXPR : explicit reset expression (optional)
% # ============================================================
% 
% proc split_env_list {s} {
  if {$s eq ""} {return {}}
  set out {}
  foreach p [split $s " :"] { if {$p ne ""} {lappend out $p} }
  return $out
}
% 
% proc split_space_list {s} {
  if {$s eq ""} {return {}}
  set out {}
  foreach p [split $s " "] { if {$p ne ""} {lappend out $p} }
  return $out
}
% 
% proc collect_files_any {path} {
  # If path is a file, return it. If directory, glob common HDL extensions.
  if {[file isfile $path]} { return [list $path] }
  if {![file isdirectory $path]} { error "Not a file or directory: $path" }

  set patterns {*.sv *.svh *.v *.vh}
  set flist {}
  foreach p $patterns {
    foreach f [glob -nocomplain -types f -directory $path -tails -- $p] {
      lappend flist [file join $path $f]
    }
  }
  if {[llength $flist] == 0} { error "No HDL files found in directory: $path" }
  return $flist
}
% 
% proc read_file_text {path} {
  set fp [open $path "r"]
  set data [read $fp]
  close $fp
  return $data
}
% 
% proc strip_comments {text} {
  set out $text
  regsub -all {(?s)/\*.*?\*/} $out "" out
  regsub -all {(?m)//.*$} $out "" out
  return $out
}
% 
% proc infer_top_from_file {f} {
  if {![file isfile $f]} { return "" }
  set txt [strip_comments [read_file_text $f]]
  if {[regexp -nocase -line {^\s*module\s+([A-Za-z_][A-Za-z0-9_]*)} $txt -> m]} {
    return $m
  }
  return ""
}
% 
% proc find_reset_signal {top files} {
  set top_l [string tolower $top]
  set keywords {input output inout wire reg logic signed unsigned integer parameter localparam bit tri supply0 supply1 tri0 tri1 wand wor}
  foreach f $files {
    if {![file isfile $f]} { continue }
    set txt [strip_comments [read_file_text $f]]
    set re "(?s)\\mmodule\\s+${top_l}\\M\\s*(#\\s*\\(.*?\\)\\s*)?\\((.*?)\\)\\s*;"
    if {[regexp -nocase -- $re $txt -> _port_params portlist]} {
      set tokens [regexp -all -inline {\m[A-Za-z_][A-Za-z0-9_]*\M} $portlist]
      set names {}
      foreach t $tokens {
        set tl [string tolower $t]
        if {[lsearch -exact $keywords $tl] >= 0} { continue }
        lappend names $t
      }
      if {[llength $names] == 0} { continue }
      set lower_map [dict create]
      foreach n $names { dict set lower_map [string tolower $n] $n }
      set exact_priority {reset_n rst_n resetb rstb resetn rstn areset_n arst_n reset rst areset arst}
      foreach p $exact_priority {
        if {[dict exists $lower_map $p]} { return [dict get $lower_map $p] }
      }
      foreach n $names {
        set ln [string tolower $n]
        if {[regexp {(^|_)reset(_|$)} $ln] || [regexp {(^|_)rst(_|$)} $ln]} {
          return $n
        }
      }
    }
  }
  return ""
}
% 
% # ---- Read config from environment ----
% if {![info exists ::env(DESIGN_ID)] || $::env(DESIGN_ID) eq ""} {
  puts "ERROR: DESIGN_ID not set."
  exit 2
}
% if {![info exists ::env(JG_DESIGN)] || $::env(JG_DESIGN) eq ""} {
  puts "ERROR: JG_DESIGN not set."
  exit 2
}
% if {![info exists ::env(JG_SVA)] || $::env(JG_SVA) eq ""} {
  puts "ERROR: JG_SVA not set."
  exit 2
}
% 
% set DESIGN_ID $::env(DESIGN_ID)
03722
% 
% # JG_TOP is optional: if missing, infer from RTL
% set TOP ""
% if {[info exists ::env(JG_TOP)] && $::env(JG_TOP) ne ""} {
  set TOP $::env(JG_TOP)
}
% 
% set STD      [expr {[info exists ::env(JG_STD)] ? $::env(JG_STD) : "sv12"}]
sv12
% set INCDIRS  [expr {[info exists ::env(JG_INCDIRS)] ? [split_env_list $::env(JG_INCDIRS)] : {}}]
% # Defines should be space-separated (do NOT split on ':')
% set DEFINES  [expr {[info exists ::env(JG_DEFINES)] ? [split_space_list $::env(JG_DEFINES)] : {}}]
% set NO_CLOCK [expr {[info exists ::env(JG_NO_CLOCK)] ? $::env(JG_NO_CLOCK) : 0}]
1
% 
% # JG_DESIGN/JG_SVA can be:
% # - a directory
% # - a single file
% # - a list of files/dirs separated by spaces/colons
% set DESIGN_INPUTS [split_env_list $::env(JG_DESIGN)]
./03722/module.v
% set SVA_INPUTS    [split_env_list $::env(JG_SVA)]
./03722/sva.sv
% 
% set DESIGN_FILES {}
% foreach p $DESIGN_INPUTS { set DESIGN_FILES [concat $DESIGN_FILES [collect_files_any $p]] }
% 
% # Infer TOP if not provided
% if {$TOP eq ""} {
  foreach f $DESIGN_FILES {
    set guess [infer_top_from_file $f]
    if {$guess ne ""} { set TOP $guess; break }
  }
  if {$TOP eq ""} {
    puts "ERROR: Could not infer TOP from design files; set JG_TOP explicitly."
    exit 2
  }
}
% puts "INFO: Using TOP = $TOP"
INFO: Using TOP = pulse_generator
% 
% set SVA_FILES {}
% foreach p $SVA_INPUTS { set SVA_FILES [concat $SVA_FILES [collect_files_any $p]] }
% 
% # ---- Output dir ----
% set OUT_DIR [file join "verification_results" $DESIGN_ID]
verification_results/03722
% file mkdir $OUT_DIR
% set PROP_LIST_TXT [file join $OUT_DIR "property_list.txt"]
verification_results/03722/property_list.txt
% set SUMMARY_TXT   [file join $OUT_DIR "summary.txt"]
verification_results/03722/summary.txt
% 
% puts "INFO: Verification run starting"
INFO: Verification run starting
% puts "  DESIGN_ID : $DESIGN_ID"
  DESIGN_ID : 03722
% puts "  TOP       : $TOP"
  TOP       : pulse_generator
% puts "  STD       : $STD"
  STD       : sv12
% puts "  INCDIRS   : $INCDIRS"
  INCDIRS   : 
% puts "  DEFINES   : $DEFINES"
  DEFINES   : 
% puts "  NO_CLOCK  : $NO_CLOCK"
  NO_CLOCK  : 1
% puts "  N_DESIGN  : [llength $DESIGN_FILES]"
  N_DESIGN  : 1
% puts "  N_SVA     : [llength $SVA_FILES]"
  N_SVA     : 1
% puts "  OUT_DIR   : $OUT_DIR"
  OUT_DIR   : verification_results/03722
% 
% # Optional: promote common message groups to errors (best-effort)
% if {[llength [info commands set_msg_config]]} {
  set_msg_config -id COMP*  -severity error
  set_msg_config -id PARSE* -severity error
  set_msg_config -id ELAB*  -severity error
}
% 
% # ---- Build analyze options ----
% set analyze_opts [list analyze -$STD]
analyze -sv12
% if {[llength $INCDIRS] > 0} { lappend analyze_opts -incdir $INCDIRS }
% if {[llength $DEFINES] > 0} {
  foreach d $DEFINES { lappend analyze_opts -define $d }
}
% 
% # ---- Analyze + Elaborate ----
% set err 0
0
% puts "DEBUG: DESIGN_FILES = $DESIGN_FILES"
DEBUG: DESIGN_FILES = ./03722/module.v
% puts "DEBUG: SVA_FILES    = $SVA_FILES"
DEBUG: SVA_FILES    = ./03722/sva.sv
% 
% if {[catch {eval $analyze_opts $DESIGN_FILES} msg]} {
  puts "ERROR: analyze design failed:\n$msg"
  set err 1
}
[-- (VERI-1482)] Analyzing Verilog file '/scratch/gpfs/LICENSED/x86_64/cadence-20210126/jasper_2021.03/lib/verilog/packages/std/std.sv' into library 'std'
[-- (VERI-1482)] Analyzing Verilog file './03722/module.v'
% if {!$err && [catch {eval $analyze_opts $SVA_FILES} msg2]} {
  puts "ERROR: analyze SVA failed:\n$msg2"
  set err 1
}
[-- (VERI-1482)] Analyzing Verilog file './03722/sva.sv'
% 
% puts "DEBUG: Elaborating TOP='$TOP'"
DEBUG: Elaborating TOP='pulse_generator'
% if {!$err && [catch {elaborate -top $TOP} emsg]} {
  puts "ERROR: elaborate failed:\n$emsg"
  set err 1
}
INFO (ISW003): Top module name is "pulse_generator".
[INFO (HIER-8002)] ./03722/module.v(56): Disabling old hierarchical reference handler
[INFO (VERI-1018)] ./03722/sva.sv(2): compiling module 'pulse_generator_sva'
[WARN (VERI-1796)] ./03722/sva.sv(18): system function call isunknown with non-constant argument is not synthesizable
[WARN (VERI-1796)] ./03722/sva.sv(21): system function call isunknown with non-constant argument is not synthesizable
[INFO (VERI-1018)] ./03722/module.v(2): compiling module 'pulse_generator'
[WARN (VERI-1209)] ./03722/module.v(36): expression size 32 truncated to fit in target size 19
INFO (INL208): Elaboration synthesis summary:
  Number of synthesized netlists          3 (1 packages)
  Single run mode                         On
  Pipeline                                On (2 pipelined netlists)
  Late hierarchical reference connection  On
  Number of analyzed Verilog modules      3 (3 synthesized)
  Number of analyzed VHDL entities        0 (0 synthesized)
INFO (INL003): Clearing all state information (assumes, stopats, and so forth).
[<embedded>] % 
[<embedded>] % # If combinational / event-driven, you can force "no clock"
[<embedded>] % if {!$err && $NO_CLOCK} {
  catch { clock -none }
}
INFO (ICK008): Enabling clock-free environment.
0
[<embedded>] % 
[<embedded>] % if {$err} {
  puts "\n❌ FAILED: compile/elab errors"
  exit 1
}
[<embedded>] % 
[<embedded>] % # ---- Reset -----
[<embedded>] % set RESET_SIG ""
[<embedded>] % set RESET_EXPR ""
[<embedded>] % if {[info exists ::env(JG_RESET_EXPR)] && $::env(JG_RESET_EXPR) ne ""} {
  set RESET_EXPR $::env(JG_RESET_EXPR)
} elseif {[info exists ::env(JG_RESET)] && $::env(JG_RESET) ne ""} {
  set RESET_SIG $::env(JG_RESET)
} else {
  set RESET_SIG [find_reset_signal $TOP $DESIGN_FILES]
}
reset
[<embedded>] % 
[<embedded>] % if {$RESET_EXPR ne ""} {
  puts "INFO: Using reset expression: $RESET_EXPR"
  catch { reset -expression $RESET_EXPR }
} elseif {$RESET_SIG ne ""} {
  if {[regexp -nocase {(_n|_b)$} $RESET_SIG]} {
    set RESET_EXPR "!$RESET_SIG"
    puts "INFO: Using active-low reset expression: $RESET_EXPR"
    catch { reset -expression $RESET_EXPR }
  } else {
    puts "INFO: Using reset signal: $RESET_SIG"
    catch { reset $RESET_SIG }
  }
} else {
  puts "INFO: No reset signal found; using reset -none"
  catch { reset -none }
}
INFO: Using reset signal: reset
INFO (IPM031): Clearing proof results of all properties.
INFO (IRS006): Current reset condition is "reset".
0
[<embedded>] % 
[<embedded>] % # ---- Property discovery (bind sanity check) ----
[<embedded>] % set ASSERTS {}
[<embedded>] % set COVERS  {}
[<embedded>] % catch { set ASSERTS [assert -list -silent] }
0
[<embedded>] % catch { set COVERS  [cover  -list -silent] }
0
[<embedded>] % 
[<embedded>] % puts "INFO: Found [llength $ASSERTS] asserts, [llength $COVERS] covers"
INFO: Found 13 asserts, 16 covers
[<embedded>] % 
[<embedded>] % # Write property names
[<embedded>] % set fp [open $PROP_LIST_TXT "w"]
file41
[<embedded>] % puts $fp "ASSERT PROPERTIES:"
[<embedded>] % foreach a $ASSERTS { puts $fp $a }
[<embedded>] % puts $fp ""
[<embedded>] % puts $fp "COVER PROPERTIES:"
[<embedded>] % foreach c $COVERS { puts $fp $c }
[<embedded>] % close $fp
[<embedded>] % 
[<embedded>] % if {[llength $ASSERTS] == 0 && [llength $COVERS] == 0} {
  puts "\n❌ FAILED: No properties found (bind likely didn't attach, or wrong TOP)"
  exit 3
}
[<embedded>] % 
[<embedded>] % # ---- Prove all assertions ----
[<embedded>] % # 3600 seconds = 1 hour timeout per property (adjust as needed)
[<embedded>] % set_prove_time_limit 3600
[<embedded>] % puts "INFO: Running prove -all"
INFO: Running prove -all
[<embedded>] % if {[catch { prove -all } pmsg]} {
  puts "ERROR: prove command failed:\n$pmsg"
  exit 4
}
Ncustom1: Custom engine code is hT3Ng7hPPfiYQOTDZ3qhYOwGAM51eA+J/FjkM5shLioAsqhgLR4Ft+O1BuKG6ilQ83B9tLXSl+CwjiTMAQA
AMcustom2: Custom engine code is hT3Ng7hP/feYQOTDZ3qhYOwGAM51eA+J/FjkM5shLioAsqhgLR4Ft+O1BuKG6ilQ83B9tLXSmmqwm7g9AQA
INFO (IPF036): Starting proof on task: "<embedded>", 29 properties to prove with 0 already proven/unreachable
INFO (IRS029): Starting reset analysis: phase 1 of 4.
INFO (IRS030): Running reset analysis: phase 2 of 4.
INFO (IRS031): Running reset analysis: phase 3 of 4.
INFO (IRS020): Starting the reset analysis simulation with a limit of 100 iterations (phase 4 of 4).
INFO (IRS024): Reset iterations 0 to 4 analyzed.
INFO (IRS018): Reset analysis simulation executed for 3 iterations. Assigned values for 22 of 23 design flops, 0 of 0 design latches, 76 of 96 internal elements.
INFO (IRS039): Reset analysis complete.
INFO (IPF031): Settings used for proof thread 0:
    orchestration                 = on (auto)
    time_limit                    = 3600s
    per_property_time_limit       = 1s * 10 ^ scan
    engine_mode                   = auto
    proofgrid_per_engine_max_jobs = 1
    max engine jobs               = auto
    proofgrid_mode                = local
    proofgrid_restarts            = 10
AMcustom3: Custom engine code is hT3NE7hP/2Fz2XrVSbG0RDiSlOmcEY54dTxWvdDsI3//MxFcPzdQEJVlimlZshtLUKCpt0qXHu9EQAivsvCTP5Pi2s9EBccXnc85FrzRRX45WcXC5XpA9kyHdIYmOxUqsRrN5ntdfkwHRnO7f82Dn4pCsne09HV19Yd/o8VzV0c8nka+2MMhbNDEdLGC4SmTi8oNy00Nn40QJnMevDlPY3jIAQA
Ncustom4: Custom engine code is hT3OXrhPByJp3TrFSTLhUmMH4KVtJgmTCnNDF46yMXOKY48m4LS5nE7yBzFjA7kDuwO/GhGUpEPiky3p3wmPn3dJZHxFMsafSoObRzSC+tn7sEY0WbTdZ/FV4hL3MYH/b1CIUvXSWR4wqEoVLsmMOD4xIPT4lI1LO6ZCO7PnnWQuLwetnvKlrXx6wCW/A+x+enqslg1YPobi4wEF/EvbzOvcTYdJvl2s4H2yZg2b2ofAVN5WvhWk1HoBAA
Ncustom5: Custom engine code is hT3NR7hPByFp3TrFSTLhUmMH4KWtJglTyV/c51BHEeZWamnJv767nE6PCak26bd3gf3XGN3rIRheufhDieCJQVISo+gNYUKhiUedBKGtsP/a18svAnlMJZudHxDFwK5ufsyoxsIyiAeSY2oi3tEuoDHr5gw42DFKAG3PqO3CEsl8Azzdt3pl5nGA1Ifv2H02eYsFzWb/nfp8PMb3F0krE/EgBcm8TD9Div8BAA
Tricustom6: Custom engine code is hT3Nu7hP3fiYQADBZnYcglNHp9bfd7EOeniIqP/ji8sGLQu8yhsFO+wxJ+O+R0bU8g/IewXFomyos+viQnWc2xYNYmMqpo3i40O7DaZR7qfp4YqNx26KRvQ/qx0BAA
0.0.PRE: A proof was found: No trace exists. [0.00 s]
INFO (IPF057): 0.0.PRE: The property "pulse_generator.u_pulse_generator_sva._assert_1" was proven in 0.00 s.
0.0.PRE: A proof was found: No trace exists. [0.00 s]
INFO (IPF057): 0.0.PRE: The property "pulse_generator.u_pulse_generator_sva._assert_4" was proven in 0.00 s.
0: Found proofs for 2 properties in preprocessing
0: Using multistage preprocessing
0: Starting reduce
0: Finished reduce in 0s
0.0.PRE: A proof was found: No trace exists. [0.00 s]
INFO (IPF057): 0.0.PRE: The property "pulse_generator.u_pulse_generator_sva._assert_3" was proven in 0.00 s.
0.0.PRE: A proof was found: No trace exists. [0.00 s]
INFO (IPF051): 0.0.PRE: The cover property "pulse_generator.u_pulse_generator_sva._assert_3:precondition1" was proven unreachable in 0.00 s.
0: Found proofs for 2 properties in preprocessing
0.0.PRE: Performing Proof Simplification...
0.0.N: clocks: 2, declared: 1, disabling: 0, posedge: 2, negedge: 0, noedge: 0, bothedge: 0
0.0.N: Proof Simplification Iteration 1	[0.00 s]
0.0.N: Proof Simplification Iteration 2	[0.00 s]
0.0.N: Proof Simplification Iteration 3	[0.00 s]
0.0.PRE: A proof was found: No trace exists. [0.00 s]
INFO (IPF057): 0.0.PRE: The property ":noDeadEnd" was proven in 0.00 s.
    Use check_assumptions -show -dead_end to show this property in the property table.
0.0.PRE: A proof was found: No trace exists. [0.00 s]
INFO (IPF057): 0.0.PRE: The property ":noConflict" was proven in 0.00 s.
    Use check_assumptions -show to show this property in the property table.
INFO (IPF047): 0.0.PRE: The cover property ":live" was covered in 1 cycles in 0.00 s.
    Use check_assumptions -show -live to show this property in the property table.
0.0.PRE: Proof Simplification completed in 0.00 s
0: About to start ProofGrid in its own thread with a limit of 10000 pending notifications and a limit of 10 traces.
0: =============================== ProofGrid start ===============================
0: ProofGrid usable level: 25
0: ProofGrid is starting event handling
0.0.Hp: Proofgrid shell started at 1751082@della-h14n7(local) jg_1750695_della-h14n7_1
0.0.N: Proofgrid shell started at 1751081@della-h14n7(local) jg_1750695_della-h14n7_1
0.0.Hp: OS RSS memory limit : 17179869184 / 17179869184
0.0.Hp: clocks: 1, declared: 1, disabling: 0, posedge: 1, negedge: 0, noedge: 0, bothedge: 0
0.0.N: OS RSS memory limit : 17179869184 / 17179869184
0.0.N: clocks: 1, declared: 1, disabling: 0, posedge: 1, negedge: 0, noedge: 0, bothedge: 0
0.0.N: Next scan (0) will use per property time limit: 1s * 10 ^ 0 = 1s
0.0.N: Starting proof for property "pulse_generator.u_pulse_generator_sva._assert_2"	[0.00 s].
0.0.N: Trace Attempt  1	[0.00 s]
0.0.Hp: Trace Attempt  1	[0.00 s]
0.0.N: A max_length bound was found. The shortest trace is no longer than 4194304 cycles. [0.00 s]
INFO (IPF008): 0.0.N: A max_length bound of 4194304 was found for the property "pulse_generator.u_pulse_generator_sva._assert_2" in 0.00 s.
0.0.Hp: A trace with 1 cycles was found. [0.00 s]
INFO (IPF047): 0.0.Hp: The cover property "pulse_generator.u_pulse_generator_sva._assert_5:precondition1" was covered in 1 cycles in 0.01 s.
INFO (IPF055): 0.0.Hp: A counterexample (cex) with 1 cycles was found for the property "pulse_generator.u_pulse_generator_sva._assert_12" in 0.01 s.
INFO (IPF047): 0.0.Hp: The cover property "pulse_generator.u_pulse_generator_sva._assert_12:precondition1" was covered in 1 cycles in 0.01 s.
INFO (IPF047): 0.0.Hp: The cover property "pulse_generator.u_pulse_generator_sva._assert_13:precondition1" was covered in 1 cycles in 0.01 s.
0.0.Hp: A trace with 1 cycles was found. [0.00 s]
INFO (IPF047): 0.0.Hp: The cover property "pulse_generator.u_pulse_generator_sva._assert_6:precondition1" was covered in 1 cycles in 0.01 s.
0.0.N: Trace Attempt  2	[0.00 s]
0.0.N: Trace Attempt  3	[0.00 s]
0.0.N: Trace Attempt  3	[0.00 s]
0.0.N: Trace Attempt  4	[0.00 s]
0.0.N: Trace Attempt  5	[0.00 s]
0.0.Hp: Trace Attempt  2	[0.01 s]
0.0.N: Trace Attempt  1	[0.01 s]
0.0.N: Trace Attempt  2	[0.01 s]
0.0.N: Trace Attempt  3	[0.01 s]
0.0.N: Validation of fixpoint was successful. Time = 0.00
0.0.N: A proof was found: No trace exists. [0.01 s]
INFO (IPF057): 0.0.N: The property "pulse_generator.u_pulse_generator_sva._assert_2" was proven in 0.01 s.
0.0.N: Stopped processing property "pulse_generator.u_pulse_generator_sva._assert_2"	[0.01 s].
0.0.N: Starting proof for property "pulse_generator.u_pulse_generator_sva._assert_4:precondition1"	[0.00 s].
0.0.N: Trace Attempt  1	[0.00 s]
0.0.N: A max_length bound was found. The shortest trace is no longer than 4194304 cycles. [0.00 s]
INFO (IPF008): 0.0.N: A max_length bound of 4194304 was found for the property "pulse_generator.u_pulse_generator_sva._assert_4:precondition1" in 0.00 s.
0.0.N: Trace Attempt  2	[0.00 s]
0.0.N: Trace Attempt  2	[0.00 s]
0.0.N: Trace Attempt  3	[0.00 s]
0.0.N: Trace Attempt  3	[0.00 s]
0.0.N: A trace with 3 cycles was found. [0.00 s]
INFO (IPF047): 0.0.N: The cover property "pulse_generator.u_pulse_generator_sva._assert_4:precondition1" was covered in 3 cycles in 0.00 s.
INFO (IPF047): 0.0.N: The cover property "pulse_generator.u_pulse_generator_sva._assert_7:precondition1" was covered in 3 cycles in 0.00 s by the incidental trace "pulse_generator.u_pulse_generator_sva._assert_4:precondition1".
INFO (IPF047): 0.0.N: The cover property "pulse_generator.u_pulse_generator_sva._assert_8:precondition1" was covered in 3 cycles in 0.00 s by the incidental trace "pulse_generator.u_pulse_generator_sva._assert_4:precondition1".
INFO (IPF047): 0.0.N: The cover property "pulse_generator.u_pulse_generator_sva._cover_14" was covered in 3 cycles in 0.00 s by the incidental trace "pulse_generator.u_pulse_generator_sva._assert_4:precondition1".
0.0.N: Stopped processing property "pulse_generator.u_pulse_generator_sva._assert_4:precondition1"	[0.00 s].
0.0.N: Starting proof for property "pulse_generator.u_pulse_generator_sva._assert_5"	[0.00 s].
0.0.N: Trace Attempt  1	[0.00 s]
0.0.N: A max_length bound was found. The shortest trace is no longer than 8388608 cycles. [0.00 s]
INFO (IPF008): 0.0.N: A max_length bound of 8388608 was found for the property "pulse_generator.u_pulse_generator_sva._assert_5" in 0.00 s.
0.0.N: Trace Attempt  2	[0.00 s]
0.0.N: Trace Attempt  2	[0.00 s]
0.0.N: Trace Attempt  3	[0.00 s]
0.0.N: Trace Attempt  3	[0.00 s]
0.0.Hp: Trace Attempt  3	[0.01 s]
0.0.N: Trace Attempt  4	[0.00 s]
0.0.Hp: A trace with 3 cycles was found. [0.01 s]
INFO (IPF055): 0.0.Hp: A counterexample (cex) with 3 cycles was found for the property "pulse_generator.u_pulse_generator_sva._assert_6" in 0.02 s.
0.0.N: Trace Attempt  5	[0.00 s]
0.0.N: Trace Attempt  1	[0.01 s]
0.0.N: Trace Attempt  2	[0.01 s]
0.0.N: Trace Attempt  3	[0.01 s]
0.0.N: Trace Attempt  5	[0.01 s]
0.0.Ht: Proofgrid shell started at 1751095@della-h14n7(local) jg_1750695_della-h14n7_1
0.0.Hp: Lemmas used(4): ?3
0.0.Hp: A proof was found: No trace exists. [0.06 s]
INFO (IPF057): 0.0.Hp: The property "pulse_generator.u_pulse_generator_sva._assert_5" was proven in 0.06 s.
0.0.Hp: A proof was found: No trace exists. [0.06 s]
INFO (IPF057): 0.0.Hp: The property "pulse_generator.u_pulse_generator_sva._assert_7" was proven in 0.06 s.
0.0.Hp: A proof was found: No trace exists. [0.06 s]
INFO (IPF057): 0.0.Hp: The property "pulse_generator.u_pulse_generator_sva._assert_8" was proven in 0.06 s.
0.0.Hp: A proof was found: No trace exists. [0.06 s]
INFO (IPF057): 0.0.Hp: The property "pulse_generator.u_pulse_generator_sva._assert_9" was proven in 0.06 s.
0.0.Hp: A proof was found: No trace exists. [0.06 s]
INFO (IPF057): 0.0.Hp: The property "pulse_generator.u_pulse_generator_sva._assert_11" was proven in 0.06 s.
0.0.Hp: A proof was found: No trace exists. [0.06 s]
INFO (IPF057): 0.0.Hp: The property "pulse_generator.u_pulse_generator_sva._assert_13" was proven in 0.06 s.
0.0.Hp: Trace Attempt  4	[0.06 s]
0.0.Ht: OS RSS memory limit : 17179869184 / 17179869184
0.0.Ht: clocks: 1, declared: 1, disabling: 0, posedge: 1, negedge: 0, noedge: 0, bothedge: 0
0.0.N: Stopped processing property "pulse_generator.u_pulse_generator_sva._assert_5"	[0.05 s].
0.0.N: Starting proof for property "pulse_generator.u_pulse_generator_sva._assert_9:precondition1"	[0.00 s].
0.0.N: Trace Attempt  1	[0.00 s]
0.0.N: A max_length bound was found. The shortest trace is no longer than 8388608 cycles. [0.00 s]
INFO (IPF008): 0.0.N: A max_length bound of 8388608 was found for the property "pulse_generator.u_pulse_generator_sva._assert_9:precondition1" in 0.00 s.
0.0.Ht: Trace Attempt  1	[0.00 s]
0.0.N: Trace Attempt  2	[0.00 s]
0.0.Ht: Trace Attempt  2	[0.00 s]
0.0.Ht: Trace Attempt  3	[0.00 s]
0.0.Ht: Trace Attempt  4	[0.00 s]
0.0.N: Trace Attempt  3	[0.00 s]
0.0.Ht: Trace Attempt  5	[0.00 s]
0.0.N: Trace Attempt  3	[0.00 s]
0.0.N: Trace Attempt  4	[0.00 s]
0.0.N: Trace Attempt  5	[0.00 s]
0.0.N: Trace Attempt  1	[0.01 s]
0.0.N: Trace Attempt  2	[0.01 s]
0.0.N: Trace Attempt  3	[0.01 s]
0.0.N: Trace Attempt  5	[0.01 s]
0.0.B: Proofgrid shell started at 1751096@della-h14n7(local) jg_1750695_della-h14n7_1
0.0.B: OS RSS memory limit : 17179869184 / 17179869184
0.0.B: clocks: 1, declared: 1, disabling: 0, posedge: 1, negedge: 0, noedge: 0, bothedge: 0
0.0.B: Next scan (0) will use per property time limit: 1s * 10 ^ 0 = 1s
0.0.B: Starting proof for property "pulse_generator.u_pulse_generator_sva._assert_9:precondition1"	[0.00 s].
0.0.B: Trace Attempt  1	[0.00 s]
0.0.B: Trace Attempt  2	[0.00 s]
0.0.B: Trace Attempt  3	[0.00 s]
0.0.B: Trace Attempt  4	[0.00 s]
0.0.B: Trace Attempt  5	[0.00 s]
0.0.N: Trace Attempt  1	[0.05 s]
0.0.N: Trace Attempt  2	[0.05 s]
0.0.N: Trace Attempt  3	[0.05 s]
0.0.N: Trace Attempt  5	[0.05 s]
0: ProofGrid usable level: 8
0.0.B: Trace Attempt 145	[0.98 s]
0.0.B: Per property time limit expired (0.98 s) [0.99 s]
0.0.B: Stopped processing property "pulse_generator.u_pulse_generator_sva._assert_9:precondition1"	[0.99 s].
0.0.B: Starting proof for property "pulse_generator.u_pulse_generator_sva._assert_10"	[0.00 s].
0.0.B: A max_length bound was found. The shortest trace is no longer than 16777216 cycles. [0.00 s]
INFO (IPF008): 0.0.B: A max_length bound of 16777216 was found for the property "pulse_generator.u_pulse_generator_sva._assert_10" in 0.00 s.
0.0.B: Trace Attempt  1	[0.00 s]
0.0.N: Trace Attempt 110	[0.77 s]
0.0.N: Per property time limit expired (1.00 s) [1.00 s]
0.0.N: Stopped processing property "pulse_generator.u_pulse_generator_sva._assert_9:precondition1"	[1.00 s].
0.0.N: Starting proof for property "pulse_generator.u_pulse_generator_sva._assert_10"	[0.00 s].
0.0.N: Trace Attempt  1	[0.00 s]
0.0.B: Trace Attempt  2	[0.00 s]
0.0.N: Trace Attempt  2	[0.00 s]
0.0.N: Trace Attempt  3	[0.00 s]
0.0.B: Trace Attempt  3	[0.00 s]
0.0.B: Trace Attempt  4	[0.00 s]
0.0.N: Trace Attempt  3	[0.00 s]
0.0.B: Trace Attempt  5	[0.00 s]
0.0.N: Trace Attempt  4	[0.00 s]
0.0.N: Trace Attempt  5	[0.00 s]
0.0.N: Trace Attempt  1	[0.01 s]
0.0.N: Trace Attempt  2	[0.01 s]
0.0.N: Trace Attempt  3	[0.01 s]
0.0.B: Trace Attempt 139	[0.99 s]
0.0.B: Per property time limit expired (1.00 s) [1.00 s]
0.0.B: Stopped processing property "pulse_generator.u_pulse_generator_sva._assert_10"	[1.00 s].
0.0.B: Starting proof for property "pulse_generator.u_pulse_generator_sva._assert_10:precondition1"	[0.00 s].
0.0.N: Trace Attempt 100	[0.34 s]
0.0.N: Per property time limit expired (1.00 s) [1.00 s]
0.0.N: Stopped processing property "pulse_generator.u_pulse_generator_sva._assert_10"	[1.00 s].
0.0.N: Starting proof for property "pulse_generator.u_pulse_generator_sva._assert_10:precondition1"	[0.00 s].
0.0.N: Trace Attempt  1	[0.00 s]
0.0.N: A max_length bound was found. The shortest trace is no longer than 4194304 cycles. [0.00 s]
INFO (IPF008): 0.0.N: A max_length bound of 4194304 was found for the property "pulse_generator.u_pulse_generator_sva._assert_10:precondition1" in 0.00 s.
0.0.N: Trace Attempt  2	[0.00 s]
0.0.B: Trace Attempt  1	[0.00 s]
0.0.N: Trace Attempt  3	[0.00 s]
0.0.B: Trace Attempt  2	[0.00 s]
0.0.N: Trace Attempt  3	[0.00 s]
0.0.B: Trace Attempt  3	[0.00 s]
0.0.B: Trace Attempt  4	[0.00 s]
0.0.N: Trace Attempt  4	[0.00 s]
0.0.N: Trace Attempt  5	[0.00 s]
0.0.B: Trace Attempt  5	[0.00 s]
0.0.N: Trace Attempt  1	[0.01 s]
0.0.N: Trace Attempt  2	[0.01 s]
0.0.N: Trace Attempt  3	[0.01 s]
0.0.B: Trace Attempt 148	[0.99 s]
0.0.B: Per property time limit expired (1.00 s) [1.00 s]
0.0.B: Stopped processing property "pulse_generator.u_pulse_generator_sva._assert_10:precondition1"	[1.00 s].
0.0.B: Starting proof for property "pulse_generator.u_pulse_generator_sva._assert_11:precondition1"	[0.00 s].
0.0.B: A max_length bound was found. The shortest trace is no longer than 8388608 cycles. [0.00 s]
INFO (IPF008): 0.0.B: A max_length bound of 8388608 was found for the property "pulse_generator.u_pulse_generator_sva._assert_11:precondition1" in 0.00 s.
0.0.B: Trace Attempt  1	[0.00 s]
0.0.B: Trace Attempt  2	[0.00 s]
0.0.B: Trace Attempt  3	[0.00 s]
0.0.B: Trace Attempt  4	[0.00 s]
0.0.B: Trace Attempt  5	[0.00 s]
0.0.N: Trace Attempt 199	[1.00 s]
0.0.N: Per property time limit expired (1.00 s) [1.00 s]
0.0.N: Stopped processing property "pulse_generator.u_pulse_generator_sva._assert_10:precondition1"	[1.00 s].
0.0.N: Starting proof for property "pulse_generator.u_pulse_generator_sva._assert_11:precondition1"	[0.00 s].
0.0.N: Trace Attempt  1	[0.00 s]
0.0.N: Trace Attempt  2	[0.00 s]
0.0.N: Trace Attempt  3	[0.00 s]
0.0.N: Trace Attempt  3	[0.00 s]
0.0.N: Trace Attempt  4	[0.00 s]
0.0.N: Trace Attempt  5	[0.00 s]
0.0.N: Trace Attempt  1	[0.01 s]
0.0.N: Trace Attempt  2	[0.01 s]
0.0.N: Trace Attempt  3	[0.01 s]
0.0.N: Trace Attempt  1	[0.14 s]
0.0.N: Trace Attempt  2	[0.14 s]
0.0.N: Trace Attempt  3	[0.14 s]
0.0.B: Trace Attempt 148	[0.98 s]
0.0.B: Per property time limit expired (1.00 s) [1.00 s]
0.0.B: Stopped processing property "pulse_generator.u_pulse_generator_sva._assert_11:precondition1"	[1.00 s].
0.0.B: Starting proof for property "pulse_generator.u_pulse_generator_sva._cover_15"	[0.00 s].
0.0.B: A max_length bound was found. The shortest trace is no longer than 16777216 cycles. [0.00 s]
INFO (IPF008): 0.0.B: A max_length bound of 16777216 was found for the property "pulse_generator.u_pulse_generator_sva._cover_15" in 0.00 s.
0.0.B: Trace Attempt  1	[0.00 s]
0.0.B: Trace Attempt  2	[0.00 s]
0.0.B: Trace Attempt  3	[0.00 s]
0.0.B: Trace Attempt  4	[0.00 s]
0.0.B: Trace Attempt  5	[0.00 s]
0.0.N: Trace Attempt 96	[0.87 s]
0.0.N: Per property time limit expired (1.00 s) [1.00 s]
0.0.N: Stopped processing property "pulse_generator.u_pulse_generator_sva._assert_11:precondition1"	[1.00 s].
0.0.N: Starting proof for property "pulse_generator.u_pulse_generator_sva._cover_15"	[0.00 s].
0.0.N: Trace Attempt  1	[0.00 s]
0.0.N: Trace Attempt  2	[0.00 s]
0.0.N: Trace Attempt  3	[0.00 s]
0.0.N: Trace Attempt  3	[0.00 s]
0.0.N: Trace Attempt  4	[0.00 s]
0.0.N: Trace Attempt  5	[0.00 s]
0.0.N: Trace Attempt  1	[0.01 s]
0.0.N: Trace Attempt  2	[0.01 s]
0.0.N: Trace Attempt  3	[0.01 s]
0.0.N: Trace Attempt  1	[0.06 s]
0.0.N: Trace Attempt  2	[0.06 s]
0.0.N: Trace Attempt  3	[0.06 s]
0.0.Ht: Trace Attempt 201	[4.07 s]
0.0.B: Trace Attempt 140	[0.99 s]
0.0.B: Per property time limit expired (1.00 s) [1.00 s]
0.0.B: Stopped processing property "pulse_generator.u_pulse_generator_sva._cover_15"	[1.00 s].
0.0.B: Starting proof for property "pulse_generator.u_pulse_generator_sva._cover_16"	[0.00 s].
0.0.B: A max_length bound was found. The shortest trace is no longer than 8388608 cycles. [0.00 s]
INFO (IPF008): 0.0.B: A max_length bound of 8388608 was found for the property "pulse_generator.u_pulse_generator_sva._cover_16" in 0.00 s.
0.0.B: Trace Attempt  1	[0.00 s]
0.0.B: Trace Attempt  2	[0.00 s]
0.0.B: Trace Attempt  3	[0.00 s]
0.0.B: Trace Attempt  4	[0.00 s]
0.0.B: Trace Attempt  5	[0.00 s]
0.0.N: Trace Attempt 113	[0.96 s]
0.0.N: Per property time limit expired (1.00 s) [1.00 s]
0.0.N: Stopped processing property "pulse_generator.u_pulse_generator_sva._cover_15"	[1.00 s].
0.0.N: Starting proof for property "pulse_generator.u_pulse_generator_sva._cover_16"	[0.00 s].
0.0.N: Trace Attempt  1	[0.00 s]
0.0.N: Trace Attempt  2	[0.00 s]
0.0.N: Trace Attempt  3	[0.00 s]
0.0.N: Trace Attempt  3	[0.00 s]
0.0.N: Trace Attempt  4	[0.00 s]
0.0.N: Trace Attempt  5	[0.00 s]
0.0.N: Trace Attempt  1	[0.01 s]
0.0.N: Trace Attempt  2	[0.01 s]
0.0.N: Trace Attempt  3	[0.01 s]
0.0.N: Trace Attempt  5	[0.01 s]
0.0.N: Trace Attempt  1	[0.18 s]
0.0.N: Trace Attempt  2	[0.18 s]
0.0.N: Trace Attempt  3	[0.18 s]
0.0.N: Trace Attempt  5	[0.18 s]
0.0.B: Trace Attempt 150	[0.98 s]
0.0.B: Per property time limit expired (1.00 s) [1.00 s]
0.0.B: Stopped processing property "pulse_generator.u_pulse_generator_sva._cover_16"	[1.00 s].
0.0.B: Starting proof for property "pulse_generator.u_pulse_generator_sva._cover_17"	[0.00 s].
0.0.B: A max_length bound was found. The shortest trace is no longer than 16777216 cycles. [0.00 s]
INFO (IPF008): 0.0.B: A max_length bound of 16777216 was found for the property "pulse_generator.u_pulse_generator_sva._cover_17" in 0.00 s.
0.0.B: Trace Attempt  1	[0.00 s]
0.0.B: Trace Attempt  2	[0.00 s]
0.0.B: Trace Attempt  3	[0.00 s]
0.0.B: Trace Attempt  4	[0.00 s]
0.0.B: Trace Attempt  5	[0.00 s]
0.0.N: Trace Attempt 103	[0.91 s]
0.0.N: Per property time limit expired (1.00 s) [1.00 s]
0.0.N: Stopped processing property "pulse_generator.u_pulse_generator_sva._cover_16"	[1.00 s].
0.0.N: Starting proof for property "pulse_generator.u_pulse_generator_sva._cover_17"	[0.00 s].
0.0.N: Trace Attempt  1	[0.00 s]
0.0.N: Trace Attempt  2	[0.00 s]
0.0.N: Trace Attempt  2	[0.00 s]
0.0.N: Trace Attempt  3	[0.00 s]
0.0.N: Trace Attempt  4	[0.00 s]
0.0.N: Trace Attempt  4	[0.00 s]
0.0.N: Trace Attempt  5	[0.00 s]
0.0.N: Trace Attempt  1	[0.01 s]
0.0.N: Trace Attempt  2	[0.01 s]
0.0.N: Trace Attempt  3	[0.01 s]
0.0.N: Trace Attempt  1	[0.05 s]
0.0.N: Trace Attempt  2	[0.05 s]
0.0.N: Trace Attempt  3	[0.05 s]
0.0.B: Trace Attempt 142	[0.97 s]
0.0.B: Per property time limit expired (1.00 s) [1.00 s]
0.0.B: Stopped processing property "pulse_generator.u_pulse_generator_sva._cover_17"	[1.00 s].
0.0.B: Starting proof for property "pulse_generator.u_pulse_generator_sva._cover_18"	[0.00 s].
0.0.B: A max_length bound was found. The shortest trace is no longer than 8388608 cycles. [0.00 s]
INFO (IPF008): 0.0.B: A max_length bound of 8388608 was found for the property "pulse_generator.u_pulse_generator_sva._cover_18" in 0.00 s.
0.0.B: Trace Attempt  1	[0.00 s]
0.0.B: Trace Attempt  2	[0.00 s]
0.0.B: Trace Attempt  3	[0.00 s]
0.0.B: Trace Attempt  4	[0.00 s]
0.0.B: Trace Attempt  5	[0.00 s]
0.0.N: Trace Attempt 130	[0.94 s]
0.0.N: Per property time limit expired (1.00 s) [1.00 s]
0.0.N: Stopped processing property "pulse_generator.u_pulse_generator_sva._cover_17"	[1.00 s].
0.0.N: Starting proof for property "pulse_generator.u_pulse_generator_sva._cover_18"	[0.00 s].
0.0.N: Trace Attempt  1	[0.00 s]
0.0.N: Trace Attempt  2	[0.00 s]
0.0.N: Trace Attempt  3	[0.00 s]
0.0.N: Trace Attempt  3	[0.00 s]
0.0.N: Trace Attempt  4	[0.00 s]
0.0.N: Trace Attempt  5	[0.00 s]
0.0.N: Trace Attempt  5	[0.00 s]
0.0.N: Trace Attempt  1	[0.00 s]
0.0.N: Trace Attempt  2	[0.00 s]
0.0.N: Trace Attempt  3	[0.00 s]
0.0.N: Trace Attempt  5	[0.00 s]
0.0.N: Trace Attempt  1	[0.01 s]
0.0.N: Trace Attempt  2	[0.01 s]
0.0.N: Trace Attempt  3	[0.01 s]
0.0.N: Trace Attempt  5	[0.01 s]
0.0.B: Trace Attempt 125	[0.99 s]
0.0.B: Per property time limit expired (1.00 s) [1.00 s]
0.0.B: Stopped processing property "pulse_generator.u_pulse_generator_sva._cover_18"	[1.00 s].
0.0.B: Next scan (1) will use per property time limit: 1s * 10 ^ 1 = 10s
0.0.B: Starting proof for property "pulse_generator.u_pulse_generator_sva._assert_9:precondition1"	[0.00 s].
0.0.B: Trace Attempt  1	[0.00 s]
0.0.B: Trace Attempt  2	[0.00 s]
0.0.B: Trace Attempt  3	[0.00 s]
0.0.B: Trace Attempt  4	[0.00 s]
0.0.B: Trace Attempt  5	[0.00 s]
0.0.N: Stopped processing property "pulse_generator.u_pulse_generator_sva._cover_18"	[1.00 s].
0.0.N: Next scan (1) will use per property time limit: 1s * 10 ^ 1 = 10s
0.0.N: Starting proof for property "pulse_generator.u_pulse_generator_sva._assert_9:precondition1"	[0.00 s].
0.0.N: Trace Attempt  1	[0.03 s]
0.0.N: Trace Attempt  2	[0.03 s]
0.0.N: Trace Attempt  3	[0.03 s]
0.0.N: Trace Attempt  5	[0.03 s]
0.0.Ht: Trace Attempt 267	[8.10 s]
0.0.N: Trace Attempt 365	[4.04 s]
0.0.B: Trace Attempt 244	[4.10 s]
0.0.Ht: Trace Attempt 328	[12.12 s]
0.0.N: Trace Attempt 443	[8.05 s]
0.0.B: Trace Attempt 324	[8.12 s]
0.0.Ht: Trace Attempt 378	[16.82 s]
0.0.B: Trace Attempt 378	[9.98 s]
0.0.B: Per property time limit expired (10.00 s) [10.01 s]
0.0.B: Stopped processing property "pulse_generator.u_pulse_generator_sva._assert_9:precondition1"	[10.01 s].
0.0.B: Starting proof for property "pulse_generator.u_pulse_generator_sva._assert_10"	[0.00 s].
0.0.B: Trace Attempt  1	[0.00 s]
0.0.B: Trace Attempt  2	[0.00 s]
0.0.B: Trace Attempt  3	[0.00 s]
0.0.B: Trace Attempt  4	[0.00 s]
0.0.B: Trace Attempt  5	[0.00 s]
0.0.N: Trace Attempt 538	[9.04 s]
0.0.N: Per property time limit expired (10.00 s) [10.04 s]
0.0.N: Stopped processing property "pulse_generator.u_pulse_generator_sva._assert_9:precondition1"	[10.04 s].
0.0.N: Starting proof for property "pulse_generator.u_pulse_generator_sva._assert_10"	[0.00 s].
0.0.N: Trace Attempt 100	[0.01 s]
0.0.B: Trace Attempt 246	[4.06 s]
0.0.N: Trace Attempt 101	[5.47 s]
0.0.N: Trace Attempt  1	[5.72 s]
0.0.N: Trace Attempt  2	[5.72 s]
0.0.N: Trace Attempt  3	[5.72 s]
0.0.Ht: Trace Attempt 521	[23.92 s]
0.0.B: Trace Attempt 345	[8.06 s]
0.0.Ht: Trace Attempt 545	[27.99 s]
0.0.B: Trace Attempt 352	[9.19 s]
0.0.B: Per property time limit expired (10.00 s) [10.01 s]
0.0.B: Stopped processing property "pulse_generator.u_pulse_generator_sva._assert_10"	[10.01 s].
0.0.B: Starting proof for property "pulse_generator.u_pulse_generator_sva._assert_10:precondition1"	[0.00 s].
0.0.B: Trace Attempt  1	[0.00 s]
0.0.B: Trace Attempt  2	[0.00 s]
0.0.B: Trace Attempt  3	[0.00 s]
0.0.B: Trace Attempt  4	[0.00 s]
0.0.B: Trace Attempt  5	[0.00 s]
0.0.N: Stopped processing property "pulse_generator.u_pulse_generator_sva._assert_10"	[9.99 s].
0.0.N: Starting proof for property "pulse_generator.u_pulse_generator_sva._assert_10:precondition1"	[0.00 s].
0.0.N: Trace Attempt  1	[0.01 s]
0.0.N: Trace Attempt  2	[0.01 s]
0.0.N: Trace Attempt  3	[0.01 s]
0.0.B: Trace Attempt 248	[4.03 s]
0.0.Ht: Trace Attempt 597	[32.08 s]
0.0.Ht: Trace Attempt 639	[36.12 s]
0.0.B: Trace Attempt 288	[8.15 s]
0.0.B: Trace Attempt 306	[9.51 s]
0.0.B: Per property time limit expired (10.00 s) [10.01 s]
0.0.B: Stopped processing property "pulse_generator.u_pulse_generator_sva._assert_10:precondition1"	[10.01 s].
0.0.B: Starting proof for property "pulse_generator.u_pulse_generator_sva._assert_11:precondition1"	[0.00 s].
0.0.B: Trace Attempt  1	[0.00 s]
0.0.B: Trace Attempt  2	[0.00 s]
0.0.B: Trace Attempt  3	[0.00 s]
0.0.B: Trace Attempt  4	[0.00 s]
0.0.B: Trace Attempt  5	[0.00 s]
0.0.N: Stopped processing property "pulse_generator.u_pulse_generator_sva._assert_10:precondition1"	[10.01 s].
0.0.N: Starting proof for property "pulse_generator.u_pulse_generator_sva._assert_11:precondition1"	[0.00 s].
0.0.N: Trace Attempt  1	[0.13 s]
0.0.N: Trace Attempt  2	[0.13 s]
0.0.N: Trace Attempt  3	[0.13 s]
0.0.Ht: Trace Attempt 658	[40.49 s]
0.0.B: Trace Attempt 261	[4.04 s]
0.0.N: Trace Attempt 253	[5.05 s]
0.0.Ht: Trace Attempt 687	[45.65 s]
0.0.B: Trace Attempt 316	[8.05 s]
0.0.B: Trace Attempt 321	[8.91 s]
0.0.B: Per property time limit expired (10.00 s) [10.01 s]
0.0.B: Stopped processing property "pulse_generator.u_pulse_generator_sva._assert_11:precondition1"	[10.01 s].
0.0.B: Starting proof for property "pulse_generator.u_pulse_generator_sva._cover_15"	[0.00 s].
0.0.B: Trace Attempt  1	[0.00 s]
0.0.B: Trace Attempt  2	[0.00 s]
0.0.B: Trace Attempt  3	[0.00 s]
0.0.B: Trace Attempt  4	[0.00 s]
0.0.B: Trace Attempt  5	[0.00 s]
0.0.N: Stopped processing property "pulse_generator.u_pulse_generator_sva._assert_11:precondition1"	[10.02 s].
0.0.N: Starting proof for property "pulse_generator.u_pulse_generator_sva._cover_15"	[0.00 s].
0.0.N: Trace Attempt  1	[0.04 s]
0.0.N: Trace Attempt  2	[0.04 s]
0.0.N: Trace Attempt  3	[0.05 s]
0.0.Ht: Trace Attempt 715	[49.69 s]
0.0.N: Trace Attempt 225	[4.08 s]
0.0.B: Trace Attempt 237	[4.13 s]
0.0.Ht: Trace Attempt 739	[53.76 s]
0.0.B: Trace Attempt 299	[8.16 s]
0.0.N: Trace Attempt 455	[9.39 s]
0.0.Ht: Trace Attempt 749	[57.85 s]
0.0.N: Trace Attempt 505	[9.95 s]
0.0.N: Per property time limit expired (10.00 s) [10.03 s]
0.0.N: Stopped processing property "pulse_generator.u_pulse_generator_sva._cover_15"	[10.03 s].
0.0.N: Starting proof for property "pulse_generator.u_pulse_generator_sva._cover_16"	[0.00 s].
0.0.N: Trace Attempt 45	[0.00 s]
0.0.N: Trace Attempt  1	[0.15 s]
0.0.N: Trace Attempt  2	[0.15 s]
0.0.N: Trace Attempt  3	[0.15 s]
0.0.N: Trace Attempt  5	[0.15 s]
0.0.B: Stopped processing property "pulse_generator.u_pulse_generator_sva._cover_15"	[11.96 s].
0.0.B: Starting proof for property "pulse_generator.u_pulse_generator_sva._cover_16"	[0.00 s].
0.0.B: Trace Attempt  1	[0.00 s]
0.0.B: Trace Attempt  2	[0.00 s]
0.0.B: Trace Attempt  3	[0.00 s]
0.0.B: Trace Attempt  4	[0.00 s]
0.0.B: Trace Attempt  5	[0.00 s]
0.0.Ht: Trace Attempt 764	[61.91 s]
0.0.N: Trace Attempt 208	[5.26 s]
0.0.B: Trace Attempt 269	[4.03 s]
0.0.Ht: Trace Attempt 780	[66.13 s]
0.0.N: Trace Attempt 385	[8.40 s]
0.0.N: Per property time limit expired (10.00 s) [10.03 s]
0.0.N: Stopped processing property "pulse_generator.u_pulse_generator_sva._cover_16"	[10.03 s].
0.0.N: Starting proof for property "pulse_generator.u_pulse_generator_sva._cover_17"	[0.00 s].
0.0.N: Trace Attempt 25	[0.00 s]
0.0.B: Stopped processing property "pulse_generator.u_pulse_generator_sva._cover_16"	[8.14 s].
0.0.B: Starting proof for property "pulse_generator.u_pulse_generator_sva._cover_17"	[0.00 s].
0.0.B: Trace Attempt  1	[0.00 s]
0.0.B: Trace Attempt  2	[0.00 s]
0.0.B: Trace Attempt  3	[0.00 s]
0.0.B: Trace Attempt  4	[0.00 s]
0.0.B: Trace Attempt  5	[0.00 s]
0.0.N: Trace Attempt  1	[0.03 s]
0.0.N: Trace Attempt  2	[0.03 s]
0.0.N: Trace Attempt  3	[0.03 s]
0.0.Ht: Trace Attempt 786	[70.28 s]
0.0.B: Trace Attempt 222	[4.04 s]
0.0.N: Trace Attempt 290	[5.11 s]
0.0.Ht: Trace Attempt 798	[74.48 s]
0.0.B: Trace Attempt 279	[8.15 s]
0.0.N: Trace Attempt 538	[9.43 s]
0.0.B: Trace Attempt 302	[9.98 s]
0.0.B: Per property time limit expired (10.00 s) [10.01 s]
0.0.B: Stopped processing property "pulse_generator.u_pulse_generator_sva._cover_17"	[10.01 s].
0.0.B: Starting proof for property "pulse_generator.u_pulse_generator_sva._cover_18"	[0.00 s].
0.0.B: Trace Attempt  1	[0.00 s]
0.0.B: Trace Attempt  2	[0.00 s]
0.0.B: Trace Attempt  3	[0.00 s]
0.0.B: Trace Attempt  4	[0.00 s]
0.0.B: Trace Attempt  5	[0.00 s]
0.0.N: Trace Attempt 650	[9.94 s]
0.0.N: Per property time limit expired (10.00 s) [10.03 s]
0.0.N: Stopped processing property "pulse_generator.u_pulse_generator_sva._cover_17"	[10.03 s].
0.0.N: Starting proof for property "pulse_generator.u_pulse_generator_sva._cover_18"	[0.00 s].
0.0.N: Trace Attempt 10	[0.00 s]
0.0.N: Trace Attempt  1	[0.01 s]
0.0.N: Trace Attempt  2	[0.01 s]
0.0.N: Trace Attempt  3	[0.01 s]
0.0.N: Trace Attempt  5	[0.01 s]
0.0.Ht: Trace Attempt 816	[78.91 s]
0.0.B: Trace Attempt 205	[4.00 s]
0.0.N: Trace Attempt 158	[4.37 s]
0.0.Ht: Trace Attempt 834	[82.95 s]
0.0.B: Trace Attempt 260	[8.06 s]
0.0.N: Trace Attempt 352	[8.38 s]
0.0.Ht: Trace Attempt 842	[87.06 s]
0.0.B: Trace Attempt 280	[9.86 s]
0.0.B: Per property time limit expired (10.00 s) [10.01 s]
0.0.B: Stopped processing property "pulse_generator.u_pulse_generator_sva._cover_18"	[10.01 s].
0.0.B: Next scan (2) will use per property time limit: 1s * 10 ^ 2 = 100s
0.0.B: Starting proof for property "pulse_generator.u_pulse_generator_sva._assert_9:precondition1"	[0.00 s].
0.0.B: Trace Attempt  1	[0.00 s]
0.0.B: Trace Attempt  2	[0.00 s]
0.0.B: Trace Attempt  3	[0.00 s]
0.0.B: Trace Attempt  4	[0.00 s]
0.0.B: Trace Attempt  5	[0.00 s]
0.0.N: Stopped processing property "pulse_generator.u_pulse_generator_sva._cover_18"	[10.03 s].
0.0.N: Next scan (2) will use per property time limit: 1s * 10 ^ 2 = 100s
0.0.N: Starting proof for property "pulse_generator.u_pulse_generator_sva._assert_9:precondition1"	[0.00 s].
0.0.N: Trace Attempt  1	[0.04 s]
0.0.N: Trace Attempt  2	[0.04 s]
0.0.N: Trace Attempt  3	[0.04 s]
0.0.N: Trace Attempt  5	[0.04 s]
0.0.Ht: Trace Attempt 856	[91.19 s]
0.0.B: Trace Attempt 240	[4.01 s]
0.0.N: Trace Attempt 365	[4.05 s]
0.0.Ht: Trace Attempt 871	[95.51 s]
0.0.B: Trace Attempt 304	[8.01 s]
0.0.N: Trace Attempt 447	[8.07 s]
0.0.B: Trace Attempt 396	[12.05 s]
0.0.N: Trace Attempt 755	[12.08 s]
0.0.Ht: Trace Attempt 885	[101.52 s]
0.0.N: Trace Attempt 911	[16.43 s]
0.0.B: Trace Attempt 439	[16.51 s]
0.0.Ht: Trace Attempt 897	[105.89 s]
0.0.N: Trace Attempt 1027	[20.45 s]
0.0.B: Trace Attempt 458	[21.10 s]
0.0.Ht: Trace Attempt 915	[110.10 s]
0.0.N: Trace Attempt 1244	[24.99 s]
0.0.B: Trace Attempt 595	[25.49 s]
0.0.N: Trace Attempt 1583	[28.99 s]
0.0.B: Trace Attempt 630	[30.18 s]
0.0.N: Trace Attempt 1782	[33.19 s]
0.0.N: Trace Attempt 1954	[39.44 s]
0.0.B: Trace Attempt 634	[41.92 s]
0.0.N: Trace Attempt 2109	[44.69 s]
0.0.B: Trace Attempt 704	[45.94 s]
0.0.N: Trace Attempt 2269	[48.79 s]
0.0.B: Trace Attempt 730	[51.02 s]
0.0.N: Trace Attempt 2690	[52.83 s]
0.0.B: Trace Attempt 751	[55.06 s]
0.0.N: Trace Attempt 2740	[56.83 s]
0.0.N: Trace Attempt 2779	[61.05 s]
0.0.B: Trace Attempt 758	[63.65 s]
0.0.N: Trace Attempt 2796	[65.28 s]
0.0.B: Trace Attempt 826	[67.66 s]
0.0.N: Trace Attempt 2811	[69.39 s]
0.0.B: Trace Attempt 925	[71.71 s]
0.0.N: Trace Attempt 2819	[73.72 s]
0.0.B: Trace Attempt 933	[78.66 s]
0.0.N: Trace Attempt 2852	[78.98 s]
0.0.Ht: Trace Attempt 1168	[171.30 s]
0.0.N: Trace Attempt 2877	[83.89 s]
0.0.N: Trace Attempt 2890	[88.28 s]
0.0.B: Trace Attempt 934	[88.69 s]
0.0.N: Trace Attempt 2901	[92.79 s]
0.0.B: Trace Attempt 947	[94.32 s]
0.0.Ht: Trace Attempt 1169	[182.64 s]
0.0.N: Trace Attempt 2907	[97.33 s]
0.0.B: Trace Attempt 1012	[98.34 s]
0.0.Ht: Trace Attempt 1176	[187.12 s]
0.0.B: Trace Attempt 1043	[99.95 s]
0.0.B: Per property time limit expired (100.00 s) [100.03 s]
0.0.B: Stopped processing property "pulse_generator.u_pulse_generator_sva._assert_9:precondition1"	[100.03 s].
0.0.B: Starting proof for property "pulse_generator.u_pulse_generator_sva._assert_10"	[0.00 s].
0.0.B: Trace Attempt  1	[0.00 s]
0.0.B: Trace Attempt  2	[0.00 s]
0.0.B: Trace Attempt  3	[0.00 s]
0.0.B: Trace Attempt  4	[0.00 s]
0.0.B: Trace Attempt  5	[0.00 s]
0.0.N: Trace Attempt 2910	[99.80 s]
0.0.N: Per property time limit expired (100.00 s) [100.25 s]
0.0.N: Stopped processing property "pulse_generator.u_pulse_generator_sva._assert_9:precondition1"	[100.25 s].
0.0.N: Starting proof for property "pulse_generator.u_pulse_generator_sva._assert_10"	[0.00 s].
0.0.N: Trace Attempt 100	[0.01 s]
0.0.Ht: Trace Attempt 1185	[191.42 s]
0.0.B: Trace Attempt 247	[4.01 s]
0.0.N: Trace Attempt 101	[5.42 s]
0.0.N: Trace Attempt  1	[5.67 s]
0.0.N: Trace Attempt  2	[5.67 s]
0.0.N: Trace Attempt  3	[5.67 s]
0.0.B: Trace Attempt 345	[8.06 s]
0.0.Ht: Trace Attempt 1200	[198.07 s]
0.0.N: Trace Attempt 182	[10.38 s]
0.0.B: Trace Attempt 389	[12.11 s]
0.0.Ht: Trace Attempt 1213	[202.24 s]
0.0.B: Trace Attempt 410	[16.11 s]
0.0.N: Trace Attempt 417	[17.69 s]
0.0.Ht: Trace Attempt 1227	[206.28 s]
0.0.Ht: Trace Attempt 1234	[210.50 s]
0.0.B: Trace Attempt 452	[23.00 s]
0.0.Ht: Trace Attempt 1245	[214.60 s]
0.0.N: Trace Attempt 607	[26.33 s]
0.0.B: Trace Attempt 454	[27.82 s]
0.0.Ht: Trace Attempt 1257	[219.22 s]
0.0.N: Trace Attempt 829	[33.08 s]
0.0.Ht: Trace Attempt 1279	[223.45 s]
0.0.B: Trace Attempt 467	[35.79 s]
0.0.N: Trace Attempt 1037	[39.56 s]
0.0.B: Trace Attempt 505	[39.84 s]
0.0.Ht: Trace Attempt 1280	[229.39 s]
0.0.N: Trace Attempt 1089	[44.89 s]
0.0.Ht: Trace Attempt 1307	[233.57 s]
0.0.N: Trace Attempt 1262	[49.06 s]
0.0.Ht: Trace Attempt 1323	[237.77 s]
0.0.B: Trace Attempt 528	[49.80 s]
0.0.Hp: Interrupted (multi)
0.0.Hp: Morphing to Bm
0.0.Hp: All properties determined. [0.00 s]
0.0.Hp: Exited with Success (@ 0.00 s)
0.0.Bm: clocks: 1, declared: 1, disabling: 0, posedge: 1, negedge: 0, noedge: 0, bothedge: 0
0.0.Bm: Trace Attempt  1	[0.01 s]
0.0.Bm: Trace Attempt  2	[0.01 s]
0.0.Bm: Trace Attempt  3	[0.01 s]
0.0.Bm: Trace Attempt  4	[0.01 s]
0.0.Bm: Trace Attempt  5	[0.01 s]
0.0.B: Stopped processing property "pulse_generator.u_pulse_generator_sva._assert_10"	[53.10 s].
0.0.B: Morphing to Hts
0.0.B: All properties determined. [0.00 s]
0.0.B: Exited with Success (@ 0.00 s)
0.0.Hts: clocks: 1, declared: 1, disabling: 0, posedge: 1, negedge: 0, noedge: 0, bothedge: 0
0.0.Hts: Starting proof for property "pulse_generator.u_pulse_generator_sva._cover_15"	[0.00 s].
0.0.Hts: Trace Attempt  1	[0.00 s]
0.0.Hts: Trace Attempt  2	[0.00 s]
0.0.Hts: Trace Attempt  3	[0.00 s]
0.0.Hts: Trace Attempt  4	[0.00 s]
0.0.Hts: Trace Attempt  5	[0.00 s]
0.0.N: Stopped processing property "pulse_generator.u_pulse_generator_sva._assert_10"	[52.96 s].
0.0.N: Morphing to AM
0.0.N: Trace Attempt 1435	[50.41 s]
0.0.N: All properties determined. [0.00 s]
0.0.N: Exited with Success (@ 0.00 s)
0.0.AM: clocks: 1, declared: 1, disabling: 0, posedge: 1, negedge: 0, noedge: 0, bothedge: 0
0.0.AM: Starting proof for property "pulse_generator.u_pulse_generator_sva._cover_15"	[0.00 s].
0.0.AM: Trace Attempt  1	[0.00 s]
0.0.AM: Trace Attempt  2	[0.00 s]
0.0.AM: Trace Attempt  3	[0.00 s]
0.0.AM: Trace Attempt  4	[0.00 s]
0.0.AM: Trace Attempt  5	[0.00 s]
0.0.AM: Trace Attempt  1	[0.00 s]
0.0.AM: Trace Attempt  2	[0.00 s]
0.0.AM: Trace Attempt  3	[0.00 s]
0.0.AM: Trace Attempt  1	[0.00 s]
0.0.AM: Trace Attempt  2	[0.00 s]
0.0.AM: Trace Attempt  3	[0.00 s]
0.0.AM: Trace Attempt  1	[0.01 s]
0.0.AM: Trace Attempt  2	[0.01 s]
0.0.AM: Trace Attempt  3	[0.01 s]
0.0.AM: Trace Attempt  1	[0.16 s]
0.0.AM: Trace Attempt  2	[0.16 s]
0.0.AM: Trace Attempt  3	[0.16 s]
0.0.AM: Trace Attempt 113	[0.87 s]
0.0.AM: Per property time limit expired (0.88 s) [0.88 s]
0.0.AM: Stopped processing property "pulse_generator.u_pulse_generator_sva._cover_15"	[0.88 s].
0.0.AM: Starting proof for property "pulse_generator.u_pulse_generator_sva._assert_9:precondition1"	[0.00 s].
0.0.AM: Trace Attempt  1	[0.00 s]
0.0.AM: Trace Attempt  2	[0.00 s]
0.0.AM: Trace Attempt  3	[0.00 s]
0.0.AM: Trace Attempt  4	[0.00 s]
0.0.AM: Trace Attempt  5	[0.00 s]
0.0.AM: Trace Attempt  1	[0.00 s]
0.0.AM: Trace Attempt  2	[0.00 s]
0.0.AM: Trace Attempt  3	[0.00 s]
0.0.AM: Trace Attempt  5	[0.00 s]
0.0.AM: Trace Attempt  1	[0.01 s]
0.0.AM: Trace Attempt  2	[0.01 s]
0.0.AM: Trace Attempt  3	[0.01 s]
0.0.AM: Trace Attempt  5	[0.01 s]
0.0.AM: Trace Attempt  1	[0.01 s]
0.0.AM: Trace Attempt  2	[0.01 s]
0.0.AM: Trace Attempt  3	[0.01 s]
0.0.AM: Trace Attempt  5	[0.01 s]
0.0.Hts: Trace Attempt 2910	[0.80 s]
0.0.Hts: Per property time limit expired (0.98 s) [1.24 s]
0.0.Hts: Stopped processing property "pulse_generator.u_pulse_generator_sva._cover_15"	[1.23 s].
0.0.Hts: Starting proof for property "pulse_generator.u_pulse_generator_sva._assert_9:precondition1"	[0.00 s].
0.0.Hts: Trace Attempt  1	[0.33 s]
0.0.Hts: Trace Attempt  2	[0.33 s]
0.0.Hts: Trace Attempt  3	[0.33 s]
0.0.Hts: Trace Attempt  4	[0.33 s]
0.0.Hts: Trace Attempt  5	[0.33 s]
0.0.AM: Trace Attempt 221	[0.99 s]
0.0.AM: Per property time limit expired (1.00 s) [1.00 s]
0.0.AM: Stopped processing property "pulse_generator.u_pulse_generator_sva._assert_9:precondition1"	[1.00 s].
0.0.AM: Starting proof for property "pulse_generator.u_pulse_generator_sva._assert_10"	[0.00 s].
0.0.AM: Trace Attempt  1	[0.00 s]
0.0.AM: Trace Attempt  2	[0.00 s]
0.0.AM: Trace Attempt  3	[0.00 s]
0.0.AM: Trace Attempt  4	[0.00 s]
0.0.AM: Trace Attempt  5	[0.00 s]
0.0.AM: Trace Attempt  1	[0.00 s]
0.0.AM: Trace Attempt  2	[0.00 s]
0.0.AM: Trace Attempt  3	[0.00 s]
0.0.AM: Trace Attempt  1	[0.01 s]
0.0.AM: Trace Attempt  2	[0.01 s]
0.0.AM: Trace Attempt  3	[0.01 s]
0.0.AM: Trace Attempt  1	[0.05 s]
0.0.AM: Trace Attempt  2	[0.05 s]
0.0.AM: Trace Attempt  3	[0.05 s]
0.0.Hts: Stopped processing property "pulse_generator.u_pulse_generator_sva._assert_9:precondition1"	[0.86 s].
0.0.Hts: Starting proof for property "pulse_generator.u_pulse_generator_sva._assert_10"	[0.00 s].
0.0.AM: Trace Attempt  1	[0.21 s]
0.0.AM: Trace Attempt  2	[0.21 s]
0.0.AM: Trace Attempt  3	[0.21 s]
0.0.Hts: Trace Attempt  1	[0.17 s]
0.0.Hts: Trace Attempt  2	[0.17 s]
0.0.Hts: Trace Attempt  3	[0.17 s]
0.0.Hts: Trace Attempt  4	[0.17 s]
0.0.Hts: Trace Attempt  5	[0.17 s]
0.0.Hts: Stopped processing property "pulse_generator.u_pulse_generator_sva._assert_10"	[0.52 s].
0.0.Hts: Morphing to AB
0.0.Hts: Trace Attempt 2629	[0.52 s]
0.0.Hts: All properties determined. [0.00 s]
0.0.Hts: Exited with Success (@ 0.00 s)
0.0.AB: clocks: 1, declared: 1, disabling: 0, posedge: 1, negedge: 0, noedge: 0, bothedge: 0
0.0.AB: Starting proof for property "pulse_generator.u_pulse_generator_sva._cover_18"	[0.00 s].
0.0.AB: Trace Attempt  1	[0.00 s]
0.0.AB: Trace Attempt  2	[0.00 s]
0.0.AB: Trace Attempt  3	[0.00 s]
0.0.AB: Trace Attempt  4	[0.00 s]
0.0.AB: Trace Attempt  5	[0.00 s]
0.0.AM: Stopped processing property "pulse_generator.u_pulse_generator_sva._assert_10"	[0.63 s].
0.0.AM: Morphing to K
0.0.AM: Trace Attempt 66	[0.61 s]
0.0.AM: All properties determined. [0.00 s]
0.0.AM: Exited with Success (@ 0.00 s)
0.0.K: clocks: 1, declared: 1, disabling: 0, posedge: 1, negedge: 0, noedge: 0, bothedge: 0
0.0.K: Starting proof for property "pulse_generator.u_pulse_generator_sva._cover_18"	[0.00 s].
0.0.AB: Trace Attempt  1	[0.00 s]
0.0.AB: Trace Attempt  2	[0.00 s]
0.0.AB: Trace Attempt  3	[0.00 s]
0.0.K: Trace Attempt 10	[0.00 s]
0.0.AB: Trace Attempt  4	[0.00 s]
0.0.AB: Trace Attempt  5	[0.00 s]
0.0.K: Trace Attempt  1	[0.00 s]
0.0.K: Trace Attempt  2	[0.00 s]
0.0.K: Trace Attempt  3	[0.00 s]
0.0.K: Trace Attempt  4	[0.00 s]
0.0.K: Trace Attempt  5	[0.00 s]
0.0.AB: Trace Attempt  1	[0.01 s]
0.0.AB: Trace Attempt  2	[0.01 s]
0.0.AB: Trace Attempt  3	[0.01 s]
0.0.AB: Trace Attempt  4	[0.01 s]
0.0.AB: Trace Attempt  5	[0.01 s]
0.0.AB: Trace Attempt  1	[0.01 s]
0.0.AB: Trace Attempt  2	[0.01 s]
0.0.AB: Trace Attempt  3	[0.01 s]
0.0.AB: Trace Attempt  4	[0.01 s]
0.0.AB: Trace Attempt  5	[0.01 s]
0.0.AB: Trace Attempt  1	[0.04 s]
0.0.AB: Trace Attempt  2	[0.04 s]
0.0.AB: Trace Attempt  3	[0.05 s]
0.0.AB: Trace Attempt  4	[0.05 s]
0.0.AB: Trace Attempt  5	[0.05 s]
0.0.K: Trace Attempt  1	[0.87 s]
0.0.K: Trace Attempt  2	[0.87 s]
0.0.K: Trace Attempt  3	[0.87 s]
0.0.K: Trace Attempt  4	[0.87 s]
0.0.K: Trace Attempt  5	[0.88 s]
0.0.Bm: Trace Attempt 239	[4.03 s]
0.0.AB: Trace Attempt  1	[1.55 s]
0.0.AB: Trace Attempt  2	[1.55 s]
0.0.AB: Trace Attempt  3	[1.55 s]
0.0.AB: Trace Attempt  4	[1.55 s]
0.0.AB: Trace Attempt  5	[1.55 s]
0.0.AB: Trace Attempt 80	[1.99 s]
0.0.AB: Per property time limit expired (2.00 s) [2.00 s]
0.0.AB: Stopped processing property "pulse_generator.u_pulse_generator_sva._cover_18"	[2.00 s].
0.0.AB: Starting proof for property "pulse_generator.u_pulse_generator_sva._cover_15"	[0.00 s].
0.0.AB: Trace Attempt  1	[0.00 s]
0.0.AB: Trace Attempt  2	[0.00 s]
0.0.AB: Trace Attempt  3	[0.00 s]
0.0.AB: Trace Attempt  4	[0.00 s]
0.0.AB: Trace Attempt  5	[0.00 s]
0.0.AB: Trace Attempt  1	[0.00 s]
0.0.K: Trace Attempt 170	[1.99 s]
0.0.K: Per property time limit expired (2.00 s) [2.00 s]
0.0.AB: Trace Attempt  2	[0.00 s]
0.0.K: Stopped processing property "pulse_generator.u_pulse_generator_sva._cover_18"	[2.00 s].
0.0.AB: Trace Attempt  3	[0.00 s]
0.0.AB: Trace Attempt  4	[0.00 s]
0.0.AB: Trace Attempt  5	[0.00 s]
0.0.K: Starting proof for property "pulse_generator.u_pulse_generator_sva._cover_15"	[0.00 s].
0.0.K: Trace Attempt 23	[0.00 s]
0.0.AB: Trace Attempt  1	[0.01 s]
0.0.AB: Trace Attempt  2	[0.01 s]
0.0.AB: Trace Attempt  3	[0.01 s]
0.0.AB: Trace Attempt  4	[0.01 s]
0.0.AB: Trace Attempt  5	[0.01 s]
0.0.AB: Trace Attempt  1	[0.02 s]
0.0.AB: Trace Attempt  2	[0.02 s]
0.0.AB: Trace Attempt  3	[0.02 s]
0.0.AB: Trace Attempt  4	[0.02 s]
0.0.AB: Trace Attempt  5	[0.02 s]
0.0.K: Trace Attempt  1	[0.02 s]
0.0.K: Trace Attempt  2	[0.02 s]
0.0.K: Trace Attempt  3	[0.02 s]
0.0.K: Trace Attempt  4	[0.02 s]
0.0.K: Trace Attempt  5	[0.02 s]
0.0.AB: Trace Attempt  1	[0.05 s]
0.0.AB: Trace Attempt  2	[0.05 s]
0.0.AB: Trace Attempt  3	[0.05 s]
0.0.AB: Trace Attempt  4	[0.05 s]
0.0.AB: Trace Attempt  5	[0.05 s]
0.0.AB: Trace Attempt  1	[0.28 s]
0.0.AB: Trace Attempt  2	[0.28 s]
0.0.AB: Trace Attempt  3	[0.28 s]
0.0.AB: Trace Attempt  4	[0.28 s]
0.0.AB: Trace Attempt  5	[0.28 s]
0.0.AB: Trace Attempt 198	[1.98 s]
0.0.AB: Per property time limit expired (2.00 s) [2.00 s]
0.0.AB: Stopped processing property "pulse_generator.u_pulse_generator_sva._cover_15"	[2.00 s].
0.0.AB: Starting proof for property "pulse_generator.u_pulse_generator_sva._assert_10"	[0.00 s].
0.0.AB: Trace Attempt  1	[0.00 s]
0.0.AB: Trace Attempt  2	[0.00 s]
0.0.AB: Trace Attempt  3	[0.00 s]
0.0.AB: Trace Attempt  4	[0.00 s]
0.0.AB: Trace Attempt  5	[0.00 s]
0.0.K: Stopped processing property "pulse_generator.u_pulse_generator_sva._cover_15"	[2.00 s].
0.0.AB: Trace Attempt  1	[0.00 s]
0.0.K: Starting proof for property "pulse_generator.u_pulse_generator_sva._assert_10"	[0.00 s].
0.0.AB: Trace Attempt  2	[0.00 s]
0.0.AB: Trace Attempt  3	[0.00 s]
0.0.AB: Trace Attempt  4	[0.00 s]
0.0.AB: Trace Attempt  5	[0.00 s]
0.0.AB: Trace Attempt  1	[0.01 s]
0.0.AB: Trace Attempt  2	[0.01 s]
0.0.AB: Trace Attempt  3	[0.01 s]
0.0.AB: Trace Attempt  4	[0.01 s]
0.0.AB: Trace Attempt  5	[0.01 s]
0.0.AB: Trace Attempt  1	[0.27 s]
0.0.AB: Trace Attempt  2	[0.27 s]
0.0.AB: Trace Attempt  3	[0.27 s]
0.0.AB: Trace Attempt  4	[0.27 s]
0.0.AB: Trace Attempt  5	[0.27 s]
0.0.Bm: Trace Attempt 325	[8.03 s]
0.0.K: Trace Attempt  1	[2.66 s]
0.0.K: Trace Attempt  2	[2.66 s]
0.0.K: Trace Attempt  3	[2.66 s]
0.0.K: Trace Attempt  4	[2.66 s]
0.0.K: Trace Attempt  5	[2.66 s]
0.0.K: Stopped processing property "pulse_generator.u_pulse_generator_sva._assert_10"	[2.67 s].
0.0.K: Starting proof for property "pulse_generator.u_pulse_generator_sva._cover_17"	[0.00 s].
0.0.AB: Stopped processing property "pulse_generator.u_pulse_generator_sva._assert_10"	[2.67 s].
0.0.AB: Morphing to AM
0.0.AB: Trace Attempt 153	[2.67 s]
0.0.AB: All properties determined. [0.00 s]
0.0.AB: Exited with Success (@ 0.00 s)
0.0.AM: clocks: 1, declared: 1, disabling: 0, posedge: 1, negedge: 0, noedge: 0, bothedge: 0
0.0.AM: Starting proof for property "pulse_generator.u_pulse_generator_sva._cover_17"	[0.00 s].
0.0.AM: Trace Attempt  1	[0.00 s]
0.0.AM: Trace Attempt  2	[0.00 s]
0.0.AM: Trace Attempt  3	[0.00 s]
0.0.AM: Trace Attempt  4	[0.00 s]
0.0.AM: Trace Attempt  5	[0.00 s]
0.0.AM: Trace Attempt  1	[0.00 s]
0.0.AM: Trace Attempt  2	[0.00 s]
0.0.AM: Trace Attempt  3	[0.00 s]
0.0.AM: Trace Attempt  1	[0.01 s]
0.0.AM: Trace Attempt  2	[0.01 s]
0.0.AM: Trace Attempt  3	[0.01 s]
0.0.K: Trace Attempt  1	[0.02 s]
0.0.K: Trace Attempt  2	[0.02 s]
0.0.K: Trace Attempt  3	[0.02 s]
0.0.K: Trace Attempt  4	[0.02 s]
0.0.K: Trace Attempt  5	[0.02 s]
0.0.AM: Trace Attempt  1	[0.04 s]
0.0.AM: Trace Attempt  2	[0.04 s]
0.0.AM: Trace Attempt  3	[0.04 s]
0.0.AM: Trace Attempt  1	[0.25 s]
0.0.AM: Trace Attempt  2	[0.25 s]
0.0.AM: Trace Attempt  3	[0.25 s]
0.0.AM: Trace Attempt  1	[1.10 s]
0.0.AM: Trace Attempt  2	[1.10 s]
0.0.AM: Trace Attempt  3	[1.10 s]
0.0.Bm: Trace Attempt 364	[12.72 s]
0.0.AM: Trace Attempt 182	[3.95 s]
0.0.AM: Per property time limit expired (4.00 s) [4.00 s]
0.0.AM: Stopped processing property "pulse_generator.u_pulse_generator_sva._cover_17"	[4.00 s].
0.0.AM: Starting proof for property "pulse_generator.u_pulse_generator_sva._assert_11:precondition1"	[0.00 s].
0.0.K: Trace Attempt 243	[3.92 s]
0.0.K: Per property time limit expired (4.00 s) [4.00 s]
0.0.K: Stopped processing property "pulse_generator.u_pulse_generator_sva._cover_17"	[4.00 s].
0.0.K: Starting proof for property "pulse_generator.u_pulse_generator_sva._assert_11:precondition1"	[0.00 s].
0.0.AM: Trace Attempt  1	[0.00 s]
0.0.AM: Trace Attempt  2	[0.00 s]
0.0.AM: Trace Attempt  3	[0.00 s]
0.0.AM: Trace Attempt  4	[0.00 s]
0.0.AM: Trace Attempt  5	[0.00 s]
0.0.K: Trace Attempt 23	[0.00 s]
0.0.AM: Trace Attempt  1	[0.00 s]
0.0.AM: Trace Attempt  2	[0.00 s]
0.0.AM: Trace Attempt  3	[0.00 s]
0.0.AM: Trace Attempt  1	[0.01 s]
0.0.AM: Trace Attempt  2	[0.01 s]
0.0.AM: Trace Attempt  3	[0.01 s]
0.0.AM: Trace Attempt  1	[0.02 s]
0.0.AM: Trace Attempt  2	[0.02 s]
0.0.AM: Trace Attempt  3	[0.02 s]
0.0.K: Trace Attempt  1	[0.03 s]
0.0.K: Trace Attempt  2	[0.03 s]
0.0.K: Trace Attempt  3	[0.03 s]
0.0.K: Trace Attempt  4	[0.03 s]
0.0.K: Trace Attempt  5	[0.03 s]
0.0.Bm: Trace Attempt 399	[16.73 s]
0.0.K: Trace Attempt 127	[0.27 s]
0.0.K: Per property time limit expired (4.00 s) [4.00 s]
0.0.K: Stopped processing property "pulse_generator.u_pulse_generator_sva._assert_11:precondition1"	[4.01 s].
0.0.K: Starting proof for property "pulse_generator.u_pulse_generator_sva._assert_10"	[0.00 s].
0.0.K: Trace Attempt 100	[0.01 s]
0.0.AM: Trace Attempt 234	[2.47 s]
0.0.AM: Per property time limit expired (4.00 s) [4.01 s]
0.0.AM: Stopped processing property "pulse_generator.u_pulse_generator_sva._assert_11:precondition1"	[4.01 s].
0.0.AM: Starting proof for property "pulse_generator.u_pulse_generator_sva._assert_10"	[0.00 s].
0.0.AM: Trace Attempt  1	[0.00 s]
0.0.AM: Trace Attempt  2	[0.00 s]
0.0.AM: Trace Attempt  3	[0.00 s]
0.0.AM: Trace Attempt  4	[0.00 s]
0.0.AM: Trace Attempt  5	[0.00 s]
0.0.AM: Trace Attempt  1	[0.00 s]
0.0.AM: Trace Attempt  2	[0.00 s]
0.0.AM: Trace Attempt  3	[0.00 s]
0.0.AM: Trace Attempt  1	[0.01 s]
0.0.AM: Trace Attempt  2	[0.01 s]
0.0.AM: Trace Attempt  3	[0.01 s]
0.0.AM: Trace Attempt  1	[0.05 s]
0.0.AM: Trace Attempt  2	[0.05 s]
0.0.AM: Trace Attempt  3	[0.05 s]
0.0.AM: Trace Attempt  1	[0.21 s]
0.0.AM: Trace Attempt  2	[0.21 s]
0.0.AM: Trace Attempt  3	[0.21 s]
0.0.K: Stopped processing property "pulse_generator.u_pulse_generator_sva._assert_10"	[1.57 s].
0.0.K: Morphing to I
0.0.K: All properties determined. [0.00 s]
0.0.K: Exited with Success (@ 0.00 s)
0.0.I: clocks: 1, declared: 1, disabling: 0, posedge: 1, negedge: 0, noedge: 0, bothedge: 0
0.0.I: Starting proof for property "pulse_generator.u_pulse_generator_sva._assert_10"	[0.00 s].
0.0.AM: Stopped processing property "pulse_generator.u_pulse_generator_sva._assert_10"	[1.56 s].
0.0.AM: Morphing to Hts
0.0.AM: Trace Attempt 160	[1.52 s]
0.0.AM: All properties determined. [0.00 s]
0.0.AM: Exited with Success (@ 0.00 s)
0.0.I: Trace Attempt 12	[0.00 s]
0.0.Hts: Starting proof for property "pulse_generator.u_pulse_generator_sva._assert_10"	[0.00 s].
0.0.Hts: Trace Attempt  1	[0.00 s]
0.0.Hts: Trace Attempt  2	[0.00 s]
0.0.Hts: Trace Attempt  3	[0.00 s]
0.0.Hts: Trace Attempt  4	[0.00 s]
0.0.Hts: Trace Attempt  5	[0.00 s]
0.0.I: Trace Attempt  1	[0.01 s]
0.0.I: Trace Attempt  2	[0.01 s]
0.0.I: Trace Attempt  3	[0.02 s]
0.0.I: Trace Attempt  4	[0.02 s]
0.0.I: Trace Attempt  5	[0.02 s]
0.0.Bm: Trace Attempt 475	[20.94 s]
0.0.I: Trace Attempt  1	[3.33 s]
0.0.I: Trace Attempt  2	[3.33 s]
0.0.I: Trace Attempt  3	[3.33 s]
0.0.I: Trace Attempt  4	[3.33 s]
0.0.I: Trace Attempt  5	[3.33 s]
0.0.Bm: Trace Attempt 559	[24.99 s]
0.0.I: Trace Attempt  1	[6.64 s]
0.0.I: Trace Attempt  2	[6.64 s]
0.0.I: Trace Attempt  3	[6.64 s]
0.0.I: Trace Attempt  4	[6.64 s]
0.0.I: Trace Attempt  5	[6.64 s]
0.0.I: Trace Attempt 47	[7.63 s]
0.0.I: Per property time limit expired (8.00 s) [8.00 s]
0.0.I: Stopped processing property "pulse_generator.u_pulse_generator_sva._assert_10"	[8.00 s].
0.0.I: Starting proof for property "pulse_generator.u_pulse_generator_sva._cover_18"	[0.00 s].
0.0.I: Trace Attempt 11	[0.00 s]
0.0.I: Trace Attempt  1	[0.01 s]
0.0.I: Trace Attempt  2	[0.01 s]
0.0.I: Trace Attempt  3	[0.01 s]
0.0.Hts: Trace Attempt 2910	[0.78 s]
0.0.Hts: Per property time limit expired (8.00 s) [8.04 s]
0.0.Hts: Stopped processing property "pulse_generator.u_pulse_generator_sva._assert_10"	[8.04 s].
0.0.Hts: Starting proof for property "pulse_generator.u_pulse_generator_sva._cover_18"	[0.00 s].
0.0.Hts: Trace Attempt  1	[0.27 s]
0.0.Hts: Trace Attempt  2	[0.27 s]
0.0.Hts: Trace Attempt  3	[0.27 s]
0.0.Hts: Trace Attempt  4	[0.27 s]
0.0.Hts: Trace Attempt  5	[0.27 s]
0.0.I: Trace Attempt 80	[6.33 s]
0.0.Bm: Trace Attempt 594	[33.96 s]
0.0.I: Per property time limit expired (8.00 s) [8.00 s]
0.0.I: Stopped processing property "pulse_generator.u_pulse_generator_sva._cover_18"	[8.00 s].
0.0.I: Starting proof for property "pulse_generator.u_pulse_generator_sva._assert_10"	[0.00 s].
0.0.I: Trace Attempt  1	[0.01 s]
0.0.I: Trace Attempt  2	[0.01 s]
0.0.I: Trace Attempt  3	[0.01 s]
0.0.I: Trace Attempt  4	[0.01 s]
0.0.I: Trace Attempt  5	[0.01 s]
0.0.Hts: Trace Attempt 2910	[0.95 s]
0.0.Hts: Per property time limit expired (8.00 s) [9.64 s]
0.0.Hts: Stopped processing property "pulse_generator.u_pulse_generator_sva._cover_18"	[9.64 s].
0.0.Hts: Starting proof for property "pulse_generator.u_pulse_generator_sva._assert_10"	[0.00 s].
0.0.Hts: Trace Attempt  1	[0.04 s]
0.0.Hts: Trace Attempt  2	[0.04 s]
0.0.Hts: Trace Attempt  3	[0.04 s]
0.0.Hts: Trace Attempt  4	[0.04 s]
0.0.Hts: Trace Attempt  5	[0.04 s]
0.0.Hts: Stopped processing property "pulse_generator.u_pulse_generator_sva._assert_10"	[0.04 s].
0.0.Hts: Morphing to K
0.0.Hts: Trace Attempt 92	[0.04 s]
0.0.Hts: All properties determined. [0.00 s]
0.0.Hts: Exited with Success (@ 0.00 s)
0.0.K: clocks: 1, declared: 1, disabling: 0, posedge: 1, negedge: 0, noedge: 0, bothedge: 0
0.0.K: Starting proof for property "pulse_generator.u_pulse_generator_sva._assert_9:precondition1"	[0.00 s].
0.0.I: Stopped processing property "pulse_generator.u_pulse_generator_sva._assert_10"	[1.73 s].
0.0.I: Morphing to AB
0.0.I: Trace Attempt 47	[1.00 s]
0.0.I: All properties determined. [0.00 s]
0.0.I: Exited with Success (@ 0.00 s)
0.0.AB: clocks: 1, declared: 1, disabling: 0, posedge: 1, negedge: 0, noedge: 0, bothedge: 0
0.0.AB: Starting proof for property "pulse_generator.u_pulse_generator_sva._assert_9:precondition1"	[0.00 s].
0.0.AB: Trace Attempt  1	[0.00 s]
0.0.AB: Trace Attempt  2	[0.00 s]
0.0.AB: Trace Attempt  3	[0.00 s]
0.0.AB: Trace Attempt  4	[0.00 s]
0.0.AB: Trace Attempt  5	[0.00 s]
0.0.AB: Trace Attempt  1	[0.00 s]
0.0.AB: Trace Attempt  2	[0.00 s]
0.0.AB: Trace Attempt  3	[0.00 s]
0.0.AB: Trace Attempt  4	[0.00 s]
0.0.AB: Trace Attempt  5	[0.00 s]
0.0.AB: Trace Attempt  1	[0.00 s]
0.0.AB: Trace Attempt  2	[0.00 s]
0.0.AB: Trace Attempt  3	[0.00 s]
0.0.AB: Trace Attempt  4	[0.00 s]
0.0.AB: Trace Attempt  5	[0.00 s]
0.0.AB: Trace Attempt  1	[0.01 s]
0.0.AB: Trace Attempt  2	[0.01 s]
0.0.AB: Trace Attempt  3	[0.01 s]
0.0.AB: Trace Attempt  4	[0.01 s]
0.0.AB: Trace Attempt  5	[0.01 s]
0.0.K: Trace Attempt  1	[0.03 s]
0.0.K: Trace Attempt  2	[0.03 s]
0.0.K: Trace Attempt  3	[0.03 s]
0.0.K: Trace Attempt  4	[0.03 s]
0.0.K: Trace Attempt  5	[0.03 s]
0.0.AB: Trace Attempt 217	[4.01 s]
0.0.K: Trace Attempt 407	[4.12 s]
0.0.Bm: Trace Attempt 595	[44.49 s]
0.0.K: Trace Attempt 449	[8.17 s]
0.0.AB: Trace Attempt 285	[8.51 s]
0.0.Bm: Trace Attempt 687	[48.52 s]
0.0.AB: Trace Attempt 306	[12.52 s]
0.0.K: Trace Attempt 478	[13.49 s]
0.0.AB: Trace Attempt 348	[15.92 s]
0.0.AB: Per property time limit expired (16.00 s) [16.00 s]
0.0.AB: Stopped processing property "pulse_generator.u_pulse_generator_sva._assert_9:precondition1"	[16.00 s].
0.0.AB: Starting proof for property "pulse_generator.u_pulse_generator_sva._cover_16"	[0.00 s].
0.0.AB: Trace Attempt  1	[0.00 s]
0.0.AB: Trace Attempt  2	[0.00 s]
0.0.AB: Trace Attempt  3	[0.00 s]
0.0.AB: Trace Attempt  4	[0.00 s]
0.0.AB: Trace Attempt  5	[0.00 s]
0.0.K: Trace Attempt 490	[15.70 s]
0.0.K: Per property time limit expired (16.00 s) [16.00 s]
0.0.K: Stopped processing property "pulse_generator.u_pulse_generator_sva._assert_9:precondition1"	[16.01 s].
0.0.K: Starting proof for property "pulse_generator.u_pulse_generator_sva._cover_16"	[0.00 s].
0.0.AB: Trace Attempt  1	[0.00 s]
0.0.AB: Trace Attempt  2	[0.00 s]
0.0.AB: Trace Attempt  3	[0.00 s]
0.0.AB: Trace Attempt  4	[0.00 s]
0.0.AB: Trace Attempt  5	[0.00 s]
0.0.K: Trace Attempt 45	[0.00 s]
0.0.AB: Trace Attempt  1	[0.01 s]
0.0.AB: Trace Attempt  2	[0.01 s]
0.0.AB: Trace Attempt  3	[0.01 s]
0.0.AB: Trace Attempt  4	[0.01 s]
0.0.AB: Trace Attempt  5	[0.01 s]
0.0.AB: Trace Attempt  1	[0.02 s]
0.0.AB: Trace Attempt  2	[0.02 s]
0.0.AB: Trace Attempt  3	[0.02 s]
0.0.AB: Trace Attempt  4	[0.02 s]
0.0.AB: Trace Attempt  5	[0.02 s]
0.0.AB: Trace Attempt  1	[0.06 s]
0.0.AB: Trace Attempt  2	[0.06 s]
0.0.AB: Trace Attempt  3	[0.06 s]
0.0.AB: Trace Attempt  4	[0.06 s]
0.0.AB: Trace Attempt  5	[0.06 s]
0.0.K: Trace Attempt  1	[0.19 s]
0.0.K: Trace Attempt  2	[0.19 s]
0.0.K: Trace Attempt  3	[0.19 s]
0.0.K: Trace Attempt  4	[0.19 s]
0.0.K: Trace Attempt  5	[0.19 s]
0.0.AB: Trace Attempt  1	[0.31 s]
0.0.AB: Trace Attempt  2	[0.31 s]
0.0.AB: Trace Attempt  3	[0.31 s]
0.0.AB: Trace Attempt  4	[0.31 s]
0.0.AB: Trace Attempt  5	[0.31 s]
0.0.AB: Trace Attempt  1	[1.56 s]
0.0.AB: Trace Attempt  2	[1.56 s]
0.0.AB: Trace Attempt  3	[1.56 s]
0.0.AB: Trace Attempt  4	[1.56 s]
0.0.AB: Trace Attempt  5	[1.56 s]
0.0.K: Trace Attempt 242	[4.23 s]
0.0.AB: Trace Attempt 175	[5.60 s]
0.0.K: Trace Attempt 287	[8.48 s]
0.0.Bm: Trace Attempt 714	[62.07 s]
0.0.AB: Trace Attempt 241	[10.51 s]
0.0.K: Trace Attempt 404	[12.68 s]
0.0.AB: Trace Attempt 293	[14.63 s]
0.0.AB: Trace Attempt 316	[15.95 s]
0.0.AB: Per property time limit expired (16.00 s) [16.00 s]
0.0.AB: Stopped processing property "pulse_generator.u_pulse_generator_sva._cover_16"	[16.00 s].
0.0.AB: Starting proof for property "pulse_generator.u_pulse_generator_sva._assert_10"	[0.00 s].
0.0.AB: Trace Attempt  1	[0.00 s]
0.0.AB: Trace Attempt  2	[0.00 s]
0.0.AB: Trace Attempt  3	[0.00 s]
0.0.AB: Trace Attempt  4	[0.00 s]
0.0.AB: Trace Attempt  5	[0.00 s]
0.0.AB: Trace Attempt  1	[0.00 s]
0.0.AB: Trace Attempt  2	[0.00 s]
0.0.AB: Trace Attempt  3	[0.00 s]
0.0.AB: Trace Attempt  4	[0.00 s]
0.0.AB: Trace Attempt  5	[0.00 s]
0.0.K: Trace Attempt 405	[15.40 s]
0.0.K: Per property time limit expired (16.00 s) [16.01 s]
0.0.K: Stopped processing property "pulse_generator.u_pulse_generator_sva._cover_16"	[16.01 s].
0.0.K: Starting proof for property "pulse_generator.u_pulse_generator_sva._assert_10"	[0.00 s].
0.0.K: Trace Attempt 65	[0.00 s]
0.0.AB: Trace Attempt  1	[0.01 s]
0.0.AB: Trace Attempt  2	[0.01 s]
0.0.AB: Trace Attempt  3	[0.01 s]
0.0.AB: Trace Attempt  4	[0.01 s]
0.0.AB: Trace Attempt  5	[0.01 s]
0.0.AB: Trace Attempt  1	[0.27 s]
0.0.AB: Trace Attempt  2	[0.27 s]
0.0.AB: Trace Attempt  3	[0.27 s]
0.0.AB: Trace Attempt  4	[0.27 s]
0.0.AB: Trace Attempt  5	[0.27 s]
0.0.Bm: Trace Attempt 715	[70.07 s]
0.0.K: Trace Attempt  1	[2.15 s]
0.0.K: Trace Attempt  2	[2.15 s]
0.0.K: Trace Attempt  3	[2.15 s]
0.0.K: Trace Attempt  4	[2.15 s]
0.0.K: Trace Attempt  5	[2.15 s]
0.0.K: Stopped processing property "pulse_generator.u_pulse_generator_sva._assert_10"	[2.20 s].
0.0.K: Morphing to Tri
0.0.K: Trace Attempt 54	[2.20 s]
0.0.K: All properties determined. [0.00 s]
0.0.K: Exited with Success (@ 0.00 s)
0.0.AB: Stopped processing property "pulse_generator.u_pulse_generator_sva._assert_10"	[2.20 s].
0.0.AB: Morphing to Hts
0.0.AB: Trace Attempt 138	[2.15 s]
0.0.AB: All properties determined. [0.00 s]
0.0.AB: Exited with Success (@ 0.00 s)
0.0.Hts: clocks: 1, declared: 1, disabling: 0, posedge: 1, negedge: 0, noedge: 0, bothedge: 0
0.0.Hts: Starting proof for property "pulse_generator.u_pulse_generator_sva._assert_10"	[0.00 s].
0.0.Hts: Trace Attempt  1	[0.00 s]
0.0.Hts: Trace Attempt  2	[0.00 s]
0.0.Hts: Trace Attempt  3	[0.00 s]
0.0.Hts: Trace Attempt  4	[0.00 s]
0.0.Hts: Trace Attempt  5	[0.00 s]
0.0.Tri: clocks: 1, declared: 1, disabling: 0, posedge: 1, negedge: 0, noedge: 0, bothedge: 0
0.0.Tri: Starting proof for property "pulse_generator.u_pulse_generator_sva._assert_10"	[0.00 s].
0.0.Tri: Trace Attempt  1	[0.00 s]
0.0.Tri:    0.00" ---- Launching main thread ----
0.0.Tri:    0.22" ---- Launching abstraction thread ----
0.0.Tri:    0.26" ---- Launching multi-phase simplification thread ----
0.0.Tri: Trace Attempt  2	[0.36 s]
0.0.Tri: Trace Attempt  3	[0.36 s]
0.0.Tri: Trace Attempt  4	[0.36 s]
0.0.Tri: Trace Attempt  5	[0.36 s]
0.0.Tri:    1.36" Simplification phase 1 complete
0.0.Tri:    1.43" Simplification phase 2 complete
0.0.Tri:    1.50" Simplification phase 3 complete
   1.50" ---- Completed simplification thread ----
   1.50" ---- Restarting main thread on simplified netlist ----
0.0.Tri:    1.72" ---- Restarting abstraction thread on simplified netlist ----
0.0.Tri: Trace Attempt 10835	[4.36 s]
0.0.Bm: Trace Attempt 717	[75.33 s]
0.0.Tri: Trace Attempt 23153	[8.36 s]
0.0.Bm: Trace Attempt 820	[79.34 s]
0.0.Tri: Trace Attempt 42299	[12.36 s]
0.0.Tri: Trace Attempt 54598	[16.36 s]
0.0.Tri: Trace Attempt 64336	[20.36 s]
0.0.Tri: Trace Attempt 73776	[25.01 s]
0.0.Tri: Trace Attempt 87606	[29.32 s]
0.0.Bm: Trace Attempt 846	[101.46 s]
0.0.Hts: Trace Attempt 2910	[0.78 s]
0.0.Hts: Per property time limit expired (32.00 s) [32.03 s]
0.0.Hts: Stopped processing property "pulse_generator.u_pulse_generator_sva._assert_10"	[32.04 s].
0.0.Hts: Starting proof for property "pulse_generator.u_pulse_generator_sva._cover_17"	[0.00 s].
0.0.Tri: Trace Attempt 100535	[31.25 s]
0.0.Tri: Per property time limit expired (32.00 s) [32.06 s]
0.0.Tri: Stopped processing property "pulse_generator.u_pulse_generator_sva._assert_10"	[32.06 s].
0.0.Tri: Starting proof for property "pulse_generator.u_pulse_generator_sva._cover_17"	[0.00 s].
0.0.Tri: Trace Attempt  1	[0.00 s]
0.0.Tri:   32.03" ---- Launching main thread ----
0.0.Hts: Trace Attempt  1	[0.15 s]
0.0.Hts: Trace Attempt  2	[0.15 s]
0.0.Hts: Trace Attempt  3	[0.15 s]
0.0.Hts: Trace Attempt  4	[0.15 s]
0.0.Hts: Trace Attempt  5	[0.15 s]
0.0.Tri:   32.26" ---- Launching abstraction thread ----
0.0.Tri:   32.30" ---- Launching multi-phase simplification thread ----
0.0.Tri: Trace Attempt  2	[0.34 s]
0.0.Tri: Trace Attempt  3	[0.34 s]
0.0.Tri: Trace Attempt  4	[0.34 s]
0.0.Tri: Trace Attempt  5	[0.34 s]
0.0.Tri:   33.43" Simplification phase 1 complete
0.0.Tri:   33.51" Simplification phase 2 complete
0.0.Tri:   33.58" Simplification phase 3 complete
  33.58" ---- Completed simplification thread ----
0.0.Tri:   33.58" ---- Restarting main thread on simplified netlist ----
0.0.Tri:   33.81" ---- Restarting abstraction thread on simplified netlist ----
0.0.Tri: Trace Attempt 8984	[5.12 s]
0.0.Tri: Trace Attempt 23014	[9.12 s]
0.0.Bm: Trace Attempt 847	[114.40 s]
0.0.Tri: Trace Attempt 44323	[13.12 s]
0.0.Tri: Trace Attempt 58137	[17.12 s]
0.0.Bm: Trace Attempt 848	[120.58 s]
0.0.Tri: Trace Attempt 66821	[21.12 s]
0.0.Tri: Trace Attempt 71438	[25.41 s]
0.0.Tri: Trace Attempt 83073	[29.41 s]
0.0.Tri: Trace Attempt 90232	[31.64 s]
0.0.Tri: Per property time limit expired (32.00 s) [32.04 s]
0.0.Tri: Stopped processing property "pulse_generator.u_pulse_generator_sva._cover_17"	[32.05 s].
0.0.Tri: Starting proof for property "pulse_generator.u_pulse_generator_sva._assert_10"	[0.00 s].
0.0.Tri: Trace Attempt  1	[0.00 s]
0.0.Tri:   64.07" ---- Launching main thread ----
0.0.Hts: Trace Attempt 2910	[0.95 s]
0.0.Hts: Per property time limit expired (32.00 s) [32.19 s]
0.0.Hts: Stopped processing property "pulse_generator.u_pulse_generator_sva._cover_17"	[32.19 s].
0.0.Hts: Starting proof for property "pulse_generator.u_pulse_generator_sva._assert_10"	[0.00 s].
0.0.Hts: Trace Attempt  1	[0.04 s]
0.0.Hts: Trace Attempt  2	[0.04 s]
0.0.Hts: Trace Attempt  3	[0.04 s]
0.0.Hts: Trace Attempt  4	[0.04 s]
0.0.Hts: Trace Attempt  5	[0.05 s]
0.0.Tri:   64.29" ---- Launching abstraction thread ----
0.0.Tri:   64.33" ---- Launching multi-phase simplification thread ----
0.0.Hts: Stopped processing property "pulse_generator.u_pulse_generator_sva._assert_10"	[0.57 s].
0.0.Hts: Morphing to Tricustom6
0.0.Hts: Trace Attempt 3299	[0.57 s]
0.0.Hts: All properties determined. [0.00 s]
0.0.Hts: Exited with Success (@ 0.00 s)
0.0.Tricustom6: Starting clock optimization
0.0.Tricustom6: Finished clock optimization
0.0.Tricustom6: clocks: 1, declared: 1, disabling: 0, posedge: 1, negedge: 0, noedge: 0, bothedge: 0
0.0.Tri: Stopped processing property "pulse_generator.u_pulse_generator_sva._assert_10"	[0.66 s].
0.0.Tri: Morphing to AD
0.0.Tri: All properties determined. [0.00 s]
0.0.Tri: Exited with Success (@ 0.00 s)
0.0.AD: clocks: 1, declared: 1, disabling: 0, posedge: 1, negedge: 0, noedge: 0, bothedge: 0
0.0.AD: Starting proof for property "pulse_generator.u_pulse_generator_sva._cover_17"	[0.00 s].
0.0.AD: Trace Attempt  1	[0.00 s]
0.0.AD: Trace Attempt  2	[0.00 s]
0.0.AD: Trace Attempt  3	[0.00 s]
0.0.AD: Trace Attempt  4	[0.00 s]
0.0.AD: Trace Attempt  5	[0.00 s]
0.0.AD: Trace Attempt  1	[0.00 s]
0.0.AD: Trace Attempt  2	[0.00 s]
0.0.AD: Trace Attempt  3	[0.00 s]
0.0.AD: Trace Attempt  4	[0.00 s]
0.0.AD: Trace Attempt  1	[0.01 s]
0.0.AD: Trace Attempt  2	[0.01 s]
0.0.AD: Trace Attempt  3	[0.01 s]
0.0.AD: Trace Attempt  4	[0.01 s]
0.0.Tricustom6: Starting proof for property "pulse_generator.u_pulse_generator_sva._cover_17"	[0.00 s].
0.0.Tricustom6: Trace Attempt  4	[0.00 s]
0.0.Tricustom6:    0.00" ---- Launching main thread ----
0.0.Tricustom6:    0.22" ---- Launching abstraction thread ----
0.0.Tricustom6:    0.25" ---- Launching multi-phase simplification thread ----
0.0.AD: Trace Attempt  1	[0.35 s]
0.0.AD: Trace Attempt  2	[0.35 s]
0.0.AD: Trace Attempt  3	[0.35 s]
0.0.AD: Trace Attempt  4	[0.35 s]
0.0.Tricustom6:    1.10" Simplification phase 1 complete
0.0.Tricustom6:    1.17" Simplification phase 2 complete
0.0.Tricustom6:    2.22" Simplification phase 3 complete
   2.22" ---- Completed simplification thread ----
   2.22" ---- Restarting main thread on simplified netlist ----
0.0.Tricustom6:    2.44" ---- Restarting abstraction thread on simplified netlist ----
0.0.Tricustom6: Trace Attempt 23932	[4.54 s]
0.0.Bm: Trace Attempt 854	[142.78 s]
0.0.Tricustom6: Trace Attempt 98256	[8.90 s]
0.0.Tricustom6: Trace Attempt 153204	[12.90 s]
0.0.Tricustom6: Trace Attempt 218644	[16.91 s]
0.0.AD: Trace Attempt 64	[20.77 s]
0.0.Tricustom6: Trace Attempt 258916	[21.01 s]
0.0.Tricustom6: Trace Attempt 318048	[25.08 s]
0.0.Tricustom6: Trace Attempt 359640	[29.49 s]
0.0.Bm: Trace Attempt 855	[168.12 s]
0.0.Tricustom6: Trace Attempt 432720	[34.02 s]
0.0.Tricustom6: Trace Attempt 498088	[38.02 s]
0.0.Bm: Trace Attempt 856	[175.88 s]
0.0.Bm: Trace Attempt 903	[180.79 s]
0.0.Bm: Trace Attempt 913	[187.53 s]
0.0.AD: Per property time limit expired (63.97 s) [63.97 s]
0.0.AD: Stopped processing property "pulse_generator.u_pulse_generator_sva._cover_17"	[63.97 s].
0.0.AD: Starting proof for property "pulse_generator.u_pulse_generator_sva._assert_10"	[0.00 s].
0.0.AD: Trace Attempt  1	[0.00 s]
0.0.AD: Trace Attempt  2	[0.00 s]
0.0.AD: Trace Attempt  3	[0.00 s]
0.0.AD: Trace Attempt  4	[0.00 s]
0.0.AD: Trace Attempt  5	[0.00 s]
0.0.AD: Trace Attempt  1	[0.00 s]
0.0.AD: Trace Attempt  2	[0.00 s]
0.0.AD: Trace Attempt  3	[0.00 s]
0.0.AD: Trace Attempt  4	[0.01 s]
0.0.AD: Trace Attempt  5	[0.01 s]
0.0.AD: Trace Attempt  1	[0.01 s]
0.0.AD: Trace Attempt  2	[0.01 s]
0.0.AD: Trace Attempt  3	[0.01 s]
0.0.AD: Trace Attempt  4	[0.02 s]
0.0.AD: Trace Attempt  5	[0.02 s]
0.0.Tricustom6: Trace Attempt 500008	[38.08 s]
0.0.Tricustom6: Per property time limit expired (64.00 s) [64.02 s]
0.0.Tricustom6: Stopped processing property "pulse_generator.u_pulse_generator_sva._cover_17"	[64.02 s].
0.0.Tricustom6: Starting proof for property "pulse_generator.u_pulse_generator_sva._assert_10"	[0.00 s].
0.0.Tricustom6: Trace Attempt  4	[0.00 s]
0.0.Tricustom6:   64.00" ---- Launching main thread ----
0.0.Tricustom6:   64.22" ---- Launching abstraction thread ----
0.0.Tricustom6:   64.26" ---- Launching multi-phase simplification thread ----
0.0.Bm: Trace Attempt 914	[201.07 s]
0.0.Tricustom6:   65.84" Simplification phase 1 complete
0.0.Tricustom6:   65.91" Simplification phase 2 complete
0.0.Tricustom6:   67.05" Simplification phase 3 complete
  67.05" ---- Completed simplification thread ----
  67.05" ---- Restarting main thread on simplified netlist ----
0.0.Tricustom6:   67.27" ---- Restarting abstraction thread on simplified netlist ----
0.0.AD: Trace Attempt 65	[4.27 s]
0.0.AD: Trace Attempt  1	[4.58 s]
0.0.AD: Trace Attempt  2	[4.58 s]
0.0.AD: Trace Attempt  3	[4.58 s]
0.0.AD: Trace Attempt  4	[4.58 s]
0.0.AD: Trace Attempt  5	[4.58 s]
0.0.Bm: Trace Attempt 915	[207.55 s]
0.0.Tricustom6: Trace Attempt 66800	[8.02 s]
0.0.AD: Trace Attempt 54	[9.19 s]
0.0.Tricustom6: Trace Attempt 109292	[12.28 s]
0.0.Bm: Trace Attempt 989	[212.76 s]
0.0.Tricustom6: Trace Attempt 152584	[16.54 s]
0.0.Tricustom6: Trace Attempt 191992	[20.67 s]
0.0.Bm: Trace Attempt 990	[224.21 s]
0.0.Tricustom6: Trace Attempt 237804	[25.26 s]
0.0.Tricustom6: Trace Attempt 296172	[29.26 s]
0.0.Bm: Trace Attempt 991	[229.53 s]
0.0.Tricustom6: Trace Attempt 330636	[33.47 s]
0.0.Bm: Trace Attempt 993	[233.90 s]
0.0.Tricustom6: Trace Attempt 384960	[37.47 s]
0.0.Bm: Trace Attempt 1042	[237.93 s]
0.0.Tricustom6: Trace Attempt 435660	[41.47 s]
0.0.AD: Trace Attempt 86	[44.50 s]
0.0.Tricustom6: Trace Attempt 488736	[45.47 s]
0.0.Bm: Trace Attempt 1049	[259.66 s]
0.0.AD: Per property time limit expired (64.00 s) [64.00 s]
0.0.AD: Stopped processing property "pulse_generator.u_pulse_generator_sva._assert_10"	[64.00 s].
0.0.AD: Starting proof for property "pulse_generator.u_pulse_generator_sva._assert_10"	[0.00 s].
0.0.AD: Trace Attempt  1	[0.00 s]
0.0.AD: Trace Attempt  2	[0.00 s]
0.0.AD: Trace Attempt  3	[0.00 s]
0.0.AD: Trace Attempt  4	[0.00 s]
0.0.AD: Trace Attempt  5	[0.00 s]
0.0.AD: Trace Attempt  1	[0.00 s]
0.0.AD: Trace Attempt  2	[0.00 s]
0.0.AD: Trace Attempt  3	[0.00 s]
0.0.AD: Trace Attempt  4	[0.01 s]
0.0.AD: Trace Attempt  5	[0.01 s]
0.0.AD: Trace Attempt  1	[0.01 s]
0.0.AD: Trace Attempt  2	[0.01 s]
0.0.AD: Trace Attempt  3	[0.01 s]
0.0.AD: Trace Attempt  4	[0.02 s]
0.0.AD: Trace Attempt  5	[0.02 s]
0.0.Tricustom6: Trace Attempt 500008	[46.16 s]
0.0.Tricustom6: Per property time limit expired (64.00 s) [64.07 s]
0.0.Tricustom6: Stopped processing property "pulse_generator.u_pulse_generator_sva._assert_10"	[64.07 s].
0.0.Tricustom6: Starting proof for property "pulse_generator.u_pulse_generator_sva._assert_10"	[0.00 s].
0.0.Tricustom6: Trace Attempt  4	[0.00 s]
0.0.Tricustom6:  128.06" ---- Launching main thread ----
0.0.Tricustom6:  128.29" ---- Launching abstraction thread ----
0.0.Tricustom6:  128.33" ---- Launching multi-phase simplification thread ----
0.0.Tricustom6:  129.17" Simplification phase 1 complete
0.0.Tricustom6:  129.24" Simplification phase 2 complete
0.0.Tricustom6:  130.19" Simplification phase 3 complete
 130.19" ---- Completed simplification thread ----
0.0.Tricustom6:  130.19" ---- Restarting main thread on simplified netlist ----
0.0.Tricustom6:  130.41" ---- Restarting abstraction thread on simplified netlist ----
0.0.AD: Trace Attempt 65	[4.03 s]
0.0.AD: Trace Attempt  1	[4.33 s]
0.0.AD: Trace Attempt  2	[4.33 s]
0.0.AD: Trace Attempt  3	[4.33 s]
0.0.AD: Trace Attempt  4	[4.33 s]
0.0.AD: Trace Attempt  5	[4.34 s]
0.0.AD: Trace Attempt 54	[8.87 s]
0.0.AD: Stopped processing property "pulse_generator.u_pulse_generator_sva._assert_10"	[9.37 s].
0.0.AD: Morphing to Hts
0.0.AD: All properties determined. [0.00 s]
0.0.AD: Exited with Success (@ 0.00 s)
0.0.Hts: Starting proof for property "pulse_generator.u_pulse_generator_sva._assert_11:precondition1"	[0.00 s].
0.0.Hts: Trace Attempt  1	[0.00 s]
0.0.Hts: Trace Attempt  2	[0.00 s]
0.0.Hts: Trace Attempt  3	[0.00 s]
0.0.Hts: Trace Attempt  4	[0.00 s]
0.0.Hts: Trace Attempt  5	[0.00 s]
0.0.Tricustom6: Stopped processing property "pulse_generator.u_pulse_generator_sva._assert_10"	[9.39 s].
0.0.Tricustom6: Morphing to M
0.0.Tricustom6: All properties determined. [0.00 s]
0.0.Tricustom6: Exited with Success (@ 0.00 s)
0.0.M: clocks: 1, declared: 1, disabling: 0, posedge: 1, negedge: 0, noedge: 0, bothedge: 0
0.0.M: Starting proof for property "pulse_generator.u_pulse_generator_sva._assert_11:precondition1"	[0.00 s].
0.0.M: Trace Attempt  1	[0.00 s]
0.0.M: Trace Attempt  2	[0.00 s]
0.0.M: Trace Attempt  3	[0.00 s]
0.0.M: Trace Attempt 97	[0.77 s]
0.0.M: Per property time limit expired (0.84 s) [0.84 s]
0.0.M: Stopped processing property "pulse_generator.u_pulse_generator_sva._assert_11:precondition1"	[0.84 s].
0.0.M: Starting proof for property "pulse_generator.u_pulse_generator_sva._assert_10"	[0.00 s].
0.0.M: Trace Attempt  1	[0.00 s]
0.0.M: Trace Attempt  2	[0.00 s]
0.0.M: Trace Attempt  3	[0.00 s]
0.0.Hts: Trace Attempt 2910	[0.67 s]
0.0.Hts: Per property time limit expired (1.00 s) [1.03 s]
0.0.Hts: Stopped processing property "pulse_generator.u_pulse_generator_sva._assert_11:precondition1"	[1.03 s].
0.0.Hts: Starting proof for property "pulse_generator.u_pulse_generator_sva._assert_10"	[0.00 s].
0.0.Hts: Trace Attempt  1	[0.25 s]
0.0.Hts: Trace Attempt  2	[0.25 s]
0.0.Hts: Trace Attempt  3	[0.25 s]
0.0.Hts: Trace Attempt  4	[0.25 s]
0.0.Hts: Trace Attempt  5	[0.25 s]
0.0.M: Trace Attempt 90	[0.95 s]
0.0.M: Per property time limit expired (1.00 s) [1.00 s]
0.0.M: Stopped processing property "pulse_generator.u_pulse_generator_sva._assert_10"	[1.00 s].
0.0.M: Starting proof for property "pulse_generator.u_pulse_generator_sva._assert_10"	[0.00 s].
0.0.M: Trace Attempt  1	[0.00 s]
0.0.M: Trace Attempt  2	[0.00 s]
0.0.Hts: Stopped processing property "pulse_generator.u_pulse_generator_sva._assert_10"	[0.98 s].
0.0.Hts: Starting proof for property "pulse_generator.u_pulse_generator_sva._assert_10"	[0.00 s].
0.0.M: Trace Attempt  3	[0.00 s]
0.0.Hts: Trace Attempt  1	[0.00 s]
0.0.Hts: Trace Attempt  2	[0.00 s]
0.0.Hts: Trace Attempt  3	[0.00 s]
0.0.Hts: Trace Attempt  4	[0.00 s]
0.0.Hts: Trace Attempt  5	[0.00 s]
0.0.Hts: Stopped processing property "pulse_generator.u_pulse_generator_sva._assert_10"	[0.62 s].
0.0.Hts: Morphing to D
0.0.Hts: Trace Attempt 4035	[0.62 s]
0.0.Hts: All properties determined. [0.00 s]
0.0.Hts: Exited with Success (@ 0.00 s)
0.0.D: clocks: 1, declared: 1, disabling: 0, posedge: 1, negedge: 0, noedge: 0, bothedge: 0
0.0.D: Starting proof for property "pulse_generator.u_pulse_generator_sva._assert_10"	[0.00 s].
0.0.D: Trace Attempt  1	[0.00 s]
0.0.D: Trace Attempt  2	[0.00 s]
0.0.D: Trace Attempt  3	[0.00 s]
0.0.M: Stopped processing property "pulse_generator.u_pulse_generator_sva._assert_10"	[0.63 s].
0.0.M: Morphing to Ncustom1
0.0.M: Trace Attempt 83	[0.57 s]
0.0.M: All properties determined. [0.00 s]
0.0.M: Exited with Success (@ 0.00 s)
0.0.Ncustom1: clocks: 1, declared: 1, disabling: 0, posedge: 1, negedge: 0, noedge: 0, bothedge: 0
0.0.Ncustom1: Starting proof for property "pulse_generator.u_pulse_generator_sva._assert_10"	[0.00 s].
0.0.D: Trace Attempt  4	[0.00 s]
0.0.D: Trace Attempt  5	[0.00 s]
0.0.Ncustom1: Trace Attempt 65	[0.00 s]
0.0.Ncustom1: Trace Attempt  1	[1.53 s]
0.0.Ncustom1: Trace Attempt  2	[1.53 s]
0.0.Ncustom1: Trace Attempt  3	[1.53 s]
0.0.D: Trace Attempt 33	[0.78 s]
0.0.D: Per property time limit expired (2.00 s) [2.00 s]
0.0.D: Stopped processing property "pulse_generator.u_pulse_generator_sva._assert_10"	[2.00 s].
0.0.D: Starting proof for property "pulse_generator.u_pulse_generator_sva._cover_18"	[0.00 s].
0.0.D: Trace Attempt  1	[0.00 s]
0.0.D: Trace Attempt  2	[0.00 s]
0.0.Ncustom1: Trace Attempt 82	[1.96 s]
0.0.Ncustom1: Per property time limit expired (2.00 s) [2.00 s]
0.0.Ncustom1: Stopped processing property "pulse_generator.u_pulse_generator_sva._assert_10"	[2.00 s].
0.0.Ncustom1: Starting proof for property "pulse_generator.u_pulse_generator_sva._cover_18"	[0.00 s].
0.0.D: Trace Attempt  3	[0.00 s]
0.0.Ncustom1: Trace Attempt 63	[0.00 s]
0.0.Ncustom1: Trace Attempt  1	[0.91 s]
0.0.Ncustom1: Trace Attempt  2	[0.91 s]
0.0.Ncustom1: Trace Attempt  3	[0.91 s]
0.0.Ncustom1: Trace Attempt  5	[0.91 s]
0.0.D: Trace Attempt 25	[0.15 s]
0.0.D: Per property time limit expired (2.00 s) [2.00 s]
0.0.D: Stopped processing property "pulse_generator.u_pulse_generator_sva._cover_18"	[2.00 s].
0.0.D: Starting proof for property "pulse_generator.u_pulse_generator_sva._assert_10"	[0.00 s].
0.0.D: Trace Attempt 33	[0.00 s]
0.0.Ncustom1: Stopped processing property "pulse_generator.u_pulse_generator_sva._cover_18"	[2.00 s].
0.0.Ncustom1: Starting proof for property "pulse_generator.u_pulse_generator_sva._assert_10"	[0.00 s].
0.0.Ncustom1: Trace Attempt  1	[1.53 s]
0.0.Ncustom1: Trace Attempt  2	[1.53 s]
0.0.Ncustom1: Trace Attempt  3	[1.53 s]
0.0.D: Stopped processing property "pulse_generator.u_pulse_generator_sva._assert_10"	[5.02 s].
0.0.D: Morphing to AB
0.0.D: All properties determined. [0.00 s]
0.0.D: Exited with Success (@ 0.00 s)
0.0.AB: clocks: 1, declared: 1, disabling: 0, posedge: 1, negedge: 0, noedge: 0, bothedge: 0
0.0.AB: Starting proof for property "pulse_generator.u_pulse_generator_sva._assert_10"	[0.00 s].
0.0.AB: Trace Attempt  1	[0.00 s]
0.0.AB: Trace Attempt  2	[0.00 s]
0.0.AB: Trace Attempt  3	[0.00 s]
0.0.AB: Trace Attempt  4	[0.00 s]
0.0.AB: Trace Attempt  5	[0.00 s]
0.0.AB: Trace Attempt  1	[0.00 s]
0.0.AB: Trace Attempt  2	[0.00 s]
0.0.AB: Trace Attempt  3	[0.00 s]
0.0.AB: Trace Attempt  4	[0.00 s]
0.0.AB: Trace Attempt  5	[0.00 s]
0.0.AB: Trace Attempt  1	[0.01 s]
0.0.AB: Trace Attempt  2	[0.01 s]
0.0.AB: Trace Attempt  3	[0.01 s]
0.0.AB: Trace Attempt  4	[0.01 s]
0.0.AB: Trace Attempt  5	[0.01 s]
0.0.Ncustom1: Stopped processing property "pulse_generator.u_pulse_generator_sva._assert_10"	[5.03 s].
0.0.Ncustom1: Morphing to AMcustom3
0.0.Ncustom1: Trace Attempt 182	[5.00 s]
0.0.Ncustom1: All properties determined. [0.00 s]
0.0.Ncustom1: Exited with Success (@ 0.00 s)
0.0.AMcustom3: clocks: 1, declared: 1, disabling: 0, posedge: 1, negedge: 0, noedge: 0, bothedge: 0
0.0.AMcustom3: Starting proof for property "pulse_generator.u_pulse_generator_sva._assert_10"	[0.00 s].
0.0.AMcustom3: Trace Attempt  1	[0.00 s]
0.0.AMcustom3: Trace Attempt  2	[0.00 s]
0.0.AMcustom3: Trace Attempt  3	[0.00 s]
0.0.AMcustom3: Trace Attempt  4	[0.00 s]
0.0.AMcustom3: Trace Attempt  5	[0.00 s]
0.0.AMcustom3: Trace Attempt  1	[0.01 s]
0.0.AMcustom3: Trace Attempt  2	[0.01 s]
0.0.AMcustom3: Trace Attempt  3	[0.01 s]
0.0.AMcustom3: Trace Attempt  1	[0.05 s]
0.0.AMcustom3: Trace Attempt  2	[0.05 s]
0.0.AMcustom3: Trace Attempt  3	[0.05 s]
0.0.AB: Trace Attempt  1	[0.27 s]
0.0.AB: Trace Attempt  2	[0.27 s]
0.0.AB: Trace Attempt  3	[0.27 s]
0.0.AB: Trace Attempt  4	[0.27 s]
0.0.AB: Trace Attempt  5	[0.27 s]
0.0.AMcustom3: Trace Attempt  1	[0.28 s]
0.0.AMcustom3: Trace Attempt  2	[0.28 s]
0.0.AMcustom3: Trace Attempt  3	[0.28 s]
0.0.AMcustom3: Trace Attempt  1	[1.34 s]
0.0.AMcustom3: Trace Attempt  2	[1.34 s]
0.0.AMcustom3: Trace Attempt  3	[1.34 s]
0.0.Bm: Trace Attempt 1052	[286.87 s]
0.0.AB: Trace Attempt 186	[3.99 s]
0.0.AB: Per property time limit expired (4.00 s) [4.00 s]
0.0.AB: Stopped processing property "pulse_generator.u_pulse_generator_sva._assert_10"	[4.00 s].
0.0.AB: Starting proof for property "pulse_generator.u_pulse_generator_sva._assert_11:precondition1"	[0.00 s].
0.0.AB: Trace Attempt  1	[0.00 s]
0.0.AB: Trace Attempt  2	[0.00 s]
0.0.AB: Trace Attempt  3	[0.00 s]
0.0.AB: Trace Attempt  4	[0.00 s]
0.0.AB: Trace Attempt  5	[0.00 s]
0.0.AB: Trace Attempt  1	[0.00 s]
0.0.AB: Trace Attempt  2	[0.00 s]
0.0.AB: Trace Attempt  3	[0.00 s]
0.0.AB: Trace Attempt  4	[0.00 s]
0.0.AB: Trace Attempt  5	[0.00 s]
0.0.AB: Trace Attempt  1	[0.01 s]
0.0.AB: Trace Attempt  2	[0.01 s]
0.0.AB: Trace Attempt  3	[0.01 s]
0.0.AB: Trace Attempt  4	[0.01 s]
0.0.AB: Trace Attempt  5	[0.01 s]
0.0.AMcustom3: Trace Attempt 200	[3.97 s]
0.0.AMcustom3: Per property time limit expired (3.99 s) [4.00 s]
0.0.AMcustom3: Stopped processing property "pulse_generator.u_pulse_generator_sva._assert_10"	[4.00 s].
0.0.AMcustom3: Starting proof for property "pulse_generator.u_pulse_generator_sva._assert_11:precondition1"	[0.00 s].
0.0.AMcustom3: Trace Attempt  1	[0.00 s]
0.0.AMcustom3: Trace Attempt  2	[0.00 s]
0.0.AMcustom3: Trace Attempt  3	[0.00 s]
0.0.AMcustom3: Trace Attempt  4	[0.00 s]
0.0.AMcustom3: Trace Attempt  5	[0.00 s]
0.0.AB: Trace Attempt  1	[0.02 s]
0.0.AB: Trace Attempt  2	[0.02 s]
0.0.AB: Trace Attempt  3	[0.02 s]
0.0.AB: Trace Attempt  4	[0.02 s]
0.0.AB: Trace Attempt  5	[0.02 s]
0.0.AMcustom3: Trace Attempt  1	[0.01 s]
0.0.AMcustom3: Trace Attempt  2	[0.01 s]
0.0.AMcustom3: Trace Attempt  3	[0.01 s]
0.0.AMcustom3: Trace Attempt  1	[0.06 s]
0.0.AMcustom3: Trace Attempt  2	[0.06 s]
0.0.AMcustom3: Trace Attempt  3	[0.06 s]
0.0.AB: Trace Attempt  1	[0.08 s]
0.0.AB: Trace Attempt  2	[0.08 s]
0.0.AB: Trace Attempt  3	[0.08 s]
0.0.AB: Trace Attempt  4	[0.08 s]
0.0.AB: Trace Attempt  5	[0.08 s]
0.0.AMcustom3: Trace Attempt  1	[0.35 s]
0.0.AMcustom3: Trace Attempt  2	[0.35 s]
0.0.AMcustom3: Trace Attempt  3	[0.35 s]
0.0.AB: Trace Attempt  1	[0.48 s]
0.0.AB: Trace Attempt  2	[0.48 s]
0.0.AB: Trace Attempt  3	[0.48 s]
0.0.AB: Trace Attempt  4	[0.48 s]
0.0.AB: Trace Attempt  5	[0.48 s]
0.0.AMcustom3: Trace Attempt  1	[1.78 s]
0.0.AMcustom3: Trace Attempt  2	[1.78 s]
0.0.AMcustom3: Trace Attempt  3	[1.79 s]
0.0.AB: Trace Attempt  1	[2.43 s]
0.0.AB: Trace Attempt  2	[2.43 s]
0.0.AB: Trace Attempt  3	[2.43 s]
0.0.AB: Trace Attempt  4	[2.43 s]
0.0.AB: Trace Attempt  5	[2.43 s]
0.0.AB: Trace Attempt 96	[3.97 s]
0.0.AB: Per property time limit expired (4.00 s) [4.00 s]
0.0.AB: Stopped processing property "pulse_generator.u_pulse_generator_sva._assert_11:precondition1"	[4.00 s].
0.0.AB: Starting proof for property "pulse_generator.u_pulse_generator_sva._assert_10"	[0.00 s].
0.0.AB: Trace Attempt  1	[0.00 s]
0.0.AB: Trace Attempt  2	[0.00 s]
0.0.AB: Trace Attempt  3	[0.00 s]
0.0.AB: Trace Attempt  4	[0.00 s]
0.0.AB: Trace Attempt  5	[0.00 s]
0.0.AB: Trace Attempt  1	[0.00 s]
0.0.AB: Trace Attempt  2	[0.00 s]
0.0.AB: Trace Attempt  3	[0.00 s]
0.0.AB: Trace Attempt  4	[0.00 s]
0.0.AB: Trace Attempt  5	[0.00 s]
0.0.AB: Trace Attempt  1	[0.01 s]
0.0.AB: Trace Attempt  2	[0.01 s]
0.0.AB: Trace Attempt  3	[0.01 s]
0.0.AB: Trace Attempt  4	[0.01 s]
0.0.AB: Trace Attempt  5	[0.01 s]
0.0.AMcustom3: Stopped processing property "pulse_generator.u_pulse_generator_sva._assert_11:precondition1"	[4.00 s].
0.0.AMcustom3: Starting proof for property "pulse_generator.u_pulse_generator_sva._assert_10"	[0.00 s].
0.0.AMcustom3: Trace Attempt  1	[0.00 s]
0.0.AMcustom3: Trace Attempt  2	[0.00 s]
0.0.AMcustom3: Trace Attempt  3	[0.00 s]
0.0.AMcustom3: Trace Attempt  4	[0.00 s]
0.0.AMcustom3: Trace Attempt  5	[0.00 s]
0.0.AMcustom3: Trace Attempt  1	[0.01 s]
0.0.AMcustom3: Trace Attempt  2	[0.01 s]
0.0.AMcustom3: Trace Attempt  3	[0.01 s]
0.0.AMcustom3: Trace Attempt  1	[0.05 s]
0.0.AMcustom3: Trace Attempt  2	[0.05 s]
0.0.AMcustom3: Trace Attempt  3	[0.06 s]
0.0.AB: Trace Attempt  1	[0.27 s]
0.0.AB: Trace Attempt  2	[0.27 s]
0.0.AB: Trace Attempt  3	[0.27 s]
0.0.AB: Trace Attempt  4	[0.27 s]
0.0.AB: Trace Attempt  5	[0.27 s]
0.0.AMcustom3: Trace Attempt  1	[0.28 s]
0.0.AMcustom3: Trace Attempt  2	[0.28 s]
0.0.AMcustom3: Trace Attempt  3	[0.28 s]
0.0.AMcustom3: Trace Attempt  1	[1.33 s]
0.0.AMcustom3: Trace Attempt  2	[1.33 s]
0.0.AMcustom3: Trace Attempt  3	[1.33 s]
0.0.AB: Stopped processing property "pulse_generator.u_pulse_generator_sva._assert_10"	[1.97 s].
0.0.AB: Morphing to Hts
0.0.AB: Trace Attempt 130	[1.95 s]
0.0.AB: All properties determined. [0.00 s]
0.0.AB: Exited with Success (@ 0.00 s)
0.0.Hts: Starting proof for property "pulse_generator.u_pulse_generator_sva._cover_16"	[0.00 s].
0.0.Hts: Trace Attempt  1	[0.00 s]
0.0.Hts: Trace Attempt  2	[0.00 s]
0.0.Hts: Trace Attempt  3	[0.00 s]
0.0.Hts: Trace Attempt  4	[0.00 s]
0.0.Hts: Trace Attempt  5	[0.00 s]
0.0.AMcustom3: Stopped processing property "pulse_generator.u_pulse_generator_sva._assert_10"	[1.97 s].
0.0.AMcustom3: Morphing to AMcustom2
0.0.AMcustom3: Trace Attempt 76	[1.94 s]
0.0.AMcustom3: All properties determined. [0.00 s]
0.0.AMcustom3: Exited with Success (@ 0.00 s)
0.0.AMcustom2: clocks: 1, declared: 1, disabling: 0, posedge: 1, negedge: 0, noedge: 0, bothedge: 0
0.0.AMcustom2: Starting proof for property "pulse_generator.u_pulse_generator_sva._cover_16"	[0.00 s].
0.0.AMcustom2: Trace Attempt  1	[0.00 s]
0.0.AMcustom2: Trace Attempt  2	[0.00 s]
0.0.AMcustom2: Trace Attempt  3	[0.00 s]
0.0.AMcustom2: Trace Attempt  4	[0.00 s]
0.0.AMcustom2: Trace Attempt  5	[0.00 s]
0.0.AMcustom2: Trace Attempt  1	[0.00 s]
0.0.AMcustom2: Trace Attempt  2	[0.00 s]
0.0.AMcustom2: Trace Attempt  3	[0.00 s]
0.0.AMcustom2: Trace Attempt  5	[0.00 s]
0.0.AMcustom2: Trace Attempt  1	[0.01 s]
0.0.AMcustom2: Trace Attempt  2	[0.01 s]
0.0.AMcustom2: Trace Attempt  3	[0.01 s]
0.0.AMcustom2: Trace Attempt  5	[0.01 s]
0.0.AMcustom2: Trace Attempt  1	[0.23 s]
0.0.AMcustom2: Trace Attempt  2	[0.23 s]
0.0.AMcustom2: Trace Attempt  3	[0.23 s]
0.0.AMcustom2: Trace Attempt  5	[0.23 s]
0.0.AMcustom2: Trace Attempt 198	[4.26 s]
0.0.Hts: Trace Attempt 2910	[0.70 s]
0.0.Hts: Per property time limit expired (8.00 s) [8.02 s]
0.0.Hts: Stopped processing property "pulse_generator.u_pulse_generator_sva._cover_16"	[8.02 s].
0.0.Hts: Starting proof for property "pulse_generator.u_pulse_generator_sva._assert_10"	[0.00 s].
0.0.AMcustom2: Trace Attempt 243	[5.18 s]
0.0.AMcustom2: Per property time limit expired (8.00 s) [8.02 s]
0.0.AMcustom2: Stopped processing property "pulse_generator.u_pulse_generator_sva._cover_16"	[8.02 s].
0.0.AMcustom2: Starting proof for property "pulse_generator.u_pulse_generator_sva._assert_10"	[0.00 s].
0.0.AMcustom2: Trace Attempt  1	[0.00 s]
0.0.AMcustom2: Trace Attempt  2	[0.00 s]
0.0.AMcustom2: Trace Attempt  3	[0.00 s]
0.0.AMcustom2: Trace Attempt  4	[0.00 s]
0.0.AMcustom2: Trace Attempt  5	[0.00 s]
0.0.AMcustom2: Trace Attempt  1	[0.00 s]
0.0.AMcustom2: Trace Attempt  2	[0.00 s]
0.0.AMcustom2: Trace Attempt  3	[0.00 s]
0.0.AMcustom2: Trace Attempt  1	[0.01 s]
0.0.AMcustom2: Trace Attempt  2	[0.01 s]
0.0.AMcustom2: Trace Attempt  3	[0.01 s]
0.0.Hts: Trace Attempt  1	[0.04 s]
0.0.Hts: Trace Attempt  2	[0.04 s]
0.0.Hts: Trace Attempt  3	[0.04 s]
0.0.Hts: Trace Attempt  4	[0.04 s]
0.0.Hts: Trace Attempt  5	[0.04 s]
0.0.AMcustom2: Trace Attempt  1	[0.04 s]
0.0.AMcustom2: Trace Attempt  2	[0.04 s]
0.0.AMcustom2: Trace Attempt  3	[0.04 s]
0.0.AMcustom2: Trace Attempt  1	[0.20 s]
0.0.AMcustom2: Trace Attempt  2	[0.20 s]
0.0.AMcustom2: Trace Attempt  3	[0.20 s]
0.0.AMcustom2: Trace Attempt  1	[1.02 s]
0.0.AMcustom2: Trace Attempt  2	[1.02 s]
0.0.AMcustom2: Trace Attempt  3	[1.02 s]
0.0.Hts: Trace Attempt 21740	[4.04 s]
0.0.AMcustom2: Trace Attempt 251	[6.22 s]
0.0.Hts: Trace Attempt 42250	[8.00 s]
0.0.Hts: Per property time limit expired (8.00 s) [8.00 s]
0.0.Hts: Stopped processing property "pulse_generator.u_pulse_generator_sva._assert_10"	[8.00 s].
0.0.Hts: Starting proof for property "pulse_generator.u_pulse_generator_sva._assert_10"	[0.00 s].
0.0.Hts: Trace Attempt  1	[0.01 s]
0.0.Hts: Trace Attempt  2	[0.01 s]
0.0.Hts: Trace Attempt  3	[0.01 s]
0.0.Hts: Trace Attempt  4	[0.01 s]
0.0.Hts: Trace Attempt  5	[0.01 s]
0.0.AMcustom2: Stopped processing property "pulse_generator.u_pulse_generator_sva._assert_10"	[8.01 s].
0.0.AMcustom2: Starting proof for property "pulse_generator.u_pulse_generator_sva._assert_10"	[0.00 s].
0.0.AMcustom2: Trace Attempt  1	[0.00 s]
0.0.AMcustom2: Trace Attempt  2	[0.00 s]
0.0.AMcustom2: Trace Attempt  3	[0.00 s]
0.0.AMcustom2: Trace Attempt  4	[0.00 s]
0.0.AMcustom2: Trace Attempt  5	[0.00 s]
0.0.AMcustom2: Trace Attempt  1	[0.00 s]
0.0.AMcustom2: Trace Attempt  2	[0.00 s]
0.0.AMcustom2: Trace Attempt  3	[0.00 s]
0.0.AMcustom2: Trace Attempt  1	[0.01 s]
0.0.AMcustom2: Trace Attempt  2	[0.01 s]
0.0.AMcustom2: Trace Attempt  3	[0.01 s]
0.0.AMcustom2: Trace Attempt  1	[0.04 s]
0.0.AMcustom2: Trace Attempt  2	[0.04 s]
0.0.AMcustom2: Trace Attempt  3	[0.04 s]
0.0.AMcustom2: Trace Attempt  1	[0.20 s]
0.0.AMcustom2: Trace Attempt  2	[0.20 s]
0.0.AMcustom2: Trace Attempt  3	[0.20 s]
0.0.Hts: Stopped processing property "pulse_generator.u_pulse_generator_sva._assert_10"	[0.99 s].
0.0.Hts: Starting proof for property "pulse_generator.u_pulse_generator_sva._cover_15"	[0.00 s].
0.0.AMcustom2: Stopped processing property "pulse_generator.u_pulse_generator_sva._assert_10"	[0.96 s].
0.0.AMcustom2: Morphing to M
0.0.AMcustom2: Trace Attempt 127	[0.96 s]
0.0.AMcustom2: All properties determined. [0.00 s]
0.0.AMcustom2: Exited with Success (@ 0.00 s)
0.0.M: clocks: 1, declared: 1, disabling: 0, posedge: 1, negedge: 0, noedge: 0, bothedge: 0
0.0.M: Starting proof for property "pulse_generator.u_pulse_generator_sva._cover_15"	[0.00 s].
0.0.M: Trace Attempt  1	[0.00 s]
0.0.M: Trace Attempt  2	[0.00 s]
0.0.Hts: Trace Attempt  1	[0.00 s]
0.0.M: Trace Attempt  3	[0.00 s]
0.0.Hts: Trace Attempt  2	[0.00 s]
0.0.Hts: Trace Attempt  3	[0.00 s]
0.0.Hts: Trace Attempt  4	[0.00 s]
0.0.Hts: Trace Attempt  5	[0.00 s]
0.0.Bm: Trace Attempt 1053	[315.55 s]
0.0.M: Trace Attempt 283	[6.36 s]
0.0.Bm: Trace Attempt 1099	[319.60 s]
0.0.M: Trace Attempt 412	[10.37 s]
0.0.Bm: Trace Attempt 1147	[323.71 s]
0.0.M: Trace Attempt 500	[15.49 s]
0.0.M: Trace Attempt 546	[15.98 s]
0.0.M: Per property time limit expired (16.00 s) [16.04 s]
0.0.M: Stopped processing property "pulse_generator.u_pulse_generator_sva._cover_15"	[16.04 s].
0.0.M: Starting proof for property "pulse_generator.u_pulse_generator_sva._cover_17"	[0.00 s].
0.0.M: Trace Attempt  1	[0.00 s]
0.0.M: Trace Attempt  2	[0.00 s]
0.0.M: Trace Attempt  3	[0.00 s]
0.0.Bm: Trace Attempt 1180	[327.96 s]
0.0.Bm: Trace Attempt 1204	[332.11 s]
0.0.M: Trace Attempt 213	[5.05 s]
0.0.Bm: Trace Attempt 1239	[336.17 s]
0.0.M: Trace Attempt 474	[12.09 s]
0.0.M: Trace Attempt 566	[15.23 s]
0.0.M: Per property time limit expired (16.00 s) [16.05 s]
0.0.M: Stopped processing property "pulse_generator.u_pulse_generator_sva._cover_17"	[16.05 s].
0.0.M: Starting proof for property "pulse_generator.u_pulse_generator_sva._assert_10"	[0.00 s].
0.0.M: Trace Attempt  1	[0.00 s]
0.0.M: Trace Attempt  2	[0.00 s]
0.0.M: Trace Attempt  3	[0.00 s]
0.0.M: Trace Attempt 179	[4.03 s]
0.0.Bm: Trace Attempt 1262	[348.33 s]
0.0.M: Stopped processing property "pulse_generator.u_pulse_generator_sva._assert_10"	[5.62 s].
0.0.M: Morphing to Ncustom4
0.0.M: Trace Attempt 261	[5.55 s]
0.0.M: All properties determined. [0.00 s]
0.0.M: Exited with Success (@ 0.00 s)
0.0.Ncustom4: clocks: 1, declared: 1, disabling: 0, posedge: 1, negedge: 0, noedge: 0, bothedge: 0
0.0.Ncustom4: Starting proof for property "pulse_generator.u_pulse_generator_sva._cover_17"	[0.00 s].
0.0.Ncustom4: Trace Attempt  1	[0.00 s]
0.0.Ncustom4: Trace Attempt  2	[0.00 s]
0.0.Ncustom4: Trace Attempt  3	[0.00 s]
0.0.Ncustom4: Trace Attempt  4	[0.00 s]
0.0.Ncustom4: Trace Attempt  5	[0.00 s]
0.0.Ncustom4: Trace Attempt  1	[0.02 s]
0.0.Ncustom4: Trace Attempt  2	[0.02 s]
0.0.Ncustom4: Trace Attempt  3	[0.02 s]
0.0.Hts: Trace Attempt 2910	[0.74 s]
0.0.Hts: Per property time limit expired (16.00 s) [39.00 s]
0.0.Hts: Stopped processing property "pulse_generator.u_pulse_generator_sva._cover_15"	[39.00 s].
0.0.Hts: Morphing to AB
0.0.Hts: All properties determined. [0.00 s]
0.0.Hts: Exited with Success (@ 0.00 s)
0.0.AB: clocks: 1, declared: 1, disabling: 0, posedge: 1, negedge: 0, noedge: 0, bothedge: 0
0.0.AB: Starting proof for property "pulse_generator.u_pulse_generator_sva._cover_17"	[0.00 s].
0.0.AB: Trace Attempt  1	[0.00 s]
0.0.AB: Trace Attempt  2	[0.00 s]
0.0.AB: Trace Attempt  3	[0.00 s]
0.0.AB: Trace Attempt  4	[0.00 s]
0.0.AB: Trace Attempt  5	[0.00 s]
0.0.AB: Trace Attempt  1	[0.00 s]
0.0.AB: Trace Attempt  2	[0.00 s]
0.0.AB: Trace Attempt  3	[0.01 s]
0.0.AB: Trace Attempt  4	[0.01 s]
0.0.AB: Trace Attempt  5	[0.01 s]
0.0.AB: Trace Attempt  1	[0.01 s]
0.0.AB: Trace Attempt  2	[0.01 s]
0.0.AB: Trace Attempt  3	[0.01 s]
0.0.AB: Trace Attempt  4	[0.01 s]
0.0.AB: Trace Attempt  5	[0.01 s]
0.0.AB: Trace Attempt  1	[0.06 s]
0.0.AB: Trace Attempt  2	[0.06 s]
0.0.AB: Trace Attempt  3	[0.06 s]
0.0.AB: Trace Attempt  4	[0.06 s]
0.0.AB: Trace Attempt  5	[0.06 s]
0.0.Ncustom4: Trace Attempt 349	[4.04 s]
0.0.AB: Trace Attempt 147	[4.12 s]
0.0.Ncustom4: Trace Attempt 717	[8.05 s]
0.0.AB: Trace Attempt 160	[8.14 s]
0.0.AB: Trace Attempt 197	[12.21 s]
0.0.AB: Trace Attempt 233	[16.27 s]
0.0.AB: Trace Attempt 246	[20.27 s]
0.0.AB: Trace Attempt 272	[24.55 s]
0.0.Bm: Trace Attempt 1265	[378.07 s]
0.0.AB: Trace Attempt 284	[29.16 s]
0.0.AB: Trace Attempt 285	[29.93 s]
0.0.AB: Per property time limit expired (30.70 s) [30.71 s]
0.0.AB: Stopped processing property "pulse_generator.u_pulse_generator_sva._cover_17"	[30.71 s].
0.0.AB: Starting proof for property "pulse_generator.u_pulse_generator_sva._cover_18"	[0.00 s].
0.0.AB: Trace Attempt  1	[0.01 s]
0.0.AB: Trace Attempt  2	[0.01 s]
0.0.AB: Trace Attempt  3	[0.01 s]
0.0.AB: Trace Attempt  4	[0.01 s]
0.0.AB: Trace Attempt  5	[0.01 s]
0.0.AB: Trace Attempt  1	[0.01 s]
0.0.AB: Trace Attempt  2	[0.01 s]
0.0.AB: Trace Attempt  3	[0.01 s]
0.0.AB: Trace Attempt  4	[0.01 s]
0.0.AB: Trace Attempt  5	[0.01 s]
0.0.AB: Trace Attempt  1	[0.01 s]
0.0.AB: Trace Attempt  2	[0.01 s]
0.0.AB: Trace Attempt  3	[0.01 s]
0.0.AB: Trace Attempt  4	[0.01 s]
0.0.AB: Trace Attempt  5	[0.01 s]
0.0.AB: Trace Attempt  1	[0.03 s]
0.0.AB: Trace Attempt  2	[0.03 s]
0.0.AB: Trace Attempt  3	[0.03 s]
0.0.AB: Trace Attempt  4	[0.03 s]
0.0.AB: Trace Attempt  5	[0.03 s]
0.0.Ncustom4: Trace Attempt 727	[8.48 s]
0.0.Ncustom4: Per property time limit expired (32.00 s) [32.04 s]
0.0.Ncustom4: Stopped processing property "pulse_generator.u_pulse_generator_sva._cover_17"	[32.04 s].
0.0.Ncustom4: Starting proof for property "pulse_generator.u_pulse_generator_sva._cover_18"	[0.00 s].
0.0.Ncustom4: Trace Attempt 63	[0.00 s]
0.0.AB: Trace Attempt  1	[0.07 s]
0.0.AB: Trace Attempt  2	[0.07 s]
0.0.AB: Trace Attempt  3	[0.07 s]
0.0.AB: Trace Attempt  4	[0.07 s]
0.0.AB: Trace Attempt  5	[0.07 s]
0.0.Ncustom4: Trace Attempt  1	[0.89 s]
0.0.Ncustom4: Trace Attempt  2	[0.89 s]
0.0.Ncustom4: Trace Attempt  3	[0.90 s]
0.0.Ncustom4: Trace Attempt  5	[0.90 s]
0.0.AB: Trace Attempt  1	[1.74 s]
0.0.AB: Trace Attempt  2	[1.74 s]
0.0.AB: Trace Attempt  3	[1.74 s]
0.0.AB: Trace Attempt  4	[1.74 s]
0.0.AB: Trace Attempt  5	[1.74 s]
0.0.AB: Trace Attempt 137	[6.47 s]
0.0.Ncustom4: Trace Attempt 261	[7.58 s]
0.0.Bm: Trace Attempt 1266	[389.37 s]
0.0.Ncustom4: Trace Attempt 392	[11.61 s]
0.0.AB: Trace Attempt 181	[12.80 s]
0.0.Bm: Trace Attempt 1267	[395.25 s]
0.0.Ncustom4: Trace Attempt 444	[15.68 s]
0.0.AB: Trace Attempt 209	[16.86 s]
0.0.Bm: Trace Attempt 1300	[399.79 s]
0.0.AB: Trace Attempt 258	[20.86 s]
0.0.Ncustom4: Trace Attempt 570	[20.90 s]
0.0.Bm: Trace Attempt 1324	[403.81 s]
0.0.AB: Trace Attempt 267	[26.96 s]
0.0.Ncustom4: Trace Attempt 685	[30.92 s]
0.0.AB: Trace Attempt 286	[31.28 s]
0.0.AB: Trace Attempt 288	[31.86 s]
0.0.AB: Per property time limit expired (32.00 s) [32.01 s]
0.0.AB: Stopped processing property "pulse_generator.u_pulse_generator_sva._cover_18"	[32.01 s].
0.0.AB: Starting proof for property "pulse_generator.u_pulse_generator_sva._assert_10"	[0.00 s].
0.0.AB: Trace Attempt  1	[0.01 s]
0.0.AB: Trace Attempt  2	[0.01 s]
0.0.AB: Trace Attempt  3	[0.01 s]
0.0.AB: Trace Attempt  4	[0.01 s]
0.0.AB: Trace Attempt  5	[0.01 s]
0.0.AB: Trace Attempt  1	[0.01 s]
0.0.AB: Trace Attempt  2	[0.01 s]
0.0.AB: Trace Attempt  3	[0.01 s]
0.0.AB: Trace Attempt  4	[0.01 s]
0.0.AB: Trace Attempt  5	[0.01 s]
0.0.AB: Trace Attempt  1	[0.02 s]
0.0.AB: Trace Attempt  2	[0.02 s]
0.0.AB: Trace Attempt  3	[0.02 s]
0.0.AB: Trace Attempt  4	[0.02 s]
0.0.AB: Trace Attempt  5	[0.02 s]
0.0.Ncustom4: Stopped processing property "pulse_generator.u_pulse_generator_sva._cover_18"	[32.05 s].
0.0.Ncustom4: Starting proof for property "pulse_generator.u_pulse_generator_sva._assert_10"	[0.00 s].
0.0.AB: Trace Attempt  1	[0.33 s]
0.0.AB: Trace Attempt  2	[0.33 s]
0.0.AB: Trace Attempt  3	[0.33 s]
0.0.AB: Trace Attempt  4	[0.33 s]
0.0.AB: Trace Attempt  5	[0.33 s]
0.0.AB: Stopped processing property "pulse_generator.u_pulse_generator_sva._assert_10"	[1.03 s].
0.0.AB: Starting proof for property "pulse_generator.u_pulse_generator_sva._cover_15"	[0.00 s].
0.0.AB: Trace Attempt  1	[0.00 s]
0.0.AB: Trace Attempt  2	[0.00 s]
0.0.AB: Trace Attempt  3	[0.00 s]
0.0.AB: Trace Attempt  4	[0.00 s]
0.0.AB: Trace Attempt  5	[0.00 s]
0.0.Ncustom4: Stopped processing property "pulse_generator.u_pulse_generator_sva._assert_10"	[0.96 s].
0.0.Ncustom4: Morphing to AM
0.0.Ncustom4: Trace Attempt 65	[0.01 s]
0.0.Ncustom4: All properties determined. [0.00 s]
0.0.Ncustom4: Exited with Success (@ 0.00 s)
0.0.AM: clocks: 1, declared: 1, disabling: 0, posedge: 1, negedge: 0, noedge: 0, bothedge: 0
0.0.AB: Trace Attempt  1	[0.00 s]
0.0.AB: Trace Attempt  2	[0.00 s]
0.0.AM: Starting proof for property "pulse_generator.u_pulse_generator_sva._cover_15"	[0.00 s].
0.0.AB: Trace Attempt  3	[0.00 s]
0.0.AB: Trace Attempt  4	[0.00 s]
0.0.AB: Trace Attempt  5	[0.01 s]
0.0.AM: Trace Attempt  1	[0.00 s]
0.0.AM: Trace Attempt  2	[0.00 s]
0.0.AM: Trace Attempt  3	[0.00 s]
0.0.AM: Trace Attempt  4	[0.00 s]
0.0.AM: Trace Attempt  5	[0.00 s]
0.0.AM: Trace Attempt  1	[0.00 s]
0.0.AM: Trace Attempt  2	[0.00 s]
0.0.AM: Trace Attempt  3	[0.00 s]
0.0.AM: Trace Attempt  1	[0.00 s]
0.0.AM: Trace Attempt  2	[0.00 s]
0.0.AM: Trace Attempt  3	[0.01 s]
0.0.AB: Trace Attempt  1	[0.01 s]
0.0.AB: Trace Attempt  2	[0.01 s]
0.0.AB: Trace Attempt  3	[0.01 s]
0.0.AB: Trace Attempt  4	[0.01 s]
0.0.AB: Trace Attempt  5	[0.01 s]
0.0.AM: Trace Attempt  1	[0.01 s]
0.0.AM: Trace Attempt  2	[0.01 s]
0.0.AM: Trace Attempt  3	[0.01 s]
0.0.AB: Trace Attempt  1	[0.03 s]
0.0.AB: Trace Attempt  2	[0.03 s]
0.0.AB: Trace Attempt  3	[0.03 s]
0.0.AB: Trace Attempt  4	[0.03 s]
0.0.AB: Trace Attempt  5	[0.03 s]
0.0.AB: Trace Attempt  1	[0.07 s]
0.0.AB: Trace Attempt  2	[0.07 s]
0.0.AB: Trace Attempt  3	[0.07 s]
0.0.AB: Trace Attempt  4	[0.07 s]
0.0.AB: Trace Attempt  5	[0.07 s]
0.0.AM: Trace Attempt  1	[0.17 s]
0.0.AM: Trace Attempt  2	[0.17 s]
0.0.AM: Trace Attempt  3	[0.17 s]
0.0.AB: Trace Attempt  1	[0.34 s]
0.0.AB: Trace Attempt  2	[0.34 s]
0.0.AB: Trace Attempt  3	[0.34 s]
0.0.AB: Trace Attempt  4	[0.34 s]
0.0.AB: Trace Attempt  5	[0.34 s]
0.0.AM: Trace Attempt  1	[2.08 s]
0.0.AM: Trace Attempt  2	[2.08 s]
0.0.AM: Trace Attempt  3	[2.08 s]
0.0.AB: Trace Attempt 88	[4.34 s]
0.0.AM: Trace Attempt 216	[8.22 s]
0.0.AB: Trace Attempt 226	[8.47 s]
0.0.AB: Trace Attempt  1	[9.52 s]
0.0.AB: Trace Attempt  2	[9.52 s]
0.0.AB: Trace Attempt  3	[9.52 s]
0.0.AB: Trace Attempt  4	[9.52 s]
0.0.AB: Trace Attempt  5	[9.52 s]
0.0.AB: Trace Attempt 243	[13.74 s]
0.0.AM: Trace Attempt 316	[14.28 s]
0.0.AB: Trace Attempt 301	[17.88 s]
0.0.AB: Trace Attempt 348	[21.89 s]
0.0.AM: Trace Attempt 566	[22.93 s]
0.0.Bm: Trace Attempt 1342	[438.52 s]
0.0.AB: Trace Attempt 374	[26.12 s]
0.0.AM: Trace Attempt 780	[26.98 s]
0.0.AB: Trace Attempt 402	[30.14 s]
0.0.AM: Trace Attempt 815	[33.08 s]
0.0.AB: Trace Attempt 430	[34.22 s]
0.0.AM: Trace Attempt 1033	[37.09 s]
0.0.AB: Trace Attempt 461	[38.23 s]
0.0.AB: Trace Attempt 491	[42.43 s]
0.0.AM: Trace Attempt 1100	[44.09 s]
0.0.AM: Trace Attempt 1329	[49.17 s]
0.0.AB: Trace Attempt 259	[49.37 s]
0.0.AM: Trace Attempt 1499	[53.20 s]
0.0.AB: Trace Attempt 264	[53.66 s]
0.0.AM: Trace Attempt 1566	[58.14 s]
0.0.AB: Trace Attempt 391	[58.74 s]
0.0.AM: Trace Attempt 1767	[62.31 s]
0.0.AB: Trace Attempt 441	[62.84 s]
0.0.AB: Trace Attempt 450	[63.87 s]
0.0.AB: Per property time limit expired (64.00 s) [64.13 s]
0.0.AB: Stopped processing property "pulse_generator.u_pulse_generator_sva._cover_15"	[64.13 s].
0.0.AB: Starting proof for property "pulse_generator.u_pulse_generator_sva._assert_10"	[0.00 s].
0.0.AB: Trace Attempt  1	[0.00 s]
0.0.AB: Trace Attempt  2	[0.00 s]
0.0.AB: Trace Attempt  3	[0.00 s]
0.0.AB: Trace Attempt  4	[0.00 s]
0.0.AB: Trace Attempt  5	[0.00 s]
0.0.AB: Trace Attempt  1	[0.01 s]
0.0.AB: Trace Attempt  2	[0.01 s]
0.0.AB: Trace Attempt  3	[0.01 s]
0.0.AB: Trace Attempt  4	[0.01 s]
0.0.AB: Trace Attempt  5	[0.01 s]
0.0.AB: Trace Attempt  1	[0.01 s]
0.0.AB: Trace Attempt  2	[0.01 s]
0.0.AB: Trace Attempt  3	[0.01 s]
0.0.AB: Trace Attempt  4	[0.01 s]
0.0.AB: Trace Attempt  5	[0.01 s]
0.0.AM: Trace Attempt 1943	[63.93 s]
0.0.AM: Per property time limit expired (63.99 s) [64.16 s]
0.0.AM: Stopped processing property "pulse_generator.u_pulse_generator_sva._cover_15"	[64.16 s].
0.0.AM: Starting proof for property "pulse_generator.u_pulse_generator_sva._assert_10"	[0.00 s].
0.0.AM: Trace Attempt  1	[0.00 s]
0.0.AM: Trace Attempt  2	[0.00 s]
0.0.AM: Trace Attempt  3	[0.00 s]
0.0.AM: Trace Attempt  4	[0.00 s]
0.0.AM: Trace Attempt  5	[0.00 s]
0.0.AM: Trace Attempt  1	[0.00 s]
0.0.AM: Trace Attempt  2	[0.00 s]
0.0.AM: Trace Attempt  3	[0.00 s]
0.0.AM: Trace Attempt  1	[0.01 s]
0.0.AM: Trace Attempt  2	[0.01 s]
0.0.AM: Trace Attempt  3	[0.01 s]
0.0.AM: Trace Attempt  1	[0.05 s]
0.0.AM: Trace Attempt  2	[0.05 s]
0.0.AM: Trace Attempt  3	[0.05 s]
0.0.AM: Trace Attempt  1	[0.21 s]
0.0.AM: Trace Attempt  2	[0.21 s]
0.0.AM: Trace Attempt  3	[0.21 s]
0.0.AB: Trace Attempt  1	[0.33 s]
0.0.AB: Trace Attempt  2	[0.33 s]
0.0.AB: Trace Attempt  3	[0.33 s]
0.0.AB: Trace Attempt  4	[0.33 s]
0.0.AB: Trace Attempt  5	[0.33 s]
0.0.AB: Trace Attempt 192	[4.39 s]
0.0.AM: Trace Attempt 203	[4.44 s]
0.0.AB: Trace Attempt 243	[8.43 s]
0.0.AM: Trace Attempt 419	[8.45 s]
0.0.AM: Trace Attempt 538	[12.46 s]
0.0.AB: Trace Attempt 272	[12.63 s]
0.0.AM: Trace Attempt 598	[16.46 s]
0.0.AB: Trace Attempt 289	[16.93 s]
0.0.AM: Trace Attempt 741	[20.81 s]
0.0.AB: Trace Attempt 302	[21.09 s]
0.0.Bm: Trace Attempt 1343	[502.01 s]
0.0.AM: Trace Attempt 995	[24.82 s]
0.0.AB: Trace Attempt 327	[25.37 s]
0.0.AM: Trace Attempt 1091	[32.59 s]
0.0.AB: Trace Attempt 376	[33.65 s]
0.0.Bm: Trace Attempt 1344	[513.06 s]
0.0.AM: Trace Attempt 1257	[38.70 s]
0.0.AB: Trace Attempt 377	[41.56 s]
0.0.AM: Trace Attempt 1400	[42.71 s]
0.0.Bm: Trace Attempt 1345	[522.21 s]
0.0.AM: Trace Attempt 1471	[48.40 s]
0.0.AB: Trace Attempt 432	[49.72 s]
0.0.AM: Trace Attempt 1569	[52.60 s]
0.0.AB: Trace Attempt 434	[54.63 s]
0.0.AM: Trace Attempt 1748	[57.07 s]
0.0.AB: Trace Attempt 440	[58.69 s]
0.0.AB: Trace Attempt 449	[63.62 s]
0.0.AB: Per property time limit expired (64.00 s) [64.01 s]
0.0.AB: Stopped processing property "pulse_generator.u_pulse_generator_sva._assert_10"	[64.01 s].
0.0.AB: Starting proof for property "pulse_generator.u_pulse_generator_sva._assert_10"	[0.00 s].
0.0.AB: Trace Attempt  1	[0.01 s]
0.0.AB: Trace Attempt  2	[0.01 s]
0.0.AB: Trace Attempt  3	[0.01 s]
0.0.AB: Trace Attempt  4	[0.01 s]
0.0.AB: Trace Attempt  5	[0.01 s]
0.0.AB: Trace Attempt  1	[0.01 s]
0.0.AB: Trace Attempt  2	[0.01 s]
0.0.AB: Trace Attempt  3	[0.01 s]
0.0.AB: Trace Attempt  4	[0.01 s]
0.0.AB: Trace Attempt  5	[0.01 s]
0.0.AB: Trace Attempt  1	[0.02 s]
0.0.AB: Trace Attempt  2	[0.02 s]
0.0.AB: Trace Attempt  3	[0.02 s]
0.0.AB: Trace Attempt  4	[0.02 s]
0.0.AB: Trace Attempt  5	[0.02 s]
0.0.AM: Stopped processing property "pulse_generator.u_pulse_generator_sva._assert_10"	[64.14 s].
0.0.AM: Starting proof for property "pulse_generator.u_pulse_generator_sva._assert_10"	[0.00 s].
0.0.AM: Trace Attempt  1	[0.01 s]
0.0.AM: Trace Attempt  2	[0.01 s]
0.0.AM: Trace Attempt  3	[0.01 s]
0.0.AM: Trace Attempt  4	[0.01 s]
0.0.AM: Trace Attempt  5	[0.01 s]
0.0.AM: Trace Attempt  1	[0.01 s]
0.0.AM: Trace Attempt  2	[0.01 s]
0.0.AM: Trace Attempt  3	[0.01 s]
0.0.AM: Trace Attempt  1	[0.01 s]
0.0.AM: Trace Attempt  2	[0.01 s]
0.0.AM: Trace Attempt  3	[0.02 s]
0.0.AM: Trace Attempt  1	[0.06 s]
0.0.AM: Trace Attempt  2	[0.06 s]
0.0.AM: Trace Attempt  3	[0.06 s]
0.0.AM: Stopped processing property "pulse_generator.u_pulse_generator_sva._assert_10"	[0.07 s].
0.0.AM: Morphing to Tricustom6
0.0.AM: Trace Attempt 21	[0.07 s]
0.0.AM: All properties determined. [0.00 s]
0.0.AM: Exited with Success (@ 0.00 s)
0.0.AB: Stopped processing property "pulse_generator.u_pulse_generator_sva._assert_10"	[0.23 s].
0.0.AB: Morphing to AMcustom3
0.0.AB: Trace Attempt 47	[0.22 s]
0.0.AB: All properties determined. [0.00 s]
0.0.AB: Exited with Success (@ 0.00 s)
0.0.Tricustom6: Starting clock optimization
0.0.AMcustom3: clocks: 1, declared: 1, disabling: 0, posedge: 1, negedge: 0, noedge: 0, bothedge: 0
0.0.AMcustom3: Starting proof for property "pulse_generator.u_pulse_generator_sva._assert_10"	[0.00 s].
0.0.AMcustom3: Trace Attempt  1	[0.00 s]
0.0.AMcustom3: Trace Attempt  2	[0.00 s]
0.0.Tricustom6: Finished clock optimization
0.0.Tricustom6: clocks: 1, declared: 1, disabling: 0, posedge: 1, negedge: 0, noedge: 0, bothedge: 0
0.0.AMcustom3: Trace Attempt  3	[0.00 s]
0.0.AMcustom3: Trace Attempt  4	[0.00 s]
0.0.AMcustom3: Trace Attempt  5	[0.00 s]
0.0.AMcustom3: Trace Attempt  1	[0.01 s]
0.0.AMcustom3: Trace Attempt  2	[0.01 s]
0.0.AMcustom3: Trace Attempt  3	[0.01 s]
0.0.Tricustom6: Starting proof for property "pulse_generator.u_pulse_generator_sva._assert_10"	[0.00 s].
0.0.Tricustom6: Trace Attempt  4	[0.00 s]
0.0.AMcustom3: Trace Attempt  1	[0.07 s]
0.0.AMcustom3: Trace Attempt  2	[0.07 s]
0.0.AMcustom3: Trace Attempt  3	[0.07 s]
0.0.Tricustom6:    0.00" ---- Launching main thread ----
0.0.Tricustom6:    0.22" ---- Launching abstraction thread ----
0.0.Tricustom6:    0.25" ---- Launching multi-phase simplification thread ----
0.0.AMcustom3: Trace Attempt  1	[0.33 s]
0.0.AMcustom3: Trace Attempt  2	[0.33 s]
0.0.AMcustom3: Trace Attempt  3	[0.33 s]
0.0.Tricustom6:    1.31" Simplification phase 1 complete
0.0.AMcustom3: Trace Attempt  1	[1.58 s]
0.0.AMcustom3: Trace Attempt  2	[1.58 s]
0.0.AMcustom3: Trace Attempt  3	[1.58 s]
0.0.Tricustom6:    1.82" Simplification phase 2 complete
0.0.Tricustom6:    2.72" Simplification phase 3 complete
   2.72" ---- Completed simplification thread ----
0.0.Tricustom6:    2.72" ---- Restarting main thread on simplified netlist ----
0.0.Tricustom6:    2.94" ---- Restarting abstraction thread on simplified netlist ----
0.0.Tricustom6: Trace Attempt 40080	[5.47 s]
0.0.AMcustom3: Trace Attempt 251	[7.02 s]
0.0.Tricustom6: Trace Attempt 81512	[9.48 s]
0.0.AMcustom3: Trace Attempt 410	[11.03 s]
0.0.Tricustom6: Trace Attempt 136744	[13.48 s]
0.0.Tricustom6: Trace Attempt 188328	[17.99 s]
0.0.AMcustom3: Trace Attempt 591	[19.02 s]
0.0.Bm: Trace Attempt 1347	[563.01 s]
0.0.Tricustom6: Trace Attempt 233592	[21.99 s]
0.0.AMcustom3: Trace Attempt 670	[24.22 s]
0.0.Tricustom6: Trace Attempt 307240	[25.99 s]
0.0.AMcustom3: Trace Attempt 736	[31.53 s]
0.0.Tricustom6: Trace Attempt 330636	[31.51 s]
0.0.Tricustom6: Trace Attempt 391060	[35.51 s]
0.0.AMcustom3: Trace Attempt 839	[36.39 s]
0.0.Tricustom6: Trace Attempt 458232	[39.57 s]
0.0.AMcustom3: Trace Attempt 937	[41.80 s]
0.0.AMcustom3: Trace Attempt 1044	[48.09 s]
0.0.Bm: Trace Attempt 1348	[592.48 s]
0.0.Bm: Trace Attempt 1351	[596.52 s]
0.0.AMcustom3: Trace Attempt 1238	[54.11 s]
0.0.AMcustom3: Trace Attempt 1326	[58.16 s]
0.0.Bm: Trace Attempt 1358	[601.59 s]
0.0.AMcustom3: Trace Attempt 1390	[63.43 s]
0.0.Bm: Trace Attempt 1361	[607.95 s]
0.0.AMcustom3: Trace Attempt 1489	[67.44 s]
0.0.Bm: Trace Attempt 1370	[613.77 s]
0.0.AMcustom3: Trace Attempt 1644	[71.80 s]
0.0.AMcustom3: Trace Attempt 1884	[75.80 s]
0.0.AMcustom3: Trace Attempt 1975	[82.63 s]
0.0.Bm: Trace Attempt 1373	[628.77 s]
0.0.AMcustom3: Trace Attempt 2084	[86.65 s]
0.0.AMcustom3: Trace Attempt 2131	[90.70 s]
0.0.AMcustom3: Trace Attempt 2199	[94.74 s]
0.0.AMcustom3: Trace Attempt 2304	[98.76 s]
0.0.AMcustom3: Trace Attempt 2504	[104.58 s]
0.0.Tricustom6: Trace Attempt 500008	[41.75 s]
0.0.Tricustom6: A trace with 500005 cycles was found. [97.47 s]
INFO (IPF055): 0.0.Tricustom6: A counterexample (cex) with 500005 cycles was found for the property "pulse_generator.u_pulse_generator_sva._assert_10" in 112.33 s.
INFO (IPF047): 0.0.Tricustom6: The cover property "pulse_generator.u_pulse_generator_sva._assert_9:precondition1" was covered in 500003 cycles in 112.33 s by the incidental trace "pulse_generator.u_pulse_generator_sva._assert_10".
INFO (IPF047): 0.0.Tricustom6: The cover property "pulse_generator.u_pulse_generator_sva._assert_10:precondition1" was covered in 500005 cycles in 112.33 s by the incidental trace "pulse_generator.u_pulse_generator_sva._assert_10".
INFO (IPF047): 0.0.Tricustom6: The cover property "pulse_generator.u_pulse_generator_sva._cover_15" was covered in 500005 cycles in 112.33 s by the incidental trace "pulse_generator.u_pulse_generator_sva._assert_10".
INFO (IPF047): 0.0.Tricustom6: The cover property "pulse_generator.u_pulse_generator_sva._cover_18" was covered in 500003 cycles in 112.33 s by the incidental trace "pulse_generator.u_pulse_generator_sva._assert_10".
0: ProofGrid usable level: 3
0.0.AMcustom3: Trace Attempt 2632	[108.94 s]
0.0.Tricustom6: Stopped processing property "pulse_generator.u_pulse_generator_sva._assert_10"	[112.34 s].
0.0.Tricustom6: Starting proof for property "pulse_generator.u_pulse_generator_sva._cover_17"	[0.00 s].
0.0.Tricustom6: Trace Attempt  4	[0.00 s]
0.0.Tricustom6:  112.10" ---- Launching main thread ----
0.0.AMcustom3: Stopped processing property "pulse_generator.u_pulse_generator_sva._assert_10"	[112.39 s].
0.0.AMcustom3: Starting proof for property "pulse_generator.u_pulse_generator_sva._cover_17"	[0.00 s].
0.0.AMcustom3: Trace Attempt  1	[0.03 s]
0.0.AMcustom3: Trace Attempt  2	[0.04 s]
0.0.AMcustom3: Trace Attempt  3	[0.04 s]
0.0.AMcustom3: Trace Attempt  4	[0.04 s]
0.0.AMcustom3: Trace Attempt  5	[0.04 s]
0.0.AMcustom3: Trace Attempt  1	[0.05 s]
0.0.AMcustom3: Trace Attempt  2	[0.05 s]
0.0.AMcustom3: Trace Attempt  3	[0.05 s]
0.0.AMcustom3: Trace Attempt  1	[0.12 s]
0.0.AMcustom3: Trace Attempt  2	[0.12 s]
0.0.AMcustom3: Trace Attempt  3	[0.12 s]
0.0.Tricustom6:  112.49" ---- Launching abstraction thread ----
0.0.Tricustom6:  112.53" ---- Launching multi-phase simplification thread ----
0.0.AMcustom3: Trace Attempt  1	[0.58 s]
0.0.AMcustom3: Trace Attempt  2	[0.59 s]
0.0.AMcustom3: Trace Attempt  3	[0.59 s]
0.0.Tricustom6:  113.57" Simplification phase 1 complete
0.0.Tricustom6:  113.64" Simplification phase 2 complete
0.0.Tricustom6:  114.50" Simplification phase 3 complete
 114.50" ---- Completed simplification thread ----
 114.50" ---- Restarting main thread on simplified netlist ----
0.0.Tricustom6:  114.72" ---- Restarting abstraction thread on simplified netlist ----
0.0.AMcustom3: Trace Attempt 196	[4.64 s]
0.0.Tricustom6: Trace Attempt 36140	[4.86 s]
0.0.Tricustom6: Trace Attempt 101312	[8.86 s]
0.0.AMcustom3: Trace Attempt 290	[8.76 s]
0.0.Bm: Trace Attempt 1374	[664.30 s]
0.0.Tricustom6: Trace Attempt 169356	[12.86 s]
0.0.AMcustom3: Trace Attempt 389	[12.81 s]
0.0.Tricustom6: Trace Attempt 268900	[16.86 s]
0.0.AMcustom3: Trace Attempt 463	[16.82 s]
0.0.Tricustom6: Trace Attempt 343196	[21.14 s]
0.0.AMcustom3: Trace Attempt 507	[21.02 s]
0.0.Tricustom6: Trace Attempt 393316	[25.14 s]
0.0.AMcustom3: Trace Attempt 637	[25.08 s]
0.0.Tricustom6: Trace Attempt 456836	[29.14 s]
0.0.AMcustom3: Trace Attempt 778	[29.10 s]
0.0.Bm: Trace Attempt 1377	[688.32 s]
0.0.AMcustom3: Trace Attempt 876	[33.20 s]
0.0.AMcustom3: Trace Attempt 910	[37.32 s]
0.0.AMcustom3: Trace Attempt 1003	[41.52 s]
0.0.AMcustom3: Trace Attempt 1110	[53.11 s]
0.0.AMcustom3: Trace Attempt 1365	[57.12 s]
0.0.AMcustom3: Trace Attempt 1477	[62.60 s]
0.0.AMcustom3: Trace Attempt 1620	[66.64 s]
0.0.Bm: Trace Attempt 1378	[723.43 s]
0.0.AMcustom3: Trace Attempt 1718	[70.65 s]
0.0.AMcustom3: Trace Attempt 1806	[74.69 s]
0.0.Tricustom6: Trace Attempt 500008	[31.49 s]
0.0.Tricustom6: A trace with 500007 cycles was found. There may exist shorter traces (as short as 500005 cycles) [67.35 s]
INFO (IPF047): 0.0.Tricustom6: The cover property "pulse_generator.u_pulse_generator_sva._cover_17" was covered in 500007 cycles in 80.30 s.
INFO (IPF047): 0.0.Tricustom6: The cover property "pulse_generator.u_pulse_generator_sva._assert_11:precondition1" was covered in 500005 cycles in 80.30 s by the incidental trace "pulse_generator.u_pulse_generator_sva._cover_17".
0: ProofGrid usable level: 1
0.0.Bm: Trace Attempt 1379	[733.89 s]
0.0.Tricustom6: Stopped processing property "pulse_generator.u_pulse_generator_sva._cover_17"	[80.30 s].
0.0.Tricustom6: Last scan. Per property time limit: 0s
0.0.Tricustom6: Starting proof for property "pulse_generator.u_pulse_generator_sva._cover_16"	[0.00 s].
0.0.Tricustom6: Trace Attempt  4	[0.00 s]
0.0.Tricustom6:  192.33" ---- Launching main thread ----
0.0.AMcustom3: Stopped processing property "pulse_generator.u_pulse_generator_sva._cover_17"	[80.30 s].
0.0.AMcustom3: Last scan. Per property time limit: 0s
0.0.AMcustom3: Starting proof for property "pulse_generator.u_pulse_generator_sva._cover_16"	[0.00 s].
0.0.AMcustom3: Trace Attempt  1	[0.01 s]
0.0.AMcustom3: Trace Attempt  2	[0.03 s]
0.0.AMcustom3: Trace Attempt  3	[0.03 s]
0.0.AMcustom3: Trace Attempt  4	[0.03 s]
0.0.AMcustom3: Trace Attempt  5	[0.03 s]
0.0.AMcustom3: Trace Attempt  1	[0.04 s]
0.0.AMcustom3: Trace Attempt  2	[0.04 s]
0.0.AMcustom3: Trace Attempt  3	[0.04 s]
0.0.AMcustom3: Trace Attempt  5	[0.04 s]
0.0.Tricustom6:  192.76" ---- Launching abstraction thread ----
0.0.Tricustom6:  192.80" ---- Launching multi-phase simplification thread ----
0.0.AMcustom3: Trace Attempt  1	[0.56 s]
0.0.AMcustom3: Trace Attempt  2	[0.56 s]
0.0.AMcustom3: Trace Attempt  3	[0.56 s]
0.0.AMcustom3: Trace Attempt  5	[0.56 s]
0.0.AMcustom3: Stopped processing property "pulse_generator.u_pulse_generator_sva._cover_16"	[0.50 s].
0.0.AMcustom3: Morphing to AM
0.0.AMcustom3: Trace Attempt 60	[0.60 s]
0.0.AMcustom3: All properties determined. [0.00 s]
0.0.AMcustom3: Exited with Success (@ 0.00 s)
0.0.AM: clocks: 1, declared: 1, disabling: 0, posedge: 1, negedge: 0, noedge: 0, bothedge: 0
0.0.AM: Starting proof for property "pulse_generator.u_pulse_generator_sva._cover_16"	[0.00 s].
0.0.AM: Trace Attempt  1	[0.00 s]
0.0.AM: Trace Attempt  2	[0.00 s]
0.0.AM: Trace Attempt  3	[0.00 s]
0.0.AM: Trace Attempt  4	[0.00 s]
0.0.AM: Trace Attempt  5	[0.00 s]
0.0.AM: Trace Attempt  1	[0.01 s]
0.0.AM: Trace Attempt  2	[0.01 s]
0.0.AM: Trace Attempt  3	[0.01 s]
0.0.AM: Trace Attempt  5	[0.01 s]
0.0.AM: Trace Attempt  1	[0.03 s]
0.0.AM: Trace Attempt  2	[0.03 s]
0.0.AM: Trace Attempt  3	[0.03 s]
0.0.AM: Trace Attempt  5	[0.03 s]
0.0.AM: Trace Attempt  1	[0.71 s]
0.0.AM: Trace Attempt  2	[0.71 s]
0.0.AM: Trace Attempt  3	[0.71 s]
0.0.AM: Trace Attempt  5	[0.71 s]
0.0.Tricustom6:  194.56" Simplification phase 1 complete
0.0.Tricustom6:  194.63" Simplification phase 2 complete
0.0.Tricustom6:  195.05" Simplification phase 3 complete
 195.05" ---- Completed simplification thread ----
 195.05" ---- Restarting main thread on simplified netlist ----
0.0.Bm: Trace Attempt 1386	[737.92 s]
0.0.Tricustom6:  195.28" ---- Restarting abstraction thread on simplified netlist ----
0.0.Tricustom6: Trace Attempt 49228	[5.61 s]
0.0.AM: Trace Attempt 248	[4.82 s]
0.0.Bm: Trace Attempt 1400	[741.92 s]
0.0.Tricustom6: Trace Attempt 100664	[9.61 s]
0.0.Bm: Trace Attempt 1404	[746.14 s]
0.0.AM: Trace Attempt 322	[11.11 s]
0.0.Tricustom6: Trace Attempt 139204	[13.61 s]
0.0.AM: Trace Attempt 495	[15.16 s]
0.0.Tricustom6: Trace Attempt 202812	[17.61 s]
0.0.Tricustom6: Trace Attempt 270184	[21.89 s]
0.0.AM: Trace Attempt 605	[24.84 s]
0.0.Tricustom6: Trace Attempt 339768	[26.27 s]
0.0.AM: Trace Attempt 780	[28.90 s]
0.0.Tricustom6: Trace Attempt 369312	[30.86 s]
0.0.Bm: Trace Attempt 1405	[767.77 s]
0.0.AM: Trace Attempt 835	[33.57 s]
0.0.Tricustom6: Trace Attempt 422580	[35.26 s]
0.0.AM: Trace Attempt 1063	[37.69 s]
0.0.Tricustom6: Trace Attempt 498140	[39.37 s]
0.0.AM: Trace Attempt 1128	[42.72 s]
0.0.Bm: Trace Attempt 1406	[782.14 s]
0.0.AM: Trace Attempt 1414	[46.76 s]
0.0.Bm: Trace Attempt 1410	[786.39 s]
0.0.AM: Trace Attempt 1564	[55.06 s]
0.0.Bm: Trace Attempt 1415	[793.70 s]
0.0.AM: Trace Attempt 1722	[59.16 s]
0.0.AM: Trace Attempt 1817	[63.29 s]
0.0.AM: Trace Attempt 2118	[67.30 s]
0.0.AM: Trace Attempt 2214	[71.33 s]
0.0.AM: Trace Attempt 2285	[77.00 s]
0.0.AM: Trace Attempt 2490	[81.04 s]
0.0.AM: Requesting engine job to stop
0.0.Tricustom6: Requesting engine job to stop
0.0.Ht: Requesting engine job to terminate
0.0.Bm: Requesting engine job to terminate
INFO (IPF144): 0: Initiating shutdown of proof [1065.76 s]
0.0.Tricustom6: Trace Attempt 500008	[39.41 s]
0.0.Tricustom6: A trace with 500007 cycles was found. There may exist shorter traces (as short as 500005 cycles) [77.10 s]
INFO (IPF047): 0.0.Tricustom6: The cover property "pulse_generator.u_pulse_generator_sva._cover_16" was covered in 500007 cycles in 89.23 s.
0: ProofGrid usable level: 0
0.0.Ht: Interrupted (multi)
0.0.Ht: Trace Attempt 2910	[240.72 s]
0.0.Ht: All properties determined. [1065.70 s]
0.0.AM: Trace Attempt 2681	[85.08 s]
0.0.Bm: All properties determined. [824.49 s]
0.0.Ht: Exited with Success (@ 1065.82 s)
0.0.Tricustom6: Stopped processing property "pulse_generator.u_pulse_generator_sva._cover_16"	[89.23 s].
0.0.Bm: Exited with Success (@ 1065.85 s)
0.0.Tricustom6: All properties determined. [281.75 s]
0.0.Tricustom6: Exited with Success (@ 1065.98 s)
0.0.AM: Stopped processing property "pulse_generator.u_pulse_generator_sva._cover_16"	[88.72 s].
0.0.AM: Trace Attempt 2774	[88.11 s]
0.0.AM: All properties determined. [88.68 s]
0.0.AM: Exited with Success (@ 1066.05 s)
0: --------------------------------------------------------------
ProofGrid Summary (utilization 99.99 %)
--------------------------------------------------------------
     engines started                               :    19
     engine jobs started                           :     4

    Average time in state (seconds)
    ------------------------------------------------------
    Engine  Pending     Running        Dead    Utilization
    ------------------------------------------------------
     Ht        0.06     1065.70        0.00       99.99 %
     Bm        0.07     1065.72        0.00       99.99 %
     AM        0.08     1064.29        0.00       99.99 %
    Tricustom6        0.07     1065.41        0.00       99.99 %
    all        0.07     1065.28        0.00       99.99 %

    Total time in state (seconds)
    -----------------------------------------
            Pending     Running        Dead  
    -----------------------------------------
               0.28     4261.11        0.00

    Data read    : 122.75 MiB
    Data written : 15.81 MiB

0: All pending notifications were processed.
INFO (IPF059): Completed proof on task: "<embedded>" for proof thread 0

==============================================================
SUMMARY
==============================================================
           Properties Considered              : 29
                 assertions                   : 13
                  - proven                    : 10 (76.9231%)
                  - bounded_proven (user)     : 0 (0%)
                  - bounded_proven (auto)     : 0 (0%)
                  - marked_proven             : 0 (0%)
                  - cex                       : 3 (23.0769%)
                  - ar_cex                    : 0 (0%)
                  - undetermined              : 0 (0%)
                  - unknown                   : 0 (0%)
                  - error                     : 0 (0%)
                 covers                       : 16
                  - unreachable               : 1 (6.25%)
                  - bounded_unreachable (user): 0 (0%)
                  - covered                   : 15 (93.75%)
                  - ar_covered                : 0 (0%)
                  - undetermined              : 0 (0%)
                  - unknown                   : 0 (0%)
                  - error                     : 0 (0%)
[<embedded>] % 
[<embedded>] % # ---- Covers (best effort) ----
[<embedded>] % catch { cover -all }
1
[<embedded>] % 
[<embedded>] % # ---- Write summary ----
[<embedded>] % set fp [open $SUMMARY_TXT "w"]
file43
[<embedded>] % puts $fp "DESIGN_ID=$DESIGN_ID"
[<embedded>] % puts $fp "TOP=$TOP"
[<embedded>] % puts $fp "ASSERT_COUNT=[llength $ASSERTS]"
[<embedded>] % puts $fp "COVER_COUNT=[llength $COVERS]"
[<embedded>] % puts $fp "PROP_LIST=$PROP_LIST_TXT"
[<embedded>] % close $fp
[<embedded>] % 
[<embedded>] % puts "\n✅ DONE: Proof run completed (check Jasper property table / log for PROVED/FAILED)"

✅ DONE: Proof run completed (check Jasper property table / log for PROVED/FAILED)
[<embedded>] % puts "INFO: Wrote $SUMMARY_TXT"
INFO: Wrote verification_results/03722/summary.txt
[<embedded>] % puts "INFO: Wrote $PROP_LIST_TXT"
INFO: Wrote verification_results/03722/property_list.txt
[<embedded>] % exit 0
[<embedded>] % INFO (IPL005): Received request to exit from the console.
INFO (IPL014): Waiting for the Tcl-thread to exit.
INFO: Waiting for proof threads to stop...
INFO: Proof threads stopped.
INFO (IPL018): The peak resident set memory use for this session was 2.881 GB.
INFO (IPL015): The Tcl-thread exited with status 0.
INFO (IPL016): Exiting the analysis session with status 0.
