# ----------------------------------------
# JasperGold Version Info
# tool      : JasperGold 2021.03
# platform  : Linux 5.14.0-570.84.1.el9_6.x86_64
# version   : 2021.03 FCS 64 bits
# build date: 2021.03.23 02:50:43 UTC
# ----------------------------------------
# started   : 2026-02-23 13:57:33 EST
# hostname  : della-r3c1n5.(none)
# pid       : 1959397
# arguments : '-label' 'session_0' '-console' '//127.0.0.1:36973' '-nowindow' '-style' 'windows' '-exitonerror' '-data' 'AAAA8HicTY7NCsIwEIS/IIKIB19EW1Dw0qu3iuDBa9EStT+omOrBi6/qm9RJ0OKG3exOZmZjgOTVti0hek+VMSkrNixV12x1d2He3yYxKn3liAl7djTknDQPNV+5caHUlDIl4oEVUnBQ5oFb6P1MJtTiuFMLc2LGzJmx0ImkP3ZOVrpGfgO5+021+jh4l/Jz4vkN2d+mLPzH6yrxfho+p/wlGQ==' '-proj' '/home/ab2113/malik25_26/metrex/dataset/version_1/verification_results/04377/jgproject/sessionLogs/session_0' '-init' '-hidden' '/home/ab2113/malik25_26/metrex/dataset/version_1/verification_results/04377/jgproject/.tmp/.initCmds.tcl' './jasper_verif_check.tcl' '-hidden' '/home/ab2113/malik25_26/metrex/dataset/version_1/verification_results/04377/jgproject/.tmp/.postCmds.tcl'

Any disclosure about the Cadence Design Systems software or its use
model to any third party violates the written Non-Disclosure Agreement
between Cadence Design Systems, Inc. and the customer.

THIS SOFTWARE CONTAINS CONFIDENTIAL INFORMATION AND TRADE SECRETS OF
CADENCE DESIGN SYSTEMS, INC. USE, DISCLOSURE, OR REPRODUCTION IS
PROHIBITED WITHOUT THE PRIOR EXPRESS WRITTEN PERMISSION OF CADENCE
DESIGN SYSTEMS, INC.

Copyright (C) 2000-2021 Cadence Design Systems, Inc. All Rights
Reserved.  Unpublished -- rights reserved under the copyright laws of
the United States.

This product includes software developed by others and redistributed
according to license agreement. See doc/third_party_readme.txt for
further details.

RESTRICTED RIGHTS LEGEND

Use, duplication, or disclosure by the Government is subject to
restrictions as set forth in subparagraph (c) (1) (ii) of the Rights in
Technical Data and Computer Software clause at DFARS 252.227-7013 or
subparagraphs (c) (1) and (2) of Commercial Computer Software -- Restricted
Rights at 48 CFR 52.227-19, as applicable.


                          Cadence Design Systems, Inc. 
                          2655 Seely Avenue
                          San Jose, CA 95134
                          Phone: 408.943.1234

For technical assistance visit http://support.cadence.com.

JasperGold Apps Analysis Session - /home/ab2113/malik25_26/metrex/dataset/version_1/verification_results/04377/jgproject/sessionLogs/session_0

INFO: successfully checked out license "jasper_fao".
INFO: reading configuration file "/home/ab2113/.config/jasper/jaspergold.conf".
% # ============================================================
% # JasperGold Assertion Verification Runner (env-driven)
% # Output: verification_results/<DESIGN_ID>/
% #
% # Env:
% #   DESIGN_ID     : required (subfolder name)
% #   JG_DESIGN     : required, space/colon-separated RTL file paths OR a directory
% #   JG_SVA        : required, space/colon-separated SVA file paths OR a directory
% #
% # Optional:
% #   JG_TOP        : top module name. If missing, inferred from RTL (default: infer)
% #   JG_STD        : sv12 | sv11 | sv09 (default: sv12)
% #   JG_INCDIRS    : colon/space-separated include dirs (optional)
% #   JG_DEFINES    : space-separated defines NAME or NAME=VAL (optional)
% #   JG_NO_CLOCK   : 1 to force combinational clocking (default: 0)
% #   JG_RESET      : explicit reset signal name (optional)
% #   JG_RESET_EXPR : explicit reset expression (optional)
% # ============================================================
% 
% proc split_env_list {s} {
  if {$s eq ""} {return {}}
  set out {}
  foreach p [split $s " :"] { if {$p ne ""} {lappend out $p} }
  return $out
}
% 
% proc split_space_list {s} {
  if {$s eq ""} {return {}}
  set out {}
  foreach p [split $s " "] { if {$p ne ""} {lappend out $p} }
  return $out
}
% 
% proc collect_files_any {path} {
  # If path is a file, return it. If directory, glob common HDL extensions.
  if {[file isfile $path]} { return [list $path] }
  if {![file isdirectory $path]} { error "Not a file or directory: $path" }

  set patterns {*.sv *.svh *.v *.vh}
  set flist {}
  foreach p $patterns {
    foreach f [glob -nocomplain -types f -directory $path -tails -- $p] {
      lappend flist [file join $path $f]
    }
  }
  if {[llength $flist] == 0} { error "No HDL files found in directory: $path" }
  return $flist
}
% 
% proc read_file_text {path} {
  set fp [open $path "r"]
  set data [read $fp]
  close $fp
  return $data
}
% 
% proc strip_comments {text} {
  set out $text
  regsub -all {(?s)/\*.*?\*/} $out "" out
  regsub -all {(?m)//.*$} $out "" out
  return $out
}
% 
% proc infer_top_from_file {f} {
  if {![file isfile $f]} { return "" }
  set txt [strip_comments [read_file_text $f]]
  if {[regexp -nocase -line {^\s*module\s+([A-Za-z_][A-Za-z0-9_]*)} $txt -> m]} {
    return $m
  }
  return ""
}
% 
% proc find_reset_signal {top files} {
  set top_l [string tolower $top]
  set keywords {input output inout wire reg logic signed unsigned integer parameter localparam bit tri supply0 supply1 tri0 tri1 wand wor}
  foreach f $files {
    if {![file isfile $f]} { continue }
    set txt [strip_comments [read_file_text $f]]
    set re "(?s)\\mmodule\\s+${top_l}\\M\\s*(#\\s*\\(.*?\\)\\s*)?\\((.*?)\\)\\s*;"
    if {[regexp -nocase -- $re $txt -> _port_params portlist]} {
      set tokens [regexp -all -inline {\m[A-Za-z_][A-Za-z0-9_]*\M} $portlist]
      set names {}
      foreach t $tokens {
        set tl [string tolower $t]
        if {[lsearch -exact $keywords $tl] >= 0} { continue }
        lappend names $t
      }
      if {[llength $names] == 0} { continue }
      set lower_map [dict create]
      foreach n $names { dict set lower_map [string tolower $n] $n }
      set exact_priority {reset_n rst_n resetb rstb resetn rstn areset_n arst_n reset rst areset arst}
      foreach p $exact_priority {
        if {[dict exists $lower_map $p]} { return [dict get $lower_map $p] }
      }
      foreach n $names {
        set ln [string tolower $n]
        if {[regexp {(^|_)reset(_|$)} $ln] || [regexp {(^|_)rst(_|$)} $ln]} {
          return $n
        }
      }
    }
  }
  return ""
}
% 
% # ---- Read config from environment ----
% if {![info exists ::env(DESIGN_ID)] || $::env(DESIGN_ID) eq ""} {
  puts "ERROR: DESIGN_ID not set."
  exit 2
}
% if {![info exists ::env(JG_DESIGN)] || $::env(JG_DESIGN) eq ""} {
  puts "ERROR: JG_DESIGN not set."
  exit 2
}
% if {![info exists ::env(JG_SVA)] || $::env(JG_SVA) eq ""} {
  puts "ERROR: JG_SVA not set."
  exit 2
}
% 
% set DESIGN_ID $::env(DESIGN_ID)
04377
% 
% # JG_TOP is optional: if missing, infer from RTL
% set TOP ""
% if {[info exists ::env(JG_TOP)] && $::env(JG_TOP) ne ""} {
  set TOP $::env(JG_TOP)
}
% 
% set STD      [expr {[info exists ::env(JG_STD)] ? $::env(JG_STD) : "sv12"}]
sv12
% set INCDIRS  [expr {[info exists ::env(JG_INCDIRS)] ? [split_env_list $::env(JG_INCDIRS)] : {}}]
% # Defines should be space-separated (do NOT split on ':')
% set DEFINES  [expr {[info exists ::env(JG_DEFINES)] ? [split_space_list $::env(JG_DEFINES)] : {}}]
% set NO_CLOCK [expr {[info exists ::env(JG_NO_CLOCK)] ? $::env(JG_NO_CLOCK) : 0}]
1
% 
% # JG_DESIGN/JG_SVA can be:
% # - a directory
% # - a single file
% # - a list of files/dirs separated by spaces/colons
% set DESIGN_INPUTS [split_env_list $::env(JG_DESIGN)]
./04377/module.v
% set SVA_INPUTS    [split_env_list $::env(JG_SVA)]
./04377/sva.sv
% 
% set DESIGN_FILES {}
% foreach p $DESIGN_INPUTS { set DESIGN_FILES [concat $DESIGN_FILES [collect_files_any $p]] }
% 
% # Infer TOP if not provided
% if {$TOP eq ""} {
  foreach f $DESIGN_FILES {
    set guess [infer_top_from_file $f]
    if {$guess ne ""} { set TOP $guess; break }
  }
  if {$TOP eq ""} {
    puts "ERROR: Could not infer TOP from design files; set JG_TOP explicitly."
    exit 2
  }
}
% puts "INFO: Using TOP = $TOP"
INFO: Using TOP = descrambler
% 
% set SVA_FILES {}
% foreach p $SVA_INPUTS { set SVA_FILES [concat $SVA_FILES [collect_files_any $p]] }
% 
% # ---- Output dir ----
% set OUT_DIR [file join "verification_results" $DESIGN_ID]
verification_results/04377
% file mkdir $OUT_DIR
% set PROP_LIST_TXT [file join $OUT_DIR "property_list.txt"]
verification_results/04377/property_list.txt
% set SUMMARY_TXT   [file join $OUT_DIR "summary.txt"]
verification_results/04377/summary.txt
% 
% puts "INFO: Verification run starting"
INFO: Verification run starting
% puts "  DESIGN_ID : $DESIGN_ID"
  DESIGN_ID : 04377
% puts "  TOP       : $TOP"
  TOP       : descrambler
% puts "  STD       : $STD"
  STD       : sv12
% puts "  INCDIRS   : $INCDIRS"
  INCDIRS   : 
% puts "  DEFINES   : $DEFINES"
  DEFINES   : 
% puts "  NO_CLOCK  : $NO_CLOCK"
  NO_CLOCK  : 1
% puts "  N_DESIGN  : [llength $DESIGN_FILES]"
  N_DESIGN  : 1
% puts "  N_SVA     : [llength $SVA_FILES]"
  N_SVA     : 1
% puts "  OUT_DIR   : $OUT_DIR"
  OUT_DIR   : verification_results/04377
% 
% # Optional: promote common message groups to errors (best-effort)
% if {[llength [info commands set_msg_config]]} {
  set_msg_config -id COMP*  -severity error
  set_msg_config -id PARSE* -severity error
  set_msg_config -id ELAB*  -severity error
}
% 
% # ---- Build analyze options ----
% set analyze_opts [list analyze -$STD]
analyze -sv12
% if {[llength $INCDIRS] > 0} { lappend analyze_opts -incdir $INCDIRS }
% if {[llength $DEFINES] > 0} {
  foreach d $DEFINES { lappend analyze_opts -define $d }
}
% 
% # ---- Analyze + Elaborate ----
% set err 0
0
% puts "DEBUG: DESIGN_FILES = $DESIGN_FILES"
DEBUG: DESIGN_FILES = ./04377/module.v
% puts "DEBUG: SVA_FILES    = $SVA_FILES"
DEBUG: SVA_FILES    = ./04377/sva.sv
% 
% if {[catch {eval $analyze_opts $DESIGN_FILES} msg]} {
  puts "ERROR: analyze design failed:\n$msg"
  set err 1
}
[-- (VERI-1482)] Analyzing Verilog file '/scratch/gpfs/LICENSED/x86_64/cadence-20210126/jasper_2021.03/lib/verilog/packages/std/std.sv' into library 'std'
[-- (VERI-1482)] Analyzing Verilog file './04377/module.v'
% if {!$err && [catch {eval $analyze_opts $SVA_FILES} msg2]} {
  puts "ERROR: analyze SVA failed:\n$msg2"
  set err 1
}
[-- (VERI-1482)] Analyzing Verilog file './04377/sva.sv'
% 
% puts "DEBUG: Elaborating TOP='$TOP'"
DEBUG: Elaborating TOP='descrambler'
% if {!$err && [catch {elaborate -top $TOP} emsg]} {
  puts "ERROR: elaborate failed:\n$emsg"
  set err 1
}
INFO (ISW003): Top module name is "descrambler".
[INFO (HIER-8002)] ./04377/module.v(33): Disabling old hierarchical reference handler
[INFO (VERI-1018)] ./04377/sva.sv(7): compiling module 'descrambler_sva'
[WARN (VERI-1060)] ./04377/sva.sv(25): 'initial' construct ignored
[WARN (VERI-1796)] ./04377/sva.sv(28): system function call isunknown with non-constant argument is not synthesizable
[WARN (VERI-1796)] ./04377/sva.sv(29): system function call isunknown with non-constant argument is not synthesizable
[INFO (VERI-1018)] ./04377/module.v(3): compiling module 'descrambler'
INFO (INL208): Elaboration synthesis summary:
  Number of synthesized netlists          3 (1 packages)
  Single run mode                         On
  Pipeline                                On (2 pipelined netlists)
  Late hierarchical reference connection  On
  Number of analyzed Verilog modules      3 (3 synthesized)
  Number of analyzed VHDL entities        0 (0 synthesized)
INFO (INL003): Clearing all state information (assumes, stopats, and so forth).
[<embedded>] % 
[<embedded>] % # If combinational / event-driven, you can force "no clock"
[<embedded>] % if {!$err && $NO_CLOCK} {
  catch { clock -none }
}
INFO (ICK008): Enabling clock-free environment.
0
[<embedded>] % 
[<embedded>] % if {$err} {
  puts "\n❌ FAILED: compile/elab errors"
  exit 1
}
[<embedded>] % 
[<embedded>] % # ---- Reset -----
[<embedded>] % set RESET_SIG ""
[<embedded>] % set RESET_EXPR ""
[<embedded>] % if {[info exists ::env(JG_RESET_EXPR)] && $::env(JG_RESET_EXPR) ne ""} {
  set RESET_EXPR $::env(JG_RESET_EXPR)
} elseif {[info exists ::env(JG_RESET)] && $::env(JG_RESET) ne ""} {
  set RESET_SIG $::env(JG_RESET)
} else {
  set RESET_SIG [find_reset_signal $TOP $DESIGN_FILES]
}
arst
[<embedded>] % 
[<embedded>] % if {$RESET_EXPR ne ""} {
  puts "INFO: Using reset expression: $RESET_EXPR"
  catch { reset -expression $RESET_EXPR }
} elseif {$RESET_SIG ne ""} {
  if {[regexp -nocase {(_n|_b)$} $RESET_SIG]} {
    set RESET_EXPR "!$RESET_SIG"
    puts "INFO: Using active-low reset expression: $RESET_EXPR"
    catch { reset -expression $RESET_EXPR }
  } else {
    puts "INFO: Using reset signal: $RESET_SIG"
    catch { reset $RESET_SIG }
  }
} else {
  puts "INFO: No reset signal found; using reset -none"
  catch { reset -none }
}
INFO: Using reset signal: arst
INFO (IPM031): Clearing proof results of all properties.
INFO (IRS006): Current reset condition is "arst".
0
[<embedded>] % 
[<embedded>] % # ---- Property discovery (bind sanity check) ----
[<embedded>] % set ASSERTS {}
[<embedded>] % set COVERS  {}
[<embedded>] % catch { set ASSERTS [assert -list -silent] }
0
[<embedded>] % catch { set COVERS  [cover  -list -silent] }
0
[<embedded>] % 
[<embedded>] % puts "INFO: Found [llength $ASSERTS] asserts, [llength $COVERS] covers"
INFO: Found 519 asserts, 519 covers
[<embedded>] % 
[<embedded>] % # Write property names
[<embedded>] % set fp [open $PROP_LIST_TXT "w"]
file41
[<embedded>] % puts $fp "ASSERT PROPERTIES:"
[<embedded>] % foreach a $ASSERTS { puts $fp $a }
[<embedded>] % puts $fp ""
[<embedded>] % puts $fp "COVER PROPERTIES:"
[<embedded>] % foreach c $COVERS { puts $fp $c }
[<embedded>] % close $fp
[<embedded>] % 
[<embedded>] % if {[llength $ASSERTS] == 0 && [llength $COVERS] == 0} {
  puts "\n❌ FAILED: No properties found (bind likely didn't attach, or wrong TOP)"
  exit 3
}
[<embedded>] % 
[<embedded>] % # ---- Prove all assertions ----
[<embedded>] % # 3600 seconds = 1 hour timeout per property (adjust as needed)
[<embedded>] % set_prove_time_limit 3600
[<embedded>] % puts "INFO: Running prove -all"
INFO: Running prove -all
[<embedded>] % if {[catch { prove -all } pmsg]} {
  puts "ERROR: prove command failed:\n$pmsg"
  exit 4
}
Ncustom1: Custom engine code is hT3Ng7hPPfiYQOTDZ3qhYOwGAM51eA+J/FjkM5shLioAsqhgLR4Ft+O1BuKG6ilQ83B9tLXSl+CwjiTMAQA
AMcustom2: Custom engine code is hT3Ng7hP/feYQOTDZ3qhYOwGAM51eA+J/FjkM5shLioAsqhgLR4Ft+O1BuKG6ilQ83B9tLXSmmqwm7g9AQA
INFO (IPF036): Starting proof on task: "<embedded>", 1038 properties to prove with 0 already proven/unreachable
INFO (IRS029): Starting reset analysis: phase 1 of 4.
INFO (IRS030): Running reset analysis: phase 2 of 4.
INFO (IRS031): Running reset analysis: phase 3 of 4.
INFO (IRS020): Starting the reset analysis simulation with a limit of 100 iterations (phase 4 of 4).
INFO (IRS024): Reset iterations 0 to 4 analyzed.
INFO (IRS018): Reset analysis simulation executed for 3 iterations. Assigned values for 570 of 570 design flops, 0 of 0 design latches, 4127 of 6351 internal elements.
INFO (IRS039): Reset analysis complete.
WARNING (WCK006): 0: Clock "arst" for flop "u_descrambler_sva._assert_5" is assigned to constant value (constant FALSE). It will never tick.
    High-level clock signal is: arst
    Check your clock definition and pin constraints or try "clock -analyze" for more information.
INFO (IPF031): Settings used for proof thread 0:
    orchestration                 = on (auto)
    time_limit                    = 3600s
    per_property_time_limit       = 1s * 10 ^ scan
    engine_mode                   = auto
    proofgrid_per_engine_max_jobs = 1
    max engine jobs               = auto
    proofgrid_mode                = local
    proofgrid_restarts            = 10
AMcustom3: Custom engine code is hT3NE7hP/2Fz2XrVSbG0RDiSlOmcEY54dTxWvdDsI3//MxFcPzdQEJVlimlZshtLUKCpt0qXHu9EQAivsvCTP5Pi2s9EBccXnc85FrzRRX45WcXC5XpA9kyHdIYmOxUqsRrN5ntdfkwHRnO7f82Dn4pCsne09HV19Yd/o8VzV0c8nka+2MMhbNDEdLGC4SmTi8oNy00Nn40QJnMevDlPY3jIAQA
Ncustom4: Custom engine code is hT3OXrhPByJp3TrFSTLhUmMH4KVtJgmTCnNDF46yMXOKY48m4LS5nE7yBzFjA7kDuwO/GhGUpEPiky3p3wmPn3dJZHxFMsafSoObRzSC+tn7sEY0WbTdZ/FV4hL3MYH/b1CIUvXSWR4wqEoVLsmMOD4xIPT4lI1LO6ZCO7PnnWQuLwetnvKlrXx6wCW/A+x+enqslg1YPobi4wEF/EvbzOvcTYdJvl2s4H2yZg2b2ofAVN5WvhWk1HoBAA
Ncustom5: Custom engine code is hT3NR7hPByFp3TrFSTLhUmMH4KWtJglTyV/c51BHEeZWamnJv767nE6PCak26bd3gf3XGN3rIRheufhDieCJQVISo+gNYUKhiUedBKGtsP/a18svAnlMJZudHxDFwK5ufsyoxsIyiAeSY2oi3tEuoDHr5gw42DFKAG3PqO3CEsl8Azzdt3pl5nGA1Ifv2H02eYsFzWb/nfp8PMb3F0krE/EgBcm8TD9Div8BAA
Tricustom6: Custom engine code is hT3Nu7hP3fiYQADBZnYcglNHp9bfd7EOeniIqP/ji8sGLQu8yhsFO+wxJ+O+R0bU8g/IewXFomyos+viQnWc2xYNYmMqpo3i40O7DaZR7qfp4YqNx26KRvQ/qx0BAA
0.0.PRE: A proof was found: No trace exists. [0.00 s]
INFO (IPF057): 0.0.PRE: The property "descrambler.u_descrambler_sva._assert_2" was proven in 0.00 s.
0.0.PRE: A proof was found: No trace exists. [0.00 s]
INFO (IPF057): 0.0.PRE: The property "descrambler.u_descrambler_sva._assert_3" was proven in 0.00 s.
0.0.PRE: A proof was found: No trace exists. [0.00 s]
INFO (IPF057): 0.0.PRE: The property "descrambler.u_descrambler_sva._assert_4" was proven in 0.00 s.
0.0.PRE: A proof was found: No trace exists. [0.00 s]
INFO (IPF057): 0.0.PRE: The property "descrambler.u_descrambler_sva._assert_5" was proven in 0.00 s.
0.0.PRE: A proof was found: No trace exists. [0.00 s]
INFO (IPF057): 0.0.PRE: The property "descrambler.u_descrambler_sva._assert_6" was proven in 0.00 s.
0.0.PRE: A proof was found: No trace exists. [0.00 s]
INFO (IPF051): 0.0.PRE: The cover property "descrambler.u_descrambler_sva._assert_6:precondition1" was proven unreachable in 0.00 s.
0: Found proofs for 6 properties in preprocessing
0: Using multistage preprocessing
0: Starting reduce
0: Finished reduce in 0.017s
0.0.PRE: A proof was found: No trace exists. [0.00 s]
INFO (IPF051): 0.0.PRE: The cover property "descrambler.u_descrambler_sva._cover_10" was proven unreachable in 0.00 s.
0: Found proofs for 1 properties in preprocessing
0.0.PRE: Performing Proof Simplification...
0.0.N: clocks: 2, declared: 1, disabling: 0, posedge: 2, negedge: 0, noedge: 0, bothedge: 0
0.0.N: Proof Simplification Iteration 1	[0.00 s]
0.0.N: Proof Simplification Iteration 2	[0.01 s]
0.0.N: Proof Simplification Iteration 3	[0.01 s]
0.0.PRE: A proof was found: No trace exists. [0.00 s]
INFO (IPF057): 0.0.PRE: The property ":noDeadEnd" was proven in 0.00 s.
    Use check_assumptions -show -dead_end to show this property in the property table.
0.0.PRE: A proof was found: No trace exists. [0.00 s]
INFO (IPF057): 0.0.PRE: The property ":noConflict" was proven in 0.00 s.
    Use check_assumptions -show to show this property in the property table.
INFO (IPF047): 0.0.PRE: The cover property ":live" was covered in 1 cycles in 0.00 s.
    Use check_assumptions -show -live to show this property in the property table.
0.0.PRE: Proof Simplification completed in 0.06 s
0: About to start ProofGrid in its own thread with a limit of 10000 pending notifications and a limit of 10 traces.
0: =============================== ProofGrid start ===============================
0: ProofGrid usable level: 1031
0: ProofGrid is starting event handling
0.0.N: Proofgrid shell started at 1959463@della-r3c1n5(local) jg_1959397_della-r3c1n5_1
0.0.Hp: Proofgrid shell started at 1959464@della-r3c1n5(local) jg_1959397_della-r3c1n5_1
0.0.N: OS RSS memory limit : 17179869184 / 17179869184
0.0.Hp: OS RSS memory limit : 17179869184 / 17179869184
0.0.N: clocks: 1, declared: 1, disabling: 0, posedge: 1, negedge: 0, noedge: 0, bothedge: 0
0.0.Hp: clocks: 1, declared: 1, disabling: 0, posedge: 1, negedge: 0, noedge: 0, bothedge: 0
0.0.N: Next scan (0) will use per property time limit: 1s * 10 ^ 0 = 1s
0.0.N: Starting proof for property "descrambler.u_descrambler_sva._assert_7"	[0.00 s].
0.0.N: Trace Attempt  1	[0.00 s]
0.0.N: Trace Attempt  2	[0.00 s]
0.0.N: Trace Attempt  2	[0.01 s]
0.0.N: Trace Attempt  3	[0.01 s]
0.0.N: Trace Attempt  3	[0.01 s]
0.0.N: Trace Attempt  4	[0.03 s]
0.0.N: Trace Attempt  5	[0.03 s]
0.0.Hp: Trace Attempt  1	[0.04 s]
0.0.Hp: A trace with 1 cycles was found. [0.04 s]
INFO (IPF047): 0.0.Hp: The cover property "descrambler.u_descrambler_sva._assert_7:precondition1" was covered in 1 cycles in 0.21 s.
INFO (IPF047): 0.0.Hp: The cover property "descrambler.u_descrambler_sva._cover_12" was covered in 1 cycles in 0.21 s.
0.0.Hp: A trace with 1 cycles was found. [0.05 s]
INFO (IPF047): 0.0.Hp: The cover property "descrambler.u_descrambler_sva._assert_8:precondition1" was covered in 1 cycles in 0.27 s.
INFO (IPF047): 0.0.Hp: The cover property "descrambler.u_descrambler_sva.gen_dout_chk[0]._assert_9:precondition1" was covered in 1 cycles in 0.27 s.
INFO (IPF047): 0.0.Hp: The cover property "descrambler.u_descrambler_sva.gen_dout_chk[1]._assert_9:precondition1" was covered in 1 cycles in 0.27 s.
INFO (IPF047): 0.0.Hp: The cover property "descrambler.u_descrambler_sva.gen_dout_chk[2]._assert_9:precondition1" was covered in 1 cycles in 0.27 s.
INFO (IPF047): 0.0.Hp: The cover property "descrambler.u_descrambler_sva.gen_dout_chk[3]._assert_9:precondition1" was covered in 1 cycles in 0.27 s.
INFO (IPF047): 0.0.Hp: The cover property "descrambler.u_descrambler_sva.gen_dout_chk[4]._assert_9:precondition1" was covered in 1 cycles in 0.27 s.
INFO (IPF047): 0.0.Hp: The cover property "descrambler.u_descrambler_sva.gen_dout_chk[5]._assert_9:precondition1" was covered in 1 cycles in 0.27 s.
INFO (IPF047): 0.0.Hp: The cover property "descrambler.u_descrambler_sva.gen_dout_chk[6]._assert_9:precondition1" was covered in 1 cycles in 0.27 s.
INFO (IPF047): 0.0.Hp: The cover property "descrambler.u_descrambler_sva.gen_dout_chk[7]._assert_9:precondition1" was covered in 1 cycles in 0.27 s.
INFO (IPF047): 0.0.Hp: The cover property "descrambler.u_descrambler_sva.gen_dout_chk[8]._assert_9:precondition1" was covered in 1 cycles in 0.27 s.
INFO (IPF047): 0.0.Hp: The cover property "descrambler.u_descrambler_sva.gen_dout_chk[9]._assert_9:precondition1" was covered in 1 cycles in 0.27 s.
INFO (IPF047): 0.0.Hp: The cover property "descrambler.u_descrambler_sva.gen_dout_chk[10]._assert_9:precondition1" was covered in 1 cycles in 0.27 s.
INFO (IPF047): 0.0.Hp: The cover property "descrambler.u_descrambler_sva.gen_dout_chk[11]._assert_9:precondition1" was covered in 1 cycles in 0.27 s.
INFO (IPF047): 0.0.Hp: The cover property "descrambler.u_descrambler_sva.gen_dout_chk[12]._assert_9:precondition1" was covered in 1 cycles in 0.27 s.
INFO (IPF047): 0.0.Hp: The cover property "descrambler.u_descrambler_sva.gen_dout_chk[13]._assert_9:precondition1" was covered in 1 cycles in 0.27 s.
INFO (IPF047): 0.0.Hp: The cover property "descrambler.u_descrambler_sva.gen_dout_chk[14]._assert_9:precondition1" was covered in 1 cycles in 0.27 s.
INFO (IPF047): 0.0.Hp: The cover property "descrambler.u_descrambler_sva.gen_dout_chk[15]._assert_9:precondition1" was covered in 1 cycles in 0.27 s.
INFO (IPF047): 0.0.Hp: The cover property "descrambler.u_descrambler_sva.gen_dout_chk[16]._assert_9:precondition1" was covered in 1 cycles in 0.27 s.
INFO (IPF047): 0.0.Hp: The cover property "descrambler.u_descrambler_sva.gen_dout_chk[17]._assert_9:precondition1" was covered in 1 cycles in 0.27 s.
INFO (IPF047): 0.0.Hp: The cover property "descrambler.u_descrambler_sva.gen_dout_chk[18]._assert_9:precondition1" was covered in 1 cycles in 0.27 s.
INFO (IPF047): 0.0.Hp: The cover property "descrambler.u_descrambler_sva.gen_dout_chk[19]._assert_9:precondition1" was covered in 1 cycles in 0.27 s.
INFO (IPF047): 0.0.Hp: The cover property "descrambler.u_descrambler_sva.gen_dout_chk[20]._assert_9:precondition1" was covered in 1 cycles in 0.27 s.
INFO (IPF047): 0.0.Hp: The cover property "descrambler.u_descrambler_sva.gen_dout_chk[21]._assert_9:precondition1" was covered in 1 cycles in 0.27 s.
INFO (IPF047): 0.0.Hp: The cover property "descrambler.u_descrambler_sva.gen_dout_chk[22]._assert_9:precondition1" was covered in 1 cycles in 0.27 s.
INFO (IPF047): 0.0.Hp: The cover property "descrambler.u_descrambler_sva.gen_dout_chk[23]._assert_9:precondition1" was covered in 1 cycles in 0.27 s.
INFO (IPF047): 0.0.Hp: The cover property "descrambler.u_descrambler_sva.gen_dout_chk[24]._assert_9:precondition1" was covered in 1 cycles in 0.27 s.
INFO (IPF047): 0.0.Hp: The cover property "descrambler.u_descrambler_sva.gen_dout_chk[25]._assert_9:precondition1" was covered in 1 cycles in 0.27 s.
INFO (IPF047): 0.0.Hp: The cover property "descrambler.u_descrambler_sva.gen_dout_chk[26]._assert_9:precondition1" was covered in 1 cycles in 0.27 s.
INFO (IPF047): 0.0.Hp: The cover property "descrambler.u_descrambler_sva.gen_dout_chk[27]._assert_9:precondition1" was covered in 1 cycles in 0.27 s.
INFO (IPF047): 0.0.Hp: The cover property "descrambler.u_descrambler_sva.gen_dout_chk[28]._assert_9:precondition1" was covered in 1 cycles in 0.27 s.
INFO (IPF047): 0.0.Hp: The cover property "descrambler.u_descrambler_sva.gen_dout_chk[29]._assert_9:precondition1" was covered in 1 cycles in 0.27 s.
INFO (IPF047): 0.0.Hp: The cover property "descrambler.u_descrambler_sva.gen_dout_chk[30]._assert_9:precondition1" was covered in 1 cycles in 0.27 s.
INFO (IPF047): 0.0.Hp: The cover property "descrambler.u_descrambler_sva.gen_dout_chk[31]._assert_9:precondition1" was covered in 1 cycles in 0.27 s.
INFO (IPF047): 0.0.Hp: The cover property "descrambler.u_descrambler_sva.gen_dout_chk[32]._assert_9:precondition1" was covered in 1 cycles in 0.27 s.
INFO (IPF047): 0.0.Hp: The cover property "descrambler.u_descrambler_sva.gen_dout_chk[33]._assert_9:precondition1" was covered in 1 cycles in 0.27 s.
INFO (IPF047): 0.0.Hp: The cover property "descrambler.u_descrambler_sva.gen_dout_chk[34]._assert_9:precondition1" was covered in 1 cycles in 0.27 s.
INFO (IPF047): 0.0.Hp: The cover property "descrambler.u_descrambler_sva.gen_dout_chk[35]._assert_9:precondition1" was covered in 1 cycles in 0.27 s.
INFO (IPF047): 0.0.Hp: The cover property "descrambler.u_descrambler_sva.gen_dout_chk[36]._assert_9:precondition1" was covered in 1 cycles in 0.27 s.
INFO (IPF047): 0.0.Hp: The cover property "descrambler.u_descrambler_sva.gen_dout_chk[37]._assert_9:precondition1" was covered in 1 cycles in 0.27 s.
INFO (IPF047): 0.0.Hp: The cover property "descrambler.u_descrambler_sva.gen_dout_chk[38]._assert_9:precondition1" was covered in 1 cycles in 0.27 s.
INFO (IPF047): 0.0.Hp: The cover property "descrambler.u_descrambler_sva.gen_dout_chk[39]._assert_9:precondition1" was covered in 1 cycles in 0.27 s.
INFO (IPF047): 0.0.Hp: The cover property "descrambler.u_descrambler_sva.gen_dout_chk[40]._assert_9:precondition1" was covered in 1 cycles in 0.27 s.
INFO (IPF047): 0.0.Hp: The cover property "descrambler.u_descrambler_sva.gen_dout_chk[41]._assert_9:precondition1" was covered in 1 cycles in 0.27 s.
INFO (IPF047): 0.0.Hp: The cover property "descrambler.u_descrambler_sva.gen_dout_chk[42]._assert_9:precondition1" was covered in 1 cycles in 0.27 s.
INFO (IPF047): 0.0.Hp: The cover property "descrambler.u_descrambler_sva.gen_dout_chk[43]._assert_9:precondition1" was covered in 1 cycles in 0.27 s.
INFO (IPF047): 0.0.Hp: The cover property "descrambler.u_descrambler_sva.gen_dout_chk[44]._assert_9:precondition1" was covered in 1 cycles in 0.27 s.
INFO (IPF047): 0.0.Hp: The cover property "descrambler.u_descrambler_sva.gen_dout_chk[45]._assert_9:precondition1" was covered in 1 cycles in 0.27 s.
INFO (IPF047): 0.0.Hp: The cover property "descrambler.u_descrambler_sva.gen_dout_chk[46]._assert_9:precondition1" was covered in 1 cycles in 0.27 s.
INFO (IPF047): 0.0.Hp: The cover property "descrambler.u_descrambler_sva.gen_dout_chk[47]._assert_9:precondition1" was covered in 1 cycles in 0.27 s.
INFO (IPF047): 0.0.Hp: The cover property "descrambler.u_descrambler_sva.gen_dout_chk[48]._assert_9:precondition1" was covered in 1 cycles in 0.27 s.
INFO (IPF047): 0.0.Hp: The cover property "descrambler.u_descrambler_sva.gen_dout_chk[49]._assert_9:precondition1" was covered in 1 cycles in 0.27 s.
INFO (IPF047): 0.0.Hp: The cover property "descrambler.u_descrambler_sva.gen_dout_chk[50]._assert_9:precondition1" was covered in 1 cycles in 0.27 s.
INFO (IPF047): 0.0.Hp: The cover property "descrambler.u_descrambler_sva.gen_dout_chk[51]._assert_9:precondition1" was covered in 1 cycles in 0.27 s.
INFO (IPF047): 0.0.Hp: The cover property "descrambler.u_descrambler_sva.gen_dout_chk[52]._assert_9:precondition1" was covered in 1 cycles in 0.27 s.
INFO (IPF047): 0.0.Hp: The cover property "descrambler.u_descrambler_sva.gen_dout_chk[53]._assert_9:precondition1" was covered in 1 cycles in 0.27 s.
INFO (IPF047): 0.0.Hp: The cover property "descrambler.u_descrambler_sva.gen_dout_chk[54]._assert_9:precondition1" was covered in 1 cycles in 0.27 s.
INFO (IPF047): 0.0.Hp: The cover property "descrambler.u_descrambler_sva.gen_dout_chk[55]._assert_9:precondition1" was covered in 1 cycles in 0.27 s.
INFO (IPF047): 0.0.Hp: The cover property "descrambler.u_descrambler_sva.gen_dout_chk[56]._assert_9:precondition1" was covered in 1 cycles in 0.27 s.
INFO (IPF047): 0.0.Hp: The cover property "descrambler.u_descrambler_sva.gen_dout_chk[57]._assert_9:precondition1" was covered in 1 cycles in 0.27 s.
INFO (IPF047): 0.0.Hp: The cover property "descrambler.u_descrambler_sva.gen_dout_chk[58]._assert_9:precondition1" was covered in 1 cycles in 0.27 s.
INFO (IPF047): 0.0.Hp: The cover property "descrambler.u_descrambler_sva.gen_dout_chk[59]._assert_9:precondition1" was covered in 1 cycles in 0.27 s.
INFO (IPF047): 0.0.Hp: The cover property "descrambler.u_descrambler_sva.gen_dout_chk[60]._assert_9:precondition1" was covered in 1 cycles in 0.27 s.
INFO (IPF047): 0.0.Hp: The cover property "descrambler.u_descrambler_sva.gen_dout_chk[61]._assert_9:precondition1" was covered in 1 cycles in 0.27 s.
INFO (IPF047): 0.0.Hp: The cover property "descrambler.u_descrambler_sva.gen_dout_chk[62]._assert_9:precondition1" was covered in 1 cycles in 0.27 s.
INFO (IPF047): 0.0.Hp: The cover property "descrambler.u_descrambler_sva.gen_dout_chk[63]._assert_9:precondition1" was covered in 1 cycles in 0.27 s.
INFO (IPF047): 0.0.Hp: The cover property "descrambler.u_descrambler_sva.gen_dout_chk[64]._assert_9:precondition1" was covered in 1 cycles in 0.27 s.
INFO (IPF047): 0.0.Hp: The cover property "descrambler.u_descrambler_sva.gen_dout_chk[65]._assert_9:precondition1" was covered in 1 cycles in 0.27 s.
INFO (IPF047): 0.0.Hp: The cover property "descrambler.u_descrambler_sva.gen_dout_chk[66]._assert_9:precondition1" was covered in 1 cycles in 0.27 s.
INFO (IPF047): 0.0.Hp: The cover property "descrambler.u_descrambler_sva.gen_dout_chk[67]._assert_9:precondition1" was covered in 1 cycles in 0.27 s.
INFO (IPF047): 0.0.Hp: The cover property "descrambler.u_descrambler_sva.gen_dout_chk[68]._assert_9:precondition1" was covered in 1 cycles in 0.27 s.
INFO (IPF047): 0.0.Hp: The cover property "descrambler.u_descrambler_sva.gen_dout_chk[69]._assert_9:precondition1" was covered in 1 cycles in 0.27 s.
INFO (IPF047): 0.0.Hp: The cover property "descrambler.u_descrambler_sva.gen_dout_chk[70]._assert_9:precondition1" was covered in 1 cycles in 0.27 s.
INFO (IPF047): 0.0.Hp: The cover property "descrambler.u_descrambler_sva.gen_dout_chk[71]._assert_9:precondition1" was covered in 1 cycles in 0.27 s.
INFO (IPF047): 0.0.Hp: The cover property "descrambler.u_descrambler_sva.gen_dout_chk[72]._assert_9:precondition1" was covered in 1 cycles in 0.27 s.
INFO (IPF047): 0.0.Hp: The cover property "descrambler.u_descrambler_sva.gen_dout_chk[73]._assert_9:precondition1" was covered in 1 cycles in 0.27 s.
INFO (IPF047): 0.0.Hp: The cover property "descrambler.u_descrambler_sva.gen_dout_chk[74]._assert_9:precondition1" was covered in 1 cycles in 0.27 s.
INFO (IPF047): 0.0.Hp: The cover property "descrambler.u_descrambler_sva.gen_dout_chk[75]._assert_9:precondition1" was covered in 1 cycles in 0.27 s.
INFO (IPF047): 0.0.Hp: The cover property "descrambler.u_descrambler_sva.gen_dout_chk[76]._assert_9:precondition1" was covered in 1 cycles in 0.27 s.
INFO (IPF047): 0.0.Hp: The cover property "descrambler.u_descrambler_sva.gen_dout_chk[77]._assert_9:precondition1" was covered in 1 cycles in 0.27 s.
INFO (IPF047): 0.0.Hp: The cover property "descrambler.u_descrambler_sva.gen_dout_chk[78]._assert_9:precondition1" was covered in 1 cycles in 0.27 s.
INFO (IPF047): 0.0.Hp: The cover property "descrambler.u_descrambler_sva.gen_dout_chk[79]._assert_9:precondition1" was covered in 1 cycles in 0.27 s.
INFO (IPF047): 0.0.Hp: The cover property "descrambler.u_descrambler_sva.gen_dout_chk[80]._assert_9:precondition1" was covered in 1 cycles in 0.27 s.
INFO (IPF047): 0.0.Hp: The cover property "descrambler.u_descrambler_sva.gen_dout_chk[81]._assert_9:precondition1" was covered in 1 cycles in 0.27 s.
INFO (IPF047): 0.0.Hp: The cover property "descrambler.u_descrambler_sva.gen_dout_chk[82]._assert_9:precondition1" was covered in 1 cycles in 0.27 s.
INFO (IPF047): 0.0.Hp: The cover property "descrambler.u_descrambler_sva.gen_dout_chk[83]._assert_9:precondition1" was covered in 1 cycles in 0.27 s.
INFO (IPF047): 0.0.Hp: The cover property "descrambler.u_descrambler_sva.gen_dout_chk[84]._assert_9:precondition1" was covered in 1 cycles in 0.27 s.
INFO (IPF047): 0.0.Hp: The cover property "descrambler.u_descrambler_sva.gen_dout_chk[85]._assert_9:precondition1" was covered in 1 cycles in 0.27 s.
INFO (IPF047): 0.0.Hp: The cover property "descrambler.u_descrambler_sva.gen_dout_chk[86]._assert_9:precondition1" was covered in 1 cycles in 0.27 s.
INFO (IPF047): 0.0.Hp: The cover property "descrambler.u_descrambler_sva.gen_dout_chk[87]._assert_9:precondition1" was covered in 1 cycles in 0.27 s.
INFO (IPF047): 0.0.Hp: The cover property "descrambler.u_descrambler_sva.gen_dout_chk[88]._assert_9:precondition1" was covered in 1 cycles in 0.27 s.
INFO (IPF047): 0.0.Hp: The cover property "descrambler.u_descrambler_sva.gen_dout_chk[89]._assert_9:precondition1" was covered in 1 cycles in 0.27 s.
INFO (IPF047): 0.0.Hp: The cover property "descrambler.u_descrambler_sva.gen_dout_chk[90]._assert_9:precondition1" was covered in 1 cycles in 0.27 s.
INFO (IPF047): 0.0.Hp: The cover property "descrambler.u_descrambler_sva.gen_dout_chk[91]._assert_9:precondition1" was covered in 1 cycles in 0.27 s.
INFO (IPF047): 0.0.Hp: The cover property "descrambler.u_descrambler_sva.gen_dout_chk[92]._assert_9:precondition1" was covered in 1 cycles in 0.27 s.
INFO (IPF047): 0.0.Hp: The cover property "descrambler.u_descrambler_sva.gen_dout_chk[93]._assert_9:precondition1" was covered in 1 cycles in 0.27 s.
INFO (IPF047): 0.0.Hp: The cover property "descrambler.u_descrambler_sva.gen_dout_chk[94]._assert_9:precondition1" was covered in 1 cycles in 0.27 s.
INFO (IPF047): 0.0.Hp: The cover property "descrambler.u_descrambler_sva.gen_dout_chk[95]._assert_9:precondition1" was covered in 1 cycles in 0.27 s.
INFO (IPF047): 0.0.Hp: The cover property "descrambler.u_descrambler_sva.gen_dout_chk[96]._assert_9:precondition1" was covered in 1 cycles in 0.27 s.
INFO (IPF047): 0.0.Hp: The cover property "descrambler.u_descrambler_sva.gen_dout_chk[97]._assert_9:precondition1" was covered in 1 cycles in 0.27 s.
INFO (IPF047): 0.0.Hp: The cover property "descrambler.u_descrambler_sva.gen_dout_chk[98]._assert_9:precondition1" was covered in 1 cycles in 0.27 s.
INFO (IPF047): 0.0.Hp: The cover property "descrambler.u_descrambler_sva.gen_dout_chk[99]._assert_9:precondition1" was covered in 1 cycles in 0.27 s.
INFO (IPF047): 0.0.Hp: The cover property "descrambler.u_descrambler_sva.gen_dout_chk[100]._assert_9:precondition1" was covered in 1 cycles in 0.27 s.
INFO (IPF047): 0.0.Hp: The cover property "descrambler.u_descrambler_sva.gen_dout_chk[101]._assert_9:precondition1" was covered in 1 cycles in 0.27 s.
INFO (IPF047): 0.0.Hp: The cover property "descrambler.u_descrambler_sva.gen_dout_chk[102]._assert_9:precondition1" was covered in 1 cycles in 0.27 s.
INFO (IPF047): 0.0.Hp: The cover property "descrambler.u_descrambler_sva.gen_dout_chk[103]._assert_9:precondition1" was covered in 1 cycles in 0.27 s.
INFO (IPF047): 0.0.Hp: The cover property "descrambler.u_descrambler_sva.gen_dout_chk[104]._assert_9:precondition1" was covered in 1 cycles in 0.27 s.
INFO (IPF047): 0.0.Hp: The cover property "descrambler.u_descrambler_sva.gen_dout_chk[105]._assert_9:precondition1" was covered in 1 cycles in 0.27 s.
INFO (IPF047): 0.0.Hp: The cover property "descrambler.u_descrambler_sva.gen_dout_chk[106]._assert_9:precondition1" was covered in 1 cycles in 0.27 s.
INFO (IPF047): 0.0.Hp: The cover property "descrambler.u_descrambler_sva.gen_dout_chk[107]._assert_9:precondition1" was covered in 1 cycles in 0.27 s.
INFO (IPF047): 0.0.Hp: The cover property "descrambler.u_descrambler_sva.gen_dout_chk[108]._assert_9:precondition1" was covered in 1 cycles in 0.27 s.
INFO (IPF047): 0.0.Hp: The cover property "descrambler.u_descrambler_sva.gen_dout_chk[109]._assert_9:precondition1" was covered in 1 cycles in 0.27 s.
INFO (IPF047): 0.0.Hp: The cover property "descrambler.u_descrambler_sva.gen_dout_chk[110]._assert_9:precondition1" was covered in 1 cycles in 0.27 s.
INFO (IPF047): 0.0.Hp: The cover property "descrambler.u_descrambler_sva.gen_dout_chk[111]._assert_9:precondition1" was covered in 1 cycles in 0.27 s.
INFO (IPF047): 0.0.Hp: The cover property "descrambler.u_descrambler_sva.gen_dout_chk[112]._assert_9:precondition1" was covered in 1 cycles in 0.27 s.
INFO (IPF047): 0.0.Hp: The cover property "descrambler.u_descrambler_sva.gen_dout_chk[113]._assert_9:precondition1" was covered in 1 cycles in 0.27 s.
INFO (IPF047): 0.0.Hp: The cover property "descrambler.u_descrambler_sva.gen_dout_chk[114]._assert_9:precondition1" was covered in 1 cycles in 0.27 s.
INFO (IPF047): 0.0.Hp: The cover property "descrambler.u_descrambler_sva.gen_dout_chk[115]._assert_9:precondition1" was covered in 1 cycles in 0.27 s.
INFO (IPF047): 0.0.Hp: The cover property "descrambler.u_descrambler_sva.gen_dout_chk[116]._assert_9:precondition1" was covered in 1 cycles in 0.27 s.
INFO (IPF047): 0.0.Hp: The cover property "descrambler.u_descrambler_sva.gen_dout_chk[117]._assert_9:precondition1" was covered in 1 cycles in 0.27 s.
INFO (IPF047): 0.0.Hp: The cover property "descrambler.u_descrambler_sva.gen_dout_chk[118]._assert_9:precondition1" was covered in 1 cycles in 0.27 s.
INFO (IPF047): 0.0.Hp: The cover property "descrambler.u_descrambler_sva.gen_dout_chk[119]._assert_9:precondition1" was covered in 1 cycles in 0.27 s.
INFO (IPF047): 0.0.Hp: The cover property "descrambler.u_descrambler_sva.gen_dout_chk[120]._assert_9:precondition1" was covered in 1 cycles in 0.27 s.
INFO (IPF047): 0.0.Hp: The cover property "descrambler.u_descrambler_sva.gen_dout_chk[121]._assert_9:precondition1" was covered in 1 cycles in 0.27 s.
INFO (IPF047): 0.0.Hp: The cover property "descrambler.u_descrambler_sva.gen_dout_chk[122]._assert_9:precondition1" was covered in 1 cycles in 0.27 s.
INFO (IPF047): 0.0.Hp: The cover property "descrambler.u_descrambler_sva.gen_dout_chk[123]._assert_9:precondition1" was covered in 1 cycles in 0.27 s.
INFO (IPF047): 0.0.Hp: The cover property "descrambler.u_descrambler_sva.gen_dout_chk[124]._assert_9:precondition1" was covered in 1 cycles in 0.27 s.
INFO (IPF047): 0.0.Hp: The cover property "descrambler.u_descrambler_sva.gen_dout_chk[125]._assert_9:precondition1" was covered in 1 cycles in 0.27 s.
INFO (IPF047): 0.0.Hp: The cover property "descrambler.u_descrambler_sva.gen_dout_chk[126]._assert_9:precondition1" was covered in 1 cycles in 0.27 s.
INFO (IPF047): 0.0.Hp: The cover property "descrambler.u_descrambler_sva.gen_dout_chk[127]._assert_9:precondition1" was covered in 1 cycles in 0.27 s.
INFO (IPF047): 0.0.Hp: The cover property "descrambler.u_descrambler_sva.gen_dout_chk[128]._assert_9:precondition1" was covered in 1 cycles in 0.27 s.
INFO (IPF047): 0.0.Hp: The cover property "descrambler.u_descrambler_sva.gen_dout_chk[129]._assert_9:precondition1" was covered in 1 cycles in 0.27 s.
INFO (IPF047): 0.0.Hp: The cover property "descrambler.u_descrambler_sva.gen_dout_chk[130]._assert_9:precondition1" was covered in 1 cycles in 0.27 s.
INFO (IPF047): 0.0.Hp: The cover property "descrambler.u_descrambler_sva.gen_dout_chk[131]._assert_9:precondition1" was covered in 1 cycles in 0.27 s.
INFO (IPF047): 0.0.Hp: The cover property "descrambler.u_descrambler_sva.gen_dout_chk[132]._assert_9:precondition1" was covered in 1 cycles in 0.27 s.
INFO (IPF047): 0.0.Hp: The cover property "descrambler.u_descrambler_sva.gen_dout_chk[133]._assert_9:precondition1" was covered in 1 cycles in 0.27 s.
INFO (IPF047): 0.0.Hp: The cover property "descrambler.u_descrambler_sva.gen_dout_chk[134]._assert_9:precondition1" was covered in 1 cycles in 0.27 s.
INFO (IPF047): 0.0.Hp: The cover property "descrambler.u_descrambler_sva.gen_dout_chk[135]._assert_9:precondition1" was covered in 1 cycles in 0.27 s.
INFO (IPF047): 0.0.Hp: The cover property "descrambler.u_descrambler_sva.gen_dout_chk[136]._assert_9:precondition1" was covered in 1 cycles in 0.27 s.
INFO (IPF047): 0.0.Hp: The cover property "descrambler.u_descrambler_sva.gen_dout_chk[137]._assert_9:precondition1" was covered in 1 cycles in 0.27 s.
INFO (IPF047): 0.0.Hp: The cover property "descrambler.u_descrambler_sva.gen_dout_chk[138]._assert_9:precondition1" was covered in 1 cycles in 0.27 s.
INFO (IPF047): 0.0.Hp: The cover property "descrambler.u_descrambler_sva.gen_dout_chk[139]._assert_9:precondition1" was covered in 1 cycles in 0.27 s.
INFO (IPF047): 0.0.Hp: The cover property "descrambler.u_descrambler_sva.gen_dout_chk[140]._assert_9:precondition1" was covered in 1 cycles in 0.27 s.
INFO (IPF047): 0.0.Hp: The cover property "descrambler.u_descrambler_sva.gen_dout_chk[141]._assert_9:precondition1" was covered in 1 cycles in 0.27 s.
INFO (IPF047): 0.0.Hp: The cover property "descrambler.u_descrambler_sva.gen_dout_chk[142]._assert_9:precondition1" was covered in 1 cycles in 0.27 s.
INFO (IPF047): 0.0.Hp: The cover property "descrambler.u_descrambler_sva.gen_dout_chk[143]._assert_9:precondition1" was covered in 1 cycles in 0.27 s.
INFO (IPF047): 0.0.Hp: The cover property "descrambler.u_descrambler_sva.gen_dout_chk[144]._assert_9:precondition1" was covered in 1 cycles in 0.27 s.
INFO (IPF047): 0.0.Hp: The cover property "descrambler.u_descrambler_sva.gen_dout_chk[145]._assert_9:precondition1" was covered in 1 cycles in 0.27 s.
INFO (IPF047): 0.0.Hp: The cover property "descrambler.u_descrambler_sva.gen_dout_chk[146]._assert_9:precondition1" was covered in 1 cycles in 0.27 s.
INFO (IPF047): 0.0.Hp: The cover property "descrambler.u_descrambler_sva.gen_dout_chk[147]._assert_9:precondition1" was covered in 1 cycles in 0.27 s.
INFO (IPF047): 0.0.Hp: The cover property "descrambler.u_descrambler_sva.gen_dout_chk[148]._assert_9:precondition1" was covered in 1 cycles in 0.27 s.
INFO (IPF047): 0.0.Hp: The cover property "descrambler.u_descrambler_sva.gen_dout_chk[149]._assert_9:precondition1" was covered in 1 cycles in 0.27 s.
INFO (IPF047): 0.0.Hp: The cover property "descrambler.u_descrambler_sva.gen_dout_chk[150]._assert_9:precondition1" was covered in 1 cycles in 0.27 s.
INFO (IPF047): 0.0.Hp: The cover property "descrambler.u_descrambler_sva.gen_dout_chk[151]._assert_9:precondition1" was covered in 1 cycles in 0.27 s.
INFO (IPF047): 0.0.Hp: The cover property "descrambler.u_descrambler_sva.gen_dout_chk[152]._assert_9:precondition1" was covered in 1 cycles in 0.27 s.
INFO (IPF047): 0.0.Hp: The cover property "descrambler.u_descrambler_sva.gen_dout_chk[153]._assert_9:precondition1" was covered in 1 cycles in 0.27 s.
INFO (IPF047): 0.0.Hp: The cover property "descrambler.u_descrambler_sva.gen_dout_chk[154]._assert_9:precondition1" was covered in 1 cycles in 0.27 s.
INFO (IPF047): 0.0.Hp: The cover property "descrambler.u_descrambler_sva.gen_dout_chk[155]._assert_9:precondition1" was covered in 1 cycles in 0.27 s.
INFO (IPF047): 0.0.Hp: The cover property "descrambler.u_descrambler_sva.gen_dout_chk[156]._assert_9:precondition1" was covered in 1 cycles in 0.27 s.
INFO (IPF047): 0.0.Hp: The cover property "descrambler.u_descrambler_sva.gen_dout_chk[157]._assert_9:precondition1" was covered in 1 cycles in 0.27 s.
INFO (IPF047): 0.0.Hp: The cover property "descrambler.u_descrambler_sva.gen_dout_chk[158]._assert_9:precondition1" was covered in 1 cycles in 0.27 s.
INFO (IPF047): 0.0.Hp: The cover property "descrambler.u_descrambler_sva.gen_dout_chk[159]._assert_9:precondition1" was covered in 1 cycles in 0.27 s.
INFO (IPF047): 0.0.Hp: The cover property "descrambler.u_descrambler_sva.gen_dout_chk[160]._assert_9:precondition1" was covered in 1 cycles in 0.27 s.
INFO (IPF047): 0.0.Hp: The cover property "descrambler.u_descrambler_sva.gen_dout_chk[161]._assert_9:precondition1" was covered in 1 cycles in 0.27 s.
INFO (IPF047): 0.0.Hp: The cover property "descrambler.u_descrambler_sva.gen_dout_chk[162]._assert_9:precondition1" was covered in 1 cycles in 0.27 s.
INFO (IPF047): 0.0.Hp: The cover property "descrambler.u_descrambler_sva.gen_dout_chk[163]._assert_9:precondition1" was covered in 1 cycles in 0.27 s.
INFO (IPF047): 0.0.Hp: The cover property "descrambler.u_descrambler_sva.gen_dout_chk[164]._assert_9:precondition1" was covered in 1 cycles in 0.27 s.
INFO (IPF047): 0.0.Hp: The cover property "descrambler.u_descrambler_sva.gen_dout_chk[165]._assert_9:precondition1" was covered in 1 cycles in 0.27 s.
INFO (IPF047): 0.0.Hp: The cover property "descrambler.u_descrambler_sva.gen_dout_chk[166]._assert_9:precondition1" was covered in 1 cycles in 0.27 s.
INFO (IPF047): 0.0.Hp: The cover property "descrambler.u_descrambler_sva.gen_dout_chk[167]._assert_9:precondition1" was covered in 1 cycles in 0.27 s.
INFO (IPF047): 0.0.Hp: The cover property "descrambler.u_descrambler_sva.gen_dout_chk[168]._assert_9:precondition1" was covered in 1 cycles in 0.27 s.
INFO (IPF047): 0.0.Hp: The cover property "descrambler.u_descrambler_sva.gen_dout_chk[169]._assert_9:precondition1" was covered in 1 cycles in 0.27 s.
INFO (IPF047): 0.0.Hp: The cover property "descrambler.u_descrambler_sva.gen_dout_chk[170]._assert_9:precondition1" was covered in 1 cycles in 0.27 s.
INFO (IPF047): 0.0.Hp: The cover property "descrambler.u_descrambler_sva.gen_dout_chk[171]._assert_9:precondition1" was covered in 1 cycles in 0.27 s.
INFO (IPF047): 0.0.Hp: The cover property "descrambler.u_descrambler_sva.gen_dout_chk[172]._assert_9:precondition1" was covered in 1 cycles in 0.27 s.
INFO (IPF047): 0.0.Hp: The cover property "descrambler.u_descrambler_sva.gen_dout_chk[173]._assert_9:precondition1" was covered in 1 cycles in 0.27 s.
INFO (IPF047): 0.0.Hp: The cover property "descrambler.u_descrambler_sva.gen_dout_chk[174]._assert_9:precondition1" was covered in 1 cycles in 0.27 s.
INFO (IPF047): 0.0.Hp: The cover property "descrambler.u_descrambler_sva.gen_dout_chk[175]._assert_9:precondition1" was covered in 1 cycles in 0.27 s.
INFO (IPF047): 0.0.Hp: The cover property "descrambler.u_descrambler_sva.gen_dout_chk[176]._assert_9:precondition1" was covered in 1 cycles in 0.27 s.
INFO (IPF047): 0.0.Hp: The cover property "descrambler.u_descrambler_sva.gen_dout_chk[177]._assert_9:precondition1" was covered in 1 cycles in 0.27 s.
INFO (IPF047): 0.0.Hp: The cover property "descrambler.u_descrambler_sva.gen_dout_chk[178]._assert_9:precondition1" was covered in 1 cycles in 0.27 s.
INFO (IPF047): 0.0.Hp: The cover property "descrambler.u_descrambler_sva.gen_dout_chk[179]._assert_9:precondition1" was covered in 1 cycles in 0.27 s.
INFO (IPF047): 0.0.Hp: The cover property "descrambler.u_descrambler_sva.gen_dout_chk[180]._assert_9:precondition1" was covered in 1 cycles in 0.27 s.
INFO (IPF047): 0.0.Hp: The cover property "descrambler.u_descrambler_sva.gen_dout_chk[181]._assert_9:precondition1" was covered in 1 cycles in 0.27 s.
INFO (IPF047): 0.0.Hp: The cover property "descrambler.u_descrambler_sva.gen_dout_chk[182]._assert_9:precondition1" was covered in 1 cycles in 0.27 s.
INFO (IPF047): 0.0.Hp: The cover property "descrambler.u_descrambler_sva.gen_dout_chk[183]._assert_9:precondition1" was covered in 1 cycles in 0.27 s.
INFO (IPF047): 0.0.Hp: The cover property "descrambler.u_descrambler_sva.gen_dout_chk[184]._assert_9:precondition1" was covered in 1 cycles in 0.27 s.
INFO (IPF047): 0.0.Hp: The cover property "descrambler.u_descrambler_sva.gen_dout_chk[185]._assert_9:precondition1" was covered in 1 cycles in 0.27 s.
INFO (IPF047): 0.0.Hp: The cover property "descrambler.u_descrambler_sva.gen_dout_chk[186]._assert_9:precondition1" was covered in 1 cycles in 0.27 s.
INFO (IPF047): 0.0.Hp: The cover property "descrambler.u_descrambler_sva.gen_dout_chk[187]._assert_9:precondition1" was covered in 1 cycles in 0.27 s.
INFO (IPF047): 0.0.Hp: The cover property "descrambler.u_descrambler_sva.gen_dout_chk[188]._assert_9:precondition1" was covered in 1 cycles in 0.27 s.
INFO (IPF047): 0.0.Hp: The cover property "descrambler.u_descrambler_sva.gen_dout_chk[189]._assert_9:precondition1" was covered in 1 cycles in 0.27 s.
INFO (IPF047): 0.0.Hp: The cover property "descrambler.u_descrambler_sva.gen_dout_chk[190]._assert_9:precondition1" was covered in 1 cycles in 0.27 s.
INFO (IPF047): 0.0.Hp: The cover property "descrambler.u_descrambler_sva.gen_dout_chk[191]._assert_9:precondition1" was covered in 1 cycles in 0.27 s.
INFO (IPF047): 0.0.Hp: The cover property "descrambler.u_descrambler_sva.gen_dout_chk[192]._assert_9:precondition1" was covered in 1 cycles in 0.27 s.
INFO (IPF047): 0.0.Hp: The cover property "descrambler.u_descrambler_sva.gen_dout_chk[193]._assert_9:precondition1" was covered in 1 cycles in 0.27 s.
INFO (IPF047): 0.0.Hp: The cover property "descrambler.u_descrambler_sva.gen_dout_chk[194]._assert_9:precondition1" was covered in 1 cycles in 0.27 s.
INFO (IPF047): 0.0.Hp: The cover property "descrambler.u_descrambler_sva.gen_dout_chk[195]._assert_9:precondition1" was covered in 1 cycles in 0.27 s.
INFO (IPF047): 0.0.Hp: The cover property "descrambler.u_descrambler_sva.gen_dout_chk[196]._assert_9:precondition1" was covered in 1 cycles in 0.27 s.
INFO (IPF047): 0.0.Hp: The cover property "descrambler.u_descrambler_sva.gen_dout_chk[197]._assert_9:precondition1" was covered in 1 cycles in 0.27 s.
INFO (IPF047): 0.0.Hp: The cover property "descrambler.u_descrambler_sva.gen_dout_chk[198]._assert_9:precondition1" was covered in 1 cycles in 0.27 s.
INFO (IPF047): 0.0.Hp: The cover property "descrambler.u_descrambler_sva.gen_dout_chk[199]._assert_9:precondition1" was covered in 1 cycles in 0.27 s.
INFO (IPF047): 0.0.Hp: The cover property "descrambler.u_descrambler_sva.gen_dout_chk[200]._assert_9:precondition1" was covered in 1 cycles in 0.27 s.
INFO (IPF047): 0.0.Hp: The cover property "descrambler.u_descrambler_sva.gen_dout_chk[201]._assert_9:precondition1" was covered in 1 cycles in 0.27 s.
INFO (IPF047): 0.0.Hp: The cover property "descrambler.u_descrambler_sva.gen_dout_chk[202]._assert_9:precondition1" was covered in 1 cycles in 0.27 s.
INFO (IPF047): 0.0.Hp: The cover property "descrambler.u_descrambler_sva.gen_dout_chk[203]._assert_9:precondition1" was covered in 1 cycles in 0.27 s.
INFO (IPF047): 0.0.Hp: The cover property "descrambler.u_descrambler_sva.gen_dout_chk[204]._assert_9:precondition1" was covered in 1 cycles in 0.27 s.
INFO (IPF047): 0.0.Hp: The cover property "descrambler.u_descrambler_sva.gen_dout_chk[205]._assert_9:precondition1" was covered in 1 cycles in 0.27 s.
INFO (IPF047): 0.0.Hp: The cover property "descrambler.u_descrambler_sva.gen_dout_chk[206]._assert_9:precondition1" was covered in 1 cycles in 0.27 s.
INFO (IPF047): 0.0.Hp: The cover property "descrambler.u_descrambler_sva.gen_dout_chk[207]._assert_9:precondition1" was covered in 1 cycles in 0.27 s.
INFO (IPF047): 0.0.Hp: The cover property "descrambler.u_descrambler_sva.gen_dout_chk[208]._assert_9:precondition1" was covered in 1 cycles in 0.27 s.
INFO (IPF047): 0.0.Hp: The cover property "descrambler.u_descrambler_sva.gen_dout_chk[209]._assert_9:precondition1" was covered in 1 cycles in 0.27 s.
INFO (IPF047): 0.0.Hp: The cover property "descrambler.u_descrambler_sva.gen_dout_chk[210]._assert_9:precondition1" was covered in 1 cycles in 0.27 s.
INFO (IPF047): 0.0.Hp: The cover property "descrambler.u_descrambler_sva.gen_dout_chk[211]._assert_9:precondition1" was covered in 1 cycles in 0.27 s.
INFO (IPF047): 0.0.Hp: The cover property "descrambler.u_descrambler_sva.gen_dout_chk[212]._assert_9:precondition1" was covered in 1 cycles in 0.27 s.
INFO (IPF047): 0.0.Hp: The cover property "descrambler.u_descrambler_sva.gen_dout_chk[213]._assert_9:precondition1" was covered in 1 cycles in 0.27 s.
INFO (IPF047): 0.0.Hp: The cover property "descrambler.u_descrambler_sva.gen_dout_chk[214]._assert_9:precondition1" was covered in 1 cycles in 0.27 s.
INFO (IPF047): 0.0.Hp: The cover property "descrambler.u_descrambler_sva.gen_dout_chk[215]._assert_9:precondition1" was covered in 1 cycles in 0.27 s.
INFO (IPF047): 0.0.Hp: The cover property "descrambler.u_descrambler_sva.gen_dout_chk[216]._assert_9:precondition1" was covered in 1 cycles in 0.27 s.
INFO (IPF047): 0.0.Hp: The cover property "descrambler.u_descrambler_sva.gen_dout_chk[217]._assert_9:precondition1" was covered in 1 cycles in 0.27 s.
INFO (IPF047): 0.0.Hp: The cover property "descrambler.u_descrambler_sva.gen_dout_chk[218]._assert_9:precondition1" was covered in 1 cycles in 0.27 s.
INFO (IPF047): 0.0.Hp: The cover property "descrambler.u_descrambler_sva.gen_dout_chk[219]._assert_9:precondition1" was covered in 1 cycles in 0.27 s.
INFO (IPF047): 0.0.Hp: The cover property "descrambler.u_descrambler_sva.gen_dout_chk[220]._assert_9:precondition1" was covered in 1 cycles in 0.27 s.
INFO (IPF047): 0.0.Hp: The cover property "descrambler.u_descrambler_sva.gen_dout_chk[221]._assert_9:precondition1" was covered in 1 cycles in 0.27 s.
INFO (IPF047): 0.0.Hp: The cover property "descrambler.u_descrambler_sva.gen_dout_chk[222]._assert_9:precondition1" was covered in 1 cycles in 0.27 s.
INFO (IPF047): 0.0.Hp: The cover property "descrambler.u_descrambler_sva.gen_dout_chk[223]._assert_9:precondition1" was covered in 1 cycles in 0.27 s.
INFO (IPF047): 0.0.Hp: The cover property "descrambler.u_descrambler_sva.gen_dout_chk[224]._assert_9:precondition1" was covered in 1 cycles in 0.27 s.
INFO (IPF047): 0.0.Hp: The cover property "descrambler.u_descrambler_sva.gen_dout_chk[225]._assert_9:precondition1" was covered in 1 cycles in 0.27 s.
INFO (IPF047): 0.0.Hp: The cover property "descrambler.u_descrambler_sva.gen_dout_chk[226]._assert_9:precondition1" was covered in 1 cycles in 0.27 s.
INFO (IPF047): 0.0.Hp: The cover property "descrambler.u_descrambler_sva.gen_dout_chk[227]._assert_9:precondition1" was covered in 1 cycles in 0.27 s.
INFO (IPF047): 0.0.Hp: The cover property "descrambler.u_descrambler_sva.gen_dout_chk[228]._assert_9:precondition1" was covered in 1 cycles in 0.27 s.
INFO (IPF047): 0.0.Hp: The cover property "descrambler.u_descrambler_sva.gen_dout_chk[229]._assert_9:precondition1" was covered in 1 cycles in 0.27 s.
INFO (IPF047): 0.0.Hp: The cover property "descrambler.u_descrambler_sva.gen_dout_chk[230]._assert_9:precondition1" was covered in 1 cycles in 0.27 s.
INFO (IPF047): 0.0.Hp: The cover property "descrambler.u_descrambler_sva.gen_dout_chk[231]._assert_9:precondition1" was covered in 1 cycles in 0.27 s.
INFO (IPF047): 0.0.Hp: The cover property "descrambler.u_descrambler_sva.gen_dout_chk[232]._assert_9:precondition1" was covered in 1 cycles in 0.27 s.
INFO (IPF047): 0.0.Hp: The cover property "descrambler.u_descrambler_sva.gen_dout_chk[233]._assert_9:precondition1" was covered in 1 cycles in 0.27 s.
INFO (IPF047): 0.0.Hp: The cover property "descrambler.u_descrambler_sva.gen_dout_chk[234]._assert_9:precondition1" was covered in 1 cycles in 0.27 s.
INFO (IPF047): 0.0.Hp: The cover property "descrambler.u_descrambler_sva.gen_dout_chk[235]._assert_9:precondition1" was covered in 1 cycles in 0.27 s.
INFO (IPF047): 0.0.Hp: The cover property "descrambler.u_descrambler_sva.gen_dout_chk[236]._assert_9:precondition1" was covered in 1 cycles in 0.27 s.
INFO (IPF047): 0.0.Hp: The cover property "descrambler.u_descrambler_sva.gen_dout_chk[237]._assert_9:precondition1" was covered in 1 cycles in 0.27 s.
INFO (IPF047): 0.0.Hp: The cover property "descrambler.u_descrambler_sva.gen_dout_chk[238]._assert_9:precondition1" was covered in 1 cycles in 0.27 s.
INFO (IPF047): 0.0.Hp: The cover property "descrambler.u_descrambler_sva.gen_dout_chk[239]._assert_9:precondition1" was covered in 1 cycles in 0.27 s.
INFO (IPF047): 0.0.Hp: The cover property "descrambler.u_descrambler_sva.gen_dout_chk[240]._assert_9:precondition1" was covered in 1 cycles in 0.27 s.
INFO (IPF047): 0.0.Hp: The cover property "descrambler.u_descrambler_sva.gen_dout_chk[241]._assert_9:precondition1" was covered in 1 cycles in 0.27 s.
INFO (IPF047): 0.0.Hp: The cover property "descrambler.u_descrambler_sva.gen_dout_chk[242]._assert_9:precondition1" was covered in 1 cycles in 0.27 s.
INFO (IPF047): 0.0.Hp: The cover property "descrambler.u_descrambler_sva.gen_dout_chk[243]._assert_9:precondition1" was covered in 1 cycles in 0.27 s.
INFO (IPF047): 0.0.Hp: The cover property "descrambler.u_descrambler_sva.gen_dout_chk[244]._assert_9:precondition1" was covered in 1 cycles in 0.27 s.
INFO (IPF047): 0.0.Hp: The cover property "descrambler.u_descrambler_sva.gen_dout_chk[245]._assert_9:precondition1" was covered in 1 cycles in 0.27 s.
INFO (IPF047): 0.0.Hp: The cover property "descrambler.u_descrambler_sva.gen_dout_chk[246]._assert_9:precondition1" was covered in 1 cycles in 0.27 s.
INFO (IPF047): 0.0.Hp: The cover property "descrambler.u_descrambler_sva.gen_dout_chk[247]._assert_9:precondition1" was covered in 1 cycles in 0.27 s.
INFO (IPF047): 0.0.Hp: The cover property "descrambler.u_descrambler_sva.gen_dout_chk[248]._assert_9:precondition1" was covered in 1 cycles in 0.27 s.
INFO (IPF047): 0.0.Hp: The cover property "descrambler.u_descrambler_sva.gen_dout_chk[249]._assert_9:precondition1" was covered in 1 cycles in 0.27 s.
INFO (IPF047): 0.0.Hp: The cover property "descrambler.u_descrambler_sva.gen_dout_chk[250]._assert_9:precondition1" was covered in 1 cycles in 0.27 s.
INFO (IPF047): 0.0.Hp: The cover property "descrambler.u_descrambler_sva.gen_dout_chk[251]._assert_9:precondition1" was covered in 1 cycles in 0.27 s.
INFO (IPF047): 0.0.Hp: The cover property "descrambler.u_descrambler_sva.gen_dout_chk[252]._assert_9:precondition1" was covered in 1 cycles in 0.27 s.
INFO (IPF047): 0.0.Hp: The cover property "descrambler.u_descrambler_sva.gen_dout_chk[253]._assert_9:precondition1" was covered in 1 cycles in 0.27 s.
INFO (IPF047): 0.0.Hp: The cover property "descrambler.u_descrambler_sva.gen_dout_chk[254]._assert_9:precondition1" was covered in 1 cycles in 0.27 s.
INFO (IPF047): 0.0.Hp: The cover property "descrambler.u_descrambler_sva.gen_dout_chk[255]._assert_9:precondition1" was covered in 1 cycles in 0.27 s.
INFO (IPF047): 0.0.Hp: The cover property "descrambler.u_descrambler_sva.gen_dout_chk[256]._assert_9:precondition1" was covered in 1 cycles in 0.27 s.
INFO (IPF047): 0.0.Hp: The cover property "descrambler.u_descrambler_sva.gen_dout_chk[257]._assert_9:precondition1" was covered in 1 cycles in 0.27 s.
INFO (IPF047): 0.0.Hp: The cover property "descrambler.u_descrambler_sva.gen_dout_chk[258]._assert_9:precondition1" was covered in 1 cycles in 0.27 s.
INFO (IPF047): 0.0.Hp: The cover property "descrambler.u_descrambler_sva.gen_dout_chk[259]._assert_9:precondition1" was covered in 1 cycles in 0.27 s.
INFO (IPF047): 0.0.Hp: The cover property "descrambler.u_descrambler_sva.gen_dout_chk[260]._assert_9:precondition1" was covered in 1 cycles in 0.27 s.
INFO (IPF047): 0.0.Hp: The cover property "descrambler.u_descrambler_sva.gen_dout_chk[261]._assert_9:precondition1" was covered in 1 cycles in 0.27 s.
INFO (IPF047): 0.0.Hp: The cover property "descrambler.u_descrambler_sva.gen_dout_chk[262]._assert_9:precondition1" was covered in 1 cycles in 0.27 s.
INFO (IPF047): 0.0.Hp: The cover property "descrambler.u_descrambler_sva.gen_dout_chk[263]._assert_9:precondition1" was covered in 1 cycles in 0.27 s.
INFO (IPF047): 0.0.Hp: The cover property "descrambler.u_descrambler_sva.gen_dout_chk[264]._assert_9:precondition1" was covered in 1 cycles in 0.27 s.
INFO (IPF047): 0.0.Hp: The cover property "descrambler.u_descrambler_sva.gen_dout_chk[265]._assert_9:precondition1" was covered in 1 cycles in 0.27 s.
INFO (IPF047): 0.0.Hp: The cover property "descrambler.u_descrambler_sva.gen_dout_chk[266]._assert_9:precondition1" was covered in 1 cycles in 0.27 s.
INFO (IPF047): 0.0.Hp: The cover property "descrambler.u_descrambler_sva.gen_dout_chk[267]._assert_9:precondition1" was covered in 1 cycles in 0.27 s.
INFO (IPF047): 0.0.Hp: The cover property "descrambler.u_descrambler_sva.gen_dout_chk[268]._assert_9:precondition1" was covered in 1 cycles in 0.27 s.
INFO (IPF047): 0.0.Hp: The cover property "descrambler.u_descrambler_sva.gen_dout_chk[269]._assert_9:precondition1" was covered in 1 cycles in 0.27 s.
INFO (IPF047): 0.0.Hp: The cover property "descrambler.u_descrambler_sva.gen_dout_chk[270]._assert_9:precondition1" was covered in 1 cycles in 0.27 s.
INFO (IPF047): 0.0.Hp: The cover property "descrambler.u_descrambler_sva.gen_dout_chk[271]._assert_9:precondition1" was covered in 1 cycles in 0.27 s.
INFO (IPF047): 0.0.Hp: The cover property "descrambler.u_descrambler_sva.gen_dout_chk[272]._assert_9:precondition1" was covered in 1 cycles in 0.27 s.
INFO (IPF047): 0.0.Hp: The cover property "descrambler.u_descrambler_sva.gen_dout_chk[273]._assert_9:precondition1" was covered in 1 cycles in 0.27 s.
INFO (IPF047): 0.0.Hp: The cover property "descrambler.u_descrambler_sva.gen_dout_chk[274]._assert_9:precondition1" was covered in 1 cycles in 0.27 s.
INFO (IPF047): 0.0.Hp: The cover property "descrambler.u_descrambler_sva.gen_dout_chk[275]._assert_9:precondition1" was covered in 1 cycles in 0.27 s.
INFO (IPF047): 0.0.Hp: The cover property "descrambler.u_descrambler_sva.gen_dout_chk[276]._assert_9:precondition1" was covered in 1 cycles in 0.27 s.
INFO (IPF047): 0.0.Hp: The cover property "descrambler.u_descrambler_sva.gen_dout_chk[277]._assert_9:precondition1" was covered in 1 cycles in 0.27 s.
INFO (IPF047): 0.0.Hp: The cover property "descrambler.u_descrambler_sva.gen_dout_chk[278]._assert_9:precondition1" was covered in 1 cycles in 0.27 s.
INFO (IPF047): 0.0.Hp: The cover property "descrambler.u_descrambler_sva.gen_dout_chk[279]._assert_9:precondition1" was covered in 1 cycles in 0.27 s.
INFO (IPF047): 0.0.Hp: The cover property "descrambler.u_descrambler_sva.gen_dout_chk[280]._assert_9:precondition1" was covered in 1 cycles in 0.27 s.
INFO (IPF047): 0.0.Hp: The cover property "descrambler.u_descrambler_sva.gen_dout_chk[281]._assert_9:precondition1" was covered in 1 cycles in 0.27 s.
INFO (IPF047): 0.0.Hp: The cover property "descrambler.u_descrambler_sva.gen_dout_chk[282]._assert_9:precondition1" was covered in 1 cycles in 0.27 s.
INFO (IPF047): 0.0.Hp: The cover property "descrambler.u_descrambler_sva.gen_dout_chk[283]._assert_9:precondition1" was covered in 1 cycles in 0.27 s.
INFO (IPF047): 0.0.Hp: The cover property "descrambler.u_descrambler_sva.gen_dout_chk[284]._assert_9:precondition1" was covered in 1 cycles in 0.27 s.
INFO (IPF047): 0.0.Hp: The cover property "descrambler.u_descrambler_sva.gen_dout_chk[285]._assert_9:precondition1" was covered in 1 cycles in 0.27 s.
INFO (IPF047): 0.0.Hp: The cover property "descrambler.u_descrambler_sva.gen_dout_chk[286]._assert_9:precondition1" was covered in 1 cycles in 0.27 s.
INFO (IPF047): 0.0.Hp: The cover property "descrambler.u_descrambler_sva.gen_dout_chk[287]._assert_9:precondition1" was covered in 1 cycles in 0.27 s.
INFO (IPF047): 0.0.Hp: The cover property "descrambler.u_descrambler_sva.gen_dout_chk[288]._assert_9:precondition1" was covered in 1 cycles in 0.27 s.
INFO (IPF047): 0.0.Hp: The cover property "descrambler.u_descrambler_sva.gen_dout_chk[289]._assert_9:precondition1" was covered in 1 cycles in 0.27 s.
INFO (IPF047): 0.0.Hp: The cover property "descrambler.u_descrambler_sva.gen_dout_chk[290]._assert_9:precondition1" was covered in 1 cycles in 0.27 s.
INFO (IPF047): 0.0.Hp: The cover property "descrambler.u_descrambler_sva.gen_dout_chk[291]._assert_9:precondition1" was covered in 1 cycles in 0.27 s.
INFO (IPF047): 0.0.Hp: The cover property "descrambler.u_descrambler_sva.gen_dout_chk[292]._assert_9:precondition1" was covered in 1 cycles in 0.27 s.
INFO (IPF047): 0.0.Hp: The cover property "descrambler.u_descrambler_sva.gen_dout_chk[293]._assert_9:precondition1" was covered in 1 cycles in 0.27 s.
INFO (IPF047): 0.0.Hp: The cover property "descrambler.u_descrambler_sva.gen_dout_chk[294]._assert_9:precondition1" was covered in 1 cycles in 0.27 s.
INFO (IPF047): 0.0.Hp: The cover property "descrambler.u_descrambler_sva.gen_dout_chk[295]._assert_9:precondition1" was covered in 1 cycles in 0.27 s.
INFO (IPF047): 0.0.Hp: The cover property "descrambler.u_descrambler_sva.gen_dout_chk[296]._assert_9:precondition1" was covered in 1 cycles in 0.27 s.
INFO (IPF047): 0.0.Hp: The cover property "descrambler.u_descrambler_sva.gen_dout_chk[297]._assert_9:precondition1" was covered in 1 cycles in 0.27 s.
INFO (IPF047): 0.0.Hp: The cover property "descrambler.u_descrambler_sva.gen_dout_chk[298]._assert_9:precondition1" was covered in 1 cycles in 0.27 s.
INFO (IPF047): 0.0.Hp: The cover property "descrambler.u_descrambler_sva.gen_dout_chk[299]._assert_9:precondition1" was covered in 1 cycles in 0.27 s.
INFO (IPF047): 0.0.Hp: The cover property "descrambler.u_descrambler_sva.gen_dout_chk[300]._assert_9:precondition1" was covered in 1 cycles in 0.27 s.
INFO (IPF047): 0.0.Hp: The cover property "descrambler.u_descrambler_sva.gen_dout_chk[301]._assert_9:precondition1" was covered in 1 cycles in 0.27 s.
INFO (IPF047): 0.0.Hp: The cover property "descrambler.u_descrambler_sva.gen_dout_chk[302]._assert_9:precondition1" was covered in 1 cycles in 0.27 s.
INFO (IPF047): 0.0.Hp: The cover property "descrambler.u_descrambler_sva.gen_dout_chk[303]._assert_9:precondition1" was covered in 1 cycles in 0.27 s.
INFO (IPF047): 0.0.Hp: The cover property "descrambler.u_descrambler_sva.gen_dout_chk[304]._assert_9:precondition1" was covered in 1 cycles in 0.27 s.
INFO (IPF047): 0.0.Hp: The cover property "descrambler.u_descrambler_sva.gen_dout_chk[305]._assert_9:precondition1" was covered in 1 cycles in 0.27 s.
INFO (IPF047): 0.0.Hp: The cover property "descrambler.u_descrambler_sva.gen_dout_chk[306]._assert_9:precondition1" was covered in 1 cycles in 0.27 s.
INFO (IPF047): 0.0.Hp: The cover property "descrambler.u_descrambler_sva.gen_dout_chk[307]._assert_9:precondition1" was covered in 1 cycles in 0.27 s.
INFO (IPF047): 0.0.Hp: The cover property "descrambler.u_descrambler_sva.gen_dout_chk[308]._assert_9:precondition1" was covered in 1 cycles in 0.27 s.
INFO (IPF047): 0.0.Hp: The cover property "descrambler.u_descrambler_sva.gen_dout_chk[309]._assert_9:precondition1" was covered in 1 cycles in 0.27 s.
INFO (IPF047): 0.0.Hp: The cover property "descrambler.u_descrambler_sva.gen_dout_chk[310]._assert_9:precondition1" was covered in 1 cycles in 0.27 s.
INFO (IPF047): 0.0.Hp: The cover property "descrambler.u_descrambler_sva.gen_dout_chk[311]._assert_9:precondition1" was covered in 1 cycles in 0.27 s.
INFO (IPF047): 0.0.Hp: The cover property "descrambler.u_descrambler_sva.gen_dout_chk[312]._assert_9:precondition1" was covered in 1 cycles in 0.27 s.
INFO (IPF047): 0.0.Hp: The cover property "descrambler.u_descrambler_sva.gen_dout_chk[313]._assert_9:precondition1" was covered in 1 cycles in 0.27 s.
INFO (IPF047): 0.0.Hp: The cover property "descrambler.u_descrambler_sva.gen_dout_chk[314]._assert_9:precondition1" was covered in 1 cycles in 0.27 s.
INFO (IPF047): 0.0.Hp: The cover property "descrambler.u_descrambler_sva.gen_dout_chk[315]._assert_9:precondition1" was covered in 1 cycles in 0.27 s.
INFO (IPF047): 0.0.Hp: The cover property "descrambler.u_descrambler_sva.gen_dout_chk[316]._assert_9:precondition1" was covered in 1 cycles in 0.27 s.
INFO (IPF047): 0.0.Hp: The cover property "descrambler.u_descrambler_sva.gen_dout_chk[317]._assert_9:precondition1" was covered in 1 cycles in 0.27 s.
INFO (IPF047): 0.0.Hp: The cover property "descrambler.u_descrambler_sva.gen_dout_chk[318]._assert_9:precondition1" was covered in 1 cycles in 0.27 s.
INFO (IPF047): 0.0.Hp: The cover property "descrambler.u_descrambler_sva.gen_dout_chk[319]._assert_9:precondition1" was covered in 1 cycles in 0.27 s.
INFO (IPF047): 0.0.Hp: The cover property "descrambler.u_descrambler_sva.gen_dout_chk[320]._assert_9:precondition1" was covered in 1 cycles in 0.27 s.
INFO (IPF047): 0.0.Hp: The cover property "descrambler.u_descrambler_sva.gen_dout_chk[321]._assert_9:precondition1" was covered in 1 cycles in 0.27 s.
INFO (IPF047): 0.0.Hp: The cover property "descrambler.u_descrambler_sva.gen_dout_chk[322]._assert_9:precondition1" was covered in 1 cycles in 0.27 s.
INFO (IPF047): 0.0.Hp: The cover property "descrambler.u_descrambler_sva.gen_dout_chk[323]._assert_9:precondition1" was covered in 1 cycles in 0.27 s.
INFO (IPF047): 0.0.Hp: The cover property "descrambler.u_descrambler_sva.gen_dout_chk[324]._assert_9:precondition1" was covered in 1 cycles in 0.27 s.
INFO (IPF047): 0.0.Hp: The cover property "descrambler.u_descrambler_sva.gen_dout_chk[325]._assert_9:precondition1" was covered in 1 cycles in 0.27 s.
INFO (IPF047): 0.0.Hp: The cover property "descrambler.u_descrambler_sva.gen_dout_chk[326]._assert_9:precondition1" was covered in 1 cycles in 0.27 s.
INFO (IPF047): 0.0.Hp: The cover property "descrambler.u_descrambler_sva.gen_dout_chk[327]._assert_9:precondition1" was covered in 1 cycles in 0.27 s.
INFO (IPF047): 0.0.Hp: The cover property "descrambler.u_descrambler_sva.gen_dout_chk[328]._assert_9:precondition1" was covered in 1 cycles in 0.27 s.
INFO (IPF047): 0.0.Hp: The cover property "descrambler.u_descrambler_sva.gen_dout_chk[329]._assert_9:precondition1" was covered in 1 cycles in 0.27 s.
INFO (IPF047): 0.0.Hp: The cover property "descrambler.u_descrambler_sva.gen_dout_chk[330]._assert_9:precondition1" was covered in 1 cycles in 0.27 s.
INFO (IPF047): 0.0.Hp: The cover property "descrambler.u_descrambler_sva.gen_dout_chk[331]._assert_9:precondition1" was covered in 1 cycles in 0.27 s.
INFO (IPF047): 0.0.Hp: The cover property "descrambler.u_descrambler_sva.gen_dout_chk[332]._assert_9:precondition1" was covered in 1 cycles in 0.27 s.
INFO (IPF047): 0.0.Hp: The cover property "descrambler.u_descrambler_sva.gen_dout_chk[333]._assert_9:precondition1" was covered in 1 cycles in 0.27 s.
INFO (IPF047): 0.0.Hp: The cover property "descrambler.u_descrambler_sva.gen_dout_chk[334]._assert_9:precondition1" was covered in 1 cycles in 0.27 s.
INFO (IPF047): 0.0.Hp: The cover property "descrambler.u_descrambler_sva.gen_dout_chk[335]._assert_9:precondition1" was covered in 1 cycles in 0.27 s.
INFO (IPF047): 0.0.Hp: The cover property "descrambler.u_descrambler_sva.gen_dout_chk[336]._assert_9:precondition1" was covered in 1 cycles in 0.27 s.
INFO (IPF047): 0.0.Hp: The cover property "descrambler.u_descrambler_sva.gen_dout_chk[337]._assert_9:precondition1" was covered in 1 cycles in 0.27 s.
INFO (IPF047): 0.0.Hp: The cover property "descrambler.u_descrambler_sva.gen_dout_chk[338]._assert_9:precondition1" was covered in 1 cycles in 0.27 s.
INFO (IPF047): 0.0.Hp: The cover property "descrambler.u_descrambler_sva.gen_dout_chk[339]._assert_9:precondition1" was covered in 1 cycles in 0.27 s.
INFO (IPF047): 0.0.Hp: The cover property "descrambler.u_descrambler_sva.gen_dout_chk[340]._assert_9:precondition1" was covered in 1 cycles in 0.27 s.
INFO (IPF047): 0.0.Hp: The cover property "descrambler.u_descrambler_sva.gen_dout_chk[341]._assert_9:precondition1" was covered in 1 cycles in 0.27 s.
INFO (IPF047): 0.0.Hp: The cover property "descrambler.u_descrambler_sva.gen_dout_chk[342]._assert_9:precondition1" was covered in 1 cycles in 0.27 s.
INFO (IPF047): 0.0.Hp: The cover property "descrambler.u_descrambler_sva.gen_dout_chk[343]._assert_9:precondition1" was covered in 1 cycles in 0.27 s.
INFO (IPF047): 0.0.Hp: The cover property "descrambler.u_descrambler_sva.gen_dout_chk[344]._assert_9:precondition1" was covered in 1 cycles in 0.27 s.
INFO (IPF047): 0.0.Hp: The cover property "descrambler.u_descrambler_sva.gen_dout_chk[345]._assert_9:precondition1" was covered in 1 cycles in 0.27 s.
INFO (IPF047): 0.0.Hp: The cover property "descrambler.u_descrambler_sva.gen_dout_chk[346]._assert_9:precondition1" was covered in 1 cycles in 0.27 s.
INFO (IPF047): 0.0.Hp: The cover property "descrambler.u_descrambler_sva.gen_dout_chk[347]._assert_9:precondition1" was covered in 1 cycles in 0.27 s.
INFO (IPF047): 0.0.Hp: The cover property "descrambler.u_descrambler_sva.gen_dout_chk[348]._assert_9:precondition1" was covered in 1 cycles in 0.27 s.
INFO (IPF047): 0.0.Hp: The cover property "descrambler.u_descrambler_sva.gen_dout_chk[349]._assert_9:precondition1" was covered in 1 cycles in 0.27 s.
INFO (IPF047): 0.0.Hp: The cover property "descrambler.u_descrambler_sva.gen_dout_chk[350]._assert_9:precondition1" was covered in 1 cycles in 0.27 s.
INFO (IPF047): 0.0.Hp: The cover property "descrambler.u_descrambler_sva.gen_dout_chk[351]._assert_9:precondition1" was covered in 1 cycles in 0.27 s.
INFO (IPF047): 0.0.Hp: The cover property "descrambler.u_descrambler_sva.gen_dout_chk[352]._assert_9:precondition1" was covered in 1 cycles in 0.27 s.
INFO (IPF047): 0.0.Hp: The cover property "descrambler.u_descrambler_sva.gen_dout_chk[353]._assert_9:precondition1" was covered in 1 cycles in 0.27 s.
INFO (IPF047): 0.0.Hp: The cover property "descrambler.u_descrambler_sva.gen_dout_chk[354]._assert_9:precondition1" was covered in 1 cycles in 0.27 s.
INFO (IPF047): 0.0.Hp: The cover property "descrambler.u_descrambler_sva.gen_dout_chk[355]._assert_9:precondition1" was covered in 1 cycles in 0.27 s.
INFO (IPF047): 0.0.Hp: The cover property "descrambler.u_descrambler_sva.gen_dout_chk[356]._assert_9:precondition1" was covered in 1 cycles in 0.27 s.
INFO (IPF047): 0.0.Hp: The cover property "descrambler.u_descrambler_sva.gen_dout_chk[357]._assert_9:precondition1" was covered in 1 cycles in 0.27 s.
INFO (IPF047): 0.0.Hp: The cover property "descrambler.u_descrambler_sva.gen_dout_chk[358]._assert_9:precondition1" was covered in 1 cycles in 0.27 s.
INFO (IPF047): 0.0.Hp: The cover property "descrambler.u_descrambler_sva.gen_dout_chk[359]._assert_9:precondition1" was covered in 1 cycles in 0.27 s.
INFO (IPF047): 0.0.Hp: The cover property "descrambler.u_descrambler_sva.gen_dout_chk[360]._assert_9:precondition1" was covered in 1 cycles in 0.27 s.
INFO (IPF047): 0.0.Hp: The cover property "descrambler.u_descrambler_sva.gen_dout_chk[361]._assert_9:precondition1" was covered in 1 cycles in 0.27 s.
INFO (IPF047): 0.0.Hp: The cover property "descrambler.u_descrambler_sva.gen_dout_chk[362]._assert_9:precondition1" was covered in 1 cycles in 0.27 s.
INFO (IPF047): 0.0.Hp: The cover property "descrambler.u_descrambler_sva.gen_dout_chk[363]._assert_9:precondition1" was covered in 1 cycles in 0.27 s.
INFO (IPF047): 0.0.Hp: The cover property "descrambler.u_descrambler_sva.gen_dout_chk[364]._assert_9:precondition1" was covered in 1 cycles in 0.27 s.
INFO (IPF047): 0.0.Hp: The cover property "descrambler.u_descrambler_sva.gen_dout_chk[365]._assert_9:precondition1" was covered in 1 cycles in 0.27 s.
INFO (IPF047): 0.0.Hp: The cover property "descrambler.u_descrambler_sva.gen_dout_chk[366]._assert_9:precondition1" was covered in 1 cycles in 0.27 s.
INFO (IPF047): 0.0.Hp: The cover property "descrambler.u_descrambler_sva.gen_dout_chk[367]._assert_9:precondition1" was covered in 1 cycles in 0.27 s.
INFO (IPF047): 0.0.Hp: The cover property "descrambler.u_descrambler_sva.gen_dout_chk[368]._assert_9:precondition1" was covered in 1 cycles in 0.27 s.
INFO (IPF047): 0.0.Hp: The cover property "descrambler.u_descrambler_sva.gen_dout_chk[369]._assert_9:precondition1" was covered in 1 cycles in 0.27 s.
INFO (IPF047): 0.0.Hp: The cover property "descrambler.u_descrambler_sva.gen_dout_chk[370]._assert_9:precondition1" was covered in 1 cycles in 0.27 s.
INFO (IPF047): 0.0.Hp: The cover property "descrambler.u_descrambler_sva.gen_dout_chk[371]._assert_9:precondition1" was covered in 1 cycles in 0.27 s.
INFO (IPF047): 0.0.Hp: The cover property "descrambler.u_descrambler_sva.gen_dout_chk[372]._assert_9:precondition1" was covered in 1 cycles in 0.27 s.
INFO (IPF047): 0.0.Hp: The cover property "descrambler.u_descrambler_sva.gen_dout_chk[373]._assert_9:precondition1" was covered in 1 cycles in 0.27 s.
INFO (IPF047): 0.0.Hp: The cover property "descrambler.u_descrambler_sva.gen_dout_chk[374]._assert_9:precondition1" was covered in 1 cycles in 0.27 s.
INFO (IPF047): 0.0.Hp: The cover property "descrambler.u_descrambler_sva.gen_dout_chk[375]._assert_9:precondition1" was covered in 1 cycles in 0.27 s.
INFO (IPF047): 0.0.Hp: The cover property "descrambler.u_descrambler_sva.gen_dout_chk[376]._assert_9:precondition1" was covered in 1 cycles in 0.27 s.
INFO (IPF047): 0.0.Hp: The cover property "descrambler.u_descrambler_sva.gen_dout_chk[377]._assert_9:precondition1" was covered in 1 cycles in 0.27 s.
INFO (IPF047): 0.0.Hp: The cover property "descrambler.u_descrambler_sva.gen_dout_chk[378]._assert_9:precondition1" was covered in 1 cycles in 0.27 s.
INFO (IPF047): 0.0.Hp: The cover property "descrambler.u_descrambler_sva.gen_dout_chk[379]._assert_9:precondition1" was covered in 1 cycles in 0.27 s.
INFO (IPF047): 0.0.Hp: The cover property "descrambler.u_descrambler_sva.gen_dout_chk[380]._assert_9:precondition1" was covered in 1 cycles in 0.27 s.
INFO (IPF047): 0.0.Hp: The cover property "descrambler.u_descrambler_sva.gen_dout_chk[381]._assert_9:precondition1" was covered in 1 cycles in 0.27 s.
INFO (IPF047): 0.0.Hp: The cover property "descrambler.u_descrambler_sva.gen_dout_chk[382]._assert_9:precondition1" was covered in 1 cycles in 0.27 s.
INFO (IPF047): 0.0.Hp: The cover property "descrambler.u_descrambler_sva.gen_dout_chk[383]._assert_9:precondition1" was covered in 1 cycles in 0.27 s.
INFO (IPF047): 0.0.Hp: The cover property "descrambler.u_descrambler_sva.gen_dout_chk[384]._assert_9:precondition1" was covered in 1 cycles in 0.27 s.
INFO (IPF047): 0.0.Hp: The cover property "descrambler.u_descrambler_sva.gen_dout_chk[385]._assert_9:precondition1" was covered in 1 cycles in 0.27 s.
INFO (IPF047): 0.0.Hp: The cover property "descrambler.u_descrambler_sva.gen_dout_chk[386]._assert_9:precondition1" was covered in 1 cycles in 0.27 s.
INFO (IPF047): 0.0.Hp: The cover property "descrambler.u_descrambler_sva.gen_dout_chk[387]._assert_9:precondition1" was covered in 1 cycles in 0.27 s.
INFO (IPF047): 0.0.Hp: The cover property "descrambler.u_descrambler_sva.gen_dout_chk[388]._assert_9:precondition1" was covered in 1 cycles in 0.27 s.
INFO (IPF047): 0.0.Hp: The cover property "descrambler.u_descrambler_sva.gen_dout_chk[389]._assert_9:precondition1" was covered in 1 cycles in 0.27 s.
INFO (IPF047): 0.0.Hp: The cover property "descrambler.u_descrambler_sva.gen_dout_chk[390]._assert_9:precondition1" was covered in 1 cycles in 0.27 s.
INFO (IPF047): 0.0.Hp: The cover property "descrambler.u_descrambler_sva.gen_dout_chk[391]._assert_9:precondition1" was covered in 1 cycles in 0.27 s.
INFO (IPF047): 0.0.Hp: The cover property "descrambler.u_descrambler_sva.gen_dout_chk[392]._assert_9:precondition1" was covered in 1 cycles in 0.27 s.
INFO (IPF047): 0.0.Hp: The cover property "descrambler.u_descrambler_sva.gen_dout_chk[393]._assert_9:precondition1" was covered in 1 cycles in 0.27 s.
INFO (IPF047): 0.0.Hp: The cover property "descrambler.u_descrambler_sva.gen_dout_chk[394]._assert_9:precondition1" was covered in 1 cycles in 0.27 s.
INFO (IPF047): 0.0.Hp: The cover property "descrambler.u_descrambler_sva.gen_dout_chk[395]._assert_9:precondition1" was covered in 1 cycles in 0.27 s.
INFO (IPF047): 0.0.Hp: The cover property "descrambler.u_descrambler_sva.gen_dout_chk[396]._assert_9:precondition1" was covered in 1 cycles in 0.27 s.
INFO (IPF047): 0.0.Hp: The cover property "descrambler.u_descrambler_sva.gen_dout_chk[397]._assert_9:precondition1" was covered in 1 cycles in 0.27 s.
INFO (IPF047): 0.0.Hp: The cover property "descrambler.u_descrambler_sva.gen_dout_chk[398]._assert_9:precondition1" was covered in 1 cycles in 0.27 s.
INFO (IPF047): 0.0.Hp: The cover property "descrambler.u_descrambler_sva.gen_dout_chk[399]._assert_9:precondition1" was covered in 1 cycles in 0.27 s.
INFO (IPF047): 0.0.Hp: The cover property "descrambler.u_descrambler_sva.gen_dout_chk[400]._assert_9:precondition1" was covered in 1 cycles in 0.27 s.
INFO (IPF047): 0.0.Hp: The cover property "descrambler.u_descrambler_sva.gen_dout_chk[401]._assert_9:precondition1" was covered in 1 cycles in 0.27 s.
INFO (IPF047): 0.0.Hp: The cover property "descrambler.u_descrambler_sva.gen_dout_chk[402]._assert_9:precondition1" was covered in 1 cycles in 0.27 s.
INFO (IPF047): 0.0.Hp: The cover property "descrambler.u_descrambler_sva.gen_dout_chk[403]._assert_9:precondition1" was covered in 1 cycles in 0.27 s.
INFO (IPF047): 0.0.Hp: The cover property "descrambler.u_descrambler_sva.gen_dout_chk[404]._assert_9:precondition1" was covered in 1 cycles in 0.27 s.
INFO (IPF047): 0.0.Hp: The cover property "descrambler.u_descrambler_sva.gen_dout_chk[405]._assert_9:precondition1" was covered in 1 cycles in 0.27 s.
INFO (IPF047): 0.0.Hp: The cover property "descrambler.u_descrambler_sva.gen_dout_chk[406]._assert_9:precondition1" was covered in 1 cycles in 0.27 s.
INFO (IPF047): 0.0.Hp: The cover property "descrambler.u_descrambler_sva.gen_dout_chk[407]._assert_9:precondition1" was covered in 1 cycles in 0.27 s.
INFO (IPF047): 0.0.Hp: The cover property "descrambler.u_descrambler_sva.gen_dout_chk[408]._assert_9:precondition1" was covered in 1 cycles in 0.27 s.
INFO (IPF047): 0.0.Hp: The cover property "descrambler.u_descrambler_sva.gen_dout_chk[409]._assert_9:precondition1" was covered in 1 cycles in 0.27 s.
INFO (IPF047): 0.0.Hp: The cover property "descrambler.u_descrambler_sva.gen_dout_chk[410]._assert_9:precondition1" was covered in 1 cycles in 0.27 s.
INFO (IPF047): 0.0.Hp: The cover property "descrambler.u_descrambler_sva.gen_dout_chk[411]._assert_9:precondition1" was covered in 1 cycles in 0.27 s.
INFO (IPF047): 0.0.Hp: The cover property "descrambler.u_descrambler_sva.gen_dout_chk[412]._assert_9:precondition1" was covered in 1 cycles in 0.27 s.
INFO (IPF047): 0.0.Hp: The cover property "descrambler.u_descrambler_sva.gen_dout_chk[413]._assert_9:precondition1" was covered in 1 cycles in 0.27 s.
INFO (IPF047): 0.0.Hp: The cover property "descrambler.u_descrambler_sva.gen_dout_chk[414]._assert_9:precondition1" was covered in 1 cycles in 0.27 s.
INFO (IPF047): 0.0.Hp: The cover property "descrambler.u_descrambler_sva.gen_dout_chk[415]._assert_9:precondition1" was covered in 1 cycles in 0.27 s.
INFO (IPF047): 0.0.Hp: The cover property "descrambler.u_descrambler_sva.gen_dout_chk[416]._assert_9:precondition1" was covered in 1 cycles in 0.27 s.
INFO (IPF047): 0.0.Hp: The cover property "descrambler.u_descrambler_sva.gen_dout_chk[417]._assert_9:precondition1" was covered in 1 cycles in 0.27 s.
INFO (IPF047): 0.0.Hp: The cover property "descrambler.u_descrambler_sva.gen_dout_chk[418]._assert_9:precondition1" was covered in 1 cycles in 0.27 s.
INFO (IPF047): 0.0.Hp: The cover property "descrambler.u_descrambler_sva.gen_dout_chk[419]._assert_9:precondition1" was covered in 1 cycles in 0.27 s.
INFO (IPF047): 0.0.Hp: The cover property "descrambler.u_descrambler_sva.gen_dout_chk[420]._assert_9:precondition1" was covered in 1 cycles in 0.27 s.
INFO (IPF047): 0.0.Hp: The cover property "descrambler.u_descrambler_sva.gen_dout_chk[421]._assert_9:precondition1" was covered in 1 cycles in 0.27 s.
INFO (IPF047): 0.0.Hp: The cover property "descrambler.u_descrambler_sva.gen_dout_chk[422]._assert_9:precondition1" was covered in 1 cycles in 0.27 s.
INFO (IPF047): 0.0.Hp: The cover property "descrambler.u_descrambler_sva.gen_dout_chk[423]._assert_9:precondition1" was covered in 1 cycles in 0.27 s.
INFO (IPF047): 0.0.Hp: The cover property "descrambler.u_descrambler_sva.gen_dout_chk[424]._assert_9:precondition1" was covered in 1 cycles in 0.27 s.
INFO (IPF047): 0.0.Hp: The cover property "descrambler.u_descrambler_sva.gen_dout_chk[425]._assert_9:precondition1" was covered in 1 cycles in 0.27 s.
INFO (IPF047): 0.0.Hp: The cover property "descrambler.u_descrambler_sva.gen_dout_chk[426]._assert_9:precondition1" was covered in 1 cycles in 0.27 s.
INFO (IPF047): 0.0.Hp: The cover property "descrambler.u_descrambler_sva.gen_dout_chk[427]._assert_9:precondition1" was covered in 1 cycles in 0.27 s.
INFO (IPF047): 0.0.Hp: The cover property "descrambler.u_descrambler_sva.gen_dout_chk[428]._assert_9:precondition1" was covered in 1 cycles in 0.27 s.
INFO (IPF047): 0.0.Hp: The cover property "descrambler.u_descrambler_sva.gen_dout_chk[429]._assert_9:precondition1" was covered in 1 cycles in 0.27 s.
INFO (IPF047): 0.0.Hp: The cover property "descrambler.u_descrambler_sva.gen_dout_chk[430]._assert_9:precondition1" was covered in 1 cycles in 0.27 s.
INFO (IPF047): 0.0.Hp: The cover property "descrambler.u_descrambler_sva.gen_dout_chk[431]._assert_9:precondition1" was covered in 1 cycles in 0.27 s.
INFO (IPF047): 0.0.Hp: The cover property "descrambler.u_descrambler_sva.gen_dout_chk[432]._assert_9:precondition1" was covered in 1 cycles in 0.27 s.
INFO (IPF047): 0.0.Hp: The cover property "descrambler.u_descrambler_sva.gen_dout_chk[433]._assert_9:precondition1" was covered in 1 cycles in 0.27 s.
INFO (IPF047): 0.0.Hp: The cover property "descrambler.u_descrambler_sva.gen_dout_chk[434]._assert_9:precondition1" was covered in 1 cycles in 0.27 s.
INFO (IPF047): 0.0.Hp: The cover property "descrambler.u_descrambler_sva.gen_dout_chk[435]._assert_9:precondition1" was covered in 1 cycles in 0.27 s.
INFO (IPF047): 0.0.Hp: The cover property "descrambler.u_descrambler_sva.gen_dout_chk[436]._assert_9:precondition1" was covered in 1 cycles in 0.27 s.
INFO (IPF047): 0.0.Hp: The cover property "descrambler.u_descrambler_sva.gen_dout_chk[437]._assert_9:precondition1" was covered in 1 cycles in 0.27 s.
INFO (IPF047): 0.0.Hp: The cover property "descrambler.u_descrambler_sva.gen_dout_chk[438]._assert_9:precondition1" was covered in 1 cycles in 0.27 s.
INFO (IPF047): 0.0.Hp: The cover property "descrambler.u_descrambler_sva.gen_dout_chk[439]._assert_9:precondition1" was covered in 1 cycles in 0.27 s.
INFO (IPF047): 0.0.Hp: The cover property "descrambler.u_descrambler_sva.gen_dout_chk[440]._assert_9:precondition1" was covered in 1 cycles in 0.27 s.
INFO (IPF047): 0.0.Hp: The cover property "descrambler.u_descrambler_sva.gen_dout_chk[441]._assert_9:precondition1" was covered in 1 cycles in 0.27 s.
INFO (IPF047): 0.0.Hp: The cover property "descrambler.u_descrambler_sva.gen_dout_chk[442]._assert_9:precondition1" was covered in 1 cycles in 0.27 s.
INFO (IPF047): 0.0.Hp: The cover property "descrambler.u_descrambler_sva.gen_dout_chk[443]._assert_9:precondition1" was covered in 1 cycles in 0.27 s.
INFO (IPF047): 0.0.Hp: The cover property "descrambler.u_descrambler_sva.gen_dout_chk[444]._assert_9:precondition1" was covered in 1 cycles in 0.27 s.
INFO (IPF047): 0.0.Hp: The cover property "descrambler.u_descrambler_sva.gen_dout_chk[445]._assert_9:precondition1" was covered in 1 cycles in 0.27 s.
INFO (IPF047): 0.0.Hp: The cover property "descrambler.u_descrambler_sva.gen_dout_chk[446]._assert_9:precondition1" was covered in 1 cycles in 0.27 s.
INFO (IPF047): 0.0.Hp: The cover property "descrambler.u_descrambler_sva.gen_dout_chk[447]._assert_9:precondition1" was covered in 1 cycles in 0.27 s.
INFO (IPF047): 0.0.Hp: The cover property "descrambler.u_descrambler_sva.gen_dout_chk[448]._assert_9:precondition1" was covered in 1 cycles in 0.27 s.
INFO (IPF047): 0.0.Hp: The cover property "descrambler.u_descrambler_sva.gen_dout_chk[449]._assert_9:precondition1" was covered in 1 cycles in 0.27 s.
INFO (IPF047): 0.0.Hp: The cover property "descrambler.u_descrambler_sva.gen_dout_chk[450]._assert_9:precondition1" was covered in 1 cycles in 0.27 s.
INFO (IPF047): 0.0.Hp: The cover property "descrambler.u_descrambler_sva.gen_dout_chk[451]._assert_9:precondition1" was covered in 1 cycles in 0.27 s.
INFO (IPF047): 0.0.Hp: The cover property "descrambler.u_descrambler_sva.gen_dout_chk[452]._assert_9:precondition1" was covered in 1 cycles in 0.27 s.
INFO (IPF047): 0.0.Hp: The cover property "descrambler.u_descrambler_sva.gen_dout_chk[453]._assert_9:precondition1" was covered in 1 cycles in 0.27 s.
INFO (IPF047): 0.0.Hp: The cover property "descrambler.u_descrambler_sva.gen_dout_chk[454]._assert_9:precondition1" was covered in 1 cycles in 0.27 s.
INFO (IPF047): 0.0.Hp: The cover property "descrambler.u_descrambler_sva.gen_dout_chk[455]._assert_9:precondition1" was covered in 1 cycles in 0.27 s.
INFO (IPF047): 0.0.Hp: The cover property "descrambler.u_descrambler_sva.gen_dout_chk[456]._assert_9:precondition1" was covered in 1 cycles in 0.27 s.
INFO (IPF047): 0.0.Hp: The cover property "descrambler.u_descrambler_sva.gen_dout_chk[457]._assert_9:precondition1" was covered in 1 cycles in 0.27 s.
INFO (IPF047): 0.0.Hp: The cover property "descrambler.u_descrambler_sva.gen_dout_chk[458]._assert_9:precondition1" was covered in 1 cycles in 0.27 s.
INFO (IPF047): 0.0.Hp: The cover property "descrambler.u_descrambler_sva.gen_dout_chk[459]._assert_9:precondition1" was covered in 1 cycles in 0.27 s.
INFO (IPF047): 0.0.Hp: The cover property "descrambler.u_descrambler_sva.gen_dout_chk[460]._assert_9:precondition1" was covered in 1 cycles in 0.27 s.
INFO (IPF047): 0.0.Hp: The cover property "descrambler.u_descrambler_sva.gen_dout_chk[461]._assert_9:precondition1" was covered in 1 cycles in 0.27 s.
INFO (IPF047): 0.0.Hp: The cover property "descrambler.u_descrambler_sva.gen_dout_chk[462]._assert_9:precondition1" was covered in 1 cycles in 0.27 s.
INFO (IPF047): 0.0.Hp: The cover property "descrambler.u_descrambler_sva.gen_dout_chk[463]._assert_9:precondition1" was covered in 1 cycles in 0.27 s.
INFO (IPF047): 0.0.Hp: The cover property "descrambler.u_descrambler_sva.gen_dout_chk[464]._assert_9:precondition1" was covered in 1 cycles in 0.27 s.
INFO (IPF047): 0.0.Hp: The cover property "descrambler.u_descrambler_sva.gen_dout_chk[465]._assert_9:precondition1" was covered in 1 cycles in 0.27 s.
INFO (IPF047): 0.0.Hp: The cover property "descrambler.u_descrambler_sva.gen_dout_chk[466]._assert_9:precondition1" was covered in 1 cycles in 0.27 s.
INFO (IPF047): 0.0.Hp: The cover property "descrambler.u_descrambler_sva.gen_dout_chk[467]._assert_9:precondition1" was covered in 1 cycles in 0.27 s.
INFO (IPF047): 0.0.Hp: The cover property "descrambler.u_descrambler_sva.gen_dout_chk[468]._assert_9:precondition1" was covered in 1 cycles in 0.27 s.
INFO (IPF047): 0.0.Hp: The cover property "descrambler.u_descrambler_sva.gen_dout_chk[469]._assert_9:precondition1" was covered in 1 cycles in 0.27 s.
INFO (IPF047): 0.0.Hp: The cover property "descrambler.u_descrambler_sva.gen_dout_chk[470]._assert_9:precondition1" was covered in 1 cycles in 0.27 s.
INFO (IPF047): 0.0.Hp: The cover property "descrambler.u_descrambler_sva.gen_dout_chk[471]._assert_9:precondition1" was covered in 1 cycles in 0.27 s.
INFO (IPF047): 0.0.Hp: The cover property "descrambler.u_descrambler_sva.gen_dout_chk[472]._assert_9:precondition1" was covered in 1 cycles in 0.27 s.
INFO (IPF047): 0.0.Hp: The cover property "descrambler.u_descrambler_sva.gen_dout_chk[473]._assert_9:precondition1" was covered in 1 cycles in 0.27 s.
INFO (IPF047): 0.0.Hp: The cover property "descrambler.u_descrambler_sva.gen_dout_chk[474]._assert_9:precondition1" was covered in 1 cycles in 0.27 s.
INFO (IPF047): 0.0.Hp: The cover property "descrambler.u_descrambler_sva.gen_dout_chk[475]._assert_9:precondition1" was covered in 1 cycles in 0.27 s.
INFO (IPF047): 0.0.Hp: The cover property "descrambler.u_descrambler_sva.gen_dout_chk[476]._assert_9:precondition1" was covered in 1 cycles in 0.27 s.
INFO (IPF047): 0.0.Hp: The cover property "descrambler.u_descrambler_sva.gen_dout_chk[477]._assert_9:precondition1" was covered in 1 cycles in 0.27 s.
INFO (IPF047): 0.0.Hp: The cover property "descrambler.u_descrambler_sva.gen_dout_chk[478]._assert_9:precondition1" was covered in 1 cycles in 0.27 s.
INFO (IPF047): 0.0.Hp: The cover property "descrambler.u_descrambler_sva.gen_dout_chk[479]._assert_9:precondition1" was covered in 1 cycles in 0.27 s.
INFO (IPF047): 0.0.Hp: The cover property "descrambler.u_descrambler_sva.gen_dout_chk[480]._assert_9:precondition1" was covered in 1 cycles in 0.27 s.
INFO (IPF047): 0.0.Hp: The cover property "descrambler.u_descrambler_sva.gen_dout_chk[481]._assert_9:precondition1" was covered in 1 cycles in 0.27 s.
INFO (IPF047): 0.0.Hp: The cover property "descrambler.u_descrambler_sva.gen_dout_chk[482]._assert_9:precondition1" was covered in 1 cycles in 0.27 s.
INFO (IPF047): 0.0.Hp: The cover property "descrambler.u_descrambler_sva.gen_dout_chk[483]._assert_9:precondition1" was covered in 1 cycles in 0.27 s.
INFO (IPF047): 0.0.Hp: The cover property "descrambler.u_descrambler_sva.gen_dout_chk[484]._assert_9:precondition1" was covered in 1 cycles in 0.27 s.
INFO (IPF047): 0.0.Hp: The cover property "descrambler.u_descrambler_sva.gen_dout_chk[485]._assert_9:precondition1" was covered in 1 cycles in 0.27 s.
INFO (IPF047): 0.0.Hp: The cover property "descrambler.u_descrambler_sva.gen_dout_chk[486]._assert_9:precondition1" was covered in 1 cycles in 0.27 s.
INFO (IPF047): 0.0.Hp: The cover property "descrambler.u_descrambler_sva.gen_dout_chk[487]._assert_9:precondition1" was covered in 1 cycles in 0.27 s.
INFO (IPF047): 0.0.Hp: The cover property "descrambler.u_descrambler_sva.gen_dout_chk[488]._assert_9:precondition1" was covered in 1 cycles in 0.27 s.
INFO (IPF047): 0.0.Hp: The cover property "descrambler.u_descrambler_sva.gen_dout_chk[489]._assert_9:precondition1" was covered in 1 cycles in 0.27 s.
INFO (IPF047): 0.0.Hp: The cover property "descrambler.u_descrambler_sva.gen_dout_chk[490]._assert_9:precondition1" was covered in 1 cycles in 0.27 s.
INFO (IPF047): 0.0.Hp: The cover property "descrambler.u_descrambler_sva.gen_dout_chk[491]._assert_9:precondition1" was covered in 1 cycles in 0.27 s.
INFO (IPF047): 0.0.Hp: The cover property "descrambler.u_descrambler_sva.gen_dout_chk[492]._assert_9:precondition1" was covered in 1 cycles in 0.27 s.
INFO (IPF047): 0.0.Hp: The cover property "descrambler.u_descrambler_sva.gen_dout_chk[493]._assert_9:precondition1" was covered in 1 cycles in 0.27 s.
INFO (IPF047): 0.0.Hp: The cover property "descrambler.u_descrambler_sva.gen_dout_chk[494]._assert_9:precondition1" was covered in 1 cycles in 0.27 s.
INFO (IPF047): 0.0.Hp: The cover property "descrambler.u_descrambler_sva.gen_dout_chk[495]._assert_9:precondition1" was covered in 1 cycles in 0.27 s.
INFO (IPF047): 0.0.Hp: The cover property "descrambler.u_descrambler_sva.gen_dout_chk[496]._assert_9:precondition1" was covered in 1 cycles in 0.27 s.
INFO (IPF047): 0.0.Hp: The cover property "descrambler.u_descrambler_sva.gen_dout_chk[497]._assert_9:precondition1" was covered in 1 cycles in 0.27 s.
INFO (IPF047): 0.0.Hp: The cover property "descrambler.u_descrambler_sva.gen_dout_chk[498]._assert_9:precondition1" was covered in 1 cycles in 0.27 s.
INFO (IPF047): 0.0.Hp: The cover property "descrambler.u_descrambler_sva.gen_dout_chk[499]._assert_9:precondition1" was covered in 1 cycles in 0.27 s.
INFO (IPF047): 0.0.Hp: The cover property "descrambler.u_descrambler_sva.gen_dout_chk[500]._assert_9:precondition1" was covered in 1 cycles in 0.27 s.
INFO (IPF047): 0.0.Hp: The cover property "descrambler.u_descrambler_sva.gen_dout_chk[501]._assert_9:precondition1" was covered in 1 cycles in 0.27 s.
INFO (IPF047): 0.0.Hp: The cover property "descrambler.u_descrambler_sva.gen_dout_chk[502]._assert_9:precondition1" was covered in 1 cycles in 0.27 s.
INFO (IPF047): 0.0.Hp: The cover property "descrambler.u_descrambler_sva.gen_dout_chk[503]._assert_9:precondition1" was covered in 1 cycles in 0.27 s.
INFO (IPF047): 0.0.Hp: The cover property "descrambler.u_descrambler_sva.gen_dout_chk[504]._assert_9:precondition1" was covered in 1 cycles in 0.27 s.
INFO (IPF047): 0.0.Hp: The cover property "descrambler.u_descrambler_sva.gen_dout_chk[505]._assert_9:precondition1" was covered in 1 cycles in 0.27 s.
INFO (IPF047): 0.0.Hp: The cover property "descrambler.u_descrambler_sva.gen_dout_chk[506]._assert_9:precondition1" was covered in 1 cycles in 0.27 s.
INFO (IPF047): 0.0.Hp: The cover property "descrambler.u_descrambler_sva.gen_dout_chk[507]._assert_9:precondition1" was covered in 1 cycles in 0.27 s.
INFO (IPF047): 0.0.Hp: The cover property "descrambler.u_descrambler_sva.gen_dout_chk[508]._assert_9:precondition1" was covered in 1 cycles in 0.27 s.
INFO (IPF047): 0.0.Hp: The cover property "descrambler.u_descrambler_sva.gen_dout_chk[509]._assert_9:precondition1" was covered in 1 cycles in 0.27 s.
INFO (IPF047): 0.0.Hp: The cover property "descrambler.u_descrambler_sva.gen_dout_chk[510]._assert_9:precondition1" was covered in 1 cycles in 0.27 s.
INFO (IPF047): 0.0.Hp: The cover property "descrambler.u_descrambler_sva.gen_dout_chk[511]._assert_9:precondition1" was covered in 1 cycles in 0.27 s.
INFO (IPF047): 0.0.Hp: The cover property "descrambler.u_descrambler_sva._cover_11" was covered in 1 cycles in 0.27 s.
0.0.Ht: Proofgrid shell started at 1959477@della-r3c1n5(local) jg_1959397_della-r3c1n5_1
0.0.Ht: OS RSS memory limit : 17179869184 / 17179869184
0.0.Ht: clocks: 1, declared: 1, disabling: 0, posedge: 1, negedge: 0, noedge: 0, bothedge: 0
0.0.Ht: Trace Attempt  1	[0.02 s]
0.0.Ht: Trace Attempt  2	[0.03 s]
0.0.Hp: Trace Attempt  2	[0.12 s]
0.0.Ht: Trace Attempt  3	[0.06 s]
0.0.B: Proofgrid shell started at 1959478@della-r3c1n5(local) jg_1959397_della-r3c1n5_1
0.0.B: OS RSS memory limit : 17179869184 / 17179869184
0.0.B: clocks: 1, declared: 1, disabling: 0, posedge: 1, negedge: 0, noedge: 0, bothedge: 0
0.0.B: Next scan (0) will use per property time limit: 1s * 10 ^ 0 = 1s
0.0.B: Starting proof for property "descrambler.u_descrambler_sva._assert_7"	[0.00 s].
0.0.B: Trace Attempt  1	[0.02 s]
0.0.B: Trace Attempt  2	[0.04 s]
0.0.B: Trace Attempt  3	[0.07 s]
0.0.B: Trace Attempt  4	[0.11 s]
0.0.B: Trace Attempt  5	[0.16 s]
0.0.Hp: Trace Attempt  3	[0.33 s]
0.0.Ht: A trace with 3 cycles was found. [0.79 s]
INFO (IPF047): 0.0.Ht: The cover property "descrambler.u_descrambler_sva._cover_13" was covered in 3 cycles in 0.31 s.
0.0.Ht: Trace Attempt  4	[0.80 s]
0: ProofGrid usable level: 514
0.0.N: Trace Attempt  6	[0.45 s]
0.0.N: Per property time limit expired (1.00 s) [1.00 s]
0.0.N: Stopped processing property "descrambler.u_descrambler_sva._assert_7"	[1.00 s].
0.0.N: Starting proof for property "descrambler.u_descrambler_sva._assert_8"	[0.00 s].
0.0.N: Trace Attempt  1	[0.00 s]
0.0.N: Trace Attempt  2	[0.00 s]
0.0.N: Trace Attempt  2	[0.00 s]
0.0.N: Trace Attempt  3	[0.00 s]
0.0.B: Trace Attempt  6	[0.42 s]
0.0.B: Per property time limit expired (0.84 s) [0.85 s]
0.0.B: Stopped processing property "descrambler.u_descrambler_sva._assert_7"	[0.39 s].
0.0.B: Starting proof for property "descrambler.u_descrambler_sva._assert_8"	[0.00 s].
0.0.N: Trace Attempt  3	[0.00 s]
0.0.B: Trace Attempt  1	[0.00 s]
0.0.B: Trace Attempt  2	[0.00 s]
0.0.B: Trace Attempt  3	[0.00 s]
0.0.B: Trace Attempt  4	[0.00 s]
0.0.B: Trace Attempt  5	[0.01 s]
0.0.N: Trace Attempt  4	[0.01 s]
0.0.N: Trace Attempt  5	[0.02 s]
0.0.N: Trace Attempt  1	[0.08 s]
0.0.N: Trace Attempt  2	[0.08 s]
0.0.N: Trace Attempt  3	[0.08 s]
0.0.N: Validation of fixpoint was successful. Time = 0.00
0.0.N: A proof was found: No trace exists. [0.14 s]
INFO (IPF057): 0.0.N: The property "descrambler.u_descrambler_sva._assert_8" was proven in 0.14 s.
0.0.N: Stopped processing property "descrambler.u_descrambler_sva._assert_8"	[0.14 s].
0.0.N: Starting proof for property "descrambler.u_descrambler_sva.gen_dout_chk[0]._assert_9"	[0.00 s].
0.0.B: Stopped processing property "descrambler.u_descrambler_sva._assert_8"	[0.13 s].
0.0.B: Starting proof for property "descrambler.u_descrambler_sva.gen_dout_chk[0]._assert_9"	[0.00 s].
0.0.N: Trace Attempt  1	[0.00 s]
0.0.N: A max_length bound was found. The shortest trace is no longer than 512 cycles. [0.00 s]
INFO (IPF008): 0.0.N: A max_length bound of 512 was found for the property "descrambler.u_descrambler_sva.gen_dout_chk[0]._assert_9" in 0.00 s.
0.0.N: Trace Attempt  2	[0.00 s]
0.0.B: Trace Attempt  1	[0.00 s]
0.0.B: Trace Attempt  2	[0.00 s]
0.0.N: Trace Attempt  2	[0.00 s]
0.0.B: Trace Attempt  3	[0.00 s]
0.0.B: Trace Attempt  4	[0.00 s]
0.0.N: Trace Attempt  3	[0.00 s]
0.0.B: Trace Attempt  5	[0.00 s]
0.0.N: Trace Attempt  3	[0.00 s]
0.0.N: Trace Attempt  4	[0.00 s]
0.0.N: Trace Attempt  5	[0.00 s]
0.0.N: Trace Attempt  1	[0.00 s]
0.0.N: Trace Attempt  2	[0.00 s]
0.0.N: Trace Attempt  3	[0.00 s]
0.0.N: Trace Attempt  4	[0.01 s]
0.0.N: Validation of fixpoint was successful. Time = 0.00
0.0.N: A proof was found: No trace exists. [0.01 s]
INFO (IPF057): 0.0.N: The property "descrambler.u_descrambler_sva.gen_dout_chk[0]._assert_9" was proven in 0.01 s.
0.0.N: Stopped processing property "descrambler.u_descrambler_sva.gen_dout_chk[0]._assert_9"	[0.01 s].
0.0.N: Starting proof for property "descrambler.u_descrambler_sva.gen_dout_chk[1]._assert_9"	[0.00 s].
0.0.B: Stopped processing property "descrambler.u_descrambler_sva.gen_dout_chk[0]._assert_9"	[0.01 s].
0.0.B: Starting proof for property "descrambler.u_descrambler_sva.gen_dout_chk[1]._assert_9"	[0.00 s].
0.0.B: A max_length bound was found. The shortest trace is no longer than 512 cycles. [0.00 s]
INFO (IPF008): 0.0.B: A max_length bound of 512 was found for the property "descrambler.u_descrambler_sva.gen_dout_chk[1]._assert_9" in 0.00 s.
0.0.B: Trace Attempt  1	[0.00 s]
0.0.N: Trace Attempt  1	[0.00 s]
0.0.B: Trace Attempt  2	[0.00 s]
0.0.B: Trace Attempt  3	[0.00 s]
0.0.N: Trace Attempt  2	[0.00 s]
0.0.B: Trace Attempt  4	[0.00 s]
0.0.B: Trace Attempt  5	[0.00 s]
0.0.N: Trace Attempt  2	[0.00 s]
0.0.N: Trace Attempt  3	[0.00 s]
0.0.N: Trace Attempt  3	[0.00 s]
0.0.N: Trace Attempt  4	[0.00 s]
0.0.N: Trace Attempt  5	[0.00 s]
0.0.N: Trace Attempt  1	[0.00 s]
0.0.N: Trace Attempt  2	[0.00 s]
0.0.N: Trace Attempt  3	[0.00 s]
0.0.N: Trace Attempt  4	[0.01 s]
0.0.N: Validation of fixpoint was successful. Time = 0.00
0.0.N: A proof was found: No trace exists. [0.01 s]
INFO (IPF057): 0.0.N: The property "descrambler.u_descrambler_sva.gen_dout_chk[1]._assert_9" was proven in 0.01 s.
0.0.N: Stopped processing property "descrambler.u_descrambler_sva.gen_dout_chk[1]._assert_9"	[0.01 s].
0.0.N: Starting proof for property "descrambler.u_descrambler_sva.gen_dout_chk[2]._assert_9"	[0.00 s].
0.0.B: Stopped processing property "descrambler.u_descrambler_sva.gen_dout_chk[1]._assert_9"	[0.01 s].
0.0.B: Starting proof for property "descrambler.u_descrambler_sva.gen_dout_chk[2]._assert_9"	[0.00 s].
0.0.N: Trace Attempt  1	[0.00 s]
0.0.N: A max_length bound was found. The shortest trace is no longer than 512 cycles. [0.00 s]
INFO (IPF008): 0.0.N: A max_length bound of 512 was found for the property "descrambler.u_descrambler_sva.gen_dout_chk[2]._assert_9" in 0.00 s.
0.0.B: Trace Attempt  1	[0.00 s]
0.0.B: Trace Attempt  2	[0.00 s]
0.0.N: Trace Attempt  2	[0.00 s]
0.0.B: Trace Attempt  3	[0.00 s]
0.0.B: Trace Attempt  4	[0.00 s]
0.0.N: Trace Attempt  2	[0.00 s]
0.0.B: Trace Attempt  5	[0.00 s]
0.0.N: Trace Attempt  3	[0.00 s]
0.0.N: Trace Attempt  3	[0.00 s]
0.0.N: Trace Attempt  4	[0.00 s]
0.0.N: Trace Attempt  5	[0.00 s]
0.0.N: Trace Attempt  1	[0.00 s]
0.0.N: Trace Attempt  2	[0.00 s]
0.0.N: Trace Attempt  3	[0.00 s]
0.0.N: Trace Attempt  4	[0.01 s]
0.0.N: Validation of fixpoint was successful. Time = 0.00
0.0.N: A proof was found: No trace exists. [0.01 s]
INFO (IPF057): 0.0.N: The property "descrambler.u_descrambler_sva.gen_dout_chk[2]._assert_9" was proven in 0.01 s.
0.0.N: Stopped processing property "descrambler.u_descrambler_sva.gen_dout_chk[2]._assert_9"	[0.01 s].
0.0.N: Starting proof for property "descrambler.u_descrambler_sva.gen_dout_chk[3]._assert_9"	[0.00 s].
0.0.B: Stopped processing property "descrambler.u_descrambler_sva.gen_dout_chk[2]._assert_9"	[0.01 s].
0.0.B: Starting proof for property "descrambler.u_descrambler_sva.gen_dout_chk[3]._assert_9"	[0.00 s].
0.0.B: A max_length bound was found. The shortest trace is no longer than 512 cycles. [0.00 s]
INFO (IPF008): 0.0.B: A max_length bound of 512 was found for the property "descrambler.u_descrambler_sva.gen_dout_chk[3]._assert_9" in 0.00 s.
0.0.B: Trace Attempt  1	[0.00 s]
0.0.N: Trace Attempt  1	[0.00 s]
0.0.B: Trace Attempt  2	[0.00 s]
0.0.B: Trace Attempt  3	[0.00 s]
0.0.N: Trace Attempt  2	[0.00 s]
0.0.B: Trace Attempt  4	[0.00 s]
0.0.B: Trace Attempt  5	[0.00 s]
0.0.N: Trace Attempt  2	[0.00 s]
0.0.N: Trace Attempt  3	[0.00 s]
0.0.N: Trace Attempt  3	[0.00 s]
0.0.N: Trace Attempt  4	[0.00 s]
0.0.N: Trace Attempt  5	[0.00 s]
0.0.N: Trace Attempt  1	[0.00 s]
0.0.N: Trace Attempt  2	[0.00 s]
0.0.N: Trace Attempt  3	[0.00 s]
0.0.N: Trace Attempt  4	[0.01 s]
0.0.N: Validation of fixpoint was successful. Time = 0.00
0.0.N: A proof was found: No trace exists. [0.01 s]
INFO (IPF057): 0.0.N: The property "descrambler.u_descrambler_sva.gen_dout_chk[3]._assert_9" was proven in 0.01 s.
0.0.N: Stopped processing property "descrambler.u_descrambler_sva.gen_dout_chk[3]._assert_9"	[0.01 s].
0.0.N: Starting proof for property "descrambler.u_descrambler_sva.gen_dout_chk[4]._assert_9"	[0.00 s].
0.0.B: Stopped processing property "descrambler.u_descrambler_sva.gen_dout_chk[3]._assert_9"	[0.01 s].
0.0.B: Starting proof for property "descrambler.u_descrambler_sva.gen_dout_chk[4]._assert_9"	[0.00 s].
0.0.B: A max_length bound was found. The shortest trace is no longer than 512 cycles. [0.00 s]
INFO (IPF008): 0.0.B: A max_length bound of 512 was found for the property "descrambler.u_descrambler_sva.gen_dout_chk[4]._assert_9" in 0.00 s.
0.0.B: Trace Attempt  1	[0.00 s]
0.0.N: Trace Attempt  1	[0.00 s]
0.0.B: Trace Attempt  2	[0.00 s]
0.0.B: Trace Attempt  3	[0.00 s]
0.0.N: Trace Attempt  2	[0.00 s]
0.0.B: Trace Attempt  4	[0.00 s]
0.0.B: Trace Attempt  5	[0.00 s]
0.0.N: Trace Attempt  2	[0.00 s]
0.0.N: Trace Attempt  3	[0.00 s]
0.0.N: Trace Attempt  3	[0.00 s]
0.0.N: Trace Attempt  4	[0.00 s]
0.0.N: Trace Attempt  5	[0.00 s]
0.0.N: Trace Attempt  1	[0.00 s]
0.0.N: Trace Attempt  2	[0.00 s]
0.0.N: Trace Attempt  3	[0.00 s]
0.0.N: Trace Attempt  4	[0.01 s]
0.0.N: Validation of fixpoint was successful. Time = 0.00
0.0.N: A proof was found: No trace exists. [0.01 s]
INFO (IPF057): 0.0.N: The property "descrambler.u_descrambler_sva.gen_dout_chk[4]._assert_9" was proven in 0.01 s.
0.0.N: Stopped processing property "descrambler.u_descrambler_sva.gen_dout_chk[4]._assert_9"	[0.01 s].
0.0.B: Stopped processing property "descrambler.u_descrambler_sva.gen_dout_chk[4]._assert_9"	[0.01 s].
0.0.B: Starting proof for property "descrambler.u_descrambler_sva.gen_dout_chk[5]._assert_9"	[0.00 s].
0.0.N: Starting proof for property "descrambler.u_descrambler_sva.gen_dout_chk[5]._assert_9"	[0.00 s].
0.0.B: A max_length bound was found. The shortest trace is no longer than 512 cycles. [0.00 s]
INFO (IPF008): 0.0.B: A max_length bound of 512 was found for the property "descrambler.u_descrambler_sva.gen_dout_chk[5]._assert_9" in 0.00 s.
0.0.B: Trace Attempt  1	[0.00 s]
0.0.B: Trace Attempt  2	[0.00 s]
0.0.N: Trace Attempt  1	[0.00 s]
0.0.B: Trace Attempt  3	[0.00 s]
0.0.B: Trace Attempt  4	[0.00 s]
0.0.N: Trace Attempt  2	[0.00 s]
0.0.B: Trace Attempt  5	[0.00 s]
0.0.N: Trace Attempt  2	[0.00 s]
0.0.N: Trace Attempt  3	[0.00 s]
0.0.N: Trace Attempt  3	[0.00 s]
0.0.N: Trace Attempt  4	[0.00 s]
0.0.N: Trace Attempt  5	[0.00 s]
0.0.N: Trace Attempt  1	[0.00 s]
0.0.N: Trace Attempt  2	[0.00 s]
0.0.N: Trace Attempt  3	[0.00 s]
0.0.N: Trace Attempt  4	[0.01 s]
0.0.N: Validation of fixpoint was successful. Time = 0.00
0.0.N: A proof was found: No trace exists. [0.01 s]
INFO (IPF057): 0.0.N: The property "descrambler.u_descrambler_sva.gen_dout_chk[5]._assert_9" was proven in 0.01 s.
0.0.N: Stopped processing property "descrambler.u_descrambler_sva.gen_dout_chk[5]._assert_9"	[0.01 s].
0.0.N: Starting proof for property "descrambler.u_descrambler_sva.gen_dout_chk[6]._assert_9"	[0.00 s].
0.0.B: Stopped processing property "descrambler.u_descrambler_sva.gen_dout_chk[5]._assert_9"	[0.01 s].
0.0.B: Starting proof for property "descrambler.u_descrambler_sva.gen_dout_chk[6]._assert_9"	[0.00 s].
0.0.B: A max_length bound was found. The shortest trace is no longer than 512 cycles. [0.00 s]
INFO (IPF008): 0.0.B: A max_length bound of 512 was found for the property "descrambler.u_descrambler_sva.gen_dout_chk[6]._assert_9" in 0.00 s.
0.0.B: Trace Attempt  1	[0.00 s]
0.0.N: Trace Attempt  1	[0.00 s]
0.0.B: Trace Attempt  2	[0.00 s]
0.0.B: Trace Attempt  3	[0.00 s]
0.0.N: Trace Attempt  2	[0.00 s]
0.0.B: Trace Attempt  4	[0.00 s]
0.0.B: Trace Attempt  5	[0.00 s]
0.0.N: Trace Attempt  2	[0.00 s]
0.0.N: Trace Attempt  3	[0.00 s]
0.0.N: Trace Attempt  3	[0.00 s]
0.0.N: Trace Attempt  4	[0.00 s]
0.0.N: Trace Attempt  5	[0.00 s]
0.0.N: Trace Attempt  1	[0.00 s]
0.0.N: Trace Attempt  2	[0.00 s]
0.0.N: Trace Attempt  3	[0.00 s]
0.0.N: Trace Attempt  4	[0.01 s]
0.0.N: Validation of fixpoint was successful. Time = 0.00
0.0.N: A proof was found: No trace exists. [0.01 s]
INFO (IPF057): 0.0.N: The property "descrambler.u_descrambler_sva.gen_dout_chk[6]._assert_9" was proven in 0.01 s.
0.0.N: Stopped processing property "descrambler.u_descrambler_sva.gen_dout_chk[6]._assert_9"	[0.01 s].
0.0.N: Starting proof for property "descrambler.u_descrambler_sva.gen_dout_chk[7]._assert_9"	[0.00 s].
0.0.B: Stopped processing property "descrambler.u_descrambler_sva.gen_dout_chk[6]._assert_9"	[0.01 s].
0.0.B: Starting proof for property "descrambler.u_descrambler_sva.gen_dout_chk[7]._assert_9"	[0.00 s].
0.0.B: A max_length bound was found. The shortest trace is no longer than 512 cycles. [0.00 s]
INFO (IPF008): 0.0.B: A max_length bound of 512 was found for the property "descrambler.u_descrambler_sva.gen_dout_chk[7]._assert_9" in 0.00 s.
0.0.N: Trace Attempt  1	[0.00 s]
0.0.B: Trace Attempt  1	[0.00 s]
0.0.B: Trace Attempt  2	[0.00 s]
0.0.B: Trace Attempt  3	[0.00 s]
0.0.N: Trace Attempt  2	[0.00 s]
0.0.B: Trace Attempt  4	[0.00 s]
0.0.B: Trace Attempt  5	[0.00 s]
0.0.N: Trace Attempt  2	[0.00 s]
0.0.N: Trace Attempt  3	[0.00 s]
0.0.N: Trace Attempt  3	[0.00 s]
0.0.N: Trace Attempt  4	[0.00 s]
0.0.N: Trace Attempt  5	[0.00 s]
0.0.N: Trace Attempt  1	[0.00 s]
0.0.N: Trace Attempt  2	[0.00 s]
0.0.N: Trace Attempt  3	[0.00 s]
0.0.N: Trace Attempt  4	[0.01 s]
0.0.N: Validation of fixpoint was successful. Time = 0.00
0.0.N: A proof was found: No trace exists. [0.01 s]
INFO (IPF057): 0.0.N: The property "descrambler.u_descrambler_sva.gen_dout_chk[7]._assert_9" was proven in 0.01 s.
0.0.N: Stopped processing property "descrambler.u_descrambler_sva.gen_dout_chk[7]._assert_9"	[0.01 s].
0.0.N: Starting proof for property "descrambler.u_descrambler_sva.gen_dout_chk[8]._assert_9"	[0.00 s].
0.0.B: Stopped processing property "descrambler.u_descrambler_sva.gen_dout_chk[7]._assert_9"	[0.01 s].
0.0.B: Starting proof for property "descrambler.u_descrambler_sva.gen_dout_chk[8]._assert_9"	[0.00 s].
0.0.B: A max_length bound was found. The shortest trace is no longer than 512 cycles. [0.00 s]
INFO (IPF008): 0.0.B: A max_length bound of 512 was found for the property "descrambler.u_descrambler_sva.gen_dout_chk[8]._assert_9" in 0.00 s.
0.0.B: Trace Attempt  1	[0.00 s]
0.0.N: Trace Attempt  1	[0.00 s]
0.0.B: Trace Attempt  2	[0.00 s]
0.0.B: Trace Attempt  3	[0.00 s]
0.0.B: Trace Attempt  4	[0.00 s]
0.0.N: Trace Attempt  2	[0.00 s]
0.0.B: Trace Attempt  5	[0.00 s]
0.0.N: Trace Attempt  2	[0.00 s]
0.0.N: Trace Attempt  3	[0.00 s]
0.0.N: Trace Attempt  3	[0.00 s]
0.0.N: Trace Attempt  4	[0.00 s]
0.0.N: Trace Attempt  5	[0.00 s]
0.0.N: Trace Attempt  1	[0.00 s]
0.0.N: Trace Attempt  2	[0.00 s]
0.0.N: Trace Attempt  3	[0.00 s]
0.0.N: Trace Attempt  4	[0.01 s]
0.0.N: Validation of fixpoint was successful. Time = 0.00
0.0.N: A proof was found: No trace exists. [0.01 s]
INFO (IPF057): 0.0.N: The property "descrambler.u_descrambler_sva.gen_dout_chk[8]._assert_9" was proven in 0.01 s.
0.0.N: Stopped processing property "descrambler.u_descrambler_sva.gen_dout_chk[8]._assert_9"	[0.01 s].
0.0.N: Starting proof for property "descrambler.u_descrambler_sva.gen_dout_chk[9]._assert_9"	[0.00 s].
0.0.B: Stopped processing property "descrambler.u_descrambler_sva.gen_dout_chk[8]._assert_9"	[0.01 s].
0.0.B: Starting proof for property "descrambler.u_descrambler_sva.gen_dout_chk[9]._assert_9"	[0.00 s].
0.0.B: A max_length bound was found. The shortest trace is no longer than 512 cycles. [0.00 s]
INFO (IPF008): 0.0.B: A max_length bound of 512 was found for the property "descrambler.u_descrambler_sva.gen_dout_chk[9]._assert_9" in 0.00 s.
0.0.N: Trace Attempt  1	[0.00 s]
0.0.B: Trace Attempt  1	[0.00 s]
0.0.B: Trace Attempt  2	[0.00 s]
0.0.B: Trace Attempt  3	[0.00 s]
0.0.N: Trace Attempt  2	[0.00 s]
0.0.B: Trace Attempt  4	[0.00 s]
0.0.B: Trace Attempt  5	[0.00 s]
0.0.N: Trace Attempt  2	[0.00 s]
0.0.N: Trace Attempt  3	[0.00 s]
0.0.N: Trace Attempt  3	[0.00 s]
0.0.N: Trace Attempt  4	[0.00 s]
0.0.N: Trace Attempt  5	[0.00 s]
0.0.N: Trace Attempt  1	[0.00 s]
0.0.N: Trace Attempt  2	[0.00 s]
0.0.N: Trace Attempt  3	[0.00 s]
0.0.N: Trace Attempt  4	[0.01 s]
0.0.N: Validation of fixpoint was successful. Time = 0.00
0.0.N: A proof was found: No trace exists. [0.01 s]
INFO (IPF057): 0.0.N: The property "descrambler.u_descrambler_sva.gen_dout_chk[9]._assert_9" was proven in 0.01 s.
0.0.N: Stopped processing property "descrambler.u_descrambler_sva.gen_dout_chk[9]._assert_9"	[0.01 s].
0.0.N: Starting proof for property "descrambler.u_descrambler_sva.gen_dout_chk[10]._assert_9"	[0.00 s].
0.0.B: Stopped processing property "descrambler.u_descrambler_sva.gen_dout_chk[9]._assert_9"	[0.01 s].
0.0.B: Starting proof for property "descrambler.u_descrambler_sva.gen_dout_chk[10]._assert_9"	[0.00 s].
0.0.B: A max_length bound was found. The shortest trace is no longer than 512 cycles. [0.00 s]
INFO (IPF008): 0.0.B: A max_length bound of 512 was found for the property "descrambler.u_descrambler_sva.gen_dout_chk[10]._assert_9" in 0.00 s.
0.0.B: Trace Attempt  1	[0.00 s]
0.0.N: Trace Attempt  1	[0.00 s]
0.0.B: Trace Attempt  2	[0.00 s]
0.0.B: Trace Attempt  3	[0.00 s]
0.0.B: Trace Attempt  4	[0.00 s]
0.0.N: Trace Attempt  2	[0.00 s]
0.0.B: Trace Attempt  5	[0.00 s]
0.0.N: Trace Attempt  2	[0.00 s]
0.0.N: Trace Attempt  3	[0.00 s]
0.0.N: Trace Attempt  3	[0.00 s]
0.0.N: Trace Attempt  4	[0.00 s]
0.0.N: Trace Attempt  5	[0.00 s]
0.0.N: Trace Attempt  1	[0.00 s]
0.0.N: Trace Attempt  2	[0.00 s]
0.0.N: Trace Attempt  3	[0.00 s]
0.0.N: Trace Attempt  4	[0.01 s]
0.0.N: Validation of fixpoint was successful. Time = 0.00
0.0.N: A proof was found: No trace exists. [0.01 s]
INFO (IPF057): 0.0.N: The property "descrambler.u_descrambler_sva.gen_dout_chk[10]._assert_9" was proven in 0.01 s.
0.0.N: Stopped processing property "descrambler.u_descrambler_sva.gen_dout_chk[10]._assert_9"	[0.01 s].
0.0.N: Starting proof for property "descrambler.u_descrambler_sva.gen_dout_chk[11]._assert_9"	[0.00 s].
0.0.B: Stopped processing property "descrambler.u_descrambler_sva.gen_dout_chk[10]._assert_9"	[0.01 s].
0.0.B: Starting proof for property "descrambler.u_descrambler_sva.gen_dout_chk[11]._assert_9"	[0.00 s].
0.0.B: A max_length bound was found. The shortest trace is no longer than 512 cycles. [0.00 s]
INFO (IPF008): 0.0.B: A max_length bound of 512 was found for the property "descrambler.u_descrambler_sva.gen_dout_chk[11]._assert_9" in 0.00 s.
0.0.B: Trace Attempt  1	[0.00 s]
0.0.N: Trace Attempt  1	[0.00 s]
0.0.B: Trace Attempt  2	[0.00 s]
0.0.B: Trace Attempt  3	[0.00 s]
0.0.B: Trace Attempt  4	[0.00 s]
0.0.N: Trace Attempt  2	[0.00 s]
0.0.B: Trace Attempt  5	[0.00 s]
0.0.N: Trace Attempt  2	[0.00 s]
0.0.N: Trace Attempt  3	[0.00 s]
0.0.N: Trace Attempt  3	[0.00 s]
0.0.N: Trace Attempt  4	[0.00 s]
0.0.N: Trace Attempt  5	[0.00 s]
0.0.N: Trace Attempt  1	[0.00 s]
0.0.N: Trace Attempt  2	[0.00 s]
0.0.N: Trace Attempt  3	[0.00 s]
0.0.N: Trace Attempt  4	[0.01 s]
0.0.N: Validation of fixpoint was successful. Time = 0.00
0.0.N: A proof was found: No trace exists. [0.01 s]
INFO (IPF057): 0.0.N: The property "descrambler.u_descrambler_sva.gen_dout_chk[11]._assert_9" was proven in 0.01 s.
0.0.N: Stopped processing property "descrambler.u_descrambler_sva.gen_dout_chk[11]._assert_9"	[0.01 s].
0.0.N: Starting proof for property "descrambler.u_descrambler_sva.gen_dout_chk[12]._assert_9"	[0.00 s].
0.0.B: Stopped processing property "descrambler.u_descrambler_sva.gen_dout_chk[11]._assert_9"	[0.01 s].
0.0.B: Starting proof for property "descrambler.u_descrambler_sva.gen_dout_chk[12]._assert_9"	[0.00 s].
0.0.N: Trace Attempt  1	[0.00 s]
0.0.N: A max_length bound was found. The shortest trace is no longer than 512 cycles. [0.00 s]
INFO (IPF008): 0.0.N: A max_length bound of 512 was found for the property "descrambler.u_descrambler_sva.gen_dout_chk[12]._assert_9" in 0.00 s.
0.0.B: Trace Attempt  1	[0.00 s]
0.0.B: Trace Attempt  2	[0.00 s]
0.0.B: Trace Attempt  3	[0.00 s]
0.0.N: Trace Attempt  2	[0.00 s]
0.0.B: Trace Attempt  4	[0.00 s]
0.0.N: Trace Attempt  2	[0.00 s]
0.0.B: Trace Attempt  5	[0.00 s]
0.0.N: Trace Attempt  3	[0.00 s]
0.0.N: Trace Attempt  3	[0.00 s]
0.0.N: Trace Attempt  4	[0.00 s]
0.0.N: Trace Attempt  5	[0.00 s]
0.0.N: Trace Attempt  1	[0.00 s]
0.0.N: Trace Attempt  2	[0.00 s]
0.0.N: Trace Attempt  3	[0.00 s]
0.0.N: Trace Attempt  4	[0.01 s]
0.0.N: Validation of fixpoint was successful. Time = 0.00
0.0.N: A proof was found: No trace exists. [0.01 s]
INFO (IPF057): 0.0.N: The property "descrambler.u_descrambler_sva.gen_dout_chk[12]._assert_9" was proven in 0.01 s.
0.0.N: Stopped processing property "descrambler.u_descrambler_sva.gen_dout_chk[12]._assert_9"	[0.01 s].
0.0.B: Stopped processing property "descrambler.u_descrambler_sva.gen_dout_chk[12]._assert_9"	[0.01 s].
0.0.B: Starting proof for property "descrambler.u_descrambler_sva.gen_dout_chk[13]._assert_9"	[0.00 s].
0.0.N: Starting proof for property "descrambler.u_descrambler_sva.gen_dout_chk[13]._assert_9"	[0.00 s].
0.0.B: A max_length bound was found. The shortest trace is no longer than 512 cycles. [0.00 s]
INFO (IPF008): 0.0.B: A max_length bound of 512 was found for the property "descrambler.u_descrambler_sva.gen_dout_chk[13]._assert_9" in 0.00 s.
0.0.B: Trace Attempt  1	[0.00 s]
0.0.B: Trace Attempt  2	[0.00 s]
0.0.N: Trace Attempt  1	[0.00 s]
0.0.B: Trace Attempt  3	[0.00 s]
0.0.B: Trace Attempt  4	[0.00 s]
0.0.N: Trace Attempt  2	[0.00 s]
0.0.B: Trace Attempt  5	[0.00 s]
0.0.N: Trace Attempt  2	[0.00 s]
0.0.N: Trace Attempt  3	[0.00 s]
0.0.N: Trace Attempt  3	[0.00 s]
0.0.N: Trace Attempt  4	[0.00 s]
0.0.N: Trace Attempt  5	[0.00 s]
0.0.N: Trace Attempt  1	[0.00 s]
0.0.N: Trace Attempt  2	[0.00 s]
0.0.N: Trace Attempt  3	[0.00 s]
0.0.N: Trace Attempt  4	[0.01 s]
0.0.N: Validation of fixpoint was successful. Time = 0.00
0.0.N: A proof was found: No trace exists. [0.01 s]
INFO (IPF057): 0.0.N: The property "descrambler.u_descrambler_sva.gen_dout_chk[13]._assert_9" was proven in 0.01 s.
0.0.N: Stopped processing property "descrambler.u_descrambler_sva.gen_dout_chk[13]._assert_9"	[0.01 s].
0.0.N: Starting proof for property "descrambler.u_descrambler_sva.gen_dout_chk[14]._assert_9"	[0.00 s].
0.0.B: Stopped processing property "descrambler.u_descrambler_sva.gen_dout_chk[13]._assert_9"	[0.01 s].
0.0.B: Starting proof for property "descrambler.u_descrambler_sva.gen_dout_chk[14]._assert_9"	[0.00 s].
0.0.N: Trace Attempt  1	[0.00 s]
0.0.N: A max_length bound was found. The shortest trace is no longer than 512 cycles. [0.00 s]
INFO (IPF008): 0.0.N: A max_length bound of 512 was found for the property "descrambler.u_descrambler_sva.gen_dout_chk[14]._assert_9" in 0.00 s.
0.0.B: Trace Attempt  1	[0.00 s]
0.0.B: Trace Attempt  2	[0.00 s]
0.0.B: Trace Attempt  3	[0.00 s]
0.0.N: Trace Attempt  2	[0.00 s]
0.0.B: Trace Attempt  4	[0.00 s]
0.0.N: Trace Attempt  2	[0.00 s]
0.0.B: Trace Attempt  5	[0.00 s]
0.0.N: Trace Attempt  3	[0.00 s]
0.0.N: Trace Attempt  3	[0.00 s]
0.0.N: Trace Attempt  4	[0.00 s]
0.0.N: Trace Attempt  5	[0.00 s]
0.0.N: Trace Attempt  1	[0.00 s]
0.0.N: Trace Attempt  2	[0.00 s]
0.0.N: Trace Attempt  3	[0.00 s]
0.0.N: Trace Attempt  4	[0.01 s]
0.0.N: Validation of fixpoint was successful. Time = 0.00
0.0.N: A proof was found: No trace exists. [0.01 s]
INFO (IPF057): 0.0.N: The property "descrambler.u_descrambler_sva.gen_dout_chk[14]._assert_9" was proven in 0.01 s.
0.0.N: Stopped processing property "descrambler.u_descrambler_sva.gen_dout_chk[14]._assert_9"	[0.01 s].
0.0.N: Starting proof for property "descrambler.u_descrambler_sva.gen_dout_chk[15]._assert_9"	[0.00 s].
0.0.B: Stopped processing property "descrambler.u_descrambler_sva.gen_dout_chk[14]._assert_9"	[0.01 s].
0.0.B: Starting proof for property "descrambler.u_descrambler_sva.gen_dout_chk[15]._assert_9"	[0.00 s].
0.0.N: Trace Attempt  1	[0.00 s]
0.0.N: A max_length bound was found. The shortest trace is no longer than 512 cycles. [0.00 s]
INFO (IPF008): 0.0.N: A max_length bound of 512 was found for the property "descrambler.u_descrambler_sva.gen_dout_chk[15]._assert_9" in 0.00 s.
0.0.B: Trace Attempt  1	[0.00 s]
0.0.B: Trace Attempt  2	[0.00 s]
0.0.N: Trace Attempt  2	[0.00 s]
0.0.B: Trace Attempt  3	[0.00 s]
0.0.N: Trace Attempt  2	[0.00 s]
0.0.B: Trace Attempt  4	[0.00 s]
0.0.B: Trace Attempt  5	[0.00 s]
0.0.N: Trace Attempt  3	[0.00 s]
0.0.N: Trace Attempt  3	[0.00 s]
0.0.N: Trace Attempt  4	[0.00 s]
0.0.N: Trace Attempt  5	[0.00 s]
0.0.N: Trace Attempt  1	[0.00 s]
0.0.N: Trace Attempt  2	[0.00 s]
0.0.N: Trace Attempt  3	[0.00 s]
0.0.N: Trace Attempt  4	[0.01 s]
0.0.N: Validation of fixpoint was successful. Time = 0.00
0.0.N: A proof was found: No trace exists. [0.01 s]
INFO (IPF057): 0.0.N: The property "descrambler.u_descrambler_sva.gen_dout_chk[15]._assert_9" was proven in 0.01 s.
0.0.N: Stopped processing property "descrambler.u_descrambler_sva.gen_dout_chk[15]._assert_9"	[0.01 s].
0.0.N: Starting proof for property "descrambler.u_descrambler_sva.gen_dout_chk[16]._assert_9"	[0.00 s].
0.0.B: Stopped processing property "descrambler.u_descrambler_sva.gen_dout_chk[15]._assert_9"	[0.01 s].
0.0.B: Starting proof for property "descrambler.u_descrambler_sva.gen_dout_chk[16]._assert_9"	[0.00 s].
0.0.N: Trace Attempt  1	[0.00 s]
0.0.N: A max_length bound was found. The shortest trace is no longer than 512 cycles. [0.00 s]
INFO (IPF008): 0.0.N: A max_length bound of 512 was found for the property "descrambler.u_descrambler_sva.gen_dout_chk[16]._assert_9" in 0.00 s.
0.0.B: Trace Attempt  1	[0.00 s]
0.0.B: Trace Attempt  2	[0.00 s]
0.0.N: Trace Attempt  2	[0.00 s]
0.0.B: Trace Attempt  3	[0.00 s]
0.0.N: Trace Attempt  2	[0.00 s]
0.0.B: Trace Attempt  4	[0.00 s]
0.0.B: Trace Attempt  5	[0.00 s]
0.0.N: Trace Attempt  3	[0.00 s]
0.0.N: Trace Attempt  3	[0.00 s]
0.0.N: Trace Attempt  4	[0.00 s]
0.0.N: Trace Attempt  5	[0.00 s]
0.0.N: Trace Attempt  1	[0.00 s]
0.0.N: Trace Attempt  2	[0.00 s]
0.0.N: Trace Attempt  3	[0.00 s]
0.0.N: Trace Attempt  4	[0.01 s]
0.0.N: Validation of fixpoint was successful. Time = 0.00
0.0.N: A proof was found: No trace exists. [0.01 s]
INFO (IPF057): 0.0.N: The property "descrambler.u_descrambler_sva.gen_dout_chk[16]._assert_9" was proven in 0.01 s.
0.0.N: Stopped processing property "descrambler.u_descrambler_sva.gen_dout_chk[16]._assert_9"	[0.01 s].
0.0.N: Starting proof for property "descrambler.u_descrambler_sva.gen_dout_chk[17]._assert_9"	[0.00 s].
0.0.B: Stopped processing property "descrambler.u_descrambler_sva.gen_dout_chk[16]._assert_9"	[0.01 s].
0.0.B: Starting proof for property "descrambler.u_descrambler_sva.gen_dout_chk[17]._assert_9"	[0.00 s].
0.0.B: A max_length bound was found. The shortest trace is no longer than 512 cycles. [0.00 s]
INFO (IPF008): 0.0.B: A max_length bound of 512 was found for the property "descrambler.u_descrambler_sva.gen_dout_chk[17]._assert_9" in 0.00 s.
0.0.B: Trace Attempt  1	[0.00 s]
0.0.N: Trace Attempt  1	[0.00 s]
0.0.B: Trace Attempt  2	[0.00 s]
0.0.B: Trace Attempt  3	[0.00 s]
0.0.B: Trace Attempt  4	[0.00 s]
0.0.N: Trace Attempt  2	[0.00 s]
0.0.B: Trace Attempt  5	[0.00 s]
0.0.N: Trace Attempt  2	[0.00 s]
0.0.N: Trace Attempt  3	[0.00 s]
0.0.N: Trace Attempt  3	[0.00 s]
0.0.N: Trace Attempt  4	[0.00 s]
0.0.N: Trace Attempt  5	[0.00 s]
0.0.N: Trace Attempt  1	[0.00 s]
0.0.N: Trace Attempt  2	[0.00 s]
0.0.N: Trace Attempt  3	[0.00 s]
0.0.N: Trace Attempt  4	[0.01 s]
0.0.N: Validation of fixpoint was successful. Time = 0.00
0.0.N: A proof was found: No trace exists. [0.01 s]
INFO (IPF057): 0.0.N: The property "descrambler.u_descrambler_sva.gen_dout_chk[17]._assert_9" was proven in 0.01 s.
0.0.N: Stopped processing property "descrambler.u_descrambler_sva.gen_dout_chk[17]._assert_9"	[0.01 s].
0.0.B: Stopped processing property "descrambler.u_descrambler_sva.gen_dout_chk[17]._assert_9"	[0.01 s].
0.0.B: Starting proof for property "descrambler.u_descrambler_sva.gen_dout_chk[18]._assert_9"	[0.00 s].
0.0.N: Starting proof for property "descrambler.u_descrambler_sva.gen_dout_chk[18]._assert_9"	[0.00 s].
0.0.B: A max_length bound was found. The shortest trace is no longer than 512 cycles. [0.00 s]
INFO (IPF008): 0.0.B: A max_length bound of 512 was found for the property "descrambler.u_descrambler_sva.gen_dout_chk[18]._assert_9" in 0.00 s.
0.0.B: Trace Attempt  1	[0.00 s]
0.0.B: Trace Attempt  2	[0.00 s]
0.0.N: Trace Attempt  1	[0.00 s]
0.0.B: Trace Attempt  3	[0.00 s]
0.0.B: Trace Attempt  4	[0.00 s]
0.0.N: Trace Attempt  2	[0.00 s]
0.0.B: Trace Attempt  5	[0.00 s]
0.0.N: Trace Attempt  2	[0.00 s]
0.0.N: Trace Attempt  3	[0.00 s]
0.0.N: Trace Attempt  3	[0.00 s]
0.0.N: Trace Attempt  4	[0.00 s]
0.0.N: Trace Attempt  5	[0.00 s]
0.0.N: Trace Attempt  1	[0.00 s]
0.0.N: Trace Attempt  2	[0.00 s]
0.0.N: Trace Attempt  3	[0.00 s]
0.0.N: Trace Attempt  4	[0.01 s]
0.0.N: Validation of fixpoint was successful. Time = 0.00
0.0.N: A proof was found: No trace exists. [0.01 s]
INFO (IPF057): 0.0.N: The property "descrambler.u_descrambler_sva.gen_dout_chk[18]._assert_9" was proven in 0.01 s.
0.0.N: Stopped processing property "descrambler.u_descrambler_sva.gen_dout_chk[18]._assert_9"	[0.01 s].
0.0.N: Starting proof for property "descrambler.u_descrambler_sva.gen_dout_chk[19]._assert_9"	[0.00 s].
0.0.B: Stopped processing property "descrambler.u_descrambler_sva.gen_dout_chk[18]._assert_9"	[0.01 s].
0.0.B: Starting proof for property "descrambler.u_descrambler_sva.gen_dout_chk[19]._assert_9"	[0.00 s].
0.0.B: A max_length bound was found. The shortest trace is no longer than 512 cycles. [0.00 s]
INFO (IPF008): 0.0.B: A max_length bound of 512 was found for the property "descrambler.u_descrambler_sva.gen_dout_chk[19]._assert_9" in 0.00 s.
0.0.N: Trace Attempt  1	[0.00 s]
0.0.B: Trace Attempt  1	[0.00 s]
0.0.B: Trace Attempt  2	[0.00 s]
0.0.B: Trace Attempt  3	[0.00 s]
0.0.N: Trace Attempt  2	[0.00 s]
0.0.B: Trace Attempt  4	[0.00 s]
0.0.N: Trace Attempt  2	[0.00 s]
0.0.B: Trace Attempt  5	[0.00 s]
0.0.N: Trace Attempt  3	[0.00 s]
0.0.N: Trace Attempt  3	[0.00 s]
0.0.N: Trace Attempt  4	[0.00 s]
0.0.N: Trace Attempt  5	[0.00 s]
0.0.N: Trace Attempt  1	[0.00 s]
0.0.N: Trace Attempt  2	[0.00 s]
0.0.N: Trace Attempt  3	[0.00 s]
0.0.N: Trace Attempt  4	[0.01 s]
0.0.N: Validation of fixpoint was successful. Time = 0.00
0.0.N: A proof was found: No trace exists. [0.01 s]
INFO (IPF057): 0.0.N: The property "descrambler.u_descrambler_sva.gen_dout_chk[19]._assert_9" was proven in 0.01 s.
0.0.N: Stopped processing property "descrambler.u_descrambler_sva.gen_dout_chk[19]._assert_9"	[0.01 s].
0.0.B: Stopped processing property "descrambler.u_descrambler_sva.gen_dout_chk[19]._assert_9"	[0.01 s].
0.0.B: Starting proof for property "descrambler.u_descrambler_sva.gen_dout_chk[20]._assert_9"	[0.00 s].
0.0.N: Starting proof for property "descrambler.u_descrambler_sva.gen_dout_chk[20]._assert_9"	[0.00 s].
0.0.B: A max_length bound was found. The shortest trace is no longer than 512 cycles. [0.00 s]
INFO (IPF008): 0.0.B: A max_length bound of 512 was found for the property "descrambler.u_descrambler_sva.gen_dout_chk[20]._assert_9" in 0.00 s.
0.0.B: Trace Attempt  1	[0.00 s]
0.0.N: Trace Attempt  1	[0.00 s]
0.0.B: Trace Attempt  2	[0.00 s]
0.0.B: Trace Attempt  3	[0.00 s]
0.0.B: Trace Attempt  4	[0.00 s]
0.0.N: Trace Attempt  2	[0.00 s]
0.0.B: Trace Attempt  5	[0.00 s]
0.0.N: Trace Attempt  2	[0.00 s]
0.0.N: Trace Attempt  3	[0.00 s]
0.0.N: Trace Attempt  3	[0.00 s]
0.0.N: Trace Attempt  4	[0.00 s]
0.0.N: Trace Attempt  5	[0.00 s]
0.0.N: Trace Attempt  1	[0.00 s]
0.0.N: Trace Attempt  2	[0.00 s]
0.0.N: Trace Attempt  3	[0.00 s]
0.0.N: Trace Attempt  4	[0.01 s]
0.0.N: Validation of fixpoint was successful. Time = 0.00
0.0.N: A proof was found: No trace exists. [0.01 s]
INFO (IPF057): 0.0.N: The property "descrambler.u_descrambler_sva.gen_dout_chk[20]._assert_9" was proven in 0.01 s.
0.0.N: Stopped processing property "descrambler.u_descrambler_sva.gen_dout_chk[20]._assert_9"	[0.01 s].
0.0.B: Stopped processing property "descrambler.u_descrambler_sva.gen_dout_chk[20]._assert_9"	[0.01 s].
0.0.B: Starting proof for property "descrambler.u_descrambler_sva.gen_dout_chk[21]._assert_9"	[0.00 s].
0.0.N: Starting proof for property "descrambler.u_descrambler_sva.gen_dout_chk[21]._assert_9"	[0.00 s].
0.0.B: A max_length bound was found. The shortest trace is no longer than 512 cycles. [0.00 s]
INFO (IPF008): 0.0.B: A max_length bound of 512 was found for the property "descrambler.u_descrambler_sva.gen_dout_chk[21]._assert_9" in 0.00 s.
0.0.B: Trace Attempt  1	[0.00 s]
0.0.B: Trace Attempt  2	[0.00 s]
0.0.N: Trace Attempt  1	[0.00 s]
0.0.B: Trace Attempt  3	[0.00 s]
0.0.B: Trace Attempt  4	[0.00 s]
0.0.N: Trace Attempt  2	[0.00 s]
0.0.B: Trace Attempt  5	[0.00 s]
0.0.N: Trace Attempt  2	[0.00 s]
0.0.N: Trace Attempt  3	[0.00 s]
0.0.N: Trace Attempt  3	[0.00 s]
0.0.N: Trace Attempt  4	[0.00 s]
0.0.N: Trace Attempt  5	[0.00 s]
0.0.N: Trace Attempt  1	[0.00 s]
0.0.N: Trace Attempt  2	[0.00 s]
0.0.N: Trace Attempt  3	[0.00 s]
0.0.N: Trace Attempt  4	[0.01 s]
0.0.N: Validation of fixpoint was successful. Time = 0.00
0.0.N: A proof was found: No trace exists. [0.01 s]
INFO (IPF057): 0.0.N: The property "descrambler.u_descrambler_sva.gen_dout_chk[21]._assert_9" was proven in 0.01 s.
0.0.N: Stopped processing property "descrambler.u_descrambler_sva.gen_dout_chk[21]._assert_9"	[0.01 s].
0.0.N: Starting proof for property "descrambler.u_descrambler_sva.gen_dout_chk[22]._assert_9"	[0.00 s].
0.0.B: Stopped processing property "descrambler.u_descrambler_sva.gen_dout_chk[21]._assert_9"	[0.01 s].
0.0.B: Starting proof for property "descrambler.u_descrambler_sva.gen_dout_chk[22]._assert_9"	[0.00 s].
0.0.N: Trace Attempt  1	[0.00 s]
0.0.N: A max_length bound was found. The shortest trace is no longer than 512 cycles. [0.00 s]
INFO (IPF008): 0.0.N: A max_length bound of 512 was found for the property "descrambler.u_descrambler_sva.gen_dout_chk[22]._assert_9" in 0.00 s.
0.0.B: Trace Attempt  1	[0.00 s]
0.0.B: Trace Attempt  2	[0.00 s]
0.0.B: Trace Attempt  3	[0.00 s]
0.0.N: Trace Attempt  2	[0.00 s]
0.0.B: Trace Attempt  4	[0.00 s]
0.0.N: Trace Attempt  2	[0.00 s]
0.0.B: Trace Attempt  5	[0.00 s]
0.0.N: Trace Attempt  3	[0.00 s]
0.0.N: Trace Attempt  3	[0.00 s]
0.0.N: Trace Attempt  4	[0.00 s]
0.0.N: Trace Attempt  5	[0.00 s]
0.0.N: Trace Attempt  1	[0.00 s]
0.0.N: Trace Attempt  2	[0.00 s]
0.0.N: Trace Attempt  3	[0.00 s]
0.0.N: Trace Attempt  4	[0.01 s]
0.0.N: Validation of fixpoint was successful. Time = 0.00
0.0.N: A proof was found: No trace exists. [0.01 s]
INFO (IPF057): 0.0.N: The property "descrambler.u_descrambler_sva.gen_dout_chk[22]._assert_9" was proven in 0.01 s.
0.0.N: Stopped processing property "descrambler.u_descrambler_sva.gen_dout_chk[22]._assert_9"	[0.01 s].
0.0.B: Stopped processing property "descrambler.u_descrambler_sva.gen_dout_chk[22]._assert_9"	[0.01 s].
0.0.B: Starting proof for property "descrambler.u_descrambler_sva.gen_dout_chk[23]._assert_9"	[0.00 s].
0.0.N: Starting proof for property "descrambler.u_descrambler_sva.gen_dout_chk[23]._assert_9"	[0.00 s].
0.0.B: A max_length bound was found. The shortest trace is no longer than 512 cycles. [0.00 s]
INFO (IPF008): 0.0.B: A max_length bound of 512 was found for the property "descrambler.u_descrambler_sva.gen_dout_chk[23]._assert_9" in 0.00 s.
0.0.B: Trace Attempt  1	[0.00 s]
0.0.B: Trace Attempt  2	[0.00 s]
0.0.N: Trace Attempt  1	[0.00 s]
0.0.B: Trace Attempt  3	[0.00 s]
0.0.B: Trace Attempt  4	[0.00 s]
0.0.N: Trace Attempt  2	[0.00 s]
0.0.B: Trace Attempt  5	[0.00 s]
0.0.N: Trace Attempt  2	[0.00 s]
0.0.N: Trace Attempt  3	[0.00 s]
0.0.N: Trace Attempt  3	[0.00 s]
0.0.N: Trace Attempt  4	[0.00 s]
0.0.N: Trace Attempt  5	[0.00 s]
0.0.N: Trace Attempt  1	[0.00 s]
0.0.N: Trace Attempt  2	[0.00 s]
0.0.N: Trace Attempt  3	[0.00 s]
0.0.N: Trace Attempt  4	[0.01 s]
0.0.N: Validation of fixpoint was successful. Time = 0.00
0.0.N: A proof was found: No trace exists. [0.01 s]
INFO (IPF057): 0.0.N: The property "descrambler.u_descrambler_sva.gen_dout_chk[23]._assert_9" was proven in 0.01 s.
0.0.N: Stopped processing property "descrambler.u_descrambler_sva.gen_dout_chk[23]._assert_9"	[0.01 s].
0.0.N: Starting proof for property "descrambler.u_descrambler_sva.gen_dout_chk[24]._assert_9"	[0.00 s].
0.0.B: Stopped processing property "descrambler.u_descrambler_sva.gen_dout_chk[23]._assert_9"	[0.01 s].
0.0.B: Starting proof for property "descrambler.u_descrambler_sva.gen_dout_chk[24]._assert_9"	[0.00 s].
0.0.N: Trace Attempt  1	[0.00 s]
0.0.B: A max_length bound was found. The shortest trace is no longer than 512 cycles. [0.00 s]
INFO (IPF008): 0.0.B: A max_length bound of 512 was found for the property "descrambler.u_descrambler_sva.gen_dout_chk[24]._assert_9" in 0.00 s.
0.0.B: Trace Attempt  1	[0.00 s]
0.0.B: Trace Attempt  2	[0.00 s]
0.0.B: Trace Attempt  3	[0.00 s]
0.0.N: Trace Attempt  2	[0.00 s]
0.0.B: Trace Attempt  4	[0.00 s]
0.0.N: Trace Attempt  2	[0.00 s]
0.0.B: Trace Attempt  5	[0.00 s]
0.0.N: Trace Attempt  3	[0.00 s]
0.0.N: Trace Attempt  3	[0.00 s]
0.0.N: Trace Attempt  4	[0.00 s]
0.0.N: Trace Attempt  5	[0.00 s]
0.0.N: Trace Attempt  1	[0.00 s]
0.0.N: Trace Attempt  2	[0.00 s]
0.0.N: Trace Attempt  3	[0.00 s]
0.0.N: Trace Attempt  4	[0.01 s]
0.0.N: Validation of fixpoint was successful. Time = 0.00
0.0.N: A proof was found: No trace exists. [0.01 s]
INFO (IPF057): 0.0.N: The property "descrambler.u_descrambler_sva.gen_dout_chk[24]._assert_9" was proven in 0.01 s.
0.0.N: Stopped processing property "descrambler.u_descrambler_sva.gen_dout_chk[24]._assert_9"	[0.01 s].
0.0.N: Starting proof for property "descrambler.u_descrambler_sva.gen_dout_chk[25]._assert_9"	[0.00 s].
0.0.B: Stopped processing property "descrambler.u_descrambler_sva.gen_dout_chk[24]._assert_9"	[0.01 s].
0.0.B: Starting proof for property "descrambler.u_descrambler_sva.gen_dout_chk[25]._assert_9"	[0.00 s].
0.0.B: A max_length bound was found. The shortest trace is no longer than 512 cycles. [0.00 s]
INFO (IPF008): 0.0.B: A max_length bound of 512 was found for the property "descrambler.u_descrambler_sva.gen_dout_chk[25]._assert_9" in 0.00 s.
0.0.B: Trace Attempt  1	[0.00 s]
0.0.N: Trace Attempt  1	[0.00 s]
0.0.B: Trace Attempt  2	[0.00 s]
0.0.B: Trace Attempt  3	[0.00 s]
0.0.B: Trace Attempt  4	[0.00 s]
0.0.N: Trace Attempt  2	[0.00 s]
0.0.B: Trace Attempt  5	[0.00 s]
0.0.N: Trace Attempt  2	[0.00 s]
0.0.N: Trace Attempt  3	[0.00 s]
0.0.N: Trace Attempt  3	[0.00 s]
0.0.N: Trace Attempt  4	[0.00 s]
0.0.N: Trace Attempt  5	[0.00 s]
0.0.N: Trace Attempt  1	[0.00 s]
0.0.N: Trace Attempt  2	[0.00 s]
0.0.N: Trace Attempt  3	[0.00 s]
0.0.N: Trace Attempt  4	[0.01 s]
0.0.N: Validation of fixpoint was successful. Time = 0.00
0.0.N: A proof was found: No trace exists. [0.01 s]
INFO (IPF057): 0.0.N: The property "descrambler.u_descrambler_sva.gen_dout_chk[25]._assert_9" was proven in 0.01 s.
0.0.N: Stopped processing property "descrambler.u_descrambler_sva.gen_dout_chk[25]._assert_9"	[0.01 s].
0.0.N: Starting proof for property "descrambler.u_descrambler_sva.gen_dout_chk[26]._assert_9"	[0.00 s].
0.0.B: Stopped processing property "descrambler.u_descrambler_sva.gen_dout_chk[25]._assert_9"	[0.01 s].
0.0.B: Starting proof for property "descrambler.u_descrambler_sva.gen_dout_chk[26]._assert_9"	[0.00 s].
0.0.B: A max_length bound was found. The shortest trace is no longer than 512 cycles. [0.00 s]
INFO (IPF008): 0.0.B: A max_length bound of 512 was found for the property "descrambler.u_descrambler_sva.gen_dout_chk[26]._assert_9" in 0.00 s.
0.0.N: Trace Attempt  1	[0.00 s]
0.0.B: Trace Attempt  1	[0.00 s]
0.0.B: Trace Attempt  2	[0.00 s]
0.0.B: Trace Attempt  3	[0.00 s]
0.0.N: Trace Attempt  2	[0.00 s]
0.0.B: Trace Attempt  4	[0.00 s]
0.0.N: Trace Attempt  2	[0.00 s]
0.0.B: Trace Attempt  5	[0.00 s]
0.0.N: Trace Attempt  3	[0.00 s]
0.0.N: Trace Attempt  3	[0.00 s]
0.0.N: Trace Attempt  4	[0.00 s]
0.0.N: Trace Attempt  5	[0.00 s]
0.0.N: Trace Attempt  1	[0.00 s]
0.0.N: Trace Attempt  2	[0.00 s]
0.0.N: Trace Attempt  3	[0.00 s]
0.0.N: Trace Attempt  4	[0.01 s]
0.0.N: Validation of fixpoint was successful. Time = 0.00
0.0.N: A proof was found: No trace exists. [0.01 s]
INFO (IPF057): 0.0.N: The property "descrambler.u_descrambler_sva.gen_dout_chk[26]._assert_9" was proven in 0.01 s.
0.0.N: Stopped processing property "descrambler.u_descrambler_sva.gen_dout_chk[26]._assert_9"	[0.01 s].
0.0.N: Starting proof for property "descrambler.u_descrambler_sva.gen_dout_chk[27]._assert_9"	[0.00 s].
0.0.B: Stopped processing property "descrambler.u_descrambler_sva.gen_dout_chk[26]._assert_9"	[0.01 s].
0.0.B: Starting proof for property "descrambler.u_descrambler_sva.gen_dout_chk[27]._assert_9"	[0.00 s].
0.0.B: A max_length bound was found. The shortest trace is no longer than 512 cycles. [0.00 s]
INFO (IPF008): 0.0.B: A max_length bound of 512 was found for the property "descrambler.u_descrambler_sva.gen_dout_chk[27]._assert_9" in 0.00 s.
0.0.N: Trace Attempt  1	[0.00 s]
0.0.B: Trace Attempt  1	[0.00 s]
0.0.B: Trace Attempt  2	[0.00 s]
0.0.B: Trace Attempt  3	[0.00 s]
0.0.N: Trace Attempt  2	[0.00 s]
0.0.B: Trace Attempt  4	[0.00 s]
0.0.B: Trace Attempt  5	[0.00 s]
0.0.N: Trace Attempt  2	[0.00 s]
0.0.N: Trace Attempt  3	[0.00 s]
0.0.N: Trace Attempt  3	[0.00 s]
0.0.N: Trace Attempt  4	[0.00 s]
0.0.N: Trace Attempt  5	[0.00 s]
0.0.N: Trace Attempt  1	[0.00 s]
0.0.N: Trace Attempt  2	[0.00 s]
0.0.N: Trace Attempt  3	[0.00 s]
0.0.N: Trace Attempt  4	[0.01 s]
0.0.N: Validation of fixpoint was successful. Time = 0.00
0.0.N: A proof was found: No trace exists. [0.01 s]
INFO (IPF057): 0.0.N: The property "descrambler.u_descrambler_sva.gen_dout_chk[27]._assert_9" was proven in 0.01 s.
0.0.N: Stopped processing property "descrambler.u_descrambler_sva.gen_dout_chk[27]._assert_9"	[0.01 s].
0.0.N: Starting proof for property "descrambler.u_descrambler_sva.gen_dout_chk[28]._assert_9"	[0.00 s].
0.0.B: Stopped processing property "descrambler.u_descrambler_sva.gen_dout_chk[27]._assert_9"	[0.01 s].
0.0.B: Starting proof for property "descrambler.u_descrambler_sva.gen_dout_chk[28]._assert_9"	[0.00 s].
0.0.N: Trace Attempt  1	[0.00 s]
0.0.B: A max_length bound was found. The shortest trace is no longer than 512 cycles. [0.00 s]
INFO (IPF008): 0.0.B: A max_length bound of 512 was found for the property "descrambler.u_descrambler_sva.gen_dout_chk[28]._assert_9" in 0.00 s.
0.0.B: Trace Attempt  1	[0.00 s]
0.0.B: Trace Attempt  2	[0.00 s]
0.0.B: Trace Attempt  3	[0.00 s]
0.0.N: Trace Attempt  2	[0.00 s]
0.0.B: Trace Attempt  4	[0.00 s]
0.0.B: Trace Attempt  5	[0.00 s]
0.0.N: Trace Attempt  2	[0.00 s]
0.0.N: Trace Attempt  3	[0.00 s]
0.0.N: Trace Attempt  3	[0.00 s]
0.0.N: Trace Attempt  4	[0.00 s]
0.0.N: Trace Attempt  5	[0.00 s]
0.0.N: Trace Attempt  1	[0.00 s]
0.0.N: Trace Attempt  2	[0.00 s]
0.0.N: Trace Attempt  3	[0.00 s]
0.0.N: Trace Attempt  4	[0.01 s]
0.0.N: Validation of fixpoint was successful. Time = 0.00
0.0.N: A proof was found: No trace exists. [0.01 s]
INFO (IPF057): 0.0.N: The property "descrambler.u_descrambler_sva.gen_dout_chk[28]._assert_9" was proven in 0.01 s.
0.0.N: Stopped processing property "descrambler.u_descrambler_sva.gen_dout_chk[28]._assert_9"	[0.01 s].
0.0.N: Starting proof for property "descrambler.u_descrambler_sva.gen_dout_chk[29]._assert_9"	[0.00 s].
0.0.B: Stopped processing property "descrambler.u_descrambler_sva.gen_dout_chk[28]._assert_9"	[0.01 s].
0.0.B: Starting proof for property "descrambler.u_descrambler_sva.gen_dout_chk[29]._assert_9"	[0.00 s].
0.0.B: A max_length bound was found. The shortest trace is no longer than 512 cycles. [0.00 s]
INFO (IPF008): 0.0.B: A max_length bound of 512 was found for the property "descrambler.u_descrambler_sva.gen_dout_chk[29]._assert_9" in 0.00 s.
0.0.N: Trace Attempt  1	[0.00 s]
0.0.B: Trace Attempt  1	[0.00 s]
0.0.B: Trace Attempt  2	[0.00 s]
0.0.B: Trace Attempt  3	[0.00 s]
0.0.N: Trace Attempt  2	[0.00 s]
0.0.B: Trace Attempt  4	[0.00 s]
0.0.B: Trace Attempt  5	[0.00 s]
0.0.N: Trace Attempt  2	[0.00 s]
0.0.N: Trace Attempt  3	[0.00 s]
0.0.N: Trace Attempt  3	[0.00 s]
0.0.N: Trace Attempt  4	[0.00 s]
0.0.N: Trace Attempt  5	[0.00 s]
0.0.N: Trace Attempt  1	[0.00 s]
0.0.N: Trace Attempt  2	[0.00 s]
0.0.N: Trace Attempt  3	[0.00 s]
0.0.N: Trace Attempt  4	[0.01 s]
0.0.N: Validation of fixpoint was successful. Time = 0.00
0.0.N: A proof was found: No trace exists. [0.01 s]
INFO (IPF057): 0.0.N: The property "descrambler.u_descrambler_sva.gen_dout_chk[29]._assert_9" was proven in 0.01 s.
0.0.N: Stopped processing property "descrambler.u_descrambler_sva.gen_dout_chk[29]._assert_9"	[0.01 s].
0.0.N: Starting proof for property "descrambler.u_descrambler_sva.gen_dout_chk[30]._assert_9"	[0.00 s].
0.0.B: Stopped processing property "descrambler.u_descrambler_sva.gen_dout_chk[29]._assert_9"	[0.01 s].
0.0.B: Starting proof for property "descrambler.u_descrambler_sva.gen_dout_chk[30]._assert_9"	[0.00 s].
0.0.N: Trace Attempt  1	[0.00 s]
0.0.B: A max_length bound was found. The shortest trace is no longer than 512 cycles. [0.00 s]
INFO (IPF008): 0.0.B: A max_length bound of 512 was found for the property "descrambler.u_descrambler_sva.gen_dout_chk[30]._assert_9" in 0.00 s.
0.0.B: Trace Attempt  1	[0.00 s]
0.0.B: Trace Attempt  2	[0.00 s]
0.0.B: Trace Attempt  3	[0.00 s]
0.0.N: Trace Attempt  2	[0.00 s]
0.0.B: Trace Attempt  4	[0.00 s]
0.0.B: Trace Attempt  5	[0.00 s]
0.0.N: Trace Attempt  2	[0.00 s]
0.0.N: Trace Attempt  3	[0.00 s]
0.0.N: Trace Attempt  3	[0.00 s]
0.0.N: Trace Attempt  4	[0.00 s]
0.0.N: Trace Attempt  5	[0.00 s]
0.0.N: Trace Attempt  1	[0.00 s]
0.0.N: Trace Attempt  2	[0.00 s]
0.0.N: Trace Attempt  3	[0.00 s]
0.0.N: Trace Attempt  4	[0.01 s]
0.0.N: Validation of fixpoint was successful. Time = 0.00
0.0.N: A proof was found: No trace exists. [0.01 s]
INFO (IPF057): 0.0.N: The property "descrambler.u_descrambler_sva.gen_dout_chk[30]._assert_9" was proven in 0.01 s.
0.0.N: Stopped processing property "descrambler.u_descrambler_sva.gen_dout_chk[30]._assert_9"	[0.01 s].
0.0.B: Stopped processing property "descrambler.u_descrambler_sva.gen_dout_chk[30]._assert_9"	[0.01 s].
0.0.B: Starting proof for property "descrambler.u_descrambler_sva.gen_dout_chk[31]._assert_9"	[0.00 s].
0.0.N: Starting proof for property "descrambler.u_descrambler_sva.gen_dout_chk[31]._assert_9"	[0.00 s].
0.0.B: A max_length bound was found. The shortest trace is no longer than 512 cycles. [0.00 s]
INFO (IPF008): 0.0.B: A max_length bound of 512 was found for the property "descrambler.u_descrambler_sva.gen_dout_chk[31]._assert_9" in 0.00 s.
0.0.B: Trace Attempt  1	[0.00 s]
0.0.B: Trace Attempt  2	[0.00 s]
0.0.N: Trace Attempt  1	[0.00 s]
0.0.B: Trace Attempt  3	[0.00 s]
0.0.B: Trace Attempt  4	[0.00 s]
0.0.N: Trace Attempt  2	[0.00 s]
0.0.B: Trace Attempt  5	[0.00 s]
0.0.N: Trace Attempt  2	[0.00 s]
0.0.N: Trace Attempt  3	[0.00 s]
0.0.N: Trace Attempt  3	[0.00 s]
0.0.N: Trace Attempt  4	[0.00 s]
0.0.N: Trace Attempt  5	[0.00 s]
0.0.N: Trace Attempt  1	[0.00 s]
0.0.N: Trace Attempt  2	[0.00 s]
0.0.N: Trace Attempt  3	[0.00 s]
0.0.N: Trace Attempt  4	[0.01 s]
0.0.N: Validation of fixpoint was successful. Time = 0.00
0.0.N: A proof was found: No trace exists. [0.01 s]
INFO (IPF057): 0.0.N: The property "descrambler.u_descrambler_sva.gen_dout_chk[31]._assert_9" was proven in 0.01 s.
0.0.N: Stopped processing property "descrambler.u_descrambler_sva.gen_dout_chk[31]._assert_9"	[0.01 s].
0.0.B: Stopped processing property "descrambler.u_descrambler_sva.gen_dout_chk[31]._assert_9"	[0.01 s].
0.0.B: Starting proof for property "descrambler.u_descrambler_sva.gen_dout_chk[32]._assert_9"	[0.00 s].
0.0.N: Starting proof for property "descrambler.u_descrambler_sva.gen_dout_chk[32]._assert_9"	[0.00 s].
0.0.B: A max_length bound was found. The shortest trace is no longer than 512 cycles. [0.00 s]
INFO (IPF008): 0.0.B: A max_length bound of 512 was found for the property "descrambler.u_descrambler_sva.gen_dout_chk[32]._assert_9" in 0.00 s.
0.0.B: Trace Attempt  1	[0.00 s]
0.0.B: Trace Attempt  2	[0.00 s]
0.0.N: Trace Attempt  1	[0.00 s]
0.0.B: Trace Attempt  3	[0.00 s]
0.0.B: Trace Attempt  4	[0.00 s]
0.0.N: Trace Attempt  2	[0.00 s]
0.0.B: Trace Attempt  5	[0.00 s]
0.0.N: Trace Attempt  2	[0.00 s]
0.0.N: Trace Attempt  3	[0.00 s]
0.0.N: Trace Attempt  3	[0.00 s]
0.0.N: Trace Attempt  4	[0.00 s]
0.0.N: Trace Attempt  5	[0.00 s]
0.0.N: Trace Attempt  1	[0.00 s]
0.0.N: Trace Attempt  2	[0.00 s]
0.0.N: Trace Attempt  3	[0.00 s]
0.0.N: Trace Attempt  4	[0.01 s]
0.0.N: Validation of fixpoint was successful. Time = 0.00
0.0.N: A proof was found: No trace exists. [0.01 s]
INFO (IPF057): 0.0.N: The property "descrambler.u_descrambler_sva.gen_dout_chk[32]._assert_9" was proven in 0.01 s.
0.0.N: Stopped processing property "descrambler.u_descrambler_sva.gen_dout_chk[32]._assert_9"	[0.01 s].
0.0.N: Starting proof for property "descrambler.u_descrambler_sva.gen_dout_chk[33]._assert_9"	[0.00 s].
0.0.B: Stopped processing property "descrambler.u_descrambler_sva.gen_dout_chk[32]._assert_9"	[0.01 s].
0.0.B: Starting proof for property "descrambler.u_descrambler_sva.gen_dout_chk[33]._assert_9"	[0.00 s].
0.0.B: A max_length bound was found. The shortest trace is no longer than 512 cycles. [0.00 s]
INFO (IPF008): 0.0.B: A max_length bound of 512 was found for the property "descrambler.u_descrambler_sva.gen_dout_chk[33]._assert_9" in 0.00 s.
0.0.N: Trace Attempt  1	[0.00 s]
0.0.B: Trace Attempt  1	[0.00 s]
0.0.B: Trace Attempt  2	[0.00 s]
0.0.B: Trace Attempt  3	[0.00 s]
0.0.B: Trace Attempt  4	[0.00 s]
0.0.N: Trace Attempt  2	[0.00 s]
0.0.B: Trace Attempt  5	[0.00 s]
0.0.N: Trace Attempt  2	[0.00 s]
0.0.N: Trace Attempt  3	[0.00 s]
0.0.N: Trace Attempt  3	[0.00 s]
0.0.N: Trace Attempt  4	[0.00 s]
0.0.N: Trace Attempt  5	[0.00 s]
0.0.N: Trace Attempt  1	[0.00 s]
0.0.N: Trace Attempt  2	[0.00 s]
0.0.N: Trace Attempt  3	[0.00 s]
0.0.N: Trace Attempt  4	[0.01 s]
0.0.N: Validation of fixpoint was successful. Time = 0.00
0.0.N: A proof was found: No trace exists. [0.01 s]
INFO (IPF057): 0.0.N: The property "descrambler.u_descrambler_sva.gen_dout_chk[33]._assert_9" was proven in 0.01 s.
0.0.N: Stopped processing property "descrambler.u_descrambler_sva.gen_dout_chk[33]._assert_9"	[0.01 s].
0.0.B: Stopped processing property "descrambler.u_descrambler_sva.gen_dout_chk[33]._assert_9"	[0.01 s].
0.0.B: Starting proof for property "descrambler.u_descrambler_sva.gen_dout_chk[34]._assert_9"	[0.00 s].
0.0.N: Starting proof for property "descrambler.u_descrambler_sva.gen_dout_chk[34]._assert_9"	[0.00 s].
0.0.B: A max_length bound was found. The shortest trace is no longer than 512 cycles. [0.00 s]
INFO (IPF008): 0.0.B: A max_length bound of 512 was found for the property "descrambler.u_descrambler_sva.gen_dout_chk[34]._assert_9" in 0.00 s.
0.0.B: Trace Attempt  1	[0.00 s]
0.0.B: Trace Attempt  2	[0.00 s]
0.0.N: Trace Attempt  1	[0.00 s]
0.0.B: Trace Attempt  3	[0.00 s]
0.0.B: Trace Attempt  4	[0.00 s]
0.0.N: Trace Attempt  2	[0.00 s]
0.0.B: Trace Attempt  5	[0.00 s]
0.0.N: Trace Attempt  2	[0.00 s]
0.0.N: Trace Attempt  3	[0.00 s]
0.0.N: Trace Attempt  3	[0.00 s]
0.0.N: Trace Attempt  4	[0.00 s]
0.0.N: Trace Attempt  5	[0.00 s]
0.0.N: Trace Attempt  1	[0.00 s]
0.0.N: Trace Attempt  2	[0.00 s]
0.0.N: Trace Attempt  3	[0.00 s]
0.0.N: Trace Attempt  4	[0.01 s]
0.0.N: Validation of fixpoint was successful. Time = 0.00
0.0.N: A proof was found: No trace exists. [0.01 s]
INFO (IPF057): 0.0.N: The property "descrambler.u_descrambler_sva.gen_dout_chk[34]._assert_9" was proven in 0.01 s.
0.0.N: Stopped processing property "descrambler.u_descrambler_sva.gen_dout_chk[34]._assert_9"	[0.01 s].
0.0.N: Starting proof for property "descrambler.u_descrambler_sva.gen_dout_chk[35]._assert_9"	[0.00 s].
0.0.B: Stopped processing property "descrambler.u_descrambler_sva.gen_dout_chk[34]._assert_9"	[0.01 s].
0.0.B: Starting proof for property "descrambler.u_descrambler_sva.gen_dout_chk[35]._assert_9"	[0.00 s].
0.0.B: A max_length bound was found. The shortest trace is no longer than 512 cycles. [0.00 s]
INFO (IPF008): 0.0.B: A max_length bound of 512 was found for the property "descrambler.u_descrambler_sva.gen_dout_chk[35]._assert_9" in 0.00 s.
0.0.B: Trace Attempt  1	[0.00 s]
0.0.B: Trace Attempt  2	[0.00 s]
0.0.N: Trace Attempt  1	[0.00 s]
0.0.B: Trace Attempt  3	[0.00 s]
0.0.B: Trace Attempt  4	[0.00 s]
0.0.N: Trace Attempt  2	[0.00 s]
0.0.B: Trace Attempt  5	[0.00 s]
0.0.N: Trace Attempt  2	[0.00 s]
0.0.N: Trace Attempt  3	[0.00 s]
0.0.N: Trace Attempt  3	[0.00 s]
0.0.N: Trace Attempt  4	[0.00 s]
0.0.N: Trace Attempt  5	[0.00 s]
0.0.N: Trace Attempt  1	[0.00 s]
0.0.N: Trace Attempt  2	[0.00 s]
0.0.N: Trace Attempt  3	[0.00 s]
0.0.N: Trace Attempt  4	[0.01 s]
0.0.N: Validation of fixpoint was successful. Time = 0.00
0.0.N: A proof was found: No trace exists. [0.01 s]
INFO (IPF057): 0.0.N: The property "descrambler.u_descrambler_sva.gen_dout_chk[35]._assert_9" was proven in 0.01 s.
0.0.N: Stopped processing property "descrambler.u_descrambler_sva.gen_dout_chk[35]._assert_9"	[0.01 s].
0.0.B: Stopped processing property "descrambler.u_descrambler_sva.gen_dout_chk[35]._assert_9"	[0.01 s].
0.0.B: Starting proof for property "descrambler.u_descrambler_sva.gen_dout_chk[36]._assert_9"	[0.00 s].
0.0.N: Starting proof for property "descrambler.u_descrambler_sva.gen_dout_chk[36]._assert_9"	[0.00 s].
0.0.B: A max_length bound was found. The shortest trace is no longer than 512 cycles. [0.00 s]
INFO (IPF008): 0.0.B: A max_length bound of 512 was found for the property "descrambler.u_descrambler_sva.gen_dout_chk[36]._assert_9" in 0.00 s.
0.0.B: Trace Attempt  1	[0.00 s]
0.0.B: Trace Attempt  2	[0.00 s]
0.0.N: Trace Attempt  1	[0.00 s]
0.0.B: Trace Attempt  3	[0.00 s]
0.0.B: Trace Attempt  4	[0.00 s]
0.0.N: Trace Attempt  2	[0.00 s]
0.0.B: Trace Attempt  5	[0.00 s]
0.0.N: Trace Attempt  2	[0.00 s]
0.0.N: Trace Attempt  3	[0.00 s]
0.0.N: Trace Attempt  3	[0.00 s]
0.0.N: Trace Attempt  4	[0.00 s]
0.0.N: Trace Attempt  5	[0.00 s]
0.0.N: Trace Attempt  1	[0.00 s]
0.0.N: Trace Attempt  2	[0.00 s]
0.0.N: Trace Attempt  3	[0.00 s]
0.0.N: Trace Attempt  4	[0.01 s]
0.0.N: Validation of fixpoint was successful. Time = 0.00
0.0.N: A proof was found: No trace exists. [0.01 s]
INFO (IPF057): 0.0.N: The property "descrambler.u_descrambler_sva.gen_dout_chk[36]._assert_9" was proven in 0.01 s.
0.0.N: Stopped processing property "descrambler.u_descrambler_sva.gen_dout_chk[36]._assert_9"	[0.01 s].
0.0.N: Starting proof for property "descrambler.u_descrambler_sva.gen_dout_chk[37]._assert_9"	[0.00 s].
0.0.B: Stopped processing property "descrambler.u_descrambler_sva.gen_dout_chk[36]._assert_9"	[0.01 s].
0.0.B: Starting proof for property "descrambler.u_descrambler_sva.gen_dout_chk[37]._assert_9"	[0.00 s].
0.0.N: Trace Attempt  1	[0.00 s]
0.0.B: A max_length bound was found. The shortest trace is no longer than 512 cycles. [0.00 s]
INFO (IPF008): 0.0.B: A max_length bound of 512 was found for the property "descrambler.u_descrambler_sva.gen_dout_chk[37]._assert_9" in 0.00 s.
0.0.B: Trace Attempt  1	[0.00 s]
0.0.B: Trace Attempt  2	[0.00 s]
0.0.B: Trace Attempt  3	[0.00 s]
0.0.N: Trace Attempt  2	[0.00 s]
0.0.B: Trace Attempt  4	[0.00 s]
0.0.B: Trace Attempt  5	[0.00 s]
0.0.N: Trace Attempt  2	[0.00 s]
0.0.N: Trace Attempt  3	[0.00 s]
0.0.N: Trace Attempt  3	[0.00 s]
0.0.N: Trace Attempt  4	[0.00 s]
0.0.N: Trace Attempt  5	[0.00 s]
0.0.N: Trace Attempt  1	[0.00 s]
0.0.N: Trace Attempt  2	[0.00 s]
0.0.N: Trace Attempt  3	[0.00 s]
0.0.N: Trace Attempt  4	[0.01 s]
0.0.N: Validation of fixpoint was successful. Time = 0.00
0.0.N: A proof was found: No trace exists. [0.01 s]
INFO (IPF057): 0.0.N: The property "descrambler.u_descrambler_sva.gen_dout_chk[37]._assert_9" was proven in 0.01 s.
0.0.N: Stopped processing property "descrambler.u_descrambler_sva.gen_dout_chk[37]._assert_9"	[0.01 s].
0.0.N: Starting proof for property "descrambler.u_descrambler_sva.gen_dout_chk[38]._assert_9"	[0.00 s].
0.0.B: Stopped processing property "descrambler.u_descrambler_sva.gen_dout_chk[37]._assert_9"	[0.01 s].
0.0.B: Starting proof for property "descrambler.u_descrambler_sva.gen_dout_chk[38]._assert_9"	[0.00 s].
0.0.B: A max_length bound was found. The shortest trace is no longer than 512 cycles. [0.00 s]
INFO (IPF008): 0.0.B: A max_length bound of 512 was found for the property "descrambler.u_descrambler_sva.gen_dout_chk[38]._assert_9" in 0.00 s.
0.0.B: Trace Attempt  1	[0.00 s]
0.0.N: Trace Attempt  1	[0.00 s]
0.0.B: Trace Attempt  2	[0.00 s]
0.0.B: Trace Attempt  3	[0.00 s]
0.0.N: Trace Attempt  2	[0.00 s]
0.0.B: Trace Attempt  4	[0.00 s]
0.0.B: Trace Attempt  5	[0.00 s]
0.0.N: Trace Attempt  2	[0.00 s]
0.0.N: Trace Attempt  3	[0.00 s]
0.0.N: Trace Attempt  3	[0.00 s]
0.0.N: Trace Attempt  4	[0.00 s]
0.0.N: Trace Attempt  5	[0.00 s]
0.0.N: Trace Attempt  1	[0.00 s]
0.0.N: Trace Attempt  2	[0.00 s]
0.0.N: Trace Attempt  3	[0.00 s]
0.0.N: Trace Attempt  4	[0.01 s]
0.0.N: Validation of fixpoint was successful. Time = 0.00
0.0.N: A proof was found: No trace exists. [0.01 s]
INFO (IPF057): 0.0.N: The property "descrambler.u_descrambler_sva.gen_dout_chk[38]._assert_9" was proven in 0.01 s.
0.0.N: Stopped processing property "descrambler.u_descrambler_sva.gen_dout_chk[38]._assert_9"	[0.01 s].
0.0.N: Starting proof for property "descrambler.u_descrambler_sva.gen_dout_chk[39]._assert_9"	[0.00 s].
0.0.B: Stopped processing property "descrambler.u_descrambler_sva.gen_dout_chk[38]._assert_9"	[0.01 s].
0.0.B: Starting proof for property "descrambler.u_descrambler_sva.gen_dout_chk[39]._assert_9"	[0.00 s].
0.0.B: A max_length bound was found. The shortest trace is no longer than 256 cycles. [0.00 s]
INFO (IPF008): 0.0.B: A max_length bound of 256 was found for the property "descrambler.u_descrambler_sva.gen_dout_chk[39]._assert_9" in 0.00 s.
0.0.B: Trace Attempt  1	[0.00 s]
0.0.N: Trace Attempt  1	[0.00 s]
0.0.B: Trace Attempt  2	[0.00 s]
0.0.B: Trace Attempt  3	[0.00 s]
0.0.B: Trace Attempt  4	[0.00 s]
0.0.N: Trace Attempt  2	[0.00 s]
0.0.B: Trace Attempt  5	[0.00 s]
0.0.N: Trace Attempt  2	[0.00 s]
0.0.N: Trace Attempt  3	[0.00 s]
0.0.N: Trace Attempt  3	[0.00 s]
0.0.N: Trace Attempt  4	[0.00 s]
0.0.N: Trace Attempt  5	[0.00 s]
0.0.N: Trace Attempt  1	[0.00 s]
0.0.N: Trace Attempt  2	[0.00 s]
0.0.N: Trace Attempt  3	[0.00 s]
0.0.N: Trace Attempt  4	[0.01 s]
0.0.N: Validation of fixpoint was successful. Time = 0.00
0.0.N: A proof was found: No trace exists. [0.01 s]
INFO (IPF057): 0.0.N: The property "descrambler.u_descrambler_sva.gen_dout_chk[39]._assert_9" was proven in 0.01 s.
0.0.N: Stopped processing property "descrambler.u_descrambler_sva.gen_dout_chk[39]._assert_9"	[0.01 s].
0.0.N: Starting proof for property "descrambler.u_descrambler_sva.gen_dout_chk[40]._assert_9"	[0.00 s].
0.0.B: Stopped processing property "descrambler.u_descrambler_sva.gen_dout_chk[39]._assert_9"	[0.01 s].
0.0.B: Starting proof for property "descrambler.u_descrambler_sva.gen_dout_chk[40]._assert_9"	[0.00 s].
0.0.B: A max_length bound was found. The shortest trace is no longer than 256 cycles. [0.00 s]
INFO (IPF008): 0.0.B: A max_length bound of 256 was found for the property "descrambler.u_descrambler_sva.gen_dout_chk[40]._assert_9" in 0.00 s.
0.0.B: Trace Attempt  1	[0.00 s]
0.0.N: Trace Attempt  1	[0.00 s]
0.0.B: Trace Attempt  2	[0.00 s]
0.0.B: Trace Attempt  3	[0.00 s]
0.0.B: Trace Attempt  4	[0.00 s]
0.0.N: Trace Attempt  2	[0.00 s]
0.0.B: Trace Attempt  5	[0.00 s]
0.0.N: Trace Attempt  2	[0.00 s]
0.0.N: Trace Attempt  3	[0.00 s]
0.0.N: Trace Attempt  3	[0.00 s]
0.0.N: Trace Attempt  4	[0.00 s]
0.0.N: Trace Attempt  5	[0.00 s]
0.0.N: Trace Attempt  1	[0.00 s]
0.0.N: Trace Attempt  2	[0.00 s]
0.0.N: Trace Attempt  3	[0.00 s]
0.0.N: Trace Attempt  4	[0.01 s]
0.0.N: Validation of fixpoint was successful. Time = 0.00
0.0.N: A proof was found: No trace exists. [0.01 s]
INFO (IPF057): 0.0.N: The property "descrambler.u_descrambler_sva.gen_dout_chk[40]._assert_9" was proven in 0.01 s.
0.0.N: Stopped processing property "descrambler.u_descrambler_sva.gen_dout_chk[40]._assert_9"	[0.01 s].
0.0.N: Starting proof for property "descrambler.u_descrambler_sva.gen_dout_chk[41]._assert_9"	[0.00 s].
0.0.B: Stopped processing property "descrambler.u_descrambler_sva.gen_dout_chk[40]._assert_9"	[0.01 s].
0.0.B: Starting proof for property "descrambler.u_descrambler_sva.gen_dout_chk[41]._assert_9"	[0.00 s].
0.0.B: A max_length bound was found. The shortest trace is no longer than 256 cycles. [0.00 s]
INFO (IPF008): 0.0.B: A max_length bound of 256 was found for the property "descrambler.u_descrambler_sva.gen_dout_chk[41]._assert_9" in 0.00 s.
0.0.N: Trace Attempt  1	[0.00 s]
0.0.B: Trace Attempt  1	[0.00 s]
0.0.B: Trace Attempt  2	[0.00 s]
0.0.B: Trace Attempt  3	[0.00 s]
0.0.B: Trace Attempt  4	[0.00 s]
0.0.N: Trace Attempt  2	[0.00 s]
0.0.B: Trace Attempt  5	[0.00 s]
0.0.N: Trace Attempt  2	[0.00 s]
0.0.N: Trace Attempt  3	[0.00 s]
0.0.N: Trace Attempt  3	[0.00 s]
0.0.N: Trace Attempt  4	[0.00 s]
0.0.N: Trace Attempt  5	[0.00 s]
0.0.N: Trace Attempt  1	[0.00 s]
0.0.N: Trace Attempt  2	[0.01 s]
0.0.N: Trace Attempt  3	[0.01 s]
0.0.N: Trace Attempt  4	[0.01 s]
0.0.N: Validation of fixpoint was successful. Time = 0.00
0.0.N: A proof was found: No trace exists. [0.01 s]
INFO (IPF057): 0.0.N: The property "descrambler.u_descrambler_sva.gen_dout_chk[41]._assert_9" was proven in 0.01 s.
0.0.N: Stopped processing property "descrambler.u_descrambler_sva.gen_dout_chk[41]._assert_9"	[0.01 s].
0.0.N: Starting proof for property "descrambler.u_descrambler_sva.gen_dout_chk[42]._assert_9"	[0.00 s].
0.0.B: Stopped processing property "descrambler.u_descrambler_sva.gen_dout_chk[41]._assert_9"	[0.01 s].
0.0.B: Starting proof for property "descrambler.u_descrambler_sva.gen_dout_chk[42]._assert_9"	[0.00 s].
0.0.B: A max_length bound was found. The shortest trace is no longer than 256 cycles. [0.00 s]
INFO (IPF008): 0.0.B: A max_length bound of 256 was found for the property "descrambler.u_descrambler_sva.gen_dout_chk[42]._assert_9" in 0.00 s.
0.0.B: Trace Attempt  1	[0.00 s]
0.0.N: Trace Attempt  1	[0.00 s]
0.0.B: Trace Attempt  2	[0.00 s]
0.0.B: Trace Attempt  3	[0.00 s]
0.0.B: Trace Attempt  4	[0.00 s]
0.0.N: Trace Attempt  2	[0.00 s]
0.0.B: Trace Attempt  5	[0.00 s]
0.0.N: Trace Attempt  2	[0.00 s]
0.0.N: Trace Attempt  3	[0.00 s]
0.0.N: Trace Attempt  3	[0.00 s]
0.0.N: Trace Attempt  4	[0.00 s]
0.0.N: Trace Attempt  5	[0.00 s]
0.0.N: Trace Attempt  1	[0.00 s]
0.0.N: Trace Attempt  2	[0.00 s]
0.0.N: Trace Attempt  3	[0.00 s]
0.0.N: Trace Attempt  4	[0.01 s]
0.0.N: Validation of fixpoint was successful. Time = 0.00
0.0.N: A proof was found: No trace exists. [0.01 s]
INFO (IPF057): 0.0.N: The property "descrambler.u_descrambler_sva.gen_dout_chk[42]._assert_9" was proven in 0.01 s.
0.0.N: Stopped processing property "descrambler.u_descrambler_sva.gen_dout_chk[42]._assert_9"	[0.01 s].
0.0.N: Starting proof for property "descrambler.u_descrambler_sva.gen_dout_chk[43]._assert_9"	[0.00 s].
0.0.B: Stopped processing property "descrambler.u_descrambler_sva.gen_dout_chk[42]._assert_9"	[0.01 s].
0.0.B: Starting proof for property "descrambler.u_descrambler_sva.gen_dout_chk[43]._assert_9"	[0.00 s].
0.0.B: A max_length bound was found. The shortest trace is no longer than 256 cycles. [0.00 s]
INFO (IPF008): 0.0.B: A max_length bound of 256 was found for the property "descrambler.u_descrambler_sva.gen_dout_chk[43]._assert_9" in 0.00 s.
0.0.B: Trace Attempt  1	[0.00 s]
0.0.N: Trace Attempt  1	[0.00 s]
0.0.B: Trace Attempt  2	[0.00 s]
0.0.B: Trace Attempt  3	[0.00 s]
0.0.B: Trace Attempt  4	[0.00 s]
0.0.N: Trace Attempt  2	[0.00 s]
0.0.B: Trace Attempt  5	[0.00 s]
0.0.N: Trace Attempt  2	[0.00 s]
0.0.N: Trace Attempt  3	[0.00 s]
0.0.N: Trace Attempt  3	[0.00 s]
0.0.N: Trace Attempt  4	[0.00 s]
0.0.N: Trace Attempt  5	[0.00 s]
0.0.N: Trace Attempt  1	[0.00 s]
0.0.N: Trace Attempt  2	[0.00 s]
0.0.N: Trace Attempt  3	[0.00 s]
0.0.N: Trace Attempt  4	[0.01 s]
0.0.N: Validation of fixpoint was successful. Time = 0.00
0.0.N: A proof was found: No trace exists. [0.01 s]
INFO (IPF057): 0.0.N: The property "descrambler.u_descrambler_sva.gen_dout_chk[43]._assert_9" was proven in 0.01 s.
0.0.N: Stopped processing property "descrambler.u_descrambler_sva.gen_dout_chk[43]._assert_9"	[0.01 s].
0.0.B: Stopped processing property "descrambler.u_descrambler_sva.gen_dout_chk[43]._assert_9"	[0.01 s].
0.0.B: Starting proof for property "descrambler.u_descrambler_sva.gen_dout_chk[44]._assert_9"	[0.00 s].
0.0.N: Starting proof for property "descrambler.u_descrambler_sva.gen_dout_chk[44]._assert_9"	[0.00 s].
0.0.B: A max_length bound was found. The shortest trace is no longer than 256 cycles. [0.00 s]
INFO (IPF008): 0.0.B: A max_length bound of 256 was found for the property "descrambler.u_descrambler_sva.gen_dout_chk[44]._assert_9" in 0.00 s.
0.0.B: Trace Attempt  1	[0.00 s]
0.0.B: Trace Attempt  2	[0.00 s]
0.0.N: Trace Attempt  1	[0.00 s]
0.0.B: Trace Attempt  3	[0.00 s]
0.0.B: Trace Attempt  4	[0.00 s]
0.0.N: Trace Attempt  2	[0.00 s]
0.0.B: Trace Attempt  5	[0.00 s]
0.0.N: Trace Attempt  2	[0.00 s]
0.0.N: Trace Attempt  3	[0.00 s]
0.0.N: Trace Attempt  3	[0.00 s]
0.0.N: Trace Attempt  4	[0.00 s]
0.0.N: Trace Attempt  5	[0.00 s]
0.0.Hp: Trace Attempt  4	[1.44 s]
0.0.N: Trace Attempt  1	[0.00 s]
0.0.N: Trace Attempt  2	[0.00 s]
0.0.N: Trace Attempt  3	[0.00 s]
0.0.N: Trace Attempt  4	[0.01 s]
0.0.N: Validation of fixpoint was successful. Time = 0.00
0.0.N: A proof was found: No trace exists. [0.01 s]
INFO (IPF057): 0.0.N: The property "descrambler.u_descrambler_sva.gen_dout_chk[44]._assert_9" was proven in 0.01 s.
0.0.N: Stopped processing property "descrambler.u_descrambler_sva.gen_dout_chk[44]._assert_9"	[0.01 s].
0.0.B: Stopped processing property "descrambler.u_descrambler_sva.gen_dout_chk[44]._assert_9"	[0.01 s].
0.0.B: Starting proof for property "descrambler.u_descrambler_sva.gen_dout_chk[45]._assert_9"	[0.00 s].
0.0.N: Starting proof for property "descrambler.u_descrambler_sva.gen_dout_chk[45]._assert_9"	[0.00 s].
0.0.B: A max_length bound was found. The shortest trace is no longer than 256 cycles. [0.00 s]
INFO (IPF008): 0.0.B: A max_length bound of 256 was found for the property "descrambler.u_descrambler_sva.gen_dout_chk[45]._assert_9" in 0.00 s.
0.0.B: Trace Attempt  1	[0.00 s]
0.0.B: Trace Attempt  2	[0.00 s]
0.0.N: Trace Attempt  1	[0.00 s]
0.0.B: Trace Attempt  3	[0.00 s]
0.0.B: Trace Attempt  4	[0.00 s]
0.0.N: Trace Attempt  2	[0.00 s]
0.0.B: Trace Attempt  5	[0.00 s]
0.0.N: Trace Attempt  2	[0.00 s]
0.0.N: Trace Attempt  3	[0.00 s]
0.0.N: Trace Attempt  3	[0.00 s]
0.0.N: Trace Attempt  4	[0.00 s]
0.0.N: Trace Attempt  5	[0.00 s]
0.0.N: Trace Attempt  1	[0.00 s]
0.0.N: Trace Attempt  2	[0.00 s]
0.0.N: Trace Attempt  3	[0.00 s]
0.0.N: Trace Attempt  4	[0.01 s]
0.0.N: Validation of fixpoint was successful. Time = 0.00
0.0.N: A proof was found: No trace exists. [0.01 s]
INFO (IPF057): 0.0.N: The property "descrambler.u_descrambler_sva.gen_dout_chk[45]._assert_9" was proven in 0.01 s.
0.0.N: Stopped processing property "descrambler.u_descrambler_sva.gen_dout_chk[45]._assert_9"	[0.01 s].
0.0.B: Stopped processing property "descrambler.u_descrambler_sva.gen_dout_chk[45]._assert_9"	[0.01 s].
0.0.B: Starting proof for property "descrambler.u_descrambler_sva.gen_dout_chk[46]._assert_9"	[0.00 s].
0.0.N: Starting proof for property "descrambler.u_descrambler_sva.gen_dout_chk[46]._assert_9"	[0.00 s].
0.0.B: A max_length bound was found. The shortest trace is no longer than 256 cycles. [0.00 s]
INFO (IPF008): 0.0.B: A max_length bound of 256 was found for the property "descrambler.u_descrambler_sva.gen_dout_chk[46]._assert_9" in 0.00 s.
0.0.B: Trace Attempt  1	[0.00 s]
0.0.B: Trace Attempt  2	[0.00 s]
0.0.N: Trace Attempt  1	[0.00 s]
0.0.B: Trace Attempt  3	[0.00 s]
0.0.B: Trace Attempt  4	[0.00 s]
0.0.N: Trace Attempt  2	[0.00 s]
0.0.B: Trace Attempt  5	[0.00 s]
0.0.N: Trace Attempt  2	[0.00 s]
0.0.N: Trace Attempt  3	[0.00 s]
0.0.N: Trace Attempt  3	[0.00 s]
0.0.N: Trace Attempt  4	[0.00 s]
0.0.N: Trace Attempt  5	[0.00 s]
0.0.N: Trace Attempt  1	[0.00 s]
0.0.N: Trace Attempt  2	[0.00 s]
0.0.N: Trace Attempt  3	[0.00 s]
0.0.N: Trace Attempt  4	[0.01 s]
0.0.N: Validation of fixpoint was successful. Time = 0.00
0.0.N: A proof was found: No trace exists. [0.01 s]
INFO (IPF057): 0.0.N: The property "descrambler.u_descrambler_sva.gen_dout_chk[46]._assert_9" was proven in 0.01 s.
0.0.N: Stopped processing property "descrambler.u_descrambler_sva.gen_dout_chk[46]._assert_9"	[0.01 s].
0.0.N: Starting proof for property "descrambler.u_descrambler_sva.gen_dout_chk[47]._assert_9"	[0.00 s].
0.0.B: Stopped processing property "descrambler.u_descrambler_sva.gen_dout_chk[46]._assert_9"	[0.01 s].
0.0.B: Starting proof for property "descrambler.u_descrambler_sva.gen_dout_chk[47]._assert_9"	[0.00 s].
0.0.B: A max_length bound was found. The shortest trace is no longer than 256 cycles. [0.00 s]
INFO (IPF008): 0.0.B: A max_length bound of 256 was found for the property "descrambler.u_descrambler_sva.gen_dout_chk[47]._assert_9" in 0.00 s.
0.0.B: Trace Attempt  1	[0.00 s]
0.0.N: Trace Attempt  1	[0.00 s]
0.0.B: Trace Attempt  2	[0.00 s]
0.0.B: Trace Attempt  3	[0.00 s]
0.0.B: Trace Attempt  4	[0.00 s]
0.0.N: Trace Attempt  2	[0.00 s]
0.0.B: Trace Attempt  5	[0.00 s]
0.0.N: Trace Attempt  2	[0.00 s]
0.0.N: Trace Attempt  3	[0.00 s]
0.0.N: Trace Attempt  3	[0.00 s]
0.0.N: Trace Attempt  4	[0.00 s]
0.0.N: Trace Attempt  5	[0.00 s]
0.0.N: Trace Attempt  1	[0.00 s]
0.0.N: Trace Attempt  2	[0.00 s]
0.0.N: Trace Attempt  3	[0.00 s]
0.0.N: Trace Attempt  4	[0.01 s]
0.0.N: Validation of fixpoint was successful. Time = 0.00
0.0.N: A proof was found: No trace exists. [0.01 s]
INFO (IPF057): 0.0.N: The property "descrambler.u_descrambler_sva.gen_dout_chk[47]._assert_9" was proven in 0.01 s.
0.0.N: Stopped processing property "descrambler.u_descrambler_sva.gen_dout_chk[47]._assert_9"	[0.01 s].
0.0.N: Starting proof for property "descrambler.u_descrambler_sva.gen_dout_chk[48]._assert_9"	[0.00 s].
0.0.B: Stopped processing property "descrambler.u_descrambler_sva.gen_dout_chk[47]._assert_9"	[0.01 s].
0.0.B: Starting proof for property "descrambler.u_descrambler_sva.gen_dout_chk[48]._assert_9"	[0.00 s].
0.0.B: A max_length bound was found. The shortest trace is no longer than 256 cycles. [0.00 s]
INFO (IPF008): 0.0.B: A max_length bound of 256 was found for the property "descrambler.u_descrambler_sva.gen_dout_chk[48]._assert_9" in 0.00 s.
0.0.B: Trace Attempt  1	[0.00 s]
0.0.N: Trace Attempt  1	[0.00 s]
0.0.B: Trace Attempt  2	[0.00 s]
0.0.B: Trace Attempt  3	[0.00 s]
0.0.B: Trace Attempt  4	[0.00 s]
0.0.N: Trace Attempt  2	[0.00 s]
0.0.B: Trace Attempt  5	[0.00 s]
0.0.N: Trace Attempt  2	[0.00 s]
0.0.N: Trace Attempt  3	[0.00 s]
0.0.N: Trace Attempt  3	[0.00 s]
0.0.N: Trace Attempt  4	[0.00 s]
0.0.N: Trace Attempt  5	[0.00 s]
0.0.N: Trace Attempt  1	[0.00 s]
0.0.N: Trace Attempt  2	[0.00 s]
0.0.N: Trace Attempt  3	[0.00 s]
0.0.N: Trace Attempt  4	[0.01 s]
0.0.N: Validation of fixpoint was successful. Time = 0.00
0.0.N: A proof was found: No trace exists. [0.01 s]
INFO (IPF057): 0.0.N: The property "descrambler.u_descrambler_sva.gen_dout_chk[48]._assert_9" was proven in 0.01 s.
0.0.N: Stopped processing property "descrambler.u_descrambler_sva.gen_dout_chk[48]._assert_9"	[0.01 s].
0.0.N: Starting proof for property "descrambler.u_descrambler_sva.gen_dout_chk[49]._assert_9"	[0.00 s].
0.0.B: Stopped processing property "descrambler.u_descrambler_sva.gen_dout_chk[48]._assert_9"	[0.01 s].
0.0.B: Starting proof for property "descrambler.u_descrambler_sva.gen_dout_chk[49]._assert_9"	[0.00 s].
0.0.B: A max_length bound was found. The shortest trace is no longer than 256 cycles. [0.00 s]
INFO (IPF008): 0.0.B: A max_length bound of 256 was found for the property "descrambler.u_descrambler_sva.gen_dout_chk[49]._assert_9" in 0.00 s.
0.0.B: Trace Attempt  1	[0.00 s]
0.0.B: Trace Attempt  2	[0.00 s]
0.0.N: Trace Attempt  1	[0.00 s]
0.0.B: Trace Attempt  3	[0.00 s]
0.0.B: Trace Attempt  4	[0.00 s]
0.0.B: Trace Attempt  5	[0.00 s]
0.0.N: Trace Attempt  2	[0.00 s]
0.0.N: Trace Attempt  2	[0.00 s]
0.0.N: Trace Attempt  3	[0.00 s]
0.0.N: Trace Attempt  3	[0.00 s]
0.0.N: Trace Attempt  4	[0.00 s]
0.0.N: Trace Attempt  5	[0.00 s]
0.0.N: Trace Attempt  1	[0.00 s]
0.0.N: Trace Attempt  2	[0.00 s]
0.0.N: Trace Attempt  3	[0.01 s]
0.0.N: Trace Attempt  4	[0.01 s]
0.0.N: Validation of fixpoint was successful. Time = 0.00
0.0.N: A proof was found: No trace exists. [0.01 s]
INFO (IPF057): 0.0.N: The property "descrambler.u_descrambler_sva.gen_dout_chk[49]._assert_9" was proven in 0.01 s.
0.0.N: Stopped processing property "descrambler.u_descrambler_sva.gen_dout_chk[49]._assert_9"	[0.01 s].
0.0.N: Starting proof for property "descrambler.u_descrambler_sva.gen_dout_chk[50]._assert_9"	[0.00 s].
0.0.B: Stopped processing property "descrambler.u_descrambler_sva.gen_dout_chk[49]._assert_9"	[0.01 s].
0.0.B: Starting proof for property "descrambler.u_descrambler_sva.gen_dout_chk[50]._assert_9"	[0.00 s].
0.0.B: A max_length bound was found. The shortest trace is no longer than 256 cycles. [0.00 s]
INFO (IPF008): 0.0.B: A max_length bound of 256 was found for the property "descrambler.u_descrambler_sva.gen_dout_chk[50]._assert_9" in 0.00 s.
0.0.B: Trace Attempt  1	[0.00 s]
0.0.N: Trace Attempt  1	[0.00 s]
0.0.B: Trace Attempt  2	[0.00 s]
0.0.B: Trace Attempt  3	[0.00 s]
0.0.B: Trace Attempt  4	[0.00 s]
0.0.N: Trace Attempt  2	[0.00 s]
0.0.B: Trace Attempt  5	[0.00 s]
0.0.N: Trace Attempt  2	[0.00 s]
0.0.N: Trace Attempt  3	[0.00 s]
0.0.N: Trace Attempt  3	[0.00 s]
0.0.N: Trace Attempt  4	[0.00 s]
0.0.N: Trace Attempt  5	[0.00 s]
0.0.N: Trace Attempt  1	[0.00 s]
0.0.N: Trace Attempt  2	[0.00 s]
0.0.N: Trace Attempt  3	[0.00 s]
0.0.N: Trace Attempt  4	[0.01 s]
0.0.N: Validation of fixpoint was successful. Time = 0.00
0.0.N: A proof was found: No trace exists. [0.01 s]
INFO (IPF057): 0.0.N: The property "descrambler.u_descrambler_sva.gen_dout_chk[50]._assert_9" was proven in 0.01 s.
0.0.N: Stopped processing property "descrambler.u_descrambler_sva.gen_dout_chk[50]._assert_9"	[0.01 s].
0.0.N: Starting proof for property "descrambler.u_descrambler_sva.gen_dout_chk[51]._assert_9"	[0.00 s].
0.0.B: Stopped processing property "descrambler.u_descrambler_sva.gen_dout_chk[50]._assert_9"	[0.01 s].
0.0.B: Starting proof for property "descrambler.u_descrambler_sva.gen_dout_chk[51]._assert_9"	[0.00 s].
0.0.B: A max_length bound was found. The shortest trace is no longer than 256 cycles. [0.00 s]
INFO (IPF008): 0.0.B: A max_length bound of 256 was found for the property "descrambler.u_descrambler_sva.gen_dout_chk[51]._assert_9" in 0.00 s.
0.0.B: Trace Attempt  1	[0.00 s]
0.0.N: Trace Attempt  1	[0.00 s]
0.0.B: Trace Attempt  2	[0.00 s]
0.0.B: Trace Attempt  3	[0.00 s]
0.0.B: Trace Attempt  4	[0.00 s]
0.0.N: Trace Attempt  2	[0.00 s]
0.0.B: Trace Attempt  5	[0.00 s]
0.0.N: Trace Attempt  2	[0.00 s]
0.0.N: Trace Attempt  3	[0.00 s]
0.0.N: Trace Attempt  3	[0.00 s]
0.0.N: Trace Attempt  4	[0.00 s]
0.0.N: Trace Attempt  5	[0.00 s]
0.0.N: Trace Attempt  1	[0.00 s]
0.0.N: Trace Attempt  2	[0.00 s]
0.0.N: Trace Attempt  3	[0.01 s]
0.0.N: Trace Attempt  4	[0.01 s]
0.0.N: Validation of fixpoint was successful. Time = 0.00
0.0.N: A proof was found: No trace exists. [0.01 s]
INFO (IPF057): 0.0.N: The property "descrambler.u_descrambler_sva.gen_dout_chk[51]._assert_9" was proven in 0.01 s.
0.0.N: Stopped processing property "descrambler.u_descrambler_sva.gen_dout_chk[51]._assert_9"	[0.01 s].
0.0.N: Starting proof for property "descrambler.u_descrambler_sva.gen_dout_chk[52]._assert_9"	[0.00 s].
0.0.B: Stopped processing property "descrambler.u_descrambler_sva.gen_dout_chk[51]._assert_9"	[0.01 s].
0.0.B: Starting proof for property "descrambler.u_descrambler_sva.gen_dout_chk[52]._assert_9"	[0.00 s].
0.0.B: A max_length bound was found. The shortest trace is no longer than 256 cycles. [0.00 s]
INFO (IPF008): 0.0.B: A max_length bound of 256 was found for the property "descrambler.u_descrambler_sva.gen_dout_chk[52]._assert_9" in 0.00 s.
0.0.B: Trace Attempt  1	[0.00 s]
0.0.B: Trace Attempt  2	[0.00 s]
0.0.N: Trace Attempt  1	[0.00 s]
0.0.B: Trace Attempt  3	[0.00 s]
0.0.B: Trace Attempt  4	[0.00 s]
0.0.N: Trace Attempt  2	[0.00 s]
0.0.B: Trace Attempt  5	[0.00 s]
0.0.N: Trace Attempt  2	[0.00 s]
0.0.N: Trace Attempt  3	[0.00 s]
0.0.N: Trace Attempt  3	[0.00 s]
0.0.N: Trace Attempt  4	[0.00 s]
0.0.N: Trace Attempt  5	[0.00 s]
0.0.N: Trace Attempt  1	[0.00 s]
0.0.N: Trace Attempt  2	[0.00 s]
0.0.N: Trace Attempt  3	[0.00 s]
0.0.N: Trace Attempt  4	[0.01 s]
0.0.N: Validation of fixpoint was successful. Time = 0.00
0.0.N: A proof was found: No trace exists. [0.01 s]
INFO (IPF057): 0.0.N: The property "descrambler.u_descrambler_sva.gen_dout_chk[52]._assert_9" was proven in 0.01 s.
0.0.N: Stopped processing property "descrambler.u_descrambler_sva.gen_dout_chk[52]._assert_9"	[0.01 s].
0.0.N: Starting proof for property "descrambler.u_descrambler_sva.gen_dout_chk[53]._assert_9"	[0.00 s].
0.0.B: Stopped processing property "descrambler.u_descrambler_sva.gen_dout_chk[52]._assert_9"	[0.01 s].
0.0.B: Starting proof for property "descrambler.u_descrambler_sva.gen_dout_chk[53]._assert_9"	[0.00 s].
0.0.B: A max_length bound was found. The shortest trace is no longer than 256 cycles. [0.00 s]
INFO (IPF008): 0.0.B: A max_length bound of 256 was found for the property "descrambler.u_descrambler_sva.gen_dout_chk[53]._assert_9" in 0.00 s.
0.0.B: Trace Attempt  1	[0.00 s]
0.0.N: Trace Attempt  1	[0.00 s]
0.0.B: Trace Attempt  2	[0.00 s]
0.0.B: Trace Attempt  3	[0.00 s]
0.0.N: Trace Attempt  2	[0.00 s]
0.0.B: Trace Attempt  4	[0.00 s]
0.0.B: Trace Attempt  5	[0.00 s]
0.0.N: Trace Attempt  2	[0.00 s]
0.0.N: Trace Attempt  3	[0.00 s]
0.0.N: Trace Attempt  3	[0.00 s]
0.0.N: Trace Attempt  4	[0.00 s]
0.0.N: Trace Attempt  5	[0.00 s]
0.0.N: Trace Attempt  1	[0.00 s]
0.0.N: Trace Attempt  2	[0.00 s]
0.0.N: Trace Attempt  3	[0.00 s]
0.0.N: Trace Attempt  4	[0.01 s]
0.0.N: Validation of fixpoint was successful. Time = 0.00
0.0.N: A proof was found: No trace exists. [0.01 s]
INFO (IPF057): 0.0.N: The property "descrambler.u_descrambler_sva.gen_dout_chk[53]._assert_9" was proven in 0.01 s.
0.0.N: Stopped processing property "descrambler.u_descrambler_sva.gen_dout_chk[53]._assert_9"	[0.01 s].
0.0.N: Starting proof for property "descrambler.u_descrambler_sva.gen_dout_chk[54]._assert_9"	[0.00 s].
0.0.B: Stopped processing property "descrambler.u_descrambler_sva.gen_dout_chk[53]._assert_9"	[0.01 s].
0.0.B: Starting proof for property "descrambler.u_descrambler_sva.gen_dout_chk[54]._assert_9"	[0.00 s].
0.0.B: A max_length bound was found. The shortest trace is no longer than 256 cycles. [0.00 s]
INFO (IPF008): 0.0.B: A max_length bound of 256 was found for the property "descrambler.u_descrambler_sva.gen_dout_chk[54]._assert_9" in 0.00 s.
0.0.B: Trace Attempt  1	[0.00 s]
0.0.N: Trace Attempt  1	[0.00 s]
0.0.B: Trace Attempt  2	[0.00 s]
0.0.B: Trace Attempt  3	[0.00 s]
0.0.B: Trace Attempt  4	[0.00 s]
0.0.N: Trace Attempt  2	[0.00 s]
0.0.B: Trace Attempt  5	[0.00 s]
0.0.N: Trace Attempt  2	[0.00 s]
0.0.N: Trace Attempt  3	[0.00 s]
0.0.N: Trace Attempt  3	[0.00 s]
0.0.N: Trace Attempt  4	[0.00 s]
0.0.N: Trace Attempt  5	[0.00 s]
0.0.N: Trace Attempt  1	[0.00 s]
0.0.N: Trace Attempt  2	[0.00 s]
0.0.N: Trace Attempt  3	[0.00 s]
0.0.N: Trace Attempt  4	[0.01 s]
0.0.N: Validation of fixpoint was successful. Time = 0.00
0.0.N: A proof was found: No trace exists. [0.01 s]
INFO (IPF057): 0.0.N: The property "descrambler.u_descrambler_sva.gen_dout_chk[54]._assert_9" was proven in 0.01 s.
0.0.N: Stopped processing property "descrambler.u_descrambler_sva.gen_dout_chk[54]._assert_9"	[0.01 s].
0.0.N: Starting proof for property "descrambler.u_descrambler_sva.gen_dout_chk[55]._assert_9"	[0.00 s].
0.0.B: Stopped processing property "descrambler.u_descrambler_sva.gen_dout_chk[54]._assert_9"	[0.01 s].
0.0.B: Starting proof for property "descrambler.u_descrambler_sva.gen_dout_chk[55]._assert_9"	[0.00 s].
0.0.N: Trace Attempt  1	[0.00 s]
0.0.N: A max_length bound was found. The shortest trace is no longer than 256 cycles. [0.00 s]
INFO (IPF008): 0.0.N: A max_length bound of 256 was found for the property "descrambler.u_descrambler_sva.gen_dout_chk[55]._assert_9" in 0.00 s.
0.0.B: Trace Attempt  1	[0.00 s]
0.0.B: Trace Attempt  2	[0.00 s]
0.0.N: Trace Attempt  2	[0.00 s]
0.0.B: Trace Attempt  3	[0.00 s]
0.0.B: Trace Attempt  4	[0.00 s]
0.0.N: Trace Attempt  2	[0.00 s]
0.0.B: Trace Attempt  5	[0.00 s]
0.0.N: Trace Attempt  3	[0.00 s]
0.0.N: Trace Attempt  3	[0.00 s]
0.0.N: Trace Attempt  4	[0.00 s]
0.0.N: Trace Attempt  5	[0.00 s]
0.0.N: Trace Attempt  1	[0.00 s]
0.0.N: Trace Attempt  2	[0.00 s]
0.0.N: Trace Attempt  3	[0.00 s]
0.0.N: Trace Attempt  4	[0.01 s]
0.0.N: Validation of fixpoint was successful. Time = 0.00
0.0.N: A proof was found: No trace exists. [0.01 s]
INFO (IPF057): 0.0.N: The property "descrambler.u_descrambler_sva.gen_dout_chk[55]._assert_9" was proven in 0.01 s.
0.0.N: Stopped processing property "descrambler.u_descrambler_sva.gen_dout_chk[55]._assert_9"	[0.01 s].
0.0.B: Stopped processing property "descrambler.u_descrambler_sva.gen_dout_chk[55]._assert_9"	[0.01 s].
0.0.B: Starting proof for property "descrambler.u_descrambler_sva.gen_dout_chk[56]._assert_9"	[0.00 s].
0.0.N: Starting proof for property "descrambler.u_descrambler_sva.gen_dout_chk[56]._assert_9"	[0.00 s].
0.0.B: A max_length bound was found. The shortest trace is no longer than 256 cycles. [0.00 s]
INFO (IPF008): 0.0.B: A max_length bound of 256 was found for the property "descrambler.u_descrambler_sva.gen_dout_chk[56]._assert_9" in 0.00 s.
0.0.B: Trace Attempt  1	[0.00 s]
0.0.B: Trace Attempt  2	[0.00 s]
0.0.N: Trace Attempt  1	[0.00 s]
0.0.B: Trace Attempt  3	[0.00 s]
0.0.B: Trace Attempt  4	[0.00 s]
0.0.N: Trace Attempt  2	[0.00 s]
0.0.B: Trace Attempt  5	[0.00 s]
0.0.N: Trace Attempt  2	[0.00 s]
0.0.N: Trace Attempt  3	[0.00 s]
0.0.N: Trace Attempt  3	[0.00 s]
0.0.N: Trace Attempt  4	[0.00 s]
0.0.N: Trace Attempt  5	[0.00 s]
0.0.N: Trace Attempt  1	[0.00 s]
0.0.N: Trace Attempt  2	[0.00 s]
0.0.N: Trace Attempt  3	[0.00 s]
0.0.N: Trace Attempt  4	[0.01 s]
0.0.N: Validation of fixpoint was successful. Time = 0.00
0.0.N: A proof was found: No trace exists. [0.01 s]
INFO (IPF057): 0.0.N: The property "descrambler.u_descrambler_sva.gen_dout_chk[56]._assert_9" was proven in 0.01 s.
0.0.N: Stopped processing property "descrambler.u_descrambler_sva.gen_dout_chk[56]._assert_9"	[0.01 s].
0.0.N: Starting proof for property "descrambler.u_descrambler_sva.gen_dout_chk[57]._assert_9"	[0.00 s].
0.0.B: Stopped processing property "descrambler.u_descrambler_sva.gen_dout_chk[56]._assert_9"	[0.01 s].
0.0.B: Starting proof for property "descrambler.u_descrambler_sva.gen_dout_chk[57]._assert_9"	[0.00 s].
0.0.N: Trace Attempt  1	[0.00 s]
0.0.N: A max_length bound was found. The shortest trace is no longer than 256 cycles. [0.00 s]
INFO (IPF008): 0.0.N: A max_length bound of 256 was found for the property "descrambler.u_descrambler_sva.gen_dout_chk[57]._assert_9" in 0.00 s.
0.0.B: Trace Attempt  1	[0.00 s]
0.0.B: Trace Attempt  2	[0.00 s]
0.0.B: Trace Attempt  3	[0.00 s]
0.0.N: Trace Attempt  2	[0.00 s]
0.0.B: Trace Attempt  4	[0.00 s]
0.0.N: Trace Attempt  2	[0.00 s]
0.0.B: Trace Attempt  5	[0.00 s]
0.0.N: Trace Attempt  3	[0.00 s]
0.0.N: Trace Attempt  3	[0.00 s]
0.0.N: Trace Attempt  4	[0.00 s]
0.0.N: Trace Attempt  5	[0.00 s]
0.0.N: Trace Attempt  1	[0.00 s]
0.0.N: Trace Attempt  2	[0.00 s]
0.0.N: Trace Attempt  3	[0.00 s]
0.0.N: Trace Attempt  4	[0.01 s]
0.0.N: Validation of fixpoint was successful. Time = 0.00
0.0.N: A proof was found: No trace exists. [0.01 s]
INFO (IPF057): 0.0.N: The property "descrambler.u_descrambler_sva.gen_dout_chk[57]._assert_9" was proven in 0.01 s.
0.0.N: Stopped processing property "descrambler.u_descrambler_sva.gen_dout_chk[57]._assert_9"	[0.01 s].
0.0.N: Starting proof for property "descrambler.u_descrambler_sva.gen_dout_chk[58]._assert_9"	[0.00 s].
0.0.B: Stopped processing property "descrambler.u_descrambler_sva.gen_dout_chk[57]._assert_9"	[0.01 s].
0.0.B: Starting proof for property "descrambler.u_descrambler_sva.gen_dout_chk[58]._assert_9"	[0.00 s].
0.0.N: Trace Attempt  1	[0.00 s]
0.0.B: A max_length bound was found. The shortest trace is no longer than 128 cycles. [0.00 s]
INFO (IPF008): 0.0.B: A max_length bound of 128 was found for the property "descrambler.u_descrambler_sva.gen_dout_chk[58]._assert_9" in 0.00 s.
0.0.B: Trace Attempt  1	[0.00 s]
0.0.B: Trace Attempt  2	[0.00 s]
0.0.B: Trace Attempt  3	[0.00 s]
0.0.N: Trace Attempt  2	[0.00 s]
0.0.B: Trace Attempt  4	[0.00 s]
0.0.N: Trace Attempt  2	[0.00 s]
0.0.B: Trace Attempt  5	[0.00 s]
0.0.N: Trace Attempt  3	[0.00 s]
0.0.N: Trace Attempt  3	[0.00 s]
0.0.N: Trace Attempt  4	[0.00 s]
0.0.N: Trace Attempt  5	[0.00 s]
0.0.N: Trace Attempt  1	[0.00 s]
0.0.N: Trace Attempt  2	[0.00 s]
0.0.N: Trace Attempt  3	[0.00 s]
0.0.N: Validation of fixpoint was successful. Time = 0.00
0.0.N: A proof was found: No trace exists. [0.01 s]
INFO (IPF057): 0.0.N: The property "descrambler.u_descrambler_sva.gen_dout_chk[58]._assert_9" was proven in 0.01 s.
0.0.N: Stopped processing property "descrambler.u_descrambler_sva.gen_dout_chk[58]._assert_9"	[0.01 s].
0.0.N: Starting proof for property "descrambler.u_descrambler_sva.gen_dout_chk[59]._assert_9"	[0.00 s].
0.0.B: Stopped processing property "descrambler.u_descrambler_sva.gen_dout_chk[58]._assert_9"	[0.01 s].
0.0.B: Starting proof for property "descrambler.u_descrambler_sva.gen_dout_chk[59]._assert_9"	[0.00 s].
0.0.B: A max_length bound was found. The shortest trace is no longer than 128 cycles. [0.00 s]
INFO (IPF008): 0.0.B: A max_length bound of 128 was found for the property "descrambler.u_descrambler_sva.gen_dout_chk[59]._assert_9" in 0.00 s.
0.0.B: Trace Attempt  1	[0.00 s]
0.0.N: Trace Attempt  1	[0.00 s]
0.0.B: Trace Attempt  2	[0.00 s]
0.0.B: Trace Attempt  3	[0.00 s]
0.0.B: Trace Attempt  4	[0.00 s]
0.0.N: Trace Attempt  2	[0.00 s]
0.0.B: Trace Attempt  5	[0.00 s]
0.0.N: Trace Attempt  2	[0.00 s]
0.0.N: Trace Attempt  3	[0.00 s]
0.0.N: Trace Attempt  3	[0.00 s]
0.0.N: Trace Attempt  4	[0.00 s]
0.0.N: Trace Attempt  5	[0.00 s]
0.0.N: Trace Attempt  1	[0.00 s]
0.0.N: Trace Attempt  2	[0.00 s]
0.0.N: Trace Attempt  3	[0.00 s]
0.0.N: Validation of fixpoint was successful. Time = 0.00
0.0.N: A proof was found: No trace exists. [0.01 s]
INFO (IPF057): 0.0.N: The property "descrambler.u_descrambler_sva.gen_dout_chk[59]._assert_9" was proven in 0.01 s.
0.0.N: Stopped processing property "descrambler.u_descrambler_sva.gen_dout_chk[59]._assert_9"	[0.01 s].
0.0.N: Starting proof for property "descrambler.u_descrambler_sva.gen_dout_chk[60]._assert_9"	[0.00 s].
0.0.B: Stopped processing property "descrambler.u_descrambler_sva.gen_dout_chk[59]._assert_9"	[0.01 s].
0.0.B: Starting proof for property "descrambler.u_descrambler_sva.gen_dout_chk[60]._assert_9"	[0.00 s].
0.0.B: A max_length bound was found. The shortest trace is no longer than 128 cycles. [0.00 s]
INFO (IPF008): 0.0.B: A max_length bound of 128 was found for the property "descrambler.u_descrambler_sva.gen_dout_chk[60]._assert_9" in 0.00 s.
0.0.B: Trace Attempt  1	[0.00 s]
0.0.N: Trace Attempt  1	[0.00 s]
0.0.B: Trace Attempt  2	[0.00 s]
0.0.B: Trace Attempt  3	[0.00 s]
0.0.B: Trace Attempt  4	[0.00 s]
0.0.N: Trace Attempt  2	[0.00 s]
0.0.B: Trace Attempt  5	[0.00 s]
0.0.N: Trace Attempt  2	[0.00 s]
0.0.N: Trace Attempt  3	[0.00 s]
0.0.N: Trace Attempt  3	[0.00 s]
0.0.N: Trace Attempt  4	[0.00 s]
0.0.N: Trace Attempt  5	[0.00 s]
0.0.N: Trace Attempt  1	[0.00 s]
0.0.N: Trace Attempt  2	[0.00 s]
0.0.N: Trace Attempt  3	[0.00 s]
0.0.N: Validation of fixpoint was successful. Time = 0.00
0.0.N: A proof was found: No trace exists. [0.01 s]
INFO (IPF057): 0.0.N: The property "descrambler.u_descrambler_sva.gen_dout_chk[60]._assert_9" was proven in 0.01 s.
0.0.N: Stopped processing property "descrambler.u_descrambler_sva.gen_dout_chk[60]._assert_9"	[0.01 s].
0.0.N: Starting proof for property "descrambler.u_descrambler_sva.gen_dout_chk[61]._assert_9"	[0.00 s].
0.0.B: Stopped processing property "descrambler.u_descrambler_sva.gen_dout_chk[60]._assert_9"	[0.01 s].
0.0.B: Starting proof for property "descrambler.u_descrambler_sva.gen_dout_chk[61]._assert_9"	[0.00 s].
0.0.N: Trace Attempt  1	[0.00 s]
0.0.N: A max_length bound was found. The shortest trace is no longer than 128 cycles. [0.00 s]
INFO (IPF008): 0.0.N: A max_length bound of 128 was found for the property "descrambler.u_descrambler_sva.gen_dout_chk[61]._assert_9" in 0.00 s.
0.0.B: Trace Attempt  1	[0.00 s]
0.0.B: Trace Attempt  2	[0.00 s]
0.0.N: Trace Attempt  2	[0.00 s]
0.0.B: Trace Attempt  3	[0.00 s]
0.0.B: Trace Attempt  4	[0.00 s]
0.0.N: Trace Attempt  2	[0.00 s]
0.0.B: Trace Attempt  5	[0.00 s]
0.0.N: Trace Attempt  3	[0.00 s]
0.0.N: Trace Attempt  3	[0.00 s]
0.0.N: Trace Attempt  4	[0.00 s]
0.0.N: Trace Attempt  5	[0.00 s]
0.0.N: Trace Attempt  1	[0.00 s]
0.0.N: Trace Attempt  2	[0.00 s]
0.0.N: Trace Attempt  3	[0.00 s]
0.0.N: Validation of fixpoint was successful. Time = 0.00
0.0.N: A proof was found: No trace exists. [0.01 s]
INFO (IPF057): 0.0.N: The property "descrambler.u_descrambler_sva.gen_dout_chk[61]._assert_9" was proven in 0.01 s.
0.0.N: Stopped processing property "descrambler.u_descrambler_sva.gen_dout_chk[61]._assert_9"	[0.01 s].
0.0.N: Starting proof for property "descrambler.u_descrambler_sva.gen_dout_chk[62]._assert_9"	[0.00 s].
0.0.B: Stopped processing property "descrambler.u_descrambler_sva.gen_dout_chk[61]._assert_9"	[0.01 s].
0.0.B: Starting proof for property "descrambler.u_descrambler_sva.gen_dout_chk[62]._assert_9"	[0.00 s].
0.0.B: A max_length bound was found. The shortest trace is no longer than 128 cycles. [0.00 s]
INFO (IPF008): 0.0.B: A max_length bound of 128 was found for the property "descrambler.u_descrambler_sva.gen_dout_chk[62]._assert_9" in 0.00 s.
0.0.B: Trace Attempt  1	[0.00 s]
0.0.N: Trace Attempt  1	[0.00 s]
0.0.B: Trace Attempt  2	[0.00 s]
0.0.B: Trace Attempt  3	[0.00 s]
0.0.B: Trace Attempt  4	[0.00 s]
0.0.N: Trace Attempt  2	[0.00 s]
0.0.B: Trace Attempt  5	[0.00 s]
0.0.N: Trace Attempt  2	[0.00 s]
0.0.N: Trace Attempt  3	[0.00 s]
0.0.N: Trace Attempt  3	[0.00 s]
0.0.N: Trace Attempt  4	[0.00 s]
0.0.N: Trace Attempt  5	[0.00 s]
0.0.N: Trace Attempt  1	[0.00 s]
0.0.N: Trace Attempt  2	[0.00 s]
0.0.N: Trace Attempt  3	[0.00 s]
0.0.N: Validation of fixpoint was successful. Time = 0.00
0.0.N: A proof was found: No trace exists. [0.01 s]
INFO (IPF057): 0.0.N: The property "descrambler.u_descrambler_sva.gen_dout_chk[62]._assert_9" was proven in 0.01 s.
0.0.N: Stopped processing property "descrambler.u_descrambler_sva.gen_dout_chk[62]._assert_9"	[0.01 s].
0.0.N: Starting proof for property "descrambler.u_descrambler_sva.gen_dout_chk[63]._assert_9"	[0.00 s].
0.0.B: Stopped processing property "descrambler.u_descrambler_sva.gen_dout_chk[62]._assert_9"	[0.01 s].
0.0.B: Starting proof for property "descrambler.u_descrambler_sva.gen_dout_chk[63]._assert_9"	[0.00 s].
0.0.B: A max_length bound was found. The shortest trace is no longer than 128 cycles. [0.00 s]
INFO (IPF008): 0.0.B: A max_length bound of 128 was found for the property "descrambler.u_descrambler_sva.gen_dout_chk[63]._assert_9" in 0.00 s.
0.0.N: Trace Attempt  1	[0.00 s]
0.0.B: Trace Attempt  1	[0.00 s]
0.0.B: Trace Attempt  2	[0.00 s]
0.0.B: Trace Attempt  3	[0.00 s]
0.0.B: Trace Attempt  4	[0.00 s]
0.0.N: Trace Attempt  2	[0.00 s]
0.0.B: Trace Attempt  5	[0.00 s]
0.0.N: Trace Attempt  2	[0.00 s]
0.0.N: Trace Attempt  3	[0.00 s]
0.0.N: Trace Attempt  3	[0.00 s]
0.0.N: Trace Attempt  4	[0.00 s]
0.0.N: Trace Attempt  5	[0.00 s]
0.0.N: Trace Attempt  1	[0.00 s]
0.0.N: Trace Attempt  2	[0.00 s]
0.0.N: Trace Attempt  3	[0.00 s]
0.0.N: Validation of fixpoint was successful. Time = 0.00
0.0.N: A proof was found: No trace exists. [0.01 s]
INFO (IPF057): 0.0.N: The property "descrambler.u_descrambler_sva.gen_dout_chk[63]._assert_9" was proven in 0.01 s.
0.0.N: Stopped processing property "descrambler.u_descrambler_sva.gen_dout_chk[63]._assert_9"	[0.01 s].
0.0.N: Starting proof for property "descrambler.u_descrambler_sva.gen_dout_chk[64]._assert_9"	[0.00 s].
0.0.B: Stopped processing property "descrambler.u_descrambler_sva.gen_dout_chk[63]._assert_9"	[0.01 s].
0.0.B: Starting proof for property "descrambler.u_descrambler_sva.gen_dout_chk[64]._assert_9"	[0.00 s].
0.0.B: A max_length bound was found. The shortest trace is no longer than 128 cycles. [0.00 s]
INFO (IPF008): 0.0.B: A max_length bound of 128 was found for the property "descrambler.u_descrambler_sva.gen_dout_chk[64]._assert_9" in 0.00 s.
0.0.B: Trace Attempt  1	[0.00 s]
0.0.N: Trace Attempt  1	[0.00 s]
0.0.B: Trace Attempt  2	[0.00 s]
0.0.B: Trace Attempt  3	[0.00 s]
0.0.B: Trace Attempt  4	[0.00 s]
0.0.N: Trace Attempt  2	[0.00 s]
0.0.B: Trace Attempt  5	[0.00 s]
0.0.N: Trace Attempt  2	[0.00 s]
0.0.N: Trace Attempt  3	[0.00 s]
0.0.N: Trace Attempt  3	[0.00 s]
0.0.N: Trace Attempt  4	[0.00 s]
0.0.N: Trace Attempt  5	[0.00 s]
0.0.N: Trace Attempt  1	[0.00 s]
0.0.N: Trace Attempt  2	[0.00 s]
0.0.N: Trace Attempt  3	[0.00 s]
0.0.N: Validation of fixpoint was successful. Time = 0.00
0.0.N: A proof was found: No trace exists. [0.01 s]
INFO (IPF057): 0.0.N: The property "descrambler.u_descrambler_sva.gen_dout_chk[64]._assert_9" was proven in 0.01 s.
0.0.N: Stopped processing property "descrambler.u_descrambler_sva.gen_dout_chk[64]._assert_9"	[0.01 s].
0.0.N: Starting proof for property "descrambler.u_descrambler_sva.gen_dout_chk[65]._assert_9"	[0.00 s].
0.0.B: Stopped processing property "descrambler.u_descrambler_sva.gen_dout_chk[64]._assert_9"	[0.01 s].
0.0.B: Starting proof for property "descrambler.u_descrambler_sva.gen_dout_chk[65]._assert_9"	[0.00 s].
0.0.B: A max_length bound was found. The shortest trace is no longer than 128 cycles. [0.00 s]
INFO (IPF008): 0.0.B: A max_length bound of 128 was found for the property "descrambler.u_descrambler_sva.gen_dout_chk[65]._assert_9" in 0.00 s.
0.0.B: Trace Attempt  1	[0.00 s]
0.0.N: Trace Attempt  1	[0.00 s]
0.0.B: Trace Attempt  2	[0.00 s]
0.0.B: Trace Attempt  3	[0.00 s]
0.0.B: Trace Attempt  4	[0.00 s]
0.0.N: Trace Attempt  2	[0.00 s]
0.0.B: Trace Attempt  5	[0.00 s]
0.0.N: Trace Attempt  2	[0.00 s]
0.0.N: Trace Attempt  3	[0.00 s]
0.0.N: Trace Attempt  3	[0.00 s]
0.0.N: Trace Attempt  4	[0.00 s]
0.0.N: Trace Attempt  5	[0.00 s]
0.0.N: Trace Attempt  1	[0.00 s]
0.0.N: Trace Attempt  2	[0.00 s]
0.0.N: Trace Attempt  3	[0.00 s]
0.0.N: Validation of fixpoint was successful. Time = 0.00
0.0.N: A proof was found: No trace exists. [0.01 s]
INFO (IPF057): 0.0.N: The property "descrambler.u_descrambler_sva.gen_dout_chk[65]._assert_9" was proven in 0.01 s.
0.0.N: Stopped processing property "descrambler.u_descrambler_sva.gen_dout_chk[65]._assert_9"	[0.01 s].
0.0.N: Starting proof for property "descrambler.u_descrambler_sva.gen_dout_chk[66]._assert_9"	[0.00 s].
0.0.B: Stopped processing property "descrambler.u_descrambler_sva.gen_dout_chk[65]._assert_9"	[0.01 s].
0.0.B: Starting proof for property "descrambler.u_descrambler_sva.gen_dout_chk[66]._assert_9"	[0.00 s].
0.0.B: A max_length bound was found. The shortest trace is no longer than 128 cycles. [0.00 s]
INFO (IPF008): 0.0.B: A max_length bound of 128 was found for the property "descrambler.u_descrambler_sva.gen_dout_chk[66]._assert_9" in 0.00 s.
0.0.B: Trace Attempt  1	[0.00 s]
0.0.N: Trace Attempt  1	[0.00 s]
0.0.B: Trace Attempt  2	[0.00 s]
0.0.B: Trace Attempt  3	[0.00 s]
0.0.B: Trace Attempt  4	[0.00 s]
0.0.N: Trace Attempt  2	[0.00 s]
0.0.B: Trace Attempt  5	[0.00 s]
0.0.N: Trace Attempt  2	[0.00 s]
0.0.N: Trace Attempt  3	[0.00 s]
0.0.N: Trace Attempt  3	[0.00 s]
0.0.N: Trace Attempt  4	[0.00 s]
0.0.N: Trace Attempt  5	[0.00 s]
0.0.N: Trace Attempt  1	[0.00 s]
0.0.N: Trace Attempt  2	[0.00 s]
0.0.N: Trace Attempt  3	[0.00 s]
0.0.N: Validation of fixpoint was successful. Time = 0.00
0.0.N: A proof was found: No trace exists. [0.01 s]
INFO (IPF057): 0.0.N: The property "descrambler.u_descrambler_sva.gen_dout_chk[66]._assert_9" was proven in 0.00 s.
0.0.N: Stopped processing property "descrambler.u_descrambler_sva.gen_dout_chk[66]._assert_9"	[0.00 s].
0.0.B: Stopped processing property "descrambler.u_descrambler_sva.gen_dout_chk[66]._assert_9"	[0.00 s].
0.0.B: Starting proof for property "descrambler.u_descrambler_sva.gen_dout_chk[67]._assert_9"	[0.00 s].
0.0.N: Starting proof for property "descrambler.u_descrambler_sva.gen_dout_chk[67]._assert_9"	[0.00 s].
0.0.B: A max_length bound was found. The shortest trace is no longer than 128 cycles. [0.00 s]
INFO (IPF008): 0.0.B: A max_length bound of 128 was found for the property "descrambler.u_descrambler_sva.gen_dout_chk[67]._assert_9" in 0.00 s.
0.0.B: Trace Attempt  1	[0.00 s]
0.0.B: Trace Attempt  2	[0.00 s]
0.0.N: Trace Attempt  1	[0.00 s]
0.0.B: Trace Attempt  3	[0.00 s]
0.0.B: Trace Attempt  4	[0.00 s]
0.0.B: Trace Attempt  5	[0.00 s]
0.0.N: Trace Attempt  2	[0.00 s]
0.0.N: Trace Attempt  2	[0.00 s]
0.0.N: Trace Attempt  3	[0.00 s]
0.0.N: Trace Attempt  3	[0.00 s]
0.0.N: Trace Attempt  4	[0.00 s]
0.0.N: Trace Attempt  5	[0.00 s]
0.0.N: Trace Attempt  1	[0.00 s]
0.0.N: Trace Attempt  2	[0.00 s]
0.0.N: Trace Attempt  3	[0.00 s]
0.0.N: Validation of fixpoint was successful. Time = 0.00
0.0.N: A proof was found: No trace exists. [0.01 s]
INFO (IPF057): 0.0.N: The property "descrambler.u_descrambler_sva.gen_dout_chk[67]._assert_9" was proven in 0.00 s.
0.0.N: Stopped processing property "descrambler.u_descrambler_sva.gen_dout_chk[67]._assert_9"	[0.00 s].
0.0.N: Starting proof for property "descrambler.u_descrambler_sva.gen_dout_chk[68]._assert_9"	[0.00 s].
0.0.B: Stopped processing property "descrambler.u_descrambler_sva.gen_dout_chk[67]._assert_9"	[0.00 s].
0.0.B: Starting proof for property "descrambler.u_descrambler_sva.gen_dout_chk[68]._assert_9"	[0.00 s].
0.0.B: A max_length bound was found. The shortest trace is no longer than 128 cycles. [0.00 s]
INFO (IPF008): 0.0.B: A max_length bound of 128 was found for the property "descrambler.u_descrambler_sva.gen_dout_chk[68]._assert_9" in 0.00 s.
0.0.B: Trace Attempt  1	[0.00 s]
0.0.B: Trace Attempt  2	[0.00 s]
0.0.N: Trace Attempt  1	[0.00 s]
0.0.B: Trace Attempt  3	[0.00 s]
0.0.B: Trace Attempt  4	[0.00 s]
0.0.N: Trace Attempt  2	[0.00 s]
0.0.B: Trace Attempt  5	[0.00 s]
0.0.N: Trace Attempt  2	[0.00 s]
0.0.N: Trace Attempt  3	[0.00 s]
0.0.N: Trace Attempt  3	[0.00 s]
0.0.N: Trace Attempt  4	[0.00 s]
0.0.N: Trace Attempt  5	[0.00 s]
0.0.N: Trace Attempt  1	[0.00 s]
0.0.N: Trace Attempt  2	[0.00 s]
0.0.N: Trace Attempt  3	[0.00 s]
0.0.N: Validation of fixpoint was successful. Time = 0.00
0.0.N: A proof was found: No trace exists. [0.01 s]
INFO (IPF057): 0.0.N: The property "descrambler.u_descrambler_sva.gen_dout_chk[68]._assert_9" was proven in 0.01 s.
0.0.N: Stopped processing property "descrambler.u_descrambler_sva.gen_dout_chk[68]._assert_9"	[0.01 s].
0.0.N: Starting proof for property "descrambler.u_descrambler_sva.gen_dout_chk[69]._assert_9"	[0.00 s].
0.0.B: Stopped processing property "descrambler.u_descrambler_sva.gen_dout_chk[68]._assert_9"	[0.01 s].
0.0.B: Starting proof for property "descrambler.u_descrambler_sva.gen_dout_chk[69]._assert_9"	[0.00 s].
0.0.B: A max_length bound was found. The shortest trace is no longer than 128 cycles. [0.00 s]
INFO (IPF008): 0.0.B: A max_length bound of 128 was found for the property "descrambler.u_descrambler_sva.gen_dout_chk[69]._assert_9" in 0.00 s.
0.0.B: Trace Attempt  1	[0.00 s]
0.0.N: Trace Attempt  1	[0.00 s]
0.0.B: Trace Attempt  2	[0.00 s]
0.0.B: Trace Attempt  3	[0.00 s]
0.0.B: Trace Attempt  4	[0.00 s]
0.0.N: Trace Attempt  2	[0.00 s]
0.0.B: Trace Attempt  5	[0.00 s]
0.0.N: Trace Attempt  2	[0.00 s]
0.0.N: Trace Attempt  3	[0.00 s]
0.0.N: Trace Attempt  3	[0.00 s]
0.0.N: Trace Attempt  4	[0.00 s]
0.0.N: Trace Attempt  5	[0.00 s]
0.0.N: Trace Attempt  1	[0.00 s]
0.0.N: Trace Attempt  2	[0.00 s]
0.0.N: Trace Attempt  3	[0.00 s]
0.0.N: Validation of fixpoint was successful. Time = 0.00
0.0.N: A proof was found: No trace exists. [0.01 s]
INFO (IPF057): 0.0.N: The property "descrambler.u_descrambler_sva.gen_dout_chk[69]._assert_9" was proven in 0.00 s.
0.0.N: Stopped processing property "descrambler.u_descrambler_sva.gen_dout_chk[69]._assert_9"	[0.00 s].
0.0.N: Starting proof for property "descrambler.u_descrambler_sva.gen_dout_chk[70]._assert_9"	[0.00 s].
0.0.B: Stopped processing property "descrambler.u_descrambler_sva.gen_dout_chk[69]._assert_9"	[0.00 s].
0.0.B: Starting proof for property "descrambler.u_descrambler_sva.gen_dout_chk[70]._assert_9"	[0.00 s].
0.0.B: A max_length bound was found. The shortest trace is no longer than 128 cycles. [0.00 s]
INFO (IPF008): 0.0.B: A max_length bound of 128 was found for the property "descrambler.u_descrambler_sva.gen_dout_chk[70]._assert_9" in 0.00 s.
0.0.B: Trace Attempt  1	[0.00 s]
0.0.N: Trace Attempt  1	[0.00 s]
0.0.B: Trace Attempt  2	[0.00 s]
0.0.B: Trace Attempt  3	[0.00 s]
0.0.B: Trace Attempt  4	[0.00 s]
0.0.N: Trace Attempt  2	[0.00 s]
0.0.B: Trace Attempt  5	[0.00 s]
0.0.N: Trace Attempt  2	[0.00 s]
0.0.N: Trace Attempt  3	[0.00 s]
0.0.N: Trace Attempt  3	[0.00 s]
0.0.N: Trace Attempt  4	[0.00 s]
0.0.N: Trace Attempt  5	[0.00 s]
0.0.N: Trace Attempt  1	[0.00 s]
0.0.N: Trace Attempt  2	[0.00 s]
0.0.N: Trace Attempt  3	[0.00 s]
0.0.N: Validation of fixpoint was successful. Time = 0.00
0.0.N: A proof was found: No trace exists. [0.01 s]
INFO (IPF057): 0.0.N: The property "descrambler.u_descrambler_sva.gen_dout_chk[70]._assert_9" was proven in 0.00 s.
0.0.N: Stopped processing property "descrambler.u_descrambler_sva.gen_dout_chk[70]._assert_9"	[0.00 s].
0.0.B: Stopped processing property "descrambler.u_descrambler_sva.gen_dout_chk[70]._assert_9"	[0.00 s].
0.0.B: Starting proof for property "descrambler.u_descrambler_sva.gen_dout_chk[71]._assert_9"	[0.00 s].
0.0.N: Starting proof for property "descrambler.u_descrambler_sva.gen_dout_chk[71]._assert_9"	[0.00 s].
0.0.B: A max_length bound was found. The shortest trace is no longer than 128 cycles. [0.00 s]
INFO (IPF008): 0.0.B: A max_length bound of 128 was found for the property "descrambler.u_descrambler_sva.gen_dout_chk[71]._assert_9" in 0.00 s.
0.0.B: Trace Attempt  1	[0.00 s]
0.0.B: Trace Attempt  2	[0.00 s]
0.0.N: Trace Attempt  1	[0.00 s]
0.0.B: Trace Attempt  3	[0.00 s]
0.0.B: Trace Attempt  4	[0.00 s]
0.0.N: Trace Attempt  2	[0.00 s]
0.0.B: Trace Attempt  5	[0.00 s]
0.0.N: Trace Attempt  2	[0.00 s]
0.0.N: Trace Attempt  3	[0.00 s]
0.0.N: Trace Attempt  3	[0.00 s]
0.0.N: Trace Attempt  4	[0.00 s]
0.0.N: Trace Attempt  5	[0.00 s]
0.0.N: Trace Attempt  1	[0.00 s]
0.0.N: Trace Attempt  2	[0.00 s]
0.0.N: Trace Attempt  3	[0.00 s]
0.0.N: Validation of fixpoint was successful. Time = 0.00
0.0.N: A proof was found: No trace exists. [0.01 s]
INFO (IPF057): 0.0.N: The property "descrambler.u_descrambler_sva.gen_dout_chk[71]._assert_9" was proven in 0.01 s.
0.0.N: Stopped processing property "descrambler.u_descrambler_sva.gen_dout_chk[71]._assert_9"	[0.01 s].
0.0.N: Starting proof for property "descrambler.u_descrambler_sva.gen_dout_chk[72]._assert_9"	[0.00 s].
0.0.B: Stopped processing property "descrambler.u_descrambler_sva.gen_dout_chk[71]._assert_9"	[0.01 s].
0.0.B: Starting proof for property "descrambler.u_descrambler_sva.gen_dout_chk[72]._assert_9"	[0.00 s].
0.0.B: A max_length bound was found. The shortest trace is no longer than 128 cycles. [0.00 s]
INFO (IPF008): 0.0.B: A max_length bound of 128 was found for the property "descrambler.u_descrambler_sva.gen_dout_chk[72]._assert_9" in 0.00 s.
0.0.B: Trace Attempt  1	[0.00 s]
0.0.B: Trace Attempt  2	[0.00 s]
0.0.N: Trace Attempt  1	[0.00 s]
0.0.B: Trace Attempt  3	[0.00 s]
0.0.B: Trace Attempt  4	[0.00 s]
0.0.N: Trace Attempt  2	[0.00 s]
0.0.B: Trace Attempt  5	[0.00 s]
0.0.N: Trace Attempt  2	[0.00 s]
0.0.N: Trace Attempt  3	[0.00 s]
0.0.N: Trace Attempt  3	[0.00 s]
0.0.N: Trace Attempt  4	[0.00 s]
0.0.N: Trace Attempt  5	[0.00 s]
0.0.N: Trace Attempt  1	[0.00 s]
0.0.N: Trace Attempt  2	[0.00 s]
0.0.N: Trace Attempt  3	[0.00 s]
0.0.N: Validation of fixpoint was successful. Time = 0.00
0.0.N: A proof was found: No trace exists. [0.01 s]
INFO (IPF057): 0.0.N: The property "descrambler.u_descrambler_sva.gen_dout_chk[72]._assert_9" was proven in 0.00 s.
0.0.N: Stopped processing property "descrambler.u_descrambler_sva.gen_dout_chk[72]._assert_9"	[0.00 s].
0.0.N: Starting proof for property "descrambler.u_descrambler_sva.gen_dout_chk[73]._assert_9"	[0.00 s].
0.0.B: Stopped processing property "descrambler.u_descrambler_sva.gen_dout_chk[72]._assert_9"	[0.00 s].
0.0.B: Starting proof for property "descrambler.u_descrambler_sva.gen_dout_chk[73]._assert_9"	[0.00 s].
0.0.B: A max_length bound was found. The shortest trace is no longer than 128 cycles. [0.00 s]
INFO (IPF008): 0.0.B: A max_length bound of 128 was found for the property "descrambler.u_descrambler_sva.gen_dout_chk[73]._assert_9" in 0.00 s.
0.0.B: Trace Attempt  1	[0.00 s]
0.0.N: Trace Attempt  1	[0.00 s]
0.0.B: Trace Attempt  2	[0.00 s]
0.0.B: Trace Attempt  3	[0.00 s]
0.0.B: Trace Attempt  4	[0.00 s]
0.0.N: Trace Attempt  2	[0.00 s]
0.0.B: Trace Attempt  5	[0.00 s]
0.0.N: Trace Attempt  2	[0.00 s]
0.0.N: Trace Attempt  3	[0.00 s]
0.0.N: Trace Attempt  3	[0.00 s]
0.0.N: Trace Attempt  4	[0.00 s]
0.0.N: Trace Attempt  5	[0.00 s]
0.0.N: Trace Attempt  1	[0.00 s]
0.0.N: Trace Attempt  2	[0.00 s]
0.0.N: Trace Attempt  3	[0.00 s]
0.0.N: Validation of fixpoint was successful. Time = 0.00
0.0.N: A proof was found: No trace exists. [0.01 s]
INFO (IPF057): 0.0.N: The property "descrambler.u_descrambler_sva.gen_dout_chk[73]._assert_9" was proven in 0.00 s.
0.0.N: Stopped processing property "descrambler.u_descrambler_sva.gen_dout_chk[73]._assert_9"	[0.00 s].
0.0.B: Stopped processing property "descrambler.u_descrambler_sva.gen_dout_chk[73]._assert_9"	[0.00 s].
0.0.B: Starting proof for property "descrambler.u_descrambler_sva.gen_dout_chk[74]._assert_9"	[0.00 s].
0.0.N: Starting proof for property "descrambler.u_descrambler_sva.gen_dout_chk[74]._assert_9"	[0.00 s].
0.0.B: A max_length bound was found. The shortest trace is no longer than 128 cycles. [0.00 s]
INFO (IPF008): 0.0.B: A max_length bound of 128 was found for the property "descrambler.u_descrambler_sva.gen_dout_chk[74]._assert_9" in 0.00 s.
0.0.B: Trace Attempt  1	[0.00 s]
0.0.B: Trace Attempt  2	[0.00 s]
0.0.N: Trace Attempt  1	[0.00 s]
0.0.B: Trace Attempt  3	[0.00 s]
0.0.B: Trace Attempt  4	[0.00 s]
0.0.N: Trace Attempt  2	[0.00 s]
0.0.B: Trace Attempt  5	[0.00 s]
0.0.N: Trace Attempt  2	[0.00 s]
0.0.N: Trace Attempt  3	[0.00 s]
0.0.N: Trace Attempt  3	[0.00 s]
0.0.N: Trace Attempt  4	[0.00 s]
0.0.N: Trace Attempt  5	[0.00 s]
0.0.N: Trace Attempt  1	[0.00 s]
0.0.N: Trace Attempt  2	[0.00 s]
0.0.N: Trace Attempt  3	[0.00 s]
0.0.N: Validation of fixpoint was successful. Time = 0.00
0.0.N: A proof was found: No trace exists. [0.01 s]
INFO (IPF057): 0.0.N: The property "descrambler.u_descrambler_sva.gen_dout_chk[74]._assert_9" was proven in 0.00 s.
0.0.B: Stopped processing property "descrambler.u_descrambler_sva.gen_dout_chk[74]._assert_9"	[0.00 s].
0.0.B: Starting proof for property "descrambler.u_descrambler_sva.gen_dout_chk[75]._assert_9"	[0.00 s].
0.0.N: Stopped processing property "descrambler.u_descrambler_sva.gen_dout_chk[74]._assert_9"	[0.00 s].
0.0.N: Starting proof for property "descrambler.u_descrambler_sva.gen_dout_chk[75]._assert_9"	[0.00 s].
0.0.B: A max_length bound was found. The shortest trace is no longer than 128 cycles. [0.00 s]
INFO (IPF008): 0.0.B: A max_length bound of 128 was found for the property "descrambler.u_descrambler_sva.gen_dout_chk[75]._assert_9" in 0.00 s.
0.0.B: Trace Attempt  1	[0.00 s]
0.0.B: Trace Attempt  2	[0.00 s]
0.0.N: Trace Attempt  1	[0.00 s]
0.0.B: Trace Attempt  3	[0.00 s]
0.0.B: Trace Attempt  4	[0.00 s]
0.0.N: Trace Attempt  2	[0.00 s]
0.0.B: Trace Attempt  5	[0.00 s]
0.0.N: Trace Attempt  2	[0.00 s]
0.0.N: Trace Attempt  3	[0.00 s]
0.0.N: Trace Attempt  3	[0.00 s]
0.0.N: Trace Attempt  4	[0.00 s]
0.0.N: Trace Attempt  5	[0.00 s]
0.0.N: Trace Attempt  1	[0.00 s]
0.0.N: Trace Attempt  2	[0.00 s]
0.0.N: Trace Attempt  3	[0.00 s]
0.0.N: Validation of fixpoint was successful. Time = 0.00
0.0.N: A proof was found: No trace exists. [0.01 s]
INFO (IPF057): 0.0.N: The property "descrambler.u_descrambler_sva.gen_dout_chk[75]._assert_9" was proven in 0.01 s.
0.0.N: Stopped processing property "descrambler.u_descrambler_sva.gen_dout_chk[75]._assert_9"	[0.01 s].
0.0.N: Starting proof for property "descrambler.u_descrambler_sva.gen_dout_chk[76]._assert_9"	[0.00 s].
0.0.B: Stopped processing property "descrambler.u_descrambler_sva.gen_dout_chk[75]._assert_9"	[0.01 s].
0.0.B: Starting proof for property "descrambler.u_descrambler_sva.gen_dout_chk[76]._assert_9"	[0.00 s].
0.0.B: A max_length bound was found. The shortest trace is no longer than 128 cycles. [0.00 s]
INFO (IPF008): 0.0.B: A max_length bound of 128 was found for the property "descrambler.u_descrambler_sva.gen_dout_chk[76]._assert_9" in 0.00 s.
0.0.B: Trace Attempt  1	[0.00 s]
0.0.B: Trace Attempt  2	[0.00 s]
0.0.N: Trace Attempt  1	[0.00 s]
0.0.B: Trace Attempt  3	[0.00 s]
0.0.B: Trace Attempt  4	[0.00 s]
0.0.N: Trace Attempt  2	[0.00 s]
0.0.B: Trace Attempt  5	[0.00 s]
0.0.N: Trace Attempt  2	[0.00 s]
0.0.N: Trace Attempt  3	[0.00 s]
0.0.N: Trace Attempt  3	[0.00 s]
0.0.N: Trace Attempt  4	[0.00 s]
0.0.N: Trace Attempt  5	[0.00 s]
0.0.N: Trace Attempt  1	[0.00 s]
0.0.N: Trace Attempt  2	[0.00 s]
0.0.N: Trace Attempt  3	[0.00 s]
0.0.N: Validation of fixpoint was successful. Time = 0.00
0.0.N: A proof was found: No trace exists. [0.01 s]
INFO (IPF057): 0.0.N: The property "descrambler.u_descrambler_sva.gen_dout_chk[76]._assert_9" was proven in 0.00 s.
0.0.N: Stopped processing property "descrambler.u_descrambler_sva.gen_dout_chk[76]._assert_9"	[0.00 s].
0.0.N: Starting proof for property "descrambler.u_descrambler_sva.gen_dout_chk[77]._assert_9"	[0.00 s].
0.0.B: Stopped processing property "descrambler.u_descrambler_sva.gen_dout_chk[76]._assert_9"	[0.00 s].
0.0.B: Starting proof for property "descrambler.u_descrambler_sva.gen_dout_chk[77]._assert_9"	[0.00 s].
0.0.B: A max_length bound was found. The shortest trace is no longer than 128 cycles. [0.00 s]
INFO (IPF008): 0.0.B: A max_length bound of 128 was found for the property "descrambler.u_descrambler_sva.gen_dout_chk[77]._assert_9" in 0.00 s.
0.0.B: Trace Attempt  1	[0.00 s]
0.0.B: Trace Attempt  2	[0.00 s]
0.0.N: Trace Attempt  1	[0.00 s]
0.0.B: Trace Attempt  3	[0.00 s]
0.0.B: Trace Attempt  4	[0.00 s]
0.0.B: Trace Attempt  5	[0.00 s]
0.0.N: Trace Attempt  2	[0.00 s]
0.0.N: Trace Attempt  2	[0.00 s]
0.0.N: Trace Attempt  3	[0.00 s]
0.0.N: Trace Attempt  3	[0.00 s]
0.0.N: Trace Attempt  4	[0.00 s]
0.0.N: Trace Attempt  5	[0.00 s]
0.0.N: Trace Attempt  1	[0.00 s]
0.0.N: Trace Attempt  2	[0.00 s]
0.0.N: Trace Attempt  3	[0.00 s]
0.0.N: Validation of fixpoint was successful. Time = 0.00
0.0.N: A proof was found: No trace exists. [0.01 s]
INFO (IPF057): 0.0.N: The property "descrambler.u_descrambler_sva.gen_dout_chk[77]._assert_9" was proven in 0.00 s.
0.0.N: Stopped processing property "descrambler.u_descrambler_sva.gen_dout_chk[77]._assert_9"	[0.00 s].
0.0.N: Starting proof for property "descrambler.u_descrambler_sva.gen_dout_chk[78]._assert_9"	[0.00 s].
0.0.B: Stopped processing property "descrambler.u_descrambler_sva.gen_dout_chk[77]._assert_9"	[0.00 s].
0.0.B: Starting proof for property "descrambler.u_descrambler_sva.gen_dout_chk[78]._assert_9"	[0.00 s].
0.0.B: A max_length bound was found. The shortest trace is no longer than 128 cycles. [0.00 s]
INFO (IPF008): 0.0.B: A max_length bound of 128 was found for the property "descrambler.u_descrambler_sva.gen_dout_chk[78]._assert_9" in 0.00 s.
0.0.B: Trace Attempt  1	[0.00 s]
0.0.N: Trace Attempt  1	[0.00 s]
0.0.B: Trace Attempt  2	[0.00 s]
0.0.B: Trace Attempt  3	[0.00 s]
0.0.B: Trace Attempt  4	[0.00 s]
0.0.N: Trace Attempt  2	[0.00 s]
0.0.B: Trace Attempt  5	[0.00 s]
0.0.N: Trace Attempt  2	[0.00 s]
0.0.N: Trace Attempt  3	[0.00 s]
0.0.N: Trace Attempt  3	[0.00 s]
0.0.N: Trace Attempt  4	[0.00 s]
0.0.N: Trace Attempt  5	[0.00 s]
0.0.N: Trace Attempt  1	[0.00 s]
0.0.N: Trace Attempt  2	[0.00 s]
0.0.N: Trace Attempt  3	[0.00 s]
0.0.N: Validation of fixpoint was successful. Time = 0.00
0.0.N: A proof was found: No trace exists. [0.01 s]
INFO (IPF057): 0.0.N: The property "descrambler.u_descrambler_sva.gen_dout_chk[78]._assert_9" was proven in 0.00 s.
0.0.N: Stopped processing property "descrambler.u_descrambler_sva.gen_dout_chk[78]._assert_9"	[0.00 s].
0.0.N: Starting proof for property "descrambler.u_descrambler_sva.gen_dout_chk[79]._assert_9"	[0.00 s].
0.0.B: Stopped processing property "descrambler.u_descrambler_sva.gen_dout_chk[78]._assert_9"	[0.00 s].
0.0.B: Starting proof for property "descrambler.u_descrambler_sva.gen_dout_chk[79]._assert_9"	[0.00 s].
0.0.B: A max_length bound was found. The shortest trace is no longer than 128 cycles. [0.00 s]
INFO (IPF008): 0.0.B: A max_length bound of 128 was found for the property "descrambler.u_descrambler_sva.gen_dout_chk[79]._assert_9" in 0.00 s.
0.0.B: Trace Attempt  1	[0.00 s]
0.0.B: Trace Attempt  2	[0.00 s]
0.0.N: Trace Attempt  1	[0.00 s]
0.0.B: Trace Attempt  3	[0.00 s]
0.0.B: Trace Attempt  4	[0.00 s]
0.0.N: Trace Attempt  2	[0.00 s]
0.0.B: Trace Attempt  5	[0.00 s]
0.0.N: Trace Attempt  2	[0.00 s]
0.0.N: Trace Attempt  3	[0.00 s]
0.0.N: Trace Attempt  3	[0.00 s]
0.0.N: Trace Attempt  4	[0.00 s]
0.0.N: Trace Attempt  5	[0.00 s]
0.0.N: Trace Attempt  1	[0.00 s]
0.0.N: Trace Attempt  2	[0.00 s]
0.0.N: Trace Attempt  3	[0.00 s]
0.0.N: Validation of fixpoint was successful. Time = 0.00
0.0.N: A proof was found: No trace exists. [0.01 s]
INFO (IPF057): 0.0.N: The property "descrambler.u_descrambler_sva.gen_dout_chk[79]._assert_9" was proven in 0.01 s.
0.0.N: Stopped processing property "descrambler.u_descrambler_sva.gen_dout_chk[79]._assert_9"	[0.01 s].
0.0.B: Stopped processing property "descrambler.u_descrambler_sva.gen_dout_chk[79]._assert_9"	[0.01 s].
0.0.B: Starting proof for property "descrambler.u_descrambler_sva.gen_dout_chk[80]._assert_9"	[0.00 s].
0.0.N: Starting proof for property "descrambler.u_descrambler_sva.gen_dout_chk[80]._assert_9"	[0.00 s].
0.0.B: A max_length bound was found. The shortest trace is no longer than 128 cycles. [0.00 s]
INFO (IPF008): 0.0.B: A max_length bound of 128 was found for the property "descrambler.u_descrambler_sva.gen_dout_chk[80]._assert_9" in 0.00 s.
0.0.B: Trace Attempt  1	[0.00 s]
0.0.B: Trace Attempt  2	[0.00 s]
0.0.B: Trace Attempt  3	[0.00 s]
0.0.N: Trace Attempt  1	[0.00 s]
0.0.B: Trace Attempt  4	[0.00 s]
0.0.B: Trace Attempt  5	[0.00 s]
0.0.N: Trace Attempt  2	[0.00 s]
0.0.N: Trace Attempt  2	[0.00 s]
0.0.N: Trace Attempt  3	[0.00 s]
0.0.N: Trace Attempt  3	[0.00 s]
0.0.N: Trace Attempt  4	[0.00 s]
0.0.N: Trace Attempt  5	[0.00 s]
0.0.N: Trace Attempt  1	[0.00 s]
0.0.N: Trace Attempt  2	[0.00 s]
0.0.N: Trace Attempt  3	[0.00 s]
0.0.N: Validation of fixpoint was successful. Time = 0.00
0.0.N: A proof was found: No trace exists. [0.01 s]
INFO (IPF057): 0.0.N: The property "descrambler.u_descrambler_sva.gen_dout_chk[80]._assert_9" was proven in 0.00 s.
0.0.N: Stopped processing property "descrambler.u_descrambler_sva.gen_dout_chk[80]._assert_9"	[0.00 s].
0.0.N: Starting proof for property "descrambler.u_descrambler_sva.gen_dout_chk[81]._assert_9"	[0.00 s].
0.0.B: Stopped processing property "descrambler.u_descrambler_sva.gen_dout_chk[80]._assert_9"	[0.00 s].
0.0.B: Starting proof for property "descrambler.u_descrambler_sva.gen_dout_chk[81]._assert_9"	[0.00 s].
0.0.B: A max_length bound was found. The shortest trace is no longer than 128 cycles. [0.00 s]
INFO (IPF008): 0.0.B: A max_length bound of 128 was found for the property "descrambler.u_descrambler_sva.gen_dout_chk[81]._assert_9" in 0.00 s.
0.0.B: Trace Attempt  1	[0.00 s]
0.0.N: Trace Attempt  1	[0.00 s]
0.0.B: Trace Attempt  2	[0.00 s]
0.0.B: Trace Attempt  3	[0.00 s]
0.0.B: Trace Attempt  4	[0.00 s]
0.0.N: Trace Attempt  2	[0.00 s]
0.0.B: Trace Attempt  5	[0.00 s]
0.0.N: Trace Attempt  2	[0.00 s]
0.0.N: Trace Attempt  3	[0.00 s]
0.0.N: Trace Attempt  3	[0.00 s]
0.0.N: Trace Attempt  4	[0.00 s]
0.0.N: Trace Attempt  5	[0.00 s]
0.0.N: Trace Attempt  1	[0.00 s]
0.0.N: Trace Attempt  2	[0.00 s]
0.0.N: Trace Attempt  3	[0.00 s]
0.0.N: Validation of fixpoint was successful. Time = 0.00
0.0.N: A proof was found: No trace exists. [0.01 s]
INFO (IPF057): 0.0.N: The property "descrambler.u_descrambler_sva.gen_dout_chk[81]._assert_9" was proven in 0.00 s.
0.0.N: Stopped processing property "descrambler.u_descrambler_sva.gen_dout_chk[81]._assert_9"	[0.00 s].
0.0.N: Starting proof for property "descrambler.u_descrambler_sva.gen_dout_chk[82]._assert_9"	[0.00 s].
0.0.B: Stopped processing property "descrambler.u_descrambler_sva.gen_dout_chk[81]._assert_9"	[0.00 s].
0.0.B: Starting proof for property "descrambler.u_descrambler_sva.gen_dout_chk[82]._assert_9"	[0.00 s].
0.0.B: A max_length bound was found. The shortest trace is no longer than 128 cycles. [0.00 s]
INFO (IPF008): 0.0.B: A max_length bound of 128 was found for the property "descrambler.u_descrambler_sva.gen_dout_chk[82]._assert_9" in 0.00 s.
0.0.B: Trace Attempt  1	[0.00 s]
0.0.N: Trace Attempt  1	[0.00 s]
0.0.B: Trace Attempt  2	[0.00 s]
0.0.B: Trace Attempt  3	[0.00 s]
0.0.B: Trace Attempt  4	[0.00 s]
0.0.N: Trace Attempt  2	[0.00 s]
0.0.B: Trace Attempt  5	[0.00 s]
0.0.N: Trace Attempt  2	[0.00 s]
0.0.N: Trace Attempt  3	[0.00 s]
0.0.N: Trace Attempt  3	[0.00 s]
0.0.N: Trace Attempt  4	[0.00 s]
0.0.N: Trace Attempt  5	[0.00 s]
0.0.N: Trace Attempt  1	[0.00 s]
0.0.N: Trace Attempt  2	[0.00 s]
0.0.N: Trace Attempt  3	[0.00 s]
0.0.N: Validation of fixpoint was successful. Time = 0.00
0.0.N: A proof was found: No trace exists. [0.01 s]
INFO (IPF057): 0.0.N: The property "descrambler.u_descrambler_sva.gen_dout_chk[82]._assert_9" was proven in 0.00 s.
0.0.N: Stopped processing property "descrambler.u_descrambler_sva.gen_dout_chk[82]._assert_9"	[0.00 s].
0.0.N: Starting proof for property "descrambler.u_descrambler_sva.gen_dout_chk[83]._assert_9"	[0.00 s].
0.0.B: Stopped processing property "descrambler.u_descrambler_sva.gen_dout_chk[82]._assert_9"	[0.00 s].
0.0.B: Starting proof for property "descrambler.u_descrambler_sva.gen_dout_chk[83]._assert_9"	[0.00 s].
0.0.B: A max_length bound was found. The shortest trace is no longer than 128 cycles. [0.00 s]
INFO (IPF008): 0.0.B: A max_length bound of 128 was found for the property "descrambler.u_descrambler_sva.gen_dout_chk[83]._assert_9" in 0.00 s.
0.0.B: Trace Attempt  1	[0.00 s]
0.0.N: Trace Attempt  1	[0.00 s]
0.0.B: Trace Attempt  2	[0.00 s]
0.0.B: Trace Attempt  3	[0.00 s]
0.0.B: Trace Attempt  4	[0.00 s]
0.0.N: Trace Attempt  2	[0.00 s]
0.0.B: Trace Attempt  5	[0.00 s]
0.0.N: Trace Attempt  2	[0.00 s]
0.0.N: Trace Attempt  3	[0.00 s]
0.0.N: Trace Attempt  3	[0.00 s]
0.0.N: Trace Attempt  4	[0.00 s]
0.0.N: Trace Attempt  5	[0.00 s]
0.0.N: Trace Attempt  1	[0.00 s]
0.0.N: Trace Attempt  2	[0.00 s]
0.0.N: Trace Attempt  3	[0.00 s]
0.0.N: Validation of fixpoint was successful. Time = 0.00
0.0.N: A proof was found: No trace exists. [0.01 s]
INFO (IPF057): 0.0.N: The property "descrambler.u_descrambler_sva.gen_dout_chk[83]._assert_9" was proven in 0.00 s.
0.0.N: Stopped processing property "descrambler.u_descrambler_sva.gen_dout_chk[83]._assert_9"	[0.00 s].
0.0.N: Starting proof for property "descrambler.u_descrambler_sva.gen_dout_chk[84]._assert_9"	[0.00 s].
0.0.B: Stopped processing property "descrambler.u_descrambler_sva.gen_dout_chk[83]._assert_9"	[0.00 s].
0.0.B: Starting proof for property "descrambler.u_descrambler_sva.gen_dout_chk[84]._assert_9"	[0.00 s].
0.0.N: Trace Attempt  1	[0.00 s]
0.0.N: A max_length bound was found. The shortest trace is no longer than 128 cycles. [0.00 s]
INFO (IPF008): 0.0.N: A max_length bound of 128 was found for the property "descrambler.u_descrambler_sva.gen_dout_chk[84]._assert_9" in 0.00 s.
0.0.B: Trace Attempt  1	[0.00 s]
0.0.B: Trace Attempt  2	[0.00 s]
0.0.B: Trace Attempt  3	[0.00 s]
0.0.N: Trace Attempt  2	[0.00 s]
0.0.B: Trace Attempt  4	[0.00 s]
0.0.N: Trace Attempt  2	[0.00 s]
0.0.B: Trace Attempt  5	[0.00 s]
0.0.N: Trace Attempt  3	[0.00 s]
0.0.N: Trace Attempt  3	[0.00 s]
0.0.N: Trace Attempt  4	[0.00 s]
0.0.N: Trace Attempt  5	[0.00 s]
0.0.N: Trace Attempt  1	[0.00 s]
0.0.N: Trace Attempt  2	[0.00 s]
0.0.N: Trace Attempt  3	[0.01 s]
0.0.N: Validation of fixpoint was successful. Time = 0.00
0.0.N: A proof was found: No trace exists. [0.01 s]
INFO (IPF057): 0.0.N: The property "descrambler.u_descrambler_sva.gen_dout_chk[84]._assert_9" was proven in 0.01 s.
0.0.N: Stopped processing property "descrambler.u_descrambler_sva.gen_dout_chk[84]._assert_9"	[0.01 s].
0.0.N: Starting proof for property "descrambler.u_descrambler_sva.gen_dout_chk[85]._assert_9"	[0.00 s].
0.0.B: Stopped processing property "descrambler.u_descrambler_sva.gen_dout_chk[84]._assert_9"	[0.01 s].
0.0.B: Starting proof for property "descrambler.u_descrambler_sva.gen_dout_chk[85]._assert_9"	[0.00 s].
0.0.B: A max_length bound was found. The shortest trace is no longer than 128 cycles. [0.00 s]
INFO (IPF008): 0.0.B: A max_length bound of 128 was found for the property "descrambler.u_descrambler_sva.gen_dout_chk[85]._assert_9" in 0.00 s.
0.0.B: Trace Attempt  1	[0.00 s]
0.0.B: Trace Attempt  2	[0.00 s]
0.0.N: Trace Attempt  1	[0.00 s]
0.0.B: Trace Attempt  3	[0.00 s]
0.0.B: Trace Attempt  4	[0.00 s]
0.0.N: Trace Attempt  2	[0.00 s]
0.0.B: Trace Attempt  5	[0.00 s]
0.0.N: Trace Attempt  2	[0.00 s]
0.0.N: Trace Attempt  3	[0.00 s]
0.0.N: Trace Attempt  3	[0.00 s]
0.0.N: Trace Attempt  4	[0.00 s]
0.0.N: Trace Attempt  5	[0.00 s]
0.0.N: Trace Attempt  1	[0.00 s]
0.0.N: Trace Attempt  2	[0.00 s]
0.0.N: Trace Attempt  3	[0.00 s]
0.0.N: Validation of fixpoint was successful. Time = 0.00
0.0.N: A proof was found: No trace exists. [0.01 s]
INFO (IPF057): 0.0.N: The property "descrambler.u_descrambler_sva.gen_dout_chk[85]._assert_9" was proven in 0.01 s.
0.0.N: Stopped processing property "descrambler.u_descrambler_sva.gen_dout_chk[85]._assert_9"	[0.01 s].
0.0.N: Starting proof for property "descrambler.u_descrambler_sva.gen_dout_chk[86]._assert_9"	[0.00 s].
0.0.B: Stopped processing property "descrambler.u_descrambler_sva.gen_dout_chk[85]._assert_9"	[0.01 s].
0.0.B: Starting proof for property "descrambler.u_descrambler_sva.gen_dout_chk[86]._assert_9"	[0.00 s].
0.0.B: A max_length bound was found. The shortest trace is no longer than 128 cycles. [0.00 s]
INFO (IPF008): 0.0.B: A max_length bound of 128 was found for the property "descrambler.u_descrambler_sva.gen_dout_chk[86]._assert_9" in 0.00 s.
0.0.B: Trace Attempt  1	[0.00 s]
0.0.B: Trace Attempt  2	[0.00 s]
0.0.N: Trace Attempt  1	[0.00 s]
0.0.B: Trace Attempt  3	[0.00 s]
0.0.B: Trace Attempt  4	[0.00 s]
0.0.N: Trace Attempt  2	[0.00 s]
0.0.B: Trace Attempt  5	[0.00 s]
0.0.N: Trace Attempt  2	[0.00 s]
0.0.N: Trace Attempt  3	[0.00 s]
0.0.N: Trace Attempt  3	[0.00 s]
0.0.N: Trace Attempt  4	[0.00 s]
0.0.N: Trace Attempt  5	[0.00 s]
0.0.N: Trace Attempt  1	[0.00 s]
0.0.N: Trace Attempt  2	[0.00 s]
0.0.N: Trace Attempt  3	[0.00 s]
0.0.N: Validation of fixpoint was successful. Time = 0.00
0.0.N: A proof was found: No trace exists. [0.01 s]
INFO (IPF057): 0.0.N: The property "descrambler.u_descrambler_sva.gen_dout_chk[86]._assert_9" was proven in 0.00 s.
0.0.N: Stopped processing property "descrambler.u_descrambler_sva.gen_dout_chk[86]._assert_9"	[0.00 s].
0.0.N: Starting proof for property "descrambler.u_descrambler_sva.gen_dout_chk[87]._assert_9"	[0.00 s].
0.0.B: Stopped processing property "descrambler.u_descrambler_sva.gen_dout_chk[86]._assert_9"	[0.00 s].
0.0.B: Starting proof for property "descrambler.u_descrambler_sva.gen_dout_chk[87]._assert_9"	[0.00 s].
0.0.B: A max_length bound was found. The shortest trace is no longer than 128 cycles. [0.00 s]
INFO (IPF008): 0.0.B: A max_length bound of 128 was found for the property "descrambler.u_descrambler_sva.gen_dout_chk[87]._assert_9" in 0.00 s.
0.0.B: Trace Attempt  1	[0.00 s]
0.0.B: Trace Attempt  2	[0.00 s]
0.0.N: Trace Attempt  1	[0.00 s]
0.0.B: Trace Attempt  3	[0.00 s]
0.0.B: Trace Attempt  4	[0.00 s]
0.0.N: Trace Attempt  2	[0.00 s]
0.0.B: Trace Attempt  5	[0.00 s]
0.0.N: Trace Attempt  2	[0.00 s]
0.0.N: Trace Attempt  3	[0.00 s]
0.0.N: Trace Attempt  3	[0.00 s]
0.0.N: Trace Attempt  4	[0.00 s]
0.0.N: Trace Attempt  5	[0.00 s]
0.0.N: Trace Attempt  1	[0.00 s]
0.0.N: Trace Attempt  2	[0.00 s]
0.0.N: Trace Attempt  3	[0.01 s]
0.0.N: Validation of fixpoint was successful. Time = 0.00
0.0.N: A proof was found: No trace exists. [0.01 s]
INFO (IPF057): 0.0.N: The property "descrambler.u_descrambler_sva.gen_dout_chk[87]._assert_9" was proven in 0.00 s.
0.0.N: Stopped processing property "descrambler.u_descrambler_sva.gen_dout_chk[87]._assert_9"	[0.00 s].
0.0.N: Starting proof for property "descrambler.u_descrambler_sva.gen_dout_chk[88]._assert_9"	[0.00 s].
0.0.B: Stopped processing property "descrambler.u_descrambler_sva.gen_dout_chk[87]._assert_9"	[0.00 s].
0.0.B: Starting proof for property "descrambler.u_descrambler_sva.gen_dout_chk[88]._assert_9"	[0.00 s].
0.0.B: A max_length bound was found. The shortest trace is no longer than 128 cycles. [0.00 s]
INFO (IPF008): 0.0.B: A max_length bound of 128 was found for the property "descrambler.u_descrambler_sva.gen_dout_chk[88]._assert_9" in 0.00 s.
0.0.B: Trace Attempt  1	[0.00 s]
0.0.N: Trace Attempt  1	[0.00 s]
0.0.B: Trace Attempt  2	[0.00 s]
0.0.B: Trace Attempt  3	[0.00 s]
0.0.B: Trace Attempt  4	[0.00 s]
0.0.N: Trace Attempt  2	[0.00 s]
0.0.B: Trace Attempt  5	[0.00 s]
0.0.N: Trace Attempt  2	[0.00 s]
0.0.N: Trace Attempt  3	[0.00 s]
0.0.N: Trace Attempt  3	[0.00 s]
0.0.N: Trace Attempt  4	[0.00 s]
0.0.N: Trace Attempt  5	[0.00 s]
0.0.N: Trace Attempt  1	[0.00 s]
0.0.N: Trace Attempt  2	[0.00 s]
0.0.N: Trace Attempt  3	[0.00 s]
0.0.N: Validation of fixpoint was successful. Time = 0.00
0.0.N: A proof was found: No trace exists. [0.01 s]
INFO (IPF057): 0.0.N: The property "descrambler.u_descrambler_sva.gen_dout_chk[88]._assert_9" was proven in 0.01 s.
0.0.N: Stopped processing property "descrambler.u_descrambler_sva.gen_dout_chk[88]._assert_9"	[0.01 s].
0.0.B: Stopped processing property "descrambler.u_descrambler_sva.gen_dout_chk[88]._assert_9"	[0.01 s].
0.0.B: Starting proof for property "descrambler.u_descrambler_sva.gen_dout_chk[89]._assert_9"	[0.00 s].
0.0.N: Starting proof for property "descrambler.u_descrambler_sva.gen_dout_chk[89]._assert_9"	[0.00 s].
0.0.B: A max_length bound was found. The shortest trace is no longer than 128 cycles. [0.00 s]
INFO (IPF008): 0.0.B: A max_length bound of 128 was found for the property "descrambler.u_descrambler_sva.gen_dout_chk[89]._assert_9" in 0.00 s.
0.0.B: Trace Attempt  1	[0.00 s]
0.0.B: Trace Attempt  2	[0.00 s]
0.0.B: Trace Attempt  3	[0.00 s]
0.0.N: Trace Attempt  1	[0.00 s]
0.0.B: Trace Attempt  4	[0.00 s]
0.0.N: Trace Attempt  2	[0.00 s]
0.0.B: Trace Attempt  5	[0.00 s]
0.0.N: Trace Attempt  2	[0.00 s]
0.0.N: Trace Attempt  3	[0.00 s]
0.0.N: Trace Attempt  3	[0.00 s]
0.0.N: Trace Attempt  4	[0.00 s]
0.0.N: Trace Attempt  5	[0.00 s]
0.0.N: Trace Attempt  1	[0.00 s]
0.0.N: Trace Attempt  2	[0.00 s]
0.0.N: Trace Attempt  3	[0.00 s]
0.0.N: Validation of fixpoint was successful. Time = 0.00
0.0.N: A proof was found: No trace exists. [0.01 s]
INFO (IPF057): 0.0.N: The property "descrambler.u_descrambler_sva.gen_dout_chk[89]._assert_9" was proven in 0.00 s.
0.0.N: Stopped processing property "descrambler.u_descrambler_sva.gen_dout_chk[89]._assert_9"	[0.00 s].
0.0.N: Starting proof for property "descrambler.u_descrambler_sva.gen_dout_chk[90]._assert_9"	[0.00 s].
0.0.B: Stopped processing property "descrambler.u_descrambler_sva.gen_dout_chk[89]._assert_9"	[0.00 s].
0.0.B: Starting proof for property "descrambler.u_descrambler_sva.gen_dout_chk[90]._assert_9"	[0.00 s].
0.0.B: A max_length bound was found. The shortest trace is no longer than 128 cycles. [0.00 s]
INFO (IPF008): 0.0.B: A max_length bound of 128 was found for the property "descrambler.u_descrambler_sva.gen_dout_chk[90]._assert_9" in 0.00 s.
0.0.B: Trace Attempt  1	[0.00 s]
0.0.B: Trace Attempt  2	[0.00 s]
0.0.N: Trace Attempt  1	[0.00 s]
0.0.B: Trace Attempt  3	[0.00 s]
0.0.B: Trace Attempt  4	[0.00 s]
0.0.N: Trace Attempt  2	[0.00 s]
0.0.B: Trace Attempt  5	[0.00 s]
0.0.N: Trace Attempt  2	[0.00 s]
0.0.N: Trace Attempt  3	[0.00 s]
0.0.N: Trace Attempt  3	[0.00 s]
0.0.N: Trace Attempt  4	[0.00 s]
0.0.N: Trace Attempt  5	[0.00 s]
0.0.N: Trace Attempt  1	[0.00 s]
0.0.N: Trace Attempt  2	[0.00 s]
0.0.N: Trace Attempt  3	[0.00 s]
0.0.N: Validation of fixpoint was successful. Time = 0.00
0.0.N: A proof was found: No trace exists. [0.01 s]
INFO (IPF057): 0.0.N: The property "descrambler.u_descrambler_sva.gen_dout_chk[90]._assert_9" was proven in 0.00 s.
0.0.N: Stopped processing property "descrambler.u_descrambler_sva.gen_dout_chk[90]._assert_9"	[0.00 s].
0.0.N: Starting proof for property "descrambler.u_descrambler_sva.gen_dout_chk[91]._assert_9"	[0.00 s].
0.0.B: Stopped processing property "descrambler.u_descrambler_sva.gen_dout_chk[90]._assert_9"	[0.00 s].
0.0.B: Starting proof for property "descrambler.u_descrambler_sva.gen_dout_chk[91]._assert_9"	[0.00 s].
0.0.B: A max_length bound was found. The shortest trace is no longer than 128 cycles. [0.00 s]
INFO (IPF008): 0.0.B: A max_length bound of 128 was found for the property "descrambler.u_descrambler_sva.gen_dout_chk[91]._assert_9" in 0.00 s.
0.0.B: Trace Attempt  1	[0.00 s]
0.0.B: Trace Attempt  2	[0.00 s]
0.0.N: Trace Attempt  1	[0.00 s]
0.0.B: Trace Attempt  3	[0.00 s]
0.0.B: Trace Attempt  4	[0.00 s]
0.0.N: Trace Attempt  2	[0.00 s]
0.0.B: Trace Attempt  5	[0.00 s]
0.0.N: Trace Attempt  2	[0.00 s]
0.0.N: Trace Attempt  3	[0.00 s]
0.0.N: Trace Attempt  3	[0.00 s]
0.0.N: Trace Attempt  4	[0.00 s]
0.0.N: Trace Attempt  5	[0.00 s]
0.0.N: Trace Attempt  1	[0.00 s]
0.0.N: Trace Attempt  2	[0.00 s]
0.0.N: Trace Attempt  3	[0.00 s]
0.0.N: Validation of fixpoint was successful. Time = 0.00
0.0.N: A proof was found: No trace exists. [0.01 s]
INFO (IPF057): 0.0.N: The property "descrambler.u_descrambler_sva.gen_dout_chk[91]._assert_9" was proven in 0.00 s.
0.0.N: Stopped processing property "descrambler.u_descrambler_sva.gen_dout_chk[91]._assert_9"	[0.00 s].
0.0.N: Starting proof for property "descrambler.u_descrambler_sva.gen_dout_chk[92]._assert_9"	[0.00 s].
0.0.B: Stopped processing property "descrambler.u_descrambler_sva.gen_dout_chk[91]._assert_9"	[0.00 s].
0.0.B: Starting proof for property "descrambler.u_descrambler_sva.gen_dout_chk[92]._assert_9"	[0.00 s].
0.0.B: A max_length bound was found. The shortest trace is no longer than 128 cycles. [0.00 s]
INFO (IPF008): 0.0.B: A max_length bound of 128 was found for the property "descrambler.u_descrambler_sva.gen_dout_chk[92]._assert_9" in 0.00 s.
0.0.B: Trace Attempt  1	[0.00 s]
0.0.B: Trace Attempt  2	[0.00 s]
0.0.N: Trace Attempt  1	[0.00 s]
0.0.B: Trace Attempt  3	[0.00 s]
0.0.B: Trace Attempt  4	[0.00 s]
0.0.N: Trace Attempt  2	[0.00 s]
0.0.B: Trace Attempt  5	[0.00 s]
0.0.N: Trace Attempt  2	[0.00 s]
0.0.N: Trace Attempt  3	[0.00 s]
0.0.N: Trace Attempt  3	[0.00 s]
0.0.N: Trace Attempt  4	[0.00 s]
0.0.N: Trace Attempt  5	[0.00 s]
0.0.N: Trace Attempt  1	[0.00 s]
0.0.N: Trace Attempt  2	[0.00 s]
0.0.N: Trace Attempt  3	[0.00 s]
0.0.N: Validation of fixpoint was successful. Time = 0.00
0.0.N: A proof was found: No trace exists. [0.01 s]
INFO (IPF057): 0.0.N: The property "descrambler.u_descrambler_sva.gen_dout_chk[92]._assert_9" was proven in 0.00 s.
0.0.N: Stopped processing property "descrambler.u_descrambler_sva.gen_dout_chk[92]._assert_9"	[0.00 s].
0.0.N: Starting proof for property "descrambler.u_descrambler_sva.gen_dout_chk[93]._assert_9"	[0.00 s].
0.0.B: Stopped processing property "descrambler.u_descrambler_sva.gen_dout_chk[92]._assert_9"	[0.00 s].
0.0.B: Starting proof for property "descrambler.u_descrambler_sva.gen_dout_chk[93]._assert_9"	[0.00 s].
0.0.B: A max_length bound was found. The shortest trace is no longer than 128 cycles. [0.00 s]
INFO (IPF008): 0.0.B: A max_length bound of 128 was found for the property "descrambler.u_descrambler_sva.gen_dout_chk[93]._assert_9" in 0.00 s.
0.0.B: Trace Attempt  1	[0.00 s]
0.0.N: Trace Attempt  1	[0.00 s]
0.0.B: Trace Attempt  2	[0.00 s]
0.0.B: Trace Attempt  3	[0.00 s]
0.0.B: Trace Attempt  4	[0.00 s]
0.0.N: Trace Attempt  2	[0.00 s]
0.0.B: Trace Attempt  5	[0.00 s]
0.0.N: Trace Attempt  2	[0.00 s]
0.0.N: Trace Attempt  3	[0.00 s]
0.0.N: Trace Attempt  3	[0.00 s]
0.0.N: Trace Attempt  4	[0.00 s]
0.0.N: Trace Attempt  5	[0.00 s]
0.0.N: Trace Attempt  1	[0.00 s]
0.0.N: Trace Attempt  2	[0.00 s]
0.0.N: Trace Attempt  3	[0.00 s]
0.0.N: Validation of fixpoint was successful. Time = 0.00
0.0.N: A proof was found: No trace exists. [0.01 s]
INFO (IPF057): 0.0.N: The property "descrambler.u_descrambler_sva.gen_dout_chk[93]._assert_9" was proven in 0.01 s.
0.0.N: Stopped processing property "descrambler.u_descrambler_sva.gen_dout_chk[93]._assert_9"	[0.01 s].
0.0.N: Starting proof for property "descrambler.u_descrambler_sva.gen_dout_chk[94]._assert_9"	[0.00 s].
0.0.B: Stopped processing property "descrambler.u_descrambler_sva.gen_dout_chk[93]._assert_9"	[0.01 s].
0.0.B: Starting proof for property "descrambler.u_descrambler_sva.gen_dout_chk[94]._assert_9"	[0.00 s].
0.0.B: A max_length bound was found. The shortest trace is no longer than 128 cycles. [0.00 s]
INFO (IPF008): 0.0.B: A max_length bound of 128 was found for the property "descrambler.u_descrambler_sva.gen_dout_chk[94]._assert_9" in 0.00 s.
0.0.B: Trace Attempt  1	[0.00 s]
0.0.N: Trace Attempt  1	[0.00 s]
0.0.B: Trace Attempt  2	[0.00 s]
0.0.B: Trace Attempt  3	[0.00 s]
0.0.N: Trace Attempt  2	[0.00 s]
0.0.B: Trace Attempt  4	[0.00 s]
0.0.B: Trace Attempt  5	[0.00 s]
0.0.N: Trace Attempt  2	[0.00 s]
0.0.N: Trace Attempt  3	[0.00 s]
0.0.N: Trace Attempt  3	[0.00 s]
0.0.N: Trace Attempt  4	[0.00 s]
0.0.N: Trace Attempt  5	[0.00 s]
0.0.N: Trace Attempt  1	[0.00 s]
0.0.N: Trace Attempt  2	[0.00 s]
0.0.N: Trace Attempt  3	[0.00 s]
0.0.N: Validation of fixpoint was successful. Time = 0.00
0.0.N: A proof was found: No trace exists. [0.01 s]
INFO (IPF057): 0.0.N: The property "descrambler.u_descrambler_sva.gen_dout_chk[94]._assert_9" was proven in 0.01 s.
0.0.N: Stopped processing property "descrambler.u_descrambler_sva.gen_dout_chk[94]._assert_9"	[0.01 s].
0.0.N: Starting proof for property "descrambler.u_descrambler_sva.gen_dout_chk[95]._assert_9"	[0.00 s].
0.0.B: Stopped processing property "descrambler.u_descrambler_sva.gen_dout_chk[94]._assert_9"	[0.01 s].
0.0.B: Starting proof for property "descrambler.u_descrambler_sva.gen_dout_chk[95]._assert_9"	[0.00 s].
0.0.N: Trace Attempt  1	[0.00 s]
0.0.N: A max_length bound was found. The shortest trace is no longer than 128 cycles. [0.00 s]
INFO (IPF008): 0.0.N: A max_length bound of 128 was found for the property "descrambler.u_descrambler_sva.gen_dout_chk[95]._assert_9" in 0.00 s.
0.0.B: Trace Attempt  1	[0.00 s]
0.0.B: Trace Attempt  2	[0.00 s]
0.0.B: Trace Attempt  3	[0.00 s]
0.0.N: Trace Attempt  2	[0.00 s]
0.0.B: Trace Attempt  4	[0.00 s]
0.0.N: Trace Attempt  2	[0.00 s]
0.0.B: Trace Attempt  5	[0.00 s]
0.0.N: Trace Attempt  3	[0.00 s]
0.0.N: Trace Attempt  3	[0.00 s]
0.0.N: Trace Attempt  4	[0.00 s]
0.0.N: Trace Attempt  5	[0.00 s]
0.0.N: Trace Attempt  1	[0.00 s]
0.0.N: Trace Attempt  2	[0.00 s]
0.0.N: Trace Attempt  3	[0.00 s]
0.0.N: Validation of fixpoint was successful. Time = 0.00
0.0.N: A proof was found: No trace exists. [0.01 s]
INFO (IPF057): 0.0.N: The property "descrambler.u_descrambler_sva.gen_dout_chk[95]._assert_9" was proven in 0.00 s.
0.0.N: Stopped processing property "descrambler.u_descrambler_sva.gen_dout_chk[95]._assert_9"	[0.00 s].
0.0.B: Stopped processing property "descrambler.u_descrambler_sva.gen_dout_chk[95]._assert_9"	[0.00 s].
0.0.B: Starting proof for property "descrambler.u_descrambler_sva.gen_dout_chk[96]._assert_9"	[0.00 s].
0.0.N: Starting proof for property "descrambler.u_descrambler_sva.gen_dout_chk[96]._assert_9"	[0.00 s].
0.0.B: A max_length bound was found. The shortest trace is no longer than 128 cycles. [0.00 s]
INFO (IPF008): 0.0.B: A max_length bound of 128 was found for the property "descrambler.u_descrambler_sva.gen_dout_chk[96]._assert_9" in 0.00 s.
0.0.B: Trace Attempt  1	[0.00 s]
0.0.B: Trace Attempt  2	[0.00 s]
0.0.B: Trace Attempt  3	[0.00 s]
0.0.N: Trace Attempt  1	[0.00 s]
0.0.B: Trace Attempt  4	[0.00 s]
0.0.B: Trace Attempt  5	[0.00 s]
0.0.N: Trace Attempt  2	[0.00 s]
0.0.N: Trace Attempt  2	[0.00 s]
0.0.N: Trace Attempt  3	[0.00 s]
0.0.N: Trace Attempt  3	[0.00 s]
0.0.N: Trace Attempt  4	[0.00 s]
0.0.N: Trace Attempt  5	[0.00 s]
0.0.N: Trace Attempt  1	[0.00 s]
0.0.N: Trace Attempt  2	[0.00 s]
0.0.N: Trace Attempt  3	[0.00 s]
0.0.N: Validation of fixpoint was successful. Time = 0.00
0.0.N: A proof was found: No trace exists. [0.01 s]
INFO (IPF057): 0.0.N: The property "descrambler.u_descrambler_sva.gen_dout_chk[96]._assert_9" was proven in 0.00 s.
0.0.N: Stopped processing property "descrambler.u_descrambler_sva.gen_dout_chk[96]._assert_9"	[0.00 s].
0.0.N: Starting proof for property "descrambler.u_descrambler_sva.gen_dout_chk[97]._assert_9"	[0.00 s].
0.0.B: Stopped processing property "descrambler.u_descrambler_sva.gen_dout_chk[96]._assert_9"	[0.00 s].
0.0.B: Starting proof for property "descrambler.u_descrambler_sva.gen_dout_chk[97]._assert_9"	[0.00 s].
0.0.B: A max_length bound was found. The shortest trace is no longer than 128 cycles. [0.00 s]
INFO (IPF008): 0.0.B: A max_length bound of 128 was found for the property "descrambler.u_descrambler_sva.gen_dout_chk[97]._assert_9" in 0.00 s.
0.0.B: Trace Attempt  1	[0.00 s]
0.0.B: Trace Attempt  2	[0.00 s]
0.0.N: Trace Attempt  1	[0.00 s]
0.0.B: Trace Attempt  3	[0.00 s]
0.0.B: Trace Attempt  4	[0.00 s]
0.0.N: Trace Attempt  2	[0.00 s]
0.0.B: Trace Attempt  5	[0.00 s]
0.0.N: Trace Attempt  2	[0.00 s]
0.0.N: Trace Attempt  3	[0.00 s]
0.0.N: Trace Attempt  3	[0.00 s]
0.0.N: Trace Attempt  4	[0.00 s]
0.0.N: Trace Attempt  5	[0.00 s]
0.0.N: Trace Attempt  1	[0.00 s]
0.0.N: Trace Attempt  2	[0.00 s]
0.0.N: Trace Attempt  3	[0.00 s]
0.0.N: Validation of fixpoint was successful. Time = 0.00
0.0.N: A proof was found: No trace exists. [0.01 s]
INFO (IPF057): 0.0.N: The property "descrambler.u_descrambler_sva.gen_dout_chk[97]._assert_9" was proven in 0.00 s.
0.0.N: Stopped processing property "descrambler.u_descrambler_sva.gen_dout_chk[97]._assert_9"	[0.00 s].
0.0.B: Stopped processing property "descrambler.u_descrambler_sva.gen_dout_chk[97]._assert_9"	[0.00 s].
0.0.B: Starting proof for property "descrambler.u_descrambler_sva.gen_dout_chk[98]._assert_9"	[0.00 s].
0.0.N: Starting proof for property "descrambler.u_descrambler_sva.gen_dout_chk[98]._assert_9"	[0.00 s].
0.0.B: A max_length bound was found. The shortest trace is no longer than 128 cycles. [0.00 s]
INFO (IPF008): 0.0.B: A max_length bound of 128 was found for the property "descrambler.u_descrambler_sva.gen_dout_chk[98]._assert_9" in 0.00 s.
0.0.B: Trace Attempt  1	[0.00 s]
0.0.B: Trace Attempt  2	[0.00 s]
0.0.B: Trace Attempt  3	[0.00 s]
0.0.N: Trace Attempt  1	[0.00 s]
0.0.B: Trace Attempt  4	[0.00 s]
0.0.B: Trace Attempt  5	[0.00 s]
0.0.N: Trace Attempt  2	[0.00 s]
0.0.N: Trace Attempt  2	[0.00 s]
0.0.N: Trace Attempt  3	[0.00 s]
0.0.N: Trace Attempt  3	[0.00 s]
0.0.N: Trace Attempt  4	[0.00 s]
0.0.N: Trace Attempt  5	[0.00 s]
0.0.N: Trace Attempt  1	[0.00 s]
0.0.N: Trace Attempt  2	[0.00 s]
0.0.N: Trace Attempt  3	[0.00 s]
0.0.N: Validation of fixpoint was successful. Time = 0.00
0.0.N: A proof was found: No trace exists. [0.01 s]
INFO (IPF057): 0.0.N: The property "descrambler.u_descrambler_sva.gen_dout_chk[98]._assert_9" was proven in 0.01 s.
0.0.N: Stopped processing property "descrambler.u_descrambler_sva.gen_dout_chk[98]._assert_9"	[0.01 s].
0.0.B: Stopped processing property "descrambler.u_descrambler_sva.gen_dout_chk[98]._assert_9"	[0.01 s].
0.0.B: Starting proof for property "descrambler.u_descrambler_sva.gen_dout_chk[99]._assert_9"	[0.00 s].
0.0.N: Starting proof for property "descrambler.u_descrambler_sva.gen_dout_chk[99]._assert_9"	[0.00 s].
0.0.B: A max_length bound was found. The shortest trace is no longer than 128 cycles. [0.00 s]
INFO (IPF008): 0.0.B: A max_length bound of 128 was found for the property "descrambler.u_descrambler_sva.gen_dout_chk[99]._assert_9" in 0.00 s.
0.0.B: Trace Attempt  1	[0.00 s]
0.0.B: Trace Attempt  2	[0.00 s]
0.0.B: Trace Attempt  3	[0.00 s]
0.0.N: Trace Attempt  1	[0.00 s]
0.0.B: Trace Attempt  4	[0.00 s]
0.0.B: Trace Attempt  5	[0.00 s]
0.0.N: Trace Attempt  2	[0.00 s]
0.0.N: Trace Attempt  2	[0.00 s]
0.0.N: Trace Attempt  3	[0.00 s]
0.0.N: Trace Attempt  3	[0.00 s]
0.0.N: Trace Attempt  4	[0.00 s]
0.0.N: Trace Attempt  5	[0.00 s]
0.0.N: Trace Attempt  1	[0.00 s]
0.0.N: Trace Attempt  2	[0.00 s]
0.0.N: Trace Attempt  3	[0.00 s]
0.0.N: Validation of fixpoint was successful. Time = 0.00
0.0.N: A proof was found: No trace exists. [0.01 s]
INFO (IPF057): 0.0.N: The property "descrambler.u_descrambler_sva.gen_dout_chk[99]._assert_9" was proven in 0.00 s.
0.0.N: Stopped processing property "descrambler.u_descrambler_sva.gen_dout_chk[99]._assert_9"	[0.00 s].
0.0.N: Starting proof for property "descrambler.u_descrambler_sva.gen_dout_chk[100]._assert_9"	[0.00 s].
0.0.B: Stopped processing property "descrambler.u_descrambler_sva.gen_dout_chk[99]._assert_9"	[0.00 s].
0.0.B: Starting proof for property "descrambler.u_descrambler_sva.gen_dout_chk[100]._assert_9"	[0.00 s].
0.0.B: A max_length bound was found. The shortest trace is no longer than 128 cycles. [0.00 s]
INFO (IPF008): 0.0.B: A max_length bound of 128 was found for the property "descrambler.u_descrambler_sva.gen_dout_chk[100]._assert_9" in 0.00 s.
0.0.B: Trace Attempt  1	[0.00 s]
0.0.B: Trace Attempt  2	[0.00 s]
0.0.N: Trace Attempt  1	[0.00 s]
0.0.B: Trace Attempt  3	[0.00 s]
0.0.B: Trace Attempt  4	[0.00 s]
0.0.B: Trace Attempt  5	[0.00 s]
0.0.N: Trace Attempt  2	[0.00 s]
0.0.N: Trace Attempt  2	[0.00 s]
0.0.N: Trace Attempt  3	[0.00 s]
0.0.N: Trace Attempt  3	[0.00 s]
0.0.N: Trace Attempt  4	[0.00 s]
0.0.N: Trace Attempt  5	[0.00 s]
0.0.N: Trace Attempt  1	[0.00 s]
0.0.N: Trace Attempt  2	[0.00 s]
0.0.N: Trace Attempt  3	[0.00 s]
0.0.N: Validation of fixpoint was successful. Time = 0.00
0.0.N: A proof was found: No trace exists. [0.01 s]
INFO (IPF057): 0.0.N: The property "descrambler.u_descrambler_sva.gen_dout_chk[100]._assert_9" was proven in 0.00 s.
0.0.N: Stopped processing property "descrambler.u_descrambler_sva.gen_dout_chk[100]._assert_9"	[0.00 s].
0.0.N: Starting proof for property "descrambler.u_descrambler_sva.gen_dout_chk[101]._assert_9"	[0.00 s].
0.0.B: Stopped processing property "descrambler.u_descrambler_sva.gen_dout_chk[100]._assert_9"	[0.00 s].
0.0.B: Starting proof for property "descrambler.u_descrambler_sva.gen_dout_chk[101]._assert_9"	[0.00 s].
0.0.B: A max_length bound was found. The shortest trace is no longer than 128 cycles. [0.00 s]
INFO (IPF008): 0.0.B: A max_length bound of 128 was found for the property "descrambler.u_descrambler_sva.gen_dout_chk[101]._assert_9" in 0.00 s.
0.0.B: Trace Attempt  1	[0.00 s]
0.0.B: Trace Attempt  2	[0.00 s]
0.0.N: Trace Attempt  1	[0.00 s]
0.0.B: Trace Attempt  3	[0.00 s]
0.0.B: Trace Attempt  4	[0.00 s]
0.0.B: Trace Attempt  5	[0.00 s]
0.0.N: Trace Attempt  2	[0.00 s]
0.0.N: Trace Attempt  2	[0.00 s]
0.0.N: Trace Attempt  3	[0.00 s]
0.0.N: Trace Attempt  3	[0.00 s]
0.0.N: Trace Attempt  4	[0.00 s]
0.0.N: Trace Attempt  5	[0.00 s]
0.0.N: Trace Attempt  1	[0.00 s]
0.0.N: Trace Attempt  2	[0.00 s]
0.0.N: Trace Attempt  3	[0.00 s]
0.0.N: Validation of fixpoint was successful. Time = 0.00
0.0.N: A proof was found: No trace exists. [0.01 s]
INFO (IPF057): 0.0.N: The property "descrambler.u_descrambler_sva.gen_dout_chk[101]._assert_9" was proven in 0.01 s.
0.0.N: Stopped processing property "descrambler.u_descrambler_sva.gen_dout_chk[101]._assert_9"	[0.01 s].
0.0.N: Starting proof for property "descrambler.u_descrambler_sva.gen_dout_chk[102]._assert_9"	[0.00 s].
0.0.B: Stopped processing property "descrambler.u_descrambler_sva.gen_dout_chk[101]._assert_9"	[0.01 s].
0.0.B: Starting proof for property "descrambler.u_descrambler_sva.gen_dout_chk[102]._assert_9"	[0.00 s].
0.0.B: A max_length bound was found. The shortest trace is no longer than 128 cycles. [0.00 s]
INFO (IPF008): 0.0.B: A max_length bound of 128 was found for the property "descrambler.u_descrambler_sva.gen_dout_chk[102]._assert_9" in 0.00 s.
0.0.B: Trace Attempt  1	[0.00 s]
0.0.B: Trace Attempt  2	[0.00 s]
0.0.N: Trace Attempt  1	[0.00 s]
0.0.B: Trace Attempt  3	[0.00 s]
0.0.B: Trace Attempt  4	[0.00 s]
0.0.B: Trace Attempt  5	[0.00 s]
0.0.N: Trace Attempt  2	[0.00 s]
0.0.N: Trace Attempt  2	[0.00 s]
0.0.N: Trace Attempt  3	[0.00 s]
0.0.N: Trace Attempt  3	[0.00 s]
0.0.N: Trace Attempt  4	[0.00 s]
0.0.N: Trace Attempt  5	[0.00 s]
0.0.N: Trace Attempt  1	[0.00 s]
0.0.N: Trace Attempt  2	[0.00 s]
0.0.N: Trace Attempt  3	[0.01 s]
0.0.N: Validation of fixpoint was successful. Time = 0.00
0.0.N: A proof was found: No trace exists. [0.01 s]
INFO (IPF057): 0.0.N: The property "descrambler.u_descrambler_sva.gen_dout_chk[102]._assert_9" was proven in 0.00 s.
0.0.N: Stopped processing property "descrambler.u_descrambler_sva.gen_dout_chk[102]._assert_9"	[0.00 s].
0.0.N: Starting proof for property "descrambler.u_descrambler_sva.gen_dout_chk[103]._assert_9"	[0.00 s].
0.0.B: Stopped processing property "descrambler.u_descrambler_sva.gen_dout_chk[102]._assert_9"	[0.00 s].
0.0.B: Starting proof for property "descrambler.u_descrambler_sva.gen_dout_chk[103]._assert_9"	[0.00 s].
0.0.B: A max_length bound was found. The shortest trace is no longer than 128 cycles. [0.00 s]
INFO (IPF008): 0.0.B: A max_length bound of 128 was found for the property "descrambler.u_descrambler_sva.gen_dout_chk[103]._assert_9" in 0.00 s.
0.0.B: Trace Attempt  1	[0.00 s]
0.0.B: Trace Attempt  2	[0.00 s]
0.0.N: Trace Attempt  1	[0.00 s]
0.0.B: Trace Attempt  3	[0.00 s]
0.0.B: Trace Attempt  4	[0.00 s]
0.0.B: Trace Attempt  5	[0.00 s]
0.0.N: Trace Attempt  2	[0.00 s]
0.0.N: Trace Attempt  2	[0.00 s]
0.0.N: Trace Attempt  3	[0.00 s]
0.0.N: Trace Attempt  3	[0.00 s]
0.0.N: Trace Attempt  4	[0.00 s]
0.0.N: Trace Attempt  5	[0.00 s]
0.0.N: Trace Attempt  1	[0.00 s]
0.0.N: Trace Attempt  2	[0.00 s]
0.0.N: Trace Attempt  3	[0.01 s]
0.0.N: Validation of fixpoint was successful. Time = 0.00
0.0.N: A proof was found: No trace exists. [0.01 s]
INFO (IPF057): 0.0.N: The property "descrambler.u_descrambler_sva.gen_dout_chk[103]._assert_9" was proven in 0.00 s.
0.0.N: Stopped processing property "descrambler.u_descrambler_sva.gen_dout_chk[103]._assert_9"	[0.01 s].
0.0.N: Starting proof for property "descrambler.u_descrambler_sva.gen_dout_chk[104]._assert_9"	[0.00 s].
0.0.B: Stopped processing property "descrambler.u_descrambler_sva.gen_dout_chk[103]._assert_9"	[0.01 s].
0.0.B: Starting proof for property "descrambler.u_descrambler_sva.gen_dout_chk[104]._assert_9"	[0.00 s].
0.0.B: A max_length bound was found. The shortest trace is no longer than 128 cycles. [0.00 s]
INFO (IPF008): 0.0.B: A max_length bound of 128 was found for the property "descrambler.u_descrambler_sva.gen_dout_chk[104]._assert_9" in 0.00 s.
0.0.N: Trace Attempt  1	[0.00 s]
0.0.B: Trace Attempt  1	[0.00 s]
0.0.B: Trace Attempt  2	[0.00 s]
0.0.B: Trace Attempt  3	[0.00 s]
0.0.B: Trace Attempt  4	[0.00 s]
0.0.N: Trace Attempt  2	[0.00 s]
0.0.B: Trace Attempt  5	[0.00 s]
0.0.N: Trace Attempt  2	[0.00 s]
0.0.N: Trace Attempt  3	[0.00 s]
0.0.N: Trace Attempt  3	[0.00 s]
0.0.N: Trace Attempt  4	[0.00 s]
0.0.N: Trace Attempt  5	[0.00 s]
0.0.N: Trace Attempt  1	[0.00 s]
0.0.N: Trace Attempt  2	[0.00 s]
0.0.N: Trace Attempt  3	[0.01 s]
0.0.N: Validation of fixpoint was successful. Time = 0.00
0.0.N: A proof was found: No trace exists. [0.01 s]
INFO (IPF057): 0.0.N: The property "descrambler.u_descrambler_sva.gen_dout_chk[104]._assert_9" was proven in 0.01 s.
0.0.B: Stopped processing property "descrambler.u_descrambler_sva.gen_dout_chk[104]._assert_9"	[0.01 s].
0.0.B: Starting proof for property "descrambler.u_descrambler_sva.gen_dout_chk[105]._assert_9"	[0.00 s].
0.0.N: Stopped processing property "descrambler.u_descrambler_sva.gen_dout_chk[104]._assert_9"	[0.01 s].
0.0.N: Starting proof for property "descrambler.u_descrambler_sva.gen_dout_chk[105]._assert_9"	[0.00 s].
0.0.B: A max_length bound was found. The shortest trace is no longer than 128 cycles. [0.00 s]
INFO (IPF008): 0.0.B: A max_length bound of 128 was found for the property "descrambler.u_descrambler_sva.gen_dout_chk[105]._assert_9" in 0.00 s.
0.0.B: Trace Attempt  1	[0.00 s]
0.0.B: Trace Attempt  2	[0.00 s]
0.0.B: Trace Attempt  3	[0.00 s]
0.0.N: Trace Attempt  1	[0.00 s]
0.0.B: Trace Attempt  4	[0.00 s]
0.0.B: Trace Attempt  5	[0.00 s]
0.0.N: Trace Attempt  2	[0.00 s]
0.0.N: Trace Attempt  2	[0.00 s]
0.0.N: Trace Attempt  3	[0.00 s]
0.0.N: Trace Attempt  3	[0.00 s]
0.0.N: Trace Attempt  4	[0.00 s]
0.0.N: Trace Attempt  5	[0.00 s]
0.0.N: Trace Attempt  1	[0.00 s]
0.0.N: Trace Attempt  2	[0.00 s]
0.0.N: Trace Attempt  3	[0.01 s]
0.0.N: Validation of fixpoint was successful. Time = 0.00
0.0.N: A proof was found: No trace exists. [0.01 s]
INFO (IPF057): 0.0.N: The property "descrambler.u_descrambler_sva.gen_dout_chk[105]._assert_9" was proven in 0.00 s.
0.0.N: Stopped processing property "descrambler.u_descrambler_sva.gen_dout_chk[105]._assert_9"	[0.00 s].
0.0.N: Starting proof for property "descrambler.u_descrambler_sva.gen_dout_chk[106]._assert_9"	[0.00 s].
0.0.B: Stopped processing property "descrambler.u_descrambler_sva.gen_dout_chk[105]._assert_9"	[0.00 s].
0.0.B: Starting proof for property "descrambler.u_descrambler_sva.gen_dout_chk[106]._assert_9"	[0.00 s].
0.0.B: A max_length bound was found. The shortest trace is no longer than 128 cycles. [0.00 s]
INFO (IPF008): 0.0.B: A max_length bound of 128 was found for the property "descrambler.u_descrambler_sva.gen_dout_chk[106]._assert_9" in 0.00 s.
0.0.B: Trace Attempt  1	[0.00 s]
0.0.B: Trace Attempt  2	[0.00 s]
0.0.N: Trace Attempt  1	[0.00 s]
0.0.B: Trace Attempt  3	[0.00 s]
0.0.B: Trace Attempt  4	[0.00 s]
0.0.N: Trace Attempt  2	[0.00 s]
0.0.B: Trace Attempt  5	[0.00 s]
0.0.N: Trace Attempt  2	[0.00 s]
0.0.N: Trace Attempt  3	[0.00 s]
0.0.N: Trace Attempt  3	[0.00 s]
0.0.N: Trace Attempt  4	[0.00 s]
0.0.N: Trace Attempt  5	[0.00 s]
0.0.N: Trace Attempt  1	[0.00 s]
0.0.N: Trace Attempt  2	[0.00 s]
0.0.N: Trace Attempt  3	[0.00 s]
0.0.N: Validation of fixpoint was successful. Time = 0.00
0.0.N: A proof was found: No trace exists. [0.01 s]
INFO (IPF057): 0.0.N: The property "descrambler.u_descrambler_sva.gen_dout_chk[106]._assert_9" was proven in 0.00 s.
0.0.N: Stopped processing property "descrambler.u_descrambler_sva.gen_dout_chk[106]._assert_9"	[0.00 s].
0.0.N: Starting proof for property "descrambler.u_descrambler_sva.gen_dout_chk[107]._assert_9"	[0.00 s].
0.0.B: Stopped processing property "descrambler.u_descrambler_sva.gen_dout_chk[106]._assert_9"	[0.00 s].
0.0.B: Starting proof for property "descrambler.u_descrambler_sva.gen_dout_chk[107]._assert_9"	[0.00 s].
0.0.B: A max_length bound was found. The shortest trace is no longer than 128 cycles. [0.00 s]
INFO (IPF008): 0.0.B: A max_length bound of 128 was found for the property "descrambler.u_descrambler_sva.gen_dout_chk[107]._assert_9" in 0.00 s.
0.0.B: Trace Attempt  1	[0.00 s]
0.0.B: Trace Attempt  2	[0.00 s]
0.0.B: Trace Attempt  3	[0.00 s]
0.0.N: Trace Attempt  1	[0.00 s]
0.0.B: Trace Attempt  4	[0.00 s]
0.0.B: Trace Attempt  5	[0.00 s]
0.0.N: Trace Attempt  2	[0.00 s]
0.0.N: Trace Attempt  2	[0.00 s]
0.0.N: Trace Attempt  3	[0.00 s]
0.0.N: Trace Attempt  3	[0.00 s]
0.0.N: Trace Attempt  4	[0.00 s]
0.0.N: Trace Attempt  5	[0.00 s]
0.0.N: Trace Attempt  1	[0.00 s]
0.0.N: Trace Attempt  2	[0.00 s]
0.0.N: Trace Attempt  3	[0.01 s]
0.0.N: Validation of fixpoint was successful. Time = 0.00
0.0.N: A proof was found: No trace exists. [0.01 s]
INFO (IPF057): 0.0.N: The property "descrambler.u_descrambler_sva.gen_dout_chk[107]._assert_9" was proven in 0.01 s.
0.0.N: Stopped processing property "descrambler.u_descrambler_sva.gen_dout_chk[107]._assert_9"	[0.01 s].
0.0.N: Starting proof for property "descrambler.u_descrambler_sva.gen_dout_chk[108]._assert_9"	[0.00 s].
0.0.B: Stopped processing property "descrambler.u_descrambler_sva.gen_dout_chk[107]._assert_9"	[0.01 s].
0.0.B: Starting proof for property "descrambler.u_descrambler_sva.gen_dout_chk[108]._assert_9"	[0.00 s].
0.0.B: A max_length bound was found. The shortest trace is no longer than 128 cycles. [0.00 s]
INFO (IPF008): 0.0.B: A max_length bound of 128 was found for the property "descrambler.u_descrambler_sva.gen_dout_chk[108]._assert_9" in 0.00 s.
0.0.B: Trace Attempt  1	[0.00 s]
0.0.B: Trace Attempt  2	[0.00 s]
0.0.N: Trace Attempt  1	[0.00 s]
0.0.B: Trace Attempt  3	[0.00 s]
0.0.B: Trace Attempt  4	[0.00 s]
0.0.B: Trace Attempt  5	[0.00 s]
0.0.N: Trace Attempt  2	[0.00 s]
0.0.N: Trace Attempt  2	[0.00 s]
0.0.N: Trace Attempt  3	[0.00 s]
0.0.N: Trace Attempt  3	[0.00 s]
0.0.N: Trace Attempt  4	[0.00 s]
0.0.N: Trace Attempt  5	[0.00 s]
0.0.N: Trace Attempt  1	[0.00 s]
0.0.N: Trace Attempt  2	[0.00 s]
0.0.N: Trace Attempt  3	[0.01 s]
0.0.N: Validation of fixpoint was successful. Time = 0.00
0.0.N: A proof was found: No trace exists. [0.01 s]
INFO (IPF057): 0.0.N: The property "descrambler.u_descrambler_sva.gen_dout_chk[108]._assert_9" was proven in 0.01 s.
0.0.N: Stopped processing property "descrambler.u_descrambler_sva.gen_dout_chk[108]._assert_9"	[0.01 s].
0.0.N: Starting proof for property "descrambler.u_descrambler_sva.gen_dout_chk[109]._assert_9"	[0.00 s].
0.0.B: Stopped processing property "descrambler.u_descrambler_sva.gen_dout_chk[108]._assert_9"	[0.01 s].
0.0.B: Starting proof for property "descrambler.u_descrambler_sva.gen_dout_chk[109]._assert_9"	[0.00 s].
0.0.N: Trace Attempt  1	[0.00 s]
0.0.N: A max_length bound was found. The shortest trace is no longer than 128 cycles. [0.00 s]
INFO (IPF008): 0.0.N: A max_length bound of 128 was found for the property "descrambler.u_descrambler_sva.gen_dout_chk[109]._assert_9" in 0.00 s.
0.0.B: Trace Attempt  1	[0.00 s]
0.0.B: Trace Attempt  2	[0.00 s]
0.0.B: Trace Attempt  3	[0.00 s]
0.0.N: Trace Attempt  2	[0.00 s]
0.0.B: Trace Attempt  4	[0.00 s]
0.0.N: Trace Attempt  2	[0.00 s]
0.0.B: Trace Attempt  5	[0.00 s]
0.0.N: Trace Attempt  3	[0.00 s]
0.0.N: Trace Attempt  3	[0.00 s]
0.0.N: Trace Attempt  4	[0.00 s]
0.0.N: Trace Attempt  5	[0.00 s]
0.0.N: Trace Attempt  1	[0.00 s]
0.0.N: Trace Attempt  2	[0.00 s]
0.0.N: Trace Attempt  3	[0.00 s]
0.0.N: Validation of fixpoint was successful. Time = 0.00
0.0.N: A proof was found: No trace exists. [0.01 s]
INFO (IPF057): 0.0.N: The property "descrambler.u_descrambler_sva.gen_dout_chk[109]._assert_9" was proven in 0.01 s.
0.0.N: Stopped processing property "descrambler.u_descrambler_sva.gen_dout_chk[109]._assert_9"	[0.01 s].
0.0.B: Stopped processing property "descrambler.u_descrambler_sva.gen_dout_chk[109]._assert_9"	[0.01 s].
0.0.B: Starting proof for property "descrambler.u_descrambler_sva.gen_dout_chk[110]._assert_9"	[0.00 s].
0.0.N: Starting proof for property "descrambler.u_descrambler_sva.gen_dout_chk[110]._assert_9"	[0.00 s].
0.0.B: A max_length bound was found. The shortest trace is no longer than 128 cycles. [0.00 s]
INFO (IPF008): 0.0.B: A max_length bound of 128 was found for the property "descrambler.u_descrambler_sva.gen_dout_chk[110]._assert_9" in 0.00 s.
0.0.B: Trace Attempt  1	[0.00 s]
0.0.B: Trace Attempt  2	[0.00 s]
0.0.B: Trace Attempt  3	[0.00 s]
0.0.N: Trace Attempt  1	[0.00 s]
0.0.B: Trace Attempt  4	[0.00 s]
0.0.B: Trace Attempt  5	[0.00 s]
0.0.N: Trace Attempt  2	[0.00 s]
0.0.N: Trace Attempt  2	[0.00 s]
0.0.N: Trace Attempt  3	[0.00 s]
0.0.N: Trace Attempt  3	[0.00 s]
0.0.N: Trace Attempt  4	[0.00 s]
0.0.N: Trace Attempt  5	[0.00 s]
0.0.N: Trace Attempt  1	[0.00 s]
0.0.N: Trace Attempt  2	[0.00 s]
0.0.N: Trace Attempt  3	[0.00 s]
0.0.N: Validation of fixpoint was successful. Time = 0.00
0.0.N: A proof was found: No trace exists. [0.01 s]
INFO (IPF057): 0.0.N: The property "descrambler.u_descrambler_sva.gen_dout_chk[110]._assert_9" was proven in 0.00 s.
0.0.N: Stopped processing property "descrambler.u_descrambler_sva.gen_dout_chk[110]._assert_9"	[0.00 s].
0.0.N: Starting proof for property "descrambler.u_descrambler_sva.gen_dout_chk[111]._assert_9"	[0.00 s].
0.0.B: Stopped processing property "descrambler.u_descrambler_sva.gen_dout_chk[110]._assert_9"	[0.00 s].
0.0.B: Starting proof for property "descrambler.u_descrambler_sva.gen_dout_chk[111]._assert_9"	[0.00 s].
0.0.N: Trace Attempt  1	[0.00 s]
0.0.B: A max_length bound was found. The shortest trace is no longer than 128 cycles. [0.00 s]
INFO (IPF008): 0.0.B: A max_length bound of 128 was found for the property "descrambler.u_descrambler_sva.gen_dout_chk[111]._assert_9" in 0.00 s.
0.0.B: Trace Attempt  1	[0.00 s]
0.0.B: Trace Attempt  2	[0.00 s]
0.0.B: Trace Attempt  3	[0.00 s]
0.0.N: Trace Attempt  2	[0.00 s]
0.0.B: Trace Attempt  4	[0.00 s]
0.0.B: Trace Attempt  5	[0.00 s]
0.0.N: Trace Attempt  2	[0.00 s]
0.0.N: Trace Attempt  3	[0.00 s]
0.0.N: Trace Attempt  3	[0.00 s]
0.0.N: Trace Attempt  4	[0.00 s]
0.0.N: Trace Attempt  5	[0.00 s]
0.0.N: Trace Attempt  1	[0.00 s]
0.0.N: Trace Attempt  2	[0.00 s]
0.0.N: Trace Attempt  3	[0.01 s]
0.0.N: Validation of fixpoint was successful. Time = 0.00
0.0.N: A proof was found: No trace exists. [0.01 s]
INFO (IPF057): 0.0.N: The property "descrambler.u_descrambler_sva.gen_dout_chk[111]._assert_9" was proven in 0.01 s.
0.0.N: Stopped processing property "descrambler.u_descrambler_sva.gen_dout_chk[111]._assert_9"	[0.01 s].
0.0.N: Starting proof for property "descrambler.u_descrambler_sva.gen_dout_chk[112]._assert_9"	[0.00 s].
0.0.B: Stopped processing property "descrambler.u_descrambler_sva.gen_dout_chk[111]._assert_9"	[0.01 s].
0.0.B: Starting proof for property "descrambler.u_descrambler_sva.gen_dout_chk[112]._assert_9"	[0.00 s].
0.0.B: A max_length bound was found. The shortest trace is no longer than 128 cycles. [0.00 s]
INFO (IPF008): 0.0.B: A max_length bound of 128 was found for the property "descrambler.u_descrambler_sva.gen_dout_chk[112]._assert_9" in 0.00 s.
0.0.B: Trace Attempt  1	[0.00 s]
0.0.B: Trace Attempt  2	[0.00 s]
0.0.B: Trace Attempt  3	[0.00 s]
0.0.N: Trace Attempt  1	[0.00 s]
0.0.B: Trace Attempt  4	[0.00 s]
0.0.B: Trace Attempt  5	[0.00 s]
0.0.N: Trace Attempt  2	[0.00 s]
0.0.N: Trace Attempt  2	[0.00 s]
0.0.N: Trace Attempt  3	[0.00 s]
0.0.N: Trace Attempt  3	[0.00 s]
0.0.N: Trace Attempt  4	[0.00 s]
0.0.N: Trace Attempt  5	[0.00 s]
0.0.N: Trace Attempt  1	[0.01 s]
0.0.N: Trace Attempt  2	[0.01 s]
0.0.N: Trace Attempt  3	[0.01 s]
0.0.N: Validation of fixpoint was successful. Time = 0.00
0.0.N: A proof was found: No trace exists. [0.01 s]
INFO (IPF057): 0.0.N: The property "descrambler.u_descrambler_sva.gen_dout_chk[112]._assert_9" was proven in 0.01 s.
0.0.N: Stopped processing property "descrambler.u_descrambler_sva.gen_dout_chk[112]._assert_9"	[0.01 s].
0.0.N: Starting proof for property "descrambler.u_descrambler_sva.gen_dout_chk[113]._assert_9"	[0.00 s].
0.0.B: Stopped processing property "descrambler.u_descrambler_sva.gen_dout_chk[112]._assert_9"	[0.01 s].
0.0.B: Starting proof for property "descrambler.u_descrambler_sva.gen_dout_chk[113]._assert_9"	[0.00 s].
0.0.B: A max_length bound was found. The shortest trace is no longer than 128 cycles. [0.00 s]
INFO (IPF008): 0.0.B: A max_length bound of 128 was found for the property "descrambler.u_descrambler_sva.gen_dout_chk[113]._assert_9" in 0.00 s.
0.0.N: Trace Attempt  1	[0.00 s]
0.0.B: Trace Attempt  1	[0.00 s]
0.0.B: Trace Attempt  2	[0.00 s]
0.0.B: Trace Attempt  3	[0.00 s]
0.0.B: Trace Attempt  4	[0.00 s]
0.0.N: Trace Attempt  2	[0.00 s]
0.0.B: Trace Attempt  5	[0.00 s]
0.0.N: Trace Attempt  2	[0.00 s]
0.0.N: Trace Attempt  3	[0.00 s]
0.0.N: Trace Attempt  3	[0.00 s]
0.0.N: Trace Attempt  4	[0.00 s]
0.0.N: Trace Attempt  5	[0.00 s]
0.0.N: Trace Attempt  1	[0.01 s]
0.0.N: Trace Attempt  2	[0.01 s]
0.0.N: Trace Attempt  3	[0.01 s]
0.0.N: Validation of fixpoint was successful. Time = 0.00
0.0.N: A proof was found: No trace exists. [0.01 s]
INFO (IPF057): 0.0.N: The property "descrambler.u_descrambler_sva.gen_dout_chk[113]._assert_9" was proven in 0.01 s.
0.0.N: Stopped processing property "descrambler.u_descrambler_sva.gen_dout_chk[113]._assert_9"	[0.01 s].
0.0.N: Starting proof for property "descrambler.u_descrambler_sva.gen_dout_chk[114]._assert_9"	[0.00 s].
0.0.B: Stopped processing property "descrambler.u_descrambler_sva.gen_dout_chk[113]._assert_9"	[0.01 s].
0.0.B: Starting proof for property "descrambler.u_descrambler_sva.gen_dout_chk[114]._assert_9"	[0.00 s].
0.0.B: A max_length bound was found. The shortest trace is no longer than 128 cycles. [0.00 s]
INFO (IPF008): 0.0.B: A max_length bound of 128 was found for the property "descrambler.u_descrambler_sva.gen_dout_chk[114]._assert_9" in 0.00 s.
0.0.N: Trace Attempt  1	[0.00 s]
0.0.B: Trace Attempt  1	[0.00 s]
0.0.B: Trace Attempt  2	[0.00 s]
0.0.B: Trace Attempt  3	[0.00 s]
0.0.B: Trace Attempt  4	[0.00 s]
0.0.N: Trace Attempt  2	[0.00 s]
0.0.B: Trace Attempt  5	[0.00 s]
0.0.N: Trace Attempt  2	[0.00 s]
0.0.N: Trace Attempt  3	[0.00 s]
0.0.N: Trace Attempt  3	[0.00 s]
0.0.N: Trace Attempt  4	[0.00 s]
0.0.N: Trace Attempt  5	[0.00 s]
0.0.N: Trace Attempt  1	[0.01 s]
0.0.N: Trace Attempt  2	[0.01 s]
0.0.N: Trace Attempt  3	[0.01 s]
0.0.N: Validation of fixpoint was successful. Time = 0.00
0.0.N: A proof was found: No trace exists. [0.01 s]
INFO (IPF057): 0.0.N: The property "descrambler.u_descrambler_sva.gen_dout_chk[114]._assert_9" was proven in 0.01 s.
0.0.N: Stopped processing property "descrambler.u_descrambler_sva.gen_dout_chk[114]._assert_9"	[0.01 s].
0.0.N: Starting proof for property "descrambler.u_descrambler_sva.gen_dout_chk[115]._assert_9"	[0.00 s].
0.0.B: Stopped processing property "descrambler.u_descrambler_sva.gen_dout_chk[114]._assert_9"	[0.01 s].
0.0.B: Starting proof for property "descrambler.u_descrambler_sva.gen_dout_chk[115]._assert_9"	[0.00 s].
0.0.B: A max_length bound was found. The shortest trace is no longer than 128 cycles. [0.00 s]
INFO (IPF008): 0.0.B: A max_length bound of 128 was found for the property "descrambler.u_descrambler_sva.gen_dout_chk[115]._assert_9" in 0.00 s.
0.0.B: Trace Attempt  1	[0.00 s]
0.0.B: Trace Attempt  2	[0.00 s]
0.0.B: Trace Attempt  3	[0.00 s]
0.0.N: Trace Attempt  1	[0.00 s]
0.0.B: Trace Attempt  4	[0.00 s]
0.0.B: Trace Attempt  5	[0.00 s]
0.0.N: Trace Attempt  2	[0.00 s]
0.0.N: Trace Attempt  2	[0.00 s]
0.0.N: Trace Attempt  3	[0.00 s]
0.0.N: Trace Attempt  3	[0.00 s]
0.0.N: Trace Attempt  4	[0.00 s]
0.0.N: Trace Attempt  5	[0.00 s]
0.0.N: Trace Attempt  1	[0.01 s]
0.0.N: Trace Attempt  2	[0.01 s]
0.0.N: Trace Attempt  3	[0.01 s]
0.0.N: Validation of fixpoint was successful. Time = 0.00
0.0.N: A proof was found: No trace exists. [0.01 s]
INFO (IPF057): 0.0.N: The property "descrambler.u_descrambler_sva.gen_dout_chk[115]._assert_9" was proven in 0.01 s.
0.0.N: Stopped processing property "descrambler.u_descrambler_sva.gen_dout_chk[115]._assert_9"	[0.01 s].
0.0.N: Starting proof for property "descrambler.u_descrambler_sva.gen_dout_chk[116]._assert_9"	[0.00 s].
0.0.B: Stopped processing property "descrambler.u_descrambler_sva.gen_dout_chk[115]._assert_9"	[0.01 s].
0.0.B: Starting proof for property "descrambler.u_descrambler_sva.gen_dout_chk[116]._assert_9"	[0.00 s].
0.0.B: A max_length bound was found. The shortest trace is no longer than 128 cycles. [0.00 s]
INFO (IPF008): 0.0.B: A max_length bound of 128 was found for the property "descrambler.u_descrambler_sva.gen_dout_chk[116]._assert_9" in 0.00 s.
0.0.B: Trace Attempt  1	[0.00 s]
0.0.B: Trace Attempt  2	[0.00 s]
0.0.N: Trace Attempt  1	[0.00 s]
0.0.B: Trace Attempt  3	[0.00 s]
0.0.B: Trace Attempt  4	[0.00 s]
0.0.B: Trace Attempt  5	[0.00 s]
0.0.N: Trace Attempt  2	[0.00 s]
0.0.N: Trace Attempt  2	[0.00 s]
0.0.N: Trace Attempt  3	[0.00 s]
0.0.N: Trace Attempt  3	[0.00 s]
0.0.N: Trace Attempt  4	[0.00 s]
0.0.N: Trace Attempt  5	[0.00 s]
0.0.N: Trace Attempt  1	[0.01 s]
0.0.N: Trace Attempt  2	[0.01 s]
0.0.N: Trace Attempt  3	[0.01 s]
0.0.N: Validation of fixpoint was successful. Time = 0.00
0.0.N: A proof was found: No trace exists. [0.01 s]
INFO (IPF057): 0.0.N: The property "descrambler.u_descrambler_sva.gen_dout_chk[116]._assert_9" was proven in 0.01 s.
0.0.N: Stopped processing property "descrambler.u_descrambler_sva.gen_dout_chk[116]._assert_9"	[0.01 s].
0.0.B: Stopped processing property "descrambler.u_descrambler_sva.gen_dout_chk[116]._assert_9"	[0.01 s].
0.0.B: Starting proof for property "descrambler.u_descrambler_sva.gen_dout_chk[117]._assert_9"	[0.00 s].
0.0.N: Starting proof for property "descrambler.u_descrambler_sva.gen_dout_chk[117]._assert_9"	[0.00 s].
0.0.B: A max_length bound was found. The shortest trace is no longer than 128 cycles. [0.00 s]
INFO (IPF008): 0.0.B: A max_length bound of 128 was found for the property "descrambler.u_descrambler_sva.gen_dout_chk[117]._assert_9" in 0.00 s.
0.0.B: Trace Attempt  1	[0.00 s]
0.0.B: Trace Attempt  2	[0.00 s]
0.0.B: Trace Attempt  3	[0.00 s]
0.0.N: Trace Attempt  1	[0.00 s]
0.0.B: Trace Attempt  4	[0.00 s]
0.0.B: Trace Attempt  5	[0.00 s]
0.0.N: Trace Attempt  2	[0.00 s]
0.0.N: Trace Attempt  2	[0.00 s]
0.0.N: Trace Attempt  3	[0.00 s]
0.0.N: Trace Attempt  3	[0.00 s]
0.0.N: Trace Attempt  4	[0.00 s]
0.0.N: Trace Attempt  5	[0.00 s]
0.0.N: Trace Attempt  1	[0.01 s]
0.0.N: Trace Attempt  2	[0.01 s]
0.0.N: Trace Attempt  3	[0.01 s]
0.0.N: Validation of fixpoint was successful. Time = 0.00
0.0.N: A proof was found: No trace exists. [0.01 s]
INFO (IPF057): 0.0.N: The property "descrambler.u_descrambler_sva.gen_dout_chk[117]._assert_9" was proven in 0.01 s.
0.0.N: Stopped processing property "descrambler.u_descrambler_sva.gen_dout_chk[117]._assert_9"	[0.01 s].
0.0.N: Starting proof for property "descrambler.u_descrambler_sva.gen_dout_chk[118]._assert_9"	[0.00 s].
0.0.B: Stopped processing property "descrambler.u_descrambler_sva.gen_dout_chk[117]._assert_9"	[0.01 s].
0.0.B: Starting proof for property "descrambler.u_descrambler_sva.gen_dout_chk[118]._assert_9"	[0.00 s].
0.0.B: A max_length bound was found. The shortest trace is no longer than 128 cycles. [0.00 s]
INFO (IPF008): 0.0.B: A max_length bound of 128 was found for the property "descrambler.u_descrambler_sva.gen_dout_chk[118]._assert_9" in 0.00 s.
0.0.B: Trace Attempt  1	[0.00 s]
0.0.B: Trace Attempt  2	[0.00 s]
0.0.N: Trace Attempt  1	[0.00 s]
0.0.B: Trace Attempt  3	[0.00 s]
0.0.B: Trace Attempt  4	[0.00 s]
0.0.B: Trace Attempt  5	[0.00 s]
0.0.N: Trace Attempt  2	[0.00 s]
0.0.N: Trace Attempt  2	[0.00 s]
0.0.N: Trace Attempt  3	[0.00 s]
0.0.N: Trace Attempt  3	[0.00 s]
0.0.N: Trace Attempt  4	[0.00 s]
0.0.N: Trace Attempt  5	[0.00 s]
0.0.N: Trace Attempt  1	[0.01 s]
0.0.N: Trace Attempt  2	[0.01 s]
0.0.N: Trace Attempt  3	[0.01 s]
0.0.N: Validation of fixpoint was successful. Time = 0.00
0.0.N: A proof was found: No trace exists. [0.01 s]
INFO (IPF057): 0.0.N: The property "descrambler.u_descrambler_sva.gen_dout_chk[118]._assert_9" was proven in 0.01 s.
0.0.N: Stopped processing property "descrambler.u_descrambler_sva.gen_dout_chk[118]._assert_9"	[0.01 s].
0.0.N: Starting proof for property "descrambler.u_descrambler_sva.gen_dout_chk[119]._assert_9"	[0.00 s].
0.0.B: Stopped processing property "descrambler.u_descrambler_sva.gen_dout_chk[118]._assert_9"	[0.01 s].
0.0.B: Starting proof for property "descrambler.u_descrambler_sva.gen_dout_chk[119]._assert_9"	[0.00 s].
0.0.B: A max_length bound was found. The shortest trace is no longer than 128 cycles. [0.00 s]
INFO (IPF008): 0.0.B: A max_length bound of 128 was found for the property "descrambler.u_descrambler_sva.gen_dout_chk[119]._assert_9" in 0.00 s.
0.0.B: Trace Attempt  1	[0.00 s]
0.0.B: Trace Attempt  2	[0.00 s]
0.0.B: Trace Attempt  3	[0.00 s]
0.0.N: Trace Attempt  1	[0.00 s]
0.0.B: Trace Attempt  4	[0.00 s]
0.0.B: Trace Attempt  5	[0.00 s]
0.0.N: Trace Attempt  2	[0.00 s]
0.0.N: Trace Attempt  2	[0.00 s]
0.0.N: Trace Attempt  3	[0.00 s]
0.0.N: Trace Attempt  3	[0.00 s]
0.0.N: Trace Attempt  4	[0.00 s]
0.0.N: Trace Attempt  5	[0.00 s]
0.0.N: Trace Attempt  1	[0.01 s]
0.0.N: Trace Attempt  2	[0.01 s]
0.0.N: Trace Attempt  3	[0.01 s]
0.0.N: Validation of fixpoint was successful. Time = 0.00
0.0.N: A proof was found: No trace exists. [0.01 s]
INFO (IPF057): 0.0.N: The property "descrambler.u_descrambler_sva.gen_dout_chk[119]._assert_9" was proven in 0.01 s.
0.0.N: Stopped processing property "descrambler.u_descrambler_sva.gen_dout_chk[119]._assert_9"	[0.01 s].
0.0.N: Starting proof for property "descrambler.u_descrambler_sva.gen_dout_chk[120]._assert_9"	[0.00 s].
0.0.B: Stopped processing property "descrambler.u_descrambler_sva.gen_dout_chk[119]._assert_9"	[0.01 s].
0.0.B: Starting proof for property "descrambler.u_descrambler_sva.gen_dout_chk[120]._assert_9"	[0.00 s].
0.0.B: A max_length bound was found. The shortest trace is no longer than 128 cycles. [0.00 s]
INFO (IPF008): 0.0.B: A max_length bound of 128 was found for the property "descrambler.u_descrambler_sva.gen_dout_chk[120]._assert_9" in 0.00 s.
0.0.B: Trace Attempt  1	[0.00 s]
0.0.B: Trace Attempt  2	[0.00 s]
0.0.B: Trace Attempt  3	[0.00 s]
0.0.N: Trace Attempt  1	[0.00 s]
0.0.B: Trace Attempt  4	[0.00 s]
0.0.B: Trace Attempt  5	[0.00 s]
0.0.N: Trace Attempt  2	[0.00 s]
0: ProofGrid usable level: 393
0.0.N: Trace Attempt  2	[0.00 s]
0.0.N: Trace Attempt  3	[0.00 s]
0.0.N: Trace Attempt  3	[0.00 s]
0.0.N: Trace Attempt  4	[0.00 s]
0.0.N: Trace Attempt  5	[0.00 s]
0.0.N: Trace Attempt  1	[0.01 s]
0.0.N: Trace Attempt  2	[0.01 s]
0.0.N: Trace Attempt  3	[0.01 s]
0.0.N: Validation of fixpoint was successful. Time = 0.00
0.0.N: A proof was found: No trace exists. [0.01 s]
INFO (IPF057): 0.0.N: The property "descrambler.u_descrambler_sva.gen_dout_chk[120]._assert_9" was proven in 0.01 s.
0.0.N: Stopped processing property "descrambler.u_descrambler_sva.gen_dout_chk[120]._assert_9"	[0.01 s].
0.0.N: Starting proof for property "descrambler.u_descrambler_sva.gen_dout_chk[121]._assert_9"	[0.00 s].
0.0.B: Stopped processing property "descrambler.u_descrambler_sva.gen_dout_chk[120]._assert_9"	[0.01 s].
0.0.B: Starting proof for property "descrambler.u_descrambler_sva.gen_dout_chk[121]._assert_9"	[0.00 s].
0.0.B: A max_length bound was found. The shortest trace is no longer than 128 cycles. [0.00 s]
INFO (IPF008): 0.0.B: A max_length bound of 128 was found for the property "descrambler.u_descrambler_sva.gen_dout_chk[121]._assert_9" in 0.00 s.
0.0.N: Trace Attempt  1	[0.00 s]
0.0.B: Trace Attempt  1	[0.00 s]
0.0.B: Trace Attempt  2	[0.00 s]
0.0.B: Trace Attempt  3	[0.00 s]
0.0.B: Trace Attempt  4	[0.00 s]
0.0.N: Trace Attempt  2	[0.00 s]
0.0.B: Trace Attempt  5	[0.00 s]
0.0.N: Trace Attempt  2	[0.00 s]
0.0.N: Trace Attempt  3	[0.00 s]
0.0.N: Trace Attempt  3	[0.00 s]
0.0.N: Trace Attempt  4	[0.00 s]
0.0.N: Trace Attempt  5	[0.00 s]
0.0.N: Trace Attempt  1	[0.01 s]
0.0.N: Trace Attempt  2	[0.01 s]
0.0.N: Trace Attempt  3	[0.01 s]
0.0.N: Validation of fixpoint was successful. Time = 0.00
0.0.N: A proof was found: No trace exists. [0.01 s]
INFO (IPF057): 0.0.N: The property "descrambler.u_descrambler_sva.gen_dout_chk[121]._assert_9" was proven in 0.01 s.
0.0.B: Stopped processing property "descrambler.u_descrambler_sva.gen_dout_chk[121]._assert_9"	[0.01 s].
0.0.B: Starting proof for property "descrambler.u_descrambler_sva.gen_dout_chk[122]._assert_9"	[0.00 s].
0.0.N: Stopped processing property "descrambler.u_descrambler_sva.gen_dout_chk[121]._assert_9"	[0.01 s].
0.0.N: Starting proof for property "descrambler.u_descrambler_sva.gen_dout_chk[122]._assert_9"	[0.00 s].
0.0.B: A max_length bound was found. The shortest trace is no longer than 128 cycles. [0.00 s]
INFO (IPF008): 0.0.B: A max_length bound of 128 was found for the property "descrambler.u_descrambler_sva.gen_dout_chk[122]._assert_9" in 0.00 s.
0.0.B: Trace Attempt  1	[0.00 s]
0.0.B: Trace Attempt  2	[0.00 s]
0.0.B: Trace Attempt  3	[0.00 s]
0.0.N: Trace Attempt  1	[0.00 s]
0.0.B: Trace Attempt  4	[0.00 s]
0.0.B: Trace Attempt  5	[0.00 s]
0.0.N: Trace Attempt  2	[0.00 s]
0.0.N: Trace Attempt  2	[0.00 s]
0.0.N: Trace Attempt  3	[0.00 s]
0.0.N: Trace Attempt  3	[0.00 s]
0.0.N: Trace Attempt  4	[0.00 s]
0.0.N: Trace Attempt  5	[0.00 s]
0.0.N: Trace Attempt  1	[0.00 s]
0.0.N: Trace Attempt  2	[0.00 s]
0.0.N: Trace Attempt  3	[0.01 s]
0.0.N: Validation of fixpoint was successful. Time = 0.00
0.0.N: A proof was found: No trace exists. [0.01 s]
INFO (IPF057): 0.0.N: The property "descrambler.u_descrambler_sva.gen_dout_chk[122]._assert_9" was proven in 0.01 s.
0.0.N: Stopped processing property "descrambler.u_descrambler_sva.gen_dout_chk[122]._assert_9"	[0.01 s].
0.0.N: Starting proof for property "descrambler.u_descrambler_sva.gen_dout_chk[123]._assert_9"	[0.00 s].
0.0.B: Stopped processing property "descrambler.u_descrambler_sva.gen_dout_chk[122]._assert_9"	[0.01 s].
0.0.B: Starting proof for property "descrambler.u_descrambler_sva.gen_dout_chk[123]._assert_9"	[0.00 s].
0.0.B: A max_length bound was found. The shortest trace is no longer than 128 cycles. [0.00 s]
INFO (IPF008): 0.0.B: A max_length bound of 128 was found for the property "descrambler.u_descrambler_sva.gen_dout_chk[123]._assert_9" in 0.00 s.
0.0.B: Trace Attempt  1	[0.00 s]
0.0.B: Trace Attempt  2	[0.00 s]
0.0.B: Trace Attempt  3	[0.00 s]
0.0.N: Trace Attempt  1	[0.00 s]
0.0.B: Trace Attempt  4	[0.00 s]
0.0.B: Trace Attempt  5	[0.00 s]
0.0.N: Trace Attempt  2	[0.00 s]
0.0.N: Trace Attempt  2	[0.00 s]
0.0.N: Trace Attempt  3	[0.00 s]
0.0.N: Trace Attempt  3	[0.00 s]
0.0.N: Trace Attempt  4	[0.00 s]
0.0.N: Trace Attempt  5	[0.00 s]
0.0.N: Trace Attempt  1	[0.00 s]
0.0.N: Trace Attempt  2	[0.00 s]
0.0.N: Trace Attempt  3	[0.01 s]
0.0.N: Validation of fixpoint was successful. Time = 0.00
0.0.N: A proof was found: No trace exists. [0.01 s]
INFO (IPF057): 0.0.N: The property "descrambler.u_descrambler_sva.gen_dout_chk[123]._assert_9" was proven in 0.01 s.
0.0.N: Stopped processing property "descrambler.u_descrambler_sva.gen_dout_chk[123]._assert_9"	[0.01 s].
0.0.N: Starting proof for property "descrambler.u_descrambler_sva.gen_dout_chk[124]._assert_9"	[0.00 s].
0.0.B: Stopped processing property "descrambler.u_descrambler_sva.gen_dout_chk[123]._assert_9"	[0.01 s].
0.0.B: Starting proof for property "descrambler.u_descrambler_sva.gen_dout_chk[124]._assert_9"	[0.00 s].
0.0.B: A max_length bound was found. The shortest trace is no longer than 128 cycles. [0.00 s]
INFO (IPF008): 0.0.B: A max_length bound of 128 was found for the property "descrambler.u_descrambler_sva.gen_dout_chk[124]._assert_9" in 0.00 s.
0.0.B: Trace Attempt  1	[0.00 s]
0.0.B: Trace Attempt  2	[0.00 s]
0.0.N: Trace Attempt  1	[0.00 s]
0.0.B: Trace Attempt  3	[0.00 s]
0.0.B: Trace Attempt  4	[0.00 s]
0.0.N: Trace Attempt  2	[0.00 s]
0.0.B: Trace Attempt  5	[0.00 s]
0.0.N: Trace Attempt  2	[0.00 s]
0.0.N: Trace Attempt  3	[0.00 s]
0.0.N: Trace Attempt  3	[0.00 s]
0.0.N: Trace Attempt  4	[0.00 s]
0.0.N: Trace Attempt  5	[0.00 s]
0.0.N: Trace Attempt  1	[0.00 s]
0.0.N: Trace Attempt  2	[0.01 s]
0.0.N: Trace Attempt  3	[0.01 s]
0.0.N: Validation of fixpoint was successful. Time = 0.00
0.0.N: A proof was found: No trace exists. [0.01 s]
INFO (IPF057): 0.0.N: The property "descrambler.u_descrambler_sva.gen_dout_chk[124]._assert_9" was proven in 0.01 s.
0.0.N: Stopped processing property "descrambler.u_descrambler_sva.gen_dout_chk[124]._assert_9"	[0.01 s].
0.0.N: Starting proof for property "descrambler.u_descrambler_sva.gen_dout_chk[125]._assert_9"	[0.00 s].
0.0.B: Stopped processing property "descrambler.u_descrambler_sva.gen_dout_chk[124]._assert_9"	[0.01 s].
0.0.B: Starting proof for property "descrambler.u_descrambler_sva.gen_dout_chk[125]._assert_9"	[0.00 s].
0.0.B: A max_length bound was found. The shortest trace is no longer than 128 cycles. [0.00 s]
INFO (IPF008): 0.0.B: A max_length bound of 128 was found for the property "descrambler.u_descrambler_sva.gen_dout_chk[125]._assert_9" in 0.00 s.
0.0.B: Trace Attempt  1	[0.00 s]
0.0.N: Trace Attempt  1	[0.00 s]
0.0.B: Trace Attempt  2	[0.00 s]
0.0.B: Trace Attempt  3	[0.00 s]
0.0.N: Trace Attempt  2	[0.00 s]
0.0.B: Trace Attempt  4	[0.00 s]
0.0.B: Trace Attempt  5	[0.00 s]
0.0.N: Trace Attempt  2	[0.00 s]
0.0.N: Trace Attempt  3	[0.00 s]
0.0.N: Trace Attempt  3	[0.00 s]
0.0.N: Trace Attempt  4	[0.00 s]
0.0.N: Trace Attempt  5	[0.00 s]
0.0.N: Trace Attempt  1	[0.00 s]
0.0.N: Trace Attempt  2	[0.00 s]
0.0.N: Trace Attempt  3	[0.01 s]
0.0.N: Validation of fixpoint was successful. Time = 0.00
0.0.N: A proof was found: No trace exists. [0.01 s]
INFO (IPF057): 0.0.N: The property "descrambler.u_descrambler_sva.gen_dout_chk[125]._assert_9" was proven in 0.01 s.
0.0.N: Stopped processing property "descrambler.u_descrambler_sva.gen_dout_chk[125]._assert_9"	[0.01 s].
0.0.N: Starting proof for property "descrambler.u_descrambler_sva.gen_dout_chk[126]._assert_9"	[0.00 s].
0.0.B: Stopped processing property "descrambler.u_descrambler_sva.gen_dout_chk[125]._assert_9"	[0.01 s].
0.0.B: Starting proof for property "descrambler.u_descrambler_sva.gen_dout_chk[126]._assert_9"	[0.00 s].
0.0.B: A max_length bound was found. The shortest trace is no longer than 128 cycles. [0.00 s]
INFO (IPF008): 0.0.B: A max_length bound of 128 was found for the property "descrambler.u_descrambler_sva.gen_dout_chk[126]._assert_9" in 0.00 s.
0.0.B: Trace Attempt  1	[0.00 s]
0.0.B: Trace Attempt  2	[0.00 s]
0.0.B: Trace Attempt  3	[0.00 s]
0.0.N: Trace Attempt  1	[0.00 s]
0.0.B: Trace Attempt  4	[0.00 s]
0.0.B: Trace Attempt  5	[0.00 s]
0.0.N: Trace Attempt  2	[0.00 s]
0.0.N: Trace Attempt  2	[0.00 s]
0.0.N: Trace Attempt  3	[0.00 s]
0.0.N: Trace Attempt  3	[0.00 s]
0.0.N: Trace Attempt  4	[0.00 s]
0.0.N: Trace Attempt  5	[0.00 s]
0.0.N: Trace Attempt  1	[0.00 s]
0.0.N: Trace Attempt  2	[0.00 s]
0.0.N: Trace Attempt  3	[0.01 s]
0.0.N: Validation of fixpoint was successful. Time = 0.00
0.0.N: A proof was found: No trace exists. [0.01 s]
INFO (IPF057): 0.0.N: The property "descrambler.u_descrambler_sva.gen_dout_chk[126]._assert_9" was proven in 0.01 s.
0.0.N: Stopped processing property "descrambler.u_descrambler_sva.gen_dout_chk[126]._assert_9"	[0.01 s].
0.0.N: Starting proof for property "descrambler.u_descrambler_sva.gen_dout_chk[127]._assert_9"	[0.00 s].
0.0.B: Stopped processing property "descrambler.u_descrambler_sva.gen_dout_chk[126]._assert_9"	[0.01 s].
0.0.B: Starting proof for property "descrambler.u_descrambler_sva.gen_dout_chk[127]._assert_9"	[0.00 s].
0.0.B: A max_length bound was found. The shortest trace is no longer than 128 cycles. [0.00 s]
INFO (IPF008): 0.0.B: A max_length bound of 128 was found for the property "descrambler.u_descrambler_sva.gen_dout_chk[127]._assert_9" in 0.00 s.
0.0.B: Trace Attempt  1	[0.00 s]
0.0.B: Trace Attempt  2	[0.00 s]
0.0.N: Trace Attempt  1	[0.00 s]
0.0.B: Trace Attempt  3	[0.00 s]
0.0.B: Trace Attempt  4	[0.00 s]
0.0.B: Trace Attempt  5	[0.00 s]
0.0.N: Trace Attempt  2	[0.00 s]
0.0.N: Trace Attempt  2	[0.00 s]
0.0.N: Trace Attempt  3	[0.00 s]
0.0.N: Trace Attempt  3	[0.00 s]
0.0.N: Trace Attempt  4	[0.00 s]
0.0.N: Trace Attempt  5	[0.00 s]
0.0.N: Trace Attempt  1	[0.00 s]
0.0.N: Trace Attempt  2	[0.00 s]
0.0.N: Trace Attempt  3	[0.01 s]
0.0.N: Validation of fixpoint was successful. Time = 0.00
0.0.N: A proof was found: No trace exists. [0.01 s]
INFO (IPF057): 0.0.N: The property "descrambler.u_descrambler_sva.gen_dout_chk[127]._assert_9" was proven in 0.01 s.
0.0.N: Stopped processing property "descrambler.u_descrambler_sva.gen_dout_chk[127]._assert_9"	[0.01 s].
0.0.N: Starting proof for property "descrambler.u_descrambler_sva.gen_dout_chk[128]._assert_9"	[0.00 s].
0.0.B: Stopped processing property "descrambler.u_descrambler_sva.gen_dout_chk[127]._assert_9"	[0.01 s].
0.0.B: Starting proof for property "descrambler.u_descrambler_sva.gen_dout_chk[128]._assert_9"	[0.00 s].
0.0.B: A max_length bound was found. The shortest trace is no longer than 128 cycles. [0.00 s]
INFO (IPF008): 0.0.B: A max_length bound of 128 was found for the property "descrambler.u_descrambler_sva.gen_dout_chk[128]._assert_9" in 0.00 s.
0.0.B: Trace Attempt  1	[0.00 s]
0.0.B: Trace Attempt  2	[0.00 s]
0.0.N: Trace Attempt  1	[0.00 s]
0.0.B: Trace Attempt  3	[0.00 s]
0.0.B: Trace Attempt  4	[0.00 s]
0.0.B: Trace Attempt  5	[0.00 s]
0.0.N: Trace Attempt  2	[0.00 s]
0.0.N: Trace Attempt  2	[0.00 s]
0.0.N: Trace Attempt  3	[0.00 s]
0.0.N: Trace Attempt  3	[0.00 s]
0.0.N: Trace Attempt  4	[0.00 s]
0.0.N: Trace Attempt  5	[0.00 s]
0.0.N: Trace Attempt  1	[0.00 s]
0.0.N: Trace Attempt  2	[0.00 s]
0.0.N: Trace Attempt  3	[0.01 s]
0.0.N: Validation of fixpoint was successful. Time = 0.00
0.0.N: A proof was found: No trace exists. [0.01 s]
INFO (IPF057): 0.0.N: The property "descrambler.u_descrambler_sva.gen_dout_chk[128]._assert_9" was proven in 0.01 s.
0.0.B: Stopped processing property "descrambler.u_descrambler_sva.gen_dout_chk[128]._assert_9"	[0.01 s].
0.0.B: Starting proof for property "descrambler.u_descrambler_sva.gen_dout_chk[129]._assert_9"	[0.00 s].
0.0.N: Stopped processing property "descrambler.u_descrambler_sva.gen_dout_chk[128]._assert_9"	[0.01 s].
0.0.N: Starting proof for property "descrambler.u_descrambler_sva.gen_dout_chk[129]._assert_9"	[0.00 s].
0.0.B: A max_length bound was found. The shortest trace is no longer than 128 cycles. [0.00 s]
INFO (IPF008): 0.0.B: A max_length bound of 128 was found for the property "descrambler.u_descrambler_sva.gen_dout_chk[129]._assert_9" in 0.00 s.
0.0.B: Trace Attempt  1	[0.00 s]
0.0.B: Trace Attempt  2	[0.00 s]
0.0.B: Trace Attempt  3	[0.00 s]
0.0.N: Trace Attempt  1	[0.00 s]
0.0.B: Trace Attempt  4	[0.00 s]
0.0.B: Trace Attempt  5	[0.00 s]
0.0.N: Trace Attempt  2	[0.00 s]
0.0.N: Trace Attempt  2	[0.00 s]
0.0.N: Trace Attempt  3	[0.00 s]
0.0.N: Trace Attempt  3	[0.00 s]
0.0.N: Trace Attempt  4	[0.00 s]
0.0.N: Trace Attempt  5	[0.00 s]
0.0.N: Trace Attempt  1	[0.00 s]
0.0.N: Trace Attempt  2	[0.01 s]
0.0.N: Trace Attempt  3	[0.01 s]
0.0.N: Validation of fixpoint was successful. Time = 0.00
0.0.N: A proof was found: No trace exists. [0.01 s]
INFO (IPF057): 0.0.N: The property "descrambler.u_descrambler_sva.gen_dout_chk[129]._assert_9" was proven in 0.01 s.
0.0.N: Stopped processing property "descrambler.u_descrambler_sva.gen_dout_chk[129]._assert_9"	[0.01 s].
0.0.N: Starting proof for property "descrambler.u_descrambler_sva.gen_dout_chk[130]._assert_9"	[0.00 s].
0.0.B: Stopped processing property "descrambler.u_descrambler_sva.gen_dout_chk[129]._assert_9"	[0.01 s].
0.0.B: Starting proof for property "descrambler.u_descrambler_sva.gen_dout_chk[130]._assert_9"	[0.00 s].
0.0.B: A max_length bound was found. The shortest trace is no longer than 128 cycles. [0.00 s]
INFO (IPF008): 0.0.B: A max_length bound of 128 was found for the property "descrambler.u_descrambler_sva.gen_dout_chk[130]._assert_9" in 0.00 s.
0.0.B: Trace Attempt  1	[0.00 s]
0.0.B: Trace Attempt  2	[0.00 s]
0.0.N: Trace Attempt  1	[0.00 s]
0.0.B: Trace Attempt  3	[0.00 s]
0.0.B: Trace Attempt  4	[0.00 s]
0.0.B: Trace Attempt  5	[0.00 s]
0.0.N: Trace Attempt  2	[0.00 s]
0.0.N: Trace Attempt  2	[0.00 s]
0.0.N: Trace Attempt  3	[0.00 s]
0.0.N: Trace Attempt  3	[0.00 s]
0.0.N: Trace Attempt  4	[0.00 s]
0.0.N: Trace Attempt  5	[0.00 s]
0.0.N: Trace Attempt  1	[0.01 s]
0.0.N: Trace Attempt  2	[0.01 s]
0.0.N: Trace Attempt  3	[0.01 s]
0.0.N: Validation of fixpoint was successful. Time = 0.00
0.0.N: A proof was found: No trace exists. [0.01 s]
INFO (IPF057): 0.0.N: The property "descrambler.u_descrambler_sva.gen_dout_chk[130]._assert_9" was proven in 0.01 s.
0.0.N: Stopped processing property "descrambler.u_descrambler_sva.gen_dout_chk[130]._assert_9"	[0.01 s].
0.0.N: Starting proof for property "descrambler.u_descrambler_sva.gen_dout_chk[131]._assert_9"	[0.00 s].
0.0.B: Stopped processing property "descrambler.u_descrambler_sva.gen_dout_chk[130]._assert_9"	[0.01 s].
0.0.B: Starting proof for property "descrambler.u_descrambler_sva.gen_dout_chk[131]._assert_9"	[0.00 s].
0.0.B: A max_length bound was found. The shortest trace is no longer than 128 cycles. [0.00 s]
INFO (IPF008): 0.0.B: A max_length bound of 128 was found for the property "descrambler.u_descrambler_sva.gen_dout_chk[131]._assert_9" in 0.00 s.
0.0.B: Trace Attempt  1	[0.00 s]
0.0.B: Trace Attempt  2	[0.00 s]
0.0.B: Trace Attempt  3	[0.00 s]
0.0.N: Trace Attempt  1	[0.00 s]
0.0.B: Trace Attempt  4	[0.00 s]
0.0.B: Trace Attempt  5	[0.00 s]
0.0.N: Trace Attempt  2	[0.00 s]
0.0.N: Trace Attempt  2	[0.00 s]
0.0.N: Trace Attempt  3	[0.00 s]
0.0.N: Trace Attempt  3	[0.00 s]
0.0.N: Trace Attempt  4	[0.00 s]
0.0.N: Trace Attempt  5	[0.00 s]
0.0.N: Trace Attempt  1	[0.01 s]
0.0.N: Trace Attempt  2	[0.01 s]
0.0.N: Trace Attempt  3	[0.01 s]
0.0.N: Validation of fixpoint was successful. Time = 0.00
0.0.N: A proof was found: No trace exists. [0.01 s]
INFO (IPF057): 0.0.N: The property "descrambler.u_descrambler_sva.gen_dout_chk[131]._assert_9" was proven in 0.01 s.
0.0.B: Stopped processing property "descrambler.u_descrambler_sva.gen_dout_chk[131]._assert_9"	[0.01 s].
0.0.B: Starting proof for property "descrambler.u_descrambler_sva.gen_dout_chk[132]._assert_9"	[0.00 s].
0.0.N: Stopped processing property "descrambler.u_descrambler_sva.gen_dout_chk[131]._assert_9"	[0.01 s].
0.0.N: Starting proof for property "descrambler.u_descrambler_sva.gen_dout_chk[132]._assert_9"	[0.00 s].
0.0.B: A max_length bound was found. The shortest trace is no longer than 128 cycles. [0.00 s]
INFO (IPF008): 0.0.B: A max_length bound of 128 was found for the property "descrambler.u_descrambler_sva.gen_dout_chk[132]._assert_9" in 0.00 s.
0.0.B: Trace Attempt  1	[0.00 s]
0.0.B: Trace Attempt  2	[0.00 s]
0.0.B: Trace Attempt  3	[0.00 s]
0.0.B: Trace Attempt  4	[0.00 s]
0.0.N: Trace Attempt  1	[0.00 s]
0.0.B: Trace Attempt  5	[0.00 s]
0.0.N: Trace Attempt  2	[0.00 s]
0.0.N: Trace Attempt  2	[0.00 s]
0.0.N: Trace Attempt  3	[0.00 s]
0.0.N: Trace Attempt  3	[0.00 s]
0.0.N: Trace Attempt  4	[0.00 s]
0.0.N: Trace Attempt  5	[0.00 s]
0.0.N: Trace Attempt  1	[0.01 s]
0.0.N: Trace Attempt  2	[0.01 s]
0.0.N: Trace Attempt  3	[0.01 s]
0.0.N: Validation of fixpoint was successful. Time = 0.00
0.0.N: A proof was found: No trace exists. [0.01 s]
INFO (IPF057): 0.0.N: The property "descrambler.u_descrambler_sva.gen_dout_chk[132]._assert_9" was proven in 0.01 s.
0.0.B: Stopped processing property "descrambler.u_descrambler_sva.gen_dout_chk[132]._assert_9"	[0.01 s].
0.0.B: Starting proof for property "descrambler.u_descrambler_sva.gen_dout_chk[133]._assert_9"	[0.00 s].
0.0.N: Stopped processing property "descrambler.u_descrambler_sva.gen_dout_chk[132]._assert_9"	[0.01 s].
0.0.N: Starting proof for property "descrambler.u_descrambler_sva.gen_dout_chk[133]._assert_9"	[0.00 s].
0.0.B: A max_length bound was found. The shortest trace is no longer than 128 cycles. [0.00 s]
INFO (IPF008): 0.0.B: A max_length bound of 128 was found for the property "descrambler.u_descrambler_sva.gen_dout_chk[133]._assert_9" in 0.00 s.
0.0.B: Trace Attempt  1	[0.00 s]
0.0.B: Trace Attempt  2	[0.00 s]
0.0.B: Trace Attempt  3	[0.00 s]
0.0.B: Trace Attempt  4	[0.00 s]
0.0.N: Trace Attempt  1	[0.00 s]
0.0.B: Trace Attempt  5	[0.00 s]
0.0.N: Trace Attempt  2	[0.00 s]
0.0.N: Trace Attempt  2	[0.00 s]
0.0.N: Trace Attempt  3	[0.00 s]
0.0.N: Trace Attempt  3	[0.00 s]
0.0.N: Trace Attempt  4	[0.00 s]
0.0.N: Trace Attempt  5	[0.00 s]
0.0.N: Trace Attempt  1	[0.01 s]
0.0.N: Trace Attempt  2	[0.01 s]
0.0.N: Trace Attempt  3	[0.01 s]
0.0.N: Validation of fixpoint was successful. Time = 0.00
0.0.N: A proof was found: No trace exists. [0.01 s]
INFO (IPF057): 0.0.N: The property "descrambler.u_descrambler_sva.gen_dout_chk[133]._assert_9" was proven in 0.01 s.
0.0.N: Stopped processing property "descrambler.u_descrambler_sva.gen_dout_chk[133]._assert_9"	[0.01 s].
0.0.N: Starting proof for property "descrambler.u_descrambler_sva.gen_dout_chk[134]._assert_9"	[0.00 s].
0.0.B: Stopped processing property "descrambler.u_descrambler_sva.gen_dout_chk[133]._assert_9"	[0.01 s].
0.0.B: Starting proof for property "descrambler.u_descrambler_sva.gen_dout_chk[134]._assert_9"	[0.00 s].
0.0.B: A max_length bound was found. The shortest trace is no longer than 128 cycles. [0.00 s]
INFO (IPF008): 0.0.B: A max_length bound of 128 was found for the property "descrambler.u_descrambler_sva.gen_dout_chk[134]._assert_9" in 0.00 s.
0.0.B: Trace Attempt  1	[0.00 s]
0.0.B: Trace Attempt  2	[0.00 s]
0.0.B: Trace Attempt  3	[0.00 s]
0.0.N: Trace Attempt  1	[0.00 s]
0.0.B: Trace Attempt  4	[0.00 s]
0.0.B: Trace Attempt  5	[0.00 s]
0.0.N: Trace Attempt  2	[0.00 s]
0.0.N: Trace Attempt  2	[0.00 s]
0.0.N: Trace Attempt  3	[0.00 s]
0.0.N: Trace Attempt  3	[0.00 s]
0.0.N: Trace Attempt  4	[0.00 s]
0.0.N: Trace Attempt  5	[0.00 s]
0.0.N: Trace Attempt  1	[0.01 s]
0.0.N: Trace Attempt  2	[0.01 s]
0.0.N: Trace Attempt  3	[0.01 s]
0.0.N: Validation of fixpoint was successful. Time = 0.00
0.0.N: A proof was found: No trace exists. [0.01 s]
INFO (IPF057): 0.0.N: The property "descrambler.u_descrambler_sva.gen_dout_chk[134]._assert_9" was proven in 0.01 s.
0.0.N: Stopped processing property "descrambler.u_descrambler_sva.gen_dout_chk[134]._assert_9"	[0.01 s].
0.0.N: Starting proof for property "descrambler.u_descrambler_sva.gen_dout_chk[135]._assert_9"	[0.00 s].
0.0.B: Stopped processing property "descrambler.u_descrambler_sva.gen_dout_chk[134]._assert_9"	[0.01 s].
0.0.B: Starting proof for property "descrambler.u_descrambler_sva.gen_dout_chk[135]._assert_9"	[0.00 s].
0.0.B: A max_length bound was found. The shortest trace is no longer than 128 cycles. [0.00 s]
INFO (IPF008): 0.0.B: A max_length bound of 128 was found for the property "descrambler.u_descrambler_sva.gen_dout_chk[135]._assert_9" in 0.00 s.
0.0.B: Trace Attempt  1	[0.00 s]
0.0.B: Trace Attempt  2	[0.00 s]
0.0.N: Trace Attempt  1	[0.00 s]
0.0.B: Trace Attempt  3	[0.00 s]
0.0.B: Trace Attempt  4	[0.00 s]
0.0.B: Trace Attempt  5	[0.00 s]
0.0.N: Trace Attempt  2	[0.00 s]
0.0.N: Trace Attempt  2	[0.00 s]
0.0.N: Trace Attempt  3	[0.00 s]
0.0.N: Trace Attempt  3	[0.00 s]
0.0.N: Trace Attempt  4	[0.00 s]
0.0.N: Trace Attempt  5	[0.00 s]
0.0.N: Trace Attempt  1	[0.01 s]
0.0.N: Trace Attempt  2	[0.01 s]
0.0.N: Trace Attempt  3	[0.01 s]
0.0.N: Validation of fixpoint was successful. Time = 0.00
0.0.N: A proof was found: No trace exists. [0.01 s]
INFO (IPF057): 0.0.N: The property "descrambler.u_descrambler_sva.gen_dout_chk[135]._assert_9" was proven in 0.01 s.
0.0.N: Stopped processing property "descrambler.u_descrambler_sva.gen_dout_chk[135]._assert_9"	[0.01 s].
0.0.N: Starting proof for property "descrambler.u_descrambler_sva.gen_dout_chk[136]._assert_9"	[0.00 s].
0.0.B: Stopped processing property "descrambler.u_descrambler_sva.gen_dout_chk[135]._assert_9"	[0.01 s].
0.0.B: Starting proof for property "descrambler.u_descrambler_sva.gen_dout_chk[136]._assert_9"	[0.00 s].
0.0.B: A max_length bound was found. The shortest trace is no longer than 128 cycles. [0.00 s]
INFO (IPF008): 0.0.B: A max_length bound of 128 was found for the property "descrambler.u_descrambler_sva.gen_dout_chk[136]._assert_9" in 0.00 s.
0.0.B: Trace Attempt  1	[0.00 s]
0.0.N: Trace Attempt  1	[0.00 s]
0.0.B: Trace Attempt  2	[0.00 s]
0.0.B: Trace Attempt  3	[0.00 s]
0.0.B: Trace Attempt  4	[0.00 s]
0.0.N: Trace Attempt  2	[0.00 s]
0.0.B: Trace Attempt  5	[0.00 s]
0.0.N: Trace Attempt  2	[0.00 s]
0.0.N: Trace Attempt  3	[0.00 s]
0.0.N: Trace Attempt  3	[0.00 s]
0.0.N: Trace Attempt  4	[0.00 s]
0.0.N: Trace Attempt  5	[0.00 s]
0.0.N: Trace Attempt  1	[0.01 s]
0.0.N: Trace Attempt  2	[0.01 s]
0.0.N: Trace Attempt  3	[0.01 s]
0.0.N: Validation of fixpoint was successful. Time = 0.00
0.0.N: A proof was found: No trace exists. [0.01 s]
INFO (IPF057): 0.0.N: The property "descrambler.u_descrambler_sva.gen_dout_chk[136]._assert_9" was proven in 0.01 s.
0.0.N: Stopped processing property "descrambler.u_descrambler_sva.gen_dout_chk[136]._assert_9"	[0.01 s].
0.0.N: Starting proof for property "descrambler.u_descrambler_sva.gen_dout_chk[137]._assert_9"	[0.00 s].
0.0.B: Stopped processing property "descrambler.u_descrambler_sva.gen_dout_chk[136]._assert_9"	[0.01 s].
0.0.B: Starting proof for property "descrambler.u_descrambler_sva.gen_dout_chk[137]._assert_9"	[0.00 s].
0.0.B: A max_length bound was found. The shortest trace is no longer than 128 cycles. [0.00 s]
INFO (IPF008): 0.0.B: A max_length bound of 128 was found for the property "descrambler.u_descrambler_sva.gen_dout_chk[137]._assert_9" in 0.00 s.
0.0.B: Trace Attempt  1	[0.00 s]
0.0.B: Trace Attempt  2	[0.00 s]
0.0.N: Trace Attempt  1	[0.00 s]
0.0.B: Trace Attempt  3	[0.00 s]
0.0.B: Trace Attempt  4	[0.00 s]
0.0.B: Trace Attempt  5	[0.00 s]
0.0.N: Trace Attempt  2	[0.00 s]
0.0.N: Trace Attempt  2	[0.00 s]
0.0.N: Trace Attempt  3	[0.00 s]
0.0.N: Trace Attempt  3	[0.00 s]
0.0.N: Trace Attempt  4	[0.00 s]
0.0.N: Trace Attempt  5	[0.00 s]
0.0.N: Trace Attempt  1	[0.01 s]
0.0.N: Trace Attempt  2	[0.01 s]
0.0.N: Trace Attempt  3	[0.01 s]
0.0.N: Validation of fixpoint was successful. Time = 0.00
0.0.N: A proof was found: No trace exists. [0.01 s]
INFO (IPF057): 0.0.N: The property "descrambler.u_descrambler_sva.gen_dout_chk[137]._assert_9" was proven in 0.01 s.
0.0.N: Stopped processing property "descrambler.u_descrambler_sva.gen_dout_chk[137]._assert_9"	[0.01 s].
0.0.N: Starting proof for property "descrambler.u_descrambler_sva.gen_dout_chk[138]._assert_9"	[0.00 s].
0.0.B: Stopped processing property "descrambler.u_descrambler_sva.gen_dout_chk[137]._assert_9"	[0.01 s].
0.0.B: Starting proof for property "descrambler.u_descrambler_sva.gen_dout_chk[138]._assert_9"	[0.00 s].
0.0.B: A max_length bound was found. The shortest trace is no longer than 128 cycles. [0.00 s]
INFO (IPF008): 0.0.B: A max_length bound of 128 was found for the property "descrambler.u_descrambler_sva.gen_dout_chk[138]._assert_9" in 0.00 s.
0.0.B: Trace Attempt  1	[0.00 s]
0.0.B: Trace Attempt  2	[0.00 s]
0.0.B: Trace Attempt  3	[0.00 s]
0.0.N: Trace Attempt  1	[0.00 s]
0.0.B: Trace Attempt  4	[0.00 s]
0.0.B: Trace Attempt  5	[0.00 s]
0.0.N: Trace Attempt  2	[0.00 s]
0.0.N: Trace Attempt  2	[0.00 s]
0.0.N: Trace Attempt  3	[0.00 s]
0.0.N: Trace Attempt  3	[0.00 s]
0.0.N: Trace Attempt  4	[0.00 s]
0.0.N: Trace Attempt  5	[0.00 s]
0.0.N: Trace Attempt  1	[0.01 s]
0.0.N: Trace Attempt  2	[0.01 s]
0.0.N: Trace Attempt  3	[0.01 s]
0.0.N: Validation of fixpoint was successful. Time = 0.00
0.0.N: A proof was found: No trace exists. [0.01 s]
INFO (IPF057): 0.0.N: The property "descrambler.u_descrambler_sva.gen_dout_chk[138]._assert_9" was proven in 0.01 s.
0.0.N: Stopped processing property "descrambler.u_descrambler_sva.gen_dout_chk[138]._assert_9"	[0.01 s].
0.0.N: Starting proof for property "descrambler.u_descrambler_sva.gen_dout_chk[139]._assert_9"	[0.00 s].
0.0.B: Stopped processing property "descrambler.u_descrambler_sva.gen_dout_chk[138]._assert_9"	[0.01 s].
0.0.B: Starting proof for property "descrambler.u_descrambler_sva.gen_dout_chk[139]._assert_9"	[0.00 s].
0.0.B: A max_length bound was found. The shortest trace is no longer than 128 cycles. [0.00 s]
INFO (IPF008): 0.0.B: A max_length bound of 128 was found for the property "descrambler.u_descrambler_sva.gen_dout_chk[139]._assert_9" in 0.00 s.
0.0.B: Trace Attempt  1	[0.00 s]
0.0.B: Trace Attempt  2	[0.00 s]
0.0.B: Trace Attempt  3	[0.00 s]
0.0.N: Trace Attempt  1	[0.00 s]
0.0.B: Trace Attempt  4	[0.00 s]
0.0.B: Trace Attempt  5	[0.00 s]
0.0.N: Trace Attempt  2	[0.00 s]
0.0.N: Trace Attempt  2	[0.00 s]
0.0.N: Trace Attempt  3	[0.00 s]
0.0.N: Trace Attempt  3	[0.00 s]
0.0.N: Trace Attempt  4	[0.00 s]
0.0.N: Trace Attempt  5	[0.00 s]
0.0.N: Trace Attempt  1	[0.00 s]
0.0.N: Trace Attempt  2	[0.00 s]
0.0.N: Trace Attempt  3	[0.01 s]
0.0.N: Validation of fixpoint was successful. Time = 0.00
0.0.N: A proof was found: No trace exists. [0.01 s]
INFO (IPF057): 0.0.N: The property "descrambler.u_descrambler_sva.gen_dout_chk[139]._assert_9" was proven in 0.01 s.
0.0.N: Stopped processing property "descrambler.u_descrambler_sva.gen_dout_chk[139]._assert_9"	[0.01 s].
0.0.N: Starting proof for property "descrambler.u_descrambler_sva.gen_dout_chk[140]._assert_9"	[0.00 s].
0.0.B: Stopped processing property "descrambler.u_descrambler_sva.gen_dout_chk[139]._assert_9"	[0.01 s].
0.0.B: Starting proof for property "descrambler.u_descrambler_sva.gen_dout_chk[140]._assert_9"	[0.00 s].
0.0.B: A max_length bound was found. The shortest trace is no longer than 128 cycles. [0.00 s]
INFO (IPF008): 0.0.B: A max_length bound of 128 was found for the property "descrambler.u_descrambler_sva.gen_dout_chk[140]._assert_9" in 0.00 s.
0.0.B: Trace Attempt  1	[0.00 s]
0.0.B: Trace Attempt  2	[0.00 s]
0.0.B: Trace Attempt  3	[0.00 s]
0.0.N: Trace Attempt  1	[0.00 s]
0.0.B: Trace Attempt  4	[0.00 s]
0.0.B: Trace Attempt  5	[0.00 s]
0.0.N: Trace Attempt  2	[0.00 s]
0.0.N: Trace Attempt  2	[0.00 s]
0.0.N: Trace Attempt  3	[0.00 s]
0.0.N: Trace Attempt  3	[0.00 s]
0.0.N: Trace Attempt  4	[0.00 s]
0.0.N: Trace Attempt  5	[0.00 s]
0.0.N: Trace Attempt  1	[0.00 s]
0.0.N: Trace Attempt  2	[0.01 s]
0.0.N: Trace Attempt  3	[0.01 s]
0.0.N: Validation of fixpoint was successful. Time = 0.00
0.0.N: A proof was found: No trace exists. [0.01 s]
INFO (IPF057): 0.0.N: The property "descrambler.u_descrambler_sva.gen_dout_chk[140]._assert_9" was proven in 0.01 s.
0.0.N: Stopped processing property "descrambler.u_descrambler_sva.gen_dout_chk[140]._assert_9"	[0.01 s].
0.0.N: Starting proof for property "descrambler.u_descrambler_sva.gen_dout_chk[141]._assert_9"	[0.00 s].
0.0.B: Stopped processing property "descrambler.u_descrambler_sva.gen_dout_chk[140]._assert_9"	[0.01 s].
0.0.B: Starting proof for property "descrambler.u_descrambler_sva.gen_dout_chk[141]._assert_9"	[0.00 s].
0.0.B: A max_length bound was found. The shortest trace is no longer than 128 cycles. [0.00 s]
INFO (IPF008): 0.0.B: A max_length bound of 128 was found for the property "descrambler.u_descrambler_sva.gen_dout_chk[141]._assert_9" in 0.00 s.
0.0.B: Trace Attempt  1	[0.00 s]
0.0.B: Trace Attempt  2	[0.00 s]
0.0.B: Trace Attempt  3	[0.00 s]
0.0.N: Trace Attempt  1	[0.00 s]
0.0.B: Trace Attempt  4	[0.00 s]
0.0.B: Trace Attempt  5	[0.00 s]
0.0.N: Trace Attempt  2	[0.00 s]
0.0.N: Trace Attempt  2	[0.00 s]
0.0.N: Trace Attempt  3	[0.00 s]
0.0.N: Trace Attempt  3	[0.00 s]
0.0.N: Trace Attempt  4	[0.00 s]
0.0.N: Trace Attempt  5	[0.00 s]
0.0.N: Trace Attempt  1	[0.01 s]
0.0.N: Trace Attempt  2	[0.01 s]
0.0.N: Trace Attempt  3	[0.01 s]
0.0.N: Validation of fixpoint was successful. Time = 0.00
0.0.N: A proof was found: No trace exists. [0.01 s]
INFO (IPF057): 0.0.N: The property "descrambler.u_descrambler_sva.gen_dout_chk[141]._assert_9" was proven in 0.01 s.
0.0.N: Stopped processing property "descrambler.u_descrambler_sva.gen_dout_chk[141]._assert_9"	[0.01 s].
0.0.N: Starting proof for property "descrambler.u_descrambler_sva.gen_dout_chk[142]._assert_9"	[0.00 s].
0.0.B: Stopped processing property "descrambler.u_descrambler_sva.gen_dout_chk[141]._assert_9"	[0.01 s].
0.0.B: Starting proof for property "descrambler.u_descrambler_sva.gen_dout_chk[142]._assert_9"	[0.00 s].
0.0.B: A max_length bound was found. The shortest trace is no longer than 128 cycles. [0.00 s]
INFO (IPF008): 0.0.B: A max_length bound of 128 was found for the property "descrambler.u_descrambler_sva.gen_dout_chk[142]._assert_9" in 0.00 s.
0.0.B: Trace Attempt  1	[0.00 s]
0.0.B: Trace Attempt  2	[0.00 s]
0.0.B: Trace Attempt  3	[0.00 s]
0.0.N: Trace Attempt  1	[0.00 s]
0.0.B: Trace Attempt  4	[0.00 s]
0.0.B: Trace Attempt  5	[0.00 s]
0.0.N: Trace Attempt  2	[0.00 s]
0.0.N: Trace Attempt  2	[0.00 s]
0.0.N: Trace Attempt  3	[0.00 s]
0.0.N: Trace Attempt  3	[0.00 s]
0.0.N: Trace Attempt  4	[0.00 s]
0.0.N: Trace Attempt  5	[0.00 s]
0.0.N: Trace Attempt  1	[0.01 s]
0.0.N: Trace Attempt  2	[0.01 s]
0.0.N: Trace Attempt  3	[0.01 s]
0.0.N: Validation of fixpoint was successful. Time = 0.00
0.0.N: A proof was found: No trace exists. [0.01 s]
INFO (IPF057): 0.0.N: The property "descrambler.u_descrambler_sva.gen_dout_chk[142]._assert_9" was proven in 0.01 s.
0.0.N: Stopped processing property "descrambler.u_descrambler_sva.gen_dout_chk[142]._assert_9"	[0.01 s].
0.0.B: Stopped processing property "descrambler.u_descrambler_sva.gen_dout_chk[142]._assert_9"	[0.01 s].
0.0.B: Starting proof for property "descrambler.u_descrambler_sva.gen_dout_chk[143]._assert_9"	[0.00 s].
0.0.N: Starting proof for property "descrambler.u_descrambler_sva.gen_dout_chk[143]._assert_9"	[0.00 s].
0.0.B: A max_length bound was found. The shortest trace is no longer than 128 cycles. [0.00 s]
INFO (IPF008): 0.0.B: A max_length bound of 128 was found for the property "descrambler.u_descrambler_sva.gen_dout_chk[143]._assert_9" in 0.00 s.
0.0.B: Trace Attempt  1	[0.00 s]
0.0.B: Trace Attempt  2	[0.00 s]
0.0.B: Trace Attempt  3	[0.00 s]
0.0.B: Trace Attempt  4	[0.00 s]
0.0.N: Trace Attempt  1	[0.00 s]
0.0.B: Trace Attempt  5	[0.00 s]
0.0.N: Trace Attempt  2	[0.00 s]
0.0.N: Trace Attempt  2	[0.00 s]
0.0.N: Trace Attempt  3	[0.00 s]
0.0.N: Trace Attempt  3	[0.00 s]
0.0.N: Trace Attempt  4	[0.00 s]
0.0.N: Trace Attempt  5	[0.00 s]
0.0.N: Trace Attempt  1	[0.01 s]
0.0.N: Trace Attempt  2	[0.01 s]
0.0.N: Trace Attempt  3	[0.01 s]
0.0.N: Validation of fixpoint was successful. Time = 0.00
0.0.N: A proof was found: No trace exists. [0.01 s]
INFO (IPF057): 0.0.N: The property "descrambler.u_descrambler_sva.gen_dout_chk[143]._assert_9" was proven in 0.01 s.
0.0.N: Stopped processing property "descrambler.u_descrambler_sva.gen_dout_chk[143]._assert_9"	[0.01 s].
0.0.N: Starting proof for property "descrambler.u_descrambler_sva.gen_dout_chk[144]._assert_9"	[0.00 s].
0.0.B: Stopped processing property "descrambler.u_descrambler_sva.gen_dout_chk[143]._assert_9"	[0.01 s].
0.0.B: Starting proof for property "descrambler.u_descrambler_sva.gen_dout_chk[144]._assert_9"	[0.00 s].
0.0.B: A max_length bound was found. The shortest trace is no longer than 128 cycles. [0.00 s]
INFO (IPF008): 0.0.B: A max_length bound of 128 was found for the property "descrambler.u_descrambler_sva.gen_dout_chk[144]._assert_9" in 0.00 s.
0.0.B: Trace Attempt  1	[0.00 s]
0.0.B: Trace Attempt  2	[0.00 s]
0.0.B: Trace Attempt  3	[0.00 s]
0.0.N: Trace Attempt  1	[0.00 s]
0.0.B: Trace Attempt  4	[0.00 s]
0.0.B: Trace Attempt  5	[0.00 s]
0.0.N: Trace Attempt  2	[0.00 s]
0.0.N: Trace Attempt  2	[0.00 s]
0.0.N: Trace Attempt  3	[0.00 s]
0.0.N: Trace Attempt  3	[0.00 s]
0.0.N: Trace Attempt  4	[0.00 s]
0.0.N: Trace Attempt  5	[0.00 s]
0.0.N: Trace Attempt  1	[0.01 s]
0.0.N: Trace Attempt  2	[0.01 s]
0.0.N: Trace Attempt  3	[0.01 s]
0.0.N: Validation of fixpoint was successful. Time = 0.00
0.0.N: A proof was found: No trace exists. [0.01 s]
INFO (IPF057): 0.0.N: The property "descrambler.u_descrambler_sva.gen_dout_chk[144]._assert_9" was proven in 0.01 s.
0.0.N: Stopped processing property "descrambler.u_descrambler_sva.gen_dout_chk[144]._assert_9"	[0.01 s].
0.0.N: Starting proof for property "descrambler.u_descrambler_sva.gen_dout_chk[145]._assert_9"	[0.00 s].
0.0.B: Stopped processing property "descrambler.u_descrambler_sva.gen_dout_chk[144]._assert_9"	[0.01 s].
0.0.B: Starting proof for property "descrambler.u_descrambler_sva.gen_dout_chk[145]._assert_9"	[0.00 s].
0.0.B: A max_length bound was found. The shortest trace is no longer than 128 cycles. [0.00 s]
INFO (IPF008): 0.0.B: A max_length bound of 128 was found for the property "descrambler.u_descrambler_sva.gen_dout_chk[145]._assert_9" in 0.00 s.
0.0.B: Trace Attempt  1	[0.00 s]
0.0.B: Trace Attempt  2	[0.00 s]
0.0.N: Trace Attempt  1	[0.00 s]
0.0.B: Trace Attempt  3	[0.00 s]
0.0.B: Trace Attempt  4	[0.00 s]
0.0.B: Trace Attempt  5	[0.00 s]
0.0.N: Trace Attempt  2	[0.00 s]
0.0.N: Trace Attempt  2	[0.00 s]
0.0.N: Trace Attempt  3	[0.00 s]
0.0.N: Trace Attempt  3	[0.00 s]
0.0.N: Trace Attempt  4	[0.00 s]
0.0.N: Trace Attempt  5	[0.00 s]
0.0.N: Trace Attempt  1	[0.01 s]
0.0.N: Trace Attempt  2	[0.01 s]
0.0.N: Trace Attempt  3	[0.01 s]
0.0.N: Validation of fixpoint was successful. Time = 0.00
0.0.N: A proof was found: No trace exists. [0.01 s]
INFO (IPF057): 0.0.N: The property "descrambler.u_descrambler_sva.gen_dout_chk[145]._assert_9" was proven in 0.01 s.
0.0.N: Stopped processing property "descrambler.u_descrambler_sva.gen_dout_chk[145]._assert_9"	[0.01 s].
0.0.N: Starting proof for property "descrambler.u_descrambler_sva.gen_dout_chk[146]._assert_9"	[0.00 s].
0.0.B: Stopped processing property "descrambler.u_descrambler_sva.gen_dout_chk[145]._assert_9"	[0.01 s].
0.0.B: Starting proof for property "descrambler.u_descrambler_sva.gen_dout_chk[146]._assert_9"	[0.00 s].
0.0.B: A max_length bound was found. The shortest trace is no longer than 128 cycles. [0.00 s]
INFO (IPF008): 0.0.B: A max_length bound of 128 was found for the property "descrambler.u_descrambler_sva.gen_dout_chk[146]._assert_9" in 0.00 s.
0.0.B: Trace Attempt  1	[0.00 s]
0.0.B: Trace Attempt  2	[0.00 s]
0.0.B: Trace Attempt  3	[0.00 s]
0.0.N: Trace Attempt  1	[0.00 s]
0.0.B: Trace Attempt  4	[0.00 s]
0.0.B: Trace Attempt  5	[0.00 s]
0.0.N: Trace Attempt  2	[0.00 s]
0.0.N: Trace Attempt  2	[0.00 s]
0.0.N: Trace Attempt  3	[0.00 s]
0.0.N: Trace Attempt  3	[0.00 s]
0.0.N: Trace Attempt  4	[0.00 s]
0.0.N: Trace Attempt  5	[0.00 s]
0.0.N: Trace Attempt  1	[0.01 s]
0.0.N: Trace Attempt  2	[0.01 s]
0.0.N: Trace Attempt  3	[0.01 s]
0.0.N: Validation of fixpoint was successful. Time = 0.00
0.0.N: A proof was found: No trace exists. [0.01 s]
INFO (IPF057): 0.0.N: The property "descrambler.u_descrambler_sva.gen_dout_chk[146]._assert_9" was proven in 0.01 s.
0.0.N: Stopped processing property "descrambler.u_descrambler_sva.gen_dout_chk[146]._assert_9"	[0.01 s].
0.0.N: Starting proof for property "descrambler.u_descrambler_sva.gen_dout_chk[147]._assert_9"	[0.00 s].
0.0.B: Stopped processing property "descrambler.u_descrambler_sva.gen_dout_chk[146]._assert_9"	[0.01 s].
0.0.B: Starting proof for property "descrambler.u_descrambler_sva.gen_dout_chk[147]._assert_9"	[0.00 s].
0.0.B: A max_length bound was found. The shortest trace is no longer than 128 cycles. [0.00 s]
INFO (IPF008): 0.0.B: A max_length bound of 128 was found for the property "descrambler.u_descrambler_sva.gen_dout_chk[147]._assert_9" in 0.00 s.
0.0.B: Trace Attempt  1	[0.00 s]
0.0.B: Trace Attempt  2	[0.00 s]
0.0.B: Trace Attempt  3	[0.00 s]
0.0.N: Trace Attempt  1	[0.00 s]
0.0.B: Trace Attempt  4	[0.00 s]
0.0.B: Trace Attempt  5	[0.00 s]
0.0.N: Trace Attempt  2	[0.00 s]
0.0.N: Trace Attempt  2	[0.00 s]
0.0.N: Trace Attempt  3	[0.00 s]
0.0.N: Trace Attempt  3	[0.00 s]
0.0.N: Trace Attempt  4	[0.00 s]
0.0.N: Trace Attempt  5	[0.00 s]
0.0.N: Trace Attempt  1	[0.01 s]
0.0.N: Trace Attempt  2	[0.01 s]
0.0.N: Trace Attempt  3	[0.01 s]
0.0.N: Validation of fixpoint was successful. Time = 0.00
0.0.N: A proof was found: No trace exists. [0.01 s]
INFO (IPF057): 0.0.N: The property "descrambler.u_descrambler_sva.gen_dout_chk[147]._assert_9" was proven in 0.01 s.
0.0.N: Stopped processing property "descrambler.u_descrambler_sva.gen_dout_chk[147]._assert_9"	[0.01 s].
0.0.N: Starting proof for property "descrambler.u_descrambler_sva.gen_dout_chk[148]._assert_9"	[0.00 s].
0.0.B: Stopped processing property "descrambler.u_descrambler_sva.gen_dout_chk[147]._assert_9"	[0.01 s].
0.0.B: Starting proof for property "descrambler.u_descrambler_sva.gen_dout_chk[148]._assert_9"	[0.00 s].
0.0.B: A max_length bound was found. The shortest trace is no longer than 128 cycles. [0.00 s]
INFO (IPF008): 0.0.B: A max_length bound of 128 was found for the property "descrambler.u_descrambler_sva.gen_dout_chk[148]._assert_9" in 0.00 s.
0.0.B: Trace Attempt  1	[0.00 s]
0.0.B: Trace Attempt  2	[0.00 s]
0.0.B: Trace Attempt  3	[0.00 s]
0.0.N: Trace Attempt  1	[0.00 s]
0.0.B: Trace Attempt  4	[0.00 s]
0.0.B: Trace Attempt  5	[0.00 s]
0.0.N: Trace Attempt  2	[0.00 s]
0.0.N: Trace Attempt  2	[0.00 s]
0.0.N: Trace Attempt  3	[0.00 s]
0.0.N: Trace Attempt  3	[0.00 s]
0.0.N: Trace Attempt  4	[0.00 s]
0.0.N: Trace Attempt  5	[0.00 s]
0.0.N: Trace Attempt  1	[0.01 s]
0.0.N: Trace Attempt  2	[0.01 s]
0.0.N: Trace Attempt  3	[0.01 s]
0.0.N: Validation of fixpoint was successful. Time = 0.00
0.0.N: A proof was found: No trace exists. [0.01 s]
INFO (IPF057): 0.0.N: The property "descrambler.u_descrambler_sva.gen_dout_chk[148]._assert_9" was proven in 0.01 s.
0.0.N: Stopped processing property "descrambler.u_descrambler_sva.gen_dout_chk[148]._assert_9"	[0.01 s].
0.0.N: Starting proof for property "descrambler.u_descrambler_sva.gen_dout_chk[149]._assert_9"	[0.00 s].
0.0.B: Stopped processing property "descrambler.u_descrambler_sva.gen_dout_chk[148]._assert_9"	[0.01 s].
0.0.B: Starting proof for property "descrambler.u_descrambler_sva.gen_dout_chk[149]._assert_9"	[0.00 s].
0.0.B: A max_length bound was found. The shortest trace is no longer than 128 cycles. [0.00 s]
INFO (IPF008): 0.0.B: A max_length bound of 128 was found for the property "descrambler.u_descrambler_sva.gen_dout_chk[149]._assert_9" in 0.00 s.
0.0.B: Trace Attempt  1	[0.00 s]
0.0.B: Trace Attempt  2	[0.00 s]
0.0.B: Trace Attempt  3	[0.00 s]
0.0.N: Trace Attempt  1	[0.00 s]
0.0.B: Trace Attempt  4	[0.00 s]
0.0.B: Trace Attempt  5	[0.00 s]
0.0.N: Trace Attempt  2	[0.00 s]
0.0.N: Trace Attempt  2	[0.00 s]
0.0.N: Trace Attempt  3	[0.00 s]
0.0.N: Trace Attempt  3	[0.00 s]
0.0.N: Trace Attempt  4	[0.00 s]
0.0.N: Trace Attempt  5	[0.00 s]
0.0.N: Trace Attempt  1	[0.01 s]
0.0.N: Trace Attempt  2	[0.01 s]
0.0.N: Trace Attempt  3	[0.01 s]
0.0.N: Validation of fixpoint was successful. Time = 0.00
0.0.N: A proof was found: No trace exists. [0.01 s]
INFO (IPF057): 0.0.N: The property "descrambler.u_descrambler_sva.gen_dout_chk[149]._assert_9" was proven in 0.01 s.
0.0.N: Stopped processing property "descrambler.u_descrambler_sva.gen_dout_chk[149]._assert_9"	[0.01 s].
0.0.N: Starting proof for property "descrambler.u_descrambler_sva.gen_dout_chk[150]._assert_9"	[0.00 s].
0.0.B: Stopped processing property "descrambler.u_descrambler_sva.gen_dout_chk[149]._assert_9"	[0.01 s].
0.0.B: Starting proof for property "descrambler.u_descrambler_sva.gen_dout_chk[150]._assert_9"	[0.00 s].
0.0.B: A max_length bound was found. The shortest trace is no longer than 128 cycles. [0.00 s]
INFO (IPF008): 0.0.B: A max_length bound of 128 was found for the property "descrambler.u_descrambler_sva.gen_dout_chk[150]._assert_9" in 0.00 s.
0.0.B: Trace Attempt  1	[0.00 s]
0.0.B: Trace Attempt  2	[0.00 s]
0.0.B: Trace Attempt  3	[0.00 s]
0.0.N: Trace Attempt  1	[0.00 s]
0.0.B: Trace Attempt  4	[0.00 s]
0.0.B: Trace Attempt  5	[0.00 s]
0.0.N: Trace Attempt  2	[0.00 s]
0.0.N: Trace Attempt  2	[0.00 s]
0.0.N: Trace Attempt  3	[0.00 s]
0.0.N: Trace Attempt  3	[0.00 s]
0.0.N: Trace Attempt  4	[0.00 s]
0.0.N: Trace Attempt  5	[0.00 s]
0.0.N: Trace Attempt  1	[0.01 s]
0.0.N: Trace Attempt  2	[0.01 s]
0.0.N: Trace Attempt  3	[0.01 s]
0.0.N: Validation of fixpoint was successful. Time = 0.00
0.0.N: A proof was found: No trace exists. [0.01 s]
INFO (IPF057): 0.0.N: The property "descrambler.u_descrambler_sva.gen_dout_chk[150]._assert_9" was proven in 0.01 s.
0.0.N: Stopped processing property "descrambler.u_descrambler_sva.gen_dout_chk[150]._assert_9"	[0.01 s].
0.0.N: Starting proof for property "descrambler.u_descrambler_sva.gen_dout_chk[151]._assert_9"	[0.00 s].
0.0.B: Stopped processing property "descrambler.u_descrambler_sva.gen_dout_chk[150]._assert_9"	[0.01 s].
0.0.B: Starting proof for property "descrambler.u_descrambler_sva.gen_dout_chk[151]._assert_9"	[0.00 s].
0.0.B: A max_length bound was found. The shortest trace is no longer than 128 cycles. [0.00 s]
INFO (IPF008): 0.0.B: A max_length bound of 128 was found for the property "descrambler.u_descrambler_sva.gen_dout_chk[151]._assert_9" in 0.00 s.
0.0.B: Trace Attempt  1	[0.00 s]
0.0.B: Trace Attempt  2	[0.00 s]
0.0.B: Trace Attempt  3	[0.00 s]
0.0.N: Trace Attempt  1	[0.00 s]
0.0.B: Trace Attempt  4	[0.00 s]
0.0.B: Trace Attempt  5	[0.00 s]
0.0.N: Trace Attempt  2	[0.00 s]
0.0.N: Trace Attempt  2	[0.00 s]
0.0.N: Trace Attempt  3	[0.00 s]
0.0.N: Trace Attempt  3	[0.00 s]
0.0.N: Trace Attempt  4	[0.00 s]
0.0.N: Trace Attempt  5	[0.00 s]
0.0.N: Trace Attempt  1	[0.01 s]
0.0.N: Trace Attempt  2	[0.01 s]
0.0.N: Trace Attempt  3	[0.01 s]
0.0.N: Validation of fixpoint was successful. Time = 0.00
0.0.N: A proof was found: No trace exists. [0.01 s]
INFO (IPF057): 0.0.N: The property "descrambler.u_descrambler_sva.gen_dout_chk[151]._assert_9" was proven in 0.01 s.
0.0.N: Stopped processing property "descrambler.u_descrambler_sva.gen_dout_chk[151]._assert_9"	[0.01 s].
0.0.N: Starting proof for property "descrambler.u_descrambler_sva.gen_dout_chk[152]._assert_9"	[0.00 s].
0.0.B: Stopped processing property "descrambler.u_descrambler_sva.gen_dout_chk[151]._assert_9"	[0.01 s].
0.0.B: Starting proof for property "descrambler.u_descrambler_sva.gen_dout_chk[152]._assert_9"	[0.00 s].
0.0.B: A max_length bound was found. The shortest trace is no longer than 128 cycles. [0.00 s]
INFO (IPF008): 0.0.B: A max_length bound of 128 was found for the property "descrambler.u_descrambler_sva.gen_dout_chk[152]._assert_9" in 0.00 s.
0.0.B: Trace Attempt  1	[0.00 s]
0.0.B: Trace Attempt  2	[0.00 s]
0.0.B: Trace Attempt  3	[0.00 s]
0.0.B: Trace Attempt  4	[0.00 s]
0.0.N: Trace Attempt  1	[0.00 s]
0.0.B: Trace Attempt  5	[0.00 s]
0.0.N: Trace Attempt  2	[0.00 s]
0.0.N: Trace Attempt  2	[0.00 s]
0.0.N: Trace Attempt  3	[0.00 s]
0.0.N: Trace Attempt  3	[0.00 s]
0.0.N: Trace Attempt  4	[0.00 s]
0.0.N: Trace Attempt  5	[0.00 s]
0.0.N: Trace Attempt  1	[0.01 s]
0.0.N: Trace Attempt  2	[0.01 s]
0.0.N: Trace Attempt  3	[0.01 s]
0.0.N: Validation of fixpoint was successful. Time = 0.00
0.0.N: A proof was found: No trace exists. [0.01 s]
INFO (IPF057): 0.0.N: The property "descrambler.u_descrambler_sva.gen_dout_chk[152]._assert_9" was proven in 0.01 s.
0.0.N: Stopped processing property "descrambler.u_descrambler_sva.gen_dout_chk[152]._assert_9"	[0.01 s].
0.0.B: Stopped processing property "descrambler.u_descrambler_sva.gen_dout_chk[152]._assert_9"	[0.01 s].
0.0.B: Starting proof for property "descrambler.u_descrambler_sva.gen_dout_chk[153]._assert_9"	[0.00 s].
0.0.N: Starting proof for property "descrambler.u_descrambler_sva.gen_dout_chk[153]._assert_9"	[0.00 s].
0.0.B: A max_length bound was found. The shortest trace is no longer than 128 cycles. [0.00 s]
INFO (IPF008): 0.0.B: A max_length bound of 128 was found for the property "descrambler.u_descrambler_sva.gen_dout_chk[153]._assert_9" in 0.00 s.
0.0.B: Trace Attempt  1	[0.00 s]
0.0.B: Trace Attempt  2	[0.00 s]
0.0.B: Trace Attempt  3	[0.00 s]
0.0.B: Trace Attempt  4	[0.00 s]
0.0.N: Trace Attempt  1	[0.00 s]
0.0.B: Trace Attempt  5	[0.00 s]
0.0.N: Trace Attempt  2	[0.00 s]
0.0.N: Trace Attempt  2	[0.00 s]
0.0.N: Trace Attempt  3	[0.00 s]
0.0.N: Trace Attempt  3	[0.00 s]
0.0.N: Trace Attempt  4	[0.00 s]
0.0.N: Trace Attempt  5	[0.00 s]
0.0.N: Trace Attempt  1	[0.00 s]
0.0.N: Trace Attempt  2	[0.00 s]
0.0.N: Trace Attempt  3	[0.01 s]
0.0.N: Validation of fixpoint was successful. Time = 0.00
0.0.N: A proof was found: No trace exists. [0.01 s]
INFO (IPF057): 0.0.N: The property "descrambler.u_descrambler_sva.gen_dout_chk[153]._assert_9" was proven in 0.01 s.
0.0.N: Stopped processing property "descrambler.u_descrambler_sva.gen_dout_chk[153]._assert_9"	[0.01 s].
0.0.N: Starting proof for property "descrambler.u_descrambler_sva.gen_dout_chk[154]._assert_9"	[0.00 s].
0.0.B: Stopped processing property "descrambler.u_descrambler_sva.gen_dout_chk[153]._assert_9"	[0.01 s].
0.0.B: Starting proof for property "descrambler.u_descrambler_sva.gen_dout_chk[154]._assert_9"	[0.00 s].
0.0.B: A max_length bound was found. The shortest trace is no longer than 128 cycles. [0.00 s]
INFO (IPF008): 0.0.B: A max_length bound of 128 was found for the property "descrambler.u_descrambler_sva.gen_dout_chk[154]._assert_9" in 0.00 s.
0.0.N: Trace Attempt  1	[0.00 s]
0.0.B: Trace Attempt  1	[0.00 s]
0.0.B: Trace Attempt  2	[0.00 s]
0.0.B: Trace Attempt  3	[0.00 s]
0.0.B: Trace Attempt  4	[0.00 s]
0.0.N: Trace Attempt  2	[0.00 s]
0.0.B: Trace Attempt  5	[0.00 s]
0.0.N: Trace Attempt  2	[0.00 s]
0.0.N: Trace Attempt  3	[0.00 s]
0.0.N: Trace Attempt  3	[0.00 s]
0.0.N: Trace Attempt  4	[0.00 s]
0.0.N: Trace Attempt  5	[0.00 s]
0.0.N: Trace Attempt  1	[0.00 s]
0.0.N: Trace Attempt  2	[0.00 s]
0.0.N: Trace Attempt  3	[0.01 s]
0.0.N: Validation of fixpoint was successful. Time = 0.00
0.0.N: A proof was found: No trace exists. [0.01 s]
INFO (IPF057): 0.0.N: The property "descrambler.u_descrambler_sva.gen_dout_chk[154]._assert_9" was proven in 0.01 s.
0.0.N: Stopped processing property "descrambler.u_descrambler_sva.gen_dout_chk[154]._assert_9"	[0.01 s].
0.0.N: Starting proof for property "descrambler.u_descrambler_sva.gen_dout_chk[155]._assert_9"	[0.00 s].
0.0.B: Stopped processing property "descrambler.u_descrambler_sva.gen_dout_chk[154]._assert_9"	[0.01 s].
0.0.B: Starting proof for property "descrambler.u_descrambler_sva.gen_dout_chk[155]._assert_9"	[0.00 s].
0.0.B: A max_length bound was found. The shortest trace is no longer than 128 cycles. [0.00 s]
INFO (IPF008): 0.0.B: A max_length bound of 128 was found for the property "descrambler.u_descrambler_sva.gen_dout_chk[155]._assert_9" in 0.00 s.
0.0.B: Trace Attempt  1	[0.00 s]
0.0.B: Trace Attempt  2	[0.00 s]
0.0.B: Trace Attempt  3	[0.00 s]
0.0.N: Trace Attempt  1	[0.00 s]
0.0.B: Trace Attempt  4	[0.00 s]
0.0.B: Trace Attempt  5	[0.00 s]
0.0.N: Trace Attempt  2	[0.00 s]
0.0.N: Trace Attempt  2	[0.00 s]
0.0.N: Trace Attempt  3	[0.00 s]
0.0.N: Trace Attempt  3	[0.00 s]
0.0.N: Trace Attempt  4	[0.00 s]
0.0.N: Trace Attempt  5	[0.00 s]
0.0.N: Trace Attempt  1	[0.01 s]
0.0.N: Trace Attempt  2	[0.01 s]
0.0.N: Trace Attempt  3	[0.01 s]
0.0.N: Validation of fixpoint was successful. Time = 0.00
0.0.N: A proof was found: No trace exists. [0.01 s]
INFO (IPF057): 0.0.N: The property "descrambler.u_descrambler_sva.gen_dout_chk[155]._assert_9" was proven in 0.01 s.
0.0.N: Stopped processing property "descrambler.u_descrambler_sva.gen_dout_chk[155]._assert_9"	[0.01 s].
0.0.N: Starting proof for property "descrambler.u_descrambler_sva.gen_dout_chk[156]._assert_9"	[0.00 s].
0.0.B: Stopped processing property "descrambler.u_descrambler_sva.gen_dout_chk[155]._assert_9"	[0.01 s].
0.0.B: Starting proof for property "descrambler.u_descrambler_sva.gen_dout_chk[156]._assert_9"	[0.00 s].
0.0.B: A max_length bound was found. The shortest trace is no longer than 128 cycles. [0.00 s]
INFO (IPF008): 0.0.B: A max_length bound of 128 was found for the property "descrambler.u_descrambler_sva.gen_dout_chk[156]._assert_9" in 0.00 s.
0.0.B: Trace Attempt  1	[0.00 s]
0.0.B: Trace Attempt  2	[0.00 s]
0.0.N: Trace Attempt  1	[0.00 s]
0.0.B: Trace Attempt  3	[0.00 s]
0.0.B: Trace Attempt  4	[0.00 s]
0.0.B: Trace Attempt  5	[0.00 s]
0.0.N: Trace Attempt  2	[0.00 s]
0.0.N: Trace Attempt  2	[0.00 s]
0.0.N: Trace Attempt  3	[0.00 s]
0.0.N: Trace Attempt  3	[0.00 s]
0.0.N: Trace Attempt  4	[0.00 s]
0.0.N: Trace Attempt  5	[0.00 s]
0.0.N: Trace Attempt  1	[0.01 s]
0.0.N: Trace Attempt  2	[0.01 s]
0.0.N: Trace Attempt  3	[0.01 s]
0.0.N: Validation of fixpoint was successful. Time = 0.00
0.0.N: A proof was found: No trace exists. [0.01 s]
INFO (IPF057): 0.0.N: The property "descrambler.u_descrambler_sva.gen_dout_chk[156]._assert_9" was proven in 0.01 s.
0.0.N: Stopped processing property "descrambler.u_descrambler_sva.gen_dout_chk[156]._assert_9"	[0.01 s].
0.0.N: Starting proof for property "descrambler.u_descrambler_sva.gen_dout_chk[157]._assert_9"	[0.00 s].
0.0.B: Stopped processing property "descrambler.u_descrambler_sva.gen_dout_chk[156]._assert_9"	[0.01 s].
0.0.B: Starting proof for property "descrambler.u_descrambler_sva.gen_dout_chk[157]._assert_9"	[0.00 s].
0.0.B: A max_length bound was found. The shortest trace is no longer than 128 cycles. [0.00 s]
INFO (IPF008): 0.0.B: A max_length bound of 128 was found for the property "descrambler.u_descrambler_sva.gen_dout_chk[157]._assert_9" in 0.00 s.
0.0.B: Trace Attempt  1	[0.00 s]
0.0.B: Trace Attempt  2	[0.00 s]
0.0.B: Trace Attempt  3	[0.00 s]
0.0.N: Trace Attempt  1	[0.00 s]
0.0.B: Trace Attempt  4	[0.00 s]
0.0.B: Trace Attempt  5	[0.00 s]
0.0.N: Trace Attempt  2	[0.00 s]
0.0.N: Trace Attempt  2	[0.00 s]
0.0.N: Trace Attempt  3	[0.00 s]
0.0.N: Trace Attempt  3	[0.00 s]
0.0.N: Trace Attempt  4	[0.00 s]
0.0.N: Trace Attempt  5	[0.00 s]
0.0.N: Trace Attempt  1	[0.01 s]
0.0.N: Trace Attempt  2	[0.01 s]
0.0.N: Trace Attempt  3	[0.01 s]
0.0.N: Validation of fixpoint was successful. Time = 0.00
0.0.N: A proof was found: No trace exists. [0.01 s]
INFO (IPF057): 0.0.N: The property "descrambler.u_descrambler_sva.gen_dout_chk[157]._assert_9" was proven in 0.01 s.
0.0.N: Stopped processing property "descrambler.u_descrambler_sva.gen_dout_chk[157]._assert_9"	[0.01 s].
0.0.N: Starting proof for property "descrambler.u_descrambler_sva.gen_dout_chk[158]._assert_9"	[0.00 s].
0.0.B: Stopped processing property "descrambler.u_descrambler_sva.gen_dout_chk[157]._assert_9"	[0.01 s].
0.0.B: Starting proof for property "descrambler.u_descrambler_sva.gen_dout_chk[158]._assert_9"	[0.00 s].
0.0.B: A max_length bound was found. The shortest trace is no longer than 128 cycles. [0.00 s]
INFO (IPF008): 0.0.B: A max_length bound of 128 was found for the property "descrambler.u_descrambler_sva.gen_dout_chk[158]._assert_9" in 0.00 s.
0.0.B: Trace Attempt  1	[0.00 s]
0.0.B: Trace Attempt  2	[0.00 s]
0.0.B: Trace Attempt  3	[0.00 s]
0.0.N: Trace Attempt  1	[0.00 s]
0.0.B: Trace Attempt  4	[0.00 s]
0.0.B: Trace Attempt  5	[0.00 s]
0.0.N: Trace Attempt  2	[0.00 s]
0.0.N: Trace Attempt  2	[0.00 s]
0.0.N: Trace Attempt  3	[0.00 s]
0.0.N: Trace Attempt  3	[0.00 s]
0.0.N: Trace Attempt  4	[0.00 s]
0.0.N: Trace Attempt  5	[0.00 s]
0.0.N: Trace Attempt  1	[0.01 s]
0.0.N: Trace Attempt  2	[0.01 s]
0.0.N: Trace Attempt  3	[0.01 s]
0.0.N: Validation of fixpoint was successful. Time = 0.00
0.0.N: A proof was found: No trace exists. [0.01 s]
INFO (IPF057): 0.0.N: The property "descrambler.u_descrambler_sva.gen_dout_chk[158]._assert_9" was proven in 0.01 s.
0.0.N: Stopped processing property "descrambler.u_descrambler_sva.gen_dout_chk[158]._assert_9"	[0.01 s].
0.0.N: Starting proof for property "descrambler.u_descrambler_sva.gen_dout_chk[159]._assert_9"	[0.00 s].
0.0.B: Stopped processing property "descrambler.u_descrambler_sva.gen_dout_chk[158]._assert_9"	[0.01 s].
0.0.B: Starting proof for property "descrambler.u_descrambler_sva.gen_dout_chk[159]._assert_9"	[0.00 s].
0.0.B: A max_length bound was found. The shortest trace is no longer than 128 cycles. [0.00 s]
INFO (IPF008): 0.0.B: A max_length bound of 128 was found for the property "descrambler.u_descrambler_sva.gen_dout_chk[159]._assert_9" in 0.00 s.
0.0.B: Trace Attempt  1	[0.00 s]
0.0.B: Trace Attempt  2	[0.00 s]
0.0.N: Trace Attempt  1	[0.00 s]
0.0.B: Trace Attempt  3	[0.00 s]
0.0.B: Trace Attempt  4	[0.00 s]
0.0.B: Trace Attempt  5	[0.00 s]
0.0.N: Trace Attempt  2	[0.00 s]
0.0.N: Trace Attempt  2	[0.00 s]
0.0.N: Trace Attempt  3	[0.00 s]
0.0.N: Trace Attempt  3	[0.00 s]
0.0.N: Trace Attempt  4	[0.00 s]
0.0.N: Trace Attempt  5	[0.00 s]
0.0.N: Trace Attempt  1	[0.01 s]
0.0.N: Trace Attempt  2	[0.01 s]
0.0.N: Trace Attempt  3	[0.01 s]
0.0.N: Validation of fixpoint was successful. Time = 0.00
0.0.N: A proof was found: No trace exists. [0.01 s]
INFO (IPF057): 0.0.N: The property "descrambler.u_descrambler_sva.gen_dout_chk[159]._assert_9" was proven in 0.01 s.
0.0.N: Stopped processing property "descrambler.u_descrambler_sva.gen_dout_chk[159]._assert_9"	[0.01 s].
0.0.B: Stopped processing property "descrambler.u_descrambler_sva.gen_dout_chk[159]._assert_9"	[0.01 s].
0.0.B: Starting proof for property "descrambler.u_descrambler_sva.gen_dout_chk[160]._assert_9"	[0.00 s].
0.0.N: Starting proof for property "descrambler.u_descrambler_sva.gen_dout_chk[160]._assert_9"	[0.00 s].
0.0.B: A max_length bound was found. The shortest trace is no longer than 128 cycles. [0.00 s]
INFO (IPF008): 0.0.B: A max_length bound of 128 was found for the property "descrambler.u_descrambler_sva.gen_dout_chk[160]._assert_9" in 0.00 s.
0.0.B: Trace Attempt  1	[0.00 s]
0.0.B: Trace Attempt  2	[0.00 s]
0.0.B: Trace Attempt  3	[0.00 s]
0.0.B: Trace Attempt  4	[0.00 s]
0.0.N: Trace Attempt  1	[0.00 s]
0.0.B: Trace Attempt  5	[0.00 s]
0.0.N: Trace Attempt  2	[0.00 s]
0.0.N: Trace Attempt  2	[0.00 s]
0.0.N: Trace Attempt  3	[0.00 s]
0.0.N: Trace Attempt  3	[0.00 s]
0.0.N: Trace Attempt  4	[0.00 s]
0.0.N: Trace Attempt  5	[0.00 s]
0.0.N: Trace Attempt  1	[0.01 s]
0.0.N: Trace Attempt  2	[0.01 s]
0.0.N: Trace Attempt  3	[0.01 s]
0.0.N: Validation of fixpoint was successful. Time = 0.00
0.0.N: A proof was found: No trace exists. [0.01 s]
INFO (IPF057): 0.0.N: The property "descrambler.u_descrambler_sva.gen_dout_chk[160]._assert_9" was proven in 0.01 s.
0.0.N: Stopped processing property "descrambler.u_descrambler_sva.gen_dout_chk[160]._assert_9"	[0.01 s].
0.0.B: Stopped processing property "descrambler.u_descrambler_sva.gen_dout_chk[160]._assert_9"	[0.01 s].
0.0.B: Starting proof for property "descrambler.u_descrambler_sva.gen_dout_chk[161]._assert_9"	[0.00 s].
0.0.N: Starting proof for property "descrambler.u_descrambler_sva.gen_dout_chk[161]._assert_9"	[0.00 s].
0.0.B: A max_length bound was found. The shortest trace is no longer than 128 cycles. [0.00 s]
INFO (IPF008): 0.0.B: A max_length bound of 128 was found for the property "descrambler.u_descrambler_sva.gen_dout_chk[161]._assert_9" in 0.00 s.
0.0.B: Trace Attempt  1	[0.00 s]
0.0.B: Trace Attempt  2	[0.00 s]
0.0.B: Trace Attempt  3	[0.00 s]
0.0.B: Trace Attempt  4	[0.00 s]
0.0.N: Trace Attempt  1	[0.00 s]
0.0.B: Trace Attempt  5	[0.00 s]
0.0.N: Trace Attempt  2	[0.00 s]
0.0.N: Trace Attempt  2	[0.00 s]
0.0.N: Trace Attempt  3	[0.00 s]
0.0.N: Trace Attempt  3	[0.00 s]
0.0.N: Trace Attempt  4	[0.00 s]
0.0.N: Trace Attempt  5	[0.00 s]
0.0.N: Trace Attempt  1	[0.01 s]
0.0.N: Trace Attempt  2	[0.01 s]
0.0.N: Trace Attempt  3	[0.01 s]
0.0.N: Validation of fixpoint was successful. Time = 0.00
0.0.N: A proof was found: No trace exists. [0.01 s]
INFO (IPF057): 0.0.N: The property "descrambler.u_descrambler_sva.gen_dout_chk[161]._assert_9" was proven in 0.01 s.
0.0.N: Stopped processing property "descrambler.u_descrambler_sva.gen_dout_chk[161]._assert_9"	[0.01 s].
0.0.B: Stopped processing property "descrambler.u_descrambler_sva.gen_dout_chk[161]._assert_9"	[0.01 s].
0.0.B: Starting proof for property "descrambler.u_descrambler_sva.gen_dout_chk[162]._assert_9"	[0.00 s].
0.0.N: Starting proof for property "descrambler.u_descrambler_sva.gen_dout_chk[162]._assert_9"	[0.00 s].
0.0.B: A max_length bound was found. The shortest trace is no longer than 128 cycles. [0.00 s]
INFO (IPF008): 0.0.B: A max_length bound of 128 was found for the property "descrambler.u_descrambler_sva.gen_dout_chk[162]._assert_9" in 0.00 s.
0.0.B: Trace Attempt  1	[0.00 s]
0.0.B: Trace Attempt  2	[0.00 s]
0.0.B: Trace Attempt  3	[0.00 s]
0.0.B: Trace Attempt  4	[0.00 s]
0.0.N: Trace Attempt  1	[0.00 s]
0.0.B: Trace Attempt  5	[0.00 s]
0.0.N: Trace Attempt  2	[0.00 s]
0.0.N: Trace Attempt  2	[0.00 s]
0.0.N: Trace Attempt  3	[0.00 s]
0.0.N: Trace Attempt  3	[0.00 s]
0.0.N: Trace Attempt  4	[0.00 s]
0.0.N: Trace Attempt  5	[0.00 s]
0.0.N: Trace Attempt  1	[0.01 s]
0.0.N: Trace Attempt  2	[0.01 s]
0.0.N: Trace Attempt  3	[0.01 s]
0.0.N: Validation of fixpoint was successful. Time = 0.00
0.0.N: A proof was found: No trace exists. [0.01 s]
INFO (IPF057): 0.0.N: The property "descrambler.u_descrambler_sva.gen_dout_chk[162]._assert_9" was proven in 0.01 s.
0.0.N: Stopped processing property "descrambler.u_descrambler_sva.gen_dout_chk[162]._assert_9"	[0.01 s].
0.0.N: Starting proof for property "descrambler.u_descrambler_sva.gen_dout_chk[163]._assert_9"	[0.00 s].
0.0.B: Stopped processing property "descrambler.u_descrambler_sva.gen_dout_chk[162]._assert_9"	[0.01 s].
0.0.B: Starting proof for property "descrambler.u_descrambler_sva.gen_dout_chk[163]._assert_9"	[0.00 s].
0.0.B: A max_length bound was found. The shortest trace is no longer than 128 cycles. [0.00 s]
INFO (IPF008): 0.0.B: A max_length bound of 128 was found for the property "descrambler.u_descrambler_sva.gen_dout_chk[163]._assert_9" in 0.00 s.
0.0.B: Trace Attempt  1	[0.00 s]
0.0.B: Trace Attempt  2	[0.00 s]
0.0.B: Trace Attempt  3	[0.00 s]
0.0.N: Trace Attempt  1	[0.00 s]
0.0.B: Trace Attempt  4	[0.00 s]
0.0.B: Trace Attempt  5	[0.00 s]
0.0.N: Trace Attempt  2	[0.00 s]
0.0.N: Trace Attempt  2	[0.00 s]
0.0.N: Trace Attempt  3	[0.00 s]
0.0.N: Trace Attempt  3	[0.00 s]
0.0.N: Trace Attempt  4	[0.00 s]
0.0.N: Trace Attempt  5	[0.00 s]
0.0.N: Trace Attempt  1	[0.01 s]
0.0.N: Trace Attempt  2	[0.01 s]
0.0.N: Trace Attempt  3	[0.01 s]
0.0.N: Validation of fixpoint was successful. Time = 0.00
0.0.N: A proof was found: No trace exists. [0.01 s]
INFO (IPF057): 0.0.N: The property "descrambler.u_descrambler_sva.gen_dout_chk[163]._assert_9" was proven in 0.01 s.
0.0.N: Stopped processing property "descrambler.u_descrambler_sva.gen_dout_chk[163]._assert_9"	[0.01 s].
0.0.N: Starting proof for property "descrambler.u_descrambler_sva.gen_dout_chk[164]._assert_9"	[0.00 s].
0.0.B: Stopped processing property "descrambler.u_descrambler_sva.gen_dout_chk[163]._assert_9"	[0.01 s].
0.0.B: Starting proof for property "descrambler.u_descrambler_sva.gen_dout_chk[164]._assert_9"	[0.00 s].
0.0.B: A max_length bound was found. The shortest trace is no longer than 128 cycles. [0.00 s]
INFO (IPF008): 0.0.B: A max_length bound of 128 was found for the property "descrambler.u_descrambler_sva.gen_dout_chk[164]._assert_9" in 0.00 s.
0.0.B: Trace Attempt  1	[0.00 s]
0.0.N: Trace Attempt  1	[0.00 s]
0.0.B: Trace Attempt  2	[0.00 s]
0.0.B: Trace Attempt  3	[0.00 s]
0.0.B: Trace Attempt  4	[0.00 s]
0.0.N: Trace Attempt  2	[0.00 s]
0.0.B: Trace Attempt  5	[0.00 s]
0.0.N: Trace Attempt  2	[0.00 s]
0.0.N: Trace Attempt  3	[0.00 s]
0.0.N: Trace Attempt  3	[0.00 s]
0.0.N: Trace Attempt  4	[0.00 s]
0.0.N: Trace Attempt  5	[0.00 s]
0.0.N: Trace Attempt  1	[0.01 s]
0.0.N: Trace Attempt  2	[0.01 s]
0.0.N: Trace Attempt  3	[0.01 s]
0.0.N: Validation of fixpoint was successful. Time = 0.00
0.0.N: A proof was found: No trace exists. [0.01 s]
INFO (IPF057): 0.0.N: The property "descrambler.u_descrambler_sva.gen_dout_chk[164]._assert_9" was proven in 0.01 s.
0.0.N: Stopped processing property "descrambler.u_descrambler_sva.gen_dout_chk[164]._assert_9"	[0.01 s].
0.0.N: Starting proof for property "descrambler.u_descrambler_sva.gen_dout_chk[165]._assert_9"	[0.00 s].
0.0.B: Stopped processing property "descrambler.u_descrambler_sva.gen_dout_chk[164]._assert_9"	[0.01 s].
0.0.B: Starting proof for property "descrambler.u_descrambler_sva.gen_dout_chk[165]._assert_9"	[0.00 s].
0.0.B: A max_length bound was found. The shortest trace is no longer than 128 cycles. [0.00 s]
INFO (IPF008): 0.0.B: A max_length bound of 128 was found for the property "descrambler.u_descrambler_sva.gen_dout_chk[165]._assert_9" in 0.00 s.
0.0.B: Trace Attempt  1	[0.00 s]
0.0.B: Trace Attempt  2	[0.00 s]
0.0.B: Trace Attempt  3	[0.00 s]
0.0.N: Trace Attempt  1	[0.00 s]
0.0.B: Trace Attempt  4	[0.00 s]
0.0.B: Trace Attempt  5	[0.00 s]
0.0.N: Trace Attempt  2	[0.00 s]
0.0.N: Trace Attempt  2	[0.00 s]
0.0.N: Trace Attempt  3	[0.00 s]
0.0.N: Trace Attempt  3	[0.00 s]
0.0.N: Trace Attempt  4	[0.00 s]
0.0.N: Trace Attempt  5	[0.00 s]
0.0.N: Trace Attempt  1	[0.01 s]
0.0.N: Trace Attempt  2	[0.01 s]
0.0.N: Trace Attempt  3	[0.01 s]
0.0.N: Validation of fixpoint was successful. Time = 0.00
0.0.N: A proof was found: No trace exists. [0.01 s]
INFO (IPF057): 0.0.N: The property "descrambler.u_descrambler_sva.gen_dout_chk[165]._assert_9" was proven in 0.01 s.
0.0.N: Stopped processing property "descrambler.u_descrambler_sva.gen_dout_chk[165]._assert_9"	[0.01 s].
0.0.N: Starting proof for property "descrambler.u_descrambler_sva.gen_dout_chk[166]._assert_9"	[0.00 s].
0.0.B: Stopped processing property "descrambler.u_descrambler_sva.gen_dout_chk[165]._assert_9"	[0.01 s].
0.0.B: Starting proof for property "descrambler.u_descrambler_sva.gen_dout_chk[166]._assert_9"	[0.00 s].
0.0.B: A max_length bound was found. The shortest trace is no longer than 128 cycles. [0.00 s]
INFO (IPF008): 0.0.B: A max_length bound of 128 was found for the property "descrambler.u_descrambler_sva.gen_dout_chk[166]._assert_9" in 0.00 s.
0.0.B: Trace Attempt  1	[0.00 s]
0.0.B: Trace Attempt  2	[0.00 s]
0.0.B: Trace Attempt  3	[0.00 s]
0.0.B: Trace Attempt  4	[0.00 s]
0.0.N: Trace Attempt  1	[0.00 s]
0.0.B: Trace Attempt  5	[0.00 s]
0.0.N: Trace Attempt  2	[0.00 s]
0.0.N: Trace Attempt  2	[0.00 s]
0.0.N: Trace Attempt  3	[0.00 s]
0.0.N: Trace Attempt  3	[0.00 s]
0.0.N: Trace Attempt  4	[0.00 s]
0.0.N: Trace Attempt  5	[0.00 s]
0.0.N: Trace Attempt  1	[0.01 s]
0.0.N: Trace Attempt  2	[0.01 s]
0.0.N: Trace Attempt  3	[0.01 s]
0.0.N: Validation of fixpoint was successful. Time = 0.00
0.0.N: A proof was found: No trace exists. [0.01 s]
INFO (IPF057): 0.0.N: The property "descrambler.u_descrambler_sva.gen_dout_chk[166]._assert_9" was proven in 0.01 s.
0.0.N: Stopped processing property "descrambler.u_descrambler_sva.gen_dout_chk[166]._assert_9"	[0.01 s].
0.0.N: Starting proof for property "descrambler.u_descrambler_sva.gen_dout_chk[167]._assert_9"	[0.00 s].
0.0.B: Stopped processing property "descrambler.u_descrambler_sva.gen_dout_chk[166]._assert_9"	[0.01 s].
0.0.B: Starting proof for property "descrambler.u_descrambler_sva.gen_dout_chk[167]._assert_9"	[0.00 s].
0.0.B: A max_length bound was found. The shortest trace is no longer than 128 cycles. [0.00 s]
INFO (IPF008): 0.0.B: A max_length bound of 128 was found for the property "descrambler.u_descrambler_sva.gen_dout_chk[167]._assert_9" in 0.00 s.
0.0.B: Trace Attempt  1	[0.00 s]
0.0.N: Trace Attempt  1	[0.00 s]
0.0.B: Trace Attempt  2	[0.00 s]
0.0.B: Trace Attempt  3	[0.00 s]
0.0.B: Trace Attempt  4	[0.00 s]
0.0.N: Trace Attempt  2	[0.00 s]
0.0.B: Trace Attempt  5	[0.00 s]
0.0.N: Trace Attempt  2	[0.00 s]
0.0.N: Trace Attempt  3	[0.00 s]
0.0.N: Trace Attempt  3	[0.00 s]
0.0.N: Trace Attempt  4	[0.00 s]
0.0.N: Trace Attempt  5	[0.00 s]
0.0.N: Trace Attempt  1	[0.01 s]
0.0.N: Trace Attempt  2	[0.01 s]
0.0.N: Trace Attempt  3	[0.01 s]
0.0.N: Validation of fixpoint was successful. Time = 0.00
0.0.N: A proof was found: No trace exists. [0.01 s]
INFO (IPF057): 0.0.N: The property "descrambler.u_descrambler_sva.gen_dout_chk[167]._assert_9" was proven in 0.01 s.
0.0.N: Stopped processing property "descrambler.u_descrambler_sva.gen_dout_chk[167]._assert_9"	[0.01 s].
0.0.N: Starting proof for property "descrambler.u_descrambler_sva.gen_dout_chk[168]._assert_9"	[0.00 s].
0.0.B: Stopped processing property "descrambler.u_descrambler_sva.gen_dout_chk[167]._assert_9"	[0.01 s].
0.0.B: Starting proof for property "descrambler.u_descrambler_sva.gen_dout_chk[168]._assert_9"	[0.00 s].
0.0.B: A max_length bound was found. The shortest trace is no longer than 128 cycles. [0.00 s]
INFO (IPF008): 0.0.B: A max_length bound of 128 was found for the property "descrambler.u_descrambler_sva.gen_dout_chk[168]._assert_9" in 0.00 s.
0.0.B: Trace Attempt  1	[0.00 s]
0.0.N: Trace Attempt  1	[0.00 s]
0.0.B: Trace Attempt  2	[0.00 s]
0.0.B: Trace Attempt  3	[0.00 s]
0.0.B: Trace Attempt  4	[0.00 s]
0.0.N: Trace Attempt  2	[0.00 s]
0.0.B: Trace Attempt  5	[0.00 s]
0.0.N: Trace Attempt  2	[0.00 s]
0.0.N: Trace Attempt  3	[0.00 s]
0.0.N: Trace Attempt  3	[0.00 s]
0.0.N: Trace Attempt  4	[0.00 s]
0.0.N: Trace Attempt  5	[0.00 s]
0.0.N: Trace Attempt  1	[0.01 s]
0.0.N: Trace Attempt  2	[0.01 s]
0.0.N: Trace Attempt  3	[0.01 s]
0.0.N: Validation of fixpoint was successful. Time = 0.00
0.0.N: A proof was found: No trace exists. [0.01 s]
INFO (IPF057): 0.0.N: The property "descrambler.u_descrambler_sva.gen_dout_chk[168]._assert_9" was proven in 0.01 s.
0.0.N: Stopped processing property "descrambler.u_descrambler_sva.gen_dout_chk[168]._assert_9"	[0.01 s].
0.0.N: Starting proof for property "descrambler.u_descrambler_sva.gen_dout_chk[169]._assert_9"	[0.00 s].
0.0.B: Stopped processing property "descrambler.u_descrambler_sva.gen_dout_chk[168]._assert_9"	[0.01 s].
0.0.B: Starting proof for property "descrambler.u_descrambler_sva.gen_dout_chk[169]._assert_9"	[0.00 s].
0.0.B: A max_length bound was found. The shortest trace is no longer than 128 cycles. [0.00 s]
INFO (IPF008): 0.0.B: A max_length bound of 128 was found for the property "descrambler.u_descrambler_sva.gen_dout_chk[169]._assert_9" in 0.00 s.
0.0.B: Trace Attempt  1	[0.00 s]
0.0.B: Trace Attempt  2	[0.00 s]
0.0.B: Trace Attempt  3	[0.00 s]
0.0.N: Trace Attempt  1	[0.00 s]
0.0.B: Trace Attempt  4	[0.00 s]
0.0.B: Trace Attempt  5	[0.00 s]
0.0.N: Trace Attempt  2	[0.00 s]
0.0.N: Trace Attempt  2	[0.00 s]
0.0.N: Trace Attempt  3	[0.00 s]
0.0.N: Trace Attempt  3	[0.00 s]
0.0.N: Trace Attempt  4	[0.00 s]
0.0.N: Trace Attempt  5	[0.00 s]
0.0.N: Trace Attempt  1	[0.00 s]
0.0.N: Trace Attempt  2	[0.01 s]
0.0.N: Trace Attempt  3	[0.01 s]
0.0.N: Validation of fixpoint was successful. Time = 0.00
0.0.N: A proof was found: No trace exists. [0.01 s]
INFO (IPF057): 0.0.N: The property "descrambler.u_descrambler_sva.gen_dout_chk[169]._assert_9" was proven in 0.01 s.
0.0.N: Stopped processing property "descrambler.u_descrambler_sva.gen_dout_chk[169]._assert_9"	[0.01 s].
0.0.N: Starting proof for property "descrambler.u_descrambler_sva.gen_dout_chk[170]._assert_9"	[0.00 s].
0.0.B: Stopped processing property "descrambler.u_descrambler_sva.gen_dout_chk[169]._assert_9"	[0.01 s].
0.0.B: Starting proof for property "descrambler.u_descrambler_sva.gen_dout_chk[170]._assert_9"	[0.00 s].
0.0.B: A max_length bound was found. The shortest trace is no longer than 128 cycles. [0.00 s]
INFO (IPF008): 0.0.B: A max_length bound of 128 was found for the property "descrambler.u_descrambler_sva.gen_dout_chk[170]._assert_9" in 0.00 s.
0.0.B: Trace Attempt  1	[0.00 s]
0.0.B: Trace Attempt  2	[0.00 s]
0.0.B: Trace Attempt  3	[0.00 s]
0.0.N: Trace Attempt  1	[0.00 s]
0.0.B: Trace Attempt  4	[0.00 s]
0.0.B: Trace Attempt  5	[0.00 s]
0.0.N: Trace Attempt  2	[0.00 s]
0.0.N: Trace Attempt  2	[0.00 s]
0.0.N: Trace Attempt  3	[0.00 s]
0.0.N: Trace Attempt  3	[0.00 s]
0.0.N: Trace Attempt  4	[0.00 s]
0.0.N: Trace Attempt  5	[0.00 s]
0.0.N: Trace Attempt  1	[0.00 s]
0.0.N: Trace Attempt  2	[0.01 s]
0.0.N: Trace Attempt  3	[0.01 s]
0.0.N: Validation of fixpoint was successful. Time = 0.00
0.0.N: A proof was found: No trace exists. [0.01 s]
INFO (IPF057): 0.0.N: The property "descrambler.u_descrambler_sva.gen_dout_chk[170]._assert_9" was proven in 0.01 s.
0.0.B: Stopped processing property "descrambler.u_descrambler_sva.gen_dout_chk[170]._assert_9"	[0.01 s].
0.0.B: Starting proof for property "descrambler.u_descrambler_sva.gen_dout_chk[171]._assert_9"	[0.00 s].
0.0.N: Stopped processing property "descrambler.u_descrambler_sva.gen_dout_chk[170]._assert_9"	[0.01 s].
0.0.N: Starting proof for property "descrambler.u_descrambler_sva.gen_dout_chk[171]._assert_9"	[0.00 s].
0.0.B: A max_length bound was found. The shortest trace is no longer than 128 cycles. [0.00 s]
INFO (IPF008): 0.0.B: A max_length bound of 128 was found for the property "descrambler.u_descrambler_sva.gen_dout_chk[171]._assert_9" in 0.00 s.
0.0.B: Trace Attempt  1	[0.00 s]
0.0.B: Trace Attempt  2	[0.00 s]
0.0.B: Trace Attempt  3	[0.00 s]
0.0.B: Trace Attempt  4	[0.00 s]
0.0.N: Trace Attempt  1	[0.00 s]
0.0.B: Trace Attempt  5	[0.00 s]
0.0.N: Trace Attempt  2	[0.00 s]
0.0.N: Trace Attempt  2	[0.00 s]
0.0.N: Trace Attempt  3	[0.00 s]
0.0.N: Trace Attempt  3	[0.00 s]
0.0.N: Trace Attempt  4	[0.00 s]
0.0.N: Trace Attempt  5	[0.00 s]
0.0.N: Trace Attempt  1	[0.00 s]
0.0.N: Trace Attempt  2	[0.01 s]
0.0.N: Trace Attempt  3	[0.01 s]
0.0.N: Validation of fixpoint was successful. Time = 0.00
0.0.N: A proof was found: No trace exists. [0.01 s]
INFO (IPF057): 0.0.N: The property "descrambler.u_descrambler_sva.gen_dout_chk[171]._assert_9" was proven in 0.01 s.
0.0.N: Stopped processing property "descrambler.u_descrambler_sva.gen_dout_chk[171]._assert_9"	[0.01 s].
0.0.N: Starting proof for property "descrambler.u_descrambler_sva.gen_dout_chk[172]._assert_9"	[0.00 s].
0.0.B: Stopped processing property "descrambler.u_descrambler_sva.gen_dout_chk[171]._assert_9"	[0.01 s].
0.0.B: Starting proof for property "descrambler.u_descrambler_sva.gen_dout_chk[172]._assert_9"	[0.00 s].
0.0.B: A max_length bound was found. The shortest trace is no longer than 128 cycles. [0.00 s]
INFO (IPF008): 0.0.B: A max_length bound of 128 was found for the property "descrambler.u_descrambler_sva.gen_dout_chk[172]._assert_9" in 0.00 s.
0.0.B: Trace Attempt  1	[0.00 s]
0.0.B: Trace Attempt  2	[0.00 s]
0.0.B: Trace Attempt  3	[0.00 s]
0.0.N: Trace Attempt  1	[0.00 s]
0.0.B: Trace Attempt  4	[0.00 s]
0.0.B: Trace Attempt  5	[0.00 s]
0.0.N: Trace Attempt  2	[0.00 s]
0.0.N: Trace Attempt  2	[0.00 s]
0.0.N: Trace Attempt  3	[0.00 s]
0.0.N: Trace Attempt  3	[0.00 s]
0.0.N: Trace Attempt  4	[0.00 s]
0.0.N: Trace Attempt  5	[0.00 s]
0.0.N: Trace Attempt  1	[0.01 s]
0.0.N: Trace Attempt  2	[0.01 s]
0.0.N: Trace Attempt  3	[0.01 s]
0.0.N: Validation of fixpoint was successful. Time = 0.00
0.0.N: A proof was found: No trace exists. [0.01 s]
INFO (IPF057): 0.0.N: The property "descrambler.u_descrambler_sva.gen_dout_chk[172]._assert_9" was proven in 0.01 s.
0.0.N: Stopped processing property "descrambler.u_descrambler_sva.gen_dout_chk[172]._assert_9"	[0.01 s].
0.0.N: Starting proof for property "descrambler.u_descrambler_sva.gen_dout_chk[173]._assert_9"	[0.00 s].
0.0.B: Stopped processing property "descrambler.u_descrambler_sva.gen_dout_chk[172]._assert_9"	[0.01 s].
0.0.B: Starting proof for property "descrambler.u_descrambler_sva.gen_dout_chk[173]._assert_9"	[0.00 s].
0.0.B: A max_length bound was found. The shortest trace is no longer than 128 cycles. [0.00 s]
INFO (IPF008): 0.0.B: A max_length bound of 128 was found for the property "descrambler.u_descrambler_sva.gen_dout_chk[173]._assert_9" in 0.00 s.
0.0.B: Trace Attempt  1	[0.00 s]
0.0.B: Trace Attempt  2	[0.00 s]
0.0.B: Trace Attempt  3	[0.00 s]
0.0.N: Trace Attempt  1	[0.00 s]
0.0.B: Trace Attempt  4	[0.00 s]
0.0.B: Trace Attempt  5	[0.00 s]
0.0.N: Trace Attempt  2	[0.00 s]
0.0.N: Trace Attempt  2	[0.00 s]
0.0.N: Trace Attempt  3	[0.00 s]
0.0.N: Trace Attempt  3	[0.00 s]
0.0.N: Trace Attempt  4	[0.00 s]
0.0.N: Trace Attempt  5	[0.00 s]
0.0.N: Trace Attempt  1	[0.01 s]
0.0.N: Trace Attempt  2	[0.01 s]
0.0.N: Trace Attempt  3	[0.01 s]
0.0.N: Validation of fixpoint was successful. Time = 0.00
0.0.N: A proof was found: No trace exists. [0.01 s]
INFO (IPF057): 0.0.N: The property "descrambler.u_descrambler_sva.gen_dout_chk[173]._assert_9" was proven in 0.01 s.
0.0.N: Stopped processing property "descrambler.u_descrambler_sva.gen_dout_chk[173]._assert_9"	[0.01 s].
0.0.N: Starting proof for property "descrambler.u_descrambler_sva.gen_dout_chk[174]._assert_9"	[0.00 s].
0.0.B: Stopped processing property "descrambler.u_descrambler_sva.gen_dout_chk[173]._assert_9"	[0.01 s].
0.0.B: Starting proof for property "descrambler.u_descrambler_sva.gen_dout_chk[174]._assert_9"	[0.00 s].
0.0.B: A max_length bound was found. The shortest trace is no longer than 128 cycles. [0.00 s]
INFO (IPF008): 0.0.B: A max_length bound of 128 was found for the property "descrambler.u_descrambler_sva.gen_dout_chk[174]._assert_9" in 0.00 s.
0.0.B: Trace Attempt  1	[0.00 s]
0.0.B: Trace Attempt  2	[0.00 s]
0.0.B: Trace Attempt  3	[0.00 s]
0.0.N: Trace Attempt  1	[0.00 s]
0.0.B: Trace Attempt  4	[0.00 s]
0.0.B: Trace Attempt  5	[0.00 s]
0.0.N: Trace Attempt  2	[0.00 s]
0.0.N: Trace Attempt  2	[0.00 s]
0.0.N: Trace Attempt  3	[0.00 s]
0.0.N: Trace Attempt  3	[0.00 s]
0.0.N: Trace Attempt  4	[0.00 s]
0.0.N: Trace Attempt  5	[0.00 s]
0.0.N: Trace Attempt  1	[0.01 s]
0.0.N: Trace Attempt  2	[0.01 s]
0.0.N: Trace Attempt  3	[0.01 s]
0.0.N: Validation of fixpoint was successful. Time = 0.00
0.0.N: A proof was found: No trace exists. [0.01 s]
INFO (IPF057): 0.0.N: The property "descrambler.u_descrambler_sva.gen_dout_chk[174]._assert_9" was proven in 0.01 s.
0.0.N: Stopped processing property "descrambler.u_descrambler_sva.gen_dout_chk[174]._assert_9"	[0.01 s].
0.0.N: Starting proof for property "descrambler.u_descrambler_sva.gen_dout_chk[175]._assert_9"	[0.00 s].
0.0.B: Stopped processing property "descrambler.u_descrambler_sva.gen_dout_chk[174]._assert_9"	[0.01 s].
0.0.B: Starting proof for property "descrambler.u_descrambler_sva.gen_dout_chk[175]._assert_9"	[0.00 s].
0.0.B: A max_length bound was found. The shortest trace is no longer than 128 cycles. [0.00 s]
INFO (IPF008): 0.0.B: A max_length bound of 128 was found for the property "descrambler.u_descrambler_sva.gen_dout_chk[175]._assert_9" in 0.00 s.
0.0.B: Trace Attempt  1	[0.00 s]
0.0.B: Trace Attempt  2	[0.00 s]
0.0.B: Trace Attempt  3	[0.00 s]
0.0.N: Trace Attempt  1	[0.00 s]
0.0.B: Trace Attempt  4	[0.00 s]
0.0.B: Trace Attempt  5	[0.00 s]
0.0.N: Trace Attempt  2	[0.00 s]
0.0.N: Trace Attempt  2	[0.00 s]
0.0.N: Trace Attempt  3	[0.00 s]
0.0.N: Trace Attempt  3	[0.00 s]
0.0.N: Trace Attempt  4	[0.00 s]
0.0.N: Trace Attempt  5	[0.00 s]
0.0.N: Trace Attempt  1	[0.01 s]
0.0.N: Trace Attempt  2	[0.01 s]
0.0.N: Trace Attempt  3	[0.01 s]
0.0.N: Validation of fixpoint was successful. Time = 0.00
0.0.N: A proof was found: No trace exists. [0.01 s]
INFO (IPF057): 0.0.N: The property "descrambler.u_descrambler_sva.gen_dout_chk[175]._assert_9" was proven in 0.01 s.
0.0.N: Stopped processing property "descrambler.u_descrambler_sva.gen_dout_chk[175]._assert_9"	[0.01 s].
0.0.N: Starting proof for property "descrambler.u_descrambler_sva.gen_dout_chk[176]._assert_9"	[0.00 s].
0.0.B: Stopped processing property "descrambler.u_descrambler_sva.gen_dout_chk[175]._assert_9"	[0.01 s].
0.0.B: Starting proof for property "descrambler.u_descrambler_sva.gen_dout_chk[176]._assert_9"	[0.00 s].
0.0.B: A max_length bound was found. The shortest trace is no longer than 128 cycles. [0.00 s]
INFO (IPF008): 0.0.B: A max_length bound of 128 was found for the property "descrambler.u_descrambler_sva.gen_dout_chk[176]._assert_9" in 0.00 s.
0.0.B: Trace Attempt  1	[0.00 s]
0.0.N: Trace Attempt  1	[0.00 s]
0.0.B: Trace Attempt  2	[0.00 s]
0.0.B: Trace Attempt  3	[0.00 s]
0.0.B: Trace Attempt  4	[0.00 s]
0.0.N: Trace Attempt  2	[0.00 s]
0.0.B: Trace Attempt  5	[0.00 s]
0.0.N: Trace Attempt  2	[0.00 s]
0.0.N: Trace Attempt  3	[0.00 s]
0.0.N: Trace Attempt  3	[0.00 s]
0.0.N: Trace Attempt  4	[0.00 s]
0.0.N: Trace Attempt  5	[0.00 s]
0.0.N: Trace Attempt  1	[0.01 s]
0.0.N: Trace Attempt  2	[0.01 s]
0.0.N: Trace Attempt  3	[0.01 s]
0.0.N: Validation of fixpoint was successful. Time = 0.00
0.0.N: A proof was found: No trace exists. [0.01 s]
INFO (IPF057): 0.0.N: The property "descrambler.u_descrambler_sva.gen_dout_chk[176]._assert_9" was proven in 0.01 s.
0.0.N: Stopped processing property "descrambler.u_descrambler_sva.gen_dout_chk[176]._assert_9"	[0.01 s].
0.0.N: Starting proof for property "descrambler.u_descrambler_sva.gen_dout_chk[177]._assert_9"	[0.00 s].
0.0.B: Stopped processing property "descrambler.u_descrambler_sva.gen_dout_chk[176]._assert_9"	[0.01 s].
0.0.B: Starting proof for property "descrambler.u_descrambler_sva.gen_dout_chk[177]._assert_9"	[0.00 s].
0.0.B: A max_length bound was found. The shortest trace is no longer than 128 cycles. [0.00 s]
INFO (IPF008): 0.0.B: A max_length bound of 128 was found for the property "descrambler.u_descrambler_sva.gen_dout_chk[177]._assert_9" in 0.00 s.
0.0.B: Trace Attempt  1	[0.00 s]
0.0.B: Trace Attempt  2	[0.00 s]
0.0.B: Trace Attempt  3	[0.00 s]
0.0.N: Trace Attempt  1	[0.00 s]
0.0.B: Trace Attempt  4	[0.00 s]
0.0.B: Trace Attempt  5	[0.00 s]
0.0.N: Trace Attempt  2	[0.00 s]
0.0.N: Trace Attempt  2	[0.00 s]
0.0.N: Trace Attempt  3	[0.00 s]
0.0.N: Trace Attempt  3	[0.00 s]
0.0.N: Trace Attempt  4	[0.00 s]
0.0.N: Trace Attempt  5	[0.00 s]
0.0.N: Trace Attempt  1	[0.01 s]
0.0.N: Trace Attempt  2	[0.01 s]
0.0.N: Trace Attempt  3	[0.01 s]
0.0.N: Validation of fixpoint was successful. Time = 0.00
0.0.N: A proof was found: No trace exists. [0.01 s]
INFO (IPF057): 0.0.N: The property "descrambler.u_descrambler_sva.gen_dout_chk[177]._assert_9" was proven in 0.01 s.
0.0.N: Stopped processing property "descrambler.u_descrambler_sva.gen_dout_chk[177]._assert_9"	[0.01 s].
0.0.N: Starting proof for property "descrambler.u_descrambler_sva.gen_dout_chk[178]._assert_9"	[0.00 s].
0.0.B: Stopped processing property "descrambler.u_descrambler_sva.gen_dout_chk[177]._assert_9"	[0.01 s].
0.0.B: Starting proof for property "descrambler.u_descrambler_sva.gen_dout_chk[178]._assert_9"	[0.00 s].
0.0.B: A max_length bound was found. The shortest trace is no longer than 128 cycles. [0.00 s]
INFO (IPF008): 0.0.B: A max_length bound of 128 was found for the property "descrambler.u_descrambler_sva.gen_dout_chk[178]._assert_9" in 0.00 s.
0.0.B: Trace Attempt  1	[0.00 s]
0.0.N: Trace Attempt  1	[0.00 s]
0.0.B: Trace Attempt  2	[0.00 s]
0.0.B: Trace Attempt  3	[0.00 s]
0.0.B: Trace Attempt  4	[0.00 s]
0.0.N: Trace Attempt  2	[0.00 s]
0.0.B: Trace Attempt  5	[0.00 s]
0.0.N: Trace Attempt  2	[0.00 s]
0.0.N: Trace Attempt  3	[0.00 s]
0.0.N: Trace Attempt  3	[0.00 s]
0.0.N: Trace Attempt  4	[0.00 s]
0.0.N: Trace Attempt  5	[0.00 s]
0.0.N: Trace Attempt  1	[0.01 s]
0.0.N: Trace Attempt  2	[0.01 s]
0.0.N: Trace Attempt  3	[0.01 s]
0.0.N: Validation of fixpoint was successful. Time = 0.00
0.0.N: A proof was found: No trace exists. [0.01 s]
INFO (IPF057): 0.0.N: The property "descrambler.u_descrambler_sva.gen_dout_chk[178]._assert_9" was proven in 0.01 s.
0.0.N: Stopped processing property "descrambler.u_descrambler_sva.gen_dout_chk[178]._assert_9"	[0.01 s].
0.0.N: Starting proof for property "descrambler.u_descrambler_sva.gen_dout_chk[179]._assert_9"	[0.00 s].
0.0.B: Stopped processing property "descrambler.u_descrambler_sva.gen_dout_chk[178]._assert_9"	[0.01 s].
0.0.B: Starting proof for property "descrambler.u_descrambler_sva.gen_dout_chk[179]._assert_9"	[0.00 s].
0.0.B: A max_length bound was found. The shortest trace is no longer than 128 cycles. [0.00 s]
INFO (IPF008): 0.0.B: A max_length bound of 128 was found for the property "descrambler.u_descrambler_sva.gen_dout_chk[179]._assert_9" in 0.00 s.
0.0.B: Trace Attempt  1	[0.00 s]
0.0.N: Trace Attempt  1	[0.00 s]
0.0.B: Trace Attempt  2	[0.00 s]
0.0.B: Trace Attempt  3	[0.00 s]
0.0.B: Trace Attempt  4	[0.00 s]
0.0.N: Trace Attempt  2	[0.00 s]
0.0.B: Trace Attempt  5	[0.00 s]
0.0.N: Trace Attempt  2	[0.00 s]
0.0.N: Trace Attempt  3	[0.00 s]
0.0.N: Trace Attempt  3	[0.00 s]
0.0.N: Trace Attempt  4	[0.00 s]
0.0.N: Trace Attempt  5	[0.00 s]
0.0.N: Trace Attempt  1	[0.01 s]
0.0.N: Trace Attempt  2	[0.01 s]
0.0.N: Trace Attempt  3	[0.01 s]
0.0.N: Validation of fixpoint was successful. Time = 0.00
0.0.N: A proof was found: No trace exists. [0.01 s]
INFO (IPF057): 0.0.N: The property "descrambler.u_descrambler_sva.gen_dout_chk[179]._assert_9" was proven in 0.01 s.
0.0.B: Stopped processing property "descrambler.u_descrambler_sva.gen_dout_chk[179]._assert_9"	[0.01 s].
0.0.B: Starting proof for property "descrambler.u_descrambler_sva.gen_dout_chk[180]._assert_9"	[0.00 s].
0.0.N: Stopped processing property "descrambler.u_descrambler_sva.gen_dout_chk[179]._assert_9"	[0.01 s].
0.0.N: Starting proof for property "descrambler.u_descrambler_sva.gen_dout_chk[180]._assert_9"	[0.00 s].
0.0.B: A max_length bound was found. The shortest trace is no longer than 128 cycles. [0.00 s]
INFO (IPF008): 0.0.B: A max_length bound of 128 was found for the property "descrambler.u_descrambler_sva.gen_dout_chk[180]._assert_9" in 0.00 s.
0.0.B: Trace Attempt  1	[0.00 s]
0.0.B: Trace Attempt  2	[0.00 s]
0.0.B: Trace Attempt  3	[0.00 s]
0.0.B: Trace Attempt  4	[0.00 s]
0.0.N: Trace Attempt  1	[0.00 s]
0.0.B: Trace Attempt  5	[0.00 s]
0.0.N: Trace Attempt  2	[0.00 s]
0.0.N: Trace Attempt  2	[0.00 s]
0.0.N: Trace Attempt  3	[0.00 s]
0.0.N: Trace Attempt  3	[0.00 s]
0.0.N: Trace Attempt  4	[0.00 s]
0.0.N: Trace Attempt  5	[0.00 s]
0.0.N: Trace Attempt  1	[0.01 s]
0.0.N: Trace Attempt  2	[0.01 s]
0.0.N: Trace Attempt  3	[0.01 s]
0.0.N: Validation of fixpoint was successful. Time = 0.00
0.0.N: A proof was found: No trace exists. [0.01 s]
INFO (IPF057): 0.0.N: The property "descrambler.u_descrambler_sva.gen_dout_chk[180]._assert_9" was proven in 0.01 s.
0.0.N: Stopped processing property "descrambler.u_descrambler_sva.gen_dout_chk[180]._assert_9"	[0.01 s].
0.0.B: Stopped processing property "descrambler.u_descrambler_sva.gen_dout_chk[180]._assert_9"	[0.01 s].
0.0.B: Starting proof for property "descrambler.u_descrambler_sva.gen_dout_chk[181]._assert_9"	[0.00 s].
0.0.N: Starting proof for property "descrambler.u_descrambler_sva.gen_dout_chk[181]._assert_9"	[0.00 s].
0.0.B: A max_length bound was found. The shortest trace is no longer than 128 cycles. [0.00 s]
INFO (IPF008): 0.0.B: A max_length bound of 128 was found for the property "descrambler.u_descrambler_sva.gen_dout_chk[181]._assert_9" in 0.00 s.
0.0.B: Trace Attempt  1	[0.00 s]
0.0.B: Trace Attempt  2	[0.00 s]
0.0.B: Trace Attempt  3	[0.00 s]
0.0.B: Trace Attempt  4	[0.00 s]
0.0.N: Trace Attempt  1	[0.00 s]
0.0.B: Trace Attempt  5	[0.00 s]
0.0.N: Trace Attempt  2	[0.00 s]
0.0.N: Trace Attempt  2	[0.00 s]
0.0.N: Trace Attempt  3	[0.00 s]
0.0.N: Trace Attempt  3	[0.00 s]
0.0.N: Trace Attempt  4	[0.00 s]
0.0.N: Trace Attempt  5	[0.00 s]
0.0.N: Trace Attempt  1	[0.01 s]
0.0.N: Trace Attempt  2	[0.01 s]
0.0.N: Trace Attempt  3	[0.01 s]
0.0.N: Validation of fixpoint was successful. Time = 0.00
0.0.N: A proof was found: No trace exists. [0.01 s]
INFO (IPF057): 0.0.N: The property "descrambler.u_descrambler_sva.gen_dout_chk[181]._assert_9" was proven in 0.01 s.
0.0.N: Stopped processing property "descrambler.u_descrambler_sva.gen_dout_chk[181]._assert_9"	[0.01 s].
0.0.N: Starting proof for property "descrambler.u_descrambler_sva.gen_dout_chk[182]._assert_9"	[0.00 s].
0.0.B: Stopped processing property "descrambler.u_descrambler_sva.gen_dout_chk[181]._assert_9"	[0.01 s].
0.0.B: Starting proof for property "descrambler.u_descrambler_sva.gen_dout_chk[182]._assert_9"	[0.00 s].
0.0.B: A max_length bound was found. The shortest trace is no longer than 128 cycles. [0.00 s]
INFO (IPF008): 0.0.B: A max_length bound of 128 was found for the property "descrambler.u_descrambler_sva.gen_dout_chk[182]._assert_9" in 0.00 s.
0.0.B: Trace Attempt  1	[0.00 s]
0.0.B: Trace Attempt  2	[0.00 s]
0.0.B: Trace Attempt  3	[0.00 s]
0.0.B: Trace Attempt  4	[0.00 s]
0.0.N: Trace Attempt  1	[0.00 s]
0.0.B: Trace Attempt  5	[0.00 s]
0.0.N: Trace Attempt  2	[0.00 s]
0.0.N: Trace Attempt  2	[0.00 s]
0.0.N: Trace Attempt  3	[0.00 s]
0.0.N: Trace Attempt  3	[0.00 s]
0.0.N: Trace Attempt  4	[0.00 s]
0.0.N: Trace Attempt  5	[0.00 s]
0.0.N: Trace Attempt  1	[0.01 s]
0.0.N: Trace Attempt  2	[0.01 s]
0.0.N: Trace Attempt  3	[0.01 s]
0.0.N: Validation of fixpoint was successful. Time = 0.00
0.0.N: A proof was found: No trace exists. [0.01 s]
INFO (IPF057): 0.0.N: The property "descrambler.u_descrambler_sva.gen_dout_chk[182]._assert_9" was proven in 0.01 s.
0.0.B: Stopped processing property "descrambler.u_descrambler_sva.gen_dout_chk[182]._assert_9"	[0.01 s].
0.0.B: Starting proof for property "descrambler.u_descrambler_sva.gen_dout_chk[183]._assert_9"	[0.00 s].
0.0.N: Stopped processing property "descrambler.u_descrambler_sva.gen_dout_chk[182]._assert_9"	[0.01 s].
0.0.N: Starting proof for property "descrambler.u_descrambler_sva.gen_dout_chk[183]._assert_9"	[0.00 s].
0.0.B: A max_length bound was found. The shortest trace is no longer than 128 cycles. [0.00 s]
INFO (IPF008): 0.0.B: A max_length bound of 128 was found for the property "descrambler.u_descrambler_sva.gen_dout_chk[183]._assert_9" in 0.00 s.
0.0.B: Trace Attempt  1	[0.00 s]
0.0.B: Trace Attempt  2	[0.00 s]
0.0.B: Trace Attempt  3	[0.00 s]
0.0.B: Trace Attempt  4	[0.00 s]
0.0.N: Trace Attempt  1	[0.00 s]
0.0.B: Trace Attempt  5	[0.00 s]
0.0.N: Trace Attempt  2	[0.00 s]
0.0.N: Trace Attempt  2	[0.00 s]
0.0.N: Trace Attempt  3	[0.00 s]
0.0.N: Trace Attempt  3	[0.00 s]
0.0.N: Trace Attempt  4	[0.00 s]
0.0.N: Trace Attempt  5	[0.00 s]
0.0.N: Trace Attempt  1	[0.01 s]
0.0.N: Trace Attempt  2	[0.01 s]
0.0.N: Trace Attempt  3	[0.01 s]
0.0.N: Validation of fixpoint was successful. Time = 0.00
0.0.N: A proof was found: No trace exists. [0.01 s]
INFO (IPF057): 0.0.N: The property "descrambler.u_descrambler_sva.gen_dout_chk[183]._assert_9" was proven in 0.01 s.
0.0.N: Stopped processing property "descrambler.u_descrambler_sva.gen_dout_chk[183]._assert_9"	[0.01 s].
0.0.N: Starting proof for property "descrambler.u_descrambler_sva.gen_dout_chk[184]._assert_9"	[0.00 s].
0.0.B: Stopped processing property "descrambler.u_descrambler_sva.gen_dout_chk[183]._assert_9"	[0.01 s].
0.0.B: Starting proof for property "descrambler.u_descrambler_sva.gen_dout_chk[184]._assert_9"	[0.00 s].
0.0.B: A max_length bound was found. The shortest trace is no longer than 128 cycles. [0.00 s]
INFO (IPF008): 0.0.B: A max_length bound of 128 was found for the property "descrambler.u_descrambler_sva.gen_dout_chk[184]._assert_9" in 0.00 s.
0.0.B: Trace Attempt  1	[0.00 s]
0.0.B: Trace Attempt  2	[0.00 s]
0.0.B: Trace Attempt  3	[0.00 s]
0.0.N: Trace Attempt  1	[0.00 s]
0.0.B: Trace Attempt  4	[0.00 s]
0.0.B: Trace Attempt  5	[0.00 s]
0.0.N: Trace Attempt  2	[0.00 s]
0.0.N: Trace Attempt  2	[0.00 s]
0.0.N: Trace Attempt  3	[0.00 s]
0.0.N: Trace Attempt  3	[0.00 s]
0.0.N: Trace Attempt  4	[0.00 s]
0.0.N: Trace Attempt  5	[0.00 s]
0.0.N: Trace Attempt  1	[0.01 s]
0.0.N: Trace Attempt  2	[0.01 s]
0.0.N: Trace Attempt  3	[0.01 s]
0.0.N: Validation of fixpoint was successful. Time = 0.00
0.0.N: A proof was found: No trace exists. [0.01 s]
INFO (IPF057): 0.0.N: The property "descrambler.u_descrambler_sva.gen_dout_chk[184]._assert_9" was proven in 0.01 s.
0.0.N: Stopped processing property "descrambler.u_descrambler_sva.gen_dout_chk[184]._assert_9"	[0.01 s].
0.0.N: Starting proof for property "descrambler.u_descrambler_sva.gen_dout_chk[185]._assert_9"	[0.00 s].
0.0.B: Stopped processing property "descrambler.u_descrambler_sva.gen_dout_chk[184]._assert_9"	[0.01 s].
0.0.B: Starting proof for property "descrambler.u_descrambler_sva.gen_dout_chk[185]._assert_9"	[0.00 s].
0.0.B: A max_length bound was found. The shortest trace is no longer than 128 cycles. [0.00 s]
INFO (IPF008): 0.0.B: A max_length bound of 128 was found for the property "descrambler.u_descrambler_sva.gen_dout_chk[185]._assert_9" in 0.00 s.
0.0.N: Trace Attempt  1	[0.00 s]
0.0.B: Trace Attempt  1	[0.00 s]
0.0.B: Trace Attempt  2	[0.00 s]
0.0.B: Trace Attempt  3	[0.00 s]
0.0.B: Trace Attempt  4	[0.00 s]
0.0.N: Trace Attempt  2	[0.00 s]
0.0.B: Trace Attempt  5	[0.00 s]
0.0.N: Trace Attempt  2	[0.00 s]
0.0.N: Trace Attempt  3	[0.00 s]
0.0.N: Trace Attempt  3	[0.00 s]
0.0.N: Trace Attempt  4	[0.00 s]
0.0.N: Trace Attempt  5	[0.00 s]
0.0.N: Trace Attempt  1	[0.01 s]
0.0.N: Trace Attempt  2	[0.01 s]
0.0.N: Trace Attempt  3	[0.01 s]
0.0.N: Validation of fixpoint was successful. Time = 0.00
0.0.N: A proof was found: No trace exists. [0.01 s]
INFO (IPF057): 0.0.N: The property "descrambler.u_descrambler_sva.gen_dout_chk[185]._assert_9" was proven in 0.01 s.
0.0.N: Stopped processing property "descrambler.u_descrambler_sva.gen_dout_chk[185]._assert_9"	[0.01 s].
0.0.N: Starting proof for property "descrambler.u_descrambler_sva.gen_dout_chk[186]._assert_9"	[0.00 s].
0.0.B: Stopped processing property "descrambler.u_descrambler_sva.gen_dout_chk[185]._assert_9"	[0.01 s].
0.0.B: Starting proof for property "descrambler.u_descrambler_sva.gen_dout_chk[186]._assert_9"	[0.00 s].
0.0.B: A max_length bound was found. The shortest trace is no longer than 128 cycles. [0.00 s]
INFO (IPF008): 0.0.B: A max_length bound of 128 was found for the property "descrambler.u_descrambler_sva.gen_dout_chk[186]._assert_9" in 0.00 s.
0.0.N: Trace Attempt  1	[0.00 s]
0.0.B: Trace Attempt  1	[0.00 s]
0.0.B: Trace Attempt  2	[0.00 s]
0.0.B: Trace Attempt  3	[0.00 s]
0.0.B: Trace Attempt  4	[0.00 s]
0.0.N: Trace Attempt  2	[0.00 s]
0.0.B: Trace Attempt  5	[0.00 s]
0.0.N: Trace Attempt  2	[0.00 s]
0.0.N: Trace Attempt  3	[0.00 s]
0.0.N: Trace Attempt  3	[0.00 s]
0.0.N: Trace Attempt  4	[0.00 s]
0.0.N: Trace Attempt  5	[0.00 s]
0.0.N: Trace Attempt  1	[0.01 s]
0.0.N: Trace Attempt  2	[0.01 s]
0.0.N: Trace Attempt  3	[0.01 s]
0.0.N: Validation of fixpoint was successful. Time = 0.00
0.0.N: A proof was found: No trace exists. [0.01 s]
INFO (IPF057): 0.0.N: The property "descrambler.u_descrambler_sva.gen_dout_chk[186]._assert_9" was proven in 0.01 s.
0.0.N: Stopped processing property "descrambler.u_descrambler_sva.gen_dout_chk[186]._assert_9"	[0.01 s].
0.0.N: Starting proof for property "descrambler.u_descrambler_sva.gen_dout_chk[187]._assert_9"	[0.00 s].
0.0.B: Stopped processing property "descrambler.u_descrambler_sva.gen_dout_chk[186]._assert_9"	[0.01 s].
0.0.B: Starting proof for property "descrambler.u_descrambler_sva.gen_dout_chk[187]._assert_9"	[0.00 s].
0.0.B: A max_length bound was found. The shortest trace is no longer than 128 cycles. [0.00 s]
INFO (IPF008): 0.0.B: A max_length bound of 128 was found for the property "descrambler.u_descrambler_sva.gen_dout_chk[187]._assert_9" in 0.00 s.
0.0.B: Trace Attempt  1	[0.00 s]
0.0.B: Trace Attempt  2	[0.00 s]
0.0.B: Trace Attempt  3	[0.00 s]
0.0.N: Trace Attempt  1	[0.00 s]
0.0.B: Trace Attempt  4	[0.00 s]
0.0.B: Trace Attempt  5	[0.00 s]
0.0.N: Trace Attempt  2	[0.00 s]
0.0.N: Trace Attempt  2	[0.00 s]
0.0.N: Trace Attempt  3	[0.00 s]
0.0.N: Trace Attempt  3	[0.00 s]
0.0.N: Trace Attempt  4	[0.00 s]
0.0.N: Trace Attempt  5	[0.00 s]
0.0.N: Trace Attempt  1	[0.01 s]
0.0.N: Trace Attempt  2	[0.01 s]
0.0.N: Trace Attempt  3	[0.01 s]
0.0.N: Validation of fixpoint was successful. Time = 0.00
0.0.N: A proof was found: No trace exists. [0.01 s]
INFO (IPF057): 0.0.N: The property "descrambler.u_descrambler_sva.gen_dout_chk[187]._assert_9" was proven in 0.01 s.
0.0.N: Stopped processing property "descrambler.u_descrambler_sva.gen_dout_chk[187]._assert_9"	[0.01 s].
0.0.N: Starting proof for property "descrambler.u_descrambler_sva.gen_dout_chk[188]._assert_9"	[0.00 s].
0.0.B: Stopped processing property "descrambler.u_descrambler_sva.gen_dout_chk[187]._assert_9"	[0.01 s].
0.0.B: Starting proof for property "descrambler.u_descrambler_sva.gen_dout_chk[188]._assert_9"	[0.00 s].
0.0.B: A max_length bound was found. The shortest trace is no longer than 128 cycles. [0.00 s]
INFO (IPF008): 0.0.B: A max_length bound of 128 was found for the property "descrambler.u_descrambler_sva.gen_dout_chk[188]._assert_9" in 0.00 s.
0.0.B: Trace Attempt  1	[0.00 s]
0.0.B: Trace Attempt  2	[0.00 s]
0.0.B: Trace Attempt  3	[0.00 s]
0.0.N: Trace Attempt  1	[0.00 s]
0.0.B: Trace Attempt  4	[0.00 s]
0.0.B: Trace Attempt  5	[0.00 s]
0.0.N: Trace Attempt  2	[0.00 s]
0.0.N: Trace Attempt  2	[0.00 s]
0.0.N: Trace Attempt  3	[0.00 s]
0.0.N: Trace Attempt  3	[0.00 s]
0.0.N: Trace Attempt  4	[0.00 s]
0.0.N: Trace Attempt  5	[0.00 s]
0.0.N: Trace Attempt  1	[0.01 s]
0.0.N: Trace Attempt  2	[0.01 s]
0.0.N: Trace Attempt  3	[0.01 s]
0.0.N: Validation of fixpoint was successful. Time = 0.00
0.0.N: A proof was found: No trace exists. [0.01 s]
INFO (IPF057): 0.0.N: The property "descrambler.u_descrambler_sva.gen_dout_chk[188]._assert_9" was proven in 0.01 s.
0.0.N: Stopped processing property "descrambler.u_descrambler_sva.gen_dout_chk[188]._assert_9"	[0.01 s].
0.0.N: Starting proof for property "descrambler.u_descrambler_sva.gen_dout_chk[189]._assert_9"	[0.00 s].
0.0.B: Stopped processing property "descrambler.u_descrambler_sva.gen_dout_chk[188]._assert_9"	[0.01 s].
0.0.B: Starting proof for property "descrambler.u_descrambler_sva.gen_dout_chk[189]._assert_9"	[0.00 s].
0.0.B: A max_length bound was found. The shortest trace is no longer than 128 cycles. [0.00 s]
INFO (IPF008): 0.0.B: A max_length bound of 128 was found for the property "descrambler.u_descrambler_sva.gen_dout_chk[189]._assert_9" in 0.00 s.
0.0.B: Trace Attempt  1	[0.00 s]
0.0.B: Trace Attempt  2	[0.00 s]
0.0.B: Trace Attempt  3	[0.00 s]
0.0.N: Trace Attempt  1	[0.00 s]
0.0.B: Trace Attempt  4	[0.00 s]
0.0.B: Trace Attempt  5	[0.00 s]
0.0.N: Trace Attempt  2	[0.00 s]
0.0.N: Trace Attempt  2	[0.00 s]
0.0.N: Trace Attempt  3	[0.00 s]
0.0.N: Trace Attempt  3	[0.00 s]
0.0.N: Trace Attempt  4	[0.00 s]
0.0.N: Trace Attempt  5	[0.00 s]
0.0.N: Trace Attempt  1	[0.01 s]
0.0.N: Trace Attempt  2	[0.01 s]
0.0.N: Trace Attempt  3	[0.01 s]
0.0.N: Validation of fixpoint was successful. Time = 0.00
0.0.N: A proof was found: No trace exists. [0.01 s]
INFO (IPF057): 0.0.N: The property "descrambler.u_descrambler_sva.gen_dout_chk[189]._assert_9" was proven in 0.01 s.
0.0.N: Stopped processing property "descrambler.u_descrambler_sva.gen_dout_chk[189]._assert_9"	[0.01 s].
0.0.N: Starting proof for property "descrambler.u_descrambler_sva.gen_dout_chk[190]._assert_9"	[0.00 s].
0.0.B: Stopped processing property "descrambler.u_descrambler_sva.gen_dout_chk[189]._assert_9"	[0.01 s].
0.0.B: Starting proof for property "descrambler.u_descrambler_sva.gen_dout_chk[190]._assert_9"	[0.00 s].
0.0.B: A max_length bound was found. The shortest trace is no longer than 128 cycles. [0.00 s]
INFO (IPF008): 0.0.B: A max_length bound of 128 was found for the property "descrambler.u_descrambler_sva.gen_dout_chk[190]._assert_9" in 0.00 s.
0.0.B: Trace Attempt  1	[0.00 s]
0.0.B: Trace Attempt  2	[0.00 s]
0.0.B: Trace Attempt  3	[0.00 s]
0.0.N: Trace Attempt  1	[0.00 s]
0.0.B: Trace Attempt  4	[0.00 s]
0.0.B: Trace Attempt  5	[0.00 s]
0.0.N: Trace Attempt  2	[0.00 s]
0.0.N: Trace Attempt  2	[0.00 s]
0.0.N: Trace Attempt  3	[0.00 s]
0.0.N: Trace Attempt  3	[0.00 s]
0.0.N: Trace Attempt  4	[0.00 s]
0.0.N: Trace Attempt  5	[0.00 s]
0.0.N: Trace Attempt  1	[0.01 s]
0.0.N: Trace Attempt  2	[0.01 s]
0.0.N: Trace Attempt  3	[0.01 s]
0.0.N: Validation of fixpoint was successful. Time = 0.00
0.0.N: A proof was found: No trace exists. [0.01 s]
INFO (IPF057): 0.0.N: The property "descrambler.u_descrambler_sva.gen_dout_chk[190]._assert_9" was proven in 0.01 s.
0.0.N: Stopped processing property "descrambler.u_descrambler_sva.gen_dout_chk[190]._assert_9"	[0.01 s].
0.0.N: Starting proof for property "descrambler.u_descrambler_sva.gen_dout_chk[191]._assert_9"	[0.00 s].
0.0.B: Stopped processing property "descrambler.u_descrambler_sva.gen_dout_chk[190]._assert_9"	[0.01 s].
0.0.B: Starting proof for property "descrambler.u_descrambler_sva.gen_dout_chk[191]._assert_9"	[0.00 s].
0.0.B: A max_length bound was found. The shortest trace is no longer than 128 cycles. [0.00 s]
INFO (IPF008): 0.0.B: A max_length bound of 128 was found for the property "descrambler.u_descrambler_sva.gen_dout_chk[191]._assert_9" in 0.00 s.
0.0.B: Trace Attempt  1	[0.00 s]
0.0.B: Trace Attempt  2	[0.00 s]
0.0.B: Trace Attempt  3	[0.00 s]
0.0.B: Trace Attempt  4	[0.00 s]
0.0.N: Trace Attempt  1	[0.00 s]
0.0.B: Trace Attempt  5	[0.00 s]
0.0.N: Trace Attempt  2	[0.00 s]
0.0.N: Trace Attempt  2	[0.00 s]
0.0.N: Trace Attempt  3	[0.00 s]
0.0.N: Trace Attempt  3	[0.00 s]
0.0.N: Trace Attempt  4	[0.00 s]
0.0.N: Trace Attempt  5	[0.00 s]
0.0.N: Trace Attempt  1	[0.01 s]
0.0.N: Trace Attempt  2	[0.01 s]
0.0.N: Trace Attempt  3	[0.01 s]
0.0.N: Validation of fixpoint was successful. Time = 0.00
0.0.N: A proof was found: No trace exists. [0.01 s]
INFO (IPF057): 0.0.N: The property "descrambler.u_descrambler_sva.gen_dout_chk[191]._assert_9" was proven in 0.01 s.
0.0.N: Stopped processing property "descrambler.u_descrambler_sva.gen_dout_chk[191]._assert_9"	[0.01 s].
0.0.N: Starting proof for property "descrambler.u_descrambler_sva.gen_dout_chk[192]._assert_9"	[0.00 s].
0.0.B: Stopped processing property "descrambler.u_descrambler_sva.gen_dout_chk[191]._assert_9"	[0.01 s].
0.0.B: Starting proof for property "descrambler.u_descrambler_sva.gen_dout_chk[192]._assert_9"	[0.00 s].
0.0.B: A max_length bound was found. The shortest trace is no longer than 128 cycles. [0.00 s]
INFO (IPF008): 0.0.B: A max_length bound of 128 was found for the property "descrambler.u_descrambler_sva.gen_dout_chk[192]._assert_9" in 0.00 s.
0.0.B: Trace Attempt  1	[0.00 s]
0.0.B: Trace Attempt  2	[0.00 s]
0.0.B: Trace Attempt  3	[0.00 s]
0.0.B: Trace Attempt  4	[0.00 s]
0.0.N: Trace Attempt  1	[0.00 s]
0.0.B: Trace Attempt  5	[0.00 s]
0.0.N: Trace Attempt  2	[0.00 s]
0.0.N: Trace Attempt  2	[0.00 s]
0.0.N: Trace Attempt  3	[0.00 s]
0.0.N: Trace Attempt  3	[0.00 s]
0.0.N: Trace Attempt  4	[0.00 s]
0.0.N: Trace Attempt  5	[0.00 s]
0.0.N: Trace Attempt  1	[0.01 s]
0.0.N: Trace Attempt  2	[0.01 s]
0.0.N: Trace Attempt  3	[0.01 s]
0.0.N: Validation of fixpoint was successful. Time = 0.00
0.0.N: A proof was found: No trace exists. [0.01 s]
INFO (IPF057): 0.0.N: The property "descrambler.u_descrambler_sva.gen_dout_chk[192]._assert_9" was proven in 0.01 s.
0.0.N: Stopped processing property "descrambler.u_descrambler_sva.gen_dout_chk[192]._assert_9"	[0.01 s].
0.0.N: Starting proof for property "descrambler.u_descrambler_sva.gen_dout_chk[193]._assert_9"	[0.00 s].
0.0.B: Stopped processing property "descrambler.u_descrambler_sva.gen_dout_chk[192]._assert_9"	[0.01 s].
0.0.B: Starting proof for property "descrambler.u_descrambler_sva.gen_dout_chk[193]._assert_9"	[0.00 s].
0.0.B: A max_length bound was found. The shortest trace is no longer than 128 cycles. [0.00 s]
INFO (IPF008): 0.0.B: A max_length bound of 128 was found for the property "descrambler.u_descrambler_sva.gen_dout_chk[193]._assert_9" in 0.00 s.
0.0.B: Trace Attempt  1	[0.00 s]
0.0.B: Trace Attempt  2	[0.00 s]
0.0.B: Trace Attempt  3	[0.00 s]
0.0.B: Trace Attempt  4	[0.00 s]
0.0.N: Trace Attempt  1	[0.00 s]
0.0.B: Trace Attempt  5	[0.00 s]
0.0.N: Trace Attempt  2	[0.00 s]
0.0.N: Trace Attempt  2	[0.00 s]
0.0.N: Trace Attempt  3	[0.00 s]
0.0.N: Trace Attempt  3	[0.00 s]
0.0.N: Trace Attempt  4	[0.00 s]
0.0.N: Trace Attempt  5	[0.00 s]
0.0.N: Trace Attempt  1	[0.01 s]
0.0.N: Trace Attempt  2	[0.01 s]
0.0.N: Trace Attempt  3	[0.01 s]
0.0.N: Validation of fixpoint was successful. Time = 0.00
0.0.N: A proof was found: No trace exists. [0.01 s]
INFO (IPF057): 0.0.N: The property "descrambler.u_descrambler_sva.gen_dout_chk[193]._assert_9" was proven in 0.01 s.
0.0.N: Stopped processing property "descrambler.u_descrambler_sva.gen_dout_chk[193]._assert_9"	[0.01 s].
0.0.B: Stopped processing property "descrambler.u_descrambler_sva.gen_dout_chk[193]._assert_9"	[0.01 s].
0.0.B: Starting proof for property "descrambler.u_descrambler_sva.gen_dout_chk[194]._assert_9"	[0.00 s].
0.0.N: Starting proof for property "descrambler.u_descrambler_sva.gen_dout_chk[194]._assert_9"	[0.00 s].
0.0.B: A max_length bound was found. The shortest trace is no longer than 128 cycles. [0.00 s]
INFO (IPF008): 0.0.B: A max_length bound of 128 was found for the property "descrambler.u_descrambler_sva.gen_dout_chk[194]._assert_9" in 0.00 s.
0.0.B: Trace Attempt  1	[0.00 s]
0.0.B: Trace Attempt  2	[0.00 s]
0.0.B: Trace Attempt  3	[0.00 s]
0.0.B: Trace Attempt  4	[0.00 s]
0.0.N: Trace Attempt  1	[0.00 s]
0.0.B: Trace Attempt  5	[0.00 s]
0.0.N: Trace Attempt  2	[0.00 s]
0.0.N: Trace Attempt  2	[0.00 s]
0.0.N: Trace Attempt  3	[0.00 s]
0.0.N: Trace Attempt  3	[0.00 s]
0.0.N: Trace Attempt  4	[0.00 s]
0.0.N: Trace Attempt  5	[0.00 s]
0.0.N: Trace Attempt  1	[0.01 s]
0.0.N: Trace Attempt  2	[0.01 s]
0.0.N: Trace Attempt  3	[0.01 s]
0.0.N: Validation of fixpoint was successful. Time = 0.00
0.0.N: A proof was found: No trace exists. [0.01 s]
INFO (IPF057): 0.0.N: The property "descrambler.u_descrambler_sva.gen_dout_chk[194]._assert_9" was proven in 0.01 s.
0.0.N: Stopped processing property "descrambler.u_descrambler_sva.gen_dout_chk[194]._assert_9"	[0.01 s].
0.0.N: Starting proof for property "descrambler.u_descrambler_sva.gen_dout_chk[195]._assert_9"	[0.00 s].
0.0.B: Stopped processing property "descrambler.u_descrambler_sva.gen_dout_chk[194]._assert_9"	[0.01 s].
0.0.B: Starting proof for property "descrambler.u_descrambler_sva.gen_dout_chk[195]._assert_9"	[0.00 s].
0.0.B: A max_length bound was found. The shortest trace is no longer than 128 cycles. [0.00 s]
INFO (IPF008): 0.0.B: A max_length bound of 128 was found for the property "descrambler.u_descrambler_sva.gen_dout_chk[195]._assert_9" in 0.00 s.
0.0.B: Trace Attempt  1	[0.00 s]
0.0.B: Trace Attempt  2	[0.00 s]
0.0.B: Trace Attempt  3	[0.00 s]
0.0.N: Trace Attempt  1	[0.00 s]
0.0.B: Trace Attempt  4	[0.00 s]
0.0.B: Trace Attempt  5	[0.00 s]
0.0.N: Trace Attempt  2	[0.00 s]
0.0.N: Trace Attempt  2	[0.00 s]
0.0.N: Trace Attempt  3	[0.00 s]
0.0.N: Trace Attempt  3	[0.00 s]
0.0.N: Trace Attempt  4	[0.00 s]
0.0.N: Trace Attempt  5	[0.00 s]
0.0.N: Trace Attempt  1	[0.01 s]
0.0.N: Trace Attempt  2	[0.01 s]
0.0.N: Trace Attempt  3	[0.01 s]
0.0.N: Validation of fixpoint was successful. Time = 0.00
0.0.N: A proof was found: No trace exists. [0.01 s]
INFO (IPF057): 0.0.N: The property "descrambler.u_descrambler_sva.gen_dout_chk[195]._assert_9" was proven in 0.01 s.
0.0.N: Stopped processing property "descrambler.u_descrambler_sva.gen_dout_chk[195]._assert_9"	[0.01 s].
0.0.N: Starting proof for property "descrambler.u_descrambler_sva.gen_dout_chk[196]._assert_9"	[0.00 s].
0.0.B: Stopped processing property "descrambler.u_descrambler_sva.gen_dout_chk[195]._assert_9"	[0.01 s].
0.0.B: Starting proof for property "descrambler.u_descrambler_sva.gen_dout_chk[196]._assert_9"	[0.00 s].
0.0.B: A max_length bound was found. The shortest trace is no longer than 128 cycles. [0.00 s]
INFO (IPF008): 0.0.B: A max_length bound of 128 was found for the property "descrambler.u_descrambler_sva.gen_dout_chk[196]._assert_9" in 0.00 s.
0.0.B: Trace Attempt  1	[0.00 s]
0.0.B: Trace Attempt  2	[0.00 s]
0.0.B: Trace Attempt  3	[0.00 s]
0.0.B: Trace Attempt  4	[0.00 s]
0.0.N: Trace Attempt  1	[0.00 s]
0.0.B: Trace Attempt  5	[0.00 s]
0.0.N: Trace Attempt  2	[0.00 s]
0.0.N: Trace Attempt  2	[0.00 s]
0.0.N: Trace Attempt  3	[0.00 s]
0.0.N: Trace Attempt  3	[0.00 s]
0.0.N: Trace Attempt  4	[0.00 s]
0.0.N: Trace Attempt  5	[0.00 s]
0.0.N: Trace Attempt  1	[0.01 s]
0.0.N: Trace Attempt  2	[0.01 s]
0.0.N: Trace Attempt  3	[0.01 s]
0.0.N: Validation of fixpoint was successful. Time = 0.00
0.0.N: A proof was found: No trace exists. [0.01 s]
INFO (IPF057): 0.0.N: The property "descrambler.u_descrambler_sva.gen_dout_chk[196]._assert_9" was proven in 0.01 s.
0.0.N: Stopped processing property "descrambler.u_descrambler_sva.gen_dout_chk[196]._assert_9"	[0.01 s].
0.0.N: Starting proof for property "descrambler.u_descrambler_sva.gen_dout_chk[197]._assert_9"	[0.00 s].
0.0.B: Stopped processing property "descrambler.u_descrambler_sva.gen_dout_chk[196]._assert_9"	[0.01 s].
0.0.B: Starting proof for property "descrambler.u_descrambler_sva.gen_dout_chk[197]._assert_9"	[0.00 s].
0.0.B: A max_length bound was found. The shortest trace is no longer than 128 cycles. [0.00 s]
INFO (IPF008): 0.0.B: A max_length bound of 128 was found for the property "descrambler.u_descrambler_sva.gen_dout_chk[197]._assert_9" in 0.00 s.
0.0.B: Trace Attempt  1	[0.00 s]
0.0.B: Trace Attempt  2	[0.00 s]
0.0.B: Trace Attempt  3	[0.00 s]
0.0.B: Trace Attempt  4	[0.00 s]
0.0.N: Trace Attempt  1	[0.00 s]
0.0.B: Trace Attempt  5	[0.00 s]
0.0.N: Trace Attempt  2	[0.00 s]
0.0.N: Trace Attempt  2	[0.00 s]
0.0.N: Trace Attempt  3	[0.00 s]
0.0.N: Trace Attempt  3	[0.00 s]
0.0.N: Trace Attempt  4	[0.00 s]
0.0.N: Trace Attempt  5	[0.00 s]
0.0.N: Trace Attempt  1	[0.01 s]
0.0.N: Trace Attempt  2	[0.01 s]
0.0.N: Trace Attempt  3	[0.01 s]
0.0.N: Validation of fixpoint was successful. Time = 0.00
0.0.N: A proof was found: No trace exists. [0.01 s]
INFO (IPF057): 0.0.N: The property "descrambler.u_descrambler_sva.gen_dout_chk[197]._assert_9" was proven in 0.01 s.
0.0.N: Stopped processing property "descrambler.u_descrambler_sva.gen_dout_chk[197]._assert_9"	[0.01 s].
0.0.N: Starting proof for property "descrambler.u_descrambler_sva.gen_dout_chk[198]._assert_9"	[0.00 s].
0.0.B: Stopped processing property "descrambler.u_descrambler_sva.gen_dout_chk[197]._assert_9"	[0.01 s].
0.0.B: Starting proof for property "descrambler.u_descrambler_sva.gen_dout_chk[198]._assert_9"	[0.00 s].
0.0.B: A max_length bound was found. The shortest trace is no longer than 128 cycles. [0.00 s]
INFO (IPF008): 0.0.B: A max_length bound of 128 was found for the property "descrambler.u_descrambler_sva.gen_dout_chk[198]._assert_9" in 0.00 s.
0.0.B: Trace Attempt  1	[0.00 s]
0.0.B: Trace Attempt  2	[0.00 s]
0.0.B: Trace Attempt  3	[0.00 s]
0.0.N: Trace Attempt  1	[0.00 s]
0.0.B: Trace Attempt  4	[0.00 s]
0.0.B: Trace Attempt  5	[0.00 s]
0.0.N: Trace Attempt  2	[0.00 s]
0.0.N: Trace Attempt  2	[0.00 s]
0.0.N: Trace Attempt  3	[0.00 s]
0.0.N: Trace Attempt  3	[0.00 s]
0.0.N: Trace Attempt  4	[0.00 s]
0.0.N: Trace Attempt  5	[0.00 s]
0.0.N: Trace Attempt  1	[0.01 s]
0.0.N: Trace Attempt  2	[0.01 s]
0.0.N: Trace Attempt  3	[0.01 s]
0.0.N: Validation of fixpoint was successful. Time = 0.00
0.0.N: A proof was found: No trace exists. [0.01 s]
INFO (IPF057): 0.0.N: The property "descrambler.u_descrambler_sva.gen_dout_chk[198]._assert_9" was proven in 0.01 s.
0.0.N: Stopped processing property "descrambler.u_descrambler_sva.gen_dout_chk[198]._assert_9"	[0.01 s].
0.0.N: Starting proof for property "descrambler.u_descrambler_sva.gen_dout_chk[199]._assert_9"	[0.00 s].
0.0.B: Stopped processing property "descrambler.u_descrambler_sva.gen_dout_chk[198]._assert_9"	[0.01 s].
0.0.B: Starting proof for property "descrambler.u_descrambler_sva.gen_dout_chk[199]._assert_9"	[0.00 s].
0.0.B: A max_length bound was found. The shortest trace is no longer than 128 cycles. [0.00 s]
INFO (IPF008): 0.0.B: A max_length bound of 128 was found for the property "descrambler.u_descrambler_sva.gen_dout_chk[199]._assert_9" in 0.00 s.
0.0.B: Trace Attempt  1	[0.00 s]
0.0.B: Trace Attempt  2	[0.00 s]
0.0.B: Trace Attempt  3	[0.00 s]
0.0.N: Trace Attempt  1	[0.00 s]
0.0.B: Trace Attempt  4	[0.00 s]
0.0.B: Trace Attempt  5	[0.00 s]
0.0.N: Trace Attempt  2	[0.00 s]
0.0.N: Trace Attempt  2	[0.00 s]
0.0.N: Trace Attempt  3	[0.00 s]
0.0.N: Trace Attempt  3	[0.00 s]
0.0.N: Trace Attempt  4	[0.00 s]
0.0.N: Trace Attempt  5	[0.00 s]
0.0.N: Trace Attempt  1	[0.01 s]
0.0.N: Trace Attempt  2	[0.01 s]
0.0.N: Trace Attempt  3	[0.01 s]
0.0.N: Validation of fixpoint was successful. Time = 0.00
0.0.N: A proof was found: No trace exists. [0.01 s]
INFO (IPF057): 0.0.N: The property "descrambler.u_descrambler_sva.gen_dout_chk[199]._assert_9" was proven in 0.01 s.
0.0.N: Stopped processing property "descrambler.u_descrambler_sva.gen_dout_chk[199]._assert_9"	[0.01 s].
0.0.N: Starting proof for property "descrambler.u_descrambler_sva.gen_dout_chk[200]._assert_9"	[0.00 s].
0.0.B: Stopped processing property "descrambler.u_descrambler_sva.gen_dout_chk[199]._assert_9"	[0.01 s].
0.0.B: Starting proof for property "descrambler.u_descrambler_sva.gen_dout_chk[200]._assert_9"	[0.00 s].
0.0.B: A max_length bound was found. The shortest trace is no longer than 128 cycles. [0.00 s]
INFO (IPF008): 0.0.B: A max_length bound of 128 was found for the property "descrambler.u_descrambler_sva.gen_dout_chk[200]._assert_9" in 0.00 s.
0.0.B: Trace Attempt  1	[0.00 s]
0.0.B: Trace Attempt  2	[0.00 s]
0.0.B: Trace Attempt  3	[0.00 s]
0.0.N: Trace Attempt  1	[0.00 s]
0.0.B: Trace Attempt  4	[0.00 s]
0.0.B: Trace Attempt  5	[0.00 s]
0.0.N: Trace Attempt  2	[0.00 s]
0.0.N: Trace Attempt  2	[0.00 s]
0.0.N: Trace Attempt  3	[0.00 s]
0.0.N: Trace Attempt  3	[0.00 s]
0.0.N: Trace Attempt  4	[0.00 s]
0.0.N: Trace Attempt  5	[0.00 s]
0.0.N: Trace Attempt  1	[0.01 s]
0.0.N: Trace Attempt  2	[0.01 s]
0.0.N: Trace Attempt  3	[0.01 s]
0.0.N: Validation of fixpoint was successful. Time = 0.00
0.0.N: A proof was found: No trace exists. [0.01 s]
INFO (IPF057): 0.0.N: The property "descrambler.u_descrambler_sva.gen_dout_chk[200]._assert_9" was proven in 0.01 s.
0.0.N: Stopped processing property "descrambler.u_descrambler_sva.gen_dout_chk[200]._assert_9"	[0.01 s].
0.0.N: Starting proof for property "descrambler.u_descrambler_sva.gen_dout_chk[201]._assert_9"	[0.00 s].
0.0.B: Stopped processing property "descrambler.u_descrambler_sva.gen_dout_chk[200]._assert_9"	[0.01 s].
0.0.B: Starting proof for property "descrambler.u_descrambler_sva.gen_dout_chk[201]._assert_9"	[0.00 s].
0.0.B: A max_length bound was found. The shortest trace is no longer than 128 cycles. [0.00 s]
INFO (IPF008): 0.0.B: A max_length bound of 128 was found for the property "descrambler.u_descrambler_sva.gen_dout_chk[201]._assert_9" in 0.00 s.
0.0.B: Trace Attempt  1	[0.00 s]
0.0.N: Trace Attempt  1	[0.00 s]
0.0.B: Trace Attempt  2	[0.00 s]
0.0.B: Trace Attempt  3	[0.00 s]
0.0.B: Trace Attempt  4	[0.00 s]
0.0.N: Trace Attempt  2	[0.00 s]
0.0.B: Trace Attempt  5	[0.00 s]
0.0.N: Trace Attempt  2	[0.00 s]
0.0.N: Trace Attempt  3	[0.00 s]
0.0.N: Trace Attempt  3	[0.00 s]
0.0.N: Trace Attempt  4	[0.00 s]
0.0.N: Trace Attempt  5	[0.00 s]
0.0.N: Trace Attempt  1	[0.01 s]
0.0.N: Trace Attempt  2	[0.01 s]
0.0.N: Trace Attempt  3	[0.01 s]
0.0.N: Validation of fixpoint was successful. Time = 0.00
0.0.N: A proof was found: No trace exists. [0.01 s]
INFO (IPF057): 0.0.N: The property "descrambler.u_descrambler_sva.gen_dout_chk[201]._assert_9" was proven in 0.01 s.
0.0.N: Stopped processing property "descrambler.u_descrambler_sva.gen_dout_chk[201]._assert_9"	[0.01 s].
0.0.N: Starting proof for property "descrambler.u_descrambler_sva.gen_dout_chk[202]._assert_9"	[0.00 s].
0.0.B: Stopped processing property "descrambler.u_descrambler_sva.gen_dout_chk[201]._assert_9"	[0.01 s].
0.0.B: Starting proof for property "descrambler.u_descrambler_sva.gen_dout_chk[202]._assert_9"	[0.00 s].
0.0.B: A max_length bound was found. The shortest trace is no longer than 128 cycles. [0.00 s]
INFO (IPF008): 0.0.B: A max_length bound of 128 was found for the property "descrambler.u_descrambler_sva.gen_dout_chk[202]._assert_9" in 0.00 s.
0.0.B: Trace Attempt  1	[0.00 s]
0.0.B: Trace Attempt  2	[0.00 s]
0.0.B: Trace Attempt  3	[0.00 s]
0.0.N: Trace Attempt  1	[0.00 s]
0.0.B: Trace Attempt  4	[0.00 s]
0.0.B: Trace Attempt  5	[0.00 s]
0.0.N: Trace Attempt  2	[0.00 s]
0.0.N: Trace Attempt  2	[0.00 s]
0.0.N: Trace Attempt  3	[0.00 s]
0.0.N: Trace Attempt  3	[0.00 s]
0.0.N: Trace Attempt  4	[0.00 s]
0.0.N: Trace Attempt  5	[0.00 s]
0.0.N: Trace Attempt  1	[0.01 s]
0.0.N: Trace Attempt  2	[0.01 s]
0.0.N: Trace Attempt  3	[0.01 s]
0.0.N: Validation of fixpoint was successful. Time = 0.00
0.0.N: A proof was found: No trace exists. [0.01 s]
INFO (IPF057): 0.0.N: The property "descrambler.u_descrambler_sva.gen_dout_chk[202]._assert_9" was proven in 0.01 s.
0.0.N: Stopped processing property "descrambler.u_descrambler_sva.gen_dout_chk[202]._assert_9"	[0.01 s].
0.0.N: Starting proof for property "descrambler.u_descrambler_sva.gen_dout_chk[203]._assert_9"	[0.00 s].
0.0.B: Stopped processing property "descrambler.u_descrambler_sva.gen_dout_chk[202]._assert_9"	[0.01 s].
0.0.B: Starting proof for property "descrambler.u_descrambler_sva.gen_dout_chk[203]._assert_9"	[0.00 s].
0.0.B: A max_length bound was found. The shortest trace is no longer than 128 cycles. [0.00 s]
INFO (IPF008): 0.0.B: A max_length bound of 128 was found for the property "descrambler.u_descrambler_sva.gen_dout_chk[203]._assert_9" in 0.00 s.
0.0.B: Trace Attempt  1	[0.00 s]
0.0.B: Trace Attempt  2	[0.00 s]
0.0.B: Trace Attempt  3	[0.00 s]
0.0.N: Trace Attempt  1	[0.00 s]
0.0.B: Trace Attempt  4	[0.00 s]
0.0.B: Trace Attempt  5	[0.00 s]
0.0.N: Trace Attempt  2	[0.00 s]
0.0.N: Trace Attempt  2	[0.00 s]
0.0.N: Trace Attempt  3	[0.00 s]
0.0.N: Trace Attempt  3	[0.00 s]
0.0.N: Trace Attempt  4	[0.00 s]
0.0.N: Trace Attempt  5	[0.00 s]
0.0.N: Trace Attempt  1	[0.01 s]
0.0.N: Trace Attempt  2	[0.01 s]
0.0.N: Trace Attempt  3	[0.01 s]
0.0.N: Validation of fixpoint was successful. Time = 0.00
0.0.N: A proof was found: No trace exists. [0.01 s]
INFO (IPF057): 0.0.N: The property "descrambler.u_descrambler_sva.gen_dout_chk[203]._assert_9" was proven in 0.01 s.
0.0.N: Stopped processing property "descrambler.u_descrambler_sva.gen_dout_chk[203]._assert_9"	[0.01 s].
0.0.N: Starting proof for property "descrambler.u_descrambler_sva.gen_dout_chk[204]._assert_9"	[0.00 s].
0.0.B: Stopped processing property "descrambler.u_descrambler_sva.gen_dout_chk[203]._assert_9"	[0.01 s].
0.0.B: Starting proof for property "descrambler.u_descrambler_sva.gen_dout_chk[204]._assert_9"	[0.00 s].
0.0.B: A max_length bound was found. The shortest trace is no longer than 128 cycles. [0.00 s]
INFO (IPF008): 0.0.B: A max_length bound of 128 was found for the property "descrambler.u_descrambler_sva.gen_dout_chk[204]._assert_9" in 0.00 s.
0.0.B: Trace Attempt  1	[0.00 s]
0.0.B: Trace Attempt  2	[0.00 s]
0.0.B: Trace Attempt  3	[0.00 s]
0.0.B: Trace Attempt  4	[0.00 s]
0.0.N: Trace Attempt  1	[0.00 s]
0.0.B: Trace Attempt  5	[0.00 s]
0.0.N: Trace Attempt  2	[0.00 s]
0.0.N: Trace Attempt  2	[0.00 s]
0.0.N: Trace Attempt  3	[0.00 s]
0.0.N: Trace Attempt  3	[0.00 s]
0.0.N: Trace Attempt  4	[0.00 s]
0.0.N: Trace Attempt  5	[0.00 s]
0.0.N: Trace Attempt  1	[0.01 s]
0.0.N: Trace Attempt  2	[0.01 s]
0.0.N: Trace Attempt  3	[0.01 s]
0.0.N: Validation of fixpoint was successful. Time = 0.00
0.0.N: A proof was found: No trace exists. [0.01 s]
INFO (IPF057): 0.0.N: The property "descrambler.u_descrambler_sva.gen_dout_chk[204]._assert_9" was proven in 0.01 s.
0.0.N: Stopped processing property "descrambler.u_descrambler_sva.gen_dout_chk[204]._assert_9"	[0.01 s].
0.0.N: Starting proof for property "descrambler.u_descrambler_sva.gen_dout_chk[205]._assert_9"	[0.00 s].
0.0.B: Stopped processing property "descrambler.u_descrambler_sva.gen_dout_chk[204]._assert_9"	[0.01 s].
0.0.B: Starting proof for property "descrambler.u_descrambler_sva.gen_dout_chk[205]._assert_9"	[0.00 s].
0.0.B: A max_length bound was found. The shortest trace is no longer than 128 cycles. [0.00 s]
INFO (IPF008): 0.0.B: A max_length bound of 128 was found for the property "descrambler.u_descrambler_sva.gen_dout_chk[205]._assert_9" in 0.00 s.
0.0.B: Trace Attempt  1	[0.00 s]
0.0.N: Trace Attempt  1	[0.00 s]
0.0.B: Trace Attempt  2	[0.00 s]
0.0.B: Trace Attempt  3	[0.00 s]
0.0.B: Trace Attempt  4	[0.00 s]
0.0.N: Trace Attempt  2	[0.00 s]
0.0.B: Trace Attempt  5	[0.00 s]
0.0.N: Trace Attempt  2	[0.00 s]
0.0.N: Trace Attempt  3	[0.00 s]
0.0.N: Trace Attempt  3	[0.00 s]
0.0.N: Trace Attempt  4	[0.00 s]
0.0.N: Trace Attempt  5	[0.00 s]
0.0.N: Trace Attempt  1	[0.01 s]
0.0.N: Trace Attempt  2	[0.01 s]
0.0.N: Trace Attempt  3	[0.01 s]
0.0.N: Validation of fixpoint was successful. Time = 0.00
0.0.N: A proof was found: No trace exists. [0.01 s]
INFO (IPF057): 0.0.N: The property "descrambler.u_descrambler_sva.gen_dout_chk[205]._assert_9" was proven in 0.01 s.
0.0.N: Stopped processing property "descrambler.u_descrambler_sva.gen_dout_chk[205]._assert_9"	[0.01 s].
0.0.N: Starting proof for property "descrambler.u_descrambler_sva.gen_dout_chk[206]._assert_9"	[0.00 s].
0.0.B: Stopped processing property "descrambler.u_descrambler_sva.gen_dout_chk[205]._assert_9"	[0.01 s].
0.0.B: Starting proof for property "descrambler.u_descrambler_sva.gen_dout_chk[206]._assert_9"	[0.00 s].
0.0.B: A max_length bound was found. The shortest trace is no longer than 128 cycles. [0.00 s]
INFO (IPF008): 0.0.B: A max_length bound of 128 was found for the property "descrambler.u_descrambler_sva.gen_dout_chk[206]._assert_9" in 0.00 s.
0.0.B: Trace Attempt  1	[0.00 s]
0.0.B: Trace Attempt  2	[0.00 s]
0.0.B: Trace Attempt  3	[0.00 s]
0.0.B: Trace Attempt  4	[0.00 s]
0.0.N: Trace Attempt  1	[0.00 s]
0.0.B: Trace Attempt  5	[0.00 s]
0.0.N: Trace Attempt  2	[0.00 s]
0.0.N: Trace Attempt  2	[0.00 s]
0.0.N: Trace Attempt  3	[0.00 s]
0.0.N: Trace Attempt  3	[0.00 s]
0.0.N: Trace Attempt  4	[0.00 s]
0.0.N: Trace Attempt  5	[0.00 s]
0.0.N: Trace Attempt  1	[0.01 s]
0.0.N: Trace Attempt  2	[0.01 s]
0.0.N: Trace Attempt  3	[0.01 s]
0.0.N: Validation of fixpoint was successful. Time = 0.00
0.0.N: A proof was found: No trace exists. [0.01 s]
INFO (IPF057): 0.0.N: The property "descrambler.u_descrambler_sva.gen_dout_chk[206]._assert_9" was proven in 0.01 s.
0.0.B: Stopped processing property "descrambler.u_descrambler_sva.gen_dout_chk[206]._assert_9"	[0.01 s].
0.0.B: Starting proof for property "descrambler.u_descrambler_sva.gen_dout_chk[207]._assert_9"	[0.00 s].
0.0.N: Stopped processing property "descrambler.u_descrambler_sva.gen_dout_chk[206]._assert_9"	[0.01 s].
0.0.N: Starting proof for property "descrambler.u_descrambler_sva.gen_dout_chk[207]._assert_9"	[0.00 s].
0.0.B: A max_length bound was found. The shortest trace is no longer than 128 cycles. [0.00 s]
INFO (IPF008): 0.0.B: A max_length bound of 128 was found for the property "descrambler.u_descrambler_sva.gen_dout_chk[207]._assert_9" in 0.00 s.
0.0.B: Trace Attempt  1	[0.00 s]
0.0.B: Trace Attempt  2	[0.00 s]
0.0.B: Trace Attempt  3	[0.00 s]
0.0.B: Trace Attempt  4	[0.00 s]
0.0.B: Trace Attempt  5	[0.00 s]
0.0.N: Trace Attempt  1	[0.00 s]
0.0.N: Trace Attempt  2	[0.00 s]
0.0.N: Trace Attempt  2	[0.00 s]
0.0.N: Trace Attempt  3	[0.00 s]
0.0.N: Trace Attempt  3	[0.00 s]
0.0.N: Trace Attempt  4	[0.00 s]
0.0.N: Trace Attempt  5	[0.00 s]
0.0.N: Trace Attempt  1	[0.01 s]
0.0.N: Trace Attempt  2	[0.01 s]
0.0.N: Trace Attempt  3	[0.01 s]
0.0.N: Validation of fixpoint was successful. Time = 0.00
0.0.N: A proof was found: No trace exists. [0.01 s]
INFO (IPF057): 0.0.N: The property "descrambler.u_descrambler_sva.gen_dout_chk[207]._assert_9" was proven in 0.01 s.
0.0.N: Stopped processing property "descrambler.u_descrambler_sva.gen_dout_chk[207]._assert_9"	[0.01 s].
0.0.N: Starting proof for property "descrambler.u_descrambler_sva.gen_dout_chk[208]._assert_9"	[0.00 s].
0.0.B: Stopped processing property "descrambler.u_descrambler_sva.gen_dout_chk[207]._assert_9"	[0.01 s].
0.0.B: Starting proof for property "descrambler.u_descrambler_sva.gen_dout_chk[208]._assert_9"	[0.00 s].
0.0.B: A max_length bound was found. The shortest trace is no longer than 128 cycles. [0.00 s]
INFO (IPF008): 0.0.B: A max_length bound of 128 was found for the property "descrambler.u_descrambler_sva.gen_dout_chk[208]._assert_9" in 0.00 s.
0.0.B: Trace Attempt  1	[0.00 s]
0.0.B: Trace Attempt  2	[0.00 s]
0.0.B: Trace Attempt  3	[0.00 s]
0.0.N: Trace Attempt  1	[0.00 s]
0.0.B: Trace Attempt  4	[0.00 s]
0.0.B: Trace Attempt  5	[0.00 s]
0.0.N: Trace Attempt  2	[0.00 s]
0.0.N: Trace Attempt  2	[0.00 s]
0.0.N: Trace Attempt  3	[0.00 s]
0.0.N: Trace Attempt  3	[0.00 s]
0.0.N: Trace Attempt  4	[0.00 s]
0.0.N: Trace Attempt  5	[0.00 s]
0.0.N: Trace Attempt  1	[0.01 s]
0.0.N: Trace Attempt  2	[0.01 s]
0.0.N: Trace Attempt  3	[0.01 s]
0.0.N: Validation of fixpoint was successful. Time = 0.00
0.0.N: A proof was found: No trace exists. [0.01 s]
INFO (IPF057): 0.0.N: The property "descrambler.u_descrambler_sva.gen_dout_chk[208]._assert_9" was proven in 0.01 s.
0.0.N: Stopped processing property "descrambler.u_descrambler_sva.gen_dout_chk[208]._assert_9"	[0.01 s].
0.0.N: Starting proof for property "descrambler.u_descrambler_sva.gen_dout_chk[209]._assert_9"	[0.00 s].
0.0.B: Stopped processing property "descrambler.u_descrambler_sva.gen_dout_chk[208]._assert_9"	[0.01 s].
0.0.B: Starting proof for property "descrambler.u_descrambler_sva.gen_dout_chk[209]._assert_9"	[0.00 s].
0.0.B: A max_length bound was found. The shortest trace is no longer than 128 cycles. [0.00 s]
INFO (IPF008): 0.0.B: A max_length bound of 128 was found for the property "descrambler.u_descrambler_sva.gen_dout_chk[209]._assert_9" in 0.00 s.
0.0.B: Trace Attempt  1	[0.00 s]
0.0.B: Trace Attempt  2	[0.00 s]
0.0.B: Trace Attempt  3	[0.00 s]
0.0.B: Trace Attempt  4	[0.00 s]
0.0.N: Trace Attempt  1	[0.00 s]
0.0.B: Trace Attempt  5	[0.00 s]
0.0.N: Trace Attempt  2	[0.00 s]
0.0.N: Trace Attempt  2	[0.00 s]
0.0.N: Trace Attempt  3	[0.00 s]
0.0.N: Trace Attempt  3	[0.00 s]
0.0.N: Trace Attempt  4	[0.00 s]
0.0.N: Trace Attempt  5	[0.00 s]
0.0.N: Trace Attempt  1	[0.01 s]
0.0.N: Trace Attempt  2	[0.01 s]
0.0.N: Trace Attempt  3	[0.01 s]
0.0.N: Validation of fixpoint was successful. Time = 0.00
0.0.N: A proof was found: No trace exists. [0.01 s]
INFO (IPF057): 0.0.N: The property "descrambler.u_descrambler_sva.gen_dout_chk[209]._assert_9" was proven in 0.01 s.
0.0.N: Stopped processing property "descrambler.u_descrambler_sva.gen_dout_chk[209]._assert_9"	[0.01 s].
0.0.N: Starting proof for property "descrambler.u_descrambler_sva.gen_dout_chk[210]._assert_9"	[0.00 s].
0.0.B: Stopped processing property "descrambler.u_descrambler_sva.gen_dout_chk[209]._assert_9"	[0.01 s].
0.0.B: Starting proof for property "descrambler.u_descrambler_sva.gen_dout_chk[210]._assert_9"	[0.00 s].
0.0.B: A max_length bound was found. The shortest trace is no longer than 128 cycles. [0.00 s]
INFO (IPF008): 0.0.B: A max_length bound of 128 was found for the property "descrambler.u_descrambler_sva.gen_dout_chk[210]._assert_9" in 0.00 s.
0.0.B: Trace Attempt  1	[0.00 s]
0.0.B: Trace Attempt  2	[0.00 s]
0.0.B: Trace Attempt  3	[0.00 s]
0.0.B: Trace Attempt  4	[0.00 s]
0.0.N: Trace Attempt  1	[0.00 s]
0.0.B: Trace Attempt  5	[0.00 s]
0.0.N: Trace Attempt  2	[0.00 s]
0.0.N: Trace Attempt  2	[0.00 s]
0.0.N: Trace Attempt  3	[0.00 s]
0.0.N: Trace Attempt  3	[0.00 s]
0.0.N: Trace Attempt  4	[0.00 s]
0.0.N: Trace Attempt  5	[0.00 s]
0.0.N: Trace Attempt  1	[0.01 s]
0.0.N: Trace Attempt  2	[0.01 s]
0.0.N: Trace Attempt  3	[0.01 s]
0.0.N: Validation of fixpoint was successful. Time = 0.00
0.0.N: A proof was found: No trace exists. [0.01 s]
INFO (IPF057): 0.0.N: The property "descrambler.u_descrambler_sva.gen_dout_chk[210]._assert_9" was proven in 0.01 s.
0.0.N: Stopped processing property "descrambler.u_descrambler_sva.gen_dout_chk[210]._assert_9"	[0.01 s].
0.0.B: Stopped processing property "descrambler.u_descrambler_sva.gen_dout_chk[210]._assert_9"	[0.00 s].
0.0.B: Starting proof for property "descrambler.u_descrambler_sva.gen_dout_chk[211]._assert_9"	[0.00 s].
0.0.N: Starting proof for property "descrambler.u_descrambler_sva.gen_dout_chk[211]._assert_9"	[0.00 s].
0.0.B: A max_length bound was found. The shortest trace is no longer than 128 cycles. [0.00 s]
INFO (IPF008): 0.0.B: A max_length bound of 128 was found for the property "descrambler.u_descrambler_sva.gen_dout_chk[211]._assert_9" in 0.00 s.
0.0.B: Trace Attempt  1	[0.00 s]
0.0.B: Trace Attempt  2	[0.00 s]
0.0.B: Trace Attempt  3	[0.00 s]
0.0.B: Trace Attempt  4	[0.00 s]
0.0.N: Trace Attempt  1	[0.00 s]
0.0.B: Trace Attempt  5	[0.00 s]
0.0.N: Trace Attempt  2	[0.00 s]
0.0.N: Trace Attempt  2	[0.00 s]
0.0.N: Trace Attempt  3	[0.00 s]
0.0.N: Trace Attempt  3	[0.00 s]
0.0.N: Trace Attempt  4	[0.00 s]
0.0.N: Trace Attempt  5	[0.00 s]
0.0.N: Trace Attempt  1	[0.01 s]
0.0.N: Trace Attempt  2	[0.01 s]
0.0.N: Trace Attempt  3	[0.01 s]
0.0.N: Validation of fixpoint was successful. Time = 0.00
0.0.N: A proof was found: No trace exists. [0.01 s]
INFO (IPF057): 0.0.N: The property "descrambler.u_descrambler_sva.gen_dout_chk[211]._assert_9" was proven in 0.01 s.
0.0.N: Stopped processing property "descrambler.u_descrambler_sva.gen_dout_chk[211]._assert_9"	[0.01 s].
0.0.N: Starting proof for property "descrambler.u_descrambler_sva.gen_dout_chk[212]._assert_9"	[0.00 s].
0.0.B: Stopped processing property "descrambler.u_descrambler_sva.gen_dout_chk[211]._assert_9"	[0.01 s].
0.0.B: Starting proof for property "descrambler.u_descrambler_sva.gen_dout_chk[212]._assert_9"	[0.00 s].
0.0.B: A max_length bound was found. The shortest trace is no longer than 128 cycles. [0.00 s]
INFO (IPF008): 0.0.B: A max_length bound of 128 was found for the property "descrambler.u_descrambler_sva.gen_dout_chk[212]._assert_9" in 0.00 s.
0.0.B: Trace Attempt  1	[0.00 s]
0.0.B: Trace Attempt  2	[0.00 s]
0.0.B: Trace Attempt  3	[0.00 s]
0.0.N: Trace Attempt  1	[0.00 s]
0.0.B: Trace Attempt  4	[0.00 s]
0.0.B: Trace Attempt  5	[0.00 s]
0.0.N: Trace Attempt  2	[0.00 s]
0.0.N: Trace Attempt  2	[0.00 s]
0.0.N: Trace Attempt  3	[0.00 s]
0.0.N: Trace Attempt  3	[0.00 s]
0.0.N: Trace Attempt  4	[0.00 s]
0.0.N: Trace Attempt  5	[0.00 s]
0.0.N: Trace Attempt  1	[0.01 s]
0.0.N: Trace Attempt  2	[0.01 s]
0.0.N: Trace Attempt  3	[0.01 s]
0.0.N: Validation of fixpoint was successful. Time = 0.00
0.0.N: A proof was found: No trace exists. [0.01 s]
INFO (IPF057): 0.0.N: The property "descrambler.u_descrambler_sva.gen_dout_chk[212]._assert_9" was proven in 0.01 s.
0.0.N: Stopped processing property "descrambler.u_descrambler_sva.gen_dout_chk[212]._assert_9"	[0.01 s].
0.0.N: Starting proof for property "descrambler.u_descrambler_sva.gen_dout_chk[213]._assert_9"	[0.00 s].
0.0.B: Stopped processing property "descrambler.u_descrambler_sva.gen_dout_chk[212]._assert_9"	[0.01 s].
0.0.B: Starting proof for property "descrambler.u_descrambler_sva.gen_dout_chk[213]._assert_9"	[0.00 s].
0.0.B: A max_length bound was found. The shortest trace is no longer than 128 cycles. [0.00 s]
INFO (IPF008): 0.0.B: A max_length bound of 128 was found for the property "descrambler.u_descrambler_sva.gen_dout_chk[213]._assert_9" in 0.00 s.
0.0.B: Trace Attempt  1	[0.00 s]
0.0.B: Trace Attempt  2	[0.00 s]
0.0.B: Trace Attempt  3	[0.00 s]
0.0.B: Trace Attempt  4	[0.00 s]
0.0.N: Trace Attempt  1	[0.00 s]
0.0.B: Trace Attempt  5	[0.00 s]
0.0.N: Trace Attempt  2	[0.00 s]
0.0.N: Trace Attempt  2	[0.00 s]
0.0.N: Trace Attempt  3	[0.00 s]
0.0.N: Trace Attempt  3	[0.00 s]
0.0.N: Trace Attempt  4	[0.00 s]
0.0.N: Trace Attempt  5	[0.00 s]
0.0.N: Trace Attempt  1	[0.01 s]
0.0.N: Trace Attempt  2	[0.01 s]
0.0.N: Trace Attempt  3	[0.01 s]
0.0.N: Validation of fixpoint was successful. Time = 0.00
0.0.N: A proof was found: No trace exists. [0.01 s]
INFO (IPF057): 0.0.N: The property "descrambler.u_descrambler_sva.gen_dout_chk[213]._assert_9" was proven in 0.01 s.
0.0.N: Stopped processing property "descrambler.u_descrambler_sva.gen_dout_chk[213]._assert_9"	[0.01 s].
0.0.N: Starting proof for property "descrambler.u_descrambler_sva.gen_dout_chk[214]._assert_9"	[0.00 s].
0.0.B: Stopped processing property "descrambler.u_descrambler_sva.gen_dout_chk[213]._assert_9"	[0.01 s].
0.0.B: Starting proof for property "descrambler.u_descrambler_sva.gen_dout_chk[214]._assert_9"	[0.00 s].
0.0.B: A max_length bound was found. The shortest trace is no longer than 128 cycles. [0.00 s]
INFO (IPF008): 0.0.B: A max_length bound of 128 was found for the property "descrambler.u_descrambler_sva.gen_dout_chk[214]._assert_9" in 0.00 s.
0.0.B: Trace Attempt  1	[0.00 s]
0.0.B: Trace Attempt  2	[0.00 s]
0.0.B: Trace Attempt  3	[0.00 s]
0.0.B: Trace Attempt  4	[0.00 s]
0.0.N: Trace Attempt  1	[0.00 s]
0.0.B: Trace Attempt  5	[0.00 s]
0.0.N: Trace Attempt  2	[0.00 s]
0.0.N: Trace Attempt  2	[0.00 s]
0.0.N: Trace Attempt  3	[0.00 s]
0.0.N: Trace Attempt  3	[0.00 s]
0.0.N: Trace Attempt  4	[0.00 s]
0.0.N: Trace Attempt  5	[0.00 s]
0.0.N: Trace Attempt  1	[0.01 s]
0.0.N: Trace Attempt  2	[0.01 s]
0.0.N: Trace Attempt  3	[0.01 s]
0.0.N: Validation of fixpoint was successful. Time = 0.00
0.0.N: A proof was found: No trace exists. [0.01 s]
INFO (IPF057): 0.0.N: The property "descrambler.u_descrambler_sva.gen_dout_chk[214]._assert_9" was proven in 0.01 s.
0.0.N: Stopped processing property "descrambler.u_descrambler_sva.gen_dout_chk[214]._assert_9"	[0.01 s].
0.0.N: Starting proof for property "descrambler.u_descrambler_sva.gen_dout_chk[215]._assert_9"	[0.00 s].
0.0.B: Stopped processing property "descrambler.u_descrambler_sva.gen_dout_chk[214]._assert_9"	[0.01 s].
0.0.B: Starting proof for property "descrambler.u_descrambler_sva.gen_dout_chk[215]._assert_9"	[0.00 s].
0.0.B: A max_length bound was found. The shortest trace is no longer than 128 cycles. [0.00 s]
INFO (IPF008): 0.0.B: A max_length bound of 128 was found for the property "descrambler.u_descrambler_sva.gen_dout_chk[215]._assert_9" in 0.00 s.
0.0.B: Trace Attempt  1	[0.00 s]
0.0.B: Trace Attempt  2	[0.00 s]
0.0.B: Trace Attempt  3	[0.00 s]
0.0.N: Trace Attempt  1	[0.00 s]
0.0.B: Trace Attempt  4	[0.00 s]
0.0.B: Trace Attempt  5	[0.00 s]
0.0.N: Trace Attempt  2	[0.00 s]
0.0.N: Trace Attempt  2	[0.00 s]
0.0.N: Trace Attempt  3	[0.00 s]
0.0.N: Trace Attempt  3	[0.00 s]
0.0.N: Trace Attempt  4	[0.00 s]
0.0.N: Trace Attempt  5	[0.00 s]
0.0.N: Trace Attempt  1	[0.00 s]
0.0.N: Trace Attempt  2	[0.01 s]
0.0.N: Trace Attempt  3	[0.01 s]
0.0.N: Validation of fixpoint was successful. Time = 0.00
0.0.N: A proof was found: No trace exists. [0.01 s]
INFO (IPF057): 0.0.N: The property "descrambler.u_descrambler_sva.gen_dout_chk[215]._assert_9" was proven in 0.01 s.
0.0.N: Stopped processing property "descrambler.u_descrambler_sva.gen_dout_chk[215]._assert_9"	[0.01 s].
0.0.N: Starting proof for property "descrambler.u_descrambler_sva.gen_dout_chk[216]._assert_9"	[0.00 s].
0.0.B: Stopped processing property "descrambler.u_descrambler_sva.gen_dout_chk[215]._assert_9"	[0.01 s].
0.0.B: Starting proof for property "descrambler.u_descrambler_sva.gen_dout_chk[216]._assert_9"	[0.00 s].
0.0.B: A max_length bound was found. The shortest trace is no longer than 128 cycles. [0.00 s]
INFO (IPF008): 0.0.B: A max_length bound of 128 was found for the property "descrambler.u_descrambler_sva.gen_dout_chk[216]._assert_9" in 0.00 s.
0.0.B: Trace Attempt  1	[0.00 s]
0.0.B: Trace Attempt  2	[0.00 s]
0.0.N: Trace Attempt  1	[0.00 s]
0.0.B: Trace Attempt  3	[0.00 s]
0.0.B: Trace Attempt  4	[0.00 s]
0.0.B: Trace Attempt  5	[0.00 s]
0.0.N: Trace Attempt  2	[0.00 s]
0.0.N: Trace Attempt  2	[0.00 s]
0.0.N: Trace Attempt  3	[0.00 s]
0.0.N: Trace Attempt  3	[0.00 s]
0.0.N: Trace Attempt  4	[0.00 s]
0.0.N: Trace Attempt  5	[0.00 s]
0.0.N: Trace Attempt  1	[0.00 s]
0.0.N: Trace Attempt  2	[0.00 s]
0.0.N: Trace Attempt  3	[0.01 s]
0.0.N: Validation of fixpoint was successful. Time = 0.00
0.0.N: A proof was found: No trace exists. [0.01 s]
INFO (IPF057): 0.0.N: The property "descrambler.u_descrambler_sva.gen_dout_chk[216]._assert_9" was proven in 0.00 s.
0.0.N: Stopped processing property "descrambler.u_descrambler_sva.gen_dout_chk[216]._assert_9"	[0.00 s].
0.0.N: Starting proof for property "descrambler.u_descrambler_sva.gen_dout_chk[217]._assert_9"	[0.00 s].
0.0.B: Stopped processing property "descrambler.u_descrambler_sva.gen_dout_chk[216]._assert_9"	[0.00 s].
0.0.B: Starting proof for property "descrambler.u_descrambler_sva.gen_dout_chk[217]._assert_9"	[0.00 s].
0.0.B: A max_length bound was found. The shortest trace is no longer than 128 cycles. [0.00 s]
INFO (IPF008): 0.0.B: A max_length bound of 128 was found for the property "descrambler.u_descrambler_sva.gen_dout_chk[217]._assert_9" in 0.00 s.
0.0.B: Trace Attempt  1	[0.00 s]
0.0.B: Trace Attempt  2	[0.00 s]
0.0.B: Trace Attempt  3	[0.00 s]
0.0.B: Trace Attempt  4	[0.00 s]
0.0.N: Trace Attempt  1	[0.00 s]
0.0.B: Trace Attempt  5	[0.00 s]
0.0.N: Trace Attempt  2	[0.00 s]
0.0.N: Trace Attempt  2	[0.00 s]
0.0.N: Trace Attempt  3	[0.00 s]
0.0.N: Trace Attempt  3	[0.00 s]
0.0.N: Trace Attempt  4	[0.00 s]
0.0.N: Trace Attempt  5	[0.00 s]
0.0.N: Trace Attempt  1	[0.01 s]
0.0.N: Trace Attempt  2	[0.01 s]
0.0.N: Trace Attempt  3	[0.01 s]
0.0.N: Validation of fixpoint was successful. Time = 0.00
0.0.N: A proof was found: No trace exists. [0.01 s]
INFO (IPF057): 0.0.N: The property "descrambler.u_descrambler_sva.gen_dout_chk[217]._assert_9" was proven in 0.00 s.
0.0.N: Stopped processing property "descrambler.u_descrambler_sva.gen_dout_chk[217]._assert_9"	[0.01 s].
0.0.N: Starting proof for property "descrambler.u_descrambler_sva.gen_dout_chk[218]._assert_9"	[0.00 s].
0.0.B: Stopped processing property "descrambler.u_descrambler_sva.gen_dout_chk[217]._assert_9"	[0.01 s].
0.0.B: Starting proof for property "descrambler.u_descrambler_sva.gen_dout_chk[218]._assert_9"	[0.00 s].
0.0.B: A max_length bound was found. The shortest trace is no longer than 128 cycles. [0.00 s]
INFO (IPF008): 0.0.B: A max_length bound of 128 was found for the property "descrambler.u_descrambler_sva.gen_dout_chk[218]._assert_9" in 0.00 s.
0.0.B: Trace Attempt  1	[0.00 s]
0.0.B: Trace Attempt  2	[0.00 s]
0.0.B: Trace Attempt  3	[0.00 s]
0.0.N: Trace Attempt  1	[0.00 s]
0.0.B: Trace Attempt  4	[0.00 s]
0.0.B: Trace Attempt  5	[0.00 s]
0.0.N: Trace Attempt  2	[0.00 s]
0.0.N: Trace Attempt  2	[0.00 s]
0.0.N: Trace Attempt  3	[0.00 s]
0.0.N: Trace Attempt  3	[0.00 s]
0.0.N: Trace Attempt  4	[0.00 s]
0.0.N: Trace Attempt  5	[0.00 s]
0.0.N: Trace Attempt  1	[0.01 s]
0.0.N: Trace Attempt  2	[0.01 s]
0.0.N: Trace Attempt  3	[0.01 s]
0.0.N: Validation of fixpoint was successful. Time = 0.00
0.0.N: A proof was found: No trace exists. [0.01 s]
INFO (IPF057): 0.0.N: The property "descrambler.u_descrambler_sva.gen_dout_chk[218]._assert_9" was proven in 0.01 s.
0.0.N: Stopped processing property "descrambler.u_descrambler_sva.gen_dout_chk[218]._assert_9"	[0.01 s].
0.0.N: Starting proof for property "descrambler.u_descrambler_sva.gen_dout_chk[219]._assert_9"	[0.00 s].
0.0.B: Stopped processing property "descrambler.u_descrambler_sva.gen_dout_chk[218]._assert_9"	[0.01 s].
0.0.B: Starting proof for property "descrambler.u_descrambler_sva.gen_dout_chk[219]._assert_9"	[0.00 s].
0.0.B: A max_length bound was found. The shortest trace is no longer than 128 cycles. [0.00 s]
INFO (IPF008): 0.0.B: A max_length bound of 128 was found for the property "descrambler.u_descrambler_sva.gen_dout_chk[219]._assert_9" in 0.00 s.
0.0.B: Trace Attempt  1	[0.00 s]
0.0.B: Trace Attempt  2	[0.00 s]
0.0.B: Trace Attempt  3	[0.00 s]
0.0.B: Trace Attempt  4	[0.00 s]
0.0.N: Trace Attempt  1	[0.00 s]
0.0.B: Trace Attempt  5	[0.00 s]
0.0.N: Trace Attempt  2	[0.00 s]
0.0.N: Trace Attempt  2	[0.00 s]
0.0.N: Trace Attempt  3	[0.00 s]
0.0.N: Trace Attempt  3	[0.00 s]
0.0.N: Trace Attempt  4	[0.00 s]
0.0.N: Trace Attempt  5	[0.00 s]
0.0.N: Trace Attempt  1	[0.00 s]
0.0.N: Trace Attempt  2	[0.01 s]
0.0.N: Trace Attempt  3	[0.01 s]
0.0.N: Validation of fixpoint was successful. Time = 0.00
0.0.N: A proof was found: No trace exists. [0.01 s]
INFO (IPF057): 0.0.N: The property "descrambler.u_descrambler_sva.gen_dout_chk[219]._assert_9" was proven in 0.00 s.
0.0.N: Stopped processing property "descrambler.u_descrambler_sva.gen_dout_chk[219]._assert_9"	[0.00 s].
0.0.B: Stopped processing property "descrambler.u_descrambler_sva.gen_dout_chk[219]._assert_9"	[0.00 s].
0.0.N: Starting proof for property "descrambler.u_descrambler_sva.gen_dout_chk[220]._assert_9"	[0.00 s].
0.0.B: Starting proof for property "descrambler.u_descrambler_sva.gen_dout_chk[220]._assert_9"	[0.00 s].
0.0.B: A max_length bound was found. The shortest trace is no longer than 128 cycles. [0.00 s]
INFO (IPF008): 0.0.B: A max_length bound of 128 was found for the property "descrambler.u_descrambler_sva.gen_dout_chk[220]._assert_9" in 0.00 s.
0.0.B: Trace Attempt  1	[0.00 s]
0.0.B: Trace Attempt  2	[0.00 s]
0.0.B: Trace Attempt  3	[0.00 s]
0.0.B: Trace Attempt  4	[0.00 s]
0.0.B: Trace Attempt  5	[0.00 s]
0.0.N: Trace Attempt  1	[0.00 s]
0.0.N: Trace Attempt  2	[0.00 s]
0.0.N: Trace Attempt  2	[0.00 s]
0.0.N: Trace Attempt  3	[0.00 s]
0.0.N: Trace Attempt  3	[0.00 s]
0.0.N: Trace Attempt  4	[0.00 s]
0.0.N: Trace Attempt  5	[0.00 s]
0.0.N: Trace Attempt  1	[0.01 s]
0.0.N: Trace Attempt  2	[0.01 s]
0.0.N: Trace Attempt  3	[0.01 s]
0.0.N: Validation of fixpoint was successful. Time = 0.00
0.0.N: A proof was found: No trace exists. [0.01 s]
INFO (IPF057): 0.0.N: The property "descrambler.u_descrambler_sva.gen_dout_chk[220]._assert_9" was proven in 0.00 s.
0.0.N: Stopped processing property "descrambler.u_descrambler_sva.gen_dout_chk[220]._assert_9"	[0.01 s].
0.0.N: Starting proof for property "descrambler.u_descrambler_sva.gen_dout_chk[221]._assert_9"	[0.00 s].
0.0.B: Stopped processing property "descrambler.u_descrambler_sva.gen_dout_chk[220]._assert_9"	[0.01 s].
0.0.B: Starting proof for property "descrambler.u_descrambler_sva.gen_dout_chk[221]._assert_9"	[0.00 s].
0.0.B: A max_length bound was found. The shortest trace is no longer than 128 cycles. [0.00 s]
INFO (IPF008): 0.0.B: A max_length bound of 128 was found for the property "descrambler.u_descrambler_sva.gen_dout_chk[221]._assert_9" in 0.00 s.
0.0.B: Trace Attempt  1	[0.00 s]
0.0.B: Trace Attempt  2	[0.00 s]
0.0.B: Trace Attempt  3	[0.00 s]
0.0.N: Trace Attempt  1	[0.00 s]
0.0.B: Trace Attempt  4	[0.00 s]
0.0.B: Trace Attempt  5	[0.00 s]
0.0.N: Trace Attempt  2	[0.00 s]
0.0.N: Trace Attempt  2	[0.00 s]
0.0.N: Trace Attempt  3	[0.00 s]
0.0.N: Trace Attempt  3	[0.00 s]
0.0.N: Trace Attempt  4	[0.00 s]
0.0.N: Trace Attempt  5	[0.00 s]
0.0.N: Trace Attempt  1	[0.01 s]
0.0.N: Trace Attempt  2	[0.01 s]
0.0.N: Trace Attempt  3	[0.01 s]
0.0.N: Validation of fixpoint was successful. Time = 0.00
0.0.N: A proof was found: No trace exists. [0.01 s]
INFO (IPF057): 0.0.N: The property "descrambler.u_descrambler_sva.gen_dout_chk[221]._assert_9" was proven in 0.01 s.
0.0.N: Stopped processing property "descrambler.u_descrambler_sva.gen_dout_chk[221]._assert_9"	[0.01 s].
0.0.N: Starting proof for property "descrambler.u_descrambler_sva.gen_dout_chk[222]._assert_9"	[0.00 s].
0.0.B: Stopped processing property "descrambler.u_descrambler_sva.gen_dout_chk[221]._assert_9"	[0.01 s].
0.0.B: Starting proof for property "descrambler.u_descrambler_sva.gen_dout_chk[222]._assert_9"	[0.00 s].
0.0.B: A max_length bound was found. The shortest trace is no longer than 128 cycles. [0.00 s]
INFO (IPF008): 0.0.B: A max_length bound of 128 was found for the property "descrambler.u_descrambler_sva.gen_dout_chk[222]._assert_9" in 0.00 s.
0.0.B: Trace Attempt  1	[0.00 s]
0.0.B: Trace Attempt  2	[0.00 s]
0.0.B: Trace Attempt  3	[0.00 s]
0.0.B: Trace Attempt  4	[0.00 s]
0.0.N: Trace Attempt  1	[0.00 s]
0.0.B: Trace Attempt  5	[0.00 s]
0.0.N: Trace Attempt  2	[0.00 s]
0.0.N: Trace Attempt  2	[0.00 s]
0.0.N: Trace Attempt  3	[0.00 s]
0.0.N: Trace Attempt  3	[0.00 s]
0.0.N: Trace Attempt  4	[0.00 s]
0.0.N: Trace Attempt  5	[0.00 s]
0.0.N: Trace Attempt  1	[0.01 s]
0.0.N: Trace Attempt  2	[0.01 s]
0.0.N: Trace Attempt  3	[0.01 s]
0.0.N: Validation of fixpoint was successful. Time = 0.00
0.0.N: A proof was found: No trace exists. [0.01 s]
INFO (IPF057): 0.0.N: The property "descrambler.u_descrambler_sva.gen_dout_chk[222]._assert_9" was proven in 0.01 s.
0.0.N: Stopped processing property "descrambler.u_descrambler_sva.gen_dout_chk[222]._assert_9"	[0.01 s].
0.0.N: Starting proof for property "descrambler.u_descrambler_sva.gen_dout_chk[223]._assert_9"	[0.00 s].
0.0.B: Stopped processing property "descrambler.u_descrambler_sva.gen_dout_chk[222]._assert_9"	[0.01 s].
0.0.B: Starting proof for property "descrambler.u_descrambler_sva.gen_dout_chk[223]._assert_9"	[0.00 s].
0.0.B: A max_length bound was found. The shortest trace is no longer than 128 cycles. [0.00 s]
INFO (IPF008): 0.0.B: A max_length bound of 128 was found for the property "descrambler.u_descrambler_sva.gen_dout_chk[223]._assert_9" in 0.00 s.
0.0.B: Trace Attempt  1	[0.00 s]
0.0.B: Trace Attempt  2	[0.00 s]
0.0.N: Trace Attempt  1	[0.00 s]
0.0.B: Trace Attempt  3	[0.00 s]
0.0.B: Trace Attempt  4	[0.00 s]
0.0.B: Trace Attempt  5	[0.00 s]
0.0.N: Trace Attempt  2	[0.00 s]
0.0.N: Trace Attempt  2	[0.00 s]
0.0.N: Trace Attempt  3	[0.00 s]
0.0.N: Trace Attempt  3	[0.00 s]
0.0.N: Trace Attempt  4	[0.00 s]
0.0.N: Trace Attempt  5	[0.00 s]
0.0.N: Trace Attempt  1	[0.01 s]
0.0.N: Trace Attempt  2	[0.01 s]
0.0.N: Trace Attempt  3	[0.01 s]
0.0.N: Validation of fixpoint was successful. Time = 0.00
0.0.N: A proof was found: No trace exists. [0.01 s]
INFO (IPF057): 0.0.N: The property "descrambler.u_descrambler_sva.gen_dout_chk[223]._assert_9" was proven in 0.01 s.
0.0.N: Stopped processing property "descrambler.u_descrambler_sva.gen_dout_chk[223]._assert_9"	[0.01 s].
0.0.N: Starting proof for property "descrambler.u_descrambler_sva.gen_dout_chk[224]._assert_9"	[0.00 s].
0.0.B: Stopped processing property "descrambler.u_descrambler_sva.gen_dout_chk[223]._assert_9"	[0.01 s].
0.0.B: Starting proof for property "descrambler.u_descrambler_sva.gen_dout_chk[224]._assert_9"	[0.00 s].
0.0.B: A max_length bound was found. The shortest trace is no longer than 128 cycles. [0.00 s]
INFO (IPF008): 0.0.B: A max_length bound of 128 was found for the property "descrambler.u_descrambler_sva.gen_dout_chk[224]._assert_9" in 0.00 s.
0.0.B: Trace Attempt  1	[0.00 s]
0.0.B: Trace Attempt  2	[0.00 s]
0.0.B: Trace Attempt  3	[0.00 s]
0.0.B: Trace Attempt  4	[0.00 s]
0.0.N: Trace Attempt  1	[0.00 s]
0.0.B: Trace Attempt  5	[0.00 s]
0.0.N: Trace Attempt  2	[0.00 s]
0.0.N: Trace Attempt  2	[0.00 s]
0.0.N: Trace Attempt  3	[0.00 s]
0.0.N: Trace Attempt  3	[0.00 s]
0.0.N: Trace Attempt  4	[0.00 s]
0.0.N: Trace Attempt  5	[0.00 s]
0.0.N: Trace Attempt  1	[0.01 s]
0.0.N: Trace Attempt  2	[0.01 s]
0.0.N: Trace Attempt  3	[0.01 s]
0.0.N: Validation of fixpoint was successful. Time = 0.00
0.0.N: A proof was found: No trace exists. [0.01 s]
INFO (IPF057): 0.0.N: The property "descrambler.u_descrambler_sva.gen_dout_chk[224]._assert_9" was proven in 0.01 s.
0.0.N: Stopped processing property "descrambler.u_descrambler_sva.gen_dout_chk[224]._assert_9"	[0.01 s].
0.0.N: Starting proof for property "descrambler.u_descrambler_sva.gen_dout_chk[225]._assert_9"	[0.00 s].
0.0.B: Stopped processing property "descrambler.u_descrambler_sva.gen_dout_chk[224]._assert_9"	[0.01 s].
0.0.B: Starting proof for property "descrambler.u_descrambler_sva.gen_dout_chk[225]._assert_9"	[0.00 s].
0.0.B: A max_length bound was found. The shortest trace is no longer than 128 cycles. [0.00 s]
INFO (IPF008): 0.0.B: A max_length bound of 128 was found for the property "descrambler.u_descrambler_sva.gen_dout_chk[225]._assert_9" in 0.00 s.
0.0.B: Trace Attempt  1	[0.00 s]
0.0.B: Trace Attempt  2	[0.00 s]
0.0.N: Trace Attempt  1	[0.00 s]
0.0.B: Trace Attempt  3	[0.00 s]
0.0.B: Trace Attempt  4	[0.00 s]
0.0.B: Trace Attempt  5	[0.00 s]
0.0.N: Trace Attempt  2	[0.00 s]
0.0.N: Trace Attempt  2	[0.00 s]
0.0.N: Trace Attempt  3	[0.00 s]
0.0.N: Trace Attempt  3	[0.00 s]
0.0.N: Trace Attempt  4	[0.00 s]
0.0.N: Trace Attempt  5	[0.00 s]
0.0.N: Trace Attempt  1	[0.01 s]
0.0.N: Trace Attempt  2	[0.01 s]
0.0.N: Trace Attempt  3	[0.01 s]
0.0.N: Validation of fixpoint was successful. Time = 0.00
0.0.N: A proof was found: No trace exists. [0.01 s]
INFO (IPF057): 0.0.N: The property "descrambler.u_descrambler_sva.gen_dout_chk[225]._assert_9" was proven in 0.01 s.
0.0.N: Stopped processing property "descrambler.u_descrambler_sva.gen_dout_chk[225]._assert_9"	[0.01 s].
0.0.N: Starting proof for property "descrambler.u_descrambler_sva.gen_dout_chk[226]._assert_9"	[0.00 s].
0.0.B: Stopped processing property "descrambler.u_descrambler_sva.gen_dout_chk[225]._assert_9"	[0.01 s].
0.0.B: Starting proof for property "descrambler.u_descrambler_sva.gen_dout_chk[226]._assert_9"	[0.00 s].
0.0.B: A max_length bound was found. The shortest trace is no longer than 128 cycles. [0.00 s]
INFO (IPF008): 0.0.B: A max_length bound of 128 was found for the property "descrambler.u_descrambler_sva.gen_dout_chk[226]._assert_9" in 0.00 s.
0.0.B: Trace Attempt  1	[0.00 s]
0.0.B: Trace Attempt  2	[0.00 s]
0.0.B: Trace Attempt  3	[0.00 s]
0.0.B: Trace Attempt  4	[0.00 s]
0.0.N: Trace Attempt  1	[0.00 s]
0.0.B: Trace Attempt  5	[0.00 s]
0.0.N: Trace Attempt  2	[0.00 s]
0.0.N: Trace Attempt  2	[0.00 s]
0.0.N: Trace Attempt  3	[0.00 s]
0.0.N: Trace Attempt  3	[0.00 s]
0.0.N: Trace Attempt  4	[0.00 s]
0.0.N: Trace Attempt  5	[0.00 s]
0.0.N: Trace Attempt  1	[0.01 s]
0.0.N: Trace Attempt  2	[0.01 s]
0.0.N: Trace Attempt  3	[0.01 s]
0.0.N: Validation of fixpoint was successful. Time = 0.00
0.0.N: A proof was found: No trace exists. [0.01 s]
INFO (IPF057): 0.0.N: The property "descrambler.u_descrambler_sva.gen_dout_chk[226]._assert_9" was proven in 0.01 s.
0.0.N: Stopped processing property "descrambler.u_descrambler_sva.gen_dout_chk[226]._assert_9"	[0.01 s].
0.0.N: Starting proof for property "descrambler.u_descrambler_sva.gen_dout_chk[227]._assert_9"	[0.00 s].
0.0.B: Stopped processing property "descrambler.u_descrambler_sva.gen_dout_chk[226]._assert_9"	[0.01 s].
0.0.B: Starting proof for property "descrambler.u_descrambler_sva.gen_dout_chk[227]._assert_9"	[0.00 s].
0.0.B: A max_length bound was found. The shortest trace is no longer than 128 cycles. [0.00 s]
INFO (IPF008): 0.0.B: A max_length bound of 128 was found for the property "descrambler.u_descrambler_sva.gen_dout_chk[227]._assert_9" in 0.00 s.
0.0.B: Trace Attempt  1	[0.00 s]
0.0.B: Trace Attempt  2	[0.00 s]
0.0.B: Trace Attempt  3	[0.00 s]
0.0.B: Trace Attempt  4	[0.00 s]
0.0.N: Trace Attempt  1	[0.00 s]
0.0.B: Trace Attempt  5	[0.00 s]
0.0.N: Trace Attempt  2	[0.00 s]
0.0.N: Trace Attempt  2	[0.00 s]
0.0.N: Trace Attempt  3	[0.00 s]
0.0.N: Trace Attempt  3	[0.00 s]
0.0.N: Trace Attempt  4	[0.00 s]
0.0.N: Trace Attempt  5	[0.00 s]
0.0.N: Trace Attempt  1	[0.01 s]
0.0.N: Trace Attempt  2	[0.01 s]
0.0.N: Trace Attempt  3	[0.01 s]
0.0.N: Validation of fixpoint was successful. Time = 0.00
0.0.N: A proof was found: No trace exists. [0.01 s]
INFO (IPF057): 0.0.N: The property "descrambler.u_descrambler_sva.gen_dout_chk[227]._assert_9" was proven in 0.01 s.
0.0.N: Stopped processing property "descrambler.u_descrambler_sva.gen_dout_chk[227]._assert_9"	[0.01 s].
0.0.N: Starting proof for property "descrambler.u_descrambler_sva.gen_dout_chk[228]._assert_9"	[0.00 s].
0.0.B: Stopped processing property "descrambler.u_descrambler_sva.gen_dout_chk[227]._assert_9"	[0.01 s].
0.0.B: Starting proof for property "descrambler.u_descrambler_sva.gen_dout_chk[228]._assert_9"	[0.00 s].
0.0.B: A max_length bound was found. The shortest trace is no longer than 128 cycles. [0.00 s]
INFO (IPF008): 0.0.B: A max_length bound of 128 was found for the property "descrambler.u_descrambler_sva.gen_dout_chk[228]._assert_9" in 0.00 s.
0.0.B: Trace Attempt  1	[0.00 s]
0.0.N: Trace Attempt  1	[0.00 s]
0.0.B: Trace Attempt  2	[0.00 s]
0.0.B: Trace Attempt  3	[0.00 s]
0.0.B: Trace Attempt  4	[0.00 s]
0.0.N: Trace Attempt  2	[0.00 s]
0.0.B: Trace Attempt  5	[0.00 s]
0.0.N: Trace Attempt  2	[0.00 s]
0.0.N: Trace Attempt  3	[0.00 s]
0.0.N: Trace Attempt  3	[0.00 s]
0.0.N: Trace Attempt  4	[0.00 s]
0.0.N: Trace Attempt  5	[0.00 s]
0.0.N: Trace Attempt  1	[0.01 s]
0.0.N: Trace Attempt  2	[0.01 s]
0.0.N: Trace Attempt  3	[0.01 s]
0.0.N: Validation of fixpoint was successful. Time = 0.00
0.0.N: A proof was found: No trace exists. [0.01 s]
INFO (IPF057): 0.0.N: The property "descrambler.u_descrambler_sva.gen_dout_chk[228]._assert_9" was proven in 0.01 s.
0.0.N: Stopped processing property "descrambler.u_descrambler_sva.gen_dout_chk[228]._assert_9"	[0.01 s].
0.0.N: Starting proof for property "descrambler.u_descrambler_sva.gen_dout_chk[229]._assert_9"	[0.00 s].
0.0.B: Stopped processing property "descrambler.u_descrambler_sva.gen_dout_chk[228]._assert_9"	[0.01 s].
0.0.B: Starting proof for property "descrambler.u_descrambler_sva.gen_dout_chk[229]._assert_9"	[0.00 s].
0.0.B: A max_length bound was found. The shortest trace is no longer than 128 cycles. [0.00 s]
INFO (IPF008): 0.0.B: A max_length bound of 128 was found for the property "descrambler.u_descrambler_sva.gen_dout_chk[229]._assert_9" in 0.00 s.
0.0.B: Trace Attempt  1	[0.00 s]
0.0.B: Trace Attempt  2	[0.00 s]
0.0.B: Trace Attempt  3	[0.00 s]
0.0.B: Trace Attempt  4	[0.00 s]
0.0.N: Trace Attempt  1	[0.00 s]
0.0.B: Trace Attempt  5	[0.00 s]
0.0.N: Trace Attempt  2	[0.00 s]
0.0.N: Trace Attempt  2	[0.00 s]
0.0.N: Trace Attempt  3	[0.00 s]
0.0.N: Trace Attempt  3	[0.00 s]
0.0.N: Trace Attempt  4	[0.00 s]
0.0.N: Trace Attempt  5	[0.00 s]
0.0.N: Trace Attempt  1	[0.01 s]
0.0.N: Trace Attempt  2	[0.01 s]
0.0.N: Trace Attempt  3	[0.01 s]
0.0.N: Validation of fixpoint was successful. Time = 0.00
0.0.N: A proof was found: No trace exists. [0.01 s]
INFO (IPF057): 0.0.N: The property "descrambler.u_descrambler_sva.gen_dout_chk[229]._assert_9" was proven in 0.01 s.
0.0.N: Stopped processing property "descrambler.u_descrambler_sva.gen_dout_chk[229]._assert_9"	[0.01 s].
0.0.N: Starting proof for property "descrambler.u_descrambler_sva.gen_dout_chk[230]._assert_9"	[0.00 s].
0.0.B: Stopped processing property "descrambler.u_descrambler_sva.gen_dout_chk[229]._assert_9"	[0.01 s].
0.0.B: Starting proof for property "descrambler.u_descrambler_sva.gen_dout_chk[230]._assert_9"	[0.00 s].
0.0.B: A max_length bound was found. The shortest trace is no longer than 128 cycles. [0.00 s]
INFO (IPF008): 0.0.B: A max_length bound of 128 was found for the property "descrambler.u_descrambler_sva.gen_dout_chk[230]._assert_9" in 0.00 s.
0.0.B: Trace Attempt  1	[0.00 s]
0.0.B: Trace Attempt  2	[0.00 s]
0.0.B: Trace Attempt  3	[0.00 s]
0.0.B: Trace Attempt  4	[0.00 s]
0.0.N: Trace Attempt  1	[0.00 s]
0.0.B: Trace Attempt  5	[0.00 s]
0.0.N: Trace Attempt  2	[0.00 s]
0.0.N: Trace Attempt  2	[0.00 s]
0.0.N: Trace Attempt  3	[0.00 s]
0.0.N: Trace Attempt  3	[0.00 s]
0.0.N: Trace Attempt  4	[0.00 s]
0.0.N: Trace Attempt  5	[0.00 s]
0.0.N: Trace Attempt  1	[0.01 s]
0.0.N: Trace Attempt  2	[0.01 s]
0.0.N: Trace Attempt  3	[0.01 s]
0.0.N: Validation of fixpoint was successful. Time = 0.00
0.0.N: A proof was found: No trace exists. [0.01 s]
INFO (IPF057): 0.0.N: The property "descrambler.u_descrambler_sva.gen_dout_chk[230]._assert_9" was proven in 0.01 s.
0.0.N: Stopped processing property "descrambler.u_descrambler_sva.gen_dout_chk[230]._assert_9"	[0.01 s].
0.0.N: Starting proof for property "descrambler.u_descrambler_sva.gen_dout_chk[231]._assert_9"	[0.00 s].
0.0.B: Stopped processing property "descrambler.u_descrambler_sva.gen_dout_chk[230]._assert_9"	[0.01 s].
0.0.B: Starting proof for property "descrambler.u_descrambler_sva.gen_dout_chk[231]._assert_9"	[0.00 s].
0.0.B: A max_length bound was found. The shortest trace is no longer than 128 cycles. [0.00 s]
INFO (IPF008): 0.0.B: A max_length bound of 128 was found for the property "descrambler.u_descrambler_sva.gen_dout_chk[231]._assert_9" in 0.00 s.
0.0.B: Trace Attempt  1	[0.00 s]
0.0.B: Trace Attempt  2	[0.00 s]
0.0.B: Trace Attempt  3	[0.00 s]
0.0.N: Trace Attempt  1	[0.00 s]
0.0.B: Trace Attempt  4	[0.00 s]
0.0.B: Trace Attempt  5	[0.00 s]
0.0.N: Trace Attempt  2	[0.00 s]
0.0.N: Trace Attempt  2	[0.00 s]
0.0.N: Trace Attempt  3	[0.00 s]
0.0.N: Trace Attempt  3	[0.00 s]
0.0.N: Trace Attempt  4	[0.00 s]
0.0.N: Trace Attempt  5	[0.00 s]
0.0.N: Trace Attempt  1	[0.01 s]
0.0.N: Trace Attempt  2	[0.01 s]
0.0.N: Trace Attempt  3	[0.01 s]
0.0.N: Validation of fixpoint was successful. Time = 0.00
0.0.N: A proof was found: No trace exists. [0.01 s]
INFO (IPF057): 0.0.N: The property "descrambler.u_descrambler_sva.gen_dout_chk[231]._assert_9" was proven in 0.01 s.
0.0.N: Stopped processing property "descrambler.u_descrambler_sva.gen_dout_chk[231]._assert_9"	[0.01 s].
0.0.N: Starting proof for property "descrambler.u_descrambler_sva.gen_dout_chk[232]._assert_9"	[0.00 s].
0.0.B: Stopped processing property "descrambler.u_descrambler_sva.gen_dout_chk[231]._assert_9"	[0.01 s].
0.0.B: Starting proof for property "descrambler.u_descrambler_sva.gen_dout_chk[232]._assert_9"	[0.00 s].
0.0.B: A max_length bound was found. The shortest trace is no longer than 128 cycles. [0.00 s]
INFO (IPF008): 0.0.B: A max_length bound of 128 was found for the property "descrambler.u_descrambler_sva.gen_dout_chk[232]._assert_9" in 0.00 s.
0.0.B: Trace Attempt  1	[0.00 s]
0.0.B: Trace Attempt  2	[0.00 s]
0.0.B: Trace Attempt  3	[0.00 s]
0.0.N: Trace Attempt  1	[0.00 s]
0.0.B: Trace Attempt  4	[0.00 s]
0.0.B: Trace Attempt  5	[0.00 s]
0.0.N: Trace Attempt  2	[0.00 s]
0.0.N: Trace Attempt  2	[0.00 s]
0.0.N: Trace Attempt  3	[0.00 s]
0.0.N: Trace Attempt  3	[0.00 s]
0.0.N: Trace Attempt  4	[0.00 s]
0.0.N: Trace Attempt  5	[0.00 s]
0.0.N: Trace Attempt  1	[0.01 s]
0.0.N: Trace Attempt  2	[0.01 s]
0.0.N: Trace Attempt  3	[0.01 s]
0.0.N: Validation of fixpoint was successful. Time = 0.00
0.0.N: A proof was found: No trace exists. [0.01 s]
INFO (IPF057): 0.0.N: The property "descrambler.u_descrambler_sva.gen_dout_chk[232]._assert_9" was proven in 0.01 s.
0.0.N: Stopped processing property "descrambler.u_descrambler_sva.gen_dout_chk[232]._assert_9"	[0.01 s].
0.0.N: Starting proof for property "descrambler.u_descrambler_sva.gen_dout_chk[233]._assert_9"	[0.00 s].
0.0.B: Stopped processing property "descrambler.u_descrambler_sva.gen_dout_chk[232]._assert_9"	[0.01 s].
0.0.B: Starting proof for property "descrambler.u_descrambler_sva.gen_dout_chk[233]._assert_9"	[0.00 s].
0.0.B: A max_length bound was found. The shortest trace is no longer than 128 cycles. [0.00 s]
INFO (IPF008): 0.0.B: A max_length bound of 128 was found for the property "descrambler.u_descrambler_sva.gen_dout_chk[233]._assert_9" in 0.00 s.
0.0.B: Trace Attempt  1	[0.00 s]
0.0.B: Trace Attempt  2	[0.00 s]
0.0.B: Trace Attempt  3	[0.00 s]
0.0.N: Trace Attempt  1	[0.00 s]
0.0.B: Trace Attempt  4	[0.00 s]
0.0.B: Trace Attempt  5	[0.00 s]
0.0.N: Trace Attempt  2	[0.00 s]
0.0.N: Trace Attempt  2	[0.00 s]
0.0.N: Trace Attempt  3	[0.00 s]
0.0.N: Trace Attempt  3	[0.00 s]
0.0.N: Trace Attempt  4	[0.00 s]
0.0.N: Trace Attempt  5	[0.00 s]
0.0.N: Trace Attempt  1	[0.01 s]
0.0.N: Trace Attempt  2	[0.01 s]
0.0.N: Trace Attempt  3	[0.01 s]
0.0.N: Validation of fixpoint was successful. Time = 0.00
0.0.N: A proof was found: No trace exists. [0.01 s]
INFO (IPF057): 0.0.N: The property "descrambler.u_descrambler_sva.gen_dout_chk[233]._assert_9" was proven in 0.01 s.
0.0.N: Stopped processing property "descrambler.u_descrambler_sva.gen_dout_chk[233]._assert_9"	[0.01 s].
0.0.N: Starting proof for property "descrambler.u_descrambler_sva.gen_dout_chk[234]._assert_9"	[0.00 s].
0.0.B: Stopped processing property "descrambler.u_descrambler_sva.gen_dout_chk[233]._assert_9"	[0.01 s].
0.0.B: Starting proof for property "descrambler.u_descrambler_sva.gen_dout_chk[234]._assert_9"	[0.00 s].
0.0.B: A max_length bound was found. The shortest trace is no longer than 128 cycles. [0.00 s]
INFO (IPF008): 0.0.B: A max_length bound of 128 was found for the property "descrambler.u_descrambler_sva.gen_dout_chk[234]._assert_9" in 0.00 s.
0.0.B: Trace Attempt  1	[0.00 s]
0.0.B: Trace Attempt  2	[0.00 s]
0.0.B: Trace Attempt  3	[0.00 s]
0.0.B: Trace Attempt  4	[0.00 s]
0.0.N: Trace Attempt  1	[0.00 s]
0.0.B: Trace Attempt  5	[0.00 s]
0.0.N: Trace Attempt  2	[0.00 s]
0.0.N: Trace Attempt  2	[0.00 s]
0.0.N: Trace Attempt  3	[0.00 s]
0.0.N: Trace Attempt  3	[0.00 s]
0.0.N: Trace Attempt  4	[0.00 s]
0.0.N: Trace Attempt  5	[0.00 s]
0.0.N: Trace Attempt  1	[0.01 s]
0.0.N: Trace Attempt  2	[0.01 s]
0.0.N: Trace Attempt  3	[0.01 s]
0.0.N: Validation of fixpoint was successful. Time = 0.00
0.0.N: A proof was found: No trace exists. [0.01 s]
INFO (IPF057): 0.0.N: The property "descrambler.u_descrambler_sva.gen_dout_chk[234]._assert_9" was proven in 0.01 s.
0.0.N: Stopped processing property "descrambler.u_descrambler_sva.gen_dout_chk[234]._assert_9"	[0.01 s].
0.0.N: Starting proof for property "descrambler.u_descrambler_sva.gen_dout_chk[235]._assert_9"	[0.00 s].
0.0.B: Stopped processing property "descrambler.u_descrambler_sva.gen_dout_chk[234]._assert_9"	[0.01 s].
0.0.B: Starting proof for property "descrambler.u_descrambler_sva.gen_dout_chk[235]._assert_9"	[0.00 s].
0.0.B: A max_length bound was found. The shortest trace is no longer than 128 cycles. [0.00 s]
INFO (IPF008): 0.0.B: A max_length bound of 128 was found for the property "descrambler.u_descrambler_sva.gen_dout_chk[235]._assert_9" in 0.00 s.
0.0.B: Trace Attempt  1	[0.00 s]
0.0.B: Trace Attempt  2	[0.00 s]
0.0.B: Trace Attempt  3	[0.00 s]
0.0.B: Trace Attempt  4	[0.00 s]
0.0.N: Trace Attempt  1	[0.00 s]
0.0.B: Trace Attempt  5	[0.00 s]
0.0.N: Trace Attempt  2	[0.00 s]
0.0.N: Trace Attempt  2	[0.00 s]
0.0.N: Trace Attempt  3	[0.00 s]
0.0.N: Trace Attempt  3	[0.00 s]
0.0.N: Trace Attempt  4	[0.00 s]
0.0.N: Trace Attempt  5	[0.00 s]
0.0.N: Trace Attempt  1	[0.01 s]
0.0.N: Trace Attempt  2	[0.01 s]
0.0.N: Trace Attempt  3	[0.01 s]
0.0.N: Validation of fixpoint was successful. Time = 0.00
0.0.N: A proof was found: No trace exists. [0.01 s]
INFO (IPF057): 0.0.N: The property "descrambler.u_descrambler_sva.gen_dout_chk[235]._assert_9" was proven in 0.01 s.
0.0.N: Stopped processing property "descrambler.u_descrambler_sva.gen_dout_chk[235]._assert_9"	[0.01 s].
0.0.N: Starting proof for property "descrambler.u_descrambler_sva.gen_dout_chk[236]._assert_9"	[0.00 s].
0.0.B: Stopped processing property "descrambler.u_descrambler_sva.gen_dout_chk[235]._assert_9"	[0.01 s].
0.0.B: Starting proof for property "descrambler.u_descrambler_sva.gen_dout_chk[236]._assert_9"	[0.00 s].
0.0.B: A max_length bound was found. The shortest trace is no longer than 128 cycles. [0.00 s]
INFO (IPF008): 0.0.B: A max_length bound of 128 was found for the property "descrambler.u_descrambler_sva.gen_dout_chk[236]._assert_9" in 0.00 s.
0.0.B: Trace Attempt  1	[0.00 s]
0.0.B: Trace Attempt  2	[0.00 s]
0.0.B: Trace Attempt  3	[0.00 s]
0.0.B: Trace Attempt  4	[0.00 s]
0.0.N: Trace Attempt  1	[0.00 s]
0.0.B: Trace Attempt  5	[0.00 s]
0.0.N: Trace Attempt  2	[0.00 s]
0.0.N: Trace Attempt  2	[0.00 s]
0.0.N: Trace Attempt  3	[0.00 s]
0.0.N: Trace Attempt  3	[0.00 s]
0.0.N: Trace Attempt  4	[0.00 s]
0.0.N: Trace Attempt  5	[0.00 s]
0.0.N: Trace Attempt  1	[0.01 s]
0.0.N: Trace Attempt  2	[0.01 s]
0.0.N: Trace Attempt  3	[0.01 s]
0.0.N: Validation of fixpoint was successful. Time = 0.00
0.0.N: A proof was found: No trace exists. [0.01 s]
INFO (IPF057): 0.0.N: The property "descrambler.u_descrambler_sva.gen_dout_chk[236]._assert_9" was proven in 0.01 s.
0.0.N: Stopped processing property "descrambler.u_descrambler_sva.gen_dout_chk[236]._assert_9"	[0.01 s].
0.0.N: Starting proof for property "descrambler.u_descrambler_sva.gen_dout_chk[237]._assert_9"	[0.00 s].
0.0.B: Stopped processing property "descrambler.u_descrambler_sva.gen_dout_chk[236]._assert_9"	[0.01 s].
0.0.B: Starting proof for property "descrambler.u_descrambler_sva.gen_dout_chk[237]._assert_9"	[0.00 s].
0.0.B: A max_length bound was found. The shortest trace is no longer than 128 cycles. [0.00 s]
INFO (IPF008): 0.0.B: A max_length bound of 128 was found for the property "descrambler.u_descrambler_sva.gen_dout_chk[237]._assert_9" in 0.00 s.
0.0.B: Trace Attempt  1	[0.00 s]
0.0.B: Trace Attempt  2	[0.00 s]
0.0.B: Trace Attempt  3	[0.00 s]
0.0.B: Trace Attempt  4	[0.00 s]
0.0.N: Trace Attempt  1	[0.00 s]
0.0.B: Trace Attempt  5	[0.00 s]
0.0.N: Trace Attempt  2	[0.00 s]
0.0.N: Trace Attempt  2	[0.00 s]
0.0.N: Trace Attempt  3	[0.00 s]
0.0.N: Trace Attempt  3	[0.00 s]
0.0.N: Trace Attempt  4	[0.00 s]
0.0.N: Trace Attempt  5	[0.00 s]
0.0.N: Trace Attempt  1	[0.01 s]
0.0.N: Trace Attempt  2	[0.01 s]
0.0.N: Trace Attempt  3	[0.01 s]
0.0.N: Validation of fixpoint was successful. Time = 0.00
0.0.N: A proof was found: No trace exists. [0.01 s]
INFO (IPF057): 0.0.N: The property "descrambler.u_descrambler_sva.gen_dout_chk[237]._assert_9" was proven in 0.01 s.
0.0.N: Stopped processing property "descrambler.u_descrambler_sva.gen_dout_chk[237]._assert_9"	[0.01 s].
0.0.N: Starting proof for property "descrambler.u_descrambler_sva.gen_dout_chk[238]._assert_9"	[0.00 s].
0.0.B: Stopped processing property "descrambler.u_descrambler_sva.gen_dout_chk[237]._assert_9"	[0.01 s].
0.0.B: Starting proof for property "descrambler.u_descrambler_sva.gen_dout_chk[238]._assert_9"	[0.00 s].
0.0.B: A max_length bound was found. The shortest trace is no longer than 128 cycles. [0.00 s]
INFO (IPF008): 0.0.B: A max_length bound of 128 was found for the property "descrambler.u_descrambler_sva.gen_dout_chk[238]._assert_9" in 0.00 s.
0.0.B: Trace Attempt  1	[0.00 s]
0.0.B: Trace Attempt  2	[0.00 s]
0.0.B: Trace Attempt  3	[0.00 s]
0.0.B: Trace Attempt  4	[0.00 s]
0.0.N: Trace Attempt  1	[0.00 s]
0.0.B: Trace Attempt  5	[0.00 s]
0.0.N: Trace Attempt  2	[0.00 s]
0.0.N: Trace Attempt  2	[0.00 s]
0.0.N: Trace Attempt  3	[0.00 s]
0.0.N: Trace Attempt  3	[0.00 s]
0.0.N: Trace Attempt  4	[0.00 s]
0.0.N: Trace Attempt  5	[0.00 s]
0.0.N: Trace Attempt  1	[0.01 s]
0.0.N: Trace Attempt  2	[0.01 s]
0.0.N: Trace Attempt  3	[0.01 s]
0.0.N: Validation of fixpoint was successful. Time = 0.00
0.0.N: A proof was found: No trace exists. [0.01 s]
INFO (IPF057): 0.0.N: The property "descrambler.u_descrambler_sva.gen_dout_chk[238]._assert_9" was proven in 0.01 s.
0.0.N: Stopped processing property "descrambler.u_descrambler_sva.gen_dout_chk[238]._assert_9"	[0.01 s].
0.0.N: Starting proof for property "descrambler.u_descrambler_sva.gen_dout_chk[239]._assert_9"	[0.00 s].
0.0.B: Stopped processing property "descrambler.u_descrambler_sva.gen_dout_chk[238]._assert_9"	[0.01 s].
0.0.B: Starting proof for property "descrambler.u_descrambler_sva.gen_dout_chk[239]._assert_9"	[0.00 s].
0.0.B: A max_length bound was found. The shortest trace is no longer than 128 cycles. [0.00 s]
INFO (IPF008): 0.0.B: A max_length bound of 128 was found for the property "descrambler.u_descrambler_sva.gen_dout_chk[239]._assert_9" in 0.00 s.
0.0.B: Trace Attempt  1	[0.00 s]
0.0.B: Trace Attempt  2	[0.00 s]
0.0.N: Trace Attempt  1	[0.00 s]
0.0.B: Trace Attempt  3	[0.00 s]
0.0.B: Trace Attempt  4	[0.00 s]
0.0.B: Trace Attempt  5	[0.00 s]
0.0.N: Trace Attempt  2	[0.00 s]
0.0.N: Trace Attempt  2	[0.00 s]
0.0.N: Trace Attempt  3	[0.00 s]
0.0.N: Trace Attempt  3	[0.00 s]
0.0.N: Trace Attempt  4	[0.00 s]
0.0.N: Trace Attempt  5	[0.00 s]
0.0.N: Trace Attempt  1	[0.01 s]
0.0.N: Trace Attempt  2	[0.01 s]
0.0.N: Trace Attempt  3	[0.01 s]
0.0.N: Validation of fixpoint was successful. Time = 0.00
0.0.N: A proof was found: No trace exists. [0.01 s]
INFO (IPF057): 0.0.N: The property "descrambler.u_descrambler_sva.gen_dout_chk[239]._assert_9" was proven in 0.01 s.
0.0.N: Stopped processing property "descrambler.u_descrambler_sva.gen_dout_chk[239]._assert_9"	[0.01 s].
0.0.N: Starting proof for property "descrambler.u_descrambler_sva.gen_dout_chk[240]._assert_9"	[0.00 s].
0.0.B: Stopped processing property "descrambler.u_descrambler_sva.gen_dout_chk[239]._assert_9"	[0.01 s].
0.0.B: Starting proof for property "descrambler.u_descrambler_sva.gen_dout_chk[240]._assert_9"	[0.00 s].
0.0.B: A max_length bound was found. The shortest trace is no longer than 128 cycles. [0.00 s]
INFO (IPF008): 0.0.B: A max_length bound of 128 was found for the property "descrambler.u_descrambler_sva.gen_dout_chk[240]._assert_9" in 0.00 s.
0.0.B: Trace Attempt  1	[0.00 s]
0.0.B: Trace Attempt  2	[0.00 s]
0.0.N: Trace Attempt  1	[0.00 s]
0.0.B: Trace Attempt  3	[0.00 s]
0.0.B: Trace Attempt  4	[0.00 s]
0.0.B: Trace Attempt  5	[0.00 s]
0.0.N: Trace Attempt  2	[0.00 s]
0.0.N: Trace Attempt  2	[0.00 s]
0.0.N: Trace Attempt  3	[0.00 s]
0.0.N: Trace Attempt  3	[0.00 s]
0.0.N: Trace Attempt  4	[0.00 s]
0.0.N: Trace Attempt  5	[0.00 s]
0.0.N: Trace Attempt  1	[0.01 s]
0.0.N: Trace Attempt  2	[0.01 s]
0.0.N: Trace Attempt  3	[0.01 s]
0.0.N: Validation of fixpoint was successful. Time = 0.00
0.0.N: A proof was found: No trace exists. [0.01 s]
INFO (IPF057): 0.0.N: The property "descrambler.u_descrambler_sva.gen_dout_chk[240]._assert_9" was proven in 0.01 s.
0.0.N: Stopped processing property "descrambler.u_descrambler_sva.gen_dout_chk[240]._assert_9"	[0.01 s].
0.0.N: Starting proof for property "descrambler.u_descrambler_sva.gen_dout_chk[241]._assert_9"	[0.00 s].
0.0.B: Stopped processing property "descrambler.u_descrambler_sva.gen_dout_chk[240]._assert_9"	[0.01 s].
0.0.B: Starting proof for property "descrambler.u_descrambler_sva.gen_dout_chk[241]._assert_9"	[0.00 s].
0.0.B: A max_length bound was found. The shortest trace is no longer than 128 cycles. [0.00 s]
INFO (IPF008): 0.0.B: A max_length bound of 128 was found for the property "descrambler.u_descrambler_sva.gen_dout_chk[241]._assert_9" in 0.00 s.
0.0.B: Trace Attempt  1	[0.00 s]
0.0.B: Trace Attempt  2	[0.00 s]
0.0.B: Trace Attempt  3	[0.00 s]
0.0.B: Trace Attempt  4	[0.00 s]
0.0.N: Trace Attempt  1	[0.00 s]
0.0.B: Trace Attempt  5	[0.00 s]
0.0.N: Trace Attempt  2	[0.00 s]
0.0.N: Trace Attempt  2	[0.00 s]
0.0.N: Trace Attempt  3	[0.00 s]
0.0.N: Trace Attempt  3	[0.00 s]
0.0.N: Trace Attempt  4	[0.00 s]
0.0.N: Trace Attempt  5	[0.00 s]
0.0.N: Trace Attempt  1	[0.01 s]
0.0.N: Trace Attempt  2	[0.01 s]
0.0.N: Trace Attempt  3	[0.01 s]
0.0.N: Validation of fixpoint was successful. Time = 0.00
0.0.N: A proof was found: No trace exists. [0.01 s]
INFO (IPF057): 0.0.N: The property "descrambler.u_descrambler_sva.gen_dout_chk[241]._assert_9" was proven in 0.01 s.
0.0.N: Stopped processing property "descrambler.u_descrambler_sva.gen_dout_chk[241]._assert_9"	[0.01 s].
0.0.N: Starting proof for property "descrambler.u_descrambler_sva.gen_dout_chk[242]._assert_9"	[0.00 s].
0.0.B: Stopped processing property "descrambler.u_descrambler_sva.gen_dout_chk[241]._assert_9"	[0.01 s].
0.0.B: Starting proof for property "descrambler.u_descrambler_sva.gen_dout_chk[242]._assert_9"	[0.00 s].
0.0.B: A max_length bound was found. The shortest trace is no longer than 128 cycles. [0.00 s]
INFO (IPF008): 0.0.B: A max_length bound of 128 was found for the property "descrambler.u_descrambler_sva.gen_dout_chk[242]._assert_9" in 0.00 s.
0.0.B: Trace Attempt  1	[0.00 s]
0.0.B: Trace Attempt  2	[0.00 s]
0.0.B: Trace Attempt  3	[0.00 s]
0.0.B: Trace Attempt  4	[0.00 s]
0.0.N: Trace Attempt  1	[0.00 s]
0.0.B: Trace Attempt  5	[0.00 s]
0.0.N: Trace Attempt  2	[0.00 s]
0.0.N: Trace Attempt  2	[0.00 s]
0.0.N: Trace Attempt  3	[0.00 s]
0.0.N: Trace Attempt  3	[0.00 s]
0.0.N: Trace Attempt  4	[0.00 s]
0.0.N: Trace Attempt  5	[0.00 s]
0.0.N: Trace Attempt  1	[0.01 s]
0.0.N: Trace Attempt  2	[0.01 s]
0.0.N: Trace Attempt  3	[0.01 s]
0.0.N: Validation of fixpoint was successful. Time = 0.00
0.0.N: A proof was found: No trace exists. [0.01 s]
INFO (IPF057): 0.0.N: The property "descrambler.u_descrambler_sva.gen_dout_chk[242]._assert_9" was proven in 0.01 s.
0.0.N: Stopped processing property "descrambler.u_descrambler_sva.gen_dout_chk[242]._assert_9"	[0.01 s].
0.0.N: Starting proof for property "descrambler.u_descrambler_sva.gen_dout_chk[243]._assert_9"	[0.00 s].
0.0.B: Stopped processing property "descrambler.u_descrambler_sva.gen_dout_chk[242]._assert_9"	[0.01 s].
0.0.B: Starting proof for property "descrambler.u_descrambler_sva.gen_dout_chk[243]._assert_9"	[0.00 s].
0.0.B: A max_length bound was found. The shortest trace is no longer than 128 cycles. [0.00 s]
INFO (IPF008): 0.0.B: A max_length bound of 128 was found for the property "descrambler.u_descrambler_sva.gen_dout_chk[243]._assert_9" in 0.00 s.
0.0.B: Trace Attempt  1	[0.00 s]
0.0.B: Trace Attempt  2	[0.00 s]
0.0.B: Trace Attempt  3	[0.00 s]
0.0.B: Trace Attempt  4	[0.00 s]
0.0.N: Trace Attempt  1	[0.00 s]
0.0.B: Trace Attempt  5	[0.00 s]
0.0.N: Trace Attempt  2	[0.00 s]
0.0.N: Trace Attempt  2	[0.00 s]
0.0.N: Trace Attempt  3	[0.00 s]
0.0.N: Trace Attempt  3	[0.00 s]
0.0.N: Trace Attempt  4	[0.00 s]
0.0.N: Trace Attempt  5	[0.00 s]
0.0.N: Trace Attempt  1	[0.01 s]
0.0.N: Trace Attempt  2	[0.01 s]
0.0.N: Trace Attempt  3	[0.01 s]
0.0.N: Validation of fixpoint was successful. Time = 0.00
0.0.N: A proof was found: No trace exists. [0.01 s]
INFO (IPF057): 0.0.N: The property "descrambler.u_descrambler_sva.gen_dout_chk[243]._assert_9" was proven in 0.01 s.
0.0.N: Stopped processing property "descrambler.u_descrambler_sva.gen_dout_chk[243]._assert_9"	[0.01 s].
0.0.N: Starting proof for property "descrambler.u_descrambler_sva.gen_dout_chk[244]._assert_9"	[0.00 s].
0.0.B: Stopped processing property "descrambler.u_descrambler_sva.gen_dout_chk[243]._assert_9"	[0.01 s].
0.0.B: Starting proof for property "descrambler.u_descrambler_sva.gen_dout_chk[244]._assert_9"	[0.00 s].
0.0.B: A max_length bound was found. The shortest trace is no longer than 128 cycles. [0.00 s]
INFO (IPF008): 0.0.B: A max_length bound of 128 was found for the property "descrambler.u_descrambler_sva.gen_dout_chk[244]._assert_9" in 0.00 s.
0.0.B: Trace Attempt  1	[0.00 s]
0.0.B: Trace Attempt  2	[0.00 s]
0.0.B: Trace Attempt  3	[0.00 s]
0.0.N: Trace Attempt  1	[0.00 s]
0.0.B: Trace Attempt  4	[0.00 s]
0.0.B: Trace Attempt  5	[0.00 s]
0.0.N: Trace Attempt  2	[0.00 s]
0.0.N: Trace Attempt  2	[0.00 s]
0.0.N: Trace Attempt  3	[0.00 s]
0.0.N: Trace Attempt  3	[0.00 s]
0.0.N: Trace Attempt  4	[0.00 s]
0.0.N: Trace Attempt  5	[0.00 s]
0.0.N: Trace Attempt  1	[0.01 s]
0.0.N: Trace Attempt  2	[0.01 s]
0.0.N: Trace Attempt  3	[0.01 s]
0.0.N: Validation of fixpoint was successful. Time = 0.00
0.0.N: A proof was found: No trace exists. [0.01 s]
INFO (IPF057): 0.0.N: The property "descrambler.u_descrambler_sva.gen_dout_chk[244]._assert_9" was proven in 0.01 s.
0.0.N: Stopped processing property "descrambler.u_descrambler_sva.gen_dout_chk[244]._assert_9"	[0.01 s].
0.0.N: Starting proof for property "descrambler.u_descrambler_sva.gen_dout_chk[245]._assert_9"	[0.00 s].
0.0.B: Stopped processing property "descrambler.u_descrambler_sva.gen_dout_chk[244]._assert_9"	[0.01 s].
0.0.B: Starting proof for property "descrambler.u_descrambler_sva.gen_dout_chk[245]._assert_9"	[0.00 s].
0.0.B: A max_length bound was found. The shortest trace is no longer than 128 cycles. [0.00 s]
INFO (IPF008): 0.0.B: A max_length bound of 128 was found for the property "descrambler.u_descrambler_sva.gen_dout_chk[245]._assert_9" in 0.00 s.
0.0.B: Trace Attempt  1	[0.00 s]
0.0.N: Trace Attempt  1	[0.00 s]
0.0.B: Trace Attempt  2	[0.00 s]
0.0.B: Trace Attempt  3	[0.00 s]
0.0.B: Trace Attempt  4	[0.00 s]
0.0.N: Trace Attempt  2	[0.00 s]
0.0.B: Trace Attempt  5	[0.00 s]
0.0.N: Trace Attempt  2	[0.00 s]
0.0.N: Trace Attempt  3	[0.00 s]
0.0.N: Trace Attempt  3	[0.00 s]
0.0.N: Trace Attempt  4	[0.00 s]
0.0.N: Trace Attempt  5	[0.00 s]
0.0.N: Trace Attempt  1	[0.01 s]
0.0.N: Trace Attempt  2	[0.01 s]
0.0.N: Trace Attempt  3	[0.01 s]
0.0.N: Validation of fixpoint was successful. Time = 0.00
0.0.N: A proof was found: No trace exists. [0.01 s]
INFO (IPF057): 0.0.N: The property "descrambler.u_descrambler_sva.gen_dout_chk[245]._assert_9" was proven in 0.01 s.
0.0.N: Stopped processing property "descrambler.u_descrambler_sva.gen_dout_chk[245]._assert_9"	[0.01 s].
0.0.N: Starting proof for property "descrambler.u_descrambler_sva.gen_dout_chk[246]._assert_9"	[0.00 s].
0.0.B: Stopped processing property "descrambler.u_descrambler_sva.gen_dout_chk[245]._assert_9"	[0.01 s].
0.0.B: Starting proof for property "descrambler.u_descrambler_sva.gen_dout_chk[246]._assert_9"	[0.00 s].
0.0.B: A max_length bound was found. The shortest trace is no longer than 128 cycles. [0.00 s]
INFO (IPF008): 0.0.B: A max_length bound of 128 was found for the property "descrambler.u_descrambler_sva.gen_dout_chk[246]._assert_9" in 0.00 s.
0.0.B: Trace Attempt  1	[0.00 s]
0.0.B: Trace Attempt  2	[0.00 s]
0.0.B: Trace Attempt  3	[0.00 s]
0.0.N: Trace Attempt  1	[0.00 s]
0.0.B: Trace Attempt  4	[0.00 s]
0.0.B: Trace Attempt  5	[0.00 s]
0.0.N: Trace Attempt  2	[0.00 s]
0.0.N: Trace Attempt  2	[0.00 s]
0.0.N: Trace Attempt  3	[0.00 s]
0.0.N: Trace Attempt  3	[0.00 s]
0.0.N: Trace Attempt  4	[0.00 s]
0.0.N: Trace Attempt  5	[0.00 s]
0.0.N: Trace Attempt  1	[0.01 s]
0.0.N: Trace Attempt  2	[0.01 s]
0.0.N: Trace Attempt  3	[0.01 s]
0.0.N: Validation of fixpoint was successful. Time = 0.00
0.0.N: A proof was found: No trace exists. [0.01 s]
INFO (IPF057): 0.0.N: The property "descrambler.u_descrambler_sva.gen_dout_chk[246]._assert_9" was proven in 0.01 s.
0.0.N: Stopped processing property "descrambler.u_descrambler_sva.gen_dout_chk[246]._assert_9"	[0.01 s].
0.0.N: Starting proof for property "descrambler.u_descrambler_sva.gen_dout_chk[247]._assert_9"	[0.00 s].
0.0.B: Stopped processing property "descrambler.u_descrambler_sva.gen_dout_chk[246]._assert_9"	[0.01 s].
0.0.B: Starting proof for property "descrambler.u_descrambler_sva.gen_dout_chk[247]._assert_9"	[0.00 s].
0.0.B: A max_length bound was found. The shortest trace is no longer than 128 cycles. [0.00 s]
INFO (IPF008): 0.0.B: A max_length bound of 128 was found for the property "descrambler.u_descrambler_sva.gen_dout_chk[247]._assert_9" in 0.00 s.
0.0.B: Trace Attempt  1	[0.00 s]
0.0.B: Trace Attempt  2	[0.00 s]
0.0.B: Trace Attempt  3	[0.00 s]
0.0.B: Trace Attempt  4	[0.00 s]
0.0.N: Trace Attempt  1	[0.00 s]
0.0.B: Trace Attempt  5	[0.00 s]
0.0.N: Trace Attempt  2	[0.00 s]
0.0.N: Trace Attempt  2	[0.00 s]
0.0.N: Trace Attempt  3	[0.00 s]
0.0.N: Trace Attempt  3	[0.00 s]
0.0.N: Trace Attempt  4	[0.00 s]
0.0.N: Trace Attempt  5	[0.00 s]
0.0.N: Trace Attempt  1	[0.01 s]
0.0.N: Trace Attempt  2	[0.01 s]
0.0.N: Trace Attempt  3	[0.01 s]
0.0.N: Validation of fixpoint was successful. Time = 0.00
0.0.N: A proof was found: No trace exists. [0.01 s]
INFO (IPF057): 0.0.N: The property "descrambler.u_descrambler_sva.gen_dout_chk[247]._assert_9" was proven in 0.01 s.
0.0.N: Stopped processing property "descrambler.u_descrambler_sva.gen_dout_chk[247]._assert_9"	[0.01 s].
0.0.N: Starting proof for property "descrambler.u_descrambler_sva.gen_dout_chk[248]._assert_9"	[0.00 s].
0.0.B: Stopped processing property "descrambler.u_descrambler_sva.gen_dout_chk[247]._assert_9"	[0.01 s].
0.0.B: Starting proof for property "descrambler.u_descrambler_sva.gen_dout_chk[248]._assert_9"	[0.00 s].
0.0.B: A max_length bound was found. The shortest trace is no longer than 128 cycles. [0.00 s]
INFO (IPF008): 0.0.B: A max_length bound of 128 was found for the property "descrambler.u_descrambler_sva.gen_dout_chk[248]._assert_9" in 0.00 s.
0.0.B: Trace Attempt  1	[0.00 s]
0.0.B: Trace Attempt  2	[0.00 s]
0.0.B: Trace Attempt  3	[0.00 s]
0.0.B: Trace Attempt  4	[0.00 s]
0.0.N: Trace Attempt  1	[0.00 s]
0.0.B: Trace Attempt  5	[0.00 s]
0.0.N: Trace Attempt  2	[0.00 s]
0.0.N: Trace Attempt  2	[0.00 s]
0.0.N: Trace Attempt  3	[0.00 s]
0.0.N: Trace Attempt  3	[0.00 s]
0.0.N: Trace Attempt  4	[0.00 s]
0.0.N: Trace Attempt  5	[0.00 s]
0.0.N: Trace Attempt  1	[0.01 s]
0.0.N: Trace Attempt  2	[0.01 s]
0.0.N: Trace Attempt  3	[0.01 s]
0.0.N: Validation of fixpoint was successful. Time = 0.00
0.0.N: A proof was found: No trace exists. [0.01 s]
INFO (IPF057): 0.0.N: The property "descrambler.u_descrambler_sva.gen_dout_chk[248]._assert_9" was proven in 0.01 s.
0.0.N: Stopped processing property "descrambler.u_descrambler_sva.gen_dout_chk[248]._assert_9"	[0.01 s].
0.0.N: Starting proof for property "descrambler.u_descrambler_sva.gen_dout_chk[249]._assert_9"	[0.00 s].
0.0.B: Stopped processing property "descrambler.u_descrambler_sva.gen_dout_chk[248]._assert_9"	[0.01 s].
0.0.B: Starting proof for property "descrambler.u_descrambler_sva.gen_dout_chk[249]._assert_9"	[0.00 s].
0.0.B: A max_length bound was found. The shortest trace is no longer than 128 cycles. [0.00 s]
INFO (IPF008): 0.0.B: A max_length bound of 128 was found for the property "descrambler.u_descrambler_sva.gen_dout_chk[249]._assert_9" in 0.00 s.
0.0.B: Trace Attempt  1	[0.00 s]
0.0.B: Trace Attempt  2	[0.00 s]
0.0.B: Trace Attempt  3	[0.00 s]
0.0.B: Trace Attempt  4	[0.00 s]
0.0.N: Trace Attempt  1	[0.00 s]
0.0.B: Trace Attempt  5	[0.00 s]
0.0.N: Trace Attempt  2	[0.00 s]
0.0.N: Trace Attempt  2	[0.00 s]
0.0.N: Trace Attempt  3	[0.00 s]
0.0.N: Trace Attempt  3	[0.00 s]
0.0.N: Trace Attempt  4	[0.00 s]
0.0.N: Trace Attempt  5	[0.00 s]
0.0.N: Trace Attempt  1	[0.01 s]
0.0.N: Trace Attempt  2	[0.01 s]
0.0.N: Trace Attempt  3	[0.01 s]
0.0.N: Validation of fixpoint was successful. Time = 0.00
0.0.N: A proof was found: No trace exists. [0.01 s]
INFO (IPF057): 0.0.N: The property "descrambler.u_descrambler_sva.gen_dout_chk[249]._assert_9" was proven in 0.01 s.
0.0.N: Stopped processing property "descrambler.u_descrambler_sva.gen_dout_chk[249]._assert_9"	[0.01 s].
0.0.N: Starting proof for property "descrambler.u_descrambler_sva.gen_dout_chk[250]._assert_9"	[0.00 s].
0.0.B: Stopped processing property "descrambler.u_descrambler_sva.gen_dout_chk[249]._assert_9"	[0.01 s].
0.0.B: Starting proof for property "descrambler.u_descrambler_sva.gen_dout_chk[250]._assert_9"	[0.00 s].
0.0.B: A max_length bound was found. The shortest trace is no longer than 128 cycles. [0.00 s]
INFO (IPF008): 0.0.B: A max_length bound of 128 was found for the property "descrambler.u_descrambler_sva.gen_dout_chk[250]._assert_9" in 0.00 s.
0.0.B: Trace Attempt  1	[0.00 s]
0.0.B: Trace Attempt  2	[0.00 s]
0.0.B: Trace Attempt  3	[0.00 s]
0.0.B: Trace Attempt  4	[0.00 s]
0.0.N: Trace Attempt  1	[0.00 s]
0.0.B: Trace Attempt  5	[0.00 s]
0.0.N: Trace Attempt  2	[0.00 s]
0.0.N: Trace Attempt  2	[0.00 s]
0.0.N: Trace Attempt  3	[0.00 s]
0.0.N: Trace Attempt  3	[0.00 s]
0.0.N: Trace Attempt  4	[0.00 s]
0.0.N: Trace Attempt  5	[0.00 s]
0.0.N: Trace Attempt  1	[0.01 s]
0.0.N: Trace Attempt  2	[0.01 s]
0.0.N: Trace Attempt  3	[0.01 s]
0.0.N: Validation of fixpoint was successful. Time = 0.00
0.0.N: A proof was found: No trace exists. [0.01 s]
INFO (IPF057): 0.0.N: The property "descrambler.u_descrambler_sva.gen_dout_chk[250]._assert_9" was proven in 0.01 s.
0.0.N: Stopped processing property "descrambler.u_descrambler_sva.gen_dout_chk[250]._assert_9"	[0.01 s].
0.0.N: Starting proof for property "descrambler.u_descrambler_sva.gen_dout_chk[251]._assert_9"	[0.00 s].
0.0.B: Stopped processing property "descrambler.u_descrambler_sva.gen_dout_chk[250]._assert_9"	[0.01 s].
0.0.B: Starting proof for property "descrambler.u_descrambler_sva.gen_dout_chk[251]._assert_9"	[0.00 s].
0.0.B: A max_length bound was found. The shortest trace is no longer than 128 cycles. [0.00 s]
INFO (IPF008): 0.0.B: A max_length bound of 128 was found for the property "descrambler.u_descrambler_sva.gen_dout_chk[251]._assert_9" in 0.00 s.
0.0.B: Trace Attempt  1	[0.00 s]
0.0.B: Trace Attempt  2	[0.00 s]
0.0.B: Trace Attempt  3	[0.00 s]
0.0.B: Trace Attempt  4	[0.00 s]
0.0.N: Trace Attempt  1	[0.00 s]
0.0.B: Trace Attempt  5	[0.00 s]
0.0.N: Trace Attempt  2	[0.00 s]
0.0.N: Trace Attempt  2	[0.00 s]
0.0.N: Trace Attempt  3	[0.00 s]
0.0.N: Trace Attempt  3	[0.00 s]
0.0.N: Trace Attempt  4	[0.00 s]
0.0.N: Trace Attempt  5	[0.00 s]
0.0.N: Trace Attempt  1	[0.01 s]
0.0.N: Trace Attempt  2	[0.01 s]
0.0.N: Trace Attempt  3	[0.01 s]
0.0.N: Validation of fixpoint was successful. Time = 0.00
0.0.N: A proof was found: No trace exists. [0.01 s]
INFO (IPF057): 0.0.N: The property "descrambler.u_descrambler_sva.gen_dout_chk[251]._assert_9" was proven in 0.01 s.
0.0.B: Stopped processing property "descrambler.u_descrambler_sva.gen_dout_chk[251]._assert_9"	[0.01 s].
0.0.B: Starting proof for property "descrambler.u_descrambler_sva.gen_dout_chk[252]._assert_9"	[0.00 s].
0.0.N: Stopped processing property "descrambler.u_descrambler_sva.gen_dout_chk[251]._assert_9"	[0.01 s].
0.0.N: Starting proof for property "descrambler.u_descrambler_sva.gen_dout_chk[252]._assert_9"	[0.00 s].
0: ProofGrid usable level: 261
0.0.B: A max_length bound was found. The shortest trace is no longer than 128 cycles. [0.00 s]
INFO (IPF008): 0.0.B: A max_length bound of 128 was found for the property "descrambler.u_descrambler_sva.gen_dout_chk[252]._assert_9" in 0.00 s.
0.0.B: Trace Attempt  1	[0.00 s]
0.0.B: Trace Attempt  2	[0.00 s]
0.0.B: Trace Attempt  3	[0.00 s]
0.0.N: Trace Attempt  1	[0.00 s]
0.0.B: Trace Attempt  4	[0.00 s]
0.0.B: Trace Attempt  5	[0.00 s]
0.0.N: Trace Attempt  2	[0.00 s]
0.0.N: Trace Attempt  2	[0.00 s]
0.0.N: Trace Attempt  3	[0.00 s]
0.0.N: Trace Attempt  3	[0.00 s]
0.0.N: Trace Attempt  4	[0.00 s]
0.0.N: Trace Attempt  5	[0.00 s]
0.0.N: Trace Attempt  1	[0.01 s]
0.0.N: Trace Attempt  2	[0.01 s]
0.0.N: Trace Attempt  3	[0.01 s]
0.0.N: Validation of fixpoint was successful. Time = 0.00
0.0.N: A proof was found: No trace exists. [0.01 s]
INFO (IPF057): 0.0.N: The property "descrambler.u_descrambler_sva.gen_dout_chk[252]._assert_9" was proven in 0.01 s.
0.0.N: Stopped processing property "descrambler.u_descrambler_sva.gen_dout_chk[252]._assert_9"	[0.01 s].
0.0.N: Starting proof for property "descrambler.u_descrambler_sva.gen_dout_chk[253]._assert_9"	[0.00 s].
0.0.B: Stopped processing property "descrambler.u_descrambler_sva.gen_dout_chk[252]._assert_9"	[0.01 s].
0.0.B: Starting proof for property "descrambler.u_descrambler_sva.gen_dout_chk[253]._assert_9"	[0.00 s].
0.0.B: A max_length bound was found. The shortest trace is no longer than 128 cycles. [0.00 s]
INFO (IPF008): 0.0.B: A max_length bound of 128 was found for the property "descrambler.u_descrambler_sva.gen_dout_chk[253]._assert_9" in 0.00 s.
0.0.B: Trace Attempt  1	[0.00 s]
0.0.B: Trace Attempt  2	[0.00 s]
0.0.B: Trace Attempt  3	[0.00 s]
0.0.B: Trace Attempt  4	[0.00 s]
0.0.N: Trace Attempt  1	[0.00 s]
0.0.B: Trace Attempt  5	[0.00 s]
0.0.N: Trace Attempt  2	[0.00 s]
0.0.N: Trace Attempt  2	[0.00 s]
0.0.N: Trace Attempt  3	[0.00 s]
0.0.N: Trace Attempt  3	[0.00 s]
0.0.N: Trace Attempt  4	[0.00 s]
0.0.N: Trace Attempt  5	[0.00 s]
0.0.N: Trace Attempt  1	[0.01 s]
0.0.N: Trace Attempt  2	[0.01 s]
0.0.N: Trace Attempt  3	[0.01 s]
0.0.N: Validation of fixpoint was successful. Time = 0.00
0.0.N: A proof was found: No trace exists. [0.01 s]
INFO (IPF057): 0.0.N: The property "descrambler.u_descrambler_sva.gen_dout_chk[253]._assert_9" was proven in 0.01 s.
0.0.N: Stopped processing property "descrambler.u_descrambler_sva.gen_dout_chk[253]._assert_9"	[0.01 s].
0.0.N: Starting proof for property "descrambler.u_descrambler_sva.gen_dout_chk[254]._assert_9"	[0.00 s].
0.0.B: Stopped processing property "descrambler.u_descrambler_sva.gen_dout_chk[253]._assert_9"	[0.01 s].
0.0.B: Starting proof for property "descrambler.u_descrambler_sva.gen_dout_chk[254]._assert_9"	[0.00 s].
0.0.B: A max_length bound was found. The shortest trace is no longer than 128 cycles. [0.00 s]
INFO (IPF008): 0.0.B: A max_length bound of 128 was found for the property "descrambler.u_descrambler_sva.gen_dout_chk[254]._assert_9" in 0.00 s.
0.0.B: Trace Attempt  1	[0.00 s]
0.0.B: Trace Attempt  2	[0.00 s]
0.0.B: Trace Attempt  3	[0.00 s]
0.0.B: Trace Attempt  4	[0.00 s]
0.0.N: Trace Attempt  1	[0.00 s]
0.0.B: Trace Attempt  5	[0.00 s]
0.0.N: Trace Attempt  2	[0.00 s]
0.0.N: Trace Attempt  2	[0.00 s]
0.0.N: Trace Attempt  3	[0.00 s]
0.0.N: Trace Attempt  3	[0.00 s]
0.0.N: Trace Attempt  4	[0.00 s]
0.0.N: Trace Attempt  5	[0.00 s]
0.0.N: Trace Attempt  1	[0.01 s]
0.0.N: Trace Attempt  2	[0.01 s]
0.0.N: Trace Attempt  3	[0.01 s]
0.0.N: Validation of fixpoint was successful. Time = 0.00
0.0.N: A proof was found: No trace exists. [0.01 s]
INFO (IPF057): 0.0.N: The property "descrambler.u_descrambler_sva.gen_dout_chk[254]._assert_9" was proven in 0.01 s.
0.0.N: Stopped processing property "descrambler.u_descrambler_sva.gen_dout_chk[254]._assert_9"	[0.01 s].
0.0.N: Starting proof for property "descrambler.u_descrambler_sva.gen_dout_chk[255]._assert_9"	[0.00 s].
0.0.B: Stopped processing property "descrambler.u_descrambler_sva.gen_dout_chk[254]._assert_9"	[0.01 s].
0.0.B: Starting proof for property "descrambler.u_descrambler_sva.gen_dout_chk[255]._assert_9"	[0.00 s].
0.0.B: A max_length bound was found. The shortest trace is no longer than 128 cycles. [0.00 s]
INFO (IPF008): 0.0.B: A max_length bound of 128 was found for the property "descrambler.u_descrambler_sva.gen_dout_chk[255]._assert_9" in 0.00 s.
0.0.B: Trace Attempt  1	[0.00 s]
0.0.B: Trace Attempt  2	[0.00 s]
0.0.B: Trace Attempt  3	[0.00 s]
0.0.B: Trace Attempt  4	[0.00 s]
0.0.N: Trace Attempt  1	[0.00 s]
0.0.B: Trace Attempt  5	[0.00 s]
0.0.N: Trace Attempt  2	[0.00 s]
0.0.N: Trace Attempt  2	[0.00 s]
0.0.N: Trace Attempt  3	[0.00 s]
0.0.N: Trace Attempt  3	[0.00 s]
0.0.N: Trace Attempt  4	[0.00 s]
0.0.N: Trace Attempt  5	[0.00 s]
0.0.N: Trace Attempt  1	[0.01 s]
0.0.N: Trace Attempt  2	[0.01 s]
0.0.N: Trace Attempt  3	[0.01 s]
0.0.N: Validation of fixpoint was successful. Time = 0.00
0.0.N: A proof was found: No trace exists. [0.01 s]
INFO (IPF057): 0.0.N: The property "descrambler.u_descrambler_sva.gen_dout_chk[255]._assert_9" was proven in 0.01 s.
0.0.N: Stopped processing property "descrambler.u_descrambler_sva.gen_dout_chk[255]._assert_9"	[0.01 s].
0.0.N: Starting proof for property "descrambler.u_descrambler_sva.gen_dout_chk[256]._assert_9"	[0.00 s].
0.0.B: Stopped processing property "descrambler.u_descrambler_sva.gen_dout_chk[255]._assert_9"	[0.01 s].
0.0.B: Starting proof for property "descrambler.u_descrambler_sva.gen_dout_chk[256]._assert_9"	[0.00 s].
0.0.B: A max_length bound was found. The shortest trace is no longer than 128 cycles. [0.00 s]
INFO (IPF008): 0.0.B: A max_length bound of 128 was found for the property "descrambler.u_descrambler_sva.gen_dout_chk[256]._assert_9" in 0.00 s.
0.0.B: Trace Attempt  1	[0.00 s]
0.0.B: Trace Attempt  2	[0.00 s]
0.0.B: Trace Attempt  3	[0.00 s]
0.0.B: Trace Attempt  4	[0.00 s]
0.0.N: Trace Attempt  1	[0.00 s]
0.0.B: Trace Attempt  5	[0.00 s]
0.0.N: Trace Attempt  2	[0.00 s]
0.0.N: Trace Attempt  2	[0.00 s]
0.0.N: Trace Attempt  3	[0.00 s]
0.0.N: Trace Attempt  3	[0.00 s]
0.0.N: Trace Attempt  4	[0.00 s]
0.0.N: Trace Attempt  5	[0.00 s]
0.0.N: Trace Attempt  1	[0.01 s]
0.0.N: Trace Attempt  2	[0.01 s]
0.0.N: Trace Attempt  3	[0.01 s]
0.0.N: Validation of fixpoint was successful. Time = 0.00
0.0.N: A proof was found: No trace exists. [0.01 s]
INFO (IPF057): 0.0.N: The property "descrambler.u_descrambler_sva.gen_dout_chk[256]._assert_9" was proven in 0.01 s.
0.0.N: Stopped processing property "descrambler.u_descrambler_sva.gen_dout_chk[256]._assert_9"	[0.01 s].
0.0.B: Stopped processing property "descrambler.u_descrambler_sva.gen_dout_chk[256]._assert_9"	[0.01 s].
0.0.B: Starting proof for property "descrambler.u_descrambler_sva.gen_dout_chk[257]._assert_9"	[0.00 s].
0.0.N: Starting proof for property "descrambler.u_descrambler_sva.gen_dout_chk[257]._assert_9"	[0.00 s].
0.0.B: A max_length bound was found. The shortest trace is no longer than 128 cycles. [0.00 s]
INFO (IPF008): 0.0.B: A max_length bound of 128 was found for the property "descrambler.u_descrambler_sva.gen_dout_chk[257]._assert_9" in 0.00 s.
0.0.B: Trace Attempt  1	[0.00 s]
0.0.B: Trace Attempt  2	[0.00 s]
0.0.B: Trace Attempt  3	[0.00 s]
0.0.B: Trace Attempt  4	[0.00 s]
0.0.N: Trace Attempt  1	[0.00 s]
0.0.B: Trace Attempt  5	[0.00 s]
0.0.N: Trace Attempt  2	[0.00 s]
0.0.N: Trace Attempt  2	[0.00 s]
0.0.N: Trace Attempt  3	[0.00 s]
0.0.N: Trace Attempt  3	[0.00 s]
0.0.N: Trace Attempt  4	[0.00 s]
0.0.N: Trace Attempt  5	[0.00 s]
0.0.N: Trace Attempt  1	[0.01 s]
0.0.N: Trace Attempt  2	[0.01 s]
0.0.N: Trace Attempt  3	[0.01 s]
0.0.N: Validation of fixpoint was successful. Time = 0.00
0.0.N: A proof was found: No trace exists. [0.01 s]
INFO (IPF057): 0.0.N: The property "descrambler.u_descrambler_sva.gen_dout_chk[257]._assert_9" was proven in 0.01 s.
0.0.N: Stopped processing property "descrambler.u_descrambler_sva.gen_dout_chk[257]._assert_9"	[0.01 s].
0.0.N: Starting proof for property "descrambler.u_descrambler_sva.gen_dout_chk[258]._assert_9"	[0.00 s].
0.0.B: Stopped processing property "descrambler.u_descrambler_sva.gen_dout_chk[257]._assert_9"	[0.01 s].
0.0.B: Starting proof for property "descrambler.u_descrambler_sva.gen_dout_chk[258]._assert_9"	[0.00 s].
0.0.B: A max_length bound was found. The shortest trace is no longer than 128 cycles. [0.00 s]
INFO (IPF008): 0.0.B: A max_length bound of 128 was found for the property "descrambler.u_descrambler_sva.gen_dout_chk[258]._assert_9" in 0.00 s.
0.0.B: Trace Attempt  1	[0.00 s]
0.0.B: Trace Attempt  2	[0.00 s]
0.0.B: Trace Attempt  3	[0.00 s]
0.0.B: Trace Attempt  4	[0.00 s]
0.0.N: Trace Attempt  1	[0.00 s]
0.0.B: Trace Attempt  5	[0.00 s]
0.0.N: Trace Attempt  2	[0.00 s]
0.0.N: Trace Attempt  2	[0.00 s]
0.0.N: Trace Attempt  3	[0.00 s]
0.0.N: Trace Attempt  3	[0.00 s]
0.0.N: Trace Attempt  4	[0.00 s]
0.0.N: Trace Attempt  5	[0.00 s]
0.0.N: Trace Attempt  1	[0.01 s]
0.0.N: Trace Attempt  2	[0.01 s]
0.0.N: Trace Attempt  3	[0.01 s]
0.0.N: Validation of fixpoint was successful. Time = 0.00
0.0.N: A proof was found: No trace exists. [0.01 s]
INFO (IPF057): 0.0.N: The property "descrambler.u_descrambler_sva.gen_dout_chk[258]._assert_9" was proven in 0.01 s.
0.0.N: Stopped processing property "descrambler.u_descrambler_sva.gen_dout_chk[258]._assert_9"	[0.01 s].
0.0.N: Starting proof for property "descrambler.u_descrambler_sva.gen_dout_chk[259]._assert_9"	[0.00 s].
0.0.B: Stopped processing property "descrambler.u_descrambler_sva.gen_dout_chk[258]._assert_9"	[0.01 s].
0.0.B: Starting proof for property "descrambler.u_descrambler_sva.gen_dout_chk[259]._assert_9"	[0.00 s].
0.0.B: A max_length bound was found. The shortest trace is no longer than 128 cycles. [0.00 s]
INFO (IPF008): 0.0.B: A max_length bound of 128 was found for the property "descrambler.u_descrambler_sva.gen_dout_chk[259]._assert_9" in 0.00 s.
0.0.B: Trace Attempt  1	[0.00 s]
0.0.B: Trace Attempt  2	[0.00 s]
0.0.B: Trace Attempt  3	[0.00 s]
0.0.B: Trace Attempt  4	[0.00 s]
0.0.N: Trace Attempt  1	[0.00 s]
0.0.B: Trace Attempt  5	[0.00 s]
0.0.N: Trace Attempt  2	[0.00 s]
0.0.N: Trace Attempt  2	[0.00 s]
0.0.N: Trace Attempt  3	[0.00 s]
0.0.N: Trace Attempt  3	[0.00 s]
0.0.N: Trace Attempt  4	[0.00 s]
0.0.N: Trace Attempt  5	[0.00 s]
0.0.N: Trace Attempt  1	[0.01 s]
0.0.N: Trace Attempt  2	[0.01 s]
0.0.N: Trace Attempt  3	[0.01 s]
0.0.N: Validation of fixpoint was successful. Time = 0.00
0.0.N: A proof was found: No trace exists. [0.01 s]
INFO (IPF057): 0.0.N: The property "descrambler.u_descrambler_sva.gen_dout_chk[259]._assert_9" was proven in 0.01 s.
0.0.N: Stopped processing property "descrambler.u_descrambler_sva.gen_dout_chk[259]._assert_9"	[0.01 s].
0.0.N: Starting proof for property "descrambler.u_descrambler_sva.gen_dout_chk[260]._assert_9"	[0.00 s].
0.0.B: Stopped processing property "descrambler.u_descrambler_sva.gen_dout_chk[259]._assert_9"	[0.01 s].
0.0.B: Starting proof for property "descrambler.u_descrambler_sva.gen_dout_chk[260]._assert_9"	[0.00 s].
0.0.B: A max_length bound was found. The shortest trace is no longer than 128 cycles. [0.00 s]
INFO (IPF008): 0.0.B: A max_length bound of 128 was found for the property "descrambler.u_descrambler_sva.gen_dout_chk[260]._assert_9" in 0.00 s.
0.0.B: Trace Attempt  1	[0.00 s]
0.0.B: Trace Attempt  2	[0.00 s]
0.0.B: Trace Attempt  3	[0.00 s]
0.0.B: Trace Attempt  4	[0.00 s]
0.0.N: Trace Attempt  1	[0.00 s]
0.0.B: Trace Attempt  5	[0.00 s]
0.0.N: Trace Attempt  2	[0.00 s]
0.0.N: Trace Attempt  2	[0.00 s]
0.0.N: Trace Attempt  3	[0.00 s]
0.0.N: Trace Attempt  3	[0.00 s]
0.0.N: Trace Attempt  4	[0.00 s]
0.0.N: Trace Attempt  5	[0.00 s]
0.0.N: Trace Attempt  1	[0.01 s]
0.0.N: Trace Attempt  2	[0.01 s]
0.0.N: Trace Attempt  3	[0.01 s]
0.0.N: Validation of fixpoint was successful. Time = 0.00
0.0.N: A proof was found: No trace exists. [0.01 s]
INFO (IPF057): 0.0.N: The property "descrambler.u_descrambler_sva.gen_dout_chk[260]._assert_9" was proven in 0.01 s.
0.0.N: Stopped processing property "descrambler.u_descrambler_sva.gen_dout_chk[260]._assert_9"	[0.01 s].
0.0.N: Starting proof for property "descrambler.u_descrambler_sva.gen_dout_chk[261]._assert_9"	[0.00 s].
0.0.B: Stopped processing property "descrambler.u_descrambler_sva.gen_dout_chk[260]._assert_9"	[0.01 s].
0.0.B: Starting proof for property "descrambler.u_descrambler_sva.gen_dout_chk[261]._assert_9"	[0.00 s].
0.0.B: A max_length bound was found. The shortest trace is no longer than 128 cycles. [0.00 s]
INFO (IPF008): 0.0.B: A max_length bound of 128 was found for the property "descrambler.u_descrambler_sva.gen_dout_chk[261]._assert_9" in 0.00 s.
0.0.B: Trace Attempt  1	[0.00 s]
0.0.B: Trace Attempt  2	[0.00 s]
0.0.B: Trace Attempt  3	[0.00 s]
0.0.B: Trace Attempt  4	[0.00 s]
0.0.N: Trace Attempt  1	[0.00 s]
0.0.B: Trace Attempt  5	[0.00 s]
0.0.N: Trace Attempt  2	[0.00 s]
0.0.N: Trace Attempt  2	[0.00 s]
0.0.N: Trace Attempt  3	[0.00 s]
0.0.N: Trace Attempt  3	[0.00 s]
0.0.N: Trace Attempt  4	[0.00 s]
0.0.N: Trace Attempt  5	[0.00 s]
0.0.N: Trace Attempt  1	[0.01 s]
0.0.N: Trace Attempt  2	[0.01 s]
0.0.N: Trace Attempt  3	[0.01 s]
0.0.N: Validation of fixpoint was successful. Time = 0.00
0.0.N: A proof was found: No trace exists. [0.01 s]
INFO (IPF057): 0.0.N: The property "descrambler.u_descrambler_sva.gen_dout_chk[261]._assert_9" was proven in 0.01 s.
0.0.B: Stopped processing property "descrambler.u_descrambler_sva.gen_dout_chk[261]._assert_9"	[0.01 s].
0.0.B: Starting proof for property "descrambler.u_descrambler_sva.gen_dout_chk[262]._assert_9"	[0.00 s].
0.0.N: Stopped processing property "descrambler.u_descrambler_sva.gen_dout_chk[261]._assert_9"	[0.01 s].
0.0.N: Starting proof for property "descrambler.u_descrambler_sva.gen_dout_chk[262]._assert_9"	[0.00 s].
0.0.B: A max_length bound was found. The shortest trace is no longer than 128 cycles. [0.00 s]
INFO (IPF008): 0.0.B: A max_length bound of 128 was found for the property "descrambler.u_descrambler_sva.gen_dout_chk[262]._assert_9" in 0.00 s.
0.0.B: Trace Attempt  1	[0.00 s]
0.0.B: Trace Attempt  2	[0.00 s]
0.0.B: Trace Attempt  3	[0.00 s]
0.0.B: Trace Attempt  4	[0.00 s]
0.0.B: Trace Attempt  5	[0.00 s]
0.0.N: Trace Attempt  1	[0.00 s]
0.0.N: Trace Attempt  2	[0.00 s]
0.0.N: Trace Attempt  2	[0.00 s]
0.0.N: Trace Attempt  3	[0.00 s]
0.0.N: Trace Attempt  3	[0.00 s]
0.0.N: Trace Attempt  4	[0.00 s]
0.0.N: Trace Attempt  5	[0.00 s]
0.0.N: Trace Attempt  1	[0.01 s]
0.0.N: Trace Attempt  2	[0.01 s]
0.0.N: Trace Attempt  3	[0.01 s]
0.0.N: Validation of fixpoint was successful. Time = 0.00
0.0.N: A proof was found: No trace exists. [0.01 s]
INFO (IPF057): 0.0.N: The property "descrambler.u_descrambler_sva.gen_dout_chk[262]._assert_9" was proven in 0.01 s.
0.0.N: Stopped processing property "descrambler.u_descrambler_sva.gen_dout_chk[262]._assert_9"	[0.01 s].
0.0.N: Starting proof for property "descrambler.u_descrambler_sva.gen_dout_chk[263]._assert_9"	[0.00 s].
0.0.B: Stopped processing property "descrambler.u_descrambler_sva.gen_dout_chk[262]._assert_9"	[0.01 s].
0.0.B: Starting proof for property "descrambler.u_descrambler_sva.gen_dout_chk[263]._assert_9"	[0.00 s].
0.0.B: A max_length bound was found. The shortest trace is no longer than 128 cycles. [0.00 s]
INFO (IPF008): 0.0.B: A max_length bound of 128 was found for the property "descrambler.u_descrambler_sva.gen_dout_chk[263]._assert_9" in 0.00 s.
0.0.B: Trace Attempt  1	[0.00 s]
0.0.B: Trace Attempt  2	[0.00 s]
0.0.B: Trace Attempt  3	[0.00 s]
0.0.B: Trace Attempt  4	[0.00 s]
0.0.N: Trace Attempt  1	[0.00 s]
0.0.B: Trace Attempt  5	[0.00 s]
0.0.N: Trace Attempt  2	[0.00 s]
0.0.N: Trace Attempt  2	[0.00 s]
0.0.N: Trace Attempt  3	[0.00 s]
0.0.N: Trace Attempt  3	[0.00 s]
0.0.N: Trace Attempt  4	[0.00 s]
0.0.N: Trace Attempt  5	[0.00 s]
0.0.N: Trace Attempt  1	[0.01 s]
0.0.N: Trace Attempt  2	[0.01 s]
0.0.N: Trace Attempt  3	[0.01 s]
0.0.N: Validation of fixpoint was successful. Time = 0.00
0.0.N: A proof was found: No trace exists. [0.01 s]
INFO (IPF057): 0.0.N: The property "descrambler.u_descrambler_sva.gen_dout_chk[263]._assert_9" was proven in 0.01 s.
0.0.N: Stopped processing property "descrambler.u_descrambler_sva.gen_dout_chk[263]._assert_9"	[0.01 s].
0.0.N: Starting proof for property "descrambler.u_descrambler_sva.gen_dout_chk[264]._assert_9"	[0.00 s].
0.0.B: Stopped processing property "descrambler.u_descrambler_sva.gen_dout_chk[263]._assert_9"	[0.01 s].
0.0.B: Starting proof for property "descrambler.u_descrambler_sva.gen_dout_chk[264]._assert_9"	[0.00 s].
0.0.B: A max_length bound was found. The shortest trace is no longer than 128 cycles. [0.00 s]
INFO (IPF008): 0.0.B: A max_length bound of 128 was found for the property "descrambler.u_descrambler_sva.gen_dout_chk[264]._assert_9" in 0.00 s.
0.0.B: Trace Attempt  1	[0.00 s]
0.0.B: Trace Attempt  2	[0.00 s]
0.0.B: Trace Attempt  3	[0.00 s]
0.0.B: Trace Attempt  4	[0.00 s]
0.0.N: Trace Attempt  1	[0.00 s]
0.0.B: Trace Attempt  5	[0.00 s]
0.0.N: Trace Attempt  2	[0.00 s]
0.0.N: Trace Attempt  2	[0.00 s]
0.0.N: Trace Attempt  3	[0.00 s]
0.0.N: Trace Attempt  3	[0.00 s]
0.0.N: Trace Attempt  4	[0.00 s]
0.0.N: Trace Attempt  5	[0.00 s]
0.0.N: Trace Attempt  1	[0.01 s]
0.0.N: Trace Attempt  2	[0.01 s]
0.0.N: Trace Attempt  3	[0.01 s]
0.0.N: Validation of fixpoint was successful. Time = 0.00
0.0.N: A proof was found: No trace exists. [0.01 s]
INFO (IPF057): 0.0.N: The property "descrambler.u_descrambler_sva.gen_dout_chk[264]._assert_9" was proven in 0.01 s.
0.0.N: Stopped processing property "descrambler.u_descrambler_sva.gen_dout_chk[264]._assert_9"	[0.01 s].
0.0.N: Starting proof for property "descrambler.u_descrambler_sva.gen_dout_chk[265]._assert_9"	[0.00 s].
0.0.B: Stopped processing property "descrambler.u_descrambler_sva.gen_dout_chk[264]._assert_9"	[0.01 s].
0.0.B: Starting proof for property "descrambler.u_descrambler_sva.gen_dout_chk[265]._assert_9"	[0.00 s].
0.0.B: A max_length bound was found. The shortest trace is no longer than 128 cycles. [0.00 s]
INFO (IPF008): 0.0.B: A max_length bound of 128 was found for the property "descrambler.u_descrambler_sva.gen_dout_chk[265]._assert_9" in 0.00 s.
0.0.B: Trace Attempt  1	[0.00 s]
0.0.B: Trace Attempt  2	[0.00 s]
0.0.B: Trace Attempt  3	[0.00 s]
0.0.B: Trace Attempt  4	[0.00 s]
0.0.N: Trace Attempt  1	[0.00 s]
0.0.B: Trace Attempt  5	[0.00 s]
0.0.N: Trace Attempt  2	[0.00 s]
0.0.N: Trace Attempt  2	[0.00 s]
0.0.N: Trace Attempt  3	[0.00 s]
0.0.N: Trace Attempt  3	[0.00 s]
0.0.N: Trace Attempt  4	[0.00 s]
0.0.N: Trace Attempt  5	[0.00 s]
0.0.N: Trace Attempt  1	[0.01 s]
0.0.N: Trace Attempt  2	[0.01 s]
0.0.N: Trace Attempt  3	[0.01 s]
0.0.N: Validation of fixpoint was successful. Time = 0.00
0.0.N: A proof was found: No trace exists. [0.01 s]
INFO (IPF057): 0.0.N: The property "descrambler.u_descrambler_sva.gen_dout_chk[265]._assert_9" was proven in 0.01 s.
0.0.N: Stopped processing property "descrambler.u_descrambler_sva.gen_dout_chk[265]._assert_9"	[0.01 s].
0.0.N: Starting proof for property "descrambler.u_descrambler_sva.gen_dout_chk[266]._assert_9"	[0.00 s].
0.0.B: Stopped processing property "descrambler.u_descrambler_sva.gen_dout_chk[265]._assert_9"	[0.01 s].
0.0.B: Starting proof for property "descrambler.u_descrambler_sva.gen_dout_chk[266]._assert_9"	[0.00 s].
0.0.B: A max_length bound was found. The shortest trace is no longer than 128 cycles. [0.00 s]
INFO (IPF008): 0.0.B: A max_length bound of 128 was found for the property "descrambler.u_descrambler_sva.gen_dout_chk[266]._assert_9" in 0.00 s.
0.0.B: Trace Attempt  1	[0.00 s]
0.0.B: Trace Attempt  2	[0.00 s]
0.0.B: Trace Attempt  3	[0.00 s]
0.0.B: Trace Attempt  4	[0.00 s]
0.0.N: Trace Attempt  1	[0.00 s]
0.0.B: Trace Attempt  5	[0.00 s]
0.0.N: Trace Attempt  2	[0.00 s]
0.0.N: Trace Attempt  2	[0.00 s]
0.0.N: Trace Attempt  3	[0.00 s]
0.0.N: Trace Attempt  3	[0.00 s]
0.0.N: Trace Attempt  4	[0.00 s]
0.0.N: Trace Attempt  5	[0.00 s]
0.0.N: Trace Attempt  1	[0.01 s]
0.0.N: Trace Attempt  2	[0.01 s]
0.0.N: Trace Attempt  3	[0.01 s]
0.0.N: Validation of fixpoint was successful. Time = 0.00
0.0.N: A proof was found: No trace exists. [0.01 s]
INFO (IPF057): 0.0.N: The property "descrambler.u_descrambler_sva.gen_dout_chk[266]._assert_9" was proven in 0.01 s.
0.0.N: Stopped processing property "descrambler.u_descrambler_sva.gen_dout_chk[266]._assert_9"	[0.01 s].
0.0.N: Starting proof for property "descrambler.u_descrambler_sva.gen_dout_chk[267]._assert_9"	[0.00 s].
0.0.B: Stopped processing property "descrambler.u_descrambler_sva.gen_dout_chk[266]._assert_9"	[0.01 s].
0.0.B: Starting proof for property "descrambler.u_descrambler_sva.gen_dout_chk[267]._assert_9"	[0.00 s].
0.0.B: A max_length bound was found. The shortest trace is no longer than 128 cycles. [0.00 s]
INFO (IPF008): 0.0.B: A max_length bound of 128 was found for the property "descrambler.u_descrambler_sva.gen_dout_chk[267]._assert_9" in 0.00 s.
0.0.B: Trace Attempt  1	[0.00 s]
0.0.B: Trace Attempt  2	[0.00 s]
0.0.N: Trace Attempt  1	[0.00 s]
0.0.B: Trace Attempt  3	[0.00 s]
0.0.B: Trace Attempt  4	[0.00 s]
0.0.B: Trace Attempt  5	[0.00 s]
0.0.N: Trace Attempt  2	[0.00 s]
0.0.N: Trace Attempt  2	[0.00 s]
0.0.N: Trace Attempt  3	[0.00 s]
0.0.N: Trace Attempt  3	[0.00 s]
0.0.N: Trace Attempt  4	[0.00 s]
0.0.N: Trace Attempt  5	[0.00 s]
0.0.N: Trace Attempt  1	[0.01 s]
0.0.N: Trace Attempt  2	[0.01 s]
0.0.N: Trace Attempt  3	[0.01 s]
0.0.N: Validation of fixpoint was successful. Time = 0.00
0.0.N: A proof was found: No trace exists. [0.01 s]
INFO (IPF057): 0.0.N: The property "descrambler.u_descrambler_sva.gen_dout_chk[267]._assert_9" was proven in 0.01 s.
0.0.N: Stopped processing property "descrambler.u_descrambler_sva.gen_dout_chk[267]._assert_9"	[0.01 s].
0.0.N: Starting proof for property "descrambler.u_descrambler_sva.gen_dout_chk[268]._assert_9"	[0.00 s].
0.0.B: Stopped processing property "descrambler.u_descrambler_sva.gen_dout_chk[267]._assert_9"	[0.01 s].
0.0.B: Starting proof for property "descrambler.u_descrambler_sva.gen_dout_chk[268]._assert_9"	[0.00 s].
0.0.B: A max_length bound was found. The shortest trace is no longer than 128 cycles. [0.00 s]
INFO (IPF008): 0.0.B: A max_length bound of 128 was found for the property "descrambler.u_descrambler_sva.gen_dout_chk[268]._assert_9" in 0.00 s.
0.0.B: Trace Attempt  1	[0.00 s]
0.0.B: Trace Attempt  2	[0.00 s]
0.0.B: Trace Attempt  3	[0.00 s]
0.0.B: Trace Attempt  4	[0.00 s]
0.0.N: Trace Attempt  1	[0.00 s]
0.0.B: Trace Attempt  5	[0.00 s]
0.0.N: Trace Attempt  2	[0.00 s]
0.0.N: Trace Attempt  2	[0.00 s]
0.0.N: Trace Attempt  3	[0.00 s]
0.0.N: Trace Attempt  3	[0.00 s]
0.0.N: Trace Attempt  4	[0.00 s]
0.0.N: Trace Attempt  5	[0.00 s]
0.0.N: Trace Attempt  1	[0.01 s]
0.0.N: Trace Attempt  2	[0.01 s]
0.0.N: Trace Attempt  3	[0.01 s]
0.0.N: Validation of fixpoint was successful. Time = 0.00
0.0.N: A proof was found: No trace exists. [0.01 s]
INFO (IPF057): 0.0.N: The property "descrambler.u_descrambler_sva.gen_dout_chk[268]._assert_9" was proven in 0.01 s.
0.0.N: Stopped processing property "descrambler.u_descrambler_sva.gen_dout_chk[268]._assert_9"	[0.01 s].
0.0.N: Starting proof for property "descrambler.u_descrambler_sva.gen_dout_chk[269]._assert_9"	[0.00 s].
0.0.B: Stopped processing property "descrambler.u_descrambler_sva.gen_dout_chk[268]._assert_9"	[0.01 s].
0.0.B: Starting proof for property "descrambler.u_descrambler_sva.gen_dout_chk[269]._assert_9"	[0.00 s].
0.0.B: A max_length bound was found. The shortest trace is no longer than 128 cycles. [0.00 s]
INFO (IPF008): 0.0.B: A max_length bound of 128 was found for the property "descrambler.u_descrambler_sva.gen_dout_chk[269]._assert_9" in 0.00 s.
0.0.B: Trace Attempt  1	[0.00 s]
0.0.B: Trace Attempt  2	[0.00 s]
0.0.B: Trace Attempt  3	[0.00 s]
0.0.B: Trace Attempt  4	[0.00 s]
0.0.N: Trace Attempt  1	[0.00 s]
0.0.B: Trace Attempt  5	[0.00 s]
0.0.N: Trace Attempt  2	[0.00 s]
0.0.N: Trace Attempt  2	[0.00 s]
0.0.N: Trace Attempt  3	[0.00 s]
0.0.N: Trace Attempt  3	[0.00 s]
0.0.N: Trace Attempt  4	[0.00 s]
0.0.N: Trace Attempt  5	[0.00 s]
0.0.N: Trace Attempt  1	[0.01 s]
0.0.N: Trace Attempt  2	[0.01 s]
0.0.N: Trace Attempt  3	[0.01 s]
0.0.N: Validation of fixpoint was successful. Time = 0.00
0.0.N: A proof was found: No trace exists. [0.01 s]
INFO (IPF057): 0.0.N: The property "descrambler.u_descrambler_sva.gen_dout_chk[269]._assert_9" was proven in 0.01 s.
0.0.N: Stopped processing property "descrambler.u_descrambler_sva.gen_dout_chk[269]._assert_9"	[0.01 s].
0.0.N: Starting proof for property "descrambler.u_descrambler_sva.gen_dout_chk[270]._assert_9"	[0.00 s].
0.0.B: Stopped processing property "descrambler.u_descrambler_sva.gen_dout_chk[269]._assert_9"	[0.01 s].
0.0.B: Starting proof for property "descrambler.u_descrambler_sva.gen_dout_chk[270]._assert_9"	[0.00 s].
0.0.B: A max_length bound was found. The shortest trace is no longer than 128 cycles. [0.00 s]
INFO (IPF008): 0.0.B: A max_length bound of 128 was found for the property "descrambler.u_descrambler_sva.gen_dout_chk[270]._assert_9" in 0.00 s.
0.0.B: Trace Attempt  1	[0.00 s]
0.0.B: Trace Attempt  2	[0.00 s]
0.0.B: Trace Attempt  3	[0.00 s]
0.0.B: Trace Attempt  4	[0.00 s]
0.0.B: Trace Attempt  5	[0.00 s]
0.0.N: Trace Attempt  1	[0.00 s]
0.0.N: Trace Attempt  2	[0.00 s]
0.0.N: Trace Attempt  2	[0.00 s]
0.0.N: Trace Attempt  3	[0.00 s]
0.0.N: Trace Attempt  3	[0.00 s]
0.0.N: Trace Attempt  4	[0.00 s]
0.0.N: Trace Attempt  5	[0.00 s]
0.0.N: Trace Attempt  1	[0.01 s]
0.0.N: Trace Attempt  2	[0.01 s]
0.0.N: Trace Attempt  3	[0.01 s]
0.0.N: Validation of fixpoint was successful. Time = 0.00
0.0.N: A proof was found: No trace exists. [0.01 s]
INFO (IPF057): 0.0.N: The property "descrambler.u_descrambler_sva.gen_dout_chk[270]._assert_9" was proven in 0.01 s.
0.0.N: Stopped processing property "descrambler.u_descrambler_sva.gen_dout_chk[270]._assert_9"	[0.01 s].
0.0.N: Starting proof for property "descrambler.u_descrambler_sva.gen_dout_chk[271]._assert_9"	[0.00 s].
0.0.B: Stopped processing property "descrambler.u_descrambler_sva.gen_dout_chk[270]._assert_9"	[0.01 s].
0.0.B: Starting proof for property "descrambler.u_descrambler_sva.gen_dout_chk[271]._assert_9"	[0.00 s].
0.0.B: A max_length bound was found. The shortest trace is no longer than 128 cycles. [0.00 s]
INFO (IPF008): 0.0.B: A max_length bound of 128 was found for the property "descrambler.u_descrambler_sva.gen_dout_chk[271]._assert_9" in 0.00 s.
0.0.B: Trace Attempt  1	[0.00 s]
0.0.B: Trace Attempt  2	[0.00 s]
0.0.B: Trace Attempt  3	[0.00 s]
0.0.B: Trace Attempt  4	[0.00 s]
0.0.N: Trace Attempt  1	[0.00 s]
0.0.B: Trace Attempt  5	[0.00 s]
0.0.N: Trace Attempt  2	[0.00 s]
0.0.N: Trace Attempt  2	[0.00 s]
0.0.N: Trace Attempt  3	[0.00 s]
0.0.N: Trace Attempt  3	[0.00 s]
0.0.N: Trace Attempt  4	[0.00 s]
0.0.N: Trace Attempt  5	[0.00 s]
0.0.N: Trace Attempt  1	[0.01 s]
0.0.N: Trace Attempt  2	[0.01 s]
0.0.N: Trace Attempt  3	[0.01 s]
0.0.N: Validation of fixpoint was successful. Time = 0.00
0.0.N: A proof was found: No trace exists. [0.01 s]
INFO (IPF057): 0.0.N: The property "descrambler.u_descrambler_sva.gen_dout_chk[271]._assert_9" was proven in 0.01 s.
0.0.N: Stopped processing property "descrambler.u_descrambler_sva.gen_dout_chk[271]._assert_9"	[0.01 s].
0.0.N: Starting proof for property "descrambler.u_descrambler_sva.gen_dout_chk[272]._assert_9"	[0.00 s].
0.0.B: Stopped processing property "descrambler.u_descrambler_sva.gen_dout_chk[271]._assert_9"	[0.01 s].
0.0.B: Starting proof for property "descrambler.u_descrambler_sva.gen_dout_chk[272]._assert_9"	[0.00 s].
0.0.B: A max_length bound was found. The shortest trace is no longer than 128 cycles. [0.00 s]
INFO (IPF008): 0.0.B: A max_length bound of 128 was found for the property "descrambler.u_descrambler_sva.gen_dout_chk[272]._assert_9" in 0.00 s.
0.0.B: Trace Attempt  1	[0.00 s]
0.0.B: Trace Attempt  2	[0.00 s]
0.0.B: Trace Attempt  3	[0.00 s]
0.0.B: Trace Attempt  4	[0.00 s]
0.0.N: Trace Attempt  1	[0.00 s]
0.0.B: Trace Attempt  5	[0.00 s]
0.0.N: Trace Attempt  2	[0.00 s]
0.0.N: Trace Attempt  2	[0.00 s]
0.0.N: Trace Attempt  3	[0.00 s]
0.0.N: Trace Attempt  3	[0.00 s]
0.0.N: Trace Attempt  4	[0.00 s]
0.0.N: Trace Attempt  5	[0.00 s]
0.0.N: Trace Attempt  1	[0.01 s]
0.0.N: Trace Attempt  2	[0.01 s]
0.0.N: Trace Attempt  3	[0.01 s]
0.0.N: Validation of fixpoint was successful. Time = 0.00
0.0.N: A proof was found: No trace exists. [0.01 s]
INFO (IPF057): 0.0.N: The property "descrambler.u_descrambler_sva.gen_dout_chk[272]._assert_9" was proven in 0.01 s.
0.0.N: Stopped processing property "descrambler.u_descrambler_sva.gen_dout_chk[272]._assert_9"	[0.01 s].
0.0.N: Starting proof for property "descrambler.u_descrambler_sva.gen_dout_chk[273]._assert_9"	[0.00 s].
0.0.B: Stopped processing property "descrambler.u_descrambler_sva.gen_dout_chk[272]._assert_9"	[0.01 s].
0.0.B: Starting proof for property "descrambler.u_descrambler_sva.gen_dout_chk[273]._assert_9"	[0.00 s].
0.0.B: A max_length bound was found. The shortest trace is no longer than 128 cycles. [0.00 s]
INFO (IPF008): 0.0.B: A max_length bound of 128 was found for the property "descrambler.u_descrambler_sva.gen_dout_chk[273]._assert_9" in 0.00 s.
0.0.B: Trace Attempt  1	[0.00 s]
0.0.B: Trace Attempt  2	[0.00 s]
0.0.B: Trace Attempt  3	[0.00 s]
0.0.B: Trace Attempt  4	[0.00 s]
0.0.N: Trace Attempt  1	[0.00 s]
0.0.B: Trace Attempt  5	[0.00 s]
0.0.N: Trace Attempt  2	[0.00 s]
0.0.N: Trace Attempt  2	[0.00 s]
0.0.N: Trace Attempt  3	[0.00 s]
0.0.N: Trace Attempt  3	[0.00 s]
0.0.N: Trace Attempt  4	[0.00 s]
0.0.N: Trace Attempt  5	[0.00 s]
0.0.N: Trace Attempt  1	[0.01 s]
0.0.N: Trace Attempt  2	[0.01 s]
0.0.N: Trace Attempt  3	[0.01 s]
0.0.N: Validation of fixpoint was successful. Time = 0.00
0.0.N: A proof was found: No trace exists. [0.01 s]
INFO (IPF057): 0.0.N: The property "descrambler.u_descrambler_sva.gen_dout_chk[273]._assert_9" was proven in 0.01 s.
0.0.N: Stopped processing property "descrambler.u_descrambler_sva.gen_dout_chk[273]._assert_9"	[0.01 s].
0.0.N: Starting proof for property "descrambler.u_descrambler_sva.gen_dout_chk[274]._assert_9"	[0.00 s].
0.0.B: Stopped processing property "descrambler.u_descrambler_sva.gen_dout_chk[273]._assert_9"	[0.01 s].
0.0.B: Starting proof for property "descrambler.u_descrambler_sva.gen_dout_chk[274]._assert_9"	[0.00 s].
0.0.B: A max_length bound was found. The shortest trace is no longer than 128 cycles. [0.00 s]
INFO (IPF008): 0.0.B: A max_length bound of 128 was found for the property "descrambler.u_descrambler_sva.gen_dout_chk[274]._assert_9" in 0.00 s.
0.0.B: Trace Attempt  1	[0.00 s]
0.0.B: Trace Attempt  2	[0.00 s]
0.0.B: Trace Attempt  3	[0.00 s]
0.0.B: Trace Attempt  4	[0.00 s]
0.0.N: Trace Attempt  1	[0.00 s]
0.0.B: Trace Attempt  5	[0.00 s]
0.0.N: Trace Attempt  2	[0.00 s]
0.0.N: Trace Attempt  2	[0.00 s]
0.0.N: Trace Attempt  3	[0.00 s]
0.0.N: Trace Attempt  3	[0.00 s]
0.0.N: Trace Attempt  4	[0.00 s]
0.0.N: Trace Attempt  5	[0.00 s]
0.0.N: Trace Attempt  1	[0.01 s]
0.0.N: Trace Attempt  2	[0.01 s]
0.0.N: Trace Attempt  3	[0.01 s]
0.0.N: Validation of fixpoint was successful. Time = 0.00
0.0.N: A proof was found: No trace exists. [0.01 s]
INFO (IPF057): 0.0.N: The property "descrambler.u_descrambler_sva.gen_dout_chk[274]._assert_9" was proven in 0.01 s.
0.0.B: Stopped processing property "descrambler.u_descrambler_sva.gen_dout_chk[274]._assert_9"	[0.01 s].
0.0.B: Starting proof for property "descrambler.u_descrambler_sva.gen_dout_chk[275]._assert_9"	[0.00 s].
0.0.N: Stopped processing property "descrambler.u_descrambler_sva.gen_dout_chk[274]._assert_9"	[0.01 s].
0.0.N: Starting proof for property "descrambler.u_descrambler_sva.gen_dout_chk[275]._assert_9"	[0.00 s].
0.0.B: A max_length bound was found. The shortest trace is no longer than 128 cycles. [0.00 s]
INFO (IPF008): 0.0.B: A max_length bound of 128 was found for the property "descrambler.u_descrambler_sva.gen_dout_chk[275]._assert_9" in 0.00 s.
0.0.B: Trace Attempt  1	[0.00 s]
0.0.B: Trace Attempt  2	[0.00 s]
0.0.B: Trace Attempt  3	[0.00 s]
0.0.B: Trace Attempt  4	[0.00 s]
0.0.B: Trace Attempt  5	[0.00 s]
0.0.N: Trace Attempt  1	[0.00 s]
0.0.N: Trace Attempt  2	[0.00 s]
0.0.N: Trace Attempt  2	[0.00 s]
0.0.N: Trace Attempt  3	[0.00 s]
0.0.N: Trace Attempt  3	[0.00 s]
0.0.N: Trace Attempt  4	[0.00 s]
0.0.N: Trace Attempt  5	[0.00 s]
0.0.N: Trace Attempt  1	[0.01 s]
0.0.N: Trace Attempt  2	[0.01 s]
0.0.N: Trace Attempt  3	[0.01 s]
0.0.N: Validation of fixpoint was successful. Time = 0.00
0.0.N: A proof was found: No trace exists. [0.01 s]
INFO (IPF057): 0.0.N: The property "descrambler.u_descrambler_sva.gen_dout_chk[275]._assert_9" was proven in 0.01 s.
0.0.N: Stopped processing property "descrambler.u_descrambler_sva.gen_dout_chk[275]._assert_9"	[0.01 s].
0.0.N: Starting proof for property "descrambler.u_descrambler_sva.gen_dout_chk[276]._assert_9"	[0.00 s].
0.0.B: Stopped processing property "descrambler.u_descrambler_sva.gen_dout_chk[275]._assert_9"	[0.01 s].
0.0.B: Starting proof for property "descrambler.u_descrambler_sva.gen_dout_chk[276]._assert_9"	[0.00 s].
0.0.B: A max_length bound was found. The shortest trace is no longer than 128 cycles. [0.00 s]
INFO (IPF008): 0.0.B: A max_length bound of 128 was found for the property "descrambler.u_descrambler_sva.gen_dout_chk[276]._assert_9" in 0.00 s.
0.0.B: Trace Attempt  1	[0.00 s]
0.0.B: Trace Attempt  2	[0.00 s]
0.0.B: Trace Attempt  3	[0.00 s]
0.0.B: Trace Attempt  4	[0.00 s]
0.0.N: Trace Attempt  1	[0.00 s]
0.0.B: Trace Attempt  5	[0.00 s]
0.0.N: Trace Attempt  2	[0.00 s]
0.0.N: Trace Attempt  2	[0.00 s]
0.0.N: Trace Attempt  3	[0.00 s]
0.0.N: Trace Attempt  3	[0.00 s]
0.0.N: Trace Attempt  4	[0.00 s]
0.0.N: Trace Attempt  5	[0.00 s]
0.0.N: Trace Attempt  1	[0.01 s]
0.0.N: Trace Attempt  2	[0.01 s]
0.0.N: Trace Attempt  3	[0.01 s]
0.0.N: Validation of fixpoint was successful. Time = 0.00
0.0.N: A proof was found: No trace exists. [0.01 s]
INFO (IPF057): 0.0.N: The property "descrambler.u_descrambler_sva.gen_dout_chk[276]._assert_9" was proven in 0.01 s.
0.0.N: Stopped processing property "descrambler.u_descrambler_sva.gen_dout_chk[276]._assert_9"	[0.01 s].
0.0.N: Starting proof for property "descrambler.u_descrambler_sva.gen_dout_chk[277]._assert_9"	[0.00 s].
0.0.B: Stopped processing property "descrambler.u_descrambler_sva.gen_dout_chk[276]._assert_9"	[0.01 s].
0.0.B: Starting proof for property "descrambler.u_descrambler_sva.gen_dout_chk[277]._assert_9"	[0.00 s].
0.0.B: A max_length bound was found. The shortest trace is no longer than 128 cycles. [0.00 s]
INFO (IPF008): 0.0.B: A max_length bound of 128 was found for the property "descrambler.u_descrambler_sva.gen_dout_chk[277]._assert_9" in 0.00 s.
0.0.B: Trace Attempt  1	[0.00 s]
0.0.B: Trace Attempt  2	[0.00 s]
0.0.B: Trace Attempt  3	[0.00 s]
0.0.B: Trace Attempt  4	[0.00 s]
0.0.N: Trace Attempt  1	[0.00 s]
0.0.B: Trace Attempt  5	[0.00 s]
0.0.N: Trace Attempt  2	[0.00 s]
0.0.N: Trace Attempt  2	[0.00 s]
0.0.N: Trace Attempt  3	[0.00 s]
0.0.N: Trace Attempt  3	[0.00 s]
0.0.N: Trace Attempt  4	[0.00 s]
0.0.N: Trace Attempt  5	[0.00 s]
0.0.N: Trace Attempt  1	[0.01 s]
0.0.N: Trace Attempt  2	[0.01 s]
0.0.N: Trace Attempt  3	[0.01 s]
0.0.N: Validation of fixpoint was successful. Time = 0.00
0.0.N: A proof was found: No trace exists. [0.01 s]
INFO (IPF057): 0.0.N: The property "descrambler.u_descrambler_sva.gen_dout_chk[277]._assert_9" was proven in 0.01 s.
0.0.N: Stopped processing property "descrambler.u_descrambler_sva.gen_dout_chk[277]._assert_9"	[0.01 s].
0.0.N: Starting proof for property "descrambler.u_descrambler_sva.gen_dout_chk[278]._assert_9"	[0.00 s].
0.0.B: Stopped processing property "descrambler.u_descrambler_sva.gen_dout_chk[277]._assert_9"	[0.01 s].
0.0.B: Starting proof for property "descrambler.u_descrambler_sva.gen_dout_chk[278]._assert_9"	[0.00 s].
0.0.B: A max_length bound was found. The shortest trace is no longer than 128 cycles. [0.00 s]
INFO (IPF008): 0.0.B: A max_length bound of 128 was found for the property "descrambler.u_descrambler_sva.gen_dout_chk[278]._assert_9" in 0.00 s.
0.0.B: Trace Attempt  1	[0.00 s]
0.0.B: Trace Attempt  2	[0.00 s]
0.0.N: Trace Attempt  1	[0.00 s]
0.0.B: Trace Attempt  3	[0.00 s]
0.0.B: Trace Attempt  4	[0.00 s]
0.0.B: Trace Attempt  5	[0.00 s]
0.0.N: Trace Attempt  2	[0.00 s]
0.0.N: Trace Attempt  2	[0.00 s]
0.0.N: Trace Attempt  3	[0.00 s]
0.0.N: Trace Attempt  3	[0.00 s]
0.0.N: Trace Attempt  4	[0.00 s]
0.0.N: Trace Attempt  5	[0.00 s]
0.0.N: Trace Attempt  1	[0.01 s]
0.0.N: Trace Attempt  2	[0.01 s]
0.0.N: Trace Attempt  3	[0.01 s]
0.0.N: Validation of fixpoint was successful. Time = 0.00
0.0.N: A proof was found: No trace exists. [0.01 s]
INFO (IPF057): 0.0.N: The property "descrambler.u_descrambler_sva.gen_dout_chk[278]._assert_9" was proven in 0.01 s.
0.0.N: Stopped processing property "descrambler.u_descrambler_sva.gen_dout_chk[278]._assert_9"	[0.01 s].
0.0.N: Starting proof for property "descrambler.u_descrambler_sva.gen_dout_chk[279]._assert_9"	[0.00 s].
0.0.B: Stopped processing property "descrambler.u_descrambler_sva.gen_dout_chk[278]._assert_9"	[0.01 s].
0.0.B: Starting proof for property "descrambler.u_descrambler_sva.gen_dout_chk[279]._assert_9"	[0.00 s].
0.0.B: A max_length bound was found. The shortest trace is no longer than 128 cycles. [0.00 s]
INFO (IPF008): 0.0.B: A max_length bound of 128 was found for the property "descrambler.u_descrambler_sva.gen_dout_chk[279]._assert_9" in 0.00 s.
0.0.B: Trace Attempt  1	[0.00 s]
0.0.B: Trace Attempt  2	[0.00 s]
0.0.B: Trace Attempt  3	[0.00 s]
0.0.B: Trace Attempt  4	[0.00 s]
0.0.N: Trace Attempt  1	[0.00 s]
0.0.B: Trace Attempt  5	[0.00 s]
0.0.N: Trace Attempt  2	[0.00 s]
0.0.N: Trace Attempt  2	[0.00 s]
0.0.N: Trace Attempt  3	[0.00 s]
0.0.N: Trace Attempt  3	[0.00 s]
0.0.N: Trace Attempt  4	[0.00 s]
0.0.N: Trace Attempt  5	[0.00 s]
0.0.N: Trace Attempt  1	[0.01 s]
0.0.N: Trace Attempt  2	[0.01 s]
0.0.N: Trace Attempt  3	[0.01 s]
0.0.N: Validation of fixpoint was successful. Time = 0.00
0.0.N: A proof was found: No trace exists. [0.01 s]
INFO (IPF057): 0.0.N: The property "descrambler.u_descrambler_sva.gen_dout_chk[279]._assert_9" was proven in 0.01 s.
0.0.N: Stopped processing property "descrambler.u_descrambler_sva.gen_dout_chk[279]._assert_9"	[0.01 s].
0.0.N: Starting proof for property "descrambler.u_descrambler_sva.gen_dout_chk[280]._assert_9"	[0.00 s].
0.0.B: Stopped processing property "descrambler.u_descrambler_sva.gen_dout_chk[279]._assert_9"	[0.01 s].
0.0.B: Starting proof for property "descrambler.u_descrambler_sva.gen_dout_chk[280]._assert_9"	[0.00 s].
0.0.B: A max_length bound was found. The shortest trace is no longer than 128 cycles. [0.00 s]
INFO (IPF008): 0.0.B: A max_length bound of 128 was found for the property "descrambler.u_descrambler_sva.gen_dout_chk[280]._assert_9" in 0.00 s.
0.0.B: Trace Attempt  1	[0.00 s]
0.0.B: Trace Attempt  2	[0.00 s]
0.0.N: Trace Attempt  1	[0.00 s]
0.0.B: Trace Attempt  3	[0.00 s]
0.0.B: Trace Attempt  4	[0.00 s]
0.0.B: Trace Attempt  5	[0.00 s]
0.0.N: Trace Attempt  2	[0.00 s]
0.0.N: Trace Attempt  2	[0.00 s]
0.0.N: Trace Attempt  3	[0.00 s]
0.0.N: Trace Attempt  3	[0.00 s]
0.0.N: Trace Attempt  4	[0.00 s]
0.0.N: Trace Attempt  5	[0.00 s]
0.0.N: Trace Attempt  1	[0.01 s]
0.0.N: Trace Attempt  2	[0.01 s]
0.0.N: Trace Attempt  3	[0.01 s]
0.0.N: Validation of fixpoint was successful. Time = 0.00
0.0.N: A proof was found: No trace exists. [0.01 s]
INFO (IPF057): 0.0.N: The property "descrambler.u_descrambler_sva.gen_dout_chk[280]._assert_9" was proven in 0.01 s.
0.0.N: Stopped processing property "descrambler.u_descrambler_sva.gen_dout_chk[280]._assert_9"	[0.01 s].
0.0.N: Starting proof for property "descrambler.u_descrambler_sva.gen_dout_chk[281]._assert_9"	[0.00 s].
0.0.B: Stopped processing property "descrambler.u_descrambler_sva.gen_dout_chk[280]._assert_9"	[0.01 s].
0.0.B: Starting proof for property "descrambler.u_descrambler_sva.gen_dout_chk[281]._assert_9"	[0.00 s].
0.0.B: A max_length bound was found. The shortest trace is no longer than 128 cycles. [0.00 s]
INFO (IPF008): 0.0.B: A max_length bound of 128 was found for the property "descrambler.u_descrambler_sva.gen_dout_chk[281]._assert_9" in 0.00 s.
0.0.B: Trace Attempt  1	[0.00 s]
0.0.B: Trace Attempt  2	[0.00 s]
0.0.B: Trace Attempt  3	[0.00 s]
0.0.B: Trace Attempt  4	[0.00 s]
0.0.N: Trace Attempt  1	[0.00 s]
0.0.B: Trace Attempt  5	[0.00 s]
0.0.N: Trace Attempt  2	[0.00 s]
0.0.N: Trace Attempt  2	[0.00 s]
0.0.N: Trace Attempt  3	[0.00 s]
0.0.N: Trace Attempt  3	[0.00 s]
0.0.N: Trace Attempt  4	[0.00 s]
0.0.N: Trace Attempt  5	[0.00 s]
0.0.N: Trace Attempt  1	[0.01 s]
0.0.N: Trace Attempt  2	[0.01 s]
0.0.N: Trace Attempt  3	[0.01 s]
0.0.N: Validation of fixpoint was successful. Time = 0.00
0.0.N: A proof was found: No trace exists. [0.01 s]
INFO (IPF057): 0.0.N: The property "descrambler.u_descrambler_sva.gen_dout_chk[281]._assert_9" was proven in 0.01 s.
0.0.N: Stopped processing property "descrambler.u_descrambler_sva.gen_dout_chk[281]._assert_9"	[0.01 s].
0.0.N: Starting proof for property "descrambler.u_descrambler_sva.gen_dout_chk[282]._assert_9"	[0.00 s].
0.0.B: Stopped processing property "descrambler.u_descrambler_sva.gen_dout_chk[281]._assert_9"	[0.01 s].
0.0.B: Starting proof for property "descrambler.u_descrambler_sva.gen_dout_chk[282]._assert_9"	[0.00 s].
0.0.B: A max_length bound was found. The shortest trace is no longer than 128 cycles. [0.00 s]
INFO (IPF008): 0.0.B: A max_length bound of 128 was found for the property "descrambler.u_descrambler_sva.gen_dout_chk[282]._assert_9" in 0.00 s.
0.0.B: Trace Attempt  1	[0.00 s]
0.0.B: Trace Attempt  2	[0.00 s]
0.0.B: Trace Attempt  3	[0.00 s]
0.0.B: Trace Attempt  4	[0.00 s]
0.0.N: Trace Attempt  1	[0.00 s]
0.0.B: Trace Attempt  5	[0.00 s]
0.0.N: Trace Attempt  2	[0.00 s]
0.0.N: Trace Attempt  2	[0.00 s]
0.0.N: Trace Attempt  3	[0.00 s]
0.0.N: Trace Attempt  3	[0.00 s]
0.0.N: Trace Attempt  4	[0.00 s]
0.0.N: Trace Attempt  5	[0.00 s]
0.0.N: Trace Attempt  1	[0.01 s]
0.0.N: Trace Attempt  2	[0.01 s]
0.0.N: Trace Attempt  3	[0.01 s]
0.0.N: Validation of fixpoint was successful. Time = 0.00
0.0.N: A proof was found: No trace exists. [0.01 s]
INFO (IPF057): 0.0.N: The property "descrambler.u_descrambler_sva.gen_dout_chk[282]._assert_9" was proven in 0.01 s.
0.0.N: Stopped processing property "descrambler.u_descrambler_sva.gen_dout_chk[282]._assert_9"	[0.01 s].
0.0.N: Starting proof for property "descrambler.u_descrambler_sva.gen_dout_chk[283]._assert_9"	[0.00 s].
0.0.B: Stopped processing property "descrambler.u_descrambler_sva.gen_dout_chk[282]._assert_9"	[0.01 s].
0.0.B: Starting proof for property "descrambler.u_descrambler_sva.gen_dout_chk[283]._assert_9"	[0.00 s].
0.0.B: A max_length bound was found. The shortest trace is no longer than 128 cycles. [0.00 s]
INFO (IPF008): 0.0.B: A max_length bound of 128 was found for the property "descrambler.u_descrambler_sva.gen_dout_chk[283]._assert_9" in 0.00 s.
0.0.B: Trace Attempt  1	[0.00 s]
0.0.B: Trace Attempt  2	[0.00 s]
0.0.N: Trace Attempt  1	[0.00 s]
0.0.B: Trace Attempt  3	[0.00 s]
0.0.B: Trace Attempt  4	[0.00 s]
0.0.B: Trace Attempt  5	[0.00 s]
0.0.N: Trace Attempt  2	[0.00 s]
0.0.N: Trace Attempt  2	[0.00 s]
0.0.N: Trace Attempt  3	[0.00 s]
0.0.N: Trace Attempt  3	[0.00 s]
0.0.N: Trace Attempt  4	[0.00 s]
0.0.N: Trace Attempt  5	[0.00 s]
0.0.N: Trace Attempt  1	[0.01 s]
0.0.N: Trace Attempt  2	[0.01 s]
0.0.N: Trace Attempt  3	[0.01 s]
0.0.N: Validation of fixpoint was successful. Time = 0.00
0.0.N: A proof was found: No trace exists. [0.01 s]
INFO (IPF057): 0.0.N: The property "descrambler.u_descrambler_sva.gen_dout_chk[283]._assert_9" was proven in 0.01 s.
0.0.N: Stopped processing property "descrambler.u_descrambler_sva.gen_dout_chk[283]._assert_9"	[0.01 s].
0.0.N: Starting proof for property "descrambler.u_descrambler_sva.gen_dout_chk[284]._assert_9"	[0.00 s].
0.0.B: Stopped processing property "descrambler.u_descrambler_sva.gen_dout_chk[283]._assert_9"	[0.01 s].
0.0.B: Starting proof for property "descrambler.u_descrambler_sva.gen_dout_chk[284]._assert_9"	[0.00 s].
0.0.B: A max_length bound was found. The shortest trace is no longer than 128 cycles. [0.00 s]
INFO (IPF008): 0.0.B: A max_length bound of 128 was found for the property "descrambler.u_descrambler_sva.gen_dout_chk[284]._assert_9" in 0.00 s.
0.0.B: Trace Attempt  1	[0.00 s]
0.0.B: Trace Attempt  2	[0.00 s]
0.0.N: Trace Attempt  1	[0.00 s]
0.0.B: Trace Attempt  3	[0.00 s]
0.0.B: Trace Attempt  4	[0.00 s]
0.0.B: Trace Attempt  5	[0.00 s]
0.0.N: Trace Attempt  2	[0.00 s]
0.0.N: Trace Attempt  2	[0.00 s]
0.0.N: Trace Attempt  3	[0.00 s]
0.0.N: Trace Attempt  3	[0.00 s]
0.0.N: Trace Attempt  4	[0.00 s]
0.0.N: Trace Attempt  5	[0.00 s]
0.0.N: Trace Attempt  1	[0.01 s]
0.0.N: Trace Attempt  2	[0.01 s]
0.0.N: Trace Attempt  3	[0.01 s]
0.0.N: Validation of fixpoint was successful. Time = 0.00
0.0.N: A proof was found: No trace exists. [0.01 s]
INFO (IPF057): 0.0.N: The property "descrambler.u_descrambler_sva.gen_dout_chk[284]._assert_9" was proven in 0.01 s.
0.0.N: Stopped processing property "descrambler.u_descrambler_sva.gen_dout_chk[284]._assert_9"	[0.01 s].
0.0.N: Starting proof for property "descrambler.u_descrambler_sva.gen_dout_chk[285]._assert_9"	[0.00 s].
0.0.B: Stopped processing property "descrambler.u_descrambler_sva.gen_dout_chk[284]._assert_9"	[0.01 s].
0.0.B: Starting proof for property "descrambler.u_descrambler_sva.gen_dout_chk[285]._assert_9"	[0.00 s].
0.0.B: A max_length bound was found. The shortest trace is no longer than 128 cycles. [0.00 s]
INFO (IPF008): 0.0.B: A max_length bound of 128 was found for the property "descrambler.u_descrambler_sva.gen_dout_chk[285]._assert_9" in 0.00 s.
0.0.B: Trace Attempt  1	[0.00 s]
0.0.B: Trace Attempt  2	[0.00 s]
0.0.B: Trace Attempt  3	[0.00 s]
0.0.B: Trace Attempt  4	[0.00 s]
0.0.N: Trace Attempt  1	[0.00 s]
0.0.B: Trace Attempt  5	[0.00 s]
0.0.N: Trace Attempt  2	[0.00 s]
0.0.N: Trace Attempt  2	[0.00 s]
0.0.N: Trace Attempt  3	[0.00 s]
0.0.N: Trace Attempt  3	[0.00 s]
0.0.N: Trace Attempt  4	[0.00 s]
0.0.N: Trace Attempt  5	[0.00 s]
0.0.N: Trace Attempt  1	[0.01 s]
0.0.N: Trace Attempt  2	[0.01 s]
0.0.N: Trace Attempt  3	[0.01 s]
0.0.N: Validation of fixpoint was successful. Time = 0.00
0.0.N: A proof was found: No trace exists. [0.01 s]
INFO (IPF057): 0.0.N: The property "descrambler.u_descrambler_sva.gen_dout_chk[285]._assert_9" was proven in 0.01 s.
0.0.N: Stopped processing property "descrambler.u_descrambler_sva.gen_dout_chk[285]._assert_9"	[0.01 s].
0.0.N: Starting proof for property "descrambler.u_descrambler_sva.gen_dout_chk[286]._assert_9"	[0.00 s].
0.0.B: Stopped processing property "descrambler.u_descrambler_sva.gen_dout_chk[285]._assert_9"	[0.01 s].
0.0.B: Starting proof for property "descrambler.u_descrambler_sva.gen_dout_chk[286]._assert_9"	[0.00 s].
0.0.B: A max_length bound was found. The shortest trace is no longer than 128 cycles. [0.00 s]
INFO (IPF008): 0.0.B: A max_length bound of 128 was found for the property "descrambler.u_descrambler_sva.gen_dout_chk[286]._assert_9" in 0.00 s.
0.0.B: Trace Attempt  1	[0.00 s]
0.0.B: Trace Attempt  2	[0.00 s]
0.0.B: Trace Attempt  3	[0.00 s]
0.0.B: Trace Attempt  4	[0.00 s]
0.0.N: Trace Attempt  1	[0.00 s]
0.0.B: Trace Attempt  5	[0.00 s]
0.0.N: Trace Attempt  2	[0.00 s]
0.0.N: Trace Attempt  2	[0.00 s]
0.0.N: Trace Attempt  3	[0.00 s]
0.0.N: Trace Attempt  3	[0.00 s]
0.0.N: Trace Attempt  4	[0.00 s]
0.0.N: Trace Attempt  5	[0.00 s]
0.0.N: Trace Attempt  1	[0.01 s]
0.0.N: Trace Attempt  2	[0.01 s]
0.0.N: Trace Attempt  3	[0.01 s]
0.0.N: Validation of fixpoint was successful. Time = 0.00
0.0.N: A proof was found: No trace exists. [0.01 s]
INFO (IPF057): 0.0.N: The property "descrambler.u_descrambler_sva.gen_dout_chk[286]._assert_9" was proven in 0.01 s.
0.0.B: Stopped processing property "descrambler.u_descrambler_sva.gen_dout_chk[286]._assert_9"	[0.01 s].
0.0.B: Starting proof for property "descrambler.u_descrambler_sva.gen_dout_chk[287]._assert_9"	[0.00 s].
0.0.N: Stopped processing property "descrambler.u_descrambler_sva.gen_dout_chk[286]._assert_9"	[0.01 s].
0.0.N: Starting proof for property "descrambler.u_descrambler_sva.gen_dout_chk[287]._assert_9"	[0.00 s].
0.0.B: A max_length bound was found. The shortest trace is no longer than 128 cycles. [0.00 s]
INFO (IPF008): 0.0.B: A max_length bound of 128 was found for the property "descrambler.u_descrambler_sva.gen_dout_chk[287]._assert_9" in 0.00 s.
0.0.B: Trace Attempt  1	[0.00 s]
0.0.B: Trace Attempt  2	[0.00 s]
0.0.B: Trace Attempt  3	[0.00 s]
0.0.B: Trace Attempt  4	[0.00 s]
0.0.B: Trace Attempt  5	[0.00 s]
0.0.N: Trace Attempt  1	[0.00 s]
0.0.N: Trace Attempt  2	[0.00 s]
0.0.N: Trace Attempt  2	[0.00 s]
0.0.N: Trace Attempt  3	[0.00 s]
0.0.N: Trace Attempt  3	[0.00 s]
0.0.N: Trace Attempt  4	[0.00 s]
0.0.N: Trace Attempt  5	[0.00 s]
0.0.N: Trace Attempt  1	[0.01 s]
0.0.N: Trace Attempt  2	[0.01 s]
0.0.N: Trace Attempt  3	[0.01 s]
0.0.N: Validation of fixpoint was successful. Time = 0.00
0.0.N: A proof was found: No trace exists. [0.01 s]
INFO (IPF057): 0.0.N: The property "descrambler.u_descrambler_sva.gen_dout_chk[287]._assert_9" was proven in 0.01 s.
0.0.N: Stopped processing property "descrambler.u_descrambler_sva.gen_dout_chk[287]._assert_9"	[0.01 s].
0.0.N: Starting proof for property "descrambler.u_descrambler_sva.gen_dout_chk[288]._assert_9"	[0.00 s].
0.0.B: Stopped processing property "descrambler.u_descrambler_sva.gen_dout_chk[287]._assert_9"	[0.01 s].
0.0.B: Starting proof for property "descrambler.u_descrambler_sva.gen_dout_chk[288]._assert_9"	[0.00 s].
0.0.B: A max_length bound was found. The shortest trace is no longer than 128 cycles. [0.00 s]
INFO (IPF008): 0.0.B: A max_length bound of 128 was found for the property "descrambler.u_descrambler_sva.gen_dout_chk[288]._assert_9" in 0.00 s.
0.0.B: Trace Attempt  1	[0.00 s]
0.0.B: Trace Attempt  2	[0.00 s]
0.0.B: Trace Attempt  3	[0.00 s]
0.0.B: Trace Attempt  4	[0.00 s]
0.0.N: Trace Attempt  1	[0.00 s]
0.0.B: Trace Attempt  5	[0.00 s]
0.0.N: Trace Attempt  2	[0.00 s]
0.0.N: Trace Attempt  2	[0.00 s]
0.0.N: Trace Attempt  3	[0.00 s]
0.0.N: Trace Attempt  3	[0.00 s]
0.0.N: Trace Attempt  4	[0.00 s]
0.0.N: Trace Attempt  5	[0.00 s]
0.0.N: Trace Attempt  1	[0.01 s]
0.0.N: Trace Attempt  2	[0.01 s]
0.0.N: Trace Attempt  3	[0.01 s]
0.0.N: Validation of fixpoint was successful. Time = 0.00
0.0.N: A proof was found: No trace exists. [0.01 s]
INFO (IPF057): 0.0.N: The property "descrambler.u_descrambler_sva.gen_dout_chk[288]._assert_9" was proven in 0.01 s.
0.0.N: Stopped processing property "descrambler.u_descrambler_sva.gen_dout_chk[288]._assert_9"	[0.01 s].
0.0.N: Starting proof for property "descrambler.u_descrambler_sva.gen_dout_chk[289]._assert_9"	[0.00 s].
0.0.B: Stopped processing property "descrambler.u_descrambler_sva.gen_dout_chk[288]._assert_9"	[0.01 s].
0.0.B: Starting proof for property "descrambler.u_descrambler_sva.gen_dout_chk[289]._assert_9"	[0.00 s].
0.0.B: A max_length bound was found. The shortest trace is no longer than 128 cycles. [0.00 s]
INFO (IPF008): 0.0.B: A max_length bound of 128 was found for the property "descrambler.u_descrambler_sva.gen_dout_chk[289]._assert_9" in 0.00 s.
0.0.B: Trace Attempt  1	[0.00 s]
0.0.B: Trace Attempt  2	[0.00 s]
0.0.B: Trace Attempt  3	[0.00 s]
0.0.B: Trace Attempt  4	[0.00 s]
0.0.N: Trace Attempt  1	[0.00 s]
0.0.B: Trace Attempt  5	[0.00 s]
0.0.N: Trace Attempt  2	[0.00 s]
0.0.N: Trace Attempt  2	[0.00 s]
0.0.N: Trace Attempt  3	[0.00 s]
0.0.N: Trace Attempt  3	[0.00 s]
0.0.N: Trace Attempt  4	[0.00 s]
0.0.N: Trace Attempt  5	[0.00 s]
0.0.N: Trace Attempt  1	[0.01 s]
0.0.N: Trace Attempt  2	[0.01 s]
0.0.N: Trace Attempt  3	[0.01 s]
0.0.N: Validation of fixpoint was successful. Time = 0.00
0.0.N: A proof was found: No trace exists. [0.01 s]
INFO (IPF057): 0.0.N: The property "descrambler.u_descrambler_sva.gen_dout_chk[289]._assert_9" was proven in 0.01 s.
0.0.B: Stopped processing property "descrambler.u_descrambler_sva.gen_dout_chk[289]._assert_9"	[0.01 s].
0.0.B: Starting proof for property "descrambler.u_descrambler_sva.gen_dout_chk[290]._assert_9"	[0.00 s].
0.0.N: Stopped processing property "descrambler.u_descrambler_sva.gen_dout_chk[289]._assert_9"	[0.01 s].
0.0.N: Starting proof for property "descrambler.u_descrambler_sva.gen_dout_chk[290]._assert_9"	[0.00 s].
0.0.B: A max_length bound was found. The shortest trace is no longer than 128 cycles. [0.00 s]
INFO (IPF008): 0.0.B: A max_length bound of 128 was found for the property "descrambler.u_descrambler_sva.gen_dout_chk[290]._assert_9" in 0.00 s.
0.0.B: Trace Attempt  1	[0.00 s]
0.0.B: Trace Attempt  2	[0.00 s]
0.0.B: Trace Attempt  3	[0.00 s]
0.0.B: Trace Attempt  4	[0.00 s]
0.0.B: Trace Attempt  5	[0.00 s]
0.0.N: Trace Attempt  1	[0.00 s]
0.0.N: Trace Attempt  2	[0.00 s]
0.0.N: Trace Attempt  2	[0.00 s]
0.0.N: Trace Attempt  3	[0.00 s]
0.0.N: Trace Attempt  3	[0.00 s]
0.0.N: Trace Attempt  4	[0.00 s]
0.0.N: Trace Attempt  5	[0.00 s]
0.0.N: Trace Attempt  1	[0.01 s]
0.0.N: Trace Attempt  2	[0.01 s]
0.0.N: Trace Attempt  3	[0.01 s]
0.0.N: Validation of fixpoint was successful. Time = 0.00
0.0.N: A proof was found: No trace exists. [0.01 s]
INFO (IPF057): 0.0.N: The property "descrambler.u_descrambler_sva.gen_dout_chk[290]._assert_9" was proven in 0.01 s.
0.0.N: Stopped processing property "descrambler.u_descrambler_sva.gen_dout_chk[290]._assert_9"	[0.01 s].
0.0.N: Starting proof for property "descrambler.u_descrambler_sva.gen_dout_chk[291]._assert_9"	[0.00 s].
0.0.B: Stopped processing property "descrambler.u_descrambler_sva.gen_dout_chk[290]._assert_9"	[0.01 s].
0.0.B: Starting proof for property "descrambler.u_descrambler_sva.gen_dout_chk[291]._assert_9"	[0.00 s].
0.0.B: A max_length bound was found. The shortest trace is no longer than 128 cycles. [0.00 s]
INFO (IPF008): 0.0.B: A max_length bound of 128 was found for the property "descrambler.u_descrambler_sva.gen_dout_chk[291]._assert_9" in 0.00 s.
0.0.B: Trace Attempt  1	[0.00 s]
0.0.B: Trace Attempt  2	[0.00 s]
0.0.B: Trace Attempt  3	[0.00 s]
0.0.B: Trace Attempt  4	[0.00 s]
0.0.N: Trace Attempt  1	[0.00 s]
0.0.B: Trace Attempt  5	[0.00 s]
0.0.N: Trace Attempt  2	[0.00 s]
0.0.N: Trace Attempt  2	[0.00 s]
0.0.N: Trace Attempt  3	[0.00 s]
0.0.N: Trace Attempt  3	[0.00 s]
0.0.N: Trace Attempt  4	[0.00 s]
0.0.N: Trace Attempt  5	[0.00 s]
0.0.N: Trace Attempt  1	[0.01 s]
0.0.N: Trace Attempt  2	[0.01 s]
0.0.N: Trace Attempt  3	[0.01 s]
0.0.N: Validation of fixpoint was successful. Time = 0.00
0.0.N: A proof was found: No trace exists. [0.01 s]
INFO (IPF057): 0.0.N: The property "descrambler.u_descrambler_sva.gen_dout_chk[291]._assert_9" was proven in 0.01 s.
0.0.N: Stopped processing property "descrambler.u_descrambler_sva.gen_dout_chk[291]._assert_9"	[0.01 s].
0.0.N: Starting proof for property "descrambler.u_descrambler_sva.gen_dout_chk[292]._assert_9"	[0.00 s].
0.0.B: Stopped processing property "descrambler.u_descrambler_sva.gen_dout_chk[291]._assert_9"	[0.01 s].
0.0.B: Starting proof for property "descrambler.u_descrambler_sva.gen_dout_chk[292]._assert_9"	[0.00 s].
0.0.B: A max_length bound was found. The shortest trace is no longer than 128 cycles. [0.00 s]
INFO (IPF008): 0.0.B: A max_length bound of 128 was found for the property "descrambler.u_descrambler_sva.gen_dout_chk[292]._assert_9" in 0.00 s.
0.0.B: Trace Attempt  1	[0.00 s]
0.0.B: Trace Attempt  2	[0.00 s]
0.0.B: Trace Attempt  3	[0.00 s]
0.0.B: Trace Attempt  4	[0.00 s]
0.0.N: Trace Attempt  1	[0.00 s]
0.0.B: Trace Attempt  5	[0.00 s]
0.0.N: Trace Attempt  2	[0.00 s]
0.0.N: Trace Attempt  2	[0.00 s]
0.0.N: Trace Attempt  3	[0.00 s]
0.0.N: Trace Attempt  3	[0.00 s]
0.0.N: Trace Attempt  4	[0.00 s]
0.0.N: Trace Attempt  5	[0.00 s]
0.0.N: Trace Attempt  1	[0.01 s]
0.0.N: Trace Attempt  2	[0.01 s]
0.0.N: Trace Attempt  3	[0.01 s]
0.0.N: Validation of fixpoint was successful. Time = 0.00
0.0.N: A proof was found: No trace exists. [0.01 s]
INFO (IPF057): 0.0.N: The property "descrambler.u_descrambler_sva.gen_dout_chk[292]._assert_9" was proven in 0.01 s.
0.0.B: Stopped processing property "descrambler.u_descrambler_sva.gen_dout_chk[292]._assert_9"	[0.01 s].
0.0.N: Stopped processing property "descrambler.u_descrambler_sva.gen_dout_chk[292]._assert_9"	[0.01 s].
0.0.N: Starting proof for property "descrambler.u_descrambler_sva.gen_dout_chk[293]._assert_9"	[0.00 s].
0.0.B: Starting proof for property "descrambler.u_descrambler_sva.gen_dout_chk[293]._assert_9"	[0.00 s].
0.0.B: A max_length bound was found. The shortest trace is no longer than 128 cycles. [0.00 s]
INFO (IPF008): 0.0.B: A max_length bound of 128 was found for the property "descrambler.u_descrambler_sva.gen_dout_chk[293]._assert_9" in 0.00 s.
0.0.B: Trace Attempt  1	[0.00 s]
0.0.B: Trace Attempt  2	[0.00 s]
0.0.B: Trace Attempt  3	[0.00 s]
0.0.B: Trace Attempt  4	[0.00 s]
0.0.B: Trace Attempt  5	[0.00 s]
0.0.N: Trace Attempt  1	[0.00 s]
0.0.N: Trace Attempt  2	[0.00 s]
0.0.N: Trace Attempt  2	[0.00 s]
0.0.N: Trace Attempt  3	[0.00 s]
0.0.N: Trace Attempt  3	[0.00 s]
0.0.N: Trace Attempt  4	[0.00 s]
0.0.N: Trace Attempt  5	[0.00 s]
0.0.N: Trace Attempt  1	[0.01 s]
0.0.N: Trace Attempt  2	[0.01 s]
0.0.N: Trace Attempt  3	[0.01 s]
0.0.N: Validation of fixpoint was successful. Time = 0.00
0.0.N: A proof was found: No trace exists. [0.01 s]
INFO (IPF057): 0.0.N: The property "descrambler.u_descrambler_sva.gen_dout_chk[293]._assert_9" was proven in 0.01 s.
0.0.N: Stopped processing property "descrambler.u_descrambler_sva.gen_dout_chk[293]._assert_9"	[0.01 s].
0.0.N: Starting proof for property "descrambler.u_descrambler_sva.gen_dout_chk[294]._assert_9"	[0.00 s].
0.0.B: Stopped processing property "descrambler.u_descrambler_sva.gen_dout_chk[293]._assert_9"	[0.01 s].
0.0.B: Starting proof for property "descrambler.u_descrambler_sva.gen_dout_chk[294]._assert_9"	[0.00 s].
0.0.B: A max_length bound was found. The shortest trace is no longer than 128 cycles. [0.00 s]
INFO (IPF008): 0.0.B: A max_length bound of 128 was found for the property "descrambler.u_descrambler_sva.gen_dout_chk[294]._assert_9" in 0.00 s.
0.0.B: Trace Attempt  1	[0.00 s]
0.0.B: Trace Attempt  2	[0.00 s]
0.0.B: Trace Attempt  3	[0.00 s]
0.0.B: Trace Attempt  4	[0.00 s]
0.0.B: Trace Attempt  5	[0.00 s]
0.0.N: Trace Attempt  1	[0.00 s]
0.0.N: Trace Attempt  2	[0.00 s]
0.0.N: Trace Attempt  2	[0.00 s]
0.0.N: Trace Attempt  3	[0.00 s]
0.0.N: Trace Attempt  3	[0.00 s]
0.0.N: Trace Attempt  4	[0.00 s]
0.0.N: Trace Attempt  5	[0.00 s]
0.0.N: Trace Attempt  1	[0.01 s]
0.0.N: Trace Attempt  2	[0.01 s]
0.0.N: Trace Attempt  3	[0.01 s]
0.0.N: Validation of fixpoint was successful. Time = 0.00
0.0.N: A proof was found: No trace exists. [0.01 s]
INFO (IPF057): 0.0.N: The property "descrambler.u_descrambler_sva.gen_dout_chk[294]._assert_9" was proven in 0.01 s.
0.0.N: Stopped processing property "descrambler.u_descrambler_sva.gen_dout_chk[294]._assert_9"	[0.01 s].
0.0.N: Starting proof for property "descrambler.u_descrambler_sva.gen_dout_chk[295]._assert_9"	[0.00 s].
0.0.B: Stopped processing property "descrambler.u_descrambler_sva.gen_dout_chk[294]._assert_9"	[0.01 s].
0.0.B: Starting proof for property "descrambler.u_descrambler_sva.gen_dout_chk[295]._assert_9"	[0.00 s].
0.0.B: A max_length bound was found. The shortest trace is no longer than 128 cycles. [0.00 s]
INFO (IPF008): 0.0.B: A max_length bound of 128 was found for the property "descrambler.u_descrambler_sva.gen_dout_chk[295]._assert_9" in 0.00 s.
0.0.B: Trace Attempt  1	[0.00 s]
0.0.B: Trace Attempt  2	[0.00 s]
0.0.B: Trace Attempt  3	[0.00 s]
0.0.B: Trace Attempt  4	[0.00 s]
0.0.N: Trace Attempt  1	[0.00 s]
0.0.B: Trace Attempt  5	[0.00 s]
0.0.N: Trace Attempt  2	[0.00 s]
0.0.N: Trace Attempt  2	[0.00 s]
0.0.N: Trace Attempt  3	[0.00 s]
0.0.N: Trace Attempt  3	[0.00 s]
0.0.N: Trace Attempt  4	[0.00 s]
0.0.N: Trace Attempt  5	[0.00 s]
0.0.N: Trace Attempt  1	[0.01 s]
0.0.N: Trace Attempt  2	[0.01 s]
0.0.N: Trace Attempt  3	[0.01 s]
0.0.N: Validation of fixpoint was successful. Time = 0.00
0.0.N: A proof was found: No trace exists. [0.01 s]
INFO (IPF057): 0.0.N: The property "descrambler.u_descrambler_sva.gen_dout_chk[295]._assert_9" was proven in 0.01 s.
0.0.N: Stopped processing property "descrambler.u_descrambler_sva.gen_dout_chk[295]._assert_9"	[0.01 s].
0.0.N: Starting proof for property "descrambler.u_descrambler_sva.gen_dout_chk[296]._assert_9"	[0.00 s].
0.0.B: Stopped processing property "descrambler.u_descrambler_sva.gen_dout_chk[295]._assert_9"	[0.01 s].
0.0.B: Starting proof for property "descrambler.u_descrambler_sva.gen_dout_chk[296]._assert_9"	[0.00 s].
0.0.B: A max_length bound was found. The shortest trace is no longer than 128 cycles. [0.00 s]
INFO (IPF008): 0.0.B: A max_length bound of 128 was found for the property "descrambler.u_descrambler_sva.gen_dout_chk[296]._assert_9" in 0.00 s.
0.0.B: Trace Attempt  1	[0.00 s]
0.0.B: Trace Attempt  2	[0.00 s]
0.0.B: Trace Attempt  3	[0.00 s]
0.0.B: Trace Attempt  4	[0.00 s]
0.0.N: Trace Attempt  1	[0.00 s]
0.0.B: Trace Attempt  5	[0.00 s]
0.0.N: Trace Attempt  2	[0.00 s]
0.0.N: Trace Attempt  2	[0.00 s]
0.0.N: Trace Attempt  3	[0.00 s]
0.0.N: Trace Attempt  3	[0.00 s]
0.0.N: Trace Attempt  4	[0.00 s]
0.0.N: Trace Attempt  5	[0.00 s]
0.0.N: Trace Attempt  1	[0.01 s]
0.0.N: Trace Attempt  2	[0.01 s]
0.0.N: Trace Attempt  3	[0.01 s]
0.0.N: Validation of fixpoint was successful. Time = 0.00
0.0.N: A proof was found: No trace exists. [0.01 s]
INFO (IPF057): 0.0.N: The property "descrambler.u_descrambler_sva.gen_dout_chk[296]._assert_9" was proven in 0.01 s.
0.0.N: Stopped processing property "descrambler.u_descrambler_sva.gen_dout_chk[296]._assert_9"	[0.01 s].
0.0.N: Starting proof for property "descrambler.u_descrambler_sva.gen_dout_chk[297]._assert_9"	[0.00 s].
0.0.B: Stopped processing property "descrambler.u_descrambler_sva.gen_dout_chk[296]._assert_9"	[0.01 s].
0.0.B: Starting proof for property "descrambler.u_descrambler_sva.gen_dout_chk[297]._assert_9"	[0.00 s].
0.0.B: A max_length bound was found. The shortest trace is no longer than 128 cycles. [0.00 s]
INFO (IPF008): 0.0.B: A max_length bound of 128 was found for the property "descrambler.u_descrambler_sva.gen_dout_chk[297]._assert_9" in 0.00 s.
0.0.B: Trace Attempt  1	[0.00 s]
0.0.B: Trace Attempt  2	[0.00 s]
0.0.B: Trace Attempt  3	[0.00 s]
0.0.B: Trace Attempt  4	[0.00 s]
0.0.N: Trace Attempt  1	[0.00 s]
0.0.B: Trace Attempt  5	[0.00 s]
0.0.N: Trace Attempt  2	[0.00 s]
0.0.N: Trace Attempt  2	[0.00 s]
0.0.N: Trace Attempt  3	[0.00 s]
0.0.N: Trace Attempt  3	[0.00 s]
0.0.N: Trace Attempt  4	[0.00 s]
0.0.N: Trace Attempt  5	[0.00 s]
0.0.N: Trace Attempt  1	[0.01 s]
0.0.N: Trace Attempt  2	[0.01 s]
0.0.N: Trace Attempt  3	[0.01 s]
0.0.N: Validation of fixpoint was successful. Time = 0.00
0.0.N: A proof was found: No trace exists. [0.01 s]
INFO (IPF057): 0.0.N: The property "descrambler.u_descrambler_sva.gen_dout_chk[297]._assert_9" was proven in 0.01 s.
0.0.N: Stopped processing property "descrambler.u_descrambler_sva.gen_dout_chk[297]._assert_9"	[0.01 s].
0.0.N: Starting proof for property "descrambler.u_descrambler_sva.gen_dout_chk[298]._assert_9"	[0.00 s].
0.0.B: Stopped processing property "descrambler.u_descrambler_sva.gen_dout_chk[297]._assert_9"	[0.01 s].
0.0.B: Starting proof for property "descrambler.u_descrambler_sva.gen_dout_chk[298]._assert_9"	[0.00 s].
0.0.B: A max_length bound was found. The shortest trace is no longer than 128 cycles. [0.00 s]
INFO (IPF008): 0.0.B: A max_length bound of 128 was found for the property "descrambler.u_descrambler_sva.gen_dout_chk[298]._assert_9" in 0.00 s.
0.0.B: Trace Attempt  1	[0.00 s]
0.0.B: Trace Attempt  2	[0.00 s]
0.0.B: Trace Attempt  3	[0.00 s]
0.0.B: Trace Attempt  4	[0.00 s]
0.0.N: Trace Attempt  1	[0.00 s]
0.0.B: Trace Attempt  5	[0.00 s]
0.0.N: Trace Attempt  2	[0.00 s]
0.0.N: Trace Attempt  2	[0.00 s]
0.0.N: Trace Attempt  3	[0.00 s]
0.0.N: Trace Attempt  3	[0.00 s]
0.0.N: Trace Attempt  4	[0.00 s]
0.0.N: Trace Attempt  5	[0.00 s]
0.0.N: Trace Attempt  1	[0.01 s]
0.0.N: Trace Attempt  2	[0.01 s]
0.0.N: Trace Attempt  3	[0.01 s]
0.0.N: Validation of fixpoint was successful. Time = 0.00
0.0.N: A proof was found: No trace exists. [0.01 s]
INFO (IPF057): 0.0.N: The property "descrambler.u_descrambler_sva.gen_dout_chk[298]._assert_9" was proven in 0.01 s.
0.0.N: Stopped processing property "descrambler.u_descrambler_sva.gen_dout_chk[298]._assert_9"	[0.01 s].
0.0.N: Starting proof for property "descrambler.u_descrambler_sva.gen_dout_chk[299]._assert_9"	[0.00 s].
0.0.B: Stopped processing property "descrambler.u_descrambler_sva.gen_dout_chk[298]._assert_9"	[0.01 s].
0.0.B: Starting proof for property "descrambler.u_descrambler_sva.gen_dout_chk[299]._assert_9"	[0.00 s].
0.0.B: A max_length bound was found. The shortest trace is no longer than 128 cycles. [0.00 s]
INFO (IPF008): 0.0.B: A max_length bound of 128 was found for the property "descrambler.u_descrambler_sva.gen_dout_chk[299]._assert_9" in 0.00 s.
0.0.B: Trace Attempt  1	[0.00 s]
0.0.B: Trace Attempt  2	[0.00 s]
0.0.B: Trace Attempt  3	[0.00 s]
0.0.B: Trace Attempt  4	[0.00 s]
0.0.N: Trace Attempt  1	[0.00 s]
0.0.B: Trace Attempt  5	[0.00 s]
0.0.N: Trace Attempt  2	[0.00 s]
0.0.N: Trace Attempt  2	[0.00 s]
0.0.N: Trace Attempt  3	[0.00 s]
0.0.N: Trace Attempt  3	[0.00 s]
0.0.N: Trace Attempt  4	[0.00 s]
0.0.N: Trace Attempt  5	[0.00 s]
0.0.N: Trace Attempt  1	[0.01 s]
0.0.N: Trace Attempt  2	[0.01 s]
0.0.N: Trace Attempt  3	[0.01 s]
0.0.N: Validation of fixpoint was successful. Time = 0.00
0.0.N: A proof was found: No trace exists. [0.01 s]
INFO (IPF057): 0.0.N: The property "descrambler.u_descrambler_sva.gen_dout_chk[299]._assert_9" was proven in 0.01 s.
0.0.N: Stopped processing property "descrambler.u_descrambler_sva.gen_dout_chk[299]._assert_9"	[0.01 s].
0.0.N: Starting proof for property "descrambler.u_descrambler_sva.gen_dout_chk[300]._assert_9"	[0.00 s].
0.0.B: Stopped processing property "descrambler.u_descrambler_sva.gen_dout_chk[299]._assert_9"	[0.01 s].
0.0.B: Starting proof for property "descrambler.u_descrambler_sva.gen_dout_chk[300]._assert_9"	[0.00 s].
0.0.B: A max_length bound was found. The shortest trace is no longer than 128 cycles. [0.00 s]
INFO (IPF008): 0.0.B: A max_length bound of 128 was found for the property "descrambler.u_descrambler_sva.gen_dout_chk[300]._assert_9" in 0.00 s.
0.0.B: Trace Attempt  1	[0.00 s]
0.0.B: Trace Attempt  2	[0.00 s]
0.0.B: Trace Attempt  3	[0.00 s]
0.0.B: Trace Attempt  4	[0.00 s]
0.0.N: Trace Attempt  1	[0.00 s]
0.0.B: Trace Attempt  5	[0.00 s]
0.0.N: Trace Attempt  2	[0.00 s]
0.0.N: Trace Attempt  2	[0.00 s]
0.0.N: Trace Attempt  3	[0.00 s]
0.0.N: Trace Attempt  3	[0.00 s]
0.0.N: Trace Attempt  4	[0.00 s]
0.0.N: Trace Attempt  5	[0.00 s]
0.0.N: Trace Attempt  1	[0.01 s]
0.0.N: Trace Attempt  2	[0.01 s]
0.0.N: Trace Attempt  3	[0.01 s]
0.0.N: Validation of fixpoint was successful. Time = 0.00
0.0.N: A proof was found: No trace exists. [0.01 s]
INFO (IPF057): 0.0.N: The property "descrambler.u_descrambler_sva.gen_dout_chk[300]._assert_9" was proven in 0.01 s.
0.0.N: Stopped processing property "descrambler.u_descrambler_sva.gen_dout_chk[300]._assert_9"	[0.01 s].
0.0.N: Starting proof for property "descrambler.u_descrambler_sva.gen_dout_chk[301]._assert_9"	[0.00 s].
0.0.B: Stopped processing property "descrambler.u_descrambler_sva.gen_dout_chk[300]._assert_9"	[0.01 s].
0.0.B: Starting proof for property "descrambler.u_descrambler_sva.gen_dout_chk[301]._assert_9"	[0.00 s].
0.0.B: A max_length bound was found. The shortest trace is no longer than 128 cycles. [0.00 s]
INFO (IPF008): 0.0.B: A max_length bound of 128 was found for the property "descrambler.u_descrambler_sva.gen_dout_chk[301]._assert_9" in 0.00 s.
0.0.B: Trace Attempt  1	[0.00 s]
0.0.B: Trace Attempt  2	[0.00 s]
0.0.B: Trace Attempt  3	[0.00 s]
0.0.B: Trace Attempt  4	[0.00 s]
0.0.N: Trace Attempt  1	[0.00 s]
0.0.B: Trace Attempt  5	[0.00 s]
0.0.N: Trace Attempt  2	[0.00 s]
0.0.N: Trace Attempt  2	[0.00 s]
0.0.N: Trace Attempt  3	[0.00 s]
0.0.N: Trace Attempt  3	[0.00 s]
0.0.N: Trace Attempt  4	[0.00 s]
0.0.N: Trace Attempt  5	[0.00 s]
0.0.N: Trace Attempt  1	[0.01 s]
0.0.N: Trace Attempt  2	[0.01 s]
0.0.N: Trace Attempt  3	[0.01 s]
0.0.N: Validation of fixpoint was successful. Time = 0.00
0.0.N: A proof was found: No trace exists. [0.01 s]
INFO (IPF057): 0.0.N: The property "descrambler.u_descrambler_sva.gen_dout_chk[301]._assert_9" was proven in 0.01 s.
0.0.B: Stopped processing property "descrambler.u_descrambler_sva.gen_dout_chk[301]._assert_9"	[0.01 s].
0.0.B: Starting proof for property "descrambler.u_descrambler_sva.gen_dout_chk[302]._assert_9"	[0.00 s].
0.0.N: Stopped processing property "descrambler.u_descrambler_sva.gen_dout_chk[301]._assert_9"	[0.01 s].
0.0.N: Starting proof for property "descrambler.u_descrambler_sva.gen_dout_chk[302]._assert_9"	[0.00 s].
0.0.B: A max_length bound was found. The shortest trace is no longer than 128 cycles. [0.00 s]
INFO (IPF008): 0.0.B: A max_length bound of 128 was found for the property "descrambler.u_descrambler_sva.gen_dout_chk[302]._assert_9" in 0.00 s.
0.0.B: Trace Attempt  1	[0.00 s]
0.0.B: Trace Attempt  2	[0.00 s]
0.0.B: Trace Attempt  3	[0.00 s]
0.0.B: Trace Attempt  4	[0.00 s]
0.0.B: Trace Attempt  5	[0.00 s]
0.0.N: Trace Attempt  1	[0.00 s]
0.0.N: Trace Attempt  2	[0.00 s]
0.0.N: Trace Attempt  2	[0.00 s]
0.0.N: Trace Attempt  3	[0.00 s]
0.0.N: Trace Attempt  3	[0.00 s]
0.0.N: Trace Attempt  4	[0.00 s]
0.0.N: Trace Attempt  5	[0.00 s]
0.0.N: Trace Attempt  1	[0.01 s]
0.0.N: Trace Attempt  2	[0.01 s]
0.0.N: Trace Attempt  3	[0.01 s]
0.0.N: Validation of fixpoint was successful. Time = 0.00
0.0.N: A proof was found: No trace exists. [0.01 s]
INFO (IPF057): 0.0.N: The property "descrambler.u_descrambler_sva.gen_dout_chk[302]._assert_9" was proven in 0.01 s.
0.0.N: Stopped processing property "descrambler.u_descrambler_sva.gen_dout_chk[302]._assert_9"	[0.01 s].
0.0.N: Starting proof for property "descrambler.u_descrambler_sva.gen_dout_chk[303]._assert_9"	[0.00 s].
0.0.B: Stopped processing property "descrambler.u_descrambler_sva.gen_dout_chk[302]._assert_9"	[0.01 s].
0.0.B: Starting proof for property "descrambler.u_descrambler_sva.gen_dout_chk[303]._assert_9"	[0.00 s].
0.0.B: A max_length bound was found. The shortest trace is no longer than 128 cycles. [0.00 s]
INFO (IPF008): 0.0.B: A max_length bound of 128 was found for the property "descrambler.u_descrambler_sva.gen_dout_chk[303]._assert_9" in 0.00 s.
0.0.B: Trace Attempt  1	[0.00 s]
0.0.B: Trace Attempt  2	[0.00 s]
0.0.B: Trace Attempt  3	[0.00 s]
0.0.B: Trace Attempt  4	[0.00 s]
0.0.N: Trace Attempt  1	[0.00 s]
0.0.B: Trace Attempt  5	[0.00 s]
0.0.N: Trace Attempt  2	[0.00 s]
0.0.N: Trace Attempt  2	[0.00 s]
0.0.N: Trace Attempt  3	[0.00 s]
0.0.N: Trace Attempt  3	[0.00 s]
0.0.N: Trace Attempt  4	[0.00 s]
0.0.N: Trace Attempt  5	[0.00 s]
0.0.N: Trace Attempt  1	[0.01 s]
0.0.N: Trace Attempt  2	[0.01 s]
0.0.N: Trace Attempt  3	[0.01 s]
0.0.N: Validation of fixpoint was successful. Time = 0.00
0.0.N: A proof was found: No trace exists. [0.01 s]
INFO (IPF057): 0.0.N: The property "descrambler.u_descrambler_sva.gen_dout_chk[303]._assert_9" was proven in 0.01 s.
0.0.N: Stopped processing property "descrambler.u_descrambler_sva.gen_dout_chk[303]._assert_9"	[0.01 s].
0.0.B: Stopped processing property "descrambler.u_descrambler_sva.gen_dout_chk[303]._assert_9"	[0.01 s].
0.0.B: Starting proof for property "descrambler.u_descrambler_sva.gen_dout_chk[304]._assert_9"	[0.00 s].
0.0.N: Starting proof for property "descrambler.u_descrambler_sva.gen_dout_chk[304]._assert_9"	[0.00 s].
0.0.B: A max_length bound was found. The shortest trace is no longer than 128 cycles. [0.00 s]
INFO (IPF008): 0.0.B: A max_length bound of 128 was found for the property "descrambler.u_descrambler_sva.gen_dout_chk[304]._assert_9" in 0.00 s.
0.0.B: Trace Attempt  1	[0.00 s]
0.0.B: Trace Attempt  2	[0.00 s]
0.0.B: Trace Attempt  3	[0.00 s]
0.0.B: Trace Attempt  4	[0.00 s]
0.0.B: Trace Attempt  5	[0.00 s]
0.0.N: Trace Attempt  1	[0.00 s]
0.0.N: Trace Attempt  2	[0.00 s]
0.0.N: Trace Attempt  2	[0.00 s]
0.0.N: Trace Attempt  3	[0.00 s]
0.0.N: Trace Attempt  3	[0.00 s]
0.0.N: Trace Attempt  4	[0.00 s]
0.0.N: Trace Attempt  5	[0.00 s]
0.0.N: Trace Attempt  1	[0.01 s]
0.0.N: Trace Attempt  2	[0.01 s]
0.0.N: Trace Attempt  3	[0.01 s]
0.0.N: Validation of fixpoint was successful. Time = 0.00
0.0.N: A proof was found: No trace exists. [0.01 s]
INFO (IPF057): 0.0.N: The property "descrambler.u_descrambler_sva.gen_dout_chk[304]._assert_9" was proven in 0.01 s.
0.0.B: Stopped processing property "descrambler.u_descrambler_sva.gen_dout_chk[304]._assert_9"	[0.01 s].
0.0.B: Starting proof for property "descrambler.u_descrambler_sva.gen_dout_chk[305]._assert_9"	[0.00 s].
0.0.N: Stopped processing property "descrambler.u_descrambler_sva.gen_dout_chk[304]._assert_9"	[0.01 s].
0.0.N: Starting proof for property "descrambler.u_descrambler_sva.gen_dout_chk[305]._assert_9"	[0.00 s].
0.0.B: A max_length bound was found. The shortest trace is no longer than 128 cycles. [0.00 s]
INFO (IPF008): 0.0.B: A max_length bound of 128 was found for the property "descrambler.u_descrambler_sva.gen_dout_chk[305]._assert_9" in 0.00 s.
0.0.B: Trace Attempt  1	[0.00 s]
0.0.B: Trace Attempt  2	[0.00 s]
0.0.B: Trace Attempt  3	[0.00 s]
0.0.B: Trace Attempt  4	[0.00 s]
0.0.B: Trace Attempt  5	[0.00 s]
0.0.N: Trace Attempt  1	[0.00 s]
0.0.N: Trace Attempt  2	[0.00 s]
0.0.N: Trace Attempt  2	[0.00 s]
0.0.N: Trace Attempt  3	[0.00 s]
0.0.N: Trace Attempt  3	[0.00 s]
0.0.N: Trace Attempt  4	[0.00 s]
0.0.N: Trace Attempt  5	[0.00 s]
0.0.N: Trace Attempt  1	[0.01 s]
0.0.N: Trace Attempt  2	[0.01 s]
0.0.N: Trace Attempt  3	[0.01 s]
0.0.N: Validation of fixpoint was successful. Time = 0.00
0.0.N: A proof was found: No trace exists. [0.01 s]
INFO (IPF057): 0.0.N: The property "descrambler.u_descrambler_sva.gen_dout_chk[305]._assert_9" was proven in 0.01 s.
0.0.N: Stopped processing property "descrambler.u_descrambler_sva.gen_dout_chk[305]._assert_9"	[0.01 s].
0.0.N: Starting proof for property "descrambler.u_descrambler_sva.gen_dout_chk[306]._assert_9"	[0.00 s].
0.0.B: Stopped processing property "descrambler.u_descrambler_sva.gen_dout_chk[305]._assert_9"	[0.01 s].
0.0.B: Starting proof for property "descrambler.u_descrambler_sva.gen_dout_chk[306]._assert_9"	[0.00 s].
0.0.B: A max_length bound was found. The shortest trace is no longer than 128 cycles. [0.00 s]
INFO (IPF008): 0.0.B: A max_length bound of 128 was found for the property "descrambler.u_descrambler_sva.gen_dout_chk[306]._assert_9" in 0.00 s.
0.0.B: Trace Attempt  1	[0.00 s]
0.0.B: Trace Attempt  2	[0.00 s]
0.0.B: Trace Attempt  3	[0.00 s]
0.0.B: Trace Attempt  4	[0.00 s]
0.0.N: Trace Attempt  1	[0.00 s]
0.0.B: Trace Attempt  5	[0.00 s]
0.0.N: Trace Attempt  2	[0.00 s]
0.0.N: Trace Attempt  2	[0.00 s]
0.0.N: Trace Attempt  3	[0.00 s]
0.0.N: Trace Attempt  3	[0.00 s]
0.0.N: Trace Attempt  4	[0.00 s]
0.0.N: Trace Attempt  5	[0.00 s]
0.0.N: Trace Attempt  1	[0.01 s]
0.0.N: Trace Attempt  2	[0.01 s]
0.0.N: Trace Attempt  3	[0.01 s]
0.0.N: Validation of fixpoint was successful. Time = 0.00
0.0.N: A proof was found: No trace exists. [0.01 s]
INFO (IPF057): 0.0.N: The property "descrambler.u_descrambler_sva.gen_dout_chk[306]._assert_9" was proven in 0.01 s.
0.0.B: Stopped processing property "descrambler.u_descrambler_sva.gen_dout_chk[306]._assert_9"	[0.01 s].
0.0.N: Stopped processing property "descrambler.u_descrambler_sva.gen_dout_chk[306]._assert_9"	[0.01 s].
0.0.N: Starting proof for property "descrambler.u_descrambler_sva.gen_dout_chk[307]._assert_9"	[0.00 s].
0.0.B: Starting proof for property "descrambler.u_descrambler_sva.gen_dout_chk[307]._assert_9"	[0.00 s].
0.0.B: A max_length bound was found. The shortest trace is no longer than 128 cycles. [0.00 s]
INFO (IPF008): 0.0.B: A max_length bound of 128 was found for the property "descrambler.u_descrambler_sva.gen_dout_chk[307]._assert_9" in 0.00 s.
0.0.B: Trace Attempt  1	[0.00 s]
0.0.B: Trace Attempt  2	[0.00 s]
0.0.B: Trace Attempt  3	[0.00 s]
0.0.B: Trace Attempt  4	[0.00 s]
0.0.B: Trace Attempt  5	[0.00 s]
0.0.N: Trace Attempt  1	[0.00 s]
0.0.N: Trace Attempt  2	[0.00 s]
0.0.N: Trace Attempt  2	[0.00 s]
0.0.N: Trace Attempt  3	[0.00 s]
0.0.N: Trace Attempt  3	[0.00 s]
0.0.N: Trace Attempt  4	[0.00 s]
0.0.N: Trace Attempt  5	[0.00 s]
0.0.N: Trace Attempt  1	[0.01 s]
0.0.N: Trace Attempt  2	[0.01 s]
0.0.N: Trace Attempt  3	[0.01 s]
0.0.N: Validation of fixpoint was successful. Time = 0.00
0.0.N: A proof was found: No trace exists. [0.01 s]
INFO (IPF057): 0.0.N: The property "descrambler.u_descrambler_sva.gen_dout_chk[307]._assert_9" was proven in 0.01 s.
0.0.B: Stopped processing property "descrambler.u_descrambler_sva.gen_dout_chk[307]._assert_9"	[0.01 s].
0.0.B: Starting proof for property "descrambler.u_descrambler_sva.gen_dout_chk[308]._assert_9"	[0.00 s].
0.0.N: Stopped processing property "descrambler.u_descrambler_sva.gen_dout_chk[307]._assert_9"	[0.01 s].
0.0.N: Starting proof for property "descrambler.u_descrambler_sva.gen_dout_chk[308]._assert_9"	[0.00 s].
0.0.B: A max_length bound was found. The shortest trace is no longer than 128 cycles. [0.00 s]
INFO (IPF008): 0.0.B: A max_length bound of 128 was found for the property "descrambler.u_descrambler_sva.gen_dout_chk[308]._assert_9" in 0.00 s.
0.0.B: Trace Attempt  1	[0.00 s]
0.0.B: Trace Attempt  2	[0.00 s]
0.0.B: Trace Attempt  3	[0.00 s]
0.0.B: Trace Attempt  4	[0.00 s]
0.0.B: Trace Attempt  5	[0.00 s]
0.0.N: Trace Attempt  1	[0.00 s]
0.0.N: Trace Attempt  2	[0.00 s]
0.0.N: Trace Attempt  2	[0.00 s]
0.0.N: Trace Attempt  3	[0.00 s]
0.0.N: Trace Attempt  3	[0.00 s]
0.0.N: Trace Attempt  4	[0.00 s]
0.0.N: Trace Attempt  5	[0.00 s]
0.0.N: Trace Attempt  1	[0.01 s]
0.0.N: Trace Attempt  2	[0.01 s]
0.0.N: Trace Attempt  3	[0.01 s]
0.0.N: Validation of fixpoint was successful. Time = 0.00
0.0.N: A proof was found: No trace exists. [0.01 s]
INFO (IPF057): 0.0.N: The property "descrambler.u_descrambler_sva.gen_dout_chk[308]._assert_9" was proven in 0.01 s.
0.0.N: Stopped processing property "descrambler.u_descrambler_sva.gen_dout_chk[308]._assert_9"	[0.01 s].
0.0.N: Starting proof for property "descrambler.u_descrambler_sva.gen_dout_chk[309]._assert_9"	[0.00 s].
0.0.B: Stopped processing property "descrambler.u_descrambler_sva.gen_dout_chk[308]._assert_9"	[0.01 s].
0.0.B: Starting proof for property "descrambler.u_descrambler_sva.gen_dout_chk[309]._assert_9"	[0.00 s].
0.0.B: A max_length bound was found. The shortest trace is no longer than 128 cycles. [0.00 s]
INFO (IPF008): 0.0.B: A max_length bound of 128 was found for the property "descrambler.u_descrambler_sva.gen_dout_chk[309]._assert_9" in 0.00 s.
0.0.B: Trace Attempt  1	[0.00 s]
0.0.B: Trace Attempt  2	[0.00 s]
0.0.N: Trace Attempt  1	[0.00 s]
0.0.B: Trace Attempt  3	[0.00 s]
0.0.B: Trace Attempt  4	[0.00 s]
0.0.B: Trace Attempt  5	[0.00 s]
0.0.N: Trace Attempt  2	[0.00 s]
0.0.N: Trace Attempt  2	[0.00 s]
0.0.N: Trace Attempt  3	[0.00 s]
0.0.N: Trace Attempt  3	[0.00 s]
0.0.N: Trace Attempt  4	[0.00 s]
0.0.N: Trace Attempt  5	[0.00 s]
0.0.N: Trace Attempt  1	[0.01 s]
0.0.N: Trace Attempt  2	[0.01 s]
0.0.N: Trace Attempt  3	[0.01 s]
0.0.N: Validation of fixpoint was successful. Time = 0.00
0.0.N: A proof was found: No trace exists. [0.01 s]
INFO (IPF057): 0.0.N: The property "descrambler.u_descrambler_sva.gen_dout_chk[309]._assert_9" was proven in 0.01 s.
0.0.N: Stopped processing property "descrambler.u_descrambler_sva.gen_dout_chk[309]._assert_9"	[0.01 s].
0.0.N: Starting proof for property "descrambler.u_descrambler_sva.gen_dout_chk[310]._assert_9"	[0.00 s].
0.0.B: Stopped processing property "descrambler.u_descrambler_sva.gen_dout_chk[309]._assert_9"	[0.01 s].
0.0.B: Starting proof for property "descrambler.u_descrambler_sva.gen_dout_chk[310]._assert_9"	[0.00 s].
0.0.B: A max_length bound was found. The shortest trace is no longer than 128 cycles. [0.00 s]
INFO (IPF008): 0.0.B: A max_length bound of 128 was found for the property "descrambler.u_descrambler_sva.gen_dout_chk[310]._assert_9" in 0.00 s.
0.0.B: Trace Attempt  1	[0.00 s]
0.0.B: Trace Attempt  2	[0.00 s]
0.0.B: Trace Attempt  3	[0.00 s]
0.0.B: Trace Attempt  4	[0.00 s]
0.0.N: Trace Attempt  1	[0.00 s]
0.0.B: Trace Attempt  5	[0.00 s]
0.0.N: Trace Attempt  2	[0.00 s]
0.0.N: Trace Attempt  2	[0.00 s]
0.0.N: Trace Attempt  3	[0.00 s]
0.0.N: Trace Attempt  3	[0.00 s]
0.0.N: Trace Attempt  4	[0.00 s]
0.0.N: Trace Attempt  5	[0.00 s]
0.0.N: Trace Attempt  1	[0.01 s]
0.0.N: Trace Attempt  2	[0.01 s]
0.0.N: Trace Attempt  3	[0.01 s]
0.0.N: Validation of fixpoint was successful. Time = 0.00
0.0.N: A proof was found: No trace exists. [0.01 s]
INFO (IPF057): 0.0.N: The property "descrambler.u_descrambler_sva.gen_dout_chk[310]._assert_9" was proven in 0.01 s.
0.0.N: Stopped processing property "descrambler.u_descrambler_sva.gen_dout_chk[310]._assert_9"	[0.01 s].
0.0.N: Starting proof for property "descrambler.u_descrambler_sva.gen_dout_chk[311]._assert_9"	[0.00 s].
0.0.B: Stopped processing property "descrambler.u_descrambler_sva.gen_dout_chk[310]._assert_9"	[0.01 s].
0.0.B: Starting proof for property "descrambler.u_descrambler_sva.gen_dout_chk[311]._assert_9"	[0.00 s].
0.0.B: A max_length bound was found. The shortest trace is no longer than 128 cycles. [0.00 s]
INFO (IPF008): 0.0.B: A max_length bound of 128 was found for the property "descrambler.u_descrambler_sva.gen_dout_chk[311]._assert_9" in 0.00 s.
0.0.B: Trace Attempt  1	[0.00 s]
0.0.B: Trace Attempt  2	[0.00 s]
0.0.B: Trace Attempt  3	[0.00 s]
0.0.B: Trace Attempt  4	[0.00 s]
0.0.N: Trace Attempt  1	[0.00 s]
0.0.B: Trace Attempt  5	[0.00 s]
0.0.N: Trace Attempt  2	[0.00 s]
0.0.N: Trace Attempt  2	[0.00 s]
0.0.N: Trace Attempt  3	[0.00 s]
0.0.N: Trace Attempt  3	[0.00 s]
0.0.N: Trace Attempt  4	[0.00 s]
0.0.N: Trace Attempt  5	[0.00 s]
0.0.N: Trace Attempt  1	[0.01 s]
0.0.N: Trace Attempt  2	[0.01 s]
0.0.N: Trace Attempt  3	[0.01 s]
0.0.N: Validation of fixpoint was successful. Time = 0.00
0.0.N: A proof was found: No trace exists. [0.01 s]
INFO (IPF057): 0.0.N: The property "descrambler.u_descrambler_sva.gen_dout_chk[311]._assert_9" was proven in 0.01 s.
0.0.N: Stopped processing property "descrambler.u_descrambler_sva.gen_dout_chk[311]._assert_9"	[0.01 s].
0.0.N: Starting proof for property "descrambler.u_descrambler_sva.gen_dout_chk[312]._assert_9"	[0.00 s].
0.0.B: Stopped processing property "descrambler.u_descrambler_sva.gen_dout_chk[311]._assert_9"	[0.01 s].
0.0.B: Starting proof for property "descrambler.u_descrambler_sva.gen_dout_chk[312]._assert_9"	[0.00 s].
0.0.B: A max_length bound was found. The shortest trace is no longer than 128 cycles. [0.00 s]
INFO (IPF008): 0.0.B: A max_length bound of 128 was found for the property "descrambler.u_descrambler_sva.gen_dout_chk[312]._assert_9" in 0.00 s.
0.0.B: Trace Attempt  1	[0.00 s]
0.0.B: Trace Attempt  2	[0.00 s]
0.0.B: Trace Attempt  3	[0.00 s]
0.0.B: Trace Attempt  4	[0.00 s]
0.0.B: Trace Attempt  5	[0.00 s]
0.0.N: Trace Attempt  1	[0.00 s]
0.0.N: Trace Attempt  2	[0.00 s]
0.0.N: Trace Attempt  2	[0.00 s]
0.0.N: Trace Attempt  3	[0.00 s]
0.0.N: Trace Attempt  3	[0.00 s]
0.0.N: Trace Attempt  4	[0.00 s]
0.0.N: Trace Attempt  5	[0.00 s]
0.0.N: Trace Attempt  1	[0.01 s]
0.0.N: Trace Attempt  2	[0.01 s]
0.0.N: Trace Attempt  3	[0.01 s]
0.0.N: Validation of fixpoint was successful. Time = 0.00
0.0.N: A proof was found: No trace exists. [0.01 s]
INFO (IPF057): 0.0.N: The property "descrambler.u_descrambler_sva.gen_dout_chk[312]._assert_9" was proven in 0.01 s.
0.0.N: Stopped processing property "descrambler.u_descrambler_sva.gen_dout_chk[312]._assert_9"	[0.01 s].
0.0.N: Starting proof for property "descrambler.u_descrambler_sva.gen_dout_chk[313]._assert_9"	[0.00 s].
0.0.B: Stopped processing property "descrambler.u_descrambler_sva.gen_dout_chk[312]._assert_9"	[0.01 s].
0.0.B: Starting proof for property "descrambler.u_descrambler_sva.gen_dout_chk[313]._assert_9"	[0.00 s].
0.0.B: A max_length bound was found. The shortest trace is no longer than 128 cycles. [0.00 s]
INFO (IPF008): 0.0.B: A max_length bound of 128 was found for the property "descrambler.u_descrambler_sva.gen_dout_chk[313]._assert_9" in 0.00 s.
0.0.B: Trace Attempt  1	[0.00 s]
0.0.B: Trace Attempt  2	[0.00 s]
0.0.B: Trace Attempt  3	[0.00 s]
0.0.B: Trace Attempt  4	[0.00 s]
0.0.B: Trace Attempt  5	[0.00 s]
0.0.N: Trace Attempt  1	[0.00 s]
0.0.N: Trace Attempt  2	[0.00 s]
0.0.N: Trace Attempt  2	[0.00 s]
0.0.N: Trace Attempt  3	[0.00 s]
0.0.N: Trace Attempt  3	[0.00 s]
0.0.N: Trace Attempt  4	[0.00 s]
0.0.N: Trace Attempt  5	[0.00 s]
0.0.N: Trace Attempt  1	[0.01 s]
0.0.N: Trace Attempt  2	[0.01 s]
0.0.N: Trace Attempt  3	[0.01 s]
0.0.N: Validation of fixpoint was successful. Time = 0.00
0.0.N: A proof was found: No trace exists. [0.01 s]
INFO (IPF057): 0.0.N: The property "descrambler.u_descrambler_sva.gen_dout_chk[313]._assert_9" was proven in 0.01 s.
0.0.N: Stopped processing property "descrambler.u_descrambler_sva.gen_dout_chk[313]._assert_9"	[0.01 s].
0.0.N: Starting proof for property "descrambler.u_descrambler_sva.gen_dout_chk[314]._assert_9"	[0.00 s].
0.0.B: Stopped processing property "descrambler.u_descrambler_sva.gen_dout_chk[313]._assert_9"	[0.01 s].
0.0.B: Starting proof for property "descrambler.u_descrambler_sva.gen_dout_chk[314]._assert_9"	[0.00 s].
0.0.B: A max_length bound was found. The shortest trace is no longer than 128 cycles. [0.00 s]
INFO (IPF008): 0.0.B: A max_length bound of 128 was found for the property "descrambler.u_descrambler_sva.gen_dout_chk[314]._assert_9" in 0.00 s.
0.0.B: Trace Attempt  1	[0.00 s]
0.0.B: Trace Attempt  2	[0.00 s]
0.0.B: Trace Attempt  3	[0.00 s]
0.0.B: Trace Attempt  4	[0.00 s]
0.0.N: Trace Attempt  1	[0.00 s]
0.0.B: Trace Attempt  5	[0.00 s]
0.0.N: Trace Attempt  2	[0.00 s]
0.0.N: Trace Attempt  2	[0.00 s]
0.0.N: Trace Attempt  3	[0.00 s]
0.0.N: Trace Attempt  3	[0.00 s]
0.0.N: Trace Attempt  4	[0.00 s]
0.0.N: Trace Attempt  5	[0.00 s]
0.0.N: Trace Attempt  1	[0.01 s]
0.0.N: Trace Attempt  2	[0.01 s]
0.0.N: Trace Attempt  3	[0.01 s]
0.0.N: Validation of fixpoint was successful. Time = 0.00
0.0.N: A proof was found: No trace exists. [0.01 s]
INFO (IPF057): 0.0.N: The property "descrambler.u_descrambler_sva.gen_dout_chk[314]._assert_9" was proven in 0.01 s.
0.0.N: Stopped processing property "descrambler.u_descrambler_sva.gen_dout_chk[314]._assert_9"	[0.01 s].
0.0.N: Starting proof for property "descrambler.u_descrambler_sva.gen_dout_chk[315]._assert_9"	[0.00 s].
0.0.B: Stopped processing property "descrambler.u_descrambler_sva.gen_dout_chk[314]._assert_9"	[0.01 s].
0.0.B: Starting proof for property "descrambler.u_descrambler_sva.gen_dout_chk[315]._assert_9"	[0.00 s].
0.0.B: A max_length bound was found. The shortest trace is no longer than 128 cycles. [0.00 s]
INFO (IPF008): 0.0.B: A max_length bound of 128 was found for the property "descrambler.u_descrambler_sva.gen_dout_chk[315]._assert_9" in 0.00 s.
0.0.B: Trace Attempt  1	[0.00 s]
0.0.B: Trace Attempt  2	[0.00 s]
0.0.B: Trace Attempt  3	[0.00 s]
0.0.B: Trace Attempt  4	[0.00 s]
0.0.N: Trace Attempt  1	[0.00 s]
0.0.B: Trace Attempt  5	[0.00 s]
0.0.N: Trace Attempt  2	[0.00 s]
0.0.N: Trace Attempt  2	[0.00 s]
0.0.N: Trace Attempt  3	[0.00 s]
0.0.N: Trace Attempt  3	[0.00 s]
0.0.N: Trace Attempt  4	[0.00 s]
0.0.N: Trace Attempt  5	[0.00 s]
0.0.N: Trace Attempt  1	[0.01 s]
0.0.N: Trace Attempt  2	[0.01 s]
0.0.N: Trace Attempt  3	[0.01 s]
0.0.N: Validation of fixpoint was successful. Time = 0.00
0.0.N: A proof was found: No trace exists. [0.01 s]
INFO (IPF057): 0.0.N: The property "descrambler.u_descrambler_sva.gen_dout_chk[315]._assert_9" was proven in 0.01 s.
0.0.N: Stopped processing property "descrambler.u_descrambler_sva.gen_dout_chk[315]._assert_9"	[0.01 s].
0.0.N: Starting proof for property "descrambler.u_descrambler_sva.gen_dout_chk[316]._assert_9"	[0.00 s].
0.0.B: Stopped processing property "descrambler.u_descrambler_sva.gen_dout_chk[315]._assert_9"	[0.01 s].
0.0.B: Starting proof for property "descrambler.u_descrambler_sva.gen_dout_chk[316]._assert_9"	[0.00 s].
0.0.B: A max_length bound was found. The shortest trace is no longer than 128 cycles. [0.00 s]
INFO (IPF008): 0.0.B: A max_length bound of 128 was found for the property "descrambler.u_descrambler_sva.gen_dout_chk[316]._assert_9" in 0.00 s.
0.0.B: Trace Attempt  1	[0.00 s]
0.0.B: Trace Attempt  2	[0.00 s]
0.0.B: Trace Attempt  3	[0.00 s]
0.0.B: Trace Attempt  4	[0.00 s]
0.0.N: Trace Attempt  1	[0.00 s]
0.0.B: Trace Attempt  5	[0.00 s]
0.0.N: Trace Attempt  2	[0.00 s]
0.0.N: Trace Attempt  2	[0.00 s]
0.0.N: Trace Attempt  3	[0.00 s]
0.0.N: Trace Attempt  3	[0.00 s]
0.0.N: Trace Attempt  4	[0.00 s]
0.0.N: Trace Attempt  5	[0.00 s]
0.0.N: Trace Attempt  1	[0.01 s]
0.0.N: Trace Attempt  2	[0.01 s]
0.0.N: Trace Attempt  3	[0.01 s]
0.0.N: Validation of fixpoint was successful. Time = 0.00
0.0.N: A proof was found: No trace exists. [0.01 s]
INFO (IPF057): 0.0.N: The property "descrambler.u_descrambler_sva.gen_dout_chk[316]._assert_9" was proven in 0.01 s.
0.0.B: Stopped processing property "descrambler.u_descrambler_sva.gen_dout_chk[316]._assert_9"	[0.01 s].
0.0.B: Starting proof for property "descrambler.u_descrambler_sva.gen_dout_chk[317]._assert_9"	[0.00 s].
0.0.N: Stopped processing property "descrambler.u_descrambler_sva.gen_dout_chk[316]._assert_9"	[0.01 s].
0.0.N: Starting proof for property "descrambler.u_descrambler_sva.gen_dout_chk[317]._assert_9"	[0.00 s].
0.0.B: A max_length bound was found. The shortest trace is no longer than 128 cycles. [0.00 s]
INFO (IPF008): 0.0.B: A max_length bound of 128 was found for the property "descrambler.u_descrambler_sva.gen_dout_chk[317]._assert_9" in 0.00 s.
0.0.B: Trace Attempt  1	[0.00 s]
0.0.B: Trace Attempt  2	[0.00 s]
0.0.B: Trace Attempt  3	[0.00 s]
0.0.B: Trace Attempt  4	[0.00 s]
0.0.B: Trace Attempt  5	[0.00 s]
0.0.N: Trace Attempt  1	[0.00 s]
0.0.N: Trace Attempt  2	[0.00 s]
0.0.N: Trace Attempt  2	[0.00 s]
0.0.N: Trace Attempt  3	[0.00 s]
0.0.N: Trace Attempt  3	[0.00 s]
0.0.N: Trace Attempt  4	[0.00 s]
0.0.N: Trace Attempt  5	[0.00 s]
0.0.N: Trace Attempt  1	[0.01 s]
0.0.N: Trace Attempt  2	[0.01 s]
0.0.N: Trace Attempt  3	[0.01 s]
0.0.N: Validation of fixpoint was successful. Time = 0.00
0.0.N: A proof was found: No trace exists. [0.01 s]
INFO (IPF057): 0.0.N: The property "descrambler.u_descrambler_sva.gen_dout_chk[317]._assert_9" was proven in 0.01 s.
0.0.N: Stopped processing property "descrambler.u_descrambler_sva.gen_dout_chk[317]._assert_9"	[0.01 s].
0.0.N: Starting proof for property "descrambler.u_descrambler_sva.gen_dout_chk[318]._assert_9"	[0.00 s].
0.0.B: Stopped processing property "descrambler.u_descrambler_sva.gen_dout_chk[317]._assert_9"	[0.01 s].
0.0.B: Starting proof for property "descrambler.u_descrambler_sva.gen_dout_chk[318]._assert_9"	[0.00 s].
0.0.B: A max_length bound was found. The shortest trace is no longer than 128 cycles. [0.00 s]
INFO (IPF008): 0.0.B: A max_length bound of 128 was found for the property "descrambler.u_descrambler_sva.gen_dout_chk[318]._assert_9" in 0.00 s.
0.0.B: Trace Attempt  1	[0.00 s]
0.0.B: Trace Attempt  2	[0.00 s]
0.0.B: Trace Attempt  3	[0.00 s]
0.0.B: Trace Attempt  4	[0.00 s]
0.0.N: Trace Attempt  1	[0.00 s]
0.0.B: Trace Attempt  5	[0.00 s]
0.0.N: Trace Attempt  2	[0.00 s]
0.0.N: Trace Attempt  2	[0.00 s]
0.0.N: Trace Attempt  3	[0.00 s]
0.0.N: Trace Attempt  3	[0.00 s]
0.0.N: Trace Attempt  4	[0.00 s]
0.0.N: Trace Attempt  5	[0.00 s]
0.0.N: Trace Attempt  1	[0.01 s]
0.0.N: Trace Attempt  2	[0.01 s]
0.0.N: Trace Attempt  3	[0.01 s]
0.0.N: Validation of fixpoint was successful. Time = 0.00
0.0.N: A proof was found: No trace exists. [0.01 s]
INFO (IPF057): 0.0.N: The property "descrambler.u_descrambler_sva.gen_dout_chk[318]._assert_9" was proven in 0.01 s.
0.0.N: Stopped processing property "descrambler.u_descrambler_sva.gen_dout_chk[318]._assert_9"	[0.01 s].
0.0.N: Starting proof for property "descrambler.u_descrambler_sva.gen_dout_chk[319]._assert_9"	[0.00 s].
0.0.B: Stopped processing property "descrambler.u_descrambler_sva.gen_dout_chk[318]._assert_9"	[0.01 s].
0.0.B: Starting proof for property "descrambler.u_descrambler_sva.gen_dout_chk[319]._assert_9"	[0.00 s].
0.0.B: A max_length bound was found. The shortest trace is no longer than 128 cycles. [0.00 s]
INFO (IPF008): 0.0.B: A max_length bound of 128 was found for the property "descrambler.u_descrambler_sva.gen_dout_chk[319]._assert_9" in 0.00 s.
0.0.B: Trace Attempt  1	[0.00 s]
0.0.B: Trace Attempt  2	[0.00 s]
0.0.N: Trace Attempt  1	[0.00 s]
0.0.B: Trace Attempt  3	[0.00 s]
0.0.B: Trace Attempt  4	[0.00 s]
0.0.B: Trace Attempt  5	[0.00 s]
0.0.N: Trace Attempt  2	[0.00 s]
0.0.N: Trace Attempt  2	[0.00 s]
0.0.N: Trace Attempt  3	[0.00 s]
0.0.N: Trace Attempt  3	[0.00 s]
0.0.N: Trace Attempt  4	[0.00 s]
0.0.N: Trace Attempt  5	[0.00 s]
0.0.N: Trace Attempt  1	[0.01 s]
0.0.N: Trace Attempt  2	[0.01 s]
0.0.N: Trace Attempt  3	[0.01 s]
0.0.N: Validation of fixpoint was successful. Time = 0.00
0.0.N: A proof was found: No trace exists. [0.01 s]
INFO (IPF057): 0.0.N: The property "descrambler.u_descrambler_sva.gen_dout_chk[319]._assert_9" was proven in 0.01 s.
0.0.B: Stopped processing property "descrambler.u_descrambler_sva.gen_dout_chk[319]._assert_9"	[0.01 s].
0.0.B: Starting proof for property "descrambler.u_descrambler_sva.gen_dout_chk[320]._assert_9"	[0.00 s].
0.0.N: Stopped processing property "descrambler.u_descrambler_sva.gen_dout_chk[319]._assert_9"	[0.01 s].
0.0.N: Starting proof for property "descrambler.u_descrambler_sva.gen_dout_chk[320]._assert_9"	[0.00 s].
0.0.B: A max_length bound was found. The shortest trace is no longer than 128 cycles. [0.00 s]
INFO (IPF008): 0.0.B: A max_length bound of 128 was found for the property "descrambler.u_descrambler_sva.gen_dout_chk[320]._assert_9" in 0.00 s.
0.0.B: Trace Attempt  1	[0.00 s]
0.0.B: Trace Attempt  2	[0.00 s]
0.0.B: Trace Attempt  3	[0.00 s]
0.0.B: Trace Attempt  4	[0.00 s]
0.0.B: Trace Attempt  5	[0.00 s]
0.0.N: Trace Attempt  1	[0.00 s]
0.0.N: Trace Attempt  2	[0.00 s]
0.0.N: Trace Attempt  2	[0.00 s]
0.0.N: Trace Attempt  3	[0.00 s]
0.0.N: Trace Attempt  3	[0.00 s]
0.0.N: Trace Attempt  4	[0.00 s]
0.0.N: Trace Attempt  5	[0.00 s]
0.0.N: Trace Attempt  1	[0.01 s]
0.0.N: Trace Attempt  2	[0.01 s]
0.0.N: Trace Attempt  3	[0.01 s]
0.0.N: Validation of fixpoint was successful. Time = 0.00
0.0.N: A proof was found: No trace exists. [0.01 s]
INFO (IPF057): 0.0.N: The property "descrambler.u_descrambler_sva.gen_dout_chk[320]._assert_9" was proven in 0.01 s.
0.0.N: Stopped processing property "descrambler.u_descrambler_sva.gen_dout_chk[320]._assert_9"	[0.01 s].
0.0.N: Starting proof for property "descrambler.u_descrambler_sva.gen_dout_chk[321]._assert_9"	[0.00 s].
0.0.B: Stopped processing property "descrambler.u_descrambler_sva.gen_dout_chk[320]._assert_9"	[0.01 s].
0.0.B: Starting proof for property "descrambler.u_descrambler_sva.gen_dout_chk[321]._assert_9"	[0.00 s].
0.0.B: A max_length bound was found. The shortest trace is no longer than 128 cycles. [0.00 s]
INFO (IPF008): 0.0.B: A max_length bound of 128 was found for the property "descrambler.u_descrambler_sva.gen_dout_chk[321]._assert_9" in 0.00 s.
0.0.B: Trace Attempt  1	[0.00 s]
0.0.B: Trace Attempt  2	[0.00 s]
0.0.B: Trace Attempt  3	[0.00 s]
0.0.B: Trace Attempt  4	[0.00 s]
0.0.N: Trace Attempt  1	[0.00 s]
0.0.B: Trace Attempt  5	[0.00 s]
0.0.N: Trace Attempt  2	[0.00 s]
0.0.N: Trace Attempt  2	[0.00 s]
0.0.N: Trace Attempt  3	[0.00 s]
0.0.N: Trace Attempt  3	[0.00 s]
0.0.N: Trace Attempt  4	[0.00 s]
0.0.N: Trace Attempt  5	[0.00 s]
0.0.N: Trace Attempt  1	[0.01 s]
0.0.N: Trace Attempt  2	[0.01 s]
0.0.N: Trace Attempt  3	[0.01 s]
0.0.N: Validation of fixpoint was successful. Time = 0.00
0.0.N: A proof was found: No trace exists. [0.01 s]
INFO (IPF057): 0.0.N: The property "descrambler.u_descrambler_sva.gen_dout_chk[321]._assert_9" was proven in 0.01 s.
0.0.N: Stopped processing property "descrambler.u_descrambler_sva.gen_dout_chk[321]._assert_9"	[0.01 s].
0.0.N: Starting proof for property "descrambler.u_descrambler_sva.gen_dout_chk[322]._assert_9"	[0.00 s].
0.0.B: Stopped processing property "descrambler.u_descrambler_sva.gen_dout_chk[321]._assert_9"	[0.01 s].
0.0.B: Starting proof for property "descrambler.u_descrambler_sva.gen_dout_chk[322]._assert_9"	[0.00 s].
0.0.B: A max_length bound was found. The shortest trace is no longer than 128 cycles. [0.00 s]
INFO (IPF008): 0.0.B: A max_length bound of 128 was found for the property "descrambler.u_descrambler_sva.gen_dout_chk[322]._assert_9" in 0.00 s.
0.0.B: Trace Attempt  1	[0.00 s]
0.0.B: Trace Attempt  2	[0.00 s]
0.0.B: Trace Attempt  3	[0.00 s]
0.0.B: Trace Attempt  4	[0.00 s]
0.0.N: Trace Attempt  1	[0.00 s]
0.0.B: Trace Attempt  5	[0.00 s]
0.0.N: Trace Attempt  2	[0.00 s]
0.0.N: Trace Attempt  2	[0.00 s]
0.0.N: Trace Attempt  3	[0.00 s]
0.0.N: Trace Attempt  3	[0.00 s]
0.0.N: Trace Attempt  4	[0.00 s]
0.0.N: Trace Attempt  5	[0.00 s]
0.0.N: Trace Attempt  1	[0.01 s]
0.0.N: Trace Attempt  2	[0.01 s]
0.0.N: Trace Attempt  3	[0.01 s]
0.0.N: Validation of fixpoint was successful. Time = 0.00
0.0.N: A proof was found: No trace exists. [0.01 s]
INFO (IPF057): 0.0.N: The property "descrambler.u_descrambler_sva.gen_dout_chk[322]._assert_9" was proven in 0.01 s.
0.0.N: Stopped processing property "descrambler.u_descrambler_sva.gen_dout_chk[322]._assert_9"	[0.01 s].
0.0.N: Starting proof for property "descrambler.u_descrambler_sva.gen_dout_chk[323]._assert_9"	[0.00 s].
0.0.B: Stopped processing property "descrambler.u_descrambler_sva.gen_dout_chk[322]._assert_9"	[0.01 s].
0.0.B: Starting proof for property "descrambler.u_descrambler_sva.gen_dout_chk[323]._assert_9"	[0.00 s].
0.0.B: A max_length bound was found. The shortest trace is no longer than 128 cycles. [0.00 s]
INFO (IPF008): 0.0.B: A max_length bound of 128 was found for the property "descrambler.u_descrambler_sva.gen_dout_chk[323]._assert_9" in 0.00 s.
0.0.B: Trace Attempt  1	[0.00 s]
0.0.B: Trace Attempt  2	[0.00 s]
0.0.B: Trace Attempt  3	[0.00 s]
0.0.B: Trace Attempt  4	[0.00 s]
0.0.B: Trace Attempt  5	[0.00 s]
0.0.N: Trace Attempt  1	[0.00 s]
0.0.N: Trace Attempt  2	[0.00 s]
0.0.N: Trace Attempt  2	[0.00 s]
0.0.N: Trace Attempt  3	[0.00 s]
0.0.N: Trace Attempt  3	[0.00 s]
0.0.N: Trace Attempt  4	[0.00 s]
0.0.N: Trace Attempt  5	[0.00 s]
0.0.N: Trace Attempt  1	[0.01 s]
0.0.N: Trace Attempt  2	[0.01 s]
0.0.N: Trace Attempt  3	[0.01 s]
0.0.N: Validation of fixpoint was successful. Time = 0.00
0.0.N: A proof was found: No trace exists. [0.01 s]
INFO (IPF057): 0.0.N: The property "descrambler.u_descrambler_sva.gen_dout_chk[323]._assert_9" was proven in 0.01 s.
0.0.N: Stopped processing property "descrambler.u_descrambler_sva.gen_dout_chk[323]._assert_9"	[0.01 s].
0.0.N: Starting proof for property "descrambler.u_descrambler_sva.gen_dout_chk[324]._assert_9"	[0.00 s].
0.0.B: Stopped processing property "descrambler.u_descrambler_sva.gen_dout_chk[323]._assert_9"	[0.01 s].
0.0.B: Starting proof for property "descrambler.u_descrambler_sva.gen_dout_chk[324]._assert_9"	[0.00 s].
0.0.B: A max_length bound was found. The shortest trace is no longer than 128 cycles. [0.00 s]
INFO (IPF008): 0.0.B: A max_length bound of 128 was found for the property "descrambler.u_descrambler_sva.gen_dout_chk[324]._assert_9" in 0.00 s.
0.0.B: Trace Attempt  1	[0.00 s]
0.0.B: Trace Attempt  2	[0.00 s]
0.0.B: Trace Attempt  3	[0.00 s]
0.0.B: Trace Attempt  4	[0.00 s]
0.0.N: Trace Attempt  1	[0.00 s]
0.0.B: Trace Attempt  5	[0.00 s]
0.0.N: Trace Attempt  2	[0.00 s]
0.0.N: Trace Attempt  2	[0.00 s]
0.0.N: Trace Attempt  3	[0.00 s]
0.0.N: Trace Attempt  3	[0.00 s]
0.0.N: Trace Attempt  4	[0.00 s]
0.0.N: Trace Attempt  5	[0.00 s]
0.0.N: Trace Attempt  1	[0.01 s]
0.0.N: Trace Attempt  2	[0.01 s]
0.0.N: Trace Attempt  3	[0.01 s]
0.0.N: Validation of fixpoint was successful. Time = 0.00
0.0.N: A proof was found: No trace exists. [0.01 s]
INFO (IPF057): 0.0.N: The property "descrambler.u_descrambler_sva.gen_dout_chk[324]._assert_9" was proven in 0.01 s.
0.0.N: Stopped processing property "descrambler.u_descrambler_sva.gen_dout_chk[324]._assert_9"	[0.01 s].
0.0.N: Starting proof for property "descrambler.u_descrambler_sva.gen_dout_chk[325]._assert_9"	[0.00 s].
0.0.B: Stopped processing property "descrambler.u_descrambler_sva.gen_dout_chk[324]._assert_9"	[0.01 s].
0.0.B: Starting proof for property "descrambler.u_descrambler_sva.gen_dout_chk[325]._assert_9"	[0.00 s].
0.0.B: A max_length bound was found. The shortest trace is no longer than 128 cycles. [0.00 s]
INFO (IPF008): 0.0.B: A max_length bound of 128 was found for the property "descrambler.u_descrambler_sva.gen_dout_chk[325]._assert_9" in 0.00 s.
0.0.B: Trace Attempt  1	[0.00 s]
0.0.B: Trace Attempt  2	[0.00 s]
0.0.B: Trace Attempt  3	[0.00 s]
0.0.B: Trace Attempt  4	[0.00 s]
0.0.B: Trace Attempt  5	[0.00 s]
0.0.N: Trace Attempt  1	[0.00 s]
0.0.N: Trace Attempt  2	[0.00 s]
0.0.N: Trace Attempt  2	[0.00 s]
0.0.N: Trace Attempt  3	[0.00 s]
0.0.N: Trace Attempt  3	[0.00 s]
0.0.N: Trace Attempt  4	[0.00 s]
0.0.N: Trace Attempt  5	[0.00 s]
0.0.N: Trace Attempt  1	[0.01 s]
0.0.N: Trace Attempt  2	[0.01 s]
0.0.N: Trace Attempt  3	[0.01 s]
0.0.N: Validation of fixpoint was successful. Time = 0.00
0.0.N: A proof was found: No trace exists. [0.01 s]
INFO (IPF057): 0.0.N: The property "descrambler.u_descrambler_sva.gen_dout_chk[325]._assert_9" was proven in 0.01 s.
0.0.N: Stopped processing property "descrambler.u_descrambler_sva.gen_dout_chk[325]._assert_9"	[0.01 s].
0.0.N: Starting proof for property "descrambler.u_descrambler_sva.gen_dout_chk[326]._assert_9"	[0.00 s].
0.0.B: Stopped processing property "descrambler.u_descrambler_sva.gen_dout_chk[325]._assert_9"	[0.01 s].
0.0.B: Starting proof for property "descrambler.u_descrambler_sva.gen_dout_chk[326]._assert_9"	[0.00 s].
0.0.B: A max_length bound was found. The shortest trace is no longer than 128 cycles. [0.00 s]
INFO (IPF008): 0.0.B: A max_length bound of 128 was found for the property "descrambler.u_descrambler_sva.gen_dout_chk[326]._assert_9" in 0.00 s.
0.0.B: Trace Attempt  1	[0.00 s]
0.0.B: Trace Attempt  2	[0.00 s]
0.0.N: Trace Attempt  1	[0.00 s]
0.0.B: Trace Attempt  3	[0.00 s]
0.0.B: Trace Attempt  4	[0.00 s]
0.0.B: Trace Attempt  5	[0.00 s]
0.0.N: Trace Attempt  2	[0.00 s]
0.0.N: Trace Attempt  2	[0.00 s]
0.0.N: Trace Attempt  3	[0.00 s]
0.0.N: Trace Attempt  3	[0.00 s]
0.0.N: Trace Attempt  4	[0.00 s]
0.0.N: Trace Attempt  5	[0.00 s]
0.0.N: Trace Attempt  1	[0.01 s]
0.0.N: Trace Attempt  2	[0.01 s]
0.0.N: Trace Attempt  3	[0.01 s]
0.0.N: Validation of fixpoint was successful. Time = 0.00
0.0.N: A proof was found: No trace exists. [0.01 s]
INFO (IPF057): 0.0.N: The property "descrambler.u_descrambler_sva.gen_dout_chk[326]._assert_9" was proven in 0.01 s.
0.0.N: Stopped processing property "descrambler.u_descrambler_sva.gen_dout_chk[326]._assert_9"	[0.01 s].
0.0.N: Starting proof for property "descrambler.u_descrambler_sva.gen_dout_chk[327]._assert_9"	[0.00 s].
0.0.B: Stopped processing property "descrambler.u_descrambler_sva.gen_dout_chk[326]._assert_9"	[0.01 s].
0.0.B: Starting proof for property "descrambler.u_descrambler_sva.gen_dout_chk[327]._assert_9"	[0.00 s].
0.0.B: A max_length bound was found. The shortest trace is no longer than 128 cycles. [0.00 s]
INFO (IPF008): 0.0.B: A max_length bound of 128 was found for the property "descrambler.u_descrambler_sva.gen_dout_chk[327]._assert_9" in 0.00 s.
0.0.B: Trace Attempt  1	[0.00 s]
0.0.B: Trace Attempt  2	[0.00 s]
0.0.B: Trace Attempt  3	[0.00 s]
0.0.B: Trace Attempt  4	[0.00 s]
0.0.N: Trace Attempt  1	[0.00 s]
0.0.B: Trace Attempt  5	[0.00 s]
0.0.N: Trace Attempt  2	[0.00 s]
0.0.N: Trace Attempt  2	[0.00 s]
0.0.N: Trace Attempt  3	[0.00 s]
0.0.N: Trace Attempt  3	[0.00 s]
0.0.N: Trace Attempt  4	[0.00 s]
0.0.N: Trace Attempt  5	[0.00 s]
0.0.N: Trace Attempt  1	[0.01 s]
0.0.N: Trace Attempt  2	[0.01 s]
0.0.N: Trace Attempt  3	[0.01 s]
0.0.N: Validation of fixpoint was successful. Time = 0.00
0.0.N: A proof was found: No trace exists. [0.01 s]
INFO (IPF057): 0.0.N: The property "descrambler.u_descrambler_sva.gen_dout_chk[327]._assert_9" was proven in 0.01 s.
0.0.N: Stopped processing property "descrambler.u_descrambler_sva.gen_dout_chk[327]._assert_9"	[0.01 s].
0.0.N: Starting proof for property "descrambler.u_descrambler_sva.gen_dout_chk[328]._assert_9"	[0.00 s].
0.0.B: Stopped processing property "descrambler.u_descrambler_sva.gen_dout_chk[327]._assert_9"	[0.01 s].
0.0.B: Starting proof for property "descrambler.u_descrambler_sva.gen_dout_chk[328]._assert_9"	[0.00 s].
0.0.B: A max_length bound was found. The shortest trace is no longer than 128 cycles. [0.00 s]
INFO (IPF008): 0.0.B: A max_length bound of 128 was found for the property "descrambler.u_descrambler_sva.gen_dout_chk[328]._assert_9" in 0.00 s.
0.0.B: Trace Attempt  1	[0.00 s]
0.0.B: Trace Attempt  2	[0.00 s]
0.0.B: Trace Attempt  3	[0.00 s]
0.0.B: Trace Attempt  4	[0.00 s]
0.0.N: Trace Attempt  1	[0.00 s]
0.0.B: Trace Attempt  5	[0.00 s]
0.0.N: Trace Attempt  2	[0.00 s]
0.0.N: Trace Attempt  2	[0.00 s]
0.0.N: Trace Attempt  3	[0.00 s]
0.0.N: Trace Attempt  3	[0.00 s]
0.0.N: Trace Attempt  4	[0.00 s]
0.0.N: Trace Attempt  5	[0.00 s]
0.0.N: Trace Attempt  1	[0.01 s]
0.0.N: Trace Attempt  2	[0.01 s]
0.0.N: Trace Attempt  3	[0.01 s]
0.0.N: Validation of fixpoint was successful. Time = 0.00
0.0.N: A proof was found: No trace exists. [0.01 s]
INFO (IPF057): 0.0.N: The property "descrambler.u_descrambler_sva.gen_dout_chk[328]._assert_9" was proven in 0.01 s.
0.0.N: Stopped processing property "descrambler.u_descrambler_sva.gen_dout_chk[328]._assert_9"	[0.01 s].
0.0.N: Starting proof for property "descrambler.u_descrambler_sva.gen_dout_chk[329]._assert_9"	[0.00 s].
0.0.B: Stopped processing property "descrambler.u_descrambler_sva.gen_dout_chk[328]._assert_9"	[0.01 s].
0.0.B: Starting proof for property "descrambler.u_descrambler_sva.gen_dout_chk[329]._assert_9"	[0.00 s].
0.0.B: A max_length bound was found. The shortest trace is no longer than 128 cycles. [0.00 s]
INFO (IPF008): 0.0.B: A max_length bound of 128 was found for the property "descrambler.u_descrambler_sva.gen_dout_chk[329]._assert_9" in 0.00 s.
0.0.B: Trace Attempt  1	[0.00 s]
0.0.B: Trace Attempt  2	[0.00 s]
0.0.B: Trace Attempt  3	[0.00 s]
0.0.B: Trace Attempt  4	[0.00 s]
0.0.N: Trace Attempt  1	[0.00 s]
0.0.B: Trace Attempt  5	[0.00 s]
0.0.N: Trace Attempt  2	[0.00 s]
0.0.N: Trace Attempt  2	[0.00 s]
0.0.N: Trace Attempt  3	[0.00 s]
0.0.N: Trace Attempt  3	[0.00 s]
0.0.N: Trace Attempt  4	[0.00 s]
0.0.N: Trace Attempt  5	[0.00 s]
0.0.N: Trace Attempt  1	[0.01 s]
0.0.N: Trace Attempt  2	[0.01 s]
0.0.N: Trace Attempt  3	[0.01 s]
0.0.N: Validation of fixpoint was successful. Time = 0.00
0.0.N: A proof was found: No trace exists. [0.01 s]
INFO (IPF057): 0.0.N: The property "descrambler.u_descrambler_sva.gen_dout_chk[329]._assert_9" was proven in 0.01 s.
0.0.B: Stopped processing property "descrambler.u_descrambler_sva.gen_dout_chk[329]._assert_9"	[0.01 s].
0.0.B: Starting proof for property "descrambler.u_descrambler_sva.gen_dout_chk[330]._assert_9"	[0.00 s].
0.0.N: Stopped processing property "descrambler.u_descrambler_sva.gen_dout_chk[329]._assert_9"	[0.01 s].
0.0.N: Starting proof for property "descrambler.u_descrambler_sva.gen_dout_chk[330]._assert_9"	[0.00 s].
0.0.B: A max_length bound was found. The shortest trace is no longer than 128 cycles. [0.00 s]
INFO (IPF008): 0.0.B: A max_length bound of 128 was found for the property "descrambler.u_descrambler_sva.gen_dout_chk[330]._assert_9" in 0.00 s.
0.0.B: Trace Attempt  1	[0.00 s]
0.0.B: Trace Attempt  2	[0.00 s]
0.0.B: Trace Attempt  3	[0.00 s]
0.0.B: Trace Attempt  4	[0.00 s]
0.0.B: Trace Attempt  5	[0.00 s]
0.0.N: Trace Attempt  1	[0.00 s]
0.0.N: Trace Attempt  2	[0.00 s]
0.0.N: Trace Attempt  2	[0.00 s]
0.0.N: Trace Attempt  3	[0.00 s]
0.0.N: Trace Attempt  3	[0.00 s]
0.0.N: Trace Attempt  4	[0.00 s]
0.0.N: Trace Attempt  5	[0.00 s]
0.0.N: Trace Attempt  1	[0.01 s]
0.0.N: Trace Attempt  2	[0.01 s]
0.0.N: Trace Attempt  3	[0.01 s]
0.0.N: Validation of fixpoint was successful. Time = 0.00
0.0.N: A proof was found: No trace exists. [0.01 s]
INFO (IPF057): 0.0.N: The property "descrambler.u_descrambler_sva.gen_dout_chk[330]._assert_9" was proven in 0.01 s.
0.0.B: Stopped processing property "descrambler.u_descrambler_sva.gen_dout_chk[330]._assert_9"	[0.01 s].
0.0.B: Starting proof for property "descrambler.u_descrambler_sva.gen_dout_chk[331]._assert_9"	[0.00 s].
0.0.N: Stopped processing property "descrambler.u_descrambler_sva.gen_dout_chk[330]._assert_9"	[0.01 s].
0.0.N: Starting proof for property "descrambler.u_descrambler_sva.gen_dout_chk[331]._assert_9"	[0.00 s].
0.0.B: A max_length bound was found. The shortest trace is no longer than 128 cycles. [0.00 s]
INFO (IPF008): 0.0.B: A max_length bound of 128 was found for the property "descrambler.u_descrambler_sva.gen_dout_chk[331]._assert_9" in 0.00 s.
0.0.B: Trace Attempt  1	[0.00 s]
0.0.B: Trace Attempt  2	[0.00 s]
0.0.B: Trace Attempt  3	[0.00 s]
0.0.B: Trace Attempt  4	[0.00 s]
0.0.B: Trace Attempt  5	[0.00 s]
0.0.N: Trace Attempt  1	[0.00 s]
0.0.N: Trace Attempt  2	[0.00 s]
0.0.N: Trace Attempt  2	[0.00 s]
0.0.N: Trace Attempt  3	[0.00 s]
0.0.N: Trace Attempt  3	[0.00 s]
0.0.N: Trace Attempt  4	[0.00 s]
0.0.N: Trace Attempt  5	[0.00 s]
0.0.N: Trace Attempt  1	[0.01 s]
0.0.N: Trace Attempt  2	[0.01 s]
0.0.N: Trace Attempt  3	[0.01 s]
0.0.N: Validation of fixpoint was successful. Time = 0.00
0.0.N: A proof was found: No trace exists. [0.01 s]
INFO (IPF057): 0.0.N: The property "descrambler.u_descrambler_sva.gen_dout_chk[331]._assert_9" was proven in 0.01 s.
0.0.B: Stopped processing property "descrambler.u_descrambler_sva.gen_dout_chk[331]._assert_9"	[0.01 s].
0.0.N: Stopped processing property "descrambler.u_descrambler_sva.gen_dout_chk[331]._assert_9"	[0.01 s].
0.0.N: Starting proof for property "descrambler.u_descrambler_sva.gen_dout_chk[332]._assert_9"	[0.00 s].
0.0.B: Starting proof for property "descrambler.u_descrambler_sva.gen_dout_chk[332]._assert_9"	[0.00 s].
0.0.B: A max_length bound was found. The shortest trace is no longer than 128 cycles. [0.00 s]
INFO (IPF008): 0.0.B: A max_length bound of 128 was found for the property "descrambler.u_descrambler_sva.gen_dout_chk[332]._assert_9" in 0.00 s.
0.0.B: Trace Attempt  1	[0.00 s]
0.0.B: Trace Attempt  2	[0.00 s]
0.0.B: Trace Attempt  3	[0.00 s]
0.0.B: Trace Attempt  4	[0.00 s]
0.0.B: Trace Attempt  5	[0.00 s]
0.0.N: Trace Attempt  1	[0.00 s]
0.0.N: Trace Attempt  2	[0.00 s]
0.0.N: Trace Attempt  2	[0.00 s]
0.0.N: Trace Attempt  3	[0.00 s]
0.0.N: Trace Attempt  3	[0.00 s]
0.0.N: Trace Attempt  4	[0.00 s]
0.0.N: Trace Attempt  5	[0.00 s]
0.0.N: Trace Attempt  1	[0.01 s]
0.0.N: Trace Attempt  2	[0.01 s]
0.0.N: Trace Attempt  3	[0.01 s]
0.0.N: Validation of fixpoint was successful. Time = 0.00
0.0.N: A proof was found: No trace exists. [0.01 s]
INFO (IPF057): 0.0.N: The property "descrambler.u_descrambler_sva.gen_dout_chk[332]._assert_9" was proven in 0.01 s.
0.0.N: Stopped processing property "descrambler.u_descrambler_sva.gen_dout_chk[332]._assert_9"	[0.01 s].
0.0.N: Starting proof for property "descrambler.u_descrambler_sva.gen_dout_chk[333]._assert_9"	[0.00 s].
0.0.B: Stopped processing property "descrambler.u_descrambler_sva.gen_dout_chk[332]._assert_9"	[0.01 s].
0.0.B: Starting proof for property "descrambler.u_descrambler_sva.gen_dout_chk[333]._assert_9"	[0.00 s].
0.0.B: A max_length bound was found. The shortest trace is no longer than 128 cycles. [0.00 s]
INFO (IPF008): 0.0.B: A max_length bound of 128 was found for the property "descrambler.u_descrambler_sva.gen_dout_chk[333]._assert_9" in 0.00 s.
0.0.B: Trace Attempt  1	[0.00 s]
0.0.B: Trace Attempt  2	[0.00 s]
0.0.B: Trace Attempt  3	[0.00 s]
0.0.B: Trace Attempt  4	[0.00 s]
0.0.B: Trace Attempt  5	[0.00 s]
0.0.N: Trace Attempt  1	[0.00 s]
0.0.N: Trace Attempt  2	[0.00 s]
0.0.N: Trace Attempt  2	[0.00 s]
0.0.N: Trace Attempt  3	[0.00 s]
0.0.N: Trace Attempt  3	[0.00 s]
0.0.N: Trace Attempt  4	[0.00 s]
0.0.N: Trace Attempt  5	[0.00 s]
0.0.N: Trace Attempt  1	[0.01 s]
0.0.N: Trace Attempt  2	[0.01 s]
0.0.N: Trace Attempt  3	[0.01 s]
0.0.N: Validation of fixpoint was successful. Time = 0.00
0.0.N: A proof was found: No trace exists. [0.01 s]
INFO (IPF057): 0.0.N: The property "descrambler.u_descrambler_sva.gen_dout_chk[333]._assert_9" was proven in 0.01 s.
0.0.N: Stopped processing property "descrambler.u_descrambler_sva.gen_dout_chk[333]._assert_9"	[0.01 s].
0.0.N: Starting proof for property "descrambler.u_descrambler_sva.gen_dout_chk[334]._assert_9"	[0.00 s].
0.0.B: Stopped processing property "descrambler.u_descrambler_sva.gen_dout_chk[333]._assert_9"	[0.01 s].
0.0.B: Starting proof for property "descrambler.u_descrambler_sva.gen_dout_chk[334]._assert_9"	[0.00 s].
0.0.B: A max_length bound was found. The shortest trace is no longer than 128 cycles. [0.00 s]
INFO (IPF008): 0.0.B: A max_length bound of 128 was found for the property "descrambler.u_descrambler_sva.gen_dout_chk[334]._assert_9" in 0.00 s.
0.0.B: Trace Attempt  1	[0.00 s]
0.0.B: Trace Attempt  2	[0.00 s]
0.0.B: Trace Attempt  3	[0.00 s]
0.0.B: Trace Attempt  4	[0.00 s]
0.0.B: Trace Attempt  5	[0.00 s]
0.0.N: Trace Attempt  1	[0.00 s]
0.0.N: Trace Attempt  2	[0.00 s]
0.0.N: Trace Attempt  2	[0.00 s]
0.0.N: Trace Attempt  3	[0.00 s]
0.0.N: Trace Attempt  3	[0.00 s]
0.0.N: Trace Attempt  4	[0.00 s]
0.0.N: Trace Attempt  5	[0.00 s]
0.0.N: Trace Attempt  1	[0.01 s]
0.0.N: Trace Attempt  2	[0.01 s]
0.0.N: Trace Attempt  3	[0.01 s]
0.0.N: Validation of fixpoint was successful. Time = 0.00
0.0.N: A proof was found: No trace exists. [0.01 s]
INFO (IPF057): 0.0.N: The property "descrambler.u_descrambler_sva.gen_dout_chk[334]._assert_9" was proven in 0.01 s.
0.0.N: Stopped processing property "descrambler.u_descrambler_sva.gen_dout_chk[334]._assert_9"	[0.01 s].
0.0.N: Starting proof for property "descrambler.u_descrambler_sva.gen_dout_chk[335]._assert_9"	[0.00 s].
0.0.B: Stopped processing property "descrambler.u_descrambler_sva.gen_dout_chk[334]._assert_9"	[0.01 s].
0.0.B: Starting proof for property "descrambler.u_descrambler_sva.gen_dout_chk[335]._assert_9"	[0.00 s].
0.0.B: A max_length bound was found. The shortest trace is no longer than 128 cycles. [0.00 s]
INFO (IPF008): 0.0.B: A max_length bound of 128 was found for the property "descrambler.u_descrambler_sva.gen_dout_chk[335]._assert_9" in 0.00 s.
0.0.B: Trace Attempt  1	[0.00 s]
0.0.B: Trace Attempt  2	[0.00 s]
0.0.B: Trace Attempt  3	[0.00 s]
0.0.B: Trace Attempt  4	[0.00 s]
0.0.B: Trace Attempt  5	[0.00 s]
0.0.N: Trace Attempt  1	[0.00 s]
0.0.N: Trace Attempt  2	[0.00 s]
0.0.N: Trace Attempt  2	[0.00 s]
0.0.N: Trace Attempt  3	[0.00 s]
0.0.N: Trace Attempt  3	[0.00 s]
0.0.N: Trace Attempt  4	[0.00 s]
0.0.N: Trace Attempt  5	[0.00 s]
0.0.N: Trace Attempt  1	[0.01 s]
0.0.N: Trace Attempt  2	[0.01 s]
0.0.N: Trace Attempt  3	[0.01 s]
0.0.N: Validation of fixpoint was successful. Time = 0.00
0.0.N: A proof was found: No trace exists. [0.01 s]
INFO (IPF057): 0.0.N: The property "descrambler.u_descrambler_sva.gen_dout_chk[335]._assert_9" was proven in 0.01 s.
0.0.N: Stopped processing property "descrambler.u_descrambler_sva.gen_dout_chk[335]._assert_9"	[0.01 s].
0.0.N: Starting proof for property "descrambler.u_descrambler_sva.gen_dout_chk[336]._assert_9"	[0.00 s].
0.0.B: Stopped processing property "descrambler.u_descrambler_sva.gen_dout_chk[335]._assert_9"	[0.01 s].
0.0.B: Starting proof for property "descrambler.u_descrambler_sva.gen_dout_chk[336]._assert_9"	[0.00 s].
0.0.B: A max_length bound was found. The shortest trace is no longer than 128 cycles. [0.00 s]
INFO (IPF008): 0.0.B: A max_length bound of 128 was found for the property "descrambler.u_descrambler_sva.gen_dout_chk[336]._assert_9" in 0.00 s.
0.0.B: Trace Attempt  1	[0.00 s]
0.0.B: Trace Attempt  2	[0.00 s]
0.0.B: Trace Attempt  3	[0.00 s]
0.0.B: Trace Attempt  4	[0.00 s]
0.0.N: Trace Attempt  1	[0.00 s]
0.0.B: Trace Attempt  5	[0.00 s]
0.0.N: Trace Attempt  2	[0.00 s]
0.0.N: Trace Attempt  2	[0.00 s]
0.0.N: Trace Attempt  3	[0.00 s]
0.0.N: Trace Attempt  3	[0.00 s]
0.0.N: Trace Attempt  4	[0.00 s]
0.0.N: Trace Attempt  5	[0.00 s]
0.0.N: Trace Attempt  1	[0.01 s]
0.0.N: Trace Attempt  2	[0.01 s]
0.0.N: Trace Attempt  3	[0.01 s]
0.0.N: Validation of fixpoint was successful. Time = 0.00
0.0.N: A proof was found: No trace exists. [0.01 s]
INFO (IPF057): 0.0.N: The property "descrambler.u_descrambler_sva.gen_dout_chk[336]._assert_9" was proven in 0.01 s.
0.0.N: Stopped processing property "descrambler.u_descrambler_sva.gen_dout_chk[336]._assert_9"	[0.01 s].
0.0.N: Starting proof for property "descrambler.u_descrambler_sva.gen_dout_chk[337]._assert_9"	[0.00 s].
0.0.B: Stopped processing property "descrambler.u_descrambler_sva.gen_dout_chk[336]._assert_9"	[0.01 s].
0.0.B: Starting proof for property "descrambler.u_descrambler_sva.gen_dout_chk[337]._assert_9"	[0.00 s].
0.0.B: A max_length bound was found. The shortest trace is no longer than 128 cycles. [0.00 s]
INFO (IPF008): 0.0.B: A max_length bound of 128 was found for the property "descrambler.u_descrambler_sva.gen_dout_chk[337]._assert_9" in 0.00 s.
0.0.B: Trace Attempt  1	[0.00 s]
0.0.B: Trace Attempt  2	[0.00 s]
0.0.B: Trace Attempt  3	[0.00 s]
0.0.B: Trace Attempt  4	[0.00 s]
0.0.B: Trace Attempt  5	[0.00 s]
0.0.N: Trace Attempt  1	[0.00 s]
0.0.N: Trace Attempt  2	[0.00 s]
0.0.N: Trace Attempt  2	[0.00 s]
0.0.N: Trace Attempt  3	[0.00 s]
0.0.N: Trace Attempt  3	[0.00 s]
0.0.N: Trace Attempt  4	[0.00 s]
0.0.N: Trace Attempt  5	[0.00 s]
0.0.N: Trace Attempt  1	[0.01 s]
0.0.N: Trace Attempt  2	[0.01 s]
0.0.N: Trace Attempt  3	[0.01 s]
0.0.N: Validation of fixpoint was successful. Time = 0.00
0.0.N: A proof was found: No trace exists. [0.01 s]
INFO (IPF057): 0.0.N: The property "descrambler.u_descrambler_sva.gen_dout_chk[337]._assert_9" was proven in 0.01 s.
0.0.N: Stopped processing property "descrambler.u_descrambler_sva.gen_dout_chk[337]._assert_9"	[0.01 s].
0.0.N: Starting proof for property "descrambler.u_descrambler_sva.gen_dout_chk[338]._assert_9"	[0.00 s].
0.0.B: Stopped processing property "descrambler.u_descrambler_sva.gen_dout_chk[337]._assert_9"	[0.01 s].
0.0.B: Starting proof for property "descrambler.u_descrambler_sva.gen_dout_chk[338]._assert_9"	[0.00 s].
0.0.B: A max_length bound was found. The shortest trace is no longer than 128 cycles. [0.00 s]
INFO (IPF008): 0.0.B: A max_length bound of 128 was found for the property "descrambler.u_descrambler_sva.gen_dout_chk[338]._assert_9" in 0.00 s.
0.0.B: Trace Attempt  1	[0.00 s]
0.0.B: Trace Attempt  2	[0.00 s]
0.0.B: Trace Attempt  3	[0.00 s]
0.0.B: Trace Attempt  4	[0.00 s]
0.0.B: Trace Attempt  5	[0.00 s]
0.0.N: Trace Attempt  1	[0.00 s]
0.0.N: Trace Attempt  2	[0.00 s]
0.0.N: Trace Attempt  2	[0.00 s]
0.0.N: Trace Attempt  3	[0.00 s]
0.0.N: Trace Attempt  3	[0.00 s]
0.0.N: Trace Attempt  4	[0.00 s]
0.0.N: Trace Attempt  5	[0.00 s]
0.0.N: Trace Attempt  1	[0.01 s]
0.0.N: Trace Attempt  2	[0.01 s]
0.0.N: Trace Attempt  3	[0.01 s]
0.0.N: Validation of fixpoint was successful. Time = 0.00
0.0.N: A proof was found: No trace exists. [0.01 s]
INFO (IPF057): 0.0.N: The property "descrambler.u_descrambler_sva.gen_dout_chk[338]._assert_9" was proven in 0.01 s.
0.0.N: Stopped processing property "descrambler.u_descrambler_sva.gen_dout_chk[338]._assert_9"	[0.01 s].
0.0.N: Starting proof for property "descrambler.u_descrambler_sva.gen_dout_chk[339]._assert_9"	[0.00 s].
0.0.B: Stopped processing property "descrambler.u_descrambler_sva.gen_dout_chk[338]._assert_9"	[0.01 s].
0.0.B: Starting proof for property "descrambler.u_descrambler_sva.gen_dout_chk[339]._assert_9"	[0.00 s].
0.0.B: A max_length bound was found. The shortest trace is no longer than 128 cycles. [0.00 s]
INFO (IPF008): 0.0.B: A max_length bound of 128 was found for the property "descrambler.u_descrambler_sva.gen_dout_chk[339]._assert_9" in 0.00 s.
0.0.B: Trace Attempt  1	[0.00 s]
0.0.B: Trace Attempt  2	[0.00 s]
0.0.B: Trace Attempt  3	[0.00 s]
0.0.B: Trace Attempt  4	[0.00 s]
0.0.B: Trace Attempt  5	[0.00 s]
0.0.N: Trace Attempt  1	[0.00 s]
0.0.N: Trace Attempt  2	[0.00 s]
0.0.N: Trace Attempt  2	[0.00 s]
0.0.N: Trace Attempt  3	[0.00 s]
0.0.N: Trace Attempt  3	[0.00 s]
0.0.N: Trace Attempt  4	[0.00 s]
0.0.N: Trace Attempt  5	[0.00 s]
0.0.N: Trace Attempt  1	[0.01 s]
0.0.N: Trace Attempt  2	[0.01 s]
0.0.N: Trace Attempt  3	[0.01 s]
0.0.N: Validation of fixpoint was successful. Time = 0.00
0.0.N: A proof was found: No trace exists. [0.01 s]
INFO (IPF057): 0.0.N: The property "descrambler.u_descrambler_sva.gen_dout_chk[339]._assert_9" was proven in 0.01 s.
0.0.N: Stopped processing property "descrambler.u_descrambler_sva.gen_dout_chk[339]._assert_9"	[0.01 s].
0.0.N: Starting proof for property "descrambler.u_descrambler_sva.gen_dout_chk[340]._assert_9"	[0.00 s].
0.0.B: Stopped processing property "descrambler.u_descrambler_sva.gen_dout_chk[339]._assert_9"	[0.01 s].
0.0.B: Starting proof for property "descrambler.u_descrambler_sva.gen_dout_chk[340]._assert_9"	[0.00 s].
0.0.B: A max_length bound was found. The shortest trace is no longer than 128 cycles. [0.00 s]
INFO (IPF008): 0.0.B: A max_length bound of 128 was found for the property "descrambler.u_descrambler_sva.gen_dout_chk[340]._assert_9" in 0.00 s.
0.0.B: Trace Attempt  1	[0.00 s]
0.0.B: Trace Attempt  2	[0.00 s]
0.0.B: Trace Attempt  3	[0.00 s]
0.0.B: Trace Attempt  4	[0.00 s]
0.0.B: Trace Attempt  5	[0.00 s]
0.0.N: Trace Attempt  1	[0.00 s]
0.0.N: Trace Attempt  2	[0.00 s]
0.0.N: Trace Attempt  2	[0.00 s]
0.0.N: Trace Attempt  3	[0.00 s]
0.0.N: Trace Attempt  3	[0.00 s]
0.0.N: Trace Attempt  4	[0.00 s]
0.0.N: Trace Attempt  5	[0.00 s]
0.0.N: Trace Attempt  1	[0.01 s]
0.0.N: Trace Attempt  2	[0.01 s]
0.0.N: Trace Attempt  3	[0.01 s]
0.0.N: Validation of fixpoint was successful. Time = 0.00
0.0.N: A proof was found: No trace exists. [0.01 s]
INFO (IPF057): 0.0.N: The property "descrambler.u_descrambler_sva.gen_dout_chk[340]._assert_9" was proven in 0.01 s.
0.0.N: Stopped processing property "descrambler.u_descrambler_sva.gen_dout_chk[340]._assert_9"	[0.01 s].
0.0.N: Starting proof for property "descrambler.u_descrambler_sva.gen_dout_chk[341]._assert_9"	[0.00 s].
0.0.B: Stopped processing property "descrambler.u_descrambler_sva.gen_dout_chk[340]._assert_9"	[0.01 s].
0.0.B: Starting proof for property "descrambler.u_descrambler_sva.gen_dout_chk[341]._assert_9"	[0.00 s].
0.0.B: A max_length bound was found. The shortest trace is no longer than 128 cycles. [0.00 s]
INFO (IPF008): 0.0.B: A max_length bound of 128 was found for the property "descrambler.u_descrambler_sva.gen_dout_chk[341]._assert_9" in 0.00 s.
0.0.B: Trace Attempt  1	[0.00 s]
0.0.B: Trace Attempt  2	[0.00 s]
0.0.B: Trace Attempt  3	[0.00 s]
0.0.B: Trace Attempt  4	[0.00 s]
0.0.B: Trace Attempt  5	[0.00 s]
0.0.N: Trace Attempt  1	[0.00 s]
0.0.N: Trace Attempt  2	[0.00 s]
0.0.N: Trace Attempt  2	[0.00 s]
0.0.N: Trace Attempt  3	[0.00 s]
0.0.N: Trace Attempt  3	[0.00 s]
0.0.N: Trace Attempt  4	[0.00 s]
0.0.N: Trace Attempt  5	[0.00 s]
0.0.N: Trace Attempt  1	[0.01 s]
0.0.N: Trace Attempt  2	[0.01 s]
0.0.N: Trace Attempt  3	[0.01 s]
0.0.N: Validation of fixpoint was successful. Time = 0.00
0.0.N: A proof was found: No trace exists. [0.01 s]
INFO (IPF057): 0.0.N: The property "descrambler.u_descrambler_sva.gen_dout_chk[341]._assert_9" was proven in 0.01 s.
0.0.N: Stopped processing property "descrambler.u_descrambler_sva.gen_dout_chk[341]._assert_9"	[0.01 s].
0.0.N: Starting proof for property "descrambler.u_descrambler_sva.gen_dout_chk[342]._assert_9"	[0.00 s].
0.0.B: Stopped processing property "descrambler.u_descrambler_sva.gen_dout_chk[341]._assert_9"	[0.01 s].
0.0.B: Starting proof for property "descrambler.u_descrambler_sva.gen_dout_chk[342]._assert_9"	[0.00 s].
0.0.B: A max_length bound was found. The shortest trace is no longer than 128 cycles. [0.00 s]
INFO (IPF008): 0.0.B: A max_length bound of 128 was found for the property "descrambler.u_descrambler_sva.gen_dout_chk[342]._assert_9" in 0.00 s.
0.0.B: Trace Attempt  1	[0.00 s]
0.0.B: Trace Attempt  2	[0.00 s]
0.0.B: Trace Attempt  3	[0.00 s]
0.0.B: Trace Attempt  4	[0.00 s]
0.0.N: Trace Attempt  1	[0.00 s]
0.0.B: Trace Attempt  5	[0.00 s]
0.0.N: Trace Attempt  2	[0.00 s]
0.0.N: Trace Attempt  2	[0.00 s]
0.0.N: Trace Attempt  3	[0.00 s]
0.0.N: Trace Attempt  3	[0.00 s]
0.0.N: Trace Attempt  4	[0.00 s]
0.0.N: Trace Attempt  5	[0.00 s]
0.0.N: Trace Attempt  1	[0.01 s]
0.0.N: Trace Attempt  2	[0.01 s]
0.0.N: Trace Attempt  3	[0.01 s]
0.0.N: Validation of fixpoint was successful. Time = 0.00
0.0.N: A proof was found: No trace exists. [0.01 s]
INFO (IPF057): 0.0.N: The property "descrambler.u_descrambler_sva.gen_dout_chk[342]._assert_9" was proven in 0.01 s.
0.0.B: Stopped processing property "descrambler.u_descrambler_sva.gen_dout_chk[342]._assert_9"	[0.01 s].
0.0.N: Stopped processing property "descrambler.u_descrambler_sva.gen_dout_chk[342]._assert_9"	[0.01 s].
0.0.N: Starting proof for property "descrambler.u_descrambler_sva.gen_dout_chk[343]._assert_9"	[0.00 s].
0.0.B: Starting proof for property "descrambler.u_descrambler_sva.gen_dout_chk[343]._assert_9"	[0.00 s].
0.0.B: A max_length bound was found. The shortest trace is no longer than 128 cycles. [0.00 s]
INFO (IPF008): 0.0.B: A max_length bound of 128 was found for the property "descrambler.u_descrambler_sva.gen_dout_chk[343]._assert_9" in 0.00 s.
0.0.B: Trace Attempt  1	[0.00 s]
0.0.B: Trace Attempt  2	[0.00 s]
0.0.B: Trace Attempt  3	[0.00 s]
0.0.B: Trace Attempt  4	[0.00 s]
0.0.B: Trace Attempt  5	[0.00 s]
0.0.N: Trace Attempt  1	[0.00 s]
0.0.N: Trace Attempt  2	[0.00 s]
0.0.N: Trace Attempt  2	[0.00 s]
0.0.N: Trace Attempt  3	[0.00 s]
0.0.N: Trace Attempt  3	[0.00 s]
0.0.N: Trace Attempt  4	[0.00 s]
0.0.N: Trace Attempt  5	[0.00 s]
0.0.N: Trace Attempt  1	[0.01 s]
0.0.N: Trace Attempt  2	[0.01 s]
0.0.N: Trace Attempt  3	[0.01 s]
0.0.N: Validation of fixpoint was successful. Time = 0.00
0.0.N: A proof was found: No trace exists. [0.01 s]
INFO (IPF057): 0.0.N: The property "descrambler.u_descrambler_sva.gen_dout_chk[343]._assert_9" was proven in 0.01 s.
0.0.B: Stopped processing property "descrambler.u_descrambler_sva.gen_dout_chk[343]._assert_9"	[0.01 s].
0.0.B: Starting proof for property "descrambler.u_descrambler_sva.gen_dout_chk[344]._assert_9"	[0.00 s].
0.0.N: Stopped processing property "descrambler.u_descrambler_sva.gen_dout_chk[343]._assert_9"	[0.01 s].
0.0.N: Starting proof for property "descrambler.u_descrambler_sva.gen_dout_chk[344]._assert_9"	[0.00 s].
0.0.B: A max_length bound was found. The shortest trace is no longer than 128 cycles. [0.00 s]
INFO (IPF008): 0.0.B: A max_length bound of 128 was found for the property "descrambler.u_descrambler_sva.gen_dout_chk[344]._assert_9" in 0.00 s.
0.0.B: Trace Attempt  1	[0.00 s]
0.0.B: Trace Attempt  2	[0.00 s]
0.0.B: Trace Attempt  3	[0.00 s]
0.0.B: Trace Attempt  4	[0.00 s]
0.0.B: Trace Attempt  5	[0.00 s]
0.0.N: Trace Attempt  1	[0.00 s]
0.0.N: Trace Attempt  2	[0.00 s]
0.0.N: Trace Attempt  2	[0.00 s]
0.0.N: Trace Attempt  3	[0.00 s]
0.0.N: Trace Attempt  3	[0.00 s]
0.0.N: Trace Attempt  4	[0.00 s]
0.0.N: Trace Attempt  5	[0.00 s]
0.0.N: Trace Attempt  1	[0.01 s]
0.0.N: Trace Attempt  2	[0.01 s]
0.0.N: Trace Attempt  3	[0.01 s]
0.0.N: Validation of fixpoint was successful. Time = 0.00
0.0.N: A proof was found: No trace exists. [0.01 s]
INFO (IPF057): 0.0.N: The property "descrambler.u_descrambler_sva.gen_dout_chk[344]._assert_9" was proven in 0.01 s.
0.0.N: Stopped processing property "descrambler.u_descrambler_sva.gen_dout_chk[344]._assert_9"	[0.01 s].
0.0.N: Starting proof for property "descrambler.u_descrambler_sva.gen_dout_chk[345]._assert_9"	[0.00 s].
0.0.B: Stopped processing property "descrambler.u_descrambler_sva.gen_dout_chk[344]._assert_9"	[0.01 s].
0.0.B: Starting proof for property "descrambler.u_descrambler_sva.gen_dout_chk[345]._assert_9"	[0.00 s].
0.0.B: A max_length bound was found. The shortest trace is no longer than 128 cycles. [0.00 s]
INFO (IPF008): 0.0.B: A max_length bound of 128 was found for the property "descrambler.u_descrambler_sva.gen_dout_chk[345]._assert_9" in 0.00 s.
0.0.B: Trace Attempt  1	[0.00 s]
0.0.B: Trace Attempt  2	[0.00 s]
0.0.B: Trace Attempt  3	[0.00 s]
0.0.B: Trace Attempt  4	[0.00 s]
0.0.B: Trace Attempt  5	[0.00 s]
0.0.N: Trace Attempt  1	[0.00 s]
0.0.N: Trace Attempt  2	[0.00 s]
0.0.N: Trace Attempt  2	[0.00 s]
0.0.N: Trace Attempt  3	[0.00 s]
0.0.N: Trace Attempt  3	[0.00 s]
0.0.N: Trace Attempt  4	[0.00 s]
0.0.N: Trace Attempt  5	[0.00 s]
0.0.N: Trace Attempt  1	[0.01 s]
0.0.N: Trace Attempt  2	[0.01 s]
0.0.N: Trace Attempt  3	[0.01 s]
0.0.N: Validation of fixpoint was successful. Time = 0.00
0.0.N: A proof was found: No trace exists. [0.01 s]
INFO (IPF057): 0.0.N: The property "descrambler.u_descrambler_sva.gen_dout_chk[345]._assert_9" was proven in 0.01 s.
0.0.N: Stopped processing property "descrambler.u_descrambler_sva.gen_dout_chk[345]._assert_9"	[0.01 s].
0.0.N: Starting proof for property "descrambler.u_descrambler_sva.gen_dout_chk[346]._assert_9"	[0.00 s].
0.0.B: Stopped processing property "descrambler.u_descrambler_sva.gen_dout_chk[345]._assert_9"	[0.01 s].
0.0.B: Starting proof for property "descrambler.u_descrambler_sva.gen_dout_chk[346]._assert_9"	[0.00 s].
0.0.B: A max_length bound was found. The shortest trace is no longer than 128 cycles. [0.00 s]
INFO (IPF008): 0.0.B: A max_length bound of 128 was found for the property "descrambler.u_descrambler_sva.gen_dout_chk[346]._assert_9" in 0.00 s.
0.0.B: Trace Attempt  1	[0.00 s]
0.0.B: Trace Attempt  2	[0.00 s]
0.0.B: Trace Attempt  3	[0.00 s]
0.0.B: Trace Attempt  4	[0.00 s]
0.0.B: Trace Attempt  5	[0.00 s]
0.0.N: Trace Attempt  1	[0.00 s]
0.0.N: Trace Attempt  2	[0.00 s]
0.0.N: Trace Attempt  2	[0.00 s]
0.0.N: Trace Attempt  3	[0.00 s]
0.0.N: Trace Attempt  3	[0.00 s]
0.0.N: Trace Attempt  4	[0.00 s]
0.0.N: Trace Attempt  5	[0.00 s]
0.0.N: Trace Attempt  1	[0.01 s]
0.0.N: Trace Attempt  2	[0.01 s]
0.0.N: Trace Attempt  3	[0.01 s]
0.0.N: Validation of fixpoint was successful. Time = 0.00
0.0.N: A proof was found: No trace exists. [0.01 s]
INFO (IPF057): 0.0.N: The property "descrambler.u_descrambler_sva.gen_dout_chk[346]._assert_9" was proven in 0.01 s.
0.0.B: Stopped processing property "descrambler.u_descrambler_sva.gen_dout_chk[346]._assert_9"	[0.01 s].
0.0.N: Stopped processing property "descrambler.u_descrambler_sva.gen_dout_chk[346]._assert_9"	[0.01 s].
0.0.N: Starting proof for property "descrambler.u_descrambler_sva.gen_dout_chk[347]._assert_9"	[0.00 s].
0.0.B: Starting proof for property "descrambler.u_descrambler_sva.gen_dout_chk[347]._assert_9"	[0.00 s].
0.0.B: A max_length bound was found. The shortest trace is no longer than 128 cycles. [0.00 s]
INFO (IPF008): 0.0.B: A max_length bound of 128 was found for the property "descrambler.u_descrambler_sva.gen_dout_chk[347]._assert_9" in 0.00 s.
0.0.B: Trace Attempt  1	[0.00 s]
0.0.B: Trace Attempt  2	[0.00 s]
0.0.B: Trace Attempt  3	[0.00 s]
0.0.B: Trace Attempt  4	[0.00 s]
0.0.B: Trace Attempt  5	[0.00 s]
0.0.N: Trace Attempt  1	[0.00 s]
0.0.N: Trace Attempt  2	[0.00 s]
0.0.N: Trace Attempt  2	[0.00 s]
0.0.N: Trace Attempt  3	[0.00 s]
0.0.N: Trace Attempt  3	[0.00 s]
0.0.N: Trace Attempt  4	[0.00 s]
0.0.N: Trace Attempt  5	[0.00 s]
0.0.N: Trace Attempt  1	[0.01 s]
0.0.N: Trace Attempt  2	[0.01 s]
0.0.N: Trace Attempt  3	[0.01 s]
0.0.N: Validation of fixpoint was successful. Time = 0.00
0.0.N: A proof was found: No trace exists. [0.01 s]
INFO (IPF057): 0.0.N: The property "descrambler.u_descrambler_sva.gen_dout_chk[347]._assert_9" was proven in 0.01 s.
0.0.N: Stopped processing property "descrambler.u_descrambler_sva.gen_dout_chk[347]._assert_9"	[0.01 s].
0.0.N: Starting proof for property "descrambler.u_descrambler_sva.gen_dout_chk[348]._assert_9"	[0.00 s].
0.0.B: Stopped processing property "descrambler.u_descrambler_sva.gen_dout_chk[347]._assert_9"	[0.01 s].
0.0.B: Starting proof for property "descrambler.u_descrambler_sva.gen_dout_chk[348]._assert_9"	[0.00 s].
0.0.B: A max_length bound was found. The shortest trace is no longer than 128 cycles. [0.00 s]
INFO (IPF008): 0.0.B: A max_length bound of 128 was found for the property "descrambler.u_descrambler_sva.gen_dout_chk[348]._assert_9" in 0.00 s.
0.0.B: Trace Attempt  1	[0.00 s]
0.0.B: Trace Attempt  2	[0.00 s]
0.0.B: Trace Attempt  3	[0.00 s]
0.0.B: Trace Attempt  4	[0.00 s]
0.0.B: Trace Attempt  5	[0.00 s]
0.0.N: Trace Attempt  1	[0.00 s]
0.0.N: Trace Attempt  2	[0.00 s]
0.0.N: Trace Attempt  2	[0.00 s]
0.0.N: Trace Attempt  3	[0.00 s]
0.0.N: Trace Attempt  3	[0.00 s]
0.0.N: Trace Attempt  4	[0.00 s]
0.0.N: Trace Attempt  5	[0.00 s]
0.0.N: Trace Attempt  1	[0.01 s]
0.0.N: Trace Attempt  2	[0.01 s]
0.0.N: Trace Attempt  3	[0.01 s]
0.0.N: Validation of fixpoint was successful. Time = 0.00
0.0.N: A proof was found: No trace exists. [0.01 s]
INFO (IPF057): 0.0.N: The property "descrambler.u_descrambler_sva.gen_dout_chk[348]._assert_9" was proven in 0.01 s.
0.0.N: Stopped processing property "descrambler.u_descrambler_sva.gen_dout_chk[348]._assert_9"	[0.01 s].
0.0.N: Starting proof for property "descrambler.u_descrambler_sva.gen_dout_chk[349]._assert_9"	[0.00 s].
0.0.B: Stopped processing property "descrambler.u_descrambler_sva.gen_dout_chk[348]._assert_9"	[0.01 s].
0.0.B: Starting proof for property "descrambler.u_descrambler_sva.gen_dout_chk[349]._assert_9"	[0.00 s].
0.0.B: A max_length bound was found. The shortest trace is no longer than 128 cycles. [0.00 s]
INFO (IPF008): 0.0.B: A max_length bound of 128 was found for the property "descrambler.u_descrambler_sva.gen_dout_chk[349]._assert_9" in 0.00 s.
0.0.B: Trace Attempt  1	[0.00 s]
0.0.B: Trace Attempt  2	[0.00 s]
0.0.B: Trace Attempt  3	[0.00 s]
0.0.B: Trace Attempt  4	[0.00 s]
0.0.B: Trace Attempt  5	[0.00 s]
0.0.N: Trace Attempt  1	[0.00 s]
0.0.N: Trace Attempt  2	[0.00 s]
0.0.N: Trace Attempt  2	[0.00 s]
0.0.N: Trace Attempt  3	[0.00 s]
0.0.N: Trace Attempt  3	[0.00 s]
0.0.N: Trace Attempt  4	[0.00 s]
0.0.N: Trace Attempt  5	[0.00 s]
0.0.N: Trace Attempt  1	[0.01 s]
0.0.N: Trace Attempt  2	[0.01 s]
0.0.N: Trace Attempt  3	[0.01 s]
0.0.N: Validation of fixpoint was successful. Time = 0.00
0.0.N: A proof was found: No trace exists. [0.01 s]
INFO (IPF057): 0.0.N: The property "descrambler.u_descrambler_sva.gen_dout_chk[349]._assert_9" was proven in 0.01 s.
0.0.N: Stopped processing property "descrambler.u_descrambler_sva.gen_dout_chk[349]._assert_9"	[0.01 s].
0.0.N: Starting proof for property "descrambler.u_descrambler_sva.gen_dout_chk[350]._assert_9"	[0.00 s].
0.0.B: Stopped processing property "descrambler.u_descrambler_sva.gen_dout_chk[349]._assert_9"	[0.01 s].
0.0.B: Starting proof for property "descrambler.u_descrambler_sva.gen_dout_chk[350]._assert_9"	[0.00 s].
0.0.B: A max_length bound was found. The shortest trace is no longer than 128 cycles. [0.00 s]
INFO (IPF008): 0.0.B: A max_length bound of 128 was found for the property "descrambler.u_descrambler_sva.gen_dout_chk[350]._assert_9" in 0.00 s.
0.0.B: Trace Attempt  1	[0.00 s]
0.0.B: Trace Attempt  2	[0.00 s]
0.0.B: Trace Attempt  3	[0.00 s]
0.0.N: Trace Attempt  1	[0.00 s]
0.0.B: Trace Attempt  4	[0.00 s]
0.0.B: Trace Attempt  5	[0.00 s]
0.0.N: Trace Attempt  2	[0.00 s]
0.0.N: Trace Attempt  2	[0.00 s]
0.0.N: Trace Attempt  3	[0.00 s]
0.0.N: Trace Attempt  3	[0.00 s]
0.0.N: Trace Attempt  4	[0.00 s]
0.0.N: Trace Attempt  5	[0.00 s]
0.0.N: Trace Attempt  1	[0.01 s]
0.0.N: Trace Attempt  2	[0.01 s]
0.0.N: Trace Attempt  3	[0.01 s]
0.0.N: Validation of fixpoint was successful. Time = 0.00
0.0.N: A proof was found: No trace exists. [0.01 s]
INFO (IPF057): 0.0.N: The property "descrambler.u_descrambler_sva.gen_dout_chk[350]._assert_9" was proven in 0.01 s.
0.0.N: Stopped processing property "descrambler.u_descrambler_sva.gen_dout_chk[350]._assert_9"	[0.01 s].
0.0.N: Starting proof for property "descrambler.u_descrambler_sva.gen_dout_chk[351]._assert_9"	[0.00 s].
0.0.B: Stopped processing property "descrambler.u_descrambler_sva.gen_dout_chk[350]._assert_9"	[0.01 s].
0.0.B: Starting proof for property "descrambler.u_descrambler_sva.gen_dout_chk[351]._assert_9"	[0.00 s].
0.0.B: A max_length bound was found. The shortest trace is no longer than 128 cycles. [0.00 s]
INFO (IPF008): 0.0.B: A max_length bound of 128 was found for the property "descrambler.u_descrambler_sva.gen_dout_chk[351]._assert_9" in 0.00 s.
0.0.B: Trace Attempt  1	[0.00 s]
0.0.B: Trace Attempt  2	[0.00 s]
0.0.B: Trace Attempt  3	[0.00 s]
0.0.N: Trace Attempt  1	[0.00 s]
0.0.B: Trace Attempt  4	[0.00 s]
0.0.B: Trace Attempt  5	[0.00 s]
0.0.N: Trace Attempt  2	[0.00 s]
0.0.N: Trace Attempt  2	[0.00 s]
0.0.N: Trace Attempt  3	[0.00 s]
0.0.N: Trace Attempt  3	[0.00 s]
0.0.N: Trace Attempt  4	[0.00 s]
0.0.N: Trace Attempt  5	[0.00 s]
0.0.N: Trace Attempt  1	[0.01 s]
0.0.N: Trace Attempt  2	[0.01 s]
0.0.N: Trace Attempt  3	[0.01 s]
0.0.N: Validation of fixpoint was successful. Time = 0.00
0.0.N: A proof was found: No trace exists. [0.01 s]
INFO (IPF057): 0.0.N: The property "descrambler.u_descrambler_sva.gen_dout_chk[351]._assert_9" was proven in 0.01 s.
0.0.N: Stopped processing property "descrambler.u_descrambler_sva.gen_dout_chk[351]._assert_9"	[0.01 s].
0.0.N: Starting proof for property "descrambler.u_descrambler_sva.gen_dout_chk[352]._assert_9"	[0.00 s].
0.0.B: Stopped processing property "descrambler.u_descrambler_sva.gen_dout_chk[351]._assert_9"	[0.01 s].
0.0.B: Starting proof for property "descrambler.u_descrambler_sva.gen_dout_chk[352]._assert_9"	[0.00 s].
0.0.B: A max_length bound was found. The shortest trace is no longer than 128 cycles. [0.00 s]
INFO (IPF008): 0.0.B: A max_length bound of 128 was found for the property "descrambler.u_descrambler_sva.gen_dout_chk[352]._assert_9" in 0.00 s.
0.0.B: Trace Attempt  1	[0.00 s]
0.0.B: Trace Attempt  2	[0.00 s]
0.0.B: Trace Attempt  3	[0.00 s]
0.0.B: Trace Attempt  4	[0.00 s]
0.0.B: Trace Attempt  5	[0.00 s]
0.0.N: Trace Attempt  1	[0.00 s]
0.0.N: Trace Attempt  2	[0.00 s]
0.0.N: Trace Attempt  2	[0.00 s]
0.0.N: Trace Attempt  3	[0.00 s]
0.0.N: Trace Attempt  3	[0.00 s]
0.0.N: Trace Attempt  4	[0.00 s]
0.0.N: Trace Attempt  5	[0.00 s]
0.0.N: Trace Attempt  1	[0.01 s]
0.0.N: Trace Attempt  2	[0.01 s]
0.0.N: Trace Attempt  3	[0.01 s]
0.0.N: Validation of fixpoint was successful. Time = 0.00
0.0.N: A proof was found: No trace exists. [0.01 s]
INFO (IPF057): 0.0.N: The property "descrambler.u_descrambler_sva.gen_dout_chk[352]._assert_9" was proven in 0.01 s.
0.0.N: Stopped processing property "descrambler.u_descrambler_sva.gen_dout_chk[352]._assert_9"	[0.01 s].
0.0.N: Starting proof for property "descrambler.u_descrambler_sva.gen_dout_chk[353]._assert_9"	[0.00 s].
0.0.B: Stopped processing property "descrambler.u_descrambler_sva.gen_dout_chk[352]._assert_9"	[0.01 s].
0.0.B: Starting proof for property "descrambler.u_descrambler_sva.gen_dout_chk[353]._assert_9"	[0.00 s].
0.0.B: A max_length bound was found. The shortest trace is no longer than 128 cycles. [0.00 s]
INFO (IPF008): 0.0.B: A max_length bound of 128 was found for the property "descrambler.u_descrambler_sva.gen_dout_chk[353]._assert_9" in 0.00 s.
0.0.B: Trace Attempt  1	[0.00 s]
0.0.B: Trace Attempt  2	[0.00 s]
0.0.B: Trace Attempt  3	[0.00 s]
0.0.B: Trace Attempt  4	[0.00 s]
0.0.B: Trace Attempt  5	[0.00 s]
0.0.N: Trace Attempt  1	[0.00 s]
0.0.N: Trace Attempt  2	[0.00 s]
0.0.N: Trace Attempt  2	[0.00 s]
0.0.N: Trace Attempt  3	[0.00 s]
0.0.N: Trace Attempt  3	[0.00 s]
0.0.N: Trace Attempt  4	[0.00 s]
0.0.N: Trace Attempt  5	[0.00 s]
0.0.N: Trace Attempt  1	[0.01 s]
0.0.N: Trace Attempt  2	[0.01 s]
0.0.N: Trace Attempt  3	[0.01 s]
0.0.N: Validation of fixpoint was successful. Time = 0.00
0.0.N: A proof was found: No trace exists. [0.01 s]
INFO (IPF057): 0.0.N: The property "descrambler.u_descrambler_sva.gen_dout_chk[353]._assert_9" was proven in 0.01 s.
0.0.N: Stopped processing property "descrambler.u_descrambler_sva.gen_dout_chk[353]._assert_9"	[0.01 s].
0.0.N: Starting proof for property "descrambler.u_descrambler_sva.gen_dout_chk[354]._assert_9"	[0.00 s].
0.0.B: Stopped processing property "descrambler.u_descrambler_sva.gen_dout_chk[353]._assert_9"	[0.01 s].
0.0.B: Starting proof for property "descrambler.u_descrambler_sva.gen_dout_chk[354]._assert_9"	[0.00 s].
0.0.B: A max_length bound was found. The shortest trace is no longer than 128 cycles. [0.00 s]
INFO (IPF008): 0.0.B: A max_length bound of 128 was found for the property "descrambler.u_descrambler_sva.gen_dout_chk[354]._assert_9" in 0.00 s.
0.0.B: Trace Attempt  1	[0.00 s]
0.0.B: Trace Attempt  2	[0.00 s]
0.0.B: Trace Attempt  3	[0.00 s]
0.0.B: Trace Attempt  4	[0.00 s]
0.0.B: Trace Attempt  5	[0.00 s]
0.0.N: Trace Attempt  1	[0.00 s]
0.0.N: Trace Attempt  2	[0.00 s]
0.0.N: Trace Attempt  2	[0.00 s]
0.0.N: Trace Attempt  3	[0.00 s]
0.0.N: Trace Attempt  3	[0.00 s]
0.0.N: Trace Attempt  4	[0.00 s]
0.0.N: Trace Attempt  5	[0.00 s]
0.0.N: Trace Attempt  1	[0.01 s]
0.0.N: Trace Attempt  2	[0.01 s]
0.0.N: Trace Attempt  3	[0.01 s]
0.0.N: Validation of fixpoint was successful. Time = 0.00
0.0.N: A proof was found: No trace exists. [0.01 s]
INFO (IPF057): 0.0.N: The property "descrambler.u_descrambler_sva.gen_dout_chk[354]._assert_9" was proven in 0.01 s.
0.0.N: Stopped processing property "descrambler.u_descrambler_sva.gen_dout_chk[354]._assert_9"	[0.01 s].
0.0.N: Starting proof for property "descrambler.u_descrambler_sva.gen_dout_chk[355]._assert_9"	[0.00 s].
0.0.B: Stopped processing property "descrambler.u_descrambler_sva.gen_dout_chk[354]._assert_9"	[0.01 s].
0.0.B: Starting proof for property "descrambler.u_descrambler_sva.gen_dout_chk[355]._assert_9"	[0.00 s].
0.0.B: A max_length bound was found. The shortest trace is no longer than 128 cycles. [0.00 s]
INFO (IPF008): 0.0.B: A max_length bound of 128 was found for the property "descrambler.u_descrambler_sva.gen_dout_chk[355]._assert_9" in 0.00 s.
0.0.B: Trace Attempt  1	[0.00 s]
0.0.B: Trace Attempt  2	[0.00 s]
0.0.B: Trace Attempt  3	[0.00 s]
0.0.B: Trace Attempt  4	[0.00 s]
0.0.B: Trace Attempt  5	[0.00 s]
0.0.N: Trace Attempt  1	[0.00 s]
0.0.N: Trace Attempt  2	[0.00 s]
0.0.N: Trace Attempt  2	[0.00 s]
0.0.N: Trace Attempt  3	[0.00 s]
0.0.N: Trace Attempt  3	[0.00 s]
0.0.N: Trace Attempt  4	[0.00 s]
0.0.N: Trace Attempt  5	[0.00 s]
0.0.N: Trace Attempt  1	[0.01 s]
0.0.N: Trace Attempt  2	[0.01 s]
0.0.N: Trace Attempt  3	[0.01 s]
0.0.N: Validation of fixpoint was successful. Time = 0.00
0.0.N: A proof was found: No trace exists. [0.01 s]
INFO (IPF057): 0.0.N: The property "descrambler.u_descrambler_sva.gen_dout_chk[355]._assert_9" was proven in 0.01 s.
0.0.B: Stopped processing property "descrambler.u_descrambler_sva.gen_dout_chk[355]._assert_9"	[0.01 s].
0.0.B: Starting proof for property "descrambler.u_descrambler_sva.gen_dout_chk[356]._assert_9"	[0.00 s].
0.0.N: Stopped processing property "descrambler.u_descrambler_sva.gen_dout_chk[355]._assert_9"	[0.01 s].
0.0.N: Starting proof for property "descrambler.u_descrambler_sva.gen_dout_chk[356]._assert_9"	[0.00 s].
0.0.B: A max_length bound was found. The shortest trace is no longer than 128 cycles. [0.00 s]
INFO (IPF008): 0.0.B: A max_length bound of 128 was found for the property "descrambler.u_descrambler_sva.gen_dout_chk[356]._assert_9" in 0.00 s.
0.0.B: Trace Attempt  1	[0.00 s]
0.0.B: Trace Attempt  2	[0.00 s]
0.0.B: Trace Attempt  3	[0.00 s]
0.0.B: Trace Attempt  4	[0.00 s]
0.0.B: Trace Attempt  5	[0.00 s]
0.0.N: Trace Attempt  1	[0.00 s]
0.0.N: Trace Attempt  2	[0.00 s]
0.0.N: Trace Attempt  2	[0.00 s]
0.0.N: Trace Attempt  3	[0.00 s]
0.0.N: Trace Attempt  3	[0.00 s]
0.0.N: Trace Attempt  4	[0.00 s]
0.0.N: Trace Attempt  5	[0.00 s]
0.0.N: Trace Attempt  1	[0.01 s]
0.0.N: Trace Attempt  2	[0.01 s]
0.0.N: Trace Attempt  3	[0.01 s]
0.0.N: Validation of fixpoint was successful. Time = 0.00
0.0.N: A proof was found: No trace exists. [0.01 s]
INFO (IPF057): 0.0.N: The property "descrambler.u_descrambler_sva.gen_dout_chk[356]._assert_9" was proven in 0.01 s.
0.0.N: Stopped processing property "descrambler.u_descrambler_sva.gen_dout_chk[356]._assert_9"	[0.01 s].
0.0.N: Starting proof for property "descrambler.u_descrambler_sva.gen_dout_chk[357]._assert_9"	[0.00 s].
0.0.B: Stopped processing property "descrambler.u_descrambler_sva.gen_dout_chk[356]._assert_9"	[0.01 s].
0.0.B: Starting proof for property "descrambler.u_descrambler_sva.gen_dout_chk[357]._assert_9"	[0.00 s].
0.0.B: A max_length bound was found. The shortest trace is no longer than 128 cycles. [0.00 s]
INFO (IPF008): 0.0.B: A max_length bound of 128 was found for the property "descrambler.u_descrambler_sva.gen_dout_chk[357]._assert_9" in 0.00 s.
0.0.B: Trace Attempt  1	[0.00 s]
0.0.B: Trace Attempt  2	[0.00 s]
0.0.B: Trace Attempt  3	[0.00 s]
0.0.B: Trace Attempt  4	[0.00 s]
0.0.B: Trace Attempt  5	[0.00 s]
0.0.N: Trace Attempt  1	[0.00 s]
0.0.N: Trace Attempt  2	[0.00 s]
0.0.N: Trace Attempt  2	[0.00 s]
0.0.N: Trace Attempt  3	[0.00 s]
0.0.N: Trace Attempt  3	[0.00 s]
0.0.N: Trace Attempt  4	[0.00 s]
0.0.N: Trace Attempt  5	[0.00 s]
0.0.N: Trace Attempt  1	[0.01 s]
0.0.N: Trace Attempt  2	[0.01 s]
0.0.N: Trace Attempt  3	[0.01 s]
0.0.N: Validation of fixpoint was successful. Time = 0.00
0.0.N: A proof was found: No trace exists. [0.01 s]
INFO (IPF057): 0.0.N: The property "descrambler.u_descrambler_sva.gen_dout_chk[357]._assert_9" was proven in 0.01 s.
0.0.B: Stopped processing property "descrambler.u_descrambler_sva.gen_dout_chk[357]._assert_9"	[0.01 s].
0.0.B: Starting proof for property "descrambler.u_descrambler_sva.gen_dout_chk[358]._assert_9"	[0.00 s].
0.0.N: Stopped processing property "descrambler.u_descrambler_sva.gen_dout_chk[357]._assert_9"	[0.01 s].
0.0.N: Starting proof for property "descrambler.u_descrambler_sva.gen_dout_chk[358]._assert_9"	[0.00 s].
0.0.B: A max_length bound was found. The shortest trace is no longer than 128 cycles. [0.00 s]
INFO (IPF008): 0.0.B: A max_length bound of 128 was found for the property "descrambler.u_descrambler_sva.gen_dout_chk[358]._assert_9" in 0.00 s.
0.0.B: Trace Attempt  1	[0.00 s]
0.0.B: Trace Attempt  2	[0.00 s]
0.0.B: Trace Attempt  3	[0.00 s]
0.0.B: Trace Attempt  4	[0.00 s]
0.0.B: Trace Attempt  5	[0.00 s]
0.0.N: Trace Attempt  1	[0.00 s]
0.0.N: Trace Attempt  2	[0.00 s]
0.0.N: Trace Attempt  2	[0.00 s]
0.0.N: Trace Attempt  3	[0.00 s]
0.0.N: Trace Attempt  3	[0.00 s]
0.0.N: Trace Attempt  4	[0.00 s]
0.0.N: Trace Attempt  5	[0.00 s]
0.0.N: Trace Attempt  1	[0.01 s]
0.0.N: Trace Attempt  2	[0.01 s]
0.0.N: Trace Attempt  3	[0.01 s]
0.0.N: Validation of fixpoint was successful. Time = 0.00
0.0.N: A proof was found: No trace exists. [0.01 s]
INFO (IPF057): 0.0.N: The property "descrambler.u_descrambler_sva.gen_dout_chk[358]._assert_9" was proven in 0.01 s.
0.0.N: Stopped processing property "descrambler.u_descrambler_sva.gen_dout_chk[358]._assert_9"	[0.01 s].
0.0.N: Starting proof for property "descrambler.u_descrambler_sva.gen_dout_chk[359]._assert_9"	[0.00 s].
0.0.B: Stopped processing property "descrambler.u_descrambler_sva.gen_dout_chk[358]._assert_9"	[0.01 s].
0.0.B: Starting proof for property "descrambler.u_descrambler_sva.gen_dout_chk[359]._assert_9"	[0.00 s].
0.0.B: A max_length bound was found. The shortest trace is no longer than 128 cycles. [0.00 s]
INFO (IPF008): 0.0.B: A max_length bound of 128 was found for the property "descrambler.u_descrambler_sva.gen_dout_chk[359]._assert_9" in 0.00 s.
0.0.B: Trace Attempt  1	[0.00 s]
0.0.B: Trace Attempt  2	[0.00 s]
0.0.B: Trace Attempt  3	[0.00 s]
0.0.B: Trace Attempt  4	[0.00 s]
0.0.B: Trace Attempt  5	[0.00 s]
0.0.N: Trace Attempt  1	[0.00 s]
0.0.N: Trace Attempt  2	[0.00 s]
0.0.N: Trace Attempt  2	[0.00 s]
0.0.N: Trace Attempt  3	[0.00 s]
0.0.N: Trace Attempt  3	[0.00 s]
0.0.N: Trace Attempt  4	[0.00 s]
0.0.N: Trace Attempt  5	[0.00 s]
0.0.N: Trace Attempt  1	[0.01 s]
0.0.N: Trace Attempt  2	[0.01 s]
0.0.N: Trace Attempt  3	[0.01 s]
0.0.N: Validation of fixpoint was successful. Time = 0.00
0.0.N: A proof was found: No trace exists. [0.01 s]
INFO (IPF057): 0.0.N: The property "descrambler.u_descrambler_sva.gen_dout_chk[359]._assert_9" was proven in 0.01 s.
0.0.N: Stopped processing property "descrambler.u_descrambler_sva.gen_dout_chk[359]._assert_9"	[0.01 s].
0.0.N: Starting proof for property "descrambler.u_descrambler_sva.gen_dout_chk[360]._assert_9"	[0.00 s].
0.0.B: Stopped processing property "descrambler.u_descrambler_sva.gen_dout_chk[359]._assert_9"	[0.01 s].
0.0.B: Starting proof for property "descrambler.u_descrambler_sva.gen_dout_chk[360]._assert_9"	[0.00 s].
0.0.B: A max_length bound was found. The shortest trace is no longer than 128 cycles. [0.00 s]
INFO (IPF008): 0.0.B: A max_length bound of 128 was found for the property "descrambler.u_descrambler_sva.gen_dout_chk[360]._assert_9" in 0.00 s.
0.0.B: Trace Attempt  1	[0.00 s]
0.0.B: Trace Attempt  2	[0.00 s]
0.0.B: Trace Attempt  3	[0.00 s]
0.0.B: Trace Attempt  4	[0.00 s]
0.0.B: Trace Attempt  5	[0.00 s]
0.0.N: Trace Attempt  1	[0.00 s]
0.0.N: Trace Attempt  2	[0.00 s]
0.0.N: Trace Attempt  2	[0.00 s]
0.0.N: Trace Attempt  3	[0.00 s]
0.0.N: Trace Attempt  3	[0.00 s]
0.0.N: Trace Attempt  4	[0.00 s]
0.0.N: Trace Attempt  5	[0.00 s]
0.0.N: Trace Attempt  1	[0.01 s]
0.0.N: Trace Attempt  2	[0.01 s]
0.0.N: Trace Attempt  3	[0.01 s]
0.0.N: Validation of fixpoint was successful. Time = 0.00
0.0.N: A proof was found: No trace exists. [0.01 s]
INFO (IPF057): 0.0.N: The property "descrambler.u_descrambler_sva.gen_dout_chk[360]._assert_9" was proven in 0.01 s.
0.0.N: Stopped processing property "descrambler.u_descrambler_sva.gen_dout_chk[360]._assert_9"	[0.01 s].
0.0.N: Starting proof for property "descrambler.u_descrambler_sva.gen_dout_chk[361]._assert_9"	[0.00 s].
0.0.B: Stopped processing property "descrambler.u_descrambler_sva.gen_dout_chk[360]._assert_9"	[0.01 s].
0.0.B: Starting proof for property "descrambler.u_descrambler_sva.gen_dout_chk[361]._assert_9"	[0.00 s].
0.0.B: A max_length bound was found. The shortest trace is no longer than 128 cycles. [0.00 s]
INFO (IPF008): 0.0.B: A max_length bound of 128 was found for the property "descrambler.u_descrambler_sva.gen_dout_chk[361]._assert_9" in 0.00 s.
0.0.B: Trace Attempt  1	[0.00 s]
0.0.B: Trace Attempt  2	[0.00 s]
0.0.B: Trace Attempt  3	[0.00 s]
0.0.B: Trace Attempt  4	[0.00 s]
0.0.B: Trace Attempt  5	[0.00 s]
0.0.N: Trace Attempt  1	[0.00 s]
0.0.N: Trace Attempt  2	[0.00 s]
0.0.N: Trace Attempt  2	[0.00 s]
0.0.N: Trace Attempt  3	[0.00 s]
0.0.N: Trace Attempt  3	[0.00 s]
0.0.N: Trace Attempt  4	[0.00 s]
0.0.N: Trace Attempt  5	[0.00 s]
0.0.N: Trace Attempt  1	[0.01 s]
0.0.N: Trace Attempt  2	[0.01 s]
0.0.N: Trace Attempt  3	[0.01 s]
0.0.N: Validation of fixpoint was successful. Time = 0.00
0.0.N: A proof was found: No trace exists. [0.01 s]
INFO (IPF057): 0.0.N: The property "descrambler.u_descrambler_sva.gen_dout_chk[361]._assert_9" was proven in 0.01 s.
0.0.N: Stopped processing property "descrambler.u_descrambler_sva.gen_dout_chk[361]._assert_9"	[0.01 s].
0.0.N: Starting proof for property "descrambler.u_descrambler_sva.gen_dout_chk[362]._assert_9"	[0.00 s].
0.0.B: Stopped processing property "descrambler.u_descrambler_sva.gen_dout_chk[361]._assert_9"	[0.01 s].
0.0.B: Starting proof for property "descrambler.u_descrambler_sva.gen_dout_chk[362]._assert_9"	[0.00 s].
0.0.B: A max_length bound was found. The shortest trace is no longer than 128 cycles. [0.00 s]
INFO (IPF008): 0.0.B: A max_length bound of 128 was found for the property "descrambler.u_descrambler_sva.gen_dout_chk[362]._assert_9" in 0.00 s.
0.0.B: Trace Attempt  1	[0.00 s]
0.0.B: Trace Attempt  2	[0.00 s]
0.0.B: Trace Attempt  3	[0.00 s]
0.0.B: Trace Attempt  4	[0.00 s]
0.0.B: Trace Attempt  5	[0.00 s]
0.0.N: Trace Attempt  1	[0.00 s]
0.0.N: Trace Attempt  2	[0.00 s]
0.0.N: Trace Attempt  2	[0.00 s]
0.0.N: Trace Attempt  3	[0.00 s]
0.0.N: Trace Attempt  3	[0.00 s]
0.0.N: Trace Attempt  4	[0.00 s]
0.0.N: Trace Attempt  5	[0.00 s]
0.0.N: Trace Attempt  1	[0.01 s]
0.0.N: Trace Attempt  2	[0.01 s]
0.0.N: Trace Attempt  3	[0.01 s]
0.0.N: Validation of fixpoint was successful. Time = 0.00
0.0.N: A proof was found: No trace exists. [0.01 s]
INFO (IPF057): 0.0.N: The property "descrambler.u_descrambler_sva.gen_dout_chk[362]._assert_9" was proven in 0.01 s.
0.0.N: Stopped processing property "descrambler.u_descrambler_sva.gen_dout_chk[362]._assert_9"	[0.01 s].
0.0.N: Starting proof for property "descrambler.u_descrambler_sva.gen_dout_chk[363]._assert_9"	[0.00 s].
0.0.B: Stopped processing property "descrambler.u_descrambler_sva.gen_dout_chk[362]._assert_9"	[0.01 s].
0.0.B: Starting proof for property "descrambler.u_descrambler_sva.gen_dout_chk[363]._assert_9"	[0.00 s].
0.0.B: A max_length bound was found. The shortest trace is no longer than 128 cycles. [0.00 s]
INFO (IPF008): 0.0.B: A max_length bound of 128 was found for the property "descrambler.u_descrambler_sva.gen_dout_chk[363]._assert_9" in 0.00 s.
0.0.B: Trace Attempt  1	[0.00 s]
0.0.B: Trace Attempt  2	[0.00 s]
0.0.B: Trace Attempt  3	[0.00 s]
0.0.B: Trace Attempt  4	[0.00 s]
0.0.B: Trace Attempt  5	[0.00 s]
0.0.N: Trace Attempt  1	[0.00 s]
0.0.N: Trace Attempt  2	[0.00 s]
0.0.N: Trace Attempt  2	[0.00 s]
0.0.N: Trace Attempt  3	[0.00 s]
0.0.N: Trace Attempt  3	[0.00 s]
0.0.N: Trace Attempt  4	[0.00 s]
0.0.N: Trace Attempt  5	[0.00 s]
0.0.N: Trace Attempt  1	[0.01 s]
0.0.N: Trace Attempt  2	[0.01 s]
0.0.N: Trace Attempt  3	[0.01 s]
0.0.N: Validation of fixpoint was successful. Time = 0.00
0.0.N: A proof was found: No trace exists. [0.01 s]
INFO (IPF057): 0.0.N: The property "descrambler.u_descrambler_sva.gen_dout_chk[363]._assert_9" was proven in 0.01 s.
0.0.N: Stopped processing property "descrambler.u_descrambler_sva.gen_dout_chk[363]._assert_9"	[0.01 s].
0.0.N: Starting proof for property "descrambler.u_descrambler_sva.gen_dout_chk[364]._assert_9"	[0.00 s].
0.0.B: Stopped processing property "descrambler.u_descrambler_sva.gen_dout_chk[363]._assert_9"	[0.01 s].
0.0.B: Starting proof for property "descrambler.u_descrambler_sva.gen_dout_chk[364]._assert_9"	[0.00 s].
0.0.B: A max_length bound was found. The shortest trace is no longer than 128 cycles. [0.00 s]
INFO (IPF008): 0.0.B: A max_length bound of 128 was found for the property "descrambler.u_descrambler_sva.gen_dout_chk[364]._assert_9" in 0.00 s.
0.0.B: Trace Attempt  1	[0.00 s]
0.0.B: Trace Attempt  2	[0.00 s]
0.0.B: Trace Attempt  3	[0.00 s]
0.0.B: Trace Attempt  4	[0.00 s]
0.0.B: Trace Attempt  5	[0.00 s]
0.0.N: Trace Attempt  1	[0.00 s]
0.0.N: Trace Attempt  2	[0.00 s]
0.0.N: Trace Attempt  2	[0.00 s]
0.0.N: Trace Attempt  3	[0.00 s]
0.0.N: Trace Attempt  3	[0.00 s]
0.0.N: Trace Attempt  4	[0.00 s]
0.0.N: Trace Attempt  5	[0.00 s]
0.0.N: Trace Attempt  1	[0.01 s]
0.0.N: Trace Attempt  2	[0.01 s]
0.0.N: Trace Attempt  3	[0.01 s]
0.0.N: Validation of fixpoint was successful. Time = 0.00
0.0.N: A proof was found: No trace exists. [0.01 s]
INFO (IPF057): 0.0.N: The property "descrambler.u_descrambler_sva.gen_dout_chk[364]._assert_9" was proven in 0.01 s.
0.0.N: Stopped processing property "descrambler.u_descrambler_sva.gen_dout_chk[364]._assert_9"	[0.01 s].
0.0.N: Starting proof for property "descrambler.u_descrambler_sva.gen_dout_chk[365]._assert_9"	[0.00 s].
0.0.B: Stopped processing property "descrambler.u_descrambler_sva.gen_dout_chk[364]._assert_9"	[0.01 s].
0.0.B: Starting proof for property "descrambler.u_descrambler_sva.gen_dout_chk[365]._assert_9"	[0.00 s].
0.0.B: A max_length bound was found. The shortest trace is no longer than 128 cycles. [0.00 s]
INFO (IPF008): 0.0.B: A max_length bound of 128 was found for the property "descrambler.u_descrambler_sva.gen_dout_chk[365]._assert_9" in 0.00 s.
0.0.B: Trace Attempt  1	[0.00 s]
0.0.B: Trace Attempt  2	[0.00 s]
0.0.B: Trace Attempt  3	[0.00 s]
0.0.B: Trace Attempt  4	[0.00 s]
0.0.B: Trace Attempt  5	[0.00 s]
0.0.N: Trace Attempt  1	[0.00 s]
0.0.N: Trace Attempt  2	[0.00 s]
0.0.N: Trace Attempt  2	[0.00 s]
0.0.N: Trace Attempt  3	[0.00 s]
0.0.N: Trace Attempt  3	[0.00 s]
0.0.N: Trace Attempt  4	[0.00 s]
0.0.N: Trace Attempt  5	[0.00 s]
0.0.N: Trace Attempt  1	[0.01 s]
0.0.N: Trace Attempt  2	[0.01 s]
0.0.N: Trace Attempt  3	[0.01 s]
0.0.N: Validation of fixpoint was successful. Time = 0.00
0.0.N: A proof was found: No trace exists. [0.01 s]
INFO (IPF057): 0.0.N: The property "descrambler.u_descrambler_sva.gen_dout_chk[365]._assert_9" was proven in 0.01 s.
0.0.N: Stopped processing property "descrambler.u_descrambler_sva.gen_dout_chk[365]._assert_9"	[0.01 s].
0.0.N: Starting proof for property "descrambler.u_descrambler_sva.gen_dout_chk[366]._assert_9"	[0.00 s].
0.0.B: Stopped processing property "descrambler.u_descrambler_sva.gen_dout_chk[365]._assert_9"	[0.01 s].
0.0.B: Starting proof for property "descrambler.u_descrambler_sva.gen_dout_chk[366]._assert_9"	[0.00 s].
0.0.B: A max_length bound was found. The shortest trace is no longer than 128 cycles. [0.00 s]
INFO (IPF008): 0.0.B: A max_length bound of 128 was found for the property "descrambler.u_descrambler_sva.gen_dout_chk[366]._assert_9" in 0.00 s.
0.0.B: Trace Attempt  1	[0.00 s]
0.0.B: Trace Attempt  2	[0.00 s]
0.0.B: Trace Attempt  3	[0.00 s]
0.0.B: Trace Attempt  4	[0.00 s]
0.0.B: Trace Attempt  5	[0.00 s]
0.0.N: Trace Attempt  1	[0.00 s]
0.0.N: Trace Attempt  2	[0.00 s]
0.0.N: Trace Attempt  2	[0.00 s]
0.0.N: Trace Attempt  3	[0.00 s]
0.0.N: Trace Attempt  3	[0.00 s]
0.0.N: Trace Attempt  4	[0.00 s]
0.0.N: Trace Attempt  5	[0.00 s]
0.0.N: Trace Attempt  1	[0.01 s]
0.0.N: Trace Attempt  2	[0.01 s]
0.0.N: Trace Attempt  3	[0.01 s]
0.0.N: Validation of fixpoint was successful. Time = 0.00
0.0.N: A proof was found: No trace exists. [0.01 s]
INFO (IPF057): 0.0.N: The property "descrambler.u_descrambler_sva.gen_dout_chk[366]._assert_9" was proven in 0.01 s.
0.0.N: Stopped processing property "descrambler.u_descrambler_sva.gen_dout_chk[366]._assert_9"	[0.01 s].
0.0.B: Stopped processing property "descrambler.u_descrambler_sva.gen_dout_chk[366]._assert_9"	[0.01 s].
0.0.B: Starting proof for property "descrambler.u_descrambler_sva.gen_dout_chk[367]._assert_9"	[0.00 s].
0.0.N: Starting proof for property "descrambler.u_descrambler_sva.gen_dout_chk[367]._assert_9"	[0.00 s].
0.0.B: A max_length bound was found. The shortest trace is no longer than 128 cycles. [0.00 s]
INFO (IPF008): 0.0.B: A max_length bound of 128 was found for the property "descrambler.u_descrambler_sva.gen_dout_chk[367]._assert_9" in 0.00 s.
0.0.B: Trace Attempt  1	[0.00 s]
0.0.B: Trace Attempt  2	[0.00 s]
0.0.B: Trace Attempt  3	[0.00 s]
0.0.B: Trace Attempt  4	[0.00 s]
0.0.B: Trace Attempt  5	[0.00 s]
0.0.N: Trace Attempt  1	[0.00 s]
0.0.N: Trace Attempt  2	[0.00 s]
0.0.N: Trace Attempt  2	[0.00 s]
0.0.N: Trace Attempt  3	[0.00 s]
0.0.N: Trace Attempt  3	[0.00 s]
0.0.N: Trace Attempt  4	[0.00 s]
0.0.N: Trace Attempt  5	[0.00 s]
0.0.N: Trace Attempt  1	[0.01 s]
0.0.N: Trace Attempt  2	[0.01 s]
0.0.N: Trace Attempt  3	[0.01 s]
0.0.N: Validation of fixpoint was successful. Time = 0.00
0.0.N: A proof was found: No trace exists. [0.01 s]
INFO (IPF057): 0.0.N: The property "descrambler.u_descrambler_sva.gen_dout_chk[367]._assert_9" was proven in 0.01 s.
0.0.N: Stopped processing property "descrambler.u_descrambler_sva.gen_dout_chk[367]._assert_9"	[0.01 s].
0.0.N: Starting proof for property "descrambler.u_descrambler_sva.gen_dout_chk[368]._assert_9"	[0.00 s].
0.0.B: Stopped processing property "descrambler.u_descrambler_sva.gen_dout_chk[367]._assert_9"	[0.01 s].
0.0.B: Starting proof for property "descrambler.u_descrambler_sva.gen_dout_chk[368]._assert_9"	[0.00 s].
0.0.B: A max_length bound was found. The shortest trace is no longer than 128 cycles. [0.00 s]
INFO (IPF008): 0.0.B: A max_length bound of 128 was found for the property "descrambler.u_descrambler_sva.gen_dout_chk[368]._assert_9" in 0.00 s.
0.0.B: Trace Attempt  1	[0.00 s]
0.0.B: Trace Attempt  2	[0.00 s]
0.0.B: Trace Attempt  3	[0.00 s]
0.0.B: Trace Attempt  4	[0.00 s]
0.0.B: Trace Attempt  5	[0.00 s]
0.0.N: Trace Attempt  1	[0.00 s]
0.0.N: Trace Attempt  2	[0.00 s]
0.0.N: Trace Attempt  2	[0.00 s]
0.0.N: Trace Attempt  3	[0.00 s]
0.0.N: Trace Attempt  3	[0.00 s]
0.0.N: Trace Attempt  4	[0.00 s]
0.0.N: Trace Attempt  5	[0.00 s]
0.0.N: Trace Attempt  1	[0.01 s]
0.0.N: Trace Attempt  2	[0.01 s]
0.0.N: Trace Attempt  3	[0.01 s]
0.0.N: Validation of fixpoint was successful. Time = 0.00
0.0.N: A proof was found: No trace exists. [0.01 s]
INFO (IPF057): 0.0.N: The property "descrambler.u_descrambler_sva.gen_dout_chk[368]._assert_9" was proven in 0.01 s.
0.0.B: Stopped processing property "descrambler.u_descrambler_sva.gen_dout_chk[368]._assert_9"	[0.01 s].
0.0.B: Starting proof for property "descrambler.u_descrambler_sva.gen_dout_chk[369]._assert_9"	[0.00 s].
0.0.N: Stopped processing property "descrambler.u_descrambler_sva.gen_dout_chk[368]._assert_9"	[0.01 s].
0.0.N: Starting proof for property "descrambler.u_descrambler_sva.gen_dout_chk[369]._assert_9"	[0.00 s].
0.0.B: A max_length bound was found. The shortest trace is no longer than 128 cycles. [0.00 s]
INFO (IPF008): 0.0.B: A max_length bound of 128 was found for the property "descrambler.u_descrambler_sva.gen_dout_chk[369]._assert_9" in 0.00 s.
0.0.B: Trace Attempt  1	[0.00 s]
0.0.B: Trace Attempt  2	[0.00 s]
0.0.B: Trace Attempt  3	[0.00 s]
0.0.B: Trace Attempt  4	[0.00 s]
0.0.B: Trace Attempt  5	[0.00 s]
0.0.N: Trace Attempt  1	[0.00 s]
0.0.N: Trace Attempt  2	[0.00 s]
0.0.N: Trace Attempt  2	[0.00 s]
0.0.N: Trace Attempt  3	[0.00 s]
0.0.N: Trace Attempt  3	[0.00 s]
0.0.N: Trace Attempt  4	[0.00 s]
0.0.N: Trace Attempt  5	[0.00 s]
0.0.N: Trace Attempt  1	[0.01 s]
0.0.N: Trace Attempt  2	[0.01 s]
0.0.N: Trace Attempt  3	[0.01 s]
0.0.N: Validation of fixpoint was successful. Time = 0.00
0.0.N: A proof was found: No trace exists. [0.01 s]
INFO (IPF057): 0.0.N: The property "descrambler.u_descrambler_sva.gen_dout_chk[369]._assert_9" was proven in 0.01 s.
0.0.N: Stopped processing property "descrambler.u_descrambler_sva.gen_dout_chk[369]._assert_9"	[0.01 s].
0.0.N: Starting proof for property "descrambler.u_descrambler_sva.gen_dout_chk[370]._assert_9"	[0.00 s].
0.0.B: Stopped processing property "descrambler.u_descrambler_sva.gen_dout_chk[369]._assert_9"	[0.01 s].
0.0.B: Starting proof for property "descrambler.u_descrambler_sva.gen_dout_chk[370]._assert_9"	[0.00 s].
0.0.B: A max_length bound was found. The shortest trace is no longer than 128 cycles. [0.00 s]
INFO (IPF008): 0.0.B: A max_length bound of 128 was found for the property "descrambler.u_descrambler_sva.gen_dout_chk[370]._assert_9" in 0.00 s.
0.0.B: Trace Attempt  1	[0.00 s]
0.0.B: Trace Attempt  2	[0.00 s]
0.0.B: Trace Attempt  3	[0.00 s]
0.0.B: Trace Attempt  4	[0.00 s]
0.0.B: Trace Attempt  5	[0.00 s]
0.0.N: Trace Attempt  1	[0.00 s]
0.0.N: Trace Attempt  2	[0.00 s]
0.0.N: Trace Attempt  2	[0.00 s]
0.0.N: Trace Attempt  3	[0.00 s]
0.0.N: Trace Attempt  3	[0.00 s]
0.0.N: Trace Attempt  4	[0.00 s]
0.0.N: Trace Attempt  5	[0.00 s]
0.0.N: Trace Attempt  1	[0.01 s]
0.0.N: Trace Attempt  2	[0.01 s]
0.0.N: Trace Attempt  3	[0.01 s]
0.0.N: Validation of fixpoint was successful. Time = 0.00
0.0.N: A proof was found: No trace exists. [0.01 s]
INFO (IPF057): 0.0.N: The property "descrambler.u_descrambler_sva.gen_dout_chk[370]._assert_9" was proven in 0.01 s.
0.0.N: Stopped processing property "descrambler.u_descrambler_sva.gen_dout_chk[370]._assert_9"	[0.01 s].
0.0.N: Starting proof for property "descrambler.u_descrambler_sva.gen_dout_chk[371]._assert_9"	[0.00 s].
0.0.B: Stopped processing property "descrambler.u_descrambler_sva.gen_dout_chk[370]._assert_9"	[0.01 s].
0.0.B: Starting proof for property "descrambler.u_descrambler_sva.gen_dout_chk[371]._assert_9"	[0.00 s].
0.0.B: A max_length bound was found. The shortest trace is no longer than 128 cycles. [0.00 s]
INFO (IPF008): 0.0.B: A max_length bound of 128 was found for the property "descrambler.u_descrambler_sva.gen_dout_chk[371]._assert_9" in 0.00 s.
0.0.B: Trace Attempt  1	[0.00 s]
0.0.B: Trace Attempt  2	[0.00 s]
0.0.B: Trace Attempt  3	[0.00 s]
0.0.B: Trace Attempt  4	[0.00 s]
0.0.B: Trace Attempt  5	[0.00 s]
0.0.N: Trace Attempt  1	[0.00 s]
0.0.N: Trace Attempt  2	[0.00 s]
0.0.N: Trace Attempt  2	[0.00 s]
0.0.N: Trace Attempt  3	[0.00 s]
0.0.N: Trace Attempt  3	[0.00 s]
0.0.N: Trace Attempt  4	[0.00 s]
0.0.N: Trace Attempt  5	[0.00 s]
0.0.N: Trace Attempt  1	[0.01 s]
0.0.N: Trace Attempt  2	[0.01 s]
0.0.N: Trace Attempt  3	[0.01 s]
0.0.N: Validation of fixpoint was successful. Time = 0.00
0.0.N: A proof was found: No trace exists. [0.01 s]
INFO (IPF057): 0.0.N: The property "descrambler.u_descrambler_sva.gen_dout_chk[371]._assert_9" was proven in 0.01 s.
0.0.N: Stopped processing property "descrambler.u_descrambler_sva.gen_dout_chk[371]._assert_9"	[0.01 s].
0.0.N: Starting proof for property "descrambler.u_descrambler_sva.gen_dout_chk[372]._assert_9"	[0.00 s].
0.0.B: Stopped processing property "descrambler.u_descrambler_sva.gen_dout_chk[371]._assert_9"	[0.01 s].
0.0.B: Starting proof for property "descrambler.u_descrambler_sva.gen_dout_chk[372]._assert_9"	[0.00 s].
0.0.B: A max_length bound was found. The shortest trace is no longer than 128 cycles. [0.00 s]
INFO (IPF008): 0.0.B: A max_length bound of 128 was found for the property "descrambler.u_descrambler_sva.gen_dout_chk[372]._assert_9" in 0.00 s.
0.0.B: Trace Attempt  1	[0.00 s]
0.0.B: Trace Attempt  2	[0.00 s]
0.0.B: Trace Attempt  3	[0.00 s]
0.0.N: Trace Attempt  1	[0.00 s]
0.0.B: Trace Attempt  4	[0.00 s]
0.0.B: Trace Attempt  5	[0.00 s]
0.0.N: Trace Attempt  2	[0.00 s]
0.0.N: Trace Attempt  2	[0.00 s]
0.0.N: Trace Attempt  3	[0.00 s]
0.0.N: Trace Attempt  3	[0.00 s]
0.0.N: Trace Attempt  4	[0.00 s]
0.0.N: Trace Attempt  5	[0.00 s]
0.0.N: Trace Attempt  1	[0.01 s]
0.0.N: Trace Attempt  2	[0.01 s]
0.0.N: Trace Attempt  3	[0.01 s]
0.0.N: Validation of fixpoint was successful. Time = 0.00
0.0.N: A proof was found: No trace exists. [0.01 s]
INFO (IPF057): 0.0.N: The property "descrambler.u_descrambler_sva.gen_dout_chk[372]._assert_9" was proven in 0.01 s.
0.0.N: Stopped processing property "descrambler.u_descrambler_sva.gen_dout_chk[372]._assert_9"	[0.01 s].
0.0.N: Starting proof for property "descrambler.u_descrambler_sva.gen_dout_chk[373]._assert_9"	[0.00 s].
0.0.B: Stopped processing property "descrambler.u_descrambler_sva.gen_dout_chk[372]._assert_9"	[0.01 s].
0.0.B: Starting proof for property "descrambler.u_descrambler_sva.gen_dout_chk[373]._assert_9"	[0.00 s].
0.0.B: A max_length bound was found. The shortest trace is no longer than 128 cycles. [0.00 s]
INFO (IPF008): 0.0.B: A max_length bound of 128 was found for the property "descrambler.u_descrambler_sva.gen_dout_chk[373]._assert_9" in 0.00 s.
0.0.B: Trace Attempt  1	[0.00 s]
0.0.B: Trace Attempt  2	[0.00 s]
0.0.B: Trace Attempt  3	[0.00 s]
0.0.B: Trace Attempt  4	[0.00 s]
0.0.B: Trace Attempt  5	[0.00 s]
0.0.N: Trace Attempt  1	[0.00 s]
0.0.N: Trace Attempt  2	[0.00 s]
0.0.N: Trace Attempt  2	[0.00 s]
0.0.N: Trace Attempt  3	[0.00 s]
0.0.N: Trace Attempt  3	[0.00 s]
0.0.N: Trace Attempt  4	[0.00 s]
0.0.N: Trace Attempt  5	[0.00 s]
0.0.N: Trace Attempt  1	[0.01 s]
0.0.N: Trace Attempt  2	[0.01 s]
0.0.N: Trace Attempt  3	[0.01 s]
0.0.N: Validation of fixpoint was successful. Time = 0.00
0.0.N: A proof was found: No trace exists. [0.01 s]
INFO (IPF057): 0.0.N: The property "descrambler.u_descrambler_sva.gen_dout_chk[373]._assert_9" was proven in 0.01 s.
0.0.N: Stopped processing property "descrambler.u_descrambler_sva.gen_dout_chk[373]._assert_9"	[0.01 s].
0.0.N: Starting proof for property "descrambler.u_descrambler_sva.gen_dout_chk[374]._assert_9"	[0.00 s].
0.0.B: Stopped processing property "descrambler.u_descrambler_sva.gen_dout_chk[373]._assert_9"	[0.01 s].
0.0.B: Starting proof for property "descrambler.u_descrambler_sva.gen_dout_chk[374]._assert_9"	[0.00 s].
0.0.B: A max_length bound was found. The shortest trace is no longer than 128 cycles. [0.00 s]
INFO (IPF008): 0.0.B: A max_length bound of 128 was found for the property "descrambler.u_descrambler_sva.gen_dout_chk[374]._assert_9" in 0.00 s.
0.0.B: Trace Attempt  1	[0.00 s]
0.0.B: Trace Attempt  2	[0.00 s]
0.0.B: Trace Attempt  3	[0.00 s]
0.0.N: Trace Attempt  1	[0.00 s]
0.0.B: Trace Attempt  4	[0.00 s]
0.0.B: Trace Attempt  5	[0.00 s]
0.0.N: Trace Attempt  2	[0.00 s]
0.0.N: Trace Attempt  2	[0.00 s]
0.0.N: Trace Attempt  3	[0.00 s]
0.0.N: Trace Attempt  3	[0.00 s]
0.0.N: Trace Attempt  4	[0.00 s]
0.0.N: Trace Attempt  5	[0.00 s]
0.0.N: Trace Attempt  1	[0.01 s]
0.0.N: Trace Attempt  2	[0.01 s]
0.0.N: Trace Attempt  3	[0.01 s]
0.0.N: Validation of fixpoint was successful. Time = 0.00
0.0.N: A proof was found: No trace exists. [0.01 s]
INFO (IPF057): 0.0.N: The property "descrambler.u_descrambler_sva.gen_dout_chk[374]._assert_9" was proven in 0.01 s.
0.0.N: Stopped processing property "descrambler.u_descrambler_sva.gen_dout_chk[374]._assert_9"	[0.01 s].
0.0.N: Starting proof for property "descrambler.u_descrambler_sva.gen_dout_chk[375]._assert_9"	[0.00 s].
0.0.B: Stopped processing property "descrambler.u_descrambler_sva.gen_dout_chk[374]._assert_9"	[0.01 s].
0.0.B: Starting proof for property "descrambler.u_descrambler_sva.gen_dout_chk[375]._assert_9"	[0.00 s].
0.0.B: A max_length bound was found. The shortest trace is no longer than 128 cycles. [0.00 s]
INFO (IPF008): 0.0.B: A max_length bound of 128 was found for the property "descrambler.u_descrambler_sva.gen_dout_chk[375]._assert_9" in 0.00 s.
0.0.B: Trace Attempt  1	[0.00 s]
0.0.B: Trace Attempt  2	[0.00 s]
0.0.B: Trace Attempt  3	[0.00 s]
0.0.N: Trace Attempt  1	[0.00 s]
0.0.B: Trace Attempt  4	[0.00 s]
0.0.B: Trace Attempt  5	[0.00 s]
0.0.N: Trace Attempt  2	[0.00 s]
0.0.N: Trace Attempt  2	[0.00 s]
0.0.N: Trace Attempt  3	[0.00 s]
0.0.N: Trace Attempt  3	[0.00 s]
0.0.N: Trace Attempt  4	[0.00 s]
0.0.N: Trace Attempt  5	[0.00 s]
0.0.N: Trace Attempt  1	[0.01 s]
0.0.N: Trace Attempt  2	[0.01 s]
0.0.N: Trace Attempt  3	[0.01 s]
0.0.N: Validation of fixpoint was successful. Time = 0.00
0.0.N: A proof was found: No trace exists. [0.01 s]
INFO (IPF057): 0.0.N: The property "descrambler.u_descrambler_sva.gen_dout_chk[375]._assert_9" was proven in 0.01 s.
0.0.N: Stopped processing property "descrambler.u_descrambler_sva.gen_dout_chk[375]._assert_9"	[0.01 s].
0.0.B: Stopped processing property "descrambler.u_descrambler_sva.gen_dout_chk[375]._assert_9"	[0.01 s].
0.0.B: Starting proof for property "descrambler.u_descrambler_sva.gen_dout_chk[376]._assert_9"	[0.00 s].
0.0.N: Starting proof for property "descrambler.u_descrambler_sva.gen_dout_chk[376]._assert_9"	[0.00 s].
0.0.B: A max_length bound was found. The shortest trace is no longer than 128 cycles. [0.00 s]
INFO (IPF008): 0.0.B: A max_length bound of 128 was found for the property "descrambler.u_descrambler_sva.gen_dout_chk[376]._assert_9" in 0.00 s.
0.0.B: Trace Attempt  1	[0.00 s]
0.0.B: Trace Attempt  2	[0.00 s]
0.0.B: Trace Attempt  3	[0.00 s]
0.0.B: Trace Attempt  4	[0.00 s]
0.0.B: Trace Attempt  5	[0.00 s]
0.0.N: Trace Attempt  1	[0.00 s]
0.0.N: Trace Attempt  2	[0.00 s]
0.0.N: Trace Attempt  2	[0.00 s]
0.0.N: Trace Attempt  3	[0.00 s]
0.0.N: Trace Attempt  3	[0.00 s]
0.0.N: Trace Attempt  4	[0.00 s]
0.0.N: Trace Attempt  5	[0.00 s]
0.0.N: Trace Attempt  1	[0.01 s]
0.0.N: Trace Attempt  2	[0.01 s]
0.0.N: Trace Attempt  3	[0.01 s]
0.0.N: Validation of fixpoint was successful. Time = 0.00
0.0.N: A proof was found: No trace exists. [0.01 s]
INFO (IPF057): 0.0.N: The property "descrambler.u_descrambler_sva.gen_dout_chk[376]._assert_9" was proven in 0.01 s.
0.0.N: Stopped processing property "descrambler.u_descrambler_sva.gen_dout_chk[376]._assert_9"	[0.01 s].
0.0.N: Starting proof for property "descrambler.u_descrambler_sva.gen_dout_chk[377]._assert_9"	[0.00 s].
0.0.B: Stopped processing property "descrambler.u_descrambler_sva.gen_dout_chk[376]._assert_9"	[0.01 s].
0.0.B: Starting proof for property "descrambler.u_descrambler_sva.gen_dout_chk[377]._assert_9"	[0.00 s].
0.0.B: A max_length bound was found. The shortest trace is no longer than 128 cycles. [0.00 s]
INFO (IPF008): 0.0.B: A max_length bound of 128 was found for the property "descrambler.u_descrambler_sva.gen_dout_chk[377]._assert_9" in 0.00 s.
0.0.B: Trace Attempt  1	[0.00 s]
0.0.B: Trace Attempt  2	[0.00 s]
0.0.B: Trace Attempt  3	[0.00 s]
0.0.B: Trace Attempt  4	[0.00 s]
0: ProofGrid usable level: 136
0.0.N: Trace Attempt  1	[0.00 s]
0.0.B: Trace Attempt  5	[0.00 s]
0.0.N: Trace Attempt  2	[0.00 s]
0.0.N: Trace Attempt  2	[0.00 s]
0.0.N: Trace Attempt  3	[0.00 s]
0.0.N: Trace Attempt  3	[0.00 s]
0.0.N: Trace Attempt  4	[0.00 s]
0.0.N: Trace Attempt  5	[0.00 s]
0.0.N: Trace Attempt  1	[0.01 s]
0.0.N: Trace Attempt  2	[0.01 s]
0.0.N: Trace Attempt  3	[0.01 s]
0.0.N: Validation of fixpoint was successful. Time = 0.00
0.0.N: A proof was found: No trace exists. [0.01 s]
INFO (IPF057): 0.0.N: The property "descrambler.u_descrambler_sva.gen_dout_chk[377]._assert_9" was proven in 0.01 s.
0.0.B: Stopped processing property "descrambler.u_descrambler_sva.gen_dout_chk[377]._assert_9"	[0.01 s].
0.0.B: Starting proof for property "descrambler.u_descrambler_sva.gen_dout_chk[378]._assert_9"	[0.00 s].
0.0.N: Stopped processing property "descrambler.u_descrambler_sva.gen_dout_chk[377]._assert_9"	[0.01 s].
0.0.N: Starting proof for property "descrambler.u_descrambler_sva.gen_dout_chk[378]._assert_9"	[0.00 s].
0.0.B: A max_length bound was found. The shortest trace is no longer than 128 cycles. [0.00 s]
INFO (IPF008): 0.0.B: A max_length bound of 128 was found for the property "descrambler.u_descrambler_sva.gen_dout_chk[378]._assert_9" in 0.00 s.
0.0.B: Trace Attempt  1	[0.00 s]
0.0.B: Trace Attempt  2	[0.00 s]
0.0.B: Trace Attempt  3	[0.00 s]
0.0.B: Trace Attempt  4	[0.00 s]
0.0.B: Trace Attempt  5	[0.00 s]
0.0.N: Trace Attempt  1	[0.00 s]
0.0.N: Trace Attempt  2	[0.00 s]
0.0.N: Trace Attempt  2	[0.00 s]
0.0.N: Trace Attempt  3	[0.00 s]
0.0.N: Trace Attempt  3	[0.00 s]
0.0.N: Trace Attempt  4	[0.00 s]
0.0.N: Trace Attempt  5	[0.00 s]
0.0.N: Trace Attempt  1	[0.01 s]
0.0.N: Trace Attempt  2	[0.01 s]
0.0.N: Trace Attempt  3	[0.01 s]
0.0.N: Validation of fixpoint was successful. Time = 0.00
0.0.N: A proof was found: No trace exists. [0.01 s]
INFO (IPF057): 0.0.N: The property "descrambler.u_descrambler_sva.gen_dout_chk[378]._assert_9" was proven in 0.01 s.
0.0.N: Stopped processing property "descrambler.u_descrambler_sva.gen_dout_chk[378]._assert_9"	[0.01 s].
0.0.B: Stopped processing property "descrambler.u_descrambler_sva.gen_dout_chk[378]._assert_9"	[0.01 s].
0.0.B: Starting proof for property "descrambler.u_descrambler_sva.gen_dout_chk[379]._assert_9"	[0.00 s].
0.0.N: Starting proof for property "descrambler.u_descrambler_sva.gen_dout_chk[379]._assert_9"	[0.00 s].
0.0.B: A max_length bound was found. The shortest trace is no longer than 128 cycles. [0.00 s]
INFO (IPF008): 0.0.B: A max_length bound of 128 was found for the property "descrambler.u_descrambler_sva.gen_dout_chk[379]._assert_9" in 0.00 s.
0.0.B: Trace Attempt  1	[0.00 s]
0.0.B: Trace Attempt  2	[0.00 s]
0.0.B: Trace Attempt  3	[0.00 s]
0.0.B: Trace Attempt  4	[0.00 s]
0.0.B: Trace Attempt  5	[0.00 s]
0.0.N: Trace Attempt  1	[0.00 s]
0.0.N: Trace Attempt  2	[0.00 s]
0.0.N: Trace Attempt  2	[0.00 s]
0.0.N: Trace Attempt  3	[0.00 s]
0.0.N: Trace Attempt  3	[0.00 s]
0.0.N: Trace Attempt  4	[0.00 s]
0.0.N: Trace Attempt  5	[0.00 s]
0.0.N: Trace Attempt  1	[0.01 s]
0.0.N: Trace Attempt  2	[0.01 s]
0.0.N: Trace Attempt  3	[0.01 s]
0.0.N: Validation of fixpoint was successful. Time = 0.00
0.0.N: A proof was found: No trace exists. [0.01 s]
INFO (IPF057): 0.0.N: The property "descrambler.u_descrambler_sva.gen_dout_chk[379]._assert_9" was proven in 0.01 s.
0.0.N: Stopped processing property "descrambler.u_descrambler_sva.gen_dout_chk[379]._assert_9"	[0.01 s].
0.0.N: Starting proof for property "descrambler.u_descrambler_sva.gen_dout_chk[380]._assert_9"	[0.00 s].
0.0.B: Stopped processing property "descrambler.u_descrambler_sva.gen_dout_chk[379]._assert_9"	[0.01 s].
0.0.B: Starting proof for property "descrambler.u_descrambler_sva.gen_dout_chk[380]._assert_9"	[0.00 s].
0.0.B: A max_length bound was found. The shortest trace is no longer than 128 cycles. [0.00 s]
INFO (IPF008): 0.0.B: A max_length bound of 128 was found for the property "descrambler.u_descrambler_sva.gen_dout_chk[380]._assert_9" in 0.00 s.
0.0.B: Trace Attempt  1	[0.00 s]
0.0.B: Trace Attempt  2	[0.00 s]
0.0.B: Trace Attempt  3	[0.00 s]
0.0.B: Trace Attempt  4	[0.00 s]
0.0.B: Trace Attempt  5	[0.00 s]
0.0.N: Trace Attempt  1	[0.00 s]
0.0.N: Trace Attempt  2	[0.00 s]
0.0.N: Trace Attempt  2	[0.00 s]
0.0.N: Trace Attempt  3	[0.00 s]
0.0.N: Trace Attempt  3	[0.00 s]
0.0.N: Trace Attempt  4	[0.00 s]
0.0.N: Trace Attempt  5	[0.00 s]
0.0.N: Trace Attempt  1	[0.01 s]
0.0.N: Trace Attempt  2	[0.01 s]
0.0.N: Trace Attempt  3	[0.01 s]
0.0.N: Validation of fixpoint was successful. Time = 0.00
0.0.N: A proof was found: No trace exists. [0.01 s]
INFO (IPF057): 0.0.N: The property "descrambler.u_descrambler_sva.gen_dout_chk[380]._assert_9" was proven in 0.01 s.
0.0.N: Stopped processing property "descrambler.u_descrambler_sva.gen_dout_chk[380]._assert_9"	[0.01 s].
0.0.N: Starting proof for property "descrambler.u_descrambler_sva.gen_dout_chk[381]._assert_9"	[0.00 s].
0.0.B: Stopped processing property "descrambler.u_descrambler_sva.gen_dout_chk[380]._assert_9"	[0.01 s].
0.0.B: Starting proof for property "descrambler.u_descrambler_sva.gen_dout_chk[381]._assert_9"	[0.00 s].
0.0.B: A max_length bound was found. The shortest trace is no longer than 128 cycles. [0.00 s]
INFO (IPF008): 0.0.B: A max_length bound of 128 was found for the property "descrambler.u_descrambler_sva.gen_dout_chk[381]._assert_9" in 0.00 s.
0.0.B: Trace Attempt  1	[0.00 s]
0.0.B: Trace Attempt  2	[0.00 s]
0.0.B: Trace Attempt  3	[0.00 s]
0.0.B: Trace Attempt  4	[0.00 s]
0.0.B: Trace Attempt  5	[0.00 s]
0.0.N: Trace Attempt  1	[0.00 s]
0.0.N: Trace Attempt  2	[0.00 s]
0.0.N: Trace Attempt  2	[0.00 s]
0.0.N: Trace Attempt  3	[0.00 s]
0.0.N: Trace Attempt  3	[0.00 s]
0.0.N: Trace Attempt  4	[0.00 s]
0.0.N: Trace Attempt  5	[0.00 s]
0.0.N: Trace Attempt  1	[0.01 s]
0.0.N: Trace Attempt  2	[0.01 s]
0.0.N: Trace Attempt  3	[0.01 s]
0.0.N: Validation of fixpoint was successful. Time = 0.00
0.0.N: A proof was found: No trace exists. [0.01 s]
INFO (IPF057): 0.0.N: The property "descrambler.u_descrambler_sva.gen_dout_chk[381]._assert_9" was proven in 0.01 s.
0.0.N: Stopped processing property "descrambler.u_descrambler_sva.gen_dout_chk[381]._assert_9"	[0.01 s].
0.0.N: Starting proof for property "descrambler.u_descrambler_sva.gen_dout_chk[382]._assert_9"	[0.00 s].
0.0.B: Stopped processing property "descrambler.u_descrambler_sva.gen_dout_chk[381]._assert_9"	[0.01 s].
0.0.B: Starting proof for property "descrambler.u_descrambler_sva.gen_dout_chk[382]._assert_9"	[0.00 s].
0.0.B: A max_length bound was found. The shortest trace is no longer than 128 cycles. [0.00 s]
INFO (IPF008): 0.0.B: A max_length bound of 128 was found for the property "descrambler.u_descrambler_sva.gen_dout_chk[382]._assert_9" in 0.00 s.
0.0.B: Trace Attempt  1	[0.00 s]
0.0.B: Trace Attempt  2	[0.00 s]
0.0.B: Trace Attempt  3	[0.00 s]
0.0.B: Trace Attempt  4	[0.00 s]
0.0.B: Trace Attempt  5	[0.00 s]
0.0.N: Trace Attempt  1	[0.00 s]
0.0.N: Trace Attempt  2	[0.00 s]
0.0.N: Trace Attempt  2	[0.00 s]
0.0.N: Trace Attempt  3	[0.00 s]
0.0.N: Trace Attempt  3	[0.00 s]
0.0.N: Trace Attempt  4	[0.00 s]
0.0.N: Trace Attempt  5	[0.00 s]
0.0.N: Trace Attempt  1	[0.01 s]
0.0.N: Trace Attempt  2	[0.01 s]
0.0.N: Trace Attempt  3	[0.01 s]
0.0.N: Validation of fixpoint was successful. Time = 0.00
0.0.N: A proof was found: No trace exists. [0.01 s]
INFO (IPF057): 0.0.N: The property "descrambler.u_descrambler_sva.gen_dout_chk[382]._assert_9" was proven in 0.01 s.
0.0.N: Stopped processing property "descrambler.u_descrambler_sva.gen_dout_chk[382]._assert_9"	[0.01 s].
0.0.N: Starting proof for property "descrambler.u_descrambler_sva.gen_dout_chk[383]._assert_9"	[0.00 s].
0.0.B: Stopped processing property "descrambler.u_descrambler_sva.gen_dout_chk[382]._assert_9"	[0.01 s].
0.0.B: Starting proof for property "descrambler.u_descrambler_sva.gen_dout_chk[383]._assert_9"	[0.00 s].
0.0.B: A max_length bound was found. The shortest trace is no longer than 128 cycles. [0.00 s]
INFO (IPF008): 0.0.B: A max_length bound of 128 was found for the property "descrambler.u_descrambler_sva.gen_dout_chk[383]._assert_9" in 0.00 s.
0.0.B: Trace Attempt  1	[0.00 s]
0.0.B: Trace Attempt  2	[0.00 s]
0.0.B: Trace Attempt  3	[0.00 s]
0.0.B: Trace Attempt  4	[0.00 s]
0.0.B: Trace Attempt  5	[0.00 s]
0.0.N: Trace Attempt  1	[0.00 s]
0.0.N: Trace Attempt  2	[0.00 s]
0.0.N: Trace Attempt  2	[0.00 s]
0.0.N: Trace Attempt  3	[0.00 s]
0.0.N: Trace Attempt  3	[0.00 s]
0.0.N: Trace Attempt  4	[0.00 s]
0.0.N: Trace Attempt  5	[0.00 s]
0.0.N: Trace Attempt  1	[0.01 s]
0.0.N: Trace Attempt  2	[0.01 s]
0.0.N: Trace Attempt  3	[0.01 s]
0.0.N: Validation of fixpoint was successful. Time = 0.00
0.0.N: A proof was found: No trace exists. [0.01 s]
INFO (IPF057): 0.0.N: The property "descrambler.u_descrambler_sva.gen_dout_chk[383]._assert_9" was proven in 0.01 s.
0.0.N: Stopped processing property "descrambler.u_descrambler_sva.gen_dout_chk[383]._assert_9"	[0.01 s].
0.0.N: Starting proof for property "descrambler.u_descrambler_sva.gen_dout_chk[384]._assert_9"	[0.00 s].
0.0.B: Stopped processing property "descrambler.u_descrambler_sva.gen_dout_chk[383]._assert_9"	[0.01 s].
0.0.B: Starting proof for property "descrambler.u_descrambler_sva.gen_dout_chk[384]._assert_9"	[0.00 s].
0.0.B: A max_length bound was found. The shortest trace is no longer than 128 cycles. [0.00 s]
INFO (IPF008): 0.0.B: A max_length bound of 128 was found for the property "descrambler.u_descrambler_sva.gen_dout_chk[384]._assert_9" in 0.00 s.
0.0.B: Trace Attempt  1	[0.00 s]
0.0.B: Trace Attempt  2	[0.00 s]
0.0.B: Trace Attempt  3	[0.00 s]
0.0.B: Trace Attempt  4	[0.00 s]
0.0.B: Trace Attempt  5	[0.00 s]
0.0.N: Trace Attempt  1	[0.00 s]
0.0.N: Trace Attempt  2	[0.00 s]
0.0.N: Trace Attempt  2	[0.00 s]
0.0.N: Trace Attempt  3	[0.00 s]
0.0.N: Trace Attempt  3	[0.00 s]
0.0.N: Trace Attempt  4	[0.00 s]
0.0.N: Trace Attempt  5	[0.00 s]
0.0.N: Trace Attempt  1	[0.01 s]
0.0.N: Trace Attempt  2	[0.01 s]
0.0.N: Trace Attempt  3	[0.01 s]
0.0.N: Validation of fixpoint was successful. Time = 0.00
0.0.N: A proof was found: No trace exists. [0.01 s]
INFO (IPF057): 0.0.N: The property "descrambler.u_descrambler_sva.gen_dout_chk[384]._assert_9" was proven in 0.01 s.
0.0.N: Stopped processing property "descrambler.u_descrambler_sva.gen_dout_chk[384]._assert_9"	[0.01 s].
0.0.B: Stopped processing property "descrambler.u_descrambler_sva.gen_dout_chk[384]._assert_9"	[0.01 s].
0.0.B: Starting proof for property "descrambler.u_descrambler_sva.gen_dout_chk[385]._assert_9"	[0.00 s].
0.0.N: Starting proof for property "descrambler.u_descrambler_sva.gen_dout_chk[385]._assert_9"	[0.00 s].
0.0.B: A max_length bound was found. The shortest trace is no longer than 128 cycles. [0.00 s]
INFO (IPF008): 0.0.B: A max_length bound of 128 was found for the property "descrambler.u_descrambler_sva.gen_dout_chk[385]._assert_9" in 0.00 s.
0.0.B: Trace Attempt  1	[0.00 s]
0.0.B: Trace Attempt  2	[0.00 s]
0.0.B: Trace Attempt  3	[0.00 s]
0.0.B: Trace Attempt  4	[0.00 s]
0.0.B: Trace Attempt  5	[0.00 s]
0.0.N: Trace Attempt  1	[0.00 s]
0.0.N: Trace Attempt  2	[0.00 s]
0.0.N: Trace Attempt  2	[0.00 s]
0.0.N: Trace Attempt  3	[0.00 s]
0.0.N: Trace Attempt  3	[0.00 s]
0.0.N: Trace Attempt  4	[0.00 s]
0.0.N: Trace Attempt  5	[0.00 s]
0.0.N: Trace Attempt  1	[0.01 s]
0.0.N: Trace Attempt  2	[0.01 s]
0.0.N: Trace Attempt  3	[0.01 s]
0.0.N: Validation of fixpoint was successful. Time = 0.00
0.0.N: A proof was found: No trace exists. [0.01 s]
INFO (IPF057): 0.0.N: The property "descrambler.u_descrambler_sva.gen_dout_chk[385]._assert_9" was proven in 0.01 s.
0.0.N: Stopped processing property "descrambler.u_descrambler_sva.gen_dout_chk[385]._assert_9"	[0.01 s].
0.0.N: Starting proof for property "descrambler.u_descrambler_sva.gen_dout_chk[386]._assert_9"	[0.00 s].
0.0.B: Stopped processing property "descrambler.u_descrambler_sva.gen_dout_chk[385]._assert_9"	[0.01 s].
0.0.B: Starting proof for property "descrambler.u_descrambler_sva.gen_dout_chk[386]._assert_9"	[0.00 s].
0.0.B: A max_length bound was found. The shortest trace is no longer than 128 cycles. [0.00 s]
INFO (IPF008): 0.0.B: A max_length bound of 128 was found for the property "descrambler.u_descrambler_sva.gen_dout_chk[386]._assert_9" in 0.00 s.
0.0.B: Trace Attempt  1	[0.00 s]
0.0.B: Trace Attempt  2	[0.00 s]
0.0.B: Trace Attempt  3	[0.00 s]
0.0.N: Trace Attempt  1	[0.00 s]
0.0.B: Trace Attempt  4	[0.00 s]
0.0.B: Trace Attempt  5	[0.00 s]
0.0.N: Trace Attempt  2	[0.00 s]
0.0.N: Trace Attempt  2	[0.00 s]
0.0.N: Trace Attempt  3	[0.00 s]
0.0.N: Trace Attempt  3	[0.00 s]
0.0.N: Trace Attempt  4	[0.00 s]
0.0.N: Trace Attempt  5	[0.00 s]
0.0.N: Trace Attempt  1	[0.01 s]
0.0.N: Trace Attempt  2	[0.01 s]
0.0.N: Trace Attempt  3	[0.01 s]
0.0.N: Validation of fixpoint was successful. Time = 0.00
0.0.N: A proof was found: No trace exists. [0.01 s]
INFO (IPF057): 0.0.N: The property "descrambler.u_descrambler_sva.gen_dout_chk[386]._assert_9" was proven in 0.01 s.
0.0.B: Stopped processing property "descrambler.u_descrambler_sva.gen_dout_chk[386]._assert_9"	[0.01 s].
0.0.B: Starting proof for property "descrambler.u_descrambler_sva.gen_dout_chk[387]._assert_9"	[0.00 s].
0.0.N: Stopped processing property "descrambler.u_descrambler_sva.gen_dout_chk[386]._assert_9"	[0.01 s].
0.0.N: Starting proof for property "descrambler.u_descrambler_sva.gen_dout_chk[387]._assert_9"	[0.00 s].
0.0.B: A max_length bound was found. The shortest trace is no longer than 128 cycles. [0.00 s]
INFO (IPF008): 0.0.B: A max_length bound of 128 was found for the property "descrambler.u_descrambler_sva.gen_dout_chk[387]._assert_9" in 0.00 s.
0.0.B: Trace Attempt  1	[0.00 s]
0.0.B: Trace Attempt  2	[0.00 s]
0.0.B: Trace Attempt  3	[0.00 s]
0.0.B: Trace Attempt  4	[0.00 s]
0.0.B: Trace Attempt  5	[0.00 s]
0.0.N: Trace Attempt  1	[0.00 s]
0.0.N: Trace Attempt  2	[0.00 s]
0.0.N: Trace Attempt  2	[0.00 s]
0.0.N: Trace Attempt  3	[0.00 s]
0.0.N: Trace Attempt  3	[0.00 s]
0.0.N: Trace Attempt  4	[0.00 s]
0.0.N: Trace Attempt  5	[0.00 s]
0.0.N: Trace Attempt  1	[0.01 s]
0.0.N: Trace Attempt  2	[0.01 s]
0.0.N: Trace Attempt  3	[0.01 s]
0.0.N: Validation of fixpoint was successful. Time = 0.00
0.0.N: A proof was found: No trace exists. [0.01 s]
INFO (IPF057): 0.0.N: The property "descrambler.u_descrambler_sva.gen_dout_chk[387]._assert_9" was proven in 0.01 s.
0.0.N: Stopped processing property "descrambler.u_descrambler_sva.gen_dout_chk[387]._assert_9"	[0.01 s].
0.0.N: Starting proof for property "descrambler.u_descrambler_sva.gen_dout_chk[388]._assert_9"	[0.00 s].
0.0.B: Stopped processing property "descrambler.u_descrambler_sva.gen_dout_chk[387]._assert_9"	[0.01 s].
0.0.B: Starting proof for property "descrambler.u_descrambler_sva.gen_dout_chk[388]._assert_9"	[0.00 s].
0.0.B: A max_length bound was found. The shortest trace is no longer than 128 cycles. [0.00 s]
INFO (IPF008): 0.0.B: A max_length bound of 128 was found for the property "descrambler.u_descrambler_sva.gen_dout_chk[388]._assert_9" in 0.00 s.
0.0.B: Trace Attempt  1	[0.00 s]
0.0.B: Trace Attempt  2	[0.00 s]
0.0.B: Trace Attempt  3	[0.00 s]
0.0.N: Trace Attempt  1	[0.00 s]
0.0.B: Trace Attempt  4	[0.00 s]
0.0.B: Trace Attempt  5	[0.00 s]
0.0.N: Trace Attempt  2	[0.00 s]
0.0.N: Trace Attempt  2	[0.00 s]
0.0.N: Trace Attempt  3	[0.00 s]
0.0.N: Trace Attempt  3	[0.00 s]
0.0.N: Trace Attempt  4	[0.00 s]
0.0.N: Trace Attempt  5	[0.00 s]
0.0.N: Trace Attempt  1	[0.01 s]
0.0.N: Trace Attempt  2	[0.01 s]
0.0.N: Trace Attempt  3	[0.01 s]
0.0.N: Validation of fixpoint was successful. Time = 0.00
0.0.N: A proof was found: No trace exists. [0.01 s]
INFO (IPF057): 0.0.N: The property "descrambler.u_descrambler_sva.gen_dout_chk[388]._assert_9" was proven in 0.01 s.
0.0.N: Stopped processing property "descrambler.u_descrambler_sva.gen_dout_chk[388]._assert_9"	[0.01 s].
0.0.B: Stopped processing property "descrambler.u_descrambler_sva.gen_dout_chk[388]._assert_9"	[0.01 s].
0.0.B: Starting proof for property "descrambler.u_descrambler_sva.gen_dout_chk[389]._assert_9"	[0.00 s].
0.0.N: Starting proof for property "descrambler.u_descrambler_sva.gen_dout_chk[389]._assert_9"	[0.00 s].
0.0.B: A max_length bound was found. The shortest trace is no longer than 128 cycles. [0.00 s]
INFO (IPF008): 0.0.B: A max_length bound of 128 was found for the property "descrambler.u_descrambler_sva.gen_dout_chk[389]._assert_9" in 0.00 s.
0.0.B: Trace Attempt  1	[0.00 s]
0.0.B: Trace Attempt  2	[0.00 s]
0.0.B: Trace Attempt  3	[0.00 s]
0.0.B: Trace Attempt  4	[0.00 s]
0.0.B: Trace Attempt  5	[0.00 s]
0.0.N: Trace Attempt  1	[0.00 s]
0.0.N: Trace Attempt  2	[0.00 s]
0.0.N: Trace Attempt  2	[0.00 s]
0.0.N: Trace Attempt  3	[0.00 s]
0.0.N: Trace Attempt  3	[0.00 s]
0.0.N: Trace Attempt  4	[0.00 s]
0.0.N: Trace Attempt  5	[0.00 s]
0.0.N: Trace Attempt  1	[0.01 s]
0.0.N: Trace Attempt  2	[0.01 s]
0.0.N: Trace Attempt  3	[0.01 s]
0.0.N: Validation of fixpoint was successful. Time = 0.00
0.0.N: A proof was found: No trace exists. [0.01 s]
INFO (IPF057): 0.0.N: The property "descrambler.u_descrambler_sva.gen_dout_chk[389]._assert_9" was proven in 0.01 s.
0.0.N: Stopped processing property "descrambler.u_descrambler_sva.gen_dout_chk[389]._assert_9"	[0.01 s].
0.0.B: Stopped processing property "descrambler.u_descrambler_sva.gen_dout_chk[389]._assert_9"	[0.01 s].
0.0.B: Starting proof for property "descrambler.u_descrambler_sva.gen_dout_chk[390]._assert_9"	[0.00 s].
0.0.N: Starting proof for property "descrambler.u_descrambler_sva.gen_dout_chk[390]._assert_9"	[0.00 s].
0.0.B: A max_length bound was found. The shortest trace is no longer than 128 cycles. [0.00 s]
INFO (IPF008): 0.0.B: A max_length bound of 128 was found for the property "descrambler.u_descrambler_sva.gen_dout_chk[390]._assert_9" in 0.00 s.
0.0.B: Trace Attempt  1	[0.00 s]
0.0.B: Trace Attempt  2	[0.00 s]
0.0.B: Trace Attempt  3	[0.00 s]
0.0.B: Trace Attempt  4	[0.00 s]
0.0.B: Trace Attempt  5	[0.00 s]
0.0.N: Trace Attempt  1	[0.00 s]
0.0.N: Trace Attempt  2	[0.00 s]
0.0.N: Trace Attempt  2	[0.00 s]
0.0.N: Trace Attempt  3	[0.00 s]
0.0.N: Trace Attempt  3	[0.00 s]
0.0.N: Trace Attempt  4	[0.00 s]
0.0.N: Trace Attempt  5	[0.00 s]
0.0.N: Trace Attempt  1	[0.01 s]
0.0.N: Trace Attempt  2	[0.01 s]
0.0.N: Trace Attempt  3	[0.01 s]
0.0.N: Validation of fixpoint was successful. Time = 0.00
0.0.N: A proof was found: No trace exists. [0.01 s]
INFO (IPF057): 0.0.N: The property "descrambler.u_descrambler_sva.gen_dout_chk[390]._assert_9" was proven in 0.01 s.
0.0.N: Stopped processing property "descrambler.u_descrambler_sva.gen_dout_chk[390]._assert_9"	[0.01 s].
0.0.N: Starting proof for property "descrambler.u_descrambler_sva.gen_dout_chk[391]._assert_9"	[0.00 s].
0.0.B: Stopped processing property "descrambler.u_descrambler_sva.gen_dout_chk[390]._assert_9"	[0.01 s].
0.0.B: Starting proof for property "descrambler.u_descrambler_sva.gen_dout_chk[391]._assert_9"	[0.00 s].
0.0.B: A max_length bound was found. The shortest trace is no longer than 128 cycles. [0.00 s]
INFO (IPF008): 0.0.B: A max_length bound of 128 was found for the property "descrambler.u_descrambler_sva.gen_dout_chk[391]._assert_9" in 0.00 s.
0.0.B: Trace Attempt  1	[0.00 s]
0.0.B: Trace Attempt  2	[0.00 s]
0.0.B: Trace Attempt  3	[0.00 s]
0.0.N: Trace Attempt  1	[0.00 s]
0.0.B: Trace Attempt  4	[0.00 s]
0.0.B: Trace Attempt  5	[0.00 s]
0.0.N: Trace Attempt  2	[0.00 s]
0.0.N: Trace Attempt  2	[0.00 s]
0.0.N: Trace Attempt  3	[0.00 s]
0.0.N: Trace Attempt  3	[0.00 s]
0.0.N: Trace Attempt  4	[0.00 s]
0.0.N: Trace Attempt  5	[0.00 s]
0.0.N: Trace Attempt  1	[0.01 s]
0.0.N: Trace Attempt  2	[0.01 s]
0.0.N: Trace Attempt  3	[0.01 s]
0.0.N: Validation of fixpoint was successful. Time = 0.00
0.0.N: A proof was found: No trace exists. [0.01 s]
INFO (IPF057): 0.0.N: The property "descrambler.u_descrambler_sva.gen_dout_chk[391]._assert_9" was proven in 0.01 s.
0.0.B: Stopped processing property "descrambler.u_descrambler_sva.gen_dout_chk[391]._assert_9"	[0.01 s].
0.0.N: Stopped processing property "descrambler.u_descrambler_sva.gen_dout_chk[391]._assert_9"	[0.01 s].
0.0.N: Starting proof for property "descrambler.u_descrambler_sva.gen_dout_chk[392]._assert_9"	[0.00 s].
0.0.B: Starting proof for property "descrambler.u_descrambler_sva.gen_dout_chk[392]._assert_9"	[0.00 s].
0.0.B: A max_length bound was found. The shortest trace is no longer than 128 cycles. [0.00 s]
INFO (IPF008): 0.0.B: A max_length bound of 128 was found for the property "descrambler.u_descrambler_sva.gen_dout_chk[392]._assert_9" in 0.00 s.
0.0.B: Trace Attempt  1	[0.00 s]
0.0.B: Trace Attempt  2	[0.00 s]
0.0.B: Trace Attempt  3	[0.00 s]
0.0.B: Trace Attempt  4	[0.00 s]
0.0.B: Trace Attempt  5	[0.00 s]
0.0.N: Trace Attempt  1	[0.00 s]
0.0.N: Trace Attempt  2	[0.00 s]
0.0.N: Trace Attempt  2	[0.00 s]
0.0.N: Trace Attempt  3	[0.00 s]
0.0.N: Trace Attempt  3	[0.00 s]
0.0.N: Trace Attempt  4	[0.00 s]
0.0.N: Trace Attempt  5	[0.00 s]
0.0.N: Trace Attempt  1	[0.01 s]
0.0.N: Trace Attempt  2	[0.01 s]
0.0.N: Trace Attempt  3	[0.01 s]
0.0.N: Validation of fixpoint was successful. Time = 0.00
0.0.N: A proof was found: No trace exists. [0.01 s]
INFO (IPF057): 0.0.N: The property "descrambler.u_descrambler_sva.gen_dout_chk[392]._assert_9" was proven in 0.01 s.
0.0.N: Stopped processing property "descrambler.u_descrambler_sva.gen_dout_chk[392]._assert_9"	[0.01 s].
0.0.N: Starting proof for property "descrambler.u_descrambler_sva.gen_dout_chk[393]._assert_9"	[0.00 s].
0.0.B: Stopped processing property "descrambler.u_descrambler_sva.gen_dout_chk[392]._assert_9"	[0.01 s].
0.0.B: Starting proof for property "descrambler.u_descrambler_sva.gen_dout_chk[393]._assert_9"	[0.00 s].
0.0.B: A max_length bound was found. The shortest trace is no longer than 128 cycles. [0.00 s]
INFO (IPF008): 0.0.B: A max_length bound of 128 was found for the property "descrambler.u_descrambler_sva.gen_dout_chk[393]._assert_9" in 0.00 s.
0.0.B: Trace Attempt  1	[0.00 s]
0.0.B: Trace Attempt  2	[0.00 s]
0.0.B: Trace Attempt  3	[0.00 s]
0.0.B: Trace Attempt  4	[0.00 s]
0.0.B: Trace Attempt  5	[0.00 s]
0.0.N: Trace Attempt  1	[0.00 s]
0.0.N: Trace Attempt  2	[0.00 s]
0.0.N: Trace Attempt  2	[0.00 s]
0.0.N: Trace Attempt  3	[0.00 s]
0.0.N: Trace Attempt  3	[0.00 s]
0.0.N: Trace Attempt  4	[0.00 s]
0.0.N: Trace Attempt  5	[0.00 s]
0.0.N: Trace Attempt  1	[0.01 s]
0.0.N: Trace Attempt  2	[0.01 s]
0.0.N: Trace Attempt  3	[0.01 s]
0.0.N: Validation of fixpoint was successful. Time = 0.00
0.0.N: A proof was found: No trace exists. [0.01 s]
INFO (IPF057): 0.0.N: The property "descrambler.u_descrambler_sva.gen_dout_chk[393]._assert_9" was proven in 0.01 s.
0.0.N: Stopped processing property "descrambler.u_descrambler_sva.gen_dout_chk[393]._assert_9"	[0.01 s].
0.0.N: Starting proof for property "descrambler.u_descrambler_sva.gen_dout_chk[394]._assert_9"	[0.00 s].
0.0.B: Stopped processing property "descrambler.u_descrambler_sva.gen_dout_chk[393]._assert_9"	[0.01 s].
0.0.B: Starting proof for property "descrambler.u_descrambler_sva.gen_dout_chk[394]._assert_9"	[0.00 s].
0.0.B: A max_length bound was found. The shortest trace is no longer than 128 cycles. [0.00 s]
INFO (IPF008): 0.0.B: A max_length bound of 128 was found for the property "descrambler.u_descrambler_sva.gen_dout_chk[394]._assert_9" in 0.00 s.
0.0.B: Trace Attempt  1	[0.00 s]
0.0.B: Trace Attempt  2	[0.00 s]
0.0.B: Trace Attempt  3	[0.00 s]
0.0.B: Trace Attempt  4	[0.00 s]
0.0.B: Trace Attempt  5	[0.00 s]
0.0.N: Trace Attempt  1	[0.00 s]
0.0.N: Trace Attempt  2	[0.00 s]
0.0.N: Trace Attempt  2	[0.00 s]
0.0.N: Trace Attempt  3	[0.00 s]
0.0.N: Trace Attempt  3	[0.00 s]
0.0.N: Trace Attempt  4	[0.00 s]
0.0.N: Trace Attempt  5	[0.00 s]
0.0.N: Trace Attempt  1	[0.01 s]
0.0.N: Trace Attempt  2	[0.01 s]
0.0.N: Trace Attempt  3	[0.01 s]
0.0.N: Validation of fixpoint was successful. Time = 0.00
0.0.N: A proof was found: No trace exists. [0.01 s]
INFO (IPF057): 0.0.N: The property "descrambler.u_descrambler_sva.gen_dout_chk[394]._assert_9" was proven in 0.01 s.
0.0.B: Stopped processing property "descrambler.u_descrambler_sva.gen_dout_chk[394]._assert_9"	[0.01 s].
0.0.B: Starting proof for property "descrambler.u_descrambler_sva.gen_dout_chk[395]._assert_9"	[0.00 s].
0.0.N: Stopped processing property "descrambler.u_descrambler_sva.gen_dout_chk[394]._assert_9"	[0.01 s].
0.0.N: Starting proof for property "descrambler.u_descrambler_sva.gen_dout_chk[395]._assert_9"	[0.00 s].
0.0.B: A max_length bound was found. The shortest trace is no longer than 128 cycles. [0.00 s]
INFO (IPF008): 0.0.B: A max_length bound of 128 was found for the property "descrambler.u_descrambler_sva.gen_dout_chk[395]._assert_9" in 0.00 s.
0.0.B: Trace Attempt  1	[0.00 s]
0.0.B: Trace Attempt  2	[0.00 s]
0.0.B: Trace Attempt  3	[0.00 s]
0.0.B: Trace Attempt  4	[0.00 s]
0.0.B: Trace Attempt  5	[0.00 s]
0.0.N: Trace Attempt  1	[0.00 s]
0.0.N: Trace Attempt  2	[0.00 s]
0.0.N: Trace Attempt  2	[0.00 s]
0.0.N: Trace Attempt  3	[0.00 s]
0.0.N: Trace Attempt  3	[0.00 s]
0.0.N: Trace Attempt  4	[0.00 s]
0.0.N: Trace Attempt  5	[0.00 s]
0.0.N: Trace Attempt  1	[0.01 s]
0.0.N: Trace Attempt  2	[0.01 s]
0.0.N: Trace Attempt  3	[0.01 s]
0.0.N: Validation of fixpoint was successful. Time = 0.00
0.0.N: A proof was found: No trace exists. [0.01 s]
INFO (IPF057): 0.0.N: The property "descrambler.u_descrambler_sva.gen_dout_chk[395]._assert_9" was proven in 0.01 s.
0.0.N: Stopped processing property "descrambler.u_descrambler_sva.gen_dout_chk[395]._assert_9"	[0.01 s].
0.0.N: Starting proof for property "descrambler.u_descrambler_sva.gen_dout_chk[396]._assert_9"	[0.00 s].
0.0.B: Stopped processing property "descrambler.u_descrambler_sva.gen_dout_chk[395]._assert_9"	[0.01 s].
0.0.B: Starting proof for property "descrambler.u_descrambler_sva.gen_dout_chk[396]._assert_9"	[0.00 s].
0.0.B: A max_length bound was found. The shortest trace is no longer than 128 cycles. [0.00 s]
INFO (IPF008): 0.0.B: A max_length bound of 128 was found for the property "descrambler.u_descrambler_sva.gen_dout_chk[396]._assert_9" in 0.00 s.
0.0.B: Trace Attempt  1	[0.00 s]
0.0.B: Trace Attempt  2	[0.00 s]
0.0.B: Trace Attempt  3	[0.00 s]
0.0.N: Trace Attempt  1	[0.00 s]
0.0.B: Trace Attempt  4	[0.00 s]
0.0.B: Trace Attempt  5	[0.00 s]
0.0.N: Trace Attempt  2	[0.00 s]
0.0.N: Trace Attempt  2	[0.00 s]
0.0.N: Trace Attempt  3	[0.00 s]
0.0.N: Trace Attempt  3	[0.00 s]
0.0.N: Trace Attempt  4	[0.00 s]
0.0.N: Trace Attempt  5	[0.00 s]
0.0.N: Trace Attempt  1	[0.01 s]
0.0.N: Trace Attempt  2	[0.01 s]
0.0.N: Trace Attempt  3	[0.01 s]
0.0.N: Validation of fixpoint was successful. Time = 0.00
0.0.N: A proof was found: No trace exists. [0.01 s]
INFO (IPF057): 0.0.N: The property "descrambler.u_descrambler_sva.gen_dout_chk[396]._assert_9" was proven in 0.01 s.
0.0.B: Stopped processing property "descrambler.u_descrambler_sva.gen_dout_chk[396]._assert_9"	[0.01 s].
0.0.B: Starting proof for property "descrambler.u_descrambler_sva.gen_dout_chk[397]._assert_9"	[0.00 s].
0.0.N: Stopped processing property "descrambler.u_descrambler_sva.gen_dout_chk[396]._assert_9"	[0.01 s].
0.0.N: Starting proof for property "descrambler.u_descrambler_sva.gen_dout_chk[397]._assert_9"	[0.00 s].
0.0.B: A max_length bound was found. The shortest trace is no longer than 128 cycles. [0.00 s]
INFO (IPF008): 0.0.B: A max_length bound of 128 was found for the property "descrambler.u_descrambler_sva.gen_dout_chk[397]._assert_9" in 0.00 s.
0.0.B: Trace Attempt  1	[0.00 s]
0.0.B: Trace Attempt  2	[0.00 s]
0.0.B: Trace Attempt  3	[0.00 s]
0.0.B: Trace Attempt  4	[0.00 s]
0.0.B: Trace Attempt  5	[0.00 s]
0.0.N: Trace Attempt  1	[0.00 s]
0.0.N: Trace Attempt  2	[0.00 s]
0.0.N: Trace Attempt  2	[0.00 s]
0.0.N: Trace Attempt  3	[0.00 s]
0.0.N: Trace Attempt  3	[0.00 s]
0.0.N: Trace Attempt  4	[0.00 s]
0.0.N: Trace Attempt  5	[0.00 s]
0.0.N: Trace Attempt  1	[0.01 s]
0.0.N: Trace Attempt  2	[0.01 s]
0.0.N: Trace Attempt  3	[0.01 s]
0.0.N: Validation of fixpoint was successful. Time = 0.00
0.0.N: A proof was found: No trace exists. [0.01 s]
INFO (IPF057): 0.0.N: The property "descrambler.u_descrambler_sva.gen_dout_chk[397]._assert_9" was proven in 0.01 s.
0.0.N: Stopped processing property "descrambler.u_descrambler_sva.gen_dout_chk[397]._assert_9"	[0.01 s].
0.0.N: Starting proof for property "descrambler.u_descrambler_sva.gen_dout_chk[398]._assert_9"	[0.00 s].
0.0.B: Stopped processing property "descrambler.u_descrambler_sva.gen_dout_chk[397]._assert_9"	[0.01 s].
0.0.B: Starting proof for property "descrambler.u_descrambler_sva.gen_dout_chk[398]._assert_9"	[0.00 s].
0.0.B: A max_length bound was found. The shortest trace is no longer than 128 cycles. [0.00 s]
INFO (IPF008): 0.0.B: A max_length bound of 128 was found for the property "descrambler.u_descrambler_sva.gen_dout_chk[398]._assert_9" in 0.00 s.
0.0.B: Trace Attempt  1	[0.00 s]
0.0.B: Trace Attempt  2	[0.00 s]
0.0.B: Trace Attempt  3	[0.00 s]
0.0.B: Trace Attempt  4	[0.00 s]
0.0.B: Trace Attempt  5	[0.00 s]
0.0.N: Trace Attempt  1	[0.00 s]
0.0.N: Trace Attempt  2	[0.00 s]
0.0.N: Trace Attempt  2	[0.00 s]
0.0.N: Trace Attempt  3	[0.00 s]
0.0.N: Trace Attempt  3	[0.00 s]
0.0.N: Trace Attempt  4	[0.00 s]
0.0.N: Trace Attempt  5	[0.00 s]
0.0.N: Trace Attempt  1	[0.01 s]
0.0.N: Trace Attempt  2	[0.01 s]
0.0.N: Trace Attempt  3	[0.01 s]
0.0.N: Validation of fixpoint was successful. Time = 0.00
0.0.N: A proof was found: No trace exists. [0.01 s]
INFO (IPF057): 0.0.N: The property "descrambler.u_descrambler_sva.gen_dout_chk[398]._assert_9" was proven in 0.01 s.
0.0.N: Stopped processing property "descrambler.u_descrambler_sva.gen_dout_chk[398]._assert_9"	[0.01 s].
0.0.N: Starting proof for property "descrambler.u_descrambler_sva.gen_dout_chk[399]._assert_9"	[0.00 s].
0.0.B: Stopped processing property "descrambler.u_descrambler_sva.gen_dout_chk[398]._assert_9"	[0.01 s].
0.0.B: Starting proof for property "descrambler.u_descrambler_sva.gen_dout_chk[399]._assert_9"	[0.00 s].
0.0.B: A max_length bound was found. The shortest trace is no longer than 128 cycles. [0.00 s]
INFO (IPF008): 0.0.B: A max_length bound of 128 was found for the property "descrambler.u_descrambler_sva.gen_dout_chk[399]._assert_9" in 0.00 s.
0.0.B: Trace Attempt  1	[0.00 s]
0.0.B: Trace Attempt  2	[0.00 s]
0.0.B: Trace Attempt  3	[0.00 s]
0.0.B: Trace Attempt  4	[0.00 s]
0.0.B: Trace Attempt  5	[0.00 s]
0.0.N: Trace Attempt  1	[0.00 s]
0.0.N: Trace Attempt  2	[0.00 s]
0.0.N: Trace Attempt  2	[0.00 s]
0.0.N: Trace Attempt  3	[0.00 s]
0.0.N: Trace Attempt  3	[0.00 s]
0.0.N: Trace Attempt  4	[0.00 s]
0.0.N: Trace Attempt  5	[0.00 s]
0.0.N: Trace Attempt  1	[0.01 s]
0.0.N: Trace Attempt  2	[0.01 s]
0.0.N: Trace Attempt  3	[0.01 s]
0.0.N: Validation of fixpoint was successful. Time = 0.00
0.0.N: A proof was found: No trace exists. [0.01 s]
INFO (IPF057): 0.0.N: The property "descrambler.u_descrambler_sva.gen_dout_chk[399]._assert_9" was proven in 0.01 s.
0.0.N: Stopped processing property "descrambler.u_descrambler_sva.gen_dout_chk[399]._assert_9"	[0.01 s].
0.0.N: Starting proof for property "descrambler.u_descrambler_sva.gen_dout_chk[400]._assert_9"	[0.00 s].
0.0.B: Stopped processing property "descrambler.u_descrambler_sva.gen_dout_chk[399]._assert_9"	[0.01 s].
0.0.B: Starting proof for property "descrambler.u_descrambler_sva.gen_dout_chk[400]._assert_9"	[0.00 s].
0.0.B: A max_length bound was found. The shortest trace is no longer than 128 cycles. [0.00 s]
INFO (IPF008): 0.0.B: A max_length bound of 128 was found for the property "descrambler.u_descrambler_sva.gen_dout_chk[400]._assert_9" in 0.00 s.
0.0.B: Trace Attempt  1	[0.00 s]
0.0.B: Trace Attempt  2	[0.00 s]
0.0.B: Trace Attempt  3	[0.00 s]
0.0.B: Trace Attempt  4	[0.00 s]
0.0.B: Trace Attempt  5	[0.00 s]
0.0.N: Trace Attempt  1	[0.00 s]
0.0.N: Trace Attempt  2	[0.00 s]
0.0.N: Trace Attempt  2	[0.00 s]
0.0.N: Trace Attempt  3	[0.00 s]
0.0.N: Trace Attempt  3	[0.00 s]
0.0.N: Trace Attempt  4	[0.00 s]
0.0.N: Trace Attempt  5	[0.00 s]
0.0.N: Trace Attempt  1	[0.01 s]
0.0.N: Trace Attempt  2	[0.01 s]
0.0.N: Trace Attempt  3	[0.01 s]
0.0.N: Validation of fixpoint was successful. Time = 0.00
0.0.N: A proof was found: No trace exists. [0.01 s]
INFO (IPF057): 0.0.N: The property "descrambler.u_descrambler_sva.gen_dout_chk[400]._assert_9" was proven in 0.01 s.
0.0.N: Stopped processing property "descrambler.u_descrambler_sva.gen_dout_chk[400]._assert_9"	[0.01 s].
0.0.N: Starting proof for property "descrambler.u_descrambler_sva.gen_dout_chk[401]._assert_9"	[0.00 s].
0.0.B: Stopped processing property "descrambler.u_descrambler_sva.gen_dout_chk[400]._assert_9"	[0.01 s].
0.0.B: Starting proof for property "descrambler.u_descrambler_sva.gen_dout_chk[401]._assert_9"	[0.00 s].
0.0.B: A max_length bound was found. The shortest trace is no longer than 128 cycles. [0.00 s]
INFO (IPF008): 0.0.B: A max_length bound of 128 was found for the property "descrambler.u_descrambler_sva.gen_dout_chk[401]._assert_9" in 0.00 s.
0.0.B: Trace Attempt  1	[0.00 s]
0.0.B: Trace Attempt  2	[0.00 s]
0.0.B: Trace Attempt  3	[0.00 s]
0.0.B: Trace Attempt  4	[0.00 s]
0.0.B: Trace Attempt  5	[0.00 s]
0.0.N: Trace Attempt  1	[0.00 s]
0.0.N: Trace Attempt  2	[0.00 s]
0.0.N: Trace Attempt  2	[0.00 s]
0.0.N: Trace Attempt  3	[0.00 s]
0.0.N: Trace Attempt  3	[0.00 s]
0.0.N: Trace Attempt  4	[0.00 s]
0.0.N: Trace Attempt  5	[0.00 s]
0.0.N: Trace Attempt  1	[0.01 s]
0.0.N: Trace Attempt  2	[0.01 s]
0.0.N: Trace Attempt  3	[0.01 s]
0.0.N: Validation of fixpoint was successful. Time = 0.00
0.0.N: A proof was found: No trace exists. [0.01 s]
INFO (IPF057): 0.0.N: The property "descrambler.u_descrambler_sva.gen_dout_chk[401]._assert_9" was proven in 0.01 s.
0.0.B: Stopped processing property "descrambler.u_descrambler_sva.gen_dout_chk[401]._assert_9"	[0.01 s].
0.0.B: Starting proof for property "descrambler.u_descrambler_sva.gen_dout_chk[402]._assert_9"	[0.00 s].
0.0.N: Stopped processing property "descrambler.u_descrambler_sva.gen_dout_chk[401]._assert_9"	[0.01 s].
0.0.N: Starting proof for property "descrambler.u_descrambler_sva.gen_dout_chk[402]._assert_9"	[0.00 s].
0.0.B: A max_length bound was found. The shortest trace is no longer than 128 cycles. [0.00 s]
INFO (IPF008): 0.0.B: A max_length bound of 128 was found for the property "descrambler.u_descrambler_sva.gen_dout_chk[402]._assert_9" in 0.00 s.
0.0.B: Trace Attempt  1	[0.00 s]
0.0.B: Trace Attempt  2	[0.00 s]
0.0.B: Trace Attempt  3	[0.00 s]
0.0.B: Trace Attempt  4	[0.00 s]
0.0.B: Trace Attempt  5	[0.00 s]
0.0.N: Trace Attempt  1	[0.00 s]
0.0.N: Trace Attempt  2	[0.00 s]
0.0.N: Trace Attempt  2	[0.00 s]
0.0.N: Trace Attempt  3	[0.00 s]
0.0.N: Trace Attempt  3	[0.00 s]
0.0.N: Trace Attempt  4	[0.00 s]
0.0.N: Trace Attempt  5	[0.00 s]
0.0.N: Trace Attempt  1	[0.01 s]
0.0.N: Trace Attempt  2	[0.01 s]
0.0.N: Trace Attempt  3	[0.01 s]
0.0.N: Validation of fixpoint was successful. Time = 0.00
0.0.N: A proof was found: No trace exists. [0.01 s]
INFO (IPF057): 0.0.N: The property "descrambler.u_descrambler_sva.gen_dout_chk[402]._assert_9" was proven in 0.01 s.
0.0.N: Stopped processing property "descrambler.u_descrambler_sva.gen_dout_chk[402]._assert_9"	[0.01 s].
0.0.N: Starting proof for property "descrambler.u_descrambler_sva.gen_dout_chk[403]._assert_9"	[0.00 s].
0.0.B: Stopped processing property "descrambler.u_descrambler_sva.gen_dout_chk[402]._assert_9"	[0.01 s].
0.0.B: Starting proof for property "descrambler.u_descrambler_sva.gen_dout_chk[403]._assert_9"	[0.00 s].
0.0.B: A max_length bound was found. The shortest trace is no longer than 128 cycles. [0.00 s]
INFO (IPF008): 0.0.B: A max_length bound of 128 was found for the property "descrambler.u_descrambler_sva.gen_dout_chk[403]._assert_9" in 0.00 s.
0.0.B: Trace Attempt  1	[0.00 s]
0.0.B: Trace Attempt  2	[0.00 s]
0.0.B: Trace Attempt  3	[0.00 s]
0.0.B: Trace Attempt  4	[0.00 s]
0.0.B: Trace Attempt  5	[0.00 s]
0.0.N: Trace Attempt  1	[0.00 s]
0.0.N: Trace Attempt  2	[0.00 s]
0.0.N: Trace Attempt  2	[0.00 s]
0.0.N: Trace Attempt  3	[0.00 s]
0.0.N: Trace Attempt  3	[0.00 s]
0.0.N: Trace Attempt  4	[0.00 s]
0.0.N: Trace Attempt  5	[0.00 s]
0.0.N: Trace Attempt  1	[0.01 s]
0.0.N: Trace Attempt  2	[0.01 s]
0.0.N: Trace Attempt  3	[0.01 s]
0.0.N: Validation of fixpoint was successful. Time = 0.00
0.0.N: A proof was found: No trace exists. [0.01 s]
INFO (IPF057): 0.0.N: The property "descrambler.u_descrambler_sva.gen_dout_chk[403]._assert_9" was proven in 0.01 s.
0.0.B: Stopped processing property "descrambler.u_descrambler_sva.gen_dout_chk[403]._assert_9"	[0.01 s].
0.0.B: Starting proof for property "descrambler.u_descrambler_sva.gen_dout_chk[404]._assert_9"	[0.00 s].
0.0.N: Stopped processing property "descrambler.u_descrambler_sva.gen_dout_chk[403]._assert_9"	[0.01 s].
0.0.N: Starting proof for property "descrambler.u_descrambler_sva.gen_dout_chk[404]._assert_9"	[0.00 s].
0.0.B: A max_length bound was found. The shortest trace is no longer than 128 cycles. [0.00 s]
INFO (IPF008): 0.0.B: A max_length bound of 128 was found for the property "descrambler.u_descrambler_sva.gen_dout_chk[404]._assert_9" in 0.00 s.
0.0.B: Trace Attempt  1	[0.00 s]
0.0.B: Trace Attempt  2	[0.00 s]
0.0.B: Trace Attempt  3	[0.00 s]
0.0.B: Trace Attempt  4	[0.00 s]
0.0.B: Trace Attempt  5	[0.00 s]
0.0.N: Trace Attempt  1	[0.00 s]
0.0.N: Trace Attempt  2	[0.00 s]
0.0.N: Trace Attempt  2	[0.00 s]
0.0.N: Trace Attempt  3	[0.00 s]
0.0.N: Trace Attempt  3	[0.00 s]
0.0.N: Trace Attempt  4	[0.00 s]
0.0.N: Trace Attempt  5	[0.00 s]
0.0.N: Trace Attempt  1	[0.01 s]
0.0.N: Trace Attempt  2	[0.01 s]
0.0.N: Trace Attempt  3	[0.01 s]
0.0.N: Validation of fixpoint was successful. Time = 0.00
0.0.N: A proof was found: No trace exists. [0.01 s]
INFO (IPF057): 0.0.N: The property "descrambler.u_descrambler_sva.gen_dout_chk[404]._assert_9" was proven in 0.01 s.
0.0.N: Stopped processing property "descrambler.u_descrambler_sva.gen_dout_chk[404]._assert_9"	[0.01 s].
0.0.N: Starting proof for property "descrambler.u_descrambler_sva.gen_dout_chk[405]._assert_9"	[0.00 s].
0.0.B: Stopped processing property "descrambler.u_descrambler_sva.gen_dout_chk[404]._assert_9"	[0.01 s].
0.0.B: Starting proof for property "descrambler.u_descrambler_sva.gen_dout_chk[405]._assert_9"	[0.00 s].
0.0.B: A max_length bound was found. The shortest trace is no longer than 128 cycles. [0.00 s]
INFO (IPF008): 0.0.B: A max_length bound of 128 was found for the property "descrambler.u_descrambler_sva.gen_dout_chk[405]._assert_9" in 0.00 s.
0.0.B: Trace Attempt  1	[0.00 s]
0.0.B: Trace Attempt  2	[0.00 s]
0.0.B: Trace Attempt  3	[0.00 s]
0.0.B: Trace Attempt  4	[0.00 s]
0.0.B: Trace Attempt  5	[0.00 s]
0.0.N: Trace Attempt  1	[0.00 s]
0.0.N: Trace Attempt  2	[0.00 s]
0.0.N: Trace Attempt  2	[0.00 s]
0.0.N: Trace Attempt  3	[0.00 s]
0.0.N: Trace Attempt  3	[0.00 s]
0.0.N: Trace Attempt  4	[0.00 s]
0.0.N: Trace Attempt  5	[0.00 s]
0.0.N: Trace Attempt  1	[0.01 s]
0.0.N: Trace Attempt  2	[0.01 s]
0.0.N: Trace Attempt  3	[0.01 s]
0.0.N: Validation of fixpoint was successful. Time = 0.00
0.0.N: A proof was found: No trace exists. [0.01 s]
INFO (IPF057): 0.0.N: The property "descrambler.u_descrambler_sva.gen_dout_chk[405]._assert_9" was proven in 0.01 s.
0.0.N: Stopped processing property "descrambler.u_descrambler_sva.gen_dout_chk[405]._assert_9"	[0.01 s].
0.0.N: Starting proof for property "descrambler.u_descrambler_sva.gen_dout_chk[406]._assert_9"	[0.00 s].
0.0.B: Stopped processing property "descrambler.u_descrambler_sva.gen_dout_chk[405]._assert_9"	[0.01 s].
0.0.B: Starting proof for property "descrambler.u_descrambler_sva.gen_dout_chk[406]._assert_9"	[0.00 s].
0.0.B: A max_length bound was found. The shortest trace is no longer than 128 cycles. [0.00 s]
INFO (IPF008): 0.0.B: A max_length bound of 128 was found for the property "descrambler.u_descrambler_sva.gen_dout_chk[406]._assert_9" in 0.00 s.
0.0.B: Trace Attempt  1	[0.00 s]
0.0.B: Trace Attempt  2	[0.00 s]
0.0.B: Trace Attempt  3	[0.00 s]
0.0.B: Trace Attempt  4	[0.00 s]
0.0.B: Trace Attempt  5	[0.00 s]
0.0.N: Trace Attempt  1	[0.00 s]
0.0.N: Trace Attempt  2	[0.00 s]
0.0.N: Trace Attempt  2	[0.00 s]
0.0.N: Trace Attempt  3	[0.00 s]
0.0.N: Trace Attempt  3	[0.00 s]
0.0.N: Trace Attempt  4	[0.00 s]
0.0.N: Trace Attempt  5	[0.00 s]
0.0.N: Trace Attempt  1	[0.01 s]
0.0.N: Trace Attempt  2	[0.01 s]
0.0.N: Trace Attempt  3	[0.01 s]
0.0.N: Validation of fixpoint was successful. Time = 0.00
0.0.N: A proof was found: No trace exists. [0.01 s]
INFO (IPF057): 0.0.N: The property "descrambler.u_descrambler_sva.gen_dout_chk[406]._assert_9" was proven in 0.01 s.
0.0.N: Stopped processing property "descrambler.u_descrambler_sva.gen_dout_chk[406]._assert_9"	[0.01 s].
0.0.B: Stopped processing property "descrambler.u_descrambler_sva.gen_dout_chk[406]._assert_9"	[0.01 s].
0.0.B: Starting proof for property "descrambler.u_descrambler_sva.gen_dout_chk[407]._assert_9"	[0.00 s].
0.0.N: Starting proof for property "descrambler.u_descrambler_sva.gen_dout_chk[407]._assert_9"	[0.00 s].
0.0.B: A max_length bound was found. The shortest trace is no longer than 128 cycles. [0.00 s]
INFO (IPF008): 0.0.B: A max_length bound of 128 was found for the property "descrambler.u_descrambler_sva.gen_dout_chk[407]._assert_9" in 0.00 s.
0.0.B: Trace Attempt  1	[0.00 s]
0.0.B: Trace Attempt  2	[0.00 s]
0.0.B: Trace Attempt  3	[0.00 s]
0.0.B: Trace Attempt  4	[0.00 s]
0.0.B: Trace Attempt  5	[0.00 s]
0.0.N: Trace Attempt  1	[0.00 s]
0.0.N: Trace Attempt  2	[0.00 s]
0.0.N: Trace Attempt  2	[0.00 s]
0.0.N: Trace Attempt  3	[0.00 s]
0.0.N: Trace Attempt  3	[0.00 s]
0.0.N: Trace Attempt  4	[0.00 s]
0.0.N: Trace Attempt  5	[0.00 s]
0.0.N: Trace Attempt  1	[0.01 s]
0.0.N: Trace Attempt  2	[0.01 s]
0.0.N: Trace Attempt  3	[0.01 s]
0.0.N: Validation of fixpoint was successful. Time = 0.00
0.0.N: A proof was found: No trace exists. [0.01 s]
INFO (IPF057): 0.0.N: The property "descrambler.u_descrambler_sva.gen_dout_chk[407]._assert_9" was proven in 0.01 s.
0.0.N: Stopped processing property "descrambler.u_descrambler_sva.gen_dout_chk[407]._assert_9"	[0.01 s].
0.0.N: Starting proof for property "descrambler.u_descrambler_sva.gen_dout_chk[408]._assert_9"	[0.00 s].
0.0.B: Stopped processing property "descrambler.u_descrambler_sva.gen_dout_chk[407]._assert_9"	[0.01 s].
0.0.B: Starting proof for property "descrambler.u_descrambler_sva.gen_dout_chk[408]._assert_9"	[0.00 s].
0.0.B: A max_length bound was found. The shortest trace is no longer than 128 cycles. [0.00 s]
INFO (IPF008): 0.0.B: A max_length bound of 128 was found for the property "descrambler.u_descrambler_sva.gen_dout_chk[408]._assert_9" in 0.00 s.
0.0.B: Trace Attempt  1	[0.00 s]
0.0.B: Trace Attempt  2	[0.00 s]
0.0.B: Trace Attempt  3	[0.00 s]
0.0.B: Trace Attempt  4	[0.00 s]
0.0.B: Trace Attempt  5	[0.00 s]
0.0.N: Trace Attempt  1	[0.00 s]
0.0.N: Trace Attempt  2	[0.00 s]
0.0.N: Trace Attempt  2	[0.00 s]
0.0.N: Trace Attempt  3	[0.00 s]
0.0.N: Trace Attempt  3	[0.00 s]
0.0.N: Trace Attempt  4	[0.00 s]
0.0.N: Trace Attempt  5	[0.01 s]
0.0.N: Trace Attempt  1	[0.01 s]
0.0.N: Trace Attempt  2	[0.01 s]
0.0.N: Trace Attempt  3	[0.01 s]
0.0.N: Validation of fixpoint was successful. Time = 0.00
0.0.N: A proof was found: No trace exists. [0.01 s]
INFO (IPF057): 0.0.N: The property "descrambler.u_descrambler_sva.gen_dout_chk[408]._assert_9" was proven in 0.01 s.
0.0.N: Stopped processing property "descrambler.u_descrambler_sva.gen_dout_chk[408]._assert_9"	[0.01 s].
0.0.N: Starting proof for property "descrambler.u_descrambler_sva.gen_dout_chk[409]._assert_9"	[0.00 s].
0.0.B: Stopped processing property "descrambler.u_descrambler_sva.gen_dout_chk[408]._assert_9"	[0.01 s].
0.0.B: Starting proof for property "descrambler.u_descrambler_sva.gen_dout_chk[409]._assert_9"	[0.00 s].
0.0.B: A max_length bound was found. The shortest trace is no longer than 128 cycles. [0.00 s]
INFO (IPF008): 0.0.B: A max_length bound of 128 was found for the property "descrambler.u_descrambler_sva.gen_dout_chk[409]._assert_9" in 0.00 s.
0.0.B: Trace Attempt  1	[0.00 s]
0.0.B: Trace Attempt  2	[0.00 s]
0.0.B: Trace Attempt  3	[0.00 s]
0.0.B: Trace Attempt  4	[0.00 s]
0.0.B: Trace Attempt  5	[0.00 s]
0.0.N: Trace Attempt  1	[0.00 s]
0.0.N: Trace Attempt  2	[0.00 s]
0.0.N: Trace Attempt  2	[0.00 s]
0.0.N: Trace Attempt  3	[0.00 s]
0.0.N: Trace Attempt  3	[0.00 s]
0.0.N: Trace Attempt  4	[0.00 s]
0.0.N: Trace Attempt  5	[0.00 s]
0.0.N: Trace Attempt  1	[0.01 s]
0.0.N: Trace Attempt  2	[0.01 s]
0.0.N: Trace Attempt  3	[0.01 s]
0.0.N: Validation of fixpoint was successful. Time = 0.00
0.0.N: A proof was found: No trace exists. [0.01 s]
INFO (IPF057): 0.0.N: The property "descrambler.u_descrambler_sva.gen_dout_chk[409]._assert_9" was proven in 0.01 s.
0.0.N: Stopped processing property "descrambler.u_descrambler_sva.gen_dout_chk[409]._assert_9"	[0.01 s].
0.0.B: Stopped processing property "descrambler.u_descrambler_sva.gen_dout_chk[409]._assert_9"	[0.01 s].
0.0.B: Starting proof for property "descrambler.u_descrambler_sva.gen_dout_chk[410]._assert_9"	[0.00 s].
0.0.N: Starting proof for property "descrambler.u_descrambler_sva.gen_dout_chk[410]._assert_9"	[0.00 s].
0.0.B: A max_length bound was found. The shortest trace is no longer than 128 cycles. [0.00 s]
INFO (IPF008): 0.0.B: A max_length bound of 128 was found for the property "descrambler.u_descrambler_sva.gen_dout_chk[410]._assert_9" in 0.00 s.
0.0.B: Trace Attempt  1	[0.00 s]
0.0.B: Trace Attempt  2	[0.00 s]
0.0.B: Trace Attempt  3	[0.00 s]
0.0.B: Trace Attempt  4	[0.00 s]
0.0.B: Trace Attempt  5	[0.00 s]
0.0.N: Trace Attempt  1	[0.00 s]
0.0.N: Trace Attempt  2	[0.00 s]
0.0.N: Trace Attempt  2	[0.00 s]
0.0.N: Trace Attempt  3	[0.00 s]
0.0.N: Trace Attempt  3	[0.00 s]
0.0.N: Trace Attempt  4	[0.00 s]
0.0.N: Trace Attempt  5	[0.00 s]
0.0.N: Trace Attempt  1	[0.01 s]
0.0.N: Trace Attempt  2	[0.01 s]
0.0.N: Trace Attempt  3	[0.01 s]
0.0.N: Validation of fixpoint was successful. Time = 0.00
0.0.N: A proof was found: No trace exists. [0.01 s]
INFO (IPF057): 0.0.N: The property "descrambler.u_descrambler_sva.gen_dout_chk[410]._assert_9" was proven in 0.01 s.
0.0.N: Stopped processing property "descrambler.u_descrambler_sva.gen_dout_chk[410]._assert_9"	[0.01 s].
0.0.N: Starting proof for property "descrambler.u_descrambler_sva.gen_dout_chk[411]._assert_9"	[0.00 s].
0.0.B: Stopped processing property "descrambler.u_descrambler_sva.gen_dout_chk[410]._assert_9"	[0.01 s].
0.0.B: Starting proof for property "descrambler.u_descrambler_sva.gen_dout_chk[411]._assert_9"	[0.00 s].
0.0.B: A max_length bound was found. The shortest trace is no longer than 128 cycles. [0.00 s]
INFO (IPF008): 0.0.B: A max_length bound of 128 was found for the property "descrambler.u_descrambler_sva.gen_dout_chk[411]._assert_9" in 0.00 s.
0.0.B: Trace Attempt  1	[0.00 s]
0.0.B: Trace Attempt  2	[0.00 s]
0.0.B: Trace Attempt  3	[0.00 s]
0.0.B: Trace Attempt  4	[0.00 s]
0.0.B: Trace Attempt  5	[0.00 s]
0.0.N: Trace Attempt  1	[0.00 s]
0.0.N: Trace Attempt  2	[0.00 s]
0.0.N: Trace Attempt  2	[0.00 s]
0.0.N: Trace Attempt  3	[0.00 s]
0.0.N: Trace Attempt  3	[0.00 s]
0.0.N: Trace Attempt  4	[0.00 s]
0.0.N: Trace Attempt  5	[0.00 s]
0.0.N: Trace Attempt  1	[0.01 s]
0.0.N: Trace Attempt  2	[0.01 s]
0.0.N: Trace Attempt  3	[0.01 s]
0.0.N: Validation of fixpoint was successful. Time = 0.00
0.0.N: A proof was found: No trace exists. [0.01 s]
INFO (IPF057): 0.0.N: The property "descrambler.u_descrambler_sva.gen_dout_chk[411]._assert_9" was proven in 0.01 s.
0.0.N: Stopped processing property "descrambler.u_descrambler_sva.gen_dout_chk[411]._assert_9"	[0.01 s].
0.0.N: Starting proof for property "descrambler.u_descrambler_sva.gen_dout_chk[412]._assert_9"	[0.00 s].
0.0.B: Stopped processing property "descrambler.u_descrambler_sva.gen_dout_chk[411]._assert_9"	[0.01 s].
0.0.B: Starting proof for property "descrambler.u_descrambler_sva.gen_dout_chk[412]._assert_9"	[0.00 s].
0.0.B: A max_length bound was found. The shortest trace is no longer than 128 cycles. [0.00 s]
INFO (IPF008): 0.0.B: A max_length bound of 128 was found for the property "descrambler.u_descrambler_sva.gen_dout_chk[412]._assert_9" in 0.00 s.
0.0.B: Trace Attempt  1	[0.00 s]
0.0.B: Trace Attempt  2	[0.00 s]
0.0.B: Trace Attempt  3	[0.00 s]
0.0.N: Trace Attempt  1	[0.00 s]
0.0.B: Trace Attempt  4	[0.00 s]
0.0.B: Trace Attempt  5	[0.00 s]
0.0.N: Trace Attempt  2	[0.00 s]
0.0.N: Trace Attempt  2	[0.00 s]
0.0.N: Trace Attempt  3	[0.00 s]
0.0.N: Trace Attempt  3	[0.00 s]
0.0.N: Trace Attempt  4	[0.00 s]
0.0.N: Trace Attempt  5	[0.00 s]
0.0.N: Trace Attempt  1	[0.01 s]
0.0.N: Trace Attempt  2	[0.01 s]
0.0.N: Trace Attempt  3	[0.01 s]
0.0.N: Validation of fixpoint was successful. Time = 0.00
0.0.N: A proof was found: No trace exists. [0.01 s]
INFO (IPF057): 0.0.N: The property "descrambler.u_descrambler_sva.gen_dout_chk[412]._assert_9" was proven in 0.01 s.
0.0.N: Stopped processing property "descrambler.u_descrambler_sva.gen_dout_chk[412]._assert_9"	[0.01 s].
0.0.N: Starting proof for property "descrambler.u_descrambler_sva.gen_dout_chk[413]._assert_9"	[0.00 s].
0.0.B: Stopped processing property "descrambler.u_descrambler_sva.gen_dout_chk[412]._assert_9"	[0.01 s].
0.0.B: Starting proof for property "descrambler.u_descrambler_sva.gen_dout_chk[413]._assert_9"	[0.00 s].
0.0.B: A max_length bound was found. The shortest trace is no longer than 128 cycles. [0.00 s]
INFO (IPF008): 0.0.B: A max_length bound of 128 was found for the property "descrambler.u_descrambler_sva.gen_dout_chk[413]._assert_9" in 0.00 s.
0.0.B: Trace Attempt  1	[0.00 s]
0.0.B: Trace Attempt  2	[0.00 s]
0.0.B: Trace Attempt  3	[0.00 s]
0.0.B: Trace Attempt  4	[0.00 s]
0.0.B: Trace Attempt  5	[0.00 s]
0.0.N: Trace Attempt  1	[0.00 s]
0.0.N: Trace Attempt  2	[0.00 s]
0.0.N: Trace Attempt  2	[0.00 s]
0.0.N: Trace Attempt  3	[0.00 s]
0.0.N: Trace Attempt  3	[0.00 s]
0.0.N: Trace Attempt  4	[0.00 s]
0.0.N: Trace Attempt  5	[0.00 s]
0.0.N: Trace Attempt  1	[0.01 s]
0.0.N: Trace Attempt  2	[0.01 s]
0.0.N: Trace Attempt  3	[0.01 s]
0.0.N: Validation of fixpoint was successful. Time = 0.00
0.0.N: A proof was found: No trace exists. [0.01 s]
INFO (IPF057): 0.0.N: The property "descrambler.u_descrambler_sva.gen_dout_chk[413]._assert_9" was proven in 0.01 s.
0.0.N: Stopped processing property "descrambler.u_descrambler_sva.gen_dout_chk[413]._assert_9"	[0.01 s].
0.0.B: Stopped processing property "descrambler.u_descrambler_sva.gen_dout_chk[413]._assert_9"	[0.01 s].
0.0.B: Starting proof for property "descrambler.u_descrambler_sva.gen_dout_chk[414]._assert_9"	[0.00 s].
0.0.N: Starting proof for property "descrambler.u_descrambler_sva.gen_dout_chk[414]._assert_9"	[0.00 s].
0.0.B: A max_length bound was found. The shortest trace is no longer than 128 cycles. [0.00 s]
INFO (IPF008): 0.0.B: A max_length bound of 128 was found for the property "descrambler.u_descrambler_sva.gen_dout_chk[414]._assert_9" in 0.00 s.
0.0.B: Trace Attempt  1	[0.00 s]
0.0.B: Trace Attempt  2	[0.00 s]
0.0.B: Trace Attempt  3	[0.00 s]
0.0.B: Trace Attempt  4	[0.00 s]
0.0.B: Trace Attempt  5	[0.00 s]
0.0.N: Trace Attempt  1	[0.00 s]
0.0.N: Trace Attempt  2	[0.00 s]
0.0.N: Trace Attempt  2	[0.00 s]
0.0.N: Trace Attempt  3	[0.00 s]
0.0.N: Trace Attempt  3	[0.00 s]
0.0.N: Trace Attempt  4	[0.00 s]
0.0.N: Trace Attempt  5	[0.00 s]
0.0.N: Trace Attempt  1	[0.01 s]
0.0.N: Trace Attempt  2	[0.01 s]
0.0.N: Trace Attempt  3	[0.01 s]
0.0.N: Validation of fixpoint was successful. Time = 0.00
0.0.N: A proof was found: No trace exists. [0.01 s]
INFO (IPF057): 0.0.N: The property "descrambler.u_descrambler_sva.gen_dout_chk[414]._assert_9" was proven in 0.01 s.
0.0.N: Stopped processing property "descrambler.u_descrambler_sva.gen_dout_chk[414]._assert_9"	[0.01 s].
0.0.N: Starting proof for property "descrambler.u_descrambler_sva.gen_dout_chk[415]._assert_9"	[0.00 s].
0.0.B: Stopped processing property "descrambler.u_descrambler_sva.gen_dout_chk[414]._assert_9"	[0.01 s].
0.0.B: Starting proof for property "descrambler.u_descrambler_sva.gen_dout_chk[415]._assert_9"	[0.00 s].
0.0.B: A max_length bound was found. The shortest trace is no longer than 128 cycles. [0.00 s]
INFO (IPF008): 0.0.B: A max_length bound of 128 was found for the property "descrambler.u_descrambler_sva.gen_dout_chk[415]._assert_9" in 0.00 s.
0.0.B: Trace Attempt  1	[0.00 s]
0.0.B: Trace Attempt  2	[0.00 s]
0.0.B: Trace Attempt  3	[0.00 s]
0.0.B: Trace Attempt  4	[0.00 s]
0.0.B: Trace Attempt  5	[0.00 s]
0.0.N: Trace Attempt  1	[0.00 s]
0.0.N: Trace Attempt  2	[0.00 s]
0.0.N: Trace Attempt  2	[0.00 s]
0.0.N: Trace Attempt  3	[0.00 s]
0.0.N: Trace Attempt  3	[0.00 s]
0.0.N: Trace Attempt  4	[0.00 s]
0.0.N: Trace Attempt  5	[0.00 s]
0.0.N: Trace Attempt  1	[0.01 s]
0.0.N: Trace Attempt  2	[0.01 s]
0.0.N: Trace Attempt  3	[0.01 s]
0.0.N: Validation of fixpoint was successful. Time = 0.00
0.0.N: A proof was found: No trace exists. [0.01 s]
INFO (IPF057): 0.0.N: The property "descrambler.u_descrambler_sva.gen_dout_chk[415]._assert_9" was proven in 0.01 s.
0.0.N: Stopped processing property "descrambler.u_descrambler_sva.gen_dout_chk[415]._assert_9"	[0.01 s].
0.0.N: Starting proof for property "descrambler.u_descrambler_sva.gen_dout_chk[416]._assert_9"	[0.00 s].
0.0.B: Stopped processing property "descrambler.u_descrambler_sva.gen_dout_chk[415]._assert_9"	[0.01 s].
0.0.B: Starting proof for property "descrambler.u_descrambler_sva.gen_dout_chk[416]._assert_9"	[0.00 s].
0.0.B: A max_length bound was found. The shortest trace is no longer than 128 cycles. [0.00 s]
INFO (IPF008): 0.0.B: A max_length bound of 128 was found for the property "descrambler.u_descrambler_sva.gen_dout_chk[416]._assert_9" in 0.00 s.
0.0.B: Trace Attempt  1	[0.00 s]
0.0.B: Trace Attempt  2	[0.00 s]
0.0.B: Trace Attempt  3	[0.00 s]
0.0.B: Trace Attempt  4	[0.00 s]
0.0.B: Trace Attempt  5	[0.00 s]
0.0.N: Trace Attempt  1	[0.00 s]
0.0.N: Trace Attempt  2	[0.00 s]
0.0.N: Trace Attempt  2	[0.00 s]
0.0.N: Trace Attempt  3	[0.00 s]
0.0.N: Trace Attempt  3	[0.00 s]
0.0.N: Trace Attempt  4	[0.00 s]
0.0.N: Trace Attempt  5	[0.00 s]
0.0.N: Trace Attempt  1	[0.01 s]
0.0.N: Trace Attempt  2	[0.01 s]
0.0.N: Trace Attempt  3	[0.01 s]
0.0.N: Validation of fixpoint was successful. Time = 0.00
0.0.N: A proof was found: No trace exists. [0.01 s]
INFO (IPF057): 0.0.N: The property "descrambler.u_descrambler_sva.gen_dout_chk[416]._assert_9" was proven in 0.01 s.
0.0.N: Stopped processing property "descrambler.u_descrambler_sva.gen_dout_chk[416]._assert_9"	[0.01 s].
0.0.N: Starting proof for property "descrambler.u_descrambler_sva.gen_dout_chk[417]._assert_9"	[0.00 s].
0.0.B: Stopped processing property "descrambler.u_descrambler_sva.gen_dout_chk[416]._assert_9"	[0.01 s].
0.0.B: Starting proof for property "descrambler.u_descrambler_sva.gen_dout_chk[417]._assert_9"	[0.00 s].
0.0.B: A max_length bound was found. The shortest trace is no longer than 128 cycles. [0.00 s]
INFO (IPF008): 0.0.B: A max_length bound of 128 was found for the property "descrambler.u_descrambler_sva.gen_dout_chk[417]._assert_9" in 0.00 s.
0.0.B: Trace Attempt  1	[0.00 s]
0.0.B: Trace Attempt  2	[0.00 s]
0.0.B: Trace Attempt  3	[0.00 s]
0.0.B: Trace Attempt  4	[0.00 s]
0.0.B: Trace Attempt  5	[0.00 s]
0.0.N: Trace Attempt  1	[0.00 s]
0.0.N: Trace Attempt  2	[0.00 s]
0.0.N: Trace Attempt  2	[0.00 s]
0.0.N: Trace Attempt  3	[0.00 s]
0.0.N: Trace Attempt  3	[0.00 s]
0.0.N: Trace Attempt  4	[0.00 s]
0.0.N: Trace Attempt  5	[0.00 s]
0.0.N: Trace Attempt  1	[0.01 s]
0.0.N: Trace Attempt  2	[0.01 s]
0.0.N: Trace Attempt  3	[0.01 s]
0.0.N: Validation of fixpoint was successful. Time = 0.00
0.0.N: A proof was found: No trace exists. [0.01 s]
INFO (IPF057): 0.0.N: The property "descrambler.u_descrambler_sva.gen_dout_chk[417]._assert_9" was proven in 0.01 s.
0.0.B: Stopped processing property "descrambler.u_descrambler_sva.gen_dout_chk[417]._assert_9"	[0.01 s].
0.0.B: Starting proof for property "descrambler.u_descrambler_sva.gen_dout_chk[418]._assert_9"	[0.00 s].
0.0.N: Stopped processing property "descrambler.u_descrambler_sva.gen_dout_chk[417]._assert_9"	[0.01 s].
0.0.N: Starting proof for property "descrambler.u_descrambler_sva.gen_dout_chk[418]._assert_9"	[0.00 s].
0.0.B: A max_length bound was found. The shortest trace is no longer than 128 cycles. [0.00 s]
INFO (IPF008): 0.0.B: A max_length bound of 128 was found for the property "descrambler.u_descrambler_sva.gen_dout_chk[418]._assert_9" in 0.00 s.
0.0.B: Trace Attempt  1	[0.00 s]
0.0.B: Trace Attempt  2	[0.00 s]
0.0.B: Trace Attempt  3	[0.00 s]
0.0.B: Trace Attempt  4	[0.00 s]
0.0.B: Trace Attempt  5	[0.00 s]
0.0.N: Trace Attempt  1	[0.00 s]
0.0.N: Trace Attempt  2	[0.00 s]
0.0.N: Trace Attempt  2	[0.00 s]
0.0.N: Trace Attempt  3	[0.00 s]
0.0.N: Trace Attempt  3	[0.00 s]
0.0.N: Trace Attempt  4	[0.00 s]
0.0.N: Trace Attempt  5	[0.00 s]
0.0.N: Trace Attempt  1	[0.01 s]
0.0.N: Trace Attempt  2	[0.01 s]
0.0.N: Trace Attempt  3	[0.01 s]
0.0.N: Validation of fixpoint was successful. Time = 0.00
0.0.N: A proof was found: No trace exists. [0.01 s]
INFO (IPF057): 0.0.N: The property "descrambler.u_descrambler_sva.gen_dout_chk[418]._assert_9" was proven in 0.01 s.
0.0.B: Stopped processing property "descrambler.u_descrambler_sva.gen_dout_chk[418]._assert_9"	[0.01 s].
0.0.B: Starting proof for property "descrambler.u_descrambler_sva.gen_dout_chk[419]._assert_9"	[0.00 s].
0.0.N: Stopped processing property "descrambler.u_descrambler_sva.gen_dout_chk[418]._assert_9"	[0.01 s].
0.0.N: Starting proof for property "descrambler.u_descrambler_sva.gen_dout_chk[419]._assert_9"	[0.00 s].
0.0.B: A max_length bound was found. The shortest trace is no longer than 128 cycles. [0.00 s]
INFO (IPF008): 0.0.B: A max_length bound of 128 was found for the property "descrambler.u_descrambler_sva.gen_dout_chk[419]._assert_9" in 0.00 s.
0.0.B: Trace Attempt  1	[0.00 s]
0.0.B: Trace Attempt  2	[0.00 s]
0.0.B: Trace Attempt  3	[0.00 s]
0.0.B: Trace Attempt  4	[0.00 s]
0.0.B: Trace Attempt  5	[0.00 s]
0.0.N: Trace Attempt  1	[0.00 s]
0.0.N: Trace Attempt  2	[0.00 s]
0.0.N: Trace Attempt  2	[0.00 s]
0.0.N: Trace Attempt  3	[0.00 s]
0.0.N: Trace Attempt  3	[0.00 s]
0.0.N: Trace Attempt  4	[0.00 s]
0.0.N: Trace Attempt  5	[0.00 s]
0.0.N: Trace Attempt  1	[0.01 s]
0.0.N: Trace Attempt  2	[0.01 s]
0.0.N: Trace Attempt  3	[0.01 s]
0.0.N: Validation of fixpoint was successful. Time = 0.00
0.0.N: A proof was found: No trace exists. [0.01 s]
INFO (IPF057): 0.0.N: The property "descrambler.u_descrambler_sva.gen_dout_chk[419]._assert_9" was proven in 0.01 s.
0.0.N: Stopped processing property "descrambler.u_descrambler_sva.gen_dout_chk[419]._assert_9"	[0.01 s].
0.0.N: Starting proof for property "descrambler.u_descrambler_sva.gen_dout_chk[420]._assert_9"	[0.00 s].
0.0.B: Stopped processing property "descrambler.u_descrambler_sva.gen_dout_chk[419]._assert_9"	[0.01 s].
0.0.B: Starting proof for property "descrambler.u_descrambler_sva.gen_dout_chk[420]._assert_9"	[0.00 s].
0.0.B: A max_length bound was found. The shortest trace is no longer than 128 cycles. [0.00 s]
INFO (IPF008): 0.0.B: A max_length bound of 128 was found for the property "descrambler.u_descrambler_sva.gen_dout_chk[420]._assert_9" in 0.00 s.
0.0.B: Trace Attempt  1	[0.00 s]
0.0.B: Trace Attempt  2	[0.00 s]
0.0.B: Trace Attempt  3	[0.00 s]
0.0.N: Trace Attempt  1	[0.00 s]
0.0.B: Trace Attempt  4	[0.00 s]
0.0.B: Trace Attempt  5	[0.00 s]
0.0.N: Trace Attempt  2	[0.00 s]
0.0.N: Trace Attempt  2	[0.00 s]
0.0.N: Trace Attempt  3	[0.00 s]
0.0.N: Trace Attempt  3	[0.00 s]
0.0.N: Trace Attempt  4	[0.00 s]
0.0.N: Trace Attempt  5	[0.00 s]
0.0.N: Trace Attempt  1	[0.01 s]
0.0.N: Trace Attempt  2	[0.01 s]
0.0.N: Trace Attempt  3	[0.01 s]
0.0.N: Validation of fixpoint was successful. Time = 0.00
0.0.N: A proof was found: No trace exists. [0.01 s]
INFO (IPF057): 0.0.N: The property "descrambler.u_descrambler_sva.gen_dout_chk[420]._assert_9" was proven in 0.01 s.
0.0.N: Stopped processing property "descrambler.u_descrambler_sva.gen_dout_chk[420]._assert_9"	[0.01 s].
0.0.N: Starting proof for property "descrambler.u_descrambler_sva.gen_dout_chk[421]._assert_9"	[0.00 s].
0.0.B: Stopped processing property "descrambler.u_descrambler_sva.gen_dout_chk[420]._assert_9"	[0.01 s].
0.0.B: Starting proof for property "descrambler.u_descrambler_sva.gen_dout_chk[421]._assert_9"	[0.00 s].
0.0.B: A max_length bound was found. The shortest trace is no longer than 128 cycles. [0.00 s]
INFO (IPF008): 0.0.B: A max_length bound of 128 was found for the property "descrambler.u_descrambler_sva.gen_dout_chk[421]._assert_9" in 0.00 s.
0.0.B: Trace Attempt  1	[0.00 s]
0.0.B: Trace Attempt  2	[0.00 s]
0.0.B: Trace Attempt  3	[0.00 s]
0.0.B: Trace Attempt  4	[0.00 s]
0.0.B: Trace Attempt  5	[0.00 s]
0.0.N: Trace Attempt  1	[0.00 s]
0.0.N: Trace Attempt  2	[0.00 s]
0.0.N: Trace Attempt  2	[0.00 s]
0.0.N: Trace Attempt  3	[0.00 s]
0.0.N: Trace Attempt  3	[0.00 s]
0.0.N: Trace Attempt  4	[0.00 s]
0.0.N: Trace Attempt  5	[0.01 s]
0.0.N: Trace Attempt  1	[0.01 s]
0.0.N: Trace Attempt  2	[0.01 s]
0.0.N: Trace Attempt  3	[0.01 s]
0.0.N: Validation of fixpoint was successful. Time = 0.00
0.0.N: A proof was found: No trace exists. [0.01 s]
INFO (IPF057): 0.0.N: The property "descrambler.u_descrambler_sva.gen_dout_chk[421]._assert_9" was proven in 0.01 s.
0.0.B: Stopped processing property "descrambler.u_descrambler_sva.gen_dout_chk[421]._assert_9"	[0.01 s].
0.0.B: Starting proof for property "descrambler.u_descrambler_sva.gen_dout_chk[422]._assert_9"	[0.00 s].
0.0.N: Stopped processing property "descrambler.u_descrambler_sva.gen_dout_chk[421]._assert_9"	[0.01 s].
0.0.N: Starting proof for property "descrambler.u_descrambler_sva.gen_dout_chk[422]._assert_9"	[0.00 s].
0.0.B: A max_length bound was found. The shortest trace is no longer than 128 cycles. [0.00 s]
INFO (IPF008): 0.0.B: A max_length bound of 128 was found for the property "descrambler.u_descrambler_sva.gen_dout_chk[422]._assert_9" in 0.00 s.
0.0.B: Trace Attempt  1	[0.00 s]
0.0.B: Trace Attempt  2	[0.00 s]
0.0.B: Trace Attempt  3	[0.00 s]
0.0.B: Trace Attempt  4	[0.00 s]
0.0.B: Trace Attempt  5	[0.00 s]
0.0.N: Trace Attempt  1	[0.00 s]
0.0.N: Trace Attempt  2	[0.00 s]
0.0.N: Trace Attempt  2	[0.00 s]
0.0.N: Trace Attempt  3	[0.00 s]
0.0.N: Trace Attempt  3	[0.00 s]
0.0.N: Trace Attempt  4	[0.00 s]
0.0.N: Trace Attempt  5	[0.01 s]
0.0.N: Trace Attempt  1	[0.01 s]
0.0.N: Trace Attempt  2	[0.01 s]
0.0.N: Trace Attempt  3	[0.01 s]
0.0.N: Validation of fixpoint was successful. Time = 0.00
0.0.N: A proof was found: No trace exists. [0.01 s]
INFO (IPF057): 0.0.N: The property "descrambler.u_descrambler_sva.gen_dout_chk[422]._assert_9" was proven in 0.01 s.
0.0.N: Stopped processing property "descrambler.u_descrambler_sva.gen_dout_chk[422]._assert_9"	[0.01 s].
0.0.N: Starting proof for property "descrambler.u_descrambler_sva.gen_dout_chk[423]._assert_9"	[0.00 s].
0.0.B: Stopped processing property "descrambler.u_descrambler_sva.gen_dout_chk[422]._assert_9"	[0.01 s].
0.0.B: Starting proof for property "descrambler.u_descrambler_sva.gen_dout_chk[423]._assert_9"	[0.00 s].
0.0.B: A max_length bound was found. The shortest trace is no longer than 128 cycles. [0.00 s]
INFO (IPF008): 0.0.B: A max_length bound of 128 was found for the property "descrambler.u_descrambler_sva.gen_dout_chk[423]._assert_9" in 0.00 s.
0.0.B: Trace Attempt  1	[0.00 s]
0.0.B: Trace Attempt  2	[0.00 s]
0.0.B: Trace Attempt  3	[0.00 s]
0.0.B: Trace Attempt  4	[0.00 s]
0.0.B: Trace Attempt  5	[0.00 s]
0.0.N: Trace Attempt  1	[0.00 s]
0.0.N: Trace Attempt  2	[0.00 s]
0.0.N: Trace Attempt  2	[0.00 s]
0.0.N: Trace Attempt  3	[0.00 s]
0.0.N: Trace Attempt  3	[0.00 s]
0.0.N: Trace Attempt  4	[0.00 s]
0.0.N: Trace Attempt  5	[0.00 s]
0.0.N: Trace Attempt  1	[0.01 s]
0.0.N: Trace Attempt  2	[0.01 s]
0.0.N: Trace Attempt  3	[0.01 s]
0.0.N: Validation of fixpoint was successful. Time = 0.00
0.0.N: A proof was found: No trace exists. [0.01 s]
INFO (IPF057): 0.0.N: The property "descrambler.u_descrambler_sva.gen_dout_chk[423]._assert_9" was proven in 0.01 s.
0.0.B: Stopped processing property "descrambler.u_descrambler_sva.gen_dout_chk[423]._assert_9"	[0.01 s].
0.0.B: Starting proof for property "descrambler.u_descrambler_sva.gen_dout_chk[424]._assert_9"	[0.00 s].
0.0.N: Stopped processing property "descrambler.u_descrambler_sva.gen_dout_chk[423]._assert_9"	[0.01 s].
0.0.N: Starting proof for property "descrambler.u_descrambler_sva.gen_dout_chk[424]._assert_9"	[0.00 s].
0.0.B: A max_length bound was found. The shortest trace is no longer than 128 cycles. [0.00 s]
INFO (IPF008): 0.0.B: A max_length bound of 128 was found for the property "descrambler.u_descrambler_sva.gen_dout_chk[424]._assert_9" in 0.00 s.
0.0.B: Trace Attempt  1	[0.00 s]
0.0.B: Trace Attempt  2	[0.00 s]
0.0.B: Trace Attempt  3	[0.00 s]
0.0.B: Trace Attempt  4	[0.00 s]
0.0.B: Trace Attempt  5	[0.00 s]
0.0.N: Trace Attempt  1	[0.00 s]
0.0.N: Trace Attempt  2	[0.00 s]
0.0.N: Trace Attempt  2	[0.00 s]
0.0.N: Trace Attempt  3	[0.00 s]
0.0.N: Trace Attempt  3	[0.00 s]
0.0.N: Trace Attempt  4	[0.00 s]
0.0.N: Trace Attempt  5	[0.00 s]
0.0.N: Trace Attempt  1	[0.01 s]
0.0.N: Trace Attempt  2	[0.01 s]
0.0.N: Trace Attempt  3	[0.01 s]
0.0.N: Validation of fixpoint was successful. Time = 0.00
0.0.N: A proof was found: No trace exists. [0.01 s]
INFO (IPF057): 0.0.N: The property "descrambler.u_descrambler_sva.gen_dout_chk[424]._assert_9" was proven in 0.01 s.
0.0.N: Stopped processing property "descrambler.u_descrambler_sva.gen_dout_chk[424]._assert_9"	[0.01 s].
0.0.N: Starting proof for property "descrambler.u_descrambler_sva.gen_dout_chk[425]._assert_9"	[0.00 s].
0.0.B: Stopped processing property "descrambler.u_descrambler_sva.gen_dout_chk[424]._assert_9"	[0.01 s].
0.0.B: Starting proof for property "descrambler.u_descrambler_sva.gen_dout_chk[425]._assert_9"	[0.00 s].
0.0.B: A max_length bound was found. The shortest trace is no longer than 128 cycles. [0.00 s]
INFO (IPF008): 0.0.B: A max_length bound of 128 was found for the property "descrambler.u_descrambler_sva.gen_dout_chk[425]._assert_9" in 0.00 s.
0.0.B: Trace Attempt  1	[0.00 s]
0.0.B: Trace Attempt  2	[0.00 s]
0.0.B: Trace Attempt  3	[0.00 s]
0.0.B: Trace Attempt  4	[0.00 s]
0.0.B: Trace Attempt  5	[0.00 s]
0.0.N: Trace Attempt  1	[0.00 s]
0.0.N: Trace Attempt  2	[0.00 s]
0.0.N: Trace Attempt  2	[0.00 s]
0.0.N: Trace Attempt  3	[0.00 s]
0.0.N: Trace Attempt  3	[0.00 s]
0.0.N: Trace Attempt  4	[0.00 s]
0.0.N: Trace Attempt  5	[0.00 s]
0.0.N: Trace Attempt  1	[0.01 s]
0.0.N: Trace Attempt  2	[0.01 s]
0.0.N: Trace Attempt  3	[0.01 s]
0.0.N: Validation of fixpoint was successful. Time = 0.00
0.0.N: A proof was found: No trace exists. [0.01 s]
INFO (IPF057): 0.0.N: The property "descrambler.u_descrambler_sva.gen_dout_chk[425]._assert_9" was proven in 0.01 s.
0.0.N: Stopped processing property "descrambler.u_descrambler_sva.gen_dout_chk[425]._assert_9"	[0.01 s].
0.0.N: Starting proof for property "descrambler.u_descrambler_sva.gen_dout_chk[426]._assert_9"	[0.00 s].
0.0.B: Stopped processing property "descrambler.u_descrambler_sva.gen_dout_chk[425]._assert_9"	[0.01 s].
0.0.B: Starting proof for property "descrambler.u_descrambler_sva.gen_dout_chk[426]._assert_9"	[0.00 s].
0.0.B: A max_length bound was found. The shortest trace is no longer than 128 cycles. [0.00 s]
INFO (IPF008): 0.0.B: A max_length bound of 128 was found for the property "descrambler.u_descrambler_sva.gen_dout_chk[426]._assert_9" in 0.00 s.
0.0.B: Trace Attempt  1	[0.00 s]
0.0.B: Trace Attempt  2	[0.00 s]
0.0.B: Trace Attempt  3	[0.00 s]
0.0.B: Trace Attempt  4	[0.00 s]
0.0.B: Trace Attempt  5	[0.00 s]
0.0.N: Trace Attempt  1	[0.00 s]
0.0.N: Trace Attempt  2	[0.00 s]
0.0.N: Trace Attempt  2	[0.00 s]
0.0.N: Trace Attempt  3	[0.00 s]
0.0.N: Trace Attempt  3	[0.00 s]
0.0.N: Trace Attempt  4	[0.00 s]
0.0.N: Trace Attempt  5	[0.00 s]
0.0.N: Trace Attempt  1	[0.01 s]
0.0.N: Trace Attempt  2	[0.01 s]
0.0.N: Trace Attempt  3	[0.01 s]
0.0.N: Validation of fixpoint was successful. Time = 0.00
0.0.N: A proof was found: No trace exists. [0.01 s]
INFO (IPF057): 0.0.N: The property "descrambler.u_descrambler_sva.gen_dout_chk[426]._assert_9" was proven in 0.01 s.
0.0.N: Stopped processing property "descrambler.u_descrambler_sva.gen_dout_chk[426]._assert_9"	[0.01 s].
0.0.N: Starting proof for property "descrambler.u_descrambler_sva.gen_dout_chk[427]._assert_9"	[0.00 s].
0.0.B: Stopped processing property "descrambler.u_descrambler_sva.gen_dout_chk[426]._assert_9"	[0.01 s].
0.0.B: Starting proof for property "descrambler.u_descrambler_sva.gen_dout_chk[427]._assert_9"	[0.00 s].
0.0.B: A max_length bound was found. The shortest trace is no longer than 128 cycles. [0.00 s]
INFO (IPF008): 0.0.B: A max_length bound of 128 was found for the property "descrambler.u_descrambler_sva.gen_dout_chk[427]._assert_9" in 0.00 s.
0.0.B: Trace Attempt  1	[0.00 s]
0.0.B: Trace Attempt  2	[0.00 s]
0.0.B: Trace Attempt  3	[0.00 s]
0.0.B: Trace Attempt  4	[0.00 s]
0.0.B: Trace Attempt  5	[0.00 s]
0.0.N: Trace Attempt  1	[0.00 s]
0.0.N: Trace Attempt  2	[0.00 s]
0.0.N: Trace Attempt  2	[0.00 s]
0.0.N: Trace Attempt  3	[0.00 s]
0.0.N: Trace Attempt  3	[0.00 s]
0.0.N: Trace Attempt  4	[0.00 s]
0.0.N: Trace Attempt  5	[0.00 s]
0.0.N: Trace Attempt  1	[0.01 s]
0.0.N: Trace Attempt  2	[0.01 s]
0.0.N: Trace Attempt  3	[0.01 s]
0.0.N: Validation of fixpoint was successful. Time = 0.00
0.0.N: A proof was found: No trace exists. [0.01 s]
INFO (IPF057): 0.0.N: The property "descrambler.u_descrambler_sva.gen_dout_chk[427]._assert_9" was proven in 0.01 s.
0.0.N: Stopped processing property "descrambler.u_descrambler_sva.gen_dout_chk[427]._assert_9"	[0.01 s].
0.0.B: Stopped processing property "descrambler.u_descrambler_sva.gen_dout_chk[427]._assert_9"	[0.01 s].
0.0.B: Starting proof for property "descrambler.u_descrambler_sva.gen_dout_chk[428]._assert_9"	[0.00 s].
0.0.N: Starting proof for property "descrambler.u_descrambler_sva.gen_dout_chk[428]._assert_9"	[0.00 s].
0.0.B: A max_length bound was found. The shortest trace is no longer than 128 cycles. [0.00 s]
INFO (IPF008): 0.0.B: A max_length bound of 128 was found for the property "descrambler.u_descrambler_sva.gen_dout_chk[428]._assert_9" in 0.00 s.
0.0.B: Trace Attempt  1	[0.00 s]
0.0.B: Trace Attempt  2	[0.00 s]
0.0.B: Trace Attempt  3	[0.00 s]
0.0.B: Trace Attempt  4	[0.00 s]
0.0.B: Trace Attempt  5	[0.00 s]
0.0.N: Trace Attempt  1	[0.00 s]
0.0.N: Trace Attempt  2	[0.00 s]
0.0.N: Trace Attempt  2	[0.00 s]
0.0.N: Trace Attempt  3	[0.00 s]
0.0.N: Trace Attempt  3	[0.00 s]
0.0.N: Trace Attempt  4	[0.00 s]
0.0.N: Trace Attempt  5	[0.00 s]
0.0.N: Trace Attempt  1	[0.01 s]
0.0.N: Trace Attempt  2	[0.01 s]
0.0.N: Trace Attempt  3	[0.01 s]
0.0.N: Validation of fixpoint was successful. Time = 0.00
0.0.N: A proof was found: No trace exists. [0.01 s]
INFO (IPF057): 0.0.N: The property "descrambler.u_descrambler_sva.gen_dout_chk[428]._assert_9" was proven in 0.01 s.
0.0.N: Stopped processing property "descrambler.u_descrambler_sva.gen_dout_chk[428]._assert_9"	[0.01 s].
0.0.N: Starting proof for property "descrambler.u_descrambler_sva.gen_dout_chk[429]._assert_9"	[0.00 s].
0.0.B: Stopped processing property "descrambler.u_descrambler_sva.gen_dout_chk[428]._assert_9"	[0.01 s].
0.0.B: Starting proof for property "descrambler.u_descrambler_sva.gen_dout_chk[429]._assert_9"	[0.00 s].
0.0.B: A max_length bound was found. The shortest trace is no longer than 128 cycles. [0.00 s]
INFO (IPF008): 0.0.B: A max_length bound of 128 was found for the property "descrambler.u_descrambler_sva.gen_dout_chk[429]._assert_9" in 0.00 s.
0.0.B: Trace Attempt  1	[0.00 s]
0.0.B: Trace Attempt  2	[0.00 s]
0.0.B: Trace Attempt  3	[0.00 s]
0.0.B: Trace Attempt  4	[0.00 s]
0.0.B: Trace Attempt  5	[0.00 s]
0.0.N: Trace Attempt  1	[0.00 s]
0.0.N: Trace Attempt  2	[0.00 s]
0.0.N: Trace Attempt  2	[0.00 s]
0.0.N: Trace Attempt  3	[0.00 s]
0.0.N: Trace Attempt  3	[0.00 s]
0.0.N: Trace Attempt  4	[0.00 s]
0.0.N: Trace Attempt  5	[0.00 s]
0.0.N: Trace Attempt  1	[0.01 s]
0.0.N: Trace Attempt  2	[0.01 s]
0.0.N: Trace Attempt  3	[0.01 s]
0.0.N: Validation of fixpoint was successful. Time = 0.00
0.0.N: A proof was found: No trace exists. [0.01 s]
INFO (IPF057): 0.0.N: The property "descrambler.u_descrambler_sva.gen_dout_chk[429]._assert_9" was proven in 0.01 s.
0.0.N: Stopped processing property "descrambler.u_descrambler_sva.gen_dout_chk[429]._assert_9"	[0.01 s].
0.0.N: Starting proof for property "descrambler.u_descrambler_sva.gen_dout_chk[430]._assert_9"	[0.00 s].
0.0.B: Stopped processing property "descrambler.u_descrambler_sva.gen_dout_chk[429]._assert_9"	[0.01 s].
0.0.B: Starting proof for property "descrambler.u_descrambler_sva.gen_dout_chk[430]._assert_9"	[0.00 s].
0.0.B: A max_length bound was found. The shortest trace is no longer than 128 cycles. [0.00 s]
INFO (IPF008): 0.0.B: A max_length bound of 128 was found for the property "descrambler.u_descrambler_sva.gen_dout_chk[430]._assert_9" in 0.00 s.
0.0.B: Trace Attempt  1	[0.00 s]
0.0.B: Trace Attempt  2	[0.00 s]
0.0.B: Trace Attempt  3	[0.00 s]
0.0.B: Trace Attempt  4	[0.00 s]
0.0.B: Trace Attempt  5	[0.00 s]
0.0.N: Trace Attempt  1	[0.00 s]
0.0.N: Trace Attempt  2	[0.00 s]
0.0.N: Trace Attempt  2	[0.00 s]
0.0.N: Trace Attempt  3	[0.00 s]
0.0.N: Trace Attempt  3	[0.00 s]
0.0.N: Trace Attempt  4	[0.00 s]
0.0.N: Trace Attempt  5	[0.00 s]
0.0.N: Trace Attempt  1	[0.01 s]
0.0.N: Trace Attempt  2	[0.01 s]
0.0.N: Trace Attempt  3	[0.01 s]
0.0.N: Validation of fixpoint was successful. Time = 0.00
0.0.N: A proof was found: No trace exists. [0.01 s]
INFO (IPF057): 0.0.N: The property "descrambler.u_descrambler_sva.gen_dout_chk[430]._assert_9" was proven in 0.01 s.
0.0.N: Stopped processing property "descrambler.u_descrambler_sva.gen_dout_chk[430]._assert_9"	[0.01 s].
0.0.N: Starting proof for property "descrambler.u_descrambler_sva.gen_dout_chk[431]._assert_9"	[0.00 s].
0.0.B: Stopped processing property "descrambler.u_descrambler_sva.gen_dout_chk[430]._assert_9"	[0.01 s].
0.0.B: Starting proof for property "descrambler.u_descrambler_sva.gen_dout_chk[431]._assert_9"	[0.00 s].
0.0.B: A max_length bound was found. The shortest trace is no longer than 128 cycles. [0.00 s]
INFO (IPF008): 0.0.B: A max_length bound of 128 was found for the property "descrambler.u_descrambler_sva.gen_dout_chk[431]._assert_9" in 0.00 s.
0.0.B: Trace Attempt  1	[0.00 s]
0.0.B: Trace Attempt  2	[0.00 s]
0.0.B: Trace Attempt  3	[0.00 s]
0.0.N: Trace Attempt  1	[0.00 s]
0.0.B: Trace Attempt  4	[0.00 s]
0.0.B: Trace Attempt  5	[0.00 s]
0.0.N: Trace Attempt  2	[0.00 s]
0.0.N: Trace Attempt  2	[0.00 s]
0.0.N: Trace Attempt  3	[0.00 s]
0.0.N: Trace Attempt  3	[0.00 s]
0.0.N: Trace Attempt  4	[0.00 s]
0.0.N: Trace Attempt  5	[0.00 s]
0.0.N: Trace Attempt  1	[0.01 s]
0.0.N: Trace Attempt  2	[0.01 s]
0.0.N: Trace Attempt  3	[0.01 s]
0.0.N: Validation of fixpoint was successful. Time = 0.00
0.0.N: A proof was found: No trace exists. [0.01 s]
INFO (IPF057): 0.0.N: The property "descrambler.u_descrambler_sva.gen_dout_chk[431]._assert_9" was proven in 0.01 s.
0.0.N: Stopped processing property "descrambler.u_descrambler_sva.gen_dout_chk[431]._assert_9"	[0.01 s].
0.0.N: Starting proof for property "descrambler.u_descrambler_sva.gen_dout_chk[432]._assert_9"	[0.00 s].
0.0.B: Stopped processing property "descrambler.u_descrambler_sva.gen_dout_chk[431]._assert_9"	[0.01 s].
0.0.B: Starting proof for property "descrambler.u_descrambler_sva.gen_dout_chk[432]._assert_9"	[0.00 s].
0.0.B: A max_length bound was found. The shortest trace is no longer than 128 cycles. [0.00 s]
INFO (IPF008): 0.0.B: A max_length bound of 128 was found for the property "descrambler.u_descrambler_sva.gen_dout_chk[432]._assert_9" in 0.00 s.
0.0.B: Trace Attempt  1	[0.00 s]
0.0.B: Trace Attempt  2	[0.00 s]
0.0.B: Trace Attempt  3	[0.00 s]
0.0.B: Trace Attempt  4	[0.00 s]
0.0.B: Trace Attempt  5	[0.00 s]
0.0.N: Trace Attempt  1	[0.00 s]
0.0.N: Trace Attempt  2	[0.00 s]
0.0.N: Trace Attempt  2	[0.00 s]
0.0.N: Trace Attempt  3	[0.00 s]
0.0.N: Trace Attempt  3	[0.00 s]
0.0.N: Trace Attempt  4	[0.00 s]
0.0.N: Trace Attempt  5	[0.00 s]
0.0.N: Trace Attempt  1	[0.01 s]
0.0.N: Trace Attempt  2	[0.01 s]
0.0.N: Trace Attempt  3	[0.01 s]
0.0.N: Validation of fixpoint was successful. Time = 0.00
0.0.N: A proof was found: No trace exists. [0.01 s]
INFO (IPF057): 0.0.N: The property "descrambler.u_descrambler_sva.gen_dout_chk[432]._assert_9" was proven in 0.01 s.
0.0.N: Stopped processing property "descrambler.u_descrambler_sva.gen_dout_chk[432]._assert_9"	[0.01 s].
0.0.N: Starting proof for property "descrambler.u_descrambler_sva.gen_dout_chk[433]._assert_9"	[0.00 s].
0.0.B: Stopped processing property "descrambler.u_descrambler_sva.gen_dout_chk[432]._assert_9"	[0.01 s].
0.0.B: Starting proof for property "descrambler.u_descrambler_sva.gen_dout_chk[433]._assert_9"	[0.00 s].
0.0.B: A max_length bound was found. The shortest trace is no longer than 128 cycles. [0.00 s]
INFO (IPF008): 0.0.B: A max_length bound of 128 was found for the property "descrambler.u_descrambler_sva.gen_dout_chk[433]._assert_9" in 0.00 s.
0.0.B: Trace Attempt  1	[0.00 s]
0.0.B: Trace Attempt  2	[0.00 s]
0.0.B: Trace Attempt  3	[0.00 s]
0.0.B: Trace Attempt  4	[0.00 s]
0.0.B: Trace Attempt  5	[0.00 s]
0.0.N: Trace Attempt  1	[0.00 s]
0.0.N: Trace Attempt  2	[0.00 s]
0.0.N: Trace Attempt  2	[0.00 s]
0.0.N: Trace Attempt  3	[0.00 s]
0.0.N: Trace Attempt  3	[0.00 s]
0.0.N: Trace Attempt  4	[0.00 s]
0.0.N: Trace Attempt  5	[0.00 s]
0.0.N: Trace Attempt  1	[0.01 s]
0.0.N: Trace Attempt  2	[0.01 s]
0.0.N: Trace Attempt  3	[0.01 s]
0.0.N: Validation of fixpoint was successful. Time = 0.00
0.0.N: A proof was found: No trace exists. [0.01 s]
INFO (IPF057): 0.0.N: The property "descrambler.u_descrambler_sva.gen_dout_chk[433]._assert_9" was proven in 0.01 s.
0.0.N: Stopped processing property "descrambler.u_descrambler_sva.gen_dout_chk[433]._assert_9"	[0.01 s].
0.0.N: Starting proof for property "descrambler.u_descrambler_sva.gen_dout_chk[434]._assert_9"	[0.00 s].
0.0.B: Stopped processing property "descrambler.u_descrambler_sva.gen_dout_chk[433]._assert_9"	[0.01 s].
0.0.B: Starting proof for property "descrambler.u_descrambler_sva.gen_dout_chk[434]._assert_9"	[0.00 s].
0.0.B: A max_length bound was found. The shortest trace is no longer than 128 cycles. [0.00 s]
INFO (IPF008): 0.0.B: A max_length bound of 128 was found for the property "descrambler.u_descrambler_sva.gen_dout_chk[434]._assert_9" in 0.00 s.
0.0.B: Trace Attempt  1	[0.00 s]
0.0.B: Trace Attempt  2	[0.00 s]
0.0.B: Trace Attempt  3	[0.00 s]
0.0.B: Trace Attempt  4	[0.00 s]
0.0.B: Trace Attempt  5	[0.00 s]
0.0.N: Trace Attempt  1	[0.00 s]
0.0.N: Trace Attempt  2	[0.00 s]
0.0.N: Trace Attempt  2	[0.00 s]
0.0.N: Trace Attempt  3	[0.00 s]
0.0.N: Trace Attempt  3	[0.00 s]
0.0.N: Trace Attempt  4	[0.00 s]
0.0.N: Trace Attempt  5	[0.00 s]
0.0.N: Trace Attempt  1	[0.01 s]
0.0.N: Trace Attempt  2	[0.01 s]
0.0.N: Trace Attempt  3	[0.01 s]
0.0.N: Validation of fixpoint was successful. Time = 0.00
0.0.N: A proof was found: No trace exists. [0.01 s]
INFO (IPF057): 0.0.N: The property "descrambler.u_descrambler_sva.gen_dout_chk[434]._assert_9" was proven in 0.01 s.
0.0.B: Stopped processing property "descrambler.u_descrambler_sva.gen_dout_chk[434]._assert_9"	[0.01 s].
0.0.B: Starting proof for property "descrambler.u_descrambler_sva.gen_dout_chk[435]._assert_9"	[0.00 s].
0.0.N: Stopped processing property "descrambler.u_descrambler_sva.gen_dout_chk[434]._assert_9"	[0.01 s].
0.0.N: Starting proof for property "descrambler.u_descrambler_sva.gen_dout_chk[435]._assert_9"	[0.00 s].
0.0.B: A max_length bound was found. The shortest trace is no longer than 128 cycles. [0.00 s]
INFO (IPF008): 0.0.B: A max_length bound of 128 was found for the property "descrambler.u_descrambler_sva.gen_dout_chk[435]._assert_9" in 0.00 s.
0.0.B: Trace Attempt  1	[0.00 s]
0.0.B: Trace Attempt  2	[0.00 s]
0.0.B: Trace Attempt  3	[0.00 s]
0.0.B: Trace Attempt  4	[0.00 s]
0.0.B: Trace Attempt  5	[0.00 s]
0.0.N: Trace Attempt  1	[0.00 s]
0.0.N: Trace Attempt  2	[0.00 s]
0.0.N: Trace Attempt  2	[0.00 s]
0.0.N: Trace Attempt  3	[0.00 s]
0.0.N: Trace Attempt  3	[0.00 s]
0.0.N: Trace Attempt  4	[0.00 s]
0.0.N: Trace Attempt  5	[0.01 s]
0.0.N: Trace Attempt  1	[0.01 s]
0.0.N: Trace Attempt  2	[0.01 s]
0.0.N: Trace Attempt  3	[0.01 s]
0.0.N: Validation of fixpoint was successful. Time = 0.00
0.0.N: A proof was found: No trace exists. [0.01 s]
INFO (IPF057): 0.0.N: The property "descrambler.u_descrambler_sva.gen_dout_chk[435]._assert_9" was proven in 0.01 s.
0.0.N: Stopped processing property "descrambler.u_descrambler_sva.gen_dout_chk[435]._assert_9"	[0.01 s].
0.0.N: Starting proof for property "descrambler.u_descrambler_sva.gen_dout_chk[436]._assert_9"	[0.00 s].
0.0.B: Stopped processing property "descrambler.u_descrambler_sva.gen_dout_chk[435]._assert_9"	[0.01 s].
0.0.B: Starting proof for property "descrambler.u_descrambler_sva.gen_dout_chk[436]._assert_9"	[0.00 s].
0.0.B: A max_length bound was found. The shortest trace is no longer than 128 cycles. [0.00 s]
INFO (IPF008): 0.0.B: A max_length bound of 128 was found for the property "descrambler.u_descrambler_sva.gen_dout_chk[436]._assert_9" in 0.00 s.
0.0.B: Trace Attempt  1	[0.00 s]
0.0.B: Trace Attempt  2	[0.00 s]
0.0.B: Trace Attempt  3	[0.00 s]
0.0.B: Trace Attempt  4	[0.00 s]
0.0.B: Trace Attempt  5	[0.00 s]
0.0.N: Trace Attempt  1	[0.00 s]
0.0.N: Trace Attempt  2	[0.00 s]
0.0.N: Trace Attempt  2	[0.00 s]
0.0.N: Trace Attempt  3	[0.00 s]
0.0.N: Trace Attempt  3	[0.00 s]
0.0.N: Trace Attempt  4	[0.00 s]
0.0.N: Trace Attempt  5	[0.00 s]
0.0.N: Trace Attempt  1	[0.01 s]
0.0.N: Trace Attempt  2	[0.01 s]
0.0.N: Trace Attempt  3	[0.01 s]
0.0.N: Validation of fixpoint was successful. Time = 0.00
0.0.N: A proof was found: No trace exists. [0.01 s]
INFO (IPF057): 0.0.N: The property "descrambler.u_descrambler_sva.gen_dout_chk[436]._assert_9" was proven in 0.01 s.
0.0.N: Stopped processing property "descrambler.u_descrambler_sva.gen_dout_chk[436]._assert_9"	[0.01 s].
0.0.N: Starting proof for property "descrambler.u_descrambler_sva.gen_dout_chk[437]._assert_9"	[0.00 s].
0.0.B: Stopped processing property "descrambler.u_descrambler_sva.gen_dout_chk[436]._assert_9"	[0.01 s].
0.0.B: Starting proof for property "descrambler.u_descrambler_sva.gen_dout_chk[437]._assert_9"	[0.00 s].
0.0.B: A max_length bound was found. The shortest trace is no longer than 128 cycles. [0.00 s]
INFO (IPF008): 0.0.B: A max_length bound of 128 was found for the property "descrambler.u_descrambler_sva.gen_dout_chk[437]._assert_9" in 0.00 s.
0.0.B: Trace Attempt  1	[0.00 s]
0.0.B: Trace Attempt  2	[0.00 s]
0.0.B: Trace Attempt  3	[0.00 s]
0.0.B: Trace Attempt  4	[0.00 s]
0.0.B: Trace Attempt  5	[0.00 s]
0.0.N: Trace Attempt  1	[0.00 s]
0.0.N: Trace Attempt  2	[0.00 s]
0.0.N: Trace Attempt  2	[0.00 s]
0.0.N: Trace Attempt  3	[0.00 s]
0.0.N: Trace Attempt  3	[0.00 s]
0.0.N: Trace Attempt  4	[0.00 s]
0.0.N: Trace Attempt  5	[0.00 s]
0.0.N: Trace Attempt  1	[0.01 s]
0.0.N: Trace Attempt  2	[0.01 s]
0.0.N: Trace Attempt  3	[0.01 s]
0.0.N: Validation of fixpoint was successful. Time = 0.00
0.0.N: A proof was found: No trace exists. [0.01 s]
INFO (IPF057): 0.0.N: The property "descrambler.u_descrambler_sva.gen_dout_chk[437]._assert_9" was proven in 0.01 s.
0.0.N: Stopped processing property "descrambler.u_descrambler_sva.gen_dout_chk[437]._assert_9"	[0.01 s].
0.0.N: Starting proof for property "descrambler.u_descrambler_sva.gen_dout_chk[438]._assert_9"	[0.00 s].
0.0.B: Stopped processing property "descrambler.u_descrambler_sva.gen_dout_chk[437]._assert_9"	[0.01 s].
0.0.B: Starting proof for property "descrambler.u_descrambler_sva.gen_dout_chk[438]._assert_9"	[0.00 s].
0.0.B: A max_length bound was found. The shortest trace is no longer than 128 cycles. [0.00 s]
INFO (IPF008): 0.0.B: A max_length bound of 128 was found for the property "descrambler.u_descrambler_sva.gen_dout_chk[438]._assert_9" in 0.00 s.
0.0.B: Trace Attempt  1	[0.00 s]
0.0.B: Trace Attempt  2	[0.00 s]
0.0.B: Trace Attempt  3	[0.00 s]
0.0.B: Trace Attempt  4	[0.00 s]
0.0.B: Trace Attempt  5	[0.00 s]
0.0.N: Trace Attempt  1	[0.00 s]
0.0.N: Trace Attempt  2	[0.00 s]
0.0.N: Trace Attempt  2	[0.00 s]
0.0.N: Trace Attempt  3	[0.00 s]
0.0.N: Trace Attempt  3	[0.00 s]
0.0.N: Trace Attempt  4	[0.00 s]
0.0.N: Trace Attempt  5	[0.00 s]
0.0.N: Trace Attempt  1	[0.01 s]
0.0.N: Trace Attempt  2	[0.01 s]
0.0.N: Trace Attempt  3	[0.01 s]
0.0.N: Validation of fixpoint was successful. Time = 0.00
0.0.N: A proof was found: No trace exists. [0.01 s]
INFO (IPF057): 0.0.N: The property "descrambler.u_descrambler_sva.gen_dout_chk[438]._assert_9" was proven in 0.01 s.
0.0.N: Stopped processing property "descrambler.u_descrambler_sva.gen_dout_chk[438]._assert_9"	[0.01 s].
0.0.N: Starting proof for property "descrambler.u_descrambler_sva.gen_dout_chk[439]._assert_9"	[0.00 s].
0.0.B: Stopped processing property "descrambler.u_descrambler_sva.gen_dout_chk[438]._assert_9"	[0.01 s].
0.0.B: Starting proof for property "descrambler.u_descrambler_sva.gen_dout_chk[439]._assert_9"	[0.00 s].
0.0.B: A max_length bound was found. The shortest trace is no longer than 128 cycles. [0.00 s]
INFO (IPF008): 0.0.B: A max_length bound of 128 was found for the property "descrambler.u_descrambler_sva.gen_dout_chk[439]._assert_9" in 0.00 s.
0.0.B: Trace Attempt  1	[0.00 s]
0.0.B: Trace Attempt  2	[0.00 s]
0.0.B: Trace Attempt  3	[0.00 s]
0.0.B: Trace Attempt  4	[0.00 s]
0.0.B: Trace Attempt  5	[0.00 s]
0.0.N: Trace Attempt  1	[0.00 s]
0.0.N: Trace Attempt  2	[0.00 s]
0.0.N: Trace Attempt  2	[0.00 s]
0.0.N: Trace Attempt  3	[0.00 s]
0.0.N: Trace Attempt  3	[0.00 s]
0.0.N: Trace Attempt  4	[0.00 s]
0.0.N: Trace Attempt  5	[0.00 s]
0.0.N: Trace Attempt  1	[0.01 s]
0.0.N: Trace Attempt  2	[0.01 s]
0.0.N: Trace Attempt  3	[0.01 s]
0.0.N: Validation of fixpoint was successful. Time = 0.00
0.0.N: A proof was found: No trace exists. [0.01 s]
INFO (IPF057): 0.0.N: The property "descrambler.u_descrambler_sva.gen_dout_chk[439]._assert_9" was proven in 0.01 s.
0.0.B: Stopped processing property "descrambler.u_descrambler_sva.gen_dout_chk[439]._assert_9"	[0.01 s].
0.0.B: Starting proof for property "descrambler.u_descrambler_sva.gen_dout_chk[440]._assert_9"	[0.00 s].
0.0.N: Stopped processing property "descrambler.u_descrambler_sva.gen_dout_chk[439]._assert_9"	[0.01 s].
0.0.N: Starting proof for property "descrambler.u_descrambler_sva.gen_dout_chk[440]._assert_9"	[0.00 s].
0.0.B: A max_length bound was found. The shortest trace is no longer than 128 cycles. [0.00 s]
INFO (IPF008): 0.0.B: A max_length bound of 128 was found for the property "descrambler.u_descrambler_sva.gen_dout_chk[440]._assert_9" in 0.00 s.
0.0.B: Trace Attempt  1	[0.00 s]
0.0.B: Trace Attempt  2	[0.00 s]
0.0.B: Trace Attempt  3	[0.00 s]
0.0.B: Trace Attempt  4	[0.00 s]
0.0.B: Trace Attempt  5	[0.00 s]
0.0.N: Trace Attempt  1	[0.00 s]
0.0.N: Trace Attempt  2	[0.00 s]
0.0.N: Trace Attempt  2	[0.00 s]
0.0.N: Trace Attempt  3	[0.00 s]
0.0.N: Trace Attempt  3	[0.00 s]
0.0.N: Trace Attempt  4	[0.00 s]
0.0.N: Trace Attempt  5	[0.00 s]
0.0.N: Trace Attempt  1	[0.01 s]
0.0.N: Trace Attempt  2	[0.01 s]
0.0.N: Trace Attempt  3	[0.01 s]
0.0.N: Validation of fixpoint was successful. Time = 0.00
0.0.N: A proof was found: No trace exists. [0.01 s]
INFO (IPF057): 0.0.N: The property "descrambler.u_descrambler_sva.gen_dout_chk[440]._assert_9" was proven in 0.01 s.
0.0.N: Stopped processing property "descrambler.u_descrambler_sva.gen_dout_chk[440]._assert_9"	[0.01 s].
0.0.N: Starting proof for property "descrambler.u_descrambler_sva.gen_dout_chk[441]._assert_9"	[0.00 s].
0.0.B: Stopped processing property "descrambler.u_descrambler_sva.gen_dout_chk[440]._assert_9"	[0.01 s].
0.0.B: Starting proof for property "descrambler.u_descrambler_sva.gen_dout_chk[441]._assert_9"	[0.00 s].
0.0.B: A max_length bound was found. The shortest trace is no longer than 128 cycles. [0.00 s]
INFO (IPF008): 0.0.B: A max_length bound of 128 was found for the property "descrambler.u_descrambler_sva.gen_dout_chk[441]._assert_9" in 0.00 s.
0.0.B: Trace Attempt  1	[0.00 s]
0.0.B: Trace Attempt  2	[0.00 s]
0.0.B: Trace Attempt  3	[0.00 s]
0.0.B: Trace Attempt  4	[0.00 s]
0.0.B: Trace Attempt  5	[0.00 s]
0.0.N: Trace Attempt  1	[0.00 s]
0.0.N: Trace Attempt  2	[0.00 s]
0.0.N: Trace Attempt  2	[0.00 s]
0.0.N: Trace Attempt  3	[0.00 s]
0.0.N: Trace Attempt  3	[0.00 s]
0.0.N: Trace Attempt  4	[0.00 s]
0.0.N: Trace Attempt  5	[0.00 s]
0.0.N: Trace Attempt  1	[0.01 s]
0.0.N: Trace Attempt  2	[0.01 s]
0.0.N: Trace Attempt  3	[0.01 s]
0.0.N: Validation of fixpoint was successful. Time = 0.00
0.0.N: A proof was found: No trace exists. [0.01 s]
INFO (IPF057): 0.0.N: The property "descrambler.u_descrambler_sva.gen_dout_chk[441]._assert_9" was proven in 0.01 s.
0.0.B: Stopped processing property "descrambler.u_descrambler_sva.gen_dout_chk[441]._assert_9"	[0.01 s].
0.0.N: Stopped processing property "descrambler.u_descrambler_sva.gen_dout_chk[441]._assert_9"	[0.01 s].
0.0.N: Starting proof for property "descrambler.u_descrambler_sva.gen_dout_chk[442]._assert_9"	[0.00 s].
0.0.B: Starting proof for property "descrambler.u_descrambler_sva.gen_dout_chk[442]._assert_9"	[0.00 s].
0.0.B: A max_length bound was found. The shortest trace is no longer than 128 cycles. [0.00 s]
INFO (IPF008): 0.0.B: A max_length bound of 128 was found for the property "descrambler.u_descrambler_sva.gen_dout_chk[442]._assert_9" in 0.00 s.
0.0.B: Trace Attempt  1	[0.00 s]
0.0.B: Trace Attempt  2	[0.00 s]
0.0.B: Trace Attempt  3	[0.00 s]
0.0.B: Trace Attempt  4	[0.00 s]
0.0.B: Trace Attempt  5	[0.00 s]
0.0.N: Trace Attempt  1	[0.00 s]
0.0.N: Trace Attempt  2	[0.00 s]
0.0.N: Trace Attempt  2	[0.00 s]
0.0.N: Trace Attempt  3	[0.00 s]
0.0.N: Trace Attempt  3	[0.00 s]
0.0.N: Trace Attempt  4	[0.00 s]
0.0.N: Trace Attempt  5	[0.00 s]
0.0.N: Trace Attempt  1	[0.01 s]
0.0.N: Trace Attempt  2	[0.01 s]
0.0.N: Trace Attempt  3	[0.01 s]
0.0.N: Validation of fixpoint was successful. Time = 0.00
0.0.N: A proof was found: No trace exists. [0.01 s]
INFO (IPF057): 0.0.N: The property "descrambler.u_descrambler_sva.gen_dout_chk[442]._assert_9" was proven in 0.01 s.
0.0.N: Stopped processing property "descrambler.u_descrambler_sva.gen_dout_chk[442]._assert_9"	[0.01 s].
0.0.N: Starting proof for property "descrambler.u_descrambler_sva.gen_dout_chk[443]._assert_9"	[0.00 s].
0.0.B: Stopped processing property "descrambler.u_descrambler_sva.gen_dout_chk[442]._assert_9"	[0.01 s].
0.0.B: Starting proof for property "descrambler.u_descrambler_sva.gen_dout_chk[443]._assert_9"	[0.00 s].
0.0.B: A max_length bound was found. The shortest trace is no longer than 128 cycles. [0.00 s]
INFO (IPF008): 0.0.B: A max_length bound of 128 was found for the property "descrambler.u_descrambler_sva.gen_dout_chk[443]._assert_9" in 0.00 s.
0.0.B: Trace Attempt  1	[0.00 s]
0.0.B: Trace Attempt  2	[0.00 s]
0.0.B: Trace Attempt  3	[0.00 s]
0.0.B: Trace Attempt  4	[0.00 s]
0.0.N: Trace Attempt  1	[0.00 s]
0.0.B: Trace Attempt  5	[0.00 s]
0.0.N: Trace Attempt  2	[0.00 s]
0.0.N: Trace Attempt  2	[0.00 s]
0.0.N: Trace Attempt  3	[0.00 s]
0.0.N: Trace Attempt  3	[0.00 s]
0.0.N: Trace Attempt  4	[0.00 s]
0.0.N: Trace Attempt  5	[0.00 s]
0.0.N: Trace Attempt  1	[0.01 s]
0.0.N: Trace Attempt  2	[0.01 s]
0.0.N: Trace Attempt  3	[0.01 s]
0.0.N: Validation of fixpoint was successful. Time = 0.00
0.0.N: A proof was found: No trace exists. [0.01 s]
INFO (IPF057): 0.0.N: The property "descrambler.u_descrambler_sva.gen_dout_chk[443]._assert_9" was proven in 0.01 s.
0.0.N: Stopped processing property "descrambler.u_descrambler_sva.gen_dout_chk[443]._assert_9"	[0.01 s].
0.0.N: Starting proof for property "descrambler.u_descrambler_sva.gen_dout_chk[444]._assert_9"	[0.00 s].
0.0.B: Stopped processing property "descrambler.u_descrambler_sva.gen_dout_chk[443]._assert_9"	[0.01 s].
0.0.B: Starting proof for property "descrambler.u_descrambler_sva.gen_dout_chk[444]._assert_9"	[0.00 s].
0.0.B: A max_length bound was found. The shortest trace is no longer than 128 cycles. [0.00 s]
INFO (IPF008): 0.0.B: A max_length bound of 128 was found for the property "descrambler.u_descrambler_sva.gen_dout_chk[444]._assert_9" in 0.00 s.
0.0.B: Trace Attempt  1	[0.00 s]
0.0.B: Trace Attempt  2	[0.00 s]
0.0.B: Trace Attempt  3	[0.00 s]
0.0.B: Trace Attempt  4	[0.00 s]
0.0.B: Trace Attempt  5	[0.00 s]
0.0.N: Trace Attempt  1	[0.00 s]
0.0.N: Trace Attempt  2	[0.00 s]
0.0.N: Trace Attempt  2	[0.00 s]
0.0.N: Trace Attempt  3	[0.00 s]
0.0.N: Trace Attempt  3	[0.00 s]
0.0.N: Trace Attempt  4	[0.00 s]
0.0.N: Trace Attempt  5	[0.00 s]
0.0.N: Trace Attempt  1	[0.01 s]
0.0.N: Trace Attempt  2	[0.01 s]
0.0.N: Trace Attempt  3	[0.01 s]
0.0.N: Validation of fixpoint was successful. Time = 0.00
0.0.N: A proof was found: No trace exists. [0.01 s]
INFO (IPF057): 0.0.N: The property "descrambler.u_descrambler_sva.gen_dout_chk[444]._assert_9" was proven in 0.01 s.
0.0.B: Stopped processing property "descrambler.u_descrambler_sva.gen_dout_chk[444]._assert_9"	[0.01 s].
0.0.B: Starting proof for property "descrambler.u_descrambler_sva.gen_dout_chk[445]._assert_9"	[0.00 s].
0.0.N: Stopped processing property "descrambler.u_descrambler_sva.gen_dout_chk[444]._assert_9"	[0.01 s].
0.0.N: Starting proof for property "descrambler.u_descrambler_sva.gen_dout_chk[445]._assert_9"	[0.00 s].
0.0.B: A max_length bound was found. The shortest trace is no longer than 128 cycles. [0.00 s]
INFO (IPF008): 0.0.B: A max_length bound of 128 was found for the property "descrambler.u_descrambler_sva.gen_dout_chk[445]._assert_9" in 0.00 s.
0.0.B: Trace Attempt  1	[0.00 s]
0.0.B: Trace Attempt  2	[0.00 s]
0.0.B: Trace Attempt  3	[0.00 s]
0.0.B: Trace Attempt  4	[0.00 s]
0.0.B: Trace Attempt  5	[0.00 s]
0.0.N: Trace Attempt  1	[0.00 s]
0.0.N: Trace Attempt  2	[0.00 s]
0.0.N: Trace Attempt  2	[0.00 s]
0.0.N: Trace Attempt  3	[0.00 s]
0.0.N: Trace Attempt  3	[0.00 s]
0.0.N: Trace Attempt  4	[0.00 s]
0.0.N: Trace Attempt  5	[0.00 s]
0.0.N: Trace Attempt  1	[0.01 s]
0.0.N: Trace Attempt  2	[0.01 s]
0.0.N: Trace Attempt  3	[0.01 s]
0.0.N: Validation of fixpoint was successful. Time = 0.00
0.0.N: A proof was found: No trace exists. [0.01 s]
INFO (IPF057): 0.0.N: The property "descrambler.u_descrambler_sva.gen_dout_chk[445]._assert_9" was proven in 0.01 s.
0.0.B: Stopped processing property "descrambler.u_descrambler_sva.gen_dout_chk[445]._assert_9"	[0.01 s].
0.0.B: Starting proof for property "descrambler.u_descrambler_sva.gen_dout_chk[446]._assert_9"	[0.00 s].
0.0.N: Stopped processing property "descrambler.u_descrambler_sva.gen_dout_chk[445]._assert_9"	[0.01 s].
0.0.N: Starting proof for property "descrambler.u_descrambler_sva.gen_dout_chk[446]._assert_9"	[0.00 s].
0.0.B: A max_length bound was found. The shortest trace is no longer than 128 cycles. [0.00 s]
INFO (IPF008): 0.0.B: A max_length bound of 128 was found for the property "descrambler.u_descrambler_sva.gen_dout_chk[446]._assert_9" in 0.00 s.
0.0.B: Trace Attempt  1	[0.00 s]
0.0.B: Trace Attempt  2	[0.00 s]
0.0.B: Trace Attempt  3	[0.00 s]
0.0.B: Trace Attempt  4	[0.00 s]
0.0.B: Trace Attempt  5	[0.00 s]
0.0.N: Trace Attempt  1	[0.00 s]
0.0.N: Trace Attempt  2	[0.00 s]
0.0.N: Trace Attempt  2	[0.00 s]
0.0.N: Trace Attempt  3	[0.00 s]
0.0.N: Trace Attempt  3	[0.00 s]
0.0.N: Trace Attempt  4	[0.01 s]
0.0.N: Trace Attempt  5	[0.01 s]
0.0.N: Trace Attempt  1	[0.01 s]
0.0.N: Trace Attempt  2	[0.01 s]
0.0.N: Trace Attempt  3	[0.01 s]
0.0.N: Validation of fixpoint was successful. Time = 0.00
0.0.N: A proof was found: No trace exists. [0.01 s]
INFO (IPF057): 0.0.N: The property "descrambler.u_descrambler_sva.gen_dout_chk[446]._assert_9" was proven in 0.01 s.
0.0.B: Stopped processing property "descrambler.u_descrambler_sva.gen_dout_chk[446]._assert_9"	[0.01 s].
0.0.B: Starting proof for property "descrambler.u_descrambler_sva.gen_dout_chk[447]._assert_9"	[0.00 s].
0.0.N: Stopped processing property "descrambler.u_descrambler_sva.gen_dout_chk[446]._assert_9"	[0.01 s].
0.0.N: Starting proof for property "descrambler.u_descrambler_sva.gen_dout_chk[447]._assert_9"	[0.00 s].
0.0.B: A max_length bound was found. The shortest trace is no longer than 128 cycles. [0.00 s]
INFO (IPF008): 0.0.B: A max_length bound of 128 was found for the property "descrambler.u_descrambler_sva.gen_dout_chk[447]._assert_9" in 0.00 s.
0.0.B: Trace Attempt  1	[0.00 s]
0.0.B: Trace Attempt  2	[0.00 s]
0.0.B: Trace Attempt  3	[0.00 s]
0.0.B: Trace Attempt  4	[0.00 s]
0.0.B: Trace Attempt  5	[0.00 s]
0.0.N: Trace Attempt  1	[0.00 s]
0.0.N: Trace Attempt  2	[0.00 s]
0.0.N: Trace Attempt  2	[0.00 s]
0.0.N: Trace Attempt  3	[0.00 s]
0.0.N: Trace Attempt  3	[0.00 s]
0.0.N: Trace Attempt  4	[0.00 s]
0.0.N: Trace Attempt  5	[0.00 s]
0.0.N: Trace Attempt  1	[0.01 s]
0.0.N: Trace Attempt  2	[0.01 s]
0.0.N: Trace Attempt  3	[0.01 s]
0.0.N: Validation of fixpoint was successful. Time = 0.00
0.0.N: A proof was found: No trace exists. [0.01 s]
INFO (IPF057): 0.0.N: The property "descrambler.u_descrambler_sva.gen_dout_chk[447]._assert_9" was proven in 0.01 s.
0.0.B: Stopped processing property "descrambler.u_descrambler_sva.gen_dout_chk[447]._assert_9"	[0.01 s].
0.0.B: Starting proof for property "descrambler.u_descrambler_sva.gen_dout_chk[448]._assert_9"	[0.00 s].
0.0.N: Stopped processing property "descrambler.u_descrambler_sva.gen_dout_chk[447]._assert_9"	[0.01 s].
0.0.N: Starting proof for property "descrambler.u_descrambler_sva.gen_dout_chk[448]._assert_9"	[0.00 s].
0.0.B: A max_length bound was found. The shortest trace is no longer than 128 cycles. [0.00 s]
INFO (IPF008): 0.0.B: A max_length bound of 128 was found for the property "descrambler.u_descrambler_sva.gen_dout_chk[448]._assert_9" in 0.00 s.
0.0.B: Trace Attempt  1	[0.00 s]
0.0.B: Trace Attempt  2	[0.00 s]
0.0.B: Trace Attempt  3	[0.00 s]
0.0.B: Trace Attempt  4	[0.00 s]
0.0.B: Trace Attempt  5	[0.00 s]
0.0.N: Trace Attempt  1	[0.00 s]
0.0.N: Trace Attempt  2	[0.00 s]
0.0.N: Trace Attempt  2	[0.00 s]
0.0.N: Trace Attempt  3	[0.00 s]
0.0.N: Trace Attempt  3	[0.00 s]
0.0.N: Trace Attempt  4	[0.00 s]
0.0.N: Trace Attempt  5	[0.01 s]
0.0.N: Trace Attempt  1	[0.01 s]
0.0.N: Trace Attempt  2	[0.01 s]
0.0.N: Trace Attempt  3	[0.01 s]
0.0.N: Validation of fixpoint was successful. Time = 0.00
0.0.N: A proof was found: No trace exists. [0.01 s]
INFO (IPF057): 0.0.N: The property "descrambler.u_descrambler_sva.gen_dout_chk[448]._assert_9" was proven in 0.01 s.
0.0.B: Stopped processing property "descrambler.u_descrambler_sva.gen_dout_chk[448]._assert_9"	[0.01 s].
0.0.N: Stopped processing property "descrambler.u_descrambler_sva.gen_dout_chk[448]._assert_9"	[0.01 s].
0.0.N: Starting proof for property "descrambler.u_descrambler_sva.gen_dout_chk[449]._assert_9"	[0.00 s].
0.0.B: Starting proof for property "descrambler.u_descrambler_sva.gen_dout_chk[449]._assert_9"	[0.00 s].
0.0.B: A max_length bound was found. The shortest trace is no longer than 128 cycles. [0.00 s]
INFO (IPF008): 0.0.B: A max_length bound of 128 was found for the property "descrambler.u_descrambler_sva.gen_dout_chk[449]._assert_9" in 0.00 s.
0.0.B: Trace Attempt  1	[0.00 s]
0.0.B: Trace Attempt  2	[0.00 s]
0.0.B: Trace Attempt  3	[0.00 s]
0.0.B: Trace Attempt  4	[0.00 s]
0.0.B: Trace Attempt  5	[0.00 s]
0.0.N: Trace Attempt  1	[0.00 s]
0.0.N: Trace Attempt  2	[0.00 s]
0.0.N: Trace Attempt  2	[0.00 s]
0.0.N: Trace Attempt  3	[0.00 s]
0.0.N: Trace Attempt  3	[0.00 s]
0.0.N: Trace Attempt  4	[0.01 s]
0.0.N: Trace Attempt  5	[0.01 s]
0.0.N: Trace Attempt  1	[0.01 s]
0.0.N: Trace Attempt  2	[0.01 s]
0.0.N: Trace Attempt  3	[0.01 s]
0.0.N: Validation of fixpoint was successful. Time = 0.00
0.0.N: A proof was found: No trace exists. [0.01 s]
INFO (IPF057): 0.0.N: The property "descrambler.u_descrambler_sva.gen_dout_chk[449]._assert_9" was proven in 0.01 s.
0.0.N: Stopped processing property "descrambler.u_descrambler_sva.gen_dout_chk[449]._assert_9"	[0.01 s].
0.0.N: Starting proof for property "descrambler.u_descrambler_sva.gen_dout_chk[450]._assert_9"	[0.00 s].
0.0.B: Stopped processing property "descrambler.u_descrambler_sva.gen_dout_chk[449]._assert_9"	[0.01 s].
0.0.B: Starting proof for property "descrambler.u_descrambler_sva.gen_dout_chk[450]._assert_9"	[0.00 s].
0.0.B: A max_length bound was found. The shortest trace is no longer than 128 cycles. [0.00 s]
INFO (IPF008): 0.0.B: A max_length bound of 128 was found for the property "descrambler.u_descrambler_sva.gen_dout_chk[450]._assert_9" in 0.00 s.
0.0.B: Trace Attempt  1	[0.00 s]
0.0.B: Trace Attempt  2	[0.00 s]
0.0.B: Trace Attempt  3	[0.00 s]
0.0.B: Trace Attempt  4	[0.00 s]
0.0.B: Trace Attempt  5	[0.00 s]
0.0.N: Trace Attempt  1	[0.00 s]
0.0.N: Trace Attempt  2	[0.00 s]
0.0.N: Trace Attempt  2	[0.00 s]
0.0.N: Trace Attempt  3	[0.00 s]
0.0.N: Trace Attempt  3	[0.00 s]
0.0.N: Trace Attempt  4	[0.00 s]
0.0.N: Trace Attempt  5	[0.00 s]
0.0.N: Trace Attempt  1	[0.01 s]
0.0.N: Trace Attempt  2	[0.01 s]
0.0.N: Trace Attempt  3	[0.01 s]
0.0.N: Validation of fixpoint was successful. Time = 0.00
0.0.N: A proof was found: No trace exists. [0.01 s]
INFO (IPF057): 0.0.N: The property "descrambler.u_descrambler_sva.gen_dout_chk[450]._assert_9" was proven in 0.01 s.
0.0.N: Stopped processing property "descrambler.u_descrambler_sva.gen_dout_chk[450]._assert_9"	[0.01 s].
0.0.N: Starting proof for property "descrambler.u_descrambler_sva.gen_dout_chk[451]._assert_9"	[0.00 s].
0.0.B: Stopped processing property "descrambler.u_descrambler_sva.gen_dout_chk[450]._assert_9"	[0.01 s].
0.0.B: Starting proof for property "descrambler.u_descrambler_sva.gen_dout_chk[451]._assert_9"	[0.00 s].
0.0.B: A max_length bound was found. The shortest trace is no longer than 128 cycles. [0.00 s]
INFO (IPF008): 0.0.B: A max_length bound of 128 was found for the property "descrambler.u_descrambler_sva.gen_dout_chk[451]._assert_9" in 0.00 s.
0.0.B: Trace Attempt  1	[0.00 s]
0.0.B: Trace Attempt  2	[0.00 s]
0.0.B: Trace Attempt  3	[0.00 s]
0.0.B: Trace Attempt  4	[0.00 s]
0.0.B: Trace Attempt  5	[0.00 s]
0.0.N: Trace Attempt  1	[0.00 s]
0.0.N: Trace Attempt  2	[0.00 s]
0.0.N: Trace Attempt  2	[0.00 s]
0.0.N: Trace Attempt  3	[0.00 s]
0.0.N: Trace Attempt  3	[0.00 s]
0.0.N: Trace Attempt  4	[0.00 s]
0.0.N: Trace Attempt  5	[0.00 s]
0.0.N: Trace Attempt  1	[0.01 s]
0.0.N: Trace Attempt  2	[0.01 s]
0.0.N: Trace Attempt  3	[0.01 s]
0.0.N: Validation of fixpoint was successful. Time = 0.00
0.0.N: A proof was found: No trace exists. [0.01 s]
INFO (IPF057): 0.0.N: The property "descrambler.u_descrambler_sva.gen_dout_chk[451]._assert_9" was proven in 0.01 s.
0.0.N: Stopped processing property "descrambler.u_descrambler_sva.gen_dout_chk[451]._assert_9"	[0.01 s].
0.0.N: Starting proof for property "descrambler.u_descrambler_sva.gen_dout_chk[452]._assert_9"	[0.00 s].
0.0.B: Stopped processing property "descrambler.u_descrambler_sva.gen_dout_chk[451]._assert_9"	[0.01 s].
0.0.B: Starting proof for property "descrambler.u_descrambler_sva.gen_dout_chk[452]._assert_9"	[0.00 s].
0.0.B: A max_length bound was found. The shortest trace is no longer than 128 cycles. [0.00 s]
INFO (IPF008): 0.0.B: A max_length bound of 128 was found for the property "descrambler.u_descrambler_sva.gen_dout_chk[452]._assert_9" in 0.00 s.
0.0.B: Trace Attempt  1	[0.00 s]
0.0.B: Trace Attempt  2	[0.00 s]
0.0.B: Trace Attempt  3	[0.00 s]
0.0.B: Trace Attempt  4	[0.00 s]
0.0.B: Trace Attempt  5	[0.00 s]
0.0.N: Trace Attempt  1	[0.00 s]
0.0.N: Trace Attempt  2	[0.00 s]
0.0.N: Trace Attempt  2	[0.00 s]
0.0.N: Trace Attempt  3	[0.00 s]
0.0.N: Trace Attempt  3	[0.00 s]
0.0.N: Trace Attempt  4	[0.00 s]
0.0.N: Trace Attempt  5	[0.00 s]
0.0.N: Trace Attempt  1	[0.01 s]
0.0.N: Trace Attempt  2	[0.01 s]
0.0.N: Trace Attempt  3	[0.01 s]
0.0.N: Validation of fixpoint was successful. Time = 0.00
0.0.N: A proof was found: No trace exists. [0.01 s]
INFO (IPF057): 0.0.N: The property "descrambler.u_descrambler_sva.gen_dout_chk[452]._assert_9" was proven in 0.01 s.
0.0.N: Stopped processing property "descrambler.u_descrambler_sva.gen_dout_chk[452]._assert_9"	[0.01 s].
0.0.N: Starting proof for property "descrambler.u_descrambler_sva.gen_dout_chk[453]._assert_9"	[0.00 s].
0.0.B: Stopped processing property "descrambler.u_descrambler_sva.gen_dout_chk[452]._assert_9"	[0.01 s].
0.0.B: Starting proof for property "descrambler.u_descrambler_sva.gen_dout_chk[453]._assert_9"	[0.00 s].
0.0.B: A max_length bound was found. The shortest trace is no longer than 128 cycles. [0.00 s]
INFO (IPF008): 0.0.B: A max_length bound of 128 was found for the property "descrambler.u_descrambler_sva.gen_dout_chk[453]._assert_9" in 0.00 s.
0.0.B: Trace Attempt  1	[0.00 s]
0.0.B: Trace Attempt  2	[0.00 s]
0.0.B: Trace Attempt  3	[0.00 s]
0.0.B: Trace Attempt  4	[0.00 s]
0.0.B: Trace Attempt  5	[0.00 s]
0.0.N: Trace Attempt  1	[0.00 s]
0.0.N: Trace Attempt  2	[0.00 s]
0.0.N: Trace Attempt  2	[0.00 s]
0.0.N: Trace Attempt  3	[0.00 s]
0.0.N: Trace Attempt  3	[0.00 s]
0.0.N: Trace Attempt  4	[0.00 s]
0.0.N: Trace Attempt  5	[0.00 s]
0.0.N: Trace Attempt  1	[0.01 s]
0.0.N: Trace Attempt  2	[0.01 s]
0.0.N: Trace Attempt  3	[0.01 s]
0.0.N: Validation of fixpoint was successful. Time = 0.00
0.0.N: A proof was found: No trace exists. [0.01 s]
INFO (IPF057): 0.0.N: The property "descrambler.u_descrambler_sva.gen_dout_chk[453]._assert_9" was proven in 0.01 s.
0.0.N: Stopped processing property "descrambler.u_descrambler_sva.gen_dout_chk[453]._assert_9"	[0.01 s].
0.0.N: Starting proof for property "descrambler.u_descrambler_sva.gen_dout_chk[454]._assert_9"	[0.00 s].
0.0.B: Stopped processing property "descrambler.u_descrambler_sva.gen_dout_chk[453]._assert_9"	[0.01 s].
0.0.B: Starting proof for property "descrambler.u_descrambler_sva.gen_dout_chk[454]._assert_9"	[0.00 s].
0.0.B: A max_length bound was found. The shortest trace is no longer than 128 cycles. [0.00 s]
INFO (IPF008): 0.0.B: A max_length bound of 128 was found for the property "descrambler.u_descrambler_sva.gen_dout_chk[454]._assert_9" in 0.00 s.
0.0.B: Trace Attempt  1	[0.00 s]
0.0.B: Trace Attempt  2	[0.00 s]
0.0.B: Trace Attempt  3	[0.00 s]
0.0.N: Trace Attempt  1	[0.00 s]
0.0.B: Trace Attempt  4	[0.00 s]
0.0.B: Trace Attempt  5	[0.00 s]
0.0.N: Trace Attempt  2	[0.00 s]
0.0.N: Trace Attempt  2	[0.00 s]
0.0.N: Trace Attempt  3	[0.00 s]
0.0.N: Trace Attempt  3	[0.00 s]
0.0.N: Trace Attempt  4	[0.00 s]
0.0.N: Trace Attempt  5	[0.00 s]
0.0.N: Trace Attempt  1	[0.01 s]
0.0.N: Trace Attempt  2	[0.01 s]
0.0.N: Trace Attempt  3	[0.01 s]
0.0.N: Validation of fixpoint was successful. Time = 0.00
0.0.N: A proof was found: No trace exists. [0.01 s]
INFO (IPF057): 0.0.N: The property "descrambler.u_descrambler_sva.gen_dout_chk[454]._assert_9" was proven in 0.01 s.
0.0.N: Stopped processing property "descrambler.u_descrambler_sva.gen_dout_chk[454]._assert_9"	[0.01 s].
0.0.B: Stopped processing property "descrambler.u_descrambler_sva.gen_dout_chk[454]._assert_9"	[0.01 s].
0.0.B: Starting proof for property "descrambler.u_descrambler_sva.gen_dout_chk[455]._assert_9"	[0.00 s].
0.0.N: Starting proof for property "descrambler.u_descrambler_sva.gen_dout_chk[455]._assert_9"	[0.00 s].
0.0.B: A max_length bound was found. The shortest trace is no longer than 128 cycles. [0.00 s]
INFO (IPF008): 0.0.B: A max_length bound of 128 was found for the property "descrambler.u_descrambler_sva.gen_dout_chk[455]._assert_9" in 0.00 s.
0.0.B: Trace Attempt  1	[0.00 s]
0.0.B: Trace Attempt  2	[0.00 s]
0.0.B: Trace Attempt  3	[0.00 s]
0.0.B: Trace Attempt  4	[0.00 s]
0.0.B: Trace Attempt  5	[0.00 s]
0.0.N: Trace Attempt  1	[0.00 s]
0.0.N: Trace Attempt  2	[0.00 s]
0.0.N: Trace Attempt  2	[0.00 s]
0.0.N: Trace Attempt  3	[0.00 s]
0.0.N: Trace Attempt  3	[0.00 s]
0.0.N: Trace Attempt  4	[0.00 s]
0.0.N: Trace Attempt  5	[0.00 s]
0.0.N: Trace Attempt  1	[0.01 s]
0.0.N: Trace Attempt  2	[0.01 s]
0.0.N: Trace Attempt  3	[0.01 s]
0.0.N: Validation of fixpoint was successful. Time = 0.00
0.0.N: A proof was found: No trace exists. [0.01 s]
INFO (IPF057): 0.0.N: The property "descrambler.u_descrambler_sva.gen_dout_chk[455]._assert_9" was proven in 0.01 s.
0.0.N: Stopped processing property "descrambler.u_descrambler_sva.gen_dout_chk[455]._assert_9"	[0.01 s].
0.0.N: Starting proof for property "descrambler.u_descrambler_sva.gen_dout_chk[456]._assert_9"	[0.00 s].
0.0.B: Stopped processing property "descrambler.u_descrambler_sva.gen_dout_chk[455]._assert_9"	[0.01 s].
0.0.B: Starting proof for property "descrambler.u_descrambler_sva.gen_dout_chk[456]._assert_9"	[0.00 s].
0.0.B: A max_length bound was found. The shortest trace is no longer than 128 cycles. [0.00 s]
INFO (IPF008): 0.0.B: A max_length bound of 128 was found for the property "descrambler.u_descrambler_sva.gen_dout_chk[456]._assert_9" in 0.00 s.
0.0.B: Trace Attempt  1	[0.00 s]
0.0.B: Trace Attempt  2	[0.00 s]
0.0.B: Trace Attempt  3	[0.00 s]
0.0.B: Trace Attempt  4	[0.00 s]
0.0.B: Trace Attempt  5	[0.00 s]
0.0.N: Trace Attempt  1	[0.00 s]
0.0.N: Trace Attempt  2	[0.00 s]
0.0.N: Trace Attempt  2	[0.00 s]
0.0.N: Trace Attempt  3	[0.00 s]
0.0.N: Trace Attempt  3	[0.00 s]
0.0.N: Trace Attempt  4	[0.00 s]
0.0.N: Trace Attempt  5	[0.00 s]
0.0.N: Trace Attempt  1	[0.01 s]
0.0.N: Trace Attempt  2	[0.01 s]
0.0.N: Trace Attempt  3	[0.01 s]
0.0.N: Validation of fixpoint was successful. Time = 0.00
0.0.N: A proof was found: No trace exists. [0.01 s]
INFO (IPF057): 0.0.N: The property "descrambler.u_descrambler_sva.gen_dout_chk[456]._assert_9" was proven in 0.01 s.
0.0.N: Stopped processing property "descrambler.u_descrambler_sva.gen_dout_chk[456]._assert_9"	[0.01 s].
0.0.N: Starting proof for property "descrambler.u_descrambler_sva.gen_dout_chk[457]._assert_9"	[0.00 s].
0.0.B: Stopped processing property "descrambler.u_descrambler_sva.gen_dout_chk[456]._assert_9"	[0.01 s].
0.0.B: Starting proof for property "descrambler.u_descrambler_sva.gen_dout_chk[457]._assert_9"	[0.00 s].
0.0.B: A max_length bound was found. The shortest trace is no longer than 128 cycles. [0.00 s]
INFO (IPF008): 0.0.B: A max_length bound of 128 was found for the property "descrambler.u_descrambler_sva.gen_dout_chk[457]._assert_9" in 0.00 s.
0.0.B: Trace Attempt  1	[0.00 s]
0.0.B: Trace Attempt  2	[0.00 s]
0.0.B: Trace Attempt  3	[0.00 s]
0.0.N: Trace Attempt  1	[0.00 s]
0.0.B: Trace Attempt  4	[0.00 s]
0.0.B: Trace Attempt  5	[0.00 s]
0.0.N: Trace Attempt  2	[0.00 s]
0.0.N: Trace Attempt  2	[0.00 s]
0.0.N: Trace Attempt  3	[0.00 s]
0.0.N: Trace Attempt  3	[0.00 s]
0.0.N: Trace Attempt  4	[0.00 s]
0.0.N: Trace Attempt  5	[0.00 s]
0.0.N: Trace Attempt  1	[0.01 s]
0.0.N: Trace Attempt  2	[0.01 s]
0.0.N: Trace Attempt  3	[0.01 s]
0.0.N: Validation of fixpoint was successful. Time = 0.00
0.0.N: A proof was found: No trace exists. [0.01 s]
INFO (IPF057): 0.0.N: The property "descrambler.u_descrambler_sva.gen_dout_chk[457]._assert_9" was proven in 0.01 s.
0.0.N: Stopped processing property "descrambler.u_descrambler_sva.gen_dout_chk[457]._assert_9"	[0.01 s].
0.0.N: Starting proof for property "descrambler.u_descrambler_sva.gen_dout_chk[458]._assert_9"	[0.00 s].
0.0.B: Stopped processing property "descrambler.u_descrambler_sva.gen_dout_chk[457]._assert_9"	[0.01 s].
0.0.B: Starting proof for property "descrambler.u_descrambler_sva.gen_dout_chk[458]._assert_9"	[0.00 s].
0.0.B: A max_length bound was found. The shortest trace is no longer than 128 cycles. [0.00 s]
INFO (IPF008): 0.0.B: A max_length bound of 128 was found for the property "descrambler.u_descrambler_sva.gen_dout_chk[458]._assert_9" in 0.00 s.
0.0.B: Trace Attempt  1	[0.00 s]
0.0.B: Trace Attempt  2	[0.00 s]
0.0.B: Trace Attempt  3	[0.00 s]
0.0.B: Trace Attempt  4	[0.00 s]
0.0.B: Trace Attempt  5	[0.00 s]
0.0.N: Trace Attempt  1	[0.00 s]
0.0.N: Trace Attempt  2	[0.00 s]
0.0.N: Trace Attempt  2	[0.00 s]
0.0.N: Trace Attempt  3	[0.00 s]
0.0.N: Trace Attempt  3	[0.00 s]
0.0.N: Trace Attempt  4	[0.00 s]
0.0.N: Trace Attempt  5	[0.00 s]
0.0.N: Trace Attempt  1	[0.01 s]
0.0.N: Trace Attempt  2	[0.01 s]
0.0.N: Trace Attempt  3	[0.01 s]
0.0.N: Validation of fixpoint was successful. Time = 0.00
0.0.N: A proof was found: No trace exists. [0.01 s]
INFO (IPF057): 0.0.N: The property "descrambler.u_descrambler_sva.gen_dout_chk[458]._assert_9" was proven in 0.01 s.
0.0.N: Stopped processing property "descrambler.u_descrambler_sva.gen_dout_chk[458]._assert_9"	[0.01 s].
0.0.N: Starting proof for property "descrambler.u_descrambler_sva.gen_dout_chk[459]._assert_9"	[0.00 s].
0.0.B: Stopped processing property "descrambler.u_descrambler_sva.gen_dout_chk[458]._assert_9"	[0.01 s].
0.0.B: Starting proof for property "descrambler.u_descrambler_sva.gen_dout_chk[459]._assert_9"	[0.00 s].
0.0.B: A max_length bound was found. The shortest trace is no longer than 128 cycles. [0.00 s]
INFO (IPF008): 0.0.B: A max_length bound of 128 was found for the property "descrambler.u_descrambler_sva.gen_dout_chk[459]._assert_9" in 0.00 s.
0.0.B: Trace Attempt  1	[0.00 s]
0.0.B: Trace Attempt  2	[0.00 s]
0.0.B: Trace Attempt  3	[0.00 s]
0.0.B: Trace Attempt  4	[0.00 s]
0.0.B: Trace Attempt  5	[0.00 s]
0.0.N: Trace Attempt  1	[0.00 s]
0.0.N: Trace Attempt  2	[0.00 s]
0.0.N: Trace Attempt  2	[0.00 s]
0.0.N: Trace Attempt  3	[0.00 s]
0.0.N: Trace Attempt  3	[0.00 s]
0.0.N: Trace Attempt  4	[0.00 s]
0.0.N: Trace Attempt  5	[0.00 s]
0.0.N: Trace Attempt  1	[0.01 s]
0.0.N: Trace Attempt  2	[0.01 s]
0.0.N: Trace Attempt  3	[0.01 s]
0.0.N: Validation of fixpoint was successful. Time = 0.00
0.0.N: A proof was found: No trace exists. [0.01 s]
INFO (IPF057): 0.0.N: The property "descrambler.u_descrambler_sva.gen_dout_chk[459]._assert_9" was proven in 0.01 s.
0.0.B: Stopped processing property "descrambler.u_descrambler_sva.gen_dout_chk[459]._assert_9"	[0.01 s].
0.0.B: Starting proof for property "descrambler.u_descrambler_sva.gen_dout_chk[460]._assert_9"	[0.00 s].
0.0.N: Stopped processing property "descrambler.u_descrambler_sva.gen_dout_chk[459]._assert_9"	[0.01 s].
0.0.N: Starting proof for property "descrambler.u_descrambler_sva.gen_dout_chk[460]._assert_9"	[0.00 s].
0.0.B: A max_length bound was found. The shortest trace is no longer than 128 cycles. [0.00 s]
INFO (IPF008): 0.0.B: A max_length bound of 128 was found for the property "descrambler.u_descrambler_sva.gen_dout_chk[460]._assert_9" in 0.00 s.
0.0.B: Trace Attempt  1	[0.00 s]
0.0.B: Trace Attempt  2	[0.00 s]
0.0.B: Trace Attempt  3	[0.00 s]
0.0.B: Trace Attempt  4	[0.00 s]
0.0.B: Trace Attempt  5	[0.00 s]
0.0.N: Trace Attempt  1	[0.00 s]
0.0.N: Trace Attempt  2	[0.00 s]
0.0.N: Trace Attempt  2	[0.00 s]
0.0.N: Trace Attempt  3	[0.00 s]
0.0.N: Trace Attempt  3	[0.00 s]
0.0.N: Trace Attempt  4	[0.00 s]
0.0.N: Trace Attempt  5	[0.00 s]
0.0.N: Trace Attempt  1	[0.01 s]
0.0.N: Trace Attempt  2	[0.01 s]
0.0.N: Trace Attempt  3	[0.01 s]
0.0.N: Validation of fixpoint was successful. Time = 0.00
0.0.N: A proof was found: No trace exists. [0.01 s]
INFO (IPF057): 0.0.N: The property "descrambler.u_descrambler_sva.gen_dout_chk[460]._assert_9" was proven in 0.01 s.
0.0.N: Stopped processing property "descrambler.u_descrambler_sva.gen_dout_chk[460]._assert_9"	[0.01 s].
0.0.N: Starting proof for property "descrambler.u_descrambler_sva.gen_dout_chk[461]._assert_9"	[0.00 s].
0.0.B: Stopped processing property "descrambler.u_descrambler_sva.gen_dout_chk[460]._assert_9"	[0.01 s].
0.0.B: Starting proof for property "descrambler.u_descrambler_sva.gen_dout_chk[461]._assert_9"	[0.00 s].
0.0.B: A max_length bound was found. The shortest trace is no longer than 128 cycles. [0.00 s]
INFO (IPF008): 0.0.B: A max_length bound of 128 was found for the property "descrambler.u_descrambler_sva.gen_dout_chk[461]._assert_9" in 0.00 s.
0.0.B: Trace Attempt  1	[0.00 s]
0.0.B: Trace Attempt  2	[0.00 s]
0.0.B: Trace Attempt  3	[0.00 s]
0.0.B: Trace Attempt  4	[0.00 s]
0.0.B: Trace Attempt  5	[0.00 s]
0.0.N: Trace Attempt  1	[0.00 s]
0.0.N: Trace Attempt  2	[0.00 s]
0.0.N: Trace Attempt  2	[0.00 s]
0.0.N: Trace Attempt  3	[0.00 s]
0.0.N: Trace Attempt  3	[0.00 s]
0.0.N: Trace Attempt  4	[0.00 s]
0.0.N: Trace Attempt  5	[0.00 s]
0.0.N: Trace Attempt  1	[0.01 s]
0.0.N: Trace Attempt  2	[0.01 s]
0.0.N: Trace Attempt  3	[0.01 s]
0.0.N: Validation of fixpoint was successful. Time = 0.00
0.0.N: A proof was found: No trace exists. [0.01 s]
INFO (IPF057): 0.0.N: The property "descrambler.u_descrambler_sva.gen_dout_chk[461]._assert_9" was proven in 0.01 s.
0.0.N: Stopped processing property "descrambler.u_descrambler_sva.gen_dout_chk[461]._assert_9"	[0.01 s].
0.0.N: Starting proof for property "descrambler.u_descrambler_sva.gen_dout_chk[462]._assert_9"	[0.00 s].
0.0.B: Stopped processing property "descrambler.u_descrambler_sva.gen_dout_chk[461]._assert_9"	[0.01 s].
0.0.B: Starting proof for property "descrambler.u_descrambler_sva.gen_dout_chk[462]._assert_9"	[0.00 s].
0.0.B: A max_length bound was found. The shortest trace is no longer than 128 cycles. [0.00 s]
INFO (IPF008): 0.0.B: A max_length bound of 128 was found for the property "descrambler.u_descrambler_sva.gen_dout_chk[462]._assert_9" in 0.00 s.
0.0.B: Trace Attempt  1	[0.00 s]
0.0.B: Trace Attempt  2	[0.00 s]
0.0.B: Trace Attempt  3	[0.00 s]
0.0.B: Trace Attempt  4	[0.00 s]
0.0.B: Trace Attempt  5	[0.00 s]
0.0.N: Trace Attempt  1	[0.00 s]
0.0.N: Trace Attempt  2	[0.00 s]
0.0.N: Trace Attempt  2	[0.00 s]
0.0.N: Trace Attempt  3	[0.00 s]
0.0.N: Trace Attempt  3	[0.00 s]
0.0.N: Trace Attempt  4	[0.00 s]
0.0.N: Trace Attempt  5	[0.00 s]
0.0.N: Trace Attempt  1	[0.01 s]
0.0.N: Trace Attempt  2	[0.01 s]
0.0.N: Trace Attempt  3	[0.01 s]
0.0.N: Validation of fixpoint was successful. Time = 0.00
0.0.N: A proof was found: No trace exists. [0.01 s]
INFO (IPF057): 0.0.N: The property "descrambler.u_descrambler_sva.gen_dout_chk[462]._assert_9" was proven in 0.01 s.
0.0.N: Stopped processing property "descrambler.u_descrambler_sva.gen_dout_chk[462]._assert_9"	[0.01 s].
0.0.N: Starting proof for property "descrambler.u_descrambler_sva.gen_dout_chk[463]._assert_9"	[0.00 s].
0.0.B: Stopped processing property "descrambler.u_descrambler_sva.gen_dout_chk[462]._assert_9"	[0.01 s].
0.0.B: Starting proof for property "descrambler.u_descrambler_sva.gen_dout_chk[463]._assert_9"	[0.00 s].
0.0.B: A max_length bound was found. The shortest trace is no longer than 128 cycles. [0.00 s]
INFO (IPF008): 0.0.B: A max_length bound of 128 was found for the property "descrambler.u_descrambler_sva.gen_dout_chk[463]._assert_9" in 0.00 s.
0.0.B: Trace Attempt  1	[0.00 s]
0.0.B: Trace Attempt  2	[0.00 s]
0.0.B: Trace Attempt  3	[0.00 s]
0.0.N: Trace Attempt  1	[0.00 s]
0.0.B: Trace Attempt  4	[0.00 s]
0.0.B: Trace Attempt  5	[0.00 s]
0.0.N: Trace Attempt  2	[0.00 s]
0.0.N: Trace Attempt  2	[0.00 s]
0.0.N: Trace Attempt  3	[0.00 s]
0.0.N: Trace Attempt  3	[0.00 s]
0.0.N: Trace Attempt  4	[0.00 s]
0.0.N: Trace Attempt  5	[0.00 s]
0.0.N: Trace Attempt  1	[0.01 s]
0.0.N: Trace Attempt  2	[0.01 s]
0.0.N: Trace Attempt  3	[0.01 s]
0.0.N: Validation of fixpoint was successful. Time = 0.00
0.0.N: A proof was found: No trace exists. [0.01 s]
INFO (IPF057): 0.0.N: The property "descrambler.u_descrambler_sva.gen_dout_chk[463]._assert_9" was proven in 0.01 s.
0.0.N: Stopped processing property "descrambler.u_descrambler_sva.gen_dout_chk[463]._assert_9"	[0.01 s].
0.0.N: Starting proof for property "descrambler.u_descrambler_sva.gen_dout_chk[464]._assert_9"	[0.00 s].
0.0.B: Stopped processing property "descrambler.u_descrambler_sva.gen_dout_chk[463]._assert_9"	[0.01 s].
0.0.B: Starting proof for property "descrambler.u_descrambler_sva.gen_dout_chk[464]._assert_9"	[0.00 s].
0.0.B: A max_length bound was found. The shortest trace is no longer than 128 cycles. [0.00 s]
INFO (IPF008): 0.0.B: A max_length bound of 128 was found for the property "descrambler.u_descrambler_sva.gen_dout_chk[464]._assert_9" in 0.00 s.
0.0.B: Trace Attempt  1	[0.00 s]
0.0.B: Trace Attempt  2	[0.00 s]
0.0.B: Trace Attempt  3	[0.00 s]
0.0.B: Trace Attempt  4	[0.00 s]
0.0.B: Trace Attempt  5	[0.00 s]
0.0.N: Trace Attempt  1	[0.00 s]
0.0.N: Trace Attempt  2	[0.00 s]
0.0.N: Trace Attempt  2	[0.00 s]
0.0.N: Trace Attempt  3	[0.00 s]
0.0.N: Trace Attempt  3	[0.00 s]
0.0.N: Trace Attempt  4	[0.00 s]
0.0.N: Trace Attempt  5	[0.00 s]
0.0.N: Trace Attempt  1	[0.01 s]
0.0.N: Trace Attempt  2	[0.01 s]
0.0.N: Trace Attempt  3	[0.01 s]
0.0.N: Validation of fixpoint was successful. Time = 0.00
0.0.N: A proof was found: No trace exists. [0.01 s]
INFO (IPF057): 0.0.N: The property "descrambler.u_descrambler_sva.gen_dout_chk[464]._assert_9" was proven in 0.01 s.
0.0.B: Stopped processing property "descrambler.u_descrambler_sva.gen_dout_chk[464]._assert_9"	[0.01 s].
0.0.B: Starting proof for property "descrambler.u_descrambler_sva.gen_dout_chk[465]._assert_9"	[0.00 s].
0.0.N: Stopped processing property "descrambler.u_descrambler_sva.gen_dout_chk[464]._assert_9"	[0.01 s].
0.0.N: Starting proof for property "descrambler.u_descrambler_sva.gen_dout_chk[465]._assert_9"	[0.00 s].
0.0.B: A max_length bound was found. The shortest trace is no longer than 128 cycles. [0.00 s]
INFO (IPF008): 0.0.B: A max_length bound of 128 was found for the property "descrambler.u_descrambler_sva.gen_dout_chk[465]._assert_9" in 0.00 s.
0.0.B: Trace Attempt  1	[0.00 s]
0.0.B: Trace Attempt  2	[0.00 s]
0.0.B: Trace Attempt  3	[0.00 s]
0.0.B: Trace Attempt  4	[0.00 s]
0.0.B: Trace Attempt  5	[0.00 s]
0.0.N: Trace Attempt  1	[0.00 s]
0.0.N: Trace Attempt  2	[0.00 s]
0.0.N: Trace Attempt  2	[0.00 s]
0.0.N: Trace Attempt  3	[0.00 s]
0.0.N: Trace Attempt  3	[0.00 s]
0.0.N: Trace Attempt  4	[0.00 s]
0.0.N: Trace Attempt  5	[0.01 s]
0.0.N: Trace Attempt  1	[0.01 s]
0.0.N: Trace Attempt  2	[0.01 s]
0.0.N: Trace Attempt  3	[0.01 s]
0.0.N: Validation of fixpoint was successful. Time = 0.00
0.0.N: A proof was found: No trace exists. [0.01 s]
INFO (IPF057): 0.0.N: The property "descrambler.u_descrambler_sva.gen_dout_chk[465]._assert_9" was proven in 0.01 s.
0.0.N: Stopped processing property "descrambler.u_descrambler_sva.gen_dout_chk[465]._assert_9"	[0.01 s].
0.0.N: Starting proof for property "descrambler.u_descrambler_sva.gen_dout_chk[466]._assert_9"	[0.00 s].
0.0.B: Stopped processing property "descrambler.u_descrambler_sva.gen_dout_chk[465]._assert_9"	[0.01 s].
0.0.B: Starting proof for property "descrambler.u_descrambler_sva.gen_dout_chk[466]._assert_9"	[0.00 s].
0.0.B: A max_length bound was found. The shortest trace is no longer than 128 cycles. [0.00 s]
INFO (IPF008): 0.0.B: A max_length bound of 128 was found for the property "descrambler.u_descrambler_sva.gen_dout_chk[466]._assert_9" in 0.00 s.
0.0.B: Trace Attempt  1	[0.00 s]
0.0.B: Trace Attempt  2	[0.00 s]
0.0.B: Trace Attempt  3	[0.00 s]
0.0.B: Trace Attempt  4	[0.00 s]
0.0.N: Trace Attempt  1	[0.00 s]
0.0.B: Trace Attempt  5	[0.00 s]
0.0.N: Trace Attempt  2	[0.00 s]
0.0.N: Trace Attempt  2	[0.00 s]
0.0.N: Trace Attempt  3	[0.00 s]
0.0.N: Trace Attempt  3	[0.00 s]
0.0.N: Trace Attempt  4	[0.00 s]
0.0.N: Trace Attempt  5	[0.01 s]
0.0.N: Trace Attempt  1	[0.01 s]
0.0.N: Trace Attempt  2	[0.01 s]
0.0.N: Trace Attempt  3	[0.01 s]
0.0.N: Validation of fixpoint was successful. Time = 0.00
0.0.N: A proof was found: No trace exists. [0.01 s]
INFO (IPF057): 0.0.N: The property "descrambler.u_descrambler_sva.gen_dout_chk[466]._assert_9" was proven in 0.01 s.
0.0.B: Stopped processing property "descrambler.u_descrambler_sva.gen_dout_chk[466]._assert_9"	[0.01 s].
0.0.B: Starting proof for property "descrambler.u_descrambler_sva.gen_dout_chk[467]._assert_9"	[0.00 s].
0.0.N: Stopped processing property "descrambler.u_descrambler_sva.gen_dout_chk[466]._assert_9"	[0.01 s].
0.0.N: Starting proof for property "descrambler.u_descrambler_sva.gen_dout_chk[467]._assert_9"	[0.00 s].
0.0.B: A max_length bound was found. The shortest trace is no longer than 128 cycles. [0.00 s]
INFO (IPF008): 0.0.B: A max_length bound of 128 was found for the property "descrambler.u_descrambler_sva.gen_dout_chk[467]._assert_9" in 0.00 s.
0.0.B: Trace Attempt  1	[0.00 s]
0.0.B: Trace Attempt  2	[0.00 s]
0.0.B: Trace Attempt  3	[0.00 s]
0.0.B: Trace Attempt  4	[0.00 s]
0.0.B: Trace Attempt  5	[0.00 s]
0.0.N: Trace Attempt  1	[0.00 s]
0.0.N: Trace Attempt  2	[0.00 s]
0.0.N: Trace Attempt  2	[0.00 s]
0.0.N: Trace Attempt  3	[0.00 s]
0.0.N: Trace Attempt  3	[0.00 s]
0.0.N: Trace Attempt  4	[0.01 s]
0.0.N: Trace Attempt  5	[0.01 s]
0.0.N: Trace Attempt  1	[0.01 s]
0.0.N: Trace Attempt  2	[0.01 s]
0.0.N: Trace Attempt  3	[0.01 s]
0.0.N: Validation of fixpoint was successful. Time = 0.00
0.0.N: A proof was found: No trace exists. [0.01 s]
INFO (IPF057): 0.0.N: The property "descrambler.u_descrambler_sva.gen_dout_chk[467]._assert_9" was proven in 0.01 s.
0.0.N: Stopped processing property "descrambler.u_descrambler_sva.gen_dout_chk[467]._assert_9"	[0.01 s].
0.0.B: Stopped processing property "descrambler.u_descrambler_sva.gen_dout_chk[467]._assert_9"	[0.01 s].
0.0.B: Starting proof for property "descrambler.u_descrambler_sva.gen_dout_chk[468]._assert_9"	[0.00 s].
0.0.N: Starting proof for property "descrambler.u_descrambler_sva.gen_dout_chk[468]._assert_9"	[0.00 s].
0.0.B: A max_length bound was found. The shortest trace is no longer than 128 cycles. [0.00 s]
INFO (IPF008): 0.0.B: A max_length bound of 128 was found for the property "descrambler.u_descrambler_sva.gen_dout_chk[468]._assert_9" in 0.00 s.
0.0.B: Trace Attempt  1	[0.00 s]
0.0.B: Trace Attempt  2	[0.00 s]
0.0.B: Trace Attempt  3	[0.00 s]
0.0.B: Trace Attempt  4	[0.00 s]
0.0.B: Trace Attempt  5	[0.00 s]
0.0.N: Trace Attempt  1	[0.00 s]
0.0.N: Trace Attempt  2	[0.00 s]
0.0.N: Trace Attempt  2	[0.00 s]
0.0.N: Trace Attempt  3	[0.00 s]
0.0.N: Trace Attempt  3	[0.00 s]
0.0.N: Trace Attempt  4	[0.00 s]
0.0.N: Trace Attempt  5	[0.01 s]
0.0.N: Trace Attempt  1	[0.01 s]
0.0.N: Trace Attempt  2	[0.01 s]
0.0.N: Trace Attempt  3	[0.01 s]
0.0.N: Validation of fixpoint was successful. Time = 0.00
0.0.N: A proof was found: No trace exists. [0.01 s]
INFO (IPF057): 0.0.N: The property "descrambler.u_descrambler_sva.gen_dout_chk[468]._assert_9" was proven in 0.01 s.
0.0.B: Stopped processing property "descrambler.u_descrambler_sva.gen_dout_chk[468]._assert_9"	[0.01 s].
0.0.N: Stopped processing property "descrambler.u_descrambler_sva.gen_dout_chk[468]._assert_9"	[0.01 s].
0.0.B: Starting proof for property "descrambler.u_descrambler_sva.gen_dout_chk[469]._assert_9"	[0.00 s].
0.0.N: Starting proof for property "descrambler.u_descrambler_sva.gen_dout_chk[469]._assert_9"	[0.00 s].
0.0.B: A max_length bound was found. The shortest trace is no longer than 128 cycles. [0.00 s]
INFO (IPF008): 0.0.B: A max_length bound of 128 was found for the property "descrambler.u_descrambler_sva.gen_dout_chk[469]._assert_9" in 0.00 s.
0.0.B: Trace Attempt  1	[0.00 s]
0.0.B: Trace Attempt  2	[0.00 s]
0.0.B: Trace Attempt  3	[0.00 s]
0.0.B: Trace Attempt  4	[0.00 s]
0.0.B: Trace Attempt  5	[0.00 s]
0.0.N: Trace Attempt  1	[0.00 s]
0.0.N: Trace Attempt  2	[0.00 s]
0.0.N: Trace Attempt  2	[0.00 s]
0.0.N: Trace Attempt  3	[0.00 s]
0.0.N: Trace Attempt  3	[0.00 s]
0.0.N: Trace Attempt  4	[0.00 s]
0.0.N: Trace Attempt  5	[0.00 s]
0.0.N: Trace Attempt  1	[0.01 s]
0.0.N: Trace Attempt  2	[0.01 s]
0.0.N: Trace Attempt  3	[0.01 s]
0.0.N: Validation of fixpoint was successful. Time = 0.00
0.0.N: A proof was found: No trace exists. [0.01 s]
INFO (IPF057): 0.0.N: The property "descrambler.u_descrambler_sva.gen_dout_chk[469]._assert_9" was proven in 0.01 s.
0.0.B: Stopped processing property "descrambler.u_descrambler_sva.gen_dout_chk[469]._assert_9"	[0.01 s].
0.0.B: Starting proof for property "descrambler.u_descrambler_sva.gen_dout_chk[470]._assert_9"	[0.00 s].
0.0.N: Stopped processing property "descrambler.u_descrambler_sva.gen_dout_chk[469]._assert_9"	[0.01 s].
0.0.N: Starting proof for property "descrambler.u_descrambler_sva.gen_dout_chk[470]._assert_9"	[0.00 s].
0.0.B: A max_length bound was found. The shortest trace is no longer than 128 cycles. [0.00 s]
INFO (IPF008): 0.0.B: A max_length bound of 128 was found for the property "descrambler.u_descrambler_sva.gen_dout_chk[470]._assert_9" in 0.00 s.
0.0.B: Trace Attempt  1	[0.00 s]
0.0.B: Trace Attempt  2	[0.00 s]
0.0.B: Trace Attempt  3	[0.00 s]
0.0.B: Trace Attempt  4	[0.00 s]
0.0.B: Trace Attempt  5	[0.00 s]
0.0.N: Trace Attempt  1	[0.00 s]
0.0.N: Trace Attempt  2	[0.00 s]
0.0.N: Trace Attempt  2	[0.00 s]
0.0.N: Trace Attempt  3	[0.00 s]
0.0.N: Trace Attempt  3	[0.00 s]
0.0.N: Trace Attempt  4	[0.00 s]
0.0.N: Trace Attempt  5	[0.00 s]
0.0.N: Trace Attempt  1	[0.01 s]
0.0.N: Trace Attempt  2	[0.01 s]
0.0.N: Trace Attempt  3	[0.01 s]
0.0.N: Validation of fixpoint was successful. Time = 0.00
0.0.N: A proof was found: No trace exists. [0.01 s]
INFO (IPF057): 0.0.N: The property "descrambler.u_descrambler_sva.gen_dout_chk[470]._assert_9" was proven in 0.01 s.
0.0.N: Stopped processing property "descrambler.u_descrambler_sva.gen_dout_chk[470]._assert_9"	[0.01 s].
0.0.N: Starting proof for property "descrambler.u_descrambler_sva.gen_dout_chk[471]._assert_9"	[0.00 s].
0.0.B: Stopped processing property "descrambler.u_descrambler_sva.gen_dout_chk[470]._assert_9"	[0.01 s].
0.0.B: Starting proof for property "descrambler.u_descrambler_sva.gen_dout_chk[471]._assert_9"	[0.00 s].
0.0.B: A max_length bound was found. The shortest trace is no longer than 128 cycles. [0.00 s]
INFO (IPF008): 0.0.B: A max_length bound of 128 was found for the property "descrambler.u_descrambler_sva.gen_dout_chk[471]._assert_9" in 0.00 s.
0.0.B: Trace Attempt  1	[0.00 s]
0.0.B: Trace Attempt  2	[0.00 s]
0.0.B: Trace Attempt  3	[0.00 s]
0.0.B: Trace Attempt  4	[0.00 s]
0.0.B: Trace Attempt  5	[0.00 s]
0.0.N: Trace Attempt  1	[0.00 s]
0.0.N: Trace Attempt  2	[0.00 s]
0.0.N: Trace Attempt  2	[0.00 s]
0.0.N: Trace Attempt  3	[0.00 s]
0.0.N: Trace Attempt  3	[0.00 s]
0.0.N: Trace Attempt  4	[0.00 s]
0.0.N: Trace Attempt  5	[0.00 s]
0.0.N: Trace Attempt  1	[0.01 s]
0.0.N: Trace Attempt  2	[0.01 s]
0.0.N: Trace Attempt  3	[0.01 s]
0.0.N: Validation of fixpoint was successful. Time = 0.00
0.0.N: A proof was found: No trace exists. [0.01 s]
INFO (IPF057): 0.0.N: The property "descrambler.u_descrambler_sva.gen_dout_chk[471]._assert_9" was proven in 0.01 s.
0.0.N: Stopped processing property "descrambler.u_descrambler_sva.gen_dout_chk[471]._assert_9"	[0.01 s].
0.0.N: Starting proof for property "descrambler.u_descrambler_sva.gen_dout_chk[472]._assert_9"	[0.00 s].
0.0.B: Stopped processing property "descrambler.u_descrambler_sva.gen_dout_chk[471]._assert_9"	[0.01 s].
0.0.B: Starting proof for property "descrambler.u_descrambler_sva.gen_dout_chk[472]._assert_9"	[0.00 s].
0.0.B: A max_length bound was found. The shortest trace is no longer than 128 cycles. [0.00 s]
INFO (IPF008): 0.0.B: A max_length bound of 128 was found for the property "descrambler.u_descrambler_sva.gen_dout_chk[472]._assert_9" in 0.00 s.
0.0.B: Trace Attempt  1	[0.00 s]
0.0.B: Trace Attempt  2	[0.00 s]
0.0.B: Trace Attempt  3	[0.00 s]
0.0.B: Trace Attempt  4	[0.00 s]
0.0.B: Trace Attempt  5	[0.00 s]
0.0.N: Trace Attempt  1	[0.00 s]
0.0.N: Trace Attempt  2	[0.00 s]
0.0.N: Trace Attempt  2	[0.00 s]
0.0.N: Trace Attempt  3	[0.00 s]
0.0.N: Trace Attempt  3	[0.00 s]
0.0.N: Trace Attempt  4	[0.00 s]
0.0.N: Trace Attempt  5	[0.00 s]
0.0.N: Trace Attempt  1	[0.01 s]
0.0.N: Trace Attempt  2	[0.01 s]
0.0.N: Trace Attempt  3	[0.01 s]
0.0.N: Validation of fixpoint was successful. Time = 0.00
0.0.N: A proof was found: No trace exists. [0.01 s]
INFO (IPF057): 0.0.N: The property "descrambler.u_descrambler_sva.gen_dout_chk[472]._assert_9" was proven in 0.01 s.
0.0.N: Stopped processing property "descrambler.u_descrambler_sva.gen_dout_chk[472]._assert_9"	[0.01 s].
0.0.N: Starting proof for property "descrambler.u_descrambler_sva.gen_dout_chk[473]._assert_9"	[0.00 s].
0.0.B: Stopped processing property "descrambler.u_descrambler_sva.gen_dout_chk[472]._assert_9"	[0.01 s].
0.0.B: Starting proof for property "descrambler.u_descrambler_sva.gen_dout_chk[473]._assert_9"	[0.00 s].
0.0.B: A max_length bound was found. The shortest trace is no longer than 128 cycles. [0.00 s]
INFO (IPF008): 0.0.B: A max_length bound of 128 was found for the property "descrambler.u_descrambler_sva.gen_dout_chk[473]._assert_9" in 0.00 s.
0.0.B: Trace Attempt  1	[0.00 s]
0.0.B: Trace Attempt  2	[0.00 s]
0.0.B: Trace Attempt  3	[0.00 s]
0.0.B: Trace Attempt  4	[0.00 s]
0.0.B: Trace Attempt  5	[0.00 s]
0.0.N: Trace Attempt  1	[0.00 s]
0.0.N: Trace Attempt  2	[0.00 s]
0.0.N: Trace Attempt  2	[0.00 s]
0.0.N: Trace Attempt  3	[0.00 s]
0.0.N: Trace Attempt  3	[0.00 s]
0.0.N: Trace Attempt  4	[0.00 s]
0.0.N: Trace Attempt  5	[0.00 s]
0.0.N: Trace Attempt  1	[0.01 s]
0.0.N: Trace Attempt  2	[0.01 s]
0.0.N: Trace Attempt  3	[0.01 s]
0.0.N: Validation of fixpoint was successful. Time = 0.00
0.0.N: A proof was found: No trace exists. [0.01 s]
INFO (IPF057): 0.0.N: The property "descrambler.u_descrambler_sva.gen_dout_chk[473]._assert_9" was proven in 0.01 s.
0.0.B: Stopped processing property "descrambler.u_descrambler_sva.gen_dout_chk[473]._assert_9"	[0.01 s].
0.0.B: Starting proof for property "descrambler.u_descrambler_sva.gen_dout_chk[474]._assert_9"	[0.00 s].
0.0.N: Stopped processing property "descrambler.u_descrambler_sva.gen_dout_chk[473]._assert_9"	[0.01 s].
0.0.N: Starting proof for property "descrambler.u_descrambler_sva.gen_dout_chk[474]._assert_9"	[0.00 s].
0.0.B: A max_length bound was found. The shortest trace is no longer than 128 cycles. [0.00 s]
INFO (IPF008): 0.0.B: A max_length bound of 128 was found for the property "descrambler.u_descrambler_sva.gen_dout_chk[474]._assert_9" in 0.00 s.
0.0.B: Trace Attempt  1	[0.00 s]
0.0.B: Trace Attempt  2	[0.00 s]
0.0.B: Trace Attempt  3	[0.00 s]
0.0.B: Trace Attempt  4	[0.00 s]
0.0.B: Trace Attempt  5	[0.00 s]
0.0.N: Trace Attempt  1	[0.00 s]
0.0.N: Trace Attempt  2	[0.00 s]
0.0.N: Trace Attempt  2	[0.00 s]
0.0.N: Trace Attempt  3	[0.00 s]
0.0.N: Trace Attempt  3	[0.00 s]
0.0.N: Trace Attempt  4	[0.00 s]
0.0.N: Trace Attempt  5	[0.00 s]
0.0.N: Trace Attempt  1	[0.01 s]
0.0.N: Trace Attempt  2	[0.01 s]
0.0.N: Trace Attempt  3	[0.01 s]
0.0.N: Validation of fixpoint was successful. Time = 0.00
0.0.N: A proof was found: No trace exists. [0.01 s]
INFO (IPF057): 0.0.N: The property "descrambler.u_descrambler_sva.gen_dout_chk[474]._assert_9" was proven in 0.01 s.
0.0.B: Stopped processing property "descrambler.u_descrambler_sva.gen_dout_chk[474]._assert_9"	[0.01 s].
0.0.N: Stopped processing property "descrambler.u_descrambler_sva.gen_dout_chk[474]._assert_9"	[0.01 s].
0.0.B: Starting proof for property "descrambler.u_descrambler_sva.gen_dout_chk[475]._assert_9"	[0.00 s].
0.0.N: Starting proof for property "descrambler.u_descrambler_sva.gen_dout_chk[475]._assert_9"	[0.00 s].
0.0.B: A max_length bound was found. The shortest trace is no longer than 128 cycles. [0.00 s]
INFO (IPF008): 0.0.B: A max_length bound of 128 was found for the property "descrambler.u_descrambler_sva.gen_dout_chk[475]._assert_9" in 0.00 s.
0.0.B: Trace Attempt  1	[0.00 s]
0.0.B: Trace Attempt  2	[0.00 s]
0.0.B: Trace Attempt  3	[0.00 s]
0.0.B: Trace Attempt  4	[0.00 s]
0.0.B: Trace Attempt  5	[0.00 s]
0.0.N: Trace Attempt  1	[0.00 s]
0.0.N: Trace Attempt  2	[0.00 s]
0.0.N: Trace Attempt  2	[0.00 s]
0.0.N: Trace Attempt  3	[0.00 s]
0.0.N: Trace Attempt  3	[0.00 s]
0.0.N: Trace Attempt  4	[0.00 s]
0.0.N: Trace Attempt  5	[0.00 s]
0.0.N: Trace Attempt  1	[0.01 s]
0.0.N: Trace Attempt  2	[0.01 s]
0.0.N: Trace Attempt  3	[0.01 s]
0.0.N: Validation of fixpoint was successful. Time = 0.00
0.0.N: A proof was found: No trace exists. [0.01 s]
INFO (IPF057): 0.0.N: The property "descrambler.u_descrambler_sva.gen_dout_chk[475]._assert_9" was proven in 0.01 s.
0.0.N: Stopped processing property "descrambler.u_descrambler_sva.gen_dout_chk[475]._assert_9"	[0.01 s].
0.0.N: Starting proof for property "descrambler.u_descrambler_sva.gen_dout_chk[476]._assert_9"	[0.00 s].
0.0.B: Stopped processing property "descrambler.u_descrambler_sva.gen_dout_chk[475]._assert_9"	[0.01 s].
0.0.B: Starting proof for property "descrambler.u_descrambler_sva.gen_dout_chk[476]._assert_9"	[0.00 s].
0.0.B: A max_length bound was found. The shortest trace is no longer than 128 cycles. [0.00 s]
INFO (IPF008): 0.0.B: A max_length bound of 128 was found for the property "descrambler.u_descrambler_sva.gen_dout_chk[476]._assert_9" in 0.00 s.
0.0.B: Trace Attempt  1	[0.00 s]
0.0.B: Trace Attempt  2	[0.00 s]
0.0.B: Trace Attempt  3	[0.00 s]
0.0.B: Trace Attempt  4	[0.00 s]
0.0.B: Trace Attempt  5	[0.00 s]
0.0.N: Trace Attempt  1	[0.00 s]
0.0.N: Trace Attempt  2	[0.00 s]
0.0.N: Trace Attempt  2	[0.00 s]
0.0.N: Trace Attempt  3	[0.00 s]
0.0.N: Trace Attempt  3	[0.00 s]
0.0.N: Trace Attempt  4	[0.00 s]
0.0.N: Trace Attempt  5	[0.00 s]
0.0.N: Trace Attempt  1	[0.01 s]
0.0.N: Trace Attempt  2	[0.01 s]
0.0.N: Trace Attempt  3	[0.01 s]
0.0.N: Validation of fixpoint was successful. Time = 0.00
0.0.N: A proof was found: No trace exists. [0.01 s]
INFO (IPF057): 0.0.N: The property "descrambler.u_descrambler_sva.gen_dout_chk[476]._assert_9" was proven in 0.01 s.
0.0.N: Stopped processing property "descrambler.u_descrambler_sva.gen_dout_chk[476]._assert_9"	[0.01 s].
0.0.N: Starting proof for property "descrambler.u_descrambler_sva.gen_dout_chk[477]._assert_9"	[0.00 s].
0.0.B: Stopped processing property "descrambler.u_descrambler_sva.gen_dout_chk[476]._assert_9"	[0.01 s].
0.0.B: Starting proof for property "descrambler.u_descrambler_sva.gen_dout_chk[477]._assert_9"	[0.00 s].
0.0.B: A max_length bound was found. The shortest trace is no longer than 128 cycles. [0.00 s]
INFO (IPF008): 0.0.B: A max_length bound of 128 was found for the property "descrambler.u_descrambler_sva.gen_dout_chk[477]._assert_9" in 0.00 s.
0.0.B: Trace Attempt  1	[0.00 s]
0.0.B: Trace Attempt  2	[0.00 s]
0.0.B: Trace Attempt  3	[0.00 s]
0.0.B: Trace Attempt  4	[0.00 s]
0.0.N: Trace Attempt  1	[0.00 s]
0.0.B: Trace Attempt  5	[0.00 s]
0.0.N: Trace Attempt  2	[0.00 s]
0.0.N: Trace Attempt  2	[0.00 s]
0.0.N: Trace Attempt  3	[0.00 s]
0.0.N: Trace Attempt  3	[0.00 s]
0.0.N: Trace Attempt  4	[0.00 s]
0.0.N: Trace Attempt  5	[0.00 s]
0.0.N: Trace Attempt  1	[0.01 s]
0.0.N: Trace Attempt  2	[0.01 s]
0.0.N: Trace Attempt  3	[0.01 s]
0.0.N: Validation of fixpoint was successful. Time = 0.00
0.0.N: A proof was found: No trace exists. [0.01 s]
INFO (IPF057): 0.0.N: The property "descrambler.u_descrambler_sva.gen_dout_chk[477]._assert_9" was proven in 0.01 s.
0.0.B: Stopped processing property "descrambler.u_descrambler_sva.gen_dout_chk[477]._assert_9"	[0.01 s].
0.0.B: Starting proof for property "descrambler.u_descrambler_sva.gen_dout_chk[478]._assert_9"	[0.00 s].
0.0.N: Stopped processing property "descrambler.u_descrambler_sva.gen_dout_chk[477]._assert_9"	[0.01 s].
0.0.N: Starting proof for property "descrambler.u_descrambler_sva.gen_dout_chk[478]._assert_9"	[0.00 s].
0.0.B: A max_length bound was found. The shortest trace is no longer than 128 cycles. [0.00 s]
INFO (IPF008): 0.0.B: A max_length bound of 128 was found for the property "descrambler.u_descrambler_sva.gen_dout_chk[478]._assert_9" in 0.00 s.
0.0.B: Trace Attempt  1	[0.00 s]
0.0.B: Trace Attempt  2	[0.00 s]
0.0.B: Trace Attempt  3	[0.00 s]
0.0.B: Trace Attempt  4	[0.00 s]
0.0.B: Trace Attempt  5	[0.00 s]
0.0.N: Trace Attempt  1	[0.00 s]
0.0.N: Trace Attempt  2	[0.00 s]
0.0.N: Trace Attempt  2	[0.00 s]
0.0.N: Trace Attempt  3	[0.00 s]
0.0.N: Trace Attempt  3	[0.00 s]
0.0.N: Trace Attempt  4	[0.01 s]
0.0.N: Trace Attempt  5	[0.01 s]
0.0.N: Trace Attempt  1	[0.01 s]
0.0.N: Trace Attempt  2	[0.01 s]
0.0.N: Trace Attempt  3	[0.01 s]
0.0.N: Validation of fixpoint was successful. Time = 0.00
0.0.N: A proof was found: No trace exists. [0.01 s]
INFO (IPF057): 0.0.N: The property "descrambler.u_descrambler_sva.gen_dout_chk[478]._assert_9" was proven in 0.01 s.
0.0.N: Stopped processing property "descrambler.u_descrambler_sva.gen_dout_chk[478]._assert_9"	[0.01 s].
0.0.N: Starting proof for property "descrambler.u_descrambler_sva.gen_dout_chk[479]._assert_9"	[0.00 s].
0.0.B: Stopped processing property "descrambler.u_descrambler_sva.gen_dout_chk[478]._assert_9"	[0.01 s].
0.0.B: Starting proof for property "descrambler.u_descrambler_sva.gen_dout_chk[479]._assert_9"	[0.00 s].
0.0.B: A max_length bound was found. The shortest trace is no longer than 128 cycles. [0.00 s]
INFO (IPF008): 0.0.B: A max_length bound of 128 was found for the property "descrambler.u_descrambler_sva.gen_dout_chk[479]._assert_9" in 0.00 s.
0.0.B: Trace Attempt  1	[0.00 s]
0.0.B: Trace Attempt  2	[0.00 s]
0.0.B: Trace Attempt  3	[0.00 s]
0.0.B: Trace Attempt  4	[0.00 s]
0.0.N: Trace Attempt  1	[0.00 s]
0.0.B: Trace Attempt  5	[0.00 s]
0.0.N: Trace Attempt  2	[0.00 s]
0.0.N: Trace Attempt  2	[0.00 s]
0.0.N: Trace Attempt  3	[0.00 s]
0.0.N: Trace Attempt  3	[0.00 s]
0.0.N: Trace Attempt  4	[0.00 s]
0.0.N: Trace Attempt  5	[0.01 s]
0.0.N: Trace Attempt  1	[0.01 s]
0.0.N: Trace Attempt  2	[0.01 s]
0.0.N: Trace Attempt  3	[0.01 s]
0.0.N: Validation of fixpoint was successful. Time = 0.00
0.0.N: A proof was found: No trace exists. [0.01 s]
INFO (IPF057): 0.0.N: The property "descrambler.u_descrambler_sva.gen_dout_chk[479]._assert_9" was proven in 0.01 s.
0.0.N: Stopped processing property "descrambler.u_descrambler_sva.gen_dout_chk[479]._assert_9"	[0.01 s].
0.0.N: Starting proof for property "descrambler.u_descrambler_sva.gen_dout_chk[480]._assert_9"	[0.00 s].
0.0.B: Stopped processing property "descrambler.u_descrambler_sva.gen_dout_chk[479]._assert_9"	[0.01 s].
0.0.B: Starting proof for property "descrambler.u_descrambler_sva.gen_dout_chk[480]._assert_9"	[0.00 s].
0.0.B: A max_length bound was found. The shortest trace is no longer than 128 cycles. [0.00 s]
INFO (IPF008): 0.0.B: A max_length bound of 128 was found for the property "descrambler.u_descrambler_sva.gen_dout_chk[480]._assert_9" in 0.00 s.
0.0.B: Trace Attempt  1	[0.00 s]
0.0.B: Trace Attempt  2	[0.00 s]
0.0.B: Trace Attempt  3	[0.00 s]
0.0.B: Trace Attempt  4	[0.00 s]
0.0.N: Trace Attempt  1	[0.00 s]
0.0.B: Trace Attempt  5	[0.00 s]
0.0.N: Trace Attempt  2	[0.00 s]
0.0.N: Trace Attempt  2	[0.00 s]
0.0.N: Trace Attempt  3	[0.00 s]
0.0.N: Trace Attempt  3	[0.00 s]
0.0.N: Trace Attempt  4	[0.00 s]
0.0.N: Trace Attempt  5	[0.01 s]
0.0.N: Trace Attempt  1	[0.01 s]
0.0.N: Trace Attempt  2	[0.01 s]
0.0.N: Trace Attempt  3	[0.01 s]
0.0.N: Validation of fixpoint was successful. Time = 0.00
0.0.N: A proof was found: No trace exists. [0.01 s]
INFO (IPF057): 0.0.N: The property "descrambler.u_descrambler_sva.gen_dout_chk[480]._assert_9" was proven in 0.01 s.
0.0.N: Stopped processing property "descrambler.u_descrambler_sva.gen_dout_chk[480]._assert_9"	[0.01 s].
0.0.N: Starting proof for property "descrambler.u_descrambler_sva.gen_dout_chk[481]._assert_9"	[0.00 s].
0.0.B: Stopped processing property "descrambler.u_descrambler_sva.gen_dout_chk[480]._assert_9"	[0.01 s].
0.0.B: Starting proof for property "descrambler.u_descrambler_sva.gen_dout_chk[481]._assert_9"	[0.00 s].
0.0.B: A max_length bound was found. The shortest trace is no longer than 128 cycles. [0.00 s]
INFO (IPF008): 0.0.B: A max_length bound of 128 was found for the property "descrambler.u_descrambler_sva.gen_dout_chk[481]._assert_9" in 0.00 s.
0.0.B: Trace Attempt  1	[0.00 s]
0.0.B: Trace Attempt  2	[0.00 s]
0.0.B: Trace Attempt  3	[0.00 s]
0.0.B: Trace Attempt  4	[0.00 s]
0.0.B: Trace Attempt  5	[0.00 s]
0.0.N: Trace Attempt  1	[0.00 s]
0.0.N: Trace Attempt  2	[0.00 s]
0.0.N: Trace Attempt  2	[0.00 s]
0.0.N: Trace Attempt  3	[0.00 s]
0.0.N: Trace Attempt  3	[0.00 s]
0.0.N: Trace Attempt  4	[0.00 s]
0.0.N: Trace Attempt  5	[0.01 s]
0.0.N: Trace Attempt  1	[0.01 s]
0.0.N: Trace Attempt  2	[0.01 s]
0.0.N: Trace Attempt  3	[0.01 s]
0.0.N: Validation of fixpoint was successful. Time = 0.00
0.0.N: A proof was found: No trace exists. [0.01 s]
INFO (IPF057): 0.0.N: The property "descrambler.u_descrambler_sva.gen_dout_chk[481]._assert_9" was proven in 0.01 s.
0.0.N: Stopped processing property "descrambler.u_descrambler_sva.gen_dout_chk[481]._assert_9"	[0.01 s].
0.0.N: Starting proof for property "descrambler.u_descrambler_sva.gen_dout_chk[482]._assert_9"	[0.00 s].
0.0.B: Stopped processing property "descrambler.u_descrambler_sva.gen_dout_chk[481]._assert_9"	[0.01 s].
0.0.B: Starting proof for property "descrambler.u_descrambler_sva.gen_dout_chk[482]._assert_9"	[0.00 s].
0.0.B: A max_length bound was found. The shortest trace is no longer than 128 cycles. [0.00 s]
INFO (IPF008): 0.0.B: A max_length bound of 128 was found for the property "descrambler.u_descrambler_sva.gen_dout_chk[482]._assert_9" in 0.00 s.
0.0.B: Trace Attempt  1	[0.00 s]
0.0.B: Trace Attempt  2	[0.00 s]
0.0.B: Trace Attempt  3	[0.00 s]
0.0.B: Trace Attempt  4	[0.00 s]
0.0.B: Trace Attempt  5	[0.00 s]
0.0.N: Trace Attempt  1	[0.00 s]
0.0.N: Trace Attempt  2	[0.00 s]
0.0.N: Trace Attempt  2	[0.00 s]
0.0.N: Trace Attempt  3	[0.00 s]
0.0.N: Trace Attempt  3	[0.00 s]
0.0.N: Trace Attempt  4	[0.00 s]
0.0.N: Trace Attempt  5	[0.00 s]
0.0.N: Trace Attempt  1	[0.01 s]
0.0.N: Trace Attempt  2	[0.01 s]
0.0.N: Trace Attempt  3	[0.01 s]
0.0.N: Validation of fixpoint was successful. Time = 0.00
0.0.N: A proof was found: No trace exists. [0.01 s]
INFO (IPF057): 0.0.N: The property "descrambler.u_descrambler_sva.gen_dout_chk[482]._assert_9" was proven in 0.01 s.
0.0.B: Stopped processing property "descrambler.u_descrambler_sva.gen_dout_chk[482]._assert_9"	[0.01 s].
0.0.B: Starting proof for property "descrambler.u_descrambler_sva.gen_dout_chk[483]._assert_9"	[0.00 s].
0.0.N: Stopped processing property "descrambler.u_descrambler_sva.gen_dout_chk[482]._assert_9"	[0.01 s].
0.0.N: Starting proof for property "descrambler.u_descrambler_sva.gen_dout_chk[483]._assert_9"	[0.00 s].
0.0.B: A max_length bound was found. The shortest trace is no longer than 128 cycles. [0.00 s]
INFO (IPF008): 0.0.B: A max_length bound of 128 was found for the property "descrambler.u_descrambler_sva.gen_dout_chk[483]._assert_9" in 0.00 s.
0.0.B: Trace Attempt  1	[0.00 s]
0.0.B: Trace Attempt  2	[0.00 s]
0.0.B: Trace Attempt  3	[0.00 s]
0.0.B: Trace Attempt  4	[0.00 s]
0.0.B: Trace Attempt  5	[0.00 s]
0.0.N: Trace Attempt  1	[0.00 s]
0.0.N: Trace Attempt  2	[0.00 s]
0.0.N: Trace Attempt  2	[0.00 s]
0.0.N: Trace Attempt  3	[0.00 s]
0.0.N: Trace Attempt  3	[0.00 s]
0.0.N: Trace Attempt  4	[0.00 s]
0.0.N: Trace Attempt  5	[0.00 s]
0.0.N: Trace Attempt  1	[0.01 s]
0.0.N: Trace Attempt  2	[0.01 s]
0.0.N: Trace Attempt  3	[0.01 s]
0.0.N: Validation of fixpoint was successful. Time = 0.00
0.0.N: A proof was found: No trace exists. [0.01 s]
INFO (IPF057): 0.0.N: The property "descrambler.u_descrambler_sva.gen_dout_chk[483]._assert_9" was proven in 0.01 s.
0.0.N: Stopped processing property "descrambler.u_descrambler_sva.gen_dout_chk[483]._assert_9"	[0.01 s].
0.0.N: Starting proof for property "descrambler.u_descrambler_sva.gen_dout_chk[484]._assert_9"	[0.00 s].
0.0.B: Stopped processing property "descrambler.u_descrambler_sva.gen_dout_chk[483]._assert_9"	[0.01 s].
0.0.B: Starting proof for property "descrambler.u_descrambler_sva.gen_dout_chk[484]._assert_9"	[0.00 s].
0.0.B: A max_length bound was found. The shortest trace is no longer than 128 cycles. [0.00 s]
INFO (IPF008): 0.0.B: A max_length bound of 128 was found for the property "descrambler.u_descrambler_sva.gen_dout_chk[484]._assert_9" in 0.00 s.
0.0.B: Trace Attempt  1	[0.00 s]
0.0.B: Trace Attempt  2	[0.00 s]
0.0.B: Trace Attempt  3	[0.00 s]
0.0.B: Trace Attempt  4	[0.00 s]
0.0.B: Trace Attempt  5	[0.00 s]
0.0.N: Trace Attempt  1	[0.00 s]
0.0.N: Trace Attempt  2	[0.00 s]
0.0.N: Trace Attempt  2	[0.00 s]
0.0.N: Trace Attempt  3	[0.00 s]
0.0.N: Trace Attempt  3	[0.00 s]
0.0.N: Trace Attempt  4	[0.00 s]
0.0.N: Trace Attempt  5	[0.00 s]
0.0.N: Trace Attempt  1	[0.01 s]
0.0.N: Trace Attempt  2	[0.01 s]
0.0.N: Trace Attempt  3	[0.01 s]
0.0.N: Validation of fixpoint was successful. Time = 0.00
0.0.N: A proof was found: No trace exists. [0.01 s]
INFO (IPF057): 0.0.N: The property "descrambler.u_descrambler_sva.gen_dout_chk[484]._assert_9" was proven in 0.01 s.
0.0.N: Stopped processing property "descrambler.u_descrambler_sva.gen_dout_chk[484]._assert_9"	[0.01 s].
0.0.N: Starting proof for property "descrambler.u_descrambler_sva.gen_dout_chk[485]._assert_9"	[0.00 s].
0.0.B: Stopped processing property "descrambler.u_descrambler_sva.gen_dout_chk[484]._assert_9"	[0.01 s].
0.0.B: Starting proof for property "descrambler.u_descrambler_sva.gen_dout_chk[485]._assert_9"	[0.00 s].
0.0.B: A max_length bound was found. The shortest trace is no longer than 128 cycles. [0.00 s]
INFO (IPF008): 0.0.B: A max_length bound of 128 was found for the property "descrambler.u_descrambler_sva.gen_dout_chk[485]._assert_9" in 0.00 s.
0.0.B: Trace Attempt  1	[0.00 s]
0.0.B: Trace Attempt  2	[0.00 s]
0.0.B: Trace Attempt  3	[0.00 s]
0.0.B: Trace Attempt  4	[0.00 s]
0.0.N: Trace Attempt  1	[0.00 s]
0.0.B: Trace Attempt  5	[0.00 s]
0.0.N: Trace Attempt  2	[0.00 s]
0.0.N: Trace Attempt  2	[0.00 s]
0.0.N: Trace Attempt  3	[0.00 s]
0.0.N: Trace Attempt  3	[0.00 s]
0.0.N: Trace Attempt  4	[0.00 s]
0.0.N: Trace Attempt  5	[0.00 s]
0.0.N: Trace Attempt  1	[0.01 s]
0.0.N: Trace Attempt  2	[0.01 s]
0.0.N: Trace Attempt  3	[0.01 s]
0.0.N: Validation of fixpoint was successful. Time = 0.00
0.0.N: A proof was found: No trace exists. [0.01 s]
INFO (IPF057): 0.0.N: The property "descrambler.u_descrambler_sva.gen_dout_chk[485]._assert_9" was proven in 0.01 s.
0.0.N: Stopped processing property "descrambler.u_descrambler_sva.gen_dout_chk[485]._assert_9"	[0.01 s].
0.0.B: Stopped processing property "descrambler.u_descrambler_sva.gen_dout_chk[485]._assert_9"	[0.01 s].
0.0.N: Starting proof for property "descrambler.u_descrambler_sva.gen_dout_chk[486]._assert_9"	[0.00 s].
0.0.B: Starting proof for property "descrambler.u_descrambler_sva.gen_dout_chk[486]._assert_9"	[0.00 s].
0.0.B: A max_length bound was found. The shortest trace is no longer than 128 cycles. [0.00 s]
INFO (IPF008): 0.0.B: A max_length bound of 128 was found for the property "descrambler.u_descrambler_sva.gen_dout_chk[486]._assert_9" in 0.00 s.
0.0.B: Trace Attempt  1	[0.00 s]
0.0.B: Trace Attempt  2	[0.00 s]
0.0.B: Trace Attempt  3	[0.00 s]
0.0.B: Trace Attempt  4	[0.00 s]
0.0.B: Trace Attempt  5	[0.00 s]
0.0.N: Trace Attempt  1	[0.00 s]
0.0.N: Trace Attempt  2	[0.00 s]
0.0.N: Trace Attempt  2	[0.00 s]
0.0.N: Trace Attempt  3	[0.00 s]
0.0.N: Trace Attempt  3	[0.00 s]
0.0.N: Trace Attempt  4	[0.00 s]
0.0.N: Trace Attempt  5	[0.00 s]
0.0.N: Trace Attempt  1	[0.01 s]
0.0.N: Trace Attempt  2	[0.01 s]
0.0.N: Trace Attempt  3	[0.01 s]
0.0.N: Validation of fixpoint was successful. Time = 0.00
0.0.N: A proof was found: No trace exists. [0.01 s]
INFO (IPF057): 0.0.N: The property "descrambler.u_descrambler_sva.gen_dout_chk[486]._assert_9" was proven in 0.01 s.
0.0.B: Stopped processing property "descrambler.u_descrambler_sva.gen_dout_chk[486]._assert_9"	[0.01 s].
0.0.N: Stopped processing property "descrambler.u_descrambler_sva.gen_dout_chk[486]._assert_9"	[0.01 s].
0.0.N: Starting proof for property "descrambler.u_descrambler_sva.gen_dout_chk[487]._assert_9"	[0.00 s].
0.0.B: Starting proof for property "descrambler.u_descrambler_sva.gen_dout_chk[487]._assert_9"	[0.00 s].
0.0.B: A max_length bound was found. The shortest trace is no longer than 128 cycles. [0.00 s]
INFO (IPF008): 0.0.B: A max_length bound of 128 was found for the property "descrambler.u_descrambler_sva.gen_dout_chk[487]._assert_9" in 0.00 s.
0.0.B: Trace Attempt  1	[0.00 s]
0.0.B: Trace Attempt  2	[0.00 s]
0.0.B: Trace Attempt  3	[0.00 s]
0.0.B: Trace Attempt  4	[0.00 s]
0.0.B: Trace Attempt  5	[0.00 s]
0.0.N: Trace Attempt  1	[0.00 s]
0.0.N: Trace Attempt  2	[0.00 s]
0.0.N: Trace Attempt  2	[0.00 s]
0.0.N: Trace Attempt  3	[0.00 s]
0.0.N: Trace Attempt  3	[0.00 s]
0.0.N: Trace Attempt  4	[0.00 s]
0.0.N: Trace Attempt  5	[0.00 s]
0.0.N: Trace Attempt  1	[0.01 s]
0.0.N: Trace Attempt  2	[0.01 s]
0.0.N: Trace Attempt  3	[0.01 s]
0.0.N: Validation of fixpoint was successful. Time = 0.00
0.0.N: A proof was found: No trace exists. [0.01 s]
INFO (IPF057): 0.0.N: The property "descrambler.u_descrambler_sva.gen_dout_chk[487]._assert_9" was proven in 0.01 s.
0.0.N: Stopped processing property "descrambler.u_descrambler_sva.gen_dout_chk[487]._assert_9"	[0.01 s].
0.0.N: Starting proof for property "descrambler.u_descrambler_sva.gen_dout_chk[488]._assert_9"	[0.00 s].
0.0.B: Stopped processing property "descrambler.u_descrambler_sva.gen_dout_chk[487]._assert_9"	[0.01 s].
0.0.B: Starting proof for property "descrambler.u_descrambler_sva.gen_dout_chk[488]._assert_9"	[0.00 s].
0.0.B: A max_length bound was found. The shortest trace is no longer than 128 cycles. [0.00 s]
INFO (IPF008): 0.0.B: A max_length bound of 128 was found for the property "descrambler.u_descrambler_sva.gen_dout_chk[488]._assert_9" in 0.00 s.
0.0.B: Trace Attempt  1	[0.00 s]
0.0.B: Trace Attempt  2	[0.00 s]
0.0.B: Trace Attempt  3	[0.00 s]
0.0.B: Trace Attempt  4	[0.00 s]
0.0.B: Trace Attempt  5	[0.00 s]
0.0.N: Trace Attempt  1	[0.00 s]
0.0.N: Trace Attempt  2	[0.00 s]
0.0.N: Trace Attempt  2	[0.00 s]
0.0.N: Trace Attempt  3	[0.00 s]
0.0.N: Trace Attempt  3	[0.00 s]
0.0.N: Trace Attempt  4	[0.00 s]
0.0.N: Trace Attempt  5	[0.00 s]
0.0.N: Trace Attempt  1	[0.01 s]
0.0.N: Trace Attempt  2	[0.01 s]
0.0.N: Trace Attempt  3	[0.01 s]
0.0.N: Validation of fixpoint was successful. Time = 0.00
0.0.N: A proof was found: No trace exists. [0.01 s]
INFO (IPF057): 0.0.N: The property "descrambler.u_descrambler_sva.gen_dout_chk[488]._assert_9" was proven in 0.01 s.
0.0.B: Stopped processing property "descrambler.u_descrambler_sva.gen_dout_chk[488]._assert_9"	[0.01 s].
0.0.N: Stopped processing property "descrambler.u_descrambler_sva.gen_dout_chk[488]._assert_9"	[0.01 s].
0.0.B: Starting proof for property "descrambler.u_descrambler_sva.gen_dout_chk[489]._assert_9"	[0.00 s].
0.0.N: Starting proof for property "descrambler.u_descrambler_sva.gen_dout_chk[489]._assert_9"	[0.00 s].
0.0.B: A max_length bound was found. The shortest trace is no longer than 128 cycles. [0.00 s]
INFO (IPF008): 0.0.B: A max_length bound of 128 was found for the property "descrambler.u_descrambler_sva.gen_dout_chk[489]._assert_9" in 0.00 s.
0.0.B: Trace Attempt  1	[0.00 s]
0.0.B: Trace Attempt  2	[0.00 s]
0.0.B: Trace Attempt  3	[0.00 s]
0.0.B: Trace Attempt  4	[0.00 s]
0.0.B: Trace Attempt  5	[0.00 s]
0.0.N: Trace Attempt  1	[0.00 s]
0.0.N: Trace Attempt  2	[0.00 s]
0.0.N: Trace Attempt  2	[0.00 s]
0.0.N: Trace Attempt  3	[0.00 s]
0.0.N: Trace Attempt  3	[0.00 s]
0.0.N: Trace Attempt  4	[0.00 s]
0.0.N: Trace Attempt  5	[0.00 s]
0.0.N: Trace Attempt  1	[0.01 s]
0.0.N: Trace Attempt  2	[0.01 s]
0.0.N: Trace Attempt  3	[0.01 s]
0.0.N: Validation of fixpoint was successful. Time = 0.00
0.0.N: A proof was found: No trace exists. [0.01 s]
INFO (IPF057): 0.0.N: The property "descrambler.u_descrambler_sva.gen_dout_chk[489]._assert_9" was proven in 0.01 s.
0.0.B: Stopped processing property "descrambler.u_descrambler_sva.gen_dout_chk[489]._assert_9"	[0.01 s].
0.0.B: Starting proof for property "descrambler.u_descrambler_sva.gen_dout_chk[490]._assert_9"	[0.00 s].
0.0.N: Stopped processing property "descrambler.u_descrambler_sva.gen_dout_chk[489]._assert_9"	[0.01 s].
0.0.N: Starting proof for property "descrambler.u_descrambler_sva.gen_dout_chk[490]._assert_9"	[0.00 s].
0.0.B: A max_length bound was found. The shortest trace is no longer than 128 cycles. [0.00 s]
INFO (IPF008): 0.0.B: A max_length bound of 128 was found for the property "descrambler.u_descrambler_sva.gen_dout_chk[490]._assert_9" in 0.00 s.
0.0.B: Trace Attempt  1	[0.00 s]
0.0.B: Trace Attempt  2	[0.00 s]
0.0.B: Trace Attempt  3	[0.00 s]
0.0.B: Trace Attempt  4	[0.00 s]
0.0.B: Trace Attempt  5	[0.00 s]
0.0.N: Trace Attempt  1	[0.00 s]
0.0.N: Trace Attempt  2	[0.00 s]
0.0.N: Trace Attempt  2	[0.00 s]
0.0.N: Trace Attempt  3	[0.00 s]
0.0.N: Trace Attempt  3	[0.00 s]
0.0.N: Trace Attempt  4	[0.00 s]
0.0.N: Trace Attempt  5	[0.00 s]
0.0.N: Trace Attempt  1	[0.01 s]
0.0.N: Trace Attempt  2	[0.01 s]
0.0.N: Trace Attempt  3	[0.01 s]
0.0.N: Validation of fixpoint was successful. Time = 0.00
0.0.N: A proof was found: No trace exists. [0.01 s]
INFO (IPF057): 0.0.N: The property "descrambler.u_descrambler_sva.gen_dout_chk[490]._assert_9" was proven in 0.01 s.
0.0.N: Stopped processing property "descrambler.u_descrambler_sva.gen_dout_chk[490]._assert_9"	[0.01 s].
0.0.N: Starting proof for property "descrambler.u_descrambler_sva.gen_dout_chk[491]._assert_9"	[0.00 s].
0.0.B: Stopped processing property "descrambler.u_descrambler_sva.gen_dout_chk[490]._assert_9"	[0.01 s].
0.0.B: Starting proof for property "descrambler.u_descrambler_sva.gen_dout_chk[491]._assert_9"	[0.00 s].
0.0.B: A max_length bound was found. The shortest trace is no longer than 128 cycles. [0.00 s]
INFO (IPF008): 0.0.B: A max_length bound of 128 was found for the property "descrambler.u_descrambler_sva.gen_dout_chk[491]._assert_9" in 0.00 s.
0.0.B: Trace Attempt  1	[0.00 s]
0.0.B: Trace Attempt  2	[0.00 s]
0.0.B: Trace Attempt  3	[0.00 s]
0.0.B: Trace Attempt  4	[0.00 s]
0.0.B: Trace Attempt  5	[0.00 s]
0.0.N: Trace Attempt  1	[0.00 s]
0.0.N: Trace Attempt  2	[0.00 s]
0.0.N: Trace Attempt  2	[0.00 s]
0.0.N: Trace Attempt  3	[0.00 s]
0.0.N: Trace Attempt  3	[0.00 s]
0.0.N: Trace Attempt  4	[0.01 s]
0.0.N: Trace Attempt  5	[0.01 s]
0.0.N: Trace Attempt  1	[0.01 s]
0.0.N: Trace Attempt  2	[0.01 s]
0.0.N: Trace Attempt  3	[0.01 s]
0.0.N: Validation of fixpoint was successful. Time = 0.00
0.0.N: A proof was found: No trace exists. [0.01 s]
INFO (IPF057): 0.0.N: The property "descrambler.u_descrambler_sva.gen_dout_chk[491]._assert_9" was proven in 0.01 s.
0.0.N: Stopped processing property "descrambler.u_descrambler_sva.gen_dout_chk[491]._assert_9"	[0.01 s].
0.0.N: Starting proof for property "descrambler.u_descrambler_sva.gen_dout_chk[492]._assert_9"	[0.00 s].
0.0.B: Stopped processing property "descrambler.u_descrambler_sva.gen_dout_chk[491]._assert_9"	[0.01 s].
0.0.B: Starting proof for property "descrambler.u_descrambler_sva.gen_dout_chk[492]._assert_9"	[0.00 s].
0.0.B: A max_length bound was found. The shortest trace is no longer than 128 cycles. [0.00 s]
INFO (IPF008): 0.0.B: A max_length bound of 128 was found for the property "descrambler.u_descrambler_sva.gen_dout_chk[492]._assert_9" in 0.00 s.
0.0.B: Trace Attempt  1	[0.00 s]
0.0.B: Trace Attempt  2	[0.00 s]
0.0.B: Trace Attempt  3	[0.00 s]
0.0.B: Trace Attempt  4	[0.00 s]
0.0.B: Trace Attempt  5	[0.00 s]
0.0.N: Trace Attempt  1	[0.00 s]
0.0.N: Trace Attempt  2	[0.00 s]
0.0.N: Trace Attempt  2	[0.00 s]
0.0.N: Trace Attempt  3	[0.00 s]
0.0.N: Trace Attempt  3	[0.00 s]
0.0.N: Trace Attempt  4	[0.01 s]
0.0.N: Trace Attempt  5	[0.01 s]
0.0.N: Trace Attempt  1	[0.01 s]
0.0.N: Trace Attempt  2	[0.01 s]
0.0.N: Trace Attempt  3	[0.01 s]
0.0.N: Validation of fixpoint was successful. Time = 0.00
0.0.N: A proof was found: No trace exists. [0.01 s]
INFO (IPF057): 0.0.N: The property "descrambler.u_descrambler_sva.gen_dout_chk[492]._assert_9" was proven in 0.01 s.
0.0.N: Stopped processing property "descrambler.u_descrambler_sva.gen_dout_chk[492]._assert_9"	[0.01 s].
0.0.N: Starting proof for property "descrambler.u_descrambler_sva.gen_dout_chk[493]._assert_9"	[0.00 s].
0.0.B: Stopped processing property "descrambler.u_descrambler_sva.gen_dout_chk[492]._assert_9"	[0.01 s].
0.0.B: Starting proof for property "descrambler.u_descrambler_sva.gen_dout_chk[493]._assert_9"	[0.00 s].
0.0.B: A max_length bound was found. The shortest trace is no longer than 128 cycles. [0.00 s]
INFO (IPF008): 0.0.B: A max_length bound of 128 was found for the property "descrambler.u_descrambler_sva.gen_dout_chk[493]._assert_9" in 0.00 s.
0.0.B: Trace Attempt  1	[0.00 s]
0.0.B: Trace Attempt  2	[0.00 s]
0.0.B: Trace Attempt  3	[0.00 s]
0.0.B: Trace Attempt  4	[0.00 s]
0.0.N: Trace Attempt  1	[0.00 s]
0.0.B: Trace Attempt  5	[0.00 s]
0.0.N: Trace Attempt  2	[0.00 s]
0.0.N: Trace Attempt  2	[0.00 s]
0.0.N: Trace Attempt  3	[0.00 s]
0.0.N: Trace Attempt  3	[0.00 s]
0.0.N: Trace Attempt  4	[0.00 s]
0.0.N: Trace Attempt  5	[0.01 s]
0.0.N: Trace Attempt  1	[0.01 s]
0.0.N: Trace Attempt  2	[0.01 s]
0.0.N: Trace Attempt  3	[0.01 s]
0.0.N: Validation of fixpoint was successful. Time = 0.00
0.0.N: A proof was found: No trace exists. [0.01 s]
INFO (IPF057): 0.0.N: The property "descrambler.u_descrambler_sva.gen_dout_chk[493]._assert_9" was proven in 0.01 s.
0.0.N: Stopped processing property "descrambler.u_descrambler_sva.gen_dout_chk[493]._assert_9"	[0.01 s].
0.0.N: Starting proof for property "descrambler.u_descrambler_sva.gen_dout_chk[494]._assert_9"	[0.00 s].
0.0.B: Stopped processing property "descrambler.u_descrambler_sva.gen_dout_chk[493]._assert_9"	[0.01 s].
0.0.B: Starting proof for property "descrambler.u_descrambler_sva.gen_dout_chk[494]._assert_9"	[0.00 s].
0.0.B: A max_length bound was found. The shortest trace is no longer than 128 cycles. [0.00 s]
INFO (IPF008): 0.0.B: A max_length bound of 128 was found for the property "descrambler.u_descrambler_sva.gen_dout_chk[494]._assert_9" in 0.00 s.
0.0.B: Trace Attempt  1	[0.00 s]
0.0.B: Trace Attempt  2	[0.00 s]
0.0.B: Trace Attempt  3	[0.00 s]
0.0.B: Trace Attempt  4	[0.00 s]
0.0.B: Trace Attempt  5	[0.00 s]
0.0.N: Trace Attempt  1	[0.00 s]
0.0.N: Trace Attempt  2	[0.00 s]
0.0.N: Trace Attempt  2	[0.00 s]
0.0.N: Trace Attempt  3	[0.00 s]
0.0.N: Trace Attempt  3	[0.00 s]
0.0.N: Trace Attempt  4	[0.01 s]
0.0.N: Trace Attempt  5	[0.01 s]
0.0.N: Trace Attempt  1	[0.01 s]
0.0.N: Trace Attempt  2	[0.01 s]
0.0.N: Trace Attempt  3	[0.01 s]
0.0.N: Validation of fixpoint was successful. Time = 0.00
0.0.N: A proof was found: No trace exists. [0.01 s]
INFO (IPF057): 0.0.N: The property "descrambler.u_descrambler_sva.gen_dout_chk[494]._assert_9" was proven in 0.01 s.
0.0.B: Stopped processing property "descrambler.u_descrambler_sva.gen_dout_chk[494]._assert_9"	[0.01 s].
0.0.N: Stopped processing property "descrambler.u_descrambler_sva.gen_dout_chk[494]._assert_9"	[0.01 s].
0.0.B: Starting proof for property "descrambler.u_descrambler_sva.gen_dout_chk[495]._assert_9"	[0.00 s].
0.0.N: Starting proof for property "descrambler.u_descrambler_sva.gen_dout_chk[495]._assert_9"	[0.00 s].
0.0.B: A max_length bound was found. The shortest trace is no longer than 128 cycles. [0.00 s]
INFO (IPF008): 0.0.B: A max_length bound of 128 was found for the property "descrambler.u_descrambler_sva.gen_dout_chk[495]._assert_9" in 0.00 s.
0.0.B: Trace Attempt  1	[0.00 s]
0.0.B: Trace Attempt  2	[0.00 s]
0.0.B: Trace Attempt  3	[0.00 s]
0.0.B: Trace Attempt  4	[0.00 s]
0.0.B: Trace Attempt  5	[0.00 s]
0.0.N: Trace Attempt  1	[0.00 s]
0.0.N: Trace Attempt  2	[0.00 s]
0.0.N: Trace Attempt  2	[0.00 s]
0.0.N: Trace Attempt  3	[0.00 s]
0.0.N: Trace Attempt  3	[0.00 s]
0.0.N: Trace Attempt  4	[0.00 s]
0.0.N: Trace Attempt  5	[0.00 s]
0.0.N: Trace Attempt  1	[0.01 s]
0.0.N: Trace Attempt  2	[0.01 s]
0.0.N: Trace Attempt  3	[0.01 s]
0.0.N: Validation of fixpoint was successful. Time = 0.00
0: ProofGrid usable level: 18
0.0.N: A proof was found: No trace exists. [0.01 s]
INFO (IPF057): 0.0.N: The property "descrambler.u_descrambler_sva.gen_dout_chk[495]._assert_9" was proven in 0.01 s.
0.0.N: Stopped processing property "descrambler.u_descrambler_sva.gen_dout_chk[495]._assert_9"	[0.01 s].
0.0.N: Starting proof for property "descrambler.u_descrambler_sva.gen_dout_chk[496]._assert_9"	[0.00 s].
0.0.B: Stopped processing property "descrambler.u_descrambler_sva.gen_dout_chk[495]._assert_9"	[0.01 s].
0.0.B: Starting proof for property "descrambler.u_descrambler_sva.gen_dout_chk[496]._assert_9"	[0.00 s].
0.0.B: A max_length bound was found. The shortest trace is no longer than 128 cycles. [0.00 s]
INFO (IPF008): 0.0.B: A max_length bound of 128 was found for the property "descrambler.u_descrambler_sva.gen_dout_chk[496]._assert_9" in 0.00 s.
0.0.B: Trace Attempt  1	[0.00 s]
0.0.B: Trace Attempt  2	[0.00 s]
0.0.B: Trace Attempt  3	[0.00 s]
0.0.B: Trace Attempt  4	[0.00 s]
0.0.B: Trace Attempt  5	[0.00 s]
0.0.N: Trace Attempt  1	[0.00 s]
0.0.N: Trace Attempt  2	[0.00 s]
0.0.N: Trace Attempt  2	[0.00 s]
0.0.N: Trace Attempt  3	[0.00 s]
0.0.N: Trace Attempt  3	[0.00 s]
0.0.N: Trace Attempt  4	[0.00 s]
0.0.N: Trace Attempt  5	[0.00 s]
0.0.N: Trace Attempt  1	[0.01 s]
0.0.N: Trace Attempt  2	[0.01 s]
0.0.N: Trace Attempt  3	[0.01 s]
0.0.N: Validation of fixpoint was successful. Time = 0.00
0.0.N: A proof was found: No trace exists. [0.01 s]
INFO (IPF057): 0.0.N: The property "descrambler.u_descrambler_sva.gen_dout_chk[496]._assert_9" was proven in 0.01 s.
0.0.N: Stopped processing property "descrambler.u_descrambler_sva.gen_dout_chk[496]._assert_9"	[0.01 s].
0.0.N: Starting proof for property "descrambler.u_descrambler_sva.gen_dout_chk[497]._assert_9"	[0.00 s].
0.0.B: Stopped processing property "descrambler.u_descrambler_sva.gen_dout_chk[496]._assert_9"	[0.01 s].
0.0.B: Starting proof for property "descrambler.u_descrambler_sva.gen_dout_chk[497]._assert_9"	[0.00 s].
0.0.B: A max_length bound was found. The shortest trace is no longer than 128 cycles. [0.00 s]
INFO (IPF008): 0.0.B: A max_length bound of 128 was found for the property "descrambler.u_descrambler_sva.gen_dout_chk[497]._assert_9" in 0.00 s.
0.0.B: Trace Attempt  1	[0.00 s]
0.0.B: Trace Attempt  2	[0.00 s]
0.0.B: Trace Attempt  3	[0.00 s]
0.0.B: Trace Attempt  4	[0.00 s]
0.0.B: Trace Attempt  5	[0.00 s]
0.0.N: Trace Attempt  1	[0.00 s]
0.0.N: Trace Attempt  2	[0.00 s]
0.0.N: Trace Attempt  2	[0.00 s]
0.0.N: Trace Attempt  3	[0.00 s]
0.0.N: Trace Attempt  3	[0.00 s]
0.0.N: Trace Attempt  4	[0.00 s]
0.0.N: Trace Attempt  5	[0.00 s]
0.0.N: Trace Attempt  1	[0.01 s]
0.0.N: Trace Attempt  2	[0.01 s]
0.0.N: Trace Attempt  3	[0.01 s]
0.0.N: Validation of fixpoint was successful. Time = 0.00
0.0.N: A proof was found: No trace exists. [0.01 s]
INFO (IPF057): 0.0.N: The property "descrambler.u_descrambler_sva.gen_dout_chk[497]._assert_9" was proven in 0.01 s.
0.0.N: Stopped processing property "descrambler.u_descrambler_sva.gen_dout_chk[497]._assert_9"	[0.01 s].
0.0.N: Starting proof for property "descrambler.u_descrambler_sva.gen_dout_chk[498]._assert_9"	[0.00 s].
0.0.B: Stopped processing property "descrambler.u_descrambler_sva.gen_dout_chk[497]._assert_9"	[0.01 s].
0.0.B: Starting proof for property "descrambler.u_descrambler_sva.gen_dout_chk[498]._assert_9"	[0.00 s].
0.0.B: A max_length bound was found. The shortest trace is no longer than 128 cycles. [0.00 s]
INFO (IPF008): 0.0.B: A max_length bound of 128 was found for the property "descrambler.u_descrambler_sva.gen_dout_chk[498]._assert_9" in 0.00 s.
0.0.B: Trace Attempt  1	[0.00 s]
0.0.B: Trace Attempt  2	[0.00 s]
0.0.B: Trace Attempt  3	[0.00 s]
0.0.B: Trace Attempt  4	[0.00 s]
0.0.B: Trace Attempt  5	[0.00 s]
0.0.N: Trace Attempt  1	[0.00 s]
0.0.N: Trace Attempt  2	[0.00 s]
0.0.N: Trace Attempt  2	[0.00 s]
0.0.N: Trace Attempt  3	[0.00 s]
0.0.N: Trace Attempt  3	[0.00 s]
0.0.N: Trace Attempt  4	[0.00 s]
0.0.N: Trace Attempt  5	[0.00 s]
0.0.N: Trace Attempt  1	[0.01 s]
0.0.N: Trace Attempt  2	[0.01 s]
0.0.N: Trace Attempt  3	[0.01 s]
0.0.N: Validation of fixpoint was successful. Time = 0.00
0.0.N: A proof was found: No trace exists. [0.01 s]
INFO (IPF057): 0.0.N: The property "descrambler.u_descrambler_sva.gen_dout_chk[498]._assert_9" was proven in 0.01 s.
0.0.B: Stopped processing property "descrambler.u_descrambler_sva.gen_dout_chk[498]._assert_9"	[0.01 s].
0.0.N: Stopped processing property "descrambler.u_descrambler_sva.gen_dout_chk[498]._assert_9"	[0.01 s].
0.0.N: Starting proof for property "descrambler.u_descrambler_sva.gen_dout_chk[499]._assert_9"	[0.00 s].
0.0.B: Starting proof for property "descrambler.u_descrambler_sva.gen_dout_chk[499]._assert_9"	[0.00 s].
0.0.B: A max_length bound was found. The shortest trace is no longer than 128 cycles. [0.00 s]
INFO (IPF008): 0.0.B: A max_length bound of 128 was found for the property "descrambler.u_descrambler_sva.gen_dout_chk[499]._assert_9" in 0.00 s.
0.0.B: Trace Attempt  1	[0.00 s]
0.0.B: Trace Attempt  2	[0.00 s]
0.0.B: Trace Attempt  3	[0.00 s]
0.0.B: Trace Attempt  4	[0.00 s]
0.0.B: Trace Attempt  5	[0.00 s]
0.0.N: Trace Attempt  1	[0.00 s]
0.0.N: Trace Attempt  2	[0.00 s]
0.0.N: Trace Attempt  2	[0.00 s]
0.0.N: Trace Attempt  3	[0.00 s]
0.0.N: Trace Attempt  3	[0.00 s]
0.0.N: Trace Attempt  4	[0.00 s]
0.0.N: Trace Attempt  5	[0.00 s]
0.0.N: Trace Attempt  1	[0.01 s]
0.0.N: Trace Attempt  2	[0.01 s]
0.0.N: Trace Attempt  3	[0.01 s]
0.0.N: Validation of fixpoint was successful. Time = 0.00
0.0.N: A proof was found: No trace exists. [0.01 s]
INFO (IPF057): 0.0.N: The property "descrambler.u_descrambler_sva.gen_dout_chk[499]._assert_9" was proven in 0.01 s.
0.0.B: Stopped processing property "descrambler.u_descrambler_sva.gen_dout_chk[499]._assert_9"	[0.01 s].
0.0.N: Stopped processing property "descrambler.u_descrambler_sva.gen_dout_chk[499]._assert_9"	[0.01 s].
0.0.N: Starting proof for property "descrambler.u_descrambler_sva.gen_dout_chk[500]._assert_9"	[0.00 s].
0.0.B: Starting proof for property "descrambler.u_descrambler_sva.gen_dout_chk[500]._assert_9"	[0.00 s].
0.0.B: A max_length bound was found. The shortest trace is no longer than 128 cycles. [0.00 s]
INFO (IPF008): 0.0.B: A max_length bound of 128 was found for the property "descrambler.u_descrambler_sva.gen_dout_chk[500]._assert_9" in 0.00 s.
0.0.B: Trace Attempt  1	[0.00 s]
0.0.B: Trace Attempt  2	[0.00 s]
0.0.B: Trace Attempt  3	[0.00 s]
0.0.B: Trace Attempt  4	[0.00 s]
0.0.B: Trace Attempt  5	[0.00 s]
0.0.N: Trace Attempt  1	[0.00 s]
0.0.N: Trace Attempt  2	[0.00 s]
0.0.N: Trace Attempt  2	[0.00 s]
0.0.N: Trace Attempt  3	[0.00 s]
0.0.N: Trace Attempt  3	[0.00 s]
0.0.N: Trace Attempt  4	[0.00 s]
0.0.N: Trace Attempt  5	[0.00 s]
0.0.N: Trace Attempt  1	[0.01 s]
0.0.N: Trace Attempt  2	[0.01 s]
0.0.N: Trace Attempt  3	[0.01 s]
0.0.N: Validation of fixpoint was successful. Time = 0.00
0.0.N: A proof was found: No trace exists. [0.01 s]
INFO (IPF057): 0.0.N: The property "descrambler.u_descrambler_sva.gen_dout_chk[500]._assert_9" was proven in 0.00 s.
0.0.N: Stopped processing property "descrambler.u_descrambler_sva.gen_dout_chk[500]._assert_9"	[0.00 s].
0.0.N: Starting proof for property "descrambler.u_descrambler_sva.gen_dout_chk[501]._assert_9"	[0.00 s].
0.0.B: Stopped processing property "descrambler.u_descrambler_sva.gen_dout_chk[500]._assert_9"	[0.00 s].
0.0.B: Starting proof for property "descrambler.u_descrambler_sva.gen_dout_chk[501]._assert_9"	[0.00 s].
0.0.B: A max_length bound was found. The shortest trace is no longer than 128 cycles. [0.00 s]
INFO (IPF008): 0.0.B: A max_length bound of 128 was found for the property "descrambler.u_descrambler_sva.gen_dout_chk[501]._assert_9" in 0.00 s.
0.0.B: Trace Attempt  1	[0.00 s]
0.0.B: Trace Attempt  2	[0.00 s]
0.0.B: Trace Attempt  3	[0.00 s]
0.0.B: Trace Attempt  4	[0.00 s]
0.0.B: Trace Attempt  5	[0.00 s]
0.0.N: Trace Attempt  1	[0.00 s]
0.0.N: Trace Attempt  2	[0.00 s]
0.0.N: Trace Attempt  2	[0.00 s]
0.0.N: Trace Attempt  3	[0.00 s]
0.0.N: Trace Attempt  3	[0.00 s]
0.0.N: Trace Attempt  4	[0.00 s]
0.0.N: Trace Attempt  5	[0.00 s]
0.0.N: Trace Attempt  1	[0.01 s]
0.0.N: Trace Attempt  2	[0.01 s]
0.0.N: Trace Attempt  3	[0.01 s]
0.0.N: Validation of fixpoint was successful. Time = 0.00
0.0.N: A proof was found: No trace exists. [0.01 s]
INFO (IPF057): 0.0.N: The property "descrambler.u_descrambler_sva.gen_dout_chk[501]._assert_9" was proven in 0.01 s.
0.0.B: Stopped processing property "descrambler.u_descrambler_sva.gen_dout_chk[501]._assert_9"	[0.01 s].
0.0.B: Starting proof for property "descrambler.u_descrambler_sva.gen_dout_chk[502]._assert_9"	[0.00 s].
0.0.N: Stopped processing property "descrambler.u_descrambler_sva.gen_dout_chk[501]._assert_9"	[0.01 s].
0.0.N: Starting proof for property "descrambler.u_descrambler_sva.gen_dout_chk[502]._assert_9"	[0.00 s].
0.0.B: A max_length bound was found. The shortest trace is no longer than 128 cycles. [0.00 s]
INFO (IPF008): 0.0.B: A max_length bound of 128 was found for the property "descrambler.u_descrambler_sva.gen_dout_chk[502]._assert_9" in 0.00 s.
0.0.B: Trace Attempt  1	[0.00 s]
0.0.B: Trace Attempt  2	[0.00 s]
0.0.B: Trace Attempt  3	[0.00 s]
0.0.B: Trace Attempt  4	[0.00 s]
0.0.B: Trace Attempt  5	[0.00 s]
0.0.N: Trace Attempt  1	[0.00 s]
0.0.N: Trace Attempt  2	[0.00 s]
0.0.N: Trace Attempt  2	[0.00 s]
0.0.N: Trace Attempt  3	[0.00 s]
0.0.N: Trace Attempt  3	[0.00 s]
0.0.N: Trace Attempt  4	[0.00 s]
0.0.N: Trace Attempt  5	[0.00 s]
0.0.N: Trace Attempt  1	[0.01 s]
0.0.N: Trace Attempt  2	[0.01 s]
0.0.N: Trace Attempt  3	[0.01 s]
0.0.N: Validation of fixpoint was successful. Time = 0.00
0.0.N: A proof was found: No trace exists. [0.01 s]
INFO (IPF057): 0.0.N: The property "descrambler.u_descrambler_sva.gen_dout_chk[502]._assert_9" was proven in 0.01 s.
0.0.N: Stopped processing property "descrambler.u_descrambler_sva.gen_dout_chk[502]._assert_9"	[0.01 s].
0.0.N: Starting proof for property "descrambler.u_descrambler_sva.gen_dout_chk[503]._assert_9"	[0.00 s].
0.0.B: Stopped processing property "descrambler.u_descrambler_sva.gen_dout_chk[502]._assert_9"	[0.01 s].
0.0.B: Starting proof for property "descrambler.u_descrambler_sva.gen_dout_chk[503]._assert_9"	[0.00 s].
0.0.B: A max_length bound was found. The shortest trace is no longer than 128 cycles. [0.00 s]
INFO (IPF008): 0.0.B: A max_length bound of 128 was found for the property "descrambler.u_descrambler_sva.gen_dout_chk[503]._assert_9" in 0.00 s.
0.0.B: Trace Attempt  1	[0.00 s]
0.0.B: Trace Attempt  2	[0.00 s]
0.0.B: Trace Attempt  3	[0.00 s]
0.0.B: Trace Attempt  4	[0.00 s]
0.0.B: Trace Attempt  5	[0.00 s]
0.0.N: Trace Attempt  1	[0.00 s]
0.0.N: Trace Attempt  2	[0.00 s]
0.0.N: Trace Attempt  2	[0.00 s]
0.0.N: Trace Attempt  3	[0.00 s]
0.0.N: Trace Attempt  3	[0.00 s]
0.0.N: Trace Attempt  4	[0.00 s]
0.0.N: Trace Attempt  5	[0.00 s]
0.0.N: Trace Attempt  1	[0.01 s]
0.0.N: Trace Attempt  2	[0.01 s]
0.0.N: Trace Attempt  3	[0.01 s]
0.0.N: Validation of fixpoint was successful. Time = 0.00
0.0.N: A proof was found: No trace exists. [0.01 s]
INFO (IPF057): 0.0.N: The property "descrambler.u_descrambler_sva.gen_dout_chk[503]._assert_9" was proven in 0.01 s.
0.0.N: Stopped processing property "descrambler.u_descrambler_sva.gen_dout_chk[503]._assert_9"	[0.01 s].
0.0.N: Starting proof for property "descrambler.u_descrambler_sva.gen_dout_chk[504]._assert_9"	[0.00 s].
0.0.B: Stopped processing property "descrambler.u_descrambler_sva.gen_dout_chk[503]._assert_9"	[0.01 s].
0.0.B: Starting proof for property "descrambler.u_descrambler_sva.gen_dout_chk[504]._assert_9"	[0.00 s].
0.0.B: A max_length bound was found. The shortest trace is no longer than 128 cycles. [0.00 s]
INFO (IPF008): 0.0.B: A max_length bound of 128 was found for the property "descrambler.u_descrambler_sva.gen_dout_chk[504]._assert_9" in 0.00 s.
0.0.B: Trace Attempt  1	[0.00 s]
0.0.B: Trace Attempt  2	[0.00 s]
0.0.B: Trace Attempt  3	[0.00 s]
0.0.B: Trace Attempt  4	[0.00 s]
0.0.N: Trace Attempt  1	[0.00 s]
0.0.B: Trace Attempt  5	[0.00 s]
0.0.N: Trace Attempt  2	[0.00 s]
0.0.N: Trace Attempt  2	[0.00 s]
0.0.N: Trace Attempt  3	[0.00 s]
0.0.N: Trace Attempt  3	[0.00 s]
0.0.N: Trace Attempt  4	[0.00 s]
0.0.N: Trace Attempt  5	[0.01 s]
0.0.N: Trace Attempt  1	[0.01 s]
0.0.N: Trace Attempt  2	[0.01 s]
0.0.N: Trace Attempt  3	[0.01 s]
0.0.N: Validation of fixpoint was successful. Time = 0.00
0.0.N: A proof was found: No trace exists. [0.01 s]
INFO (IPF057): 0.0.N: The property "descrambler.u_descrambler_sva.gen_dout_chk[504]._assert_9" was proven in 0.01 s.
0.0.N: Stopped processing property "descrambler.u_descrambler_sva.gen_dout_chk[504]._assert_9"	[0.01 s].
0.0.N: Starting proof for property "descrambler.u_descrambler_sva.gen_dout_chk[505]._assert_9"	[0.00 s].
0.0.B: Stopped processing property "descrambler.u_descrambler_sva.gen_dout_chk[504]._assert_9"	[0.01 s].
0.0.B: Starting proof for property "descrambler.u_descrambler_sva.gen_dout_chk[505]._assert_9"	[0.00 s].
0.0.B: A max_length bound was found. The shortest trace is no longer than 128 cycles. [0.00 s]
INFO (IPF008): 0.0.B: A max_length bound of 128 was found for the property "descrambler.u_descrambler_sva.gen_dout_chk[505]._assert_9" in 0.00 s.
0.0.B: Trace Attempt  1	[0.00 s]
0.0.B: Trace Attempt  2	[0.00 s]
0.0.B: Trace Attempt  3	[0.00 s]
0.0.B: Trace Attempt  4	[0.00 s]
0.0.N: Trace Attempt  1	[0.00 s]
0.0.B: Trace Attempt  5	[0.00 s]
0.0.N: Trace Attempt  2	[0.00 s]
0.0.N: Trace Attempt  2	[0.00 s]
0.0.N: Trace Attempt  3	[0.00 s]
0.0.N: Trace Attempt  3	[0.00 s]
0.0.N: Trace Attempt  4	[0.01 s]
0.0.N: Trace Attempt  5	[0.01 s]
0.0.N: Trace Attempt  1	[0.01 s]
0.0.N: Trace Attempt  2	[0.01 s]
0.0.N: Trace Attempt  3	[0.01 s]
0.0.N: Validation of fixpoint was successful. Time = 0.00
0.0.N: A proof was found: No trace exists. [0.01 s]
INFO (IPF057): 0.0.N: The property "descrambler.u_descrambler_sva.gen_dout_chk[505]._assert_9" was proven in 0.01 s.
0.0.B: Stopped processing property "descrambler.u_descrambler_sva.gen_dout_chk[505]._assert_9"	[0.01 s].
0.0.B: Starting proof for property "descrambler.u_descrambler_sva.gen_dout_chk[506]._assert_9"	[0.00 s].
0.0.N: Stopped processing property "descrambler.u_descrambler_sva.gen_dout_chk[505]._assert_9"	[0.01 s].
0.0.N: Starting proof for property "descrambler.u_descrambler_sva.gen_dout_chk[506]._assert_9"	[0.00 s].
0.0.B: A max_length bound was found. The shortest trace is no longer than 128 cycles. [0.00 s]
INFO (IPF008): 0.0.B: A max_length bound of 128 was found for the property "descrambler.u_descrambler_sva.gen_dout_chk[506]._assert_9" in 0.00 s.
0.0.B: Trace Attempt  1	[0.00 s]
0.0.B: Trace Attempt  2	[0.00 s]
0.0.B: Trace Attempt  3	[0.00 s]
0.0.B: Trace Attempt  4	[0.00 s]
0.0.B: Trace Attempt  5	[0.00 s]
0.0.N: Trace Attempt  1	[0.00 s]
0.0.N: Trace Attempt  2	[0.00 s]
0.0.N: Trace Attempt  2	[0.00 s]
0.0.N: Trace Attempt  3	[0.00 s]
0.0.N: Trace Attempt  3	[0.00 s]
0.0.N: Trace Attempt  4	[0.01 s]
0.0.N: Trace Attempt  5	[0.01 s]
0.0.N: Trace Attempt  1	[0.01 s]
0.0.N: Trace Attempt  2	[0.01 s]
0.0.N: Trace Attempt  3	[0.01 s]
0.0.N: Validation of fixpoint was successful. Time = 0.00
0.0.N: A proof was found: No trace exists. [0.01 s]
INFO (IPF057): 0.0.N: The property "descrambler.u_descrambler_sva.gen_dout_chk[506]._assert_9" was proven in 0.01 s.
0.0.B: Stopped processing property "descrambler.u_descrambler_sva.gen_dout_chk[506]._assert_9"	[0.01 s].
0.0.B: Starting proof for property "descrambler.u_descrambler_sva.gen_dout_chk[507]._assert_9"	[0.00 s].
0.0.N: Stopped processing property "descrambler.u_descrambler_sva.gen_dout_chk[506]._assert_9"	[0.01 s].
0.0.N: Starting proof for property "descrambler.u_descrambler_sva.gen_dout_chk[507]._assert_9"	[0.00 s].
0.0.B: A max_length bound was found. The shortest trace is no longer than 128 cycles. [0.00 s]
INFO (IPF008): 0.0.B: A max_length bound of 128 was found for the property "descrambler.u_descrambler_sva.gen_dout_chk[507]._assert_9" in 0.00 s.
0.0.B: Trace Attempt  1	[0.00 s]
0.0.B: Trace Attempt  2	[0.00 s]
0.0.B: Trace Attempt  3	[0.00 s]
0.0.B: Trace Attempt  4	[0.00 s]
0.0.B: Trace Attempt  5	[0.00 s]
0.0.N: Trace Attempt  1	[0.00 s]
0.0.N: Trace Attempt  2	[0.00 s]
0.0.N: Trace Attempt  2	[0.00 s]
0.0.N: Trace Attempt  3	[0.00 s]
0.0.N: Trace Attempt  3	[0.00 s]
0.0.N: Trace Attempt  4	[0.01 s]
0.0.N: Trace Attempt  5	[0.01 s]
0.0.N: Trace Attempt  1	[0.01 s]
0.0.N: Trace Attempt  2	[0.01 s]
0.0.N: Trace Attempt  3	[0.01 s]
0.0.N: Validation of fixpoint was successful. Time = 0.00
0.0.N: A proof was found: No trace exists. [0.01 s]
INFO (IPF057): 0.0.N: The property "descrambler.u_descrambler_sva.gen_dout_chk[507]._assert_9" was proven in 0.01 s.
0.0.N: Stopped processing property "descrambler.u_descrambler_sva.gen_dout_chk[507]._assert_9"	[0.01 s].
0.0.N: Starting proof for property "descrambler.u_descrambler_sva.gen_dout_chk[508]._assert_9"	[0.00 s].
0.0.B: Stopped processing property "descrambler.u_descrambler_sva.gen_dout_chk[507]._assert_9"	[0.01 s].
0.0.B: Starting proof for property "descrambler.u_descrambler_sva.gen_dout_chk[508]._assert_9"	[0.00 s].
0.0.B: A max_length bound was found. The shortest trace is no longer than 128 cycles. [0.00 s]
INFO (IPF008): 0.0.B: A max_length bound of 128 was found for the property "descrambler.u_descrambler_sva.gen_dout_chk[508]._assert_9" in 0.00 s.
0.0.B: Trace Attempt  1	[0.00 s]
0.0.B: Trace Attempt  2	[0.00 s]
0.0.B: Trace Attempt  3	[0.00 s]
0.0.B: Trace Attempt  4	[0.00 s]
0.0.N: Trace Attempt  1	[0.00 s]
0.0.B: Trace Attempt  5	[0.00 s]
0.0.N: Trace Attempt  2	[0.00 s]
0.0.N: Trace Attempt  2	[0.00 s]
0.0.N: Trace Attempt  3	[0.00 s]
0.0.N: Trace Attempt  3	[0.00 s]
0.0.N: Trace Attempt  4	[0.00 s]
0.0.N: Trace Attempt  5	[0.00 s]
0.0.N: Trace Attempt  1	[0.01 s]
0.0.N: Trace Attempt  2	[0.01 s]
0.0.N: Trace Attempt  3	[0.01 s]
0.0.N: Validation of fixpoint was successful. Time = 0.00
0.0.N: A proof was found: No trace exists. [0.01 s]
INFO (IPF057): 0.0.N: The property "descrambler.u_descrambler_sva.gen_dout_chk[508]._assert_9" was proven in 0.01 s.
0.0.N: Stopped processing property "descrambler.u_descrambler_sva.gen_dout_chk[508]._assert_9"	[0.01 s].
0.0.N: Starting proof for property "descrambler.u_descrambler_sva.gen_dout_chk[509]._assert_9"	[0.00 s].
0.0.B: Stopped processing property "descrambler.u_descrambler_sva.gen_dout_chk[508]._assert_9"	[0.01 s].
0.0.B: Starting proof for property "descrambler.u_descrambler_sva.gen_dout_chk[509]._assert_9"	[0.00 s].
0.0.B: A max_length bound was found. The shortest trace is no longer than 128 cycles. [0.00 s]
INFO (IPF008): 0.0.B: A max_length bound of 128 was found for the property "descrambler.u_descrambler_sva.gen_dout_chk[509]._assert_9" in 0.00 s.
0.0.B: Trace Attempt  1	[0.00 s]
0.0.B: Trace Attempt  2	[0.00 s]
0.0.B: Trace Attempt  3	[0.00 s]
0.0.B: Trace Attempt  4	[0.00 s]
0.0.B: Trace Attempt  5	[0.00 s]
0.0.N: Trace Attempt  1	[0.00 s]
0.0.N: Trace Attempt  2	[0.00 s]
0.0.N: Trace Attempt  2	[0.00 s]
0.0.N: Trace Attempt  3	[0.00 s]
0.0.N: Trace Attempt  3	[0.00 s]
0.0.N: Trace Attempt  4	[0.00 s]
0.0.N: Trace Attempt  5	[0.00 s]
0.0.N: Trace Attempt  1	[0.01 s]
0.0.N: Trace Attempt  2	[0.01 s]
0.0.N: Trace Attempt  3	[0.01 s]
0.0.N: Validation of fixpoint was successful. Time = 0.00
0.0.N: A proof was found: No trace exists. [0.01 s]
INFO (IPF057): 0.0.N: The property "descrambler.u_descrambler_sva.gen_dout_chk[509]._assert_9" was proven in 0.01 s.
0.0.N: Stopped processing property "descrambler.u_descrambler_sva.gen_dout_chk[509]._assert_9"	[0.01 s].
0.0.N: Starting proof for property "descrambler.u_descrambler_sva.gen_dout_chk[510]._assert_9"	[0.00 s].
0.0.B: Stopped processing property "descrambler.u_descrambler_sva.gen_dout_chk[509]._assert_9"	[0.01 s].
0.0.B: Starting proof for property "descrambler.u_descrambler_sva.gen_dout_chk[510]._assert_9"	[0.00 s].
0.0.B: A max_length bound was found. The shortest trace is no longer than 128 cycles. [0.00 s]
INFO (IPF008): 0.0.B: A max_length bound of 128 was found for the property "descrambler.u_descrambler_sva.gen_dout_chk[510]._assert_9" in 0.00 s.
0.0.B: Trace Attempt  1	[0.00 s]
0.0.B: Trace Attempt  2	[0.00 s]
0.0.B: Trace Attempt  3	[0.00 s]
0.0.B: Trace Attempt  4	[0.00 s]
0.0.B: Trace Attempt  5	[0.00 s]
0.0.N: Trace Attempt  1	[0.00 s]
0.0.N: Trace Attempt  2	[0.00 s]
0.0.N: Trace Attempt  2	[0.00 s]
0.0.N: Trace Attempt  3	[0.00 s]
0.0.N: Trace Attempt  3	[0.00 s]
0.0.N: Trace Attempt  4	[0.00 s]
0.0.N: Trace Attempt  5	[0.00 s]
0.0.N: Trace Attempt  1	[0.01 s]
0.0.N: Trace Attempt  2	[0.01 s]
0.0.N: Trace Attempt  3	[0.01 s]
0.0.N: Validation of fixpoint was successful. Time = 0.00
0.0.N: A proof was found: No trace exists. [0.01 s]
INFO (IPF057): 0.0.N: The property "descrambler.u_descrambler_sva.gen_dout_chk[510]._assert_9" was proven in 0.01 s.
0.0.N: Stopped processing property "descrambler.u_descrambler_sva.gen_dout_chk[510]._assert_9"	[0.01 s].
0.0.N: Starting proof for property "descrambler.u_descrambler_sva.gen_dout_chk[511]._assert_9"	[0.00 s].
0.0.B: Stopped processing property "descrambler.u_descrambler_sva.gen_dout_chk[510]._assert_9"	[0.01 s].
0.0.B: Starting proof for property "descrambler.u_descrambler_sva.gen_dout_chk[511]._assert_9"	[0.00 s].
0.0.B: A max_length bound was found. The shortest trace is no longer than 128 cycles. [0.00 s]
INFO (IPF008): 0.0.B: A max_length bound of 128 was found for the property "descrambler.u_descrambler_sva.gen_dout_chk[511]._assert_9" in 0.00 s.
0.0.B: Trace Attempt  1	[0.00 s]
0.0.B: Trace Attempt  2	[0.00 s]
0.0.B: Trace Attempt  3	[0.00 s]
0.0.B: Trace Attempt  4	[0.00 s]
0.0.B: Trace Attempt  5	[0.00 s]
0.0.N: Trace Attempt  1	[0.00 s]
0.0.N: Trace Attempt  2	[0.00 s]
0.0.N: Trace Attempt  2	[0.00 s]
0.0.N: Trace Attempt  3	[0.00 s]
0.0.N: Trace Attempt  3	[0.00 s]
0.0.N: Trace Attempt  4	[0.00 s]
0.0.N: Trace Attempt  5	[0.00 s]
0.0.N: Trace Attempt  1	[0.01 s]
0.0.N: Trace Attempt  2	[0.01 s]
0.0.N: Trace Attempt  3	[0.01 s]
0.0.N: Validation of fixpoint was successful. Time = 0.00
0.0.N: A proof was found: No trace exists. [0.01 s]
INFO (IPF057): 0.0.N: The property "descrambler.u_descrambler_sva.gen_dout_chk[511]._assert_9" was proven in 0.01 s.
0.0.N: Stopped processing property "descrambler.u_descrambler_sva.gen_dout_chk[511]._assert_9"	[0.01 s].
0.0.N: Last scan. Per property time limit: 0s
0.0.N: Starting proof for property "descrambler.u_descrambler_sva._assert_7"	[0.00 s].
0.0.B: Stopped processing property "descrambler.u_descrambler_sva.gen_dout_chk[511]._assert_9"	[0.01 s].
0.0.B: Last scan. Per property time limit: 0s
0.0.B: Starting proof for property "descrambler.u_descrambler_sva._assert_7"	[0.00 s].
0.0.B: Trace Attempt  1	[0.00 s]
0.0.Ht: Trace Attempt  5	[5.01 s]
0.0.N: Trace Attempt  3	[0.01 s]
0.0.B: Trace Attempt  2	[0.02 s]
0.0.N: Trace Attempt  4	[0.02 s]
0.0.N: Trace Attempt  5	[0.02 s]
0.0.B: Trace Attempt  3	[0.04 s]
0.0.B: Trace Attempt  4	[0.07 s]
0.0.B: Trace Attempt  5	[0.11 s]
0: ProofGrid usable level: 1
0.0.N: Trace Attempt  1	[2.96 s]
0.0.N: Trace Attempt  2	[2.97 s]
0.0.N: Trace Attempt  3	[2.99 s]
0.0.B: Trace Attempt 10	[5.93 s]
0.0.Ht: Trace Attempt 12	[11.85 s]
0.0.N: Validation of fixpoint was successful. Time = 0.27
0.0.N: Requesting engine job to stop
0.0.B: Requesting engine job to stop
0.0.Hp: Requesting engine job to terminate
0.0.Ht: Requesting engine job to terminate
INFO (IPF144): 0: Initiating shutdown of proof [15.72 s]
0.0.N: A proof was found: No trace exists. [10.64 s]
INFO (IPF057): 0.0.N: The property "descrambler.u_descrambler_sva._assert_7" was proven in 10.64 s.
0.0.N: Stopped processing property "descrambler.u_descrambler_sva._assert_7"	[10.64 s].
0.0.N: All properties determined. [10.64 s]
0.0.B: Stopped processing property "descrambler.u_descrambler_sva._assert_7"	[10.65 s].
0.0.N: Exited with Success (@ 15.73 s)
0: ProofGrid usable level: 0
0.0.B: Trace Attempt 11	[9.07 s]
0.0.B: All properties determined. [10.65 s]
0.0.Ht: Interrupted (multi)
0.0.Ht: Trace Attempt 15	[15.32 s]
0.0.Ht: All properties determined. [16.02 s]
0.0.B: Exited with Success (@ 16.10 s)
0.0.Hp: Interrupted (multi)
0.0.Hp: All properties determined. [17.00 s]
0.0.Ht: Exited with Success (@ 17.01 s)
0.0.Hp: Exited with Success (@ 17.01 s)
0: --------------------------------------------------------------
ProofGrid Summary (utilization 99.44 %)
--------------------------------------------------------------
     engines started                               :     4
     engine jobs started                           :     4

    Average time in state (seconds)
    ------------------------------------------------------
    Engine  Pending     Running        Dead    Utilization
    ------------------------------------------------------
      N        0.07       15.72        0.00       99.57 %
     Hp        0.06       15.71        0.00       99.62 %
     Ht        0.08       15.64        0.00       99.50 %
      B        0.15       15.56        0.00       99.06 %
    all        0.09       15.66        0.00       99.44 %

    Total time in state (seconds)
    -----------------------------------------
            Pending     Running        Dead  
    -----------------------------------------
               0.35       62.63        0.00

    Data read    : 1.62 MiB
    Data written : 909.72 kiB

0: All pending notifications were processed.
INFO (IPF059): Completed proof on task: "<embedded>" for proof thread 0

==============================================================
SUMMARY
==============================================================
           Properties Considered              : 1038
                 assertions                   : 519
                  - proven                    : 519 (100%)
                  - bounded_proven (user)     : 0 (0%)
                  - bounded_proven (auto)     : 0 (0%)
                  - marked_proven             : 0 (0%)
                  - cex                       : 0 (0%)
                  - ar_cex                    : 0 (0%)
                  - undetermined              : 0 (0%)
                  - unknown                   : 0 (0%)
                  - error                     : 0 (0%)
                 covers                       : 519
                  - unreachable               : 2 (0.385356%)
                  - bounded_unreachable (user): 0 (0%)
                  - covered                   : 517 (99.6146%)
                  - ar_covered                : 0 (0%)
                  - undetermined              : 0 (0%)
                  - unknown                   : 0 (0%)
                  - error                     : 0 (0%)
[<embedded>] % 
[<embedded>] % # ---- Covers (best effort) ----
[<embedded>] % catch { cover -all }
1
[<embedded>] % 
[<embedded>] % # ---- Write summary ----
[<embedded>] % set fp [open $SUMMARY_TXT "w"]
file43
[<embedded>] % puts $fp "DESIGN_ID=$DESIGN_ID"
[<embedded>] % puts $fp "TOP=$TOP"
[<embedded>] % puts $fp "ASSERT_COUNT=[llength $ASSERTS]"
[<embedded>] % puts $fp "COVER_COUNT=[llength $COVERS]"
[<embedded>] % puts $fp "PROP_LIST=$PROP_LIST_TXT"
[<embedded>] % close $fp
[<embedded>] % 
[<embedded>] % puts "\n✅ DONE: Proof run completed (check Jasper property table / log for PROVED/FAILED)"

✅ DONE: Proof run completed (check Jasper property table / log for PROVED/FAILED)
[<embedded>] % puts "INFO: Wrote $SUMMARY_TXT"
INFO: Wrote verification_results/04377/summary.txt
[<embedded>] % puts "INFO: Wrote $PROP_LIST_TXT"
INFO: Wrote verification_results/04377/property_list.txt
[<embedded>] % exit 0
INFO (IPL005): Received request to exit from the console.
INFO (IPL014): Waiting for the Tcl-thread to exit.
INFO: Waiting for proof threads to stop...
INFO: Proof threads stopped.
INFO (IPL018): The peak resident set memory use for this session was 0.590 GB.
INFO (IPL015): The Tcl-thread exited with status 0.
INFO (IPL016): Exiting the analysis session with status 0.
