# ----------------------------------------
# JasperGold Version Info
# tool      : JasperGold 2021.03
# platform  : Linux 5.14.0-570.84.1.el9_6.x86_64
# version   : 2021.03 FCS 64 bits
# build date: 2021.03.23 02:50:43 UTC
# ----------------------------------------
# started   : 2026-02-23 13:42:47 EST
# hostname  : della-h14n12.(none)
# pid       : 1782451
# arguments : '-label' 'session_0' '-console' '//127.0.0.1:35103' '-nowindow' '-style' 'windows' '-exitonerror' '-data' 'AAAA8HicTY7BCsJADETfIoKIB39ErQhCoVdvFcGD10XLqq1FxVYPXvxV/6TOLloMZHaSTCZrgOTVNA0hOk/BkJQlaxbCFRu9bZj3lyRG0FUOGLFjS03GUXVf9ZUbFwpVKWMmPHDq5OyVWdDmmp+x6joq7pTqVVJGTJkzIxYvOLROTnu1/Hpy95dK8Sh4F/KrpPMX7N8lG/7j907S/Xb4AKc8JRc=' '-proj' '/home/ab2113/malik25_26/metrex/dataset/version_1/verification_results/01639/jgproject/sessionLogs/session_0' '-init' '-hidden' '/home/ab2113/malik25_26/metrex/dataset/version_1/verification_results/01639/jgproject/.tmp/.initCmds.tcl' './jasper_verif_check.tcl' '-hidden' '/home/ab2113/malik25_26/metrex/dataset/version_1/verification_results/01639/jgproject/.tmp/.postCmds.tcl'

Any disclosure about the Cadence Design Systems software or its use
model to any third party violates the written Non-Disclosure Agreement
between Cadence Design Systems, Inc. and the customer.

THIS SOFTWARE CONTAINS CONFIDENTIAL INFORMATION AND TRADE SECRETS OF
CADENCE DESIGN SYSTEMS, INC. USE, DISCLOSURE, OR REPRODUCTION IS
PROHIBITED WITHOUT THE PRIOR EXPRESS WRITTEN PERMISSION OF CADENCE
DESIGN SYSTEMS, INC.

Copyright (C) 2000-2021 Cadence Design Systems, Inc. All Rights
Reserved.  Unpublished -- rights reserved under the copyright laws of
the United States.

This product includes software developed by others and redistributed
according to license agreement. See doc/third_party_readme.txt for
further details.

RESTRICTED RIGHTS LEGEND

Use, duplication, or disclosure by the Government is subject to
restrictions as set forth in subparagraph (c) (1) (ii) of the Rights in
Technical Data and Computer Software clause at DFARS 252.227-7013 or
subparagraphs (c) (1) and (2) of Commercial Computer Software -- Restricted
Rights at 48 CFR 52.227-19, as applicable.


                          Cadence Design Systems, Inc. 
                          2655 Seely Avenue
                          San Jose, CA 95134
                          Phone: 408.943.1234

For technical assistance visit http://support.cadence.com.

JasperGold Apps Analysis Session - /home/ab2113/malik25_26/metrex/dataset/version_1/verification_results/01639/jgproject/sessionLogs/session_0

INFO: successfully checked out license "jasper_fao".
INFO: reading configuration file "/home/ab2113/.config/jasper/jaspergold.conf".
% # ============================================================
% # JasperGold Assertion Verification Runner (env-driven)
% # Output: verification_results/<DESIGN_ID>/
% #
% # Env:
% #   DESIGN_ID     : required (subfolder name)
% #   JG_DESIGN     : required, space/colon-separated RTL file paths OR a directory
% #   JG_SVA        : required, space/colon-separated SVA file paths OR a directory
% #
% # Optional:
% #   JG_TOP        : top module name. If missing, inferred from RTL (default: infer)
% #   JG_STD        : sv12 | sv11 | sv09 (default: sv12)
% #   JG_INCDIRS    : colon/space-separated include dirs (optional)
% #   JG_DEFINES    : space-separated defines NAME or NAME=VAL (optional)
% #   JG_NO_CLOCK   : 1 to force combinational clocking (default: 0)
% #   JG_RESET      : explicit reset signal name (optional)
% #   JG_RESET_EXPR : explicit reset expression (optional)
% # ============================================================
% 
% proc split_env_list {s} {
  if {$s eq ""} {return {}}
  set out {}
  foreach p [split $s " :"] { if {$p ne ""} {lappend out $p} }
  return $out
}
% 
% proc split_space_list {s} {
  if {$s eq ""} {return {}}
  set out {}
  foreach p [split $s " "] { if {$p ne ""} {lappend out $p} }
  return $out
}
% 
% proc collect_files_any {path} {
  # If path is a file, return it. If directory, glob common HDL extensions.
  if {[file isfile $path]} { return [list $path] }
  if {![file isdirectory $path]} { error "Not a file or directory: $path" }

  set patterns {*.sv *.svh *.v *.vh}
  set flist {}
  foreach p $patterns {
    foreach f [glob -nocomplain -types f -directory $path -tails -- $p] {
      lappend flist [file join $path $f]
    }
  }
  if {[llength $flist] == 0} { error "No HDL files found in directory: $path" }
  return $flist
}
% 
% proc read_file_text {path} {
  set fp [open $path "r"]
  set data [read $fp]
  close $fp
  return $data
}
% 
% proc strip_comments {text} {
  set out $text
  regsub -all {(?s)/\*.*?\*/} $out "" out
  regsub -all {(?m)//.*$} $out "" out
  return $out
}
% 
% proc infer_top_from_file {f} {
  if {![file isfile $f]} { return "" }
  set txt [strip_comments [read_file_text $f]]
  if {[regexp -nocase -line {^\s*module\s+([A-Za-z_][A-Za-z0-9_]*)} $txt -> m]} {
    return $m
  }
  return ""
}
% 
% proc find_reset_signal {top files} {
  set top_l [string tolower $top]
  set keywords {input output inout wire reg logic signed unsigned integer parameter localparam bit tri supply0 supply1 tri0 tri1 wand wor}
  foreach f $files {
    if {![file isfile $f]} { continue }
    set txt [strip_comments [read_file_text $f]]
    set re "(?s)\\mmodule\\s+${top_l}\\M\\s*(#\\s*\\(.*?\\)\\s*)?\\((.*?)\\)\\s*;"
    if {[regexp -nocase -- $re $txt -> _port_params portlist]} {
      set tokens [regexp -all -inline {\m[A-Za-z_][A-Za-z0-9_]*\M} $portlist]
      set names {}
      foreach t $tokens {
        set tl [string tolower $t]
        if {[lsearch -exact $keywords $tl] >= 0} { continue }
        lappend names $t
      }
      if {[llength $names] == 0} { continue }
      set lower_map [dict create]
      foreach n $names { dict set lower_map [string tolower $n] $n }
      set exact_priority {reset_n rst_n resetb rstb resetn rstn areset_n arst_n reset rst areset arst}
      foreach p $exact_priority {
        if {[dict exists $lower_map $p]} { return [dict get $lower_map $p] }
      }
      foreach n $names {
        set ln [string tolower $n]
        if {[regexp {(^|_)reset(_|$)} $ln] || [regexp {(^|_)rst(_|$)} $ln]} {
          return $n
        }
      }
    }
  }
  return ""
}
% 
% # ---- Read config from environment ----
% if {![info exists ::env(DESIGN_ID)] || $::env(DESIGN_ID) eq ""} {
  puts "ERROR: DESIGN_ID not set."
  exit 2
}
% if {![info exists ::env(JG_DESIGN)] || $::env(JG_DESIGN) eq ""} {
  puts "ERROR: JG_DESIGN not set."
  exit 2
}
% if {![info exists ::env(JG_SVA)] || $::env(JG_SVA) eq ""} {
  puts "ERROR: JG_SVA not set."
  exit 2
}
% 
% set DESIGN_ID $::env(DESIGN_ID)
01639
% 
% # JG_TOP is optional: if missing, infer from RTL
% set TOP ""
% if {[info exists ::env(JG_TOP)] && $::env(JG_TOP) ne ""} {
  set TOP $::env(JG_TOP)
}
% 
% set STD      [expr {[info exists ::env(JG_STD)] ? $::env(JG_STD) : "sv12"}]
sv12
% set INCDIRS  [expr {[info exists ::env(JG_INCDIRS)] ? [split_env_list $::env(JG_INCDIRS)] : {}}]
% # Defines should be space-separated (do NOT split on ':')
% set DEFINES  [expr {[info exists ::env(JG_DEFINES)] ? [split_space_list $::env(JG_DEFINES)] : {}}]
% set NO_CLOCK [expr {[info exists ::env(JG_NO_CLOCK)] ? $::env(JG_NO_CLOCK) : 0}]
1
% 
% # JG_DESIGN/JG_SVA can be:
% # - a directory
% # - a single file
% # - a list of files/dirs separated by spaces/colons
% set DESIGN_INPUTS [split_env_list $::env(JG_DESIGN)]
./01639/module.v
% set SVA_INPUTS    [split_env_list $::env(JG_SVA)]
./01639/sva.sv
% 
% set DESIGN_FILES {}
% foreach p $DESIGN_INPUTS { set DESIGN_FILES [concat $DESIGN_FILES [collect_files_any $p]] }
% 
% # Infer TOP if not provided
% if {$TOP eq ""} {
  foreach f $DESIGN_FILES {
    set guess [infer_top_from_file $f]
    if {$guess ne ""} { set TOP $guess; break }
  }
  if {$TOP eq ""} {
    puts "ERROR: Could not infer TOP from design files; set JG_TOP explicitly."
    exit 2
  }
}
% puts "INFO: Using TOP = $TOP"
INFO: Using TOP = VGA1Interface
% 
% set SVA_FILES {}
% foreach p $SVA_INPUTS { set SVA_FILES [concat $SVA_FILES [collect_files_any $p]] }
% 
% # ---- Output dir ----
% set OUT_DIR [file join "verification_results" $DESIGN_ID]
verification_results/01639
% file mkdir $OUT_DIR
% set PROP_LIST_TXT [file join $OUT_DIR "property_list.txt"]
verification_results/01639/property_list.txt
% set SUMMARY_TXT   [file join $OUT_DIR "summary.txt"]
verification_results/01639/summary.txt
% 
% puts "INFO: Verification run starting"
INFO: Verification run starting
% puts "  DESIGN_ID : $DESIGN_ID"
  DESIGN_ID : 01639
% puts "  TOP       : $TOP"
  TOP       : VGA1Interface
% puts "  STD       : $STD"
  STD       : sv12
% puts "  INCDIRS   : $INCDIRS"
  INCDIRS   : 
% puts "  DEFINES   : $DEFINES"
  DEFINES   : 
% puts "  NO_CLOCK  : $NO_CLOCK"
  NO_CLOCK  : 1
% puts "  N_DESIGN  : [llength $DESIGN_FILES]"
  N_DESIGN  : 1
% puts "  N_SVA     : [llength $SVA_FILES]"
  N_SVA     : 1
% puts "  OUT_DIR   : $OUT_DIR"
  OUT_DIR   : verification_results/01639
% 
% # Optional: promote common message groups to errors (best-effort)
% if {[llength [info commands set_msg_config]]} {
  set_msg_config -id COMP*  -severity error
  set_msg_config -id PARSE* -severity error
  set_msg_config -id ELAB*  -severity error
}
% 
% # ---- Build analyze options ----
% set analyze_opts [list analyze -$STD]
analyze -sv12
% if {[llength $INCDIRS] > 0} { lappend analyze_opts -incdir $INCDIRS }
% if {[llength $DEFINES] > 0} {
  foreach d $DEFINES { lappend analyze_opts -define $d }
}
% 
% # ---- Analyze + Elaborate ----
% set err 0
0
% puts "DEBUG: DESIGN_FILES = $DESIGN_FILES"
DEBUG: DESIGN_FILES = ./01639/module.v
% puts "DEBUG: SVA_FILES    = $SVA_FILES"
DEBUG: SVA_FILES    = ./01639/sva.sv
% 
% if {[catch {eval $analyze_opts $DESIGN_FILES} msg]} {
  puts "ERROR: analyze design failed:\n$msg"
  set err 1
}
[-- (VERI-1482)] Analyzing Verilog file '/scratch/gpfs/LICENSED/x86_64/cadence-20210126/jasper_2021.03/lib/verilog/packages/std/std.sv' into library 'std'
[-- (VERI-1482)] Analyzing Verilog file './01639/module.v'
% if {!$err && [catch {eval $analyze_opts $SVA_FILES} msg2]} {
  puts "ERROR: analyze SVA failed:\n$msg2"
  set err 1
}
[-- (VERI-1482)] Analyzing Verilog file './01639/sva.sv'
% 
% puts "DEBUG: Elaborating TOP='$TOP'"
DEBUG: Elaborating TOP='VGA1Interface'
% if {!$err && [catch {elaborate -top $TOP} emsg]} {
  puts "ERROR: elaborate failed:\n$emsg"
  set err 1
}
INFO (ISW003): Top module name is "VGA1Interface".
[INFO (HIER-8002)] ./01639/module.v(116): Disabling old hierarchical reference handler
[INFO (VERI-1018)] ./01639/sva.sv(4): compiling module 'VGA1Interface_sva'
[WARN (VERI-1796)] ./01639/sva.sv(97): system function call isunknown with non-constant argument is not synthesizable
[INFO (VERI-1018)] ./01639/module.v(1): compiling module 'VGA1Interface'
[INFO (VERI-8005)] ./01639/module.v(18): Unintentional Sequential element inferred for clock2 read before write using blocking assignment
[WARN (VERI-1209)] ./01639/module.v(39): expression size 32 truncated to fit in target size 10
[WARN (VERI-1209)] ./01639/module.v(45): expression size 32 truncated to fit in target size 9
[INFO (VERI-8005)] ./01639/module.v(58): Unintentional Sequential element inferred for ix read before write using blocking assignment
[INFO (VERI-8005)] ./01639/module.v(59): Unintentional Sequential element inferred for iy read before write using blocking assignment
INFO (INL208): Elaboration synthesis summary:
  Number of synthesized netlists          3 (1 packages)
  Single run mode                         On
  Pipeline                                On (2 pipelined netlists)
  Late hierarchical reference connection  On
  Number of analyzed Verilog modules      3 (3 synthesized)
  Number of analyzed VHDL entities        0 (0 synthesized)
INFO (INL003): Clearing all state information (assumes, stopats, and so forth).
[<embedded>] % 
[<embedded>] % # If combinational / event-driven, you can force "no clock"
[<embedded>] % if {!$err && $NO_CLOCK} {
  catch { clock -none }
}
INFO (ICK008): Enabling clock-free environment.
0
[<embedded>] % 
[<embedded>] % if {$err} {
  puts "\n❌ FAILED: compile/elab errors"
  exit 1
}
[<embedded>] % 
[<embedded>] % # ---- Reset -----
[<embedded>] % set RESET_SIG ""
[<embedded>] % set RESET_EXPR ""
[<embedded>] % if {[info exists ::env(JG_RESET_EXPR)] && $::env(JG_RESET_EXPR) ne ""} {
  set RESET_EXPR $::env(JG_RESET_EXPR)
} elseif {[info exists ::env(JG_RESET)] && $::env(JG_RESET) ne ""} {
  set RESET_SIG $::env(JG_RESET)
} else {
  set RESET_SIG [find_reset_signal $TOP $DESIGN_FILES]
}
reset
[<embedded>] % 
[<embedded>] % if {$RESET_EXPR ne ""} {
  puts "INFO: Using reset expression: $RESET_EXPR"
  catch { reset -expression $RESET_EXPR }
} elseif {$RESET_SIG ne ""} {
  if {[regexp -nocase {(_n|_b)$} $RESET_SIG]} {
    set RESET_EXPR "!$RESET_SIG"
    puts "INFO: Using active-low reset expression: $RESET_EXPR"
    catch { reset -expression $RESET_EXPR }
  } else {
    puts "INFO: Using reset signal: $RESET_SIG"
    catch { reset $RESET_SIG }
  }
} else {
  puts "INFO: No reset signal found; using reset -none"
  catch { reset -none }
}
INFO: Using reset signal: reset
INFO (IPM031): Clearing proof results of all properties.
INFO (IRS006): Current reset condition is "reset".
0
[<embedded>] % 
[<embedded>] % # ---- Property discovery (bind sanity check) ----
[<embedded>] % set ASSERTS {}
[<embedded>] % set COVERS  {}
[<embedded>] % catch { set ASSERTS [assert -list -silent] }
0
[<embedded>] % catch { set COVERS  [cover  -list -silent] }
0
[<embedded>] % 
[<embedded>] % puts "INFO: Found [llength $ASSERTS] asserts, [llength $COVERS] covers"
INFO: Found 33 asserts, 45 covers
[<embedded>] % 
[<embedded>] % # Write property names
[<embedded>] % set fp [open $PROP_LIST_TXT "w"]
file41
[<embedded>] % puts $fp "ASSERT PROPERTIES:"
[<embedded>] % foreach a $ASSERTS { puts $fp $a }
[<embedded>] % puts $fp ""
[<embedded>] % puts $fp "COVER PROPERTIES:"
[<embedded>] % foreach c $COVERS { puts $fp $c }
[<embedded>] % close $fp
[<embedded>] % 
[<embedded>] % if {[llength $ASSERTS] == 0 && [llength $COVERS] == 0} {
  puts "\n❌ FAILED: No properties found (bind likely didn't attach, or wrong TOP)"
  exit 3
}
[<embedded>] % 
[<embedded>] % # ---- Prove all assertions ----
[<embedded>] % # 3600 seconds = 1 hour timeout per property (adjust as needed)
[<embedded>] % set_prove_time_limit 3600
[<embedded>] % puts "INFO: Running prove -all"
INFO: Running prove -all
[<embedded>] % if {[catch { prove -all } pmsg]} {
  puts "ERROR: prove command failed:\n$pmsg"
  exit 4
}
Ncustom1: Custom engine code is hT3Ng7hPPfiYQOTDZ3qhYOwGAM51eA+J/FjkM5shLioAsqhgLR4Ft+O1BuKG6ilQ83B9tLXSl+CwjiTMAQA
AMcustom2: Custom engine code is hT3Ng7hP/feYQOTDZ3qhYOwGAM51eA+J/FjkM5shLioAsqhgLR4Ft+O1BuKG6ilQ83B9tLXSmmqwm7g9AQA
INFO (IPF036): Starting proof on task: "<embedded>", 78 properties to prove with 0 already proven/unreachable
INFO (IRS029): Starting reset analysis: phase 1 of 4.
INFO (IRS030): Running reset analysis: phase 2 of 4.
INFO (IRS031): Running reset analysis: phase 3 of 4.
INFO (IRS020): Starting the reset analysis simulation with a limit of 100 iterations (phase 4 of 4).
INFO (IRS024): Reset iterations 0 to 4 analyzed.
INFO (IRS018): Reset analysis simulation executed for 3 iterations. Assigned values for 0 of 28 design flops, 0 of 0 design latches, 1650 of 1772 internal elements.
INFO (IRS039): Reset analysis complete.
INFO (IPF031): Settings used for proof thread 0:
    orchestration                 = on (auto)
    time_limit                    = 3600s
    per_property_time_limit       = 1s * 10 ^ scan
    engine_mode                   = auto
    proofgrid_per_engine_max_jobs = 1
    max engine jobs               = auto
    proofgrid_mode                = local
    proofgrid_restarts            = 10
AMcustom3: Custom engine code is hT3NE7hP/2Fz2XrVSbG0RDiSlOmcEY54dTxWvdDsI3//MxFcPzdQEJVlimlZshtLUKCpt0qXHu9EQAivsvCTP5Pi2s9EBccXnc85FrzRRX45WcXC5XpA9kyHdIYmOxUqsRrN5ntdfkwHRnO7f82Dn4pCsne09HV19Yd/o8VzV0c8nka+2MMhbNDEdLGC4SmTi8oNy00Nn40QJnMevDlPY3jIAQA
Ncustom4: Custom engine code is hT3OXrhPByJp3TrFSTLhUmMH4KVtJgmTCnNDF46yMXOKY48m4LS5nE7yBzFjA7kDuwO/GhGUpEPiky3p3wmPn3dJZHxFMsafSoObRzSC+tn7sEY0WbTdZ/FV4hL3MYH/b1CIUvXSWR4wqEoVLsmMOD4xIPT4lI1LO6ZCO7PnnWQuLwetnvKlrXx6wCW/A+x+enqslg1YPobi4wEF/EvbzOvcTYdJvl2s4H2yZg2b2ofAVN5WvhWk1HoBAA
Ncustom5: Custom engine code is hT3NR7hPByFp3TrFSTLhUmMH4KWtJglTyV/c51BHEeZWamnJv767nE6PCak26bd3gf3XGN3rIRheufhDieCJQVISo+gNYUKhiUedBKGtsP/a18svAnlMJZudHxDFwK5ufsyoxsIyiAeSY2oi3tEuoDHr5gw42DFKAG3PqO3CEsl8Azzdt3pl5nGA1Ifv2H02eYsFzWb/nfp8PMb3F0krE/EgBcm8TD9Div8BAA
Tricustom6: Custom engine code is hT3Nu7hP3fiYQADBZnYcglNHp9bfd7EOeniIqP/ji8sGLQu8yhsFO+wxJ+O+R0bU8g/IewXFomyos+viQnWc2xYNYmMqpo3i40O7DaZR7qfp4YqNx26KRvQ/qx0BAA
0.0.PRE: A proof was found: No trace exists. [0.00 s]
INFO (IPF057): 0.0.PRE: The property "VGA1Interface.sva._assert_11" was proven in 0.00 s.
0.0.PRE: A proof was found: No trace exists. [0.00 s]
INFO (IPF057): 0.0.PRE: The property "VGA1Interface.sva._assert_12" was proven in 0.00 s.
0.0.PRE: A proof was found: No trace exists. [0.00 s]
INFO (IPF057): 0.0.PRE: The property "VGA1Interface.sva._assert_13" was proven in 0.00 s.
0.0.PRE: A proof was found: No trace exists. [0.00 s]
INFO (IPF057): 0.0.PRE: The property "VGA1Interface.sva._assert_32" was proven in 0.00 s.
0.0.PRE: A proof was found: No trace exists. [0.00 s]
INFO (IPF057): 0.0.PRE: The property "VGA1Interface.sva._assert_33" was proven in 0.00 s.
0: Found proofs for 5 properties in preprocessing
0: Using multistage preprocessing
0: Starting reduce
0: Finished reduce in 0.114s
0.0.PRE: Performing Proof Simplification...
0.0.N: clocks: 3, declared: 1, disabling: 0, posedge: 3, negedge: 0, noedge: 0, bothedge: 0
0.0.N: Proof Simplification Iteration 1	[0.00 s]
0.0.N: Proof Simplification Iteration 2	[0.00 s]
0.0.N: Proof Simplification Iteration 3	[0.00 s]
0.0.PRE: A proof was found: No trace exists. [0.00 s]
INFO (IPF057): 0.0.PRE: The property ":noDeadEnd" was proven in 0.00 s.
    Use check_assumptions -show -dead_end to show this property in the property table.
0.0.PRE: A proof was found: No trace exists. [0.00 s]
INFO (IPF057): 0.0.PRE: The property ":noConflict" was proven in 0.00 s.
    Use check_assumptions -show to show this property in the property table.
INFO (IPF047): 0.0.PRE: The cover property ":live" was covered in 1 cycles in 0.00 s.
    Use check_assumptions -show -live to show this property in the property table.
0.0.PRE: Proof Simplification completed in 0.01 s
0: About to start ProofGrid in its own thread with a limit of 10000 pending notifications and a limit of 10 traces.
0: =============================== ProofGrid start ===============================
0: ProofGrid usable level: 73
0: ProofGrid is starting event handling
0.0.N: Proofgrid shell started at 1782617@della-h14n12(local) jg_1782451_della-h14n12_1
0.0.Hp: Proofgrid shell started at 1782618@della-h14n12(local) jg_1782451_della-h14n12_1
0.0.N: OS RSS memory limit : 17179869184 / 17179869184
0.0.Hp: OS RSS memory limit : 17179869184 / 17179869184
0.0.N: clocks: 1, declared: 1, disabling: 0, posedge: 1, negedge: 0, noedge: 0, bothedge: 0
0.0.Hp: clocks: 1, declared: 1, disabling: 0, posedge: 1, negedge: 0, noedge: 0, bothedge: 0
0.0.N: Next scan (0) will use per property time limit: 1s * 10 ^ 0 = 1s
0.0.N: Starting proof for property "VGA1Interface.sva._assert_1"	[0.00 s].
0.0.N: Trace Attempt  1	[0.00 s]
0.0.N: A trace with 1 cycles was found. [0.00 s]
INFO (IPF055): 0.0.N: A counterexample (cex) with 1 cycles was found for the property "VGA1Interface.sva._assert_1" in 0.02 s.
INFO (IPF047): 0.0.N: The cover property "VGA1Interface.sva._assert_3:precondition1" was covered in 1 cycles in 0.02 s by the incidental trace "VGA1Interface.sva._assert_1".
INFO (IPF047): 0.0.N: The cover property "VGA1Interface.sva._assert_5:precondition1" was covered in 1 cycles in 0.02 s by the incidental trace "VGA1Interface.sva._assert_1".
INFO (IPF055): 0.0.N: A counterexample (cex) with 1 cycles was found for the property "VGA1Interface.sva._assert_9" in 0.02 s by the incidental trace "VGA1Interface.sva._assert_1".
INFO (IPF055): 0.0.N: A counterexample (cex) with 1 cycles was found for the property "VGA1Interface.sva._assert_10" in 0.02 s by the incidental trace "VGA1Interface.sva._assert_1".
INFO (IPF047): 0.0.N: The cover property "VGA1Interface.sva._assert_14:precondition1" was covered in 1 cycles in 0.02 s by the incidental trace "VGA1Interface.sva._assert_1".
INFO (IPF047): 0.0.N: The cover property "VGA1Interface.sva._assert_22:precondition1" was covered in 1 cycles in 0.02 s by the incidental trace "VGA1Interface.sva._assert_1".
INFO (IPF047): 0.0.N: The cover property "VGA1Interface.sva.COV_TILES[0]._cover_39" was covered in 1 cycles in 0.02 s by the incidental trace "VGA1Interface.sva._assert_1".
INFO (IPF047): 0.0.N: The cover property "VGA1Interface.sva.COV_TILES[0]._cover_40" was covered in 1 cycles in 0.02 s by the incidental trace "VGA1Interface.sva._assert_1".
0.0.N: Stopped processing property "VGA1Interface.sva._assert_1"	[0.02 s].
0.0.N: Starting proof for property "VGA1Interface.sva._assert_2"	[0.00 s].
0.0.N: Trace Attempt  1	[0.00 s]
0.0.N: A trace with 1 cycles was found. [0.00 s]
INFO (IPF055): 0.0.N: A counterexample (cex) with 1 cycles was found for the property "VGA1Interface.sva._assert_2" in 0.00 s.
INFO (IPF047): 0.0.N: The cover property "VGA1Interface.sva._assert_13:precondition1" was covered in 1 cycles in 0.00 s by the incidental trace "VGA1Interface.sva._assert_2".
INFO (IPF047): 0.0.N: The cover property "VGA1Interface.sva._cover_38" was covered in 1 cycles in 0.00 s by the incidental trace "VGA1Interface.sva._assert_2".
0.0.N: Stopped processing property "VGA1Interface.sva._assert_2"	[0.00 s].
0.0.N: Starting proof for property "VGA1Interface.sva._assert_3"	[0.00 s].
0.0.N: Trace Attempt  1	[0.00 s]
0.0.N: Trace Attempt  2	[0.00 s]
0.0.N: Trace Attempt  2	[0.00 s]
0.0.N: Trace Attempt  3	[0.00 s]
0.0.N: Trace Attempt  3	[0.00 s]
0.0.N: Trace Attempt  4	[0.00 s]
0.0.N: Trace Attempt  5	[0.00 s]
0.0.N: Trace Attempt  5	[0.00 s]
0.0.N: A trace with 5 cycles was found. [0.00 s]
INFO (IPF055): 0.0.N: A counterexample (cex) with 5 cycles was found for the property "VGA1Interface.sva._assert_3" in 0.00 s.
INFO (IPF047): 0.0.N: The cover property "VGA1Interface.sva._assert_4:precondition1" was covered in 5 cycles in 0.00 s by the incidental trace "VGA1Interface.sva._assert_3".
INFO (IPF055): 0.0.N: A counterexample (cex) with 5 cycles was found for the property "VGA1Interface.sva._assert_5" in 0.00 s by the incidental trace "VGA1Interface.sva._assert_3".
INFO (IPF047): 0.0.N: The cover property "VGA1Interface.sva._assert_6:precondition1" was covered in 5 cycles in 0.00 s by the incidental trace "VGA1Interface.sva._assert_3".
INFO (IPF047): 0.0.N: The cover property "VGA1Interface.sva._cover_37" was covered in 5 cycles in 0.00 s by the incidental trace "VGA1Interface.sva._assert_3".
0.0.Hp: Trace Attempt  1	[0.01 s]
0.0.N: Stopped processing property "VGA1Interface.sva._assert_3"	[0.00 s].
0.0.N: Starting proof for property "VGA1Interface.sva._assert_4"	[0.00 s].
0.0.Hp: A trace with 1 cycles was found. [0.00 s]
INFO (IPF047): 0.0.Hp: The cover property "VGA1Interface.sva._assert_30:precondition1" was covered in 1 cycles in 0.02 s.
INFO (IPF047): 0.0.Hp: The cover property "VGA1Interface.sva._assert_31:precondition1" was covered in 1 cycles in 0.02 s.
INFO (IPF047): 0.0.Hp: The cover property "VGA1Interface.sva._cover_36" was covered in 1 cycles in 0.02 s.
0.0.N: Trace Attempt  1	[0.00 s]
0.0.N: A max_length bound was found. The shortest trace is no longer than 16777216 cycles. [0.00 s]
INFO (IPF008): 0.0.N: A max_length bound of 16777216 was found for the property "VGA1Interface.sva._assert_4" in 0.00 s.
0.0.Hp: A trace with 1 cycles was found. [0.01 s]
INFO (IPF047): 0.0.Hp: The cover property "VGA1Interface.sva._assert_7:precondition1" was covered in 1 cycles in 0.03 s.
0.0.N: Trace Attempt  2	[0.00 s]
0.0.N: Trace Attempt  2	[0.00 s]
0.0.N: Trace Attempt  3	[0.00 s]
0.0.N: Trace Attempt  3	[0.00 s]
0: ProofGrid is temporarily paused because there are too many pending traces.
0: ProofGrid is resuming to work after pausing for 0s. The amount of pending traces decreased.
0.0.Hp: A trace with 1 cycles was found. [0.01 s]
INFO (IPF055): 0.0.Hp: A counterexample (cex) with 1 cycles was found for the property "VGA1Interface.sva._assert_14" in 0.03 s.
INFO (IPF055): 0.0.Hp: A counterexample (cex) with 1 cycles was found for the property "VGA1Interface.sva._assert_26" in 0.03 s.
INFO (IPF047): 0.0.Hp: The cover property "VGA1Interface.sva._assert_26:precondition1" was covered in 1 cycles in 0.03 s.
INFO (IPF047): 0.0.Hp: The cover property "VGA1Interface.sva.COV_TILES[7]._cover_39" was covered in 1 cycles in 0.03 s.
INFO (IPF047): 0.0.Hp: The cover property "VGA1Interface.sva.COV_TILES[7]._cover_40" was covered in 1 cycles in 0.03 s.
0.0.N: Trace Attempt  4	[0.00 s]
0.0.N: Trace Attempt  5	[0.00 s]
0.0.N: Trace Attempt  5	[0.00 s]
0.0.N: A trace with 5 cycles was found. [0.00 s]
INFO (IPF055): 0.0.N: A counterexample (cex) with 5 cycles was found for the property "VGA1Interface.sva._assert_4" in 0.01 s.
0.0.N: Stopped processing property "VGA1Interface.sva._assert_4"	[0.01 s].
0: ProofGrid is temporarily paused because there are too many pending traces.
0: ProofGrid is resuming to work after pausing for 0s. The amount of pending traces decreased.
0.0.Hp: A trace with 1 cycles was found. [0.01 s]
INFO (IPF055): 0.0.Hp: A counterexample (cex) with 1 cycles was found for the property "VGA1Interface.sva._assert_15" in 0.04 s.
INFO (IPF047): 0.0.Hp: The cover property "VGA1Interface.sva._assert_15:precondition1" was covered in 1 cycles in 0.04 s.
0.0.Hp: A trace with 1 cycles was found. [0.01 s]
INFO (IPF055): 0.0.Hp: A counterexample (cex) with 1 cycles was found for the property "VGA1Interface.sva._assert_16" in 0.04 s.
INFO (IPF047): 0.0.Hp: The cover property "VGA1Interface.sva._assert_16:precondition1" was covered in 1 cycles in 0.04 s.
0.0.Hp: A trace with 1 cycles was found. [0.01 s]
INFO (IPF055): 0.0.Hp: A counterexample (cex) with 1 cycles was found for the property "VGA1Interface.sva._assert_17" in 0.04 s.
INFO (IPF047): 0.0.Hp: The cover property "VGA1Interface.sva._assert_17:precondition1" was covered in 1 cycles in 0.04 s.
INFO (IPF047): 0.0.Hp: The cover property "VGA1Interface.sva.COV_TILES[4]._cover_39" was covered in 1 cycles in 0.04 s.
0.0.Hp: A trace with 1 cycles was found. [0.01 s]
INFO (IPF055): 0.0.Hp: A counterexample (cex) with 1 cycles was found for the property "VGA1Interface.sva._assert_18" in 0.04 s.
INFO (IPF047): 0.0.Hp: The cover property "VGA1Interface.sva._assert_18:precondition1" was covered in 1 cycles in 0.04 s.
0.0.N: Starting proof for property "VGA1Interface.sva._assert_6"	[0.00 s].
0.0.N: Trace Attempt  1	[0.00 s]
0.0.N: Trace Attempt  2	[0.00 s]
0.0.N: Trace Attempt  2	[0.00 s]
0.0.N: Trace Attempt  3	[0.00 s]
0.0.N: Trace Attempt  3	[0.00 s]
0.0.N: Trace Attempt  4	[0.00 s]
0.0.N: Trace Attempt  5	[0.00 s]
0.0.N: Trace Attempt  5	[0.00 s]
0: ProofGrid is temporarily paused because there are too many pending traces.
0: ProofGrid is resuming to work after pausing for 0s. The amount of pending traces decreased.
0.0.N: A trace with 5 cycles was found. [0.00 s]
INFO (IPF055): 0.0.N: A counterexample (cex) with 5 cycles was found for the property "VGA1Interface.sva._assert_6" in 0.00 s.
0.0.N: Stopped processing property "VGA1Interface.sva._assert_6"	[0.00 s].
0.0.Hp: A trace with 1 cycles was found. [0.02 s]
INFO (IPF055): 0.0.Hp: A counterexample (cex) with 1 cycles was found for the property "VGA1Interface.sva._assert_19" in 0.05 s.
INFO (IPF047): 0.0.Hp: The cover property "VGA1Interface.sva._assert_19:precondition1" was covered in 1 cycles in 0.05 s.
0.0.Hp: A trace with 1 cycles was found. [0.02 s]
INFO (IPF055): 0.0.Hp: A counterexample (cex) with 1 cycles was found for the property "VGA1Interface.sva._assert_20" in 0.05 s.
INFO (IPF047): 0.0.Hp: The cover property "VGA1Interface.sva._assert_20:precondition1" was covered in 1 cycles in 0.05 s.
0.0.Hp: A trace with 1 cycles was found. [0.02 s]
INFO (IPF055): 0.0.Hp: A counterexample (cex) with 1 cycles was found for the property "VGA1Interface.sva._assert_21" in 0.05 s.
INFO (IPF047): 0.0.Hp: The cover property "VGA1Interface.sva._assert_21:precondition1" was covered in 1 cycles in 0.05 s.
0: ProofGrid is temporarily paused because there are too many pending traces.
0: ProofGrid is resuming to work after pausing for 0s. The amount of pending traces decreased.
0.0.Hp: A trace with 1 cycles was found. [0.02 s]
INFO (IPF055): 0.0.Hp: A counterexample (cex) with 1 cycles was found for the property "VGA1Interface.sva._assert_22" in 0.06 s.
0.0.N: Starting proof for property "VGA1Interface.sva._assert_7"	[0.00 s].
0.0.N: Trace Attempt  1	[0.00 s]
0.0.N: Trace Attempt  2	[0.00 s]
0.0.N: Trace Attempt  2	[0.00 s]
0.0.N: Trace Attempt  3	[0.00 s]
0.0.N: Trace Attempt  3	[0.00 s]
0.0.N: Trace Attempt  4	[0.00 s]
0.0.N: Trace Attempt  5	[0.00 s]
0.0.N: Trace Attempt  5	[0.00 s]
0.0.N: A trace with 5 cycles was found. [0.00 s]
INFO (IPF055): 0.0.N: A counterexample (cex) with 5 cycles was found for the property "VGA1Interface.sva._assert_7" in 0.00 s.
0.0.N: Stopped processing property "VGA1Interface.sva._assert_7"	[0.00 s].
0.0.Hp: A trace with 1 cycles was found. [0.03 s]
INFO (IPF055): 0.0.Hp: A counterexample (cex) with 1 cycles was found for the property "VGA1Interface.sva._assert_23" in 0.07 s.
INFO (IPF047): 0.0.Hp: The cover property "VGA1Interface.sva._assert_23:precondition1" was covered in 1 cycles in 0.07 s.
0.0.Hp: A trace with 1 cycles was found. [0.03 s]
INFO (IPF055): 0.0.Hp: A counterexample (cex) with 1 cycles was found for the property "VGA1Interface.sva._assert_24" in 0.07 s.
INFO (IPF047): 0.0.Hp: The cover property "VGA1Interface.sva._assert_24:precondition1" was covered in 1 cycles in 0.07 s.
0.0.Hp: A trace with 1 cycles was found. [0.03 s]
INFO (IPF055): 0.0.Hp: A counterexample (cex) with 1 cycles was found for the property "VGA1Interface.sva._assert_25" in 0.07 s.
INFO (IPF047): 0.0.Hp: The cover property "VGA1Interface.sva._assert_25:precondition1" was covered in 1 cycles in 0.07 s.
INFO (IPF047): 0.0.Hp: The cover property "VGA1Interface.sva.COV_TILES[4]._cover_40" was covered in 1 cycles in 0.07 s.
0.0.Hp: A trace with 1 cycles was found. [0.03 s]
INFO (IPF055): 0.0.Hp: A counterexample (cex) with 1 cycles was found for the property "VGA1Interface.sva._assert_27" in 0.08 s.
INFO (IPF047): 0.0.Hp: The cover property "VGA1Interface.sva._assert_27:precondition1" was covered in 1 cycles in 0.08 s.
0: ProofGrid is temporarily paused because there are too many pending traces.
0: ProofGrid is resuming to work after pausing for 0s. The amount of pending traces decreased.
0.0.Hp: A trace with 1 cycles was found. [0.03 s]
INFO (IPF055): 0.0.Hp: A counterexample (cex) with 1 cycles was found for the property "VGA1Interface.sva._assert_28" in 0.08 s.
INFO (IPF047): 0.0.Hp: The cover property "VGA1Interface.sva._assert_28:precondition1" was covered in 1 cycles in 0.08 s.
0.0.Hp: A trace with 1 cycles was found. [0.06 s]
INFO (IPF055): 0.0.Hp: A counterexample (cex) with 1 cycles was found for the property "VGA1Interface.sva._assert_29" in 0.08 s.
INFO (IPF047): 0.0.Hp: The cover property "VGA1Interface.sva._assert_29:precondition1" was covered in 1 cycles in 0.08 s.
0.0.Hp: A trace with 1 cycles was found. [0.06 s]
INFO (IPF055): 0.0.Hp: A counterexample (cex) with 1 cycles was found for the property "VGA1Interface.sva._assert_30" in 0.08 s.
0.0.Hp: A trace with 1 cycles was found. [0.06 s]
INFO (IPF055): 0.0.Hp: A counterexample (cex) with 1 cycles was found for the property "VGA1Interface.sva._assert_31" in 0.09 s.
0: ProofGrid is temporarily paused because there are too many pending traces.
0: ProofGrid is resuming to work after pausing for 0s. The amount of pending traces decreased.
0.0.Hp: A trace with 1 cycles was found. [0.06 s]
INFO (IPF047): 0.0.Hp: The cover property "VGA1Interface.sva._cover_35" was covered in 1 cycles in 0.09 s.
INFO (IPF047): 0.0.Hp: The cover property "VGA1Interface.sva.COV_TILES[3]._cover_39" was covered in 1 cycles in 0.09 s.
INFO (IPF047): 0.0.Hp: The cover property "VGA1Interface.sva.COV_TILES[3]._cover_40" was covered in 1 cycles in 0.09 s.
0.0.Hp: A trace with 1 cycles was found. [0.06 s]
INFO (IPF047): 0.0.Hp: The cover property "VGA1Interface.sva.COV_TILES[1]._cover_39" was covered in 1 cycles in 0.09 s.
0.0.Hp: A trace with 1 cycles was found. [0.06 s]
INFO (IPF047): 0.0.Hp: The cover property "VGA1Interface.sva.COV_TILES[1]._cover_40" was covered in 1 cycles in 0.10 s.
0.0.Hp: A trace with 1 cycles was found. [0.06 s]
INFO (IPF047): 0.0.Hp: The cover property "VGA1Interface.sva.COV_TILES[2]._cover_39" was covered in 1 cycles in 0.10 s.
0: ProofGrid is temporarily paused because there are too many pending traces.
0: ProofGrid is resuming to work after pausing for 0s. The amount of pending traces decreased.
0.0.Hp: A trace with 1 cycles was found. [0.06 s]
INFO (IPF047): 0.0.Hp: The cover property "VGA1Interface.sva.COV_TILES[2]._cover_40" was covered in 1 cycles in 0.10 s.
0.0.Hp: A trace with 1 cycles was found. [0.06 s]
INFO (IPF047): 0.0.Hp: The cover property "VGA1Interface.sva.COV_TILES[5]._cover_39" was covered in 1 cycles in 0.10 s.
0.0.Hp: A trace with 1 cycles was found. [0.06 s]
INFO (IPF047): 0.0.Hp: The cover property "VGA1Interface.sva.COV_TILES[5]._cover_40" was covered in 1 cycles in 0.10 s.
0.0.Hp: A trace with 1 cycles was found. [0.06 s]
INFO (IPF047): 0.0.Hp: The cover property "VGA1Interface.sva.COV_TILES[6]._cover_39" was covered in 1 cycles in 0.11 s.
0: ProofGrid is temporarily paused because there are too many pending traces.
0: ProofGrid is resuming to work after pausing for 0s. The amount of pending traces decreased.
0.0.Hp: A trace with 1 cycles was found. [0.06 s]
INFO (IPF047): 0.0.Hp: The cover property "VGA1Interface.sva.COV_TILES[6]._cover_40" was covered in 1 cycles in 0.11 s.
0.0.Ht: Proofgrid shell started at 1782631@della-h14n12(local) jg_1782451_della-h14n12_1
0.0.B: Proofgrid shell started at 1782632@della-h14n12(local) jg_1782451_della-h14n12_1
0.0.N: Starting proof for property "VGA1Interface.sva._assert_8"	[0.00 s].
0.0.N: Trace Attempt  1	[0.00 s]
0.0.N: Trace Attempt  2	[0.00 s]
0.0.N: Trace Attempt  2	[0.00 s]
0.0.N: Trace Attempt  3	[0.00 s]
0.0.N: Trace Attempt  4	[0.00 s]
0.0.N: Trace Attempt  4	[0.00 s]
0.0.N: Trace Attempt  5	[0.01 s]
0.0.Hp: Trace Attempt  2	[0.07 s]
0.0.Hp: Trace Attempt  3	[0.08 s]
0.0.Hp: Trace Attempt  4	[0.10 s]
0.0.B: OS RSS memory limit : 17179869184 / 17179869184
0.0.N: Trace Attempt  1	[0.04 s]
0.0.N: Trace Attempt  2	[0.04 s]
0.0.N: Trace Attempt  3	[0.04 s]
0.0.N: Trace Attempt  5	[0.04 s]
0.0.Ht: OS RSS memory limit : 17179869184 / 17179869184
0.0.B: clocks: 1, declared: 1, disabling: 0, posedge: 1, negedge: 0, noedge: 0, bothedge: 0
0.0.B: Next scan (0) will use per property time limit: 1s * 10 ^ 0 = 1s
0.0.B: Starting proof for property "VGA1Interface.sva._assert_8"	[0.00 s].
0.0.B: Trace Attempt  1	[0.00 s]
0.0.B: Trace Attempt  2	[0.00 s]
0.0.B: Trace Attempt  3	[0.00 s]
0.0.B: Trace Attempt  4	[0.01 s]
0.0.B: Trace Attempt  5	[0.01 s]
0.0.Ht: clocks: 1, declared: 1, disabling: 0, posedge: 1, negedge: 0, noedge: 0, bothedge: 0
0.0.Ht: Trace Attempt  1	[0.01 s]
0.0.Ht: Trace Attempt  2	[0.01 s]
0.0.Ht: Trace Attempt  3	[0.01 s]
0.0.Ht: Trace Attempt  4	[0.01 s]
0.0.Ht: Trace Attempt  5	[0.01 s]
0.0.N: Trace Attempt  1	[0.08 s]
0.0.N: Trace Attempt  2	[0.08 s]
0.0.N: Trace Attempt  3	[0.08 s]
0.0.N: Trace Attempt  5	[0.08 s]
0.0.N: Trace Attempt  1	[0.17 s]
0.0.N: Trace Attempt  2	[0.17 s]
0.0.N: Trace Attempt  3	[0.17 s]
0.0.N: Trace Attempt  5	[0.17 s]
0.0.N: Trace Attempt  1	[0.37 s]
0.0.N: Trace Attempt  2	[0.37 s]
0.0.N: Trace Attempt  3	[0.37 s]
0.0.N: Trace Attempt  5	[0.37 s]
0.0.N: Trace Attempt  1	[0.54 s]
0.0.N: Trace Attempt  2	[0.54 s]
0.0.N: Trace Attempt  3	[0.54 s]
0.0.N: Trace Attempt  5	[0.54 s]
0: ProofGrid usable level: 2
0.0.N: Trace Attempt 58	[0.92 s]
0.0.N: Per property time limit expired (1.00 s) [1.01 s]
0.0.N: Stopped processing property "VGA1Interface.sva._assert_8"	[0.96 s].
0.0.N: Starting proof for property "VGA1Interface.sva._cover_34"	[0.00 s].
0.0.N: Trace Attempt  1	[0.00 s]
0.0.N: Trace Attempt  2	[0.00 s]
0.0.N: Trace Attempt  2	[0.00 s]
0.0.N: Trace Attempt  3	[0.00 s]
0.0.N: Trace Attempt  4	[0.00 s]
0.0.N: Trace Attempt  4	[0.00 s]
0.0.N: Trace Attempt  5	[0.01 s]
0.0.B: Trace Attempt 299	[0.95 s]
0.0.B: Per property time limit expired (0.96 s) [1.00 s]
0.0.B: Stopped processing property "VGA1Interface.sva._assert_8"	[0.99 s].
0.0.B: Starting proof for property "VGA1Interface.sva._cover_34"	[0.00 s].
0.0.B: Trace Attempt  1	[0.00 s]
0.0.B: Trace Attempt  2	[0.00 s]
0.0.B: Trace Attempt  3	[0.00 s]
0.0.B: Trace Attempt  4	[0.00 s]
0.0.B: Trace Attempt  5	[0.00 s]
0.0.N: Trace Attempt  1	[0.11 s]
0.0.N: Trace Attempt  2	[0.11 s]
0.0.N: Trace Attempt  3	[0.12 s]
0.0.N: Trace Attempt  5	[0.12 s]
0.0.N: Trace Attempt 15	[0.84 s]
0.0.N: Per property time limit expired (1.00 s) [1.00 s]
0.0.N: Stopped processing property "VGA1Interface.sva._cover_34"	[1.00 s].
0.0.N: Next scan (1) will use per property time limit: 1s * 10 ^ 1 = 10s
0.0.N: Starting proof for property "VGA1Interface.sva._assert_8"	[0.00 s].
0.0.B: Stopped processing property "VGA1Interface.sva._cover_34"	[0.97 s].
0.0.B: Next scan (1) will use per property time limit: 1s * 10 ^ 1 = 10s
0.0.B: Starting proof for property "VGA1Interface.sva._assert_8"	[0.00 s].
0.0.B: Trace Attempt  1	[0.00 s]
0.0.B: Trace Attempt  2	[0.00 s]
0.0.B: Trace Attempt  3	[0.00 s]
0.0.B: Trace Attempt  4	[0.00 s]
0.0.B: Trace Attempt  5	[0.01 s]
0.0.N: Trace Attempt 58	[0.03 s]
0.0.N: Trace Attempt  1	[0.79 s]
0.0.N: Trace Attempt  2	[0.79 s]
0.0.N: Trace Attempt  3	[0.79 s]
0.0.N: Trace Attempt  5	[0.79 s]
0.0.N: Trace Attempt  1	[1.21 s]
0.0.N: Trace Attempt  2	[1.21 s]
0.0.N: Trace Attempt  3	[1.21 s]
0.0.N: Trace Attempt  5	[1.21 s]
0.0.N: Trace Attempt  1	[1.53 s]
0.0.N: Trace Attempt  2	[1.53 s]
0.0.N: Trace Attempt  3	[1.53 s]
0.0.N: Trace Attempt  5	[1.53 s]
0.0.N: Trace Attempt  1	[1.98 s]
0.0.N: Trace Attempt  2	[1.98 s]
0.0.N: Trace Attempt  3	[1.98 s]
0.0.N: Trace Attempt  5	[1.98 s]
0.0.N: Trace Attempt  1	[2.31 s]
0.0.N: Trace Attempt  2	[2.31 s]
0.0.N: Trace Attempt  3	[2.32 s]
0.0.N: Trace Attempt  5	[2.32 s]
0.0.Ht: Trace Attempt 130	[4.31 s]
0.0.N: Trace Attempt  1	[2.62 s]
0.0.N: Trace Attempt  2	[2.62 s]
0.0.N: Trace Attempt  3	[2.62 s]
0.0.N: Trace Attempt  5	[2.62 s]
0.0.N: Trace Attempt  1	[3.73 s]
0.0.N: Trace Attempt  2	[3.73 s]
0.0.N: Trace Attempt  3	[3.73 s]
0.0.N: Trace Attempt  5	[3.73 s]
0.0.B: Trace Attempt 710	[4.01 s]
0.0.N: Trace Attempt  1	[4.51 s]
0.0.N: Trace Attempt  2	[4.51 s]
0.0.N: Trace Attempt  3	[4.51 s]
0.0.N: Trace Attempt  5	[4.51 s]
0.0.N: Trace Attempt  1	[5.41 s]
0.0.N: Trace Attempt  2	[5.41 s]
0.0.N: Trace Attempt  3	[5.41 s]
0.0.N: Trace Attempt  5	[5.41 s]
0.0.Ht: Trace Attempt 179	[8.31 s]
0.0.N: Trace Attempt  1	[6.63 s]
0.0.N: Trace Attempt  2	[6.63 s]
0.0.N: Trace Attempt  3	[6.63 s]
0.0.N: Trace Attempt  5	[6.63 s]
0.0.N: Trace Attempt  1	[7.67 s]
0.0.N: Trace Attempt  2	[7.68 s]
0.0.N: Trace Attempt  3	[7.68 s]
0.0.N: Trace Attempt  5	[7.68 s]
0.0.B: Trace Attempt 912	[8.02 s]
0.0.N: Trace Attempt  1	[8.52 s]
0.0.N: Trace Attempt  2	[8.52 s]
0.0.N: Trace Attempt  3	[8.52 s]
0.0.N: Trace Attempt  5	[8.52 s]
0.0.N: Trace Attempt  1	[9.67 s]
0.0.N: Trace Attempt  2	[9.67 s]
0.0.N: Trace Attempt  3	[9.67 s]
0.0.N: Trace Attempt  5	[9.67 s]
0.0.N: Trace Attempt 93	[9.81 s]
0.0.N: Per property time limit expired (10.00 s) [10.02 s]
0.0.N: Stopped processing property "VGA1Interface.sva._assert_8"	[10.02 s].
0.0.N: Starting proof for property "VGA1Interface.sva._cover_34"	[0.00 s].
0.0.N: Trace Attempt 13	[0.00 s]
0.0.N: Trace Attempt  1	[0.07 s]
0.0.N: Trace Attempt  2	[0.07 s]
0.0.N: Trace Attempt  3	[0.07 s]
0.0.N: Trace Attempt  5	[0.08 s]
0.0.B: Stopped processing property "VGA1Interface.sva._assert_8"	[10.20 s].
0.0.B: Starting proof for property "VGA1Interface.sva._cover_34"	[0.00 s].
0.0.B: Trace Attempt  1	[0.00 s]
0.0.B: Trace Attempt  2	[0.00 s]
0.0.B: Trace Attempt  3	[0.00 s]
0.0.B: Trace Attempt  4	[0.00 s]
0.0.B: Trace Attempt  5	[0.00 s]
0.0.Ht: Trace Attempt 194	[12.31 s]
0.0.N: Trace Attempt 72	[4.10 s]
0.0.B: Trace Attempt 206	[4.04 s]
0.0.Ht: Trace Attempt 221	[16.52 s]
0.0.B: Trace Attempt 257	[8.10 s]
0.0.N: Trace Attempt 97	[5.80 s]
0.0.N: Per property time limit expired (10.00 s) [10.01 s]
0.0.N: Stopped processing property "VGA1Interface.sva._cover_34"	[10.01 s].
0.0.N: Next scan (2) will use per property time limit: 1s * 10 ^ 2 = 100s
0.0.N: Starting proof for property "VGA1Interface.sva._assert_8"	[0.00 s].
0.0.B: Stopped processing property "VGA1Interface.sva._cover_34"	[9.83 s].
0.0.B: Next scan (2) will use per property time limit: 1s * 10 ^ 2 = 100s
0.0.B: Starting proof for property "VGA1Interface.sva._assert_8"	[0.00 s].
0.0.B: Trace Attempt  1	[0.01 s]
0.0.B: Trace Attempt  2	[0.01 s]
0.0.B: Trace Attempt  3	[0.01 s]
0.0.B: Trace Attempt  4	[0.01 s]
0.0.B: Trace Attempt  5	[0.01 s]
0.0.N: Trace Attempt 93	[0.04 s]
0.0.N: Trace Attempt  1	[2.07 s]
0.0.N: Trace Attempt  2	[2.07 s]
0.0.N: Trace Attempt  3	[2.07 s]
0.0.N: Trace Attempt  5	[2.07 s]
0.0.N: Trace Attempt  1	[3.26 s]
0.0.N: Trace Attempt  2	[3.26 s]
0.0.N: Trace Attempt  3	[3.26 s]
0.0.N: Trace Attempt  5	[3.27 s]
0.0.Ht: Trace Attempt 247	[25.54 s]
0.0.B: Trace Attempt 723	[4.01 s]
0.0.N: Trace Attempt 111	[7.46 s]
0.0.N: Trace Attempt  1	[7.61 s]
0.0.N: Trace Attempt  2	[7.61 s]
0.0.N: Trace Attempt  3	[7.61 s]
0.0.N: Trace Attempt  5	[7.61 s]
0.0.B: Trace Attempt 915	[8.03 s]
0.0.Ht: Trace Attempt 272	[30.63 s]
0.0.N: Trace Attempt  1	[9.71 s]
0.0.N: Trace Attempt  2	[9.71 s]
0.0.N: Trace Attempt  3	[9.71 s]
0.0.N: Trace Attempt  5	[9.71 s]
0.0.B: Trace Attempt 1000	[12.05 s]
0.0.N: Trace Attempt  1	[12.26 s]
0.0.N: Trace Attempt  2	[12.26 s]
0.0.N: Trace Attempt  3	[12.26 s]
0.0.N: Trace Attempt  5	[12.26 s]
0.0.Ht: Trace Attempt 297	[34.69 s]
0.0.B: Trace Attempt 1057	[16.11 s]
0.0.N: Trace Attempt 126	[16.26 s]
0.0.N: Trace Attempt  1	[16.28 s]
0.0.N: Trace Attempt  2	[16.28 s]
0.0.N: Trace Attempt  3	[16.28 s]
0.0.N: Trace Attempt  5	[16.28 s]
0.0.Ht: Trace Attempt 322	[40.27 s]
0.0.N: Trace Attempt  1	[19.13 s]
0.0.N: Trace Attempt  2	[19.13 s]
0.0.N: Trace Attempt  3	[19.13 s]
0.0.N: Trace Attempt  5	[19.13 s]
0.0.B: Trace Attempt 1107	[20.14 s]
0.0.N: Trace Attempt  1	[21.86 s]
0.0.N: Trace Attempt  2	[21.86 s]
0.0.N: Trace Attempt  3	[21.86 s]
0.0.N: Trace Attempt  5	[21.86 s]
0.0.Ht: Trace Attempt 327	[45.21 s]
0.0.N: Trace Attempt  1	[23.82 s]
0.0.N: Trace Attempt  2	[23.82 s]
0.0.N: Trace Attempt  3	[23.83 s]
0.0.N: Trace Attempt  5	[23.83 s]
0.0.B: Trace Attempt 1145	[24.16 s]
0.0.N: Trace Attempt  1	[26.05 s]
0.0.N: Trace Attempt  2	[26.05 s]
0.0.N: Trace Attempt  3	[26.05 s]
0.0.N: Trace Attempt  5	[26.05 s]
0.0.Ht: Trace Attempt 331	[49.49 s]
0.0.B: Trace Attempt 1183	[28.18 s]
0.0.N: Trace Attempt  1	[28.39 s]
0.0.N: Trace Attempt  2	[28.39 s]
0.0.N: Trace Attempt  3	[28.39 s]
0.0.N: Trace Attempt  5	[28.39 s]
0.0.N: Trace Attempt  1	[31.55 s]
0.0.N: Trace Attempt  2	[31.55 s]
0.0.N: Trace Attempt  3	[31.55 s]
0.0.N: Trace Attempt  5	[31.56 s]
0.0.B: Trace Attempt 1212	[32.29 s]
0.0.N: Trace Attempt  1	[34.60 s]
0.0.N: Trace Attempt  2	[34.60 s]
0.0.N: Trace Attempt  3	[34.61 s]
0.0.N: Trace Attempt  5	[34.61 s]
0.0.Ht: Trace Attempt 345	[57.30 s]
0.0.B: Trace Attempt 1244	[36.38 s]
0.0.Ht: Trace Attempt 351	[62.11 s]
0.0.B: Trace Attempt 1274	[40.41 s]
0.0.N: Trace Attempt 139	[40.57 s]
0.0.N: Trace Attempt  1	[40.74 s]
0.0.N: Trace Attempt  2	[40.74 s]
0.0.N: Trace Attempt  3	[40.74 s]
0.0.N: Trace Attempt  5	[40.74 s]
0.0.N: Trace Attempt  1	[44.33 s]
0.0.N: Trace Attempt  2	[44.33 s]
0.0.N: Trace Attempt  3	[44.33 s]
0.0.N: Trace Attempt  5	[44.33 s]
0.0.Ht: Trace Attempt 358	[66.33 s]
0.0.B: Trace Attempt 1297	[44.73 s]
0.0.N: Trace Attempt  1	[47.78 s]
0.0.N: Trace Attempt  2	[47.78 s]
0.0.N: Trace Attempt  3	[47.78 s]
0.0.N: Trace Attempt  5	[47.78 s]
0.0.B: Trace Attempt 1313	[48.77 s]
0.0.Ht: Trace Attempt 362	[72.65 s]
0.0.N: Trace Attempt  1	[51.72 s]
0.0.N: Trace Attempt  2	[51.72 s]
0.0.N: Trace Attempt  3	[51.72 s]
0.0.N: Trace Attempt  5	[51.72 s]
0.0.B: Trace Attempt 1334	[52.89 s]
0.0.Ht: Trace Attempt 367	[77.12 s]
0.0.N: Trace Attempt  1	[55.69 s]
0.0.N: Trace Attempt  2	[55.69 s]
0.0.N: Trace Attempt  3	[55.69 s]
0.0.N: Trace Attempt  5	[55.69 s]
0.0.B: Trace Attempt 1354	[57.03 s]
0.0.Ht: Trace Attempt 370	[81.38 s]
0.0.N: Trace Attempt 144	[60.32 s]
0.0.N: Trace Attempt  1	[60.50 s]
0.0.N: Trace Attempt  2	[60.50 s]
0.0.N: Trace Attempt  3	[60.50 s]
0.0.N: Trace Attempt  5	[60.50 s]
0.0.B: Trace Attempt 1368	[61.17 s]
0.0.Ht: Trace Attempt 374	[85.48 s]
0.0.N: Trace Attempt  1	[63.70 s]
0.0.N: Trace Attempt  2	[63.70 s]
0.0.N: Trace Attempt  3	[63.70 s]
0.0.N: Trace Attempt  5	[63.70 s]
0.0.B: Trace Attempt 1382	[65.18 s]
0.0.N: Trace Attempt  1	[67.59 s]
0.0.N: Trace Attempt  2	[67.59 s]
0.0.N: Trace Attempt  3	[67.59 s]
0.0.N: Trace Attempt  5	[67.59 s]
0.0.Ht: Trace Attempt 392	[91.20 s]
0.0.B: Trace Attempt 1393	[69.26 s]
0.0.N: Trace Attempt  1	[71.48 s]
0.0.N: Trace Attempt  2	[71.48 s]
0.0.N: Trace Attempt  3	[71.48 s]
0.0.N: Trace Attempt  5	[71.48 s]
0.0.B: Trace Attempt 1408	[73.39 s]
0.0.Ht: Trace Attempt 395	[96.03 s]
0.0.N: Trace Attempt 149	[75.56 s]
0.0.N: Trace Attempt  1	[75.57 s]
0.0.N: Trace Attempt  2	[75.57 s]
0.0.N: Trace Attempt  3	[75.57 s]
0.0.N: Trace Attempt  5	[75.57 s]
0.0.B: Trace Attempt 1426	[77.56 s]
0.0.Ht: Trace Attempt 397	[100.17 s]
0.0.N: Trace Attempt 149	[80.35 s]
0.0.N: Trace Attempt  1	[80.56 s]
0.0.N: Trace Attempt  2	[80.56 s]
0.0.N: Trace Attempt  3	[80.56 s]
0.0.N: Trace Attempt  5	[80.56 s]
0.0.B: Trace Attempt 1440	[81.57 s]
0.0.Ht: Trace Attempt 401	[104.36 s]
0.0.N: Trace Attempt  1	[84.50 s]
0.0.N: Trace Attempt  2	[84.50 s]
0.0.N: Trace Attempt  3	[84.50 s]
0.0.N: Trace Attempt  5	[84.50 s]
0.0.B: Trace Attempt 1451	[86.02 s]
0.0.Ht: Trace Attempt 406	[108.38 s]
0.0.N: Trace Attempt 151	[89.11 s]
0.0.N: Trace Attempt  1	[89.32 s]
0.0.N: Trace Attempt  2	[89.32 s]
0.0.N: Trace Attempt  3	[89.32 s]
0.0.N: Trace Attempt  5	[89.32 s]
0.0.B: Trace Attempt 1467	[90.06 s]
0.0.Ht: Trace Attempt 424	[112.46 s]
0.0.N: Trace Attempt 152	[94.14 s]
0.0.N: Trace Attempt  1	[94.30 s]
0.0.N: Trace Attempt  2	[94.30 s]
0.0.N: Trace Attempt  3	[94.30 s]
0.0.N: Trace Attempt  5	[94.30 s]
0.0.Ht: Trace Attempt 428	[116.63 s]
0.0.B: Trace Attempt 1473	[94.87 s]
0.0.N: Trace Attempt 153	[99.06 s]
0.0.Ht: Trace Attempt 433	[121.18 s]
0.0.N: Trace Attempt  1	[99.25 s]
0.0.N: Trace Attempt  2	[99.25 s]
0.0.N: Trace Attempt  3	[99.25 s]
0.0.N: Trace Attempt  5	[99.25 s]
0.0.N: Trace Attempt 153	[99.44 s]
0.0.N: Per property time limit expired (100.00 s) [100.03 s]
0.0.N: Stopped processing property "VGA1Interface.sva._assert_8"	[100.03 s].
0.0.N: Starting proof for property "VGA1Interface.sva._cover_34"	[0.00 s].
0.0.N: Trace Attempt 97	[0.03 s]
0.0.B: Stopped processing property "VGA1Interface.sva._assert_8"	[100.33 s].
0.0.B: Starting proof for property "VGA1Interface.sva._cover_34"	[0.00 s].
0.0.B: Trace Attempt  1	[0.00 s]
0.0.B: Trace Attempt  2	[0.00 s]
0.0.B: Trace Attempt  3	[0.00 s]
0.0.B: Trace Attempt  4	[0.00 s]
0.0.B: Trace Attempt  5	[0.00 s]
0.0.Ht: Trace Attempt 441	[125.77 s]
0.0.B: Trace Attempt 200	[4.01 s]
0.0.Ht: Trace Attempt 452	[129.88 s]
0.0.B: Trace Attempt 252	[8.04 s]
0.0.Ht: Trace Attempt 456	[133.90 s]
0.0.B: Trace Attempt 288	[12.07 s]
0.0.Ht: Trace Attempt 468	[138.15 s]
0.0.B: Trace Attempt 319	[16.10 s]
0.0.Ht: Trace Attempt 475	[142.17 s]
0.0.B: Trace Attempt 354	[20.13 s]
0.0.B: Trace Attempt 388	[24.16 s]
0.0.B: Trace Attempt 414	[28.29 s]
0.0.B: Trace Attempt 438	[32.42 s]
0.0.Ht: Trace Attempt 479	[158.85 s]
0.0.B: Trace Attempt 466	[36.52 s]
0.0.B: Trace Attempt 485	[40.68 s]
0.0.Ht: Trace Attempt 480	[163.90 s]
0.0.B: Trace Attempt 501	[44.73 s]
0.0.B: Trace Attempt 520	[48.86 s]
0.0.B: Trace Attempt 536	[52.90 s]
0.0.Ht: Trace Attempt 489	[176.23 s]
0.0.B: Trace Attempt 553	[57.25 s]
0.0.B: Trace Attempt 558	[61.34 s]
0.0.B: Trace Attempt 571	[65.72 s]
0.0.B: Trace Attempt 591	[70.05 s]
0.0.B: Trace Attempt 599	[74.31 s]
0.0.B: Trace Attempt 615	[78.47 s]
0.0.B: Trace Attempt 626	[82.79 s]
0.0.N: Per property time limit expired (100.00 s) [100.04 s]
0.0.N: Stopped processing property "VGA1Interface.sva._cover_34"	[100.04 s].
0.0.N: Next scan (3) will use per property time limit: 1s * 10 ^ 3 = 1000s
0.0.N: Starting proof for property "VGA1Interface.sva._assert_8"	[0.00 s].
0.0.N: Trace Attempt 154	[5.17 s]
0.0.N: Trace Attempt  1	[5.37 s]
0.0.N: Trace Attempt  2	[5.37 s]
0.0.N: Trace Attempt  3	[5.37 s]
0.0.N: Trace Attempt  5	[5.37 s]
0.0.N: Trace Attempt  1	[9.44 s]
0.0.N: Trace Attempt  2	[9.44 s]
0.0.N: Trace Attempt  3	[9.44 s]
0.0.N: Trace Attempt  5	[9.44 s]
0.0.Ht: Trace Attempt 541	[232.78 s]
0.0.N: Trace Attempt 156	[16.66 s]
0.0.N: Trace Attempt  1	[16.85 s]
0.0.N: Trace Attempt  2	[16.85 s]
0.0.N: Trace Attempt  3	[16.85 s]
0.0.N: Trace Attempt  5	[16.85 s]
0.0.Hp: Interrupted (multi)
0.0.Hp: Morphing to Bm
0.0.Hp: All properties determined. [0.00 s]
0.0.Hp: Exited with Success (@ 0.00 s)
0.0.Bm: clocks: 1, declared: 1, disabling: 0, posedge: 1, negedge: 0, noedge: 0, bothedge: 0
0.0.Bm: Trace Attempt  1	[0.01 s]
0.0.Bm: Trace Attempt  2	[0.01 s]
0.0.Bm: Trace Attempt  3	[0.01 s]
0.0.Bm: Trace Attempt  4	[0.02 s]
0.0.Bm: Trace Attempt  5	[0.02 s]
0.0.N: Trace Attempt 157	[20.99 s]
0.0.N: Trace Attempt  1	[21.21 s]
0.0.N: Trace Attempt  2	[21.21 s]
0.0.N: Trace Attempt  3	[21.21 s]
0.0.N: Trace Attempt  5	[21.21 s]
0.0.Bm: Trace Attempt 175	[4.05 s]
0.0.N: Trace Attempt  1	[25.13 s]
0.0.N: Trace Attempt  2	[25.13 s]
0.0.N: Trace Attempt  3	[25.13 s]
0.0.N: Trace Attempt  5	[25.13 s]
0.0.Bm: Trace Attempt 231	[8.06 s]
0.0.N: Trace Attempt 159	[30.27 s]
0.0.N: Trace Attempt  1	[30.45 s]
0.0.N: Trace Attempt  2	[30.45 s]
0.0.N: Trace Attempt  3	[30.45 s]
0.0.N: Trace Attempt  5	[30.45 s]
0.0.Bm: Trace Attempt 271	[12.15 s]
0.0.Bm: Trace Attempt 298	[16.24 s]
0.0.N: Trace Attempt 160	[35.64 s]
0.0.N: Trace Attempt  1	[35.86 s]
0.0.N: Trace Attempt  2	[35.86 s]
0.0.N: Trace Attempt  3	[35.86 s]
0.0.N: Trace Attempt  5	[35.86 s]
0.0.N: Stopped processing property "VGA1Interface.sva._assert_8"	[35.88 s].
0.0.N: Morphing to K
0.0.N: Trace Attempt 28	[35.88 s]
0.0.N: All properties determined. [0.00 s]
0.0.N: Exited with Success (@ 0.00 s)
0.0.K: clocks: 1, declared: 1, disabling: 0, posedge: 1, negedge: 0, noedge: 0, bothedge: 0
0.0.K: Starting proof for property "VGA1Interface.sva._cover_34"	[0.00 s].
0.0.K: Trace Attempt 97	[0.03 s]
0.0.B: Stopped processing property "VGA1Interface.sva._cover_34"	[136.25 s].
0.0.B: Morphing to AB
0.0.B: Trace Attempt 632	[85.34 s]
0.0.B: All properties determined. [0.00 s]
0.0.B: Exited with Success (@ 0.00 s)
0.0.AB: clocks: 1, declared: 1, disabling: 0, posedge: 1, negedge: 0, noedge: 0, bothedge: 0
0.0.AB: Next scan (3) will use per property time limit: 1s * 10 ^ 3 = 1000s
0.0.AB: Starting proof for property "VGA1Interface.sva._cover_34"	[0.00 s].
0.0.AB: Trace Attempt  1	[0.00 s]
0.0.AB: Trace Attempt  2	[0.00 s]
0.0.AB: Trace Attempt  3	[0.00 s]
0.0.AB: Trace Attempt  4	[0.00 s]
0.0.AB: Trace Attempt  5	[0.00 s]
0.0.AB: Trace Attempt  1	[2.62 s]
0.0.AB: Trace Attempt  2	[2.62 s]
0.0.AB: Trace Attempt  3	[2.63 s]
0.0.AB: Trace Attempt  4	[2.63 s]
0.0.AB: Trace Attempt  5	[2.63 s]
0.0.AB: Trace Attempt  1	[2.67 s]
0.0.AB: Trace Attempt  2	[2.67 s]
0.0.AB: Trace Attempt  3	[2.67 s]
0.0.AB: Trace Attempt  4	[2.67 s]
0.0.AB: Trace Attempt  5	[2.67 s]
0.0.Bm: Trace Attempt 318	[20.24 s]
0.0.AB: Trace Attempt  1	[3.13 s]
0.0.AB: Trace Attempt  2	[3.13 s]
0.0.AB: Trace Attempt  3	[3.13 s]
0.0.AB: Trace Attempt  4	[3.13 s]
0.0.AB: Trace Attempt  5	[3.13 s]
0.0.AB: Trace Attempt  1	[4.08 s]
0.0.AB: Trace Attempt  2	[4.08 s]
0.0.AB: Trace Attempt  3	[4.08 s]
0.0.AB: Trace Attempt  4	[4.08 s]
0.0.AB: Trace Attempt  5	[4.08 s]
0.0.Bm: Trace Attempt 341	[24.35 s]
0.0.AB: Trace Attempt 153	[8.19 s]
0.0.Bm: Trace Attempt 358	[28.54 s]
0.0.AB: Trace Attempt 180	[12.25 s]
0.0.Bm: Trace Attempt 378	[32.63 s]
0.0.AB: Trace Attempt 198	[16.26 s]
0.0.Bm: Trace Attempt 399	[36.96 s]
0.0.AB: Trace Attempt 218	[20.40 s]
0.0.Bm: Trace Attempt 415	[41.22 s]
0.0.AB: Trace Attempt 236	[24.58 s]
0.0.Bm: Trace Attempt 436	[45.43 s]
0.0.AB: Trace Attempt 252	[28.79 s]
0.0.AB: Trace Attempt 260	[31.25 s]
0.0.AB: Per property time limit expired (31.34 s) [31.35 s]
0.0.AB: Stopped processing property "VGA1Interface.sva._cover_34"	[31.35 s].
0.0.AB: Starting proof for property "VGA1Interface.sva._assert_8"	[0.00 s].
0.0.AB: Trace Attempt  1	[0.00 s]
0.0.AB: Trace Attempt  2	[0.00 s]
0.0.AB: Trace Attempt  3	[0.00 s]
0.0.AB: Trace Attempt  4	[0.00 s]
0.0.AB: Trace Attempt  5	[0.00 s]
0.0.AB: Trace Attempt  1	[0.00 s]
0.0.AB: Trace Attempt  2	[0.00 s]
0.0.AB: Trace Attempt  3	[0.00 s]
0.0.AB: Trace Attempt  4	[0.00 s]
0.0.AB: Trace Attempt  5	[0.00 s]
0.0.AB: Trace Attempt  1	[0.00 s]
0.0.AB: Trace Attempt  2	[0.00 s]
0.0.AB: Trace Attempt  3	[0.00 s]
0.0.AB: Trace Attempt  4	[0.00 s]
0.0.AB: Trace Attempt  5	[0.00 s]
0.0.AB: Trace Attempt  1	[0.01 s]
0.0.AB: Trace Attempt  2	[0.01 s]
0.0.AB: Trace Attempt  3	[0.01 s]
0.0.AB: Trace Attempt  4	[0.01 s]
0.0.AB: Trace Attempt  5	[0.01 s]
0.0.AB: Trace Attempt  1	[0.01 s]
0.0.AB: Trace Attempt  2	[0.01 s]
0.0.AB: Trace Attempt  3	[0.01 s]
0.0.AB: Trace Attempt  4	[0.01 s]
0.0.AB: Trace Attempt  5	[0.01 s]
0.0.K: Per property time limit expired (32.00 s) [32.03 s]
0.0.K: Stopped processing property "VGA1Interface.sva._cover_34"	[32.03 s].
0.0.K: Starting proof for property "VGA1Interface.sva._assert_8"	[0.00 s].
0.0.AB: Trace Attempt  1	[0.02 s]
0.0.AB: Trace Attempt  2	[0.02 s]
0.0.AB: Trace Attempt  3	[0.02 s]
0.0.AB: Trace Attempt  4	[0.02 s]
0.0.AB: Trace Attempt  5	[0.02 s]
0.0.AB: Trace Attempt  1	[0.03 s]
0.0.AB: Trace Attempt  2	[0.03 s]
0.0.AB: Trace Attempt  3	[0.03 s]
0.0.AB: Trace Attempt  4	[0.03 s]
0.0.AB: Trace Attempt  5	[0.03 s]
0.0.AB: Trace Attempt  1	[0.05 s]
0.0.AB: Trace Attempt  2	[0.05 s]
0.0.AB: Trace Attempt  3	[0.05 s]
0.0.AB: Trace Attempt  4	[0.05 s]
0.0.AB: Trace Attempt  5	[0.05 s]
0.0.AB: Trace Attempt  1	[0.06 s]
0.0.AB: Trace Attempt  2	[0.06 s]
0.0.AB: Trace Attempt  3	[0.06 s]
0.0.AB: Trace Attempt  4	[0.06 s]
0.0.AB: Trace Attempt  5	[0.07 s]
0.0.AB: Trace Attempt  1	[0.09 s]
0.0.AB: Trace Attempt  2	[0.09 s]
0.0.AB: Trace Attempt  3	[0.09 s]
0.0.AB: Trace Attempt  4	[0.09 s]
0.0.AB: Trace Attempt  5	[0.09 s]
0.0.AB: Trace Attempt  1	[0.12 s]
0.0.AB: Trace Attempt  2	[0.12 s]
0.0.AB: Trace Attempt  3	[0.12 s]
0.0.AB: Trace Attempt  4	[0.12 s]
0.0.AB: Trace Attempt  5	[0.12 s]
0.0.AB: Trace Attempt  1	[0.16 s]
0.0.AB: Trace Attempt  2	[0.16 s]
0.0.AB: Trace Attempt  3	[0.16 s]
0.0.AB: Trace Attempt  4	[0.16 s]
0.0.AB: Trace Attempt  5	[0.16 s]
0.0.AB: Trace Attempt  1	[0.25 s]
0.0.AB: Trace Attempt  2	[0.25 s]
0.0.AB: Trace Attempt  3	[0.25 s]
0.0.AB: Trace Attempt  4	[0.26 s]
0.0.AB: Trace Attempt  5	[0.26 s]
0.0.AB: Trace Attempt  1	[0.31 s]
0.0.AB: Trace Attempt  2	[0.31 s]
0.0.AB: Trace Attempt  3	[0.31 s]
0.0.AB: Trace Attempt  4	[0.31 s]
0.0.AB: Trace Attempt  5	[0.31 s]
0.0.AB: Trace Attempt  1	[0.42 s]
0.0.AB: Trace Attempt  2	[0.42 s]
0.0.AB: Trace Attempt  3	[0.42 s]
0.0.AB: Trace Attempt  4	[0.42 s]
0.0.AB: Trace Attempt  5	[0.42 s]
0.0.AB: Trace Attempt  1	[0.58 s]
0.0.AB: Trace Attempt  2	[0.58 s]
0.0.AB: Trace Attempt  3	[0.58 s]
0.0.AB: Trace Attempt  4	[0.58 s]
0.0.AB: Trace Attempt  5	[0.58 s]
0.0.Bm: Trace Attempt 459	[49.43 s]
0.0.AB: Trace Attempt  1	[0.72 s]
0.0.AB: Trace Attempt  2	[0.72 s]
0.0.AB: Trace Attempt  3	[0.72 s]
0.0.AB: Trace Attempt  4	[0.72 s]
0.0.AB: Trace Attempt  5	[0.72 s]
0.0.AB: Trace Attempt  1	[0.93 s]
0.0.AB: Trace Attempt  2	[0.93 s]
0.0.AB: Trace Attempt  3	[0.93 s]
0.0.AB: Trace Attempt  4	[0.93 s]
0.0.AB: Trace Attempt  5	[0.93 s]
0.0.AB: Trace Attempt  1	[1.12 s]
0.0.AB: Trace Attempt  2	[1.13 s]
0.0.AB: Trace Attempt  3	[1.13 s]
0.0.AB: Trace Attempt  4	[1.13 s]
0.0.AB: Trace Attempt  5	[1.13 s]
0.0.AB: Trace Attempt  1	[1.33 s]
0.0.AB: Trace Attempt  2	[1.33 s]
0.0.AB: Trace Attempt  3	[1.33 s]
0.0.AB: Trace Attempt  4	[1.33 s]
0.0.AB: Trace Attempt  5	[1.33 s]
0.0.Ht: Trace Attempt 633	[291.36 s]
0.0.AB: Trace Attempt  1	[1.56 s]
0.0.AB: Trace Attempt  2	[1.56 s]
0.0.AB: Trace Attempt  3	[1.56 s]
0.0.AB: Trace Attempt  4	[1.56 s]
0.0.AB: Trace Attempt  5	[1.56 s]
0.0.AB: Trace Attempt  1	[1.75 s]
0.0.AB: Trace Attempt  2	[1.75 s]
0.0.AB: Trace Attempt  3	[1.75 s]
0.0.AB: Trace Attempt  4	[1.75 s]
0.0.AB: Trace Attempt  5	[1.75 s]
0.0.AB: Trace Attempt  1	[1.95 s]
0.0.AB: Trace Attempt  2	[1.95 s]
0.0.AB: Trace Attempt  3	[1.95 s]
0.0.AB: Trace Attempt  4	[1.95 s]
0.0.AB: Trace Attempt  5	[1.95 s]
0.0.AB: Trace Attempt  1	[2.16 s]
0.0.AB: Trace Attempt  2	[2.16 s]
0.0.AB: Trace Attempt  3	[2.16 s]
0.0.AB: Trace Attempt  4	[2.16 s]
0.0.AB: Trace Attempt  5	[2.16 s]
0.0.AB: Trace Attempt  1	[2.40 s]
0.0.AB: Trace Attempt  2	[2.41 s]
0.0.AB: Trace Attempt  3	[2.41 s]
0.0.AB: Trace Attempt  4	[2.41 s]
0.0.AB: Trace Attempt  5	[2.41 s]
0.0.AB: Trace Attempt  1	[2.65 s]
0.0.AB: Trace Attempt  2	[2.65 s]
0.0.AB: Trace Attempt  3	[2.65 s]
0.0.AB: Trace Attempt  4	[2.65 s]
0.0.AB: Trace Attempt  5	[2.65 s]
0.0.AB: Trace Attempt  1	[2.94 s]
0.0.AB: Trace Attempt  2	[2.94 s]
0.0.AB: Trace Attempt  3	[2.94 s]
0.0.AB: Trace Attempt  4	[2.94 s]
0.0.AB: Trace Attempt  5	[2.94 s]
0.0.AB: Trace Attempt  1	[3.27 s]
0.0.AB: Trace Attempt  2	[3.27 s]
0.0.AB: Trace Attempt  3	[3.27 s]
0.0.AB: Trace Attempt  4	[3.27 s]
0.0.AB: Trace Attempt  5	[3.27 s]
0.0.AB: Trace Attempt  1	[3.61 s]
0.0.AB: Trace Attempt  2	[3.61 s]
0.0.AB: Trace Attempt  3	[3.61 s]
0.0.AB: Trace Attempt  4	[3.61 s]
0.0.AB: Trace Attempt  5	[3.61 s]
0.0.AB: Trace Attempt  1	[3.96 s]
0.0.AB: Trace Attempt  2	[3.96 s]
0.0.AB: Trace Attempt  3	[3.96 s]
0.0.AB: Trace Attempt  4	[3.96 s]
0.0.AB: Trace Attempt  5	[3.96 s]
0.0.AB: Trace Attempt  1	[4.35 s]
0.0.AB: Trace Attempt  2	[4.35 s]
0.0.AB: Trace Attempt  3	[4.35 s]
0.0.AB: Trace Attempt  4	[4.35 s]
0.0.AB: Trace Attempt  5	[4.35 s]
0.0.Bm: Trace Attempt 473	[53.44 s]
0.0.AB: Trace Attempt  1	[4.86 s]
0.0.AB: Trace Attempt  2	[4.86 s]
0.0.AB: Trace Attempt  3	[4.86 s]
0.0.AB: Trace Attempt  4	[4.86 s]
0.0.AB: Trace Attempt  5	[4.86 s]
0.0.K: Trace Attempt  1	[4.95 s]
0.0.K: Trace Attempt  2	[4.95 s]
0.0.K: Trace Attempt  3	[4.95 s]
0.0.K: Trace Attempt  4	[4.95 s]
0.0.K: Trace Attempt  5	[4.95 s]
0.0.AB: Trace Attempt  1	[5.45 s]
0.0.AB: Trace Attempt  2	[5.45 s]
0.0.AB: Trace Attempt  3	[5.45 s]
0.0.AB: Trace Attempt  4	[5.45 s]
0.0.AB: Trace Attempt  5	[5.45 s]
0.0.AB: Trace Attempt  1	[6.11 s]
0.0.AB: Trace Attempt  2	[6.11 s]
0.0.AB: Trace Attempt  3	[6.11 s]
0.0.AB: Trace Attempt  4	[6.11 s]
0.0.AB: Trace Attempt  5	[6.11 s]
0.0.AB: Trace Attempt  1	[6.91 s]
0.0.AB: Trace Attempt  2	[6.91 s]
0.0.AB: Trace Attempt  3	[6.91 s]
0.0.AB: Trace Attempt  4	[6.91 s]
0.0.AB: Trace Attempt  5	[6.91 s]
0.0.AB: Trace Attempt  1	[7.83 s]
0.0.AB: Trace Attempt  2	[7.83 s]
0.0.AB: Trace Attempt  3	[7.83 s]
0.0.AB: Trace Attempt  4	[7.83 s]
0.0.AB: Trace Attempt  5	[7.83 s]
0.0.AB: Trace Attempt  1	[8.67 s]
0.0.AB: Trace Attempt  2	[8.67 s]
0.0.AB: Trace Attempt  3	[8.67 s]
0.0.AB: Trace Attempt  4	[8.67 s]
0.0.AB: Trace Attempt  5	[8.67 s]
0.0.Bm: Trace Attempt 485	[57.58 s]
0.0.AB: Trace Attempt  1	[9.59 s]
0.0.AB: Trace Attempt  2	[9.59 s]
0.0.AB: Trace Attempt  3	[9.59 s]
0.0.AB: Trace Attempt  4	[9.59 s]
0.0.AB: Trace Attempt  5	[9.59 s]
0.0.AB: Trace Attempt  1	[10.47 s]
0.0.AB: Trace Attempt  2	[10.47 s]
0.0.AB: Trace Attempt  3	[10.47 s]
0.0.AB: Trace Attempt  4	[10.47 s]
0.0.AB: Trace Attempt  5	[10.47 s]
0.0.AB: Trace Attempt  1	[11.50 s]
0.0.AB: Trace Attempt  2	[11.50 s]
0.0.AB: Trace Attempt  3	[11.50 s]
0.0.AB: Trace Attempt  4	[11.50 s]
0.0.AB: Trace Attempt  5	[11.50 s]
0.0.AB: Trace Attempt  1	[12.43 s]
0.0.AB: Trace Attempt  2	[12.43 s]
0.0.AB: Trace Attempt  3	[12.43 s]
0.0.AB: Trace Attempt  4	[12.43 s]
0.0.AB: Trace Attempt  5	[12.43 s]
0.0.Bm: Trace Attempt 502	[61.73 s]
0.0.K: Trace Attempt  1	[13.40 s]
0.0.K: Trace Attempt  2	[13.40 s]
0.0.K: Trace Attempt  3	[13.40 s]
0.0.K: Trace Attempt  4	[13.40 s]
0.0.K: Trace Attempt  5	[13.40 s]
0.0.AB: Trace Attempt  1	[13.49 s]
0.0.AB: Trace Attempt  2	[13.49 s]
0.0.AB: Trace Attempt  3	[13.49 s]
0.0.AB: Trace Attempt  4	[13.49 s]
0.0.AB: Trace Attempt  5	[13.49 s]
0.0.Ht: Trace Attempt 634	[303.51 s]
0.0.AB: Trace Attempt  1	[14.32 s]
0.0.AB: Trace Attempt  2	[14.32 s]
0.0.AB: Trace Attempt  3	[14.32 s]
0.0.AB: Trace Attempt  4	[14.32 s]
0.0.AB: Trace Attempt  5	[14.32 s]
0.0.AB: Trace Attempt  1	[15.79 s]
0.0.AB: Trace Attempt  2	[15.79 s]
0.0.AB: Trace Attempt  3	[15.79 s]
0.0.AB: Trace Attempt  4	[15.79 s]
0.0.AB: Trace Attempt  5	[15.79 s]
0.0.AB: Trace Attempt  1	[16.86 s]
0.0.AB: Trace Attempt  2	[16.86 s]
0.0.AB: Trace Attempt  3	[16.86 s]
0.0.AB: Trace Attempt  4	[16.86 s]
0.0.AB: Trace Attempt  5	[16.86 s]
0.0.Bm: Trace Attempt 522	[66.66 s]
0.0.AB: Trace Attempt  1	[18.11 s]
0.0.AB: Trace Attempt  2	[18.11 s]
0.0.AB: Trace Attempt  3	[18.11 s]
0.0.AB: Trace Attempt  4	[18.11 s]
0.0.AB: Trace Attempt  5	[18.11 s]
0.0.K: Trace Attempt  1	[19.05 s]
0.0.K: Trace Attempt  2	[19.05 s]
0.0.K: Trace Attempt  3	[19.05 s]
0.0.K: Trace Attempt  4	[19.05 s]
0.0.K: Trace Attempt  5	[19.05 s]
0.0.AB: Trace Attempt  1	[19.24 s]
0.0.AB: Trace Attempt  2	[19.24 s]
0.0.AB: Trace Attempt  3	[19.24 s]
0.0.AB: Trace Attempt  4	[19.24 s]
0.0.AB: Trace Attempt  5	[19.24 s]
0.0.AB: Trace Attempt  1	[20.42 s]
0.0.AB: Trace Attempt  2	[20.42 s]
0.0.AB: Trace Attempt  3	[20.42 s]
0.0.AB: Trace Attempt  4	[20.42 s]
0.0.AB: Trace Attempt  5	[20.42 s]
0.0.Ht: Trace Attempt 635	[310.62 s]
0.0.AB: Trace Attempt  1	[21.62 s]
0.0.AB: Trace Attempt  2	[21.62 s]
0.0.AB: Trace Attempt  3	[21.63 s]
0.0.AB: Trace Attempt  4	[21.63 s]
0.0.AB: Trace Attempt  5	[21.63 s]
0.0.Bm: Trace Attempt 541	[70.81 s]
0.0.AB: Trace Attempt  1	[23.09 s]
0.0.AB: Trace Attempt  2	[23.09 s]
0.0.AB: Trace Attempt  3	[23.09 s]
0.0.AB: Trace Attempt  4	[23.09 s]
0.0.AB: Trace Attempt  5	[23.09 s]
0.0.AB: Trace Attempt  1	[24.39 s]
0.0.AB: Trace Attempt  2	[24.39 s]
0.0.AB: Trace Attempt  3	[24.39 s]
0.0.AB: Trace Attempt  4	[24.40 s]
0.0.AB: Trace Attempt  5	[24.40 s]
0.0.Bm: Trace Attempt 546	[74.88 s]
0.0.Ht: Trace Attempt 636	[317.91 s]
0.0.K: Trace Attempt  1	[28.24 s]
0.0.K: Trace Attempt  2	[28.24 s]
0.0.K: Trace Attempt  3	[28.24 s]
0.0.K: Trace Attempt  4	[28.24 s]
0.0.K: Trace Attempt  5	[28.24 s]
0.0.AB: Trace Attempt 205	[30.36 s]
0.0.Bm: Trace Attempt 557	[79.28 s]
0.0.AB: Trace Attempt 207	[31.93 s]
0.0.AB: Per property time limit expired (32.00 s) [32.00 s]
0.0.AB: Stopped processing property "VGA1Interface.sva._assert_8"	[32.00 s].
0.0.AB: Starting proof for property "VGA1Interface.sva._assert_8"	[0.00 s].
0.0.AB: Trace Attempt  1	[0.00 s]
0.0.AB: Trace Attempt  2	[0.00 s]
0.0.AB: Trace Attempt  3	[0.00 s]
0.0.AB: Trace Attempt  4	[0.00 s]
0.0.AB: Trace Attempt  5	[0.00 s]
0.0.AB: Trace Attempt  1	[0.00 s]
0.0.AB: Trace Attempt  2	[0.00 s]
0.0.AB: Trace Attempt  3	[0.00 s]
0.0.AB: Trace Attempt  4	[0.00 s]
0.0.AB: Trace Attempt  5	[0.00 s]
0.0.AB: Trace Attempt  1	[0.00 s]
0.0.AB: Trace Attempt  2	[0.00 s]
0.0.AB: Trace Attempt  3	[0.00 s]
0.0.AB: Trace Attempt  4	[0.00 s]
0.0.AB: Trace Attempt  5	[0.00 s]
0.0.AB: Trace Attempt  1	[0.01 s]
0.0.AB: Trace Attempt  2	[0.01 s]
0.0.AB: Trace Attempt  3	[0.01 s]
0.0.AB: Trace Attempt  4	[0.01 s]
0.0.AB: Trace Attempt  5	[0.01 s]
0.0.AB: Trace Attempt  1	[0.01 s]
0.0.AB: Trace Attempt  2	[0.01 s]
0.0.AB: Trace Attempt  3	[0.01 s]
0.0.AB: Trace Attempt  4	[0.01 s]
0.0.AB: Trace Attempt  5	[0.01 s]
0.0.AB: Trace Attempt  1	[0.02 s]
0.0.AB: Trace Attempt  2	[0.02 s]
0.0.AB: Trace Attempt  3	[0.02 s]
0.0.AB: Trace Attempt  4	[0.02 s]
0.0.AB: Trace Attempt  5	[0.02 s]
0.0.AB: Trace Attempt  1	[0.03 s]
0.0.AB: Trace Attempt  2	[0.03 s]
0.0.AB: Trace Attempt  3	[0.03 s]
0.0.AB: Trace Attempt  4	[0.03 s]
0.0.AB: Trace Attempt  5	[0.03 s]
0.0.K: Stopped processing property "VGA1Interface.sva._assert_8"	[32.02 s].
0.0.K: Starting proof for property "VGA1Interface.sva._assert_8"	[0.00 s].
0.0.AB: Trace Attempt  1	[0.04 s]
0.0.AB: Trace Attempt  2	[0.04 s]
0.0.AB: Trace Attempt  3	[0.05 s]
0.0.AB: Trace Attempt  4	[0.05 s]
0.0.AB: Trace Attempt  5	[0.05 s]
0.0.AB: Trace Attempt  1	[0.06 s]
0.0.AB: Trace Attempt  2	[0.06 s]
0.0.AB: Trace Attempt  3	[0.06 s]
0.0.AB: Trace Attempt  4	[0.06 s]
0.0.AB: Trace Attempt  5	[0.06 s]
0.0.AB: Trace Attempt  1	[0.09 s]
0.0.AB: Trace Attempt  2	[0.09 s]
0.0.AB: Trace Attempt  3	[0.09 s]
0.0.AB: Trace Attempt  4	[0.09 s]
0.0.AB: Trace Attempt  5	[0.09 s]
0.0.AB: Trace Attempt  1	[0.12 s]
0.0.AB: Trace Attempt  2	[0.12 s]
0.0.AB: Trace Attempt  3	[0.12 s]
0.0.AB: Trace Attempt  4	[0.12 s]
0.0.AB: Trace Attempt  5	[0.12 s]
0.0.AB: Trace Attempt  1	[0.15 s]
0.0.AB: Trace Attempt  2	[0.16 s]
0.0.AB: Trace Attempt  3	[0.16 s]
0.0.AB: Trace Attempt  4	[0.16 s]
0.0.AB: Trace Attempt  5	[0.16 s]
0.0.AB: Trace Attempt  1	[0.25 s]
0.0.AB: Trace Attempt  2	[0.25 s]
0.0.AB: Trace Attempt  3	[0.25 s]
0.0.AB: Trace Attempt  4	[0.25 s]
0.0.AB: Trace Attempt  5	[0.25 s]
0.0.AB: Trace Attempt  1	[0.30 s]
0.0.AB: Trace Attempt  2	[0.30 s]
0.0.AB: Trace Attempt  3	[0.30 s]
0.0.AB: Trace Attempt  4	[0.30 s]
0.0.AB: Trace Attempt  5	[0.30 s]
0.0.AB: Trace Attempt  1	[0.41 s]
0.0.AB: Trace Attempt  2	[0.41 s]
0.0.AB: Trace Attempt  3	[0.41 s]
0.0.AB: Trace Attempt  4	[0.41 s]
0.0.AB: Trace Attempt  5	[0.41 s]
0.0.AB: Trace Attempt  1	[0.56 s]
0.0.AB: Trace Attempt  2	[0.56 s]
0.0.AB: Trace Attempt  3	[0.56 s]
0.0.AB: Trace Attempt  4	[0.56 s]
0.0.AB: Trace Attempt  5	[0.56 s]
0.0.AB: Trace Attempt  1	[0.71 s]
0.0.AB: Trace Attempt  2	[0.71 s]
0.0.AB: Trace Attempt  3	[0.71 s]
0.0.AB: Trace Attempt  4	[0.71 s]
0.0.AB: Trace Attempt  5	[0.71 s]
0.0.AB: Trace Attempt  1	[0.91 s]
0.0.AB: Trace Attempt  2	[0.91 s]
0.0.AB: Trace Attempt  3	[0.91 s]
0.0.AB: Trace Attempt  4	[0.91 s]
0.0.AB: Trace Attempt  5	[0.91 s]
0.0.AB: Trace Attempt  1	[1.10 s]
0.0.AB: Trace Attempt  2	[1.10 s]
0.0.AB: Trace Attempt  3	[1.10 s]
0.0.AB: Trace Attempt  4	[1.10 s]
0.0.AB: Trace Attempt  5	[1.10 s]
0.0.AB: Trace Attempt  1	[1.30 s]
0.0.AB: Trace Attempt  2	[1.30 s]
0.0.AB: Trace Attempt  3	[1.30 s]
0.0.AB: Trace Attempt  4	[1.30 s]
0.0.AB: Trace Attempt  5	[1.30 s]
0.0.Ht: Trace Attempt 638	[323.32 s]
0.0.AB: Trace Attempt  1	[1.53 s]
0.0.AB: Trace Attempt  2	[1.53 s]
0.0.AB: Trace Attempt  3	[1.53 s]
0.0.AB: Trace Attempt  4	[1.53 s]
0.0.AB: Trace Attempt  5	[1.53 s]
0.0.AB: Stopped processing property "VGA1Interface.sva._assert_8"	[1.53 s].
0.0.AB: Morphing to Hts
0.0.AB: Trace Attempt 44	[1.53 s]
0.0.AB: All properties determined. [0.00 s]
0.0.AB: Exited with Success (@ 0.00 s)
0.0.Hts: clocks: 1, declared: 1, disabling: 0, posedge: 1, negedge: 0, noedge: 0, bothedge: 0
0.0.Hts: Starting proof for property "VGA1Interface.sva._assert_8"	[0.00 s].
0.0.Hts: Trace Attempt  1	[0.00 s]
0.0.Hts: Trace Attempt  2	[0.00 s]
0.0.Hts: Trace Attempt  3	[0.00 s]
0.0.Hts: Trace Attempt  4	[0.00 s]
0.0.Hts: Trace Attempt  5	[0.00 s]
0.0.K: Stopped processing property "VGA1Interface.sva._assert_8"	[1.58 s].
0.0.K: Morphing to AM
0.0.K: Trace Attempt 202	[0.10 s]
0.0.K: All properties determined. [0.00 s]
0.0.K: Exited with Success (@ 0.00 s)
0.0.AM: clocks: 1, declared: 1, disabling: 0, posedge: 1, negedge: 0, noedge: 0, bothedge: 0
0.0.AM: Starting proof for property "VGA1Interface.sva._assert_8"	[0.00 s].
0.0.AM: Trace Attempt  1	[0.00 s]
0.0.AM: Trace Attempt  2	[0.00 s]
0.0.AM: Trace Attempt  3	[0.00 s]
0.0.AM: Trace Attempt  4	[0.00 s]
0.0.AM: Trace Attempt  5	[0.00 s]
0.0.AM: Trace Attempt  1	[0.00 s]
0.0.AM: Trace Attempt  2	[0.00 s]
0.0.AM: Trace Attempt  3	[0.00 s]
0.0.AM: Trace Attempt  5	[0.00 s]
0.0.AM: Trace Attempt  1	[0.00 s]
0.0.AM: Trace Attempt  2	[0.00 s]
0.0.AM: Trace Attempt  3	[0.00 s]
0.0.AM: Trace Attempt  5	[0.00 s]
0.0.AM: Trace Attempt  1	[0.01 s]
0.0.AM: Trace Attempt  2	[0.01 s]
0.0.AM: Trace Attempt  3	[0.01 s]
0.0.AM: Trace Attempt  5	[0.01 s]
0.0.AM: Trace Attempt  1	[0.01 s]
0.0.AM: Trace Attempt  2	[0.01 s]
0.0.AM: Trace Attempt  3	[0.01 s]
0.0.AM: Trace Attempt  5	[0.01 s]
0.0.AM: Trace Attempt  1	[0.02 s]
0.0.AM: Trace Attempt  2	[0.02 s]
0.0.AM: Trace Attempt  3	[0.02 s]
0.0.AM: Trace Attempt  5	[0.02 s]
0.0.AM: Trace Attempt  1	[0.03 s]
0.0.AM: Trace Attempt  2	[0.03 s]
0.0.AM: Trace Attempt  3	[0.03 s]
0.0.AM: Trace Attempt  5	[0.03 s]
0.0.AM: Trace Attempt  1	[0.04 s]
0.0.AM: Trace Attempt  2	[0.04 s]
0.0.AM: Trace Attempt  3	[0.04 s]
0.0.AM: Trace Attempt  5	[0.04 s]
0.0.AM: Trace Attempt  1	[0.06 s]
0.0.AM: Trace Attempt  2	[0.06 s]
0.0.AM: Trace Attempt  3	[0.06 s]
0.0.AM: Trace Attempt  5	[0.06 s]
0.0.AM: Trace Attempt  1	[0.08 s]
0.0.AM: Trace Attempt  2	[0.08 s]
0.0.AM: Trace Attempt  3	[0.08 s]
0.0.AM: Trace Attempt  5	[0.08 s]
0.0.AM: Trace Attempt  1	[0.11 s]
0.0.AM: Trace Attempt  2	[0.11 s]
0.0.AM: Trace Attempt  3	[0.11 s]
0.0.AM: Trace Attempt  5	[0.11 s]
0.0.AM: Trace Attempt  1	[0.15 s]
0.0.AM: Trace Attempt  2	[0.15 s]
0.0.AM: Trace Attempt  3	[0.15 s]
0.0.AM: Trace Attempt  5	[0.15 s]
0.0.AM: Trace Attempt  1	[0.25 s]
0.0.AM: Trace Attempt  2	[0.25 s]
0.0.AM: Trace Attempt  3	[0.25 s]
0.0.AM: Trace Attempt  5	[0.25 s]
0.0.AM: Trace Attempt  1	[0.30 s]
0.0.AM: Trace Attempt  2	[0.30 s]
0.0.AM: Trace Attempt  3	[0.30 s]
0.0.AM: Trace Attempt  5	[0.30 s]
0.0.AM: Trace Attempt  1	[0.41 s]
0.0.AM: Trace Attempt  2	[0.41 s]
0.0.AM: Trace Attempt  3	[0.41 s]
0.0.AM: Trace Attempt  5	[0.41 s]
0.0.AM: Trace Attempt  1	[0.57 s]
0.0.AM: Trace Attempt  2	[0.57 s]
0.0.AM: Trace Attempt  3	[0.57 s]
0.0.AM: Trace Attempt  5	[0.57 s]
0.0.AM: Trace Attempt  1	[0.71 s]
0.0.AM: Trace Attempt  2	[0.71 s]
0.0.AM: Trace Attempt  3	[0.71 s]
0.0.AM: Trace Attempt  5	[0.71 s]
0.0.Bm: Trace Attempt 568	[83.28 s]
0.0.AM: Trace Attempt  1	[0.91 s]
0.0.AM: Trace Attempt  2	[0.91 s]
0.0.AM: Trace Attempt  3	[0.91 s]
0.0.AM: Trace Attempt  5	[0.91 s]
0.0.AM: Trace Attempt  1	[1.10 s]
0.0.AM: Trace Attempt  2	[1.10 s]
0.0.AM: Trace Attempt  3	[1.10 s]
0.0.AM: Trace Attempt  5	[1.10 s]
0.0.AM: Trace Attempt  1	[1.29 s]
0.0.AM: Trace Attempt  2	[1.29 s]
0.0.AM: Trace Attempt  3	[1.29 s]
0.0.AM: Trace Attempt  5	[1.29 s]
0.0.AM: Trace Attempt  1	[1.52 s]
0.0.AM: Trace Attempt  2	[1.52 s]
0.0.AM: Trace Attempt  3	[1.52 s]
0.0.AM: Trace Attempt  5	[1.52 s]
0.0.AM: Trace Attempt  1	[1.71 s]
0.0.AM: Trace Attempt  2	[1.71 s]
0.0.AM: Trace Attempt  3	[1.71 s]
0.0.AM: Trace Attempt  5	[1.71 s]
0.0.AM: Trace Attempt  1	[2.01 s]
0.0.AM: Trace Attempt  2	[2.01 s]
0.0.AM: Trace Attempt  3	[2.01 s]
0.0.AM: Trace Attempt  5	[2.01 s]
0.0.AM: Trace Attempt  1	[2.31 s]
0.0.AM: Trace Attempt  2	[2.31 s]
0.0.AM: Trace Attempt  3	[2.31 s]
0.0.AM: Trace Attempt  5	[2.31 s]
0.0.AM: Trace Attempt  1	[2.64 s]
0.0.AM: Trace Attempt  2	[2.64 s]
0.0.AM: Trace Attempt  3	[2.65 s]
0.0.AM: Trace Attempt  5	[2.65 s]
0.0.AM: Trace Attempt  1	[2.99 s]
0.0.AM: Trace Attempt  2	[2.99 s]
0.0.AM: Trace Attempt  3	[2.99 s]
0.0.AM: Trace Attempt  5	[2.99 s]
0.0.AM: Trace Attempt  1	[3.38 s]
0.0.AM: Trace Attempt  2	[3.38 s]
0.0.AM: Trace Attempt  3	[3.38 s]
0.0.AM: Trace Attempt  5	[3.38 s]
0.0.AM: Trace Attempt  1	[3.80 s]
0.0.AM: Trace Attempt  2	[3.80 s]
0.0.AM: Trace Attempt  3	[3.80 s]
0.0.AM: Trace Attempt  5	[3.80 s]
0.0.Ht: Trace Attempt 639	[327.39 s]
0.0.AM: Trace Attempt  1	[4.20 s]
0.0.AM: Trace Attempt  2	[4.20 s]
0.0.AM: Trace Attempt  3	[4.20 s]
0.0.AM: Trace Attempt  5	[4.20 s]
0.0.AM: Trace Attempt  1	[4.64 s]
0.0.AM: Trace Attempt  2	[4.64 s]
0.0.AM: Trace Attempt  3	[4.64 s]
0.0.AM: Trace Attempt  5	[4.64 s]
0.0.Bm: Trace Attempt 578	[87.38 s]
0.0.AM: Trace Attempt  1	[5.12 s]
0.0.AM: Trace Attempt  2	[5.12 s]
0.0.AM: Trace Attempt  3	[5.12 s]
0.0.AM: Trace Attempt  5	[5.12 s]
0.0.AM: Trace Attempt  1	[5.72 s]
0.0.AM: Trace Attempt  2	[5.72 s]
0.0.AM: Trace Attempt  3	[5.72 s]
0.0.AM: Trace Attempt  5	[5.72 s]
0.0.AM: Trace Attempt  1	[6.37 s]
0.0.AM: Trace Attempt  2	[6.37 s]
0.0.AM: Trace Attempt  3	[6.37 s]
0.0.AM: Trace Attempt  5	[6.37 s]
0.0.AM: Trace Attempt  1	[7.12 s]
0.0.AM: Trace Attempt  2	[7.12 s]
0.0.AM: Trace Attempt  3	[7.12 s]
0.0.AM: Trace Attempt  5	[7.12 s]
0.0.AM: Trace Attempt  1	[8.00 s]
0.0.AM: Trace Attempt  2	[8.00 s]
0.0.AM: Trace Attempt  3	[8.00 s]
0.0.AM: Trace Attempt  5	[8.00 s]
0.0.Ht: Trace Attempt 641	[332.30 s]
0.0.AM: Trace Attempt  1	[9.00 s]
0.0.AM: Trace Attempt  2	[9.00 s]
0.0.AM: Trace Attempt  3	[9.00 s]
0.0.AM: Trace Attempt  5	[9.00 s]
0.0.Bm: Trace Attempt 586	[91.51 s]
0.0.AM: Trace Attempt  1	[9.90 s]
0.0.AM: Trace Attempt  2	[9.90 s]
0.0.AM: Trace Attempt  3	[9.90 s]
0.0.AM: Trace Attempt  5	[9.91 s]
0.0.AM: Trace Attempt  1	[10.89 s]
0.0.AM: Trace Attempt  2	[10.89 s]
0.0.AM: Trace Attempt  3	[10.89 s]
0.0.AM: Trace Attempt  5	[10.89 s]
0.0.AM: Trace Attempt  1	[11.81 s]
0.0.AM: Trace Attempt  2	[11.81 s]
0.0.AM: Trace Attempt  3	[11.81 s]
0.0.AM: Trace Attempt  5	[11.81 s]
0.0.AM: Trace Attempt  1	[12.90 s]
0.0.AM: Trace Attempt  2	[12.90 s]
0.0.AM: Trace Attempt  3	[12.90 s]
0.0.AM: Trace Attempt  5	[12.90 s]
0.0.Bm: Trace Attempt 595	[95.78 s]
0.0.AM: Trace Attempt  1	[13.86 s]
0.0.AM: Trace Attempt  2	[13.86 s]
0.0.AM: Trace Attempt  3	[13.87 s]
0.0.AM: Trace Attempt  5	[13.87 s]
0.0.Ht: Trace Attempt 642	[337.71 s]
0.0.AM: Trace Attempt  1	[14.97 s]
0.0.AM: Trace Attempt  2	[14.97 s]
0.0.AM: Trace Attempt  3	[14.97 s]
0.0.AM: Trace Attempt  5	[14.97 s]
0.0.AM: Trace Attempt  1	[15.86 s]
0.0.AM: Trace Attempt  2	[15.86 s]
0.0.AM: Trace Attempt  3	[15.86 s]
0.0.AM: Trace Attempt  5	[15.87 s]
0.0.AM: Trace Attempt  1	[17.35 s]
0.0.AM: Trace Attempt  2	[17.35 s]
0.0.AM: Trace Attempt  3	[17.35 s]
0.0.AM: Trace Attempt  5	[17.35 s]
0.0.Bm: Trace Attempt 600	[99.81 s]
0.0.AM: Trace Attempt  1	[18.48 s]
0.0.AM: Trace Attempt  2	[18.48 s]
0.0.AM: Trace Attempt  3	[18.49 s]
0.0.AM: Trace Attempt  5	[18.49 s]
0.0.AM: Trace Attempt  1	[19.73 s]
0.0.AM: Trace Attempt  2	[19.73 s]
0.0.AM: Trace Attempt  3	[19.73 s]
0.0.AM: Trace Attempt  5	[19.73 s]
0.0.AM: Trace Attempt  1	[20.96 s]
0.0.AM: Trace Attempt  2	[20.96 s]
0.0.AM: Trace Attempt  3	[20.96 s]
0.0.AM: Trace Attempt  5	[20.96 s]
0.0.Bm: Trace Attempt 607	[104.14 s]
0.0.AM: Trace Attempt  1	[22.14 s]
0.0.AM: Trace Attempt  2	[22.14 s]
0.0.AM: Trace Attempt  3	[22.14 s]
0.0.AM: Trace Attempt  5	[22.14 s]
0.0.AM: Trace Attempt  1	[23.34 s]
0.0.AM: Trace Attempt  2	[23.34 s]
0.0.AM: Trace Attempt  3	[23.34 s]
0.0.AM: Trace Attempt  5	[23.34 s]
0.0.AM: Trace Attempt  1	[24.81 s]
0.0.AM: Trace Attempt  2	[24.81 s]
0.0.AM: Trace Attempt  3	[24.81 s]
0.0.AM: Trace Attempt  5	[24.81 s]
0.0.AM: Trace Attempt  1	[26.11 s]
0.0.AM: Trace Attempt  2	[26.11 s]
0.0.AM: Trace Attempt  3	[26.11 s]
0.0.AM: Trace Attempt  5	[26.11 s]
0.0.Bm: Trace Attempt 612	[108.72 s]
0.0.Ht: Trace Attempt 645	[351.62 s]
0.0.Bm: Trace Attempt 618	[113.09 s]
0.0.AM: Trace Attempt 205	[31.96 s]
0.0.AM: Trace Attempt  1	[33.67 s]
0.0.AM: Trace Attempt  2	[33.67 s]
0.0.AM: Trace Attempt  3	[33.67 s]
0.0.AM: Trace Attempt  5	[33.68 s]
0.0.Bm: Trace Attempt 625	[117.17 s]
0.0.AM: Trace Attempt  1	[34.89 s]
0.0.AM: Trace Attempt  2	[34.89 s]
0.0.AM: Trace Attempt  3	[34.89 s]
0.0.AM: Trace Attempt  5	[34.89 s]
0.0.AM: Trace Attempt  1	[36.58 s]
0.0.AM: Trace Attempt  2	[36.58 s]
0.0.AM: Trace Attempt  3	[36.58 s]
0.0.AM: Trace Attempt  5	[36.58 s]
0.0.Ht: Trace Attempt 647	[360.60 s]
0.0.AM: Trace Attempt  1	[38.14 s]
0.0.AM: Trace Attempt  2	[38.14 s]
0.0.AM: Trace Attempt  3	[38.14 s]
0.0.AM: Trace Attempt  5	[38.14 s]
0.0.Bm: Trace Attempt 631	[121.56 s]
0.0.AM: Trace Attempt  1	[39.66 s]
0.0.AM: Trace Attempt  2	[39.67 s]
0.0.AM: Trace Attempt  3	[39.67 s]
0.0.AM: Trace Attempt  5	[39.67 s]
0.0.Ht: Trace Attempt 653	[364.87 s]
0.0.AM: Trace Attempt  1	[41.53 s]
0.0.AM: Trace Attempt  2	[41.53 s]
0.0.AM: Trace Attempt  3	[41.53 s]
0.0.AM: Trace Attempt  5	[41.53 s]
0.0.Bm: Trace Attempt 639	[125.62 s]
0.0.AM: Trace Attempt  1	[43.25 s]
0.0.AM: Trace Attempt  2	[43.25 s]
0.0.AM: Trace Attempt  3	[43.25 s]
0.0.AM: Trace Attempt  5	[43.25 s]
0.0.AM: Trace Attempt  1	[45.41 s]
0.0.AM: Trace Attempt  2	[45.41 s]
0.0.AM: Trace Attempt  3	[45.41 s]
0.0.AM: Trace Attempt  5	[45.41 s]
0.0.Ht: Trace Attempt 655	[369.48 s]
0.0.AM: Trace Attempt  1	[47.11 s]
0.0.AM: Trace Attempt  2	[47.11 s]
0.0.AM: Trace Attempt  3	[47.11 s]
0.0.AM: Trace Attempt  5	[47.11 s]
0.0.Bm: Trace Attempt 654	[129.97 s]
0.0.AM: Trace Attempt  1	[49.27 s]
0.0.AM: Trace Attempt  2	[49.28 s]
0.0.AM: Trace Attempt  3	[49.28 s]
0.0.AM: Trace Attempt  5	[49.28 s]
0.0.Bm: Trace Attempt 661	[133.98 s]
0.0.AM: Trace Attempt  1	[51.70 s]
0.0.AM: Trace Attempt  2	[51.71 s]
0.0.AM: Trace Attempt  3	[51.71 s]
0.0.AM: Trace Attempt  5	[51.71 s]
0.0.Ht: Trace Attempt 657	[376.43 s]
0.0.AM: Trace Attempt  1	[54.22 s]
0.0.AM: Trace Attempt  2	[54.22 s]
0.0.AM: Trace Attempt  3	[54.22 s]
0.0.AM: Trace Attempt  5	[54.23 s]
0.0.Bm: Trace Attempt 669	[138.17 s]
0.0.AM: Trace Attempt  1	[57.26 s]
0.0.AM: Trace Attempt  2	[57.26 s]
0.0.AM: Trace Attempt  3	[57.26 s]
0.0.AM: Trace Attempt  5	[57.26 s]
0.0.Ht: Trace Attempt 664	[383.34 s]
0.0.Bm: Trace Attempt 672	[142.61 s]
0.0.AM: Trace Attempt  1	[60.29 s]
0.0.AM: Trace Attempt  2	[60.29 s]
0.0.AM: Trace Attempt  3	[60.29 s]
0.0.AM: Trace Attempt  5	[60.29 s]
0.0.Bm: Trace Attempt 677	[146.62 s]
0.0.AM: Trace Attempt 262	[64.85 s]
0.0.AM: Trace Attempt  1	[65.26 s]
0.0.AM: Trace Attempt  2	[65.26 s]
0.0.AM: Trace Attempt  3	[65.26 s]
0.0.AM: Trace Attempt  5	[65.26 s]
0.0.Bm: Trace Attempt 685	[150.70 s]
0.0.AM: Trace Attempt 267	[69.31 s]
0.0.AM: Trace Attempt  1	[69.60 s]
0.0.AM: Trace Attempt  2	[69.60 s]
0.0.AM: Trace Attempt  3	[69.60 s]
0.0.AM: Trace Attempt  5	[69.60 s]
0.0.Bm: Trace Attempt 692	[155.74 s]
0.0.AM: Trace Attempt 270	[74.04 s]
0.0.AM: Trace Attempt  1	[74.17 s]
0.0.AM: Trace Attempt  2	[74.17 s]
0.0.AM: Trace Attempt  3	[74.17 s]
0.0.AM: Trace Attempt  5	[74.17 s]
0.0.Bm: Trace Attempt 708	[160.11 s]
0.0.AM: Trace Attempt 274	[78.63 s]
0.0.AM: Trace Attempt  1	[78.91 s]
0.0.AM: Trace Attempt  2	[78.91 s]
0.0.AM: Trace Attempt  3	[78.91 s]
0.0.AM: Trace Attempt  5	[78.91 s]
0.0.Bm: Trace Attempt 716	[164.79 s]
0.0.AM: Trace Attempt 277	[82.95 s]
0.0.AM: Trace Attempt  1	[84.69 s]
0.0.AM: Trace Attempt  2	[84.69 s]
0.0.AM: Trace Attempt  3	[84.69 s]
0.0.AM: Trace Attempt  5	[84.69 s]
0.0.Bm: Trace Attempt 729	[168.98 s]
0.0.AM: Trace Attempt 281	[89.72 s]
0.0.AM: Trace Attempt  1	[89.93 s]
0.0.AM: Trace Attempt  2	[89.93 s]
0.0.AM: Trace Attempt  3	[89.93 s]
0.0.AM: Trace Attempt  5	[89.93 s]
0.0.Bm: Trace Attempt 741	[173.38 s]
0.0.AM: Trace Attempt 285	[94.21 s]
0.0.Bm: Trace Attempt 754	[177.48 s]
0.0.AM: Trace Attempt  1	[95.20 s]
0.0.AM: Trace Attempt  2	[95.20 s]
0.0.AM: Trace Attempt  3	[95.20 s]
0.0.AM: Trace Attempt  5	[95.20 s]
0.0.Bm: Trace Attempt 760	[181.79 s]
0.0.AM: Trace Attempt 289	[99.83 s]
0.0.AM: Trace Attempt  1	[100.64 s]
0.0.AM: Trace Attempt  2	[100.64 s]
0.0.AM: Trace Attempt  3	[100.64 s]
0.0.AM: Trace Attempt  5	[100.64 s]
0.0.Ht: Trace Attempt 672	[427.70 s]
0.0.AM: Trace Attempt 293	[105.38 s]
0.0.AM: Trace Attempt  1	[105.60 s]
0.0.AM: Trace Attempt  2	[105.60 s]
0.0.AM: Trace Attempt  3	[105.61 s]
0.0.AM: Trace Attempt  5	[105.61 s]
0.0.AM: Trace Attempt 298	[111.26 s]
0.0.AM: Trace Attempt  1	[111.52 s]
0.0.AM: Trace Attempt  2	[111.52 s]
0.0.AM: Trace Attempt  3	[111.52 s]
0.0.AM: Trace Attempt  5	[111.52 s]
0.0.AM: Trace Attempt 301	[115.98 s]
0.0.AM: Trace Attempt  1	[116.77 s]
0.0.AM: Trace Attempt  2	[116.77 s]
0.0.AM: Trace Attempt  3	[116.77 s]
0.0.AM: Trace Attempt  5	[116.77 s]
0.0.AM: Trace Attempt 305	[122.88 s]
0.0.AM: Trace Attempt  1	[122.97 s]
0.0.AM: Trace Attempt  2	[122.97 s]
0.0.AM: Trace Attempt  3	[122.97 s]
0.0.AM: Trace Attempt  5	[122.97 s]
0.0.Bm: Trace Attempt 763	[205.66 s]
0.0.Bm: Trace Attempt 776	[210.65 s]
0.0.AM: Trace Attempt 309	[128.72 s]
0.0.AM: Trace Attempt  1	[129.00 s]
0.0.AM: Trace Attempt  2	[129.00 s]
0.0.AM: Trace Attempt  3	[129.00 s]
0.0.AM: Trace Attempt  5	[129.00 s]
0.0.Bm: Trace Attempt 782	[214.77 s]
0.0.AM: Trace Attempt 313	[135.04 s]
0.0.AM: Trace Attempt  1	[135.18 s]
0.0.AM: Trace Attempt  2	[135.18 s]
0.0.AM: Trace Attempt  3	[135.19 s]
0.0.AM: Trace Attempt  5	[135.19 s]
0.0.Bm: Trace Attempt 790	[219.22 s]
0.0.AM: Trace Attempt 317	[140.47 s]
0.0.AM: Trace Attempt  1	[140.59 s]
0.0.AM: Trace Attempt  2	[140.59 s]
0.0.AM: Trace Attempt  3	[140.59 s]
0.0.AM: Trace Attempt  5	[140.59 s]
0.0.Bm: Trace Attempt 802	[223.49 s]
0.0.Bm: Trace Attempt 810	[227.92 s]
0.0.AM: Trace Attempt 321	[146.91 s]
0.0.AM: Trace Attempt  1	[147.41 s]
0.0.AM: Trace Attempt  2	[147.41 s]
0.0.AM: Trace Attempt  3	[147.41 s]
0.0.AM: Trace Attempt  5	[147.41 s]
0.0.Bm: Trace Attempt 814	[232.20 s]
0.0.AM: Trace Attempt 325	[153.12 s]
0.0.AM: Trace Attempt  1	[153.25 s]
0.0.AM: Trace Attempt  2	[153.25 s]
0.0.AM: Trace Attempt  3	[153.25 s]
0.0.AM: Trace Attempt  5	[153.25 s]
0.0.Bm: Trace Attempt 819	[236.50 s]
0.0.Bm: Trace Attempt 824	[240.79 s]
0.0.AM: Trace Attempt 329	[162.46 s]
0.0.AM: Trace Attempt  1	[162.57 s]
0.0.AM: Trace Attempt  2	[162.57 s]
0.0.AM: Trace Attempt  3	[162.57 s]
0.0.AM: Trace Attempt  5	[162.57 s]
0.0.Bm: Trace Attempt 830	[245.07 s]
0.0.Bm: Trace Attempt 835	[250.81 s]
0.0.AM: Trace Attempt 333	[168.75 s]
0.0.AM: Trace Attempt  1	[168.87 s]
0.0.AM: Trace Attempt  2	[168.87 s]
0.0.AM: Trace Attempt  3	[168.87 s]
0.0.AM: Trace Attempt  5	[168.87 s]
0.0.Hts: Trace Attempt 1476	[170.60 s]
0.0.Bm: Trace Attempt 848	[256.08 s]
0.0.AM: Trace Attempt 337	[176.12 s]
0.0.AM: Trace Attempt  1	[176.53 s]
0.0.AM: Trace Attempt  2	[176.53 s]
0.0.AM: Trace Attempt  3	[176.53 s]
0.0.AM: Trace Attempt  5	[176.54 s]
0.0.Hts: Trace Attempt 1479	[178.15 s]
0.0.Bm: Trace Attempt 856	[261.19 s]
0.0.Hts: Trace Attempt 1487	[182.20 s]
0.0.Bm: Trace Attempt 860	[265.64 s]
0.0.AM: Trace Attempt 341	[183.78 s]
0.0.AM: Trace Attempt  1	[183.92 s]
0.0.AM: Trace Attempt  2	[183.92 s]
0.0.AM: Trace Attempt  3	[183.92 s]
0.0.AM: Trace Attempt  5	[183.92 s]
0.0.Hts: Trace Attempt 1498	[186.45 s]
0.0.Bm: Trace Attempt 863	[269.97 s]
0.0.Hts: Trace Attempt 1508	[191.14 s]
0.0.Bm: Trace Attempt 869	[274.51 s]
0.0.AM: Trace Attempt 345	[192.66 s]
0.0.AM: Trace Attempt  1	[193.18 s]
0.0.AM: Trace Attempt  2	[193.18 s]
0.0.AM: Trace Attempt  3	[193.19 s]
0.0.AM: Trace Attempt  5	[193.19 s]
0.0.Hts: Trace Attempt 1517	[195.26 s]
0.0.Bm: Trace Attempt 873	[279.21 s]
0.0.AM: Trace Attempt 349	[200.47 s]
0.0.AM: Trace Attempt  1	[200.75 s]
0.0.AM: Trace Attempt  2	[200.75 s]
0.0.AM: Trace Attempt  3	[200.75 s]
0.0.AM: Trace Attempt  5	[200.75 s]
0.0.Bm: Trace Attempt 877	[283.40 s]
0.0.Hts: Trace Attempt 1519	[202.37 s]
0.0.Bm: Trace Attempt 880	[288.20 s]
0.0.Hts: Trace Attempt 1525	[207.28 s]
0.0.AM: Trace Attempt 353	[207.63 s]
0.0.AM: Trace Attempt  1	[209.38 s]
0.0.AM: Trace Attempt  2	[209.39 s]
0.0.AM: Trace Attempt  3	[209.39 s]
0.0.AM: Trace Attempt  5	[209.39 s]
0.0.Bm: Trace Attempt 885	[293.24 s]
0.0.Hts: Trace Attempt 1544	[211.44 s]
0.0.Bm: Trace Attempt 892	[297.86 s]
0.0.Hts: Trace Attempt 1553	[215.83 s]
0.0.AM: Trace Attempt 357	[216.73 s]
0.0.AM: Trace Attempt  1	[217.07 s]
0.0.AM: Trace Attempt  2	[217.07 s]
0.0.AM: Trace Attempt  3	[217.08 s]
0.0.AM: Trace Attempt  5	[217.08 s]
0.0.Ht: Trace Attempt 763	[541.04 s]
0.0.Hts: Trace Attempt 1560	[219.88 s]
0.0.Bm: Trace Attempt 900	[302.36 s]
0.0.Bm: Trace Attempt 906	[306.71 s]
0.0.Hts: Trace Attempt 1570	[224.36 s]
0.0.AM: Trace Attempt 361	[226.91 s]
0.0.AM: Trace Attempt  1	[227.23 s]
0.0.AM: Trace Attempt  2	[227.23 s]
0.0.AM: Trace Attempt  3	[227.23 s]
0.0.AM: Trace Attempt  5	[227.23 s]
0.0.Hts: Trace Attempt 1580	[228.57 s]
0.0.Bm: Trace Attempt 911	[311.53 s]
0.0.Hts: Trace Attempt 1588	[232.63 s]
0.0.Bm: Trace Attempt 915	[315.80 s]
0.0.AM: Trace Attempt 365	[235.16 s]
0.0.AM: Trace Attempt  1	[235.47 s]
0.0.AM: Trace Attempt  2	[235.47 s]
0.0.AM: Trace Attempt  3	[235.47 s]
0.0.AM: Trace Attempt  5	[235.47 s]
0.0.Hts: Trace Attempt 1594	[236.67 s]
0.0.Bm: Trace Attempt 919	[321.54 s]
0.0.Hts: Trace Attempt 1602	[240.87 s]
0.0.Bm: Trace Attempt 923	[327.24 s]
0.0.Hts: Trace Attempt 1606	[244.88 s]
0.0.AM: Trace Attempt 369	[245.03 s]
0.0.AM: Trace Attempt  1	[245.32 s]
0.0.AM: Trace Attempt  2	[245.32 s]
0.0.AM: Trace Attempt  3	[245.32 s]
0.0.AM: Trace Attempt  5	[245.33 s]
0.0.Hts: Trace Attempt 1614	[249.07 s]
0.0.Bm: Trace Attempt 926	[331.49 s]
0.0.AM: Trace Attempt 372	[245.57 s]
0.0.AM: Per property time limit expired (255.92 s) [255.93 s]
0.0.AM: Stopped processing property "VGA1Interface.sva._assert_8"	[255.93 s].
0.0.AM: Starting proof for property "VGA1Interface.sva._assert_8"	[0.00 s].
0.0.AM: Trace Attempt  1	[0.00 s]
0.0.AM: Trace Attempt  2	[0.00 s]
0.0.AM: Trace Attempt  3	[0.00 s]
0.0.AM: Trace Attempt  4	[0.00 s]
0.0.AM: Trace Attempt  5	[0.00 s]
0.0.AM: Trace Attempt  1	[0.00 s]
0.0.AM: Trace Attempt  2	[0.00 s]
0.0.AM: Trace Attempt  3	[0.00 s]
0.0.AM: Trace Attempt  5	[0.00 s]
0.0.AM: Trace Attempt  1	[0.00 s]
0.0.AM: Trace Attempt  2	[0.00 s]
0.0.AM: Trace Attempt  3	[0.00 s]
0.0.AM: Trace Attempt  5	[0.01 s]
0.0.AM: Trace Attempt  1	[0.01 s]
0.0.AM: Trace Attempt  2	[0.01 s]
0.0.AM: Trace Attempt  3	[0.01 s]
0.0.AM: Trace Attempt  5	[0.01 s]
0.0.AM: Trace Attempt  1	[0.01 s]
0.0.AM: Trace Attempt  2	[0.01 s]
0.0.AM: Trace Attempt  3	[0.01 s]
0.0.AM: Trace Attempt  5	[0.01 s]
0.0.AM: Trace Attempt  1	[0.02 s]
0.0.AM: Trace Attempt  2	[0.02 s]
0.0.AM: Trace Attempt  3	[0.02 s]
0.0.AM: Trace Attempt  5	[0.02 s]
0.0.AM: Trace Attempt  1	[0.03 s]
0.0.AM: Trace Attempt  2	[0.03 s]
0.0.AM: Trace Attempt  3	[0.03 s]
0.0.AM: Trace Attempt  5	[0.03 s]
0.0.AM: Trace Attempt  1	[0.05 s]
0.0.AM: Trace Attempt  2	[0.05 s]
0.0.AM: Trace Attempt  3	[0.05 s]
0.0.AM: Trace Attempt  5	[0.05 s]
0.0.AM: Trace Attempt  1	[0.06 s]
0.0.AM: Trace Attempt  2	[0.06 s]
0.0.AM: Trace Attempt  3	[0.06 s]
0.0.AM: Trace Attempt  5	[0.06 s]
0.0.AM: Trace Attempt  1	[0.09 s]
0.0.AM: Trace Attempt  2	[0.09 s]
0.0.AM: Trace Attempt  3	[0.09 s]
0.0.AM: Trace Attempt  5	[0.09 s]
0.0.AM: Trace Attempt  1	[0.12 s]
0.0.AM: Trace Attempt  2	[0.12 s]
0.0.AM: Trace Attempt  3	[0.12 s]
0.0.AM: Trace Attempt  5	[0.12 s]
0.0.AM: Trace Attempt  1	[0.15 s]
0.0.AM: Trace Attempt  2	[0.15 s]
0.0.AM: Trace Attempt  3	[0.15 s]
0.0.AM: Trace Attempt  5	[0.15 s]
0.0.AM: Trace Attempt  1	[0.25 s]
0.0.AM: Trace Attempt  2	[0.25 s]
0.0.AM: Trace Attempt  3	[0.25 s]
0.0.AM: Trace Attempt  5	[0.25 s]
0.0.AM: Trace Attempt  1	[0.30 s]
0.0.AM: Trace Attempt  2	[0.30 s]
0.0.AM: Trace Attempt  3	[0.30 s]
0.0.AM: Trace Attempt  5	[0.30 s]
0.0.AM: Trace Attempt  1	[0.41 s]
0.0.AM: Trace Attempt  2	[0.41 s]
0.0.AM: Trace Attempt  3	[0.41 s]
0.0.AM: Trace Attempt  5	[0.41 s]
0.0.AM: Trace Attempt  1	[0.56 s]
0.0.AM: Trace Attempt  2	[0.56 s]
0.0.AM: Trace Attempt  3	[0.56 s]
0.0.AM: Trace Attempt  5	[0.56 s]
0.0.AM: Trace Attempt  1	[0.69 s]
0.0.AM: Trace Attempt  2	[0.69 s]
0.0.AM: Trace Attempt  3	[0.69 s]
0.0.AM: Trace Attempt  5	[0.69 s]
0.0.Hts: Trace Attempt 1620	[251.87 s]
0.0.Hts: Per property time limit expired (256.00 s) [256.87 s]
0.0.Hts: Stopped processing property "VGA1Interface.sva._assert_8"	[256.87 s].
0.0.Hts: Starting proof for property "VGA1Interface.sva._assert_8"	[0.00 s].
0.0.AM: Trace Attempt  1	[0.89 s]
0.0.AM: Trace Attempt  2	[0.89 s]
0.0.AM: Trace Attempt  3	[0.89 s]
0.0.AM: Trace Attempt  5	[0.89 s]
0.0.Hts: Trace Attempt  1	[0.19 s]
0.0.Hts: Trace Attempt  2	[0.19 s]
0.0.Hts: Trace Attempt  3	[0.19 s]
0.0.Hts: Trace Attempt  4	[0.19 s]
0.0.Hts: Trace Attempt  5	[0.19 s]
0.0.Hts: Stopped processing property "VGA1Interface.sva._assert_8"	[0.21 s].
0.0.Hts: Starting proof for property "VGA1Interface.sva._cover_34"	[0.00 s].
0.0.AM: Stopped processing property "VGA1Interface.sva._assert_8"	[1.07 s].
0.0.AM: Starting proof for property "VGA1Interface.sva._cover_34"	[0.00 s].
0.0.Hts: Trace Attempt  1	[0.00 s]
0.0.Hts: Trace Attempt  2	[0.00 s]
0.0.Hts: Trace Attempt  3	[0.00 s]
0.0.Hts: Trace Attempt  4	[0.00 s]
0.0.AM: Trace Attempt  1	[0.00 s]
0.0.AM: Trace Attempt  2	[0.00 s]
0.0.Hts: Trace Attempt  5	[0.00 s]
0.0.AM: Trace Attempt  3	[0.00 s]
0.0.AM: Trace Attempt  4	[0.00 s]
0.0.AM: Trace Attempt  5	[0.00 s]
0.0.AM: Per property time limit expired (2.00 s) [2.00 s]
0.0.AM: Stopped processing property "VGA1Interface.sva._cover_34"	[2.00 s].
0.0.AM: Starting proof for property "VGA1Interface.sva._assert_8"	[0.00 s].
0.0.AM: Trace Attempt  1	[0.00 s]
0.0.AM: Trace Attempt  2	[0.00 s]
0.0.AM: Trace Attempt  3	[0.00 s]
0.0.AM: Trace Attempt  4	[0.00 s]
0.0.AM: Trace Attempt  5	[0.00 s]
0.0.AM: Trace Attempt  1	[0.00 s]
0.0.AM: Trace Attempt  2	[0.00 s]
0.0.AM: Trace Attempt  3	[0.00 s]
0.0.AM: Trace Attempt  5	[0.00 s]
0.0.AM: Trace Attempt  1	[0.00 s]
0.0.AM: Trace Attempt  2	[0.00 s]
0.0.AM: Trace Attempt  3	[0.00 s]
0.0.AM: Trace Attempt  5	[0.01 s]
0.0.AM: Trace Attempt  1	[0.01 s]
0.0.AM: Trace Attempt  2	[0.01 s]
0.0.AM: Trace Attempt  3	[0.01 s]
0.0.AM: Trace Attempt  5	[0.01 s]
0.0.AM: Trace Attempt  1	[0.01 s]
0.0.AM: Trace Attempt  2	[0.01 s]
0.0.AM: Trace Attempt  3	[0.01 s]
0.0.AM: Trace Attempt  5	[0.01 s]
0.0.Hts: Trace Attempt 927	[1.11 s]
0.0.Hts: Per property time limit expired (2.00 s) [2.02 s]
0.0.Hts: Stopped processing property "VGA1Interface.sva._cover_34"	[2.02 s].
0.0.Hts: Starting proof for property "VGA1Interface.sva._assert_8"	[0.00 s].
0.0.AM: Trace Attempt  1	[0.02 s]
0.0.AM: Trace Attempt  2	[0.02 s]
0.0.AM: Trace Attempt  3	[0.02 s]
0.0.AM: Trace Attempt  5	[0.02 s]
0.0.AM: Trace Attempt  1	[0.03 s]
0.0.AM: Trace Attempt  2	[0.03 s]
0.0.AM: Trace Attempt  3	[0.03 s]
0.0.AM: Trace Attempt  5	[0.03 s]
0.0.AM: Trace Attempt  1	[0.04 s]
0.0.AM: Trace Attempt  2	[0.04 s]
0.0.AM: Trace Attempt  3	[0.04 s]
0.0.AM: Trace Attempt  5	[0.04 s]
0.0.AM: Trace Attempt  1	[0.06 s]
0.0.AM: Trace Attempt  2	[0.06 s]
0.0.AM: Trace Attempt  3	[0.06 s]
0.0.AM: Trace Attempt  5	[0.06 s]
0.0.AM: Trace Attempt  1	[0.08 s]
0.0.AM: Trace Attempt  2	[0.09 s]
0.0.AM: Trace Attempt  3	[0.09 s]
0.0.AM: Trace Attempt  5	[0.09 s]
0.0.AM: Trace Attempt  1	[0.11 s]
0.0.AM: Trace Attempt  2	[0.11 s]
0.0.AM: Trace Attempt  3	[0.11 s]
0.0.AM: Trace Attempt  5	[0.11 s]
0.0.AM: Trace Attempt  1	[0.15 s]
0.0.AM: Trace Attempt  2	[0.15 s]
0.0.AM: Trace Attempt  3	[0.15 s]
0.0.AM: Trace Attempt  5	[0.15 s]
0.0.Hts: Trace Attempt  1	[0.20 s]
0.0.Hts: Trace Attempt  2	[0.20 s]
0.0.Hts: Trace Attempt  3	[0.20 s]
0.0.Hts: Trace Attempt  4	[0.20 s]
0.0.Hts: Trace Attempt  5	[0.20 s]
0.0.AM: Trace Attempt  1	[0.24 s]
0.0.AM: Trace Attempt  2	[0.24 s]
0.0.AM: Trace Attempt  3	[0.25 s]
0.0.AM: Trace Attempt  5	[0.25 s]
0.0.Hts: Stopped processing property "VGA1Interface.sva._assert_8"	[0.25 s].
0.0.AM: Stopped processing property "VGA1Interface.sva._assert_8"	[0.26 s].
0.0.AM: Morphing to Tri
0.0.AM: Trace Attempt 52	[0.25 s]
0.0.AM: All properties determined. [0.00 s]
0.0.AM: Exited with Success (@ 0.00 s)
0.0.Hts: Starting proof for property "VGA1Interface.sva._cover_34"	[0.00 s].
0.0.Tri: clocks: 1, declared: 1, disabling: 0, posedge: 1, negedge: 0, noedge: 0, bothedge: 0
0.0.Hts: Trace Attempt  1	[0.00 s]
0.0.Hts: Trace Attempt  2	[0.00 s]
0.0.Hts: Trace Attempt  3	[0.00 s]
0.0.Hts: Trace Attempt  4	[0.00 s]
0.0.Hts: Trace Attempt  5	[0.00 s]
0.0.Tri: Starting proof for property "VGA1Interface.sva._cover_34"	[0.00 s].
0.0.Tri: Trace Attempt  1	[0.00 s]
0.0.Tri:    0.00" ---- Launching main thread ----
0.0.Tri:    0.22" ---- Launching abstraction thread ----
0.0.Tri:    0.26" ---- Launching multi-phase simplification thread ----
0.0.Tri: Trace Attempt  2	[0.36 s]
0.0.Tri: Trace Attempt  3	[0.36 s]
0.0.Tri: Trace Attempt  4	[0.36 s]
0.0.Tri: Trace Attempt  5	[0.36 s]
0.0.Tri:    1.08" Simplification phase 1 complete
0.0.Tri:    3.70" Simplification phase 2 complete
0.0.Tri: Trace Attempt 763	[4.83 s]
0.0.Tri: Trace Attempt 1251	[10.75 s]
0.0.Tri:   10.87" Simplification phase 3 complete
  10.87" ---- Completed simplification thread ----
  10.87" ---- Restarting main thread on simplified netlist ----
0.0.Tri:   11.11" ---- Restarting abstraction thread on simplified netlist ----
0.0.Bm: Trace Attempt 928	[358.02 s]
0.0.Tri: Trace Attempt 1319	[19.26 s]
0.0.Hts: Trace Attempt 927	[1.14 s]
0.0.Hts: Per property time limit expired (20.00 s) [20.02 s]
0.0.Hts: Stopped processing property "VGA1Interface.sva._cover_34"	[20.02 s].
0.0.Hts: Starting proof for property "VGA1Interface.sva._assert_8"	[0.00 s].
0.0.Tri: Trace Attempt 1640	[19.94 s]
0.0.Tri: Per property time limit expired (20.00 s) [20.14 s]
0.0.Tri: Stopped processing property "VGA1Interface.sva._cover_34"	[20.14 s].
0.0.Tri: Starting proof for property "VGA1Interface.sva._assert_8"	[0.00 s].
0.0.Tri: Trace Attempt  1	[0.00 s]
0.0.Tri:   20.11" ---- Launching main thread ----
0.0.Hts: Trace Attempt  1	[0.20 s]
0.0.Hts: Trace Attempt  2	[0.20 s]
0.0.Hts: Trace Attempt  3	[0.20 s]
0.0.Hts: Trace Attempt  4	[0.20 s]
0.0.Hts: Trace Attempt  5	[0.20 s]
0.0.Tri:   20.36" ---- Launching abstraction thread ----
0.0.Tri:   20.40" ---- Launching multi-phase simplification thread ----
0.0.Tri: Trace Attempt  2	[0.35 s]
0.0.Tri: Trace Attempt  3	[0.35 s]
0.0.Tri: Trace Attempt  4	[0.35 s]
0.0.Tri: Trace Attempt  5	[0.35 s]
0.0.Tri:   21.28" Simplification phase 1 complete
0.0.Tri: Stopped processing property "VGA1Interface.sva._assert_8"	[1.50 s].
0.0.Tri: Morphing to D
0.0.Tri: Trace Attempt 798	[1.49 s]
0.0.Tri: All properties determined. [0.00 s]
0.0.Tri: Exited with Success (@ 0.00 s)
0.0.D: clocks: 1, declared: 1, disabling: 0, posedge: 1, negedge: 0, noedge: 0, bothedge: 0
0.0.D: Starting proof for property "VGA1Interface.sva._cover_34"	[0.00 s].
0.0.D: Trace Attempt  1	[0.00 s]
0.0.D: Trace Attempt  2	[0.01 s]
0.0.D: Trace Attempt  3	[0.01 s]
0.0.Hts: Stopped processing property "VGA1Interface.sva._assert_8"	[2.01 s].
0.0.Hts: Starting proof for property "VGA1Interface.sva._cover_34"	[0.00 s].
0.0.Hts: Trace Attempt  1	[0.33 s]
0.0.Hts: Trace Attempt  2	[0.33 s]
0.0.Hts: Trace Attempt  3	[0.33 s]
0.0.Hts: Trace Attempt  4	[0.33 s]
0.0.Hts: Trace Attempt  5	[0.33 s]
0.0.Bm: Trace Attempt 931	[364.07 s]
0.0.Bm: Trace Attempt 932	[368.16 s]
0.0.Bm: Trace Attempt 935	[372.89 s]
0.0.Bm: Trace Attempt 941	[380.31 s]
0.0.Bm: Trace Attempt 946	[384.67 s]
0.0.Bm: Trace Attempt 950	[390.22 s]
0.0.Bm: Trace Attempt 954	[394.33 s]
0.0.Bm: Trace Attempt 958	[400.28 s]
0.0.Bm: Trace Attempt 964	[404.58 s]
0.0.Bm: Trace Attempt 967	[410.42 s]
0.0.Bm: Trace Attempt 971	[416.21 s]
0.0.Bm: Trace Attempt 973	[420.37 s]
0.0.Bm: Trace Attempt 976	[424.40 s]
0.0.Bm: Trace Attempt 981	[431.27 s]
0.0.Bm: Trace Attempt 984	[435.53 s]
0.0.Bm: Trace Attempt 986	[439.62 s]
0.0.Bm: Trace Attempt 989	[444.52 s]
0.0.Bm: Trace Attempt 992	[449.36 s]
0.0.Bm: Trace Attempt 995	[454.75 s]
0.0.Bm: Trace Attempt 997	[459.20 s]
0.0.Bm: Trace Attempt 1001	[464.45 s]
0.0.Bm: Trace Attempt 1006	[468.71 s]
0.0.Bm: Trace Attempt 1008	[475.29 s]
0.0.D: Trace Attempt 46	[113.49 s]
0.0.Bm: Trace Attempt 1010	[483.59 s]
0.0.Bm: Trace Attempt 1014	[488.56 s]
0.0.Bm: Trace Attempt 1018	[493.45 s]
0.0.Bm: Trace Attempt 1020	[498.36 s]
0.0.Bm: Trace Attempt 1024	[502.79 s]
0.0.Bm: Trace Attempt 1028	[509.52 s]
0.0.Bm: Trace Attempt 1030	[514.27 s]
0.0.Bm: Trace Attempt 1034	[519.34 s]
0.0.Bm: Trace Attempt 1037	[524.28 s]
0.0.Bm: Trace Attempt 1040	[530.08 s]
0.0.Bm: Trace Attempt 1043	[536.32 s]
0.0.Ht: Interrupted (multi)
0.0.Ht: Morphing to Mp
0.0.Ht: Trace Attempt 896	[541.35 s]
0.0.Ht: All properties determined. [0.00 s]
0.0.Ht: Exited with Success (@ 0.00 s)
0.0.Mp: clocks: 1, declared: 1, disabling: 0, posedge: 1, negedge: 0, noedge: 0, bothedge: 0
0.0.Mp: Trace Attempt  1	[0.02 s]
0.0.Mp: Trace Attempt  2	[0.03 s]
0.0.Mp: Trace Attempt  3	[0.05 s]
0.0.Mp: Trace Attempt  3	[0.05 s]
0.0.Mp: Trace Attempt  4	[0.05 s]
0.0.Mp: Trace Attempt  3	[0.06 s]
0.0.Mp: Trace Attempt  4	[0.06 s]
0.0.Mp: Trace Attempt  5	[0.06 s]
0.0.Mp: Trace Attempt  5	[0.07 s]
0.0.Bm: Trace Attempt 1044	[541.45 s]
0.0.Mp: Trace Attempt 30	[4.17 s]
0.0.Bm: Trace Attempt 1046	[545.82 s]
0.0.Mp: Trace Attempt 51	[8.22 s]
0.0.Mp: Trace Attempt 74	[12.23 s]
0.0.Bm: Trace Attempt 1048	[552.09 s]
0.0.Mp: Trace Attempt 97	[16.32 s]
0.0.Bm: Trace Attempt 1050	[557.62 s]
0.0.Mp: Trace Attempt 120	[20.47 s]
0.0.D: Per property time limit expired (199.99 s) [200.04 s]
0.0.D: Stopped processing property "VGA1Interface.sva._cover_34"	[200.04 s].
0.0.D: Starting proof for property "VGA1Interface.sva._assert_8"	[0.00 s].
0.0.D: Trace Attempt  1	[0.00 s]
0.0.D: Trace Attempt  2	[0.00 s]
0.0.D: Trace Attempt  3	[0.01 s]
0.0.D: Trace Attempt  5	[0.02 s]
0.0.Hts: Stopped processing property "VGA1Interface.sva._cover_34"	[199.72 s].
0.0.Hts: Starting proof for property "VGA1Interface.sva._assert_8"	[0.00 s].
0.0.Hts: Trace Attempt  1	[0.17 s]
0.0.Hts: Trace Attempt  2	[0.17 s]
0.0.Hts: Trace Attempt  3	[0.17 s]
0.0.Hts: Trace Attempt  4	[0.17 s]
0.0.Hts: Trace Attempt  5	[0.17 s]
0.0.Hts: Stopped processing property "VGA1Interface.sva._assert_8"	[0.19 s].
0.0.Hts: Morphing to K
0.0.Hts: Trace Attempt 259	[0.19 s]
0.0.Hts: All properties determined. [0.00 s]
0.0.Hts: Exited with Success (@ 0.00 s)
0.0.K: clocks: 1, declared: 1, disabling: 0, posedge: 1, negedge: 0, noedge: 0, bothedge: 0
0.0.D: Stopped processing property "VGA1Interface.sva._assert_8"	[0.22 s].
0.0.D: Morphing to AB
0.0.D: Trace Attempt 13	[0.10 s]
0.0.D: All properties determined. [0.00 s]
0.0.D: Exited with Success (@ 0.00 s)
0.0.K: Starting proof for property "VGA1Interface.sva._assert_8"	[0.00 s].
0.0.AB: clocks: 1, declared: 1, disabling: 0, posedge: 1, negedge: 0, noedge: 0, bothedge: 0
0.0.AB: Starting proof for property "VGA1Interface.sva._assert_8"	[0.00 s].
0.0.AB: Trace Attempt  1	[0.00 s]
0.0.AB: Trace Attempt  2	[0.00 s]
0.0.AB: Trace Attempt  3	[0.00 s]
0.0.AB: Trace Attempt  4	[0.00 s]
0.0.AB: Trace Attempt  5	[0.00 s]
0.0.AB: Trace Attempt  1	[0.00 s]
0.0.AB: Trace Attempt  2	[0.00 s]
0.0.AB: Trace Attempt  3	[0.00 s]
0.0.AB: Trace Attempt  4	[0.00 s]
0.0.AB: Trace Attempt  5	[0.00 s]
0.0.AB: Trace Attempt  1	[0.00 s]
0.0.AB: Trace Attempt  2	[0.00 s]
0.0.AB: Trace Attempt  3	[0.00 s]
0.0.AB: Trace Attempt  4	[0.00 s]
0.0.AB: Trace Attempt  5	[0.00 s]
0.0.AB: Trace Attempt  1	[0.01 s]
0.0.AB: Trace Attempt  2	[0.01 s]
0.0.AB: Trace Attempt  3	[0.01 s]
0.0.AB: Trace Attempt  4	[0.01 s]
0.0.AB: Trace Attempt  5	[0.01 s]
0.0.AB: Trace Attempt  1	[0.01 s]
0.0.AB: Trace Attempt  2	[0.01 s]
0.0.AB: Trace Attempt  3	[0.01 s]
0.0.AB: Trace Attempt  4	[0.01 s]
0.0.AB: Trace Attempt  5	[0.01 s]
0.0.AB: Trace Attempt  1	[0.02 s]
0.0.AB: Trace Attempt  2	[0.02 s]
0.0.AB: Trace Attempt  3	[0.02 s]
0.0.AB: Trace Attempt  4	[0.02 s]
0.0.AB: Trace Attempt  5	[0.02 s]
0.0.AB: Trace Attempt  1	[0.03 s]
0.0.AB: Trace Attempt  2	[0.03 s]
0.0.AB: Trace Attempt  3	[0.03 s]
0.0.AB: Trace Attempt  4	[0.03 s]
0.0.AB: Trace Attempt  5	[0.03 s]
0.0.AB: Trace Attempt  1	[0.05 s]
0.0.AB: Trace Attempt  2	[0.05 s]
0.0.AB: Trace Attempt  3	[0.05 s]
0.0.AB: Trace Attempt  4	[0.05 s]
0.0.AB: Trace Attempt  5	[0.05 s]
0.0.AB: Trace Attempt  1	[0.06 s]
0.0.AB: Trace Attempt  2	[0.07 s]
0.0.AB: Trace Attempt  3	[0.07 s]
0.0.AB: Trace Attempt  4	[0.07 s]
0.0.AB: Trace Attempt  5	[0.07 s]
0.0.AB: Trace Attempt  1	[0.09 s]
0.0.AB: Trace Attempt  2	[0.09 s]
0.0.AB: Trace Attempt  3	[0.09 s]
0.0.AB: Trace Attempt  4	[0.09 s]
0.0.AB: Trace Attempt  5	[0.09 s]
0.0.K: Trace Attempt 202	[0.11 s]
0.0.AB: Trace Attempt  1	[0.12 s]
0.0.AB: Trace Attempt  2	[0.12 s]
0.0.AB: Trace Attempt  3	[0.12 s]
0.0.AB: Trace Attempt  4	[0.12 s]
0.0.AB: Trace Attempt  5	[0.12 s]
0.0.AB: Trace Attempt  1	[0.16 s]
0.0.AB: Trace Attempt  2	[0.16 s]
0.0.AB: Trace Attempt  3	[0.16 s]
0.0.AB: Trace Attempt  4	[0.16 s]
0.0.AB: Trace Attempt  5	[0.16 s]
0.0.AB: Trace Attempt  1	[0.26 s]
0.0.AB: Trace Attempt  2	[0.26 s]
0.0.AB: Trace Attempt  3	[0.26 s]
0.0.AB: Trace Attempt  4	[0.26 s]
0.0.AB: Trace Attempt  5	[0.26 s]
0.0.AB: Trace Attempt  1	[0.32 s]
0.0.AB: Trace Attempt  2	[0.32 s]
0.0.AB: Trace Attempt  3	[0.32 s]
0.0.AB: Trace Attempt  4	[0.32 s]
0.0.AB: Trace Attempt  5	[0.32 s]
0.0.AB: Trace Attempt  1	[0.43 s]
0.0.AB: Trace Attempt  2	[0.43 s]
0.0.AB: Trace Attempt  3	[0.43 s]
0.0.AB: Trace Attempt  4	[0.43 s]
0.0.AB: Trace Attempt  5	[0.43 s]
0.0.Bm: Trace Attempt 1054	[564.23 s]
0.0.AB: Trace Attempt  1	[0.59 s]
0.0.AB: Trace Attempt  2	[0.59 s]
0.0.AB: Trace Attempt  3	[0.60 s]
0.0.AB: Trace Attempt  4	[0.60 s]
0.0.AB: Trace Attempt  5	[0.60 s]
0.0.AB: Trace Attempt  1	[0.74 s]
0.0.AB: Trace Attempt  2	[0.74 s]
0.0.AB: Trace Attempt  3	[0.74 s]
0.0.AB: Trace Attempt  4	[0.74 s]
0.0.AB: Trace Attempt  5	[0.74 s]
0.0.Mp: Trace Attempt 143	[24.57 s]
0.0.AB: Trace Attempt  1	[0.95 s]
0.0.AB: Trace Attempt  2	[0.95 s]
0.0.AB: Trace Attempt  3	[0.95 s]
0.0.AB: Trace Attempt  4	[0.95 s]
0.0.AB: Trace Attempt  5	[0.95 s]
0.0.AB: Trace Attempt  1	[1.14 s]
0.0.AB: Trace Attempt  2	[1.15 s]
0.0.AB: Trace Attempt  3	[1.15 s]
0.0.AB: Trace Attempt  4	[1.15 s]
0.0.AB: Trace Attempt  5	[1.15 s]
0.0.AB: Trace Attempt  1	[1.35 s]
0.0.AB: Trace Attempt  2	[1.35 s]
0.0.AB: Trace Attempt  3	[1.35 s]
0.0.AB: Trace Attempt  4	[1.35 s]
0.0.AB: Trace Attempt  5	[1.35 s]
0.0.AB: Trace Attempt  1	[1.57 s]
0.0.AB: Trace Attempt  2	[1.57 s]
0.0.AB: Trace Attempt  3	[1.57 s]
0.0.AB: Trace Attempt  4	[1.57 s]
0.0.AB: Trace Attempt  5	[1.57 s]
0.0.AB: Trace Attempt  1	[1.74 s]
0.0.AB: Trace Attempt  2	[1.75 s]
0.0.AB: Trace Attempt  3	[1.75 s]
0.0.AB: Trace Attempt  4	[1.75 s]
0.0.AB: Trace Attempt  5	[1.75 s]
0.0.AB: Trace Attempt  1	[1.95 s]
0.0.AB: Trace Attempt  2	[1.95 s]
0.0.AB: Trace Attempt  3	[1.95 s]
0.0.AB: Trace Attempt  4	[1.95 s]
0.0.AB: Trace Attempt  5	[1.95 s]
0.0.AB: Trace Attempt  1	[2.16 s]
0.0.AB: Trace Attempt  2	[2.16 s]
0.0.AB: Trace Attempt  3	[2.16 s]
0.0.AB: Trace Attempt  4	[2.16 s]
0.0.AB: Trace Attempt  5	[2.16 s]
0.0.AB: Trace Attempt  1	[2.40 s]
0.0.AB: Trace Attempt  2	[2.40 s]
0.0.AB: Trace Attempt  3	[2.41 s]
0.0.AB: Trace Attempt  4	[2.41 s]
0.0.AB: Trace Attempt  5	[2.41 s]
0.0.AB: Trace Attempt  1	[2.65 s]
0.0.AB: Trace Attempt  2	[2.66 s]
0.0.AB: Trace Attempt  3	[2.66 s]
0.0.AB: Trace Attempt  4	[2.66 s]
0.0.AB: Trace Attempt  5	[2.66 s]
0.0.AB: Trace Attempt  1	[2.96 s]
0.0.AB: Trace Attempt  2	[2.96 s]
0.0.AB: Trace Attempt  3	[2.96 s]
0.0.AB: Trace Attempt  4	[2.96 s]
0.0.AB: Trace Attempt  5	[2.96 s]
0.0.AB: Trace Attempt  1	[3.30 s]
0.0.AB: Trace Attempt  2	[3.30 s]
0.0.AB: Trace Attempt  3	[3.30 s]
0.0.AB: Trace Attempt  4	[3.30 s]
0.0.AB: Trace Attempt  5	[3.30 s]
0.0.AB: Trace Attempt  1	[3.62 s]
0.0.AB: Trace Attempt  2	[3.62 s]
0.0.AB: Trace Attempt  3	[3.62 s]
0.0.AB: Trace Attempt  4	[3.62 s]
0.0.AB: Trace Attempt  5	[3.62 s]
0.0.AB: Trace Attempt  1	[3.96 s]
0.0.AB: Trace Attempt  2	[3.96 s]
0.0.AB: Trace Attempt  3	[3.96 s]
0.0.AB: Trace Attempt  4	[3.96 s]
0.0.AB: Trace Attempt  5	[3.96 s]
0.0.AB: Trace Attempt  1	[4.33 s]
0.0.AB: Trace Attempt  2	[4.33 s]
0.0.AB: Trace Attempt  3	[4.33 s]
0.0.AB: Trace Attempt  4	[4.33 s]
0.0.AB: Trace Attempt  5	[4.33 s]
0.0.AB: Trace Attempt  1	[4.81 s]
0.0.AB: Trace Attempt  2	[4.81 s]
0.0.AB: Trace Attempt  3	[4.81 s]
0.0.AB: Trace Attempt  4	[4.81 s]
0.0.AB: Trace Attempt  5	[4.81 s]
0.0.Mp: Trace Attempt 166	[28.78 s]
0.0.AB: Trace Attempt  1	[5.38 s]
0.0.AB: Trace Attempt  2	[5.38 s]
0.0.AB: Trace Attempt  3	[5.38 s]
0.0.AB: Trace Attempt  4	[5.38 s]
0.0.AB: Trace Attempt  5	[5.38 s]
0.0.AB: Trace Attempt  1	[6.04 s]
0.0.AB: Trace Attempt  2	[6.04 s]
0.0.AB: Trace Attempt  3	[6.04 s]
0.0.AB: Trace Attempt  4	[6.04 s]
0.0.AB: Trace Attempt  5	[6.04 s]
0.0.AB: Trace Attempt  1	[6.80 s]
0.0.AB: Trace Attempt  2	[6.80 s]
0.0.AB: Trace Attempt  3	[6.80 s]
0.0.AB: Trace Attempt  4	[6.80 s]
0.0.AB: Trace Attempt  5	[6.80 s]
0.0.AB: Trace Attempt  1	[7.68 s]
0.0.AB: Trace Attempt  2	[7.68 s]
0.0.AB: Trace Attempt  3	[7.68 s]
0.0.AB: Trace Attempt  4	[7.68 s]
0.0.AB: Trace Attempt  5	[7.68 s]
0.0.Bm: Trace Attempt 1056	[571.41 s]
0.0.AB: Trace Attempt  1	[8.52 s]
0.0.AB: Trace Attempt  2	[8.52 s]
0.0.AB: Trace Attempt  3	[8.52 s]
0.0.AB: Trace Attempt  4	[8.52 s]
0.0.AB: Trace Attempt  5	[8.52 s]
0.0.Mp: Trace Attempt 180	[32.88 s]
0.0.AB: Trace Attempt  1	[9.41 s]
0.0.AB: Trace Attempt  2	[9.41 s]
0.0.AB: Trace Attempt  3	[9.41 s]
0.0.AB: Trace Attempt  4	[9.41 s]
0.0.AB: Trace Attempt  5	[9.41 s]
0.0.AB: Trace Attempt  1	[10.25 s]
0.0.AB: Trace Attempt  2	[10.25 s]
0.0.AB: Trace Attempt  3	[10.25 s]
0.0.AB: Trace Attempt  4	[10.25 s]
0.0.AB: Trace Attempt  5	[10.25 s]
0.0.AB: Trace Attempt  1	[11.27 s]
0.0.AB: Trace Attempt  2	[11.27 s]
0.0.AB: Trace Attempt  3	[11.27 s]
0.0.AB: Trace Attempt  4	[11.27 s]
0.0.AB: Trace Attempt  5	[11.27 s]
0.0.AB: Trace Attempt  1	[12.16 s]
0.0.AB: Trace Attempt  2	[12.16 s]
0.0.AB: Trace Attempt  3	[12.16 s]
0.0.AB: Trace Attempt  4	[12.16 s]
0.0.AB: Trace Attempt  5	[12.16 s]
0.0.AB: Trace Attempt  1	[13.20 s]
0.0.AB: Trace Attempt  2	[13.20 s]
0.0.AB: Trace Attempt  3	[13.20 s]
0.0.AB: Trace Attempt  4	[13.20 s]
0.0.AB: Trace Attempt  5	[13.20 s]
0.0.Mp: Trace Attempt 194	[37.27 s]
0.0.Bm: Trace Attempt 1058	[577.60 s]
0.0.AB: Trace Attempt  1	[14.00 s]
0.0.AB: Trace Attempt  2	[14.00 s]
0.0.AB: Trace Attempt  3	[14.00 s]
0.0.AB: Trace Attempt  4	[14.00 s]
0.0.AB: Trace Attempt  5	[14.00 s]
0.0.K: Trace Attempt  1	[14.46 s]
0.0.K: Trace Attempt  2	[14.46 s]
0.0.K: Trace Attempt  3	[14.46 s]
0.0.K: Trace Attempt  4	[14.46 s]
0.0.K: Trace Attempt  5	[14.46 s]
0.0.AB: Trace Attempt  1	[15.44 s]
0.0.AB: Trace Attempt  2	[15.44 s]
0.0.AB: Trace Attempt  3	[15.44 s]
0.0.AB: Trace Attempt  4	[15.44 s]
0.0.AB: Trace Attempt  5	[15.44 s]
0.0.AB: Trace Attempt  1	[16.53 s]
0.0.AB: Trace Attempt  2	[16.53 s]
0.0.AB: Trace Attempt  3	[16.53 s]
0.0.AB: Trace Attempt  4	[16.53 s]
0.0.AB: Trace Attempt  5	[16.53 s]
0.0.AB: Trace Attempt  1	[17.69 s]
0.0.AB: Trace Attempt  2	[17.69 s]
0.0.AB: Trace Attempt  3	[17.69 s]
0.0.AB: Trace Attempt  4	[17.69 s]
0.0.AB: Trace Attempt  5	[17.69 s]
0.0.Mp: Trace Attempt 210	[41.66 s]
0.0.Bm: Trace Attempt 1060	[581.61 s]
0.0.AB: Trace Attempt  1	[18.78 s]
0.0.AB: Trace Attempt  2	[18.78 s]
0.0.AB: Trace Attempt  3	[18.78 s]
0.0.AB: Trace Attempt  4	[18.78 s]
0.0.AB: Trace Attempt  5	[18.78 s]
0.0.AB: Trace Attempt  1	[19.92 s]
0.0.AB: Trace Attempt  2	[19.92 s]
0.0.AB: Trace Attempt  3	[19.92 s]
0.0.AB: Trace Attempt  4	[19.92 s]
0.0.AB: Trace Attempt  5	[19.92 s]
0.0.AB: Trace Attempt  1	[21.06 s]
0.0.AB: Trace Attempt  2	[21.06 s]
0.0.AB: Trace Attempt  3	[21.06 s]
0.0.AB: Trace Attempt  4	[21.06 s]
0.0.AB: Trace Attempt  5	[21.06 s]
0.0.Mp: Trace Attempt 226	[46.00 s]
0.0.AB: Trace Attempt  1	[22.51 s]
0.0.AB: Trace Attempt  2	[22.51 s]
0.0.AB: Trace Attempt  3	[22.51 s]
0.0.AB: Trace Attempt  4	[22.51 s]
0.0.AB: Trace Attempt  5	[22.51 s]
0.0.AB: Trace Attempt  1	[23.77 s]
0.0.AB: Trace Attempt  2	[23.77 s]
0.0.AB: Trace Attempt  3	[23.77 s]
0.0.AB: Trace Attempt  4	[23.77 s]
0.0.AB: Trace Attempt  5	[23.77 s]
0.0.Bm: Trace Attempt 1064	[587.51 s]
0.0.Mp: Trace Attempt 241	[50.14 s]
0.0.Bm: Trace Attempt 1067	[592.10 s]
0.0.AB: Trace Attempt 205	[29.78 s]
0.0.K: Trace Attempt  1	[30.25 s]
0.0.K: Trace Attempt  2	[30.25 s]
0.0.K: Trace Attempt  3	[30.25 s]
0.0.K: Trace Attempt  4	[30.25 s]
0.0.K: Trace Attempt  5	[30.25 s]
0.0.Mp: Trace Attempt 255	[54.19 s]
0.0.AB: Trace Attempt  1	[31.59 s]
0.0.AB: Trace Attempt  2	[31.59 s]
0.0.AB: Trace Attempt  3	[31.59 s]
0.0.AB: Trace Attempt  4	[31.59 s]
0.0.AB: Trace Attempt  5	[31.59 s]
0.0.AB: Trace Attempt  1	[32.79 s]
0.0.AB: Trace Attempt  2	[32.79 s]
0.0.AB: Trace Attempt  3	[32.79 s]
0.0.AB: Trace Attempt  4	[32.79 s]
0.0.AB: Trace Attempt  5	[32.79 s]
0.0.Bm: Trace Attempt 1070	[597.86 s]
0.0.Mp: Trace Attempt 258	[58.33 s]
0.0.AB: Trace Attempt  1	[34.53 s]
0.0.AB: Trace Attempt  2	[34.53 s]
0.0.AB: Trace Attempt  3	[34.53 s]
0.0.AB: Trace Attempt  4	[34.53 s]
0.0.AB: Trace Attempt  5	[34.53 s]
0.0.AB: Trace Attempt  1	[36.06 s]
0.0.AB: Trace Attempt  2	[36.06 s]
0.0.AB: Trace Attempt  3	[36.06 s]
0.0.AB: Trace Attempt  4	[36.06 s]
0.0.AB: Trace Attempt  5	[36.06 s]
0.0.AB: Trace Attempt  1	[37.64 s]
0.0.AB: Trace Attempt  2	[37.64 s]
0.0.AB: Trace Attempt  3	[37.64 s]
0.0.AB: Trace Attempt  4	[37.64 s]
0.0.AB: Trace Attempt  5	[37.64 s]
0.0.Mp: Trace Attempt 280	[62.34 s]
0.0.Bm: Trace Attempt 1072	[603.15 s]
0.0.AB: Trace Attempt  1	[39.60 s]
0.0.AB: Trace Attempt  2	[39.60 s]
0.0.AB: Trace Attempt  3	[39.60 s]
0.0.AB: Trace Attempt  4	[39.60 s]
0.0.AB: Trace Attempt  5	[39.60 s]
0.0.AB: Trace Attempt  1	[41.33 s]
0.0.AB: Trace Attempt  2	[41.33 s]
0.0.AB: Trace Attempt  3	[41.33 s]
0.0.AB: Trace Attempt  4	[41.33 s]
0.0.AB: Trace Attempt  5	[41.33 s]
0.0.Mp: Trace Attempt 292	[66.36 s]
0.0.AB: Trace Attempt  1	[43.54 s]
0.0.AB: Trace Attempt  2	[43.54 s]
0.0.AB: Trace Attempt  3	[43.54 s]
0.0.AB: Trace Attempt  4	[43.54 s]
0.0.AB: Trace Attempt  5	[43.54 s]
0.0.AB: Trace Attempt  1	[45.38 s]
0.0.AB: Trace Attempt  2	[45.38 s]
0.0.AB: Trace Attempt  3	[45.38 s]
0.0.AB: Trace Attempt  4	[45.38 s]
0.0.AB: Trace Attempt  5	[45.38 s]
0.0.Mp: Trace Attempt 298	[70.45 s]
0.0.Bm: Trace Attempt 1074	[611.12 s]
0.0.AB: Trace Attempt  1	[47.74 s]
0.0.AB: Trace Attempt  2	[47.74 s]
0.0.AB: Trace Attempt  3	[47.74 s]
0.0.AB: Trace Attempt  4	[47.74 s]
0.0.AB: Trace Attempt  5	[47.74 s]
0.0.AB: Trace Attempt  1	[50.37 s]
0.0.AB: Trace Attempt  2	[50.37 s]
0.0.AB: Trace Attempt  3	[50.37 s]
0.0.AB: Trace Attempt  4	[50.37 s]
0.0.AB: Trace Attempt  5	[50.37 s]
0.0.Mp: Trace Attempt 296	[74.54 s]
0.0.Bm: Trace Attempt 1076	[615.72 s]
0.0.K: Trace Attempt  1	[52.52 s]
0.0.K: Trace Attempt  2	[52.52 s]
0.0.K: Trace Attempt  3	[52.52 s]
0.0.K: Trace Attempt  4	[52.52 s]
0.0.K: Trace Attempt  5	[52.52 s]
0.0.AB: Trace Attempt  1	[52.97 s]
0.0.AB: Trace Attempt  2	[52.97 s]
0.0.AB: Trace Attempt  3	[52.97 s]
0.0.AB: Trace Attempt  4	[52.97 s]
0.0.AB: Trace Attempt  5	[52.97 s]
0.0.Mp: Trace Attempt 312	[79.68 s]
0.0.AB: Trace Attempt  1	[56.05 s]
0.0.AB: Trace Attempt  2	[56.05 s]
0.0.AB: Trace Attempt  3	[56.05 s]
0.0.AB: Trace Attempt  4	[56.05 s]
0.0.AB: Trace Attempt  5	[56.05 s]
0.0.Bm: Trace Attempt 1078	[620.90 s]
0.0.AB: Trace Attempt  1	[59.12 s]
0.0.AB: Trace Attempt  2	[59.12 s]
0.0.AB: Trace Attempt  3	[59.12 s]
0.0.AB: Trace Attempt  4	[59.12 s]
0.0.AB: Trace Attempt  5	[59.12 s]
0.0.Mp: Trace Attempt 324	[84.88 s]
0.0.AB: Trace Attempt 262	[63.70 s]
0.0.AB: Trace Attempt  1	[64.15 s]
0.0.AB: Trace Attempt  2	[64.15 s]
0.0.AB: Trace Attempt  3	[64.15 s]
0.0.AB: Trace Attempt  4	[64.15 s]
0.0.AB: Trace Attempt  5	[64.15 s]
0.0.Bm: Trace Attempt 1080	[628.37 s]
0.0.Mp: Trace Attempt 334	[88.93 s]
0.0.AB: Trace Attempt 267	[68.18 s]
0.0.AB: Trace Attempt  1	[68.44 s]
0.0.AB: Trace Attempt  2	[68.44 s]
0.0.AB: Trace Attempt  3	[68.44 s]
0.0.AB: Trace Attempt  4	[68.44 s]
0.0.AB: Trace Attempt  5	[68.44 s]
0.0.Mp: Trace Attempt 344	[94.06 s]
0.0.AB: Trace Attempt 270	[72.92 s]
0.0.AB: Trace Attempt  1	[73.06 s]
0.0.AB: Trace Attempt  2	[73.06 s]
0.0.AB: Trace Attempt  3	[73.06 s]
0.0.AB: Trace Attempt  4	[73.06 s]
0.0.AB: Trace Attempt  5	[73.06 s]
0.0.Mp: Trace Attempt 354	[98.15 s]
0.0.AB: Trace Attempt 274	[77.34 s]
0.0.AB: Trace Attempt  1	[77.64 s]
0.0.AB: Trace Attempt  2	[77.64 s]
0.0.AB: Trace Attempt  3	[77.64 s]
0.0.AB: Trace Attempt  4	[77.64 s]
0.0.AB: Trace Attempt  5	[77.64 s]
0.0.K: Trace Attempt  1	[78.62 s]
0.0.K: Trace Attempt  2	[78.62 s]
0.0.K: Trace Attempt  3	[78.62 s]
0.0.K: Trace Attempt  4	[78.62 s]
0.0.K: Trace Attempt  5	[78.62 s]
0.0.Mp: Trace Attempt 360	[102.50 s]
0.0.Bm: Trace Attempt 1081	[642.52 s]
0.0.AB: Trace Attempt 277	[81.70 s]
0.0.Bm: Trace Attempt 1083	[646.69 s]
0.0.Mp: Trace Attempt 356	[107.13 s]
0.0.AB: Trace Attempt  1	[83.36 s]
0.0.AB: Trace Attempt  2	[83.37 s]
0.0.AB: Trace Attempt  3	[83.37 s]
0.0.AB: Trace Attempt  4	[83.37 s]
0.0.AB: Trace Attempt  5	[83.37 s]
0.0.Mp: Trace Attempt 373	[111.75 s]
0.0.AB: Trace Attempt 281	[88.47 s]
0.0.Bm: Trace Attempt 1085	[652.25 s]
0.0.AB: Trace Attempt  1	[88.71 s]
0.0.AB: Trace Attempt  2	[88.71 s]
0.0.AB: Trace Attempt  3	[88.71 s]
0.0.AB: Trace Attempt  4	[88.71 s]
0.0.AB: Trace Attempt  5	[88.71 s]
0.0.Mp: Trace Attempt 381	[116.72 s]
0.0.AB: Trace Attempt 285	[93.28 s]
0.0.AB: Trace Attempt  1	[94.24 s]
0.0.AB: Trace Attempt  2	[94.24 s]
0.0.AB: Trace Attempt  3	[94.24 s]
0.0.AB: Trace Attempt  4	[94.24 s]
0.0.AB: Trace Attempt  5	[94.24 s]
0.0.Bm: Trace Attempt 1087	[658.49 s]
0.0.Mp: Trace Attempt 389	[121.86 s]
0.0.AB: Trace Attempt 289	[98.93 s]
0.0.Bm: Trace Attempt 1091	[662.84 s]
0.0.AB: Trace Attempt  1	[99.79 s]
0.0.AB: Trace Attempt  2	[99.79 s]
0.0.AB: Trace Attempt  3	[99.79 s]
0.0.AB: Trace Attempt  4	[99.79 s]
0.0.AB: Trace Attempt  5	[99.79 s]
0.0.Mp: Trace Attempt 356	[126.60 s]
0.0.Bm: Trace Attempt 1093	[667.62 s]
0.0.AB: Trace Attempt 293	[104.91 s]
0.0.AB: Trace Attempt  1	[105.14 s]
0.0.AB: Trace Attempt  2	[105.14 s]
0.0.AB: Trace Attempt  3	[105.14 s]
0.0.AB: Trace Attempt  4	[105.14 s]
0.0.AB: Trace Attempt  5	[105.14 s]
0.0.Mp: Trace Attempt 405	[131.72 s]
0.0.Bm: Trace Attempt 1095	[672.72 s]
0.0.AB: Trace Attempt 298	[110.97 s]
0.0.AB: Trace Attempt  1	[111.22 s]
0.0.AB: Trace Attempt  2	[111.22 s]
0.0.AB: Trace Attempt  3	[111.22 s]
0.0.AB: Trace Attempt  4	[111.22 s]
0.0.AB: Trace Attempt  5	[111.22 s]
0.0.Mp: Trace Attempt 413	[137.19 s]
0.0.Bm: Trace Attempt 1099	[677.71 s]
0.0.AB: Trace Attempt 301	[115.83 s]
0.0.K: Trace Attempt  1	[116.37 s]
0.0.K: Trace Attempt  2	[116.37 s]
0.0.K: Trace Attempt  3	[116.37 s]
0.0.K: Trace Attempt  4	[116.37 s]
0.0.K: Trace Attempt  5	[116.37 s]
0.0.AB: Trace Attempt  1	[116.59 s]
0.0.AB: Trace Attempt  2	[116.59 s]
0.0.AB: Trace Attempt  3	[116.59 s]
0.0.AB: Trace Attempt  4	[116.59 s]
0.0.AB: Trace Attempt  5	[116.59 s]
0.0.Mp: Trace Attempt 421	[142.99 s]
0.0.Bm: Trace Attempt 1101	[684.08 s]
0.0.AB: Trace Attempt 305	[123.11 s]
0.0.AB: Trace Attempt  1	[123.19 s]
0.0.AB: Trace Attempt  2	[123.19 s]
0.0.AB: Trace Attempt  3	[123.19 s]
0.0.AB: Trace Attempt  4	[123.19 s]
0.0.AB: Trace Attempt  5	[123.19 s]
0.0.Mp: Trace Attempt 425	[148.01 s]
0.0.Bm: Trace Attempt 1103	[690.56 s]
0.0.AB: Trace Attempt 309	[128.98 s]
0.0.AB: Trace Attempt  1	[129.28 s]
0.0.AB: Trace Attempt  2	[129.28 s]
0.0.AB: Trace Attempt  3	[129.28 s]
0.0.AB: Trace Attempt  4	[129.28 s]
0.0.AB: Trace Attempt  5	[129.28 s]
0.0.Mp: Trace Attempt 356	[153.38 s]
0.0.Bm: Trace Attempt 1106	[696.70 s]
0.0.Mp: Trace Attempt 440	[159.30 s]
0.0.AB: Trace Attempt 313	[135.65 s]
0.0.AB: Trace Attempt  1	[135.78 s]
0.0.AB: Trace Attempt  2	[135.78 s]
0.0.AB: Trace Attempt  3	[135.78 s]
0.0.AB: Trace Attempt  4	[135.78 s]
0.0.AB: Trace Attempt  5	[135.78 s]
0.0.Bm: Trace Attempt 1111	[702.76 s]
0.0.Mp: Trace Attempt 447	[163.41 s]
0.0.AB: Trace Attempt 317	[141.12 s]
0.0.AB: Trace Attempt  1	[141.23 s]
0.0.AB: Trace Attempt  2	[141.23 s]
0.0.AB: Trace Attempt  3	[141.23 s]
0.0.AB: Trace Attempt  4	[141.23 s]
0.0.AB: Trace Attempt  5	[141.23 s]
0.0.Bm: Trace Attempt 1113	[706.98 s]
0.0.Mp: Trace Attempt 452	[167.81 s]
0.0.AB: Trace Attempt 321	[147.80 s]
0.0.Mp: Trace Attempt 428	[171.85 s]
0.0.AB: Trace Attempt  1	[148.29 s]
0.0.AB: Trace Attempt  2	[148.29 s]
0.0.AB: Trace Attempt  3	[148.29 s]
0.0.AB: Trace Attempt  4	[148.29 s]
0.0.AB: Trace Attempt  5	[148.29 s]
0.0.Bm: Trace Attempt 1117	[712.50 s]
0.0.Mp: Trace Attempt 459	[176.48 s]
0.0.Bm: Trace Attempt 1118	[716.96 s]
0.0.AB: Trace Attempt 325	[153.97 s]
0.0.AB: Trace Attempt  1	[154.10 s]
0.0.AB: Trace Attempt  2	[154.10 s]
0.0.AB: Trace Attempt  3	[154.10 s]
0.0.AB: Trace Attempt  4	[154.10 s]
0.0.AB: Trace Attempt  5	[154.10 s]
0.0.Mp: Trace Attempt 459	[180.50 s]
0.0.Bm: Trace Attempt 1120	[724.22 s]
0.0.Mp: Trace Attempt 468	[185.07 s]
0.0.AB: Trace Attempt 329	[163.52 s]
0.0.AB: Trace Attempt  1	[163.62 s]
0.0.AB: Trace Attempt  2	[163.62 s]
0.0.AB: Trace Attempt  3	[163.62 s]
0.0.AB: Trace Attempt  4	[163.62 s]
0.0.AB: Trace Attempt  5	[163.62 s]
0.0.Bm: Trace Attempt 1121	[728.71 s]
0.0.Mp: Trace Attempt 475	[189.22 s]
0.0.Bm: Trace Attempt 1123	[733.00 s]
0.0.AB: Trace Attempt 333	[169.77 s]
0.0.AB: Trace Attempt  1	[169.89 s]
0.0.AB: Trace Attempt  2	[169.89 s]
0.0.AB: Trace Attempt  3	[169.89 s]
0.0.AB: Trace Attempt  4	[169.89 s]
0.0.AB: Trace Attempt  5	[169.89 s]
0.0.Mp: Trace Attempt 480	[194.18 s]
0.0.Bm: Trace Attempt 1126	[737.81 s]
0.0.Mp: Trace Attempt 484	[198.24 s]
0.0.AB: Trace Attempt 337	[177.05 s]
0.0.AB: Trace Attempt  1	[177.42 s]
0.0.AB: Trace Attempt  2	[177.42 s]
0.0.AB: Trace Attempt  3	[177.42 s]
0.0.AB: Trace Attempt  4	[177.42 s]
0.0.AB: Trace Attempt  5	[177.42 s]
0.0.K: Trace Attempt  1	[177.70 s]
0.0.K: Trace Attempt  2	[177.70 s]
0.0.K: Trace Attempt  3	[177.70 s]
0.0.K: Trace Attempt  4	[177.70 s]
0.0.K: Trace Attempt  5	[177.70 s]
0.0.Bm: Trace Attempt 1128	[743.02 s]
0.0.Mp: Trace Attempt 492	[203.91 s]
0.0.Bm: Trace Attempt 1132	[747.66 s]
0.0.Mp: Trace Attempt 496	[208.15 s]
0.0.AB: Trace Attempt 341	[184.57 s]
0.0.AB: Trace Attempt  1	[184.70 s]
0.0.AB: Trace Attempt  2	[184.70 s]
0.0.AB: Trace Attempt  3	[184.70 s]
0.0.AB: Trace Attempt  4	[184.70 s]
0.0.AB: Trace Attempt  5	[184.70 s]
0.0.Bm: Trace Attempt 1134	[752.72 s]
0.0.Mp: Trace Attempt 459	[213.19 s]
0.0.AB: Trace Attempt 345	[193.49 s]
0.0.AB: Trace Attempt  1	[193.98 s]
0.0.AB: Trace Attempt  2	[193.98 s]
0.0.AB: Trace Attempt  3	[193.98 s]
0.0.AB: Trace Attempt  4	[193.98 s]
0.0.AB: Trace Attempt  5	[193.98 s]
0.0.Mp: Trace Attempt 508	[219.02 s]
0.0.Bm: Trace Attempt 1136	[760.30 s]
0.0.Mp: Trace Attempt 459	[223.98 s]
0.0.AB: Trace Attempt 349	[201.08 s]
0.0.AB: Trace Attempt  1	[201.36 s]
0.0.AB: Trace Attempt  2	[201.36 s]
0.0.AB: Trace Attempt  3	[201.36 s]
0.0.AB: Trace Attempt  4	[201.36 s]
0.0.AB: Trace Attempt  5	[201.36 s]
0.0.Bm: Trace Attempt 1137	[765.39 s]
0.0.Bm: Trace Attempt 1138	[769.74 s]
0.0.Mp: Trace Attempt 520	[230.55 s]
0.0.AB: Trace Attempt 353	[208.49 s]
0.0.AB: Trace Attempt  1	[210.27 s]
0.0.AB: Trace Attempt  2	[210.27 s]
0.0.AB: Trace Attempt  3	[210.27 s]
0.0.AB: Trace Attempt  4	[210.27 s]
0.0.AB: Trace Attempt  5	[210.27 s]
0.0.Bm: Trace Attempt 1141	[775.21 s]
0.0.Mp: Trace Attempt 524	[235.43 s]
0.0.Bm: Trace Attempt 1143	[779.86 s]
0.0.AB: Trace Attempt 357	[218.48 s]
0.0.Mp: Trace Attempt 532	[242.47 s]
0.0.AB: Trace Attempt  1	[218.81 s]
0.0.AB: Trace Attempt  2	[218.81 s]
0.0.AB: Trace Attempt  3	[218.81 s]
0.0.AB: Trace Attempt  4	[218.81 s]
0.0.AB: Trace Attempt  5	[218.81 s]
0.0.Bm: Trace Attempt 1146	[784.28 s]
0.0.Mp: Trace Attempt 536	[247.25 s]
0.0.K: Trace Attempt  1	[225.63 s]
0.0.K: Trace Attempt  2	[225.63 s]
0.0.K: Trace Attempt  3	[225.63 s]
0.0.K: Trace Attempt  4	[225.63 s]
0.0.K: Trace Attempt  5	[225.64 s]
0.0.Bm: Trace Attempt 1148	[789.50 s]
0.0.Mp: Trace Attempt 458	[251.51 s]
0.0.AB: Trace Attempt 361	[229.09 s]
0.0.AB: Trace Attempt  1	[229.41 s]
0.0.AB: Trace Attempt  2	[229.41 s]
0.0.AB: Trace Attempt  3	[229.41 s]
0.0.AB: Trace Attempt  4	[229.41 s]
0.0.AB: Trace Attempt  5	[229.41 s]
0.0.Mp: Trace Attempt 520	[255.51 s]
0.0.Bm: Trace Attempt 1150	[796.16 s]
0.0.Mp: Trace Attempt 545	[259.59 s]
0.0.Bm: Trace Attempt 1151	[800.40 s]
0.0.AB: Trace Attempt 365	[237.81 s]
0.0.AB: Trace Attempt  1	[238.11 s]
0.0.AB: Trace Attempt  2	[238.11 s]
0.0.AB: Trace Attempt  3	[238.11 s]
0.0.AB: Trace Attempt  4	[238.11 s]
0.0.AB: Trace Attempt  5	[238.11 s]
0.0.Mp: Trace Attempt 549	[263.67 s]
0.0.Bm: Trace Attempt 1154	[805.47 s]
0.0.Mp: Trace Attempt 552	[268.64 s]
0.0.Bm: Trace Attempt 1156	[811.67 s]
0.0.AB: Trace Attempt 369	[248.42 s]
0.0.AB: Trace Attempt  1	[248.76 s]
0.0.AB: Trace Attempt  2	[248.76 s]
0.0.AB: Trace Attempt  3	[248.76 s]
0.0.AB: Trace Attempt  4	[248.76 s]
0.0.AB: Trace Attempt  5	[248.76 s]
0.0.Mp: Trace Attempt 553	[274.74 s]
0.0.Bm: Trace Attempt 1158	[817.27 s]
0.0.Mp: Trace Attempt 557	[279.08 s]
0.0.Bm: Trace Attempt 1161	[821.81 s]
0.0.Mp: Trace Attempt 562	[284.15 s]
0.0.AB: Trace Attempt 373	[260.59 s]
0.0.AB: Trace Attempt  1	[261.35 s]
0.0.AB: Trace Attempt  2	[261.35 s]
0.0.AB: Trace Attempt  3	[261.35 s]
0.0.AB: Trace Attempt  4	[261.35 s]
0.0.AB: Trace Attempt  5	[261.35 s]
0.0.Bm: Trace Attempt 1163	[826.41 s]
0.0.Mp: Trace Attempt 553	[288.66 s]
0.0.AB: Trace Attempt 377	[269.67 s]
0.0.AB: Trace Attempt  1	[270.06 s]
0.0.AB: Trace Attempt  2	[270.06 s]
0.0.AB: Trace Attempt  3	[270.06 s]
0.0.AB: Trace Attempt  4	[270.06 s]
0.0.AB: Trace Attempt  5	[270.06 s]
0.0.Mp: Trace Attempt 570	[293.93 s]
0.0.Bm: Trace Attempt 1165	[834.60 s]
0.0.Mp: Trace Attempt 574	[298.38 s]
0.0.Bm: Trace Attempt 1169	[840.17 s]
0.0.AB: Trace Attempt 381	[278.81 s]
0.0.AB: Trace Attempt  1	[279.14 s]
0.0.AB: Trace Attempt  2	[279.14 s]
0.0.AB: Trace Attempt  3	[279.14 s]
0.0.AB: Trace Attempt  4	[279.14 s]
0.0.AB: Trace Attempt  5	[279.14 s]
0.0.Mp: Trace Attempt 578	[304.31 s]
0.0.Bm: Trace Attempt 1170	[844.50 s]
0.0.Mp: Trace Attempt 582	[308.81 s]
0.0.Bm: Trace Attempt 1172	[849.07 s]
0.0.Mp: Trace Attempt 553	[313.43 s]
0.0.Bm: Trace Attempt 1175	[855.74 s]
0.0.Mp: Trace Attempt 590	[319.06 s]
0.0.AB: Trace Attempt 385	[295.52 s]
0.0.Bm: Trace Attempt 1179	[861.68 s]
0.0.Mp: Trace Attempt 594	[323.48 s]
0.0.Bm: Trace Attempt 1181	[867.99 s]
0.0.Mp: Trace Attempt 598	[329.83 s]
0.0.AB: Trace Attempt 386	[308.89 s]
0.0.Bm: Trace Attempt 1182	[872.75 s]
0.0.AB: Trace Attempt  1	[310.43 s]
0.0.AB: Trace Attempt  2	[310.43 s]
0.0.AB: Trace Attempt  3	[310.43 s]
0.0.AB: Trace Attempt  4	[310.43 s]
0.0.AB: Trace Attempt  5	[310.43 s]
0.0.Mp: Trace Attempt 602	[334.51 s]
0.0.K: Trace Attempt  1	[311.77 s]
0.0.K: Trace Attempt  2	[311.77 s]
0.0.K: Trace Attempt  3	[311.77 s]
0.0.K: Trace Attempt  4	[311.77 s]
0.0.K: Trace Attempt  5	[311.77 s]
0.0.Mp: Trace Attempt 553	[339.73 s]
0.0.Bm: Trace Attempt 1184	[879.59 s]
0.0.AB: Trace Attempt 388	[311.07 s]
0.0.AB: Per property time limit expired (320.00 s) [320.00 s]
0.0.AB: Stopped processing property "VGA1Interface.sva._assert_8"	[320.01 s].
0.0.AB: Starting proof for property "VGA1Interface.sva._cover_34"	[0.00 s].
0.0.AB: Trace Attempt  1	[0.00 s]
0.0.AB: Trace Attempt  2	[0.00 s]
0.0.AB: Trace Attempt  3	[0.00 s]
0.0.AB: Trace Attempt  4	[0.00 s]
0.0.AB: Trace Attempt  5	[0.00 s]
0.0.K: Trace Attempt 346	[312.09 s]
0.0.K: Per property time limit expired (320.00 s) [320.06 s]
0.0.K: Stopped processing property "VGA1Interface.sva._assert_8"	[320.06 s].
0.0.K: Starting proof for property "VGA1Interface.sva._cover_34"	[0.00 s].
0.0.K: Trace Attempt 97	[0.03 s]
0.0.Bm: Trace Attempt 1186	[885.52 s]
0.0.Mp: Trace Attempt 610	[345.96 s]
0.0.AB: Trace Attempt  1	[2.50 s]
0.0.AB: Trace Attempt  2	[2.50 s]
0.0.AB: Trace Attempt  3	[2.50 s]
0.0.AB: Trace Attempt  4	[2.50 s]
0.0.AB: Trace Attempt  5	[2.50 s]
0.0.AB: Trace Attempt  1	[2.54 s]
0.0.AB: Trace Attempt  2	[2.54 s]
0.0.AB: Trace Attempt  3	[2.55 s]
0.0.AB: Trace Attempt  4	[2.55 s]
0.0.AB: Trace Attempt  5	[2.55 s]
0.0.AB: Trace Attempt  1	[3.00 s]
0.0.AB: Trace Attempt  2	[3.00 s]
0.0.AB: Trace Attempt  3	[3.00 s]
0.0.AB: Trace Attempt  4	[3.00 s]
0.0.AB: Trace Attempt  5	[3.00 s]
0.0.AB: Trace Attempt  1	[3.88 s]
0.0.AB: Trace Attempt  2	[3.88 s]
0.0.AB: Trace Attempt  3	[3.88 s]
0.0.AB: Trace Attempt  4	[3.88 s]
0.0.AB: Trace Attempt  5	[3.88 s]
0.0.Mp: Trace Attempt 614	[350.83 s]
0.0.AB: Trace Attempt 152	[7.94 s]
0.0.Bm: Trace Attempt 1188	[893.68 s]
0.0.AB: Trace Attempt 180	[12.10 s]
0.0.Mp: Trace Attempt 618	[357.57 s]
0.0.AB: Trace Attempt 199	[16.14 s]
0.0.Bm: Trace Attempt 1191	[900.07 s]
0.0.Mp: Trace Attempt 622	[362.55 s]
0.0.AB: Trace Attempt 220	[20.40 s]
0.0.Bm: Trace Attempt 1195	[904.32 s]
0.0.Mp: Trace Attempt 553	[367.94 s]
0.0.AB: Trace Attempt 239	[24.58 s]
0.0.Bm: Trace Attempt 1197	[909.62 s]
0.0.AB: Trace Attempt 254	[28.61 s]
0.0.Bm: Trace Attempt 1199	[913.94 s]
0.0.Mp: Trace Attempt 630	[374.51 s]
0.0.AB: Trace Attempt 268	[32.84 s]
0.0.Mp: Trace Attempt 634	[379.89 s]
0.0.AB: Trace Attempt 280	[36.98 s]
0.0.Bm: Trace Attempt 1200	[921.59 s]
0.0.AB: Trace Attempt 292	[41.11 s]
0.0.Mp: Trace Attempt 638	[386.81 s]
0.0.Bm: Trace Attempt 1202	[927.33 s]
0.0.AB: Trace Attempt 304	[45.16 s]
0.0.Mp: Trace Attempt 642	[392.09 s]
0.0.Bm: Trace Attempt 1205	[932.94 s]
0.0.AB: Trace Attempt 314	[49.46 s]
0.0.Bm: Trace Attempt 1206	[936.96 s]
0.0.AB: Trace Attempt 325	[53.76 s]
0.0.Mp: Trace Attempt 553	[397.89 s]
0.0.Bm: Trace Attempt 1209	[941.49 s]
0.0.AB: Trace Attempt 336	[58.05 s]
0.0.Mp: Trace Attempt 650	[404.51 s]
0.0.AB: Trace Attempt 347	[62.34 s]
0.0.Bm: Trace Attempt 1211	[946.64 s]
0.0.Mp: Trace Attempt 654	[409.97 s]
0.0.Bm: Trace Attempt 1214	[952.49 s]
0.0.Mp: Trace Attempt 658	[416.99 s]
0.0.Bm: Trace Attempt 1216	[959.61 s]
0.0.Mp: Trace Attempt 662	[422.40 s]
0.0.Bm: Trace Attempt 1217	[963.76 s]
0.0.Mp: Trace Attempt 553	[428.38 s]
0.0.Bm: Trace Attempt 1219	[969.12 s]
0.0.Mp: Trace Attempt 615	[432.41 s]
0.0.Bm: Trace Attempt 1221	[974.71 s]
0.0.Bm: Trace Attempt 1222	[978.79 s]
0.0.Mp: Trace Attempt 670	[441.08 s]
0.0.Bm: Trace Attempt 1224	[984.08 s]
0.0.Mp: Trace Attempt 674	[447.19 s]
0.0.K: Trace Attempt  1	[103.35 s]
0.0.K: Trace Attempt  2	[103.35 s]
0.0.K: Trace Attempt  3	[103.35 s]
0.0.K: Trace Attempt  4	[103.35 s]
0.0.K: Trace Attempt  5	[103.35 s]
0.0.Bm: Trace Attempt 1227	[990.51 s]
0.0.K: Trace Attempt 203	[107.43 s]
0.0.Mp: Trace Attempt 648	[452.16 s]
0.0.K: Trace Attempt 255	[111.46 s]
0.0.Bm: Trace Attempt 1229	[995.88 s]
0.0.Mp: Trace Attempt 648	[457.41 s]
0.0.K: Trace Attempt 293	[115.51 s]
0.0.Bm: Trace Attempt 1231	[1000.61 s]
0.0.Mp: Trace Attempt 678	[463.03 s]
0.0.K: Trace Attempt 322	[119.52 s]
0.0.K: Trace Attempt 357	[123.57 s]
0.0.Mp: Trace Attempt 684	[471.12 s]
0.0.K: Trace Attempt 393	[127.83 s]
0.0.K: Trace Attempt 418	[132.10 s]
0.0.Mp: Trace Attempt 688	[479.36 s]
0.0.K: Trace Attempt 444	[136.21 s]
0.0.K: Trace Attempt 469	[140.41 s]
0.0.Mp: Trace Attempt 648	[485.31 s]
0.0.K: Trace Attempt 486	[144.63 s]
0.0.Mp: Trace Attempt 692	[489.77 s]
0.0.K: Trace Attempt 502	[148.77 s]
0.0.Mp: Trace Attempt 697	[496.34 s]
0.0.K: Trace Attempt 521	[152.92 s]
0.0.K: Trace Attempt 536	[156.93 s]
0.0.Mp: Trace Attempt 648	[503.26 s]
0.0.K: Trace Attempt 553	[161.31 s]
0.0.K: Trace Attempt 558	[165.42 s]
0.0.Bm: Trace Attempt 1232	[1050.40 s]
0.0.Mp: Trace Attempt 705	[511.63 s]
0.0.K: Trace Attempt 570	[169.51 s]
0.0.K: Trace Attempt 586	[173.85 s]
0.0.Mp: Trace Attempt 709	[518.42 s]
0.0.K: Trace Attempt 598	[178.21 s]
0.0.K: Trace Attempt 612	[182.30 s]
0.0.Mp: Trace Attempt 713	[527.54 s]
0.0.K: Trace Attempt 624	[186.84 s]
0.0.Bm: Trace Attempt 1233	[1072.19 s]
0.0.Mp: Trace Attempt 717	[534.67 s]
0.0.K: Trace Attempt 633	[191.04 s]
0.0.AB: Trace Attempt 355	[192.78 s]
0.0.Bm: Trace Attempt 1234	[1078.66 s]
0.0.K: Trace Attempt 645	[195.18 s]
0.0.Mp: Trace Attempt 648	[541.98 s]
0.0.K: Trace Attempt 658	[199.59 s]
0.0.Bm: Trace Attempt 1235	[1085.46 s]
0.0.K: Trace Attempt 667	[203.92 s]
0.0.Mp: Trace Attempt 725	[550.71 s]
0.0.K: Trace Attempt 677	[208.21 s]
0.0.Bm: Trace Attempt 1236	[1094.78 s]
0.0.K: Trace Attempt 686	[212.53 s]
0.0.Mp: Trace Attempt 729	[557.54 s]
0.0.Bm: Trace Attempt 1237	[1098.94 s]
0.0.K: Trace Attempt 694	[216.63 s]
0.0.AB: Trace Attempt 356	[219.25 s]
0.0.Bm: Trace Attempt 1239	[1104.10 s]
0.0.K: Trace Attempt 700	[220.63 s]
0.0.Mp: Trace Attempt 733	[566.49 s]
0.0.K: Trace Attempt 709	[224.69 s]
0.0.Bm: Trace Attempt 1240	[1108.68 s]
0.0.K: Trace Attempt 719	[229.44 s]
0.0.Mp: Trace Attempt 737	[573.68 s]
0.0.AB: Trace Attempt 359	[232.02 s]
0.0.K: Trace Attempt 730	[233.49 s]
0.0.AB: Trace Attempt 370	[236.30 s]
0.0.Bm: Trace Attempt 1242	[1120.08 s]
0.0.Mp: Trace Attempt 648	[580.87 s]
0.0.K: Trace Attempt 740	[237.58 s]
0.0.AB: Trace Attempt 383	[240.54 s]
0.0.Bm: Trace Attempt 1243	[1124.67 s]
0.0.K: Trace Attempt 750	[241.65 s]
0.0.Bm: Trace Attempt 1244	[1128.97 s]
0.0.Mp: Trace Attempt 745	[589.55 s]
0.0.K: Trace Attempt 758	[245.73 s]
0.0.K: Trace Attempt 765	[249.93 s]
0.0.Bm: Trace Attempt 1246	[1134.00 s]
0.0.Mp: Trace Attempt 749	[596.53 s]
0.0.K: Trace Attempt 775	[254.16 s]
0.0.Bm: Trace Attempt 1247	[1138.28 s]
0.0.K: Trace Attempt 784	[258.41 s]
0.0.Bm: Trace Attempt 1248	[1142.91 s]
0.0.Mp: Trace Attempt 753	[605.86 s]
0.0.Bm: Trace Attempt 1249	[1147.17 s]
0.0.K: Trace Attempt 789	[263.57 s]
0.0.AB: Trace Attempt 388	[265.59 s]
0.0.K: Trace Attempt 796	[268.18 s]
0.0.Bm: Trace Attempt 1251	[1152.61 s]
0.0.Mp: Trace Attempt 757	[613.17 s]
0.0.K: Trace Attempt 800	[272.50 s]
0.0.K: Trace Attempt 804	[276.77 s]
0.0.Mp: Trace Attempt 648	[620.86 s]
0.0.AB: Trace Attempt 390	[278.89 s]
0.0.K: Trace Attempt 807	[282.24 s]
0.0.Bm: Trace Attempt 1253	[1166.42 s]
0.0.AB: Trace Attempt 396	[283.26 s]
0.0.K: Trace Attempt 810	[286.29 s]
0.0.Mp: Trace Attempt 765	[630.31 s]
0.0.AB: Trace Attempt 404	[287.90 s]
0.0.Bm: Trace Attempt 1255	[1171.88 s]
0.0.K: Trace Attempt 818	[290.56 s]
0.0.AB: Trace Attempt 412	[292.26 s]
0.0.Mp: Trace Attempt 769	[637.92 s]
0.0.K: Trace Attempt 825	[294.58 s]
0.0.AB: Trace Attempt 422	[296.69 s]
0.0.Bm: Trace Attempt 1256	[1181.74 s]
0.0.Mp: Trace Attempt 678	[641.95 s]
0.0.K: Trace Attempt 832	[298.87 s]
0.0.AB: Trace Attempt 430	[301.11 s]
0.0.Mp: Trace Attempt 743	[646.17 s]
0.0.K: Trace Attempt 842	[303.64 s]
0.0.Bm: Trace Attempt 1258	[1188.36 s]
0.0.AB: Trace Attempt 437	[305.27 s]
0.0.K: Trace Attempt 847	[307.75 s]
0.0.AB: Trace Attempt 445	[309.27 s]
0.0.Bm: Trace Attempt 1260	[1193.13 s]
0.0.Mp: Trace Attempt 773	[653.59 s]
0.0.K: Trace Attempt 852	[311.83 s]
0.0.AB: Trace Attempt 452	[313.28 s]
0.0.Bm: Trace Attempt 1262	[1197.13 s]
0.0.K: Trace Attempt 858	[316.83 s]
0.0.AB: Trace Attempt 461	[317.42 s]
0.0.Mp: Trace Attempt 777	[662.06 s]
0.0.AB: Trace Attempt 466	[319.74 s]
0.0.AB: Per property time limit expired (320.00 s) [320.03 s]
0.0.AB: Stopped processing property "VGA1Interface.sva._cover_34"	[320.03 s].
0.0.AB: Starting proof for property "VGA1Interface.sva._assert_8"	[0.00 s].
0.0.AB: Trace Attempt  1	[0.00 s]
0.0.AB: Trace Attempt  2	[0.00 s]
0.0.AB: Trace Attempt  3	[0.00 s]
0.0.AB: Trace Attempt  4	[0.00 s]
0.0.AB: Trace Attempt  5	[0.00 s]
0.0.AB: Trace Attempt  1	[0.00 s]
0.0.AB: Trace Attempt  2	[0.00 s]
0.0.AB: Trace Attempt  3	[0.00 s]
0.0.AB: Trace Attempt  4	[0.00 s]
0.0.AB: Trace Attempt  5	[0.00 s]
0.0.AB: Trace Attempt  1	[0.01 s]
0.0.AB: Trace Attempt  2	[0.01 s]
0.0.AB: Trace Attempt  3	[0.01 s]
0.0.AB: Trace Attempt  4	[0.01 s]
0.0.AB: Trace Attempt  5	[0.01 s]
0.0.AB: Trace Attempt  1	[0.01 s]
0.0.AB: Trace Attempt  2	[0.01 s]
0.0.AB: Trace Attempt  3	[0.01 s]
0.0.AB: Trace Attempt  4	[0.01 s]
0.0.AB: Trace Attempt  5	[0.01 s]
0.0.AB: Trace Attempt  1	[0.01 s]
0.0.AB: Trace Attempt  2	[0.01 s]
0.0.AB: Trace Attempt  3	[0.01 s]
0.0.AB: Trace Attempt  4	[0.01 s]
0.0.AB: Trace Attempt  5	[0.01 s]
0.0.AB: Trace Attempt  1	[0.02 s]
0.0.AB: Trace Attempt  2	[0.02 s]
0.0.AB: Trace Attempt  3	[0.02 s]
0.0.AB: Trace Attempt  4	[0.02 s]
0.0.AB: Trace Attempt  5	[0.02 s]
0.0.AB: Trace Attempt  1	[0.03 s]
0.0.AB: Trace Attempt  2	[0.03 s]
0.0.AB: Trace Attempt  3	[0.03 s]
0.0.AB: Trace Attempt  4	[0.03 s]
0.0.AB: Trace Attempt  5	[0.03 s]
0.0.AB: Trace Attempt  1	[0.05 s]
0.0.AB: Trace Attempt  2	[0.05 s]
0.0.AB: Trace Attempt  3	[0.05 s]
0.0.AB: Trace Attempt  4	[0.05 s]
0.0.AB: Trace Attempt  5	[0.05 s]
0.0.AB: Trace Attempt  1	[0.07 s]
0.0.AB: Trace Attempt  2	[0.07 s]
0.0.AB: Trace Attempt  3	[0.07 s]
0.0.AB: Trace Attempt  4	[0.07 s]
0.0.AB: Trace Attempt  5	[0.07 s]
0.0.K: Stopped processing property "VGA1Interface.sva._cover_34"	[320.06 s].
0.0.K: Starting proof for property "VGA1Interface.sva._assert_8"	[0.00 s].
0.0.AB: Trace Attempt  1	[0.10 s]
0.0.AB: Trace Attempt  2	[0.10 s]
0.0.AB: Trace Attempt  3	[0.10 s]
0.0.AB: Trace Attempt  4	[0.10 s]
0.0.AB: Trace Attempt  5	[0.10 s]
0.0.AB: Trace Attempt  1	[0.13 s]
0.0.AB: Trace Attempt  2	[0.13 s]
0.0.AB: Trace Attempt  3	[0.13 s]
0.0.AB: Trace Attempt  4	[0.13 s]
0.0.AB: Trace Attempt  5	[0.13 s]
0.0.AB: Trace Attempt  1	[0.17 s]
0.0.AB: Trace Attempt  2	[0.17 s]
0.0.AB: Trace Attempt  3	[0.17 s]
0.0.AB: Trace Attempt  4	[0.17 s]
0.0.AB: Trace Attempt  5	[0.17 s]
0.0.AB: Trace Attempt  1	[0.27 s]
0.0.AB: Trace Attempt  2	[0.27 s]
0.0.AB: Trace Attempt  3	[0.28 s]
0.0.AB: Trace Attempt  4	[0.28 s]
0.0.AB: Trace Attempt  5	[0.28 s]
0.0.AB: Trace Attempt  1	[0.33 s]
0.0.AB: Trace Attempt  2	[0.33 s]
0.0.AB: Trace Attempt  3	[0.33 s]
0.0.AB: Trace Attempt  4	[0.33 s]
0.0.AB: Trace Attempt  5	[0.33 s]
0.0.AB: Trace Attempt  1	[0.45 s]
0.0.AB: Trace Attempt  2	[0.45 s]
0.0.AB: Trace Attempt  3	[0.45 s]
0.0.AB: Trace Attempt  4	[0.45 s]
0.0.AB: Trace Attempt  5	[0.45 s]
0.0.AB: Trace Attempt  1	[0.61 s]
0.0.AB: Trace Attempt  2	[0.61 s]
0.0.AB: Trace Attempt  3	[0.61 s]
0.0.AB: Trace Attempt  4	[0.61 s]
0.0.AB: Trace Attempt  5	[0.61 s]
0.0.AB: Trace Attempt  1	[0.75 s]
0.0.AB: Trace Attempt  2	[0.75 s]
0.0.AB: Trace Attempt  3	[0.75 s]
0.0.AB: Trace Attempt  4	[0.75 s]
0.0.AB: Trace Attempt  5	[0.75 s]
0.0.Bm: Trace Attempt 1264	[1204.47 s]
0.0.AB: Trace Attempt  1	[0.95 s]
0.0.AB: Trace Attempt  2	[0.95 s]
0.0.AB: Trace Attempt  3	[0.95 s]
0.0.AB: Trace Attempt  4	[0.95 s]
0.0.AB: Trace Attempt  5	[0.95 s]
0.0.AB: Trace Attempt  1	[1.14 s]
0.0.AB: Trace Attempt  2	[1.14 s]
0.0.AB: Trace Attempt  3	[1.14 s]
0.0.AB: Trace Attempt  4	[1.14 s]
0.0.AB: Trace Attempt  5	[1.14 s]
0.0.AB: Trace Attempt  1	[1.34 s]
0.0.AB: Trace Attempt  2	[1.34 s]
0.0.AB: Trace Attempt  3	[1.34 s]
0.0.AB: Trace Attempt  4	[1.34 s]
0.0.AB: Trace Attempt  5	[1.34 s]
0.0.AB: Trace Attempt  1	[1.55 s]
0.0.AB: Trace Attempt  2	[1.55 s]
0.0.AB: Trace Attempt  3	[1.55 s]
0.0.AB: Trace Attempt  4	[1.55 s]
0.0.AB: Trace Attempt  5	[1.55 s]
0.0.AB: Trace Attempt  1	[1.72 s]
0.0.AB: Trace Attempt  2	[1.72 s]
0.0.AB: Trace Attempt  3	[1.72 s]
0.0.AB: Trace Attempt  4	[1.72 s]
0.0.AB: Trace Attempt  5	[1.72 s]
0.0.K: Stopped processing property "VGA1Interface.sva._assert_8"	[1.76 s].
0.0.K: Morphing to Ncustom1
0.0.K: Trace Attempt 346	[0.17 s]
0.0.K: All properties determined. [0.00 s]
0.0.K: Exited with Success (@ 0.00 s)
0.0.Ncustom1: clocks: 1, declared: 1, disabling: 0, posedge: 1, negedge: 0, noedge: 0, bothedge: 0
0.0.Ncustom1: Starting proof for property "VGA1Interface.sva._cover_34"	[0.00 s].
0.0.AB: Stopped processing property "VGA1Interface.sva._assert_8"	[1.85 s].
0.0.AB: Morphing to I
0.0.AB: Trace Attempt 88	[1.74 s]
0.0.AB: All properties determined. [0.00 s]
0.0.AB: Exited with Success (@ 0.00 s)
0.0.I: clocks: 1, declared: 1, disabling: 0, posedge: 1, negedge: 0, noedge: 0, bothedge: 0
0.0.I: Starting proof for property "VGA1Interface.sva._cover_34"	[0.00 s].
0.0.I: Trace Attempt 14	[0.01 s]
0.0.Ncustom1: Trace Attempt 97	[0.03 s]
0.0.I: Trace Attempt  1	[0.20 s]
0.0.I: Trace Attempt  2	[0.20 s]
0.0.I: Trace Attempt  3	[0.20 s]
0.0.Bm: Trace Attempt 1265	[1209.35 s]
0.0.I: Trace Attempt 25	[1.06 s]
0.0.I: Per property time limit expired (3.99 s) [4.00 s]
0.0.I: Stopped processing property "VGA1Interface.sva._cover_34"	[4.00 s].
0.0.I: Starting proof for property "VGA1Interface.sva._assert_8"	[0.00 s].
0.0.Ncustom1: Per property time limit expired (4.00 s) [4.01 s]
0.0.Ncustom1: Stopped processing property "VGA1Interface.sva._cover_34"	[4.01 s].
0.0.Ncustom1: Starting proof for property "VGA1Interface.sva._assert_8"	[0.00 s].
0.0.I: Trace Attempt 339	[0.18 s]
0.0.Mp: Trace Attempt 742	[670.86 s]
0.0.Bm: Trace Attempt 1267	[1214.89 s]
0.0.Bm: Trace Attempt 1269	[1220.84 s]
0.0.Mp: Trace Attempt 785	[681.32 s]
0.0.Bm: Trace Attempt 1272	[1227.98 s]
0.0.Mp: Trace Attempt 789	[690.22 s]
0.0.Bm: Trace Attempt 1274	[1233.63 s]
0.0.Bm: Trace Attempt 1276	[1239.01 s]
0.0.Mp: Trace Attempt 793	[701.01 s]
0.0.Bm: Trace Attempt 1278	[1244.13 s]
0.0.Bm: Trace Attempt 1281	[1248.71 s]
0.0.Mp: Trace Attempt 797	[709.73 s]
0.0.Bm: Trace Attempt 1284	[1253.83 s]
0.0.Mp: Trace Attempt 742	[719.25 s]
0.0.Bm: Trace Attempt 1287	[1261.36 s]
0.0.Mp: Trace Attempt 742	[725.80 s]
0.0.Bm: Trace Attempt 1291	[1268.15 s]
0.0.Mp: Trace Attempt 805	[735.12 s]
0.0.Bm: Trace Attempt 1293	[1278.73 s]
0.0.Mp: Trace Attempt 742	[741.60 s]
0.0.Bm: Trace Attempt 1294	[1287.07 s]
0.0.Mp: Trace Attempt 810	[751.60 s]
0.0.Bm: Trace Attempt 1296	[1293.52 s]
0.0.Bm: Trace Attempt 1299	[1300.70 s]
0.0.Mp: Trace Attempt 815	[760.93 s]
0.0.Bm: Trace Attempt 1300	[1305.68 s]
0.0.Bm: Trace Attempt 1301	[1310.28 s]
0.0.Mp: Trace Attempt 742	[770.66 s]
0.0.Ncustom1: Stopped processing property "VGA1Interface.sva._assert_8"	[102.42 s].
0.0.Ncustom1: Morphing to N
0.0.Ncustom1: Trace Attempt 346	[0.18 s]
0.0.Ncustom1: All properties determined. [0.00 s]
0.0.Ncustom1: Exited with Success (@ 0.00 s)
0.0.N: clocks: 1, declared: 1, disabling: 0, posedge: 1, negedge: 0, noedge: 0, bothedge: 0
0.0.N: Starting proof for property "VGA1Interface.sva._assert_8"	[0.00 s].
0.0.I: Stopped processing property "VGA1Interface.sva._assert_8"	[102.59 s].
0.0.I: Morphing to B
0.0.I: All properties determined. [0.00 s]
0.0.I: Exited with Success (@ 0.00 s)
0.0.B: clocks: 1, declared: 1, disabling: 0, posedge: 1, negedge: 0, noedge: 0, bothedge: 0
0.0.B: Starting proof for property "VGA1Interface.sva._assert_8"	[0.00 s].
0.0.B: Trace Attempt  1	[0.00 s]
0.0.B: Trace Attempt  2	[0.00 s]
0.0.B: Trace Attempt  3	[0.00 s]
0.0.B: Trace Attempt  4	[0.00 s]
0.0.B: Trace Attempt  5	[0.01 s]
0.0.N: Trace Attempt 346	[0.18 s]
0.0.Bm: Trace Attempt 1303	[1315.01 s]
0.0.B: Trace Attempt 725	[4.00 s]
0.0.B: Trace Attempt 921	[8.04 s]
0.0.Bm: Trace Attempt 1305	[1321.05 s]
0.0.Mp: Trace Attempt 823	[781.90 s]
0.0.B: Trace Attempt 1007	[12.05 s]
0.0.Bm: Trace Attempt 1307	[1325.14 s]
0.0.B: Trace Attempt 1066	[16.07 s]
0.0.Bm: Trace Attempt 1309	[1329.89 s]
0.0.Mp: Trace Attempt 827	[791.27 s]
0.0.B: Trace Attempt 1116	[20.08 s]
0.0.Bm: Trace Attempt 1312	[1334.08 s]
0.0.B: Trace Attempt 1158	[24.23 s]
0.0.Bm: Trace Attempt 1314	[1339.04 s]
0.0.B: Trace Attempt 1191	[28.25 s]
0.0.Mp: Trace Attempt 831	[803.22 s]
0.0.Bm: Trace Attempt 1315	[1344.41 s]
0.0.B: Trace Attempt 1220	[32.31 s]
0.0.B: Trace Attempt 1250	[36.43 s]
0.0.Bm: Trace Attempt 1317	[1350.35 s]
0.0.B: Trace Attempt 1280	[40.50 s]
0.0.Mp: Trace Attempt 835	[812.91 s]
0.0.Bm: Trace Attempt 1319	[1356.64 s]
0.0.B: Trace Attempt 1302	[45.16 s]
0.0.Bm: Trace Attempt 1320	[1361.18 s]
0.0.B: Trace Attempt 1323	[49.47 s]
0.0.Mp: Trace Attempt 742	[822.99 s]
0.0.B: Trace Attempt 1340	[53.53 s]
0.0.Bm: Trace Attempt 1321	[1367.58 s]
0.0.B: Trace Attempt 1358	[57.59 s]
0.0.Bm: Trace Attempt 1323	[1373.42 s]
0.0.B: Trace Attempt 1373	[61.68 s]
0.0.Mp: Trace Attempt 843	[835.19 s]
0.0.Bm: Trace Attempt 1324	[1377.51 s]
0.0.B: Trace Attempt 1387	[66.34 s]
0.0.Bm: Trace Attempt 1326	[1381.70 s]
0.0.B: Trace Attempt 1403	[70.39 s]
0.0.Mp: Trace Attempt 847	[845.66 s]
0.0.B: Trace Attempt 1421	[74.48 s]
0.0.Bm: Trace Attempt 1328	[1388.55 s]
0.0.B: Trace Attempt 1430	[78.86 s]
0.0.Bm: Trace Attempt 1331	[1393.63 s]
0.0.B: Trace Attempt 1448	[82.93 s]
0.0.Mp: Trace Attempt 851	[858.42 s]
0.0.B: Trace Attempt 1464	[87.21 s]
0.0.Bm: Trace Attempt 1333	[1400.46 s]
0.0.B: Trace Attempt 1470	[91.35 s]
0.0.Bm: Trace Attempt 1335	[1404.64 s]
0.0.Mp: Trace Attempt 855	[868.84 s]
0.0.B: Trace Attempt 1476	[100.77 s]
0.0.Bm: Trace Attempt 1336	[1413.01 s]
0.0.B: Trace Attempt 1486	[105.29 s]
0.0.Bm: Trace Attempt 1338	[1417.74 s]
0.0.Mp: Trace Attempt 742	[879.88 s]
0.0.B: Trace Attempt 1498	[109.52 s]
0.0.Bm: Trace Attempt 1340	[1425.57 s]
0.0.B: Trace Attempt 1507	[114.30 s]
0.0.B: Trace Attempt 1516	[118.56 s]
0.0.Mp: Trace Attempt 863	[892.80 s]
0.0.Bm: Trace Attempt 1342	[1434.96 s]
0.0.B: Trace Attempt 1526	[123.01 s]
0.0.Mp: Trace Attempt 867	[903.38 s]
0.0.Bm: Trace Attempt 1343	[1443.51 s]
0.0.B: Trace Attempt 1533	[133.62 s]
0.0.Bm: Trace Attempt 1344	[1448.10 s]
0.0.B: Trace Attempt 1540	[138.16 s]
0.0.Bm: Trace Attempt 1345	[1452.19 s]
0.0.B: Trace Attempt 1548	[142.21 s]
0.0.Mp: Trace Attempt 871	[917.02 s]
0.0.Bm: Trace Attempt 1347	[1457.35 s]
0.0.B: Trace Attempt 1560	[146.63 s]
0.0.B: Trace Attempt 1567	[150.80 s]
0.0.Bm: Trace Attempt 1349	[1464.87 s]
0.0.B: Trace Attempt 1574	[155.54 s]
0.0.Mp: Trace Attempt 875	[928.40 s]
0.0.B: Trace Attempt 1578	[159.91 s]
0.0.Bm: Trace Attempt 1351	[1472.27 s]
0.0.B: Trace Attempt 1594	[164.08 s]
0.0.Mp: Trace Attempt 742	[940.09 s]
0.0.B: Trace Attempt 1601	[168.53 s]
0.0.Bm: Trace Attempt 1353	[1482.34 s]
0.0.B: Trace Attempt 1604	[173.15 s]
0.0.Bm: Trace Attempt 1355	[1486.56 s]
0.0.B: Trace Attempt 1609	[179.80 s]
0.0.Bm: Trace Attempt 1358	[1492.41 s]
0.0.Mp: Trace Attempt 883	[953.74 s]
0.0.B: Trace Attempt 1614	[184.49 s]
0.0.Bm: Trace Attempt 1359	[1497.23 s]
0.0.B: Trace Attempt 1620	[188.60 s]
0.0.Bm: Trace Attempt 1360	[1502.33 s]
0.0.B: Trace Attempt 1625	[192.78 s]
0.0.Mp: Trace Attempt 887	[965.24 s]
0.0.Mp: Trace Attempt 814	[969.25 s]
0.0.Bm: Trace Attempt 1362	[1509.77 s]
0.0.B: Trace Attempt 1629	[197.91 s]
0.0.B: Trace Attempt 1638	[201.93 s]
0.0.Bm: Trace Attempt 1363	[1514.20 s]
0.0.B: Trace Attempt 1643	[206.60 s]
0.0.Bm: Trace Attempt 1364	[1519.81 s]
0.0.N: Trace Attempt 347	[208.27 s]
0.0.N: Trace Attempt  1	[208.60 s]
0.0.N: Trace Attempt  2	[208.60 s]
0.0.N: Trace Attempt  3	[208.60 s]
0.0.N: Trace Attempt  5	[208.60 s]
0.0.Mp: Trace Attempt 891	[982.26 s]
0.0.B: Trace Attempt 1651	[211.39 s]
0.0.Bm: Trace Attempt 1365	[1523.87 s]
0.0.B: Trace Attempt 1656	[215.50 s]
0.0.Bm: Trace Attempt 1367	[1527.96 s]
0.0.B: Trace Attempt 1662	[220.12 s]
0.0.Bm: Trace Attempt 1368	[1533.43 s]
0.0.Mp: Trace Attempt 895	[993.87 s]
0.0.B: Trace Attempt 1665	[224.55 s]
0.0.Bm: Trace Attempt 1370	[1538.45 s]
0.0.B: Trace Attempt 1668	[229.26 s]
0.0.Bm: Trace Attempt 1372	[1543.50 s]
0.0.Mp: Trace Attempt 816	[1006.26 s]
0.0.Bm: Trace Attempt 1374	[1551.07 s]
0.0.Bm: Trace Attempt 1375	[1555.85 s]
0.0.B: Trace Attempt 1671	[243.94 s]
0.0.Mp: Trace Attempt 903	[1020.75 s]
0.0.B: Trace Attempt 1676	[248.65 s]
0.0.Bm: Trace Attempt 1376	[1562.43 s]
0.0.B: Trace Attempt 1682	[253.16 s]
0.0.Bm: Trace Attempt 1377	[1566.49 s]
0.0.B: Trace Attempt 1686	[257.20 s]
0.0.Mp: Trace Attempt 907	[1032.79 s]
0.0.B: Trace Attempt 1694	[262.86 s]
0.0.Bm: Trace Attempt 1379	[1577.97 s]
0.0.B: Trace Attempt 1698	[267.52 s]
0.0.B: Trace Attempt 1700	[272.30 s]
0.0.Bm: Trace Attempt 1381	[1584.55 s]
0.0.Mp: Trace Attempt 911	[1047.64 s]
0.0.B: Trace Attempt 1703	[276.42 s]
0.0.Bm: Trace Attempt 1383	[1591.21 s]
0.0.B: Trace Attempt 1707	[281.40 s]
0.0.Bm: Trace Attempt 1386	[1596.32 s]
0.0.B: Trace Attempt 1711	[285.74 s]
0.0.Mp: Trace Attempt 915	[1060.34 s]
0.0.Bm: Trace Attempt 1388	[1600.93 s]
0.0.Bm: Trace Attempt 1390	[1607.98 s]
0.0.N: Trace Attempt 348	[296.75 s]
0.0.N: Trace Attempt  1	[297.12 s]
0.0.N: Trace Attempt  2	[297.12 s]
0.0.N: Trace Attempt  3	[297.12 s]
0.0.N: Trace Attempt  5	[297.12 s]
0.0.B: Trace Attempt 1715	[299.05 s]
0.0.Mp: Trace Attempt 816	[1073.32 s]
0.0.B: Trace Attempt 1717	[304.49 s]
0.0.Bm: Trace Attempt 1392	[1620.33 s]
0.0.B: Trace Attempt 1720	[308.63 s]
0.0.B: Trace Attempt 1723	[313.55 s]
0.0.Bm: Trace Attempt 1393	[1625.90 s]
0.0.Mp: Trace Attempt 923	[1088.33 s]
0.0.B: Trace Attempt 1727	[318.60 s]
0.0.Bm: Trace Attempt 1394	[1632.30 s]
0.0.B: Trace Attempt 1730	[324.49 s]
0.0.Bm: Trace Attempt 1395	[1636.89 s]
0.0.Mp: Trace Attempt 927	[1101.00 s]
0.0.B: Trace Attempt 1735	[328.71 s]
0.0.Bm: Trace Attempt 1397	[1640.91 s]
0.0.B: Trace Attempt 1740	[333.20 s]
0.0.B: Trace Attempt 1745	[337.92 s]
0.0.Bm: Trace Attempt 1399	[1651.80 s]
0.0.B: Trace Attempt 1750	[343.01 s]
0.0.Mp: Trace Attempt 931	[1117.31 s]
0.0.Bm: Trace Attempt 1401	[1659.84 s]
0.0.B: Trace Attempt 1753	[348.10 s]
0.0.B: Trace Attempt 1756	[354.58 s]
0.0.Bm: Trace Attempt 1403	[1666.84 s]
0.0.Mp: Trace Attempt 935	[1130.67 s]
0.0.B: Trace Attempt 1760	[359.61 s]
0.0.Bm: Trace Attempt 1404	[1672.53 s]
0.0.Mp: Trace Attempt 816	[1135.34 s]
0.0.B: Trace Attempt 1765	[365.73 s]
0.0.B: Trace Attempt 1768	[371.32 s]
0.0.Bm: Trace Attempt 1405	[1685.23 s]
0.0.Mp: Trace Attempt 939	[1146.99 s]
0.0.Bm: Trace Attempt 1406	[1689.29 s]
0.0.B: Trace Attempt 1774	[377.38 s]
0.0.Mp: Trace Attempt 940	[1151.67 s]
0.0.Bm: Trace Attempt 1407	[1693.37 s]
0.0.B: Trace Attempt 1776	[381.41 s]
0.0.B: Trace Attempt 1780	[386.35 s]
0.0.Bm: Trace Attempt 1409	[1701.52 s]
0.0.B: Trace Attempt 1783	[391.91 s]
0.0.Mp: Trace Attempt 944	[1164.85 s]
0.0.Bm: Trace Attempt 1410	[1707.12 s]
0.0.B: Trace Attempt 1786	[396.03 s]
0.0.Bm: Trace Attempt 1412	[1712.69 s]
0.0.B: Trace Attempt 1789	[401.99 s]
0.0.Bm: Trace Attempt 1414	[1717.66 s]
0.0.Mp: Trace Attempt 816	[1178.05 s]
0.0.B: Trace Attempt 1793	[406.43 s]
0.0.B: Trace Attempt 1797	[412.32 s]
0.0.Bm: Trace Attempt 1416	[1724.73 s]
0.0.B: Trace Attempt 1802	[416.35 s]
0.0.Bm: Trace Attempt 1417	[1728.98 s]
0.0.Mp: Trace Attempt 952	[1193.48 s]
0.0.B: Trace Attempt 1805	[421.61 s]
0.0.Bm: Trace Attempt 1418	[1738.37 s]
0.0.B: Trace Attempt 1810	[426.25 s]
0.0.B: Trace Attempt 1813	[430.43 s]
0.0.Mp: Trace Attempt 956	[1206.96 s]
0.0.B: Trace Attempt 1816	[434.91 s]
0.0.N: Trace Attempt 349	[435.22 s]
0.0.N: Trace Attempt  1	[435.62 s]
0.0.N: Trace Attempt  2	[435.62 s]
0.0.N: Trace Attempt  3	[435.62 s]
0.0.N: Trace Attempt  5	[435.62 s]
0.0.Bm: Trace Attempt 1421	[1755.81 s]
0.0.B: Trace Attempt 1818	[446.42 s]
0.0.B: Trace Attempt 1819	[451.31 s]
0.0.Mp: Trace Attempt 960	[1223.67 s]
0.0.B: Trace Attempt 1823	[457.06 s]
0.0.Bm: Trace Attempt 1422	[1771.74 s]
0.0.B: Trace Attempt 1825	[461.73 s]
0.0.Bm: Trace Attempt 1423	[1776.94 s]
0.0.Mp: Trace Attempt 964	[1237.29 s]
0.0.B: Trace Attempt 1827	[470.03 s]
0.0.Bm: Trace Attempt 1425	[1785.37 s]
0.0.B: Trace Attempt 1830	[475.68 s]
0.0.Mp: Trace Attempt 816	[1251.60 s]
0.0.B: Trace Attempt 1834	[480.74 s]
0.0.Bm: Trace Attempt 1427	[1794.61 s]
0.0.B: Trace Attempt 1836	[485.22 s]
0.0.Bm: Trace Attempt 1429	[1801.50 s]
0.0.B: Trace Attempt 1839	[495.11 s]
0.0.Bm: Trace Attempt 1431	[1807.56 s]
0.0.Mp: Trace Attempt 972	[1268.70 s]
0.0.B: Trace Attempt 1842	[499.59 s]
0.0.Bm: Trace Attempt 1433	[1812.98 s]
0.0.B: Trace Attempt 1846	[504.79 s]
0.0.Bm: Trace Attempt 1435	[1818.00 s]
0.0.Mp: Trace Attempt 976	[1283.15 s]
0.0.B: Trace Attempt 1849	[511.34 s]
0.0.Bm: Trace Attempt 1438	[1823.49 s]
0.0.N: Trace Attempt 350	[511.81 s]
0.0.N: Trace Attempt  1	[512.24 s]
0.0.N: Trace Attempt  2	[512.24 s]
0.0.N: Trace Attempt  3	[512.24 s]
0.0.N: Trace Attempt  5	[512.24 s]
0.0.Mp: Trace Attempt 817	[1287.19 s]
0.0.B: Trace Attempt 1851	[517.42 s]
0.0.Bm: Trace Attempt 1439	[1831.59 s]
0.0.B: Trace Attempt 1854	[522.22 s]
0.0.Bm: Trace Attempt 1441	[1837.68 s]
0.0.B: Trace Attempt 1856	[526.40 s]
0.0.Mp: Trace Attempt 980	[1301.15 s]
0.0.Bm: Trace Attempt 1443	[1842.78 s]
0.0.B: Trace Attempt 1858	[531.76 s]
0.0.Bm: Trace Attempt 1444	[1847.18 s]
0.0.B: Trace Attempt 1859	[535.77 s]
0.0.Mp: Trace Attempt 984	[1316.12 s]
0.0.Bm: Trace Attempt 1445	[1857.49 s]
0.0.B: Trace Attempt 1860	[545.43 s]
0.0.B: Trace Attempt 1862	[549.91 s]
0.0.Bm: Trace Attempt 1446	[1862.84 s]
0.0.Bm: Trace Attempt 1447	[1870.18 s]
0.0.Mp: Trace Attempt 816	[1331.22 s]
0.0.B: Trace Attempt 1867	[559.68 s]
0.0.Bm: Trace Attempt 1448	[1875.85 s]
0.0.Mp: Trace Attempt 883	[1336.77 s]
0.0.B: Trace Attempt 1869	[566.22 s]
0.0.B: Trace Attempt 1873	[570.32 s]
0.0.Bm: Trace Attempt 1450	[1883.57 s]
0.0.B: Trace Attempt 1876	[575.98 s]
0.0.Bm: Trace Attempt 1452	[1889.23 s]
0.0.Mp: Trace Attempt 992	[1351.04 s]
0.0.B: Trace Attempt 1880	[580.48 s]
0.0.B: Trace Attempt 1883	[585.02 s]
0.0.Bm: Trace Attempt 1454	[1900.22 s]
0.0.B: Trace Attempt 1885	[590.17 s]
0.0.Mp: Trace Attempt 996	[1365.59 s]
0.0.Bm: Trace Attempt 1456	[1906.99 s]
0.0.B: Trace Attempt 1888	[600.04 s]
0.0.Bm: Trace Attempt 1457	[1912.28 s]
0.0.B: Trace Attempt 1890	[605.59 s]
0.0.Bm: Trace Attempt 1459	[1918.04 s]
0.0.B: Trace Attempt 1894	[610.34 s]
0.0.Mp: Trace Attempt 1000	[1383.14 s]
0.0.Bm: Trace Attempt 1461	[1923.08 s]
0.0.Bm: Trace Attempt 1462	[1927.26 s]
0.0.B: Trace Attempt 1897	[615.32 s]
0.0.Mp: Trace Attempt 882	[1388.80 s]
0.0.B: Trace Attempt 1899	[619.52 s]
0.0.Bm: Trace Attempt 1463	[1931.98 s]
0.0.Bm: Trace Attempt 1464	[1937.59 s]
0.0.B: Trace Attempt 1900	[630.83 s]
0.0.Bm: Trace Attempt 1466	[1944.59 s]
0.0.Mp: Trace Attempt 1004	[1406.17 s]
0.0.B: Trace Attempt 1902	[635.41 s]
0.0.Bm: Trace Attempt 1468	[1951.38 s]
0.0.B: Trace Attempt 1904	[639.88 s]
0.0.N: Trace Attempt 351	[643.73 s]
0.0.B: Trace Attempt 1906	[643.94 s]
0.0.N: Trace Attempt  1	[644.14 s]
0.0.N: Trace Attempt  2	[644.14 s]
0.0.N: Trace Attempt  3	[644.14 s]
0.0.N: Trace Attempt  5	[644.14 s]
0.0.Bm: Trace Attempt 1469	[1956.18 s]
0.0.B: Trace Attempt 1909	[648.95 s]
0.0.Mp: Trace Attempt 1009	[1421.90 s]
0.0.Bm: Trace Attempt 1470	[1963.18 s]
0.0.B: Trace Attempt 1912	[655.12 s]
0.0.Bm: Trace Attempt 1471	[1971.10 s]
0.0.B: Trace Attempt 1913	[661.28 s]
0.0.Bm: Trace Attempt 1473	[1977.50 s]
0.0.Mp: Trace Attempt 882	[1437.97 s]
0.0.B: Trace Attempt 1918	[666.94 s]
0.0.Bm: Trace Attempt 1475	[1982.07 s]
0.0.B: Trace Attempt 1920	[672.33 s]
0.0.Bm: Trace Attempt 1476	[1986.97 s]
0.0.B: Trace Attempt 1923	[678.74 s]
0.0.B: Trace Attempt 1927	[682.75 s]
0.0.Bm: Trace Attempt 1477	[1995.10 s]
0.0.Mp: Trace Attempt 1017	[1455.93 s]
0.0.Bm: Trace Attempt 1479	[2000.67 s]
0.0.B: Trace Attempt 1931	[689.10 s]
0.0.B: Trace Attempt 1933	[693.15 s]
0.0.Bm: Trace Attempt 1480	[2006.73 s]
0.0.B: Trace Attempt 1935	[697.87 s]
0.0.Mp: Trace Attempt 1021	[1471.76 s]
0.0.Bm: Trace Attempt 1482	[2013.01 s]
0.0.Mp: Trace Attempt 951	[1475.80 s]
0.0.B: Trace Attempt 1938	[703.62 s]
0.0.Bm: Trace Attempt 1484	[2017.68 s]
0.0.B: Trace Attempt 1940	[708.31 s]
0.0.Bm: Trace Attempt 1487	[2022.83 s]
0.0.B: Trace Attempt 1942	[712.66 s]
0.0.Bm: Trace Attempt 1489	[2027.03 s]
0.0.B: Trace Attempt 1943	[716.92 s]
0.0.Bm: Trace Attempt 1491	[2032.17 s]
0.0.Mp: Trace Attempt 1025	[1494.53 s]
0.0.B: Trace Attempt 1946	[724.03 s]
0.0.Bm: Trace Attempt 1494	[2037.48 s]
0.0.B: Trace Attempt 1948	[730.06 s]
0.0.Bm: Trace Attempt 1496	[2044.00 s]
0.0.B: Trace Attempt 1949	[735.03 s]
0.0.Bm: Trace Attempt 1497	[2048.66 s]
0.0.Mp: Trace Attempt 1029	[1510.81 s]
0.0.B: Trace Attempt 1952	[741.15 s]
0.0.Bm: Trace Attempt 1498	[2053.34 s]
0.0.Bm: Trace Attempt 1500	[2057.43 s]
0.0.B: Trace Attempt 1954	[747.05 s]
0.0.Bm: Trace Attempt 1501	[2062.16 s]
0.0.B: Trace Attempt 1956	[751.10 s]
0.0.Mp: Trace Attempt 980	[1526.91 s]
0.0.B: Trace Attempt 1958	[755.71 s]
0.0.Bm: Trace Attempt 1502	[2069.86 s]
0.0.B: Trace Attempt 1959	[760.04 s]
0.0.Bm: Trace Attempt 1503	[2074.40 s]
0.0.B: Trace Attempt 1961	[765.23 s]
0.0.B: Trace Attempt 1962	[770.40 s]
0.0.Bm: Trace Attempt 1505	[2082.61 s]
0.0.Mp: Trace Attempt 1037	[1546.10 s]
0.0.B: Trace Attempt 1964	[777.95 s]
0.0.Mp: Trace Attempt 980	[1552.16 s]
0.0.Bm: Trace Attempt 1506	[2092.02 s]
0.0.B: Trace Attempt 1967	[783.89 s]
0.0.Bm: Trace Attempt 1507	[2101.67 s]
0.0.B: Trace Attempt 1969	[789.80 s]
0.0.Bm: Trace Attempt 1509	[2105.81 s]
0.0.B: Trace Attempt 1971	[794.85 s]
0.0.Mp: Trace Attempt 1041	[1570.22 s]
0.0.Bm: Trace Attempt 1511	[2110.70 s]
0.0.B: Trace Attempt 1973	[798.96 s]
0.0.B: Trace Attempt 1974	[804.52 s]
0.0.Bm: Trace Attempt 1513	[2118.68 s]
0.0.B: Trace Attempt 1977	[809.18 s]
0.0.Bm: Trace Attempt 1515	[2124.91 s]
0.0.B: Trace Attempt 1979	[813.73 s]
0.0.Mp: Trace Attempt 1046	[1587.54 s]
0.0.B: Trace Attempt 1982	[819.49 s]
0.0.Bm: Trace Attempt 1518	[2132.19 s]
0.0.B: Trace Attempt 1983	[824.01 s]
0.0.Bm: Trace Attempt 1520	[2137.59 s]
0.0.N: Trace Attempt 352	[826.31 s]
0.0.N: Trace Attempt  1	[826.73 s]
0.0.N: Trace Attempt  2	[826.73 s]
0.0.N: Trace Attempt  3	[826.73 s]
0.0.N: Trace Attempt  5	[826.73 s]
0.0.B: Trace Attempt 1986	[828.07 s]
0.0.Bm: Trace Attempt 1521	[2143.79 s]
0.0.Mp: Trace Attempt 980	[1604.37 s]
0.0.B: Trace Attempt 1987	[834.29 s]
0.0.Mp: Trace Attempt 1022	[1608.40 s]
0.0.Bm: Trace Attempt 1523	[2150.64 s]
0.0.B: Trace Attempt 1988	[838.61 s]
0.0.B: Trace Attempt 1990	[844.95 s]
0.0.Bm: Trace Attempt 1525	[2157.97 s]
0.0.B: Trace Attempt 1992	[850.13 s]
0.0.Bm: Trace Attempt 1527	[2164.48 s]
0.0.Mp: Trace Attempt 1054	[1626.32 s]
0.0.B: Trace Attempt 1997	[856.32 s]
0.0.Bm: Trace Attempt 1529	[2172.24 s]
0.0.Mp: Trace Attempt 1058	[1632.78 s]
0.0.B: Trace Attempt 1999	[862.45 s]
0.0.Bm: Trace Attempt 1530	[2179.02 s]
0.0.B: Trace Attempt 2002	[868.27 s]
0.0.Bm: Trace Attempt 1532	[2185.45 s]
0.0.B: Trace Attempt 2004	[876.13 s]
0.0.Mp: Trace Attempt 1058	[1650.66 s]
0.0.Bm: Trace Attempt 1535	[2192.61 s]
0.0.B: Trace Attempt 2006	[880.47 s]
0.0.Mp: Trace Attempt 1063	[1657.39 s]
0.0.B: Trace Attempt 2008	[885.70 s]
0.0.Bm: Trace Attempt 1538	[2199.64 s]
0.0.B: Trace Attempt 2010	[891.07 s]
0.0.Bm: Trace Attempt 1540	[2204.43 s]
0.0.Bm: Trace Attempt 1542	[2210.21 s]
0.0.B: Trace Attempt 2012	[899.84 s]
0.0.Mp: Trace Attempt 1063	[1675.98 s]
0.0.Bm: Trace Attempt 1544	[2217.53 s]
0.0.B: Trace Attempt 2014	[911.53 s]
0.0.Bm: Trace Attempt 1546	[2225.74 s]
0.0.B: Trace Attempt 2016	[915.58 s]
0.0.Bm: Trace Attempt 1548	[2231.96 s]
0.0.B: Trace Attempt 2018	[921.03 s]
0.0.Mp: Trace Attempt 1068	[1695.35 s]
0.0.Bm: Trace Attempt 1549	[2236.32 s]
0.0.Bm: Trace Attempt 1551	[2242.98 s]
0.0.B: Trace Attempt 2020	[931.59 s]
0.0.Bm: Trace Attempt 1552	[2248.29 s]
0.0.N: Trace Attempt 353	[940.75 s]
0.0.N: Trace Attempt  1	[941.17 s]
0.0.N: Trace Attempt  2	[941.17 s]
0.0.N: Trace Attempt  3	[941.17 s]
0.0.N: Trace Attempt  5	[941.17 s]
0.0.Bm: Trace Attempt 1554	[2254.10 s]
0.0.Mp: Trace Attempt 1072	[1714.53 s]
0.0.B: Trace Attempt 2021	[949.20 s]
0.0.Bm: Trace Attempt 1557	[2262.38 s]
0.0.B: Trace Attempt 2024	[953.56 s]
0.0.Bm: Trace Attempt 1559	[2267.39 s]
0.0.B: Trace Attempt 2026	[960.47 s]
0.0.Bm: Trace Attempt 1561	[2272.80 s]
0.0.Mp: Trace Attempt 1076	[1733.70 s]
0.0.B: Trace Attempt 2028	[964.48 s]
0.0.Bm: Trace Attempt 1563	[2278.78 s]
0.0.B: Trace Attempt 2030	[970.35 s]
0.0.Bm: Trace Attempt 1565	[2285.05 s]
0.0.B: Trace Attempt 2032	[975.56 s]
0.0.Bm: Trace Attempt 1568	[2292.03 s]
0.0.Mp: Trace Attempt 1080	[1752.78 s]
0.0.B: Trace Attempt 2034	[982.30 s]
0.0.Bm: Trace Attempt 1569	[2296.60 s]
0.0.Bm: Trace Attempt 1570	[2300.86 s]
0.0.B: Trace Attempt 2036	[989.33 s]
0.0.Bm: Trace Attempt 1572	[2305.04 s]
0.0.B: Trace Attempt 2038	[994.35 s]
0.0.Bm: Trace Attempt 1574	[2311.92 s]
0.0.N: Trace Attempt 353	[941.59 s]
0.0.N: Per property time limit expired (1000.00 s) [1000.10 s]
0.0.N: Stopped processing property "VGA1Interface.sva._assert_8"	[1000.10 s].
0.0.N: Starting proof for property "VGA1Interface.sva._cover_34"	[0.00 s].
0.0.N: Trace Attempt 97	[0.05 s]
0.0.Mp: Trace Attempt 1084	[1772.37 s]
0.0.B: Trace Attempt 2040	[998.35 s]
0.0.B: Per property time limit expired (999.83 s) [1000.22 s]
0.0.B: Stopped processing property "VGA1Interface.sva._assert_8"	[1000.22 s].
0.0.B: Starting proof for property "VGA1Interface.sva._cover_34"	[0.00 s].
0.0.B: Trace Attempt  1	[0.00 s]
0.0.B: Trace Attempt  2	[0.00 s]
0.0.B: Trace Attempt  3	[0.00 s]
0.0.B: Trace Attempt  4	[0.00 s]
0.0.B: Trace Attempt  5	[0.00 s]
0.0.B: Trace Attempt 206	[4.07 s]
0.0.Bm: Trace Attempt 1576	[2318.67 s]
0.0.B: Trace Attempt 261	[8.20 s]
0.0.Bm: Trace Attempt 1577	[2324.54 s]
0.0.B: Trace Attempt 298	[12.20 s]
0.0.B: Trace Attempt 331	[16.31 s]
0.0.Bm: Trace Attempt 1579	[2330.05 s]
0.0.B: Trace Attempt 366	[20.33 s]
0.0.B: Trace Attempt 400	[24.58 s]
0.0.Mp: Trace Attempt 1088	[1797.21 s]
0.0.Bm: Trace Attempt 1582	[2337.24 s]
0.0.B: Trace Attempt 423	[28.86 s]
0.0.Bm: Trace Attempt 1583	[2341.30 s]
0.0.Mp: Trace Attempt 1086	[1801.54 s]
0.0.B: Trace Attempt 452	[33.02 s]
0.0.Bm: Trace Attempt 1584	[2346.65 s]
0.0.B: Trace Attempt 474	[37.29 s]
0.0.Bm: Trace Attempt 1585	[2352.04 s]
0.0.B: Trace Attempt 492	[41.75 s]
0.0.Bm: Trace Attempt 1586	[2357.34 s]
0.0.B: Trace Attempt 507	[45.76 s]
0.0.Mp: Trace Attempt 1092	[1820.96 s]
0.0.B: Trace Attempt 527	[49.85 s]
0.0.Bm: Trace Attempt 1588	[2363.01 s]
0.0.B: Trace Attempt 543	[54.01 s]
0.0.B: Trace Attempt 555	[58.12 s]
0.0.B: Trace Attempt 563	[62.23 s]
0.0.Bm: Trace Attempt 1589	[2378.38 s]
0.0.B: Trace Attempt 578	[66.46 s]
0.0.Mp: Trace Attempt 1096	[1841.43 s]
0.0.B: Trace Attempt 595	[70.64 s]
0.0.Bm: Trace Attempt 1590	[2383.39 s]
0.0.B: Trace Attempt 606	[74.73 s]
0.0.Bm: Trace Attempt 1592	[2387.58 s]
0.0.B: Trace Attempt 620	[78.85 s]
0.0.Bm: Trace Attempt 1593	[2392.86 s]
0.0.B: Trace Attempt 631	[82.92 s]
0.0.Bm: Trace Attempt 1594	[2399.01 s]
0.0.Mp: Trace Attempt 1085	[1861.86 s]
0.0.Bm: Trace Attempt 1597	[2407.76 s]
0.0.Bm: Trace Attempt 1598	[2413.12 s]
0.0.Bm: Trace Attempt 1601	[2419.01 s]
0.0.Bm: Trace Attempt 1603	[2424.65 s]
0.0.Mp: Trace Attempt 1104	[1886.27 s]
0.0.Bm: Trace Attempt 1605	[2433.39 s]
0.0.Bm: Trace Attempt 1606	[2438.81 s]
0.0.B: Trace Attempt 633	[130.54 s]
0.0.Bm: Trace Attempt 1607	[2443.19 s]
0.0.Mp: Trace Attempt 1108	[1906.85 s]
0.0.B: Trace Attempt 646	[134.94 s]
0.0.Bm: Trace Attempt 1608	[2449.16 s]
0.0.Mp: Trace Attempt 1086	[1911.03 s]
0.0.B: Trace Attempt 660	[138.98 s]
0.0.B: Trace Attempt 672	[143.30 s]
0.0.Bm: Trace Attempt 1610	[2458.91 s]
0.0.B: Trace Attempt 688	[147.57 s]
0.0.Bm: Trace Attempt 1611	[2463.01 s]
0.0.B: Trace Attempt 700	[151.89 s]
0.0.Bm: Trace Attempt 1613	[2469.24 s]
0.0.B: Trace Attempt 713	[157.17 s]
0.0.Mp: Trace Attempt 1112	[1930.85 s]
0.0.B: Trace Attempt 735	[161.54 s]
0.0.Bm: Trace Attempt 1615	[2477.04 s]
0.0.B: Trace Attempt 742	[165.76 s]
0.0.B: Trace Attempt 754	[170.17 s]
0.0.Bm: Trace Attempt 1616	[2485.81 s]
0.0.B: Trace Attempt 768	[174.26 s]
0.0.B: Trace Attempt 776	[178.61 s]
0.0.Bm: Trace Attempt 1617	[2491.01 s]
0.0.Mp: Trace Attempt 1116	[1951.29 s]
0.0.N: Trace Attempt 98	[181.48 s]
0.0.N: Trace Attempt  1	[182.29 s]
0.0.N: Trace Attempt  2	[182.31 s]
0.0.N: Trace Attempt  3	[182.61 s]
0.0.N: Trace Attempt  5	[182.62 s]
0.0.Bm: Trace Attempt 1619	[2495.41 s]
0.0.B: Trace Attempt 780	[183.81 s]
0.0.N: Trace Attempt 29	[186.84 s]
0.0.Bm: Trace Attempt 1620	[2499.93 s]
0.0.B: Trace Attempt 790	[188.10 s]
0.0.N: Trace Attempt 39	[191.05 s]
0.0.B: Trace Attempt 796	[192.67 s]
0.0.Bm: Trace Attempt 1621	[2506.06 s]
0.0.N: Trace Attempt 51	[195.70 s]
0.0.B: Trace Attempt 805	[197.31 s]
0.0.N: Trace Attempt 60	[199.95 s]
0.0.Bm: Trace Attempt 1623	[2512.76 s]
0.0.Mp: Trace Attempt 1085	[1973.94 s]
0.0.B: Trace Attempt 814	[201.66 s]
0.0.N: Trace Attempt 72	[204.28 s]
0.0.Bm: Trace Attempt 1624	[2517.82 s]
0.0.B: Trace Attempt 825	[206.72 s]
0.0.N: Trace Attempt 81	[208.41 s]
0.0.Bm: Trace Attempt 1625	[2522.01 s]
0.0.B: Trace Attempt 830	[211.12 s]
0.0.N: Trace Attempt 99	[212.43 s]
0.0.Bm: Trace Attempt 1626	[2526.41 s]
0.0.B: Trace Attempt 846	[215.20 s]
0.0.Bm: Trace Attempt 1627	[2530.70 s]
0.0.B: Trace Attempt 865	[219.40 s]
0.0.B: Trace Attempt 878	[223.80 s]
0.0.Mp: Trace Attempt 1124	[1996.87 s]
0.0.B: Trace Attempt 884	[228.01 s]
0.0.Bm: Trace Attempt 1629	[2541.53 s]
0.0.B: Trace Attempt 897	[232.89 s]
0.0.Bm: Trace Attempt 1630	[2546.81 s]
0.0.B: Trace Attempt 917	[237.23 s]
0.0.N: Trace Attempt 289	[239.88 s]
0.0.Bm: Trace Attempt 1633	[2552.57 s]
0.0.B: Trace Attempt 932	[241.40 s]
0.0.N: Trace Attempt 297	[244.58 s]
0.0.B: Trace Attempt 948	[245.40 s]
0.0.Mp: Trace Attempt 1128	[2018.14 s]
0.0.Bm: Trace Attempt 1635	[2560.74 s]
0.0.N: Trace Attempt 307	[249.41 s]
0.0.B: Trace Attempt 973	[249.41 s]
0.0.B: Trace Attempt 986	[253.42 s]
0.0.N: Trace Attempt 317	[253.86 s]
0.0.Bm: Trace Attempt 1637	[2568.10 s]
0.0.B: Trace Attempt 991	[257.75 s]
0.0.N: Trace Attempt 329	[258.29 s]
0.0.Bm: Trace Attempt 1638	[2573.01 s]
0.0.B: Trace Attempt 999	[261.90 s]
0.0.N: Trace Attempt 348	[262.47 s]
0.0.B: Trace Attempt 1008	[266.01 s]
0.0.Mp: Trace Attempt 1132	[2039.59 s]
0.0.B: Trace Attempt 1015	[270.20 s]
0.0.Bm: Trace Attempt 1639	[2586.28 s]
0.0.B: Trace Attempt 1026	[274.99 s]
0.0.B: Trace Attempt 1036	[279.39 s]
0.0.Bm: Trace Attempt 1640	[2591.86 s]
0.0.B: Trace Attempt 1044	[283.47 s]
0.0.Bm: Trace Attempt 1641	[2598.92 s]
0.0.B: Trace Attempt 1053	[287.66 s]
0.0.Mp: Trace Attempt 1136	[2061.06 s]
0.0.B: Trace Attempt 1061	[292.00 s]
0.0.Bm: Trace Attempt 1642	[2604.64 s]
0.0.B: Trace Attempt 1072	[296.34 s]
0.0.Bm: Trace Attempt 1645	[2611.09 s]
0.0.B: Trace Attempt 1083	[301.06 s]
0.0.Bm: Trace Attempt 1646	[2616.70 s]
0.0.B: Trace Attempt 1092	[305.69 s]
0.0.Bm: Trace Attempt 1647	[2621.82 s]
0.0.B: Trace Attempt 1098	[309.87 s]
0.0.Mp: Trace Attempt 1140	[2082.72 s]
0.0.B: Trace Attempt 1103	[313.93 s]
0.0.Bm: Trace Attempt 1649	[2627.37 s]
0.0.B: Trace Attempt 1116	[318.17 s]
0.0.Bm: Trace Attempt 1650	[2633.47 s]
0.0.B: Trace Attempt 1126	[322.27 s]
0.0.B: Trace Attempt 1135	[326.57 s]
0.0.Bm: Trace Attempt 1651	[2639.03 s]
0.0.B: Trace Attempt 1146	[330.62 s]
0.0.Bm: Trace Attempt 1652	[2643.27 s]
0.0.Mp: Trace Attempt 1144	[2103.96 s]
0.0.B: Trace Attempt 1151	[335.07 s]
0.0.Bm: Trace Attempt 1654	[2649.77 s]
0.0.B: Trace Attempt 1158	[339.12 s]
0.0.Bm: Trace Attempt 1655	[2656.90 s]
0.0.B: Trace Attempt 1165	[345.10 s]
0.0.B: Trace Attempt 1177	[349.15 s]
0.0.N: Trace Attempt 397	[351.66 s]
0.0.Bm: Trace Attempt 1657	[2665.74 s]
0.0.Mp: Trace Attempt 1148	[2126.42 s]
0.0.B: Trace Attempt 1186	[353.91 s]
0.0.N: Trace Attempt 407	[356.37 s]
0.0.B: Trace Attempt 1191	[358.04 s]
0.0.Bm: Trace Attempt 1658	[2670.66 s]
0.0.N: Trace Attempt 417	[360.73 s]
0.0.B: Trace Attempt 1197	[362.13 s]
0.0.N: Trace Attempt 427	[364.83 s]
0.0.N: Trace Attempt 444	[368.92 s]
0.0.Bm: Trace Attempt 1660	[2682.45 s]
0.0.B: Trace Attempt 1203	[373.72 s]
0.0.Mp: Trace Attempt 1152	[2148.53 s]
0.0.Bm: Trace Attempt 1661	[2691.54 s]
0.0.B: Trace Attempt 1207	[380.02 s]
0.0.Bm: Trace Attempt 1662	[2695.86 s]
0.0.B: Trace Attempt 1214	[384.07 s]
0.0.Bm: Trace Attempt 1663	[2703.31 s]
0.0.B: Trace Attempt 1225	[390.96 s]
0.0.B: Trace Attempt 1229	[395.84 s]
0.0.Mp: Trace Attempt 1156	[2169.66 s]
0.0.Bm: Trace Attempt 1665	[2710.17 s]
0.0.B: Trace Attempt 1239	[401.28 s]
0.0.Bm: Trace Attempt 1666	[2716.99 s]
0.0.B: Trace Attempt 1254	[405.44 s]
0.0.B: Trace Attempt 1264	[410.93 s]
0.0.Bm: Trace Attempt 1667	[2725.99 s]
0.0.B: Trace Attempt 1271	[416.10 s]
0.0.Mp: Trace Attempt 1156	[2190.61 s]
0.0.B: Trace Attempt 1281	[420.19 s]
0.0.Bm: Trace Attempt 1668	[2735.43 s]
0.0.B: Trace Attempt 1284	[426.65 s]
0.0.B: Trace Attempt 1295	[431.51 s]
0.0.Bm: Trace Attempt 1670	[2745.14 s]
0.0.B: Trace Attempt 1302	[435.72 s]
0.0.Bm: Trace Attempt 1671	[2750.14 s]
0.0.B: Trace Attempt 1306	[440.04 s]
0.0.Bm: Trace Attempt 1672	[2756.00 s]
0.0.B: Trace Attempt 1311	[445.17 s]
0.0.Mp: Trace Attempt 1164	[2217.73 s]
0.0.B: Trace Attempt 1315	[449.48 s]
0.0.Bm: Trace Attempt 1673	[2762.04 s]
0.0.N: Trace Attempt 497	[454.84 s]
0.0.B: Trace Attempt 1320	[456.91 s]
0.0.Bm: Trace Attempt 1675	[2770.09 s]
0.0.N: Trace Attempt 505	[459.33 s]
0.0.B: Trace Attempt 1324	[460.95 s]
0.0.Bm: Trace Attempt 1676	[2774.35 s]
0.0.N: Trace Attempt 513	[463.79 s]
0.0.B: Trace Attempt 1330	[465.69 s]
0.0.Bm: Trace Attempt 1677	[2780.04 s]
0.0.N: Trace Attempt 523	[468.38 s]
0.0.B: Trace Attempt 1336	[470.40 s]
0.0.Mp: Trace Attempt 1172	[2244.21 s]
0.0.N: Trace Attempt 535	[473.03 s]
0.0.Bm: Trace Attempt 1678	[2786.80 s]
0.0.B: Trace Attempt 1343	[474.54 s]
0.0.N: Trace Attempt 547	[477.06 s]
0.0.B: Trace Attempt 1347	[479.20 s]
0.0.Bm: Trace Attempt 1679	[2794.13 s]
0.0.B: Trace Attempt 1352	[484.13 s]
0.0.B: Trace Attempt 1362	[488.27 s]
0.0.Bm: Trace Attempt 1681	[2803.14 s]
0.0.B: Trace Attempt 1369	[492.74 s]
0.0.B: Trace Attempt 1374	[497.36 s]
0.0.Mp: Trace Attempt 1179	[2269.93 s]
0.0.Bm: Trace Attempt 1682	[2811.20 s]
0.0.Mp: Trace Attempt 1184	[2274.88 s]
0.0.B: Trace Attempt 1380	[502.52 s]
0.0.Bm: Trace Attempt 1683	[2817.57 s]
0.0.B: Trace Attempt 1395	[506.68 s]
0.0.Bm: Trace Attempt 1684	[2822.85 s]
0.0.B: Trace Attempt 1405	[510.91 s]
0.0.B: Trace Attempt 1409	[517.81 s]
0.0.Bm: Trace Attempt 1686	[2830.78 s]
0.0.Mp: Trace Attempt 1188	[2295.35 s]
0.0.B: Trace Attempt 1421	[523.08 s]
0.0.Bm: Trace Attempt 1687	[2836.32 s]
0.0.Mp: Trace Attempt 1182	[2299.40 s]
0.0.B: Trace Attempt 1427	[527.13 s]
0.0.Bm: Trace Attempt 1688	[2842.43 s]
0.0.B: Trace Attempt 1438	[532.25 s]
0.0.Bm: Trace Attempt 1689	[2848.45 s]
0.0.B: Trace Attempt 1442	[536.45 s]
0.0.B: Trace Attempt 1452	[541.55 s]
0.0.Bm: Trace Attempt 1690	[2857.32 s]
0.0.B: Trace Attempt 1457	[545.65 s]
0.0.Mp: Trace Attempt 1196	[2319.97 s]
0.0.B: Trace Attempt 1464	[552.07 s]
0.0.Bm: Trace Attempt 1691	[2864.98 s]
0.0.B: Trace Attempt 1466	[556.77 s]
0.0.Bm: Trace Attempt 1692	[2869.74 s]
0.0.B: Trace Attempt 1467	[561.26 s]
0.0.Bm: Trace Attempt 1693	[2874.48 s]
0.0.B: Trace Attempt 1474	[566.23 s]
0.0.Bm: Trace Attempt 1694	[2879.94 s]
0.0.Mp: Trace Attempt 1204	[2340.92 s]
0.0.B: Trace Attempt 1480	[570.76 s]
0.0.N: Trace Attempt 582	[572.77 s]
0.0.Bm: Trace Attempt 1695	[2887.39 s]
0.0.B: Trace Attempt 1484	[575.56 s]
0.0.N: Trace Attempt 590	[577.59 s]
0.0.Bm: Trace Attempt 1696	[2892.06 s]
0.0.B: Trace Attempt 1487	[580.30 s]
0.0.N: Trace Attempt 600	[582.12 s]
0.0.B: Trace Attempt 1492	[585.66 s]
0.0.N: Trace Attempt 610	[586.69 s]
0.0.Bm: Trace Attempt 1697	[2901.79 s]
0.0.Mp: Trace Attempt 1212	[2362.44 s]
0.0.B: Trace Attempt 1495	[590.11 s]
0.0.N: Trace Attempt 621	[590.97 s]
0.0.B: Trace Attempt 1500	[594.47 s]
0.0.Bm: Trace Attempt 1698	[2906.89 s]
0.0.N: Trace Attempt 635	[594.98 s]
0.0.B: Trace Attempt 1502	[598.86 s]
0.0.Bm: Trace Attempt 1699	[2911.43 s]
0.0.B: Trace Attempt 1509	[603.08 s]
0.0.Bm: Trace Attempt 1700	[2915.75 s]
0.0.B: Trace Attempt 1516	[607.77 s]
0.0.Bm: Trace Attempt 1702	[2922.93 s]
0.0.Mp: Trace Attempt 1220	[2383.70 s]
0.0.B: Trace Attempt 1521	[612.69 s]
0.0.B: Trace Attempt 1522	[616.78 s]
0.0.Bm: Trace Attempt 1704	[2930.83 s]
0.0.B: Trace Attempt 1526	[621.95 s]
0.0.B: Trace Attempt 1531	[625.96 s]
0.0.B: Trace Attempt 1539	[630.50 s]
0.0.Mp: Trace Attempt 1228	[2404.78 s]
0.0.Bm: Trace Attempt 1705	[2945.34 s]
0.0.B: Trace Attempt 1542	[634.52 s]
0.0.Bm: Trace Attempt 1706	[2949.40 s]
0.0.B: Trace Attempt 1544	[639.38 s]
0.0.Bm: Trace Attempt 1707	[2953.97 s]
0.0.B: Trace Attempt 1547	[643.78 s]
0.0.B: Trace Attempt 1550	[648.84 s]
0.0.Bm: Trace Attempt 1708	[2962.99 s]
0.0.Mp: Trace Attempt 1236	[2426.89 s]
0.0.B: Trace Attempt 1553	[655.68 s]
0.0.Bm: Trace Attempt 1709	[2968.76 s]
0.0.B: Trace Attempt 1559	[659.87 s]
0.0.Bm: Trace Attempt 1710	[2976.19 s]
0.0.B: Trace Attempt 1563	[664.27 s]
0.0.B: Trace Attempt 1566	[668.93 s]
0.0.Bm: Trace Attempt 1711	[2981.88 s]
0.0.Bm: Trace Attempt 1712	[2986.40 s]
0.0.B: Trace Attempt 1570	[674.66 s]
0.0.Mp: Trace Attempt 1244	[2448.86 s]
0.0.B: Trace Attempt 1573	[679.04 s]
0.0.B: Trace Attempt 1576	[684.04 s]
0.0.Bm: Trace Attempt 1713	[2997.42 s]
0.0.B: Trace Attempt 1579	[688.21 s]
0.0.Bm: Trace Attempt 1714	[3002.05 s]
0.0.B: Trace Attempt 1581	[693.53 s]
0.0.N: Trace Attempt 684	[694.32 s]
0.0.Bm: Trace Attempt 1715	[3007.43 s]
0.0.Mp: Trace Attempt 1252	[2470.50 s]
0.0.N: Trace Attempt 694	[698.76 s]
0.0.B: Trace Attempt 1590	[699.34 s]
0.0.Bm: Trace Attempt 1716	[3015.28 s]
0.0.N: Trace Attempt 704	[703.27 s]
0.0.B: Trace Attempt 1593	[705.37 s]
0.0.N: Trace Attempt 716	[707.62 s]
0.0.Bm: Trace Attempt 1717	[3021.09 s]
0.0.B: Trace Attempt 1596	[709.76 s]
0.0.N: Trace Attempt 732	[711.71 s]
0.0.Bm: Trace Attempt 1719	[3026.10 s]
0.0.B: Trace Attempt 1598	[714.51 s]
0.0.Mp: Trace Attempt 1260	[2488.31 s]
0.0.Bm: Trace Attempt 1720	[3030.27 s]
0.0.B: Trace Attempt 1602	[718.99 s]
0.0.B: Trace Attempt 1606	[723.57 s]
0.0.Bm: Trace Attempt 1721	[3039.05 s]
0.0.B: Trace Attempt 1610	[728.83 s]
0.0.Bm: Trace Attempt 1722	[3044.40 s]
0.0.Mp: Trace Attempt 1268	[2506.19 s]
0.0.B: Trace Attempt 1614	[733.99 s]
0.0.Bm: Trace Attempt 1724	[3051.23 s]
0.0.Mp: Trace Attempt 1273	[2511.89 s]
0.0.B: Trace Attempt 1617	[741.46 s]
0.0.B: Trace Attempt 1621	[745.57 s]
0.0.Bm: Trace Attempt 1726	[3059.62 s]
0.0.B: Trace Attempt 1626	[751.43 s]
0.0.Bm: Trace Attempt 1727	[3066.77 s]
0.0.Mp: Trace Attempt 1276	[2527.57 s]
0.0.B: Trace Attempt 1629	[756.62 s]
0.0.B: Trace Attempt 1631	[760.73 s]
0.0.Mp: Trace Attempt 1273	[2533.51 s]
0.0.Bm: Trace Attempt 1728	[3074.32 s]
0.0.B: Trace Attempt 1635	[765.93 s]
0.0.Bm: Trace Attempt 1729	[3079.82 s]
0.0.B: Trace Attempt 1637	[770.07 s]
0.0.Bm: Trace Attempt 1730	[3084.47 s]
0.0.B: Trace Attempt 1640	[775.93 s]
0.0.Mp: Trace Attempt 1284	[2550.11 s]
0.0.B: Trace Attempt 1642	[785.08 s]
0.0.Bm: Trace Attempt 1731	[3097.89 s]
0.0.B: Trace Attempt 1645	[791.30 s]
0.0.Bm: Trace Attempt 1732	[3104.19 s]
0.0.B: Trace Attempt 1647	[797.26 s]
0.0.Mp: Trace Attempt 1292	[2569.82 s]
0.0.Bm: Trace Attempt 1733	[3113.51 s]
0.0.B: Trace Attempt 1651	[801.57 s]
0.0.Bm: Trace Attempt 1734	[3120.13 s]
0.0.B: Trace Attempt 1655	[810.49 s]
0.0.B: Trace Attempt 1657	[814.98 s]
0.0.Mp: Trace Attempt 1300	[2588.97 s]
0.0.Bm: Trace Attempt 1735	[3129.74 s]
0.0.B: Trace Attempt 1661	[819.23 s]
0.0.Bm: Trace Attempt 1736	[3135.16 s]
0.0.B: Trace Attempt 1672	[823.55 s]
0.0.N: Trace Attempt 751	[828.66 s]
0.0.B: Trace Attempt 1678	[828.55 s]
0.0.Bm: Trace Attempt 1737	[3143.59 s]
0.0.B: Trace Attempt 1680	[833.30 s]
0.0.N: Trace Attempt 759	[833.79 s]
0.0.Mp: Trace Attempt 1308	[2607.94 s]
0.0.N: Trace Attempt 767	[838.83 s]
0.0.B: Trace Attempt 1690	[838.65 s]
0.0.Bm: Trace Attempt 1739	[3151.51 s]
0.0.N: Trace Attempt 775	[842.94 s]
0.0.B: Trace Attempt 1696	[842.86 s]
0.0.Bm: Trace Attempt 1740	[3157.88 s]
0.0.N: Trace Attempt 783	[847.10 s]
0.0.Mp: Trace Attempt 1316	[2622.53 s]
0.0.Bm: Trace Attempt 1741	[3162.70 s]
0.0.N: Trace Attempt 793	[851.39 s]
0.0.B: Trace Attempt 1698	[853.25 s]
0.0.N: Trace Attempt 801	[855.51 s]
0.0.B: Trace Attempt 1703	[857.96 s]
0.0.N: Trace Attempt 813	[859.73 s]
0.0.Bm: Trace Attempt 1742	[3172.89 s]
0.0.B: Trace Attempt 1708	[862.62 s]
0.0.N: Trace Attempt 832	[863.90 s]
0.0.Mp: Trace Attempt 1324	[2636.37 s]
0.0.Bm: Trace Attempt 1743	[3179.09 s]
0.0.B: Trace Attempt 1711	[867.43 s]
0.0.Bm: Trace Attempt 1744	[3184.86 s]
0.0.B: Trace Attempt 1716	[873.35 s]
0.0.Mp: Trace Attempt 1332	[2651.05 s]
0.0.B: Trace Attempt 1719	[878.85 s]
0.0.Bm: Trace Attempt 1745	[3192.32 s]
0.0.B: Trace Attempt 1723	[885.57 s]
0.0.Bm: Trace Attempt 1746	[3197.99 s]
0.0.Bm: Trace Attempt 1747	[3202.91 s]
0.0.B: Trace Attempt 1725	[891.93 s]
0.0.Mp: Trace Attempt 1340	[2666.05 s]
0.0.Bm: Trace Attempt 1749	[3208.85 s]
0.0.Mp: Trace Attempt 1343	[2670.16 s]
0.0.B: Trace Attempt 1727	[898.62 s]
0.0.Bm: Trace Attempt 1750	[3215.21 s]
0.0.B: Trace Attempt 1730	[903.35 s]
0.0.B: Trace Attempt 1733	[907.75 s]
0.0.Bm: Trace Attempt 1751	[3221.59 s]
0.0.Mp: Trace Attempt 1348	[2685.53 s]
0.0.Bm: Trace Attempt 1752	[3225.67 s]
0.0.B: Trace Attempt 1735	[913.37 s]
0.0.Bm: Trace Attempt 1753	[3229.82 s]
0.0.B: Trace Attempt 1739	[917.54 s]
0.0.Mp: Trace Attempt 1352	[2691.50 s]
0.0.B: Trace Attempt 1744	[922.81 s]
0.0.Bm: Trace Attempt 1754	[3236.61 s]
0.0.N: Trace Attempt 850	[925.11 s]
0.0.B: Trace Attempt 1748	[926.95 s]
0.0.Bm: Trace Attempt 1755	[3241.12 s]
0.0.N: Trace Attempt 860	[929.57 s]
0.0.B: Trace Attempt 1752	[931.36 s]
0.0.Mp: Trace Attempt 1356	[2704.14 s]
0.0.N: Trace Attempt 868	[933.76 s]
0.0.Bm: Trace Attempt 1756	[3247.88 s]
0.0.B: Trace Attempt 1756	[935.71 s]
0.0.N: Trace Attempt 876	[938.41 s]
0.0.B: Trace Attempt 1760	[939.73 s]
0.0.Bm: Trace Attempt 1757	[3255.13 s]
0.0.N: Trace Attempt 886	[943.32 s]
0.0.B: Trace Attempt 1763	[944.69 s]
0.0.Mp: Trace Attempt 1364	[2717.33 s]
0.0.N: Trace Attempt 899	[947.39 s]
0.0.Bm: Trace Attempt 1758	[3262.38 s]
0.0.B: Trace Attempt 1768	[950.36 s]
0.0.N: Trace Attempt 907	[953.76 s]
0.0.B: Trace Attempt 1771	[954.79 s]
0.0.Bm: Trace Attempt 1760	[3269.18 s]
0.0.Mp: Trace Attempt 1372	[2730.67 s]
0.0.B: Trace Attempt 1776	[960.25 s]
0.0.N: Trace Attempt 908	[963.38 s]
0.0.B: Trace Attempt 1778	[964.50 s]
0.0.Bm: Trace Attempt 1762	[3277.01 s]
0.0.B: Trace Attempt 1782	[969.28 s]
0.0.Mp: Trace Attempt 1380	[2744.44 s]
0.0.B: Trace Attempt 1786	[973.68 s]
0.0.Bm: Trace Attempt 1763	[3288.68 s]
0.0.N: Trace Attempt 909	[977.98 s]
0.0.B: Trace Attempt 1789	[977.93 s]
0.0.N: Trace Attempt 911	[982.74 s]
0.0.B: Trace Attempt 1793	[982.84 s]
0.0.Bm: Trace Attempt 1764	[3296.38 s]
0.0.Mp: Trace Attempt 1388	[2757.84 s]
0.0.B: Trace Attempt 1797	[988.64 s]
0.0.Mp: Trace Attempt 1395	[2762.11 s]
0.0.N: Trace Attempt 926	[990.33 s]
0.0.Bm: Trace Attempt 1765	[3302.53 s]
0.0.B: Trace Attempt 1799	[997.49 s]
0.0.Mp: Trace Attempt 1396	[2771.67 s]
0.0.B: Per property time limit expired (1000.00 s) [1000.21 s]
0.0.B: Stopped processing property "VGA1Interface.sva._cover_34"	[1000.21 s].
0.0.B: Starting proof for property "VGA1Interface.sva._assert_8"	[0.00 s].
0.0.B: Trace Attempt  1	[0.01 s]
0.0.B: Trace Attempt  2	[0.01 s]
0.0.B: Trace Attempt  3	[0.01 s]
0.0.B: Trace Attempt  4	[0.01 s]
0.0.B: Trace Attempt  5	[0.01 s]
0.0.N: Per property time limit expired (1000.00 s) [1000.59 s]
0.0.N: Stopped processing property "VGA1Interface.sva._cover_34"	[1000.59 s].
0.0.N: Starting proof for property "VGA1Interface.sva._assert_8"	[0.00 s].
0.0.B: Stopped processing property "VGA1Interface.sva._assert_8"	[1.08 s].
0.0.B: Morphing to AMcustom2
0.0.B: Trace Attempt 342	[1.02 s]
0.0.B: All properties determined. [0.00 s]
0.0.B: Exited with Success (@ 0.00 s)
0.0.AMcustom2: clocks: 1, declared: 1, disabling: 0, posedge: 1, negedge: 0, noedge: 0, bothedge: 0
0.0.AMcustom2: Starting proof for property "VGA1Interface.sva._cover_34"	[0.00 s].
0.0.AMcustom2: Trace Attempt  1	[0.00 s]
0.0.AMcustom2: Trace Attempt  2	[0.00 s]
0.0.AMcustom2: Trace Attempt  3	[0.00 s]
0.0.AMcustom2: Trace Attempt  4	[0.00 s]
0.0.AMcustom2: Trace Attempt  5	[0.00 s]
0.0.N: Stopped processing property "VGA1Interface.sva._assert_8"	[1.04 s].
0.0.N: Starting proof for property "VGA1Interface.sva._cover_34"	[0.00 s].
0.0.Bm: Trace Attempt 1767	[3313.83 s]
0.0.Mp: Trace Attempt 1402	[2775.74 s]
0.0.AMcustom2: Trace Attempt  1	[2.49 s]
0.0.AMcustom2: Trace Attempt  2	[2.49 s]
0.0.AMcustom2: Trace Attempt  3	[2.49 s]
0.0.AMcustom2: Trace Attempt  5	[2.49 s]
0.0.AMcustom2: Trace Attempt  1	[2.76 s]
0.0.AMcustom2: Trace Attempt  2	[2.76 s]
0.0.AMcustom2: Trace Attempt  3	[2.77 s]
0.0.AMcustom2: Trace Attempt  5	[2.77 s]
0.0.AMcustom2: Trace Attempt  1	[3.54 s]
0.0.AMcustom2: Trace Attempt  2	[3.54 s]
0.0.AMcustom2: Trace Attempt  3	[3.54 s]
0.0.AMcustom2: Trace Attempt  5	[3.54 s]
0.0.AMcustom2: Trace Attempt  1	[4.87 s]
0.0.AMcustom2: Trace Attempt  2	[4.87 s]
0.0.AMcustom2: Trace Attempt  3	[4.87 s]
0.0.AMcustom2: Trace Attempt  5	[4.87 s]
0.0.AMcustom2: Trace Attempt 83	[8.96 s]
0.0.Bm: Trace Attempt 1768	[3323.03 s]
0.0.Mp: Trace Attempt 1404	[2785.39 s]
0.0.AMcustom2: Trace Attempt 157	[12.99 s]
0.0.Bm: Trace Attempt 1769	[3327.45 s]
0.0.Mp: Trace Attempt 1405	[2789.43 s]
0.0.AMcustom2: Trace Attempt 215	[17.13 s]
0.0.Bm: Trace Attempt 1771	[3333.71 s]
0.0.Mp: Trace Attempt 1405	[2794.08 s]
0.0.AMcustom2: Trace Attempt 261	[21.18 s]
0.0.AMcustom2: Trace Attempt 295	[25.42 s]
0.0.Bm: Trace Attempt 1772	[3340.26 s]
0.0.AMcustom2: Trace Attempt 326	[29.44 s]
0.0.Mp: Trace Attempt 1412	[2804.47 s]
0.0.Bm: Trace Attempt 1773	[3346.82 s]
0.0.AMcustom2: Trace Attempt 347	[33.55 s]
0.0.Mp: Trace Attempt 1417	[2808.57 s]
0.0.AMcustom2: Trace Attempt 371	[38.08 s]
0.0.Bm: Trace Attempt 1774	[3355.49 s]
0.0.AMcustom2: Trace Attempt 391	[42.10 s]
0.0.Mp: Trace Attempt 1420	[2818.16 s]
INFO (IPF144): 0: Initiating shutdown of proof [3600.11 s]
0.0.N: Stopped processing property "VGA1Interface.sva._cover_34"	[45.22 s].
0.0.N: Trace Attempt 97	[0.06 s]
0.0.N: Time limit expired (3600.00 s) [45.22 s]
0.0.AMcustom2: Stopped processing property "VGA1Interface.sva._cover_34"	[45.29 s].
0.0.AMcustom2: Trace Attempt 406	[44.66 s]
0.0.AMcustom2: Time limit expired (3600.00 s) [45.29 s]
0.0.AMcustom2: Exited with Success (@ 3600.53 s)
0.0.N: Exited with Success (@ 3600.58 s)
0.0.Bm: Time limit expired (3600.00 s) [3359.34 s]
0: ProofGrid usable level: 1
0.0.Bm: Sending SIGKILL
0.0.Mp: Sending SIGKILL
0.0.Bm: Exited with Success (@ 3602.60 s)
0.0.Mp: Trace Attempt 1423	[2818.53 s]
0.0.Mp: Terminated by signal SIGKILL (@ 3602.60 s)
0: ProofGrid usable level: 0
0: --------------------------------------------------------------
ProofGrid Summary (utilization 100.00 %)
--------------------------------------------------------------
     engines started                               :    15
     engine jobs started                           :     4

    Average time in state (seconds)
    ------------------------------------------------------
    Engine  Pending     Running        Dead    Utilization
    ------------------------------------------------------
      N        0.11     3599.17        0.00      100.00 %
     Bm        0.07     3600.58        0.00      100.00 %
     Mp        0.11     3602.01        0.00      100.00 %
    AMcustom2        0.07     3599.86        0.00      100.00 %
    all        0.09     3600.40        0.00      100.00 %

    Total time in state (seconds)
    -----------------------------------------
            Pending     Running        Dead  
    -----------------------------------------
               0.36    14401.62        0.00

    Data read    : 8.11 MiB
    Data written : 5.72 MiB

0: All pending notifications were processed.
----------------------------------------
| INFO (ICD005): 0: The proof thread was terminated because of a time_limit expiration.
|     The current limit is 3600 seconds.
|     Modify it with the "-time_limit" switch or "set_prove_time_limit" command.
----------------------------------------
INFO (IPF059): Completed proof on task: "<embedded>" for proof thread 0

==============================================================
SUMMARY
==============================================================
           Properties Considered              : 78
                 assertions                   : 33
                  - proven                    : 5 (15.1515%)
                  - bounded_proven (user)     : 0 (0%)
                  - bounded_proven (auto)     : 0 (0%)
                  - marked_proven             : 0 (0%)
                  - cex                       : 27 (81.8182%)
                  - ar_cex                    : 0 (0%)
                  - undetermined              : 1 (3.0303%)
                  - unknown                   : 0 (0%)
                  - error                     : 0 (0%)
                 covers                       : 45
                  - unreachable               : 0 (0%)
                  - bounded_unreachable (user): 0 (0%)
                  - covered                   : 44 (97.7778%)
                  - ar_covered                : 0 (0%)
                  - undetermined              : 1 (2.22222%)
                  - unknown                   : 0 (0%)
                  - error                     : 0 (0%)
[<embedded>] % 
[<embedded>] % # ---- Covers (best effort) ----
[<embedded>] % catch { cover -all }
1
[<embedded>] % 
[<embedded>] % # ---- Write summary ----
[<embedded>] % set fp [open $SUMMARY_TXT "w"]
file43
[<embedded>] % puts $fp "DESIGN_ID=$DESIGN_ID"
[<embedded>] % puts $fp "TOP=$TOP"
[<embedded>] % puts $fp "ASSERT_COUNT=[llength $ASSERTS]"
[<embedded>] % puts $fp "COVER_COUNT=[llength $COVERS]"
[<embedded>] % puts $fp "PROP_LIST=$PROP_LIST_TXT"
[<embedded>] % close $fp
[<embedded>] % 
[<embedded>] % puts "\n✅ DONE: Proof run completed (check Jasper property table / log for PROVED/FAILED)"

✅ DONE: Proof run completed (check Jasper property table / log for PROVED/FAILED)
[<embedded>] % puts "INFO: Wrote $SUMMARY_TXT"
INFO: Wrote verification_results/01639/summary.txt
[<embedded>] % puts "INFO: Wrote $PROP_LIST_TXT"
INFO: Wrote verification_results/01639/property_list.txt
[<embedded>] % exit 0
INFO (IPL005): Received request to exit from the console.
INFO (IPL014): Waiting for the Tcl-thread to exit.
INFO: Waiting for proof threads to stop...
INFO: Proof threads stopped.
INFO (IPL018): The peak resident set memory use for this session was 14.654 GB.
INFO (IPL015): The Tcl-thread exited with status 0.
INFO (IPL016): Exiting the analysis session with status 0.
