JasperGold Apps 2021.03 FCS 64 bits 2021.03.23 02:50:43 UTC

Any disclosure about the Cadence Design Systems software or its use
model to any third party violates the written Non-Disclosure Agreement
between Cadence Design Systems, Inc. and the customer.

THIS SOFTWARE CONTAINS CONFIDENTIAL INFORMATION AND TRADE SECRETS OF
CADENCE DESIGN SYSTEMS, INC. USE, DISCLOSURE, OR REPRODUCTION IS
PROHIBITED WITHOUT THE PRIOR EXPRESS WRITTEN PERMISSION OF CADENCE
DESIGN SYSTEMS, INC.

Copyright (C) 2000-2021 Cadence Design Systems, Inc. All Rights
Reserved.  Unpublished -- rights reserved under the copyright laws of
the United States.

This product includes software developed by others and redistributed
according to license agreement. See doc/third_party_readme.txt for
further details.

RESTRICTED RIGHTS LEGEND

Use, duplication, or disclosure by the Government is subject to
restrictions as set forth in subparagraph (c) (1) (ii) of the Rights in
Technical Data and Computer Software clause at DFARS 252.227-7013 or
subparagraphs (c) (1) and (2) of Commercial Computer Software -- Restricted
Rights at 48 CFR 52.227-19, as applicable.


                          Cadence Design Systems, Inc. 
                          2655 Seely Avenue
                          San Jose, CA 95134
                          Phone: 408.943.1234

For technical assistance visit http://support.cadence.com.

JasperGold Apps Analysis Session - /home/ab2113/malik25_26/metrex/dataset/version_1/verification_results/00820/jgproject/sessionLogs/session_0

INFO: successfully checked out license "jasper_fao".
INFO: reading configuration file "/home/ab2113/.config/jasper/jaspergold.conf".
% # ============================================================
% # JasperGold Assertion Verification Runner (env-driven)
% # Output: verification_results/<DESIGN_ID>/
% #
% # Env:
% #   DESIGN_ID     : required (subfolder name)
% #   JG_DESIGN     : required, space/colon-separated RTL file paths OR a directory
% #   JG_SVA        : required, space/colon-separated SVA file paths OR a directory
% #
% # Optional:
% #   JG_TOP        : top module name. If missing, inferred from RTL (default: infer)
% #   JG_STD        : sv12 | sv11 | sv09 (default: sv12)
% #   JG_INCDIRS    : colon/space-separated include dirs (optional)
% #   JG_DEFINES    : space-separated defines NAME or NAME=VAL (optional)
% #   JG_NO_CLOCK   : 1 to force combinational clocking (default: 0)
% #   JG_RESET      : explicit reset signal name (optional)
% #   JG_RESET_EXPR : explicit reset expression (optional)
% # ============================================================
% 
% proc split_env_list {s} {
  if {$s eq ""} {return {}}
  set out {}
  foreach p [split $s " :"] { if {$p ne ""} {lappend out $p} }
  return $out
}
% 
% proc split_space_list {s} {
  if {$s eq ""} {return {}}
  set out {}
  foreach p [split $s " "] { if {$p ne ""} {lappend out $p} }
  return $out
}
% 
% proc collect_files_any {path} {
  # If path is a file, return it. If directory, glob common HDL extensions.
  if {[file isfile $path]} { return [list $path] }
  if {![file isdirectory $path]} { error "Not a file or directory: $path" }

  set patterns {*.sv *.svh *.v *.vh}
  set flist {}
  foreach p $patterns {
    foreach f [glob -nocomplain -types f -directory $path -tails -- $p] {
      lappend flist [file join $path $f]
    }
  }
  if {[llength $flist] == 0} { error "No HDL files found in directory: $path" }
  return $flist
}
% 
% proc read_file_text {path} {
  set fp [open $path "r"]
  set data [read $fp]
  close $fp
  return $data
}
% 
% proc strip_comments {text} {
  set out $text
  regsub -all {(?s)/\*.*?\*/} $out "" out
  regsub -all {(?m)//.*$} $out "" out
  return $out
}
% 
% proc infer_top_from_file {f} {
  if {![file isfile $f]} { return "" }
  set txt [strip_comments [read_file_text $f]]
  if {[regexp -nocase -line {^\s*module\s+([A-Za-z_][A-Za-z0-9_]*)} $txt -> m]} {
    return $m
  }
  return ""
}
% 
% proc find_reset_signal {top files} {
  set top_l [string tolower $top]
  set keywords {input output inout wire reg logic signed unsigned integer parameter localparam bit tri supply0 supply1 tri0 tri1 wand wor}
  foreach f $files {
    if {![file isfile $f]} { continue }
    set txt [strip_comments [read_file_text $f]]
    set re "(?s)\\mmodule\\s+${top_l}\\M\\s*(#\\s*\\(.*?\\)\\s*)?\\((.*?)\\)\\s*;"
    if {[regexp -nocase -- $re $txt -> _port_params portlist]} {
      set tokens [regexp -all -inline {\m[A-Za-z_][A-Za-z0-9_]*\M} $portlist]
      set names {}
      foreach t $tokens {
        set tl [string tolower $t]
        if {[lsearch -exact $keywords $tl] >= 0} { continue }
        lappend names $t
      }
      if {[llength $names] == 0} { continue }
      set lower_map [dict create]
      foreach n $names { dict set lower_map [string tolower $n] $n }
      set exact_priority {reset_n rst_n resetb rstb resetn rstn areset_n arst_n reset rst areset arst}
      foreach p $exact_priority {
        if {[dict exists $lower_map $p]} { return [dict get $lower_map $p] }
      }
      foreach n $names {
        set ln [string tolower $n]
        if {[regexp {(^|_)reset(_|$)} $ln] || [regexp {(^|_)rst(_|$)} $ln]} {
          return $n
        }
      }
    }
  }
  return ""
}
% 
% # ---- Read config from environment ----
% if {![info exists ::env(DESIGN_ID)] || $::env(DESIGN_ID) eq ""} {
  puts "ERROR: DESIGN_ID not set."
  exit 2
}
% if {![info exists ::env(JG_DESIGN)] || $::env(JG_DESIGN) eq ""} {
  puts "ERROR: JG_DESIGN not set."
  exit 2
}
% if {![info exists ::env(JG_SVA)] || $::env(JG_SVA) eq ""} {
  puts "ERROR: JG_SVA not set."
  exit 2
}
% 
% set DESIGN_ID $::env(DESIGN_ID)
00820
% 
% # JG_TOP is optional: if missing, infer from RTL
% set TOP ""
% if {[info exists ::env(JG_TOP)] && $::env(JG_TOP) ne ""} {
  set TOP $::env(JG_TOP)
}
% 
% set STD      [expr {[info exists ::env(JG_STD)] ? $::env(JG_STD) : "sv12"}]
sv12
% set INCDIRS  [expr {[info exists ::env(JG_INCDIRS)] ? [split_env_list $::env(JG_INCDIRS)] : {}}]
% # Defines should be space-separated (do NOT split on ':')
% set DEFINES  [expr {[info exists ::env(JG_DEFINES)] ? [split_space_list $::env(JG_DEFINES)] : {}}]
% set NO_CLOCK [expr {[info exists ::env(JG_NO_CLOCK)] ? $::env(JG_NO_CLOCK) : 0}]
1
% 
% # JG_DESIGN/JG_SVA can be:
% # - a directory
% # - a single file
% # - a list of files/dirs separated by spaces/colons
% set DESIGN_INPUTS [split_env_list $::env(JG_DESIGN)]
./00820/module.v
% set SVA_INPUTS    [split_env_list $::env(JG_SVA)]
./00820/sva.sv
% 
% set DESIGN_FILES {}
% foreach p $DESIGN_INPUTS { set DESIGN_FILES [concat $DESIGN_FILES [collect_files_any $p]] }
% 
% # Infer TOP if not provided
% if {$TOP eq ""} {
  foreach f $DESIGN_FILES {
    set guess [infer_top_from_file $f]
    if {$guess ne ""} { set TOP $guess; break }
  }
  if {$TOP eq ""} {
    puts "ERROR: Could not infer TOP from design files; set JG_TOP explicitly."
    exit 2
  }
}
% puts "INFO: Using TOP = $TOP"
INFO: Using TOP = DeBouncer
% 
% set SVA_FILES {}
% foreach p $SVA_INPUTS { set SVA_FILES [concat $SVA_FILES [collect_files_any $p]] }
% 
% # ---- Output dir ----
% set OUT_DIR [file join "verification_results" $DESIGN_ID]
verification_results/00820
% file mkdir $OUT_DIR
% set PROP_LIST_TXT [file join $OUT_DIR "property_list.txt"]
verification_results/00820/property_list.txt
% set SUMMARY_TXT   [file join $OUT_DIR "summary.txt"]
verification_results/00820/summary.txt
% 
% puts "INFO: Verification run starting"
INFO: Verification run starting
% puts "  DESIGN_ID : $DESIGN_ID"
  DESIGN_ID : 00820
% puts "  TOP       : $TOP"
  TOP       : DeBouncer
% puts "  STD       : $STD"
  STD       : sv12
% puts "  INCDIRS   : $INCDIRS"
  INCDIRS   : 
% puts "  DEFINES   : $DEFINES"
  DEFINES   : 
% puts "  NO_CLOCK  : $NO_CLOCK"
  NO_CLOCK  : 1
% puts "  N_DESIGN  : [llength $DESIGN_FILES]"
  N_DESIGN  : 1
% puts "  N_SVA     : [llength $SVA_FILES]"
  N_SVA     : 1
% puts "  OUT_DIR   : $OUT_DIR"
  OUT_DIR   : verification_results/00820
% 
% # Optional: promote common message groups to errors (best-effort)
% if {[llength [info commands set_msg_config]]} {
  set_msg_config -id COMP*  -severity error
  set_msg_config -id PARSE* -severity error
  set_msg_config -id ELAB*  -severity error
}
% 
% # ---- Build analyze options ----
% set analyze_opts [list analyze -$STD]
analyze -sv12
% if {[llength $INCDIRS] > 0} { lappend analyze_opts -incdir $INCDIRS }
% if {[llength $DEFINES] > 0} {
  foreach d $DEFINES { lappend analyze_opts -define $d }
}
% 
% # ---- Analyze + Elaborate ----
% set err 0
0
% puts "DEBUG: DESIGN_FILES = $DESIGN_FILES"
DEBUG: DESIGN_FILES = ./00820/module.v
% puts "DEBUG: SVA_FILES    = $SVA_FILES"
DEBUG: SVA_FILES    = ./00820/sva.sv
% 
% if {[catch {eval $analyze_opts $DESIGN_FILES} msg]} {
  puts "ERROR: analyze design failed:\n$msg"
  set err 1
}
[-- (VERI-1482)] Analyzing Verilog file '/scratch/gpfs/LICENSED/x86_64/cadence-20210126/jasper_2021.03/lib/verilog/packages/std/std.sv' into library 'std'
[-- (VERI-1482)] Analyzing Verilog file './00820/module.v'
% if {!$err && [catch {eval $analyze_opts $SVA_FILES} msg2]} {
  puts "ERROR: analyze SVA failed:\n$msg2"
  set err 1
}
[-- (VERI-1482)] Analyzing Verilog file './00820/sva.sv'
% 
% puts "DEBUG: Elaborating TOP='$TOP'"
DEBUG: Elaborating TOP='DeBouncer'
% if {!$err && [catch {elaborate -top $TOP} emsg]} {
  puts "ERROR: elaborate failed:\n$emsg"
  set err 1
}
INFO (ISW003): Top module name is "DeBouncer".
[INFO (HIER-8002)] ./00820/module.v(36): Disabling old hierarchical reference handler
[INFO (VERI-1018)] ./00820/sva.sv(5): compiling module 'DeBouncer_sva'
[WARN (VERI-1796)] ./00820/sva.sv(68): system function call isunknown with non-constant argument is not synthesizable
[INFO (VERI-1018)] ./00820/module.v(1): compiling module 'DeBouncer'
[WARN (VERI-1209)] ./00820/module.v(12): expression size 32 truncated to fit in target size 23
INFO (INL208): Elaboration synthesis summary:
  Number of synthesized netlists          3 (1 packages)
  Single run mode                         On
  Pipeline                                On (2 pipelined netlists)
  Late hierarchical reference connection  On
  Number of analyzed Verilog modules      3 (3 synthesized)
  Number of analyzed VHDL entities        0 (0 synthesized)
INFO (INL003): Clearing all state information (assumes, stopats, and so forth).
[<embedded>] % 
[<embedded>] % # If combinational / event-driven, you can force "no clock"
[<embedded>] % if {!$err && $NO_CLOCK} {
  catch { clock -none }
}
INFO (ICK008): Enabling clock-free environment.
0
[<embedded>] % 
[<embedded>] % if {$err} {
  puts "\n❌ FAILED: compile/elab errors"
  exit 1
}
[<embedded>] % 
[<embedded>] % # ---- Reset -----
[<embedded>] % set RESET_SIG ""
[<embedded>] % set RESET_EXPR ""
[<embedded>] % if {[info exists ::env(JG_RESET_EXPR)] && $::env(JG_RESET_EXPR) ne ""} {
  set RESET_EXPR $::env(JG_RESET_EXPR)
} elseif {[info exists ::env(JG_RESET)] && $::env(JG_RESET) ne ""} {
  set RESET_SIG $::env(JG_RESET)
} else {
  set RESET_SIG [find_reset_signal $TOP $DESIGN_FILES]
}
n_reset
[<embedded>] % 
[<embedded>] % if {$RESET_EXPR ne ""} {
  puts "INFO: Using reset expression: $RESET_EXPR"
  catch { reset -expression $RESET_EXPR }
} elseif {$RESET_SIG ne ""} {
  if {[regexp -nocase {(_n|_b)$} $RESET_SIG]} {
    set RESET_EXPR "!$RESET_SIG"
    puts "INFO: Using active-low reset expression: $RESET_EXPR"
    catch { reset -expression $RESET_EXPR }
  } else {
    puts "INFO: Using reset signal: $RESET_SIG"
    catch { reset $RESET_SIG }
  }
} else {
  puts "INFO: No reset signal found; using reset -none"
  catch { reset -none }
}
INFO: Using reset signal: n_reset
INFO (IPM031): Clearing proof results of all properties.
INFO (IRS006): Current reset condition is "n_reset".
0
[<embedded>] % 
[<embedded>] % # ---- Property discovery (bind sanity check) ----
[<embedded>] % set ASSERTS {}
[<embedded>] % set COVERS  {}
[<embedded>] % catch { set ASSERTS [assert -list -silent] }
0
[<embedded>] % catch { set COVERS  [cover  -list -silent] }
0
[<embedded>] % 
[<embedded>] % puts "INFO: Found [llength $ASSERTS] asserts, [llength $COVERS] covers"
INFO: Found 13 asserts, 12 covers
[<embedded>] % 
[<embedded>] % # Write property names
[<embedded>] % set fp [open $PROP_LIST_TXT "w"]
file41
[<embedded>] % puts $fp "ASSERT PROPERTIES:"
[<embedded>] % foreach a $ASSERTS { puts $fp $a }
[<embedded>] % puts $fp ""
[<embedded>] % puts $fp "COVER PROPERTIES:"
[<embedded>] % foreach c $COVERS { puts $fp $c }
[<embedded>] % close $fp
[<embedded>] % 
[<embedded>] % if {[llength $ASSERTS] == 0 && [llength $COVERS] == 0} {
  puts "\n❌ FAILED: No properties found (bind likely didn't attach, or wrong TOP)"
  exit 3
}
[<embedded>] % 
[<embedded>] % # ---- Prove all assertions ----
[<embedded>] % puts "INFO: Running prove -all"
INFO: Running prove -all
[<embedded>] % if {[catch { prove -all } pmsg]} {
  puts "ERROR: prove command failed:\n$pmsg"
  exit 4
}
Ncustom1: Custom engine code is hT3Ng7hPPfiYQOTDZ3qhYOwGAM51eA+J/FjkM5shLioAsqhgLR4Ft+O1BuKG6ilQ83B9tLXSl+CwjiTMAQA
AMcustom2: Custom engine code is hT3Ng7hP/feYQOTDZ3qhYOwGAM51eA+J/FjkM5shLioAsqhgLR4Ft+O1BuKG6ilQ83B9tLXSmmqwm7g9AQA
INFO (IPF036): Starting proof on task: "<embedded>", 25 properties to prove with 0 already proven/unreachable
INFO (IRS029): Starting reset analysis: phase 1 of 4.
INFO (IRS030): Running reset analysis: phase 2 of 4.
INFO (IRS031): Running reset analysis: phase 3 of 4.
INFO (IRS020): Starting the reset analysis simulation with a limit of 100 iterations (phase 4 of 4).
INFO (IRS024): Reset iterations 0 to 4 analyzed.
INFO (IRS018): Reset analysis simulation executed for 3 iterations. Assigned values for 0 of 26 design flops, 0 of 0 design latches, 44 of 135 internal elements.
INFO (IRS039): Reset analysis complete.
INFO (IPF031): Settings used for proof thread 0:
    orchestration                 = on (auto)
    time_limit                    = 86400s
    per_property_time_limit       = 1s * 10 ^ scan
    engine_mode                   = auto
    proofgrid_per_engine_max_jobs = 1
    max engine jobs               = auto
    proofgrid_mode                = local
    proofgrid_restarts            = 10
AMcustom3: Custom engine code is hT3NE7hP/2Fz2XrVSbG0RDiSlOmcEY54dTxWvdDsI3//MxFcPzdQEJVlimlZshtLUKCpt0qXHu9EQAivsvCTP5Pi2s9EBccXnc85FrzRRX45WcXC5XpA9kyHdIYmOxUqsRrN5ntdfkwHRnO7f82Dn4pCsne09HV19Yd/o8VzV0c8nka+2MMhbNDEdLGC4SmTi8oNy00Nn40QJnMevDlPY3jIAQA
Ncustom4: Custom engine code is hT3OXrhPByJp3TrFSTLhUmMH4KVtJgmTCnNDF46yMXOKY48m4LS5nE7yBzFjA7kDuwO/GhGUpEPiky3p3wmPn3dJZHxFMsafSoObRzSC+tn7sEY0WbTdZ/FV4hL3MYH/b1CIUvXSWR4wqEoVLsmMOD4xIPT4lI1LO6ZCO7PnnWQuLwetnvKlrXx6wCW/A+x+enqslg1YPobi4wEF/EvbzOvcTYdJvl2s4H2yZg2b2ofAVN5WvhWk1HoBAA
Ncustom5: Custom engine code is hT3NR7hPByFp3TrFSTLhUmMH4KWtJglTyV/c51BHEeZWamnJv767nE6PCak26bd3gf3XGN3rIRheufhDieCJQVISo+gNYUKhiUedBKGtsP/a18svAnlMJZudHxDFwK5ufsyoxsIyiAeSY2oi3tEuoDHr5gw42DFKAG3PqO3CEsl8Azzdt3pl5nGA1Ifv2H02eYsFzWb/nfp8PMb3F0krE/EgBcm8TD9Div8BAA
Tricustom6: Custom engine code is hT3Nu7hP3fiYQADBZnYcglNHp9bfd7EOeniIqP/ji8sGLQu8yhsFO+wxJ+O+R0bU8g/IewXFomyos+viQnWc2xYNYmMqpo3i40O7DaZR7qfp4YqNx26KRvQ/qx0BAA
0.0.PRE: A proof was found: No trace exists. [0.00 s]
INFO (IPF057): 0.0.PRE: The property "DeBouncer.debouncer_sva_i._assert_2" was proven in 0.00 s.
0.0.PRE: A proof was found: No trace exists. [0.00 s]
INFO (IPF057): 0.0.PRE: The property "DeBouncer.debouncer_sva_i._assert_3" was proven in 0.00 s.
0.0.PRE: A proof was found: No trace exists. [0.00 s]
INFO (IPF057): 0.0.PRE: The property "DeBouncer.debouncer_sva_i._assert_13" was proven in 0.00 s.
0: Found proofs for 3 properties in preprocessing
0: Using multistage preprocessing
0: Starting reduce
0: Finished reduce in 0s
0.0.PRE: A proof was found: No trace exists. [0.00 s]
INFO (IPF057): 0.0.PRE: The property "DeBouncer.debouncer_sva_i._assert_1" was proven in 0.00 s.
0.0.PRE: A proof was found: No trace exists. [0.00 s]
INFO (IPF051): 0.0.PRE: The cover property "DeBouncer.debouncer_sva_i._assert_1:precondition1" was proven unreachable in 0.00 s.
0.0.PRE: A proof was found: No trace exists. [0.00 s]
INFO (IPF051): 0.0.PRE: The cover property "DeBouncer.debouncer_sva_i._cover_14" was proven unreachable in 0.00 s.
0: Found proofs for 3 properties in preprocessing
0.0.PRE: Performing Proof Simplification...
0.0.N: clocks: 2, declared: 1, disabling: 0, posedge: 2, negedge: 0, noedge: 0, bothedge: 0
0.0.N: Proof Simplification Iteration 1	[0.00 s]
0.0.N: Proof Simplification Iteration 2	[0.00 s]
0.0.N: Proof Simplification Iteration 3	[0.00 s]
0.0.PRE: A proof was found: No trace exists. [0.00 s]
INFO (IPF057): 0.0.PRE: The property ":noDeadEnd" was proven in 0.00 s.
    Use check_assumptions -show -dead_end to show this property in the property table.
0.0.PRE: A proof was found: No trace exists. [0.00 s]
INFO (IPF057): 0.0.PRE: The property ":noConflict" was proven in 0.00 s.
    Use check_assumptions -show to show this property in the property table.
INFO (IPF047): 0.0.PRE: The cover property ":live" was covered in 1 cycles in 0.00 s.
    Use check_assumptions -show -live to show this property in the property table.
0.0.PRE: Proof Simplification completed in 0.00 s
0: About to start ProofGrid in its own thread with a limit of 10000 pending notifications and a limit of 10 traces.
0: =============================== ProofGrid start ===============================
0: ProofGrid usable level: 19
0: ProofGrid is starting event handling
0.0.Hp: Proofgrid shell started at 2589138@della-i13n22(local) jg_2589066_della-i13n22_1
0.0.N: Proofgrid shell started at 2589137@della-i13n22(local) jg_2589066_della-i13n22_1
0.0.Hp: OS RSS memory limit : 17179869184 / 17179869184
0.0.Hp: clocks: 1, declared: 1, disabling: 0, posedge: 1, negedge: 0, noedge: 0, bothedge: 0
0.0.N: OS RSS memory limit : 17179869184 / 17179869184
0.0.N: clocks: 1, declared: 1, disabling: 0, posedge: 1, negedge: 0, noedge: 0, bothedge: 0
0.0.N: Next scan (0) will use per property time limit: 1s * 10 ^ 0 = 1s
0.0.N: Starting proof for property "DeBouncer.debouncer_sva_i._assert_4"	[0.00 s].
0.0.N: Trace Attempt  1	[0.00 s]
0.0.N: A trace with 1 cycles was found. [0.00 s]
INFO (IPF055): 0.0.N: A counterexample (cex) with 1 cycles was found for the property "DeBouncer.debouncer_sva_i._assert_4" in 0.01 s.
INFO (IPF047): 0.0.N: The cover property "DeBouncer.debouncer_sva_i._assert_7:precondition1" was covered in 1 cycles in 0.01 s by the incidental trace "DeBouncer.debouncer_sva_i._assert_4".
INFO (IPF047): 0.0.N: The cover property "DeBouncer.debouncer_sva_i._assert_10:precondition1" was covered in 1 cycles in 0.01 s by the incidental trace "DeBouncer.debouncer_sva_i._assert_4".
0.0.N: Stopped processing property "DeBouncer.debouncer_sva_i._assert_4"	[0.01 s].
0.0.N: Starting proof for property "DeBouncer.debouncer_sva_i._assert_5"	[0.00 s].
0.0.N: Trace Attempt  1	[0.00 s]
0.0.N: A trace with 1 cycles was found. [0.00 s]
INFO (IPF055): 0.0.N: A counterexample (cex) with 1 cycles was found for the property "DeBouncer.debouncer_sva_i._assert_5" in 0.00 s.
0.0.N: Stopped processing property "DeBouncer.debouncer_sva_i._assert_5"	[0.00 s].
0.0.N: Starting proof for property "DeBouncer.debouncer_sva_i._assert_6"	[0.00 s].
0.0.N: Trace Attempt  1	[0.00 s]
0.0.N: A trace with 1 cycles was found. [0.00 s]
INFO (IPF055): 0.0.N: A counterexample (cex) with 1 cycles was found for the property "DeBouncer.debouncer_sva_i._assert_6" in 0.00 s.
INFO (IPF047): 0.0.N: The cover property "DeBouncer.debouncer_sva_i._assert_6:precondition1" was covered in 1 cycles in 0.00 s by the incidental trace "DeBouncer.debouncer_sva_i._assert_6".
0.0.N: Stopped processing property "DeBouncer.debouncer_sva_i._assert_6"	[0.00 s].
0.0.N: Starting proof for property "DeBouncer.debouncer_sva_i._assert_7"	[0.00 s].
0.0.Hp: Trace Attempt  1	[0.00 s]
0.0.N: Trace Attempt  1	[0.00 s]
0.0.Hp: A trace with 1 cycles was found. [0.00 s]
INFO (IPF055): 0.0.Hp: A counterexample (cex) with 1 cycles was found for the property "DeBouncer.debouncer_sva_i._assert_7" in 0.01 s.
INFO (IPF055): 0.0.Hp: A counterexample (cex) with 1 cycles was found for the property "DeBouncer.debouncer_sva_i._assert_8" in 0.01 s.
INFO (IPF047): 0.0.Hp: The cover property "DeBouncer.debouncer_sva_i._assert_8:precondition1" was covered in 1 cycles in 0.01 s.
INFO (IPF047): 0.0.Hp: The cover property "DeBouncer.debouncer_sva_i._assert_11:precondition1" was covered in 1 cycles in 0.01 s.
0.0.Hp: A trace with 1 cycles was found. [0.00 s]
INFO (IPF055): 0.0.Hp: A counterexample (cex) with 1 cycles was found for the property "DeBouncer.debouncer_sva_i._assert_9" in 0.02 s.
INFO (IPF047): 0.0.Hp: The cover property "DeBouncer.debouncer_sva_i._assert_9:precondition1" was covered in 1 cycles in 0.02 s.
0.0.N: Stopped processing property "DeBouncer.debouncer_sva_i._assert_7"	[0.00 s].
0: ProofGrid is temporarily paused because there are too many pending traces.
0: ProofGrid is resuming to work after pausing for 0s. The amount of pending traces decreased.
0.0.Hp: A trace with 1 cycles was found. [0.00 s]
INFO (IPF055): 0.0.Hp: A counterexample (cex) with 1 cycles was found for the property "DeBouncer.debouncer_sva_i._assert_10" in 0.02 s.
INFO (IPF055): 0.0.Hp: A counterexample (cex) with 1 cycles was found for the property "DeBouncer.debouncer_sva_i._assert_11" in 0.02 s.
INFO (IPF055): 0.0.Hp: A counterexample (cex) with 1 cycles was found for the property "DeBouncer.debouncer_sva_i._assert_12" in 0.02 s.
INFO (IPF047): 0.0.Hp: The cover property "DeBouncer.debouncer_sva_i._assert_12:precondition1" was covered in 1 cycles in 0.02 s.
0.0.N: Starting proof for property "DeBouncer.debouncer_sva_i._assert_10"	[0.00 s].
0.0.Hp: Trace Attempt  2	[0.00 s]
0.0.Hp: Trace Attempt  3	[0.01 s]
0.0.Hp: Trace Attempt  4	[0.01 s]
0.0.Hp: Trace Attempt  5	[0.02 s]
0.0.Hp: A trace with 5 cycles was found. [0.02 s]
INFO (IPF047): 0.0.Hp: The cover property "DeBouncer.debouncer_sva_i._cover_15" was covered in 5 cycles in 0.02 s.
0.0.Hp: A trace with 5 cycles was found. [0.02 s]
INFO (IPF047): 0.0.Hp: The cover property "DeBouncer.debouncer_sva_i._cover_16" was covered in 5 cycles in 0.02 s.
0.0.N: Trace Attempt  1	[0.00 s]
0.0.N: Stopped processing property "DeBouncer.debouncer_sva_i._assert_10"	[0.00 s].
0.0.N: Last scan. Per property time limit: 0s
0.0.N: Starting proof for property "DeBouncer.debouncer_sva_i._cover_15"	[0.00 s].
0.0.N: Trace Attempt  1	[0.00 s]
0.0.N: Trace Attempt  2	[0.00 s]
0.0.N: Trace Attempt  2	[0.00 s]
0.0.N: Trace Attempt  3	[0.00 s]
0.0.N: Trace Attempt  4	[0.00 s]
0.0.N: Trace Attempt  4	[0.00 s]
0.0.N: Trace Attempt  5	[0.00 s]
0.0.N: Trace Attempt  5	[0.00 s]
0.0.N: Stopped processing property "DeBouncer.debouncer_sva_i._cover_15"	[0.00 s].
0.0.N: Starting proof for property "DeBouncer.debouncer_sva_i._cover_16"	[0.00 s].
0.0.N: Stopped processing property "DeBouncer.debouncer_sva_i._cover_16"	[0.00 s].
0.0.N: Starting proof for property "DeBouncer.debouncer_sva_i._cover_17"	[0.00 s].
0.0.N: Trace Attempt  1	[0.00 s]
0.0.N: Trace Attempt  2	[0.00 s]
0.0.N: Trace Attempt  3	[0.00 s]
0.0.N: Trace Attempt  3	[0.00 s]
0.0.N: Trace Attempt  4	[0.00 s]
0.0.N: Trace Attempt  5	[0.00 s]
0.0.N: Trace Attempt  5	[0.00 s]
0.0.N: Trace Attempt  1	[0.03 s]
0.0.N: Trace Attempt  2	[0.03 s]
0.0.N: Trace Attempt  3	[0.03 s]
0.0.N: Trace Attempt  5	[0.03 s]
0.0.Ht: Proofgrid shell started at 2589151@della-i13n22(local) jg_2589066_della-i13n22_1
0.0.B: Proofgrid shell started at 2589152@della-i13n22(local) jg_2589066_della-i13n22_1
0.0.B: OS RSS memory limit : 17179869184 / 17179869184
0.0.Ht: OS RSS memory limit : 17179869184 / 17179869184
0.0.B: clocks: 1, declared: 1, disabling: 0, posedge: 1, negedge: 0, noedge: 0, bothedge: 0
0.0.B: Last scan. Per property time limit: 0s
0.0.B: Starting proof for property "DeBouncer.debouncer_sva_i._cover_17"	[0.00 s].
0.0.Ht: clocks: 1, declared: 1, disabling: 0, posedge: 1, negedge: 0, noedge: 0, bothedge: 0
0.0.B: Trace Attempt  1	[0.00 s]
0.0.Ht: Trace Attempt  1	[0.00 s]
0.0.B: Trace Attempt  2	[0.00 s]
0.0.Ht: Trace Attempt  2	[0.00 s]
0.0.Ht: Trace Attempt  3	[0.00 s]
0.0.Ht: Trace Attempt  4	[0.00 s]
0.0.Ht: Trace Attempt  5	[0.00 s]
0.0.B: Trace Attempt  3	[0.00 s]
0.0.B: Trace Attempt  4	[0.00 s]
0.0.B: Trace Attempt  5	[0.00 s]
0.0.N: Trace Attempt  1	[0.25 s]
0.0.N: Trace Attempt  2	[0.25 s]
0.0.N: Trace Attempt  3	[0.25 s]
0.0.N: Trace Attempt  5	[0.26 s]
0: ProofGrid usable level: 1
0.0.B: Trace Attempt 132	[4.05 s]
0.0.Ht: Trace Attempt 104	[4.52 s]
0.0.Hp: Trace Attempt 113	[5.29 s]
0.0.N: Trace Attempt 91	[8.09 s]
0.0.N: Trace Attempt  1	[8.36 s]
0.0.N: Trace Attempt  2	[8.36 s]
0.0.N: Trace Attempt  3	[8.36 s]
0.0.N: Trace Attempt  5	[8.36 s]
0.0.B: Trace Attempt 171	[8.45 s]
0.0.B: Trace Attempt 205	[12.53 s]
0.0.Hp: Trace Attempt 171	[13.53 s]
0.0.Ht: Trace Attempt 171	[14.12 s]
0.0.N: Trace Attempt 317	[16.33 s]
0.0.B: Trace Attempt 208	[18.61 s]
0.0.B: Trace Attempt 224	[23.02 s]
0.0.N: Trace Attempt 404	[24.18 s]
0.0.B: Trace Attempt 227	[27.24 s]
0.0.N: Trace Attempt 448	[28.18 s]
0.0.B: Trace Attempt 234	[31.50 s]
0.0.N: Trace Attempt 518	[35.63 s]
0.0.B: Trace Attempt 244	[35.76 s]
0.0.N: Trace Attempt 720	[40.83 s]
0.0.B: Trace Attempt 264	[45.37 s]
0.0.N: Trace Attempt 808	[46.80 s]
0.0.Ht: Trace Attempt 317	[47.68 s]
0.0.B: Trace Attempt 265	[50.13 s]
0.0.N: Trace Attempt 889	[52.34 s]
0.0.B: Trace Attempt 266	[55.14 s]
0.0.Hp: Trace Attempt 317	[58.74 s]
0.0.N: Trace Attempt 1136	[61.34 s]
0.0.B: Trace Attempt 269	[63.61 s]
0.0.B: Trace Attempt 270	[69.29 s]
0.0.N: Trace Attempt 1200	[70.82 s]
0.0.N: Trace Attempt 1271	[74.82 s]
0.0.B: Trace Attempt 272	[76.30 s]
0.0.B: Trace Attempt 275	[80.66 s]
0.0.B: Trace Attempt 280	[87.02 s]
0.0.N: Trace Attempt 1279	[89.56 s]
0.0.B: Trace Attempt 282	[92.14 s]
0.0.N: Trace Attempt 1531	[97.77 s]
0.0.B: Trace Attempt 286	[100.86 s]
0.0.N: Trace Attempt 1627	[102.43 s]
0.0.N: Trace Attempt 2032	[106.48 s]
0.0.B: Trace Attempt 287	[107.55 s]
0.0.B: Trace Attempt 288	[112.41 s]
0.0.N: Trace Attempt 2082	[117.50 s]
0.0.B: Trace Attempt 290	[119.56 s]
0.0.N: Trace Attempt 2399	[123.23 s]
0.0.B: Trace Attempt 293	[129.93 s]
0.0.N: Trace Attempt 2747	[131.77 s]
0.0.B: Trace Attempt 294	[137.64 s]
0.0.N: Trace Attempt 2825	[139.54 s]
0.0.B: Trace Attempt 295	[141.94 s]
0.0.N: Trace Attempt 2868	[143.61 s]
0.0.B: Trace Attempt 297	[147.03 s]
0.0.N: Trace Attempt 2937	[147.80 s]
0.0.B: Trace Attempt 299	[151.33 s]
0.0.B: Trace Attempt 300	[156.18 s]
0.0.N: Trace Attempt 3119	[157.89 s]
0.0.N: Trace Attempt 3213	[162.05 s]
0.0.B: Trace Attempt 301	[165.78 s]
0.0.N: Trace Attempt 3368	[168.45 s]
0.0.B: Trace Attempt 303	[174.87 s]
0.0.N: Trace Attempt 3461	[176.51 s]
0.0.B: Trace Attempt 304	[184.55 s]
0.0.N: Trace Attempt 3546	[184.70 s]
0.0.N: Trace Attempt 3678	[190.31 s]
0.0.B: Trace Attempt 305	[191.84 s]
0.0.N: Trace Attempt 3767	[195.29 s]
0.0.N: Trace Attempt 3977	[200.63 s]
0.0.B: Trace Attempt 306	[200.63 s]
0.0.N: Trace Attempt 4071	[207.09 s]
0.0.B: Trace Attempt 307	[207.29 s]
0.0.N: Trace Attempt 4111	[211.18 s]
0.0.B: Trace Attempt 308	[212.71 s]
0.0.N: Trace Attempt 4162	[215.22 s]
0.0.N: Trace Attempt 4371	[219.22 s]
0.0.B: Trace Attempt 309	[219.68 s]
0.0.N: Trace Attempt 4606	[223.22 s]
0.0.B: Trace Attempt 310	[224.23 s]
0.0.N: Trace Attempt 4789	[227.24 s]
0.0.B: Trace Attempt 312	[229.99 s]
0.0.N: Trace Attempt 4890	[231.25 s]
0.0.B: Trace Attempt 313	[237.86 s]
0.0.N: Trace Attempt 4898	[240.09 s]
0.0.Hp: Interrupted (multi)
0.0.Hp: Morphing to Mp
0.0.Hp: Trace Attempt 1134	[58.99 s]
0.0.Hp: All properties determined. [0.00 s]
0.0.Hp: Exited with Success (@ 0.00 s)
0.0.Mp: clocks: 1, declared: 1, disabling: 0, posedge: 1, negedge: 0, noedge: 0, bothedge: 0
0.0.Mp: Trace Attempt  1	[0.00 s]
0.0.Mp: Trace Attempt  2	[0.00 s]
0.0.Mp: Trace Attempt  3	[0.00 s]
0.0.Mp: Trace Attempt  3	[0.00 s]
0.0.Mp: Trace Attempt  4	[0.00 s]
0.0.Mp: Trace Attempt  4	[0.00 s]
0.0.Mp: Trace Attempt  5	[0.00 s]
0.0.B: Trace Attempt 314	[242.90 s]
0.0.Mp: Trace Attempt 120	[4.04 s]
0.0.Mp: Trace Attempt 130	[8.85 s]
0.0.Mp: Trace Attempt 329	[12.91 s]
0.0.B: Trace Attempt 315	[254.83 s]
0.0.Mp: Trace Attempt 379	[16.92 s]
0.0.Mp: Trace Attempt 399	[21.78 s]
0.0.B: Trace Attempt 316	[264.07 s]
0.0.N: Trace Attempt 4949	[266.45 s]
0.0.Mp: Trace Attempt 399	[26.40 s]
0.0.B: Trace Attempt 317	[270.60 s]
0.0.Mp: Trace Attempt 399	[31.45 s]
0.0.B: Trace Attempt 318	[276.70 s]
0.0.Mp: Trace Attempt 399	[37.01 s]
0.0.B: Stopped processing property "DeBouncer.debouncer_sva_i._cover_17"	[282.26 s].
0.0.B: Morphing to K
0.0.B: All properties determined. [0.00 s]
0.0.B: Exited with Success (@ 0.00 s)
0.0.K: clocks: 1, declared: 1, disabling: 0, posedge: 1, negedge: 0, noedge: 0, bothedge: 0
0.0.K: Starting proof for property "DeBouncer.debouncer_sva_i._cover_17"	[0.00 s].
0.0.K: Trace Attempt 90	[0.01 s]
0.0.N: Stopped processing property "DeBouncer.debouncer_sva_i._cover_17"	[283.09 s].
0.0.N: Morphing to AM
0.0.N: Trace Attempt 4988	[268.15 s]
0.0.N: All properties determined. [0.00 s]
0.0.N: Exited with Success (@ 0.00 s)
0.0.AM: clocks: 1, declared: 1, disabling: 0, posedge: 1, negedge: 0, noedge: 0, bothedge: 0
0.0.AM: Starting proof for property "DeBouncer.debouncer_sva_i._cover_17"	[0.00 s].
0.0.AM: Trace Attempt  1	[0.00 s]
0.0.AM: Trace Attempt  2	[0.00 s]
0.0.AM: Trace Attempt  3	[0.00 s]
0.0.AM: Trace Attempt  4	[0.00 s]
0.0.AM: Trace Attempt  5	[0.00 s]
0.0.AM: Trace Attempt  1	[0.01 s]
0.0.AM: Trace Attempt  2	[0.01 s]
0.0.AM: Trace Attempt  3	[0.01 s]
0.0.AM: Trace Attempt  5	[0.01 s]
0.0.AM: Trace Attempt  1	[0.04 s]
0.0.AM: Trace Attempt  2	[0.04 s]
0.0.AM: Trace Attempt  3	[0.04 s]
0.0.AM: Trace Attempt  5	[0.04 s]
0.0.AM: Trace Attempt  1	[0.17 s]
0.0.AM: Trace Attempt  2	[0.17 s]
0.0.AM: Trace Attempt  3	[0.17 s]
0.0.AM: Trace Attempt  5	[0.17 s]
0.0.Mp: Trace Attempt 399	[42.79 s]
0.0.AM: Trace Attempt  1	[0.68 s]
0.0.AM: Trace Attempt  2	[0.68 s]
0.0.AM: Trace Attempt  3	[0.68 s]
0.0.AM: Trace Attempt  5	[0.68 s]
0.0.AM: Trace Attempt 128	[4.71 s]
0.0.Mp: Trace Attempt 399	[48.92 s]
0.0.K: Trace Attempt  1	[7.73 s]
0.0.K: Trace Attempt  2	[7.73 s]
0.0.K: Trace Attempt  3	[7.73 s]
0.0.K: Trace Attempt  4	[7.73 s]
0.0.K: Trace Attempt  5	[7.73 s]
0.0.AM: Trace Attempt 194	[9.05 s]
0.0.K: Trace Attempt 119	[11.92 s]
0.0.AM: Trace Attempt 235	[13.14 s]
0.0.Mp: Trace Attempt 399	[55.67 s]
0.0.K: Trace Attempt 160	[16.07 s]
0.0.AM: Trace Attempt  1	[16.78 s]
0.0.AM: Trace Attempt  2	[16.78 s]
0.0.AM: Trace Attempt  3	[16.78 s]
0.0.AM: Trace Attempt  5	[16.78 s]
0.0.K: Trace Attempt 188	[20.31 s]
0.0.Mp: Trace Attempt 399	[62.87 s]
0.0.AM: Trace Attempt 300	[20.94 s]
0.0.K: Trace Attempt 207	[25.49 s]
0.0.AM: Trace Attempt 682	[24.95 s]
0.0.Mp: Trace Attempt 399	[70.45 s]
0.0.K: Trace Attempt 210	[29.55 s]
0.0.AM: Trace Attempt 760	[29.06 s]
0.0.Mp: Trace Attempt 399	[74.51 s]
0.0.AM: Trace Attempt 788	[33.10 s]
0.0.K: Trace Attempt 275	[34.84 s]
0.0.Mp: Trace Attempt 399	[78.83 s]
0.0.AM: Trace Attempt 808	[37.11 s]
0.0.K: Trace Attempt 279	[40.43 s]
0.0.Mp: Trace Attempt 399	[83.17 s]
0.0.K: Trace Attempt 281	[46.20 s]
0.0.Mp: Trace Attempt 399	[87.65 s]
0.0.K: Trace Attempt 302	[50.25 s]
0.0.Mp: Trace Attempt 399	[92.15 s]
0.0.Mp: Trace Attempt 399	[96.79 s]
0.0.K: Trace Attempt 314	[56.13 s]
0.0.Mp: Trace Attempt 399	[101.64 s]
0.0.K: Trace Attempt 320	[63.03 s]
0.0.AM: Trace Attempt 263	[63.43 s]
0.0.Mp: Trace Attempt 399	[106.61 s]
0.0.K: Trace Attempt 329	[67.67 s]
0.0.AM: Trace Attempt 264	[68.29 s]
0.0.Mp: Trace Attempt 469	[111.05 s]
0.0.AM: Trace Attempt 267	[72.30 s]
0.0.K: Trace Attempt 331	[74.55 s]
0.0.Mp: Trace Attempt 518	[119.86 s]
0.0.K: Trace Attempt 333	[79.19 s]
0.0.Mp: Trace Attempt 518	[125.47 s]
0.0.AM: Trace Attempt 280	[83.74 s]
0.0.AM: Trace Attempt 281	[88.44 s]
0.0.Mp: Trace Attempt 518	[131.38 s]
0.0.AM: Trace Attempt 290	[92.46 s]
0.0.Mp: Trace Attempt 518	[137.25 s]
0.0.AM: Trace Attempt 324	[96.51 s]
0.0.K: Trace Attempt 338	[100.12 s]
0.0.AM: Trace Attempt 361	[100.56 s]
0.0.Mp: Trace Attempt 518	[143.45 s]
0.0.AM: Trace Attempt 368	[105.74 s]
0.0.Mp: Trace Attempt 518	[149.54 s]
0.0.K: Trace Attempt 339	[110.99 s]
0.0.AM: Trace Attempt 370	[110.31 s]
0.0.Mp: Trace Attempt 518	[155.78 s]
0.0.AM: Trace Attempt 394	[114.57 s]
0.0.K: Trace Attempt 340	[118.24 s]
0.0.AM: Trace Attempt 411	[118.72 s]
0.0.Mp: Trace Attempt 518	[162.33 s]
0.0.AM: Trace Attempt 421	[123.28 s]
0.0.Mp: Trace Attempt 518	[169.00 s]
0.0.AM: Trace Attempt 438	[127.29 s]
0.0.K: Trace Attempt 342	[128.27 s]
0.0.AM: Trace Attempt 455	[131.53 s]
0.0.Mp: Trace Attempt 518	[175.74 s]
0.0.K: Trace Attempt 343	[137.15 s]
0.0.AM: Trace Attempt 469	[140.12 s]
0.0.Mp: Trace Attempt 518	[182.68 s]
0.0.K: Trace Attempt 344	[142.66 s]
0.0.Mp: Trace Attempt 518	[189.81 s]
0.0.K: Trace Attempt 345	[149.09 s]
0.0.AM: Trace Attempt 470	[148.88 s]
0.0.K: Trace Attempt 346	[154.39 s]
0.0.Mp: Trace Attempt 518	[197.17 s]
0.0.K: Trace Attempt 347	[159.61 s]
0.0.Mp: Trace Attempt 518	[204.58 s]
0.0.K: Trace Attempt 348	[164.58 s]
0.0.AM: Trace Attempt 471	[165.06 s]
0.0.K: Trace Attempt 386	[168.60 s]
0.0.Mp: Trace Attempt 518	[212.24 s]
0.0.AM: Trace Attempt 472	[176.29 s]
0.0.Mp: Trace Attempt 518	[219.98 s]
0.0.AM: Trace Attempt 473	[180.45 s]
0.0.AM: Trace Attempt 477	[184.89 s]
0.0.Mp: Trace Attempt 518	[228.45 s]
0.0.K: Trace Attempt 402	[189.38 s]
0.0.AM: Trace Attempt 490	[188.90 s]
0.0.AM: Stopped processing property "DeBouncer.debouncer_sva_i._cover_17"	[191.42 s].
0.0.AM: Morphing to Tri
0.0.AM: Trace Attempt 501	[191.41 s]
0.0.AM: All properties determined. [0.00 s]
0.0.AM: Exited with Success (@ 0.00 s)
0.0.Tri: clocks: 1, declared: 1, disabling: 0, posedge: 1, negedge: 0, noedge: 0, bothedge: 0
0.0.K: Stopped processing property "DeBouncer.debouncer_sva_i._cover_17"	[192.26 s].
0.0.K: Morphing to Ncustom5
0.0.K: All properties determined. [0.00 s]
0.0.K: Exited with Success (@ 0.00 s)
0.0.Ncustom5: clocks: 1, declared: 1, disabling: 0, posedge: 1, negedge: 0, noedge: 0, bothedge: 0
0.0.Ncustom5: Starting proof for property "DeBouncer.debouncer_sva_i._cover_17"	[0.00 s].
0.0.Ncustom5: Trace Attempt 90	[0.01 s]
0.0.Tri: Starting proof for property "DeBouncer.debouncer_sva_i._cover_17"	[0.00 s].
0.0.Tri: Trace Attempt  1	[0.00 s]
0.0.Tri:    0.00" ---- Launching main thread ----
0.0.Tri:    0.12" ---- Launching abstraction thread ----
0.0.Tri:    0.14" ---- Launching multi-phase simplification thread ----
0.0.Tri: Trace Attempt  2	[0.24 s]
0.0.Tri: Trace Attempt  3	[0.24 s]
0.0.Tri: Trace Attempt  4	[0.24 s]
0.0.Tri: Trace Attempt  5	[0.24 s]
0.0.Tri:    1.43" Simplification phase 1 complete
0.0.Tri:    1.53" Simplification phase 2 complete
0.0.Tri:    2.26" Simplification phase 3 complete
   2.26" ---- Completed simplification thread ----
   2.26" ---- Restarting main thread on simplified netlist ----
0.0.Tri:    2.38" ---- Restarting abstraction thread on simplified netlist ----
0.0.Mp: Trace Attempt 518	[236.47 s]
0.0.Tri: Trace Attempt 5113	[4.90 s]
0.0.Ncustom5: Trace Attempt 91	[8.20 s]
0.0.Ncustom5: Trace Attempt  1	[8.53 s]
0.0.Ncustom5: Trace Attempt  2	[8.53 s]
0.0.Ncustom5: Trace Attempt  3	[8.53 s]
0.0.Ncustom5: Trace Attempt  5	[8.53 s]
0.0.Ht: Trace Attempt 851	[483.60 s]
0.0.Tri: Trace Attempt 14307	[9.28 s]
0.0.Mp: Trace Attempt 518	[245.54 s]
0.0.Ncustom5: Trace Attempt 98	[12.63 s]
0.0.Ht: Trace Attempt 23185	[487.60 s]
0.0.Tri: Trace Attempt 26964	[13.28 s]
0.0.Tri: Trace Attempt 34061	[17.28 s]
0.0.Ht: Trace Attempt 28944	[493.86 s]
0.0.Mp: Trace Attempt 518	[254.75 s]
0.0.Tri: Trace Attempt 41371	[21.34 s]
0.0.Ncustom5: Trace Attempt 140	[21.46 s]
0.0.Tri: Trace Attempt 50410	[25.34 s]
0.0.Ncustom5: Trace Attempt 336	[25.48 s]
0.0.Tri: Trace Attempt 58794	[29.34 s]
0.0.Ncustom5: Trace Attempt 388	[29.65 s]
0.0.Mp: Trace Attempt 518	[263.42 s]
0.0.Mp: Trace Attempt 588	[267.43 s]
0.0.Tri: Trace Attempt 61815	[33.82 s]
0.0.Tri: Trace Attempt 69821	[37.82 s]
0.0.Tri: Trace Attempt 77887	[41.82 s]
0.0.Mp: Trace Attempt 610	[278.58 s]
0.0.Ncustom5: Trace Attempt 419	[47.21 s]
0.0.Tri: Trace Attempt 83945	[51.38 s]
0.0.Ncustom5: Trace Attempt 516	[51.93 s]
0.0.Mp: Trace Attempt 610	[288.73 s]
0.0.Tri: Trace Attempt 92880	[55.39 s]
0.0.Ncustom5: Trace Attempt 541	[56.11 s]
0.0.Tri: Trace Attempt 98220	[59.39 s]
0.0.Tri: Trace Attempt 103172	[63.39 s]
0.0.Mp: Trace Attempt 610	[298.80 s]
0.0.Ncustom5: Trace Attempt 575	[65.19 s]
0.0.Tri: Trace Attempt 108835	[67.39 s]
0.0.Ncustom5: Trace Attempt 1089	[69.26 s]
0.0.Tri: Trace Attempt 115512	[72.07 s]
0.0.Ncustom5: Trace Attempt 1223	[73.33 s]
0.0.Mp: Trace Attempt 610	[309.13 s]
0.0.Tri: Trace Attempt 121754	[76.60 s]
0.0.Ncustom5: Trace Attempt 1268	[77.50 s]
0.0.Tri: Trace Attempt 127999	[81.23 s]
0.0.Tri: Trace Attempt 134325	[85.36 s]
0.0.Mp: Trace Attempt 610	[320.22 s]
0.0.Tri: Trace Attempt 140601	[89.48 s]
0.0.Mp: Trace Attempt 610	[330.97 s]
0.0.Tri: Trace Attempt 141608	[104.85 s]
0.0.Mp: Trace Attempt 610	[341.73 s]
0.0.Tri: Trace Attempt 147006	[108.86 s]
0.0.Ncustom5: Trace Attempt 1311	[111.98 s]
0.0.Tri: Trace Attempt 152465	[112.87 s]
0.0.Ncustom5: Trace Attempt 1723	[116.01 s]
0.0.Tri: Trace Attempt 158827	[117.26 s]
0.0.Mp: Trace Attempt 610	[353.11 s]
0.0.Ncustom5: Trace Attempt 1804	[120.21 s]
0.0.Tri: Trace Attempt 164999	[121.43 s]
0.0.Ncustom5: Trace Attempt 1848	[124.29 s]
0.0.Tri: Trace Attempt 180013	[125.43 s]
0.0.Tri: Trace Attempt 189295	[130.59 s]
0.0.Mp: Trace Attempt 610	[365.28 s]
0.0.Tri: Trace Attempt 195814	[134.73 s]
0.0.Tri: Trace Attempt 204329	[138.73 s]
0.0.Mp: Trace Attempt 610	[377.54 s]
0.0.Mp: Trace Attempt 610	[388.82 s]
0.0.Ncustom5: Trace Attempt 1884	[158.28 s]
0.0.Ncustom5: Trace Attempt 1885	[165.13 s]
0.0.Mp: Trace Attempt 610	[400.30 s]
0.0.Ncustom5: Trace Attempt 1929	[169.15 s]
0.0.Tri: Trace Attempt 208511	[176.83 s]
0.0.Mp: Trace Attempt 610	[412.74 s]
0.0.Tri: Trace Attempt 213990	[181.02 s]
0.0.Tri: Trace Attempt 220041	[185.63 s]
0.0.Tri: Trace Attempt 226359	[190.19 s]
0.0.Mp: Trace Attempt 610	[424.87 s]
0.0.Tri: Trace Attempt 232203	[194.49 s]
0.0.Tri: Trace Attempt 238717	[198.66 s]
0.0.Mp: Trace Attempt 611	[432.79 s]
0.0.Mp: Trace Attempt 682	[436.80 s]
0.0.Tri: Trace Attempt 246047	[203.15 s]
0.0.Tri: Trace Attempt 252954	[207.53 s]
0.0.Ncustom5: Trace Attempt 1953	[207.73 s]
0.0.Tri: Trace Attempt 259001	[211.53 s]
0.0.Ncustom5: Trace Attempt 1960	[212.40 s]
0.0.Tri: Trace Attempt 265847	[215.81 s]
0.0.Mp: Trace Attempt 692	[450.02 s]
0.0.Ncustom5: Trace Attempt 1967	[216.67 s]
0.0.Tri: Trace Attempt 272895	[220.29 s]
0.0.Ncustom5: Trace Attempt 1974	[220.72 s]
0.0.Tri: Trace Attempt 280098	[224.73 s]
0.0.Ncustom5: Trace Attempt 1983	[225.27 s]
0.0.Ncustom5: Trace Attempt 1993	[229.38 s]
0.0.Tri: Trace Attempt 288401	[229.35 s]
0.0.Mp: Trace Attempt 692	[463.29 s]
0.0.Ncustom5: Trace Attempt 2006	[233.48 s]
0.0.Tri: Trace Attempt 296115	[233.78 s]
0.0.Ncustom5: Trace Attempt 2027	[237.53 s]
0.0.Mp: Trace Attempt 692	[476.70 s]
0.0.Ncustom5: Trace Attempt 2061	[249.87 s]
0.0.Ncustom5: Trace Attempt 2503	[254.00 s]
0.0.Mp: Trace Attempt 692	[490.10 s]
0.0.Ncustom5: Trace Attempt 2553	[258.03 s]
0.0.Mp: Trace Attempt 692	[503.48 s]
0.0.Tri: Trace Attempt 298870	[274.98 s]
0.0.Tri: Trace Attempt 304280	[278.98 s]
0.0.Ncustom5: Trace Attempt 2579	[280.97 s]
0.0.Tri: Trace Attempt 309995	[282.98 s]
0.0.Mp: Trace Attempt 692	[516.88 s]
0.0.Ncustom5: Trace Attempt 2673	[285.10 s]
0.0.Tri: Trace Attempt 315995	[287.19 s]
0.0.Tri: Trace Attempt 323288	[291.64 s]
0.0.Tri: Trace Attempt 329850	[296.03 s]
0.0.Mp: Trace Attempt 692	[530.57 s]
0.0.Tri: Trace Attempt 335983	[300.03 s]
0.0.Tri: Trace Attempt 342638	[304.40 s]
0.0.Tri: Trace Attempt 348953	[308.55 s]
0.0.Mp: Trace Attempt 692	[544.33 s]
0.0.Tri: Trace Attempt 355375	[312.73 s]
0.0.Tri: Trace Attempt 360697	[316.73 s]
0.0.Ncustom5: Trace Attempt 2712	[317.03 s]
0.0.Ncustom5: Trace Attempt 2784	[321.16 s]
0.0.Tri: Trace Attempt 368155	[321.39 s]
0.0.Mp: Trace Attempt 692	[558.83 s]
0.0.Tri: Trace Attempt 375297	[325.95 s]
0.0.Tri: Trace Attempt 381993	[330.45 s]
0.0.Tri: Trace Attempt 386841	[334.49 s]
0.0.Tri: Trace Attempt 394226	[338.85 s]
0.0.Mp: Trace Attempt 692	[573.22 s]
0.0.Tri: Trace Attempt 401219	[343.31 s]
0.0.Tri: Trace Attempt 408387	[347.62 s]
0.0.Tri: Trace Attempt 417025	[352.51 s]
0.0.Mp: Trace Attempt 692	[588.33 s]
0.0.Tri: Trace Attempt 423767	[356.86 s]
0.0.Ncustom5: Trace Attempt 2821	[364.22 s]
0.0.Mp: Trace Attempt 693	[601.46 s]
0.0.Ncustom5: Trace Attempt 2860	[368.27 s]
0.0.Mp: Trace Attempt 753	[605.48 s]
0.0.Mp: Trace Attempt 765	[620.58 s]
0.0.Mp: Trace Attempt 765	[635.62 s]
0.0.Ncustom5: Trace Attempt 2894	[406.89 s]
0.0.Ncustom5: Trace Attempt 2905	[411.00 s]
0.0.Ncustom5: Trace Attempt 2932	[415.02 s]
0.0.Mp: Trace Attempt 765	[650.93 s]
0.0.Mp: Trace Attempt 765	[666.46 s]
0.0.Tri: Trace Attempt 430181	[440.48 s]
0.0.Tri: Trace Attempt 436415	[444.48 s]
0.0.Mp: Trace Attempt 765	[682.61 s]
0.0.Tri: Trace Attempt 444485	[449.28 s]
0.0.Tri: Trace Attempt 451081	[453.58 s]
0.0.Ncustom5: Trace Attempt 2946	[454.25 s]
0.0.Tri: Trace Attempt 458185	[458.17 s]
0.0.Ncustom5: Trace Attempt 2953	[458.83 s]
0.0.Tri: Trace Attempt 468313	[462.17 s]
0.0.Ncustom5: Trace Attempt 2961	[463.56 s]
0.0.Mp: Trace Attempt 765	[699.10 s]
0.0.Tri: Trace Attempt 477101	[466.17 s]
0.0.Ncustom5: Trace Attempt 2970	[468.00 s]
0.0.Tri: Trace Attempt 482494	[470.17 s]
0.0.Ncustom5: Trace Attempt 2980	[472.01 s]
0.0.Tri: Trace Attempt 488726	[474.50 s]
0.0.Ncustom5: Trace Attempt 2995	[476.05 s]
0.0.Tri: Trace Attempt 496235	[478.67 s]
0.0.Mp: Trace Attempt 765	[715.33 s]
0.0.Tri: Trace Attempt 503692	[482.88 s]
0.0.Ncustom5: Trace Attempt 3041	[486.87 s]
0.0.Tri: Trace Attempt 511382	[487.06 s]
0.0.Ncustom5: Trace Attempt 3493	[490.88 s]
0.0.Tri: Trace Attempt 517140	[491.48 s]
0.0.Ncustom5: Trace Attempt 3661	[494.98 s]
0.0.Tri: Trace Attempt 522410	[495.79 s]
0.0.Mp: Trace Attempt 765	[731.22 s]
0.0.Ncustom5: Trace Attempt 3711	[499.06 s]
0.0.Tri: Trace Attempt 529374	[500.24 s]
0.0.Tri: Trace Attempt 535770	[504.82 s]
0.0.Mp: Trace Attempt 766	[741.06 s]
0.0.Tri: Trace Attempt 544410	[508.82 s]
0.0.Mp: Trace Attempt 816	[745.16 s]
0.0.Tri: Trace Attempt 549865	[512.82 s]
0.0.Tri: Trace Attempt 556716	[517.35 s]
0.0.Tri: Trace Attempt 564018	[522.45 s]
0.0.Ncustom5: Trace Attempt 3746	[523.82 s]
0.0.Tri: Trace Attempt 572654	[526.45 s]
0.0.Ncustom5: Trace Attempt 3812	[527.99 s]
0.0.Tri: Trace Attempt 578001	[530.85 s]
0.0.Mp: Trace Attempt 846	[765.26 s]
0.0.Ncustom5: Trace Attempt 3837	[532.01 s]
0.0.Tri: Trace Attempt 583077	[534.85 s]
0.0.Tri: Trace Attempt 591126	[539.98 s]
0.0.Tri: Trace Attempt 598371	[544.99 s]
0.0.Mp: Trace Attempt 846	[783.08 s]
0.0.Tri: Trace Attempt 605257	[549.60 s]
0.0.Mp: Trace Attempt 846	[801.24 s]
0.0.Ncustom5: Trace Attempt 3852	[569.32 s]
0.0.Ncustom5: Trace Attempt 3855	[573.40 s]
0.0.Ncustom5: Trace Attempt 3863	[577.91 s]
0.0.Ncustom5: Trace Attempt 3871	[582.16 s]
0.0.Mp: Trace Attempt 846	[819.32 s]
0.0.Ncustom5: Trace Attempt 3879	[586.66 s]
0.0.Ncustom5: Trace Attempt 3888	[591.10 s]
0.0.Ncustom5: Trace Attempt 3898	[595.25 s]
0.0.Ncustom5: Trace Attempt 3910	[599.37 s]
0.0.Ncustom5: Trace Attempt 3927	[603.44 s]
0.0.Mp: Trace Attempt 846	[837.34 s]
0.0.Ncustom5: Stopped processing property "DeBouncer.debouncer_sva_i._cover_17"	[617.88 s].
0.0.Ncustom5: Morphing to AB
0.0.Ncustom5: Trace Attempt 3959	[606.23 s]
0.0.Ncustom5: All properties determined. [0.00 s]
0.0.Ncustom5: Exited with Success (@ 0.00 s)
0.0.AB: clocks: 1, declared: 1, disabling: 0, posedge: 1, negedge: 0, noedge: 0, bothedge: 0
0.0.AB: Starting proof for property "DeBouncer.debouncer_sva_i._cover_17"	[0.00 s].
0.0.AB: Trace Attempt  1	[0.00 s]
0.0.AB: Trace Attempt  2	[0.00 s]
0.0.AB: Trace Attempt  3	[0.00 s]
0.0.AB: Trace Attempt  4	[0.00 s]
0.0.AB: Trace Attempt  5	[0.00 s]
0.0.AB: Trace Attempt  1	[0.01 s]
0.0.AB: Trace Attempt  2	[0.01 s]
0.0.AB: Trace Attempt  3	[0.01 s]
0.0.AB: Trace Attempt  4	[0.01 s]
0.0.AB: Trace Attempt  5	[0.01 s]
0.0.AB: Trace Attempt  1	[0.04 s]
0.0.AB: Trace Attempt  2	[0.04 s]
0.0.AB: Trace Attempt  3	[0.04 s]
0.0.AB: Trace Attempt  4	[0.04 s]
0.0.AB: Trace Attempt  5	[0.04 s]
0.0.AB: Trace Attempt  1	[0.28 s]
0.0.AB: Trace Attempt  2	[0.28 s]
0.0.AB: Trace Attempt  3	[0.28 s]
0.0.AB: Trace Attempt  4	[0.28 s]
0.0.AB: Trace Attempt  5	[0.28 s]
0.0.AB: Trace Attempt  1	[1.35 s]
0.0.AB: Trace Attempt  2	[1.35 s]
0.0.AB: Trace Attempt  3	[1.35 s]
0.0.AB: Trace Attempt  4	[1.35 s]
0.0.AB: Trace Attempt  5	[1.35 s]
0.0.Mp: Trace Attempt 846	[855.57 s]
0.0.AB: Trace Attempt 130	[5.41 s]
0.0.AB: Trace Attempt 157	[9.43 s]
0.0.AB: Trace Attempt 189	[13.43 s]
0.0.AB: Trace Attempt 201	[17.59 s]
0.0.Mp: Trace Attempt 846	[873.19 s]
0.0.AB: Trace Attempt 211	[22.09 s]
0.0.AB: Trace Attempt 221	[26.95 s]
0.0.AB: Trace Attempt 230	[31.68 s]
0.0.Tri: Trace Attempt 606333	[650.78 s]
0.0.AB: Stopped processing property "DeBouncer.debouncer_sva_i._cover_17"	[33.04 s].
0.0.AB: Morphing to Tricustom6
0.0.AB: Trace Attempt 231	[32.68 s]
0.0.AB: All properties determined. [0.00 s]
0.0.AB: Exited with Success (@ 0.00 s)
0.0.Tri: Stopped processing property "DeBouncer.debouncer_sva_i._cover_17"	[650.95 s].
0.0.Tricustom6: Starting clock optimization
0.0.Tricustom6: Finished clock optimization
0.0.Tricustom6: clocks: 1, declared: 1, disabling: 0, posedge: 1, negedge: 0, noedge: 0, bothedge: 0
0.0.Tri: Morphing to D
0.0.Tri: Trace Attempt 606662	[650.94 s]
0.0.Tri: All properties determined. [0.00 s]
0.0.Tri: Exited with Success (@ 0.00 s)
0.0.D: clocks: 1, declared: 1, disabling: 0, posedge: 1, negedge: 0, noedge: 0, bothedge: 0
0.0.D: Starting proof for property "DeBouncer.debouncer_sva_i._cover_17"	[0.00 s].
0.0.D: Trace Attempt  1	[0.00 s]
0.0.D: Trace Attempt  2	[0.00 s]
0.0.D: Trace Attempt  3	[0.00 s]
0.0.D: Trace Attempt  4	[0.00 s]
0.0.D: Trace Attempt  5	[0.00 s]
0.0.Tricustom6: Starting proof for property "DeBouncer.debouncer_sva_i._cover_17"	[0.00 s].
0.0.Tricustom6: Trace Attempt  4	[0.00 s]
0.0.Tricustom6:    0.00" ---- Launching main thread ----
0.0.Tricustom6:    0.14" ---- Launching abstraction thread ----
0.0.Tricustom6:    0.16" ---- Launching multi-phase simplification thread ----
0.0.Tricustom6:    1.00" Simplification phase 1 complete
0.0.Tricustom6:    1.76" Simplification phase 2 complete
0.0.Tricustom6:    2.33" Simplification phase 3 complete
   2.33" ---- Completed simplification thread ----
0.0.Tricustom6:    2.33" ---- Restarting main thread on simplified netlist ----
0.0.Tricustom6:    2.45" ---- Restarting abstraction thread on simplified netlist ----
0.0.Tricustom6: Trace Attempt 11336	[5.23 s]
0.0.D: Trace Attempt 43	[5.86 s]
0.0.Mp: Trace Attempt 846	[891.56 s]
0.0.Tricustom6: Trace Attempt 26988	[9.95 s]
0.0.Tricustom6: Trace Attempt 56288	[13.95 s]
0.0.Tricustom6: Trace Attempt 65544	[22.02 s]
0.0.Mp: Trace Attempt 846	[910.40 s]
0.0.Tricustom6: Trace Attempt 90324	[28.88 s]
0.0.Tricustom6: Trace Attempt 133040	[42.20 s]
0.0.Mp: Trace Attempt 846	[929.36 s]
0.0.Tricustom6: Trace Attempt 181276	[46.20 s]
0.0.Mp: Trace Attempt 846	[948.24 s]
0.0.Tricustom6: Trace Attempt 193704	[69.07 s]
0.0.Tricustom6: Trace Attempt 234820	[73.31 s]
0.0.Mp: Morphing to Oh
0.0.Mp: All properties determined. [0.00 s]
0.0.Mp: Exited with Success (@ 0.00 s)
0.0.Oh: clocks: 1, declared: 1, disabling: 0, posedge: 1, negedge: 0, noedge: 0, bothedge: 0
0.0.Oh: bwd trail(1): 1 0.00189417s
0.0.Oh: All properties either determined or skipped. [0.10 s]
0.0.Oh: Exited with Success (@ 1209.29 s)
0.0.L: Proofgrid shell started at 2591242@della-i13n22(local) jg_2589066_della-i13n22_1
0.0.L: OS RSS memory limit : 17179869184 / 17179869184
0.0.L: clocks: 1, declared: 1, disabling: 0, posedge: 1, negedge: 0, noedge: 0, bothedge: 0
0.0.L: Using trace diversification with seed 1 (0.05)
0.0.L: Using LRU state removal heuristic
0.0.L: Using states from traces to { (reset) }
0.0.L: Trace Attempt  3	[0.00 s]
0.0.L: Trace Attempt  4	[0.00 s]
0.0.L: Trace Attempt  5	[0.01 s]
0.0.L: Using states from traces to { DeBouncer.debouncer_sva_i._cover_16 (4) }
0.0.L: Trace Attempt  3	[0.01 s]
0.0.L: Trace Attempt  4	[0.01 s]
0.0.L: Trace Attempt  5	[0.01 s]
0.0.L: Trace Attempt 121	[4.95 s]
0.0.L: Trace Attempt 165	[8.99 s]
0.0.L: Trace Attempt 208	[13.14 s]
0.0.Tricustom6: Trace Attempt 278128	[99.70 s]
0.0.Tricustom6: Trace Attempt 323776	[104.11 s]
0.0.L: Trace Attempt 225	[19.18 s]
0.0.Tricustom6: Trace Attempt 373248	[108.62 s]
0.0.L: Trace Attempt 228	[23.60 s]
0.0.L: Trace Attempt 235	[28.58 s]
0.0.L: Trace Attempt 237	[32.62 s]
0.0.L: Trace Attempt 251	[37.02 s]
0.0.L: Trace Attempt 264	[45.99 s]
0.0.L: Trace Attempt 265	[50.14 s]
0.0.L: Trace Attempt 270	[54.40 s]
0.0.L: Trace Attempt 281	[61.70 s]
0.0.L: Trace Attempt 283	[66.53 s]
0.0.Tricustom6: Trace Attempt 399656	[153.37 s]
0.0.L: Trace Attempt 295	[70.90 s]
0.0.Tricustom6: Trace Attempt 443664	[157.37 s]
0.0.L: Trace Attempt 313	[75.12 s]
0.0.Tricustom6: Trace Attempt 489800	[161.62 s]
0.0.L: Trace Attempt 332	[79.22 s]
0.0.Tricustom6: Trace Attempt 534044	[166.14 s]
0.0.D: Trace Attempt 84	[184.10 s]
0.0.L: Trace Attempt 336	[98.62 s]
0.0.L: Using states from traces to { (reset) }
0.0.L: Trace Attempt  3	[100.03 s]
0.0.L: Trace Attempt  4	[100.03 s]
0.0.L: Trace Attempt  5	[100.03 s]
0.0.L: Using states from traces to { DeBouncer.debouncer_sva_i._cover_15 (4) }
0.0.L: Trace Attempt  3	[100.03 s]
0.0.L: Trace Attempt  4	[100.03 s]
0.0.L: Trace Attempt  5	[100.03 s]
0.0.L: Trace Attempt 203	[104.08 s]
0.0.L: Trace Attempt 239	[108.36 s]
0.0.L: Trace Attempt 283	[112.38 s]
0.0.L: Trace Attempt 312	[116.83 s]
0.0.L: Trace Attempt 350	[120.90 s]
0.0.L: Trace Attempt 386	[125.14 s]
0.0.L: Trace Attempt 391	[130.78 s]
0.0.L: Using states from traces to { (reset) }
0.0.L: Trace Attempt  3	[131.80 s]
0.0.L: Trace Attempt  4	[131.81 s]
0.0.L: Trace Attempt  5	[131.81 s]
0.0.L: Trace Attempt 118	[135.88 s]
0.0.L: Trace Attempt 183	[139.89 s]
0.0.Tricustom6: Trace Attempt 567420	[228.09 s]
0.0.L: Trace Attempt 207	[144.02 s]
0.0.Tricustom6: Trace Attempt 603516	[232.30 s]
0.0.L: Trace Attempt 211	[148.58 s]
0.0.Tricustom6: Trace Attempt 636672	[236.30 s]
0.0.L: Trace Attempt 219	[153.52 s]
0.0.Tricustom6: Trace Attempt 671640	[240.47 s]
0.0.L: Trace Attempt 249	[157.61 s]
0.0.Tricustom6: Trace Attempt 705580	[244.47 s]
0.0.Tricustom6: Trace Attempt 741300	[248.47 s]
0.0.L: Trace Attempt 251	[162.95 s]
0.0.Tricustom6: Trace Attempt 769536	[252.47 s]
0.0.L: Trace Attempt 270	[168.37 s]
0.0.Tricustom6: Trace Attempt 800012	[256.73 s]
0.0.L: Trace Attempt 273	[172.42 s]
0.0.L: Trace Attempt 275	[177.25 s]
0.0.L: Trace Attempt 294	[181.27 s]
0.0.L: Morphing to J
0.0.L: Trace Attempt 317	[184.31 s]
0.0.L: All properties determined. [0.00 s]
0.0.L: Exited with Success (@ 0.00 s)
0.0.J: clocks: 1, declared: 1, disabling: 0, posedge: 1, negedge: 0, noedge: 0, bothedge: 0
0.0.J: Trace Attempt  1	[0.00 s]
0.0.J: Trace Attempt  1	[0.00 s]
0.0.J: Trace Attempt  2	[0.00 s]
0.0.J: Trace Attempt  1	[0.00 s]
0.0.J: Trace Attempt  3	[0.00 s]
0.0.J: Trace Attempt  1	[0.00 s]
0.0.J: Trace Attempt  4	[0.00 s]
0.0.J: Trace Attempt  1	[0.00 s]
0.0.J: Trace Attempt  1	[0.00 s]
0.0.J: Trace Attempt  1	[0.00 s]
0.0.J: Trace Attempt  1	[0.00 s]
0.0.J: Trace Attempt  1	[0.00 s]
0.0.J: Trace Attempt  1	[0.00 s]
0.0.J: Trace Attempt  1	[0.00 s]
0.0.J: Trace Attempt  1	[0.00 s]
0.0.J: Trace Attempt  1	[0.00 s]
0.0.J: Trace Attempt  1	[0.00 s]
0.0.J: Trace Attempt  1	[0.00 s]
0.0.J: Trace Attempt  1	[0.01 s]
0.0.J: Trace Attempt  1	[0.01 s]
0.0.J: Trace Attempt  1	[0.01 s]
0.0.J: Trace Attempt  1	[0.01 s]
0.0.J: Trace Attempt  1	[0.01 s]
0.0.J: Trace Attempt  1	[0.02 s]
0.0.J: Trace Attempt  1	[0.02 s]
0.0.J: Trace Attempt  1	[0.04 s]
0.0.J: Trace Attempt  1	[0.05 s]
0.0.J: Trace Attempt  1	[0.07 s]
0.0.J: Trace Attempt  1	[0.11 s]
0.0.J: Trace Attempt  1	[0.16 s]
0.0.J: Trace Attempt  1	[0.23 s]
0.0.J: Trace Attempt  1	[0.34 s]
0.0.J: Trace Attempt  1	[0.51 s]
0.0.J: Trace Attempt  1	[0.76 s]
0.0.J: Trace Attempt  1	[1.14 s]
0.0.J: Trace Attempt  1	[1.71 s]
0.0.J: Trace Attempt  1	[2.56 s]
0.0.J: Trace Attempt  1	[3.83 s]
0.0.J: Trace Attempt  1	[5.75 s]
0.0.J: Trace Attempt  1	[8.62 s]
0.0.J: Trace Attempt 2170880	[12.62 s]
0.0.J: Trace Attempt  1	[12.98 s]
0.0.J: Trace Attempt 2183168	[16.98 s]
0.0.J: Trace Attempt  1	[19.46 s]
0.0.J: Trace Attempt 2185216	[23.46 s]
0.0.J: Trace Attempt 4382720	[27.46 s]
0.0.J: Trace Attempt  1	[29.18 s]
0.0.J: Trace Attempt 2205696	[33.18 s]
0.0.J: Trace Attempt 4405248	[37.18 s]
0.0.J: Trace Attempt 6586368	[41.18 s]
0.0.J: Trace Attempt  1	[43.73 s]
0.0.J: Trace Attempt 2162688	[47.73 s]
0.0.J: Trace Attempt 4362240	[51.73 s]
0.0.J: Trace Attempt 6582272	[55.74 s]
0.0.J: Trace Attempt 8794112	[59.74 s]
0.0.J: Trace Attempt 10967040	[63.74 s]
0.0.J: Trace Attempt  1	[65.54 s]
0.0.J: Trace Attempt 2205696	[69.54 s]
0.0.J: Trace Attempt 4413440	[73.54 s]
0.0.J: Trace Attempt 6600704	[77.54 s]
0.0.J: Trace Attempt 8816640	[81.54 s]
0.0.J: Trace Attempt 11038720	[85.55 s]
0.0.Tricustom6: Trace Attempt 804196	[357.18 s]
0.0.J: Trace Attempt 13062144	[89.55 s]
0.0.Tricustom6: Trace Attempt 840244	[361.52 s]
0.0.J: Trace Attempt 15013888	[93.55 s]
0.0.Tricustom6: Trace Attempt 874976	[365.59 s]
0.0.J: Trace Attempt 16986112	[97.55 s]
0.0.Tricustom6: Trace Attempt 906896	[369.59 s]
0.0.J: Trace Attempt  1	[99.67 s]
0.0.Tricustom6: Trace Attempt 937976	[374.07 s]
0.0.J: Trace Attempt 2095104	[103.67 s]
0.0.Tricustom6: Trace Attempt 975148	[378.07 s]
0.0.J: Trace Attempt 4085760	[107.67 s]
0.0.Tricustom6: Trace Attempt 1002472	[382.07 s]
0.0.J: Trace Attempt 6066176	[111.68 s]
0.0.J: Trace Attempt 8134656	[115.68 s]
0.0.Tricustom6: Trace Attempt 1035548	[386.34 s]
0.0.J: Trace Attempt 10184704	[119.68 s]
0.0.Tricustom6: Trace Attempt 1072344	[390.34 s]
0.0.J: Trace Attempt 12087296	[123.68 s]
0.0.Tricustom6: Trace Attempt 1100432	[394.34 s]
0.0.J: Trace Attempt 14071808	[127.68 s]
0.0.Tricustom6: Trace Attempt 1135720	[398.39 s]
0.0.J: Trace Attempt 16193536	[131.68 s]
0.0.J: Trace Attempt 18393088	[135.68 s]
0.0.J: Trace Attempt 20580352	[139.68 s]
0.0.J: Trace Attempt 22753280	[143.68 s]
0.0.J: Trace Attempt 24944640	[147.68 s]
0.0.J: Trace Attempt  1	[151.22 s]
0.0.J: Trace Attempt 2199552	[155.22 s]
0.0.J: Trace Attempt 4397056	[159.22 s]
0.0.J: Trace Attempt 6590464	[163.22 s]
0.0.J: Trace Attempt 8763392	[167.22 s]
0.0.J: Trace Attempt 10956800	[171.23 s]
0.0.J: Trace Attempt 13154304	[175.23 s]
0.0.J: Trace Attempt 15353856	[179.23 s]
0.0.J: Trace Attempt 17555456	[183.23 s]
0.0.J: Interrupted (multi)
0.0.J: Morphing to U2
0.0.J: Trace Attempt 18395137	[184.76 s]
0.0.J: All properties determined. [0.00 s]
0.0.J: Exited with Success (@ 0.00 s)
0.0.U2: clocks: 1, declared: 1, disabling: 0, posedge: 1, negedge: 0, noedge: 0, bothedge: 0
0.0.U2: Reached length limit (10000) [0.00 s]
0.0.U: Proofgrid shell started at 2591832@della-i13n22(local) jg_2589066_della-i13n22_1
0.0.U2: Exited with Success (@ 1586.16 s)
0.0.U: OS RSS memory limit : 17179869184 / 17179869184
0.0.U: Reached length limit (100) [0.00 s]
0.0.U: Exited with Success (@ 1589.17 s)
0.0.Hp: Proofgrid shell started at 2591839@della-i13n22(local) jg_2589066_della-i13n22_1
0.0.Hp: OS RSS memory limit : 17179869184 / 17179869184
0.0.Hp: clocks: 1, declared: 1, disabling: 0, posedge: 1, negedge: 0, noedge: 0, bothedge: 0
0.0.Tricustom6: Trace Attempt 1141208	[510.37 s]
0.0.Tricustom6: Trace Attempt 1169148	[514.37 s]
0.0.Tricustom6: Trace Attempt 1205164	[518.37 s]
0.0.Tricustom6: Trace Attempt 1237936	[522.37 s]
0.0.Tricustom6: Trace Attempt 1274208	[526.60 s]
0.0.Tricustom6: Trace Attempt 1299144	[530.60 s]
0.0.Tricustom6: Trace Attempt 1328784	[534.83 s]
0.0.Tricustom6: Trace Attempt 1357796	[539.06 s]
0.0.Tricustom6: Trace Attempt 1394612	[543.06 s]
0.0.Tricustom6: Trace Attempt 1417908	[547.06 s]
0.0.Tricustom6: Trace Attempt 1448224	[551.47 s]
0.0.Tricustom6: Trace Attempt 1483900	[555.74 s]
0.0.Tricustom6: Trace Attempt 1517396	[560.18 s]
0.0.Tricustom6: Trace Attempt 1544696	[564.47 s]
0.0.Tricustom6: Trace Attempt 1579604	[568.89 s]
0.0.Tricustom6: Trace Attempt 1613520	[572.89 s]
0.0.Tricustom6: Trace Attempt 1636560	[576.89 s]
0.0.Tricustom6: Trace Attempt 1670908	[581.41 s]
0.0.Tricustom6: Trace Attempt 1699548	[788.40 s]
0.0.Tricustom6: Trace Attempt 1728588	[792.40 s]
0.0.Tricustom6: Trace Attempt 1757712	[796.83 s]
0.0.Tricustom6: Trace Attempt 1798668	[801.10 s]
0.0.Tricustom6: Trace Attempt 1829980	[805.11 s]
0.0.Tricustom6: Trace Attempt 1863800	[809.11 s]
0.0.Tricustom6: Trace Attempt 1891900	[813.21 s]
0.0.Tricustom6: Trace Attempt 1912348	[817.27 s]
0.0.Tricustom6: Trace Attempt 1949472	[821.27 s]
0.0.Tricustom6: Trace Attempt 1985020	[825.27 s]
0.0.Tricustom6: Trace Attempt 2012440	[829.27 s]
0.0.Tricustom6: Trace Attempt 2043844	[833.27 s]
0.0.Tricustom6: Trace Attempt 2072012	[837.54 s]
0.0.Tricustom6: Trace Attempt 2100740	[841.90 s]
0.0.Tricustom6: Trace Attempt 2136448	[845.90 s]
0.0.Tricustom6: Trace Attempt 2167184	[849.90 s]
0.0.Tricustom6: Trace Attempt 2198472	[853.90 s]
0.0.Tricustom6: Trace Attempt 2224264	[857.91 s]
0.0.Tricustom6: Trace Attempt 2256500	[861.91 s]
0.0.Tricustom6: Trace Attempt 2274636	[865.91 s]
0.0.Tricustom6: Trace Attempt 2306768	[869.91 s]
0.0.Tricustom6: Trace Attempt 2336152	[874.27 s]
0.0.Tricustom6: Trace Attempt 2371852	[878.47 s]
0.0.Tricustom6: Trace Attempt 2404720	[883.81 s]
0.0.Tricustom6: Trace Attempt 2431872	[887.96 s]
0.0.Tricustom6: Trace Attempt 2463864	[891.96 s]
0.0.Tricustom6: Trace Attempt 2489728	[895.96 s]
0.0.Tricustom6: Trace Attempt 2519644	[900.33 s]
0.0.D: Trace Attempt 149	[1010.81 s]
0.0.Tricustom6: Trace Attempt 2529916	[1203.31 s]
0.0.Tricustom6: Stopped processing property "DeBouncer.debouncer_sva_i._cover_17"	[1203.51 s].
0.0.Tricustom6: Morphing to AB
0.0.Tricustom6: Trace Attempt 2531936	[1203.51 s]
0.0.Tricustom6: All properties determined. [0.00 s]
0.0.Tricustom6: Exited with Success (@ 0.00 s)
0.0.AB: clocks: 1, declared: 1, disabling: 0, posedge: 1, negedge: 0, noedge: 0, bothedge: 0
0.0.AB: Starting proof for property "DeBouncer.debouncer_sva_i._cover_17"	[0.00 s].
0.0.AB: Trace Attempt  1	[0.00 s]
0.0.AB: Trace Attempt  2	[0.00 s]
0.0.AB: Trace Attempt  3	[0.00 s]
0.0.AB: Trace Attempt  4	[0.00 s]
0.0.AB: Trace Attempt  5	[0.00 s]
0.0.AB: Trace Attempt  1	[0.02 s]
0.0.AB: Trace Attempt  2	[0.02 s]
0.0.AB: Trace Attempt  3	[0.02 s]
0.0.AB: Trace Attempt  4	[0.02 s]
0.0.AB: Trace Attempt  5	[0.02 s]
0.0.AB: Trace Attempt  1	[0.08 s]
0.0.AB: Trace Attempt  2	[0.08 s]
0.0.AB: Trace Attempt  3	[0.08 s]
0.0.AB: Trace Attempt  4	[0.08 s]
0.0.AB: Trace Attempt  5	[0.08 s]
0.0.AB: Trace Attempt  1	[0.32 s]
0.0.AB: Trace Attempt  2	[0.32 s]
0.0.AB: Trace Attempt  3	[0.32 s]
0.0.AB: Trace Attempt  4	[0.32 s]
0.0.AB: Trace Attempt  5	[0.32 s]
0.0.AB: Trace Attempt  1	[1.39 s]
0.0.AB: Trace Attempt  2	[1.39 s]
0.0.AB: Trace Attempt  3	[1.39 s]
0.0.AB: Trace Attempt  4	[1.39 s]
0.0.AB: Trace Attempt  5	[1.39 s]
0.0.AB: Trace Attempt 130	[5.41 s]
0.0.AB: Trace Attempt 158	[9.49 s]
0.0.AB: Trace Attempt 190	[13.79 s]
0.0.AB: Trace Attempt 202	[17.88 s]
0.0.AB: Trace Attempt 211	[21.91 s]
0.0.AB: Trace Attempt 221	[26.70 s]
0.0.AB: Trace Attempt 230	[31.32 s]
0.0.AB: Trace Attempt 239	[35.94 s]
0.0.AB: Trace Attempt 244	[40.15 s]
0.0.AB: Trace Attempt 250	[44.54 s]
0.0.AB: Trace Attempt 88	[48.54 s]
0.0.AB: Trace Attempt 169	[52.65 s]
0.0.AB: Trace Attempt 213	[56.72 s]
0.0.AB: Trace Attempt 247	[60.74 s]
0.0.AB: Trace Attempt  1	[62.52 s]
0.0.AB: Trace Attempt  2	[62.52 s]
0.0.AB: Trace Attempt  3	[62.52 s]
0.0.AB: Trace Attempt  4	[62.52 s]
0.0.AB: Trace Attempt  5	[62.52 s]
0.0.AB: Trace Attempt 121	[66.79 s]
0.0.AB: Trace Attempt 168	[71.20 s]
0.0.AB: Trace Attempt 190	[75.52 s]
0.0.AB: Trace Attempt 208	[80.51 s]
0.0.AB: Trace Attempt 214	[85.82 s]
0.0.AB: Trace Attempt 231	[91.00 s]
0.0.AB: Trace Attempt 244	[98.07 s]
0.0.AB: Trace Attempt 248	[102.09 s]
0.0.AB: Trace Attempt 254	[106.25 s]
0.0.AB: Trace Attempt 257	[110.91 s]
0.0.AB: Trace Attempt 260	[115.53 s]
0.0.AB: Trace Attempt 268	[121.72 s]
0.0.AB: Trace Attempt 270	[126.16 s]
0.0.AB: Trace Attempt 274	[130.96 s]
0.0.AB: Trace Attempt 277	[135.22 s]
0.0.AB: Trace Attempt 296	[144.90 s]
0.0.AB: Trace Attempt 297	[154.45 s]
0.0.AB: Trace Attempt 298	[161.02 s]
0.0.AB: Trace Attempt 301	[165.41 s]
0.0.AB: Trace Attempt 304	[170.00 s]
0.0.AB: Trace Attempt 306	[174.04 s]
0.0.AB: Trace Attempt 308	[182.07 s]
0.0.AB: Trace Attempt 311	[186.48 s]
0.0.AB: Trace Attempt 314	[195.40 s]
0.0.AB: Trace Attempt 316	[200.81 s]
0.0.AB: Trace Attempt 318	[207.91 s]
0.0.AB: Trace Attempt 321	[215.28 s]
0.0.AB: Trace Attempt 322	[224.46 s]
0.0.AB: Trace Attempt 323	[230.52 s]
0.0.AB: Trace Attempt 324	[235.22 s]
0.0.AB: Trace Attempt 326	[239.25 s]
0.0.AB: Trace Attempt 329	[247.08 s]
0.0.AB: Trace Attempt 330	[251.81 s]
0.0.AB: Trace Attempt 332	[256.43 s]
0.0.AB: Trace Attempt 336	[273.72 s]
0.0.AB: Trace Attempt 337	[278.09 s]
0.0.AB: Trace Attempt 340	[283.65 s]
0.0.AB: Trace Attempt 343	[290.08 s]
0.0.AB: Trace Attempt 344	[294.69 s]
0.0.AB: Trace Attempt 345	[305.45 s]
0.0.AB: Trace Attempt 347	[309.97 s]
0.0.AB: Trace Attempt 351	[315.57 s]
0.0.AB: Trace Attempt 352	[320.57 s]
0.0.AB: Trace Attempt 354	[324.75 s]
0.0.AB: Trace Attempt 359	[339.64 s]
0.0.AB: Trace Attempt 360	[344.40 s]
0.0.AB: Trace Attempt 363	[353.04 s]
0.0.AB: Trace Attempt 365	[357.68 s]
0.0.AB: Trace Attempt 367	[365.62 s]
0.0.AB: Trace Attempt 368	[377.97 s]
0.0.D: Stopped processing property "DeBouncer.debouncer_sva_i._cover_17"	[1593.67 s].
0.0.D: Morphing to Ncustom1
0.0.D: All properties determined. [0.00 s]
0.0.D: Exited with Success (@ 0.00 s)
0.0.Ncustom1: clocks: 1, declared: 1, disabling: 0, posedge: 1, negedge: 0, noedge: 0, bothedge: 0
0.0.Ncustom1: Starting proof for property "DeBouncer.debouncer_sva_i._cover_17"	[0.00 s].
0.0.Ncustom1: Trace Attempt 90	[0.01 s]
0.0.AB: Stopped processing property "DeBouncer.debouncer_sva_i._cover_17"	[389.98 s].
0.0.AB: Morphing to K
0.0.AB: All properties determined. [0.00 s]
0.0.AB: Exited with Success (@ 0.00 s)
0.0.K: clocks: 1, declared: 1, disabling: 0, posedge: 1, negedge: 0, noedge: 0, bothedge: 0
0.0.K: Starting proof for property "DeBouncer.debouncer_sva_i._cover_17"	[0.00 s].
0.0.Ncustom1: Trace Attempt 91	[7.67 s]
0.0.K: Trace Attempt  1	[7.80 s]
0.0.K: Trace Attempt  2	[7.81 s]
0.0.K: Trace Attempt  3	[7.81 s]
0.0.K: Trace Attempt  4	[7.81 s]
0.0.K: Trace Attempt  5	[7.81 s]
0.0.Ncustom1: Trace Attempt  1	[7.95 s]
0.0.Ncustom1: Trace Attempt  2	[7.95 s]
0.0.Ncustom1: Trace Attempt  3	[7.95 s]
0.0.Ncustom1: Trace Attempt  5	[7.95 s]
0.0.K: Trace Attempt 119	[11.94 s]
0.0.Ncustom1: Trace Attempt 317	[15.88 s]
0.0.K: Trace Attempt 160	[16.04 s]
0.0.K: Trace Attempt 188	[20.37 s]
0.0.Ncustom1: Trace Attempt 404	[23.74 s]
0.0.K: Trace Attempt 207	[25.67 s]
0.0.Ncustom1: Trace Attempt 449	[27.82 s]
0.0.K: Trace Attempt 210	[29.82 s]
0.0.K: Trace Attempt 275	[35.18 s]
0.0.Ncustom1: Trace Attempt 518	[35.21 s]
0.0.Ncustom1: Trace Attempt 720	[40.33 s]
0.0.K: Trace Attempt 279	[40.81 s]
0.0.Ncustom1: Trace Attempt 808	[46.28 s]
0.0.K: Trace Attempt 281	[46.52 s]
0.0.K: Trace Attempt 302	[50.53 s]
0.0.Ncustom1: Trace Attempt 889	[51.80 s]
0.0.K: Trace Attempt 314	[56.32 s]
0.0.Ncustom1: Trace Attempt 1136	[60.73 s]
0.0.K: Trace Attempt 320	[63.00 s]
0.0.K: Trace Attempt 329	[67.61 s]
0.0.Ncustom1: Trace Attempt 1200	[70.19 s]
0.0.Ncustom1: Trace Attempt 1274	[74.19 s]
0.0.K: Trace Attempt 331	[74.34 s]
0.0.K: Trace Attempt 333	[78.83 s]
0.0.Ncustom1: Trace Attempt 1279	[89.00 s]
0.0.Ncustom1: Trace Attempt 1531	[97.11 s]
0.0.K: Trace Attempt 338	[99.66 s]
0.0.Ncustom1: Trace Attempt 1627	[101.72 s]
0.0.Ncustom1: Trace Attempt 2034	[105.77 s]
0.0.K: Trace Attempt 339	[110.34 s]
0.0.Ncustom1: Trace Attempt 2082	[116.69 s]
0.0.K: Trace Attempt 340	[117.47 s]
0.0.Ncustom1: Trace Attempt 2399	[122.32 s]
0.0.K: Trace Attempt 342	[127.33 s]
0.0.Ncustom1: Trace Attempt 2747	[130.73 s]
0.0.K: Trace Attempt 343	[136.02 s]
0.0.Ncustom1: Trace Attempt 2825	[138.47 s]
0.0.K: Trace Attempt 344	[141.43 s]
0.0.Ncustom1: Trace Attempt 2868	[142.54 s]
0.0.Ncustom1: Trace Attempt 2937	[146.72 s]
0.0.K: Trace Attempt 345	[147.59 s]
0.0.K: Trace Attempt 346	[152.44 s]
0.0.Ncustom1: Trace Attempt 3119	[156.70 s]
0.0.K: Trace Attempt 347	[157.34 s]
0.0.Ncustom1: Trace Attempt 3213	[160.82 s]
0.0.K: Trace Attempt 348	[161.97 s]
0.0.K: Trace Attempt 388	[166.09 s]
0.0.Ncustom1: Trace Attempt 3368	[167.15 s]
0.0.Ncustom1: Trace Attempt 3461	[175.19 s]
0.0.Ncustom1: Trace Attempt 3546	[183.33 s]
0.0.K: Trace Attempt 402	[185.02 s]
0.0.Ncustom1: Trace Attempt 3678	[188.90 s]
0.0.Ncustom1: Trace Attempt 3767	[193.85 s]
0.0.Ncustom1: Trace Attempt 3977	[199.13 s]
0.0.K: Trace Attempt 403	[203.48 s]
0.0.Ncustom1: Trace Attempt 4071	[205.58 s]
0.0.Ncustom1: Trace Attempt 4111	[209.69 s]
0.0.Ncustom1: Trace Attempt 4161	[213.70 s]
0.0.K: Trace Attempt 404	[217.11 s]
0.0.Ncustom1: Trace Attempt 4371	[217.72 s]
0.0.Ncustom1: Trace Attempt 4614	[221.76 s]
0.0.Ncustom1: Trace Attempt 4797	[225.78 s]
0.0.K: Trace Attempt 405	[233.90 s]
0.0.Ncustom1: Trace Attempt 4898	[238.49 s]
0.0.K: Trace Attempt 406	[244.21 s]
0.0.K: Trace Attempt 407	[263.44 s]
0.0.Ncustom1: Trace Attempt 4949	[264.30 s]
0.0.K: Trace Attempt 408	[281.94 s]
0.0.Ncustom1: Trace Attempt 4989	[285.02 s]
0.0.K: Trace Attempt 409	[294.78 s]
0.0.K: Trace Attempt 410	[305.65 s]
0.0.K: Trace Attempt 412	[312.99 s]
0.0.K: Trace Attempt 413	[325.71 s]
0.0.K: Trace Attempt 414	[339.93 s]
0.0.K: Trace Attempt 415	[346.60 s]
0.0.K: Trace Attempt 416	[356.78 s]
0.0.K: Trace Attempt 417	[367.66 s]
0.0.K: Trace Attempt 418	[375.67 s]
0.0.K: Trace Attempt 420	[380.76 s]
0.0.Ncustom1: Trace Attempt 5013	[392.78 s]
0.0.Ncustom1: Trace Attempt 5451	[396.85 s]
0.0.Ncustom1: Trace Attempt 5546	[400.94 s]
0.0.Ncustom1: Trace Attempt 5726	[404.95 s]
0.0.Ncustom1: Trace Attempt 6047	[409.05 s]
0.0.K: Trace Attempt 423	[412.43 s]
0.0.Ncustom1: Trace Attempt 6235	[413.10 s]
0.0.Ncustom1: Trace Attempt 6322	[421.46 s]
0.0.Ncustom1: Trace Attempt 6591	[425.56 s]
0.0.Ncustom1: Trace Attempt 6700	[429.66 s]
0.0.K: Trace Attempt 424	[430.11 s]
0.0.Ncustom1: Trace Attempt 6818	[433.72 s]
0.0.K: Trace Attempt 425	[449.94 s]
0.0.K: Trace Attempt 426	[465.33 s]
0.0.K: Trace Attempt 427	[482.27 s]
0.0.K: Trace Attempt 428	[510.40 s]
0.0.K: Trace Attempt 429	[529.50 s]
0.0.K: Trace Attempt 430	[556.43 s]
0.0.K: Trace Attempt 431	[575.15 s]
0.0.K: Trace Attempt 432	[585.63 s]
0.0.K: Trace Attempt 433	[594.30 s]
0.0.K: Trace Attempt 434	[602.38 s]
0.0.K: Trace Attempt 436	[614.96 s]
0.0.K: Trace Attempt 437	[626.40 s]
0.0.K: Trace Attempt 438	[631.65 s]
0.0.K: Trace Attempt 457	[635.68 s]
0.0.K: Trace Attempt 487	[678.07 s]
0.0.K: Trace Attempt 488	[695.32 s]
0.0.K: Trace Attempt 489	[726.09 s]
0.0.K: Trace Attempt 490	[747.58 s]
0.0.K: Trace Attempt 491	[760.64 s]
0.0.K: Trace Attempt 492	[788.56 s]
0.0.Hp: Interrupted (multi)
0.0.Hp: Morphing to Mp
0.0.Hp: All properties determined. [0.00 s]
0.0.Hp: Exited with Success (@ 0.00 s)
0.0.Mp: clocks: 1, declared: 1, disabling: 0, posedge: 1, negedge: 0, noedge: 0, bothedge: 0
0.0.Mp: Trace Attempt  1	[0.00 s]
0.0.Mp: Trace Attempt  2	[0.00 s]
0.0.Mp: Trace Attempt  3	[0.00 s]
0.0.Mp: Trace Attempt  3	[0.00 s]
0.0.Mp: Trace Attempt  4	[0.00 s]
0.0.Mp: Trace Attempt  4	[0.00 s]
0.0.Mp: Trace Attempt  5	[0.00 s]
0.0.Mp: Trace Attempt 130	[4.09 s]
0.0.Mp: Trace Attempt 160	[8.48 s]
0.0.Mp: Trace Attempt 160	[12.63 s]
0.0.Mp: Trace Attempt 210	[16.64 s]
0.0.Mp: Trace Attempt 307	[20.84 s]
0.0.K: Trace Attempt 493	[818.12 s]
0.0.Mp: Trace Attempt 329	[24.93 s]
0.0.Mp: Trace Attempt 365	[29.44 s]
0.0.Mp: Trace Attempt 365	[34.10 s]
0.0.Mp: Trace Attempt 365	[39.12 s]
0.0.Mp: Trace Attempt 365	[44.68 s]
0.0.K: Trace Attempt 494	[842.76 s]
0.0.Mp: Trace Attempt 365	[50.70 s]
0.0.Mp: Trace Attempt 365	[57.23 s]
0.0.K: Trace Attempt 495	[857.61 s]
0.0.Mp: Trace Attempt 365	[64.31 s]
0.0.Mp: Trace Attempt 365	[71.55 s]
0.0.K: Trace Attempt 496	[873.43 s]
0.0.Mp: Trace Attempt 365	[79.31 s]
0.0.Mp: Trace Attempt 365	[87.17 s]
0.0.K: Trace Attempt 497	[886.37 s]
0.0.Mp: Trace Attempt 365	[91.53 s]
0.0.Mp: Trace Attempt 365	[95.96 s]
0.0.Mp: Trace Attempt 365	[100.57 s]
0.0.K: Trace Attempt 498	[901.94 s]
0.0.Mp: Trace Attempt 365	[105.36 s]
0.0.Mp: Trace Attempt 365	[110.19 s]
0.0.Mp: Trace Attempt 365	[115.35 s]
0.0.Mp: Trace Attempt 365	[120.62 s]
0.0.Mp: Trace Attempt 365	[125.62 s]
0.0.K: Trace Attempt 499	[925.14 s]
0.0.Mp: Trace Attempt 365	[130.77 s]
0.0.Mp: Trace Attempt 365	[135.58 s]
0.0.Mp: Trace Attempt 452	[139.63 s]
0.0.Mp: Trace Attempt 465	[146.32 s]
0.0.Mp: Trace Attempt 465	[152.40 s]
0.0.Mp: Trace Attempt 465	[158.86 s]
0.0.Mp: Trace Attempt 465	[165.46 s]
0.0.K: Trace Attempt 500	[966.42 s]
0.0.Mp: Trace Attempt 465	[172.00 s]
0.0.Mp: Trace Attempt 465	[179.00 s]
0.0.Mp: Trace Attempt 465	[185.92 s]
0.0.Mp: Trace Attempt 465	[193.05 s]
0.0.K: Trace Attempt 501	[994.93 s]
0.0.Mp: Trace Attempt 465	[199.98 s]
0.0.Ncustom1: Trace Attempt 6873	[998.01 s]
0.0.Ncustom1: Trace Attempt 7233	[1002.18 s]
0.0.Mp: Trace Attempt 465	[207.33 s]
0.0.Ncustom1: Trace Attempt 7286	[1006.21 s]
0.0.Mp: Trace Attempt 465	[214.89 s]
0.0.K: Trace Attempt 502	[1019.31 s]
0.0.Mp: Trace Attempt 465	[222.41 s]
0.0.Mp: Trace Attempt 465	[230.25 s]
0.0.Ncustom1: Trace Attempt 7306	[1029.12 s]
0.0.Ncustom1: Trace Attempt 7394	[1033.24 s]
0.0.Mp: Trace Attempt 465	[237.73 s]
0.0.K: Trace Attempt 503	[1036.14 s]
0.0.Mp: Trace Attempt 465	[245.66 s]
0.0.K: Trace Attempt 504	[1043.25 s]
0.0.Mp: Trace Attempt 465	[252.79 s]
0.0.K: Trace Attempt 505	[1052.88 s]
0.0.Mp: Trace Attempt 576	[256.82 s]
0.0.Mp: Trace Attempt 600	[266.67 s]
0.0.Ncustom1: Trace Attempt 7436	[1066.28 s]
0.0.K: Trace Attempt 506	[1068.78 s]
0.0.Ncustom1: Trace Attempt 7481	[1070.33 s]
0.0.Mp: Trace Attempt 600	[275.63 s]
0.0.Mp: Trace Attempt 600	[284.67 s]
0.0.Mp: Trace Attempt 600	[293.83 s]
0.0.K: Trace Attempt 507	[1098.37 s]
0.0.Mp: Trace Attempt 600	[302.84 s]
0.0.Ncustom1: Trace Attempt 7498	[1105.42 s]
0.0.Mp: Trace Attempt 600	[312.38 s]
0.0.Ncustom1: Trace Attempt 7512	[1109.71 s]
0.0.Ncustom1: Trace Attempt 7522	[1113.90 s]
0.0.Ncustom1: Trace Attempt 7534	[1118.11 s]
0.0.Mp: Trace Attempt 600	[322.24 s]
0.0.Ncustom1: Trace Attempt 7549	[1122.18 s]
0.0.Ncustom1: Trace Attempt 7572	[1126.25 s]
0.0.K: Trace Attempt 508	[1128.70 s]
0.0.Mp: Trace Attempt 600	[332.25 s]
0.0.Mp: Trace Attempt 600	[342.54 s]
0.0.Mp: Trace Attempt 600	[352.72 s]
0.0.K: Trace Attempt 509	[1154.33 s]
0.0.Mp: Trace Attempt 600	[362.79 s]
0.0.Mp: Trace Attempt 600	[373.41 s]
0.0.Ncustom1: Trace Attempt 7614	[1177.09 s]
0.0.Ncustom1: Trace Attempt 8283	[1181.14 s]
0.0.Mp: Trace Attempt 600	[384.10 s]
0.0.Ncustom1: Trace Attempt 8489	[1185.19 s]
0.0.Ncustom1: Trace Attempt 8585	[1189.29 s]
0.0.K: Trace Attempt 510	[1190.10 s]
0.0.Mp: Trace Attempt 600	[393.96 s]
0.0.Mp: Trace Attempt 601	[398.84 s]
0.0.Mp: Trace Attempt 677	[402.90 s]
0.0.K: Trace Attempt 511	[1206.50 s]
0.0.Mp: Trace Attempt 718	[417.42 s]
0.0.K: Trace Attempt 512	[1218.79 s]
0.0.Mp: Trace Attempt 718	[429.45 s]
0.0.Ncustom1: Trace Attempt 8623	[1230.23 s]
0.0.Ncustom1: Trace Attempt 8696	[1234.30 s]
0.0.K: Trace Attempt 513	[1236.50 s]
0.0.Mp: Trace Attempt 718	[441.97 s]
0.0.Mp: Trace Attempt 718	[454.59 s]
0.0.Mp: Trace Attempt 718	[467.03 s]
0.0.Ncustom1: Trace Attempt 8737	[1267.07 s]
0.0.Mp: Trace Attempt 718	[479.70 s]
0.0.Mp: Trace Attempt 718	[492.57 s]
0.0.K: Trace Attempt 514	[1292.33 s]
0.0.Ncustom1: Trace Attempt 8811	[1300.33 s]
0.0.Mp: Trace Attempt 718	[505.84 s]
0.0.Ncustom1: Trace Attempt 8820	[1304.65 s]
0.0.Ncustom1: Trace Attempt 8833	[1308.66 s]
0.0.Ncustom1: Trace Attempt 8844	[1312.83 s]
0.0.Mp: Trace Attempt 718	[519.05 s]
0.0.Ncustom1: Trace Attempt 8861	[1316.97 s]
0.0.Ncustom1: Trace Attempt 8873	[1321.28 s]
0.0.Ncustom1: Trace Attempt 8887	[1325.45 s]
0.0.K: Trace Attempt 515	[1327.39 s]
0.0.Ncustom1: Trace Attempt 8906	[1329.53 s]
0.0.Mp: Trace Attempt 718	[532.77 s]
0.0.Mp: Trace Attempt 718	[546.13 s]
0.0.K: Trace Attempt 516	[1351.83 s]
0.0.Mp: Trace Attempt 718	[559.72 s]
0.0.Mp: Trace Attempt 718	[573.92 s]
0.0.Mp: Trace Attempt 718	[587.83 s]
0.0.K: Trace Attempt 517	[1389.00 s]
0.0.Mp: Trace Attempt 718	[601.03 s]
0.0.Mp: Trace Attempt 742	[605.10 s]
0.0.Mp: Trace Attempt 788	[622.54 s]
0.0.K: Trace Attempt 518	[1422.54 s]
0.0.Mp: Trace Attempt 788	[638.01 s]
0.0.K: Trace Attempt 519	[1444.28 s]
0.0.Mp: Trace Attempt 788	[653.00 s]
0.0.Mp: Trace Attempt 788	[668.54 s]
0.0.K: Trace Attempt 520	[1466.23 s]
0.0.Mp: Trace Attempt 788	[684.02 s]
0.0.K: Trace Attempt 521	[1494.21 s]
0.0.Mp: Trace Attempt 788	[699.70 s]
0.0.Mp: Trace Attempt 788	[715.86 s]
0.0.Ncustom1: Trace Attempt 8955	[1514.56 s]
0.0.K: Trace Attempt 522	[1514.64 s]
0.0.Ncustom1: Trace Attempt 9389	[1518.58 s]
0.0.Ncustom1: Trace Attempt 9495	[1522.81 s]
0.0.Mp: Trace Attempt 788	[732.57 s]
0.0.K: Trace Attempt 523	[1535.45 s]
0.0.Ncustom1: Trace Attempt 9529	[1543.76 s]
0.0.Mp: Trace Attempt 788	[749.46 s]
0.0.Ncustom1: Trace Attempt 9595	[1547.81 s]
0.0.Mp: Trace Attempt 788	[766.36 s]
0.0.Mp: Trace Attempt 788	[783.58 s]
0.0.K: Trace Attempt 524	[1583.98 s]
0.0.Ncustom1: Trace Attempt 9626	[1593.47 s]
0.0.Ncustom1: Trace Attempt 9654	[1597.53 s]
0.0.Mp: Trace Attempt 788	[800.47 s]
0.0.Mp: Trace Attempt 789	[807.31 s]
0.0.Mp: Trace Attempt 893	[811.76 s]
0.0.Mp: Trace Attempt 931	[832.47 s]
0.0.K: Trace Attempt 525	[1632.09 s]
0.0.Ncustom1: Trace Attempt 9700	[1640.27 s]
0.0.Ncustom1: Trace Attempt 9708	[1644.93 s]
0.0.Mp: Trace Attempt 931	[851.16 s]
0.0.Ncustom1: Trace Attempt 9716	[1649.24 s]
0.0.Ncustom1: Trace Attempt 9735	[1653.37 s]
0.0.Mp: Trace Attempt 931	[870.35 s]
0.0.K: Trace Attempt 526	[1675.00 s]
0.0.Ncustom1: Trace Attempt 9774	[1684.26 s]
0.0.Mp: Trace Attempt 931	[889.40 s]
0.0.Ncustom1: Trace Attempt 9785	[1688.43 s]
0.0.Ncustom1: Trace Attempt 9799	[1692.61 s]
0.0.Ncustom1: Trace Attempt 9817	[1696.65 s]
0.0.Ncustom1: Trace Attempt 9860	[1705.85 s]
0.0.Mp: Trace Attempt 931	[908.92 s]
0.0.Ncustom1: Trace Attempt 10336	[1709.87 s]
0.0.Ncustom1: Trace Attempt 10467	[1713.93 s]
0.0.Ncustom1: Trace Attempt 10540	[1717.98 s]
0.0.Mp: Trace Attempt 931	[928.61 s]
0.0.K: Trace Attempt 527	[1728.45 s]
0.0.Mp: Trace Attempt 931	[948.30 s]
0.0.K: Trace Attempt 528	[1764.62 s]
0.0.Mp: Trace Attempt 931	[968.67 s]
0.0.Ncustom1: Trace Attempt 10570	[1777.05 s]
0.0.Ncustom1: Trace Attempt 10596	[1781.18 s]
0.0.Mp: Trace Attempt 931	[988.67 s]
0.0.Mp: Trace Attempt 931	[1009.41 s]
0.0.Ncustom1: Trace Attempt 10634	[1807.91 s]
0.0.Ncustom1: Trace Attempt 10705	[1812.00 s]
0.0.K: Trace Attempt 529	[1824.55 s]
0.0.Mp: Trace Attempt 931	[1028.35 s]
0.0.Mp: Trace Attempt 932	[1037.56 s]
0.0.Mp: Trace Attempt 975	[1041.71 s]
0.0.Ncustom1: Trace Attempt 10735	[1841.48 s]
0.0.Ncustom1: Trace Attempt 10782	[1845.50 s]
0.0.K: Trace Attempt 530	[1849.86 s]
0.0.Mp: Trace Attempt 1022	[1066.71 s]
0.0.K: Trace Attempt 531	[1877.94 s]
0.0.Ncustom1: Trace Attempt 10802	[1879.19 s]
0.0.Ncustom1: Trace Attempt 10809	[1883.80 s]
0.0.Mp: Trace Attempt 1022	[1088.57 s]
0.0.Ncustom1: Trace Attempt 10816	[1888.12 s]
0.0.Ncustom1: Trace Attempt 10824	[1892.21 s]
0.0.Ncustom1: Trace Attempt 10833	[1896.57 s]
0.0.K: Trace Attempt 532	[1898.81 s]
0.0.Ncustom1: Trace Attempt 10841	[1900.63 s]
0.0.Ncustom1: Trace Attempt 10850	[1904.88 s]
0.0.Mp: Trace Attempt 1022	[1110.87 s]
0.0.Ncustom1: Trace Attempt 10860	[1909.01 s]
0.0.Ncustom1: Trace Attempt 10872	[1913.17 s]
0.0.Ncustom1: Trace Attempt 10887	[1917.22 s]
0.0.K: Trace Attempt 533	[1917.74 s]
0.0.Ncustom1: Trace Attempt 10911	[1921.33 s]
0.0.Mp: Trace Attempt 1022	[1133.32 s]
0.0.Mp: Trace Attempt 1022	[1155.72 s]
0.0.K: Trace Attempt 534	[1963.16 s]
0.0.Mp: Trace Attempt 1022	[1177.98 s]
0.0.K: Trace Attempt 535	[1996.14 s]
0.0.Mp: Trace Attempt 1022	[1200.36 s]
0.0.Mp: Trace Attempt 1022	[1224.16 s]
0.0.Mp: Trace Attempt 1022	[1247.51 s]
0.0.Ncustom1: Trace Attempt 10948	[2066.28 s]
0.0.Mp: Trace Attempt 1022	[1270.73 s]
0.0.Ncustom1: Trace Attempt 11403	[2070.31 s]
0.0.K: Trace Attempt 536	[2072.94 s]
0.0.Ncustom1: Trace Attempt 11547	[2074.40 s]
0.0.Ncustom1: Trace Attempt 11598	[2078.44 s]
0.0.Mp: Trace Attempt 1022	[1295.06 s]
0.0.K: Trace Attempt 537	[2102.55 s]
0.0.Ncustom1: Trace Attempt 11632	[2105.14 s]
0.0.Ncustom1: Trace Attempt 11649	[2109.22 s]
0.0.Ncustom1: Trace Attempt 11682	[2113.30 s]
0.0.Mp: Trace Attempt 1022	[1319.08 s]
0.0.Ncustom1: Stopped processing property "DeBouncer.debouncer_sva_i._cover_17"	[2134.19 s].
0.0.Ncustom1: Morphing to B
0.0.Ncustom1: Trace Attempt 11706	[2114.75 s]
0.0.Ncustom1: All properties determined. [0.00 s]
0.0.Ncustom1: Exited with Success (@ 0.00 s)
0.0.B: clocks: 1, declared: 1, disabling: 0, posedge: 1, negedge: 0, noedge: 0, bothedge: 0
0.0.B: Starting proof for property "DeBouncer.debouncer_sva_i._cover_17"	[0.00 s].
0.0.B: Trace Attempt  1	[0.00 s]
0.0.B: Trace Attempt  2	[0.00 s]
0.0.B: Trace Attempt  3	[0.00 s]
0.0.B: Trace Attempt  4	[0.00 s]
0.0.B: Trace Attempt  5	[0.01 s]
0.0.K: Trace Attempt 538	[2136.36 s]
0.0.B: Trace Attempt 132	[4.02 s]
0.0.Mp: Trace Attempt 1022	[1342.81 s]
0.0.B: Trace Attempt 171	[8.38 s]
0.0.B: Trace Attempt 205	[12.38 s]
0.0.B: Trace Attempt 208	[18.43 s]
0.0.B: Trace Attempt 224	[22.81 s]
0.0.B: Trace Attempt 227	[27.01 s]
0.0.Mp: Trace Attempt 1022	[1366.95 s]
0.0.B: Trace Attempt 234	[31.30 s]
0.0.B: Trace Attempt 244	[35.52 s]
0.0.B: Trace Attempt 264	[45.39 s]
0.0.B: Trace Attempt 265	[50.09 s]
0.0.Mp: Trace Attempt 1022	[1390.52 s]
0.0.B: Trace Attempt 266	[55.01 s]
0.0.B: Trace Attempt 269	[63.59 s]
0.0.B: Trace Attempt 270	[69.27 s]
0.0.B: Trace Attempt 272	[76.30 s]
0.0.Mp: Trace Attempt 1022	[1415.20 s]
0.0.B: Trace Attempt 275	[80.65 s]
0.0.B: Trace Attempt 280	[86.99 s]
0.0.K: Trace Attempt 539	[2224.23 s]
0.0.B: Trace Attempt 282	[92.14 s]
0.0.B: Trace Attempt 286	[101.06 s]
0.0.Mp: Trace Attempt 1022	[1439.59 s]
0.0.B: Trace Attempt 287	[107.97 s]
0.0.B: Trace Attempt 288	[112.80 s]
0.0.K: Trace Attempt 540	[2248.72 s]
0.0.B: Trace Attempt 290	[120.05 s]
0.0.Mp: Trace Attempt 1022	[1464.78 s]
0.0.B: Trace Attempt 293	[130.70 s]
0.0.B: Trace Attempt 294	[138.67 s]
0.0.B: Trace Attempt 295	[142.99 s]
0.0.B: Trace Attempt 297	[148.12 s]
0.0.B: Trace Attempt 299	[152.42 s]
0.0.Mp: Trace Attempt 1022	[1490.08 s]
0.0.B: Trace Attempt 300	[157.49 s]
0.0.K: Trace Attempt 541	[2301.10 s]
0.0.B: Trace Attempt 301	[167.53 s]
0.0.B: Trace Attempt 303	[176.64 s]
0.0.Mp: Trace Attempt 1022	[1515.32 s]
0.0.B: Trace Attempt 304	[186.66 s]
0.0.B: Trace Attempt 305	[194.16 s]
0.0.Mp: Trace Attempt 1022	[1539.21 s]
0.0.B: Trace Attempt 306	[203.13 s]
0.0.Mp: Trace Attempt 1023	[1543.63 s]
0.0.K: Trace Attempt 542	[2342.60 s]
0.0.B: Trace Attempt 307	[209.84 s]
0.0.Mp: Trace Attempt 1132	[1547.72 s]
0.0.B: Trace Attempt 308	[215.23 s]
0.0.B: Trace Attempt 309	[222.37 s]
0.0.B: Trace Attempt 310	[226.93 s]
0.0.B: Trace Attempt 312	[232.76 s]
0.0.Mp: Trace Attempt 1155	[1574.74 s]
0.0.B: Trace Attempt 313	[240.99 s]
0.0.B: Trace Attempt 314	[246.13 s]
0.0.B: Trace Attempt 315	[258.68 s]
0.0.Mp: Trace Attempt 1155	[1601.42 s]
0.0.B: Trace Attempt 316	[268.33 s]
0.0.K: Trace Attempt 543	[2409.52 s]
0.0.B: Trace Attempt 317	[275.11 s]
0.0.B: Trace Attempt 318	[281.33 s]
0.0.Mp: Trace Attempt 1155	[1627.91 s]
0.0.B: Trace Attempt 319	[292.17 s]
0.0.K: Trace Attempt 544	[2431.07 s]
0.0.B: Trace Attempt 320	[298.27 s]
0.0.B: Trace Attempt 321	[305.47 s]
0.0.K: Trace Attempt 545	[2451.07 s]
0.0.Mp: Trace Attempt 1155	[1654.52 s]
0.0.B: Trace Attempt 322	[317.43 s]
0.0.B: Trace Attempt 323	[329.17 s]
0.0.K: Trace Attempt 546	[2470.29 s]
0.0.B: Trace Attempt 324	[341.34 s]
0.0.Mp: Trace Attempt 1155	[1680.01 s]
0.0.B: Trace Attempt 325	[349.87 s]
0.0.Mp: Trace Attempt 1156	[1689.59 s]
0.0.B: Trace Attempt 326	[361.46 s]
0.0.B: Trace Attempt 327	[368.26 s]
0.0.K: Trace Attempt 547	[2509.03 s]
0.0.Mp: Trace Attempt 1219	[1721.38 s]
0.0.B: Trace Attempt 328	[387.77 s]
0.0.B: Trace Attempt 329	[410.82 s]
0.0.Mp: Trace Attempt 1219	[1749.34 s]
0.0.K: Trace Attempt 548	[2554.95 s]
0.0.B: Trace Attempt 330	[428.41 s]
0.0.B: Trace Attempt 331	[438.11 s]
0.0.Mp: Trace Attempt 1219	[1777.13 s]
0.0.Mp: Trace Attempt 1225	[1781.14 s]
0.0.B: Trace Attempt 332	[449.20 s]
0.0.K: Trace Attempt 549	[2593.61 s]
0.0.B: Trace Attempt 333	[467.41 s]
0.0.Mp: Trace Attempt 1256	[1812.92 s]
0.0.B: Trace Attempt 334	[479.32 s]
0.0.B: Trace Attempt 335	[493.46 s]
0.0.Mp: Trace Attempt 1256	[1842.37 s]
0.0.B: Trace Attempt 336	[507.06 s]
0.0.B: Trace Attempt 337	[520.31 s]
0.0.K: Trace Attempt 550	[2658.31 s]
0.0.Mp: Trace Attempt 1256	[1872.17 s]
0.0.B: Trace Attempt 338	[537.37 s]
0.0.B: Trace Attempt 339	[550.52 s]
0.0.B: Trace Attempt 340	[563.09 s]
0.0.Mp: Trace Attempt 1256	[1902.59 s]
0.0.B: Trace Attempt 341	[586.59 s]
0.0.Mp: Trace Attempt 1256	[1932.97 s]
0.0.K: Trace Attempt 551	[2735.91 s]
0.0.B: Trace Attempt 342	[611.73 s]
0.0.K: Trace Attempt 552	[2757.65 s]
0.0.Mp: Trace Attempt 1256	[1963.79 s]
0.0.B: Trace Attempt 343	[630.53 s]
0.0.K: Trace Attempt 553	[2776.67 s]
0.0.B: Trace Attempt 344	[653.89 s]
0.0.Mp: Trace Attempt 1256	[1995.24 s]
0.0.K: Trace Attempt 554	[2806.69 s]
0.0.B: Trace Attempt 345	[673.70 s]
0.0.B: Trace Attempt 346	[687.91 s]
0.0.Mp: Trace Attempt 1256	[2026.80 s]
0.0.K: Trace Attempt 555	[2842.65 s]
0.0.B: Trace Attempt 347	[714.59 s]
0.0.Mp: Trace Attempt 1256	[2058.48 s]
0.0.B: Trace Attempt 348	[735.08 s]
0.0.K: Trace Attempt 556	[2876.59 s]
0.0.Mp: Trace Attempt 1256	[2090.68 s]
0.0.B: Trace Attempt 349	[757.22 s]
0.0.K: Trace Attempt 557	[2912.49 s]
0.0.B: Trace Attempt 350	[780.51 s]
0.0.Mp: Trace Attempt 1256	[2123.81 s]
0.0.Mp: Trace Attempt 1257	[2146.74 s]
0.0.K: Trace Attempt 558	[2946.29 s]
0.0.B: Trace Attempt 351	[812.01 s]
0.0.B: Trace Attempt 352	[830.55 s]
0.0.Mp: Trace Attempt 1280	[2181.50 s]
0.0.B: Trace Attempt 353	[853.40 s]
0.0.K: Trace Attempt 559	[2994.53 s]
0.0.B: Trace Attempt 354	[877.36 s]
0.0.Mp: Trace Attempt 1280	[2214.86 s]
0.0.B: Trace Attempt 355	[894.62 s]
0.0.Mp: Trace Attempt 1280	[2248.20 s]
0.0.K: Trace Attempt 560	[3045.58 s]
0.0.B: Trace Attempt 356	[915.14 s]
0.0.B: Trace Attempt 357	[934.67 s]
0.0.Mp: Trace Attempt 1280	[2281.79 s]
0.0.K: Trace Attempt 561	[3095.25 s]
0.0.B: Trace Attempt 358	[961.92 s]
0.0.Mp: Trace Attempt 1280	[2315.25 s]
0.0.B: Trace Attempt 359	[986.74 s]
0.0.K: Trace Attempt 562	[3136.20 s]
0.0.B: Trace Attempt 360	[1008.32 s]
0.0.Mp: Trace Attempt 1280	[2349.39 s]
0.0.B: Trace Attempt 361	[1036.83 s]
0.0.Mp: Trace Attempt 1280	[2383.91 s]
0.0.K: Trace Attempt 563	[3194.82 s]
0.0.B: Trace Attempt 362	[1067.37 s]
0.0.Mp: Trace Attempt 1280	[2418.66 s]
0.0.B: Trace Attempt 363	[1101.14 s]
0.0.Mp: Trace Attempt 1280	[2453.66 s]
0.0.B: Trace Attempt 364	[1121.16 s]
0.0.K: Trace Attempt 564	[3268.54 s]
0.0.B: Trace Attempt 365	[1150.21 s]
0.0.Mp: Trace Attempt 1280	[2488.39 s]
0.0.B: Trace Attempt 366	[1179.01 s]
0.0.Mp: Trace Attempt 1280	[2523.78 s]
0.0.K: Trace Attempt 565	[3329.52 s]
0.0.B: Trace Attempt 367	[1198.10 s]
0.0.B: Trace Attempt 368	[1221.65 s]
0.0.Mp: Trace Attempt 1280	[2559.05 s]
0.0.K: Trace Attempt 566	[3366.04 s]
0.0.B: Trace Attempt 369	[1239.71 s]
0.0.Mp: Trace Attempt 1280	[2594.44 s]
0.0.B: Trace Attempt 370	[1259.47 s]
0.0.K: Trace Attempt 567	[3407.66 s]
0.0.B: Trace Attempt 371	[1279.38 s]
0.0.Mp: Trace Attempt 1280	[2629.90 s]
0.0.K: Trace Attempt 568	[3441.36 s]
0.0.B: Trace Attempt 372	[1310.47 s]
0.0.Mp: Trace Attempt 1280	[2666.16 s]
0.0.B: Trace Attempt 373	[1333.47 s]
0.0.K: Trace Attempt 569	[3483.26 s]
0.0.B: Trace Attempt 374	[1354.93 s]
0.0.Mp: Trace Attempt 1280	[2703.02 s]
0.0.B: Trace Attempt 375	[1380.39 s]
0.0.Mp: Trace Attempt 1280	[2739.93 s]
0.0.B: Trace Attempt 376	[1403.32 s]
0.0.K: Trace Attempt 570	[3539.37 s]
0.0.B: Trace Attempt 377	[1425.88 s]
0.0.Mp: Trace Attempt 1280	[2777.30 s]
0.0.B: Trace Attempt 378	[1453.35 s]
0.0.Mp: Morphing to L
0.0.Mp: All properties determined. [0.00 s]
0.0.Mp: Exited with Success (@ 0.00 s)
0.0.L: clocks: 1, declared: 1, disabling: 0, posedge: 1, negedge: 0, noedge: 0, bothedge: 0
0.0.L: Using trace diversification with seed 1 (0.05)
0.0.L: Using LRU state removal heuristic
0.0.L: Using states from traces to { (reset) }
0.0.L: Trace Attempt  3	[0.23 s]
0.0.L: Trace Attempt  4	[0.23 s]
0.0.L: Trace Attempt  5	[0.23 s]
0.0.L: Using states from traces to { DeBouncer.debouncer_sva_i._cover_16 (4) }
0.0.L: Trace Attempt  3	[0.23 s]
0.0.L: Trace Attempt  4	[0.23 s]
0.0.L: Trace Attempt  5	[0.23 s]
0.0.K: Trace Attempt 571	[3608.96 s]
0.0.L: Trace Attempt 120	[4.26 s]
0.0.B: Trace Attempt 379	[1480.57 s]
0.0.L: Trace Attempt 150	[8.39 s]
0.0.L: Trace Attempt 196	[12.45 s]
0.0.L: Trace Attempt 225	[20.20 s]
0.0.L: Trace Attempt 228	[24.52 s]
0.0.L: Trace Attempt 235	[29.57 s]
0.0.L: Trace Attempt 237	[33.64 s]
0.0.L: Trace Attempt 251	[38.09 s]
0.0.B: Trace Attempt 380	[1511.92 s]
0.0.K: Trace Attempt 572	[3648.79 s]
0.0.L: Trace Attempt 264	[48.35 s]
0.0.L: Trace Attempt 265	[52.69 s]
0.0.L: Trace Attempt 269	[56.75 s]
0.0.B: Trace Attempt 381	[1536.77 s]
0.0.L: Trace Attempt 281	[64.53 s]
0.0.L: Trace Attempt 283	[69.51 s]
0.0.L: Trace Attempt 294	[73.60 s]
0.0.L: Trace Attempt 312	[77.91 s]
0.0.L: Trace Attempt 330	[81.93 s]
0.0.B: Trace Attempt 382	[1565.75 s]
0.0.L: Using states from traces to { (reset) }
0.0.L: Trace Attempt  3	[100.27 s]
0.0.L: Trace Attempt  4	[100.27 s]
0.0.L: Trace Attempt  5	[100.27 s]
0.0.L: Using states from traces to { DeBouncer.debouncer_sva_i._cover_15 (4) }
0.0.L: Trace Attempt  3	[100.27 s]
0.0.L: Trace Attempt  4	[100.28 s]
0.0.L: Trace Attempt  5	[100.28 s]
0.0.L: Trace Attempt 198	[104.28 s]
0.0.K: Trace Attempt 573	[3712.64 s]
0.0.L: Trace Attempt 231	[108.30 s]
0.0.B: Trace Attempt 383	[1584.73 s]
0.0.L: Trace Attempt 273	[112.43 s]
0.0.L: Trace Attempt 310	[116.44 s]
0.0.L: Trace Attempt 326	[120.44 s]
0.0.L: Trace Attempt 376	[124.48 s]
0.0.L: Trace Attempt 390	[130.18 s]
0.0.L: Trace Attempt 399	[134.19 s]
0.0.L: Using states from traces to { (reset) }
0.0.L: Trace Attempt  3	[134.25 s]
0.0.L: Trace Attempt  4	[134.26 s]
0.0.L: Trace Attempt  5	[134.26 s]
0.0.B: Trace Attempt 384	[1608.64 s]
0.0.K: Trace Attempt 574	[3745.10 s]
0.0.L: Trace Attempt 117	[138.37 s]
0.0.L: Trace Attempt 174	[142.37 s]
0.0.L: Trace Attempt 207	[147.18 s]
0.0.L: Trace Attempt 211	[151.89 s]
0.0.L: Trace Attempt 219	[156.51 s]
0.0.L: Trace Attempt 249	[160.54 s]
0.0.B: Trace Attempt 385	[1636.42 s]
0.0.L: Trace Attempt 251	[165.81 s]
0.0.L: Trace Attempt 270	[171.05 s]
0.0.K: Trace Attempt 575	[3783.71 s]
0.0.L: Trace Attempt 273	[175.98 s]
0.0.L: Trace Attempt 275	[181.35 s]
0.0.L: Trace Attempt 293	[185.45 s]
0.0.B: Trace Attempt 386	[1661.60 s]
0.0.L: Trace Attempt 318	[194.15 s]
0.0.L: Trace Attempt 319	[198.89 s]
0.0.L: Trace Attempt 322	[203.85 s]
0.0.L: Trace Attempt 340	[211.16 s]
0.0.B: Trace Attempt 387	[1688.40 s]
0.0.L: Trace Attempt 350	[215.17 s]
0.0.L: Trace Attempt 351	[221.14 s]
0.0.L: Trace Attempt 352	[228.31 s]
0.0.L: Using states from traces to { DeBouncer.debouncer_sva_i._cover_16 (4) }
0.0.L: Trace Attempt  3	[234.28 s]
0.0.L: Trace Attempt  4	[234.28 s]
0.0.L: Trace Attempt  5	[234.28 s]
0.0.K: Trace Attempt 576	[3843.36 s]
0.0.B: Trace Attempt 388	[1708.96 s]
0.0.L: Trace Attempt 170	[238.32 s]
0.0.L: Trace Attempt 227	[242.41 s]
0.0.L: Trace Attempt 253	[246.54 s]
0.0.L: Trace Attempt 304	[250.60 s]
0.0.L: Trace Attempt 309	[254.87 s]
0.0.L: Trace Attempt 321	[259.50 s]
0.0.B: Trace Attempt 389	[1735.44 s]
0.0.L: Trace Attempt 326	[264.17 s]
0.0.L: Trace Attempt 337	[268.40 s]
0.0.L: Trace Attempt 369	[272.46 s]
0.0.L: Trace Attempt 392	[277.30 s]
0.0.L: Using states from traces to { DeBouncer.debouncer_sva_i._cover_15 (4) }
0.0.L: Trace Attempt  3	[279.73 s]
0.0.L: Trace Attempt  4	[279.73 s]
0.0.L: Trace Attempt  5	[279.73 s]
0.0.K: Trace Attempt 577	[3887.90 s]
0.0.B: Trace Attempt 390	[1755.34 s]
0.0.L: Trace Attempt 198	[283.74 s]
0.0.L: Trace Attempt 231	[287.76 s]
0.0.L: Trace Attempt 273	[291.90 s]
0.0.L: Trace Attempt 311	[296.92 s]
0.0.L: Trace Attempt 343	[301.12 s]
0.0.L: Trace Attempt 379	[305.14 s]
0.0.B: Trace Attempt 391	[1781.97 s]
0.0.L: Trace Attempt 390	[309.83 s]
0.0.L: Trace Attempt 398	[313.84 s]
0.0.L: Using states from traces to { (reset) }
0.0.L: Trace Attempt  3	[313.92 s]
0.0.L: Trace Attempt  4	[313.92 s]
0.0.L: Trace Attempt  5	[313.92 s]
0.0.L: Trace Attempt 117	[318.07 s]
0.0.L: Trace Attempt 165	[322.12 s]
0.0.L: Trace Attempt 206	[326.28 s]
0.0.L: Trace Attempt 210	[331.21 s]
0.0.K: Trace Attempt 578	[3939.92 s]
0.0.L: Trace Attempt 219	[336.67 s]
0.0.B: Trace Attempt 392	[1816.74 s]
0.0.L: Trace Attempt 250	[344.02 s]
0.0.L: Trace Attempt 269	[349.07 s]
0.0.L: Trace Attempt 273	[354.83 s]
0.0.L: Trace Attempt 275	[359.88 s]
0.0.L: Trace Attempt 293	[363.95 s]
0.0.B: Trace Attempt 393	[1840.03 s]
0.0.L: Trace Attempt 318	[372.58 s]
0.0.L: Trace Attempt 319	[377.31 s]
0.0.L: Trace Attempt 322	[382.23 s]
0.0.K: Trace Attempt 579	[3992.20 s]
0.0.L: Trace Attempt 340	[389.53 s]
0.0.B: Trace Attempt 394	[1866.74 s]
0.0.L: Trace Attempt 351	[399.36 s]
0.0.L: Trace Attempt 352	[406.56 s]
0.0.L: Trace Attempt 354	[412.91 s]
0.0.L: Trace Attempt 369	[416.98 s]
0.0.B: Trace Attempt 395	[1894.09 s]
0.0.L: Using states from traces to { DeBouncer.debouncer_sva_i._cover_16 (4) }
0.0.L: Trace Attempt  3	[420.80 s]
0.0.L: Trace Attempt  4	[420.80 s]
0.0.L: Trace Attempt  5	[420.81 s]
0.0.L: Trace Attempt 169	[424.83 s]
0.0.L: Trace Attempt 225	[428.83 s]
0.0.L: Trace Attempt 253	[433.14 s]
0.0.K: Trace Attempt 580	[4041.95 s]
0.0.L: Trace Attempt 304	[437.23 s]
0.0.L: Trace Attempt 309	[441.54 s]
0.0.L: Trace Attempt 321	[446.20 s]
0.0.L: Trace Attempt 326	[450.83 s]
0.0.L: Trace Attempt 337	[455.10 s]
0.0.B: Trace Attempt 396	[1930.36 s]
0.0.L: Trace Attempt 369	[459.12 s]
0.0.L: Trace Attempt 392	[464.01 s]
0.0.L: Using states from traces to { DeBouncer.debouncer_sva_i._cover_15 (4) }
0.0.L: Trace Attempt  3	[466.90 s]
0.0.L: Trace Attempt  4	[466.90 s]
0.0.L: Trace Attempt  5	[466.90 s]
0.0.L: Trace Attempt 197	[470.90 s]
0.0.L: Trace Attempt 229	[474.93 s]
0.0.L: Trace Attempt 272	[479.17 s]
0.0.L: Trace Attempt 309	[483.24 s]
0.0.B: Trace Attempt 397	[1960.12 s]
0.0.L: Trace Attempt 324	[487.25 s]
0.0.L: Trace Attempt 374	[491.30 s]
0.0.L: Trace Attempt 390	[497.28 s]
0.0.L: Trace Attempt 399	[501.29 s]
0.0.L: Using states from traces to { (reset) }
0.0.L: Trace Attempt  3	[501.48 s]
0.0.L: Trace Attempt  4	[501.48 s]
0.0.L: Trace Attempt  5	[501.48 s]
0.0.L: Trace Attempt 117	[505.63 s]
0.0.L: Trace Attempt 173	[509.67 s]
0.0.B: Trace Attempt 398	[1986.49 s]
0.0.L: Trace Attempt 207	[514.49 s]
0.0.K: Trace Attempt 581	[4123.50 s]
0.0.L: Trace Attempt 211	[519.16 s]
0.0.L: Trace Attempt 219	[523.67 s]
0.0.L: Trace Attempt 250	[530.88 s]
0.0.L: Trace Attempt 269	[535.91 s]
0.0.L: Trace Attempt 273	[541.62 s]
0.0.L: Trace Attempt 275	[546.66 s]
0.0.B: Trace Attempt 399	[2021.91 s]
0.0.L: Trace Attempt 293	[550.77 s]
0.0.L: Trace Attempt 318	[559.37 s]
0.0.L: Trace Attempt 319	[564.12 s]
0.0.L: Trace Attempt 322	[569.40 s]
0.0.K: Trace Attempt 582	[4177.48 s]
0.0.L: Trace Attempt 340	[578.42 s]
0.0.B: Trace Attempt 400	[2055.99 s]
0.0.L: Trace Attempt 344	[582.67 s]
0.0.L: Trace Attempt 351	[589.64 s]
0.0.L: Trace Attempt 352	[597.00 s]
0.0.K: Trace Attempt 583	[4210.26 s]
0.0.L: Trace Attempt 354	[603.41 s]
0.0.L: Trace Attempt 368	[607.41 s]
0.0.L: Using states from traces to { DeBouncer.debouncer_sva_i._cover_16 (4) }
0.0.L: Trace Attempt  3	[611.60 s]
0.0.L: Trace Attempt  4	[611.60 s]
0.0.L: Trace Attempt  5	[611.60 s]
0.0.L: Trace Attempt 168	[615.62 s]
0.0.B: Trace Attempt 401	[2089.68 s]
0.0.L: Trace Attempt 225	[619.66 s]
0.0.L: Trace Attempt 253	[624.03 s]
0.0.L: Trace Attempt 303	[628.08 s]
0.0.L: Trace Attempt 309	[632.53 s]
0.0.L: Trace Attempt 320	[636.55 s]
0.0.B: Trace Attempt 402	[2114.22 s]
0.0.L: Trace Attempt 326	[641.92 s]
0.0.L: Trace Attempt 337	[646.17 s]
0.0.L: Trace Attempt 369	[650.23 s]
0.0.K: Trace Attempt 584	[4259.44 s]
0.0.L: Trace Attempt 392	[655.01 s]
0.0.L: Using states from traces to { DeBouncer.debouncer_sva_i._cover_15 (4) }
0.0.L: Trace Attempt  3	[657.67 s]
0.0.L: Trace Attempt  4	[657.67 s]
0.0.L: Trace Attempt  5	[657.67 s]
0.0.L: Trace Attempt 198	[661.74 s]
0.0.L: Trace Attempt 232	[665.82 s]
0.0.B: Trace Attempt 403	[2140.76 s]
0.0.L: Trace Attempt 274	[669.83 s]
0.0.L: Trace Attempt 311	[674.85 s]
0.0.L: Trace Attempt 343	[679.02 s]
0.0.L: Trace Attempt 380	[683.05 s]
0.0.L: Trace Attempt 390	[687.60 s]
0.0.L: Trace Attempt 402	[691.70 s]
0.0.L: Using states from traces to { (reset) }
0.0.L: Trace Attempt  3	[691.87 s]
0.0.L: Trace Attempt  4	[691.88 s]
0.0.L: Trace Attempt  5	[691.88 s]
0.0.B: Trace Attempt 404	[2166.83 s]
0.0.L: Trace Attempt 117	[696.01 s]
0.0.L: Trace Attempt 174	[700.03 s]
0.0.L: Trace Attempt 207	[704.78 s]
0.0.K: Trace Attempt 585	[4316.30 s]
0.0.L: Trace Attempt 211	[709.52 s]
0.0.L: Trace Attempt 219	[714.12 s]
0.0.B: Trace Attempt 405	[2193.03 s]
0.0.L: Trace Attempt 250	[721.52 s]
0.0.L: Trace Attempt 269	[726.77 s]
0.0.L: Trace Attempt 273	[732.64 s]
0.0.L: Trace Attempt 275	[737.71 s]
0.0.L: Trace Attempt 292	[741.74 s]
0.0.K: Trace Attempt 586	[4351.19 s]
0.0.L: Trace Attempt 318	[750.50 s]
0.0.B: Trace Attempt 406	[2228.23 s]
0.0.L: Trace Attempt 319	[755.23 s]
0.0.L: Trace Attempt 322	[760.12 s]
0.0.L: Trace Attempt 340	[767.40 s]
0.0.L: Trace Attempt 351	[777.25 s]
0.0.B: Trace Attempt 407	[2251.96 s]
0.0.L: Trace Attempt 352	[784.51 s]
0.0.K: Trace Attempt 587	[4392.66 s]
0.0.L: Trace Attempt 354	[790.79 s]
0.0.L: Trace Attempt 369	[794.87 s]
0.0.L: Trace Attempt 402	[798.90 s]
0.0.L: Using states from traces to { DeBouncer.debouncer_sva_i._cover_16 (4) }
0.0.L: Trace Attempt  3	[799.07 s]
0.0.L: Trace Attempt  4	[799.07 s]
0.0.L: Trace Attempt  5	[799.07 s]
0.0.L: Trace Attempt 170	[803.09 s]
0.0.L: Trace Attempt 226	[807.11 s]
0.0.B: Trace Attempt 408	[2284.83 s]
0.0.L: Trace Attempt 253	[811.33 s]
0.0.L: Trace Attempt 304	[815.36 s]
0.0.K: Trace Attempt 588	[4427.04 s]
0.0.L: Trace Attempt 309	[819.68 s]
0.0.L: Trace Attempt 321	[824.37 s]
0.0.L: Trace Attempt 326	[828.91 s]
0.0.L: Trace Attempt 337	[833.11 s]
0.0.B: Trace Attempt 409	[2306.78 s]
0.0.L: Trace Attempt 369	[837.15 s]
0.0.L: Trace Attempt 392	[841.93 s]
0.0.L: Using states from traces to { DeBouncer.debouncer_sva_i._cover_15 (4) }
0.0.L: Trace Attempt  3	[844.64 s]
0.0.L: Trace Attempt  4	[844.64 s]
0.0.L: Trace Attempt  5	[844.64 s]
0.0.L: Trace Attempt 197	[848.64 s]
0.0.L: Trace Attempt 230	[852.66 s]
0.0.L: Trace Attempt 272	[856.75 s]
0.0.L: Trace Attempt 309	[860.89 s]
0.0.L: Trace Attempt 322	[865.02 s]
0.0.B: Trace Attempt 410	[2342.61 s]
0.0.L: Trace Attempt 369	[869.09 s]
0.0.L: Trace Attempt 389	[873.24 s]
0.0.L: Trace Attempt 391	[878.32 s]
0.0.L: Using states from traces to { (reset) }
0.0.L: Trace Attempt  3	[879.83 s]
0.0.L: Trace Attempt  4	[879.84 s]
0.0.L: Trace Attempt  5	[879.84 s]
0.0.L: Trace Attempt 117	[884.00 s]
0.0.L: Trace Attempt 173	[888.04 s]
0.0.K: Trace Attempt 589	[4500.11 s]
0.0.L: Trace Attempt 207	[892.94 s]
0.0.L: Trace Attempt 211	[897.71 s]
0.0.L: Trace Attempt 219	[902.25 s]
0.0.B: Trace Attempt 411	[2377.02 s]
0.0.L: Trace Attempt 250	[909.55 s]
0.0.L: Trace Attempt 269	[914.57 s]
0.0.L: Trace Attempt 273	[920.44 s]
0.0.L: Trace Attempt 275	[925.55 s]
0.0.L: Trace Attempt 293	[929.62 s]
0.0.B: Trace Attempt 412	[2407.40 s]
0.0.L: Trace Attempt 318	[938.22 s]
0.0.K: Trace Attempt 590	[4549.67 s]
0.0.L: Trace Attempt 319	[943.00 s]
0.0.L: Trace Attempt 322	[948.05 s]
0.0.L: Trace Attempt 340	[955.38 s]
0.0.L: Trace Attempt 349	[959.42 s]
0.0.L: Trace Attempt 351	[965.41 s]
0.0.B: Trace Attempt 413	[2442.13 s]
0.0.L: Trace Attempt 352	[972.60 s]
0.0.L: Trace Attempt 354	[978.94 s]
0.0.L: Trace Attempt 369	[983.03 s]
0.0.K: Trace Attempt 591	[4594.31 s]
0.0.L: Trace Attempt 402	[987.06 s]
0.0.L: Using states from traces to { DeBouncer.debouncer_sva_i._cover_16 (4) }
0.0.L: Trace Attempt  3	[987.38 s]
0.0.L: Trace Attempt  4	[987.38 s]
0.0.L: Trace Attempt  5	[987.38 s]
0.0.L: Trace Attempt 169	[991.40 s]
0.0.L: Trace Attempt 225	[995.40 s]
0.0.L: Trace Attempt 252	[999.44 s]
0.0.L: Trace Attempt 301	[1003.62 s]
0.0.B: Trace Attempt 414	[2477.78 s]
0.0.L: Trace Attempt 309	[1008.67 s]
0.0.L: Trace Attempt 321	[1013.38 s]
0.0.L: Trace Attempt 326	[1017.99 s]
0.0.L: Trace Attempt 337	[1022.71 s]
0.0.L: Trace Attempt 357	[1026.96 s]
0.0.K: Trace Attempt 592	[4636.08 s]
0.0.L: Trace Attempt 392	[1032.46 s]
0.0.B: Trace Attempt 415	[2508.05 s]
0.0.L: Using states from traces to { DeBouncer.debouncer_sva_i._cover_15 (4) }
0.0.L: Trace Attempt  3	[1035.52 s]
0.0.L: Trace Attempt  4	[1035.52 s]
0.0.L: Trace Attempt  5	[1035.52 s]
0.0.L: Trace Attempt 188	[1039.58 s]
0.0.L: Trace Attempt 226	[1043.58 s]
0.0.L: Trace Attempt 270	[1047.70 s]
0.0.L: Trace Attempt 307	[1051.75 s]
0.0.L: Trace Attempt 317	[1055.82 s]
0.0.L: Trace Attempt 367	[1059.83 s]
0.0.B: Trace Attempt 416	[2536.34 s]
0.0.L: Trace Attempt 388	[1063.89 s]
0.0.L: Trace Attempt 391	[1070.33 s]
0.0.L: Using states from traces to { (reset) }
0.0.L: Trace Attempt  3	[1071.93 s]
0.0.L: Trace Attempt  4	[1071.93 s]
0.0.L: Trace Attempt  5	[1071.93 s]
0.0.L: Trace Attempt 117	[1076.32 s]
0.0.L: Trace Attempt 153	[1080.32 s]
0.0.L: Trace Attempt 206	[1085.14 s]
0.0.L: Trace Attempt 210	[1089.96 s]
0.0.K: Trace Attempt 593	[4698.62 s]
0.0.B: Trace Attempt 417	[2565.29 s]
0.0.L: Trace Attempt 219	[1095.33 s]
0.0.L: Trace Attempt 250	[1102.58 s]
0.0.L: Trace Attempt 269	[1107.56 s]
0.0.L: Trace Attempt 273	[1113.28 s]
0.0.L: Trace Attempt 275	[1118.15 s]
0.0.B: Trace Attempt 418	[2592.96 s]
0.0.L: Trace Attempt 291	[1122.28 s]
0.0.L: Trace Attempt 318	[1132.15 s]
0.0.K: Trace Attempt 594	[4744.58 s]
0.0.L: Trace Attempt 319	[1137.78 s]
0.0.L: Trace Attempt 321	[1142.34 s]
0.0.B: Trace Attempt 419	[2621.98 s]
0.0.L: Trace Attempt 340	[1152.59 s]
0.0.L: Trace Attempt 344	[1156.76 s]
0.0.L: Trace Attempt 351	[1164.61 s]
0.0.L: Trace Attempt 352	[1173.36 s]
0.0.L: Trace Attempt 353	[1177.68 s]
0.0.L: Trace Attempt 355	[1184.19 s]
0.0.B: Trace Attempt 420	[2658.05 s]
0.0.K: Trace Attempt 595	[4793.17 s]
0.0.L: Trace Attempt 388	[1188.29 s]
0.0.L: Using states from traces to { DeBouncer.debouncer_sva_i._cover_16 (4) }
0.0.L: Trace Attempt  3	[1191.53 s]
0.0.L: Trace Attempt  4	[1191.53 s]
0.0.L: Trace Attempt  5	[1191.53 s]
0.0.L: Trace Attempt 135	[1195.53 s]
0.0.L: Trace Attempt 211	[1199.60 s]
0.0.L: Trace Attempt 238	[1203.65 s]
0.0.L: Trace Attempt 279	[1207.66 s]
0.0.L: Trace Attempt 304	[1211.73 s]
0.0.L: Trace Attempt 309	[1217.02 s]
0.0.B: Trace Attempt 421	[2690.61 s]
0.0.L: Trace Attempt 319	[1221.06 s]
0.0.L: Trace Attempt 325	[1226.17 s]
0.0.L: Trace Attempt 336	[1232.33 s]
0.0.K: Trace Attempt 596	[4841.78 s]
0.0.L: Trace Attempt 357	[1236.54 s]
0.0.L: Trace Attempt 392	[1241.94 s]
0.0.L: Using states from traces to { DeBouncer.debouncer_sva_i._cover_15 (4) }
0.0.L: Trace Attempt  3	[1244.83 s]
0.0.L: Trace Attempt  4	[1244.83 s]
0.0.L: Trace Attempt  5	[1244.83 s]
0.0.L: Trace Attempt 198	[1248.87 s]
0.0.B: Trace Attempt 422	[2724.93 s]
0.0.L: Trace Attempt 232	[1252.94 s]
0.0.L: Trace Attempt 275	[1257.05 s]
0.0.L: Trace Attempt 311	[1262.00 s]
0.0.L: Trace Attempt 343	[1266.18 s]
0.0.L: Trace Attempt 381	[1270.33 s]
0.0.L: Trace Attempt 390	[1274.64 s]
0.0.L: Trace Attempt 398	[1278.66 s]
0.0.L: Using states from traces to { (reset) }
0.0.L: Trace Attempt  3	[1279.24 s]
0.0.L: Trace Attempt  4	[1279.24 s]
0.0.L: Trace Attempt  5	[1279.25 s]
0.0.L: Trace Attempt 117	[1283.38 s]
0.0.L: Trace Attempt 174	[1287.39 s]
0.0.L: Trace Attempt 207	[1292.18 s]
0.0.B: Trace Attempt 423	[2767.60 s]
0.0.K: Trace Attempt 597	[4902.78 s]
0.0.L: Trace Attempt 211	[1296.83 s]
0.0.L: Trace Attempt 219	[1301.34 s]
0.0.L: Trace Attempt 250	[1308.63 s]
0.0.L: Trace Attempt 269	[1313.68 s]
0.0.L: Trace Attempt 273	[1319.49 s]
0.0.L: Trace Attempt 275	[1324.48 s]
0.0.B: Trace Attempt 424	[2801.08 s]
0.0.L: Trace Attempt 293	[1328.56 s]
0.0.L: Trace Attempt 318	[1337.08 s]
0.0.L: Trace Attempt 319	[1341.73 s]
0.0.L: Trace Attempt 322	[1346.71 s]
0.0.L: Trace Attempt 340	[1353.97 s]
0.0.K: Trace Attempt 598	[4963.15 s]
0.0.L: Trace Attempt 350	[1358.12 s]
0.0.B: Trace Attempt 425	[2836.19 s]
0.0.L: Trace Attempt 351	[1364.00 s]
0.0.L: Trace Attempt 352	[1371.20 s]
0.0.L: Trace Attempt 354	[1377.52 s]
0.0.L: Trace Attempt 370	[1381.60 s]
0.0.L: Trace Attempt 403	[1385.69 s]
0.0.L: Using states from traces to { DeBouncer.debouncer_sva_i._cover_16 (4) }
0.0.L: Trace Attempt  3	[1386.18 s]
0.0.L: Trace Attempt  4	[1386.18 s]
0.0.L: Trace Attempt  5	[1386.18 s]
0.0.L: Trace Attempt 169	[1390.22 s]
0.0.L: Trace Attempt 226	[1394.31 s]
0.0.L: Trace Attempt 253	[1398.52 s]
0.0.B: Stopped processing property "DeBouncer.debouncer_sva_i._cover_17"	[2872.79 s].
0.0.K: Stopped processing property "DeBouncer.debouncer_sva_i._cover_17"	[5007.24 s].
0.0.K: Morphing to I
0.0.B: Morphing to AMcustom2
0.0.K: All properties determined. [0.00 s]
0.0.K: Exited with Success (@ 0.00 s)
0.0.B: All properties determined. [0.00 s]
0.0.B: Exited with Success (@ 0.00 s)
0.0.I: clocks: 1, declared: 1, disabling: 0, posedge: 1, negedge: 0, noedge: 0, bothedge: 0
0.0.I: Starting proof for property "DeBouncer.debouncer_sva_i._cover_17"	[0.00 s].
0.0.AMcustom2: clocks: 1, declared: 1, disabling: 0, posedge: 1, negedge: 0, noedge: 0, bothedge: 0
0.0.AMcustom2: Starting proof for property "DeBouncer.debouncer_sva_i._cover_17"	[0.00 s].
0.0.I: Trace Attempt 24	[0.03 s]
0.0.AMcustom2: Trace Attempt  1	[0.06 s]
0.0.AMcustom2: Trace Attempt  2	[0.06 s]
0.0.AMcustom2: Trace Attempt  3	[0.06 s]
0.0.AMcustom2: Trace Attempt  4	[0.06 s]
0.0.AMcustom2: Trace Attempt  5	[0.06 s]
0.0.AMcustom2: Trace Attempt  1	[0.07 s]
0.0.AMcustom2: Trace Attempt  2	[0.07 s]
0.0.AMcustom2: Trace Attempt  3	[0.07 s]
0.0.AMcustom2: Trace Attempt  5	[0.07 s]
0.0.AMcustom2: Trace Attempt  1	[0.13 s]
0.0.AMcustom2: Trace Attempt  2	[0.13 s]
0.0.AMcustom2: Trace Attempt  3	[0.13 s]
0.0.AMcustom2: Trace Attempt  5	[0.13 s]
0.0.AMcustom2: Trace Attempt  1	[0.28 s]
0.0.AMcustom2: Trace Attempt  2	[0.28 s]
0.0.AMcustom2: Trace Attempt  3	[0.28 s]
0.0.AMcustom2: Trace Attempt  5	[0.28 s]
0.0.I: Trace Attempt  1	[0.38 s]
0.0.I: Trace Attempt  2	[0.38 s]
0.0.I: Trace Attempt  3	[0.38 s]
0.0.I: Trace Attempt  4	[0.38 s]
0.0.I: Trace Attempt  5	[0.38 s]
0.0.AMcustom2: Trace Attempt  1	[0.83 s]
0.0.AMcustom2: Trace Attempt  2	[0.83 s]
0.0.AMcustom2: Trace Attempt  3	[0.83 s]
0.0.AMcustom2: Trace Attempt  5	[0.83 s]
0.0.L: Trace Attempt 304	[1402.59 s]
0.0.AMcustom2: Trace Attempt 132	[4.85 s]
0.0.L: Trace Attempt 309	[1406.86 s]
0.0.AMcustom2: Trace Attempt 194	[9.26 s]
0.0.L: Trace Attempt 321	[1411.55 s]
0.0.AMcustom2: Trace Attempt 234	[13.27 s]
0.0.L: Trace Attempt 326	[1416.14 s]
0.0.AMcustom2: Trace Attempt 261	[17.27 s]
0.0.AMcustom2: Trace Attempt  1	[17.31 s]
0.0.AMcustom2: Trace Attempt  2	[17.31 s]
0.0.AMcustom2: Trace Attempt  3	[17.31 s]
0.0.AMcustom2: Trace Attempt  5	[17.31 s]
0.0.L: Trace Attempt 337	[1420.32 s]
0.0.AMcustom2: Trace Attempt 300	[21.93 s]
0.0.L: Trace Attempt 370	[1424.34 s]
0.0.AMcustom2: Trace Attempt 681	[25.94 s]
0.0.L: Trace Attempt 392	[1429.03 s]
0.0.AMcustom2: Trace Attempt 778	[30.34 s]
0.0.L: Using states from traces to { DeBouncer.debouncer_sva_i._cover_15 (4) }
0.0.L: Trace Attempt  3	[1431.97 s]
0.0.L: Trace Attempt  4	[1431.97 s]
0.0.L: Trace Attempt  5	[1431.97 s]
0.0.AMcustom2: Trace Attempt 800	[34.38 s]
0.0.L: Trace Attempt 199	[1436.01 s]
0.0.L: Trace Attempt 232	[1440.09 s]
0.0.L: Trace Attempt 273	[1444.18 s]
0.0.L: Trace Attempt 310	[1448.27 s]
0.0.L: Trace Attempt 325	[1452.32 s]
0.0.L: Trace Attempt 373	[1456.33 s]
0.0.AMcustom2: Trace Attempt 263	[61.86 s]
0.0.L: Trace Attempt 390	[1462.36 s]
0.0.AMcustom2: Trace Attempt 264	[66.85 s]
0.0.L: Trace Attempt 402	[1466.45 s]
0.0.L: Using states from traces to { (reset) }
0.0.L: Trace Attempt  3	[1466.95 s]
0.0.L: Trace Attempt  4	[1466.95 s]
0.0.L: Trace Attempt  5	[1466.95 s]
0.0.AMcustom2: Trace Attempt 267	[70.90 s]
0.0.L: Trace Attempt 117	[1471.09 s]
0.0.I: Stopped processing property "DeBouncer.debouncer_sva_i._cover_17"	[75.19 s].
0.0.I: Morphing to AB
0.0.I: Trace Attempt 32	[1.80 s]
0.0.I: All properties determined. [0.00 s]
0.0.I: Exited with Success (@ 0.00 s)
0.0.AB: clocks: 1, declared: 1, disabling: 0, posedge: 1, negedge: 0, noedge: 0, bothedge: 0
0.0.AB: Starting proof for property "DeBouncer.debouncer_sva_i._cover_17"	[0.00 s].
0.0.AB: Trace Attempt  1	[0.00 s]
0.0.AB: Trace Attempt  2	[0.00 s]
0.0.AB: Trace Attempt  3	[0.00 s]
0.0.AB: Trace Attempt  4	[0.00 s]
0.0.AB: Trace Attempt  5	[0.00 s]
0.0.AB: Trace Attempt  1	[0.01 s]
0.0.AB: Trace Attempt  2	[0.01 s]
0.0.AB: Trace Attempt  3	[0.01 s]
0.0.AB: Trace Attempt  4	[0.01 s]
0.0.AB: Trace Attempt  5	[0.01 s]
0.0.AB: Trace Attempt  1	[0.04 s]
0.0.AB: Trace Attempt  2	[0.04 s]
0.0.AB: Trace Attempt  3	[0.04 s]
0.0.AB: Trace Attempt  4	[0.04 s]
0.0.AB: Trace Attempt  5	[0.04 s]
0.0.AB: Trace Attempt  1	[0.28 s]
0.0.AB: Trace Attempt  2	[0.28 s]
0.0.AB: Trace Attempt  3	[0.28 s]
0.0.AB: Trace Attempt  4	[0.28 s]
0.0.AB: Trace Attempt  5	[0.28 s]
0.0.L: Trace Attempt 173	[1475.12 s]
0.0.AB: Trace Attempt  1	[1.33 s]
0.0.AB: Trace Attempt  2	[1.33 s]
0.0.AB: Trace Attempt  3	[1.33 s]
0.0.AB: Trace Attempt  4	[1.33 s]
0.0.AB: Trace Attempt  5	[1.33 s]
0.0.AB: Trace Attempt 131	[5.41 s]
0.0.L: Trace Attempt 207	[1479.91 s]
0.0.AMcustom2: Trace Attempt 280	[82.65 s]
0.0.AB: Trace Attempt 160	[9.62 s]
0.0.L: Trace Attempt 211	[1484.54 s]
0.0.AMcustom2: Trace Attempt 281	[87.63 s]
0.0.AB: Trace Attempt 191	[14.29 s]
0.0.L: Trace Attempt 219	[1489.36 s]
0.0.AMcustom2: Trace Attempt 284	[91.71 s]
0.0.AB: Trace Attempt 202	[18.52 s]
0.0.L: Trace Attempt 247	[1493.44 s]
0.0.AMcustom2: Trace Attempt 321	[96.04 s]
0.0.AB: Trace Attempt 211	[23.36 s]
0.0.L: Trace Attempt 250	[1498.21 s]
0.0.AMcustom2: Trace Attempt 331	[100.47 s]
0.0.AB: Trace Attempt 219	[27.60 s]
0.0.L: Trace Attempt 263	[1502.33 s]
0.0.AMcustom2: Trace Attempt 364	[105.02 s]
0.0.L: Trace Attempt 270	[1506.57 s]
0.0.AB: Trace Attempt 229	[33.20 s]
0.0.AMcustom2: Trace Attempt 368	[109.68 s]
0.0.L: Trace Attempt 273	[1511.47 s]
0.0.AMcustom2: Trace Attempt 370	[115.36 s]
0.0.AB: Trace Attempt 239	[40.20 s]
0.0.L: Trace Attempt 274	[1515.50 s]
0.0.AMcustom2: Trace Attempt 384	[119.37 s]
0.0.AB: Trace Attempt 244	[45.24 s]
0.0.L: Trace Attempt 276	[1519.66 s]
0.0.AMcustom2: Trace Attempt 410	[124.21 s]
0.0.L: Trace Attempt 307	[1523.84 s]
0.0.AB: Trace Attempt 250	[49.51 s]
0.0.AMcustom2: Trace Attempt 420	[128.22 s]
0.0.AB: Trace Attempt 75	[53.56 s]
0.0.L: Trace Attempt 318	[1531.79 s]
0.0.AB: Trace Attempt 156	[57.59 s]
0.0.AMcustom2: Trace Attempt 426	[133.12 s]
0.0.AB: Trace Attempt 197	[61.73 s]
0.0.AMcustom2: Trace Attempt 441	[138.05 s]
0.0.L: Trace Attempt 319	[1537.47 s]
0.0.AB: Trace Attempt 235	[65.86 s]
0.0.AMcustom2: Trace Attempt 461	[142.11 s]
0.0.L: Trace Attempt 322	[1542.59 s]
0.0.AB: Trace Attempt  1	[69.50 s]
0.0.AB: Trace Attempt  2	[69.50 s]
0.0.AB: Trace Attempt  3	[69.50 s]
0.0.AB: Trace Attempt  4	[69.50 s]
0.0.AB: Trace Attempt  5	[69.50 s]
0.0.AB: Trace Attempt 121	[73.68 s]
0.0.AMcustom2: Trace Attempt 469	[149.43 s]
0.0.L: Trace Attempt 340	[1549.89 s]
0.0.AB: Trace Attempt 168	[77.96 s]
0.0.L: Trace Attempt 348	[1553.90 s]
0.0.AB: Trace Attempt 189	[81.96 s]
0.0.AMcustom2: Trace Attempt 470	[158.46 s]
0.0.L: Trace Attempt 351	[1560.18 s]
0.0.AB: Trace Attempt 207	[86.02 s]
0.0.AB: Trace Attempt 212	[90.19 s]
0.0.L: Trace Attempt 352	[1567.60 s]
0.0.AB: Trace Attempt 220	[94.23 s]
0.0.AB: Trace Attempt 232	[98.60 s]
0.0.AMcustom2: Trace Attempt 471	[174.34 s]
0.0.L: Trace Attempt 354	[1574.12 s]
0.0.L: Trace Attempt 368	[1578.19 s]
0.0.AB: Trace Attempt 244	[104.52 s]
0.0.L: Trace Attempt 402	[1582.35 s]
0.0.AB: Trace Attempt 249	[108.59 s]
0.0.L: Using states from traces to { DeBouncer.debouncer_sva_i._cover_16 (4) }
0.0.L: Trace Attempt  3	[1583.24 s]
0.0.L: Trace Attempt  4	[1583.24 s]
0.0.L: Trace Attempt  5	[1583.24 s]
0.0.AMcustom2: Trace Attempt 472	[185.47 s]
0.0.L: Trace Attempt 130	[1587.25 s]
0.0.AB: Trace Attempt 254	[113.42 s]
0.0.AMcustom2: Trace Attempt 473	[189.68 s]
0.0.L: Trace Attempt 214	[1591.26 s]
0.0.AB: Trace Attempt 257	[117.91 s]
0.0.AMcustom2: Trace Attempt 476	[193.71 s]
0.0.L: Trace Attempt 247	[1595.42 s]
0.0.AB: Trace Attempt 260	[122.30 s]
0.0.AMcustom2: Trace Attempt 487	[197.73 s]
0.0.L: Trace Attempt 298	[1599.87 s]
0.0.AMcustom2: Trace Attempt 510	[201.74 s]
0.0.AB: Trace Attempt 268	[128.27 s]
0.0.L: Trace Attempt 308	[1603.99 s]
0.0.AMcustom2: Trace Attempt 533	[205.77 s]
0.0.AB: Trace Attempt 270	[132.53 s]
0.0.L: Trace Attempt 316	[1608.12 s]
0.0.AMcustom2: Trace Attempt 540	[211.27 s]
0.0.AB: Trace Attempt 274	[137.07 s]
0.0.L: Trace Attempt 325	[1612.65 s]
0.0.AB: Trace Attempt 277	[141.15 s]
0.0.L: Trace Attempt 336	[1617.71 s]
0.0.AMcustom2: Trace Attempt 541	[219.50 s]
0.0.L: Trace Attempt 356	[1622.33 s]
0.0.AMcustom2: Trace Attempt 545	[224.53 s]
0.0.AB: Trace Attempt 296	[151.21 s]
0.0.AMcustom2: Trace Attempt 560	[228.63 s]
0.0.L: Trace Attempt 392	[1628.31 s]
0.0.L: Using states from traces to { DeBouncer.debouncer_sva_i._cover_15 (4) }
0.0.L: Trace Attempt  3	[1631.42 s]
0.0.L: Trace Attempt  4	[1631.43 s]
0.0.L: Trace Attempt  5	[1631.43 s]
0.0.AMcustom2: Trace Attempt 576	[233.10 s]
0.0.AB: Trace Attempt 297	[160.34 s]
0.0.L: Trace Attempt 198	[1635.51 s]
0.0.L: Trace Attempt 232	[1639.51 s]
0.0.AB: Trace Attempt 298	[166.44 s]
0.0.AMcustom2: Trace Attempt 581	[244.01 s]
0.0.L: Trace Attempt 275	[1643.60 s]
0.0.AB: Trace Attempt 301	[170.57 s]
0.0.L: Trace Attempt 311	[1648.43 s]
0.0.AB: Trace Attempt 304	[174.89 s]
0.0.L: Trace Attempt 343	[1652.57 s]
0.0.AB: Trace Attempt 307	[180.82 s]
0.0.L: Trace Attempt 381	[1656.78 s]
0.0.AMcustom2: Trace Attempt 582	[257.58 s]
0.0.AB: Trace Attempt 308	[186.38 s]
0.0.L: Trace Attempt 390	[1661.10 s]
0.0.AB: Trace Attempt 311	[190.48 s]
0.0.L: Trace Attempt 402	[1665.15 s]
0.0.L: Using states from traces to { (reset) }
0.0.L: Trace Attempt  3	[1665.67 s]
0.0.L: Trace Attempt  4	[1665.67 s]
0.0.L: Trace Attempt  5	[1665.68 s]
0.0.L: Trace Attempt 112	[1669.71 s]
0.0.L: Trace Attempt 142	[1674.01 s]
0.0.AB: Trace Attempt 314	[200.19 s]
0.0.AMcustom2: Trace Attempt 583	[276.19 s]
0.0.L: Trace Attempt 204	[1678.03 s]
0.0.AB: Trace Attempt 316	[205.54 s]
0.0.AMcustom2: Trace Attempt 584	[282.42 s]
0.0.L: Trace Attempt 209	[1682.93 s]
0.0.AMcustom2: Trace Attempt 586	[287.17 s]
0.0.AB: Trace Attempt 318	[212.24 s]
0.0.L: Trace Attempt 218	[1687.51 s]
0.0.AMcustom2: Trace Attempt 613	[291.44 s]
0.0.L: Trace Attempt 242	[1691.74 s]
0.0.AB: Trace Attempt 321	[219.17 s]
0.0.AMcustom2: Trace Attempt 627	[295.59 s]
0.0.L: Trace Attempt 250	[1696.61 s]
0.0.AMcustom2: Trace Attempt 650	[299.91 s]
0.0.L: Trace Attempt 269	[1701.71 s]
0.0.AB: Trace Attempt 322	[227.87 s]
0.0.L: Trace Attempt 273	[1707.41 s]
0.0.AB: Trace Attempt 323	[233.54 s]
0.0.AB: Trace Attempt 324	[237.95 s]
0.0.L: Trace Attempt 275	[1712.37 s]
0.0.AMcustom2: Trace Attempt 667	[314.61 s]
0.0.L: Trace Attempt 294	[1716.41 s]
0.0.AB: Trace Attempt 327	[242.08 s]
0.0.AB: Trace Attempt 329	[249.14 s]
0.0.L: Trace Attempt 318	[1724.85 s]
0.0.AB: Trace Attempt 330	[253.66 s]
0.0.L: Trace Attempt 319	[1729.55 s]
0.0.AB: Trace Attempt 332	[258.05 s]
0.0.L: Trace Attempt 322	[1734.41 s]
0.0.L: Trace Attempt 340	[1741.63 s]
0.0.AB: Trace Attempt 336	[274.25 s]
0.0.L: Trace Attempt 351	[1751.28 s]
0.0.AB: Trace Attempt 337	[278.36 s]
0.0.AB: Trace Attempt 340	[283.68 s]
0.0.L: Trace Attempt 352	[1758.55 s]
0.0.AB: Trace Attempt 343	[289.72 s]
0.0.L: Trace Attempt 354	[1764.85 s]
0.0.AB: Trace Attempt 344	[294.09 s]
0.0.L: Trace Attempt 368	[1768.85 s]
0.0.L: Trace Attempt 402	[1772.95 s]
0.0.L: Using states from traces to { DeBouncer.debouncer_sva_i._cover_16 (4) }
0.0.L: Trace Attempt  3	[1773.93 s]
0.0.L: Trace Attempt  4	[1773.93 s]
0.0.L: Trace Attempt  5	[1773.93 s]
0.0.L: Trace Attempt 170	[1777.94 s]
0.0.AB: Trace Attempt 345	[304.16 s]
0.0.L: Trace Attempt 227	[1782.05 s]
0.0.AB: Trace Attempt 347	[308.44 s]
0.0.L: Trace Attempt 253	[1786.11 s]
0.0.AB: Trace Attempt 351	[313.76 s]
0.0.L: Trace Attempt 304	[1790.15 s]
0.0.AB: Trace Attempt 352	[318.38 s]
0.0.L: Trace Attempt 309	[1794.36 s]
0.0.AB: Trace Attempt 355	[322.65 s]
0.0.L: Trace Attempt 321	[1798.89 s]
0.0.L: Trace Attempt 326	[1803.39 s]
0.0.AMcustom2: Trace Attempt 668	[404.22 s]
0.0.L: Trace Attempt 337	[1807.55 s]
0.0.AB: Trace Attempt 359	[336.11 s]
0.0.L: Trace Attempt 370	[1811.55 s]
0.0.AB: Trace Attempt 360	[340.53 s]
0.0.L: Trace Attempt 392	[1816.21 s]
0.0.L: Using states from traces to { DeBouncer.debouncer_sva_i._cover_15 (4) }
0.0.L: Trace Attempt  3	[1819.25 s]
0.0.L: Trace Attempt  4	[1819.26 s]
0.0.L: Trace Attempt  5	[1819.26 s]
0.0.AB: Trace Attempt 363	[348.57 s]
0.0.L: Trace Attempt 198	[1823.29 s]
0.0.L: Trace Attempt 232	[1827.30 s]
0.0.AB: Trace Attempt 365	[352.92 s]
0.0.L: Trace Attempt 275	[1831.33 s]
0.0.AB: Trace Attempt 367	[360.45 s]
0.0.L: Trace Attempt 311	[1836.36 s]
0.0.L: Trace Attempt 342	[1840.36 s]
0.0.L: Trace Attempt 379	[1844.50 s]
0.0.AB: Trace Attempt 368	[372.20 s]
0.0.L: Trace Attempt 390	[1849.16 s]
0.0.L: Trace Attempt 399	[1853.16 s]
0.0.L: Using states from traces to { (reset) }
0.0.L: Trace Attempt  3	[1853.95 s]
0.0.L: Trace Attempt  4	[1853.96 s]
0.0.L: Trace Attempt  5	[1853.96 s]
0.0.L: Trace Attempt 117	[1858.08 s]
0.0.L: Trace Attempt 173	[1862.08 s]
0.0.AB: Trace Attempt 369	[387.74 s]
0.0.L: Trace Attempt 207	[1866.88 s]
0.0.AB: Trace Attempt 370	[396.90 s]
0.0.L: Trace Attempt 211	[1871.52 s]
0.0.L: Trace Attempt 219	[1875.94 s]
0.0.AMcustom2: Trace Attempt 669	[479.35 s]
0.0.AB: Trace Attempt 371	[408.22 s]
0.0.L: Trace Attempt 250	[1883.20 s]
0.0.L: Trace Attempt 269	[1888.14 s]
0.0.L: Trace Attempt 273	[1893.89 s]
0.0.L: Trace Attempt 275	[1898.89 s]
0.0.AB: Trace Attempt 372	[426.18 s]
0.0.L: Trace Attempt 294	[1902.95 s]
0.0.L: Trace Attempt 318	[1911.30 s]
0.0.AB: Trace Attempt 373	[439.56 s]
0.0.L: Trace Attempt 319	[1915.83 s]
0.0.AMcustom2: Trace Attempt 670	[518.07 s]
0.0.L: Trace Attempt 322	[1920.59 s]
0.0.L: Morphing to Hp
0.0.L: Trace Attempt 339	[1922.02 s]
0.0.L: All properties determined. [0.00 s]
0.0.L: Exited with Success (@ 0.00 s)
0.0.AB: Trace Attempt 374	[452.33 s]
0.0.AB: Trace Attempt 375	[462.77 s]
0.0.AB: Trace Attempt 376	[469.08 s]
0.0.AB: Trace Attempt 377	[473.17 s]
0.0.AMcustom2: Trace Attempt 671	[552.91 s]
0.0.AB: Trace Attempt 379	[483.85 s]
0.0.AB: Trace Attempt 380	[489.38 s]
0.0.AMcustom2: Trace Attempt 672	[567.92 s]
0.0.AMcustom2: Trace Attempt 673	[572.00 s]
0.0.AB: Trace Attempt 382	[498.88 s]
0.0.AMcustom2: Trace Attempt 676	[576.16 s]
0.0.AMcustom2: Trace Attempt 681	[580.54 s]
0.0.AMcustom2: Trace Attempt 696	[584.67 s]
0.0.AMcustom2: Trace Attempt 706	[589.06 s]
0.0.AB: Trace Attempt 383	[515.75 s]
0.0.AMcustom2: Trace Attempt 719	[593.41 s]
0.0.AMcustom2: Trace Attempt 724	[599.52 s]
0.0.AB: Trace Attempt 384	[525.81 s]
0.0.AMcustom2: Trace Attempt 726	[604.01 s]
0.0.AMcustom2: Trace Attempt 736	[608.13 s]
0.0.AMcustom2: Trace Attempt 741	[612.39 s]
0.0.AMcustom2: Trace Attempt 750	[616.74 s]
0.0.AMcustom2: Trace Attempt 762	[621.71 s]
0.0.AB: Trace Attempt 385	[548.12 s]
0.0.AMcustom2: Trace Attempt 766	[625.75 s]
0.0.AMcustom2: Trace Attempt 771	[629.94 s]
0.0.AMcustom2: Trace Attempt 774	[635.44 s]
0.0.AB: Trace Attempt 386	[563.60 s]
0.0.AMcustom2: Trace Attempt 776	[645.12 s]
0.0.AMcustom2: Trace Attempt 781	[649.95 s]
0.0.AB: Trace Attempt 387	[579.06 s]
0.0.AMcustom2: Trace Attempt 792	[654.28 s]
0.0.AMcustom2: Trace Attempt 800	[658.54 s]
0.0.AMcustom2: Trace Attempt 808	[663.10 s]
0.0.AMcustom2: Trace Attempt 813	[668.49 s]
0.0.AMcustom2: Trace Attempt 825	[672.93 s]
0.0.AB: Trace Attempt 388	[600.89 s]
0.0.AMcustom2: Trace Attempt 829	[679.63 s]
0.0.AMcustom2: Trace Attempt 831	[684.71 s]
0.0.AB: Trace Attempt 389	[614.68 s]
0.0.AMcustom2: Trace Attempt 838	[697.47 s]
0.0.AB: Trace Attempt 390	[626.45 s]
0.0.AMcustom2: Trace Attempt 840	[701.93 s]
0.0.AMcustom2: Trace Attempt 855	[705.98 s]
0.0.AMcustom2: Trace Attempt 859	[714.98 s]
0.0.AMcustom2: Trace Attempt 861	[719.26 s]
0.0.AB: Trace Attempt 391	[644.79 s]
0.0.AMcustom2: Trace Attempt 865	[726.05 s]
0.0.AMcustom2: Trace Attempt 868	[730.29 s]
0.0.AB: Trace Attempt 392	[656.43 s]
0.0.AMcustom2: Trace Attempt 871	[739.63 s]
0.0.AMcustom2: Trace Attempt 875	[743.78 s]
0.0.AB: Trace Attempt 393	[671.70 s]
0.0.AMcustom2: Trace Attempt 882	[747.95 s]
0.0.AMcustom2: Trace Attempt 887	[753.12 s]
0.0.AMcustom2: Trace Attempt 899	[757.50 s]
0.0.AB: Trace Attempt 394	[683.53 s]
0.0.AMcustom2: Trace Attempt 902	[761.76 s]
0.0.AMcustom2: Trace Attempt 920	[766.33 s]
0.0.AMcustom2: Trace Attempt 922	[771.05 s]
0.0.AMcustom2: Trace Attempt 927	[781.00 s]
0.0.AB: Trace Attempt 395	[709.06 s]
0.0.AMcustom2: Trace Attempt 929	[785.83 s]
0.0.AMcustom2: Trace Attempt 934	[790.30 s]
0.0.AMcustom2: Trace Attempt 946	[794.76 s]
0.0.AB: Trace Attempt 396	[719.62 s]
0.0.AMcustom2: Trace Attempt 958	[799.41 s]
0.0.AMcustom2: Trace Attempt 960	[805.83 s]
0.0.AB: Trace Attempt 397	[731.71 s]
0.0.AB: Trace Attempt 398	[744.49 s]
0.0.AB: Trace Attempt 399	[754.56 s]
0.0.AMcustom2: Trace Attempt 961	[832.66 s]
0.0.AB: Trace Attempt 400	[769.69 s]
empt 312	[480.01 s]
0.0.B: Trace Attempt 361	[438.23 s]
0.0.M: Trace Attempt 4887	[440.39 s]
0.0.L: Trace Attempt 390	[484.58 s]
0.0.L: Using states from traces to { (reset) }
0.0.L: Trace Attempt  3	[486.53 s]
0.0.L: Trace Attempt  4	[486.53 s]
0.0.L: Trace Attempt  5	[486.53 s]
0.0.M: Trace Attempt 5018	[444.42 s]
0.0.L: Trace Attempt 140	[490.55 s]
0.0.B: Trace Attempt 362	[450.38 s]
0.0.L: Trace Attempt 208	[494.96 s]
0.0.L: Trace Attempt 219	[499.07 s]
0.0.L: Trace Attempt 251	[503.58 s]
0.0.M: Trace Attempt 5055	[463.31 s]
0.0.B: Trace Attempt 363	[463.48 s]
0.0.L: Trace Attempt 273	[508.13 s]
0.0.M: Trace Attempt 5069	[467.38 s]
0.0.L: Trace Attempt 291	[512.20 s]
0.0.B: Trace Attempt 364	[471.76 s]
0.0.L: Trace Attempt 318	[516.57 s]
0.0.L: Trace Attempt 322	[520.71 s]
0.0.L: Trace Attempt 341	[525.23 s]
0.0.B: Trace Attempt 365	[483.43 s]
0.0.L: Trace Attempt 351	[529.25 s]
0.0.M: Trace Attempt 5114	[489.23 s]
0.0.L: Trace Attempt 353	[533.64 s]
0.0.M: Trace Attempt 5131	[493.24 s]
0.0.B: Trace Attempt 366	[494.24 s]
0.0.L: Trace Attempt 387	[537.66 s]
0.0.L: Using states from traces to { DeBouncer.debouncer_sva_i._cover_16 (4) }
0.0.L: Trace Attempt  3	[539.09 s]
0.0.L: Trace Attempt  4	[539.09 s]
0.0.L: Trace Attempt  5	[539.10 s]
0.0.M: Trace Attempt 5170	[497.25 s]
0.0.L: Trace Attempt 204	[543.10 s]
0.0.B: Trace Attempt 367	[501.77 s]
0.0.L: Trace Attempt 279	[547.11 s]
0.0.L: Trace Attempt 309	[551.44 s]
0.0.M: Trace Attempt 5202	[510.28 s]
0.0.B: Trace Attempt 368	[510.78 s]
0.0.L: Trace Attempt 325	[555.53 s]
0.0.M: Trace Attempt 5769	[514.36 s]
0.0.L: Trace Attempt 339	[559.84 s]
0.0.M: Trace Attempt 5895	[518.38 s]
0.0.B: Trace Attempt 369	[517.80 s]
0.0.L: Trace Attempt 393	[564.04 s]
0.0.L: Using states from traces to { DeBouncer.debouncer_sva_i._cover_15 (4) }
0.0.L: Trace Attempt  3	[565.03 s]
0.0.L: Trace Attempt  4	[565.03 s]
0.0.L: Trace Attempt  5	[565.03 s]
0.0.B: Trace Attempt 370	[525.65 s]
0.0.L: Trace Attempt 238	[569.09 s]
0.0.L: Trace Attempt 313	[573.16 s]
0.0.M: Trace Attempt 5923	[532.90 s]
0.0.B: Trace Attempt 371	[533.64 s]
0.0.L: Trace Attempt 390	[577.61 s]
0.0.M: Trace Attempt 6011	[536.98 s]
0.0.L: Using states from traces to { (reset) }
0.0.L: Trace Attempt  3	[579.58 s]
0.0.L: Trace Attempt  4	[579.58 s]
0.0.L: Trace Attempt  5	[579.58 s]
0.0.L: Trace Attempt 140	[583.61 s]
0.0.L: Trace Attempt 208	[588.03 s]
0.0.B: Trace Attempt 372	[545.53 s]
0.0.L: Trace Attempt 219	[592.15 s]
0.0.L: Trace Attempt 251	[596.67 s]
0.0.B: Trace Attempt 373	[554.58 s]
0.0.L: Trace Attempt 273	[601.23 s]
0.0.M: Trace Attempt 6050	[560.88 s]
0.0.L: Trace Attempt 291	[605.30 s]
0.0.B: Trace Attempt 374	[562.90 s]
0.0.M: Trace Attempt 6065	[565.05 s]
0.0.L: Trace Attempt 318	[609.67 s]
0.0.M: Trace Attempt 6080	[569.28 s]
0.0.L: Trace Attempt 322	[613.83 s]
0.0.M: Trace Attempt 6095	[573.46 s]
0.0.B: Trace Attempt 375	[572.79 s]
0.0.L: Trace Attempt 341	[618.34 s]
0.0.M: Trace Attempt 6121	[577.55 s]
0.0.B: Trace Attempt 376	[581.99 s]
0.0.L: Trace Attempt 352	[625.18 s]
0.0.L: Trace Attempt 356	[629.39 s]
0.0.L: Using states from traces to { DeBouncer.debouncer_sva_i._cover_16 (4) }
0.0.L: Trace Attempt  3	[632.26 s]
0.0.L: Trace Attempt  4	[632.26 s]
0.0.L: Trace Attempt  5	[632.26 s]
0.0.B: Trace Attempt 377	[590.92 s]
0.0.L: Trace Attempt 205	[636.29 s]
0.0.L: Trace Attempt 282	[640.30 s]
0.0.B: Trace Attempt 378	[601.11 s]
0.0.L: Trace Attempt 309	[644.57 s]
0.0.M: Trace Attempt 6176	[603.47 s]
0.0.L: Trace Attempt 325	[648.67 s]
0.0.M: Trace Attempt 6777	[607.49 s]
0.0.L: Trace Attempt 339	[652.98 s]
0.0.B: Trace Attempt 379	[611.75 s]
0.0.L: Trace Attempt 393	[657.20 s]
0.0.L: Using states from traces to { DeBouncer.debouncer_sva_i._cover_15 (4) }
0.0.L: Trace Attempt  3	[658.20 s]
0.0.L: Trace Attempt  4	[658.20 s]
0.0.L: Trace Attempt  5	[658.20 s]
0.0.L: Trace Attempt 238	[662.25 s]
0.0.L: Trace Attempt 313	[666.33 s]
0.0.B: Trace Attempt 380	[623.54 s]
0.0.M: Trace Attempt 6913	[624.76 s]
0.0.L: Trace Attempt 390	[670.77 s]
0.0.L: Using states from traces to { (reset) }
0.0.L: Trace Attempt  3	[672.76 s]
0.0.L: Trace Attempt  4	[672.76 s]
0.0.L: Trace Attempt  5	[672.76 s]
0.0.B: Trace Attempt 381	[633.14 s]
0.0.L: Trace Attempt 140	[676.78 s]
0.0.L: Trace Attempt 208	[681.19 s]
0.0.L: Trace Attempt 219	[685.29 s]
0.0.B: Trace Attempt 382	[644.17 s]
0.0.L: Trace Attempt 251	[689.80 s]
0.0.M: Trace Attempt 7004	[647.93 s]
0.0.M: Trace Attempt 7024	[652.08 s]
0.0.L: Trace Attempt 273	[694.35 s]
0.0.B: Trace Attempt 383	[652.03 s]
0.0.M: Trace Attempt 7045	[656.10 s]
0.0.L: Trace Attempt 291	[698.42 s]
0.0.M: Trace Attempt 7096	[660.10 s]
0.0.L: Trace Attempt 318	[702.80 s]
0.0.B: Trace Attempt 384	[662.11 s]
0.0.L: Trace Attempt 322	[706.98 s]
0.0.L: Trace Attempt 341	[711.50 s]
0.0.B: Trace Attempt 385	[672.86 s]
0.0.M: Trace Attempt 7112	[674.93 s]
0.0.L: Trace Attempt 352	[718.35 s]
0.0.M: Trace Attempt 7714	[678.99 s]
0.0.L: Trace Attempt 356	[722.54 s]
0.0.L: Using states from traces to { DeBouncer.debouncer_sva_i._cover_16 (4) }
0.0.L: Trace Attempt  3	[725.51 s]
0.0.L: Trace Attempt  4	[725.51 s]
0.0.L: Trace Attempt  5	[725.51 s]
0.0.B: Trace Attempt 386	[682.47 s]
0.0.L: Trace Attempt 204	[729.51 s]
0.0.L: Trace Attempt 279	[733.52 s]
0.0.M: Trace Attempt 7841	[692.28 s]
0.0.B: Trace Attempt 387	[692.95 s]
0.0.L: Trace Attempt 309	[737.85 s]
0.0.L: Trace Attempt 325	[741.92 s]
0.0.B: Trace Attempt 388	[701.23 s]
0.0.L: Trace Attempt 339	[746.20 s]
0.0.M: Trace Attempt 7925	[706.64 s]
0.0.L: Trace Attempt 393	[750.39 s]
0.0.L: Using states from traces to { DeBouncer.debouncer_sva_i._cover_15 (4) }
0.0.L: Trace Attempt  3	[751.46 s]
0.0.L: Trace Attempt  4	[751.46 s]
0.0.L: Trace Attempt  5	[751.46 s]
0.0.B: Trace Attempt 389	[711.74 s]
0.0.L: Trace Attempt 238	[755.51 s]
0.0.L: Trace Attempt 313	[759.56 s]
0.0.B: Trace Attempt 390	[719.80 s]
0.0.L: Trace Attempt 390	[763.98 s]
0.0.L: Using states from traces to { (reset) }
0.0.L: Trace Attempt  3	[765.98 s]
0.0.L: Trace Attempt  4	[765.99 s]
0.0.L: Trace Attempt  5	[765.99 s]
0.0.M: Trace Attempt 7989	[723.98 s]
0.0.L: Trace Attempt 140	[770.00 s]
0.0.M: Trace Attempt 8016	[728.08 s]
0.0.B: Trace Attempt 391	[730.22 s]
0.0.L: Trace Attempt 208	[774.41 s]
0.0.L: Trace Attempt 219	[778.52 s]
0.0.M: Trace Attempt 8070	[739.55 s]
0.0.L: Trace Attempt 251	[783.05 s]
0.0.M: Trace Attempt 8608	[743.56 s]
0.0.B: Trace Attempt 392	[742.85 s]
0.0.L: Trace Attempt 273	[787.62 s]
0.0.L: Trace Attempt 291	[791.72 s]
0.0.B: Trace Attempt 393	[752.21 s]
0.0.L: Trace Attempt 318	[796.09 s]
0.0.L: Trace Attempt 322	[800.24 s]
0.0.M: Trace Attempt 8643	[761.34 s]
0.0.L: Trace Attempt 341	[804.80 s]
0.0.B: Trace Attempt 394	[762.51 s]
0.0.M: Trace Attempt 8734	[765.51 s]
0.0.L: Trace Attempt 352	[811.62 s]
0.0.L: Trace Attempt 356	[815.78 s]
0.0.B: Trace Attempt 395	[773.12 s]
0.0.L: Using states from traces to { DeBouncer.debouncer_sva_i._cover_16 (4) }
0.0.L: Trace Attempt  3	[818.86 s]
0.0.L: Trace Attempt  4	[818.86 s]
0.0.L: Trace Attempt  5	[818.86 s]
0.0.M: Trace Attempt 8782	[778.00 s]
0.0.L: Trace Attempt 205	[822.87 s]
0.0.M: Trace Attempt 9325	[782.01 s]
0.0.L: Trace Attempt 278	[826.89 s]
0.0.B: Trace Attempt 396	[786.64 s]
0.0.L: Trace Attempt 308	[831.01 s]
0.0.L: Trace Attempt 324	[835.10 s]
0.0.M: Trace Attempt 9395	[795.55 s]
0.0.L: Trace Attempt 336	[839.28 s]
0.0.B: Trace Attempt 397	[797.93 s]
0.0.M: Trace Attempt 9489	[799.61 s]
0.0.L: Trace Attempt 392	[844.74 s]
0.0.L: Using states from traces to { DeBouncer.debouncer_sva_i._cover_15 (4) }
0.0.L: Trace Attempt  3	[846.39 s]
0.0.L: Trace Attempt  4	[846.39 s]
0.0.L: Trace Attempt  5	[846.39 s]
0.0.L: Trace Attempt 237	[850.39 s]
0.0.B: Trace Attempt 398	[808.23 s]
0.0.L: Trace Attempt 312	[854.41 s]
0.0.L: Trace Attempt 390	[858.97 s]
0.0.L: Using states from traces to { (reset) }
0.0.L: Trace Attempt  3	[861.01 s]
0.0.L: Trace Attempt  4	[861.01 s]
0.0.L: Trace Attempt  5	[861.02 s]
0.0.B: Trace Attempt 399	[821.26 s]
0.0.L: Trace Attempt 140	[865.04 s]
0.0.M: Trace Attempt 9511	[826.14 s]
0.0.L: Trace Attempt 208	[869.45 s]
0.0.M: Trace Attempt 9567	[830.17 s]
0.0.L: Trace Attempt 219	[873.55 s]
0.0.B: Trace Attempt 400	[832.99 s]
0.0.L: Trace Attempt 251	[878.05 s]
0.0.L: Trace Attempt 273	[882.61 s]
0.0.L: Trace Attempt 291	[886.68 s]
0.0.B: Trace Attempt 401	[845.50 s]
0.0.L: Trace Attempt 318	[891.05 s]
0.0.L: Trace Attempt 322	[895.20 s]
0.0.B: Trace Attempt 402	[854.93 s]
0.0.L: Trace Attempt 341	[899.71 s]
0.0.M: Trace Attempt 9585	[858.05 s]
0.0.L: Trace Attempt 351	[903.73 s]
0.0.M: Trace Attempt 9611	[862.11 s]
0.0.L: Trace Attempt 353	[908.15 s]
0.0.B: Trace Attempt 403	[865.12 s]
0.0.L: Trace Attempt 386	[912.17 s]
0.0.L: Using states from traces to { DeBouncer.debouncer_sva_i._cover_16 (4) }
0.0.L: Trace Attempt  3	[914.02 s]
0.0.L: Trace Attempt  4	[914.02 s]
0.0.L: Trace Attempt  5	[914.02 s]
0.0.L: Trace Attempt 204	[918.03 s]
0.0.B: Trace Attempt 404	[875.16 s]
0.0.L: Trace Attempt 279	[922.03 s]
0.0.L: Trace Attempt 309	[926.36 s]
0.0.B: Trace Attempt 405	[885.15 s]
0.0.L: Trace Attempt 325	[930.42 s]
0.0.M: Trace Attempt 9644	[888.38 s]
0.0.L: Trace Attempt 339	[934.70 s]
0.0.M: Trace Attempt 9653	[892.61 s]
0.0.L: Trace Attempt 393	[938.89 s]
0.0.M: Trace Attempt 9664	[896.94 s]
0.0.L: Using states from traces to { DeBouncer.debouncer_sva_i._cover_15 (4) }
0.0.L: Trace Attempt  3	[940.04 s]
0.0.L: Trace Attempt  4	[940.04 s]
0.0.L: Trace Attempt  5	[940.04 s]
0.0.B: Trace Attempt 406	[898.11 s]
0.0.M: Trace Attempt 9675	[901.01 s]
0.0.L: Trace Attempt 238	[944.09 s]
0.0.M: Trace Attempt 9689	[905.09 s]
0.0.L: Trace Attempt 313	[948.15 s]
0.0.B: Trace Attempt 407	[907.21 s]
0.0.M: Trace Attempt 9707	[909.19 s]
0.0.L: Trace Attempt 390	[952.60 s]
0.0.L: Using states from traces to { (reset) }
0.0.L: Trace Attempt  3	[954.69 s]
0.0.L: Trace Attempt  4	[954.69 s]
0.0.L: Trace Attempt  5	[954.69 s]
0.0.M: Trace Attempt 9734	[913.19 s]
0.0.L: Trace Attempt 140	[958.71 s]
0.0.B: Trace Attempt 408	[919.91 s]
0.0.L: Trace Attempt 208	[963.12 s]
0.0.M: Trace Attempt 9785	[924.38 s]
0.0.L: Trace Attempt 219	[967.23 s]
0.0.M: Trace Attempt 10238	[928.39 s]
0.0.B: Trace Attempt 409	[928.54 s]
0.0.L: Trace Attempt 251	[971.74 s]
0.0.L: Trace Attempt 273	[976.33 s]
0.0.L: Trace Attempt 291	[980.42 s]
0.0.B: Trace Attempt 410	[941.19 s]
0.0.L: Trace Attempt 318	[984.80 s]
0.0.M: Trace Attempt 10383	[943.35 s]
0.0.L: Trace Attempt 322	[988.96 s]
0.0.L: Trace Attempt 341	[993.46 s]
0.0.B: Trace Attempt 411	[953.88 s]
0.0.L: Trace Attempt 352	[1000.29 s]
0.0.L: Trace Attempt 356	[1004.45 s]
0.0.M: Trace Attempt 10445	[962.44 s]
0.0.L: Using states from traces to { DeBouncer.debouncer_sva_i._cover_16 (4) }
0.0.L: Trace Attempt  3	[1007.72 s]
0.0.L: Trace Attempt  4	[1007.72 s]
0.0.L: Trace Attempt  5	[1007.72 s]
0.0.B: Trace Attempt 412	[965.41 s]
0.0.M: Trace Attempt 10481	[966.46 s]
0.0.L: Trace Attempt 205	[1011.75 s]
0.0.L: Trace Attempt 282	[1015.75 s]
0.0.L: Trace Attempt 309	[1020.00 s]
0.0.B: Trace Attempt 413	[978.43 s]
0.0.M: Trace Attempt 10516	[981.53 s]
0.0.L: Trace Attempt 325	[1024.08 s]
0.0.M: Trace Attempt 11032	[985.61 s]
0.0.L: Trace Attempt 339	[1028.36 s]
0.0.M: Trace Attempt 11117	[989.63 s]
0.0.L: Trace Attempt 393	[1032.55 s]
0.0.L: Using states from traces to { DeBouncer.debouncer_sva_i._cover_15 (4) }
0.0.L: Trace Attempt  3	[1033.78 s]
0.0.L: Trace Attempt  4	[1033.78 s]
0.0.L: Trace Attempt  5	[1033.78 s]
0.0.B: Trace Attempt 414	[991.62 s]
0.0.L: Trace Attempt 238	[1037.83 s]
0.0.L: Trace Attempt 313	[1041.89 s]
0.0.M: Trace Attempt 11158	[1000.26 s]
0.0.B: Trace Attempt 415	[1002.68 s]
0.0.L: Trace Attempt 390	[1046.35 s]
0.0.M: Trace Attempt 11627	[1004.28 s]
0.0.L: Using states from traces to { (reset) }
0.0.L: Trace Attempt  3	[1048.43 s]
0.0.L: Trace Attempt  4	[1048.44 s]
0.0.L: Trace Attempt  5	[1048.44 s]
0.0.M: Trace Attempt 11766	[1008.37 s]
0.0.L: Trace Attempt 140	[1052.45 s]
0.0.M: Trace Attempt 11801	[1012.69 s]
0.0.B: Trace Attempt 416	[1013.28 s]
0.0.L: Trace Attempt 208	[1056.88 s]
0.0.L: Trace Attempt 219	[1060.97 s]
0.0.L: Trace Attempt 251	[1065.48 s]
0.0.M: Trace Attempt 11810	[1023.73 s]
0.0.B: Trace Attempt 417	[1023.74 s]
0.0.M: Trace Attempt 12415	[1027.78 s]
0.0.L: Trace Attempt 273	[1070.02 s]
0.0.L: Trace Attempt 291	[1074.09 s]
0.0.M: Trace Attempt 12487	[1034.12 s]
0.0.B: Trace Attempt 418	[1034.43 s]
0.0.L: Trace Attempt 318	[1078.45 s]
0.0.L: Trace Attempt 322	[1082.58 s]
0.0.M: Trace Attempt 12504	[1042.71 s]
0.0.L: Trace Attempt 341	[1087.14 s]
0.0.B: Trace Attempt 419	[1044.39 s]
0.0.M: Trace Attempt 12888	[1046.71 s]
0.0.L: Trace Attempt 352	[1093.97 s]
0.0.L: Trace Attempt 356	[1098.15 s]
0.0.B: Trace Attempt 420	[1055.94 s]
0.0.L: Using states from traces to { DeBouncer.debouncer_sva_i._cover_16 (4) }
0.0.L: Trace Attempt  3	[1101.53 s]
0.0.L: Trace Attempt  4	[1101.53 s]
0.0.L: Trace Attempt  5	[1101.53 s]
0.0.M: Trace Attempt 12931	[1059.46 s]
0.0.L: Trace Attempt 202	[1105.55 s]
0.0.M: Trace Attempt 13046	[1063.49 s]
0.0.L: Trace Attempt 272	[1109.56 s]
0.0.B: Trace Attempt 421	[1066.50 s]
0.0.L: Trace Attempt 309	[1113.98 s]
0.0.L: Trace Attempt 325	[1118.08 s]
0.0.M: Trace Attempt 13106	[1077.78 s]
0.0.B: Trace Attempt 422	[1078.70 s]
0.0.L: Trace Attempt 339	[1122.36 s]
0.0.M: Trace Attempt 13469	[1081.81 s]
0.0.L: Trace Attempt 393	[1126.87 s]
0.0.L: Using states from traces to { DeBouncer.debouncer_sva_i._cover_15 (4) }
0.0.L: Trace Attempt  3	[1128.28 s]
0.0.L: Trace Attempt  4	[1128.28 s]
0.0.L: Trace Attempt  5	[1128.28 s]
0.0.L: Trace Attempt 231	[1132.29 s]
0.0.M: Trace Attempt 13489	[1092.50 s]
0.0.L: Trace Attempt 312	[1136.53 s]
0.0.B: Trace Attempt 423	[1094.58 s]
0.0.L: Trace Attempt 390	[1141.07 s]
0.0.L: Using states from traces to { (reset) }
0.0.L: Trace Attempt  3	[1143.19 s]
0.0.L: Trace Attempt  4	[1143.19 s]
0.0.L: Trace Attempt  5	[1143.19 s]
0.0.L: Trace Attempt 140	[1147.20 s]
0.0.B: Trace Attempt 424	[1107.28 s]
0.0.M: Trace Attempt 13586	[1108.92 s]
0.0.L: Trace Attempt 208	[1151.60 s]
0.0.M: Trace Attempt 13612	[1112.93 s]
0.0.L: Trace Attempt 219	[1155.69 s]
0.0.L: Trace Attempt 251	[1160.19 s]
0.0.B: Trace Attempt 425	[1120.42 s]
0.0.L: Trace Attempt 273	[1164.73 s]
0.0.L: Trace Attempt 291	[1168.79 s]
0.0.L: Trace Attempt 318	[1173.16 s]
0.0.M: Trace Attempt 13654	[1131.87 s]
0.0.B: Trace Attempt 426	[1134.06 s]
0.0.L: Trace Attempt 322	[1177.30 s]
0.0.M: Trace Attempt 13672	[1135.89 s]
0.0.L: Trace Attempt 341	[1181.83 s]
0.0.M: Trace Attempt 13694	[1139.99 s]
0.0.B: Trace Attempt 427	[1142.41 s]
0.0.L: Trace Attempt 352	[1188.66 s]
0.0.L: Trace Attempt 356	[1192.81 s]
0.0.M: Trace Attempt 13760	[1153.05 s]
0.0.L: Using states from traces to { DeBouncer.debouncer_sva_i._cover_16 (4) }
0.0.L: Trace Attempt  3	[1196.30 s]
0.0.L: Trace Attempt  4	[1196.30 s]
0.0.L: Trace Attempt  5	[1196.30 s]
0.0.B: Trace Attempt 428	[1153.89 s]
0.0.M: Trace Attempt 14414	[1157.09 s]
0.0.L: Trace Attempt 205	[1200.32 s]
0.0.M: Trace Attempt 14603	[1161.10 s]
0.0.L: Trace Attempt 282	[1204.33 s]
0.0.L: Trace Attempt 309	[1208.60 s]
0.0.B: Trace Attempt 429	[1169.29 s]
0.0.L: Trace Attempt 325	[1212.70 s]
0.0.L: Trace Attempt 339	[1217.01 s]
0.0.M: Trace Attempt 14655	[1176.45 s]
0.0.L: Trace Attempt 393	[1221.20 s]
0.0.L: Using states from traces to { DeBouncer.debouncer_sva_i._cover_15 (4) }
0.0.L: Trace Attempt  3	[1222.56 s]
0.0.L: Trace Attempt  4	[1222.56 s]
0.0.L: Trace Attempt  5	[1222.56 s]
0.0.M: Trace Attempt 14693	[1180.48 s]
0.0.B: Trace Attempt 430	[1180.58 s]
0.0.L: Trace Attempt 238	[1226.61 s]
0.0.L: Trace Attempt 313	[1230.65 s]
0.0.L: Trace Attempt 390	[1235.09 s]
0.0.B: Trace Attempt 431	[1192.63 s]
0.0.L: Using states from traces to { (reset) }
0.0.L: Trace Attempt  3	[1237.22 s]
0.0.L: Trace Attempt  4	[1237.22 s]
0.0.L: Trace Attempt  5	[1237.22 s]
0.0.M: Trace Attempt 14709	[1197.89 s]
0.0.L: Trace Attempt 140	[1241.23 s]
0.0.M: Trace Attempt 14727	[1201.99 s]
0.0.L: Trace Attempt 208	[1245.64 s]
0.0.M: Trace Attempt 14775	[1206.00 s]
0.0.B: Trace Attempt 432	[1206.08 s]
0.0.L: Trace Attempt 219	[1249.74 s]
0.0.L: Trace Attempt 251	[1254.27 s]
0.0.L: Trace Attempt 273	[1259.10 s]
0.0.B: Trace Attempt 433	[1218.33 s]
0.0.L: Trace Attempt 289	[1263.11 s]
0.0.L: Trace Attempt 318	[1267.63 s]
0.0.L: Trace Attempt 322	[1271.77 s]
0.0.B: Trace Attempt 434	[1232.42 s]
0.0.L: Trace Attempt 341	[1276.26 s]
0.0.M: Trace Attempt 14796	[1239.71 s]
0.0.L: Trace Attempt 352	[1283.09 s]
0.0.M: Trace Attempt 15169	[1243.72 s]
0.0.L: Trace Attempt 356	[1287.24 s]
0.0.B: Trace Attempt 435	[1244.68 s]
0.0.M: Trace Attempt 15181	[1250.79 s]
0.0.L: Using states from traces to { DeBouncer.debouncer_sva_i._cover_16 (4) }
0.0.L: Trace Attempt  3	[1295.41 s]
0.0.L: Trace Attempt  4	[1295.41 s]
0.0.L: Trace Attempt  5	[1295.41 s]
0.0.M: Trace Attempt 15296	[1254.83 s]
0.0.L: Trace Attempt 204	[1299.42 s]
0.0.L: Trace Attempt 281	[1303.44 s]
0.0.B: Trace Attempt 436	[1260.74 s]
0.0.L: Trace Attempt 309	[1307.76 s]
0.0.M: Trace Attempt 15351	[1269.74 s]
0.0.L: Trace Attempt 325	[1312.01 s]
0.0.B: Trace Attempt 437	[1272.67 s]
0.0.M: Trace Attempt 15816	[1273.76 s]
0.0.L: Trace Attempt 338	[1316.04 s]
0.0.M: Trace Attempt 15971	[1277.80 s]
0.0.L: Trace Attempt 392	[1320.19 s]
0.0.L: Using states from traces to { DeBouncer.debouncer_sva_i._cover_15 (4) }
0.0.L: Trace Attempt  3	[1322.15 s]
0.0.L: Trace Attempt  4	[1322.15 s]
0.0.L: Trace Attempt  5	[1322.15 s]
0.0.L: Trace Attempt 238	[1326.20 s]
0.0.B: Trace Attempt 438	[1284.98 s]
0.0.M: Trace Attempt 16009	[1286.65 s]
0.0.L: Trace Attempt 313	[1330.32 s]
0.0.M: Trace Attempt 16386	[1290.75 s]
0.0.L: Trace Attempt 390	[1334.78 s]
0.0.L: Using states from traces to { (reset) }
0.0.L: Trace Attempt  3	[1336.96 s]
0.0.L: Trace Attempt  4	[1336.96 s]
0.0.L: Trace Attempt  5	[1336.96 s]
0.0.B: Trace Attempt 439	[1297.13 s]
0.0.L: Trace Attempt 140	[1340.98 s]
0.0.L: Trace Attempt 208	[1345.39 s]
0.0.L: Trace Attempt 219	[1349.48 s]
0.0.M: Trace Attempt 16436	[1311.02 s]
0.0.B: Trace Attempt 440	[1310.54 s]
0.0.L: Trace Attempt 251	[1353.98 s]
0.0.L: Trace Attempt 273	[1358.55 s]
0.0.L: Trace Attempt 291	[1362.65 s]
0.0.L: Trace Attempt 318	[1367.03 s]
0.0.B: Trace Attempt 441	[1326.95 s]
0.0.M: Trace Attempt 16503	[1328.89 s]
0.0.L: Trace Attempt 322	[1371.17 s]
0.0.M: Trace Attempt 16526	[1332.95 s]
0.0.L: Trace Attempt 341	[1375.71 s]
0.0.L: Trace Attempt 351	[1379.74 s]
0.0.B: Trace Attempt 442	[1339.64 s]
0.0.L: Trace Attempt 353	[1384.16 s]
0.0.L: Trace Attempt 387	[1388.18 s]
0.0.L: Trace Attempt 413	[1394.96 s]
0.0.B: Trace Attempt 443	[1352.70 s]
0.0.M: Trace Attempt 16573	[1355.02 s]
0.0.L: Using states from traces to { DeBouncer.debouncer_sva_i._cover_16 (4) }
0.0.L: Trace Attempt  3	[1400.51 s]
0.0.L: Trace Attempt  4	[1400.51 s]
0.0.L: Trace Attempt  5	[1400.51 s]
0.0.L: Trace Attempt 205	[1404.53 s]
0.0.M: Trace Attempt 16606	[1365.77 s]
0.0.L: Trace Attempt 282	[1408.55 s]
0.0.B: Trace Attempt 444	[1367.12 s]
0.0.M: Trace Attempt 16637	[1369.84 s]
0.0.L: Trace Attempt 309	[1412.83 s]
0.0.M: Trace Attempt 16674	[1374.44 s]
0.0.L: Trace Attempt 325	[1416.93 s]
0.0.B: Trace Attempt 445	[1375.89 s]
0.0.M: Trace Attempt 17379	[1378.46 s]
0.0.L: Trace Attempt 339	[1421.23 s]
0.0.M: Trace Attempt 17501	[1382.52 s]
0.0.L: Trace Attempt 393	[1425.45 s]
0.0.L: Using states from traces to { DeBouncer.debouncer_sva_i._cover_15 (4) }
0.0.L: Trace Attempt  3	[1426.94 s]
0.0.L: Trace Attempt  4	[1426.94 s]
0.0.L: Trace Attempt  5	[1426.94 s]
0.0.L: Trace Attempt 238	[1431.00 s]
0.0.B: Trace Attempt 446	[1389.08 s]
0.0.L: Trace Attempt 313	[1435.08 s]
0.0.L: Trace Attempt 390	[1439.52 s]
0.0.L: Using states from traces to { (reset) }
0.0.L: Trace Attempt  3	[1441.70 s]
0.0.L: Trace Attempt  4	[1441.70 s]
0.0.L: Trace Attempt  5	[1441.70 s]
0.0.L: Trace Attempt 140	[1445.72 s]
0.0.B: Trace Attempt 447	[1403.97 s]
0.0.L: Trace Attempt 208	[1450.12 s]
0.0.L: Trace Attempt 219	[1454.21 s]
0.0.M: Trace Attempt 17539	[1412.54 s]
0.0.L: Trace Attempt 251	[1458.71 s]
0.0.M: Trace Attempt 17617	[1416.57 s]
0.0.L: Trace Attempt 273	[1463.26 s]
0.0.B: Trace Attempt 448	[1420.85 s]
0.0.L: Trace Attempt 291	[1467.33 s]
0.0.L: Trace Attempt 318	[1471.70 s]
0.0.B: Trace Attempt 449	[1432.44 s]
0.0.L: Trace Attempt 322	[1475.85 s]
0.0.L: Trace Attempt 341	[1480.38 s]
0.0.L: Trace Attempt 351	[1484.38 s]
0.0.M: Trace Attempt 17634	[1445.24 s]
0.0.B: Trace Attempt 450	[1444.68 s]
0.0.L: Trace Attempt 353	[1488.77 s]
0.0.M: Trace Attempt 17646	[1449.31 s]
0.0.L: Trace Attempt 387	[1492.79 s]
0.0.M: Trace Attempt 17665	[1453.35 s]
0.0.L: Trace Attempt 413	[1499.64 s]
0.0.M: Trace Attempt 17684	[1457.53 s]
0.0.B: Trace Attempt 451	[1458.47 s]
0.0.M: Trace Attempt 17710	[1461.53 s]
0.0.L: Trace Attempt 414	[1505.32 s]
0.0.L: Using states from traces to { DeBouncer.debouncer_sva_i._cover_16 (4) }
0.0.L: Trace Attempt  3	[1510.10 s]
0.0.L: Trace Attempt  4	[1510.10 s]
0.0.L: Trace Attempt  5	[1510.10 s]
0.0.L: Trace Attempt 193	[1514.19 s]
0.0.B: Trace Attempt 452	[1473.14 s]
0.0.L: Trace Attempt 253	[1518.33 s]
0.0.L: Trace Attempt 308	[1522.50 s]
0.0.L: Trace Attempt 325	[1527.17 s]
0.0.L: Trace Attempt 339	[1531.45 s]
0.0.B: Trace Attempt 453	[1490.10 s]
0.0.L: Trace Attempt 393	[1535.65 s]
0.0.L: Using states from traces to { DeBouncer.debouncer_sva_i._cover_15 (4) }
0.0.L: Trace Attempt  3	[1537.20 s]
0.0.L: Trace Attempt  4	[1537.20 s]
0.0.L: Trace Attempt  5	[1537.20 s]
0.0.L: Trace Attempt 238	[1541.26 s]
0.0.B: Trace Attempt 454	[1500.86 s]
0.0.L: Trace Attempt 313	[1545.32 s]
0.0.L: Trace Attempt 390	[1549.75 s]
0.0.L: Using states from traces to { (reset) }
0.0.L: Trace Attempt  3	[1551.96 s]
0.0.L: Trace Attempt  4	[1551.96 s]
0.0.L: Trace Attempt  5	[1551.96 s]
0.0.B: Trace Attempt 455	[1511.18 s]
0.0.L: Trace Attempt 140	[1555.96 s]
0.0.L: Trace Attempt 208	[1560.36 s]
0.0.L: Trace Attempt 219	[1564.45 s]
0.0.B: Trace Attempt 456	[1523.08 s]
0.0.L: Trace Attempt 251	[1568.95 s]
0.0.L: Trace Attempt 273	[1573.51 s]
0.0.B: Trace Attempt 457	[1533.82 s]
0.0.L: Trace Attempt 291	[1577.57 s]
0.0.L: Trace Attempt 318	[1581.93 s]
0.0.L: Trace Attempt 322	[1586.09 s]
0.0.B: Trace Attempt 458	[1545.75 s]
0.0.L: Trace Attempt 341	[1590.61 s]
0.0.M: Trace Attempt 17762	[1549.27 s]
0.0.M: Trace Attempt 18261	[1553.29 s]
0.0.L: Trace Attempt 352	[1597.45 s]
0.0.M: Trace Attempt 18351	[1557.32 s]
0.0.B: Trace Attempt 459	[1558.40 s]
0.0.L: Trace Attempt 356	[1601.64 s]
0.0.L: Trace Attempt 413	[1609.83 s]
0.0.M: Trace Attempt 18368	[1571.91 s]
0.0.B: Trace Attempt 460	[1571.50 s]
0.0.L: Trace Attempt 414	[1615.31 s]
0.0.M: Trace Attempt 18466	[1575.95 s]
0.0.L: Trace Attempt 415	[1620.39 s]
0.0.L: Using states from traces to { DeBouncer.debouncer_sva_i._cover_16 (4) }
0.0.L: Trace Attempt  3	[1623.71 s]
0.0.L: Trace Attempt  4	[1623.71 s]
0.0.L: Trace Attempt  5	[1623.71 s]
0.0.B: Trace Attempt 461	[1583.53 s]
0.0.L: Trace Attempt 204	[1627.75 s]
0.0.L: Trace Attempt 281	[1631.77 s]
0.0.L: Trace Attempt 309	[1636.11 s]
0.0.L: Trace Attempt 325	[1640.23 s]
0.0.B: Trace Attempt 462	[1600.59 s]
0.0.L: Trace Attempt 339	[1644.54 s]
0.0.M: Trace Attempt 18491	[1605.35 s]
0.0.L: Trace Attempt 393	[1648.73 s]
0.0.L: Using states from traces to { DeBouncer.debouncer_sva_i._cover_15 (4) }
0.0.L: Trace Attempt  3	[1650.32 s]
0.0.L: Trace Attempt  4	[1650.32 s]
0.0.L: Trace Attempt  5	[1650.32 s]
0.0.M: Trace Attempt 18502	[1609.50 s]
0.0.L: Trace Attempt 236	[1654.32 s]
0.0.M: Trace Attempt 18519	[1613.55 s]
0.0.B: Trace Attempt 463	[1614.56 s]
0.0.L: Trace Attempt 312	[1658.36 s]
0.0.M: Trace Attempt 18533	[1617.62 s]
0.0.L: Trace Attempt 390	[1662.97 s]
0.0.M: Trace Attempt 18550	[1621.67 s]
0.0.L: Using states from traces to { (reset) }
0.0.L: Trace Attempt  3	[1665.20 s]
0.0.L: Trace Attempt  4	[1665.20 s]
0.0.L: Trace Attempt  5	[1665.21 s]
0.0.M: Trace Attempt 18575	[1625.75 s]
0.0.L: Trace Attempt 140	[1669.22 s]
0.0.L: Trace Attempt 208	[1673.62 s]
0.0.B: Trace Attempt 464	[1630.60 s]
0.0.L: Trace Attempt 219	[1677.73 s]
0.0.M: Trace Attempt 18625	[1635.61 s]
0.0.M: Trace Attempt 19145	[1639.64 s]
0.0.L: Trace Attempt 251	[1682.25 s]
0.0.B: Trace Attempt 465	[1643.14 s]
0.0.L: Trace Attempt 273	[1686.82 s]
0.0.L: Trace Attempt 291	[1690.91 s]
0.0.L: Trace Attempt 318	[1695.31 s]
0.0.B: Trace Attempt 466	[1655.16 s]
0.0.L: Trace Attempt 322	[1699.48 s]
0.0.M: Trace Attempt 19209	[1660.85 s]
0.0.L: Trace Attempt 341	[1703.99 s]
0.0.M: Trace Attempt 19223	[1664.95 s]
0.0.L: Trace Attempt 351	[1707.99 s]
0.0.M: Trace Attempt 19243	[1669.02 s]
0.0.L: Trace Attempt 353	[1712.37 s]
0.0.B: Trace Attempt 467	[1669.33 s]
0.0.L: Trace Attempt 387	[1716.39 s]
0.0.L: Trace Attempt 413	[1723.20 s]
0.0.B: Trace Attempt 468	[1683.33 s]
0.0.L: Trace Attempt 414	[1728.97 s]
0.0.M: Trace Attempt 19288	[1687.25 s]
0.0.M: Trace Attempt 19318	[1691.33 s]
0.0.L: Trace Attempt 415	[1733.65 s]
0.0.B: Trace Attempt 469	[1694.80 s]
0.0.L: Using states from traces to { DeBouncer.debouncer_sva_i._cover_16 (4) }
0.0.L: Trace Attempt  3	[1739.98 s]
0.0.L: Trace Attempt  4	[1739.98 s]
0.0.L: Trace Attempt  5	[1739.98 s]
0.0.L: Trace Attempt 205	[1744.02 s]
0.0.M: Trace Attempt 19362	[1703.22 s]
0.0.L: Trace Attempt 280	[1748.02 s]
0.0.B: Trace Attempt 470	[1706.17 s]
0.0.M: Trace Attempt 20052	[1707.26 s]
0.0.L: Trace Attempt 309	[1752.35 s]
0.0.M: Trace Attempt 20257	[1711.33 s]
0.0.L: Trace Attempt 325	[1756.45 s]
0.0.L: Trace Attempt 339	[1760.75 s]
0.0.B: Trace Attempt 471	[1718.32 s]
0.0.L: Trace Attempt 393	[1764.95 s]
0.0.L: Using states from traces to { DeBouncer.debouncer_sva_i._cover_15 (4) }
0.0.L: Trace Attempt  3	[1766.58 s]
0.0.L: Trace Attempt  4	[1766.58 s]
0.0.L: Trace Attempt  5	[1766.58 s]
0.0.L: Trace Attempt 238	[1770.63 s]
0.0.B: Trace Attempt 472	[1730.14 s]
0.0.M: Trace Attempt 20305	[1731.65 s]
0.0.L: Trace Attempt 313	[1774.69 s]
0.0.M: Trace Attempt 20878	[1735.66 s]
0.0.L: Trace Attempt 390	[1779.14 s]
0.0.L: Using states from traces to { (reset) }
0.0.L: Trace Attempt  3	[1781.47 s]
0.0.L: Trace Attempt  4	[1781.47 s]
0.0.L: Trace Attempt  5	[1781.47 s]
0.0.M: Trace Attempt 20975	[1739.66 s]
0.0.L: Trace Attempt 140	[1785.49 s]
0.0.B: Trace Attempt 473	[1744.30 s]
0.0.L: Trace Attempt 208	[1789.90 s]
0.0.L: Trace Attempt 219	[1794.01 s]
0.0.M: Trace Attempt 20986	[1756.01 s]
0.0.L: Trace Attempt 251	[1798.52 s]
0.0.M: Trace Attempt 21055	[1760.01 s]
0.0.L: Trace Attempt 273	[1803.08 s]
0.0.B: Trace Attempt 474	[1763.57 s]
0.0.L: Trace Attempt 291	[1807.15 s]
0.0.L: Trace Attempt 318	[1811.55 s]
0.0.L: Trace Attempt 322	[1815.73 s]
0.0.B: Trace Attempt 475	[1776.55 s]
0.0.L: Trace Attempt 341	[1820.28 s]
0.0.M: Trace Attempt 21074	[1781.07 s]
0.0.L: Trace Attempt 351	[1824.28 s]
0.0.M: Trace Attempt 21093	[1785.32 s]
0.0.L: Trace Attempt 353	[1828.65 s]
0.0.M: Trace Attempt 21109	[1789.37 s]
0.0.L: Trace Attempt 387	[1832.67 s]
0.0.B: Trace Attempt 476	[1792.42 s]
0.0.M: Trace Attempt 21131	[1793.43 s]
0.0.L: Trace Attempt 413	[1839.46 s]
0.0.L: Trace Attempt 414	[1844.91 s]
0.0.L: Trace Attempt 415	[1849.58 s]
0.0.B: Trace Attempt 477	[1807.62 s]
0.0.L: Trace Attempt 417	[1855.89 s]
0.0.L: Using states from traces to { DeBouncer.debouncer_sva_i._cover_16 (4) }
0.0.L: Trace Attempt  3	[1857.33 s]
0.0.L: Trace Attempt  4	[1857.33 s]
0.0.L: Trace Attempt  5	[1857.33 s]
0.0.L: Trace Attempt 205	[1861.35 s]
0.0.B: Trace Attempt 478	[1820.36 s]
0.0.L: Trace Attempt 282	[1865.37 s]
0.0.M: Trace Attempt 21196	[1826.10 s]
0.0.L: Trace Attempt 309	[1869.64 s]
0.0.M: Trace Attempt 21781	[1830.18 s]
0.0.L: Trace Attempt 325	[1873.74 s]
0.0.M: Trace Attempt 21858	[1834.24 s]
0.0.B: Trace Attempt 479	[1834.17 s]
0.0.L: Trace Attempt 339	[1878.09 s]
0.0.M: Trace Attempt 21896	[1838.26 s]
0.0.L: Trace Attempt 393	[1882.30 s]
0.0.L: Using states from traces to { DeBouncer.debouncer_sva_i._cover_15 (4) }
0.0.L: Trace Attempt  3	[1883.98 s]
0.0.L: Trace Attempt  4	[1883.98 s]
0.0.L: Trace Attempt  5	[1883.98 s]
0.0.L: Trace Attempt 237	[1887.99 s]
0.0.M: Trace Attempt 21924	[1849.24 s]
0.0.L: Trace Attempt 312	[1892.01 s]
0.0.B: Trace Attempt 480	[1850.84 s]
0.0.M: Trace Attempt 22391	[1853.25 s]
0.0.L: Trace Attempt 390	[1896.60 s]
0.0.L: Using states from traces to { (reset) }
0.0.L: Trace Attempt  3	[1899.00 s]
0.0.L: Trace Attempt  4	[1899.00 s]
0.0.L: Trace Attempt  5	[1899.00 s]
0.0.M: Trace Attempt 22635	[1857.29 s]
0.0.L: Trace Attempt 140	[1903.01 s]
0.0.M: Trace Attempt 22697	[1861.33 s]
0.0.L: Trace Attempt 208	[1907.42 s]
0.0.B: Trace Attempt 481	[1865.83 s]
0.0.L: Trace Attempt 219	[1911.52 s]
0.0.M: Trace Attempt 22730	[1869.93 s]
0.0.L: Trace Attempt 251	[1916.09 s]
0.0.M: Trace Attempt 23423	[1873.98 s]
0.0.M: Trace Attempt 23645	[1878.09 s]
0.0.L: Trace Attempt 273	[1920.66 s]
0.0.L: Morphing to Hp
0.0.L: Trace Attempt 274	[1922.16 s]
0.0.L: All properties determined. [0.00 s]
0.0.L: Exited with Success (@ 0.00 s)
0.0.B: Trace Attempt 482	[1885.14 s]
0.0.M: Trace Attempt 23687	[1894.34 s]
0.0.B: Trace Attempt 483	[1902.65 s]
0.0.M: Trace Attempt 23753	[1917.15 s]
0.0.B: Trace Attempt 484	[1919.91 s]
0.0.M: Trace Attempt 23767	[1921.24 s]
0.0.M: Trace Attempt 23784	[1925.25 s]
0.0.M: Trace Attempt 23809	[1929.29 s]
0.0.B: Trace Attempt 485	[1935.01 s]
0.0.B: Trace Attempt 486	[1949.31 s]
0.0.B: Trace Attempt 487	[1967.60 s]
0.0.M: Trace Attempt 23864	[1971.77 s]
0.0.M: Trace Attempt 24294	[1975.81 s]
0.0.M: Trace Attempt 24329	[1984.83 s]
0.0.M: Trace Attempt 24582	[1988.85 s]
0.0.B: Trace Attempt 488	[1988.96 s]
0.0.M: Trace Attempt 24652	[2006.08 s]
0.0.M: Trace Attempt 25157	[2010.18 s]
0.0.B: Trace Attempt 489	[2011.61 s]
0.0.M: Trace Attempt 25319	[2014.18 s]
0.0.B: Trace Attempt 490	[2026.50 s]
0.0.M: Trace Attempt 25356	[2032.56 s]
0.0.M: Trace Attempt 25357	[2038.06 s]
0.0.M: Trace Attempt 25368	[2042.12 s]
0.0.M: Trace Attempt 25382	[2046.22 s]
0.0.B: Trace Attempt 491	[2045.61 s]
0.0.M: Trace Attempt 25404	[2050.24 s]
0.0.B: Trace Attempt 492	[2058.41 s]
0.0.M: Trace Attempt 25467	[2073.96 s]
0.0.M: Trace Attempt 26018	[2077.98 s]
0.0.B: Trace Attempt 493	[2077.95 s]
0.0.M: Trace Attempt 26173	[2081.98 s]
0.0.B: Trace Attempt 494	[2093.27 s]
0.0.M: Trace Attempt 26210	[2105.23 s]
0.0.M: Trace Attempt 26306	[2109.32 s]
0.0.B: Trace Attempt 495	[2114.89 s]
0.0.B: Trace Attempt 496	[2130.91 s]
0.0.B: Trace Attempt 497	[2145.04 s]
0.0.M: Trace Attempt 26335	[2148.50 s]
0.0.M: Trace Attempt 26345	[2153.09 s]
0.0.M: Trace Attempt 26359	[2157.25 s]
0.0.M: Trace Attempt 26376	[2161.34 s]
0.0.B: Trace Attempt 498	[2160.64 s]
0.0.M: Trace Attempt 26390	[2165.37 s]
0.0.M: Trace Attempt 26408	[2169.56 s]
0.0.M: Trace Attempt 26434	[2173.62 s]
0.0.B: Trace Attempt 499	[2184.55 s]
0.0.M: Trace Attempt 26489	[2190.34 s]
0.0.M: Trace Attempt 26909	[2194.44 s]
0.0.B: Trace Attempt 500	[2206.13 s]
0.0.M: Trace Attempt 26964	[2224.63 s]
0.0.B: Trace Attempt 501	[2226.89 s]
0.0.B: Trace Attempt 502	[2242.18 s]
0.0.M: Trace Attempt 27094	[2245.95 s]
0.0.B: Trace Attempt 503	[2256.68 s]
0.0.M: Trace Attempt 27171	[2265.41 s]
0.0.B: Trace Attempt 504	[2274.46 s]
0.0.M: Trace Attempt 27221	[2280.95 s]
0.0.M: Trace Attempt 27243	[2285.01 s]
0.0.M: Trace Attempt 27297	[2291.96 s]
0.0.B: Trace Attempt 505	[2291.94 s]
0.0.M: Trace Attempt 27804	[2295.97 s]
0.0.M: Trace Attempt 27832	[2309.74 s]
0.0.B: Trace Attempt 506	[2309.95 s]
0.0.M: Trace Attempt 27915	[2326.02 s]
0.0.B: Trace Attempt 507	[2329.84 s]
0.0.M: Trace Attempt 27996	[2342.25 s]
0.0.B: Trace Attempt 508	[2352.44 s]
0.0.M: Trace Attempt 28070	[2366.61 s]
0.0.M: Trace Attempt 28088	[2370.68 s]
0.0.M: Trace Attempt 28112	[2374.72 s]
0.0.B: Trace Attempt 509	[2381.38 s]
0.0.B: Trace Attempt 510	[2395.93 s]
0.0.B: Trace Attempt 511	[2416.32 s]
0.0.B: Trace Attempt 512	[2438.16 s]
0.0.M: Trace Attempt 28169	[2441.23 s]
0.0.M: Trace Attempt 28775	[2445.31 s]
0.0.B: Trace Attempt 513	[2457.51 s]
0.0.M: Trace Attempt 28840	[2461.40 s]
0.0.M: Trace Attempt 28900	[2465.41 s]
0.0.B: Trace Attempt 514	[2475.25 s]
0.0.M: Trace Attempt 28940	[2482.04 s]
0.0.M: Trace Attempt 29462	[2486.04 s]
0.0.B: Trace Attempt 515	[2490.19 s]
0.0.B: Trace Attempt 516	[2510.72 s]
0.0.M: Trace Attempt 29586	[2514.53 s]
0.0.B: Trace Attempt 517	[2525.84 s]
0.0.M: Trace Attempt 29660	[2529.88 s]
0.0.M: Trace Attempt 29676	[2534.24 s]
0.0.M: Trace Attempt 29727	[2551.26 s]
0.0.B: Trace Attempt 518	[2552.61 s]
0.0.M: Trace Attempt 29753	[2555.36 s]
0.0.M: Trace Attempt 29800	[2569.97 s]
0.0.B: Trace Attempt 519	[2569.89 s]
0.0.M: Trace Attempt 30214	[2574.03 s]
0.0.M: Trace Attempt 30427	[2578.08 s]
0.0.B: Trace Attempt 520	[2587.32 s]
0.0.M: Trace Attempt 30473	[2591.75 s]
0.0.M: Trace Attempt 30562	[2605.12 s]
0.0.M: Trace Attempt 30605	[2609.17 s]
0.0.B: Trace Attempt 521	[2618.22 s]
0.0.M: Trace Attempt 30673	[2626.68 s]
0.0.M: Trace Attempt 31323	[2630.78 s]
0.0.B: Trace Attempt 522	[2646.62 s]
0.0.M: Trace Attempt 31422	[2655.91 s]
0.0.M: Trace Attempt 31507	[2659.96 s]
0.0.B: Trace Attempt 523	[2669.97 s]
0.0.M: Trace Attempt 31537	[2687.01 s]
0.0.B: Trace Attempt 524	[2689.14 s]
0.0.M: Trace Attempt 31560	[2691.09 s]
0.0.M: Trace Attempt 31579	[2695.32 s]
0.0.M: Trace Attempt 31597	[2699.47 s]
0.0.M: Trace Attempt 31622	[2703.47 s]
0.0.B: Trace Attempt 525	[2704.60 s]
0.0.M: Trace Attempt 31672	[2722.26 s]
0.0.M: Trace Attempt 32041	[2726.40 s]
0.0.B: Trace Attempt 526	[2727.24 s]
0.0.M: Trace Attempt 32108	[2740.05 s]
0.0.B: Stopped processing property "DeBouncer.debouncer_sva_i._cover_17"	[2739.09 s].
0.0.B: Morphing to N
0.0.B: All properties determined. [0.00 s]
0.0.B: Exited with Success (@ 0.00 s)
0.0.N: clocks: 1, declared: 1, disabling: 0, posedge: 1, negedge: 0, noedge: 0, bothedge: 0
0.0.N: Starting proof for property "DeBouncer.debouncer_sva_i._cover_17"	[0.00 s].
0.0.N: Trace Attempt 90	[0.00 s]
0.0.M: Trace Attempt 32786	[2744.05 s]
0.0.N: Trace Attempt 91	[5.06 s]
0.0.N: Trace Attempt  1	[5.27 s]
0.0.N: Trace Attempt  2	[5.27 s]
0.0.N: Trace Attempt  3	[5.27 s]
0.0.N: Trace Attempt  5	[5.27 s]
0.0.N: Trace Attempt 140	[14.24 s]
0.0.N: Trace Attempt 294	[18.35 s]
0.0.N: Trace Attempt 328	[31.47 s]
0.0.N: Trace Attempt 371	[35.50 s]
0.0.M: Trace Attempt 32838	[2775.68 s]
0.0.N: Trace Attempt 414	[40.20 s]
0.0.N: Trace Attempt 930	[44.23 s]
0.0.N: Trace Attempt 977	[48.24 s]
0.0.M: Trace Attempt 32936	[2792.70 s]
0.0.M: Trace Attempt 33041	[2813.93 s]
0.0.N: Trace Attempt 997	[74.02 s]
0.0.M: Trace Attempt 33091	[2817.95 s]
0.0.N: Trace Attempt 1069	[78.07 s]
0.0.N: Trace Attempt 1085	[95.55 s]
0.0.N: Trace Attempt 1095	[99.98 s]
0.0.N: Trace Attempt 1106	[104.05 s]
0.0.N: Trace Attempt 1119	[108.15 s]
0.0.M: Trace Attempt 33131	[2848.82 s]
0.0.M: Trace Attempt 33447	[2852.83 s]
0.0.M: Trace Attempt 33515	[2856.88 s]
0.0.N: Trace Attempt 1168	[133.22 s]
0.0.M: Trace Attempt 33545	[2873.38 s]
0.0.N: Trace Attempt 1184	[137.44 s]
0.0.N: Trace Attempt 1203	[141.46 s]
0.0.M: Trace Attempt 33621	[2892.96 s]
0.0.M: Trace Attempt 33662	[2896.99 s]
0.0.M: Trace Attempt 33679	[2909.71 s]
0.0.N: Trace Attempt 1254	[170.16 s]
0.0.N: Trace Attempt 1838	[174.17 s]
0.0.M: Trace Attempt 33727	[2915.38 s]
0.0.N: Trace Attempt 1901	[178.18 s]
0.0.M: Trace Attempt 34347	[2919.45 s]
0.0.M: Trace Attempt 34472	[2932.14 s]
0.0.N: Trace Attempt 1906	[193.64 s]
0.0.M: Trace Attempt 34507	[2936.23 s]
0.0.N: Trace Attempt 1982	[197.66 s]
0.0.M: Trace Attempt 34527	[2940.42 s]
0.0.M: Trace Attempt 34548	[2944.52 s]
0.0.M: Trace Attempt 34580	[2948.52 s]
0.0.N: Trace Attempt 2023	[221.86 s]
0.0.N: Trace Attempt 2075	[225.88 s]
0.0.N: Trace Attempt 2086	[252.38 s]
0.0.N: Trace Attempt 2096	[256.51 s]
0.0.N: Trace Attempt 2107	[260.58 s]
0.0.N: Trace Attempt 2121	[264.69 s]
0.0.M: Trace Attempt 34619	[3004.76 s]
0.0.M: Trace Attempt 35104	[3008.81 s]
0.0.N: Trace Attempt 2141	[268.81 s]
0.0.N: Trace Attempt 2199	[279.48 s]
0.0.M: Trace Attempt 35151	[3020.23 s]
0.0.N: Trace Attempt 2825	[283.55 s]
0.0.M: Trace Attempt 35228	[3024.25 s]
0.0.N: Trace Attempt 3011	[287.63 s]
0.0.M: Trace Attempt 35242	[3040.38 s]
0.0.M: Trace Attempt 35266	[3044.49 s]
0.0.M: Trace Attempt 35292	[3048.54 s]
0.0.N: Trace Attempt 3062	[310.72 s]
0.0.N: Trace Attempt 3109	[314.78 s]
0.0.M: Trace Attempt 35346	[3068.32 s]
0.0.M: Trace Attempt 36019	[3072.32 s]
0.0.M: Trace Attempt 36270	[3076.39 s]
0.0.M: Trace Attempt 36404	[3080.40 s]
0.0.N: Trace Attempt 3162	[344.29 s]
0.0.N: Trace Attempt 3679	[348.38 s]
0.0.M: Trace Attempt 36423	[3088.92 s]
0.0.M: Trace Attempt 36450	[3092.99 s]
0.0.M: Trace Attempt 36492	[3101.93 s]
0.0.N: Trace Attempt 3733	[363.79 s]
0.0.M: Trace Attempt 36493	[3106.53 s]
0.0.M: Trace Attempt 36509	[3121.20 s]
0.0.M: Trace Attempt 37019	[3125.22 s]
0.0.N: Trace Attempt 3822	[386.02 s]
0.0.M: Trace Attempt 37226	[3129.22 s]
0.0.N: Trace Attempt 3847	[390.13 s]
0.0.N: Trace Attempt 3868	[394.30 s]
0.0.M: Trace Attempt 37248	[3141.68 s]
0.0.M: Trace Attempt 37328	[3145.70 s]
0.0.N: Trace Attempt 3914	[424.40 s]
0.0.M: Trace Attempt 37345	[3167.43 s]
0.0.M: Trace Attempt 37360	[3171.45 s]
0.0.M: Trace Attempt 37401	[3175.49 s]
0.0.N: Trace Attempt 3932	[436.42 s]
0.0.N: Trace Attempt 3948	[440.57 s]
0.0.N: Trace Attempt 3979	[444.61 s]
0.0.N: Trace Attempt 4009	[455.92 s]
0.0.M: Trace Attempt 37423	[3198.69 s]
0.0.N: Trace Attempt 4671	[459.95 s]
0.0.M: Trace Attempt 37438	[3202.78 s]
0.0.N: Trace Attempt 4788	[464.02 s]
0.0.N: Trace Attempt 4813	[475.25 s]
0.0.N: Trace Attempt 4961	[479.35 s]
0.0.M: Trace Attempt 37492	[3224.35 s]
0.0.M: Trace Attempt 38135	[3228.35 s]
0.0.M: Trace Attempt 38386	[3232.35 s]
0.0.M: Trace Attempt 38481	[3236.36 s]
0.0.N: Trace Attempt 4992	[500.68 s]
0.0.N: Trace Attempt 5041	[504.69 s]
0.0.M: Trace Attempt 38504	[3250.64 s]
0.0.M: Trace Attempt 38571	[3254.65 s]
0.0.N: Trace Attempt 5059	[527.18 s]
0.0.N: Trace Attempt 5095	[531.23 s]
0.0.M: Trace Attempt 38599	[3274.41 s]
0.0.M: Trace Attempt 38615	[3278.75 s]
0.0.M: Trace Attempt 38632	[3282.83 s]
0.0.M: Trace Attempt 38670	[3286.85 s]
0.0.N: Trace Attempt 5115	[560.15 s]
0.0.N: Trace Attempt 5145	[564.18 s]
0.0.M: Trace Attempt 38704	[3305.51 s]
0.0.M: Trace Attempt 39401	[3309.52 s]
0.0.M: Trace Attempt 39501	[3313.53 s]
0.0.N: Trace Attempt 5157	[579.23 s]
0.0.M: Trace Attempt 39529	[3330.48 s]
0.0.N: Trace Attempt 5217	[592.55 s]
0.0.M: Trace Attempt 39902	[3334.71 s]
0.0.N: Trace Attempt 5878	[596.55 s]
0.0.N: Trace Attempt 5963	[600.64 s]
0.0.M: Trace Attempt 39961	[3346.13 s]
0.0.M: Trace Attempt 40506	[3350.15 s]
0.0.N: Trace Attempt 6023	[614.12 s]
0.0.N: Trace Attempt 6450	[618.20 s]
0.0.N: Trace Attempt 6667	[622.24 s]
0.0.M: Trace Attempt 40574	[3363.70 s]
0.0.N: Trace Attempt 6836	[626.32 s]
0.0.M: Trace Attempt 40718	[3367.73 s]
0.0.N: Trace Attempt 6886	[641.09 s]
0.0.M: Trace Attempt 40747	[3383.38 s]
0.0.N: Trace Attempt 6966	[645.12 s]
0.0.M: Trace Attempt 40767	[3387.41 s]
0.0.M: Trace Attempt 40815	[3391.42 s]
0.0.N: Trace Attempt 6984	[666.20 s]
0.0.N: Trace Attempt 7002	[670.49 s]
0.0.N: Trace Attempt 7010	[675.09 s]
0.0.M: Trace Attempt 40835	[3416.44 s]
0.0.N: Trace Attempt 7022	[679.38 s]
0.0.M: Trace Attempt 41265	[3420.53 s]
0.0.N: Trace Attempt 7038	[683.63 s]
0.0.N: Trace Attempt 7051	[687.89 s]
0.0.N: Trace Attempt 7067	[692.12 s]
0.0.N: Trace Attempt 7090	[696.24 s]
0.0.M: Trace Attempt 41316	[3437.68 s]
0.0.M: Trace Attempt 41396	[3441.71 s]
0.0.M: Trace Attempt 41412	[3454.85 s]
0.0.M: Trace Attempt 41436	[3458.97 s]
0.0.N: Trace Attempt 7143	[720.47 s]
0.0.N: Trace Attempt 7561	[724.55 s]
0.0.M: Trace Attempt 41495	[3465.18 s]
0.0.M: Trace Attempt 42005	[3469.19 s]
0.0.M: Trace Attempt 42078	[3473.20 s]
0.0.N: Trace Attempt 7621	[744.01 s]
0.0.N: Trace Attempt 7632	[748.22 s]
0.0.M: Trace Attempt 42130	[3489.56 s]
0.0.N: Trace Attempt 7646	[752.29 s]
0.0.M: Trace Attempt 42612	[3493.60 s]
0.0.N: Trace Attempt 7661	[756.45 s]
0.0.N: Trace Attempt 7680	[760.54 s]
0.0.M: Trace Attempt 42651	[3508.53 s]
0.0.M: Trace Attempt 42724	[3512.56 s]
0.0.N: Trace Attempt 7736	[775.05 s]
0.0.N: Trace Attempt 8265	[779.18 s]
0.0.N: Trace Attempt 8335	[783.28 s]
0.0.M: Trace Attempt 42748	[3533.22 s]
0.0.M: Trace Attempt 42772	[3537.45 s]
0.0.M: Trace Attempt 42792	[3541.56 s]
0.0.M: Trace Attempt 42812	[3545.57 s]
0.0.M: Trace Attempt 42843	[3549.65 s]
0.0.N: Trace Attempt 8371	[818.08 s]
0.0.N: Trace Attempt 8427	[822.14 s]
0.0.M: Trace Attempt 42885	[3562.59 s]
0.0.M: Trace Attempt 43364	[3566.59 s]
0.0.M: Trace Attempt 43420	[3582.05 s]
0.0.M: Trace Attempt 43483	[3597.89 s]
0.0.M: Trace Attempt 43497	[3602.13 s]
0.0.N: Trace Attempt 8465	[862.11 s]
0.0.N: Trace Attempt 8497	[866.13 s]
0.0.M: Trace Attempt 43512	[3606.28 s]
0.0.N: Trace Attempt 8528	[870.24 s]
0.0.M: Trace Attempt 43528	[3610.43 s]
0.0.M: Trace Attempt 43547	[3614.57 s]
0.0.M: Trace Attempt 43579	[3618.61 s]
0.0.N: Trace Attempt 8575	[882.52 s]
0.0.N: Trace Attempt 9089	[886.57 s]
0.0.N: Trace Attempt 9268	[890.59 s]
0.0.M: Trace Attempt 43617	[3638.74 s]
0.0.M: Trace Attempt 44127	[3642.79 s]
0.0.N: Trace Attempt 9319	[903.63 s]
0.0.M: Trace Attempt 44286	[3646.82 s]
0.0.N: Trace Attempt 9803	[907.74 s]
0.0.N: Trace Attempt 9909	[911.82 s]
0.0.M: Trace Attempt 44307	[3657.84 s]
0.0.M: Trace Attempt 44341	[3661.87 s]
0.0.M: Trace Attempt 44368	[3665.94 s]
0.0.M: Trace Attempt 44404	[3672.12 s]
0.0.N: Trace Attempt 9951	[937.82 s]
0.0.N: Trace Attempt 9957	[942.19 s]
0.0.M: Trace Attempt 44417	[3684.01 s]
0.0.N: Trace Attempt 9975	[946.52 s]
0.0.M: Trace Attempt 44853	[3688.06 s]
0.0.N: Trace Attempt 9990	[950.61 s]
0.0.N: Trace Attempt 10005	[954.71 s]
0.0.N: Trace Attempt 10026	[958.73 s]
0.0.M: Trace Attempt 44916	[3701.84 s]
0.0.M: Trace Attempt 44942	[3705.90 s]
0.0.N: Trace Attempt 10077	[976.34 s]
0.0.M: Trace Attempt 44988	[3716.68 s]
0.0.N: Trace Attempt 10566	[980.45 s]
0.0.M: Trace Attempt 45510	[3720.81 s]
0.0.M: Trace Attempt 45579	[3736.39 s]
0.0.N: Trace Attempt 10612	[999.72 s]
0.0.M: Trace Attempt 45642	[3740.41 s]
0.0.M: Trace Attempt 45676	[3757.94 s]
0.0.N: Trace Attempt 10702	[1018.14 s]
0.0.M: Trace Attempt 45692	[3762.06 s]
0.0.N: Trace Attempt 10767	[1022.22 s]
0.0.M: Trace Attempt 45758	[3780.34 s]
0.0.M: Trace Attempt 46435	[3784.40 s]
0.0.M: Trace Attempt 46587	[3788.43 s]
0.0.M: Trace Attempt 46623	[3792.48 s]
0.0.N: Trace Attempt 10797	[1053.58 s]
0.0.M: Trace Attempt 46652	[3797.58 s]
0.0.N: Trace Attempt 10808	[1057.67 s]
0.0.N: Trace Attempt 10818	[1061.79 s]
0.0.N: Trace Attempt 10834	[1065.94 s]
0.0.N: Trace Attempt 10859	[1070.06 s]
0.0.N: Trace Attempt 10893	[1077.40 s]
0.0.N: Trace Attempt 11501	[1081.45 s]
0.0.N: Trace Attempt 11576	[1085.55 s]
0.0.N: Trace Attempt 11634	[1106.93 s]
0.0.N: Trace Attempt 12091	[1110.94 s]
0.0.M: Trace Attempt 46668	[3854.71 s]
0.0.N: Trace Attempt 12235	[1115.03 s]
0.0.M: Trace Attempt 47166	[3858.77 s]
0.0.M: Trace Attempt 47354	[3862.77 s]
0.0.M: Trace Attempt 47379	[3877.45 s]
0.0.N: Trace Attempt 12275	[1137.94 s]
0.0.M: Trace Attempt 47436	[3881.46 s]
0.0.N: Trace Attempt 12344	[1157.61 s]
0.0.M: Trace Attempt 47445	[3901.58 s]
0.0.N: Trace Attempt 12364	[1161.65 s]
0.0.M: Trace Attempt 47460	[3905.81 s]
0.0.M: Trace Attempt 47476	[3909.93 s]
0.0.M: Trace Attempt 47495	[3913.94 s]
0.0.M: Trace Attempt 47529	[3918.01 s]
0.0.N: Trace Attempt 12421	[1179.33 s]
0.0.N: Trace Attempt 12886	[1183.34 s]
0.0.N: Trace Attempt 12956	[1187.37 s]
0.0.M: Trace Attempt 47568	[3932.37 s]
0.0.M: Trace Attempt 48177	[3936.45 s]
0.0.M: Trace Attempt 48293	[3940.51 s]
0.0.M: Trace Attempt 48324	[3944.55 s]
0.0.N: Trace Attempt 13006	[1212.61 s]
0.0.N: Trace Attempt 13091	[1216.63 s]
0.0.M: Trace Attempt 48350	[3958.11 s]
0.0.M: Trace Attempt 48859	[3962.14 s]
0.0.M: Trace Attempt 48902	[3974.87 s]
0.0.N: Trace Attempt 13103	[1235.16 s]
0.0.M: Trace Attempt 48956	[3993.13 s]
0.0.M: Trace Attempt 48977	[3997.14 s]
0.0.N: Trace Attempt 13173	[1263.62 s]
0.0.M: Trace Attempt 49023	[4006.35 s]
0.0.N: Trace Attempt 13187	[1267.81 s]
0.0.N: Trace Attempt 13197	[1271.95 s]
0.0.M: Trace Attempt 49044	[4016.09 s]
0.0.N: Trace Attempt 13208	[1276.14 s]
0.0.M: Trace Attempt 49505	[4020.15 s]
0.0.N: Trace Attempt 13220	[1280.23 s]
0.0.M: Trace Attempt 49595	[4024.18 s]
0.0.N: Trace Attempt 13235	[1284.26 s]
0.0.N: Trace Attempt 13259	[1288.37 s]
0.0.N: Trace Attempt 13295	[1295.75 s]
0.0.M: Trace Attempt 49614	[4038.60 s]
0.0.N: Trace Attempt 13877	[1299.76 s]
0.0.M: Trace Attempt 49688	[4042.61 s]
0.0.N: Trace Attempt 14067	[1303.80 s]
0.0.M: Trace Attempt 49694	[4064.10 s]
0.0.N: Trace Attempt 14116	[1326.42 s]
0.0.M: Trace Attempt 49724	[4068.16 s]
0.0.N: Trace Attempt 14165	[1330.43 s]
0.0.M: Trace Attempt 49755	[4082.88 s]
0.0.M: Trace Attempt 49776	[4086.94 s]
0.0.M: Trace Attempt 49823	[4090.94 s]
0.0.M: Trace Attempt 49845	[4099.22 s]
0.0.N: Trace Attempt 14178	[1359.97 s]
0.0.M: Trace Attempt 50358	[4103.27 s]
0.0.N: Trace Attempt 14188	[1364.00 s]
0.0.M: Trace Attempt 50543	[4107.29 s]
0.0.N: Trace Attempt 14200	[1368.14 s]
0.0.N: Trace Attempt 14213	[1372.15 s]
0.0.N: Trace Attempt 14230	[1376.31 s]
0.0.M: Trace Attempt 50553	[4120.90 s]
0.0.N: Trace Attempt 14287	[1396.66 s]
0.0.N: Trace Attempt 14817	[1400.75 s]
0.0.N: Trace Attempt 14965	[1404.76 s]
0.0.M: Trace Attempt 50612	[4145.82 s]
0.0.M: Trace Attempt 50631	[4149.83 s]
0.0.N: Trace Attempt 15030	[1417.58 s]
0.0.N: Trace Attempt 15560	[1421.63 s]
0.0.N: Trace Attempt 15771	[1425.65 s]
0.0.M: Trace Attempt 50691	[4174.37 s]
0.0.M: Trace Attempt 51121	[4178.43 s]
0.0.M: Trace Attempt 51234	[4182.62 s]
0.0.N: Trace Attempt 15855	[1444.71 s]
0.0.M: Trace Attempt 51275	[4196.05 s]
0.0.N: Trace Attempt 15914	[1467.61 s]
0.0.N: Trace Attempt 15943	[1471.63 s]
0.0.M: Trace Attempt 51360	[4216.01 s]
0.0.N: Trace Attempt 15965	[1485.98 s]
0.0.M: Trace Attempt 51420	[4238.13 s]
0.0.M: Trace Attempt 51436	[4242.21 s]
0.0.N: Trace Attempt 16010	[1506.01 s]
0.0.M: Trace Attempt 51457	[4246.32 s]
0.0.N: Trace Attempt 16546	[1510.16 s]
0.0.N: Trace Attempt 16683	[1514.44 s]
0.0.N: Trace Attempt 16721	[1518.46 s]
0.0.M: Trace Attempt 51519	[4270.27 s]
0.0.M: Trace Attempt 51946	[4274.37 s]
0.0.M: Trace Attempt 52004	[4286.43 s]
0.0.N: Trace Attempt 16732	[1547.52 s]
0.0.M: Trace Attempt 52829	[4290.47 s]
0.0.N: Trace Attempt 16733	[1554.25 s]
0.0.M: Trace Attempt 53061	[4294.54 s]
0.0.N: Trace Attempt 16754	[1558.27 s]
0.0.M: Trace Attempt 53173	[4298.60 s]
0.0.N: Trace Attempt 16782	[1583.71 s]
0.0.N: Trace Attempt 16793	[1587.79 s]
0.0.N: Trace Attempt 16808	[1592.01 s]
0.0.N: Trace Attempt 16831	[1596.08 s]
0.0.N: Trace Attempt 16877	[1613.09 s]
0.0.M: Trace Attempt 53224	[4354.91 s]
0.0.N: Trace Attempt 17401	[1617.10 s]
0.0.M: Trace Attempt 53764	[4358.98 s]
0.0.N: Trace Attempt 17593	[1621.15 s]
0.0.M: Trace Attempt 53913	[4363.07 s]
0.0.M: Trace Attempt 53950	[4382.98 s]
0.0.N: Trace Attempt 17639	[1644.00 s]
0.0.N: Trace Attempt 17712	[1648.04 s]
0.0.M: Trace Attempt 53976	[4400.36 s]
0.0.M: Trace Attempt 53990	[4404.59 s]
0.0.M: Trace Attempt 54009	[4408.92 s]
0.0.M: Trace Attempt 54038	[4413.01 s]
0.0.N: Trace Attempt 17748	[1678.91 s]
0.0.N: Trace Attempt 17761	[1683.36 s]
0.0.M: Trace Attempt 54079	[4426.83 s]
0.0.N: Trace Attempt 17769	[1687.62 s]
0.0.M: Trace Attempt 54646	[4430.84 s]
0.0.N: Trace Attempt 17782	[1692.08 s]
0.0.M: Trace Attempt 54726	[4434.85 s]
0.0.N: Trace Attempt 17795	[1696.21 s]
0.0.N: Trace Attempt 17805	[1700.25 s]
0.0.N: Trace Attempt 17816	[1704.33 s]
0.0.M: Trace Attempt 54739	[4448.47 s]
0.0.N: Trace Attempt 17830	[1708.53 s]
0.0.M: Trace Attempt 54818	[4452.53 s]
0.0.N: Trace Attempt 17847	[1712.57 s]
0.0.N: Trace Attempt 17880	[1716.60 s]
0.0.M: Trace Attempt 54834	[4468.99 s]
0.0.N: Trace Attempt 17910	[1732.54 s]
0.0.M: Trace Attempt 54874	[4473.03 s]
0.0.N: Trace Attempt 18534	[1736.61 s]
0.0.N: Trace Attempt 18586	[1740.63 s]
0.0.M: Trace Attempt 54902	[4488.44 s]
0.0.N: Trace Attempt 18618	[1750.15 s]
0.0.M: Trace Attempt 54933	[4492.48 s]
0.0.N: Trace Attempt 19046	[1754.29 s]
0.0.N: Trace Attempt 19097	[1758.43 s]
0.0.M: Trace Attempt 54944	[4500.23 s]
0.0.N: Trace Attempt 19125	[1762.48 s]
0.0.N: Trace Attempt 19170	[1771.18 s]
0.0.M: Trace Attempt 54983	[4511.51 s]
0.0.N: Trace Attempt 19563	[1775.24 s]
0.0.M: Trace Attempt 55650	[4515.53 s]
0.0.N: Trace Attempt 19671	[1779.25 s]
0.0.N: Trace Attempt 19690	[1790.66 s]
0.0.N: Trace Attempt 19776	[1794.68 s]
0.0.M: Trace Attempt 55760	[4541.08 s]
0.0.M: Trace Attempt 55848	[4545.10 s]
0.0.N: Trace Attempt 19806	[1817.73 s]
0.0.N: Trace Attempt 19871	[1821.76 s]
0.0.M: Trace Attempt 55860	[4565.32 s]
0.0.N: Trace Attempt 19886	[1840.32 s]
0.0.M: Trace Attempt 55951	[4583.04 s]
0.0.N: Trace Attempt 19915	[1844.46 s]
0.0.M: Trace Attempt 55997	[4587.18 s]
0.0.N: Trace Attempt 19948	[1848.53 s]
0.0.N: Trace Attempt 19980	[1860.23 s]
0.0.N: Trace Attempt 20449	[1864.30 s]
0.0.M: Trace Attempt 56071	[4604.96 s]
0.0.N: Trace Attempt 20532	[1868.33 s]
0.0.M: Trace Attempt 56689	[4609.02 s]
0.0.M: Trace Attempt 56932	[4613.06 s]
0.0.M: Trace Attempt 57029	[4617.08 s]
0.0.N: Trace Attempt 20543	[1891.66 s]
0.0.M: Trace Attempt 57049	[4635.53 s]
0.0.N: Trace Attempt 20587	[1895.70 s]
0.0.M: Trace Attempt 57087	[4639.54 s]
0.0.N: Trace Attempt 20609	[1919.98 s]
0.0.N: Trace Attempt 20657	[1923.98 s]
0.0.M: Trace Attempt 57109	[4674.33 s]
0.0.M: Trace Attempt 57154	[4678.38 s]
0.0.N: Trace Attempt 20660	[1943.25 s]
0.0.N: Trace Attempt 20673	[1947.45 s]
0.0.N: Trace Attempt 20690	[1951.63 s]
0.0.N: Trace Attempt 20719	[1955.68 s]
0.0.M: Trace Attempt 57180	[4701.03 s]
0.0.N: Trace Attempt 20748	[1961.56 s]
0.0.M: Trace Attempt 57205	[4705.12 s]
0.0.N: Trace Attempt 21421	[1965.56 s]
0.0.N: Trace Attempt 21578	[1969.56 s]
0.0.N: Trace Attempt 21607	[1973.65 s]
0.0.M: Trace Attempt 57254	[4719.34 s]
0.0.M: Trace Attempt 57602	[4723.38 s]
0.0.N: Trace Attempt 21650	[1990.09 s]
0.0.N: Trace Attempt 22066	[1994.13 s]
0.0.N: Trace Attempt 22222	[1998.16 s]
0.0.M: Trace Attempt 57638	[4738.53 s]
0.0.M: Trace Attempt 57735	[4742.54 s]
0.0.N: Trace Attempt 22279	[2019.43 s]
0.0.N: Trace Attempt 22305	[2023.48 s]
0.0.M: Trace Attempt 57779	[4769.11 s]
0.0.N: Trace Attempt 22343	[2034.27 s]
0.0.N: Trace Attempt 23008	[2038.27 s]
0.0.N: Trace Attempt 23295	[2042.29 s]
0.0.N: Trace Attempt 23352	[2046.36 s]
0.0.M: Trace Attempt 57838	[4791.47 s]
0.0.M: Trace Attempt 57860	[4795.53 s]
0.0.M: Trace Attempt 57917	[4802.74 s]
0.0.M: Trace Attempt 58339	[4806.80 s]
0.0.N: Trace Attempt 23392	[2070.67 s]
0.0.M: Trace Attempt 58482	[4810.82 s]
0.0.N: Trace Attempt 23441	[2074.77 s]
0.0.M: Trace Attempt 58508	[4819.90 s]
0.0.M: Trace Attempt 58559	[4844.54 s]
0.0.N: Trace Attempt 23474	[2107.69 s]
0.0.M: Trace Attempt 59075	[4848.56 s]
0.0.M: Trace Attempt 59111	[4858.16 s]
0.0.M: Trace Attempt 59277	[4862.19 s]
0.0.N: Trace Attempt 23524	[2134.79 s]
0.0.N: Trace Attempt 23538	[2139.01 s]
0.0.N: Trace Attempt 23556	[2143.06 s]
0.0.M: Trace Attempt 59300	[4889.74 s]
0.0.M: Trace Attempt 59386	[4893.75 s]
0.0.N: Trace Attempt 23613	[2178.29 s]
0.0.M: Trace Attempt 59394	[4920.23 s]
0.0.N: Trace Attempt 24039	[2182.39 s]
0.0.M: Trace Attempt 59403	[4924.30 s]
0.0.M: Trace Attempt 59414	[4928.63 s]
0.0.M: Trace Attempt 59442	[4932.69 s]
0.0.N: Trace Attempt 24088	[2201.66 s]
0.0.N: Trace Attempt 24157	[2205.67 s]
0.0.M: Trace Attempt 59467	[4955.86 s]
0.0.M: Trace Attempt 59483	[4959.95 s]
0.0.M: Trace Attempt 59505	[4963.95 s]
0.0.N: Trace Attempt 24178	[2226.83 s]
0.0.N: Trace Attempt 24233	[2230.86 s]
0.0.M: Trace Attempt 59568	[4986.78 s]
0.0.M: Trace Attempt 60304	[4990.82 s]
0.0.M: Trace Attempt 60513	[4994.95 s]
0.0.N: Trace Attempt 24254	[2258.29 s]
0.0.M: Trace Attempt 60624	[4998.98 s]
0.0.N: Trace Attempt 24266	[2262.78 s]
0.0.M: Trace Attempt 60668	[5006.19 s]
0.0.N: Trace Attempt 24277	[2266.91 s]
0.0.N: Trace Attempt 24288	[2271.14 s]
0.0.N: Trace Attempt 24299	[2275.24 s]
0.0.N: Trace Attempt 24312	[2279.36 s]
0.0.N: Trace Attempt 24329	[2283.48 s]
0.0.M: Trace Attempt 60683	[5025.02 s]
0.0.N: Trace Attempt 24359	[2287.54 s]
0.0.M: Trace Attempt 61217	[5029.33 s]
0.0.N: Trace Attempt 24394	[2299.78 s]
0.0.N: Trace Attempt 24873	[2303.86 s]
0.0.M: Trace Attempt 61287	[5045.67 s]
0.0.M: Trace Attempt 61392	[5049.68 s]
0.0.N: Trace Attempt 25013	[2323.29 s]
0.0.N: Trace Attempt 25049	[2327.35 s]
0.0.M: Trace Attempt 61403	[5072.33 s]
0.0.N: Trace Attempt 25072	[2348.26 s]
0.0.N: Trace Attempt 25083	[2352.62 s]
0.0.M: Trace Attempt 61457	[5093.17 s]
0.0.N: Trace Attempt 25099	[2356.64 s]
0.0.M: Trace Attempt 61484	[5097.21 s]
0.0.N: Trace Attempt 25118	[2360.65 s]
0.0.N: Trace Attempt 25140	[2364.69 s]
0.0.M: Trace Attempt 61534	[5115.25 s]
0.0.M: Trace Attempt 62043	[5119.27 s]
0.0.N: Trace Attempt 25194	[2381.14 s]
0.0.N: Trace Attempt 25714	[2385.28 s]
0.0.M: Trace Attempt 62115	[5133.65 s]
0.0.N: Trace Attempt 25768	[2401.75 s]
0.0.N: Trace Attempt 25844	[2405.77 s]
0.0.M: Trace Attempt 62205	[5153.31 s]
0.0.M: Trace Attempt 62259	[5157.32 s]
0.0.N: Trace Attempt 25861	[2420.76 s]
0.0.N: Trace Attempt 25919	[2424.87 s]
0.0.M: Trace Attempt 62263	[5176.14 s]
0.0.M: Trace Attempt 62284	[5180.15 s]
0.0.N: Trace Attempt 25954	[2448.52 s]
0.0.N: Trace Attempt 25966	[2452.82 s]
0.0.M: Trace Attempt 62347	[5194.79 s]
0.0.N: Trace Attempt 25980	[2456.95 s]
0.0.M: Trace Attempt 62930	[5198.90 s]
0.0.N: Trace Attempt 25992	[2460.97 s]
0.0.M: Trace Attempt 63085	[5202.96 s]
0.0.N: Trace Attempt 26008	[2465.13 s]
0.0.M: Trace Attempt 63166	[5206.99 s]
0.0.N: Trace Attempt 26031	[2469.21 s]
0.0.M: Trace Attempt 63215	[5223.75 s]
0.0.M: Trace Attempt 63673	[5227.75 s]
0.0.N: Trace Attempt 26080	[2491.79 s]
0.0.N: Trace Attempt 26556	[2495.90 s]
0.0.N: Trace Attempt 26622	[2499.92 s]
0.0.N: Trace Attempt 26634	[2512.69 s]
0.0.M: Trace Attempt 63818	[5257.28 s]
0.0.N: Trace Attempt 26723	[2530.24 s]
0.0.N: Trace Attempt 26758	[2534.30 s]
0.0.N: Trace Attempt 26784	[2538.35 s]
0.0.M: Trace Attempt 63903	[5282.93 s]
0.0.N: Trace Attempt 26831	[2554.94 s]
0.0.N: Trace Attempt 27432	[2559.02 s]
0.0.M: Trace Attempt 63979	[5313.34 s]
0.0.N: Trace Attempt 27505	[2575.58 s]
0.0.N: Trace Attempt 28045	[2579.63 s]
0.0.N: Trace Attempt 28133	[2583.65 s]
0.0.N: Trace Attempt 28159	[2595.85 s]
0.0.M: Trace Attempt 64021	[5337.02 s]
0.0.N: Trace Attempt 28217	[2599.93 s]
0.0.M: Trace Attempt 64059	[5355.87 s]
0.0.N: Trace Attempt 28242	[2618.41 s]
0.0.M: Trace Attempt 64075	[5359.92 s]
0.0.N: Trace Attempt 28273	[2622.54 s]
0.0.M: Trace Attempt 64097	[5363.92 s]
0.0.N: Trace Attempt 28299	[2626.56 s]
0.0.M: Trace Attempt 64162	[5371.91 s]
0.0.M: Trace Attempt 64621	[5375.92 s]
0.0.M: Trace Attempt 64706	[5380.00 s]
0.0.N: Trace Attempt 28328	[2647.23 s]
0.0.N: Trace Attempt 28329	[2652.18 s]
0.0.N: Trace Attempt 28347	[2656.18 s]
0.0.M: Trace Attempt 64747	[5407.70 s]
0.0.M: Trace Attempt 64772	[5411.79 s]
0.0.N: Trace Attempt 28402	[2675.32 s]
0.0.M: Trace Attempt 64816	[5415.80 s]
0.0.N: Trace Attempt 28893	[2679.34 s]
0.0.N: Trace Attempt 28985	[2683.35 s]
0.0.M: Trace Attempt 64865	[5425.43 s]
0.0.M: Trace Attempt 65440	[5429.46 s]
0.0.M: Trace Attempt 65755	[5433.54 s]
0.0.M: Trace Attempt 65790	[5445.03 s]
0.0.N: Trace Attempt 29031	[2709.21 s]
0.0.N: Trace Attempt 29048	[2713.33 s]
0.0.N: Trace Attempt 29070	[2717.36 s]
0.0.M: Trace Attempt 65873	[5464.61 s]
0.0.N: Trace Attempt 29120	[2727.99 s]
0.0.M: Trace Attempt 65916	[5468.63 s]
0.0.N: Trace Attempt 29523	[2732.03 s]
0.0.N: Trace Attempt 29580	[2736.05 s]
0.0.N: Trace Attempt 29599	[2758.35 s]
0.0.N: Trace Attempt 29712	[2762.38 s]
0.0.M: Trace Attempt 65981	[5512.22 s]
0.0.M: Trace Attempt 66441	[5516.27 s]
0.0.N: Trace Attempt 29746	[2781.56 s]
0.0.N: Trace Attempt 29775	[2785.58 s]
0.0.M: Trace Attempt 66478	[5527.41 s]
0.0.M: Trace Attempt 66537	[5547.36 s]
0.0.M: Trace Attempt 66584	[5551.39 s]
0.0.N: Trace Attempt 29825	[2812.19 s]
0.0.N: Trace Attempt 29837	[2816.48 s]
0.0.N: Trace Attempt 29852	[2820.64 s]
0.0.N: Trace Attempt 29876	[2824.71 s]
0.0.M: Trace Attempt 66615	[5569.42 s]
0.0.N: Trace Attempt 29919	[2832.90 s]
0.0.M: Trace Attempt 66640	[5573.48 s]
0.0.N: Trace Attempt 30450	[2836.91 s]
0.0.N: Trace Attempt 30588	[2840.91 s]
0.0.M: Trace Attempt 66696	[5587.94 s]
0.0.M: Trace Attempt 67180	[5592.31 s]
0.0.M: Trace Attempt 67229	[5605.14 s]
0.0.N: Trace Attempt 30625	[2865.91 s]
0.0.N: Trace Attempt 30700	[2869.92 s]
0.0.M: Trace Attempt 67317	[5622.89 s]
0.0.M: Trace Attempt 67345	[5627.03 s]
0.0.M: Trace Attempt 67392	[5631.07 s]
0.0.N: Trace Attempt 30747	[2896.81 s]
0.0.N: Trace Attempt 30774	[2900.86 s]
0.0.N: Trace Attempt 30808	[2904.90 s]
0.0.M: Trace Attempt 67411	[5646.38 s]
0.0.M: Trace Attempt 68057	[5650.38 s]
0.0.M: Trace Attempt 68202	[5654.41 s]
0.0.N: Trace Attempt 30821	[2925.37 s]
0.0.N: Trace Attempt 30822	[2933.13 s]
0.0.M: Trace Attempt 68241	[5673.75 s]
0.0.N: Trace Attempt 30837	[2937.18 s]
0.0.M: Trace Attempt 68295	[5677.78 s]
0.0.N: Trace Attempt 30868	[2941.21 s]
0.0.M: Trace Attempt 68315	[5693.78 s]
0.0.N: Trace Attempt 30899	[2954.72 s]
0.0.M: Trace Attempt 68347	[5697.78 s]
0.0.N: Trace Attempt 31470	[2958.74 s]
0.0.N: Trace Attempt 31586	[2962.82 s]
0.0.N: Trace Attempt 31672	[2966.82 s]
0.0.M: Trace Attempt 68395	[5713.23 s]
0.0.M: Trace Attempt 69182	[5717.31 s]
0.0.M: Trace Attempt 69315	[5721.31 s]
0.0.N: Trace Attempt 31718	[2983.82 s]
0.0.N: Trace Attempt 31719	[2989.28 s]
0.0.M: Trace Attempt 69317	[5736.58 s]
0.0.N: Trace Attempt 31739	[2999.94 s]
0.0.M: Trace Attempt 69407	[5760.07 s]
0.0.N: Trace Attempt 31790	[3020.38 s]
0.0.M: Trace Attempt 69419	[5764.30 s]
0.0.N: Trace Attempt 32280	[3024.42 s]
0.0.M: Trace Attempt 69428	[5768.76 s]
0.0.M: Trace Attempt 69439	[5772.93 s]
0.0.M: Trace Attempt 69453	[5777.04 s]
0.0.N: Trace Attempt 32386	[3040.99 s]
0.0.M: Trace Attempt 69467	[5781.17 s]
0.0.M: Trace Attempt 69484	[5785.27 s]
0.0.M: Trace Attempt 69509	[5789.32 s]
0.0.N: Trace Attempt 32419	[3055.89 s]
0.0.N: Trace Attempt 32447	[3059.90 s]
0.0.N: Trace Attempt 32462	[3068.17 s]
0.0.N: Trace Attempt 32488	[3084.47 s]
0.0.N: Trace Attempt 32978	[3088.55 s]
0.0.N: Trace Attempt 33146	[3092.57 s]
0.0.M: Trace Attempt 69566	[5833.25 s]
0.0.M: Trace Attempt 70282	[5837.33 s]
0.0.M: Trace Attempt 70414	[5841.35 s]
0.0.N: Trace Attempt 33171	[3106.86 s]
0.0.N: Trace Attempt 33235	[3110.89 s]
0.0.M: Trace Attempt 70434	[5858.92 s]
0.0.M: Trace Attempt 70482	[5862.95 s]
0.0.N: Trace Attempt 33269	[3134.51 s]
0.0.M: Trace Attempt 70501	[5895.39 s]
0.0.N: Trace Attempt 33324	[3156.92 s]
0.0.M: Trace Attempt 70514	[5899.40 s]
0.0.N: Trace Attempt 33340	[3161.11 s]
0.0.M: Trace Attempt 70531	[5903.54 s]
0.0.N: Trace Attempt 33363	[3165.17 s]
0.0.M: Trace Attempt 70547	[5907.75 s]
0.0.M: Trace Attempt 70568	[5911.84 s]
0.0.M: Trace Attempt 70613	[5915.85 s]
0.0.N: Trace Attempt 33408	[3177.20 s]
0.0.N: Trace Attempt 33813	[3181.26 s]
0.0.N: Trace Attempt 33855	[3185.29 s]
0.0.N: Trace Attempt 33880	[3196.91 s]
0.0.N: Trace Attempt 34581	[3200.92 s]
0.0.N: Trace Attempt 34835	[3204.92 s]
0.0.N: Trace Attempt 35036	[3209.00 s]
0.0.M: Trace Attempt 70634	[5992.48 s]
0.0.M: Trace Attempt 71184	[5996.55 s]
0.0.M: Trace Attempt 71354	[6000.61 s]
0.0.N: Trace Attempt 35085	[3264.91 s]
0.0.N: Trace Attempt 35128	[3268.92 s]
0.0.M: Trace Attempt 71396	[6020.23 s]
0.0.M: Trace Attempt 71471	[6037.54 s]
0.0.N: Trace Attempt 35137	[3299.20 s]
0.0.N: Trace Attempt 35152	[3303.51 s]
0.0.N: Trace Attempt 35172	[3307.60 s]
0.0.N: Trace Attempt 35193	[3311.62 s]
0.0.M: Trace Attempt 71549	[6058.65 s]
0.0.M: Trace Attempt 71565	[6062.79 s]
0.0.M: Trace Attempt 71586	[6066.86 s]
0.0.M: Trace Attempt 71652	[6081.61 s]
0.0.N: Trace Attempt 35256	[3342.49 s]
0.0.M: Trace Attempt 72572	[6085.62 s]
0.0.N: Trace Attempt 35839	[3346.57 s]
0.0.M: Trace Attempt 72743	[6089.66 s]
0.0.N: Trace Attempt 35916	[3350.61 s]
0.0.N: Trace Attempt 35933	[3362.56 s]
0.0.M: Trace Attempt 72776	[6105.82 s]
0.0.N: Trace Attempt 36017	[3381.25 s]
0.0.N: Trace Attempt 36077	[3385.28 s]
0.0.M: Trace Attempt 72846	[6129.66 s]
0.0.M: Trace Attempt 72877	[6133.76 s]
0.0.N: Trace Attempt 36098	[3405.85 s]
0.0.N: Trace Attempt 36119	[3409.99 s]
0.0.N: Trace Attempt 36172	[3434.34 s]
0.0.N: Trace Attempt 36636	[3438.42 s]
0.0.N: Trace Attempt 36719	[3442.49 s]
0.0.N: Trace Attempt 36744	[3462.30 s]
0.0.N: Trace Attempt 36781	[3466.34 s]
0.0.M: Trace Attempt 72927	[6214.54 s]
0.0.M: Trace Attempt 73322	[6218.62 s]
0.0.N: Trace Attempt 36810	[3483.13 s]
0.0.N: Trace Attempt 36854	[3490.74 s]
0.0.M: Trace Attempt 73370	[6236.35 s]
0.0.N: Trace Attempt 36860	[3496.82 s]
0.0.M: Trace Attempt 73447	[6240.40 s]
0.0.N: Trace Attempt 37424	[3500.96 s]
0.0.N: Trace Attempt 37486	[3504.98 s]
0.0.N: Trace Attempt 37507	[3521.98 s]
0.0.N: Trace Attempt 37592	[3526.00 s]
0.0.M: Trace Attempt 73466	[6292.52 s]
0.0.M: Trace Attempt 73519	[6296.58 s]
0.0.M: Trace Attempt 73570	[6305.89 s]
0.0.M: Trace Attempt 74193	[6309.91 s]
0.0.M: Trace Attempt 74293	[6313.93 s]
0.0.N: Trace Attempt 37619	[3576.03 s]
0.0.N: Trace Attempt 37628	[3580.49 s]
0.0.N: Trace Attempt 37644	[3584.63 s]
0.0.N: Trace Attempt 37654	[3588.92 s]
0.0.N: Trace Attempt 37665	[3593.14 s]
0.0.M: Trace Attempt 74313	[6335.98 s]
0.0.N: Trace Attempt 37678	[3597.36 s]
0.0.M: Trace Attempt 74401	[6340.03 s]
0.0.N: Trace Attempt 37695	[3601.55 s]
0.0.N: Trace Attempt 37722	[3605.57 s]
0.0.M: Trace Attempt 74432	[6362.89 s]
0.0.M: Trace Attempt 74474	[6366.89 s]
0.0.N: Trace Attempt 37762	[3637.93 s]
0.0.N: Trace Attempt 38198	[3641.96 s]
0.0.N: Trace Attempt 38365	[3645.97 s]
0.0.M: Trace Attempt 74500	[6389.30 s]
0.0.N: Trace Attempt 38458	[3650.19 s]
0.0.M: Trace Attempt 74515	[6393.41 s]
0.0.N: Trace Attempt 38475	[3654.36 s]
0.0.M: Trace Attempt 74535	[6397.56 s]
0.0.N: Trace Attempt 38501	[3658.38 s]
0.0.M: Trace Attempt 74572	[6401.57 s]
0.0.N: Trace Attempt 38554	[3673.81 s]
0.0.M: Trace Attempt 74598	[6415.24 s]
0.0.N: Trace Attempt 39169	[3677.91 s]
0.0.M: Trace Attempt 75103	[6419.27 s]
0.0.N: Trace Attempt 39330	[3681.99 s]
0.0.M: Trace Attempt 75259	[6423.29 s]
0.0.N: Trace Attempt 39373	[3686.01 s]
0.0.M: Trace Attempt 75278	[6439.53 s]
0.0.N: Trace Attempt 39398	[3703.73 s]
0.0.N: Trace Attempt 39881	[3707.82 s]
0.0.N: Trace Attempt 39961	[3711.84 s]
0.0.M: Trace Attempt 75341	[6457.09 s]
0.0.M: Trace Attempt 75389	[6461.13 s]
0.0.N: Trace Attempt 39993	[3725.53 s]
0.0.N: Trace Attempt 40011	[3729.53 s]
0.0.M: Trace Attempt 75413	[6479.10 s]
0.0.N: Trace Attempt 40052	[3742.17 s]
0.0.M: Trace Attempt 75435	[6483.19 s]
0.0.N: Trace Attempt 40456	[3746.18 s]
0.0.M: Trace Attempt 75470	[6487.23 s]
0.0.N: Trace Attempt 40514	[3765.86 s]
0.0.M: Trace Attempt 75506	[6507.66 s]
0.0.M: Trace Attempt 75948	[6511.78 s]
0.0.M: Trace Attempt 76156	[6515.84 s]
0.0.M: Trace Attempt 76194	[6519.94 s]
0.0.N: Trace Attempt 40597	[3790.31 s]
0.0.N: Trace Attempt 40609	[3794.35 s]
0.0.M: Trace Attempt 76242	[6538.11 s]
0.0.N: Trace Attempt 40620	[3798.51 s]
0.0.M: Trace Attempt 76834	[6542.11 s]
0.0.N: Trace Attempt 40633	[3802.70 s]
0.0.M: Trace Attempt 77010	[6546.16 s]
0.0.N: Trace Attempt 40646	[3806.88 s]
0.0.N: Trace Attempt 40662	[3810.91 s]
0.0.N: Trace Attempt 40687	[3814.98 s]
0.0.N: Trace Attempt 40723	[3821.72 s]
0.0.M: Trace Attempt 77045	[6561.97 s]
0.0.N: Trace Attempt 41159	[3825.78 s]
0.0.N: Trace Attempt 41238	[3829.82 s]
0.0.M: Trace Attempt 77134	[6580.97 s]
0.0.N: Trace Attempt 41263	[3848.99 s]
0.0.N: Trace Attempt 41275	[3853.26 s]
0.0.N: Trace Attempt 41291	[3857.42 s]
0.0.N: Trace Attempt 41310	[3861.58 s]
0.0.M: Trace Attempt 77213	[6602.31 s]
0.0.M: Trace Attempt 77233	[6606.40 s]
0.0.M: Trace Attempt 77257	[6610.45 s]
0.0.N: Trace Attempt 41359	[3888.13 s]
0.0.N: Trace Attempt 41910	[3892.25 s]
0.0.M: Trace Attempt 77316	[6633.94 s]
0.0.M: Trace Attempt 77967	[6638.01 s]
0.0.M: Trace Attempt 78055	[6642.02 s]
0.0.N: Trace Attempt 41961	[3910.54 s]
0.0.M: Trace Attempt 78060	[6653.60 s]
0.0.N: Trace Attempt 42026	[3914.61 s]
0.0.M: Trace Attempt 78137	[6657.60 s]
0.0.N: Trace Attempt 42065	[3943.98 s]
0.0.N: Trace Attempt 42081	[3948.02 s]
0.0.M: Trace Attempt 78206	[6695.38 s]
0.0.M: Trace Attempt 78661	[6699.42 s]
0.0.M: Trace Attempt 78756	[6703.52 s]
0.0.M: Trace Attempt 78788	[6707.57 s]
0.0.M: Trace Attempt 78822	[6714.75 s]
0.0.N: Trace Attempt 42141	[3977.78 s]
0.0.M: Trace Attempt 79280	[6718.84 s]
0.0.N: Trace Attempt 42149	[3981.92 s]
0.0.N: Trace Attempt 42161	[3986.60 s]
0.0.N: Trace Attempt 42175	[3990.77 s]
0.0.M: Trace Attempt 79338	[6732.34 s]
0.0.N: Trace Attempt 42194	[3994.91 s]
0.0.N: Trace Attempt 42249	[4007.42 s]
0.0.N: Trace Attempt 42775	[4011.47 s]
0.0.M: Trace Attempt 79402	[6752.37 s]
0.0.M: Trace Attempt 79418	[6756.40 s]
0.0.M: Trace Attempt 79436	[6760.51 s]
0.0.M: Trace Attempt 79455	[6764.61 s]
0.0.N: Trace Attempt 42863	[4028.20 s]
0.0.M: Trace Attempt 79479	[6768.65 s]
0.0.M: Trace Attempt 79537	[6781.29 s]
0.0.M: Trace Attempt 79895	[6785.37 s]
0.0.M: Trace Attempt 80043	[6789.43 s]
0.0.N: Trace Attempt 42940	[4051.82 s]
0.0.N: Trace Attempt 42956	[4055.93 s]
0.0.N: Trace Attempt 42974	[4060.02 s]
0.0.N: Trace Attempt 43016	[4064.02 s]
0.0.M: Trace Attempt 80133	[6811.34 s]
0.0.M: Trace Attempt 80177	[6815.36 s]
0.0.N: Trace Attempt 43030	[4080.98 s]
0.0.N: Trace Attempt 43551	[4085.05 s]
0.0.N: Trace Attempt 43684	[4089.33 s]
0.0.M: Trace Attempt 80206	[6836.05 s]
0.0.M: Trace Attempt 80218	[6840.39 s]
0.0.M: Trace Attempt 80230	[6844.67 s]
0.0.M: Trace Attempt 80243	[6848.71 s]
0.0.M: Trace Attempt 80259	[6852.84 s]
0.0.N: Trace Attempt 43728	[4112.79 s]
0.0.N: Trace Attempt 43769	[4116.86 s]
0.0.M: Trace Attempt 80281	[6856.94 s]
0.0.M: Trace Attempt 80345	[6866.32 s]
0.0.M: Trace Attempt 80976	[6870.37 s]
0.0.M: Trace Attempt 81046	[6874.40 s]
0.0.N: Trace Attempt 43811	[4143.46 s]
0.0.N: Trace Attempt 43824	[4147.60 s]
0.0.M: Trace Attempt 81066	[6890.55 s]
0.0.N: Trace Attempt 43840	[4151.60 s]
0.0.M: Trace Attempt 81108	[6894.55 s]
0.0.N: Trace Attempt 43866	[4155.62 s]
0.0.N: Trace Attempt 43905	[4168.30 s]
0.0.N: Trace Attempt 44289	[4172.32 s]
0.0.M: Trace Attempt 81131	[6915.46 s]
0.0.M: Trace Attempt 81144	[6919.56 s]
0.0.N: Trace Attempt 44334	[4188.97 s]
0.0.N: Trace Attempt 44407	[4193.04 s]
0.0.M: Trace Attempt 81209	[6934.46 s]
0.0.M: Trace Attempt 81665	[6938.47 s]
0.0.M: Trace Attempt 81796	[6942.48 s]
0.0.M: Trace Attempt 81914	[6946.48 s]
0.0.N: Trace Attempt 44436	[4216.19 s]
0.0.M: Trace Attempt 81915	[6958.45 s]
0.0.N: Trace Attempt 44477	[4220.23 s]
0.0.M: Trace Attempt 81929	[6962.48 s]
0.0.M: Trace Attempt 81963	[6966.54 s]
0.0.M: Trace Attempt 82000	[6978.42 s]
0.0.M: Trace Attempt 82555	[6982.43 s]
0.0.N: Trace Attempt 44494	[4245.47 s]
0.0.N: Trace Attempt 44507	[4249.55 s]
0.0.M: Trace Attempt 82630	[6999.86 s]
0.0.N: Trace Attempt 44556	[4270.83 s]
0.0.N: Trace Attempt 44570	[4274.95 s]
0.0.M: Trace Attempt 82703	[7015.74 s]
0.0.N: Trace Attempt 44589	[4279.13 s]
0.0.M: Trace Attempt 82759	[7019.87 s]
0.0.M: Trace Attempt 82796	[7023.91 s]
0.0.N: Trace Attempt 44639	[4287.86 s]
0.0.N: Trace Attempt 45057	[4291.90 s]
0.0.M: Trace Attempt 82817	[7033.09 s]
0.0.N: Trace Attempt 45226	[4295.97 s]
0.0.M: Trace Attempt 83499	[7037.09 s]
0.0.N: Trace Attempt 45343	[4300.02 s]
0.0.M: Trace Attempt 83745	[7041.20 s]
0.0.N: Trace Attempt 45391	[4312.35 s]
0.0.N: Trace Attempt 45832	[4316.41 s]
0.0.N: Trace Attempt 45879	[4320.44 s]
0.0.M: Trace Attempt 83808	[7061.18 s]
0.0.M: Trace Attempt 84463	[7065.18 s]
0.0.N: Trace Attempt 45890	[4338.04 s]
0.0.N: Trace Attempt 45979	[4342.09 s]
0.0.M: Trace Attempt 84546	[7083.15 s]
0.0.M: Trace Attempt 85098	[7087.17 s]
0.0.M: Trace Attempt 85245	[7091.21 s]
0.0.M: Trace Attempt 85262	[7108.95 s]
0.0.M: Trace Attempt 85291	[7112.98 s]
0.0.M: Trace Attempt 85329	[7117.01 s]
0.0.N: Trace Attempt 46017	[4395.42 s]
0.0.N: Trace Attempt 46044	[4399.64 s]
0.0.M: Trace Attempt 85370	[7140.77 s]
0.0.N: Trace Attempt 46070	[4403.73 s]
0.0.M: Trace Attempt 85911	[7144.92 s]
0.0.M: Trace Attempt 86041	[7148.94 s]
0.0.N: Trace Attempt 46124	[4412.16 s]
0.0.N: Trace Attempt 46601	[4416.21 s]
0.0.N: Trace Attempt 46701	[4420.25 s]
0.0.M: Trace Attempt 86066	[7162.16 s]
0.0.M: Trace Attempt 86088	[7166.20 s]
0.0.N: Trace Attempt 46732	[4444.63 s]
0.0.N: Trace Attempt 46825	[4448.65 s]
0.0.M: Trace Attempt 86151	[7200.77 s]
0.0.M: Trace Attempt 86636	[7204.78 s]
0.0.N: Trace Attempt 46830	[4466.98 s]
0.0.M: Trace Attempt 86726	[7208.93 s]
0.0.N: Trace Attempt 46897	[4470.99 s]
0.0.M: Trace Attempt 86761	[7212.95 s]
0.0.N: Trace Attempt 46900	[4492.44 s]
0.0.N: Trace Attempt 46923	[4496.48 s]
0.0.M: Trace Attempt 86784	[7237.64 s]
0.0.N: Trace Attempt 46957	[4500.50 s]
0.0.M: Trace Attempt 86850	[7255.58 s]
0.0.M: Trace Attempt 86864	[7259.80 s]
0.0.N: Trace Attempt 46986	[4525.74 s]
0.0.N: Trace Attempt 46996	[4530.63 s]
0.0.M: Trace Attempt 86921	[7273.01 s]
0.0.N: Trace Attempt 47009	[4534.78 s]
0.0.N: Trace Attempt 47035	[4538.86 s]
0.0.M: Trace Attempt 86974	[7281.92 s]
0.0.M: Trace Attempt 87525	[7285.92 s]
0.0.N: Trace Attempt 47076	[4546.13 s]
0.0.M: Trace Attempt 87647	[7289.96 s]
0.0.N: Trace Attempt 47559	[4550.18 s]
0.0.N: Trace Attempt 47785	[4554.25 s]
0.0.M: Trace Attempt 87677	[7308.89 s]
0.0.N: Trace Attempt 47835	[4571.50 s]
0.0.M: Trace Attempt 87704	[7312.89 s]
0.0.N: Trace Attempt 47891	[4575.54 s]
0.0.M: Trace Attempt 87747	[7333.72 s]
0.0.N: Trace Attempt 47922	[4597.40 s]
0.0.M: Trace Attempt 87767	[7337.74 s]
0.0.N: Trace Attempt 47930	[4601.43 s]
0.0.M: Trace Attempt 87805	[7341.77 s]
0.0.N: Trace Attempt 47944	[4605.48 s]
0.0.N: Trace Attempt 47963	[4609.62 s]
0.0.N: Trace Attempt 48023	[4629.19 s]
0.0.N: Trace Attempt 48514	[4633.20 s]
0.0.N: Trace Attempt 48823	[4637.23 s]
0.0.N: Trace Attempt 48958	[4641.27 s]
0.0.M: Trace Attempt 87838	[7392.79 s]
0.0.M: Trace Attempt 88321	[7396.89 s]
0.0.M: Trace Attempt 88470	[7401.18 s]
0.0.N: Trace Attempt 48993	[4661.94 s]
0.0.N: Trace Attempt 49031	[4666.01 s]
0.0.M: Trace Attempt 88507	[7410.83 s]
0.0.M: Trace Attempt 88563	[7421.82 s]
0.0.M: Trace Attempt 89064	[7425.90 s]
0.0.M: Trace Attempt 89121	[7429.96 s]
0.0.N: Trace Attempt 49065	[4693.68 s]
0.0.N: Trace Attempt 49078	[4697.72 s]
0.0.N: Trace Attempt 49093	[4702.02 s]
0.0.N: Trace Attempt 49105	[4706.02 s]
0.0.N: Trace Attempt 49121	[4710.19 s]
0.0.M: Trace Attempt 89147	[7451.18 s]
0.0.N: Trace Attempt 49144	[4714.28 s]
0.0.N: Trace Attempt 49193	[4728.74 s]
0.0.N: Trace Attempt 49780	[4732.75 s]
0.0.M: Trace Attempt 89242	[7476.77 s]
0.0.N: Trace Attempt 49890	[4736.80 s]
0.0.M: Trace Attempt 89263	[7480.94 s]
0.0.M: Trace Attempt 89279	[7485.07 s]
0.0.M: Trace Attempt 89298	[7489.21 s]
0.0.M: Trace Attempt 89327	[7493.22 s]
0.0.N: Trace Attempt 49923	[4757.58 s]
0.0.M: Trace Attempt 89368	[7497.73 s]
0.0.N: Trace Attempt 50013	[4761.61 s]
0.0.M: Trace Attempt 89793	[7501.74 s]
0.0.M: Trace Attempt 90037	[7505.75 s]
0.0.M: Trace Attempt 90177	[7509.80 s]
0.0.N: Trace Attempt 50022	[4783.94 s]
0.0.N: Trace Attempt 50060	[4787.95 s]
0.0.M: Trace Attempt 90211	[7532.12 s]
0.0.M: Trace Attempt 90224	[7536.22 s]
0.0.N: Trace Attempt 50086	[4810.84 s]
0.0.N: Trace Attempt 50099	[4815.09 s]
0.0.N: Trace Attempt 50115	[4819.18 s]
0.0.N: Trace Attempt 50141	[4823.22 s]
0.0.M: Trace Attempt 90291	[7573.49 s]
0.0.N: Trace Attempt 50184	[4835.89 s]
0.0.M: Trace Attempt 90784	[7577.60 s]
0.0.N: Trace Attempt 50745	[4839.98 s]
0.0.N: Trace Attempt 50844	[4843.99 s]
0.0.M: Trace Attempt 90836	[7589.17 s]
0.0.M: Trace Attempt 91378	[7593.18 s]
0.0.M: Trace Attempt 91608	[7597.19 s]
0.0.N: Trace Attempt 50892	[4859.92 s]
0.0.N: Trace Attempt 50914	[4863.96 s]
0.0.M: Trace Attempt 91641	[7614.07 s]
0.0.M: Trace Attempt 91738	[7618.07 s]
0.0.N: Trace Attempt 50955	[4883.71 s]
0.0.N: Trace Attempt 51660	[4888.14 s]
0.0.N: Trace Attempt 51730	[4892.20 s]
0.0.M: Trace Attempt 91741	[7638.63 s]
0.0.M: Trace Attempt 91817	[7642.63 s]
0.0.M: Trace Attempt 91822	[7666.02 s]
0.0.M: Trace Attempt 91836	[7670.23 s]
0.0.N: Trace Attempt 51766	[4932.17 s]
0.0.M: Trace Attempt 91860	[7674.35 s]
0.0.M: Trace Attempt 91920	[7684.17 s]
0.0.M: Trace Attempt 92453	[7688.31 s]
0.0.N: Trace Attempt 51845	[4948.58 s]
0.0.M: Trace Attempt 92500	[7692.34 s]
0.0.N: Trace Attempt 51945	[4952.60 s]
0.0.M: Trace Attempt 92533	[7710.05 s]
0.0.M: Trace Attempt 93005	[7714.09 s]
0.0.N: Trace Attempt 51955	[4974.34 s]
0.0.N: Trace Attempt 51999	[4978.52 s]
0.0.M: Trace Attempt 93022	[7721.67 s]
0.0.M: Trace Attempt 93165	[7745.92 s]
0.0.M: Trace Attempt 93257	[7749.93 s]
0.0.N: Trace Attempt 52044	[5009.93 s]
0.0.N: Trace Attempt 52048	[5014.30 s]
0.0.N: Trace Attempt 52062	[5018.34 s]
0.0.N: Trace Attempt 52074	[5022.37 s]
0.0.N: Trace Attempt 52086	[5026.52 s]
0.0.N: Trace Attempt 52101	[5030.70 s]
0.0.N: Trace Attempt 52121	[5034.73 s]
0.0.M: Trace Attempt 93266	[7780.86 s]
0.0.M: Trace Attempt 93285	[7784.87 s]
0.0.M: Trace Attempt 93314	[7788.88 s]
0.0.N: Trace Attempt 52174	[5064.99 s]
0.0.M: Trace Attempt 93380	[7805.45 s]
0.0.N: Trace Attempt 52640	[5069.06 s]
0.0.M: Trace Attempt 94045	[7809.46 s]
0.0.M: Trace Attempt 94090	[7813.47 s]
0.0.N: Trace Attempt 52695	[5081.63 s]
0.0.N: Trace Attempt 52792	[5085.73 s]
0.0.M: Trace Attempt 94094	[7830.35 s]
0.0.N: Trace Attempt 52810	[5103.45 s]
0.0.M: Trace Attempt 94175	[7844.81 s]
0.0.N: Trace Attempt 52865	[5107.47 s]
0.0.M: Trace Attempt 94252	[7848.82 s]
0.0.M: Trace Attempt 94267	[7867.28 s]
0.0.N: Trace Attempt 52894	[5130.06 s]
0.0.M: Trace Attempt 94289	[7871.45 s]
0.0.N: Trace Attempt 52934	[5134.07 s]
0.0.M: Trace Attempt 94310	[7875.52 s]
0.0.M: Trace Attempt 94356	[7879.52 s]
0.0.N: Trace Attempt 52953	[5153.40 s]
0.0.N: Trace Attempt 52969	[5157.68 s]
0.0.N: Trace Attempt 52983	[5161.85 s]
0.0.N: Trace Attempt 53001	[5165.88 s]
0.0.N: Trace Attempt 53041	[5169.89 s]
0.0.M: Trace Attempt 94377	[7912.92 s]
0.0.M: Trace Attempt 95022	[7916.99 s]
0.0.N: Trace Attempt 53062	[5179.99 s]
0.0.M: Trace Attempt 95144	[7921.01 s]
0.0.N: Trace Attempt 53524	[5184.04 s]
0.0.N: Trace Attempt 53567	[5201.57 s]
0.0.M: Trace Attempt 95175	[7943.84 s]
0.0.N: Trace Attempt 53642	[5205.60 s]
0.0.M: Trace Attempt 95266	[7947.85 s]
0.0.N: Trace Attempt 53659	[5224.14 s]
0.0.M: Trace Attempt 95279	[7967.52 s]
0.0.M: Trace Attempt 95349	[7971.57 s]
0.0.N: Trace Attempt 53719	[5248.41 s]
0.0.N: Trace Attempt 53737	[5252.52 s]
0.0.M: Trace Attempt 95371	[7993.64 s]
0.0.N: Trace Attempt 53753	[5256.54 s]
0.0.M: Trace Attempt 95383	[7997.68 s]
0.0.N: Trace Attempt 53766	[5260.64 s]
0.0.M: Trace Attempt 95407	[8001.71 s]
0.0.N: Trace Attempt 53783	[5264.84 s]
0.0.N: Trace Attempt 53810	[5268.93 s]
0.0.M: Trace Attempt 95466	[8025.42 s]
0.0.N: Trace Attempt 53849	[5289.33 s]
0.0.M: Trace Attempt 95923	[8029.49 s]
0.0.N: Trace Attempt 54525	[5293.34 s]
0.0.M: Trace Attempt 96080	[8033.59 s]
0.0.N: Trace Attempt 54630	[5297.52 s]
0.0.M: Trace Attempt 96156	[8037.62 s]
0.0.N: Trace Attempt 54665	[5301.56 s]
0.0.M: Trace Attempt 96169	[8042.01 s]
0.0.M: Trace Attempt 96187	[8046.09 s]
0.0.M: Trace Attempt 96214	[8050.18 s]
0.0.N: Trace Attempt 54696	[5320.74 s]
0.0.M: Trace Attempt 96265	[8064.01 s]
0.0.N: Trace Attempt 55100	[5324.83 s]
0.0.M: Trace Attempt 96810	[8068.12 s]
0.0.M: Trace Attempt 96856	[8080.32 s]
0.0.N: Trace Attempt 55166	[5345.12 s]
0.0.N: Trace Attempt 55226	[5349.21 s]
0.0.M: Trace Attempt 96927	[8098.81 s]
0.0.M: Trace Attempt 96972	[8114.97 s]
0.0.N: Trace Attempt 55266	[5378.28 s]
0.0.N: Trace Attempt 55272	[5382.33 s]
0.0.N: Trace Attempt 55287	[5386.60 s]
0.0.N: Trace Attempt 55297	[5390.94 s]
0.0.N: Trace Attempt 55308	[5395.22 s]
0.0.N: Trace Attempt 55321	[5399.48 s]
0.0.M: Trace Attempt 97024	[8142.28 s]
0.0.N: Trace Attempt 55337	[5403.53 s]
0.0.M: Trace Attempt 97422	[8146.31 s]
0.0.N: Trace Attempt 55362	[5407.54 s]
0.0.M: Trace Attempt 97508	[8150.32 s]
0.0.N: Trace Attempt 55399	[5417.42 s]
0.0.M: Trace Attempt 97522	[8161.48 s]
0.0.N: Trace Attempt 56071	[5421.42 s]
0.0.N: Trace Attempt 56330	[5425.47 s]
0.0.N: Trace Attempt 56425	[5429.52 s]
0.0.M: Trace Attempt 97611	[8181.42 s]
0.0.M: Trace Attempt 97668	[8185.43 s]
0.0.N: Trace Attempt 56453	[5454.48 s]
0.0.N: Trace Attempt 56507	[5458.54 s]
0.0.M: Trace Attempt 97675	[8199.11 s]
0.0.M: Trace Attempt 97725	[8206.07 s]
0.0.M: Trace Attempt 98201	[8210.15 s]
0.0.N: Trace Attempt 56539	[5480.11 s]
0.0.N: Trace Attempt 56546	[5484.64 s]
0.0.M: Trace Attempt 98256	[8225.08 s]
0.0.N: Trace Attempt 56559	[5488.90 s]
0.0.N: Trace Attempt 56582	[5492.92 s]
0.0.M: Trace Attempt 98336	[8244.10 s]
0.0.M: Trace Attempt 98403	[8265.45 s]
0.0.M: Trace Attempt 98413	[8269.53 s]
0.0.M: Trace Attempt 98424	[8273.70 s]
0.0.M: Trace Attempt 98438	[8277.80 s]
0.0.M: Trace Attempt 98452	[8282.03 s]
0.0.M: Trace Attempt 98469	[8286.07 s]
0.0.M: Trace Attempt 98493	[8290.12 s]
0.0.N: Trace Attempt 56638	[5557.94 s]
0.0.N: Trace Attempt 57122	[5561.96 s]
0.0.N: Trace Attempt 57253	[5566.10 s]
0.0.M: Trace Attempt 98550	[8310.36 s]
0.0.M: Trace Attempt 99132	[8314.41 s]
0.0.M: Trace Attempt 99187	[8329.85 s]
0.0.N: Trace Attempt 57302	[5595.89 s]
0.0.N: Trace Attempt 57409	[5600.01 s]
0.0.M: Trace Attempt 99259	[8347.07 s]
0.0.N: Trace Attempt 57451	[5623.71 s]
0.0.N: Trace Attempt 57496	[5627.75 s]
0.0.M: Trace Attempt 99344	[8371.61 s]
0.0.N: Trace Attempt 57512	[5631.88 s]
0.0.M: Trace Attempt 99353	[8375.71 s]
0.0.M: Trace Attempt 99372	[8379.83 s]
0.0.M: Trace Attempt 99396	[8383.93 s]
0.0.N: Trace Attempt 57565	[5644.54 s]
0.0.N: Trace Attempt 58009	[5648.59 s]
0.0.N: Trace Attempt 58061	[5668.08 s]
0.0.N: Trace Attempt 58109	[5672.14 s]
0.0.M: Trace Attempt 99454	[8414.56 s]
0.0.M: Trace Attempt 100098	[8418.64 s]
0.0.M: Trace Attempt 100175	[8422.69 s]
0.0.N: Trace Attempt 58129	[5695.02 s]
0.0.N: Trace Attempt 58148	[5699.21 s]
0.0.M: Trace Attempt 100219	[8442.68 s]
0.0.N: Trace Attempt 58168	[5703.34 s]
0.0.N: Trace Attempt 58224	[5712.63 s]
0.0.N: Trace Attempt 58834	[5716.63 s]
0.0.N: Trace Attempt 58956	[5720.65 s]
0.0.M: Trace Attempt 100305	[8462.38 s]
0.0.N: Trace Attempt 58971	[5736.87 s]
0.0.M: Trace Attempt 100370	[8480.75 s]
0.0.N: Trace Attempt 59019	[5740.90 s]
0.0.M: Trace Attempt 100397	[8484.78 s]
0.0.M: Trace Attempt 100442	[8495.13 s]
0.0.M: Trace Attempt 101092	[8499.22 s]
0.0.N: Trace Attempt 59038	[5759.72 s]
0.0.M: Trace Attempt 101207	[8503.24 s]
0.0.N: Trace Attempt 59055	[5763.81 s]
0.0.N: Trace Attempt 59074	[5767.95 s]
0.0.M: Trace Attempt 101224	[8513.80 s]
0.0.N: Trace Attempt 59133	[5787.93 s]
0.0.M: Trace Attempt 101278	[8531.59 s]
0.0.N: Trace Attempt 59595	[5791.98 s]
0.0.M: Trace Attempt 101699	[8535.62 s]
0.0.N: Trace Attempt 59637	[5806.64 s]
0.0.N: Trace Attempt 59693	[5810.71 s]
0.0.M: Trace Attempt 101797	[8555.54 s]
0.0.M: Trace Attempt 101873	[8559.57 s]
0.0.N: Trace Attempt 59729	[5834.48 s]
0.0.M: Trace Attempt 101888	[8576.39 s]
0.0.N: Trace Attempt 59738	[5838.74 s]
0.0.M: Trace Attempt 101915	[8580.52 s]
0.0.N: Trace Attempt 59762	[5842.88 s]
0.0.N: Trace Attempt 59793	[5846.98 s]
0.0.M: Trace Attempt 101965	[8587.15 s]
0.0.M: Trace Attempt 102335	[8591.17 s]
0.0.M: Trace Attempt 102557	[8595.24 s]
0.0.N: Trace Attempt 59840	[5860.13 s]
0.0.N: Trace Attempt 60183	[5864.14 s]
0.0.M: Trace Attempt 102594	[8612.36 s]
0.0.N: Trace Attempt 60249	[5883.47 s]
0.0.M: Trace Attempt 102622	[8624.88 s]
0.0.N: Trace Attempt 60362	[5887.55 s]
0.0.M: Trace Attempt 102652	[8636.29 s]
0.0.M: Trace Attempt 102693	[8651.62 s]
0.0.M: Trace Attempt 103398	[8655.63 s]
0.0.M: Trace Attempt 103515	[8659.71 s]
0.0.N: Trace Attempt 60411	[5920.28 s]
0.0.N: Trace Attempt 61022	[5924.31 s]
0.0.N: Trace Attempt 61243	[5928.39 s]
0.0.N: Trace Attempt 61386	[5932.49 s]
0.0.M: Trace Attempt 103558	[8673.53 s]
0.0.M: Trace Attempt 104087	[8677.56 s]
0.0.N: Trace Attempt 61431	[5948.44 s]
0.0.M: Trace Attempt 104169	[8691.06 s]
0.0.N: Trace Attempt 61498	[5952.45 s]
0.0.M: Trace Attempt 104193	[8695.15 s]
0.0.N: Trace Attempt 61532	[5979.45 s]
0.0.M: Trace Attempt 104256	[8721.30 s]
0.0.N: Trace Attempt 61599	[5983.46 s]
0.0.M: Trace Attempt 104802	[8725.32 s]
0.0.M: Trace Attempt 104932	[8729.35 s]
0.0.M: Trace Attempt 104960	[8742.65 s]
0.0.M: Trace Attempt 104979	[8746.65 s]
0.0.N: Trace Attempt 61612	[6014.40 s]
0.0.M: Trace Attempt 105024	[8754.56 s]
0.0.N: Trace Attempt 61625	[6018.57 s]
0.0.N: Trace Attempt 61644	[6022.57 s]
0.0.M: Trace Attempt 105037	[8764.98 s]
0.0.M: Trace Attempt 105621	[8769.00 s]
0.0.M: Trace Attempt 105884	[8773.02 s]
0.0.M: Trace Attempt 105932	[8786.41 s]
0.0.M: Trace Attempt 105981	[8790.46 s]
0.0.N: Trace Attempt 61694	[6077.54 s]
0.0.N: Trace Attempt 62155	[6081.57 s]
0.0.N: Trace Attempt 62306	[6085.59 s]
0.0.N: Trace Attempt 62408	[6089.70 s]
0.0.M: Trace Attempt 106042	[8858.00 s]
0.0.M: Trace Attempt 106591	[8862.00 s]
0.0.N: Trace Attempt 62450	[6123.36 s]
0.0.N: Trace Attempt 62451	[6129.73 s]
0.0.M: Trace Attempt 106640	[8878.64 s]
0.0.M: Trace Attempt 106685	[8882.73 s]
0.0.N: Trace Attempt 62489	[6149.37 s]
0.0.N: Trace Attempt 62529	[6159.95 s]
0.0.M: Trace Attempt 106726	[8908.07 s]
0.0.N: Trace Attempt 62558	[6171.51 s]
0.0.M: Trace Attempt 106745	[8912.22 s]
0.0.N: Trace Attempt 63040	[6175.51 s]
0.0.M: Trace Attempt 106758	[8916.26 s]
0.0.N: Trace Attempt 63249	[6179.59 s]
0.0.M: Trace Attempt 106776	[8920.28 s]
0.0.N: Trace Attempt 63309	[6183.67 s]
0.0.M: Trace Attempt 106798	[8924.41 s]
0.0.N: Trace Attempt 63370	[6198.94 s]
0.0.N: Trace Attempt 64042	[6202.95 s]
0.0.M: Trace Attempt 106862	[8958.19 s]
0.0.N: Trace Attempt 64138	[6218.65 s]
0.0.M: Trace Attempt 107480	[8962.23 s]
0.0.N: Trace Attempt 64203	[6222.79 s]
0.0.M: Trace Attempt 107579	[8966.26 s]
0.0.M: Trace Attempt 107597	[8980.17 s]
0.0.N: Trace Attempt 64248	[6249.02 s]
0.0.N: Trace Attempt 64297	[6253.05 s]
0.0.M: Trace Attempt 107686	[8995.72 s]
0.0.M: Trace Attempt 107734	[8999.82 s]
0.0.N: Trace Attempt 64310	[6275.74 s]
0.0.N: Trace Attempt 64323	[6279.86 s]
0.0.M: Trace Attempt 107800	[9023.74 s]
0.0.N: Trace Attempt 64340	[6284.03 s]
0.0.M: Trace Attempt 108286	[9027.80 s]
0.0.N: Trace Attempt 64369	[6288.08 s]
0.0.M: Trace Attempt 108494	[9031.81 s]
0.0.N: Trace Attempt 64402	[6312.42 s]
0.0.M: Trace Attempt 108535	[9053.61 s]
0.0.N: Trace Attempt 64838	[6316.55 s]
0.0.N: Trace Attempt 64882	[6320.56 s]
0.0.M: Trace Attempt 108601	[9073.00 s]
0.0.N: Trace Attempt 64890	[6340.20 s]
0.0.N: Trace Attempt 64946	[6344.22 s]
0.0.M: Trace Attempt 108664	[9087.97 s]
0.0.M: Trace Attempt 108689	[9092.03 s]
0.0.M: Trace Attempt 108719	[9096.07 s]
0.0.M: Trace Attempt 108758	[9104.10 s]
0.0.M: Trace Attempt 109441	[9108.18 s]
0.0.N: Trace Attempt 64973	[6370.52 s]
0.0.M: Trace Attempt 109560	[9112.22 s]
0.0.N: Trace Attempt 64994	[6374.64 s]
0.0.N: Trace Attempt 65017	[6378.65 s]
0.0.N: Trace Attempt 65056	[6382.69 s]
0.0.M: Trace Attempt 109590	[9124.89 s]
0.0.M: Trace Attempt 109686	[9128.91 s]
0.0.N: Trace Attempt 65082	[6400.12 s]
0.0.N: Trace Attempt 65612	[6404.14 s]
0.0.N: Trace Attempt 65723	[6408.20 s]
0.0.M: Trace Attempt 109709	[9152.26 s]
0.0.N: Trace Attempt 65747	[6425.60 s]
0.0.N: Trace Attempt 65831	[6429.67 s]
0.0.M: Trace Attempt 109801	[9180.27 s]
0.0.M: Trace Attempt 109821	[9184.32 s]
0.0.N: Trace Attempt 65852	[6447.27 s]
0.0.N: Trace Attempt 65926	[6469.53 s]
0.0.N: Trace Attempt 65934	[6473.74 s]
0.0.N: Trace Attempt 65946	[6478.14 s]
0.0.N: Trace Attempt 65955	[6482.24 s]
0.0.N: Trace Attempt 65966	[6486.43 s]
0.0.N: Trace Attempt 65977	[6490.49 s]
0.0.N: Trace Attempt 65990	[6494.64 s]
0.0.N: Trace Attempt 66007	[6498.72 s]
0.0.N: Trace Attempt 66037	[6502.74 s]
0.0.N: Trace Attempt 66069	[6512.90 s]
0.0.N: Trace Attempt 66576	[6516.97 s]
0.0.N: Trace Attempt 66683	[6521.01 s]
0.0.M: Trace Attempt 109885	[9268.02 s]
0.0.M: Trace Attempt 110403	[9272.09 s]
0.0.M: Trace Attempt 110568	[9276.14 s]
0.0.N: Trace Attempt 66704	[6538.78 s]
0.0.M: Trace Attempt 110585	[9292.99 s]
0.0.N: Trace Attempt 66789	[6557.88 s]
0.0.N: Trace Attempt 66813	[6562.02 s]
0.0.N: Trace Attempt 66837	[6566.07 s]
0.0.M: Trace Attempt 110632	[9312.76 s]
0.0.M: Trace Attempt 110648	[9316.86 s]
0.0.M: Trace Attempt 110691	[9320.88 s]
0.0.N: Trace Attempt 66887	[6589.70 s]
0.0.M: Trace Attempt 110713	[9334.60 s]
0.0.M: Trace Attempt 111136	[9338.70 s]
0.0.N: Trace Attempt 66903	[6600.99 s]
0.0.M: Trace Attempt 111199	[9342.70 s]
0.0.N: Trace Attempt 66920	[6605.05 s]
0.0.N: Trace Attempt 66962	[6614.73 s]
0.0.N: Trace Attempt 67543	[6618.77 s]
0.0.N: Trace Attempt 67660	[6622.83 s]
0.0.M: Trace Attempt 111210	[9365.88 s]
0.0.N: Trace Attempt 67685	[6653.13 s]
0.0.M: Trace Attempt 111291	[9393.28 s]
0.0.M: Trace Attempt 111377	[9413.61 s]
0.0.N: Trace Attempt 67746	[6680.08 s]
0.0.N: Trace Attempt 67796	[6684.16 s]
0.0.M: Trace Attempt 111445	[9434.14 s]
0.0.M: Trace Attempt 111461	[9438.38 s]
0.0.M: Trace Attempt 111481	[9442.40 s]
0.0.N: Trace Attempt 67834	[6705.43 s]
0.0.M: Trace Attempt 111523	[9446.43 s]
0.0.N: Trace Attempt 67835	[6709.94 s]
0.0.M: Trace Attempt 111772	[9450.45 s]
0.0.N: Trace Attempt 67855	[6713.99 s]
0.0.M: Trace Attempt 112140	[9454.55 s]
0.0.M: Trace Attempt 112300	[9468.82 s]
0.0.M: Trace Attempt 112359	[9472.86 s]
0.0.N: Trace Attempt 67900	[6735.39 s]
0.0.N: Trace Attempt 68622	[6739.44 s]
0.0.M: Trace Attempt 112389	[9490.78 s]
0.0.N: Trace Attempt 68686	[6752.88 s]
0.0.M: Trace Attempt 112425	[9494.80 s]
0.0.N: Trace Attempt 68776	[6756.92 s]
0.0.M: Trace Attempt 112439	[9509.19 s]
0.0.N: Trace Attempt 68807	[6781.34 s]
0.0.N: Trace Attempt 68849	[6785.45 s]
0.0.M: Trace Attempt 112482	[9543.91 s]
0.0.M: Trace Attempt 113148	[9547.92 s]
0.0.M: Trace Attempt 113298	[9552.08 s]
0.0.N: Trace Attempt 68883	[6812.74 s]
0.0.N: Trace Attempt 68894	[6817.00 s]
0.0.N: Trace Attempt 68908	[6821.21 s]
0.0.N: Trace Attempt 68919	[6825.39 s]
0.0.M: Trace Attempt 113397	[9566.71 s]
0.0.N: Trace Attempt 68932	[6829.44 s]
0.0.M: Trace Attempt 113415	[9570.83 s]
0.0.N: Trace Attempt 68950	[6833.64 s]
0.0.N: Trace Attempt 68982	[6837.68 s]
0.0.M: Trace Attempt 113461	[9582.14 s]
0.0.N: Trace Attempt 69013	[6870.32 s]
0.0.N: Trace Attempt 69428	[6874.41 s]
0.0.N: Trace Attempt 69570	[6878.48 s]
0.0.M: Trace Attempt 113474	[9620.56 s]
0.0.M: Trace Attempt 113869	[9624.56 s]
0.0.M: Trace Attempt 114142	[9628.65 s]
0.0.M: Trace Attempt 114190	[9640.52 s]
0.0.M: Trace Attempt 114261	[9656.49 s]
0.0.M: Trace Attempt 114281	[9660.62 s]
0.0.M: Trace Attempt 114329	[9671.15 s]
0.0.M: Trace Attempt 115062	[9675.18 s]
0.0.N: Trace Attempt 69611	[6937.85 s]
0.0.M: Trace Attempt 115286	[9679.27 s]
0.0.N: Trace Attempt 69628	[6942.04 s]
0.0.N: Trace Attempt 69650	[6946.14 s]
0.0.N: Trace Attempt 69698	[6954.86 s]
0.0.N: Trace Attempt 70115	[6958.89 s]
0.0.M: Trace Attempt 115339	[9702.17 s]
0.0.N: Trace Attempt 70192	[6963.05 s]
0.0.M: Trace Attempt 115340	[9706.65 s]
0.0.N: Trace Attempt 70229	[6989.87 s]
0.0.M: Trace Attempt 115390	[9733.16 s]
0.0.N: Trace Attempt 70295	[6993.88 s]
0.0.M: Trace Attempt 115405	[9737.17 s]
0.0.M: Trace Attempt 115426	[9741.19 s]
0.0.N: Trace Attempt 70302	[7011.93 s]
0.0.N: Trace Attempt 70348	[7015.98 s]
0.0.M: Trace Attempt 115490	[9783.45 s]
0.0.N: Trace Attempt 70378	[7044.32 s]
0.0.M: Trace Attempt 115837	[9787.50 s]
0.0.N: Trace Attempt 70394	[7048.41 s]
0.0.M: Trace Attempt 115909	[9791.59 s]
0.0.N: Trace Attempt 70416	[7052.43 s]
0.0.N: Trace Attempt 70449	[7059.77 s]
0.0.M: Trace Attempt 115956	[9799.94 s]
0.0.M: Trace Attempt 116656	[9803.98 s]
0.0.M: Trace Attempt 117015	[9808.00 s]
0.0.N: Trace Attempt 70460	[7069.24 s]
0.0.M: Trace Attempt 117091	[9812.05 s]
0.0.N: Trace Attempt 71126	[7073.32 s]
0.0.N: Trace Attempt 71309	[7077.47 s]
0.0.N: Trace Attempt 71342	[7081.49 s]
0.0.M: Trace Attempt 117128	[9835.27 s]
0.0.N: Trace Attempt 71365	[7101.95 s]
0.0.N: Trace Attempt 71413	[7105.99 s]
0.0.M: Trace Attempt 117195	[9860.92 s]
0.0.M: Trace Attempt 117231	[9864.93 s]
0.0.N: Trace Attempt 71425	[7135.02 s]
0.0.N: Trace Attempt 71438	[7139.22 s]
0.0.N: Trace Attempt 71449	[7143.26 s]
0.0.M: Trace Attempt 117258	[9885.04 s]
0.0.N: Trace Attempt 71462	[7147.31 s]
0.0.M: Trace Attempt 117280	[9889.14 s]
0.0.N: Trace Attempt 71479	[7151.31 s]
0.0.N: Trace Attempt 71509	[7155.32 s]
0.0.M: Trace Attempt 117344	[9904.32 s]
0.0.M: Trace Attempt 117939	[9908.33 s]
0.0.M: Trace Attempt 118105	[9912.34 s]
0.0.N: Trace Attempt 71541	[7185.04 s]
0.0.N: Trace Attempt 72018	[7189.14 s]
0.0.M: Trace Attempt 118133	[9929.51 s]
0.0.N: Trace Attempt 72079	[7193.14 s]
0.0.M: Trace Attempt 118198	[9933.52 s]
0.0.N: Trace Attempt 72086	[7208.49 s]
0.0.N: Trace Attempt 72165	[7212.51 s]
0.0.M: Trace Attempt 118213	[9953.00 s]
0.0.M: Trace Attempt 118242	[9957.11 s]
0.0.M: Trace Attempt 118276	[9961.13 s]
0.0.N: Trace Attempt 72174	[7228.61 s]
0.0.N: Trace Attempt 72239	[7232.71 s]
0.0.M: Trace Attempt 118322	[9993.98 s]
0.0.N: Trace Attempt 72270	[7256.37 s]
0.0.M: Trace Attempt 118915	[9998.02 s]
0.0.N: Trace Attempt 72279	[7260.63 s]
0.0.M: Trace Attempt 119062	[10002.06 s]
0.0.N: Trace Attempt 72298	[7264.80 s]
0.0.N: Trace Attempt 72315	[7268.96 s]
0.0.N: Trace Attempt 72331	[7273.03 s]
0.0.M: Trace Attempt 119080	[10015.66 s]
0.0.N: Trace Attempt 72355	[7277.08 s]
0.0.M: Trace Attempt 119151	[10019.73 s]
0.0.N: Trace Attempt 72395	[7287.55 s]
0.0.N: Trace Attempt 72823	[7291.62 s]
0.0.N: Trace Attempt 72890	[7311.30 s]
0.0.N: Trace Attempt 72948	[7315.38 s]
0.0.M: Trace Attempt 119208	[10062.39 s]
0.0.M: Trace Attempt 119728	[10066.48 s]
0.0.M: Trace Attempt 119939	[10070.61 s]
0.0.M: Trace Attempt 120045	[10074.61 s]
0.0.N: Trace Attempt 72976	[7338.99 s]
0.0.N: Trace Attempt 72995	[7343.04 s]
0.0.N: Trace Attempt 73023	[7357.93 s]
0.0.N: Trace Attempt 73076	[7373.38 s]
0.0.N: Trace Attempt 73574	[7377.48 s]
0.0.N: Trace Attempt 73711	[7381.50 s]
0.0.M: Trace Attempt 120055	[10122.10 s]
0.0.N: Trace Attempt 73741	[7393.96 s]
0.0.N: Trace Attempt 73773	[7397.98 s]
0.0.M: Trace Attempt 120120	[10140.09 s]
0.0.M: Trace Attempt 120162	[10144.19 s]
0.0.M: Trace Attempt 120193	[10148.30 s]
0.0.M: Trace Attempt 120237	[10158.70 s]
0.0.M: Trace Attempt 120723	[10162.80 s]
0.0.M: Trace Attempt 120905	[10166.82 s]
0.0.M: Trace Attempt 120936	[10180.71 s]
0.0.M: Trace Attempt 120955	[10184.73 s]
0.0.M: Trace Attempt 120964	[10194.80 s]
0.0.M: Trace Attempt 121001	[10198.81 s]
0.0.N: Trace Attempt 73804	[7470.79 s]
0.0.N: Trace Attempt 73837	[7474.82 s]
0.0.M: Trace Attempt 121024	[10230.81 s]
0.0.M: Trace Attempt 121563	[10234.88 s]
0.0.N: Trace Attempt 73852	[7499.16 s]
0.0.N: Trace Attempt 73913	[7503.20 s]
0.0.M: Trace Attempt 121624	[10248.25 s]
0.0.N: Trace Attempt 73939	[7524.90 s]
0.0.M: Trace Attempt 121708	[10267.97 s]
0.0.N: Trace Attempt 73979	[7528.92 s]
0.0.M: Trace Attempt 121782	[10291.82 s]
0.0.M: Trace Attempt 121796	[10296.03 s]
0.0.N: Trace Attempt 74031	[7558.22 s]
0.0.M: Trace Attempt 121813	[10300.19 s]
0.0.N: Trace Attempt 74042	[7562.85 s]
0.0.M: Trace Attempt 121837	[10304.31 s]
0.0.N: Trace Attempt 74050	[7566.94 s]
0.0.N: Trace Attempt 74065	[7571.10 s]
0.0.M: Trace Attempt 121893	[10313.30 s]
0.0.N: Trace Attempt 74086	[7575.14 s]
0.0.M: Trace Attempt 122324	[10317.39 s]
0.0.N: Trace Attempt 74135	[7584.73 s]
0.0.N: Trace Attempt 74515	[7588.78 s]
0.0.M: Trace Attempt 122393	[10335.80 s]
0.0.N: Trace Attempt 74539	[7596.59 s]
0.0.N: Trace Attempt 74632	[7600.72 s]
0.0.N: Trace Attempt 74692	[7614.79 s]
0.0.M: Trace Attempt 122489	[10355.09 s]
0.0.N: Trace Attempt 75414	[7618.79 s]
0.0.M: Trace Attempt 122533	[10359.15 s]
0.0.N: Trace Attempt 75491	[7622.79 s]
0.0.N: Trace Attempt 75518	[7641.85 s]
0.0.M: Trace Attempt 122553	[10382.33 s]
0.0.N: Trace Attempt 75597	[7645.88 s]
0.0.M: Trace Attempt 122606	[10394.62 s]
0.0.M: Trace Attempt 122644	[10401.18 s]
0.0.M: Trace Attempt 123259	[10405.26 s]
0.0.N: Trace Attempt 75616	[7675.18 s]
0.0.N: Trace Attempt 75644	[7679.35 s]
0.0.M: Trace Attempt 123315	[10420.55 s]
0.0.N: Trace Attempt 75663	[7683.40 s]
0.0.M: Trace Attempt 123401	[10440.04 s]
0.0.M: Trace Attempt 123440	[10444.06 s]
0.0.N: Trace Attempt 75694	[7711.66 s]
0.0.M: Trace Attempt 123463	[10468.19 s]
0.0.M: Trace Attempt 123492	[10472.22 s]
0.0.N: Trace Attempt 75724	[7735.95 s]
0.0.N: Trace Attempt 75746	[7739.98 s]
0.0.N: Trace Attempt 75793	[7763.27 s]
0.0.N: Trace Attempt 76327	[7767.29 s]
0.0.N: Trace Attempt 76362	[7771.34 s]
0.0.N: Trace Attempt 76388	[7790.20 s]
0.0.N: Trace Attempt 76450	[7794.27 s]
0.0.M: Trace Attempt 123530	[10538.25 s]
0.0.M: Trace Attempt 124063	[10542.44 s]
0.0.N: Trace Attempt 76483	[7810.97 s]
0.0.N: Trace Attempt 76563	[7814.97 s]
0.0.M: Trace Attempt 124115	[10560.47 s]
0.0.N: Trace Attempt 76595	[7833.71 s]
0.0.N: Trace Attempt 76637	[7837.73 s]
0.0.M: Trace Attempt 124179	[10580.22 s]
0.0.N: Trace Attempt 76665	[7856.33 s]
0.0.N: Trace Attempt 76674	[7860.60 s]
0.0.M: Trace Attempt 124258	[10609.50 s]
0.0.M: Trace Attempt 124273	[10613.69 s]
0.0.M: Trace Attempt 124294	[10617.82 s]
0.0.N: Trace Attempt 76726	[7878.50 s]
0.0.N: Trace Attempt 77402	[7882.50 s]
0.0.N: Trace Attempt 77515	[7886.54 s]
0.0.N: Trace Attempt 77539	[7906.78 s]
0.0.M: Trace Attempt 124361	[10649.57 s]
0.0.N: Trace Attempt 77632	[7910.83 s]
0.0.M: Trace Attempt 124818	[10653.62 s]
0.0.M: Trace Attempt 124966	[10666.02 s]
0.0.N: Trace Attempt 77648	[7932.41 s]
0.0.M: Trace Attempt 125010	[10675.57 s]
0.0.N: Trace Attempt 77709	[7936.44 s]
0.0.M: Trace Attempt 125046	[10686.72 s]
0.0.M: Trace Attempt 125575	[10690.80 s]
0.0.N: Trace Attempt 77722	[7962.78 s]
0.0.N: Trace Attempt 77733	[7967.19 s]
0.0.M: Trace Attempt 125673	[10710.73 s]
0.0.N: Trace Attempt 77743	[7971.26 s]
0.0.N: Trace Attempt 77786	[7975.28 s]
0.0.M: Trace Attempt 125746	[10730.66 s]
0.0.M: Trace Attempt 125761	[10734.81 s]
0.0.N: Trace Attempt 77795	[7995.64 s]
0.0.M: Trace Attempt 125776	[10738.89 s]
0.0.N: Trace Attempt 77813	[7999.73 s]
0.0.M: Trace Attempt 125791	[10742.92 s]
0.0.N: Trace Attempt 77849	[8003.77 s]
0.0.M: Trace Attempt 125811	[10746.98 s]
0.0.M: Trace Attempt 125848	[10751.01 s]
0.0.N: Trace Attempt 77874	[8016.01 s]
0.0.N: Trace Attempt 78382	[8020.05 s]
0.0.N: Trace Attempt 78480	[8024.13 s]
0.0.M: Trace Attempt 125879	[10764.92 s]
0.0.M: Trace Attempt 126567	[10768.97 s]
0.0.M: Trace Attempt 126753	[10773.00 s]
0.0.M: Trace Attempt 126824	[10777.24 s]
0.0.M: Trace Attempt 126845	[10781.30 s]
0.0.M: Trace Attempt 126885	[10786.58 s]
0.0.N: Trace Attempt 78510	[8048.06 s]
0.0.N: Trace Attempt 78571	[8078.17 s]
0.0.M: Trace Attempt 126901	[10820.66 s]
0.0.N: Trace Attempt 78580	[8082.39 s]
0.0.M: Trace Attempt 127360	[10824.68 s]
0.0.N: Trace Attempt 78591	[8086.64 s]
0.0.M: Trace Attempt 127488	[10828.72 s]
0.0.N: Trace Attempt 78603	[8090.74 s]
0.0.N: Trace Attempt 78616	[8094.86 s]
0.0.N: Trace Attempt 78633	[8098.98 s]
0.0.N: Trace Attempt 78663	[8103.04 s]
0.0.M: Trace Attempt 127517	[10844.32 s]
0.0.M: Trace Attempt 127604	[10863.69 s]
0.0.N: Trace Attempt 78695	[8123.68 s]
0.0.M: Trace Attempt 127652	[10867.77 s]
0.0.N: Trace Attempt 79247	[8127.76 s]
0.0.N: Trace Attempt 79429	[8131.83 s]
0.0.M: Trace Attempt 127688	[10878.07 s]
0.0.M: Trace Attempt 128143	[10882.09 s]
0.0.N: Trace Attempt 79480	[8148.44 s]
0.0.N: Trace Attempt 79505	[8152.46 s]
0.0.M: Trace Attempt 128237	[10901.63 s]
0.0.M: Trace Attempt 128302	[10905.65 s]
0.0.N: Trace Attempt 79533	[8179.42 s]
0.0.N: Trace Attempt 79557	[8183.50 s]
0.0.M: Trace Attempt 128320	[10924.08 s]
0.0.M: Trace Attempt 128335	[10928.30 s]
0.0.M: Trace Attempt 128353	[10932.47 s]
0.0.M: Trace Attempt 128372	[10936.54 s]
0.0.M: Trace Attempt 128404	[10940.61 s]
0.0.N: Trace Attempt 79588	[8204.71 s]
0.0.N: Trace Attempt 79613	[8208.74 s]
0.0.M: Trace Attempt 128435	[10949.53 s]
0.0.M: Trace Attempt 128761	[10953.58 s]
0.0.N: Trace Attempt 79637	[8217.35 s]
0.0.N: Trace Attempt 80065	[8221.44 s]
0.0.N: Trace Attempt 80133	[8225.52 s]
0.0.M: Trace Attempt 128781	[10967.43 s]
0.0.M: Trace Attempt 128858	[10980.20 s]
0.0.M: Trace Attempt 128894	[10984.28 s]
0.0.N: Trace Attempt 80160	[8273.59 s]
0.0.N: Trace Attempt 80251	[8277.65 s]
0.0.M: Trace Attempt 128942	[11024.89 s]
0.0.N: Trace Attempt 80291	[8288.60 s]
0.0.M: Trace Attempt 128959	[11029.10 s]
0.0.N: Trace Attempt 80735	[8292.66 s]
0.0.M: Trace Attempt 128981	[11033.27 s]
0.0.N: Trace Attempt 80806	[8296.74 s]
0.0.M: Trace Attempt 129039	[11039.96 s]
0.0.M: Trace Attempt 129576	[11043.98 s]
0.0.M: Trace Attempt 129678	[11047.99 s]
0.0.M: Trace Attempt 129704	[11052.06 s]
0.0.N: Trace Attempt 80836	[8314.85 s]
0.0.N: Trace Attempt 80868	[8318.95 s]
0.0.N: Trace Attempt 80887	[8323.11 s]
0.0.N: Trace Attempt 80911	[8327.13 s]
0.0.M: Trace Attempt 129751	[11073.49 s]
0.0.N: Trace Attempt 80951	[8334.39 s]
0.0.M: Trace Attempt 130208	[11077.53 s]
0.0.N: Trace Attempt 81488	[8338.42 s]
0.0.N: Trace Attempt 81586	[8342.59 s]
0.0.M: Trace Attempt 130261	[11090.38 s]
0.0.M: Trace Attempt 130626	[11094.45 s]
0.0.N: Trace Attempt 81650	[8356.55 s]
0.0.N: Trace Attempt 82148	[8360.61 s]
0.0.N: Trace Attempt 82233	[8364.76 s]
0.0.M: Trace Attempt 130656	[11108.41 s]
0.0.N: Trace Attempt 82293	[8368.77 s]
0.0.N: Trace Attempt 82321	[8383.36 s]
0.0.M: Trace Attempt 130749	[11126.77 s]
0.0.N: Trace Attempt 82357	[8387.40 s]
0.0.N: Trace Attempt 82379	[8407.33 s]
0.0.M: Trace Attempt 130835	[11149.28 s]
0.0.N: Trace Attempt 82847	[8411.35 s]
0.0.N: Trace Attempt 82937	[8415.40 s]
0.0.N: Trace Attempt 82952	[8426.98 s]
0.0.M: Trace Attempt 130886	[11169.81 s]
0.0.N: Trace Attempt 83060	[8431.18 s]
0.0.M: Trace Attempt 130932	[11182.94 s]
0.0.M: Trace Attempt 130980	[11190.47 s]
0.0.M: Trace Attempt 131781	[11194.52 s]
0.0.M: Trace Attempt 132097	[11198.55 s]
0.0.M: Trace Attempt 132242	[11202.58 s]
0.0.N: Trace Attempt 83100	[8464.31 s]
0.0.N: Trace Attempt 83161	[8468.32 s]
0.0.M: Trace Attempt 132277	[11226.26 s]
0.0.N: Trace Attempt 83194	[8492.09 s]
0.0.N: Trace Attempt 83232	[8496.21 s]
0.0.M: Trace Attempt 132297	[11241.03 s]
0.0.M: Trace Attempt 132340	[11259.41 s]
0.0.N: Trace Attempt 83256	[8519.79 s]
0.0.N: Trace Attempt 83262	[8523.92 s]
0.0.N: Trace Attempt 83300	[8537.42 s]
0.0.N: Trace Attempt 83329	[8541.43 s]
0.0.N: Trace Attempt 83481	[8545.46 s]
0.0.N: Trace Attempt 83759	[8549.54 s]
0.0.N: Trace Attempt 83876	[8553.60 s]
0.0.N: Trace Attempt 83901	[8568.95 s]
0.0.N: Trace Attempt 83928	[8573.01 s]
0.0.M: Trace Attempt 132380	[11319.97 s]
0.0.M: Trace Attempt 132842	[11324.05 s]
0.0.N: Trace Attempt 83979	[8591.70 s]
0.0.N: Trace Attempt 84022	[8595.71 s]
0.0.M: Trace Attempt 132899	[11338.19 s]
0.0.N: Trace Attempt 84024	[8605.57 s]
0.0.N: Trace Attempt 84060	[8615.58 s]
0.0.M: Trace Attempt 132998	[11356.34 s]
0.0.N: Trace Attempt 84708	[8619.65 s]
0.0.N: Trace Attempt 84766	[8623.73 s]
0.0.N: Trace Attempt 84805	[8638.28 s]
0.0.M: Trace Attempt 133077	[11379.03 s]
0.0.N: Trace Attempt 85439	[8642.34 s]
0.0.M: Trace Attempt 133095	[11383.25 s]
0.0.N: Trace Attempt 85574	[8646.73 s]
0.0.M: Trace Attempt 133113	[11387.35 s]
0.0.N: Trace Attempt 85606	[8650.81 s]
0.0.M: Trace Attempt 133140	[11391.43 s]
0.0.M: Trace Attempt 133181	[11399.65 s]
0.0.M: Trace Attempt 133682	[11403.68 s]
0.0.N: Trace Attempt 85647	[8666.87 s]
0.0.M: Trace Attempt 133813	[11407.71 s]
0.0.N: Trace Attempt 86030	[8671.01 s]
0.0.N: Trace Attempt 86063	[8675.02 s]
0.0.M: Trace Attempt 133825	[11416.21 s]
0.0.M: Trace Attempt 133856	[11426.88 s]
0.0.N: Trace Attempt 86084	[8690.51 s]
0.0.N: Trace Attempt 86162	[8694.61 s]
0.0.M: Trace Attempt 133873	[11441.93 s]
0.0.N: Trace Attempt 86207	[8705.91 s]
0.0.M: Trace Attempt 134372	[11446.21 s]
0.0.N: Trace Attempt 86823	[8709.93 s]
0.0.M: Trace Attempt 134545	[11450.29 s]
0.0.N: Trace Attempt 87109	[8713.93 s]
0.0.N: Trace Attempt 87314	[8717.95 s]
0.0.M: Trace Attempt 134588	[11474.32 s]
0.0.M: Trace Attempt 134611	[11478.53 s]
0.0.M: Trace Attempt 134633	[11482.62 s]
0.0.N: Trace Attempt 87382	[8745.64 s]
0.0.M: Trace Attempt 134674	[11486.64 s]
0.0.N: Trace Attempt 87427	[8749.72 s]
0.0.M: Trace Attempt 134701	[11501.55 s]
0.0.M: Trace Attempt 135073	[11505.59 s]
0.0.N: Trace Attempt 87462	[8775.16 s]
0.0.M: Trace Attempt 135093	[11516.04 s]
0.0.N: Trace Attempt 87469	[8779.51 s]
0.0.M: Trace Attempt 135204	[11520.21 s]
0.0.N: Trace Attempt 87482	[8783.57 s]
0.0.N: Trace Attempt 87499	[8787.69 s]
0.0.N: Trace Attempt 87529	[8791.73 s]
0.0.M: Trace Attempt 135271	[11542.24 s]
0.0.M: Trace Attempt 135752	[11546.26 s]
0.0.N: Trace Attempt 87563	[8806.87 s]
0.0.M: Trace Attempt 135928	[11550.27 s]
0.0.N: Trace Attempt 88212	[8810.88 s]
0.0.N: Trace Attempt 88424	[8814.91 s]
0.0.M: Trace Attempt 135943	[11560.85 s]
0.0.N: Trace Attempt 88476	[8830.80 s]
0.0.N: Trace Attempt 88548	[8834.83 s]
0.0.M: Trace Attempt 136022	[11576.47 s]
0.0.N: Trace Attempt 88562	[8853.08 s]
0.0.M: Trace Attempt 136086	[11594.10 s]
0.0.N: Trace Attempt 88636	[8857.11 s]
0.0.M: Trace Attempt 136137	[11600.92 s]
0.0.M: Trace Attempt 136149	[11606.16 s]
0.0.M: Trace Attempt 136473	[11610.19 s]
0.0.N: Trace Attempt 88650	[8885.31 s]
0.0.M: Trace Attempt 136534	[11627.27 s]
0.0.N: Trace Attempt 88672	[8889.38 s]
0.0.M: Trace Attempt 136619	[11631.27 s]
0.0.N: Trace Attempt 88709	[8893.39 s]
0.0.M: Trace Attempt 136636	[11652.79 s]
0.0.M: Trace Attempt 136654	[11656.82 s]
0.0.M: Trace Attempt 136676	[11660.94 s]
0.0.N: Trace Attempt 88750	[8925.54 s]
0.0.N: Trace Attempt 89200	[8929.75 s]
0.0.M: Trace Attempt 136738	[11675.68 s]
0.0.M: Trace Attempt 137190	[11679.69 s]
0.0.N: Trace Attempt 89255	[8948.24 s]
0.0.N: Trace Attempt 89326	[8952.28 s]
0.0.M: Trace Attempt 137225	[11692.70 s]
0.0.M: Trace Attempt 137327	[11713.20 s]
0.0.N: Trace Attempt 89339	[8973.13 s]
0.0.M: Trace Attempt 137381	[11717.27 s]
0.0.N: Trace Attempt 89357	[8977.31 s]
0.0.N: Trace Attempt 89385	[8981.34 s]
0.0.N: Trace Attempt 89414	[8992.79 s]
0.0.M: Trace Attempt 137409	[11735.10 s]
0.0.N: Trace Attempt 89920	[8996.86 s]
0.0.M: Trace Attempt 137426	[11740.02 s]
0.0.N: Trace Attempt 90005	[9000.98 s]
0.0.M: Trace Attempt 137457	[11744.06 s]
0.0.N: Trace Attempt 90034	[9004.99 s]
0.0.M: Trace Attempt 137495	[11753.89 s]
0.0.N: Trace Attempt 90078	[9017.47 s]
0.0.M: Trace Attempt 137970	[11757.91 s]
0.0.M: Trace Attempt 138040	[11775.25 s]
0.0.N: Trace Attempt 90120	[9036.81 s]
0.0.N: Trace Attempt 90551	[9040.85 s]
0.0.M: Trace Attempt 138105	[11793.84 s]
0.0.N: Trace Attempt 90595	[9056.01 s]
0.0.M: Trace Attempt 138160	[11797.89 s]
0.0.N: Trace Attempt 90676	[9073.90 s]
0.0.N: Trace Attempt 90720	[9077.94 s]
0.0.M: Trace Attempt 138182	[11818.47 s]
0.0.M: Trace Attempt 138205	[11822.51 s]
0.0.N: Trace Attempt 90757	[9095.05 s]
0.0.M: Trace Attempt 138247	[11835.99 s]
0.0.N: Trace Attempt 90775	[9099.65 s]
0.0.M: Trace Attempt 138249	[11840.01 s]
0.0.N: Trace Attempt 90797	[9103.72 s]
0.0.N: Trace Attempt 90829	[9112.92 s]
0.0.M: Trace Attempt 138280	[11856.81 s]
0.0.N: Trace Attempt 91293	[9117.08 s]
0.0.M: Trace Attempt 138625	[11860.85 s]
0.0.M: Trace Attempt 138660	[11870.22 s]
0.0.N: Trace Attempt 91350	[9135.22 s]
0.0.N: Trace Attempt 91421	[9139.27 s]
0.0.M: Trace Attempt 138759	[11883.77 s]
0.0.N: Trace Attempt 91449	[9155.27 s]
0.0.N: Trace Attempt 91503	[9159.31 s]
0.0.M: Trace Attempt 138860	[11902.35 s]
0.0.M: Trace Attempt 138894	[11906.37 s]
0.0.M: Trace Attempt 138933	[11910.42 s]
0.0.M: Trace Attempt 138964	[11919.09 s]
0.0.M: Trace Attempt 139580	[11923.10 s]
0.0.N: Trace Attempt 91519	[9184.30 s]
0.0.M: Trace Attempt 139766	[11927.11 s]
0.0.N: Trace Attempt 91530	[9188.47 s]
0.0.N: Trace Attempt 91541	[9192.88 s]
0.0.N: Trace Attempt 91556	[9196.93 s]
0.0.N: Trace Attempt 91567	[9200.94 s]
0.0.N: Trace Attempt 91579	[9205.23 s]
0.0.M: Trace Attempt 139806	[11947.80 s]
0.0.N: Trace Attempt 91594	[9209.46 s]
0.0.N: Trace Attempt 91614	[9213.59 s]
0.0.M: Trace Attempt 139888	[11969.89 s]
0.0.M: Trace Attempt 139916	[11973.98 s]
0.0.M: Trace Attempt 139942	[11978.02 s]
0.0.N: Trace Attempt 91664	[9259.28 s]
0.0.N: Trace Attempt 92277	[9263.34 s]
0.0.N: Trace Attempt 92369	[9267.40 s]
0.0.N: Trace Attempt 92387	[9281.17 s]
0.0.N: Trace Attempt 92432	[9285.25 s]
0.0.N: Trace Attempt 92455	[9303.94 s]
0.0.N: Trace Attempt 92508	[9307.95 s]
0.0.M: Trace Attempt 140000	[12056.20 s]
0.0.M: Trace Attempt 140460	[12060.33 s]
0.0.M: Trace Attempt 140549	[12064.35 s]
0.0.N: Trace Attempt 92523	[9328.96 s]
0.0.N: Trace Attempt 92536	[9333.21 s]
0.0.N: Trace Attempt 92551	[9337.26 s]
0.0.M: Trace Attempt 140576	[12081.15 s]
0.0.N: Trace Attempt 92573	[9341.28 s]
0.0.M: Trace Attempt 140636	[12085.19 s]
0.0.N: Trace Attempt 92622	[9355.40 s]
0.0.N: Trace Attempt 93053	[9359.46 s]
0.0.N: Trace Attempt 93116	[9363.55 s]
0.0.M: Trace Attempt 140657	[12104.30 s]
0.0.M: Trace Attempt 140669	[12108.56 s]
0.0.M: Trace Attempt 140688	[12112.58 s]
0.0.M: Trace Attempt 140704	[12116.64 s]
0.0.M: Trace Attempt 140726	[12120.75 s]
0.0.N: Trace Attempt 93157	[9381.76 s]
0.0.N: Trace Attempt 93234	[9385.77 s]
0.0.M: Trace Attempt 140781	[12129.25 s]
0.0.M: Trace Attempt 141482	[12133.27 s]
0.0.N: Trace Attempt 93289	[9396.37 s]
0.0.M: Trace Attempt 141547	[12137.32 s]
0.0.N: Trace Attempt 93735	[9400.41 s]
0.0.N: Trace Attempt 93791	[9418.22 s]
0.0.M: Trace Attempt 141596	[12167.89 s]
0.0.M: Trace Attempt 142152	[12171.92 s]
0.0.M: Trace Attempt 142250	[12175.98 s]
0.0.N: Trace Attempt 93856	[9438.29 s]
0.0.M: Trace Attempt 142281	[12180.02 s]
0.0.N: Trace Attempt 93884	[9442.39 s]
0.0.N: Trace Attempt 93916	[9458.24 s]
0.0.M: Trace Attempt 142329	[12200.36 s]
0.0.N: Trace Attempt 93936	[9462.28 s]
0.0.M: Trace Attempt 142816	[12204.39 s]
0.0.M: Trace Attempt 142858	[12221.38 s]
0.0.N: Trace Attempt 93972	[9482.90 s]
0.0.N: Trace Attempt 94324	[9486.97 s]
0.0.N: Trace Attempt 94352	[9502.35 s]
0.0.M: Trace Attempt 142932	[12245.97 s]
0.0.N: Trace Attempt 94428	[9506.51 s]
0.0.M: Trace Attempt 142982	[12250.00 s]
0.0.M: Trace Attempt 143004	[12269.77 s]
0.0.N: Trace Attempt 94479	[9532.95 s]
0.0.M: Trace Attempt 143026	[12273.79 s]
0.0.N: Trace Attempt 94490	[9537.29 s]
0.0.N: Trace Attempt 94506	[9541.65 s]
0.0.N: Trace Attempt 94520	[9545.95 s]
0.0.M: Trace Attempt 143086	[12288.21 s]
0.0.N: Trace Attempt 94533	[9550.17 s]
0.0.M: Trace Attempt 143569	[12292.23 s]
0.0.N: Trace Attempt 94549	[9554.32 s]
0.0.M: Trace Attempt 143857	[12296.24 s]
0.0.N: Trace Attempt 94572	[9558.32 s]
0.0.M: Trace Attempt 144061	[12300.40 s]
0.0.N: Trace Attempt 94609	[9565.79 s]
0.0.N: Trace Attempt 95261	[9569.85 s]
0.0.N: Trace Attempt 95347	[9573.90 s]
0.0.N: Trace Attempt 95365	[9583.09 s]
0.0.N: Trace Attempt 95479	[9587.20 s]
0.0.M: Trace Attempt 144102	[12344.74 s]
0.0.N: Trace Attempt 95500	[9614.39 s]
0.0.N: Trace Attempt 95582	[9618.45 s]
0.0.M: Trace Attempt 144206	[12360.59 s]
0.0.M: Trace Attempt 144291	[12379.64 s]
0.0.M: Trace Attempt 144308	[12383.69 s]
0.0.M: Trace Attempt 144333	[12387.78 s]
0.0.M: Trace Attempt 144388	[12399.77 s]
0.0.N: Trace Attempt 95609	[9660.59 s]
0.0.M: Trace Attempt 144772	[12403.82 s]
0.0.N: Trace Attempt 95615	[9666.39 s]
0.0.N: Trace Attempt 95630	[9670.39 s]
0.0.N: Trace Attempt 95645	[9674.65 s]
0.0.M: Trace Attempt 144855	[12418.23 s]
0.0.N: Trace Attempt 95661	[9678.85 s]
0.0.M: Trace Attempt 144881	[12422.43 s]
0.0.N: Trace Attempt 95677	[9682.88 s]
0.0.M: Trace Attempt 144907	[12426.48 s]
0.0.N: Trace Attempt 95701	[9686.92 s]
0.0.M: Trace Attempt 144937	[12430.56 s]
0.0.M: Trace Attempt 144975	[12440.09 s]
0.0.M: Trace Attempt 145418	[12444.21 s]
0.0.M: Trace Attempt 145608	[12448.28 s]
0.0.N: Trace Attempt 95746	[9711.20 s]
0.0.N: Trace Attempt 96119	[9715.25 s]
0.0.N: Trace Attempt 96359	[9719.36 s]
0.0.N: Trace Attempt 96442	[9723.40 s]
0.0.M: Trace Attempt 145670	[12469.90 s]
0.0.N: Trace Attempt 96457	[9746.41 s]
0.0.M: Trace Attempt 145759	[12492.86 s]
0.0.M: Trace Attempt 145798	[12496.93 s]
0.0.N: Trace Attempt 96538	[9777.91 s]
0.0.M: Trace Attempt 145826	[12519.86 s]
0.0.N: Trace Attempt 96556	[9782.17 s]
0.0.M: Trace Attempt 145845	[12523.94 s]
0.0.N: Trace Attempt 96572	[9786.37 s]
0.0.M: Trace Attempt 145877	[12527.97 s]
0.0.N: Trace Attempt 96595	[9790.48 s]
0.0.N: Trace Attempt 96636	[9799.63 s]
0.0.N: Trace Attempt 97121	[9803.72 s]
0.0.M: Trace Attempt 145904	[12554.03 s]
0.0.N: Trace Attempt 97187	[9816.97 s]
0.0.M: Trace Attempt 146575	[12558.05 s]
0.0.N: Trace Attempt 97762	[9821.00 s]
0.0.M: Trace Attempt 146753	[12562.15 s]
0.0.N: Trace Attempt 97986	[9825.05 s]
0.0.N: Trace Attempt 98053	[9829.11 s]
0.0.M: Trace Attempt 146800	[12577.98 s]
0.0.M: Trace Attempt 146813	[12582.00 s]
0.0.N: Trace Attempt 98092	[9846.10 s]
0.0.M: Trace Attempt 146851	[12593.42 s]
0.0.N: Trace Attempt 98094	[9853.37 s]
0.0.N: Trace Attempt 98109	[9857.50 s]
0.0.N: Trace Attempt 98130	[9861.64 s]
0.0.M: Trace Attempt 146881	[12620.19 s]
0.0.M: Trace Attempt 147392	[12624.19 s]
0.0.M: Trace Attempt 147587	[12628.30 s]
0.0.N: Trace Attempt 98182	[9892.55 s]
0.0.N: Trace Attempt 98677	[9896.55 s]
0.0.N: Trace Attempt 98708	[9908.45 s]
0.0.M: Trace Attempt 147633	[12650.33 s]
0.0.N: Trace Attempt 98788	[9912.55 s]
0.0.M: Trace Attempt 147712	[12654.40 s]
0.0.M: Trace Attempt 147749	[12673.30 s]
0.0.N: Trace Attempt 98831	[9937.51 s]
0.0.M: Trace Attempt 147824	[12695.61 s]
0.0.M: Trace Attempt 147844	[12699.73 s]
0.0.M: Trace Attempt 147875	[12703.75 s]
0.0.M: Trace Attempt 147900	[12708.02 s]
0.0.N: Trace Attempt 98910	[9970.38 s]
0.0.M: Trace Attempt 147903	[12714.09 s]
0.0.N: Trace Attempt 98920	[9974.82 s]
0.0.M: Trace Attempt 148424	[12718.17 s]
0.0.N: Trace Attempt 98947	[9978.87 s]
0.0.M: Trace Attempt 148492	[12733.94 s]
0.0.N: Trace Attempt 98980	[10007.17 s]
0.0.N: Trace Attempt 98993	[10011.27 s]
0.0.M: Trace Attempt 148560	[12753.56 s]
0.0.N: Trace Attempt 99009	[10015.31 s]
0.0.M: Trace Attempt 148578	[12757.73 s]
0.0.N: Trace Attempt 99036	[10019.37 s]
0.0.M: Trace Attempt 148596	[12761.91 s]
0.0.M: Trace Attempt 148614	[12766.05 s]
0.0.M: Trace Attempt 148640	[12770.07 s]
0.0.N: Trace Attempt 99075	[10030.21 s]
0.0.N: Trace Attempt 99568	[10034.23 s]
0.0.N: Trace Attempt 99640	[10038.24 s]
0.0.N: Trace Attempt 99651	[10054.05 s]
0.0.N: Trace Attempt 99710	[10058.08 s]
0.0.M: Trace Attempt 148691	[12806.84 s]
0.0.M: Trace Attempt 149183	[12810.86 s]
0.0.M: Trace Attempt 149312	[12814.90 s]
0.0.N: Trace Attempt 99736	[10085.78 s]
0.0.M: Trace Attempt 149329	[12826.52 s]
0.0.N: Trace Attempt 99767	[10089.86 s]
0.0.M: Trace Attempt 149402	[12843.36 s]
0.0.M: Trace Attempt 149420	[12847.44 s]
0.0.M: Trace Attempt 149447	[12851.55 s]
0.0.N: Trace Attempt 99799	[10115.84 s]
0.0.M: Trace Attempt 149483	[12856.68 s]
0.0.N: Trace Attempt 99811	[10120.07 s]
0.0.M: Trace Attempt 149498	[12862.53 s]
0.0.N: Trace Attempt 99822	[10124.16 s]
0.0.M: Trace Attempt 150048	[12866.59 s]
0.0.N: Trace Attempt 99835	[10128.25 s]
0.0.M: Trace Attempt 150113	[12870.82 s]
0.0.N: Trace Attempt 99852	[10132.37 s]
0.0.N: Trace Attempt 99882	[10136.38 s]
0.0.N: Trace Attempt 99914	[10148.46 s]
0.0.M: Trace Attempt 150169	[12890.02 s]
0.0.N: Trace Attempt 100496	[10152.49 s]
0.0.M: Trace Attempt 150838	[12894.10 s]
0.0.N: Trace Attempt 100670	[10156.50 s]
0.0.M: Trace Attempt 150890	[12898.10 s]
0.0.M: Trace Attempt 150917	[12914.19 s]
0.0.N: Trace Attempt 100700	[10175.59 s]
0.0.M: Trace Attempt 151016	[12918.19 s]
0.0.M: Trace Attempt 151037	[12943.26 s]
0.0.N: Trace Attempt 100782	[10206.04 s]
0.0.N: Trace Attempt 100794	[10210.19 s]
0.0.N: Trace Attempt 100806	[10214.66 s]
0.0.N: Trace Attempt 100815	[10218.80 s]
0.0.N: Trace Attempt 100825	[10222.97 s]
0.0.N: Trace Attempt 100836	[10227.05 s]
0.0.M: Trace Attempt 151106	[12968.35 s]
0.0.N: Trace Attempt 100850	[10231.29 s]
0.0.M: Trace Attempt 151123	[12972.48 s]
0.0.N: Trace Attempt 100868	[10235.40 s]
0.0.M: Trace Attempt 151140	[12976.56 s]
0.0.N: Trace Attempt 100906	[10239.43 s]
0.0.M: Trace Attempt 151164	[12980.59 s]
0.0.N: Trace Attempt 100929	[10277.82 s]
0.0.N: Trace Attempt 101548	[10281.86 s]
0.0.M: Trace Attempt 151221	[13024.19 s]
0.0.N: Trace Attempt 101704	[10285.92 s]
0.0.M: Trace Attempt 151803	[13028.23 s]
0.0.N: Trace Attempt 101750	[10289.95 s]
0.0.M: Trace Attempt 151981	[13032.24 s]
0.0.N: Trace Attempt 101760	[10308.98 s]
0.0.M: Trace Attempt 152023	[13052.04 s]
0.0.N: Trace Attempt 101761	[10314.67 s]
0.0.M: Trace Attempt 152043	[13056.58 s]
0.0.M: Trace Attempt 152071	[13060.59 s]
0.0.N: Trace Attempt 101786	[10332.61 s]
0.0.N: Trace Attempt 101807	[10336.66 s]
0.0.M: Trace Attempt 152135	[13092.01 s]
0.0.M: Trace Attempt 152737	[13096.05 s]
0.0.M: Trace Attempt 152833	[13113.68 s]
0.0.N: Trace Attempt 101856	[10386.77 s]
0.0.N: Trace Attempt 102349	[10390.85 s]
0.0.M: Trace Attempt 152910	[13133.40 s]
0.0.N: Trace Attempt 102388	[10406.94 s]
0.0.N: Trace Attempt 102430	[10410.96 s]
0.0.M: Trace Attempt 152976	[13155.77 s]
0.0.M: Trace Attempt 152996	[13159.94 s]
0.0.M: Trace Attempt 153030	[13163.97 s]
0.0.N: Trace Attempt 102465	[10433.08 s]
0.0.M: Trace Attempt 153066	[13174.18 s]
0.0.N: Trace Attempt 102504	[10437.11 s]
0.0.M: Trace Attempt 153757	[13178.18 s]
0.0.M: Trace Attempt 154029	[13182.21 s]
0.0.N: Trace Attempt 102516	[10454.03 s]
0.0.M: Trace Attempt 154104	[13196.65 s]
0.0.N: Trace Attempt 102542	[10458.10 s]
0.0.N: Trace Attempt 102568	[10466.34 s]
0.0.N: Trace Attempt 102590	[10473.33 s]
0.0.N: Trace Attempt 103101	[10477.41 s]
0.0.M: Trace Attempt 154192	[13218.57 s]
0.0.N: Trace Attempt 103188	[10481.59 s]
0.0.N: Trace Attempt 103220	[10485.61 s]
0.0.M: Trace Attempt 154250	[13242.23 s]
0.0.N: Trace Attempt 103234	[10511.09 s]
0.0.M: Trace Attempt 154299	[13254.53 s]
0.0.N: Trace Attempt 103235	[10522.35 s]
0.0.N: Trace Attempt 103259	[10540.08 s]
0.0.M: Trace Attempt 154312	[13283.83 s]
0.0.N: Trace Attempt 103269	[10544.19 s]
0.0.M: Trace Attempt 154574	[13287.84 s]
0.0.N: Trace Attempt 103281	[10548.43 s]
0.0.M: Trace Attempt 154727	[13291.88 s]
0.0.N: Trace Attempt 103296	[10552.62 s]
0.0.M: Trace Attempt 154767	[13295.90 s]
0.0.N: Trace Attempt 103318	[10556.73 s]
0.0.M: Trace Attempt 154785	[13303.95 s]
0.0.M: Trace Attempt 155203	[13308.01 s]
0.0.M: Trace Attempt 155299	[13312.06 s]
0.0.M: Trace Attempt 155327	[13316.07 s]
0.0.M: Trace Attempt 155346	[13320.18 s]
0.0.N: Trace Attempt 103362	[10581.27 s]
0.0.M: Trace Attempt 155386	[13324.22 s]
0.0.N: Trace Attempt 103941	[10585.34 s]
0.0.M: Trace Attempt 155408	[13336.02 s]
0.0.N: Trace Attempt 103989	[10597.62 s]
0.0.M: Trace Attempt 155933	[13340.07 s]
0.0.N: Trace Attempt 104122	[10601.74 s]
0.0.M: Trace Attempt 156030	[13344.11 s]
0.0.M: Trace Attempt 156050	[13355.54 s]
0.0.M: Trace Attempt 156091	[13359.56 s]
0.0.M: Trace Attempt 156144	[13377.71 s]
0.0.M: Trace Attempt 156690	[13381.77 s]
0.0.N: Trace Attempt 104178	[10642.62 s]
0.0.N: Trace Attempt 104695	[10646.68 s]
0.0.N: Trace Attempt 104734	[10650.71 s]
0.0.M: Trace Attempt 156747	[13402.28 s]
0.0.N: Trace Attempt 104766	[10669.24 s]
0.0.N: Trace Attempt 104861	[10673.29 s]
0.0.M: Trace Attempt 156850	[13420.32 s]
0.0.M: Trace Attempt 156957	[13424.36 s]
0.0.N: Trace Attempt 104885	[10698.12 s]
0.0.N: Trace Attempt 104921	[10702.21 s]
0.0.M: Trace Attempt 156971	[13450.52 s]
0.0.N: Trace Attempt 104972	[10733.71 s]
0.0.M: Trace Attempt 157028	[13474.77 s]
0.0.N: Trace Attempt 104988	[10737.87 s]
0.0.M: Trace Attempt 157047	[13478.77 s]
0.0.N: Trace Attempt 105007	[10741.99 s]
0.0.N: Trace Attempt 105034	[10746.01 s]
0.0.N: Trace Attempt 105074	[10756.80 s]
0.0.N: Trace Attempt 105521	[10760.90 s]
0.0.M: Trace Attempt 157090	[13504.70 s]
0.0.N: Trace Attempt 105555	[10765.01 s]
0.0.M: Trace Attempt 157104	[13508.92 s]
0.0.M: Trace Attempt 157119	[13513.12 s]
0.0.N: Trace Attempt 105595	[10775.85 s]
0.0.M: Trace Attempt 157143	[13517.20 s]
0.0.N: Trace Attempt 106218	[10779.85 s]
0.0.N: Trace Attempt 106474	[10783.87 s]
0.0.N: Trace Attempt 106573	[10787.92 s]
0.0.N: Trace Attempt 106592	[10805.33 s]
0.0.N: Trace Attempt 106696	[10809.38 s]
0.0.M: Trace Attempt 157201	[13550.65 s]
0.0.M: Trace Attempt 157717	[13554.74 s]
0.0.M: Trace Attempt 157774	[13558.75 s]
0.0.M: Trace Attempt 157802	[13574.85 s]
0.0.N: Trace Attempt 106722	[10838.58 s]
0.0.M: Trace Attempt 157904	[13578.86 s]
0.0.N: Trace Attempt 106798	[10842.59 s]
0.0.N: Trace Attempt 106816	[10864.59 s]
0.0.M: Trace Attempt 157936	[13606.83 s]
0.0.N: Trace Attempt 106836	[10868.61 s]
0.0.N: Trace Attempt 106859	[10872.79 s]
0.0.N: Trace Attempt 106884	[10876.92 s]
0.0.M: Trace Attempt 157997	[13625.30 s]
0.0.M: Trace Attempt 158014	[13629.47 s]
0.0.M: Trace Attempt 158036	[13633.65 s]
0.0.M: Trace Attempt 158059	[13637.78 s]
0.0.M: Trace Attempt 158117	[13655.02 s]
0.0.N: Trace Attempt 106940	[10918.60 s]
0.0.M: Trace Attempt 158668	[13659.10 s]
0.0.N: Trace Attempt 107472	[10922.70 s]
0.0.M: Trace Attempt 158701	[13663.10 s]
0.0.N: Trace Attempt 107561	[10926.71 s]
0.0.M: Trace Attempt 158763	[13680.49 s]
0.0.M: Trace Attempt 159273	[13684.52 s]
0.0.N: Trace Attempt 107580	[10948.43 s]
0.0.M: Trace Attempt 159469	[13688.53 s]
0.0.N: Trace Attempt 107629	[10952.55 s]
0.0.M: Trace Attempt 159522	[13705.60 s]
0.0.M: Trace Attempt 160014	[13709.60 s]
0.0.N: Trace Attempt 107689	[10970.51 s]
0.0.M: Trace Attempt 160220	[13713.67 s]
0.0.N: Trace Attempt 108343	[10974.53 s]
0.0.N: Trace Attempt 108406	[10978.53 s]
0.0.M: Trace Attempt 160290	[13732.16 s]
0.0.M: Trace Attempt 160326	[13736.20 s]
0.0.N: Trace Attempt 108430	[10999.50 s]
0.0.N: Trace Attempt 108579	[11003.63 s]
0.0.N: Trace Attempt 108611	[11007.72 s]
0.0.M: Trace Attempt 160376	[13753.33 s]
0.0.M: Trace Attempt 160957	[13757.40 s]
0.0.M: Trace Attempt 161037	[13761.42 s]
0.0.M: Trace Attempt 161057	[13772.86 s]
0.0.N: Trace Attempt 108644	[11037.99 s]
0.0.N: Trace Attempt 108647	[11048.01 s]
0.0.M: Trace Attempt 161142	[13790.10 s]
0.0.N: Trace Attempt 108667	[11052.17 s]
0.0.N: Trace Attempt 108708	[11056.17 s]
0.0.M: Trace Attempt 161202	[13809.43 s]
0.0.N: Trace Attempt 108730	[11069.69 s]
0.0.N: Trace Attempt 109339	[11073.78 s]
0.0.N: Trace Attempt 109548	[11077.81 s]
0.0.M: Trace Attempt 161246	[13821.71 s]
0.0.M: Trace Attempt 161267	[13825.95 s]
0.0.N: Trace Attempt 109586	[11090.15 s]
0.0.M: Trace Attempt 161278	[13832.24 s]
0.0.N: Trace Attempt 109614	[11094.28 s]
0.0.M: Trace Attempt 161684	[13836.26 s]
0.0.M: Trace Attempt 161743	[13861.89 s]
0.0.M: Trace Attempt 161835	[13881.27 s]
0.0.N: Trace Attempt 109664	[11142.32 s]
0.0.N: Trace Attempt 110218	[11146.33 s]
0.0.N: Trace Attempt 110306	[11150.42 s]
0.0.M: Trace Attempt 161906	[13904.11 s]
0.0.N: Trace Attempt 110331	[11167.28 s]
0.0.M: Trace Attempt 161922	[13908.27 s]
0.0.M: Trace Attempt 161979	[13926.63 s]
0.0.N: Trace Attempt 110405	[11187.66 s]
0.0.M: Trace Attempt 162006	[13930.68 s]
0.0.N: Trace Attempt 110461	[11191.71 s]
0.0.M: Trace Attempt 162047	[13940.67 s]
0.0.M: Trace Attempt 162610	[13944.72 s]
0.0.M: Trace Attempt 162806	[13948.79 s]
0.0.N: Trace Attempt 110483	[11216.48 s]
0.0.M: Trace Attempt 162911	[13959.44 s]
0.0.N: Trace Attempt 110510	[11220.48 s]
0.0.N: Trace Attempt 110569	[11238.69 s]
0.0.N: Trace Attempt 111092	[11242.71 s]
0.0.N: Trace Attempt 111286	[11246.83 s]
0.0.M: Trace Attempt 162947	[13988.93 s]
0.0.M: Trace Attempt 163397	[13993.03 s]
0.0.M: Trace Attempt 163547	[13997.10 s]
0.0.N: Trace Attempt 111348	[11264.55 s]
0.0.N: Trace Attempt 111790	[11268.55 s]
0.0.N: Trace Attempt 111846	[11272.58 s]
0.0.N: Trace Attempt 111867	[11284.88 s]
0.0.N: Trace Attempt 111925	[11288.94 s]
0.0.M: Trace Attempt 163590	[14037.92 s]
0.0.N: Trace Attempt 111964	[11306.15 s]
0.0.N: Trace Attempt 111965	[11311.92 s]
0.0.N: Trace Attempt 111978	[11315.96 s]
0.0.N: Trace Attempt 112003	[11320.07 s]
0.0.M: Trace Attempt 163656	[14060.37 s]
0.0.M: Trace Attempt 163669	[14064.53 s]
0.0.N: Trace Attempt 112038	[11326.16 s]
0.0.M: Trace Attempt 163683	[14068.80 s]
0.0.N: Trace Attempt 112677	[11330.21 s]
0.0.M: Trace Attempt 163699	[14072.83 s]
0.0.N: Trace Attempt 112879	[11334.36 s]
0.0.M: Trace Attempt 163722	[14076.93 s]
0.0.M: Trace Attempt 163780	[14086.22 s]
0.0.M: Trace Attempt 164274	[14090.22 s]
0.0.N: Trace Attempt 112919	[11351.18 s]
0.0.M: Trace Attempt 164545	[14094.30 s]
0.0.N: Trace Attempt 112977	[11355.27 s]
0.0.M: Trace Attempt 164619	[14098.30 s]
0.0.N: Trace Attempt 113004	[11375.98 s]
0.0.M: Trace Attempt 164654	[14119.97 s]
0.0.N: Trace Attempt 113046	[11380.07 s]
0.0.M: Trace Attempt 164700	[14123.97 s]
0.0.M: Trace Attempt 164728	[14143.31 s]
0.0.M: Trace Attempt 164744	[14147.47 s]
0.0.N: Trace Attempt 113089	[11409.64 s]
0.0.M: Trace Attempt 164765	[14151.57 s]
0.0.N: Trace Attempt 113112	[11413.65 s]
0.0.M: Trace Attempt 164810	[14155.59 s]
0.0.M: Trace Attempt 164831	[14164.33 s]
0.0.M: Trace Attempt 165447	[14168.37 s]
0.0.M: Trace Attempt 165538	[14172.38 s]
0.0.N: Trace Attempt 113150	[11439.94 s]
0.0.N: Trace Attempt 113167	[11444.02 s]
0.0.N: Trace Attempt 113197	[11448.07 s]
0.0.M: Trace Attempt 165584	[14192.67 s]
0.0.N: Trace Attempt 113229	[11463.17 s]
0.0.N: Trace Attempt 113565	[11467.25 s]
0.0.N: Trace Attempt 113630	[11471.28 s]
0.0.M: Trace Attempt 165670	[14215.50 s]
0.0.N: Trace Attempt 113648	[11478.39 s]
0.0.N: Trace Attempt 114141	[11482.39 s]
0.0.N: Trace Attempt 114187	[11501.28 s]
0.0.M: Stopped processing property "DeBouncer.debouncer_sva_i._cover_17"	[14243.11 s].
0.0.M: Morphing to I
0.0.M: Trace Attempt 165732	[14218.80 s]
0.0.M: All properties determined. [0.00 s]
0.0.M: Exited with Success (@ 0.00 s)
0.0.N: Trace Attempt 114239	[11505.34 s]
0.0.I: clocks: 1, declared: 1, disabling: 0, posedge: 1, negedge: 0, noedge: 0, bothedge: 0
0.0.I: Starting proof for property "DeBouncer.debouncer_sva_i._cover_17"	[0.00 s].
0.0.I: Trace Attempt 24	[0.01 s]
0.0.I: Trace Attempt  1	[0.29 s]
0.0.I: Trace Attempt  2	[0.30 s]
0.0.I: Trace Attempt  3	[0.30 s]
0.0.I: Trace Attempt  4	[0.31 s]
0.0.I: Trace Attempt  5	[0.32 s]
0.0.N: Trace Attempt 114275	[11530.87 s]
0.0.N: Trace Attempt 114309	[11534.98 s]
0.0.N: Trace Attempt 114343	[11557.99 s]
0.0.N: Trace Attempt 114361	[11562.01 s]
0.0.I: Trace Attempt 87	[71.03 s]
0.0.N: Trace Attempt 114419	[11588.07 s]
0.0.N: Trace Attempt 114904	[11592.15 s]
0.0.N: Trace Attempt 114982	[11596.19 s]
0.0.N: Trace Attempt 115006	[11608.57 s]
0.0.N: Trace Attempt 115131	[11628.56 s]
0.0.N: Trace Attempt 115202	[11652.10 s]
0.0.N: Trace Attempt 115214	[11656.17 s]
0.0.N: Trace Attempt 115234	[11660.49 s]
0.0.N: Trace Attempt 115248	[11664.68 s]
0.0.N: Trace Attempt 115266	[11668.73 s]
0.0.N: Trace Attempt 115301	[11672.74 s]
0.0.N: Trace Attempt 115324	[11685.62 s]
0.0.N: Trace Attempt 116001	[11689.66 s]
0.0.N: Trace Attempt 116162	[11693.72 s]
0.0.N: Trace Attempt 116220	[11729.28 s]
0.0.N: Trace Attempt 116231	[11733.28 s]
0.0.N: Trace Attempt 116246	[11737.38 s]
0.0.N: Trace Attempt 116263	[11741.52 s]
0.0.N: Trace Attempt 116295	[11745.53 s]
0.0.N: Trace Attempt 116327	[11788.29 s]
0.0.N: Trace Attempt 116769	[11792.31 s]
0.0.N: Trace Attempt 116936	[11796.38 s]
0.0.N: Trace Attempt 116973	[11822.89 s]
0.0.N: Trace Attempt 117010	[11826.97 s]
0.0.I: Trace Attempt 128	[323.79 s]
0.0.N: Trace Attempt 117051	[11853.36 s]
0.0.N: Trace Attempt 117060	[11857.48 s]
0.0.N: Trace Attempt 117072	[11861.58 s]
0.0.N: Trace Attempt 117083	[11865.60 s]
0.0.N: Trace Attempt 117097	[11869.75 s]
0.0.N: Trace Attempt 117115	[11873.77 s]
0.0.N: Trace Attempt 117174	[11884.79 s]
0.0.N: Trace Attempt 117640	[11888.92 s]
0.0.N: Trace Attempt 117693	[11902.00 s]
0.0.N: Trace Attempt 117771	[11906.03 s]
0.0.N: Trace Attempt 117785	[11921.10 s]
0.0.N: Trace Attempt 117859	[11925.19 s]
0.0.N: Trace Attempt 117884	[11945.92 s]
0.0.N: Trace Attempt 117898	[11950.12 s]
0.0.N: Trace Attempt 117913	[11954.12 s]
0.0.N: Trace Attempt 117927	[11958.19 s]
0.0.N: Trace Attempt 117944	[11962.27 s]
0.0.N: Trace Attempt 117974	[11966.35 s]
0.0.N: Trace Attempt 118008	[11980.31 s]
0.0.N: Trace Attempt 118586	[11984.35 s]
0.0.N: Trace Attempt 118745	[11988.42 s]
0.0.N: Trace Attempt 118802	[12007.81 s]
0.0.N: Trace Attempt 119527	[12011.83 s]
0.0.N: Trace Attempt 119827	[12015.83 s]
0.0.N: Trace Attempt 119884	[12019.84 s]
0.0.N: Trace Attempt 119910	[12037.01 s]
0.0.N: Trace Attempt 119968	[12041.09 s]
0.0.N: Trace Attempt 120002	[12065.27 s]
0.0.N: Trace Attempt 120024	[12069.30 s]
0.0.N: Trace Attempt 120079	[12103.95 s]
0.0.N: Trace Attempt 120404	[12107.95 s]
0.0.N: Trace Attempt 120430	[12120.79 s]
0.0.N: Trace Attempt 120505	[12137.31 s]
0.0.N: Trace Attempt 120575	[12141.32 s]
0.0.N: Trace Attempt 120591	[12158.52 s]
0.0.N: Trace Attempt 120614	[12162.65 s]
0.0.N: Trace Attempt 120651	[12166.71 s]
0.0.N: Trace Attempt 120690	[12173.82 s]
0.0.N: Trace Attempt 121204	[12177.82 s]
0.0.N: Trace Attempt 121266	[12204.12 s]
0.0.N: Trace Attempt 121315	[12208.13 s]
0.0.N: Trace Attempt 121326	[12234.60 s]
0.0.N: Trace Attempt 121334	[12238.68 s]
0.0.N: Trace Attempt 121343	[12242.88 s]
0.0.N: Trace Attempt 121354	[12246.99 s]
0.0.N: Trace Attempt 121365	[12251.00 s]
0.0.N: Trace Attempt 121379	[12255.18 s]
0.0.N: Trace Attempt 121398	[12259.19 s]
0.0.N: Trace Attempt 121453	[12279.87 s]
0.0.N: Trace Attempt 121840	[12283.89 s]
0.0.N: Trace Attempt 121994	[12287.92 s]
0.0.N: Trace Attempt 122033	[12301.98 s]
0.0.N: Trace Attempt 122418	[12306.00 s]
0.0.N: Trace Attempt 122482	[12310.07 s]
0.0.N: Trace Attempt 122506	[12328.17 s]
0.0.N: Trace Attempt 122544	[12332.28 s]
0.0.N: Trace Attempt 122608	[12345.43 s]
0.0.N: Trace Attempt 123140	[12349.47 s]
0.0.N: Trace Attempt 123265	[12353.60 s]
0.0.N: Trace Attempt 123326	[12370.66 s]
0.0.N: Trace Attempt 123737	[12374.68 s]
0.0.N: Trace Attempt 123788	[12378.71 s]
0.0.N: Trace Attempt 123829	[12389.79 s]
0.0.N: Trace Attempt 124641	[12393.79 s]
0.0.N: Trace Attempt 124775	[12397.82 s]
0.0.N: Trace Attempt 124810	[12418.95 s]
0.0.N: Trace Attempt 124867	[12422.96 s]
0.0.N: Trace Attempt 124899	[12449.72 s]
0.0.N: Trace Attempt 124927	[12453.80 s]
0.0.N: Trace Attempt 124960	[12457.83 s]
0.0.I: Trace Attempt 189	[977.92 s]
0.0.N: Trace Attempt 124987	[12495.59 s]
0.0.N: Trace Attempt 125004	[12499.73 s]
0.0.N: Trace Attempt 125063	[12544.65 s]
0.0.N: Trace Attempt 125568	[12548.72 s]
0.0.N: Trace Attempt 125651	[12552.73 s]
0.0.N: Trace Attempt 125695	[12577.40 s]
0.0.N: Trace Attempt 125781	[12581.83 s]
0.0.N: Trace Attempt 125824	[12609.14 s]
0.0.N: Trace Attempt 125865	[12613.20 s]
0.0.N: Trace Attempt 125890	[12642.56 s]
0.0.N: Trace Attempt 125898	[12646.77 s]
0.0.N: Trace Attempt 125911	[12650.93 s]
0.0.N: Trace Attempt 125922	[12654.93 s]
0.0.N: Trace Attempt 125936	[12659.14 s]
0.0.N: Trace Attempt 125955	[12663.25 s]
0.0.N: Trace Attempt 126005	[12673.93 s]
0.0.N: Trace Attempt 126504	[12678.00 s]
0.0.N: Trace Attempt 126591	[12682.01 s]
0.0.N: Trace Attempt 126605	[12695.21 s]
0.0.N: Trace Attempt 126666	[12699.31 s]
0.0.N: Trace Attempt 126717	[12721.73 s]
0.0.N: Trace Attempt 127339	[12725.76 s]
0.0.N: Trace Attempt 127436	[12729.82 s]
0.0.N: Trace Attempt 127482	[12745.77 s]
0.0.N: Trace Attempt 127868	[12750.18 s]
0.0.N: Trace Attempt 127921	[12766.61 s]
0.0.N: Trace Attempt 127980	[12770.73 s]
0.0.N: Trace Attempt 128022	[12834.67 s]
0.0.N: Trace Attempt 128049	[12838.75 s]
0.0.N: Trace Attempt 128077	[12857.74 s]
0.0.N: Trace Attempt 128151	[12874.72 s]
0.0.N: Trace Attempt 128190	[12878.75 s]
0.0.N: Trace Attempt 128211	[12893.59 s]
0.0.N: Trace Attempt 128234	[12897.71 s]
0.0.N: Trace Attempt 128271	[12905.12 s]
0.0.N: Trace Attempt 128762	[12909.16 s]
0.0.N: Trace Attempt 128897	[12913.25 s]
0.0.N: Trace Attempt 128959	[12917.32 s]
0.0.N: Trace Attempt 128997	[12933.43 s]
0.0.N: Trace Attempt 129443	[12937.48 s]
0.0.N: Trace Attempt 129664	[12941.54 s]
0.0.N: Trace Attempt 129712	[12945.58 s]
0.0.N: Trace Attempt 129722	[12970.50 s]
0.0.N: Trace Attempt 129801	[12974.51 s]
0.0.N: Trace Attempt 129811	[12993.61 s]
0.0.N: Trace Attempt 129863	[12997.67 s]
0.0.N: Trace Attempt 129884	[13016.80 s]
0.0.N: Trace Attempt 129897	[13021.00 s]
0.0.N: Trace Attempt 129913	[13025.24 s]
0.0.N: Trace Attempt 129928	[13029.26 s]
0.0.N: Trace Attempt 129950	[13033.33 s]
0.0.N: Trace Attempt 129993	[13041.50 s]
0.0.N: Trace Attempt 130470	[13045.61 s]
0.0.N: Trace Attempt 130535	[13049.65 s]
0.0.N: Trace Attempt 130552	[13064.19 s]
0.0.N: Trace Attempt 130644	[13068.28 s]
0.0.N: Trace Attempt 130673	[13092.02 s]
0.0.N: Trace Attempt 130734	[13096.04 s]
0.0.N: Trace Attempt 130774	[13121.23 s]
0.0.N: Trace Attempt 130803	[13125.24 s]
0.0.N: Trace Attempt 130829	[13143.37 s]
0.0.N: Trace Attempt 130848	[13147.45 s]
0.0.N: Trace Attempt 130905	[13160.53 s]
0.0.N: Trace Attempt 131395	[13164.61 s]
0.0.N: Trace Attempt 131535	[13168.79 s]
0.0.N: Trace Attempt 131581	[13172.93 s]
0.0.N: Trace Attempt 131618	[13182.81 s]
0.0.N: Trace Attempt 131653	[13186.82 s]
0.0.N: Trace Attempt 131671	[13195.22 s]
0.0.N: Trace Attempt 131697	[13224.95 s]
0.0.N: Trace Attempt 132165	[13229.02 s]
0.0.N: Trace Attempt 132258	[13233.15 s]
0.0.N: Trace Attempt 132297	[13283.14 s]
0.0.N: Trace Attempt 132406	[13287.23 s]
0.0.N: Trace Attempt 132443	[13315.67 s]
0.0.N: Trace Attempt 132477	[13319.72 s]
0.0.N: Trace Attempt 132511	[13349.08 s]
0.0.N: Trace Attempt 132519	[13353.58 s]
0.0.N: Trace Attempt 132526	[13357.80 s]
0.0.N: Trace Attempt 132536	[13361.81 s]
0.0.N: Trace Attempt 132546	[13366.20 s]
0.0.N: Trace Attempt 132557	[13370.51 s]
0.0.N: Trace Attempt 132570	[13374.77 s]
0.0.N: Trace Attempt 132586	[13378.77 s]
0.0.N: Trace Attempt 132612	[13382.83 s]
0.0.N: Trace Attempt 132645	[13389.09 s]
0.0.N: Trace Attempt 133235	[13393.09 s]
0.0.N: Trace Attempt 133363	[13397.11 s]
0.0.N: Trace Attempt 133412	[13458.48 s]
0.0.N: Trace Attempt 133441	[13462.57 s]
0.0.N: Trace Attempt 133471	[13483.34 s]
0.0.N: Trace Attempt 133543	[13487.35 s]
0.0.N: Trace Attempt 133560	[13510.88 s]
0.0.N: Trace Attempt 133584	[13515.08 s]
0.0.N: Trace Attempt 133601	[13519.29 s]
0.0.N: Trace Attempt 133622	[13523.32 s]
0.0.N: Trace Attempt 133672	[13549.80 s]
0.0.N: Trace Attempt 134246	[13553.86 s]
0.0.N: Trace Attempt 134383	[13557.90 s]
0.0.N: Trace Attempt 134406	[13580.54 s]
0.0.N: Trace Attempt 134486	[13584.61 s]
0.0.N: Trace Attempt 134512	[13616.25 s]
0.0.N: Trace Attempt 134532	[13620.39 s]
0.0.N: Trace Attempt 134580	[13655.48 s]
0.0.N: Trace Attempt 134584	[13659.55 s]
0.0.N: Trace Attempt 134593	[13664.43 s]
0.0.N: Trace Attempt 134602	[13668.78 s]
0.0.N: Trace Attempt 134613	[13672.98 s]
0.0.N: Trace Attempt 134626	[13677.15 s]
0.0.N: Trace Attempt 134643	[13681.25 s]
0.0.N: Trace Attempt 134672	[13685.27 s]
0.0.N: Trace Attempt 134704	[13699.66 s]
0.0.N: Trace Attempt 135311	[13703.76 s]
0.0.N: Trace Attempt 135530	[13707.87 s]
0.0.N: Trace Attempt 135596	[13711.88 s]
0.0.N: Trace Attempt 135603	[13725.90 s]
0.0.N: Trace Attempt 135675	[13729.93 s]
0.0.N: Trace Attempt 135683	[13750.27 s]
0.0.N: Trace Attempt 135694	[13754.33 s]
0.0.N: Trace Attempt 135707	[13758.52 s]
0.0.N: Trace Attempt 135723	[13762.57 s]
0.0.N: Trace Attempt 135748	[13766.61 s]
0.0.N: Trace Attempt 135789	[13783.05 s]
0.0.N: Trace Attempt 136171	[13787.05 s]
0.0.N: Trace Attempt 136200	[13800.08 s]
0.0.N: Trace Attempt 136278	[13804.08 s]
0.0.N: Trace Attempt 136307	[13826.49 s]
0.0.N: Trace Attempt 136345	[13830.49 s]
0.0.N: Trace Attempt 136360	[13853.86 s]
0.0.N: Trace Attempt 136369	[13858.31 s]
0.0.N: Trace Attempt 136377	[13862.43 s]
0.0.N: Trace Attempt 136388	[13866.75 s]
0.0.N: Trace Attempt 136400	[13870.99 s]
0.0.N: Trace Attempt 136411	[13875.16 s]
0.0.N: Trace Attempt 136424	[13879.38 s]
0.0.N: Trace Attempt 136441	[13883.58 s]
0.0.N: Trace Attempt 136470	[13887.65 s]
0.0.N: Trace Attempt 136498	[13899.33 s]
0.0.N: Trace Attempt 137061	[13903.39 s]
0.0.N: Trace Attempt 137289	[13907.44 s]
0.0.N: Trace Attempt 137341	[13930.04 s]
0.0.N: Trace Attempt 137387	[13934.07 s]
0.0.N: Trace Attempt 137416	[13957.50 s]
0.0.N: Trace Attempt 137427	[13961.53 s]
0.0.N: Trace Attempt 137440	[13965.72 s]
0.0.N: Trace Attempt 137454	[13969.74 s]
0.0.N: Trace Attempt 137474	[13973.86 s]
0.0.N: Trace Attempt 137526	[13991.94 s]
0.0.N: Trace Attempt 138125	[13996.02 s]
0.0.N: Trace Attempt 138258	[14000.33 s]
