JasperGold Apps 2021.03 FCS 64 bits 2021.03.23 02:50:43 UTC

Any disclosure about the Cadence Design Systems software or its use
model to any third party violates the written Non-Disclosure Agreement
between Cadence Design Systems, Inc. and the customer.

THIS SOFTWARE CONTAINS CONFIDENTIAL INFORMATION AND TRADE SECRETS OF
CADENCE DESIGN SYSTEMS, INC. USE, DISCLOSURE, OR REPRODUCTION IS
PROHIBITED WITHOUT THE PRIOR EXPRESS WRITTEN PERMISSION OF CADENCE
DESIGN SYSTEMS, INC.

Copyright (C) 2000-2021 Cadence Design Systems, Inc. All Rights
Reserved.  Unpublished -- rights reserved under the copyright laws of
the United States.

This product includes software developed by others and redistributed
according to license agreement. See doc/third_party_readme.txt for
further details.

RESTRICTED RIGHTS LEGEND

Use, duplication, or disclosure by the Government is subject to
restrictions as set forth in subparagraph (c) (1) (ii) of the Rights in
Technical Data and Computer Software clause at DFARS 252.227-7013 or
subparagraphs (c) (1) and (2) of Commercial Computer Software -- Restricted
Rights at 48 CFR 52.227-19, as applicable.


                          Cadence Design Systems, Inc. 
                          2655 Seely Avenue
                          San Jose, CA 95134
                          Phone: 408.943.1234

For technical assistance visit http://support.cadence.com.

JasperGold Apps Analysis Session - /home/ab2113/malik25_26/metrex/dataset/version_1/verification_results/00138/jgproject/sessionLogs/session_0

INFO: successfully checked out license "jasper_fao".
INFO: reading configuration file "/home/ab2113/.config/jasper/jaspergold.conf".
% # ============================================================
% # JasperGold Assertion Verification Runner (env-driven)
% # Output: verification_results/<DESIGN_ID>/
% #
% # Env:
% #   DESIGN_ID     : required (subfolder name)
% #   JG_DESIGN     : required, space/colon-separated RTL file paths OR a directory
% #   JG_SVA        : required, space/colon-separated SVA file paths OR a directory
% #
% # Optional:
% #   JG_TOP        : top module name. If missing, inferred from RTL (default: infer)
% #   JG_STD        : sv12 | sv11 | sv09 (default: sv12)
% #   JG_INCDIRS    : colon/space-separated include dirs (optional)
% #   JG_DEFINES    : space-separated defines NAME or NAME=VAL (optional)
% #   JG_NO_CLOCK   : 1 to force combinational clocking (default: 0)
% #   JG_RESET      : explicit reset signal name (optional)
% #   JG_RESET_EXPR : explicit reset expression (optional)
% # ============================================================
% 
% proc split_env_list {s} {
  if {$s eq ""} {return {}}
  set out {}
  foreach p [split $s " :"] { if {$p ne ""} {lappend out $p} }
  return $out
}
% 
% proc split_space_list {s} {
  if {$s eq ""} {return {}}
  set out {}
  foreach p [split $s " "] { if {$p ne ""} {lappend out $p} }
  return $out
}
% 
% proc collect_files_any {path} {
  # If path is a file, return it. If directory, glob common HDL extensions.
  if {[file isfile $path]} { return [list $path] }
  if {![file isdirectory $path]} { error "Not a file or directory: $path" }

  set patterns {*.sv *.svh *.v *.vh}
  set flist {}
  foreach p $patterns {
    foreach f [glob -nocomplain -types f -directory $path -tails -- $p] {
      lappend flist [file join $path $f]
    }
  }
  if {[llength $flist] == 0} { error "No HDL files found in directory: $path" }
  return $flist
}
% 
% proc read_file_text {path} {
  set fp [open $path "r"]
  set data [read $fp]
  close $fp
  return $data
}
% 
% proc strip_comments {text} {
  set out $text
  regsub -all {(?s)/\*.*?\*/} $out "" out
  regsub -all {(?m)//.*$} $out "" out
  return $out
}
% 
% proc infer_top_from_file {f} {
  if {![file isfile $f]} { return "" }
  set txt [strip_comments [read_file_text $f]]
  if {[regexp -nocase -line {^\s*module\s+([A-Za-z_][A-Za-z0-9_]*)} $txt -> m]} {
    return $m
  }
  return ""
}
% 
% proc find_reset_signal {top files} {
  set top_l [string tolower $top]
  set keywords {input output inout wire reg logic signed unsigned integer parameter localparam bit tri supply0 supply1 tri0 tri1 wand wor}
  foreach f $files {
    if {![file isfile $f]} { continue }
    set txt [strip_comments [read_file_text $f]]
    set re "(?s)\\mmodule\\s+${top_l}\\M\\s*(#\\s*\\(.*?\\)\\s*)?\\((.*?)\\)\\s*;"
    if {[regexp -nocase -- $re $txt -> _port_params portlist]} {
      set tokens [regexp -all -inline {\m[A-Za-z_][A-Za-z0-9_]*\M} $portlist]
      set names {}
      foreach t $tokens {
        set tl [string tolower $t]
        if {[lsearch -exact $keywords $tl] >= 0} { continue }
        lappend names $t
      }
      if {[llength $names] == 0} { continue }
      set lower_map [dict create]
      foreach n $names { dict set lower_map [string tolower $n] $n }
      set exact_priority {reset_n rst_n resetb rstb resetn rstn areset_n arst_n reset rst areset arst}
      foreach p $exact_priority {
        if {[dict exists $lower_map $p]} { return [dict get $lower_map $p] }
      }
      foreach n $names {
        set ln [string tolower $n]
        if {[regexp {(^|_)reset(_|$)} $ln] || [regexp {(^|_)rst(_|$)} $ln]} {
          return $n
        }
      }
    }
  }
  return ""
}
% 
% # ---- Read config from environment ----
% if {![info exists ::env(DESIGN_ID)] || $::env(DESIGN_ID) eq ""} {
  puts "ERROR: DESIGN_ID not set."
  exit 2
}
% if {![info exists ::env(JG_DESIGN)] || $::env(JG_DESIGN) eq ""} {
  puts "ERROR: JG_DESIGN not set."
  exit 2
}
% if {![info exists ::env(JG_SVA)] || $::env(JG_SVA) eq ""} {
  puts "ERROR: JG_SVA not set."
  exit 2
}
% 
% set DESIGN_ID $::env(DESIGN_ID)
00138
% 
% # JG_TOP is optional: if missing, infer from RTL
% set TOP ""
% if {[info exists ::env(JG_TOP)] && $::env(JG_TOP) ne ""} {
  set TOP $::env(JG_TOP)
}
% 
% set STD      [expr {[info exists ::env(JG_STD)] ? $::env(JG_STD) : "sv12"}]
sv12
% set INCDIRS  [expr {[info exists ::env(JG_INCDIRS)] ? [split_env_list $::env(JG_INCDIRS)] : {}}]
% # Defines should be space-separated (do NOT split on ':')
% set DEFINES  [expr {[info exists ::env(JG_DEFINES)] ? [split_space_list $::env(JG_DEFINES)] : {}}]
% set NO_CLOCK [expr {[info exists ::env(JG_NO_CLOCK)] ? $::env(JG_NO_CLOCK) : 0}]
1
% 
% # JG_DESIGN/JG_SVA can be:
% # - a directory
% # - a single file
% # - a list of files/dirs separated by spaces/colons
% set DESIGN_INPUTS [split_env_list $::env(JG_DESIGN)]
./00138/module.v
% set SVA_INPUTS    [split_env_list $::env(JG_SVA)]
./00138/sva.sv
% 
% set DESIGN_FILES {}
% foreach p $DESIGN_INPUTS { set DESIGN_FILES [concat $DESIGN_FILES [collect_files_any $p]] }
% 
% # Infer TOP if not provided
% if {$TOP eq ""} {
  foreach f $DESIGN_FILES {
    set guess [infer_top_from_file $f]
    if {$guess ne ""} { set TOP $guess; break }
  }
  if {$TOP eq ""} {
    puts "ERROR: Could not infer TOP from design files; set JG_TOP explicitly."
    exit 2
  }
}
% puts "INFO: Using TOP = $TOP"
INFO: Using TOP = Control
% 
% set SVA_FILES {}
% foreach p $SVA_INPUTS { set SVA_FILES [concat $SVA_FILES [collect_files_any $p]] }
% 
% # ---- Output dir ----
% set OUT_DIR [file join "verification_results" $DESIGN_ID]
verification_results/00138
% file mkdir $OUT_DIR
% set PROP_LIST_TXT [file join $OUT_DIR "property_list.txt"]
verification_results/00138/property_list.txt
% set SUMMARY_TXT   [file join $OUT_DIR "summary.txt"]
verification_results/00138/summary.txt
% 
% puts "INFO: Verification run starting"
INFO: Verification run starting
% puts "  DESIGN_ID : $DESIGN_ID"
  DESIGN_ID : 00138
% puts "  TOP       : $TOP"
  TOP       : Control
% puts "  STD       : $STD"
  STD       : sv12
% puts "  INCDIRS   : $INCDIRS"
  INCDIRS   : 
% puts "  DEFINES   : $DEFINES"
  DEFINES   : 
% puts "  NO_CLOCK  : $NO_CLOCK"
  NO_CLOCK  : 1
% puts "  N_DESIGN  : [llength $DESIGN_FILES]"
  N_DESIGN  : 1
% puts "  N_SVA     : [llength $SVA_FILES]"
  N_SVA     : 1
% puts "  OUT_DIR   : $OUT_DIR"
  OUT_DIR   : verification_results/00138
% 
% # Optional: promote common message groups to errors (best-effort)
% if {[llength [info commands set_msg_config]]} {
  set_msg_config -id COMP*  -severity error
  set_msg_config -id PARSE* -severity error
  set_msg_config -id ELAB*  -severity error
}
% 
% # ---- Build analyze options ----
% set analyze_opts [list analyze -$STD]
analyze -sv12
% if {[llength $INCDIRS] > 0} { lappend analyze_opts -incdir $INCDIRS }
% if {[llength $DEFINES] > 0} {
  foreach d $DEFINES { lappend analyze_opts -define $d }
}
% 
% # ---- Analyze + Elaborate ----
% set err 0
0
% puts "DEBUG: DESIGN_FILES = $DESIGN_FILES"
DEBUG: DESIGN_FILES = ./00138/module.v
% puts "DEBUG: SVA_FILES    = $SVA_FILES"
DEBUG: SVA_FILES    = ./00138/sva.sv
% 
% if {[catch {eval $analyze_opts $DESIGN_FILES} msg]} {
  puts "ERROR: analyze design failed:\n$msg"
  set err 1
}
[-- (VERI-1482)] Analyzing Verilog file '/scratch/gpfs/LICENSED/x86_64/cadence-20210126/jasper_2021.03/lib/verilog/packages/std/std.sv' into library 'std'
[-- (VERI-1482)] Analyzing Verilog file './00138/module.v'
% if {!$err && [catch {eval $analyze_opts $SVA_FILES} msg2]} {
  puts "ERROR: analyze SVA failed:\n$msg2"
  set err 1
}
[-- (VERI-1482)] Analyzing Verilog file './00138/sva.sv'
% 
% puts "DEBUG: Elaborating TOP='$TOP'"
DEBUG: Elaborating TOP='Control'
% if {!$err && [catch {elaborate -top $TOP} emsg]} {
  puts "ERROR: elaborate failed:\n$emsg"
  set err 1
}
INFO (ISW003): Top module name is "Control".
[INFO (HIER-8002)] ./00138/module.v(47): Disabling old hierarchical reference handler
[INFO (VERI-1018)] ./00138/sva.sv(2): compiling module 'Control_sva'
[INFO (VERI-1018)] ./00138/module.v(2): compiling module 'Control'
[WARN (VERI-1209)] ./00138/module.v(19): expression size 32 truncated to fit in target size 18
INFO (INL208): Elaboration synthesis summary:
  Number of synthesized netlists          3 (1 packages)
  Single run mode                         On
  Pipeline                                On (2 pipelined netlists)
  Late hierarchical reference connection  On
  Number of analyzed Verilog modules      3 (3 synthesized)
  Number of analyzed VHDL entities        0 (0 synthesized)
INFO (INL003): Clearing all state information (assumes, stopats, and so forth).
[<embedded>] % 
[<embedded>] % # If combinational / event-driven, you can force "no clock"
[<embedded>] % if {!$err && $NO_CLOCK} {
  catch { clock -none }
}
INFO (ICK008): Enabling clock-free environment.
0
[<embedded>] % 
[<embedded>] % if {$err} {
  puts "\n❌ FAILED: compile/elab errors"
  exit 1
}
[<embedded>] % 
[<embedded>] % # ---- Reset -----
[<embedded>] % set RESET_SIG ""
[<embedded>] % set RESET_EXPR ""
[<embedded>] % if {[info exists ::env(JG_RESET_EXPR)] && $::env(JG_RESET_EXPR) ne ""} {
  set RESET_EXPR $::env(JG_RESET_EXPR)
} elseif {[info exists ::env(JG_RESET)] && $::env(JG_RESET) ne ""} {
  set RESET_SIG $::env(JG_RESET)
} else {
  set RESET_SIG [find_reset_signal $TOP $DESIGN_FILES]
}
rst
[<embedded>] % 
[<embedded>] % if {$RESET_EXPR ne ""} {
  puts "INFO: Using reset expression: $RESET_EXPR"
  catch { reset -expression $RESET_EXPR }
} elseif {$RESET_SIG ne ""} {
  if {[regexp -nocase {(_n|_b)$} $RESET_SIG]} {
    set RESET_EXPR "!$RESET_SIG"
    puts "INFO: Using active-low reset expression: $RESET_EXPR"
    catch { reset -expression $RESET_EXPR }
  } else {
    puts "INFO: Using reset signal: $RESET_SIG"
    catch { reset $RESET_SIG }
  }
} else {
  puts "INFO: No reset signal found; using reset -none"
  catch { reset -none }
}
INFO: Using reset signal: rst
INFO (IPM031): Clearing proof results of all properties.
INFO (IRS006): Current reset condition is "rst".
0
[<embedded>] % 
[<embedded>] % # ---- Property discovery (bind sanity check) ----
[<embedded>] % set ASSERTS {}
[<embedded>] % set COVERS  {}
[<embedded>] % catch { set ASSERTS [assert -list -silent] }
0
[<embedded>] % catch { set COVERS  [cover  -list -silent] }
0
[<embedded>] % 
[<embedded>] % puts "INFO: Found [llength $ASSERTS] asserts, [llength $COVERS] covers"
INFO: Found 8 asserts, 9 covers
[<embedded>] % 
[<embedded>] % # Write property names
[<embedded>] % set fp [open $PROP_LIST_TXT "w"]
file41
[<embedded>] % puts $fp "ASSERT PROPERTIES:"
[<embedded>] % foreach a $ASSERTS { puts $fp $a }
[<embedded>] % puts $fp ""
[<embedded>] % puts $fp "COVER PROPERTIES:"
[<embedded>] % foreach c $COVERS { puts $fp $c }
[<embedded>] % close $fp
[<embedded>] % 
[<embedded>] % if {[llength $ASSERTS] == 0 && [llength $COVERS] == 0} {
  puts "\n❌ FAILED: No properties found (bind likely didn't attach, or wrong TOP)"
  exit 3
}
[<embedded>] % 
[<embedded>] % # ---- Prove all assertions ----
[<embedded>] % puts "INFO: Running prove -all"
INFO: Running prove -all
[<embedded>] % if {[catch { prove -all } pmsg]} {
  puts "ERROR: prove command failed:\n$pmsg"
  exit 4
}
Ncustom1: Custom engine code is hT3Ng7hPPfiYQOTDZ3qhYOwGAM51eA+J/FjkM5shLioAsqhgLR4Ft+O1BuKG6ilQ83B9tLXSl+CwjiTMAQA
AMcustom2: Custom engine code is hT3Ng7hP/feYQOTDZ3qhYOwGAM51eA+J/FjkM5shLioAsqhgLR4Ft+O1BuKG6ilQ83B9tLXSmmqwm7g9AQA
INFO (IPF036): Starting proof on task: "<embedded>", 17 properties to prove with 0 already proven/unreachable
INFO (IRS029): Starting reset analysis: phase 1 of 4.
INFO (IRS030): Running reset analysis: phase 2 of 4.
INFO (IRS031): Running reset analysis: phase 3 of 4.
INFO (IRS020): Starting the reset analysis simulation with a limit of 100 iterations (phase 4 of 4).
INFO (IRS024): Reset iterations 0 to 4 analyzed.
INFO (IRS018): Reset analysis simulation executed for 3 iterations. Assigned values for 19 of 19 design flops, 0 of 0 design latches, 25 of 53 internal elements.
INFO (IRS039): Reset analysis complete.
INFO (IPF031): Settings used for proof thread 0:
    orchestration                 = on (auto)
    time_limit                    = 86400s
    per_property_time_limit       = 1s * 10 ^ scan
    engine_mode                   = auto
    proofgrid_per_engine_max_jobs = 1
    max engine jobs               = auto
    proofgrid_mode                = local
    proofgrid_restarts            = 10
AMcustom3: Custom engine code is hT3NE7hP/2Fz2XrVSbG0RDiSlOmcEY54dTxWvdDsI3//MxFcPzdQEJVlimlZshtLUKCpt0qXHu9EQAivsvCTP5Pi2s9EBccXnc85FrzRRX45WcXC5XpA9kyHdIYmOxUqsRrN5ntdfkwHRnO7f82Dn4pCsne09HV19Yd/o8VzV0c8nka+2MMhbNDEdLGC4SmTi8oNy00Nn40QJnMevDlPY3jIAQA
Ncustom4: Custom engine code is hT3OXrhPByJp3TrFSTLhUmMH4KVtJgmTCnNDF46yMXOKY48m4LS5nE7yBzFjA7kDuwO/GhGUpEPiky3p3wmPn3dJZHxFMsafSoObRzSC+tn7sEY0WbTdZ/FV4hL3MYH/b1CIUvXSWR4wqEoVLsmMOD4xIPT4lI1LO6ZCO7PnnWQuLwetnvKlrXx6wCW/A+x+enqslg1YPobi4wEF/EvbzOvcTYdJvl2s4H2yZg2b2ofAVN5WvhWk1HoBAA
Ncustom5: Custom engine code is hT3NR7hPByFp3TrFSTLhUmMH4KWtJglTyV/c51BHEeZWamnJv767nE6PCak26bd3gf3XGN3rIRheufhDieCJQVISo+gNYUKhiUedBKGtsP/a18svAnlMJZudHxDFwK5ufsyoxsIyiAeSY2oi3tEuoDHr5gw42DFKAG3PqO3CEsl8Azzdt3pl5nGA1Ifv2H02eYsFzWb/nfp8PMb3F0krE/EgBcm8TD9Div8BAA
Tricustom6: Custom engine code is hT3Nu7hP3fiYQADBZnYcglNHp9bfd7EOeniIqP/ji8sGLQu8yhsFO+wxJ+O+R0bU8g/IewXFomyos+viQnWc2xYNYmMqpo3i40O7DaZR7qfp4YqNx26KRvQ/qx0BAA
0.0.PRE: A proof was found: No trace exists. [0.00 s]
INFO (IPF057): 0.0.PRE: The property "Control.i_Control_sva._assert_2" was proven in 0.00 s.
0.0.PRE: A proof was found: No trace exists. [0.00 s]
INFO (IPF051): 0.0.PRE: The cover property "Control.i_Control_sva._assert_2:precondition1" was proven unreachable in 0.00 s.
0: Found proofs for 2 properties in preprocessing
0: Using multistage preprocessing
0: Starting reduce
0: Finished reduce in 0s
0.0.PRE: A proof was found: No trace exists. [0.00 s]
INFO (IPF051): 0.0.PRE: The cover property "Control.i_Control_sva._cover_10" was proven unreachable in 0.00 s.
0: Found proofs for 1 properties in preprocessing
0.0.PRE: Performing Proof Simplification...
0.0.N: clocks: 2, declared: 1, disabling: 0, posedge: 2, negedge: 0, noedge: 0, bothedge: 0
0.0.N: Proof Simplification Iteration 1	[0.00 s]
0.0.N: Proof Simplification Iteration 2	[0.00 s]
0.0.N: Proof Simplification Iteration 3	[0.00 s]
0.0.PRE: A proof was found: No trace exists. [0.00 s]
INFO (IPF057): 0.0.PRE: The property ":noDeadEnd" was proven in 0.00 s.
    Use check_assumptions -show -dead_end to show this property in the property table.
0.0.PRE: A proof was found: No trace exists. [0.00 s]
INFO (IPF057): 0.0.PRE: The property ":noConflict" was proven in 0.00 s.
    Use check_assumptions -show to show this property in the property table.
INFO (IPF047): 0.0.PRE: The cover property ":live" was covered in 1 cycles in 0.00 s.
    Use check_assumptions -show -live to show this property in the property table.
0.0.PRE: A proof was found: No trace exists. [0.00 s]
INFO (IPF057): 0.0.PRE: The property "Control.i_Control_sva._assert_1" was proven in 0.00 s.
0.0.PRE: Proof Simplification completed in 0.00 s
0: About to start ProofGrid in its own thread with a limit of 10000 pending notifications and a limit of 10 traces.
0: =============================== ProofGrid start ===============================
0: ProofGrid usable level: 13
0: ProofGrid is starting event handling
0.0.Hp: Proofgrid shell started at 2503835@della-i13n22(local) jg_2503760_della-i13n22_1
0.0.N: Proofgrid shell started at 2503834@della-i13n22(local) jg_2503760_della-i13n22_1
0.0.Hp: OS RSS memory limit : 17179869184 / 17179869184
0.0.N: OS RSS memory limit : 17179869184 / 17179869184
0.0.Hp: clocks: 1, declared: 1, disabling: 0, posedge: 1, negedge: 0, noedge: 0, bothedge: 0
0.0.N: clocks: 1, declared: 1, disabling: 0, posedge: 1, negedge: 0, noedge: 0, bothedge: 0
0.0.N: Next scan (0) will use per property time limit: 1s * 10 ^ 0 = 1s
0.0.N: Starting proof for property "Control.i_Control_sva._assert_3"	[0.00 s].
0.0.N: Trace Attempt  1	[0.00 s]
0.0.N: A max_length bound was found. The shortest trace is no longer than 524288 cycles. [0.00 s]
INFO (IPF008): 0.0.N: A max_length bound of 524288 was found for the property "Control.i_Control_sva._assert_3" in 0.01 s.
0.0.N: Trace Attempt  2	[0.00 s]
0.0.N: Trace Attempt  3	[0.00 s]
0.0.N: Trace Attempt  4	[0.00 s]
0.0.Hp: Lemmas used(1): ?2
0.0.Hp: A proof was found: No trace exists. [0.01 s]
INFO (IPF057): 0.0.Hp: The property "Control.i_Control_sva._assert_3" was proven in 0.01 s.
0.0.Hp: Lemmas used(1): ?2
0.0.Hp: A proof was found: No trace exists. [0.01 s]
INFO (IPF057): 0.0.Hp: The property "Control.i_Control_sva._assert_4" was proven in 0.01 s.
0.0.N: Stopped processing property "Control.i_Control_sva._assert_3"	[0.01 s].
0.0.N: Starting proof for property "Control.i_Control_sva._assert_3:precondition1"	[0.00 s].
0.0.N: Trace Attempt  1	[0.00 s]
0.0.Hp: Lemmas used(1): ?2
0.0.Hp: A proof was found: No trace exists. [0.01 s]
INFO (IPF057): 0.0.Hp: The property "Control.i_Control_sva._assert_5" was proven in 0.01 s.
0.0.N: A trace with 1 cycles was found. [0.00 s]
INFO (IPF047): 0.0.N: The cover property "Control.i_Control_sva._assert_3:precondition1" was covered in 1 cycles in 0.01 s.
0.0.N: Stopped processing property "Control.i_Control_sva._assert_3:precondition1"	[0.01 s].
0.0.N: Starting proof for property "Control.i_Control_sva._assert_4:precondition1"	[0.00 s].
0.0.N: Trace Attempt  1	[0.00 s]
0.0.N: A max_length bound was found. The shortest trace is no longer than 524288 cycles. [0.00 s]
INFO (IPF008): 0.0.N: A max_length bound of 524288 was found for the property "Control.i_Control_sva._assert_4:precondition1" in 0.00 s.
0.0.Hp: Lemmas used(1): ?2
0.0.Hp: A proof was found: No trace exists. [0.01 s]
INFO (IPF057): 0.0.Hp: The property "Control.i_Control_sva._assert_6" was proven in 0.03 s.
0.0.N: Trace Attempt  2	[0.00 s]
0.0.N: Trace Attempt  3	[0.00 s]
0.0.N: Trace Attempt  3	[0.00 s]
0.0.N: Trace Attempt  4	[0.00 s]
0.0.N: Trace Attempt  5	[0.00 s]
0.0.N: Trace Attempt  5	[0.00 s]
0.0.N: Trace Attempt  1	[0.00 s]
0.0.N: Trace Attempt  2	[0.00 s]
0.0.N: Trace Attempt  3	[0.00 s]
0.0.N: Trace Attempt  1	[0.01 s]
0.0.N: Trace Attempt  2	[0.01 s]
0.0.Hp: Trace Attempt  1	[0.02 s]
0.0.N: Trace Attempt  3	[0.01 s]
0.0.Hp: Trace Attempt  2	[0.02 s]
0.0.Hp: Trace Attempt  3	[0.03 s]
0.0.Ht: Proofgrid shell started at 2503848@della-i13n22(local) jg_2503760_della-i13n22_1
0.0.Ht: OS RSS memory limit : 17179869184 / 17179869184
0.0.Ht: clocks: 1, declared: 1, disabling: 0, posedge: 1, negedge: 0, noedge: 0, bothedge: 0
0.0.Ht: Trace Attempt  1	[0.00 s]
0.0.Ht: Trace Attempt  2	[0.00 s]
0.0.Ht: Trace Attempt  3	[0.00 s]
0.0.Ht: Trace Attempt  4	[0.00 s]
0.0.Ht: Trace Attempt  5	[0.00 s]
0.0.Hp: Lemmas used(4): ?2
0.0.Hp: A proof was found: No trace exists. [0.05 s]
INFO (IPF057): 0.0.Hp: The property "Control.i_Control_sva._assert_7" was proven in 0.03 s.
0.0.B: Proofgrid shell started at 2503849@della-i13n22(local) jg_2503760_della-i13n22_1
0.0.B: OS RSS memory limit : 17179869184 / 17179869184
0.0.B: clocks: 1, declared: 1, disabling: 0, posedge: 1, negedge: 0, noedge: 0, bothedge: 0
0.0.B: Next scan (0) will use per property time limit: 1s * 10 ^ 0 = 1s
0.0.B: Starting proof for property "Control.i_Control_sva._assert_4:precondition1"	[0.00 s].
0.0.B: Trace Attempt  1	[0.00 s]
0.0.B: Trace Attempt  2	[0.00 s]
0.0.B: Trace Attempt  3	[0.00 s]
0.0.B: Trace Attempt  4	[0.00 s]
0.0.B: Trace Attempt  5	[0.00 s]
0: ProofGrid usable level: 7
0.0.B: Trace Attempt 193	[0.91 s]
0.0.B: Per property time limit expired (0.92 s) [0.92 s]
0.0.B: Stopped processing property "Control.i_Control_sva._assert_4:precondition1"	[0.93 s].
0.0.B: Starting proof for property "Control.i_Control_sva._assert_5:precondition1"	[0.00 s].
0.0.B: A max_length bound was found. The shortest trace is no longer than 524288 cycles. [0.00 s]
INFO (IPF008): 0.0.B: A max_length bound of 524288 was found for the property "Control.i_Control_sva._assert_5:precondition1" in 0.00 s.
0.0.B: Trace Attempt  1	[0.00 s]
0.0.B: Trace Attempt  2	[0.00 s]
0.0.B: Trace Attempt  3	[0.00 s]
0.0.B: Trace Attempt  4	[0.00 s]
0.0.B: Trace Attempt  5	[0.00 s]
0.0.N: Trace Attempt 229	[0.99 s]
0.0.N: Per property time limit expired (1.00 s) [1.01 s]
0.0.N: Stopped processing property "Control.i_Control_sva._assert_4:precondition1"	[0.98 s].
0.0.N: Starting proof for property "Control.i_Control_sva._assert_5:precondition1"	[0.00 s].
0.0.N: Trace Attempt  1	[0.00 s]
0.0.N: Trace Attempt  2	[0.00 s]
0.0.N: Trace Attempt  3	[0.00 s]
0.0.N: Trace Attempt  3	[0.00 s]
0.0.N: Trace Attempt  4	[0.00 s]
0.0.N: Trace Attempt  5	[0.00 s]
0.0.N: Trace Attempt  1	[0.00 s]
0.0.N: Trace Attempt  2	[0.00 s]
0.0.N: Trace Attempt  3	[0.00 s]
0.0.N: Trace Attempt  1	[0.01 s]
0.0.N: Trace Attempt  2	[0.01 s]
0.0.N: Trace Attempt  3	[0.01 s]
0.0.B: Trace Attempt 199	[0.99 s]
0.0.B: Per property time limit expired (1.00 s) [1.00 s]
0.0.B: Stopped processing property "Control.i_Control_sva._assert_5:precondition1"	[1.00 s].
0.0.B: Starting proof for property "Control.i_Control_sva._assert_6:precondition1"	[0.00 s].
0.0.B: A max_length bound was found. The shortest trace is no longer than 524288 cycles. [0.00 s]
INFO (IPF008): 0.0.B: A max_length bound of 524288 was found for the property "Control.i_Control_sva._assert_6:precondition1" in 0.00 s.
0.0.B: Trace Attempt  1	[0.00 s]
0.0.B: Trace Attempt  2	[0.00 s]
0.0.B: Trace Attempt  3	[0.00 s]
0.0.B: Trace Attempt  4	[0.00 s]
0.0.B: Trace Attempt  5	[0.00 s]
0.0.N: Stopped processing property "Control.i_Control_sva._assert_5:precondition1"	[1.01 s].
0.0.N: Starting proof for property "Control.i_Control_sva._assert_6:precondition1"	[0.00 s].
0.0.N: Trace Attempt  1	[0.00 s]
0.0.N: Trace Attempt  2	[0.00 s]
0.0.N: Trace Attempt  3	[0.00 s]
0.0.N: Trace Attempt  3	[0.00 s]
0.0.N: Trace Attempt  4	[0.00 s]
0.0.N: Trace Attempt  5	[0.00 s]
0.0.N: Trace Attempt  1	[0.00 s]
0.0.N: Trace Attempt  2	[0.00 s]
0.0.N: Trace Attempt  3	[0.00 s]
0.0.N: Trace Attempt  5	[0.00 s]
0.0.B: Trace Attempt 181	[0.99 s]
0.0.B: Per property time limit expired (1.00 s) [1.00 s]
0.0.B: Stopped processing property "Control.i_Control_sva._assert_6:precondition1"	[1.00 s].
0.0.B: Starting proof for property "Control.i_Control_sva._assert_7:precondition1"	[0.00 s].
0.0.B: A max_length bound was found. The shortest trace is no longer than 16777216 cycles. [0.00 s]
INFO (IPF008): 0.0.B: A max_length bound of 16777216 was found for the property "Control.i_Control_sva._assert_7:precondition1" in 0.00 s.
0.0.N: Stopped processing property "Control.i_Control_sva._assert_6:precondition1"	[0.99 s].
0.0.N: Starting proof for property "Control.i_Control_sva._assert_7:precondition1"	[0.00 s].
0.0.B: Trace Attempt  1	[0.00 s]
0.0.N: Trace Attempt  1	[0.00 s]
0.0.B: Trace Attempt  2	[0.00 s]
0.0.N: Trace Attempt  2	[0.00 s]
0.0.N: Trace Attempt  2	[0.00 s]
0.0.N: Trace Attempt  3	[0.00 s]
0.0.B: Trace Attempt  3	[0.00 s]
0.0.N: Trace Attempt  3	[0.00 s]
0.0.B: Trace Attempt  4	[0.00 s]
0.0.B: Trace Attempt  5	[0.00 s]
0.0.N: Trace Attempt  4	[0.00 s]
0.0.N: Trace Attempt  5	[0.00 s]
0.0.N: Trace Attempt  1	[0.01 s]
0.0.N: Trace Attempt  2	[0.01 s]
0.0.N: Trace Attempt  3	[0.01 s]
0.0.N: Trace Attempt  4	[0.01 s]
0.0.B: Trace Attempt 95	[0.98 s]
0.0.B: Per property time limit expired (1.00 s) [1.00 s]
0.0.B: Stopped processing property "Control.i_Control_sva._assert_7:precondition1"	[1.00 s].
0.0.B: Starting proof for property "Control.i_Control_sva._assert_8"	[0.00 s].
0.0.B: A max_length bound was found. The shortest trace is no longer than 268435456 cycles. [0.00 s]
INFO (IPF008): 0.0.B: A max_length bound of 268435456 was found for the property "Control.i_Control_sva._assert_8" in 0.00 s.
0.0.B: Trace Attempt  1	[0.00 s]
0.0.B: Trace Attempt  2	[0.00 s]
0.0.B: Trace Attempt  3	[0.00 s]
0.0.B: Trace Attempt  4	[0.00 s]
0.0.B: Trace Attempt  5	[0.00 s]
0.0.N: Trace Attempt 303	[0.84 s]
0.0.N: Per property time limit expired (1.00 s) [1.01 s]
0.0.N: Stopped processing property "Control.i_Control_sva._assert_7:precondition1"	[1.01 s].
0.0.N: Starting proof for property "Control.i_Control_sva._assert_8"	[0.00 s].
0.0.N: Trace Attempt  1	[0.00 s]
0.0.N: Trace Attempt  2	[0.00 s]
0.0.N: Trace Attempt  2	[0.00 s]
0.0.N: Trace Attempt  3	[0.00 s]
0.0.N: Trace Attempt  3	[0.00 s]
0.0.N: Trace Attempt  4	[0.00 s]
0.0.N: Trace Attempt  5	[0.00 s]
0.0.N: Trace Attempt  1	[0.01 s]
0.0.N: Trace Attempt  2	[0.01 s]
0.0.N: Trace Attempt  3	[0.01 s]
0.0.Ht: Trace Attempt 274	[4.01 s]
0.0.B: Trace Attempt 100	[0.99 s]
0.0.B: Per property time limit expired (1.00 s) [1.00 s]
0.0.B: Stopped processing property "Control.i_Control_sva._assert_8"	[1.00 s].
0.0.B: Starting proof for property "Control.i_Control_sva._assert_8:precondition1"	[0.00 s].
0.0.B: A max_length bound was found. The shortest trace is no longer than 16777216 cycles. [0.00 s]
INFO (IPF008): 0.0.B: A max_length bound of 16777216 was found for the property "Control.i_Control_sva._assert_8:precondition1" in 0.00 s.
0.0.B: Trace Attempt  1	[0.00 s]
0.0.B: Trace Attempt  2	[0.00 s]
0.0.B: Trace Attempt  3	[0.00 s]
0.0.B: Trace Attempt  4	[0.00 s]
0.0.B: Trace Attempt  5	[0.00 s]
0.0.N: Stopped processing property "Control.i_Control_sva._assert_8"	[1.00 s].
0.0.N: Starting proof for property "Control.i_Control_sva._assert_8:precondition1"	[0.00 s].
0.0.N: Trace Attempt  1	[0.00 s]
0.0.N: Trace Attempt  2	[0.00 s]
0.0.N: Trace Attempt  2	[0.00 s]
0.0.N: Trace Attempt  3	[0.00 s]
0.0.N: Trace Attempt  3	[0.00 s]
0.0.N: Trace Attempt  4	[0.00 s]
0.0.N: Trace Attempt  5	[0.00 s]
0.0.N: Trace Attempt  1	[0.01 s]
0.0.N: Trace Attempt  2	[0.01 s]
0.0.N: Trace Attempt  3	[0.01 s]
0.0.N: Trace Attempt  4	[0.01 s]
0.0.B: Trace Attempt 105	[1.00 s]
0.0.B: Per property time limit expired (1.00 s) [1.00 s]
0.0.B: Stopped processing property "Control.i_Control_sva._assert_8:precondition1"	[1.00 s].
0.0.B: Starting proof for property "Control.i_Control_sva._cover_9"	[0.00 s].
0.0.B: A max_length bound was found. The shortest trace is no longer than 8388608 cycles. [0.00 s]
INFO (IPF008): 0.0.B: A max_length bound of 8388608 was found for the property "Control.i_Control_sva._cover_9" in 0.00 s.
0.0.B: Trace Attempt  1	[0.00 s]
0.0.B: Trace Attempt  2	[0.00 s]
0.0.B: Trace Attempt  3	[0.00 s]
0.0.B: Trace Attempt  4	[0.00 s]
0.0.B: Trace Attempt  5	[0.00 s]
0.0.N: Stopped processing property "Control.i_Control_sva._assert_8:precondition1"	[1.00 s].
0.0.N: Starting proof for property "Control.i_Control_sva._cover_9"	[0.00 s].
0.0.N: Trace Attempt  1	[0.00 s]
0.0.N: Trace Attempt  2	[0.00 s]
0.0.N: Trace Attempt  3	[0.00 s]
0.0.N: Trace Attempt  3	[0.00 s]
0.0.N: Trace Attempt  4	[0.00 s]
0.0.N: Trace Attempt  5	[0.00 s]
0.0.N: Trace Attempt  5	[0.00 s]
0.0.N: Trace Attempt  1	[0.00 s]
0.0.N: Trace Attempt  2	[0.01 s]
0.0.N: Trace Attempt  3	[0.01 s]
0.0.B: Trace Attempt 141	[0.99 s]
0.0.B: Per property time limit expired (1.00 s) [1.00 s]
0.0.B: Stopped processing property "Control.i_Control_sva._cover_9"	[1.00 s].
0.0.B: Next scan (1) will use per property time limit: 1s * 10 ^ 1 = 10s
0.0.B: Starting proof for property "Control.i_Control_sva._assert_4:precondition1"	[0.00 s].
0.0.B: Trace Attempt  1	[0.00 s]
0.0.B: Trace Attempt  2	[0.00 s]
0.0.B: Trace Attempt  3	[0.00 s]
0.0.B: Trace Attempt  4	[0.00 s]
0.0.B: Trace Attempt  5	[0.00 s]
0.0.N: Stopped processing property "Control.i_Control_sva._cover_9"	[1.00 s].
0.0.N: Next scan (1) will use per property time limit: 1s * 10 ^ 1 = 10s
0.0.N: Starting proof for property "Control.i_Control_sva._assert_4:precondition1"	[0.00 s].
0.0.N: Trace Attempt  1	[0.00 s]
0.0.N: Trace Attempt  2	[0.00 s]
0.0.N: Trace Attempt  3	[0.00 s]
0.0.Ht: Trace Attempt 322	[8.02 s]
0.0.N: Trace Attempt 515	[4.01 s]
0.0.B: Trace Attempt 293	[4.07 s]
0.0.Ht: Trace Attempt 374	[14.09 s]
0.0.B: Trace Attempt 351	[8.07 s]
0.0.N: Trace Attempt 760	[9.07 s]
0.0.B: Trace Attempt 384	[9.89 s]
0.0.B: Per property time limit expired (10.00 s) [10.01 s]
0.0.B: Stopped processing property "Control.i_Control_sva._assert_4:precondition1"	[10.01 s].
0.0.B: Starting proof for property "Control.i_Control_sva._assert_5:precondition1"	[0.00 s].
0.0.B: Trace Attempt  1	[0.00 s]
0.0.B: Trace Attempt  2	[0.00 s]
0.0.B: Trace Attempt  3	[0.00 s]
0.0.B: Trace Attempt  4	[0.00 s]
0.0.B: Trace Attempt  5	[0.00 s]
0.0.N: Trace Attempt 844	[9.99 s]
0.0.N: Per property time limit expired (10.00 s) [10.07 s]
0.0.N: Stopped processing property "Control.i_Control_sva._assert_4:precondition1"	[10.07 s].
0.0.N: Starting proof for property "Control.i_Control_sva._assert_5:precondition1"	[0.00 s].
0.0.N: Trace Attempt 15	[0.00 s]
0.0.N: Trace Attempt  1	[0.00 s]
0.0.N: Trace Attempt  2	[0.00 s]
0.0.N: Trace Attempt  3	[0.00 s]
0.0.B: Trace Attempt 263	[4.03 s]
0.0.N: Trace Attempt 247	[4.03 s]
0.0.N: Trace Attempt 278	[8.15 s]
0.0.B: Trace Attempt 312	[8.36 s]
0.0.B: Trace Attempt 333	[9.75 s]
0.0.B: Per property time limit expired (10.00 s) [10.01 s]
0.0.B: Stopped processing property "Control.i_Control_sva._assert_5:precondition1"	[10.01 s].
0.0.B: Starting proof for property "Control.i_Control_sva._assert_6:precondition1"	[0.00 s].
0.0.B: Trace Attempt  1	[0.00 s]
0.0.B: Trace Attempt  2	[0.00 s]
0.0.B: Trace Attempt  3	[0.00 s]
0.0.B: Trace Attempt  4	[0.00 s]
0.0.B: Trace Attempt  5	[0.00 s]
0.0.N: Stopped processing property "Control.i_Control_sva._assert_5:precondition1"	[9.99 s].
0.0.N: Starting proof for property "Control.i_Control_sva._assert_6:precondition1"	[0.00 s].
0.0.N: Trace Attempt  1	[0.79 s]
0.0.N: Trace Attempt  2	[0.79 s]
0.0.N: Trace Attempt  3	[0.79 s]
0.0.N: Trace Attempt  5	[0.79 s]
0.0.B: Trace Attempt 238	[4.01 s]
0.0.N: Trace Attempt 381	[4.81 s]
0.0.B: Trace Attempt 299	[8.39 s]
0.0.B: Trace Attempt 303	[9.97 s]
0.0.B: Per property time limit expired (10.00 s) [10.00 s]
0.0.B: Stopped processing property "Control.i_Control_sva._assert_6:precondition1"	[10.00 s].
0.0.B: Starting proof for property "Control.i_Control_sva._assert_7:precondition1"	[0.00 s].
0.0.B: Trace Attempt  1	[0.00 s]
0.0.B: Trace Attempt  2	[0.00 s]
0.0.B: Trace Attempt  3	[0.00 s]
0.0.B: Trace Attempt  4	[0.00 s]
0.0.B: Trace Attempt  5	[0.00 s]
0.0.N: Stopped processing property "Control.i_Control_sva._assert_6:precondition1"	[10.03 s].
0.0.N: Starting proof for property "Control.i_Control_sva._assert_7:precondition1"	[0.00 s].
0.0.N: Trace Attempt  1	[0.01 s]
0.0.N: Trace Attempt  2	[0.01 s]
0.0.N: Trace Attempt  3	[0.01 s]
0.0.N: Trace Attempt  4	[0.01 s]
0.0.B: Trace Attempt 202	[4.03 s]
0.0.B: Trace Attempt 296	[8.85 s]
0.0.B: Trace Attempt 320	[9.91 s]
0.0.B: Per property time limit expired (10.00 s) [10.01 s]
0.0.B: Stopped processing property "Control.i_Control_sva._assert_7:precondition1"	[10.01 s].
0.0.B: Starting proof for property "Control.i_Control_sva._assert_8"	[0.00 s].
0.0.B: Trace Attempt  1	[0.00 s]
0.0.B: Trace Attempt  2	[0.00 s]
0.0.B: Trace Attempt  3	[0.00 s]
0.0.B: Trace Attempt  4	[0.00 s]
0.0.B: Trace Attempt  5	[0.00 s]
0.0.N: Stopped processing property "Control.i_Control_sva._assert_7:precondition1"	[9.95 s].
0.0.N: Starting proof for property "Control.i_Control_sva._assert_8"	[0.00 s].
0.0.N: Trace Attempt  1	[0.00 s]
0.0.N: Trace Attempt  2	[0.00 s]
0.0.N: Trace Attempt  3	[0.00 s]
0.0.B: Trace Attempt 202	[4.03 s]
0.0.B: Trace Attempt 274	[8.09 s]
0.0.B: Trace Attempt 290	[9.63 s]
0.0.B: Per property time limit expired (10.00 s) [10.00 s]
0.0.B: Stopped processing property "Control.i_Control_sva._assert_8"	[10.01 s].
0.0.B: Starting proof for property "Control.i_Control_sva._assert_8:precondition1"	[0.00 s].
0.0.B: Trace Attempt  1	[0.00 s]
0.0.B: Trace Attempt  2	[0.00 s]
0.0.B: Trace Attempt  3	[0.00 s]
0.0.B: Trace Attempt  4	[0.00 s]
0.0.B: Trace Attempt  5	[0.00 s]
0.0.N: Stopped processing property "Control.i_Control_sva._assert_8"	[10.00 s].
0.0.N: Starting proof for property "Control.i_Control_sva._assert_8:precondition1"	[0.00 s].
0.0.N: Trace Attempt  1	[0.00 s]
0.0.N: Trace Attempt  2	[0.00 s]
0.0.N: Trace Attempt  3	[0.00 s]
0.0.N: Trace Attempt  4	[0.00 s]
0.0.B: Trace Attempt 189	[4.15 s]
0.0.B: Trace Attempt 294	[8.41 s]
0.0.B: Trace Attempt 295	[9.56 s]
0.0.B: Per property time limit expired (10.00 s) [10.01 s]
0.0.B: Stopped processing property "Control.i_Control_sva._assert_8:precondition1"	[10.01 s].
0.0.B: Starting proof for property "Control.i_Control_sva._cover_9"	[0.00 s].
0.0.B: Trace Attempt  1	[0.00 s]
0.0.B: Trace Attempt  2	[0.00 s]
0.0.B: Trace Attempt  3	[0.00 s]
0.0.B: Trace Attempt  4	[0.00 s]
0.0.B: Trace Attempt  5	[0.00 s]
0.0.N: Stopped processing property "Control.i_Control_sva._assert_8:precondition1"	[10.01 s].
0.0.N: Starting proof for property "Control.i_Control_sva._cover_9"	[0.00 s].
0.0.N: Trace Attempt  1	[2.68 s]
0.0.N: Trace Attempt  2	[2.68 s]
0.0.N: Trace Attempt  3	[2.68 s]
0.0.B: Trace Attempt 230	[4.03 s]
0.0.Ht: Trace Attempt 810	[74.17 s]
0.0.B: Trace Attempt 301	[8.22 s]
0.0.N: Trace Attempt 284	[9.78 s]
0.0.B: Trace Attempt 313	[9.93 s]
0.0.B: Per property time limit expired (10.00 s) [10.01 s]
0.0.B: Stopped processing property "Control.i_Control_sva._cover_9"	[10.01 s].
0.0.B: Next scan (2) will use per property time limit: 1s * 10 ^ 2 = 100s
0.0.B: Starting proof for property "Control.i_Control_sva._assert_4:precondition1"	[0.00 s].
0.0.B: Trace Attempt  1	[0.00 s]
0.0.B: Trace Attempt  2	[0.00 s]
0.0.B: Trace Attempt  3	[0.00 s]
0.0.B: Trace Attempt  4	[0.00 s]
0.0.B: Trace Attempt  5	[0.00 s]
0.0.N: Stopped processing property "Control.i_Control_sva._cover_9"	[10.01 s].
0.0.N: Next scan (2) will use per property time limit: 1s * 10 ^ 2 = 100s
0.0.N: Starting proof for property "Control.i_Control_sva._assert_4:precondition1"	[0.00 s].
0.0.N: Trace Attempt  1	[0.00 s]
0.0.N: Trace Attempt  2	[0.00 s]
0.0.N: Trace Attempt  3	[0.00 s]
0.0.Ht: Trace Attempt 811	[79.46 s]
0.0.N: Trace Attempt 520	[4.01 s]
0.0.B: Trace Attempt 293	[4.06 s]
0.0.Ht: Trace Attempt 931	[83.51 s]
0.0.B: Trace Attempt 353	[8.62 s]
0.0.N: Trace Attempt 760	[8.91 s]
0.0.Ht: Trace Attempt 950	[89.75 s]
0.0.N: Trace Attempt 964	[13.41 s]
0.0.B: Trace Attempt 386	[13.55 s]
0.0.Ht: Trace Attempt 1017	[93.81 s]
0.0.N: Trace Attempt 1194	[17.41 s]
0.0.B: Trace Attempt 390	[17.56 s]
0.0.N: Trace Attempt 1304	[22.33 s]
0.0.B: Trace Attempt 392	[22.68 s]
0.0.Ht: Trace Attempt 1050	[100.15 s]
0.0.Ht: Trace Attempt 1111	[104.20 s]
0.0.B: Trace Attempt 404	[27.29 s]
0.0.N: Trace Attempt 1344	[27.29 s]
0.0.Ht: Trace Attempt 1143	[108.24 s]
0.0.B: Trace Attempt 416	[31.39 s]
0.0.B: Trace Attempt 426	[36.72 s]
0.0.Ht: Trace Attempt 1172	[117.93 s]
0.0.B: Trace Attempt 432	[41.52 s]
0.0.Ht: Trace Attempt 1206	[121.99 s]
0.0.B: Trace Attempt 435	[46.01 s]
0.0.Ht: Trace Attempt 1235	[126.40 s]
0.0.B: Trace Attempt 438	[50.92 s]
0.0.Ht: Trace Attempt 1257	[130.56 s]
0.0.B: Trace Attempt 441	[55.81 s]
0.0.B: Trace Attempt 450	[60.39 s]
0.0.Ht: Trace Attempt 1265	[138.72 s]
0.0.B: Trace Attempt 458	[64.88 s]
0.0.Ht: Trace Attempt 1290	[142.80 s]
0.0.Ht: Trace Attempt 1310	[146.80 s]
0.0.B: Trace Attempt 462	[70.60 s]
0.0.Ht: Trace Attempt 1334	[150.85 s]
0.0.B: Trace Attempt 466	[76.06 s]
0.0.Ht: Trace Attempt 1350	[154.90 s]
0.0.B: Trace Attempt 469	[80.83 s]
0.0.B: Trace Attempt 479	[86.12 s]
0.0.Ht: Trace Attempt 1373	[166.79 s]
0.0.B: Trace Attempt 493	[90.77 s]
0.0.Ht: Trace Attempt 1391	[170.83 s]
0.0.B: Trace Attempt 498	[96.30 s]
0.0.Ht: Trace Attempt 1411	[174.83 s]
0.0.B: Trace Attempt 500	[99.81 s]
0.0.B: Per property time limit expired (100.00 s) [100.01 s]
0.0.B: Stopped processing property "Control.i_Control_sva._assert_4:precondition1"	[100.01 s].
0.0.B: Starting proof for property "Control.i_Control_sva._assert_5:precondition1"	[0.00 s].
0.0.B: Trace Attempt  1	[0.00 s]
0.0.B: Trace Attempt  2	[0.00 s]
0.0.B: Trace Attempt  3	[0.00 s]
0.0.B: Trace Attempt  4	[0.00 s]
0.0.B: Trace Attempt  5	[0.00 s]
0.0.N: Stopped processing property "Control.i_Control_sva._assert_4:precondition1"	[100.06 s].
0.0.N: Starting proof for property "Control.i_Control_sva._assert_5:precondition1"	[0.00 s].
0.0.N: Trace Attempt  1	[0.00 s]
0.0.N: Trace Attempt  2	[0.00 s]
0.0.N: Trace Attempt  3	[0.00 s]
0.0.Ht: Trace Attempt 1430	[178.94 s]
0.0.B: Stopped processing property "Control.i_Control_sva._assert_5:precondition1"	[3.99 s].
0.0.B: Morphing to Hts
0.0.B: Trace Attempt 300	[3.99 s]
0.0.B: All properties determined. [0.00 s]
0.0.B: Exited with Success (@ 0.00 s)
0.0.Hts: clocks: 1, declared: 1, disabling: 0, posedge: 1, negedge: 0, noedge: 0, bothedge: 0
0.0.Hts: Starting proof for property "Control.i_Control_sva._assert_6:precondition1"	[0.00 s].
0.0.Hts: Trace Attempt  1	[0.00 s]
0.0.Hts: Trace Attempt  2	[0.00 s]
0.0.Hts: Trace Attempt  3	[0.00 s]
0.0.Hts: Trace Attempt  4	[0.00 s]
0.0.Hts: Trace Attempt  5	[0.00 s]
0.0.N: Stopped processing property "Control.i_Control_sva._assert_5:precondition1"	[3.94 s].
0.0.N: Morphing to AM
0.0.N: Trace Attempt 275	[3.35 s]
0.0.N: All properties determined. [0.00 s]
0.0.N: Exited with Success (@ 0.00 s)
0.0.AM: clocks: 1, declared: 1, disabling: 0, posedge: 1, negedge: 0, noedge: 0, bothedge: 0
0.0.AM: Starting proof for property "Control.i_Control_sva._assert_6:precondition1"	[0.00 s].
0.0.AM: Trace Attempt  1	[0.00 s]
0.0.AM: Trace Attempt  2	[0.00 s]
0.0.AM: Trace Attempt  3	[0.00 s]
0.0.AM: Trace Attempt  4	[0.00 s]
0.0.AM: Trace Attempt  5	[0.00 s]
0.0.AM: Trace Attempt  1	[0.00 s]
0.0.AM: Trace Attempt  2	[0.00 s]
0.0.AM: Trace Attempt  3	[0.00 s]
0.0.AM: Trace Attempt  5	[0.00 s]
0.0.AM: Trace Attempt  1	[0.00 s]
0.0.AM: Trace Attempt  2	[0.00 s]
0.0.AM: Trace Attempt  3	[0.00 s]
0.0.AM: Trace Attempt  5	[0.00 s]
0.0.AM: Trace Attempt  1	[0.01 s]
0.0.AM: Trace Attempt  2	[0.01 s]
0.0.AM: Trace Attempt  3	[0.01 s]
0.0.AM: Trace Attempt  5	[0.01 s]
0.0.AM: Trace Attempt 309	[0.92 s]
0.0.AM: Per property time limit expired (0.98 s) [0.99 s]
0.0.AM: Stopped processing property "Control.i_Control_sva._assert_6:precondition1"	[0.99 s].
0.0.AM: Starting proof for property "Control.i_Control_sva._assert_5:precondition1"	[0.00 s].
0.0.AM: Trace Attempt  1	[0.00 s]
0.0.AM: Trace Attempt  2	[0.00 s]
0.0.AM: Trace Attempt  3	[0.00 s]
0.0.AM: Trace Attempt  4	[0.00 s]
0.0.AM: Trace Attempt  5	[0.00 s]
0.0.AM: Trace Attempt  1	[0.00 s]
0.0.AM: Trace Attempt  2	[0.00 s]
0.0.AM: Trace Attempt  3	[0.00 s]
0.0.AM: Trace Attempt  1	[0.01 s]
0.0.AM: Trace Attempt  2	[0.01 s]
0.0.AM: Trace Attempt  3	[0.01 s]
0.0.AM: Trace Attempt  1	[0.15 s]
0.0.AM: Trace Attempt  2	[0.15 s]
0.0.AM: Trace Attempt  3	[0.15 s]
0.0.Hts: Trace Attempt 1440	[0.14 s]
0.0.Hts: Per property time limit expired (1.00 s) [1.49 s]
0.0.Hts: Stopped processing property "Control.i_Control_sva._assert_6:precondition1"	[1.49 s].
0.0.Hts: Starting proof for property "Control.i_Control_sva._assert_5:precondition1"	[0.00 s].
0.0.Hts: Trace Attempt  1	[0.01 s]
0.0.Hts: Trace Attempt  2	[0.01 s]
0.0.Hts: Trace Attempt  3	[0.01 s]
0.0.Hts: Trace Attempt  4	[0.01 s]
0.0.Hts: Trace Attempt  5	[0.01 s]
0.0.Ht: Trace Attempt 1450	[182.95 s]
0.0.AM: Trace Attempt 149	[0.91 s]
0.0.AM: Per property time limit expired (1.00 s) [1.00 s]
0.0.AM: Stopped processing property "Control.i_Control_sva._assert_5:precondition1"	[1.01 s].
0.0.AM: Starting proof for property "Control.i_Control_sva._assert_5:precondition1"	[0.00 s].
0.0.AM: Trace Attempt  1	[0.00 s]
0.0.AM: Trace Attempt  2	[0.00 s]
0.0.AM: Trace Attempt  3	[0.00 s]
0.0.AM: Trace Attempt  4	[0.00 s]
0.0.AM: Trace Attempt  5	[0.00 s]
0.0.AM: Trace Attempt  1	[0.00 s]
0.0.AM: Trace Attempt  2	[0.00 s]
0.0.AM: Trace Attempt  3	[0.00 s]
0.0.AM: Trace Attempt  1	[0.01 s]
0.0.AM: Trace Attempt  2	[0.01 s]
0.0.AM: Trace Attempt  3	[0.01 s]
0.0.Hts: Stopped processing property "Control.i_Control_sva._assert_5:precondition1"	[0.53 s].
0.0.Hts: Starting proof for property "Control.i_Control_sva._assert_5:precondition1"	[0.00 s].
0.0.Hts: Trace Attempt  1	[0.02 s]
0.0.Hts: Trace Attempt  2	[0.02 s]
0.0.Hts: Trace Attempt  3	[0.02 s]
0.0.Hts: Trace Attempt  4	[0.02 s]
0.0.Hts: Trace Attempt  5	[0.02 s]
0.0.AM: Trace Attempt  1	[0.15 s]
0.0.AM: Trace Attempt  2	[0.15 s]
0.0.AM: Trace Attempt  3	[0.15 s]
0.0.Hts: Stopped processing property "Control.i_Control_sva._assert_5:precondition1"	[3.05 s].
0.0.Hts: Morphing to AB
0.0.Hts: Trace Attempt 1450	[0.17 s]
0.0.Hts: All properties determined. [0.00 s]
0.0.Hts: Exited with Success (@ 0.00 s)
0.0.AB: clocks: 1, declared: 1, disabling: 0, posedge: 1, negedge: 0, noedge: 0, bothedge: 0
0.0.AB: Starting proof for property "Control.i_Control_sva._assert_4:precondition1"	[0.00 s].
0.0.AB: Trace Attempt  1	[0.00 s]
0.0.AB: Trace Attempt  2	[0.00 s]
0.0.AB: Trace Attempt  3	[0.00 s]
0.0.AB: Trace Attempt  4	[0.00 s]
0.0.AB: Trace Attempt  5	[0.00 s]
0.0.AB: Trace Attempt  1	[0.00 s]
0.0.AB: Trace Attempt  2	[0.00 s]
0.0.AB: Trace Attempt  3	[0.00 s]
0.0.AB: Trace Attempt  4	[0.00 s]
0.0.AB: Trace Attempt  5	[0.00 s]
0.0.AB: Trace Attempt  1	[0.01 s]
0.0.AB: Trace Attempt  2	[0.01 s]
0.0.AB: Trace Attempt  3	[0.01 s]
0.0.AB: Trace Attempt  4	[0.01 s]
0.0.AB: Trace Attempt  5	[0.01 s]
0.0.AM: Stopped processing property "Control.i_Control_sva._assert_5:precondition1"	[3.08 s].
0.0.AM: Morphing to K
0.0.AM: Trace Attempt 235	[2.65 s]
0.0.AM: All properties determined. [0.00 s]
0.0.AM: Exited with Success (@ 0.00 s)
0.0.K: clocks: 1, declared: 1, disabling: 0, posedge: 1, negedge: 0, noedge: 0, bothedge: 0
0.0.K: Starting proof for property "Control.i_Control_sva._assert_4:precondition1"	[0.00 s].
0.0.K: Trace Attempt 1344	[0.03 s]
0.0.AB: Trace Attempt  1	[0.16 s]
0.0.AB: Trace Attempt  2	[0.16 s]
0.0.AB: Trace Attempt  3	[0.16 s]
0.0.AB: Trace Attempt  4	[0.16 s]
0.0.AB: Trace Attempt  5	[0.16 s]
0.0.Ht: Trace Attempt 1461	[186.95 s]
0.0.AB: Trace Attempt 190	[1.93 s]
0.0.AB: Per property time limit expired (2.00 s) [2.00 s]
0.0.AB: Stopped processing property "Control.i_Control_sva._assert_4:precondition1"	[2.00 s].
0.0.AB: Starting proof for property "Control.i_Control_sva._assert_6:precondition1"	[0.00 s].
0.0.AB: Trace Attempt  1	[0.00 s]
0.0.AB: Trace Attempt  2	[0.00 s]
0.0.AB: Trace Attempt  3	[0.00 s]
0.0.AB: Trace Attempt  4	[0.00 s]
0.0.AB: Trace Attempt  5	[0.00 s]
0.0.AB: Trace Attempt  1	[0.00 s]
0.0.AB: Trace Attempt  2	[0.00 s]
0.0.AB: Trace Attempt  3	[0.00 s]
0.0.AB: Trace Attempt  4	[0.00 s]
0.0.AB: Trace Attempt  5	[0.00 s]
0.0.AB: Trace Attempt  1	[0.00 s]
0.0.AB: Trace Attempt  2	[0.00 s]
0.0.AB: Trace Attempt  3	[0.00 s]
0.0.AB: Trace Attempt  4	[0.01 s]
0.0.AB: Trace Attempt  5	[0.01 s]
0.0.K: Per property time limit expired (1.98 s) [2.00 s]
0.0.K: Stopped processing property "Control.i_Control_sva._assert_4:precondition1"	[2.00 s].
0.0.K: Starting proof for property "Control.i_Control_sva._assert_6:precondition1"	[0.00 s].
0.0.AB: Trace Attempt  1	[0.02 s]
0.0.AB: Trace Attempt  2	[0.02 s]
0.0.AB: Trace Attempt  3	[0.02 s]
0.0.AB: Trace Attempt  4	[0.02 s]
0.0.AB: Trace Attempt  5	[0.02 s]
0.0.K: Trace Attempt  1	[0.62 s]
0.0.K: Trace Attempt  2	[0.62 s]
0.0.K: Trace Attempt  3	[0.62 s]
0.0.K: Trace Attempt  4	[0.62 s]
0.0.K: Trace Attempt  5	[0.62 s]
0.0.AB: Trace Attempt 212	[1.95 s]
0.0.AB: Per property time limit expired (2.00 s) [2.00 s]
0.0.AB: Stopped processing property "Control.i_Control_sva._assert_6:precondition1"	[2.00 s].
0.0.AB: Starting proof for property "Control.i_Control_sva._assert_5:precondition1"	[0.00 s].
0.0.AB: Trace Attempt  1	[0.00 s]
0.0.AB: Trace Attempt  2	[0.00 s]
0.0.AB: Trace Attempt  3	[0.00 s]
0.0.AB: Trace Attempt  4	[0.00 s]
0.0.AB: Trace Attempt  5	[0.00 s]
0.0.AB: Trace Attempt  1	[0.00 s]
0.0.AB: Trace Attempt  2	[0.00 s]
0.0.AB: Trace Attempt  3	[0.00 s]
0.0.AB: Trace Attempt  4	[0.00 s]
0.0.AB: Trace Attempt  5	[0.00 s]
0.0.K: Stopped processing property "Control.i_Control_sva._assert_6:precondition1"	[2.00 s].
0.0.K: Starting proof for property "Control.i_Control_sva._assert_5:precondition1"	[0.00 s].
0.0.K: Trace Attempt  1	[0.00 s]
0.0.K: Trace Attempt  2	[0.00 s]
0.0.K: Trace Attempt  3	[0.00 s]
0.0.K: Trace Attempt  4	[0.00 s]
0.0.K: Trace Attempt  5	[0.00 s]
0.0.AB: Trace Attempt  1	[0.01 s]
0.0.AB: Trace Attempt  2	[0.01 s]
0.0.AB: Trace Attempt  3	[0.01 s]
0.0.AB: Trace Attempt  4	[0.01 s]
0.0.AB: Trace Attempt  5	[0.01 s]
0.0.AB: Trace Attempt  1	[0.18 s]
0.0.AB: Trace Attempt  2	[0.18 s]
0.0.AB: Trace Attempt  3	[0.18 s]
0.0.AB: Trace Attempt  4	[0.18 s]
0.0.AB: Trace Attempt  5	[0.18 s]
0.0.Ht: Trace Attempt 1475	[191.13 s]
0.0.K: Stopped processing property "Control.i_Control_sva._assert_5:precondition1"	[1.80 s].
0.0.K: Morphing to AM
0.0.K: Trace Attempt 221	[1.72 s]
0.0.K: All properties determined. [0.00 s]
0.0.K: Exited with Success (@ 0.00 s)
0.0.AM: clocks: 1, declared: 1, disabling: 0, posedge: 1, negedge: 0, noedge: 0, bothedge: 0
0.0.AM: Starting proof for property "Control.i_Control_sva._assert_4:precondition1"	[0.00 s].
0.0.AM: Trace Attempt  1	[0.00 s]
0.0.AM: Trace Attempt  2	[0.00 s]
0.0.AM: Trace Attempt  3	[0.00 s]
0.0.AM: Trace Attempt  4	[0.00 s]
0.0.AB: Stopped processing property "Control.i_Control_sva._assert_5:precondition1"	[1.80 s].
0.0.AM: Trace Attempt  5	[0.00 s]
0.0.AB: Morphing to Hts
0.0.AB: Trace Attempt 247	[1.78 s]
0.0.AB: All properties determined. [0.00 s]
0.0.AB: Exited with Success (@ 0.00 s)
0.0.AM: Trace Attempt  1	[0.00 s]
0.0.AM: Trace Attempt  2	[0.00 s]
0.0.AM: Trace Attempt  3	[0.00 s]
0.0.Hts: Starting proof for property "Control.i_Control_sva._assert_4:precondition1"	[0.00 s].
0.0.AM: Trace Attempt  1	[0.00 s]
0.0.AM: Trace Attempt  2	[0.00 s]
0.0.AM: Trace Attempt  3	[0.00 s]
0.0.Hts: Trace Attempt  1	[0.01 s]
0.0.Hts: Trace Attempt  2	[0.01 s]
0.0.Hts: Trace Attempt  3	[0.01 s]
0.0.Hts: Trace Attempt  4	[0.01 s]
0.0.Hts: Trace Attempt  5	[0.01 s]
0.0.AM: Trace Attempt  1	[0.13 s]
0.0.AM: Trace Attempt  2	[0.13 s]
0.0.AM: Trace Attempt  3	[0.13 s]
0.0.AM: Trace Attempt 390	[3.61 s]
0.0.AM: Per property time limit expired (4.00 s) [4.02 s]
0.0.AM: Stopped processing property "Control.i_Control_sva._assert_4:precondition1"	[4.02 s].
0.0.AM: Starting proof for property "Control.i_Control_sva._assert_7:precondition1"	[0.00 s].
0.0.AM: Trace Attempt  1	[0.00 s]
0.0.AM: Trace Attempt  2	[0.00 s]
0.0.AM: Trace Attempt  3	[0.00 s]
0.0.AM: Trace Attempt  4	[0.00 s]
0.0.AM: Trace Attempt  5	[0.00 s]
0.0.AM: Trace Attempt  1	[0.01 s]
0.0.AM: Trace Attempt  2	[0.01 s]
0.0.AM: Trace Attempt  3	[0.01 s]
0.0.AM: Trace Attempt  1	[0.01 s]
0.0.AM: Trace Attempt  2	[0.01 s]
0.0.AM: Trace Attempt  3	[0.01 s]
0.0.Hts: Trace Attempt 1476	[0.16 s]
0.0.Hts: Per property time limit expired (4.00 s) [4.15 s]
0.0.Hts: Stopped processing property "Control.i_Control_sva._assert_4:precondition1"	[4.15 s].
0.0.Hts: Starting proof for property "Control.i_Control_sva._assert_7:precondition1"	[0.00 s].
0.0.Hts: Trace Attempt  1	[0.01 s]
0.0.Hts: Trace Attempt  2	[0.01 s]
0.0.Hts: Trace Attempt  3	[0.01 s]
0.0.Hts: Trace Attempt  4	[0.01 s]
0.0.Hts: Trace Attempt  5	[0.01 s]
0.0.AM: Trace Attempt  1	[1.10 s]
0.0.AM: Trace Attempt  2	[1.10 s]
0.0.AM: Trace Attempt  3	[1.10 s]
0.0.AM: Trace Attempt  4	[1.10 s]
0.0.AM: Trace Attempt 187	[2.37 s]
0.0.AM: Per property time limit expired (4.00 s) [4.01 s]
0.0.AM: Stopped processing property "Control.i_Control_sva._assert_7:precondition1"	[4.01 s].
0.0.AM: Starting proof for property "Control.i_Control_sva._assert_5:precondition1"	[0.00 s].
0.0.Hts: Stopped processing property "Control.i_Control_sva._assert_7:precondition1"	[3.88 s].
0.0.Hts: Starting proof for property "Control.i_Control_sva._assert_5:precondition1"	[0.00 s].
0.0.AM: Trace Attempt  1	[0.00 s]
0.0.AM: Trace Attempt  2	[0.00 s]
0.0.AM: Trace Attempt  3	[0.00 s]
0.0.AM: Trace Attempt  4	[0.00 s]
0.0.AM: Trace Attempt  5	[0.00 s]
0.0.AM: Trace Attempt  1	[0.00 s]
0.0.AM: Trace Attempt  2	[0.00 s]
0.0.AM: Trace Attempt  3	[0.00 s]
0.0.AM: Trace Attempt  1	[0.01 s]
0.0.AM: Trace Attempt  2	[0.01 s]
0.0.AM: Trace Attempt  3	[0.01 s]
0.0.Hts: Trace Attempt  1	[0.02 s]
0.0.Hts: Trace Attempt  2	[0.02 s]
0.0.Hts: Trace Attempt  3	[0.02 s]
0.0.Hts: Trace Attempt  4	[0.02 s]
0.0.Hts: Trace Attempt  5	[0.02 s]
0.0.AM: Trace Attempt  1	[0.15 s]
0.0.AM: Trace Attempt  2	[0.15 s]
0.0.AM: Trace Attempt  3	[0.15 s]
0.0.Ht: Trace Attempt 1478	[202.38 s]
0.0.AM: Stopped processing property "Control.i_Control_sva._assert_5:precondition1"	[3.95 s].
0.0.AM: Morphing to Tri
0.0.AM: Trace Attempt 235	[2.65 s]
0.0.AM: All properties determined. [0.00 s]
0.0.AM: Exited with Success (@ 0.00 s)
0.0.Tri: clocks: 1, declared: 1, disabling: 0, posedge: 1, negedge: 0, noedge: 0, bothedge: 0
0.0.Tri: Starting proof for property "Control.i_Control_sva._assert_8"	[0.00 s].
0.0.Tri: Trace Attempt  1	[0.00 s]
0.0.Hts: Stopped processing property "Control.i_Control_sva._assert_5:precondition1"	[4.18 s].
0.0.Hts: Morphing to I
0.0.Hts: Trace Attempt 1478	[0.17 s]
0.0.Hts: All properties determined. [0.00 s]
0.0.Hts: Exited with Success (@ 0.00 s)
0.0.I: clocks: 1, declared: 1, disabling: 0, posedge: 1, negedge: 0, noedge: 0, bothedge: 0
0.0.I: Starting proof for property "Control.i_Control_sva._assert_8"	[0.00 s].
0.0.I: Trace Attempt 10	[0.00 s]
0.0.I: Trace Attempt  1	[0.01 s]
0.0.I: Trace Attempt  2	[0.01 s]
0.0.I: Trace Attempt  3	[0.01 s]
0.0.I: Trace Attempt  4	[0.01 s]
0.0.Tri:    0.00" ---- Launching main thread ----
0.0.Tri:    0.24" ---- Launching abstraction thread ----
0.0.Tri:    0.26" ---- Launching multi-phase simplification thread ----
0.0.Tri: Trace Attempt  2	[0.50 s]
0.0.Tri: Trace Attempt  3	[0.50 s]
0.0.Tri: Trace Attempt  4	[0.50 s]
0.0.Tri: Trace Attempt  5	[0.50 s]
0.0.Tri:    1.70" Simplification phase 1 complete
0.0.Ht: Trace Attempt 1492	[206.48 s]
0.0.Tri:    5.09" Simplification phase 2 complete
0.0.Tri: Trace Attempt 15202	[5.31 s]
0.0.Tri:    6.74" Simplification phase 3 complete
   6.74" ---- Completed simplification thread ----
   6.74" ---- Restarting main thread on simplified netlist ----
0.0.Tri:    6.86" ---- Restarting abstraction thread on simplified netlist ----
0.0.I: Trace Attempt 55	[1.66 s]
0.0.I: Per property time limit expired (7.77 s) [7.79 s]
0.0.I: Stopped processing property "Control.i_Control_sva._assert_8"	[7.79 s].
0.0.I: Starting proof for property "Control.i_Control_sva._assert_5:precondition1"	[0.00 s].
0.0.I: Trace Attempt  7	[0.00 s]
0.0.I: Trace Attempt  1	[0.00 s]
0.0.I: Trace Attempt  2	[0.00 s]
0.0.I: Trace Attempt  3	[0.00 s]
0.0.I: Trace Attempt  5	[0.00 s]
0.0.Tri: Trace Attempt 19805	[6.33 s]
0.0.Tri: Per property time limit expired (8.00 s) [8.05 s]
0.0.Tri: Stopped processing property "Control.i_Control_sva._assert_8"	[8.05 s].
0.0.Tri: Starting proof for property "Control.i_Control_sva._assert_5:precondition1"	[0.00 s].
0.0.Tri: Trace Attempt  1	[0.00 s]
0.0.Tri:    7.87" ---- Launching main thread ----
0.0.Tri:    7.99" ---- Launching abstraction thread ----
0.0.Tri:    8.01" ---- Launching multi-phase simplification thread ----
0.0.Tri: Trace Attempt  2	[0.19 s]
0.0.Tri: Trace Attempt  3	[0.19 s]
0.0.Tri: Trace Attempt  4	[0.19 s]
0.0.Tri: Trace Attempt  5	[0.19 s]
0.0.I: Stopped processing property "Control.i_Control_sva._assert_5:precondition1"	[1.01 s].
0.0.I: Morphing to AB
0.0.I: Trace Attempt 56	[1.00 s]
0.0.I: All properties determined. [0.00 s]
0.0.I: Exited with Success (@ 0.00 s)
0.0.AB: clocks: 1, declared: 1, disabling: 0, posedge: 1, negedge: 0, noedge: 0, bothedge: 0
0.0.AB: Starting proof for property "Control.i_Control_sva._cover_9"	[0.00 s].
0.0.AB: Trace Attempt  1	[0.00 s]
0.0.AB: Trace Attempt  2	[0.00 s]
0.0.AB: Trace Attempt  3	[0.00 s]
0.0.AB: Trace Attempt  4	[0.00 s]
0.0.AB: Trace Attempt  5	[0.00 s]
0.0.AB: Trace Attempt  1	[0.00 s]
0.0.AB: Trace Attempt  2	[0.00 s]
0.0.AB: Trace Attempt  3	[0.00 s]
0.0.AB: Trace Attempt  4	[0.00 s]
0.0.AB: Trace Attempt  5	[0.00 s]
0.0.Tri: Stopped processing property "Control.i_Control_sva._assert_5:precondition1"	[0.94 s].
0.0.AB: Trace Attempt  1	[0.01 s]
0.0.AB: Trace Attempt  2	[0.01 s]
0.0.AB: Trace Attempt  3	[0.01 s]
0.0.AB: Trace Attempt  4	[0.01 s]
0.0.AB: Trace Attempt  5	[0.01 s]
0.0.Tri: Morphing to K
0.0.Tri: Trace Attempt 3248	[0.94 s]
0.0.Tri: All properties determined. [0.00 s]
0.0.Tri: Exited with Success (@ 0.00 s)
0.0.AB: Trace Attempt  1	[0.02 s]
0.0.AB: Trace Attempt  2	[0.02 s]
0.0.AB: Trace Attempt  3	[0.02 s]
0.0.AB: Trace Attempt  4	[0.02 s]
0.0.AB: Trace Attempt  5	[0.02 s]
0.0.K: clocks: 1, declared: 1, disabling: 0, posedge: 1, negedge: 0, noedge: 0, bothedge: 0
0.0.K: Starting proof for property "Control.i_Control_sva._cover_9"	[0.00 s].
0.0.K: Trace Attempt 197	[0.01 s]
0.0.Ht: Trace Attempt 4629	[214.04 s]
0.0.K: Trace Attempt  1	[1.89 s]
0.0.K: Trace Attempt  2	[1.90 s]
0.0.K: Trace Attempt  3	[1.90 s]
0.0.K: Trace Attempt  4	[1.90 s]
0.0.K: Trace Attempt  5	[1.90 s]
0.0.AB: Trace Attempt 197	[4.04 s]
0.0.K: Trace Attempt 260	[5.96 s]
0.0.AB: Trace Attempt 264	[8.12 s]
0.0.K: Trace Attempt 314	[10.23 s]
0.0.AB: Trace Attempt 310	[12.27 s]
0.0.K: Trace Attempt 376	[14.34 s]
0.0.K: Trace Attempt 378	[15.02 s]
0.0.K: Per property time limit expired (15.97 s) [15.98 s]
0.0.K: Stopped processing property "Control.i_Control_sva._cover_9"	[15.98 s].
0.0.K: Starting proof for property "Control.i_Control_sva._assert_5:precondition1"	[0.00 s].
0.0.K: Trace Attempt 15	[0.00 s]
0.0.AB: Trace Attempt 347	[15.99 s]
0.0.AB: Per property time limit expired (16.00 s) [16.01 s]
0.0.K: Trace Attempt  1	[0.00 s]
0.0.AB: Stopped processing property "Control.i_Control_sva._cover_9"	[16.01 s].
0.0.K: Trace Attempt  2	[0.00 s]
0.0.AB: Starting proof for property "Control.i_Control_sva._assert_5:precondition1"	[0.00 s].
0.0.K: Trace Attempt  3	[0.00 s]
0.0.K: Trace Attempt  4	[0.00 s]
0.0.K: Trace Attempt  5	[0.00 s]
0.0.AB: Trace Attempt  1	[0.00 s]
0.0.AB: Trace Attempt  2	[0.00 s]
0.0.AB: Trace Attempt  3	[0.00 s]
0.0.AB: Trace Attempt  4	[0.00 s]
0.0.AB: Trace Attempt  5	[0.00 s]
0.0.AB: Trace Attempt  1	[0.00 s]
0.0.AB: Trace Attempt  2	[0.01 s]
0.0.AB: Trace Attempt  3	[0.01 s]
0.0.AB: Trace Attempt  4	[0.01 s]
0.0.AB: Trace Attempt  5	[0.01 s]
0.0.AB: Trace Attempt  1	[0.01 s]
0.0.AB: Trace Attempt  2	[0.01 s]
0.0.AB: Trace Attempt  3	[0.01 s]
0.0.AB: Trace Attempt  4	[0.01 s]
0.0.AB: Trace Attempt  5	[0.01 s]
0.0.AB: Trace Attempt  1	[0.18 s]
0.0.AB: Trace Attempt  2	[0.18 s]
0.0.AB: Trace Attempt  3	[0.18 s]
0.0.AB: Trace Attempt  4	[0.18 s]
0.0.AB: Trace Attempt  5	[0.18 s]
0.0.Ht: Trace Attempt 5977	[231.68 s]
0.0.K: Trace Attempt 260	[4.04 s]
0.0.AB: Trace Attempt 303	[4.18 s]
0.0.Ht: Trace Attempt 6484	[235.69 s]
0.0.K: Trace Attempt 301	[8.11 s]
0.0.AB: Trace Attempt 361	[8.24 s]
0.0.Ht: Trace Attempt 6757	[239.69 s]
0.0.Hp: Interrupted (multi)
0.0.Hp: Morphing to Bm
0.0.Hp: All properties determined. [0.00 s]
0.0.Hp: Exited with Success (@ 0.00 s)
0.0.Bm: clocks: 1, declared: 1, disabling: 0, posedge: 1, negedge: 0, noedge: 0, bothedge: 0
0.0.Bm: Trace Attempt  1	[0.00 s]
0.0.Bm: Trace Attempt  2	[0.00 s]
0.0.Bm: Trace Attempt  3	[0.00 s]
0.0.Bm: Trace Attempt  4	[0.00 s]
0.0.Bm: Trace Attempt  5	[0.00 s]
0.0.K: Trace Attempt 324	[12.13 s]
0.0.AB: Trace Attempt 398	[12.29 s]
0.0.Ht: Trace Attempt 6959	[243.70 s]
0.0.Bm: Trace Attempt 260	[4.00 s]
0.0.K: Trace Attempt 336	[15.41 s]
0.0.K: Per property time limit expired (16.00 s) [16.00 s]
0.0.K: Stopped processing property "Control.i_Control_sva._assert_5:precondition1"	[16.00 s].
0.0.K: Starting proof for property "Control.i_Control_sva._assert_5:precondition1"	[0.00 s].
0.0.K: Trace Attempt 15	[0.00 s]
0.0.K: Trace Attempt  1	[0.00 s]
0.0.K: Trace Attempt  2	[0.00 s]
0.0.K: Trace Attempt  3	[0.00 s]
0.0.K: Trace Attempt  4	[0.00 s]
0.0.K: Trace Attempt  5	[0.00 s]
0.0.AB: Trace Attempt 441	[15.85 s]
0.0.AB: Per property time limit expired (16.00 s) [16.00 s]
0.0.AB: Stopped processing property "Control.i_Control_sva._assert_5:precondition1"	[16.00 s].
0.0.AB: Starting proof for property "Control.i_Control_sva._assert_5:precondition1"	[0.00 s].
0.0.AB: Trace Attempt  1	[0.00 s]
0.0.AB: Trace Attempt  2	[0.00 s]
0.0.AB: Trace Attempt  3	[0.00 s]
0.0.AB: Trace Attempt  4	[0.00 s]
0.0.AB: Trace Attempt  5	[0.00 s]
0.0.AB: Trace Attempt  1	[0.00 s]
0.0.AB: Trace Attempt  2	[0.00 s]
0.0.AB: Trace Attempt  3	[0.00 s]
0.0.AB: Trace Attempt  4	[0.00 s]
0.0.AB: Trace Attempt  5	[0.00 s]
0.0.AB: Trace Attempt  1	[0.01 s]
0.0.AB: Trace Attempt  2	[0.01 s]
0.0.AB: Trace Attempt  3	[0.01 s]
0.0.AB: Trace Attempt  4	[0.01 s]
0.0.AB: Trace Attempt  5	[0.01 s]
0.0.AB: Trace Attempt  1	[0.18 s]
0.0.AB: Trace Attempt  2	[0.18 s]
0.0.AB: Trace Attempt  3	[0.18 s]
0.0.AB: Trace Attempt  4	[0.18 s]
0.0.AB: Trace Attempt  5	[0.18 s]
0.0.K: Stopped processing property "Control.i_Control_sva._assert_5:precondition1"	[1.23 s].
0.0.K: Morphing to D
0.0.K: Trace Attempt 197	[1.14 s]
0.0.K: All properties determined. [0.00 s]
0.0.K: Exited with Success (@ 0.00 s)
0.0.D: clocks: 1, declared: 1, disabling: 0, posedge: 1, negedge: 0, noedge: 0, bothedge: 0
0.0.D: Starting proof for property "Control.i_Control_sva._cover_9"	[0.00 s].
0.0.D: Trace Attempt  1	[0.00 s]
0.0.D: Trace Attempt  2	[0.00 s]
0.0.AB: Stopped processing property "Control.i_Control_sva._assert_5:precondition1"	[1.22 s].
0.0.AB: Morphing to Tricustom6
0.0.AB: Trace Attempt 230	[1.21 s]
0.0.AB: All properties determined. [0.00 s]
0.0.AB: Exited with Success (@ 0.00 s)
0.0.D: Trace Attempt  3	[0.00 s]
0.0.Tricustom6: Starting clock optimization
0.0.D: Trace Attempt  5	[0.00 s]
0.0.Tricustom6: Finished clock optimization
0.0.Tricustom6: clocks: 1, declared: 1, disabling: 0, posedge: 1, negedge: 0, noedge: 0, bothedge: 0
0.0.Tricustom6: Starting proof for property "Control.i_Control_sva._cover_9"	[0.00 s].
0.0.Tricustom6: Trace Attempt  4	[0.00 s]
0.0.Tricustom6:    0.00" ---- Launching main thread ----
0.0.Tricustom6:    0.20" ---- Launching abstraction thread ----
0.0.Tricustom6:    0.22" ---- Launching multi-phase simplification thread ----
0.0.Tricustom6:    1.18" Simplification phase 1 complete
0.0.Tricustom6:    1.25" Simplification phase 2 complete
0.0.Ht: Trace Attempt 7127	[247.72 s]
0.0.Tricustom6:    2.66" Simplification phase 3 complete
0.0.Tricustom6:    2.66" ---- Completed simplification thread ----
0.0.Tricustom6:    2.69" ---- Restarting main thread on simplified netlist ----
0.0.Bm: Trace Attempt 335	[8.03 s]
0.0.Tricustom6:    2.82" ---- Restarting abstraction thread on simplified netlist ----
0.0.Tricustom6: Trace Attempt 20248	[4.00 s]
0.0.Ht: Trace Attempt 7226	[251.73 s]
0.0.Bm: Trace Attempt 388	[12.13 s]
0.0.Tricustom6: Trace Attempt 52248	[8.43 s]
0.0.Ht: Trace Attempt 7372	[255.77 s]
0.0.Bm: Trace Attempt 426	[16.30 s]
0.0.Tricustom6: Trace Attempt 87184	[12.43 s]
0.0.Ht: Trace Attempt 7503	[259.79 s]
0.0.Bm: Trace Attempt 461	[20.38 s]
0.0.Tricustom6: Trace Attempt 121960	[17.38 s]
0.0.Ht: Trace Attempt 7620	[263.79 s]
0.0.Bm: Trace Attempt 483	[24.69 s]
0.0.Ht: Trace Attempt 7724	[267.82 s]
0.0.Tricustom6: Trace Attempt 161124	[22.68 s]
0.0.Bm: Trace Attempt 522	[28.82 s]
0.0.Ht: Trace Attempt 7825	[271.82 s]
0.0.Tricustom6: Trace Attempt 194276	[26.68 s]
0.0.Bm: Trace Attempt 551	[32.84 s]
0.0.Ht: Trace Attempt 7918	[275.83 s]
0.0.Tricustom6: Trace Attempt 229388	[30.68 s]
0.0.Bm: Trace Attempt 576	[36.92 s]
0.0.D: Trace Attempt 55	[0.42 s]
0.0.D: Per property time limit expired (32.00 s) [32.00 s]
0.0.D: Stopped processing property "Control.i_Control_sva._cover_9"	[32.00 s].
0.0.D: Starting proof for property "Control.i_Control_sva._assert_5:precondition1"	[0.00 s].
0.0.D: Trace Attempt  1	[0.00 s]
0.0.D: Trace Attempt  2	[0.00 s]
0.0.D: Trace Attempt  3	[0.00 s]
0.0.D: Trace Attempt  5	[0.00 s]
0.0.Tricustom6: Stopped processing property "Control.i_Control_sva._cover_9"	[31.99 s].
0.0.Tricustom6: Starting proof for property "Control.i_Control_sva._assert_5:precondition1"	[0.00 s].
0.0.Tricustom6: Trace Attempt  4	[0.00 s]
0.0.Tricustom6:   32.03" ---- Launching main thread ----
0.0.Tricustom6:   32.15" ---- Launching abstraction thread ----
0.0.Tricustom6:   32.17" ---- Launching multi-phase simplification thread ----
0.0.Tricustom6:   33.46" Simplification phase 1 complete
0.0.Tricustom6:   33.51" Simplification phase 2 complete
0.0.Tricustom6:   33.57" Simplification phase 3 complete
  33.57" ---- Completed simplification thread ----
0.0.Tricustom6:   33.57" ---- Restarting main thread on simplified netlist ----
0.0.Ht: Trace Attempt 8247	[279.83 s]
0.0.Tricustom6:   33.70" ---- Restarting abstraction thread on simplified netlist ----
0.0.Bm: Trace Attempt 597	[40.98 s]
0.0.Ht: Trace Attempt 8823	[283.83 s]
0.0.Bm: Trace Attempt 616	[45.14 s]
0.0.Ht: Trace Attempt 9181	[287.84 s]
0.0.Bm: Trace Attempt 641	[49.41 s]
0.0.Ht: Trace Attempt 9435	[291.85 s]
0.0.Bm: Trace Attempt 660	[53.70 s]
0.0.Ht: Trace Attempt 9658	[295.86 s]
0.0.Bm: Trace Attempt 677	[57.94 s]
0.0.D: Trace Attempt 113	[21.63 s]
0.0.Ht: Trace Attempt 9899	[299.87 s]
0.0.Bm: Trace Attempt 692	[62.29 s]
0.0.Ht: Trace Attempt 10132	[303.88 s]
0.0.Bm: Trace Attempt 704	[66.39 s]
0.0.Ht: Trace Attempt 10321	[307.89 s]
0.0.D: Per property time limit expired (32.00 s) [32.00 s]
0.0.D: Stopped processing property "Control.i_Control_sva._assert_5:precondition1"	[32.00 s].
0.0.D: Starting proof for property "Control.i_Control_sva._assert_5:precondition1"	[0.00 s].
0.0.Tricustom6: Stopped processing property "Control.i_Control_sva._assert_5:precondition1"	[32.00 s].
0.0.Tricustom6: Starting proof for property "Control.i_Control_sva._assert_5:precondition1"	[0.00 s].
0.0.Tricustom6: Trace Attempt  4	[0.00 s]
0.0.Tricustom6:   64.05" ---- Launching main thread ----
0.0.Tricustom6:   64.18" ---- Launching abstraction thread ----
0.0.Tricustom6:   64.20" ---- Launching multi-phase simplification thread ----
0.0.D: Stopped processing property "Control.i_Control_sva._assert_5:precondition1"	[1.18 s].
0.0.D: Morphing to Hts
0.0.D: Trace Attempt 113	[0.00 s]
0.0.D: All properties determined. [0.00 s]
0.0.D: Exited with Success (@ 0.00 s)
0.0.Hts: clocks: 1, declared: 1, disabling: 0, posedge: 1, negedge: 0, noedge: 0, bothedge: 0
0.0.Hts: Starting proof for property "Control.i_Control_sva._assert_8"	[0.00 s].
0.0.Hts: Trace Attempt  1	[0.00 s]
0.0.Hts: Trace Attempt  2	[0.00 s]
0.0.Hts: Trace Attempt  3	[0.00 s]
0.0.Hts: Trace Attempt  4	[0.00 s]
0.0.Hts: Trace Attempt  5	[0.00 s]
0.0.Tricustom6:   65.17" Simplification phase 1 complete
0.0.Tricustom6: Stopped processing property "Control.i_Control_sva._assert_5:precondition1"	[1.23 s].
0.0.Tricustom6: Morphing to Ncustom4
0.0.Tricustom6: Trace Attempt 241728	[0.05 s]
0.0.Tricustom6: All properties determined. [0.00 s]
0.0.Tricustom6: Exited with Success (@ 0.00 s)
0.0.Ncustom4: clocks: 1, declared: 1, disabling: 0, posedge: 1, negedge: 0, noedge: 0, bothedge: 0
0.0.Ncustom4: Starting proof for property "Control.i_Control_sva._assert_8"	[0.00 s].
0.0.Ncustom4: Trace Attempt 291	[0.02 s]
0.0.Bm: Trace Attempt 720	[70.60 s]
0.0.Ht: Trace Attempt 10511	[311.90 s]
0.0.Bm: Trace Attempt 732	[74.91 s]
0.0.Ht: Trace Attempt 10689	[315.91 s]
0.0.Bm: Trace Attempt 746	[78.94 s]
0.0.Ht: Trace Attempt 10853	[319.93 s]
0.0.Ht: Trace Attempt 11006	[323.94 s]
0.0.Ht: Trace Attempt 11152	[327.95 s]
0.0.Bm: Trace Attempt 760	[90.96 s]
0.0.Ncustom4: Trace Attempt 292	[21.69 s]
0.0.Ncustom4: Trace Attempt  1	[22.09 s]
0.0.Ncustom4: Trace Attempt  2	[22.09 s]
0.0.Ncustom4: Trace Attempt  3	[22.09 s]
0.0.Ncustom4: Trace Attempt  4	[22.09 s]
0.0.Bm: Trace Attempt 772	[95.00 s]
0.0.Ncustom4: Trace Attempt 574	[26.11 s]
0.0.Bm: Trace Attempt 788	[99.12 s]
0.0.Ht: Trace Attempt 11229	[342.15 s]
0.0.Ncustom4: Trace Attempt 614	[31.44 s]
0.0.Bm: Trace Attempt 802	[103.22 s]
0.0.Ht: Trace Attempt 11629	[346.16 s]
0.0.Bm: Trace Attempt 813	[107.23 s]
0.0.Ht: Trace Attempt 11938	[350.16 s]
0.0.Bm: Trace Attempt 827	[111.27 s]
0.0.Ncustom4: Trace Attempt 706	[42.69 s]
0.0.Ht: Trace Attempt 12207	[354.17 s]
0.0.Bm: Trace Attempt 843	[115.83 s]
0.0.Ht: Trace Attempt 12443	[358.18 s]
0.0.Ncustom4: Trace Attempt 739	[46.80 s]
0.0.Bm: Trace Attempt 863	[120.44 s]
0.0.Ht: Trace Attempt 12658	[362.19 s]
0.0.Ncustom4: Trace Attempt 777	[50.84 s]
0.0.Bm: Trace Attempt 873	[124.55 s]
0.0.Ht: Trace Attempt 12858	[366.20 s]
0.0.Bm: Trace Attempt 885	[128.78 s]
0.0.Bm: Trace Attempt 899	[133.27 s]
0.0.Ncustom4: Trace Attempt 829	[52.80 s]
0.0.Ncustom4: Per property time limit expired (63.95 s) [64.15 s]
0.0.Ncustom4: Stopped processing property "Control.i_Control_sva._assert_8"	[64.15 s].
0.0.Ncustom4: Starting proof for property "Control.i_Control_sva._assert_5:precondition1"	[0.00 s].
0.0.Ncustom4: Trace Attempt  1	[0.01 s]
0.0.Ncustom4: Trace Attempt  2	[0.01 s]
0.0.Ncustom4: Trace Attempt  3	[0.01 s]
0.0.Ncustom4: Trace Attempt  4	[0.01 s]
0.0.Ncustom4: Trace Attempt  5	[0.01 s]
0.0.Ncustom4: Trace Attempt  1	[0.01 s]
0.0.Ncustom4: Trace Attempt  2	[0.01 s]
0.0.Ncustom4: Trace Attempt  3	[0.01 s]
0.0.Ncustom4: Trace Attempt  5	[0.01 s]
0.0.Bm: Trace Attempt 911	[137.56 s]
0.0.Ncustom4: Trace Attempt 346	[4.04 s]
0.0.Hts: Trace Attempt 19805	[3.93 s]
0.0.Hts: Per property time limit expired (64.00 s) [68.90 s]
0.0.Hts: Stopped processing property "Control.i_Control_sva._assert_8"	[68.90 s].
0.0.Hts: Starting proof for property "Control.i_Control_sva._assert_5:precondition1"	[0.00 s].
0.0.Hts: Trace Attempt  1	[0.78 s]
0.0.Hts: Trace Attempt  2	[0.78 s]
0.0.Hts: Trace Attempt  3	[0.78 s]
0.0.Hts: Trace Attempt  4	[0.78 s]
0.0.Hts: Trace Attempt  5	[0.78 s]
0.0.Bm: Trace Attempt 923	[141.93 s]
0.0.Ncustom4: Trace Attempt 448	[8.14 s]
0.0.Hts: Trace Attempt 58265	[4.92 s]
0.0.Bm: Trace Attempt 941	[146.11 s]
0.0.Ncustom4: Trace Attempt 561	[12.15 s]
0.0.Hts: Trace Attempt 116519	[9.03 s]
0.0.Bm: Trace Attempt 951	[150.24 s]
0.0.Ncustom4: Trace Attempt 674	[16.17 s]
0.0.Hts: Trace Attempt 184468	[13.03 s]
0.0.Bm: Trace Attempt 960	[154.46 s]
0.0.Ncustom4: Trace Attempt 756	[20.50 s]
0.0.Hts: Trace Attempt 233028	[17.70 s]
0.0.Bm: Trace Attempt 969	[158.73 s]
0.0.Ncustom4: Trace Attempt 899	[24.57 s]
0.0.Bm: Trace Attempt 978	[162.97 s]
0.0.Ncustom4: Trace Attempt 983	[28.89 s]
0.0.Bm: Trace Attempt 992	[167.26 s]
0.0.Ncustom4: Trace Attempt 1046	[34.26 s]
0.0.Hts: Trace Attempt 241725	[31.90 s]
0.0.Bm: Trace Attempt 1001	[172.44 s]
0.0.Ncustom4: Trace Attempt 1148	[38.26 s]
0.0.Bm: Trace Attempt 1012	[176.57 s]
0.0.Ncustom4: Trace Attempt 1320	[43.01 s]
0.0.Bm: Trace Attempt 1019	[180.74 s]
0.0.Ncustom4: Trace Attempt 1461	[47.30 s]
0.0.Ncustom4: Trace Attempt 1499	[51.31 s]
0.0.Bm: Trace Attempt 1023	[186.75 s]
0.0.Bm: Trace Attempt 1027	[191.00 s]
0.0.Ncustom4: Trace Attempt 1677	[56.80 s]
0.0.Bm: Trace Attempt 1031	[195.15 s]
0.0.Ncustom4: Trace Attempt 1736	[60.88 s]
0.0.Ncustom4: Trace Attempt 1833	[63.94 s]
0.0.Ncustom4: Per property time limit expired (64.00 s) [64.34 s]
0.0.Ncustom4: Stopped processing property "Control.i_Control_sva._assert_5:precondition1"	[64.34 s].
0.0.Ncustom4: Starting proof for property "Control.i_Control_sva._assert_5:precondition1"	[0.00 s].
0.0.Ncustom4: Trace Attempt  1	[0.02 s]
0.0.Ncustom4: Trace Attempt  2	[0.02 s]
0.0.Ncustom4: Trace Attempt  3	[0.02 s]
0.0.Ncustom4: Trace Attempt  4	[0.02 s]
0.0.Ncustom4: Trace Attempt  5	[0.02 s]
0.0.Ncustom4: Trace Attempt  1	[0.02 s]
0.0.Ncustom4: Trace Attempt  2	[0.02 s]
0.0.Ncustom4: Trace Attempt  3	[0.03 s]
0.0.Ncustom4: Trace Attempt  5	[0.03 s]
0.0.Bm: Trace Attempt 1038	[199.26 s]
0.0.Ncustom4: Stopped processing property "Control.i_Control_sva._assert_5:precondition1"	[0.44 s].
0.0.Ncustom4: Morphing to K
0.0.Ncustom4: Trace Attempt 147	[0.43 s]
0.0.Ncustom4: All properties determined. [0.00 s]
0.0.Ncustom4: Exited with Success (@ 0.00 s)
0.0.K: clocks: 1, declared: 1, disabling: 0, posedge: 1, negedge: 0, noedge: 0, bothedge: 0
0.0.K: Starting proof for property "Control.i_Control_sva._cover_9"	[0.00 s].
0.0.K: Trace Attempt 197	[0.01 s]
0.0.Hts: Stopped processing property "Control.i_Control_sva._assert_5:precondition1"	[60.76 s].
0.0.Hts: Starting proof for property "Control.i_Control_sva._cover_9"	[0.00 s].
0.0.K: Per property time limit expired (0.99 s) [1.00 s]
0.0.K: Stopped processing property "Control.i_Control_sva._cover_9"	[1.00 s].
0.0.K: Starting proof for property "Control.i_Control_sva._assert_7:precondition1"	[0.00 s].
0.0.K: Trace Attempt 383	[0.02 s]
0.0.K: Per property time limit expired (1.00 s) [1.01 s]
0.0.K: Stopped processing property "Control.i_Control_sva._assert_7:precondition1"	[1.01 s].
0.0.K: Starting proof for property "Control.i_Control_sva._assert_5:precondition1"	[0.00 s].
0.0.K: Trace Attempt 15	[0.00 s]
0.0.K: Trace Attempt  1	[0.01 s]
0.0.K: Trace Attempt  2	[0.01 s]
0.0.K: Trace Attempt  3	[0.01 s]
0.0.K: Trace Attempt  4	[0.01 s]
0.0.K: Trace Attempt  5	[0.01 s]
0.0.Bm: Trace Attempt 1042	[204.00 s]
0.0.K: Stopped processing property "Control.i_Control_sva._assert_5:precondition1"	[3.80 s].
0.0.K: Morphing to I
0.0.K: Trace Attempt 255	[3.79 s]
0.0.K: All properties determined. [0.00 s]
0.0.K: Exited with Success (@ 0.00 s)
0.0.I: clocks: 1, declared: 1, disabling: 0, posedge: 1, negedge: 0, noedge: 0, bothedge: 0
0.0.I: Starting proof for property "Control.i_Control_sva._assert_4:precondition1"	[0.00 s].
0.0.I: Trace Attempt 13	[0.00 s]
0.0.I: Trace Attempt  1	[0.00 s]
0.0.I: Trace Attempt  2	[0.00 s]
0.0.I: Trace Attempt  3	[0.01 s]
0.0.I: Trace Attempt  5	[0.01 s]
0.0.I: Trace Attempt 58	[0.43 s]
0.0.I: Per property time limit expired (2.00 s) [2.00 s]
0.0.I: Stopped processing property "Control.i_Control_sva._assert_4:precondition1"	[2.00 s].
0.0.I: Starting proof for property "Control.i_Control_sva._cover_9"	[0.00 s].
0.0.I: Trace Attempt 11	[0.00 s]
0.0.I: Trace Attempt  1	[0.01 s]
0.0.I: Trace Attempt  2	[0.01 s]
0.0.I: Trace Attempt  3	[0.01 s]
0.0.I: Trace Attempt  5	[0.01 s]
0.0.Bm: Trace Attempt 1051	[208.05 s]
0.0.Hts: Per property time limit expired (1.00 s) [8.80 s]
0.0.Hts: Stopped processing property "Control.i_Control_sva._cover_9"	[8.80 s].
0.0.Hts: Morphing to D
0.0.Hts: All properties determined. [0.00 s]
0.0.Hts: Exited with Success (@ 0.00 s)
0.0.D: clocks: 1, declared: 1, disabling: 0, posedge: 1, negedge: 0, noedge: 0, bothedge: 0
0.0.D: Starting proof for property "Control.i_Control_sva._cover_9"	[0.00 s].
0.0.D: Trace Attempt 55	[0.00 s]
0.0.D: Per property time limit expired (0.34 s) [0.34 s]
0.0.I: Trace Attempt 49	[0.48 s]
0.0.I: Per property time limit expired (2.00 s) [2.00 s]
0.0.I: Stopped processing property "Control.i_Control_sva._cover_9"	[2.00 s].
0.0.I: Starting proof for property "Control.i_Control_sva._assert_5:precondition1"	[0.00 s].
0.0.D: Stopped processing property "Control.i_Control_sva._cover_9"	[0.34 s].
0.0.D: Starting proof for property "Control.i_Control_sva._assert_5:precondition1"	[0.00 s].
0.0.I: Trace Attempt  7	[0.00 s]
0.0.I: Trace Attempt  1	[0.00 s]
0.0.I: Trace Attempt  2	[0.00 s]
0.0.I: Trace Attempt  3	[0.00 s]
0.0.I: Trace Attempt  5	[0.01 s]
0.0.I: Trace Attempt  1	[1.71 s]
0.0.I: Trace Attempt  2	[1.71 s]
0.0.I: Trace Attempt  3	[1.71 s]
0.0.I: Trace Attempt  5	[1.71 s]
0.0.Bm: Trace Attempt 1055	[215.45 s]
0.0.I: Trace Attempt 85	[6.21 s]
0.0.Bm: Trace Attempt 1064	[219.45 s]
0.0.I: Trace Attempt 111	[13.35 s]
0.0.Bm: Trace Attempt 1068	[223.76 s]
0.0.I: Stopped processing property "Control.i_Control_sva._assert_5:precondition1"	[16.14 s].
0.0.I: Morphing to AMcustom2
0.0.I: All properties determined. [0.00 s]
0.0.I: Exited with Success (@ 0.00 s)
0.0.D: Stopped processing property "Control.i_Control_sva._assert_5:precondition1"	[16.14 s].
0.0.D: Morphing to Ncustom1
0.0.D: Trace Attempt 113	[0.00 s]
0.0.D: All properties determined. [0.00 s]
0.0.D: Exited with Success (@ 0.00 s)
0.0.Ncustom1: clocks: 1, declared: 1, disabling: 0, posedge: 1, negedge: 0, noedge: 0, bothedge: 0
0.0.AMcustom2: clocks: 1, declared: 1, disabling: 0, posedge: 1, negedge: 0, noedge: 0, bothedge: 0
0.0.Ncustom1: Starting proof for property "Control.i_Control_sva._assert_8"	[0.00 s].
0.0.AMcustom2: Starting proof for property "Control.i_Control_sva._assert_8"	[0.00 s].
0.0.AMcustom2: Trace Attempt  1	[0.00 s]
0.0.AMcustom2: Trace Attempt  2	[0.00 s]
0.0.AMcustom2: Trace Attempt  3	[0.00 s]
0.0.AMcustom2: Trace Attempt  4	[0.00 s]
0.0.AMcustom2: Trace Attempt  5	[0.00 s]
0.0.AMcustom2: Trace Attempt  1	[0.01 s]
0.0.AMcustom2: Trace Attempt  2	[0.01 s]
0.0.AMcustom2: Trace Attempt  3	[0.01 s]
0.0.AMcustom2: Trace Attempt  4	[0.01 s]
0.0.Ncustom1: Trace Attempt 291	[0.01 s]
0.0.AMcustom2: Trace Attempt  1	[0.01 s]
0.0.AMcustom2: Trace Attempt  2	[0.01 s]
0.0.AMcustom2: Trace Attempt  3	[0.02 s]
0.0.Bm: Trace Attempt 1073	[228.40 s]
0.0.AMcustom2: Trace Attempt 254	[3.94 s]
0.0.AMcustom2: Per property time limit expired (4.00 s) [4.00 s]
0.0.AMcustom2: Stopped processing property "Control.i_Control_sva._assert_8"	[4.00 s].
0.0.AMcustom2: Starting proof for property "Control.i_Control_sva._assert_5:precondition1"	[0.00 s].
0.0.AMcustom2: Trace Attempt  1	[0.00 s]
0.0.AMcustom2: Trace Attempt  2	[0.00 s]
0.0.AMcustom2: Trace Attempt  3	[0.00 s]
0.0.AMcustom2: Trace Attempt  4	[0.00 s]
0.0.AMcustom2: Trace Attempt  5	[0.00 s]
0.0.AMcustom2: Trace Attempt  1	[0.00 s]
0.0.AMcustom2: Trace Attempt  2	[0.00 s]
0.0.AMcustom2: Trace Attempt  3	[0.00 s]
0.0.Ncustom1: Per property time limit expired (4.00 s) [4.01 s]
0.0.Ncustom1: Stopped processing property "Control.i_Control_sva._assert_8"	[4.01 s].
0.0.Ncustom1: Starting proof for property "Control.i_Control_sva._assert_5:precondition1"	[0.00 s].
0.0.AMcustom2: Trace Attempt  1	[0.01 s]
0.0.AMcustom2: Trace Attempt  2	[0.01 s]
0.0.AMcustom2: Trace Attempt  3	[0.01 s]
0.0.Ncustom1: Trace Attempt  1	[0.13 s]
0.0.Ncustom1: Trace Attempt  2	[0.13 s]
0.0.Ncustom1: Trace Attempt  3	[0.13 s]
0.0.AMcustom2: Trace Attempt  1	[0.17 s]
0.0.AMcustom2: Trace Attempt  2	[0.18 s]
0.0.AMcustom2: Trace Attempt  3	[0.18 s]
0.0.Bm: Trace Attempt 1079	[232.97 s]
0.0.AMcustom2: Trace Attempt 235	[2.88 s]
0.0.AMcustom2: Per property time limit expired (4.00 s) [4.03 s]
0.0.AMcustom2: Stopped processing property "Control.i_Control_sva._assert_5:precondition1"	[4.03 s].
0.0.AMcustom2: Starting proof for property "Control.i_Control_sva._assert_5:precondition1"	[0.00 s].
0.0.Ncustom1: Trace Attempt 196	[1.64 s]
0.0.Ncustom1: Per property time limit expired (4.00 s) [4.02 s]
0.0.Ncustom1: Stopped processing property "Control.i_Control_sva._assert_5:precondition1"	[4.02 s].
0.0.Ncustom1: Starting proof for property "Control.i_Control_sva._assert_5:precondition1"	[0.00 s].
0.0.AMcustom2: Trace Attempt  1	[0.00 s]
0.0.AMcustom2: Trace Attempt  2	[0.00 s]
0.0.AMcustom2: Trace Attempt  3	[0.00 s]
0.0.AMcustom2: Trace Attempt  4	[0.01 s]
0.0.AMcustom2: Trace Attempt  5	[0.01 s]
0.0.Ncustom1: Trace Attempt 65	[0.00 s]
0.0.AMcustom2: Trace Attempt  1	[0.01 s]
0.0.AMcustom2: Trace Attempt  2	[0.01 s]
0.0.AMcustom2: Trace Attempt  3	[0.01 s]
0.0.AMcustom2: Trace Attempt  1	[0.01 s]
0.0.AMcustom2: Trace Attempt  2	[0.01 s]
0.0.AMcustom2: Trace Attempt  3	[0.01 s]
0.0.Ncustom1: Trace Attempt  1	[0.13 s]
0.0.Ncustom1: Trace Attempt  2	[0.13 s]
0.0.Ncustom1: Trace Attempt  3	[0.13 s]
0.0.AMcustom2: Trace Attempt  1	[0.18 s]
0.0.AMcustom2: Trace Attempt  2	[0.18 s]
0.0.AMcustom2: Trace Attempt  3	[0.18 s]
0.0.Ncustom1: Stopped processing property "Control.i_Control_sva._assert_5:precondition1"	[2.50 s].
0.0.Ncustom1: Morphing to AD
0.0.Ncustom1: Trace Attempt 196	[1.65 s]
0.0.Ncustom1: All properties determined. [0.00 s]
0.0.Ncustom1: Exited with Success (@ 0.00 s)
0.0.AD: clocks: 1, declared: 1, disabling: 0, posedge: 1, negedge: 0, noedge: 0, bothedge: 0
0.0.AD: Starting proof for property "Control.i_Control_sva._assert_8"	[0.00 s].
0.0.AD: Trace Attempt  1	[0.00 s]
0.0.AD: Trace Attempt  2	[0.00 s]
0.0.AD: Trace Attempt  3	[0.00 s]
0.0.AD: Trace Attempt  4	[0.00 s]
0.0.AD: Trace Attempt  5	[0.00 s]
0.0.AMcustom2: Stopped processing property "Control.i_Control_sva._assert_5:precondition1"	[2.50 s].
0.0.AMcustom2: Morphing to AMcustom3
0.0.AMcustom2: Trace Attempt 200	[2.46 s]
0.0.AMcustom2: All properties determined. [0.00 s]
0.0.AMcustom2: Exited with Success (@ 0.00 s)
0.0.AD: Trace Attempt  1	[0.00 s]
0.0.AD: Trace Attempt  2	[0.00 s]
0.0.AD: Trace Attempt  3	[0.00 s]
0.0.AD: Trace Attempt  4	[0.00 s]
0.0.AMcustom3: clocks: 1, declared: 1, disabling: 0, posedge: 1, negedge: 0, noedge: 0, bothedge: 0
0.0.AMcustom3: Starting proof for property "Control.i_Control_sva._assert_8"	[0.00 s].
0.0.AMcustom3: Trace Attempt  1	[0.00 s]
0.0.AMcustom3: Trace Attempt  2	[0.00 s]
0.0.AMcustom3: Trace Attempt  3	[0.00 s]
0.0.AMcustom3: Trace Attempt  4	[0.00 s]
0.0.AMcustom3: Trace Attempt  5	[0.00 s]
0.0.AD: Trace Attempt  1	[0.02 s]
0.0.AD: Trace Attempt  2	[0.02 s]
0.0.AD: Trace Attempt  3	[0.02 s]
0.0.AD: Trace Attempt  4	[0.02 s]
0.0.AMcustom3: Trace Attempt  1	[0.01 s]
0.0.AMcustom3: Trace Attempt  2	[0.01 s]
0.0.AMcustom3: Trace Attempt  3	[0.02 s]
0.0.AMcustom3: Trace Attempt 256	[4.07 s]
0.0.Bm: Trace Attempt 1086	[240.59 s]
0.0.AMcustom3: Trace Attempt  1	[4.80 s]
0.0.AMcustom3: Trace Attempt  2	[4.80 s]
0.0.AMcustom3: Trace Attempt  3	[4.80 s]
0.0.AMcustom3: Trace Attempt  4	[4.80 s]
0.0.AD: Trace Attempt 44	[0.76 s]
0.0.AD: Per property time limit expired (8.00 s) [8.00 s]
0.0.AD: Stopped processing property "Control.i_Control_sva._assert_8"	[8.00 s].
0.0.AD: Starting proof for property "Control.i_Control_sva._assert_4:precondition1"	[0.00 s].
0.0.AD: Trace Attempt  1	[0.00 s]
0.0.AD: Trace Attempt  2	[0.00 s]
0.0.AD: Trace Attempt  3	[0.00 s]
0.0.AD: Trace Attempt  4	[0.00 s]
0.0.AD: Trace Attempt  5	[0.00 s]
0.0.AD: Trace Attempt  1	[0.00 s]
0.0.AD: Trace Attempt  2	[0.00 s]
0.0.AD: Trace Attempt  3	[0.00 s]
0.0.AD: Trace Attempt  5	[0.00 s]
0.0.AD: Trace Attempt  1	[0.01 s]
0.0.AD: Trace Attempt  2	[0.01 s]
0.0.AD: Trace Attempt  3	[0.01 s]
0.0.AD: Trace Attempt  5	[0.01 s]
0.0.AMcustom3: Stopped processing property "Control.i_Control_sva._assert_8"	[8.01 s].
0.0.AMcustom3: Starting proof for property "Control.i_Control_sva._assert_4:precondition1"	[0.00 s].
0.0.AMcustom3: Trace Attempt  1	[0.00 s]
0.0.AMcustom3: Trace Attempt  2	[0.00 s]
0.0.AMcustom3: Trace Attempt  3	[0.00 s]
0.0.AMcustom3: Trace Attempt  4	[0.00 s]
0.0.AMcustom3: Trace Attempt  5	[0.00 s]
0.0.AMcustom3: Trace Attempt  1	[0.01 s]
0.0.AMcustom3: Trace Attempt  2	[0.01 s]
0.0.AMcustom3: Trace Attempt  3	[0.01 s]
0.0.AMcustom3: Trace Attempt  1	[0.19 s]
0.0.AMcustom3: Trace Attempt  2	[0.20 s]
0.0.AMcustom3: Trace Attempt  3	[0.20 s]
0.0.Bm: Trace Attempt 1090	[244.61 s]
0.0.AD: Trace Attempt  1	[1.51 s]
0.0.AD: Trace Attempt  2	[1.51 s]
0.0.AD: Trace Attempt  3	[1.51 s]
0.0.AD: Trace Attempt  5	[1.52 s]
0.0.Bm: Trace Attempt 1094	[249.47 s]
0.0.AMcustom3: Trace Attempt 393	[5.81 s]
0.0.AD: Trace Attempt 50	[1.83 s]
0.0.AD: Per property time limit expired (8.00 s) [8.00 s]
0.0.AD: Stopped processing property "Control.i_Control_sva._assert_4:precondition1"	[8.00 s].
0.0.AD: Starting proof for property "Control.i_Control_sva._assert_5:precondition1"	[0.00 s].
0.0.AD: Trace Attempt  1	[0.00 s]
0.0.AD: Trace Attempt  2	[0.00 s]
0.0.AD: Trace Attempt  3	[0.00 s]
0.0.AD: Trace Attempt  4	[0.00 s]
0.0.AD: Trace Attempt  5	[0.00 s]
0.0.AD: Trace Attempt  1	[0.00 s]
0.0.AD: Trace Attempt  2	[0.00 s]
0.0.AD: Trace Attempt  3	[0.00 s]
0.0.AD: Trace Attempt  5	[0.00 s]
0.0.AD: Trace Attempt  1	[0.01 s]
0.0.AD: Trace Attempt  2	[0.01 s]
0.0.AD: Trace Attempt  3	[0.01 s]
0.0.AD: Trace Attempt  5	[0.01 s]
0.0.AMcustom3: Stopped processing property "Control.i_Control_sva._assert_4:precondition1"	[8.03 s].
0.0.AMcustom3: Starting proof for property "Control.i_Control_sva._assert_5:precondition1"	[0.00 s].
0.0.AMcustom3: Trace Attempt  1	[0.00 s]
0.0.AMcustom3: Trace Attempt  2	[0.00 s]
0.0.AMcustom3: Trace Attempt  3	[0.00 s]
0.0.AMcustom3: Trace Attempt  4	[0.00 s]
0.0.AMcustom3: Trace Attempt  5	[0.00 s]
0.0.AMcustom3: Trace Attempt  1	[0.01 s]
0.0.AMcustom3: Trace Attempt  2	[0.01 s]
0.0.AMcustom3: Trace Attempt  3	[0.01 s]
0.0.AMcustom3: Trace Attempt  1	[0.22 s]
0.0.AMcustom3: Trace Attempt  2	[0.22 s]
0.0.AMcustom3: Trace Attempt  3	[0.22 s]
0.0.AD: Stopped processing property "Control.i_Control_sva._assert_5:precondition1"	[0.72 s].
0.0.AD: Morphing to Hts
0.0.AD: Trace Attempt 48	[0.47 s]
0.0.AD: All properties determined. [0.00 s]
0.0.AD: Exited with Success (@ 0.00 s)
0.0.Hts: Starting proof for property "Control.i_Control_sva._assert_6:precondition1"	[0.00 s].
0.0.Hts: Trace Attempt  1	[0.00 s]
0.0.Hts: Trace Attempt  2	[0.00 s]
0.0.Hts: Trace Attempt  3	[0.00 s]
0.0.Hts: Trace Attempt  4	[0.00 s]
0.0.Hts: Trace Attempt  5	[0.00 s]
0.0.AMcustom3: Stopped processing property "Control.i_Control_sva._assert_5:precondition1"	[0.69 s].
0.0.AMcustom3: Morphing to K
0.0.AMcustom3: Trace Attempt 117	[0.66 s]
0.0.AMcustom3: All properties determined. [0.00 s]
0.0.AMcustom3: Exited with Success (@ 0.00 s)
0.0.K: clocks: 1, declared: 1, disabling: 0, posedge: 1, negedge: 0, noedge: 0, bothedge: 0
0.0.K: Starting proof for property "Control.i_Control_sva._assert_6:precondition1"	[0.00 s].
0.0.K: Trace Attempt 128	[0.01 s]
0.0.K: Trace Attempt  1	[0.68 s]
0.0.K: Trace Attempt  2	[0.68 s]
0.0.K: Trace Attempt  3	[0.68 s]
0.0.K: Trace Attempt  4	[0.68 s]
0.0.K: Trace Attempt  5	[0.68 s]
0.0.Bm: Trace Attempt 1102	[253.65 s]
0.0.K: Trace Attempt 240	[4.68 s]
0.0.Bm: Trace Attempt 1106	[261.27 s]
0.0.K: Trace Attempt 299	[8.95 s]
0.0.K: Trace Attempt 333	[13.01 s]
0.0.Bm: Trace Attempt 1110	[267.30 s]
0.0.K: Trace Attempt 362	[15.42 s]
0.0.K: Per property time limit expired (15.99 s) [16.00 s]
0.0.K: Stopped processing property "Control.i_Control_sva._assert_6:precondition1"	[16.00 s].
0.0.K: Starting proof for property "Control.i_Control_sva._assert_7:precondition1"	[0.00 s].
0.0.K: Trace Attempt 383	[0.02 s]
0.0.Bm: Trace Attempt 1113	[271.75 s]
0.0.Hts: Trace Attempt 12968	[1.42 s]
0.0.Hts: Per property time limit expired (16.00 s) [19.82 s]
0.0.Hts: Stopped processing property "Control.i_Control_sva._assert_6:precondition1"	[19.82 s].
0.0.Hts: Starting proof for property "Control.i_Control_sva._assert_7:precondition1"	[0.00 s].
0.0.Hts: Trace Attempt  1	[0.17 s]
0.0.Hts: Trace Attempt  2	[0.17 s]
0.0.Hts: Trace Attempt  3	[0.17 s]
0.0.Hts: Trace Attempt  4	[0.17 s]
0.0.Hts: Trace Attempt  5	[0.17 s]
0.0.Bm: Trace Attempt 1118	[278.14 s]
0.0.Bm: Trace Attempt 1124	[282.58 s]
0.0.K: Per property time limit expired (16.00 s) [16.02 s]
0.0.K: Stopped processing property "Control.i_Control_sva._assert_7:precondition1"	[16.02 s].
0.0.K: Starting proof for property "Control.i_Control_sva._assert_5:precondition1"	[0.00 s].
0.0.K: Trace Attempt  1	[0.11 s]
0.0.K: Trace Attempt  2	[0.11 s]
0.0.K: Trace Attempt  3	[0.11 s]
0.0.K: Trace Attempt  4	[0.11 s]
0.0.K: Trace Attempt  5	[0.11 s]
0.0.K: Stopped processing property "Control.i_Control_sva._assert_5:precondition1"	[1.35 s].
0.0.K: Morphing to Tricustom6
0.0.K: Trace Attempt 218	[1.35 s]
0.0.K: All properties determined. [0.00 s]
0.0.K: Exited with Success (@ 0.00 s)
0.0.Tricustom6: Starting clock optimization
0.0.Tricustom6: Finished clock optimization
0.0.Tricustom6: clocks: 1, declared: 1, disabling: 0, posedge: 1, negedge: 0, noedge: 0, bothedge: 0
0.0.Tricustom6: Starting proof for property "Control.i_Control_sva._assert_6:precondition1"	[0.00 s].
0.0.Tricustom6: Trace Attempt  4	[0.00 s]
0.0.Tricustom6:    0.00" ---- Launching main thread ----
0.0.Tricustom6:    0.13" ---- Launching abstraction thread ----
0.0.Tricustom6:    0.15" ---- Launching multi-phase simplification thread ----
0.0.Bm: Trace Attempt 1129	[286.59 s]
0.0.Tricustom6:    1.24" Simplification phase 1 complete
0.0.Tricustom6:    1.28" Simplification phase 2 complete
0.0.Tricustom6:    1.34" Simplification phase 3 complete
   1.34" ---- Completed simplification thread ----
   1.34" ---- Restarting main thread on simplified netlist ----
0.0.Tricustom6:    1.46" ---- Restarting abstraction thread on simplified netlist ----
0.0.Tricustom6: Trace Attempt 31404	[4.00 s]
0.0.Hts: Trace Attempt 12968	[2.11 s]
0.0.Hts: Per property time limit expired (16.00 s) [17.69 s]
0.0.Hts: Stopped processing property "Control.i_Control_sva._assert_7:precondition1"	[17.69 s].
0.0.Hts: Morphing to Tri
0.0.Hts: All properties determined. [0.00 s]
0.0.Hts: Exited with Success (@ 0.00 s)
0.0.Tri: clocks: 1, declared: 1, disabling: 0, posedge: 1, negedge: 0, noedge: 0, bothedge: 0
0.0.Tri: Starting proof for property "Control.i_Control_sva._assert_6:precondition1"	[0.00 s].
0.0.Tri: Trace Attempt  1	[0.00 s]
0.0.Tri:    0.00" ---- Launching main thread ----
0.0.Tri:    0.12" ---- Launching abstraction thread ----
0.0.Tri:    0.14" ---- Launching multi-phase simplification thread ----
0.0.Tri: Trace Attempt  2	[0.22 s]
0.0.Tri: Trace Attempt  3	[0.22 s]
0.0.Tri: Trace Attempt  4	[0.22 s]
0.0.Tri: Trace Attempt  5	[0.22 s]
0.0.Bm: Trace Attempt 1134	[291.14 s]
0.0.Tri:    1.50" Simplification phase 1 complete
0.0.Tri:    1.55" Simplification phase 2 complete
0.0.Tri:    1.60" Simplification phase 3 complete
   1.60" ---- Completed simplification thread ----
   1.60" ---- Restarting main thread on simplified netlist ----
0.0.Tri:    1.71" ---- Restarting abstraction thread on simplified netlist ----
0.0.Ht: Trace Attempt 12968	[533.55 s]
0.0.Tricustom6: Trace Attempt 66324	[8.00 s]
0.0.Tri: Trace Attempt 7357	[4.88 s]
0.0.Tricustom6: Trace Attempt 111072	[12.00 s]
0.0.Bm: Trace Attempt 1137	[298.32 s]
0.0.Ht: Trace Attempt 12969	[539.43 s]
0.0.Tri: Trace Attempt 17967	[8.88 s]
0.0.Tricustom6: Trace Attempt 143596	[16.00 s]
0.0.Ht: Trace Attempt 13211	[543.44 s]
0.0.Tri: Trace Attempt 36737	[12.88 s]
0.0.Bm: Trace Attempt 1139	[304.16 s]
0.0.Tricustom6: Trace Attempt 166308	[20.00 s]
0.0.Ht: Trace Attempt 13468	[547.44 s]
0.0.Tri: Trace Attempt 42450	[16.88 s]
0.0.Bm: Trace Attempt 1144	[308.25 s]
0.0.Tricustom6: Trace Attempt 204016	[24.00 s]
0.0.Ht: Trace Attempt 13658	[551.45 s]
0.0.Tri: Trace Attempt 52964	[20.88 s]
0.0.Bm: Trace Attempt 1146	[312.67 s]
0.0.Tricustom6: Trace Attempt 238472	[28.00 s]
0.0.Ht: Trace Attempt 13828	[555.46 s]
0.0.Tri: Trace Attempt 61539	[25.44 s]
0.0.Bm: Trace Attempt 1154	[316.84 s]
0.0.Tricustom6: Trace Attempt 262684	[29.95 s]
0.0.Tricustom6: Per property time limit expired (32.00 s) [32.16 s]
0.0.Tricustom6: Stopped processing property "Control.i_Control_sva._assert_6:precondition1"	[32.16 s].
0.0.Tricustom6: Starting proof for property "Control.i_Control_sva._assert_7:precondition1"	[0.00 s].
0.0.Tricustom6: Trace Attempt  4	[0.00 s]
0.0.Tricustom6:   32.13" ---- Launching main thread ----
0.0.Tri: Trace Attempt 71356	[27.69 s]
0.0.Tri: Per property time limit expired (27.87 s) [27.89 s]
0.0.Tri: Stopped processing property "Control.i_Control_sva._assert_6:precondition1"	[27.89 s].
0.0.Tri: Starting proof for property "Control.i_Control_sva._assert_7:precondition1"	[0.00 s].
0.0.Tri: Trace Attempt  1	[0.00 s]
0.0.Tri:   27.86" ---- Launching main thread ----
0.0.Tri:   28.00" ---- Launching abstraction thread ----
0.0.Tricustom6:   32.27" ---- Launching abstraction thread ----
0.0.Tri:   28.02" ---- Launching multi-phase simplification thread ----
0.0.Tricustom6:   32.29" ---- Launching multi-phase simplification thread ----
0.0.Tri: Trace Attempt  2	[0.21 s]
0.0.Tri: Trace Attempt  3	[0.21 s]
0.0.Tri: Trace Attempt  4	[0.21 s]
0.0.Tri: Trace Attempt  5	[0.21 s]
0.0.Ht: Trace Attempt 13985	[559.46 s]
0.0.Tricustom6:   33.28" Simplification phase 1 complete
0.0.Tricustom6:   33.33" Simplification phase 2 complete
0.0.Tri:   29.06" Simplification phase 1 complete
0.0.Tri:   29.11" Simplification phase 2 complete
0.0.Tri:   29.17" Simplification phase 3 complete
  29.17" ---- Completed simplification thread ----
  29.17" ---- Restarting main thread on simplified netlist ----
0.0.Tricustom6:   34.20" Simplification phase 3 complete
0.0.Tricustom6:   34.20" ---- Completed simplification thread ----
0.0.Tricustom6:   34.23" ---- Restarting main thread on simplified netlist ----
0.0.Tricustom6:   34.35" ---- Restarting abstraction thread on simplified netlist ----
0.0.Bm: Trace Attempt 1157	[320.99 s]
0.0.Tri: Trace Attempt 12808	[4.21 s]
0.0.Ht: Trace Attempt 14354	[563.46 s]
0.0.Tricustom6: Trace Attempt 30084	[5.24 s]
0.0.Bm: Trace Attempt 1158	[325.04 s]
0.0.Ht: Trace Attempt 14893	[567.47 s]
0.0.Tri: Trace Attempt 26512	[8.69 s]
0.0.Tricustom6: Trace Attempt 66736	[9.23 s]
0.0.Bm: Trace Attempt 1161	[329.48 s]
0.0.Tri: Trace Attempt 49571	[12.69 s]
0.0.Tricustom6: Trace Attempt 106052	[14.03 s]
0.0.Tri: Trace Attempt 57665	[16.69 s]
0.0.Bm: Trace Attempt 1164	[335.67 s]
0.0.Bm: Trace Attempt 1169	[340.60 s]
0.0.Tri: Trace Attempt 74612	[22.52 s]
0.0.Ht: Trace Attempt 14988	[584.45 s]
0.0.Tri: Trace Attempt 93808	[26.52 s]
0.0.Ht: Trace Attempt 15484	[588.46 s]
0.0.Bm: Trace Attempt 1174	[347.93 s]
0.0.Tricustom6: Trace Attempt 131076	[16.83 s]
0.0.Tricustom6: Per property time limit expired (32.00 s) [32.10 s]
0.0.Tricustom6: Stopped processing property "Control.i_Control_sva._assert_7:precondition1"	[32.11 s].
0.0.Tricustom6: Starting proof for property "Control.i_Control_sva._assert_5:precondition1"	[0.00 s].
0.0.Tricustom6: Trace Attempt  4	[0.00 s]
0.0.Tricustom6:   64.24" ---- Launching main thread ----
0.0.Tri: Trace Attempt 96894	[26.94 s]
0.0.Tri: Per property time limit expired (32.00 s) [32.17 s]
0.0.Tri: Stopped processing property "Control.i_Control_sva._assert_7:precondition1"	[32.17 s].
0.0.Tri: Starting proof for property "Control.i_Control_sva._assert_5:precondition1"	[0.00 s].
0.0.Tri: Trace Attempt  1	[0.00 s]
0.0.Tri:   60.03" ---- Launching main thread ----
0.0.Tricustom6:   64.37" ---- Launching abstraction thread ----
0.0.Tricustom6:   64.39" ---- Launching multi-phase simplification thread ----
0.0.Tri:   60.17" ---- Launching abstraction thread ----
0.0.Tri:   60.19" ---- Launching multi-phase simplification thread ----
0.0.Tri: Trace Attempt  2	[0.22 s]
0.0.Tri: Trace Attempt  3	[0.22 s]
0.0.Tri: Trace Attempt  4	[0.22 s]
0.0.Tri: Trace Attempt  5	[0.22 s]
0.0.Tricustom6: Stopped processing property "Control.i_Control_sva._assert_5:precondition1"	[0.68 s].
0.0.Tricustom6: Starting proof for property "Control.i_Control_sva._cover_9"	[0.00 s].
0.0.Tricustom6: Trace Attempt  4	[0.00 s]
0.0.Tri: Stopped processing property "Control.i_Control_sva._assert_5:precondition1"	[0.62 s].
0.0.Tri: Morphing to M
0.0.Tri: Trace Attempt 1420	[0.62 s]
0.0.Tri: All properties determined. [0.00 s]
0.0.Tri: Exited with Success (@ 0.00 s)
0.0.M: clocks: 1, declared: 1, disabling: 0, posedge: 1, negedge: 0, noedge: 0, bothedge: 0
0.0.M: Starting proof for property "Control.i_Control_sva._cover_9"	[0.00 s].
0.0.M: Trace Attempt  1	[0.00 s]
0.0.M: Trace Attempt  2	[0.00 s]
0.0.M: Trace Attempt  3	[0.00 s]
0.0.Tricustom6:   64.98" ---- Launching main thread ----
0.0.Tricustom6:   65.10" ---- Launching abstraction thread ----
0.0.Tricustom6:   65.12" ---- Launching multi-phase simplification thread ----
0.0.Ht: Trace Attempt 15938	[592.46 s]
0.0.Tricustom6:   66.23" Simplification phase 1 complete
0.0.Tricustom6:   66.28" Simplification phase 2 complete
0.0.Tricustom6:   66.34" Simplification phase 3 complete
  66.34" ---- Completed simplification thread ----
  66.34" ---- Restarting main thread on simplified netlist ----
0.0.Tricustom6:   66.46" ---- Restarting abstraction thread on simplified netlist ----
0.0.Bm: Trace Attempt 1176	[352.75 s]
0.0.Ht: Trace Attempt 16368	[596.46 s]
0.0.Tricustom6: Trace Attempt 32792	[4.70 s]
0.0.Bm: Trace Attempt 1180	[356.96 s]
0.0.M: Trace Attempt 284	[6.16 s]
0.0.Ht: Trace Attempt 16769	[600.46 s]
0.0.Tricustom6: Trace Attempt 98396	[8.70 s]
0.0.Bm: Trace Attempt 1182	[361.03 s]
0.0.Ht: Trace Attempt 17160	[604.47 s]
0.0.Tricustom6: Trace Attempt 127676	[13.14 s]
0.0.M: Trace Attempt 367	[15.57 s]
0.0.Ht: Trace Attempt 17532	[608.47 s]
0.0.Tricustom6: Trace Attempt 161124	[18.51 s]
0.0.M: Trace Attempt 404	[19.59 s]
0.0.Ht: Trace Attempt 17909	[612.48 s]
0.0.Bm: Trace Attempt 1190	[371.77 s]
0.0.Tricustom6: Trace Attempt 213384	[22.51 s]
0.0.Ht: Trace Attempt 18256	[616.48 s]
0.0.Bm: Trace Attempt 1196	[378.46 s]
0.0.Ht: Trace Attempt 18625	[620.49 s]
0.0.M: Trace Attempt 452	[28.77 s]
0.0.Ht: Trace Attempt 18975	[624.50 s]
0.0.Bm: Trace Attempt 1198	[384.54 s]
0.0.Tricustom6: Trace Attempt 258596	[36.01 s]
0.0.Ht: Trace Attempt 19317	[628.50 s]
0.0.Tricustom6: Trace Attempt 299604	[40.01 s]
0.0.Ht: Trace Attempt 19620	[632.51 s]
0.0.Bm: Trace Attempt 1202	[393.00 s]
0.0.Tricustom6: Trace Attempt 333672	[44.02 s]
0.0.M: Trace Attempt 502	[44.02 s]
0.0.Bm: Trace Attempt 1207	[397.19 s]
0.0.Tricustom6: Trace Attempt 378680	[48.02 s]
0.0.M: Trace Attempt 890	[50.41 s]
0.0.Bm: Trace Attempt 1211	[405.11 s]
0.0.Tricustom6: Trace Attempt 391268	[59.61 s]
0.0.M: Trace Attempt 969	[62.68 s]
0.0.Tricustom6: Trace Attempt 427748	[63.61 s]
0.0.Tricustom6: Trace Attempt 432276	[64.00 s]
0.0.Tricustom6: Per property time limit expired (64.00 s) [64.00 s]
0.0.Tricustom6: Stopped processing property "Control.i_Control_sva._cover_9"	[64.01 s].
0.0.Tricustom6: Starting proof for property "Control.i_Control_sva._assert_5:precondition1"	[0.00 s].
0.0.Tricustom6: Trace Attempt  4	[0.00 s]
0.0.Tricustom6:  129.01" ---- Launching main thread ----
0.0.Tricustom6:  129.13" ---- Launching abstraction thread ----
0.0.Tricustom6:  129.15" ---- Launching multi-phase simplification thread ----
0.0.M: Trace Attempt 995	[63.96 s]
0.0.M: Per property time limit expired (63.98 s) [64.31 s]
0.0.Bm: Trace Attempt 1216	[415.36 s]
0.0.M: Stopped processing property "Control.i_Control_sva._cover_9"	[64.31 s].
0.0.M: Starting proof for property "Control.i_Control_sva._assert_5:precondition1"	[0.00 s].
0.0.M: Trace Attempt  1	[0.05 s]
0.0.M: Trace Attempt  2	[0.06 s]
0.0.M: Trace Attempt  3	[0.08 s]
0.0.Tricustom6:  130.08" Simplification phase 1 complete
0.0.Tricustom6:  130.12" Simplification phase 2 complete
0.0.Tricustom6:  130.18" Simplification phase 3 complete
 130.18" ---- Completed simplification thread ----
 130.18" ---- Restarting main thread on simplified netlist ----
0.0.Tricustom6:  130.30" ---- Restarting abstraction thread on simplified netlist ----
0.0.M: Trace Attempt 199	[4.54 s]
0.0.Bm: Trace Attempt 1221	[426.19 s]
0.0.M: Trace Attempt 291	[13.91 s]
0.0.Bm: Trace Attempt 1224	[430.58 s]
0.0.Bm: Trace Attempt 1226	[436.02 s]
0.0.M: Trace Attempt 340	[20.72 s]
0.0.M: Trace Attempt 406	[25.85 s]
0.0.Bm: Trace Attempt 1228	[441.70 s]
0.0.Bm: Trace Attempt 1231	[446.31 s]
0.0.M: Trace Attempt 537	[31.03 s]
0.0.M: Trace Attempt 614	[36.73 s]
0.0.Bm: Trace Attempt 1233	[454.59 s]
0.0.Bm: Trace Attempt 1239	[460.87 s]
0.0.M: Trace Attempt 683	[46.29 s]
0.0.Bm: Trace Attempt 1241	[465.85 s]
0.0.Bm: Trace Attempt 1242	[469.92 s]
0.0.Bm: Trace Attempt 1248	[476.13 s]
0.0.M: Trace Attempt 747	[63.40 s]
0.0.Tricustom6: Trace Attempt 432720	[0.04 s]
0.0.Tricustom6: Per property time limit expired (64.00 s) [64.14 s]
0.0.Tricustom6: Stopped processing property "Control.i_Control_sva._assert_5:precondition1"	[64.14 s].
0.0.Tricustom6: Starting proof for property "Control.i_Control_sva._assert_5:precondition1"	[0.00 s].
0.0.Tricustom6: Trace Attempt  4	[0.00 s]
0.0.Tricustom6:  193.09" ---- Launching main thread ----
0.0.Tricustom6:  193.22" ---- Launching abstraction thread ----
0.0.Tricustom6:  193.24" ---- Launching multi-phase simplification thread ----
0.0.M: Stopped processing property "Control.i_Control_sva._assert_5:precondition1"	[64.16 s].
0.0.M: Starting proof for property "Control.i_Control_sva._assert_5:precondition1"	[0.00 s].
0.0.M: Trace Attempt  1	[0.04 s]
0.0.M: Trace Attempt  2	[0.04 s]
0.0.M: Trace Attempt  3	[0.08 s]
0.0.Tricustom6:  194.11" Simplification phase 1 complete
0.0.Tricustom6:  194.16" Simplification phase 2 complete
0.0.Tricustom6:  194.21" Simplification phase 3 complete
 194.21" ---- Completed simplification thread ----
0.0.Tricustom6:  194.21" ---- Restarting main thread on simplified netlist ----
0.0.Tricustom6:  194.33" ---- Restarting abstraction thread on simplified netlist ----
0.0.M: Trace Attempt 199	[4.36 s]
0.0.Tricustom6: Stopped processing property "Control.i_Control_sva._assert_5:precondition1"	[6.27 s].
0.0.Tricustom6: Morphing to Ncustom5
0.0.Tricustom6: All properties determined. [0.00 s]
0.0.Tricustom6: Exited with Success (@ 0.00 s)
0.0.Ncustom5: clocks: 1, declared: 1, disabling: 0, posedge: 1, negedge: 0, noedge: 0, bothedge: 0
0.0.Ncustom5: Starting proof for property "Control.i_Control_sva._cover_9"	[0.00 s].
0.0.Ncustom5: Trace Attempt 197	[0.01 s]
0.0.M: Stopped processing property "Control.i_Control_sva._assert_5:precondition1"	[5.97 s].
0.0.M: Morphing to B
0.0.M: Trace Attempt 275	[5.89 s]
0.0.M: All properties determined. [0.00 s]
0.0.M: Exited with Success (@ 0.00 s)
0.0.B: clocks: 1, declared: 1, disabling: 0, posedge: 1, negedge: 0, noedge: 0, bothedge: 0
0.0.B: Starting proof for property "Control.i_Control_sva._cover_9"	[0.00 s].
0.0.B: Trace Attempt  1	[0.00 s]
0.0.B: Trace Attempt  2	[0.00 s]
0.0.B: Trace Attempt  3	[0.00 s]
0.0.B: Trace Attempt  4	[0.00 s]
0.0.B: Trace Attempt  5	[0.00 s]
0.0.Bm: Trace Attempt 1249	[485.55 s]
0.0.Ncustom5: Trace Attempt  1	[2.25 s]
0.0.Ncustom5: Trace Attempt  2	[2.25 s]
0.0.Ncustom5: Trace Attempt  3	[2.25 s]
0.0.B: Trace Attempt 243	[4.01 s]
0.0.Bm: Trace Attempt 1252	[492.43 s]
0.0.Ncustom5: Trace Attempt 284	[7.76 s]
0.0.B: Trace Attempt 305	[8.30 s]
0.0.Bm: Trace Attempt 1253	[498.41 s]
0.0.B: Trace Attempt 362	[13.87 s]
0.0.Ncustom5: Trace Attempt 367	[16.44 s]
0.0.Bm: Trace Attempt 1256	[502.80 s]
0.0.B: Trace Attempt 380	[18.74 s]
0.0.Ncustom5: Trace Attempt 407	[20.48 s]
0.0.Bm: Trace Attempt 1259	[507.59 s]
0.0.B: Trace Attempt 388	[22.74 s]
0.0.Bm: Trace Attempt 1260	[512.50 s]
0.0.B: Trace Attempt 454	[27.63 s]
0.0.Ncustom5: Trace Attempt 452	[28.75 s]
0.0.B: Trace Attempt 456	[34.23 s]
0.0.Bm: Trace Attempt 1265	[520.23 s]
0.0.B: Trace Attempt 457	[39.12 s]
0.0.Bm: Trace Attempt 1266	[525.24 s]
0.0.Ncustom5: Trace Attempt 502	[41.91 s]
0.0.B: Trace Attempt 466	[47.32 s]
0.0.Ncustom5: Trace Attempt 890	[47.83 s]
0.0.Bm: Trace Attempt 1277	[535.43 s]
0.0.B: Trace Attempt 468	[52.88 s]
0.0.B: Trace Attempt 475	[56.96 s]
0.0.Bm: Trace Attempt 1279	[543.79 s]
0.0.Ncustom5: Trace Attempt 969	[59.59 s]
0.0.B: Trace Attempt 476	[61.86 s]
0.0.Bm: Trace Attempt 1283	[553.24 s]
0.0.B: Trace Attempt 482	[69.59 s]
0.0.Bm: Trace Attempt 1284	[557.97 s]
0.0.Bm: Trace Attempt 1288	[562.45 s]
0.0.B: Trace Attempt 484	[83.59 s]
0.0.Ncustom5: Trace Attempt 1034	[84.36 s]
0.0.Bm: Trace Attempt 1290	[570.55 s]
0.0.Ncustom5: Trace Attempt 1089	[88.39 s]
0.0.Bm: Trace Attempt 1296	[574.70 s]
0.0.B: Trace Attempt 492	[91.12 s]
0.0.Bm: Trace Attempt 1297	[580.90 s]
0.0.Bm: Trace Attempt 1299	[587.27 s]
0.0.Ncustom5: Trace Attempt 1110	[102.88 s]
0.0.B: Trace Attempt 494	[106.81 s]
0.0.B: Trace Attempt 537	[112.28 s]
0.0.Bm: Trace Attempt 1301	[600.35 s]
0.0.Ncustom5: Trace Attempt 1161	[116.07 s]
0.0.B: Trace Attempt 538	[119.27 s]
0.0.Bm: Trace Attempt 1303	[609.58 s]
0.0.B: Per property time limit expired (127.97 s) [127.99 s]
0.0.B: Stopped processing property "Control.i_Control_sva._cover_9"	[128.00 s].
0.0.B: Starting proof for property "Control.i_Control_sva._assert_6:precondition1"	[0.00 s].
0.0.B: Trace Attempt  1	[0.01 s]
0.0.B: Trace Attempt  2	[0.01 s]
0.0.B: Trace Attempt  3	[0.01 s]
0.0.B: Trace Attempt  4	[0.01 s]
0.0.B: Trace Attempt  5	[0.01 s]
0.0.Ncustom5: Trace Attempt 1206	[118.57 s]
0.0.Ncustom5: Per property time limit expired (127.99 s) [128.50 s]
0.0.Ncustom5: Stopped processing property "Control.i_Control_sva._cover_9"	[128.50 s].
0.0.Ncustom5: Starting proof for property "Control.i_Control_sva._assert_6:precondition1"	[0.00 s].
0.0.Ncustom5: Trace Attempt 128	[0.03 s]
0.0.Ncustom5: Trace Attempt  1	[0.85 s]
0.0.Ncustom5: Trace Attempt  2	[0.85 s]
0.0.Ncustom5: Trace Attempt  3	[0.85 s]
0.0.Ncustom5: Trace Attempt  5	[0.85 s]
0.0.Bm: Trace Attempt 1304	[615.41 s]
0.0.B: Trace Attempt 235	[4.08 s]
0.0.Ncustom5: Trace Attempt 381	[4.88 s]
0.0.Bm: Trace Attempt 1308	[621.51 s]
0.0.B: Trace Attempt 296	[8.25 s]
0.0.Bm: Trace Attempt 1309	[626.25 s]
0.0.B: Trace Attempt 327	[12.84 s]
0.0.Ncustom5: Trace Attempt 416	[16.44 s]
0.0.B: Trace Attempt 360	[16.98 s]
0.0.Bm: Trace Attempt 1311	[634.79 s]
0.0.B: Trace Attempt 375	[21.50 s]
0.0.Ncustom5: Trace Attempt 768	[25.39 s]
0.0.B: Trace Attempt 390	[26.38 s]
0.0.B: Trace Attempt 395	[31.41 s]
0.0.Bm: Trace Attempt 1313	[646.33 s]
0.0.Ncustom5: Trace Attempt 853	[32.92 s]
0.0.B: Trace Attempt 402	[36.59 s]
0.0.Bm: Trace Attempt 1316	[652.02 s]
0.0.Ncustom5: Trace Attempt 1219	[39.74 s]
0.0.B: Trace Attempt 408	[40.98 s]
0.0.B: Trace Attempt 413	[45.35 s]
0.0.Bm: Trace Attempt 1317	[659.56 s]
0.0.B: Trace Attempt 415	[49.56 s]
0.0.Bm: Trace Attempt 1318	[664.14 s]
0.0.Ncustom5: Trace Attempt 1300	[50.25 s]
0.0.B: Trace Attempt 419	[54.62 s]
0.0.Ncustom5: Trace Attempt 1336	[54.31 s]
0.0.Bm: Trace Attempt 1324	[669.45 s]
0.0.B: Trace Attempt 422	[60.00 s]
0.0.Bm: Trace Attempt 1327	[675.79 s]
0.0.B: Trace Attempt 426	[64.33 s]
0.0.B: Trace Attempt 429	[69.95 s]
0.0.Bm: Trace Attempt 1329	[686.39 s]
0.0.B: Trace Attempt 433	[74.53 s]
0.0.B: Trace Attempt 439	[80.78 s]
0.0.B: Trace Attempt 442	[85.25 s]
0.0.Bm: Trace Attempt 1331	[699.85 s]
0.0.B: Trace Attempt 445	[89.77 s]
0.0.Bm: Trace Attempt 1332	[704.45 s]
0.0.B: Trace Attempt 447	[95.22 s]
0.0.Bm: Trace Attempt 1333	[712.71 s]
0.0.B: Trace Attempt 449	[100.37 s]
0.0.Ncustom5: Trace Attempt 1408	[103.35 s]
0.0.B: Trace Attempt 453	[106.49 s]
0.0.Bm: Trace Attempt 1334	[720.67 s]
0.0.Ncustom5: Trace Attempt 1716	[110.21 s]
0.0.B: Trace Attempt 455	[111.31 s]
0.0.B: Trace Attempt 457	[116.67 s]
0.0.Bm: Trace Attempt 1338	[730.83 s]
0.0.Ncustom5: Trace Attempt 1789	[118.20 s]
0.0.B: Trace Attempt 460	[122.83 s]
0.0.Bm: Trace Attempt 1339	[738.43 s]
0.0.B: Trace Attempt 461	[126.47 s]
0.0.B: Per property time limit expired (128.00 s) [128.01 s]
0.0.B: Stopped processing property "Control.i_Control_sva._assert_6:precondition1"	[128.02 s].
0.0.B: Starting proof for property "Control.i_Control_sva._assert_5:precondition1"	[0.00 s].
0.0.B: Trace Attempt  1	[0.01 s]
0.0.B: Trace Attempt  2	[0.01 s]
0.0.B: Trace Attempt  3	[0.01 s]
0.0.B: Trace Attempt  4	[0.01 s]
0.0.B: Trace Attempt  5	[0.01 s]
0.0.Ncustom5: Stopped processing property "Control.i_Control_sva._assert_6:precondition1"	[128.09 s].
0.0.Ncustom5: Starting proof for property "Control.i_Control_sva._assert_5:precondition1"	[0.00 s].
0.0.Ncustom5: Trace Attempt  1	[0.14 s]
0.0.Ncustom5: Trace Attempt  2	[0.14 s]
0.0.Ncustom5: Trace Attempt  3	[0.15 s]
0.0.Ncustom5: Stopped processing property "Control.i_Control_sva._assert_5:precondition1"	[0.52 s].
0.0.Ncustom5: Starting proof for property "Control.i_Control_sva._assert_8"	[0.00 s].
0.0.B: Stopped processing property "Control.i_Control_sva._assert_5:precondition1"	[1.05 s].
0.0.B: Morphing to M
0.0.B: Trace Attempt 190	[1.04 s]
0.0.B: All properties determined. [0.00 s]
0.0.B: Exited with Success (@ 0.00 s)
0.0.M: clocks: 1, declared: 1, disabling: 0, posedge: 1, negedge: 0, noedge: 0, bothedge: 0
0.0.M: Starting proof for property "Control.i_Control_sva._assert_8"	[0.00 s].
0.0.M: Trace Attempt  1	[0.00 s]
0.0.M: Trace Attempt  2	[0.00 s]
0.0.M: Trace Attempt  3	[0.00 s]
0.0.M: Trace Attempt  4	[0.00 s]
0.0.Bm: Trace Attempt 1341	[742.62 s]
0.0.Ncustom5: Trace Attempt 291	[0.02 s]
0.0.Ncustom5: Per property time limit expired (1.00 s) [1.01 s]
0.0.Ncustom5: Stopped processing property "Control.i_Control_sva._assert_8"	[1.01 s].
0.0.Ncustom5: Starting proof for property "Control.i_Control_sva._assert_5:precondition1"	[0.00 s].
0.0.M: Trace Attempt 272	[0.97 s]
0.0.M: Per property time limit expired (0.99 s) [1.01 s]
0.0.M: Stopped processing property "Control.i_Control_sva._assert_8"	[1.01 s].
0.0.M: Starting proof for property "Control.i_Control_sva._assert_5:precondition1"	[0.00 s].
0.0.Ncustom5: Trace Attempt 65	[0.01 s]
0.0.M: Trace Attempt  1	[0.02 s]
0.0.M: Trace Attempt  2	[0.03 s]
0.0.M: Trace Attempt  3	[0.03 s]
0.0.Ncustom5: Trace Attempt  1	[0.14 s]
0.0.Ncustom5: Trace Attempt  2	[0.14 s]
0.0.Ncustom5: Trace Attempt  3	[0.14 s]
0.0.Ncustom5: Trace Attempt 199	[4.27 s]
0.0.Ncustom5: Stopped processing property "Control.i_Control_sva._assert_5:precondition1"	[4.30 s].
0.0.Ncustom5: Morphing to AB
0.0.Ncustom5: All properties determined. [0.00 s]
0.0.Ncustom5: Exited with Success (@ 0.00 s)
0.0.AB: clocks: 1, declared: 1, disabling: 0, posedge: 1, negedge: 0, noedge: 0, bothedge: 0
0.0.AB: Starting proof for property "Control.i_Control_sva._assert_7:precondition1"	[0.00 s].
0.0.AB: Trace Attempt  1	[0.00 s]
0.0.AB: Trace Attempt  2	[0.00 s]
0.0.AB: Trace Attempt  3	[0.00 s]
0.0.AB: Trace Attempt  4	[0.00 s]
0.0.AB: Trace Attempt  5	[0.00 s]
0.0.AB: Trace Attempt  1	[0.00 s]
0.0.AB: Trace Attempt  2	[0.00 s]
0.0.AB: Trace Attempt  3	[0.00 s]
0.0.AB: Trace Attempt  4	[0.00 s]
0.0.AB: Trace Attempt  5	[0.00 s]
0.0.AB: Trace Attempt  1	[0.01 s]
0.0.AB: Trace Attempt  2	[0.01 s]
0.0.AB: Trace Attempt  3	[0.01 s]
0.0.AB: Trace Attempt  4	[0.01 s]
0.0.AB: Trace Attempt  5	[0.01 s]
0.0.M: Stopped processing property "Control.i_Control_sva._assert_5:precondition1"	[4.31 s].
0.0.M: Morphing to AM
0.0.M: Trace Attempt 196	[1.75 s]
0.0.M: All properties determined. [0.00 s]
0.0.M: Exited with Success (@ 0.00 s)
0.0.AM: clocks: 1, declared: 1, disabling: 0, posedge: 1, negedge: 0, noedge: 0, bothedge: 0
0.0.AM: Starting proof for property "Control.i_Control_sva._assert_7:precondition1"	[0.00 s].
0.0.AM: Trace Attempt  1	[0.00 s]
0.0.AM: Trace Attempt  2	[0.00 s]
0.0.AM: Trace Attempt  3	[0.00 s]
0.0.AM: Trace Attempt  4	[0.00 s]
0.0.AM: Trace Attempt  5	[0.00 s]
0.0.AM: Trace Attempt  1	[0.00 s]
0.0.AM: Trace Attempt  2	[0.00 s]
0.0.AM: Trace Attempt  3	[0.01 s]
0.0.AM: Trace Attempt  1	[0.01 s]
0.0.AM: Trace Attempt  2	[0.01 s]
0.0.AM: Trace Attempt  3	[0.01 s]
0.0.AM: Trace Attempt  1	[1.44 s]
0.0.AM: Trace Attempt  2	[1.44 s]
0.0.AM: Trace Attempt  3	[1.44 s]
0.0.AM: Trace Attempt  4	[1.44 s]
0.0.AB: Trace Attempt  1	[1.64 s]
0.0.AB: Trace Attempt  2	[1.64 s]
0.0.AB: Trace Attempt  3	[1.64 s]
0.0.AB: Trace Attempt  4	[1.64 s]
0.0.AB: Trace Attempt  5	[1.64 s]
0.0.AB: Trace Attempt 91	[1.99 s]
0.0.AB: Per property time limit expired (2.00 s) [2.00 s]
0.0.AB: Stopped processing property "Control.i_Control_sva._assert_7:precondition1"	[2.00 s].
0.0.AB: Starting proof for property "Control.i_Control_sva._assert_8"	[0.00 s].
0.0.AB: Trace Attempt  1	[0.00 s]
0.0.AB: Trace Attempt  2	[0.00 s]
0.0.AB: Trace Attempt  3	[0.00 s]
0.0.AB: Trace Attempt  4	[0.00 s]
0.0.AB: Trace Attempt  5	[0.00 s]
0.0.AB: Trace Attempt  1	[0.00 s]
0.0.AB: Trace Attempt  2	[0.00 s]
0.0.AB: Trace Attempt  3	[0.00 s]
0.0.AB: Trace Attempt  4	[0.01 s]
0.0.AB: Trace Attempt  5	[0.01 s]
0.0.AB: Trace Attempt  1	[0.01 s]
0.0.AB: Trace Attempt  2	[0.01 s]
0.0.AB: Trace Attempt  3	[0.01 s]
0.0.AB: Trace Attempt  4	[0.01 s]
0.0.AB: Trace Attempt  5	[0.01 s]
0.0.AM: Stopped processing property "Control.i_Control_sva._assert_7:precondition1"	[1.98 s].
0.0.AM: Starting proof for property "Control.i_Control_sva._assert_8"	[0.00 s].
0.0.AM: Trace Attempt  1	[0.01 s]
0.0.AM: Trace Attempt  2	[0.01 s]
0.0.AM: Trace Attempt  3	[0.01 s]
0.0.AM: Trace Attempt  4	[0.01 s]
0.0.AM: Trace Attempt  5	[0.01 s]
0.0.AM: Trace Attempt  1	[0.01 s]
0.0.AM: Trace Attempt  2	[0.01 s]
0.0.AM: Trace Attempt  3	[0.01 s]
0.0.AM: Trace Attempt  4	[0.01 s]
0.0.AM: Trace Attempt  1	[0.03 s]
0.0.AM: Trace Attempt  2	[0.03 s]
0.0.AM: Trace Attempt  3	[0.03 s]
0.0.Bm: Trace Attempt 1345	[750.43 s]
0.0.AB: Trace Attempt 56	[2.00 s]
0.0.AB: Per property time limit expired (2.00 s) [2.00 s]
0.0.AB: Stopped processing property "Control.i_Control_sva._assert_8"	[2.00 s].
0.0.AB: Starting proof for property "Control.i_Control_sva._assert_5:precondition1"	[0.00 s].
0.0.AB: Trace Attempt  1	[0.00 s]
0.0.AB: Trace Attempt  2	[0.00 s]
0.0.AB: Trace Attempt  3	[0.00 s]
0.0.AB: Trace Attempt  4	[0.00 s]
0.0.AB: Trace Attempt  5	[0.00 s]
0.0.AB: Trace Attempt  1	[0.00 s]
0.0.AB: Trace Attempt  2	[0.00 s]
0.0.AB: Trace Attempt  3	[0.00 s]
0.0.AB: Trace Attempt  4	[0.00 s]
0.0.AB: Trace Attempt  5	[0.00 s]
0.0.AB: Trace Attempt  1	[0.01 s]
0.0.AB: Trace Attempt  2	[0.01 s]
0.0.AB: Trace Attempt  3	[0.01 s]
0.0.AB: Trace Attempt  4	[0.01 s]
0.0.AB: Trace Attempt  5	[0.01 s]
0.0.AM: Stopped processing property "Control.i_Control_sva._assert_8"	[2.00 s].
0.0.AM: Starting proof for property "Control.i_Control_sva._assert_5:precondition1"	[0.00 s].
0.0.AM: Trace Attempt  1	[0.00 s]
0.0.AM: Trace Attempt  2	[0.00 s]
0.0.AM: Trace Attempt  3	[0.00 s]
0.0.AM: Trace Attempt  4	[0.00 s]
0.0.AM: Trace Attempt  5	[0.00 s]
0.0.AM: Trace Attempt  1	[0.01 s]
0.0.AM: Trace Attempt  2	[0.01 s]
0.0.AM: Trace Attempt  3	[0.01 s]
0.0.AM: Trace Attempt  1	[0.01 s]
0.0.AM: Trace Attempt  2	[0.01 s]
0.0.AM: Trace Attempt  3	[0.01 s]
0.0.AB: Trace Attempt  1	[0.18 s]
0.0.AB: Trace Attempt  2	[0.18 s]
0.0.AB: Trace Attempt  3	[0.18 s]
0.0.AB: Trace Attempt  4	[0.18 s]
0.0.AB: Trace Attempt  5	[0.18 s]
0.0.AM: Trace Attempt  1	[0.20 s]
0.0.AM: Trace Attempt  2	[0.20 s]
0.0.AM: Trace Attempt  3	[0.20 s]
0.0.AM: Stopped processing property "Control.i_Control_sva._assert_5:precondition1"	[0.22 s].
0.0.AM: Morphing to D
0.0.AM: Trace Attempt 25	[0.21 s]
0.0.AM: All properties determined. [0.00 s]
0.0.AM: Exited with Success (@ 0.00 s)
0.0.AB: Stopped processing property "Control.i_Control_sva._assert_5:precondition1"	[0.23 s].
0.0.AB: Morphing to Ncustom4
0.0.AB: Trace Attempt 74	[0.23 s]
0.0.AB: All properties determined. [0.00 s]
0.0.AB: Exited with Success (@ 0.00 s)
0.0.Ncustom4: clocks: 1, declared: 1, disabling: 0, posedge: 1, negedge: 0, noedge: 0, bothedge: 0
0.0.Ncustom4: Starting proof for property "Control.i_Control_sva._assert_8"	[0.00 s].
0.0.D: clocks: 1, declared: 1, disabling: 0, posedge: 1, negedge: 0, noedge: 0, bothedge: 0
0.0.D: Starting proof for property "Control.i_Control_sva._assert_8"	[0.00 s].
0.0.D: Trace Attempt  1	[0.00 s]
0.0.D: Trace Attempt  2	[0.00 s]
0.0.D: Trace Attempt  3	[0.00 s]
0.0.D: Trace Attempt  4	[0.00 s]
0.0.Ncustom4: Trace Attempt 291	[0.02 s]
0.0.D: Trace Attempt 38	[1.07 s]
0.0.D: Per property time limit expired (4.00 s) [4.00 s]
0.0.D: Stopped processing property "Control.i_Control_sva._assert_8"	[4.00 s].
0.0.D: Starting proof for property "Control.i_Control_sva._assert_7:precondition1"	[0.00 s].
0.0.D: Trace Attempt  1	[0.00 s]
0.0.D: Trace Attempt  2	[0.00 s]
0.0.D: Trace Attempt  3	[0.00 s]
0.0.D: Trace Attempt  4	[0.01 s]
0.0.Ncustom4: Per property time limit expired (4.00 s) [4.01 s]
0.0.Ncustom4: Stopped processing property "Control.i_Control_sva._assert_8"	[4.01 s].
0.0.Ncustom4: Starting proof for property "Control.i_Control_sva._assert_7:precondition1"	[0.00 s].
0.0.Bm: Trace Attempt 1346	[756.20 s]
0.0.D: Trace Attempt 29	[0.28 s]
0.0.D: Per property time limit expired (4.00 s) [4.00 s]
0.0.D: Stopped processing property "Control.i_Control_sva._assert_7:precondition1"	[4.00 s].
0.0.D: Starting proof for property "Control.i_Control_sva._assert_5:precondition1"	[0.00 s].
0.0.D: Trace Attempt 113	[0.01 s]
0.0.Ncustom4: Stopped processing property "Control.i_Control_sva._assert_7:precondition1"	[4.01 s].
0.0.Ncustom4: Starting proof for property "Control.i_Control_sva._assert_5:precondition1"	[0.00 s].
0.0.Ncustom4: Trace Attempt  1	[0.14 s]
0.0.Ncustom4: Trace Attempt  2	[0.14 s]
0.0.Ncustom4: Trace Attempt  3	[0.14 s]
0.0.Bm: Trace Attempt 1347	[763.92 s]
0.0.Ncustom4: Trace Attempt 210	[4.15 s]
0.0.D: Stopped processing property "Control.i_Control_sva._assert_5:precondition1"	[5.67 s].
0.0.D: Morphing to M
0.0.D: All properties determined. [0.00 s]
0.0.D: Exited with Success (@ 0.00 s)
0.0.M: clocks: 1, declared: 1, disabling: 0, posedge: 1, negedge: 0, noedge: 0, bothedge: 0
0.0.M: Starting proof for property "Control.i_Control_sva._assert_8"	[0.00 s].
0.0.M: Trace Attempt  1	[0.00 s]
0.0.M: Trace Attempt  2	[0.00 s]
0.0.M: Trace Attempt  3	[0.00 s]
0.0.M: Trace Attempt  4	[0.00 s]
0.0.Ncustom4: Stopped processing property "Control.i_Control_sva._assert_5:precondition1"	[5.68 s].
0.0.Ncustom4: Morphing to AD
0.0.Ncustom4: Trace Attempt 287	[5.64 s]
0.0.Ncustom4: All properties determined. [0.00 s]
0.0.Ncustom4: Exited with Success (@ 0.00 s)
0.0.AD: clocks: 1, declared: 1, disabling: 0, posedge: 1, negedge: 0, noedge: 0, bothedge: 0
0.0.AD: Starting proof for property "Control.i_Control_sva._assert_8"	[0.00 s].
0.0.AD: Trace Attempt  1	[0.00 s]
0.0.AD: Trace Attempt  2	[0.00 s]
0.0.AD: Trace Attempt  3	[0.00 s]
0.0.AD: Trace Attempt  4	[0.00 s]
0.0.AD: Trace Attempt  5	[0.00 s]
0.0.AD: Trace Attempt  1	[0.01 s]
0.0.AD: Trace Attempt  2	[0.01 s]
0.0.AD: Trace Attempt  3	[0.01 s]
0.0.AD: Trace Attempt  4	[0.01 s]
0.0.AD: Trace Attempt  1	[0.02 s]
0.0.AD: Trace Attempt  2	[0.02 s]
0.0.AD: Trace Attempt  3	[0.03 s]
0.0.AD: Trace Attempt  4	[0.03 s]
0.0.M: Trace Attempt 565	[4.04 s]
0.0.AD: Trace Attempt 44	[0.86 s]
0.0.AD: Per property time limit expired (7.98 s) [7.98 s]
0.0.AD: Stopped processing property "Control.i_Control_sva._assert_8"	[7.98 s].
0.0.AD: Starting proof for property "Control.i_Control_sva._assert_7:precondition1"	[0.00 s].
0.0.AD: Trace Attempt  1	[0.00 s]
0.0.AD: Trace Attempt  2	[0.00 s]
0.0.AD: Trace Attempt  3	[0.00 s]
0.0.AD: Trace Attempt  4	[0.00 s]
0.0.AD: Trace Attempt  5	[0.00 s]
0.0.AD: Trace Attempt  1	[0.01 s]
0.0.AD: Trace Attempt  2	[0.01 s]
0.0.AD: Trace Attempt  3	[0.01 s]
0.0.AD: Trace Attempt  4	[0.01 s]
0.0.AD: Trace Attempt  1	[0.02 s]
0.0.AD: Trace Attempt  2	[0.02 s]
0.0.AD: Trace Attempt  3	[0.02 s]
0.0.AD: Trace Attempt  4	[0.02 s]
0.0.M: Trace Attempt 612	[5.25 s]
0.0.M: Per property time limit expired (8.00 s) [8.09 s]
0.0.M: Stopped processing property "Control.i_Control_sva._assert_8"	[8.09 s].
0.0.M: Starting proof for property "Control.i_Control_sva._assert_7:precondition1"	[0.00 s].
0.0.M: Trace Attempt  1	[0.02 s]
0.0.M: Trace Attempt  2	[0.03 s]
0.0.M: Trace Attempt  3	[0.03 s]
0.0.M: Trace Attempt  4	[0.03 s]
0.0.Bm: Trace Attempt 1349	[776.34 s]
0.0.M: Trace Attempt 224	[4.04 s]
0.0.AD: Trace Attempt 66	[3.57 s]
0.0.AD: Per property time limit expired (8.00 s) [8.01 s]
0.0.AD: Stopped processing property "Control.i_Control_sva._assert_7:precondition1"	[8.01 s].
0.0.AD: Starting proof for property "Control.i_Control_sva._assert_5:precondition1"	[0.00 s].
0.0.AD: Trace Attempt  1	[0.00 s]
0.0.AD: Trace Attempt  2	[0.00 s]
0.0.AD: Trace Attempt  3	[0.00 s]
0.0.AD: Trace Attempt  4	[0.00 s]
0.0.AD: Trace Attempt  5	[0.00 s]
0.0.AD: Trace Attempt  1	[0.00 s]
0.0.AD: Trace Attempt  2	[0.00 s]
0.0.AD: Trace Attempt  3	[0.00 s]
0.0.AD: Trace Attempt  5	[0.00 s]
0.0.AD: Trace Attempt  1	[0.01 s]
0.0.AD: Trace Attempt  2	[0.01 s]
0.0.AD: Trace Attempt  3	[0.01 s]
0.0.AD: Trace Attempt  5	[0.01 s]
0.0.M: Stopped processing property "Control.i_Control_sva._assert_7:precondition1"	[7.99 s].
0.0.M: Starting proof for property "Control.i_Control_sva._assert_5:precondition1"	[0.00 s].
0.0.M: Trace Attempt  1	[0.02 s]
0.0.M: Trace Attempt  2	[0.02 s]
0.0.M: Trace Attempt  3	[0.03 s]
0.0.AD: Stopped processing property "Control.i_Control_sva._assert_5:precondition1"	[2.21 s].
0.0.AD: Morphing to AMcustom3
0.0.AD: Trace Attempt 42	[2.21 s]
0.0.AD: All properties determined. [0.00 s]
0.0.AD: Exited with Success (@ 0.00 s)
0.0.AMcustom3: clocks: 1, declared: 1, disabling: 0, posedge: 1, negedge: 0, noedge: 0, bothedge: 0
0.0.AMcustom3: Starting proof for property "Control.i_Control_sva._assert_5:precondition1"	[0.00 s].
0.0.AMcustom3: Trace Attempt  1	[0.00 s]
0.0.AMcustom3: Trace Attempt  2	[0.00 s]
0.0.AMcustom3: Trace Attempt  3	[0.00 s]
0.0.AMcustom3: Trace Attempt  4	[0.00 s]
0.0.AMcustom3: Trace Attempt  5	[0.00 s]
0.0.AMcustom3: Trace Attempt  1	[0.01 s]
0.0.AMcustom3: Trace Attempt  2	[0.01 s]
0.0.AMcustom3: Trace Attempt  3	[0.01 s]
0.0.M: Stopped processing property "Control.i_Control_sva._assert_5:precondition1"	[2.17 s].
0.0.M: Morphing to Ncustom1
0.0.M: Trace Attempt 196	[2.10 s]
0.0.M: All properties determined. [0.00 s]
0.0.M: Exited with Success (@ 0.00 s)
0.0.Ncustom1: clocks: 1, declared: 1, disabling: 0, posedge: 1, negedge: 0, noedge: 0, bothedge: 0
0.0.Ncustom1: Starting proof for property "Control.i_Control_sva._assert_5:precondition1"	[0.00 s].
0.0.Ncustom1: Trace Attempt 65	[0.00 s]
0.0.Ncustom1: Trace Attempt  1	[0.17 s]
0.0.Ncustom1: Trace Attempt  2	[0.17 s]
0.0.Ncustom1: Trace Attempt  3	[0.17 s]
0.0.AMcustom3: Trace Attempt  1	[0.22 s]
0.0.AMcustom3: Trace Attempt  2	[0.22 s]
0.0.AMcustom3: Trace Attempt  3	[0.22 s]
0.0.Ncustom1: Trace Attempt 199	[4.62 s]
0.0.Bm: Trace Attempt 1351	[789.19 s]
0.0.AMcustom3: Trace Attempt 236	[5.29 s]
0.0.AMcustom3: Trace Attempt 393	[10.32 s]
0.0.Bm: Trace Attempt 1354	[794.70 s]
0.0.Ncustom1: Trace Attempt 291	[14.05 s]
0.0.AMcustom3: Trace Attempt 462	[15.74 s]
0.0.AMcustom3: Trace Attempt 471	[15.99 s]
0.0.AMcustom3: Per property time limit expired (16.00 s) [16.08 s]
0.0.AMcustom3: Stopped processing property "Control.i_Control_sva._assert_5:precondition1"	[16.09 s].
0.0.AMcustom3: Starting proof for property "Control.i_Control_sva._assert_4:precondition1"	[0.00 s].
0.0.AMcustom3: Trace Attempt  1	[0.00 s]
0.0.AMcustom3: Trace Attempt  2	[0.00 s]
0.0.AMcustom3: Trace Attempt  3	[0.00 s]
0.0.AMcustom3: Trace Attempt  4	[0.00 s]
0.0.AMcustom3: Trace Attempt  5	[0.00 s]
0.0.AMcustom3: Trace Attempt  1	[0.01 s]
0.0.AMcustom3: Trace Attempt  2	[0.01 s]
0.0.AMcustom3: Trace Attempt  3	[0.01 s]
0.0.Ncustom1: Trace Attempt 337	[15.45 s]
0.0.Ncustom1: Per property time limit expired (15.98 s) [16.08 s]
0.0.Ncustom1: Stopped processing property "Control.i_Control_sva._assert_5:precondition1"	[16.08 s].
0.0.Ncustom1: Starting proof for property "Control.i_Control_sva._assert_4:precondition1"	[0.00 s].
0.0.Ncustom1: Trace Attempt 1344	[0.11 s]
0.0.AMcustom3: Trace Attempt  1	[0.20 s]
0.0.AMcustom3: Trace Attempt  2	[0.20 s]
0.0.AMcustom3: Trace Attempt  3	[0.20 s]
0.0.AMcustom3: Trace Attempt 393	[5.85 s]
0.0.Bm: Trace Attempt 1357	[806.31 s]
0.0.AMcustom3: Trace Attempt 480	[12.85 s]
0.0.AMcustom3: Trace Attempt 536	[14.00 s]
0.0.AMcustom3: Per property time limit expired (16.00 s) [16.09 s]
0.0.AMcustom3: Stopped processing property "Control.i_Control_sva._assert_4:precondition1"	[16.09 s].
0.0.AMcustom3: Starting proof for property "Control.i_Control_sva._assert_5:precondition1"	[0.00 s].
0.0.AMcustom3: Trace Attempt  1	[0.01 s]
0.0.AMcustom3: Trace Attempt  2	[0.01 s]
0.0.AMcustom3: Trace Attempt  3	[0.01 s]
0.0.AMcustom3: Trace Attempt  4	[0.01 s]
0.0.AMcustom3: Trace Attempt  5	[0.01 s]
0.0.AMcustom3: Trace Attempt  1	[0.01 s]
0.0.AMcustom3: Trace Attempt  2	[0.01 s]
0.0.AMcustom3: Trace Attempt  3	[0.01 s]
0.0.Ncustom1: Per property time limit expired (16.00 s) [16.09 s]
0.0.Ncustom1: Stopped processing property "Control.i_Control_sva._assert_4:precondition1"	[16.09 s].
0.0.Ncustom1: Starting proof for property "Control.i_Control_sva._assert_5:precondition1"	[0.00 s].
0.0.Ncustom1: Trace Attempt  1	[0.19 s]
0.0.Ncustom1: Trace Attempt  2	[0.19 s]
0.0.Ncustom1: Trace Attempt  3	[0.19 s]
0.0.AMcustom3: Trace Attempt  1	[0.22 s]
0.0.AMcustom3: Trace Attempt  2	[0.22 s]
0.0.AMcustom3: Trace Attempt  3	[0.22 s]
0.0.Bm: Trace Attempt 1359	[817.55 s]
0.0.AMcustom3: Stopped processing property "Control.i_Control_sva._assert_5:precondition1"	[2.85 s].
0.0.AMcustom3: Morphing to AB
0.0.AMcustom3: Trace Attempt 219	[2.81 s]
0.0.AMcustom3: All properties determined. [0.00 s]
0.0.AMcustom3: Exited with Success (@ 0.00 s)
0.0.AB: clocks: 1, declared: 1, disabling: 0, posedge: 1, negedge: 0, noedge: 0, bothedge: 0
0.0.AB: Starting proof for property "Control.i_Control_sva._assert_6:precondition1"	[0.00 s].
0.0.AB: Trace Attempt  1	[0.00 s]
0.0.AB: Trace Attempt  2	[0.00 s]
0.0.AB: Trace Attempt  3	[0.00 s]
0.0.AB: Trace Attempt  4	[0.00 s]
0.0.AB: Trace Attempt  5	[0.00 s]
0.0.AB: Trace Attempt  1	[0.00 s]
0.0.AB: Trace Attempt  2	[0.00 s]
0.0.AB: Trace Attempt  3	[0.00 s]
0.0.AB: Trace Attempt  4	[0.00 s]
0.0.AB: Trace Attempt  5	[0.00 s]
0.0.AB: Trace Attempt  1	[0.00 s]
0.0.AB: Trace Attempt  2	[0.00 s]
0.0.AB: Trace Attempt  3	[0.00 s]
0.0.AB: Trace Attempt  4	[0.00 s]
0.0.AB: Trace Attempt  5	[0.00 s]
0.0.Ncustom1: Stopped processing property "Control.i_Control_sva._assert_5:precondition1"	[2.83 s].
0.0.Ncustom1: Morphing to AM
0.0.Ncustom1: Trace Attempt 196	[1.91 s]
0.0.Ncustom1: All properties determined. [0.00 s]
0.0.Ncustom1: Exited with Success (@ 0.00 s)
0.0.AB: Trace Attempt  1	[0.02 s]
0.0.AB: Trace Attempt  2	[0.02 s]
0.0.AB: Trace Attempt  3	[0.02 s]
0.0.AB: Trace Attempt  4	[0.02 s]
0.0.AB: Trace Attempt  5	[0.02 s]
0.0.AM: clocks: 1, declared: 1, disabling: 0, posedge: 1, negedge: 0, noedge: 0, bothedge: 0
0.0.AM: Starting proof for property "Control.i_Control_sva._assert_6:precondition1"	[0.00 s].
0.0.AM: Trace Attempt  1	[0.00 s]
0.0.AM: Trace Attempt  2	[0.00 s]
0.0.AM: Trace Attempt  3	[0.00 s]
0.0.AM: Trace Attempt  4	[0.00 s]
0.0.AM: Trace Attempt  5	[0.00 s]
0.0.AM: Trace Attempt  1	[0.00 s]
0.0.AM: Trace Attempt  2	[0.00 s]
0.0.AM: Trace Attempt  3	[0.00 s]
0.0.AM: Trace Attempt  5	[0.00 s]
0.0.AM: Trace Attempt  1	[0.01 s]
0.0.AM: Trace Attempt  2	[0.01 s]
0.0.AM: Trace Attempt  3	[0.01 s]
0.0.AM: Trace Attempt  5	[0.01 s]
0.0.AM: Trace Attempt  1	[0.02 s]
0.0.AM: Trace Attempt  2	[0.02 s]
0.0.AM: Trace Attempt  3	[0.02 s]
0.0.AM: Trace Attempt  5	[0.03 s]
0.0.AM: Trace Attempt 373	[4.03 s]
0.0.AB: Trace Attempt 232	[4.12 s]
0.0.Bm: Trace Attempt 1360	[823.60 s]
0.0.AB: Trace Attempt 266	[8.17 s]
0.0.AB: Trace Attempt 287	[12.32 s]
0.0.Bm: Trace Attempt 1363	[835.11 s]
0.0.AB: Trace Attempt 307	[16.42 s]
0.0.AM: Trace Attempt 416	[18.35 s]
0.0.AB: Trace Attempt 325	[20.48 s]
0.0.Bm: Trace Attempt 1364	[840.09 s]
0.0.AB: Trace Attempt 338	[24.75 s]
0.0.AM: Trace Attempt 768	[26.69 s]
0.0.AB: Trace Attempt 349	[28.96 s]
0.0.AB: Trace Attempt 357	[31.83 s]
0.0.AB: Per property time limit expired (31.98 s) [31.98 s]
0.0.AB: Stopped processing property "Control.i_Control_sva._assert_6:precondition1"	[31.99 s].
0.0.AB: Starting proof for property "Control.i_Control_sva._assert_5:precondition1"	[0.00 s].
0.0.AB: Trace Attempt  1	[0.00 s]
0.0.AB: Trace Attempt  2	[0.00 s]
0.0.AB: Trace Attempt  3	[0.00 s]
0.0.AB: Trace Attempt  4	[0.00 s]
0.0.AB: Trace Attempt  5	[0.00 s]
0.0.AB: Trace Attempt  1	[0.00 s]
0.0.AB: Trace Attempt  2	[0.00 s]
0.0.AB: Trace Attempt  3	[0.00 s]
0.0.AB: Trace Attempt  4	[0.01 s]
0.0.AB: Trace Attempt  5	[0.01 s]
0.0.AB: Trace Attempt  1	[0.01 s]
0.0.AB: Trace Attempt  2	[0.01 s]
0.0.AB: Trace Attempt  3	[0.01 s]
0.0.AB: Trace Attempt  4	[0.01 s]
0.0.AB: Trace Attempt  5	[0.01 s]
0.0.AB: Trace Attempt  1	[0.19 s]
0.0.AB: Trace Attempt  2	[0.19 s]
0.0.AB: Trace Attempt  3	[0.19 s]
0.0.AB: Trace Attempt  4	[0.19 s]
0.0.AB: Trace Attempt  5	[0.19 s]
0.0.AM: Stopped processing property "Control.i_Control_sva._assert_6:precondition1"	[32.17 s].
0.0.AM: Starting proof for property "Control.i_Control_sva._assert_5:precondition1"	[0.00 s].
0.0.AM: Trace Attempt  1	[0.00 s]
0.0.AM: Trace Attempt  2	[0.01 s]
0.0.AM: Trace Attempt  3	[0.03 s]
0.0.AM: Trace Attempt  4	[0.04 s]
0.0.AM: Trace Attempt  5	[0.05 s]
0.0.AM: Trace Attempt  1	[0.05 s]
0.0.AM: Trace Attempt  2	[0.05 s]
0.0.AM: Trace Attempt  3	[0.05 s]
0.0.AM: Trace Attempt  1	[0.06 s]
0.0.AM: Trace Attempt  2	[0.06 s]
0.0.AM: Trace Attempt  3	[0.06 s]
0.0.AM: Trace Attempt  1	[0.25 s]
0.0.AM: Trace Attempt  2	[0.25 s]
0.0.AM: Trace Attempt  3	[0.25 s]
0.0.AB: Trace Attempt 302	[4.21 s]
0.0.Bm: Trace Attempt 1369	[856.49 s]
0.0.AM: Trace Attempt 236	[5.51 s]
0.0.AB: Trace Attempt 360	[8.32 s]
0.0.Bm: Trace Attempt 1370	[861.00 s]
0.0.AM: Trace Attempt 393	[10.55 s]
0.0.AB: Trace Attempt 396	[12.34 s]
0.0.AM: Trace Attempt 462	[15.97 s]
0.0.AB: Trace Attempt 442	[16.39 s]
0.0.Bm: Trace Attempt 1371	[869.78 s]
0.0.AB: Trace Attempt 473	[20.44 s]
0.0.AM: Trace Attempt 520	[21.74 s]
0.0.AB: Trace Attempt 510	[24.45 s]
0.0.AM: Trace Attempt 703	[26.21 s]
0.0.Bm: Trace Attempt 1372	[878.36 s]
0.0.AB: Trace Attempt 535	[28.71 s]
0.0.AB: Trace Attempt 549	[31.90 s]
0.0.AB: Per property time limit expired (32.00 s) [32.01 s]
0.0.AB: Stopped processing property "Control.i_Control_sva._assert_5:precondition1"	[32.01 s].
0.0.AB: Starting proof for property "Control.i_Control_sva._assert_5:precondition1"	[0.00 s].
0.0.AB: Trace Attempt  1	[0.00 s]
0.0.AB: Trace Attempt  2	[0.00 s]
0.0.AB: Trace Attempt  3	[0.00 s]
0.0.AB: Trace Attempt  4	[0.00 s]
0.0.AB: Trace Attempt  5	[0.00 s]
0.0.AB: Trace Attempt  1	[0.01 s]
0.0.AB: Trace Attempt  2	[0.01 s]
0.0.AB: Trace Attempt  3	[0.01 s]
0.0.AB: Trace Attempt  4	[0.01 s]
0.0.AB: Trace Attempt  5	[0.01 s]
0.0.AB: Trace Attempt  1	[0.01 s]
0.0.AB: Trace Attempt  2	[0.01 s]
0.0.AB: Trace Attempt  3	[0.01 s]
0.0.AB: Trace Attempt  4	[0.01 s]
0.0.AB: Trace Attempt  5	[0.01 s]
0.0.AB: Trace Attempt  1	[0.18 s]
0.0.AB: Trace Attempt  2	[0.18 s]
0.0.AB: Trace Attempt  3	[0.18 s]
0.0.AB: Trace Attempt  4	[0.18 s]
0.0.AB: Trace Attempt  5	[0.19 s]
0.0.AM: Stopped processing property "Control.i_Control_sva._assert_5:precondition1"	[32.05 s].
0.0.AM: Starting proof for property "Control.i_Control_sva._assert_5:precondition1"	[0.00 s].
0.0.AM: Trace Attempt  1	[0.02 s]
0.0.AM: Trace Attempt  2	[0.03 s]
0.0.AM: Trace Attempt  3	[0.05 s]
0.0.AM: Trace Attempt  4	[0.06 s]
0.0.AM: Trace Attempt  5	[0.06 s]
0.0.AM: Trace Attempt  1	[0.06 s]
0.0.AM: Trace Attempt  2	[0.06 s]
0.0.AM: Trace Attempt  3	[0.06 s]
0.0.AM: Trace Attempt  1	[0.07 s]
0.0.AM: Trace Attempt  2	[0.07 s]
0.0.AM: Trace Attempt  3	[0.07 s]
0.0.AM: Trace Attempt  1	[0.25 s]
0.0.AM: Trace Attempt  2	[0.26 s]
0.0.AM: Trace Attempt  3	[0.26 s]
0.0.Bm: Trace Attempt 1374	[883.70 s]
0.0.AB: Stopped processing property "Control.i_Control_sva._assert_5:precondition1"	[2.79 s].
0.0.AB: Morphing to Tricustom6
0.0.AB: Trace Attempt 275	[2.79 s]
0.0.AB: All properties determined. [0.00 s]
0.0.AB: Exited with Success (@ 0.00 s)
0.0.Tricustom6: Starting clock optimization
0.0.Tricustom6: Finished clock optimization
0.0.Tricustom6: clocks: 1, declared: 1, disabling: 0, posedge: 1, negedge: 0, noedge: 0, bothedge: 0
0.0.AM: Stopped processing property "Control.i_Control_sva._assert_5:precondition1"	[2.57 s].
0.0.AM: Morphing to Hts
0.0.AM: Trace Attempt 192	[2.51 s]
0.0.AM: All properties determined. [0.00 s]
0.0.AM: Exited with Success (@ 0.00 s)
0.0.Hts: Starting proof for property "Control.i_Control_sva._assert_7:precondition1"	[0.00 s].
0.0.Tricustom6: Starting proof for property "Control.i_Control_sva._assert_7:precondition1"	[0.00 s].
0.0.Tricustom6: Trace Attempt  4	[0.00 s]
0.0.Tricustom6:    0.00" ---- Launching main thread ----
0.0.Tricustom6:    0.16" ---- Launching abstraction thread ----
0.0.Tricustom6:    0.18" ---- Launching multi-phase simplification thread ----
0.0.Hts: Trace Attempt  1	[0.25 s]
0.0.Hts: Trace Attempt  2	[0.25 s]
0.0.Hts: Trace Attempt  3	[0.25 s]
0.0.Hts: Trace Attempt  4	[0.25 s]
0.0.Hts: Trace Attempt  5	[0.25 s]
0.0.Tricustom6:    1.13" Simplification phase 1 complete
0.0.Tricustom6:    1.23" Simplification phase 2 complete
0.0.Tricustom6:    2.59" Simplification phase 3 complete
   2.59" ---- Completed simplification thread ----
   2.59" ---- Restarting main thread on simplified netlist ----
0.0.Tricustom6:    2.72" ---- Restarting abstraction thread on simplified netlist ----
0.0.Tricustom6: Trace Attempt 22712	[4.00 s]
0.0.Hts: Trace Attempt 47671	[4.35 s]
0.0.Hts: Trace Attempt 95324	[8.57 s]
0.0.Tricustom6: Trace Attempt 62436	[8.75 s]
0.0.Tricustom6: Trace Attempt 106052	[13.70 s]
0.0.Bm: Trace Attempt 1375	[902.02 s]
0.0.Bm: Trace Attempt 1376	[906.34 s]
0.0.Hts: Trace Attempt 131073	[22.59 s]
0.0.Tricustom6: Trace Attempt 131076	[15.74 s]
0.0.Tricustom6: A trace with 131075 cycles was found. There may exist shorter traces (as short as 131073 cycles) [32.71 s]
INFO (IPF047): 0.0.Tricustom6: The cover property "Control.i_Control_sva._assert_7:precondition1" was covered in 131075 cycles in 35.75 s.
INFO (IPF047): 0.0.Tricustom6: The cover property "Control.i_Control_sva._assert_4:precondition1" was covered in 131075 cycles in 35.75 s by the incidental trace "Control.i_Control_sva._assert_7:precondition1".
INFO (IPF055): 0.0.Tricustom6: A counterexample (cex) with 131075 cycles was found for the property "Control.i_Control_sva._assert_8" in 35.75 s by the incidental trace "Control.i_Control_sva._assert_7:precondition1".
INFO (IPF047): 0.0.Tricustom6: The cover property "Control.i_Control_sva._assert_8:precondition1" was covered in 131075 cycles in 35.75 s by the incidental trace "Control.i_Control_sva._assert_7:precondition1".
0.0.Tricustom6: Stopped processing property "Control.i_Control_sva._assert_7:precondition1"	[35.75 s].
0.0.Tricustom6: Starting proof for property "Control.i_Control_sva._assert_5:precondition1"	[0.00 s].
0.0.Tricustom6: Trace Attempt  4	[0.00 s]
0.0.Tricustom6:   35.66" ---- Launching main thread ----
0.0.Tricustom6:   35.84" ---- Launching abstraction thread ----
0: ProofGrid usable level: 3
0.0.Tricustom6:   35.86" ---- Launching multi-phase simplification thread ----
0.0.Bm: Trace Attempt 1378	[922.05 s]
0.0.Tricustom6: Stopped processing property "Control.i_Control_sva._assert_5:precondition1"	[0.45 s].
0.0.Tricustom6: Morphing to AMcustom2
0.0.Tricustom6: Trace Attempt 524	[0.49 s]
0.0.Tricustom6: All properties determined. [0.00 s]
0.0.Tricustom6: Exited with Success (@ 0.00 s)
0.0.AMcustom2: clocks: 1, declared: 1, disabling: 0, posedge: 1, negedge: 0, noedge: 0, bothedge: 0
0.0.AMcustom2: Starting proof for property "Control.i_Control_sva._cover_9"	[0.00 s].
0.0.AMcustom2: Trace Attempt  1	[0.00 s]
0.0.AMcustom2: Trace Attempt  2	[0.00 s]
0.0.AMcustom2: Trace Attempt  3	[0.00 s]
0.0.AMcustom2: Trace Attempt  4	[0.00 s]
0.0.AMcustom2: Trace Attempt  5	[0.00 s]
0.0.AMcustom2: Trace Attempt  1	[0.00 s]
0.0.AMcustom2: Trace Attempt  2	[0.00 s]
0.0.AMcustom2: Trace Attempt  3	[0.00 s]
0.0.AMcustom2: Trace Attempt  1	[0.01 s]
0.0.AMcustom2: Trace Attempt  2	[0.01 s]
0.0.AMcustom2: Trace Attempt  3	[0.01 s]
0.0.AMcustom2: Trace Attempt  1	[0.02 s]
0.0.AMcustom2: Trace Attempt  2	[0.02 s]
0.0.AMcustom2: Trace Attempt  3	[0.02 s]
0.0.Hts: Stopped processing property "Control.i_Control_sva._assert_7:precondition1"	[37.77 s].
0.0.Hts: Starting proof for property "Control.i_Control_sva._cover_9"	[0.00 s].
0.0.Bm: Trace Attempt 1419	[926.12 s]
0.0.AMcustom2: Trace Attempt 340	[5.61 s]
0.0.Bm: Trace Attempt 1462	[930.13 s]
0.0.Hts: Trace Attempt  1	[6.49 s]
0.0.Hts: Trace Attempt  2	[6.49 s]
0.0.Hts: Trace Attempt  3	[6.49 s]
0.0.Hts: Trace Attempt  4	[6.49 s]
0.0.Hts: Trace Attempt  5	[6.49 s]
0.0.AMcustom2: Trace Attempt 682	[11.39 s]
0.0.Hts: Trace Attempt 49028	[10.49 s]
0.0.Bm: Trace Attempt 1502	[934.21 s]
0.0.AMcustom2: Trace Attempt 795	[15.42 s]
0.0.Hts: Trace Attempt 89869	[14.49 s]
0.0.Bm: Trace Attempt 1538	[938.25 s]
0.0.AMcustom2: Trace Attempt 1102	[19.42 s]
0.0.Hts: Trace Attempt 134526	[18.49 s]
0.0.Bm: Trace Attempt 1571	[942.26 s]
0.0.AMcustom2: Trace Attempt 1338	[23.50 s]
0.0.Bm: Trace Attempt 1595	[946.28 s]
0.0.Hts: Trace Attempt 164496	[22.74 s]
0.0.AMcustom2: Trace Attempt 195	[27.56 s]
0.0.Bm: Trace Attempt 1625	[950.29 s]
0.0.Hts: Trace Attempt 209438	[26.74 s]
0.0.AMcustom2: Trace Attempt 306	[32.06 s]
0.0.Bm: Trace Attempt 1647	[954.34 s]
0.0.Hts: Trace Attempt 247675	[30.74 s]
0.0.AMcustom2: Trace Attempt 368	[36.07 s]
0.0.Bm: Trace Attempt 1673	[958.38 s]
0.0.Hts: Trace Attempt 292770	[34.74 s]
0.0.AMcustom2: Trace Attempt 433	[40.08 s]
0.0.Bm: Trace Attempt 1692	[962.48 s]
0.0.Hts: Trace Attempt 328964	[39.72 s]
0.0.Bm: Trace Attempt 1723	[966.59 s]
0.0.AMcustom2: Trace Attempt 453	[44.72 s]
0.0.Hts: Trace Attempt 353856	[43.72 s]
0.0.Bm: Trace Attempt 1743	[970.83 s]
0.0.AMcustom2: Trace Attempt 494	[48.73 s]
0.0.Hts: Trace Attempt 400684	[47.72 s]
0.0.Bm: Trace Attempt 1766	[974.91 s]
0.0.AMcustom2: Trace Attempt 515	[54.15 s]
0.0.Bm: Trace Attempt 1772	[979.07 s]
0.0.AMcustom2: Trace Attempt 566	[58.21 s]
0.0.Bm: Trace Attempt 1791	[983.15 s]
0.0.AMcustom2: Trace Attempt 619	[62.24 s]
0.0.AMcustom2: Trace Attempt 627	[63.02 s]
0.0.AMcustom2: Per property time limit expired (63.98 s) [63.99 s]
0.0.AMcustom2: Stopped processing property "Control.i_Control_sva._cover_9"	[63.99 s].
0.0.AMcustom2: Starting proof for property "Control.i_Control_sva._assert_5:precondition1"	[0.00 s].
0.0.AMcustom2: Trace Attempt  1	[0.00 s]
0.0.AMcustom2: Trace Attempt  2	[0.00 s]
0.0.AMcustom2: Trace Attempt  3	[0.00 s]
0.0.AMcustom2: Trace Attempt  4	[0.00 s]
0.0.AMcustom2: Trace Attempt  5	[0.00 s]
0.0.AMcustom2: Trace Attempt  1	[0.00 s]
0.0.AMcustom2: Trace Attempt  2	[0.00 s]
0.0.AMcustom2: Trace Attempt  3	[0.01 s]
0.0.AMcustom2: Trace Attempt  1	[0.01 s]
0.0.AMcustom2: Trace Attempt  2	[0.01 s]
0.0.AMcustom2: Trace Attempt  3	[0.01 s]
0.0.AMcustom2: Trace Attempt  1	[0.17 s]
0.0.AMcustom2: Trace Attempt  2	[0.17 s]
0.0.AMcustom2: Trace Attempt  3	[0.17 s]
0.0.Bm: Trace Attempt 1807	[987.25 s]
0.0.AMcustom2: Trace Attempt 236	[4.99 s]
0.0.Bm: Trace Attempt 1808	[991.44 s]
0.0.Bm: Trace Attempt 1817	[995.67 s]
0.0.AMcustom2: Trace Attempt 393	[9.78 s]
0.0.AMcustom2: Trace Attempt 462	[15.60 s]
0.0.Hts: Stopped processing property "Control.i_Control_sva._cover_9"	[78.46 s].
0.0.Hts: Trace Attempt 432716	[50.46 s]
0.0.Hts: Terminated by signal SIGKILL (@ 1243.08 s)
0.0.Hts: Engine should be restarted (starts=1, unexpected_terminations=1)
   Last recorded RSS memory usage: 5.08864 MiB
   Last recorded free memory: 202.892 MiB out of 375.898 MiB
0.0.Hts: Restarting engine (local)
0.0.Hts: Proofgrid shell started at 2517289@della-i13n22(local) jg_2503760_della-i13n22_1
0.0.Hts: OS RSS memory limit : 17179869184 / 17179869184
0.0.Hts: clocks: 1, declared: 1, disabling: 0, posedge: 1, negedge: 0, noedge: 0, bothedge: 0
0.0.Hts: Starting proof for property "Control.i_Control_sva._assert_5:precondition1"	[0.00 s].
0.0.Hts: Trace Attempt  1	[0.00 s]
0.0.Hts: Trace Attempt  2	[0.00 s]
0.0.Hts: Trace Attempt  3	[0.00 s]
0.0.Hts: Trace Attempt  4	[0.00 s]
0.0.Hts: Trace Attempt  5	[0.00 s]
0.0.Hts: Trace Attempt 58265	[4.11 s]
0.0.Bm: Trace Attempt 1834	[1006.54 s]
0.0.AMcustom2: Trace Attempt 520	[21.75 s]
0.0.Hts: Trace Attempt 116519	[8.15 s]
0.0.Bm: Trace Attempt 1836	[1010.82 s]
0.0.AMcustom2: Trace Attempt 703	[26.40 s]
0.0.Hts: Trace Attempt 186044	[12.15 s]
0.0.Bm: Trace Attempt 1844	[1015.07 s]
0.0.Hts: Trace Attempt 233028	[16.71 s]
0.0.AMcustom2: Trace Attempt 864	[33.11 s]
0.0.Bm: Trace Attempt 1847	[1019.63 s]
0.0.AMcustom2: Trace Attempt 923	[37.13 s]
0.0.Bm: Trace Attempt 1850	[1025.59 s]
0.0.AMcustom2: Trace Attempt 1086	[43.36 s]
0.0.AMcustom2: Trace Attempt 1207	[47.40 s]
0.0.Bm: Trace Attempt 1851	[1034.27 s]
0.0.Hts: Trace Attempt 262145	[33.59 s]
0.0.Bm: Trace Attempt 1867	[1038.35 s]
0.0.AMcustom2: Trace Attempt 1374	[53.41 s]
0.0.Bm: Trace Attempt 1893	[1042.42 s]
0.0.AMcustom2: Trace Attempt 1579	[58.67 s]
0.0.Bm: Trace Attempt 1912	[1046.57 s]
0.0.AMcustom2: Trace Attempt 1682	[63.68 s]
0.0.AMcustom2: Trace Attempt 1688	[63.99 s]
0.0.AMcustom2: Per property time limit expired (64.00 s) [64.37 s]
0.0.AMcustom2: Stopped processing property "Control.i_Control_sva._assert_5:precondition1"	[64.37 s].
0.0.AMcustom2: Starting proof for property "Control.i_Control_sva._assert_5:precondition1"	[0.00 s].
0.0.AMcustom2: Trace Attempt  1	[0.01 s]
0.0.AMcustom2: Trace Attempt  2	[0.01 s]
0.0.AMcustom2: Trace Attempt  3	[0.02 s]
0.0.AMcustom2: Trace Attempt  4	[0.02 s]
0.0.AMcustom2: Trace Attempt  5	[0.02 s]
0.0.AMcustom2: Trace Attempt  1	[0.02 s]
0.0.AMcustom2: Trace Attempt  2	[0.02 s]
0.0.AMcustom2: Trace Attempt  3	[0.02 s]
0.0.AMcustom2: Trace Attempt  1	[0.02 s]
0.0.AMcustom2: Trace Attempt  2	[0.02 s]
0.0.AMcustom2: Trace Attempt  3	[0.02 s]
0.0.AMcustom2: Trace Attempt  1	[0.20 s]
0.0.AMcustom2: Trace Attempt  2	[0.20 s]
0.0.AMcustom2: Trace Attempt  3	[0.20 s]
0.0.Hts: Per property time limit expired (47.84 s) [50.00 s]
0.0.Hts: Stopped processing property "Control.i_Control_sva._assert_5:precondition1"	[50.00 s].
0.0.Hts: Starting proof for property "Control.i_Control_sva._assert_5:precondition1"	[0.00 s].
0.0.AMcustom2: Stopped processing property "Control.i_Control_sva._assert_5:precondition1"	[3.81 s].
0.0.AMcustom2: Morphing to B
0.0.AMcustom2: Trace Attempt 235	[2.77 s]
0.0.AMcustom2: All properties determined. [0.00 s]
0.0.AMcustom2: Exited with Success (@ 0.00 s)
0.0.B: clocks: 1, declared: 1, disabling: 0, posedge: 1, negedge: 0, noedge: 0, bothedge: 0
0.0.B: Starting proof for property "Control.i_Control_sva._assert_5:precondition1"	[0.00 s].
0.0.B: Trace Attempt  1	[0.00 s]
0.0.B: Trace Attempt  2	[0.00 s]
0.0.B: Trace Attempt  3	[0.00 s]
0.0.B: Trace Attempt  4	[0.00 s]
0.0.B: Trace Attempt  5	[0.00 s]
0.0.Ht: Trace Attempt 19806	[1295.57 s]
0.0.Bm: Trace Attempt 1916	[1055.95 s]
0.0.B: Trace Attempt 298	[4.01 s]
0.0.Ht: Trace Attempt 34079	[1299.94 s]
0.0.Bm: Trace Attempt 1917	[1061.54 s]
0.0.Hts: Stopped processing property "Control.i_Control_sva._assert_5:precondition1"	[9.29 s].
0.0.Hts: Morphing to Tricustom6
0.0.Hts: All properties determined. [0.00 s]
0.0.Hts: Exited with Success (@ 0.00 s)
0.0.Tricustom6: Starting clock optimization
0.0.Tricustom6: Finished clock optimization
0.0.Tricustom6: clocks: 1, declared: 1, disabling: 0, posedge: 1, negedge: 0, noedge: 0, bothedge: 0
0.0.Tricustom6: Starting proof for property "Control.i_Control_sva._assert_5:precondition1"	[0.00 s].
0.0.Tricustom6: Trace Attempt  4	[0.00 s]
0.0.Tricustom6:    0.00" ---- Launching main thread ----
0.0.Tricustom6:    0.16" ---- Launching abstraction thread ----
0.0.Tricustom6:    0.18" ---- Launching multi-phase simplification thread ----
0.0.B: Trace Attempt 334	[8.29 s]
0.0.Ht: Trace Attempt 70500	[1303.94 s]
0.0.Tricustom6:    1.27" Simplification phase 1 complete
0.0.Tricustom6:    1.35" Simplification phase 2 complete
0.0.Tricustom6:    2.52" Simplification phase 3 complete
   2.52" ---- Completed simplification thread ----
   2.52" ---- Restarting main thread on simplified netlist ----
0.0.Tricustom6:    2.64" ---- Restarting abstraction thread on simplified netlist ----
0.0.Tricustom6: Trace Attempt 31516	[4.00 s]
0.0.B: Trace Attempt 352	[12.30 s]
0.0.Ht: Trace Attempt 103380	[1307.98 s]
0.0.Tricustom6: Trace Attempt 72624	[9.00 s]
0.0.Ht: Trace Attempt 143463	[1311.98 s]
0.0.B: Trace Attempt 371	[16.86 s]
0.0.Bm: Trace Attempt 1918	[1072.51 s]
0.0.Ht: Trace Attempt 171650	[1315.98 s]
0.0.B: Trace Attempt 381	[21.07 s]
0.0.Tricustom6: Trace Attempt 118232	[14.16 s]
0.0.Bm: Trace Attempt 1924	[1076.64 s]
0.0.Ht: Trace Attempt 212629	[1319.98 s]
0.0.B: Trace Attempt 393	[25.17 s]
0.0.Bm: Trace Attempt 1942	[1080.80 s]
0.0.Tricustom6: Trace Attempt 164768	[19.99 s]
0.0.Ht: Trace Attempt 248575	[1323.98 s]
0.0.B: Trace Attempt 410	[30.68 s]
0.0.Tricustom6: Trace Attempt 212220	[23.99 s]
0.0.Bm: Trace Attempt 1946	[1087.94 s]
0.0.B: Trace Attempt 413	[35.41 s]
0.0.Bm: Trace Attempt 1949	[1092.69 s]
0.0.B: Trace Attempt 418	[39.58 s]
0.0.B: Trace Attempt 436	[45.01 s]
0.0.B: Trace Attempt 438	[49.60 s]
0.0.Ht: Trace Attempt 262145	[1346.88 s]
0.0.B: Trace Attempt 448	[54.99 s]
0.0.B: Trace Attempt 461	[60.06 s]
0.0.Bm: Trace Attempt 1966	[1115.76 s]
0.0.B: Trace Attempt 479	[64.39 s]
0.0.B: Trace Attempt 482	[68.94 s]
0.0.Bm: Trace Attempt 1967	[1123.51 s]
0.0.B: Trace Attempt 484	[72.95 s]
0.0.Bm: Trace Attempt 1968	[1128.57 s]
0.0.B: Trace Attempt 490	[77.55 s]
0.0.B: Trace Attempt 492	[82.41 s]
0.0.Bm: Trace Attempt 1978	[1139.08 s]
0.0.B: Trace Attempt 494	[87.36 s]
0.0.Bm: Trace Attempt 1983	[1144.09 s]
0.0.B: Trace Attempt 496	[92.00 s]
0.0.B: Trace Attempt 506	[98.31 s]
0.0.Bm: Trace Attempt 1995	[1156.71 s]
0.0.B: Trace Attempt 508	[103.48 s]
0.0.Tricustom6: Trace Attempt 262148	[27.03 s]
0.0.Tricustom6: A trace with 262147 cycles was found. There may exist shorter traces (as short as 262145 cycles) [98.41 s]
INFO (IPF047): 0.0.Tricustom6: The cover property "Control.i_Control_sva._assert_5:precondition1" was covered in 262147 cycles in 106.84 s.
0: ProofGrid usable level: 2
0.0.Bm: Trace Attempt 1996	[1166.54 s]
0.0.B: Trace Attempt 514	[111.11 s]
0.0.B: Stopped processing property "Control.i_Control_sva._assert_5:precondition1"	[114.51 s].
0.0.B: Starting proof for property "Control.i_Control_sva._cover_9"	[0.00 s].
0.0.B: Trace Attempt  1	[0.01 s]
0.0.B: Trace Attempt  2	[0.01 s]
0.0.B: Trace Attempt  3	[0.01 s]
0.0.B: Trace Attempt  4	[0.01 s]
0.0.B: Trace Attempt  5	[0.01 s]
0.0.Tricustom6: Stopped processing property "Control.i_Control_sva._assert_5:precondition1"	[107.02 s].
0.0.Tricustom6: Starting proof for property "Control.i_Control_sva._cover_9"	[0.00 s].
0.0.Tricustom6: Trace Attempt  4	[0.00 s]
0.0.Tricustom6:  105.20" ---- Launching main thread ----
0.0.Tricustom6:  105.41" ---- Launching abstraction thread ----
0.0.Tricustom6:  105.44" ---- Launching multi-phase simplification thread ----
0.0.Ht: Terminated by signal SIGKILL (@ 1409.47 s)
0.0.Ht: Engine should be restarted (starts=1, unexpected_terminations=1)
   Last recorded RSS memory usage: 10.3699 MiB
   Last recorded free memory: 196.421 MiB out of 375.898 MiB
0.0.Ht: Restarting engine (local)
0.0.Ht: Proofgrid shell started at 2519728@della-i13n22(local) jg_2503760_della-i13n22_1
0.0.Ht: OS RSS memory limit : 17179869184 / 17179869184
0.0.Ht: clocks: 1, declared: 1, disabling: 0, posedge: 1, negedge: 0, noedge: 0, bothedge: 0
0.0.Ht: Trace Attempt  1	[0.00 s]
0.0.Ht: Trace Attempt  2	[0.00 s]
0.0.Ht: Trace Attempt  3	[0.00 s]
0.0.Ht: Trace Attempt  4	[0.00 s]
0.0.Ht: Trace Attempt  5	[0.00 s]
0.0.Tricustom6:  107.17" Simplification phase 1 complete
0.0.Tricustom6:  108.39" Simplification phase 2 complete
0.0.B: Trace Attempt 227	[4.03 s]
0.0.Tricustom6:  109.86" Simplification phase 3 complete
0.0.Tricustom6:  109.86" ---- Completed simplification thread ----
0.0.Tricustom6:  109.87" ---- Restarting main thread on simplified netlist ----
0.0.Tricustom6:  110.01" ---- Restarting abstraction thread on simplified netlist ----
0.0.Bm: Trace Attempt 1997	[1172.32 s]
0.0.Ht: Trace Attempt 39902	[4.00 s]
0.0.Tricustom6: Trace Attempt 41700	[7.14 s]
0.0.B: Trace Attempt 304	[8.10 s]
0.0.Bm: Trace Attempt 2038	[1176.42 s]
0.0.Ht: Trace Attempt 80499	[8.00 s]
0.0.Tricustom6: Trace Attempt 112908	[11.14 s]
0.0.B: Trace Attempt 355	[12.10 s]
0.0.Bm: Trace Attempt 2078	[1180.47 s]
0.0.Ht: Trace Attempt 117824	[12.00 s]
0.0.Tricustom6: Trace Attempt 155852	[15.14 s]
0.0.B: Trace Attempt 378	[16.43 s]
0.0.Bm: Trace Attempt 2115	[1184.53 s]
0.0.Ht: Trace Attempt 161319	[16.45 s]
0.0.Tricustom6: Trace Attempt 161124	[19.48 s]
0.0.Bm: Trace Attempt 2150	[1188.57 s]
0.0.B: Trace Attempt 384	[21.90 s]
0.0.Ht: Trace Attempt 198109	[20.45 s]
0.0.Tricustom6: Trace Attempt 239048	[23.64 s]
0.0.Bm: Trace Attempt 2182	[1192.69 s]
0.0.B: Trace Attempt 444	[25.91 s]
0.0.Ht: Trace Attempt 236587	[24.45 s]
0.0.Bm: Trace Attempt 2212	[1196.77 s]
0.0.B: Trace Attempt 455	[30.81 s]
0.0.Bm: Trace Attempt 2240	[1200.78 s]
0.0.Tricustom6: Trace Attempt 258596	[34.25 s]
0.0.Bm: Trace Attempt 2268	[1204.84 s]
0.0.Tricustom6: Trace Attempt 318276	[38.27 s]
0.0.B: Trace Attempt 457	[38.94 s]
0.0.Bm: Trace Attempt 2293	[1209.01 s]
0.0.Tricustom6: Trace Attempt 387856	[42.70 s]
0.0.B: Trace Attempt 465	[43.06 s]
0.0.Bm: Trace Attempt 2316	[1213.15 s]
0.0.B: Trace Attempt 466	[47.27 s]
0.0.Ht: Trace Attempt 262681	[47.04 s]
0.0.Bm: Trace Attempt 2339	[1217.35 s]
0.0.B: Trace Attempt 468	[52.58 s]
0.0.Tricustom6: Trace Attempt 391268	[54.40 s]
0.0.Tricustom6: Trace Attempt 439448	[58.40 s]
0.0.B: Trace Attempt 476	[61.12 s]
0.0.Bm: Trace Attempt 2359	[1228.28 s]
0.0.Tricustom6: Trace Attempt 479436	[62.40 s]
0.0.Bm: Trace Attempt 2360	[1233.12 s]
0.0.Tricustom6: Trace Attempt 514244	[66.69 s]
0.0.B: Trace Attempt 482	[68.48 s]
0.0.Bm: Trace Attempt 2382	[1237.21 s]
0.0.Bm: Trace Attempt 2404	[1241.21 s]
0.0.Bm: Trace Attempt 2423	[1245.64 s]
0.0.Ht: Terminated by signal SIGKILL (@ 1486.89 s)
0.0.Ht: Engine should be restarted (starts=2, unexpected_terminations=2)
   Last recorded RSS memory usage: 9.45584 MiB
   Last recorded free memory: 197.051 MiB out of 375.898 MiB
0.0.Ht: Restarting engine (local)
0.0.Ht: Proofgrid shell started at 2521109@della-i13n22(local) jg_2503760_della-i13n22_1
0.0.Ht: OS RSS memory limit : 17179869184 / 17179869184
0.0.Ht: clocks: 1, declared: 1, disabling: 0, posedge: 1, negedge: 0, noedge: 0, bothedge: 0
0.0.Ht: Trace Attempt  1	[0.00 s]
0.0.Ht: Trace Attempt  2	[0.00 s]
0.0.Ht: Trace Attempt  3	[0.00 s]
0.0.Ht: Trace Attempt  4	[0.00 s]
0.0.Ht: Trace Attempt  5	[0.00 s]
0.0.B: Trace Attempt 484	[80.43 s]
0.0.Bm: Trace Attempt 2444	[1249.71 s]
0.0.Ht: Trace Attempt 40343	[4.08 s]
0.0.Bm: Trace Attempt 2462	[1253.72 s]
0.0.B: Trace Attempt 492	[86.73 s]
0.0.Ht: Trace Attempt 80673	[8.23 s]
0.0.Bm: Trace Attempt 2479	[1257.81 s]
0.0.Ht: Trace Attempt 126285	[12.23 s]
0.0.Bm: Trace Attempt 2500	[1262.05 s]
0.0.Ht: Trace Attempt 161333	[16.35 s]
0.0.Bm: Trace Attempt 2519	[1266.22 s]
0.0.Ht: Trace Attempt 210699	[20.35 s]
0.0.B: Trace Attempt 494	[99.46 s]
0.0.Ht: Trace Attempt 251474	[24.35 s]
0.0.Bm: Trace Attempt 2536	[1270.40 s]
0.0.B: Trace Attempt 537	[104.09 s]
0.0.Bm: Trace Attempt 2547	[1276.58 s]
0.0.B: Trace Attempt 538	[109.86 s]
0.0.Bm: Trace Attempt 2560	[1280.63 s]
0.0.Bm: Trace Attempt 2575	[1284.84 s]
0.0.B: Trace Attempt 539	[118.40 s]
0.0.Bm: Trace Attempt 2591	[1289.25 s]
0.0.B: Trace Attempt 541	[124.13 s]
0.0.Ht: Trace Attempt 262681	[45.57 s]
0.0.Tricustom6: Trace Attempt 524292	[67.52 s]
0.0.Tricustom6: Per property time limit expired (128.00 s) [128.02 s]
0.0.Tricustom6: Stopped processing property "Control.i_Control_sva._cover_9"	[126.25 s].
0.0.Tricustom6: Starting proof for property "Control.i_Control_sva._assert_6:precondition1"	[0.00 s].
0.0.Tricustom6: Trace Attempt  4	[0.00 s]
0.0.Tricustom6:  233.23" ---- Launching main thread ----
0.0.B: Stopped processing property "Control.i_Control_sva._cover_9"	[126.28 s].
0.0.B: Starting proof for property "Control.i_Control_sva._assert_6:precondition1"	[0.00 s].
0.0.B: Trace Attempt  1	[0.00 s]
0.0.B: Trace Attempt  2	[0.00 s]
0.0.B: Trace Attempt  3	[0.00 s]
0.0.B: Trace Attempt  4	[0.00 s]
0.0.B: Trace Attempt  5	[0.00 s]
0.0.Tricustom6:  233.36" ---- Launching abstraction thread ----
0.0.Tricustom6:  233.38" ---- Launching multi-phase simplification thread ----
0.0.B: Stopped processing property "Control.i_Control_sva._assert_6:precondition1"	[0.38 s].
0.0.B: Morphing to I
0.0.B: Trace Attempt 132	[0.38 s]
0.0.B: All properties determined. [0.00 s]
0.0.B: Exited with Success (@ 0.00 s)
0.0.Tricustom6: Stopped processing property "Control.i_Control_sva._assert_6:precondition1"	[0.43 s].
0.0.Tricustom6: Starting proof for property "Control.i_Control_sva._assert_6:precondition1"	[0.00 s].
0.0.Tricustom6: Trace Attempt  4	[0.00 s]
0.0.Tricustom6:  233.66" ---- Launching main thread ----
0.0.I: clocks: 1, declared: 1, disabling: 0, posedge: 1, negedge: 0, noedge: 0, bothedge: 0
0.0.I: Starting proof for property "Control.i_Control_sva._assert_6:precondition1"	[0.00 s].
0.0.I: Trace Attempt  1	[0.01 s]
0.0.I: Trace Attempt  2	[0.01 s]
0.0.I: Trace Attempt  3	[0.01 s]
0.0.Tricustom6:  233.79" ---- Launching abstraction thread ----
0.0.Tricustom6:  233.82" ---- Launching multi-phase simplification thread ----
0.0.Tricustom6:  234.99" Simplification phase 1 complete
0.0.Tricustom6:  235.09" Simplification phase 2 complete
0.0.Tricustom6:  237.00" Simplification phase 3 complete
 237.00" ---- Completed simplification thread ----
 237.00" ---- Restarting main thread on simplified netlist ----
0.0.Tricustom6:  237.13" ---- Restarting abstraction thread on simplified netlist ----
0.0.I: Trace Attempt 82	[4.71 s]
0.0.Tricustom6: Trace Attempt 55900	[6.76 s]
0.0.Bm: Trace Attempt 2592	[1303.83 s]
0.0.Tricustom6: Trace Attempt 112284	[10.76 s]
0.0.I: Trace Attempt 115	[14.26 s]
0.0.Tricustom6: Trace Attempt 149264	[14.76 s]
0.0.Tricustom6: Trace Attempt 171480	[19.05 s]
0.0.Tricustom6: Trace Attempt 227648	[23.05 s]
0.0.Bm: Trace Attempt 2593	[1318.71 s]
0.0.Ht: Terminated by signal SIGKILL (@ 1563.56 s)
0.0.Ht: Engine should be restarted (starts=3, unexpected_terminations=3)
   Last recorded RSS memory usage: 9.44472 MiB
   Last recorded free memory: 194.87 MiB out of 375.898 MiB
0.0.Ht: Restarting engine (local)
0.0.Ht: Proofgrid shell started at 2521282@della-i13n22(local) jg_2503760_della-i13n22_1
0.0.Ht: OS RSS memory limit : 17179869184 / 17179869184
0.0.Ht: clocks: 1, declared: 1, disabling: 0, posedge: 1, negedge: 0, noedge: 0, bothedge: 0
0.0.Ht: Trace Attempt  1	[0.00 s]
0.0.Ht: Trace Attempt  2	[0.00 s]
0.0.Ht: Trace Attempt  3	[0.00 s]
0.0.Ht: Trace Attempt  4	[0.00 s]
0.0.Ht: Trace Attempt  5	[0.00 s]
0.0.Bm: Trace Attempt 2594	[1325.69 s]
0.0.Ht: Trace Attempt 40343	[4.04 s]
0.0.Tricustom6: Trace Attempt 262688	[31.50 s]
0.0.Bm: Trace Attempt 2607	[1329.75 s]
0.0.Ht: Trace Attempt 80617	[8.04 s]
0.0.Tricustom6: Trace Attempt 308320	[35.50 s]
0.0.I: Trace Attempt 150	[37.12 s]
0.0.Bm: Trace Attempt 2615	[1333.87 s]
0.0.Ht: Trace Attempt 116108	[12.04 s]
0.0.Bm: Trace Attempt 2631	[1338.27 s]
0.0.Ht: Trace Attempt 161108	[16.04 s]
0.0.Bm: Trace Attempt 2645	[1342.37 s]
0.0.Ht: Trace Attempt 196065	[20.04 s]
0.0.Tricustom6: Trace Attempt 336948	[50.44 s]
0.0.Bm: Trace Attempt 2659	[1346.45 s]
0.0.Ht: Trace Attempt 236991	[24.04 s]
0.0.Ht: Trace Attempt 274448	[28.04 s]
0.0.Ht: Trace Attempt 321369	[32.04 s]
0.0.Ht: Trace Attempt 338996	[36.04 s]
0.0.Bm: Trace Attempt 2666	[1360.66 s]
0.0.Ht: Trace Attempt 388982	[40.04 s]
0.0.Bm: Trace Attempt 2679	[1364.91 s]
0.0.I: Trace Attempt 180	[72.35 s]
0.0.Bm: Trace Attempt 2693	[1368.99 s]
0.0.Bm: Trace Attempt 2704	[1373.19 s]
0.0.Bm: Trace Attempt 2713	[1377.39 s]
0.0.Bm: Trace Attempt 2724	[1381.81 s]
0.0.Ht: Trace Attempt 393216	[40.38 s]
0.0.Ht: Terminated by signal SIGKILL (@ 1625.62 s)
0.0.Ht: Engine should be restarted (starts=4, unexpected_terminations=4)
   Last recorded RSS memory usage: 1.89493 MiB
   Last recorded free memory: 201.407 MiB out of 375.898 MiB
0.0.Ht: Restarting engine (local)
0.0.Ht: Proofgrid shell started at 2521706@della-i13n22(local) jg_2503760_della-i13n22_1
0.0.Ht: OS RSS memory limit : 17179869184 / 17179869184
0.0.Ht: clocks: 1, declared: 1, disabling: 0, posedge: 1, negedge: 0, noedge: 0, bothedge: 0
0.0.Ht: Trace Attempt  1	[0.00 s]
0.0.Ht: Trace Attempt  2	[0.00 s]
0.0.Ht: Trace Attempt  3	[0.00 s]
0.0.Ht: Trace Attempt  4	[0.00 s]
0.0.Ht: Trace Attempt  5	[0.00 s]
0.0.Ht: Trace Attempt 40329	[4.06 s]
0.0.Ht: Trace Attempt 80659	[8.15 s]
0.0.Ht: Trace Attempt 120562	[12.15 s]
0.0.Bm: Trace Attempt 2726	[1397.67 s]
0.0.Ht: Trace Attempt 161319	[16.23 s]
0.0.Ht: Trace Attempt 202440	[20.23 s]
0.0.Ht: Trace Attempt 242545	[24.23 s]
0.0.Ht: Trace Attempt 289577	[28.23 s]
0.0.Bm: Trace Attempt 2734	[1413.22 s]
0.0.Ht: Trace Attempt 322638	[32.37 s]
0.0.I: Trace Attempt 210	[124.31 s]
0.0.Ht: Trace Attempt 355421	[36.37 s]
0.0.I: Per property time limit expired (128.00 s) [128.00 s]
0.0.I: Stopped processing property "Control.i_Control_sva._assert_6:precondition1"	[128.00 s].
0.0.I: Starting proof for property "Control.i_Control_sva._assert_6:precondition1"	[0.00 s].
0.0.I: Trace Attempt  1	[0.00 s]
0.0.I: Trace Attempt  2	[0.00 s]
0.0.I: Trace Attempt  3	[0.00 s]
0.0.I: Stopped processing property "Control.i_Control_sva._assert_6:precondition1"	[0.65 s].
0.0.I: Morphing to Ncustom5
0.0.I: Trace Attempt 24	[0.03 s]
0.0.I: All properties determined. [0.00 s]
0.0.I: Exited with Success (@ 0.00 s)
0.0.Ncustom5: clocks: 1, declared: 1, disabling: 0, posedge: 1, negedge: 0, noedge: 0, bothedge: 0
0.0.Ncustom5: Starting proof for property "Control.i_Control_sva._cover_9"	[0.00 s].
0.0.Ncustom5: Trace Attempt  1	[2.31 s]
0.0.Ncustom5: Trace Attempt  2	[2.31 s]
0.0.Ncustom5: Trace Attempt  3	[2.31 s]
0.0.Tricustom6: Trace Attempt 393220	[54.41 s]
0.0.Tricustom6: A trace with 393219 cycles was found. There may exist shorter traces (as short as 393217 cycles) [125.32 s]
INFO (IPF047): 0.0.Tricustom6: The cover property "Control.i_Control_sva._assert_6:precondition1" was covered in 393219 cycles in 137.61 s.
0: ProofGrid usable level: 1
0.0.Tricustom6: Stopped processing property "Control.i_Control_sva._assert_6:precondition1"	[137.78 s].
0.0.Tricustom6: Starting proof for property "Control.i_Control_sva._cover_9"	[0.00 s].
0.0.Tricustom6: Trace Attempt  4	[0.00 s]
0.0.Tricustom6:  370.25" ---- Launching main thread ----
0.0.Ncustom5: Trace Attempt 284	[8.00 s]
0.0.Tricustom6:  370.45" ---- Launching abstraction thread ----
0.0.Tricustom6:  370.47" ---- Launching multi-phase simplification thread ----
0.0.Tricustom6:  371.34" Simplification phase 1 complete
0.0.Tricustom6:  371.45" Simplification phase 2 complete
0.0.Tricustom6:  372.03" Simplification phase 3 complete
 372.03" ---- Completed simplification thread ----
0.0.Tricustom6:  372.03" ---- Restarting main thread on simplified netlist ----
0.0.Tricustom6:  372.16" ---- Restarting abstraction thread on simplified netlist ----
0.0.Ncustom5: Stopped processing property "Control.i_Control_sva._cover_9"	[12.23 s].
0.0.Ncustom5: Morphing to AM
0.0.Ncustom5: Trace Attempt 364	[10.67 s]
0.0.Ncustom5: All properties determined. [0.00 s]
0.0.Ncustom5: Exited with Success (@ 0.00 s)
0.0.AM: clocks: 1, declared: 1, disabling: 0, posedge: 1, negedge: 0, noedge: 0, bothedge: 0
0.0.AM: Starting proof for property "Control.i_Control_sva._cover_9"	[0.00 s].
0.0.AM: Trace Attempt  1	[0.00 s]
0.0.AM: Trace Attempt  2	[0.00 s]
0.0.AM: Trace Attempt  3	[0.00 s]
0.0.AM: Trace Attempt  4	[0.00 s]
0.0.AM: Trace Attempt  5	[0.00 s]
0.0.AM: Trace Attempt  1	[0.00 s]
0.0.AM: Trace Attempt  2	[0.00 s]
0.0.AM: Trace Attempt  3	[0.00 s]
0.0.AM: Trace Attempt  1	[0.01 s]
0.0.AM: Trace Attempt  2	[0.01 s]
0.0.AM: Trace Attempt  3	[0.01 s]
0.0.AM: Trace Attempt  1	[0.02 s]
0.0.AM: Trace Attempt  2	[0.02 s]
0.0.AM: Trace Attempt  3	[0.02 s]
0.0.AM: Trace Attempt 340	[5.75 s]
0.0.Ht: Trace Attempt 393216	[39.55 s]
0.0.Ht: Terminated by signal SIGKILL (@ 1685.87 s)
0.0.Ht: Engine should be restarted (starts=5, unexpected_terminations=5)
   Last recorded RSS memory usage: 1.87946 MiB
   Last recorded free memory: 202.924 MiB out of 375.898 MiB
0.0.Ht: Restarting engine (local)
0.0.Ht: Proofgrid shell started at 2521918@della-i13n22(local) jg_2503760_della-i13n22_1
0.0.Ht: OS RSS memory limit : 17179869184 / 17179869184
0.0.Ht: clocks: 1, declared: 1, disabling: 0, posedge: 1, negedge: 0, noedge: 0, bothedge: 0
0.0.Ht: Trace Attempt  1	[0.00 s]
0.0.Ht: Trace Attempt  2	[0.00 s]
0.0.Ht: Trace Attempt  3	[0.00 s]
0.0.Ht: Trace Attempt  4	[0.00 s]
0.0.Ht: Trace Attempt  5	[0.00 s]
0.0.AM: Trace Attempt 654	[9.76 s]
0.0.Ht: Trace Attempt 43942	[4.00 s]
0.0.AM: Trace Attempt 748	[14.93 s]
0.0.Ht: Trace Attempt 87454	[8.00 s]
0.0.AM: Trace Attempt 953	[18.95 s]
0.0.Ht: Trace Attempt 136770	[12.00 s]
0.0.AM: Trace Attempt 1292	[22.95 s]
0.0.Ht: Trace Attempt 173107	[16.00 s]
0.0.AM: Trace Attempt 20	[27.10 s]
0.0.Ht: Trace Attempt 227372	[20.00 s]
0.0.AM: Trace Attempt 240	[31.15 s]
0.0.Ht: Trace Attempt 273130	[24.00 s]
0.0.AM: Trace Attempt 307	[35.44 s]
0.0.Ht: Trace Attempt 325818	[28.00 s]
0.0.Bm: Trace Attempt 2735	[1474.98 s]
0.0.AM: Trace Attempt 369	[40.20 s]
0.0.Ht: Trace Attempt 346384	[32.00 s]
0.0.Bm: Trace Attempt 2833	[1479.02 s]
0.0.AM: Trace Attempt 451	[44.23 s]
0.0.Ht: Trace Attempt 401448	[36.00 s]
0.0.Bm: Trace Attempt 2936	[1483.05 s]
0.0.Ht: Trace Attempt 455247	[40.00 s]
0.0.AM: Trace Attempt 454	[50.03 s]
0.0.Bm: Trace Attempt 2995	[1487.09 s]
0.0.Ht: Trace Attempt 492312	[44.00 s]
0.0.AM: Trace Attempt 513	[54.09 s]
0.0.Bm: Trace Attempt 3037	[1491.16 s]
0.0.AM: Trace Attempt 515	[58.29 s]
0.0.Bm: Trace Attempt 3075	[1495.26 s]
0.0.AM: Trace Attempt 563	[62.33 s]
0.0.Bm: Trace Attempt 3108	[1499.32 s]
0.0.AM: Trace Attempt 613	[66.54 s]
0.0.Bm: Trace Attempt 3141	[1503.43 s]
0.0.Bm: Trace Attempt 3164	[1507.50 s]
0.0.Ht: Trace Attempt 524288	[46.44 s]
0.0.Ht: Terminated by signal SIGKILL (@ 1752.48 s)
0.0.Ht: Engine should be restarted (starts=6, unexpected_terminations=6)
   Last recorded RSS memory usage: 2.40308 MiB
   Last recorded free memory: 198.297 MiB out of 375.898 MiB
0.0.Ht: Restarting engine (local)
0.0.Bm: Trace Attempt 3187	[1511.51 s]
0.0.Ht: Proofgrid shell started at 2522125@della-i13n22(local) jg_2503760_della-i13n22_1
0.0.Ht: OS RSS memory limit : 17179869184 / 17179869184
0.0.Ht: clocks: 1, declared: 1, disabling: 0, posedge: 1, negedge: 0, noedge: 0, bothedge: 0
0.0.Ht: Trace Attempt  1	[0.00 s]
0.0.Ht: Trace Attempt  2	[0.00 s]
0.0.Ht: Trace Attempt  3	[0.00 s]
0.0.Ht: Trace Attempt  4	[0.00 s]
0.0.Ht: Trace Attempt  5	[0.00 s]
0.0.Bm: Trace Attempt 3211	[1515.51 s]
0.0.Ht: Trace Attempt 43768	[4.00 s]
0.0.AM: Trace Attempt 628	[79.29 s]
0.0.Ht: Trace Attempt 86941	[8.00 s]
0.0.Bm: Trace Attempt 3234	[1519.67 s]
0.0.AM: Trace Attempt 638	[83.38 s]
0.0.Ht: Trace Attempt 136912	[12.00 s]
0.0.Bm: Trace Attempt 3253	[1523.73 s]
0.0.AM: Trace Attempt 682	[87.47 s]
0.0.Ht: Trace Attempt 173020	[16.00 s]
0.0.Bm: Trace Attempt 3271	[1527.82 s]
0.0.AM: Trace Attempt 694	[93.79 s]
0.0.Ht: Trace Attempt 227129	[20.00 s]
0.0.Bm: Trace Attempt 3287	[1531.99 s]
0.0.AM: Trace Attempt 724	[98.07 s]
0.0.Ht: Trace Attempt 271950	[24.00 s]
0.0.Bm: Trace Attempt 3308	[1536.24 s]
0.0.AM: Trace Attempt 749	[102.15 s]
0.0.Ht: Trace Attempt 324776	[28.00 s]
0.0.Bm: Trace Attempt 3328	[1540.32 s]
0.0.AM: Trace Attempt 777	[106.17 s]
0.0.Ht: Trace Attempt 343626	[32.00 s]
0.0.Bm: Trace Attempt 3343	[1544.37 s]
0.0.AM: Trace Attempt 797	[110.50 s]
0.0.Ht: Trace Attempt 398592	[36.00 s]
0.0.Bm: Trace Attempt 3361	[1548.57 s]
0.0.AM: Trace Attempt 823	[114.54 s]
0.0.Ht: Trace Attempt 452906	[40.00 s]
0.0.Bm: Trace Attempt 3379	[1552.76 s]
0.0.AM: Trace Attempt 840	[119.04 s]
0.0.Ht: Trace Attempt 490343	[44.00 s]
0.0.Bm: Trace Attempt 3398	[1556.93 s]
0.0.AM: Trace Attempt 854	[123.09 s]
0.0.Bm: Trace Attempt 3419	[1569.09 s]
0.0.Tricustom6: Trace Attempt 524292	[139.65 s]
0.0.Bm: Trace Attempt 3432	[1573.19 s]
0.0.AM: Trace Attempt 883	[138.65 s]
0.0.Bm: Trace Attempt 3451	[1577.81 s]
0.0.Ht: Trace Attempt 524288	[46.52 s]
0.0.Ht: Terminated by signal SIGKILL (@ 1819.67 s)
0.0.Ht: Engine should be restarted (starts=7, unexpected_terminations=7)
   Last recorded RSS memory usage: 2.47924 MiB
   Last recorded free memory: 201.173 MiB out of 375.898 MiB
0.0.Ht: Restarting engine (local)
0.0.Ht: Proofgrid shell started at 2522276@della-i13n22(local) jg_2503760_della-i13n22_1
0.0.Ht: OS RSS memory limit : 17179869184 / 17179869184
0.0.Ht: clocks: 1, declared: 1, disabling: 0, posedge: 1, negedge: 0, noedge: 0, bothedge: 0
0.0.Ht: Trace Attempt  1	[0.00 s]
0.0.Ht: Trace Attempt  2	[0.00 s]
0.0.Ht: Trace Attempt  3	[0.00 s]
0.0.Ht: Trace Attempt  4	[0.00 s]
0.0.Ht: Trace Attempt  5	[0.00 s]
0.0.AM: Requesting engine job to stop
0.0.Tricustom6: Requesting engine job to stop
0.0.Ht: Requesting engine job to terminate
0.0.Bm: Requesting engine job to terminate
INFO (IPF144): 0: Initiating shutdown of proof [1829.83 s]
0.0.Tricustom6: A trace with 524292 cycles was found. There may exist shorter traces (as short as 524289 cycles) [139.65 s]
INFO (IPF047): 0.0.Tricustom6: The cover property "Control.i_Control_sva._cover_9" was covered in 524292 cycles in 156.47 s.
0: ProofGrid usable level: 0
0.0.Bm: Trace Attempt 3466	[1582.38 s]
0.0.Bm: Trace Attempt 3497	[1586.56 s]
0.0.AM: Trace Attempt 884	[147.53 s]
0.0.AM: Trace Attempt 886	[151.66 s]
0.0.AM: Stopped processing property "Control.i_Control_sva._cover_9"	[153.37 s].
0.0.AM: Trace Attempt 902	[152.34 s]
0.0.AM: All properties determined. [152.46 s]
0.0.Tricustom6: Stopped processing property "Control.i_Control_sva._cover_9"	[156.51 s].
0.0.Tricustom6: All properties determined. [527.31 s]
0.0.Ht: Interrupted (multi)
0.0.Ht: Trace Attempt 16120	[1.35 s]
0.0.Ht: All properties determined. [10.19 s]
0.0.Ht: Exited with Success (@ 1829.95 s)
0.0.AM: Exited with Success (@ 1830.28 s)
0.0.Tricustom6: Exited with Success (@ 1831.07 s)
0.0.Bm: Trace Attempt 3505	[1588.85 s]
0.0.Bm: All properties determined. [1590.09 s]
0.0.Bm: Exited with Success (@ 1831.11 s)
0: --------------------------------------------------------------
ProofGrid Summary (utilization 99.99 %)
--------------------------------------------------------------
     engines started                               :    20
     engine jobs started                           :     4
     unexpected terminations                       :     8
       (0.Ht 0.Hts)

    Average time in state (seconds)
    ------------------------------------------------------
    Engine  Pending     Running        Dead    Utilization
    ------------------------------------------------------
     Ht        0.61     1829.16        0.05       99.97 %
     AM        0.09     1829.13        0.00       99.99 %
     Bm        0.05     1829.81        0.00      100.00 %
    Tricustom6        0.22     1814.23        0.00       99.99 %
    all        0.24     1825.58        0.01       99.99 %

    Total time in state (seconds)
    -----------------------------------------
            Pending     Running        Dead  
    -----------------------------------------
               0.98     7302.33        0.05

    Data read    : 319.01 MiB
    Data written : 10.86 MiB

0: All pending notifications were processed.
INFO (IPF059): Completed proof on task: "<embedded>" for proof thread 0

==============================================================
SUMMARY
==============================================================
           Properties Considered              : 17
                 assertions                   : 8
                  - proven                    : 7 (87.5%)
                  - bounded_proven (user)     : 0 (0%)
                  - bounded_proven (auto)     : 0 (0%)
                  - marked_proven             : 0 (0%)
                  - cex                       : 1 (12.5%)
                  - ar_cex                    : 0 (0%)
                  - undetermined              : 0 (0%)
                  - unknown                   : 0 (0%)
                  - error                     : 0 (0%)
                 covers                       : 9
                  - unreachable               : 2 (22.2222%)
                  - bounded_unreachable (user): 0 (0%)
                  - covered                   : 7 (77.7778%)
                  - ar_covered                : 0 (0%)
                  - undetermined              : 0 (0%)
                  - unknown                   : 0 (0%)
                  - error                     : 0 (0%)
[<embedded>] % 
[<embedded>] % # ---- Covers (best effort) ----
[<embedded>] % catch { cover -all }
1
[<embedded>] % 
[<embedded>] % # ---- Write summary ----
[<embedded>] % set fp [open $SUMMARY_TXT "w"]
file43
[<embedded>] % puts $fp "DESIGN_ID=$DESIGN_ID"
[<embedded>] % puts $fp "TOP=$TOP"
[<embedded>] % puts $fp "ASSERT_COUNT=[llength $ASSERTS]"
[<embedded>] % puts $fp "COVER_COUNT=[llength $COVERS]"
[<embedded>] % puts $fp "PROP_LIST=$PROP_LIST_TXT"
[<embedded>] % close $fp
[<embedded>] % 
[<embedded>] % puts "\n✅ DONE: Proof run completed (check Jasper property table / log for PROVED/FAILED)"

✅ DONE: Proof run completed (check Jasper property table / log for PROVED/FAILED)
[<embedded>] % puts "INFO: Wrote $SUMMARY_TXT"
INFO: Wrote verification_results/00138/summary.txt
[<embedded>] % puts "INFO: Wrote $PROP_LIST_TXT"
INFO: Wrote verification_results/00138/property_list.txt
[<embedded>] % exit 0
[<embedded>] % INFO (IPL005): Received request to exit from the console.
INFO: Waiting for proof threads to stop...
INFO: Proof threads stopped.
INFO (IPL018): The peak resident set memory use for this session was 11.396 GB.
INFO (IPL014): Waiting for the Tcl-thread to exit.
INFO (IPL015): The Tcl-thread exited with status 0.
INFO (IPL016): Exiting the analysis session with status 0.
