id,module_name,module_loc,module_total_lines,module_bytes,sva_loc,sva_total_lines,sva_bytes,sva_asserts,sva_covers,sva_assumes,sva_total_props,has_bind
00000,00000,0,0,0,0,0,0,0,0,0,0,False
00001,00001,0,0,0,0,0,0,0,0,0,0,False
00002,00002,0,0,0,0,0,0,0,0,0,0,False
00003,00003,0,0,0,0,0,0,0,0,0,0,False
00004,00004,0,0,0,0,0,0,0,0,0,0,False
00005,00005,0,0,0,0,0,0,0,0,0,0,False
00006,00006,0,0,0,0,0,0,0,0,0,0,False
00007,00007,0,0,0,0,0,0,0,0,0,0,False
00008,00008,0,0,0,0,0,0,0,0,0,0,False
00009,00009,0,0,0,0,0,0,0,0,0,0,False
00010,00010,0,0,0,0,0,0,0,0,0,0,False
00011,00011,0,0,0,0,0,0,0,0,0,0,False
00012,00012,0,0,0,0,0,0,0,0,0,0,False
00013,00013,0,0,0,0,0,0,0,0,0,0,False
00014,00014,0,0,0,0,0,0,0,0,0,0,False
00015,00015,0,0,0,0,0,0,0,0,0,0,False
00016,00016,0,0,0,0,0,0,0,0,0,0,False
00017,00017,0,0,0,0,0,0,0,0,0,0,False
00018,00018,0,0,0,0,0,0,0,0,0,0,False
00019,00019,0,0,0,0,0,0,0,0,0,0,False
00020,00020,0,0,0,0,0,0,0,0,0,0,False
00021,00021,0,0,0,0,0,0,0,0,0,0,False
00022,00022,0,0,0,0,0,0,0,0,0,0,False
00023,00023,0,0,0,0,0,0,0,0,0,0,False
00024,00024,0,0,0,0,0,0,0,0,0,0,False
00025,00025,0,0,0,0,0,0,0,0,0,0,False
00026,00026,0,0,0,0,0,0,0,0,0,0,False
00027,00027,0,0,0,0,0,0,0,0,0,0,False
00028,00028,0,0,0,0,0,0,0,0,0,0,False
00029,00029,0,0,0,0,0,0,0,0,0,0,False
00030,00030,0,0,0,0,0,0,0,0,0,0,False
00031,00031,0,0,0,0,0,0,0,0,0,0,False
00032,00032,0,0,0,0,0,0,0,0,0,0,False
00033,00033,0,0,0,0,0,0,0,0,0,0,False
00034,00034,0,0,0,0,0,0,0,0,0,0,False
00035,00035,0,0,0,0,0,0,0,0,0,0,False
00036,00036,0,0,0,0,0,0,0,0,0,0,False
00037,00037,0,0,0,0,0,0,0,0,0,0,False
00038,00038,0,0,0,0,0,0,0,0,0,0,False
00039,00039,0,0,0,0,0,0,0,0,0,0,False
00040,00040,0,0,0,0,0,0,0,0,0,0,False
00041,00041,0,0,0,0,0,0,0,0,0,0,False
00042,00042,0,0,0,0,0,0,0,0,0,0,False
00043,00043,0,0,0,0,0,0,0,0,0,0,False
00044,00044,0,0,0,0,0,0,0,0,0,0,False
00045,00045,0,0,0,0,0,0,0,0,0,0,False
00046,00046,0,0,0,0,0,0,0,0,0,0,False
00047,00047,0,0,0,0,0,0,0,0,0,0,False
00048,00048,0,0,0,0,0,0,0,0,0,0,False
00049,00049,0,0,0,0,0,0,0,0,0,0,False
00050,00050,0,0,0,0,0,0,0,0,0,0,False
00051,00051,0,0,0,0,0,0,0,0,0,0,False
00052,00052,0,0,0,0,0,0,0,0,0,0,False
00053,00053,0,0,0,0,0,0,0,0,0,0,False
00054,00054,0,0,0,0,0,0,0,0,0,0,False
00055,00055,0,0,0,0,0,0,0,0,0,0,False
00056,00056,0,0,0,0,0,0,0,0,0,0,False
00057,00057,0,0,0,0,0,0,0,0,0,0,False
00058,00058,0,0,0,0,0,0,0,0,0,0,False
00059,00059,0,0,0,0,0,0,0,0,0,0,False
00060,00060,0,0,0,0,0,0,0,0,0,0,False
00061,00061,0,0,0,0,0,0,0,0,0,0,False
00062,00062,0,0,0,0,0,0,0,0,0,0,False
00063,00063,0,0,0,0,0,0,0,0,0,0,False
00064,00064,0,0,0,0,0,0,0,0,0,0,False
00065,00065,0,0,0,0,0,0,0,0,0,0,False
00066,00066,0,0,0,0,0,0,0,0,0,0,False
00067,00067,0,0,0,0,0,0,0,0,0,0,False
00068,00068,0,0,0,0,0,0,0,0,0,0,False
00069,00069,0,0,0,0,0,0,0,0,0,0,False
00070,00070,0,0,0,0,0,0,0,0,0,0,False
00071,00071,0,0,0,0,0,0,0,0,0,0,False
00072,00072,0,0,0,0,0,0,0,0,0,0,False
00073,00073,0,0,0,0,0,0,0,0,0,0,False
00074,00074,0,0,0,0,0,0,0,0,0,0,False
00075,00075,0,0,0,0,0,0,0,0,0,0,False
00076,00076,0,0,0,0,0,0,0,0,0,0,False
00077,00077,0,0,0,0,0,0,0,0,0,0,False
00078,00078,0,0,0,0,0,0,0,0,0,0,False
00079,00079,0,0,0,0,0,0,0,0,0,0,False
00080,00080,0,0,0,0,0,0,0,0,0,0,False
00081,00081,0,0,0,0,0,0,0,0,0,0,False
00082,00082,0,0,0,0,0,0,0,0,0,0,False
00083,00083,0,0,0,0,0,0,0,0,0,0,False
00084,00084,0,0,0,0,0,0,0,0,0,0,False
00085,00085,0,0,0,0,0,0,0,0,0,0,False
00086,00086,0,0,0,0,0,0,0,0,0,0,False
00087,00087,0,0,0,0,0,0,0,0,0,0,False
00088,00088,0,0,0,0,0,0,0,0,0,0,False
00089,00089,0,0,0,0,0,0,0,0,0,0,False
00090,00090,0,0,0,0,0,0,0,0,0,0,False
00091,00091,0,0,0,0,0,0,0,0,0,0,False
00092,00092,0,0,0,0,0,0,0,0,0,0,False
00093,00093,0,0,0,0,0,0,0,0,0,0,False
00094,00094,0,0,0,0,0,0,0,0,0,0,False
00095,00095,0,0,0,0,0,0,0,0,0,0,False
00096,00096,0,0,0,0,0,0,0,0,0,0,False
00097,00097,0,0,0,0,0,0,0,0,0,0,False
00098,00098,0,0,0,0,0,0,0,0,0,0,False
00099,00099,0,0,0,0,0,0,0,0,0,0,False
00100,00100,0,0,0,0,0,0,0,0,0,0,False
00101,00101,0,0,0,0,0,0,0,0,0,0,False
00102,00102,0,0,0,0,0,0,0,0,0,0,False
00103,00103,0,0,0,0,0,0,0,0,0,0,False
00104,00104,0,0,0,0,0,0,0,0,0,0,False
00105,00105,0,0,0,0,0,0,0,0,0,0,False
00106,00106,0,0,0,0,0,0,0,0,0,0,False
00107,00107,0,0,0,0,0,0,0,0,0,0,False
00108,00108,0,0,0,0,0,0,0,0,0,0,False
00109,00109,0,0,0,0,0,0,0,0,0,0,False
00110,00110,0,0,0,0,0,0,0,0,0,0,False
00111,00111,0,0,0,0,0,0,0,0,0,0,False
00112,00112,0,0,0,0,0,0,0,0,0,0,False
00113,00113,0,0,0,0,0,0,0,0,0,0,False
00114,00114,0,0,0,0,0,0,0,0,0,0,False
00115,00115,0,0,0,0,0,0,0,0,0,0,False
00116,00116,0,0,0,0,0,0,0,0,0,0,False
00117,00117,0,0,0,0,0,0,0,0,0,0,False
00118,00118,0,0,0,0,0,0,0,0,0,0,False
00119,00119,0,0,0,0,0,0,0,0,0,0,False
00120,00120,0,0,0,0,0,0,0,0,0,0,False
00121,00121,0,0,0,0,0,0,0,0,0,0,False
00122,00122,0,0,0,0,0,0,0,0,0,0,False
00123,00123,0,0,0,0,0,0,0,0,0,0,False
00124,00124,0,0,0,0,0,0,0,0,0,0,False
00125,00125,0,0,0,0,0,0,0,0,0,0,False
00126,00126,0,0,0,0,0,0,0,0,0,0,False
00127,00127,0,0,0,0,0,0,0,0,0,0,False
00128,00128,0,0,0,0,0,0,0,0,0,0,False
00129,00129,0,0,0,0,0,0,0,0,0,0,False
00130,00130,0,0,0,0,0,0,0,0,0,0,False
00131,00131,0,0,0,0,0,0,0,0,0,0,False
00132,00132,0,0,0,0,0,0,0,0,0,0,False
00133,00133,0,0,0,0,0,0,0,0,0,0,False
00134,00134,0,0,0,0,0,0,0,0,0,0,False
00135,00135,0,0,0,0,0,0,0,0,0,0,False
00136,00136,0,0,0,0,0,0,0,0,0,0,False
00137,00137,0,0,0,0,0,0,0,0,0,0,False
00138,00138,0,0,0,0,0,0,0,0,0,0,False
00139,00139,0,0,0,0,0,0,0,0,0,0,False
00140,00140,0,0,0,0,0,0,0,0,0,0,False
00141,00141,0,0,0,0,0,0,0,0,0,0,False
00142,00142,0,0,0,0,0,0,0,0,0,0,False
00143,00143,0,0,0,0,0,0,0,0,0,0,False
00144,00144,0,0,0,0,0,0,0,0,0,0,False
00145,00145,0,0,0,0,0,0,0,0,0,0,False
00146,00146,0,0,0,0,0,0,0,0,0,0,False
00147,00147,0,0,0,0,0,0,0,0,0,0,False
00148,00148,0,0,0,0,0,0,0,0,0,0,False
00149,00149,0,0,0,0,0,0,0,0,0,0,False
00150,00150,0,0,0,0,0,0,0,0,0,0,False
00151,00151,0,0,0,0,0,0,0,0,0,0,False
00152,00152,0,0,0,0,0,0,0,0,0,0,False
00153,00153,0,0,0,0,0,0,0,0,0,0,False
00154,00154,0,0,0,0,0,0,0,0,0,0,False
00155,00155,0,0,0,0,0,0,0,0,0,0,False
00156,00156,0,0,0,0,0,0,0,0,0,0,False
00157,00157,0,0,0,0,0,0,0,0,0,0,False
00158,00158,0,0,0,0,0,0,0,0,0,0,False
00159,00159,0,0,0,0,0,0,0,0,0,0,False
00160,00160,0,0,0,0,0,0,0,0,0,0,False
00161,00161,0,0,0,0,0,0,0,0,0,0,False
00162,00162,0,0,0,0,0,0,0,0,0,0,False
00163,00163,0,0,0,0,0,0,0,0,0,0,False
00164,00164,0,0,0,0,0,0,0,0,0,0,False
00165,00165,0,0,0,0,0,0,0,0,0,0,False
00166,00166,0,0,0,0,0,0,0,0,0,0,False
00167,00167,0,0,0,0,0,0,0,0,0,0,False
00168,00168,0,0,0,0,0,0,0,0,0,0,False
00169,00169,0,0,0,0,0,0,0,0,0,0,False
00170,00170,0,0,0,0,0,0,0,0,0,0,False
00171,00171,0,0,0,0,0,0,0,0,0,0,False
00172,00172,0,0,0,0,0,0,0,0,0,0,False
00173,00173,0,0,0,0,0,0,0,0,0,0,False
00174,00174,0,0,0,0,0,0,0,0,0,0,False
00175,00175,0,0,0,0,0,0,0,0,0,0,False
00176,00176,0,0,0,0,0,0,0,0,0,0,False
00177,00177,0,0,0,0,0,0,0,0,0,0,False
00178,00178,0,0,0,0,0,0,0,0,0,0,False
00179,00179,0,0,0,0,0,0,0,0,0,0,False
00180,00180,0,0,0,0,0,0,0,0,0,0,False
00181,00181,0,0,0,0,0,0,0,0,0,0,False
00182,00182,0,0,0,0,0,0,0,0,0,0,False
00183,00183,0,0,0,0,0,0,0,0,0,0,False
00184,00184,0,0,0,0,0,0,0,0,0,0,False
00185,00185,0,0,0,0,0,0,0,0,0,0,False
00186,00186,0,0,0,0,0,0,0,0,0,0,False
00187,00187,0,0,0,0,0,0,0,0,0,0,False
00188,00188,0,0,0,0,0,0,0,0,0,0,False
00189,00189,0,0,0,0,0,0,0,0,0,0,False
00190,00190,0,0,0,0,0,0,0,0,0,0,False
00191,00191,0,0,0,0,0,0,0,0,0,0,False
00192,00192,0,0,0,0,0,0,0,0,0,0,False
00193,00193,0,0,0,0,0,0,0,0,0,0,False
00194,00194,0,0,0,0,0,0,0,0,0,0,False
00195,00195,0,0,0,0,0,0,0,0,0,0,False
00196,00196,0,0,0,0,0,0,0,0,0,0,False
00197,00197,0,0,0,0,0,0,0,0,0,0,False
00198,00198,0,0,0,0,0,0,0,0,0,0,False
00199,00199,0,0,0,0,0,0,0,0,0,0,False
00200,00200,0,0,0,0,0,0,0,0,0,0,False
00201,00201,0,0,0,0,0,0,0,0,0,0,False
00202,00202,0,0,0,0,0,0,0,0,0,0,False
00203,00203,0,0,0,0,0,0,0,0,0,0,False
00204,00204,0,0,0,0,0,0,0,0,0,0,False
00205,00205,0,0,0,0,0,0,0,0,0,0,False
00206,00206,0,0,0,0,0,0,0,0,0,0,False
00207,00207,0,0,0,0,0,0,0,0,0,0,False
00208,00208,0,0,0,0,0,0,0,0,0,0,False
00209,00209,0,0,0,0,0,0,0,0,0,0,False
00210,00210,0,0,0,0,0,0,0,0,0,0,False
00211,00211,0,0,0,0,0,0,0,0,0,0,False
00212,00212,0,0,0,0,0,0,0,0,0,0,False
00213,00213,0,0,0,0,0,0,0,0,0,0,False
00214,00214,0,0,0,0,0,0,0,0,0,0,False
00215,00215,0,0,0,0,0,0,0,0,0,0,False
00216,00216,0,0,0,0,0,0,0,0,0,0,False
00217,00217,0,0,0,0,0,0,0,0,0,0,False
00218,00218,0,0,0,0,0,0,0,0,0,0,False
00219,00219,0,0,0,0,0,0,0,0,0,0,False
00220,00220,0,0,0,0,0,0,0,0,0,0,False
00221,00221,0,0,0,0,0,0,0,0,0,0,False
00222,00222,0,0,0,0,0,0,0,0,0,0,False
00223,00223,0,0,0,0,0,0,0,0,0,0,False
00224,00224,0,0,0,0,0,0,0,0,0,0,False
00225,00225,0,0,0,0,0,0,0,0,0,0,False
00226,00226,0,0,0,0,0,0,0,0,0,0,False
00227,00227,0,0,0,0,0,0,0,0,0,0,False
00228,00228,0,0,0,0,0,0,0,0,0,0,False
00229,00229,0,0,0,0,0,0,0,0,0,0,False
00230,00230,0,0,0,0,0,0,0,0,0,0,False
00231,00231,0,0,0,0,0,0,0,0,0,0,False
00232,00232,0,0,0,0,0,0,0,0,0,0,False
00233,00233,0,0,0,0,0,0,0,0,0,0,False
00234,00234,0,0,0,0,0,0,0,0,0,0,False
00235,00235,0,0,0,0,0,0,0,0,0,0,False
00236,00236,0,0,0,0,0,0,0,0,0,0,False
00237,00237,0,0,0,0,0,0,0,0,0,0,False
00238,00238,0,0,0,0,0,0,0,0,0,0,False
00239,00239,0,0,0,0,0,0,0,0,0,0,False
00240,00240,0,0,0,0,0,0,0,0,0,0,False
00241,00241,0,0,0,0,0,0,0,0,0,0,False
00242,00242,0,0,0,0,0,0,0,0,0,0,False
00243,00243,0,0,0,0,0,0,0,0,0,0,False
00244,00244,0,0,0,0,0,0,0,0,0,0,False
00245,00245,0,0,0,0,0,0,0,0,0,0,False
00246,00246,0,0,0,0,0,0,0,0,0,0,False
00247,00247,0,0,0,0,0,0,0,0,0,0,False
00248,00248,0,0,0,0,0,0,0,0,0,0,False
00249,00249,0,0,0,0,0,0,0,0,0,0,False
00250,00250,0,0,0,0,0,0,0,0,0,0,False
00251,00251,0,0,0,0,0,0,0,0,0,0,False
00252,00252,0,0,0,0,0,0,0,0,0,0,False
00253,00253,0,0,0,0,0,0,0,0,0,0,False
00254,00254,0,0,0,0,0,0,0,0,0,0,False
00255,00255,0,0,0,0,0,0,0,0,0,0,False
00256,00256,0,0,0,0,0,0,0,0,0,0,False
00257,00257,0,0,0,0,0,0,0,0,0,0,False
00258,00258,0,0,0,0,0,0,0,0,0,0,False
00259,00259,0,0,0,0,0,0,0,0,0,0,False
00260,00260,0,0,0,0,0,0,0,0,0,0,False
00261,00261,0,0,0,0,0,0,0,0,0,0,False
00262,00262,0,0,0,0,0,0,0,0,0,0,False
00263,00263,0,0,0,0,0,0,0,0,0,0,False
00264,00264,0,0,0,0,0,0,0,0,0,0,False
00265,00265,0,0,0,0,0,0,0,0,0,0,False
00266,00266,0,0,0,0,0,0,0,0,0,0,False
00267,00267,0,0,0,0,0,0,0,0,0,0,False
00268,00268,0,0,0,0,0,0,0,0,0,0,False
00269,00269,0,0,0,0,0,0,0,0,0,0,False
00270,00270,0,0,0,0,0,0,0,0,0,0,False
00271,00271,0,0,0,0,0,0,0,0,0,0,False
00272,00272,0,0,0,0,0,0,0,0,0,0,False
00273,00273,0,0,0,0,0,0,0,0,0,0,False
00274,00274,0,0,0,0,0,0,0,0,0,0,False
00275,00275,0,0,0,0,0,0,0,0,0,0,False
00276,00276,0,0,0,0,0,0,0,0,0,0,False
00277,00277,0,0,0,0,0,0,0,0,0,0,False
00278,00278,0,0,0,0,0,0,0,0,0,0,False
00279,00279,0,0,0,0,0,0,0,0,0,0,False
00280,00280,0,0,0,0,0,0,0,0,0,0,False
00281,00281,0,0,0,0,0,0,0,0,0,0,False
00282,00282,0,0,0,0,0,0,0,0,0,0,False
00283,00283,0,0,0,0,0,0,0,0,0,0,False
00284,00284,0,0,0,0,0,0,0,0,0,0,False
00285,00285,0,0,0,0,0,0,0,0,0,0,False
00286,00286,0,0,0,0,0,0,0,0,0,0,False
00287,00287,0,0,0,0,0,0,0,0,0,0,False
00288,00288,0,0,0,0,0,0,0,0,0,0,False
00289,00289,0,0,0,0,0,0,0,0,0,0,False
00290,00290,0,0,0,0,0,0,0,0,0,0,False
00291,00291,0,0,0,0,0,0,0,0,0,0,False
00292,00292,0,0,0,0,0,0,0,0,0,0,False
00293,00293,0,0,0,0,0,0,0,0,0,0,False
00294,00294,0,0,0,0,0,0,0,0,0,0,False
00295,00295,0,0,0,0,0,0,0,0,0,0,False
00296,00296,0,0,0,0,0,0,0,0,0,0,False
00297,00297,0,0,0,0,0,0,0,0,0,0,False
00298,00298,0,0,0,0,0,0,0,0,0,0,False
00299,00299,0,0,0,0,0,0,0,0,0,0,False
00300,00300,0,0,0,0,0,0,0,0,0,0,False
00301,00301,0,0,0,0,0,0,0,0,0,0,False
00302,00302,0,0,0,0,0,0,0,0,0,0,False
00303,00303,0,0,0,0,0,0,0,0,0,0,False
00304,00304,0,0,0,0,0,0,0,0,0,0,False
00305,00305,0,0,0,0,0,0,0,0,0,0,False
00306,00306,0,0,0,0,0,0,0,0,0,0,False
00307,00307,0,0,0,0,0,0,0,0,0,0,False
00308,00308,0,0,0,0,0,0,0,0,0,0,False
00309,00309,0,0,0,0,0,0,0,0,0,0,False
00310,00310,0,0,0,0,0,0,0,0,0,0,False
00311,00311,0,0,0,0,0,0,0,0,0,0,False
00312,00312,0,0,0,0,0,0,0,0,0,0,False
00313,00313,0,0,0,0,0,0,0,0,0,0,False
00314,00314,0,0,0,0,0,0,0,0,0,0,False
00315,00315,0,0,0,0,0,0,0,0,0,0,False
00316,00316,0,0,0,0,0,0,0,0,0,0,False
00317,00317,0,0,0,0,0,0,0,0,0,0,False
00318,00318,0,0,0,0,0,0,0,0,0,0,False
00319,00319,0,0,0,0,0,0,0,0,0,0,False
00320,00320,0,0,0,0,0,0,0,0,0,0,False
00321,00321,0,0,0,0,0,0,0,0,0,0,False
00322,00322,0,0,0,0,0,0,0,0,0,0,False
00323,00323,0,0,0,0,0,0,0,0,0,0,False
00324,00324,0,0,0,0,0,0,0,0,0,0,False
00325,00325,0,0,0,0,0,0,0,0,0,0,False
00326,00326,0,0,0,0,0,0,0,0,0,0,False
00327,00327,0,0,0,0,0,0,0,0,0,0,False
00328,00328,0,0,0,0,0,0,0,0,0,0,False
00329,00329,0,0,0,0,0,0,0,0,0,0,False
00330,00330,0,0,0,0,0,0,0,0,0,0,False
00331,00331,0,0,0,0,0,0,0,0,0,0,False
00332,00332,0,0,0,0,0,0,0,0,0,0,False
00333,00333,0,0,0,0,0,0,0,0,0,0,False
00334,00334,0,0,0,0,0,0,0,0,0,0,False
00335,00335,0,0,0,0,0,0,0,0,0,0,False
00336,00336,0,0,0,0,0,0,0,0,0,0,False
00337,00337,0,0,0,0,0,0,0,0,0,0,False
00338,00338,0,0,0,0,0,0,0,0,0,0,False
00339,00339,0,0,0,0,0,0,0,0,0,0,False
00340,00340,0,0,0,0,0,0,0,0,0,0,False
00341,00341,0,0,0,0,0,0,0,0,0,0,False
00342,00342,0,0,0,0,0,0,0,0,0,0,False
00343,00343,0,0,0,0,0,0,0,0,0,0,False
00344,00344,0,0,0,0,0,0,0,0,0,0,False
00345,00345,0,0,0,0,0,0,0,0,0,0,False
00346,00346,0,0,0,0,0,0,0,0,0,0,False
00347,00347,0,0,0,0,0,0,0,0,0,0,False
00348,00348,0,0,0,0,0,0,0,0,0,0,False
00349,00349,0,0,0,0,0,0,0,0,0,0,False
00350,00350,0,0,0,0,0,0,0,0,0,0,False
00351,00351,0,0,0,0,0,0,0,0,0,0,False
00352,00352,0,0,0,0,0,0,0,0,0,0,False
00353,00353,0,0,0,0,0,0,0,0,0,0,False
00354,00354,0,0,0,0,0,0,0,0,0,0,False
00355,00355,0,0,0,0,0,0,0,0,0,0,False
00356,00356,0,0,0,0,0,0,0,0,0,0,False
00357,00357,0,0,0,0,0,0,0,0,0,0,False
00358,00358,0,0,0,0,0,0,0,0,0,0,False
00359,00359,0,0,0,0,0,0,0,0,0,0,False
00360,00360,0,0,0,0,0,0,0,0,0,0,False
00361,00361,0,0,0,0,0,0,0,0,0,0,False
00362,00362,0,0,0,0,0,0,0,0,0,0,False
00363,00363,0,0,0,0,0,0,0,0,0,0,False
00364,00364,0,0,0,0,0,0,0,0,0,0,False
00365,00365,0,0,0,0,0,0,0,0,0,0,False
00366,00366,0,0,0,0,0,0,0,0,0,0,False
00367,00367,0,0,0,0,0,0,0,0,0,0,False
00368,00368,0,0,0,0,0,0,0,0,0,0,False
00369,00369,0,0,0,0,0,0,0,0,0,0,False
00370,00370,0,0,0,0,0,0,0,0,0,0,False
00371,00371,0,0,0,0,0,0,0,0,0,0,False
00372,00372,0,0,0,0,0,0,0,0,0,0,False
00373,00373,0,0,0,0,0,0,0,0,0,0,False
00374,00374,0,0,0,0,0,0,0,0,0,0,False
00375,00375,0,0,0,0,0,0,0,0,0,0,False
00376,00376,0,0,0,0,0,0,0,0,0,0,False
00377,00377,0,0,0,0,0,0,0,0,0,0,False
00378,00378,0,0,0,0,0,0,0,0,0,0,False
00379,00379,0,0,0,0,0,0,0,0,0,0,False
00380,00380,0,0,0,0,0,0,0,0,0,0,False
00381,00381,0,0,0,0,0,0,0,0,0,0,False
00382,00382,0,0,0,0,0,0,0,0,0,0,False
00383,00383,0,0,0,0,0,0,0,0,0,0,False
00384,00384,0,0,0,0,0,0,0,0,0,0,False
00385,00385,0,0,0,0,0,0,0,0,0,0,False
00386,00386,0,0,0,0,0,0,0,0,0,0,False
00387,00387,0,0,0,0,0,0,0,0,0,0,False
00388,00388,0,0,0,0,0,0,0,0,0,0,False
00389,00389,0,0,0,0,0,0,0,0,0,0,False
00390,00390,0,0,0,0,0,0,0,0,0,0,False
00391,00391,0,0,0,0,0,0,0,0,0,0,False
00392,00392,0,0,0,0,0,0,0,0,0,0,False
00393,00393,0,0,0,0,0,0,0,0,0,0,False
00394,00394,0,0,0,0,0,0,0,0,0,0,False
00395,00395,0,0,0,0,0,0,0,0,0,0,False
00396,00396,0,0,0,0,0,0,0,0,0,0,False
00397,00397,0,0,0,0,0,0,0,0,0,0,False
00398,00398,0,0,0,0,0,0,0,0,0,0,False
00399,00399,0,0,0,0,0,0,0,0,0,0,False
00400,00400,0,0,0,0,0,0,0,0,0,0,False
00401,00401,0,0,0,0,0,0,0,0,0,0,False
00402,00402,0,0,0,0,0,0,0,0,0,0,False
00403,00403,0,0,0,0,0,0,0,0,0,0,False
00404,00404,0,0,0,0,0,0,0,0,0,0,False
00405,00405,0,0,0,0,0,0,0,0,0,0,False
00406,00406,0,0,0,0,0,0,0,0,0,0,False
00407,00407,0,0,0,0,0,0,0,0,0,0,False
00408,00408,0,0,0,0,0,0,0,0,0,0,False
00409,00409,0,0,0,0,0,0,0,0,0,0,False
00410,00410,0,0,0,0,0,0,0,0,0,0,False
00411,00411,0,0,0,0,0,0,0,0,0,0,False
00412,00412,0,0,0,0,0,0,0,0,0,0,False
00413,00413,0,0,0,0,0,0,0,0,0,0,False
00414,00414,0,0,0,0,0,0,0,0,0,0,False
00415,00415,0,0,0,0,0,0,0,0,0,0,False
00416,00416,0,0,0,0,0,0,0,0,0,0,False
00417,00417,0,0,0,0,0,0,0,0,0,0,False
00418,00418,0,0,0,0,0,0,0,0,0,0,False
00419,00419,0,0,0,0,0,0,0,0,0,0,False
00420,00420,0,0,0,0,0,0,0,0,0,0,False
00421,00421,0,0,0,0,0,0,0,0,0,0,False
00422,00422,0,0,0,0,0,0,0,0,0,0,False
00423,00423,0,0,0,0,0,0,0,0,0,0,False
00424,00424,0,0,0,0,0,0,0,0,0,0,False
00425,00425,0,0,0,0,0,0,0,0,0,0,False
00426,00426,0,0,0,0,0,0,0,0,0,0,False
00427,00427,0,0,0,0,0,0,0,0,0,0,False
00428,00428,0,0,0,0,0,0,0,0,0,0,False
00429,00429,0,0,0,0,0,0,0,0,0,0,False
00430,00430,0,0,0,0,0,0,0,0,0,0,False
00431,00431,0,0,0,0,0,0,0,0,0,0,False
00432,00432,0,0,0,0,0,0,0,0,0,0,False
00433,00433,0,0,0,0,0,0,0,0,0,0,False
00434,00434,0,0,0,0,0,0,0,0,0,0,False
00435,00435,0,0,0,0,0,0,0,0,0,0,False
00436,00436,0,0,0,0,0,0,0,0,0,0,False
00437,00437,0,0,0,0,0,0,0,0,0,0,False
00438,00438,0,0,0,0,0,0,0,0,0,0,False
00439,00439,0,0,0,0,0,0,0,0,0,0,False
00440,00440,0,0,0,0,0,0,0,0,0,0,False
00441,00441,0,0,0,0,0,0,0,0,0,0,False
00442,00442,0,0,0,0,0,0,0,0,0,0,False
00443,00443,0,0,0,0,0,0,0,0,0,0,False
00444,00444,0,0,0,0,0,0,0,0,0,0,False
00445,00445,0,0,0,0,0,0,0,0,0,0,False
00446,00446,0,0,0,0,0,0,0,0,0,0,False
00447,00447,0,0,0,0,0,0,0,0,0,0,False
00448,00448,0,0,0,0,0,0,0,0,0,0,False
00449,00449,0,0,0,0,0,0,0,0,0,0,False
00450,00450,0,0,0,0,0,0,0,0,0,0,False
00451,00451,0,0,0,0,0,0,0,0,0,0,False
00452,00452,0,0,0,0,0,0,0,0,0,0,False
00453,00453,0,0,0,0,0,0,0,0,0,0,False
00454,00454,0,0,0,0,0,0,0,0,0,0,False
00455,00455,0,0,0,0,0,0,0,0,0,0,False
00456,00456,0,0,0,0,0,0,0,0,0,0,False
00457,00457,0,0,0,0,0,0,0,0,0,0,False
00458,00458,0,0,0,0,0,0,0,0,0,0,False
00459,00459,0,0,0,0,0,0,0,0,0,0,False
00460,00460,0,0,0,0,0,0,0,0,0,0,False
00461,00461,0,0,0,0,0,0,0,0,0,0,False
00462,00462,0,0,0,0,0,0,0,0,0,0,False
00463,00463,0,0,0,0,0,0,0,0,0,0,False
00464,00464,0,0,0,0,0,0,0,0,0,0,False
00465,00465,0,0,0,0,0,0,0,0,0,0,False
00466,00466,0,0,0,0,0,0,0,0,0,0,False
00467,00467,0,0,0,0,0,0,0,0,0,0,False
00468,00468,0,0,0,0,0,0,0,0,0,0,False
00469,00469,0,0,0,0,0,0,0,0,0,0,False
00470,00470,0,0,0,0,0,0,0,0,0,0,False
00471,00471,0,0,0,0,0,0,0,0,0,0,False
00472,00472,0,0,0,0,0,0,0,0,0,0,False
00473,00473,0,0,0,0,0,0,0,0,0,0,False
00474,00474,0,0,0,0,0,0,0,0,0,0,False
00475,00475,0,0,0,0,0,0,0,0,0,0,False
00476,00476,0,0,0,0,0,0,0,0,0,0,False
00477,00477,0,0,0,0,0,0,0,0,0,0,False
00478,00478,0,0,0,0,0,0,0,0,0,0,False
00479,00479,0,0,0,0,0,0,0,0,0,0,False
00480,00480,0,0,0,0,0,0,0,0,0,0,False
00481,00481,0,0,0,0,0,0,0,0,0,0,False
00482,00482,0,0,0,0,0,0,0,0,0,0,False
00483,00483,0,0,0,0,0,0,0,0,0,0,False
00484,00484,0,0,0,0,0,0,0,0,0,0,False
00485,00485,0,0,0,0,0,0,0,0,0,0,False
00486,00486,0,0,0,0,0,0,0,0,0,0,False
00487,00487,0,0,0,0,0,0,0,0,0,0,False
00488,00488,0,0,0,0,0,0,0,0,0,0,False
00489,00489,0,0,0,0,0,0,0,0,0,0,False
00490,00490,0,0,0,0,0,0,0,0,0,0,False
00491,00491,0,0,0,0,0,0,0,0,0,0,False
00492,00492,0,0,0,0,0,0,0,0,0,0,False
00493,00493,0,0,0,0,0,0,0,0,0,0,False
00494,00494,0,0,0,0,0,0,0,0,0,0,False
00495,00495,0,0,0,0,0,0,0,0,0,0,False
00496,00496,0,0,0,0,0,0,0,0,0,0,False
00497,00497,0,0,0,0,0,0,0,0,0,0,False
00498,00498,0,0,0,0,0,0,0,0,0,0,False
00499,00499,0,0,0,0,0,0,0,0,0,0,False
00500,00500,0,0,0,0,0,0,0,0,0,0,False
00501,00501,0,0,0,0,0,0,0,0,0,0,False
00502,00502,0,0,0,0,0,0,0,0,0,0,False
00503,00503,0,0,0,0,0,0,0,0,0,0,False
00504,00504,0,0,0,0,0,0,0,0,0,0,False
00505,00505,0,0,0,0,0,0,0,0,0,0,False
00506,00506,0,0,0,0,0,0,0,0,0,0,False
00507,00507,0,0,0,0,0,0,0,0,0,0,False
00508,00508,0,0,0,0,0,0,0,0,0,0,False
00509,00509,0,0,0,0,0,0,0,0,0,0,False
00510,00510,0,0,0,0,0,0,0,0,0,0,False
00511,00511,0,0,0,0,0,0,0,0,0,0,False
00512,00512,0,0,0,0,0,0,0,0,0,0,False
00513,00513,0,0,0,0,0,0,0,0,0,0,False
00514,00514,0,0,0,0,0,0,0,0,0,0,False
00515,00515,0,0,0,0,0,0,0,0,0,0,False
00516,00516,0,0,0,0,0,0,0,0,0,0,False
00517,00517,0,0,0,0,0,0,0,0,0,0,False
00518,00518,0,0,0,0,0,0,0,0,0,0,False
00519,00519,0,0,0,0,0,0,0,0,0,0,False
00520,00520,0,0,0,0,0,0,0,0,0,0,False
00521,00521,0,0,0,0,0,0,0,0,0,0,False
00522,00522,0,0,0,0,0,0,0,0,0,0,False
00523,00523,0,0,0,0,0,0,0,0,0,0,False
00524,00524,0,0,0,0,0,0,0,0,0,0,False
00525,00525,0,0,0,0,0,0,0,0,0,0,False
00526,00526,0,0,0,0,0,0,0,0,0,0,False
00527,00527,0,0,0,0,0,0,0,0,0,0,False
00528,00528,0,0,0,0,0,0,0,0,0,0,False
00529,00529,0,0,0,0,0,0,0,0,0,0,False
00530,00530,0,0,0,0,0,0,0,0,0,0,False
00531,00531,0,0,0,0,0,0,0,0,0,0,False
00532,00532,0,0,0,0,0,0,0,0,0,0,False
00533,00533,0,0,0,0,0,0,0,0,0,0,False
00534,00534,0,0,0,0,0,0,0,0,0,0,False
00535,00535,0,0,0,0,0,0,0,0,0,0,False
00536,00536,0,0,0,0,0,0,0,0,0,0,False
00537,00537,0,0,0,0,0,0,0,0,0,0,False
00538,00538,0,0,0,0,0,0,0,0,0,0,False
00539,00539,0,0,0,0,0,0,0,0,0,0,False
00540,00540,0,0,0,0,0,0,0,0,0,0,False
00541,00541,0,0,0,0,0,0,0,0,0,0,False
00542,00542,0,0,0,0,0,0,0,0,0,0,False
00543,00543,0,0,0,0,0,0,0,0,0,0,False
00544,00544,0,0,0,0,0,0,0,0,0,0,False
00545,00545,0,0,0,0,0,0,0,0,0,0,False
00546,00546,0,0,0,0,0,0,0,0,0,0,False
00547,00547,0,0,0,0,0,0,0,0,0,0,False
00548,00548,0,0,0,0,0,0,0,0,0,0,False
00549,00549,0,0,0,0,0,0,0,0,0,0,False
00550,00550,0,0,0,0,0,0,0,0,0,0,False
00551,00551,0,0,0,0,0,0,0,0,0,0,False
00552,00552,0,0,0,0,0,0,0,0,0,0,False
00553,00553,0,0,0,0,0,0,0,0,0,0,False
00554,00554,0,0,0,0,0,0,0,0,0,0,False
00555,00555,0,0,0,0,0,0,0,0,0,0,False
00556,00556,0,0,0,0,0,0,0,0,0,0,False
00557,00557,0,0,0,0,0,0,0,0,0,0,False
00558,00558,0,0,0,0,0,0,0,0,0,0,False
00559,00559,0,0,0,0,0,0,0,0,0,0,False
00560,00560,0,0,0,0,0,0,0,0,0,0,False
00561,00561,0,0,0,0,0,0,0,0,0,0,False
00562,00562,0,0,0,0,0,0,0,0,0,0,False
00563,00563,0,0,0,0,0,0,0,0,0,0,False
00564,00564,0,0,0,0,0,0,0,0,0,0,False
00565,00565,0,0,0,0,0,0,0,0,0,0,False
00566,00566,0,0,0,0,0,0,0,0,0,0,False
00567,00567,0,0,0,0,0,0,0,0,0,0,False
00568,00568,0,0,0,0,0,0,0,0,0,0,False
00569,00569,0,0,0,0,0,0,0,0,0,0,False
00570,00570,0,0,0,0,0,0,0,0,0,0,False
00571,00571,0,0,0,0,0,0,0,0,0,0,False
00572,00572,0,0,0,0,0,0,0,0,0,0,False
00573,00573,0,0,0,0,0,0,0,0,0,0,False
00574,00574,0,0,0,0,0,0,0,0,0,0,False
00575,00575,0,0,0,0,0,0,0,0,0,0,False
00576,00576,0,0,0,0,0,0,0,0,0,0,False
00577,00577,0,0,0,0,0,0,0,0,0,0,False
00578,00578,0,0,0,0,0,0,0,0,0,0,False
00579,00579,0,0,0,0,0,0,0,0,0,0,False
00580,00580,0,0,0,0,0,0,0,0,0,0,False
00581,00581,0,0,0,0,0,0,0,0,0,0,False
00582,00582,0,0,0,0,0,0,0,0,0,0,False
00583,00583,0,0,0,0,0,0,0,0,0,0,False
00584,00584,0,0,0,0,0,0,0,0,0,0,False
00585,00585,0,0,0,0,0,0,0,0,0,0,False
00586,00586,0,0,0,0,0,0,0,0,0,0,False
00587,00587,0,0,0,0,0,0,0,0,0,0,False
00588,00588,0,0,0,0,0,0,0,0,0,0,False
00589,00589,0,0,0,0,0,0,0,0,0,0,False
00590,00590,0,0,0,0,0,0,0,0,0,0,False
00591,00591,0,0,0,0,0,0,0,0,0,0,False
00592,00592,0,0,0,0,0,0,0,0,0,0,False
00593,00593,0,0,0,0,0,0,0,0,0,0,False
00594,00594,0,0,0,0,0,0,0,0,0,0,False
00595,00595,0,0,0,0,0,0,0,0,0,0,False
00596,00596,0,0,0,0,0,0,0,0,0,0,False
00597,00597,0,0,0,0,0,0,0,0,0,0,False
00598,00598,0,0,0,0,0,0,0,0,0,0,False
00599,00599,0,0,0,0,0,0,0,0,0,0,False
00600,00600,0,0,0,0,0,0,0,0,0,0,False
00601,00601,0,0,0,0,0,0,0,0,0,0,False
00602,00602,0,0,0,0,0,0,0,0,0,0,False
00603,00603,0,0,0,0,0,0,0,0,0,0,False
00604,00604,0,0,0,0,0,0,0,0,0,0,False
00605,00605,0,0,0,0,0,0,0,0,0,0,False
00606,00606,0,0,0,0,0,0,0,0,0,0,False
00607,00607,0,0,0,0,0,0,0,0,0,0,False
00608,00608,0,0,0,0,0,0,0,0,0,0,False
00609,00609,0,0,0,0,0,0,0,0,0,0,False
00610,00610,0,0,0,0,0,0,0,0,0,0,False
00611,00611,0,0,0,0,0,0,0,0,0,0,False
00612,00612,0,0,0,0,0,0,0,0,0,0,False
00613,00613,0,0,0,0,0,0,0,0,0,0,False
00614,00614,0,0,0,0,0,0,0,0,0,0,False
00615,00615,0,0,0,0,0,0,0,0,0,0,False
00616,00616,0,0,0,0,0,0,0,0,0,0,False
00617,00617,0,0,0,0,0,0,0,0,0,0,False
00618,00618,0,0,0,0,0,0,0,0,0,0,False
00619,00619,0,0,0,0,0,0,0,0,0,0,False
00620,00620,0,0,0,0,0,0,0,0,0,0,False
00621,00621,0,0,0,0,0,0,0,0,0,0,False
00622,00622,0,0,0,0,0,0,0,0,0,0,False
00623,00623,0,0,0,0,0,0,0,0,0,0,False
00624,00624,0,0,0,0,0,0,0,0,0,0,False
00625,00625,0,0,0,0,0,0,0,0,0,0,False
00626,00626,0,0,0,0,0,0,0,0,0,0,False
00627,00627,0,0,0,0,0,0,0,0,0,0,False
00628,00628,0,0,0,0,0,0,0,0,0,0,False
00629,00629,0,0,0,0,0,0,0,0,0,0,False
00630,00630,0,0,0,0,0,0,0,0,0,0,False
00631,00631,0,0,0,0,0,0,0,0,0,0,False
00632,00632,0,0,0,0,0,0,0,0,0,0,False
00633,00633,0,0,0,0,0,0,0,0,0,0,False
00634,00634,0,0,0,0,0,0,0,0,0,0,False
00635,00635,0,0,0,0,0,0,0,0,0,0,False
00636,00636,0,0,0,0,0,0,0,0,0,0,False
00637,00637,0,0,0,0,0,0,0,0,0,0,False
00638,00638,0,0,0,0,0,0,0,0,0,0,False
00639,00639,0,0,0,0,0,0,0,0,0,0,False
00640,00640,0,0,0,0,0,0,0,0,0,0,False
00641,00641,0,0,0,0,0,0,0,0,0,0,False
00642,00642,0,0,0,0,0,0,0,0,0,0,False
00643,00643,0,0,0,0,0,0,0,0,0,0,False
00644,00644,0,0,0,0,0,0,0,0,0,0,False
00645,00645,0,0,0,0,0,0,0,0,0,0,False
00646,00646,0,0,0,0,0,0,0,0,0,0,False
00647,00647,0,0,0,0,0,0,0,0,0,0,False
00648,00648,0,0,0,0,0,0,0,0,0,0,False
00649,00649,0,0,0,0,0,0,0,0,0,0,False
00650,00650,0,0,0,0,0,0,0,0,0,0,False
00651,00651,0,0,0,0,0,0,0,0,0,0,False
00652,00652,0,0,0,0,0,0,0,0,0,0,False
00653,00653,0,0,0,0,0,0,0,0,0,0,False
00654,00654,0,0,0,0,0,0,0,0,0,0,False
00655,00655,0,0,0,0,0,0,0,0,0,0,False
00656,00656,0,0,0,0,0,0,0,0,0,0,False
00657,00657,0,0,0,0,0,0,0,0,0,0,False
00658,00658,0,0,0,0,0,0,0,0,0,0,False
00659,00659,0,0,0,0,0,0,0,0,0,0,False
00660,00660,0,0,0,0,0,0,0,0,0,0,False
00661,00661,0,0,0,0,0,0,0,0,0,0,False
00662,00662,0,0,0,0,0,0,0,0,0,0,False
00663,00663,0,0,0,0,0,0,0,0,0,0,False
00664,00664,0,0,0,0,0,0,0,0,0,0,False
00665,00665,0,0,0,0,0,0,0,0,0,0,False
00666,00666,0,0,0,0,0,0,0,0,0,0,False
00667,00667,0,0,0,0,0,0,0,0,0,0,False
00668,00668,0,0,0,0,0,0,0,0,0,0,False
00669,00669,0,0,0,0,0,0,0,0,0,0,False
00670,00670,0,0,0,0,0,0,0,0,0,0,False
00671,00671,0,0,0,0,0,0,0,0,0,0,False
00672,00672,0,0,0,0,0,0,0,0,0,0,False
00673,00673,0,0,0,0,0,0,0,0,0,0,False
00674,00674,0,0,0,0,0,0,0,0,0,0,False
00675,00675,0,0,0,0,0,0,0,0,0,0,False
00676,00676,0,0,0,0,0,0,0,0,0,0,False
00677,00677,0,0,0,0,0,0,0,0,0,0,False
00678,00678,0,0,0,0,0,0,0,0,0,0,False
00679,00679,0,0,0,0,0,0,0,0,0,0,False
00680,00680,0,0,0,0,0,0,0,0,0,0,False
00681,00681,0,0,0,0,0,0,0,0,0,0,False
00682,00682,0,0,0,0,0,0,0,0,0,0,False
00683,00683,0,0,0,0,0,0,0,0,0,0,False
00684,00684,0,0,0,0,0,0,0,0,0,0,False
00685,00685,0,0,0,0,0,0,0,0,0,0,False
00686,00686,0,0,0,0,0,0,0,0,0,0,False
00687,00687,0,0,0,0,0,0,0,0,0,0,False
00688,00688,0,0,0,0,0,0,0,0,0,0,False
00689,00689,0,0,0,0,0,0,0,0,0,0,False
00690,00690,0,0,0,0,0,0,0,0,0,0,False
00691,00691,0,0,0,0,0,0,0,0,0,0,False
00692,00692,0,0,0,0,0,0,0,0,0,0,False
00693,00693,0,0,0,0,0,0,0,0,0,0,False
00694,00694,0,0,0,0,0,0,0,0,0,0,False
00695,00695,0,0,0,0,0,0,0,0,0,0,False
00696,00696,0,0,0,0,0,0,0,0,0,0,False
00697,00697,0,0,0,0,0,0,0,0,0,0,False
00698,00698,0,0,0,0,0,0,0,0,0,0,False
00699,00699,0,0,0,0,0,0,0,0,0,0,False
00700,00700,0,0,0,0,0,0,0,0,0,0,False
00701,00701,0,0,0,0,0,0,0,0,0,0,False
00702,00702,0,0,0,0,0,0,0,0,0,0,False
00703,00703,0,0,0,0,0,0,0,0,0,0,False
00704,00704,0,0,0,0,0,0,0,0,0,0,False
00705,00705,0,0,0,0,0,0,0,0,0,0,False
00706,00706,0,0,0,0,0,0,0,0,0,0,False
00707,00707,0,0,0,0,0,0,0,0,0,0,False
00708,00708,0,0,0,0,0,0,0,0,0,0,False
00709,00709,0,0,0,0,0,0,0,0,0,0,False
00710,00710,0,0,0,0,0,0,0,0,0,0,False
00711,00711,0,0,0,0,0,0,0,0,0,0,False
00712,00712,0,0,0,0,0,0,0,0,0,0,False
00713,00713,0,0,0,0,0,0,0,0,0,0,False
00714,00714,0,0,0,0,0,0,0,0,0,0,False
00715,00715,0,0,0,0,0,0,0,0,0,0,False
00716,00716,0,0,0,0,0,0,0,0,0,0,False
00717,00717,0,0,0,0,0,0,0,0,0,0,False
00718,00718,0,0,0,0,0,0,0,0,0,0,False
00719,00719,0,0,0,0,0,0,0,0,0,0,False
00720,00720,0,0,0,0,0,0,0,0,0,0,False
00721,00721,0,0,0,0,0,0,0,0,0,0,False
00722,00722,0,0,0,0,0,0,0,0,0,0,False
00723,00723,0,0,0,0,0,0,0,0,0,0,False
00724,00724,0,0,0,0,0,0,0,0,0,0,False
00725,00725,0,0,0,0,0,0,0,0,0,0,False
00726,00726,0,0,0,0,0,0,0,0,0,0,False
00727,00727,0,0,0,0,0,0,0,0,0,0,False
00728,00728,0,0,0,0,0,0,0,0,0,0,False
00729,00729,0,0,0,0,0,0,0,0,0,0,False
00730,00730,0,0,0,0,0,0,0,0,0,0,False
00731,00731,0,0,0,0,0,0,0,0,0,0,False
00732,00732,0,0,0,0,0,0,0,0,0,0,False
00733,00733,0,0,0,0,0,0,0,0,0,0,False
00734,00734,0,0,0,0,0,0,0,0,0,0,False
00735,00735,0,0,0,0,0,0,0,0,0,0,False
00736,00736,0,0,0,0,0,0,0,0,0,0,False
00737,00737,0,0,0,0,0,0,0,0,0,0,False
00738,00738,0,0,0,0,0,0,0,0,0,0,False
00739,00739,0,0,0,0,0,0,0,0,0,0,False
00740,00740,0,0,0,0,0,0,0,0,0,0,False
00741,00741,0,0,0,0,0,0,0,0,0,0,False
00742,00742,0,0,0,0,0,0,0,0,0,0,False
00743,00743,0,0,0,0,0,0,0,0,0,0,False
00744,00744,0,0,0,0,0,0,0,0,0,0,False
00745,00745,0,0,0,0,0,0,0,0,0,0,False
00746,00746,0,0,0,0,0,0,0,0,0,0,False
00747,00747,0,0,0,0,0,0,0,0,0,0,False
00748,00748,0,0,0,0,0,0,0,0,0,0,False
00749,00749,0,0,0,0,0,0,0,0,0,0,False
00750,00750,0,0,0,0,0,0,0,0,0,0,False
00751,00751,0,0,0,0,0,0,0,0,0,0,False
00752,00752,0,0,0,0,0,0,0,0,0,0,False
00753,00753,0,0,0,0,0,0,0,0,0,0,False
00754,00754,0,0,0,0,0,0,0,0,0,0,False
00755,00755,0,0,0,0,0,0,0,0,0,0,False
00756,00756,0,0,0,0,0,0,0,0,0,0,False
00757,00757,0,0,0,0,0,0,0,0,0,0,False
00758,00758,0,0,0,0,0,0,0,0,0,0,False
00759,00759,0,0,0,0,0,0,0,0,0,0,False
00760,00760,0,0,0,0,0,0,0,0,0,0,False
00761,00761,0,0,0,0,0,0,0,0,0,0,False
00762,00762,0,0,0,0,0,0,0,0,0,0,False
00763,00763,0,0,0,0,0,0,0,0,0,0,False
00764,00764,0,0,0,0,0,0,0,0,0,0,False
00765,00765,0,0,0,0,0,0,0,0,0,0,False
00766,00766,0,0,0,0,0,0,0,0,0,0,False
00767,00767,0,0,0,0,0,0,0,0,0,0,False
00768,00768,0,0,0,0,0,0,0,0,0,0,False
00769,00769,0,0,0,0,0,0,0,0,0,0,False
00770,00770,0,0,0,0,0,0,0,0,0,0,False
00771,00771,0,0,0,0,0,0,0,0,0,0,False
00772,00772,0,0,0,0,0,0,0,0,0,0,False
00773,00773,0,0,0,0,0,0,0,0,0,0,False
00774,00774,0,0,0,0,0,0,0,0,0,0,False
00775,00775,0,0,0,0,0,0,0,0,0,0,False
00776,00776,0,0,0,0,0,0,0,0,0,0,False
00777,00777,0,0,0,0,0,0,0,0,0,0,False
00778,00778,0,0,0,0,0,0,0,0,0,0,False
00779,00779,0,0,0,0,0,0,0,0,0,0,False
00780,00780,0,0,0,0,0,0,0,0,0,0,False
00781,00781,0,0,0,0,0,0,0,0,0,0,False
00782,00782,0,0,0,0,0,0,0,0,0,0,False
00783,00783,0,0,0,0,0,0,0,0,0,0,False
00784,00784,0,0,0,0,0,0,0,0,0,0,False
00785,00785,0,0,0,0,0,0,0,0,0,0,False
00786,00786,0,0,0,0,0,0,0,0,0,0,False
00787,00787,0,0,0,0,0,0,0,0,0,0,False
00788,00788,0,0,0,0,0,0,0,0,0,0,False
00789,00789,0,0,0,0,0,0,0,0,0,0,False
00790,00790,0,0,0,0,0,0,0,0,0,0,False
00791,00791,0,0,0,0,0,0,0,0,0,0,False
00792,00792,0,0,0,0,0,0,0,0,0,0,False
00793,00793,0,0,0,0,0,0,0,0,0,0,False
00794,00794,0,0,0,0,0,0,0,0,0,0,False
00795,00795,0,0,0,0,0,0,0,0,0,0,False
00796,00796,0,0,0,0,0,0,0,0,0,0,False
00797,00797,0,0,0,0,0,0,0,0,0,0,False
00798,00798,0,0,0,0,0,0,0,0,0,0,False
00799,00799,0,0,0,0,0,0,0,0,0,0,False
00800,00800,0,0,0,0,0,0,0,0,0,0,False
00801,00801,0,0,0,0,0,0,0,0,0,0,False
00802,00802,0,0,0,0,0,0,0,0,0,0,False
00803,00803,0,0,0,0,0,0,0,0,0,0,False
00804,00804,0,0,0,0,0,0,0,0,0,0,False
00805,00805,0,0,0,0,0,0,0,0,0,0,False
00806,00806,0,0,0,0,0,0,0,0,0,0,False
00807,00807,0,0,0,0,0,0,0,0,0,0,False
00808,00808,0,0,0,0,0,0,0,0,0,0,False
00809,00809,0,0,0,0,0,0,0,0,0,0,False
00810,00810,0,0,0,0,0,0,0,0,0,0,False
00811,00811,0,0,0,0,0,0,0,0,0,0,False
00812,00812,0,0,0,0,0,0,0,0,0,0,False
00813,00813,0,0,0,0,0,0,0,0,0,0,False
00814,00814,0,0,0,0,0,0,0,0,0,0,False
00815,00815,0,0,0,0,0,0,0,0,0,0,False
00816,00816,0,0,0,0,0,0,0,0,0,0,False
00817,00817,0,0,0,0,0,0,0,0,0,0,False
00818,00818,0,0,0,0,0,0,0,0,0,0,False
00819,00819,0,0,0,0,0,0,0,0,0,0,False
00820,00820,0,0,0,0,0,0,0,0,0,0,False
00821,00821,0,0,0,0,0,0,0,0,0,0,False
00822,00822,0,0,0,0,0,0,0,0,0,0,False
00823,00823,0,0,0,0,0,0,0,0,0,0,False
00824,00824,0,0,0,0,0,0,0,0,0,0,False
00825,00825,0,0,0,0,0,0,0,0,0,0,False
00826,00826,0,0,0,0,0,0,0,0,0,0,False
00827,00827,0,0,0,0,0,0,0,0,0,0,False
00828,00828,0,0,0,0,0,0,0,0,0,0,False
00829,00829,0,0,0,0,0,0,0,0,0,0,False
00830,00830,0,0,0,0,0,0,0,0,0,0,False
00831,00831,0,0,0,0,0,0,0,0,0,0,False
00832,00832,0,0,0,0,0,0,0,0,0,0,False
00833,00833,0,0,0,0,0,0,0,0,0,0,False
00834,00834,0,0,0,0,0,0,0,0,0,0,False
00835,00835,0,0,0,0,0,0,0,0,0,0,False
00836,00836,0,0,0,0,0,0,0,0,0,0,False
00837,00837,0,0,0,0,0,0,0,0,0,0,False
00838,00838,0,0,0,0,0,0,0,0,0,0,False
00839,00839,0,0,0,0,0,0,0,0,0,0,False
00840,00840,0,0,0,0,0,0,0,0,0,0,False
00841,00841,0,0,0,0,0,0,0,0,0,0,False
00842,00842,0,0,0,0,0,0,0,0,0,0,False
00843,00843,0,0,0,0,0,0,0,0,0,0,False
00844,00844,0,0,0,0,0,0,0,0,0,0,False
00845,00845,0,0,0,0,0,0,0,0,0,0,False
00846,00846,0,0,0,0,0,0,0,0,0,0,False
00847,00847,0,0,0,0,0,0,0,0,0,0,False
00848,00848,0,0,0,0,0,0,0,0,0,0,False
00849,00849,0,0,0,0,0,0,0,0,0,0,False
00850,00850,0,0,0,0,0,0,0,0,0,0,False
00851,00851,0,0,0,0,0,0,0,0,0,0,False
00852,00852,0,0,0,0,0,0,0,0,0,0,False
00853,00853,0,0,0,0,0,0,0,0,0,0,False
00854,00854,0,0,0,0,0,0,0,0,0,0,False
00855,00855,0,0,0,0,0,0,0,0,0,0,False
00856,00856,0,0,0,0,0,0,0,0,0,0,False
00857,00857,0,0,0,0,0,0,0,0,0,0,False
00858,00858,0,0,0,0,0,0,0,0,0,0,False
00859,00859,0,0,0,0,0,0,0,0,0,0,False
00860,00860,0,0,0,0,0,0,0,0,0,0,False
00861,00861,0,0,0,0,0,0,0,0,0,0,False
00862,00862,0,0,0,0,0,0,0,0,0,0,False
00863,00863,0,0,0,0,0,0,0,0,0,0,False
00864,00864,0,0,0,0,0,0,0,0,0,0,False
00865,00865,0,0,0,0,0,0,0,0,0,0,False
00866,00866,0,0,0,0,0,0,0,0,0,0,False
00867,00867,0,0,0,0,0,0,0,0,0,0,False
00868,00868,0,0,0,0,0,0,0,0,0,0,False
00869,00869,0,0,0,0,0,0,0,0,0,0,False
00870,00870,0,0,0,0,0,0,0,0,0,0,False
00871,00871,0,0,0,0,0,0,0,0,0,0,False
00872,00872,0,0,0,0,0,0,0,0,0,0,False
00873,00873,0,0,0,0,0,0,0,0,0,0,False
00874,00874,0,0,0,0,0,0,0,0,0,0,False
00875,00875,0,0,0,0,0,0,0,0,0,0,False
00876,00876,0,0,0,0,0,0,0,0,0,0,False
00877,00877,0,0,0,0,0,0,0,0,0,0,False
00878,00878,0,0,0,0,0,0,0,0,0,0,False
00879,00879,0,0,0,0,0,0,0,0,0,0,False
00880,00880,0,0,0,0,0,0,0,0,0,0,False
00881,00881,0,0,0,0,0,0,0,0,0,0,False
00882,00882,0,0,0,0,0,0,0,0,0,0,False
00883,00883,0,0,0,0,0,0,0,0,0,0,False
00884,00884,0,0,0,0,0,0,0,0,0,0,False
00885,00885,0,0,0,0,0,0,0,0,0,0,False
00886,00886,0,0,0,0,0,0,0,0,0,0,False
00887,00887,0,0,0,0,0,0,0,0,0,0,False
00888,00888,0,0,0,0,0,0,0,0,0,0,False
00889,00889,0,0,0,0,0,0,0,0,0,0,False
00890,00890,0,0,0,0,0,0,0,0,0,0,False
00891,00891,0,0,0,0,0,0,0,0,0,0,False
00892,00892,0,0,0,0,0,0,0,0,0,0,False
00893,00893,0,0,0,0,0,0,0,0,0,0,False
00894,00894,0,0,0,0,0,0,0,0,0,0,False
00895,00895,0,0,0,0,0,0,0,0,0,0,False
00896,00896,0,0,0,0,0,0,0,0,0,0,False
00897,00897,0,0,0,0,0,0,0,0,0,0,False
00898,00898,0,0,0,0,0,0,0,0,0,0,False
00899,00899,0,0,0,0,0,0,0,0,0,0,False
00900,00900,0,0,0,0,0,0,0,0,0,0,False
00901,00901,0,0,0,0,0,0,0,0,0,0,False
00902,00902,0,0,0,0,0,0,0,0,0,0,False
00903,00903,0,0,0,0,0,0,0,0,0,0,False
00904,00904,0,0,0,0,0,0,0,0,0,0,False
00905,00905,0,0,0,0,0,0,0,0,0,0,False
00906,00906,0,0,0,0,0,0,0,0,0,0,False
00907,00907,0,0,0,0,0,0,0,0,0,0,False
00908,00908,0,0,0,0,0,0,0,0,0,0,False
00909,00909,0,0,0,0,0,0,0,0,0,0,False
00910,00910,0,0,0,0,0,0,0,0,0,0,False
00911,00911,0,0,0,0,0,0,0,0,0,0,False
00912,00912,0,0,0,0,0,0,0,0,0,0,False
00913,00913,0,0,0,0,0,0,0,0,0,0,False
00914,00914,0,0,0,0,0,0,0,0,0,0,False
00915,00915,0,0,0,0,0,0,0,0,0,0,False
00916,00916,0,0,0,0,0,0,0,0,0,0,False
00917,00917,0,0,0,0,0,0,0,0,0,0,False
00918,00918,0,0,0,0,0,0,0,0,0,0,False
00919,00919,0,0,0,0,0,0,0,0,0,0,False
00920,00920,0,0,0,0,0,0,0,0,0,0,False
00921,00921,0,0,0,0,0,0,0,0,0,0,False
00922,00922,0,0,0,0,0,0,0,0,0,0,False
00923,00923,0,0,0,0,0,0,0,0,0,0,False
00924,00924,0,0,0,0,0,0,0,0,0,0,False
00925,00925,0,0,0,0,0,0,0,0,0,0,False
00926,00926,0,0,0,0,0,0,0,0,0,0,False
00927,00927,0,0,0,0,0,0,0,0,0,0,False
00928,00928,0,0,0,0,0,0,0,0,0,0,False
00929,00929,0,0,0,0,0,0,0,0,0,0,False
00930,00930,0,0,0,0,0,0,0,0,0,0,False
00931,00931,0,0,0,0,0,0,0,0,0,0,False
00932,00932,0,0,0,0,0,0,0,0,0,0,False
00933,00933,0,0,0,0,0,0,0,0,0,0,False
00934,00934,0,0,0,0,0,0,0,0,0,0,False
00935,00935,0,0,0,0,0,0,0,0,0,0,False
00936,00936,0,0,0,0,0,0,0,0,0,0,False
00937,00937,0,0,0,0,0,0,0,0,0,0,False
00938,00938,0,0,0,0,0,0,0,0,0,0,False
00939,00939,0,0,0,0,0,0,0,0,0,0,False
00940,00940,0,0,0,0,0,0,0,0,0,0,False
00941,00941,0,0,0,0,0,0,0,0,0,0,False
00942,00942,0,0,0,0,0,0,0,0,0,0,False
00943,00943,0,0,0,0,0,0,0,0,0,0,False
00944,00944,0,0,0,0,0,0,0,0,0,0,False
00945,00945,0,0,0,0,0,0,0,0,0,0,False
00946,00946,0,0,0,0,0,0,0,0,0,0,False
00947,00947,0,0,0,0,0,0,0,0,0,0,False
00948,00948,0,0,0,0,0,0,0,0,0,0,False
00949,00949,0,0,0,0,0,0,0,0,0,0,False
00950,00950,0,0,0,0,0,0,0,0,0,0,False
00951,00951,0,0,0,0,0,0,0,0,0,0,False
00952,00952,0,0,0,0,0,0,0,0,0,0,False
00953,00953,0,0,0,0,0,0,0,0,0,0,False
00954,00954,0,0,0,0,0,0,0,0,0,0,False
00955,00955,0,0,0,0,0,0,0,0,0,0,False
00956,00956,0,0,0,0,0,0,0,0,0,0,False
00957,00957,0,0,0,0,0,0,0,0,0,0,False
00958,00958,0,0,0,0,0,0,0,0,0,0,False
00959,00959,0,0,0,0,0,0,0,0,0,0,False
00960,00960,0,0,0,0,0,0,0,0,0,0,False
00961,00961,0,0,0,0,0,0,0,0,0,0,False
00962,00962,0,0,0,0,0,0,0,0,0,0,False
00963,00963,0,0,0,0,0,0,0,0,0,0,False
00964,00964,0,0,0,0,0,0,0,0,0,0,False
00965,00965,0,0,0,0,0,0,0,0,0,0,False
00966,00966,0,0,0,0,0,0,0,0,0,0,False
00967,00967,0,0,0,0,0,0,0,0,0,0,False
00968,00968,0,0,0,0,0,0,0,0,0,0,False
00969,00969,0,0,0,0,0,0,0,0,0,0,False
00970,00970,0,0,0,0,0,0,0,0,0,0,False
00971,00971,0,0,0,0,0,0,0,0,0,0,False
00972,00972,0,0,0,0,0,0,0,0,0,0,False
00973,00973,0,0,0,0,0,0,0,0,0,0,False
00974,00974,0,0,0,0,0,0,0,0,0,0,False
00975,00975,0,0,0,0,0,0,0,0,0,0,False
00976,00976,0,0,0,0,0,0,0,0,0,0,False
00977,00977,0,0,0,0,0,0,0,0,0,0,False
00978,00978,0,0,0,0,0,0,0,0,0,0,False
00979,00979,0,0,0,0,0,0,0,0,0,0,False
00980,00980,0,0,0,0,0,0,0,0,0,0,False
00981,00981,0,0,0,0,0,0,0,0,0,0,False
00982,00982,0,0,0,0,0,0,0,0,0,0,False
00983,00983,0,0,0,0,0,0,0,0,0,0,False
00984,00984,0,0,0,0,0,0,0,0,0,0,False
00985,00985,0,0,0,0,0,0,0,0,0,0,False
00986,00986,0,0,0,0,0,0,0,0,0,0,False
00987,00987,0,0,0,0,0,0,0,0,0,0,False
00988,00988,0,0,0,0,0,0,0,0,0,0,False
00989,00989,0,0,0,0,0,0,0,0,0,0,False
00990,00990,0,0,0,0,0,0,0,0,0,0,False
00991,00991,0,0,0,0,0,0,0,0,0,0,False
00992,00992,0,0,0,0,0,0,0,0,0,0,False
00993,00993,0,0,0,0,0,0,0,0,0,0,False
00994,00994,0,0,0,0,0,0,0,0,0,0,False
00995,00995,0,0,0,0,0,0,0,0,0,0,False
00996,00996,0,0,0,0,0,0,0,0,0,0,False
00997,00997,0,0,0,0,0,0,0,0,0,0,False
00998,00998,0,0,0,0,0,0,0,0,0,0,False
00999,00999,0,0,0,0,0,0,0,0,0,0,False
01000,01000,0,0,0,0,0,0,0,0,0,0,False
01001,01001,0,0,0,0,0,0,0,0,0,0,False
01002,01002,0,0,0,0,0,0,0,0,0,0,False
01003,01003,0,0,0,0,0,0,0,0,0,0,False
01004,01004,0,0,0,0,0,0,0,0,0,0,False
01005,01005,0,0,0,0,0,0,0,0,0,0,False
01006,01006,0,0,0,0,0,0,0,0,0,0,False
01007,01007,0,0,0,0,0,0,0,0,0,0,False
01008,01008,0,0,0,0,0,0,0,0,0,0,False
01009,01009,0,0,0,0,0,0,0,0,0,0,False
01010,01010,0,0,0,0,0,0,0,0,0,0,False
01011,01011,0,0,0,0,0,0,0,0,0,0,False
01012,01012,0,0,0,0,0,0,0,0,0,0,False
01013,01013,0,0,0,0,0,0,0,0,0,0,False
01014,01014,0,0,0,0,0,0,0,0,0,0,False
01015,01015,0,0,0,0,0,0,0,0,0,0,False
01016,01016,0,0,0,0,0,0,0,0,0,0,False
01017,01017,0,0,0,0,0,0,0,0,0,0,False
01018,01018,0,0,0,0,0,0,0,0,0,0,False
01019,01019,0,0,0,0,0,0,0,0,0,0,False
01020,01020,0,0,0,0,0,0,0,0,0,0,False
01021,01021,0,0,0,0,0,0,0,0,0,0,False
01022,01022,0,0,0,0,0,0,0,0,0,0,False
01023,01023,0,0,0,0,0,0,0,0,0,0,False
01024,01024,0,0,0,0,0,0,0,0,0,0,False
01025,01025,0,0,0,0,0,0,0,0,0,0,False
01026,01026,0,0,0,0,0,0,0,0,0,0,False
01027,01027,0,0,0,0,0,0,0,0,0,0,False
01028,01028,0,0,0,0,0,0,0,0,0,0,False
01029,01029,0,0,0,0,0,0,0,0,0,0,False
01030,01030,0,0,0,0,0,0,0,0,0,0,False
01031,01031,0,0,0,0,0,0,0,0,0,0,False
01032,01032,0,0,0,0,0,0,0,0,0,0,False
01033,01033,0,0,0,0,0,0,0,0,0,0,False
01034,01034,0,0,0,0,0,0,0,0,0,0,False
01035,01035,0,0,0,0,0,0,0,0,0,0,False
01036,01036,0,0,0,0,0,0,0,0,0,0,False
01037,01037,0,0,0,0,0,0,0,0,0,0,False
01038,01038,0,0,0,0,0,0,0,0,0,0,False
01039,01039,0,0,0,0,0,0,0,0,0,0,False
01040,01040,0,0,0,0,0,0,0,0,0,0,False
01041,01041,0,0,0,0,0,0,0,0,0,0,False
01042,01042,0,0,0,0,0,0,0,0,0,0,False
01043,01043,0,0,0,0,0,0,0,0,0,0,False
01044,01044,0,0,0,0,0,0,0,0,0,0,False
01045,01045,0,0,0,0,0,0,0,0,0,0,False
01046,01046,0,0,0,0,0,0,0,0,0,0,False
01047,01047,0,0,0,0,0,0,0,0,0,0,False
01048,01048,0,0,0,0,0,0,0,0,0,0,False
01049,01049,0,0,0,0,0,0,0,0,0,0,False
01050,01050,0,0,0,0,0,0,0,0,0,0,False
01051,01051,0,0,0,0,0,0,0,0,0,0,False
01052,01052,0,0,0,0,0,0,0,0,0,0,False
01053,01053,0,0,0,0,0,0,0,0,0,0,False
01054,01054,0,0,0,0,0,0,0,0,0,0,False
01055,01055,0,0,0,0,0,0,0,0,0,0,False
01056,01056,0,0,0,0,0,0,0,0,0,0,False
01057,01057,0,0,0,0,0,0,0,0,0,0,False
01058,01058,0,0,0,0,0,0,0,0,0,0,False
01059,01059,0,0,0,0,0,0,0,0,0,0,False
01060,01060,0,0,0,0,0,0,0,0,0,0,False
01061,01061,0,0,0,0,0,0,0,0,0,0,False
01062,01062,0,0,0,0,0,0,0,0,0,0,False
01063,01063,0,0,0,0,0,0,0,0,0,0,False
01064,01064,0,0,0,0,0,0,0,0,0,0,False
01065,01065,0,0,0,0,0,0,0,0,0,0,False
01066,01066,0,0,0,0,0,0,0,0,0,0,False
01067,01067,0,0,0,0,0,0,0,0,0,0,False
01068,01068,0,0,0,0,0,0,0,0,0,0,False
01069,01069,0,0,0,0,0,0,0,0,0,0,False
01070,01070,0,0,0,0,0,0,0,0,0,0,False
01071,01071,0,0,0,0,0,0,0,0,0,0,False
01072,01072,0,0,0,0,0,0,0,0,0,0,False
01073,01073,0,0,0,0,0,0,0,0,0,0,False
01074,01074,0,0,0,0,0,0,0,0,0,0,False
01075,01075,0,0,0,0,0,0,0,0,0,0,False
01076,01076,0,0,0,0,0,0,0,0,0,0,False
01077,01077,0,0,0,0,0,0,0,0,0,0,False
01078,01078,0,0,0,0,0,0,0,0,0,0,False
01079,01079,0,0,0,0,0,0,0,0,0,0,False
01080,01080,0,0,0,0,0,0,0,0,0,0,False
01081,01081,0,0,0,0,0,0,0,0,0,0,False
01082,01082,0,0,0,0,0,0,0,0,0,0,False
01083,01083,0,0,0,0,0,0,0,0,0,0,False
01084,01084,0,0,0,0,0,0,0,0,0,0,False
01085,01085,0,0,0,0,0,0,0,0,0,0,False
01086,01086,0,0,0,0,0,0,0,0,0,0,False
01087,01087,0,0,0,0,0,0,0,0,0,0,False
01088,01088,0,0,0,0,0,0,0,0,0,0,False
01089,01089,0,0,0,0,0,0,0,0,0,0,False
01090,01090,0,0,0,0,0,0,0,0,0,0,False
01091,01091,0,0,0,0,0,0,0,0,0,0,False
01092,01092,0,0,0,0,0,0,0,0,0,0,False
01093,01093,0,0,0,0,0,0,0,0,0,0,False
01094,01094,0,0,0,0,0,0,0,0,0,0,False
01095,01095,0,0,0,0,0,0,0,0,0,0,False
01096,01096,0,0,0,0,0,0,0,0,0,0,False
01097,01097,0,0,0,0,0,0,0,0,0,0,False
01098,01098,0,0,0,0,0,0,0,0,0,0,False
01099,01099,0,0,0,0,0,0,0,0,0,0,False
01100,01100,0,0,0,0,0,0,0,0,0,0,False
01101,01101,0,0,0,0,0,0,0,0,0,0,False
01102,01102,0,0,0,0,0,0,0,0,0,0,False
01103,01103,0,0,0,0,0,0,0,0,0,0,False
01104,01104,0,0,0,0,0,0,0,0,0,0,False
01105,01105,0,0,0,0,0,0,0,0,0,0,False
01106,01106,0,0,0,0,0,0,0,0,0,0,False
01107,01107,0,0,0,0,0,0,0,0,0,0,False
01108,01108,0,0,0,0,0,0,0,0,0,0,False
01109,01109,0,0,0,0,0,0,0,0,0,0,False
01110,01110,0,0,0,0,0,0,0,0,0,0,False
01111,01111,0,0,0,0,0,0,0,0,0,0,False
01112,01112,0,0,0,0,0,0,0,0,0,0,False
01113,01113,0,0,0,0,0,0,0,0,0,0,False
01114,01114,0,0,0,0,0,0,0,0,0,0,False
01115,01115,0,0,0,0,0,0,0,0,0,0,False
01116,01116,0,0,0,0,0,0,0,0,0,0,False
01117,01117,0,0,0,0,0,0,0,0,0,0,False
01118,01118,0,0,0,0,0,0,0,0,0,0,False
01119,01119,0,0,0,0,0,0,0,0,0,0,False
01120,01120,0,0,0,0,0,0,0,0,0,0,False
01121,01121,0,0,0,0,0,0,0,0,0,0,False
01122,01122,0,0,0,0,0,0,0,0,0,0,False
01123,01123,0,0,0,0,0,0,0,0,0,0,False
01124,01124,0,0,0,0,0,0,0,0,0,0,False
01125,01125,0,0,0,0,0,0,0,0,0,0,False
01126,01126,0,0,0,0,0,0,0,0,0,0,False
01127,01127,0,0,0,0,0,0,0,0,0,0,False
01128,01128,0,0,0,0,0,0,0,0,0,0,False
01129,01129,0,0,0,0,0,0,0,0,0,0,False
01130,01130,0,0,0,0,0,0,0,0,0,0,False
01131,01131,0,0,0,0,0,0,0,0,0,0,False
01132,01132,0,0,0,0,0,0,0,0,0,0,False
01133,01133,0,0,0,0,0,0,0,0,0,0,False
01134,01134,0,0,0,0,0,0,0,0,0,0,False
01135,01135,0,0,0,0,0,0,0,0,0,0,False
01136,01136,0,0,0,0,0,0,0,0,0,0,False
01137,01137,0,0,0,0,0,0,0,0,0,0,False
01138,01138,0,0,0,0,0,0,0,0,0,0,False
01139,01139,0,0,0,0,0,0,0,0,0,0,False
01140,01140,0,0,0,0,0,0,0,0,0,0,False
01141,01141,0,0,0,0,0,0,0,0,0,0,False
01142,01142,0,0,0,0,0,0,0,0,0,0,False
01143,01143,0,0,0,0,0,0,0,0,0,0,False
01144,01144,0,0,0,0,0,0,0,0,0,0,False
01145,01145,0,0,0,0,0,0,0,0,0,0,False
01146,01146,0,0,0,0,0,0,0,0,0,0,False
01147,01147,0,0,0,0,0,0,0,0,0,0,False
01148,01148,0,0,0,0,0,0,0,0,0,0,False
01149,01149,0,0,0,0,0,0,0,0,0,0,False
01150,01150,0,0,0,0,0,0,0,0,0,0,False
01151,01151,0,0,0,0,0,0,0,0,0,0,False
01152,01152,0,0,0,0,0,0,0,0,0,0,False
01153,01153,0,0,0,0,0,0,0,0,0,0,False
01154,01154,0,0,0,0,0,0,0,0,0,0,False
01155,01155,0,0,0,0,0,0,0,0,0,0,False
01156,01156,0,0,0,0,0,0,0,0,0,0,False
01157,01157,0,0,0,0,0,0,0,0,0,0,False
01158,01158,0,0,0,0,0,0,0,0,0,0,False
01159,01159,0,0,0,0,0,0,0,0,0,0,False
01160,01160,0,0,0,0,0,0,0,0,0,0,False
01161,01161,0,0,0,0,0,0,0,0,0,0,False
01162,01162,0,0,0,0,0,0,0,0,0,0,False
01163,01163,0,0,0,0,0,0,0,0,0,0,False
01164,01164,0,0,0,0,0,0,0,0,0,0,False
01165,01165,0,0,0,0,0,0,0,0,0,0,False
01166,01166,0,0,0,0,0,0,0,0,0,0,False
01167,01167,0,0,0,0,0,0,0,0,0,0,False
01168,01168,0,0,0,0,0,0,0,0,0,0,False
01169,01169,0,0,0,0,0,0,0,0,0,0,False
01170,01170,0,0,0,0,0,0,0,0,0,0,False
01171,01171,0,0,0,0,0,0,0,0,0,0,False
01172,01172,0,0,0,0,0,0,0,0,0,0,False
01173,01173,0,0,0,0,0,0,0,0,0,0,False
01174,01174,0,0,0,0,0,0,0,0,0,0,False
01175,01175,0,0,0,0,0,0,0,0,0,0,False
01176,01176,0,0,0,0,0,0,0,0,0,0,False
01177,01177,0,0,0,0,0,0,0,0,0,0,False
01178,01178,0,0,0,0,0,0,0,0,0,0,False
01179,01179,0,0,0,0,0,0,0,0,0,0,False
01180,01180,0,0,0,0,0,0,0,0,0,0,False
01181,01181,0,0,0,0,0,0,0,0,0,0,False
01182,01182,0,0,0,0,0,0,0,0,0,0,False
01183,01183,0,0,0,0,0,0,0,0,0,0,False
01184,01184,0,0,0,0,0,0,0,0,0,0,False
01185,01185,0,0,0,0,0,0,0,0,0,0,False
01186,01186,0,0,0,0,0,0,0,0,0,0,False
01187,01187,0,0,0,0,0,0,0,0,0,0,False
01188,01188,0,0,0,0,0,0,0,0,0,0,False
01189,01189,0,0,0,0,0,0,0,0,0,0,False
01190,01190,0,0,0,0,0,0,0,0,0,0,False
01191,01191,0,0,0,0,0,0,0,0,0,0,False
01192,01192,0,0,0,0,0,0,0,0,0,0,False
01193,01193,0,0,0,0,0,0,0,0,0,0,False
01194,01194,0,0,0,0,0,0,0,0,0,0,False
01195,01195,0,0,0,0,0,0,0,0,0,0,False
01196,01196,0,0,0,0,0,0,0,0,0,0,False
01197,01197,0,0,0,0,0,0,0,0,0,0,False
01198,01198,0,0,0,0,0,0,0,0,0,0,False
01199,01199,0,0,0,0,0,0,0,0,0,0,False
01200,01200,0,0,0,0,0,0,0,0,0,0,False
01201,01201,0,0,0,0,0,0,0,0,0,0,False
01202,01202,0,0,0,0,0,0,0,0,0,0,False
01203,01203,0,0,0,0,0,0,0,0,0,0,False
01204,01204,0,0,0,0,0,0,0,0,0,0,False
01205,01205,0,0,0,0,0,0,0,0,0,0,False
01206,01206,0,0,0,0,0,0,0,0,0,0,False
01207,01207,0,0,0,0,0,0,0,0,0,0,False
01208,01208,0,0,0,0,0,0,0,0,0,0,False
01209,01209,0,0,0,0,0,0,0,0,0,0,False
01210,01210,0,0,0,0,0,0,0,0,0,0,False
01211,01211,0,0,0,0,0,0,0,0,0,0,False
01212,01212,0,0,0,0,0,0,0,0,0,0,False
01213,01213,0,0,0,0,0,0,0,0,0,0,False
01214,01214,0,0,0,0,0,0,0,0,0,0,False
01215,01215,0,0,0,0,0,0,0,0,0,0,False
01216,01216,0,0,0,0,0,0,0,0,0,0,False
01217,01217,0,0,0,0,0,0,0,0,0,0,False
01218,01218,0,0,0,0,0,0,0,0,0,0,False
01219,01219,0,0,0,0,0,0,0,0,0,0,False
01220,01220,0,0,0,0,0,0,0,0,0,0,False
01221,01221,0,0,0,0,0,0,0,0,0,0,False
01222,01222,0,0,0,0,0,0,0,0,0,0,False
01223,01223,0,0,0,0,0,0,0,0,0,0,False
01224,01224,0,0,0,0,0,0,0,0,0,0,False
01225,01225,0,0,0,0,0,0,0,0,0,0,False
01226,01226,0,0,0,0,0,0,0,0,0,0,False
01227,01227,0,0,0,0,0,0,0,0,0,0,False
01228,01228,0,0,0,0,0,0,0,0,0,0,False
01229,01229,0,0,0,0,0,0,0,0,0,0,False
01230,01230,0,0,0,0,0,0,0,0,0,0,False
01231,01231,0,0,0,0,0,0,0,0,0,0,False
01232,01232,0,0,0,0,0,0,0,0,0,0,False
01233,01233,0,0,0,0,0,0,0,0,0,0,False
01234,01234,0,0,0,0,0,0,0,0,0,0,False
01235,01235,0,0,0,0,0,0,0,0,0,0,False
01236,01236,0,0,0,0,0,0,0,0,0,0,False
01237,01237,0,0,0,0,0,0,0,0,0,0,False
01238,01238,0,0,0,0,0,0,0,0,0,0,False
01239,01239,0,0,0,0,0,0,0,0,0,0,False
01240,01240,0,0,0,0,0,0,0,0,0,0,False
01241,01241,0,0,0,0,0,0,0,0,0,0,False
01242,01242,0,0,0,0,0,0,0,0,0,0,False
01243,01243,0,0,0,0,0,0,0,0,0,0,False
01244,01244,0,0,0,0,0,0,0,0,0,0,False
01245,01245,0,0,0,0,0,0,0,0,0,0,False
01246,01246,0,0,0,0,0,0,0,0,0,0,False
01247,01247,0,0,0,0,0,0,0,0,0,0,False
01248,01248,0,0,0,0,0,0,0,0,0,0,False
01249,01249,0,0,0,0,0,0,0,0,0,0,False
01250,01250,0,0,0,0,0,0,0,0,0,0,False
01251,01251,0,0,0,0,0,0,0,0,0,0,False
01252,01252,0,0,0,0,0,0,0,0,0,0,False
01253,01253,0,0,0,0,0,0,0,0,0,0,False
01254,01254,0,0,0,0,0,0,0,0,0,0,False
01255,01255,0,0,0,0,0,0,0,0,0,0,False
01256,01256,0,0,0,0,0,0,0,0,0,0,False
01257,01257,0,0,0,0,0,0,0,0,0,0,False
01258,01258,0,0,0,0,0,0,0,0,0,0,False
01259,01259,0,0,0,0,0,0,0,0,0,0,False
01260,01260,0,0,0,0,0,0,0,0,0,0,False
01261,01261,0,0,0,0,0,0,0,0,0,0,False
01262,01262,0,0,0,0,0,0,0,0,0,0,False
01263,01263,0,0,0,0,0,0,0,0,0,0,False
01264,01264,0,0,0,0,0,0,0,0,0,0,False
01265,01265,0,0,0,0,0,0,0,0,0,0,False
01266,01266,0,0,0,0,0,0,0,0,0,0,False
01267,01267,0,0,0,0,0,0,0,0,0,0,False
01268,01268,0,0,0,0,0,0,0,0,0,0,False
01269,01269,0,0,0,0,0,0,0,0,0,0,False
01270,01270,0,0,0,0,0,0,0,0,0,0,False
01271,01271,0,0,0,0,0,0,0,0,0,0,False
01272,01272,0,0,0,0,0,0,0,0,0,0,False
01273,01273,0,0,0,0,0,0,0,0,0,0,False
01274,01274,0,0,0,0,0,0,0,0,0,0,False
01275,01275,0,0,0,0,0,0,0,0,0,0,False
01276,01276,0,0,0,0,0,0,0,0,0,0,False
01277,01277,0,0,0,0,0,0,0,0,0,0,False
01278,01278,0,0,0,0,0,0,0,0,0,0,False
01279,01279,0,0,0,0,0,0,0,0,0,0,False
01280,01280,0,0,0,0,0,0,0,0,0,0,False
01281,01281,0,0,0,0,0,0,0,0,0,0,False
01282,01282,0,0,0,0,0,0,0,0,0,0,False
01283,01283,0,0,0,0,0,0,0,0,0,0,False
01284,01284,0,0,0,0,0,0,0,0,0,0,False
01285,01285,0,0,0,0,0,0,0,0,0,0,False
01286,01286,0,0,0,0,0,0,0,0,0,0,False
01287,01287,0,0,0,0,0,0,0,0,0,0,False
01288,01288,0,0,0,0,0,0,0,0,0,0,False
01289,01289,0,0,0,0,0,0,0,0,0,0,False
01290,01290,0,0,0,0,0,0,0,0,0,0,False
01291,01291,0,0,0,0,0,0,0,0,0,0,False
01292,01292,0,0,0,0,0,0,0,0,0,0,False
01293,01293,0,0,0,0,0,0,0,0,0,0,False
01294,01294,0,0,0,0,0,0,0,0,0,0,False
01295,01295,0,0,0,0,0,0,0,0,0,0,False
01296,01296,0,0,0,0,0,0,0,0,0,0,False
01297,01297,0,0,0,0,0,0,0,0,0,0,False
01298,01298,0,0,0,0,0,0,0,0,0,0,False
01299,01299,0,0,0,0,0,0,0,0,0,0,False
01300,01300,0,0,0,0,0,0,0,0,0,0,False
01301,01301,0,0,0,0,0,0,0,0,0,0,False
01302,01302,0,0,0,0,0,0,0,0,0,0,False
01303,01303,0,0,0,0,0,0,0,0,0,0,False
01304,01304,0,0,0,0,0,0,0,0,0,0,False
01305,01305,0,0,0,0,0,0,0,0,0,0,False
01306,01306,0,0,0,0,0,0,0,0,0,0,False
01307,01307,0,0,0,0,0,0,0,0,0,0,False
01308,01308,0,0,0,0,0,0,0,0,0,0,False
01309,01309,0,0,0,0,0,0,0,0,0,0,False
01310,01310,0,0,0,0,0,0,0,0,0,0,False
01311,01311,0,0,0,0,0,0,0,0,0,0,False
01312,01312,0,0,0,0,0,0,0,0,0,0,False
01313,01313,0,0,0,0,0,0,0,0,0,0,False
01314,01314,0,0,0,0,0,0,0,0,0,0,False
01315,01315,0,0,0,0,0,0,0,0,0,0,False
01316,01316,0,0,0,0,0,0,0,0,0,0,False
01317,01317,0,0,0,0,0,0,0,0,0,0,False
01318,01318,0,0,0,0,0,0,0,0,0,0,False
01319,01319,0,0,0,0,0,0,0,0,0,0,False
01320,01320,0,0,0,0,0,0,0,0,0,0,False
01321,01321,0,0,0,0,0,0,0,0,0,0,False
01322,01322,0,0,0,0,0,0,0,0,0,0,False
01323,01323,0,0,0,0,0,0,0,0,0,0,False
01324,01324,0,0,0,0,0,0,0,0,0,0,False
01325,01325,0,0,0,0,0,0,0,0,0,0,False
01326,01326,0,0,0,0,0,0,0,0,0,0,False
01327,01327,0,0,0,0,0,0,0,0,0,0,False
01328,01328,0,0,0,0,0,0,0,0,0,0,False
01329,01329,0,0,0,0,0,0,0,0,0,0,False
01330,01330,0,0,0,0,0,0,0,0,0,0,False
01331,01331,0,0,0,0,0,0,0,0,0,0,False
01332,01332,0,0,0,0,0,0,0,0,0,0,False
01333,01333,0,0,0,0,0,0,0,0,0,0,False
01334,01334,0,0,0,0,0,0,0,0,0,0,False
01335,01335,0,0,0,0,0,0,0,0,0,0,False
01336,01336,0,0,0,0,0,0,0,0,0,0,False
01337,01337,0,0,0,0,0,0,0,0,0,0,False
01338,01338,0,0,0,0,0,0,0,0,0,0,False
01339,01339,0,0,0,0,0,0,0,0,0,0,False
01340,01340,0,0,0,0,0,0,0,0,0,0,False
01341,01341,0,0,0,0,0,0,0,0,0,0,False
01342,01342,0,0,0,0,0,0,0,0,0,0,False
01343,01343,0,0,0,0,0,0,0,0,0,0,False
01344,01344,0,0,0,0,0,0,0,0,0,0,False
01345,01345,0,0,0,0,0,0,0,0,0,0,False
01346,01346,0,0,0,0,0,0,0,0,0,0,False
01347,01347,0,0,0,0,0,0,0,0,0,0,False
01348,01348,0,0,0,0,0,0,0,0,0,0,False
01349,01349,0,0,0,0,0,0,0,0,0,0,False
01350,01350,0,0,0,0,0,0,0,0,0,0,False
01351,01351,0,0,0,0,0,0,0,0,0,0,False
01352,01352,0,0,0,0,0,0,0,0,0,0,False
01353,01353,0,0,0,0,0,0,0,0,0,0,False
01354,01354,0,0,0,0,0,0,0,0,0,0,False
01355,01355,0,0,0,0,0,0,0,0,0,0,False
01356,01356,0,0,0,0,0,0,0,0,0,0,False
01357,01357,0,0,0,0,0,0,0,0,0,0,False
01358,01358,0,0,0,0,0,0,0,0,0,0,False
01359,01359,0,0,0,0,0,0,0,0,0,0,False
01360,01360,0,0,0,0,0,0,0,0,0,0,False
01361,01361,0,0,0,0,0,0,0,0,0,0,False
01362,01362,0,0,0,0,0,0,0,0,0,0,False
01363,01363,0,0,0,0,0,0,0,0,0,0,False
01364,01364,0,0,0,0,0,0,0,0,0,0,False
01365,01365,0,0,0,0,0,0,0,0,0,0,False
01366,01366,0,0,0,0,0,0,0,0,0,0,False
01367,01367,0,0,0,0,0,0,0,0,0,0,False
01368,01368,0,0,0,0,0,0,0,0,0,0,False
01369,01369,0,0,0,0,0,0,0,0,0,0,False
01370,01370,0,0,0,0,0,0,0,0,0,0,False
01371,01371,0,0,0,0,0,0,0,0,0,0,False
01372,01372,0,0,0,0,0,0,0,0,0,0,False
01373,01373,0,0,0,0,0,0,0,0,0,0,False
01374,01374,0,0,0,0,0,0,0,0,0,0,False
01375,01375,0,0,0,0,0,0,0,0,0,0,False
01376,01376,0,0,0,0,0,0,0,0,0,0,False
01377,01377,0,0,0,0,0,0,0,0,0,0,False
01378,01378,0,0,0,0,0,0,0,0,0,0,False
01379,01379,0,0,0,0,0,0,0,0,0,0,False
01380,01380,0,0,0,0,0,0,0,0,0,0,False
01381,01381,0,0,0,0,0,0,0,0,0,0,False
01382,01382,0,0,0,0,0,0,0,0,0,0,False
01383,01383,0,0,0,0,0,0,0,0,0,0,False
01384,01384,0,0,0,0,0,0,0,0,0,0,False
01385,01385,0,0,0,0,0,0,0,0,0,0,False
01386,01386,0,0,0,0,0,0,0,0,0,0,False
01387,01387,0,0,0,0,0,0,0,0,0,0,False
01388,01388,0,0,0,0,0,0,0,0,0,0,False
01389,01389,0,0,0,0,0,0,0,0,0,0,False
01390,01390,0,0,0,0,0,0,0,0,0,0,False
01391,01391,0,0,0,0,0,0,0,0,0,0,False
01392,01392,0,0,0,0,0,0,0,0,0,0,False
01393,01393,0,0,0,0,0,0,0,0,0,0,False
01394,01394,0,0,0,0,0,0,0,0,0,0,False
01395,01395,0,0,0,0,0,0,0,0,0,0,False
01396,01396,0,0,0,0,0,0,0,0,0,0,False
01397,01397,0,0,0,0,0,0,0,0,0,0,False
01398,01398,0,0,0,0,0,0,0,0,0,0,False
01399,01399,0,0,0,0,0,0,0,0,0,0,False
01400,01400,0,0,0,0,0,0,0,0,0,0,False
01401,01401,0,0,0,0,0,0,0,0,0,0,False
01402,01402,0,0,0,0,0,0,0,0,0,0,False
01403,01403,0,0,0,0,0,0,0,0,0,0,False
01404,01404,0,0,0,0,0,0,0,0,0,0,False
01405,01405,0,0,0,0,0,0,0,0,0,0,False
01406,01406,0,0,0,0,0,0,0,0,0,0,False
01407,01407,0,0,0,0,0,0,0,0,0,0,False
01408,01408,0,0,0,0,0,0,0,0,0,0,False
01409,01409,0,0,0,0,0,0,0,0,0,0,False
01410,01410,0,0,0,0,0,0,0,0,0,0,False
01411,01411,0,0,0,0,0,0,0,0,0,0,False
01412,01412,0,0,0,0,0,0,0,0,0,0,False
01413,01413,0,0,0,0,0,0,0,0,0,0,False
01414,01414,0,0,0,0,0,0,0,0,0,0,False
01415,01415,0,0,0,0,0,0,0,0,0,0,False
01416,01416,0,0,0,0,0,0,0,0,0,0,False
01417,01417,0,0,0,0,0,0,0,0,0,0,False
01418,01418,0,0,0,0,0,0,0,0,0,0,False
01419,01419,0,0,0,0,0,0,0,0,0,0,False
01420,01420,0,0,0,0,0,0,0,0,0,0,False
01421,01421,0,0,0,0,0,0,0,0,0,0,False
01422,01422,0,0,0,0,0,0,0,0,0,0,False
01423,01423,0,0,0,0,0,0,0,0,0,0,False
01424,01424,0,0,0,0,0,0,0,0,0,0,False
01425,01425,0,0,0,0,0,0,0,0,0,0,False
01426,01426,0,0,0,0,0,0,0,0,0,0,False
01427,01427,0,0,0,0,0,0,0,0,0,0,False
01428,01428,0,0,0,0,0,0,0,0,0,0,False
01429,01429,0,0,0,0,0,0,0,0,0,0,False
01430,01430,0,0,0,0,0,0,0,0,0,0,False
01431,01431,0,0,0,0,0,0,0,0,0,0,False
01432,01432,0,0,0,0,0,0,0,0,0,0,False
01433,01433,0,0,0,0,0,0,0,0,0,0,False
01434,01434,0,0,0,0,0,0,0,0,0,0,False
01435,01435,0,0,0,0,0,0,0,0,0,0,False
01436,01436,0,0,0,0,0,0,0,0,0,0,False
01437,01437,0,0,0,0,0,0,0,0,0,0,False
01438,01438,0,0,0,0,0,0,0,0,0,0,False
01439,01439,0,0,0,0,0,0,0,0,0,0,False
01440,01440,0,0,0,0,0,0,0,0,0,0,False
01441,01441,0,0,0,0,0,0,0,0,0,0,False
01442,01442,0,0,0,0,0,0,0,0,0,0,False
01443,01443,0,0,0,0,0,0,0,0,0,0,False
01444,01444,0,0,0,0,0,0,0,0,0,0,False
01445,01445,0,0,0,0,0,0,0,0,0,0,False
01446,01446,0,0,0,0,0,0,0,0,0,0,False
01447,01447,0,0,0,0,0,0,0,0,0,0,False
01448,01448,0,0,0,0,0,0,0,0,0,0,False
01449,01449,0,0,0,0,0,0,0,0,0,0,False
01450,01450,0,0,0,0,0,0,0,0,0,0,False
01451,01451,0,0,0,0,0,0,0,0,0,0,False
01452,01452,0,0,0,0,0,0,0,0,0,0,False
01453,01453,0,0,0,0,0,0,0,0,0,0,False
01454,01454,0,0,0,0,0,0,0,0,0,0,False
01455,01455,0,0,0,0,0,0,0,0,0,0,False
01456,01456,0,0,0,0,0,0,0,0,0,0,False
01457,01457,0,0,0,0,0,0,0,0,0,0,False
01458,01458,0,0,0,0,0,0,0,0,0,0,False
01459,01459,0,0,0,0,0,0,0,0,0,0,False
01460,01460,0,0,0,0,0,0,0,0,0,0,False
01461,01461,0,0,0,0,0,0,0,0,0,0,False
01462,01462,0,0,0,0,0,0,0,0,0,0,False
01463,01463,0,0,0,0,0,0,0,0,0,0,False
01464,01464,0,0,0,0,0,0,0,0,0,0,False
01465,01465,0,0,0,0,0,0,0,0,0,0,False
01466,01466,0,0,0,0,0,0,0,0,0,0,False
01467,01467,0,0,0,0,0,0,0,0,0,0,False
01468,01468,0,0,0,0,0,0,0,0,0,0,False
01469,01469,0,0,0,0,0,0,0,0,0,0,False
01470,01470,0,0,0,0,0,0,0,0,0,0,False
01471,01471,0,0,0,0,0,0,0,0,0,0,False
01472,01472,0,0,0,0,0,0,0,0,0,0,False
01473,01473,0,0,0,0,0,0,0,0,0,0,False
01474,01474,0,0,0,0,0,0,0,0,0,0,False
01475,01475,0,0,0,0,0,0,0,0,0,0,False
01476,01476,0,0,0,0,0,0,0,0,0,0,False
01477,01477,0,0,0,0,0,0,0,0,0,0,False
01478,01478,0,0,0,0,0,0,0,0,0,0,False
01479,01479,0,0,0,0,0,0,0,0,0,0,False
01480,01480,0,0,0,0,0,0,0,0,0,0,False
01481,01481,0,0,0,0,0,0,0,0,0,0,False
01482,01482,0,0,0,0,0,0,0,0,0,0,False
01483,01483,0,0,0,0,0,0,0,0,0,0,False
01484,01484,0,0,0,0,0,0,0,0,0,0,False
01485,01485,0,0,0,0,0,0,0,0,0,0,False
01486,01486,0,0,0,0,0,0,0,0,0,0,False
01487,01487,0,0,0,0,0,0,0,0,0,0,False
01488,01488,0,0,0,0,0,0,0,0,0,0,False
01489,01489,0,0,0,0,0,0,0,0,0,0,False
01490,01490,0,0,0,0,0,0,0,0,0,0,False
01491,01491,0,0,0,0,0,0,0,0,0,0,False
01492,01492,0,0,0,0,0,0,0,0,0,0,False
01493,01493,0,0,0,0,0,0,0,0,0,0,False
01494,01494,0,0,0,0,0,0,0,0,0,0,False
01495,01495,0,0,0,0,0,0,0,0,0,0,False
01496,01496,0,0,0,0,0,0,0,0,0,0,False
01497,01497,0,0,0,0,0,0,0,0,0,0,False
01498,01498,0,0,0,0,0,0,0,0,0,0,False
01499,01499,0,0,0,0,0,0,0,0,0,0,False
01500,01500,0,0,0,0,0,0,0,0,0,0,False
01501,01501,0,0,0,0,0,0,0,0,0,0,False
01502,01502,0,0,0,0,0,0,0,0,0,0,False
01503,01503,0,0,0,0,0,0,0,0,0,0,False
01504,01504,0,0,0,0,0,0,0,0,0,0,False
01505,01505,0,0,0,0,0,0,0,0,0,0,False
01506,01506,0,0,0,0,0,0,0,0,0,0,False
01507,01507,0,0,0,0,0,0,0,0,0,0,False
01508,01508,0,0,0,0,0,0,0,0,0,0,False
01509,01509,0,0,0,0,0,0,0,0,0,0,False
01510,01510,0,0,0,0,0,0,0,0,0,0,False
01511,01511,0,0,0,0,0,0,0,0,0,0,False
01512,01512,0,0,0,0,0,0,0,0,0,0,False
01513,01513,0,0,0,0,0,0,0,0,0,0,False
01514,01514,0,0,0,0,0,0,0,0,0,0,False
01515,01515,0,0,0,0,0,0,0,0,0,0,False
01516,01516,0,0,0,0,0,0,0,0,0,0,False
01517,01517,0,0,0,0,0,0,0,0,0,0,False
01518,01518,0,0,0,0,0,0,0,0,0,0,False
01519,01519,0,0,0,0,0,0,0,0,0,0,False
01520,01520,0,0,0,0,0,0,0,0,0,0,False
01521,01521,0,0,0,0,0,0,0,0,0,0,False
01522,01522,0,0,0,0,0,0,0,0,0,0,False
01523,01523,0,0,0,0,0,0,0,0,0,0,False
01524,01524,0,0,0,0,0,0,0,0,0,0,False
01525,01525,0,0,0,0,0,0,0,0,0,0,False
01526,01526,0,0,0,0,0,0,0,0,0,0,False
01527,01527,0,0,0,0,0,0,0,0,0,0,False
01528,01528,0,0,0,0,0,0,0,0,0,0,False
01529,01529,0,0,0,0,0,0,0,0,0,0,False
01530,01530,0,0,0,0,0,0,0,0,0,0,False
01531,01531,0,0,0,0,0,0,0,0,0,0,False
01532,01532,0,0,0,0,0,0,0,0,0,0,False
01533,01533,0,0,0,0,0,0,0,0,0,0,False
01534,01534,0,0,0,0,0,0,0,0,0,0,False
01535,01535,0,0,0,0,0,0,0,0,0,0,False
01536,01536,0,0,0,0,0,0,0,0,0,0,False
01537,01537,0,0,0,0,0,0,0,0,0,0,False
01538,01538,0,0,0,0,0,0,0,0,0,0,False
01539,01539,0,0,0,0,0,0,0,0,0,0,False
01540,01540,0,0,0,0,0,0,0,0,0,0,False
01541,01541,0,0,0,0,0,0,0,0,0,0,False
01542,01542,0,0,0,0,0,0,0,0,0,0,False
01543,01543,0,0,0,0,0,0,0,0,0,0,False
01544,01544,0,0,0,0,0,0,0,0,0,0,False
01545,01545,0,0,0,0,0,0,0,0,0,0,False
01546,01546,0,0,0,0,0,0,0,0,0,0,False
01547,01547,0,0,0,0,0,0,0,0,0,0,False
01548,01548,0,0,0,0,0,0,0,0,0,0,False
01549,01549,0,0,0,0,0,0,0,0,0,0,False
01550,01550,0,0,0,0,0,0,0,0,0,0,False
01551,01551,0,0,0,0,0,0,0,0,0,0,False
01552,01552,0,0,0,0,0,0,0,0,0,0,False
01553,01553,0,0,0,0,0,0,0,0,0,0,False
01554,01554,0,0,0,0,0,0,0,0,0,0,False
01555,01555,0,0,0,0,0,0,0,0,0,0,False
01556,01556,0,0,0,0,0,0,0,0,0,0,False
01557,01557,0,0,0,0,0,0,0,0,0,0,False
01558,01558,0,0,0,0,0,0,0,0,0,0,False
01559,01559,0,0,0,0,0,0,0,0,0,0,False
01560,01560,0,0,0,0,0,0,0,0,0,0,False
01561,01561,0,0,0,0,0,0,0,0,0,0,False
01562,01562,0,0,0,0,0,0,0,0,0,0,False
01563,01563,0,0,0,0,0,0,0,0,0,0,False
01564,01564,0,0,0,0,0,0,0,0,0,0,False
01565,01565,0,0,0,0,0,0,0,0,0,0,False
01566,01566,0,0,0,0,0,0,0,0,0,0,False
01567,01567,0,0,0,0,0,0,0,0,0,0,False
01568,01568,0,0,0,0,0,0,0,0,0,0,False
01569,01569,0,0,0,0,0,0,0,0,0,0,False
01570,01570,0,0,0,0,0,0,0,0,0,0,False
01571,01571,0,0,0,0,0,0,0,0,0,0,False
01572,01572,0,0,0,0,0,0,0,0,0,0,False
01573,01573,0,0,0,0,0,0,0,0,0,0,False
01574,01574,0,0,0,0,0,0,0,0,0,0,False
01575,01575,0,0,0,0,0,0,0,0,0,0,False
01576,01576,0,0,0,0,0,0,0,0,0,0,False
01577,01577,0,0,0,0,0,0,0,0,0,0,False
01578,01578,0,0,0,0,0,0,0,0,0,0,False
01579,01579,0,0,0,0,0,0,0,0,0,0,False
01580,01580,0,0,0,0,0,0,0,0,0,0,False
01581,01581,0,0,0,0,0,0,0,0,0,0,False
01582,01582,0,0,0,0,0,0,0,0,0,0,False
01583,01583,0,0,0,0,0,0,0,0,0,0,False
01584,01584,0,0,0,0,0,0,0,0,0,0,False
01585,01585,0,0,0,0,0,0,0,0,0,0,False
01586,01586,0,0,0,0,0,0,0,0,0,0,False
01587,01587,0,0,0,0,0,0,0,0,0,0,False
01588,01588,0,0,0,0,0,0,0,0,0,0,False
01589,01589,0,0,0,0,0,0,0,0,0,0,False
01590,01590,0,0,0,0,0,0,0,0,0,0,False
01591,01591,0,0,0,0,0,0,0,0,0,0,False
01592,01592,0,0,0,0,0,0,0,0,0,0,False
01593,01593,0,0,0,0,0,0,0,0,0,0,False
01594,01594,0,0,0,0,0,0,0,0,0,0,False
01595,01595,0,0,0,0,0,0,0,0,0,0,False
01596,01596,0,0,0,0,0,0,0,0,0,0,False
01597,01597,0,0,0,0,0,0,0,0,0,0,False
01598,01598,0,0,0,0,0,0,0,0,0,0,False
01599,01599,0,0,0,0,0,0,0,0,0,0,False
01600,01600,0,0,0,0,0,0,0,0,0,0,False
01601,01601,0,0,0,0,0,0,0,0,0,0,False
01602,01602,0,0,0,0,0,0,0,0,0,0,False
01603,01603,0,0,0,0,0,0,0,0,0,0,False
01604,01604,0,0,0,0,0,0,0,0,0,0,False
01605,01605,0,0,0,0,0,0,0,0,0,0,False
01606,01606,0,0,0,0,0,0,0,0,0,0,False
01607,01607,0,0,0,0,0,0,0,0,0,0,False
01608,01608,0,0,0,0,0,0,0,0,0,0,False
01609,01609,0,0,0,0,0,0,0,0,0,0,False
01610,01610,0,0,0,0,0,0,0,0,0,0,False
01611,01611,0,0,0,0,0,0,0,0,0,0,False
01612,01612,0,0,0,0,0,0,0,0,0,0,False
01613,01613,0,0,0,0,0,0,0,0,0,0,False
01614,01614,0,0,0,0,0,0,0,0,0,0,False
01615,01615,0,0,0,0,0,0,0,0,0,0,False
01616,01616,0,0,0,0,0,0,0,0,0,0,False
01617,01617,0,0,0,0,0,0,0,0,0,0,False
01618,01618,0,0,0,0,0,0,0,0,0,0,False
01619,01619,0,0,0,0,0,0,0,0,0,0,False
01620,01620,0,0,0,0,0,0,0,0,0,0,False
01621,01621,0,0,0,0,0,0,0,0,0,0,False
01622,01622,0,0,0,0,0,0,0,0,0,0,False
01623,01623,0,0,0,0,0,0,0,0,0,0,False
01624,01624,0,0,0,0,0,0,0,0,0,0,False
01625,01625,0,0,0,0,0,0,0,0,0,0,False
01626,01626,0,0,0,0,0,0,0,0,0,0,False
01627,01627,0,0,0,0,0,0,0,0,0,0,False
01628,01628,0,0,0,0,0,0,0,0,0,0,False
01629,01629,0,0,0,0,0,0,0,0,0,0,False
01630,01630,0,0,0,0,0,0,0,0,0,0,False
01631,01631,0,0,0,0,0,0,0,0,0,0,False
01632,01632,0,0,0,0,0,0,0,0,0,0,False
01633,01633,0,0,0,0,0,0,0,0,0,0,False
01634,01634,0,0,0,0,0,0,0,0,0,0,False
01635,01635,0,0,0,0,0,0,0,0,0,0,False
01636,01636,0,0,0,0,0,0,0,0,0,0,False
01637,01637,0,0,0,0,0,0,0,0,0,0,False
01638,01638,0,0,0,0,0,0,0,0,0,0,False
01639,01639,0,0,0,0,0,0,0,0,0,0,False
01640,01640,0,0,0,0,0,0,0,0,0,0,False
01641,01641,0,0,0,0,0,0,0,0,0,0,False
01642,01642,0,0,0,0,0,0,0,0,0,0,False
01643,01643,0,0,0,0,0,0,0,0,0,0,False
01644,01644,0,0,0,0,0,0,0,0,0,0,False
01645,01645,0,0,0,0,0,0,0,0,0,0,False
01646,01646,0,0,0,0,0,0,0,0,0,0,False
01647,01647,0,0,0,0,0,0,0,0,0,0,False
01648,01648,0,0,0,0,0,0,0,0,0,0,False
01649,01649,0,0,0,0,0,0,0,0,0,0,False
01650,01650,0,0,0,0,0,0,0,0,0,0,False
01651,01651,0,0,0,0,0,0,0,0,0,0,False
01652,01652,0,0,0,0,0,0,0,0,0,0,False
01653,01653,0,0,0,0,0,0,0,0,0,0,False
01654,01654,0,0,0,0,0,0,0,0,0,0,False
01655,01655,0,0,0,0,0,0,0,0,0,0,False
01656,01656,0,0,0,0,0,0,0,0,0,0,False
01657,01657,0,0,0,0,0,0,0,0,0,0,False
01658,01658,0,0,0,0,0,0,0,0,0,0,False
01659,01659,0,0,0,0,0,0,0,0,0,0,False
01660,01660,0,0,0,0,0,0,0,0,0,0,False
01661,01661,0,0,0,0,0,0,0,0,0,0,False
01662,01662,0,0,0,0,0,0,0,0,0,0,False
01663,01663,0,0,0,0,0,0,0,0,0,0,False
01664,01664,0,0,0,0,0,0,0,0,0,0,False
01665,01665,0,0,0,0,0,0,0,0,0,0,False
01666,01666,0,0,0,0,0,0,0,0,0,0,False
01667,01667,0,0,0,0,0,0,0,0,0,0,False
01668,01668,0,0,0,0,0,0,0,0,0,0,False
01669,01669,0,0,0,0,0,0,0,0,0,0,False
01670,01670,0,0,0,0,0,0,0,0,0,0,False
01671,01671,0,0,0,0,0,0,0,0,0,0,False
01672,01672,0,0,0,0,0,0,0,0,0,0,False
01673,01673,0,0,0,0,0,0,0,0,0,0,False
01674,01674,0,0,0,0,0,0,0,0,0,0,False
01675,01675,0,0,0,0,0,0,0,0,0,0,False
01676,01676,0,0,0,0,0,0,0,0,0,0,False
01677,01677,0,0,0,0,0,0,0,0,0,0,False
01678,01678,0,0,0,0,0,0,0,0,0,0,False
01679,01679,0,0,0,0,0,0,0,0,0,0,False
01680,01680,0,0,0,0,0,0,0,0,0,0,False
01681,01681,0,0,0,0,0,0,0,0,0,0,False
01682,01682,0,0,0,0,0,0,0,0,0,0,False
01683,01683,0,0,0,0,0,0,0,0,0,0,False
01684,01684,0,0,0,0,0,0,0,0,0,0,False
01685,01685,0,0,0,0,0,0,0,0,0,0,False
01686,01686,0,0,0,0,0,0,0,0,0,0,False
01687,01687,0,0,0,0,0,0,0,0,0,0,False
01688,01688,0,0,0,0,0,0,0,0,0,0,False
01689,01689,0,0,0,0,0,0,0,0,0,0,False
01690,01690,0,0,0,0,0,0,0,0,0,0,False
01691,01691,0,0,0,0,0,0,0,0,0,0,False
01692,01692,0,0,0,0,0,0,0,0,0,0,False
01693,01693,0,0,0,0,0,0,0,0,0,0,False
01694,01694,0,0,0,0,0,0,0,0,0,0,False
01695,01695,0,0,0,0,0,0,0,0,0,0,False
01696,01696,0,0,0,0,0,0,0,0,0,0,False
01697,01697,0,0,0,0,0,0,0,0,0,0,False
01698,01698,0,0,0,0,0,0,0,0,0,0,False
01699,01699,0,0,0,0,0,0,0,0,0,0,False
01700,01700,0,0,0,0,0,0,0,0,0,0,False
01701,01701,0,0,0,0,0,0,0,0,0,0,False
01702,01702,0,0,0,0,0,0,0,0,0,0,False
01703,01703,0,0,0,0,0,0,0,0,0,0,False
01704,01704,0,0,0,0,0,0,0,0,0,0,False
01705,01705,0,0,0,0,0,0,0,0,0,0,False
01706,01706,0,0,0,0,0,0,0,0,0,0,False
01707,01707,0,0,0,0,0,0,0,0,0,0,False
01708,01708,0,0,0,0,0,0,0,0,0,0,False
01709,01709,0,0,0,0,0,0,0,0,0,0,False
01710,01710,0,0,0,0,0,0,0,0,0,0,False
01711,01711,0,0,0,0,0,0,0,0,0,0,False
01712,01712,0,0,0,0,0,0,0,0,0,0,False
01713,01713,0,0,0,0,0,0,0,0,0,0,False
01714,01714,0,0,0,0,0,0,0,0,0,0,False
01715,01715,0,0,0,0,0,0,0,0,0,0,False
01716,01716,0,0,0,0,0,0,0,0,0,0,False
01717,01717,0,0,0,0,0,0,0,0,0,0,False
01718,01718,0,0,0,0,0,0,0,0,0,0,False
01719,01719,0,0,0,0,0,0,0,0,0,0,False
01720,01720,0,0,0,0,0,0,0,0,0,0,False
01721,01721,0,0,0,0,0,0,0,0,0,0,False
01722,01722,0,0,0,0,0,0,0,0,0,0,False
01723,01723,0,0,0,0,0,0,0,0,0,0,False
01724,01724,0,0,0,0,0,0,0,0,0,0,False
01725,01725,0,0,0,0,0,0,0,0,0,0,False
01726,01726,0,0,0,0,0,0,0,0,0,0,False
01727,01727,0,0,0,0,0,0,0,0,0,0,False
01728,01728,0,0,0,0,0,0,0,0,0,0,False
01729,01729,0,0,0,0,0,0,0,0,0,0,False
01730,01730,0,0,0,0,0,0,0,0,0,0,False
01731,01731,0,0,0,0,0,0,0,0,0,0,False
01732,01732,0,0,0,0,0,0,0,0,0,0,False
01733,01733,0,0,0,0,0,0,0,0,0,0,False
01734,01734,0,0,0,0,0,0,0,0,0,0,False
01735,01735,0,0,0,0,0,0,0,0,0,0,False
01736,01736,0,0,0,0,0,0,0,0,0,0,False
01737,01737,0,0,0,0,0,0,0,0,0,0,False
01738,01738,0,0,0,0,0,0,0,0,0,0,False
01739,01739,0,0,0,0,0,0,0,0,0,0,False
01740,01740,0,0,0,0,0,0,0,0,0,0,False
01741,01741,0,0,0,0,0,0,0,0,0,0,False
01742,01742,0,0,0,0,0,0,0,0,0,0,False
01743,01743,0,0,0,0,0,0,0,0,0,0,False
01744,01744,0,0,0,0,0,0,0,0,0,0,False
01745,01745,0,0,0,0,0,0,0,0,0,0,False
01746,01746,0,0,0,0,0,0,0,0,0,0,False
01747,01747,0,0,0,0,0,0,0,0,0,0,False
01748,01748,0,0,0,0,0,0,0,0,0,0,False
01749,01749,0,0,0,0,0,0,0,0,0,0,False
01750,01750,0,0,0,0,0,0,0,0,0,0,False
01751,01751,0,0,0,0,0,0,0,0,0,0,False
01752,01752,0,0,0,0,0,0,0,0,0,0,False
01753,01753,0,0,0,0,0,0,0,0,0,0,False
01754,01754,0,0,0,0,0,0,0,0,0,0,False
01755,01755,0,0,0,0,0,0,0,0,0,0,False
01756,01756,0,0,0,0,0,0,0,0,0,0,False
01757,01757,0,0,0,0,0,0,0,0,0,0,False
01758,01758,0,0,0,0,0,0,0,0,0,0,False
01759,01759,0,0,0,0,0,0,0,0,0,0,False
01760,01760,0,0,0,0,0,0,0,0,0,0,False
01761,01761,0,0,0,0,0,0,0,0,0,0,False
01762,01762,0,0,0,0,0,0,0,0,0,0,False
01763,01763,0,0,0,0,0,0,0,0,0,0,False
01764,01764,0,0,0,0,0,0,0,0,0,0,False
01765,01765,0,0,0,0,0,0,0,0,0,0,False
01766,01766,0,0,0,0,0,0,0,0,0,0,False
01767,01767,0,0,0,0,0,0,0,0,0,0,False
01768,01768,0,0,0,0,0,0,0,0,0,0,False
01769,01769,0,0,0,0,0,0,0,0,0,0,False
01770,01770,0,0,0,0,0,0,0,0,0,0,False
01771,01771,0,0,0,0,0,0,0,0,0,0,False
01772,01772,0,0,0,0,0,0,0,0,0,0,False
01773,01773,0,0,0,0,0,0,0,0,0,0,False
01774,01774,0,0,0,0,0,0,0,0,0,0,False
01775,01775,0,0,0,0,0,0,0,0,0,0,False
01776,01776,0,0,0,0,0,0,0,0,0,0,False
01777,01777,0,0,0,0,0,0,0,0,0,0,False
01778,01778,0,0,0,0,0,0,0,0,0,0,False
01779,01779,0,0,0,0,0,0,0,0,0,0,False
01780,01780,0,0,0,0,0,0,0,0,0,0,False
01781,01781,0,0,0,0,0,0,0,0,0,0,False
01782,01782,0,0,0,0,0,0,0,0,0,0,False
01783,01783,0,0,0,0,0,0,0,0,0,0,False
01784,01784,0,0,0,0,0,0,0,0,0,0,False
01785,01785,0,0,0,0,0,0,0,0,0,0,False
01786,01786,0,0,0,0,0,0,0,0,0,0,False
01787,01787,0,0,0,0,0,0,0,0,0,0,False
01788,01788,0,0,0,0,0,0,0,0,0,0,False
01789,01789,0,0,0,0,0,0,0,0,0,0,False
01790,01790,0,0,0,0,0,0,0,0,0,0,False
01791,01791,0,0,0,0,0,0,0,0,0,0,False
01792,01792,0,0,0,0,0,0,0,0,0,0,False
01793,01793,0,0,0,0,0,0,0,0,0,0,False
01794,01794,0,0,0,0,0,0,0,0,0,0,False
01795,01795,0,0,0,0,0,0,0,0,0,0,False
01796,01796,0,0,0,0,0,0,0,0,0,0,False
01797,01797,0,0,0,0,0,0,0,0,0,0,False
01798,01798,0,0,0,0,0,0,0,0,0,0,False
01799,01799,0,0,0,0,0,0,0,0,0,0,False
01800,01800,0,0,0,0,0,0,0,0,0,0,False
01801,01801,0,0,0,0,0,0,0,0,0,0,False
01802,01802,0,0,0,0,0,0,0,0,0,0,False
01803,01803,0,0,0,0,0,0,0,0,0,0,False
01804,01804,0,0,0,0,0,0,0,0,0,0,False
01805,01805,0,0,0,0,0,0,0,0,0,0,False
01806,01806,0,0,0,0,0,0,0,0,0,0,False
01807,01807,0,0,0,0,0,0,0,0,0,0,False
01808,01808,0,0,0,0,0,0,0,0,0,0,False
01809,01809,0,0,0,0,0,0,0,0,0,0,False
01810,01810,0,0,0,0,0,0,0,0,0,0,False
01811,01811,0,0,0,0,0,0,0,0,0,0,False
01812,01812,0,0,0,0,0,0,0,0,0,0,False
01813,01813,0,0,0,0,0,0,0,0,0,0,False
01814,01814,0,0,0,0,0,0,0,0,0,0,False
01815,01815,0,0,0,0,0,0,0,0,0,0,False
01816,01816,0,0,0,0,0,0,0,0,0,0,False
01817,01817,0,0,0,0,0,0,0,0,0,0,False
01818,01818,0,0,0,0,0,0,0,0,0,0,False
01819,01819,0,0,0,0,0,0,0,0,0,0,False
01820,01820,0,0,0,0,0,0,0,0,0,0,False
01821,01821,0,0,0,0,0,0,0,0,0,0,False
01822,01822,0,0,0,0,0,0,0,0,0,0,False
01823,01823,0,0,0,0,0,0,0,0,0,0,False
01824,01824,0,0,0,0,0,0,0,0,0,0,False
01825,01825,0,0,0,0,0,0,0,0,0,0,False
01826,01826,0,0,0,0,0,0,0,0,0,0,False
01827,01827,0,0,0,0,0,0,0,0,0,0,False
01828,01828,0,0,0,0,0,0,0,0,0,0,False
01829,01829,0,0,0,0,0,0,0,0,0,0,False
01830,01830,0,0,0,0,0,0,0,0,0,0,False
01831,01831,0,0,0,0,0,0,0,0,0,0,False
01832,01832,0,0,0,0,0,0,0,0,0,0,False
01833,01833,0,0,0,0,0,0,0,0,0,0,False
01834,01834,0,0,0,0,0,0,0,0,0,0,False
01835,01835,0,0,0,0,0,0,0,0,0,0,False
01836,01836,0,0,0,0,0,0,0,0,0,0,False
01837,01837,0,0,0,0,0,0,0,0,0,0,False
01838,01838,0,0,0,0,0,0,0,0,0,0,False
01839,01839,0,0,0,0,0,0,0,0,0,0,False
01840,01840,0,0,0,0,0,0,0,0,0,0,False
01841,01841,0,0,0,0,0,0,0,0,0,0,False
01842,01842,0,0,0,0,0,0,0,0,0,0,False
01843,01843,0,0,0,0,0,0,0,0,0,0,False
01844,01844,0,0,0,0,0,0,0,0,0,0,False
01845,01845,0,0,0,0,0,0,0,0,0,0,False
01846,01846,0,0,0,0,0,0,0,0,0,0,False
01847,01847,0,0,0,0,0,0,0,0,0,0,False
01848,01848,0,0,0,0,0,0,0,0,0,0,False
01849,01849,0,0,0,0,0,0,0,0,0,0,False
01850,01850,0,0,0,0,0,0,0,0,0,0,False
01851,01851,0,0,0,0,0,0,0,0,0,0,False
01852,01852,0,0,0,0,0,0,0,0,0,0,False
01853,01853,0,0,0,0,0,0,0,0,0,0,False
01854,01854,0,0,0,0,0,0,0,0,0,0,False
01855,01855,0,0,0,0,0,0,0,0,0,0,False
01856,01856,0,0,0,0,0,0,0,0,0,0,False
01857,01857,0,0,0,0,0,0,0,0,0,0,False
01858,01858,0,0,0,0,0,0,0,0,0,0,False
01859,01859,0,0,0,0,0,0,0,0,0,0,False
01860,01860,0,0,0,0,0,0,0,0,0,0,False
01861,01861,0,0,0,0,0,0,0,0,0,0,False
01862,01862,0,0,0,0,0,0,0,0,0,0,False
01863,01863,0,0,0,0,0,0,0,0,0,0,False
01864,01864,0,0,0,0,0,0,0,0,0,0,False
01865,01865,0,0,0,0,0,0,0,0,0,0,False
01866,01866,0,0,0,0,0,0,0,0,0,0,False
01867,01867,0,0,0,0,0,0,0,0,0,0,False
01868,01868,0,0,0,0,0,0,0,0,0,0,False
01869,01869,0,0,0,0,0,0,0,0,0,0,False
01870,01870,0,0,0,0,0,0,0,0,0,0,False
01871,01871,0,0,0,0,0,0,0,0,0,0,False
01872,01872,0,0,0,0,0,0,0,0,0,0,False
01873,01873,0,0,0,0,0,0,0,0,0,0,False
01874,01874,0,0,0,0,0,0,0,0,0,0,False
01875,01875,0,0,0,0,0,0,0,0,0,0,False
01876,01876,0,0,0,0,0,0,0,0,0,0,False
01877,01877,0,0,0,0,0,0,0,0,0,0,False
01878,01878,0,0,0,0,0,0,0,0,0,0,False
01879,01879,0,0,0,0,0,0,0,0,0,0,False
01880,01880,0,0,0,0,0,0,0,0,0,0,False
01881,01881,0,0,0,0,0,0,0,0,0,0,False
01882,01882,0,0,0,0,0,0,0,0,0,0,False
01883,01883,0,0,0,0,0,0,0,0,0,0,False
01884,01884,0,0,0,0,0,0,0,0,0,0,False
01885,01885,0,0,0,0,0,0,0,0,0,0,False
01886,01886,0,0,0,0,0,0,0,0,0,0,False
01887,01887,0,0,0,0,0,0,0,0,0,0,False
01888,01888,0,0,0,0,0,0,0,0,0,0,False
01889,01889,0,0,0,0,0,0,0,0,0,0,False
01890,01890,0,0,0,0,0,0,0,0,0,0,False
01891,01891,0,0,0,0,0,0,0,0,0,0,False
01892,01892,0,0,0,0,0,0,0,0,0,0,False
01893,01893,0,0,0,0,0,0,0,0,0,0,False
01894,01894,0,0,0,0,0,0,0,0,0,0,False
01895,01895,0,0,0,0,0,0,0,0,0,0,False
01896,01896,0,0,0,0,0,0,0,0,0,0,False
01897,01897,0,0,0,0,0,0,0,0,0,0,False
01898,01898,0,0,0,0,0,0,0,0,0,0,False
01899,01899,0,0,0,0,0,0,0,0,0,0,False
01900,01900,0,0,0,0,0,0,0,0,0,0,False
01901,01901,0,0,0,0,0,0,0,0,0,0,False
01902,01902,0,0,0,0,0,0,0,0,0,0,False
01903,01903,0,0,0,0,0,0,0,0,0,0,False
01904,01904,0,0,0,0,0,0,0,0,0,0,False
01905,01905,0,0,0,0,0,0,0,0,0,0,False
01906,01906,0,0,0,0,0,0,0,0,0,0,False
01907,01907,0,0,0,0,0,0,0,0,0,0,False
01908,01908,0,0,0,0,0,0,0,0,0,0,False
01909,01909,0,0,0,0,0,0,0,0,0,0,False
01910,01910,0,0,0,0,0,0,0,0,0,0,False
01911,01911,0,0,0,0,0,0,0,0,0,0,False
01912,01912,0,0,0,0,0,0,0,0,0,0,False
01913,01913,0,0,0,0,0,0,0,0,0,0,False
01914,01914,0,0,0,0,0,0,0,0,0,0,False
01915,01915,0,0,0,0,0,0,0,0,0,0,False
01916,01916,0,0,0,0,0,0,0,0,0,0,False
01917,01917,0,0,0,0,0,0,0,0,0,0,False
01918,01918,0,0,0,0,0,0,0,0,0,0,False
01919,01919,0,0,0,0,0,0,0,0,0,0,False
01920,01920,0,0,0,0,0,0,0,0,0,0,False
01921,01921,0,0,0,0,0,0,0,0,0,0,False
01922,01922,0,0,0,0,0,0,0,0,0,0,False
01923,01923,0,0,0,0,0,0,0,0,0,0,False
01924,01924,0,0,0,0,0,0,0,0,0,0,False
01925,01925,0,0,0,0,0,0,0,0,0,0,False
01926,01926,0,0,0,0,0,0,0,0,0,0,False
01927,01927,0,0,0,0,0,0,0,0,0,0,False
01928,01928,0,0,0,0,0,0,0,0,0,0,False
01929,01929,0,0,0,0,0,0,0,0,0,0,False
01930,01930,0,0,0,0,0,0,0,0,0,0,False
01931,01931,0,0,0,0,0,0,0,0,0,0,False
01932,01932,0,0,0,0,0,0,0,0,0,0,False
01933,01933,0,0,0,0,0,0,0,0,0,0,False
01934,01934,0,0,0,0,0,0,0,0,0,0,False
01935,01935,0,0,0,0,0,0,0,0,0,0,False
01936,01936,0,0,0,0,0,0,0,0,0,0,False
01937,01937,0,0,0,0,0,0,0,0,0,0,False
01938,01938,0,0,0,0,0,0,0,0,0,0,False
01939,01939,0,0,0,0,0,0,0,0,0,0,False
01940,01940,0,0,0,0,0,0,0,0,0,0,False
01941,01941,0,0,0,0,0,0,0,0,0,0,False
01942,01942,0,0,0,0,0,0,0,0,0,0,False
01943,01943,0,0,0,0,0,0,0,0,0,0,False
01944,01944,0,0,0,0,0,0,0,0,0,0,False
01945,01945,0,0,0,0,0,0,0,0,0,0,False
01946,01946,0,0,0,0,0,0,0,0,0,0,False
01947,01947,0,0,0,0,0,0,0,0,0,0,False
01948,01948,0,0,0,0,0,0,0,0,0,0,False
01949,01949,0,0,0,0,0,0,0,0,0,0,False
01950,01950,0,0,0,0,0,0,0,0,0,0,False
01951,01951,0,0,0,0,0,0,0,0,0,0,False
01952,01952,0,0,0,0,0,0,0,0,0,0,False
01953,01953,0,0,0,0,0,0,0,0,0,0,False
01954,01954,0,0,0,0,0,0,0,0,0,0,False
01955,01955,0,0,0,0,0,0,0,0,0,0,False
01956,01956,0,0,0,0,0,0,0,0,0,0,False
01957,01957,0,0,0,0,0,0,0,0,0,0,False
01958,01958,0,0,0,0,0,0,0,0,0,0,False
01959,01959,0,0,0,0,0,0,0,0,0,0,False
01960,01960,0,0,0,0,0,0,0,0,0,0,False
01961,01961,0,0,0,0,0,0,0,0,0,0,False
01962,01962,0,0,0,0,0,0,0,0,0,0,False
01963,01963,0,0,0,0,0,0,0,0,0,0,False
01964,01964,0,0,0,0,0,0,0,0,0,0,False
01965,01965,0,0,0,0,0,0,0,0,0,0,False
01966,01966,0,0,0,0,0,0,0,0,0,0,False
01967,01967,0,0,0,0,0,0,0,0,0,0,False
01968,01968,0,0,0,0,0,0,0,0,0,0,False
01969,01969,0,0,0,0,0,0,0,0,0,0,False
01970,01970,0,0,0,0,0,0,0,0,0,0,False
01971,01971,0,0,0,0,0,0,0,0,0,0,False
01972,01972,0,0,0,0,0,0,0,0,0,0,False
01973,01973,0,0,0,0,0,0,0,0,0,0,False
01974,01974,0,0,0,0,0,0,0,0,0,0,False
01975,01975,0,0,0,0,0,0,0,0,0,0,False
01976,01976,0,0,0,0,0,0,0,0,0,0,False
01977,01977,0,0,0,0,0,0,0,0,0,0,False
01978,01978,0,0,0,0,0,0,0,0,0,0,False
01979,01979,0,0,0,0,0,0,0,0,0,0,False
01980,01980,0,0,0,0,0,0,0,0,0,0,False
01981,01981,0,0,0,0,0,0,0,0,0,0,False
01982,01982,0,0,0,0,0,0,0,0,0,0,False
01983,01983,0,0,0,0,0,0,0,0,0,0,False
01984,01984,0,0,0,0,0,0,0,0,0,0,False
01985,01985,0,0,0,0,0,0,0,0,0,0,False
01986,01986,0,0,0,0,0,0,0,0,0,0,False
01987,01987,0,0,0,0,0,0,0,0,0,0,False
01988,01988,0,0,0,0,0,0,0,0,0,0,False
01989,01989,0,0,0,0,0,0,0,0,0,0,False
01990,01990,0,0,0,0,0,0,0,0,0,0,False
01991,01991,0,0,0,0,0,0,0,0,0,0,False
01992,01992,0,0,0,0,0,0,0,0,0,0,False
01993,01993,0,0,0,0,0,0,0,0,0,0,False
01994,01994,0,0,0,0,0,0,0,0,0,0,False
01995,01995,0,0,0,0,0,0,0,0,0,0,False
01996,01996,0,0,0,0,0,0,0,0,0,0,False
01997,01997,0,0,0,0,0,0,0,0,0,0,False
01998,01998,0,0,0,0,0,0,0,0,0,0,False
01999,01999,0,0,0,0,0,0,0,0,0,0,False
02000,02000,0,0,0,0,0,0,0,0,0,0,False
02001,02001,0,0,0,0,0,0,0,0,0,0,False
02002,02002,0,0,0,0,0,0,0,0,0,0,False
02003,02003,0,0,0,0,0,0,0,0,0,0,False
02004,02004,0,0,0,0,0,0,0,0,0,0,False
02005,02005,0,0,0,0,0,0,0,0,0,0,False
02006,02006,0,0,0,0,0,0,0,0,0,0,False
02007,02007,0,0,0,0,0,0,0,0,0,0,False
02008,02008,0,0,0,0,0,0,0,0,0,0,False
02009,02009,0,0,0,0,0,0,0,0,0,0,False
02010,02010,0,0,0,0,0,0,0,0,0,0,False
02011,02011,0,0,0,0,0,0,0,0,0,0,False
02012,02012,0,0,0,0,0,0,0,0,0,0,False
02013,02013,0,0,0,0,0,0,0,0,0,0,False
02014,02014,0,0,0,0,0,0,0,0,0,0,False
02015,02015,0,0,0,0,0,0,0,0,0,0,False
02016,02016,0,0,0,0,0,0,0,0,0,0,False
02017,02017,0,0,0,0,0,0,0,0,0,0,False
02018,02018,0,0,0,0,0,0,0,0,0,0,False
02019,02019,0,0,0,0,0,0,0,0,0,0,False
02020,02020,0,0,0,0,0,0,0,0,0,0,False
02021,02021,0,0,0,0,0,0,0,0,0,0,False
02022,02022,0,0,0,0,0,0,0,0,0,0,False
02023,02023,0,0,0,0,0,0,0,0,0,0,False
02024,02024,0,0,0,0,0,0,0,0,0,0,False
02025,02025,0,0,0,0,0,0,0,0,0,0,False
02026,02026,0,0,0,0,0,0,0,0,0,0,False
02027,02027,0,0,0,0,0,0,0,0,0,0,False
02028,02028,0,0,0,0,0,0,0,0,0,0,False
02029,02029,0,0,0,0,0,0,0,0,0,0,False
02030,02030,0,0,0,0,0,0,0,0,0,0,False
02031,02031,0,0,0,0,0,0,0,0,0,0,False
02032,02032,0,0,0,0,0,0,0,0,0,0,False
02033,02033,0,0,0,0,0,0,0,0,0,0,False
02034,02034,0,0,0,0,0,0,0,0,0,0,False
02035,02035,0,0,0,0,0,0,0,0,0,0,False
02036,02036,0,0,0,0,0,0,0,0,0,0,False
02037,02037,0,0,0,0,0,0,0,0,0,0,False
02038,02038,0,0,0,0,0,0,0,0,0,0,False
02039,02039,0,0,0,0,0,0,0,0,0,0,False
02040,02040,0,0,0,0,0,0,0,0,0,0,False
02041,02041,0,0,0,0,0,0,0,0,0,0,False
02042,02042,0,0,0,0,0,0,0,0,0,0,False
02043,02043,0,0,0,0,0,0,0,0,0,0,False
02044,02044,0,0,0,0,0,0,0,0,0,0,False
02045,02045,0,0,0,0,0,0,0,0,0,0,False
02046,02046,0,0,0,0,0,0,0,0,0,0,False
02047,02047,0,0,0,0,0,0,0,0,0,0,False
02048,02048,0,0,0,0,0,0,0,0,0,0,False
02049,02049,0,0,0,0,0,0,0,0,0,0,False
02050,02050,0,0,0,0,0,0,0,0,0,0,False
02051,02051,0,0,0,0,0,0,0,0,0,0,False
02052,02052,0,0,0,0,0,0,0,0,0,0,False
02053,02053,0,0,0,0,0,0,0,0,0,0,False
02054,02054,0,0,0,0,0,0,0,0,0,0,False
02055,02055,0,0,0,0,0,0,0,0,0,0,False
02056,02056,0,0,0,0,0,0,0,0,0,0,False
02057,02057,0,0,0,0,0,0,0,0,0,0,False
02058,02058,0,0,0,0,0,0,0,0,0,0,False
02059,02059,0,0,0,0,0,0,0,0,0,0,False
02060,02060,0,0,0,0,0,0,0,0,0,0,False
02061,02061,0,0,0,0,0,0,0,0,0,0,False
02062,02062,0,0,0,0,0,0,0,0,0,0,False
02063,02063,0,0,0,0,0,0,0,0,0,0,False
02064,02064,0,0,0,0,0,0,0,0,0,0,False
02065,02065,0,0,0,0,0,0,0,0,0,0,False
02066,02066,0,0,0,0,0,0,0,0,0,0,False
02067,02067,0,0,0,0,0,0,0,0,0,0,False
02068,02068,0,0,0,0,0,0,0,0,0,0,False
02069,02069,0,0,0,0,0,0,0,0,0,0,False
02070,02070,0,0,0,0,0,0,0,0,0,0,False
02071,02071,0,0,0,0,0,0,0,0,0,0,False
02072,02072,0,0,0,0,0,0,0,0,0,0,False
02073,02073,0,0,0,0,0,0,0,0,0,0,False
02074,02074,0,0,0,0,0,0,0,0,0,0,False
02075,02075,0,0,0,0,0,0,0,0,0,0,False
02076,02076,0,0,0,0,0,0,0,0,0,0,False
02077,02077,0,0,0,0,0,0,0,0,0,0,False
02078,02078,0,0,0,0,0,0,0,0,0,0,False
02079,02079,0,0,0,0,0,0,0,0,0,0,False
02080,02080,0,0,0,0,0,0,0,0,0,0,False
02081,02081,0,0,0,0,0,0,0,0,0,0,False
02082,02082,0,0,0,0,0,0,0,0,0,0,False
02083,02083,0,0,0,0,0,0,0,0,0,0,False
02084,02084,0,0,0,0,0,0,0,0,0,0,False
02085,02085,0,0,0,0,0,0,0,0,0,0,False
02086,02086,0,0,0,0,0,0,0,0,0,0,False
02087,02087,0,0,0,0,0,0,0,0,0,0,False
02088,02088,0,0,0,0,0,0,0,0,0,0,False
02089,02089,0,0,0,0,0,0,0,0,0,0,False
02090,02090,0,0,0,0,0,0,0,0,0,0,False
02091,02091,0,0,0,0,0,0,0,0,0,0,False
02092,02092,0,0,0,0,0,0,0,0,0,0,False
02093,02093,0,0,0,0,0,0,0,0,0,0,False
02094,02094,0,0,0,0,0,0,0,0,0,0,False
02095,02095,0,0,0,0,0,0,0,0,0,0,False
02096,02096,0,0,0,0,0,0,0,0,0,0,False
02097,02097,0,0,0,0,0,0,0,0,0,0,False
02098,02098,0,0,0,0,0,0,0,0,0,0,False
02099,02099,0,0,0,0,0,0,0,0,0,0,False
02100,02100,0,0,0,0,0,0,0,0,0,0,False
02101,02101,0,0,0,0,0,0,0,0,0,0,False
02102,02102,0,0,0,0,0,0,0,0,0,0,False
02103,02103,0,0,0,0,0,0,0,0,0,0,False
02104,02104,0,0,0,0,0,0,0,0,0,0,False
02105,02105,0,0,0,0,0,0,0,0,0,0,False
02106,02106,0,0,0,0,0,0,0,0,0,0,False
02107,02107,0,0,0,0,0,0,0,0,0,0,False
02108,02108,0,0,0,0,0,0,0,0,0,0,False
02109,02109,0,0,0,0,0,0,0,0,0,0,False
02110,02110,0,0,0,0,0,0,0,0,0,0,False
02111,02111,0,0,0,0,0,0,0,0,0,0,False
02112,02112,0,0,0,0,0,0,0,0,0,0,False
02113,02113,0,0,0,0,0,0,0,0,0,0,False
02114,02114,0,0,0,0,0,0,0,0,0,0,False
02115,02115,0,0,0,0,0,0,0,0,0,0,False
02116,02116,0,0,0,0,0,0,0,0,0,0,False
02117,02117,0,0,0,0,0,0,0,0,0,0,False
02118,02118,0,0,0,0,0,0,0,0,0,0,False
02119,02119,0,0,0,0,0,0,0,0,0,0,False
02120,02120,0,0,0,0,0,0,0,0,0,0,False
02121,02121,0,0,0,0,0,0,0,0,0,0,False
02122,02122,0,0,0,0,0,0,0,0,0,0,False
02123,02123,0,0,0,0,0,0,0,0,0,0,False
02124,02124,0,0,0,0,0,0,0,0,0,0,False
02125,02125,0,0,0,0,0,0,0,0,0,0,False
02126,02126,0,0,0,0,0,0,0,0,0,0,False
02127,02127,0,0,0,0,0,0,0,0,0,0,False
02128,02128,0,0,0,0,0,0,0,0,0,0,False
02129,02129,0,0,0,0,0,0,0,0,0,0,False
02130,02130,0,0,0,0,0,0,0,0,0,0,False
02131,02131,0,0,0,0,0,0,0,0,0,0,False
02132,02132,0,0,0,0,0,0,0,0,0,0,False
02133,02133,0,0,0,0,0,0,0,0,0,0,False
02134,02134,0,0,0,0,0,0,0,0,0,0,False
02135,02135,0,0,0,0,0,0,0,0,0,0,False
02136,02136,0,0,0,0,0,0,0,0,0,0,False
02137,02137,0,0,0,0,0,0,0,0,0,0,False
02138,02138,0,0,0,0,0,0,0,0,0,0,False
02139,02139,0,0,0,0,0,0,0,0,0,0,False
02140,02140,0,0,0,0,0,0,0,0,0,0,False
02141,02141,0,0,0,0,0,0,0,0,0,0,False
02142,02142,0,0,0,0,0,0,0,0,0,0,False
02143,02143,0,0,0,0,0,0,0,0,0,0,False
02144,02144,0,0,0,0,0,0,0,0,0,0,False
02145,02145,0,0,0,0,0,0,0,0,0,0,False
02146,02146,0,0,0,0,0,0,0,0,0,0,False
02147,02147,0,0,0,0,0,0,0,0,0,0,False
02148,02148,0,0,0,0,0,0,0,0,0,0,False
02149,02149,0,0,0,0,0,0,0,0,0,0,False
02150,02150,0,0,0,0,0,0,0,0,0,0,False
02151,02151,0,0,0,0,0,0,0,0,0,0,False
02152,02152,0,0,0,0,0,0,0,0,0,0,False
02153,02153,0,0,0,0,0,0,0,0,0,0,False
02154,02154,0,0,0,0,0,0,0,0,0,0,False
02155,02155,0,0,0,0,0,0,0,0,0,0,False
02156,02156,0,0,0,0,0,0,0,0,0,0,False
02157,02157,0,0,0,0,0,0,0,0,0,0,False
02158,02158,0,0,0,0,0,0,0,0,0,0,False
02159,02159,0,0,0,0,0,0,0,0,0,0,False
02160,02160,0,0,0,0,0,0,0,0,0,0,False
02161,02161,0,0,0,0,0,0,0,0,0,0,False
02162,02162,0,0,0,0,0,0,0,0,0,0,False
02163,02163,0,0,0,0,0,0,0,0,0,0,False
02164,02164,0,0,0,0,0,0,0,0,0,0,False
02165,02165,0,0,0,0,0,0,0,0,0,0,False
02166,02166,0,0,0,0,0,0,0,0,0,0,False
02167,02167,0,0,0,0,0,0,0,0,0,0,False
02168,02168,0,0,0,0,0,0,0,0,0,0,False
02169,02169,0,0,0,0,0,0,0,0,0,0,False
02170,02170,0,0,0,0,0,0,0,0,0,0,False
02171,02171,0,0,0,0,0,0,0,0,0,0,False
02172,02172,0,0,0,0,0,0,0,0,0,0,False
02173,02173,0,0,0,0,0,0,0,0,0,0,False
02174,02174,0,0,0,0,0,0,0,0,0,0,False
02175,02175,0,0,0,0,0,0,0,0,0,0,False
02176,02176,0,0,0,0,0,0,0,0,0,0,False
02177,02177,0,0,0,0,0,0,0,0,0,0,False
02178,02178,0,0,0,0,0,0,0,0,0,0,False
02179,02179,0,0,0,0,0,0,0,0,0,0,False
02180,02180,0,0,0,0,0,0,0,0,0,0,False
02181,02181,0,0,0,0,0,0,0,0,0,0,False
02182,02182,0,0,0,0,0,0,0,0,0,0,False
02183,02183,0,0,0,0,0,0,0,0,0,0,False
02184,02184,0,0,0,0,0,0,0,0,0,0,False
02185,02185,0,0,0,0,0,0,0,0,0,0,False
02186,02186,0,0,0,0,0,0,0,0,0,0,False
02187,02187,0,0,0,0,0,0,0,0,0,0,False
02188,02188,0,0,0,0,0,0,0,0,0,0,False
02189,02189,0,0,0,0,0,0,0,0,0,0,False
02190,02190,0,0,0,0,0,0,0,0,0,0,False
02191,02191,0,0,0,0,0,0,0,0,0,0,False
02192,02192,0,0,0,0,0,0,0,0,0,0,False
02193,02193,0,0,0,0,0,0,0,0,0,0,False
02194,02194,0,0,0,0,0,0,0,0,0,0,False
02195,02195,0,0,0,0,0,0,0,0,0,0,False
02196,02196,0,0,0,0,0,0,0,0,0,0,False
02197,02197,0,0,0,0,0,0,0,0,0,0,False
02198,02198,0,0,0,0,0,0,0,0,0,0,False
02199,02199,0,0,0,0,0,0,0,0,0,0,False
02200,02200,0,0,0,0,0,0,0,0,0,0,False
02201,02201,0,0,0,0,0,0,0,0,0,0,False
02202,02202,0,0,0,0,0,0,0,0,0,0,False
02203,02203,0,0,0,0,0,0,0,0,0,0,False
02204,02204,0,0,0,0,0,0,0,0,0,0,False
02205,02205,0,0,0,0,0,0,0,0,0,0,False
02206,02206,0,0,0,0,0,0,0,0,0,0,False
02207,02207,0,0,0,0,0,0,0,0,0,0,False
02208,02208,0,0,0,0,0,0,0,0,0,0,False
02209,02209,0,0,0,0,0,0,0,0,0,0,False
02210,02210,0,0,0,0,0,0,0,0,0,0,False
02211,02211,0,0,0,0,0,0,0,0,0,0,False
02212,02212,0,0,0,0,0,0,0,0,0,0,False
02213,02213,0,0,0,0,0,0,0,0,0,0,False
02214,02214,0,0,0,0,0,0,0,0,0,0,False
02215,02215,0,0,0,0,0,0,0,0,0,0,False
02216,02216,0,0,0,0,0,0,0,0,0,0,False
02217,02217,0,0,0,0,0,0,0,0,0,0,False
02218,02218,0,0,0,0,0,0,0,0,0,0,False
02219,02219,0,0,0,0,0,0,0,0,0,0,False
02220,02220,0,0,0,0,0,0,0,0,0,0,False
02221,02221,0,0,0,0,0,0,0,0,0,0,False
02222,02222,0,0,0,0,0,0,0,0,0,0,False
02223,02223,0,0,0,0,0,0,0,0,0,0,False
02224,02224,0,0,0,0,0,0,0,0,0,0,False
02225,02225,0,0,0,0,0,0,0,0,0,0,False
02226,02226,0,0,0,0,0,0,0,0,0,0,False
02227,02227,0,0,0,0,0,0,0,0,0,0,False
02228,02228,0,0,0,0,0,0,0,0,0,0,False
02229,02229,0,0,0,0,0,0,0,0,0,0,False
02230,02230,0,0,0,0,0,0,0,0,0,0,False
02231,02231,0,0,0,0,0,0,0,0,0,0,False
02232,02232,0,0,0,0,0,0,0,0,0,0,False
02233,02233,0,0,0,0,0,0,0,0,0,0,False
02234,02234,0,0,0,0,0,0,0,0,0,0,False
02235,02235,0,0,0,0,0,0,0,0,0,0,False
02236,02236,0,0,0,0,0,0,0,0,0,0,False
02237,02237,0,0,0,0,0,0,0,0,0,0,False
02238,02238,0,0,0,0,0,0,0,0,0,0,False
02239,02239,0,0,0,0,0,0,0,0,0,0,False
02240,02240,0,0,0,0,0,0,0,0,0,0,False
02241,02241,0,0,0,0,0,0,0,0,0,0,False
02242,02242,0,0,0,0,0,0,0,0,0,0,False
02243,02243,0,0,0,0,0,0,0,0,0,0,False
02244,02244,0,0,0,0,0,0,0,0,0,0,False
02245,02245,0,0,0,0,0,0,0,0,0,0,False
02246,02246,0,0,0,0,0,0,0,0,0,0,False
02247,02247,0,0,0,0,0,0,0,0,0,0,False
02248,02248,0,0,0,0,0,0,0,0,0,0,False
02249,02249,0,0,0,0,0,0,0,0,0,0,False
02250,02250,0,0,0,0,0,0,0,0,0,0,False
02251,02251,0,0,0,0,0,0,0,0,0,0,False
02252,02252,0,0,0,0,0,0,0,0,0,0,False
02253,02253,0,0,0,0,0,0,0,0,0,0,False
02254,02254,0,0,0,0,0,0,0,0,0,0,False
02255,02255,0,0,0,0,0,0,0,0,0,0,False
02256,02256,0,0,0,0,0,0,0,0,0,0,False
02257,02257,0,0,0,0,0,0,0,0,0,0,False
02258,02258,0,0,0,0,0,0,0,0,0,0,False
02259,02259,0,0,0,0,0,0,0,0,0,0,False
02260,02260,0,0,0,0,0,0,0,0,0,0,False
02261,02261,0,0,0,0,0,0,0,0,0,0,False
02262,02262,0,0,0,0,0,0,0,0,0,0,False
02263,02263,0,0,0,0,0,0,0,0,0,0,False
02264,02264,0,0,0,0,0,0,0,0,0,0,False
02265,02265,0,0,0,0,0,0,0,0,0,0,False
02266,02266,0,0,0,0,0,0,0,0,0,0,False
02267,02267,0,0,0,0,0,0,0,0,0,0,False
02268,02268,0,0,0,0,0,0,0,0,0,0,False
02269,02269,0,0,0,0,0,0,0,0,0,0,False
02270,02270,0,0,0,0,0,0,0,0,0,0,False
02271,02271,0,0,0,0,0,0,0,0,0,0,False
02272,02272,0,0,0,0,0,0,0,0,0,0,False
02273,02273,0,0,0,0,0,0,0,0,0,0,False
02274,02274,0,0,0,0,0,0,0,0,0,0,False
02275,02275,0,0,0,0,0,0,0,0,0,0,False
02276,02276,0,0,0,0,0,0,0,0,0,0,False
02277,02277,0,0,0,0,0,0,0,0,0,0,False
02278,02278,0,0,0,0,0,0,0,0,0,0,False
02279,02279,0,0,0,0,0,0,0,0,0,0,False
02280,02280,0,0,0,0,0,0,0,0,0,0,False
02281,02281,0,0,0,0,0,0,0,0,0,0,False
02282,02282,0,0,0,0,0,0,0,0,0,0,False
02283,02283,0,0,0,0,0,0,0,0,0,0,False
02284,02284,0,0,0,0,0,0,0,0,0,0,False
02285,02285,0,0,0,0,0,0,0,0,0,0,False
02286,02286,0,0,0,0,0,0,0,0,0,0,False
02287,02287,0,0,0,0,0,0,0,0,0,0,False
02288,02288,0,0,0,0,0,0,0,0,0,0,False
02289,02289,0,0,0,0,0,0,0,0,0,0,False
02290,02290,0,0,0,0,0,0,0,0,0,0,False
02291,02291,0,0,0,0,0,0,0,0,0,0,False
02292,02292,0,0,0,0,0,0,0,0,0,0,False
02293,02293,0,0,0,0,0,0,0,0,0,0,False
02294,02294,0,0,0,0,0,0,0,0,0,0,False
02295,02295,0,0,0,0,0,0,0,0,0,0,False
02296,02296,0,0,0,0,0,0,0,0,0,0,False
02297,02297,0,0,0,0,0,0,0,0,0,0,False
02298,02298,0,0,0,0,0,0,0,0,0,0,False
02299,02299,0,0,0,0,0,0,0,0,0,0,False
02300,02300,0,0,0,0,0,0,0,0,0,0,False
02301,02301,0,0,0,0,0,0,0,0,0,0,False
02302,02302,0,0,0,0,0,0,0,0,0,0,False
02303,02303,0,0,0,0,0,0,0,0,0,0,False
02304,02304,0,0,0,0,0,0,0,0,0,0,False
02305,02305,0,0,0,0,0,0,0,0,0,0,False
02306,02306,0,0,0,0,0,0,0,0,0,0,False
02307,02307,0,0,0,0,0,0,0,0,0,0,False
02308,02308,0,0,0,0,0,0,0,0,0,0,False
02309,02309,0,0,0,0,0,0,0,0,0,0,False
02310,02310,0,0,0,0,0,0,0,0,0,0,False
02311,02311,0,0,0,0,0,0,0,0,0,0,False
02312,02312,0,0,0,0,0,0,0,0,0,0,False
02313,02313,0,0,0,0,0,0,0,0,0,0,False
02314,02314,0,0,0,0,0,0,0,0,0,0,False
02315,02315,0,0,0,0,0,0,0,0,0,0,False
02316,02316,0,0,0,0,0,0,0,0,0,0,False
02317,02317,0,0,0,0,0,0,0,0,0,0,False
02318,02318,0,0,0,0,0,0,0,0,0,0,False
02319,02319,0,0,0,0,0,0,0,0,0,0,False
02320,02320,0,0,0,0,0,0,0,0,0,0,False
02321,02321,0,0,0,0,0,0,0,0,0,0,False
02322,02322,0,0,0,0,0,0,0,0,0,0,False
02323,02323,0,0,0,0,0,0,0,0,0,0,False
02324,02324,0,0,0,0,0,0,0,0,0,0,False
02325,02325,0,0,0,0,0,0,0,0,0,0,False
02326,02326,0,0,0,0,0,0,0,0,0,0,False
02327,02327,0,0,0,0,0,0,0,0,0,0,False
02328,02328,0,0,0,0,0,0,0,0,0,0,False
02329,02329,0,0,0,0,0,0,0,0,0,0,False
02330,02330,0,0,0,0,0,0,0,0,0,0,False
02331,02331,0,0,0,0,0,0,0,0,0,0,False
02332,02332,0,0,0,0,0,0,0,0,0,0,False
02333,02333,0,0,0,0,0,0,0,0,0,0,False
02334,02334,0,0,0,0,0,0,0,0,0,0,False
02335,02335,0,0,0,0,0,0,0,0,0,0,False
02336,02336,0,0,0,0,0,0,0,0,0,0,False
02337,02337,0,0,0,0,0,0,0,0,0,0,False
02338,02338,0,0,0,0,0,0,0,0,0,0,False
02339,02339,0,0,0,0,0,0,0,0,0,0,False
02340,02340,0,0,0,0,0,0,0,0,0,0,False
02341,02341,0,0,0,0,0,0,0,0,0,0,False
02342,02342,0,0,0,0,0,0,0,0,0,0,False
02343,02343,0,0,0,0,0,0,0,0,0,0,False
02344,02344,0,0,0,0,0,0,0,0,0,0,False
02345,02345,0,0,0,0,0,0,0,0,0,0,False
02346,02346,0,0,0,0,0,0,0,0,0,0,False
02347,02347,0,0,0,0,0,0,0,0,0,0,False
02348,02348,0,0,0,0,0,0,0,0,0,0,False
02349,02349,0,0,0,0,0,0,0,0,0,0,False
02350,02350,0,0,0,0,0,0,0,0,0,0,False
02351,02351,0,0,0,0,0,0,0,0,0,0,False
02352,02352,0,0,0,0,0,0,0,0,0,0,False
02353,02353,0,0,0,0,0,0,0,0,0,0,False
02354,02354,0,0,0,0,0,0,0,0,0,0,False
02355,02355,0,0,0,0,0,0,0,0,0,0,False
02356,02356,0,0,0,0,0,0,0,0,0,0,False
02357,02357,0,0,0,0,0,0,0,0,0,0,False
02358,02358,0,0,0,0,0,0,0,0,0,0,False
02359,02359,0,0,0,0,0,0,0,0,0,0,False
02360,02360,0,0,0,0,0,0,0,0,0,0,False
02361,02361,0,0,0,0,0,0,0,0,0,0,False
02362,02362,0,0,0,0,0,0,0,0,0,0,False
02363,02363,0,0,0,0,0,0,0,0,0,0,False
02364,02364,0,0,0,0,0,0,0,0,0,0,False
02365,02365,0,0,0,0,0,0,0,0,0,0,False
02366,02366,0,0,0,0,0,0,0,0,0,0,False
02367,02367,0,0,0,0,0,0,0,0,0,0,False
02368,02368,0,0,0,0,0,0,0,0,0,0,False
02369,02369,0,0,0,0,0,0,0,0,0,0,False
02370,02370,0,0,0,0,0,0,0,0,0,0,False
02371,02371,0,0,0,0,0,0,0,0,0,0,False
02372,02372,0,0,0,0,0,0,0,0,0,0,False
02373,02373,0,0,0,0,0,0,0,0,0,0,False
02374,02374,0,0,0,0,0,0,0,0,0,0,False
02375,02375,0,0,0,0,0,0,0,0,0,0,False
02376,02376,0,0,0,0,0,0,0,0,0,0,False
02377,02377,0,0,0,0,0,0,0,0,0,0,False
02378,02378,0,0,0,0,0,0,0,0,0,0,False
02379,02379,0,0,0,0,0,0,0,0,0,0,False
02380,02380,0,0,0,0,0,0,0,0,0,0,False
02381,02381,0,0,0,0,0,0,0,0,0,0,False
02382,02382,0,0,0,0,0,0,0,0,0,0,False
02383,02383,0,0,0,0,0,0,0,0,0,0,False
02384,02384,0,0,0,0,0,0,0,0,0,0,False
02385,02385,0,0,0,0,0,0,0,0,0,0,False
02386,02386,0,0,0,0,0,0,0,0,0,0,False
02387,02387,0,0,0,0,0,0,0,0,0,0,False
02388,02388,0,0,0,0,0,0,0,0,0,0,False
02389,02389,0,0,0,0,0,0,0,0,0,0,False
02390,02390,0,0,0,0,0,0,0,0,0,0,False
02391,02391,0,0,0,0,0,0,0,0,0,0,False
02392,02392,0,0,0,0,0,0,0,0,0,0,False
02393,02393,0,0,0,0,0,0,0,0,0,0,False
02394,02394,0,0,0,0,0,0,0,0,0,0,False
02395,02395,0,0,0,0,0,0,0,0,0,0,False
02396,02396,0,0,0,0,0,0,0,0,0,0,False
02397,02397,0,0,0,0,0,0,0,0,0,0,False
02398,02398,0,0,0,0,0,0,0,0,0,0,False
02399,02399,0,0,0,0,0,0,0,0,0,0,False
02400,02400,0,0,0,0,0,0,0,0,0,0,False
02401,02401,0,0,0,0,0,0,0,0,0,0,False
02402,02402,0,0,0,0,0,0,0,0,0,0,False
02403,02403,0,0,0,0,0,0,0,0,0,0,False
02404,02404,0,0,0,0,0,0,0,0,0,0,False
02405,02405,0,0,0,0,0,0,0,0,0,0,False
02406,02406,0,0,0,0,0,0,0,0,0,0,False
02407,02407,0,0,0,0,0,0,0,0,0,0,False
02408,02408,0,0,0,0,0,0,0,0,0,0,False
02409,02409,0,0,0,0,0,0,0,0,0,0,False
02410,02410,0,0,0,0,0,0,0,0,0,0,False
02411,02411,0,0,0,0,0,0,0,0,0,0,False
02412,02412,0,0,0,0,0,0,0,0,0,0,False
02413,02413,0,0,0,0,0,0,0,0,0,0,False
02414,02414,0,0,0,0,0,0,0,0,0,0,False
02415,02415,0,0,0,0,0,0,0,0,0,0,False
02416,02416,0,0,0,0,0,0,0,0,0,0,False
02417,02417,0,0,0,0,0,0,0,0,0,0,False
02418,02418,0,0,0,0,0,0,0,0,0,0,False
02419,02419,0,0,0,0,0,0,0,0,0,0,False
02420,02420,0,0,0,0,0,0,0,0,0,0,False
02421,02421,0,0,0,0,0,0,0,0,0,0,False
02422,02422,0,0,0,0,0,0,0,0,0,0,False
02423,02423,0,0,0,0,0,0,0,0,0,0,False
02424,02424,0,0,0,0,0,0,0,0,0,0,False
02425,02425,0,0,0,0,0,0,0,0,0,0,False
02426,02426,0,0,0,0,0,0,0,0,0,0,False
02427,02427,0,0,0,0,0,0,0,0,0,0,False
02428,02428,0,0,0,0,0,0,0,0,0,0,False
02429,02429,0,0,0,0,0,0,0,0,0,0,False
02430,02430,0,0,0,0,0,0,0,0,0,0,False
02431,02431,0,0,0,0,0,0,0,0,0,0,False
02432,02432,0,0,0,0,0,0,0,0,0,0,False
02433,02433,0,0,0,0,0,0,0,0,0,0,False
02434,02434,0,0,0,0,0,0,0,0,0,0,False
02435,02435,0,0,0,0,0,0,0,0,0,0,False
02436,02436,0,0,0,0,0,0,0,0,0,0,False
02437,02437,0,0,0,0,0,0,0,0,0,0,False
02438,02438,0,0,0,0,0,0,0,0,0,0,False
02439,02439,0,0,0,0,0,0,0,0,0,0,False
02440,02440,0,0,0,0,0,0,0,0,0,0,False
02441,02441,0,0,0,0,0,0,0,0,0,0,False
02442,02442,0,0,0,0,0,0,0,0,0,0,False
02443,02443,0,0,0,0,0,0,0,0,0,0,False
02444,02444,0,0,0,0,0,0,0,0,0,0,False
02445,02445,0,0,0,0,0,0,0,0,0,0,False
02446,02446,0,0,0,0,0,0,0,0,0,0,False
02447,02447,0,0,0,0,0,0,0,0,0,0,False
02448,02448,0,0,0,0,0,0,0,0,0,0,False
02449,02449,0,0,0,0,0,0,0,0,0,0,False
02450,02450,0,0,0,0,0,0,0,0,0,0,False
02451,02451,0,0,0,0,0,0,0,0,0,0,False
02452,02452,0,0,0,0,0,0,0,0,0,0,False
02453,02453,0,0,0,0,0,0,0,0,0,0,False
02454,02454,0,0,0,0,0,0,0,0,0,0,False
02455,02455,0,0,0,0,0,0,0,0,0,0,False
02456,02456,0,0,0,0,0,0,0,0,0,0,False
02457,02457,0,0,0,0,0,0,0,0,0,0,False
02458,02458,0,0,0,0,0,0,0,0,0,0,False
02459,02459,0,0,0,0,0,0,0,0,0,0,False
02460,02460,0,0,0,0,0,0,0,0,0,0,False
02461,02461,0,0,0,0,0,0,0,0,0,0,False
02462,02462,0,0,0,0,0,0,0,0,0,0,False
02463,02463,0,0,0,0,0,0,0,0,0,0,False
02464,02464,0,0,0,0,0,0,0,0,0,0,False
02465,02465,0,0,0,0,0,0,0,0,0,0,False
02466,02466,0,0,0,0,0,0,0,0,0,0,False
02467,02467,0,0,0,0,0,0,0,0,0,0,False
02468,02468,0,0,0,0,0,0,0,0,0,0,False
02469,02469,0,0,0,0,0,0,0,0,0,0,False
02470,02470,0,0,0,0,0,0,0,0,0,0,False
02471,02471,0,0,0,0,0,0,0,0,0,0,False
02472,02472,0,0,0,0,0,0,0,0,0,0,False
02473,02473,0,0,0,0,0,0,0,0,0,0,False
02474,02474,0,0,0,0,0,0,0,0,0,0,False
02475,02475,0,0,0,0,0,0,0,0,0,0,False
02476,02476,0,0,0,0,0,0,0,0,0,0,False
02477,02477,0,0,0,0,0,0,0,0,0,0,False
02478,02478,0,0,0,0,0,0,0,0,0,0,False
02479,02479,0,0,0,0,0,0,0,0,0,0,False
02480,02480,0,0,0,0,0,0,0,0,0,0,False
02481,02481,0,0,0,0,0,0,0,0,0,0,False
02482,02482,0,0,0,0,0,0,0,0,0,0,False
02483,02483,0,0,0,0,0,0,0,0,0,0,False
02484,02484,0,0,0,0,0,0,0,0,0,0,False
02485,02485,0,0,0,0,0,0,0,0,0,0,False
02486,02486,0,0,0,0,0,0,0,0,0,0,False
02487,02487,0,0,0,0,0,0,0,0,0,0,False
02488,02488,0,0,0,0,0,0,0,0,0,0,False
02489,02489,0,0,0,0,0,0,0,0,0,0,False
02490,02490,0,0,0,0,0,0,0,0,0,0,False
02491,02491,0,0,0,0,0,0,0,0,0,0,False
02492,02492,0,0,0,0,0,0,0,0,0,0,False
02493,02493,0,0,0,0,0,0,0,0,0,0,False
02494,02494,0,0,0,0,0,0,0,0,0,0,False
02495,02495,0,0,0,0,0,0,0,0,0,0,False
02496,02496,0,0,0,0,0,0,0,0,0,0,False
02497,02497,0,0,0,0,0,0,0,0,0,0,False
02498,02498,0,0,0,0,0,0,0,0,0,0,False
02499,02499,0,0,0,0,0,0,0,0,0,0,False
02500,02500,0,0,0,0,0,0,0,0,0,0,False
02501,02501,0,0,0,0,0,0,0,0,0,0,False
02502,02502,0,0,0,0,0,0,0,0,0,0,False
02503,02503,0,0,0,0,0,0,0,0,0,0,False
02504,02504,0,0,0,0,0,0,0,0,0,0,False
02505,02505,0,0,0,0,0,0,0,0,0,0,False
02506,02506,0,0,0,0,0,0,0,0,0,0,False
02507,02507,0,0,0,0,0,0,0,0,0,0,False
02508,02508,0,0,0,0,0,0,0,0,0,0,False
02509,02509,0,0,0,0,0,0,0,0,0,0,False
02510,02510,0,0,0,0,0,0,0,0,0,0,False
02511,02511,0,0,0,0,0,0,0,0,0,0,False
02512,02512,0,0,0,0,0,0,0,0,0,0,False
02513,02513,0,0,0,0,0,0,0,0,0,0,False
02514,02514,0,0,0,0,0,0,0,0,0,0,False
02515,02515,0,0,0,0,0,0,0,0,0,0,False
02516,02516,0,0,0,0,0,0,0,0,0,0,False
02517,02517,0,0,0,0,0,0,0,0,0,0,False
02518,02518,0,0,0,0,0,0,0,0,0,0,False
02519,02519,0,0,0,0,0,0,0,0,0,0,False
02520,02520,0,0,0,0,0,0,0,0,0,0,False
02521,02521,0,0,0,0,0,0,0,0,0,0,False
02522,02522,0,0,0,0,0,0,0,0,0,0,False
02523,02523,0,0,0,0,0,0,0,0,0,0,False
02524,02524,0,0,0,0,0,0,0,0,0,0,False
02525,02525,0,0,0,0,0,0,0,0,0,0,False
02526,02526,0,0,0,0,0,0,0,0,0,0,False
02527,02527,0,0,0,0,0,0,0,0,0,0,False
02528,02528,0,0,0,0,0,0,0,0,0,0,False
02529,02529,0,0,0,0,0,0,0,0,0,0,False
02530,02530,0,0,0,0,0,0,0,0,0,0,False
02531,02531,0,0,0,0,0,0,0,0,0,0,False
02532,02532,0,0,0,0,0,0,0,0,0,0,False
02533,02533,0,0,0,0,0,0,0,0,0,0,False
02534,02534,0,0,0,0,0,0,0,0,0,0,False
02535,02535,0,0,0,0,0,0,0,0,0,0,False
02536,02536,0,0,0,0,0,0,0,0,0,0,False
02537,02537,0,0,0,0,0,0,0,0,0,0,False
02538,02538,0,0,0,0,0,0,0,0,0,0,False
02539,02539,0,0,0,0,0,0,0,0,0,0,False
02540,02540,0,0,0,0,0,0,0,0,0,0,False
02541,02541,0,0,0,0,0,0,0,0,0,0,False
02542,02542,0,0,0,0,0,0,0,0,0,0,False
02543,02543,0,0,0,0,0,0,0,0,0,0,False
02544,02544,0,0,0,0,0,0,0,0,0,0,False
02545,02545,0,0,0,0,0,0,0,0,0,0,False
02546,02546,0,0,0,0,0,0,0,0,0,0,False
02547,02547,0,0,0,0,0,0,0,0,0,0,False
02548,02548,0,0,0,0,0,0,0,0,0,0,False
02549,02549,0,0,0,0,0,0,0,0,0,0,False
02550,02550,0,0,0,0,0,0,0,0,0,0,False
02551,02551,0,0,0,0,0,0,0,0,0,0,False
02552,02552,0,0,0,0,0,0,0,0,0,0,False
02553,02553,0,0,0,0,0,0,0,0,0,0,False
02554,02554,0,0,0,0,0,0,0,0,0,0,False
02555,02555,0,0,0,0,0,0,0,0,0,0,False
02556,02556,0,0,0,0,0,0,0,0,0,0,False
02557,02557,0,0,0,0,0,0,0,0,0,0,False
02558,02558,0,0,0,0,0,0,0,0,0,0,False
02559,02559,0,0,0,0,0,0,0,0,0,0,False
02560,02560,0,0,0,0,0,0,0,0,0,0,False
02561,02561,0,0,0,0,0,0,0,0,0,0,False
02562,02562,0,0,0,0,0,0,0,0,0,0,False
02563,02563,0,0,0,0,0,0,0,0,0,0,False
02564,02564,0,0,0,0,0,0,0,0,0,0,False
02565,02565,0,0,0,0,0,0,0,0,0,0,False
02566,02566,0,0,0,0,0,0,0,0,0,0,False
02567,02567,0,0,0,0,0,0,0,0,0,0,False
02568,02568,0,0,0,0,0,0,0,0,0,0,False
02569,02569,0,0,0,0,0,0,0,0,0,0,False
02570,02570,0,0,0,0,0,0,0,0,0,0,False
02571,02571,0,0,0,0,0,0,0,0,0,0,False
02572,02572,0,0,0,0,0,0,0,0,0,0,False
02573,02573,0,0,0,0,0,0,0,0,0,0,False
02574,02574,0,0,0,0,0,0,0,0,0,0,False
02575,02575,0,0,0,0,0,0,0,0,0,0,False
02576,02576,0,0,0,0,0,0,0,0,0,0,False
02577,02577,0,0,0,0,0,0,0,0,0,0,False
02578,02578,0,0,0,0,0,0,0,0,0,0,False
02579,02579,0,0,0,0,0,0,0,0,0,0,False
02580,02580,0,0,0,0,0,0,0,0,0,0,False
02581,02581,0,0,0,0,0,0,0,0,0,0,False
02582,02582,0,0,0,0,0,0,0,0,0,0,False
02583,02583,0,0,0,0,0,0,0,0,0,0,False
02584,02584,0,0,0,0,0,0,0,0,0,0,False
02585,02585,0,0,0,0,0,0,0,0,0,0,False
02586,02586,0,0,0,0,0,0,0,0,0,0,False
02587,02587,0,0,0,0,0,0,0,0,0,0,False
02588,02588,0,0,0,0,0,0,0,0,0,0,False
02589,02589,0,0,0,0,0,0,0,0,0,0,False
02590,02590,0,0,0,0,0,0,0,0,0,0,False
02591,02591,0,0,0,0,0,0,0,0,0,0,False
02592,02592,0,0,0,0,0,0,0,0,0,0,False
02593,02593,0,0,0,0,0,0,0,0,0,0,False
02594,02594,0,0,0,0,0,0,0,0,0,0,False
02595,02595,0,0,0,0,0,0,0,0,0,0,False
02596,02596,0,0,0,0,0,0,0,0,0,0,False
02597,02597,0,0,0,0,0,0,0,0,0,0,False
02598,02598,0,0,0,0,0,0,0,0,0,0,False
02599,02599,0,0,0,0,0,0,0,0,0,0,False
02600,02600,0,0,0,0,0,0,0,0,0,0,False
02601,02601,0,0,0,0,0,0,0,0,0,0,False
02602,02602,0,0,0,0,0,0,0,0,0,0,False
02603,02603,0,0,0,0,0,0,0,0,0,0,False
02604,02604,0,0,0,0,0,0,0,0,0,0,False
02605,02605,0,0,0,0,0,0,0,0,0,0,False
02606,02606,0,0,0,0,0,0,0,0,0,0,False
02607,02607,0,0,0,0,0,0,0,0,0,0,False
02608,02608,0,0,0,0,0,0,0,0,0,0,False
02609,02609,0,0,0,0,0,0,0,0,0,0,False
02610,02610,0,0,0,0,0,0,0,0,0,0,False
02611,02611,0,0,0,0,0,0,0,0,0,0,False
02612,02612,0,0,0,0,0,0,0,0,0,0,False
02613,02613,0,0,0,0,0,0,0,0,0,0,False
02614,02614,0,0,0,0,0,0,0,0,0,0,False
02615,02615,0,0,0,0,0,0,0,0,0,0,False
02616,02616,0,0,0,0,0,0,0,0,0,0,False
02617,02617,0,0,0,0,0,0,0,0,0,0,False
02618,02618,0,0,0,0,0,0,0,0,0,0,False
02619,02619,0,0,0,0,0,0,0,0,0,0,False
02620,02620,0,0,0,0,0,0,0,0,0,0,False
02621,02621,0,0,0,0,0,0,0,0,0,0,False
02622,02622,0,0,0,0,0,0,0,0,0,0,False
02623,02623,0,0,0,0,0,0,0,0,0,0,False
02624,02624,0,0,0,0,0,0,0,0,0,0,False
02625,02625,0,0,0,0,0,0,0,0,0,0,False
02626,02626,0,0,0,0,0,0,0,0,0,0,False
02627,02627,0,0,0,0,0,0,0,0,0,0,False
02628,02628,0,0,0,0,0,0,0,0,0,0,False
02629,02629,0,0,0,0,0,0,0,0,0,0,False
02630,02630,0,0,0,0,0,0,0,0,0,0,False
02631,02631,0,0,0,0,0,0,0,0,0,0,False
02632,02632,0,0,0,0,0,0,0,0,0,0,False
02633,02633,0,0,0,0,0,0,0,0,0,0,False
02634,02634,0,0,0,0,0,0,0,0,0,0,False
02635,02635,0,0,0,0,0,0,0,0,0,0,False
02636,02636,0,0,0,0,0,0,0,0,0,0,False
02637,02637,0,0,0,0,0,0,0,0,0,0,False
02638,02638,0,0,0,0,0,0,0,0,0,0,False
02639,02639,0,0,0,0,0,0,0,0,0,0,False
02640,02640,0,0,0,0,0,0,0,0,0,0,False
02641,02641,0,0,0,0,0,0,0,0,0,0,False
02642,02642,0,0,0,0,0,0,0,0,0,0,False
02643,02643,0,0,0,0,0,0,0,0,0,0,False
02644,02644,0,0,0,0,0,0,0,0,0,0,False
02645,02645,0,0,0,0,0,0,0,0,0,0,False
02646,02646,0,0,0,0,0,0,0,0,0,0,False
02647,02647,0,0,0,0,0,0,0,0,0,0,False
02648,02648,0,0,0,0,0,0,0,0,0,0,False
02649,02649,0,0,0,0,0,0,0,0,0,0,False
02650,02650,0,0,0,0,0,0,0,0,0,0,False
02651,02651,0,0,0,0,0,0,0,0,0,0,False
02652,02652,0,0,0,0,0,0,0,0,0,0,False
02653,02653,0,0,0,0,0,0,0,0,0,0,False
02654,02654,0,0,0,0,0,0,0,0,0,0,False
02655,02655,0,0,0,0,0,0,0,0,0,0,False
02656,02656,0,0,0,0,0,0,0,0,0,0,False
02657,02657,0,0,0,0,0,0,0,0,0,0,False
02658,02658,0,0,0,0,0,0,0,0,0,0,False
02659,02659,0,0,0,0,0,0,0,0,0,0,False
02660,02660,0,0,0,0,0,0,0,0,0,0,False
02661,02661,0,0,0,0,0,0,0,0,0,0,False
02662,02662,0,0,0,0,0,0,0,0,0,0,False
02663,02663,0,0,0,0,0,0,0,0,0,0,False
02664,02664,0,0,0,0,0,0,0,0,0,0,False
02665,02665,0,0,0,0,0,0,0,0,0,0,False
02666,02666,0,0,0,0,0,0,0,0,0,0,False
02667,02667,0,0,0,0,0,0,0,0,0,0,False
02668,02668,0,0,0,0,0,0,0,0,0,0,False
02669,02669,0,0,0,0,0,0,0,0,0,0,False
02670,02670,0,0,0,0,0,0,0,0,0,0,False
02671,02671,0,0,0,0,0,0,0,0,0,0,False
02672,02672,0,0,0,0,0,0,0,0,0,0,False
02673,02673,0,0,0,0,0,0,0,0,0,0,False
02674,02674,0,0,0,0,0,0,0,0,0,0,False
02675,02675,0,0,0,0,0,0,0,0,0,0,False
02676,02676,0,0,0,0,0,0,0,0,0,0,False
02677,02677,0,0,0,0,0,0,0,0,0,0,False
02678,02678,0,0,0,0,0,0,0,0,0,0,False
02679,02679,0,0,0,0,0,0,0,0,0,0,False
02680,02680,0,0,0,0,0,0,0,0,0,0,False
02681,02681,0,0,0,0,0,0,0,0,0,0,False
02682,02682,0,0,0,0,0,0,0,0,0,0,False
02683,02683,0,0,0,0,0,0,0,0,0,0,False
02684,02684,0,0,0,0,0,0,0,0,0,0,False
02685,02685,0,0,0,0,0,0,0,0,0,0,False
02686,02686,0,0,0,0,0,0,0,0,0,0,False
02687,02687,0,0,0,0,0,0,0,0,0,0,False
02688,02688,0,0,0,0,0,0,0,0,0,0,False
02689,02689,0,0,0,0,0,0,0,0,0,0,False
02690,02690,0,0,0,0,0,0,0,0,0,0,False
02691,02691,0,0,0,0,0,0,0,0,0,0,False
02692,02692,0,0,0,0,0,0,0,0,0,0,False
02693,02693,0,0,0,0,0,0,0,0,0,0,False
02694,02694,0,0,0,0,0,0,0,0,0,0,False
02695,02695,0,0,0,0,0,0,0,0,0,0,False
02696,02696,0,0,0,0,0,0,0,0,0,0,False
02697,02697,0,0,0,0,0,0,0,0,0,0,False
02698,02698,0,0,0,0,0,0,0,0,0,0,False
02699,02699,0,0,0,0,0,0,0,0,0,0,False
02700,02700,0,0,0,0,0,0,0,0,0,0,False
02701,02701,0,0,0,0,0,0,0,0,0,0,False
02702,02702,0,0,0,0,0,0,0,0,0,0,False
02703,02703,0,0,0,0,0,0,0,0,0,0,False
02704,02704,0,0,0,0,0,0,0,0,0,0,False
02705,02705,0,0,0,0,0,0,0,0,0,0,False
02706,02706,0,0,0,0,0,0,0,0,0,0,False
02707,02707,0,0,0,0,0,0,0,0,0,0,False
02708,02708,0,0,0,0,0,0,0,0,0,0,False
02709,02709,0,0,0,0,0,0,0,0,0,0,False
02710,02710,0,0,0,0,0,0,0,0,0,0,False
02711,02711,0,0,0,0,0,0,0,0,0,0,False
02712,02712,0,0,0,0,0,0,0,0,0,0,False
02713,02713,0,0,0,0,0,0,0,0,0,0,False
02714,02714,0,0,0,0,0,0,0,0,0,0,False
02715,02715,0,0,0,0,0,0,0,0,0,0,False
02716,02716,0,0,0,0,0,0,0,0,0,0,False
02717,02717,0,0,0,0,0,0,0,0,0,0,False
02718,02718,0,0,0,0,0,0,0,0,0,0,False
02719,02719,0,0,0,0,0,0,0,0,0,0,False
02720,02720,0,0,0,0,0,0,0,0,0,0,False
02721,02721,0,0,0,0,0,0,0,0,0,0,False
02722,02722,0,0,0,0,0,0,0,0,0,0,False
02723,02723,0,0,0,0,0,0,0,0,0,0,False
02724,02724,0,0,0,0,0,0,0,0,0,0,False
02725,02725,0,0,0,0,0,0,0,0,0,0,False
02726,02726,0,0,0,0,0,0,0,0,0,0,False
02727,02727,0,0,0,0,0,0,0,0,0,0,False
02728,02728,0,0,0,0,0,0,0,0,0,0,False
02729,02729,0,0,0,0,0,0,0,0,0,0,False
02730,02730,0,0,0,0,0,0,0,0,0,0,False
02731,02731,0,0,0,0,0,0,0,0,0,0,False
02732,02732,0,0,0,0,0,0,0,0,0,0,False
02733,02733,0,0,0,0,0,0,0,0,0,0,False
02734,02734,0,0,0,0,0,0,0,0,0,0,False
02735,02735,0,0,0,0,0,0,0,0,0,0,False
02736,02736,0,0,0,0,0,0,0,0,0,0,False
02737,02737,0,0,0,0,0,0,0,0,0,0,False
02738,02738,0,0,0,0,0,0,0,0,0,0,False
02739,02739,0,0,0,0,0,0,0,0,0,0,False
02740,02740,0,0,0,0,0,0,0,0,0,0,False
02741,02741,0,0,0,0,0,0,0,0,0,0,False
02742,02742,0,0,0,0,0,0,0,0,0,0,False
02743,02743,0,0,0,0,0,0,0,0,0,0,False
02744,02744,0,0,0,0,0,0,0,0,0,0,False
02745,02745,0,0,0,0,0,0,0,0,0,0,False
02746,02746,0,0,0,0,0,0,0,0,0,0,False
02747,02747,0,0,0,0,0,0,0,0,0,0,False
02748,02748,0,0,0,0,0,0,0,0,0,0,False
02749,02749,0,0,0,0,0,0,0,0,0,0,False
02750,02750,0,0,0,0,0,0,0,0,0,0,False
02751,02751,0,0,0,0,0,0,0,0,0,0,False
02752,02752,0,0,0,0,0,0,0,0,0,0,False
02753,02753,0,0,0,0,0,0,0,0,0,0,False
02754,02754,0,0,0,0,0,0,0,0,0,0,False
02755,02755,0,0,0,0,0,0,0,0,0,0,False
02756,02756,0,0,0,0,0,0,0,0,0,0,False
02757,02757,0,0,0,0,0,0,0,0,0,0,False
02758,02758,0,0,0,0,0,0,0,0,0,0,False
02759,02759,0,0,0,0,0,0,0,0,0,0,False
02760,02760,0,0,0,0,0,0,0,0,0,0,False
02761,02761,0,0,0,0,0,0,0,0,0,0,False
02762,02762,0,0,0,0,0,0,0,0,0,0,False
02763,02763,0,0,0,0,0,0,0,0,0,0,False
02764,02764,0,0,0,0,0,0,0,0,0,0,False
02765,02765,0,0,0,0,0,0,0,0,0,0,False
02766,02766,0,0,0,0,0,0,0,0,0,0,False
02767,02767,0,0,0,0,0,0,0,0,0,0,False
02768,02768,0,0,0,0,0,0,0,0,0,0,False
02769,02769,0,0,0,0,0,0,0,0,0,0,False
02770,02770,0,0,0,0,0,0,0,0,0,0,False
02771,02771,0,0,0,0,0,0,0,0,0,0,False
02772,02772,0,0,0,0,0,0,0,0,0,0,False
02773,02773,0,0,0,0,0,0,0,0,0,0,False
02774,02774,0,0,0,0,0,0,0,0,0,0,False
02775,02775,0,0,0,0,0,0,0,0,0,0,False
02776,02776,0,0,0,0,0,0,0,0,0,0,False
02777,02777,0,0,0,0,0,0,0,0,0,0,False
02778,02778,0,0,0,0,0,0,0,0,0,0,False
02779,02779,0,0,0,0,0,0,0,0,0,0,False
02780,02780,0,0,0,0,0,0,0,0,0,0,False
02781,02781,0,0,0,0,0,0,0,0,0,0,False
02782,02782,0,0,0,0,0,0,0,0,0,0,False
02783,02783,0,0,0,0,0,0,0,0,0,0,False
02784,02784,0,0,0,0,0,0,0,0,0,0,False
02785,02785,0,0,0,0,0,0,0,0,0,0,False
02786,02786,0,0,0,0,0,0,0,0,0,0,False
02787,02787,0,0,0,0,0,0,0,0,0,0,False
02788,02788,0,0,0,0,0,0,0,0,0,0,False
02789,02789,0,0,0,0,0,0,0,0,0,0,False
02790,02790,0,0,0,0,0,0,0,0,0,0,False
02791,02791,0,0,0,0,0,0,0,0,0,0,False
02792,02792,0,0,0,0,0,0,0,0,0,0,False
02793,02793,0,0,0,0,0,0,0,0,0,0,False
02794,02794,0,0,0,0,0,0,0,0,0,0,False
02795,02795,0,0,0,0,0,0,0,0,0,0,False
02796,02796,0,0,0,0,0,0,0,0,0,0,False
02797,02797,0,0,0,0,0,0,0,0,0,0,False
02798,02798,0,0,0,0,0,0,0,0,0,0,False
02799,02799,0,0,0,0,0,0,0,0,0,0,False
02800,02800,0,0,0,0,0,0,0,0,0,0,False
02801,02801,0,0,0,0,0,0,0,0,0,0,False
02802,02802,0,0,0,0,0,0,0,0,0,0,False
02803,02803,0,0,0,0,0,0,0,0,0,0,False
02804,02804,0,0,0,0,0,0,0,0,0,0,False
02805,02805,0,0,0,0,0,0,0,0,0,0,False
02806,02806,0,0,0,0,0,0,0,0,0,0,False
02807,02807,0,0,0,0,0,0,0,0,0,0,False
02808,02808,0,0,0,0,0,0,0,0,0,0,False
02809,02809,0,0,0,0,0,0,0,0,0,0,False
02810,02810,0,0,0,0,0,0,0,0,0,0,False
02811,02811,0,0,0,0,0,0,0,0,0,0,False
02812,02812,0,0,0,0,0,0,0,0,0,0,False
02813,02813,0,0,0,0,0,0,0,0,0,0,False
02814,02814,0,0,0,0,0,0,0,0,0,0,False
02815,02815,0,0,0,0,0,0,0,0,0,0,False
02816,02816,0,0,0,0,0,0,0,0,0,0,False
02817,02817,0,0,0,0,0,0,0,0,0,0,False
02818,02818,0,0,0,0,0,0,0,0,0,0,False
02819,02819,0,0,0,0,0,0,0,0,0,0,False
02820,02820,0,0,0,0,0,0,0,0,0,0,False
02821,02821,0,0,0,0,0,0,0,0,0,0,False
02822,02822,0,0,0,0,0,0,0,0,0,0,False
02823,02823,0,0,0,0,0,0,0,0,0,0,False
02824,02824,0,0,0,0,0,0,0,0,0,0,False
02825,02825,0,0,0,0,0,0,0,0,0,0,False
02826,02826,0,0,0,0,0,0,0,0,0,0,False
02827,02827,0,0,0,0,0,0,0,0,0,0,False
02828,02828,0,0,0,0,0,0,0,0,0,0,False
02829,02829,0,0,0,0,0,0,0,0,0,0,False
02830,02830,0,0,0,0,0,0,0,0,0,0,False
02831,02831,0,0,0,0,0,0,0,0,0,0,False
02832,02832,0,0,0,0,0,0,0,0,0,0,False
02833,02833,0,0,0,0,0,0,0,0,0,0,False
02834,02834,0,0,0,0,0,0,0,0,0,0,False
02835,02835,0,0,0,0,0,0,0,0,0,0,False
02836,02836,0,0,0,0,0,0,0,0,0,0,False
02837,02837,0,0,0,0,0,0,0,0,0,0,False
02838,02838,0,0,0,0,0,0,0,0,0,0,False
02839,02839,0,0,0,0,0,0,0,0,0,0,False
02840,02840,0,0,0,0,0,0,0,0,0,0,False
02841,02841,0,0,0,0,0,0,0,0,0,0,False
02842,02842,0,0,0,0,0,0,0,0,0,0,False
02843,02843,0,0,0,0,0,0,0,0,0,0,False
02844,02844,0,0,0,0,0,0,0,0,0,0,False
02845,02845,0,0,0,0,0,0,0,0,0,0,False
02846,02846,0,0,0,0,0,0,0,0,0,0,False
02847,02847,0,0,0,0,0,0,0,0,0,0,False
02848,02848,0,0,0,0,0,0,0,0,0,0,False
02849,02849,0,0,0,0,0,0,0,0,0,0,False
02850,02850,0,0,0,0,0,0,0,0,0,0,False
02851,02851,0,0,0,0,0,0,0,0,0,0,False
02852,02852,0,0,0,0,0,0,0,0,0,0,False
02853,02853,0,0,0,0,0,0,0,0,0,0,False
02854,02854,0,0,0,0,0,0,0,0,0,0,False
02855,02855,0,0,0,0,0,0,0,0,0,0,False
02856,02856,0,0,0,0,0,0,0,0,0,0,False
02857,02857,0,0,0,0,0,0,0,0,0,0,False
02858,02858,0,0,0,0,0,0,0,0,0,0,False
02859,02859,0,0,0,0,0,0,0,0,0,0,False
02860,02860,0,0,0,0,0,0,0,0,0,0,False
02861,02861,0,0,0,0,0,0,0,0,0,0,False
02862,02862,0,0,0,0,0,0,0,0,0,0,False
02863,02863,0,0,0,0,0,0,0,0,0,0,False
02864,02864,0,0,0,0,0,0,0,0,0,0,False
02865,02865,0,0,0,0,0,0,0,0,0,0,False
02866,02866,0,0,0,0,0,0,0,0,0,0,False
02867,02867,0,0,0,0,0,0,0,0,0,0,False
02868,02868,0,0,0,0,0,0,0,0,0,0,False
02869,02869,0,0,0,0,0,0,0,0,0,0,False
02870,02870,0,0,0,0,0,0,0,0,0,0,False
02871,02871,0,0,0,0,0,0,0,0,0,0,False
02872,02872,0,0,0,0,0,0,0,0,0,0,False
02873,02873,0,0,0,0,0,0,0,0,0,0,False
02874,02874,0,0,0,0,0,0,0,0,0,0,False
02875,02875,0,0,0,0,0,0,0,0,0,0,False
02876,02876,0,0,0,0,0,0,0,0,0,0,False
02877,02877,0,0,0,0,0,0,0,0,0,0,False
02878,02878,0,0,0,0,0,0,0,0,0,0,False
02879,02879,0,0,0,0,0,0,0,0,0,0,False
02880,02880,0,0,0,0,0,0,0,0,0,0,False
02881,02881,0,0,0,0,0,0,0,0,0,0,False
02882,02882,0,0,0,0,0,0,0,0,0,0,False
02883,02883,0,0,0,0,0,0,0,0,0,0,False
02884,02884,0,0,0,0,0,0,0,0,0,0,False
02885,02885,0,0,0,0,0,0,0,0,0,0,False
02886,02886,0,0,0,0,0,0,0,0,0,0,False
02887,02887,0,0,0,0,0,0,0,0,0,0,False
02888,02888,0,0,0,0,0,0,0,0,0,0,False
02889,02889,0,0,0,0,0,0,0,0,0,0,False
02890,02890,0,0,0,0,0,0,0,0,0,0,False
02891,02891,0,0,0,0,0,0,0,0,0,0,False
02892,02892,0,0,0,0,0,0,0,0,0,0,False
02893,02893,0,0,0,0,0,0,0,0,0,0,False
02894,02894,0,0,0,0,0,0,0,0,0,0,False
02895,02895,0,0,0,0,0,0,0,0,0,0,False
02896,02896,0,0,0,0,0,0,0,0,0,0,False
02897,02897,0,0,0,0,0,0,0,0,0,0,False
02898,02898,0,0,0,0,0,0,0,0,0,0,False
02899,02899,0,0,0,0,0,0,0,0,0,0,False
02900,02900,0,0,0,0,0,0,0,0,0,0,False
02901,02901,0,0,0,0,0,0,0,0,0,0,False
02902,02902,0,0,0,0,0,0,0,0,0,0,False
02903,02903,0,0,0,0,0,0,0,0,0,0,False
02904,02904,0,0,0,0,0,0,0,0,0,0,False
02905,02905,0,0,0,0,0,0,0,0,0,0,False
02906,02906,0,0,0,0,0,0,0,0,0,0,False
02907,02907,0,0,0,0,0,0,0,0,0,0,False
02908,02908,0,0,0,0,0,0,0,0,0,0,False
02909,02909,0,0,0,0,0,0,0,0,0,0,False
02910,02910,0,0,0,0,0,0,0,0,0,0,False
02911,02911,0,0,0,0,0,0,0,0,0,0,False
02912,02912,0,0,0,0,0,0,0,0,0,0,False
02913,02913,0,0,0,0,0,0,0,0,0,0,False
02914,02914,0,0,0,0,0,0,0,0,0,0,False
02915,02915,0,0,0,0,0,0,0,0,0,0,False
02916,02916,0,0,0,0,0,0,0,0,0,0,False
02917,02917,0,0,0,0,0,0,0,0,0,0,False
02918,02918,0,0,0,0,0,0,0,0,0,0,False
02919,02919,0,0,0,0,0,0,0,0,0,0,False
02920,02920,0,0,0,0,0,0,0,0,0,0,False
02921,02921,0,0,0,0,0,0,0,0,0,0,False
02922,02922,0,0,0,0,0,0,0,0,0,0,False
02923,02923,0,0,0,0,0,0,0,0,0,0,False
02924,02924,0,0,0,0,0,0,0,0,0,0,False
02925,02925,0,0,0,0,0,0,0,0,0,0,False
02926,02926,0,0,0,0,0,0,0,0,0,0,False
02927,02927,0,0,0,0,0,0,0,0,0,0,False
02928,02928,0,0,0,0,0,0,0,0,0,0,False
02929,02929,0,0,0,0,0,0,0,0,0,0,False
02930,02930,0,0,0,0,0,0,0,0,0,0,False
02931,02931,0,0,0,0,0,0,0,0,0,0,False
02932,02932,0,0,0,0,0,0,0,0,0,0,False
02933,02933,0,0,0,0,0,0,0,0,0,0,False
02934,02934,0,0,0,0,0,0,0,0,0,0,False
02935,02935,0,0,0,0,0,0,0,0,0,0,False
02936,02936,0,0,0,0,0,0,0,0,0,0,False
02937,02937,0,0,0,0,0,0,0,0,0,0,False
02938,02938,0,0,0,0,0,0,0,0,0,0,False
02939,02939,0,0,0,0,0,0,0,0,0,0,False
02940,02940,0,0,0,0,0,0,0,0,0,0,False
02941,02941,0,0,0,0,0,0,0,0,0,0,False
02942,02942,0,0,0,0,0,0,0,0,0,0,False
02943,02943,0,0,0,0,0,0,0,0,0,0,False
02944,02944,0,0,0,0,0,0,0,0,0,0,False
02945,02945,0,0,0,0,0,0,0,0,0,0,False
02946,02946,0,0,0,0,0,0,0,0,0,0,False
02947,02947,0,0,0,0,0,0,0,0,0,0,False
02948,02948,0,0,0,0,0,0,0,0,0,0,False
02949,02949,0,0,0,0,0,0,0,0,0,0,False
02950,02950,0,0,0,0,0,0,0,0,0,0,False
02951,02951,0,0,0,0,0,0,0,0,0,0,False
02952,02952,0,0,0,0,0,0,0,0,0,0,False
02953,02953,0,0,0,0,0,0,0,0,0,0,False
02954,02954,0,0,0,0,0,0,0,0,0,0,False
02955,02955,0,0,0,0,0,0,0,0,0,0,False
02956,02956,0,0,0,0,0,0,0,0,0,0,False
02957,02957,0,0,0,0,0,0,0,0,0,0,False
02958,02958,0,0,0,0,0,0,0,0,0,0,False
02959,02959,0,0,0,0,0,0,0,0,0,0,False
02960,02960,0,0,0,0,0,0,0,0,0,0,False
02961,02961,0,0,0,0,0,0,0,0,0,0,False
02962,02962,0,0,0,0,0,0,0,0,0,0,False
02963,02963,0,0,0,0,0,0,0,0,0,0,False
02964,02964,0,0,0,0,0,0,0,0,0,0,False
02965,02965,0,0,0,0,0,0,0,0,0,0,False
02966,02966,0,0,0,0,0,0,0,0,0,0,False
02967,02967,0,0,0,0,0,0,0,0,0,0,False
02968,02968,0,0,0,0,0,0,0,0,0,0,False
02969,02969,0,0,0,0,0,0,0,0,0,0,False
02970,02970,0,0,0,0,0,0,0,0,0,0,False
02971,02971,0,0,0,0,0,0,0,0,0,0,False
02972,02972,0,0,0,0,0,0,0,0,0,0,False
02973,02973,0,0,0,0,0,0,0,0,0,0,False
02974,02974,0,0,0,0,0,0,0,0,0,0,False
02975,02975,0,0,0,0,0,0,0,0,0,0,False
02976,02976,0,0,0,0,0,0,0,0,0,0,False
02977,02977,0,0,0,0,0,0,0,0,0,0,False
02978,02978,0,0,0,0,0,0,0,0,0,0,False
02979,02979,0,0,0,0,0,0,0,0,0,0,False
02980,02980,0,0,0,0,0,0,0,0,0,0,False
02981,02981,0,0,0,0,0,0,0,0,0,0,False
02982,02982,0,0,0,0,0,0,0,0,0,0,False
02983,02983,0,0,0,0,0,0,0,0,0,0,False
02984,02984,0,0,0,0,0,0,0,0,0,0,False
02985,02985,0,0,0,0,0,0,0,0,0,0,False
02986,02986,0,0,0,0,0,0,0,0,0,0,False
02987,02987,0,0,0,0,0,0,0,0,0,0,False
02988,02988,0,0,0,0,0,0,0,0,0,0,False
02989,02989,0,0,0,0,0,0,0,0,0,0,False
02990,02990,0,0,0,0,0,0,0,0,0,0,False
02991,02991,0,0,0,0,0,0,0,0,0,0,False
02992,02992,0,0,0,0,0,0,0,0,0,0,False
02993,02993,0,0,0,0,0,0,0,0,0,0,False
02994,02994,0,0,0,0,0,0,0,0,0,0,False
02995,02995,0,0,0,0,0,0,0,0,0,0,False
02996,02996,0,0,0,0,0,0,0,0,0,0,False
02997,02997,0,0,0,0,0,0,0,0,0,0,False
02998,02998,0,0,0,0,0,0,0,0,0,0,False
02999,02999,0,0,0,0,0,0,0,0,0,0,False
03000,03000,0,0,0,0,0,0,0,0,0,0,False
03001,03001,0,0,0,0,0,0,0,0,0,0,False
03002,03002,0,0,0,0,0,0,0,0,0,0,False
03003,03003,0,0,0,0,0,0,0,0,0,0,False
03004,03004,0,0,0,0,0,0,0,0,0,0,False
03005,03005,0,0,0,0,0,0,0,0,0,0,False
03006,03006,0,0,0,0,0,0,0,0,0,0,False
03007,03007,0,0,0,0,0,0,0,0,0,0,False
03008,03008,0,0,0,0,0,0,0,0,0,0,False
03009,03009,0,0,0,0,0,0,0,0,0,0,False
03010,03010,0,0,0,0,0,0,0,0,0,0,False
03011,03011,0,0,0,0,0,0,0,0,0,0,False
03012,03012,0,0,0,0,0,0,0,0,0,0,False
03013,03013,0,0,0,0,0,0,0,0,0,0,False
03014,03014,0,0,0,0,0,0,0,0,0,0,False
03015,03015,0,0,0,0,0,0,0,0,0,0,False
03016,03016,0,0,0,0,0,0,0,0,0,0,False
03017,03017,0,0,0,0,0,0,0,0,0,0,False
03018,03018,0,0,0,0,0,0,0,0,0,0,False
03019,03019,0,0,0,0,0,0,0,0,0,0,False
03020,03020,0,0,0,0,0,0,0,0,0,0,False
03021,03021,0,0,0,0,0,0,0,0,0,0,False
03022,03022,0,0,0,0,0,0,0,0,0,0,False
03023,03023,0,0,0,0,0,0,0,0,0,0,False
03024,03024,0,0,0,0,0,0,0,0,0,0,False
03025,03025,0,0,0,0,0,0,0,0,0,0,False
03026,03026,0,0,0,0,0,0,0,0,0,0,False
03027,03027,0,0,0,0,0,0,0,0,0,0,False
03028,03028,0,0,0,0,0,0,0,0,0,0,False
03029,03029,0,0,0,0,0,0,0,0,0,0,False
03030,03030,0,0,0,0,0,0,0,0,0,0,False
03031,03031,0,0,0,0,0,0,0,0,0,0,False
03032,03032,0,0,0,0,0,0,0,0,0,0,False
03033,03033,0,0,0,0,0,0,0,0,0,0,False
03034,03034,0,0,0,0,0,0,0,0,0,0,False
03035,03035,0,0,0,0,0,0,0,0,0,0,False
03036,03036,0,0,0,0,0,0,0,0,0,0,False
03037,03037,0,0,0,0,0,0,0,0,0,0,False
03038,03038,0,0,0,0,0,0,0,0,0,0,False
03039,03039,0,0,0,0,0,0,0,0,0,0,False
03040,03040,0,0,0,0,0,0,0,0,0,0,False
03041,03041,0,0,0,0,0,0,0,0,0,0,False
03042,03042,0,0,0,0,0,0,0,0,0,0,False
03043,03043,0,0,0,0,0,0,0,0,0,0,False
03044,03044,0,0,0,0,0,0,0,0,0,0,False
03045,03045,0,0,0,0,0,0,0,0,0,0,False
03046,03046,0,0,0,0,0,0,0,0,0,0,False
03047,03047,0,0,0,0,0,0,0,0,0,0,False
03048,03048,0,0,0,0,0,0,0,0,0,0,False
03049,03049,0,0,0,0,0,0,0,0,0,0,False
03050,03050,0,0,0,0,0,0,0,0,0,0,False
03051,03051,0,0,0,0,0,0,0,0,0,0,False
03052,03052,0,0,0,0,0,0,0,0,0,0,False
03053,03053,0,0,0,0,0,0,0,0,0,0,False
03054,03054,0,0,0,0,0,0,0,0,0,0,False
03055,03055,0,0,0,0,0,0,0,0,0,0,False
03056,03056,0,0,0,0,0,0,0,0,0,0,False
03057,03057,0,0,0,0,0,0,0,0,0,0,False
03058,03058,0,0,0,0,0,0,0,0,0,0,False
03059,03059,0,0,0,0,0,0,0,0,0,0,False
03060,03060,0,0,0,0,0,0,0,0,0,0,False
03061,03061,0,0,0,0,0,0,0,0,0,0,False
03062,03062,0,0,0,0,0,0,0,0,0,0,False
03063,03063,0,0,0,0,0,0,0,0,0,0,False
03064,03064,0,0,0,0,0,0,0,0,0,0,False
03065,03065,0,0,0,0,0,0,0,0,0,0,False
03066,03066,0,0,0,0,0,0,0,0,0,0,False
03067,03067,0,0,0,0,0,0,0,0,0,0,False
03068,03068,0,0,0,0,0,0,0,0,0,0,False
03069,03069,0,0,0,0,0,0,0,0,0,0,False
03070,03070,0,0,0,0,0,0,0,0,0,0,False
03071,03071,0,0,0,0,0,0,0,0,0,0,False
03072,03072,0,0,0,0,0,0,0,0,0,0,False
03073,03073,0,0,0,0,0,0,0,0,0,0,False
03074,03074,0,0,0,0,0,0,0,0,0,0,False
03075,03075,0,0,0,0,0,0,0,0,0,0,False
03076,03076,0,0,0,0,0,0,0,0,0,0,False
03077,03077,0,0,0,0,0,0,0,0,0,0,False
03078,03078,0,0,0,0,0,0,0,0,0,0,False
03079,03079,0,0,0,0,0,0,0,0,0,0,False
03080,03080,0,0,0,0,0,0,0,0,0,0,False
03081,03081,0,0,0,0,0,0,0,0,0,0,False
03082,03082,0,0,0,0,0,0,0,0,0,0,False
03083,03083,0,0,0,0,0,0,0,0,0,0,False
03084,03084,0,0,0,0,0,0,0,0,0,0,False
03085,03085,0,0,0,0,0,0,0,0,0,0,False
03086,03086,0,0,0,0,0,0,0,0,0,0,False
03087,03087,0,0,0,0,0,0,0,0,0,0,False
03088,03088,0,0,0,0,0,0,0,0,0,0,False
03089,03089,0,0,0,0,0,0,0,0,0,0,False
03090,03090,0,0,0,0,0,0,0,0,0,0,False
03091,03091,0,0,0,0,0,0,0,0,0,0,False
03092,03092,0,0,0,0,0,0,0,0,0,0,False
03093,03093,0,0,0,0,0,0,0,0,0,0,False
03094,03094,0,0,0,0,0,0,0,0,0,0,False
03095,03095,0,0,0,0,0,0,0,0,0,0,False
03096,03096,0,0,0,0,0,0,0,0,0,0,False
03097,03097,0,0,0,0,0,0,0,0,0,0,False
03098,03098,0,0,0,0,0,0,0,0,0,0,False
03099,03099,0,0,0,0,0,0,0,0,0,0,False
03100,03100,0,0,0,0,0,0,0,0,0,0,False
03101,03101,0,0,0,0,0,0,0,0,0,0,False
03102,03102,0,0,0,0,0,0,0,0,0,0,False
03103,03103,0,0,0,0,0,0,0,0,0,0,False
03104,03104,0,0,0,0,0,0,0,0,0,0,False
03105,03105,0,0,0,0,0,0,0,0,0,0,False
03106,03106,0,0,0,0,0,0,0,0,0,0,False
03107,03107,0,0,0,0,0,0,0,0,0,0,False
03108,03108,0,0,0,0,0,0,0,0,0,0,False
03109,03109,0,0,0,0,0,0,0,0,0,0,False
03110,03110,0,0,0,0,0,0,0,0,0,0,False
03111,03111,0,0,0,0,0,0,0,0,0,0,False
03112,03112,0,0,0,0,0,0,0,0,0,0,False
03113,03113,0,0,0,0,0,0,0,0,0,0,False
03114,03114,0,0,0,0,0,0,0,0,0,0,False
03115,03115,0,0,0,0,0,0,0,0,0,0,False
03116,03116,0,0,0,0,0,0,0,0,0,0,False
03117,03117,0,0,0,0,0,0,0,0,0,0,False
03118,03118,0,0,0,0,0,0,0,0,0,0,False
03119,03119,0,0,0,0,0,0,0,0,0,0,False
03120,03120,0,0,0,0,0,0,0,0,0,0,False
03121,03121,0,0,0,0,0,0,0,0,0,0,False
03122,03122,0,0,0,0,0,0,0,0,0,0,False
03123,03123,0,0,0,0,0,0,0,0,0,0,False
03124,03124,0,0,0,0,0,0,0,0,0,0,False
03125,03125,0,0,0,0,0,0,0,0,0,0,False
03126,03126,0,0,0,0,0,0,0,0,0,0,False
03127,03127,0,0,0,0,0,0,0,0,0,0,False
03128,03128,0,0,0,0,0,0,0,0,0,0,False
03129,03129,0,0,0,0,0,0,0,0,0,0,False
03130,03130,0,0,0,0,0,0,0,0,0,0,False
03131,03131,0,0,0,0,0,0,0,0,0,0,False
03132,03132,0,0,0,0,0,0,0,0,0,0,False
03133,03133,0,0,0,0,0,0,0,0,0,0,False
03134,03134,0,0,0,0,0,0,0,0,0,0,False
03135,03135,0,0,0,0,0,0,0,0,0,0,False
03136,03136,0,0,0,0,0,0,0,0,0,0,False
03137,03137,0,0,0,0,0,0,0,0,0,0,False
03138,03138,0,0,0,0,0,0,0,0,0,0,False
03139,03139,0,0,0,0,0,0,0,0,0,0,False
03140,03140,0,0,0,0,0,0,0,0,0,0,False
03141,03141,0,0,0,0,0,0,0,0,0,0,False
03142,03142,0,0,0,0,0,0,0,0,0,0,False
03143,03143,0,0,0,0,0,0,0,0,0,0,False
03144,03144,0,0,0,0,0,0,0,0,0,0,False
03145,03145,0,0,0,0,0,0,0,0,0,0,False
03146,03146,0,0,0,0,0,0,0,0,0,0,False
03147,03147,0,0,0,0,0,0,0,0,0,0,False
03148,03148,0,0,0,0,0,0,0,0,0,0,False
03149,03149,0,0,0,0,0,0,0,0,0,0,False
03150,03150,0,0,0,0,0,0,0,0,0,0,False
03151,03151,0,0,0,0,0,0,0,0,0,0,False
03152,03152,0,0,0,0,0,0,0,0,0,0,False
03153,03153,0,0,0,0,0,0,0,0,0,0,False
03154,03154,0,0,0,0,0,0,0,0,0,0,False
03155,03155,0,0,0,0,0,0,0,0,0,0,False
03156,03156,0,0,0,0,0,0,0,0,0,0,False
03157,03157,0,0,0,0,0,0,0,0,0,0,False
03158,03158,0,0,0,0,0,0,0,0,0,0,False
03159,03159,0,0,0,0,0,0,0,0,0,0,False
03160,03160,0,0,0,0,0,0,0,0,0,0,False
03161,03161,0,0,0,0,0,0,0,0,0,0,False
03162,03162,0,0,0,0,0,0,0,0,0,0,False
03163,03163,0,0,0,0,0,0,0,0,0,0,False
03164,03164,0,0,0,0,0,0,0,0,0,0,False
03165,03165,0,0,0,0,0,0,0,0,0,0,False
03166,03166,0,0,0,0,0,0,0,0,0,0,False
03167,03167,0,0,0,0,0,0,0,0,0,0,False
03168,03168,0,0,0,0,0,0,0,0,0,0,False
03169,03169,0,0,0,0,0,0,0,0,0,0,False
03170,03170,0,0,0,0,0,0,0,0,0,0,False
03171,03171,0,0,0,0,0,0,0,0,0,0,False
03172,03172,0,0,0,0,0,0,0,0,0,0,False
03173,03173,0,0,0,0,0,0,0,0,0,0,False
03174,03174,0,0,0,0,0,0,0,0,0,0,False
03175,03175,0,0,0,0,0,0,0,0,0,0,False
03176,03176,0,0,0,0,0,0,0,0,0,0,False
03177,03177,0,0,0,0,0,0,0,0,0,0,False
03178,03178,0,0,0,0,0,0,0,0,0,0,False
03179,03179,0,0,0,0,0,0,0,0,0,0,False
03180,03180,0,0,0,0,0,0,0,0,0,0,False
03181,03181,0,0,0,0,0,0,0,0,0,0,False
03182,03182,0,0,0,0,0,0,0,0,0,0,False
03183,03183,0,0,0,0,0,0,0,0,0,0,False
03184,03184,0,0,0,0,0,0,0,0,0,0,False
03185,03185,0,0,0,0,0,0,0,0,0,0,False
03186,03186,0,0,0,0,0,0,0,0,0,0,False
03187,03187,0,0,0,0,0,0,0,0,0,0,False
03188,03188,0,0,0,0,0,0,0,0,0,0,False
03189,03189,0,0,0,0,0,0,0,0,0,0,False
03190,03190,0,0,0,0,0,0,0,0,0,0,False
03191,03191,0,0,0,0,0,0,0,0,0,0,False
03192,03192,0,0,0,0,0,0,0,0,0,0,False
03193,03193,0,0,0,0,0,0,0,0,0,0,False
03194,03194,0,0,0,0,0,0,0,0,0,0,False
03195,03195,0,0,0,0,0,0,0,0,0,0,False
03196,03196,0,0,0,0,0,0,0,0,0,0,False
03197,03197,0,0,0,0,0,0,0,0,0,0,False
03198,03198,0,0,0,0,0,0,0,0,0,0,False
03199,03199,0,0,0,0,0,0,0,0,0,0,False
03200,03200,0,0,0,0,0,0,0,0,0,0,False
03201,03201,0,0,0,0,0,0,0,0,0,0,False
03202,03202,0,0,0,0,0,0,0,0,0,0,False
03203,03203,0,0,0,0,0,0,0,0,0,0,False
03204,03204,0,0,0,0,0,0,0,0,0,0,False
03205,03205,0,0,0,0,0,0,0,0,0,0,False
03206,03206,0,0,0,0,0,0,0,0,0,0,False
03207,03207,0,0,0,0,0,0,0,0,0,0,False
03208,03208,0,0,0,0,0,0,0,0,0,0,False
03209,03209,0,0,0,0,0,0,0,0,0,0,False
03210,03210,0,0,0,0,0,0,0,0,0,0,False
03211,03211,0,0,0,0,0,0,0,0,0,0,False
03212,03212,0,0,0,0,0,0,0,0,0,0,False
03213,03213,0,0,0,0,0,0,0,0,0,0,False
03214,03214,0,0,0,0,0,0,0,0,0,0,False
03215,03215,0,0,0,0,0,0,0,0,0,0,False
03216,03216,0,0,0,0,0,0,0,0,0,0,False
03217,03217,0,0,0,0,0,0,0,0,0,0,False
03218,03218,0,0,0,0,0,0,0,0,0,0,False
03219,03219,0,0,0,0,0,0,0,0,0,0,False
03220,03220,0,0,0,0,0,0,0,0,0,0,False
03221,03221,0,0,0,0,0,0,0,0,0,0,False
03222,03222,0,0,0,0,0,0,0,0,0,0,False
03223,03223,0,0,0,0,0,0,0,0,0,0,False
03224,03224,0,0,0,0,0,0,0,0,0,0,False
03225,03225,0,0,0,0,0,0,0,0,0,0,False
03226,03226,0,0,0,0,0,0,0,0,0,0,False
03227,03227,0,0,0,0,0,0,0,0,0,0,False
03228,03228,0,0,0,0,0,0,0,0,0,0,False
03229,03229,0,0,0,0,0,0,0,0,0,0,False
03230,03230,0,0,0,0,0,0,0,0,0,0,False
03231,03231,0,0,0,0,0,0,0,0,0,0,False
03232,03232,0,0,0,0,0,0,0,0,0,0,False
03233,03233,0,0,0,0,0,0,0,0,0,0,False
03234,03234,0,0,0,0,0,0,0,0,0,0,False
03235,03235,0,0,0,0,0,0,0,0,0,0,False
03236,03236,0,0,0,0,0,0,0,0,0,0,False
03237,03237,0,0,0,0,0,0,0,0,0,0,False
03238,03238,0,0,0,0,0,0,0,0,0,0,False
03239,03239,0,0,0,0,0,0,0,0,0,0,False
03240,03240,0,0,0,0,0,0,0,0,0,0,False
03241,03241,0,0,0,0,0,0,0,0,0,0,False
03242,03242,0,0,0,0,0,0,0,0,0,0,False
03243,03243,0,0,0,0,0,0,0,0,0,0,False
03244,03244,0,0,0,0,0,0,0,0,0,0,False
03245,03245,0,0,0,0,0,0,0,0,0,0,False
03246,03246,0,0,0,0,0,0,0,0,0,0,False
03247,03247,0,0,0,0,0,0,0,0,0,0,False
03248,03248,0,0,0,0,0,0,0,0,0,0,False
03249,03249,0,0,0,0,0,0,0,0,0,0,False
03250,03250,0,0,0,0,0,0,0,0,0,0,False
03251,03251,0,0,0,0,0,0,0,0,0,0,False
03252,03252,0,0,0,0,0,0,0,0,0,0,False
03253,03253,0,0,0,0,0,0,0,0,0,0,False
03254,03254,0,0,0,0,0,0,0,0,0,0,False
03255,03255,0,0,0,0,0,0,0,0,0,0,False
03256,03256,0,0,0,0,0,0,0,0,0,0,False
03257,03257,0,0,0,0,0,0,0,0,0,0,False
03258,03258,0,0,0,0,0,0,0,0,0,0,False
03259,03259,0,0,0,0,0,0,0,0,0,0,False
03260,03260,0,0,0,0,0,0,0,0,0,0,False
03261,03261,0,0,0,0,0,0,0,0,0,0,False
03262,03262,0,0,0,0,0,0,0,0,0,0,False
03263,03263,0,0,0,0,0,0,0,0,0,0,False
03264,03264,0,0,0,0,0,0,0,0,0,0,False
03265,03265,0,0,0,0,0,0,0,0,0,0,False
03266,03266,0,0,0,0,0,0,0,0,0,0,False
03267,03267,0,0,0,0,0,0,0,0,0,0,False
03268,03268,0,0,0,0,0,0,0,0,0,0,False
03269,03269,0,0,0,0,0,0,0,0,0,0,False
03270,03270,0,0,0,0,0,0,0,0,0,0,False
03271,03271,0,0,0,0,0,0,0,0,0,0,False
03272,03272,0,0,0,0,0,0,0,0,0,0,False
03273,03273,0,0,0,0,0,0,0,0,0,0,False
03274,03274,0,0,0,0,0,0,0,0,0,0,False
03275,03275,0,0,0,0,0,0,0,0,0,0,False
03276,03276,0,0,0,0,0,0,0,0,0,0,False
03277,03277,0,0,0,0,0,0,0,0,0,0,False
03278,03278,0,0,0,0,0,0,0,0,0,0,False
03279,03279,0,0,0,0,0,0,0,0,0,0,False
03280,03280,0,0,0,0,0,0,0,0,0,0,False
03281,03281,0,0,0,0,0,0,0,0,0,0,False
03282,03282,0,0,0,0,0,0,0,0,0,0,False
03283,03283,0,0,0,0,0,0,0,0,0,0,False
03284,03284,0,0,0,0,0,0,0,0,0,0,False
03285,03285,0,0,0,0,0,0,0,0,0,0,False
03286,03286,0,0,0,0,0,0,0,0,0,0,False
03287,03287,0,0,0,0,0,0,0,0,0,0,False
03288,03288,0,0,0,0,0,0,0,0,0,0,False
03289,03289,0,0,0,0,0,0,0,0,0,0,False
03290,03290,0,0,0,0,0,0,0,0,0,0,False
03291,03291,0,0,0,0,0,0,0,0,0,0,False
03292,03292,0,0,0,0,0,0,0,0,0,0,False
03293,03293,0,0,0,0,0,0,0,0,0,0,False
03294,03294,0,0,0,0,0,0,0,0,0,0,False
03295,03295,0,0,0,0,0,0,0,0,0,0,False
03296,03296,0,0,0,0,0,0,0,0,0,0,False
03297,03297,0,0,0,0,0,0,0,0,0,0,False
03298,03298,0,0,0,0,0,0,0,0,0,0,False
03299,03299,0,0,0,0,0,0,0,0,0,0,False
03300,03300,0,0,0,0,0,0,0,0,0,0,False
03301,03301,0,0,0,0,0,0,0,0,0,0,False
03302,03302,0,0,0,0,0,0,0,0,0,0,False
03303,03303,0,0,0,0,0,0,0,0,0,0,False
03304,03304,0,0,0,0,0,0,0,0,0,0,False
03305,03305,0,0,0,0,0,0,0,0,0,0,False
03306,03306,0,0,0,0,0,0,0,0,0,0,False
03307,03307,0,0,0,0,0,0,0,0,0,0,False
03308,03308,0,0,0,0,0,0,0,0,0,0,False
03309,03309,0,0,0,0,0,0,0,0,0,0,False
03310,03310,0,0,0,0,0,0,0,0,0,0,False
03311,03311,0,0,0,0,0,0,0,0,0,0,False
03312,03312,0,0,0,0,0,0,0,0,0,0,False
03313,03313,0,0,0,0,0,0,0,0,0,0,False
03314,03314,0,0,0,0,0,0,0,0,0,0,False
03315,03315,0,0,0,0,0,0,0,0,0,0,False
03316,03316,0,0,0,0,0,0,0,0,0,0,False
03317,03317,0,0,0,0,0,0,0,0,0,0,False
03318,03318,0,0,0,0,0,0,0,0,0,0,False
03319,03319,0,0,0,0,0,0,0,0,0,0,False
03320,03320,0,0,0,0,0,0,0,0,0,0,False
03321,03321,0,0,0,0,0,0,0,0,0,0,False
03322,03322,0,0,0,0,0,0,0,0,0,0,False
03323,03323,0,0,0,0,0,0,0,0,0,0,False
03324,03324,0,0,0,0,0,0,0,0,0,0,False
03325,03325,0,0,0,0,0,0,0,0,0,0,False
03326,03326,0,0,0,0,0,0,0,0,0,0,False
03327,03327,0,0,0,0,0,0,0,0,0,0,False
03328,03328,0,0,0,0,0,0,0,0,0,0,False
03329,03329,0,0,0,0,0,0,0,0,0,0,False
03330,03330,0,0,0,0,0,0,0,0,0,0,False
03331,03331,0,0,0,0,0,0,0,0,0,0,False
03332,03332,0,0,0,0,0,0,0,0,0,0,False
03333,03333,0,0,0,0,0,0,0,0,0,0,False
03334,03334,0,0,0,0,0,0,0,0,0,0,False
03335,03335,0,0,0,0,0,0,0,0,0,0,False
03336,03336,0,0,0,0,0,0,0,0,0,0,False
03337,03337,0,0,0,0,0,0,0,0,0,0,False
03338,03338,0,0,0,0,0,0,0,0,0,0,False
03339,03339,0,0,0,0,0,0,0,0,0,0,False
03340,03340,0,0,0,0,0,0,0,0,0,0,False
03341,03341,0,0,0,0,0,0,0,0,0,0,False
03342,03342,0,0,0,0,0,0,0,0,0,0,False
03343,03343,0,0,0,0,0,0,0,0,0,0,False
03344,03344,0,0,0,0,0,0,0,0,0,0,False
03345,03345,0,0,0,0,0,0,0,0,0,0,False
03346,03346,0,0,0,0,0,0,0,0,0,0,False
03347,03347,0,0,0,0,0,0,0,0,0,0,False
03348,03348,0,0,0,0,0,0,0,0,0,0,False
03349,03349,0,0,0,0,0,0,0,0,0,0,False
03350,03350,0,0,0,0,0,0,0,0,0,0,False
03351,03351,0,0,0,0,0,0,0,0,0,0,False
03352,03352,0,0,0,0,0,0,0,0,0,0,False
03353,03353,0,0,0,0,0,0,0,0,0,0,False
03354,03354,0,0,0,0,0,0,0,0,0,0,False
03355,03355,0,0,0,0,0,0,0,0,0,0,False
03356,03356,0,0,0,0,0,0,0,0,0,0,False
03357,03357,0,0,0,0,0,0,0,0,0,0,False
03358,03358,0,0,0,0,0,0,0,0,0,0,False
03359,03359,0,0,0,0,0,0,0,0,0,0,False
03360,03360,0,0,0,0,0,0,0,0,0,0,False
03361,03361,0,0,0,0,0,0,0,0,0,0,False
03362,03362,0,0,0,0,0,0,0,0,0,0,False
03363,03363,0,0,0,0,0,0,0,0,0,0,False
03364,03364,0,0,0,0,0,0,0,0,0,0,False
03365,03365,0,0,0,0,0,0,0,0,0,0,False
03366,03366,0,0,0,0,0,0,0,0,0,0,False
03367,03367,0,0,0,0,0,0,0,0,0,0,False
03368,03368,0,0,0,0,0,0,0,0,0,0,False
03369,03369,0,0,0,0,0,0,0,0,0,0,False
03370,03370,0,0,0,0,0,0,0,0,0,0,False
03371,03371,0,0,0,0,0,0,0,0,0,0,False
03372,03372,0,0,0,0,0,0,0,0,0,0,False
03373,03373,0,0,0,0,0,0,0,0,0,0,False
03374,03374,0,0,0,0,0,0,0,0,0,0,False
03375,03375,0,0,0,0,0,0,0,0,0,0,False
03376,03376,0,0,0,0,0,0,0,0,0,0,False
03377,03377,0,0,0,0,0,0,0,0,0,0,False
03378,03378,0,0,0,0,0,0,0,0,0,0,False
03379,03379,0,0,0,0,0,0,0,0,0,0,False
03380,03380,0,0,0,0,0,0,0,0,0,0,False
03381,03381,0,0,0,0,0,0,0,0,0,0,False
03382,03382,0,0,0,0,0,0,0,0,0,0,False
03383,03383,0,0,0,0,0,0,0,0,0,0,False
03384,03384,0,0,0,0,0,0,0,0,0,0,False
03385,03385,0,0,0,0,0,0,0,0,0,0,False
03386,03386,0,0,0,0,0,0,0,0,0,0,False
03387,03387,0,0,0,0,0,0,0,0,0,0,False
03388,03388,0,0,0,0,0,0,0,0,0,0,False
03389,03389,0,0,0,0,0,0,0,0,0,0,False
03390,03390,0,0,0,0,0,0,0,0,0,0,False
03391,03391,0,0,0,0,0,0,0,0,0,0,False
03392,03392,0,0,0,0,0,0,0,0,0,0,False
03393,03393,0,0,0,0,0,0,0,0,0,0,False
03394,03394,0,0,0,0,0,0,0,0,0,0,False
03395,03395,0,0,0,0,0,0,0,0,0,0,False
03396,03396,0,0,0,0,0,0,0,0,0,0,False
03397,03397,0,0,0,0,0,0,0,0,0,0,False
03398,03398,0,0,0,0,0,0,0,0,0,0,False
03399,03399,0,0,0,0,0,0,0,0,0,0,False
03400,03400,0,0,0,0,0,0,0,0,0,0,False
03401,03401,0,0,0,0,0,0,0,0,0,0,False
03402,03402,0,0,0,0,0,0,0,0,0,0,False
03403,03403,0,0,0,0,0,0,0,0,0,0,False
03404,03404,0,0,0,0,0,0,0,0,0,0,False
03405,03405,0,0,0,0,0,0,0,0,0,0,False
03406,03406,0,0,0,0,0,0,0,0,0,0,False
03407,03407,0,0,0,0,0,0,0,0,0,0,False
03408,03408,0,0,0,0,0,0,0,0,0,0,False
03409,03409,0,0,0,0,0,0,0,0,0,0,False
03410,03410,0,0,0,0,0,0,0,0,0,0,False
03411,03411,0,0,0,0,0,0,0,0,0,0,False
03412,03412,0,0,0,0,0,0,0,0,0,0,False
03413,03413,0,0,0,0,0,0,0,0,0,0,False
03414,03414,0,0,0,0,0,0,0,0,0,0,False
03415,03415,0,0,0,0,0,0,0,0,0,0,False
03416,03416,0,0,0,0,0,0,0,0,0,0,False
03417,03417,0,0,0,0,0,0,0,0,0,0,False
03418,03418,0,0,0,0,0,0,0,0,0,0,False
03419,03419,0,0,0,0,0,0,0,0,0,0,False
03420,03420,0,0,0,0,0,0,0,0,0,0,False
03421,03421,0,0,0,0,0,0,0,0,0,0,False
03422,03422,0,0,0,0,0,0,0,0,0,0,False
03423,03423,0,0,0,0,0,0,0,0,0,0,False
03424,03424,0,0,0,0,0,0,0,0,0,0,False
03425,03425,0,0,0,0,0,0,0,0,0,0,False
03426,03426,0,0,0,0,0,0,0,0,0,0,False
03427,03427,0,0,0,0,0,0,0,0,0,0,False
03428,03428,0,0,0,0,0,0,0,0,0,0,False
03429,03429,0,0,0,0,0,0,0,0,0,0,False
03430,03430,0,0,0,0,0,0,0,0,0,0,False
03431,03431,0,0,0,0,0,0,0,0,0,0,False
03432,03432,0,0,0,0,0,0,0,0,0,0,False
03433,03433,0,0,0,0,0,0,0,0,0,0,False
03434,03434,0,0,0,0,0,0,0,0,0,0,False
03435,03435,0,0,0,0,0,0,0,0,0,0,False
03436,03436,0,0,0,0,0,0,0,0,0,0,False
03437,03437,0,0,0,0,0,0,0,0,0,0,False
03438,03438,0,0,0,0,0,0,0,0,0,0,False
03439,03439,0,0,0,0,0,0,0,0,0,0,False
03440,03440,0,0,0,0,0,0,0,0,0,0,False
03441,03441,0,0,0,0,0,0,0,0,0,0,False
03442,03442,0,0,0,0,0,0,0,0,0,0,False
03443,03443,0,0,0,0,0,0,0,0,0,0,False
03444,03444,0,0,0,0,0,0,0,0,0,0,False
03445,03445,0,0,0,0,0,0,0,0,0,0,False
03446,03446,0,0,0,0,0,0,0,0,0,0,False
03447,03447,0,0,0,0,0,0,0,0,0,0,False
03448,03448,0,0,0,0,0,0,0,0,0,0,False
03449,03449,0,0,0,0,0,0,0,0,0,0,False
03450,03450,0,0,0,0,0,0,0,0,0,0,False
03451,03451,0,0,0,0,0,0,0,0,0,0,False
03452,03452,0,0,0,0,0,0,0,0,0,0,False
03453,03453,0,0,0,0,0,0,0,0,0,0,False
03454,03454,0,0,0,0,0,0,0,0,0,0,False
03455,03455,0,0,0,0,0,0,0,0,0,0,False
03456,03456,0,0,0,0,0,0,0,0,0,0,False
03457,03457,0,0,0,0,0,0,0,0,0,0,False
03458,03458,0,0,0,0,0,0,0,0,0,0,False
03459,03459,0,0,0,0,0,0,0,0,0,0,False
03460,03460,0,0,0,0,0,0,0,0,0,0,False
03461,03461,0,0,0,0,0,0,0,0,0,0,False
03462,03462,0,0,0,0,0,0,0,0,0,0,False
03463,03463,0,0,0,0,0,0,0,0,0,0,False
03464,03464,0,0,0,0,0,0,0,0,0,0,False
03465,03465,0,0,0,0,0,0,0,0,0,0,False
03466,03466,0,0,0,0,0,0,0,0,0,0,False
03467,03467,0,0,0,0,0,0,0,0,0,0,False
03468,03468,0,0,0,0,0,0,0,0,0,0,False
03469,03469,0,0,0,0,0,0,0,0,0,0,False
03470,03470,0,0,0,0,0,0,0,0,0,0,False
03471,03471,0,0,0,0,0,0,0,0,0,0,False
03472,03472,0,0,0,0,0,0,0,0,0,0,False
03473,03473,0,0,0,0,0,0,0,0,0,0,False
03474,03474,0,0,0,0,0,0,0,0,0,0,False
03475,03475,0,0,0,0,0,0,0,0,0,0,False
03476,03476,0,0,0,0,0,0,0,0,0,0,False
03477,03477,0,0,0,0,0,0,0,0,0,0,False
03478,03478,0,0,0,0,0,0,0,0,0,0,False
03479,03479,0,0,0,0,0,0,0,0,0,0,False
03480,03480,0,0,0,0,0,0,0,0,0,0,False
03481,03481,0,0,0,0,0,0,0,0,0,0,False
03482,03482,0,0,0,0,0,0,0,0,0,0,False
03483,03483,0,0,0,0,0,0,0,0,0,0,False
03484,03484,0,0,0,0,0,0,0,0,0,0,False
03485,03485,0,0,0,0,0,0,0,0,0,0,False
03486,03486,0,0,0,0,0,0,0,0,0,0,False
03487,03487,0,0,0,0,0,0,0,0,0,0,False
03488,03488,0,0,0,0,0,0,0,0,0,0,False
03489,03489,0,0,0,0,0,0,0,0,0,0,False
03490,03490,0,0,0,0,0,0,0,0,0,0,False
03491,03491,0,0,0,0,0,0,0,0,0,0,False
03492,03492,0,0,0,0,0,0,0,0,0,0,False
03493,03493,0,0,0,0,0,0,0,0,0,0,False
03494,03494,0,0,0,0,0,0,0,0,0,0,False
03495,03495,0,0,0,0,0,0,0,0,0,0,False
03496,03496,0,0,0,0,0,0,0,0,0,0,False
03497,03497,0,0,0,0,0,0,0,0,0,0,False
03498,03498,0,0,0,0,0,0,0,0,0,0,False
03499,03499,0,0,0,0,0,0,0,0,0,0,False
03500,03500,0,0,0,0,0,0,0,0,0,0,False
03501,03501,0,0,0,0,0,0,0,0,0,0,False
03502,03502,0,0,0,0,0,0,0,0,0,0,False
03503,03503,0,0,0,0,0,0,0,0,0,0,False
03504,03504,0,0,0,0,0,0,0,0,0,0,False
03505,03505,0,0,0,0,0,0,0,0,0,0,False
03506,03506,0,0,0,0,0,0,0,0,0,0,False
03507,03507,0,0,0,0,0,0,0,0,0,0,False
03508,03508,0,0,0,0,0,0,0,0,0,0,False
03509,03509,0,0,0,0,0,0,0,0,0,0,False
03510,03510,0,0,0,0,0,0,0,0,0,0,False
03511,03511,0,0,0,0,0,0,0,0,0,0,False
03512,03512,0,0,0,0,0,0,0,0,0,0,False
03513,03513,0,0,0,0,0,0,0,0,0,0,False
03514,03514,0,0,0,0,0,0,0,0,0,0,False
03515,03515,0,0,0,0,0,0,0,0,0,0,False
03516,03516,0,0,0,0,0,0,0,0,0,0,False
03517,03517,0,0,0,0,0,0,0,0,0,0,False
03518,03518,0,0,0,0,0,0,0,0,0,0,False
03519,03519,0,0,0,0,0,0,0,0,0,0,False
03520,03520,0,0,0,0,0,0,0,0,0,0,False
03521,03521,0,0,0,0,0,0,0,0,0,0,False
03522,03522,0,0,0,0,0,0,0,0,0,0,False
03523,03523,0,0,0,0,0,0,0,0,0,0,False
03524,03524,0,0,0,0,0,0,0,0,0,0,False
03525,03525,0,0,0,0,0,0,0,0,0,0,False
03526,03526,0,0,0,0,0,0,0,0,0,0,False
03527,03527,0,0,0,0,0,0,0,0,0,0,False
03528,03528,0,0,0,0,0,0,0,0,0,0,False
03529,03529,0,0,0,0,0,0,0,0,0,0,False
03530,03530,0,0,0,0,0,0,0,0,0,0,False
03531,03531,0,0,0,0,0,0,0,0,0,0,False
03532,03532,0,0,0,0,0,0,0,0,0,0,False
03533,03533,0,0,0,0,0,0,0,0,0,0,False
03534,03534,0,0,0,0,0,0,0,0,0,0,False
03535,03535,0,0,0,0,0,0,0,0,0,0,False
03536,03536,0,0,0,0,0,0,0,0,0,0,False
03537,03537,0,0,0,0,0,0,0,0,0,0,False
03538,03538,0,0,0,0,0,0,0,0,0,0,False
03539,03539,0,0,0,0,0,0,0,0,0,0,False
03540,03540,0,0,0,0,0,0,0,0,0,0,False
03541,03541,0,0,0,0,0,0,0,0,0,0,False
03542,03542,0,0,0,0,0,0,0,0,0,0,False
03543,03543,0,0,0,0,0,0,0,0,0,0,False
03544,03544,0,0,0,0,0,0,0,0,0,0,False
03545,03545,0,0,0,0,0,0,0,0,0,0,False
03546,03546,0,0,0,0,0,0,0,0,0,0,False
03547,03547,0,0,0,0,0,0,0,0,0,0,False
03548,03548,0,0,0,0,0,0,0,0,0,0,False
03549,03549,0,0,0,0,0,0,0,0,0,0,False
03550,03550,0,0,0,0,0,0,0,0,0,0,False
03551,03551,0,0,0,0,0,0,0,0,0,0,False
03552,03552,0,0,0,0,0,0,0,0,0,0,False
03553,03553,0,0,0,0,0,0,0,0,0,0,False
03554,03554,0,0,0,0,0,0,0,0,0,0,False
03555,03555,0,0,0,0,0,0,0,0,0,0,False
03556,03556,0,0,0,0,0,0,0,0,0,0,False
03557,03557,0,0,0,0,0,0,0,0,0,0,False
03558,03558,0,0,0,0,0,0,0,0,0,0,False
03559,03559,0,0,0,0,0,0,0,0,0,0,False
03560,03560,0,0,0,0,0,0,0,0,0,0,False
03561,03561,0,0,0,0,0,0,0,0,0,0,False
03562,03562,0,0,0,0,0,0,0,0,0,0,False
03563,03563,0,0,0,0,0,0,0,0,0,0,False
03564,03564,0,0,0,0,0,0,0,0,0,0,False
03565,03565,0,0,0,0,0,0,0,0,0,0,False
03566,03566,0,0,0,0,0,0,0,0,0,0,False
03567,03567,0,0,0,0,0,0,0,0,0,0,False
03568,03568,0,0,0,0,0,0,0,0,0,0,False
03569,03569,0,0,0,0,0,0,0,0,0,0,False
03570,03570,0,0,0,0,0,0,0,0,0,0,False
03571,03571,0,0,0,0,0,0,0,0,0,0,False
03572,03572,0,0,0,0,0,0,0,0,0,0,False
03573,03573,0,0,0,0,0,0,0,0,0,0,False
03574,03574,0,0,0,0,0,0,0,0,0,0,False
03575,03575,0,0,0,0,0,0,0,0,0,0,False
03576,03576,0,0,0,0,0,0,0,0,0,0,False
03577,03577,0,0,0,0,0,0,0,0,0,0,False
03578,03578,0,0,0,0,0,0,0,0,0,0,False
03579,03579,0,0,0,0,0,0,0,0,0,0,False
03580,03580,0,0,0,0,0,0,0,0,0,0,False
03581,03581,0,0,0,0,0,0,0,0,0,0,False
03582,03582,0,0,0,0,0,0,0,0,0,0,False
03583,03583,0,0,0,0,0,0,0,0,0,0,False
03584,03584,0,0,0,0,0,0,0,0,0,0,False
03585,03585,0,0,0,0,0,0,0,0,0,0,False
03586,03586,0,0,0,0,0,0,0,0,0,0,False
03587,03587,0,0,0,0,0,0,0,0,0,0,False
03588,03588,0,0,0,0,0,0,0,0,0,0,False
03589,03589,0,0,0,0,0,0,0,0,0,0,False
03590,03590,0,0,0,0,0,0,0,0,0,0,False
03591,03591,0,0,0,0,0,0,0,0,0,0,False
03592,03592,0,0,0,0,0,0,0,0,0,0,False
03593,03593,0,0,0,0,0,0,0,0,0,0,False
03594,03594,0,0,0,0,0,0,0,0,0,0,False
03595,03595,0,0,0,0,0,0,0,0,0,0,False
03596,03596,0,0,0,0,0,0,0,0,0,0,False
03597,03597,0,0,0,0,0,0,0,0,0,0,False
03598,03598,0,0,0,0,0,0,0,0,0,0,False
03599,03599,0,0,0,0,0,0,0,0,0,0,False
03600,03600,0,0,0,0,0,0,0,0,0,0,False
03601,03601,0,0,0,0,0,0,0,0,0,0,False
03602,03602,0,0,0,0,0,0,0,0,0,0,False
03603,03603,0,0,0,0,0,0,0,0,0,0,False
03604,03604,0,0,0,0,0,0,0,0,0,0,False
03605,03605,0,0,0,0,0,0,0,0,0,0,False
03606,03606,0,0,0,0,0,0,0,0,0,0,False
03607,03607,0,0,0,0,0,0,0,0,0,0,False
03608,03608,0,0,0,0,0,0,0,0,0,0,False
03609,03609,0,0,0,0,0,0,0,0,0,0,False
03610,03610,0,0,0,0,0,0,0,0,0,0,False
03611,03611,0,0,0,0,0,0,0,0,0,0,False
03612,03612,0,0,0,0,0,0,0,0,0,0,False
03613,03613,0,0,0,0,0,0,0,0,0,0,False
03614,03614,0,0,0,0,0,0,0,0,0,0,False
03615,03615,0,0,0,0,0,0,0,0,0,0,False
03616,03616,0,0,0,0,0,0,0,0,0,0,False
03617,03617,0,0,0,0,0,0,0,0,0,0,False
03618,03618,0,0,0,0,0,0,0,0,0,0,False
03619,03619,0,0,0,0,0,0,0,0,0,0,False
03620,03620,0,0,0,0,0,0,0,0,0,0,False
03621,03621,0,0,0,0,0,0,0,0,0,0,False
03622,03622,0,0,0,0,0,0,0,0,0,0,False
03623,03623,0,0,0,0,0,0,0,0,0,0,False
03624,03624,0,0,0,0,0,0,0,0,0,0,False
03625,03625,0,0,0,0,0,0,0,0,0,0,False
03626,03626,0,0,0,0,0,0,0,0,0,0,False
03627,03627,0,0,0,0,0,0,0,0,0,0,False
03628,03628,0,0,0,0,0,0,0,0,0,0,False
03629,03629,0,0,0,0,0,0,0,0,0,0,False
03630,03630,0,0,0,0,0,0,0,0,0,0,False
03631,03631,0,0,0,0,0,0,0,0,0,0,False
03632,03632,0,0,0,0,0,0,0,0,0,0,False
03633,03633,0,0,0,0,0,0,0,0,0,0,False
03634,03634,0,0,0,0,0,0,0,0,0,0,False
03635,03635,0,0,0,0,0,0,0,0,0,0,False
03636,03636,0,0,0,0,0,0,0,0,0,0,False
03637,03637,0,0,0,0,0,0,0,0,0,0,False
03638,03638,0,0,0,0,0,0,0,0,0,0,False
03639,03639,0,0,0,0,0,0,0,0,0,0,False
03640,03640,0,0,0,0,0,0,0,0,0,0,False
03641,03641,0,0,0,0,0,0,0,0,0,0,False
03642,03642,0,0,0,0,0,0,0,0,0,0,False
03643,03643,0,0,0,0,0,0,0,0,0,0,False
03644,03644,0,0,0,0,0,0,0,0,0,0,False
03645,03645,0,0,0,0,0,0,0,0,0,0,False
03646,03646,0,0,0,0,0,0,0,0,0,0,False
03647,03647,0,0,0,0,0,0,0,0,0,0,False
03648,03648,0,0,0,0,0,0,0,0,0,0,False
03649,03649,0,0,0,0,0,0,0,0,0,0,False
03650,03650,0,0,0,0,0,0,0,0,0,0,False
03651,03651,0,0,0,0,0,0,0,0,0,0,False
03652,03652,0,0,0,0,0,0,0,0,0,0,False
03653,03653,0,0,0,0,0,0,0,0,0,0,False
03654,03654,0,0,0,0,0,0,0,0,0,0,False
03655,03655,0,0,0,0,0,0,0,0,0,0,False
03656,03656,0,0,0,0,0,0,0,0,0,0,False
03657,03657,0,0,0,0,0,0,0,0,0,0,False
03658,03658,0,0,0,0,0,0,0,0,0,0,False
03659,03659,0,0,0,0,0,0,0,0,0,0,False
03660,03660,0,0,0,0,0,0,0,0,0,0,False
03661,03661,0,0,0,0,0,0,0,0,0,0,False
03662,03662,0,0,0,0,0,0,0,0,0,0,False
03663,03663,0,0,0,0,0,0,0,0,0,0,False
03664,03664,0,0,0,0,0,0,0,0,0,0,False
03665,03665,0,0,0,0,0,0,0,0,0,0,False
03666,03666,0,0,0,0,0,0,0,0,0,0,False
03667,03667,0,0,0,0,0,0,0,0,0,0,False
03668,03668,0,0,0,0,0,0,0,0,0,0,False
03669,03669,0,0,0,0,0,0,0,0,0,0,False
03670,03670,0,0,0,0,0,0,0,0,0,0,False
03671,03671,0,0,0,0,0,0,0,0,0,0,False
03672,03672,0,0,0,0,0,0,0,0,0,0,False
03673,03673,0,0,0,0,0,0,0,0,0,0,False
03674,03674,0,0,0,0,0,0,0,0,0,0,False
03675,03675,0,0,0,0,0,0,0,0,0,0,False
03676,03676,0,0,0,0,0,0,0,0,0,0,False
03677,03677,0,0,0,0,0,0,0,0,0,0,False
03678,03678,0,0,0,0,0,0,0,0,0,0,False
03679,03679,0,0,0,0,0,0,0,0,0,0,False
03680,03680,0,0,0,0,0,0,0,0,0,0,False
03681,03681,0,0,0,0,0,0,0,0,0,0,False
03682,03682,0,0,0,0,0,0,0,0,0,0,False
03683,03683,0,0,0,0,0,0,0,0,0,0,False
03684,03684,0,0,0,0,0,0,0,0,0,0,False
03685,03685,0,0,0,0,0,0,0,0,0,0,False
03686,03686,0,0,0,0,0,0,0,0,0,0,False
03687,03687,0,0,0,0,0,0,0,0,0,0,False
03688,03688,0,0,0,0,0,0,0,0,0,0,False
03689,03689,0,0,0,0,0,0,0,0,0,0,False
03690,03690,0,0,0,0,0,0,0,0,0,0,False
03691,03691,0,0,0,0,0,0,0,0,0,0,False
03692,03692,0,0,0,0,0,0,0,0,0,0,False
03693,03693,0,0,0,0,0,0,0,0,0,0,False
03694,03694,0,0,0,0,0,0,0,0,0,0,False
03695,03695,0,0,0,0,0,0,0,0,0,0,False
03696,03696,0,0,0,0,0,0,0,0,0,0,False
03697,03697,0,0,0,0,0,0,0,0,0,0,False
03698,03698,0,0,0,0,0,0,0,0,0,0,False
03699,03699,0,0,0,0,0,0,0,0,0,0,False
03700,03700,0,0,0,0,0,0,0,0,0,0,False
03701,03701,0,0,0,0,0,0,0,0,0,0,False
03702,03702,0,0,0,0,0,0,0,0,0,0,False
03703,03703,0,0,0,0,0,0,0,0,0,0,False
03704,03704,0,0,0,0,0,0,0,0,0,0,False
03705,03705,0,0,0,0,0,0,0,0,0,0,False
03706,03706,0,0,0,0,0,0,0,0,0,0,False
03707,03707,0,0,0,0,0,0,0,0,0,0,False
03708,03708,0,0,0,0,0,0,0,0,0,0,False
03709,03709,0,0,0,0,0,0,0,0,0,0,False
03710,03710,0,0,0,0,0,0,0,0,0,0,False
03711,03711,0,0,0,0,0,0,0,0,0,0,False
03712,03712,0,0,0,0,0,0,0,0,0,0,False
03713,03713,0,0,0,0,0,0,0,0,0,0,False
03714,03714,0,0,0,0,0,0,0,0,0,0,False
03715,03715,0,0,0,0,0,0,0,0,0,0,False
03716,03716,0,0,0,0,0,0,0,0,0,0,False
03717,03717,0,0,0,0,0,0,0,0,0,0,False
03718,03718,0,0,0,0,0,0,0,0,0,0,False
03719,03719,0,0,0,0,0,0,0,0,0,0,False
03720,03720,0,0,0,0,0,0,0,0,0,0,False
03721,03721,0,0,0,0,0,0,0,0,0,0,False
03722,03722,0,0,0,0,0,0,0,0,0,0,False
03723,03723,0,0,0,0,0,0,0,0,0,0,False
03724,03724,0,0,0,0,0,0,0,0,0,0,False
03725,03725,0,0,0,0,0,0,0,0,0,0,False
03726,03726,0,0,0,0,0,0,0,0,0,0,False
03727,03727,0,0,0,0,0,0,0,0,0,0,False
03728,03728,0,0,0,0,0,0,0,0,0,0,False
03729,03729,0,0,0,0,0,0,0,0,0,0,False
03730,03730,0,0,0,0,0,0,0,0,0,0,False
03731,03731,0,0,0,0,0,0,0,0,0,0,False
03732,03732,0,0,0,0,0,0,0,0,0,0,False
03733,03733,0,0,0,0,0,0,0,0,0,0,False
03734,03734,0,0,0,0,0,0,0,0,0,0,False
03735,03735,0,0,0,0,0,0,0,0,0,0,False
03736,03736,0,0,0,0,0,0,0,0,0,0,False
03737,03737,0,0,0,0,0,0,0,0,0,0,False
03738,03738,0,0,0,0,0,0,0,0,0,0,False
03739,03739,0,0,0,0,0,0,0,0,0,0,False
03740,03740,0,0,0,0,0,0,0,0,0,0,False
03741,03741,0,0,0,0,0,0,0,0,0,0,False
03742,03742,0,0,0,0,0,0,0,0,0,0,False
03743,03743,0,0,0,0,0,0,0,0,0,0,False
03744,03744,0,0,0,0,0,0,0,0,0,0,False
03745,03745,0,0,0,0,0,0,0,0,0,0,False
03746,03746,0,0,0,0,0,0,0,0,0,0,False
03747,03747,0,0,0,0,0,0,0,0,0,0,False
03748,03748,0,0,0,0,0,0,0,0,0,0,False
03749,03749,0,0,0,0,0,0,0,0,0,0,False
03750,03750,0,0,0,0,0,0,0,0,0,0,False
03751,03751,0,0,0,0,0,0,0,0,0,0,False
03752,03752,0,0,0,0,0,0,0,0,0,0,False
03753,03753,0,0,0,0,0,0,0,0,0,0,False
03754,03754,0,0,0,0,0,0,0,0,0,0,False
03755,03755,0,0,0,0,0,0,0,0,0,0,False
03756,03756,0,0,0,0,0,0,0,0,0,0,False
03757,03757,0,0,0,0,0,0,0,0,0,0,False
03758,03758,0,0,0,0,0,0,0,0,0,0,False
03759,03759,0,0,0,0,0,0,0,0,0,0,False
03760,03760,0,0,0,0,0,0,0,0,0,0,False
03761,03761,0,0,0,0,0,0,0,0,0,0,False
03762,03762,0,0,0,0,0,0,0,0,0,0,False
03763,03763,0,0,0,0,0,0,0,0,0,0,False
03764,03764,0,0,0,0,0,0,0,0,0,0,False
03765,03765,0,0,0,0,0,0,0,0,0,0,False
03766,03766,0,0,0,0,0,0,0,0,0,0,False
03767,03767,0,0,0,0,0,0,0,0,0,0,False
03768,03768,0,0,0,0,0,0,0,0,0,0,False
03769,03769,0,0,0,0,0,0,0,0,0,0,False
03770,03770,0,0,0,0,0,0,0,0,0,0,False
03771,03771,0,0,0,0,0,0,0,0,0,0,False
03772,03772,0,0,0,0,0,0,0,0,0,0,False
03773,03773,0,0,0,0,0,0,0,0,0,0,False
03774,03774,0,0,0,0,0,0,0,0,0,0,False
03775,03775,0,0,0,0,0,0,0,0,0,0,False
03776,03776,0,0,0,0,0,0,0,0,0,0,False
03777,03777,0,0,0,0,0,0,0,0,0,0,False
03778,03778,0,0,0,0,0,0,0,0,0,0,False
03779,03779,0,0,0,0,0,0,0,0,0,0,False
03780,03780,0,0,0,0,0,0,0,0,0,0,False
03781,03781,0,0,0,0,0,0,0,0,0,0,False
03782,03782,0,0,0,0,0,0,0,0,0,0,False
03783,03783,0,0,0,0,0,0,0,0,0,0,False
03784,03784,0,0,0,0,0,0,0,0,0,0,False
03785,03785,0,0,0,0,0,0,0,0,0,0,False
03786,03786,0,0,0,0,0,0,0,0,0,0,False
03787,03787,0,0,0,0,0,0,0,0,0,0,False
03788,03788,0,0,0,0,0,0,0,0,0,0,False
03789,03789,0,0,0,0,0,0,0,0,0,0,False
03790,03790,0,0,0,0,0,0,0,0,0,0,False
03791,03791,0,0,0,0,0,0,0,0,0,0,False
03792,03792,0,0,0,0,0,0,0,0,0,0,False
03793,03793,0,0,0,0,0,0,0,0,0,0,False
03794,03794,0,0,0,0,0,0,0,0,0,0,False
03795,03795,0,0,0,0,0,0,0,0,0,0,False
03796,03796,0,0,0,0,0,0,0,0,0,0,False
03797,03797,0,0,0,0,0,0,0,0,0,0,False
03798,03798,0,0,0,0,0,0,0,0,0,0,False
03799,03799,0,0,0,0,0,0,0,0,0,0,False
03800,03800,0,0,0,0,0,0,0,0,0,0,False
03801,03801,0,0,0,0,0,0,0,0,0,0,False
03802,03802,0,0,0,0,0,0,0,0,0,0,False
03803,03803,0,0,0,0,0,0,0,0,0,0,False
03804,03804,0,0,0,0,0,0,0,0,0,0,False
03805,03805,0,0,0,0,0,0,0,0,0,0,False
03806,03806,0,0,0,0,0,0,0,0,0,0,False
03807,03807,0,0,0,0,0,0,0,0,0,0,False
03808,03808,0,0,0,0,0,0,0,0,0,0,False
03809,03809,0,0,0,0,0,0,0,0,0,0,False
03810,03810,0,0,0,0,0,0,0,0,0,0,False
03811,03811,0,0,0,0,0,0,0,0,0,0,False
03812,03812,0,0,0,0,0,0,0,0,0,0,False
03813,03813,0,0,0,0,0,0,0,0,0,0,False
03814,03814,0,0,0,0,0,0,0,0,0,0,False
03815,03815,0,0,0,0,0,0,0,0,0,0,False
03816,03816,0,0,0,0,0,0,0,0,0,0,False
03817,03817,0,0,0,0,0,0,0,0,0,0,False
03818,03818,0,0,0,0,0,0,0,0,0,0,False
03819,03819,0,0,0,0,0,0,0,0,0,0,False
03820,03820,0,0,0,0,0,0,0,0,0,0,False
03821,03821,0,0,0,0,0,0,0,0,0,0,False
03822,03822,0,0,0,0,0,0,0,0,0,0,False
03823,03823,0,0,0,0,0,0,0,0,0,0,False
03824,03824,0,0,0,0,0,0,0,0,0,0,False
03825,03825,0,0,0,0,0,0,0,0,0,0,False
03826,03826,0,0,0,0,0,0,0,0,0,0,False
03827,03827,0,0,0,0,0,0,0,0,0,0,False
03828,03828,0,0,0,0,0,0,0,0,0,0,False
03829,03829,0,0,0,0,0,0,0,0,0,0,False
03830,03830,0,0,0,0,0,0,0,0,0,0,False
03831,03831,0,0,0,0,0,0,0,0,0,0,False
03832,03832,0,0,0,0,0,0,0,0,0,0,False
03833,03833,0,0,0,0,0,0,0,0,0,0,False
03834,03834,0,0,0,0,0,0,0,0,0,0,False
03835,03835,0,0,0,0,0,0,0,0,0,0,False
03836,03836,0,0,0,0,0,0,0,0,0,0,False
03837,03837,0,0,0,0,0,0,0,0,0,0,False
03838,03838,0,0,0,0,0,0,0,0,0,0,False
03839,03839,0,0,0,0,0,0,0,0,0,0,False
03840,03840,0,0,0,0,0,0,0,0,0,0,False
03841,03841,0,0,0,0,0,0,0,0,0,0,False
03842,03842,0,0,0,0,0,0,0,0,0,0,False
03843,03843,0,0,0,0,0,0,0,0,0,0,False
03844,03844,0,0,0,0,0,0,0,0,0,0,False
03845,03845,0,0,0,0,0,0,0,0,0,0,False
03846,03846,0,0,0,0,0,0,0,0,0,0,False
03847,03847,0,0,0,0,0,0,0,0,0,0,False
03848,03848,0,0,0,0,0,0,0,0,0,0,False
03849,03849,0,0,0,0,0,0,0,0,0,0,False
03850,03850,0,0,0,0,0,0,0,0,0,0,False
03851,03851,0,0,0,0,0,0,0,0,0,0,False
03852,03852,0,0,0,0,0,0,0,0,0,0,False
03853,03853,0,0,0,0,0,0,0,0,0,0,False
03854,03854,0,0,0,0,0,0,0,0,0,0,False
03855,03855,0,0,0,0,0,0,0,0,0,0,False
03856,03856,0,0,0,0,0,0,0,0,0,0,False
03857,03857,0,0,0,0,0,0,0,0,0,0,False
03858,03858,0,0,0,0,0,0,0,0,0,0,False
03859,03859,0,0,0,0,0,0,0,0,0,0,False
03860,03860,0,0,0,0,0,0,0,0,0,0,False
03861,03861,0,0,0,0,0,0,0,0,0,0,False
03862,03862,0,0,0,0,0,0,0,0,0,0,False
03863,03863,0,0,0,0,0,0,0,0,0,0,False
03864,03864,0,0,0,0,0,0,0,0,0,0,False
03865,03865,0,0,0,0,0,0,0,0,0,0,False
03866,03866,0,0,0,0,0,0,0,0,0,0,False
03867,03867,0,0,0,0,0,0,0,0,0,0,False
03868,03868,0,0,0,0,0,0,0,0,0,0,False
03869,03869,0,0,0,0,0,0,0,0,0,0,False
03870,03870,0,0,0,0,0,0,0,0,0,0,False
03871,03871,0,0,0,0,0,0,0,0,0,0,False
03872,03872,0,0,0,0,0,0,0,0,0,0,False
03873,03873,0,0,0,0,0,0,0,0,0,0,False
03874,03874,0,0,0,0,0,0,0,0,0,0,False
03875,03875,0,0,0,0,0,0,0,0,0,0,False
03876,03876,0,0,0,0,0,0,0,0,0,0,False
03877,03877,0,0,0,0,0,0,0,0,0,0,False
03878,03878,0,0,0,0,0,0,0,0,0,0,False
03879,03879,0,0,0,0,0,0,0,0,0,0,False
03880,03880,0,0,0,0,0,0,0,0,0,0,False
03881,03881,0,0,0,0,0,0,0,0,0,0,False
03882,03882,0,0,0,0,0,0,0,0,0,0,False
03883,03883,0,0,0,0,0,0,0,0,0,0,False
03884,03884,0,0,0,0,0,0,0,0,0,0,False
03885,03885,0,0,0,0,0,0,0,0,0,0,False
03886,03886,0,0,0,0,0,0,0,0,0,0,False
03887,03887,0,0,0,0,0,0,0,0,0,0,False
03888,03888,0,0,0,0,0,0,0,0,0,0,False
03889,03889,0,0,0,0,0,0,0,0,0,0,False
03890,03890,0,0,0,0,0,0,0,0,0,0,False
03891,03891,0,0,0,0,0,0,0,0,0,0,False
03892,03892,0,0,0,0,0,0,0,0,0,0,False
03893,03893,0,0,0,0,0,0,0,0,0,0,False
03894,03894,0,0,0,0,0,0,0,0,0,0,False
03895,03895,0,0,0,0,0,0,0,0,0,0,False
03896,03896,0,0,0,0,0,0,0,0,0,0,False
03897,03897,0,0,0,0,0,0,0,0,0,0,False
03898,03898,0,0,0,0,0,0,0,0,0,0,False
03899,03899,0,0,0,0,0,0,0,0,0,0,False
03900,03900,0,0,0,0,0,0,0,0,0,0,False
03901,03901,0,0,0,0,0,0,0,0,0,0,False
03902,03902,0,0,0,0,0,0,0,0,0,0,False
03903,03903,0,0,0,0,0,0,0,0,0,0,False
03904,03904,0,0,0,0,0,0,0,0,0,0,False
03905,03905,0,0,0,0,0,0,0,0,0,0,False
03906,03906,0,0,0,0,0,0,0,0,0,0,False
03907,03907,0,0,0,0,0,0,0,0,0,0,False
03908,03908,0,0,0,0,0,0,0,0,0,0,False
03909,03909,0,0,0,0,0,0,0,0,0,0,False
03910,03910,0,0,0,0,0,0,0,0,0,0,False
03911,03911,0,0,0,0,0,0,0,0,0,0,False
03912,03912,0,0,0,0,0,0,0,0,0,0,False
03913,03913,0,0,0,0,0,0,0,0,0,0,False
03914,03914,0,0,0,0,0,0,0,0,0,0,False
03915,03915,0,0,0,0,0,0,0,0,0,0,False
03916,03916,0,0,0,0,0,0,0,0,0,0,False
03917,03917,0,0,0,0,0,0,0,0,0,0,False
03918,03918,0,0,0,0,0,0,0,0,0,0,False
03919,03919,0,0,0,0,0,0,0,0,0,0,False
03920,03920,0,0,0,0,0,0,0,0,0,0,False
03921,03921,0,0,0,0,0,0,0,0,0,0,False
03922,03922,0,0,0,0,0,0,0,0,0,0,False
03923,03923,0,0,0,0,0,0,0,0,0,0,False
03924,03924,0,0,0,0,0,0,0,0,0,0,False
03925,03925,0,0,0,0,0,0,0,0,0,0,False
03926,03926,0,0,0,0,0,0,0,0,0,0,False
03927,03927,0,0,0,0,0,0,0,0,0,0,False
03928,03928,0,0,0,0,0,0,0,0,0,0,False
03929,03929,0,0,0,0,0,0,0,0,0,0,False
03930,03930,0,0,0,0,0,0,0,0,0,0,False
03931,03931,0,0,0,0,0,0,0,0,0,0,False
03932,03932,0,0,0,0,0,0,0,0,0,0,False
03933,03933,0,0,0,0,0,0,0,0,0,0,False
03934,03934,0,0,0,0,0,0,0,0,0,0,False
03935,03935,0,0,0,0,0,0,0,0,0,0,False
03936,03936,0,0,0,0,0,0,0,0,0,0,False
03937,03937,0,0,0,0,0,0,0,0,0,0,False
03938,03938,0,0,0,0,0,0,0,0,0,0,False
03939,03939,0,0,0,0,0,0,0,0,0,0,False
03940,03940,0,0,0,0,0,0,0,0,0,0,False
03941,03941,0,0,0,0,0,0,0,0,0,0,False
03942,03942,0,0,0,0,0,0,0,0,0,0,False
03943,03943,0,0,0,0,0,0,0,0,0,0,False
03944,03944,0,0,0,0,0,0,0,0,0,0,False
03945,03945,0,0,0,0,0,0,0,0,0,0,False
03946,03946,0,0,0,0,0,0,0,0,0,0,False
03947,03947,0,0,0,0,0,0,0,0,0,0,False
03948,03948,0,0,0,0,0,0,0,0,0,0,False
03949,03949,0,0,0,0,0,0,0,0,0,0,False
03950,03950,0,0,0,0,0,0,0,0,0,0,False
03951,03951,0,0,0,0,0,0,0,0,0,0,False
03952,03952,0,0,0,0,0,0,0,0,0,0,False
03953,03953,0,0,0,0,0,0,0,0,0,0,False
03954,03954,0,0,0,0,0,0,0,0,0,0,False
03955,03955,0,0,0,0,0,0,0,0,0,0,False
03956,03956,0,0,0,0,0,0,0,0,0,0,False
03957,03957,0,0,0,0,0,0,0,0,0,0,False
03958,03958,0,0,0,0,0,0,0,0,0,0,False
03959,03959,0,0,0,0,0,0,0,0,0,0,False
03960,03960,0,0,0,0,0,0,0,0,0,0,False
03961,03961,0,0,0,0,0,0,0,0,0,0,False
03962,03962,0,0,0,0,0,0,0,0,0,0,False
03963,03963,0,0,0,0,0,0,0,0,0,0,False
03964,03964,0,0,0,0,0,0,0,0,0,0,False
03965,03965,0,0,0,0,0,0,0,0,0,0,False
03966,03966,0,0,0,0,0,0,0,0,0,0,False
03967,03967,0,0,0,0,0,0,0,0,0,0,False
03968,03968,0,0,0,0,0,0,0,0,0,0,False
03969,03969,0,0,0,0,0,0,0,0,0,0,False
03970,03970,0,0,0,0,0,0,0,0,0,0,False
03971,03971,0,0,0,0,0,0,0,0,0,0,False
03972,03972,0,0,0,0,0,0,0,0,0,0,False
03973,03973,0,0,0,0,0,0,0,0,0,0,False
03974,03974,0,0,0,0,0,0,0,0,0,0,False
03975,03975,0,0,0,0,0,0,0,0,0,0,False
03976,03976,0,0,0,0,0,0,0,0,0,0,False
03977,03977,0,0,0,0,0,0,0,0,0,0,False
03978,03978,0,0,0,0,0,0,0,0,0,0,False
03979,03979,0,0,0,0,0,0,0,0,0,0,False
03980,03980,0,0,0,0,0,0,0,0,0,0,False
03981,03981,0,0,0,0,0,0,0,0,0,0,False
03982,03982,0,0,0,0,0,0,0,0,0,0,False
03983,03983,0,0,0,0,0,0,0,0,0,0,False
03984,03984,0,0,0,0,0,0,0,0,0,0,False
03985,03985,0,0,0,0,0,0,0,0,0,0,False
03986,03986,0,0,0,0,0,0,0,0,0,0,False
03987,03987,0,0,0,0,0,0,0,0,0,0,False
03988,03988,0,0,0,0,0,0,0,0,0,0,False
03989,03989,0,0,0,0,0,0,0,0,0,0,False
03990,03990,0,0,0,0,0,0,0,0,0,0,False
03991,03991,0,0,0,0,0,0,0,0,0,0,False
03992,03992,0,0,0,0,0,0,0,0,0,0,False
03993,03993,0,0,0,0,0,0,0,0,0,0,False
03994,03994,0,0,0,0,0,0,0,0,0,0,False
03995,03995,0,0,0,0,0,0,0,0,0,0,False
03996,03996,0,0,0,0,0,0,0,0,0,0,False
03997,03997,0,0,0,0,0,0,0,0,0,0,False
03998,03998,0,0,0,0,0,0,0,0,0,0,False
03999,03999,0,0,0,0,0,0,0,0,0,0,False
04000,04000,0,0,0,0,0,0,0,0,0,0,False
04001,04001,0,0,0,0,0,0,0,0,0,0,False
04002,04002,0,0,0,0,0,0,0,0,0,0,False
04003,04003,0,0,0,0,0,0,0,0,0,0,False
04004,04004,0,0,0,0,0,0,0,0,0,0,False
04005,04005,0,0,0,0,0,0,0,0,0,0,False
04006,04006,0,0,0,0,0,0,0,0,0,0,False
04007,04007,0,0,0,0,0,0,0,0,0,0,False
04008,04008,0,0,0,0,0,0,0,0,0,0,False
04009,04009,0,0,0,0,0,0,0,0,0,0,False
04010,04010,0,0,0,0,0,0,0,0,0,0,False
04011,04011,0,0,0,0,0,0,0,0,0,0,False
04012,04012,0,0,0,0,0,0,0,0,0,0,False
04013,04013,0,0,0,0,0,0,0,0,0,0,False
04014,04014,0,0,0,0,0,0,0,0,0,0,False
04015,04015,0,0,0,0,0,0,0,0,0,0,False
04016,04016,0,0,0,0,0,0,0,0,0,0,False
04017,04017,0,0,0,0,0,0,0,0,0,0,False
04018,04018,0,0,0,0,0,0,0,0,0,0,False
04019,04019,0,0,0,0,0,0,0,0,0,0,False
04020,04020,0,0,0,0,0,0,0,0,0,0,False
04021,04021,0,0,0,0,0,0,0,0,0,0,False
04022,04022,0,0,0,0,0,0,0,0,0,0,False
04023,04023,0,0,0,0,0,0,0,0,0,0,False
04024,04024,0,0,0,0,0,0,0,0,0,0,False
04025,04025,0,0,0,0,0,0,0,0,0,0,False
04026,04026,0,0,0,0,0,0,0,0,0,0,False
04027,04027,0,0,0,0,0,0,0,0,0,0,False
04028,04028,0,0,0,0,0,0,0,0,0,0,False
04029,04029,0,0,0,0,0,0,0,0,0,0,False
04030,04030,0,0,0,0,0,0,0,0,0,0,False
04031,04031,0,0,0,0,0,0,0,0,0,0,False
04032,04032,0,0,0,0,0,0,0,0,0,0,False
04033,04033,0,0,0,0,0,0,0,0,0,0,False
04034,04034,0,0,0,0,0,0,0,0,0,0,False
04035,04035,0,0,0,0,0,0,0,0,0,0,False
04036,04036,0,0,0,0,0,0,0,0,0,0,False
04037,04037,0,0,0,0,0,0,0,0,0,0,False
04038,04038,0,0,0,0,0,0,0,0,0,0,False
04039,04039,0,0,0,0,0,0,0,0,0,0,False
04040,04040,0,0,0,0,0,0,0,0,0,0,False
04041,04041,0,0,0,0,0,0,0,0,0,0,False
04042,04042,0,0,0,0,0,0,0,0,0,0,False
04043,04043,0,0,0,0,0,0,0,0,0,0,False
04044,04044,0,0,0,0,0,0,0,0,0,0,False
04045,04045,0,0,0,0,0,0,0,0,0,0,False
04046,04046,0,0,0,0,0,0,0,0,0,0,False
04047,04047,0,0,0,0,0,0,0,0,0,0,False
04048,04048,0,0,0,0,0,0,0,0,0,0,False
04049,04049,0,0,0,0,0,0,0,0,0,0,False
04050,04050,0,0,0,0,0,0,0,0,0,0,False
04051,04051,0,0,0,0,0,0,0,0,0,0,False
04052,04052,0,0,0,0,0,0,0,0,0,0,False
04053,04053,0,0,0,0,0,0,0,0,0,0,False
04054,04054,0,0,0,0,0,0,0,0,0,0,False
04055,04055,0,0,0,0,0,0,0,0,0,0,False
04056,04056,0,0,0,0,0,0,0,0,0,0,False
04057,04057,0,0,0,0,0,0,0,0,0,0,False
04058,04058,0,0,0,0,0,0,0,0,0,0,False
04059,04059,0,0,0,0,0,0,0,0,0,0,False
04060,04060,0,0,0,0,0,0,0,0,0,0,False
04061,04061,0,0,0,0,0,0,0,0,0,0,False
04062,04062,0,0,0,0,0,0,0,0,0,0,False
04063,04063,0,0,0,0,0,0,0,0,0,0,False
04064,04064,0,0,0,0,0,0,0,0,0,0,False
04065,04065,0,0,0,0,0,0,0,0,0,0,False
04066,04066,0,0,0,0,0,0,0,0,0,0,False
04067,04067,0,0,0,0,0,0,0,0,0,0,False
04068,04068,0,0,0,0,0,0,0,0,0,0,False
04069,04069,0,0,0,0,0,0,0,0,0,0,False
04070,04070,0,0,0,0,0,0,0,0,0,0,False
04071,04071,0,0,0,0,0,0,0,0,0,0,False
04072,04072,0,0,0,0,0,0,0,0,0,0,False
04073,04073,0,0,0,0,0,0,0,0,0,0,False
04074,04074,0,0,0,0,0,0,0,0,0,0,False
04075,04075,0,0,0,0,0,0,0,0,0,0,False
04076,04076,0,0,0,0,0,0,0,0,0,0,False
04077,04077,0,0,0,0,0,0,0,0,0,0,False
04078,04078,0,0,0,0,0,0,0,0,0,0,False
04079,04079,0,0,0,0,0,0,0,0,0,0,False
04080,04080,0,0,0,0,0,0,0,0,0,0,False
04081,04081,0,0,0,0,0,0,0,0,0,0,False
04082,04082,0,0,0,0,0,0,0,0,0,0,False
04083,04083,0,0,0,0,0,0,0,0,0,0,False
04084,04084,0,0,0,0,0,0,0,0,0,0,False
04085,04085,0,0,0,0,0,0,0,0,0,0,False
04086,04086,0,0,0,0,0,0,0,0,0,0,False
04087,04087,0,0,0,0,0,0,0,0,0,0,False
04088,04088,0,0,0,0,0,0,0,0,0,0,False
04089,04089,0,0,0,0,0,0,0,0,0,0,False
04090,04090,0,0,0,0,0,0,0,0,0,0,False
04091,04091,0,0,0,0,0,0,0,0,0,0,False
04092,04092,0,0,0,0,0,0,0,0,0,0,False
04093,04093,0,0,0,0,0,0,0,0,0,0,False
04094,04094,0,0,0,0,0,0,0,0,0,0,False
04095,04095,0,0,0,0,0,0,0,0,0,0,False
04096,04096,0,0,0,0,0,0,0,0,0,0,False
04097,04097,0,0,0,0,0,0,0,0,0,0,False
04098,04098,0,0,0,0,0,0,0,0,0,0,False
04099,04099,0,0,0,0,0,0,0,0,0,0,False
04100,04100,0,0,0,0,0,0,0,0,0,0,False
04101,04101,0,0,0,0,0,0,0,0,0,0,False
04102,04102,0,0,0,0,0,0,0,0,0,0,False
04103,04103,0,0,0,0,0,0,0,0,0,0,False
04104,04104,0,0,0,0,0,0,0,0,0,0,False
04105,04105,0,0,0,0,0,0,0,0,0,0,False
04106,04106,0,0,0,0,0,0,0,0,0,0,False
04107,04107,0,0,0,0,0,0,0,0,0,0,False
04108,04108,0,0,0,0,0,0,0,0,0,0,False
04109,04109,0,0,0,0,0,0,0,0,0,0,False
04110,04110,0,0,0,0,0,0,0,0,0,0,False
04111,04111,0,0,0,0,0,0,0,0,0,0,False
04112,04112,0,0,0,0,0,0,0,0,0,0,False
04113,04113,0,0,0,0,0,0,0,0,0,0,False
04114,04114,0,0,0,0,0,0,0,0,0,0,False
04115,04115,0,0,0,0,0,0,0,0,0,0,False
04116,04116,0,0,0,0,0,0,0,0,0,0,False
04117,04117,0,0,0,0,0,0,0,0,0,0,False
04118,04118,0,0,0,0,0,0,0,0,0,0,False
04119,04119,0,0,0,0,0,0,0,0,0,0,False
04120,04120,0,0,0,0,0,0,0,0,0,0,False
04121,04121,0,0,0,0,0,0,0,0,0,0,False
04122,04122,0,0,0,0,0,0,0,0,0,0,False
04123,04123,0,0,0,0,0,0,0,0,0,0,False
04124,04124,0,0,0,0,0,0,0,0,0,0,False
04125,04125,0,0,0,0,0,0,0,0,0,0,False
04126,04126,0,0,0,0,0,0,0,0,0,0,False
04127,04127,0,0,0,0,0,0,0,0,0,0,False
04128,04128,0,0,0,0,0,0,0,0,0,0,False
04129,04129,0,0,0,0,0,0,0,0,0,0,False
04130,04130,0,0,0,0,0,0,0,0,0,0,False
04131,04131,0,0,0,0,0,0,0,0,0,0,False
04132,04132,0,0,0,0,0,0,0,0,0,0,False
04133,04133,0,0,0,0,0,0,0,0,0,0,False
04134,04134,0,0,0,0,0,0,0,0,0,0,False
04135,04135,0,0,0,0,0,0,0,0,0,0,False
04136,04136,0,0,0,0,0,0,0,0,0,0,False
04137,04137,0,0,0,0,0,0,0,0,0,0,False
04138,04138,0,0,0,0,0,0,0,0,0,0,False
04139,04139,0,0,0,0,0,0,0,0,0,0,False
04140,04140,0,0,0,0,0,0,0,0,0,0,False
04141,04141,0,0,0,0,0,0,0,0,0,0,False
04142,04142,0,0,0,0,0,0,0,0,0,0,False
04143,04143,0,0,0,0,0,0,0,0,0,0,False
04144,04144,0,0,0,0,0,0,0,0,0,0,False
04145,04145,0,0,0,0,0,0,0,0,0,0,False
04146,04146,0,0,0,0,0,0,0,0,0,0,False
04147,04147,0,0,0,0,0,0,0,0,0,0,False
04148,04148,0,0,0,0,0,0,0,0,0,0,False
04149,04149,0,0,0,0,0,0,0,0,0,0,False
04150,04150,0,0,0,0,0,0,0,0,0,0,False
04151,04151,0,0,0,0,0,0,0,0,0,0,False
04152,04152,0,0,0,0,0,0,0,0,0,0,False
04153,04153,0,0,0,0,0,0,0,0,0,0,False
04154,04154,0,0,0,0,0,0,0,0,0,0,False
04155,04155,0,0,0,0,0,0,0,0,0,0,False
04156,04156,0,0,0,0,0,0,0,0,0,0,False
04157,04157,0,0,0,0,0,0,0,0,0,0,False
04158,04158,0,0,0,0,0,0,0,0,0,0,False
04159,04159,0,0,0,0,0,0,0,0,0,0,False
04160,04160,0,0,0,0,0,0,0,0,0,0,False
04161,04161,0,0,0,0,0,0,0,0,0,0,False
04162,04162,0,0,0,0,0,0,0,0,0,0,False
04163,04163,0,0,0,0,0,0,0,0,0,0,False
04164,04164,0,0,0,0,0,0,0,0,0,0,False
04165,04165,0,0,0,0,0,0,0,0,0,0,False
04166,04166,0,0,0,0,0,0,0,0,0,0,False
04167,04167,0,0,0,0,0,0,0,0,0,0,False
04168,04168,0,0,0,0,0,0,0,0,0,0,False
04169,04169,0,0,0,0,0,0,0,0,0,0,False
04170,04170,0,0,0,0,0,0,0,0,0,0,False
04171,04171,0,0,0,0,0,0,0,0,0,0,False
04172,04172,0,0,0,0,0,0,0,0,0,0,False
04173,04173,0,0,0,0,0,0,0,0,0,0,False
04174,04174,0,0,0,0,0,0,0,0,0,0,False
04175,04175,0,0,0,0,0,0,0,0,0,0,False
04176,04176,0,0,0,0,0,0,0,0,0,0,False
04177,04177,0,0,0,0,0,0,0,0,0,0,False
04178,04178,0,0,0,0,0,0,0,0,0,0,False
04179,04179,0,0,0,0,0,0,0,0,0,0,False
04180,04180,0,0,0,0,0,0,0,0,0,0,False
04181,04181,0,0,0,0,0,0,0,0,0,0,False
04182,04182,0,0,0,0,0,0,0,0,0,0,False
04183,04183,0,0,0,0,0,0,0,0,0,0,False
04184,04184,0,0,0,0,0,0,0,0,0,0,False
04185,04185,0,0,0,0,0,0,0,0,0,0,False
04186,04186,0,0,0,0,0,0,0,0,0,0,False
04187,04187,0,0,0,0,0,0,0,0,0,0,False
04188,04188,0,0,0,0,0,0,0,0,0,0,False
04189,04189,0,0,0,0,0,0,0,0,0,0,False
04190,04190,0,0,0,0,0,0,0,0,0,0,False
04191,04191,0,0,0,0,0,0,0,0,0,0,False
04192,04192,0,0,0,0,0,0,0,0,0,0,False
04193,04193,0,0,0,0,0,0,0,0,0,0,False
04194,04194,0,0,0,0,0,0,0,0,0,0,False
04195,04195,0,0,0,0,0,0,0,0,0,0,False
04196,04196,0,0,0,0,0,0,0,0,0,0,False
04197,04197,0,0,0,0,0,0,0,0,0,0,False
04198,04198,0,0,0,0,0,0,0,0,0,0,False
04199,04199,0,0,0,0,0,0,0,0,0,0,False
04200,04200,0,0,0,0,0,0,0,0,0,0,False
04201,04201,0,0,0,0,0,0,0,0,0,0,False
04202,04202,0,0,0,0,0,0,0,0,0,0,False
04203,04203,0,0,0,0,0,0,0,0,0,0,False
04204,04204,0,0,0,0,0,0,0,0,0,0,False
04205,04205,0,0,0,0,0,0,0,0,0,0,False
04206,04206,0,0,0,0,0,0,0,0,0,0,False
04207,04207,0,0,0,0,0,0,0,0,0,0,False
04208,04208,0,0,0,0,0,0,0,0,0,0,False
04209,04209,0,0,0,0,0,0,0,0,0,0,False
04210,04210,0,0,0,0,0,0,0,0,0,0,False
04211,04211,0,0,0,0,0,0,0,0,0,0,False
04212,04212,0,0,0,0,0,0,0,0,0,0,False
04213,04213,0,0,0,0,0,0,0,0,0,0,False
04214,04214,0,0,0,0,0,0,0,0,0,0,False
04215,04215,0,0,0,0,0,0,0,0,0,0,False
04216,04216,0,0,0,0,0,0,0,0,0,0,False
04217,04217,0,0,0,0,0,0,0,0,0,0,False
04218,04218,0,0,0,0,0,0,0,0,0,0,False
04219,04219,0,0,0,0,0,0,0,0,0,0,False
04220,04220,0,0,0,0,0,0,0,0,0,0,False
04221,04221,0,0,0,0,0,0,0,0,0,0,False
04222,04222,0,0,0,0,0,0,0,0,0,0,False
04223,04223,0,0,0,0,0,0,0,0,0,0,False
04224,04224,0,0,0,0,0,0,0,0,0,0,False
04225,04225,0,0,0,0,0,0,0,0,0,0,False
04226,04226,0,0,0,0,0,0,0,0,0,0,False
04227,04227,0,0,0,0,0,0,0,0,0,0,False
04228,04228,0,0,0,0,0,0,0,0,0,0,False
04229,04229,0,0,0,0,0,0,0,0,0,0,False
04230,04230,0,0,0,0,0,0,0,0,0,0,False
04231,04231,0,0,0,0,0,0,0,0,0,0,False
04232,04232,0,0,0,0,0,0,0,0,0,0,False
04233,04233,0,0,0,0,0,0,0,0,0,0,False
04234,04234,0,0,0,0,0,0,0,0,0,0,False
04235,04235,0,0,0,0,0,0,0,0,0,0,False
04236,04236,0,0,0,0,0,0,0,0,0,0,False
04237,04237,0,0,0,0,0,0,0,0,0,0,False
04238,04238,0,0,0,0,0,0,0,0,0,0,False
04239,04239,0,0,0,0,0,0,0,0,0,0,False
04240,04240,0,0,0,0,0,0,0,0,0,0,False
04241,04241,0,0,0,0,0,0,0,0,0,0,False
04242,04242,0,0,0,0,0,0,0,0,0,0,False
04243,04243,0,0,0,0,0,0,0,0,0,0,False
04244,04244,0,0,0,0,0,0,0,0,0,0,False
04245,04245,0,0,0,0,0,0,0,0,0,0,False
04246,04246,0,0,0,0,0,0,0,0,0,0,False
04247,04247,0,0,0,0,0,0,0,0,0,0,False
04248,04248,0,0,0,0,0,0,0,0,0,0,False
04249,04249,0,0,0,0,0,0,0,0,0,0,False
04250,04250,0,0,0,0,0,0,0,0,0,0,False
04251,04251,0,0,0,0,0,0,0,0,0,0,False
04252,04252,0,0,0,0,0,0,0,0,0,0,False
04253,04253,0,0,0,0,0,0,0,0,0,0,False
04254,04254,0,0,0,0,0,0,0,0,0,0,False
04255,04255,0,0,0,0,0,0,0,0,0,0,False
04256,04256,0,0,0,0,0,0,0,0,0,0,False
04257,04257,0,0,0,0,0,0,0,0,0,0,False
04258,04258,0,0,0,0,0,0,0,0,0,0,False
04259,04259,0,0,0,0,0,0,0,0,0,0,False
04260,04260,0,0,0,0,0,0,0,0,0,0,False
04261,04261,0,0,0,0,0,0,0,0,0,0,False
04262,04262,0,0,0,0,0,0,0,0,0,0,False
04263,04263,0,0,0,0,0,0,0,0,0,0,False
04264,04264,0,0,0,0,0,0,0,0,0,0,False
04265,04265,0,0,0,0,0,0,0,0,0,0,False
04266,04266,0,0,0,0,0,0,0,0,0,0,False
04267,04267,0,0,0,0,0,0,0,0,0,0,False
04268,04268,0,0,0,0,0,0,0,0,0,0,False
04269,04269,0,0,0,0,0,0,0,0,0,0,False
04270,04270,0,0,0,0,0,0,0,0,0,0,False
04271,04271,0,0,0,0,0,0,0,0,0,0,False
04272,04272,0,0,0,0,0,0,0,0,0,0,False
04273,04273,0,0,0,0,0,0,0,0,0,0,False
04274,04274,0,0,0,0,0,0,0,0,0,0,False
04275,04275,0,0,0,0,0,0,0,0,0,0,False
04276,04276,0,0,0,0,0,0,0,0,0,0,False
04277,04277,0,0,0,0,0,0,0,0,0,0,False
04278,04278,0,0,0,0,0,0,0,0,0,0,False
04279,04279,0,0,0,0,0,0,0,0,0,0,False
04280,04280,0,0,0,0,0,0,0,0,0,0,False
04281,04281,0,0,0,0,0,0,0,0,0,0,False
04282,04282,0,0,0,0,0,0,0,0,0,0,False
04283,04283,0,0,0,0,0,0,0,0,0,0,False
04284,04284,0,0,0,0,0,0,0,0,0,0,False
04285,04285,0,0,0,0,0,0,0,0,0,0,False
04286,04286,0,0,0,0,0,0,0,0,0,0,False
04287,04287,0,0,0,0,0,0,0,0,0,0,False
04288,04288,0,0,0,0,0,0,0,0,0,0,False
04289,04289,0,0,0,0,0,0,0,0,0,0,False
04290,04290,0,0,0,0,0,0,0,0,0,0,False
04291,04291,0,0,0,0,0,0,0,0,0,0,False
04292,04292,0,0,0,0,0,0,0,0,0,0,False
04293,04293,0,0,0,0,0,0,0,0,0,0,False
04294,04294,0,0,0,0,0,0,0,0,0,0,False
04295,04295,0,0,0,0,0,0,0,0,0,0,False
04296,04296,0,0,0,0,0,0,0,0,0,0,False
04297,04297,0,0,0,0,0,0,0,0,0,0,False
04298,04298,0,0,0,0,0,0,0,0,0,0,False
04299,04299,0,0,0,0,0,0,0,0,0,0,False
04300,04300,0,0,0,0,0,0,0,0,0,0,False
04301,04301,0,0,0,0,0,0,0,0,0,0,False
04302,04302,0,0,0,0,0,0,0,0,0,0,False
04303,04303,0,0,0,0,0,0,0,0,0,0,False
04304,04304,0,0,0,0,0,0,0,0,0,0,False
04305,04305,0,0,0,0,0,0,0,0,0,0,False
04306,04306,0,0,0,0,0,0,0,0,0,0,False
04307,04307,0,0,0,0,0,0,0,0,0,0,False
04308,04308,0,0,0,0,0,0,0,0,0,0,False
04309,04309,0,0,0,0,0,0,0,0,0,0,False
04310,04310,0,0,0,0,0,0,0,0,0,0,False
04311,04311,0,0,0,0,0,0,0,0,0,0,False
04312,04312,0,0,0,0,0,0,0,0,0,0,False
04313,04313,0,0,0,0,0,0,0,0,0,0,False
04314,04314,0,0,0,0,0,0,0,0,0,0,False
04315,04315,0,0,0,0,0,0,0,0,0,0,False
04316,04316,0,0,0,0,0,0,0,0,0,0,False
04317,04317,0,0,0,0,0,0,0,0,0,0,False
04318,04318,0,0,0,0,0,0,0,0,0,0,False
04319,04319,0,0,0,0,0,0,0,0,0,0,False
04320,04320,0,0,0,0,0,0,0,0,0,0,False
04321,04321,0,0,0,0,0,0,0,0,0,0,False
04322,04322,0,0,0,0,0,0,0,0,0,0,False
04323,04323,0,0,0,0,0,0,0,0,0,0,False
04324,04324,0,0,0,0,0,0,0,0,0,0,False
04325,04325,0,0,0,0,0,0,0,0,0,0,False
04326,04326,0,0,0,0,0,0,0,0,0,0,False
04327,04327,0,0,0,0,0,0,0,0,0,0,False
04328,04328,0,0,0,0,0,0,0,0,0,0,False
04329,04329,0,0,0,0,0,0,0,0,0,0,False
04330,04330,0,0,0,0,0,0,0,0,0,0,False
04331,04331,0,0,0,0,0,0,0,0,0,0,False
04332,04332,0,0,0,0,0,0,0,0,0,0,False
04333,04333,0,0,0,0,0,0,0,0,0,0,False
04334,04334,0,0,0,0,0,0,0,0,0,0,False
04335,04335,0,0,0,0,0,0,0,0,0,0,False
04336,04336,0,0,0,0,0,0,0,0,0,0,False
04337,04337,0,0,0,0,0,0,0,0,0,0,False
04338,04338,0,0,0,0,0,0,0,0,0,0,False
04339,04339,0,0,0,0,0,0,0,0,0,0,False
04340,04340,0,0,0,0,0,0,0,0,0,0,False
04341,04341,0,0,0,0,0,0,0,0,0,0,False
04342,04342,0,0,0,0,0,0,0,0,0,0,False
04343,04343,0,0,0,0,0,0,0,0,0,0,False
04344,04344,0,0,0,0,0,0,0,0,0,0,False
04345,04345,0,0,0,0,0,0,0,0,0,0,False
04346,04346,0,0,0,0,0,0,0,0,0,0,False
04347,04347,0,0,0,0,0,0,0,0,0,0,False
04348,04348,0,0,0,0,0,0,0,0,0,0,False
04349,04349,0,0,0,0,0,0,0,0,0,0,False
04350,04350,0,0,0,0,0,0,0,0,0,0,False
04351,04351,0,0,0,0,0,0,0,0,0,0,False
04352,04352,0,0,0,0,0,0,0,0,0,0,False
04353,04353,0,0,0,0,0,0,0,0,0,0,False
04354,04354,0,0,0,0,0,0,0,0,0,0,False
04355,04355,0,0,0,0,0,0,0,0,0,0,False
04356,04356,0,0,0,0,0,0,0,0,0,0,False
04357,04357,0,0,0,0,0,0,0,0,0,0,False
04358,04358,0,0,0,0,0,0,0,0,0,0,False
04359,04359,0,0,0,0,0,0,0,0,0,0,False
04360,04360,0,0,0,0,0,0,0,0,0,0,False
04361,04361,0,0,0,0,0,0,0,0,0,0,False
04362,04362,0,0,0,0,0,0,0,0,0,0,False
04363,04363,0,0,0,0,0,0,0,0,0,0,False
04364,04364,0,0,0,0,0,0,0,0,0,0,False
04365,04365,0,0,0,0,0,0,0,0,0,0,False
04366,04366,0,0,0,0,0,0,0,0,0,0,False
04367,04367,0,0,0,0,0,0,0,0,0,0,False
04368,04368,0,0,0,0,0,0,0,0,0,0,False
04369,04369,0,0,0,0,0,0,0,0,0,0,False
04370,04370,0,0,0,0,0,0,0,0,0,0,False
04371,04371,0,0,0,0,0,0,0,0,0,0,False
04372,04372,0,0,0,0,0,0,0,0,0,0,False
04373,04373,0,0,0,0,0,0,0,0,0,0,False
04374,04374,0,0,0,0,0,0,0,0,0,0,False
04375,04375,0,0,0,0,0,0,0,0,0,0,False
04376,04376,0,0,0,0,0,0,0,0,0,0,False
04377,04377,0,0,0,0,0,0,0,0,0,0,False
04378,04378,0,0,0,0,0,0,0,0,0,0,False
04379,04379,0,0,0,0,0,0,0,0,0,0,False
04380,04380,0,0,0,0,0,0,0,0,0,0,False
04381,04381,0,0,0,0,0,0,0,0,0,0,False
04382,04382,0,0,0,0,0,0,0,0,0,0,False
04383,04383,0,0,0,0,0,0,0,0,0,0,False
04384,04384,0,0,0,0,0,0,0,0,0,0,False
04385,04385,0,0,0,0,0,0,0,0,0,0,False
04386,04386,0,0,0,0,0,0,0,0,0,0,False
04387,04387,0,0,0,0,0,0,0,0,0,0,False
04388,04388,0,0,0,0,0,0,0,0,0,0,False
04389,04389,0,0,0,0,0,0,0,0,0,0,False
04390,04390,0,0,0,0,0,0,0,0,0,0,False
04391,04391,0,0,0,0,0,0,0,0,0,0,False
04392,04392,0,0,0,0,0,0,0,0,0,0,False
04393,04393,0,0,0,0,0,0,0,0,0,0,False
04394,04394,0,0,0,0,0,0,0,0,0,0,False
04395,04395,0,0,0,0,0,0,0,0,0,0,False
04396,04396,0,0,0,0,0,0,0,0,0,0,False
04397,04397,0,0,0,0,0,0,0,0,0,0,False
04398,04398,0,0,0,0,0,0,0,0,0,0,False
04399,04399,0,0,0,0,0,0,0,0,0,0,False
04400,04400,0,0,0,0,0,0,0,0,0,0,False
04401,04401,0,0,0,0,0,0,0,0,0,0,False
04402,04402,0,0,0,0,0,0,0,0,0,0,False
04403,04403,0,0,0,0,0,0,0,0,0,0,False
04404,04404,0,0,0,0,0,0,0,0,0,0,False
04405,04405,0,0,0,0,0,0,0,0,0,0,False
04406,04406,0,0,0,0,0,0,0,0,0,0,False
04407,04407,0,0,0,0,0,0,0,0,0,0,False
04408,04408,0,0,0,0,0,0,0,0,0,0,False
04409,04409,0,0,0,0,0,0,0,0,0,0,False
04410,04410,0,0,0,0,0,0,0,0,0,0,False
04411,04411,0,0,0,0,0,0,0,0,0,0,False
04412,04412,0,0,0,0,0,0,0,0,0,0,False
04413,04413,0,0,0,0,0,0,0,0,0,0,False
04414,04414,0,0,0,0,0,0,0,0,0,0,False
04415,04415,0,0,0,0,0,0,0,0,0,0,False
04416,04416,0,0,0,0,0,0,0,0,0,0,False
04417,04417,0,0,0,0,0,0,0,0,0,0,False
04418,04418,0,0,0,0,0,0,0,0,0,0,False
04419,04419,0,0,0,0,0,0,0,0,0,0,False
04420,04420,0,0,0,0,0,0,0,0,0,0,False
04421,04421,0,0,0,0,0,0,0,0,0,0,False
04422,04422,0,0,0,0,0,0,0,0,0,0,False
04423,04423,0,0,0,0,0,0,0,0,0,0,False
04424,04424,0,0,0,0,0,0,0,0,0,0,False
04425,04425,0,0,0,0,0,0,0,0,0,0,False
04426,04426,0,0,0,0,0,0,0,0,0,0,False
04427,04427,0,0,0,0,0,0,0,0,0,0,False
04428,04428,0,0,0,0,0,0,0,0,0,0,False
04429,04429,0,0,0,0,0,0,0,0,0,0,False
04430,04430,0,0,0,0,0,0,0,0,0,0,False
04431,04431,0,0,0,0,0,0,0,0,0,0,False
04432,04432,0,0,0,0,0,0,0,0,0,0,False
04433,04433,0,0,0,0,0,0,0,0,0,0,False
04434,04434,0,0,0,0,0,0,0,0,0,0,False
04435,04435,0,0,0,0,0,0,0,0,0,0,False
04436,04436,0,0,0,0,0,0,0,0,0,0,False
04437,04437,0,0,0,0,0,0,0,0,0,0,False
04438,04438,0,0,0,0,0,0,0,0,0,0,False
04439,04439,0,0,0,0,0,0,0,0,0,0,False
04440,04440,0,0,0,0,0,0,0,0,0,0,False
04441,04441,0,0,0,0,0,0,0,0,0,0,False
04442,04442,0,0,0,0,0,0,0,0,0,0,False
04443,04443,0,0,0,0,0,0,0,0,0,0,False
04444,04444,0,0,0,0,0,0,0,0,0,0,False
04445,04445,0,0,0,0,0,0,0,0,0,0,False
04446,04446,0,0,0,0,0,0,0,0,0,0,False
04447,04447,0,0,0,0,0,0,0,0,0,0,False
04448,04448,0,0,0,0,0,0,0,0,0,0,False
04449,04449,0,0,0,0,0,0,0,0,0,0,False
04450,04450,0,0,0,0,0,0,0,0,0,0,False
04451,04451,0,0,0,0,0,0,0,0,0,0,False
04452,04452,0,0,0,0,0,0,0,0,0,0,False
04453,04453,0,0,0,0,0,0,0,0,0,0,False
04454,04454,0,0,0,0,0,0,0,0,0,0,False
04455,04455,0,0,0,0,0,0,0,0,0,0,False
04456,04456,0,0,0,0,0,0,0,0,0,0,False
04457,04457,0,0,0,0,0,0,0,0,0,0,False
04458,04458,0,0,0,0,0,0,0,0,0,0,False
04459,04459,0,0,0,0,0,0,0,0,0,0,False
04460,04460,0,0,0,0,0,0,0,0,0,0,False
04461,04461,0,0,0,0,0,0,0,0,0,0,False
04462,04462,0,0,0,0,0,0,0,0,0,0,False
04463,04463,0,0,0,0,0,0,0,0,0,0,False
04464,04464,0,0,0,0,0,0,0,0,0,0,False
04465,04465,0,0,0,0,0,0,0,0,0,0,False
04466,04466,0,0,0,0,0,0,0,0,0,0,False
04467,04467,0,0,0,0,0,0,0,0,0,0,False
04468,04468,0,0,0,0,0,0,0,0,0,0,False
04469,04469,0,0,0,0,0,0,0,0,0,0,False
04470,04470,0,0,0,0,0,0,0,0,0,0,False
04471,04471,0,0,0,0,0,0,0,0,0,0,False
04472,04472,0,0,0,0,0,0,0,0,0,0,False
04473,04473,0,0,0,0,0,0,0,0,0,0,False
04474,04474,0,0,0,0,0,0,0,0,0,0,False
04475,04475,0,0,0,0,0,0,0,0,0,0,False
04476,04476,0,0,0,0,0,0,0,0,0,0,False
04477,04477,0,0,0,0,0,0,0,0,0,0,False
04478,04478,0,0,0,0,0,0,0,0,0,0,False
04479,04479,0,0,0,0,0,0,0,0,0,0,False
04480,04480,0,0,0,0,0,0,0,0,0,0,False
04481,04481,0,0,0,0,0,0,0,0,0,0,False
04482,04482,0,0,0,0,0,0,0,0,0,0,False
04483,04483,0,0,0,0,0,0,0,0,0,0,False
04484,04484,0,0,0,0,0,0,0,0,0,0,False
04485,04485,0,0,0,0,0,0,0,0,0,0,False
04486,04486,0,0,0,0,0,0,0,0,0,0,False
04487,04487,0,0,0,0,0,0,0,0,0,0,False
04488,04488,0,0,0,0,0,0,0,0,0,0,False
04489,04489,0,0,0,0,0,0,0,0,0,0,False
04490,04490,0,0,0,0,0,0,0,0,0,0,False
04491,04491,0,0,0,0,0,0,0,0,0,0,False
04492,04492,0,0,0,0,0,0,0,0,0,0,False
04493,04493,0,0,0,0,0,0,0,0,0,0,False
04494,04494,0,0,0,0,0,0,0,0,0,0,False
04495,04495,0,0,0,0,0,0,0,0,0,0,False
04496,04496,0,0,0,0,0,0,0,0,0,0,False
04497,04497,0,0,0,0,0,0,0,0,0,0,False
04498,04498,0,0,0,0,0,0,0,0,0,0,False
04499,04499,0,0,0,0,0,0,0,0,0,0,False
04500,04500,0,0,0,0,0,0,0,0,0,0,False
04501,04501,0,0,0,0,0,0,0,0,0,0,False
04502,04502,0,0,0,0,0,0,0,0,0,0,False
04503,04503,0,0,0,0,0,0,0,0,0,0,False
04504,04504,0,0,0,0,0,0,0,0,0,0,False
04505,04505,0,0,0,0,0,0,0,0,0,0,False
04506,04506,0,0,0,0,0,0,0,0,0,0,False
04507,04507,0,0,0,0,0,0,0,0,0,0,False
04508,04508,0,0,0,0,0,0,0,0,0,0,False
04509,04509,0,0,0,0,0,0,0,0,0,0,False
04510,04510,0,0,0,0,0,0,0,0,0,0,False
04511,04511,0,0,0,0,0,0,0,0,0,0,False
04512,04512,0,0,0,0,0,0,0,0,0,0,False
04513,04513,0,0,0,0,0,0,0,0,0,0,False
04514,04514,0,0,0,0,0,0,0,0,0,0,False
04515,04515,0,0,0,0,0,0,0,0,0,0,False
04516,04516,0,0,0,0,0,0,0,0,0,0,False
04517,04517,0,0,0,0,0,0,0,0,0,0,False
04518,04518,0,0,0,0,0,0,0,0,0,0,False
04519,04519,0,0,0,0,0,0,0,0,0,0,False
04520,04520,0,0,0,0,0,0,0,0,0,0,False
04521,04521,0,0,0,0,0,0,0,0,0,0,False
04522,04522,0,0,0,0,0,0,0,0,0,0,False
04523,04523,0,0,0,0,0,0,0,0,0,0,False
04524,04524,0,0,0,0,0,0,0,0,0,0,False
04525,04525,0,0,0,0,0,0,0,0,0,0,False
04526,04526,0,0,0,0,0,0,0,0,0,0,False
04527,04527,0,0,0,0,0,0,0,0,0,0,False
04528,04528,0,0,0,0,0,0,0,0,0,0,False
04529,04529,0,0,0,0,0,0,0,0,0,0,False
04530,04530,0,0,0,0,0,0,0,0,0,0,False
04531,04531,0,0,0,0,0,0,0,0,0,0,False
04532,04532,0,0,0,0,0,0,0,0,0,0,False
04533,04533,0,0,0,0,0,0,0,0,0,0,False
04534,04534,0,0,0,0,0,0,0,0,0,0,False
04535,04535,0,0,0,0,0,0,0,0,0,0,False
04536,04536,0,0,0,0,0,0,0,0,0,0,False
04537,04537,0,0,0,0,0,0,0,0,0,0,False
04538,04538,0,0,0,0,0,0,0,0,0,0,False
04539,04539,0,0,0,0,0,0,0,0,0,0,False
04540,04540,0,0,0,0,0,0,0,0,0,0,False
04541,04541,0,0,0,0,0,0,0,0,0,0,False
04542,04542,0,0,0,0,0,0,0,0,0,0,False
04543,04543,0,0,0,0,0,0,0,0,0,0,False
04544,04544,0,0,0,0,0,0,0,0,0,0,False
04545,04545,0,0,0,0,0,0,0,0,0,0,False
04546,04546,0,0,0,0,0,0,0,0,0,0,False
04547,04547,0,0,0,0,0,0,0,0,0,0,False
04548,04548,0,0,0,0,0,0,0,0,0,0,False
04549,04549,0,0,0,0,0,0,0,0,0,0,False
04550,04550,0,0,0,0,0,0,0,0,0,0,False
04551,04551,0,0,0,0,0,0,0,0,0,0,False
04552,04552,0,0,0,0,0,0,0,0,0,0,False
04553,04553,0,0,0,0,0,0,0,0,0,0,False
04554,04554,0,0,0,0,0,0,0,0,0,0,False
04555,04555,0,0,0,0,0,0,0,0,0,0,False
04556,04556,0,0,0,0,0,0,0,0,0,0,False
04557,04557,0,0,0,0,0,0,0,0,0,0,False
04558,04558,0,0,0,0,0,0,0,0,0,0,False
04559,04559,0,0,0,0,0,0,0,0,0,0,False
04560,04560,0,0,0,0,0,0,0,0,0,0,False
04561,04561,0,0,0,0,0,0,0,0,0,0,False
04562,04562,0,0,0,0,0,0,0,0,0,0,False
04563,04563,0,0,0,0,0,0,0,0,0,0,False
04564,04564,0,0,0,0,0,0,0,0,0,0,False
04565,04565,0,0,0,0,0,0,0,0,0,0,False
04566,04566,0,0,0,0,0,0,0,0,0,0,False
04567,04567,0,0,0,0,0,0,0,0,0,0,False
04568,04568,0,0,0,0,0,0,0,0,0,0,False
04569,04569,0,0,0,0,0,0,0,0,0,0,False
04570,04570,0,0,0,0,0,0,0,0,0,0,False
04571,04571,0,0,0,0,0,0,0,0,0,0,False
04572,04572,0,0,0,0,0,0,0,0,0,0,False
04573,04573,0,0,0,0,0,0,0,0,0,0,False
04574,04574,0,0,0,0,0,0,0,0,0,0,False
04575,04575,0,0,0,0,0,0,0,0,0,0,False
04576,04576,0,0,0,0,0,0,0,0,0,0,False
04577,04577,0,0,0,0,0,0,0,0,0,0,False
04578,04578,0,0,0,0,0,0,0,0,0,0,False
04579,04579,0,0,0,0,0,0,0,0,0,0,False
04580,04580,0,0,0,0,0,0,0,0,0,0,False
04581,04581,0,0,0,0,0,0,0,0,0,0,False
04582,04582,0,0,0,0,0,0,0,0,0,0,False
04583,04583,0,0,0,0,0,0,0,0,0,0,False
04584,04584,0,0,0,0,0,0,0,0,0,0,False
04585,04585,0,0,0,0,0,0,0,0,0,0,False
04586,04586,0,0,0,0,0,0,0,0,0,0,False
04587,04587,0,0,0,0,0,0,0,0,0,0,False
04588,04588,0,0,0,0,0,0,0,0,0,0,False
04589,04589,0,0,0,0,0,0,0,0,0,0,False
04590,04590,0,0,0,0,0,0,0,0,0,0,False
04591,04591,0,0,0,0,0,0,0,0,0,0,False
04592,04592,0,0,0,0,0,0,0,0,0,0,False
04593,04593,0,0,0,0,0,0,0,0,0,0,False
04594,04594,0,0,0,0,0,0,0,0,0,0,False
04595,04595,0,0,0,0,0,0,0,0,0,0,False
04596,04596,0,0,0,0,0,0,0,0,0,0,False
04597,04597,0,0,0,0,0,0,0,0,0,0,False
04598,04598,0,0,0,0,0,0,0,0,0,0,False
04599,04599,0,0,0,0,0,0,0,0,0,0,False
04600,04600,0,0,0,0,0,0,0,0,0,0,False
04601,04601,0,0,0,0,0,0,0,0,0,0,False
04602,04602,0,0,0,0,0,0,0,0,0,0,False
04603,04603,0,0,0,0,0,0,0,0,0,0,False
04604,04604,0,0,0,0,0,0,0,0,0,0,False
04605,04605,0,0,0,0,0,0,0,0,0,0,False
04606,04606,0,0,0,0,0,0,0,0,0,0,False
04607,04607,0,0,0,0,0,0,0,0,0,0,False
04608,04608,0,0,0,0,0,0,0,0,0,0,False
04609,04609,0,0,0,0,0,0,0,0,0,0,False
04610,04610,0,0,0,0,0,0,0,0,0,0,False
04611,04611,0,0,0,0,0,0,0,0,0,0,False
04612,04612,0,0,0,0,0,0,0,0,0,0,False
04613,04613,0,0,0,0,0,0,0,0,0,0,False
04614,04614,0,0,0,0,0,0,0,0,0,0,False
04615,04615,0,0,0,0,0,0,0,0,0,0,False
04616,04616,0,0,0,0,0,0,0,0,0,0,False
04617,04617,0,0,0,0,0,0,0,0,0,0,False
04618,04618,0,0,0,0,0,0,0,0,0,0,False
04619,04619,0,0,0,0,0,0,0,0,0,0,False
04620,04620,0,0,0,0,0,0,0,0,0,0,False
04621,04621,0,0,0,0,0,0,0,0,0,0,False
04622,04622,0,0,0,0,0,0,0,0,0,0,False
04623,04623,0,0,0,0,0,0,0,0,0,0,False
04624,04624,0,0,0,0,0,0,0,0,0,0,False
04625,04625,0,0,0,0,0,0,0,0,0,0,False
04626,04626,0,0,0,0,0,0,0,0,0,0,False
04627,04627,0,0,0,0,0,0,0,0,0,0,False
04628,04628,0,0,0,0,0,0,0,0,0,0,False
04629,04629,0,0,0,0,0,0,0,0,0,0,False
04630,04630,0,0,0,0,0,0,0,0,0,0,False
04631,04631,0,0,0,0,0,0,0,0,0,0,False
04632,04632,0,0,0,0,0,0,0,0,0,0,False
04633,04633,0,0,0,0,0,0,0,0,0,0,False
04634,04634,0,0,0,0,0,0,0,0,0,0,False
04635,04635,0,0,0,0,0,0,0,0,0,0,False
04636,04636,0,0,0,0,0,0,0,0,0,0,False
04637,04637,0,0,0,0,0,0,0,0,0,0,False
04638,04638,0,0,0,0,0,0,0,0,0,0,False
04639,04639,0,0,0,0,0,0,0,0,0,0,False
04640,04640,0,0,0,0,0,0,0,0,0,0,False
04641,04641,0,0,0,0,0,0,0,0,0,0,False
04642,04642,0,0,0,0,0,0,0,0,0,0,False
04643,04643,0,0,0,0,0,0,0,0,0,0,False
04644,04644,0,0,0,0,0,0,0,0,0,0,False
04645,04645,0,0,0,0,0,0,0,0,0,0,False
04646,04646,0,0,0,0,0,0,0,0,0,0,False
04647,04647,0,0,0,0,0,0,0,0,0,0,False
04648,04648,0,0,0,0,0,0,0,0,0,0,False
04649,04649,0,0,0,0,0,0,0,0,0,0,False
04650,04650,0,0,0,0,0,0,0,0,0,0,False
04651,04651,0,0,0,0,0,0,0,0,0,0,False
04652,04652,0,0,0,0,0,0,0,0,0,0,False
04653,04653,0,0,0,0,0,0,0,0,0,0,False
04654,04654,0,0,0,0,0,0,0,0,0,0,False
04655,04655,0,0,0,0,0,0,0,0,0,0,False
04656,04656,0,0,0,0,0,0,0,0,0,0,False
04657,04657,0,0,0,0,0,0,0,0,0,0,False
04658,04658,0,0,0,0,0,0,0,0,0,0,False
04659,04659,0,0,0,0,0,0,0,0,0,0,False
04660,04660,0,0,0,0,0,0,0,0,0,0,False
04661,04661,0,0,0,0,0,0,0,0,0,0,False
04662,04662,0,0,0,0,0,0,0,0,0,0,False
04663,04663,0,0,0,0,0,0,0,0,0,0,False
04664,04664,0,0,0,0,0,0,0,0,0,0,False
04665,04665,0,0,0,0,0,0,0,0,0,0,False
04666,04666,0,0,0,0,0,0,0,0,0,0,False
04667,04667,0,0,0,0,0,0,0,0,0,0,False
04668,04668,0,0,0,0,0,0,0,0,0,0,False
04669,04669,0,0,0,0,0,0,0,0,0,0,False
04670,04670,0,0,0,0,0,0,0,0,0,0,False
04671,04671,0,0,0,0,0,0,0,0,0,0,False
04672,04672,0,0,0,0,0,0,0,0,0,0,False
04673,04673,0,0,0,0,0,0,0,0,0,0,False
04674,04674,0,0,0,0,0,0,0,0,0,0,False
04675,04675,0,0,0,0,0,0,0,0,0,0,False
04676,04676,0,0,0,0,0,0,0,0,0,0,False
04677,04677,0,0,0,0,0,0,0,0,0,0,False
04678,04678,0,0,0,0,0,0,0,0,0,0,False
04679,04679,0,0,0,0,0,0,0,0,0,0,False
04680,04680,0,0,0,0,0,0,0,0,0,0,False
04681,04681,0,0,0,0,0,0,0,0,0,0,False
04682,04682,0,0,0,0,0,0,0,0,0,0,False
04683,04683,0,0,0,0,0,0,0,0,0,0,False
04684,04684,0,0,0,0,0,0,0,0,0,0,False
04685,04685,0,0,0,0,0,0,0,0,0,0,False
04686,04686,0,0,0,0,0,0,0,0,0,0,False
04687,04687,0,0,0,0,0,0,0,0,0,0,False
04688,04688,0,0,0,0,0,0,0,0,0,0,False
04689,04689,0,0,0,0,0,0,0,0,0,0,False
04690,04690,0,0,0,0,0,0,0,0,0,0,False
04691,04691,0,0,0,0,0,0,0,0,0,0,False
04692,04692,0,0,0,0,0,0,0,0,0,0,False
04693,04693,0,0,0,0,0,0,0,0,0,0,False
04694,04694,0,0,0,0,0,0,0,0,0,0,False
04695,04695,0,0,0,0,0,0,0,0,0,0,False
04696,04696,0,0,0,0,0,0,0,0,0,0,False
04697,04697,0,0,0,0,0,0,0,0,0,0,False
04698,04698,0,0,0,0,0,0,0,0,0,0,False
04699,04699,0,0,0,0,0,0,0,0,0,0,False
04700,04700,0,0,0,0,0,0,0,0,0,0,False
04701,04701,0,0,0,0,0,0,0,0,0,0,False
04702,04702,0,0,0,0,0,0,0,0,0,0,False
04703,04703,0,0,0,0,0,0,0,0,0,0,False
04704,04704,0,0,0,0,0,0,0,0,0,0,False
04705,04705,0,0,0,0,0,0,0,0,0,0,False
04706,04706,0,0,0,0,0,0,0,0,0,0,False
04707,04707,0,0,0,0,0,0,0,0,0,0,False
04708,04708,0,0,0,0,0,0,0,0,0,0,False
04709,04709,0,0,0,0,0,0,0,0,0,0,False
04710,04710,0,0,0,0,0,0,0,0,0,0,False
04711,04711,0,0,0,0,0,0,0,0,0,0,False
04712,04712,0,0,0,0,0,0,0,0,0,0,False
04713,04713,0,0,0,0,0,0,0,0,0,0,False
04714,04714,0,0,0,0,0,0,0,0,0,0,False
04715,04715,0,0,0,0,0,0,0,0,0,0,False
04716,04716,0,0,0,0,0,0,0,0,0,0,False
04717,04717,0,0,0,0,0,0,0,0,0,0,False
04718,04718,0,0,0,0,0,0,0,0,0,0,False
04719,04719,0,0,0,0,0,0,0,0,0,0,False
04720,04720,0,0,0,0,0,0,0,0,0,0,False
04721,04721,0,0,0,0,0,0,0,0,0,0,False
04722,04722,0,0,0,0,0,0,0,0,0,0,False
04723,04723,0,0,0,0,0,0,0,0,0,0,False
04724,04724,0,0,0,0,0,0,0,0,0,0,False
04725,04725,0,0,0,0,0,0,0,0,0,0,False
04726,04726,0,0,0,0,0,0,0,0,0,0,False
04727,04727,0,0,0,0,0,0,0,0,0,0,False
04728,04728,0,0,0,0,0,0,0,0,0,0,False
04729,04729,0,0,0,0,0,0,0,0,0,0,False
04730,04730,0,0,0,0,0,0,0,0,0,0,False
04731,04731,0,0,0,0,0,0,0,0,0,0,False
04732,04732,0,0,0,0,0,0,0,0,0,0,False
04733,04733,0,0,0,0,0,0,0,0,0,0,False
04734,04734,0,0,0,0,0,0,0,0,0,0,False
04735,04735,0,0,0,0,0,0,0,0,0,0,False
04736,04736,0,0,0,0,0,0,0,0,0,0,False
04737,04737,0,0,0,0,0,0,0,0,0,0,False
04738,04738,0,0,0,0,0,0,0,0,0,0,False
04739,04739,0,0,0,0,0,0,0,0,0,0,False
04740,04740,0,0,0,0,0,0,0,0,0,0,False
04741,04741,0,0,0,0,0,0,0,0,0,0,False
04742,04742,0,0,0,0,0,0,0,0,0,0,False
04743,04743,0,0,0,0,0,0,0,0,0,0,False
04744,04744,0,0,0,0,0,0,0,0,0,0,False
04745,04745,0,0,0,0,0,0,0,0,0,0,False
04746,04746,0,0,0,0,0,0,0,0,0,0,False
04747,04747,0,0,0,0,0,0,0,0,0,0,False
04748,04748,0,0,0,0,0,0,0,0,0,0,False
04749,04749,0,0,0,0,0,0,0,0,0,0,False
04750,04750,0,0,0,0,0,0,0,0,0,0,False
04751,04751,0,0,0,0,0,0,0,0,0,0,False
04752,04752,0,0,0,0,0,0,0,0,0,0,False
04753,04753,0,0,0,0,0,0,0,0,0,0,False
04754,04754,0,0,0,0,0,0,0,0,0,0,False
04755,04755,0,0,0,0,0,0,0,0,0,0,False
04756,04756,0,0,0,0,0,0,0,0,0,0,False
04757,04757,0,0,0,0,0,0,0,0,0,0,False
04758,04758,0,0,0,0,0,0,0,0,0,0,False
04759,04759,0,0,0,0,0,0,0,0,0,0,False
04760,04760,0,0,0,0,0,0,0,0,0,0,False
04761,04761,0,0,0,0,0,0,0,0,0,0,False
04762,04762,0,0,0,0,0,0,0,0,0,0,False
04763,04763,0,0,0,0,0,0,0,0,0,0,False
04764,04764,0,0,0,0,0,0,0,0,0,0,False
04765,04765,0,0,0,0,0,0,0,0,0,0,False
04766,04766,0,0,0,0,0,0,0,0,0,0,False
04767,04767,0,0,0,0,0,0,0,0,0,0,False
04768,04768,0,0,0,0,0,0,0,0,0,0,False
04769,04769,0,0,0,0,0,0,0,0,0,0,False
04770,04770,0,0,0,0,0,0,0,0,0,0,False
04771,04771,0,0,0,0,0,0,0,0,0,0,False
04772,04772,0,0,0,0,0,0,0,0,0,0,False
04773,04773,0,0,0,0,0,0,0,0,0,0,False
04774,04774,0,0,0,0,0,0,0,0,0,0,False
04775,04775,0,0,0,0,0,0,0,0,0,0,False
04776,04776,0,0,0,0,0,0,0,0,0,0,False
04777,04777,0,0,0,0,0,0,0,0,0,0,False
04778,04778,0,0,0,0,0,0,0,0,0,0,False
04779,04779,0,0,0,0,0,0,0,0,0,0,False
04780,04780,0,0,0,0,0,0,0,0,0,0,False
04781,04781,0,0,0,0,0,0,0,0,0,0,False
04782,04782,0,0,0,0,0,0,0,0,0,0,False
04783,04783,0,0,0,0,0,0,0,0,0,0,False
04784,04784,0,0,0,0,0,0,0,0,0,0,False
04785,04785,0,0,0,0,0,0,0,0,0,0,False
04786,04786,0,0,0,0,0,0,0,0,0,0,False
04787,04787,0,0,0,0,0,0,0,0,0,0,False
04788,04788,0,0,0,0,0,0,0,0,0,0,False
04789,04789,0,0,0,0,0,0,0,0,0,0,False
04790,04790,0,0,0,0,0,0,0,0,0,0,False
04791,04791,0,0,0,0,0,0,0,0,0,0,False
04792,04792,0,0,0,0,0,0,0,0,0,0,False
04793,04793,0,0,0,0,0,0,0,0,0,0,False
04794,04794,0,0,0,0,0,0,0,0,0,0,False
04795,04795,0,0,0,0,0,0,0,0,0,0,False
04796,04796,0,0,0,0,0,0,0,0,0,0,False
04797,04797,0,0,0,0,0,0,0,0,0,0,False
04798,04798,0,0,0,0,0,0,0,0,0,0,False
04799,04799,0,0,0,0,0,0,0,0,0,0,False
04800,04800,0,0,0,0,0,0,0,0,0,0,False
04801,04801,0,0,0,0,0,0,0,0,0,0,False
04802,04802,0,0,0,0,0,0,0,0,0,0,False
04803,04803,0,0,0,0,0,0,0,0,0,0,False
04804,04804,0,0,0,0,0,0,0,0,0,0,False
04805,04805,0,0,0,0,0,0,0,0,0,0,False
04806,04806,0,0,0,0,0,0,0,0,0,0,False
04807,04807,0,0,0,0,0,0,0,0,0,0,False
04808,04808,0,0,0,0,0,0,0,0,0,0,False
04809,04809,0,0,0,0,0,0,0,0,0,0,False
04810,04810,0,0,0,0,0,0,0,0,0,0,False
04811,04811,0,0,0,0,0,0,0,0,0,0,False
04812,04812,0,0,0,0,0,0,0,0,0,0,False
04813,04813,0,0,0,0,0,0,0,0,0,0,False
04814,04814,0,0,0,0,0,0,0,0,0,0,False
04815,04815,0,0,0,0,0,0,0,0,0,0,False
04816,04816,0,0,0,0,0,0,0,0,0,0,False
04817,04817,0,0,0,0,0,0,0,0,0,0,False
04818,04818,0,0,0,0,0,0,0,0,0,0,False
04819,04819,0,0,0,0,0,0,0,0,0,0,False
04820,04820,0,0,0,0,0,0,0,0,0,0,False
04821,04821,0,0,0,0,0,0,0,0,0,0,False
04822,04822,0,0,0,0,0,0,0,0,0,0,False
04823,04823,0,0,0,0,0,0,0,0,0,0,False
04824,04824,0,0,0,0,0,0,0,0,0,0,False
04825,04825,0,0,0,0,0,0,0,0,0,0,False
04826,04826,0,0,0,0,0,0,0,0,0,0,False
04827,04827,0,0,0,0,0,0,0,0,0,0,False
04828,04828,0,0,0,0,0,0,0,0,0,0,False
04829,04829,0,0,0,0,0,0,0,0,0,0,False
04830,04830,0,0,0,0,0,0,0,0,0,0,False
04831,04831,0,0,0,0,0,0,0,0,0,0,False
04832,04832,0,0,0,0,0,0,0,0,0,0,False
04833,04833,0,0,0,0,0,0,0,0,0,0,False
04834,04834,0,0,0,0,0,0,0,0,0,0,False
04835,04835,0,0,0,0,0,0,0,0,0,0,False
04836,04836,0,0,0,0,0,0,0,0,0,0,False
04837,04837,0,0,0,0,0,0,0,0,0,0,False
04838,04838,0,0,0,0,0,0,0,0,0,0,False
04839,04839,0,0,0,0,0,0,0,0,0,0,False
04840,04840,0,0,0,0,0,0,0,0,0,0,False
04841,04841,0,0,0,0,0,0,0,0,0,0,False
04842,04842,0,0,0,0,0,0,0,0,0,0,False
04843,04843,0,0,0,0,0,0,0,0,0,0,False
04844,04844,0,0,0,0,0,0,0,0,0,0,False
04845,04845,0,0,0,0,0,0,0,0,0,0,False
04846,04846,0,0,0,0,0,0,0,0,0,0,False
04847,04847,0,0,0,0,0,0,0,0,0,0,False
04848,04848,0,0,0,0,0,0,0,0,0,0,False
04849,04849,0,0,0,0,0,0,0,0,0,0,False
04850,04850,0,0,0,0,0,0,0,0,0,0,False
04851,04851,0,0,0,0,0,0,0,0,0,0,False
04852,04852,0,0,0,0,0,0,0,0,0,0,False
04853,04853,0,0,0,0,0,0,0,0,0,0,False
04854,04854,0,0,0,0,0,0,0,0,0,0,False
04855,04855,0,0,0,0,0,0,0,0,0,0,False
04856,04856,0,0,0,0,0,0,0,0,0,0,False
04857,04857,0,0,0,0,0,0,0,0,0,0,False
04858,04858,0,0,0,0,0,0,0,0,0,0,False
04859,04859,0,0,0,0,0,0,0,0,0,0,False
04860,04860,0,0,0,0,0,0,0,0,0,0,False
04861,04861,0,0,0,0,0,0,0,0,0,0,False
04862,04862,0,0,0,0,0,0,0,0,0,0,False
04863,04863,0,0,0,0,0,0,0,0,0,0,False
04864,04864,0,0,0,0,0,0,0,0,0,0,False
04865,04865,0,0,0,0,0,0,0,0,0,0,False
04866,04866,0,0,0,0,0,0,0,0,0,0,False
04867,04867,0,0,0,0,0,0,0,0,0,0,False
04868,04868,0,0,0,0,0,0,0,0,0,0,False
04869,04869,0,0,0,0,0,0,0,0,0,0,False
04870,04870,0,0,0,0,0,0,0,0,0,0,False
04871,04871,0,0,0,0,0,0,0,0,0,0,False
04872,04872,0,0,0,0,0,0,0,0,0,0,False
04873,04873,0,0,0,0,0,0,0,0,0,0,False
04874,04874,0,0,0,0,0,0,0,0,0,0,False
04875,04875,0,0,0,0,0,0,0,0,0,0,False
04876,04876,0,0,0,0,0,0,0,0,0,0,False
04877,04877,0,0,0,0,0,0,0,0,0,0,False
04878,04878,0,0,0,0,0,0,0,0,0,0,False
04879,04879,0,0,0,0,0,0,0,0,0,0,False
04880,04880,0,0,0,0,0,0,0,0,0,0,False
04881,04881,0,0,0,0,0,0,0,0,0,0,False
04882,04882,0,0,0,0,0,0,0,0,0,0,False
04883,04883,0,0,0,0,0,0,0,0,0,0,False
04884,04884,0,0,0,0,0,0,0,0,0,0,False
04885,04885,0,0,0,0,0,0,0,0,0,0,False
04886,04886,0,0,0,0,0,0,0,0,0,0,False
04887,04887,0,0,0,0,0,0,0,0,0,0,False
04888,04888,0,0,0,0,0,0,0,0,0,0,False
04889,04889,0,0,0,0,0,0,0,0,0,0,False
04890,04890,0,0,0,0,0,0,0,0,0,0,False
04891,04891,0,0,0,0,0,0,0,0,0,0,False
04892,04892,0,0,0,0,0,0,0,0,0,0,False
04893,04893,0,0,0,0,0,0,0,0,0,0,False
04894,04894,0,0,0,0,0,0,0,0,0,0,False
04895,04895,0,0,0,0,0,0,0,0,0,0,False
04896,04896,0,0,0,0,0,0,0,0,0,0,False
04897,04897,0,0,0,0,0,0,0,0,0,0,False
04898,04898,0,0,0,0,0,0,0,0,0,0,False
04899,04899,0,0,0,0,0,0,0,0,0,0,False
04900,04900,0,0,0,0,0,0,0,0,0,0,False
04901,04901,0,0,0,0,0,0,0,0,0,0,False
04902,04902,0,0,0,0,0,0,0,0,0,0,False
04903,04903,0,0,0,0,0,0,0,0,0,0,False
04904,04904,0,0,0,0,0,0,0,0,0,0,False
04905,04905,0,0,0,0,0,0,0,0,0,0,False
04906,04906,0,0,0,0,0,0,0,0,0,0,False
04907,04907,0,0,0,0,0,0,0,0,0,0,False
04908,04908,0,0,0,0,0,0,0,0,0,0,False
04909,04909,0,0,0,0,0,0,0,0,0,0,False
04910,04910,0,0,0,0,0,0,0,0,0,0,False
04911,04911,0,0,0,0,0,0,0,0,0,0,False
04912,04912,0,0,0,0,0,0,0,0,0,0,False
04913,04913,0,0,0,0,0,0,0,0,0,0,False
04914,04914,0,0,0,0,0,0,0,0,0,0,False
04915,04915,0,0,0,0,0,0,0,0,0,0,False
04916,04916,0,0,0,0,0,0,0,0,0,0,False
04917,04917,0,0,0,0,0,0,0,0,0,0,False
04918,04918,0,0,0,0,0,0,0,0,0,0,False
04919,04919,0,0,0,0,0,0,0,0,0,0,False
04920,04920,0,0,0,0,0,0,0,0,0,0,False
04921,04921,0,0,0,0,0,0,0,0,0,0,False
04922,04922,0,0,0,0,0,0,0,0,0,0,False
04923,04923,0,0,0,0,0,0,0,0,0,0,False
04924,04924,0,0,0,0,0,0,0,0,0,0,False
04925,04925,0,0,0,0,0,0,0,0,0,0,False
04926,04926,0,0,0,0,0,0,0,0,0,0,False
04927,04927,0,0,0,0,0,0,0,0,0,0,False
04928,04928,0,0,0,0,0,0,0,0,0,0,False
04929,04929,0,0,0,0,0,0,0,0,0,0,False
04930,04930,0,0,0,0,0,0,0,0,0,0,False
04931,04931,0,0,0,0,0,0,0,0,0,0,False
04932,04932,0,0,0,0,0,0,0,0,0,0,False
04933,04933,0,0,0,0,0,0,0,0,0,0,False
04934,04934,0,0,0,0,0,0,0,0,0,0,False
04935,04935,0,0,0,0,0,0,0,0,0,0,False
04936,04936,0,0,0,0,0,0,0,0,0,0,False
04937,04937,0,0,0,0,0,0,0,0,0,0,False
04938,04938,0,0,0,0,0,0,0,0,0,0,False
04939,04939,0,0,0,0,0,0,0,0,0,0,False
04940,04940,0,0,0,0,0,0,0,0,0,0,False
04941,04941,0,0,0,0,0,0,0,0,0,0,False
04942,04942,0,0,0,0,0,0,0,0,0,0,False
04943,04943,0,0,0,0,0,0,0,0,0,0,False
04944,04944,0,0,0,0,0,0,0,0,0,0,False
04945,04945,0,0,0,0,0,0,0,0,0,0,False
04946,04946,0,0,0,0,0,0,0,0,0,0,False
04947,04947,0,0,0,0,0,0,0,0,0,0,False
04948,04948,0,0,0,0,0,0,0,0,0,0,False
04949,04949,0,0,0,0,0,0,0,0,0,0,False
04950,04950,0,0,0,0,0,0,0,0,0,0,False
04951,04951,0,0,0,0,0,0,0,0,0,0,False
04952,04952,0,0,0,0,0,0,0,0,0,0,False
04953,04953,0,0,0,0,0,0,0,0,0,0,False
04954,04954,0,0,0,0,0,0,0,0,0,0,False
04955,04955,0,0,0,0,0,0,0,0,0,0,False
04956,04956,0,0,0,0,0,0,0,0,0,0,False
04957,04957,0,0,0,0,0,0,0,0,0,0,False
04958,04958,0,0,0,0,0,0,0,0,0,0,False
04959,04959,0,0,0,0,0,0,0,0,0,0,False
04960,04960,0,0,0,0,0,0,0,0,0,0,False
04961,04961,0,0,0,0,0,0,0,0,0,0,False
04962,04962,0,0,0,0,0,0,0,0,0,0,False
04963,04963,0,0,0,0,0,0,0,0,0,0,False
04964,04964,0,0,0,0,0,0,0,0,0,0,False
04965,04965,0,0,0,0,0,0,0,0,0,0,False
04966,04966,0,0,0,0,0,0,0,0,0,0,False
04967,04967,0,0,0,0,0,0,0,0,0,0,False
04968,04968,0,0,0,0,0,0,0,0,0,0,False
04969,04969,0,0,0,0,0,0,0,0,0,0,False
04970,04970,0,0,0,0,0,0,0,0,0,0,False
04971,04971,0,0,0,0,0,0,0,0,0,0,False
04972,04972,0,0,0,0,0,0,0,0,0,0,False
04973,04973,0,0,0,0,0,0,0,0,0,0,False
04974,04974,0,0,0,0,0,0,0,0,0,0,False
04975,04975,0,0,0,0,0,0,0,0,0,0,False
04976,04976,0,0,0,0,0,0,0,0,0,0,False
04977,04977,0,0,0,0,0,0,0,0,0,0,False
04978,04978,0,0,0,0,0,0,0,0,0,0,False
04979,04979,0,0,0,0,0,0,0,0,0,0,False
04980,04980,0,0,0,0,0,0,0,0,0,0,False
04981,04981,0,0,0,0,0,0,0,0,0,0,False
04982,04982,0,0,0,0,0,0,0,0,0,0,False
04983,04983,0,0,0,0,0,0,0,0,0,0,False
04984,04984,0,0,0,0,0,0,0,0,0,0,False
04985,04985,0,0,0,0,0,0,0,0,0,0,False
04986,04986,0,0,0,0,0,0,0,0,0,0,False
04987,04987,0,0,0,0,0,0,0,0,0,0,False
04988,04988,0,0,0,0,0,0,0,0,0,0,False
04989,04989,0,0,0,0,0,0,0,0,0,0,False
04990,04990,0,0,0,0,0,0,0,0,0,0,False
04991,04991,0,0,0,0,0,0,0,0,0,0,False
04992,04992,0,0,0,0,0,0,0,0,0,0,False
04993,04993,0,0,0,0,0,0,0,0,0,0,False
04994,04994,0,0,0,0,0,0,0,0,0,0,False
04995,04995,0,0,0,0,0,0,0,0,0,0,False
04996,04996,0,0,0,0,0,0,0,0,0,0,False
04997,04997,0,0,0,0,0,0,0,0,0,0,False
04998,04998,0,0,0,0,0,0,0,0,0,0,False
04999,04999,0,0,0,0,0,0,0,0,0,0,False
05000,05000,0,0,0,0,0,0,0,0,0,0,False
05001,05001,0,0,0,0,0,0,0,0,0,0,False
05002,05002,0,0,0,0,0,0,0,0,0,0,False
05003,05003,0,0,0,0,0,0,0,0,0,0,False
05004,05004,0,0,0,0,0,0,0,0,0,0,False
05005,05005,0,0,0,0,0,0,0,0,0,0,False
05006,05006,0,0,0,0,0,0,0,0,0,0,False
05007,05007,0,0,0,0,0,0,0,0,0,0,False
05008,05008,0,0,0,0,0,0,0,0,0,0,False
05009,05009,0,0,0,0,0,0,0,0,0,0,False
05010,05010,0,0,0,0,0,0,0,0,0,0,False
05011,05011,0,0,0,0,0,0,0,0,0,0,False
05012,05012,0,0,0,0,0,0,0,0,0,0,False
05013,05013,0,0,0,0,0,0,0,0,0,0,False
05014,05014,0,0,0,0,0,0,0,0,0,0,False
05015,05015,0,0,0,0,0,0,0,0,0,0,False
05016,05016,0,0,0,0,0,0,0,0,0,0,False
05017,05017,0,0,0,0,0,0,0,0,0,0,False
05018,05018,0,0,0,0,0,0,0,0,0,0,False
05019,05019,0,0,0,0,0,0,0,0,0,0,False
05020,05020,0,0,0,0,0,0,0,0,0,0,False
05021,05021,0,0,0,0,0,0,0,0,0,0,False
05022,05022,0,0,0,0,0,0,0,0,0,0,False
05023,05023,0,0,0,0,0,0,0,0,0,0,False
05024,05024,0,0,0,0,0,0,0,0,0,0,False
05025,05025,0,0,0,0,0,0,0,0,0,0,False
05026,05026,0,0,0,0,0,0,0,0,0,0,False
05027,05027,0,0,0,0,0,0,0,0,0,0,False
05028,05028,0,0,0,0,0,0,0,0,0,0,False
05029,05029,0,0,0,0,0,0,0,0,0,0,False
05030,05030,0,0,0,0,0,0,0,0,0,0,False
05031,05031,0,0,0,0,0,0,0,0,0,0,False
05032,05032,0,0,0,0,0,0,0,0,0,0,False
05033,05033,0,0,0,0,0,0,0,0,0,0,False
05034,05034,0,0,0,0,0,0,0,0,0,0,False
05035,05035,0,0,0,0,0,0,0,0,0,0,False
05036,05036,0,0,0,0,0,0,0,0,0,0,False
05037,05037,0,0,0,0,0,0,0,0,0,0,False
05038,05038,0,0,0,0,0,0,0,0,0,0,False
05039,05039,0,0,0,0,0,0,0,0,0,0,False
05040,05040,0,0,0,0,0,0,0,0,0,0,False
05041,05041,0,0,0,0,0,0,0,0,0,0,False
05042,05042,0,0,0,0,0,0,0,0,0,0,False
05043,05043,0,0,0,0,0,0,0,0,0,0,False
05044,05044,0,0,0,0,0,0,0,0,0,0,False
05045,05045,0,0,0,0,0,0,0,0,0,0,False
05046,05046,0,0,0,0,0,0,0,0,0,0,False
05047,05047,0,0,0,0,0,0,0,0,0,0,False
05048,05048,0,0,0,0,0,0,0,0,0,0,False
05049,05049,0,0,0,0,0,0,0,0,0,0,False
05050,05050,0,0,0,0,0,0,0,0,0,0,False
05051,05051,0,0,0,0,0,0,0,0,0,0,False
05052,05052,0,0,0,0,0,0,0,0,0,0,False
05053,05053,0,0,0,0,0,0,0,0,0,0,False
05054,05054,0,0,0,0,0,0,0,0,0,0,False
05055,05055,0,0,0,0,0,0,0,0,0,0,False
05056,05056,0,0,0,0,0,0,0,0,0,0,False
05057,05057,0,0,0,0,0,0,0,0,0,0,False
05058,05058,0,0,0,0,0,0,0,0,0,0,False
05059,05059,0,0,0,0,0,0,0,0,0,0,False
05060,05060,0,0,0,0,0,0,0,0,0,0,False
05061,05061,0,0,0,0,0,0,0,0,0,0,False
05062,05062,0,0,0,0,0,0,0,0,0,0,False
05063,05063,0,0,0,0,0,0,0,0,0,0,False
05064,05064,0,0,0,0,0,0,0,0,0,0,False
05065,05065,0,0,0,0,0,0,0,0,0,0,False
05066,05066,0,0,0,0,0,0,0,0,0,0,False
05067,05067,0,0,0,0,0,0,0,0,0,0,False
05068,05068,0,0,0,0,0,0,0,0,0,0,False
05069,05069,0,0,0,0,0,0,0,0,0,0,False
05070,05070,0,0,0,0,0,0,0,0,0,0,False
05071,05071,0,0,0,0,0,0,0,0,0,0,False
05072,05072,0,0,0,0,0,0,0,0,0,0,False
05073,05073,0,0,0,0,0,0,0,0,0,0,False
05074,05074,0,0,0,0,0,0,0,0,0,0,False
05075,05075,0,0,0,0,0,0,0,0,0,0,False
05076,05076,0,0,0,0,0,0,0,0,0,0,False
05077,05077,0,0,0,0,0,0,0,0,0,0,False
05078,05078,0,0,0,0,0,0,0,0,0,0,False
05079,05079,0,0,0,0,0,0,0,0,0,0,False
05080,05080,0,0,0,0,0,0,0,0,0,0,False
05081,05081,0,0,0,0,0,0,0,0,0,0,False
05082,05082,0,0,0,0,0,0,0,0,0,0,False
05083,05083,0,0,0,0,0,0,0,0,0,0,False
05084,05084,0,0,0,0,0,0,0,0,0,0,False
05085,05085,0,0,0,0,0,0,0,0,0,0,False
05086,05086,0,0,0,0,0,0,0,0,0,0,False
05087,05087,0,0,0,0,0,0,0,0,0,0,False
05088,05088,0,0,0,0,0,0,0,0,0,0,False
05089,05089,0,0,0,0,0,0,0,0,0,0,False
05090,05090,0,0,0,0,0,0,0,0,0,0,False
05091,05091,0,0,0,0,0,0,0,0,0,0,False
05092,05092,0,0,0,0,0,0,0,0,0,0,False
05093,05093,0,0,0,0,0,0,0,0,0,0,False
05094,05094,0,0,0,0,0,0,0,0,0,0,False
05095,05095,0,0,0,0,0,0,0,0,0,0,False
05096,05096,0,0,0,0,0,0,0,0,0,0,False
05097,05097,0,0,0,0,0,0,0,0,0,0,False
05098,05098,0,0,0,0,0,0,0,0,0,0,False
05099,05099,0,0,0,0,0,0,0,0,0,0,False
05100,05100,0,0,0,0,0,0,0,0,0,0,False
05101,05101,0,0,0,0,0,0,0,0,0,0,False
05102,05102,0,0,0,0,0,0,0,0,0,0,False
05103,05103,0,0,0,0,0,0,0,0,0,0,False
05104,05104,0,0,0,0,0,0,0,0,0,0,False
05105,05105,0,0,0,0,0,0,0,0,0,0,False
05106,05106,0,0,0,0,0,0,0,0,0,0,False
05107,05107,0,0,0,0,0,0,0,0,0,0,False
05108,05108,0,0,0,0,0,0,0,0,0,0,False
05109,05109,0,0,0,0,0,0,0,0,0,0,False
05110,05110,0,0,0,0,0,0,0,0,0,0,False
05111,05111,0,0,0,0,0,0,0,0,0,0,False
05112,05112,0,0,0,0,0,0,0,0,0,0,False
05113,05113,0,0,0,0,0,0,0,0,0,0,False
05114,05114,0,0,0,0,0,0,0,0,0,0,False
05115,05115,0,0,0,0,0,0,0,0,0,0,False
05116,05116,0,0,0,0,0,0,0,0,0,0,False
05117,05117,0,0,0,0,0,0,0,0,0,0,False
05118,05118,0,0,0,0,0,0,0,0,0,0,False
05119,05119,0,0,0,0,0,0,0,0,0,0,False
05120,05120,0,0,0,0,0,0,0,0,0,0,False
05121,05121,0,0,0,0,0,0,0,0,0,0,False
05122,05122,0,0,0,0,0,0,0,0,0,0,False
05123,05123,0,0,0,0,0,0,0,0,0,0,False
05124,05124,0,0,0,0,0,0,0,0,0,0,False
05125,05125,0,0,0,0,0,0,0,0,0,0,False
05126,05126,0,0,0,0,0,0,0,0,0,0,False
05127,05127,0,0,0,0,0,0,0,0,0,0,False
05128,05128,0,0,0,0,0,0,0,0,0,0,False
05129,05129,0,0,0,0,0,0,0,0,0,0,False
05130,05130,0,0,0,0,0,0,0,0,0,0,False
05131,05131,0,0,0,0,0,0,0,0,0,0,False
05132,05132,0,0,0,0,0,0,0,0,0,0,False
05133,05133,0,0,0,0,0,0,0,0,0,0,False
05134,05134,0,0,0,0,0,0,0,0,0,0,False
05135,05135,0,0,0,0,0,0,0,0,0,0,False
05136,05136,0,0,0,0,0,0,0,0,0,0,False
05137,05137,0,0,0,0,0,0,0,0,0,0,False
05138,05138,0,0,0,0,0,0,0,0,0,0,False
05139,05139,0,0,0,0,0,0,0,0,0,0,False
05140,05140,0,0,0,0,0,0,0,0,0,0,False
05141,05141,0,0,0,0,0,0,0,0,0,0,False
05142,05142,0,0,0,0,0,0,0,0,0,0,False
05143,05143,0,0,0,0,0,0,0,0,0,0,False
05144,05144,0,0,0,0,0,0,0,0,0,0,False
05145,05145,0,0,0,0,0,0,0,0,0,0,False
05146,05146,0,0,0,0,0,0,0,0,0,0,False
05147,05147,0,0,0,0,0,0,0,0,0,0,False
05148,05148,0,0,0,0,0,0,0,0,0,0,False
05149,05149,0,0,0,0,0,0,0,0,0,0,False
05150,05150,0,0,0,0,0,0,0,0,0,0,False
05151,05151,0,0,0,0,0,0,0,0,0,0,False
05152,05152,0,0,0,0,0,0,0,0,0,0,False
05153,05153,0,0,0,0,0,0,0,0,0,0,False
05154,05154,0,0,0,0,0,0,0,0,0,0,False
05155,05155,0,0,0,0,0,0,0,0,0,0,False
05156,05156,0,0,0,0,0,0,0,0,0,0,False
05157,05157,0,0,0,0,0,0,0,0,0,0,False
05158,05158,0,0,0,0,0,0,0,0,0,0,False
05159,05159,0,0,0,0,0,0,0,0,0,0,False
05160,05160,0,0,0,0,0,0,0,0,0,0,False
05161,05161,0,0,0,0,0,0,0,0,0,0,False
05162,05162,0,0,0,0,0,0,0,0,0,0,False
05163,05163,0,0,0,0,0,0,0,0,0,0,False
05164,05164,0,0,0,0,0,0,0,0,0,0,False
05165,05165,0,0,0,0,0,0,0,0,0,0,False
05166,05166,0,0,0,0,0,0,0,0,0,0,False
05167,05167,0,0,0,0,0,0,0,0,0,0,False
05168,05168,0,0,0,0,0,0,0,0,0,0,False
05169,05169,0,0,0,0,0,0,0,0,0,0,False
05170,05170,0,0,0,0,0,0,0,0,0,0,False
05171,05171,0,0,0,0,0,0,0,0,0,0,False
05172,05172,0,0,0,0,0,0,0,0,0,0,False
05173,05173,0,0,0,0,0,0,0,0,0,0,False
05174,05174,0,0,0,0,0,0,0,0,0,0,False
05175,05175,0,0,0,0,0,0,0,0,0,0,False
05176,05176,0,0,0,0,0,0,0,0,0,0,False
05177,05177,0,0,0,0,0,0,0,0,0,0,False
05178,05178,0,0,0,0,0,0,0,0,0,0,False
05179,05179,0,0,0,0,0,0,0,0,0,0,False
05180,05180,0,0,0,0,0,0,0,0,0,0,False
05181,05181,0,0,0,0,0,0,0,0,0,0,False
05182,05182,0,0,0,0,0,0,0,0,0,0,False
05183,05183,0,0,0,0,0,0,0,0,0,0,False
05184,05184,0,0,0,0,0,0,0,0,0,0,False
05185,05185,0,0,0,0,0,0,0,0,0,0,False
05186,05186,0,0,0,0,0,0,0,0,0,0,False
05187,05187,0,0,0,0,0,0,0,0,0,0,False
05188,05188,0,0,0,0,0,0,0,0,0,0,False
05189,05189,0,0,0,0,0,0,0,0,0,0,False
05190,05190,0,0,0,0,0,0,0,0,0,0,False
05191,05191,0,0,0,0,0,0,0,0,0,0,False
05192,05192,0,0,0,0,0,0,0,0,0,0,False
05193,05193,0,0,0,0,0,0,0,0,0,0,False
05194,05194,0,0,0,0,0,0,0,0,0,0,False
05195,05195,0,0,0,0,0,0,0,0,0,0,False
05196,05196,0,0,0,0,0,0,0,0,0,0,False
05197,05197,0,0,0,0,0,0,0,0,0,0,False
05198,05198,0,0,0,0,0,0,0,0,0,0,False
05199,05199,0,0,0,0,0,0,0,0,0,0,False
05200,05200,0,0,0,0,0,0,0,0,0,0,False
05201,05201,0,0,0,0,0,0,0,0,0,0,False
05202,05202,0,0,0,0,0,0,0,0,0,0,False
05203,05203,0,0,0,0,0,0,0,0,0,0,False
05204,05204,0,0,0,0,0,0,0,0,0,0,False
05205,05205,0,0,0,0,0,0,0,0,0,0,False
05206,05206,0,0,0,0,0,0,0,0,0,0,False
05207,05207,0,0,0,0,0,0,0,0,0,0,False
05208,05208,0,0,0,0,0,0,0,0,0,0,False
05209,05209,0,0,0,0,0,0,0,0,0,0,False
05210,05210,0,0,0,0,0,0,0,0,0,0,False
05211,05211,0,0,0,0,0,0,0,0,0,0,False
05212,05212,0,0,0,0,0,0,0,0,0,0,False
05213,05213,0,0,0,0,0,0,0,0,0,0,False
05214,05214,0,0,0,0,0,0,0,0,0,0,False
05215,05215,0,0,0,0,0,0,0,0,0,0,False
05216,05216,0,0,0,0,0,0,0,0,0,0,False
05217,05217,0,0,0,0,0,0,0,0,0,0,False
05218,05218,0,0,0,0,0,0,0,0,0,0,False
05219,05219,0,0,0,0,0,0,0,0,0,0,False
05220,05220,0,0,0,0,0,0,0,0,0,0,False
05221,05221,0,0,0,0,0,0,0,0,0,0,False
05222,05222,0,0,0,0,0,0,0,0,0,0,False
05223,05223,0,0,0,0,0,0,0,0,0,0,False
05224,05224,0,0,0,0,0,0,0,0,0,0,False
05225,05225,0,0,0,0,0,0,0,0,0,0,False
05226,05226,0,0,0,0,0,0,0,0,0,0,False
05227,05227,0,0,0,0,0,0,0,0,0,0,False
05228,05228,0,0,0,0,0,0,0,0,0,0,False
05229,05229,0,0,0,0,0,0,0,0,0,0,False
05230,05230,0,0,0,0,0,0,0,0,0,0,False
05231,05231,0,0,0,0,0,0,0,0,0,0,False
05232,05232,0,0,0,0,0,0,0,0,0,0,False
05233,05233,0,0,0,0,0,0,0,0,0,0,False
05234,05234,0,0,0,0,0,0,0,0,0,0,False
05235,05235,0,0,0,0,0,0,0,0,0,0,False
05236,05236,0,0,0,0,0,0,0,0,0,0,False
05237,05237,0,0,0,0,0,0,0,0,0,0,False
05238,05238,0,0,0,0,0,0,0,0,0,0,False
05239,05239,0,0,0,0,0,0,0,0,0,0,False
05240,05240,0,0,0,0,0,0,0,0,0,0,False
05241,05241,0,0,0,0,0,0,0,0,0,0,False
05242,05242,0,0,0,0,0,0,0,0,0,0,False
05243,05243,0,0,0,0,0,0,0,0,0,0,False
05244,05244,0,0,0,0,0,0,0,0,0,0,False
05245,05245,0,0,0,0,0,0,0,0,0,0,False
05246,05246,0,0,0,0,0,0,0,0,0,0,False
05247,05247,0,0,0,0,0,0,0,0,0,0,False
05248,05248,0,0,0,0,0,0,0,0,0,0,False
05249,05249,0,0,0,0,0,0,0,0,0,0,False
05250,05250,0,0,0,0,0,0,0,0,0,0,False
05251,05251,0,0,0,0,0,0,0,0,0,0,False
05252,05252,0,0,0,0,0,0,0,0,0,0,False
05253,05253,0,0,0,0,0,0,0,0,0,0,False
05254,05254,0,0,0,0,0,0,0,0,0,0,False
05255,05255,0,0,0,0,0,0,0,0,0,0,False
05256,05256,0,0,0,0,0,0,0,0,0,0,False
05257,05257,0,0,0,0,0,0,0,0,0,0,False
05258,05258,0,0,0,0,0,0,0,0,0,0,False
05259,05259,0,0,0,0,0,0,0,0,0,0,False
05260,05260,0,0,0,0,0,0,0,0,0,0,False
05261,05261,0,0,0,0,0,0,0,0,0,0,False
05262,05262,0,0,0,0,0,0,0,0,0,0,False
05263,05263,0,0,0,0,0,0,0,0,0,0,False
05264,05264,0,0,0,0,0,0,0,0,0,0,False
05265,05265,0,0,0,0,0,0,0,0,0,0,False
05266,05266,0,0,0,0,0,0,0,0,0,0,False
05267,05267,0,0,0,0,0,0,0,0,0,0,False
05268,05268,0,0,0,0,0,0,0,0,0,0,False
05269,05269,0,0,0,0,0,0,0,0,0,0,False
05270,05270,0,0,0,0,0,0,0,0,0,0,False
05271,05271,0,0,0,0,0,0,0,0,0,0,False
05272,05272,0,0,0,0,0,0,0,0,0,0,False
05273,05273,0,0,0,0,0,0,0,0,0,0,False
05274,05274,0,0,0,0,0,0,0,0,0,0,False
05275,05275,0,0,0,0,0,0,0,0,0,0,False
05276,05276,0,0,0,0,0,0,0,0,0,0,False
05277,05277,0,0,0,0,0,0,0,0,0,0,False
05278,05278,0,0,0,0,0,0,0,0,0,0,False
05279,05279,0,0,0,0,0,0,0,0,0,0,False
05280,05280,0,0,0,0,0,0,0,0,0,0,False
05281,05281,0,0,0,0,0,0,0,0,0,0,False
05282,05282,0,0,0,0,0,0,0,0,0,0,False
05283,05283,0,0,0,0,0,0,0,0,0,0,False
05284,05284,0,0,0,0,0,0,0,0,0,0,False
05285,05285,0,0,0,0,0,0,0,0,0,0,False
05286,05286,0,0,0,0,0,0,0,0,0,0,False
05287,05287,0,0,0,0,0,0,0,0,0,0,False
05288,05288,0,0,0,0,0,0,0,0,0,0,False
05289,05289,0,0,0,0,0,0,0,0,0,0,False
05290,05290,0,0,0,0,0,0,0,0,0,0,False
05291,05291,0,0,0,0,0,0,0,0,0,0,False
05292,05292,0,0,0,0,0,0,0,0,0,0,False
05293,05293,0,0,0,0,0,0,0,0,0,0,False
05294,05294,0,0,0,0,0,0,0,0,0,0,False
05295,05295,0,0,0,0,0,0,0,0,0,0,False
05296,05296,0,0,0,0,0,0,0,0,0,0,False
05297,05297,0,0,0,0,0,0,0,0,0,0,False
05298,05298,0,0,0,0,0,0,0,0,0,0,False
05299,05299,0,0,0,0,0,0,0,0,0,0,False
05300,05300,0,0,0,0,0,0,0,0,0,0,False
05301,05301,0,0,0,0,0,0,0,0,0,0,False
05302,05302,0,0,0,0,0,0,0,0,0,0,False
05303,05303,0,0,0,0,0,0,0,0,0,0,False
05304,05304,0,0,0,0,0,0,0,0,0,0,False
05305,05305,0,0,0,0,0,0,0,0,0,0,False
05306,05306,0,0,0,0,0,0,0,0,0,0,False
05307,05307,0,0,0,0,0,0,0,0,0,0,False
05308,05308,0,0,0,0,0,0,0,0,0,0,False
05309,05309,0,0,0,0,0,0,0,0,0,0,False
05310,05310,0,0,0,0,0,0,0,0,0,0,False
05311,05311,0,0,0,0,0,0,0,0,0,0,False
05312,05312,0,0,0,0,0,0,0,0,0,0,False
05313,05313,0,0,0,0,0,0,0,0,0,0,False
05314,05314,0,0,0,0,0,0,0,0,0,0,False
05315,05315,0,0,0,0,0,0,0,0,0,0,False
05316,05316,0,0,0,0,0,0,0,0,0,0,False
05317,05317,0,0,0,0,0,0,0,0,0,0,False
05318,05318,0,0,0,0,0,0,0,0,0,0,False
05319,05319,0,0,0,0,0,0,0,0,0,0,False
05320,05320,0,0,0,0,0,0,0,0,0,0,False
05321,05321,0,0,0,0,0,0,0,0,0,0,False
05322,05322,0,0,0,0,0,0,0,0,0,0,False
05323,05323,0,0,0,0,0,0,0,0,0,0,False
05324,05324,0,0,0,0,0,0,0,0,0,0,False
05325,05325,0,0,0,0,0,0,0,0,0,0,False
05326,05326,0,0,0,0,0,0,0,0,0,0,False
05327,05327,0,0,0,0,0,0,0,0,0,0,False
05328,05328,0,0,0,0,0,0,0,0,0,0,False
05329,05329,0,0,0,0,0,0,0,0,0,0,False
05330,05330,0,0,0,0,0,0,0,0,0,0,False
05331,05331,0,0,0,0,0,0,0,0,0,0,False
05332,05332,0,0,0,0,0,0,0,0,0,0,False
05333,05333,0,0,0,0,0,0,0,0,0,0,False
05334,05334,0,0,0,0,0,0,0,0,0,0,False
05335,05335,0,0,0,0,0,0,0,0,0,0,False
05336,05336,0,0,0,0,0,0,0,0,0,0,False
05337,05337,0,0,0,0,0,0,0,0,0,0,False
05338,05338,0,0,0,0,0,0,0,0,0,0,False
05339,05339,0,0,0,0,0,0,0,0,0,0,False
05340,05340,0,0,0,0,0,0,0,0,0,0,False
05341,05341,0,0,0,0,0,0,0,0,0,0,False
05342,05342,0,0,0,0,0,0,0,0,0,0,False
05343,05343,0,0,0,0,0,0,0,0,0,0,False
05344,05344,0,0,0,0,0,0,0,0,0,0,False
05345,05345,0,0,0,0,0,0,0,0,0,0,False
05346,05346,0,0,0,0,0,0,0,0,0,0,False
05347,05347,0,0,0,0,0,0,0,0,0,0,False
05348,05348,0,0,0,0,0,0,0,0,0,0,False
05349,05349,0,0,0,0,0,0,0,0,0,0,False
05350,05350,0,0,0,0,0,0,0,0,0,0,False
05351,05351,0,0,0,0,0,0,0,0,0,0,False
05352,05352,0,0,0,0,0,0,0,0,0,0,False
05353,05353,0,0,0,0,0,0,0,0,0,0,False
05354,05354,0,0,0,0,0,0,0,0,0,0,False
05355,05355,0,0,0,0,0,0,0,0,0,0,False
05356,05356,0,0,0,0,0,0,0,0,0,0,False
05357,05357,0,0,0,0,0,0,0,0,0,0,False
05358,05358,0,0,0,0,0,0,0,0,0,0,False
05359,05359,0,0,0,0,0,0,0,0,0,0,False
05360,05360,0,0,0,0,0,0,0,0,0,0,False
05361,05361,0,0,0,0,0,0,0,0,0,0,False
05362,05362,0,0,0,0,0,0,0,0,0,0,False
05363,05363,0,0,0,0,0,0,0,0,0,0,False
05364,05364,0,0,0,0,0,0,0,0,0,0,False
05365,05365,0,0,0,0,0,0,0,0,0,0,False
05366,05366,0,0,0,0,0,0,0,0,0,0,False
05367,05367,0,0,0,0,0,0,0,0,0,0,False
05368,05368,0,0,0,0,0,0,0,0,0,0,False
05369,05369,0,0,0,0,0,0,0,0,0,0,False
05370,05370,0,0,0,0,0,0,0,0,0,0,False
05371,05371,0,0,0,0,0,0,0,0,0,0,False
05372,05372,0,0,0,0,0,0,0,0,0,0,False
05373,05373,0,0,0,0,0,0,0,0,0,0,False
05374,05374,0,0,0,0,0,0,0,0,0,0,False
05375,05375,0,0,0,0,0,0,0,0,0,0,False
05376,05376,0,0,0,0,0,0,0,0,0,0,False
05377,05377,0,0,0,0,0,0,0,0,0,0,False
05378,05378,0,0,0,0,0,0,0,0,0,0,False
05379,05379,0,0,0,0,0,0,0,0,0,0,False
05380,05380,0,0,0,0,0,0,0,0,0,0,False
05381,05381,0,0,0,0,0,0,0,0,0,0,False
05382,05382,0,0,0,0,0,0,0,0,0,0,False
05383,05383,0,0,0,0,0,0,0,0,0,0,False
05384,05384,0,0,0,0,0,0,0,0,0,0,False
05385,05385,0,0,0,0,0,0,0,0,0,0,False
05386,05386,0,0,0,0,0,0,0,0,0,0,False
05387,05387,0,0,0,0,0,0,0,0,0,0,False
05388,05388,0,0,0,0,0,0,0,0,0,0,False
05389,05389,0,0,0,0,0,0,0,0,0,0,False
05390,05390,0,0,0,0,0,0,0,0,0,0,False
05391,05391,0,0,0,0,0,0,0,0,0,0,False
05392,05392,0,0,0,0,0,0,0,0,0,0,False
05393,05393,0,0,0,0,0,0,0,0,0,0,False
05394,05394,0,0,0,0,0,0,0,0,0,0,False
05395,05395,0,0,0,0,0,0,0,0,0,0,False
05396,05396,0,0,0,0,0,0,0,0,0,0,False
05397,05397,0,0,0,0,0,0,0,0,0,0,False
05398,05398,0,0,0,0,0,0,0,0,0,0,False
05399,05399,0,0,0,0,0,0,0,0,0,0,False
05400,05400,0,0,0,0,0,0,0,0,0,0,False
05401,05401,0,0,0,0,0,0,0,0,0,0,False
05402,05402,0,0,0,0,0,0,0,0,0,0,False
05403,05403,0,0,0,0,0,0,0,0,0,0,False
05404,05404,0,0,0,0,0,0,0,0,0,0,False
05405,05405,0,0,0,0,0,0,0,0,0,0,False
05406,05406,0,0,0,0,0,0,0,0,0,0,False
05407,05407,0,0,0,0,0,0,0,0,0,0,False
05408,05408,0,0,0,0,0,0,0,0,0,0,False
05409,05409,0,0,0,0,0,0,0,0,0,0,False
05410,05410,0,0,0,0,0,0,0,0,0,0,False
05411,05411,0,0,0,0,0,0,0,0,0,0,False
05412,05412,0,0,0,0,0,0,0,0,0,0,False
05413,05413,0,0,0,0,0,0,0,0,0,0,False
05414,05414,0,0,0,0,0,0,0,0,0,0,False
05415,05415,0,0,0,0,0,0,0,0,0,0,False
05416,05416,0,0,0,0,0,0,0,0,0,0,False
05417,05417,0,0,0,0,0,0,0,0,0,0,False
05418,05418,0,0,0,0,0,0,0,0,0,0,False
05419,05419,0,0,0,0,0,0,0,0,0,0,False
05420,05420,0,0,0,0,0,0,0,0,0,0,False
05421,05421,0,0,0,0,0,0,0,0,0,0,False
05422,05422,0,0,0,0,0,0,0,0,0,0,False
05423,05423,0,0,0,0,0,0,0,0,0,0,False
05424,05424,0,0,0,0,0,0,0,0,0,0,False
05425,05425,0,0,0,0,0,0,0,0,0,0,False
05426,05426,0,0,0,0,0,0,0,0,0,0,False
05427,05427,0,0,0,0,0,0,0,0,0,0,False
05428,05428,0,0,0,0,0,0,0,0,0,0,False
05429,05429,0,0,0,0,0,0,0,0,0,0,False
05430,05430,0,0,0,0,0,0,0,0,0,0,False
05431,05431,0,0,0,0,0,0,0,0,0,0,False
05432,05432,0,0,0,0,0,0,0,0,0,0,False
05433,05433,0,0,0,0,0,0,0,0,0,0,False
05434,05434,0,0,0,0,0,0,0,0,0,0,False
05435,05435,0,0,0,0,0,0,0,0,0,0,False
05436,05436,0,0,0,0,0,0,0,0,0,0,False
05437,05437,0,0,0,0,0,0,0,0,0,0,False
05438,05438,0,0,0,0,0,0,0,0,0,0,False
05439,05439,0,0,0,0,0,0,0,0,0,0,False
05440,05440,0,0,0,0,0,0,0,0,0,0,False
05441,05441,0,0,0,0,0,0,0,0,0,0,False
05442,05442,0,0,0,0,0,0,0,0,0,0,False
05443,05443,0,0,0,0,0,0,0,0,0,0,False
05444,05444,0,0,0,0,0,0,0,0,0,0,False
05445,05445,0,0,0,0,0,0,0,0,0,0,False
05446,05446,0,0,0,0,0,0,0,0,0,0,False
05447,05447,0,0,0,0,0,0,0,0,0,0,False
05448,05448,0,0,0,0,0,0,0,0,0,0,False
05449,05449,0,0,0,0,0,0,0,0,0,0,False
05450,05450,0,0,0,0,0,0,0,0,0,0,False
05451,05451,0,0,0,0,0,0,0,0,0,0,False
05452,05452,0,0,0,0,0,0,0,0,0,0,False
05453,05453,0,0,0,0,0,0,0,0,0,0,False
05454,05454,0,0,0,0,0,0,0,0,0,0,False
05455,05455,0,0,0,0,0,0,0,0,0,0,False
05456,05456,0,0,0,0,0,0,0,0,0,0,False
05457,05457,0,0,0,0,0,0,0,0,0,0,False
05458,05458,0,0,0,0,0,0,0,0,0,0,False
05459,05459,0,0,0,0,0,0,0,0,0,0,False
05460,05460,0,0,0,0,0,0,0,0,0,0,False
05461,05461,0,0,0,0,0,0,0,0,0,0,False
05462,05462,0,0,0,0,0,0,0,0,0,0,False
05463,05463,0,0,0,0,0,0,0,0,0,0,False
05464,05464,0,0,0,0,0,0,0,0,0,0,False
05465,05465,0,0,0,0,0,0,0,0,0,0,False
05466,05466,0,0,0,0,0,0,0,0,0,0,False
05467,05467,0,0,0,0,0,0,0,0,0,0,False
05468,05468,0,0,0,0,0,0,0,0,0,0,False
05469,05469,0,0,0,0,0,0,0,0,0,0,False
05470,05470,0,0,0,0,0,0,0,0,0,0,False
05471,05471,0,0,0,0,0,0,0,0,0,0,False
05472,05472,0,0,0,0,0,0,0,0,0,0,False
05473,05473,0,0,0,0,0,0,0,0,0,0,False
05474,05474,0,0,0,0,0,0,0,0,0,0,False
05475,05475,0,0,0,0,0,0,0,0,0,0,False
05476,05476,0,0,0,0,0,0,0,0,0,0,False
05477,05477,0,0,0,0,0,0,0,0,0,0,False
05478,05478,0,0,0,0,0,0,0,0,0,0,False
05479,05479,0,0,0,0,0,0,0,0,0,0,False
05480,05480,0,0,0,0,0,0,0,0,0,0,False
05481,05481,0,0,0,0,0,0,0,0,0,0,False
05482,05482,0,0,0,0,0,0,0,0,0,0,False
05483,05483,0,0,0,0,0,0,0,0,0,0,False
05484,05484,0,0,0,0,0,0,0,0,0,0,False
05485,05485,0,0,0,0,0,0,0,0,0,0,False
05486,05486,0,0,0,0,0,0,0,0,0,0,False
05487,05487,0,0,0,0,0,0,0,0,0,0,False
05488,05488,0,0,0,0,0,0,0,0,0,0,False
05489,05489,0,0,0,0,0,0,0,0,0,0,False
05490,05490,0,0,0,0,0,0,0,0,0,0,False
05491,05491,0,0,0,0,0,0,0,0,0,0,False
05492,05492,0,0,0,0,0,0,0,0,0,0,False
05493,05493,0,0,0,0,0,0,0,0,0,0,False
05494,05494,0,0,0,0,0,0,0,0,0,0,False
05495,05495,0,0,0,0,0,0,0,0,0,0,False
05496,05496,0,0,0,0,0,0,0,0,0,0,False
05497,05497,0,0,0,0,0,0,0,0,0,0,False
05498,05498,0,0,0,0,0,0,0,0,0,0,False
05499,05499,0,0,0,0,0,0,0,0,0,0,False
05500,05500,0,0,0,0,0,0,0,0,0,0,False
05501,05501,0,0,0,0,0,0,0,0,0,0,False
05502,05502,0,0,0,0,0,0,0,0,0,0,False
05503,05503,0,0,0,0,0,0,0,0,0,0,False
05504,05504,0,0,0,0,0,0,0,0,0,0,False
05505,05505,0,0,0,0,0,0,0,0,0,0,False
05506,05506,0,0,0,0,0,0,0,0,0,0,False
05507,05507,0,0,0,0,0,0,0,0,0,0,False
05508,05508,0,0,0,0,0,0,0,0,0,0,False
05509,05509,0,0,0,0,0,0,0,0,0,0,False
05510,05510,0,0,0,0,0,0,0,0,0,0,False
05511,05511,0,0,0,0,0,0,0,0,0,0,False
05512,05512,0,0,0,0,0,0,0,0,0,0,False
05513,05513,0,0,0,0,0,0,0,0,0,0,False
05514,05514,0,0,0,0,0,0,0,0,0,0,False
05515,05515,0,0,0,0,0,0,0,0,0,0,False
05516,05516,0,0,0,0,0,0,0,0,0,0,False
05517,05517,0,0,0,0,0,0,0,0,0,0,False
05518,05518,0,0,0,0,0,0,0,0,0,0,False
05519,05519,0,0,0,0,0,0,0,0,0,0,False
05520,05520,0,0,0,0,0,0,0,0,0,0,False
05521,05521,0,0,0,0,0,0,0,0,0,0,False
05522,05522,0,0,0,0,0,0,0,0,0,0,False
05523,05523,0,0,0,0,0,0,0,0,0,0,False
05524,05524,0,0,0,0,0,0,0,0,0,0,False
05525,05525,0,0,0,0,0,0,0,0,0,0,False
05526,05526,0,0,0,0,0,0,0,0,0,0,False
05527,05527,0,0,0,0,0,0,0,0,0,0,False
05528,05528,0,0,0,0,0,0,0,0,0,0,False
05529,05529,0,0,0,0,0,0,0,0,0,0,False
05530,05530,0,0,0,0,0,0,0,0,0,0,False
05531,05531,0,0,0,0,0,0,0,0,0,0,False
05532,05532,0,0,0,0,0,0,0,0,0,0,False
05533,05533,0,0,0,0,0,0,0,0,0,0,False
05534,05534,0,0,0,0,0,0,0,0,0,0,False
05535,05535,0,0,0,0,0,0,0,0,0,0,False
05536,05536,0,0,0,0,0,0,0,0,0,0,False
05537,05537,0,0,0,0,0,0,0,0,0,0,False
05538,05538,0,0,0,0,0,0,0,0,0,0,False
05539,05539,0,0,0,0,0,0,0,0,0,0,False
05540,05540,0,0,0,0,0,0,0,0,0,0,False
05541,05541,0,0,0,0,0,0,0,0,0,0,False
05542,05542,0,0,0,0,0,0,0,0,0,0,False
05543,05543,0,0,0,0,0,0,0,0,0,0,False
05544,05544,0,0,0,0,0,0,0,0,0,0,False
05545,05545,0,0,0,0,0,0,0,0,0,0,False
05546,05546,0,0,0,0,0,0,0,0,0,0,False
05547,05547,0,0,0,0,0,0,0,0,0,0,False
05548,05548,0,0,0,0,0,0,0,0,0,0,False
05549,05549,0,0,0,0,0,0,0,0,0,0,False
05550,05550,0,0,0,0,0,0,0,0,0,0,False
05551,05551,0,0,0,0,0,0,0,0,0,0,False
05552,05552,0,0,0,0,0,0,0,0,0,0,False
05553,05553,0,0,0,0,0,0,0,0,0,0,False
05554,05554,0,0,0,0,0,0,0,0,0,0,False
05555,05555,0,0,0,0,0,0,0,0,0,0,False
05556,05556,0,0,0,0,0,0,0,0,0,0,False
05557,05557,0,0,0,0,0,0,0,0,0,0,False
05558,05558,0,0,0,0,0,0,0,0,0,0,False
05559,05559,0,0,0,0,0,0,0,0,0,0,False
05560,05560,0,0,0,0,0,0,0,0,0,0,False
05561,05561,0,0,0,0,0,0,0,0,0,0,False
05562,05562,0,0,0,0,0,0,0,0,0,0,False
05563,05563,0,0,0,0,0,0,0,0,0,0,False
05564,05564,0,0,0,0,0,0,0,0,0,0,False
05565,05565,0,0,0,0,0,0,0,0,0,0,False
05566,05566,0,0,0,0,0,0,0,0,0,0,False
05567,05567,0,0,0,0,0,0,0,0,0,0,False
05568,05568,0,0,0,0,0,0,0,0,0,0,False
05569,05569,0,0,0,0,0,0,0,0,0,0,False
05570,05570,0,0,0,0,0,0,0,0,0,0,False
05571,05571,0,0,0,0,0,0,0,0,0,0,False
05572,05572,0,0,0,0,0,0,0,0,0,0,False
05573,05573,0,0,0,0,0,0,0,0,0,0,False
05574,05574,0,0,0,0,0,0,0,0,0,0,False
05575,05575,0,0,0,0,0,0,0,0,0,0,False
05576,05576,0,0,0,0,0,0,0,0,0,0,False
05577,05577,0,0,0,0,0,0,0,0,0,0,False
05578,05578,0,0,0,0,0,0,0,0,0,0,False
05579,05579,0,0,0,0,0,0,0,0,0,0,False
05580,05580,0,0,0,0,0,0,0,0,0,0,False
05581,05581,0,0,0,0,0,0,0,0,0,0,False
05582,05582,0,0,0,0,0,0,0,0,0,0,False
05583,05583,0,0,0,0,0,0,0,0,0,0,False
05584,05584,0,0,0,0,0,0,0,0,0,0,False
05585,05585,0,0,0,0,0,0,0,0,0,0,False
05586,05586,0,0,0,0,0,0,0,0,0,0,False
05587,05587,0,0,0,0,0,0,0,0,0,0,False
05588,05588,0,0,0,0,0,0,0,0,0,0,False
05589,05589,0,0,0,0,0,0,0,0,0,0,False
05590,05590,0,0,0,0,0,0,0,0,0,0,False
05591,05591,0,0,0,0,0,0,0,0,0,0,False
05592,05592,0,0,0,0,0,0,0,0,0,0,False
05593,05593,0,0,0,0,0,0,0,0,0,0,False
05594,05594,0,0,0,0,0,0,0,0,0,0,False
05595,05595,0,0,0,0,0,0,0,0,0,0,False
05596,05596,0,0,0,0,0,0,0,0,0,0,False
05597,05597,0,0,0,0,0,0,0,0,0,0,False
05598,05598,0,0,0,0,0,0,0,0,0,0,False
05599,05599,0,0,0,0,0,0,0,0,0,0,False
05600,05600,0,0,0,0,0,0,0,0,0,0,False
05601,05601,0,0,0,0,0,0,0,0,0,0,False
05602,05602,0,0,0,0,0,0,0,0,0,0,False
05603,05603,0,0,0,0,0,0,0,0,0,0,False
05604,05604,0,0,0,0,0,0,0,0,0,0,False
05605,05605,0,0,0,0,0,0,0,0,0,0,False
05606,05606,0,0,0,0,0,0,0,0,0,0,False
05607,05607,0,0,0,0,0,0,0,0,0,0,False
05608,05608,0,0,0,0,0,0,0,0,0,0,False
05609,05609,0,0,0,0,0,0,0,0,0,0,False
05610,05610,0,0,0,0,0,0,0,0,0,0,False
05611,05611,0,0,0,0,0,0,0,0,0,0,False
05612,05612,0,0,0,0,0,0,0,0,0,0,False
05613,05613,0,0,0,0,0,0,0,0,0,0,False
05614,05614,0,0,0,0,0,0,0,0,0,0,False
05615,05615,0,0,0,0,0,0,0,0,0,0,False
05616,05616,0,0,0,0,0,0,0,0,0,0,False
05617,05617,0,0,0,0,0,0,0,0,0,0,False
05618,05618,0,0,0,0,0,0,0,0,0,0,False
05619,05619,0,0,0,0,0,0,0,0,0,0,False
05620,05620,0,0,0,0,0,0,0,0,0,0,False
05621,05621,0,0,0,0,0,0,0,0,0,0,False
05622,05622,0,0,0,0,0,0,0,0,0,0,False
05623,05623,0,0,0,0,0,0,0,0,0,0,False
05624,05624,0,0,0,0,0,0,0,0,0,0,False
05625,05625,0,0,0,0,0,0,0,0,0,0,False
05626,05626,0,0,0,0,0,0,0,0,0,0,False
05627,05627,0,0,0,0,0,0,0,0,0,0,False
05628,05628,0,0,0,0,0,0,0,0,0,0,False
05629,05629,0,0,0,0,0,0,0,0,0,0,False
05630,05630,0,0,0,0,0,0,0,0,0,0,False
05631,05631,0,0,0,0,0,0,0,0,0,0,False
05632,05632,0,0,0,0,0,0,0,0,0,0,False
05633,05633,0,0,0,0,0,0,0,0,0,0,False
05634,05634,0,0,0,0,0,0,0,0,0,0,False
05635,05635,0,0,0,0,0,0,0,0,0,0,False
05636,05636,0,0,0,0,0,0,0,0,0,0,False
05637,05637,0,0,0,0,0,0,0,0,0,0,False
05638,05638,0,0,0,0,0,0,0,0,0,0,False
05639,05639,0,0,0,0,0,0,0,0,0,0,False
05640,05640,0,0,0,0,0,0,0,0,0,0,False
05641,05641,0,0,0,0,0,0,0,0,0,0,False
05642,05642,0,0,0,0,0,0,0,0,0,0,False
05643,05643,0,0,0,0,0,0,0,0,0,0,False
05644,05644,0,0,0,0,0,0,0,0,0,0,False
05645,05645,0,0,0,0,0,0,0,0,0,0,False
05646,05646,0,0,0,0,0,0,0,0,0,0,False
05647,05647,0,0,0,0,0,0,0,0,0,0,False
05648,05648,0,0,0,0,0,0,0,0,0,0,False
05649,05649,0,0,0,0,0,0,0,0,0,0,False
05650,05650,0,0,0,0,0,0,0,0,0,0,False
05651,05651,0,0,0,0,0,0,0,0,0,0,False
05652,05652,0,0,0,0,0,0,0,0,0,0,False
05653,05653,0,0,0,0,0,0,0,0,0,0,False
05654,05654,0,0,0,0,0,0,0,0,0,0,False
05655,05655,0,0,0,0,0,0,0,0,0,0,False
05656,05656,0,0,0,0,0,0,0,0,0,0,False
05657,05657,0,0,0,0,0,0,0,0,0,0,False
05658,05658,0,0,0,0,0,0,0,0,0,0,False
05659,05659,0,0,0,0,0,0,0,0,0,0,False
05660,05660,0,0,0,0,0,0,0,0,0,0,False
05661,05661,0,0,0,0,0,0,0,0,0,0,False
05662,05662,0,0,0,0,0,0,0,0,0,0,False
05663,05663,0,0,0,0,0,0,0,0,0,0,False
05664,05664,0,0,0,0,0,0,0,0,0,0,False
05665,05665,0,0,0,0,0,0,0,0,0,0,False
05666,05666,0,0,0,0,0,0,0,0,0,0,False
05667,05667,0,0,0,0,0,0,0,0,0,0,False
05668,05668,0,0,0,0,0,0,0,0,0,0,False
05669,05669,0,0,0,0,0,0,0,0,0,0,False
05670,05670,0,0,0,0,0,0,0,0,0,0,False
05671,05671,0,0,0,0,0,0,0,0,0,0,False
05672,05672,0,0,0,0,0,0,0,0,0,0,False
05673,05673,0,0,0,0,0,0,0,0,0,0,False
05674,05674,0,0,0,0,0,0,0,0,0,0,False
05675,05675,0,0,0,0,0,0,0,0,0,0,False
05676,05676,0,0,0,0,0,0,0,0,0,0,False
05677,05677,0,0,0,0,0,0,0,0,0,0,False
05678,05678,0,0,0,0,0,0,0,0,0,0,False
05679,05679,0,0,0,0,0,0,0,0,0,0,False
05680,05680,0,0,0,0,0,0,0,0,0,0,False
05681,05681,0,0,0,0,0,0,0,0,0,0,False
05682,05682,0,0,0,0,0,0,0,0,0,0,False
05683,05683,0,0,0,0,0,0,0,0,0,0,False
05684,05684,0,0,0,0,0,0,0,0,0,0,False
05685,05685,0,0,0,0,0,0,0,0,0,0,False
05686,05686,0,0,0,0,0,0,0,0,0,0,False
05687,05687,0,0,0,0,0,0,0,0,0,0,False
05688,05688,0,0,0,0,0,0,0,0,0,0,False
05689,05689,0,0,0,0,0,0,0,0,0,0,False
05690,05690,0,0,0,0,0,0,0,0,0,0,False
05691,05691,0,0,0,0,0,0,0,0,0,0,False
05692,05692,0,0,0,0,0,0,0,0,0,0,False
05693,05693,0,0,0,0,0,0,0,0,0,0,False
05694,05694,0,0,0,0,0,0,0,0,0,0,False
05695,05695,0,0,0,0,0,0,0,0,0,0,False
05696,05696,0,0,0,0,0,0,0,0,0,0,False
05697,05697,0,0,0,0,0,0,0,0,0,0,False
05698,05698,0,0,0,0,0,0,0,0,0,0,False
05699,05699,0,0,0,0,0,0,0,0,0,0,False
05700,05700,0,0,0,0,0,0,0,0,0,0,False
05701,05701,0,0,0,0,0,0,0,0,0,0,False
05702,05702,0,0,0,0,0,0,0,0,0,0,False
05703,05703,0,0,0,0,0,0,0,0,0,0,False
05704,05704,0,0,0,0,0,0,0,0,0,0,False
05705,05705,0,0,0,0,0,0,0,0,0,0,False
05706,05706,0,0,0,0,0,0,0,0,0,0,False
05707,05707,0,0,0,0,0,0,0,0,0,0,False
05708,05708,0,0,0,0,0,0,0,0,0,0,False
05709,05709,0,0,0,0,0,0,0,0,0,0,False
05710,05710,0,0,0,0,0,0,0,0,0,0,False
05711,05711,0,0,0,0,0,0,0,0,0,0,False
05712,05712,0,0,0,0,0,0,0,0,0,0,False
05713,05713,0,0,0,0,0,0,0,0,0,0,False
05714,05714,0,0,0,0,0,0,0,0,0,0,False
05715,05715,0,0,0,0,0,0,0,0,0,0,False
05716,05716,0,0,0,0,0,0,0,0,0,0,False
05717,05717,0,0,0,0,0,0,0,0,0,0,False
05718,05718,0,0,0,0,0,0,0,0,0,0,False
05719,05719,0,0,0,0,0,0,0,0,0,0,False
05720,05720,0,0,0,0,0,0,0,0,0,0,False
05721,05721,0,0,0,0,0,0,0,0,0,0,False
05722,05722,0,0,0,0,0,0,0,0,0,0,False
05723,05723,0,0,0,0,0,0,0,0,0,0,False
05724,05724,0,0,0,0,0,0,0,0,0,0,False
05725,05725,0,0,0,0,0,0,0,0,0,0,False
05726,05726,0,0,0,0,0,0,0,0,0,0,False
05727,05727,0,0,0,0,0,0,0,0,0,0,False
05728,05728,0,0,0,0,0,0,0,0,0,0,False
05729,05729,0,0,0,0,0,0,0,0,0,0,False
05730,05730,0,0,0,0,0,0,0,0,0,0,False
05731,05731,0,0,0,0,0,0,0,0,0,0,False
05732,05732,0,0,0,0,0,0,0,0,0,0,False
05733,05733,0,0,0,0,0,0,0,0,0,0,False
05734,05734,0,0,0,0,0,0,0,0,0,0,False
05735,05735,0,0,0,0,0,0,0,0,0,0,False
05736,05736,0,0,0,0,0,0,0,0,0,0,False
05737,05737,0,0,0,0,0,0,0,0,0,0,False
05738,05738,0,0,0,0,0,0,0,0,0,0,False
05739,05739,0,0,0,0,0,0,0,0,0,0,False
05740,05740,0,0,0,0,0,0,0,0,0,0,False
05741,05741,0,0,0,0,0,0,0,0,0,0,False
05742,05742,0,0,0,0,0,0,0,0,0,0,False
05743,05743,0,0,0,0,0,0,0,0,0,0,False
05744,05744,0,0,0,0,0,0,0,0,0,0,False
05745,05745,0,0,0,0,0,0,0,0,0,0,False
05746,05746,0,0,0,0,0,0,0,0,0,0,False
05747,05747,0,0,0,0,0,0,0,0,0,0,False
05748,05748,0,0,0,0,0,0,0,0,0,0,False
05749,05749,0,0,0,0,0,0,0,0,0,0,False
05750,05750,0,0,0,0,0,0,0,0,0,0,False
05751,05751,0,0,0,0,0,0,0,0,0,0,False
05752,05752,0,0,0,0,0,0,0,0,0,0,False
05753,05753,0,0,0,0,0,0,0,0,0,0,False
05754,05754,0,0,0,0,0,0,0,0,0,0,False
05755,05755,0,0,0,0,0,0,0,0,0,0,False
05756,05756,0,0,0,0,0,0,0,0,0,0,False
05757,05757,0,0,0,0,0,0,0,0,0,0,False
05758,05758,0,0,0,0,0,0,0,0,0,0,False
05759,05759,0,0,0,0,0,0,0,0,0,0,False
05760,05760,0,0,0,0,0,0,0,0,0,0,False
05761,05761,0,0,0,0,0,0,0,0,0,0,False
05762,05762,0,0,0,0,0,0,0,0,0,0,False
05763,05763,0,0,0,0,0,0,0,0,0,0,False
05764,05764,0,0,0,0,0,0,0,0,0,0,False
05765,05765,0,0,0,0,0,0,0,0,0,0,False
05766,05766,0,0,0,0,0,0,0,0,0,0,False
05767,05767,0,0,0,0,0,0,0,0,0,0,False
05768,05768,0,0,0,0,0,0,0,0,0,0,False
05769,05769,0,0,0,0,0,0,0,0,0,0,False
05770,05770,0,0,0,0,0,0,0,0,0,0,False
05771,05771,0,0,0,0,0,0,0,0,0,0,False
05772,05772,0,0,0,0,0,0,0,0,0,0,False
05773,05773,0,0,0,0,0,0,0,0,0,0,False
