id,original_rtl_design,property_type,passing_property
00003,sky130_fd_sc_hd__o21bai,assert,"// Y matches the implemented NOT/OR/NAND/BUF function.
    check_output_function: assert property (
        @(posedge clk) Y == ~((~B1_N) & (A1 | A2))
    );"
00003,sky130_fd_sc_hd__o21bai,assert,"// A high B1_N forces Y high.
    check_b1n_high_forces_y_high: assert property (
        @(posedge clk) (B1_N == 1'b1) |-> (Y == 1'b1)
    );"
00003,sky130_fd_sc_hd__o21bai,assert,"// A1 high with B1_N high forces Y high.
    check_a1_high_with_b1n_high_forces_y_high: assert property (
        @(posedge clk) ((A1 == 1'b1) && (B1_N == 1'b1)) |-> (Y == 1'b1)
    );"
00003,sky130_fd_sc_hd__o21bai,assert,"// A2 high with B1_N high forces Y high.
    check_a2_high_with_b1n_high_forces_y_high: assert property (
        @(posedge clk) ((A2 == 1'b1) && (B1_N == 1'b1)) |-> (Y == 1'b1)
    );"
00004,mux_2to1,assert,"// y must match the implemented mux equation.
    check_mux_equation: assert property (
        @(posedge clk) y == ((~sel & a) | (sel & b))
    );"
00004,mux_2to1,assert,"// When sel is low, y must follow a.
    check_select_low_routes_a: assert property (
        @(posedge clk) (sel == 1'b0) |-> (y == a)
    );"
00004,mux_2to1,assert,"// When sel is high, y must follow b.
    check_select_high_routes_b: assert property (
        @(posedge clk) (sel == 1'b1) |-> (y == b)
    );"
00004,mux_2to1,assert,"// If both inputs are low, y must be low.
    check_both_inputs_low: assert property (
        @(posedge clk) ((a == 1'b0) && (b == 1'b0)) |-> (y == 1'b0)
    );"
00004,mux_2to1,assert,"// If both inputs are high, y must be high.
    check_both_inputs_high: assert property (
        @(posedge clk) ((a == 1'b1) && (b == 1'b1)) |-> (y == 1'b1)
    );"
00004,mux_2to1,assert,"// If a is low and b is high, y must match sel.
    check_low_high_inputs: assert property (
        @(posedge clk) ((a == 1'b0) && (b == 1'b1)) |-> (y == sel)
    );"
00004,mux_2to1,assert,"// If a is high and b is low, y must match inverted sel.
    check_high_low_inputs: assert property (
        @(posedge clk) ((a == 1'b1) && (b == 1'b0)) |-> (y == ~sel)
    );"
00029,binary_counter,assert,"// Reset forces the counter to zero.
    check_reset_clears_q: assert property (
        @(posedge clk) reset |-> (q == 4'b0000)
    );"
00029,binary_counter,assert,"// When enabled, the counter increments by one.
    check_increment_when_enabled: assert property (
        @(posedge clk) disable iff (reset)
        enable |=> (q == ($past(q) + 4'd1))
    );"
00029,binary_counter,assert,"// When not enabled, the counter holds its value.
    check_hold_when_disabled: assert property (
        @(posedge clk) disable iff (reset)
        !enable |=> (q == $past(q))
    );"
00029,binary_counter,assert,"// The counter wraps from 15 back to 0 when enabled.
    check_wrap_from_max: assert property (
        @(posedge clk) disable iff (reset)
        (enable && (q == 4'hF)) |=> (q == 4'h0)
    );"
00172,sky130_fd_sc_hvl__lsbuflv2hv_clkiso_hlkg,assert,"// X must equal A gated by SLEEP_B.
    check_x_matches_gated_input: assert property (
        @(posedge clk) X == (SLEEP_B & A)
    );"
00172,sky130_fd_sc_hvl__lsbuflv2hv_clkiso_hlkg,assert,"// When SLEEP_B is low, X must be low.
    check_sleep_low_forces_x_low: assert property (
        @(posedge clk) !SLEEP_B |-> !X
    );"
00172,sky130_fd_sc_hvl__lsbuflv2hv_clkiso_hlkg,assert,"// When SLEEP_B is high, X must equal A.
    check_sleep_high_passes_a: assert property (
        @(posedge clk) SLEEP_B |-> (X == A)
    );"
00172,sky130_fd_sc_hvl__lsbuflv2hv_clkiso_hlkg,assert,"// A high X requires SLEEP_B to be high.
    check_x_high_requires_sleep_high: assert property (
        @(posedge clk) X |-> SLEEP_B
    );"
00172,sky130_fd_sc_hvl__lsbuflv2hv_clkiso_hlkg,assert,"// A high X requires A to be high.
    check_x_high_requires_a_high: assert property (
        @(posedge clk) X |-> A
    );"
00193,sky130_fd_sc_hd__a221oi,assert,"// Y matches the implemented NOR-of-ANDs function.
    check_y_matches_nor_of_ands: assert property (
        @(posedge clk) Y == ~((B1 & B2) | C1 | (A1 & A2))
    );"
00193,sky130_fd_sc_hd__a221oi,assert,"// C1 high forces the NOR output low.
    check_c1_forces_y_low: assert property (
        @(posedge clk) C1 |-> !Y
    );"
00193,sky130_fd_sc_hd__a221oi,assert,"// A1 and A2 high together force the NOR output low.
    check_a_pair_forces_y_low: assert property (
        @(posedge clk) (A1 & A2) |-> !Y
    );"
00193,sky130_fd_sc_hd__a221oi,assert,"// B1 and B2 high together force the NOR output low.
    check_b_pair_forces_y_low: assert property (
        @(posedge clk) (B1 & B2) |-> !Y
    );"
00193,sky130_fd_sc_hd__a221oi,assert,"// With no active NOR input term, Y must be high.
    check_no_active_term_drives_y_high: assert property (
        @(posedge clk) (!C1 && !(A1 & A2) && !(B1 & B2)) |-> Y
    );"
00193,sky130_fd_sc_hd__a221oi,assert,"// A high Y means the C1 term is not active.
    check_y_high_excludes_c1_term: assert property (
        @(posedge clk) Y |-> !C1
    );"
00193,sky130_fd_sc_hd__a221oi,assert,"// A high Y means the A1/A2 term is not active.
    check_y_high_excludes_a_pair_term: assert property (
        @(posedge clk) Y |-> !(A1 & A2)
    );"
00193,sky130_fd_sc_hd__a221oi,assert,"// A high Y means the B1/B2 term is not active.
    check_y_high_excludes_b_pair_term: assert property (
        @(posedge clk) Y |-> !(B1 & B2)
    );"
00200,sky130_fd_sc_hd__nor4,assert,"// Y must equal the 4-input NOR of A, B, C, and D.
    check_nor_function: assert property (
        @(posedge clk) Y == ~(A | B | C | D)
    );"
00200,sky130_fd_sc_hd__nor4,assert,"// All inputs low must drive Y high.
    check_all_inputs_low_drive_high: assert property (
        @(posedge clk) (!A && !B && !C && !D) |-> Y
    );"
00200,sky130_fd_sc_hd__nor4,assert,"// A high must force Y low.
    check_a_high_forces_low: assert property (
        @(posedge clk) A |-> !Y
    );"
00200,sky130_fd_sc_hd__nor4,assert,"// B high must force Y low.
    check_b_high_forces_low: assert property (
        @(posedge clk) B |-> !Y
    );"
00200,sky130_fd_sc_hd__nor4,assert,"// C high must force Y low.
    check_c_high_forces_low: assert property (
        @(posedge clk) C |-> !Y
    );"
00200,sky130_fd_sc_hd__nor4,assert,"// D high must force Y low.
    check_d_high_forces_low: assert property (
        @(posedge clk) D |-> !Y
    );"
00200,sky130_fd_sc_hd__nor4,assert,"// Y high implies all inputs are low.
    check_y_high_implies_all_inputs_low: assert property (
        @(posedge clk) Y |-> (!A && !B && !C && !D)
    );"
00200,sky130_fd_sc_hd__nor4,assert,"// Y low implies at least one input is high.
    check_y_low_implies_some_input_high: assert property (
        @(posedge clk) !Y |-> (A || B || C || D)
    );"
00226,desxor1,assert,"// b1x equals e[5:0] XOR k[5:0].
    check_b1x_xor: assert property (
        @(posedge CLK) b1x == (e[5:0] ^ k[5:0])
    );"
00226,desxor1,assert,"// b2x equals e[11:6] XOR k[11:6].
    check_b2x_xor: assert property (
        @(posedge CLK) b2x == (e[11:6] ^ k[11:6])
    );"
00226,desxor1,assert,"// b3x equals e[17:12] XOR k[17:12].
    check_b3x_xor: assert property (
        @(posedge CLK) b3x == (e[17:12] ^ k[17:12])
    );"
00226,desxor1,assert,"// b4x equals e[23:18] XOR k[23:18].
    check_b4x_xor: assert property (
        @(posedge CLK) b4x == (e[23:18] ^ k[23:18])
    );"
00226,desxor1,assert,"// b5x equals e[29:24] XOR k[29:24].
    check_b5x_xor: assert property (
        @(posedge CLK) b5x == (e[29:24] ^ k[29:24])
    );"
00226,desxor1,assert,"// b6x equals e[35:30] XOR k[35:30].
    check_b6x_xor: assert property (
        @(posedge CLK) b6x == (e[35:30] ^ k[35:30])
    );"
00226,desxor1,assert,"// b7x equals e[41:36] XOR k[41:36].
    check_b7x_xor: assert property (
        @(posedge CLK) b7x == (e[41:36] ^ k[41:36])
    );"
00226,desxor1,assert,"// b8x equals e[47:42] XOR k[47:42].
    check_b8x_xor: assert property (
        @(posedge CLK) b8x == (e[47:42] ^ k[47:42])
    );"
00226,desxor1,assert,"// Concatenation of b1x..b8x equals e XOR k.
    check_concatenation: assert property (
        @(posedge CLK) {b8x, b7x, b6x, b5x, b4x, b3x, b2x, b1x} == (e ^ k)
    );"
00262,four_to_one,assert,"// Output must match the OR of all four inputs.
    check_output_matches_or: assert property (
        @(posedge clk) output1 == (input1 | input2 | input3 | input4)
    );"
00262,four_to_one,assert,"// If any input is high, the output must be high.
    check_any_input_high_sets_output: assert property (
        @(posedge clk) (input1 | input2 | input3 | input4) |-> output1
    );"
00262,four_to_one,assert,"// If all inputs are low, the output must be low.
    check_all_inputs_low_clear_output: assert property (
        @(posedge clk) !(input1 | input2 | input3 | input4) |-> !output1
    );"
00262,four_to_one,assert,"// A high output requires at least one high input.
    check_output_high_requires_some_input_high: assert property (
        @(posedge clk) output1 |-> (input1 | input2 | input3 | input4)
    );"
00325,up_counter,assert,"// Reset clears the counter and the output on the next clock.
    check_reset_clears_state: assert property (
        @(posedge clk) reset |=> (count == 4'h0 && out == 1'b0)
    );"
00325,up_counter,assert,"// The counter increments by one when reset is low.
    check_count_increments: assert property (
        @(posedge clk) disable iff (reset) 1'b1 |=> (count == ($past(count) + 4'd1))
    );"
00325,up_counter,assert,"// The counter wraps from 15 back to 0.
    check_count_wraps: assert property (
        @(posedge clk) disable iff (reset) (count == 4'hF) |=> (count == 4'h0)
    );"
00325,up_counter,assert,"// The output toggles when reset is low.
    check_out_toggles: assert property (
        @(posedge clk) disable iff (reset) 1'b1 |=> (out == ~$past(out))
    );"
00326,binary_counter,assert,"// Reset drives count to zero on the next clock.
  check_reset_clears_count: assert property (
    @(posedge clk) reset |=> (count == {N{1'b0}})
  );"
00326,binary_counter,assert,"// If reset is held across consecutive clocks, count remains zero.
  check_reset_held_keeps_zero: assert property (
    @(posedge clk) (reset && $past(reset)) |-> (count == {N{1'b0}})
  );"
00326,binary_counter,assert,"// If reset is held across consecutive clocks, count does not increment.
  check_reset_held_no_increment: assert property (
    @(posedge clk) (reset && $past(reset)) |-> (count == $past(count))
  );"
00342,shift_register,assert,"// serial_out is always the LSB of parallel_out.
    check_serial_out_matches_lsb: assert property (
        @(posedge clk) serial_out == parallel_out[0]
    );"
00342,shift_register,assert,"// parallel_load captures data_in into parallel_out.
    check_parallel_load_updates_register: assert property (
        @(posedge clk) parallel_load |=> (parallel_out == $past(data_in))
    );"
00342,shift_register,assert,"// parallel_load has priority over shift_dir.
    check_parallel_load_priority: assert property (
        @(posedge clk) (parallel_load && shift_dir) |=> (parallel_out == $past(data_in))
    );"
00342,shift_register,assert,"// shift_dir=1 rotates the register left and inserts 0 into bit 0.
    check_left_shift_update: assert property (
        @(posedge clk) (!parallel_load && shift_dir) |=> (parallel_out == { $past(parallel_out[6:0]), 1'b0 })
    );"
00342,shift_register,assert,"// shift_dir=0 rotates the register right and inserts 0 into bit 7.
    check_right_shift_update: assert property (
        @(posedge clk) (!parallel_load && !shift_dir) |=> (parallel_out == { 1'b0, $past(parallel_out[7:1]) })
    );"
00355,m_pc_reg,assert,"// Reset forces the registered output to zero on the next clock.
    check_reset_clears_output: assert property (
        @(posedge w_clock) w_reset |=> (r_bus_addr_out == 8'h00)
    );"
00355,m_pc_reg,assert,"// With reset low, the output captures the input on the next clock.
    check_capture_on_no_reset: assert property (
        @(posedge w_clock) disable iff (w_reset) 1'b1 |=> (r_bus_addr_out == $past(w_bus_addr_in))
    );"
00355,m_pc_reg,assert,"// The output always matches the input from the previous clock edge.
    check_output_matches_previous_input: assert property (
        @(posedge w_clock) 1'b1 |=> (r_bus_addr_out == $past(w_bus_addr_in))
    );"
00375,sky130_fd_sc_hd__o211a,assert,"// X must match the implemented OR-then-AND function.
    check_function_equivalence: assert property (
        @(posedge clk) X == ((A1 | A2) & B1 & C1)
    );"
00375,sky130_fd_sc_hd__o211a,assert,"// B1 low forces X low.
    check_b1_low_forces_x_low: assert property (
        @(posedge clk) !B1 |-> !X
    );"
00375,sky130_fd_sc_hd__o211a,assert,"// C1 low forces X low.
    check_c1_low_forces_x_low: assert property (
        @(posedge clk) !C1 |-> !X
    );"
00375,sky130_fd_sc_hd__o211a,assert,"// Both A inputs low force X low.
    check_a_inputs_low_force_x_low: assert property (
        @(posedge clk) (!A1 && !A2) |-> !X
    );"
00375,sky130_fd_sc_hd__o211a,assert,"// X high requires B1 and C1 high.
    check_x_high_requires_b1_and_c1: assert property (
        @(posedge clk) X |-> (B1 && C1)
    );"
00375,sky130_fd_sc_hd__o211a,assert,"// X high requires at least one A input high.
    check_x_high_requires_a1_or_a2: assert property (
        @(posedge clk) X |-> (A1 || A2)
    );"
00375,sky130_fd_sc_hd__o211a,assert,"// A1 high with B1 and C1 high drives X high.
    check_a1_with_b1_c1_drives_x_high: assert property (
        @(posedge clk) (A1 && B1 && C1) |-> X
    );"
00375,sky130_fd_sc_hd__o211a,assert,"// A2 high with B1 and C1 high drives X high.
    check_a2_with_b1_c1_drives_x_high: assert property (
        @(posedge clk) (A2 && B1 && C1) |-> X
    );"
00410,up_down_counter,assert,"// Load clears the counter on the next clock.
    check_load_clears_out: assert property (
        @(posedge clk) load |=> (out == 3'b000)
    );"
00410,up_down_counter,assert,"// Load has priority over the up/down select.
    check_load_priority_over_count: assert property (
        @(posedge clk) (load && up_down) |=> (out == 3'b000)
    );"
00410,up_down_counter,assert,"// Count up increments the counter when load is low.
    check_count_up_increments_out: assert property (
        @(posedge clk) (!load && up_down) |=> (out == ($past(out) + 3'b001))
    );"
00410,up_down_counter,assert,"// Count down decrements the counter when load is low.
    check_count_down_decrements_out: assert property (
        @(posedge clk) (!load && !up_down) |=> (out == ($past(out) - 3'b001))
    );"
00410,up_down_counter,assert,"// The counter wraps from 7 up to 0.
    check_count_up_wraps_from_7_to_0: assert property (
        @(posedge clk) (!load && up_down && (out == 3'b111)) |=> (out == 3'b000)
    );"
00410,up_down_counter,assert,"// The counter wraps from 0 down to 7.
    check_count_down_wraps_from_0_to_7: assert property (
        @(posedge clk) (!load && !up_down && (out == 3'b000)) |=> (out == 3'b111)
    );"
00416,shift_register,assert,"// q reflects the previous cycle's d value.
    check_q_captures_d: assert property (
        @(posedge clk) 1'b1 |=> (q == $past(d))
    );"
00416,shift_register,assert,"// The first cycle after a 1 on d is reflected on q.
    check_q_high_after_d_high: assert property (
        @(posedge clk) d |=> q
    );"
00416,shift_register,assert,"// The first cycle after a 0 on d is reflected on q.
    check_q_low_after_d_low: assert property (
        @(posedge clk) !d |=> !q
    );"
00443,sky130_fd_sc_ls__o21a,assert,"// X must equal the OR of A1 and A2 gated by B1.
    check_o21a_function: assert property (
        @(posedge clk) X == ((A1 | A2) & B1)
    );"
00443,sky130_fd_sc_ls__o21a,assert,"// B1 low must force X low.
    check_b1_low_forces_x_low: assert property (
        @(posedge clk) !B1 |-> !X
    );"
00443,sky130_fd_sc_ls__o21a,assert,"// Both A inputs low must force X low.
    check_a_inputs_low_force_x_low: assert property (
        @(posedge clk) (!A1 && !A2) |-> !X
    );"
00443,sky130_fd_sc_ls__o21a,assert,"// A1 high with B1 high must drive X high.
    check_a1_and_b1_drive_x_high: assert property (
        @(posedge clk) (A1 && B1) |-> X
    );"
00443,sky130_fd_sc_ls__o21a,assert,"// A2 high with B1 high must drive X high.
    check_a2_and_b1_drive_x_high: assert property (
        @(posedge clk) (A2 && B1) |-> X
    );"
00443,sky130_fd_sc_ls__o21a,assert,"// X high requires B1 to be high.
    check_x_high_requires_b1_high: assert property (
        @(posedge clk) X |-> B1
    );"
00443,sky130_fd_sc_ls__o21a,assert,"// X high requires at least one A input to be high.
    check_x_high_requires_a_input_high: assert property (
        @(posedge clk) X |-> (A1 || A2)
    );"
00458,mux4to1,assert,"// sel=00 routes in0 to out.
    check_sel_00_routes_in0: assert property (
        @(posedge clk) (sel == 2'b00) |-> (out == in0)
    );"
00458,mux4to1,assert,"// sel=01 routes in1 to out.
    check_sel_01_routes_in1: assert property (
        @(posedge clk) (sel == 2'b01) |-> (out == in1)
    );"
00458,mux4to1,assert,"// sel=10 routes in2 to out.
    check_sel_10_routes_in2: assert property (
        @(posedge clk) (sel == 2'b10) |-> (out == in2)
    );"
00458,mux4to1,assert,"// sel=11 routes in3 to out.
    check_sel_11_routes_in3: assert property (
        @(posedge clk) (sel == 2'b11) |-> (out == in3)
    );"
00458,mux4to1,assert,"// With sel[1] low, the upper mux selects the lower-mux output.
    check_sel1_low_selects_lower_path: assert property (
        @(posedge clk) (sel[1] == 1'b0) |-> (out == (sel[0] ? in1 : in0))
    );"
00458,mux4to1,assert,"// With sel[1] high, the upper mux selects the upper-mux output.
    check_sel1_high_selects_upper_path: assert property (
        @(posedge clk) (sel[1] == 1'b1) |-> (out == (sel[0] ? in3 : in2))
    );"
00465,up_counter_2bit,assert,"// Reset forces the counter to zero.
    check_reset_clears_count: assert property (
        @(posedge clk) reset |-> (count == 2'b00)
    );"
00465,up_counter_2bit,assert,"// When enabled, the counter increments by one.
    check_increment_when_enabled: assert property (
        @(posedge clk) disable iff (reset)
        enable |=> (count == ($past(count) + 2'b01))
    );"
00465,up_counter_2bit,assert,"// When disabled, the counter holds its value.
    check_hold_when_disabled: assert property (
        @(posedge clk) disable iff (reset)
        !enable |=> (count == $past(count))
    );"
00465,up_counter_2bit,assert,"// The counter wraps from 2'b11 back to 2'b00 when enabled.
    check_wrap_from_max: assert property (
        @(posedge clk) disable iff (reset)
        enable && (count == 2'b11) |=> (count == 2'b00)
    );"
00468,clock_gate_en,assert,"// When enabled, data_out captures data_in on the next clock.
    check_capture_when_enabled: assert property (
        @(posedge clk) en |=> (data_out == $past(data_in))
    );"
00468,clock_gate_en,assert,"// When disabled, data_out is driven low on the next clock.
    check_clear_when_disabled: assert property (
        @(posedge clk) !en |=> (data_out == 1'b0)
    );"
00468,clock_gate_en,assert,"// data_out always matches the previous cycle's enable and data_in.
    check_registered_function: assert property (
        @(posedge clk) 1'b1 |=> (data_out == ($past(en) ? $past(data_in) : 1'b0))
    );"
00474,XOR_M,assert,"// Sgn_Info must always equal the XOR of Sgn_X and Sgn_Y.
    check_xor_function: assert property (
        @(posedge clk) Sgn_Info == (Sgn_X ^ Sgn_Y)
    );"
00474,XOR_M,assert,"// When Sgn_X and Sgn_Y are equal, Sgn_Info must be low.
    check_equal_inputs_drive_low: assert property (
        @(posedge clk) (Sgn_X == Sgn_Y) |-> (Sgn_Info == 1'b0)
    );"
00474,XOR_M,assert,"// When Sgn_X and Sgn_Y differ, Sgn_Info must be high.
    check_different_inputs_drive_high: assert property (
        @(posedge clk) (Sgn_X != Sgn_Y) |-> (Sgn_Info == 1'b1)
    );"
00479,sky130_fd_sc_lp__ha,assert,"// COUT is the AND of A and B.
    check_cout_is_and: assert property (
        @(posedge clk) COUT == (A & B)
    );"
00479,sky130_fd_sc_lp__ha,assert,"// SUM is the XOR of A and B.
    check_sum_is_xor: assert property (
        @(posedge clk) SUM == (A ^ B)
    );"
00479,sky130_fd_sc_lp__ha,assert,"// The two outputs are never both high.
    check_outputs_not_both_high: assert property (
        @(posedge clk) !(COUT && SUM)
    );"
00479,sky130_fd_sc_lp__ha,assert,"// When A and B differ, COUT is low and SUM is high.
    check_different_inputs_drive_sum: assert property (
        @(posedge clk) (A != B) |-> (!COUT && SUM)
    );"
00480,adc_transformer,assert,"// adc_cdcs_o is tied high.
    check_cdcs_tied_high: assert property (
        @(posedge adc_clk) disable iff (adc_rst_i)
        (adc_cdcs_o == 1'b1)
    );"
00480,adc_transformer,assert,"// adc_clk_source is tied to 2'b10.
    check_clk_source_tied_value: assert property (
        @(posedge adc_clk) disable iff (adc_rst_i)
        (adc_clk_source == 2'b10)
    );"
00480,adc_transformer,assert,"// adc_dat_a_o[12] is the inverse of the previous cycle's adc_dat_a_i[12].
    check_dat_a_bit12_inverts: assert property (
        @(posedge adc_clk) disable iff (adc_rst_i)
        1'b1 |=> (adc_dat_a_o[12] == ~$past(adc_dat_a_i[12]))
    );"
00480,adc_transformer,assert,"// adc_dat_b_o[12] is the inverse of the previous cycle's adc_dat_b_i[12].
    check_dat_b_bit12_inverts: assert property (
        @(posedge adc_clk) disable iff (adc_rst_i)
        1'b1 |=> (adc_dat_b_o[12] == ~$past(adc_dat_b_i[12]))
    );"
00480,adc_transformer,assert,"// adc_dat_a_o[11:0] is the bitwise inverse of the previous cycle's adc_dat_a_i[11:0].
    check_dat_a_low_bits_invert: assert property (
        @(posedge adc_clk) disable iff (adc_rst_i)
        1'b1 |=> (adc_dat_a_o[11:0] == ~$past(adc_dat_a_i[11:0]))
    );"
00480,adc_transformer,assert,"// adc_dat_b_o[11:0] is the bitwise inverse of the previous cycle's adc_dat_b_i[11:0].
    check_dat_b_low_bits_invert: assert property (
        @(posedge adc_clk) disable iff (adc_rst_i)
        1'b1 |=> (adc_dat_b_o[11:0] == ~$past(adc_dat_b_i[11:0]))
    );"
00482,binary_multiplier,assert,"// If no bits are selected, out must be 0.
    check_no_selected_bits_sets_out_to_zero: assert property (
        @(posedge clk)
        !(a[0] & b) && !(a[1] & b) && !(a[2] & b) && !(a[3] & b) |-> (out == 8'd0)
    );"
00499,shift_register,assert,"// Reset clears the register on the next clock.
    check_reset_clears_register: assert property (
        @(posedge clk) reset |=> (q == 4'b0000)
    );"
00499,shift_register,assert,"// Parallel load captures parallel_input when shift controls are inactive.
    check_parallel_load: assert property (
        @(posedge clk) disable iff (reset)
        parallel_load |=> (q == $past(parallel_input))
    );"
00499,shift_register,assert,"// Shift left moves bits [2:0] into [3:1] and inserts 0 in bit [0].
    check_shift_left: assert property (
        @(posedge clk) disable iff (reset)
        (!parallel_load && shift_left) |=> (q == {$past(q[2:0]), 1'b0})
    );"
00499,shift_register,assert,"// Shift right moves bits [3:1] into [2:0] and inserts 0 in bit [3].
    check_shift_right: assert property (
        @(posedge clk) disable iff (reset)
        (!parallel_load && !shift_left && shift_right) |=> (q == {1'b0, $past(q[3:1])})
    );"
00499,shift_register,assert,"// The register holds its value when no control is active.
    check_hold_when_idle: assert property (
        @(posedge clk) disable iff (reset)
        (!parallel_load && !shift_left && !shift_right) |=> (q == $past(q))
    );"
00499,shift_register,assert,"// Parallel load has priority over shift_left.
    check_parallel_load_priority: assert property (
        @(posedge clk) disable iff (reset)
        (parallel_load && shift_left) |=> (q == $past(parallel_input))
    );"
00499,shift_register,assert,"// Parallel load has priority over shift_right.
    check_parallel_load_priority_over_shift_right: assert property (
        @(posedge clk) disable iff (reset)
        (parallel_load && !shift_left && shift_right) |=> (q == $past(parallel_input))
    );"
00520,decoder_2to4,assert,"// 00 decodes to out0 high and the others low.
    check_decode_00: assert property (
        @(posedge clk) (in == 2'b00) |-> (out0 == 1'b1 && out1 == 1'b0 && out2 == 1'b0 && out3 == 1'b0)
    );"
00520,decoder_2to4,assert,"// 01 decodes to out1 high and the others low.
    check_decode_01: assert property (
        @(posedge clk) (in == 2'b01) |-> (out0 == 1'b0 && out1 == 1'b1 && out2 == 1'b0 && out3 == 1'b0)
    );"
00520,decoder_2to4,assert,"// 10 decodes to out2 high and the others low.
    check_decode_10: assert property (
        @(posedge clk) (in == 2'b10) |-> (out0 == 1'b0 && out1 == 1'b0 && out2 == 1'b1 && out3 == 1'b0)
    );"
00520,decoder_2to4,assert,"// 11 decodes to out3 high and the others low.
    check_decode_11: assert property (
        @(posedge clk) (in == 2'b11) |-> (out0 == 1'b0 && out1 == 1'b0 && out2 == 1'b0 && out3 == 1'b1)
    );"
00520,decoder_2to4,assert,"// The outputs are always one-hot or all low.
    check_output_onehot0: assert property (
        @(posedge clk) $onehot0({out3, out2, out1, out0})
    );"
00520,decoder_2to4,assert,"// out0 is high only for input 00.
    check_out0_only_for_00: assert property (
        @(posedge clk) out0 |-> (in == 2'b00)
    );"
00520,decoder_2to4,assert,"// out1 is high only for input 01.
    check_out1_only_for_01: assert property (
        @(posedge clk) out1 |-> (in == 2'b01)
    );"
00520,decoder_2to4,assert,"// out2 is high only for input 10.
    check_out2_only_for_10: assert property (
        @(posedge clk) out2 |-> (in == 2'b10)
    );"
00520,decoder_2to4,assert,"// out3 is high only for input 11.
    check_out3_only_for_11: assert property (
        @(posedge clk) out3 |-> (in == 2'b11)
    );"
00524,pwm_generator,assert,"// Active-low reset forces pwm_out low.
    check_reset_forces_low: assert property (
        @(posedge clk) !rst_n |-> (pwm_out == 1'b0)
    );"
00524,pwm_generator,assert,"// A sampled reset cycle leaves pwm_out low on the next clock.
    check_reset_holds_low_next_cycle: assert property (
        @(posedge clk) !rst_n |=> (pwm_out == 1'b0)
    );"
00524,pwm_generator,assert,"// Outside reset, pwm_out toggles every active clock.
    check_toggle_every_active_cycle: assert property (
        @(posedge clk) disable iff (!rst_n) 1'b1 |=> (pwm_out == ~$past(pwm_out))
    );"
00556,my_module,assert,"// Z must always match the RTL mux equation.
    check_mux_equation: assert property (
        @(posedge clk) Z === (TE_B ? 1'b1 : A)
    );"
00556,my_module,assert,"// When TE_B is high, Z must be forced high.
    check_select_high_forces_one: assert property (
        @(posedge clk) TE_B |-> (Z === 1'b1)
    );"
00556,my_module,assert,"// When TE_B is low, Z must follow A.
    check_select_low_follows_a: assert property (
        @(posedge clk) !TE_B |-> (Z === A)
    );"
00563,comparator_block,assert,"// eq must match the RTL's equality comparison.
    check_eq_definition: assert property (
        @(posedge clk) eq == (a == b)
    );"
00563,comparator_block,assert,"// When a and b are equal, only eq can be high.
    check_eq_only_when_equal: assert property (
        @(posedge clk) (a == b) |-> (eq && !gt && !lt)
    );"
00566,OAI21X1,assert,"// Y must match the implemented OAI21X1 equation.
    check_oai21x1_equation: assert property (
        @(posedge clk) Y == ~((A | B) & C)
    );"
00566,OAI21X1,assert,"// When C is low, the AND term is low and Y must be high.
    check_c_low_forces_y_high: assert property (
        @(posedge clk) !C |-> Y
    );"
00566,OAI21X1,assert,"// When both OR inputs are low, the OR term is low and Y must be high.
    check_ab_low_forces_y_high: assert property (
        @(posedge clk) (!A && !B) |-> Y
    );"
00566,OAI21X1,assert,"// When C is high and either OR input is high, Y must be low.
    check_c_high_and_ab_high_forces_y_low: assert property (
        @(posedge clk) (C && (A || B)) |-> !Y
    );"
00566,OAI21X1,assert,"// A low Y can only occur when C is high and at least one OR input is high.
    check_y_low_only_when_c_high_and_ab_high: assert property (
        @(posedge clk) !Y |-> (C && (A || B))
    );"
00568,alu2,assert,"// aluflags[3] is the sign bit of the computed result.
    check_aluflags_sign: assert property (
        @(posedge clk)
        aluflags[3] == aluresult[31]
    );"
00568,alu2,assert,"// aluflags[2] is asserted only when the result is zero.
    check_aluflags_zero: assert property (
        @(posedge clk)
        aluflags[2] == (aluresult == 32'd0)
    );"
00568,alu2,assert,"// Add/sub without carry-out clears aluflags[1] and sets aluflags[0].
    check_no_carry_sets_overflow_flag: assert property (
        @(posedge clk)
        ((alucontrol[0]) && ((srca + ~srcb + 32'd1) < 32'd0)) |-> (!aluflags[1] && aluflags[0])
    );"
00569,RegisterAdd,assert,"// When FSM_selector_C is high, the next state is forced to 00.
    check_clear_on_selector: assert property (
        @(posedge clk_IBUF_BUFG) FSM_selector_C |=> (FSM_sequential_state_reg_reg == 2'b00)
    );"
00569,RegisterAdd,assert,"// When FSM_selector_C is low, the next state increments by AR modulo 4.
    check_increment_on_ar: assert property (
        @(posedge clk_IBUF_BUFG) !FSM_selector_C |=> (FSM_sequential_state_reg_reg == ($past(FSM_sequential_state_reg_reg) + $past(AR)))
    );"
00569,RegisterAdd,assert,"// A zero increment leaves the state unchanged when selector is low.
    check_zero_increment_holds: assert property (
        @(posedge clk_IBUF_BUFG) (!FSM_selector_C && (AR == 1'b0)) |=> (FSM_sequential_state_reg_reg == $past(FSM_sequential_state_reg_reg))
    );"
00581,pwm_out,assert,"// Reset clears all registered state.
    check_reset_state: assert property (
        @(posedge clk)
        !reset_n |-> ((pwm_timer == 12'd0) &&
                      (fifo_rdreq == 1'b0) &&
                      (audiodata_32 == 32'd0) &&
                      (audiodata_32_p == 32'd0) &&
                      (data_rdy == 1'b0))
    );"
00596,inverter,assert,"// op is low whenever clr is asserted.
    check_op_low_when_clr_high: assert property (
        @(posedge clk) clr |-> (op == 1'b0)
    );"
00600,test_in,assert,"// Reset clears all state and outputs.
    check_reset_state: assert property (
        @(posedge clk)
        rst |-> ((activate == 2'b00) && (data == 32'd0) && (strobe == 1'b0) && (count == 24'd0))
    );"
00600,test_in,assert,"// strobe is never asserted when activate is zero.
    check_strobe_never_when_no_activate: assert property (
        @(posedge clk) disable iff (rst)
        (activate == 2'b00) |-> (strobe == 1'b0)
    );"
00616,FFType,assert,"// Reset forces the output to the initialized value.
    check_reset_forces_init: assert property (
        @(posedge clock) reset |=> (io_out == $past(io_init))
    );"
00616,FFType,assert,"// With enable low, the output holds its previous value.
    check_hold_when_disabled: assert property (
        @(posedge clock) disable iff (reset)
        !io_enable |=> (io_out == $past(io_out))
    );"
00616,FFType,assert,"// With enable high, the output captures io_in.
    check_capture_when_enabled: assert property (
        @(posedge clock) disable iff (reset)
        io_enable |=> (io_out == $past(io_in))
    );"
00617,and_or_module,assert,"// g_out must equal the AND of a and b.
    check_g_out_matches_and: assert property (
        @(posedge clk) g_out == (a & b)
    );"
00617,and_or_module,assert,"// p_out must equal the OR of a and b.
    check_p_out_matches_or: assert property (
        @(posedge clk) p_out == (a | b)
    );"
00617,and_or_module,assert,"// Both outputs must be low when both inputs are low.
    check_both_low_case: assert property (
        @(posedge clk) (!a && !b) |-> (!g_out && !p_out)
    );"
00617,and_or_module,assert,"// Both outputs must be high when both inputs are high.
    check_both_high_case: assert property (
        @(posedge clk) (a && b) |-> (g_out && p_out)
    );"
00617,and_or_module,assert,"// g_out must be low when a is low.
    check_g_out_low_when_a_low: assert property (
        @(posedge clk) !a |-> !g_out
    );"
00617,and_or_module,assert,"// g_out must be low when b is low.
    check_g_out_low_when_b_low: assert property (
        @(posedge clk) !b |-> !g_out
    );"
00617,and_or_module,assert,"// p_out must be high when a is high.
    check_p_out_high_when_a_high: assert property (
        @(posedge clk) a |-> p_out
    );"
00617,and_or_module,assert,"// p_out must be high when b is high.
    check_p_out_high_when_b_high: assert property (
        @(posedge clk) b |-> p_out
    );"
00653,and4,assert,"// X must equal the AND of all four inputs.
    check_x_matches_and4: assert property (
        @(posedge clk) X == (A & B & C & D)
    );"
00653,and4,assert,"// X must be high when all inputs are high.
    check_x_high_when_all_inputs_high: assert property (
        @(posedge clk) (A & B & C & D) |-> X
    );"
00653,and4,assert,"// X must be low when any input is low.
    check_x_low_when_any_input_low: assert property (
        @(posedge clk) (!A || !B || !C || !D) |-> !X
    );"
00653,and4,assert,"// A high X requires all inputs to be high.
    check_x_high_requires_all_inputs_high: assert property (
        @(posedge clk) X |-> (A & B & C & D)
    );"
00656,or3_4_custom,assert,"// X must equal the OR of A, B, and C.
    check_or_function: assert property (
        @(posedge clk) X == (A | B | C)
    );"
00656,or3_4_custom,assert,"// X must be low when all inputs are low.
    check_all_inputs_low: assert property (
        @(posedge clk) (!A && !B && !C) |-> !X
    );"
00656,or3_4_custom,assert,"// X must be high when A is high.
    check_a_high_sets_x: assert property (
        @(posedge clk) A |-> X
    );"
00656,or3_4_custom,assert,"// X must be high when B is high.
    check_b_high_sets_x: assert property (
        @(posedge clk) B |-> X
    );"
00656,or3_4_custom,assert,"// X must be high when C is high.
    check_c_high_sets_x: assert property (
        @(posedge clk) C |-> X
    );"
00671,xor_gate,assert,"// out_comb must match the RTL XOR expression.
    check_out_matches_rtl_expression: assert property (
        @(posedge clk) out_comb == ((a & ~b) | (~a & b))
    );"
00671,xor_gate,assert,"// out_comb must equal the XOR of a and b.
    check_out_matches_xor_function: assert property (
        @(posedge clk) out_comb == (a ^ b)
    );"
00671,xor_gate,assert,"// When a and b are equal, out_comb must be low.
    check_equal_inputs_drive_low: assert property (
        @(posedge clk) (a == b) |-> (out_comb == 1'b0)
    );"
00671,xor_gate,assert,"// When a and b differ, out_comb must be high.
    check_different_inputs_drive_high: assert property (
        @(posedge clk) (a != b) |-> (out_comb == 1'b1)
    );"
00694,mux2to1,assert,"// When A1 is high and A2 is low, Y follows B2.
    check_select_10_routes_b2: assert property (
        @(posedge clk)
        ( A1_N & ~A2_N) |-> (Y == B2)
    );"
00694,mux2to1,assert,"// When both select inputs are high, Y follows B1.
    check_select_11_routes_b1: assert property (
        @(posedge clk)
        ( A1_N &  A2_N) |-> (Y == B1)
    );"
00744,alu_16bit,assert,"// op 0000 selects 16-bit addition.
    check_add_operation: assert property (
        @(posedge clk) (op == 4'b0000) |-> (Y == (A + B))
    );"
00744,alu_16bit,assert,"// op 0001 selects 16-bit subtraction.
    check_sub_operation: assert property (
        @(posedge clk) (op == 4'b0001) |-> (Y == (A - B))
    );"
00744,alu_16bit,assert,"// op 0010 selects bitwise AND.
    check_and_operation: assert property (
        @(posedge clk) (op == 4'b0010) |-> (Y == (A & B))
    );"
00744,alu_16bit,assert,"// op 0011 selects bitwise OR.
    check_or_operation: assert property (
        @(posedge clk) (op == 4'b0011) |-> (Y == (A | B))
    );"
00744,alu_16bit,assert,"// op 0100 selects bitwise XOR.
    check_xor_operation: assert property (
        @(posedge clk) (op == 4'b0100) |-> (Y == (A ^ B))
    );"
00744,alu_16bit,assert,"// op 0101 selects bitwise NOT of A.
    check_not_a_operation: assert property (
        @(posedge clk) (op == 4'b0101) |-> (Y == (~A))
    );"
00744,alu_16bit,assert,"// op 0110 selects logical left shift by one.
    check_shift_left_operation: assert property (
        @(posedge clk) (op == 4'b0110) |-> (Y == ({A[14:0], 1'b0}))
    );"
00744,alu_16bit,assert,"// op 0111 selects logical right shift by one.
    check_shift_right_operation: assert property (
        @(posedge clk) (op == 4'b0111) |-> (Y == ({1'b0, A[15:1]}))
    );"
00744,alu_16bit,assert,"// op 1000 selects rotate left by one.
    check_rotate_left_operation: assert property (
        @(posedge clk) (op == 4'b1000) |-> (Y == ({A[14:0], A[15]}))
    );"
00744,alu_16bit,assert,"// op 1001 selects rotate right by one.
    check_rotate_right_operation: assert property (
        @(posedge clk) (op == 4'b1001) |-> (Y == ({A[0], A[15:1]}))
    );"
00744,alu_16bit,assert,"// Any unlisted op code drives zero.
    check_default_zero_operation: assert property (
        @(posedge clk)
        ((op != 4'b0000) && (op != 4'b0001) && (op != 4'b0010) &&
         (op != 4'b0011) && (op != 4'b0100) && (op != 4'b0101) &&
         (op != 4'b0110) && (op != 4'b0111) && (op != 4'b1000) &&
         (op != 4'b1001)) |-> (Y == 16'h0000)
    );"
00764,xor_inv_multiplexer,assert,"// out_xor is the XOR of the selected input with a.
    check_out_xor_function: assert property (
        @(posedge clk)
        out_xor == ((sel_b2 ? b : (sel_b1 ? b : a)) ^ a)
    );"
00764,xor_inv_multiplexer,assert,"// out_xor_inv is the bitwise inverse of out_xor.
    check_out_xor_inv_function: assert property (
        @(posedge clk)
        out_xor_inv == ~out_xor
    );"
00764,xor_inv_multiplexer,assert,"// out_logical_inv is the logical inverse of out_xor.
    check_out_logical_inv_function: assert property (
        @(posedge clk)
        out_logical_inv == !out_xor
    );"
00772,decoder_4to16,assert,"// Output is always one-hot.
    check_out_onehot: assert property (
        @(posedge clk) $onehot(out)
    );"
00772,decoder_4to16,assert,"// Input 0000 decodes to bit 0.
    check_decode_0000: assert property (
        @(posedge clk) (in == 4'h0) |-> (out == 16'h0001)
    );"
00772,decoder_4to16,assert,"// Input 0001 decodes to bit 1.
    check_decode_0001: assert property (
        @(posedge clk) (in == 4'h1) |-> (out == 16'h0002)
    );"
00772,decoder_4to16,assert,"// Input 0010 decodes to bit 2.
    check_decode_0010: assert property (
        @(posedge clk) (in == 4'h2) |-> (out == 16'h0004)
    );"
00772,decoder_4to16,assert,"// Input 0011 decodes to bit 3.
    check_decode_0011: assert property (
        @(posedge clk) (in == 4'h3) |-> (out == 16'h0008)
    );"
00772,decoder_4to16,assert,"// Input 0100 decodes to bit 4.
    check_decode_0100: assert property (
        @(posedge clk) (in == 4'h4) |-> (out == 16'h0010)
    );"
00772,decoder_4to16,assert,"// Input 0101 decodes to bit 5.
    check_decode_0101: assert property (
        @(posedge clk) (in == 4'h5) |-> (out == 16'h0020)
    );"
00772,decoder_4to16,assert,"// Input 0110 decodes to bit 6.
    check_decode_0110: assert property (
        @(posedge clk) (in == 4'h6) |-> (out == 16'h0040)
    );"
00772,decoder_4to16,assert,"// Input 0111 decodes to bit 7.
    check_decode_0111: assert property (
        @(posedge clk) (in == 4'h7) |-> (out == 16'h0080)
    );"
00772,decoder_4to16,assert,"// Input 1000 decodes to bit 8.
    check_decode_1000: assert property (
        @(posedge clk) (in == 4'h8) |-> (out == 16'h0100)
    );"
00772,decoder_4to16,assert,"// Input 1001 decodes to bit 9.
    check_decode_1001: assert property (
        @(posedge clk) (in == 4'h9) |-> (out == 16'h0200)
    );"
00772,decoder_4to16,assert,"// Input 1010 decodes to bit 10.
    check_decode_1010: assert property (
        @(posedge clk) (in == 4'hA) |-> (out == 16'h0400)
    );"
00772,decoder_4to16,assert,"// Input 1011 decodes to bit 11.
    check_decode_1011: assert property (
        @(posedge clk) (in == 4'hB) |-> (out == 16'h0800)
    );"
00772,decoder_4to16,assert,"// Input 1100 decodes to bit 12.
    check_decode_1100: assert property (
        @(posedge clk) (in == 4'hC) |-> (out == 16'h1000)
    );"
00772,decoder_4to16,assert,"// Input 1101 decodes to bit 13.
    check_decode_1101: assert property (
        @(posedge clk) (in == 4'hD) |-> (out == 16'h2000)
    );"
00772,decoder_4to16,assert,"// Input 1110 decodes to bit 14.
    check_decode_1110: assert property (
        @(posedge clk) (in == 4'hE) |-> (out == 16'h4000)
    );"
00772,decoder_4to16,assert,"// Input 1111 decodes to bit 15.
    check_decode_1111: assert property (
        @(posedge clk) (in == 4'hF) |-> (out == 16'h8000)
    );"
00792,xor_module,assert,"// out_comb_logic must equal the XOR of a and b.
    check_xor_function: assert property (
        @(posedge clk) out_comb_logic == (a ^ b)
    );"
00792,xor_module,assert,"// When a and b are equal, out_comb_logic must be low.
    check_equal_inputs_drive_low: assert property (
        @(posedge clk) (a == b) |-> (out_comb_logic == 1'b0)
    );"
00792,xor_module,assert,"// When a and b differ, out_comb_logic must be high.
    check_different_inputs_drive_high: assert property (
        @(posedge clk) (a != b) |-> (out_comb_logic == 1'b1)
    );"
00802,my_or4b,assert,"// X matches the implemented OR-of-A/B/C and inverted D_N.
    check_function_equivalence: assert property (
        @(posedge clk) X == (A | B | C | ~D_N)
    );"
00802,my_or4b,assert,"// A high forces X high.
    check_a_forces_x_high: assert property (
        @(posedge clk) A |-> X
    );"
00802,my_or4b,assert,"// B high forces X high.
    check_b_forces_x_high: assert property (
        @(posedge clk) B |-> X
    );"
00802,my_or4b,assert,"// C high forces X high.
    check_c_forces_x_high: assert property (
        @(posedge clk) C |-> X
    );"
00802,my_or4b,assert,"// D_N low forces X high.
    check_dn_low_forces_x_high: assert property (
        @(posedge clk) !D_N |-> X
    );"
00802,my_or4b,assert,"// All low inputs make X low.
    check_all_inputs_low_drive_x_low: assert property (
        @(posedge clk) (!A && !B && !C && D_N) |-> !X
    );"
00802,my_or4b,assert,"// X low implies A, B, and C are low and D_N is high.
    check_x_low_implies_inputs_low: assert property (
        @(posedge clk) !X |-> (!A && !B && !C && D_N)
    );"
00806,sky130_fd_sc_ls__or4b,assert,"// X matches the implemented OR-of-A/B/C and inverted D_N.
    check_function_equivalence: assert property (
        @(posedge clk) X == (A | B | C | ~D_N)
    );"
00806,sky130_fd_sc_ls__or4b,assert,"// A high forces X high.
    check_a_forces_x_high: assert property (
        @(posedge clk) A |-> X
    );"
00806,sky130_fd_sc_ls__or4b,assert,"// B high forces X high.
    check_b_forces_x_high: assert property (
        @(posedge clk) B |-> X
    );"
00806,sky130_fd_sc_ls__or4b,assert,"// C high forces X high.
    check_c_forces_x_high: assert property (
        @(posedge clk) C |-> X
    );"
00806,sky130_fd_sc_ls__or4b,assert,"// D_N low forces X high.
    check_dn_low_forces_x_high: assert property (
        @(posedge clk) !D_N |-> X
    );"
00806,sky130_fd_sc_ls__or4b,assert,"// All low inputs make X low.
    check_all_inputs_low_drive_x_low: assert property (
        @(posedge clk) (!A && !B && !C && D_N) |-> !X
    );"
00806,sky130_fd_sc_ls__or4b,assert,"// X low implies A, B, and C are low and D_N is high.
    check_x_low_implies_inputs_low: assert property (
        @(posedge clk) !X |-> (!A && !B && !C && D_N)
    );"
00819,and4,assert,"// X must equal the AND of all four inputs.
    check_x_matches_and4: assert property (
        @(posedge clk) X == (A & B & C & D)
    );"
00819,and4,assert,"// All inputs high must drive X high.
    check_all_inputs_high_drive_x_high: assert property (
        @(posedge clk) (A & B & C & D) |-> X
    );"
00819,and4,assert,"// A low must force X low.
    check_a_low_forces_x_low: assert property (
        @(posedge clk) !A |-> !X
    );"
00819,and4,assert,"// B low must force X low.
    check_b_low_forces_x_low: assert property (
        @(posedge clk) !B |-> !X
    );"
00819,and4,assert,"// C low must force X low.
    check_c_low_forces_x_low: assert property (
        @(posedge clk) !C |-> !X
    );"
00819,and4,assert,"// D low must force X low.
    check_d_low_forces_x_low: assert property (
        @(posedge clk) !D |-> !X
    );"
00837,wasca_hexdot,assert,"// Reset clears the stored output value.
    check_reset_clears_out_port: assert property (
        @(posedge clk) !reset_n |-> (out_port == 6'h00)
    );"
00837,wasca_hexdot,assert,"// Reset clears the readback data.
    check_reset_clears_readdata: assert property (
        @(posedge clk) !reset_n |-> (readdata == 32'h00000000)
    );"
00837,wasca_hexdot,assert,"// Address 0 reads back the stored output value.
    check_read_address_zero_returns_out_port: assert property (
        @(posedge clk) disable iff (!reset_n)
        (address == 2'h0) |-> (readdata == {26'b0, out_port})
    );"
00837,wasca_hexdot,assert,"// Nonzero addresses read zero.
    check_read_nonzero_address_returns_zero: assert property (
        @(posedge clk) disable iff (!reset_n)
        (address != 2'h0) |-> (readdata == 32'h00000000)
    );"
00837,wasca_hexdot,assert,"// A selected write to address 0 updates the stored output value.
    check_write_address_zero_updates_out_port: assert property (
        @(posedge clk) disable iff (!reset_n)
        (chipselect && !write_n && (address == 2'h0)) |=> (out_port == $past(writedata[5:0]))
    );"
00837,wasca_hexdot,assert,"// Without a selected write to address 0, the stored output value holds.
    check_no_write_address_zero_holds_out_port: assert property (
        @(posedge clk) disable iff (!reset_n)
        !(chipselect && !write_n && (address == 2'h0)) |=> (out_port == $past(out_port))
    );"
00848,vfabric_bypass_reg,assert,"// o_dataout follows the mux select between i_register_settings and i_datain.
    check_output_mux_function: assert property (
        @(posedge clock) disable iff (!resetn)
        o_dataout == (i_settings ? i_register_settings : i_datain)
    );"
00848,vfabric_bypass_reg,assert,"// o_dataout_valid is a direct pass-through of i_datain_valid.
    check_valid_passthrough: assert property (
        @(posedge clock) disable iff (!resetn)
        o_dataout_valid == i_datain_valid
    );"
00848,vfabric_bypass_reg,assert,"// o_datain_stall is a direct pass-through of i_dataout_stall.
    check_stall_passthrough: assert property (
        @(posedge clock) disable iff (!resetn)
        o_datain_stall == i_dataout_stall
    );"
00848,vfabric_bypass_reg,assert,"// When i_settings is high, o_dataout selects i_register_settings.
    check_select_register_settings: assert property (
        @(posedge clock) disable iff (!resetn)
        i_settings |-> (o_dataout == i_register_settings)
    );"
00848,vfabric_bypass_reg,assert,"// When i_settings is low, o_dataout selects i_datain.
    check_select_datain: assert property (
        @(posedge clock) disable iff (!resetn)
        !i_settings |-> (o_dataout == i_datain)
    );"
00848,vfabric_bypass_reg,assert,"// A high i_datain_valid is always reflected on o_dataout_valid.
    check_valid_high_when_datain_valid: assert property (
        @(posedge clock) disable iff (!resetn)
        i_datain_valid |-> o_dataout_valid
    );"
00848,vfabric_bypass_reg,assert,"// A low i_datain_valid is always reflected on o_dataout_valid.
    check_valid_low_when_datain_invalid: assert property (
        @(posedge clock) disable iff (!resetn)
        !i_datain_valid |-> !o_dataout_valid
    );"
00848,vfabric_bypass_reg,assert,"// A high i_dataout_stall is always reflected on o_datain_stall.
    check_stall_high_when_dataout_stall: assert property (
        @(posedge clock) disable iff (!resetn)
        i_dataout_stall |-> o_datain_stall
    );"
00848,vfabric_bypass_reg,assert,"// A low i_dataout_stall is always reflected on o_datain_stall.
    check_stall_low_when_dataout_not_stall: assert property (
        @(posedge clock) disable iff (!resetn)
        !i_dataout_stall |-> !o_datain_stall
    );"
00871,and_gate,assert,"// X is low after a cycle with reset asserted.
    check_reset_clears_x: assert property (
        @(posedge clk) reset |=> (X == 1'b0)
    );"
00871,and_gate,assert,"// X is low after a cycle where A and B are not both high.
    check_and_low_when_inputs_low: assert property (
        @(posedge clk) disable iff (reset)
        ((A == 1'b0) || (B == 1'b0)) |=> (X == 1'b0)
    );"
00871,and_gate,assert,"// X is high after a cycle where A and B are both high.
    check_and_high_when_inputs_high: assert property (
        @(posedge clk) disable iff (reset)
        ((A == 1'b1) && (B == 1'b1)) |=> (X == 1'b1)
    );"
00873,sky130_fd_sc_hd__a211oi,assert,"// Y matches the implemented A211OI function.
    check_y_matches_a211oi_function: assert property (
        @(posedge clk) Y == ~((A1 & A2) | B1 | C1)
    );"
00873,sky130_fd_sc_hd__a211oi,assert,"// B1 high forces the NOR output low.
    check_b1_forces_y_low: assert property (
        @(posedge clk) B1 |-> !Y
    );"
00873,sky130_fd_sc_hd__a211oi,assert,"// C1 high forces the NOR output low.
    check_c1_forces_y_low: assert property (
        @(posedge clk) C1 |-> !Y
    );"
00873,sky130_fd_sc_hd__a211oi,assert,"// A1 and A2 high together force the NOR output low.
    check_a1_a2_force_y_low: assert property (
        @(posedge clk) (A1 && A2) |-> !Y
    );"
00873,sky130_fd_sc_hd__a211oi,assert,"// With B1 and C1 low, Y is the inverse of A1 AND A2.
    check_y_when_b1_c1_low: assert property (
        @(posedge clk) (!B1 && !C1) |-> (Y == ~(A1 & A2))
    );"
00873,sky130_fd_sc_hd__a211oi,assert,"// With A1 and A2 low, Y is the inverse of B1 OR C1.
    check_y_when_a1_a2_low: assert property (
        @(posedge clk) (!A1 && !A2) |-> (Y == ~(B1 | C1))
    );"
00873,sky130_fd_sc_hd__a211oi,assert,"// All inputs low produce a high output.
    check_all_inputs_low_gives_y_high: assert property (
        @(posedge clk) (!A1 && !A2 && !B1 && !C1) |-> Y
    );"
00873,sky130_fd_sc_hd__a211oi,assert,"// All inputs high produce a low output.
    check_all_inputs_high_gives_y_low: assert property (
        @(posedge clk) (A1 && A2 && B1 && C1) |-> !Y
    );"
00895,binary_counter,assert,"// Active-low reset forces the counter to zero.
    check_reset_clears_count: assert property (
        @(posedge clk) !rst |-> (count == 3'b000)
    );"
00895,binary_counter,assert,"// The first sampled cycle after reset release still sees zero.
    check_post_reset_zero: assert property (
        @(posedge clk) disable iff (!rst) $rose(rst) |-> (count == 3'b000)
    );"
00895,binary_counter,assert,"// The first active cycle after reset release still sees zero.
    check_first_active_cycle_zero: assert property (
        @(posedge clk) disable iff (!rst) $rose(rst) |=> (count == 3'b000)
    );"
00895,binary_counter,assert,"// The first active cycle after reset release then increments to one.
    check_first_active_cycle_one: assert property (
        @(posedge clk) disable iff (!rst) $rose(rst) |=> (count == 3'b001)
    );"
00895,binary_counter,assert,"// The counter increments by one on each active clock.
    check_count_increments: assert property (
        @(posedge clk) disable iff (!rst) 1'b1 |=> (count == ($past(count) + 3'b001))
    );"
00895,binary_counter,assert,"// The 3-bit counter wraps from 7 back to 0.
    check_count_wraps: assert property (
        @(posedge clk) disable iff (!rst) (count == 3'b111) |=> (count == 3'b000)
    );"
00912,shift_register_4bit,assert,"// CLR forces both outputs to zero on the next clock.
    check_clear_forces_zero: assert property (
        @(posedge CLK) CLR |=> (Q == 4'b0000 && Q_next == 4'b0000)
    );"
00912,shift_register_4bit,assert,"// LOAD captures D into both outputs on the next clock.
    check_load_captures_d: assert property (
        @(posedge CLK) disable iff (CLR) LOAD |=> (Q == $past(D) && Q_next == $past(D))
    );"
00912,shift_register_4bit,assert,"// Without LOAD, Q shifts left and inserts D[3] into bit 0.
    check_shift_updates_q: assert property (
        @(posedge CLK) disable iff (CLR) !LOAD |=> (Q == { $past(Q[2:0]), $past(D[3]) })
    );"
00912,shift_register_4bit,assert,"// CLR has priority over LOAD when both are asserted.
    check_clear_overrides_load: assert property (
        @(posedge CLK) (CLR && LOAD) |=> (Q == 4'b0000 && Q_next == 4'b0000)
    );"
00947,and_gate,assert,"// out_and must equal the reduction AND of in.
    check_out_and_matches_reduction_and: assert property (
        @(posedge clk) out_and == (&in)
    );"
00947,and_gate,assert,"// out_and must be high when all input bits are high.
    check_out_and_high_when_all_high: assert property (
        @(posedge clk) (&in) |-> out_and
    );"
01022,sky130_fd_sc_lp__or2,assert,"// X must equal the OR of A and B.
    check_or_function: assert property (
        @(posedge clk) X == (A | B)
    );"
01022,sky130_fd_sc_lp__or2,assert,"// A high must drive X high.
    check_a_high_sets_x: assert property (
        @(posedge clk) A |-> X
    );"
01022,sky130_fd_sc_lp__or2,assert,"// B high must drive X high.
    check_b_high_sets_x: assert property (
        @(posedge clk) B |-> X
    );"
01022,sky130_fd_sc_lp__or2,assert,"// Both inputs low must drive X low.
    check_both_inputs_low_clear_x: assert property (
        @(posedge clk) (!A && !B) |-> !X
    );"
01022,sky130_fd_sc_lp__or2,assert,"// X high must come from at least one high input.
    check_x_high_has_high_input: assert property (
        @(posedge clk) X |-> (A || B)
    );"
01030,constant_generator,assert,"// Clear forces the output low on the next clock.
    check_clear_forces_low: assert property (
        @(posedge clk) clr |=> (op == 1'b0)
    );"
01030,constant_generator,assert,"// Clear has priority over clock enable when both are asserted.
    check_clear_priority_over_ce: assert property (
        @(posedge clk) (clr && ce) |=> (op == 1'b0)
    );"
01030,constant_generator,assert,"// Clock enable sets the output high when clear is low.
    check_ce_sets_high: assert property (
        @(posedge clk) disable iff (clr) ce |=> (op == 1'b1)
    );"
01030,constant_generator,assert,"// The output holds its value when neither clear nor clock enable is asserted.
    check_hold_when_idle: assert property (
        @(posedge clk) disable iff (clr) (!ce) |=> (op == $past(op))
    );"
01042,DFF_AR,assert,"// Active-low reset forces Q low and QN high.
    check_reset_state: assert property (
        @(posedge CLK) !RST |-> (Q == 1'b0 && QN == 1'b1)
    );"
01042,DFF_AR,assert,"// Q captures D on the next clock when reset is inactive.
    check_q_captures_d: assert property (
        @(posedge CLK) disable iff (!RST) 1'b1 |=> (Q == $past(D))
    );"
01042,DFF_AR,assert,"// QN captures the inverse of D on the next clock when reset is inactive.
    check_qn_captures_not_d: assert property (
        @(posedge CLK) disable iff (!RST) 1'b1 |=> (QN == ~$past(D))
    );"
01042,DFF_AR,assert,"// Q and QN remain complementary when reset is inactive.
    check_outputs_complementary: assert property (
        @(posedge CLK) disable iff (!RST) 1'b1 |-> (QN == ~Q)
    );"
01071,sky130_fd_sc_ms__a211o,assert,"// X matches the implemented OR-of-AND function.
    check_function_equivalence: assert property (
        @(posedge clk) X == ((A1 & A2) | B1 | C1)
    );"
01071,sky130_fd_sc_ms__a211o,assert,"// B1 high forces X high.
    check_b1_forces_x_high: assert property (
        @(posedge clk) B1 |-> X
    );"
01071,sky130_fd_sc_ms__a211o,assert,"// C1 high forces X high.
    check_c1_forces_x_high: assert property (
        @(posedge clk) C1 |-> X
    );"
01071,sky130_fd_sc_ms__a211o,assert,"// A1 and A2 high together force X high.
    check_a1_a2_force_x_high: assert property (
        @(posedge clk) (A1 & A2) |-> X
    );"
01071,sky130_fd_sc_ms__a211o,assert,"// With A1 and A2 low, X reduces to B1 OR C1.
    check_a1_a2_low_reduces_to_bc_or: assert property (
        @(posedge clk) (!A1 && !A2) |-> (X == (B1 | C1))
    );"
01071,sky130_fd_sc_ms__a211o,assert,"// X low requires B1 and C1 low and A1/A2 not both high.
    check_x_low_condition: assert property (
        @(posedge clk) (!X) |-> (!B1 && !C1 && !(A1 && A2))
    );"
01085,counter_4bit,assert,"// Active-low reset forces the counter to zero.
    check_reset_clears_count: assert property (
        @(posedge clk) !reset |-> (count == 4'h0)
    );"
01085,counter_4bit,assert,"// When enabled, the counter increments by one on the next clock.
    check_increment_when_enabled: assert property (
        @(posedge clk) disable iff (!reset)
        enable |=> (count == ($past(count) + 4'd1))
    );"
01085,counter_4bit,assert,"// When disabled, the counter holds its value on the next clock.
    check_hold_when_disabled: assert property (
        @(posedge clk) disable iff (!reset)
        !enable |=> (count == $past(count))
    );"
01085,counter_4bit,assert,"// The counter wraps from 15 back to 0 when enabled.
    check_wrap_from_max: assert property (
        @(posedge clk) disable iff (!reset)
        (enable && (count == 4'hF)) |=> (count == 4'h0)
    );"
01170,binary_counter,assert,"// Reset forces the counter to zero.
    check_reset_clears_count: assert property (
        @(posedge clk) rst |-> (count == 4'h0)
    );"
01170,binary_counter,assert,"// The first sampled cycle after reset deassertion still shows zero.
    check_post_reset_zero: assert property (
        @(posedge clk) disable iff (rst) $fell(rst) |-> (count == 4'h0)
    );"
01170,binary_counter,assert,"// The first active cycle after reset deassertion shows count one.
    check_post_reset_first_increment: assert property (
        @(posedge clk) disable iff (rst) $fell(rst) |=> (count == 4'h1)
    );"
01170,binary_counter,assert,"// The counter increments by one on each active clock.
    check_count_increments: assert property (
        @(posedge clk) disable iff (rst) 1'b1 |=> (count == ($past(count) + 4'd1))
    );"
01170,binary_counter,assert,"// The 4-bit counter wraps from 15 back to 0.
    check_count_wraps: assert property (
        @(posedge clk) disable iff (rst) (count == 4'hF) |=> (count == 4'h0)
    );"
01208,control,assert,"// Reset clears the registered outputs.
    check_reset_clears_outputs: assert property (
        @(posedge clk) rst |=> (control_o == 9'b0 && pc_op == 2'b00)
    );"
01208,control,assert,"// When enabled, en_mem is captured into control_o[0].
    check_en_captures_en_mem: assert property (
        @(posedge clk) disable iff (rst) en |=> (control_o[0] == $past(en_mem))
    );"
01208,control,assert,"// When enabled, should_branch is captured into control_o[1].
    check_en_captures_should_branch: assert property (
        @(posedge clk) disable iff (rst) en |=> (control_o[1] == $past(should_branch))
    );"
01208,control,assert,"// When enabled, imm is captured into control_o[2].
    check_en_captures_imm: assert property (
        @(posedge clk) disable iff (rst) en |=> (control_o[2] == $past(imm))
    );"
01208,control,assert,"// When enabled, pc_op selects 2'b10 for imm=1.
    check_en_selects_and_when_imm: assert property (
        @(posedge clk) disable iff (rst) (en && imm) |=> (pc_op == 2'b10)
    );"
01208,control,assert,"// When enabled, pc_op selects 2'b00 for imm=0.
    check_en_selects_add_when_not_imm: assert property (
        @(posedge clk) disable iff (rst) (en && !imm) |=> (pc_op == 2'b00)
    );"
01208,control,assert,"// When not enabled, control_o holds its previous value.
    check_hold_control_when_disabled: assert property (
        @(posedge clk) disable iff (rst) !en |=> (control_o == $past(control_o))
    );"
01208,control,assert,"// When not enabled, pc_op holds its previous value.
    check_hold_pc_op_when_disabled: assert property (
        @(posedge clk) disable iff (rst) !en |=> (pc_op == $past(pc_op))
    );"
01266,AND4,assert,"// Z must equal the AND of all four inputs.
    check_output_matches_and: assert property (
        @(posedge clk) Z == (A & B & C & D)
    );"
01266,AND4,assert,"// All inputs high must drive Z high.
    check_all_inputs_high_drive_output_high: assert property (
        @(posedge clk) (A & B & C & D) |-> Z
    );"
01266,AND4,assert,"// A low must force Z low.
    check_a_low_forces_output_low: assert property (
        @(posedge clk) !A |-> !Z
    );"
01266,AND4,assert,"// B low must force Z low.
    check_b_low_forces_output_low: assert property (
        @(posedge clk) !B |-> !Z
    );"
01266,AND4,assert,"// C low must force Z low.
    check_c_low_forces_output_low: assert property (
        @(posedge clk) !C |-> !Z
    );"
01266,AND4,assert,"// D low must force Z low.
    check_d_low_forces_output_low: assert property (
        @(posedge clk) !D |-> !Z
    );"
01268,half_adder,assert,"// sum must equal A XOR B.
    check_sum_xor: assert property (
        @(posedge clk) sum == (A ^ B)
    );"
01268,half_adder,assert,"// carry_out must equal A AND B.
    check_carry_and: assert property (
        @(posedge clk) carry_out == (A & B)
    );"
01268,half_adder,assert,"// Both inputs low must produce zero sum and zero carry.
    check_zero_inputs: assert property (
        @(posedge clk) (!A && !B) |-> (!sum && !carry_out)
    );"
01268,half_adder,assert,"// A high and B low must produce sum high and carry low.
    check_a_high_b_low: assert property (
        @(posedge clk) (A && !B) |-> (sum && !carry_out)
    );"
01268,half_adder,assert,"// A low and B high must produce sum high and carry low.
    check_a_low_b_high: assert property (
        @(posedge clk) (!A && B) |-> (sum && !carry_out)
    );"
01268,half_adder,assert,"// Both inputs high must produce carry high and sum low.
    check_both_high: assert property (
        @(posedge clk) (A && B) |-> (!sum && carry_out)
    );"
01273,carry_lookahead_adder,assert,"// High 16 bits are the zero-extended high sum.
    check_high_sum_zero_extended: assert property (
        @(posedge clk) sum[31:16] == {16'h0000, (a[31:16] + b[31:16])}
    );"
01273,carry_lookahead_adder,assert,"// The high 16-bit sum matches the high 16 bits of the 32-bit addition.
    check_high_sum_matches_addition: assert property (
        @(posedge clk) sum[31:16] == (a[31:16] + b[31:16])
    );"
01273,carry_lookahead_adder,assert,"// Adding one to zero on the high input increments the low input by one.
    check_high_one_plus_zero: assert property (
        @(posedge clk) ((a[31:16] == 16'h0001) && (b[31:16] == 16'h0000)) |-> (sum == {16'h0000, (a[15:0] + 16'h0001), (a[15:0] + b[15:0])})
    );"
01289,sky130_fd_sc_ms__o41a,assert,"// X must equal the OR of A1 through A4 gated by B1.
    check_x_matches_o41a_function: assert property (
        @(posedge clk) X == ((A1 | A2 | A3 | A4) & B1)
    );"
01289,sky130_fd_sc_ms__o41a,assert,"// B1 low must force X low.
    check_b1_low_forces_x_low: assert property (
        @(posedge clk) !B1 |-> !X
    );"
01289,sky130_fd_sc_ms__o41a,assert,"// All A inputs low must force X low.
    check_all_a_inputs_low_force_x_low: assert property (
        @(posedge clk) (!A1 && !A2 && !A3 && !A4) |-> !X
    );"
01289,sky130_fd_sc_ms__o41a,assert,"// A1 high with B1 high must drive X high.
    check_a1_and_b1_drive_x_high: assert property (
        @(posedge clk) (A1 && B1) |-> X
    );"
01289,sky130_fd_sc_ms__o41a,assert,"// A2 high with B1 high must drive X high.
    check_a2_and_b1_drive_x_high: assert property (
        @(posedge clk) (A2 && B1) |-> X
    );"
01289,sky130_fd_sc_ms__o41a,assert,"// A3 high with B1 high must drive X high.
    check_a3_and_b1_drive_x_high: assert property (
        @(posedge clk) (A3 && B1) |-> X
    );"
01289,sky130_fd_sc_ms__o41a,assert,"// A4 high with B1 high must drive X high.
    check_a4_and_b1_drive_x_high: assert property (
        @(posedge clk) (A4 && B1) |-> X
    );"
01289,sky130_fd_sc_ms__o41a,assert,"// X high requires B1 to be high.
    check_x_high_requires_b1_high: assert property (
        @(posedge clk) X |-> B1
    );"
01289,sky130_fd_sc_ms__o41a,assert,"// X high requires at least one A input to be high.
    check_x_high_requires_any_a_high: assert property (
        @(posedge clk) X |-> (A1 || A2 || A3 || A4)
    );"
01304,binary_counter,assert,"// Reset clears the counter on the next clock.
    check_reset_clears_count: assert property (
        @(posedge clk) reset |=> (count == 4'b0000)
    );"
01304,binary_counter,assert,"// Reset has priority over enable.
    check_reset_priority_over_enable: assert property (
        @(posedge clk) (reset && enable) |=> (count == 4'b0000)
    );"
01304,binary_counter,assert,"// Enable increments the counter by one when reset is low.
    check_enable_increments_count: assert property (
        @(posedge clk) disable iff (reset) enable |=> (count == ($past(count) + 4'd1))
    );"
01304,binary_counter,assert,"// The counter holds its value when enable is low.
    check_hold_when_disabled: assert property (
        @(posedge clk) disable iff (reset) !enable |=> (count == $past(count))
    );"
01304,binary_counter,assert,"// The counter wraps from 15 back to 0 when enabled.
    check_wrap_from_max: assert property (
        @(posedge clk) disable iff (reset) (enable && (count == 4'hF)) |=> (count == 4'h0)
    );"
01307,top_module,assert,"// When SEL[1] is low, result comes from the adder path.
    check_select_add_path: assert property (
        @(posedge clk) !SEL[1] |-> (result == ((SEL[0]) ? (A - B) : (A + B)))
    );"
01307,top_module,assert,"// When SEL[1] is high, result comes from the barrel shifter path.
    check_select_shift_path: assert property (
        @(posedge clk) SEL[1] |-> (result == ((SEL[0]) ? (A >> B) : (A << B)))
    );"
01307,top_module,assert,"// With SEL[1] low and SEL[0] low, result is A plus B.
    check_add_mode: assert property (
        @(posedge clk) (!SEL[1] && !SEL[0]) |-> (result == (A + B))
    );"
01307,top_module,assert,"// With SEL[1] low and SEL[0] high, result is A minus B.
    check_sub_mode: assert property (
        @(posedge clk) (!SEL[1] && SEL[0]) |-> (result == (A - B))
    );"
01307,top_module,assert,"// With SEL[1] high and SEL[0] low, result is A left-shifted by B.
    check_left_shift_mode: assert property (
        @(posedge clk) (SEL[1] && !SEL[0]) |-> (result == (A << B))
    );"
01307,top_module,assert,"// With SEL[1] high and SEL[0] high, result is A right-shifted by B.
    check_right_shift_mode: assert property (
        @(posedge clk) (SEL[1] && SEL[0]) |-> (result == (A >> B))
    );"
01310,clock_gate,assert,"// ENCLK is low on the first clock after EN is low.
    check_enclk_low_after_en_low: assert property (
        @(posedge CLK) !EN |=> (ENCLK == 1'b0)
    );"
01310,clock_gate,assert,"// ENCLK follows TE when EN is high.
    check_enclk_follows_te_when_en_high: assert property (
        @(posedge CLK) EN |=> (ENCLK == $past(TE))
    );"
01348,karnaugh_map,assert,"// F is high for 00000 and 01111.
    check_f_high_for_00000_01111: assert property (
        @(posedge clk) (({A,B,C,D,E} == 5'b00000) || ({A,B,C,D,E} == 5'b01111)) |-> (F == 1'b1)
    );"
01348,karnaugh_map,assert,"// F is high for 11111.
    check_f_high_for_11111: assert property (
        @(posedge clk) ({A,B,C,D,E} == 5'b11111) |-> (F == 1'b1)
    );"
01348,karnaugh_map,assert,"// F is high for 10011 and 10010.
    check_f_high_for_10011_10010: assert property (
        @(posedge clk) (({A,B,C,D,E} == 5'b10011) || ({A,B,C,D,E} == 5'b10010)) |-> (F == 1'b1)
    );"
01352,binary_to_gray,assert,"// valid is deasserted on the cycle after load is deasserted.
    check_valid_deasserts_on_no_load: assert property (
        @(negedge load) 1'b1 |=> (valid == 1'b0)
    );"
01401,shift_register,assert,"// Load captures data_in into the register on the next cycle.
    check_load_captures_data: assert property (
        @(posedge clk) load |=> (data_out == $past(data_in))
    );"
01401,shift_register,assert,"// When not loading, the register shifts left and inserts 0 in bit 0.
    check_shift_behavior: assert property (
        @(posedge clk) !load |=> (data_out == {$past(data_out[2:0]), 1'b0})
    );"
01401,shift_register,assert,"// Bit 3 always reflects the previous bit 2 when shifting.
    check_shift_bit3_mapping: assert property (
        @(posedge clk) !load |=> (data_out[3] == $past(data_out[2]))
    );"
01401,shift_register,assert,"// Bit 2 always reflects the previous bit 1 when shifting.
    check_shift_bit2_mapping: assert property (
        @(posedge clk) !load |=> (data_out[2] == $past(data_out[1]))
    );"
01401,shift_register,assert,"// Bit 1 always reflects the previous bit 0 when shifting.
    check_shift_bit1_mapping: assert property (
        @(posedge clk) !load |=> (data_out[1] == $past(data_out[0]))
    );"
01401,shift_register,assert,"// Bit 0 is cleared whenever the register is not loading.
    check_shift_bit0_zero: assert property (
        @(posedge clk) !load |=> (data_out[0] == 1'b0)
    );"
01440,binary_counter,assert,"// Reset forces the counter to zero.
    check_reset_clears_count: assert property (
        @(posedge clk) rst |-> (count == 4'd0)
    );"
01440,binary_counter,assert,"// The first sampled cycle after reset deassertion still shows zero.
    check_post_reset_zero: assert property (
        @(posedge clk) disable iff (rst) $fell(rst) |-> (count == 4'd0)
    );"
01440,binary_counter,assert,"// The first active cycle after reset deassertion increments to one.
    check_post_reset_increment: assert property (
        @(posedge clk) disable iff (rst) $fell(rst) |=> (count == 4'd1)
    );"
01440,binary_counter,assert,"// The counter increments by one on each active clock.
    check_count_increments: assert property (
        @(posedge clk) disable iff (rst) 1'b1 |=> (count == ($past(count) + 4'd1))
    );"
01440,binary_counter,assert,"// The 4-bit counter wraps from 15 back to 0.
    check_count_wraps: assert property (
        @(posedge clk) disable iff (rst) (count == 4'hF) |=> (count == 4'h0)
    );"
01450,sky130_fd_sc_ls__o32ai,assert,"// Y matches the implemented NOR/OR/BUF function.
    check_output_function: assert property (
        @(posedge clk) Y == ((~(A1 | A2 | A3)) | (~(B1 | B2)))
    );"
01450,sky130_fd_sc_ls__o32ai,assert,"// A low Y means at least one A input is high and at least one B input is high.
    check_low_output_implies_a_and_b_high: assert property (
        @(posedge clk) !Y |-> (A1 || A2 || A3) && (B1 || B2)
    );"
01463,arithmetic_module,assert,"// f4 is the sum of the three submodules' outputs.
    check_f4_sum: assert property (
        @(posedge clk)
        f4_dotnamed == ((Boo_ba1 << 1) + (Boo_ba2 + b) + (Boo_ba3 - c))
    );"
01463,arithmetic_module,assert,"// If all three submodules' contributions are zero, f4 is zero.
    check_all_zero_case: assert property (
        @(posedge clk)
        ((Boo_ba1 << 1) == 4'd0) && ((Boo_ba2 + b) == 4'd0) && ((Boo_ba3 - c) == 4'd0)
        |-> (f4_dotnamed == 4'd0)
    );"
01463,arithmetic_module,assert,"// If all three submodules' contributions are one, f4 is three.
    check_all_one_case: assert property (
        @(posedge clk)
        ((Boo_ba1 << 1) == 4'd1) && ((Boo_ba2 + b) == 4'd1) && ((Boo_ba3 - c) == 4'd1)
        |-> (f4_dotnamed == 4'd3)
    );"
01463,arithmetic_module,assert,"// If the SubB and SubC contributions are zero, f4 equals the SubA contribution.
    check_subb_subc_zero_case: assert property (
        @(posedge clk)
        ((Boo_ba2 + b) == 4'd0) && ((Boo_ba3 - c) == 4'd0)
        |-> (f4_dotnamed == (Boo_ba1 << 1))
    );"
01463,arithmetic_module,assert,"// If the SubA and SubC contributions are zero, f4 equals the SubB contribution.
    check_suba_subc_zero_case: assert property (
        @(posedge clk)
        ((Boo_ba1 << 1) == 4'd0) && ((Boo_ba3 - c) == 4'd0)
        |-> (f4_dotnamed == (Boo_ba2 + b))
    );"
01463,arithmetic_module,assert,"// If the SubA and SubB contributions are zero, f4 equals the SubC contribution.
    check_suba_subb_zero_case: assert property (
        @(posedge clk)
        ((Boo_ba1 << 1) == 4'd0) && ((Boo_ba2 + b) == 4'd0)
        |-> (f4_dotnamed == (Boo_ba3 - c))
    );"
01522,four_bit_counter,assert,"// Reset forces the counter to zero.
    check_reset_clears_count: assert property (
        @(posedge clk) reset |-> (count == 4'd0)
    );"
01522,four_bit_counter,assert,"// The first sampled cycle after reset deassertion still shows zero.
    check_post_reset_zero: assert property (
        @(posedge clk) disable iff (reset) $fell(reset) |-> (count == 4'd0)
    );"
01522,four_bit_counter,assert,"// The first active cycle after reset deassertion increments to one.
    check_post_reset_increment: assert property (
        @(posedge clk) disable iff (reset) $fell(reset) |=> (count == 4'd1)
    );"
01522,four_bit_counter,assert,"// The counter increments by one on each active clock.
    check_count_increments: assert property (
        @(posedge clk) disable iff (reset) 1'b1 |=> (count == ($past(count) + 4'd1))
    );"
01522,four_bit_counter,assert,"// The 4-bit counter wraps from 15 back to 0.
    check_count_wraps: assert property (
        @(posedge clk) disable iff (reset) (count == 4'hF) |=> (count == 4'h0)
    );"
01559,counter,assert,"// Reset clears the counter on the next clock.
    check_reset_clears_count: assert property (
        @(posedge clk) rst |=> (count == 32'd0)
    );"
01559,counter,assert,"// Reset has priority over enable.
    check_reset_priority_over_enable: assert property (
        @(posedge clk) (rst && enable) |=> (count == 32'd0)
    );"
01559,counter,assert,"// Enable increments the counter by one.
    check_enable_increments_count: assert property (
        @(posedge clk) disable iff (rst) enable |=> (count == ($past(count) + 32'd1))
    );"
01559,counter,assert,"// Disable holds the counter value.
    check_disable_holds_count: assert property (
        @(posedge clk) disable iff (rst) !enable |=> (count == $past(count))
    );"
01571,r_FAULT_STATUS,assert,"// Reset clears the register on the next clock.
    check_reset_clears_register: assert property (
        @(posedge clk) reset |=> (reg_0x1F == 8'h00)
    );"
01571,r_FAULT_STATUS,assert,"// A low write enable loads the input byte.
    check_write_loads_register: assert property (
        @(posedge clk) disable iff (reset)
        (wenb == 1'b0) |=> (reg_0x1F == $past(in_data))
    );"
01571,r_FAULT_STATUS,assert,"// A high write enable holds the previous register value.
    check_hold_when_write_disabled: assert property (
        @(posedge clk) disable iff (reset)
        (wenb == 1'b1) |=> (reg_0x1F == $past(reg_0x1F))
    );"
01582,register_4bit,assert,"// Reset forces the registered output to zero.
    check_reset_clears_q: assert property (
        @(posedge clk) reset |-> (Q == 4'b0000)
    );"
01582,register_4bit,assert,"// A load cycle captures data_in into Q on the next clock.
    check_load_captures_data: assert property (
        @(posedge clk) disable iff (reset)
        load |=> (Q == $past(data_in))
    );"
01582,register_4bit,assert,"// Without load, Q holds its previous value.
    check_hold_when_not_loading: assert property (
        @(posedge clk) disable iff (reset)
        !load |=> (Q == $past(Q))
    );"
01592,full_adder,assert,"// SUM must equal the three-input XOR of A, B, and CI.
    check_sum_matches_three_input_xor: assert property (
        @(posedge clk) SUM == (A ^ B ^ CI)
    );"
01592,full_adder,assert,"// COUT must equal the three-input majority function of A, B, and CI.
    check_cout_matches_three_input_majority: assert property (
        @(posedge clk) COUT == ((A & B) | (B & CI) | (CI & A))
    );"
01592,full_adder,assert,"// All-zero inputs must produce zero sum and zero carry.
    check_all_zero_case: assert property (
        @(posedge clk) (!A && !B && !CI) |-> (!SUM && !COUT)
    );"
01592,full_adder,assert,"// Exactly one high input must produce sum high and carry low.
    check_one_hot_case: assert property (
        @(posedge clk)
        ((A && !B && !CI) || (!A && B && !CI) || (!A && !B && CI))
        |-> (SUM && !COUT)
    );"
01592,full_adder,assert,"// Exactly two high inputs must produce sum low and carry high.
    check_two_hot_case: assert property (
        @(posedge clk)
        ((A && B && !CI) || (A && !B && CI) || (!A && B && CI))
        |-> (!SUM && COUT)
    );"
01592,full_adder,assert,"// All-one inputs must produce sum high and carry high.
    check_all_one_case: assert property (
        @(posedge clk) (A && B && CI) |-> (SUM && COUT)
    );"
01614,up_down_counter,assert,"// Q matches the RTL next-state function.
    check_next_state_function: assert property (
        @(posedge clk)
        1'b1 |=> (Q == ($past(load) ? $past(input_data) : ($past(up_down) ? ($past(Q) + 4'd1) : ($past(Q) - 4'd1))))
    );"
01614,up_down_counter,assert,"// Load updates Q with input_data on the next cycle.
    check_load_updates_q: assert property (
        @(posedge clk)
        load |=> (Q == $past(input_data))
    );"
01614,up_down_counter,assert,"// With load low and up_down high, Q increments by one.
    check_increment_when_up: assert property (
        @(posedge clk)
        (!load && up_down) |=> (Q == ($past(Q) + 4'd1))
    );"
01614,up_down_counter,assert,"// With load low and up_down low, Q decrements by one.
    check_decrement_when_down: assert property (
        @(posedge clk)
        (!load && !up_down) |=> (Q == ($past(Q) - 4'd1))
    );"
01614,up_down_counter,assert,"// Increment wraps from 15 back to 0.
    check_increment_wraparound: assert property (
        @(posedge clk)
        (!load && up_down && (Q == 4'hF)) |=> (Q == 4'h0)
    );"
01614,up_down_counter,assert,"// Decrement wraps from 0 back to 15.
    check_decrement_wraparound: assert property (
        @(posedge clk)
        (!load && !up_down && (Q == 4'h0)) |=> (Q == 4'hF)
    );"
01631,sky130_fd_sc_hd__o2bb2a,assert,"// X matches the implemented NAND/OR/AND function.
    check_output_function: assert property (
        @(posedge clk) X == ((~(A2_N & A1_N)) & (B2 | B1))
    );"
01631,sky130_fd_sc_hd__o2bb2a,assert,"// Both A inputs high force X low.
    check_a_inputs_both_high_force_low: assert property (
        @(posedge clk) (A1_N & A2_N) |-> !X
    );"
01631,sky130_fd_sc_hd__o2bb2a,assert,"// Both B inputs low force X low.
    check_b_inputs_both_low_force_low: assert property (
        @(posedge clk) (!B1 & !B2) |-> !X
    );"
01631,sky130_fd_sc_hd__o2bb2a,assert,"// A high X requires at least one B input high.
    check_high_output_requires_b_input_high: assert property (
        @(posedge clk) X |-> (B1 | B2)
    );"
01716,binary_counter,assert,"// Active-low reset forces COUNT to zero.
    check_reset_clears_count: assert property (
        @(posedge clk) !RST |-> (COUNT == 4'b0000)
    );"
01716,binary_counter,assert,"// When enabled outside reset, COUNT increments by one.
    check_increment_when_enabled: assert property (
        @(posedge clk) disable iff (!RST) EN |-> (COUNT == ($past(COUNT) + 4'd1))
    );"
01716,binary_counter,assert,"// When disabled outside reset, COUNT holds its value.
    check_hold_when_disabled: assert property (
        @(posedge clk) disable iff (!RST) !EN |-> (COUNT == $past(COUNT))
    );"
01716,binary_counter,assert,"// COUNT can only change when enabled outside reset.
    check_change_requires_enable: assert property (
        @(posedge clk) disable iff (!RST) (COUNT != $past(COUNT)) |-> EN
    );"
01716,binary_counter,assert,"// COUNT wraps from 15 back to 0 when enabled.
    check_wrap_from_max: assert property (
        @(posedge clk) disable iff (!RST) (EN && (COUNT == 4'hF)) |-> (COUNT == 4'h0)
    );"
01721,and_gate_4,assert,"// Y must equal the AND of all four inputs.
    check_y_matches_and_function: assert property (
        @(posedge clk) Y == (A1 & A2 & A3 & B1 & C1)
    );"
01721,and_gate_4,assert,"// A low A1 input must force Y low.
    check_a1_low_forces_y_low: assert property (
        @(posedge clk) !A1 |-> !Y
    );"
01721,and_gate_4,assert,"// A low A2 input must force Y low.
    check_a2_low_forces_y_low: assert property (
        @(posedge clk) !A2 |-> !Y
    );"
01721,and_gate_4,assert,"// A low A3 input must force Y low.
    check_a3_low_forces_y_low: assert property (
        @(posedge clk) !A3 |-> !Y
    );"
01721,and_gate_4,assert,"// A low B1 input must force Y low.
    check_b1_low_forces_y_low: assert property (
        @(posedge clk) !B1 |-> !Y
    );"
01721,and_gate_4,assert,"// A low C1 input must force Y low.
    check_c1_low_forces_y_low: assert property (
        @(posedge clk) !C1 |-> !Y
    );"
01721,and_gate_4,assert,"// A high Y requires all inputs to be high.
    check_y_high_requires_all_inputs_high: assert property (
        @(posedge clk) Y |-> (A1 & A2 & A3 & B1 & C1)
    );"
01728,mult_select,assert,"// X matches the RTL Boolean equation.
    check_x_matches_rtl_equation: assert property (
        @(posedge clk)
        X == ((A1 & A2 & ~B1_N) | (~A1 & (A2 | B1_N)))
    );"
01728,mult_select,assert,"// When A1 is low, X reduces to B1_N OR A2.
    check_a1_low_selects_b1n_or_a2: assert property (
        @(posedge clk)
        !A1 |-> (X == (B1_N | A2))
    );"
01751,c_clkgate,assert,"// clk_gated must equal clk AND the prior-cycle active sample.
    check_clk_gated_definition: assert property (
        @(posedge clk) 1'b1 |=> (clk_gated == (clk & $past(active)))
    );"
01751,c_clkgate,assert,"// A low clk must force clk_gated low.
    check_clk_low_forces_clk_gated_low: assert property (
        @(posedge clk) (clk == 1'b0) |=> (clk_gated == 1'b0)
    );"
01751,c_clkgate,assert,"// A high clk with a high prior-cycle active sample must drive clk_gated high.
    check_active_sample_high_drives_clk_gated_high: assert property (
        @(posedge clk) ((clk == 1'b1) && ($past(active) == 1'b1)) |=> (clk_gated == 1'b1)
    );"
01751,c_clkgate,assert,"// A high clk with a low prior-cycle active sample must drive clk_gated low.
    check_active_sample_low_drives_clk_gated_low: assert property (
        @(posedge clk) ((clk == 1'b1) && ($past(active) == 1'b0)) |=> (clk_gated == 1'b0)
    );"
01783,two_bit_adder,assert,"// A1_N low and B2 high force OUT low.
    check_a1_low_b2_high_forces_low: assert property (
        @(posedge clk) (~A1_N & B2) |-> ~OUT
    );"
01783,two_bit_adder,assert,"// A2_N low and B1 high force OUT low.
    check_a2_low_b1_high_forces_low: assert property (
        @(posedge clk) (~A2_N & B1) |-> ~OUT
    );"
01783,two_bit_adder,assert,"// OUT high implies the A1_N/A2_N low term is inactive.
    check_high_out_implies_a_term_inactive: assert property (
        @(posedge clk) OUT |-> (~(~A1_N & ~A2_N))
    );"
01791,power_good,assert,"// out1 matches the implemented combinational function.
    check_out1_function: assert property (
        @(posedge clk)
        out1 == ((in1 & in2) & (in3 & in4) & (in5 & in6) & (in7 & in8) & in9)
    );"
01791,power_good,assert,"// A low in9 forces out1 low.
    check_in9_low_forces_out1_low: assert property (
        @(posedge clk)
        !in9 |-> !out1
    );"
01791,power_good,assert,"// A low in1 forces out1 low.
    check_in1_low_forces_out1_low: assert property (
        @(posedge clk)
        !in1 |-> !out1
    );"
01791,power_good,assert,"// A low in2 forces out1 low.
    check_in2_low_forces_out1_low: assert property (
        @(posedge clk)
        !in2 |-> !out1
    );"
01791,power_good,assert,"// A low in3 forces out1 low.
    check_in3_low_forces_out1_low: assert property (
        @(posedge clk)
        !in3 |-> !out1
    );"
01791,power_good,assert,"// A low in4 forces out1 low.
    check_in4_low_forces_out1_low: assert property (
        @(posedge clk)
        !in4 |-> !out1
    );"
01791,power_good,assert,"// A low in5 forces out1 low.
    check_in5_low_forces_out1_low: assert property (
        @(posedge clk)
        !in5 |-> !out1
    );"
01791,power_good,assert,"// A low in6 forces out1 low.
    check_in6_low_forces_out1_low: assert property (
        @(posedge clk)
        !in6 |-> !out1
    );"
01791,power_good,assert,"// A low in7 forces out1 low.
    check_in7_low_forces_out1_low: assert property (
        @(posedge clk)
        !in7 |-> !out1
    );"
01791,power_good,assert,"// A low in8 forces out1 low.
    check_in8_low_forces_out1_low: assert property (
        @(posedge clk)
        !in8 |-> !out1
    );"
01792,port_address_reg,assert,"// Reset clears all address ports to their reset values.
    check_reset_clears_ports: assert property (
        @(posedge clk)
        !reset_b |-> ((address_port_0 == 8'h00) &&
                      (address_port_1 == 8'h01) &&
                      (address_port_2 == 8'h02) &&
                      (address_port_3 == 8'h03))
    );"
01792,port_address_reg,assert,"// Read address 0 returns port 0 data.
    check_read_addr0: assert property (
        @(posedge clk) disable iff (!reset_b)
        (mem_addr == 2'd0) |-> (mem_rdata == address_port_0)
    );"
01792,port_address_reg,assert,"// Read address 1 returns port 1 data.
    check_read_addr1: assert property (
        @(posedge clk) disable iff (!reset_b)
        (mem_addr == 2'd1) |-> (mem_rdata == address_port_1)
    );"
01792,port_address_reg,assert,"// Read address 2 returns port 2 data.
    check_read_addr2: assert property (
        @(posedge clk) disable iff (!reset_b)
        (mem_addr == 2'd2) |-> (mem_rdata == address_port_2)
    );"
01792,port_address_reg,assert,"// Read address 3 returns port 3 data.
    check_read_addr3: assert property (
        @(posedge clk) disable iff (!reset_b)
        (mem_addr == 2'd3) |-> (mem_rdata == address_port_3)
    );"
01792,port_address_reg,assert,"// Write address 0 updates port 0 when enabled.
    check_write_addr0: assert property (
        @(posedge clk) disable iff (!reset_b)
        (mem_en && mem_rd_wr && (mem_addr == 2'd0)) |=> (address_port_0 == $past(mem_wdata))
    );"
01792,port_address_reg,assert,"// Write address 1 updates port 1 when enabled.
    check_write_addr1: assert property (
        @(posedge clk) disable iff (!reset_b)
        (mem_en && mem_rd_wr && (mem_addr == 2'd1)) |=> (address_port_1 == $past(mem_wdata))
    );"
01792,port_address_reg,assert,"// Write address 2 updates port 2 when enabled.
    check_write_addr2: assert property (
        @(posedge clk) disable iff (!reset_b)
        (mem_en && mem_rd_wr && (mem_addr == 2'd2)) |=> (address_port_2 == $past(mem_wdata))
    );"
01792,port_address_reg,assert,"// Write address 3 updates port 3 when enabled.
    check_write_addr3: assert property (
        @(posedge clk) disable iff (!reset_b)
        (mem_en && mem_rd_wr && (mem_addr == 2'd3)) |=> (address_port_3 == $past(mem_wdata))
    );"
01792,port_address_reg,assert,"// Without a write, port 0 holds its value.
    check_hold_addr0_without_write: assert property (
        @(posedge clk) disable iff (!reset_b)
        !(mem_en && mem_rd_wr && (mem_addr == 2'd0)) |=> (address_port_0 == $past(address_port_0))
    );"
01792,port_address_reg,assert,"// Without a write, port 1 holds its value.
    check_hold_addr1_without_write: assert property (
        @(posedge clk) disable iff (!reset_b)
        !(mem_en && mem_rd_wr && (mem_addr == 2'd1)) |=> (address_port_1 == $past(address_port_1))
    );"
01792,port_address_reg,assert,"// Without a write, port 2 holds its value.
    check_hold_addr2_without_write: assert property (
        @(posedge clk) disable iff (!reset_b)
        !(mem_en && mem_rd_wr && (mem_addr == 2'd2)) |=> (address_port_2 == $past(address_port_2))
    );"
01792,port_address_reg,assert,"// Without a write, port 3 holds its value.
    check_hold_addr3_without_write: assert property (
        @(posedge clk) disable iff (!reset_b)
        !(mem_en && mem_rd_wr && (mem_addr == 2'd3)) |=> (address_port_3 == $past(address_port_3))
    );"
01796,mem_encrypt_decrypt,assert,"// Reset forces the output to zero.
    check_reset_clears_output: assert property (
        @(posedge clk) reset |-> (data_out == 8'h00)
    );"
01796,mem_encrypt_decrypt,assert,"// When disabled, the next output is the previous cycle's data_in.
    check_disabled_passes_input: assert property (
        @(posedge clk) disable iff (reset)
        !enable |=> (data_out == $past(data_in))
    );"
01799,counter_4bit_async_reset,assert,"// Active-low reset forces the counter to zero.
    check_reset_clears_count: assert property (
        @(posedge clk) !rst |-> (count == 4'h0)
    );"
01799,counter_4bit_async_reset,assert,"// The first sampled cycle after reset release still sees zero.
    check_release_from_reset_starts_at_zero: assert property (
        @(posedge clk) disable iff (!rst) $rose(rst) |-> (count == 4'h0)
    );"
01799,counter_4bit_async_reset,assert,"// Below 15, the counter increments by one on each clock.
    check_count_increments_below_max: assert property (
        @(posedge clk) disable iff (!rst) (count != 4'hF) |=> (count == ($past(count) + 4'd1))
    );"
01799,counter_4bit_async_reset,assert,"// At 15, the counter wraps back to zero.
    check_count_wraps_from_max: assert property (
        @(posedge clk) disable iff (!rst) (count == 4'hF) |=> (count == 4'h0)
    );"
01828,counter_mod_rtl,assert,"// Reset forces the counter to zero and clears carry.
    check_reset_state: assert property (
        @(posedge clk) rst |-> (q == 4'h0) && (carry == 1'b0)
    );"
01828,counter_mod_rtl,assert,"// Up count wraps from 15 to 0 and raises carry.
    check_up_wrap_carry: assert property (
        @(posedge clk) disable iff (rst)
        (up_down == 1'b0) && (q == 4'hF) |=> (q == 4'h0) && (carry == 1'b1)
    );"
01828,counter_mod_rtl,assert,"// Up count increments by one below 15 and clears carry.
    check_up_increment: assert property (
        @(posedge clk) disable iff (rst)
        (up_down == 1'b0) && (q != 4'hF) |=> (q == ($past(q) + 4'h1)) && (carry == 1'b0)
    );"
01828,counter_mod_rtl,assert,"// Down count wraps from 0 to 15 and raises carry.
    check_down_wrap_carry: assert property (
        @(posedge clk) disable iff (rst)
        (up_down == 1'b1) && (q == 4'h0) |=> (q == 4'hF) && (carry == 1'b1)
    );"
01828,counter_mod_rtl,assert,"// Down count decrements by one above 0 and clears carry.
    check_down_decrement: assert property (
        @(posedge clk) disable iff (rst)
        (up_down == 1'b1) && (q != 4'h0) |=> (q == ($past(q) - 4'h1)) && (carry == 1'b0)
    );"
01828,counter_mod_rtl,assert,"// Carry is high only when the previous cycle was a wrap.
    check_carry_only_on_wrap: assert property (
        @(posedge clk) disable iff (rst)
        carry |-> (($past(up_down) == 1'b0) && ($past(q) == 4'hF)) ||
                 (($past(up_down) == 1'b1) && ($past(q) == 4'h0))
    );"
01840,binary_counter,assert,"// Active-low reset forces count to zero.
    check_reset_clears_count: assert property (
        @(posedge clk) !rst |-> (count == 4'h0)
    );"
01840,binary_counter,assert,"// A load cycle updates count with data.
    check_load_updates_count: assert property (
        @(posedge clk) disable iff (!rst)
        load |=> (count == $past(data))
    );"
01840,binary_counter,assert,"// Without load, count increments by one on the next cycle.
    check_increment_when_not_loading: assert property (
        @(posedge clk) disable iff (!rst)
        !load |=> (count == ($past(count) + 4'h1))
    );"
01840,binary_counter,assert,"// The 4-bit counter wraps from 15 back to 0.
    check_count_wraps_from_max: assert property (
        @(posedge clk) disable iff (!rst)
        (!load && (count == 4'hF)) |=> (count == 4'h0)
    );"
01866,up_counter,assert,"// Clock: clk (posedge). Reset: rst_n (active-low, synchronous).
    // Sequential 16-bit up-counter with wraparound.

    // When reset is asserted low, count must be zero on the next cycle.
    reset_clears_next: assert property (
        @(posedge clk) (rst_n == 1'b0) |=> (count == 16'h0000)
    );"
01866,up_counter,assert,"// When reset is asserted low, count must be zero on the same cycle.
    reset_clears_now: assert property (
        @(posedge clk) (rst_n == 1'b0) |-> (count == 16'h0000)
    );"
01866,up_counter,assert,"// When not in reset, count increments by 1 on the next cycle.
    increment_when_running: assert property (
        @(posedge clk) disable iff (!rst_n) 1'b1 |=> (count == ($past(count) + 16'd1))
    );"
01866,up_counter,assert,"// When not in reset, count never holds its value on the next cycle.
    no_hold_when_running: assert property (
        @(posedge clk) disable iff (!rst_n) 1'b1 |=> (count != $past(count))
    );"
01866,up_counter,assert,"// When not in reset, count is always within 16-bit range on the next cycle.
    next_in_range_when_running: assert property (
        @(posedge clk) disable iff (!rst_n) 1'b1 |=> (count inside {[16'h0000:16'hFFFF]})
    );"
01866,up_counter,assert,"// When not in reset, count is always within 16-bit range on the same cycle.
    current_in_range_when_running: assert property (
        @(posedge clk) disable iff (!rst_n) 1'b1 |-> (count inside {[16'h0000:16'hFFFF]})
    );"
01876,sky130_fd_sc_lp__a21boi,assert,"// Y matches the implemented NOT/AND/NOR/BUF logic.
    check_y_matches_logic: assert property (
        @(posedge clk) Y == ~((~B1_N) | (A1 & A2))
    );"
01876,sky130_fd_sc_lp__a21boi,assert,"// A low B1_N input forces Y low.
    check_b1n_low_forces_y_low: assert property (
        @(posedge clk) (B1_N == 1'b0) |-> (Y == 1'b0)
    );"
01876,sky130_fd_sc_lp__a21boi,assert,"// With both A inputs low, Y follows B1_N.
    check_a_inputs_low_passes_b1n: assert property (
        @(posedge clk) ((A1 == 1'b0) && (A2 == 1'b0)) |-> (Y == B1_N)
    );"
01885,rominfr,assert,"// When enabled, address 00000 loads 0010 on the next cycle.
    check_addr_00000_load: assert property (
        @(posedge clk) en && (addr == 5'b00000) |=> (data == 4'b0010)
    );"
01885,rominfr,assert,"// When enabled, address 00001 loads 0010 on the next cycle.
    check_addr_00001_load: assert property (
        @(posedge clk) en && (addr == 5'b00001) |=> (data == 4'b0010)
    );"
01885,rominfr,assert,"// When enabled, address 00010 loads 1110 on the next cycle.
    check_addr_00010_load: assert property (
        @(posedge clk) en && (addr == 5'b00010) |=> (data == 4'b1110)
    );"
01885,rominfr,assert,"// When enabled, address 00011 loads 0010 on the next cycle.
    check_addr_00011_load: assert property (
        @(posedge clk) en && (addr == 5'b00011) |=> (data == 4'b0010)
    );"
01885,rominfr,assert,"// When enabled, address 00100 loads 0100 on the next cycle.
    check_addr_00100_load: assert property (
        @(posedge clk) en && (addr == 5'b00100) |=> (data == 4'b0100)
    );"
01885,rominfr,assert,"// When enabled, address 00101 loads 1010 on the next cycle.
    check_addr_00101_load: assert property (
        @(posedge clk) en && (addr == 5'b00101) |=> (data == 4'b1010)
    );"
01885,rominfr,assert,"// When enabled, address 00110 loads 1100 on the next cycle.
    check_addr_00110_load: assert property (
        @(posedge clk) en && (addr == 5'b00110) |=> (data == 4'b1100)
    );"
01885,rominfr,assert,"// When enabled, address 00111 loads 0000 on the next cycle.
    check_addr_00111_load: assert property (
        @(posedge clk) en && (addr == 5'b00111) |=> (data == 4'b0000)
    );"
01885,rominfr,assert,"// When enabled, address 01000 loads 1010 on the next cycle.
    check_addr_01000_load: assert property (
        @(posedge clk) en && (addr == 5'b01000) |=> (data == 4'b1010)
    );"
01885,rominfr,assert,"// When enabled, address 01001 loads 0010 on the next cycle.
    check_addr_01001_load: assert property (
        @(posedge clk) en && (addr == 5'b01001) |=> (data == 4'b0010)
    );"
01885,rominfr,assert,"// When enabled, address 01010 loads 1110 on the next cycle.
    check_addr_01010_load: assert property (
        @(posedge clk) en && (addr == 5'b01010) |=> (data == 4'b1110)
    );"
01885,rominfr,assert,"// When enabled, address 01011 loads 0010 on the next cycle.
    check_addr_01011_load: assert property (
        @(posedge clk) en && (addr == 5'b01011) |=> (data == 4'b0010)
    );"
01885,rominfr,assert,"// When enabled, address 01100 loads 0100 on the next cycle.
    check_addr_01100_load: assert property (
        @(posedge clk) en && (addr == 5'b01100) |=> (data == 4'b0100)
    );"
01885,rominfr,assert,"// When enabled, address 01101 loads 1010 on the next cycle.
    check_addr_01101_load: assert property (
        @(posedge clk) en && (addr == 5'b01101) |=> (data == 4'b1010)
    );"
01885,rominfr,assert,"// When enabled, address 01110 loads 1100 on the next cycle.
    check_addr_01110_load: assert property (
        @(posedge clk) en && (addr == 5'b01110) |=> (data == 4'b1100)
    );"
01885,rominfr,assert,"// When enabled, address 01111 loads 0000 on the next cycle.
    check_addr_01111_load: assert property (
        @(posedge clk) en && (addr == 5'b01111) |=> (data == 4'b0000)
    );"
01885,rominfr,assert,"// When disabled, data holds its previous value.
    check_disabled_hold: assert property (
        @(posedge clk) !en |=> (data == $past(data))
    );"
01905,simple_counter,assert,"// Reset clears the counter on the next clock.
    check_reset_clears_count: assert property (
        @(posedge clk) rst |=> (count == 32'd0)
    );"
01905,simple_counter,assert,"// Reset has priority over enable.
    check_reset_priority_over_enable: assert property (
        @(posedge clk) (rst && en) |=> (count == 32'd0)
    );"
01905,simple_counter,assert,"// Enable increments the counter by one.
    check_enable_increments_count: assert property (
        @(posedge clk) disable iff (rst) en |=> (count == ($past(count) + 32'd1))
    );"
01905,simple_counter,assert,"// Disable holds the counter value.
    check_disable_holds_count: assert property (
        @(posedge clk) disable iff (rst) !en |=> (count == $past(count))
    );"
01924,BCD_to_Binary,assert,"// 0 maps to 00000000.
    check_bcd_0_maps_to_0: assert property (
        @(posedge clk) (bcd_in == 4'd0) |-> (bin_out == 8'b00000000)
    );"
01924,BCD_to_Binary,assert,"// 1 maps to 00000001.
    check_bcd_1_maps_to_1: assert property (
        @(posedge clk) (bcd_in == 4'd1) |-> (bin_out == 8'b00000001)
    );"
01924,BCD_to_Binary,assert,"// 2 maps to 00000010.
    check_bcd_2_maps_to_2: assert property (
        @(posedge clk) (bcd_in == 4'd2) |-> (bin_out == 8'b00000010)
    );"
01924,BCD_to_Binary,assert,"// 3 maps to 00000011.
    check_bcd_3_maps_to_3: assert property (
        @(posedge clk) (bcd_in == 4'd3) |-> (bin_out == 8'b00000011)
    );"
01924,BCD_to_Binary,assert,"// 4 maps to 00000100.
    check_bcd_4_maps_to_4: assert property (
        @(posedge clk) (bcd_in == 4'd4) |-> (bin_out == 8'b00000100)
    );"
01924,BCD_to_Binary,assert,"// 5 maps to 00000101.
    check_bcd_5_maps_to_5: assert property (
        @(posedge clk) (bcd_in == 4'd5) |-> (bin_out == 8'b00000101)
    );"
01924,BCD_to_Binary,assert,"// 6 maps to 00000110.
    check_bcd_6_maps_to_6: assert property (
        @(posedge clk) (bcd_in == 4'd6) |-> (bin_out == 8'b00000110)
    );"
01924,BCD_to_Binary,assert,"// 7 maps to 00000111.
    check_bcd_7_maps_to_7: assert property (
        @(posedge clk) (bcd_in == 4'd7) |-> (bin_out == 8'b00000111)
    );"
01924,BCD_to_Binary,assert,"// 8 maps to 00001000.
    check_bcd_8_maps_to_8: assert property (
        @(posedge clk) (bcd_in == 4'd8) |-> (bin_out == 8'b00001000)
    );"
01924,BCD_to_Binary,assert,"// 9 maps to 00001001.
    check_bcd_9_maps_to_9: assert property (
        @(posedge clk) (bcd_in == 4'd9) |-> (bin_out == 8'b00001001)
    );"
01924,BCD_to_Binary,assert,"// Non-BCD inputs drive the default zero output.
    check_default_zero_for_non_bcd_inputs: assert property (
        @(posedge clk)
        ((bcd_in == 4'd10) || (bcd_in == 4'd11) || (bcd_in == 4'd12) || (bcd_in == 4'd13) ||
         (bcd_in == 4'd14) || (bcd_in == 4'd15))
        |-> (bin_out == 8'b00000000)
    );"
01926,axis_infrastructure_v1_1_clock_synchronizer,assert,"// synch_out is the delayed input from C_NUM_STAGES clock edges later.
            check_output_matches_input_after_stages: assert property (
                @(posedge clk) 1'b1 |-> ##C_NUM_STAGES (synch_out == $past(synch_in, C_NUM_STAGES))
            );"
01926,axis_infrastructure_v1_1_clock_synchronizer,assert,"// synch_out is never high-impedance.
            check_output_is_not_highz: assert property (
                @(posedge clk) 1'b1 |-> ##1 (synch_out !== 1'bz)
            );"
01936,xor_shift_register,assert,"// q captures data on the next cycle when load is asserted.
    check_load_captures_data: assert property (
        @(posedge clk) load |=> (q == $past(data))
    );"
01936,xor_shift_register,assert,"// q rotates right by two bits when enabled and not loading.
    check_rotate_when_enabled: assert property (
        @(posedge clk) (!load && (ena != 2'b00)) |=> (q == {$past(q[97:0]), $past(q[99:98])})
    );"
01936,xor_shift_register,assert,"// q holds its value when enabled and not loading.
    check_hold_when_enabled: assert property (
        @(posedge clk) (!load && (ena == 2'b00)) |=> (q == $past(q))
    );"
01936,xor_shift_register,assert,"// out_if_else is high whenever q differs from data.
    check_out_if_else_high_when_q_differs_from_data: assert property (
        @(posedge clk) (q != data) |-> (out_if_else == 1'b1)
    );"
01936,xor_shift_register,assert,"// out_if_else is low whenever q matches data.
    check_out_if_else_low_when_q_matches_data: assert property (
        @(posedge clk) (q == data) |-> (out_if_else == 1'b0)
    );"
01939,my_module,assert,"// X must equal the implemented AND/NOT function.
    check_x_matches_function: assert property (
        @(posedge clk) X == ((A1 & A2) & ~(B1 & B2))
    );"
01939,my_module,assert,"// A low A1 input forces X low.
    check_a1_low_forces_x_low: assert property (
        @(posedge clk) !A1 |-> !X
    );"
01939,my_module,assert,"// A low A2 input forces X low.
    check_a2_low_forces_x_low: assert property (
        @(posedge clk) !A2 |-> !X
    );"
01939,my_module,assert,"// A high X requires both A inputs high.
    check_x_high_requires_a_inputs: assert property (
        @(posedge clk) X |-> (A1 & A2)
    );"
01939,my_module,assert,"// A high X requires both B inputs low.
    check_x_high_requires_b_inputs_low: assert property (
        @(posedge clk) X |-> !(B1 & B2)
    );"
01939,my_module,assert,"// With both A inputs high and both B inputs low, X must be high.
    check_all_terms_true_sets_x_high: assert property (
        @(posedge clk) (A1 & A2 & !B1 & !B2) |-> X
    );"
01973,sky130_fd_sc_lp__o31a,assert,"// X must equal the OR of A1, A2, and A3 gated by B1.
    check_o31a_function: assert property (
        @(posedge clk) X == ((A1 | A2 | A3) & B1)
    );"
01973,sky130_fd_sc_lp__o31a,assert,"// B1 low must force X low.
    check_b1_low_forces_x_low: assert property (
        @(posedge clk) !B1 |-> !X
    );"
01973,sky130_fd_sc_lp__o31a,assert,"// All A inputs low must force X low.
    check_all_a_low_forces_x_low: assert property (
        @(posedge clk) (!A1 && !A2 && !A3) |-> !X
    );"
01973,sky130_fd_sc_lp__o31a,assert,"// A1 high with B1 high must drive X high.
    check_a1_with_b1_drives_x_high: assert property (
        @(posedge clk) (A1 && B1) |-> X
    );"
01973,sky130_fd_sc_lp__o31a,assert,"// A2 high with B1 high must drive X high.
    check_a2_with_b1_drives_x_high: assert property (
        @(posedge clk) (A2 && B1) |-> X
    );"
01973,sky130_fd_sc_lp__o31a,assert,"// A3 high with B1 high must drive X high.
    check_a3_with_b1_drives_x_high: assert property (
        @(posedge clk) (A3 && B1) |-> X
    );"
01973,sky130_fd_sc_lp__o31a,assert,"// X high requires B1 to be high.
    check_x_high_requires_b1_high: assert property (
        @(posedge clk) X |-> B1
    );"
01973,sky130_fd_sc_lp__o31a,assert,"// X high requires at least one A input to be high.
    check_x_high_requires_any_a_high: assert property (
        @(posedge clk) X |-> (A1 || A2 || A3)
    );"
02001,nor4b,assert,"// Y must equal the 4-input NOR of A, B, C, and D_N.
    check_y_matches_nor_function: assert property (
        @(posedge clk) Y == ~(A | B | C | D_N)
    );"
02001,nor4b,assert,"// All four inputs low must drive Y high.
    check_all_inputs_low_drive_y_high: assert property (
        @(posedge clk) (!A && !B && !C && !D_N) |-> Y
    );"
02001,nor4b,assert,"// A high must force Y low.
    check_a_high_forces_y_low: assert property (
        @(posedge clk) A |-> !Y
    );"
02001,nor4b,assert,"// B high must force Y low.
    check_b_high_forces_y_low: assert property (
        @(posedge clk) B |-> !Y
    );"
02001,nor4b,assert,"// C high must force Y low.
    check_c_high_forces_y_low: assert property (
        @(posedge clk) C |-> !Y
    );"
02001,nor4b,assert,"// D_N high must force Y low.
    check_d_n_high_forces_y_low: assert property (
        @(posedge clk) D_N |-> !Y
    );"
02001,nor4b,assert,"// Y high implies all four inputs are low.
    check_y_high_implies_all_inputs_low: assert property (
        @(posedge clk) Y |-> (!A && !B && !C && !D_N)
    );"
02001,nor4b,assert,"// Y low implies at least one input is high.
    check_y_low_implies_some_input_high: assert property (
        @(posedge clk) !Y |-> (A || B || C || D_N)
    );"
02016,hpdmc_banktimer,assert,"// Reset clears the counter and raises precharge_safe.
    check_reset_clears_state: assert property (
        @(posedge sys_clk)
        sdram_rst |=> (counter == 3'd0 && precharge_safe == 1'b1)
    );"
02036,mux_2to1_enable,assert,"// Y must always match the RTL mux equation.
    check_mux_function: assert property (
        @(posedge clk) Y === (EN ? A : B)
    );"
02036,mux_2to1_enable,assert,"// When EN is high, Y must select A.
    check_select_a_when_enabled: assert property (
        @(posedge clk) EN |-> (Y === A)
    );"
02036,mux_2to1_enable,assert,"// When EN is low, Y must select B.
    check_select_b_when_disabled: assert property (
        @(posedge clk) !EN |-> (Y === B)
    );"
02044,sky130_fd_sc_hvl__a22o,assert,"// X must equal the OR of the two AND terms.
    check_function_equivalence: assert property (
        @(posedge clk) X == ((A1 & A2) | (B1 & B2))
    );"
02044,sky130_fd_sc_hvl__a22o,assert,"// A1 and A2 high must drive X high.
    check_a_term_sets_x: assert property (
        @(posedge clk) (A1 & A2) |-> X
    );"
02044,sky130_fd_sc_hvl__a22o,assert,"// B1 and B2 high must drive X high.
    check_b_term_sets_x: assert property (
        @(posedge clk) (B1 & B2) |-> X
    );"
02044,sky130_fd_sc_hvl__a22o,assert,"// With both AND terms low, X must be low.
    check_no_terms_clears_x: assert property (
        @(posedge clk) (!(A1 & A2) && !(B1 & B2)) |-> !X
    );"
02044,sky130_fd_sc_hvl__a22o,assert,"// X high must come from at least one AND term.
    check_x_high_has_source: assert property (
        @(posedge clk) X |-> ((A1 & A2) || (B1 & B2))
    );"
02044,sky130_fd_sc_hvl__a22o,assert,"// X low means both AND terms are low.
    check_x_low_has_no_source: assert property (
        @(posedge clk) !X |-> (!(A1 & A2) && !(B1 & B2))
    );"
02057,shift_register,assert,"// The output reflects the input captured into bit 0.
    check_out_matches_input_capture: assert property (
        @(posedge shift) 1'b1 |=> (out == $past(in))
    );"
02059,twos_complement,assert,"// When sel is high, OUT must equal the 4-bit two's complement of A.
    check_out_equals_twos_comp_when_sel_high: assert property (
        @(posedge clk)
        sel |-> (OUT == (~A + 4'd1))
    );"
02059,twos_complement,assert,"// The top-level output must always be either B or the two's complement of A.
    check_out_is_b_or_twos_comp: assert property (
        @(posedge clk)
        (OUT == B) || (OUT == (~A + 4'd1))
    );"
02136,binary_to_gray,assert,"// out[0] is a direct copy of in[0].
    check_out0_passthrough: assert property (
        @(posedge clk) out[0] == in[0]
    );"
02136,binary_to_gray,assert,"// out[1] is the XOR of in[0] and in[1].
    check_out1_xor: assert property (
        @(posedge clk) out[1] == (in[0] ^ in[1])
    );"
02136,binary_to_gray,assert,"// out[2] is the XOR of in[1], in[2], and in[0].
    check_out2_xor: assert property (
        @(posedge clk) out[2] == (in[1] ^ in[2] ^ in[0])
    );"
02136,binary_to_gray,assert,"// out[3] is the XOR of in[2], in[3], and in[1].
    check_out3_xor: assert property (
        @(posedge clk) out[3] == (in[2] ^ in[3] ^ in[1])
    );"
02145,mux_2_to_1,assert,"// When sel is low, out must equal a.
    check_sel_low_routes_a: assert property (
        @(posedge clk) (sel === 1'b0) |-> (out === a)
    );"
02145,mux_2_to_1,assert,"// When sel is high, out must equal b.
    check_sel_high_routes_b: assert property (
        @(posedge clk) (sel === 1'b1) |-> (out === b)
    );"
02145,mux_2_to_1,assert,"// If both inputs are equal, out must match that common value.
    check_equal_inputs_passthrough: assert property (
        @(posedge clk) (a === b) |-> (out === a)
    );"
02152,dynamic_gate,assert,"// out must be high on the first clock after a high input.
    check_out_high_after_high_input: assert property (
        @(posedge clk) in |=> (out == 1'b1)
    );"
02152,dynamic_gate,assert,"// out must be low on the first clock after a low input.
    check_out_low_after_low_input: assert property (
        @(posedge clk) !in |=> (out == 1'b0)
    );"
02157,sky130_fd_sc_hvl__o21a_1,assert,"// A low B1 forces X low.
    check_b1_low_forces_x_low: assert property (
        @(posedge clk) !B1 |-> !X
    );"
02162,sky130_fd_sc_hvl__lsbuflv2hv_clkiso_hlkg,assert,"// X must equal A gated by SLEEP_B.
    check_x_matches_gated_input: assert property (
        @(posedge clk) X == (SLEEP_B & A)
    );"
02162,sky130_fd_sc_hvl__lsbuflv2hv_clkiso_hlkg,assert,"// When SLEEP_B is low, X must be low.
    check_sleep_forces_x_low: assert property (
        @(posedge clk) !SLEEP_B |-> !X
    );"
02162,sky130_fd_sc_hvl__lsbuflv2hv_clkiso_hlkg,assert,"// When SLEEP_B is high, X must equal A.
    check_awake_passes_a: assert property (
        @(posedge clk) SLEEP_B |-> (X == A)
    );"
02162,sky130_fd_sc_hvl__lsbuflv2hv_clkiso_hlkg,assert,"// A high X requires SLEEP_B to be high.
    check_x_high_requires_awake: assert property (
        @(posedge clk) X |-> SLEEP_B
    );"
02162,sky130_fd_sc_hvl__lsbuflv2hv_clkiso_hlkg,assert,"// A high X requires A to be high.
    check_x_high_requires_a_high: assert property (
        @(posedge clk) X |-> A
    );"
02166,accumulator,assert,"// Reset clears the accumulator output on the next clock.
    check_reset_clears_out: assert property (
        @(posedge clk) rst |=> (out == 8'h00)
    );"
02166,accumulator,assert,"// The accumulator adds the previous cycle's input when reset is low.
    check_accumulator_adds_previous_input: assert property (
        @(posedge clk) disable iff (rst) 1'b1 |=> (out == ($past(out) + $past(data_in)))
    );"
02166,accumulator,assert,"// Zero input leaves the accumulator unchanged.
    check_zero_input_holds_value: assert property (
        @(posedge clk) disable iff (rst) (data_in == 8'h00) |=> (out == $past(out))
    );"
02166,accumulator,assert,"// All-ones input wraps the 8-bit accumulator.
    check_all_ones_input_wraps: assert property (
        @(posedge clk) disable iff (rst) (data_in == 8'hFF) |=> (out == ($past(out) + 8'hFF))
    );"
02171,sky130_fd_sc_ls__a222o,assert,"// X matches the implemented OR-of-ANDs function.
    check_x_matches_or_of_ands: assert property (
        @(posedge clk) X == ((A1 & A2) | (B1 & B2) | (C1 & C2))
    );"
02171,sky130_fd_sc_ls__a222o,assert,"// A1 and A2 high forces X high.
    check_a_term_sets_x: assert property (
        @(posedge clk) (A1 & A2) |-> X
    );"
02171,sky130_fd_sc_ls__a222o,assert,"// B1 and B2 high forces X high.
    check_b_term_sets_x: assert property (
        @(posedge clk) (B1 & B2) |-> X
    );"
02171,sky130_fd_sc_ls__a222o,assert,"// C1 and C2 high forces X high.
    check_c_term_sets_x: assert property (
        @(posedge clk) (C1 & C2) |-> X
    );"
02171,sky130_fd_sc_ls__a222o,assert,"// X can only be high when at least one product term is high.
    check_x_high_requires_some_term: assert property (
        @(posedge clk) X |-> ((A1 & A2) | (B1 & B2) | (C1 & C2))
    );"
02171,sky130_fd_sc_ls__a222o,assert,"// X can only be low when all three product terms are low.
    check_x_low_requires_all_terms_low: assert property (
        @(posedge clk) !X |-> !(A1 & A2) && !(B1 & B2) && !(C1 & C2)
    );"
02172,ripple_adder,assert,"// S[0] is the XOR of A[0], B[0], and Cin.
    check_sum_bit0_xor: assert property (
        @(posedge clk) S[0] == (A[0] ^ B[0] ^ Cin)
    );"
02172,ripple_adder,assert,"// S[1] is the XOR of A[1], B[1], and the carry from bit 0.
    check_sum_bit1_xor_with_carry0: assert property (
        @(posedge clk) S[1] == (A[1] ^ B[1] ^ ((A[0] & B[0]) | ((A[0] ^ B[0]) & Cin)))
    );"
02172,ripple_adder,assert,"// S[2] is the XOR of A[2], B[2], and the carry from bit 1.
    check_sum_bit2_xor_with_carry1: assert property (
        @(posedge clk) S[2] == (A[2] ^ B[2] ^ (
            (A[1] & B[1]) |
            ((A[1] ^ B[1]) & ((A[0] & B[0]) | ((A[0] ^ B[0]) & Cin)))
        ))
    );"
02172,ripple_adder,assert,"// S[3] is the XOR of A[3], B[3], and the carry from bit 2.
    check_sum_bit3_xor_with_carry2: assert property (
        @(posedge clk) S[3] == (A[3] ^ B[3] ^ (
            (A[2] & B[2]) |
            ((A[2] ^ B[2]) & (
                (A[1] & B[1]) |
                ((A[1] ^ B[1]) & ((A[0] & B[0]) | ((A[0] ^ B[0]) & Cin)))
            ))
        ))
    );"
02172,ripple_adder,assert,"// Cout is the carry out from the final full adder.
    check_cout_from_bit3: assert property (
        @(posedge clk) Cout == (
            (A[3] & B[3]) |
            ((A[3] ^ B[3]) & (
                (A[2] & B[2]) |
                ((A[2] ^ B[2]) & (
                    (A[1] & B[1]) |
                    ((A[1] ^ B[1]) & ((A[0] & B[0]) | ((A[0] ^ B[0]) & Cin)))
                ))
            ))
        )
    );"
02172,ripple_adder,assert,"// The 5-bit result matches the 4-bit addition with carry-in.
    check_full_result_matches_addition: assert property (
        @(posedge clk) {Cout, S} == ({1'b0, A} + {1'b0, B} + {4'b0000, Cin})
    );"
02185,counter,assert,"// Reset clears the counter on the next clock.
    check_reset_clears_count: assert property (
        @(posedge CLK) reset |=> (count == 4'h0)
    );"
02185,counter,assert,"// Reset has priority over enable.
    check_reset_priority_over_enable: assert property (
        @(posedge CLK) (reset && enable) |=> (count == 4'h0)
    );"
02185,counter,assert,"// Enable increments the counter by one when reset is low.
    check_enable_increments_count: assert property (
        @(posedge CLK) disable iff (reset) enable |=> (count == ($past(count) + 4'd1))
    );"
02185,counter,assert,"// The counter holds its value when enable is low.
    check_count_holds_when_disabled: assert property (
        @(posedge CLK) disable iff (reset) !enable |=> (count == $past(count))
    );"
02185,counter,assert,"// The counter wraps from 15 back to 0 when enabled.
    check_count_wraps_from_max: assert property (
        @(posedge CLK) disable iff (reset) (enable && (count == 4'hF)) |=> (count == 4'h0)
    );"
02187,data_storage,assert,"// Reset clears the stored data and deasserts the output valid signal.
    check_reset_clears_outputs: assert property (
        @(posedge clk) reset |-> ((out_data == 32'h00000000) && (out_valid == 1'b0))
    );"
02187,data_storage,assert,"// A valid input updates the output data on the next cycle.
    check_valid_input_updates_output_data: assert property (
        @(posedge clk) disable iff (reset) in_valid |=> (out_data == $past(in_data))
    );"
02187,data_storage,assert,"// A valid input sets the output valid signal on the next cycle.
    check_valid_input_sets_output_valid: assert property (
        @(posedge clk) disable iff (reset) in_valid |=> (out_valid == 1'b1)
    );"
02187,data_storage,assert,"// A non-valid input clears the output valid signal on the next cycle.
    check_nonvalid_input_clears_output_valid: assert property (
        @(posedge clk) disable iff (reset) !in_valid |=> (out_valid == 1'b0)
    );"
02187,data_storage,assert,"// The output data holds when no valid input is present.
    check_nonvalid_input_holds_output_data: assert property (
        @(posedge clk) disable iff (reset) !in_valid |=> (out_data == $past(out_data))
    );"
02211,shift_right,assert,"// Reset clears the shift register and forces out low.
    check_reset_clears_state: assert property (
        @(posedge clk)
        rst |-> ((shiftreg == 64'h0000000000000000) && (out == 1'b0))
    );"
02253,alu,assert,"// op 000 selects 4-bit addition.
    check_addition: assert property (
        @(posedge clk) (op == 3'b000) |-> (out == (a + b))
    );"
02253,alu,assert,"// op 001 selects 4-bit subtraction.
    check_subtraction: assert property (
        @(posedge clk) (op == 3'b001) |-> (out == (a - b))
    );"
02253,alu,assert,"// op 010 selects bitwise AND.
    check_and: assert property (
        @(posedge clk) (op == 3'b010) |-> (out == (a & b))
    );"
02253,alu,assert,"// op 011 selects bitwise OR.
    check_or: assert property (
        @(posedge clk) (op == 3'b011) |-> (out == (a | b))
    );"
02253,alu,assert,"// op 100 selects bitwise XOR.
    check_xor: assert property (
        @(posedge clk) (op == 3'b100) |-> (out == (a ^ b))
    );"
02253,alu,assert,"// op 101 selects a left shift by one bit.
    check_shift_left: assert property (
        @(posedge clk) (op == 3'b101) |-> (out == {a[2:0], 1'b0})
    );"
02253,alu,assert,"// op values 110 and 111 drive the default zero output.
    check_default_zero: assert property (
        @(posedge clk) ((op == 3'b110) || (op == 3'b111)) |-> (out == 4'b0000)
    );"
02266,simple_calculator,assert,"// Reset clears the registered output on the next clock.
    check_reset_clears_output: assert property (
        @(posedge CLK) RST |=> (C == 8'h00)
    );"
02266,simple_calculator,assert,"// In add mode, the next output is the previous cycle's A+B.
    check_add_mode_result: assert property (
        @(posedge CLK) disable iff (RST)
        (OP == 1'b0) |=> (C == ($past(A) + $past(B)))
    );"
02266,simple_calculator,assert,"// In subtract mode, the next output is the previous cycle's A-B.
    check_subtract_mode_result: assert property (
        @(posedge CLK) disable iff (RST)
        (OP == 1'b1) |=> (C == ($past(A) - $past(B)))
    );"
02266,simple_calculator,assert,"// In subtract mode with equal operands, the next output is zero.
    check_subtract_equal_operands_zero: assert property (
        @(posedge CLK) disable iff (RST)
        ((OP == 1'b1) && (A == B)) |=> (C == 8'h00)
    );"
02276,mag_comparator,assert,"// EQ must match the equality comparison of A and B.
    check_eq_definition: assert property (
        @(posedge clk) EQ == (A == B)
    );"
02276,mag_comparator,assert,"// GT must match the greater-than comparison of A and B.
    check_gt_definition: assert property (
        @(posedge clk) GT == (A > B)
    );"
02276,mag_comparator,assert,"// LT must match the less-than comparison of A and B.
    check_lt_definition: assert property (
        @(posedge clk) LT == (A < B)
    );"
02276,mag_comparator,assert,"// EQ and GT cannot be high together.
    check_eq_excludes_gt: assert property (
        @(posedge clk) !(EQ && GT)
    );"
02276,mag_comparator,assert,"// EQ and LT cannot be high together.
    check_eq_excludes_lt: assert property (
        @(posedge clk) !(EQ && LT)
    );"
02276,mag_comparator,assert,"// GT and LT cannot be high together.
    check_gt_excludes_lt: assert property (
        @(posedge clk) !(GT && LT)
    );"
02276,mag_comparator,assert,"// Exactly one of EQ, GT, or LT must be high.
    check_output_onehot: assert property (
        @(posedge clk) $onehot({EQ, GT, LT})
    );"
02277,EX_MEM_Seg,assert,"// flush clears all stored outputs on the next cycle.
    check_flush_clears_outputs: assert property (
        @(posedge Clk)
        flush |=> (
            (Branch_addr_out == 32'h0) &&
            (PC_add_out == 32'h0) &&
            (Condition_out == 3'b000) &&
            (Branch_out == 1'b0) &&
            (PC_write_out == 3'b000) &&
            (Mem_Byte_Write_out == 4'b0000) &&
            (Rd_Write_Byte_en_out == 4'b0000) &&
            (MemWBSrc_out == 1'b0) &&
            (OverflowEn_out == 1'b0) &&
            (MemData_out == 32'h0) &&
            (WBData_out == 32'h0) &&
            (Less_out == 1'b0) &&
            (Zero_out == 1'b0) &&
            (Overflow_out == 1'b0) &&
            (Rd_out == 5'b0)
        )
    );"
02277,EX_MEM_Seg,assert,"// stall blocks the update when flush is not asserted.
    check_stall_blocks_update: assert property (
        @(posedge Clk) disable iff (flush)
        stall |=> (
            (Branch_addr_out == $past(Branch_addr_out)) &&
            (PC_add_out == $past(PC_add_out)) &&
            (Condition_out == $past(Condition_out)) &&
            (Branch_out == $past(Branch_out)) &&
            (PC_write_out == $past(PC_write_out)) &&
            (Mem_Byte_Write_out == $past(Mem_Byte_Write_out)) &&
            (Rd_Write_Byte_en_out == $past(Rd_Write_Byte_en_out)) &&
            (MemWBSrc_out == $past(MemWBSrc_out)) &&
            (OverflowEn_out == $past(OverflowEn_out)) &&
            (MemData_out == $past(MemData_out)) &&
            (WBData_out == $past(WBData_out)) &&
            (Less_out == $past(Less_out)) &&
            (Zero_out == $past(Zero_out)) &&
            (Overflow_out == $past(Overflow_out)) &&
            (Rd_out == $past(Rd_out))
        )
    );"
02277,EX_MEM_Seg,assert,"// overflow enable is captured when not stalled and not flushing.
    check_overflowen_capture: assert property (
        @(posedge Clk) disable iff (flush)
        !stall |=> (OverflowEn_out == $past(OverflowEn))
    );"
02277,EX_MEM_Seg,assert,"// branch address is captured when not stalled and not flushing.
    check_branch_addr_capture: assert property (
        @(posedge Clk) disable iff (flush)
        !stall |=> (Branch_addr_out == $past(Branch_addr))
    );"
02277,EX_MEM_Seg,assert,"// pc add is captured when not stalled and not flushing.
    check_pc_add_capture: assert property (
        @(posedge Clk) disable iff (flush)
        !stall |=> (PC_add_out == $past(PC_add))
    );"
02277,EX_MEM_Seg,assert,"// condition is captured when not stalled and not flushing.
    check_condition_capture: assert property (
        @(posedge Clk) disable iff (flush)
        !stall |=> (Condition_out == $past(Condition))
    );"
02277,EX_MEM_Seg,assert,"// branch signal is captured when not stalled and not flushing.
    check_branch_capture: assert property (
        @(posedge Clk) disable iff (flush)
        !stall |=> (Branch_out == $past(Branch))
    );"
02277,EX_MEM_Seg,assert,"// pc write is captured when not stalled and not flushing.
    check_pc_write_capture: assert property (
        @(posedge Clk) disable iff (flush)
        !stall |=> (PC_write_out == $past(PC_write))
    );"
02277,EX_MEM_Seg,assert,"// memory byte write is captured when not stalled and not flushing.
    check_mem_byte_write_capture: assert property (
        @(posedge Clk) disable iff (flush)
        !stall |=> (Mem_Byte_Write_out == $past(Mem_Byte_Write))
    );"
02277,EX_MEM_Seg,assert,"// rd write byte enable is captured when not stalled and not flushing.
    check_rd_write_byte_en_capture: assert property (
        @(posedge Clk) disable iff (flush)
        !stall |=> (Rd_Write_Byte_en_out == $past(Rd_Write_Byte_en))
    );"
02277,EX_MEM_Seg,assert,"// memory writeback source is captured when not stalled and not flushing.
    check_memwb_src_capture: assert property (
        @(posedge Clk) disable iff (flush)
        !stall |=> (MemWBSrc_out == $past(MemWBSrc))
    );"
02277,EX_MEM_Seg,assert,"// memory data is captured when not stalled and not flushing.
    check_memdata_capture: assert property (
        @(posedge Clk) disable iff (flush)
        !stall |=> (MemData_out == $past(MemData))
    );"
02277,EX_MEM_Seg,assert,"// wb data is captured when not stalled and not flushing.
    check_wbdata_capture: assert property (
        @(posedge Clk) disable iff (flush)
        !stall |=> (WBData_out == $past(WBData))
    );"
02277,EX_MEM_Seg,assert,"// less-than result is captured when not stalled and not flushing.
    check_less_capture: assert property (
        @(posedge Clk) disable iff (flush)
        !stall |=> (Less_out == $past(Less))
    );"
02277,EX_MEM_Seg,assert,"// zero result is captured when not stalled and not flushing.
    check_zero_capture: assert property (
        @(posedge Clk) disable iff (flush)
        !stall |=> (Zero_out == $past(Zero))
    );"
02277,EX_MEM_Seg,assert,"// overflow result is captured when not stalled and not flushing.
    check_overflow_capture: assert property (
        @(posedge Clk) disable iff (flush)
        !stall |=> (Overflow_out == $past(Overflow))
    );"
02277,EX_MEM_Seg,assert,"// rd is captured when not stalled and not flushing.
    check_rd_capture: assert property (
        @(posedge Clk) disable iff (flush)
        !stall |=> (Rd_out == $past(Rd))
    );"
02281,mux_priority_encoder,assert,"// pos must always be one of the implemented encoder outputs.
    check_pos_legal_values: assert property (
        @(posedge clk)
        (pos == 3'd0) ||
        (pos == 3'd1) ||
        (pos == 3'd2) ||
        (pos == 3'd3) ||
        (pos == 3'd4) ||
        (pos == 3'd5) ||
        (pos == 3'd6) ||
        (pos == 3'd7)
    );"
02281,mux_priority_encoder,assert,"// out_sum must match the muxed input plus the selected position.
    check_out_sum_function: assert property (
        @(posedge clk)
        out_sum == ((sel_b1 & sel_b2) ? (b ? (3'd1 + pos) : pos) :
                    ((sel_b1 | sel_b2) ? (a ? (3'd1 + pos) : pos) : pos))
    );"
02281,mux_priority_encoder,assert,"// With both select bits low, the mux output is zero and out_sum is pos.
    check_out_sum_when_mux_zero: assert property (
        @(posedge clk)
        !(sel_b1 | sel_b2) |-> (out_sum == pos)
    );"
02281,mux_priority_encoder,assert,"// With both select bits high, the mux output is b and out_sum is b + pos.
    check_out_sum_when_mux_b: assert property (
        @(posedge clk)
        (sel_b1 & sel_b2) |-> (out_sum == (b ? (3'd1 + pos) : pos))
    );"
02281,mux_priority_encoder,assert,"// With only sel_b1 high, the mux output is a and out_sum is a + pos.
    check_out_sum_when_mux_a: assert property (
        @(posedge clk)
        (sel_b1 & !sel_b2) |-> (out_sum == (a ? (3'd1 + pos) : pos))
    );"
02281,mux_priority_encoder,assert,"// With only sel_b2 high, the mux output is a and out_sum is a + pos.
    check_out_sum_when_mux_a_when_b1_low: assert property (
        @(posedge clk)
        (!sel_b1 & sel_b2) |-> (out_sum == (a ? (3'd1 + pos) : pos))
    );"
02286,sysgen_logical_8b7810a2aa,assert,"// y must always equal the OR of d0 and d1.
    check_y_matches_or: assert property (
        @(posedge clk) disable iff (clr) y == (d0 | d1)
    );"
02286,sysgen_logical_8b7810a2aa,assert,"// A high d0 must force y high.
    check_d0_high_sets_y: assert property (
        @(posedge clk) disable iff (clr) d0 |-> y
    );"
02286,sysgen_logical_8b7810a2aa,assert,"// A high d1 must force y high.
    check_d1_high_sets_y: assert property (
        @(posedge clk) disable iff (clr) d1 |-> y
    );"
02286,sysgen_logical_8b7810a2aa,assert,"// A low d0 and d1 must force y low.
    check_both_inputs_low_clear_y: assert property (
        @(posedge clk) disable iff (clr) (!d0 && !d1) |-> !y
    );"
02286,sysgen_logical_8b7810a2aa,assert,"// A high y must come from at least one high input.
    check_y_high_has_valid_cause: assert property (
        @(posedge clk) disable iff (clr) y |-> (d0 || d1)
    );"
02334,sky130_fd_sc_hdll__a221oi,assert,"// Y matches the implemented NOR-of-ANDs function.
    check_y_matches_nor_of_ands: assert property (
        @(posedge clk) Y == ~((B1 & B2) | C1 | (A1 & A2))
    );"
02334,sky130_fd_sc_hdll__a221oi,assert,"// C1 high forces Y low.
    check_c1_forces_y_low: assert property (
        @(posedge clk) C1 |-> !Y
    );"
02334,sky130_fd_sc_hdll__a221oi,assert,"// A1 and A2 high together force Y low.
    check_a_pair_forces_y_low: assert property (
        @(posedge clk) (A1 && A2) |-> !Y
    );"
02334,sky130_fd_sc_hdll__a221oi,assert,"// B1 and B2 high together force Y low.
    check_b_pair_forces_y_low: assert property (
        @(posedge clk) (B1 && B2) |-> !Y
    );"
02334,sky130_fd_sc_hdll__a221oi,assert,"// With no active NOR input, Y must be high.
    check_no_active_input_sets_y_high: assert property (
        @(posedge clk) (!C1 && !(A1 && A2) && !(B1 && B2)) |-> Y
    );"
02334,sky130_fd_sc_hdll__a221oi,assert,"// A high Y means all NOR inputs are inactive.
    check_y_high_implies_all_nor_inputs_inactive: assert property (
        @(posedge clk) Y |-> (!C1 && !(A1 && A2) && !(B1 && B2))
    );"
02370,counter,assert,"// Reset clears the counter and deasserts overflow.
    check_reset_clears_state: assert property (
        @(posedge clk) reset |=> (count == 4'h0 && overflow == 1'b0)
    );"
02370,counter,assert,"// When enabled below 15, the counter increments by one.
    check_count_increments_when_enabled: assert property (
        @(posedge clk) disable iff (reset)
        enable && (count != 4'hF) |=> (count == ($past(count) + 4'd1))
    );"
02370,counter,assert,"// When enabled at 15, the counter wraps to zero.
    check_count_wraps_at_max: assert property (
        @(posedge clk) disable iff (reset)
        enable && (count == 4'hF) |=> (count == 4'h0)
    );"
02370,counter,assert,"// When enabled below 15, overflow remains low.
    check_overflow_low_when_incrementing: assert property (
        @(posedge clk) disable iff (reset)
        enable && (count != 4'hF) |=> (overflow == 1'b0)
    );"
02370,counter,assert,"// When enabled at 15, overflow is asserted on the next cycle.
    check_overflow_asserts_at_max: assert property (
        @(posedge clk) disable iff (reset)
        enable && (count == 4'hF) |=> (overflow == 1'b1)
    );"
02370,counter,assert,"// When not enabled, the counter holds its value.
    check_count_holds_when_disabled: assert property (
        @(posedge clk) disable iff (reset)
        !enable |=> (count == $past(count))
    );"
02370,counter,assert,"// When not enabled, overflow holds its value.
    check_overflow_holds_when_disabled: assert property (
        @(posedge clk) disable iff (reset)
        !enable |=> (overflow == $past(overflow))
    );"
02422,sky130_fd_sc_hdll__nand4bb,assert,"// A_N high forces Y high.
    check_a_n_forces_y_high: assert property (
        @(posedge clk) A_N |-> Y
    );"
02422,sky130_fd_sc_hdll__nand4bb,assert,"// B_N high forces Y high.
    check_b_n_forces_y_high: assert property (
        @(posedge clk) B_N |-> Y
    );"
02457,digital_circuit,assert,"// Q_N is always the inverse of Q.
    check_qn_complement: assert property (
        @(posedge CLK) Q_N == ~Q
    );"
02457,digital_circuit,assert,"// When SCE is high, Q captures SCD on the next clock.
    check_capture_scd_when_sce_high: assert property (
        @(posedge CLK) SCE |=> (Q == $past(SCD))
    );"
02457,digital_circuit,assert,"// When SCE is low, Q captures D on the next clock.
    check_capture_d_when_sce_low: assert property (
        @(posedge CLK) !SCE |=> (Q == $past(D))
    );"
02457,digital_circuit,assert,"// Q_N reflects the inverse of the captured input on the next clock.
    check_qn_matches_captured_input: assert property (
        @(posedge CLK) 1'b1 |=> (Q_N == ~($past(SCE) ? $past(SCD) : $past(D)))
    );"
02460,sky130_fd_sc_ls__o2111a,assert,"// X must match the implemented OR-then-AND function.
    check_output_function: assert property (
        @(posedge clk) X == (B1 & C1 & D1 & (A1 | A2))
    );"
02460,sky130_fd_sc_ls__o2111a,assert,"// B1 low must force X low.
    check_b1_low_forces_x_low: assert property (
        @(posedge clk) !B1 |-> !X
    );"
02460,sky130_fd_sc_ls__o2111a,assert,"// C1 low must force X low.
    check_c1_low_forces_x_low: assert property (
        @(posedge clk) !C1 |-> !X
    );"
02460,sky130_fd_sc_ls__o2111a,assert,"// D1 low must force X low.
    check_d1_low_forces_x_low: assert property (
        @(posedge clk) !D1 |-> !X
    );"
02460,sky130_fd_sc_ls__o2111a,assert,"// Both A inputs low must force X low.
    check_a_inputs_low_force_x_low: assert property (
        @(posedge clk) (!A1 && !A2) |-> !X
    );"
02460,sky130_fd_sc_ls__o2111a,assert,"// With all required terms high, X must be high.
    check_all_terms_high_drive_x_high: assert property (
        @(posedge clk) (B1 && C1 && D1 && (A1 || A2)) |-> X
    );"
02460,sky130_fd_sc_ls__o2111a,assert,"// A high X requires all required terms to be high.
    check_x_high_requires_all_terms_high: assert property (
        @(posedge clk) X |-> (B1 && C1 && D1 && (A1 || A2))
    );"
02478,sync_up_down_counter,assert,"// Up count wraps from 7 back to 0.
    check_up_wrap_from_max: assert property (
        @(posedge clk) (up_down == 1'b0 && q == 3'd7) |=> (q == 3'd0)
    );"
02478,sync_up_down_counter,assert,"// Up count increments by one when not at 7.
    check_up_increment: assert property (
        @(posedge clk) (up_down == 1'b0 && q != 3'd7) |=> (q == ($past(q) + 3'd1))
    );"
02478,sync_up_down_counter,assert,"// Down count wraps from 0 back to 7.
    check_down_wrap_from_zero: assert property (
        @(posedge clk) (up_down == 1'b1 && q == 3'd0) |=> (q == 3'd7)
    );"
02478,sync_up_down_counter,assert,"// Down count decrements by one when not at 0.
    check_down_decrement: assert property (
        @(posedge clk) (up_down == 1'b1 && q != 3'd0) |=> (q == ($past(q) - 3'd1))
    );"
02489,ripple_adder_32,assert,"// Sum and carry-out equal 32-bit addition of a, b, and cin.
    check_total_sum: assert property (
        @(posedge CLK) {cout, sum} == ({1'b0, a} + {1'b0, b} + {31'b0, cin})
    );"
02489,ripple_adder_32,assert,"// LSB sum equals XOR of a[0], b[0], and cin.
    check_lsb_sum: assert property (
        @(posedge CLK) sum[0] == (a[0] ^ b[0] ^ cin)
    );"
02489,ripple_adder_32,assert,"// If b is zero and cin is zero, sum equals a and carry-out is zero.
    check_b_zero_cin_zero: assert property (
        @(posedge CLK) (b == 32'h00000000 && cin == 1'b0) |-> (sum == a && cout == 1'b0)
    );"
02489,ripple_adder_32,assert,"// If a is zero and cin is zero, sum equals b and carry-out is zero.
    check_a_zero_cin_zero: assert property (
        @(posedge CLK) (a == 32'h00000000 && cin == 1'b0) |-> (sum == b && cout == 1'b0)
    );"
02489,ripple_adder_32,assert,"// If a and b are zero, sum equals cin and carry-out is zero.
    check_ab_zero: assert property (
        @(posedge CLK) (a == 32'h00000000 && b == 32'h00000000) |-> (sum == {31'b0, cin} && cout == 1'b0)
    );"
02489,ripple_adder_32,assert,"// If a and b are all zeros, sum equals cin and carry-out is zero.
    check_ab_zero_cin: assert property (
        @(posedge CLK) (a == 32'h00000000 && b == 32'h00000000) |-> (sum == {31'b0, cin} && cout == 1'b0)
    );"
02500,sky130_fd_sc_hdll__nand4bb,assert,"// Y matches the implemented OR-of-three function.
    check_output_function: assert property (
        @(posedge clk) Y == (A_N | B_N | ~(C & D))
    );"
02500,sky130_fd_sc_hdll__nand4bb,assert,"// A_N high forces Y high.
    check_a_n_forces_high: assert property (
        @(posedge clk) A_N |-> Y
    );"
02500,sky130_fd_sc_hdll__nand4bb,assert,"// B_N high forces Y high.
    check_b_n_forces_high: assert property (
        @(posedge clk) B_N |-> Y
    );"
02500,sky130_fd_sc_hdll__nand4bb,assert,"// C low forces Y high.
    check_c_low_forces_high: assert property (
        @(posedge clk) !C |-> Y
    );"
02500,sky130_fd_sc_hdll__nand4bb,assert,"// D low forces Y high.
    check_d_low_forces_high: assert property (
        @(posedge clk) !D |-> Y
    );"
02500,sky130_fd_sc_hdll__nand4bb,assert,"// A_N and B_N low with C and D high force Y low.
    check_all_terms_low_forces_low: assert property (
        @(posedge clk) (!A_N && !B_N && C && D) |-> !Y
    );"
02500,sky130_fd_sc_hdll__nand4bb,assert,"// Y low implies the A_N/B_N low and C/D high condition.
    check_low_output_condition: assert property (
        @(posedge clk) !Y |-> (!A_N && !B_N && C && D)
    );"
02525,digital_circuit,assert,"// Y matches the implemented NOT/AND/NOR/BUF function.
    check_y_function: assert property (
        @(posedge clk) Y == ~((~B1_N) | (A1 & A2))
    );"
02525,digital_circuit,assert,"// A high A1 and A2 input force Y low.
    check_a1_a2_high_force_y_low: assert property (
        @(posedge clk) ((A1 == 1'b1) && (A2 == 1'b1)) |-> (Y == 1'b0)
    );"
02525,digital_circuit,assert,"// With B1_N high and A1 low, Y must be high.
    check_b1n_high_a1_low_y_high: assert property (
        @(posedge clk) ((B1_N == 1'b1) && (A1 == 1'b0)) |-> (Y == 1'b1)
    );"
02525,digital_circuit,assert,"// With B1_N high and A2 low, Y must be high.
    check_b1n_high_a2_low_y_high: assert property (
        @(posedge clk) ((B1_N == 1'b1) && (A2 == 1'b0)) |-> (Y == 1'b1)
    );"
02569,and_gate,assert,"// Y must equal the AND of all five inputs.
    check_y_matches_and_function: assert property (
        @(posedge clk) Y == (A1 & A2 & B1 & C1 & D1)
    );"
02569,and_gate,assert,"// All five high inputs must drive Y high.
    check_all_inputs_high_drive_y_high: assert property (
        @(posedge clk) (A1 & A2 & B1 & C1 & D1) |-> Y
    );"
02569,and_gate,assert,"// A low A1 input must force Y low.
    check_a1_low_forces_y_low: assert property (
        @(posedge clk) !A1 |-> !Y
    );"
02569,and_gate,assert,"// A low A2 input must force Y low.
    check_a2_low_forces_y_low: assert property (
        @(posedge clk) !A2 |-> !Y
    );"
02569,and_gate,assert,"// A low B1 input must force Y low.
    check_b1_low_forces_y_low: assert property (
        @(posedge clk) !B1 |-> !Y
    );"
02569,and_gate,assert,"// A low C1 input must force Y low.
    check_c1_low_forces_y_low: assert property (
        @(posedge clk) !C1 |-> !Y
    );"
02569,and_gate,assert,"// A low D1 input must force Y low.
    check_d1_low_forces_y_low: assert property (
        @(posedge clk) !D1 |-> !Y
    );"
02571,sky130_fd_sc_hdll__a22o,assert,"// X must equal the OR of the two AND terms.
    check_x_matches_or_of_ands: assert property (
        @(posedge clk) X == ((A1 & A2) | (B1 & B2))
    );"
02571,sky130_fd_sc_hdll__a22o,assert,"// A1 and A2 high must drive X high.
    check_a_term_drives_x_high: assert property (
        @(posedge clk) (A1 & A2) |-> X
    );"
02571,sky130_fd_sc_hdll__a22o,assert,"// B1 and B2 high must drive X high.
    check_b_term_drives_x_high: assert property (
        @(posedge clk) (B1 & B2) |-> X
    );"
02571,sky130_fd_sc_hdll__a22o,assert,"// With both AND terms low, X must be low.
    check_no_active_term_means_x_low: assert property (
        @(posedge clk) (!(A1 & A2) && !(B1 & B2)) |-> !X
    );"
02571,sky130_fd_sc_hdll__a22o,assert,"// X high must come from at least one active AND term.
    check_x_high_has_active_source: assert property (
        @(posedge clk) X |-> ((A1 & A2) || (B1 & B2))
    );"
02577,mux_4_to_1,assert,"// out must match the RTL mux equation.
    check_mux_equation: assert property (
        @(posedge clk)
        out == ((sel1 & sel2) ? d3 :
                ((sel1 & ~sel2) ? d2 :
                 ((~sel1 & sel2) ? d1 : d0)))
    );"
02577,mux_4_to_1,assert,"// When sel1 and sel2 are both high, out must select d3.
    check_select_d3: assert property (
        @(posedge clk)
        (sel1 && sel2) |-> (out == d3)
    );"
02577,mux_4_to_1,assert,"// When sel1 is high and sel2 is low, out must select d2.
    check_select_d2: assert property (
        @(posedge clk)
        (sel1 && !sel2) |-> (out == d2)
    );"
02577,mux_4_to_1,assert,"// When sel1 is low and sel2 is high, out must select d1.
    check_select_d1: assert property (
        @(posedge clk)
        (!sel1 && sel2) |-> (out == d1)
    );"
02577,mux_4_to_1,assert,"// When both select bits are low, out must select d0.
    check_select_d0: assert property (
        @(posedge clk)
        (!sel1 && !sel2) |-> (out == d0)
    );"
02591,magnitude_comparator,assert,"// out must match the RTL's comparison of the absolute values of A and B.
    check_out_matches_rtl: assert property (
        @(posedge clk) out == (|A > |B)
    );"
02591,magnitude_comparator,assert,"// A with a greater magnitude than B must drive out high.
    check_a_greater_sets_out: assert property (
        @(posedge clk) (|A > |B) |-> (out == 1'b1)
    );"
02591,magnitude_comparator,assert,"// A with a lesser or equal magnitude than B must drive out low.
    check_a_not_greater_clears_out: assert property (
        @(posedge clk) !(|A > |B) |-> (out == 1'b0)
    );"
02591,magnitude_comparator,assert,"// Equal magnitudes must produce a low output.
    check_equal_magnitudes_clear_out: assert property (
        @(posedge clk) (|A == |B) |-> (out == 1'b0)
    );"
02639,my_mac,assert,"// Reset clears dout on the next clock.
    check_reset_clears_dout: assert property (
        @(posedge clk) reset |=> (dout == 32'h00000000)
    );"
02639,my_mac,assert,"// With ce low, dout holds its value.
    check_hold_when_ce_low: assert property (
        @(posedge clk) disable iff (reset) (!ce) |=> (dout == $past(dout))
    );"
02672,four_to_one_mux,assert,"// sel=00 routes in0 to out.
    check_sel_00_routes_in0: assert property (
        @(posedge clk) (sel == 2'b00) |-> (out == in0)
    );"
02672,four_to_one_mux,assert,"// sel=01 routes in1 to out.
    check_sel_01_routes_in1: assert property (
        @(posedge clk) (sel == 2'b01) |-> (out == in1)
    );"
02672,four_to_one_mux,assert,"// sel=10 routes in2 to out.
    check_sel_10_routes_in2: assert property (
        @(posedge clk) (sel == 2'b10) |-> (out == in2)
    );"
02672,four_to_one_mux,assert,"// sel=11 routes in3 to out.
    check_sel_11_routes_in3: assert property (
        @(posedge clk) (sel == 2'b11) |-> (out == in3)
    );"
02704,sky130_fd_sc_ms__nor3b,assert,"// Y matches the implemented NOR/AND/buffer function.
    check_output_function: assert property (
        @(posedge clk) Y == ((~A) & (~B) & C_N)
    );"
02704,sky130_fd_sc_ms__nor3b,assert,"// A high forces the NOR output low, so Y must be low.
    check_a_high_forces_y_low: assert property (
        @(posedge clk) A |-> !Y
    );"
02704,sky130_fd_sc_ms__nor3b,assert,"// B high forces the NOR output low, so Y must be low.
    check_b_high_forces_y_low: assert property (
        @(posedge clk) B |-> !Y
    );"
02704,sky130_fd_sc_ms__nor3b,assert,"// C_N low forces the AND output low, so Y must be low.
    check_c_n_low_forces_y_low: assert property (
        @(posedge clk) !C_N |-> !Y
    );"
02704,sky130_fd_sc_ms__nor3b,assert,"// With both NOR inputs low and C_N high, Y must be high.
    check_active_inputs_drive_y_high: assert property (
        @(posedge clk) (!A && !B && C_N) |-> Y
    );"
02704,sky130_fd_sc_ms__nor3b,assert,"// A high Y requires both NOR inputs low and C_N high.
    check_y_high_requires_active_inputs: assert property (
        @(posedge clk) Y |-> (!A && !B && C_N)
    );"
02721,dffre,assert,"// With se low and rst high, q is cleared to zero.
    check_reset_clears_q: assert property (
        @(posedge clk) disable iff (1'b0)
        (!se && rst) |=> (q == {SIZE{1'b0}})
    );"
02769,sky130_fd_sc_ms__a221oi,assert,"// Y matches the implemented NOR-of-ANDs function.
    check_y_matches_function: assert property (
        @(posedge clk) Y == ~((B1 & B2) | C1 | (A1 & A2))
    );"
02769,sky130_fd_sc_ms__a221oi,assert,"// C1 high forces the NOR output low.
    check_c1_forces_y_low: assert property (
        @(posedge clk) C1 |-> !Y
    );"
02769,sky130_fd_sc_ms__a221oi,assert,"// A1 and A2 high together force the NOR output low.
    check_a_pair_forces_y_low: assert property (
        @(posedge clk) (A1 && A2) |-> !Y
    );"
02769,sky130_fd_sc_ms__a221oi,assert,"// B1 and B2 high together force the NOR output low.
    check_b_pair_forces_y_low: assert property (
        @(posedge clk) (B1 && B2) |-> !Y
    );"
02769,sky130_fd_sc_ms__a221oi,assert,"// With no active NOR input term, Y must be high.
    check_no_active_term_drives_y_high: assert property (
        @(posedge clk) (!C1 && !(A1 && A2) && !(B1 && B2)) |-> Y
    );"
02769,sky130_fd_sc_ms__a221oi,assert,"// A high Y means the C1 term is not active.
    check_y_high_excludes_c1_term: assert property (
        @(posedge clk) Y |-> !C1
    );"
02769,sky130_fd_sc_ms__a221oi,assert,"// A high Y means the A1/A2 term is not active.
    check_y_high_excludes_a_pair_term: assert property (
        @(posedge clk) Y |-> !(A1 && A2)
    );"
02769,sky130_fd_sc_ms__a221oi,assert,"// A high Y means the B1/B2 term is not active.
    check_y_high_excludes_b_pair_term: assert property (
        @(posedge clk) Y |-> !(B1 && B2)
    );"
02786,mux_2_1,assert,"// When sel is low, out must equal a.
    check_sel_low_routes_a: assert property (
        @(posedge clk) (sel == 1'b0) |-> (out == a)
    );"
02786,mux_2_1,assert,"// When sel is high, out must equal b.
    check_sel_high_routes_b: assert property (
        @(posedge clk) (sel == 1'b1) |-> (out == b)
    );"
02864,mux2,assert,"// When sel is low, out captures in1 on the next clock.
    check_sel_low_captures_in1: assert property (
        @(posedge clk) (sel === 1'b0) |=> (out === $past(in1))
    );"
02864,mux2,assert,"// When sel is high, out captures in2 on the next clock.
    check_sel_high_captures_in2: assert property (
        @(posedge clk) (sel === 1'b1) |=> (out === $past(in2))
    );"
02864,mux2,assert,"// If both inputs are equal, out matches that common value on the next clock.
    check_equal_inputs_passthrough: assert property (
        @(posedge clk) (in1 === in2) |=> (out === $past(in1))
    );"
02940,add_sub,assert,"// Active-low reset forces the result to zero.
    check_reset_clears_result: assert property (
        @(posedge clk) !reset |-> (result == 4'b0000)
    );"
02940,add_sub,assert,"// In add mode, result captures A + B on the next clock.
    check_add_mode_result: assert property (
        @(posedge clk) disable iff (!reset)
        (operation == 1'b0) |=> (result == ($past(A) + $past(B)))
    );"
02940,add_sub,assert,"// In subtract mode, result captures A - B on the next clock.
    check_sub_mode_result: assert property (
        @(posedge clk) disable iff (!reset)
        (operation == 1'b1) |=> (result == ($past(A) - $past(B)))
    );"
02973,up_down_counter,assert,"// Reset clears the counter on the next clock.
    check_reset_clears_count: assert property (
        @(posedge clk) reset |=> (count == 4'h0)
    );"
02973,up_down_counter,assert,"// Load holds the previous count value.
    check_load_holds_count: assert property (
        @(posedge clk) disable iff (reset)
        load |=> (count == $past(count))
    );"
02973,up_down_counter,assert,"// Up mode increments the counter by one.
    check_up_increments_count: assert property (
        @(posedge clk) disable iff (reset)
        (!load && up_down) |=> (count == ($past(count) + 4'h1))
    );"
02973,up_down_counter,assert,"// Down mode decrements the counter by one.
    check_down_decrements_count: assert property (
        @(posedge clk) disable iff (reset)
        (!load && !up_down) |=> (count == ($past(count) - 4'h1))
    );"
02973,up_down_counter,assert,"// The counter value never exceeds 4'hF.
    check_count_within_range: assert property (
        @(posedge clk) disable iff (reset)
        (count <= 4'hF)
    );"
02988,RegisterAdd_4,assert,"// Synchronous reset clears the register on the next clock.
    check_reset_clears_out: assert property (
        @(posedge CLK) reset |=> (out == 4'd0)
    );"
02988,RegisterAdd_4,assert,"// When reset is low, out captures the previous cycle's in1+in2.
    check_loads_sum_when_not_reset: assert property (
        @(posedge CLK) disable iff (reset) 1'b1 |=> (out == ($past(in1) + $past(in2)))
    );"
03027,sky130_fd_sc_lp__o31a,assert,"// X must equal the OR of A1, A2, and A3 gated by B1.
    check_x_matches_o31a_function: assert property (
        @(posedge clk) X == ((A1 | A2 | A3) & B1)
    );"
03027,sky130_fd_sc_lp__o31a,assert,"// B1 low must force X low.
    check_b1_low_forces_x_low: assert property (
        @(posedge clk) !B1 |-> !X
    );"
03027,sky130_fd_sc_lp__o31a,assert,"// All A inputs low must force X low.
    check_all_a_inputs_low_force_x_low: assert property (
        @(posedge clk) (!A1 && !A2 && !A3) |-> !X
    );"
03027,sky130_fd_sc_lp__o31a,assert,"// A1 high with B1 high must drive X high.
    check_a1_and_b1_drive_x_high: assert property (
        @(posedge clk) (A1 && B1) |-> X
    );"
03027,sky130_fd_sc_lp__o31a,assert,"// A2 high with B1 high must drive X high.
    check_a2_and_b1_drive_x_high: assert property (
        @(posedge clk) (A2 && B1) |-> X
    );"
03027,sky130_fd_sc_lp__o31a,assert,"// A3 high with B1 high must drive X high.
    check_a3_and_b1_drive_x_high: assert property (
        @(posedge clk) (A3 && B1) |-> X
    );"
03027,sky130_fd_sc_lp__o31a,assert,"// X high requires B1 to be high.
    check_x_high_requires_b1_high: assert property (
        @(posedge clk) X |-> B1
    );"
03027,sky130_fd_sc_lp__o31a,assert,"// X high requires at least one A input to be high.
    check_x_high_requires_any_a_high: assert property (
        @(posedge clk) X |-> (A1 || A2 || A3)
    );"
03032,binary_counter,assert,"// Reset forces the counter to zero on the next clock.
    check_reset_clears_count: assert property (
        @(posedge clk) rst |=> (count == 4'h0)
    );"
03032,binary_counter,assert,"// The counter increments by one on each non-reset clock.
    check_count_increments: assert property (
        @(posedge clk) disable iff (rst) 1'b1 |=> (count == ($past(count) + 4'd1))
    );"
03032,binary_counter,assert,"// The 4-bit counter wraps from 15 back to 0.
    check_count_wraps: assert property (
        @(posedge clk) disable iff (rst) (count == 4'hF) |=> (count == 4'h0)
    );"
03059,adder_module,assert,"// Reset forces the registered output to zero.
    check_reset_clears_sum: assert property (
        @(posedge clk) reset |-> (sum == 32'h00000000)
    );"
03059,adder_module,assert,"// With select low, the output is the 32-bit sum of a and b.
    check_select_low_adds_inputs: assert property (
        @(posedge clk) disable iff (reset)
        (!select) |-> (sum == ((a + b) & 32'h00000000FFFFFFFF))
    );"
03059,adder_module,assert,"// Zero on b passes a through when select is low.
    check_zero_b_passthrough: assert property (
        @(posedge clk) disable iff (reset)
        (!select && (b == 32'h00000000)) |-> (sum == a)
    );"
03063,simplified_axi_protocol_converter,assert,"// S captures the upper-nibble of m_payload_i_reg on awvalid.
    check_s_captures_upper_nibble: assert property (
        @(posedge aclk) si_rs_awvalid |=> (S == $past(m_payload_i_reg[47:44]))
    );"
03063,simplified_axi_protocol_converter,assert,"// S holds its value when awvalid is low.
    check_s_holds_without_awvalid: assert property (
        @(posedge aclk) !si_rs_awvalid |=> (S == $past(S))
    );"
03063,simplified_axi_protocol_converter,assert,"// m_axi_awaddr increments by axaddr_incr when axaddr_incr is non-zero.
    check_awaddr_increments_when_nonzero: assert property (
        @(posedge aclk) (axaddr_incr != 12'h000) |=> (m_axi_awaddr == ($past(m_axi_awaddr) + $past(axaddr_incr)))
    );"
03063,simplified_axi_protocol_converter,assert,"// m_axi_awaddr holds when axaddr_incr is zero.
    check_awaddr_holds_when_zero: assert property (
        @(posedge aclk) (axaddr_incr == 12'h000) |=> (m_axi_awaddr == $past(m_axi_awaddr))
    );"
03100,top_module,assert,"// In add mode, the upper 16 bits of result must be zero.
    check_add_mode_upper_zero: assert property (
        @(posedge clk) !sub |-> (result[31:16] == 16'h0000)
    );"
03108,dual_d_flip_flop,assert,"// d_out_1 is the D input sampled on the previous rising edge.
    check_d_out_1_captures_d_in: assert property (
        @(posedge clk) disable iff (!reset)
        1'b1 |=> (d_out_1 == $past(d_in))
    );"
03108,dual_d_flip_flop,assert,"// d_out_2 is the XOR of the previous d_out_1 and d_in.
    check_d_out_2_captures_toggle: assert property (
        @(posedge clk) disable iff (!reset)
        1'b1 |=> (d_out_2 == ($past(d_out_1) ^ $past(d_in)))
    );"
03108,dual_d_flip_flop,assert,"// d_out_2 is the previous d_out_1 value.
    check_d_out_2_tracks_previous_d_out_1: assert property (
        @(posedge clk) disable iff (!reset)
        1'b1 |=> (d_out_2 == $past(d_out_1))
    );"
03108,dual_d_flip_flop,assert,"// A low reset clears both outputs by the next rising edge.
    check_reset_clears_outputs: assert property (
        @(posedge clk)
        !reset |=> ((d_out_1 == 1'b0) && (d_out_2 == 1'b0))
    );"
03152,nand2_en,assert,"// EN high with A low must force Z low.
    check_en_high_a_low_forces_low: assert property (
        @(posedge clk) (EN && !A) |-> !Z
    );"
03152,nand2_en,assert,"// EN high with B low must force Z low.
    check_en_high_b_low_forces_low: assert property (
        @(posedge clk) (EN && !B) |-> !Z
    );"
03198,full_adder,assert,"// Sum matches the XOR of the three inputs.
    check_sum_matches_xor: assert property (
        @(posedge clk) S == (A ^ B ^ Ci)
    );"
03198,full_adder,assert,"// Carry-out matches the implemented carry equation.
    check_carry_matches_and_or: assert property (
        @(posedge clk) Co == ((A & B) | ((A ^ B) & Ci))
    );"
03198,full_adder,assert,"// Carry-out is high when both data inputs are high.
    check_carry_high_when_both_data_high: assert property (
        @(posedge clk) (A & B) |-> Co
    );"
03198,full_adder,assert,"// Carry-out is high when the two data inputs differ and carry-in is high.
    check_carry_high_when_data_differs_and_cin_high: assert property (
        @(posedge clk) ((A ^ B) & Ci) |-> Co
    );"
03198,full_adder,assert,"// Carry-out is low when the two data inputs differ and carry-in is low.
    check_carry_low_when_data_differs_and_cin_low: assert property (
        @(posedge clk) ((A ^ B) & !Ci) |-> !Co
    );"
03242,counter_4bit,assert,"// Reset clears the counter on the next clock.
    check_reset_clears_count: assert property (
        @(posedge clk) reset |=> (count == 4'h0)
    );"
03242,counter_4bit,assert,"// Reset has priority over enable.
    check_reset_priority_over_enable: assert property (
        @(posedge clk) (reset && enable) |=> (count == 4'h0)
    );"
03242,counter_4bit,assert,"// Enable increments the counter by one when not in reset.
    check_enable_increments_count: assert property (
        @(posedge clk) disable iff (reset) enable |=> (count == ($past(count) + 4'd1))
    );"
03242,counter_4bit,assert,"// The counter holds its value when enable is low.
    check_hold_when_disabled: assert property (
        @(posedge clk) disable iff (reset) !enable |=> (count == $past(count))
    );"
03242,counter_4bit,assert,"// The counter wraps from 15 back to 0 when enabled.
    check_wrap_from_max: assert property (
        @(posedge clk) disable iff (reset) (enable && (count == 4'hF)) |=> (count == 4'h0)
    );"
03264,up_down_counter,assert,"// Active-low clear forces the counter to zero.
    check_clear_forces_zero: assert property (
        @(posedge clk) !clear |-> (count_out == 4'b0000)
    );"
03264,up_down_counter,assert,"// Load updates the counter with data_in on the next clock.
    check_load_updates_count: assert property (
        @(posedge clk) disable iff (!clear)
        load |=> (count_out == $past(data_in))
    );"
03264,up_down_counter,assert,"// Load has priority over up_down when both are asserted.
    check_load_priority_over_count: assert property (
        @(posedge clk) disable iff (!clear)
        (load && up_down) |=> (count_out == $past(data_in))
    );"
03264,up_down_counter,assert,"// Count increments by one when load is low and up_down is high.
    check_increment_when_up: assert property (
        @(posedge clk) disable iff (!clear)
        (!load && up_down) |=> (count_out == ($past(count_out) + 4'b0001))
    );"
03264,up_down_counter,assert,"// Count decrements by one when load is low and up_down is low.
    check_decrement_when_down: assert property (
        @(posedge clk) disable iff (!clear)
        (!load && !up_down) |=> (count_out == ($past(count_out) - 4'b0001))
    );"
03274,dffr,assert,"// Active-low reset forces Q low.
    check_reset_forces_q_low: assert property (
        @(posedge C) !R |-> (Q == 1'b0)
    );"
03274,dffr,assert,"// A sampled reset cycle leaves Q low on the next clock sample.
    check_reset_cycle_keeps_q_low: assert property (
        @(posedge C) (!R ##1 R) |-> (Q == 1'b0)
    );"
03274,dffr,assert,"// With reset inactive, Q matches the previous cycle's D value.
    check_q_follows_previous_d: assert property (
        @(posedge C) disable iff (!R) 1'b1 |=> (Q == $past(D))
    );"
03285,johnson_counter,assert,"// Reset forces the counter to 000 on the next clock.
    check_reset_clears_out: assert property (
        @(posedge clk) reset |=> (out == 3'b000)
    );"
03285,johnson_counter,assert,"// 001 advances to 010 on the next active cycle.
    check_state_001_to_010: assert property (
        @(posedge clk) disable iff (reset) (out == 3'b001) |=> (out == 3'b010)
    );"
03286,EX_ME,assert,"// Reset clears all stored outputs.
    check_reset_clears_outputs: assert property (
        @(posedge clk)
        rst |-> ((me_aluresult == 32'd0) &&
                 (me_d2         == 32'd0) &&
                 (me_td         == 5'd0)  &&
                 (me_WREG       == 1'b0)  &&
                 (me_WMEM       == 1'b0)  &&
                 (me_LW         == 1'b0)  &&
                 (me_instr      == 32'h20))
    );"
03286,EX_ME,assert,"// me_aluresult captures ex_aluresult on each non-reset cycle.
    check_aluresult_captured: assert property (
        @(posedge clk) disable iff (rst)
        1'b1 |=> (me_aluresult == $past(ex_aluresult))
    );"
03286,EX_ME,assert,"// me_d2 captures ex_d2 on each non-reset cycle.
    check_d2_captured: assert property (
        @(posedge clk) disable iff (rst)
        1'b1 |=> (me_d2 == $past(ex_d2))
    );"
03286,EX_ME,assert,"// me_td captures ex_td on each non-reset cycle.
    check_td_captured: assert property (
        @(posedge clk) disable iff (rst)
        1'b1 |=> (me_td == $past(ex_td))
    );"
03286,EX_ME,assert,"// me_WREG captures ex_WREG on each non-reset cycle.
    check_wreg_captured: assert property (
        @(posedge clk) disable iff (rst)
        1'b1 |=> (me_WREG == $past(ex_WREG))
    );"
03286,EX_ME,assert,"// me_WMEM captures ex_WMEM on each non-reset cycle.
    check_wmem_captured: assert property (
        @(posedge clk) disable iff (rst)
        1'b1 |=> (me_WMEM == $past(ex_WMEM))
    );"
03286,EX_ME,assert,"// me_LW captures ex_LW on each non-reset cycle.
    check_lw_captured: assert property (
        @(posedge clk) disable iff (rst)
        1'b1 |=> (me_LW == $past(ex_LW))
    );"
03286,EX_ME,assert,"// me_instr captures ex_instr on each non-reset cycle.
    check_instr_captured: assert property (
        @(posedge clk) disable iff (rst)
        1'b1 |=> (me_instr == $past(ex_instr))
    );"
03326,sky130_fd_sc_hdll__or4bb,assert,"// X matches the implemented OR-of-three function.
    check_x_matches_implemented_function: assert property (
        @(posedge clk) X == (A | B | ~(C_N & D_N))
    );"
03326,sky130_fd_sc_hdll__or4bb,assert,"// A high forces X high.
    check_a_high_forces_x_high: assert property (
        @(posedge clk) A |-> X
    );"
03326,sky130_fd_sc_hdll__or4bb,assert,"// B high forces X high.
    check_b_high_forces_x_high: assert property (
        @(posedge clk) B |-> X
    );"
03326,sky130_fd_sc_hdll__or4bb,assert,"// With A and B low, X reduces to the NAND of C_N and D_N.
    check_ab_low_reduces_to_c_n_and_d_n_nand: assert property (
        @(posedge clk) (!A && !B) |-> (X == ~(C_N & D_N))
    );"
03334,four_bit_adder,assert,"// Sum and Cout are the registered 5-bit result of A + B + Cin.
    check_registered_result: assert property (
        @(posedge Clock) 1'b1 |=> ({Cout, Sum} == ({1'b0, $past(A)} + {1'b0, $past(B)} + $past(Cin)))
    );"
03334,four_bit_adder,assert,"// Sum is the low 4 bits of the registered result.
    check_sum_matches_result: assert property (
        @(posedge Clock) 1'b1 |=> (Sum == ($past(A) + $past(B) + $past(Cin)))
    );"
03334,four_bit_adder,assert,"// Cout is the carry-out bit of the registered result.
    check_cout_matches_result: assert property (
        @(posedge Clock) 1'b1 |=> (Cout == (({1'b0, $past(A)} + {1'b0, $past(B)} + $past(Cin)) >= 5'd16))
    );"
03334,four_bit_adder,assert,"// Adding zero with no carry-in leaves the inputs unchanged.
    check_zero_addition: assert property (
        @(posedge Clock) (B == 4'h0 && Cin == 1'b0) |=> ({Cout, Sum} == {1'b0, $past(A)})
    );"
03334,four_bit_adder,assert,"// A carry-in increments the zero result by one.
    check_cin_increments_zero: assert property (
        @(posedge Clock) (A == 4'h0 && B == 4'h0 && Cin == 1'b1) |=> ({Cout, Sum} == 5'h01)
    );"
03334,four_bit_adder,assert,"// The maximum input combination produces the maximum 5-bit result.
    check_max_input_case: assert property (
        @(posedge Clock) (A == 4'hF && B == 4'hF && Cin == 1'b1) |=> ({Cout, Sum} == 5'h1F)
    );"
03345,sky130_fd_sc_hvl__a21oi,assert,"// Y matches the implemented A21OI function.
    check_function_equivalence: assert property (
        @(posedge clk) Y == ~(B1 | (A1 & A2))
    );"
03345,sky130_fd_sc_hvl__a21oi,assert,"// B1 high forces the NOR output low.
    check_b1_forces_y_low: assert property (
        @(posedge clk) B1 |-> !Y
    );"
03345,sky130_fd_sc_hvl__a21oi,assert,"// A1 and A2 high together force the AND term high and Y low.
    check_a1_a2_force_y_low: assert property (
        @(posedge clk) (A1 && A2) |-> !Y
    );"
03345,sky130_fd_sc_hvl__a21oi,assert,"// With B1 low and A1 low, the AND term is low and Y is high.
    check_b1_low_a1_low_y_high: assert property (
        @(posedge clk) (!B1 && !A1) |-> Y
    );"
03345,sky130_fd_sc_hvl__a21oi,assert,"// With B1 low and A2 low, the AND term is low and Y is high.
    check_b1_low_a2_low_y_high: assert property (
        @(posedge clk) (!B1 && !A2) |-> Y
    );"
03395,AND3,assert,"// Z must equal the AND of A, B, and C.
    check_and_function: assert property (
        @(posedge clk) Z == (A & B & C)
    );"
03395,AND3,assert,"// All three high inputs must drive Z high.
    check_all_inputs_high_drive_output_high: assert property (
        @(posedge clk) (A && B && C) |-> Z
    );"
03395,AND3,assert,"// A low input must force Z low.
    check_a_low_forces_output_low: assert property (
        @(posedge clk) !A |-> !Z
    );"
03395,AND3,assert,"// B low input must force Z low.
    check_b_low_forces_output_low: assert property (
        @(posedge clk) !B |-> !Z
    );"
03395,AND3,assert,"// C low input must force Z low.
    check_c_low_forces_output_low: assert property (
        @(posedge clk) !C |-> !Z
    );"
03434,top_module,assert,"// out_mux selects data0 when sel is 0.
    check_out_mux_sel_0: assert property (
        @(posedge clk) (sel == 3'd0) |-> (out_mux == data0)
    );"
03434,top_module,assert,"// out_mux selects data1 when sel is 1.
    check_out_mux_sel_1: assert property (
        @(posedge clk) (sel == 3'd1) |-> (out_mux == data1)
    );"
03434,top_module,assert,"// out_mux selects data2 when sel is 2.
    check_out_mux_sel_2: assert property (
        @(posedge clk) (sel == 3'd2) |-> (out_mux == data2)
    );"
03434,top_module,assert,"// out_mux selects data3 when sel is 3.
    check_out_mux_sel_3: assert property (
        @(posedge clk) (sel == 3'd3) |-> (out_mux == data3)
    );"
03434,top_module,assert,"// out_mux selects data4 when sel is 4.
    check_out_mux_sel_4: assert property (
        @(posedge clk) (sel == 3'd4) |-> (out_mux == data4)
    );"
03434,top_module,assert,"// out_mux selects data5 when sel is 5.
    check_out_mux_sel_5: assert property (
        @(posedge clk) (sel == 3'd5) |-> (out_mux == data5)
    );"
03434,top_module,assert,"// out_mux drives zero when sel is 6 or 7.
    check_out_mux_default_zero: assert property (
        @(posedge clk) (sel >= 3'd6) |-> (out_mux == 4'b0000)
    );"
03434,top_module,assert,"// out_3bit mirrors sel.
    check_out_3bit_matches_sel: assert property (
        @(posedge clk) out_3bit == sel
    );"
03434,top_module,assert,"// o2 is the MSB of sel.
    check_o2_matches_sel_msb: assert property (
        @(posedge clk) o2 == sel[2]
    );"
03434,top_module,assert,"// o1 is the middle bit of sel.
    check_o1_matches_sel_mid: assert property (
        @(posedge clk) o1 == sel[1]
    );"
03434,top_module,assert,"// o0 is the LSB of sel.
    check_o0_matches_sel_lsb: assert property (
        @(posedge clk) o0 == sel[0]
    );"
03456,shift_register_4bit,assert,"// Load captures the input vector into the register on the next cycle.
    check_load_captures_input: assert property (
        @(posedge clk) load |=> (out == $past(in))
    );"
03456,shift_register_4bit,assert,"// When not loading, the register rotates left by one bit.
    check_shift_rotates_register: assert property (
        @(posedge clk) !load |=> (out == { $past(out[2:0]), $past(out[3]) })
    );"
03456,shift_register_4bit,assert,"// The serial output is the previous cycle's MSB.
    check_serial_output_tracks_msb: assert property (
        @(posedge clk) 1'b1 |=> (ser_out == $past(out[3]))
    );"
03465,sky130_fd_sc_hvl__a22o,assert,"// X must match the RTL Boolean equation.
    check_x_matches_rtl_equation: assert property (
        @(posedge clk)
        X == ((A1 & A2 & ~B1 & ~B2) | (~A1 & ~A2 & B1 & B2))
    );"
03465,sky130_fd_sc_hvl__a22o,assert,"// When both A inputs are high and both B inputs are low, X must be high.
    check_x_high_when_a1_a2_high_and_b1_b2_low: assert property (
        @(posedge clk)
        (A1 & A2 & ~B1 & ~B2) |-> X
    );"
03465,sky130_fd_sc_hvl__a22o,assert,"// When both A inputs are low and both B inputs are high, X must be high.
    check_x_high_when_a1_a2_low_and_b1_b2_high: assert property (
        @(posedge clk)
        (~A1 & ~A2 & B1 & B2) |-> X
    );"
03465,sky130_fd_sc_hvl__a22o,assert,"// When the A and B input patterns do not match, X must be low.
    check_x_low_when_inputs_do_not_match: assert property (
        @(posedge clk)
        (!((A1 & A2 & ~B1 & ~B2) | (~A1 & ~A2 & B1 & B2))) |-> !X
    );"
03469,mux_4to1,assert,"// SEL=00 routes A to Y.
    check_sel_00_routes_a: assert property (
        @(posedge clk) (SEL == 2'b00) |-> (Y == A)
    );"
03469,mux_4to1,assert,"// SEL=01 routes B to Y.
    check_sel_01_routes_b: assert property (
        @(posedge clk) (SEL == 2'b01) |-> (Y == B)
    );"
03469,mux_4to1,assert,"// SEL=10 routes C to Y.
    check_sel_10_routes_c: assert property (
        @(posedge clk) (SEL == 2'b10) |-> (Y == C)
    );"
03469,mux_4to1,assert,"// SEL=11 routes D to Y.
    check_sel_11_routes_d: assert property (
        @(posedge clk) (SEL == 2'b11) |-> (Y == D)
    );"
03482,TLU,assert,"// Q holds its value when the enable input is low.
    check_hold_when_disabled: assert property (
        @(posedge CK) !EN |=> (Q == $past(Q))
    );"
03482,TLU,assert,"// Q captures SE when the enable input is high.
    check_capture_when_enabled: assert property (
        @(posedge CK) EN |=> (Q == $past(SE))
    );"
03520,counter,assert,"// Reset forces the counter to zero.
    check_reset_clears_count: assert property (
        @(posedge clk) rst |-> (count == 8'h00)
    );"
03520,counter,assert,"// The first sampled cycle after reset deassertion still shows zero.
    check_post_reset_zero: assert property (
        @(posedge clk) disable iff (rst) $fell(rst) |-> (count == 8'h00)
    );"
03520,counter,assert,"// The first active cycle after reset deassertion increments to one.
    check_post_reset_increment: assert property (
        @(posedge clk) disable iff (rst) $fell(rst) |=> (count == 8'h01)
    );"
03520,counter,assert,"// The counter increments by one on each active clock.
    check_count_increments: assert property (
        @(posedge clk) disable iff (rst) 1'b1 |=> (count == ($past(count) + 8'd1))
    );"
03520,counter,assert,"// The 8-bit counter wraps from 255 back to 0.
    check_count_wraps: assert property (
        @(posedge clk) disable iff (rst) (count == 8'hFF) |=> (count == 8'h00)
    );"
03531,and_with_en,assert,"// out_valid is always equal to en.
    check_out_valid_matches_en: assert property (
        @(posedge clk) out_valid == en
    );"
03531,and_with_en,assert,"// out is high only when en is high and both inputs are high.
    check_out_matches_enabled_and: assert property (
        @(posedge clk) out == (en && in1 && in2)
    );"
03531,and_with_en,assert,"// out is low whenever en is low.
    check_out_low_when_en_low: assert property (
        @(posedge clk) !en |-> !out
    );"
03531,and_with_en,assert,"// out is low whenever in1 is low.
    check_out_low_when_in1_low: assert property (
        @(posedge clk) !in1 |-> !out
    );"
03531,and_with_en,assert,"// out is low whenever in2 is low.
    check_out_low_when_in2_low: assert property (
        @(posedge clk) !in2 |-> !out
    );"
03531,and_with_en,assert,"// out is high when en and both inputs are high.
    check_out_high_when_all_high: assert property (
        @(posedge clk) (en && in1 && in2) |-> out
    );"
03559,MUXCY,assert,"// O matches the implemented sum equation.
    check_o_matches_sum_equation: assert property (
        @(posedge clk) O == ((S & DI) | (~S & CI))
    );"
03559,MUXCY,assert,"// CO matches the implemented carry equation.
    check_co_matches_carry_equation: assert property (
        @(posedge clk) CO == (((CI & S) | (DI & (CI | S))))
    );"
03559,MUXCY,assert,"// When S is low, O follows CI.
    check_o_follows_ci_when_s_low: assert property (
        @(posedge clk) !S |-> (O == CI)
    );"
03559,MUXCY,assert,"// When S is high, O follows DI.
    check_o_follows_di_when_s_high: assert property (
        @(posedge clk) S |-> (O == DI)
    );"
03559,MUXCY,assert,"// With S low and CI low, O is low.
    check_o_low_when_s_low_and_ci_low: assert property (
        @(posedge clk) (!S && !CI) |-> !O
    );"
03559,MUXCY,assert,"// With S low and CI high, O is high.
    check_o_high_when_s_low_and_ci_high: assert property (
        @(posedge clk) (!S && CI) |-> O
    );"
03559,MUXCY,assert,"// With S high and DI low, O is low.
    check_o_low_when_s_high_and_di_low: assert property (
        @(posedge clk) (S && !DI) |-> !O
    );"
03559,MUXCY,assert,"// With S high and DI high, O is high.
    check_o_high_when_s_high_and_di_high: assert property (
        @(posedge clk) (S && DI) |-> O
    );"
03572,ClockGating,assert,"// ENCLK is low whenever reset is asserted.
    check_reset_clears_enclk: assert property (
        @(posedge CLK) RESET |-> (ENCLK == 1'b0)
    );"
03572,ClockGating,assert,"// ENCLK is low on the first clock after reset deasserts.
    check_reset_release_clears_enclk: assert property (
        @(posedge CLK) disable iff (RESET) $fell(RESET) |-> (ENCLK == 1'b0)
    );"
03588,bitwise_and,assert,"// C must equal the bitwise AND of A and B.
    check_output_matches_and: assert property (
        @(posedge clk) C == (A & B)
    );"
03588,bitwise_and,assert,"// C[0] must equal A[0] AND B[0].
    check_bit0_matches_and: assert property (
        @(posedge clk) C[0] == (A[0] & B[0])
    );"
03588,bitwise_and,assert,"// C[1] must equal A[1] AND B[1].
    check_bit1_matches_and: assert property (
        @(posedge clk) C[1] == (A[1] & B[1])
    );"
03588,bitwise_and,assert,"// C[2] must equal A[2] AND B[2].
    check_bit2_matches_and: assert property (
        @(posedge clk) C[2] == (A[2] & B[2])
    );"
03588,bitwise_and,assert,"// C[3] must equal A[3] AND B[3].
    check_bit3_matches_and: assert property (
        @(posedge clk) C[3] == (A[3] & B[3])
    );"
03588,bitwise_and,assert,"// C[4] must equal A[4] AND B[4].
    check_bit4_matches_and: assert property (
        @(posedge clk) C[4] == (A[4] & B[4])
    );"
03588,bitwise_and,assert,"// C[5] must equal A[5] AND B[5].
    check_bit5_matches_and: assert property (
        @(posedge clk) C[5] == (A[5] & B[5])
    );"
03588,bitwise_and,assert,"// C[6] must equal A[6] AND B[6].
    check_bit6_matches_and: assert property (
        @(posedge clk) C[6] == (A[6] & B[6])
    );"
03588,bitwise_and,assert,"// C[7] must equal A[7] AND B[7].
    check_bit7_matches_and: assert property (
        @(posedge clk) C[7] == (A[7] & B[7])
    );"
03619,binary_decoder_3to8,assert,"// Output is always one-hot or zero.
    check_out_onehot0: assert property (
        @(posedge clk) $onehot0(out)
    );"
03619,binary_decoder_3to8,assert,"// Input 000 decodes to bit 0.
    check_decode_000: assert property (
        @(posedge clk) (in == 3'b000) |-> (out == 8'b00000001)
    );"
03619,binary_decoder_3to8,assert,"// Input 001 decodes to bit 1.
    check_decode_001: assert property (
        @(posedge clk) (in == 3'b001) |-> (out == 8'b00000010)
    );"
03619,binary_decoder_3to8,assert,"// Input 010 decodes to bit 2.
    check_decode_010: assert property (
        @(posedge clk) (in == 3'b010) |-> (out == 8'b00000100)
    );"
03619,binary_decoder_3to8,assert,"// Input 011 decodes to bit 3.
    check_decode_011: assert property (
        @(posedge clk) (in == 3'b011) |-> (out == 8'b00001000)
    );"
03619,binary_decoder_3to8,assert,"// Input 100 decodes to bit 4.
    check_decode_100: assert property (
        @(posedge clk) (in == 3'b100) |-> (out == 8'b00010000)
    );"
03619,binary_decoder_3to8,assert,"// Input 101 decodes to bit 5.
    check_decode_101: assert property (
        @(posedge clk) (in == 3'b101) |-> (out == 8'b00100000)
    );"
03619,binary_decoder_3to8,assert,"// Input 110 decodes to bit 6.
    check_decode_110: assert property (
        @(posedge clk) (in == 3'b110) |-> (out == 8'b01000000)
    );"
03619,binary_decoder_3to8,assert,"// Input 111 decodes to bit 7.
    check_decode_111: assert property (
        @(posedge clk) (in == 3'b111) |-> (out == 8'b10000000)
    );"
03630,multi_input_module,assert,"// X must match the RTL OR-of-products equation.
    check_x_matches_rtl_equation: assert property (
        @(posedge clk)
        X == ((A1 & A2 & A3) |
              (A1 & A2 & A4) |
              (A1 & A3 & A4) |
              (A2 & A3 & A4) |
              (A1 & A2 & B1) |
              (A1 & A3 & B1) |
              (A1 & A4 & B1) |
              (A2 & A3 & B1) |
              (A2 & A4 & B1) |
              (A3 & A4 & B1))
    );"
03630,multi_input_module,assert,"// A1, A2, and A3 high must drive X high.
    check_a1_a2_a3_sets_x: assert property (
        @(posedge clk)
        (A1 & A2 & A3) |-> X
    );"
03630,multi_input_module,assert,"// A1, A2, and A4 high must drive X high.
    check_a1_a2_a4_sets_x: assert property (
        @(posedge clk)
        (A1 & A2 & A4) |-> X
    );"
03630,multi_input_module,assert,"// A1, A3, and A4 high must drive X high.
    check_a1_a3_a4_sets_x: assert property (
        @(posedge clk)
        (A1 & A3 & A4) |-> X
    );"
03630,multi_input_module,assert,"// A2, A3, and A4 high must drive X high.
    check_a2_a3_a4_sets_x: assert property (
        @(posedge clk)
        (A2 & A3 & A4) |-> X
    );"
03630,multi_input_module,assert,"// A1, A2, and B1 high must drive X high.
    check_a1_a2_b1_sets_x: assert property (
        @(posedge clk)
        (A1 & A2 & B1) |-> X
    );"
03630,multi_input_module,assert,"// A1, A3, and B1 high must drive X high.
    check_a1_a3_b1_sets_x: assert property (
        @(posedge clk)
        (A1 & A3 & B1) |-> X
    );"
03630,multi_input_module,assert,"// A1, A4, and B1 high must drive X high.
    check_a1_a4_b1_sets_x: assert property (
        @(posedge clk)
        (A1 & A4 & B1) |-> X
    );"
03630,multi_input_module,assert,"// A2, A3, and B1 high must drive X high.
    check_a2_a3_b1_sets_x: assert property (
        @(posedge clk)
        (A2 & A3 & B1) |-> X
    );"
03630,multi_input_module,assert,"// A2, A4, and B1 high must drive X high.
    check_a2_a4_b1_sets_x: assert property (
        @(posedge clk)
        (A2 & A4 & B1) |-> X
    );"
03630,multi_input_module,assert,"// A3, A4, and B1 high must drive X high.
    check_a3_a4_b1_sets_x: assert property (
        @(posedge clk)
        (A3 & A4 & B1) |-> X
    );"
03630,multi_input_module,assert,"// X must be low when no product term is true.
    check_x_low_when_no_product_true: assert property (
        @(posedge clk)
        !((A1 & A2 & A3) |
          (A1 & A2 & A4) |
          (A1 & A3 & A4) |
          (A2 & A3 & A4) |
          (A1 & A2 & B1) |
          (A1 & A3 & B1) |
          (A1 & A4 & B1) |
          (A2 & A3 & B1) |
          (A2 & A4 & B1) |
          (A3 & A4 & B1)) |-> !X
    );"
03675,ternary_add,assert,"// In sign-extended mode, o must equal the 3-bit sum of the sign-extended inputs.
    check_sign_extended_sum: assert property (
        @(posedge clk) disable iff (1'b0)
        SIGN_EXT |-> (o == {1'b0, a[WIDTH-1], a[WIDTH-2], a[WIDTH-3]} +
                           {1'b0, b[WIDTH-1], b[WIDTH-2], b[WIDTH-3]} +
                           {1'b0, c[WIDTH-1], c[WIDTH-2], c[WIDTH-3]})
    );"
03675,ternary_add,assert,"// In sign-extended mode, the upper two output bits must be zero.
    check_sign_extended_upper_bits_zero: assert property (
        @(posedge clk) disable iff (1'b0)
        SIGN_EXT |-> (o[WIDTH+1:WIDTH] == 2'b00)
    );"
03675,ternary_add,assert,"// In sign-extended mode, the least-significant output bit must match a[WIDTH-3].
    check_sign_extended_lsb_from_a: assert property (
        @(posedge clk) disable iff (1'b0)
        SIGN_EXT |-> (o[0] == a[WIDTH-3])
    );"
03714,dffl_64,assert,"// Reset clears q on the next clock.
    check_reset_clears_q: assert property (
        @(posedge clk) rst |=> (q == 64'h0000000000000000)
    );"
03714,dffl_64,assert,"// Reset has priority over load when both are asserted.
    check_reset_priority_over_load: assert property (
        @(posedge clk) (rst && ld) |=> (q == 64'h0000000000000000)
    );"
03714,dffl_64,assert,"// Load captures d when reset is low.
    check_load_captures_d: assert property (
        @(posedge clk) disable iff (rst) ld |=> (q == $past(d))
    );"
03714,dffl_64,assert,"// q holds its value when neither reset nor load is asserted.
    check_hold_when_idle: assert property (
        @(posedge clk) disable iff (rst) (!ld) |=> (q == $past(q))
    );"
03716,limbus_cpu_cpu_nios2_oci_dtrace,assert,"// Reset clears both trace outputs.
    check_reset_clears_outputs: assert property (
        @(posedge clk) !jrst_n |-> (atm == 36'h0) && (dtm == 36'h0)
    );"
03716,limbus_cpu_cpu_nios2_oci_dtrace,assert,"// A read cycle captures the address and read data.
    check_read_capture: assert property (
        @(posedge clk) disable iff (!jrst_n)
        cpu_d_read |=> (atm == {21'h0, $past(cpu_d_address)}) &&
                      (dtm == {32'h0, $past(cpu_d_readdata)})
    );"
03716,limbus_cpu_cpu_nios2_oci_dtrace,assert,"// A read and write cycle prioritize the read capture.
    check_read_over_write_priority: assert property (
        @(posedge clk) disable iff (!jrst_n)
        (cpu_d_read && cpu_d_write) |=> (atm == {21'h0, $past(cpu_d_address)}) &&
                                      (dtm == {32'h0, $past(cpu_d_readdata)})
    );"
03716,limbus_cpu_cpu_nios2_oci_dtrace,assert,"// Without a read, write, or wait, the outputs hold their values.
    check_idle_holds_outputs: assert property (
        @(posedge clk) disable iff (!jrst_n)
        (!cpu_d_read && !cpu_d_write && !cpu_d_wait) |=> $stable({atm, dtm})
    );"
03727,mdc_mdio,assert,"// speed_select is loaded from data_in_r[16:15] on the final data sample.
    check_speed_select_load_on_final_sample: assert property (
        @(posedge mdio_mdc)
        (current_state == IDLE) && (data_counter == 6'h1f) &&
        (&data_in) && (data_in[31] == 1'b0) && (data_in[29:28] == 2'b10) &&
        (data_in[27:23] == 5'h10) && (data_in[22:18] == 5'h11)
        |=> (speed_select == $past(data_in_r[16:15]))
    );"
03727,mdc_mdio,assert,"// duplex_mode is loaded from data_in_r[14] on the final data sample.
    check_duplex_mode_load_on_final_sample: assert property (
        @(posedge mdio_mdc)
        (current_state == IDLE) && (data_counter == 6'h1f) &&
        (&data_in) && (data_in[31] == 1'b0) && (data_in[29:28] == 2'b10) &&
        (data_in[27:23] == 5'h10) && (data_in[22:18] == 5'h11)
        |=> (duplex_mode == $past(data_in_r[14]))
    );"
03730,d_to_t_ff,assert,"// A low q forces q low on the next cycle.
    check_q_low_forces_q_low: assert property (
        @(posedge clk) !q |=> !q
    );"
03745,counter_4bit_sync_reset,assert,"// Reset forces Q to zero on the next clock.
    check_reset_clears_q: assert property (
        @(posedge CK) RST |=> (Q == 4'h0)
    );"
03745,counter_4bit_sync_reset,assert,"// When not in reset, Q increments by one each clock.
    check_increment_when_not_reset: assert property (
        @(posedge CK) disable iff (RST) 1'b1 |=> (Q == ($past(Q) + 4'd1))
    );"
03745,counter_4bit_sync_reset,assert,"// The counter wraps from 15 back to 0.
    check_wrap_from_max: assert property (
        @(posedge CK) disable iff (RST) (Q == 4'hF) |=> (Q == 4'h0)
    );"
03754,sky130_fd_sc_ms__nand2b,assert,"// Y matches the implemented NOT-OR function.
    check_output_function: assert property (
        @(posedge clk) Y == (A_N | ~B)
    );"
03754,sky130_fd_sc_ms__nand2b,assert,"// A_N high forces Y high.
    check_a_n_high_forces_y_high: assert property (
        @(posedge clk) A_N |-> Y
    );"
03754,sky130_fd_sc_ms__nand2b,assert,"// B low forces Y high.
    check_b_low_forces_y_high: assert property (
        @(posedge clk) !B |-> Y
    );"
03754,sky130_fd_sc_ms__nand2b,assert,"// A_N low with B high forces Y low.
    check_low_input_combination_forces_y_low: assert property (
        @(posedge clk) (!A_N && B) |-> !Y
    );"
03754,sky130_fd_sc_ms__nand2b,assert,"// Y low implies the low-input combination is active.
    check_y_low_implies_low_input_combination: assert property (
        @(posedge clk) !Y |-> (!A_N && B)
    );"
03758,autoasciienum_onehot,assert,"// Reset forces the FSM into IDLE.
    check_reset_state: assert property (
        @(posedge clk) !rst_n |-> (cur_state == 5'h1)
    );"
03758,autoasciienum_onehot,assert,"// Reset forces the ASCII decode to ""idle"".
    check_reset_ascii: assert property (
        @(posedge clk) !rst_n |-> (cur_state_ascii == ""idle"")
    );"
03789,arithmetic_logic_unit,assert,"// AND operations drive the AND of a and b.
    check_and_operation: assert property (
        @(posedge clk)
        ((aluc == 4'b0001) || (aluc == 4'b1001)) |-> (result == (a & b))
    );"
03789,arithmetic_logic_unit,assert,"// OR operations drive the OR of a and b.
    check_or_operation: assert property (
        @(posedge clk)
        ((aluc == 4'b0101) || (aluc == 4'b1101)) |-> (result == (a | b))
    );"
03789,arithmetic_logic_unit,assert,"// XOR operations drive the XOR of a and b.
    check_xor_operation: assert property (
        @(posedge clk)
        ((aluc == 4'b1010) || (aluc == 4'b0010)) |-> (result == (a ^ b))
    );"
03789,arithmetic_logic_unit,assert,"// LUI operations drive the upper 16 bits of b.
    check_lui_operation: assert property (
        @(posedge clk)
        ((aluc == 4'b0110) || (aluc == 4'b1110)) |-> (result == {16'b0, b[15:0]})
    );"
03789,arithmetic_logic_unit,assert,"// ADD operations drive the 32-bit sum of a and b.
    check_add_operation: assert property (
        @(posedge clk)
        ((aluc == 4'b0000) || (aluc == 4'b1000)) |-> (result == (a + b))
    );"
03789,arithmetic_logic_unit,assert,"// SUB operations drive the 32-bit difference of a and b.
    check_sub_operation: assert property (
        @(posedge clk)
        ((aluc == 4'b0100) || (aluc == 4'b1100)) |-> (result == (a - b))
    );"
03789,arithmetic_logic_unit,assert,"// SLL operations drive b shifted left by a.
    check_sll_operation: assert property (
        @(posedge clk)
        (aluc == 4'b0011) |-> (result == (b << a))
    );"
03789,arithmetic_logic_unit,assert,"// SRL operations drive b shifted right by a.
    check_srl_operation: assert property (
        @(posedge clk)
        (aluc == 4'b0111) |-> (result == (b >> a))
    );"
03789,arithmetic_logic_unit,assert,"// Unlisted ALU codes default to ADD behavior.
    check_default_add_operation: assert property (
        @(posedge clk)
        !((aluc == 4'b0001) || (aluc == 4'b1001) ||
          (aluc == 4'b0101) || (aluc == 4'b1101) ||
          (aluc == 4'b1010) || (aluc == 4'b0010) ||
          (aluc == 4'b0110) || (aluc == 4'b1110) ||
          (aluc == 4'b0000) || (aluc == 4'b1000) ||
          (aluc == 4'b0100) || (aluc == 4'b1100) ||
          (aluc == 4'b0011) || (aluc == 4'b0111) ||
          (aluc == 4'b1111)) |-> (result == (a + b))
    );"
03805,Test6,assert,"// When OE is high, Z10[1:0] must be 10.
    check_oe_high_lower_pair: assert property (
        @(posedge clk) OE |-> (Z10[1:0] == 2'b10)
    );"
03805,Test6,assert,"// When OE is low, Z10[1:0] must be 01.
    check_oe_low_lower_pair: assert property (
        @(posedge clk) !OE |-> (Z10[1:0] == 2'b01)
    );"
03805,Test6,assert,"// When OE is high, Z10[3:2] must be 01.
    check_oe_high_upper_pair: assert property (
        @(posedge clk) OE |-> (Z10[3:2] == 2'b01)
    );"
03805,Test6,assert,"// When OE is low, Z10[3:2] must be 10.
    check_oe_low_upper_pair: assert property (
        @(posedge clk) !OE |-> (Z10[3:2] == 2'b10)
    );"
03805,Test6,assert,"// The lower pair must always be the inverse of the upper pair.
    check_lower_pair_inverts_upper_pair: assert property (
        @(posedge clk) (Z10[1:0] == ~Z10[3:2])
    );"
03834,barrel_shifter,assert,"// A=00 passes D through unchanged.
    check_shift_00_passthrough: assert property (
        @(posedge clk) (A == 2'b00) |-> (S == D)
    );"
03834,barrel_shifter,assert,"// A=01 shifts D left by one and inserts 0 in bit 0.
    check_shift_01_left1_zero: assert property (
        @(posedge clk) (A == 2'b01) |-> (S == {D[2:0], 1'b0})
    );"
03834,barrel_shifter,assert,"// A=10 shifts D left by two and inserts 00 in bits [1:0].
    check_shift_10_left2_zero: assert property (
        @(posedge clk) (A == 2'b10) |-> (S == {D[1:0], 2'b00})
    );"
03834,barrel_shifter,assert,"// A=11 shifts D left by three and inserts 000 in bits [2:0].
    check_shift_11_left3_zero: assert property (
        @(posedge clk) (A == 2'b11) |-> (S == {D[0], 3'b000})
    );"
03855,sky130_fd_sc_ls__clkinv,assert,"// Y must always be the logical inverse of A.
    check_inverter_function: assert property (
        @(posedge clk) Y === ~A
    );"
03855,sky130_fd_sc_ls__clkinv,assert,"// A low input must produce a high output.
    check_low_input_high_output: assert property (
        @(posedge clk) (A === 1'b0) |-> (Y === 1'b1)
    );"
03855,sky130_fd_sc_ls__clkinv,assert,"// A high input must produce a low output.
    check_high_input_low_output: assert property (
        @(posedge clk) (A === 1'b1) |-> (Y === 1'b0)
    );"
03874,NAND4AND2,assert,"// Z[0] and Z[1] are complementary.
    check_outputs_are_complementary: assert property (
        @(posedge clk) Z[0] != Z[1]
    );"
03892,bin_counter,assert,"// Reset forces the counter to zero.
    check_reset_clears_count: assert property (
        @(posedge clk) reset |-> (count == 4'h0)
    );"
03892,bin_counter,assert,"// When enable is low, the counter holds its value.
    check_hold_when_disabled: assert property (
        @(posedge clk) disable iff (reset)
        !enable |=> (count == $past(count))
    );"
03892,bin_counter,assert,"// When enable is high, the counter increments by one.
    check_increment_when_enabled: assert property (
        @(posedge clk) disable iff (reset)
        enable |=> (count == ($past(count) + 4'd1))
    );"
03905,shift_register,assert,"// shifted_data[0] captures data[7] from the previous clock.
    check_shift_bit0_captures_data7: assert property (
        @(posedge clk) 1'b1 |=> (shifted_data[0] == $past(data[7]))
    );"
03905,shift_register,assert,"// shifted_data[1] shifts in the previous shifted_data[0].
    check_shift_bit1_captures_prev_bit0: assert property (
        @(posedge clk) 1'b1 |=> (shifted_data[1] == $past(shifted_data[0]))
    );"
03905,shift_register,assert,"// shifted_data[2] shifts in the previous shifted_data[1].
    check_shift_bit2_captures_prev_bit1: assert property (
        @(posedge clk) 1'b1 |=> (shifted_data[2] == $past(shifted_data[1]))
    );"
03905,shift_register,assert,"// shifted_data[3] shifts in the previous shifted_data[2].
    check_shift_bit3_captures_prev_bit2: assert property (
        @(posedge clk) 1'b1 |=> (shifted_data[3] == $past(shifted_data[2]))
    );"
03905,shift_register,assert,"// shifted_data[4] shifts in the previous shifted_data[3].
    check_shift_bit4_captures_prev_bit3: assert property (
        @(posedge clk) 1'b1 |=> (shifted_data[4] == $past(shifted_data[3]))
    );"
03905,shift_register,assert,"// shifted_data[5] shifts in the previous shifted_data[4].
    check_shift_bit5_captures_prev_bit4: assert property (
        @(posedge clk) 1'b1 |=> (shifted_data[5] == $past(shifted_data[4]))
    );"
03905,shift_register,assert,"// shifted_data[6] shifts in the previous shifted_data[5].
    check_shift_bit6_captures_prev_bit5: assert property (
        @(posedge clk) 1'b1 |=> (shifted_data[6] == $past(shifted_data[5]))
    );"
03905,shift_register,assert,"// shifted_data[7] shifts in the previous shifted_data[6].
    check_shift_bit7_captures_prev_bit6: assert property (
        @(posedge clk) 1'b1 |=> (shifted_data[7] == $past(shifted_data[6]))
    );"
03976,sky130_fd_sc_ms__o31ai,assert,"// Y matches the implemented OR-then-NAND function.
    check_output_function: assert property (
        @(posedge clk) Y == ~(B1 & (A1 | A2 | A3))
    );"
03976,sky130_fd_sc_ms__o31ai,assert,"// A low B1 forces the NAND output high.
    check_b1_low_forces_y_high: assert property (
        @(posedge clk) !B1 |-> Y
    );"
03976,sky130_fd_sc_ms__o31ai,assert,"// All A inputs low force the OR term low and Y high.
    check_all_a_low_forces_y_high: assert property (
        @(posedge clk) (!A1 && !A2 && !A3) |-> Y
    );"
03976,sky130_fd_sc_ms__o31ai,assert,"// A high B1 with any A input high forces Y low.
    check_active_inputs_force_y_low: assert property (
        @(posedge clk) (B1 && (A1 || A2 || A3)) |-> !Y
    );"
03976,sky130_fd_sc_ms__o31ai,assert,"// A low Y requires B1 to be high and at least one A input high.
    check_y_low_has_valid_cause: assert property (
        @(posedge clk) !Y |-> (B1 && (A1 || A2 || A3))
    );"
03981,DEMUX_3to8,assert,"// The outputs always match the selected input bit.
    check_selected_output_matches_input: assert property (
        @(posedge clk)
        $onehot({sel2, sel1, sel0}) |-> (
            (sel2 == 1'b0 && sel1 == 1'b0 && sel0 == 1'b0) ? (out0 == in) :
            (sel2 == 1'b0 && sel1 == 1'b0 && sel0 == 1'b1) ? (out1 == in) :
            (sel2 == 1'b0 && sel1 == 1'b1 && sel0 == 1'b0) ? (out2 == in) :
            (sel2 == 1'b0 && sel1 == 1'b1 && sel0 == 1'b1) ? (out3 == in) :
            (sel2 == 1'b1 && sel1 == 1'b0 && sel0 == 1'b0) ? (out4 == in) :
            (sel2 == 1'b1 && sel1 == 1'b0 && sel0 == 1'b1) ? (out5 == in) :
            (sel2 == 1'b1 && sel1 == 1'b1 && sel0 == 1'b0) ? (out6 == in) :
            (sel2 == 1'b1 && sel1 == 1'b1 && sel0 == 1'b1) ? (out7 == in) : 1'b1
        )
    );"
03986,simple_adder,assert,"// Reset clears C on the next clock.
    check_reset_clears_c: assert property (
        @(posedge clk) rst |=> (C == 8'h00)
    );"
03986,simple_adder,assert,"// Outside reset, C captures the previous cycle's A+B.
    check_c_captures_sum: assert property (
        @(posedge clk) disable iff (rst) 1'b1 |=> (C == ($past(A) + $past(B)))
    );"
04002,decoder,assert,"// O must always be one-hot or zero.
    check_output_onehot0: assert property (
        @(posedge clk) $onehot0(O)
    );"
04002,decoder,assert,"// When A and B are both low, only O0 is high.
    check_decode_00: assert property (
        @(posedge clk) ({A, B} == 2'b00) |-> (O == 16'h0001)
    );"
04002,decoder,assert,"// When A is low and B is high, only O1 is high.
    check_decode_01: assert property (
        @(posedge clk) ({A, B} == 2'b01) |-> (O == 16'h0002)
    );"
04002,decoder,assert,"// When A is high and B is low, only O2 is high.
    check_decode_10: assert property (
        @(posedge clk) ({A, B} == 2'b10) |-> (O == 16'h0004)
    );"
04002,decoder,assert,"// When A and B are both high, only O3 is high.
    check_decode_11: assert property (
        @(posedge clk) ({A, B} == 2'b11) |-> (O == 16'h0008)
    );"
04119,shift_register,assert,"// Active-low reset clears q to zero.
    check_reset_clears_q: assert property (
        @(posedge clk) !areset |-> (q == 4'b0000)
    );"
04119,shift_register,assert,"// Load updates q with data on the next clock.
    check_load_updates_q: assert property (
        @(posedge clk) disable iff (!areset)
        load |=> (q == $past(data))
    );"
04119,shift_register,assert,"// Load has priority over enable when both are asserted.
    check_load_priority_over_enable: assert property (
        @(posedge clk) disable iff (!areset)
        (load && ena) |=> (q == $past(data))
    );"
04119,shift_register,assert,"// Enable rotates q left by one bit when load is low.
    check_enable_rotates_q: assert property (
        @(posedge clk) disable iff (!areset)
        (!load && ena) |=> (q == { $past(q[2:0]), $past(q[3]) })
    );"
04119,shift_register,assert,"// With no load or enable, q holds its value.
    check_hold_when_idle: assert property (
        @(posedge clk) disable iff (!areset)
        (!load && !ena) |=> (q == $past(q))
    );"
04144,mux_2to1,assert,"// When sel is low, out must equal a.
    check_sel_low_routes_a: assert property (
        @(posedge clk) (sel == 1'b0) |-> (out == a)
    );"
04144,mux_2to1,assert,"// When sel is high, out must equal b.
    check_sel_high_routes_b: assert property (
        @(posedge clk) (sel == 1'b1) |-> (out == b)
    );"
04144,mux_2to1,assert,"// If both inputs are equal, out must match that common value.
    check_equal_inputs_passthrough: assert property (
        @(posedge clk) (a == b) |-> (out == a)
    );"
04174,mux4,assert,"// X must match the implemented mux equation.
    check_mux_equation: assert property (
        @(posedge clk)
        X == ((A0 & ~S0 & ~S1) | (A1 & S0 & ~S1) | (A2 & ~S0 & S1) | (A3 & S0 & S1))
    );"
04222,sky130_fd_sc_ls__ha,assert,"// SUM is the XOR of A and B.
    check_sum_is_xor: assert property (
        @(posedge clk) SUM == (A ^ B)
    );"
04222,sky130_fd_sc_ls__ha,assert,"// COUT is the AND of A and B.
    check_cout_is_and: assert property (
        @(posedge clk) COUT == (A & B)
    );"
04222,sky130_fd_sc_ls__ha,assert,"// Both low inputs produce a low sum and no carry.
    check_zero_inputs: assert property (
        @(posedge clk) (!A && !B) |-> (!SUM && !COUT)
    );"
04222,sky130_fd_sc_ls__ha,assert,"// A low and B high produce a high sum and no carry.
    check_a_low_b_high: assert property (
        @(posedge clk) (!A && B) |-> (SUM && !COUT)
    );"
04222,sky130_fd_sc_ls__ha,assert,"// A high and B low produce a high sum and no carry.
    check_a_high_b_low: assert property (
        @(posedge clk) (A && !B) |-> (SUM && !COUT)
    );"
04222,sky130_fd_sc_ls__ha,assert,"// Both high inputs produce a high carry and low sum.
    check_one_inputs: assert property (
        @(posedge clk) (A && B) |-> (COUT && !SUM)
    );"
04239,sky130_fd_sc_hd__xor2,assert,"// X must equal A XOR B.
    check_xor_function: assert property (
        @(posedge clk) X == (A ^ B)
    );"
04239,sky130_fd_sc_hd__xor2,assert,"// When A and B are equal, X must be low.
    check_equal_inputs_drive_low: assert property (
        @(posedge clk) (A == B) |-> (X == 1'b0)
    );"
04239,sky130_fd_sc_hd__xor2,assert,"// When A and B differ, X must be high.
    check_different_inputs_drive_high: assert property (
        @(posedge clk) (A != B) |-> (X == 1'b1)
    );"
04239,sky130_fd_sc_hd__xor2,assert,"// A high X means the inputs differ.
    check_high_output_means_inputs_differ: assert property (
        @(posedge clk) (X == 1'b1) |-> (A != B)
    );"
04239,sky130_fd_sc_hd__xor2,assert,"// A low X means the inputs are equal.
    check_low_output_means_inputs_equal: assert property (
        @(posedge clk) (X == 1'b0) |-> (A == B)
    );"
04282,my_module,assert,"// Y matches the implemented AND/NOR/BUF logic.
    check_y_matches_logic: assert property (
        @(posedge clk) Y == ~((A1 & A2 & B1) | (A1 & B1))
    );"
04282,my_module,assert,"// A1 low forces Y high.
    check_a1_low_forces_y_high: assert property (
        @(posedge clk) !A1 |-> Y
    );"
04282,my_module,assert,"// B1 low forces Y high.
    check_b1_low_forces_y_high: assert property (
        @(posedge clk) !B1 |-> Y
    );"
04282,my_module,assert,"// A1 and B1 high force Y low.
    check_a1_b1_high_force_y_low: assert property (
        @(posedge clk) (A1 & B1) |-> !Y
    );"
04282,my_module,assert,"// A1, A2, and B1 high force Y low.
    check_all_three_high_force_y_low: assert property (
        @(posedge clk) (A1 & A2 & B1) |-> !Y
    );"
04282,my_module,assert,"// A1 and A2 high with B1 low force Y high.
    check_a1_a2_high_b1_low_force_y_high: assert property (
        @(posedge clk) (A1 & A2 & !B1) |-> Y
    );"
04334,RCB_FRL_TrainingPattern,assert,"// Reset clears the output on the next clock.
    check_reset_clears_data_out: assert property (
        @(posedge CLK) RST |=> (DATA_OUT == 8'h00)
    );"
04350,matrix_multiplier,assert,"// Reset clears the stored partial products.
    check_reset_clears_result: assert property (
        @(posedge clk) reset |=> (result == 16'h0000)
    );"
04375,reverse_last_two_bits,assert,"// out[1] is the previous cycle's in[3].
    check_out1_matches_previous_in3: assert property (
        @(posedge clk) 1'b1 |=> (out[1] == $past(in[3]))
    );"
04393,omsp_sync_cell,assert,"// Reset clears the internal state and forces the output low.
    check_reset_clears_state: assert property (
        @(posedge clk) rst |-> ((data_sync == 2'b00) && (data_out == 1'b0))
    );"
04398,Sec6_SM,assert,"// Reset forces the state machine into S0.
    check_reset_state: assert property (
        @(posedge clk_i) !reset_n |-> (state == S0)
    );"
04398,Sec6_SM,assert,"// Reset forces the selected output to 000.
    check_reset_sel: assert property (
        @(posedge clk_i) !reset_n |-> (sel == 3'b000)
    );"
04417,barrel_shifter,assert,"// No RTL clock or reset; clk is a sampling clock for these checks.

    // shift_amount 00 passes data through unchanged.
    check_shift_00_passthrough: assert property (
        @(posedge clk) (shift_amount == 2'b00) |-> (result == data)
    );"
04417,barrel_shifter,assert,"// shift_amount 01 shifts data left by one and inserts 0 in bit 0.
    check_shift_01_left_by_one: assert property (
        @(posedge clk) (shift_amount == 2'b01) |-> (result == {data[2:0], 1'b0})
    );"
04417,barrel_shifter,assert,"// shift_amount 10 shifts data left by two and inserts 00 in bits [1:0].
    check_shift_10_left_by_two: assert property (
        @(posedge clk) (shift_amount == 2'b10) |-> (result == {data[1:0], 2'b00})
    );"
04417,barrel_shifter,assert,"// shift_amount 11 shifts data left by three and inserts 000 in bits [2:0].
    check_shift_11_left_by_three: assert property (
        @(posedge clk) (shift_amount == 2'b11) |-> (result == {data[0], 3'b000})
    );"
04428,comparator,assert,"// Result must be 00 when the inputs are equal.
    check_equal_maps_to_zero: assert property (
        @(posedge clk) (in0 == in1) |-> (result == 2'b00)
    );"
04428,comparator,assert,"// Result must be 01 when in0 is greater than in1.
    check_greater_maps_to_one: assert property (
        @(posedge clk) (in0 > in1) |-> (result == 2'b01)
    );"
04428,comparator,assert,"// Result must be 10 when in0 is less than in1.
    check_less_maps_to_two: assert property (
        @(posedge clk) (in0 < in1) |-> (result == 2'b10)
    );"
04428,comparator,assert,"// Result must never be 11.
    check_result_never_three: assert property (
        @(posedge clk) result != 2'b11
    );"
04428,comparator,assert,"// Result must match the RTL comparison function.
    check_result_matches_rtl_function: assert property (
        @(posedge clk) result == ((in0 > in1) ? 2'b01 : ((in0 < in1) ? 2'b10 : 2'b00))
    );"
04450,flip_flop,assert,"// Q follows D when DE is high.
    check_load_d_when_enabled: assert property (
        @(posedge CLK) DE |=> (Q == $past(D))
    );"
04450,flip_flop,assert,"// Q follows SCD when DE is low and SCE is high.
    check_load_scd_when_enabled: assert property (
        @(posedge CLK) (!DE && SCE) |=> (Q == $past(SCD))
    );"
04450,flip_flop,assert,"// Q holds its value when both enables are low.
    check_hold_when_disabled: assert property (
        @(posedge CLK) (!DE && !SCE) |=> (Q == $past(Q))
    );"
04469,sky130_fd_sc_ls__a32oi,assert,"// Y matches the implemented NAND/AND/buffer function.
    check_y_matches_function: assert property (
        @(posedge clk) Y == ((~(A2 & A1 & A3)) & (~(B2 & B1)))
    );"
04469,sky130_fd_sc_ls__a32oi,assert,"// All three A inputs high force Y low.
    check_a_triplet_forces_low: assert property (
        @(posedge clk) (A1 & A2 & A3) |-> !Y
    );"
04469,sky130_fd_sc_ls__a32oi,assert,"// All two B inputs high force Y low.
    check_b_pair_forces_low: assert property (
        @(posedge clk) (B1 & B2) |-> !Y
    );"
04469,sky130_fd_sc_ls__a32oi,assert,"// With no A-side high triplet and no B-side high pair, Y is high.
    check_no_active_inputs_drive_high: assert property (
        @(posedge clk) (!(A1 & A2 & A3) && !(B1 & B2)) |-> Y
    );"
04469,sky130_fd_sc_ls__a32oi,assert,"// A low Y must come from the A-side triplet or the B-side pair.
    check_low_output_has_cause: assert property (
        @(posedge clk) !Y |-> ((A1 & A2 & A3) || (B1 & B2))
    );"
04469,sky130_fd_sc_ls__a32oi,assert,"// A high Y means the A-side triplet is not active and the B-side pair is not active.
    check_high_output_means_no_active_inputs: assert property (
        @(posedge clk) Y |-> (!(A1 & A2 & A3) && !(B1 & B2))
    );"
04488,bcd_converter,assert,"// D=0 maps to BCD=00000000.
    check_map_d0: assert property (
        @(posedge clk) (D == 4'h0) |-> (BCD == 8'h00)
    );"
04488,bcd_converter,assert,"// D=1 maps to BCD=00000001.
    check_map_d1: assert property (
        @(posedge clk) (D == 4'h1) |-> (BCD == 8'h01)
    );"
04488,bcd_converter,assert,"// D=2 maps to BCD=00000010.
    check_map_d2: assert property (
        @(posedge clk) (D == 4'h2) |-> (BCD == 8'h02)
    );"
04488,bcd_converter,assert,"// D=3 maps to BCD=00000011.
    check_map_d3: assert property (
        @(posedge clk) (D == 4'h3) |-> (BCD == 8'h03)
    );"
04488,bcd_converter,assert,"// D=4 maps to BCD=00000100.
    check_map_d4: assert property (
        @(posedge clk) (D == 4'h4) |-> (BCD == 8'h04)
    );"
04488,bcd_converter,assert,"// D=5 maps to BCD=00000101.
    check_map_d5: assert property (
        @(posedge clk) (D == 4'h5) |-> (BCD == 8'h05)
    );"
04488,bcd_converter,assert,"// D=6 maps to BCD=00000110.
    check_map_d6: assert property (
        @(posedge clk) (D == 4'h6) |-> (BCD == 8'h06)
    );"
04488,bcd_converter,assert,"// D=7 maps to BCD=00000111.
    check_map_d7: assert property (
        @(posedge clk) (D == 4'h7) |-> (BCD == 8'h07)
    );"
04488,bcd_converter,assert,"// D=8 maps to BCD=00001000.
    check_map_d8: assert property (
        @(posedge clk) (D == 4'h8) |-> (BCD == 8'h08)
    );"
04488,bcd_converter,assert,"// D=9 maps to BCD=00001001.
    check_map_d9: assert property (
        @(posedge clk) (D == 4'h9) |-> (BCD == 8'h09)
    );"
04488,bcd_converter,assert,"// D=10 maps to BCD=00010000.
    check_map_d10: assert property (
        @(posedge clk) (D == 4'hA) |-> (BCD == 8'h10)
    );"
04488,bcd_converter,assert,"// D=11 maps to BCD=00010001.
    check_map_d11: assert property (
        @(posedge clk) (D == 4'hB) |-> (BCD == 8'h11)
    );"
04488,bcd_converter,assert,"// D=12 maps to BCD=00010010.
    check_map_d12: assert property (
        @(posedge clk) (D == 4'hC) |-> (BCD == 8'h12)
    );"
04488,bcd_converter,assert,"// D=13 maps to BCD=00010011.
    check_map_d13: assert property (
        @(posedge clk) (D == 4'hD) |-> (BCD == 8'h13)
    );"
04488,bcd_converter,assert,"// D=14 maps to BCD=00010100.
    check_map_d14: assert property (
        @(posedge clk) (D == 4'hE) |-> (BCD == 8'h14)
    );"
04488,bcd_converter,assert,"// D=15 maps to BCD=00010101.
    check_map_d15: assert property (
        @(posedge clk) (D == 4'hF) |-> (BCD == 8'h15)
    );"
04503,sky130_fd_sc_hd__fah,assert,"// SUM is the three-input XOR of A, B, and CI.
    check_sum_is_three_input_xor: assert property (
        @(posedge clk) SUM == (A ^ B ^ CI)
    );"
04503,sky130_fd_sc_hd__fah,assert,"// COUT is high when at least two inputs are high.
    check_cout_is_two_or_more_high: assert property (
        @(posedge clk) COUT == ((A & B) | (A & CI) | (B & CI))
    );"
04503,sky130_fd_sc_hd__fah,assert,"// COUT is low when fewer than two inputs are high.
    check_cout_is_zero_when_two_or_fewer_low: assert property (
        @(posedge clk) ((~A & ~B) | (~A & ~CI) | (~B & ~CI)) |-> !COUT
    );"
04503,sky130_fd_sc_hd__fah,assert,"// COUT is high when all three inputs are high.
    check_cout_is_one_when_all_high: assert property (
        @(posedge clk) (A & B & CI) |-> COUT
    );"
04503,sky130_fd_sc_hd__fah,assert,"// COUT is low when exactly one input is high.
    check_cout_is_zero_when_one_high: assert property (
        @(posedge clk) ((A & ~B & ~CI) | (~A & B & ~CI) | (~A & ~B & CI)) |-> !COUT
    );"
04503,sky130_fd_sc_hd__fah,assert,"// COUT is low when all three inputs are low.
    check_cout_is_zero_when_all_low: assert property (
        @(posedge clk) (~A & ~B & ~CI) |-> !COUT
    );"
04522,binary_counter,assert,"// Reset forces the counter to zero.
    check_reset_clears_count: assert property (
        @(posedge clk) reset |-> (count == 4'h0)
    );"
04522,binary_counter,assert,"// A terminal count wraps back to zero on the next clock.
    check_wrap_from_max: assert property (
        @(posedge clk) disable iff (reset)
        (count == 4'hF) |=> (count == 4'h0)
    );"
04522,binary_counter,assert,"// Non-terminal counts increment by one on the next clock.
    check_increment_from_nonmax: assert property (
        @(posedge clk) disable iff (reset)
        (count != 4'hF) |=> (count == ($past(count) + 4'h1))
    );"
04522,binary_counter,assert,"// The counter value is always zero or one more than the previous value.
    check_count_progression: assert property (
        @(posedge clk) disable iff (reset)
        1'b1 |=> ((count == 4'h0) || (count == ($past(count) + 4'h1)))
    );"
04541,twos_complement,assert,"// Y must always match the RTL's selected expression.
    check_output_matches_rtl: assert property (
        @(posedge clk) Y == (invert ? ~((~A) + 4'b0001) : ((~A) + 4'b0001))
    );"
04541,twos_complement,assert,"// In normal mode, Y must equal the inverted input plus one.
    check_normal_mode_output: assert property (
        @(posedge clk) !invert |-> (Y == ((~A) + 4'b0001))
    );"
04541,twos_complement,assert,"// In inverted mode, Y must equal the bitwise inverse of the inverted input plus one.
    check_inverted_mode_output: assert property (
        @(posedge clk) invert |-> (Y == ~((~A) + 4'b0001))
    );"
04541,twos_complement,assert,"// In normal mode, adding the output back to the input must wrap to zero.
    check_normal_mode_inverse_identity: assert property (
        @(posedge clk) !invert |-> ((Y + A) == 4'h0)
    );"
04543,my_nand2b,assert,"// A low A_N and high B force Y low.
    check_low_a_n_and_high_b_drive_y_low: assert property (
        @(posedge clk) (!A_N && B) |-> !Y
    );"
04562,mux4to1,assert,"// out must match the RTL mux equation.
    check_mux_equation: assert property (
        @(posedge clk)
        out == ((sel1 & sel0) ? in3 :
                ((sel1 & ~sel0) ? in2 :
                 ((~sel1 & sel0) ? in1 : in0)))
    );"
04562,mux4to1,assert,"// When sel1 and sel0 are both high, out must select in3.
    check_select_in3: assert property (
        @(posedge clk)
        (sel1 && sel0) |-> (out == in3)
    );"
04562,mux4to1,assert,"// When sel1 is high and sel0 is low, out must select in2.
    check_select_in2: assert property (
        @(posedge clk)
        (sel1 && !sel0) |-> (out == in2)
    );"
04562,mux4to1,assert,"// When sel1 is low and sel0 is high, out must select in1.
    check_select_in1: assert property (
        @(posedge clk)
        (!sel1 && sel0) |-> (out == in1)
    );"
04562,mux4to1,assert,"// When sel1 and sel0 are both low, out must select in0.
    check_select_in0: assert property (
        @(posedge clk)
        (!sel1 && !sel0) |-> (out == in0)
    );"
04586,l1_data_cache_64entry_4way_line64b_bus_8b_disable_cache,assert,"// oRD_BUSY is tied low.
    check_rd_busy_tied_low: assert property (
        @(posedge iCLOCK) disable iff (!inRESET) oRD_BUSY == 1'b0
    );"
04586,l1_data_cache_64entry_4way_line64b_bus_8b_disable_cache,assert,"// oRD_MMU_FLAGS is tied low.
    check_rd_mmu_flags_tied_low: assert property (
        @(posedge iCLOCK) disable iff (!inRESET) oRD_MMU_FLAGS == 12'h000
    );"
04586,l1_data_cache_64entry_4way_line64b_bus_8b_disable_cache,assert,"// oRD_VALID is cleared by reset, reset sync, or remove.
    check_rd_valid_clear_conditions: assert property (
        @(posedge iCLOCK) disable iff (!inRESET)
        (iRESET_SYNC || iREMOVE) |=> (oRD_VALID == 1'b0)
    );"
04586,l1_data_cache_64entry_4way_line64b_bus_8b_disable_cache,assert,"// oRD_VALID is set by a read request when no clear condition is active.
    check_rd_valid_set_condition: assert property (
        @(posedge iCLOCK) disable iff (!inRESET)
        (!iRESET_SYNC && !iREMOVE && iRD_REQ) |=> (oRD_VALID == 1'b1)
    );"
04586,l1_data_cache_64entry_4way_line64b_bus_8b_disable_cache,assert,"// oRD_HIT is tied low.
    check_rd_hit_tied_low: assert property (
        @(posedge iCLOCK) disable iff (!inRESET) oRD_HIT == 1'b0
    );"
04586,l1_data_cache_64entry_4way_line64b_bus_8b_disable_cache,assert,"// oRD_DATA is tied low.
    check_rd_data_tied_low: assert property (
        @(posedge iCLOCK) disable iff (!inRESET) oRD_DATA == 32'h0
    );"
04586,l1_data_cache_64entry_4way_line64b_bus_8b_disable_cache,assert,"// oUP_BUSY is tied low.
    check_up_busy_tied_low: assert property (
        @(posedge iCLOCK) disable iff (!inRESET) oUP_BUSY == 1'b0
    );"
04586,l1_data_cache_64entry_4way_line64b_bus_8b_disable_cache,assert,"// oWR_BUSY is tied low.
    check_wr_busy_tied_low: assert property (
        @(posedge iCLOCK) disable iff (!inRESET) oWR_BUSY == 1'b0
    );"
04597,mux_2_1,assert,"// Output matches the implemented mux equation.
    check_mux_equation: assert property (
        @(posedge clk) out == ((~sel & in0) | (sel & in1))
    );"
04597,mux_2_1,assert,"// When sel is low, the output follows in0.
    check_sel_low_routes_in0: assert property (
        @(posedge clk) (sel == 1'b0) |-> (out == in0)
    );"
04597,mux_2_1,assert,"// When sel is high, the output follows in1.
    check_sel_high_routes_in1: assert property (
        @(posedge clk) (sel == 1'b1) |-> (out == in1)
    );"
04597,mux_2_1,assert,"// A high output must come from at least one high input.
    check_out_high_requires_one_input_high: assert property (
        @(posedge clk) (out == 1'b1) |-> ((in0 == 1'b1) || (in1 == 1'b1))
    );"
04612,logic_module,assert,"// X must match the RTL boolean equation.
    check_x_matches_rtl_equation: assert property (
        @(posedge clk)
        X == ((A && B) || (C || D) || !(E && F) || !(G || H))
    );"
04612,logic_module,assert,"// A and B high must drive X high.
    check_ab_term_sets_x: assert property (
        @(posedge clk)
        (A && B) |-> X
    );"
04612,logic_module,assert,"// C or D high must drive X high.
    check_cd_term_sets_x: assert property (
        @(posedge clk)
        (C || D) |-> X
    );"
04612,logic_module,assert,"// E and F low must drive X high.
    check_ef_term_sets_x: assert property (
        @(posedge clk)
        (!(E && F)) |-> X
    );"
04612,logic_module,assert,"// G and H low must drive X high.
    check_gh_term_sets_x: assert property (
        @(posedge clk)
        (!(G || H)) |-> X
    );"
04612,logic_module,assert,"// X must be low when all four product terms are false.
    check_x_low_when_all_terms_false: assert property (
        @(posedge clk)
        (!((A && B) || (C || D) || !(E && F) || !(G || H))) |-> !X
    );"
04612,logic_module,assert,"// X must be high when any one of the four product terms is true.
    check_x_high_when_any_term_true: assert property (
        @(posedge clk)
        ((A && B) || (C || D) || !(E && F) || !(G || H)) |-> X
    );"
04666,sky130_fd_sc_hvl__nand2,assert,"// Y must equal the NAND of A and B.
    check_nand_function: assert property (
        @(posedge clk) Y == ~(A & B)
    );"
04666,sky130_fd_sc_hvl__nand2,assert,"// Both high inputs must drive Y low.
    check_both_inputs_high_drive_low: assert property (
        @(posedge clk) (A && B) |-> !Y
    );"
04666,sky130_fd_sc_hvl__nand2,assert,"// A low must drive Y high.
    check_a_low_drives_high: assert property (
        @(posedge clk) !A |-> Y
    );"
04666,sky130_fd_sc_hvl__nand2,assert,"// B low must drive Y high.
    check_b_low_drives_high: assert property (
        @(posedge clk) !B |-> Y
    );"
04666,sky130_fd_sc_hvl__nand2,assert,"// A low output can only occur when both inputs are high.
    check_low_output_requires_both_inputs_high: assert property (
        @(posedge clk) !Y |-> (A && B)
    );"
04677,xor_gate,assert,"// y matches the implemented NAND-based XOR function.
    check_output_matches_implemented_function: assert property (
        @(posedge clk) y == ~((~a & ~b) | (a & b))
    );"
04677,xor_gate,assert,"// y is low when both inputs are low.
    check_output_low_when_both_inputs_low: assert property (
        @(posedge clk) (!a && !b) |-> !y
    );"
04677,xor_gate,assert,"// y is high when exactly one input is high.
    check_output_high_when_one_input_high: assert property (
        @(posedge clk) ((a && !b) || (!a && b)) |-> y
    );"
04677,xor_gate,assert,"// y is low when both inputs are high.
    check_output_low_when_both_inputs_high: assert property (
        @(posedge clk) (a && b) |-> !y
    );"
04715,counter_4bit,assert,"// Reset forces the counter to zero on the next clock.
    check_reset_clears_count: assert property (
        @(posedge clk) reset |=> (count == 4'b0000)
    );"
04715,counter_4bit,assert,"// When enabled outside reset, the counter increments by one.
    check_increment_when_enabled: assert property (
        @(posedge clk) disable iff (reset)
        enable |=> (count == ($past(count) + 4'd1))
    );"
04715,counter_4bit,assert,"// When not enabled outside reset, the counter holds its value.
    check_hold_when_disabled: assert property (
        @(posedge clk) disable iff (reset)
        !enable |=> (count == $past(count))
    );"
04715,counter_4bit,assert,"// The 4-bit counter wraps from 15 back to 0 when enabled.
    check_wrap_from_max: assert property (
        @(posedge clk) disable iff (reset)
        enable && (count == 4'hF) |=> (count == 4'h0)
    );"
04729,binary_to_gray,assert,"// gray_out[3] captures the previous cycle's binary_in[3].
    check_gray_bit3_capture: assert property (
        @(posedge clk) 1'b1 |=> (gray_out[3] == $past(binary_in[3]))
    );"
04729,binary_to_gray,assert,"// gray_out[2] captures the previous cycle's binary_in[3] XOR binary_in[2].
    check_gray_bit2_capture: assert property (
        @(posedge clk) 1'b1 |=> (gray_out[2] == ($past(binary_in[3]) ^ $past(binary_in[2])))
    );"
04729,binary_to_gray,assert,"// gray_out[1] captures the previous cycle's binary_in[2] XOR binary_in[1].
    check_gray_bit1_capture: assert property (
        @(posedge clk) 1'b1 |=> (gray_out[1] == ($past(binary_in[2]) ^ $past(binary_in[1])))
    );"
04729,binary_to_gray,assert,"// gray_out[0] captures the previous cycle's binary_in[1] XOR binary_in[0].
    check_gray_bit0_capture: assert property (
        @(posedge clk) 1'b1 |=> (gray_out[0] == ($past(binary_in[1]) ^ $past(binary_in[0])))
    );"
04771,sky130_fd_sc_lp__a21oi,assert,"// Y matches the implemented A21OI function.
    check_function_equivalence: assert property (
        @(posedge clk) Y == ~(B1 | (A1 & A2))
    );"
04771,sky130_fd_sc_lp__a21oi,assert,"// B1 high forces the NOR output low.
    check_b1_forces_y_low: assert property (
        @(posedge clk) B1 |-> !Y
    );"
04771,sky130_fd_sc_lp__a21oi,assert,"// A1 and A2 high together force the AND term high and Y low.
    check_a1_a2_force_y_low: assert property (
        @(posedge clk) (A1 && A2) |-> !Y
    );"
04771,sky130_fd_sc_lp__a21oi,assert,"// With B1 low and A1 low, the AND term is low and Y is high.
    check_b1_low_a1_low_y_high: assert property (
        @(posedge clk) (!B1 && !A1) |-> Y
    );"
04771,sky130_fd_sc_lp__a21oi,assert,"// With B1 low and A2 low, the AND term is low and Y is high.
    check_b1_low_a2_low_y_high: assert property (
        @(posedge clk) (!B1 && !A2) |-> Y
    );"
04771,sky130_fd_sc_lp__a21oi,assert,"// A low Y can only occur when B1 is high or the A1/A2 AND term is high.
    check_y_low_has_valid_cause: assert property (
        @(posedge clk) !Y |-> (B1 || (A1 && A2))
    );"
04780,top_module,assert,"// out_final must equal the AND of the two XOR terms.
    check_out_final_function: assert property (
        @(posedge clk) out_final == ((a ^ b) & (c ^ d))
    );"
04780,top_module,assert,"// If both XOR terms are high, out_final must be high.
    check_out_final_high_when_both_terms_high: assert property (
        @(posedge clk) ((a ^ b) & (c ^ d)) |-> out_final
    );"
04780,top_module,assert,"// If either XOR term is low, out_final must be low.
    check_out_final_low_when_any_term_low: assert property (
        @(posedge clk) (!((a ^ b) & (c ^ d))) |-> !out_final
    );"
04780,top_module,assert,"// A high out_final requires both XOR terms to be high.
    check_out_final_high_requires_both_terms_high: assert property (
        @(posedge clk) out_final |-> ((a ^ b) & (c ^ d))
    );"
04780,top_module,assert,"// A low out_final requires at least one XOR term to be low.
    check_out_final_low_requires_any_term_low: assert property (
        @(posedge clk) !out_final |-> (!((a ^ b) & (c ^ d)))
    );"
04785,decimal_to_binary,assert,"// 0 maps to 0000.
    check_map_0: assert property (
        @(posedge clk) (in_value == 4'd0) |-> (out_value == 4'b0000)
    );"
04785,decimal_to_binary,assert,"// 1 maps to 0001.
    check_map_1: assert property (
        @(posedge clk) (in_value == 4'd1) |-> (out_value == 4'b0001)
    );"
04785,decimal_to_binary,assert,"// 2 maps to 0010.
    check_map_2: assert property (
        @(posedge clk) (in_value == 4'd2) |-> (out_value == 4'b0010)
    );"
04785,decimal_to_binary,assert,"// 3 maps to 0011.
    check_map_3: assert property (
        @(posedge clk) (in_value == 4'd3) |-> (out_value == 4'b0011)
    );"
04785,decimal_to_binary,assert,"// 4 maps to 0100.
    check_map_4: assert property (
        @(posedge clk) (in_value == 4'd4) |-> (out_value == 4'b0100)
    );"
04785,decimal_to_binary,assert,"// 5 maps to 0101.
    check_map_5: assert property (
        @(posedge clk) (in_value == 4'd5) |-> (out_value == 4'b0101)
    );"
04785,decimal_to_binary,assert,"// 6 maps to 0110.
    check_map_6: assert property (
        @(posedge clk) (in_value == 4'd6) |-> (out_value == 4'b0110)
    );"
04785,decimal_to_binary,assert,"// 7 maps to 0111.
    check_map_7: assert property (
        @(posedge clk) (in_value == 4'd7) |-> (out_value == 4'b0111)
    );"
04785,decimal_to_binary,assert,"// 8 maps to 1000.
    check_map_8: assert property (
        @(posedge clk) (in_value == 4'd8) |-> (out_value == 4'b1000)
    );"
04785,decimal_to_binary,assert,"// 9 maps to 1001.
    check_map_9: assert property (
        @(posedge clk) (in_value == 4'd9) |-> (out_value == 4'b1001)
    );"
04819,multiplier,assert,"// Reset clears the registered outputs on the next clock.
    check_reset_clears_outputs: assert property (
        @(posedge clk) reset |=> ((out == 16'sd0) && ($past(out) != 16'sd0))
    );"
04820,sky130_fd_sc_hd__lpflow_inputiso0n,assert,"// X must equal the AND of A and SLEEP_B.
    check_x_matches_and_function: assert property (
        @(posedge clk) X == (A & SLEEP_B)
    );"
04820,sky130_fd_sc_hd__lpflow_inputiso0n,assert,"// When SLEEP_B is low, X must be low.
    check_sleep_low_forces_x_low: assert property (
        @(posedge clk) !SLEEP_B |-> !X
    );"
04820,sky130_fd_sc_hd__lpflow_inputiso0n,assert,"// When A is low, X must be low.
    check_a_low_forces_x_low: assert property (
        @(posedge clk) !A |-> !X
    );"
04820,sky130_fd_sc_hd__lpflow_inputiso0n,assert,"// When both inputs are high, X must be high.
    check_both_inputs_high_drive_x_high: assert property (
        @(posedge clk) (A && SLEEP_B) |-> X
    );"
04820,sky130_fd_sc_hd__lpflow_inputiso0n,assert,"// A high X requires both inputs to be high.
    check_x_high_requires_both_inputs_high: assert property (
        @(posedge clk) X |-> (A && SLEEP_B)
    );"
04827,mux4to1,assert,"// out matches the implemented mux tree.
    check_out_matches_mux_tree: assert property (
        @(posedge clk)
        out == (sel1 ? (sel0 ? in3 : in2) : (sel0 ? in1 : in0))
    );"
04827,mux4to1,assert,"// When sel1 is low, out selects between in0 and in1.
    check_sel1_low_selects_in0_in1: assert property (
        @(posedge clk)
        !sel1 |-> (out == (sel0 ? in1 : in0))
    );"
04827,mux4to1,assert,"// When sel1 is high, out selects between in2 and in3.
    check_sel1_high_selects_in2_in3: assert property (
        @(posedge clk)
        sel1 |-> (out == (sel0 ? in3 : in2))
    );"
04827,mux4to1,assert,"// When sel0 is low, out selects between in0 and in2.
    check_sel0_low_selects_in0_in2: assert property (
        @(posedge clk)
        !sel0 |-> (out == (sel1 ? in2 : in0))
    );"
04827,mux4to1,assert,"// When sel0 is high, out selects between in1 and in3.
    check_sel0_high_selects_in1_in3: assert property (
        @(posedge clk)
        sel0 |-> (out == (sel1 ? in3 : in1))
    );"
04827,mux4to1,assert,"// With sel1 low and sel0 low, out follows in0.
    check_sel10_selects_in0: assert property (
        @(posedge clk)
        (!sel1 && !sel0) |-> (out == in0)
    );"
04827,mux4to1,assert,"// With sel1 low and sel0 high, out follows in1.
    check_sel10_selects_in1: assert property (
        @(posedge clk)
        (!sel1 && sel0) |-> (out == in1)
    );"
04827,mux4to1,assert,"// With sel1 high and sel0 low, out follows in2.
    check_sel11_selects_in2: assert property (
        @(posedge clk)
        (sel1 && !sel0) |-> (out == in2)
    );"
04827,mux4to1,assert,"// With sel1 high and sel0 high, out follows in3.
    check_sel11_selects_in3: assert property (
        @(posedge clk)
        (sel1 && sel0) |-> (out == in3)
    );"
04837,counter,assert,"// Reset forces count to zero.
    check_reset_clears_count: assert property (
        @(posedge clk) !rst |-> (count == 2'b00)
    );"
04837,counter,assert,"// When enabled below 3, count increments by one.
    check_increment_when_enabled: assert property (
        @(posedge clk) disable iff (!rst)
        (en && (count != 2'b11)) |=> (count == ($past(count) + 2'b01))
    );"
04837,counter,assert,"// When enabled at 3, count wraps to zero.
    check_wrap_when_enabled_at_max: assert property (
        @(posedge clk) disable iff (!rst)
        (en && (count == 2'b11)) |=> (count == 2'b00)
    );"
04837,counter,assert,"// When disabled, count holds its value.
    check_hold_when_disabled: assert property (
        @(posedge clk) disable iff (!rst)
        (!en) |=> (count == $past(count))
    );"
04870,logical_and,assert,"// Y must equal the AND of A, B, and C.
    check_y_matches_and: assert property (
        @(posedge clk) Y == (A & B & C)
    );"
04870,logical_and,assert,"// A high Y requires all three inputs to be high.
    check_y_high_requires_all_inputs_high: assert property (
        @(posedge clk) Y |-> (A && B && C)
    );"
04870,logical_and,assert,"// All three high inputs must drive Y high.
    check_all_inputs_high_drive_y_high: assert property (
        @(posedge clk) (A && B && C) |-> Y
    );"
04870,logical_and,assert,"// A low A must force Y low.
    check_a_low_forces_y_low: assert property (
        @(posedge clk) !A |-> !Y
    );"
04870,logical_and,assert,"// A low B must force Y low.
    check_b_low_forces_y_low: assert property (
        @(posedge clk) !B |-> !Y
    );"
04870,logical_and,assert,"// A low C must force Y low.
    check_c_low_forces_y_low: assert property (
        @(posedge clk) !C |-> !Y
    );"
04874,and_gate,assert,"// Y must equal the AND of A, B, and C.
    check_y_matches_and_function: assert property (
        @(posedge clk) Y == (A & B & C)
    );"
04874,and_gate,assert,"// All three high inputs must drive Y high.
    check_all_inputs_high_drive_y_high: assert property (
        @(posedge clk) (A && B && C) |-> Y
    );"
04874,and_gate,assert,"// A low input must force Y low.
    check_a_low_forces_y_low: assert property (
        @(posedge clk) !A |-> !Y
    );"
04874,and_gate,assert,"// B low input must force Y low.
    check_b_low_forces_y_low: assert property (
        @(posedge clk) !B |-> !Y
    );"
04874,and_gate,assert,"// C low input must force Y low.
    check_c_low_forces_y_low: assert property (
        @(posedge clk) !C |-> !Y
    );"
04881,up_down_counter_4bit,assert,"// Up increments Q by one when Q is not at 15.
    check_up_increments: assert property (
        @(posedge clk) Up && (Q != 4'hF) |=> (Q == ($past(Q) + 4'd1))
    );"
04881,up_down_counter_4bit,assert,"// Up wraps Q from 15 back to 0.
    check_up_wraps: assert property (
        @(posedge clk) Up && (Q == 4'hF) |=> (Q == 4'h0)
    );"
04881,up_down_counter_4bit,assert,"// Down decrements Q by one when Q is not at 0.
    check_down_decrements: assert property (
        @(posedge clk) Down && !Up && (Q != 4'h0) |=> (Q == ($past(Q) - 4'd1))
    );"
04881,up_down_counter_4bit,assert,"// Down wraps Q from 0 back to 15.
    check_down_wraps: assert property (
        @(posedge clk) Down && !Up && (Q == 4'h0) |=> (Q == 4'hF)
    );"
04881,up_down_counter_4bit,assert,"// Q holds its value when neither control is asserted.
    check_hold_when_idle: assert property (
        @(posedge clk) (!Up && !Down) |=> (Q == $past(Q))
    );"
04881,up_down_counter_4bit,assert,"// Up has priority over Down when both are asserted.
    check_up_priority_over_down: assert property (
        @(posedge clk) Up && Down |=> (Q == ($past(Q) + 4'd1))
    );"
04885,sky130_fd_sc_ls__o211a,assert,"// X matches the implemented OR-then-AND function.
    check_function_equivalence: assert property (
        @(posedge clk) X == ((A1 | A2) & B1 & C1)
    );"
04885,sky130_fd_sc_ls__o211a,assert,"// B1 low forces X low.
    check_b1_low_forces_x_low: assert property (
        @(posedge clk) !B1 |-> !X
    );"
04885,sky130_fd_sc_ls__o211a,assert,"// C1 low forces X low.
    check_c1_low_forces_x_low: assert property (
        @(posedge clk) !C1 |-> !X
    );"
04885,sky130_fd_sc_ls__o211a,assert,"// Both A inputs low force X low.
    check_a_inputs_low_force_x_low: assert property (
        @(posedge clk) (!A1 && !A2) |-> !X
    );"
04885,sky130_fd_sc_ls__o211a,assert,"// X high requires B1 and C1 high.
    check_x_high_requires_b1_and_c1: assert property (
        @(posedge clk) X |-> (B1 && C1)
    );"
04885,sky130_fd_sc_ls__o211a,assert,"// X high requires at least one A input high.
    check_x_high_requires_a1_or_a2: assert property (
        @(posedge clk) X |-> (A1 || A2)
    );"
04885,sky130_fd_sc_ls__o211a,assert,"// X high requires both OR and AND terms to be true.
    check_x_high_requires_both_terms: assert property (
        @(posedge clk) X |-> (((A1 | A2) & B1) && C1)
    );"
04945,Span12Mux_s5_v,assert,"// I equal to 12'h001 drives O high.
    check_001_drives_o_high: assert property (
        @(posedge clk) (I == 12'h001) |-> (O == 1'b1)
    );"
04945,Span12Mux_s5_v,assert,"// I equal to 12'h002 drives O low.
    check_002_drives_o_low: assert property (
        @(posedge clk) (I == 12'h002) |-> (O == 1'b0)
    );"
04945,Span12Mux_s5_v,assert,"// I equal to 12'h004 drives O high.
    check_004_drives_o_high: assert property (
        @(posedge clk) (I == 12'h004) |-> (O == 1'b1)
    );"
04945,Span12Mux_s5_v,assert,"// I equal to 12'h008 drives O low.
    check_008_drives_o_low: assert property (
        @(posedge clk) (I == 12'h008) |-> (O == 1'b0)
    );"
04945,Span12Mux_s5_v,assert,"// I equal to 12'h010 drives O high.
    check_010_drives_o_high: assert property (
        @(posedge clk) (I == 12'h010) |-> (O == 1'b1)
    );"
04945,Span12Mux_s5_v,assert,"// I equal to 12'h020 drives O low.
    check_020_drives_o_low: assert property (
        @(posedge clk) (I == 12'h020) |-> (O == 1'b0)
    );"
04945,Span12Mux_s5_v,assert,"// I equal to 12'h040 drives O high.
    check_040_drives_o_high: assert property (
        @(posedge clk) (I == 12'h040) |-> (O == 1'b1)
    );"
04945,Span12Mux_s5_v,assert,"// I equal to 12'h080 drives O low.
    check_080_drives_o_low: assert property (
        @(posedge clk) (I == 12'h080) |-> (O == 1'b0)
    );"
04945,Span12Mux_s5_v,assert,"// I equal to 12'h100 drives O high.
    check_100_drives_o_high: assert property (
        @(posedge clk) (I == 12'h100) |-> (O == 1'b1)
    );"
04945,Span12Mux_s5_v,assert,"// I equal to 12'h200 drives O low.
    check_200_drives_o_low: assert property (
        @(posedge clk) (I == 12'h200) |-> (O == 1'b0)
    );"
04945,Span12Mux_s5_v,assert,"// I equal to 12'h400 drives O high.
    check_400_drives_o_high: assert property (
        @(posedge clk) (I == 12'h400) |-> (O == 1'b1)
    );"
04945,Span12Mux_s5_v,assert,"// I equal to 12'h800 drives O low.
    check_800_drives_o_low: assert property (
        @(posedge clk) (I == 12'h800) |-> (O == 1'b0)
    );"
04945,Span12Mux_s5_v,assert,"// I equal to 12'h000 drives O low.
    check_000_drives_o_low: assert property (
        @(posedge clk) (I == 12'h000) |-> (O == 1'b0)
    );"
04945,Span12Mux_s5_v,assert,"// I equal to 12'hFFF drives O low.
    check_fff_drives_o_low: assert property (
        @(posedge clk) (I == 12'hFFF) |-> (O == 1'b0)
    );"
04966,my_module,assert,"// X must equal the OR of the two 3-input AND terms.
    check_x_matches_or_of_ands: assert property (
        @(posedge clk) X == ((A1 & A2 & A3) | (B1 & B2))
    );"
04966,my_module,assert,"// A1, A2, and A3 high must drive X high.
    check_a_triplet_drives_x_high: assert property (
        @(posedge clk) (A1 & A2 & A3) |-> X
    );"
04966,my_module,assert,"// B1 and B2 high must drive X high.
    check_b_pair_drives_x_high: assert property (
        @(posedge clk) (B1 & B2) |-> X
    );"
04966,my_module,assert,"// If neither AND term is true, X must be low.
    check_no_active_term_means_x_low: assert property (
        @(posedge clk) (!(A1 & A2 & A3) && !(B1 & B2)) |-> !X
    );"
04966,my_module,assert,"// X high must come from at least one active AND term.
    check_x_high_has_valid_source: assert property (
        @(posedge clk) X |-> ((A1 & A2 & A3) || (B1 & B2))
    );"
05007,nor_gate_using_nand,assert,"// out matches the implemented NAND-of-NANDs function.
    check_out_matches_implemented_function: assert property (
        @(posedge clk) out == ~((~a) & (~b))
    );"
05007,nor_gate_using_nand,assert,"// out is high when both inputs are high.
    check_out_high_when_both_inputs_high: assert property (
        @(posedge clk) (a && b) |-> out
    );"
05007,nor_gate_using_nand,assert,"// out is low when both inputs are low.
    check_out_low_when_both_inputs_low: assert property (
        @(posedge clk) (!a && !b) |-> !out
    );"
05007,nor_gate_using_nand,assert,"// out is high when a is high.
    check_out_high_when_a_high: assert property (
        @(posedge clk) a |-> out
    );"
05007,nor_gate_using_nand,assert,"// out is high when b is high.
    check_out_high_when_b_high: assert property (
        @(posedge clk) b |-> out
    );"
05010,sky130_fd_sc_lp__and4,assert,"// X must equal the AND of all four inputs.
    check_and_function: assert property (
        @(posedge clk) X == (A & B & C & D)
    );"
05010,sky130_fd_sc_lp__and4,assert,"// All inputs high must drive X high.
    check_all_inputs_high_drive_x_high: assert property (
        @(posedge clk) (A & B & C & D) |-> X
    );"
05010,sky130_fd_sc_lp__and4,assert,"// A low must force X low.
    check_a_low_forces_x_low: assert property (
        @(posedge clk) !A |-> !X
    );"
05010,sky130_fd_sc_lp__and4,assert,"// B low must force X low.
    check_b_low_forces_x_low: assert property (
        @(posedge clk) !B |-> !X
    );"
05010,sky130_fd_sc_lp__and4,assert,"// C low must force X low.
    check_c_low_forces_x_low: assert property (
        @(posedge clk) !C |-> !X
    );"
05010,sky130_fd_sc_lp__and4,assert,"// D low must force X low.
    check_d_low_forces_x_low: assert property (
        @(posedge clk) !D |-> !X
    );"
05072,fifo_wp_inc,assert,"// free3 and tm_count 11 select 0011.
    check_free3_tm11: assert property (
        @(posedge clk) (free3 && (tm_count == 2'b11)) |-> (fifowp_inc == 4'b0011)
    );"
05072,fifo_wp_inc,assert,"// free2 and tm_count 10 select 0010.
    check_free2_tm10: assert property (
        @(posedge clk) (free2 && (tm_count == 2'b10)) |-> (fifowp_inc == 4'b0010)
    );"
05072,fifo_wp_inc,assert,"// free2 and tm_count 00 select 0000.
    check_free2_tm00: assert property (
        @(posedge clk) (free2 && (tm_count == 2'b00)) |-> (fifowp_inc == 4'b0000)
    );"
05072,fifo_wp_inc,assert,"// No free and tm_count 01 select 0001.
    check_no_free_tm01: assert property (
        @(posedge clk) ((!free3) && (tm_count == 2'b01)) |-> (fifowp_inc == 4'b0001)
    );"
05072,fifo_wp_inc,assert,"// No free and tm_count 00 select 0000.
    check_no_free_tm00: assert property (
        @(posedge clk) ((!free3) && (tm_count == 2'b00)) |-> (fifowp_inc == 4'b0000)
    );"
05072,fifo_wp_inc,assert,"// free3 has priority over free2 when both are asserted.
    check_free3_priority: assert property (
        @(posedge clk) (free3 && free2 && (tm_count == 2'b11)) |-> (fifowp_inc == 4'b0011)
    );"
05088,binary_adder,assert,"// SUM matches A ^ B ^ ~CIN.
    check_sum_function: assert property (
        @(posedge clk) SUM == (A ^ B ^ ~CIN)
    );"
05088,binary_adder,assert,"// COUT matches the OR of the three AND terms.
    check_cout_function: assert property (
        @(posedge clk) COUT == ((A & B) | (A & ~CIN) | (B & ~CIN))
    );"
05088,binary_adder,assert,"// When A and B are equal, SUM follows ~CIN.
    check_sum_when_ab_equal: assert property (
        @(posedge clk) (A == B) |-> (SUM == ~CIN)
    );"
05088,binary_adder,assert,"// When A and B differ, SUM follows CIN.
    check_sum_when_ab_different: assert property (
        @(posedge clk) (A != B) |-> (SUM == CIN)
    );"
05088,binary_adder,assert,"// When A and B are equal, COUT follows A.
    check_cout_when_ab_equal: assert property (
        @(posedge clk) (A == B) |-> (COUT == A)
    );"
05088,binary_adder,assert,"// When A and B differ, COUT follows ~CIN.
    check_cout_when_ab_different: assert property (
        @(posedge clk) (A != B) |-> (COUT == ~CIN)
    );"
05104,counter,assert,"// Reset clears the counter on the next clock.
    check_reset_clears_count: assert property (
        @(posedge clk) reset |=> (count == 2'b00)
    );"
05104,counter,assert,"// Reset has priority over enable.
    check_reset_priority_over_enable: assert property (
        @(posedge clk) (reset && enable) |=> (count == 2'b00)
    );"
05104,counter,assert,"// Enable increments the counter by one when not in reset.
    check_enable_increments_count: assert property (
        @(posedge clk) disable iff (reset) enable |=> (count == ($past(count) + 2'b01))
    );"
05104,counter,assert,"// The counter holds its value when enable is low.
    check_disable_holds_count: assert property (
        @(posedge clk) disable iff (reset) !enable |=> (count == $past(count))
    );"
05104,counter,assert,"// The counter wraps from 2'b11 back to 2'b00 when enabled.
    check_wrap_from_max: assert property (
        @(posedge clk) disable iff (reset) (enable && (count == 2'b11)) |=> (count == 2'b00)
    );"
05169,sequence_counter,assert,"// pr is a single-cycle pulse.
    check_pr_is_single_cycle: assert property (
        @(posedge lpf_int)
        pr |=> !pr
    );"
05169,sequence_counter,assert,"// pr is never high on consecutive cycles.
    check_pr_not_back_to_back: assert property (
        @(posedge lpf_int)
        pr |=> !pr
    );"
05207,sync_reset_counter,assert,"// Active-low reset forces count to zero.
    check_reset_clears_count: assert property (
        @(posedge clk) !rst |-> (count == 4'h0)
    );"
05207,sync_reset_counter,assert,"// On the first clock after reset deasserts, count is still zero.
    check_post_reset_starts_from_zero: assert property (
        @(posedge clk) disable iff (!rst) $rose(rst) |-> (count == 4'h0)
    );"
05207,sync_reset_counter,assert,"// When not in reset, count increments by one each clock.
    check_count_increments: assert property (
        @(posedge clk) disable iff (!rst) 1'b1 |=> (count == ($past(count) + 4'd1))
    );"
05207,sync_reset_counter,assert,"// When not in reset, count wraps from 15 back to 0.
    check_count_wraps_from_max: assert property (
        @(posedge clk) disable iff (!rst) (count == 4'hF) |=> (count == 4'h0)
    );"
05255,binary_multiplier,assert,"// Reset clears the registered result on the next clock.
    check_reset_clears_result: assert property (
        @(posedge clk) reset |=> (result == 32'd0)
    );"
05293,sync_counter,assert,"// Reset forces count to zero.
    check_reset_clears_count: assert property (
        @(posedge clk) rst |-> (count == 4'd0)
    );"
05293,sync_counter,assert,"// Reset has priority over load.
    check_reset_priority_over_load: assert property (
        @(posedge clk) (rst && load) |-> (count == 4'd0)
    );"
05293,sync_counter,assert,"// Load updates count with data on the next cycle.
    check_load_updates_count: assert property (
        @(posedge clk) disable iff (rst) load |=> (count == $past(data))
    );"
05293,sync_counter,assert,"// Without load, count increments by one on the next cycle.
    check_increment_when_not_loading: assert property (
        @(posedge clk) disable iff (rst) !load |=> (count == ($past(count) + 4'd1))
    );"
05293,sync_counter,assert,"// Count wraps from 15 back to 0 when not loading.
    check_wrap_from_max: assert property (
        @(posedge clk) disable iff (rst) (!load && (count == 4'hF)) |=> (count == 4'd0)
    );"
05361,vga_color_generator,assert,"// Reset clears the horizontal counter.
    check_reset_clears_h_count: assert property (
        @(posedge clk) rst |-> (h_count == 10'h000)
    );"
05361,vga_color_generator,assert,"// Reset clears the vertical counter.
    check_reset_clears_v_count: assert property (
        @(posedge clk) rst |-> (v_count == 10'h000)
    );"
05361,vga_color_generator,assert,"// Reset clears the RGB outputs.
    check_reset_clears_outputs: assert property (
        @(posedge clk) rst |-> ((r == 8'h00) && (g == 8'h00) && (b == 8'h00))
    );"
05361,vga_color_generator,assert,"// RGB outputs are zero when hsync or vsync is high.
    check_outputs_zero_when_sync_active: assert property (
        @(posedge clk) disable iff (rst)
        (hsync == 1'b1 || vsync == 1'b1) |-> ((r == 8'h00) && (g == 8'h00) && (b == 8'h00))
    );"
05404,sky130_fd_sc_hvl__a22oi,assert,"// Y matches the implemented NAND/AND/buffer function.
    check_y_matches_function: assert property (
        @(posedge clk) Y == ((~(A1 & A2)) & (~(B1 & B2)))
    );"
05404,sky130_fd_sc_hvl__a22oi,assert,"// A1 and A2 high forces Y low.
    check_a_pair_high_forces_y_low: assert property (
        @(posedge clk) (A1 & A2) |-> !Y
    );"
05404,sky130_fd_sc_hvl__a22oi,assert,"// B1 and B2 high forces Y low.
    check_b_pair_high_forces_y_low: assert property (
        @(posedge clk) (B1 & B2) |-> !Y
    );"
05404,sky130_fd_sc_hvl__a22oi,assert,"// With both input pairs inactive, Y is high.
    check_both_pairs_inactive_drive_y_high: assert property (
        @(posedge clk) (!(A1 & A2) && !(B1 & B2)) |-> Y
    );"
05404,sky130_fd_sc_hvl__a22oi,assert,"// A high Y means neither input pair is fully high.
    check_y_high_implies_no_active_pair: assert property (
        @(posedge clk) Y |-> (!(A1 & A2) && !(B1 & B2))
    );"
05417,counter_4bit_sync_reset_load,assert,"// Reset clears the counter on the next clock.
    check_reset_clears_count: assert property (
        @(posedge clk) reset |=> (count == 4'b0000)
    );"
05417,counter_4bit_sync_reset_load,assert,"// Reset has priority over load when both are asserted.
    check_reset_priority_over_load: assert property (
        @(posedge clk) (reset && load) |=> (count == 4'b0000)
    );"
05417,counter_4bit_sync_reset_load,assert,"// Load updates the counter with data_in on the next clock.
    check_load_updates_count: assert property (
        @(posedge clk) disable iff (reset) load |=> (count == $past(data_in))
    );"
05417,counter_4bit_sync_reset_load,assert,"// Without load, the counter increments by one on the next clock.
    check_increment_when_no_load: assert property (
        @(posedge clk) disable iff (reset) !load |=> (count == ($past(count) + 4'd1))
    );"
05417,counter_4bit_sync_reset_load,assert,"// The counter wraps from 15 back to 0 when incrementing.
    check_wrap_from_max: assert property (
        @(posedge clk) disable iff (reset) (!load && (count == 4'hF)) |=> (count == 4'h0)
    );"
05460,shift_register,assert,"// Reset clears all stages on the next clock.
    check_reset_clears_all: assert property (
        @(posedge shift_clk) reset |=> (q0 == 4'b0000 && q1 == 4'b0000 && q2 == 4'b0000 && q3 == 4'b0000)
    );"
05460,shift_register,assert,"// q0 captures data_in on each non-reset clock.
    check_q0_captures_data_in: assert property (
        @(posedge shift_clk) disable iff (reset) 1'b1 |=> (q0 == $past(data_in))
    );"
05460,shift_register,assert,"// q1 captures the previous q0 value on each non-reset clock.
    check_q1_captures_q0: assert property (
        @(posedge shift_clk) disable iff (reset) 1'b1 |=> (q1 == $past(q0))
    );"
05460,shift_register,assert,"// q2 captures the previous q1 value on each non-reset clock.
    check_q2_captures_q1: assert property (
        @(posedge shift_clk) disable iff (reset) 1'b1 |=> (q2 == $past(q1))
    );"
05460,shift_register,assert,"// q3 captures the previous q2 value on each non-reset clock.
    check_q3_captures_q2: assert property (
        @(posedge shift_clk) disable iff (reset) 1'b1 |=> (q3 == $past(q2))
    );"
05460,shift_register,assert,"// q1 reflects data_in after two non-reset clocks.
    check_q1_two_clock_delay: assert property (
        @(posedge shift_clk) disable iff (reset) 1'b1 |=> ##1 (q1 == $past(data_in, 2))
    );"
05460,shift_register,assert,"// q2 reflects data_in after three non-reset clocks.
    check_q2_three_clock_delay: assert property (
        @(posedge shift_clk) disable iff (reset) 1'b1 |=> ##2 (q2 == $past(data_in, 3))
    );"
05460,shift_register,assert,"// q3 reflects data_in after four non-reset clocks.
    check_q3_four_clock_delay: assert property (
        @(posedge shift_clk) disable iff (reset) 1'b1 |=> ##3 (q3 == $past(data_in, 4))
    );"
05485,mux2to1,assert,"// Y must match the RTL mux equation.
    check_mux_function: assert property (
        @(posedge clk) Y === (SEL ? B : A)
    );"
05485,mux2to1,assert,"// When SEL is low, Y must select A.
    check_select_a: assert property (
        @(posedge clk) (SEL === 1'b0) |-> (Y === A)
    );"
05485,mux2to1,assert,"// When SEL is high, Y must select B.
    check_select_b: assert property (
        @(posedge clk) (SEL === 1'b1) |-> (Y === B)
    );"
05485,mux2to1,assert,"// If both inputs are equal, Y must match that common value.
    check_equal_inputs_passthrough: assert property (
        @(posedge clk) (A === B) |-> (Y === A)
    );"
05490,full_adder,assert,"// Sum bit 2 uses the carry from bit 1.
    check_sum_bit2: assert property (
        @(posedge clk) S[2] == (A[2] ^ B[2] ^ (
            (A[1] & B[1]) |
            (A[1] & ((A[0] & B[0]) | (A[0] & Cin) | (B[0] & Cin))) |
            (B[1] & ((A[0] & B[0]) | (A[0] & Cin) | (B[0] & Cin)))
        ))
    );"
05490,full_adder,assert,"// Sum bit 3 uses the carry from bit 2.
    check_sum_bit3: assert property (
        @(posedge clk) S[3] == (A[3] ^ B[3] ^ (
            (A[2] & B[2]) |
            (A[2] & (
                (A[1] & B[1]) |
                (A[1] & ((A[0] & B[0]) | (A[0] & Cin) | (B[0] & Cin))) |
                (B[1] & ((A[0] & B[0]) | (A[0] & Cin) | (B[0] & Cin)))
            )) |
            (B[2] & (
                (A[1] & B[1]) |
                (A[1] & ((A[0] & B[0]) | (A[0] & Cin) | (B[0] & Cin))) |
                (B[1] & ((A[0] & B[0]) | (A[0] & Cin) | (B[0] & Cin)))
            ))
        ))
    );"
05518,reset_sync,assert,"// reset_n_sync must be low whenever reset_n is low.
    check_sync_low_during_reset: assert property (
        @(posedge clk) !reset_n |-> (reset_n_sync == {NUM_RESET_OUTPUT{1'b0}})
    );"
05518,reset_sync,assert,"// A sampled reset assertion must leave reset_n_sync high on the next clock.
    check_sync_high_after_reset_assert: assert property (
        @(posedge clk) $fell(reset_n) |-> (reset_n_sync == {NUM_RESET_OUTPUT{1'b1}})
    );"
05518,reset_sync,assert,"// reset_n_sync must remain stable while reset_n is held low.
    check_sync_stable_during_reset: assert property (
        @(posedge clk) (!reset_n && $past(!reset_n)) |-> (reset_n_sync == $past(reset_n_sync))
    );"
05536,up_down_counter,assert,"// Reset forces count to zero.
    check_reset_clears_count: assert property (
        @(posedge clk) reset |-> (count == 4'b0000)
    );"
05536,up_down_counter,assert,"// Load updates count with data_in on the next cycle.
    check_load_updates_count: assert property (
        @(posedge clk) disable iff (reset)
        load |=> (count == $past(data_in))
    );"
05536,up_down_counter,assert,"// Load has priority over up_down when both are asserted.
    check_load_priority_over_up_down: assert property (
        @(posedge clk) disable iff (reset)
        (load && up_down) |=> (count == $past(data_in))
    );"
05536,up_down_counter,assert,"// Count increments by one when load is low and up_down is high.
    check_increment_when_up: assert property (
        @(posedge clk) disable iff (reset)
        (!load && up_down) |=> (count == ($past(count) + 4'd1))
    );"
05536,up_down_counter,assert,"// Count decrements by one when load is low and up_down is low.
    check_decrement_when_down: assert property (
        @(posedge clk) disable iff (reset)
        (!load && !up_down) |=> (count == ($past(count) - 4'd1))
    );"
05543,sky130_fd_sc_ls__clkdlyinv3sd1,assert,"// Y must always be the logical inverse of A.
    check_inversion_function: assert property (
        @(posedge clk) Y === ~A
    );"
05543,sky130_fd_sc_ls__clkdlyinv3sd1,assert,"// A low input must produce a high output.
    check_low_input_high_output: assert property (
        @(posedge clk) (A === 1'b0) |-> (Y === 1'b1)
    );"
05543,sky130_fd_sc_ls__clkdlyinv3sd1,assert,"// A high input must produce a low output.
    check_high_input_low_output: assert property (
        @(posedge clk) (A === 1'b1) |-> (Y === 1'b0)
    );"
05572,hexledx,assert,"// blank forces all seven output LEDs on.
    check_blank_forces_all_on: assert property (
        @(posedge clk) blank |-> (s7 == 7'b1111111)
    );"
05574,sky130_fd_sc_hdll__o2bb2ai,assert,"// Y matches the implemented NAND/OR/NAND/BUF function.
    check_y_matches_function: assert property (
        @(posedge clk) Y == ~((~(A2_N & A1_N)) & (B2 | B1))
    );"
05574,sky130_fd_sc_hdll__o2bb2ai,assert,"// Both A inputs high force Y high.
    check_a_inputs_high_drive_y_high: assert property (
        @(posedge clk) (A1_N & A2_N) |-> Y
    );"
05574,sky130_fd_sc_hdll__o2bb2ai,assert,"// Both B inputs low force Y high.
    check_b_inputs_low_drive_y_high: assert property (
        @(posedge clk) (!B1 & !B2) |-> Y
    );"
05574,sky130_fd_sc_hdll__o2bb2ai,assert,"// A1_N low with either B input high forces Y low.
    check_a1_low_with_b_high_drives_y_low: assert property (
        @(posedge clk) (!A1_N & (B1 | B2)) |-> !Y
    );"
05574,sky130_fd_sc_hdll__o2bb2ai,assert,"// A2_N low with either B input high forces Y low.
    check_a2_low_with_b_high_drives_y_low: assert property (
        @(posedge clk) (!A2_N & (B1 | B2)) |-> !Y
    );"
05574,sky130_fd_sc_hdll__o2bb2ai,assert,"// A1_N low with both B inputs low forces Y high.
    check_a1_low_with_b_low_drives_y_high: assert property (
        @(posedge clk) (!A1_N & !B1 & !B2) |-> Y
    );"
05574,sky130_fd_sc_hdll__o2bb2ai,assert,"// A2_N low with both B inputs low forces Y high.
    check_a2_low_with_b_low_drives_y_high: assert property (
        @(posedge clk) (!A2_N & !B1 & !B2) |-> Y
    );"
05599,rotation_module,assert,"// Reset forces the output to zero.
    check_reset_clears_out: assert property (
        @(posedge clk) reset |-> (out == 4'b0000)
    );"
05599,rotation_module,assert,"// Load captures the low 4 bits of data.
    check_load_captures_data: assert property (
        @(posedge clk) disable iff (reset)
        load |=> (out == $past(data[3:0]))
    );"
05599,rotation_module,assert,"// Load has priority over select.
    check_load_priority_over_select: assert property (
        @(posedge clk) disable iff (reset)
        (load && select) |=> (out == $past(data[3:0]))
    );"
05599,rotation_module,assert,"// Select rotates in left-to-right when load is low.
    check_select_rotates_left: assert property (
        @(posedge clk) disable iff (reset)
        (!load && select) |=> (out == {$past(in[2:0]), $past(in[3])})
    );"
05599,rotation_module,assert,"// Without load or select, the output rotates in right-to-left.
    check_default_rotates_right: assert property (
        @(posedge clk) disable iff (reset)
        (!load && !select) |=> (out == {$past(in[0]), $past(in[3:1])})
    );"
05608,binary_converter,assert,"// 0 maps to 0000.
    check_map_0000000000: assert property (
        @(posedge clk) (input_val == 10'b0000000000) |-> (binary_val == 4'b0000)
    );"
05608,binary_converter,assert,"// 1 maps to 0001.
    check_map_0000000001: assert property (
        @(posedge clk) (input_val == 10'b0000000001) |-> (binary_val == 4'b0001)
    );"
05608,binary_converter,assert,"// 2 maps to 0010.
    check_map_0000000010: assert property (
        @(posedge clk) (input_val == 10'b0000000010) |-> (binary_val == 4'b0010)
    );"
05608,binary_converter,assert,"// 3 maps to 0011.
    check_map_0000000011: assert property (
        @(posedge clk) (input_val == 10'b0000000011) |-> (binary_val == 4'b0011)
    );"
05608,binary_converter,assert,"// 4 maps to 0100.
    check_map_0000000100: assert property (
        @(posedge clk) (input_val == 10'b0000000100) |-> (binary_val == 4'b0100)
    );"
05608,binary_converter,assert,"// 5 maps to 0101.
    check_map_0000000101: assert property (
        @(posedge clk) (input_val == 10'b0000000101) |-> (binary_val == 4'b0101)
    );"
05608,binary_converter,assert,"// 6 maps to 0110.
    check_map_0000000110: assert property (
        @(posedge clk) (input_val == 10'b0000000110) |-> (binary_val == 4'b0110)
    );"
05608,binary_converter,assert,"// 7 maps to 0111.
    check_map_0000000111: assert property (
        @(posedge clk) (input_val == 10'b0000000111) |-> (binary_val == 4'b0111)
    );"
05608,binary_converter,assert,"// 8 maps to 1000.
    check_map_0000001000: assert property (
        @(posedge clk) (input_val == 10'b0000001000) |-> (binary_val == 4'b1000)
    );"
05608,binary_converter,assert,"// 9 maps to 1001.
    check_map_0000001001: assert property (
        @(posedge clk) (input_val == 10'b0000001001) |-> (binary_val == 4'b1001)
    );"
05608,binary_converter,assert,"// Values above 9 map to 0000.
    check_map_default: assert property (
        @(posedge clk) (input_val >= 10'b0000001010) |-> (binary_val == 4'b0000)
    );"
05609,four_input_and,assert,"// A low A1 input forces X low.
    check_a1_low_forces_x_low: assert property (
        @(posedge clk) !A1 |-> !X
    );"
05609,four_input_and,assert,"// A low A2 input forces X low.
    check_a2_low_forces_x_low: assert property (
        @(posedge clk) !A2 |-> !X
    );"
05609,four_input_and,assert,"// A high B1_N input forces X low.
    check_b1n_high_forces_x_low: assert property (
        @(posedge clk) B1_N |-> !X
    );"
05609,four_input_and,assert,"// A high X requires A1 and A2 to be high and B1_N to be low.
    check_x_high_requires_inputs: assert property (
        @(posedge clk) X |-> (A1 && A2 && !B1_N)
    );"
05627,counter4,assert,"// Reset forces the counter to zero.
    check_reset_clears_count: assert property (
        @(posedge clk) rst |-> (count == 4'h0)
    );"
05627,counter4,assert,"// The first sampled cycle after reset deassertion still shows zero.
    check_post_reset_zero: assert property (
        @(posedge clk) disable iff (rst) $fell(rst) |-> (count == 4'h0)
    );"
05627,counter4,assert,"// The counter increments by one when below 9.
    check_increment_when_below_nine: assert property (
        @(posedge clk) disable iff (rst) (count != 4'h9) |=> (count == ($past(count) + 4'd1))
    );"
05627,counter4,assert,"// The counter wraps from 9 back to 0.
    check_wrap_from_nine_to_zero: assert property (
        @(posedge clk) disable iff (rst) (count == 4'h9) |=> (count == 4'h0)
    );"
05627,counter4,assert,"// The counter value never exceeds 9.
    check_count_range: assert property (
        @(posedge clk) disable iff (rst) (count <= 4'h9)
    );"
05637,and4b,assert,"// X must equal the RTL OR-of-ones function.
    check_x_matches_rtl_function: assert property (
        @(posedge clk) X == ~(A_N | B | C | D)
    );"
05637,and4b,assert,"// A_N high forces X low.
    check_an_high_forces_x_low: assert property (
        @(posedge clk) A_N |-> !X
    );"
05637,and4b,assert,"// B high forces X low.
    check_b_high_forces_x_low: assert property (
        @(posedge clk) B |-> !X
    );"
05637,and4b,assert,"// C high forces X low.
    check_c_high_forces_x_low: assert property (
        @(posedge clk) C |-> !X
    );"
05637,and4b,assert,"// D high forces X low.
    check_d_high_forces_x_low: assert property (
        @(posedge clk) D |-> !X
    );"
05637,and4b,assert,"// All inputs low produce X high.
    check_all_inputs_low_produces_x_high: assert property (
        @(posedge clk) (!A_N && !B && !C && !D) |-> X
    );"
05637,and4b,assert,"// X high implies all inputs are low.
    check_x_high_implies_all_inputs_low: assert property (
        @(posedge clk) X |-> (!A_N && !B && !C && !D)
    );"
05693,shift_register,assert,"// Load captures data_in into data_out on the next clock.
    check_load_captures_input: assert property (
        @(posedge clk) load |=> (data_out == $past(data_in))
    );"
05693,shift_register,assert,"// Without load, data_out rotates left by one bit.
    check_shift_rotates_output: assert property (
        @(posedge clk) !load |=> (data_out == { $past(data_out[2:0]), $past(data_out[3]) })
    );"
05693,shift_register,assert,"// The least-significant bit comes from the previous MSB when shifting.
    check_shift_wraps_msb_to_lsb: assert property (
        @(posedge clk) !load |=> (data_out[0] == $past(data_out[3]))
    );"
05693,shift_register,assert,"// A zero input is captured when load is asserted.
    check_load_captures_zero_input: assert property (
        @(posedge clk) (load && (data_in == 4'h0)) |=> (data_out == 4'h0)
    );"
05693,shift_register,assert,"// A zero output remains zero on the next clock when shifting.
    check_shift_keeps_zero_output: assert property (
        @(posedge clk) (!load && (data_out == 4'h0)) |=> (data_out == 4'h0)
    );"
05719,and_gate_extra,assert,"// Y must equal A & B & ~C.
    check_y_matches_function: assert property (
        @(posedge clk) Y == (A & B & ~C)
    );"
05719,and_gate_extra,assert,"// C high must force Y low.
    check_c_high_forces_y_low: assert property (
        @(posedge clk) C |-> !Y
    );"
05719,and_gate_extra,assert,"// A low must force Y low.
    check_a_low_forces_y_low: assert property (
        @(posedge clk) !A |-> !Y
    );"
05719,and_gate_extra,assert,"// B low must force Y low.
    check_b_low_forces_y_low: assert property (
        @(posedge clk) !B |-> !Y
    );"
05719,and_gate_extra,assert,"// With C low and both inputs high, Y must be high.
    check_all_inputs_true_drive_y_high: assert property (
        @(posedge clk) (!C && A && B) |-> Y
    );"
05720,my_module,assert,"// X must match the implemented OR-of-three function.
    check_output_function: assert property (
        @(posedge clk) X == ((A1 & A2) | B1 | C1)
    );"
05720,my_module,assert,"// B1 high must force X high.
    check_b1_forces_x_high: assert property (
        @(posedge clk) B1 |-> X
    );"
05720,my_module,assert,"// C1 high must force X high.
    check_c1_forces_x_high: assert property (
        @(posedge clk) C1 |-> X
    );"
05720,my_module,assert,"// A1 and A2 high together must force X high.
    check_a1_a2_force_x_high: assert property (
        @(posedge clk) (A1 & A2) |-> X
    );"
05720,my_module,assert,"// With B1 and C1 low, X must equal A1 AND A2.
    check_no_b1_c1_reduces_to_and: assert property (
        @(posedge clk) (!B1 && !C1) |-> (X == (A1 & A2))
    );"
05720,my_module,assert,"// With A1 and A2 low, X must equal B1 OR C1.
    check_no_a1_a2_reduces_to_or: assert property (
        @(posedge clk) (!A1 && !A2) |-> (X == (B1 | C1))
    );"
05720,my_module,assert,"// If X is low, then B1 and C1 must be low and not both A inputs high.
    check_x_low_implies_inputs: assert property (
        @(posedge clk) !X |-> (!B1 && !C1 && !(A1 && A2))
    );"
05736,xnor2,assert,"// Y must always equal the XNOR of A and B.
    check_xnor_function: assert property (
        @(posedge clk) Y == ~(A ^ B)
    );"
05736,xnor2,assert,"// When A and B are equal, Y must be high.
    check_equal_inputs_drive_high: assert property (
        @(posedge clk) (A == B) |-> (Y == 1'b1)
    );"
05736,xnor2,assert,"// When A and B differ, Y must be low.
    check_different_inputs_drive_low: assert property (
        @(posedge clk) (A != B) |-> (Y == 1'b0)
    );"
05745,clk_gated_module,assert,"// gated_clk is low on the first clock after clk_en is low.
    check_gated_clk_low_after_en_low: assert property (
        @(posedge src_clk) !clk_en |=> !gated_clk
    );"
05745,clk_gated_module,assert,"// gated_clk is low on the second clock after clk_en is low.
    check_gated_clk_low_after_en_low_two_cycles: assert property (
        @(posedge src_clk) !clk_en |=> ##1 !gated_clk
    );"
05750,mux_2_1,assert,"// Y must always match the mux equation.
    check_mux_function: assert property (
        @(posedge clk) Y === (SEL ? B : A)
    );"
05750,mux_2_1,assert,"// When SEL is low, Y must equal A.
    check_select_a: assert property (
        @(posedge clk) (SEL === 1'b0) |-> (Y === A)
    );"
05750,mux_2_1,assert,"// When SEL is high, Y must equal B.
    check_select_b: assert property (
        @(posedge clk) (SEL === 1'b1) |-> (Y === B)
    );"
05750,mux_2_1,assert,"// If both inputs are equal, Y must equal that common value.
    check_equal_inputs: assert property (
        @(posedge clk) (A === B) |-> (Y === A)
    );"
