JasperGold Apps 2021.03 FCS 64 bits 2021.03.23 02:50:43 UTC

Any disclosure about the Cadence Design Systems software or its use
model to any third party violates the written Non-Disclosure Agreement
between Cadence Design Systems, Inc. and the customer.

THIS SOFTWARE CONTAINS CONFIDENTIAL INFORMATION AND TRADE SECRETS OF
CADENCE DESIGN SYSTEMS, INC. USE, DISCLOSURE, OR REPRODUCTION IS
PROHIBITED WITHOUT THE PRIOR EXPRESS WRITTEN PERMISSION OF CADENCE
DESIGN SYSTEMS, INC.

Copyright (C) 2000-2021 Cadence Design Systems, Inc. All Rights
Reserved.  Unpublished -- rights reserved under the copyright laws of
the United States.

This product includes software developed by others and redistributed
according to license agreement. See doc/third_party_readme.txt for
further details.

RESTRICTED RIGHTS LEGEND

Use, duplication, or disclosure by the Government is subject to
restrictions as set forth in subparagraph (c) (1) (ii) of the Rights in
Technical Data and Computer Software clause at DFARS 252.227-7013 or
subparagraphs (c) (1) and (2) of Commercial Computer Software -- Restricted
Rights at 48 CFR 52.227-19, as applicable.


                          Cadence Design Systems, Inc. 
                          2655 Seely Avenue
                          San Jose, CA 95134
                          Phone: 408.943.1234

For technical assistance visit http://support.cadence.com.

JasperGold Apps Analysis Session - /home/ab2113/malik25_26/veri_thoughts/dataset/verification_results/version_2/ids/01819/jgproject/sessionLogs/session_0

INFO: successfully checked out license "jasper_fao".
INFO: reading configuration file "/home/ab2113/.config/jasper/jaspergold.conf".
% # ============================================================
% # JasperGold Assertion Verification Runner (env-driven)
% # Output: verification_results/ids/<DESIGN_ID>/
% #
% # Env:
% #   DESIGN_ID     : required (subfolder name)
% #   JG_DESIGN     : required, space/colon-separated RTL file paths OR a directory
% #   JG_SVA        : required, space/colon-separated SVA file paths OR a directory
% #
% # Optional:
% #   JG_TOP        : top module name. If missing, inferred from RTL (default: infer)
% #   JG_STD        : sv12 | sv11 | sv09 (default: sv12)
% #   JG_INCDIRS    : colon/space-separated include dirs (optional)
% #   JG_DEFINES    : space-separated defines NAME or NAME=VAL (optional)
% #   JG_NO_CLOCK   : 1 to force combinational clocking (default: 0)
% #   JG_RESET      : explicit reset signal name (optional)
% #   JG_RESET_EXPR : explicit reset expression (optional)
% #   JG_DUMP_VCD   : 1 to dump VCD waveforms for CEX properties (default: 0)
% # ============================================================
% 
% proc split_env_list {s} {
  if {$s eq ""} {return {}}
  set out {}
  foreach p [split $s " :"] { if {$p ne ""} {lappend out $p} }
  return $out
}
% 
% proc split_space_list {s} {
  if {$s eq ""} {return {}}
  set out {}
  foreach p [split $s " "] { if {$p ne ""} {lappend out $p} }
  return $out
}
% 
% proc collect_files_any {path} {
  # If path is a file, return it. If directory, glob common HDL extensions.
  if {[file isfile $path]} { return [list $path] }
  if {![file isdirectory $path]} { error "Not a file or directory: $path" }

  set patterns {*.sv *.svh *.v *.vh}
  set flist {}
  foreach p $patterns {
    foreach f [glob -nocomplain -types f -directory $path -tails -- $p] {
      lappend flist [file join $path $f]
    }
  }
  if {[llength $flist] == 0} { error "No HDL files found in directory: $path" }
  return $flist
}
% 
% proc read_file_text {path} {
  set fp [open $path "r"]
  set data [read $fp]
  close $fp
  return $data
}
% 
% proc strip_comments {text} {
  set out $text
  regsub -all {(?s)/\*.*?\*/} $out "" out
  regsub -all {(?m)//.*$} $out "" out
  return $out
}
% 
% proc infer_top_from_file {f} {
  if {![file isfile $f]} { return "" }
  set txt [strip_comments [read_file_text $f]]
  if {[regexp -nocase -line {^\s*module\s+([A-Za-z_][A-Za-z0-9_]*)} $txt -> m]} {
    return $m
  }
  return ""
}
% 
% proc find_reset_signal {top files} {
  set top_l [string tolower $top]
  set keywords {input output inout wire reg logic signed unsigned integer parameter localparam bit tri supply0 supply1 tri0 tri1 wand wor}
  foreach f $files {
    if {![file isfile $f]} { continue }
    set txt [strip_comments [read_file_text $f]]
    set re "(?s)\\mmodule\\s+${top_l}\\M\\s*(#\\s*\\(.*?\\)\\s*)?\\((.*?)\\)\\s*;"
    if {[regexp -nocase -- $re $txt -> _port_params portlist]} {
      set tokens [regexp -all -inline {\m[A-Za-z_][A-Za-z0-9_]*\M} $portlist]
      set names {}
      foreach t $tokens {
        set tl [string tolower $t]
        if {[lsearch -exact $keywords $tl] >= 0} { continue }
        lappend names $t
      }
      if {[llength $names] == 0} { continue }
      set lower_map [dict create]
      foreach n $names { dict set lower_map [string tolower $n] $n }
      set exact_priority {reset_n rst_n resetb rstb resetn rstn areset_n arst_n reset rst areset arst}
      foreach p $exact_priority {
        if {[dict exists $lower_map $p]} { return [dict get $lower_map $p] }
      }
      foreach n $names {
        set ln [string tolower $n]
        if {[regexp {(^|_)reset(_|$)} $ln] || [regexp {(^|_)rst(_|$)} $ln]} {
          return $n
        }
      }
    }
  }
  return ""
}
% 
% # ---- Auto-bind helpers ----
% 
% proc sva_files_have_bind {sva_files} {
  # Return 1 if any SVA file already contains a bind statement.
  foreach f $sva_files {
    if {![file isfile $f]} { continue }
    set txt [strip_comments [read_file_text $f]]
    if {[regexp -nocase {(?m)^\s*bind\s+} $txt]} { return 1 }
  }
  return 0
}
% 
% proc extract_module_ports {mod_name files} {
  # Extract port names for a given module from a list of files.
  # Returns a list of port names (order preserved, keywords stripped).
  set keywords {input output inout wire reg logic signed unsigned integer
                parameter localparam bit tri supply0 supply1 tri0 tri1 wand wor}
  foreach f $files {
    if {![file isfile $f]} { continue }
    set txt [strip_comments [read_file_text $f]]
    set re "(?s)\\mmodule\\s+${mod_name}\\M\\s*(#\\s*\\(.*?\\)\\s*)?\\((.*?)\\)\\s*;"
    if {[regexp -nocase -- $re $txt -> _params portlist]} {
      set tokens [regexp -all -inline {\m[A-Za-z_][A-Za-z0-9_]*\M} $portlist]
      set names {}
      foreach t $tokens {
        set tl [string tolower $t]
        if {[lsearch -exact $keywords $tl] >= 0} { continue }
        if {[lsearch -exact $names $t] < 0} { lappend names $t }
      }
      return $names
    }
  }
  return {}
}
% 
% proc generate_auto_bind {top dut_files sva_files out_dir} {
  # If SVA files lack a bind statement, generate one.
  # Returns: path to generated bind file, or "" if bind already exists / cannot generate.
  if {[sva_files_have_bind $sva_files]} {
    puts "INFO: SVA files already contain a bind statement"
    return ""
  }

  # Find the SVA module name (first module in SVA files that is NOT the DUT)
  set sva_mod ""
  foreach f $sva_files {
    if {![file isfile $f]} { continue }
    set txt [strip_comments [read_file_text $f]]
    set matches [regexp -all -inline -nocase {(?m)^\s*module\s+([A-Za-z_][A-Za-z0-9_]*)} $txt]
    foreach {_ mname} $matches {
      if {$mname ne $top} {
        set sva_mod $mname
        break
      }
    }
    if {$sva_mod ne ""} { break }
  }

  if {$sva_mod eq ""} {
    puts "WARN: Could not find SVA module name for auto-bind"
    return ""
  }

  # Get port lists
  set dut_ports [extract_module_ports $top $dut_files]
  set sva_ports [extract_module_ports $sva_mod $sva_files]

  if {[llength $sva_ports] == 0} {
    puts "WARN: SVA module $sva_mod has no ports; cannot auto-bind"
    return ""
  }

  # Build port connections: for each SVA port, connect to DUT port if name
  # matches (case-insensitive), otherwise leave unconnected.
  set dut_lower_map [dict create]
  foreach p $dut_ports { dict set dut_lower_map [string tolower $p] $p }

  set connections {}
  set unconnected {}
  foreach sp $sva_ports {
    set sp_lower [string tolower $sp]
    if {[dict exists $dut_lower_map $sp_lower]} {
      set dp [dict get $dut_lower_map $sp_lower]
      lappend connections "    .${sp}(${dp})"
    } else {
      lappend unconnected $sp
    }
  }

  if {[llength $connections] == 0} {
    puts "WARN: No matching ports between DUT ($top) and SVA ($sva_mod); cannot auto-bind"
    return ""
  }

  # Write the bind file
  set bind_path [file join $out_dir "auto_bind.sv"]
  set conn_str [join $connections ",\n"]
  set fp [open $bind_path "w"]
  puts $fp "// Auto-generated bind (no bind found in SVA files)"
  if {[llength $unconnected] > 0} {
    puts $fp "// NOTE: Unconnected SVA ports (not in DUT): [join $unconnected {, }]"
  }
  puts $fp "bind $top $sva_mod auto_sva_inst ("
  puts $fp $conn_str
  puts $fp ");"
  close $fp

  puts "INFO: Auto-generated bind: $bind_path"
  puts "  DUT=$top  SVA=$sva_mod"
  puts "  Connected ports: [llength $connections]"
  if {[llength $unconnected] > 0} {
    puts "  Unconnected SVA ports: [join $unconnected {, }]"
  }
  return $bind_path
}
% 
% # ---- Read config from environment ----
% if {![info exists ::env(DESIGN_ID)] || $::env(DESIGN_ID) eq ""} {
  puts "ERROR: DESIGN_ID not set."
  exit 2
}
% if {![info exists ::env(JG_DESIGN)] || $::env(JG_DESIGN) eq ""} {
  puts "ERROR: JG_DESIGN not set."
  exit 2
}
% if {![info exists ::env(JG_SVA)] || $::env(JG_SVA) eq ""} {
  puts "ERROR: JG_SVA not set."
  exit 2
}
% 
% set DESIGN_ID $::env(DESIGN_ID)
01819
% 
% # JG_TOP is optional: if missing, infer from RTL
% set TOP ""
% if {[info exists ::env(JG_TOP)] && $::env(JG_TOP) ne ""} {
  set TOP $::env(JG_TOP)
}
% 
% set STD      [expr {[info exists ::env(JG_STD)] ? $::env(JG_STD) : "sv12"}]
sv12
% set INCDIRS  [expr {[info exists ::env(JG_INCDIRS)] ? [split_env_list $::env(JG_INCDIRS)] : {}}]
% # Defines should be space-separated (do NOT split on ':')
% set DEFINES  [expr {[info exists ::env(JG_DEFINES)] ? [split_space_list $::env(JG_DEFINES)] : {}}]
% set NO_CLOCK [expr {[info exists ::env(JG_NO_CLOCK)] ? $::env(JG_NO_CLOCK) : 0}]
1
% set DUMP_VCD [expr {[info exists ::env(JG_DUMP_VCD)] ? $::env(JG_DUMP_VCD) : 0}]
1
% 
% # JG_DESIGN/JG_SVA can be:
% # - a directory
% # - a single file
% # - a list of files/dirs separated by spaces/colons
% set DESIGN_INPUTS [split_env_list $::env(JG_DESIGN)]
./01819/module.v
% set SVA_INPUTS    [split_env_list $::env(JG_SVA)]
./01819/sva.sv
% 
% set DESIGN_FILES {}
% foreach p $DESIGN_INPUTS { set DESIGN_FILES [concat $DESIGN_FILES [collect_files_any $p]] }
% 
% # Infer TOP if not provided
% if {$TOP eq ""} {
  foreach f $DESIGN_FILES {
    set guess [infer_top_from_file $f]
    if {$guess ne ""} { set TOP $guess; break }
  }
  if {$TOP eq ""} {
    puts "ERROR: Could not infer TOP from design files; set JG_TOP explicitly."
    exit 2
  }
}
% puts "INFO: Using TOP = $TOP"
INFO: Using TOP = data_buffer
% 
% set SVA_FILES {}
% foreach p $SVA_INPUTS { set SVA_FILES [concat $SVA_FILES [collect_files_any $p]] }
% 
% # ---- Output dir ----
% # JG_OUT_DIR: explicit output directory from check_all.sh; fallback to legacy path
% if {[info exists ::env(JG_OUT_DIR)] && $::env(JG_OUT_DIR) ne ""} {
  set OUT_DIR $::env(JG_OUT_DIR)
} else {
  set OUT_DIR [file join "verification_results" "ids" $DESIGN_ID]
}
/home/ab2113/malik25_26/veri_thoughts/dataset/verification_results/version_2/ids/01819
% file mkdir $OUT_DIR
% set PROP_LIST_TXT [file join $OUT_DIR "property_list.txt"]
/home/ab2113/malik25_26/veri_thoughts/dataset/verification_results/version_2/ids/01819/property_list.txt
% set SUMMARY_TXT   [file join $OUT_DIR "summary.txt"]
/home/ab2113/malik25_26/veri_thoughts/dataset/verification_results/version_2/ids/01819/summary.txt
% 
% # ---- Auto-bind detection ----
% set AUTO_BIND 0
0
% set BIND_FILE [generate_auto_bind $TOP $DESIGN_FILES $SVA_FILES $OUT_DIR]
INFO: Auto-generated bind: /home/ab2113/malik25_26/veri_thoughts/dataset/verification_results/version_2/ids/01819/auto_bind.sv
  DUT=data_buffer  SVA=data_buffer_sva
  Connected ports: 18
  Unconnected SVA ports: reset_values, assert, property, posedge, d0, b0, b1, por_req_clears_on_input, disable, iff, por_req_only_falls_on_input, fell, por_req_rise_only_on_reset, rose, control_tag_set_on_input, control_tag_clear_on_dequeue_only, control_tag_priority_over_dequeue, control_tag_fall_requires_dequeue, control_tag_stable_when_idle, stable, capture_data_on_valid, valid_sets_on_valid_no_dequeue, valid_cleared_on_dequeue, valid_rise_requires_valid_not_dequeue, valid_fall_requires_dequeue, valid_stable_when_idle, data_ecc_tag_stable_without_valid, dequeue_flag_set_on_input, dequeue_flag_only_rises_on_input, dequeue_flag_never_falls_without_reset, error_set_on_input, error_only_rises_on_error, error_never_falls_without_reset, outputs_stable_when_fully_idle
/home/ab2113/malik25_26/veri_thoughts/dataset/verification_results/version_2/ids/01819/auto_bind.sv
% if {$BIND_FILE ne ""} {
  set AUTO_BIND 1
  lappend SVA_FILES $BIND_FILE
}
./01819/sva.sv /home/ab2113/malik25_26/veri_thoughts/dataset/verification_results/version_2/ids/01819/auto_bind.sv
% 
% puts "INFO: Verification run starting"
INFO: Verification run starting
% puts "  DESIGN_ID : $DESIGN_ID"
  DESIGN_ID : 01819
% puts "  TOP       : $TOP"
  TOP       : data_buffer
% puts "  STD       : $STD"
  STD       : sv12
% puts "  INCDIRS   : $INCDIRS"
  INCDIRS   : 
% puts "  DEFINES   : $DEFINES"
  DEFINES   : 
% puts "  NO_CLOCK  : $NO_CLOCK"
  NO_CLOCK  : 1
% puts "  AUTO_BIND : $AUTO_BIND"
  AUTO_BIND : 1
% puts "  DUMP_VCD  : $DUMP_VCD"
  DUMP_VCD  : 1
% puts "  N_DESIGN  : [llength $DESIGN_FILES]"
  N_DESIGN  : 1
% puts "  N_SVA     : [llength $SVA_FILES]"
  N_SVA     : 2
% puts "  OUT_DIR   : $OUT_DIR"
  OUT_DIR   : /home/ab2113/malik25_26/veri_thoughts/dataset/verification_results/version_2/ids/01819
% 
% # Optional: promote common message groups to errors (best-effort)
% if {[llength [info commands set_msg_config]]} {
  set_msg_config -id COMP*  -severity error
  set_msg_config -id PARSE* -severity error
  set_msg_config -id ELAB*  -severity error
}
% 
% # ---- Build analyze options ----
% set analyze_opts [list analyze -$STD]
analyze -sv12
% if {[llength $INCDIRS] > 0} { lappend analyze_opts -incdir $INCDIRS }
% if {[llength $DEFINES] > 0} {
  foreach d $DEFINES { lappend analyze_opts -define $d }
}
% 
% # ---- Analyze + Elaborate ----
% set err 0
0
% puts "DEBUG: DESIGN_FILES = $DESIGN_FILES"
DEBUG: DESIGN_FILES = ./01819/module.v
% puts "DEBUG: SVA_FILES    = $SVA_FILES"
DEBUG: SVA_FILES    = ./01819/sva.sv /home/ab2113/malik25_26/veri_thoughts/dataset/verification_results/version_2/ids/01819/auto_bind.sv
% 
% if {[catch {eval $analyze_opts $DESIGN_FILES} msg]} {
  puts "ERROR: analyze design failed:\n$msg"
  set err 1
}
[-- (VERI-1482)] Analyzing Verilog file '/scratch/gpfs/LICENSED/x86_64/cadence-20210126/jasper_2021.03/lib/verilog/packages/std/std.sv' into library 'std'
[-- (VERI-1482)] Analyzing Verilog file './01819/module.v'
% if {!$err && [catch {eval $analyze_opts $SVA_FILES} msg2]} {
  puts "ERROR: analyze SVA failed:\n$msg2"
  set err 1
}
[-- (VERI-1482)] Analyzing Verilog file './01819/sva.sv'
[-- (VERI-1482)] Analyzing Verilog file '/home/ab2113/malik25_26/veri_thoughts/dataset/verification_results/version_2/ids/01819/auto_bind.sv'
% 
% puts "DEBUG: Elaborating TOP='$TOP'"
DEBUG: Elaborating TOP='data_buffer'
% if {!$err && [catch {elaborate -top $TOP} emsg]} {
  puts "ERROR: elaborate failed:\n$emsg"
  set err 1
}
INFO (ISW003): Top module name is "data_buffer".
[INFO (HIER-8002)] ./01819/module.v(75): Disabling old hierarchical reference handler
[INFO (VERI-1018)] ./01819/sva.sv(1): compiling module 'data_buffer_sva'
[INFO (VERI-1018)] ./01819/module.v(1): compiling module 'data_buffer'
INFO (INL208): Elaboration synthesis summary:
  Number of synthesized netlists          3 (1 packages)
  Single run mode                         On
  Pipeline                                On (2 pipelined netlists)
  Late hierarchical reference connection  On
  Number of analyzed Verilog modules      3 (3 synthesized)
  Number of analyzed VHDL entities        0 (0 synthesized)
INFO (INL003): Clearing all state information (assumes, stopats, and so forth).
[<embedded>] % 
[<embedded>] % # If combinational / event-driven, you can force "no clock"
[<embedded>] % if {!$err && $NO_CLOCK} {
  catch { clock -none }
}
INFO (ICK008): Enabling clock-free environment.
0
[<embedded>] % 
[<embedded>] % if {$err} {
  puts "\n❌ FAILED: compile/elab errors"
  exit 1
}
[<embedded>] % 
[<embedded>] % # ---- Reset -----
[<embedded>] % set RESET_SIG ""
[<embedded>] % set RESET_EXPR ""
[<embedded>] % if {[info exists ::env(JG_RESET_EXPR)] && $::env(JG_RESET_EXPR) ne ""} {
  set RESET_EXPR $::env(JG_RESET_EXPR)
} elseif {[info exists ::env(JG_RESET)] && $::env(JG_RESET) ne ""} {
  set RESET_SIG $::env(JG_RESET)
} else {
  set RESET_SIG [find_reset_signal $TOP $DESIGN_FILES]
}
reset
[<embedded>] % 
[<embedded>] % if {$RESET_EXPR ne ""} {
  puts "INFO: Using reset expression: $RESET_EXPR"
  catch { reset -expression $RESET_EXPR }
} elseif {$RESET_SIG ne ""} {
  if {[regexp -nocase {(_n|_b)$} $RESET_SIG]} {
    set RESET_EXPR "!$RESET_SIG"
    puts "INFO: Using active-low reset expression: $RESET_EXPR"
    catch { reset -expression $RESET_EXPR }
  } else {
    puts "INFO: Using reset signal: $RESET_SIG"
    catch { reset $RESET_SIG }
  }
} else {
  puts "INFO: No reset signal found; using reset -none"
  catch { reset -none }
}
INFO: Using reset signal: reset
INFO (IPM031): Clearing proof results of all properties.
INFO (IRS006): Current reset condition is "reset".
0
[<embedded>] % 
[<embedded>] % # ---- Property discovery (bind sanity check) ----
[<embedded>] % set ASSERTS {}
[<embedded>] % set COVERS  {}
[<embedded>] % catch { set ASSERTS [assert -list -silent] }
0
[<embedded>] % catch { set COVERS  [cover  -list -silent] }
0
[<embedded>] % 
[<embedded>] % puts "INFO: Found [llength $ASSERTS] asserts, [llength $COVERS] covers"
INFO: Found 23 asserts, 21 covers
[<embedded>] % 
[<embedded>] % # Write property names
[<embedded>] % set fp [open $PROP_LIST_TXT "w"]
file41
[<embedded>] % puts $fp "ASSERT PROPERTIES:"
[<embedded>] % foreach a $ASSERTS { puts $fp $a }
[<embedded>] % puts $fp ""
[<embedded>] % puts $fp "COVER PROPERTIES:"
[<embedded>] % foreach c $COVERS { puts $fp $c }
[<embedded>] % close $fp
[<embedded>] % 
[<embedded>] % if {[llength $ASSERTS] == 0 && [llength $COVERS] == 0} {
  puts "\n❌ FAILED: No properties found (bind likely didn't attach, or wrong TOP)"
  exit 3
}
[<embedded>] % 
[<embedded>] % # ---- Prove all assertions ----
[<embedded>] % # 3600 seconds = 1 hour timeout per property (adjust as needed)
[<embedded>] % set_prove_time_limit 3600
[<embedded>] % 
[<embedded>] % puts "INFO: Running prove -all"
INFO: Running prove -all
[<embedded>] % if {[catch { prove -all } pmsg]} {
  puts "ERROR: prove command failed:\n$pmsg"
  exit 4
}
Ncustom1: Custom engine code is hT3Ng7hPPfiYQOTDZ3qhYOwGAM51eA+J/FjkM5shLioAsqhgLR4Ft+O1BuKG6ilQ83B9tLXSl+CwjiTMAQA
AMcustom2: Custom engine code is hT3Ng7hP/feYQOTDZ3qhYOwGAM51eA+J/FjkM5shLioAsqhgLR4Ft+O1BuKG6ilQ83B9tLXSmmqwm7g9AQA
INFO (IPF036): Starting proof on task: "<embedded>", 44 properties to prove with 0 already proven/unreachable
INFO (IRS029): Starting reset analysis: phase 1 of 4.
INFO (IRS030): Running reset analysis: phase 2 of 4.
INFO (IRS031): Running reset analysis: phase 3 of 4.
INFO (IRS020): Starting the reset analysis simulation with a limit of 100 iterations (phase 4 of 4).
INFO (IRS024): Reset iterations 0 to 3 analyzed.
INFO (IRS018): Reset analysis simulation executed for 2 iterations. Assigned values for 0 of 45 design flops, 0 of 0 design latches, 44 of 140 internal elements.
INFO (IRS039): Reset analysis complete.
INFO (IPF031): Settings used for proof thread 0:
    orchestration                 = on (auto)
    time_limit                    = 3600s
    per_property_time_limit       = 1s * 10 ^ scan
    engine_mode                   = auto
    proofgrid_per_engine_max_jobs = 1
    max engine jobs               = auto
    proofgrid_mode                = local
    proofgrid_restarts            = 10
AMcustom3: Custom engine code is hT3NE7hP/2Fz2XrVSbG0RDiSlOmcEY54dTxWvdDsI3//MxFcPzdQEJVlimlZshtLUKCpt0qXHu9EQAivsvCTP5Pi2s9EBccXnc85FrzRRX45WcXC5XpA9kyHdIYmOxUqsRrN5ntdfkwHRnO7f82Dn4pCsne09HV19Yd/o8VzV0c8nka+2MMhbNDEdLGC4SmTi8oNy00Nn40QJnMevDlPY3jIAQA
Ncustom4: Custom engine code is hT3OXrhPByJp3TrFSTLhUmMH4KVtJgmTCnNDF46yMXOKY48m4LS5nE7yBzFjA7kDuwO/GhGUpEPiky3p3wmPn3dJZHxFMsafSoObRzSC+tn7sEY0WbTdZ/FV4hL3MYH/b1CIUvXSWR4wqEoVLsmMOD4xIPT4lI1LO6ZCO7PnnWQuLwetnvKlrXx6wCW/A+x+enqslg1YPobi4wEF/EvbzOvcTYdJvl2s4H2yZg2b2ofAVN5WvhWk1HoBAA
Ncustom5: Custom engine code is hT3NR7hPByFp3TrFSTLhUmMH4KWtJglTyV/c51BHEeZWamnJv767nE6PCak26bd3gf3XGN3rIRheufhDieCJQVISo+gNYUKhiUedBKGtsP/a18svAnlMJZudHxDFwK5ufsyoxsIyiAeSY2oi3tEuoDHr5gw42DFKAG3PqO3CEsl8Azzdt3pl5nGA1Ifv2H02eYsFzWb/nfp8PMb3F0krE/EgBcm8TD9Div8BAA
Tricustom6: Custom engine code is hT3Nu7hP3fiYQADBZnYcglNHp9bfd7EOeniIqP/ji8sGLQu8yhsFO+wxJ+O+R0bU8g/IewXFomyos+viQnWc2xYNYmMqpo3i40O7DaZR7qfp4YqNx26KRvQ/qx0BAA
0.0.PRE: A proof was found: No trace exists. [0.00 s]
INFO (IPF057): 0.0.PRE: The property "data_buffer.auto_sva_inst.reset_values" was proven in 0.00 s.
0.0.PRE: A proof was found: No trace exists. [0.00 s]
INFO (IPF051): 0.0.PRE: The cover property "data_buffer.auto_sva_inst.reset_values:precondition1" was proven unreachable in 0.00 s.
0: Found proofs for 2 properties in preprocessing
0: Using multistage preprocessing
0: Starting reduce
0: Finished reduce in 0s
0.0.PRE: Performing Proof Simplification...
0.0.N: clocks: 2, declared: 1, disabling: 0, posedge: 2, negedge: 0, noedge: 0, bothedge: 0
0.0.N: Proof Simplification Iteration 1	[0.00 s]
0.0.N: Proof Simplification Iteration 2	[0.00 s]
0.0.N: Proof Simplification Iteration 3	[0.00 s]
0.0.PRE: A proof was found: No trace exists. [0.00 s]
INFO (IPF057): 0.0.PRE: The property ":noDeadEnd" was proven in 0.00 s.
    Use check_assumptions -show -dead_end to show this property in the property table.
0.0.PRE: A proof was found: No trace exists. [0.00 s]
INFO (IPF057): 0.0.PRE: The property ":noConflict" was proven in 0.00 s.
    Use check_assumptions -show to show this property in the property table.
INFO (IPF047): 0.0.PRE: The cover property ":live" was covered in 1 cycles in 0.00 s.
    Use check_assumptions -show -live to show this property in the property table.
0.0.PRE: Proof Simplification completed in 0.00 s
0: About to start ProofGrid in its own thread with a limit of 10000 pending notifications and a limit of 10 traces.
0: =============================== ProofGrid start ===============================
0: ProofGrid usable level: 42
0: ProofGrid is starting event handling
0.0.Hp: Proofgrid shell started at 1972241@della-h14n3(local) jg_1972072_della-h14n3_1
0.0.Hp: OS RSS memory limit : 68719476736 / 68719476736
0.0.N: Proofgrid shell started at 1972240@della-h14n3(local) jg_1972072_della-h14n3_1
0.0.Hp: clocks: 1, declared: 1, disabling: 0, posedge: 1, negedge: 0, noedge: 0, bothedge: 0
0.0.N: OS RSS memory limit : 68719476736 / 68719476736
0.0.N: clocks: 1, declared: 1, disabling: 0, posedge: 1, negedge: 0, noedge: 0, bothedge: 0
0.0.N: Next scan (0) will use per property time limit: 1s * 10 ^ 0 = 1s
0.0.N: Starting proof for property "data_buffer.auto_sva_inst.por_req_clears_on_input"	[0.00 s].
0.0.N: Trace Attempt  1	[0.00 s]
0.0.N: A trace with 1 cycles was found. [0.00 s]
INFO (IPF055): 0.0.N: A counterexample (cex) with 1 cycles was found for the property "data_buffer.auto_sva_inst.por_req_clears_on_input" in 0.01 s.
INFO (IPF047): 0.0.N: The cover property "data_buffer.auto_sva_inst.por_req_clears_on_input:precondition1" was covered in 1 cycles in 0.01 s by the incidental trace "data_buffer.auto_sva_inst.por_req_clears_on_input".
INFO (IPF047): 0.0.N: The cover property "data_buffer.auto_sva_inst.control_tag_stable_when_idle:precondition1" was covered in 1 cycles in 0.01 s by the incidental trace "data_buffer.auto_sva_inst.por_req_clears_on_input".
INFO (IPF047): 0.0.N: The cover property "data_buffer.auto_sva_inst.valid_stable_when_idle:precondition1" was covered in 1 cycles in 0.01 s by the incidental trace "data_buffer.auto_sva_inst.por_req_clears_on_input".
INFO (IPF047): 0.0.N: The cover property "data_buffer.auto_sva_inst.data_ecc_tag_stable_without_valid:precondition1" was covered in 1 cycles in 0.01 s by the incidental trace "data_buffer.auto_sva_inst.por_req_clears_on_input".
0.0.N: Stopped processing property "data_buffer.auto_sva_inst.por_req_clears_on_input"	[0.01 s].
0.0.N: Starting proof for property "data_buffer.auto_sva_inst.por_req_only_falls_on_input"	[0.00 s].
0.0.N: Trace Attempt  1	[0.00 s]
0.0.N: A trace with 1 cycles was found. [0.00 s]
INFO (IPF055): 0.0.N: A counterexample (cex) with 1 cycles was found for the property "data_buffer.auto_sva_inst.por_req_only_falls_on_input" in 0.00 s.
INFO (IPF047): 0.0.N: The cover property "data_buffer.auto_sva_inst.por_req_only_falls_on_input:precondition1" was covered in 1 cycles in 0.00 s by the incidental trace "data_buffer.auto_sva_inst.por_req_only_falls_on_input".
INFO (IPF047): 0.0.N: The cover property "data_buffer.auto_sva_inst.outputs_stable_when_fully_idle:precondition1" was covered in 1 cycles in 0.00 s by the incidental trace "data_buffer.auto_sva_inst.por_req_only_falls_on_input".
0.0.N: Stopped processing property "data_buffer.auto_sva_inst.por_req_only_falls_on_input"	[0.00 s].
0.0.N: Starting proof for property "data_buffer.auto_sva_inst.por_req_rise_only_on_reset"	[0.00 s].
0.0.N: Trace Attempt  1	[0.00 s]
0.0.N: A trace with 1 cycles was found. [0.00 s]
INFO (IPF055): 0.0.N: A counterexample (cex) with 1 cycles was found for the property "data_buffer.auto_sva_inst.por_req_rise_only_on_reset" in 0.00 s.
INFO (IPF047): 0.0.N: The cover property "data_buffer.auto_sva_inst.por_req_rise_only_on_reset:precondition1" was covered in 1 cycles in 0.00 s by the incidental trace "data_buffer.auto_sva_inst.por_req_rise_only_on_reset".
INFO (IPF055): 0.0.N: A counterexample (cex) with 1 cycles was found for the property "data_buffer.auto_sva_inst.outputs_stable_when_fully_idle" in 0.00 s by the incidental trace "data_buffer.auto_sva_inst.por_req_rise_only_on_reset".
0.0.Hp: Trace Attempt  1	[0.00 s]
0.0.N: Stopped processing property "data_buffer.auto_sva_inst.por_req_rise_only_on_reset"	[0.00 s].
0.0.N: Starting proof for property "data_buffer.auto_sva_inst.control_tag_set_on_input"	[0.00 s].
0.0.Hp: A trace with 1 cycles was found. [0.00 s]
INFO (IPF047): 0.0.Hp: The cover property "data_buffer.auto_sva_inst.control_tag_set_on_input:precondition1" was covered in 1 cycles in 0.01 s.
INFO (IPF047): 0.0.Hp: The cover property "data_buffer.auto_sva_inst.control_tag_priority_over_dequeue:precondition1" was covered in 1 cycles in 0.01 s.
INFO (IPF047): 0.0.Hp: The cover property "data_buffer.auto_sva_inst.capture_data_on_valid:precondition1" was covered in 1 cycles in 0.01 s.
INFO (IPF055): 0.0.Hp: A counterexample (cex) with 1 cycles was found for the property "data_buffer.auto_sva_inst.valid_cleared_on_dequeue" in 0.01 s.
INFO (IPF047): 0.0.Hp: The cover property "data_buffer.auto_sva_inst.valid_cleared_on_dequeue:precondition1" was covered in 1 cycles in 0.01 s.
INFO (IPF055): 0.0.Hp: A counterexample (cex) with 1 cycles was found for the property "data_buffer.auto_sva_inst.valid_rise_requires_valid_not_dequeue" in 0.01 s.
INFO (IPF047): 0.0.Hp: The cover property "data_buffer.auto_sva_inst.valid_rise_requires_valid_not_dequeue:precondition1" was covered in 1 cycles in 0.01 s.
INFO (IPF047): 0.0.Hp: The cover property "data_buffer.auto_sva_inst.dequeue_flag_set_on_input:precondition1" was covered in 1 cycles in 0.01 s.
INFO (IPF047): 0.0.Hp: The cover property "data_buffer.auto_sva_inst.dequeue_flag_only_rises_on_input:precondition1" was covered in 1 cycles in 0.01 s.
INFO (IPF047): 0.0.Hp: The cover property "data_buffer.auto_sva_inst.error_set_on_input:precondition1" was covered in 1 cycles in 0.01 s.
INFO (IPF047): 0.0.Hp: The cover property "data_buffer.auto_sva_inst.error_only_rises_on_error:precondition1" was covered in 1 cycles in 0.01 s.
0.0.Hp: A trace with 1 cycles was found. [0.00 s]
INFO (IPF055): 0.0.Hp: A counterexample (cex) with 1 cycles was found for the property "data_buffer.auto_sva_inst.control_tag_set_on_input" in 0.01 s.
INFO (IPF055): 0.0.Hp: A counterexample (cex) with 1 cycles was found for the property "data_buffer.auto_sva_inst.control_tag_priority_over_dequeue" in 0.01 s.
INFO (IPF055): 0.0.Hp: A counterexample (cex) with 1 cycles was found for the property "data_buffer.auto_sva_inst.control_tag_fall_requires_dequeue" in 0.01 s.
INFO (IPF047): 0.0.Hp: The cover property "data_buffer.auto_sva_inst.control_tag_fall_requires_dequeue:precondition1" was covered in 1 cycles in 0.01 s.
0: ProofGrid is temporarily paused because there are too many pending traces.
0: ProofGrid is resuming to work after pausing for 0s. The amount of pending traces decreased.
0.0.Hp: A trace with 1 cycles was found. [0.00 s]
INFO (IPF055): 0.0.Hp: A counterexample (cex) with 1 cycles was found for the property "data_buffer.auto_sva_inst.control_tag_clear_on_dequeue_only" in 0.01 s.
INFO (IPF047): 0.0.Hp: The cover property "data_buffer.auto_sva_inst.control_tag_clear_on_dequeue_only:precondition1" was covered in 1 cycles in 0.01 s.
0.0.N: Stopped processing property "data_buffer.auto_sva_inst.control_tag_set_on_input"	[0.00 s].
0.0.N: Starting proof for property "data_buffer.auto_sva_inst.control_tag_stable_when_idle"	[0.00 s].
0.0.N: Trace Attempt  1	[0.00 s]
0.0.N: A trace with 1 cycles was found. [0.00 s]
INFO (IPF055): 0.0.N: A counterexample (cex) with 1 cycles was found for the property "data_buffer.auto_sva_inst.control_tag_stable_when_idle" in 0.00 s.
0.0.N: Stopped processing property "data_buffer.auto_sva_inst.control_tag_stable_when_idle"	[0.00 s].
0.0.Hp: A trace with 1 cycles was found. [0.00 s]
INFO (IPF047): 0.0.Hp: The cover property "data_buffer.auto_sva_inst.valid_sets_on_valid_no_dequeue:precondition1" was covered in 1 cycles in 0.01 s.
INFO (IPF055): 0.0.Hp: A counterexample (cex) with 1 cycles was found for the property "data_buffer.auto_sva_inst.dequeue_flag_only_rises_on_input" in 0.01 s.
0.0.Hp: A trace with 1 cycles was found. [0.00 s]
INFO (IPF055): 0.0.Hp: A counterexample (cex) with 1 cycles was found for the property "data_buffer.auto_sva_inst.capture_data_on_valid" in 0.01 s.
0: ProofGrid is temporarily paused because there are too many pending traces.
0: ProofGrid is resuming to work after pausing for 0s. The amount of pending traces decreased.
0.0.Hp: A trace with 1 cycles was found. [0.00 s]
INFO (IPF055): 0.0.Hp: A counterexample (cex) with 1 cycles was found for the property "data_buffer.auto_sva_inst.valid_sets_on_valid_no_dequeue" in 0.02 s.
INFO (IPF055): 0.0.Hp: A counterexample (cex) with 1 cycles was found for the property "data_buffer.auto_sva_inst.valid_fall_requires_dequeue" in 0.02 s.
INFO (IPF047): 0.0.Hp: The cover property "data_buffer.auto_sva_inst.valid_fall_requires_dequeue:precondition1" was covered in 1 cycles in 0.02 s.
0.0.Hp: A trace with 1 cycles was found. [0.00 s]
INFO (IPF055): 0.0.Hp: A counterexample (cex) with 1 cycles was found for the property "data_buffer.auto_sva_inst.valid_stable_when_idle" in 0.02 s.
INFO (IPF055): 0.0.Hp: A counterexample (cex) with 1 cycles was found for the property "data_buffer.auto_sva_inst.data_ecc_tag_stable_without_valid" in 0.02 s.
0.0.Hp: A trace with 1 cycles was found. [0.00 s]
INFO (IPF055): 0.0.Hp: A counterexample (cex) with 1 cycles was found for the property "data_buffer.auto_sva_inst.dequeue_flag_set_on_input" in 0.02 s.
INFO (IPF055): 0.0.Hp: A counterexample (cex) with 1 cycles was found for the property "data_buffer.auto_sva_inst.dequeue_flag_never_falls_without_reset" in 0.02 s.
0.0.Hp: A trace with 1 cycles was found. [0.00 s]
INFO (IPF055): 0.0.Hp: A counterexample (cex) with 1 cycles was found for the property "data_buffer.auto_sva_inst.error_set_on_input" in 0.02 s.
INFO (IPF055): 0.0.Hp: A counterexample (cex) with 1 cycles was found for the property "data_buffer.auto_sva_inst.error_never_falls_without_reset" in 0.02 s.
0.0.N: Requesting engine job to stop
0.0.Hp: Requesting engine job to terminate
INFO (IPF144): 0: Initiating shutdown of proof [0.02 s]
0.0.Hp: A trace with 1 cycles was found. [0.00 s]
INFO (IPF055): 0.0.Hp: A counterexample (cex) with 1 cycles was found for the property "data_buffer.auto_sva_inst.error_only_rises_on_error" in 0.02 s.
0.0.Hp: All properties determined. [0.00 s]
0.0.N: Last scan. Per property time limit: 0s
0.0.N: Starting proof for property "data_buffer.auto_sva_inst.valid_stable_when_idle"	[0.00 s].
0.0.N: Trace Attempt  1	[0.00 s]
0.0.N: Stopped processing property "data_buffer.auto_sva_inst.valid_stable_when_idle"	[0.00 s].
0.0.N: Starting proof for property "data_buffer.auto_sva_inst.dequeue_flag_set_on_input"	[0.00 s].
0.0.N: Stopped processing property "data_buffer.auto_sva_inst.dequeue_flag_set_on_input"	[0.00 s].
0.0.N: Starting proof for property "data_buffer.auto_sva_inst.error_set_on_input"	[0.00 s].
0.0.N: Stopped processing property "data_buffer.auto_sva_inst.error_set_on_input"	[0.00 s].
0.0.N: Starting proof for property "data_buffer.auto_sva_inst.error_only_rises_on_error"	[0.00 s].
0.0.N: Stopped processing property "data_buffer.auto_sva_inst.error_only_rises_on_error"	[0.00 s].
0.0.N: All properties determined. [0.00 s]
0.0.Hp: Exited with Success (@ 0.02 s)
0: ProofGrid usable level: 0
0.0.Ht: Proofgrid shell started at 1972254@della-h14n3(local) jg_1972072_della-h14n3_1
0.0.Ht: Requesting engine job to terminate
0.0.N: Exited with Success (@ 0.07 s)
0.0.Ht: Interrupted. [0.01 s]
0.0.B: Proofgrid shell started at 1972255@della-h14n3(local) jg_1972072_della-h14n3_1
0.0.B: Requesting engine job to terminate
0.0.Ht: Exited with Success (@ 0.07 s)
0.0.B: Interrupted. [0.01 s]
0.0.B: Exited with Success (@ 0.07 s)
0: --------------------------------------------------------------
ProofGrid Summary (utilization 15.25 %)
--------------------------------------------------------------
     engines started                               :     4
     engine jobs started                           :     4

    Average time in state (seconds)
    ------------------------------------------------------
    Engine  Pending     Running        Dead    Utilization
    ------------------------------------------------------
      N        0.07        0.02        0.00       26.26 %
     Hp        0.06        0.02        0.00       27.61 %
     Ht        0.07        0.00        0.00        0.00 %
      B        0.07        0.00        0.00        0.00 %
    all        0.07        0.01        0.00       15.25 %

    Total time in state (seconds)
    -----------------------------------------
            Pending     Running        Dead  
    -----------------------------------------
               0.26        0.05        0.00

    Data read    : 21.46 kiB
    Data written : 2.52 kiB

0: All pending notifications were processed.
INFO (IPF059): Completed proof on task: "<embedded>" for proof thread 0

==============================================================
SUMMARY
==============================================================
           Properties Considered              : 44
                 assertions                   : 23
                  - proven                    : 1 (4.34783%)
                  - bounded_proven (user)     : 0 (0%)
                  - bounded_proven (auto)     : 0 (0%)
                  - marked_proven             : 0 (0%)
                  - cex                       : 22 (95.6522%)
                  - ar_cex                    : 0 (0%)
                  - undetermined              : 0 (0%)
                  - unknown                   : 0 (0%)
                  - error                     : 0 (0%)
                 covers                       : 21
                  - unreachable               : 1 (4.7619%)
                  - bounded_unreachable (user): 0 (0%)
                  - covered                   : 20 (95.2381%)
                  - ar_covered                : 0 (0%)
                  - undetermined              : 0 (0%)
                  - unknown                   : 0 (0%)
                  - error                     : 0 (0%)
[<embedded>] % 
[<embedded>] % # ---- Covers (best effort) ----
[<embedded>] % catch { cover -all }
1
[<embedded>] % 
[<embedded>] % # ---- Collect CEX details ----
[<embedded>] % set CEX_TXT [file join $OUT_DIR "cex_details.txt"]
/home/ab2113/malik25_26/veri_thoughts/dataset/verification_results/version_2/ids/01819/cex_details.txt
[<embedded>] % set cex_props {}
[<embedded>] % catch { set cex_props [get_property_list -include {status cex}] }
0
[<embedded>] % set ar_cex_props {}
[<embedded>] % catch { set ar_cex_props [get_property_list -include {status ar_cex}] }
WARNING (WPM042): No properties matched the specified filters.
0
[<embedded>] % 
[<embedded>] % set fp_cex [open $CEX_TXT "w"]
file43
[<embedded>] % puts $fp_cex "# Counter-example details for DESIGN_ID=$DESIGN_ID"
[<embedded>] % puts $fp_cex "# Format: property_name | cex_type | cex_length"
[<embedded>] % puts $fp_cex ""
[<embedded>] % 
[<embedded>] % foreach prop $cex_props {
  set cex_len ""
  catch { set cex_len [get_property_info -prop $prop cex_length] }
  puts $fp_cex "$prop | cex | $cex_len"
}
[<embedded>] % foreach prop $ar_cex_props {
  set cex_len ""
  catch { set cex_len [get_property_info -prop $prop cex_length] }
  puts $fp_cex "$prop | ar_cex | $cex_len"
}
[<embedded>] % close $fp_cex
[<embedded>] % 
[<embedded>] % set n_cex    [llength $cex_props]
22
[<embedded>] % set n_ar_cex [llength $ar_cex_props]
0
[<embedded>] % puts "INFO: CEX properties: $n_cex cex, $n_ar_cex ar_cex"
INFO: CEX properties: 22 cex, 0 ar_cex
[<embedded>] % puts "INFO: Wrote $CEX_TXT"
INFO: Wrote /home/ab2113/malik25_26/veri_thoughts/dataset/verification_results/version_2/ids/01819/cex_details.txt
[<embedded>] % 
[<embedded>] % # ---- Dump VCD waveforms for CEX properties ----
[<embedded>] % if {$DUMP_VCD && ($n_cex > 0 || $n_ar_cex > 0)} {
  set VCD_DIR [file join $OUT_DIR "cex_vcd"]
  file mkdir $VCD_DIR
  set all_cex_props [concat $cex_props $ar_cex_props]
  set vcd_count 0

  foreach prop $all_cex_props {
    set safe_name [regsub -all {[^A-Za-z0-9_.-]} $prop "_"]
    set vcd_path [file join $VCD_DIR "${safe_name}.vcd"]

    set dumped 0

    # Strip <embedded>:: prefix for prove -property (it needs the short name)
    set short_prop [regsub {^<embedded>::} $prop ""]

    # Force re-prove the property so JasperGold regenerates the trace,
    # then immediately visualize before the trace is discarded.
    if {!$dumped && [catch {
      prove -property $short_prop -force
      visualize -violation $prop
      visualize -save -vcd $vcd_path
      visualize -close
      set dumped 1
      incr vcd_count
      puts "INFO: Dumped VCD for $prop -> $vcd_path"
    } err1]} {
      catch { visualize -close }
      puts "DEBUG: Approach 1 (force re-prove) failed: $err1"
    }

    # Approach 2: visualize -violation with -new_trace to force trace gen
    if {!$dumped && [catch {
      visualize -violation $prop -new_trace
      visualize -save -vcd $vcd_path
      visualize -close
      set dumped 1
      incr vcd_count
      puts "INFO: Dumped VCD for $prop -> $vcd_path"
    } err2]} {
      catch { visualize -close }
      puts "DEBUG: Approach 2 (-new_trace) failed: $err2"
    }

    # Approach 3: prove with -force and auto engine mode
    if {!$dumped && [catch {
      set_engine_mode {auto}
      prove -property $short_prop -force
      visualize -violation $prop
      visualize -save -vcd $vcd_path
      visualize -close
      set dumped 1
      incr vcd_count
      puts "INFO: Dumped VCD for $prop -> $vcd_path"
    } err3]} {
      catch { visualize -close }
      puts "DEBUG: Approach 3 (auto engine) failed: $err3"
    }

    if {!$dumped} {
      puts "WARN: Could not dump VCD for $prop (all approaches failed)"
    }
  }
  puts "INFO: Dumped $vcd_count VCD files to $VCD_DIR"
} elseif {$DUMP_VCD} {
  puts "INFO: No CEX properties to dump VCD for"
}
INFO (IPF036): Starting proof on task: "<embedded>", 1 properties to prove with 0 already proven/unreachable
INFO (IPF031): Settings used for proof thread 1:
    orchestration                 = on (auto)
    time_limit                    = 3600s
    per_property_time_limit       = 1s * 10 ^ scan
    engine_mode                   = auto
    proofgrid_per_engine_max_jobs = 1
    max engine jobs               = auto
    proofgrid_mode                = local
    proofgrid_restarts            = 10
1: Using multistage preprocessing
1: Starting reduce
1: Finished reduce in 0s
1.0.PRE: Performing Proof Simplification...
1.0.N: clocks: 2, declared: 1, disabling: 0, posedge: 2, negedge: 0, noedge: 0, bothedge: 0
1.0.N: Proof Simplification Iteration 1	[0.00 s]
1.0.N: Proof Simplification Iteration 2	[0.00 s]
1.0.N: Proof Simplification Iteration 3	[0.00 s]
1.0.PRE: A proof was found: No trace exists. [0.00 s]
INFO (IPF057): 1.0.PRE: The property ":noDeadEnd" was proven in 0.00 s.
    Use check_assumptions -show -dead_end to show this property in the property table.
1.0.PRE: Proof Simplification completed in 0.00 s
1: About to start ProofGrid in its own thread with a limit of 10000 pending notifications and a limit of 10 traces.
1: =============================== ProofGrid start ===============================
1: ProofGrid usable level: 1
1: ProofGrid is starting event handling
1.0.Hp: Proofgrid shell started at 1972277@della-h14n3(local) jg_1972072_della-h14n3_2
1.0.N: Proofgrid shell started at 1972276@della-h14n3(local) jg_1972072_della-h14n3_2
1.0.Hp: OS RSS memory limit : 68719476736 / 68719476736
1.0.N: OS RSS memory limit : 68719476736 / 68719476736
1.0.Hp: clocks: 1, declared: 1, disabling: 0, posedge: 1, negedge: 0, noedge: 0, bothedge: 0
1.0.Hp: Trace Attempt  1	[0.00 s]
1.0.N: Requesting engine job to stop
1.0.Hp: Requesting engine job to terminate
INFO (IPF144): 1: Initiating shutdown of proof [0.00 s]
1.0.Hp: A trace with 1 cycles was found. [0.00 s]
INFO (IPF055): 1.0.Hp: A counterexample (cex) with 1 cycles was found for the property "data_buffer.auto_sva_inst.por_req_clears_on_input" in 0.00 s.
1.0.Hp: All properties determined. [0.00 s]
1.0.N: Interrupted. [0.00 s]
1.0.Hp: Exited with Success (@ 0.00 s)
1: ProofGrid usable level: 0
1.0.Ht: Proofgrid shell started at 1972290@della-h14n3(local) jg_1972072_della-h14n3_2
1.0.Ht: Requesting engine job to terminate
1.0.B: Proofgrid shell started at 1972291@della-h14n3(local) jg_1972072_della-h14n3_2
1.0.B: Requesting engine job to terminate
1.0.N: Exited with Success (@ 0.06 s)
1.0.Ht: Interrupted. [0.01 s]
1.0.B: Interrupted. [0.01 s]
1.0.Ht: Exited with Success (@ 0.06 s)
1.0.B: Exited with Success (@ 0.06 s)
1: --------------------------------------------------------------
ProofGrid Summary (utilization 0.26 %)
--------------------------------------------------------------
     engines started                               :     4
     engine jobs started                           :     4

    Average time in state (seconds)
    ------------------------------------------------------
    Engine  Pending     Running        Dead    Utilization
    ------------------------------------------------------
      N        0.06        0.00        0.00        0.12 %
     Hp        0.06        0.00        0.00        0.92 %
     Ht        0.06        0.00        0.00        0.00 %
      B        0.06        0.00        0.00        0.00 %
    all        0.06        0.00        0.00        0.26 %

    Total time in state (seconds)
    -----------------------------------------
            Pending     Running        Dead  
    -----------------------------------------
               0.26        0.00        0.00

    Data read    : 1.36 kiB
    Data written : 1.27 kiB

1: All pending notifications were processed.
INFO (IPF059): Completed proof on task: "<embedded>" for proof thread 1
INFO (IVS015): Setting Visualize task to "<embedded>".
INFO (IVS008): Expanding analysis region to enable visualization of "<embedded>::data_buffer.auto_sva_inst.por_req_clears_on_input".
INFO (IPF031): Settings used for proof thread 2:
    orchestration                 = off (auto)
    time_limit                    = 3600s
    per_property_time_limit       = 1s * 10 ^ scan
    engine_mode                   = Hp Ht N B 
    proofgrid_per_engine_max_jobs = 1
    max engine jobs               = Hp Ht N B, total 2
    proofgrid_mode                = local
    proofgrid_restarts            = 10
ERROR (EVS053): No trace satisfying these configurations exists for any max_length.
WARNING (WVS028): Saved trace only contains values for the target's COI.
    Use "set_trace_optimization standard" before running Visualize to save values for the full design.
DEBUG: Approach 1 (force re-prove) failed: ERROR (EVS125): No Visualize trace is available for "visualize -save -vcd".

DEBUG: Approach 2 (-new_trace) failed: ERROR (ESW104): Invalid command formation.
    Problem occurs with "-violation -new_trace".

INFO (IPF036): Starting proof on task: "<embedded>", 1 properties to prove with 0 already proven/unreachable
INFO (IPF031): Settings used for proof thread 3:
    orchestration                 = on (auto)
    time_limit                    = 3600s
    per_property_time_limit       = 1s * 10 ^ scan
    engine_mode                   = auto
    proofgrid_per_engine_max_jobs = 1
    max engine jobs               = auto
    proofgrid_mode                = local
    proofgrid_restarts            = 10
3: Using multistage preprocessing
3: Starting reduce
3: Finished reduce in 0s
3.0.PRE: Performing Proof Simplification...
3.0.N: clocks: 2, declared: 1, disabling: 0, posedge: 2, negedge: 0, noedge: 0, bothedge: 0
3.0.N: Proof Simplification Iteration 1	[0.00 s]
3.0.N: Proof Simplification Iteration 2	[0.00 s]
3.0.N: Proof Simplification Iteration 3	[0.00 s]
3.0.PRE: A proof was found: No trace exists. [0.00 s]
INFO (IPF057): 3.0.PRE: The property ":noDeadEnd" was proven in 0.00 s.
    Use check_assumptions -show -dead_end to show this property in the property table.
3.0.PRE: Proof Simplification completed in 0.00 s
3: About to start ProofGrid in its own thread with a limit of 10000 pending notifications and a limit of 10 traces.
3: =============================== ProofGrid start ===============================
3: ProofGrid usable level: 1
3: ProofGrid is starting event handling
3.0.Hp: Proofgrid shell started at 1972315@della-h14n3(local) jg_1972072_della-h14n3_4
3.0.N: Proofgrid shell started at 1972314@della-h14n3(local) jg_1972072_della-h14n3_4
3.0.Hp: OS RSS memory limit : 68719476736 / 68719476736
3.0.Hp: clocks: 1, declared: 1, disabling: 0, posedge: 1, negedge: 0, noedge: 0, bothedge: 0
3.0.N: OS RSS memory limit : 68719476736 / 68719476736
3.0.N: clocks: 1, declared: 1, disabling: 0, posedge: 1, negedge: 0, noedge: 0, bothedge: 0
3.0.Hp: Trace Attempt  1	[0.00 s]
3.0.N: Last scan. Per property time limit: 0s
3.0.N: Starting proof for property "data_buffer.auto_sva_inst.por_req_clears_on_input"	[0.00 s].
3.0.N: Requesting engine job to stop
3.0.Hp: Requesting engine job to terminate
INFO (IPF144): 3: Initiating shutdown of proof [0.00 s]
3.0.Hp: A trace with 1 cycles was found. [0.00 s]
INFO (IPF055): 3.0.Hp: A counterexample (cex) with 1 cycles was found for the property "data_buffer.auto_sva_inst.por_req_clears_on_input" in 0.00 s.
3.0.N: Stopped processing property "data_buffer.auto_sva_inst.por_req_clears_on_input"	[0.00 s].
3.0.N: All properties determined. [0.00 s]
3.0.Hp: All properties determined. [0.00 s]
3.0.Ht: Proofgrid shell started at 1972328@della-h14n3(local) jg_1972072_della-h14n3_4
3.0.Ht: Requesting engine job to terminate
3.0.B: Proofgrid shell started at 1972329@della-h14n3(local) jg_1972072_della-h14n3_4
3.0.B: Requesting engine job to terminate
3.0.B: Interrupted. [0.01 s]
3.0.N: Exited with Success (@ 0.07 s)
3: ProofGrid usable level: 0
3.0.Hp: Exited with Success (@ 0.07 s)
3.0.Ht: Interrupted. [0.01 s]
3.0.B: Exited with Success (@ 0.07 s)
3.0.Ht: Exited with Success (@ 0.07 s)
3: --------------------------------------------------------------
ProofGrid Summary (utilization 0.42 %)
--------------------------------------------------------------
     engines started                               :     4
     engine jobs started                           :     4

    Average time in state (seconds)
    ------------------------------------------------------
    Engine  Pending     Running        Dead    Utilization
    ------------------------------------------------------
      N        0.07        0.00        0.00        0.46 %
     Hp        0.06        0.00        0.00        1.24 %
     Ht        0.07        0.00        0.00        0.00 %
      B        0.06        0.00        0.00        0.00 %
    all        0.06        0.00        0.00        0.42 %

    Total time in state (seconds)
    -----------------------------------------
            Pending     Running        Dead  
    -----------------------------------------
               0.26        0.00        0.00

    Data read    : 1.53 kiB
    Data written : 1.27 kiB

3: All pending notifications were processed.
INFO (IPF059): Completed proof on task: "<embedded>" for proof thread 3
INFO (IVS015): Setting Visualize task to "<embedded>".
INFO (IVS008): Expanding analysis region to enable visualization of "<embedded>::data_buffer.auto_sva_inst.por_req_clears_on_input".
INFO (IPF031): Settings used for proof thread 4:
    orchestration                 = off (auto)
    time_limit                    = 3600s
    per_property_time_limit       = 1s * 10 ^ scan
    engine_mode                   = Ht Hp B N 
    proofgrid_per_engine_max_jobs = 1
    max engine jobs               = Ht Hp B N, total 2
    proofgrid_mode                = local
    proofgrid_restarts            = 10
ERROR (EVS053): No trace satisfying these configurations exists for any max_length.
WARNING (WVS028): Saved trace only contains values for the target's COI.
    Use "set_trace_optimization standard" before running Visualize to save values for the full design.
DEBUG: Approach 3 (auto engine) failed: ERROR (EVS125): No Visualize trace is available for "visualize -save -vcd".

WARN: Could not dump VCD for <embedded>::data_buffer.auto_sva_inst.por_req_clears_on_input (all approaches failed)
INFO (IPF036): Starting proof on task: "<embedded>", 1 properties to prove with 0 already proven/unreachable
INFO (IPF031): Settings used for proof thread 5:
    orchestration                 = on (auto)
    time_limit                    = 3600s
    per_property_time_limit       = 1s * 10 ^ scan
    engine_mode                   = auto
    proofgrid_per_engine_max_jobs = 1
    max engine jobs               = auto
    proofgrid_mode                = local
    proofgrid_restarts            = 10
5: Using multistage preprocessing
5: Starting reduce
5: Finished reduce in 0s
5.0.PRE: Performing Proof Simplification...
5.0.N: clocks: 2, declared: 1, disabling: 0, posedge: 2, negedge: 0, noedge: 0, bothedge: 0
5.0.N: Proof Simplification Iteration 1	[0.00 s]
5.0.N: Proof Simplification Iteration 2	[0.00 s]
5.0.N: Proof Simplification Iteration 3	[0.00 s]
5.0.PRE: A proof was found: No trace exists. [0.00 s]
INFO (IPF057): 5.0.PRE: The property ":noDeadEnd" was proven in 0.00 s.
    Use check_assumptions -show -dead_end to show this property in the property table.
5.0.PRE: Proof Simplification completed in 0.00 s
5: About to start ProofGrid in its own thread with a limit of 10000 pending notifications and a limit of 10 traces.
5: =============================== ProofGrid start ===============================
5: ProofGrid usable level: 1
5: ProofGrid is starting event handling
5.0.Hp: Proofgrid shell started at 1972353@della-h14n3(local) jg_1972072_della-h14n3_6
5.0.N: Proofgrid shell started at 1972352@della-h14n3(local) jg_1972072_della-h14n3_6
5.0.Hp: OS RSS memory limit : 68719476736 / 68719476736
5.0.N: OS RSS memory limit : 68719476736 / 68719476736
5.0.Hp: clocks: 1, declared: 1, disabling: 0, posedge: 1, negedge: 0, noedge: 0, bothedge: 0
5.0.Hp: Trace Attempt  1	[0.00 s]
5.0.Hp: Requesting engine job to terminate
INFO (IPF144): 5: Initiating shutdown of proof [0.00 s]
5.0.Hp: A trace with 1 cycles was found. [0.00 s]
INFO (IPF055): 5.0.Hp: A counterexample (cex) with 1 cycles was found for the property "data_buffer.auto_sva_inst.por_req_only_falls_on_input" in 0.00 s.
5.0.Hp: All properties determined. [0.00 s]
5.0.N: Requesting engine job to terminate
5.0.N: All properties determined. [0.00 s]
5.0.B: Proofgrid shell started at 1972367@della-h14n3(local) jg_1972072_della-h14n3_6
5.0.B: Requesting engine job to terminate
5.0.N: Exited with Success (@ 0.07 s)
5: ProofGrid usable level: 0
5.0.Hp: Exited with Success (@ 0.07 s)
5.0.Ht: Proofgrid shell started at 1972366@della-h14n3(local) jg_1972072_della-h14n3_6
5.0.Ht: Requesting engine job to terminate
5.0.B: Interrupted. [0.01 s]
5.0.Ht: Interrupted. [0.01 s]
5.0.Ht: Exited with Success (@ 0.07 s)
5.0.B: Exited with Success (@ 0.07 s)
5: --------------------------------------------------------------
ProofGrid Summary (utilization 0.29 %)
--------------------------------------------------------------
     engines started                               :     4
     engine jobs started                           :     4

    Average time in state (seconds)
    ------------------------------------------------------
    Engine  Pending     Running        Dead    Utilization
    ------------------------------------------------------
      N        0.06        0.00        0.00        0.00 %
     Hp        0.06        0.00        0.00        1.15 %
     Ht        0.06        0.00        0.00        0.00 %
      B        0.06        0.00        0.00        0.00 %
    all        0.06        0.00        0.00        0.29 %

    Total time in state (seconds)
    -----------------------------------------
            Pending     Running        Dead  
    -----------------------------------------
               0.26        0.00        0.00

    Data read    : 1.36 kiB
    Data written : 1.24 kiB

5: All pending notifications were processed.
INFO (IPF059): Completed proof on task: "<embedded>" for proof thread 5
INFO (IVS015): Setting Visualize task to "<embedded>".
INFO (IVS008): Expanding analysis region to enable visualization of "<embedded>::data_buffer.auto_sva_inst.por_req_only_falls_on_input".
INFO (IPF031): Settings used for proof thread 6:
    orchestration                 = off (auto)
    time_limit                    = 3600s
    per_property_time_limit       = 1s * 10 ^ scan
    engine_mode                   = Ht Hp B N 
    proofgrid_per_engine_max_jobs = 1
    max engine jobs               = Ht Hp B N, total 2
    proofgrid_mode                = local
    proofgrid_restarts            = 10
ERROR (EVS053): No trace satisfying these configurations exists for any max_length.
WARNING (WVS028): Saved trace only contains values for the target's COI.
    Use "set_trace_optimization standard" before running Visualize to save values for the full design.
DEBUG: Approach 1 (force re-prove) failed: ERROR (EVS125): No Visualize trace is available for "visualize -save -vcd".

DEBUG: Approach 2 (-new_trace) failed: ERROR (ESW104): Invalid command formation.
    Problem occurs with "-violation -new_trace".

INFO (IPF036): Starting proof on task: "<embedded>", 1 properties to prove with 0 already proven/unreachable
INFO (IPF031): Settings used for proof thread 7:
    orchestration                 = on (auto)
    time_limit                    = 3600s
    per_property_time_limit       = 1s * 10 ^ scan
    engine_mode                   = auto
    proofgrid_per_engine_max_jobs = 1
    max engine jobs               = auto
    proofgrid_mode                = local
    proofgrid_restarts            = 10
7: Using multistage preprocessing
7: Starting reduce
7: Finished reduce in 0s
7.0.PRE: Performing Proof Simplification...
7.0.N: clocks: 2, declared: 1, disabling: 0, posedge: 2, negedge: 0, noedge: 0, bothedge: 0
7.0.N: Proof Simplification Iteration 1	[0.00 s]
7.0.N: Proof Simplification Iteration 2	[0.00 s]
7.0.N: Proof Simplification Iteration 3	[0.00 s]
7.0.PRE: A proof was found: No trace exists. [0.00 s]
INFO (IPF057): 7.0.PRE: The property ":noDeadEnd" was proven in 0.00 s.
    Use check_assumptions -show -dead_end to show this property in the property table.
7.0.PRE: Proof Simplification completed in 0.00 s
7: About to start ProofGrid in its own thread with a limit of 10000 pending notifications and a limit of 10 traces.
7: =============================== ProofGrid start ===============================
7: ProofGrid usable level: 1
7: ProofGrid is starting event handling
7.0.Hp: Proofgrid shell started at 1972391@della-h14n3(local) jg_1972072_della-h14n3_8
7.0.N: Proofgrid shell started at 1972390@della-h14n3(local) jg_1972072_della-h14n3_8
7.0.Hp: OS RSS memory limit : 68719476736 / 68719476736
7.0.N: OS RSS memory limit : 68719476736 / 68719476736
7.0.Hp: clocks: 1, declared: 1, disabling: 0, posedge: 1, negedge: 0, noedge: 0, bothedge: 0
7.0.Hp: Trace Attempt  1	[0.00 s]
7.0.N: Requesting engine job to stop
7.0.Hp: Requesting engine job to terminate
INFO (IPF144): 7: Initiating shutdown of proof [0.00 s]
7.0.Hp: A trace with 1 cycles was found. [0.00 s]
INFO (IPF055): 7.0.Hp: A counterexample (cex) with 1 cycles was found for the property "data_buffer.auto_sva_inst.por_req_only_falls_on_input" in 0.00 s.
7.0.Hp: All properties determined. [0.00 s]
7.0.N: Interrupted. [0.00 s]
7.0.Hp: Exited with Success (@ 0.00 s)
7: ProofGrid usable level: 0
7.0.Ht: Proofgrid shell started at 1972404@della-h14n3(local) jg_1972072_della-h14n3_8
7.0.Ht: Requesting engine job to terminate
7.0.B: Proofgrid shell started at 1972405@della-h14n3(local) jg_1972072_della-h14n3_8
7.0.B: Requesting engine job to terminate
7.0.N: Exited with Success (@ 0.06 s)
7.0.Ht: Interrupted. [0.01 s]
7.0.B: Interrupted. [0.01 s]
7.0.B: Exited with Success (@ 0.07 s)
7.0.Ht: Exited with Success (@ 0.07 s)
7: --------------------------------------------------------------
ProofGrid Summary (utilization 0.37 %)
--------------------------------------------------------------
     engines started                               :     4
     engine jobs started                           :     4

    Average time in state (seconds)
    ------------------------------------------------------
    Engine  Pending     Running        Dead    Utilization
    ------------------------------------------------------
      N        0.07        0.00        0.00        0.06 %
     Hp        0.06        0.00        0.00        1.41 %
     Ht        0.06        0.00        0.00        0.00 %
      B        0.06        0.00        0.00        0.00 %
    all        0.06        0.00        0.00        0.37 %

    Total time in state (seconds)
    -----------------------------------------
            Pending     Running        Dead  
    -----------------------------------------
               0.26        0.00        0.00

    Data read    : 1.36 kiB
    Data written : 1.27 kiB

7: All pending notifications were processed.
INFO (IPF059): Completed proof on task: "<embedded>" for proof thread 7
INFO (IVS015): Setting Visualize task to "<embedded>".
INFO (IVS008): Expanding analysis region to enable visualization of "<embedded>::data_buffer.auto_sva_inst.por_req_only_falls_on_input".
INFO (IPF031): Settings used for proof thread 8:
    orchestration                 = off (auto)
    time_limit                    = 3600s
    per_property_time_limit       = 1s * 10 ^ scan
    engine_mode                   = Ht Hp B N 
    proofgrid_per_engine_max_jobs = 1
    max engine jobs               = Ht Hp B N, total 2
    proofgrid_mode                = local
    proofgrid_restarts            = 10
ERROR (EVS053): No trace satisfying these configurations exists for any max_length.
WARNING (WVS028): Saved trace only contains values for the target's COI.
    Use "set_trace_optimization standard" before running Visualize to save values for the full design.
DEBUG: Approach 3 (auto engine) failed: ERROR (EVS125): No Visualize trace is available for "visualize -save -vcd".

WARN: Could not dump VCD for <embedded>::data_buffer.auto_sva_inst.por_req_only_falls_on_input (all approaches failed)
INFO (IPF036): Starting proof on task: "<embedded>", 1 properties to prove with 0 already proven/unreachable
INFO (IPF031): Settings used for proof thread 9:
    orchestration                 = on (auto)
    time_limit                    = 3600s
    per_property_time_limit       = 1s * 10 ^ scan
    engine_mode                   = auto
    proofgrid_per_engine_max_jobs = 1
    max engine jobs               = auto
    proofgrid_mode                = local
    proofgrid_restarts            = 10
9: Using multistage preprocessing
9: Starting reduce
9: Finished reduce in 0s
9.0.PRE: Performing Proof Simplification...
9.0.N: clocks: 2, declared: 1, disabling: 0, posedge: 2, negedge: 0, noedge: 0, bothedge: 0
9.0.N: Proof Simplification Iteration 1	[0.00 s]
9.0.N: Proof Simplification Iteration 2	[0.00 s]
9.0.N: Proof Simplification Iteration 3	[0.00 s]
9.0.PRE: A proof was found: No trace exists. [0.00 s]
INFO (IPF057): 9.0.PRE: The property ":noDeadEnd" was proven in 0.00 s.
    Use check_assumptions -show -dead_end to show this property in the property table.
9.0.PRE: Proof Simplification completed in 0.00 s
9: About to start ProofGrid in its own thread with a limit of 10000 pending notifications and a limit of 10 traces.
9: =============================== ProofGrid start ===============================
9: ProofGrid usable level: 1
9: ProofGrid is starting event handling
9.0.N: Proofgrid shell started at 1972428@della-h14n3(local) jg_1972072_della-h14n3_10
9.0.Hp: Proofgrid shell started at 1972429@della-h14n3(local) jg_1972072_della-h14n3_10
9.0.N: OS RSS memory limit : 68719476736 / 68719476736
9.0.Hp: OS RSS memory limit : 68719476736 / 68719476736
9.0.N: clocks: 1, declared: 1, disabling: 0, posedge: 1, negedge: 0, noedge: 0, bothedge: 0
9.0.Hp: clocks: 1, declared: 1, disabling: 0, posedge: 1, negedge: 0, noedge: 0, bothedge: 0
9.0.N: Last scan. Per property time limit: 0s
9.0.N: Starting proof for property "data_buffer.auto_sva_inst.por_req_rise_only_on_reset"	[0.00 s].
9.0.N: Trace Attempt  1	[0.00 s]
9.0.N: Requesting engine job to stop
9.0.Hp: Requesting engine job to terminate
INFO (IPF144): 9: Initiating shutdown of proof [0.00 s]
9.0.N: A trace with 1 cycles was found. [0.00 s]
INFO (IPF055): 9.0.N: A counterexample (cex) with 1 cycles was found for the property "data_buffer.auto_sva_inst.por_req_rise_only_on_reset" in 0.00 s.
9.0.N: Stopped processing property "data_buffer.auto_sva_inst.por_req_rise_only_on_reset"	[0.00 s].
9.0.Hp: Trace Attempt  1	[0.00 s]
9.0.Hp: All properties determined. [0.00 s]
9.0.Hp: Exited with Success (@ 0.00 s)
9: ProofGrid usable level: 0
9.0.N: All properties determined. [0.00 s]
9.0.B: Proofgrid shell started at 1972443@della-h14n3(local) jg_1972072_della-h14n3_10
9.0.B: Requesting engine job to terminate
9.0.N: Exited with Success (@ 0.06 s)
9.0.B: Interrupted. [0.01 s]
9.0.Ht: Proofgrid shell started at 1972442@della-h14n3(local) jg_1972072_della-h14n3_10
9.0.Ht: Requesting engine job to terminate
9.0.B: Exited with Success (@ 0.07 s)
9.0.Ht: Interrupted. [0.01 s]
9.0.Ht: Exited with Success (@ 0.07 s)
9: --------------------------------------------------------------
ProofGrid Summary (utilization 0.98 %)
--------------------------------------------------------------
     engines started                               :     4
     engine jobs started                           :     4

    Average time in state (seconds)
    ------------------------------------------------------
    Engine  Pending     Running        Dead    Utilization
    ------------------------------------------------------
      N        0.06        0.00        0.00        1.95 %
     Hp        0.06        0.00        0.00        1.93 %
     Ht        0.07        0.00        0.00        0.00 %
      B        0.06        0.00        0.00        0.00 %
    all        0.06        0.00        0.00        0.98 %

    Total time in state (seconds)
    -----------------------------------------
            Pending     Running        Dead  
    -----------------------------------------
               0.26        0.00        0.00

    Data read    : 1.62 kiB
    Data written : 1.26 kiB

9: All pending notifications were processed.
INFO (IPF059): Completed proof on task: "<embedded>" for proof thread 9
INFO (IVS015): Setting Visualize task to "<embedded>".
INFO (IVS008): Expanding analysis region to enable visualization of "<embedded>::data_buffer.auto_sva_inst.por_req_rise_only_on_reset".
INFO (IPF031): Settings used for proof thread 10:
    orchestration                 = off (auto)
    time_limit                    = 3600s
    per_property_time_limit       = 1s * 10 ^ scan
    engine_mode                   = Ht Hp B N 
    proofgrid_per_engine_max_jobs = 1
    max engine jobs               = Ht Hp B N, total 2
    proofgrid_mode                = local
    proofgrid_restarts            = 10
ERROR (EVS053): No trace satisfying these configurations exists for any max_length.
WARNING (WVS028): Saved trace only contains values for the target's COI.
    Use "set_trace_optimization standard" before running Visualize to save values for the full design.
DEBUG: Approach 1 (force re-prove) failed: ERROR (EVS125): No Visualize trace is available for "visualize -save -vcd".

DEBUG: Approach 2 (-new_trace) failed: ERROR (ESW104): Invalid command formation.
    Problem occurs with "-violation -new_trace".

INFO (IPF036): Starting proof on task: "<embedded>", 1 properties to prove with 0 already proven/unreachable
INFO (IPF031): Settings used for proof thread 11:
    orchestration                 = on (auto)
    time_limit                    = 3600s
    per_property_time_limit       = 1s * 10 ^ scan
    engine_mode                   = auto
    proofgrid_per_engine_max_jobs = 1
    max engine jobs               = auto
    proofgrid_mode                = local
    proofgrid_restarts            = 10
11: Using multistage preprocessing
11: Starting reduce
11: Finished reduce in 0s
11.0.PRE: Performing Proof Simplification...
11.0.N: clocks: 2, declared: 1, disabling: 0, posedge: 2, negedge: 0, noedge: 0, bothedge: 0
11.0.N: Proof Simplification Iteration 1	[0.00 s]
11.0.N: Proof Simplification Iteration 2	[0.00 s]
11.0.N: Proof Simplification Iteration 3	[0.00 s]
11.0.PRE: A proof was found: No trace exists. [0.00 s]
INFO (IPF057): 11.0.PRE: The property ":noDeadEnd" was proven in 0.00 s.
    Use check_assumptions -show -dead_end to show this property in the property table.
11.0.PRE: Proof Simplification completed in 0.00 s
11: About to start ProofGrid in its own thread with a limit of 10000 pending notifications and a limit of 10 traces.
11: =============================== ProofGrid start ===============================
11: ProofGrid usable level: 1
11: ProofGrid is starting event handling
11.0.Hp: Proofgrid shell started at 1972468@della-h14n3(local) jg_1972072_della-h14n3_12
11.0.N: Proofgrid shell started at 1972467@della-h14n3(local) jg_1972072_della-h14n3_12
11.0.Hp: OS RSS memory limit : 68719476736 / 68719476736
11.0.N: OS RSS memory limit : 68719476736 / 68719476736
11.0.Hp: clocks: 1, declared: 1, disabling: 0, posedge: 1, negedge: 0, noedge: 0, bothedge: 0
11.0.Hp: Trace Attempt  1	[0.00 s]
11.0.N: Requesting engine job to stop
11.0.Hp: Requesting engine job to terminate
INFO (IPF144): 11: Initiating shutdown of proof [0.00 s]
11.0.Hp: A trace with 1 cycles was found. [0.00 s]
INFO (IPF055): 11.0.Hp: A counterexample (cex) with 1 cycles was found for the property "data_buffer.auto_sva_inst.por_req_rise_only_on_reset" in 0.00 s.
11.0.Hp: All properties determined. [0.00 s]
11.0.N: Interrupted. [0.00 s]
11.0.Hp: Exited with Success (@ 0.00 s)
11: ProofGrid usable level: 0
11.0.B: Proofgrid shell started at 1972482@della-h14n3(local) jg_1972072_della-h14n3_12
11.0.B: Requesting engine job to terminate
11.0.N: Exited with Success (@ 0.06 s)
11.0.B: Interrupted. [0.01 s]
11.0.Ht: Proofgrid shell started at 1972481@della-h14n3(local) jg_1972072_della-h14n3_12
11.0.Ht: Requesting engine job to terminate
11.0.Ht: Interrupted. [0.01 s]
11.0.B: Exited with Success (@ 0.07 s)
11.0.Ht: Exited with Success (@ 0.07 s)
11: --------------------------------------------------------------
ProofGrid Summary (utilization 0.35 %)
--------------------------------------------------------------
     engines started                               :     4
     engine jobs started                           :     4

    Average time in state (seconds)
    ------------------------------------------------------
    Engine  Pending     Running        Dead    Utilization
    ------------------------------------------------------
      N        0.06        0.00        0.00        0.39 %
     Hp        0.06        0.00        0.00        1.01 %
     Ht        0.06        0.00        0.00        0.00 %
      B        0.06        0.00        0.00        0.00 %
    all        0.06        0.00        0.00        0.35 %

    Total time in state (seconds)
    -----------------------------------------
            Pending     Running        Dead  
    -----------------------------------------
               0.26        0.00        0.00

    Data read    : 1.36 kiB
    Data written : 1.27 kiB

11: All pending notifications were processed.
INFO (IPF059): Completed proof on task: "<embedded>" for proof thread 11
INFO (IVS015): Setting Visualize task to "<embedded>".
INFO (IVS008): Expanding analysis region to enable visualization of "<embedded>::data_buffer.auto_sva_inst.por_req_rise_only_on_reset".
INFO (IPF031): Settings used for proof thread 12:
    orchestration                 = off (auto)
    time_limit                    = 3600s
    per_property_time_limit       = 1s * 10 ^ scan
    engine_mode                   = Ht Hp B N 
    proofgrid_per_engine_max_jobs = 1
    max engine jobs               = Ht Hp B N, total 2
    proofgrid_mode                = local
    proofgrid_restarts            = 10
ERROR (EVS053): No trace satisfying these configurations exists for any max_length.
WARNING (WVS028): Saved trace only contains values for the target's COI.
    Use "set_trace_optimization standard" before running Visualize to save values for the full design.
DEBUG: Approach 3 (auto engine) failed: ERROR (EVS125): No Visualize trace is available for "visualize -save -vcd".

WARN: Could not dump VCD for <embedded>::data_buffer.auto_sva_inst.por_req_rise_only_on_reset (all approaches failed)
INFO (IPF036): Starting proof on task: "<embedded>", 1 properties to prove with 0 already proven/unreachable
INFO (IPF031): Settings used for proof thread 13:
    orchestration                 = on (auto)
    time_limit                    = 3600s
    per_property_time_limit       = 1s * 10 ^ scan
    engine_mode                   = auto
    proofgrid_per_engine_max_jobs = 1
    max engine jobs               = auto
    proofgrid_mode                = local
    proofgrid_restarts            = 10
13: Using multistage preprocessing
13: Starting reduce
13: Finished reduce in 0s
13.0.PRE: Performing Proof Simplification...
13.0.N: clocks: 2, declared: 1, disabling: 0, posedge: 2, negedge: 0, noedge: 0, bothedge: 0
13.0.N: Proof Simplification Iteration 1	[0.00 s]
13.0.PRE: A proof was found: No trace exists. [0.00 s]
INFO (IPF057): 13.0.PRE: The property ":noDeadEnd" was proven in 0.00 s.
    Use check_assumptions -show -dead_end to show this property in the property table.
13.0.PRE: Proof Simplification completed in 0.00 s
13: About to start ProofGrid in its own thread with a limit of 10000 pending notifications and a limit of 10 traces.
13: =============================== ProofGrid start ===============================
13: ProofGrid usable level: 1
13: ProofGrid is starting event handling
13.0.Hp: Proofgrid shell started at 1972506@della-h14n3(local) jg_1972072_della-h14n3_14
13.0.N: Proofgrid shell started at 1972505@della-h14n3(local) jg_1972072_della-h14n3_14
13.0.Hp: OS RSS memory limit : 68719476736 / 68719476736
13.0.N: OS RSS memory limit : 68719476736 / 68719476736
13.0.Hp: clocks: 1, declared: 1, disabling: 0, posedge: 1, negedge: 0, noedge: 0, bothedge: 0
13.0.Hp: Trace Attempt  1	[0.00 s]
13.0.N: Requesting engine job to stop
13.0.Hp: Requesting engine job to terminate
INFO (IPF144): 13: Initiating shutdown of proof [0.00 s]
13.0.Hp: A trace with 1 cycles was found. [0.00 s]
INFO (IPF055): 13.0.Hp: A counterexample (cex) with 1 cycles was found for the property "data_buffer.auto_sva_inst.control_tag_set_on_input" in 0.00 s.
13.0.Hp: All properties determined. [0.00 s]
13.0.N: Interrupted. [0.00 s]
13.0.Hp: Exited with Success (@ 0.00 s)
13: ProofGrid usable level: 0
13.0.N: Exited with Success (@ 0.00 s)
13.0.Ht: Proofgrid shell started at 1972519@della-h14n3(local) jg_1972072_della-h14n3_14
13.0.Ht: Requesting engine job to terminate
13.0.B: Proofgrid shell started at 1972520@della-h14n3(local) jg_1972072_della-h14n3_14
13.0.B: Requesting engine job to terminate
13.0.Ht: Interrupted. [0.01 s]
13.0.B: Interrupted. [0.01 s]
13.0.Ht: Exited with Success (@ 0.07 s)
13.0.B: Exited with Success (@ 0.07 s)
13: --------------------------------------------------------------
ProofGrid Summary (utilization 0.38 %)
--------------------------------------------------------------
     engines started                               :     4
     engine jobs started                           :     4

    Average time in state (seconds)
    ------------------------------------------------------
    Engine  Pending     Running        Dead    Utilization
    ------------------------------------------------------
      N        0.07        0.00        0.00        0.06 %
     Hp        0.06        0.00        0.00        1.46 %
     Ht        0.07        0.00        0.00        0.00 %
      B        0.06        0.00        0.00        0.00 %
    all        0.06        0.00        0.00        0.38 %

    Total time in state (seconds)
    -----------------------------------------
            Pending     Running        Dead  
    -----------------------------------------
               0.26        0.00        0.00

    Data read    : 1.36 kiB
    Data written : 1.27 kiB

13: All pending notifications were processed.
INFO (IPF059): Completed proof on task: "<embedded>" for proof thread 13
INFO (IVS015): Setting Visualize task to "<embedded>".
INFO (IVS008): Expanding analysis region to enable visualization of "<embedded>::data_buffer.auto_sva_inst.control_tag_set_on_input".
INFO (IPF031): Settings used for proof thread 14:
    orchestration                 = off (auto)
    time_limit                    = 3600s
    per_property_time_limit       = 1s * 10 ^ scan
    engine_mode                   = Ht Hp B N 
    proofgrid_per_engine_max_jobs = 1
    max engine jobs               = Ht Hp B N, total 2
    proofgrid_mode                = local
    proofgrid_restarts            = 10
ERROR (EVS053): No trace satisfying these configurations exists for any max_length.
WARNING (WVS028): Saved trace only contains values for the target's COI.
    Use "set_trace_optimization standard" before running Visualize to save values for the full design.
DEBUG: Approach 1 (force re-prove) failed: ERROR (EVS125): No Visualize trace is available for "visualize -save -vcd".

DEBUG: Approach 2 (-new_trace) failed: ERROR (ESW104): Invalid command formation.
    Problem occurs with "-violation -new_trace".

INFO (IPF036): Starting proof on task: "<embedded>", 1 properties to prove with 0 already proven/unreachable
INFO (IPF031): Settings used for proof thread 15:
    orchestration                 = on (auto)
    time_limit                    = 3600s
    per_property_time_limit       = 1s * 10 ^ scan
    engine_mode                   = auto
    proofgrid_per_engine_max_jobs = 1
    max engine jobs               = auto
    proofgrid_mode                = local
    proofgrid_restarts            = 10
15: Using multistage preprocessing
15: Starting reduce
15: Finished reduce in 0s
15.0.PRE: Performing Proof Simplification...
15.0.N: clocks: 2, declared: 1, disabling: 0, posedge: 2, negedge: 0, noedge: 0, bothedge: 0
15.0.N: Proof Simplification Iteration 1	[0.00 s]
15.0.PRE: A proof was found: No trace exists. [0.00 s]
INFO (IPF057): 15.0.PRE: The property ":noDeadEnd" was proven in 0.00 s.
    Use check_assumptions -show -dead_end to show this property in the property table.
15.0.PRE: Proof Simplification completed in 0.00 s
15: About to start ProofGrid in its own thread with a limit of 10000 pending notifications and a limit of 10 traces.
15: =============================== ProofGrid start ===============================
15: ProofGrid usable level: 1
15: ProofGrid is starting event handling
15.0.Hp: Proofgrid shell started at 1972544@della-h14n3(local) jg_1972072_della-h14n3_16
15.0.N: Proofgrid shell started at 1972543@della-h14n3(local) jg_1972072_della-h14n3_16
15.0.Hp: OS RSS memory limit : 68719476736 / 68719476736
15.0.Hp: clocks: 1, declared: 1, disabling: 0, posedge: 1, negedge: 0, noedge: 0, bothedge: 0
15.0.N: OS RSS memory limit : 68719476736 / 68719476736
15.0.Hp: Trace Attempt  1	[0.00 s]
15.0.N: Requesting engine job to stop
15.0.Hp: Requesting engine job to terminate
INFO (IPF144): 15: Initiating shutdown of proof [0.00 s]
15.0.Hp: A trace with 1 cycles was found. [0.00 s]
INFO (IPF055): 15.0.Hp: A counterexample (cex) with 1 cycles was found for the property "data_buffer.auto_sva_inst.control_tag_set_on_input" in 0.00 s.
15.0.Hp: All properties determined. [0.00 s]
15.0.N: Interrupted. [0.00 s]
15.0.Hp: Exited with Success (@ 0.06 s)
15: ProofGrid usable level: 0
15.0.B: Proofgrid shell started at 1972558@della-h14n3(local) jg_1972072_della-h14n3_16
15.0.B: Requesting engine job to terminate
15.0.N: Exited with Success (@ 0.06 s)
15.0.B: Interrupted. [0.01 s]
15.0.Ht: Proofgrid shell started at 1972557@della-h14n3(local) jg_1972072_della-h14n3_16
15.0.Ht: Requesting engine job to terminate
15.0.Ht: Interrupted. [0.01 s]
15.0.Ht: Exited with Success (@ 0.07 s)
15.0.B: Exited with Success (@ 0.07 s)
15: --------------------------------------------------------------
ProofGrid Summary (utilization 0.44 %)
--------------------------------------------------------------
     engines started                               :     4
     engine jobs started                           :     4

    Average time in state (seconds)
    ------------------------------------------------------
    Engine  Pending     Running        Dead    Utilization
    ------------------------------------------------------
      N        0.06        0.00        0.00        0.57 %
     Hp        0.06        0.00        0.00        1.20 %
     Ht        0.06        0.00        0.00        0.00 %
      B        0.06        0.00        0.00        0.00 %
    all        0.06        0.00        0.00        0.44 %

    Total time in state (seconds)
    -----------------------------------------
            Pending     Running        Dead  
    -----------------------------------------
               0.26        0.00        0.00

    Data read    : 1.36 kiB
    Data written : 1.27 kiB

15: All pending notifications were processed.
INFO (IPF059): Completed proof on task: "<embedded>" for proof thread 15
INFO (IVS015): Setting Visualize task to "<embedded>".
INFO (IVS008): Expanding analysis region to enable visualization of "<embedded>::data_buffer.auto_sva_inst.control_tag_set_on_input".
INFO (IPF031): Settings used for proof thread 16:
    orchestration                 = off (auto)
    time_limit                    = 3600s
    per_property_time_limit       = 1s * 10 ^ scan
    engine_mode                   = Ht Hp B N 
    proofgrid_per_engine_max_jobs = 1
    max engine jobs               = Ht Hp B N, total 2
    proofgrid_mode                = local
    proofgrid_restarts            = 10
ERROR (EVS053): No trace satisfying these configurations exists for any max_length.
WARNING (WVS028): Saved trace only contains values for the target's COI.
    Use "set_trace_optimization standard" before running Visualize to save values for the full design.
DEBUG: Approach 3 (auto engine) failed: ERROR (EVS125): No Visualize trace is available for "visualize -save -vcd".

WARN: Could not dump VCD for <embedded>::data_buffer.auto_sva_inst.control_tag_set_on_input (all approaches failed)
INFO (IPF036): Starting proof on task: "<embedded>", 1 properties to prove with 0 already proven/unreachable
INFO (IPF031): Settings used for proof thread 17:
    orchestration                 = on (auto)
    time_limit                    = 3600s
    per_property_time_limit       = 1s * 10 ^ scan
    engine_mode                   = auto
    proofgrid_per_engine_max_jobs = 1
    max engine jobs               = auto
    proofgrid_mode                = local
    proofgrid_restarts            = 10
17: Using multistage preprocessing
17: Starting reduce
17: Finished reduce in 0s
17.0.PRE: Performing Proof Simplification...
17.0.N: clocks: 2, declared: 1, disabling: 0, posedge: 2, negedge: 0, noedge: 0, bothedge: 0
17.0.N: Proof Simplification Iteration 1	[0.00 s]
17.0.PRE: A proof was found: No trace exists. [0.00 s]
INFO (IPF057): 17.0.PRE: The property ":noDeadEnd" was proven in 0.00 s.
    Use check_assumptions -show -dead_end to show this property in the property table.
17.0.PRE: Proof Simplification completed in 0.00 s
17: About to start ProofGrid in its own thread with a limit of 10000 pending notifications and a limit of 10 traces.
17: =============================== ProofGrid start ===============================
17: ProofGrid usable level: 1
17: ProofGrid is starting event handling
17.0.Hp: Proofgrid shell started at 1972582@della-h14n3(local) jg_1972072_della-h14n3_18
17.0.N: Proofgrid shell started at 1972581@della-h14n3(local) jg_1972072_della-h14n3_18
17.0.Hp: OS RSS memory limit : 68719476736 / 68719476736
17.0.Hp: clocks: 1, declared: 1, disabling: 0, posedge: 1, negedge: 0, noedge: 0, bothedge: 0
17.0.N: OS RSS memory limit : 68719476736 / 68719476736
17.0.Hp: Trace Attempt  1	[0.00 s]
17.0.N: Requesting engine job to stop
17.0.Hp: Requesting engine job to terminate
INFO (IPF144): 17: Initiating shutdown of proof [0.00 s]
17.0.Hp: A trace with 1 cycles was found. [0.00 s]
INFO (IPF055): 17.0.Hp: A counterexample (cex) with 1 cycles was found for the property "data_buffer.auto_sva_inst.control_tag_clear_on_dequeue_only" in 0.00 s.
17.0.Hp: All properties determined. [0.00 s]
17.0.N: Interrupted. [0.00 s]
17.0.Hp: Exited with Success (@ 0.00 s)
17: ProofGrid usable level: 0
17.0.Ht: Proofgrid shell started at 1972595@della-h14n3(local) jg_1972072_della-h14n3_18
17.0.Ht: Requesting engine job to terminate
17.0.N: Exited with Success (@ 0.06 s)
17.0.Ht: Interrupted. [0.01 s]
17.0.B: Proofgrid shell started at 1972596@della-h14n3(local) jg_1972072_della-h14n3_18
17.0.B: Requesting engine job to terminate
17.0.B: Interrupted. [0.01 s]
17.0.Ht: Exited with Success (@ 0.06 s)
17.0.B: Exited with Success (@ 0.06 s)
17: --------------------------------------------------------------
ProofGrid Summary (utilization 0.28 %)
--------------------------------------------------------------
     engines started                               :     4
     engine jobs started                           :     4

    Average time in state (seconds)
    ------------------------------------------------------
    Engine  Pending     Running        Dead    Utilization
    ------------------------------------------------------
      N        0.07        0.00        0.00        0.20 %
     Hp        0.06        0.00        0.00        0.90 %
     Ht        0.06        0.00        0.00        0.00 %
      B        0.06        0.00        0.00        0.00 %
    all        0.06        0.00        0.00        0.28 %

    Total time in state (seconds)
    -----------------------------------------
            Pending     Running        Dead  
    -----------------------------------------
               0.26        0.00        0.00

    Data read    : 1.36 kiB
    Data written : 1.27 kiB

17: All pending notifications were processed.
INFO (IPF059): Completed proof on task: "<embedded>" for proof thread 17
INFO (IVS015): Setting Visualize task to "<embedded>".
INFO (IVS008): Expanding analysis region to enable visualization of "<embedded>::data_buffer.auto_sva_inst.control_tag_clear_on_dequeue_only".
INFO (IPF031): Settings used for proof thread 18:
    orchestration                 = off (auto)
    time_limit                    = 3600s
    per_property_time_limit       = 1s * 10 ^ scan
    engine_mode                   = Ht Hp B N 
    proofgrid_per_engine_max_jobs = 1
    max engine jobs               = Ht Hp B N, total 2
    proofgrid_mode                = local
    proofgrid_restarts            = 10
ERROR (EVS053): No trace satisfying these configurations exists for any max_length.
WARNING (WVS028): Saved trace only contains values for the target's COI.
    Use "set_trace_optimization standard" before running Visualize to save values for the full design.
DEBUG: Approach 1 (force re-prove) failed: ERROR (EVS125): No Visualize trace is available for "visualize -save -vcd".

DEBUG: Approach 2 (-new_trace) failed: ERROR (ESW104): Invalid command formation.
    Problem occurs with "-violation -new_trace".

INFO (IPF036): Starting proof on task: "<embedded>", 1 properties to prove with 0 already proven/unreachable
INFO (IPF031): Settings used for proof thread 19:
    orchestration                 = on (auto)
    time_limit                    = 3600s
    per_property_time_limit       = 1s * 10 ^ scan
    engine_mode                   = auto
    proofgrid_per_engine_max_jobs = 1
    max engine jobs               = auto
    proofgrid_mode                = local
    proofgrid_restarts            = 10
19: Using multistage preprocessing
19: Starting reduce
19: Finished reduce in 0s
19.0.PRE: Performing Proof Simplification...
19.0.N: clocks: 2, declared: 1, disabling: 0, posedge: 2, negedge: 0, noedge: 0, bothedge: 0
19.0.N: Proof Simplification Iteration 1	[0.00 s]
19.0.PRE: A proof was found: No trace exists. [0.00 s]
INFO (IPF057): 19.0.PRE: The property ":noDeadEnd" was proven in 0.00 s.
    Use check_assumptions -show -dead_end to show this property in the property table.
19.0.PRE: Proof Simplification completed in 0.00 s
19: About to start ProofGrid in its own thread with a limit of 10000 pending notifications and a limit of 10 traces.
19: =============================== ProofGrid start ===============================
19: ProofGrid usable level: 1
19: ProofGrid is starting event handling
19.0.Hp: Proofgrid shell started at 1972620@della-h14n3(local) jg_1972072_della-h14n3_20
19.0.N: Proofgrid shell started at 1972619@della-h14n3(local) jg_1972072_della-h14n3_20
19.0.Hp: OS RSS memory limit : 68719476736 / 68719476736
19.0.N: OS RSS memory limit : 68719476736 / 68719476736
19.0.Hp: clocks: 1, declared: 1, disabling: 0, posedge: 1, negedge: 0, noedge: 0, bothedge: 0
19.0.N: clocks: 1, declared: 1, disabling: 0, posedge: 1, negedge: 0, noedge: 0, bothedge: 0
19.0.N: Last scan. Per property time limit: 0s
19.0.N: Starting proof for property "data_buffer.auto_sva_inst.control_tag_clear_on_dequeue_only"	[0.00 s].
19.0.N: Trace Attempt  1	[0.00 s]
19.0.N: Requesting engine job to stop
19.0.Hp: Requesting engine job to terminate
INFO (IPF144): 19: Initiating shutdown of proof [0.00 s]
19.0.N: A trace with 1 cycles was found. [0.00 s]
INFO (IPF055): 19.0.N: A counterexample (cex) with 1 cycles was found for the property "data_buffer.auto_sva_inst.control_tag_clear_on_dequeue_only" in 0.00 s.
19.0.N: Stopped processing property "data_buffer.auto_sva_inst.control_tag_clear_on_dequeue_only"	[0.00 s].
19.0.N: All properties determined. [0.00 s]
19.0.N: Exited with Success (@ 0.00 s)
19: ProofGrid usable level: 0
19.0.Hp: Interrupted (multi)
19.0.Hp: All properties determined. [0.00 s]
19.0.Ht: Proofgrid shell started at 1972633@della-h14n3(local) jg_1972072_della-h14n3_20
19.0.Ht: Requesting engine job to terminate
19.0.B: Proofgrid shell started at 1972634@della-h14n3(local) jg_1972072_della-h14n3_20
19.0.B: Requesting engine job to terminate
19.0.B: Interrupted. [0.01 s]
19.0.Hp: Exited with Success (@ 0.07 s)
19.0.Ht: Interrupted. [0.01 s]
19.0.Ht: Exited with Success (@ 0.07 s)
19.0.B: Exited with Success (@ 0.07 s)
19: --------------------------------------------------------------
ProofGrid Summary (utilization 0.41 %)
--------------------------------------------------------------
     engines started                               :     4
     engine jobs started                           :     4

    Average time in state (seconds)
    ------------------------------------------------------
    Engine  Pending     Running        Dead    Utilization
    ------------------------------------------------------
      N        0.06        0.00        0.00        0.80 %
     Hp        0.06        0.00        0.00        0.85 %
     Ht        0.07        0.00        0.00        0.00 %
      B        0.06        0.00        0.00        0.00 %
    all        0.06        0.00        0.00        0.41 %

    Total time in state (seconds)
    -----------------------------------------
            Pending     Running        Dead  
    -----------------------------------------
               0.26        0.00        0.00

    Data read    : 1.49 kiB
    Data written : 1.28 kiB

19: All pending notifications were processed.
INFO (IPF059): Completed proof on task: "<embedded>" for proof thread 19
INFO (IVS015): Setting Visualize task to "<embedded>".
INFO (IVS008): Expanding analysis region to enable visualization of "<embedded>::data_buffer.auto_sva_inst.control_tag_clear_on_dequeue_only".
INFO (IPF031): Settings used for proof thread 20:
    orchestration                 = off (auto)
    time_limit                    = 3600s
    per_property_time_limit       = 1s * 10 ^ scan
    engine_mode                   = Ht Hp B N 
    proofgrid_per_engine_max_jobs = 1
    max engine jobs               = Ht Hp B N, total 2
    proofgrid_mode                = local
    proofgrid_restarts            = 10
ERROR (EVS053): No trace satisfying these configurations exists for any max_length.
WARNING (WVS028): Saved trace only contains values for the target's COI.
    Use "set_trace_optimization standard" before running Visualize to save values for the full design.
DEBUG: Approach 3 (auto engine) failed: ERROR (EVS125): No Visualize trace is available for "visualize -save -vcd".

WARN: Could not dump VCD for <embedded>::data_buffer.auto_sva_inst.control_tag_clear_on_dequeue_only (all approaches failed)
INFO (IPF036): Starting proof on task: "<embedded>", 1 properties to prove with 0 already proven/unreachable
INFO (IPF031): Settings used for proof thread 21:
    orchestration                 = on (auto)
    time_limit                    = 3600s
    per_property_time_limit       = 1s * 10 ^ scan
    engine_mode                   = auto
    proofgrid_per_engine_max_jobs = 1
    max engine jobs               = auto
    proofgrid_mode                = local
    proofgrid_restarts            = 10
21: Using multistage preprocessing
21: Starting reduce
21: Finished reduce in 0s
21.0.PRE: Performing Proof Simplification...
21.0.N: clocks: 2, declared: 1, disabling: 0, posedge: 2, negedge: 0, noedge: 0, bothedge: 0
21.0.N: Proof Simplification Iteration 1	[0.00 s]
21.0.PRE: A proof was found: No trace exists. [0.00 s]
INFO (IPF057): 21.0.PRE: The property ":noDeadEnd" was proven in 0.00 s.
    Use check_assumptions -show -dead_end to show this property in the property table.
21.0.PRE: Proof Simplification completed in 0.00 s
21: About to start ProofGrid in its own thread with a limit of 10000 pending notifications and a limit of 10 traces.
21: =============================== ProofGrid start ===============================
21: ProofGrid usable level: 1
21: ProofGrid is starting event handling
21.0.N: Proofgrid shell started at 1972657@della-h14n3(local) jg_1972072_della-h14n3_22
21.0.N: OS RSS memory limit : 68719476736 / 68719476736
21.0.N: clocks: 1, declared: 1, disabling: 0, posedge: 1, negedge: 0, noedge: 0, bothedge: 0
21.0.Hp: Proofgrid shell started at 1972658@della-h14n3(local) jg_1972072_della-h14n3_22
21.0.N: Last scan. Per property time limit: 0s
21.0.N: Starting proof for property "data_buffer.auto_sva_inst.control_tag_priority_over_dequeue"	[0.00 s].
21.0.N: Trace Attempt  1	[0.00 s]
21.0.N: Requesting engine job to stop
INFO (IPF144): 21: Initiating shutdown of proof [0.00 s]
21.0.N: A trace with 1 cycles was found. [0.00 s]
INFO (IPF055): 21.0.N: A counterexample (cex) with 1 cycles was found for the property "data_buffer.auto_sva_inst.control_tag_priority_over_dequeue" in 0.00 s.
21.0.N: Stopped processing property "data_buffer.auto_sva_inst.control_tag_priority_over_dequeue"	[0.00 s].
21.0.N: All properties determined. [0.00 s]
21.0.Hp: OS RSS memory limit : 68719476736 / 68719476736
21.0.Hp: Requesting engine job to terminate
21.0.Hp: All properties determined. [0.00 s]
21.0.Ht: Proofgrid shell started at 1972671@della-h14n3(local) jg_1972072_della-h14n3_22
21.0.Ht: Requesting engine job to terminate
21.0.N: Exited with Success (@ 0.06 s)
21: ProofGrid usable level: 0
21.0.Hp: Exited with Success (@ 0.06 s)
21.0.Ht: Interrupted. [0.01 s]
21.0.B: Proofgrid shell started at 1972672@della-h14n3(local) jg_1972072_della-h14n3_22
21.0.B: Requesting engine job to terminate
21.0.B: Interrupted. [0.01 s]
21.0.Ht: Exited with Success (@ 0.07 s)
21.0.B: Exited with Success (@ 0.07 s)
21: --------------------------------------------------------------
ProofGrid Summary (utilization 0.24 %)
--------------------------------------------------------------
     engines started                               :     4
     engine jobs started                           :     4

    Average time in state (seconds)
    ------------------------------------------------------
    Engine  Pending     Running        Dead    Utilization
    ------------------------------------------------------
      N        0.06        0.00        0.00        0.93 %
     Hp        0.06        0.00        0.00        0.00 %
     Ht        0.06        0.00        0.00        0.00 %
      B        0.06        0.00        0.00        0.00 %
    all        0.06        0.00        0.00        0.24 %

    Total time in state (seconds)
    -----------------------------------------
            Pending     Running        Dead  
    -----------------------------------------
               0.26        0.00        0.00

    Data read    : 1.31 kiB
    Data written : 1.26 kiB

21: All pending notifications were processed.
INFO (IPF059): Completed proof on task: "<embedded>" for proof thread 21
INFO (IVS015): Setting Visualize task to "<embedded>".
INFO (IVS008): Expanding analysis region to enable visualization of "<embedded>::data_buffer.auto_sva_inst.control_tag_priority_over_dequeue".
INFO (IPF031): Settings used for proof thread 22:
    orchestration                 = off (auto)
    time_limit                    = 3600s
    per_property_time_limit       = 1s * 10 ^ scan
    engine_mode                   = Ht Hp B N 
    proofgrid_per_engine_max_jobs = 1
    max engine jobs               = Ht Hp B N, total 2
    proofgrid_mode                = local
    proofgrid_restarts            = 10
ERROR (EVS053): No trace satisfying these configurations exists for any max_length.
WARNING (WVS028): Saved trace only contains values for the target's COI.
    Use "set_trace_optimization standard" before running Visualize to save values for the full design.
DEBUG: Approach 1 (force re-prove) failed: ERROR (EVS125): No Visualize trace is available for "visualize -save -vcd".

DEBUG: Approach 2 (-new_trace) failed: ERROR (ESW104): Invalid command formation.
    Problem occurs with "-violation -new_trace".

INFO (IPF036): Starting proof on task: "<embedded>", 1 properties to prove with 0 already proven/unreachable
INFO (IPF031): Settings used for proof thread 23:
    orchestration                 = on (auto)
    time_limit                    = 3600s
    per_property_time_limit       = 1s * 10 ^ scan
    engine_mode                   = auto
    proofgrid_per_engine_max_jobs = 1
    max engine jobs               = auto
    proofgrid_mode                = local
    proofgrid_restarts            = 10
23: Using multistage preprocessing
23: Starting reduce
23: Finished reduce in 0s
23.0.PRE: Performing Proof Simplification...
23.0.N: clocks: 2, declared: 1, disabling: 0, posedge: 2, negedge: 0, noedge: 0, bothedge: 0
23.0.N: Proof Simplification Iteration 1	[0.00 s]
23.0.PRE: A proof was found: No trace exists. [0.00 s]
INFO (IPF057): 23.0.PRE: The property ":noDeadEnd" was proven in 0.00 s.
    Use check_assumptions -show -dead_end to show this property in the property table.
23.0.PRE: Proof Simplification completed in 0.00 s
23: About to start ProofGrid in its own thread with a limit of 10000 pending notifications and a limit of 10 traces.
23: =============================== ProofGrid start ===============================
23: ProofGrid usable level: 1
23: ProofGrid is starting event handling
23.0.Hp: Proofgrid shell started at 1972696@della-h14n3(local) jg_1972072_della-h14n3_24
23.0.N: Proofgrid shell started at 1972695@della-h14n3(local) jg_1972072_della-h14n3_24
23.0.Hp: OS RSS memory limit : 68719476736 / 68719476736
23.0.N: OS RSS memory limit : 68719476736 / 68719476736
23.0.Hp: clocks: 1, declared: 1, disabling: 0, posedge: 1, negedge: 0, noedge: 0, bothedge: 0
23.0.N: clocks: 1, declared: 1, disabling: 0, posedge: 1, negedge: 0, noedge: 0, bothedge: 0
23.0.Hp: Trace Attempt  1	[0.00 s]
23.0.N: Last scan. Per property time limit: 0s
23.0.N: Starting proof for property "data_buffer.auto_sva_inst.control_tag_priority_over_dequeue"	[0.00 s].
23.0.N: Requesting engine job to stop
23.0.Hp: Requesting engine job to terminate
INFO (IPF144): 23: Initiating shutdown of proof [0.00 s]
23.0.Hp: A trace with 1 cycles was found. [0.00 s]
INFO (IPF055): 23.0.Hp: A counterexample (cex) with 1 cycles was found for the property "data_buffer.auto_sva_inst.control_tag_priority_over_dequeue" in 0.00 s.
23.0.Hp: All properties determined. [0.00 s]
23.0.N: Stopped processing property "data_buffer.auto_sva_inst.control_tag_priority_over_dequeue"	[0.00 s].
23.0.N: All properties determined. [0.00 s]
23.0.Hp: Exited with Success (@ 0.06 s)
23: ProofGrid usable level: 0
23.0.Ht: Proofgrid shell started at 1972709@della-h14n3(local) jg_1972072_della-h14n3_24
23.0.Ht: Requesting engine job to terminate
23.0.N: Exited with Success (@ 0.06 s)
23.0.Ht: Interrupted. [0.01 s]
23.0.B: Proofgrid shell started at 1972710@della-h14n3(local) jg_1972072_della-h14n3_24
23.0.B: Requesting engine job to terminate
23.0.Ht: Exited with Success (@ 0.07 s)
23.0.B: Interrupted. [0.01 s]
23.0.B: Exited with Success (@ 0.07 s)
23: --------------------------------------------------------------
ProofGrid Summary (utilization 0.48 %)
--------------------------------------------------------------
     engines started                               :     4
     engine jobs started                           :     4

    Average time in state (seconds)
    ------------------------------------------------------
    Engine  Pending     Running        Dead    Utilization
    ------------------------------------------------------
      N        0.06        0.00        0.00        0.55 %
     Hp        0.06        0.00        0.00        1.38 %
     Ht        0.06        0.00        0.00        0.00 %
      B        0.06        0.00        0.00        0.00 %
    all        0.06        0.00        0.00        0.48 %

    Total time in state (seconds)
    -----------------------------------------
            Pending     Running        Dead  
    -----------------------------------------
               0.26        0.00        0.00

    Data read    : 1.53 kiB
    Data written : 1.27 kiB

23: All pending notifications were processed.
INFO (IPF059): Completed proof on task: "<embedded>" for proof thread 23
INFO (IVS015): Setting Visualize task to "<embedded>".
INFO (IVS008): Expanding analysis region to enable visualization of "<embedded>::data_buffer.auto_sva_inst.control_tag_priority_over_dequeue".
INFO (IPF031): Settings used for proof thread 24:
    orchestration                 = off (auto)
    time_limit                    = 3600s
    per_property_time_limit       = 1s * 10 ^ scan
    engine_mode                   = Ht Hp B N 
    proofgrid_per_engine_max_jobs = 1
    max engine jobs               = Ht Hp B N, total 2
    proofgrid_mode                = local
    proofgrid_restarts            = 10
ERROR (EVS053): No trace satisfying these configurations exists for any max_length.
WARNING (WVS028): Saved trace only contains values for the target's COI.
    Use "set_trace_optimization standard" before running Visualize to save values for the full design.
DEBUG: Approach 3 (auto engine) failed: ERROR (EVS125): No Visualize trace is available for "visualize -save -vcd".

WARN: Could not dump VCD for <embedded>::data_buffer.auto_sva_inst.control_tag_priority_over_dequeue (all approaches failed)
INFO (IPF036): Starting proof on task: "<embedded>", 1 properties to prove with 0 already proven/unreachable
INFO (IPF031): Settings used for proof thread 25:
    orchestration                 = on (auto)
    time_limit                    = 3600s
    per_property_time_limit       = 1s * 10 ^ scan
    engine_mode                   = auto
    proofgrid_per_engine_max_jobs = 1
    max engine jobs               = auto
    proofgrid_mode                = local
    proofgrid_restarts            = 10
25: Using multistage preprocessing
25: Starting reduce
25: Finished reduce in 0s
25.0.PRE: Performing Proof Simplification...
25.0.N: clocks: 2, declared: 1, disabling: 0, posedge: 2, negedge: 0, noedge: 0, bothedge: 0
25.0.N: Proof Simplification Iteration 1	[0.00 s]
25.0.PRE: A proof was found: No trace exists. [0.00 s]
INFO (IPF057): 25.0.PRE: The property ":noDeadEnd" was proven in 0.00 s.
    Use check_assumptions -show -dead_end to show this property in the property table.
25.0.PRE: Proof Simplification completed in 0.00 s
25: About to start ProofGrid in its own thread with a limit of 10000 pending notifications and a limit of 10 traces.
25: =============================== ProofGrid start ===============================
25: ProofGrid usable level: 1
25: ProofGrid is starting event handling
25.0.Hp: Proofgrid shell started at 1972734@della-h14n3(local) jg_1972072_della-h14n3_26
25.0.N: Proofgrid shell started at 1972733@della-h14n3(local) jg_1972072_della-h14n3_26
25.0.Hp: OS RSS memory limit : 68719476736 / 68719476736
25.0.N: OS RSS memory limit : 68719476736 / 68719476736
25.0.Hp: clocks: 1, declared: 1, disabling: 0, posedge: 1, negedge: 0, noedge: 0, bothedge: 0
25.0.N: clocks: 1, declared: 1, disabling: 0, posedge: 1, negedge: 0, noedge: 0, bothedge: 0
25.0.N: Last scan. Per property time limit: 0s
25.0.N: Starting proof for property "data_buffer.auto_sva_inst.control_tag_fall_requires_dequeue"	[0.00 s].
25.0.N: Trace Attempt  1	[0.00 s]
25.0.N: Requesting engine job to stop
25.0.Hp: Requesting engine job to terminate
INFO (IPF144): 25: Initiating shutdown of proof [0.00 s]
25.0.N: A trace with 1 cycles was found. [0.00 s]
INFO (IPF055): 25.0.N: A counterexample (cex) with 1 cycles was found for the property "data_buffer.auto_sva_inst.control_tag_fall_requires_dequeue" in 0.00 s.
25.0.N: Stopped processing property "data_buffer.auto_sva_inst.control_tag_fall_requires_dequeue"	[0.00 s].
25.0.N: All properties determined. [0.00 s]
25.0.Hp: Interrupted (multi)
25.0.Hp: All properties determined. [0.00 s]
25.0.Ht: Proofgrid shell started at 1972747@della-h14n3(local) jg_1972072_della-h14n3_26
25.0.Ht: Requesting engine job to terminate
25.0.N: Exited with Success (@ 0.06 s)
25: ProofGrid usable level: 0
25.0.Hp: Exited with Success (@ 0.06 s)
25.0.Ht: Interrupted. [0.01 s]
25.0.B: Proofgrid shell started at 1972748@della-h14n3(local) jg_1972072_della-h14n3_26
25.0.B: Requesting engine job to terminate
25.0.Ht: Exited with Success (@ 0.07 s)
25.0.B: Interrupted. [0.01 s]
25.0.B: Exited with Success (@ 0.07 s)
25: --------------------------------------------------------------
ProofGrid Summary (utilization 0.43 %)
--------------------------------------------------------------
     engines started                               :     4
     engine jobs started                           :     4

    Average time in state (seconds)
    ------------------------------------------------------
    Engine  Pending     Running        Dead    Utilization
    ------------------------------------------------------
      N        0.06        0.00        0.00        0.85 %
     Hp        0.06        0.00        0.00        0.89 %
     Ht        0.06        0.00        0.00        0.00 %
      B        0.06        0.00        0.00        0.00 %
    all        0.06        0.00        0.00        0.43 %

    Total time in state (seconds)
    -----------------------------------------
            Pending     Running        Dead  
    -----------------------------------------
               0.26        0.00        0.00

    Data read    : 1.55 kiB
    Data written : 1.27 kiB

25: All pending notifications were processed.
INFO (IPF059): Completed proof on task: "<embedded>" for proof thread 25
INFO (IVS015): Setting Visualize task to "<embedded>".
INFO (IVS008): Expanding analysis region to enable visualization of "<embedded>::data_buffer.auto_sva_inst.control_tag_fall_requires_dequeue".
INFO (IPF031): Settings used for proof thread 26:
    orchestration                 = off (auto)
    time_limit                    = 3600s
    per_property_time_limit       = 1s * 10 ^ scan
    engine_mode                   = Ht Hp B N 
    proofgrid_per_engine_max_jobs = 1
    max engine jobs               = Ht Hp B N, total 2
    proofgrid_mode                = local
    proofgrid_restarts            = 10
ERROR (EVS053): No trace satisfying these configurations exists for any max_length.
WARNING (WVS028): Saved trace only contains values for the target's COI.
    Use "set_trace_optimization standard" before running Visualize to save values for the full design.
DEBUG: Approach 1 (force re-prove) failed: ERROR (EVS125): No Visualize trace is available for "visualize -save -vcd".

DEBUG: Approach 2 (-new_trace) failed: ERROR (ESW104): Invalid command formation.
    Problem occurs with "-violation -new_trace".

INFO (IPF036): Starting proof on task: "<embedded>", 1 properties to prove with 0 already proven/unreachable
INFO (IPF031): Settings used for proof thread 27:
    orchestration                 = on (auto)
    time_limit                    = 3600s
    per_property_time_limit       = 1s * 10 ^ scan
    engine_mode                   = auto
    proofgrid_per_engine_max_jobs = 1
    max engine jobs               = auto
    proofgrid_mode                = local
    proofgrid_restarts            = 10
27: Using multistage preprocessing
27: Starting reduce
27: Finished reduce in 0s
27.0.PRE: Performing Proof Simplification...
27.0.N: clocks: 2, declared: 1, disabling: 0, posedge: 2, negedge: 0, noedge: 0, bothedge: 0
27.0.N: Proof Simplification Iteration 1	[0.00 s]
27.0.PRE: A proof was found: No trace exists. [0.00 s]
INFO (IPF057): 27.0.PRE: The property ":noDeadEnd" was proven in 0.00 s.
    Use check_assumptions -show -dead_end to show this property in the property table.
27.0.PRE: Proof Simplification completed in 0.00 s
27: About to start ProofGrid in its own thread with a limit of 10000 pending notifications and a limit of 10 traces.
27: =============================== ProofGrid start ===============================
27: ProofGrid usable level: 1
27: ProofGrid is starting event handling
27.0.Hp: Proofgrid shell started at 1972772@della-h14n3(local) jg_1972072_della-h14n3_28
27.0.N: Proofgrid shell started at 1972771@della-h14n3(local) jg_1972072_della-h14n3_28
27.0.Hp: OS RSS memory limit : 68719476736 / 68719476736
27.0.N: OS RSS memory limit : 68719476736 / 68719476736
27.0.Hp: clocks: 1, declared: 1, disabling: 0, posedge: 1, negedge: 0, noedge: 0, bothedge: 0
27.0.Hp: Trace Attempt  1	[0.00 s]
27.0.N: Requesting engine job to stop
27.0.Hp: Requesting engine job to terminate
INFO (IPF144): 27: Initiating shutdown of proof [0.02 s]
27.0.Hp: A trace with 1 cycles was found. [0.00 s]
INFO (IPF055): 27.0.Hp: A counterexample (cex) with 1 cycles was found for the property "data_buffer.auto_sva_inst.control_tag_fall_requires_dequeue" in 0.00 s.
27.0.Hp: All properties determined. [0.00 s]
27.0.Hp: Exited with Success (@ 0.02 s)
27: ProofGrid usable level: 0
27.0.N: Interrupted. [0.02 s]
27.0.Ht: Proofgrid shell started at 1972785@della-h14n3(local) jg_1972072_della-h14n3_28
27.0.Ht: Requesting engine job to terminate
27.0.N: Exited with Success (@ 0.06 s)
27.0.Ht: Interrupted. [0.01 s]
27.0.B: Proofgrid shell started at 1972786@della-h14n3(local) jg_1972072_della-h14n3_28
27.0.B: Requesting engine job to terminate
27.0.Ht: Exited with Success (@ 0.08 s)
27.0.B: Interrupted. [0.01 s]
27.0.B: Exited with Success (@ 0.08 s)
27: --------------------------------------------------------------
ProofGrid Summary (utilization 6.19 %)
--------------------------------------------------------------
     engines started                               :     4
     engine jobs started                           :     4

    Average time in state (seconds)
    ------------------------------------------------------
    Engine  Pending     Running        Dead    Utilization
    ------------------------------------------------------
      N        0.06        0.00        0.00        0.07 %
     Hp        0.06        0.02        0.00       21.81 %
     Ht        0.06        0.00        0.00        0.00 %
      B        0.08        0.00        0.00        0.00 %
    all        0.07        0.00        0.00        6.19 %

    Total time in state (seconds)
    -----------------------------------------
            Pending     Running        Dead  
    -----------------------------------------
               0.27        0.02        0.00

    Data read    : 1.37 kiB
    Data written : 1.27 kiB

27: All pending notifications were processed.
INFO (IPF059): Completed proof on task: "<embedded>" for proof thread 27
INFO (IVS015): Setting Visualize task to "<embedded>".
INFO (IVS008): Expanding analysis region to enable visualization of "<embedded>::data_buffer.auto_sva_inst.control_tag_fall_requires_dequeue".
INFO (IPF031): Settings used for proof thread 28:
    orchestration                 = off (auto)
    time_limit                    = 3600s
    per_property_time_limit       = 1s * 10 ^ scan
    engine_mode                   = Ht Hp B N 
    proofgrid_per_engine_max_jobs = 1
    max engine jobs               = Ht Hp B N, total 2
    proofgrid_mode                = local
    proofgrid_restarts            = 10
ERROR (EVS053): No trace satisfying these configurations exists for any max_length.
WARNING (WVS028): Saved trace only contains values for the target's COI.
    Use "set_trace_optimization standard" before running Visualize to save values for the full design.
DEBUG: Approach 3 (auto engine) failed: ERROR (EVS125): No Visualize trace is available for "visualize -save -vcd".

WARN: Could not dump VCD for <embedded>::data_buffer.auto_sva_inst.control_tag_fall_requires_dequeue (all approaches failed)
INFO (IPF036): Starting proof on task: "<embedded>", 1 properties to prove with 0 already proven/unreachable
INFO (IPF031): Settings used for proof thread 29:
    orchestration                 = on (auto)
    time_limit                    = 3600s
    per_property_time_limit       = 1s * 10 ^ scan
    engine_mode                   = auto
    proofgrid_per_engine_max_jobs = 1
    max engine jobs               = auto
    proofgrid_mode                = local
    proofgrid_restarts            = 10
29: Using multistage preprocessing
29: Starting reduce
29: Finished reduce in 0s
29.0.PRE: Performing Proof Simplification...
29.0.N: clocks: 2, declared: 1, disabling: 0, posedge: 2, negedge: 0, noedge: 0, bothedge: 0
29.0.N: Proof Simplification Iteration 1	[0.00 s]
29.0.PRE: A proof was found: No trace exists. [0.00 s]
INFO (IPF057): 29.0.PRE: The property ":noDeadEnd" was proven in 0.00 s.
    Use check_assumptions -show -dead_end to show this property in the property table.
29.0.PRE: Proof Simplification completed in 0.00 s
29: About to start ProofGrid in its own thread with a limit of 10000 pending notifications and a limit of 10 traces.
29: =============================== ProofGrid start ===============================
29: ProofGrid usable level: 1
29: ProofGrid is starting event handling
29.0.N: Proofgrid shell started at 1972809@della-h14n3(local) jg_1972072_della-h14n3_30
29.0.Hp: Proofgrid shell started at 1972810@della-h14n3(local) jg_1972072_della-h14n3_30
29.0.N: OS RSS memory limit : 68719476736 / 68719476736
29.0.Hp: OS RSS memory limit : 68719476736 / 68719476736
29.0.N: clocks: 1, declared: 1, disabling: 0, posedge: 1, negedge: 0, noedge: 0, bothedge: 0
29.0.N: Last scan. Per property time limit: 0s
29.0.N: Starting proof for property "data_buffer.auto_sva_inst.control_tag_stable_when_idle"	[0.00 s].
29.0.N: Trace Attempt  1	[0.00 s]
29.0.N: Requesting engine job to stop
29.0.Hp: Requesting engine job to terminate
INFO (IPF144): 29: Initiating shutdown of proof [0.00 s]
29.0.N: A trace with 1 cycles was found. [0.00 s]
INFO (IPF055): 29.0.N: A counterexample (cex) with 1 cycles was found for the property "data_buffer.auto_sva_inst.control_tag_stable_when_idle" in 0.00 s.
29.0.N: Stopped processing property "data_buffer.auto_sva_inst.control_tag_stable_when_idle"	[0.00 s].
29.0.N: All properties determined. [0.00 s]
29.0.Hp: Interrupted. [0.00 s]
29.0.Ht: Proofgrid shell started at 1972823@della-h14n3(local) jg_1972072_della-h14n3_30
29.0.Ht: Requesting engine job to terminate
29.0.B: Proofgrid shell started at 1972824@della-h14n3(local) jg_1972072_della-h14n3_30
29.0.B: Requesting engine job to terminate
29.0.N: Exited with Success (@ 0.06 s)
29: ProofGrid usable level: 0
29.0.Hp: Exited with Success (@ 0.06 s)
29.0.Ht: Interrupted. [0.01 s]
29.0.B: Interrupted. [0.01 s]
29.0.Ht: Exited with Success (@ 0.07 s)
29.0.B: Exited with Success (@ 0.07 s)
29: --------------------------------------------------------------
ProofGrid Summary (utilization 0.27 %)
--------------------------------------------------------------
     engines started                               :     4
     engine jobs started                           :     4

    Average time in state (seconds)
    ------------------------------------------------------
    Engine  Pending     Running        Dead    Utilization
    ------------------------------------------------------
      N        0.06        0.00        0.00        0.93 %
     Hp        0.06        0.00        0.00        0.13 %
     Ht        0.06        0.00        0.00        0.00 %
      B        0.06        0.00        0.00        0.00 %
    all        0.06        0.00        0.00        0.27 %

    Total time in state (seconds)
    -----------------------------------------
            Pending     Running        Dead  
    -----------------------------------------
               0.26        0.00        0.00

    Data read    : 1.32 kiB
    Data written : 1.27 kiB

29: All pending notifications were processed.
INFO (IPF059): Completed proof on task: "<embedded>" for proof thread 29
INFO (IVS015): Setting Visualize task to "<embedded>".
INFO (IVS008): Expanding analysis region to enable visualization of "<embedded>::data_buffer.auto_sva_inst.control_tag_stable_when_idle".
INFO (IPF031): Settings used for proof thread 30:
    orchestration                 = off (auto)
    time_limit                    = 3600s
    per_property_time_limit       = 1s * 10 ^ scan
    engine_mode                   = Ht Hp B N 
    proofgrid_per_engine_max_jobs = 1
    max engine jobs               = Ht Hp B N, total 2
    proofgrid_mode                = local
    proofgrid_restarts            = 10
ERROR (EVS053): No trace satisfying these configurations exists for any max_length.
WARNING (WVS028): Saved trace only contains values for the target's COI.
    Use "set_trace_optimization standard" before running Visualize to save values for the full design.
DEBUG: Approach 1 (force re-prove) failed: ERROR (EVS125): No Visualize trace is available for "visualize -save -vcd".

DEBUG: Approach 2 (-new_trace) failed: ERROR (ESW104): Invalid command formation.
    Problem occurs with "-violation -new_trace".

INFO (IPF036): Starting proof on task: "<embedded>", 1 properties to prove with 0 already proven/unreachable
INFO (IPF031): Settings used for proof thread 31:
    orchestration                 = on (auto)
    time_limit                    = 3600s
    per_property_time_limit       = 1s * 10 ^ scan
    engine_mode                   = auto
    proofgrid_per_engine_max_jobs = 1
    max engine jobs               = auto
    proofgrid_mode                = local
    proofgrid_restarts            = 10
31: Using multistage preprocessing
31: Starting reduce
31: Finished reduce in 0s
31.0.PRE: Performing Proof Simplification...
31.0.N: clocks: 2, declared: 1, disabling: 0, posedge: 2, negedge: 0, noedge: 0, bothedge: 0
31.0.N: Proof Simplification Iteration 1	[0.00 s]
31.0.PRE: A proof was found: No trace exists. [0.00 s]
INFO (IPF057): 31.0.PRE: The property ":noDeadEnd" was proven in 0.00 s.
    Use check_assumptions -show -dead_end to show this property in the property table.
31.0.PRE: Proof Simplification completed in 0.00 s
31: About to start ProofGrid in its own thread with a limit of 10000 pending notifications and a limit of 10 traces.
31: =============================== ProofGrid start ===============================
31: ProofGrid usable level: 1
31: ProofGrid is starting event handling
31.0.Hp: Proofgrid shell started at 1972848@della-h14n3(local) jg_1972072_della-h14n3_32
31.0.N: Proofgrid shell started at 1972847@della-h14n3(local) jg_1972072_della-h14n3_32
31.0.Hp: OS RSS memory limit : 68719476736 / 68719476736
31.0.N: OS RSS memory limit : 68719476736 / 68719476736
31.0.Hp: clocks: 1, declared: 1, disabling: 0, posedge: 1, negedge: 0, noedge: 0, bothedge: 0
31.0.N: clocks: 1, declared: 1, disabling: 0, posedge: 1, negedge: 0, noedge: 0, bothedge: 0
31.0.N: Last scan. Per property time limit: 0s
31.0.N: Starting proof for property "data_buffer.auto_sva_inst.control_tag_stable_when_idle"	[0.00 s].
31.0.N: Trace Attempt  1	[0.00 s]
31.0.N: Requesting engine job to stop
31.0.Hp: Requesting engine job to terminate
INFO (IPF144): 31: Initiating shutdown of proof [0.00 s]
31.0.N: A trace with 1 cycles was found. [0.00 s]
INFO (IPF055): 31.0.N: A counterexample (cex) with 1 cycles was found for the property "data_buffer.auto_sva_inst.control_tag_stable_when_idle" in 0.00 s.
31.0.N: Stopped processing property "data_buffer.auto_sva_inst.control_tag_stable_when_idle"	[0.00 s].
31.0.N: All properties determined. [0.00 s]
31.0.Hp: Interrupted (multi)
31.0.Hp: All properties determined. [0.00 s]
31.0.B: Proofgrid shell started at 1972862@della-h14n3(local) jg_1972072_della-h14n3_32
31.0.B: Requesting engine job to terminate
31.0.N: Exited with Success (@ 0.06 s)
31: ProofGrid usable level: 0
31.0.Hp: Exited with Success (@ 0.06 s)
31.0.Ht: Proofgrid shell started at 1972861@della-h14n3(local) jg_1972072_della-h14n3_32
31.0.Ht: Requesting engine job to terminate
31.0.Ht: Interrupted. [0.01 s]
31.0.B: Interrupted. [0.01 s]
31.0.Ht: Exited with Success (@ 0.07 s)
31.0.B: Exited with Success (@ 0.07 s)
31: --------------------------------------------------------------
ProofGrid Summary (utilization 0.41 %)
--------------------------------------------------------------
     engines started                               :     4
     engine jobs started                           :     4

    Average time in state (seconds)
    ------------------------------------------------------
    Engine  Pending     Running        Dead    Utilization
    ------------------------------------------------------
      N        0.06        0.00        0.00        0.80 %
     Hp        0.06        0.00        0.00        0.85 %
     Ht        0.06        0.00        0.00        0.00 %
      B        0.06        0.00        0.00        0.00 %
    all        0.06        0.00        0.00        0.41 %

    Total time in state (seconds)
    -----------------------------------------
            Pending     Running        Dead  
    -----------------------------------------
               0.26        0.00        0.00

    Data read    : 1.55 kiB
    Data written : 1.27 kiB

31: All pending notifications were processed.
INFO (IPF059): Completed proof on task: "<embedded>" for proof thread 31
INFO (IVS015): Setting Visualize task to "<embedded>".
INFO (IVS008): Expanding analysis region to enable visualization of "<embedded>::data_buffer.auto_sva_inst.control_tag_stable_when_idle".
INFO (IPF031): Settings used for proof thread 32:
    orchestration                 = off (auto)
    time_limit                    = 3600s
    per_property_time_limit       = 1s * 10 ^ scan
    engine_mode                   = Ht Hp B N 
    proofgrid_per_engine_max_jobs = 1
    max engine jobs               = Ht Hp B N, total 2
    proofgrid_mode                = local
    proofgrid_restarts            = 10
ERROR (EVS053): No trace satisfying these configurations exists for any max_length.
WARNING (WVS028): Saved trace only contains values for the target's COI.
    Use "set_trace_optimization standard" before running Visualize to save values for the full design.
DEBUG: Approach 3 (auto engine) failed: ERROR (EVS125): No Visualize trace is available for "visualize -save -vcd".

WARN: Could not dump VCD for <embedded>::data_buffer.auto_sva_inst.control_tag_stable_when_idle (all approaches failed)
INFO (IPF036): Starting proof on task: "<embedded>", 1 properties to prove with 0 already proven/unreachable
INFO (IPF031): Settings used for proof thread 33:
    orchestration                 = on (auto)
    time_limit                    = 3600s
    per_property_time_limit       = 1s * 10 ^ scan
    engine_mode                   = auto
    proofgrid_per_engine_max_jobs = 1
    max engine jobs               = auto
    proofgrid_mode                = local
    proofgrid_restarts            = 10
33: Using multistage preprocessing
33: Starting reduce
33: Finished reduce in 0s
33.0.PRE: Performing Proof Simplification...
33.0.N: clocks: 2, declared: 1, disabling: 0, posedge: 2, negedge: 0, noedge: 0, bothedge: 0
33.0.N: Proof Simplification Iteration 1	[0.00 s]
33.0.PRE: A proof was found: No trace exists. [0.00 s]
INFO (IPF057): 33.0.PRE: The property ":noDeadEnd" was proven in 0.00 s.
    Use check_assumptions -show -dead_end to show this property in the property table.
33.0.PRE: Proof Simplification completed in 0.00 s
33: About to start ProofGrid in its own thread with a limit of 10000 pending notifications and a limit of 10 traces.
33: =============================== ProofGrid start ===============================
33: ProofGrid usable level: 1
33: ProofGrid is starting event handling
33.0.Hp: Proofgrid shell started at 1972886@della-h14n3(local) jg_1972072_della-h14n3_34
33.0.N: Proofgrid shell started at 1972885@della-h14n3(local) jg_1972072_della-h14n3_34
33.0.Hp: OS RSS memory limit : 68719476736 / 68719476736
33.0.N: OS RSS memory limit : 68719476736 / 68719476736
33.0.Hp: clocks: 1, declared: 1, disabling: 0, posedge: 1, negedge: 0, noedge: 0, bothedge: 0
33.0.Hp: Trace Attempt  1	[0.00 s]
33.0.N: Requesting engine job to stop
33.0.Hp: Requesting engine job to terminate
INFO (IPF144): 33: Initiating shutdown of proof [0.00 s]
33.0.Hp: A trace with 1 cycles was found. [0.00 s]
INFO (IPF055): 33.0.Hp: A counterexample (cex) with 1 cycles was found for the property "data_buffer.auto_sva_inst.capture_data_on_valid" in 0.00 s.
33.0.Hp: All properties determined. [0.00 s]
33.0.Hp: Exited with Success (@ 0.00 s)
33: ProofGrid usable level: 0
33.0.N: Interrupted. [0.00 s]
33.0.Ht: Proofgrid shell started at 1972899@della-h14n3(local) jg_1972072_della-h14n3_34
33.0.Ht: Requesting engine job to terminate
33.0.N: Exited with Success (@ 0.06 s)
33.0.Ht: Interrupted. [0.01 s]
33.0.Ht: Exited with Success (@ 0.06 s)
33.0.B: Proofgrid shell started at 1972900@della-h14n3(local) jg_1972072_della-h14n3_34
33.0.B: Requesting engine job to terminate
33.0.B: Interrupted. [0.01 s]
33.0.B: Exited with Success (@ 0.07 s)
33: --------------------------------------------------------------
ProofGrid Summary (utilization 0.68 %)
--------------------------------------------------------------
     engines started                               :     4
     engine jobs started                           :     4

    Average time in state (seconds)
    ------------------------------------------------------
    Engine  Pending     Running        Dead    Utilization
    ------------------------------------------------------
      N        0.06        0.00        0.00        0.07 %
     Hp        0.06        0.00        0.00        2.60 %
     Ht        0.06        0.00        0.00        0.00 %
      B        0.06        0.00        0.00        0.00 %
    all        0.06        0.00        0.00        0.68 %

    Total time in state (seconds)
    -----------------------------------------
            Pending     Running        Dead  
    -----------------------------------------
               0.25        0.00        0.00

    Data read    : 1.84 kiB
    Data written : 1.27 kiB

33: All pending notifications were processed.
INFO (IPF059): Completed proof on task: "<embedded>" for proof thread 33
INFO (IVS015): Setting Visualize task to "<embedded>".
INFO (IVS008): Expanding analysis region to enable visualization of "<embedded>::data_buffer.auto_sva_inst.capture_data_on_valid".
INFO (IPF031): Settings used for proof thread 34:
    orchestration                 = off (auto)
    time_limit                    = 3600s
    per_property_time_limit       = 1s * 10 ^ scan
    engine_mode                   = Ht Hp B N 
    proofgrid_per_engine_max_jobs = 1
    max engine jobs               = Ht Hp B N, total 2
    proofgrid_mode                = local
    proofgrid_restarts            = 10
ERROR (EVS053): No trace satisfying these configurations exists for any max_length.
WARNING (WVS028): Saved trace only contains values for the target's COI.
    Use "set_trace_optimization standard" before running Visualize to save values for the full design.
DEBUG: Approach 1 (force re-prove) failed: ERROR (EVS125): No Visualize trace is available for "visualize -save -vcd".

DEBUG: Approach 2 (-new_trace) failed: ERROR (ESW104): Invalid command formation.
    Problem occurs with "-violation -new_trace".

INFO (IPF036): Starting proof on task: "<embedded>", 1 properties to prove with 0 already proven/unreachable
INFO (IPF031): Settings used for proof thread 35:
    orchestration                 = on (auto)
    time_limit                    = 3600s
    per_property_time_limit       = 1s * 10 ^ scan
    engine_mode                   = auto
    proofgrid_per_engine_max_jobs = 1
    max engine jobs               = auto
    proofgrid_mode                = local
    proofgrid_restarts            = 10
35: Using multistage preprocessing
35: Starting reduce
35: Finished reduce in 0s
35.0.PRE: Performing Proof Simplification...
35.0.N: clocks: 2, declared: 1, disabling: 0, posedge: 2, negedge: 0, noedge: 0, bothedge: 0
35.0.N: Proof Simplification Iteration 1	[0.00 s]
35.0.PRE: A proof was found: No trace exists. [0.00 s]
INFO (IPF057): 35.0.PRE: The property ":noDeadEnd" was proven in 0.00 s.
    Use check_assumptions -show -dead_end to show this property in the property table.
35.0.PRE: Proof Simplification completed in 0.00 s
35: About to start ProofGrid in its own thread with a limit of 10000 pending notifications and a limit of 10 traces.
35: =============================== ProofGrid start ===============================
35: ProofGrid usable level: 1
35: ProofGrid is starting event handling
35.0.Hp: Proofgrid shell started at 1972924@della-h14n3(local) jg_1972072_della-h14n3_36
35.0.N: Proofgrid shell started at 1972923@della-h14n3(local) jg_1972072_della-h14n3_36
35.0.Hp: OS RSS memory limit : 68719476736 / 68719476736
35.0.N: OS RSS memory limit : 68719476736 / 68719476736
35.0.Hp: clocks: 1, declared: 1, disabling: 0, posedge: 1, negedge: 0, noedge: 0, bothedge: 0
35.0.N: clocks: 1, declared: 1, disabling: 0, posedge: 1, negedge: 0, noedge: 0, bothedge: 0
35.0.N: Last scan. Per property time limit: 0s
35.0.N: Starting proof for property "data_buffer.auto_sva_inst.capture_data_on_valid"	[0.00 s].
35.0.N: Trace Attempt  1	[0.00 s]
35.0.N: Requesting engine job to stop
35.0.Hp: Requesting engine job to terminate
INFO (IPF144): 35: Initiating shutdown of proof [0.00 s]
35.0.N: A trace with 1 cycles was found. [0.00 s]
INFO (IPF055): 35.0.N: A counterexample (cex) with 1 cycles was found for the property "data_buffer.auto_sva_inst.capture_data_on_valid" in 0.00 s.
35.0.Hp: Interrupted (multi)
35.0.Hp: All properties determined. [0.00 s]
35.0.N: Stopped processing property "data_buffer.auto_sva_inst.capture_data_on_valid"	[0.00 s].
35.0.N: All properties determined. [0.00 s]
35.0.Hp: Exited with Success (@ 0.06 s)
35: ProofGrid usable level: 0
35.0.B: Proofgrid shell started at 1972938@della-h14n3(local) jg_1972072_della-h14n3_36
35.0.B: Requesting engine job to terminate
35.0.N: Exited with Success (@ 0.07 s)
35.0.Ht: Proofgrid shell started at 1972937@della-h14n3(local) jg_1972072_della-h14n3_36
35.0.Ht: Requesting engine job to terminate
35.0.Ht: Interrupted. [0.01 s]
35.0.B: Interrupted. [0.01 s]
35.0.Ht: Exited with Success (@ 0.07 s)
35.0.B: Exited with Success (@ 0.07 s)
35: --------------------------------------------------------------
ProofGrid Summary (utilization 0.55 %)
--------------------------------------------------------------
     engines started                               :     4
     engine jobs started                           :     4

    Average time in state (seconds)
    ------------------------------------------------------
    Engine  Pending     Running        Dead    Utilization
    ------------------------------------------------------
      N        0.06        0.00        0.00        1.07 %
     Hp        0.06        0.00        0.00        1.13 %
     Ht        0.06        0.00        0.00        0.00 %
      B        0.06        0.00        0.00        0.00 %
    all        0.06        0.00        0.00        0.55 %

    Total time in state (seconds)
    -----------------------------------------
            Pending     Running        Dead  
    -----------------------------------------
               0.26        0.00        0.00

    Data read    : 2.02 kiB
    Data written : 1.27 kiB

35: All pending notifications were processed.
INFO (IPF059): Completed proof on task: "<embedded>" for proof thread 35
INFO (IVS015): Setting Visualize task to "<embedded>".
INFO (IVS008): Expanding analysis region to enable visualization of "<embedded>::data_buffer.auto_sva_inst.capture_data_on_valid".
INFO (IPF031): Settings used for proof thread 36:
    orchestration                 = off (auto)
    time_limit                    = 3600s
    per_property_time_limit       = 1s * 10 ^ scan
    engine_mode                   = Ht Hp B N 
    proofgrid_per_engine_max_jobs = 1
    max engine jobs               = Ht Hp B N, total 2
    proofgrid_mode                = local
    proofgrid_restarts            = 10
ERROR (EVS053): No trace satisfying these configurations exists for any max_length.
WARNING (WVS028): Saved trace only contains values for the target's COI.
    Use "set_trace_optimization standard" before running Visualize to save values for the full design.
DEBUG: Approach 3 (auto engine) failed: ERROR (EVS125): No Visualize trace is available for "visualize -save -vcd".

WARN: Could not dump VCD for <embedded>::data_buffer.auto_sva_inst.capture_data_on_valid (all approaches failed)
INFO (IPF036): Starting proof on task: "<embedded>", 1 properties to prove with 0 already proven/unreachable
INFO (IPF031): Settings used for proof thread 37:
    orchestration                 = on (auto)
    time_limit                    = 3600s
    per_property_time_limit       = 1s * 10 ^ scan
    engine_mode                   = auto
    proofgrid_per_engine_max_jobs = 1
    max engine jobs               = auto
    proofgrid_mode                = local
    proofgrid_restarts            = 10
37: Using multistage preprocessing
37: Starting reduce
37: Finished reduce in 0s
37.0.PRE: Performing Proof Simplification...
37.0.N: clocks: 2, declared: 1, disabling: 0, posedge: 2, negedge: 0, noedge: 0, bothedge: 0
37.0.N: Proof Simplification Iteration 1	[0.00 s]
37.0.PRE: A proof was found: No trace exists. [0.00 s]
INFO (IPF057): 37.0.PRE: The property ":noDeadEnd" was proven in 0.00 s.
    Use check_assumptions -show -dead_end to show this property in the property table.
37.0.PRE: Proof Simplification completed in 0.00 s
37: About to start ProofGrid in its own thread with a limit of 10000 pending notifications and a limit of 10 traces.
37: =============================== ProofGrid start ===============================
37: ProofGrid usable level: 1
37: ProofGrid is starting event handling
37.0.N: Proofgrid shell started at 1972961@della-h14n3(local) jg_1972072_della-h14n3_38
37.0.N: OS RSS memory limit : 68719476736 / 68719476736
37.0.Hp: Proofgrid shell started at 1972962@della-h14n3(local) jg_1972072_della-h14n3_38
37.0.N: clocks: 1, declared: 1, disabling: 0, posedge: 1, negedge: 0, noedge: 0, bothedge: 0
37.0.N: Last scan. Per property time limit: 0s
37.0.N: Starting proof for property "data_buffer.auto_sva_inst.valid_sets_on_valid_no_dequeue"	[0.00 s].
37.0.N: Trace Attempt  1	[0.00 s]
37.0.N: Requesting engine job to stop
INFO (IPF144): 37: Initiating shutdown of proof [0.00 s]
37.0.N: A trace with 1 cycles was found. [0.00 s]
INFO (IPF055): 37.0.N: A counterexample (cex) with 1 cycles was found for the property "data_buffer.auto_sva_inst.valid_sets_on_valid_no_dequeue" in 0.00 s.
37.0.N: Stopped processing property "data_buffer.auto_sva_inst.valid_sets_on_valid_no_dequeue"	[0.00 s].
37.0.N: All properties determined. [0.00 s]
37.0.Hp: OS RSS memory limit : 68719476736 / 68719476736
37.0.Hp: Requesting engine job to terminate
37.0.Hp: All properties determined. [0.00 s]
37.0.Ht: Proofgrid shell started at 1972975@della-h14n3(local) jg_1972072_della-h14n3_38
37.0.Ht: Requesting engine job to terminate
37.0.N: Exited with Success (@ 0.06 s)
37: ProofGrid usable level: 0
37.0.Hp: Exited with Success (@ 0.06 s)
37.0.Ht: Interrupted. [0.01 s]
37.0.B: Proofgrid shell started at 1972976@della-h14n3(local) jg_1972072_della-h14n3_38
37.0.B: Requesting engine job to terminate
37.0.B: Interrupted. [0.01 s]
37.0.Ht: Exited with Success (@ 0.07 s)
37.0.B: Exited with Success (@ 0.07 s)
37: --------------------------------------------------------------
ProofGrid Summary (utilization 0.23 %)
--------------------------------------------------------------
     engines started                               :     4
     engine jobs started                           :     4

    Average time in state (seconds)
    ------------------------------------------------------
    Engine  Pending     Running        Dead    Utilization
    ------------------------------------------------------
      N        0.06        0.00        0.00        0.91 %
     Hp        0.06        0.00        0.00        0.00 %
     Ht        0.06        0.00        0.00        0.00 %
      B        0.06        0.00        0.00        0.00 %
    all        0.06        0.00        0.00        0.23 %

    Total time in state (seconds)
    -----------------------------------------
            Pending     Running        Dead  
    -----------------------------------------
               0.26        0.00        0.00

    Data read    : 1.31 kiB
    Data written : 1.26 kiB

37: All pending notifications were processed.
INFO (IPF059): Completed proof on task: "<embedded>" for proof thread 37
INFO (IVS015): Setting Visualize task to "<embedded>".
INFO (IVS008): Expanding analysis region to enable visualization of "<embedded>::data_buffer.auto_sva_inst.valid_sets_on_valid_no_dequeue".
INFO (IPF031): Settings used for proof thread 38:
    orchestration                 = off (auto)
    time_limit                    = 3600s
    per_property_time_limit       = 1s * 10 ^ scan
    engine_mode                   = Ht Hp B N 
    proofgrid_per_engine_max_jobs = 1
    max engine jobs               = Ht Hp B N, total 2
    proofgrid_mode                = local
    proofgrid_restarts            = 10
ERROR (EVS053): No trace satisfying these configurations exists for any max_length.
WARNING (WVS028): Saved trace only contains values for the target's COI.
    Use "set_trace_optimization standard" before running Visualize to save values for the full design.
DEBUG: Approach 1 (force re-prove) failed: ERROR (EVS125): No Visualize trace is available for "visualize -save -vcd".

DEBUG: Approach 2 (-new_trace) failed: ERROR (ESW104): Invalid command formation.
    Problem occurs with "-violation -new_trace".

INFO (IPF036): Starting proof on task: "<embedded>", 1 properties to prove with 0 already proven/unreachable
INFO (IPF031): Settings used for proof thread 39:
    orchestration                 = on (auto)
    time_limit                    = 3600s
    per_property_time_limit       = 1s * 10 ^ scan
    engine_mode                   = auto
    proofgrid_per_engine_max_jobs = 1
    max engine jobs               = auto
    proofgrid_mode                = local
    proofgrid_restarts            = 10
39: Using multistage preprocessing
39: Starting reduce
39: Finished reduce in 0s
39.0.PRE: Performing Proof Simplification...
39.0.N: clocks: 2, declared: 1, disabling: 0, posedge: 2, negedge: 0, noedge: 0, bothedge: 0
39.0.N: Proof Simplification Iteration 1	[0.00 s]
39.0.PRE: A proof was found: No trace exists. [0.00 s]
INFO (IPF057): 39.0.PRE: The property ":noDeadEnd" was proven in 0.00 s.
    Use check_assumptions -show -dead_end to show this property in the property table.
39.0.PRE: Proof Simplification completed in 0.00 s
39: About to start ProofGrid in its own thread with a limit of 10000 pending notifications and a limit of 10 traces.
39: =============================== ProofGrid start ===============================
39: ProofGrid usable level: 1
39: ProofGrid is starting event handling
39.0.Hp: Proofgrid shell started at 1973000@della-h14n3(local) jg_1972072_della-h14n3_40
39.0.N: Proofgrid shell started at 1972999@della-h14n3(local) jg_1972072_della-h14n3_40
39.0.Hp: OS RSS memory limit : 68719476736 / 68719476736
39.0.N: OS RSS memory limit : 68719476736 / 68719476736
39.0.Hp: clocks: 1, declared: 1, disabling: 0, posedge: 1, negedge: 0, noedge: 0, bothedge: 0
39.0.N: clocks: 1, declared: 1, disabling: 0, posedge: 1, negedge: 0, noedge: 0, bothedge: 0
39.0.N: Last scan. Per property time limit: 0s
39.0.N: Starting proof for property "data_buffer.auto_sva_inst.valid_sets_on_valid_no_dequeue"	[0.00 s].
39.0.N: Trace Attempt  1	[0.00 s]
39.0.Hp: Trace Attempt  1	[0.00 s]
39.0.N: Requesting engine job to stop
39.0.Hp: Requesting engine job to terminate
INFO (IPF144): 39: Initiating shutdown of proof [0.00 s]
39.0.Hp: A trace with 1 cycles was found. [0.00 s]
INFO (IPF055): 39.0.Hp: A counterexample (cex) with 1 cycles was found for the property "data_buffer.auto_sva_inst.valid_sets_on_valid_no_dequeue" in 0.00 s.
39.0.Hp: All properties determined. [0.00 s]
39.0.N: Stopped processing property "data_buffer.auto_sva_inst.valid_sets_on_valid_no_dequeue"	[0.00 s].
39.0.N: All properties determined. [0.00 s]
39.0.Ht: Proofgrid shell started at 1973013@della-h14n3(local) jg_1972072_della-h14n3_40
39.0.Ht: Requesting engine job to terminate
39.0.B: Proofgrid shell started at 1973014@della-h14n3(local) jg_1972072_della-h14n3_40
39.0.B: Requesting engine job to terminate
39.0.N: Exited with Success (@ 0.06 s)
39: ProofGrid usable level: 0
39.0.Hp: Exited with Success (@ 0.06 s)
39.0.Ht: Interrupted. [0.01 s]
39.0.B: Interrupted. [0.01 s]
39.0.Ht: Exited with Success (@ 0.07 s)
39.0.B: Exited with Success (@ 0.07 s)
39: --------------------------------------------------------------
ProofGrid Summary (utilization 0.54 %)
--------------------------------------------------------------
     engines started                               :     4
     engine jobs started                           :     4

    Average time in state (seconds)
    ------------------------------------------------------
    Engine  Pending     Running        Dead    Utilization
    ------------------------------------------------------
      N        0.07        0.00        0.00        1.05 %
     Hp        0.06        0.00        0.00        1.09 %
     Ht        0.06        0.00        0.00        0.00 %
      B        0.06        0.00        0.00        0.00 %
    all        0.06        0.00        0.00        0.54 %

    Total time in state (seconds)
    -----------------------------------------
            Pending     Running        Dead  
    -----------------------------------------
               0.26        0.00        0.00

    Data read    : 1.54 kiB
    Data written : 1.27 kiB

39: All pending notifications were processed.
INFO (IPF059): Completed proof on task: "<embedded>" for proof thread 39
INFO (IVS015): Setting Visualize task to "<embedded>".
INFO (IVS008): Expanding analysis region to enable visualization of "<embedded>::data_buffer.auto_sva_inst.valid_sets_on_valid_no_dequeue".
INFO (IPF031): Settings used for proof thread 40:
    orchestration                 = off (auto)
    time_limit                    = 3600s
    per_property_time_limit       = 1s * 10 ^ scan
    engine_mode                   = Ht Hp B N 
    proofgrid_per_engine_max_jobs = 1
    max engine jobs               = Ht Hp B N, total 2
    proofgrid_mode                = local
    proofgrid_restarts            = 10
ERROR (EVS053): No trace satisfying these configurations exists for any max_length.
WARNING (WVS028): Saved trace only contains values for the target's COI.
    Use "set_trace_optimization standard" before running Visualize to save values for the full design.
DEBUG: Approach 3 (auto engine) failed: ERROR (EVS125): No Visualize trace is available for "visualize -save -vcd".

WARN: Could not dump VCD for <embedded>::data_buffer.auto_sva_inst.valid_sets_on_valid_no_dequeue (all approaches failed)
INFO (IPF036): Starting proof on task: "<embedded>", 1 properties to prove with 0 already proven/unreachable
INFO (IPF031): Settings used for proof thread 41:
    orchestration                 = on (auto)
    time_limit                    = 3600s
    per_property_time_limit       = 1s * 10 ^ scan
    engine_mode                   = auto
    proofgrid_per_engine_max_jobs = 1
    max engine jobs               = auto
    proofgrid_mode                = local
    proofgrid_restarts            = 10
41: Using multistage preprocessing
41: Starting reduce
41: Finished reduce in 0s
41.0.PRE: Performing Proof Simplification...
41.0.N: clocks: 2, declared: 1, disabling: 0, posedge: 2, negedge: 0, noedge: 0, bothedge: 0
41.0.N: Proof Simplification Iteration 1	[0.00 s]
41.0.PRE: A proof was found: No trace exists. [0.00 s]
INFO (IPF057): 41.0.PRE: The property ":noDeadEnd" was proven in 0.00 s.
    Use check_assumptions -show -dead_end to show this property in the property table.
41.0.PRE: Proof Simplification completed in 0.00 s
41: About to start ProofGrid in its own thread with a limit of 10000 pending notifications and a limit of 10 traces.
41: =============================== ProofGrid start ===============================
41: ProofGrid usable level: 1
41: ProofGrid is starting event handling
41.0.Hp: Proofgrid shell started at 1973038@della-h14n3(local) jg_1972072_della-h14n3_42
41.0.N: Proofgrid shell started at 1973037@della-h14n3(local) jg_1972072_della-h14n3_42
41.0.Hp: OS RSS memory limit : 68719476736 / 68719476736
41.0.N: OS RSS memory limit : 68719476736 / 68719476736
41.0.Hp: clocks: 1, declared: 1, disabling: 0, posedge: 1, negedge: 0, noedge: 0, bothedge: 0
41.0.Hp: Trace Attempt  1	[0.00 s]
41.0.N: Requesting engine job to stop
41.0.Hp: Requesting engine job to terminate
INFO (IPF144): 41: Initiating shutdown of proof [0.01 s]
41.0.Hp: A trace with 1 cycles was found. [0.00 s]
INFO (IPF055): 41.0.Hp: A counterexample (cex) with 1 cycles was found for the property "data_buffer.auto_sva_inst.valid_cleared_on_dequeue" in 0.00 s.
41.0.Hp: All properties determined. [0.00 s]
41.0.Hp: Exited with Success (@ 0.01 s)
41: ProofGrid usable level: 0
41.0.N: Interrupted. [0.01 s]
41.0.Ht: Proofgrid shell started at 1973051@della-h14n3(local) jg_1972072_della-h14n3_42
41.0.Ht: Requesting engine job to terminate
41.0.N: Exited with Success (@ 0.06 s)
41.0.Ht: Interrupted. [0.01 s]
41.0.B: Proofgrid shell started at 1973052@della-h14n3(local) jg_1972072_della-h14n3_42
41.0.B: Requesting engine job to terminate
41.0.Ht: Exited with Success (@ 0.08 s)
41.0.B: Interrupted. [0.01 s]
41.0.B: Exited with Success (@ 0.08 s)
41: --------------------------------------------------------------
ProofGrid Summary (utilization 5.30 %)
--------------------------------------------------------------
     engines started                               :     4
     engine jobs started                           :     4

    Average time in state (seconds)
    ------------------------------------------------------
    Engine  Pending     Running        Dead    Utilization
    ------------------------------------------------------
      N        0.06        0.00        0.00        0.07 %
     Hp        0.06        0.01        0.00       19.13 %
     Ht        0.06        0.00        0.00        0.00 %
      B        0.08        0.00        0.00        0.00 %
    all        0.07        0.00        0.00        5.30 %

    Total time in state (seconds)
    -----------------------------------------
            Pending     Running        Dead  
    -----------------------------------------
               0.27        0.02        0.00

    Data read    : 1.37 kiB
    Data written : 1.27 kiB

41: All pending notifications were processed.
INFO (IPF059): Completed proof on task: "<embedded>" for proof thread 41
INFO (IVS015): Setting Visualize task to "<embedded>".
INFO (IVS008): Expanding analysis region to enable visualization of "<embedded>::data_buffer.auto_sva_inst.valid_cleared_on_dequeue".
INFO (IPF031): Settings used for proof thread 42:
    orchestration                 = off (auto)
    time_limit                    = 3600s
    per_property_time_limit       = 1s * 10 ^ scan
    engine_mode                   = Ht Hp B N 
    proofgrid_per_engine_max_jobs = 1
    max engine jobs               = Ht Hp B N, total 2
    proofgrid_mode                = local
    proofgrid_restarts            = 10
ERROR (EVS053): No trace satisfying these configurations exists for any max_length.
WARNING (WVS028): Saved trace only contains values for the target's COI.
    Use "set_trace_optimization standard" before running Visualize to save values for the full design.
DEBUG: Approach 1 (force re-prove) failed: ERROR (EVS125): No Visualize trace is available for "visualize -save -vcd".

DEBUG: Approach 2 (-new_trace) failed: ERROR (ESW104): Invalid command formation.
    Problem occurs with "-violation -new_trace".

INFO (IPF036): Starting proof on task: "<embedded>", 1 properties to prove with 0 already proven/unreachable
INFO (IPF031): Settings used for proof thread 43:
    orchestration                 = on (auto)
    time_limit                    = 3600s
    per_property_time_limit       = 1s * 10 ^ scan
    engine_mode                   = auto
    proofgrid_per_engine_max_jobs = 1
    max engine jobs               = auto
    proofgrid_mode                = local
    proofgrid_restarts            = 10
43: Using multistage preprocessing
43: Starting reduce
43: Finished reduce in 0s
43.0.PRE: Performing Proof Simplification...
43.0.N: clocks: 2, declared: 1, disabling: 0, posedge: 2, negedge: 0, noedge: 0, bothedge: 0
43.0.N: Proof Simplification Iteration 1	[0.00 s]
43.0.PRE: A proof was found: No trace exists. [0.00 s]
INFO (IPF057): 43.0.PRE: The property ":noDeadEnd" was proven in 0.00 s.
    Use check_assumptions -show -dead_end to show this property in the property table.
43.0.PRE: Proof Simplification completed in 0.00 s
43: About to start ProofGrid in its own thread with a limit of 10000 pending notifications and a limit of 10 traces.
43: =============================== ProofGrid start ===============================
43: ProofGrid usable level: 1
43: ProofGrid is starting event handling
43.0.Hp: Proofgrid shell started at 1973076@della-h14n3(local) jg_1972072_della-h14n3_44
43.0.N: Proofgrid shell started at 1973075@della-h14n3(local) jg_1972072_della-h14n3_44
43.0.Hp: OS RSS memory limit : 68719476736 / 68719476736
43.0.N: OS RSS memory limit : 68719476736 / 68719476736
43.0.N: clocks: 1, declared: 1, disabling: 0, posedge: 1, negedge: 0, noedge: 0, bothedge: 0
43.0.Hp: clocks: 1, declared: 1, disabling: 0, posedge: 1, negedge: 0, noedge: 0, bothedge: 0
43.0.N: Last scan. Per property time limit: 0s
43.0.N: Starting proof for property "data_buffer.auto_sva_inst.valid_cleared_on_dequeue"	[0.00 s].
43.0.N: Trace Attempt  1	[0.00 s]
43.0.N: Requesting engine job to stop
43.0.Hp: Requesting engine job to terminate
INFO (IPF144): 43: Initiating shutdown of proof [0.00 s]
43.0.N: A trace with 1 cycles was found. [0.00 s]
INFO (IPF055): 43.0.N: A counterexample (cex) with 1 cycles was found for the property "data_buffer.auto_sva_inst.valid_cleared_on_dequeue" in 0.00 s.
43.0.N: Stopped processing property "data_buffer.auto_sva_inst.valid_cleared_on_dequeue"	[0.00 s].
43.0.N: All properties determined. [0.00 s]
43.0.Hp: Interrupted (multi)
43.0.Hp: All properties determined. [0.00 s]
43.0.Ht: Proofgrid shell started at 1973089@della-h14n3(local) jg_1972072_della-h14n3_44
43.0.Ht: Requesting engine job to terminate
43.0.Hp: Exited with Success (@ 0.06 s)
43: ProofGrid usable level: 0
43.0.N: Exited with Success (@ 0.06 s)
43.0.Ht: Interrupted. [0.01 s]
43.0.B: Proofgrid shell started at 1973090@della-h14n3(local) jg_1972072_della-h14n3_44
43.0.B: Requesting engine job to terminate
43.0.B: Interrupted. [0.01 s]
43.0.Ht: Exited with Success (@ 0.06 s)
43.0.B: Exited with Success (@ 0.06 s)
43: --------------------------------------------------------------
ProofGrid Summary (utilization 0.42 %)
--------------------------------------------------------------
     engines started                               :     4
     engine jobs started                           :     4

    Average time in state (seconds)
    ------------------------------------------------------
    Engine  Pending     Running        Dead    Utilization
    ------------------------------------------------------
      N        0.06        0.00        0.00        0.81 %
     Hp        0.06        0.00        0.00        0.86 %
     Ht        0.06        0.00        0.00        0.00 %
      B        0.06        0.00        0.00        0.00 %
    all        0.06        0.00        0.00        0.42 %

    Total time in state (seconds)
    -----------------------------------------
            Pending     Running        Dead  
    -----------------------------------------
               0.26        0.00        0.00

    Data read    : 1.53 kiB
    Data written : 1.27 kiB

43: All pending notifications were processed.
INFO (IPF059): Completed proof on task: "<embedded>" for proof thread 43
INFO (IVS015): Setting Visualize task to "<embedded>".
INFO (IVS008): Expanding analysis region to enable visualization of "<embedded>::data_buffer.auto_sva_inst.valid_cleared_on_dequeue".
INFO (IPF031): Settings used for proof thread 44:
    orchestration                 = off (auto)
    time_limit                    = 3600s
    per_property_time_limit       = 1s * 10 ^ scan
    engine_mode                   = Ht Hp B N 
    proofgrid_per_engine_max_jobs = 1
    max engine jobs               = Ht Hp B N, total 2
    proofgrid_mode                = local
    proofgrid_restarts            = 10
ERROR (EVS053): No trace satisfying these configurations exists for any max_length.
WARNING (WVS028): Saved trace only contains values for the target's COI.
    Use "set_trace_optimization standard" before running Visualize to save values for the full design.
DEBUG: Approach 3 (auto engine) failed: ERROR (EVS125): No Visualize trace is available for "visualize -save -vcd".

WARN: Could not dump VCD for <embedded>::data_buffer.auto_sva_inst.valid_cleared_on_dequeue (all approaches failed)
INFO (IPF036): Starting proof on task: "<embedded>", 1 properties to prove with 0 already proven/unreachable
INFO (IPF031): Settings used for proof thread 45:
    orchestration                 = on (auto)
    time_limit                    = 3600s
    per_property_time_limit       = 1s * 10 ^ scan
    engine_mode                   = auto
    proofgrid_per_engine_max_jobs = 1
    max engine jobs               = auto
    proofgrid_mode                = local
    proofgrid_restarts            = 10
45: Using multistage preprocessing
45: Starting reduce
45: Finished reduce in 0s
45.0.PRE: Performing Proof Simplification...
45.0.N: clocks: 2, declared: 1, disabling: 0, posedge: 2, negedge: 0, noedge: 0, bothedge: 0
45.0.N: Proof Simplification Iteration 1	[0.00 s]
45.0.PRE: A proof was found: No trace exists. [0.00 s]
INFO (IPF057): 45.0.PRE: The property ":noDeadEnd" was proven in 0.00 s.
    Use check_assumptions -show -dead_end to show this property in the property table.
45.0.PRE: Proof Simplification completed in 0.00 s
45: About to start ProofGrid in its own thread with a limit of 10000 pending notifications and a limit of 10 traces.
45: =============================== ProofGrid start ===============================
45: ProofGrid usable level: 1
45: ProofGrid is starting event handling
45.0.Hp: Proofgrid shell started at 1973114@della-h14n3(local) jg_1972072_della-h14n3_46
45.0.N: Proofgrid shell started at 1973113@della-h14n3(local) jg_1972072_della-h14n3_46
45.0.Hp: OS RSS memory limit : 68719476736 / 68719476736
45.0.Hp: clocks: 1, declared: 1, disabling: 0, posedge: 1, negedge: 0, noedge: 0, bothedge: 0
45.0.N: OS RSS memory limit : 68719476736 / 68719476736
45.0.N: clocks: 1, declared: 1, disabling: 0, posedge: 1, negedge: 0, noedge: 0, bothedge: 0
45.0.N: Last scan. Per property time limit: 0s
45.0.N: Starting proof for property "data_buffer.auto_sva_inst.valid_rise_requires_valid_not_dequeue"	[0.00 s].
45.0.N: Trace Attempt  1	[0.00 s]
45.0.N: Requesting engine job to stop
45.0.Hp: Requesting engine job to terminate
INFO (IPF144): 45: Initiating shutdown of proof [0.00 s]
45.0.N: A trace with 1 cycles was found. [0.00 s]
INFO (IPF055): 45.0.N: A counterexample (cex) with 1 cycles was found for the property "data_buffer.auto_sva_inst.valid_rise_requires_valid_not_dequeue" in 0.00 s.
45.0.N: Stopped processing property "data_buffer.auto_sva_inst.valid_rise_requires_valid_not_dequeue"	[0.00 s].
45.0.Hp: Trace Attempt  1	[0.00 s]
45.0.Hp: All properties determined. [0.00 s]
45.0.N: All properties determined. [0.00 s]
45.0.Hp: Exited with Success (@ 0.00 s)
45: ProofGrid usable level: 0
45.0.N: Exited with Success (@ 0.00 s)
45.0.Ht: Proofgrid shell started at 1973127@della-h14n3(local) jg_1972072_della-h14n3_46
45.0.Ht: Requesting engine job to terminate
45.0.B: Proofgrid shell started at 1973128@della-h14n3(local) jg_1972072_della-h14n3_46
45.0.B: Requesting engine job to terminate
45.0.Ht: Interrupted. [0.01 s]
45.0.B: Interrupted. [0.01 s]
45.0.Ht: Exited with Success (@ 0.06 s)
45.0.B: Exited with Success (@ 0.06 s)
45: --------------------------------------------------------------
ProofGrid Summary (utilization 0.93 %)
--------------------------------------------------------------
     engines started                               :     4
     engine jobs started                           :     4

    Average time in state (seconds)
    ------------------------------------------------------
    Engine  Pending     Running        Dead    Utilization
    ------------------------------------------------------
      N        0.07        0.00        0.00        1.35 %
     Hp        0.06        0.00        0.00        2.30 %
     Ht        0.06        0.00        0.00        0.00 %
      B        0.06        0.00        0.00        0.00 %
    all        0.06        0.00        0.00        0.93 %

    Total time in state (seconds)
    -----------------------------------------
            Pending     Running        Dead  
    -----------------------------------------
               0.26        0.00        0.00

    Data read    : 1.63 kiB
    Data written : 1.26 kiB

45: All pending notifications were processed.
INFO (IPF059): Completed proof on task: "<embedded>" for proof thread 45
INFO (IVS015): Setting Visualize task to "<embedded>".
INFO (IVS008): Expanding analysis region to enable visualization of "<embedded>::data_buffer.auto_sva_inst.valid_rise_requires_valid_not_dequeue".
INFO (IPF031): Settings used for proof thread 46:
    orchestration                 = off (auto)
    time_limit                    = 3600s
    per_property_time_limit       = 1s * 10 ^ scan
    engine_mode                   = Ht Hp B N 
    proofgrid_per_engine_max_jobs = 1
    max engine jobs               = Ht Hp B N, total 2
    proofgrid_mode                = local
    proofgrid_restarts            = 10
ERROR (EVS053): No trace satisfying these configurations exists for any max_length.
WARNING (WVS028): Saved trace only contains values for the target's COI.
    Use "set_trace_optimization standard" before running Visualize to save values for the full design.
DEBUG: Approach 1 (force re-prove) failed: ERROR (EVS125): No Visualize trace is available for "visualize -save -vcd".

DEBUG: Approach 2 (-new_trace) failed: ERROR (ESW104): Invalid command formation.
    Problem occurs with "-violation -new_trace".

INFO (IPF036): Starting proof on task: "<embedded>", 1 properties to prove with 0 already proven/unreachable
INFO (IPF031): Settings used for proof thread 47:
    orchestration                 = on (auto)
    time_limit                    = 3600s
    per_property_time_limit       = 1s * 10 ^ scan
    engine_mode                   = auto
    proofgrid_per_engine_max_jobs = 1
    max engine jobs               = auto
    proofgrid_mode                = local
    proofgrid_restarts            = 10
47: Using multistage preprocessing
47: Starting reduce
47: Finished reduce in 0s
47.0.PRE: Performing Proof Simplification...
47.0.N: clocks: 2, declared: 1, disabling: 0, posedge: 2, negedge: 0, noedge: 0, bothedge: 0
47.0.N: Proof Simplification Iteration 1	[0.00 s]
47.0.PRE: A proof was found: No trace exists. [0.00 s]
INFO (IPF057): 47.0.PRE: The property ":noDeadEnd" was proven in 0.00 s.
    Use check_assumptions -show -dead_end to show this property in the property table.
47.0.PRE: Proof Simplification completed in 0.00 s
47: About to start ProofGrid in its own thread with a limit of 10000 pending notifications and a limit of 10 traces.
47: =============================== ProofGrid start ===============================
47: ProofGrid usable level: 1
47: ProofGrid is starting event handling
47.0.N: Proofgrid shell started at 1973151@della-h14n3(local) jg_1972072_della-h14n3_48
47.0.Hp: Proofgrid shell started at 1973152@della-h14n3(local) jg_1972072_della-h14n3_48
47.0.N: OS RSS memory limit : 68719476736 / 68719476736
47.0.Hp: OS RSS memory limit : 68719476736 / 68719476736
47.0.N: clocks: 1, declared: 1, disabling: 0, posedge: 1, negedge: 0, noedge: 0, bothedge: 0
47.0.Hp: clocks: 1, declared: 1, disabling: 0, posedge: 1, negedge: 0, noedge: 0, bothedge: 0
47.0.N: Last scan. Per property time limit: 0s
47.0.N: Starting proof for property "data_buffer.auto_sva_inst.valid_rise_requires_valid_not_dequeue"	[0.00 s].
47.0.N: Trace Attempt  1	[0.00 s]
47.0.N: Requesting engine job to stop
47.0.Hp: Requesting engine job to terminate
INFO (IPF144): 47: Initiating shutdown of proof [0.00 s]
47.0.N: A trace with 1 cycles was found. [0.00 s]
INFO (IPF055): 47.0.N: A counterexample (cex) with 1 cycles was found for the property "data_buffer.auto_sva_inst.valid_rise_requires_valid_not_dequeue" in 0.00 s.
47.0.N: Stopped processing property "data_buffer.auto_sva_inst.valid_rise_requires_valid_not_dequeue"	[0.00 s].
47.0.N: All properties determined. [0.00 s]
47.0.Hp: Interrupted. [0.00 s]
47.0.N: Exited with Success (@ 0.00 s)
47: ProofGrid usable level: 0
47.0.Ht: Proofgrid shell started at 1973165@della-h14n3(local) jg_1972072_della-h14n3_48
47.0.Ht: Requesting engine job to terminate
47.0.Hp: Exited with Success (@ 0.07 s)
47.0.Ht: Interrupted. [0.01 s]
47.0.B: Proofgrid shell started at 1973166@della-h14n3(local) jg_1972072_della-h14n3_48
47.0.B: Requesting engine job to terminate
47.0.B: Interrupted. [0.01 s]
47.0.Ht: Exited with Success (@ 0.07 s)
47.0.B: Exited with Success (@ 0.07 s)
47: --------------------------------------------------------------
ProofGrid Summary (utilization 0.41 %)
--------------------------------------------------------------
     engines started                               :     4
     engine jobs started                           :     4

    Average time in state (seconds)
    ------------------------------------------------------
    Engine  Pending     Running        Dead    Utilization
    ------------------------------------------------------
      N        0.06        0.00        0.00        0.84 %
     Hp        0.06        0.00        0.00        0.82 %
     Ht        0.07        0.00        0.00        0.00 %
      B        0.06        0.00        0.00        0.00 %
    all        0.06        0.00        0.00        0.41 %

    Total time in state (seconds)
    -----------------------------------------
            Pending     Running        Dead  
    -----------------------------------------
               0.26        0.00        0.00

    Data read    : 1.41 kiB
    Data written : 1.27 kiB

47: All pending notifications were processed.
INFO (IPF059): Completed proof on task: "<embedded>" for proof thread 47
INFO (IVS015): Setting Visualize task to "<embedded>".
INFO (IVS008): Expanding analysis region to enable visualization of "<embedded>::data_buffer.auto_sva_inst.valid_rise_requires_valid_not_dequeue".
INFO (IPF031): Settings used for proof thread 48:
    orchestration                 = off (auto)
    time_limit                    = 3600s
    per_property_time_limit       = 1s * 10 ^ scan
    engine_mode                   = Ht Hp B N 
    proofgrid_per_engine_max_jobs = 1
    max engine jobs               = Ht Hp B N, total 2
    proofgrid_mode                = local
    proofgrid_restarts            = 10
ERROR (EVS053): No trace satisfying these configurations exists for any max_length.
WARNING (WVS028): Saved trace only contains values for the target's COI.
    Use "set_trace_optimization standard" before running Visualize to save values for the full design.
DEBUG: Approach 3 (auto engine) failed: ERROR (EVS125): No Visualize trace is available for "visualize -save -vcd".

WARN: Could not dump VCD for <embedded>::data_buffer.auto_sva_inst.valid_rise_requires_valid_not_dequeue (all approaches failed)
INFO (IPF036): Starting proof on task: "<embedded>", 1 properties to prove with 0 already proven/unreachable
INFO (IPF031): Settings used for proof thread 49:
    orchestration                 = on (auto)
    time_limit                    = 3600s
    per_property_time_limit       = 1s * 10 ^ scan
    engine_mode                   = auto
    proofgrid_per_engine_max_jobs = 1
    max engine jobs               = auto
    proofgrid_mode                = local
    proofgrid_restarts            = 10
49: Using multistage preprocessing
49: Starting reduce
49: Finished reduce in 0s
49.0.PRE: Performing Proof Simplification...
49.0.N: clocks: 2, declared: 1, disabling: 0, posedge: 2, negedge: 0, noedge: 0, bothedge: 0
49.0.N: Proof Simplification Iteration 1	[0.00 s]
49.0.PRE: A proof was found: No trace exists. [0.00 s]
INFO (IPF057): 49.0.PRE: The property ":noDeadEnd" was proven in 0.00 s.
    Use check_assumptions -show -dead_end to show this property in the property table.
49.0.PRE: Proof Simplification completed in 0.00 s
49: About to start ProofGrid in its own thread with a limit of 10000 pending notifications and a limit of 10 traces.
49: =============================== ProofGrid start ===============================
49: ProofGrid usable level: 1
49: ProofGrid is starting event handling
49.0.N: Proofgrid shell started at 1973189@della-h14n3(local) jg_1972072_della-h14n3_50
49.0.N: OS RSS memory limit : 68719476736 / 68719476736
49.0.N: clocks: 1, declared: 1, disabling: 0, posedge: 1, negedge: 0, noedge: 0, bothedge: 0
49.0.Hp: Proofgrid shell started at 1973190@della-h14n3(local) jg_1972072_della-h14n3_50
49.0.N: Last scan. Per property time limit: 0s
49.0.N: Starting proof for property "data_buffer.auto_sva_inst.valid_fall_requires_dequeue"	[0.00 s].
49.0.N: Trace Attempt  1	[0.00 s]
49.0.Hp: OS RSS memory limit : 68719476736 / 68719476736
49.0.N: Requesting engine job to stop
INFO (IPF144): 49: Initiating shutdown of proof [0.00 s]
49.0.N: A trace with 1 cycles was found. [0.00 s]
INFO (IPF055): 49.0.N: A counterexample (cex) with 1 cycles was found for the property "data_buffer.auto_sva_inst.valid_fall_requires_dequeue" in 0.00 s.
49.0.Hp: Requesting engine job to terminate
49.0.Hp: All properties determined. [0.00 s]
49.0.N: Stopped processing property "data_buffer.auto_sva_inst.valid_fall_requires_dequeue"	[0.00 s].
49.0.N: All properties determined. [0.00 s]
49.0.B: Proofgrid shell started at 1973204@della-h14n3(local) jg_1972072_della-h14n3_50
49.0.B: Requesting engine job to terminate
49.0.N: Exited with Success (@ 0.06 s)
49: ProofGrid usable level: 0
49.0.Hp: Exited with Success (@ 0.06 s)
49.0.B: Interrupted. [0.01 s]
49.0.Ht: Proofgrid shell started at 1973203@della-h14n3(local) jg_1972072_della-h14n3_50
49.0.Ht: Requesting engine job to terminate
49.0.Ht: Interrupted. [0.01 s]
49.0.B: Exited with Success (@ 0.07 s)
49.0.Ht: Exited with Success (@ 0.07 s)
49: --------------------------------------------------------------
ProofGrid Summary (utilization 0.24 %)
--------------------------------------------------------------
     engines started                               :     4
     engine jobs started                           :     4

    Average time in state (seconds)
    ------------------------------------------------------
    Engine  Pending     Running        Dead    Utilization
    ------------------------------------------------------
      N        0.06        0.00        0.00        0.97 %
     Hp        0.06        0.00        0.00        0.00 %
     Ht        0.06        0.00        0.00        0.00 %
      B        0.06        0.00        0.00        0.00 %
    all        0.06        0.00        0.00        0.24 %

    Total time in state (seconds)
    -----------------------------------------
            Pending     Running        Dead  
    -----------------------------------------
               0.26        0.00        0.00

    Data read    : 1.32 kiB
    Data written : 1.26 kiB

49: All pending notifications were processed.
INFO (IPF059): Completed proof on task: "<embedded>" for proof thread 49
INFO (IVS015): Setting Visualize task to "<embedded>".
INFO (IVS008): Expanding analysis region to enable visualization of "<embedded>::data_buffer.auto_sva_inst.valid_fall_requires_dequeue".
INFO (IPF031): Settings used for proof thread 50:
    orchestration                 = off (auto)
    time_limit                    = 3600s
    per_property_time_limit       = 1s * 10 ^ scan
    engine_mode                   = Ht Hp B N 
    proofgrid_per_engine_max_jobs = 1
    max engine jobs               = Ht Hp B N, total 2
    proofgrid_mode                = local
    proofgrid_restarts            = 10
ERROR (EVS053): No trace satisfying these configurations exists for any max_length.
WARNING (WVS028): Saved trace only contains values for the target's COI.
    Use "set_trace_optimization standard" before running Visualize to save values for the full design.
DEBUG: Approach 1 (force re-prove) failed: ERROR (EVS125): No Visualize trace is available for "visualize -save -vcd".

DEBUG: Approach 2 (-new_trace) failed: ERROR (ESW104): Invalid command formation.
    Problem occurs with "-violation -new_trace".

INFO (IPF036): Starting proof on task: "<embedded>", 1 properties to prove with 0 already proven/unreachable
INFO (IPF031): Settings used for proof thread 51:
    orchestration                 = on (auto)
    time_limit                    = 3600s
    per_property_time_limit       = 1s * 10 ^ scan
    engine_mode                   = auto
    proofgrid_per_engine_max_jobs = 1
    max engine jobs               = auto
    proofgrid_mode                = local
    proofgrid_restarts            = 10
51: Using multistage preprocessing
51: Starting reduce
51: Finished reduce in 0s
51.0.PRE: Performing Proof Simplification...
51.0.N: clocks: 2, declared: 1, disabling: 0, posedge: 2, negedge: 0, noedge: 0, bothedge: 0
51.0.N: Proof Simplification Iteration 1	[0.00 s]
51.0.PRE: A proof was found: No trace exists. [0.00 s]
INFO (IPF057): 51.0.PRE: The property ":noDeadEnd" was proven in 0.00 s.
    Use check_assumptions -show -dead_end to show this property in the property table.
51.0.PRE: Proof Simplification completed in 0.00 s
51: About to start ProofGrid in its own thread with a limit of 10000 pending notifications and a limit of 10 traces.
51: =============================== ProofGrid start ===============================
51: ProofGrid usable level: 1
51: ProofGrid is starting event handling
51.0.Hp: Proofgrid shell started at 1973228@della-h14n3(local) jg_1972072_della-h14n3_52
51.0.N: Proofgrid shell started at 1973227@della-h14n3(local) jg_1972072_della-h14n3_52
51.0.Hp: OS RSS memory limit : 68719476736 / 68719476736
51.0.N: OS RSS memory limit : 68719476736 / 68719476736
51.0.Hp: clocks: 1, declared: 1, disabling: 0, posedge: 1, negedge: 0, noedge: 0, bothedge: 0
51.0.N: clocks: 1, declared: 1, disabling: 0, posedge: 1, negedge: 0, noedge: 0, bothedge: 0
51.0.N: Last scan. Per property time limit: 0s
51.0.N: Starting proof for property "data_buffer.auto_sva_inst.valid_fall_requires_dequeue"	[0.00 s].
51.0.N: Trace Attempt  1	[0.00 s]
51.0.N: Requesting engine job to stop
51.0.Hp: Requesting engine job to terminate
INFO (IPF144): 51: Initiating shutdown of proof [0.00 s]
51.0.N: A trace with 1 cycles was found. [0.00 s]
INFO (IPF055): 51.0.N: A counterexample (cex) with 1 cycles was found for the property "data_buffer.auto_sva_inst.valid_fall_requires_dequeue" in 0.00 s.
51.0.Hp: Trace Attempt  1	[0.00 s]
51.0.N: Stopped processing property "data_buffer.auto_sva_inst.valid_fall_requires_dequeue"	[0.00 s].
51.0.N: All properties determined. [0.00 s]
51.0.Hp: All properties determined. [0.00 s]
51.0.Ht: Proofgrid shell started at 1973241@della-h14n3(local) jg_1972072_della-h14n3_52
51.0.Ht: Requesting engine job to terminate
51.0.N: Exited with Success (@ 0.07 s)
51: ProofGrid usable level: 0
51.0.Hp: Exited with Success (@ 0.07 s)
51.0.Ht: Interrupted. [0.01 s]
51.0.B: Proofgrid shell started at 1973242@della-h14n3(local) jg_1972072_della-h14n3_52
51.0.B: Requesting engine job to terminate
51.0.B: Interrupted. [0.01 s]
51.0.Ht: Exited with Success (@ 0.07 s)
51.0.B: Exited with Success (@ 0.07 s)
51: --------------------------------------------------------------
ProofGrid Summary (utilization 0.48 %)
--------------------------------------------------------------
     engines started                               :     4
     engine jobs started                           :     4

    Average time in state (seconds)
    ------------------------------------------------------
    Engine  Pending     Running        Dead    Utilization
    ------------------------------------------------------
      N        0.06        0.00        0.00        0.95 %
     Hp        0.06        0.00        0.00        0.99 %
     Ht        0.07        0.00        0.00        0.00 %
      B        0.06        0.00        0.00        0.00 %
    all        0.06        0.00        0.00        0.48 %

    Total time in state (seconds)
    -----------------------------------------
            Pending     Running        Dead  
    -----------------------------------------
               0.26        0.00        0.00

    Data read    : 1.63 kiB
    Data written : 1.27 kiB

51: All pending notifications were processed.
INFO (IPF059): Completed proof on task: "<embedded>" for proof thread 51
INFO (IVS015): Setting Visualize task to "<embedded>".
INFO (IVS008): Expanding analysis region to enable visualization of "<embedded>::data_buffer.auto_sva_inst.valid_fall_requires_dequeue".
INFO (IPF031): Settings used for proof thread 52:
    orchestration                 = off (auto)
    time_limit                    = 3600s
    per_property_time_limit       = 1s * 10 ^ scan
    engine_mode                   = Ht Hp B N 
    proofgrid_per_engine_max_jobs = 1
    max engine jobs               = Ht Hp B N, total 2
    proofgrid_mode                = local
    proofgrid_restarts            = 10
ERROR (EVS053): No trace satisfying these configurations exists for any max_length.
WARNING (WVS028): Saved trace only contains values for the target's COI.
    Use "set_trace_optimization standard" before running Visualize to save values for the full design.
DEBUG: Approach 3 (auto engine) failed: ERROR (EVS125): No Visualize trace is available for "visualize -save -vcd".

WARN: Could not dump VCD for <embedded>::data_buffer.auto_sva_inst.valid_fall_requires_dequeue (all approaches failed)
INFO (IPF036): Starting proof on task: "<embedded>", 1 properties to prove with 0 already proven/unreachable
INFO (IPF031): Settings used for proof thread 53:
    orchestration                 = on (auto)
    time_limit                    = 3600s
    per_property_time_limit       = 1s * 10 ^ scan
    engine_mode                   = auto
    proofgrid_per_engine_max_jobs = 1
    max engine jobs               = auto
    proofgrid_mode                = local
    proofgrid_restarts            = 10
53: Using multistage preprocessing
53: Starting reduce
53: Finished reduce in 0s
53.0.PRE: Performing Proof Simplification...
53.0.N: clocks: 2, declared: 1, disabling: 0, posedge: 2, negedge: 0, noedge: 0, bothedge: 0
53.0.N: Proof Simplification Iteration 1	[0.00 s]
53.0.PRE: A proof was found: No trace exists. [0.00 s]
INFO (IPF057): 53.0.PRE: The property ":noDeadEnd" was proven in 0.00 s.
    Use check_assumptions -show -dead_end to show this property in the property table.
53.0.PRE: Proof Simplification completed in 0.00 s
53: About to start ProofGrid in its own thread with a limit of 10000 pending notifications and a limit of 10 traces.
53: =============================== ProofGrid start ===============================
53: ProofGrid usable level: 1
53: ProofGrid is starting event handling
53.0.Hp: Proofgrid shell started at 1973266@della-h14n3(local) jg_1972072_della-h14n3_54
53.0.N: Proofgrid shell started at 1973265@della-h14n3(local) jg_1972072_della-h14n3_54
53.0.Hp: OS RSS memory limit : 68719476736 / 68719476736
53.0.N: OS RSS memory limit : 68719476736 / 68719476736
53.0.Hp: clocks: 1, declared: 1, disabling: 0, posedge: 1, negedge: 0, noedge: 0, bothedge: 0
53.0.Hp: Trace Attempt  1	[0.00 s]
53.0.N: Requesting engine job to stop
53.0.Hp: Requesting engine job to terminate
INFO (IPF144): 53: Initiating shutdown of proof [0.00 s]
53.0.Hp: A trace with 1 cycles was found. [0.00 s]
INFO (IPF055): 53.0.Hp: A counterexample (cex) with 1 cycles was found for the property "data_buffer.auto_sva_inst.valid_stable_when_idle" in 0.00 s.
53.0.Hp: All properties determined. [0.00 s]
53.0.N: Interrupted. [0.00 s]
53.0.Hp: Exited with Success (@ 0.00 s)
53: ProofGrid usable level: 0
53.0.N: Exited with Success (@ 0.00 s)
53.0.Ht: Proofgrid shell started at 1973279@della-h14n3(local) jg_1972072_della-h14n3_54
53.0.Ht: Requesting engine job to terminate
53.0.Ht: Interrupted. [0.01 s]
53.0.B: Proofgrid shell started at 1973280@della-h14n3(local) jg_1972072_della-h14n3_54
53.0.B: Requesting engine job to terminate
53.0.B: Interrupted. [0.01 s]
53.0.Ht: Exited with Success (@ 0.07 s)
53.0.B: Exited with Success (@ 0.07 s)
53: --------------------------------------------------------------
ProofGrid Summary (utilization 0.39 %)
--------------------------------------------------------------
     engines started                               :     4
     engine jobs started                           :     4

    Average time in state (seconds)
    ------------------------------------------------------
    Engine  Pending     Running        Dead    Utilization
    ------------------------------------------------------
      N        0.06        0.00        0.00        0.08 %
     Hp        0.06        0.00        0.00        1.47 %
     Ht        0.06        0.00        0.00        0.00 %
      B        0.06        0.00        0.00        0.00 %
    all        0.06        0.00        0.00        0.39 %

    Total time in state (seconds)
    -----------------------------------------
            Pending     Running        Dead  
    -----------------------------------------
               0.26        0.00        0.00

    Data read    : 1.37 kiB
    Data written : 1.27 kiB

53: All pending notifications were processed.
INFO (IPF059): Completed proof on task: "<embedded>" for proof thread 53
INFO (IVS015): Setting Visualize task to "<embedded>".
INFO (IVS008): Expanding analysis region to enable visualization of "<embedded>::data_buffer.auto_sva_inst.valid_stable_when_idle".
INFO (IPF031): Settings used for proof thread 54:
    orchestration                 = off (auto)
    time_limit                    = 3600s
    per_property_time_limit       = 1s * 10 ^ scan
    engine_mode                   = Ht Hp B N 
    proofgrid_per_engine_max_jobs = 1
    max engine jobs               = Ht Hp B N, total 2
    proofgrid_mode                = local
    proofgrid_restarts            = 10
ERROR (EVS053): No trace satisfying these configurations exists for any max_length.
WARNING (WVS028): Saved trace only contains values for the target's COI.
    Use "set_trace_optimization standard" before running Visualize to save values for the full design.
DEBUG: Approach 1 (force re-prove) failed: ERROR (EVS125): No Visualize trace is available for "visualize -save -vcd".

DEBUG: Approach 2 (-new_trace) failed: ERROR (ESW104): Invalid command formation.
    Problem occurs with "-violation -new_trace".

INFO (IPF036): Starting proof on task: "<embedded>", 1 properties to prove with 0 already proven/unreachable
INFO (IPF031): Settings used for proof thread 55:
    orchestration                 = on (auto)
    time_limit                    = 3600s
    per_property_time_limit       = 1s * 10 ^ scan
    engine_mode                   = auto
    proofgrid_per_engine_max_jobs = 1
    max engine jobs               = auto
    proofgrid_mode                = local
    proofgrid_restarts            = 10
55: Using multistage preprocessing
55: Starting reduce
55: Finished reduce in 0s
55.0.PRE: Performing Proof Simplification...
55.0.N: clocks: 2, declared: 1, disabling: 0, posedge: 2, negedge: 0, noedge: 0, bothedge: 0
55.0.N: Proof Simplification Iteration 1	[0.00 s]
55.0.PRE: A proof was found: No trace exists. [0.00 s]
INFO (IPF057): 55.0.PRE: The property ":noDeadEnd" was proven in 0.00 s.
    Use check_assumptions -show -dead_end to show this property in the property table.
55.0.PRE: Proof Simplification completed in 0.00 s
55: About to start ProofGrid in its own thread with a limit of 10000 pending notifications and a limit of 10 traces.
55: =============================== ProofGrid start ===============================
55: ProofGrid usable level: 1
55: ProofGrid is starting event handling
55.0.Hp: Proofgrid shell started at 1973304@della-h14n3(local) jg_1972072_della-h14n3_56
55.0.N: Proofgrid shell started at 1973303@della-h14n3(local) jg_1972072_della-h14n3_56
55.0.Hp: OS RSS memory limit : 68719476736 / 68719476736
55.0.N: OS RSS memory limit : 68719476736 / 68719476736
55.0.Hp: clocks: 1, declared: 1, disabling: 0, posedge: 1, negedge: 0, noedge: 0, bothedge: 0
55.0.Hp: Trace Attempt  1	[0.00 s]
55.0.N: Requesting engine job to stop
55.0.Hp: Requesting engine job to terminate
INFO (IPF144): 55: Initiating shutdown of proof [0.00 s]
55.0.Hp: A trace with 1 cycles was found. [0.00 s]
INFO (IPF055): 55.0.Hp: A counterexample (cex) with 1 cycles was found for the property "data_buffer.auto_sva_inst.valid_stable_when_idle" in 0.00 s.
55.0.Hp: All properties determined. [0.00 s]
55.0.N: Interrupted. [0.00 s]
55.0.Hp: Exited with Success (@ 0.06 s)
55: ProofGrid usable level: 0
55.0.Ht: Proofgrid shell started at 1973317@della-h14n3(local) jg_1972072_della-h14n3_56
55.0.Ht: Requesting engine job to terminate
55.0.B: Proofgrid shell started at 1973318@della-h14n3(local) jg_1972072_della-h14n3_56
55.0.B: Requesting engine job to terminate
55.0.N: Exited with Success (@ 0.06 s)
55.0.Ht: Interrupted. [0.01 s]
55.0.B: Interrupted. [0.01 s]
55.0.B: Exited with Success (@ 0.07 s)
55.0.Ht: Exited with Success (@ 0.07 s)
55: --------------------------------------------------------------
ProofGrid Summary (utilization 0.37 %)
--------------------------------------------------------------
     engines started                               :     4
     engine jobs started                           :     4

    Average time in state (seconds)
    ------------------------------------------------------
    Engine  Pending     Running        Dead    Utilization
    ------------------------------------------------------
      N        0.06        0.00        0.00        0.09 %
     Hp        0.06        0.00        0.00        1.41 %
     Ht        0.06        0.00        0.00        0.00 %
      B        0.06        0.00        0.00        0.00 %
    all        0.06        0.00        0.00        0.37 %

    Total time in state (seconds)
    -----------------------------------------
            Pending     Running        Dead  
    -----------------------------------------
               0.26        0.00        0.00

    Data read    : 1.37 kiB
    Data written : 1.27 kiB

55: All pending notifications were processed.
INFO (IPF059): Completed proof on task: "<embedded>" for proof thread 55
INFO (IVS015): Setting Visualize task to "<embedded>".
INFO (IVS008): Expanding analysis region to enable visualization of "<embedded>::data_buffer.auto_sva_inst.valid_stable_when_idle".
INFO (IPF031): Settings used for proof thread 56:
    orchestration                 = off (auto)
    time_limit                    = 3600s
    per_property_time_limit       = 1s * 10 ^ scan
    engine_mode                   = Ht Hp B N 
    proofgrid_per_engine_max_jobs = 1
    max engine jobs               = Ht Hp B N, total 2
    proofgrid_mode                = local
    proofgrid_restarts            = 10
ERROR (EVS053): No trace satisfying these configurations exists for any max_length.
WARNING (WVS028): Saved trace only contains values for the target's COI.
    Use "set_trace_optimization standard" before running Visualize to save values for the full design.
DEBUG: Approach 3 (auto engine) failed: ERROR (EVS125): No Visualize trace is available for "visualize -save -vcd".

WARN: Could not dump VCD for <embedded>::data_buffer.auto_sva_inst.valid_stable_when_idle (all approaches failed)
INFO (IPF036): Starting proof on task: "<embedded>", 1 properties to prove with 0 already proven/unreachable
INFO (IPF031): Settings used for proof thread 57:
    orchestration                 = on (auto)
    time_limit                    = 3600s
    per_property_time_limit       = 1s * 10 ^ scan
    engine_mode                   = auto
    proofgrid_per_engine_max_jobs = 1
    max engine jobs               = auto
    proofgrid_mode                = local
    proofgrid_restarts            = 10
57: Using multistage preprocessing
57: Starting reduce
57: Finished reduce in 0s
57.0.PRE: Performing Proof Simplification...
57.0.N: clocks: 2, declared: 1, disabling: 0, posedge: 2, negedge: 0, noedge: 0, bothedge: 0
57.0.N: Proof Simplification Iteration 1	[0.00 s]
57.0.PRE: A proof was found: No trace exists. [0.00 s]
INFO (IPF057): 57.0.PRE: The property ":noDeadEnd" was proven in 0.00 s.
    Use check_assumptions -show -dead_end to show this property in the property table.
57.0.PRE: Proof Simplification completed in 0.00 s
57: About to start ProofGrid in its own thread with a limit of 10000 pending notifications and a limit of 10 traces.
57: =============================== ProofGrid start ===============================
57: ProofGrid usable level: 1
57: ProofGrid is starting event handling
57.0.Hp: Proofgrid shell started at 1973342@della-h14n3(local) jg_1972072_della-h14n3_58
57.0.N: Proofgrid shell started at 1973341@della-h14n3(local) jg_1972072_della-h14n3_58
57.0.Hp: OS RSS memory limit : 68719476736 / 68719476736
57.0.N: OS RSS memory limit : 68719476736 / 68719476736
57.0.Hp: clocks: 1, declared: 1, disabling: 0, posedge: 1, negedge: 0, noedge: 0, bothedge: 0
57.0.N: clocks: 1, declared: 1, disabling: 0, posedge: 1, negedge: 0, noedge: 0, bothedge: 0
57.0.Hp: Trace Attempt  1	[0.00 s]
57.0.N: Requesting engine job to stop
57.0.Hp: Requesting engine job to terminate
INFO (IPF144): 57: Initiating shutdown of proof [0.00 s]
57.0.Hp: A trace with 1 cycles was found. [0.00 s]
INFO (IPF055): 57.0.Hp: A counterexample (cex) with 1 cycles was found for the property "data_buffer.auto_sva_inst.data_ecc_tag_stable_without_valid" in 0.00 s.
57.0.Hp: All properties determined. [0.00 s]
57.0.N: All properties determined. [0.00 s]
57.0.Hp: Exited with Success (@ 0.00 s)
57: ProofGrid usable level: 0
57.0.B: Proofgrid shell started at 1973356@della-h14n3(local) jg_1972072_della-h14n3_58
57.0.B: Requesting engine job to terminate
57.0.N: Exited with Success (@ 0.06 s)
57.0.Ht: Proofgrid shell started at 1973355@della-h14n3(local) jg_1972072_della-h14n3_58
57.0.Ht: Requesting engine job to terminate
57.0.Ht: Interrupted. [0.01 s]
57.0.B: Interrupted. [0.01 s]
57.0.B: Exited with Success (@ 0.06 s)
57.0.Ht: Exited with Success (@ 0.06 s)
57: --------------------------------------------------------------
ProofGrid Summary (utilization 0.73 %)
--------------------------------------------------------------
     engines started                               :     4
     engine jobs started                           :     4

    Average time in state (seconds)
    ------------------------------------------------------
    Engine  Pending     Running        Dead    Utilization
    ------------------------------------------------------
      N        0.06        0.00        0.00        1.02 %
     Hp        0.06        0.00        0.00        1.89 %
     Ht        0.06        0.00        0.00        0.00 %
      B        0.06        0.00        0.00        0.00 %
    all        0.06        0.00        0.00        0.73 %

    Total time in state (seconds)
    -----------------------------------------
            Pending     Running        Dead  
    -----------------------------------------
               0.26        0.00        0.00

    Data read    : 2.18 kiB
    Data written : 1.27 kiB

57: All pending notifications were processed.
INFO (IPF059): Completed proof on task: "<embedded>" for proof thread 57
INFO (IVS015): Setting Visualize task to "<embedded>".
INFO (IVS008): Expanding analysis region to enable visualization of "<embedded>::data_buffer.auto_sva_inst.data_ecc_tag_stable_without_valid".
INFO (IPF031): Settings used for proof thread 58:
    orchestration                 = off (auto)
    time_limit                    = 3600s
    per_property_time_limit       = 1s * 10 ^ scan
    engine_mode                   = Ht Hp B N 
    proofgrid_per_engine_max_jobs = 1
    max engine jobs               = Ht Hp B N, total 2
    proofgrid_mode                = local
    proofgrid_restarts            = 10
ERROR (EVS053): No trace satisfying these configurations exists for any max_length.
WARNING (WVS028): Saved trace only contains values for the target's COI.
    Use "set_trace_optimization standard" before running Visualize to save values for the full design.
DEBUG: Approach 1 (force re-prove) failed: ERROR (EVS125): No Visualize trace is available for "visualize -save -vcd".

DEBUG: Approach 2 (-new_trace) failed: ERROR (ESW104): Invalid command formation.
    Problem occurs with "-violation -new_trace".

INFO (IPF036): Starting proof on task: "<embedded>", 1 properties to prove with 0 already proven/unreachable
INFO (IPF031): Settings used for proof thread 59:
    orchestration                 = on (auto)
    time_limit                    = 3600s
    per_property_time_limit       = 1s * 10 ^ scan
    engine_mode                   = auto
    proofgrid_per_engine_max_jobs = 1
    max engine jobs               = auto
    proofgrid_mode                = local
    proofgrid_restarts            = 10
59: Using multistage preprocessing
59: Starting reduce
59: Finished reduce in 0s
59.0.PRE: Performing Proof Simplification...
59.0.N: clocks: 2, declared: 1, disabling: 0, posedge: 2, negedge: 0, noedge: 0, bothedge: 0
59.0.N: Proof Simplification Iteration 1	[0.00 s]
59.0.PRE: A proof was found: No trace exists. [0.00 s]
INFO (IPF057): 59.0.PRE: The property ":noDeadEnd" was proven in 0.00 s.
    Use check_assumptions -show -dead_end to show this property in the property table.
59.0.PRE: Proof Simplification completed in 0.00 s
59: About to start ProofGrid in its own thread with a limit of 10000 pending notifications and a limit of 10 traces.
59: =============================== ProofGrid start ===============================
59: ProofGrid usable level: 1
59: ProofGrid is starting event handling
59.0.N: Proofgrid shell started at 1973379@della-h14n3(local) jg_1972072_della-h14n3_60
59.0.Hp: Proofgrid shell started at 1973380@della-h14n3(local) jg_1972072_della-h14n3_60
59.0.N: OS RSS memory limit : 68719476736 / 68719476736
59.0.Hp: OS RSS memory limit : 68719476736 / 68719476736
59.0.N: clocks: 1, declared: 1, disabling: 0, posedge: 1, negedge: 0, noedge: 0, bothedge: 0
59.0.N: Last scan. Per property time limit: 0s
59.0.N: Starting proof for property "data_buffer.auto_sva_inst.data_ecc_tag_stable_without_valid"	[0.00 s].
59.0.N: Trace Attempt  1	[0.00 s]
59.0.Hp: clocks: 1, declared: 1, disabling: 0, posedge: 1, negedge: 0, noedge: 0, bothedge: 0
59.0.N: Requesting engine job to stop
59.0.Hp: Requesting engine job to terminate
INFO (IPF144): 59: Initiating shutdown of proof [0.00 s]
59.0.N: A trace with 1 cycles was found. [0.00 s]
INFO (IPF055): 59.0.N: A counterexample (cex) with 1 cycles was found for the property "data_buffer.auto_sva_inst.data_ecc_tag_stable_without_valid" in 0.00 s.
59.0.N: Stopped processing property "data_buffer.auto_sva_inst.data_ecc_tag_stable_without_valid"	[0.00 s].
59.0.N: All properties determined. [0.00 s]
59.0.Hp: Interrupted (multi)
59.0.Hp: All properties determined. [0.00 s]
59.0.Ht: Proofgrid shell started at 1973393@della-h14n3(local) jg_1972072_della-h14n3_60
59.0.Ht: Requesting engine job to terminate
59.0.N: Exited with Success (@ 0.06 s)
59: ProofGrid usable level: 0
59.0.Hp: Exited with Success (@ 0.06 s)
59.0.Ht: Interrupted. [0.01 s]
59.0.B: Proofgrid shell started at 1973394@della-h14n3(local) jg_1972072_della-h14n3_60
59.0.B: Requesting engine job to terminate
59.0.Ht: Exited with Success (@ 0.06 s)
59.0.B: Interrupted. [0.01 s]
59.0.B: Exited with Success (@ 0.07 s)
59: --------------------------------------------------------------
ProofGrid Summary (utilization 0.37 %)
--------------------------------------------------------------
     engines started                               :     4
     engine jobs started                           :     4

    Average time in state (seconds)
    ------------------------------------------------------
    Engine  Pending     Running        Dead    Utilization
    ------------------------------------------------------
      N        0.06        0.00        0.00        1.10 %
     Hp        0.06        0.00        0.00        0.36 %
     Ht        0.06        0.00        0.00        0.00 %
      B        0.06        0.00        0.00        0.00 %
    all        0.06        0.00        0.00        0.37 %

    Total time in state (seconds)
    -----------------------------------------
            Pending     Running        Dead  
    -----------------------------------------
               0.26        0.00        0.00

    Data read    : 2.22 kiB
    Data written : 1.28 kiB

59: All pending notifications were processed.
INFO (IPF059): Completed proof on task: "<embedded>" for proof thread 59
INFO (IVS015): Setting Visualize task to "<embedded>".
INFO (IVS008): Expanding analysis region to enable visualization of "<embedded>::data_buffer.auto_sva_inst.data_ecc_tag_stable_without_valid".
INFO (IPF031): Settings used for proof thread 60:
    orchestration                 = off (auto)
    time_limit                    = 3600s
    per_property_time_limit       = 1s * 10 ^ scan
    engine_mode                   = Ht Hp B N 
    proofgrid_per_engine_max_jobs = 1
    max engine jobs               = Ht Hp B N, total 2
    proofgrid_mode                = local
    proofgrid_restarts            = 10
ERROR (EVS053): No trace satisfying these configurations exists for any max_length.
WARNING (WVS028): Saved trace only contains values for the target's COI.
    Use "set_trace_optimization standard" before running Visualize to save values for the full design.
DEBUG: Approach 3 (auto engine) failed: ERROR (EVS125): No Visualize trace is available for "visualize -save -vcd".

WARN: Could not dump VCD for <embedded>::data_buffer.auto_sva_inst.data_ecc_tag_stable_without_valid (all approaches failed)
INFO (IPF036): Starting proof on task: "<embedded>", 1 properties to prove with 0 already proven/unreachable
INFO (IPF031): Settings used for proof thread 61:
    orchestration                 = on (auto)
    time_limit                    = 3600s
    per_property_time_limit       = 1s * 10 ^ scan
    engine_mode                   = auto
    proofgrid_per_engine_max_jobs = 1
    max engine jobs               = auto
    proofgrid_mode                = local
    proofgrid_restarts            = 10
61: Using multistage preprocessing
61: Starting reduce
61: Finished reduce in 0s
61.0.PRE: Performing Proof Simplification...
61.0.N: clocks: 2, declared: 1, disabling: 0, posedge: 2, negedge: 0, noedge: 0, bothedge: 0
61.0.N: Proof Simplification Iteration 1	[0.00 s]
61.0.N: Proof Simplification Iteration 2	[0.00 s]
61.0.N: Proof Simplification Iteration 3	[0.00 s]
61.0.PRE: A proof was found: No trace exists. [0.00 s]
INFO (IPF057): 61.0.PRE: The property ":noDeadEnd" was proven in 0.00 s.
    Use check_assumptions -show -dead_end to show this property in the property table.
61.0.PRE: Proof Simplification completed in 0.00 s
61: About to start ProofGrid in its own thread with a limit of 10000 pending notifications and a limit of 10 traces.
61: =============================== ProofGrid start ===============================
61: ProofGrid usable level: 1
61: ProofGrid is starting event handling
61.0.N: Proofgrid shell started at 1973417@della-h14n3(local) jg_1972072_della-h14n3_62
61.0.Hp: Proofgrid shell started at 1973418@della-h14n3(local) jg_1972072_della-h14n3_62
61.0.N: OS RSS memory limit : 68719476736 / 68719476736
61.0.Hp: OS RSS memory limit : 68719476736 / 68719476736
61.0.Hp: clocks: 1, declared: 1, disabling: 0, posedge: 1, negedge: 0, noedge: 0, bothedge: 0
61.0.N: clocks: 1, declared: 1, disabling: 0, posedge: 1, negedge: 0, noedge: 0, bothedge: 0
61.0.N: Last scan. Per property time limit: 0s
61.0.N: Starting proof for property "data_buffer.auto_sva_inst.dequeue_flag_set_on_input"	[0.00 s].
61.0.Hp: Trace Attempt  1	[0.00 s]
61.0.N: Trace Attempt  1	[0.00 s]
61.0.N: Requesting engine job to stop
61.0.Hp: Requesting engine job to terminate
INFO (IPF144): 61: Initiating shutdown of proof [0.00 s]
61.0.Hp: A trace with 1 cycles was found. [0.00 s]
INFO (IPF055): 61.0.Hp: A counterexample (cex) with 1 cycles was found for the property "data_buffer.auto_sva_inst.dequeue_flag_set_on_input" in 0.00 s.
61.0.Hp: All properties determined. [0.00 s]
61.0.N: Stopped processing property "data_buffer.auto_sva_inst.dequeue_flag_set_on_input"	[0.00 s].
61.0.N: All properties determined. [0.00 s]
61.0.Hp: Exited with Success (@ 0.06 s)
61: ProofGrid usable level: 0
61.0.Ht: Proofgrid shell started at 1973431@della-h14n3(local) jg_1972072_della-h14n3_62
61.0.Ht: Requesting engine job to terminate
61.0.B: Proofgrid shell started at 1973432@della-h14n3(local) jg_1972072_della-h14n3_62
61.0.B: Requesting engine job to terminate
61.0.B: Interrupted. [0.01 s]
61.0.N: Exited with Success (@ 0.06 s)
61.0.Ht: Interrupted. [0.01 s]
61.0.B: Exited with Success (@ 0.06 s)
61.0.Ht: Exited with Success (@ 0.06 s)
61: --------------------------------------------------------------
ProofGrid Summary (utilization 0.53 %)
--------------------------------------------------------------
     engines started                               :     4
     engine jobs started                           :     4

    Average time in state (seconds)
    ------------------------------------------------------
    Engine  Pending     Running        Dead    Utilization
    ------------------------------------------------------
      N        0.06        0.00        0.00        1.08 %
     Hp        0.06        0.00        0.00        1.05 %
     Ht        0.06        0.00        0.00        0.00 %
      B        0.06        0.00        0.00        0.00 %
    all        0.06        0.00        0.00        0.53 %

    Total time in state (seconds)
    -----------------------------------------
            Pending     Running        Dead  
    -----------------------------------------
               0.26        0.00        0.00

    Data read    : 1.61 kiB
    Data written : 1.27 kiB

61: All pending notifications were processed.
INFO (IPF059): Completed proof on task: "<embedded>" for proof thread 61
INFO (IVS015): Setting Visualize task to "<embedded>".
INFO (IVS008): Expanding analysis region to enable visualization of "<embedded>::data_buffer.auto_sva_inst.dequeue_flag_set_on_input".
INFO (IPF031): Settings used for proof thread 62:
    orchestration                 = off (auto)
    time_limit                    = 3600s
    per_property_time_limit       = 1s * 10 ^ scan
    engine_mode                   = Ht Hp B N 
    proofgrid_per_engine_max_jobs = 1
    max engine jobs               = Ht Hp B N, total 2
    proofgrid_mode                = local
    proofgrid_restarts            = 10
ERROR (EVS053): No trace satisfying these configurations exists for any max_length.
WARNING (WVS028): Saved trace only contains values for the target's COI.
    Use "set_trace_optimization standard" before running Visualize to save values for the full design.
DEBUG: Approach 1 (force re-prove) failed: ERROR (EVS125): No Visualize trace is available for "visualize -save -vcd".

DEBUG: Approach 2 (-new_trace) failed: ERROR (ESW104): Invalid command formation.
    Problem occurs with "-violation -new_trace".

INFO (IPF036): Starting proof on task: "<embedded>", 1 properties to prove with 0 already proven/unreachable
INFO (IPF031): Settings used for proof thread 63:
    orchestration                 = on (auto)
    time_limit                    = 3600s
    per_property_time_limit       = 1s * 10 ^ scan
    engine_mode                   = auto
    proofgrid_per_engine_max_jobs = 1
    max engine jobs               = auto
    proofgrid_mode                = local
    proofgrid_restarts            = 10
63: Using multistage preprocessing
63: Starting reduce
63: Finished reduce in 0s
63.0.PRE: Performing Proof Simplification...
63.0.N: clocks: 2, declared: 1, disabling: 0, posedge: 2, negedge: 0, noedge: 0, bothedge: 0
63.0.N: Proof Simplification Iteration 1	[0.00 s]
63.0.N: Proof Simplification Iteration 2	[0.00 s]
63.0.N: Proof Simplification Iteration 3	[0.00 s]
63.0.PRE: A proof was found: No trace exists. [0.00 s]
INFO (IPF057): 63.0.PRE: The property ":noDeadEnd" was proven in 0.00 s.
    Use check_assumptions -show -dead_end to show this property in the property table.
63.0.PRE: Proof Simplification completed in 0.00 s
63: About to start ProofGrid in its own thread with a limit of 10000 pending notifications and a limit of 10 traces.
63: =============================== ProofGrid start ===============================
63: ProofGrid usable level: 1
63: ProofGrid is starting event handling
63.0.N: Proofgrid shell started at 1973455@della-h14n3(local) jg_1972072_della-h14n3_64
63.0.Hp: Proofgrid shell started at 1973456@della-h14n3(local) jg_1972072_della-h14n3_64
63.0.N: OS RSS memory limit : 68719476736 / 68719476736
63.0.N: clocks: 1, declared: 1, disabling: 0, posedge: 1, negedge: 0, noedge: 0, bothedge: 0
63.0.Hp: OS RSS memory limit : 68719476736 / 68719476736
63.0.N: Last scan. Per property time limit: 0s
63.0.N: Starting proof for property "data_buffer.auto_sva_inst.dequeue_flag_set_on_input"	[0.00 s].
63.0.N: Trace Attempt  1	[0.00 s]
63.0.N: Requesting engine job to stop
63.0.Hp: Requesting engine job to terminate
INFO (IPF144): 63: Initiating shutdown of proof [0.00 s]
63.0.N: A trace with 1 cycles was found. [0.00 s]
INFO (IPF055): 63.0.N: A counterexample (cex) with 1 cycles was found for the property "data_buffer.auto_sva_inst.dequeue_flag_set_on_input" in 0.00 s.
63.0.N: Stopped processing property "data_buffer.auto_sva_inst.dequeue_flag_set_on_input"	[0.00 s].
63.0.N: All properties determined. [0.00 s]
63.0.Hp: Interrupted. [0.00 s]
63.0.B: Proofgrid shell started at 1973470@della-h14n3(local) jg_1972072_della-h14n3_64
63.0.B: Requesting engine job to terminate
63.0.N: Exited with Success (@ 0.06 s)
63: ProofGrid usable level: 0
63.0.Hp: Exited with Success (@ 0.06 s)
63.0.B: Interrupted. [0.01 s]
63.0.Ht: Proofgrid shell started at 1973469@della-h14n3(local) jg_1972072_della-h14n3_64
63.0.Ht: Requesting engine job to terminate
63.0.Ht: Interrupted. [0.01 s]
63.0.B: Exited with Success (@ 0.06 s)
63.0.Ht: Exited with Success (@ 0.06 s)
63: --------------------------------------------------------------
ProofGrid Summary (utilization 0.31 %)
--------------------------------------------------------------
     engines started                               :     4
     engine jobs started                           :     4

    Average time in state (seconds)
    ------------------------------------------------------
    Engine  Pending     Running        Dead    Utilization
    ------------------------------------------------------
      N        0.06        0.00        0.00        0.97 %
     Hp        0.06        0.00        0.00        0.26 %
     Ht        0.06        0.00        0.00        0.00 %
      B        0.06        0.00        0.00        0.00 %
    all        0.06        0.00        0.00        0.31 %

    Total time in state (seconds)
    -----------------------------------------
            Pending     Running        Dead  
    -----------------------------------------
               0.25        0.00        0.00

    Data read    : 1.31 kiB
    Data written : 1.27 kiB

63: All pending notifications were processed.
INFO (IPF059): Completed proof on task: "<embedded>" for proof thread 63
INFO (IVS015): Setting Visualize task to "<embedded>".
INFO (IVS008): Expanding analysis region to enable visualization of "<embedded>::data_buffer.auto_sva_inst.dequeue_flag_set_on_input".
INFO (IPF031): Settings used for proof thread 64:
    orchestration                 = off (auto)
    time_limit                    = 3600s
    per_property_time_limit       = 1s * 10 ^ scan
    engine_mode                   = Ht Hp B N 
    proofgrid_per_engine_max_jobs = 1
    max engine jobs               = Ht Hp B N, total 2
    proofgrid_mode                = local
    proofgrid_restarts            = 10
ERROR (EVS053): No trace satisfying these configurations exists for any max_length.
WARNING (WVS028): Saved trace only contains values for the target's COI.
    Use "set_trace_optimization standard" before running Visualize to save values for the full design.
DEBUG: Approach 3 (auto engine) failed: ERROR (EVS125): No Visualize trace is available for "visualize -save -vcd".

WARN: Could not dump VCD for <embedded>::data_buffer.auto_sva_inst.dequeue_flag_set_on_input (all approaches failed)
INFO (IPF036): Starting proof on task: "<embedded>", 1 properties to prove with 0 already proven/unreachable
INFO (IPF031): Settings used for proof thread 65:
    orchestration                 = on (auto)
    time_limit                    = 3600s
    per_property_time_limit       = 1s * 10 ^ scan
    engine_mode                   = auto
    proofgrid_per_engine_max_jobs = 1
    max engine jobs               = auto
    proofgrid_mode                = local
    proofgrid_restarts            = 10
65: Using multistage preprocessing
65: Starting reduce
65: Finished reduce in 0s
65.0.PRE: Performing Proof Simplification...
65.0.N: clocks: 2, declared: 1, disabling: 0, posedge: 2, negedge: 0, noedge: 0, bothedge: 0
65.0.N: Proof Simplification Iteration 1	[0.00 s]
65.0.N: Proof Simplification Iteration 2	[0.00 s]
65.0.N: Proof Simplification Iteration 3	[0.00 s]
65.0.PRE: A proof was found: No trace exists. [0.00 s]
INFO (IPF057): 65.0.PRE: The property ":noDeadEnd" was proven in 0.00 s.
    Use check_assumptions -show -dead_end to show this property in the property table.
65.0.PRE: Proof Simplification completed in 0.00 s
65: About to start ProofGrid in its own thread with a limit of 10000 pending notifications and a limit of 10 traces.
65: =============================== ProofGrid start ===============================
65: ProofGrid usable level: 1
65: ProofGrid is starting event handling
65.0.Hp: Proofgrid shell started at 1973494@della-h14n3(local) jg_1972072_della-h14n3_66
65.0.N: Proofgrid shell started at 1973493@della-h14n3(local) jg_1972072_della-h14n3_66
65.0.Hp: OS RSS memory limit : 68719476736 / 68719476736
65.0.N: OS RSS memory limit : 68719476736 / 68719476736
65.0.Hp: clocks: 1, declared: 1, disabling: 0, posedge: 1, negedge: 0, noedge: 0, bothedge: 0
65.0.Hp: Trace Attempt  1	[0.00 s]
65.0.N: Requesting engine job to stop
65.0.Hp: Requesting engine job to terminate
INFO (IPF144): 65: Initiating shutdown of proof [0.00 s]
65.0.Hp: A trace with 1 cycles was found. [0.00 s]
INFO (IPF055): 65.0.Hp: A counterexample (cex) with 1 cycles was found for the property "data_buffer.auto_sva_inst.dequeue_flag_only_rises_on_input" in 0.00 s.
65.0.Hp: All properties determined. [0.00 s]
65.0.Hp: Exited with Success (@ 0.00 s)
65: ProofGrid usable level: 0
65.0.N: Interrupted. [0.00 s]
65.0.N: Exited with Success (@ 0.00 s)
65.0.Ht: Proofgrid shell started at 1973507@della-h14n3(local) jg_1972072_della-h14n3_66
65.0.Ht: Requesting engine job to terminate
65.0.Ht: Interrupted. [0.01 s]
65.0.B: Proofgrid shell started at 1973508@della-h14n3(local) jg_1972072_della-h14n3_66
65.0.B: Requesting engine job to terminate
65.0.Ht: Exited with Success (@ 0.06 s)
65.0.B: Interrupted. [0.01 s]
65.0.B: Exited with Success (@ 0.07 s)
65: --------------------------------------------------------------
ProofGrid Summary (utilization 0.66 %)
--------------------------------------------------------------
     engines started                               :     4
     engine jobs started                           :     4

    Average time in state (seconds)
    ------------------------------------------------------
    Engine  Pending     Running        Dead    Utilization
    ------------------------------------------------------
      N        0.06        0.00        0.00        0.06 %
     Hp        0.06        0.00        0.00        2.51 %
     Ht        0.06        0.00        0.00        0.00 %
      B        0.06        0.00        0.00        0.00 %
    all        0.06        0.00        0.00        0.66 %

    Total time in state (seconds)
    -----------------------------------------
            Pending     Running        Dead  
    -----------------------------------------
               0.25        0.00        0.00

    Data read    : 1.36 kiB
    Data written : 1.27 kiB

65: All pending notifications were processed.
INFO (IPF059): Completed proof on task: "<embedded>" for proof thread 65
INFO (IVS015): Setting Visualize task to "<embedded>".
INFO (IVS008): Expanding analysis region to enable visualization of "<embedded>::data_buffer.auto_sva_inst.dequeue_flag_only_rises_on_input".
INFO (IPF031): Settings used for proof thread 66:
    orchestration                 = off (auto)
    time_limit                    = 3600s
    per_property_time_limit       = 1s * 10 ^ scan
    engine_mode                   = Ht Hp B N 
    proofgrid_per_engine_max_jobs = 1
    max engine jobs               = Ht Hp B N, total 2
    proofgrid_mode                = local
    proofgrid_restarts            = 10
ERROR (EVS053): No trace satisfying these configurations exists for any max_length.
WARNING (WVS028): Saved trace only contains values for the target's COI.
    Use "set_trace_optimization standard" before running Visualize to save values for the full design.
DEBUG: Approach 1 (force re-prove) failed: ERROR (EVS125): No Visualize trace is available for "visualize -save -vcd".

DEBUG: Approach 2 (-new_trace) failed: ERROR (ESW104): Invalid command formation.
    Problem occurs with "-violation -new_trace".

INFO (IPF036): Starting proof on task: "<embedded>", 1 properties to prove with 0 already proven/unreachable
INFO (IPF031): Settings used for proof thread 67:
    orchestration                 = on (auto)
    time_limit                    = 3600s
    per_property_time_limit       = 1s * 10 ^ scan
    engine_mode                   = auto
    proofgrid_per_engine_max_jobs = 1
    max engine jobs               = auto
    proofgrid_mode                = local
    proofgrid_restarts            = 10
67: Using multistage preprocessing
67: Starting reduce
67: Finished reduce in 0s
67.0.PRE: Performing Proof Simplification...
67.0.N: clocks: 2, declared: 1, disabling: 0, posedge: 2, negedge: 0, noedge: 0, bothedge: 0
67.0.N: Proof Simplification Iteration 1	[0.00 s]
67.0.N: Proof Simplification Iteration 2	[0.00 s]
67.0.N: Proof Simplification Iteration 3	[0.00 s]
67.0.PRE: A proof was found: No trace exists. [0.00 s]
INFO (IPF057): 67.0.PRE: The property ":noDeadEnd" was proven in 0.00 s.
    Use check_assumptions -show -dead_end to show this property in the property table.
67.0.PRE: Proof Simplification completed in 0.00 s
67: About to start ProofGrid in its own thread with a limit of 10000 pending notifications and a limit of 10 traces.
67: =============================== ProofGrid start ===============================
67: ProofGrid usable level: 1
67: ProofGrid is starting event handling
67.0.N: Proofgrid shell started at 1973531@della-h14n3(local) jg_1972072_della-h14n3_68
67.0.Hp: Proofgrid shell started at 1973532@della-h14n3(local) jg_1972072_della-h14n3_68
67.0.N: OS RSS memory limit : 68719476736 / 68719476736
67.0.Hp: OS RSS memory limit : 68719476736 / 68719476736
67.0.N: clocks: 1, declared: 1, disabling: 0, posedge: 1, negedge: 0, noedge: 0, bothedge: 0
67.0.N: Last scan. Per property time limit: 0s
67.0.N: Starting proof for property "data_buffer.auto_sva_inst.dequeue_flag_only_rises_on_input"	[0.00 s].
67.0.N: Trace Attempt  1	[0.00 s]
67.0.N: Requesting engine job to stop
67.0.Hp: Requesting engine job to terminate
INFO (IPF144): 67: Initiating shutdown of proof [0.00 s]
67.0.N: A trace with 1 cycles was found. [0.00 s]
INFO (IPF055): 67.0.N: A counterexample (cex) with 1 cycles was found for the property "data_buffer.auto_sva_inst.dequeue_flag_only_rises_on_input" in 0.00 s.
67.0.N: Stopped processing property "data_buffer.auto_sva_inst.dequeue_flag_only_rises_on_input"	[0.00 s].
67.0.N: All properties determined. [0.00 s]
67.0.Hp: Interrupted. [0.00 s]
67.0.N: Exited with Success (@ 0.00 s)
67: ProofGrid usable level: 0
67.0.B: Proofgrid shell started at 1973546@della-h14n3(local) jg_1972072_della-h14n3_68
67.0.B: Requesting engine job to terminate
67.0.Hp: Exited with Success (@ 0.06 s)
67.0.B: Interrupted. [0.01 s]
67.0.Ht: Proofgrid shell started at 1973545@della-h14n3(local) jg_1972072_della-h14n3_68
67.0.Ht: Requesting engine job to terminate
67.0.Ht: Interrupted. [0.01 s]
67.0.B: Exited with Success (@ 0.06 s)
67.0.Ht: Exited with Success (@ 0.06 s)
67: --------------------------------------------------------------
ProofGrid Summary (utilization 0.43 %)
--------------------------------------------------------------
     engines started                               :     4
     engine jobs started                           :     4

    Average time in state (seconds)
    ------------------------------------------------------
    Engine  Pending     Running        Dead    Utilization
    ------------------------------------------------------
      N        0.06        0.00        0.00        1.64 %
     Hp        0.06        0.00        0.00        0.05 %
     Ht        0.06        0.00        0.00        0.00 %
      B        0.06        0.00        0.00        0.00 %
    all        0.06        0.00        0.00        0.43 %

    Total time in state (seconds)
    -----------------------------------------
            Pending     Running        Dead  
    -----------------------------------------
               0.25        0.00        0.00

    Data read    : 1.31 kiB
    Data written : 1.27 kiB

67: All pending notifications were processed.
INFO (IPF059): Completed proof on task: "<embedded>" for proof thread 67
INFO (IVS015): Setting Visualize task to "<embedded>".
INFO (IVS008): Expanding analysis region to enable visualization of "<embedded>::data_buffer.auto_sva_inst.dequeue_flag_only_rises_on_input".
INFO (IPF031): Settings used for proof thread 68:
    orchestration                 = off (auto)
    time_limit                    = 3600s
    per_property_time_limit       = 1s * 10 ^ scan
    engine_mode                   = Ht Hp B N 
    proofgrid_per_engine_max_jobs = 1
    max engine jobs               = Ht Hp B N, total 2
    proofgrid_mode                = local
    proofgrid_restarts            = 10
ERROR (EVS053): No trace satisfying these configurations exists for any max_length.
WARNING (WVS028): Saved trace only contains values for the target's COI.
    Use "set_trace_optimization standard" before running Visualize to save values for the full design.
DEBUG: Approach 3 (auto engine) failed: ERROR (EVS125): No Visualize trace is available for "visualize -save -vcd".

WARN: Could not dump VCD for <embedded>::data_buffer.auto_sva_inst.dequeue_flag_only_rises_on_input (all approaches failed)
INFO (IPF036): Starting proof on task: "<embedded>", 1 properties to prove with 0 already proven/unreachable
INFO (IPF031): Settings used for proof thread 69:
    orchestration                 = on (auto)
    time_limit                    = 3600s
    per_property_time_limit       = 1s * 10 ^ scan
    engine_mode                   = auto
    proofgrid_per_engine_max_jobs = 1
    max engine jobs               = auto
    proofgrid_mode                = local
    proofgrid_restarts            = 10
69: Using multistage preprocessing
69: Starting reduce
69: Finished reduce in 0s
69.0.PRE: Performing Proof Simplification...
69.0.N: clocks: 2, declared: 1, disabling: 0, posedge: 2, negedge: 0, noedge: 0, bothedge: 0
69.0.N: Proof Simplification Iteration 1	[0.00 s]
69.0.N: Proof Simplification Iteration 2	[0.00 s]
69.0.N: Proof Simplification Iteration 3	[0.00 s]
69.0.PRE: A proof was found: No trace exists. [0.00 s]
INFO (IPF057): 69.0.PRE: The property ":noDeadEnd" was proven in 0.00 s.
    Use check_assumptions -show -dead_end to show this property in the property table.
69.0.PRE: Proof Simplification completed in 0.00 s
69: About to start ProofGrid in its own thread with a limit of 10000 pending notifications and a limit of 10 traces.
69: =============================== ProofGrid start ===============================
69: ProofGrid usable level: 1
69: ProofGrid is starting event handling
69.0.Hp: Proofgrid shell started at 1973570@della-h14n3(local) jg_1972072_della-h14n3_70
69.0.N: Proofgrid shell started at 1973569@della-h14n3(local) jg_1972072_della-h14n3_70
69.0.Hp: OS RSS memory limit : 68719476736 / 68719476736
69.0.N: OS RSS memory limit : 68719476736 / 68719476736
69.0.Hp: clocks: 1, declared: 1, disabling: 0, posedge: 1, negedge: 0, noedge: 0, bothedge: 0
69.0.Hp: Trace Attempt  1	[0.00 s]
69.0.N: Requesting engine job to stop
69.0.Hp: Requesting engine job to terminate
INFO (IPF144): 69: Initiating shutdown of proof [0.00 s]
69.0.Hp: A trace with 1 cycles was found. [0.00 s]
INFO (IPF055): 69.0.Hp: A counterexample (cex) with 1 cycles was found for the property "data_buffer.auto_sva_inst.dequeue_flag_never_falls_without_reset" in 0.00 s.
69.0.Hp: All properties determined. [0.00 s]
69.0.N: Interrupted. [0.00 s]
69.0.Hp: Exited with Success (@ 0.00 s)
69: ProofGrid usable level: 0
69.0.N: Exited with Success (@ 0.00 s)
69.0.Ht: Proofgrid shell started at 1973583@della-h14n3(local) jg_1972072_della-h14n3_70
69.0.Ht: Requesting engine job to terminate
69.0.B: Proofgrid shell started at 1973584@della-h14n3(local) jg_1972072_della-h14n3_70
69.0.B: Requesting engine job to terminate
69.0.B: Interrupted. [0.01 s]
69.0.Ht: Interrupted. [0.01 s]
69.0.B: Exited with Success (@ 0.07 s)
69.0.Ht: Exited with Success (@ 0.07 s)
69: --------------------------------------------------------------
ProofGrid Summary (utilization 0.38 %)
--------------------------------------------------------------
     engines started                               :     4
     engine jobs started                           :     4

    Average time in state (seconds)
    ------------------------------------------------------
    Engine  Pending     Running        Dead    Utilization
    ------------------------------------------------------
      N        0.06        0.00        0.00        0.08 %
     Hp        0.06        0.00        0.00        1.42 %
     Ht        0.06        0.00        0.00        0.00 %
      B        0.06        0.00        0.00        0.00 %
    all        0.06        0.00        0.00        0.38 %

    Total time in state (seconds)
    -----------------------------------------
            Pending     Running        Dead  
    -----------------------------------------
               0.26        0.00        0.00

    Data read    : 1.36 kiB
    Data written : 1.27 kiB

69: All pending notifications were processed.
INFO (IPF059): Completed proof on task: "<embedded>" for proof thread 69
INFO (IVS015): Setting Visualize task to "<embedded>".
INFO (IVS008): Expanding analysis region to enable visualization of "<embedded>::data_buffer.auto_sva_inst.dequeue_flag_never_falls_without_reset".
INFO (IPF031): Settings used for proof thread 70:
    orchestration                 = off (auto)
    time_limit                    = 3600s
    per_property_time_limit       = 1s * 10 ^ scan
    engine_mode                   = Ht Hp B N 
    proofgrid_per_engine_max_jobs = 1
    max engine jobs               = Ht Hp B N, total 2
    proofgrid_mode                = local
    proofgrid_restarts            = 10
ERROR (EVS053): No trace satisfying these configurations exists for any max_length.
WARNING (WVS028): Saved trace only contains values for the target's COI.
    Use "set_trace_optimization standard" before running Visualize to save values for the full design.
DEBUG: Approach 1 (force re-prove) failed: ERROR (EVS125): No Visualize trace is available for "visualize -save -vcd".

DEBUG: Approach 2 (-new_trace) failed: ERROR (ESW104): Invalid command formation.
    Problem occurs with "-violation -new_trace".

INFO (IPF036): Starting proof on task: "<embedded>", 1 properties to prove with 0 already proven/unreachable
INFO (IPF031): Settings used for proof thread 71:
    orchestration                 = on (auto)
    time_limit                    = 3600s
    per_property_time_limit       = 1s * 10 ^ scan
    engine_mode                   = auto
    proofgrid_per_engine_max_jobs = 1
    max engine jobs               = auto
    proofgrid_mode                = local
    proofgrid_restarts            = 10
71: Using multistage preprocessing
71: Starting reduce
71: Finished reduce in 0s
71.0.PRE: Performing Proof Simplification...
71.0.N: clocks: 2, declared: 1, disabling: 0, posedge: 2, negedge: 0, noedge: 0, bothedge: 0
71.0.N: Proof Simplification Iteration 1	[0.00 s]
71.0.N: Proof Simplification Iteration 2	[0.00 s]
71.0.N: Proof Simplification Iteration 3	[0.00 s]
71.0.PRE: A proof was found: No trace exists. [0.00 s]
INFO (IPF057): 71.0.PRE: The property ":noDeadEnd" was proven in 0.00 s.
    Use check_assumptions -show -dead_end to show this property in the property table.
71.0.PRE: Proof Simplification completed in 0.00 s
71: About to start ProofGrid in its own thread with a limit of 10000 pending notifications and a limit of 10 traces.
71: =============================== ProofGrid start ===============================
71: ProofGrid usable level: 1
71: ProofGrid is starting event handling
71.0.Hp: Proofgrid shell started at 1973608@della-h14n3(local) jg_1972072_della-h14n3_72
71.0.N: Proofgrid shell started at 1973607@della-h14n3(local) jg_1972072_della-h14n3_72
71.0.Hp: OS RSS memory limit : 68719476736 / 68719476736
71.0.N: OS RSS memory limit : 68719476736 / 68719476736
71.0.Hp: clocks: 1, declared: 1, disabling: 0, posedge: 1, negedge: 0, noedge: 0, bothedge: 0
71.0.N: clocks: 1, declared: 1, disabling: 0, posedge: 1, negedge: 0, noedge: 0, bothedge: 0
71.0.Hp: Trace Attempt  1	[0.00 s]
71.0.N: Last scan. Per property time limit: 0s
71.0.N: Starting proof for property "data_buffer.auto_sva_inst.dequeue_flag_never_falls_without_reset"	[0.00 s].
71.0.N: Requesting engine job to stop
71.0.Hp: Requesting engine job to terminate
INFO (IPF144): 71: Initiating shutdown of proof [0.00 s]
71.0.Hp: A trace with 1 cycles was found. [0.00 s]
INFO (IPF055): 71.0.Hp: A counterexample (cex) with 1 cycles was found for the property "data_buffer.auto_sva_inst.dequeue_flag_never_falls_without_reset" in 0.00 s.
71.0.Hp: All properties determined. [0.00 s]
71.0.N: Trace Attempt  1	[0.00 s]
71.0.N: Stopped processing property "data_buffer.auto_sva_inst.dequeue_flag_never_falls_without_reset"	[0.00 s].
71.0.N: All properties determined. [0.00 s]
71.0.Hp: Exited with Success (@ 0.00 s)
71: ProofGrid usable level: 0
71.0.N: Exited with Success (@ 0.00 s)
71.0.B: Proofgrid shell started at 1973622@della-h14n3(local) jg_1972072_della-h14n3_72
71.0.B: Requesting engine job to terminate
71.0.B: Interrupted. [0.01 s]
71.0.Ht: Proofgrid shell started at 1973621@della-h14n3(local) jg_1972072_della-h14n3_72
71.0.Ht: Requesting engine job to terminate
71.0.Ht: Interrupted. [0.01 s]
71.0.B: Exited with Success (@ 0.07 s)
71.0.Ht: Exited with Success (@ 0.07 s)
71: --------------------------------------------------------------
ProofGrid Summary (utilization 0.65 %)
--------------------------------------------------------------
     engines started                               :     4
     engine jobs started                           :     4

    Average time in state (seconds)
    ------------------------------------------------------
    Engine  Pending     Running        Dead    Utilization
    ------------------------------------------------------
      N        0.06        0.00        0.00        0.98 %
     Hp        0.06        0.00        0.00        1.61 %
     Ht        0.06        0.00        0.00        0.00 %
      B        0.06        0.00        0.00        0.00 %
    all        0.06        0.00        0.00        0.65 %

    Total time in state (seconds)
    -----------------------------------------
            Pending     Running        Dead  
    -----------------------------------------
               0.26        0.00        0.00

    Data read    : 1.62 kiB
    Data written : 1.27 kiB

71: All pending notifications were processed.
INFO (IPF059): Completed proof on task: "<embedded>" for proof thread 71
INFO (IVS015): Setting Visualize task to "<embedded>".
INFO (IVS008): Expanding analysis region to enable visualization of "<embedded>::data_buffer.auto_sva_inst.dequeue_flag_never_falls_without_reset".
INFO (IPF031): Settings used for proof thread 72:
    orchestration                 = off (auto)
    time_limit                    = 3600s
    per_property_time_limit       = 1s * 10 ^ scan
    engine_mode                   = Ht Hp B N 
    proofgrid_per_engine_max_jobs = 1
    max engine jobs               = Ht Hp B N, total 2
    proofgrid_mode                = local
    proofgrid_restarts            = 10
ERROR (EVS053): No trace satisfying these configurations exists for any max_length.
WARNING (WVS028): Saved trace only contains values for the target's COI.
    Use "set_trace_optimization standard" before running Visualize to save values for the full design.
DEBUG: Approach 3 (auto engine) failed: ERROR (EVS125): No Visualize trace is available for "visualize -save -vcd".

WARN: Could not dump VCD for <embedded>::data_buffer.auto_sva_inst.dequeue_flag_never_falls_without_reset (all approaches failed)
INFO (IPF036): Starting proof on task: "<embedded>", 1 properties to prove with 0 already proven/unreachable
INFO (IPF031): Settings used for proof thread 73:
    orchestration                 = on (auto)
    time_limit                    = 3600s
    per_property_time_limit       = 1s * 10 ^ scan
    engine_mode                   = auto
    proofgrid_per_engine_max_jobs = 1
    max engine jobs               = auto
    proofgrid_mode                = local
    proofgrid_restarts            = 10
73: Using multistage preprocessing
73: Starting reduce
73: Finished reduce in 0s
73.0.PRE: Performing Proof Simplification...
73.0.N: clocks: 2, declared: 1, disabling: 0, posedge: 2, negedge: 0, noedge: 0, bothedge: 0
73.0.N: Proof Simplification Iteration 1	[0.00 s]
73.0.N: Proof Simplification Iteration 2	[0.00 s]
73.0.N: Proof Simplification Iteration 3	[0.00 s]
73.0.PRE: A proof was found: No trace exists. [0.00 s]
INFO (IPF057): 73.0.PRE: The property ":noDeadEnd" was proven in 0.00 s.
    Use check_assumptions -show -dead_end to show this property in the property table.
73.0.PRE: Proof Simplification completed in 0.00 s
73: About to start ProofGrid in its own thread with a limit of 10000 pending notifications and a limit of 10 traces.
73: =============================== ProofGrid start ===============================
73: ProofGrid usable level: 1
73: ProofGrid is starting event handling
73.0.N: Proofgrid shell started at 1973647@della-h14n3(local) jg_1972072_della-h14n3_74
73.0.Hp: Proofgrid shell started at 1973648@della-h14n3(local) jg_1972072_della-h14n3_74
73.0.N: OS RSS memory limit : 68719476736 / 68719476736
73.0.Hp: OS RSS memory limit : 68719476736 / 68719476736
73.0.N: clocks: 1, declared: 1, disabling: 0, posedge: 1, negedge: 0, noedge: 0, bothedge: 0
73.0.N: Last scan. Per property time limit: 0s
73.0.N: Starting proof for property "data_buffer.auto_sva_inst.error_set_on_input"	[0.00 s].
73.0.N: Trace Attempt  1	[0.00 s]
73.0.N: Requesting engine job to stop
73.0.Hp: Requesting engine job to terminate
INFO (IPF144): 73: Initiating shutdown of proof [0.00 s]
73.0.N: A trace with 1 cycles was found. [0.00 s]
INFO (IPF055): 73.0.N: A counterexample (cex) with 1 cycles was found for the property "data_buffer.auto_sva_inst.error_set_on_input" in 0.00 s.
73.0.N: Stopped processing property "data_buffer.auto_sva_inst.error_set_on_input"	[0.00 s].
73.0.N: All properties determined. [0.00 s]
73.0.Hp: Interrupted. [0.00 s]
73.0.Ht: Proofgrid shell started at 1973661@della-h14n3(local) jg_1972072_della-h14n3_74
73.0.Ht: Requesting engine job to terminate
73.0.N: Exited with Success (@ 0.06 s)
73: ProofGrid usable level: 0
73.0.Hp: Exited with Success (@ 0.06 s)
73.0.Ht: Interrupted. [0.01 s]
73.0.B: Proofgrid shell started at 1973662@della-h14n3(local) jg_1972072_della-h14n3_74
73.0.B: Requesting engine job to terminate
73.0.Ht: Exited with Success (@ 0.07 s)
73.0.B: Interrupted. [0.01 s]
73.0.B: Exited with Success (@ 0.07 s)
73: --------------------------------------------------------------
ProofGrid Summary (utilization 1.52 %)
--------------------------------------------------------------
     engines started                               :     4
     engine jobs started                           :     4

    Average time in state (seconds)
    ------------------------------------------------------
    Engine  Pending     Running        Dead    Utilization
    ------------------------------------------------------
      N        0.06        0.00        0.00        5.76 %
     Hp        0.06        0.00        0.00        0.05 %
     Ht        0.06        0.00        0.00        0.00 %
      B        0.06        0.00        0.00        0.00 %
    all        0.06        0.00        0.00        1.52 %

    Total time in state (seconds)
    -----------------------------------------
            Pending     Running        Dead  
    -----------------------------------------
               0.25        0.00        0.00

    Data read    : 1.31 kiB
    Data written : 1.27 kiB

73: All pending notifications were processed.
INFO (IPF059): Completed proof on task: "<embedded>" for proof thread 73
INFO (IVS015): Setting Visualize task to "<embedded>".
INFO (IVS008): Expanding analysis region to enable visualization of "<embedded>::data_buffer.auto_sva_inst.error_set_on_input".
INFO (IPF031): Settings used for proof thread 74:
    orchestration                 = off (auto)
    time_limit                    = 3600s
    per_property_time_limit       = 1s * 10 ^ scan
    engine_mode                   = Ht Hp B N 
    proofgrid_per_engine_max_jobs = 1
    max engine jobs               = Ht Hp B N, total 2
    proofgrid_mode                = local
    proofgrid_restarts            = 10
ERROR (EVS053): No trace satisfying these configurations exists for any max_length.
WARNING (WVS028): Saved trace only contains values for the target's COI.
    Use "set_trace_optimization standard" before running Visualize to save values for the full design.
DEBUG: Approach 1 (force re-prove) failed: ERROR (EVS125): No Visualize trace is available for "visualize -save -vcd".

DEBUG: Approach 2 (-new_trace) failed: ERROR (ESW104): Invalid command formation.
    Problem occurs with "-violation -new_trace".

INFO (IPF036): Starting proof on task: "<embedded>", 1 properties to prove with 0 already proven/unreachable
INFO (IPF031): Settings used for proof thread 75:
    orchestration                 = on (auto)
    time_limit                    = 3600s
    per_property_time_limit       = 1s * 10 ^ scan
    engine_mode                   = auto
    proofgrid_per_engine_max_jobs = 1
    max engine jobs               = auto
    proofgrid_mode                = local
    proofgrid_restarts            = 10
75: Using multistage preprocessing
75: Starting reduce
75: Finished reduce in 0s
75.0.PRE: Performing Proof Simplification...
75.0.N: clocks: 2, declared: 1, disabling: 0, posedge: 2, negedge: 0, noedge: 0, bothedge: 0
75.0.N: Proof Simplification Iteration 1	[0.00 s]
75.0.N: Proof Simplification Iteration 2	[0.00 s]
75.0.N: Proof Simplification Iteration 3	[0.00 s]
75.0.PRE: A proof was found: No trace exists. [0.00 s]
INFO (IPF057): 75.0.PRE: The property ":noDeadEnd" was proven in 0.00 s.
    Use check_assumptions -show -dead_end to show this property in the property table.
75.0.PRE: Proof Simplification completed in 0.00 s
75: About to start ProofGrid in its own thread with a limit of 10000 pending notifications and a limit of 10 traces.
75: =============================== ProofGrid start ===============================
75: ProofGrid usable level: 1
75: ProofGrid is starting event handling
75.0.N: Proofgrid shell started at 1973685@della-h14n3(local) jg_1972072_della-h14n3_76
75.0.Hp: Proofgrid shell started at 1973686@della-h14n3(local) jg_1972072_della-h14n3_76
75.0.N: OS RSS memory limit : 68719476736 / 68719476736
75.0.N: clocks: 1, declared: 1, disabling: 0, posedge: 1, negedge: 0, noedge: 0, bothedge: 0
75.0.Hp: OS RSS memory limit : 68719476736 / 68719476736
75.0.N: Last scan. Per property time limit: 0s
75.0.N: Starting proof for property "data_buffer.auto_sva_inst.error_set_on_input"	[0.00 s].
75.0.N: Trace Attempt  1	[0.00 s]
75.0.N: Requesting engine job to stop
75.0.Hp: Requesting engine job to terminate
INFO (IPF144): 75: Initiating shutdown of proof [0.00 s]
75.0.N: A trace with 1 cycles was found. [0.00 s]
INFO (IPF055): 75.0.N: A counterexample (cex) with 1 cycles was found for the property "data_buffer.auto_sva_inst.error_set_on_input" in 0.00 s.
75.0.N: Stopped processing property "data_buffer.auto_sva_inst.error_set_on_input"	[0.00 s].
75.0.N: All properties determined. [0.00 s]
75.0.Hp: Interrupted. [0.00 s]
75.0.Ht: Proofgrid shell started at 1973699@della-h14n3(local) jg_1972072_della-h14n3_76
75.0.Ht: Requesting engine job to terminate
75.0.B: Proofgrid shell started at 1973700@della-h14n3(local) jg_1972072_della-h14n3_76
75.0.B: Requesting engine job to terminate
75.0.B: Interrupted. [0.01 s]
75.0.N: Exited with Success (@ 0.06 s)
75: ProofGrid usable level: 0
75.0.Hp: Exited with Success (@ 0.07 s)
75.0.Ht: Interrupted. [0.01 s]
75.0.B: Exited with Success (@ 0.07 s)
75.0.Ht: Exited with Success (@ 0.07 s)
75: --------------------------------------------------------------
ProofGrid Summary (utilization 0.21 %)
--------------------------------------------------------------
     engines started                               :     4
     engine jobs started                           :     4

    Average time in state (seconds)
    ------------------------------------------------------
    Engine  Pending     Running        Dead    Utilization
    ------------------------------------------------------
      N        0.06        0.00        0.00        0.74 %
     Hp        0.06        0.00        0.00        0.10 %
     Ht        0.06        0.00        0.00        0.00 %
      B        0.06        0.00        0.00        0.00 %
    all        0.06        0.00        0.00        0.21 %

    Total time in state (seconds)
    -----------------------------------------
            Pending     Running        Dead  
    -----------------------------------------
               0.26        0.00        0.00

    Data read    : 1.31 kiB
    Data written : 1.27 kiB

75: All pending notifications were processed.
INFO (IPF059): Completed proof on task: "<embedded>" for proof thread 75
INFO (IVS015): Setting Visualize task to "<embedded>".
INFO (IVS008): Expanding analysis region to enable visualization of "<embedded>::data_buffer.auto_sva_inst.error_set_on_input".
INFO (IPF031): Settings used for proof thread 76:
    orchestration                 = off (auto)
    time_limit                    = 3600s
    per_property_time_limit       = 1s * 10 ^ scan
    engine_mode                   = Ht Hp B N 
    proofgrid_per_engine_max_jobs = 1
    max engine jobs               = Ht Hp B N, total 2
    proofgrid_mode                = local
    proofgrid_restarts            = 10
ERROR (EVS053): No trace satisfying these configurations exists for any max_length.
WARNING (WVS028): Saved trace only contains values for the target's COI.
    Use "set_trace_optimization standard" before running Visualize to save values for the full design.
DEBUG: Approach 3 (auto engine) failed: ERROR (EVS125): No Visualize trace is available for "visualize -save -vcd".

WARN: Could not dump VCD for <embedded>::data_buffer.auto_sva_inst.error_set_on_input (all approaches failed)
INFO (IPF036): Starting proof on task: "<embedded>", 1 properties to prove with 0 already proven/unreachable
INFO (IPF031): Settings used for proof thread 77:
    orchestration                 = on (auto)
    time_limit                    = 3600s
    per_property_time_limit       = 1s * 10 ^ scan
    engine_mode                   = auto
    proofgrid_per_engine_max_jobs = 1
    max engine jobs               = auto
    proofgrid_mode                = local
    proofgrid_restarts            = 10
77: Using multistage preprocessing
77: Starting reduce
77: Finished reduce in 0s
77.0.PRE: Performing Proof Simplification...
77.0.N: clocks: 2, declared: 1, disabling: 0, posedge: 2, negedge: 0, noedge: 0, bothedge: 0
77.0.N: Proof Simplification Iteration 1	[0.00 s]
77.0.N: Proof Simplification Iteration 2	[0.00 s]
77.0.N: Proof Simplification Iteration 3	[0.00 s]
77.0.PRE: A proof was found: No trace exists. [0.00 s]
INFO (IPF057): 77.0.PRE: The property ":noDeadEnd" was proven in 0.00 s.
    Use check_assumptions -show -dead_end to show this property in the property table.
77.0.PRE: Proof Simplification completed in 0.00 s
77: About to start ProofGrid in its own thread with a limit of 10000 pending notifications and a limit of 10 traces.
77: =============================== ProofGrid start ===============================
77: ProofGrid usable level: 1
77: ProofGrid is starting event handling
77.0.N: Proofgrid shell started at 1973723@della-h14n3(local) jg_1972072_della-h14n3_78
77.0.Hp: Proofgrid shell started at 1973724@della-h14n3(local) jg_1972072_della-h14n3_78
77.0.N: OS RSS memory limit : 68719476736 / 68719476736
77.0.Hp: OS RSS memory limit : 68719476736 / 68719476736
77.0.N: clocks: 1, declared: 1, disabling: 0, posedge: 1, negedge: 0, noedge: 0, bothedge: 0
77.0.N: Last scan. Per property time limit: 0s
77.0.N: Starting proof for property "data_buffer.auto_sva_inst.error_only_rises_on_error"	[0.00 s].
77.0.N: Trace Attempt  1	[0.00 s]
77.0.N: Requesting engine job to stop
77.0.Hp: Requesting engine job to terminate
INFO (IPF144): 77: Initiating shutdown of proof [0.01 s]
77.0.N: A trace with 1 cycles was found. [0.00 s]
INFO (IPF055): 77.0.N: A counterexample (cex) with 1 cycles was found for the property "data_buffer.auto_sva_inst.error_only_rises_on_error" in 0.00 s.
77.0.N: Stopped processing property "data_buffer.auto_sva_inst.error_only_rises_on_error"	[0.00 s].
77.0.N: All properties determined. [0.01 s]
77.0.Hp: Interrupted. [0.01 s]
77.0.Ht: Proofgrid shell started at 1973737@della-h14n3(local) jg_1972072_della-h14n3_78
77.0.Ht: Requesting engine job to terminate
77.0.N: Exited with Success (@ 0.06 s)
77: ProofGrid usable level: 0
77.0.Hp: Exited with Success (@ 0.06 s)
77.0.Ht: Interrupted. [0.01 s]
77.0.B: Proofgrid shell started at 1973738@della-h14n3(local) jg_1972072_della-h14n3_78
77.0.B: Requesting engine job to terminate
77.0.Ht: Exited with Success (@ 0.07 s)
77.0.B: Interrupted. [0.01 s]
77.0.B: Exited with Success (@ 0.07 s)
77: --------------------------------------------------------------
ProofGrid Summary (utilization 2.31 %)
--------------------------------------------------------------
     engines started                               :     4
     engine jobs started                           :     4

    Average time in state (seconds)
    ------------------------------------------------------
    Engine  Pending     Running        Dead    Utilization
    ------------------------------------------------------
      N        0.06        0.01        0.00        8.63 %
     Hp        0.06        0.00        0.00        0.06 %
     Ht        0.06        0.00        0.00        0.00 %
      B        0.06        0.00        0.00        0.00 %
    all        0.06        0.00        0.00        2.31 %

    Total time in state (seconds)
    -----------------------------------------
            Pending     Running        Dead  
    -----------------------------------------
               0.25        0.01        0.00

    Data read    : 1.31 kiB
    Data written : 1.27 kiB

77: All pending notifications were processed.
INFO (IPF059): Completed proof on task: "<embedded>" for proof thread 77
INFO (IVS015): Setting Visualize task to "<embedded>".
INFO (IVS008): Expanding analysis region to enable visualization of "<embedded>::data_buffer.auto_sva_inst.error_only_rises_on_error".
INFO (IPF031): Settings used for proof thread 78:
    orchestration                 = off (auto)
    time_limit                    = 3600s
    per_property_time_limit       = 1s * 10 ^ scan
    engine_mode                   = Ht Hp B N 
    proofgrid_per_engine_max_jobs = 1
    max engine jobs               = Ht Hp B N, total 2
    proofgrid_mode                = local
    proofgrid_restarts            = 10
ERROR (EVS053): No trace satisfying these configurations exists for any max_length.
WARNING (WVS028): Saved trace only contains values for the target's COI.
    Use "set_trace_optimization standard" before running Visualize to save values for the full design.
DEBUG: Approach 1 (force re-prove) failed: ERROR (EVS125): No Visualize trace is available for "visualize -save -vcd".

DEBUG: Approach 2 (-new_trace) failed: ERROR (ESW104): Invalid command formation.
    Problem occurs with "-violation -new_trace".

INFO (IPF036): Starting proof on task: "<embedded>", 1 properties to prove with 0 already proven/unreachable
INFO (IPF031): Settings used for proof thread 79:
    orchestration                 = on (auto)
    time_limit                    = 3600s
    per_property_time_limit       = 1s * 10 ^ scan
    engine_mode                   = auto
    proofgrid_per_engine_max_jobs = 1
    max engine jobs               = auto
    proofgrid_mode                = local
    proofgrid_restarts            = 10
79: Using multistage preprocessing
79: Starting reduce
79: Finished reduce in 0s
79.0.PRE: Performing Proof Simplification...
79.0.N: clocks: 2, declared: 1, disabling: 0, posedge: 2, negedge: 0, noedge: 0, bothedge: 0
79.0.N: Proof Simplification Iteration 1	[0.00 s]
79.0.N: Proof Simplification Iteration 2	[0.00 s]
79.0.N: Proof Simplification Iteration 3	[0.00 s]
79.0.PRE: A proof was found: No trace exists. [0.00 s]
INFO (IPF057): 79.0.PRE: The property ":noDeadEnd" was proven in 0.00 s.
    Use check_assumptions -show -dead_end to show this property in the property table.
79.0.PRE: Proof Simplification completed in 0.00 s
79: About to start ProofGrid in its own thread with a limit of 10000 pending notifications and a limit of 10 traces.
79: =============================== ProofGrid start ===============================
79: ProofGrid usable level: 1
79: ProofGrid is starting event handling
79.0.Hp: Proofgrid shell started at 1973762@della-h14n3(local) jg_1972072_della-h14n3_80
79.0.N: Proofgrid shell started at 1973761@della-h14n3(local) jg_1972072_della-h14n3_80
79.0.Hp: OS RSS memory limit : 68719476736 / 68719476736
79.0.N: OS RSS memory limit : 68719476736 / 68719476736
79.0.N: clocks: 1, declared: 1, disabling: 0, posedge: 1, negedge: 0, noedge: 0, bothedge: 0
79.0.Hp: clocks: 1, declared: 1, disabling: 0, posedge: 1, negedge: 0, noedge: 0, bothedge: 0
79.0.N: Last scan. Per property time limit: 0s
79.0.N: Starting proof for property "data_buffer.auto_sva_inst.error_only_rises_on_error"	[0.00 s].
79.0.N: Trace Attempt  1	[0.00 s]
79.0.N: Requesting engine job to stop
79.0.Hp: Requesting engine job to terminate
INFO (IPF144): 79: Initiating shutdown of proof [0.00 s]
79.0.N: A trace with 1 cycles was found. [0.00 s]
INFO (IPF055): 79.0.N: A counterexample (cex) with 1 cycles was found for the property "data_buffer.auto_sva_inst.error_only_rises_on_error" in 0.00 s.
79.0.N: Stopped processing property "data_buffer.auto_sva_inst.error_only_rises_on_error"	[0.00 s].
79.0.N: All properties determined. [0.00 s]
79.0.Hp: Interrupted (multi)
79.0.Hp: All properties determined. [0.00 s]
79.0.B: Proofgrid shell started at 1973776@della-h14n3(local) jg_1972072_della-h14n3_80
79.0.B: Requesting engine job to terminate
79.0.N: Exited with Success (@ 0.06 s)
79: ProofGrid usable level: 0
79.0.Hp: Exited with Success (@ 0.06 s)
79.0.B: Interrupted. [0.01 s]
79.0.Ht: Proofgrid shell started at 1973775@della-h14n3(local) jg_1972072_della-h14n3_80
79.0.Ht: Requesting engine job to terminate
79.0.Ht: Interrupted. [0.01 s]
79.0.B: Exited with Success (@ 0.07 s)
79.0.Ht: Exited with Success (@ 0.07 s)
79: --------------------------------------------------------------
ProofGrid Summary (utilization 0.43 %)
--------------------------------------------------------------
     engines started                               :     4
     engine jobs started                           :     4

    Average time in state (seconds)
    ------------------------------------------------------
    Engine  Pending     Running        Dead    Utilization
    ------------------------------------------------------
      N        0.06        0.00        0.00        0.84 %
     Hp        0.06        0.00        0.00        0.89 %
     Ht        0.07        0.00        0.00        0.00 %
      B        0.06        0.00        0.00        0.00 %
    all        0.06        0.00        0.00        0.43 %

    Total time in state (seconds)
    -----------------------------------------
            Pending     Running        Dead  
    -----------------------------------------
               0.26        0.00        0.00

    Data read    : 1.53 kiB
    Data written : 1.27 kiB

79: All pending notifications were processed.
INFO (IPF059): Completed proof on task: "<embedded>" for proof thread 79
INFO (IVS015): Setting Visualize task to "<embedded>".
INFO (IVS008): Expanding analysis region to enable visualization of "<embedded>::data_buffer.auto_sva_inst.error_only_rises_on_error".
INFO (IPF031): Settings used for proof thread 80:
    orchestration                 = off (auto)
    time_limit                    = 3600s
    per_property_time_limit       = 1s * 10 ^ scan
    engine_mode                   = Ht Hp B N 
    proofgrid_per_engine_max_jobs = 1
    max engine jobs               = Ht Hp B N, total 2
    proofgrid_mode                = local
    proofgrid_restarts            = 10
ERROR (EVS053): No trace satisfying these configurations exists for any max_length.
WARNING (WVS028): Saved trace only contains values for the target's COI.
    Use "set_trace_optimization standard" before running Visualize to save values for the full design.
DEBUG: Approach 3 (auto engine) failed: ERROR (EVS125): No Visualize trace is available for "visualize -save -vcd".

WARN: Could not dump VCD for <embedded>::data_buffer.auto_sva_inst.error_only_rises_on_error (all approaches failed)
INFO (IPF036): Starting proof on task: "<embedded>", 1 properties to prove with 0 already proven/unreachable
INFO (IPF031): Settings used for proof thread 81:
    orchestration                 = on (auto)
    time_limit                    = 3600s
    per_property_time_limit       = 1s * 10 ^ scan
    engine_mode                   = auto
    proofgrid_per_engine_max_jobs = 1
    max engine jobs               = auto
    proofgrid_mode                = local
    proofgrid_restarts            = 10
81: Using multistage preprocessing
81: Starting reduce
81: Finished reduce in 0s
81.0.PRE: Performing Proof Simplification...
81.0.N: clocks: 2, declared: 1, disabling: 0, posedge: 2, negedge: 0, noedge: 0, bothedge: 0
81.0.N: Proof Simplification Iteration 1	[0.00 s]
81.0.N: Proof Simplification Iteration 2	[0.00 s]
81.0.N: Proof Simplification Iteration 3	[0.00 s]
81.0.PRE: A proof was found: No trace exists. [0.00 s]
INFO (IPF057): 81.0.PRE: The property ":noDeadEnd" was proven in 0.00 s.
    Use check_assumptions -show -dead_end to show this property in the property table.
81.0.PRE: Proof Simplification completed in 0.00 s
81: About to start ProofGrid in its own thread with a limit of 10000 pending notifications and a limit of 10 traces.
81: =============================== ProofGrid start ===============================
81: ProofGrid usable level: 1
81: ProofGrid is starting event handling
81.0.Hp: Proofgrid shell started at 1973800@della-h14n3(local) jg_1972072_della-h14n3_82
81.0.N: Proofgrid shell started at 1973799@della-h14n3(local) jg_1972072_della-h14n3_82
81.0.Hp: OS RSS memory limit : 68719476736 / 68719476736
81.0.N: OS RSS memory limit : 68719476736 / 68719476736
81.0.Hp: clocks: 1, declared: 1, disabling: 0, posedge: 1, negedge: 0, noedge: 0, bothedge: 0
81.0.Hp: Trace Attempt  1	[0.00 s]
81.0.N: Requesting engine job to stop
81.0.Hp: Requesting engine job to terminate
INFO (IPF144): 81: Initiating shutdown of proof [0.00 s]
81.0.Hp: A trace with 1 cycles was found. [0.00 s]
INFO (IPF055): 81.0.Hp: A counterexample (cex) with 1 cycles was found for the property "data_buffer.auto_sva_inst.error_never_falls_without_reset" in 0.00 s.
81.0.Hp: All properties determined. [0.00 s]
81.0.N: Interrupted. [0.00 s]
81.0.Hp: Exited with Success (@ 0.00 s)
81: ProofGrid usable level: 0
81.0.N: Exited with Success (@ 0.00 s)
81.0.Ht: Proofgrid shell started at 1973813@della-h14n3(local) jg_1972072_della-h14n3_82
81.0.Ht: Requesting engine job to terminate
81.0.Ht: Interrupted. [0.01 s]
81.0.B: Proofgrid shell started at 1973814@della-h14n3(local) jg_1972072_della-h14n3_82
81.0.B: Requesting engine job to terminate
81.0.Ht: Exited with Success (@ 0.07 s)
81.0.B: Interrupted. [0.01 s]
81.0.B: Exited with Success (@ 0.07 s)
81: --------------------------------------------------------------
ProofGrid Summary (utilization 0.44 %)
--------------------------------------------------------------
     engines started                               :     4
     engine jobs started                           :     4

    Average time in state (seconds)
    ------------------------------------------------------
    Engine  Pending     Running        Dead    Utilization
    ------------------------------------------------------
      N        0.06        0.00        0.00        0.06 %
     Hp        0.06        0.00        0.00        1.70 %
     Ht        0.06        0.00        0.00        0.00 %
      B        0.06        0.00        0.00        0.00 %
    all        0.06        0.00        0.00        0.44 %

    Total time in state (seconds)
    -----------------------------------------
            Pending     Running        Dead  
    -----------------------------------------
               0.26        0.00        0.00

    Data read    : 1.36 kiB
    Data written : 1.27 kiB

81: All pending notifications were processed.
INFO (IPF059): Completed proof on task: "<embedded>" for proof thread 81
INFO (IVS015): Setting Visualize task to "<embedded>".
INFO (IVS008): Expanding analysis region to enable visualization of "<embedded>::data_buffer.auto_sva_inst.error_never_falls_without_reset".
INFO (IPF031): Settings used for proof thread 82:
    orchestration                 = off (auto)
    time_limit                    = 3600s
    per_property_time_limit       = 1s * 10 ^ scan
    engine_mode                   = Ht Hp B N 
    proofgrid_per_engine_max_jobs = 1
    max engine jobs               = Ht Hp B N, total 2
    proofgrid_mode                = local
    proofgrid_restarts            = 10
ERROR (EVS053): No trace satisfying these configurations exists for any max_length.
WARNING (WVS028): Saved trace only contains values for the target's COI.
    Use "set_trace_optimization standard" before running Visualize to save values for the full design.
DEBUG: Approach 1 (force re-prove) failed: ERROR (EVS125): No Visualize trace is available for "visualize -save -vcd".

DEBUG: Approach 2 (-new_trace) failed: ERROR (ESW104): Invalid command formation.
    Problem occurs with "-violation -new_trace".

INFO (IPF036): Starting proof on task: "<embedded>", 1 properties to prove with 0 already proven/unreachable
INFO (IPF031): Settings used for proof thread 83:
    orchestration                 = on (auto)
    time_limit                    = 3600s
    per_property_time_limit       = 1s * 10 ^ scan
    engine_mode                   = auto
    proofgrid_per_engine_max_jobs = 1
    max engine jobs               = auto
    proofgrid_mode                = local
    proofgrid_restarts            = 10
83: Using multistage preprocessing
83: Starting reduce
83: Finished reduce in 0s
83.0.PRE: Performing Proof Simplification...
83.0.N: clocks: 2, declared: 1, disabling: 0, posedge: 2, negedge: 0, noedge: 0, bothedge: 0
83.0.N: Proof Simplification Iteration 1	[0.00 s]
83.0.N: Proof Simplification Iteration 2	[0.00 s]
83.0.N: Proof Simplification Iteration 3	[0.00 s]
83.0.PRE: A proof was found: No trace exists. [0.00 s]
INFO (IPF057): 83.0.PRE: The property ":noDeadEnd" was proven in 0.00 s.
    Use check_assumptions -show -dead_end to show this property in the property table.
83.0.PRE: Proof Simplification completed in 0.00 s
83: About to start ProofGrid in its own thread with a limit of 10000 pending notifications and a limit of 10 traces.
83: =============================== ProofGrid start ===============================
83: ProofGrid usable level: 1
83: ProofGrid is starting event handling
83.0.Hp: Proofgrid shell started at 1973838@della-h14n3(local) jg_1972072_della-h14n3_84
83.0.N: Proofgrid shell started at 1973837@della-h14n3(local) jg_1972072_della-h14n3_84
83.0.Hp: OS RSS memory limit : 68719476736 / 68719476736
83.0.N: OS RSS memory limit : 68719476736 / 68719476736
83.0.Hp: clocks: 1, declared: 1, disabling: 0, posedge: 1, negedge: 0, noedge: 0, bothedge: 0
83.0.N: clocks: 1, declared: 1, disabling: 0, posedge: 1, negedge: 0, noedge: 0, bothedge: 0
83.0.N: Last scan. Per property time limit: 0s
83.0.N: Starting proof for property "data_buffer.auto_sva_inst.error_never_falls_without_reset"	[0.00 s].
83.0.N: Trace Attempt  1	[0.00 s]
83.0.N: Requesting engine job to stop
83.0.Hp: Requesting engine job to terminate
INFO (IPF144): 83: Initiating shutdown of proof [0.00 s]
83.0.N: A trace with 1 cycles was found. [0.00 s]
INFO (IPF055): 83.0.N: A counterexample (cex) with 1 cycles was found for the property "data_buffer.auto_sva_inst.error_never_falls_without_reset" in 0.00 s.
83.0.N: Stopped processing property "data_buffer.auto_sva_inst.error_never_falls_without_reset"	[0.00 s].
83.0.N: All properties determined. [0.00 s]
83.0.Hp: Interrupted (multi)
83.0.Hp: All properties determined. [0.00 s]
83.0.Ht: Proofgrid shell started at 1973851@della-h14n3(local) jg_1972072_della-h14n3_84
83.0.Ht: Requesting engine job to terminate
83.0.N: Exited with Success (@ 0.06 s)
83: ProofGrid usable level: 0
83.0.Hp: Exited with Success (@ 0.06 s)
83.0.Ht: Interrupted. [0.01 s]
83.0.B: Proofgrid shell started at 1973852@della-h14n3(local) jg_1972072_della-h14n3_84
83.0.B: Requesting engine job to terminate
83.0.Ht: Exited with Success (@ 0.07 s)
83.0.B: Interrupted. [0.01 s]
83.0.B: Exited with Success (@ 0.07 s)
83: --------------------------------------------------------------
ProofGrid Summary (utilization 0.41 %)
--------------------------------------------------------------
     engines started                               :     4
     engine jobs started                           :     4

    Average time in state (seconds)
    ------------------------------------------------------
    Engine  Pending     Running        Dead    Utilization
    ------------------------------------------------------
      N        0.07        0.00        0.00        0.80 %
     Hp        0.06        0.00        0.00        0.84 %
     Ht        0.06        0.00        0.00        0.00 %
      B        0.07        0.00        0.00        0.00 %
    all        0.06        0.00        0.00        0.41 %

    Total time in state (seconds)
    -----------------------------------------
            Pending     Running        Dead  
    -----------------------------------------
               0.26        0.00        0.00

    Data read    : 1.54 kiB
    Data written : 1.27 kiB

83: All pending notifications were processed.
INFO (IPF059): Completed proof on task: "<embedded>" for proof thread 83
INFO (IVS015): Setting Visualize task to "<embedded>".
INFO (IVS008): Expanding analysis region to enable visualization of "<embedded>::data_buffer.auto_sva_inst.error_never_falls_without_reset".
INFO (IPF031): Settings used for proof thread 84:
    orchestration                 = off (auto)
    time_limit                    = 3600s
    per_property_time_limit       = 1s * 10 ^ scan
    engine_mode                   = Ht Hp B N 
    proofgrid_per_engine_max_jobs = 1
    max engine jobs               = Ht Hp B N, total 2
    proofgrid_mode                = local
    proofgrid_restarts            = 10
ERROR (EVS053): No trace satisfying these configurations exists for any max_length.
WARNING (WVS028): Saved trace only contains values for the target's COI.
    Use "set_trace_optimization standard" before running Visualize to save values for the full design.
DEBUG: Approach 3 (auto engine) failed: ERROR (EVS125): No Visualize trace is available for "visualize -save -vcd".

WARN: Could not dump VCD for <embedded>::data_buffer.auto_sva_inst.error_never_falls_without_reset (all approaches failed)
INFO (IPF036): Starting proof on task: "<embedded>", 1 properties to prove with 0 already proven/unreachable
INFO (IPF031): Settings used for proof thread 85:
    orchestration                 = on (auto)
    time_limit                    = 3600s
    per_property_time_limit       = 1s * 10 ^ scan
    engine_mode                   = auto
    proofgrid_per_engine_max_jobs = 1
    max engine jobs               = auto
    proofgrid_mode                = local
    proofgrid_restarts            = 10
85: Using multistage preprocessing
85: Starting reduce
85: Finished reduce in 0s
85.0.PRE: Performing Proof Simplification...
85.0.N: clocks: 2, declared: 1, disabling: 0, posedge: 2, negedge: 0, noedge: 0, bothedge: 0
85.0.N: Proof Simplification Iteration 1	[0.00 s]
85.0.N: Proof Simplification Iteration 2	[0.00 s]
85.0.N: Proof Simplification Iteration 3	[0.00 s]
85.0.PRE: A proof was found: No trace exists. [0.00 s]
INFO (IPF057): 85.0.PRE: The property ":noDeadEnd" was proven in 0.00 s.
    Use check_assumptions -show -dead_end to show this property in the property table.
85.0.PRE: Proof Simplification completed in 0.00 s
85: About to start ProofGrid in its own thread with a limit of 10000 pending notifications and a limit of 10 traces.
85: =============================== ProofGrid start ===============================
85: ProofGrid usable level: 1
85: ProofGrid is starting event handling
85.0.Hp: Proofgrid shell started at 1973876@della-h14n3(local) jg_1972072_della-h14n3_86
85.0.N: Proofgrid shell started at 1973875@della-h14n3(local) jg_1972072_della-h14n3_86
85.0.Hp: OS RSS memory limit : 68719476736 / 68719476736
85.0.Hp: clocks: 1, declared: 1, disabling: 0, posedge: 1, negedge: 0, noedge: 0, bothedge: 0
85.0.N: OS RSS memory limit : 68719476736 / 68719476736
85.0.N: clocks: 1, declared: 1, disabling: 0, posedge: 1, negedge: 0, noedge: 0, bothedge: 0
85.0.N: Last scan. Per property time limit: 0s
85.0.N: Starting proof for property "data_buffer.auto_sva_inst.outputs_stable_when_fully_idle"	[0.00 s].
85.0.Hp: Trace Attempt  1	[0.00 s]
85.0.N: Trace Attempt  1	[0.00 s]
85.0.N: Requesting engine job to stop
85.0.Hp: Requesting engine job to terminate
INFO (IPF144): 85: Initiating shutdown of proof [0.00 s]
85.0.Hp: A trace with 1 cycles was found. [0.00 s]
INFO (IPF055): 85.0.Hp: A counterexample (cex) with 1 cycles was found for the property "data_buffer.auto_sva_inst.outputs_stable_when_fully_idle" in 0.00 s.
85.0.N: Stopped processing property "data_buffer.auto_sva_inst.outputs_stable_when_fully_idle"	[0.00 s].
85.0.N: All properties determined. [0.00 s]
85.0.Hp: All properties determined. [0.00 s]
85.0.Ht: Proofgrid shell started at 1973889@della-h14n3(local) jg_1972072_della-h14n3_86
85.0.Ht: Requesting engine job to terminate
85.0.N: Exited with Success (@ 0.06 s)
85: ProofGrid usable level: 0
85.0.Hp: Exited with Success (@ 0.06 s)
85.0.Ht: Interrupted. [0.01 s]
85.0.B: Proofgrid shell started at 1973890@della-h14n3(local) jg_1972072_della-h14n3_86
85.0.B: Requesting engine job to terminate
85.0.Ht: Exited with Success (@ 0.07 s)
85.0.B: Interrupted. [0.01 s]
85.0.B: Exited with Success (@ 0.07 s)
85: --------------------------------------------------------------
ProofGrid Summary (utilization 0.93 %)
--------------------------------------------------------------
     engines started                               :     4
     engine jobs started                           :     4

    Average time in state (seconds)
    ------------------------------------------------------
    Engine  Pending     Running        Dead    Utilization
    ------------------------------------------------------
      N        0.07        0.00        0.00        1.50 %
     Hp        0.06        0.00        0.00        2.17 %
     Ht        0.06        0.00        0.00        0.00 %
      B        0.06        0.00        0.00        0.00 %
    all        0.06        0.00        0.00        0.93 %

    Total time in state (seconds)
    -----------------------------------------
            Pending     Running        Dead  
    -----------------------------------------
               0.26        0.00        0.00

    Data read    : 3.26 kiB
    Data written : 1.27 kiB

85: All pending notifications were processed.
INFO (IPF059): Completed proof on task: "<embedded>" for proof thread 85
INFO (IVS015): Setting Visualize task to "<embedded>".
INFO (IVS008): Expanding analysis region to enable visualization of "<embedded>::data_buffer.auto_sva_inst.outputs_stable_when_fully_idle".
INFO (IPF031): Settings used for proof thread 86:
    orchestration                 = off (auto)
    time_limit                    = 3600s
    per_property_time_limit       = 1s * 10 ^ scan
    engine_mode                   = Ht Hp B N 
    proofgrid_per_engine_max_jobs = 1
    max engine jobs               = Ht Hp B N, total 2
    proofgrid_mode                = local
    proofgrid_restarts            = 10
ERROR (EVS053): No trace satisfying these configurations exists for any max_length.
WARNING (WVS028): Saved trace only contains values for the target's COI.
    Use "set_trace_optimization standard" before running Visualize to save values for the full design.
DEBUG: Approach 1 (force re-prove) failed: ERROR (EVS125): No Visualize trace is available for "visualize -save -vcd".

DEBUG: Approach 2 (-new_trace) failed: ERROR (ESW104): Invalid command formation.
    Problem occurs with "-violation -new_trace".

INFO (IPF036): Starting proof on task: "<embedded>", 1 properties to prove with 0 already proven/unreachable
INFO (IPF031): Settings used for proof thread 87:
    orchestration                 = on (auto)
    time_limit                    = 3600s
    per_property_time_limit       = 1s * 10 ^ scan
    engine_mode                   = auto
    proofgrid_per_engine_max_jobs = 1
    max engine jobs               = auto
    proofgrid_mode                = local
    proofgrid_restarts            = 10
87: Using multistage preprocessing
87: Starting reduce
87: Finished reduce in 0s
87.0.PRE: Performing Proof Simplification...
87.0.N: clocks: 2, declared: 1, disabling: 0, posedge: 2, negedge: 0, noedge: 0, bothedge: 0
87.0.N: Proof Simplification Iteration 1	[0.00 s]
87.0.N: Proof Simplification Iteration 2	[0.00 s]
87.0.N: Proof Simplification Iteration 3	[0.00 s]
87.0.PRE: A proof was found: No trace exists. [0.00 s]
INFO (IPF057): 87.0.PRE: The property ":noDeadEnd" was proven in 0.00 s.
    Use check_assumptions -show -dead_end to show this property in the property table.
87.0.PRE: Proof Simplification completed in 0.00 s
87: About to start ProofGrid in its own thread with a limit of 10000 pending notifications and a limit of 10 traces.
87: =============================== ProofGrid start ===============================
87: ProofGrid usable level: 1
87: ProofGrid is starting event handling
87.0.Hp: Proofgrid shell started at 1973914@della-h14n3(local) jg_1972072_della-h14n3_88
87.0.N: Proofgrid shell started at 1973913@della-h14n3(local) jg_1972072_della-h14n3_88
87.0.Hp: OS RSS memory limit : 68719476736 / 68719476736
87.0.N: OS RSS memory limit : 68719476736 / 68719476736
87.0.Hp: clocks: 1, declared: 1, disabling: 0, posedge: 1, negedge: 0, noedge: 0, bothedge: 0
87.0.N: clocks: 1, declared: 1, disabling: 0, posedge: 1, negedge: 0, noedge: 0, bothedge: 0
87.0.N: Last scan. Per property time limit: 0s
87.0.N: Starting proof for property "data_buffer.auto_sva_inst.outputs_stable_when_fully_idle"	[0.00 s].
87.0.N: Trace Attempt  1	[0.00 s]
87.0.N: Requesting engine job to stop
87.0.Hp: Requesting engine job to terminate
INFO (IPF144): 87: Initiating shutdown of proof [0.00 s]
87.0.N: A trace with 1 cycles was found. [0.00 s]
INFO (IPF055): 87.0.N: A counterexample (cex) with 1 cycles was found for the property "data_buffer.auto_sva_inst.outputs_stable_when_fully_idle" in 0.00 s.
87.0.N: Stopped processing property "data_buffer.auto_sva_inst.outputs_stable_when_fully_idle"	[0.00 s].
87.0.N: All properties determined. [0.00 s]
87.0.Hp: Interrupted (multi)
87.0.Hp: All properties determined. [0.00 s]
87.0.Ht: Proofgrid shell started at 1973927@della-h14n3(local) jg_1972072_della-h14n3_88
87.0.Ht: Requesting engine job to terminate
87.0.N: Exited with Success (@ 0.07 s)
87: ProofGrid usable level: 0
87.0.Hp: Exited with Success (@ 0.07 s)
87.0.Ht: Interrupted. [0.01 s]
87.0.B: Proofgrid shell started at 1973928@della-h14n3(local) jg_1972072_della-h14n3_88
87.0.B: Requesting engine job to terminate
87.0.Ht: Exited with Success (@ 0.07 s)
87.0.B: Interrupted. [0.01 s]
87.0.B: Exited with Success (@ 0.07 s)
87: --------------------------------------------------------------
ProofGrid Summary (utilization 0.59 %)
--------------------------------------------------------------
     engines started                               :     4
     engine jobs started                           :     4

    Average time in state (seconds)
    ------------------------------------------------------
    Engine  Pending     Running        Dead    Utilization
    ------------------------------------------------------
      N        0.07        0.00        0.00        1.14 %
     Hp        0.06        0.00        0.00        1.22 %
     Ht        0.06        0.00        0.00        0.00 %
      B        0.07        0.00        0.00        0.00 %
    all        0.07        0.00        0.00        0.59 %

    Total time in state (seconds)
    -----------------------------------------
            Pending     Running        Dead  
    -----------------------------------------
               0.26        0.00        0.00

    Data read    : 2.37 kiB
    Data written : 1.27 kiB

87: All pending notifications were processed.
INFO (IPF059): Completed proof on task: "<embedded>" for proof thread 87
INFO (IVS015): Setting Visualize task to "<embedded>".
INFO (IVS008): Expanding analysis region to enable visualization of "<embedded>::data_buffer.auto_sva_inst.outputs_stable_when_fully_idle".
INFO (IPF031): Settings used for proof thread 88:
    orchestration                 = off (auto)
    time_limit                    = 3600s
    per_property_time_limit       = 1s * 10 ^ scan
    engine_mode                   = Ht Hp B N 
    proofgrid_per_engine_max_jobs = 1
    max engine jobs               = Ht Hp B N, total 2
    proofgrid_mode                = local
    proofgrid_restarts            = 10
ERROR (EVS053): No trace satisfying these configurations exists for any max_length.
WARNING (WVS028): Saved trace only contains values for the target's COI.
    Use "set_trace_optimization standard" before running Visualize to save values for the full design.
DEBUG: Approach 3 (auto engine) failed: ERROR (EVS125): No Visualize trace is available for "visualize -save -vcd".

WARN: Could not dump VCD for <embedded>::data_buffer.auto_sva_inst.outputs_stable_when_fully_idle (all approaches failed)
INFO: Dumped 0 VCD files to /home/ab2113/malik25_26/veri_thoughts/dataset/verification_results/version_2/ids/01819/cex_vcd
[<embedded>] % 
[<embedded>] % # ---- Write summary ----
[<embedded>] % set fp [open $SUMMARY_TXT "w"]
file15
[<embedded>] % puts $fp "DESIGN_ID=$DESIGN_ID"
[<embedded>] % puts $fp "TOP=$TOP"
[<embedded>] % puts $fp "AUTO_BIND=$AUTO_BIND"
[<embedded>] % puts $fp "ASSERT_COUNT=[llength $ASSERTS]"
[<embedded>] % puts $fp "COVER_COUNT=[llength $COVERS]"
[<embedded>] % puts $fp "CEX_COUNT=$n_cex"
[<embedded>] % puts $fp "AR_CEX_COUNT=$n_ar_cex"
[<embedded>] % puts $fp "PROP_LIST=$PROP_LIST_TXT"
[<embedded>] % puts $fp "CEX_DETAILS=$CEX_TXT"
[<embedded>] % close $fp
[<embedded>] % 
[<embedded>] % puts "\n✅ DONE: Proof run completed (check Jasper property table / log for PROVED/FAILED)"

✅ DONE: Proof run completed (check Jasper property table / log for PROVED/FAILED)
[<embedded>] % puts "INFO: Wrote $SUMMARY_TXT"
INFO: Wrote /home/ab2113/malik25_26/veri_thoughts/dataset/verification_results/version_2/ids/01819/summary.txt
[<embedded>] % puts "INFO: Wrote $PROP_LIST_TXT"
INFO: Wrote /home/ab2113/malik25_26/veri_thoughts/dataset/verification_results/version_2/ids/01819/property_list.txt
[<embedded>] % exit 0
[<embedded>] % INFO (IPL005): Received request to exit from the console.
INFO (IPL014): Waiting for the Tcl-thread to exit.
INFO: Waiting for proof threads to stop...
INFO: Proof threads stopped.
INFO (IPL018): The peak resident set memory use for this session was 0.710 GB.
INFO (IPL015): The Tcl-thread exited with status 0.
INFO (IPL016): Exiting the analysis session with status 0.
