#
# A fatal error has been detected by the Java Runtime Environment:
#
#  SIGSEGV (0xb) at pc=0x000014873f94586b, pid=1765759, tid=22570774541888
#
# JRE version: 6.0_33-b04
# Java VM: Java HotSpot(TM) 64-Bit Server VM (20.8-b03 mixed mode linux-amd64 compressed oops)
# Problematic frame:
# C  [libJasper4.so+0x1a286b]  OODb::OODbImpl::SqliteKeyBlobTable::getAllKeys() const+0x1b
#
# If you would like to submit a bug report, please visit:
#   http://java.sun.com/webapps/bugreport/crash.jsp
# The crash happened outside the Java Virtual Machine in native code.
# See problematic frame for where to report the bug.
#

---------------  T H R E A D  ---------------

Current thread (0x0000000008ca7000):  JavaThread "Thread-1" [_thread_in_native, id=1765836, stack(0x0000148729ffc000,0x000014872affc000)]

siginfo:si_signo=SIGSEGV: si_errno=0, si_code=1 (SEGV_MAPERR), si_addr=0x0000000000000000

Registers:
RAX=0x000014873f77ae18, RBX=0x0000000007330180, RCX=0x0000000000000000, RDX=0x0000000000000001
RSP=0x000014872af6f700, RBP=0x000014872af6f8d0, RSI=0x0000000000000000, RDI=0x000014872af6f7b0
R8 =0x000000000770e840, R9 =0x0000000000000000, R10=0x000014873f7a8268, R11=0x000014873f945850
R12=0x000014872af6f7b0, R13=0x0000000007330190, R14=0x0000000000000000, R15=0x000000000242ad88
RIP=0x000014873f94586b, EFLAGS=0x0000000000010206, CSGSFS=0x002b000000000033, ERR=0x0000000000000004
  TRAPNO=0x000000000000000e

Top of Stack: (sp=0x000014872af6f700)
0x000014872af6f700:   1a1a1a1a1a1a1a1a 1a1a1a1a1a1a1a1a
0x000014872af6f710:   1a1a1a1a1a1a1a1a 1a1a1a1a1a1a1a1a
0x000014872af6f720:   0000000000000000 0000000000000000
0x000014872af6f730:   0000000000000000 0000000000000000
0x000014872af6f740:   2020202020202020 2020202020202020
0x000014872af6f750:   2020202020202020 2020202020202020
0x000014872af6f760:   0000000000000000 0000000007330180
0x000014872af6f770:   000014872af6f8d0 000014872af6f8d0
0x000014872af6f780:   0000000007330190 000014874c28bd20
0x000014872af6f790:   000000000242ad88 000014873f3e8702
0x000014872af6f7a0:   0000000000000000 0000000000000000
0x000014872af6f7b0:   0000000000000000 0000000000000000
0x000014872af6f7c0:   2020202020202020 2020202020202020
0x000014872af6f7d0:   2020202020202020 0000000007330180
0x000014872af6f7e0:   000014872af6f8d0 000014874c28bd20
0x000014872af6f7f0:   0000000007330190 000014874c28bd20
0x000014872af6f800:   000000000242ad88 000014873f3e9c19
0x000014872af6f810:   000000000242ad20 00000000072fbc40
0x000014872af6f820:   000000000242ad10 0000000007330180
0x000014872af6f830:   000014872af6f890 000014873f3f3194
0x000014872af6f840:   4141414141414141 4141414141414141
0x000014872af6f850:   000014872af6f8d0 000014872af6f8b0
0x000014872af6f860:   000014872af6f8a0 000014872af6f880
0x000014872af6f870:   0000000007778940 000000000000001b
0x000014872af6f880:   000000000000001b 1a1a1a1a1a1a1a1a
0x000014872af6f890:   000014872af6f8a0 0000000000000007
0x000014872af6f8a0:   0062642e61706d41 0000000000000000
0x000014872af6f8b0:   000014872af6f8c0 0000000000000000
0x000014872af6f8c0:   2020202020202000 2020202020202020
0x000014872af6f8d0:   0000000000000000 0000000000000000
0x000014872af6f8e0:   0000000000000000 0000000000000000
0x000014872af6f8f0:   0000000000000000 0000000007784130 

Instructions: (pc=0x000014873f94586b)
0x000014873f94584b:   0f 1f 44 00 00 41 57 41 56 49 89 f6 41 55 41 54
0x000014873f94585b:   49 89 fc 55 53 48 83 ec 68 48 c7 07 00 00 00 00
0x000014873f94586b:   4c 8b 3e 48 c7 47 08 00 00 00 00 48 8d 6c 24 40
0x000014873f94587b:   48 c7 47 10 00 00 00 00 48 89 ef e8 05 fc ff ff 

Register to memory mapping:

RAX=0x000014873f77ae18: _ZTVN4OODb8OODbImpl15SqliteOODBTableIN9Traversal17AmpaTraceInternalEEE+0x10 in /scratch/gpfs/LICENSED/x86_64/cadence-20210126/jasper_2021.03/Linux64/lib/libflatten.so at 0x000014873e9fe000
RBX=0x0000000007330180 is an unknown value
RCX=0x0000000000000000 is an unknown value
RDX=0x0000000000000001 is an unknown value
RSP=0x000014872af6f700 is pointing into the stack for thread: 0x0000000008ca7000
RBP=0x000014872af6f8d0 is pointing into the stack for thread: 0x0000000008ca7000
RSI=0x0000000000000000 is an unknown value
RDI=0x000014872af6f7b0 is pointing into the stack for thread: 0x0000000008ca7000
R8 =0x000000000770e840 is an unknown value
R9 =0x0000000000000000 is an unknown value
R10=0x000014873f7a8268: <offset 0x5268> in /scratch/gpfs/LICENSED/x86_64/cadence-20210126/jasper_2021.03/Linux64/lib/libJasper4.so at 0x000014873f7a3000
R11=0x000014873f945850: _ZNK4OODb8OODbImpl18SqliteKeyBlobTable10getAllKeysEv+0 in /scratch/gpfs/LICENSED/x86_64/cadence-20210126/jasper_2021.03/Linux64/lib/libJasper4.so at 0x000014873f7a3000
R12=0x000014872af6f7b0 is pointing into the stack for thread: 0x0000000008ca7000
R13=0x0000000007330190 is an unknown value
R14=0x0000000000000000 is an unknown value
R15=0x000000000242ad88 is an unknown value


Stack: [0x0000148729ffc000,0x000014872affc000],  sp=0x000014872af6f700,  free space=15821k
Native frames: (J=compiled Java code, j=interpreted, Vv=VM code, C=native code)
C  [libJasper4.so+0x1a286b]  OODb::OODbImpl::SqliteKeyBlobTable::getAllKeys() const+0x1b


---------------  P R O C E S S  ---------------

Java Threads: ( => current thread )
  0x0000000007702000 JavaThread "Thread-2" [_thread_in_native, id=1765840, stack(0x00001487297fb000,0x0000148729ffb000)]
=>0x0000000008ca7000 JavaThread "Thread-1" [_thread_in_native, id=1765836, stack(0x0000148729ffc000,0x000014872affc000)]
  0x0000000008ca6800 JavaThread "Thread-0" [_thread_in_native, id=1765835, stack(0x000014872affd000,0x000014872b7fd000)]
  0x0000000007382000 JavaThread "ManagedSystemInStream reader thread" daemon [_thread_blocked, id=1765821, stack(0x000014872cdbf000,0x000014872cebf000)]
  0x0000000004d51000 JavaThread "tcl" [_thread_in_native, id=1765802, stack(0x000014872cbbf000,0x000014872cdbf000)]
  0x0000000003edb800 JavaThread "Low Memory Detector" daemon [_thread_blocked, id=1765798, stack(0x000014872cffe000,0x000014872d0fe000)]
  0x0000000003edb000 JavaThread "C2 CompilerThread1" daemon [_thread_blocked, id=1765797, stack(0x000014872d0ff000,0x000014872d1ff000)]
  0x0000000003eda000 JavaThread "C2 CompilerThread0" daemon [_thread_blocked, id=1765796, stack(0x000014872d200000,0x000014872d300000)]
  0x0000000001b0f000 JavaThread "Attach Listener" daemon [_thread_blocked, id=1765795, stack(0x000014872d300000,0x000014872d400000)]
  0x0000000001b0e800 JavaThread "Finalizer" daemon [_thread_blocked, id=1765794, stack(0x000014872dcfc000,0x000014872ddfc000)]
  0x0000000001b0d800 JavaThread "Reference Handler" daemon [_thread_blocked, id=1765793, stack(0x000014872ddfc000,0x000014872defc000)]
  0x0000000001b0d000 JavaThread "main" [_thread_in_native, id=1765759, stack(0x00007ffe472ef000,0x00007ffe473ef000)]

Other Threads:
  0x000000000261f800 VMThread [stack: 0x000014872defd000,0x000014872dffd000] [id=1765792]
  0x0000000002620000 WatcherThread [stack: 0x000014872cefe000,0x000014872cffe000] [id=1765799]

VM state:not at safepoint (normal execution)

VM Mutex/Monitor currently owned by a thread: None

Heap
 PSYoungGen      total 611648K, used 62915K [0x00000007aaab0000, 0x00000007d5550000, 0x0000000800000000)
  eden space 524288K, 12% used [0x00000007aaab0000,0x00000007ae820c10,0x00000007caab0000)
  from space 87360K, 0% used [0x00000007d0000000,0x00000007d0000000,0x00000007d5550000)
  to   space 87360K, 0% used [0x00000007caab0000,0x00000007caab0000,0x00000007d0000000)
 PSOldGen        total 1398144K, used 0K [0x0000000700000000, 0x0000000755560000, 0x00000007aaab0000)
  object space 1398144K, 0% used [0x0000000700000000,0x0000000700000000,0x0000000755560000)
 PSPermGen       total 21248K, used 6195K [0x00000006fae00000, 0x00000006fc2c0000, 0x0000000700000000)
  object space 21248K, 29% used [0x00000006fae00000,0x00000006fb40cfa0,0x00000006fc2c0000)

Code Cache  [0x00001487306eb000, 0x000014873095b000, 0x00001487336eb000)
 total_blobs=312 nmethods=11 adapters=256 free_code_cache=49841472 largest_free_block=448

Dynamic libraries:
00400000-007bc000 r-xp 00000000 00:2b 490726919537                       /scratch/gpfs/LICENSED/x86_64/cadence-20210126/jasper_2021.03/Linux64/bin/java
007bd000-007cb000 r--p 003bc000 00:2b 490726919537                       /scratch/gpfs/LICENSED/x86_64/cadence-20210126/jasper_2021.03/Linux64/bin/java
007cb000-007d2000 rw-p 003ca000 00:2b 490726919537                       /scratch/gpfs/LICENSED/x86_64/cadence-20210126/jasper_2021.03/Linux64/bin/java
007d2000-00817000 rw-p 00000000 00:00 0 
00b38000-0959c000 rw-p 00000000 00:00 0                                  [heap]
6fae00000-6fc2c0000 rw-p 00000000 00:00 0 
6fc2c0000-700000000 rw-p 00000000 00:00 0 
700000000-755560000 rw-p 00000000 00:00 0 
755560000-7aaab0000 rw-p 00000000 00:00 0 
7aaab0000-7d5550000 rw-p 00000000 00:00 0 
7d5550000-800000000 rw-p 00000000 00:00 0 
3ef1c00000-3ef1c25000 r-xp 00000000 00:2b 490727374193                   /scratch/gpfs/LICENSED/x86_64/cadence-20210126/jasper_2021.03/Linux64/lib/libpng12.so.0
3ef1c25000-3ef1e25000 ---p 00025000 00:2b 490727374193                   /scratch/gpfs/LICENSED/x86_64/cadence-20210126/jasper_2021.03/Linux64/lib/libpng12.so.0
3ef1e25000-3ef1e26000 rw-p 00025000 00:2b 490727374193                   /scratch/gpfs/LICENSED/x86_64/cadence-20210126/jasper_2021.03/Linux64/lib/libpng12.so.0
148728ff9000-148728ffa000 ---p 00000000 00:00 0 
148728ffa000-1487297fa000 rwxp 00000000 00:00 0 
1487297fa000-1487297fe000 ---p 00000000 00:00 0 
1487297fe000-148729ffb000 rwxp 00000000 00:00 0 
148729ffb000-148729fff000 ---p 00000000 00:00 0 
148729fff000-14872affc000 rwxp 00000000 00:00 0 
14872affc000-14872b000000 ---p 00000000 00:00 0 
14872b000000-14872b7fd000 rwxp 00000000 00:00 0 
14872b7fd000-14872b7fe000 ---p 00000000 00:00 0 
14872b7fe000-14872b9fe000 rwxp 00000000 00:00 0 
14872b9fe000-14872b9ff000 ---p 00000000 00:00 0 
14872b9ff000-14872bbff000 rwxp 00000000 00:00 0 
14872bbff000-14872bc00000 ---p 00000000 00:00 0 
14872bc00000-14872be00000 rwxp 00000000 00:00 0 
14872be00000-14872c000000 rw-p 00000000 00:00 0 
14872c1b9000-14872c1ba000 ---p 00000000 00:00 0 
14872c1ba000-14872c3ba000 rwxp 00000000 00:00 0 
14872c3ba000-14872c3bb000 ---p 00000000 00:00 0 
14872c3bb000-14872c5bb000 rwxp 00000000 00:00 0 
14872c5bb000-14872c5bc000 ---p 00000000 00:00 0 
14872c5bc000-14872c7bc000 rwxp 00000000 00:00 0 
14872c7bc000-14872c7bd000 ---p 00000000 00:00 0 
14872c7bd000-14872c9bd000 rwxp 00000000 00:00 0 
14872c9bd000-14872c9be000 ---p 00000000 00:00 0 
14872c9be000-14872cbbe000 rwxp 00000000 00:00 0 
14872cbbe000-14872cbc2000 ---p 00000000 00:00 0 
14872cbc2000-14872cdbf000 rwxp 00000000 00:00 0 
14872cdbf000-14872cdc2000 ---p 00000000 00:00 0 
14872cdc2000-14872cebf000 rwxp 00000000 00:00 0 
14872cebf000-14872cefd000 r--s 00283000 00:2b 490727254403               /scratch/gpfs/LICENSED/x86_64/cadence-20210126/jasper_2021.03/lib/Linux64/jar/quest.jar
14872cefd000-14872cefe000 ---p 00000000 00:00 0 
14872cefe000-14872cffe000 rwxp 00000000 00:00 0 
14872cffe000-14872d001000 ---p 00000000 00:00 0 
14872d001000-14872d0fe000 rwxp 00000000 00:00 0 
14872d0fe000-14872d102000 ---p 00000000 00:00 0 
14872d102000-14872d1ff000 rwxp 00000000 00:00 0 
14872d1ff000-14872d203000 ---p 00000000 00:00 0 
14872d203000-14872d300000 rwxp 00000000 00:00 0 
14872d300000-14872d303000 ---p 00000000 00:00 0 
14872d303000-14872d400000 rwxp 00000000 00:00 0 
14872d400000-14872dcd4000 r--s 00000000 fd:00 205920538                  /var/lib/sss/mc/passwd
14872dcd8000-14872dcde000 r--p 00000000 00:2b 490727347889               /scratch/gpfs/LICENSED/x86_64/cadence-20210126/jasper_2021.03/Linux64/lib/plugins/sqldrivers/libqsqlite.so
14872dcde000-14872dce7000 r-xp 00006000 00:2b 490727347889               /scratch/gpfs/LICENSED/x86_64/cadence-20210126/jasper_2021.03/Linux64/lib/plugins/sqldrivers/libqsqlite.so
14872dce7000-14872dcea000 r--p 0000f000 00:2b 490727347889               /scratch/gpfs/LICENSED/x86_64/cadence-20210126/jasper_2021.03/Linux64/lib/plugins/sqldrivers/libqsqlite.so
14872dcea000-14872dceb000 r--p 00011000 00:2b 490727347889               /scratch/gpfs/LICENSED/x86_64/cadence-20210126/jasper_2021.03/Linux64/lib/plugins/sqldrivers/libqsqlite.so
14872dceb000-14872dcec000 rw-p 00012000 00:2b 490727347889               /scratch/gpfs/LICENSED/x86_64/cadence-20210126/jasper_2021.03/Linux64/lib/plugins/sqldrivers/libqsqlite.so
14872dcec000-14872dcfc000 rwxp 00000000 00:00 0 
14872dcfc000-14872dcff000 ---p 00000000 00:00 0 
14872dcff000-14872ddfc000 rwxp 00000000 00:00 0 
14872ddfc000-14872ddff000 ---p 00000000 00:00 0 
14872ddff000-14872defc000 rwxp 00000000 00:00 0 
14872defc000-14872defd000 ---p 00000000 00:00 0 
14872defd000-14872dffd000 rwxp 00000000 00:00 0 
14872dffd000-14872e194000 r--s 0307a000 00:2b 490727279057               /scratch/gpfs/LICENSED/x86_64/cadence-20210126/jasper_2021.03/Linux64/jre/lib/rt.jar
14872e194000-14872e195000 ---p 00000000 00:00 0 
14872e195000-14872e295000 rwxp 00000000 00:00 0 
14872e295000-14872e296000 ---p 00000000 00:00 0 
14872e296000-14872e396000 rwxp 00000000 00:00 0 
14872e396000-14872e397000 ---p 00000000 00:00 0 
14872e397000-14872e497000 rwxp 00000000 00:00 0 
14872e497000-14872e498000 ---p 00000000 00:00 0 
14872e498000-14872e598000 rwxp 00000000 00:00 0 
14872e598000-14872e599000 ---p 00000000 00:00 0 
14872e599000-14872e699000 rwxp 00000000 00:00 0 
14872e699000-14872e69a000 ---p 00000000 00:00 0 
14872e69a000-14872e79a000 rwxp 00000000 00:00 0 
14872e79a000-14872e79b000 ---p 00000000 00:00 0 
14872e79b000-14872e89b000 rwxp 00000000 00:00 0 
14872e89b000-14872e89c000 ---p 00000000 00:00 0 
14872e89c000-14872e99c000 rwxp 00000000 00:00 0 
14872e99c000-14872e99d000 ---p 00000000 00:00 0 
14872e99d000-14872ea9d000 rwxp 00000000 00:00 0 
14872ea9d000-14872ea9e000 ---p 00000000 00:00 0 
14872ea9e000-14872eb9e000 rwxp 00000000 00:00 0 
14872eb9e000-14872eb9f000 ---p 00000000 00:00 0 
14872eb9f000-14872ec9f000 rwxp 00000000 00:00 0 
14872ec9f000-14872eca0000 ---p 00000000 00:00 0 
14872eca0000-14872eda0000 rwxp 00000000 00:00 0 
14872eda0000-14872eda1000 ---p 00000000 00:00 0 
14872eda1000-14872eea1000 rwxp 00000000 00:00 0 
14872eea1000-14872eea2000 ---p 00000000 00:00 0 
14872eea2000-14872efa2000 rwxp 00000000 00:00 0 
14872efa2000-14872efa3000 ---p 00000000 00:00 0 
14872efa3000-14872f0a3000 rwxp 00000000 00:00 0 
14872f0a3000-14872f0a4000 ---p 00000000 00:00 0 
14872f0a4000-14872f1a4000 rwxp 00000000 00:00 0 
14872f1a4000-14872f1a5000 ---p 00000000 00:00 0 
14872f1a5000-14872f2a5000 rwxp 00000000 00:00 0 
14872f2a5000-14872f2a6000 ---p 00000000 00:00 0 
14872f2a6000-14872f3a6000 rwxp 00000000 00:00 0 
14872f3a6000-14872f3a7000 ---p 00000000 00:00 0 
14872f3a7000-14872f4a7000 rwxp 00000000 00:00 0 
14872f4a7000-14872f4a8000 ---p 00000000 00:00 0 
14872f4a8000-14872f5a8000 rwxp 00000000 00:00 0 
14872f5a8000-14872f5a9000 ---p 00000000 00:00 0 
14872f5a9000-14872f6a9000 rwxp 00000000 00:00 0 
14872f6a9000-14872f6aa000 ---p 00000000 00:00 0 
14872f6aa000-14872f7aa000 rwxp 00000000 00:00 0 
14872f7aa000-14872f7ab000 ---p 00000000 00:00 0 
14872f7ab000-14872f8ab000 rwxp 00000000 00:00 0 
14872f8ab000-14872fb56000 rw-p 00000000 00:00 0 
14872fb56000-14872fe01000 rw-p 00000000 00:00 0 
14872fe01000-14872fe0c000 rw-p 00000000 00:00 0 
14872fe0c000-14872fe2a000 rw-p 00000000 00:00 0 
14872fe2a000-1487300d5000 rw-p 00000000 00:00 0 
1487300d5000-14873037f000 rw-p 00000000 00:00 0 
14873037f000-1487304d5000 rw-p 00000000 00:00 0 
1487304d5000-14873062a000 rw-p 00000000 00:00 0 
14873062a000-148730635000 rw-p 00000000 00:00 0 
148730635000-1487306eb000 rw-p 00000000 00:00 0 
1487306eb000-14873095b000 rwxp 00000000 00:00 0 
14873095b000-1487336eb000 rw-p 00000000 00:00 0 
1487336eb000-1487336f9000 r-xp 00000000 00:2b 490727987189               /scratch/gpfs/LICENSED/x86_64/cadence-20210126/jasper_2021.03/Linux64/jre/lib/amd64/libzip.so
1487336f9000-1487337fb000 ---p 0000e000 00:2b 490727987189               /scratch/gpfs/LICENSED/x86_64/cadence-20210126/jasper_2021.03/Linux64/jre/lib/amd64/libzip.so
1487337fb000-1487337fe000 rw-p 00010000 00:2b 490727987189               /scratch/gpfs/LICENSED/x86_64/cadence-20210126/jasper_2021.03/Linux64/jre/lib/amd64/libzip.so
1487337fe000-1487337ff000 rw-p 00000000 00:00 0 
1487337ff000-148733800000 ---p 00000000 00:00 0 
148733800000-148733a00000 rwxp 00000000 00:00 0 
148733a00000-148733c78000 r--p 00000000 fd:00 201338917                  /usr/lib/locale/en_US.utf8/LC_COLLATE
148733c7f000-148733ca8000 r--s 004f2000 00:2b 490726729837               /scratch/gpfs/LICENSED/x86_64/cadence-20210126/jasper_2021.03/lib/Linux64/jar/jtcl-2.6.0.jar
148733ca8000-148733cb3000 rw-p 00000000 00:00 0 
148733cb3000-148733cd1000 rw-p 00000000 00:00 0 
148733cd1000-148733cfa000 r-xp 00000000 00:2b 490727987155               /scratch/gpfs/LICENSED/x86_64/cadence-20210126/jasper_2021.03/Linux64/jre/lib/amd64/libjava.so
148733cfa000-148733df9000 ---p 00029000 00:2b 490727987155               /scratch/gpfs/LICENSED/x86_64/cadence-20210126/jasper_2021.03/Linux64/jre/lib/amd64/libjava.so
148733df9000-148733e00000 rw-p 00028000 00:2b 490727987155               /scratch/gpfs/LICENSED/x86_64/cadence-20210126/jasper_2021.03/Linux64/jre/lib/amd64/libjava.so
148733e00000-148734600000 rw-p 00000000 00:00 0 
148734600000-148734601000 r--p 00000000 00:00 0 
148734601000-148734603000 r--p 00000000 fd:00 142594017                  /usr/lib64/libnss_sss.so.2
148734603000-14873460b000 r-xp 00002000 fd:00 142594017                  /usr/lib64/libnss_sss.so.2
14873460b000-14873460d000 r--p 0000a000 fd:00 142594017                  /usr/lib64/libnss_sss.so.2
14873460d000-14873460e000 r--p 0000b000 fd:00 142594017                  /usr/lib64/libnss_sss.so.2
14873460e000-14873460f000 rw-p 0000c000 fd:00 142594017                  /usr/lib64/libnss_sss.so.2
14873460f000-148734610000 rw-p 00000000 00:00 0 
148734610000-14873461d000 r-xp 00000000 00:2b 490727987187               /scratch/gpfs/LICENSED/x86_64/cadence-20210126/jasper_2021.03/Linux64/jre/lib/amd64/libverify.so
14873461d000-14873471c000 ---p 0000d000 00:2b 490727987187               /scratch/gpfs/LICENSED/x86_64/cadence-20210126/jasper_2021.03/Linux64/jre/lib/amd64/libverify.so
14873471c000-14873471f000 rw-p 0000c000 00:2b 490727987187               /scratch/gpfs/LICENSED/x86_64/cadence-20210126/jasper_2021.03/Linux64/jre/lib/amd64/libverify.so
14873471f000-148734774000 r--p 00000000 fd:00 67361988                   /usr/lib/locale/C.utf8/LC_CTYPE
148734774000-14873478a000 rw-p 00000000 00:00 0 
14873478a000-1487347a3000 r-xp 00000000 00:2b 490727298848               /scratch/gpfs/LICENSED/x86_64/cadence-20210126/jasper_2021.03/Linux64/lib/libz_sh.so
1487347a3000-1487349a2000 ---p 00019000 00:2b 490727298848               /scratch/gpfs/LICENSED/x86_64/cadence-20210126/jasper_2021.03/Linux64/lib/libz_sh.so
1487349a2000-1487349a3000 r--p 00018000 00:2b 490727298848               /scratch/gpfs/LICENSED/x86_64/cadence-20210126/jasper_2021.03/Linux64/lib/libz_sh.so
1487349a3000-1487349a4000 rw-p 00019000 00:2b 490727298848               /scratch/gpfs/LICENSED/x86_64/cadence-20210126/jasper_2021.03/Linux64/lib/libz_sh.so
1487349a4000-1487349a5000 r--p 00000000 fd:00 134599497                  /usr/lib64/libXau.so.6.0.0
1487349a5000-1487349a7000 r-xp 00001000 fd:00 134599497                  /usr/lib64/libXau.so.6.0.0
1487349a7000-1487349a8000 r--p 00003000 fd:00 134599497                  /usr/lib64/libXau.so.6.0.0
1487349a8000-1487349a9000 r--p 00003000 fd:00 134599497                  /usr/lib64/libXau.so.6.0.0
1487349a9000-1487349ac000 rw-p 00000000 00:00 0 
1487349ac000-148734a6b000 r-xp 00000000 00:2b 490728067567               /scratch/gpfs/LICENSED/x86_64/cadence-20210126/jasper_2021.03/Linux64/lib/libCDSTcl8.4.so
148734a6b000-148734c6b000 ---p 000bf000 00:2b 490728067567               /scratch/gpfs/LICENSED/x86_64/cadence-20210126/jasper_2021.03/Linux64/lib/libCDSTcl8.4.so
148734c6b000-148734c74000 rw-p 000bf000 00:2b 490728067567               /scratch/gpfs/LICENSED/x86_64/cadence-20210126/jasper_2021.03/Linux64/lib/libCDSTcl8.4.so
148734c74000-148734c75000 rw-p 00000000 00:00 0 
148734c75000-14873506c000 r-xp 00000000 00:2b 490728247282               /scratch/gpfs/LICENSED/x86_64/cadence-20210126/jasper_2021.03/Linux64/lib/libdac.so
14873506c000-14873526c000 ---p 003f7000 00:2b 490728247282               /scratch/gpfs/LICENSED/x86_64/cadence-20210126/jasper_2021.03/Linux64/lib/libdac.so
14873526c000-148735297000 r--p 003f7000 00:2b 490728247282               /scratch/gpfs/LICENSED/x86_64/cadence-20210126/jasper_2021.03/Linux64/lib/libdac.so
148735297000-14873529f000 rw-p 00422000 00:2b 490728247282               /scratch/gpfs/LICENSED/x86_64/cadence-20210126/jasper_2021.03/Linux64/lib/libdac.so
14873529f000-1487354b7000 rw-p 00000000 00:00 0 
1487354b7000-148735559000 r-xp 00000000 00:2b 490728247284               /scratch/gpfs/LICENSED/x86_64/cadence-20210126/jasper_2021.03/Linux64/lib/libdcapi.so
148735559000-148735759000 ---p 000a2000 00:2b 490728247284               /scratch/gpfs/LICENSED/x86_64/cadence-20210126/jasper_2021.03/Linux64/lib/libdcapi.so
148735759000-14873575a000 r--p 000a2000 00:2b 490728247284               /scratch/gpfs/LICENSED/x86_64/cadence-20210126/jasper_2021.03/Linux64/lib/libdcapi.so
14873575a000-148735765000 rw-p 000a3000 00:2b 490728247284               /scratch/gpfs/LICENSED/x86_64/cadence-20210126/jasper_2021.03/Linux64/lib/libdcapi.so
148735765000-148735768000 rw-p 00000000 00:00 0 
148735768000-14873578c000 r-xp 00000000 00:2b 490727298841               /scratch/gpfs/LICENSED/x86_64/cadence-20210126/jasper_2021.03/Linux64/lib/libxcb.so.1
14873578c000-14873598c000 ---p 00024000 00:2b 490727298841               /scratch/gpfs/LICENSED/x86_64/cadence-20210126/jasper_2021.03/Linux64/lib/libxcb.so.1
14873598c000-14873598d000 rw-p 00024000 00:2b 490727298841               /scratch/gpfs/LICENSED/x86_64/cadence-20210126/jasper_2021.03/Linux64/lib/libxcb.so.1
14873598d000-1487359db000 r-xp 00000000 00:2b 490727407005               /scratch/gpfs/LICENSED/x86_64/cadence-20210126/jasper_2021.03/Linux64/lib/libjAdaptor.so
1487359db000-1487359df000 r--p 0004d000 00:2b 490727407005               /scratch/gpfs/LICENSED/x86_64/cadence-20210126/jasper_2021.03/Linux64/lib/libjAdaptor.so
1487359df000-1487359e0000 rw-p 00051000 00:2b 490727407005               /scratch/gpfs/LICENSED/x86_64/cadence-20210126/jasper_2021.03/Linux64/lib/libjAdaptor.so
1487359e0000-148735a65000 r-xp 00000000 00:2b 490728247281               /scratch/gpfs/LICENSED/x86_64/cadence-20210126/jasper_2021.03/Linux64/lib/libcudd.so
148735a65000-148735a66000 r--p 00084000 00:2b 490728247281               /scratch/gpfs/LICENSED/x86_64/cadence-20210126/jasper_2021.03/Linux64/lib/libcudd.so
148735a66000-148735a67000 rw-p 00085000 00:2b 490728247281               /scratch/gpfs/LICENSED/x86_64/cadence-20210126/jasper_2021.03/Linux64/lib/libcudd.so
148735a67000-148735a68000 rw-p 00000000 00:00 0 
148735a68000-148735a6c000 r--p 00000000 fd:00 134435272                  /usr/lib64/libnsl.so.1
148735a6c000-148735a7a000 r-xp 00004000 fd:00 134435272                  /usr/lib64/libnsl.so.1
148735a7a000-148735a7f000 r--p 00012000 fd:00 134435272                  /usr/lib64/libnsl.so.1
148735a7f000-148735a80000 r--p 00016000 fd:00 134435272                  /usr/lib64/libnsl.so.1
148735a80000-148735a81000 rw-p 00017000 fd:00 134435272                  /usr/lib64/libnsl.so.1
148735a81000-148735a85000 rw-p 00000000 00:00 0 
148735a85000-148735b26000 r-xp 00000000 00:2b 490727191788               /scratch/gpfs/LICENSED/x86_64/cadence-20210126/jasper_2021.03/Linux64/lib/libJasperBinExpr.so
148735b26000-148735b33000 r--p 000a0000 00:2b 490727191788               /scratch/gpfs/LICENSED/x86_64/cadence-20210126/jasper_2021.03/Linux64/lib/libJasperBinExpr.so
148735b33000-148735b35000 rw-p 000ad000 00:2b 490727191788               /scratch/gpfs/LICENSED/x86_64/cadence-20210126/jasper_2021.03/Linux64/lib/libJasperBinExpr.so
148735b35000-148735b60000 r-xp 00000000 00:2b 490728247199               /scratch/gpfs/LICENSED/x86_64/cadence-20210126/jasper_2021.03/Linux64/lib/libVCDStateMapManager.so
148735b60000-148735b61000 ---p 0002b000 00:2b 490728247199               /scratch/gpfs/LICENSED/x86_64/cadence-20210126/jasper_2021.03/Linux64/lib/libVCDStateMapManager.so
148735b61000-148735b62000 r--p 0002b000 00:2b 490728247199               /scratch/gpfs/LICENSED/x86_64/cadence-20210126/jasper_2021.03/Linux64/lib/libVCDStateMapManager.so
148735b62000-148735b63000 rw-p 0002c000 00:2b 490728247199               /scratch/gpfs/LICENSED/x86_64/cadence-20210126/jasper_2021.03/Linux64/lib/libVCDStateMapManager.so
148735b63000-148735d64000 rw-p 00000000 00:00 0 
148735d64000-148735f3a000 r-xp 00000000 00:2b 490728241142               /scratch/gpfs/LICENSED/x86_64/cadence-20210126/jasper_2021.03/Linux64/lib/libJasperDynamo.so
148735f3a000-148735f3b000 ---p 001d6000 00:2b 490728241142               /scratch/gpfs/LICENSED/x86_64/cadence-20210126/jasper_2021.03/Linux64/lib/libJasperDynamo.so
148735f3b000-148735f3f000 r--p 001d6000 00:2b 490728241142               /scratch/gpfs/LICENSED/x86_64/cadence-20210126/jasper_2021.03/Linux64/lib/libJasperDynamo.so
148735f3f000-148735f42000 rw-p 001da000 00:2b 490728241142               /scratch/gpfs/LICENSED/x86_64/cadence-20210126/jasper_2021.03/Linux64/lib/libJasperDynamo.so
148735f42000-148735f58000 rw-p 00000000 00:00 0 
148735f58000-148736159000 r-xp 00000000 00:2b 490727374107               /scratch/gpfs/LICENSED/x86_64/cadence-20210126/jasper_2021.03/Linux64/lib/libnsys.so
148736159000-148736359000 ---p 00201000 00:2b 490727374107               /scratch/gpfs/LICENSED/x86_64/cadence-20210126/jasper_2021.03/Linux64/lib/libnsys.so
148736359000-148736362000 r--p 00201000 00:2b 490727374107               /scratch/gpfs/LICENSED/x86_64/cadence-20210126/jasper_2021.03/Linux64/lib/libnsys.so
148736362000-148736366000 rw-p 0020a000 00:2b 490727374107               /scratch/gpfs/LICENSED/x86_64/cadence-20210126/jasper_2021.03/Linux64/lib/libnsys.so
148736366000-14873637a000 rw-p 00000000 00:00 0 
14873637a000-148736a20000 r-xp 00000000 00:2b 490727681391               /scratch/gpfs/LICENSED/x86_64/cadence-20210126/jasper_2021.03/Linux64/lib/libnffr.so
148736a20000-148736c20000 ---p 006a6000 00:2b 490727681391               /scratch/gpfs/LICENSED/x86_64/cadence-20210126/jasper_2021.03/Linux64/lib/libnffr.so
148736c20000-148736c3f000 r--p 006a6000 00:2b 490727681391               /scratch/gpfs/LICENSED/x86_64/cadence-20210126/jasper_2021.03/Linux64/lib/libnffr.so
148736c3f000-148736c49000 rw-p 006c5000 00:2b 490727681391               /scratch/gpfs/LICENSED/x86_64/cadence-20210126/jasper_2021.03/Linux64/lib/libnffr.so
148736c49000-1487376ef000 rw-p 00000000 00:00 0 
1487376ef000-148737764000 r-xp 00000000 00:2b 490728247289               /scratch/gpfs/LICENSED/x86_64/cadence-20210126/jasper_2021.03/Linux64/lib/libdwapi.so
148737764000-148737963000 ---p 00075000 00:2b 490728247289               /scratch/gpfs/LICENSED/x86_64/cadence-20210126/jasper_2021.03/Linux64/lib/libdwapi.so
148737963000-148737966000 r--p 00074000 00:2b 490728247289               /scratch/gpfs/LICENSED/x86_64/cadence-20210126/jasper_2021.03/Linux64/lib/libdwapi.so
148737966000-148737967000 rw-p 00077000 00:2b 490728247289               /scratch/gpfs/LICENSED/x86_64/cadence-20210126/jasper_2021.03/Linux64/lib/libdwapi.so
148737967000-148737b67000 r-xp 00000000 00:2b 490728247287               /scratch/gpfs/LICENSED/x86_64/cadence-20210126/jasper_2021.03/Linux64/lib/libdrapi.so
148737b67000-148737d66000 ---p 00200000 00:2b 490728247287               /scratch/gpfs/LICENSED/x86_64/cadence-20210126/jasper_2021.03/Linux64/lib/libdrapi.so
148737d66000-148737d7a000 r--p 001ff000 00:2b 490728247287               /scratch/gpfs/LICENSED/x86_64/cadence-20210126/jasper_2021.03/Linux64/lib/libdrapi.so
148737d7a000-148737d86000 rw-p 00213000 00:2b 490728247287               /scratch/gpfs/LICENSED/x86_64/cadence-20210126/jasper_2021.03/Linux64/lib/libdrapi.so
148737d86000-148737d8b000 rw-p 00000000 00:00 0 
148737d8b000-148737d9a000 r--p 00000000 00:2b 490727343793               /scratch/gpfs/LICENSED/x86_64/cadence-20210126/jasper_2021.03/Linux64/lib/libsqlite3.so.0
148737d9a000-148737ea8000 r-xp 0000f000 00:2b 490727343793               /scratch/gpfs/LICENSED/x86_64/cadence-20210126/jasper_2021.03/Linux64/lib/libsqlite3.so.0
148737ea8000-148737ed9000 r--p 0011d000 00:2b 490727343793               /scratch/gpfs/LICENSED/x86_64/cadence-20210126/jasper_2021.03/Linux64/lib/libsqlite3.so.0
148737ed9000-148737eda000 ---p 0014e000 00:2b 490727343793               /scratch/gpfs/LICENSED/x86_64/cadence-20210126/jasper_2021.03/Linux64/lib/libsqlite3.so.0
148737eda000-148737edd000 r--p 0014e000 00:2b 490727343793               /scratch/gpfs/LICENSED/x86_64/cadence-20210126/jasper_2021.03/Linux64/lib/libsqlite3.so.0
148737edd000-148737ee2000 rw-p 00151000 00:2b 490727343793               /scratch/gpfs/LICENSED/x86_64/cadence-20210126/jasper_2021.03/Linux64/lib/libsqlite3.so.0
148737ee2000-148737ee3000 rw-p 00000000 00:00 0 
148737ee3000-148737ee5000 r--p 00000000 fd:00 134599252                  /usr/lib64/libpcre.so.1.2.12
148737ee5000-148737f3c000 r-xp 00002000 fd:00 134599252                  /usr/lib64/libpcre.so.1.2.12
148737f3c000-148737f59000 r--p 00059000 fd:00 134599252                  /usr/lib64/libpcre.so.1.2.12
148737f59000-148737f5a000 r--p 00075000 fd:00 134599252                  /usr/lib64/libpcre.so.1.2.12
148737f5a000-148737f5b000 rw-p 00076000 fd:00 134599252                  /usr/lib64/libpcre.so.1.2.12
148737f5b000-148737f5d000 rw-p 00000000 00:00 0 
148737f5d000-148737f60000 r--p 00000000 00:2b 490728275437               /scratch/gpfs/LICENSED/x86_64/cadence-20210126/jasper_2021.03/Linux64/lib/libQt5Concurrent.so.5
148737f60000-148737f63000 r-xp 00003000 00:2b 490728275437               /scratch/gpfs/LICENSED/x86_64/cadence-20210126/jasper_2021.03/Linux64/lib/libQt5Concurrent.so.5
148737f63000-148737f64000 r--p 00006000 00:2b 490728275437               /scratch/gpfs/LICENSED/x86_64/cadence-20210126/jasper_2021.03/Linux64/lib/libQt5Concurrent.so.5
148737f64000-148737f65000 r--p 00006000 00:2b 490728275437               /scratch/gpfs/LICENSED/x86_64/cadence-20210126/jasper_2021.03/Linux64/lib/libQt5Concurrent.so.5
148737f65000-148737f66000 rw-p 00007000 00:2b 490728275437               /scratch/gpfs/LICENSED/x86_64/cadence-20210126/jasper_2021.03/Linux64/lib/libQt5Concurrent.so.5
148737f66000-148738bfd000 r-xp 00000000 00:2b 490728341265               /scratch/gpfs/LICENSED/x86_64/cadence-20210126/jasper_2021.03/Linux64/lib/libJasperMiter.so
148738bfd000-148738cc0000 r--p 00c96000 00:2b 490728341265               /scratch/gpfs/LICENSED/x86_64/cadence-20210126/jasper_2021.03/Linux64/lib/libJasperMiter.so
148738cc0000-148738cd0000 rw-p 00d59000 00:2b 490728341265               /scratch/gpfs/LICENSED/x86_64/cadence-20210126/jasper_2021.03/Linux64/lib/libJasperMiter.so
148738cd0000-148738d22000 rw-p 00000000 00:00 0 
148738d22000-148738df3000 r-xp 00000000 00:2b 490727298850               /scratch/gpfs/LICENSED/x86_64/cadence-20210126/jasper_2021.03/Linux64/lib/libzmq.so.5
148738df3000-148738ff2000 ---p 000d1000 00:2b 490727298850               /scratch/gpfs/LICENSED/x86_64/cadence-20210126/jasper_2021.03/Linux64/lib/libzmq.so.5
148738ff2000-148738ff9000 r--p 000d0000 00:2b 490727298850               /scratch/gpfs/LICENSED/x86_64/cadence-20210126/jasper_2021.03/Linux64/lib/libzmq.so.5
148738ff9000-148738ffa000 rw-p 000d7000 00:2b 490727298850               /scratch/gpfs/LICENSED/x86_64/cadence-20210126/jasper_2021.03/Linux64/lib/libzmq.so.5
148738ffa000-148738ffc000 rw-p 00000000 00:00 0 
148738ffc000-14873969d000 r-xp 00000000 00:2b 490727374195               /scratch/gpfs/LICENSED/x86_64/cadence-20210126/jasper_2021.03/Linux64/lib/libprotobuf.so.23
14873969d000-14873989c000 ---p 006a1000 00:2b 490727374195               /scratch/gpfs/LICENSED/x86_64/cadence-20210126/jasper_2021.03/Linux64/lib/libprotobuf.so.23
14873989c000-1487398a5000 r--p 006a0000 00:2b 490727374195               /scratch/gpfs/LICENSED/x86_64/cadence-20210126/jasper_2021.03/Linux64/lib/libprotobuf.so.23
1487398a5000-1487398c2000 rw-p 006a9000 00:2b 490727374195               /scratch/gpfs/LICENSED/x86_64/cadence-20210126/jasper_2021.03/Linux64/lib/libprotobuf.so.23
1487398c2000-1487398c4000 rw-p 00000000 00:00 0 
1487398c4000-1487398e1000 r-xp 00000000 00:2b 490726767287               /scratch/gpfs/LICENSED/x86_64/cadence-20210126/jasper_2021.03/Linux64/lib/libJasperFileLocker.so
1487398e1000-1487398e2000 ---p 0001d000 00:2b 490726767287               /scratch/gpfs/LICENSED/x86_64/cadence-20210126/jasper_2021.03/Linux64/lib/libJasperFileLocker.so
1487398e2000-1487398e3000 r--p 0001d000 00:2b 490726767287               /scratch/gpfs/LICENSED/x86_64/cadence-20210126/jasper_2021.03/Linux64/lib/libJasperFileLocker.so
1487398e3000-1487398e4000 rw-p 0001e000 00:2b 490726767287               /scratch/gpfs/LICENSED/x86_64/cadence-20210126/jasper_2021.03/Linux64/lib/libJasperFileLocker.so
1487398e4000-148739a50000 r-xp 00000000 00:2b 490727816703               /scratch/gpfs/LICENSED/x86_64/cadence-20210126/jasper_2021.03/Linux64/lib/libJasperLPVDb.so
148739a50000-148739a54000 r--p 0016b000 00:2b 490727816703               /scratch/gpfs/LICENSED/x86_64/cadence-20210126/jasper_2021.03/Linux64/lib/libJasperLPVDb.so
148739a54000-148739a58000 rw-p 0016f000 00:2b 490727816703               /scratch/gpfs/LICENSED/x86_64/cadence-20210126/jasper_2021.03/Linux64/lib/libJasperLPVDb.so
148739a58000-148739a5a000 rw-p 00000000 00:00 0 
148739a5a000-148739a65000 r-xp 00000000 00:2b 490728275369               /scratch/gpfs/LICENSED/x86_64/cadence-20210126/jasper_2021.03/Linux64/lib/libJasperTraceReplay.so
148739a65000-148739a66000 r--p 0000a000 00:2b 490728275369               /scratch/gpfs/LICENSED/x86_64/cadence-20210126/jasper_2021.03/Linux64/lib/libJasperTraceReplay.so
148739a66000-148739a67000 rw-p 0000b000 00:2b 490728275369               /scratch/gpfs/LICENSED/x86_64/cadence-20210126/jasper_2021.03/Linux64/lib/libJasperTraceReplay.so
148739a67000-148739a88000 r--p 00000000 00:2b 490727197947               /scratch/gpfs/LICENSED/x86_64/cadence-20210126/jasper_2021.03/Linux64/lib/libQt5PrintSupport.so.5
148739a88000-148739ab1000 r-xp 00021000 00:2b 490727197947               /scratch/gpfs/LICENSED/x86_64/cadence-20210126/jasper_2021.03/Linux64/lib/libQt5PrintSupport.so.5
148739ab1000-148739ac6000 r--p 0004a000 00:2b 490727197947               /scratch/gpfs/LICENSED/x86_64/cadence-20210126/jasper_2021.03/Linux64/lib/libQt5PrintSupport.so.5
148739ac6000-148739ac9000 r--p 0005e000 00:2b 490727197947               /scratch/gpfs/LICENSED/x86_64/cadence-20210126/jasper_2021.03/Linux64/lib/libQt5PrintSupport.so.5
148739ac9000-148739acb000 rw-p 00061000 00:2b 490727197947               /scratch/gpfs/LICENSED/x86_64/cadence-20210126/jasper_2021.03/Linux64/lib/libQt5PrintSupport.so.5
148739acb000-148739ae7000 r--p 00000000 fd:00 134371951                  /usr/lib64/libX11.so.6.4.0
148739ae7000-148739b77000 r-xp 0001c000 fd:00 134371951                  /usr/lib64/libX11.so.6.4.0
148739b77000-148739c0c000 r--p 000ac000 fd:00 134371951                  /usr/lib64/libX11.so.6.4.0
148739c0c000-148739c0f000 r--p 00140000 fd:00 134371951                  /usr/lib64/libX11.so.6.4.0
148739c0f000-148739c13000 rw-p 00143000 fd:00 134371951                  /usr/lib64/libX11.so.6.4.0
148739c13000-148739c7f000 r--p 00000000 00:2b 490727099554               /scratch/gpfs/LICENSED/x86_64/cadence-20210126/jasper_2021.03/Linux64/lib/libqwt.so.6
148739c7f000-148739d2e000 r-xp 0006c000 00:2b 490727099554               /scratch/gpfs/LICENSED/x86_64/cadence-20210126/jasper_2021.03/Linux64/lib/libqwt.so.6
148739d2e000-148739d61000 r--p 0011b000 00:2b 490727099554               /scratch/gpfs/LICENSED/x86_64/cadence-20210126/jasper_2021.03/Linux64/lib/libqwt.so.6
148739d61000-148739d62000 ---p 0014e000 00:2b 490727099554               /scratch/gpfs/LICENSED/x86_64/cadence-20210126/jasper_2021.03/Linux64/lib/libqwt.so.6
148739d62000-148739d6b000 r--p 0014e000 00:2b 490727099554               /scratch/gpfs/LICENSED/x86_64/cadence-20210126/jasper_2021.03/Linux64/lib/libqwt.so.6
148739d6b000-148739d6f000 rw-p 00157000 00:2b 490727099554               /scratch/gpfs/LICENSED/x86_64/cadence-20210126/jasper_2021.03/Linux64/lib/libqwt.so.6
148739d6f000-148739d71000 rw-p 00000000 00:00 0 
148739d71000-148739ec6000 r-xp 00000000 00:2b 490727681361               /scratch/gpfs/LICENSED/x86_64/cadence-20210126/jasper_2021.03/Linux64/lib/libndna.so
148739ec6000-14873a0c6000 ---p 00155000 00:2b 490727681361               /scratch/gpfs/LICENSED/x86_64/cadence-20210126/jasper_2021.03/Linux64/lib/libndna.so
14873a0c6000-14873a0cd000 r--p 00155000 00:2b 490727681361               /scratch/gpfs/LICENSED/x86_64/cadence-20210126/jasper_2021.03/Linux64/lib/libndna.so
14873a0cd000-14873a0d0000 rw-p 0015c000 00:2b 490727681361               /scratch/gpfs/LICENSED/x86_64/cadence-20210126/jasper_2021.03/Linux64/lib/libndna.so
14873a0d0000-14873a0d7000 rw-p 00000000 00:00 0 
14873a0d7000-14873a156000 r-xp 00000000 00:2b 490728136194               /scratch/gpfs/LICENSED/x86_64/cadence-20210126/jasper_2021.03/Linux64/lib/libjetmining.so
14873a156000-14873a157000 ---p 0007f000 00:2b 490728136194               /scratch/gpfs/LICENSED/x86_64/cadence-20210126/jasper_2021.03/Linux64/lib/libjetmining.so
14873a157000-14873a159000 r--p 0007f000 00:2b 490728136194               /scratch/gpfs/LICENSED/x86_64/cadence-20210126/jasper_2021.03/Linux64/lib/libjetmining.so
14873a159000-14873a15b000 rw-p 00081000 00:2b 490728136194               /scratch/gpfs/LICENSED/x86_64/cadence-20210126/jasper_2021.03/Linux64/lib/libjetmining.so
14873a15b000-14873a168000 r--p 00000000 00:2b 490728275433               /scratch/gpfs/LICENSED/x86_64/cadence-20210126/jasper_2021.03/Linux64/lib/libQjdax.so.1
14873a168000-14873a170000 r-xp 0000d000 00:2b 490728275433               /scratch/gpfs/LICENSED/x86_64/cadence-20210126/jasper_2021.03/Linux64/lib/libQjdax.so.1
14873a170000-14873a176000 r--p 00015000 00:2b 490728275433               /scratch/gpfs/LICENSED/x86_64/cadence-20210126/jasper_2021.03/Linux64/lib/libQjdax.so.1
14873a176000-14873a177000 ---p 0001b000 00:2b 490728275433               /scratch/gpfs/LICENSED/x86_64/cadence-20210126/jasper_2021.03/Linux64/lib/libQjdax.so.1
14873a177000-14873a178000 r--p 0001b000 00:2b 490728275433               /scratch/gpfs/LICENSED/x86_64/cadence-20210126/jasper_2021.03/Linux64/lib/libQjdax.so.1
14873a178000-14873a179000 rw-p 0001c000 00:2b 490728275433               /scratch/gpfs/LICENSED/x86_64/cadence-20210126/jasper_2021.03/Linux64/lib/libQjdax.so.1
14873a179000-14873a1b7000 r-xp 00000000 00:2b 490728275353               /scratch/gpfs/LICENSED/x86_64/cadence-20210126/jasper_2021.03/Linux64/lib/libJasperSourceInfoFlow.so
14873a1b7000-14873a1b9000 r--p 0003d000 00:2b 490728275353               /scratch/gpfs/LICENSED/x86_64/cadence-20210126/jasper_2021.03/Linux64/lib/libJasperSourceInfoFlow.so
14873a1b9000-14873a1bb000 rw-p 0003f000 00:2b 490728275353               /scratch/gpfs/LICENSED/x86_64/cadence-20210126/jasper_2021.03/Linux64/lib/libJasperSourceInfoFlow.so
14873a1bb000-14873a1ce000 r-xp 00000000 00:2b 490727750720               /scratch/gpfs/LICENSED/x86_64/cadence-20210126/jasper_2021.03/Linux64/lib/libJasperRadixProvider.so
14873a1ce000-14873a1cf000 r--p 00012000 00:2b 490727750720               /scratch/gpfs/LICENSED/x86_64/cadence-20210126/jasper_2021.03/Linux64/lib/libJasperRadixProvider.so
14873a1cf000-14873a1d0000 rw-p 00013000 00:2b 490727750720               /scratch/gpfs/LICENSED/x86_64/cadence-20210126/jasper_2021.03/Linux64/lib/libJasperRadixProvider.so
14873a1d0000-14873a1d2000 rw-p 00000000 00:00 0 
14873a1d2000-14873a2b0000 r-xp 00000000 00:2b 490727816577               /scratch/gpfs/LICENSED/x86_64/cadence-20210126/jasper_2021.03/Linux64/lib/libJasperGraphDb.so
14873a2b0000-14873a2b3000 r--p 000dd000 00:2b 490727816577               /scratch/gpfs/LICENSED/x86_64/cadence-20210126/jasper_2021.03/Linux64/lib/libJasperGraphDb.so
14873a2b3000-14873a2b6000 rw-p 000e0000 00:2b 490727816577               /scratch/gpfs/LICENSED/x86_64/cadence-20210126/jasper_2021.03/Linux64/lib/libJasperGraphDb.so
14873a2b6000-14873a2b7000 rw-p 00000000 00:00 0 
14873a2b7000-14873a4cb000 r-xp 00000000 00:2b 490728275355               /scratch/gpfs/LICENSED/x86_64/cadence-20210126/jasper_2021.03/Linux64/lib/libJasperSymSim.so
14873a4cb000-14873a4d5000 r--p 00213000 00:2b 490728275355               /scratch/gpfs/LICENSED/x86_64/cadence-20210126/jasper_2021.03/Linux64/lib/libJasperSymSim.so
14873a4d5000-14873a4d9000 rw-p 0021d000 00:2b 490728275355               /scratch/gpfs/LICENSED/x86_64/cadence-20210126/jasper_2021.03/Linux64/lib/libJasperSymSim.so
14873a4d9000-14873a4da000 rw-p 00000000 00:00 0 
14873a4da000-14873a4e1000 r-xp 00000000 00:2b 490727343866               /scratch/gpfs/LICENSED/x86_64/cadence-20210126/jasper_2021.03/Linux64/lib/libunicovdirmgr.so
14873a4e1000-14873a6e0000 ---p 00007000 00:2b 490727343866               /scratch/gpfs/LICENSED/x86_64/cadence-20210126/jasper_2021.03/Linux64/lib/libunicovdirmgr.so
14873a6e0000-14873a6e1000 r--p 00006000 00:2b 490727343866               /scratch/gpfs/LICENSED/x86_64/cadence-20210126/jasper_2021.03/Linux64/lib/libunicovdirmgr.so
14873a6e1000-14873a6e2000 rw-p 00007000 00:2b 490727343866               /scratch/gpfs/LICENSED/x86_64/cadence-20210126/jasper_2021.03/Linux64/lib/libunicovdirmgr.so
14873a6e2000-14873a6e4000 rw-p 00000000 00:00 0 
14873a6e4000-14873a7ca000 r-xp 00000000 00:2b 490728241118               /scratch/gpfs/LICENSED/x86_64/cadence-20210126/jasper_2021.03/Linux64/lib/libJasperConnectivityOracle.so
14873a7ca000-14873a7d0000 r--p 000e5000 00:2b 490728241118               /scratch/gpfs/LICENSED/x86_64/cadence-20210126/jasper_2021.03/Linux64/lib/libJasperConnectivityOracle.so
14873a7d0000-14873a7d3000 rw-p 000eb000 00:2b 490728241118               /scratch/gpfs/LICENSED/x86_64/cadence-20210126/jasper_2021.03/Linux64/lib/libJasperConnectivityOracle.so
14873a7d3000-14873ac85000 r-xp 00000000 00:2b 490728247291               /scratch/gpfs/LICENSED/x86_64/cadence-20210126/jasper_2021.03/Linux64/lib/libedg.so
14873ac85000-14873ac86000 ---p 004b2000 00:2b 490728247291               /scratch/gpfs/LICENSED/x86_64/cadence-20210126/jasper_2021.03/Linux64/lib/libedg.so
14873ac86000-14873ac8e000 r--p 004b2000 00:2b 490728247291               /scratch/gpfs/LICENSED/x86_64/cadence-20210126/jasper_2021.03/Linux64/lib/libedg.so
14873ac8e000-14873acd7000 rw-p 004ba000 00:2b 490728247291               /scratch/gpfs/LICENSED/x86_64/cadence-20210126/jasper_2021.03/Linux64/lib/libedg.so
14873acd7000-14873ad20000 rw-p 00000000 00:00 0 
14873ad20000-14873adbd000 r-xp 00000000 00:2b 490727191791               /scratch/gpfs/LICENSED/x86_64/cadence-20210126/jasper_2021.03/Linux64/lib/libJasperC2RTLDb.so
14873adbd000-14873adc0000 r--p 0009c000 00:2b 490727191791               /scratch/gpfs/LICENSED/x86_64/cadence-20210126/jasper_2021.03/Linux64/lib/libJasperC2RTLDb.so
14873adc0000-14873adc3000 rw-p 0009f000 00:2b 490727191791               /scratch/gpfs/LICENSED/x86_64/cadence-20210126/jasper_2021.03/Linux64/lib/libJasperC2RTLDb.so
14873adc3000-14873d8b1000 r-xp 00000000 00:2b 490727624217               /scratch/gpfs/LICENSED/x86_64/cadence-20210126/jasper_2021.03/Linux64/lib/librtlc.so
14873d8b1000-14873dacb000 r--p 02aed000 00:2b 490727624217               /scratch/gpfs/LICENSED/x86_64/cadence-20210126/jasper_2021.03/Linux64/lib/librtlc.so
14873dacb000-14873db62000 rw-p 02d07000 00:2b 490727624217               /scratch/gpfs/LICENSED/x86_64/cadence-20210126/jasper_2021.03/Linux64/lib/librtlc.so
14873db62000-14873dbb5000 rw-p 00000000 00:00 0 
14873dbb5000-14873de34000 r-xp 00000000 00:2b 490727816678               /scratch/gpfs/LICENSED/x86_64/cadence-20210126/jasper_2021.03/Linux64/lib/libJasperInformal.so
14873de34000-14873de3f000 r--p 0027e000 00:2b 490727816678               /scratch/gpfs/LICENSED/x86_64/cadence-20210126/jasper_2021.03/Linux64/lib/libJasperInformal.so
14873de3f000-14873de45000 rw-p 00289000 00:2b 490727816678               /scratch/gpfs/LICENSED/x86_64/cadence-20210126/jasper_2021.03/Linux64/lib/libJasperInformal.so
14873de45000-14873de46000 rw-p 00000000 00:00 0 
14873de46000-14873deb1000 r-xp 00000000 00:2b 490728067572               /scratch/gpfs/LICENSED/x86_64/cadence-20210126/jasper_2021.03/Linux64/lib/libDynamoForJasperGold.so
14873deb1000-14873deb2000 ---p 0006b000 00:2b 490728067572               /scratch/gpfs/LICENSED/x86_64/cadence-20210126/jasper_2021.03/Linux64/lib/libDynamoForJasperGold.so
14873deb2000-14873deb6000 r--p 0006b000 00:2b 490728067572               /scratch/gpfs/LICENSED/x86_64/cadence-20210126/jasper_2021.03/Linux64/lib/libDynamoForJasperGold.so
14873deb6000-14873deb9000 rw-p 0006f000 00:2b 490728067572               /scratch/gpfs/LICENSED/x86_64/cadence-20210126/jasper_2021.03/Linux64/lib/libDynamoForJasperGold.so
14873deb9000-14873debc000 rw-p 00000000 00:00 0 
14873debc000-14873e042000 r-xp 00000000 00:2b 490727226023               /scratch/gpfs/LICENSED/x86_64/cadence-20210126/jasper_2021.03/Linux64/lib/libJasperOrchestration.so
14873e042000-14873e043000 ---p 00186000 00:2b 490727226023               /scratch/gpfs/LICENSED/x86_64/cadence-20210126/jasper_2021.03/Linux64/lib/libJasperOrchestration.so
14873e043000-14873e04f000 r--p 00186000 00:2b 490727226023               /scratch/gpfs/LICENSED/x86_64/cadence-20210126/jasper_2021.03/Linux64/lib/libJasperOrchestration.so
14873e04f000-14873e053000 rw-p 00192000 00:2b 490727226023               /scratch/gpfs/LICENSED/x86_64/cadence-20210126/jasper_2021.03/Linux64/lib/libJasperOrchestration.so
14873e053000-14873e054000 rw-p 00000000 00:00 0 
14873e054000-14873e05e000 r-xp 00000000 00:2b 490727750719               /scratch/gpfs/LICENSED/x86_64/cadence-20210126/jasper_2021.03/Linux64/lib/libJasperRTLDSUtil.so
14873e05e000-14873e05f000 r--p 00009000 00:2b 490727750719               /scratch/gpfs/LICENSED/x86_64/cadence-20210126/jasper_2021.03/Linux64/lib/libJasperRTLDSUtil.so
14873e05f000-14873e060000 rw-p 0000a000 00:2b 490727750719               /scratch/gpfs/LICENSED/x86_64/cadence-20210126/jasper_2021.03/Linux64/lib/libJasperRTLDSUtil.so
14873e060000-14873e061000 r-xp 00000000 00:2b 490728275352               /scratch/gpfs/LICENSED/x86_64/cadence-20210126/jasper_2021.03/Linux64/lib/libJasperSlCustomRulesUtil.so
14873e061000-14873e062000 r--p 00000000 00:2b 490728275352               /scratch/gpfs/LICENSED/x86_64/cadence-20210126/jasper_2021.03/Linux64/lib/libJasperSlCustomRulesUtil.so
14873e062000-14873e063000 rw-p 00001000 00:2b 490728275352               /scratch/gpfs/LICENSED/x86_64/cadence-20210126/jasper_2021.03/Linux64/lib/libJasperSlCustomRulesUtil.so
14873e063000-14873e065000 rw-p 00000000 00:00 0 
14873e065000-14873e078000 r-xp 00000000 00:2b 490726847670               /scratch/gpfs/LICENSED/x86_64/cadence-20210126/jasper_2021.03/Linux64/lib/libJasperAflRulesUtil.so
14873e078000-14873e079000 r--p 00012000 00:2b 490726847670               /scratch/gpfs/LICENSED/x86_64/cadence-20210126/jasper_2021.03/Linux64/lib/libJasperAflRulesUtil.so
14873e079000-14873e07a000 rw-p 00013000 00:2b 490726847670               /scratch/gpfs/LICENSED/x86_64/cadence-20210126/jasper_2021.03/Linux64/lib/libJasperAflRulesUtil.so
14873e07a000-14873e0c0000 r-xp 00000000 00:2b 490727407000               /scratch/gpfs/LICENSED/x86_64/cadence-20210126/jasper_2021.03/Linux64/lib/libhaldefGUIAPI.so
14873e0c0000-14873e2c0000 ---p 00046000 00:2b 490727407000               /scratch/gpfs/LICENSED/x86_64/cadence-20210126/jasper_2021.03/Linux64/lib/libhaldefGUIAPI.so
14873e2c0000-14873e2cd000 rw-p 00046000 00:2b 490727407000               /scratch/gpfs/LICENSED/x86_64/cadence-20210126/jasper_2021.03/Linux64/lib/libhaldefGUIAPI.so
14873e2cd000-14873e2ef000 rw-p 00000000 00:00 0 
14873e2ef000-14873e306000 r-xp 00000000 00:2b 490726701321               /scratch/gpfs/LICENSED/x86_64/cadence-20210126/jasper_2021.03/Linux64/lib/libJasperMixMatch.so
14873e306000-14873e307000 r--p 00016000 00:2b 490726701321               /scratch/gpfs/LICENSED/x86_64/cadence-20210126/jasper_2021.03/Linux64/lib/libJasperMixMatch.so
14873e307000-14873e308000 rw-p 00017000 00:2b 490726701321               /scratch/gpfs/LICENSED/x86_64/cadence-20210126/jasper_2021.03/Linux64/lib/libJasperMixMatch.so
14873e308000-14873e347000 r-xp 00000000 00:2b 490727406999               /scratch/gpfs/LICENSED/x86_64/cadence-20210126/jasper_2021.03/Linux64/lib/libgmp.so.3
14873e347000-14873e547000 ---p 0003f000 00:2b 490727406999               /scratch/gpfs/LICENSED/x86_64/cadence-20210126/jasper_2021.03/Linux64/lib/libgmp.so.3
14873e547000-14873e548000 rw-p 0003f000 00:2b 490727406999               /scratch/gpfs/LICENSED/x86_64/cadence-20210126/jasper_2021.03/Linux64/lib/libgmp.so.3
14873e548000-14873e840000 r-xp 00000000 00:2b 490726774164               /scratch/gpfs/LICENSED/x86_64/cadence-20210126/jasper_2021.03/Linux64/lib/libwifCS.so
14873e840000-14873e854000 r--p 002f7000 00:2b 490726774164               /scratch/gpfs/LICENSED/x86_64/cadence-20210126/jasper_2021.03/Linux64/lib/libwifCS.so
14873e854000-14873e859000 rw-p 0030b000 00:2b 490726774164               /scratch/gpfs/LICENSED/x86_64/cadence-20210126/jasper_2021.03/Linux64/lib/libwifCS.so
14873e859000-14873e85c000 rw-p 00000000 00:00 0 
14873e85c000-14873e895000 r-xp 00000000 00:2b 490727343870               /scratch/gpfs/LICENSED/x86_64/cadence-20210126/jasper_2021.03/Linux64/lib/libutilradix.so
14873e895000-14873e897000 r--p 00038000 00:2b 490727343870               /scratch/gpfs/LICENSED/x86_64/cadence-20210126/jasper_2021.03/Linux64/lib/libutilradix.so
14873e897000-14873e899000 rw-p 0003a000 00:2b 490727343870               /scratch/gpfs/LICENSED/x86_64/cadence-20210126/jasper_2021.03/Linux64/lib/libutilradix.so
14873e899000-14873e9f1000 r-xp 00000000 00:2b 490726701328               /scratch/gpfs/LICENSED/x86_64/cadence-20210126/jasper_2021.03/Linux64/lib/libJasperNetlistDb.so
14873e9f1000-14873e9f9000 r--p 00157000 00:2b 490726701328               /scratch/gpfs/LICENSED/x86_64/cadence-20210126/jasper_2021.03/Linux64/lib/libJasperNetlistDb.so
14873e9f9000-14873e9fd000 rw-p 0015f000 00:2b 490726701328               /scratch/gpfs/LICENSED/x86_64/cadence-20210126/jasper_2021.03/Linux64/lib/libJasperNetlistDb.so
14873e9fd000-14873e9fe000 rw-p 00000000 00:00 0 
14873e9fe000-14873f71b000 r-xp 00000000 00:2b 490726882312               /scratch/gpfs/LICENSED/x86_64/cadence-20210126/jasper_2021.03/Linux64/lib/libflatten.so
14873f71b000-14873f71c000 ---p 00d1d000 00:2b 490726882312               /scratch/gpfs/LICENSED/x86_64/cadence-20210126/jasper_2021.03/Linux64/lib/libflatten.so
14873f71c000-14873f78a000 r--p 00d1d000 00:2b 490726882312               /scratch/gpfs/LICENSED/x86_64/cadence-20210126/jasper_2021.03/Linux64/lib/libflatten.so
14873f78a000-14873f7a0000 rw-p 00d8b000 00:2b 490726882312               /scratch/gpfs/LICENSED/x86_64/cadence-20210126/jasper_2021.03/Linux64/lib/libflatten.so
14873f7a0000-14873f7a3000 rw-p 00000000 00:00 0 
14873f7a3000-14873f996000 r-xp 00000000 00:2b 490728067578               /scratch/gpfs/LICENSED/x86_64/cadence-20210126/jasper_2021.03/Linux64/lib/libJasper4.so
14873f996000-14873f9a3000 r--p 001f2000 00:2b 490728067578               /scratch/gpfs/LICENSED/x86_64/cadence-20210126/jasper_2021.03/Linux64/lib/libJasper4.so
14873f9a3000-14873f9a8000 rw-p 001ff000 00:2b 490728067578               /scratch/gpfs/LICENSED/x86_64/cadence-20210126/jasper_2021.03/Linux64/lib/libJasper4.so
14873f9a8000-14873f9ab000 rw-p 00000000 00:00 0 
14873f9ab000-14873f9c8000 r--p 00000000 fd:00 142593287                  /usr/lib64/libglib-2.0.so.0.6800.4
14873f9c8000-14873fa59000 r-xp 0001d000 fd:00 142593287                  /usr/lib64/libglib-2.0.so.0.6800.4
14873fa59000-14873fae2000 r--p 000ae000 fd:00 142593287                  /usr/lib64/libglib-2.0.so.0.6800.4
14873fae2000-14873fae3000 r--p 00137000 fd:00 142593287                  /usr/lib64/libglib-2.0.so.0.6800.4
14873fae3000-14873fae4000 rw-p 00138000 fd:00 142593287                  /usr/lib64/libglib-2.0.so.0.6800.4
14873fae4000-14873fae5000 rw-p 00000000 00:00 0 
14873fae5000-14873fae6000 r--p 00000000 fd:00 142593301                  /usr/lib64/libgthread-2.0.so.0.6800.4
14873fae6000-14873fae7000 r-xp 00001000 fd:00 142593301                  /usr/lib64/libgthread-2.0.so.0.6800.4
14873fae7000-14873fae8000 r--p 00002000 fd:00 142593301                  /usr/lib64/libgthread-2.0.so.0.6800.4
14873fae8000-14873fae9000 r--p 00002000 fd:00 142593301                  /usr/lib64/libgthread-2.0.so.0.6800.4
14873fae9000-14873faea000 rw-p 00000000 00:00 0 
14873faea000-14873fb55000 r-xp 00000000 00:2b 490726701324               /scratch/gpfs/LICENSED/x86_64/cadence-20210126/jasper_2021.03/Linux64/lib/libJasperMsgControl.so
14873fb55000-14873fb56000 r--p 0006a000 00:2b 490726701324               /scratch/gpfs/LICENSED/x86_64/cadence-20210126/jasper_2021.03/Linux64/lib/libJasperMsgControl.so
14873fb56000-14873fb57000 rw-p 0006b000 00:2b 490726701324               /scratch/gpfs/LICENSED/x86_64/cadence-20210126/jasper_2021.03/Linux64/lib/libJasperMsgControl.so
14873fb57000-14873fb5a000 r-xp 00000000 00:2b 490728247280               /scratch/gpfs/LICENSED/x86_64/cadence-20210126/jasper_2021.03/Linux64/lib/libcsv.so
14873fb5a000-14873fd59000 ---p 00003000 00:2b 490728247280               /scratch/gpfs/LICENSED/x86_64/cadence-20210126/jasper_2021.03/Linux64/lib/libcsv.so
14873fd59000-14873fd5a000 rw-p 00002000 00:2b 490728247280               /scratch/gpfs/LICENSED/x86_64/cadence-20210126/jasper_2021.03/Linux64/lib/libcsv.so
14873fd5a000-14873fd5c000 rw-p 00000000 00:00 0 
14873fd5c000-14873fd5f000 r--p 00000000 fd:00 134498485                  /usr/lib64/libz.so.1.2.11
14873fd5f000-14873fd6d000 r-xp 00003000 fd:00 134498485                  /usr/lib64/libz.so.1.2.11
14873fd6d000-14873fd73000 r--p 00011000 fd:00 134498485                  /usr/lib64/libz.so.1.2.11
14873fd73000-14873fd74000 ---p 00017000 fd:00 134498485                  /usr/lib64/libz.so.1.2.11
14873fd74000-14873fd75000 r--p 00017000 fd:00 134498485                  /usr/lib64/libz.so.1.2.11
14873fd75000-14873fd76000 rw-p 00000000 00:00 0 
14873fd76000-14873fd94000 r-xp 00000000 00:2b 490728247257               /scratch/gpfs/LICENSED/x86_64/cadence-20210126/jasper_2021.03/Linux64/lib/libboost_iostreams.so.1.73.0
14873fd94000-14873ff94000 ---p 0001e000 00:2b 490728247257               /scratch/gpfs/LICENSED/x86_64/cadence-20210126/jasper_2021.03/Linux64/lib/libboost_iostreams.so.1.73.0
14873ff94000-14873ff95000 r--p 0001e000 00:2b 490728247257               /scratch/gpfs/LICENSED/x86_64/cadence-20210126/jasper_2021.03/Linux64/lib/libboost_iostreams.so.1.73.0
14873ff95000-14873ff96000 rw-p 0001f000 00:2b 490728247257               /scratch/gpfs/LICENSED/x86_64/cadence-20210126/jasper_2021.03/Linux64/lib/libboost_iostreams.so.1.73.0
14873ff96000-14873ff9b000 r-xp 00000000 00:2b 490727681359               /scratch/gpfs/LICENSED/x86_64/cadence-20210126/jasper_2021.03/Linux64/lib/libmd5.so
14873ff9b000-14874019b000 ---p 00005000 00:2b 490727681359               /scratch/gpfs/LICENSED/x86_64/cadence-20210126/jasper_2021.03/Linux64/lib/libmd5.so
14874019b000-14874019c000 r--p 00005000 00:2b 490727681359               /scratch/gpfs/LICENSED/x86_64/cadence-20210126/jasper_2021.03/Linux64/lib/libmd5.so
14874019c000-14874019d000 rw-p 00006000 00:2b 490727681359               /scratch/gpfs/LICENSED/x86_64/cadence-20210126/jasper_2021.03/Linux64/lib/libmd5.so
14874019d000-14874023c000 r-xp 00000000 00:2b 490728136216               /scratch/gpfs/LICENSED/x86_64/cadence-20210126/jasper_2021.03/Linux64/lib/libjetparser.so
14874023c000-14874023d000 ---p 0009f000 00:2b 490728136216               /scratch/gpfs/LICENSED/x86_64/cadence-20210126/jasper_2021.03/Linux64/lib/libjetparser.so
14874023d000-14874023f000 r--p 0009f000 00:2b 490728136216               /scratch/gpfs/LICENSED/x86_64/cadence-20210126/jasper_2021.03/Linux64/lib/libjetparser.so
14874023f000-148740240000 rw-p 000a1000 00:2b 490728136216               /scratch/gpfs/LICENSED/x86_64/cadence-20210126/jasper_2021.03/Linux64/lib/libjetparser.so
148740240000-148740243000 rw-p 00000000 00:00 0 
148740243000-14874038b000 r--p 00000000 00:2b 490727722514               /scratch/gpfs/LICENSED/x86_64/cadence-20210126/jasper_2021.03/Linux64/lib/libQt5Widgets.so.5
14874038b000-14874071b000 r-xp 00148000 00:2b 490727722514               /scratch/gpfs/LICENSED/x86_64/cadence-20210126/jasper_2021.03/Linux64/lib/libQt5Widgets.so.5
14874071b000-148740878000 r--p 004d8000 00:2b 490727722514               /scratch/gpfs/LICENSED/x86_64/cadence-20210126/jasper_2021.03/Linux64/lib/libQt5Widgets.so.5
148740878000-148740879000 ---p 00635000 00:2b 490727722514               /scratch/gpfs/LICENSED/x86_64/cadence-20210126/jasper_2021.03/Linux64/lib/libQt5Widgets.so.5
148740879000-1487408a5000 r--p 00635000 00:2b 490727722514               /scratch/gpfs/LICENSED/x86_64/cadence-20210126/jasper_2021.03/Linux64/lib/libQt5Widgets.so.5
1487408a5000-1487408aa000 rw-p 00661000 00:2b 490727722514               /scratch/gpfs/LICENSED/x86_64/cadence-20210126/jasper_2021.03/Linux64/lib/libQt5Widgets.so.5
1487408aa000-148740a4e000 r-xp 00000000 00:2b 490728275358               /scratch/gpfs/LICENSED/x86_64/cadence-20210126/jasper_2021.03/Linux64/lib/libJasperTcl8.6.so
148740a4e000-148740c4d000 ---p 001a4000 00:2b 490728275358               /scratch/gpfs/LICENSED/x86_64/cadence-20210126/jasper_2021.03/Linux64/lib/libJasperTcl8.6.so
148740c4d000-148740c5b000 r--p 001a3000 00:2b 490728275358               /scratch/gpfs/LICENSED/x86_64/cadence-20210126/jasper_2021.03/Linux64/lib/libJasperTcl8.6.so
148740c5b000-148740c5d000 rw-p 001b1000 00:2b 490728275358               /scratch/gpfs/LICENSED/x86_64/cadence-20210126/jasper_2021.03/Linux64/lib/libJasperTcl8.6.so
148740c5d000-148740c5e000 rw-p 00000000 00:00 0 
148740c5e000-148740e26000 r-xp 00000000 00:2b 490727374083               /scratch/gpfs/LICENSED/x86_64/cadence-20210126/jasper_2021.03/Linux64/lib/libnffw.so
148740e26000-148741025000 ---p 001c8000 00:2b 490727374083               /scratch/gpfs/LICENSED/x86_64/cadence-20210126/jasper_2021.03/Linux64/lib/libnffw.so
148741025000-148741027000 r--p 001c7000 00:2b 490727374083               /scratch/gpfs/LICENSED/x86_64/cadence-20210126/jasper_2021.03/Linux64/lib/libnffw.so
148741027000-14874102b000 rw-p 001c9000 00:2b 490727374083               /scratch/gpfs/LICENSED/x86_64/cadence-20210126/jasper_2021.03/Linux64/lib/libnffw.so
14874102b000-14874102c000 rw-p 00000000 00:00 0 
14874102c000-14874126c000 r-xp 00000000 00:2b 490727156659               /scratch/gpfs/LICENSED/x86_64/cadence-20210126/jasper_2021.03/Linux64/lib/libliberty.so
14874126c000-14874126d000 ---p 00240000 00:2b 490727156659               /scratch/gpfs/LICENSED/x86_64/cadence-20210126/jasper_2021.03/Linux64/lib/libliberty.so
14874126d000-14874127c000 r--p 00240000 00:2b 490727156659               /scratch/gpfs/LICENSED/x86_64/cadence-20210126/jasper_2021.03/Linux64/lib/libliberty.so
14874127c000-148741283000 rw-p 0024f000 00:2b 490727156659               /scratch/gpfs/LICENSED/x86_64/cadence-20210126/jasper_2021.03/Linux64/lib/libliberty.so
148741283000-148741284000 rw-p 00000000 00:00 0 
148741284000-1487414fc000 r-xp 00000000 00:2b 490728275431               /scratch/gpfs/LICENSED/x86_64/cadence-20210126/jasper_2021.03/Linux64/lib/libJasperXProp.so
1487414fc000-1487414fd000 ---p 00278000 00:2b 490728275431               /scratch/gpfs/LICENSED/x86_64/cadence-20210126/jasper_2021.03/Linux64/lib/libJasperXProp.so
1487414fd000-148741509000 r--p 00278000 00:2b 490728275431               /scratch/gpfs/LICENSED/x86_64/cadence-20210126/jasper_2021.03/Linux64/lib/libJasperXProp.so
148741509000-148741510000 rw-p 00284000 00:2b 490728275431               /scratch/gpfs/LICENSED/x86_64/cadence-20210126/jasper_2021.03/Linux64/lib/libJasperXProp.so
148741510000-148741513000 rw-p 00000000 00:00 0 
148741513000-1487415e0000 r-xp 00000000 00:2b 490728275403               /scratch/gpfs/LICENSED/x86_64/cadence-20210126/jasper_2021.03/Linux64/lib/libJasperVisualizeFlow.so
1487415e0000-1487415e6000 r--p 000cc000 00:2b 490728275403               /scratch/gpfs/LICENSED/x86_64/cadence-20210126/jasper_2021.03/Linux64/lib/libJasperVisualizeFlow.so
1487415e6000-1487415e9000 rw-p 000d2000 00:2b 490728275403               /scratch/gpfs/LICENSED/x86_64/cadence-20210126/jasper_2021.03/Linux64/lib/libJasperVisualizeFlow.so
1487415e9000-1487415ea000 rw-p 00000000 00:00 0 
1487415ea000-148741615000 r-xp 00000000 00:2b 490728275374               /scratch/gpfs/LICENSED/x86_64/cadence-20210126/jasper_2021.03/Linux64/lib/libJasperUNRDebug.so
148741615000-148741616000 ---p 0002b000 00:2b 490728275374               /scratch/gpfs/LICENSED/x86_64/cadence-20210126/jasper_2021.03/Linux64/lib/libJasperUNRDebug.so
148741616000-148741617000 r--p 0002b000 00:2b 490728275374               /scratch/gpfs/LICENSED/x86_64/cadence-20210126/jasper_2021.03/Linux64/lib/libJasperUNRDebug.so
148741617000-148741618000 rw-p 0002c000 00:2b 490728275374               /scratch/gpfs/LICENSED/x86_64/cadence-20210126/jasper_2021.03/Linux64/lib/libJasperUNRDebug.so
148741618000-148741619000 rw-p 00000000 00:00 0 
148741619000-148741869000 r-xp 00000000 00:2b 490728275377               /scratch/gpfs/LICENSED/x86_64/cadence-20210126/jasper_2021.03/Linux64/lib/libJasperUnr.so
148741869000-14874186a000 ---p 00250000 00:2b 490728275377               /scratch/gpfs/LICENSED/x86_64/cadence-20210126/jasper_2021.03/Linux64/lib/libJasperUnr.so
14874186a000-14874187a000 r--p 00250000 00:2b 490728275377               /scratch/gpfs/LICENSED/x86_64/cadence-20210126/jasper_2021.03/Linux64/lib/libJasperUnr.so
14874187a000-148741880000 rw-p 00260000 00:2b 490728275377               /scratch/gpfs/LICENSED/x86_64/cadence-20210126/jasper_2021.03/Linux64/lib/libJasperUnr.so
148741880000-148741881000 rw-p 00000000 00:00 0 
148741881000-148741896000 r-xp 00000000 00:2b 490728275372               /scratch/gpfs/LICENSED/x86_64/cadence-20210126/jasper_2021.03/Linux64/lib/libJasperTraceReplayWriter.so
148741896000-148741898000 r--p 00014000 00:2b 490728275372               /scratch/gpfs/LICENSED/x86_64/cadence-20210126/jasper_2021.03/Linux64/lib/libJasperTraceReplayWriter.so
148741898000-148741899000 rw-p 00016000 00:2b 490728275372               /scratch/gpfs/LICENSED/x86_64/cadence-20210126/jasper_2021.03/Linux64/lib/libJasperTraceReplayWriter.so
148741899000-14874189a000 rw-p 00000000 00:00 0 
14874189a000-1487418bb000 r-xp 00000000 00:2b 490728275354               /scratch/gpfs/LICENSED/x86_64/cadence-20210126/jasper_2021.03/Linux64/lib/libJasperStructExplorer.so
1487418bb000-1487418bd000 r--p 00020000 00:2b 490728275354               /scratch/gpfs/LICENSED/x86_64/cadence-20210126/jasper_2021.03/Linux64/lib/libJasperStructExplorer.so
1487418bd000-1487418be000 rw-p 00022000 00:2b 490728275354               /scratch/gpfs/LICENSED/x86_64/cadence-20210126/jasper_2021.03/Linux64/lib/libJasperStructExplorer.so
1487418be000-1487418c1000 rw-p 00000000 00:00 0 
1487418c1000-148741cfa000 r-xp 00000000 00:2b 490727750731               /scratch/gpfs/LICENSED/x86_64/cadence-20210126/jasper_2021.03/Linux64/lib/libJasperSPV.so
148741cfa000-148741d32000 r--p 00438000 00:2b 490727750731               /scratch/gpfs/LICENSED/x86_64/cadence-20210126/jasper_2021.03/Linux64/lib/libJasperSPV.so
148741d32000-148741d40000 rw-p 00470000 00:2b 490727750731               /scratch/gpfs/LICENSED/x86_64/cadence-20210126/jasper_2021.03/Linux64/lib/libJasperSPV.so
148741d40000-148741d50000 rw-p 00000000 00:00 0 
148741d50000-148741d96000 r-xp 00000000 00:2b 490728275351               /scratch/gpfs/LICENSED/x86_64/cadence-20210126/jasper_2021.03/Linux64/lib/libJasperSimExport.so
148741d96000-148741d97000 ---p 00046000 00:2b 490728275351               /scratch/gpfs/LICENSED/x86_64/cadence-20210126/jasper_2021.03/Linux64/lib/libJasperSimExport.so
148741d97000-148741d98000 r--p 00046000 00:2b 490728275351               /scratch/gpfs/LICENSED/x86_64/cadence-20210126/jasper_2021.03/Linux64/lib/libJasperSimExport.so
148741d98000-148741d9a000 rw-p 00047000 00:2b 490728275351               /scratch/gpfs/LICENSED/x86_64/cadence-20210126/jasper_2021.03/Linux64/lib/libJasperSimExport.so
148741d9a000-148741de4000 r-xp 00000000 00:2b 490728275350               /scratch/gpfs/LICENSED/x86_64/cadence-20210126/jasper_2021.03/Linux64/lib/libJasperSignalBrowser.so
148741de4000-148741de5000 ---p 0004a000 00:2b 490728275350               /scratch/gpfs/LICENSED/x86_64/cadence-20210126/jasper_2021.03/Linux64/lib/libJasperSignalBrowser.so
148741de5000-148741de7000 r--p 0004a000 00:2b 490728275350               /scratch/gpfs/LICENSED/x86_64/cadence-20210126/jasper_2021.03/Linux64/lib/libJasperSignalBrowser.so
148741de7000-148741de9000 rw-p 0004c000 00:2b 490728275350               /scratch/gpfs/LICENSED/x86_64/cadence-20210126/jasper_2021.03/Linux64/lib/libJasperSignalBrowser.so
148741de9000-148741dea000 rw-p 00000000 00:00 0 
148741dea000-148742293000 r-xp 00000000 00:2b 490727750748               /scratch/gpfs/LICENSED/x86_64/cadence-20210126/jasper_2021.03/Linux64/lib/libJasperSecEquiv.so
148742293000-148742294000 ---p 004a9000 00:2b 490727750748               /scratch/gpfs/LICENSED/x86_64/cadence-20210126/jasper_2021.03/Linux64/lib/libJasperSecEquiv.so
148742294000-1487422d0000 r--p 004a9000 00:2b 490727750748               /scratch/gpfs/LICENSED/x86_64/cadence-20210126/jasper_2021.03/Linux64/lib/libJasperSecEquiv.so
1487422d0000-1487422de000 rw-p 004e5000 00:2b 490727750748               /scratch/gpfs/LICENSED/x86_64/cadence-20210126/jasper_2021.03/Linux64/lib/libJasperSecEquiv.so
1487422de000-1487422ec000 rw-p 00000000 00:00 0 
1487422ec000-14874238f000 r-xp 00000000 00:2b 490728275349               /scratch/gpfs/LICENSED/x86_64/cadence-20210126/jasper_2021.03/Linux64/lib/libJasperSessionSdcInterface.so
14874238f000-148742390000 ---p 000a3000 00:2b 490728275349               /scratch/gpfs/LICENSED/x86_64/cadence-20210126/jasper_2021.03/Linux64/lib/libJasperSessionSdcInterface.so
148742390000-148742394000 r--p 000a3000 00:2b 490728275349               /scratch/gpfs/LICENSED/x86_64/cadence-20210126/jasper_2021.03/Linux64/lib/libJasperSessionSdcInterface.so
148742394000-148742397000 rw-p 000a7000 00:2b 490728275349               /scratch/gpfs/LICENSED/x86_64/cadence-20210126/jasper_2021.03/Linux64/lib/libJasperSessionSdcInterface.so
148742397000-14874239a000 rw-p 00000000 00:00 0 
14874239a000-1487423b0000 r-xp 00000000 00:2b 490727750746               /scratch/gpfs/LICENSED/x86_64/cadence-20210126/jasper_2021.03/Linux64/lib/libJasperSchematic.so
1487423b0000-1487423b1000 ---p 00016000 00:2b 490727750746               /scratch/gpfs/LICENSED/x86_64/cadence-20210126/jasper_2021.03/Linux64/lib/libJasperSchematic.so
1487423b1000-1487423b3000 r--p 00016000 00:2b 490727750746               /scratch/gpfs/LICENSED/x86_64/cadence-20210126/jasper_2021.03/Linux64/lib/libJasperSchematic.so
1487423b3000-1487423b4000 rw-p 00018000 00:2b 490727750746               /scratch/gpfs/LICENSED/x86_64/cadence-20210126/jasper_2021.03/Linux64/lib/libJasperSchematic.so
1487423b4000-14874265d000 r-xp 00000000 00:2b 490727750717               /scratch/gpfs/LICENSED/x86_64/cadence-20210126/jasper_2021.03/Linux64/lib/libJasperRTLDS.so
14874265d000-14874266a000 r--p 002a8000 00:2b 490727750717               /scratch/gpfs/LICENSED/x86_64/cadence-20210126/jasper_2021.03/Linux64/lib/libJasperRTLDS.so
14874266a000-148742671000 rw-p 002b5000 00:2b 490727750717               /scratch/gpfs/LICENSED/x86_64/cadence-20210126/jasper_2021.03/Linux64/lib/libJasperRTLDS.so
148742671000-148742674000 rw-p 00000000 00:00 0 
148742674000-14874271b000 r-xp 00000000 00:2b 490727750724               /scratch/gpfs/LICENSED/x86_64/cadence-20210126/jasper_2021.03/Linux64/lib/libJasperResetInfo.so
14874271b000-14874271c000 ---p 000a7000 00:2b 490727750724               /scratch/gpfs/LICENSED/x86_64/cadence-20210126/jasper_2021.03/Linux64/lib/libJasperResetInfo.so
14874271c000-148742722000 r--p 000a7000 00:2b 490727750724               /scratch/gpfs/LICENSED/x86_64/cadence-20210126/jasper_2021.03/Linux64/lib/libJasperResetInfo.so
148742722000-148742725000 rw-p 000ad000 00:2b 490727750724               /scratch/gpfs/LICENSED/x86_64/cadence-20210126/jasper_2021.03/Linux64/lib/libJasperResetInfo.so
148742725000-148742755000 r-xp 00000000 00:2b 490727816687               /scratch/gpfs/LICENSED/x86_64/cadence-20210126/jasper_2021.03/Linux64/lib/libJasperIrun.so
148742755000-148742756000 ---p 00030000 00:2b 490727816687               /scratch/gpfs/LICENSED/x86_64/cadence-20210126/jasper_2021.03/Linux64/lib/libJasperIrun.so
148742756000-148742757000 r--p 00030000 00:2b 490727816687               /scratch/gpfs/LICENSED/x86_64/cadence-20210126/jasper_2021.03/Linux64/lib/libJasperIrun.so
148742757000-148742758000 rw-p 00031000 00:2b 490727816687               /scratch/gpfs/LICENSED/x86_64/cadence-20210126/jasper_2021.03/Linux64/lib/libJasperIrun.so
148742758000-14874275a000 rw-p 00000000 00:00 0 
14874275a000-14874283d000 r-xp 00000000 00:2b 490727750714               /scratch/gpfs/LICENSED/x86_64/cadence-20210126/jasper_2021.03/Linux64/lib/libJasperProofStructure.so
14874283d000-148742842000 r--p 000e2000 00:2b 490727750714               /scratch/gpfs/LICENSED/x86_64/cadence-20210126/jasper_2021.03/Linux64/lib/libJasperProofStructure.so
148742842000-148742845000 rw-p 000e7000 00:2b 490727750714               /scratch/gpfs/LICENSED/x86_64/cadence-20210126/jasper_2021.03/Linux64/lib/libJasperProofStructure.so
148742845000-148742847000 rw-p 00000000 00:00 0 
148742847000-1487428e3000 r-xp 00000000 00:2b 490726701350               /scratch/gpfs/LICENSED/x86_64/cadence-20210126/jasper_2021.03/Linux64/lib/libJasperOckham.so
1487428e3000-1487428e8000 r--p 0009b000 00:2b 490726701350               /scratch/gpfs/LICENSED/x86_64/cadence-20210126/jasper_2021.03/Linux64/lib/libJasperOckham.so
1487428e8000-1487428ea000 rw-p 000a0000 00:2b 490726701350               /scratch/gpfs/LICENSED/x86_64/cadence-20210126/jasper_2021.03/Linux64/lib/libJasperOckham.so
1487428ea000-1487428eb000 rw-p 00000000 00:00 0 
1487428eb000-1487428f4000 r-xp 00000000 00:2b 490726701326               /scratch/gpfs/LICENSED/x86_64/cadence-20210126/jasper_2021.03/Linux64/lib/libJasperMsgHelp.so
1487428f4000-1487428f5000 ---p 00009000 00:2b 490726701326               /scratch/gpfs/LICENSED/x86_64/cadence-20210126/jasper_2021.03/Linux64/lib/libJasperMsgHelp.so
1487428f5000-1487428f6000 r--p 00009000 00:2b 490726701326               /scratch/gpfs/LICENSED/x86_64/cadence-20210126/jasper_2021.03/Linux64/lib/libJasperMsgHelp.so
1487428f6000-1487428f7000 rw-p 0000a000 00:2b 490726701326               /scratch/gpfs/LICENSED/x86_64/cadence-20210126/jasper_2021.03/Linux64/lib/libJasperMsgHelp.so
1487428f7000-148742943000 r-xp 00000000 00:2b 490728241026               /scratch/gpfs/LICENSED/x86_64/cadence-20210126/jasper_2021.03/Linux64/lib/libJasperCaseSplit.so
148742943000-148742944000 ---p 0004c000 00:2b 490728241026               /scratch/gpfs/LICENSED/x86_64/cadence-20210126/jasper_2021.03/Linux64/lib/libJasperCaseSplit.so
148742944000-148742947000 r--p 0004c000 00:2b 490728241026               /scratch/gpfs/LICENSED/x86_64/cadence-20210126/jasper_2021.03/Linux64/lib/libJasperCaseSplit.so
148742947000-14874294a000 rw-p 0004f000 00:2b 490728241026               /scratch/gpfs/LICENSED/x86_64/cadence-20210126/jasper_2021.03/Linux64/lib/libJasperCaseSplit.so
14874294a000-14874294b000 rw-p 00000000 00:00 0 
14874294b000-1487429c0000 r-xp 00000000 00:2b 490728341258               /scratch/gpfs/LICENSED/x86_64/cadence-20210126/jasper_2021.03/Linux64/lib/libJasperMemory.so
1487429c0000-1487429c1000 ---p 00075000 00:2b 490728341258               /scratch/gpfs/LICENSED/x86_64/cadence-20210126/jasper_2021.03/Linux64/lib/libJasperMemory.so
1487429c1000-1487429c4000 r--p 00075000 00:2b 490728341258               /scratch/gpfs/LICENSED/x86_64/cadence-20210126/jasper_2021.03/Linux64/lib/libJasperMemory.so
1487429c4000-1487429c6000 rw-p 00078000 00:2b 490728341258               /scratch/gpfs/LICENSED/x86_64/cadence-20210126/jasper_2021.03/Linux64/lib/libJasperMemory.so
1487429c6000-148742cf9000 r-xp 00000000 00:2b 490727816699               /scratch/gpfs/LICENSED/x86_64/cadence-20210126/jasper_2021.03/Linux64/lib/libJasperLPV.so
148742cf9000-148742cfa000 ---p 00333000 00:2b 490727816699               /scratch/gpfs/LICENSED/x86_64/cadence-20210126/jasper_2021.03/Linux64/lib/libJasperLPV.so
148742cfa000-148742d12000 r--p 00333000 00:2b 490727816699               /scratch/gpfs/LICENSED/x86_64/cadence-20210126/jasper_2021.03/Linux64/lib/libJasperLPV.so
148742d12000-148742d18000 rw-p 0034b000 00:2b 490727816699               /scratch/gpfs/LICENSED/x86_64/cadence-20210126/jasper_2021.03/Linux64/lib/libJasperLPV.so
148742d18000-148742d1d000 rw-p 00000000 00:00 0 
148742d1d000-148742e53000 r-xp 00000000 00:2b 490727816654               /scratch/gpfs/LICENSED/x86_64/cadence-20210126/jasper_2021.03/Linux64/lib/libJasperIPXACT.so
148742e53000-148742e54000 ---p 00136000 00:2b 490727816654               /scratch/gpfs/LICENSED/x86_64/cadence-20210126/jasper_2021.03/Linux64/lib/libJasperIPXACT.so
148742e54000-148742e57000 r--p 00136000 00:2b 490727816654               /scratch/gpfs/LICENSED/x86_64/cadence-20210126/jasper_2021.03/Linux64/lib/libJasperIPXACT.so
148742e57000-148742e5a000 rw-p 00139000 00:2b 490727816654               /scratch/gpfs/LICENSED/x86_64/cadence-20210126/jasper_2021.03/Linux64/lib/libJasperIPXACT.so
148742e5a000-148742e63000 rw-p 00000000 00:00 0 
148742e63000-148742ead000 r-xp 00000000 00:2b 490727816648               /scratch/gpfs/LICENSED/x86_64/cadence-20210126/jasper_2021.03/Linux64/lib/libJasperIPK.so
148742ead000-148742eae000 ---p 0004a000 00:2b 490727816648               /scratch/gpfs/LICENSED/x86_64/cadence-20210126/jasper_2021.03/Linux64/lib/libJasperIPK.so
148742eae000-148742eb0000 r--p 0004a000 00:2b 490727816648               /scratch/gpfs/LICENSED/x86_64/cadence-20210126/jasper_2021.03/Linux64/lib/libJasperIPK.so
148742eb0000-148742eb2000 rw-p 0004c000 00:2b 490727816648               /scratch/gpfs/LICENSED/x86_64/cadence-20210126/jasper_2021.03/Linux64/lib/libJasperIPK.so
148742eb2000-148742eba000 r-xp 00000000 00:2b 490727816665               /scratch/gpfs/LICENSED/x86_64/cadence-20210126/jasper_2021.03/Linux64/lib/libJasperISUtil.so
148742eba000-148742ebb000 ---p 00008000 00:2b 490727816665               /scratch/gpfs/LICENSED/x86_64/cadence-20210126/jasper_2021.03/Linux64/lib/libJasperISUtil.so
148742ebb000-148742ebc000 r--p 00008000 00:2b 490727816665               /scratch/gpfs/LICENSED/x86_64/cadence-20210126/jasper_2021.03/Linux64/lib/libJasperISUtil.so
148742ebc000-148742ebd000 rw-p 00009000 00:2b 490727816665               /scratch/gpfs/LICENSED/x86_64/cadence-20210126/jasper_2021.03/Linux64/lib/libJasperISUtil.so
148742ebd000-148742ec4000 r-xp 00000000 00:2b 490727816662               /scratch/gpfs/LICENSED/x86_64/cadence-20210126/jasper_2021.03/Linux64/lib/libJasperISMLInterface.so
148742ec4000-148742ec5000 r--p 00006000 00:2b 490727816662               /scratch/gpfs/LICENSED/x86_64/cadence-20210126/jasper_2021.03/Linux64/lib/libJasperISMLInterface.so
148742ec5000-148742ec6000 rw-p 00007000 00:2b 490727816662               /scratch/gpfs/LICENSED/x86_64/cadence-20210126/jasper_2021.03/Linux64/lib/libJasperISMLInterface.so
148742ec6000-148742ee0000 r-xp 00000000 00:2b 490727816672               /scratch/gpfs/LICENSED/x86_64/cadence-20210126/jasper_2021.03/Linux64/lib/libJasperInfoQueryAPI.so
148742ee0000-148742ee1000 ---p 0001a000 00:2b 490727816672               /scratch/gpfs/LICENSED/x86_64/cadence-20210126/jasper_2021.03/Linux64/lib/libJasperInfoQueryAPI.so
148742ee1000-148742ee2000 r--p 0001a000 00:2b 490727816672               /scratch/gpfs/LICENSED/x86_64/cadence-20210126/jasper_2021.03/Linux64/lib/libJasperInfoQueryAPI.so
148742ee2000-148742ee3000 rw-p 0001b000 00:2b 490727816672               /scratch/gpfs/LICENSED/x86_64/cadence-20210126/jasper_2021.03/Linux64/lib/libJasperInfoQueryAPI.so
148742ee3000-148742ee5000 rw-p 00000000 00:00 0 
148742ee5000-148742f3d000 r-xp 00000000 00:2b 490727750713               /scratch/gpfs/LICENSED/x86_64/cadence-20210126/jasper_2021.03/Linux64/lib/libJasperProofMaster.so
148742f3d000-148742f3f000 r--p 00057000 00:2b 490727750713               /scratch/gpfs/LICENSED/x86_64/cadence-20210126/jasper_2021.03/Linux64/lib/libJasperProofMaster.so
148742f3f000-148742f41000 rw-p 00059000 00:2b 490727750713               /scratch/gpfs/LICENSED/x86_64/cadence-20210126/jasper_2021.03/Linux64/lib/libJasperProofMaster.so
148742f41000-148742f59000 r-xp 00000000 00:2b 490727750712               /scratch/gpfs/LICENSED/x86_64/cadence-20210126/jasper_2021.03/Linux64/lib/libJasperProofLemma.so
148742f59000-148742f5a000 ---p 00018000 00:2b 490727750712               /scratch/gpfs/LICENSED/x86_64/cadence-20210126/jasper_2021.03/Linux64/lib/libJasperProofLemma.so
148742f5a000-148742f5c000 r--p 00018000 00:2b 490727750712               /scratch/gpfs/LICENSED/x86_64/cadence-20210126/jasper_2021.03/Linux64/lib/libJasperProofLemma.so
148742f5c000-148742f5d000 rw-p 0001a000 00:2b 490727750712               /scratch/gpfs/LICENSED/x86_64/cadence-20210126/jasper_2021.03/Linux64/lib/libJasperProofLemma.so
148742f5d000-148742f5e000 rw-p 00000000 00:00 0 
148742f5e000-14874333b000 r-xp 00000000 00:2b 490727750709               /scratch/gpfs/LICENSED/x86_64/cadence-20210126/jasper_2021.03/Linux64/lib/libJasperProofFlow.so
14874333b000-14874333c000 ---p 003dd000 00:2b 490727750709               /scratch/gpfs/LICENSED/x86_64/cadence-20210126/jasper_2021.03/Linux64/lib/libJasperProofFlow.so
14874333c000-148743352000 r--p 003dd000 00:2b 490727750709               /scratch/gpfs/LICENSED/x86_64/cadence-20210126/jasper_2021.03/Linux64/lib/libJasperProofFlow.so
148743352000-14874335b000 rw-p 003f3000 00:2b 490727750709               /scratch/gpfs/LICENSED/x86_64/cadence-20210126/jasper_2021.03/Linux64/lib/libJasperProofFlow.so
14874335b000-14874335c000 rw-p 00000000 00:00 0 
14874335c000-1487434eb000 r-xp 00000000 00:2b 490727750707               /scratch/gpfs/LICENSED/x86_64/cadence-20210126/jasper_2021.03/Linux64/lib/libJasperProofControl.so
1487434eb000-1487434f0000 r--p 0018e000 00:2b 490727750707               /scratch/gpfs/LICENSED/x86_64/cadence-20210126/jasper_2021.03/Linux64/lib/libJasperProofControl.so
1487434f0000-1487434f4000 rw-p 00193000 00:2b 490727750707               /scratch/gpfs/LICENSED/x86_64/cadence-20210126/jasper_2021.03/Linux64/lib/libJasperProofControl.so
1487434f4000-1487434f5000 rw-p 00000000 00:00 0 
1487434f5000-14874351b000 r-xp 00000000 00:2b 490728341256               /scratch/gpfs/LICENSED/x86_64/cadence-20210126/jasper_2021.03/Linux64/lib/libJasperMachineLearning.so
14874351b000-14874351c000 r--p 00025000 00:2b 490728341256               /scratch/gpfs/LICENSED/x86_64/cadence-20210126/jasper_2021.03/Linux64/lib/libJasperMachineLearning.so
14874351c000-14874351d000 rw-p 00026000 00:2b 490728341256               /scratch/gpfs/LICENSED/x86_64/cadence-20210126/jasper_2021.03/Linux64/lib/libJasperMachineLearning.so
14874351d000-14874351f000 rw-p 00000000 00:00 0 
14874351f000-1487436b8000 r-xp 00000000 00:2b 490727816616               /scratch/gpfs/LICENSED/x86_64/cadence-20210126/jasper_2021.03/Linux64/lib/libJasperHunt.so
1487436b8000-1487436b9000 ---p 00199000 00:2b 490727816616               /scratch/gpfs/LICENSED/x86_64/cadence-20210126/jasper_2021.03/Linux64/lib/libJasperHunt.so
1487436b9000-1487436c0000 r--p 00199000 00:2b 490727816616               /scratch/gpfs/LICENSED/x86_64/cadence-20210126/jasper_2021.03/Linux64/lib/libJasperHunt.so
1487436c0000-1487436c4000 rw-p 001a0000 00:2b 490727816616               /scratch/gpfs/LICENSED/x86_64/cadence-20210126/jasper_2021.03/Linux64/lib/libJasperHunt.so
1487436c4000-1487436c6000 rw-p 00000000 00:00 0 
1487436c6000-1487436d4000 r-xp 00000000 00:2b 490727816583               /scratch/gpfs/LICENSED/x86_64/cadence-20210126/jasper_2021.03/Linux64/lib/libJasperHashTarget.so
1487436d4000-1487436d5000 ---p 0000e000 00:2b 490727816583               /scratch/gpfs/LICENSED/x86_64/cadence-20210126/jasper_2021.03/Linux64/lib/libJasperHashTarget.so
1487436d5000-1487436d6000 r--p 0000e000 00:2b 490727816583               /scratch/gpfs/LICENSED/x86_64/cadence-20210126/jasper_2021.03/Linux64/lib/libJasperHashTarget.so
1487436d6000-1487436d7000 rw-p 0000f000 00:2b 490727816583               /scratch/gpfs/LICENSED/x86_64/cadence-20210126/jasper_2021.03/Linux64/lib/libJasperHashTarget.so
1487436d7000-1487436f5000 r-xp 00000000 00:2b 490727291914               /scratch/gpfs/LICENSED/x86_64/cadence-20210126/jasper_2021.03/Linux64/lib/libJasperFpvOrchestration.so
1487436f5000-1487436f6000 ---p 0001e000 00:2b 490727291914               /scratch/gpfs/LICENSED/x86_64/cadence-20210126/jasper_2021.03/Linux64/lib/libJasperFpvOrchestration.so
1487436f6000-1487436f7000 r--p 0001e000 00:2b 490727291914               /scratch/gpfs/LICENSED/x86_64/cadence-20210126/jasper_2021.03/Linux64/lib/libJasperFpvOrchestration.so
1487436f7000-1487436f8000 rw-p 0001f000 00:2b 490727291914               /scratch/gpfs/LICENSED/x86_64/cadence-20210126/jasper_2021.03/Linux64/lib/libJasperFpvOrchestration.so
1487436f8000-148745505000 r-xp 00000000 00:2b 490727407045               /scratch/gpfs/LICENSED/x86_64/cadence-20210126/jasper_2021.03/Linux64/lib/libjaspergui.so
148745505000-148745506000 ---p 01e0d000 00:2b 490727407045               /scratch/gpfs/LICENSED/x86_64/cadence-20210126/jasper_2021.03/Linux64/lib/libjaspergui.so
148745506000-1487455d6000 r--p 01e0d000 00:2b 490727407045               /scratch/gpfs/LICENSED/x86_64/cadence-20210126/jasper_2021.03/Linux64/lib/libjaspergui.so
1487455d6000-148745619000 rw-p 01edd000 00:2b 490727407045               /scratch/gpfs/LICENSED/x86_64/cadence-20210126/jasper_2021.03/Linux64/lib/libjaspergui.so
148745619000-14874563d000 rw-p 00000000 00:00 0 
14874563d000-1487456da000 r-xp 00000000 00:2b 490727292004               /scratch/gpfs/LICENSED/x86_64/cadence-20210126/jasper_2021.03/Linux64/lib/libJasperGraph.so
1487456da000-1487456de000 r--p 0009c000 00:2b 490727292004               /scratch/gpfs/LICENSED/x86_64/cadence-20210126/jasper_2021.03/Linux64/lib/libJasperGraph.so
1487456de000-1487456e1000 rw-p 000a0000 00:2b 490727292004               /scratch/gpfs/LICENSED/x86_64/cadence-20210126/jasper_2021.03/Linux64/lib/libJasperGraph.so
1487456e1000-1487456e3000 rw-p 00000000 00:00 0 
1487456e3000-148745bfa000 r-xp 00000000 00:2b 490727291938               /scratch/gpfs/LICENSED/x86_64/cadence-20210126/jasper_2021.03/Linux64/lib/libJasperFsv.so
148745bfa000-148745bfb000 ---p 00517000 00:2b 490727291938               /scratch/gpfs/LICENSED/x86_64/cadence-20210126/jasper_2021.03/Linux64/lib/libJasperFsv.so
148745bfb000-148745c1f000 r--p 00517000 00:2b 490727291938               /scratch/gpfs/LICENSED/x86_64/cadence-20210126/jasper_2021.03/Linux64/lib/libJasperFsv.so
148745c1f000-148745c2a000 rw-p 0053b000 00:2b 490727291938               /scratch/gpfs/LICENSED/x86_64/cadence-20210126/jasper_2021.03/Linux64/lib/libJasperFsv.so
148745c2a000-148745c94000 rw-p 00000000 00:00 0 
148745c94000-148745dde000 r-xp 00000000 00:2b 490728241137               /scratch/gpfs/LICENSED/x86_64/cadence-20210126/jasper_2021.03/Linux64/lib/libJasperDFV.so
148745dde000-148745de2000 r--p 00149000 00:2b 490728241137               /scratch/gpfs/LICENSED/x86_64/cadence-20210126/jasper_2021.03/Linux64/lib/libJasperDFV.so
148745de2000-148745de6000 rw-p 0014d000 00:2b 490728241137               /scratch/gpfs/LICENSED/x86_64/cadence-20210126/jasper_2021.03/Linux64/lib/libJasperDFV.so
148745de6000-148745de7000 r-xp 00000000 00:2b 490728241139               /scratch/gpfs/LICENSED/x86_64/cadence-20210126/jasper_2021.03/Linux64/lib/libJasperDataComm.so
148745de7000-148745de8000 r--p 00000000 00:2b 490728241139               /scratch/gpfs/LICENSED/x86_64/cadence-20210126/jasper_2021.03/Linux64/lib/libJasperDataComm.so
148745de8000-148745de9000 rw-p 00001000 00:2b 490728241139               /scratch/gpfs/LICENSED/x86_64/cadence-20210126/jasper_2021.03/Linux64/lib/libJasperDataComm.so
148745de9000-148745dfc000 r-xp 00000000 00:2b 490726767270               /scratch/gpfs/LICENSED/x86_64/cadence-20210126/jasper_2021.03/Linux64/lib/libJasperExpertSystemAPI.so
148745dfc000-148745dfd000 ---p 00013000 00:2b 490726767270               /scratch/gpfs/LICENSED/x86_64/cadence-20210126/jasper_2021.03/Linux64/lib/libJasperExpertSystemAPI.so
148745dfd000-148745dfe000 r--p 00013000 00:2b 490726767270               /scratch/gpfs/LICENSED/x86_64/cadence-20210126/jasper_2021.03/Linux64/lib/libJasperExpertSystemAPI.so
148745dfe000-148745dff000 rw-p 00014000 00:2b 490726767270               /scratch/gpfs/LICENSED/x86_64/cadence-20210126/jasper_2021.03/Linux64/lib/libJasperExpertSystemAPI.so
148745dff000-148745ea9000 r-xp 00000000 00:2b 490728241140               /scratch/gpfs/LICENSED/x86_64/cadence-20210126/jasper_2021.03/Linux64/lib/libJasperDebugHandoffFlow.so
148745ea9000-148745eae000 r--p 000aa000 00:2b 490728241140               /scratch/gpfs/LICENSED/x86_64/cadence-20210126/jasper_2021.03/Linux64/lib/libJasperDebugHandoffFlow.so
148745eae000-148745eb1000 rw-p 000af000 00:2b 490728241140               /scratch/gpfs/LICENSED/x86_64/cadence-20210126/jasper_2021.03/Linux64/lib/libJasperDebugHandoffFlow.so
148745eb1000-148745eb2000 rw-p 00000000 00:00 0 
148745eb2000-148745f0e000 r-xp 00000000 00:2b 490728241120               /scratch/gpfs/LICENSED/x86_64/cadence-20210126/jasper_2021.03/Linux64/lib/libJasperConsoleSocketServer.so
148745f0e000-148745f0f000 ---p 0005c000 00:2b 490728241120               /scratch/gpfs/LICENSED/x86_64/cadence-20210126/jasper_2021.03/Linux64/lib/libJasperConsoleSocketServer.so
148745f0f000-148745f11000 r--p 0005c000 00:2b 490728241120               /scratch/gpfs/LICENSED/x86_64/cadence-20210126/jasper_2021.03/Linux64/lib/libJasperConsoleSocketServer.so
148745f11000-148745f13000 rw-p 0005e000 00:2b 490728241120               /scratch/gpfs/LICENSED/x86_64/cadence-20210126/jasper_2021.03/Linux64/lib/libJasperConsoleSocketServer.so
148745f13000-148745f40000 r-xp 00000000 00:2b 490728241136               /scratch/gpfs/LICENSED/x86_64/cadence-20210126/jasper_2021.03/Linux64/lib/libJasperCustomEngines.so
148745f40000-148745f41000 ---p 0002d000 00:2b 490728241136               /scratch/gpfs/LICENSED/x86_64/cadence-20210126/jasper_2021.03/Linux64/lib/libJasperCustomEngines.so
148745f41000-148745f42000 r--p 0002d000 00:2b 490728241136               /scratch/gpfs/LICENSED/x86_64/cadence-20210126/jasper_2021.03/Linux64/lib/libJasperCustomEngines.so
148745f42000-148745f43000 rw-p 0002e000 00:2b 490728241136               /scratch/gpfs/LICENSED/x86_64/cadence-20210126/jasper_2021.03/Linux64/lib/libJasperCustomEngines.so
148745f43000-14874680a000 r-xp 00000000 00:2b 490728241128               /scratch/gpfs/LICENSED/x86_64/cadence-20210126/jasper_2021.03/Linux64/lib/libJasperCoverage.so
14874680a000-14874680b000 ---p 008c7000 00:2b 490728241128               /scratch/gpfs/LICENSED/x86_64/cadence-20210126/jasper_2021.03/Linux64/lib/libJasperCoverage.so
14874680b000-148746831000 r--p 008c7000 00:2b 490728241128               /scratch/gpfs/LICENSED/x86_64/cadence-20210126/jasper_2021.03/Linux64/lib/libJasperCoverage.so
148746831000-148746840000 rw-p 008ed000 00:2b 490728241128               /scratch/gpfs/LICENSED/x86_64/cadence-20210126/jasper_2021.03/Linux64/lib/libJasperCoverage.so
148746840000-148746899000 rw-p 00000000 00:00 0 
148746899000-1487468d5000 r-xp 00000000 00:2b 490728241124               /scratch/gpfs/LICENSED/x86_64/cadence-20210126/jasper_2021.03/Linux64/lib/libJasperCoverGen.so
1487468d5000-1487468d6000 ---p 0003c000 00:2b 490728241124               /scratch/gpfs/LICENSED/x86_64/cadence-20210126/jasper_2021.03/Linux64/lib/libJasperCoverGen.so
1487468d6000-1487468d8000 r--p 0003c000 00:2b 490728241124               /scratch/gpfs/LICENSED/x86_64/cadence-20210126/jasper_2021.03/Linux64/lib/libJasperCoverGen.so
1487468d8000-1487468da000 rw-p 0003e000 00:2b 490728241124               /scratch/gpfs/LICENSED/x86_64/cadence-20210126/jasper_2021.03/Linux64/lib/libJasperCoverGen.so
1487468da000-148746bee000 r-xp 00000000 00:2b 490728241116               /scratch/gpfs/LICENSED/x86_64/cadence-20210126/jasper_2021.03/Linux64/lib/libJasperConnectivity.so
148746bee000-148746bfb000 r--p 00313000 00:2b 490728241116               /scratch/gpfs/LICENSED/x86_64/cadence-20210126/jasper_2021.03/Linux64/lib/libJasperConnectivity.so
148746bfb000-148746c02000 rw-p 00320000 00:2b 490728241116               /scratch/gpfs/LICENSED/x86_64/cadence-20210126/jasper_2021.03/Linux64/lib/libJasperConnectivity.so
148746c02000-148746c03000 rw-p 00000000 00:00 0 
148746c03000-148746ecc000 r-xp 00000000 00:2b 490728241125               /scratch/gpfs/LICENSED/x86_64/cadence-20210126/jasper_2021.03/Linux64/lib/libJasperCoverGroupSynth.so
148746ecc000-148746ed9000 r--p 002c8000 00:2b 490728241125               /scratch/gpfs/LICENSED/x86_64/cadence-20210126/jasper_2021.03/Linux64/lib/libJasperCoverGroupSynth.so
148746ed9000-148746ee0000 rw-p 002d5000 00:2b 490728241125               /scratch/gpfs/LICENSED/x86_64/cadence-20210126/jasper_2021.03/Linux64/lib/libJasperCoverGroupSynth.so
148746ee0000-148746ee2000 rw-p 00000000 00:00 0 
148746ee2000-1487470e1000 r-xp 00000000 00:2b 490728241111               /scratch/gpfs/LICENSED/x86_64/cadence-20210126/jasper_2021.03/Linux64/lib/libJasperComplexityManager.so
1487470e1000-1487470e2000 ---p 001ff000 00:2b 490728241111               /scratch/gpfs/LICENSED/x86_64/cadence-20210126/jasper_2021.03/Linux64/lib/libJasperComplexityManager.so
1487470e2000-1487470ef000 r--p 001ff000 00:2b 490728241111               /scratch/gpfs/LICENSED/x86_64/cadence-20210126/jasper_2021.03/Linux64/lib/libJasperComplexityManager.so
1487470ef000-1487470f5000 rw-p 0020c000 00:2b 490728241111               /scratch/gpfs/LICENSED/x86_64/cadence-20210126/jasper_2021.03/Linux64/lib/libJasperComplexityManager.so
1487470f5000-1487470f6000 rw-p 00000000 00:00 0 
1487470f6000-14874726b000 r-xp 00000000 00:2b 490728241075               /scratch/gpfs/LICENSED/x86_64/cadence-20210126/jasper_2021.03/Linux64/lib/libJasperComboLoop.so
14874726b000-14874726c000 ---p 00175000 00:2b 490728241075               /scratch/gpfs/LICENSED/x86_64/cadence-20210126/jasper_2021.03/Linux64/lib/libJasperComboLoop.so
14874726c000-148747279000 r--p 00175000 00:2b 490728241075               /scratch/gpfs/LICENSED/x86_64/cadence-20210126/jasper_2021.03/Linux64/lib/libJasperComboLoop.so
148747279000-14874727e000 rw-p 00182000 00:2b 490728241075               /scratch/gpfs/LICENSED/x86_64/cadence-20210126/jasper_2021.03/Linux64/lib/libJasperComboLoop.so
14874727e000-14874741d000 r-xp 00000000 00:2b 490728241063               /scratch/gpfs/LICENSED/x86_64/cadence-20210126/jasper_2021.03/Linux64/lib/libJasperClockInfo.so
14874741d000-148747427000 r--p 0019e000 00:2b 490728241063               /scratch/gpfs/LICENSED/x86_64/cadence-20210126/jasper_2021.03/Linux64/lib/libJasperClockInfo.so
148747427000-14874742c000 rw-p 001a8000 00:2b 490728241063               /scratch/gpfs/LICENSED/x86_64/cadence-20210126/jasper_2021.03/Linux64/lib/libJasperClockInfo.so
14874742c000-148747572000 r-xp 00000000 00:2b 490727716429               /scratch/gpfs/LICENSED/x86_64/cadence-20210126/jasper_2021.03/Linux64/lib/libJasperCSR.so
148747572000-148747577000 r--p 00145000 00:2b 490727716429               /scratch/gpfs/LICENSED/x86_64/cadence-20210126/jasper_2021.03/Linux64/lib/libJasperCSR.so
148747577000-14874757b000 rw-p 0014a000 00:2b 490727716429               /scratch/gpfs/LICENSED/x86_64/cadence-20210126/jasper_2021.03/Linux64/lib/libJasperCSR.so
14874757b000-14874878a000 r-xp 00000000 00:2b 490727191800               /scratch/gpfs/LICENSED/x86_64/cadence-20210126/jasper_2021.03/Linux64/lib/libJasperCDC.so
14874878a000-1487487e5000 r--p 0120e000 00:2b 490727191800               /scratch/gpfs/LICENSED/x86_64/cadence-20210126/jasper_2021.03/Linux64/lib/libJasperCDC.so
1487487e5000-148748803000 rw-p 01269000 00:2b 490727191800               /scratch/gpfs/LICENSED/x86_64/cadence-20210126/jasper_2021.03/Linux64/lib/libJasperCDC.so
148748803000-14874884b000 rw-p 00000000 00:00 0 
14874884b000-14874899f000 r-xp 00000000 00:2b 490728241025               /scratch/gpfs/LICENSED/x86_64/cadence-20210126/jasper_2021.03/Linux64/lib/libJasperCaptureTestcase.so
14874899f000-1487489a0000 ---p 00154000 00:2b 490728241025               /scratch/gpfs/LICENSED/x86_64/cadence-20210126/jasper_2021.03/Linux64/lib/libJasperCaptureTestcase.so
1487489a0000-1487489a7000 r--p 00154000 00:2b 490728241025               /scratch/gpfs/LICENSED/x86_64/cadence-20210126/jasper_2021.03/Linux64/lib/libJasperCaptureTestcase.so
1487489a7000-1487489ab000 rw-p 0015b000 00:2b 490728241025               /scratch/gpfs/LICENSED/x86_64/cadence-20210126/jasper_2021.03/Linux64/lib/libJasperCaptureTestcase.so
1487489ab000-1487489ad000 rw-p 00000000 00:00 0 
1487489ad000-148748cfb000 r-xp 00000000 00:2b 490727191794               /scratch/gpfs/LICENSED/x86_64/cadence-20210126/jasper_2021.03/Linux64/lib/libJasperC2Rtl.so
148748cfb000-148748d11000 r--p 0034d000 00:2b 490727191794               /scratch/gpfs/LICENSED/x86_64/cadence-20210126/jasper_2021.03/Linux64/lib/libJasperC2Rtl.so
148748d11000-148748d1b000 rw-p 00363000 00:2b 490727191794               /scratch/gpfs/LICENSED/x86_64/cadence-20210126/jasper_2021.03/Linux64/lib/libJasperC2Rtl.so
148748d1b000-148748d1f000 rw-p 00000000 00:00 0 
148748d1f000-148748f47000 r-xp 00000000 00:2b 490727191782               /scratch/gpfs/LICENSED/x86_64/cadence-20210126/jasper_2021.03/Linux64/lib/libJasperAutoProve.so
148748f47000-148748f48000 ---p 00228000 00:2b 490727191782               /scratch/gpfs/LICENSED/x86_64/cadence-20210126/jasper_2021.03/Linux64/lib/libJasperAutoProve.so
148748f48000-148748f57000 r--p 00228000 00:2b 490727191782               /scratch/gpfs/LICENSED/x86_64/cadence-20210126/jasper_2021.03/Linux64/lib/libJasperAutoProve.so
148748f57000-148748f5d000 rw-p 00237000 00:2b 490727191782               /scratch/gpfs/LICENSED/x86_64/cadence-20210126/jasper_2021.03/Linux64/lib/libJasperAutoProve.so
148748f5d000-148748f5e000 rw-p 00000000 00:00 0 
148748f5e000-14874956e000 r-xp 00000000 00:2b 490727897058               /scratch/gpfs/LICENSED/x86_64/cadence-20210126/jasper_2021.03/Linux64/lib/libJasperAp.so
14874956e000-14874957d000 r--p 0060f000 00:2b 490727897058               /scratch/gpfs/LICENSED/x86_64/cadence-20210126/jasper_2021.03/Linux64/lib/libJasperAp.so
14874957d000-148749584000 rw-p 0061e000 00:2b 490727897058               /scratch/gpfs/LICENSED/x86_64/cadence-20210126/jasper_2021.03/Linux64/lib/libJasperAp.so
148749584000-1487495ee000 rw-p 00000000 00:00 0 
1487495ee000-148749f1d000 r-xp 00000000 00:2b 490726847618               /scratch/gpfs/LICENSED/x86_64/cadence-20210126/jasper_2021.03/Linux64/lib/libJasperAfl.so
148749f1d000-148749f1e000 ---p 0092f000 00:2b 490726847618               /scratch/gpfs/LICENSED/x86_64/cadence-20210126/jasper_2021.03/Linux64/lib/libJasperAfl.so
148749f1e000-148749f54000 r--p 0092f000 00:2b 490726847618               /scratch/gpfs/LICENSED/x86_64/cadence-20210126/jasper_2021.03/Linux64/lib/libJasperAfl.so
148749f54000-148749f63000 rw-p 00965000 00:2b 490726847618               /scratch/gpfs/LICENSED/x86_64/cadence-20210126/jasper_2021.03/Linux64/lib/libJasperAfl.so
148749f63000-148749fee000 rw-p 00000000 00:00 0 
148749fee000-14874a069000 r-xp 00000000 00:2b 490727191779               /scratch/gpfs/LICENSED/x86_64/cadence-20210126/jasper_2021.03/Linux64/lib/libJasperAtg.so
14874a069000-14874a06a000 ---p 0007b000 00:2b 490727191779               /scratch/gpfs/LICENSED/x86_64/cadence-20210126/jasper_2021.03/Linux64/lib/libJasperAtg.so
14874a06a000-14874a06e000 r--p 0007b000 00:2b 490727191779               /scratch/gpfs/LICENSED/x86_64/cadence-20210126/jasper_2021.03/Linux64/lib/libJasperAtg.so
14874a06e000-14874a070000 rw-p 0007f000 00:2b 490727191779               /scratch/gpfs/LICENSED/x86_64/cadence-20210126/jasper_2021.03/Linux64/lib/libJasperAtg.so
14874a070000-14874a071000 rw-p 00000000 00:00 0 
14874a071000-14874b6c5000 r-xp 00000000 00:2b 490726847671               /scratch/gpfs/LICENSED/x86_64/cadence-20210126/jasper_2021.03/Linux64/lib/libJasperAg.so
14874b6c5000-14874b71c000 r--p 01653000 00:2b 490726847671               /scratch/gpfs/LICENSED/x86_64/cadence-20210126/jasper_2021.03/Linux64/lib/libJasperAg.so
14874b71c000-14874b7ce000 rw-p 016aa000 00:2b 490726847671               /scratch/gpfs/LICENSED/x86_64/cadence-20210126/jasper_2021.03/Linux64/lib/libJasperAg.so
14874b7ce000-14874c200000 rw-p 00000000 00:00 0 
14874c200000-14874c228000 r--p 00000000 fd:00 134351620                  /usr/lib64/libc.so.6
14874c228000-14874c39c000 r-xp 00028000 fd:00 134351620                  /usr/lib64/libc.so.6
14874c39c000-14874c3f4000 r--p 0019c000 fd:00 134351620                  /usr/lib64/libc.so.6
14874c3f4000-14874c3f8000 r--p 001f4000 fd:00 134351620                  /usr/lib64/libc.so.6
14874c3f8000-14874c3fa000 rw-p 001f8000 fd:00 134351620                  /usr/lib64/libc.so.6
14874c3fa000-14874c407000 rw-p 00000000 00:00 0 
14874c407000-14874c408000 r--p 00000000 00:00 0 
14874c408000-14874c417000 r-xp 00000000 00:2b 490727291997               /scratch/gpfs/LICENSED/x86_64/cadence-20210126/jasper_2021.03/Linux64/lib/libJasperGameplan.so
14874c417000-14874c418000 ---p 0000f000 00:2b 490727291997               /scratch/gpfs/LICENSED/x86_64/cadence-20210126/jasper_2021.03/Linux64/lib/libJasperGameplan.so
14874c418000-14874c419000 r--p 0000f000 00:2b 490727291997               /scratch/gpfs/LICENSED/x86_64/cadence-20210126/jasper_2021.03/Linux64/lib/libJasperGameplan.so
14874c419000-14874c41a000 rw-p 00010000 00:2b 490727291997               /scratch/gpfs/LICENSED/x86_64/cadence-20210126/jasper_2021.03/Linux64/lib/libJasperGameplan.so
14874c41a000-14874c41c000 rw-p 00000000 00:00 0 
14874c41c000-14874c423000 r-xp 00000000 00:2b 490728241145               /scratch/gpfs/LICENSED/x86_64/cadence-20210126/jasper_2021.03/Linux64/lib/libJasperEngineProfile.so
14874c423000-14874c424000 r--p 00006000 00:2b 490728241145               /scratch/gpfs/LICENSED/x86_64/cadence-20210126/jasper_2021.03/Linux64/lib/libJasperEngineProfile.so
14874c424000-14874c425000 rw-p 00007000 00:2b 490728241145               /scratch/gpfs/LICENSED/x86_64/cadence-20210126/jasper_2021.03/Linux64/lib/libJasperEngineProfile.so
14874c425000-14874c427000 rw-p 00000000 00:00 0 
14874c427000-14874c434000 r-xp 00000000 00:2b 490727750716               /scratch/gpfs/LICENSED/x86_64/cadence-20210126/jasper_2021.03/Linux64/lib/libJasperPropPartition.so
14874c434000-14874c435000 ---p 0000d000 00:2b 490727750716               /scratch/gpfs/LICENSED/x86_64/cadence-20210126/jasper_2021.03/Linux64/lib/libJasperPropPartition.so
14874c435000-14874c436000 r--p 0000d000 00:2b 490727750716               /scratch/gpfs/LICENSED/x86_64/cadence-20210126/jasper_2021.03/Linux64/lib/libJasperPropPartition.so
14874c436000-14874c437000 rw-p 0000e000 00:2b 490727750716               /scratch/gpfs/LICENSED/x86_64/cadence-20210126/jasper_2021.03/Linux64/lib/libJasperPropPartition.so
14874c437000-14874c43b000 rw-p 00000000 00:00 0 
14874c43b000-14874c445000 r-xp 00000000 00:2b 490727897053               /scratch/gpfs/LICENSED/x86_64/cadence-20210126/jasper_2021.03/Linux64/lib/libJasperAlgorithmSelection.so
14874c445000-14874c446000 ---p 0000a000 00:2b 490727897053               /scratch/gpfs/LICENSED/x86_64/cadence-20210126/jasper_2021.03/Linux64/lib/libJasperAlgorithmSelection.so
14874c446000-14874c447000 r--p 0000a000 00:2b 490727897053               /scratch/gpfs/LICENSED/x86_64/cadence-20210126/jasper_2021.03/Linux64/lib/libJasperAlgorithmSelection.so
14874c447000-14874c448000 rw-p 0000b000 00:2b 490727897053               /scratch/gpfs/LICENSED/x86_64/cadence-20210126/jasper_2021.03/Linux64/lib/libJasperAlgorithmSelection.so
14874c448000-14874c44a000 rw-p 00000000 00:00 0 
14874c44a000-14874c559000 r-xp 00000000 00:2b 490728067583               /scratch/gpfs/LICENSED/x86_64/cadence-20210126/jasper_2021.03/Linux64/lib/libJasper7.so
14874c559000-14874c55a000 ---p 0010f000 00:2b 490728067583               /scratch/gpfs/LICENSED/x86_64/cadence-20210126/jasper_2021.03/Linux64/lib/libJasper7.so
14874c55a000-14874c561000 r--p 0010f000 00:2b 490728067583               /scratch/gpfs/LICENSED/x86_64/cadence-20210126/jasper_2021.03/Linux64/lib/libJasper7.so
14874c561000-14874c564000 rw-p 00116000 00:2b 490728067583               /scratch/gpfs/LICENSED/x86_64/cadence-20210126/jasper_2021.03/Linux64/lib/libJasper7.so
14874c564000-14874c565000 rw-p 00000000 00:00 0 
14874c565000-14874c566000 r-xp 00000000 00:2b 490726882310               /scratch/gpfs/LICENSED/x86_64/cadence-20210126/jasper_2021.03/Linux64/lib/libenvcfg.so
14874c566000-14874c567000 r--p 00000000 00:2b 490726882310               /scratch/gpfs/LICENSED/x86_64/cadence-20210126/jasper_2021.03/Linux64/lib/libenvcfg.so
14874c567000-14874c568000 rw-p 00001000 00:2b 490726882310               /scratch/gpfs/LICENSED/x86_64/cadence-20210126/jasper_2021.03/Linux64/lib/libenvcfg.so
14874c568000-14874c58d000 r-xp 00000000 00:2b 490727816697               /scratch/gpfs/LICENSED/x86_64/cadence-20210126/jasper_2021.03/Linux64/lib/libJasperJNI.so
14874c58d000-14874c58e000 ---p 00025000 00:2b 490727816697               /scratch/gpfs/LICENSED/x86_64/cadence-20210126/jasper_2021.03/Linux64/lib/libJasperJNI.so
14874c58e000-14874c58f000 r--p 00025000 00:2b 490727816697               /scratch/gpfs/LICENSED/x86_64/cadence-20210126/jasper_2021.03/Linux64/lib/libJasperJNI.so
14874c58f000-14874c590000 rw-p 00026000 00:2b 490727816697               /scratch/gpfs/LICENSED/x86_64/cadence-20210126/jasper_2021.03/Linux64/lib/libJasperJNI.so
14874c590000-14874c592000 rw-p 00000000 00:00 0 
14874c592000-14874c59f000 r--p 00000000 fd:00 134351747                  /usr/lib64/libm.so.6
14874c59f000-14874c60f000 r-xp 0000d000 fd:00 134351747                  /usr/lib64/libm.so.6
14874c60f000-14874c66b000 r--p 0007d000 fd:00 134351747                  /usr/lib64/libm.so.6
14874c66b000-14874c66c000 r--p 000d8000 fd:00 134351747                  /usr/lib64/libm.so.6
14874c66c000-14874c66d000 rw-p 000d9000 fd:00 134351747                  /usr/lib64/libm.so.6
14874c66d000-14874c706000 r--p 00000000 00:2b 490728247190               /scratch/gpfs/LICENSED/x86_64/cadence-20210126/jasper_2021.03/Linux64/lib/libQt5XmlPatterns.so.5
14874c706000-14874c94b000 r-xp 00099000 00:2b 490728247190               /scratch/gpfs/LICENSED/x86_64/cadence-20210126/jasper_2021.03/Linux64/lib/libQt5XmlPatterns.so.5
14874c94b000-14874c9fe000 r--p 002de000 00:2b 490728247190               /scratch/gpfs/LICENSED/x86_64/cadence-20210126/jasper_2021.03/Linux64/lib/libQt5XmlPatterns.so.5
14874c9fe000-14874ca34000 r--p 00390000 00:2b 490728247190               /scratch/gpfs/LICENSED/x86_64/cadence-20210126/jasper_2021.03/Linux64/lib/libQt5XmlPatterns.so.5
14874ca34000-14874ca35000 rw-p 003c6000 00:2b 490728247190               /scratch/gpfs/LICENSED/x86_64/cadence-20210126/jasper_2021.03/Linux64/lib/libQt5XmlPatterns.so.5
14874ca35000-14874ca36000 rw-p 00000000 00:00 0 
14874ca36000-14874ca47000 r--p 00000000 00:2b 490728247186               /scratch/gpfs/LICENSED/x86_64/cadence-20210126/jasper_2021.03/Linux64/lib/libQt5Xml.so.5
14874ca47000-14874ca6e000 r-xp 00011000 00:2b 490728247186               /scratch/gpfs/LICENSED/x86_64/cadence-20210126/jasper_2021.03/Linux64/lib/libQt5Xml.so.5
14874ca6e000-14874ca7a000 r--p 00038000 00:2b 490728247186               /scratch/gpfs/LICENSED/x86_64/cadence-20210126/jasper_2021.03/Linux64/lib/libQt5Xml.so.5
14874ca7a000-14874ca7c000 r--p 00043000 00:2b 490728247186               /scratch/gpfs/LICENSED/x86_64/cadence-20210126/jasper_2021.03/Linux64/lib/libQt5Xml.so.5
14874ca7c000-14874ca7d000 rw-p 00045000 00:2b 490728247186               /scratch/gpfs/LICENSED/x86_64/cadence-20210126/jasper_2021.03/Linux64/lib/libQt5Xml.so.5
14874ca7d000-14874ca96000 r--p 00000000 00:2b 490727722501               /scratch/gpfs/LICENSED/x86_64/cadence-20210126/jasper_2021.03/Linux64/lib/libQt5Svg.so.5
14874ca96000-14874cac7000 r-xp 00019000 00:2b 490727722501               /scratch/gpfs/LICENSED/x86_64/cadence-20210126/jasper_2021.03/Linux64/lib/libQt5Svg.so.5
14874cac7000-14874cad2000 r--p 0004a000 00:2b 490727722501               /scratch/gpfs/LICENSED/x86_64/cadence-20210126/jasper_2021.03/Linux64/lib/libQt5Svg.so.5
14874cad2000-14874cad3000 ---p 00055000 00:2b 490727722501               /scratch/gpfs/LICENSED/x86_64/cadence-20210126/jasper_2021.03/Linux64/lib/libQt5Svg.so.5
14874cad3000-14874cad5000 r--p 00055000 00:2b 490727722501               /scratch/gpfs/LICENSED/x86_64/cadence-20210126/jasper_2021.03/Linux64/lib/libQt5Svg.so.5
14874cad5000-14874cad6000 rw-p 00057000 00:2b 490727722501               /scratch/gpfs/LICENSED/x86_64/cadence-20210126/jasper_2021.03/Linux64/lib/libQt5Svg.so.5
14874cad6000-14874cae7000 r--p 00000000 00:2b 490727722499               /scratch/gpfs/LICENSED/x86_64/cadence-20210126/jasper_2021.03/Linux64/lib/libQt5Sql.so.5
14874cae7000-14874cb16000 r-xp 00011000 00:2b 490727722499               /scratch/gpfs/LICENSED/x86_64/cadence-20210126/jasper_2021.03/Linux64/lib/libQt5Sql.so.5
14874cb16000-14874cb1f000 r--p 00040000 00:2b 490727722499               /scratch/gpfs/LICENSED/x86_64/cadence-20210126/jasper_2021.03/Linux64/lib/libQt5Sql.so.5
14874cb1f000-14874cb21000 r--p 00048000 00:2b 490727722499               /scratch/gpfs/LICENSED/x86_64/cadence-20210126/jasper_2021.03/Linux64/lib/libQt5Sql.so.5
14874cb21000-14874cb22000 rw-p 0004a000 00:2b 490727722499               /scratch/gpfs/LICENSED/x86_64/cadence-20210126/jasper_2021.03/Linux64/lib/libQt5Sql.so.5
14874cb22000-14874cb24000 rw-p 00000000 00:00 0 
14874cb24000-14874cb57000 r--p 00000000 00:2b 490727197945               /scratch/gpfs/LICENSED/x86_64/cadence-20210126/jasper_2021.03/Linux64/lib/libQt5Network.so.5
14874cb57000-14874cc2d000 r-xp 00033000 00:2b 490727197945               /scratch/gpfs/LICENSED/x86_64/cadence-20210126/jasper_2021.03/Linux64/lib/libQt5Network.so.5
14874cc2d000-14874cc6f000 r--p 00109000 00:2b 490727197945               /scratch/gpfs/LICENSED/x86_64/cadence-20210126/jasper_2021.03/Linux64/lib/libQt5Network.so.5
14874cc6f000-14874cc75000 r--p 0014a000 00:2b 490727197945               /scratch/gpfs/LICENSED/x86_64/cadence-20210126/jasper_2021.03/Linux64/lib/libQt5Network.so.5
14874cc75000-14874cc77000 rw-p 00150000 00:2b 490727197945               /scratch/gpfs/LICENSED/x86_64/cadence-20210126/jasper_2021.03/Linux64/lib/libQt5Network.so.5
14874cc77000-14874cd33000 r--p 00000000 00:2b 490728275454               /scratch/gpfs/LICENSED/x86_64/cadence-20210126/jasper_2021.03/Linux64/lib/libQt5Gui.so.5
14874cd33000-14874d16f000 r-xp 000bc000 00:2b 490728275454               /scratch/gpfs/LICENSED/x86_64/cadence-20210126/jasper_2021.03/Linux64/lib/libQt5Gui.so.5
14874d16f000-14874d24a000 r--p 004f8000 00:2b 490728275454               /scratch/gpfs/LICENSED/x86_64/cadence-20210126/jasper_2021.03/Linux64/lib/libQt5Gui.so.5
14874d24a000-14874d25a000 r--p 005d2000 00:2b 490728275454               /scratch/gpfs/LICENSED/x86_64/cadence-20210126/jasper_2021.03/Linux64/lib/libQt5Gui.so.5
14874d25a000-14874d25e000 rw-p 005e2000 00:2b 490728275454               /scratch/gpfs/LICENSED/x86_64/cadence-20210126/jasper_2021.03/Linux64/lib/libQt5Gui.so.5
14874d25e000-14874d269000 rw-p 00000000 00:00 0 
14874d269000-14874d2fa000 r--p 00000000 00:2b 490728275438               /scratch/gpfs/LICENSED/x86_64/cadence-20210126/jasper_2021.03/Linux64/lib/libQt5Core.so.5
14874d2fa000-14874d63b000 r-xp 00091000 00:2b 490728275438               /scratch/gpfs/LICENSED/x86_64/cadence-20210126/jasper_2021.03/Linux64/lib/libQt5Core.so.5
14874d63b000-14874d8ce000 r--p 003d2000 00:2b 490728275438               /scratch/gpfs/LICENSED/x86_64/cadence-20210126/jasper_2021.03/Linux64/lib/libQt5Core.so.5
14874d8ce000-14874d8df000 rw-p 00664000 00:2b 490728275438               /scratch/gpfs/LICENSED/x86_64/cadence-20210126/jasper_2021.03/Linux64/lib/libQt5Core.so.5
14874d8df000-14874d8e2000 rw-p 00000000 00:00 0 
14874d8e2000-14874d907000 r-xp 00000000 00:2b 490727343836               /scratch/gpfs/LICENSED/x86_64/cadence-20210126/jasper_2021.03/Linux64/lib/libtcmalloc_minimal.so.4
14874d907000-14874db07000 ---p 00025000 00:2b 490727343836               /scratch/gpfs/LICENSED/x86_64/cadence-20210126/jasper_2021.03/Linux64/lib/libtcmalloc_minimal.so.4
14874db07000-14874db08000 r--p 00025000 00:2b 490727343836               /scratch/gpfs/LICENSED/x86_64/cadence-20210126/jasper_2021.03/Linux64/lib/libtcmalloc_minimal.so.4
14874db08000-14874db09000 rw-p 00026000 00:2b 490727343836               /scratch/gpfs/LICENSED/x86_64/cadence-20210126/jasper_2021.03/Linux64/lib/libtcmalloc_minimal.so.4
14874db09000-14874dcb2000 rw-p 00000000 00:00 0 
14874dcb2000-14874dcd1000 r-xp 00000000 00:2b 490728247265               /scratch/gpfs/LICENSED/x86_64/cadence-20210126/jasper_2021.03/Linux64/lib/libcdsCommon_sh.so
14874dcd1000-14874ded0000 ---p 0001f000 00:2b 490728247265               /scratch/gpfs/LICENSED/x86_64/cadence-20210126/jasper_2021.03/Linux64/lib/libcdsCommon_sh.so
14874ded0000-14874ded1000 r--p 0001e000 00:2b 490728247265               /scratch/gpfs/LICENSED/x86_64/cadence-20210126/jasper_2021.03/Linux64/lib/libcdsCommon_sh.so
14874ded1000-14874ded2000 rw-p 0001f000 00:2b 490728247265               /scratch/gpfs/LICENSED/x86_64/cadence-20210126/jasper_2021.03/Linux64/lib/libcdsCommon_sh.so
14874ded2000-14874ded8000 rw-p 00000000 00:00 0 
14874ded8000-14874ded9000 r--p 00000000 fd:00 134351758                  /usr/lib64/librt.so.1
14874ded9000-14874deda000 r-xp 00001000 fd:00 134351758                  /usr/lib64/librt.so.1
14874deda000-14874dedb000 r--p 00002000 fd:00 134351758                  /usr/lib64/librt.so.1
14874dedb000-14874dedc000 r--p 00002000 fd:00 134351758                  /usr/lib64/librt.so.1
14874dedc000-14874dedd000 rw-p 00003000 fd:00 134351758                  /usr/lib64/librt.so.1
14874dedd000-14874df18000 r-xp 00000000 00:2b 490728275368               /scratch/gpfs/LICENSED/x86_64/cadence-20210126/jasper_2021.03/Linux64/lib/libJasperTickle.so
14874df18000-14874df1a000 r--p 0003a000 00:2b 490728275368               /scratch/gpfs/LICENSED/x86_64/cadence-20210126/jasper_2021.03/Linux64/lib/libJasperTickle.so
14874df1a000-14874df1b000 rw-p 0003c000 00:2b 490728275368               /scratch/gpfs/LICENSED/x86_64/cadence-20210126/jasper_2021.03/Linux64/lib/libJasperTickle.so
14874df1b000-14874e1ca000 r-xp 00000000 00:2b 490728275362               /scratch/gpfs/LICENSED/x86_64/cadence-20210126/jasper_2021.03/Linux64/lib/libJasperTclNative.so
14874e1ca000-14874e1d0000 r--p 002ae000 00:2b 490728275362               /scratch/gpfs/LICENSED/x86_64/cadence-20210126/jasper_2021.03/Linux64/lib/libJasperTclNative.so
14874e1d0000-14874e1d3000 rw-p 002b4000 00:2b 490728275362               /scratch/gpfs/LICENSED/x86_64/cadence-20210126/jasper_2021.03/Linux64/lib/libJasperTclNative.so
14874e1d3000-14874e1d4000 rw-p 00000000 00:00 0 
14874e1d4000-14874e1d5000 r--p 00000000 fd:00 134351622                  /usr/lib64/libdl.so.2
14874e1d5000-14874e1d6000 r-xp 00001000 fd:00 134351622                  /usr/lib64/libdl.so.2
14874e1d6000-14874e1d7000 r--p 00002000 fd:00 134351622                  /usr/lib64/libdl.so.2
14874e1d7000-14874e1d8000 r--p 00002000 fd:00 134351622                  /usr/lib64/libdl.so.2
14874e1d8000-14874e1d9000 rw-p 00003000 fd:00 134351622                  /usr/lib64/libdl.so.2
14874e1d9000-14874e1f4000 r-xp 00000000 00:2b 490726882331               /scratch/gpfs/LICENSED/x86_64/cadence-20210126/jasper_2021.03/Linux64/lib/libfmt.so.7
14874e1f4000-14874e3f3000 ---p 0001b000 00:2b 490726882331               /scratch/gpfs/LICENSED/x86_64/cadence-20210126/jasper_2021.03/Linux64/lib/libfmt.so.7
14874e3f3000-14874e3f4000 r--p 0001a000 00:2b 490726882331               /scratch/gpfs/LICENSED/x86_64/cadence-20210126/jasper_2021.03/Linux64/lib/libfmt.so.7
14874e3f4000-14874e3f5000 rw-p 0001b000 00:2b 490726882331               /scratch/gpfs/LICENSED/x86_64/cadence-20210126/jasper_2021.03/Linux64/lib/libfmt.so.7
14874e3f5000-14874e3f8000 r-xp 00000000 00:2b 490728067569               /scratch/gpfs/LICENSED/x86_64/cadence-20210126/jasper_2021.03/Linux64/lib/libDatestamp.so
14874e3f8000-14874e3f9000 ---p 00003000 00:2b 490728067569               /scratch/gpfs/LICENSED/x86_64/cadence-20210126/jasper_2021.03/Linux64/lib/libDatestamp.so
14874e3f9000-14874e3fa000 r--p 00003000 00:2b 490728067569               /scratch/gpfs/LICENSED/x86_64/cadence-20210126/jasper_2021.03/Linux64/lib/libDatestamp.so
14874e3fa000-14874e3fb000 rw-p 00004000 00:2b 490728067569               /scratch/gpfs/LICENSED/x86_64/cadence-20210126/jasper_2021.03/Linux64/lib/libDatestamp.so
14874e3fb000-14874e3fd000 rw-p 00000000 00:00 0 
14874e3fd000-14874e47f000 r-xp 00000000 00:2b 490728067576               /scratch/gpfs/LICENSED/x86_64/cadence-20210126/jasper_2021.03/Linux64/lib/libJasper0.so
14874e47f000-14874e481000 r--p 00081000 00:2b 490728067576               /scratch/gpfs/LICENSED/x86_64/cadence-20210126/jasper_2021.03/Linux64/lib/libJasper0.so
14874e481000-14874e482000 rw-p 00083000 00:2b 490728067576               /scratch/gpfs/LICENSED/x86_64/cadence-20210126/jasper_2021.03/Linux64/lib/libJasper0.so
14874e482000-14874e49b000 rw-p 00000000 00:00 0 
14874e49b000-14874e5d3000 r-xp 00000000 00:2b 490728275388               /scratch/gpfs/LICENSED/x86_64/cadence-20210126/jasper_2021.03/Linux64/lib/libJasperUtil.so
14874e5d3000-14874e5d9000 r--p 00137000 00:2b 490728275388               /scratch/gpfs/LICENSED/x86_64/cadence-20210126/jasper_2021.03/Linux64/lib/libJasperUtil.so
14874e5d9000-14874e5dd000 rw-p 0013d000 00:2b 490728275388               /scratch/gpfs/LICENSED/x86_64/cadence-20210126/jasper_2021.03/Linux64/lib/libJasperUtil.so
14874e5dd000-14874e5df000 rw-p 00000000 00:00 0 
14874e5df000-14874e63d000 r-xp 00000000 00:2b 490728241135               /scratch/gpfs/LICENSED/x86_64/cadence-20210126/jasper_2021.03/Linux64/lib/libJasperCrashHandler.so
14874e63d000-14874e63e000 r--p 0005d000 00:2b 490728241135               /scratch/gpfs/LICENSED/x86_64/cadence-20210126/jasper_2021.03/Linux64/lib/libJasperCrashHandler.so
14874e63e000-14874e641000 rw-p 0005e000 00:2b 490728241135               /scratch/gpfs/LICENSED/x86_64/cadence-20210126/jasper_2021.03/Linux64/lib/libJasperCrashHandler.so
14874e641000-1487502ba000 r-xp 00000000 00:2b 490727750776               /scratch/gpfs/LICENSED/x86_64/cadence-20210126/jasper_2021.03/Linux64/lib/libJasperSession.so
1487502ba000-1487503f8000 r--p 01c78000 00:2b 490727750776               /scratch/gpfs/LICENSED/x86_64/cadence-20210126/jasper_2021.03/Linux64/lib/libJasperSession.so
1487503f8000-148750428000 rw-p 01db6000 00:2b 490727750776               /scratch/gpfs/LICENSED/x86_64/cadence-20210126/jasper_2021.03/Linux64/lib/libJasperSession.so
148750428000-1487504cb000 rw-p 00000000 00:00 0 
1487504cb000-1487505ab000 r-xp 00000000 00:2b 490727816693               /scratch/gpfs/LICENSED/x86_64/cadence-20210126/jasper_2021.03/Linux64/lib/libJasperJJS.so
1487505ab000-1487505ac000 ---p 000e0000 00:2b 490727816693               /scratch/gpfs/LICENSED/x86_64/cadence-20210126/jasper_2021.03/Linux64/lib/libJasperJJS.so
1487505ac000-1487505b0000 r--p 000e0000 00:2b 490727816693               /scratch/gpfs/LICENSED/x86_64/cadence-20210126/jasper_2021.03/Linux64/lib/libJasperJJS.so
1487505b0000-1487505b3000 rw-p 000e4000 00:2b 490727816693               /scratch/gpfs/LICENSED/x86_64/cadence-20210126/jasper_2021.03/Linux64/lib/libJasperJJS.so
1487505b3000-1487505b6000 rw-p 00000000 00:00 0 
1487505b6000-1487505ed000 r-xp 00000000 00:2b 490727816690               /scratch/gpfs/LICENSED/x86_64/cadence-20210126/jasper_2021.03/Linux64/lib/libJasperJGConfig.so
1487505ed000-1487505ee000 ---p 00037000 00:2b 490727816690               /scratch/gpfs/LICENSED/x86_64/cadence-20210126/jasper_2021.03/Linux64/lib/libJasperJGConfig.so
1487505ee000-1487505ef000 r--p 00037000 00:2b 490727816690               /scratch/gpfs/LICENSED/x86_64/cadence-20210126/jasper_2021.03/Linux64/lib/libJasperJGConfig.so
1487505ef000-1487505f0000 rw-p 00038000 00:2b 490727816690               /scratch/gpfs/LICENSED/x86_64/cadence-20210126/jasper_2021.03/Linux64/lib/libJasperJGConfig.so
1487505f0000-1487505f1000 r--p 00000000 fd:00 134351756                  /usr/lib64/libpthread.so.0
1487505f1000-1487505f2000 r-xp 00001000 fd:00 134351756                  /usr/lib64/libpthread.so.0
1487505f2000-1487505f3000 r--p 00002000 fd:00 134351756                  /usr/lib64/libpthread.so.0
1487505f3000-1487505f4000 r--p 00002000 fd:00 134351756                  /usr/lib64/libpthread.so.0
1487505f4000-1487505f5000 rw-p 00003000 fd:00 134351756                  /usr/lib64/libpthread.so.0
1487505f5000-1487505f6000 r--p 00000000 fd:00 201337322                  /usr/lib/locale/en_US.utf8/LC_NUMERIC
1487505f6000-1487505f7000 r--p 00000000 fd:00 21839                      /usr/lib/locale/en_US.utf8/LC_TIME
1487505f7000-1487505f8000 r--p 00000000 fd:00 21836                      /usr/lib/locale/en_US.utf8/LC_MONETARY
1487505f8000-1487505f9000 r--p 00000000 fd:00 21840                      /usr/lib/locale/en_US.utf8/LC_MESSAGES/SYS_LC_MESSAGES
1487505f9000-1487505fa000 r--p 00000000 fd:00 134351922                  /usr/lib/locale/en_US.utf8/LC_PAPER
1487505fa000-1487505fb000 r--p 00000000 fd:00 201337321                  /usr/lib/locale/en_US.utf8/LC_NAME
1487505fb000-1487505fc000 r--p 00000000 fd:00 21832                      /usr/lib/locale/en_US.utf8/LC_ADDRESS
1487505fc000-1487505fd000 r--p 00000000 fd:00 21838                      /usr/lib/locale/en_US.utf8/LC_TELEPHONE
1487505fd000-1487505fe000 r--p 00000000 fd:00 21835                      /usr/lib/locale/en_US.utf8/LC_MEASUREMENT
1487505fe000-148750605000 r--s 00000000 fd:00 67200811                   /usr/lib64/gconv/gconv-modules.cache
148750605000-148750606000 r--p 00000000 fd:00 21834                      /usr/lib/locale/en_US.utf8/LC_IDENTIFICATION
148750606000-148750608000 r-xp 00000000 00:2b 490727602326               /scratch/gpfs/LICENSED/x86_64/cadence-20210126/jasper_2021.03/Linux64/jre/lib/amd64/server/libjsig.so
148750608000-148750707000 ---p 00002000 00:2b 490727602326               /scratch/gpfs/LICENSED/x86_64/cadence-20210126/jasper_2021.03/Linux64/jre/lib/amd64/server/libjsig.so
148750707000-148750708000 rw-p 00001000 00:2b 490727602326               /scratch/gpfs/LICENSED/x86_64/cadence-20210126/jasper_2021.03/Linux64/jre/lib/amd64/server/libjsig.so
148750708000-148750709000 rw-p 00000000 00:00 0 
148750709000-148751024000 r-xp 00000000 00:2b 490727602330               /scratch/gpfs/LICENSED/x86_64/cadence-20210126/jasper_2021.03/Linux64/jre/lib/amd64/server/libjvm.so
148751024000-148751125000 ---p 0091b000 00:2b 490727602330               /scratch/gpfs/LICENSED/x86_64/cadence-20210126/jasper_2021.03/Linux64/jre/lib/amd64/server/libjvm.so
148751125000-1487512da000 rw-p 0091c000 00:2b 490727602330               /scratch/gpfs/LICENSED/x86_64/cadence-20210126/jasper_2021.03/Linux64/jre/lib/amd64/server/libjvm.so
1487512da000-148751314000 rw-p 00000000 00:00 0 
148751314000-148751315000 r-xp 00000000 00:2b 490728247260               /scratch/gpfs/LICENSED/x86_64/cadence-20210126/jasper_2021.03/Linux64/lib/libboost_system.so.1.73.0
148751315000-148751514000 ---p 00001000 00:2b 490728247260               /scratch/gpfs/LICENSED/x86_64/cadence-20210126/jasper_2021.03/Linux64/lib/libboost_system.so.1.73.0
148751514000-148751515000 r--p 00000000 00:2b 490728247260               /scratch/gpfs/LICENSED/x86_64/cadence-20210126/jasper_2021.03/Linux64/lib/libboost_system.so.1.73.0
148751515000-148751516000 rw-p 00001000 00:2b 490728247260               /scratch/gpfs/LICENSED/x86_64/cadence-20210126/jasper_2021.03/Linux64/lib/libboost_system.so.1.73.0
148751516000-148751518000 rw-p 00000000 00:00 0 
148751518000-148751534000 r-xp 00000000 00:2b 490728247263               /scratch/gpfs/LICENSED/x86_64/cadence-20210126/jasper_2021.03/Linux64/lib/libboost_thread.so.1.73.0
148751534000-148751733000 ---p 0001c000 00:2b 490728247263               /scratch/gpfs/LICENSED/x86_64/cadence-20210126/jasper_2021.03/Linux64/lib/libboost_thread.so.1.73.0
148751733000-148751735000 r--p 0001b000 00:2b 490728247263               /scratch/gpfs/LICENSED/x86_64/cadence-20210126/jasper_2021.03/Linux64/lib/libboost_thread.so.1.73.0
148751735000-148751736000 rw-p 0001d000 00:2b 490728247263               /scratch/gpfs/LICENSED/x86_64/cadence-20210126/jasper_2021.03/Linux64/lib/libboost_thread.so.1.73.0
148751736000-14875173e000 r-xp 00000000 00:2b 490728247254               /scratch/gpfs/LICENSED/x86_64/cadence-20210126/jasper_2021.03/Linux64/lib/libboost_chrono.so.1.73.0
14875173e000-14875193d000 ---p 00008000 00:2b 490728247254               /scratch/gpfs/LICENSED/x86_64/cadence-20210126/jasper_2021.03/Linux64/lib/libboost_chrono.so.1.73.0
14875193d000-14875193e000 r--p 00007000 00:2b 490728247254               /scratch/gpfs/LICENSED/x86_64/cadence-20210126/jasper_2021.03/Linux64/lib/libboost_chrono.so.1.73.0
14875193e000-14875193f000 rw-p 00008000 00:2b 490728247254               /scratch/gpfs/LICENSED/x86_64/cadence-20210126/jasper_2021.03/Linux64/lib/libboost_chrono.so.1.73.0
14875193f000-148751942000 r--p 00000000 00:2b 490726882344               /scratch/gpfs/LICENSED/x86_64/cadence-20210126/jasper_2021.03/Linux64/lib/libgcc_s.so.1
148751942000-148751953000 r-xp 00003000 00:2b 490726882344               /scratch/gpfs/LICENSED/x86_64/cadence-20210126/jasper_2021.03/Linux64/lib/libgcc_s.so.1
148751953000-148751957000 r--p 00014000 00:2b 490726882344               /scratch/gpfs/LICENSED/x86_64/cadence-20210126/jasper_2021.03/Linux64/lib/libgcc_s.so.1
148751957000-148751958000 r--p 00017000 00:2b 490726882344               /scratch/gpfs/LICENSED/x86_64/cadence-20210126/jasper_2021.03/Linux64/lib/libgcc_s.so.1
148751958000-148751959000 rw-p 00018000 00:2b 490726882344               /scratch/gpfs/LICENSED/x86_64/cadence-20210126/jasper_2021.03/Linux64/lib/libgcc_s.so.1
148751959000-1487519ef000 r--p 00000000 00:2b 490727343797               /scratch/gpfs/LICENSED/x86_64/cadence-20210126/jasper_2021.03/Linux64/lib/libstdc++.so.6
1487519ef000-148751ad8000 r-xp 00096000 00:2b 490727343797               /scratch/gpfs/LICENSED/x86_64/cadence-20210126/jasper_2021.03/Linux64/lib/libstdc++.so.6
148751ad8000-148751b22000 r--p 0017f000 00:2b 490727343797               /scratch/gpfs/LICENSED/x86_64/cadence-20210126/jasper_2021.03/Linux64/lib/libstdc++.so.6
148751b22000-148751b2d000 r--p 001c8000 00:2b 490727343797               /scratch/gpfs/LICENSED/x86_64/cadence-20210126/jasper_2021.03/Linux64/lib/libstdc++.so.6
148751b2d000-148751b30000 rw-p 001d3000 00:2b 490727343797               /scratch/gpfs/LICENSED/x86_64/cadence-20210126/jasper_2021.03/Linux64/lib/libstdc++.so.6
148751b30000-148751b33000 rw-p 00000000 00:00 0 
148751b33000-148751b34000 r--p 00000000 fd:00 830720                     /usr/libexec/coreutils/libstdbuf.so
148751b34000-148751b35000 r-xp 00001000 fd:00 830720                     /usr/libexec/coreutils/libstdbuf.so
148751b35000-148751b36000 r--p 00002000 fd:00 830720                     /usr/libexec/coreutils/libstdbuf.so
148751b36000-148751b37000 r--p 00002000 fd:00 830720                     /usr/libexec/coreutils/libstdbuf.so
148751b37000-148751b3a000 rw-p 00000000 00:00 0 
148751b3a000-148751b3c000 r--p 00000000 fd:00 134350743                  /usr/lib64/ld-linux-x86-64.so.2
148751b3c000-148751b63000 r-xp 00002000 fd:00 134350743                  /usr/lib64/ld-linux-x86-64.so.2
148751b63000-148751b6e000 r--p 00029000 fd:00 134350743                  /usr/lib64/ld-linux-x86-64.so.2
148751b6e000-148751b70000 r--p 00034000 fd:00 134350743                  /usr/lib64/ld-linux-x86-64.so.2
148751b70000-148751b72000 rw-p 00036000 fd:00 134350743                  /usr/lib64/ld-linux-x86-64.so.2
7ffe472ef000-7ffe472f2000 ---p 00000000 00:00 0 
7ffe472f2000-7ffe473ef000 rwxp 00000000 00:00 0                          [stack]
7ffe473ef000-7ffe473f3000 rw-p 00000000 00:00 0 
7ffe473fa000-7ffe473fe000 r--p 00000000 00:00 0                          [vvar]
7ffe473fe000-7ffe47400000 r-xp 00000000 00:00 0                          [vdso]
ffffffffff600000-ffffffffff601000 --xp 00000000 00:00 0                  [vsyscall]

VM Arguments:
jvm_args: -Xmx4096m -Xbatch -Xrs -XX:-UsePerfData -Djg.install=/scratch/gpfs/LICENSED/x86_64/cadence-20210126/jasper_2021.03 -Djava.util.prefs.PreferencesFactory=COM.tfi.util.PreferencesFactory -Djava.io.tmpdir=/tmp/ab2113/jg_5670793 
java_command: <unknown>
Launcher Type: generic

Environment Variables:
PATH=/scratch/gpfs/LICENSED/x86_64/cadence-20210126/jasper_2021.03/Linux64/bin:/scratch/gpfs/LICENSED/x86_64/cadence-20210126/jasper_2021.03/Linux64/bin:/scratch/gpfs/LICENSED/x86_64/cadence-20210126/jasper_2021.03/Linux64/bin:/home/ab2113/.vscode-server/data/User/globalStorage/github.copilot-chat/debugCommand:/home/ab2113/.vscode-server/data/User/globalStorage/github.copilot-chat/copilotCli:/home/ab2113/.vscode-server/cli/servers/Stable-ce099c1ed25d9eb3076c11e4a280f3eb52b4fbeb/server/bin/remote-cli:/home/ab2113/.local/bin:/home/ab2113/bin:/usr/share/Modules/bin:/usr/local/bin:/usr/bin:/usr/local/sbin:/usr/sbin:/opt/puppetlabs/bin:/opt/dell/srvadmin/bin:/usr/licensed/cadence-20210126/jasper_2021.03/bin:/usr/licensed/cadence-20210126/jasper_2021.03/bin:/usr/licensed/cadence-20210126/jasper_2021.03/bin:/usr/licensed/cadence-20210126/jasper_2021.03/bin
LD_LIBRARY_PATH=
LD_PRELOAD=/usr/libexec/coreutils/libstdbuf.so
SHELL=/bin/bash

Signal Handlers:
SIGSEGV: [libjvm.so+0x860350], sa_mask[0]=0x7fffffff, sa_flags=0x10000004
SIGBUS: [libjvm.so+0x860350], sa_mask[0]=0x7fffffff, sa_flags=0x08000004
SIGFPE: [libJasperCrashHandler.so+0x30ee8], sa_mask[0]=0x000004f8, sa_flags=0x08000004
SIGPIPE: SIG_IGN, sa_mask[0]=0x00000000, sa_flags=0x00000000
SIGXFSZ: SIG_DFL, sa_mask[0]=0x00000000, sa_flags=0x00000000
SIGILL: [libJasperCrashHandler.so+0x30ee8], sa_mask[0]=0x000004f8, sa_flags=0x08000004
SIGUSR1: SIG_DFL, sa_mask[0]=0x00000000, sa_flags=0x00000000
SIGUSR2: [libjvm.so+0x711de0], sa_mask[0]=0x00000000, sa_flags=0x10000004
SIGHUP: [java+0x4ca60], sa_mask[0]=0x00000000, sa_flags=0x10000000
SIGINT: [java+0x4ca60], sa_mask[0]=0x00000000, sa_flags=0x10000000
SIGTERM: [java+0x4ca60], sa_mask[0]=0x00000000, sa_flags=0x10000000
SIGQUIT: SIG_DFL, sa_mask[0]=0x00000000, sa_flags=0x00000000


---------------  S Y S T E M  ---------------

OS:Red Hat Enterprise Linux release 9.6 (Plow)

uname:Linux 5.14.0-570.94.1.el9_6.x86_64 #1 SMP PREEMPT_DYNAMIC Tue Feb 24 01:02:57 EST 2026 x86_64
libc:glibc 2.34 NPTL 2.34 
rlimit: STACK infinity, CORE infinity, NPROC 765261, NOFILE 131072, AS infinity
load average:60.22 54.70 58.05

/proc/meminfo:
MemTotal:       195972044 kB
MemFree:        139885612 kB
MemAvailable:   166665136 kB
Buffers:            8852 kB
Cached:         26206464 kB
SwapCached:        18068 kB
Active:         25716976 kB
Inactive:       24091460 kB
Active(anon):   23351892 kB
Inactive(anon):     9560 kB
Active(file):    2365084 kB
Inactive(file): 24081900 kB
Unevictable:     1057576 kB
Mlocked:         1048576 kB
SwapTotal:       2097148 kB
SwapFree:        1974468 kB
Zswap:                 0 kB
Zswapped:              0 kB
Dirty:                12 kB
Writeback:             0 kB
AnonPages:      24524488 kB
Mapped:           950740 kB
Shmem:             43868 kB
KReclaimable:    1776932 kB
Slab:            2175584 kB
SReclaimable:    1776932 kB
SUnreclaim:       398652 kB
KernelStack:       31472 kB
PageTables:        70504 kB
SecPageTables:         0 kB
NFS_Unstable:          0 kB
Bounce:                0 kB
WritebackTmp:          0 kB
CommitLimit:    100083168 kB
Committed_AS:   26165944 kB
VmallocTotal:   34359738367 kB
VmallocUsed:      519604 kB
VmallocChunk:          0 kB
Percpu:            32640 kB
HardwareCorrupted:    20 kB
AnonHugePages:  18188288 kB
ShmemHugePages:        0 kB
ShmemPmdMapped:        0 kB
FileHugePages:         0 kB
FilePmdMapped:         0 kB
CmaTotal:              0 kB
CmaFree:               0 kB
Unaccepted:            0 kB
HugePages_Total:       0
HugePages_Free:        0
HugePages_Rsvd:        0
HugePages_Surp:        0
Hugepagesize:       2048 kB
Hugetlb:               0 kB
DirectMap4k:      664544 kB
DirectMap2M:    50186240 kB
DirectMap1G:    150994944 kB


CPU:total 32 (16 cores per cpu, 2 threads per core) family 6 model 85 stepping 7, cmov, cx8, fxsr, mmx, sse, sse2, sse3, ssse3, sse4.1, sse4.2, popcnt, ht

/proc/cpuinfo:
processor	: 0
vendor_id	: GenuineIntel
cpu family	: 6
model		: 85
model name	: Intel(R) Xeon(R) Gold 6242 CPU @ 2.80GHz
stepping	: 7
microcode	: 0x5003707
cpu MHz		: 3500.016
cache size	: 22528 KB
physical id	: 0
siblings	: 16
core id		: 0
cpu cores	: 16
apicid		: 0
initial apicid	: 0
fpu		: yes
fpu_exception	: yes
cpuid level	: 22
wp		: yes
flags		: fpu vme de pse tsc msr pae mce cx8 apic sep mtrr pge mca cmov pat pse36 clflush dts acpi mmx fxsr sse sse2 ss ht tm pbe syscall nx pdpe1gb rdtscp lm constant_tsc art arch_perfmon pebs bts rep_good nopl xtopology nonstop_tsc cpuid aperfmperf pni pclmulqdq dtes64 monitor ds_cpl smx est tm2 ssse3 sdbg fma cx16 xtpr pdcm pcid dca sse4_1 sse4_2 x2apic movbe popcnt tsc_deadline_timer aes xsave avx f16c rdrand lahf_lm abm 3dnowprefetch cpuid_fault epb cat_l3 cdp_l3 intel_ppin ssbd mba ibrs ibpb stibp ibrs_enhanced fsgsbase tsc_adjust bmi1 avx2 smep bmi2 erms invpcid cqm mpx rdt_a avx512f avx512dq rdseed adx smap clflushopt clwb intel_pt avx512cd avx512bw avx512vl xsaveopt xsavec xgetbv1 xsaves cqm_llc cqm_occup_llc cqm_mbm_total cqm_mbm_local dtherm ida arat pln pts pku ospke avx512_vnni md_clear flush_l1d arch_capabilities
bugs		: spectre_v1 spectre_v2 spec_store_bypass swapgs taa itlb_multihit mmio_stale_data retbleed eibrs_pbrsb gds bhi its vmscape
bogomips	: 5600.00
clflush size	: 64
cache_alignment	: 64
address sizes	: 46 bits physical, 48 bits virtual
power management:

processor	: 1
vendor_id	: GenuineIntel
cpu family	: 6
model		: 85
model name	: Intel(R) Xeon(R) Gold 6242 CPU @ 2.80GHz
stepping	: 7
microcode	: 0x5003707
cpu MHz		: 3500.003
cache size	: 22528 KB
physical id	: 1
siblings	: 16
core id		: 0
cpu cores	: 16
apicid		: 32
initial apicid	: 32
fpu		: yes
fpu_exception	: yes
cpuid level	: 22
wp		: yes
flags		: fpu vme de pse tsc msr pae mce cx8 apic sep mtrr pge mca cmov pat pse36 clflush dts acpi mmx fxsr sse sse2 ss ht tm pbe syscall nx pdpe1gb rdtscp lm constant_tsc art arch_perfmon pebs bts rep_good nopl xtopology nonstop_tsc cpuid aperfmperf pni pclmulqdq dtes64 monitor ds_cpl smx est tm2 ssse3 sdbg fma cx16 xtpr pdcm pcid dca sse4_1 sse4_2 x2apic movbe popcnt tsc_deadline_timer aes xsave avx f16c rdrand lahf_lm abm 3dnowprefetch cpuid_fault epb cat_l3 cdp_l3 intel_ppin ssbd mba ibrs ibpb stibp ibrs_enhanced fsgsbase tsc_adjust bmi1 avx2 smep bmi2 erms invpcid cqm mpx rdt_a avx512f avx512dq rdseed adx smap clflushopt clwb intel_pt avx512cd avx512bw avx512vl xsaveopt xsavec xgetbv1 xsaves cqm_llc cqm_occup_llc cqm_mbm_total cqm_mbm_local dtherm ida arat pln pts pku ospke avx512_vnni md_clear flush_l1d arch_capabilities
bugs		: spectre_v1 spectre_v2 spec_store_bypass swapgs taa itlb_multihit mmio_stale_data retbleed eibrs_pbrsb gds bhi its vmscape
bogomips	: 5600.00
clflush size	: 64
cache_alignment	: 64
address sizes	: 46 bits physical, 48 bits virtual
power management:

processor	: 2
vendor_id	: GenuineIntel
cpu family	: 6
model		: 85
model name	: Intel(R) Xeon(R) Gold 6242 CPU @ 2.80GHz
stepping	: 7
microcode	: 0x5003707
cpu MHz		: 2499.999
cache size	: 22528 KB
physical id	: 0
siblings	: 16
core id		: 7
cpu cores	: 16
apicid		: 14
initial apicid	: 14
fpu		: yes
fpu_exception	: yes
cpuid level	: 22
wp		: yes
flags		: fpu vme de pse tsc msr pae mce cx8 apic sep mtrr pge mca cmov pat pse36 clflush dts acpi mmx fxsr sse sse2 ss ht tm pbe syscall nx pdpe1gb rdtscp lm constant_tsc art arch_perfmon pebs bts rep_good nopl xtopology nonstop_tsc cpuid aperfmperf pni pclmulqdq dtes64 monitor ds_cpl smx est tm2 ssse3 sdbg fma cx16 xtpr pdcm pcid dca sse4_1 sse4_2 x2apic movbe popcnt tsc_deadline_timer aes xsave avx f16c rdrand lahf_lm abm 3dnowprefetch cpuid_fault epb cat_l3 cdp_l3 intel_ppin ssbd mba ibrs ibpb stibp ibrs_enhanced fsgsbase tsc_adjust bmi1 avx2 smep bmi2 erms invpcid cqm mpx rdt_a avx512f avx512dq rdseed adx smap clflushopt clwb intel_pt avx512cd avx512bw avx512vl xsaveopt xsavec xgetbv1 xsaves cqm_llc cqm_occup_llc cqm_mbm_total cqm_mbm_local dtherm ida arat pln pts pku ospke avx512_vnni md_clear flush_l1d arch_capabilities
bugs		: spectre_v1 spectre_v2 spec_store_bypass swapgs taa itlb_multihit mmio_stale_data retbleed eibrs_pbrsb gds bhi its vmscape
bogomips	: 5600.00
clflush size	: 64
cache_alignment	: 64
address sizes	: 46 bits physical, 48 bits virtual
power management:

processor	: 3
vendor_id	: GenuineIntel
cpu family	: 6
model		: 85
model name	: Intel(R) Xeon(R) Gold 6242 CPU @ 2.80GHz
stepping	: 7
microcode	: 0x5003707
cpu MHz		: 3499.952
cache size	: 22528 KB
physical id	: 1
siblings	: 16
core id		: 7
cpu cores	: 16
apicid		: 46
initial apicid	: 46
fpu		: yes
fpu_exception	: yes
cpuid level	: 22
wp		: yes
flags		: fpu vme de pse tsc msr pae mce cx8 apic sep mtrr pge mca cmov pat pse36 clflush dts acpi mmx fxsr sse sse2 ss ht tm pbe syscall nx pdpe1gb rdtscp lm constant_tsc art arch_perfmon pebs bts rep_good nopl xtopology nonstop_tsc cpuid aperfmperf pni pclmulqdq dtes64 monitor ds_cpl smx est tm2 ssse3 sdbg fma cx16 xtpr pdcm pcid dca sse4_1 sse4_2 x2apic movbe popcnt tsc_deadline_timer aes xsave avx f16c rdrand lahf_lm abm 3dnowprefetch cpuid_fault epb cat_l3 cdp_l3 intel_ppin ssbd mba ibrs ibpb stibp ibrs_enhanced fsgsbase tsc_adjust bmi1 avx2 smep bmi2 erms invpcid cqm mpx rdt_a avx512f avx512dq rdseed adx smap clflushopt clwb intel_pt avx512cd avx512bw avx512vl xsaveopt xsavec xgetbv1 xsaves cqm_llc cqm_occup_llc cqm_mbm_total cqm_mbm_local dtherm ida arat pln pts pku ospke avx512_vnni md_clear flush_l1d arch_capabilities
bugs		: spectre_v1 spectre_v2 spec_store_bypass swapgs taa itlb_multihit mmio_stale_data retbleed eibrs_pbrsb gds bhi its vmscape
bogomips	: 5600.00
clflush size	: 64
cache_alignment	: 64
address sizes	: 46 bits physical, 48 bits virtual
power management:

processor	: 4
vendor_id	: GenuineIntel
cpu family	: 6
model		: 85
model name	: Intel(R) Xeon(R) Gold 6242 CPU @ 2.80GHz
stepping	: 7
microcode	: 0x5003707
cpu MHz		: 2500.007
cache size	: 22528 KB
physical id	: 0
siblings	: 16
core id		: 1
cpu cores	: 16
apicid		: 2
initial apicid	: 2
fpu		: yes
fpu_exception	: yes
cpuid level	: 22
wp		: yes
flags		: fpu vme de pse tsc msr pae mce cx8 apic sep mtrr pge mca cmov pat pse36 clflush dts acpi mmx fxsr sse sse2 ss ht tm pbe syscall nx pdpe1gb rdtscp lm constant_tsc art arch_perfmon pebs bts rep_good nopl xtopology nonstop_tsc cpuid aperfmperf pni pclmulqdq dtes64 monitor ds_cpl smx est tm2 ssse3 sdbg fma cx16 xtpr pdcm pcid dca sse4_1 sse4_2 x2apic movbe popcnt tsc_deadline_timer aes xsave avx f16c rdrand lahf_lm abm 3dnowprefetch cpuid_fault epb cat_l3 cdp_l3 intel_ppin ssbd mba ibrs ibpb stibp ibrs_enhanced fsgsbase tsc_adjust bmi1 avx2 smep bmi2 erms invpcid cqm mpx rdt_a avx512f avx512dq rdseed adx smap clflushopt clwb intel_pt avx512cd avx512bw avx512vl xsaveopt xsavec xgetbv1 xsaves cqm_llc cqm_occup_llc cqm_mbm_total cqm_mbm_local dtherm ida arat pln pts pku ospke avx512_vnni md_clear flush_l1d arch_capabilities
bugs		: spectre_v1 spectre_v2 spec_store_bypass swapgs taa itlb_multihit mmio_stale_data retbleed eibrs_pbrsb gds bhi its vmscape
bogomips	: 5600.00
clflush size	: 64
cache_alignment	: 64
address sizes	: 46 bits physical, 48 bits virtual
power management:

processor	: 5
vendor_id	: GenuineIntel
cpu family	: 6
model		: 85
model name	: Intel(R) Xeon(R) Gold 6242 CPU @ 2.80GHz
stepping	: 7
microcode	: 0x5003707
cpu MHz		: 3900.000
cache size	: 22528 KB
physical id	: 1
siblings	: 16
core id		: 1
cpu cores	: 16
apicid		: 34
initial apicid	: 34
fpu		: yes
fpu_exception	: yes
cpuid level	: 22
wp		: yes
flags		: fpu vme de pse tsc msr pae mce cx8 apic sep mtrr pge mca cmov pat pse36 clflush dts acpi mmx fxsr sse sse2 ss ht tm pbe syscall nx pdpe1gb rdtscp lm constant_tsc art arch_perfmon pebs bts rep_good nopl xtopology nonstop_tsc cpuid aperfmperf pni pclmulqdq dtes64 monitor ds_cpl smx est tm2 ssse3 sdbg fma cx16 xtpr pdcm pcid dca sse4_1 sse4_2 x2apic movbe popcnt tsc_deadline_timer aes xsave avx f16c rdrand lahf_lm abm 3dnowprefetch cpuid_fault epb cat_l3 cdp_l3 intel_ppin ssbd mba ibrs ibpb stibp ibrs_enhanced fsgsbase tsc_adjust bmi1 avx2 smep bmi2 erms invpcid cqm mpx rdt_a avx512f avx512dq rdseed adx smap clflushopt clwb intel_pt avx512cd avx512bw avx512vl xsaveopt xsavec xgetbv1 xsaves cqm_llc cqm_occup_llc cqm_mbm_total cqm_mbm_local dtherm ida arat pln pts pku ospke avx512_vnni md_clear flush_l1d arch_capabilities
bugs		: spectre_v1 spectre_v2 spec_store_bypass swapgs taa itlb_multihit mmio_stale_data retbleed eibrs_pbrsb gds bhi its vmscape
bogomips	: 5600.00
clflush size	: 64
cache_alignment	: 64
address sizes	: 46 bits physical, 48 bits virtual
power management:

processor	: 6
vendor_id	: GenuineIntel
cpu family	: 6
model		: 85
model name	: Intel(R) Xeon(R) Gold 6242 CPU @ 2.80GHz
stepping	: 7
microcode	: 0x5003707
cpu MHz		: 3100.004
cache size	: 22528 KB
physical id	: 0
siblings	: 16
core id		: 6
cpu cores	: 16
apicid		: 12
initial apicid	: 12
fpu		: yes
fpu_exception	: yes
cpuid level	: 22
wp		: yes
flags		: fpu vme de pse tsc msr pae mce cx8 apic sep mtrr pge mca cmov pat pse36 clflush dts acpi mmx fxsr sse sse2 ss ht tm pbe syscall nx pdpe1gb rdtscp lm constant_tsc art arch_perfmon pebs bts rep_good nopl xtopology nonstop_tsc cpuid aperfmperf pni pclmulqdq dtes64 monitor ds_cpl smx est tm2 ssse3 sdbg fma cx16 xtpr pdcm pcid dca sse4_1 sse4_2 x2apic movbe popcnt tsc_deadline_timer aes xsave avx f16c rdrand lahf_lm abm 3dnowprefetch cpuid_fault epb cat_l3 cdp_l3 intel_ppin ssbd mba ibrs ibpb stibp ibrs_enhanced fsgsbase tsc_adjust bmi1 avx2 smep bmi2 erms invpcid cqm mpx rdt_a avx512f avx512dq rdseed adx smap clflushopt clwb intel_pt avx512cd avx512bw avx512vl xsaveopt xsavec xgetbv1 xsaves cqm_llc cqm_occup_llc cqm_mbm_total cqm_mbm_local dtherm ida arat pln pts pku ospke avx512_vnni md_clear flush_l1d arch_capabilities
bugs		: spectre_v1 spectre_v2 spec_store_bypass swapgs taa itlb_multihit mmio_stale_data retbleed eibrs_pbrsb gds bhi its vmscape
bogomips	: 5600.00
clflush size	: 64
cache_alignment	: 64
address sizes	: 46 bits physical, 48 bits virtual
power management:

processor	: 7
vendor_id	: GenuineIntel
cpu family	: 6
model		: 85
model name	: Intel(R) Xeon(R) Gold 6242 CPU @ 2.80GHz
stepping	: 7
microcode	: 0x5003707
cpu MHz		: 3900.000
cache size	: 22528 KB
physical id	: 1
siblings	: 16
core id		: 6
cpu cores	: 16
apicid		: 44
initial apicid	: 44
fpu		: yes
fpu_exception	: yes
cpuid level	: 22
wp		: yes
flags		: fpu vme de pse tsc msr pae mce cx8 apic sep mtrr pge mca cmov pat pse36 clflush dts acpi mmx fxsr sse sse2 ss ht tm pbe syscall nx pdpe1gb rdtscp lm constant_tsc art arch_perfmon pebs bts rep_good nopl xtopology nonstop_tsc cpuid aperfmperf pni pclmulqdq dtes64 monitor ds_cpl smx est tm2 ssse3 sdbg fma cx16 xtpr pdcm pcid dca sse4_1 sse4_2 x2apic movbe popcnt tsc_deadline_timer aes xsave avx f16c rdrand lahf_lm abm 3dnowprefetch cpuid_fault epb cat_l3 cdp_l3 intel_ppin ssbd mba ibrs ibpb stibp ibrs_enhanced fsgsbase tsc_adjust bmi1 avx2 smep bmi2 erms invpcid cqm mpx rdt_a avx512f avx512dq rdseed adx smap clflushopt clwb intel_pt avx512cd avx512bw avx512vl xsaveopt xsavec xgetbv1 xsaves cqm_llc cqm_occup_llc cqm_mbm_total cqm_mbm_local dtherm ida arat pln pts pku ospke avx512_vnni md_clear flush_l1d arch_capabilities
bugs		: spectre_v1 spectre_v2 spec_store_bypass swapgs taa itlb_multihit mmio_stale_data retbleed eibrs_pbrsb gds bhi its vmscape
bogomips	: 5600.00
clflush size	: 64
cache_alignment	: 64
address sizes	: 46 bits physical, 48 bits virtual
power management:

processor	: 8
vendor_id	: GenuineIntel
cpu family	: 6
model		: 85
model name	: Intel(R) Xeon(R) Gold 6242 CPU @ 2.80GHz
stepping	: 7
microcode	: 0x5003707
cpu MHz		: 2500.021
cache size	: 22528 KB
physical id	: 0
siblings	: 16
core id		: 2
cpu cores	: 16
apicid		: 4
initial apicid	: 4
fpu		: yes
fpu_exception	: yes
cpuid level	: 22
wp		: yes
flags		: fpu vme de pse tsc msr pae mce cx8 apic sep mtrr pge mca cmov pat pse36 clflush dts acpi mmx fxsr sse sse2 ss ht tm pbe syscall nx pdpe1gb rdtscp lm constant_tsc art arch_perfmon pebs bts rep_good nopl xtopology nonstop_tsc cpuid aperfmperf pni pclmulqdq dtes64 monitor ds_cpl smx est tm2 ssse3 sdbg fma cx16 xtpr pdcm pcid dca sse4_1 sse4_2 x2apic movbe popcnt tsc_deadline_timer aes xsave avx f16c rdrand lahf_lm abm 3dnowprefetch cpuid_fault epb cat_l3 cdp_l3 intel_ppin ssbd mba ibrs ibpb stibp ibrs_enhanced fsgsbase tsc_adjust bmi1 avx2 smep bmi2 erms invpcid cqm mpx rdt_a avx512f avx512dq rdseed adx smap clflushopt clwb intel_pt avx512cd avx512bw avx512vl xsaveopt xsavec xgetbv1 xsaves cqm_llc cqm_occup_llc cqm_mbm_total cqm_mbm_local dtherm ida arat pln pts pku ospke avx512_vnni md_clear flush_l1d arch_capabilities
bugs		: spectre_v1 spectre_v2 spec_store_bypass swapgs taa itlb_multihit mmio_stale_data retbleed eibrs_pbrsb gds bhi its vmscape
bogomips	: 5600.00
clflush size	: 64
cache_alignment	: 64
address sizes	: 46 bits physical, 48 bits virtual
power management:

processor	: 9
vendor_id	: GenuineIntel
cpu family	: 6
model		: 85
model name	: Intel(R) Xeon(R) Gold 6242 CPU @ 2.80GHz
stepping	: 7
microcode	: 0x5003707
cpu MHz		: 3900.000
cache size	: 22528 KB
physical id	: 1
siblings	: 16
core id		: 2
cpu cores	: 16
apicid		: 36
initial apicid	: 36
fpu		: yes
fpu_exception	: yes
cpuid level	: 22
wp		: yes
flags		: fpu vme de pse tsc msr pae mce cx8 apic sep mtrr pge mca cmov pat pse36 clflush dts acpi mmx fxsr sse sse2 ss ht tm pbe syscall nx pdpe1gb rdtscp lm constant_tsc art arch_perfmon pebs bts rep_good nopl xtopology nonstop_tsc cpuid aperfmperf pni pclmulqdq dtes64 monitor ds_cpl smx est tm2 ssse3 sdbg fma cx16 xtpr pdcm pcid dca sse4_1 sse4_2 x2apic movbe popcnt tsc_deadline_timer aes xsave avx f16c rdrand lahf_lm abm 3dnowprefetch cpuid_fault epb cat_l3 cdp_l3 intel_ppin ssbd mba ibrs ibpb stibp ibrs_enhanced fsgsbase tsc_adjust bmi1 avx2 smep bmi2 erms invpcid cqm mpx rdt_a avx512f avx512dq rdseed adx smap clflushopt clwb intel_pt avx512cd avx512bw avx512vl xsaveopt xsavec xgetbv1 xsaves cqm_llc cqm_occup_llc cqm_mbm_total cqm_mbm_local dtherm ida arat pln pts pku ospke avx512_vnni md_clear flush_l1d arch_capabilities
bugs		: spectre_v1 spectre_v2 spec_store_bypass swapgs taa itlb_multihit mmio_stale_data retbleed eibrs_pbrsb gds bhi its vmscape
bogomips	: 5600.00
clflush size	: 64
cache_alignment	: 64
address sizes	: 46 bits physical, 48 bits virtual
power management:

processor	: 10
vendor_id	: GenuineIntel
cpu family	: 6
model		: 85
model name	: Intel(R) Xeon(R) Gold 6242 CPU @ 2.80GHz
stepping	: 7
microcode	: 0x5003707
cpu MHz		: 2500.004
cache size	: 22528 KB
physical id	: 0
siblings	: 16
core id		: 5
cpu cores	: 16
apicid		: 10
initial apicid	: 10
fpu		: yes
fpu_exception	: yes
cpuid level	: 22
wp		: yes
flags		: fpu vme de pse tsc msr pae mce cx8 apic sep mtrr pge mca cmov pat pse36 clflush dts acpi mmx fxsr sse sse2 ss ht tm pbe syscall nx pdpe1gb rdtscp lm constant_tsc art arch_perfmon pebs bts rep_good nopl xtopology nonstop_tsc cpuid aperfmperf pni pclmulqdq dtes64 monitor ds_cpl smx est tm2 ssse3 sdbg fma cx16 xtpr pdcm pcid dca sse4_1 sse4_2 x2apic movbe popcnt tsc_deadline_timer aes xsave avx f16c rdrand lahf_lm abm 3dnowprefetch cpuid_fault epb cat_l3 cdp_l3 intel_ppin ssbd mba ibrs ibpb stibp ibrs_enhanced fsgsbase tsc_adjust bmi1 avx2 smep bmi2 erms invpcid cqm mpx rdt_a avx512f avx512dq rdseed adx smap clflushopt clwb intel_pt avx512cd avx512bw avx512vl xsaveopt xsavec xgetbv1 xsaves cqm_llc cqm_occup_llc cqm_mbm_total cqm_mbm_local dtherm ida arat pln pts pku ospke avx512_vnni md_clear flush_l1d arch_capabilities
bugs		: spectre_v1 spectre_v2 spec_store_bypass swapgs taa itlb_multihit mmio_stale_data retbleed eibrs_pbrsb gds bhi its vmscape
bogomips	: 5600.00
clflush size	: 64
cache_alignment	: 64
address sizes	: 46 bits physical, 48 bits virtual
power management:

processor	: 11
vendor_id	: GenuineIntel
cpu family	: 6
model		: 85
model name	: Intel(R) Xeon(R) Gold 6242 CPU @ 2.80GHz
stepping	: 7
microcode	: 0x5003707
cpu MHz		: 2500.003
cache size	: 22528 KB
physical id	: 1
siblings	: 16
core id		: 5
cpu cores	: 16
apicid		: 42
initial apicid	: 42
fpu		: yes
fpu_exception	: yes
cpuid level	: 22
wp		: yes
flags		: fpu vme de pse tsc msr pae mce cx8 apic sep mtrr pge mca cmov pat pse36 clflush dts acpi mmx fxsr sse sse2 ss ht tm pbe syscall nx pdpe1gb rdtscp lm constant_tsc art arch_perfmon pebs bts rep_good nopl xtopology nonstop_tsc cpuid aperfmperf pni pclmulqdq dtes64 monitor ds_cpl smx est tm2 ssse3 sdbg fma cx16 xtpr pdcm pcid dca sse4_1 sse4_2 x2apic movbe popcnt tsc_deadline_timer aes xsave avx f16c rdrand lahf_lm abm 3dnowprefetch cpuid_fault epb cat_l3 cdp_l3 intel_ppin ssbd mba ibrs ibpb stibp ibrs_enhanced fsgsbase tsc_adjust bmi1 avx2 smep bmi2 erms invpcid cqm mpx rdt_a avx512f avx512dq rdseed adx smap clflushopt clwb intel_pt avx512cd avx512bw avx512vl xsaveopt xsavec xgetbv1 xsaves cqm_llc cqm_occup_llc cqm_mbm_total cqm_mbm_local dtherm ida arat pln pts pku ospke avx512_vnni md_clear flush_l1d arch_capabilities
bugs		: spectre_v1 spectre_v2 spec_store_bypass swapgs taa itlb_multihit mmio_stale_data retbleed eibrs_pbrsb gds bhi its vmscape
bogomips	: 5600.00
clflush size	: 64
cache_alignment	: 64
address sizes	: 46 bits physical, 48 bits virtual
power management:

processor	: 12
vendor_id	: GenuineIntel
cpu family	: 6
model		: 85
model name	: Intel(R) Xeon(R) Gold 6242 CPU @ 2.80GHz
stepping	: 7
microcode	: 0x5003707
cpu MHz		: 3500.002
cache size	: 22528 KB
physical id	: 0
siblings	: 16
core id		: 3
cpu cores	: 16
apicid		: 6
initial apicid	: 6
fpu		: yes
fpu_exception	: yes
cpuid level	: 22
wp		: yes
flags		: fpu vme de pse tsc msr pae mce cx8 apic sep mtrr pge mca cmov pat pse36 clflush dts acpi mmx fxsr sse sse2 ss ht tm pbe syscall nx pdpe1gb rdtscp lm constant_tsc art arch_perfmon pebs bts rep_good nopl xtopology nonstop_tsc cpuid aperfmperf pni pclmulqdq dtes64 monitor ds_cpl smx est tm2 ssse3 sdbg fma cx16 xtpr pdcm pcid dca sse4_1 sse4_2 x2apic movbe popcnt tsc_deadline_timer aes xsave avx f16c rdrand lahf_lm abm 3dnowprefetch cpuid_fault epb cat_l3 cdp_l3 intel_ppin ssbd mba ibrs ibpb stibp ibrs_enhanced fsgsbase tsc_adjust bmi1 avx2 smep bmi2 erms invpcid cqm mpx rdt_a avx512f avx512dq rdseed adx smap clflushopt clwb intel_pt avx512cd avx512bw avx512vl xsaveopt xsavec xgetbv1 xsaves cqm_llc cqm_occup_llc cqm_mbm_total cqm_mbm_local dtherm ida arat pln pts pku ospke avx512_vnni md_clear flush_l1d arch_capabilities
bugs		: spectre_v1 spectre_v2 spec_store_bypass swapgs taa itlb_multihit mmio_stale_data retbleed eibrs_pbrsb gds bhi its vmscape
bogomips	: 5600.00
clflush size	: 64
cache_alignment	: 64
address sizes	: 46 bits physical, 48 bits virtual
power management:

processor	: 13
vendor_id	: GenuineIntel
cpu family	: 6
model		: 85
model name	: Intel(R) Xeon(R) Gold 6242 CPU @ 2.80GHz
stepping	: 7
microcode	: 0x5003707
cpu MHz		: 3900.000
cache size	: 22528 KB
physical id	: 1
siblings	: 16
core id		: 3
cpu cores	: 16
apicid		: 38
initial apicid	: 38
fpu		: yes
fpu_exception	: yes
cpuid level	: 22
wp		: yes
flags		: fpu vme de pse tsc msr pae mce cx8 apic sep mtrr pge mca cmov pat pse36 clflush dts acpi mmx fxsr sse sse2 ss ht tm pbe syscall nx pdpe1gb rdtscp lm constant_tsc art arch_perfmon pebs bts rep_good nopl xtopology nonstop_tsc cpuid aperfmperf pni pclmulqdq dtes64 monitor ds_cpl smx est tm2 ssse3 sdbg fma cx16 xtpr pdcm pcid dca sse4_1 sse4_2 x2apic movbe popcnt tsc_deadline_timer aes xsave avx f16c rdrand lahf_lm abm 3dnowprefetch cpuid_fault epb cat_l3 cdp_l3 intel_ppin ssbd mba ibrs ibpb stibp ibrs_enhanced fsgsbase tsc_adjust bmi1 avx2 smep bmi2 erms invpcid cqm mpx rdt_a avx512f avx512dq rdseed adx smap clflushopt clwb intel_pt avx512cd avx512bw avx512vl xsaveopt xsavec xgetbv1 xsaves cqm_llc cqm_occup_llc cqm_mbm_total cqm_mbm_local dtherm ida arat pln pts pku ospke avx512_vnni md_clear flush_l1d arch_capabilities
bugs		: spectre_v1 spectre_v2 spec_store_bypass swapgs taa itlb_multihit mmio_stale_data retbleed eibrs_pbrsb gds bhi its vmscape
bogomips	: 5600.00
clflush size	: 64
cache_alignment	: 64
address sizes	: 46 bits physical, 48 bits virtual
power management:

processor	: 14
vendor_id	: GenuineIntel
cpu family	: 6
model		: 85
model name	: Intel(R) Xeon(R) Gold 6242 CPU @ 2.80GHz
stepping	: 7
microcode	: 0x5003707
cpu MHz		: 3900.000
cache size	: 22528 KB
physical id	: 0
siblings	: 16
core id		: 4
cpu cores	: 16
apicid		: 8
initial apicid	: 8
fpu		: yes
fpu_exception	: yes
cpuid level	: 22
wp		: yes
flags		: fpu vme de pse tsc msr pae mce cx8 apic sep mtrr pge mca cmov pat pse36 clflush dts acpi mmx fxsr sse sse2 ss ht tm pbe syscall nx pdpe1gb rdtscp lm constant_tsc art arch_perfmon pebs bts rep_good nopl xtopology nonstop_tsc cpuid aperfmperf pni pclmulqdq dtes64 monitor ds_cpl smx est tm2 ssse3 sdbg fma cx16 xtpr pdcm pcid dca sse4_1 sse4_2 x2apic movbe popcnt tsc_deadline_timer aes xsave avx f16c rdrand lahf_lm abm 3dnowprefetch cpuid_fault epb cat_l3 cdp_l3 intel_ppin ssbd mba ibrs ibpb stibp ibrs_enhanced fsgsbase tsc_adjust bmi1 avx2 smep bmi2 erms invpcid cqm mpx rdt_a avx512f avx512dq rdseed adx smap clflushopt clwb intel_pt avx512cd avx512bw avx512vl xsaveopt xsavec xgetbv1 xsaves cqm_llc cqm_occup_llc cqm_mbm_total cqm_mbm_local dtherm ida arat pln pts pku ospke avx512_vnni md_clear flush_l1d arch_capabilities
bugs		: spectre_v1 spectre_v2 spec_store_bypass swapgs taa itlb_multihit mmio_stale_data retbleed eibrs_pbrsb gds bhi its vmscape
bogomips	: 5600.00
clflush size	: 64
cache_alignment	: 64
address sizes	: 46 bits physical, 48 bits virtual
power management:

processor	: 15
vendor_id	: GenuineIntel
cpu family	: 6
model		: 85
model name	: Intel(R) Xeon(R) Gold 6242 CPU @ 2.80GHz
stepping	: 7
microcode	: 0x5003707
cpu MHz		: 3500.013
cache size	: 22528 KB
physical id	: 1
siblings	: 16
core id		: 4
cpu cores	: 16
apicid		: 40
initial apicid	: 40
fpu		: yes
fpu_exception	: yes
cpuid level	: 22
wp		: yes
flags		: fpu vme de pse tsc msr pae mce cx8 apic sep mtrr pge mca cmov pat pse36 clflush dts acpi mmx fxsr sse sse2 ss ht tm pbe syscall nx pdpe1gb rdtscp lm constant_tsc art arch_perfmon pebs bts rep_good nopl xtopology nonstop_tsc cpuid aperfmperf pni pclmulqdq dtes64 monitor ds_cpl smx est tm2 ssse3 sdbg fma cx16 xtpr pdcm pcid dca sse4_1 sse4_2 x2apic movbe popcnt tsc_deadline_timer aes xsave avx f16c rdrand lahf_lm abm 3dnowprefetch cpuid_fault epb cat_l3 cdp_l3 intel_ppin ssbd mba ibrs ibpb stibp ibrs_enhanced fsgsbase tsc_adjust bmi1 avx2 smep bmi2 erms invpcid cqm mpx rdt_a avx512f avx512dq rdseed adx smap clflushopt clwb intel_pt avx512cd avx512bw avx512vl xsaveopt xsavec xgetbv1 xsaves cqm_llc cqm_occup_llc cqm_mbm_total cqm_mbm_local dtherm ida arat pln pts pku ospke avx512_vnni md_clear flush_l1d arch_capabilities
bugs		: spectre_v1 spectre_v2 spec_store_bypass swapgs taa itlb_multihit mmio_stale_data retbleed eibrs_pbrsb gds bhi its vmscape
bogomips	: 5600.00
clflush size	: 64
cache_alignment	: 64
address sizes	: 46 bits physical, 48 bits virtual
power management:

processor	: 16
vendor_id	: GenuineIntel
cpu family	: 6
model		: 85
model name	: Intel(R) Xeon(R) Gold 6242 CPU @ 2.80GHz
stepping	: 7
microcode	: 0x5003707
cpu MHz		: 3427.122
cache size	: 22528 KB
physical id	: 0
siblings	: 16
core id		: 8
cpu cores	: 16
apicid		: 16
initial apicid	: 16
fpu		: yes
fpu_exception	: yes
cpuid level	: 22
wp		: yes
flags		: fpu vme de pse tsc msr pae mce cx8 apic sep mtrr pge mca cmov pat pse36 clflush dts acpi mmx fxsr sse sse2 ss ht tm pbe syscall nx pdpe1gb rdtscp lm constant_tsc art arch_perfmon pebs bts rep_good nopl xtopology nonstop_tsc cpuid aperfmperf pni pclmulqdq dtes64 monitor ds_cpl smx est tm2 ssse3 sdbg fma cx16 xtpr pdcm pcid dca sse4_1 sse4_2 x2apic movbe popcnt tsc_deadline_timer aes xsave avx f16c rdrand lahf_lm abm 3dnowprefetch cpuid_fault epb cat_l3 cdp_l3 intel_ppin ssbd mba ibrs ibpb stibp ibrs_enhanced fsgsbase tsc_adjust bmi1 avx2 smep bmi2 erms invpcid cqm mpx rdt_a avx512f avx512dq rdseed adx smap clflushopt clwb intel_pt avx512cd avx512bw avx512vl xsaveopt xsavec xgetbv1 xsaves cqm_llc cqm_occup_llc cqm_mbm_total cqm_mbm_local dtherm ida arat pln pts pku ospke avx512_vnni md_clear flush_l1d arch_capabilities
bugs		: spectre_v1 spectre_v2 spec_store_bypass swapgs taa itlb_multihit mmio_stale_data retbleed eibrs_pbrsb gds bhi its vmscape
bogomips	: 5600.00
clflush size	: 64
cache_alignment	: 64
address sizes	: 46 bits physical, 48 bits virtual
power management:

processor	: 17
vendor_id	: GenuineIntel
cpu family	: 6
model		: 85
model name	: Intel(R) Xeon(R) Gold 6242 CPU @ 2.80GHz
stepping	: 7
microcode	: 0x5003707
cpu MHz		: 3900.000
cache size	: 22528 KB
physical id	: 1
siblings	: 16
core id		: 8
cpu cores	: 16
apicid		: 48
initial apicid	: 48
fpu		: yes
fpu_exception	: yes
cpuid level	: 22
wp		: yes
flags		: fpu vme de pse tsc msr pae mce cx8 apic sep mtrr pge mca cmov pat pse36 clflush dts acpi mmx fxsr sse sse2 ss ht tm pbe syscall nx pdpe1gb rdtscp lm constant_tsc art arch_perfmon pebs bts rep_good nopl xtopology nonstop_tsc cpuid aperfmperf pni pclmulqdq dtes64 monitor ds_cpl smx est tm2 ssse3 sdbg fma cx16 xtpr pdcm pcid dca sse4_1 sse4_2 x2apic movbe popcnt tsc_deadline_timer aes xsave avx f16c rdrand lahf_lm abm 3dnowprefetch cpuid_fault epb cat_l3 cdp_l3 intel_ppin ssbd mba ibrs ibpb stibp ibrs_enhanced fsgsbase tsc_adjust bmi1 avx2 smep bmi2 erms invpcid cqm mpx rdt_a avx512f avx512dq rdseed adx smap clflushopt clwb intel_pt avx512cd avx512bw avx512vl xsaveopt xsavec xgetbv1 xsaves cqm_llc cqm_occup_llc cqm_mbm_total cqm_mbm_local dtherm ida arat pln pts pku ospke avx512_vnni md_clear flush_l1d arch_capabilities
bugs		: spectre_v1 spectre_v2 spec_store_bypass swapgs taa itlb_multihit mmio_stale_data retbleed eibrs_pbrsb gds bhi its vmscape
bogomips	: 5600.00
clflush size	: 64
cache_alignment	: 64
address sizes	: 46 bits physical, 48 bits virtual
power management:

processor	: 18
vendor_id	: GenuineIntel
cpu family	: 6
model		: 85
model name	: Intel(R) Xeon(R) Gold 6242 CPU @ 2.80GHz
stepping	: 7
microcode	: 0x5003707
cpu MHz		: 3499.956
cache size	: 22528 KB
physical id	: 0
siblings	: 16
core id		: 15
cpu cores	: 16
apicid		: 30
initial apicid	: 30
fpu		: yes
fpu_exception	: yes
cpuid level	: 22
wp		: yes
flags		: fpu vme de pse tsc msr pae mce cx8 apic sep mtrr pge mca cmov pat pse36 clflush dts acpi mmx fxsr sse sse2 ss ht tm pbe syscall nx pdpe1gb rdtscp lm constant_tsc art arch_perfmon pebs bts rep_good nopl xtopology nonstop_tsc cpuid aperfmperf pni pclmulqdq dtes64 monitor ds_cpl smx est tm2 ssse3 sdbg fma cx16 xtpr pdcm pcid dca sse4_1 sse4_2 x2apic movbe popcnt tsc_deadline_timer aes xsave avx f16c rdrand lahf_lm abm 3dnowprefetch cpuid_fault epb cat_l3 cdp_l3 intel_ppin ssbd mba ibrs ibpb stibp ibrs_enhanced fsgsbase tsc_adjust bmi1 avx2 smep bmi2 erms invpcid cqm mpx rdt_a avx512f avx512dq rdseed adx smap clflushopt clwb intel_pt avx512cd avx512bw avx512vl xsaveopt xsavec xgetbv1 xsaves cqm_llc cqm_occup_llc cqm_mbm_total cqm_mbm_local dtherm ida arat pln pts pku ospke avx512_vnni md_clear flush_l1d arch_capabilities
bugs		: spectre_v1 spectre_v2 spec_store_bypass swapgs taa itlb_multihit mmio_stale_data retbleed eibrs_pbrsb gds bhi its vmscape
bogomips	: 5600.00
clflush size	: 64
cache_alignment	: 64
address sizes	: 46 bits physical, 48 bits virtual
power management:

processor	: 19
vendor_id	: GenuineIntel
cpu family	: 6
model		: 85
model name	: Intel(R) Xeon(R) Gold 6242 CPU @ 2.80GHz
stepping	: 7
microcode	: 0x5003707
cpu MHz		: 3900.000
cache size	: 22528 KB
physical id	: 1
siblings	: 16
core id		: 15
cpu cores	: 16
apicid		: 62
initial apicid	: 62
fpu		: yes
fpu_exception	: yes
cpuid level	: 22
wp		: yes
flags		: fpu vme de pse tsc msr pae mce cx8 apic sep mtrr pge mca cmov pat pse36 clflush dts acpi mmx fxsr sse sse2 ss ht tm pbe syscall nx pdpe1gb rdtscp lm constant_tsc art arch_perfmon pebs bts rep_good nopl xtopology nonstop_tsc cpuid aperfmperf pni pclmulqdq dtes64 monitor ds_cpl smx est tm2 ssse3 sdbg fma cx16 xtpr pdcm pcid dca sse4_1 sse4_2 x2apic movbe popcnt tsc_deadline_timer aes xsave avx f16c rdrand lahf_lm abm 3dnowprefetch cpuid_fault epb cat_l3 cdp_l3 intel_ppin ssbd mba ibrs ibpb stibp ibrs_enhanced fsgsbase tsc_adjust bmi1 avx2 smep bmi2 erms invpcid cqm mpx rdt_a avx512f avx512dq rdseed adx smap clflushopt clwb intel_pt avx512cd avx512bw avx512vl xsaveopt xsavec xgetbv1 xsaves cqm_llc cqm_occup_llc cqm_mbm_total cqm_mbm_local dtherm ida arat pln pts pku ospke avx512_vnni md_clear flush_l1d arch_capabilities
bugs		: spectre_v1 spectre_v2 spec_store_bypass swapgs taa itlb_multihit mmio_stale_data retbleed eibrs_pbrsb gds bhi its vmscape
bogomips	: 5600.00
clflush size	: 64
cache_alignment	: 64
address sizes	: 46 bits physical, 48 bits virtual
power management:

processor	: 20
vendor_id	: GenuineIntel
cpu family	: 6
model		: 85
model name	: Intel(R) Xeon(R) Gold 6242 CPU @ 2.80GHz
stepping	: 7
microcode	: 0x5003707
cpu MHz		: 3419.944
cache size	: 22528 KB
physical id	: 0
siblings	: 16
core id		: 9
cpu cores	: 16
apicid		: 18
initial apicid	: 18
fpu		: yes
fpu_exception	: yes
cpuid level	: 22
wp		: yes
flags		: fpu vme de pse tsc msr pae mce cx8 apic sep mtrr pge mca cmov pat pse36 clflush dts acpi mmx fxsr sse sse2 ss ht tm pbe syscall nx pdpe1gb rdtscp lm constant_tsc art arch_perfmon pebs bts rep_good nopl xtopology nonstop_tsc cpuid aperfmperf pni pclmulqdq dtes64 monitor ds_cpl smx est tm2 ssse3 sdbg fma cx16 xtpr pdcm pcid dca sse4_1 sse4_2 x2apic movbe popcnt tsc_deadline_timer aes xsave avx f16c rdrand lahf_lm abm 3dnowprefetch cpuid_fault epb cat_l3 cdp_l3 intel_ppin ssbd mba ibrs ibpb stibp ibrs_enhanced fsgsbase tsc_adjust bmi1 avx2 smep bmi2 erms invpcid cqm mpx rdt_a avx512f avx512dq rdseed adx smap clflushopt clwb intel_pt avx512cd avx512bw avx512vl xsaveopt xsavec xgetbv1 xsaves cqm_llc cqm_occup_llc cqm_mbm_total cqm_mbm_local dtherm ida arat pln pts pku ospke avx512_vnni md_clear flush_l1d arch_capabilities
bugs		: spectre_v1 spectre_v2 spec_store_bypass swapgs taa itlb_multihit mmio_stale_data retbleed eibrs_pbrsb gds bhi its vmscape
bogomips	: 5600.00
clflush size	: 64
cache_alignment	: 64
address sizes	: 46 bits physical, 48 bits virtual
power management:

processor	: 21
vendor_id	: GenuineIntel
cpu family	: 6
model		: 85
model name	: Intel(R) Xeon(R) Gold 6242 CPU @ 2.80GHz
stepping	: 7
microcode	: 0x5003707
cpu MHz		: 3900.000
cache size	: 22528 KB
physical id	: 1
siblings	: 16
core id		: 9
cpu cores	: 16
apicid		: 50
initial apicid	: 50
fpu		: yes
fpu_exception	: yes
cpuid level	: 22
wp		: yes
flags		: fpu vme de pse tsc msr pae mce cx8 apic sep mtrr pge mca cmov pat pse36 clflush dts acpi mmx fxsr sse sse2 ss ht tm pbe syscall nx pdpe1gb rdtscp lm constant_tsc art arch_perfmon pebs bts rep_good nopl xtopology nonstop_tsc cpuid aperfmperf pni pclmulqdq dtes64 monitor ds_cpl smx est tm2 ssse3 sdbg fma cx16 xtpr pdcm pcid dca sse4_1 sse4_2 x2apic movbe popcnt tsc_deadline_timer aes xsave avx f16c rdrand lahf_lm abm 3dnowprefetch cpuid_fault epb cat_l3 cdp_l3 intel_ppin ssbd mba ibrs ibpb stibp ibrs_enhanced fsgsbase tsc_adjust bmi1 avx2 smep bmi2 erms invpcid cqm mpx rdt_a avx512f avx512dq rdseed adx smap clflushopt clwb intel_pt avx512cd avx512bw avx512vl xsaveopt xsavec xgetbv1 xsaves cqm_llc cqm_occup_llc cqm_mbm_total cqm_mbm_local dtherm ida arat pln pts pku ospke avx512_vnni md_clear flush_l1d arch_capabilities
bugs		: spectre_v1 spectre_v2 spec_store_bypass swapgs taa itlb_multihit mmio_stale_data retbleed eibrs_pbrsb gds bhi its vmscape
bogomips	: 5600.00
clflush size	: 64
cache_alignment	: 64
address sizes	: 46 bits physical, 48 bits virtual
power management:

processor	: 22
vendor_id	: GenuineIntel
cpu family	: 6
model		: 85
model name	: Intel(R) Xeon(R) Gold 6242 CPU @ 2.80GHz
stepping	: 7
microcode	: 0x5003707
cpu MHz		: 3900.000
cache size	: 22528 KB
physical id	: 0
siblings	: 16
core id		: 14
cpu cores	: 16
apicid		: 28
initial apicid	: 28
fpu		: yes
fpu_exception	: yes
cpuid level	: 22
wp		: yes
flags		: fpu vme de pse tsc msr pae mce cx8 apic sep mtrr pge mca cmov pat pse36 clflush dts acpi mmx fxsr sse sse2 ss ht tm pbe syscall nx pdpe1gb rdtscp lm constant_tsc art arch_perfmon pebs bts rep_good nopl xtopology nonstop_tsc cpuid aperfmperf pni pclmulqdq dtes64 monitor ds_cpl smx est tm2 ssse3 sdbg fma cx16 xtpr pdcm pcid dca sse4_1 sse4_2 x2apic movbe popcnt tsc_deadline_timer aes xsave avx f16c rdrand lahf_lm abm 3dnowprefetch cpuid_fault epb cat_l3 cdp_l3 intel_ppin ssbd mba ibrs ibpb stibp ibrs_enhanced fsgsbase tsc_adjust bmi1 avx2 smep bmi2 erms invpcid cqm mpx rdt_a avx512f avx512dq rdseed adx smap clflushopt clwb intel_pt avx512cd avx512bw avx512vl xsaveopt xsavec xgetbv1 xsaves cqm_llc cqm_occup_llc cqm_mbm_total cqm_mbm_local dtherm ida arat pln pts pku ospke avx512_vnni md_clear flush_l1d arch_capabilities
bugs		: spectre_v1 spectre_v2 spec_store_bypass swapgs taa itlb_multihit mmio_stale_data retbleed eibrs_pbrsb gds bhi its vmscape
bogomips	: 5600.00
clflush size	: 64
cache_alignment	: 64
address sizes	: 46 bits physical, 48 bits virtual
power management:

processor	: 23
vendor_id	: GenuineIntel
cpu family	: 6
model		: 85
model name	: Intel(R) Xeon(R) Gold 6242 CPU @ 2.80GHz
stepping	: 7
microcode	: 0x5003707
cpu MHz		: 3900.000
cache size	: 22528 KB
physical id	: 1
siblings	: 16
core id		: 14
cpu cores	: 16
apicid		: 60
initial apicid	: 60
fpu		: yes
fpu_exception	: yes
cpuid level	: 22
wp		: yes
flags		: fpu vme de pse tsc msr pae mce cx8 apic sep mtrr pge mca cmov pat pse36 clflush dts acpi mmx fxsr sse sse2 ss ht tm pbe syscall nx pdpe1gb rdtscp lm constant_tsc art arch_perfmon pebs bts rep_good nopl xtopology nonstop_tsc cpuid aperfmperf pni pclmulqdq dtes64 monitor ds_cpl smx est tm2 ssse3 sdbg fma cx16 xtpr pdcm pcid dca sse4_1 sse4_2 x2apic movbe popcnt tsc_deadline_timer aes xsave avx f16c rdrand lahf_lm abm 3dnowprefetch cpuid_fault epb cat_l3 cdp_l3 intel_ppin ssbd mba ibrs ibpb stibp ibrs_enhanced fsgsbase tsc_adjust bmi1 avx2 smep bmi2 erms invpcid cqm mpx rdt_a avx512f avx512dq rdseed adx smap clflushopt clwb intel_pt avx512cd avx512bw avx512vl xsaveopt xsavec xgetbv1 xsaves cqm_llc cqm_occup_llc cqm_mbm_total cqm_mbm_local dtherm ida arat pln pts pku ospke avx512_vnni md_clear flush_l1d arch_capabilities
bugs		: spectre_v1 spectre_v2 spec_store_bypass swapgs taa itlb_multihit mmio_stale_data retbleed eibrs_pbrsb gds bhi its vmscape
bogomips	: 5600.00
clflush size	: 64
cache_alignment	: 64
address sizes	: 46 bits physical, 48 bits virtual
power management:

processor	: 24
vendor_id	: GenuineIntel
cpu family	: 6
model		: 85
model name	: Intel(R) Xeon(R) Gold 6242 CPU @ 2.80GHz
stepping	: 7
microcode	: 0x5003707
cpu MHz		: 3499.997
cache size	: 22528 KB
physical id	: 0
siblings	: 16
core id		: 10
cpu cores	: 16
apicid		: 20
initial apicid	: 20
fpu		: yes
fpu_exception	: yes
cpuid level	: 22
wp		: yes
flags		: fpu vme de pse tsc msr pae mce cx8 apic sep mtrr pge mca cmov pat pse36 clflush dts acpi mmx fxsr sse sse2 ss ht tm pbe syscall nx pdpe1gb rdtscp lm constant_tsc art arch_perfmon pebs bts rep_good nopl xtopology nonstop_tsc cpuid aperfmperf pni pclmulqdq dtes64 monitor ds_cpl smx est tm2 ssse3 sdbg fma cx16 xtpr pdcm pcid dca sse4_1 sse4_2 x2apic movbe popcnt tsc_deadline_timer aes xsave avx f16c rdrand lahf_lm abm 3dnowprefetch cpuid_fault epb cat_l3 cdp_l3 intel_ppin ssbd mba ibrs ibpb stibp ibrs_enhanced fsgsbase tsc_adjust bmi1 avx2 smep bmi2 erms invpcid cqm mpx rdt_a avx512f avx512dq rdseed adx smap clflushopt clwb intel_pt avx512cd avx512bw avx512vl xsaveopt xsavec xgetbv1 xsaves cqm_llc cqm_occup_llc cqm_mbm_total cqm_mbm_local dtherm ida arat pln pts pku ospke avx512_vnni md_clear flush_l1d arch_capabilities
bugs		: spectre_v1 spectre_v2 spec_store_bypass swapgs taa itlb_multihit mmio_stale_data retbleed eibrs_pbrsb gds bhi its vmscape
bogomips	: 5600.00
clflush size	: 64
cache_alignment	: 64
address sizes	: 46 bits physical, 48 bits virtual
power management:

processor	: 25
vendor_id	: GenuineIntel
cpu family	: 6
model		: 85
model name	: Intel(R) Xeon(R) Gold 6242 CPU @ 2.80GHz
stepping	: 7
microcode	: 0x5003707
cpu MHz		: 3499.885
cache size	: 22528 KB
physical id	: 1
siblings	: 16
core id		: 10
cpu cores	: 16
apicid		: 52
initial apicid	: 52
fpu		: yes
fpu_exception	: yes
cpuid level	: 22
wp		: yes
flags		: fpu vme de pse tsc msr pae mce cx8 apic sep mtrr pge mca cmov pat pse36 clflush dts acpi mmx fxsr sse sse2 ss ht tm pbe syscall nx pdpe1gb rdtscp lm constant_tsc art arch_perfmon pebs bts rep_good nopl xtopology nonstop_tsc cpuid aperfmperf pni pclmulqdq dtes64 monitor ds_cpl smx est tm2 ssse3 sdbg fma cx16 xtpr pdcm pcid dca sse4_1 sse4_2 x2apic movbe popcnt tsc_deadline_timer aes xsave avx f16c rdrand lahf_lm abm 3dnowprefetch cpuid_fault epb cat_l3 cdp_l3 intel_ppin ssbd mba ibrs ibpb stibp ibrs_enhanced fsgsbase tsc_adjust bmi1 avx2 smep bmi2 erms invpcid cqm mpx rdt_a avx512f avx512dq rdseed adx smap clflushopt clwb intel_pt avx512cd avx512bw avx512vl xsaveopt xsavec xgetbv1 xsaves cqm_llc cqm_occup_llc cqm_mbm_total cqm_mbm_local dtherm ida arat pln pts pku ospke avx512_vnni md_clear flush_l1d arch_capabilities
bugs		: spectre_v1 spectre_v2 spec_store_bypass swapgs taa itlb_multihit mmio_stale_data retbleed eibrs_pbrsb gds bhi its vmscape
bogomips	: 5600.00
clflush size	: 64
cache_alignment	: 64
address sizes	: 46 bits physical, 48 bits virtual
power management:

processor	: 26
vendor_id	: GenuineIntel
cpu family	: 6
model		: 85
model name	: Intel(R) Xeon(R) Gold 6242 CPU @ 2.80GHz
stepping	: 7
microcode	: 0x5003707
cpu MHz		: 3499.983
cache size	: 22528 KB
physical id	: 0
siblings	: 16
core id		: 13
cpu cores	: 16
apicid		: 26
initial apicid	: 26
fpu		: yes
fpu_exception	: yes
cpuid level	: 22
wp		: yes
flags		: fpu vme de pse tsc msr pae mce cx8 apic sep mtrr pge mca cmov pat pse36 clflush dts acpi mmx fxsr sse sse2 ss ht tm pbe syscall nx pdpe1gb rdtscp lm constant_tsc art arch_perfmon pebs bts rep_good nopl xtopology nonstop_tsc cpuid aperfmperf pni pclmulqdq dtes64 monitor ds_cpl smx est tm2 ssse3 sdbg fma cx16 xtpr pdcm pcid dca sse4_1 sse4_2 x2apic movbe popcnt tsc_deadline_timer aes xsave avx f16c rdrand lahf_lm abm 3dnowprefetch cpuid_fault epb cat_l3 cdp_l3 intel_ppin ssbd mba ibrs ibpb stibp ibrs_enhanced fsgsbase tsc_adjust bmi1 avx2 smep bmi2 erms invpcid cqm mpx rdt_a avx512f avx512dq rdseed adx smap clflushopt clwb intel_pt avx512cd avx512bw avx512vl xsaveopt xsavec xgetbv1 xsaves cqm_llc cqm_occup_llc cqm_mbm_total cqm_mbm_local dtherm ida arat pln pts pku ospke avx512_vnni md_clear flush_l1d arch_capabilities
bugs		: spectre_v1 spectre_v2 spec_store_bypass swapgs taa itlb_multihit mmio_stale_data retbleed eibrs_pbrsb gds bhi its vmscape
bogomips	: 5600.00
clflush size	: 64
cache_alignment	: 64
address sizes	: 46 bits physical, 48 bits virtual
power management:

processor	: 27
vendor_id	: GenuineIntel
cpu family	: 6
model		: 85
model name	: Intel(R) Xeon(R) Gold 6242 CPU @ 2.80GHz
stepping	: 7
microcode	: 0x5003707
cpu MHz		: 2500.007
cache size	: 22528 KB
physical id	: 1
siblings	: 16
core id		: 13
cpu cores	: 16
apicid		: 58
initial apicid	: 58
fpu		: yes
fpu_exception	: yes
cpuid level	: 22
wp		: yes
flags		: fpu vme de pse tsc msr pae mce cx8 apic sep mtrr pge mca cmov pat pse36 clflush dts acpi mmx fxsr sse sse2 ss ht tm pbe syscall nx pdpe1gb rdtscp lm constant_tsc art arch_perfmon pebs bts rep_good nopl xtopology nonstop_tsc cpuid aperfmperf pni pclmulqdq dtes64 monitor ds_cpl smx est tm2 ssse3 sdbg fma cx16 xtpr pdcm pcid dca sse4_1 sse4_2 x2apic movbe popcnt tsc_deadline_timer aes xsave avx f16c rdrand lahf_lm abm 3dnowprefetch cpuid_fault epb cat_l3 cdp_l3 intel_ppin ssbd mba ibrs ibpb stibp ibrs_enhanced fsgsbase tsc_adjust bmi1 avx2 smep bmi2 erms invpcid cqm mpx rdt_a avx512f avx512dq rdseed adx smap clflushopt clwb intel_pt avx512cd avx512bw avx512vl xsaveopt xsavec xgetbv1 xsaves cqm_llc cqm_occup_llc cqm_mbm_total cqm_mbm_local dtherm ida arat pln pts pku ospke avx512_vnni md_clear flush_l1d arch_capabilities
bugs		: spectre_v1 spectre_v2 spec_store_bypass swapgs taa itlb_multihit mmio_stale_data retbleed eibrs_pbrsb gds bhi its vmscape
bogomips	: 5600.00
clflush size	: 64
cache_alignment	: 64
address sizes	: 46 bits physical, 48 bits virtual
power management:

processor	: 28
vendor_id	: GenuineIntel
cpu family	: 6
model		: 85
model name	: Intel(R) Xeon(R) Gold 6242 CPU @ 2.80GHz
stepping	: 7
microcode	: 0x5003707
cpu MHz		: 3500.002
cache size	: 22528 KB
physical id	: 0
siblings	: 16
core id		: 11
cpu cores	: 16
apicid		: 22
initial apicid	: 22
fpu		: yes
fpu_exception	: yes
cpuid level	: 22
wp		: yes
flags		: fpu vme de pse tsc msr pae mce cx8 apic sep mtrr pge mca cmov pat pse36 clflush dts acpi mmx fxsr sse sse2 ss ht tm pbe syscall nx pdpe1gb rdtscp lm constant_tsc art arch_perfmon pebs bts rep_good nopl xtopology nonstop_tsc cpuid aperfmperf pni pclmulqdq dtes64 monitor ds_cpl smx est tm2 ssse3 sdbg fma cx16 xtpr pdcm pcid dca sse4_1 sse4_2 x2apic movbe popcnt tsc_deadline_timer aes xsave avx f16c rdrand lahf_lm abm 3dnowprefetch cpuid_fault epb cat_l3 cdp_l3 intel_ppin ssbd mba ibrs ibpb stibp ibrs_enhanced fsgsbase tsc_adjust bmi1 avx2 smep bmi2 erms invpcid cqm mpx rdt_a avx512f avx512dq rdseed adx smap clflushopt clwb intel_pt avx512cd avx512bw avx512vl xsaveopt xsavec xgetbv1 xsaves cqm_llc cqm_occup_llc cqm_mbm_total cqm_mbm_local dtherm ida arat pln pts pku ospke avx512_vnni md_clear flush_l1d arch_capabilities
bugs		: spectre_v1 spectre_v2 spec_store_bypass swapgs taa itlb_multihit mmio_stale_data retbleed eibrs_pbrsb gds bhi its vmscape
bogomips	: 5600.00
clflush size	: 64
cache_alignment	: 64
address sizes	: 46 bits physical, 48 bits virtual
power management:

processor	: 29
vendor_id	: GenuineIntel
cpu family	: 6
model		: 85
model name	: Intel(R) Xeon(R) Gold 6242 CPU @ 2.80GHz
stepping	: 7
microcode	: 0x5003707
cpu MHz		: 2500.014
cache size	: 22528 KB
physical id	: 1
siblings	: 16
core id		: 11
cpu cores	: 16
apicid		: 54
initial apicid	: 54
fpu		: yes
fpu_exception	: yes
cpuid level	: 22
wp		: yes
flags		: fpu vme de pse tsc msr pae mce cx8 apic sep mtrr pge mca cmov pat pse36 clflush dts acpi mmx fxsr sse sse2 ss ht tm pbe syscall nx pdpe1gb rdtscp lm constant_tsc art arch_perfmon pebs bts rep_good nopl xtopology nonstop_tsc cpuid aperfmperf pni pclmulqdq dtes64 monitor ds_cpl smx est tm2 ssse3 sdbg fma cx16 xtpr pdcm pcid dca sse4_1 sse4_2 x2apic movbe popcnt tsc_deadline_timer aes xsave avx f16c rdrand lahf_lm abm 3dnowprefetch cpuid_fault epb cat_l3 cdp_l3 intel_ppin ssbd mba ibrs ibpb stibp ibrs_enhanced fsgsbase tsc_adjust bmi1 avx2 smep bmi2 erms invpcid cqm mpx rdt_a avx512f avx512dq rdseed adx smap clflushopt clwb intel_pt avx512cd avx512bw avx512vl xsaveopt xsavec xgetbv1 xsaves cqm_llc cqm_occup_llc cqm_mbm_total cqm_mbm_local dtherm ida arat pln pts pku ospke avx512_vnni md_clear flush_l1d arch_capabilities
bugs		: spectre_v1 spectre_v2 spec_store_bypass swapgs taa itlb_multihit mmio_stale_data retbleed eibrs_pbrsb gds bhi its vmscape
bogomips	: 5600.00
clflush size	: 64
cache_alignment	: 64
address sizes	: 46 bits physical, 48 bits virtual
power management:

processor	: 30
vendor_id	: GenuineIntel
cpu family	: 6
model		: 85
model name	: Intel(R) Xeon(R) Gold 6242 CPU @ 2.80GHz
stepping	: 7
microcode	: 0x5003707
cpu MHz		: 2499.994
cache size	: 22528 KB
physical id	: 0
siblings	: 16
core id		: 12
cpu cores	: 16
apicid		: 24
initial apicid	: 24
fpu		: yes
fpu_exception	: yes
cpuid level	: 22
wp		: yes
flags		: fpu vme de pse tsc msr pae mce cx8 apic sep mtrr pge mca cmov pat pse36 clflush dts acpi mmx fxsr sse sse2 ss ht tm pbe syscall nx pdpe1gb rdtscp lm constant_tsc art arch_perfmon pebs bts rep_good nopl xtopology nonstop_tsc cpuid aperfmperf pni pclmulqdq dtes64 monitor ds_cpl smx est tm2 ssse3 sdbg fma cx16 xtpr pdcm pcid dca sse4_1 sse4_2 x2apic movbe popcnt tsc_deadline_timer aes xsave avx f16c rdrand lahf_lm abm 3dnowprefetch cpuid_fault epb cat_l3 cdp_l3 intel_ppin ssbd mba ibrs ibpb stibp ibrs_enhanced fsgsbase tsc_adjust bmi1 avx2 smep bmi2 erms invpcid cqm mpx rdt_a avx512f avx512dq rdseed adx smap clflushopt clwb intel_pt avx512cd avx512bw avx512vl xsaveopt xsavec xgetbv1 xsaves cqm_llc cqm_occup_llc cqm_mbm_total cqm_mbm_local dtherm ida arat pln pts pku ospke avx512_vnni md_clear flush_l1d arch_capabilities
bugs		: spectre_v1 spectre_v2 spec_store_bypass swapgs taa itlb_multihit mmio_stale_data retbleed eibrs_pbrsb gds bhi its vmscape
bogomips	: 5600.00
clflush size	: 64
cache_alignment	: 64
address sizes	: 46 bits physical, 48 bits virtual
power management:

processor	: 31
vendor_id	: GenuineIntel
cpu family	: 6
model		: 85
model name	: Intel(R) Xeon(R) Gold 6242 CPU @ 2.80GHz
stepping	: 7
microcode	: 0x5003707
cpu MHz		: 3500.734
cache size	: 22528 KB
physical id	: 1
siblings	: 16
core id		: 12
cpu cores	: 16
apicid		: 56
initial apicid	: 56
fpu		: yes
fpu_exception	: yes
cpuid level	: 22
wp		: yes
flags		: fpu vme de pse tsc msr pae mce cx8 apic sep mtrr pge mca cmov pat pse36 clflush dts acpi mmx fxsr sse sse2 ss ht tm pbe syscall nx pdpe1gb rdtscp lm constant_tsc art arch_perfmon pebs bts rep_good nopl xtopology nonstop_tsc cpuid aperfmperf pni pclmulqdq dtes64 monitor ds_cpl smx est tm2 ssse3 sdbg fma cx16 xtpr pdcm pcid dca sse4_1 sse4_2 x2apic movbe popcnt tsc_deadline_timer aes xsave avx f16c rdrand lahf_lm abm 3dnowprefetch cpuid_fault epb cat_l3 cdp_l3 intel_ppin ssbd mba ibrs ibpb stibp ibrs_enhanced fsgsbase tsc_adjust bmi1 avx2 smep bmi2 erms invpcid cqm mpx rdt_a avx512f avx512dq rdseed adx smap clflushopt clwb intel_pt avx512cd avx512bw avx512vl xsaveopt xsavec xgetbv1 xsaves cqm_llc cqm_occup_llc cqm_mbm_total cqm_mbm_local dtherm ida arat pln pts pku ospke avx512_vnni md_clear flush_l1d arch_capabilities
bugs		: spectre_v1 spectre_v2 spec_store_bypass swapgs taa itlb_multihit mmio_stale_data retbleed eibrs_pbrsb gds bhi its vmscape
bogomips	: 5600.00
clflush size	: 64
cache_alignment	: 64
address sizes	: 46 bits physical, 48 bits virtual
power management:



Memory: 4k page, physical 195972044k(139885612k free), swap 2097148k(1974468k free)

vm_info: Java HotSpot(TM) 64-Bit Server VM (20.8-b03) for linux-amd64 JRE (1.6.0_33-b04), built on Jun 21 2012 16:28:12 by "java_re" with gcc 3.2.2 (SuSE Linux)

time: Sat Mar 14 20:16:58 2026
elapsed time: 1 seconds

