JasperGold Apps 2021.03 FCS 64 bits 2021.03.23 02:50:43 UTC

Any disclosure about the Cadence Design Systems software or its use
model to any third party violates the written Non-Disclosure Agreement
between Cadence Design Systems, Inc. and the customer.

THIS SOFTWARE CONTAINS CONFIDENTIAL INFORMATION AND TRADE SECRETS OF
CADENCE DESIGN SYSTEMS, INC. USE, DISCLOSURE, OR REPRODUCTION IS
PROHIBITED WITHOUT THE PRIOR EXPRESS WRITTEN PERMISSION OF CADENCE
DESIGN SYSTEMS, INC.

Copyright (C) 2000-2021 Cadence Design Systems, Inc. All Rights
Reserved.  Unpublished -- rights reserved under the copyright laws of
the United States.

This product includes software developed by others and redistributed
according to license agreement. See doc/third_party_readme.txt for
further details.

RESTRICTED RIGHTS LEGEND

Use, duplication, or disclosure by the Government is subject to
restrictions as set forth in subparagraph (c) (1) (ii) of the Rights in
Technical Data and Computer Software clause at DFARS 252.227-7013 or
subparagraphs (c) (1) and (2) of Commercial Computer Software -- Restricted
Rights at 48 CFR 52.227-19, as applicable.


                          Cadence Design Systems, Inc. 
                          2655 Seely Avenue
                          San Jose, CA 95134
                          Phone: 408.943.1234

For technical assistance visit http://support.cadence.com.

JasperGold Apps Analysis Session - /home/ab2113/malik25_26/veri_thoughts/dataset/verification_results/version_2/ids/00581/jgproject/sessionLogs/session_0

INFO: successfully checked out license "jasper_fao".
INFO: reading configuration file "/home/ab2113/.config/jasper/jaspergold.conf".
% # ============================================================
% # JasperGold Assertion Verification Runner (env-driven)
% # Output: verification_results/ids/<DESIGN_ID>/
% #
% # Env:
% #   DESIGN_ID     : required (subfolder name)
% #   JG_DESIGN     : required, space/colon-separated RTL file paths OR a directory
% #   JG_SVA        : required, space/colon-separated SVA file paths OR a directory
% #
% # Optional:
% #   JG_TOP        : top module name. If missing, inferred from RTL (default: infer)
% #   JG_STD        : sv12 | sv11 | sv09 (default: sv12)
% #   JG_INCDIRS    : colon/space-separated include dirs (optional)
% #   JG_DEFINES    : space-separated defines NAME or NAME=VAL (optional)
% #   JG_NO_CLOCK   : 1 to force combinational clocking (default: 0)
% #   JG_RESET      : explicit reset signal name (optional)
% #   JG_RESET_EXPR : explicit reset expression (optional)
% #   JG_DUMP_VCD   : 1 to dump VCD waveforms for CEX properties (default: 0)
% # ============================================================
% 
% proc split_env_list {s} {
  if {$s eq ""} {return {}}
  set out {}
  foreach p [split $s " :"] { if {$p ne ""} {lappend out $p} }
  return $out
}
% 
% proc split_space_list {s} {
  if {$s eq ""} {return {}}
  set out {}
  foreach p [split $s " "] { if {$p ne ""} {lappend out $p} }
  return $out
}
% 
% proc collect_files_any {path} {
  # If path is a file, return it. If directory, glob common HDL extensions.
  if {[file isfile $path]} { return [list $path] }
  if {![file isdirectory $path]} { error "Not a file or directory: $path" }

  set patterns {*.sv *.svh *.v *.vh}
  set flist {}
  foreach p $patterns {
    foreach f [glob -nocomplain -types f -directory $path -tails -- $p] {
      lappend flist [file join $path $f]
    }
  }
  if {[llength $flist] == 0} { error "No HDL files found in directory: $path" }
  return $flist
}
% 
% proc read_file_text {path} {
  set fp [open $path "r"]
  set data [read $fp]
  close $fp
  return $data
}
% 
% proc strip_comments {text} {
  set out $text
  regsub -all {(?s)/\*.*?\*/} $out "" out
  regsub -all {(?m)//.*$} $out "" out
  return $out
}
% 
% proc infer_top_from_file {f} {
  if {![file isfile $f]} { return "" }
  set txt [strip_comments [read_file_text $f]]
  if {[regexp -nocase -line {^\s*module\s+([A-Za-z_][A-Za-z0-9_]*)} $txt -> m]} {
    return $m
  }
  return ""
}
% 
% proc find_reset_signal {top files} {
  set top_l [string tolower $top]
  set keywords {input output inout wire reg logic signed unsigned integer parameter localparam bit tri supply0 supply1 tri0 tri1 wand wor}
  foreach f $files {
    if {![file isfile $f]} { continue }
    set txt [strip_comments [read_file_text $f]]
    set re "(?s)\\mmodule\\s+${top_l}\\M\\s*(#\\s*\\(.*?\\)\\s*)?\\((.*?)\\)\\s*;"
    if {[regexp -nocase -- $re $txt -> _port_params portlist]} {
      set tokens [regexp -all -inline {\m[A-Za-z_][A-Za-z0-9_]*\M} $portlist]
      set names {}
      foreach t $tokens {
        set tl [string tolower $t]
        if {[lsearch -exact $keywords $tl] >= 0} { continue }
        lappend names $t
      }
      if {[llength $names] == 0} { continue }
      set lower_map [dict create]
      foreach n $names { dict set lower_map [string tolower $n] $n }
      set exact_priority {reset_n rst_n resetb rstb resetn rstn areset_n arst_n reset rst areset arst}
      foreach p $exact_priority {
        if {[dict exists $lower_map $p]} { return [dict get $lower_map $p] }
      }
      foreach n $names {
        set ln [string tolower $n]
        if {[regexp {(^|_)reset(_|$)} $ln] || [regexp {(^|_)rst(_|$)} $ln]} {
          return $n
        }
      }
    }
  }
  return ""
}
% 
% # ---- Auto-bind helpers ----
% 
% proc sva_files_have_bind {sva_files} {
  # Return 1 if any SVA file already contains a bind statement.
  foreach f $sva_files {
    if {![file isfile $f]} { continue }
    set txt [strip_comments [read_file_text $f]]
    if {[regexp -nocase {(?m)^\s*bind\s+} $txt]} { return 1 }
  }
  return 0
}
% 
% proc extract_module_ports {mod_name files} {
  # Extract port names for a given module from a list of files.
  # Returns a list of port names (order preserved, keywords stripped).
  set keywords {input output inout wire reg logic signed unsigned integer
                parameter localparam bit tri supply0 supply1 tri0 tri1 wand wor}
  foreach f $files {
    if {![file isfile $f]} { continue }
    set txt [strip_comments [read_file_text $f]]
    set re "(?s)\\mmodule\\s+${mod_name}\\M\\s*(#\\s*\\(.*?\\)\\s*)?\\((.*?)\\)\\s*;"
    if {[regexp -nocase -- $re $txt -> _params portlist]} {
      set tokens [regexp -all -inline {\m[A-Za-z_][A-Za-z0-9_]*\M} $portlist]
      set names {}
      foreach t $tokens {
        set tl [string tolower $t]
        if {[lsearch -exact $keywords $tl] >= 0} { continue }
        if {[lsearch -exact $names $t] < 0} { lappend names $t }
      }
      return $names
    }
  }
  return {}
}
% 
% proc generate_auto_bind {top dut_files sva_files out_dir} {
  # If SVA files lack a bind statement, generate one.
  # Returns: path to generated bind file, or "" if bind already exists / cannot generate.
  if {[sva_files_have_bind $sva_files]} {
    puts "INFO: SVA files already contain a bind statement"
    return ""
  }

  # Find the SVA module name (first module in SVA files that is NOT the DUT)
  set sva_mod ""
  foreach f $sva_files {
    if {![file isfile $f]} { continue }
    set txt [strip_comments [read_file_text $f]]
    set matches [regexp -all -inline -nocase {(?m)^\s*module\s+([A-Za-z_][A-Za-z0-9_]*)} $txt]
    foreach {_ mname} $matches {
      if {$mname ne $top} {
        set sva_mod $mname
        break
      }
    }
    if {$sva_mod ne ""} { break }
  }

  if {$sva_mod eq ""} {
    puts "WARN: Could not find SVA module name for auto-bind"
    return ""
  }

  # Get port lists
  set dut_ports [extract_module_ports $top $dut_files]
  set sva_ports [extract_module_ports $sva_mod $sva_files]

  if {[llength $sva_ports] == 0} {
    puts "WARN: SVA module $sva_mod has no ports; cannot auto-bind"
    return ""
  }

  # Build port connections: for each SVA port, connect to DUT port if name
  # matches (case-insensitive), otherwise leave unconnected.
  set dut_lower_map [dict create]
  foreach p $dut_ports { dict set dut_lower_map [string tolower $p] $p }

  set connections {}
  set unconnected {}
  foreach sp $sva_ports {
    set sp_lower [string tolower $sp]
    if {[dict exists $dut_lower_map $sp_lower]} {
      set dp [dict get $dut_lower_map $sp_lower]
      lappend connections "    .${sp}(${dp})"
    } else {
      lappend unconnected $sp
    }
  }

  if {[llength $connections] == 0} {
    puts "WARN: No matching ports between DUT ($top) and SVA ($sva_mod); cannot auto-bind"
    return ""
  }

  # Write the bind file
  set bind_path [file join $out_dir "auto_bind.sv"]
  set conn_str [join $connections ",\n"]
  set fp [open $bind_path "w"]
  puts $fp "// Auto-generated bind (no bind found in SVA files)"
  if {[llength $unconnected] > 0} {
    puts $fp "// NOTE: Unconnected SVA ports (not in DUT): [join $unconnected {, }]"
  }
  puts $fp "bind $top $sva_mod auto_sva_inst ("
  puts $fp $conn_str
  puts $fp ");"
  close $fp

  puts "INFO: Auto-generated bind: $bind_path"
  puts "  DUT=$top  SVA=$sva_mod"
  puts "  Connected ports: [llength $connections]"
  if {[llength $unconnected] > 0} {
    puts "  Unconnected SVA ports: [join $unconnected {, }]"
  }
  return $bind_path
}
% 
% # ---- Read config from environment ----
% if {![info exists ::env(DESIGN_ID)] || $::env(DESIGN_ID) eq ""} {
  puts "ERROR: DESIGN_ID not set."
  exit 2
}
% if {![info exists ::env(JG_DESIGN)] || $::env(JG_DESIGN) eq ""} {
  puts "ERROR: JG_DESIGN not set."
  exit 2
}
% if {![info exists ::env(JG_SVA)] || $::env(JG_SVA) eq ""} {
  puts "ERROR: JG_SVA not set."
  exit 2
}
% 
% set DESIGN_ID $::env(DESIGN_ID)
00581
% 
% # JG_TOP is optional: if missing, infer from RTL
% set TOP ""
% if {[info exists ::env(JG_TOP)] && $::env(JG_TOP) ne ""} {
  set TOP $::env(JG_TOP)
}
% 
% set STD      [expr {[info exists ::env(JG_STD)] ? $::env(JG_STD) : "sv12"}]
sv12
% set INCDIRS  [expr {[info exists ::env(JG_INCDIRS)] ? [split_env_list $::env(JG_INCDIRS)] : {}}]
% # Defines should be space-separated (do NOT split on ':')
% set DEFINES  [expr {[info exists ::env(JG_DEFINES)] ? [split_space_list $::env(JG_DEFINES)] : {}}]
% set NO_CLOCK [expr {[info exists ::env(JG_NO_CLOCK)] ? $::env(JG_NO_CLOCK) : 0}]
1
% set DUMP_VCD [expr {[info exists ::env(JG_DUMP_VCD)] ? $::env(JG_DUMP_VCD) : 0}]
1
% 
% # JG_DESIGN/JG_SVA can be:
% # - a directory
% # - a single file
% # - a list of files/dirs separated by spaces/colons
% set DESIGN_INPUTS [split_env_list $::env(JG_DESIGN)]
./00581/module.v
% set SVA_INPUTS    [split_env_list $::env(JG_SVA)]
./00581/sva.sv
% 
% set DESIGN_FILES {}
% foreach p $DESIGN_INPUTS { set DESIGN_FILES [concat $DESIGN_FILES [collect_files_any $p]] }
% 
% # Infer TOP if not provided
% if {$TOP eq ""} {
  foreach f $DESIGN_FILES {
    set guess [infer_top_from_file $f]
    if {$guess ne ""} { set TOP $guess; break }
  }
  if {$TOP eq ""} {
    puts "ERROR: Could not infer TOP from design files; set JG_TOP explicitly."
    exit 2
  }
}
% puts "INFO: Using TOP = $TOP"
INFO: Using TOP = pwm_out
% 
% set SVA_FILES {}
% foreach p $SVA_INPUTS { set SVA_FILES [concat $SVA_FILES [collect_files_any $p]] }
% 
% # ---- Output dir ----
% # JG_OUT_DIR: explicit output directory from check_all.sh; fallback to legacy path
% if {[info exists ::env(JG_OUT_DIR)] && $::env(JG_OUT_DIR) ne ""} {
  set OUT_DIR $::env(JG_OUT_DIR)
} else {
  set OUT_DIR [file join "verification_results" "ids" $DESIGN_ID]
}
/home/ab2113/malik25_26/veri_thoughts/dataset/verification_results/version_2/ids/00581
% file mkdir $OUT_DIR
% set PROP_LIST_TXT [file join $OUT_DIR "property_list.txt"]
/home/ab2113/malik25_26/veri_thoughts/dataset/verification_results/version_2/ids/00581/property_list.txt
% set SUMMARY_TXT   [file join $OUT_DIR "summary.txt"]
/home/ab2113/malik25_26/veri_thoughts/dataset/verification_results/version_2/ids/00581/summary.txt
% 
% # ---- Auto-bind detection ----
% set AUTO_BIND 0
0
% set BIND_FILE [generate_auto_bind $TOP $DESIGN_FILES $SVA_FILES $OUT_DIR]
INFO: Auto-generated bind: /home/ab2113/malik25_26/veri_thoughts/dataset/verification_results/version_2/ids/00581/auto_bind.sv
  DUT=pwm_out  SVA=pwm_out_sva
  Connected ports: 7
  Unconnected SVA ports: data_rdy, pwm_timer, audiodata_32, audiodata_32_p, check_reset_regs_zero, assert, property, posedge, d0, b0, check_reset_pwm_out_high, b1, check_timer_increments, disable, iff, past, d1, check_rdreq_set_at_800, h800, check_rdreq_high_only_at_801, h801, check_rdreq_rise_requires_not_empty_800, rose, check_rdreq_clear_after_801, check_rdreq_one_cycle_pulse, check_capture_data_on_801, check_data_rdy_set_after_801, check_data_rdy_holds_until_fff, hfff, check_data_rdy_clear_at_fff, check_audiodata32_update_at_fff, check_audiodata32_changes_only_on_fff, changed, check_audiodata32p_changes_only_on_801, check_pwm_out_l_high_when_lte, check_pwm_out_l_low_when_gt, check_pwm_out_r_high_when_lte, check_pwm_out_r_low_when_gt, check_pwm_out_l_known_when_inputs_known, isunknown, check_pwm_out_r_known_when_inputs_known, check_pwms_equal_when_thresholds_equal
/home/ab2113/malik25_26/veri_thoughts/dataset/verification_results/version_2/ids/00581/auto_bind.sv
% if {$BIND_FILE ne ""} {
  set AUTO_BIND 1
  lappend SVA_FILES $BIND_FILE
}
./00581/sva.sv /home/ab2113/malik25_26/veri_thoughts/dataset/verification_results/version_2/ids/00581/auto_bind.sv
% 
% puts "INFO: Verification run starting"
INFO: Verification run starting
% puts "  DESIGN_ID : $DESIGN_ID"
  DESIGN_ID : 00581
% puts "  TOP       : $TOP"
  TOP       : pwm_out
% puts "  STD       : $STD"
  STD       : sv12
% puts "  INCDIRS   : $INCDIRS"
  INCDIRS   : 
% puts "  DEFINES   : $DEFINES"
  DEFINES   : 
% puts "  NO_CLOCK  : $NO_CLOCK"
  NO_CLOCK  : 1
% puts "  AUTO_BIND : $AUTO_BIND"
  AUTO_BIND : 1
% puts "  DUMP_VCD  : $DUMP_VCD"
  DUMP_VCD  : 1
% puts "  N_DESIGN  : [llength $DESIGN_FILES]"
  N_DESIGN  : 1
% puts "  N_SVA     : [llength $SVA_FILES]"
  N_SVA     : 2
% puts "  OUT_DIR   : $OUT_DIR"
  OUT_DIR   : /home/ab2113/malik25_26/veri_thoughts/dataset/verification_results/version_2/ids/00581
% 
% # Optional: promote common message groups to errors (best-effort)
% if {[llength [info commands set_msg_config]]} {
  set_msg_config -id COMP*  -severity error
  set_msg_config -id PARSE* -severity error
  set_msg_config -id ELAB*  -severity error
}
% 
% # ---- Build analyze options ----
% set analyze_opts [list analyze -$STD]
analyze -sv12
% if {[llength $INCDIRS] > 0} { lappend analyze_opts -incdir $INCDIRS }
% if {[llength $DEFINES] > 0} {
  foreach d $DEFINES { lappend analyze_opts -define $d }
}
% 
% # ---- Analyze + Elaborate ----
% set err 0
0
% puts "DEBUG: DESIGN_FILES = $DESIGN_FILES"
DEBUG: DESIGN_FILES = ./00581/module.v
% puts "DEBUG: SVA_FILES    = $SVA_FILES"
DEBUG: SVA_FILES    = ./00581/sva.sv /home/ab2113/malik25_26/veri_thoughts/dataset/verification_results/version_2/ids/00581/auto_bind.sv
% 
% if {[catch {eval $analyze_opts $DESIGN_FILES} msg]} {
  puts "ERROR: analyze design failed:\n$msg"
  set err 1
}
[-- (VERI-1482)] Analyzing Verilog file '/scratch/gpfs/LICENSED/x86_64/cadence-20210126/jasper_2021.03/lib/verilog/packages/std/std.sv' into library 'std'
[-- (VERI-1482)] Analyzing Verilog file './00581/module.v'
% if {!$err && [catch {eval $analyze_opts $SVA_FILES} msg2]} {
  puts "ERROR: analyze SVA failed:\n$msg2"
  set err 1
}
[-- (VERI-1482)] Analyzing Verilog file './00581/sva.sv'
[-- (VERI-1482)] Analyzing Verilog file '/home/ab2113/malik25_26/veri_thoughts/dataset/verification_results/version_2/ids/00581/auto_bind.sv'
% 
% puts "DEBUG: Elaborating TOP='$TOP'"
DEBUG: Elaborating TOP='pwm_out'
% if {!$err && [catch {elaborate -top $TOP} emsg]} {
  puts "ERROR: elaborate failed:\n$emsg"
  set err 1
}
INFO (ISW003): Top module name is "pwm_out".
[INFO (HIER-8002)] ./00581/module.v(53): Disabling old hierarchical reference handler
[WARN (VERI-1927)] /home/ab2113/malik25_26/veri_thoughts/dataset/verification_results/version_2/ids/00581/auto_bind.sv(11): port 'data_rdy' remains unconnected for this instance
[INFO (VERI-1018)] ./00581/sva.sv(1): compiling module 'pwm_out_sva'
[WARN (VERI-1796)] ./00581/sva.sv(105): system function call isunknown with non-constant argument is not synthesizable
[WARN (VERI-1796)] ./00581/sva.sv(105): system function call isunknown with non-constant argument is not synthesizable
[WARN (VERI-1796)] ./00581/sva.sv(109): system function call isunknown with non-constant argument is not synthesizable
[WARN (VERI-1796)] ./00581/sva.sv(109): system function call isunknown with non-constant argument is not synthesizable
[INFO (VERI-1018)] ./00581/module.v(3): compiling module 'pwm_out'
[WARN (VERI-9028)] /home/ab2113/malik25_26/veri_thoughts/dataset/verification_results/version_2/ids/00581/auto_bind.sv(3): missing/open ports on instance auto_sva_inst of module pwm_out_sva
[WARN (VDB-1013)] /home/ab2113/malik25_26/veri_thoughts/dataset/verification_results/version_2/ids/00581/auto_bind.sv(11): input port 'data_rdy' is not connected on this instance
INFO (INL208): Elaboration synthesis summary:
  Number of synthesized netlists          3 (1 packages)
  Single run mode                         On
  Pipeline                                On (2 pipelined netlists)
  Late hierarchical reference connection  On
  Number of analyzed Verilog modules      3 (3 synthesized)
  Number of analyzed VHDL entities        0 (0 synthesized)
INFO (INL003): Clearing all state information (assumes, stopats, and so forth).
[<embedded>] % 
[<embedded>] % # If combinational / event-driven, you can force "no clock"
[<embedded>] % if {!$err && $NO_CLOCK} {
  catch { clock -none }
}
INFO (ICK008): Enabling clock-free environment.
0
[<embedded>] % 
[<embedded>] % if {$err} {
  puts "\n❌ FAILED: compile/elab errors"
  exit 1
}
[<embedded>] % 
[<embedded>] % # ---- Reset -----
[<embedded>] % set RESET_SIG ""
[<embedded>] % set RESET_EXPR ""
[<embedded>] % if {[info exists ::env(JG_RESET_EXPR)] && $::env(JG_RESET_EXPR) ne ""} {
  set RESET_EXPR $::env(JG_RESET_EXPR)
} elseif {[info exists ::env(JG_RESET)] && $::env(JG_RESET) ne ""} {
  set RESET_SIG $::env(JG_RESET)
} else {
  set RESET_SIG [find_reset_signal $TOP $DESIGN_FILES]
}
reset_n
[<embedded>] % 
[<embedded>] % if {$RESET_EXPR ne ""} {
  puts "INFO: Using reset expression: $RESET_EXPR"
  catch { reset -expression $RESET_EXPR }
} elseif {$RESET_SIG ne ""} {
  if {[regexp -nocase {(_n|_b)$} $RESET_SIG]} {
    set RESET_EXPR "!$RESET_SIG"
    puts "INFO: Using active-low reset expression: $RESET_EXPR"
    catch { reset -expression $RESET_EXPR }
  } else {
    puts "INFO: Using reset signal: $RESET_SIG"
    catch { reset $RESET_SIG }
  }
} else {
  puts "INFO: No reset signal found; using reset -none"
  catch { reset -none }
}
INFO: Using active-low reset expression: !reset_n
INFO (IPM031): Clearing proof results of all properties.
INFO (IRS006): Current reset condition is "reset_n".
0
[<embedded>] % 
[<embedded>] % # ---- Property discovery (bind sanity check) ----
[<embedded>] % set ASSERTS {}
[<embedded>] % set COVERS  {}
[<embedded>] % catch { set ASSERTS [assert -list -silent] }
0
[<embedded>] % catch { set COVERS  [cover  -list -silent] }
0
[<embedded>] % 
[<embedded>] % puts "INFO: Found [llength $ASSERTS] asserts, [llength $COVERS] covers"
INFO: Found 22 asserts, 20 covers
[<embedded>] % 
[<embedded>] % # Write property names
[<embedded>] % set fp [open $PROP_LIST_TXT "w"]
file41
[<embedded>] % puts $fp "ASSERT PROPERTIES:"
[<embedded>] % foreach a $ASSERTS { puts $fp $a }
[<embedded>] % puts $fp ""
[<embedded>] % puts $fp "COVER PROPERTIES:"
[<embedded>] % foreach c $COVERS { puts $fp $c }
[<embedded>] % close $fp
[<embedded>] % 
[<embedded>] % if {[llength $ASSERTS] == 0 && [llength $COVERS] == 0} {
  puts "\n❌ FAILED: No properties found (bind likely didn't attach, or wrong TOP)"
  exit 3
}
[<embedded>] % 
[<embedded>] % # ---- Prove all assertions ----
[<embedded>] % # 3600 seconds = 1 hour timeout per property (adjust as needed)
[<embedded>] % set_prove_time_limit 3600
[<embedded>] % 
[<embedded>] % puts "INFO: Running prove -all"
INFO: Running prove -all
[<embedded>] % if {[catch { prove -all } pmsg]} {
  puts "ERROR: prove command failed:\n$pmsg"
  exit 4
}
Ncustom1: Custom engine code is hT3Ng7hPPfiYQOTDZ3qhYOwGAM51eA+J/FjkM5shLioAsqhgLR4Ft+O1BuKG6ilQ83B9tLXSl+CwjiTMAQA
AMcustom2: Custom engine code is hT3Ng7hP/feYQOTDZ3qhYOwGAM51eA+J/FjkM5shLioAsqhgLR4Ft+O1BuKG6ilQ83B9tLXSmmqwm7g9AQA
INFO (IPF036): Starting proof on task: "<embedded>", 42 properties to prove with 0 already proven/unreachable
INFO (IRS029): Starting reset analysis: phase 1 of 4.
INFO (IRS030): Running reset analysis: phase 2 of 4.
INFO (IRS031): Running reset analysis: phase 3 of 4.
INFO (IRS020): Starting the reset analysis simulation with a limit of 100 iterations (phase 4 of 4).
INFO (IRS024): Reset iterations 0 to 4 analyzed.
INFO (IRS018): Reset analysis simulation executed for 3 iterations. Assigned values for 78 of 78 design flops, 0 of 0 design latches, 90 of 272 internal elements.
INFO (IRS039): Reset analysis complete.
INFO (IPF031): Settings used for proof thread 0:
    orchestration                 = on (auto)
    time_limit                    = 3600s
    per_property_time_limit       = 1s * 10 ^ scan
    engine_mode                   = auto
    proofgrid_per_engine_max_jobs = 1
    max engine jobs               = auto
    proofgrid_mode                = local
    proofgrid_restarts            = 10
AMcustom3: Custom engine code is hT3NE7hP/2Fz2XrVSbG0RDiSlOmcEY54dTxWvdDsI3//MxFcPzdQEJVlimlZshtLUKCpt0qXHu9EQAivsvCTP5Pi2s9EBccXnc85FrzRRX45WcXC5XpA9kyHdIYmOxUqsRrN5ntdfkwHRnO7f82Dn4pCsne09HV19Yd/o8VzV0c8nka+2MMhbNDEdLGC4SmTi8oNy00Nn40QJnMevDlPY3jIAQA
Ncustom4: Custom engine code is hT3OXrhPByJp3TrFSTLhUmMH4KVtJgmTCnNDF46yMXOKY48m4LS5nE7yBzFjA7kDuwO/GhGUpEPiky3p3wmPn3dJZHxFMsafSoObRzSC+tn7sEY0WbTdZ/FV4hL3MYH/b1CIUvXSWR4wqEoVLsmMOD4xIPT4lI1LO6ZCO7PnnWQuLwetnvKlrXx6wCW/A+x+enqslg1YPobi4wEF/EvbzOvcTYdJvl2s4H2yZg2b2ofAVN5WvhWk1HoBAA
Ncustom5: Custom engine code is hT3NR7hPByFp3TrFSTLhUmMH4KWtJglTyV/c51BHEeZWamnJv767nE6PCak26bd3gf3XGN3rIRheufhDieCJQVISo+gNYUKhiUedBKGtsP/a18svAnlMJZudHxDFwK5ufsyoxsIyiAeSY2oi3tEuoDHr5gw42DFKAG3PqO3CEsl8Azzdt3pl5nGA1Ifv2H02eYsFzWb/nfp8PMb3F0krE/EgBcm8TD9Div8BAA
Tricustom6: Custom engine code is hT3Nu7hP3fiYQADBZnYcglNHp9bfd7EOeniIqP/ji8sGLQu8yhsFO+wxJ+O+R0bU8g/IewXFomyos+viQnWc2xYNYmMqpo3i40O7DaZR7qfp4YqNx26KRvQ/qx0BAA
0.0.PRE: A proof was found: No trace exists. [0.00 s]
INFO (IPF057): 0.0.PRE: The property "pwm_out.auto_sva_inst.check_reset_regs_zero" was proven in 0.00 s.
0.0.PRE: A proof was found: No trace exists. [0.00 s]
INFO (IPF051): 0.0.PRE: The cover property "pwm_out.auto_sva_inst.check_reset_regs_zero:precondition1" was proven unreachable in 0.00 s.
0.0.PRE: A proof was found: No trace exists. [0.00 s]
INFO (IPF057): 0.0.PRE: The property "pwm_out.auto_sva_inst.check_reset_pwm_out_high" was proven in 0.00 s.
0.0.PRE: A proof was found: No trace exists. [0.00 s]
INFO (IPF051): 0.0.PRE: The cover property "pwm_out.auto_sva_inst.check_reset_pwm_out_high:precondition1" was proven unreachable in 0.00 s.
0.0.PRE: A proof was found: No trace exists. [0.00 s]
INFO (IPF057): 0.0.PRE: The property "pwm_out.auto_sva_inst.check_pwm_out_l_known_when_inputs_known" was proven in 0.00 s.
0.0.PRE: A proof was found: No trace exists. [0.00 s]
INFO (IPF057): 0.0.PRE: The property "pwm_out.auto_sva_inst.check_pwm_out_r_known_when_inputs_known" was proven in 0.00 s.
0: Found proofs for 6 properties in preprocessing
0: Using multistage preprocessing
0: Starting reduce
0: Finished reduce in 0.001s
0.0.PRE: Performing Proof Simplification...
0.0.N: clocks: 2, declared: 1, disabling: 0, posedge: 2, negedge: 0, noedge: 0, bothedge: 0
0.0.N: Proof Simplification Iteration 1	[0.00 s]
0.0.N: Proof Simplification Iteration 2	[0.00 s]
0.0.N: Proof Simplification Iteration 3	[0.00 s]
0.0.PRE: A proof was found: No trace exists. [0.00 s]
INFO (IPF057): 0.0.PRE: The property ":noDeadEnd" was proven in 0.00 s.
    Use check_assumptions -show -dead_end to show this property in the property table.
0.0.PRE: A proof was found: No trace exists. [0.00 s]
INFO (IPF057): 0.0.PRE: The property ":noConflict" was proven in 0.00 s.
    Use check_assumptions -show to show this property in the property table.
INFO (IPF047): 0.0.PRE: The cover property ":live" was covered in 1 cycles in 0.00 s.
    Use check_assumptions -show -live to show this property in the property table.
0.0.PRE: Proof Simplification completed in 0.00 s
0: About to start ProofGrid in its own thread with a limit of 10000 pending notifications and a limit of 10 traces.
0: =============================== ProofGrid start ===============================
0: ProofGrid usable level: 36
0: ProofGrid is starting event handling
0.0.Hp: Proofgrid shell started at 1472817@della-h14n3(local) jg_1472634_della-h14n3_1
0.0.N: Proofgrid shell started at 1472816@della-h14n3(local) jg_1472634_della-h14n3_1
0.0.Hp: OS RSS memory limit : 68719476736 / 68719476736
0.0.N: OS RSS memory limit : 68719476736 / 68719476736
0.0.Hp: clocks: 1, declared: 1, disabling: 0, posedge: 1, negedge: 0, noedge: 0, bothedge: 0
0.0.N: clocks: 1, declared: 1, disabling: 0, posedge: 1, negedge: 0, noedge: 0, bothedge: 0
0.0.N: Next scan (0) will use per property time limit: 1s * 10 ^ 0 = 1s
0.0.N: Starting proof for property "pwm_out.auto_sva_inst.check_timer_increments"	[0.00 s].
0.0.N: Trace Attempt  1	[0.00 s]
0.0.N: A trace with 1 cycles was found. [0.00 s]
INFO (IPF055): 0.0.N: A counterexample (cex) with 1 cycles was found for the property "pwm_out.auto_sva_inst.check_timer_increments" in 0.01 s.
INFO (IPF047): 0.0.N: The cover property "pwm_out.auto_sva_inst.check_timer_increments:precondition1" was covered in 1 cycles in 0.01 s by the incidental trace "pwm_out.auto_sva_inst.check_timer_increments".
INFO (IPF047): 0.0.N: The cover property "pwm_out.auto_sva_inst.check_pwm_out_l_high_when_lte:precondition1" was covered in 1 cycles in 0.01 s by the incidental trace "pwm_out.auto_sva_inst.check_timer_increments".
INFO (IPF047): 0.0.N: The cover property "pwm_out.auto_sva_inst.check_pwm_out_r_high_when_lte:precondition1" was covered in 1 cycles in 0.01 s by the incidental trace "pwm_out.auto_sva_inst.check_timer_increments".
INFO (IPF047): 0.0.N: The cover property "pwm_out.auto_sva_inst.check_pwms_equal_when_thresholds_equal:precondition1" was covered in 1 cycles in 0.01 s by the incidental trace "pwm_out.auto_sva_inst.check_timer_increments".
0.0.N: Stopped processing property "pwm_out.auto_sva_inst.check_timer_increments"	[0.01 s].
0.0.N: Starting proof for property "pwm_out.auto_sva_inst.check_rdreq_set_at_800"	[0.00 s].
0.0.N: Trace Attempt  1	[0.00 s]
0.0.N: A max_length bound was found. The shortest trace is no longer than 65536 cycles. [0.00 s]
INFO (IPF008): 0.0.N: A max_length bound of 65536 was found for the property "pwm_out.auto_sva_inst.check_rdreq_set_at_800" in 0.00 s.
0.0.N: Trace Attempt  2	[0.00 s]
0.0.N: Trace Attempt  2	[0.00 s]
0.0.N: Trace Attempt  3	[0.00 s]
0.0.N: Trace Attempt  3	[0.00 s]
0.0.N: A trace with 3 cycles was found. [0.00 s]
INFO (IPF055): 0.0.N: A counterexample (cex) with 3 cycles was found for the property "pwm_out.auto_sva_inst.check_rdreq_set_at_800" in 0.00 s.
INFO (IPF047): 0.0.N: The cover property "pwm_out.auto_sva_inst.check_rdreq_set_at_800:precondition1" was covered in 1 cycles in 0.00 s by the incidental trace "pwm_out.auto_sva_inst.check_rdreq_set_at_800".
INFO (IPF055): 0.0.N: A counterexample (cex) with 3 cycles was found for the property "pwm_out.auto_sva_inst.check_pwm_out_l_high_when_lte" in 0.00 s by the incidental trace "pwm_out.auto_sva_inst.check_rdreq_set_at_800".
INFO (IPF055): 0.0.N: A counterexample (cex) with 1 cycles was found for the property "pwm_out.auto_sva_inst.check_pwm_out_l_low_when_gt" in 0.00 s by the incidental trace "pwm_out.auto_sva_inst.check_rdreq_set_at_800".
INFO (IPF047): 0.0.N: The cover property "pwm_out.auto_sva_inst.check_pwm_out_l_low_when_gt:precondition1" was covered in 1 cycles in 0.00 s by the incidental trace "pwm_out.auto_sva_inst.check_rdreq_set_at_800".
INFO (IPF055): 0.0.N: A counterexample (cex) with 3 cycles was found for the property "pwm_out.auto_sva_inst.check_pwm_out_r_high_when_lte" in 0.00 s by the incidental trace "pwm_out.auto_sva_inst.check_rdreq_set_at_800".
INFO (IPF055): 0.0.N: A counterexample (cex) with 1 cycles was found for the property "pwm_out.auto_sva_inst.check_pwm_out_r_low_when_gt" in 0.00 s by the incidental trace "pwm_out.auto_sva_inst.check_rdreq_set_at_800".
INFO (IPF047): 0.0.N: The cover property "pwm_out.auto_sva_inst.check_pwm_out_r_low_when_gt:precondition1" was covered in 1 cycles in 0.00 s by the incidental trace "pwm_out.auto_sva_inst.check_rdreq_set_at_800".
0.0.N: Stopped processing property "pwm_out.auto_sva_inst.check_rdreq_set_at_800"	[0.00 s].
0.0.N: Starting proof for property "pwm_out.auto_sva_inst.check_rdreq_high_only_at_801"	[0.00 s].
0.0.N: Trace Attempt  1	[0.00 s]
0.0.N: A max_length bound was found. The shortest trace is no longer than 16384 cycles. [0.00 s]
INFO (IPF008): 0.0.N: A max_length bound of 16384 was found for the property "pwm_out.auto_sva_inst.check_rdreq_high_only_at_801" in 0.00 s.
0.0.N: Trace Attempt  2	[0.00 s]
0.0.Hp: Trace Attempt  1	[0.01 s]
0.0.N: Trace Attempt  3	[0.00 s]
0.0.N: Trace Attempt  3	[0.00 s]
0.0.N: Trace Attempt  4	[0.00 s]
0.0.Hp: A trace with 1 cycles was found. [0.01 s]
INFO (IPF047): 0.0.Hp: The cover property "pwm_out.auto_sva_inst.check_data_rdy_holds_until_fff:precondition1" was covered in 1 cycles in 0.01 s.
0.0.Hp: A trace with 1 cycles was found. [0.01 s]
INFO (IPF047): 0.0.Hp: The cover property "pwm_out.auto_sva_inst.check_data_rdy_clear_at_fff:precondition1" was covered in 1 cycles in 0.01 s.
INFO (IPF047): 0.0.Hp: The cover property "pwm_out.auto_sva_inst.check_audiodata32_update_at_fff:precondition1" was covered in 1 cycles in 0.01 s.
0.0.Hp: A trace with 1 cycles was found. [0.01 s]
INFO (IPF055): 0.0.Hp: A counterexample (cex) with 1 cycles was found for the property "pwm_out.auto_sva_inst.check_audiodata32_changes_only_on_fff" in 0.02 s.
INFO (IPF047): 0.0.Hp: The cover property "pwm_out.auto_sva_inst.check_audiodata32_changes_only_on_fff:precondition1" was covered in 1 cycles in 0.02 s.
0.0.N: Trace Attempt  5	[0.00 s]
0: ProofGrid is temporarily paused because there are too many pending traces.
0: ProofGrid is resuming to work after pausing for 0s. The amount of pending traces decreased.
0.0.Hp: A trace with 1 cycles was found. [0.01 s]
INFO (IPF055): 0.0.Hp: A counterexample (cex) with 1 cycles was found for the property "pwm_out.auto_sva_inst.check_audiodata32p_changes_only_on_801" in 0.02 s.
INFO (IPF047): 0.0.Hp: The cover property "pwm_out.auto_sva_inst.check_audiodata32p_changes_only_on_801:precondition1" was covered in 1 cycles in 0.02 s.
0.0.N: Trace Attempt  5	[0.00 s]
0.0.N: Trace Attempt  1	[0.00 s]
0.0.N: Trace Attempt  2	[0.00 s]
0.0.N: Trace Attempt  3	[0.00 s]
0.0.Hp: Trace Attempt  2	[0.01 s]
0.0.Hp: Trace Attempt  3	[0.01 s]
0.0.Hp: A trace with 3 cycles was found. [0.01 s]
INFO (IPF055): 0.0.Hp: A counterexample (cex) with 3 cycles was found for the property "pwm_out.auto_sva_inst.check_data_rdy_holds_until_fff" in 0.02 s.
0.0.Hp: A trace with 3 cycles was found. [0.01 s]
INFO (IPF055): 0.0.Hp: A counterexample (cex) with 3 cycles was found for the property "pwm_out.auto_sva_inst.check_data_rdy_clear_at_fff" in 0.02 s.
0.0.Hp: A trace with 3 cycles was found. [0.02 s]
INFO (IPF055): 0.0.Hp: A counterexample (cex) with 3 cycles was found for the property "pwm_out.auto_sva_inst.check_audiodata32_update_at_fff" in 0.02 s.
0.0.Hp: Trace Attempt  4	[0.03 s]
0.0.Hp: Trace Attempt  5	[0.05 s]
0.0.B: Proofgrid shell started at 1472831@della-h14n3(local) jg_1472634_della-h14n3_1
0.0.Ht: Proofgrid shell started at 1472830@della-h14n3(local) jg_1472634_della-h14n3_1
0.0.B: OS RSS memory limit : 68719476736 / 68719476736
0.0.Ht: OS RSS memory limit : 68719476736 / 68719476736
0.0.B: clocks: 1, declared: 1, disabling: 0, posedge: 1, negedge: 0, noedge: 0, bothedge: 0
0.0.Ht: clocks: 1, declared: 1, disabling: 0, posedge: 1, negedge: 0, noedge: 0, bothedge: 0
0.0.B: Next scan (0) will use per property time limit: 1s * 10 ^ 0 = 1s
0.0.B: Starting proof for property "pwm_out.auto_sva_inst.check_rdreq_high_only_at_801"	[0.00 s].
0.0.B: Trace Attempt  1	[0.00 s]
0.0.B: Trace Attempt  2	[0.00 s]
0.0.B: Trace Attempt  3	[0.00 s]
0.0.B: Trace Attempt  4	[0.00 s]
0.0.B: Trace Attempt  5	[0.00 s]
0.0.Ht: Trace Attempt  1	[0.00 s]
0.0.Ht: Trace Attempt  2	[0.00 s]
0.0.Ht: Trace Attempt  3	[0.00 s]
0.0.Ht: Trace Attempt  4	[0.00 s]
0.0.Ht: Trace Attempt  5	[0.00 s]
0.0.Hp: A proof was found: No trace exists. [0.09 s]
INFO (IPF057): 0.0.Hp: The property "pwm_out.auto_sva_inst.check_rdreq_one_cycle_pulse" was proven in 0.09 s.
0: ProofGrid usable level: 12
0.0.B: Trace Attempt 173	[0.93 s]
0.0.B: Per property time limit expired (0.93 s) [0.94 s]
0.0.B: Stopped processing property "pwm_out.auto_sva_inst.check_rdreq_high_only_at_801"	[0.94 s].
0.0.B: Starting proof for property "pwm_out.auto_sva_inst.check_rdreq_high_only_at_801:precondition1"	[0.00 s].
0.0.B: A max_length bound was found. The shortest trace is no longer than 16384 cycles. [0.00 s]
INFO (IPF008): 0.0.B: A max_length bound of 16384 was found for the property "pwm_out.auto_sva_inst.check_rdreq_high_only_at_801:precondition1" in 0.00 s.
0.0.B: Trace Attempt  1	[0.00 s]
0.0.B: Trace Attempt  2	[0.00 s]
0.0.B: Trace Attempt  3	[0.00 s]
0.0.B: Trace Attempt  4	[0.00 s]
0.0.B: Trace Attempt  5	[0.00 s]
0.0.N: Trace Attempt 192	[0.97 s]
0.0.N: Per property time limit expired (1.00 s) [1.00 s]
0.0.N: Stopped processing property "pwm_out.auto_sva_inst.check_rdreq_high_only_at_801"	[1.00 s].
0.0.N: Starting proof for property "pwm_out.auto_sva_inst.check_rdreq_high_only_at_801:precondition1"	[0.00 s].
0.0.N: Trace Attempt  1	[0.00 s]
0.0.N: Trace Attempt  2	[0.00 s]
0.0.N: Trace Attempt  3	[0.00 s]
0.0.N: Trace Attempt  3	[0.00 s]
0.0.N: Trace Attempt  4	[0.00 s]
0.0.N: Trace Attempt  5	[0.00 s]
0.0.N: Trace Attempt  5	[0.00 s]
0.0.N: Trace Attempt  1	[0.00 s]
0.0.N: Trace Attempt  2	[0.00 s]
0.0.N: Trace Attempt  3	[0.00 s]
0.0.B: Trace Attempt 180	[0.87 s]
0.0.B: Per property time limit expired (1.00 s) [1.00 s]
0.0.B: Stopped processing property "pwm_out.auto_sva_inst.check_rdreq_high_only_at_801:precondition1"	[1.00 s].
0.0.B: Starting proof for property "pwm_out.auto_sva_inst.check_rdreq_rise_requires_not_empty_800"	[0.00 s].
0.0.B: A max_length bound was found. The shortest trace is no longer than 268435456 cycles. [0.00 s]
INFO (IPF008): 0.0.B: A max_length bound of 268435456 was found for the property "pwm_out.auto_sva_inst.check_rdreq_rise_requires_not_empty_800" in 0.00 s.
0.0.B: Trace Attempt  1	[0.00 s]
0.0.B: Trace Attempt  2	[0.00 s]
0.0.B: Trace Attempt  3	[0.00 s]
0.0.B: Trace Attempt  4	[0.00 s]
0.0.B: Trace Attempt  5	[0.00 s]
0.0.N: Stopped processing property "pwm_out.auto_sva_inst.check_rdreq_high_only_at_801:precondition1"	[1.00 s].
0.0.N: Starting proof for property "pwm_out.auto_sva_inst.check_rdreq_rise_requires_not_empty_800"	[0.00 s].
0.0.N: Trace Attempt  1	[0.00 s]
0.0.N: Trace Attempt  2	[0.00 s]
0.0.N: Trace Attempt  3	[0.00 s]
0.0.N: Trace Attempt  3	[0.00 s]
0.0.N: Trace Attempt  4	[0.00 s]
0.0.N: Trace Attempt  5	[0.00 s]
0.0.N: Trace Attempt  5	[0.00 s]
0.0.N: Trace Attempt  1	[0.00 s]
0.0.N: Trace Attempt  2	[0.00 s]
0.0.N: Trace Attempt  3	[0.00 s]
0.0.B: Trace Attempt 200	[0.99 s]
0.0.B: Per property time limit expired (1.00 s) [1.00 s]
0.0.B: Stopped processing property "pwm_out.auto_sva_inst.check_rdreq_rise_requires_not_empty_800"	[1.00 s].
0.0.B: Starting proof for property "pwm_out.auto_sva_inst.check_rdreq_rise_requires_not_empty_800:precondition1"	[0.00 s].
0.0.B: A max_length bound was found. The shortest trace is no longer than 32768 cycles. [0.00 s]
INFO (IPF008): 0.0.B: A max_length bound of 32768 was found for the property "pwm_out.auto_sva_inst.check_rdreq_rise_requires_not_empty_800:precondition1" in 0.00 s.
0.0.B: Trace Attempt  1	[0.00 s]
0.0.B: Trace Attempt  2	[0.00 s]
0.0.B: Trace Attempt  3	[0.00 s]
0.0.B: Trace Attempt  4	[0.00 s]
0.0.B: Trace Attempt  5	[0.00 s]
0.0.N: Stopped processing property "pwm_out.auto_sva_inst.check_rdreq_rise_requires_not_empty_800"	[1.00 s].
0.0.N: Starting proof for property "pwm_out.auto_sva_inst.check_rdreq_rise_requires_not_empty_800:precondition1"	[0.00 s].
0.0.N: Trace Attempt  1	[0.00 s]
0.0.N: Trace Attempt  2	[0.00 s]
0.0.N: Trace Attempt  3	[0.00 s]
0.0.N: Trace Attempt  3	[0.00 s]
0.0.N: Trace Attempt  4	[0.00 s]
0.0.N: Trace Attempt  5	[0.00 s]
0.0.N: Trace Attempt  5	[0.00 s]
0.0.N: Trace Attempt  1	[0.00 s]
0.0.N: Trace Attempt  2	[0.00 s]
0.0.N: Trace Attempt  3	[0.00 s]
0.0.B: Trace Attempt 178	[0.98 s]
0.0.B: Per property time limit expired (1.00 s) [1.00 s]
0.0.B: Stopped processing property "pwm_out.auto_sva_inst.check_rdreq_rise_requires_not_empty_800:precondition1"	[1.00 s].
0.0.B: Starting proof for property "pwm_out.auto_sva_inst.check_rdreq_clear_after_801"	[0.00 s].
0.0.B: A max_length bound was found. The shortest trace is no longer than 65536 cycles. [0.00 s]
INFO (IPF008): 0.0.B: A max_length bound of 65536 was found for the property "pwm_out.auto_sva_inst.check_rdreq_clear_after_801" in 0.00 s.
0.0.B: Trace Attempt  1	[0.00 s]
0.0.B: Trace Attempt  2	[0.00 s]
0.0.B: Trace Attempt  3	[0.00 s]
0.0.B: Trace Attempt  4	[0.00 s]
0.0.B: Trace Attempt  5	[0.00 s]
0.0.N: Stopped processing property "pwm_out.auto_sva_inst.check_rdreq_rise_requires_not_empty_800:precondition1"	[1.00 s].
0.0.N: Starting proof for property "pwm_out.auto_sva_inst.check_rdreq_clear_after_801"	[0.00 s].
0.0.N: Trace Attempt  1	[0.00 s]
0.0.N: Trace Attempt  2	[0.00 s]
0.0.N: Trace Attempt  2	[0.00 s]
0.0.N: Trace Attempt  3	[0.00 s]
0.0.N: Trace Attempt  4	[0.00 s]
0.0.N: Trace Attempt  4	[0.00 s]
0.0.N: Trace Attempt  5	[0.00 s]
0.0.N: Trace Attempt  1	[0.00 s]
0.0.N: Trace Attempt  2	[0.00 s]
0.0.N: Trace Attempt  3	[0.00 s]
0.0.B: Trace Attempt 706	[1.00 s]
0.0.B: Per property time limit expired (1.00 s) [1.01 s]
0.0.B: Stopped processing property "pwm_out.auto_sva_inst.check_rdreq_clear_after_801"	[1.01 s].
0.0.B: Starting proof for property "pwm_out.auto_sva_inst.check_rdreq_clear_after_801:precondition1"	[0.00 s].
0.0.N: Trace Attempt 208	[0.91 s]
0.0.N: Per property time limit expired (1.00 s) [1.00 s]
0.0.N: Stopped processing property "pwm_out.auto_sva_inst.check_rdreq_clear_after_801"	[1.00 s].
0.0.N: Starting proof for property "pwm_out.auto_sva_inst.check_rdreq_clear_after_801:precondition1"	[0.00 s].
0.0.B: A max_length bound was found. The shortest trace is no longer than 32768 cycles. [0.00 s]
INFO (IPF008): 0.0.B: A max_length bound of 32768 was found for the property "pwm_out.auto_sva_inst.check_rdreq_clear_after_801:precondition1" in 0.00 s.
0.0.B: Trace Attempt  1	[0.00 s]
0.0.N: Trace Attempt  1	[0.00 s]
0.0.B: Trace Attempt  2	[0.00 s]
0.0.B: Trace Attempt  3	[0.00 s]
0.0.B: Trace Attempt  4	[0.00 s]
0.0.B: Trace Attempt  5	[0.00 s]
0.0.N: Trace Attempt  2	[0.00 s]
0.0.N: Trace Attempt  3	[0.00 s]
0.0.N: Trace Attempt  3	[0.00 s]
0.0.N: Trace Attempt  4	[0.00 s]
0.0.N: Trace Attempt  5	[0.00 s]
0.0.N: Trace Attempt  1	[0.00 s]
0.0.N: Trace Attempt  2	[0.00 s]
0.0.N: Trace Attempt  3	[0.00 s]
0.0.N: Trace Attempt  1	[0.01 s]
0.0.N: Trace Attempt  2	[0.01 s]
0.0.N: Trace Attempt  3	[0.01 s]
0.0.B: Trace Attempt 196	[0.98 s]
0.0.B: Per property time limit expired (1.00 s) [1.00 s]
0.0.B: Stopped processing property "pwm_out.auto_sva_inst.check_rdreq_clear_after_801:precondition1"	[1.00 s].
0.0.B: Starting proof for property "pwm_out.auto_sva_inst.check_rdreq_one_cycle_pulse:precondition1"	[0.00 s].
0.0.B: A max_length bound was found. The shortest trace is no longer than 65536 cycles. [0.00 s]
INFO (IPF008): 0.0.B: A max_length bound of 65536 was found for the property "pwm_out.auto_sva_inst.check_rdreq_one_cycle_pulse:precondition1" in 0.00 s.
0.0.B: Trace Attempt  1	[0.00 s]
0.0.B: Trace Attempt  2	[0.00 s]
0.0.B: Trace Attempt  3	[0.00 s]
0.0.B: Trace Attempt  4	[0.00 s]
0.0.B: Trace Attempt  5	[0.00 s]
0.0.N: Trace Attempt 287	[1.00 s]
0.0.N: Per property time limit expired (1.00 s) [1.01 s]
0.0.N: Stopped processing property "pwm_out.auto_sva_inst.check_rdreq_clear_after_801:precondition1"	[1.01 s].
0.0.N: Starting proof for property "pwm_out.auto_sva_inst.check_rdreq_one_cycle_pulse:precondition1"	[0.00 s].
0.0.N: Trace Attempt  1	[0.00 s]
0.0.N: Trace Attempt  2	[0.00 s]
0.0.N: Trace Attempt  3	[0.00 s]
0.0.N: Trace Attempt  3	[0.00 s]
0.0.N: Trace Attempt  4	[0.00 s]
0.0.N: Trace Attempt  5	[0.00 s]
0.0.N: Trace Attempt  1	[0.00 s]
0.0.N: Trace Attempt  2	[0.00 s]
0.0.N: Trace Attempt  3	[0.00 s]
0.0.N: Trace Attempt  1	[0.01 s]
0.0.N: Trace Attempt  2	[0.01 s]
0.0.N: Trace Attempt  3	[0.01 s]
0.0.B: Trace Attempt 193	[1.00 s]
0.0.B: Per property time limit expired (1.00 s) [1.00 s]
0.0.B: Stopped processing property "pwm_out.auto_sva_inst.check_rdreq_one_cycle_pulse:precondition1"	[1.00 s].
0.0.B: Starting proof for property "pwm_out.auto_sva_inst.check_capture_data_on_801"	[0.00 s].
0.0.B: Trace Attempt  1	[0.00 s]
0.0.B: Trace Attempt  2	[0.00 s]
0.0.B: Trace Attempt  3	[0.00 s]
0.0.B: Trace Attempt  4	[0.00 s]
0.0.B: Trace Attempt  5	[0.00 s]
0.0.N: Stopped processing property "pwm_out.auto_sva_inst.check_rdreq_one_cycle_pulse:precondition1"	[1.00 s].
0.0.N: Starting proof for property "pwm_out.auto_sva_inst.check_capture_data_on_801"	[0.00 s].
0.0.N: Trace Attempt  1	[0.00 s]
0.0.N: Trace Attempt  2	[0.00 s]
0.0.N: Trace Attempt  2	[0.00 s]
0.0.N: Trace Attempt  3	[0.00 s]
0.0.N: Trace Attempt  4	[0.00 s]
0.0.N: Trace Attempt  4	[0.00 s]
0.0.N: Trace Attempt  5	[0.00 s]
0.0.N: Trace Attempt  1	[0.01 s]
0.0.N: Trace Attempt  2	[0.01 s]
0.0.N: Trace Attempt  3	[0.01 s]
0.0.Ht: Trace Attempt 342	[6.98 s]
0.0.B: Trace Attempt 152	[0.93 s]
0.0.B: Per property time limit expired (1.00 s) [1.00 s]
0.0.B: Stopped processing property "pwm_out.auto_sva_inst.check_capture_data_on_801"	[1.00 s].
0.0.B: Starting proof for property "pwm_out.auto_sva_inst.check_capture_data_on_801:precondition1"	[0.00 s].
0.0.B: A max_length bound was found. The shortest trace is no longer than 32768 cycles. [0.00 s]
INFO (IPF008): 0.0.B: A max_length bound of 32768 was found for the property "pwm_out.auto_sva_inst.check_capture_data_on_801:precondition1" in 0.00 s.
0.0.B: Trace Attempt  1	[0.00 s]
0.0.B: Trace Attempt  2	[0.00 s]
0.0.B: Trace Attempt  3	[0.00 s]
0.0.B: Trace Attempt  4	[0.00 s]
0.0.B: Trace Attempt  5	[0.00 s]
0.0.N: Stopped processing property "pwm_out.auto_sva_inst.check_capture_data_on_801"	[1.00 s].
0.0.N: Starting proof for property "pwm_out.auto_sva_inst.check_capture_data_on_801:precondition1"	[0.00 s].
0.0.N: Trace Attempt  1	[0.00 s]
0.0.N: Trace Attempt  2	[0.00 s]
0.0.N: Trace Attempt  3	[0.00 s]
0.0.N: Trace Attempt  3	[0.00 s]
0.0.N: Trace Attempt  4	[0.00 s]
0.0.N: Trace Attempt  5	[0.00 s]
0.0.N: Trace Attempt  1	[0.00 s]
0.0.N: Trace Attempt  2	[0.00 s]
0.0.N: Trace Attempt  3	[0.00 s]
0.0.N: Trace Attempt  1	[0.01 s]
0.0.N: Trace Attempt  2	[0.01 s]
0.0.N: Trace Attempt  3	[0.01 s]
0.0.B: Trace Attempt 196	[0.97 s]
0.0.B: Per property time limit expired (1.00 s) [1.00 s]
0.0.B: Stopped processing property "pwm_out.auto_sva_inst.check_capture_data_on_801:precondition1"	[1.00 s].
0.0.B: Starting proof for property "pwm_out.auto_sva_inst.check_data_rdy_set_after_801"	[0.00 s].
0.0.B: A max_length bound was found. The shortest trace is no longer than 65536 cycles. [0.00 s]
INFO (IPF008): 0.0.B: A max_length bound of 65536 was found for the property "pwm_out.auto_sva_inst.check_data_rdy_set_after_801" in 0.00 s.
0.0.B: Trace Attempt  1	[0.00 s]
0.0.B: Trace Attempt  2	[0.00 s]
0.0.B: Trace Attempt  3	[0.00 s]
0.0.B: Trace Attempt  4	[0.00 s]
0.0.B: Trace Attempt  5	[0.00 s]
0.0.N: Stopped processing property "pwm_out.auto_sva_inst.check_capture_data_on_801:precondition1"	[1.00 s].
0.0.N: Starting proof for property "pwm_out.auto_sva_inst.check_data_rdy_set_after_801"	[0.00 s].
0.0.N: Trace Attempt  1	[0.00 s]
0.0.N: Trace Attempt  2	[0.00 s]
0.0.N: Trace Attempt  2	[0.00 s]
0.0.N: Trace Attempt  3	[0.00 s]
0.0.N: Trace Attempt  4	[0.00 s]
0.0.N: Trace Attempt  4	[0.00 s]
0.0.N: Trace Attempt  5	[0.00 s]
0.0.N: Trace Attempt  1	[0.01 s]
0.0.N: Trace Attempt  2	[0.01 s]
0.0.N: Trace Attempt  3	[0.01 s]
0.0.B: Trace Attempt 162	[0.99 s]
0.0.B: Per property time limit expired (1.00 s) [1.00 s]
0.0.B: Stopped processing property "pwm_out.auto_sva_inst.check_data_rdy_set_after_801"	[1.00 s].
0.0.B: Starting proof for property "pwm_out.auto_sva_inst.check_data_rdy_set_after_801:precondition1"	[0.00 s].
0.0.B: A max_length bound was found. The shortest trace is no longer than 32768 cycles. [0.00 s]
INFO (IPF008): 0.0.B: A max_length bound of 32768 was found for the property "pwm_out.auto_sva_inst.check_data_rdy_set_after_801:precondition1" in 0.00 s.
0.0.B: Trace Attempt  1	[0.00 s]
0.0.B: Trace Attempt  2	[0.00 s]
0.0.B: Trace Attempt  3	[0.00 s]
0.0.B: Trace Attempt  4	[0.00 s]
0.0.B: Trace Attempt  5	[0.00 s]
0.0.N: Stopped processing property "pwm_out.auto_sva_inst.check_data_rdy_set_after_801"	[1.00 s].
0.0.N: Starting proof for property "pwm_out.auto_sva_inst.check_data_rdy_set_after_801:precondition1"	[0.00 s].
0.0.N: Trace Attempt  1	[0.00 s]
0.0.N: Trace Attempt  2	[0.00 s]
0.0.N: Trace Attempt  3	[0.00 s]
0.0.N: Trace Attempt  3	[0.00 s]
0.0.N: Trace Attempt  4	[0.00 s]
0.0.N: Trace Attempt  5	[0.00 s]
0.0.N: Trace Attempt  1	[0.00 s]
0.0.N: Trace Attempt  2	[0.00 s]
0.0.N: Trace Attempt  3	[0.00 s]
0.0.N: Trace Attempt  1	[0.01 s]
0.0.N: Trace Attempt  2	[0.01 s]
0.0.N: Trace Attempt  3	[0.01 s]
0.0.B: Trace Attempt 196	[0.97 s]
0.0.B: Per property time limit expired (1.00 s) [1.00 s]
0.0.B: Stopped processing property "pwm_out.auto_sva_inst.check_data_rdy_set_after_801:precondition1"	[1.00 s].
0.0.B: Starting proof for property "pwm_out.auto_sva_inst.check_pwms_equal_when_thresholds_equal"	[0.00 s].
0.0.B: Trace Attempt  1	[0.00 s]
0.0.B: Trace Attempt  2	[0.00 s]
0.0.B: Trace Attempt  3	[0.00 s]
0.0.B: Trace Attempt  4	[0.00 s]
0.0.B: Trace Attempt  5	[0.00 s]
0.0.N: Stopped processing property "pwm_out.auto_sva_inst.check_data_rdy_set_after_801:precondition1"	[1.00 s].
0.0.N: Starting proof for property "pwm_out.auto_sva_inst.check_pwms_equal_when_thresholds_equal"	[0.00 s].
0.0.N: Trace Attempt  1	[0.00 s]
0.0.N: Trace Attempt  2	[0.00 s]
0.0.N: Trace Attempt  2	[0.00 s]
0.0.N: Trace Attempt  3	[0.00 s]
0.0.N: Trace Attempt  3	[0.00 s]
0.0.N: Trace Attempt  4	[0.00 s]
0.0.N: Trace Attempt  5	[0.01 s]
0.0.N: Trace Attempt  1	[0.01 s]
0.0.N: Trace Attempt  2	[0.01 s]
0.0.N: Trace Attempt  3	[0.01 s]
0.0.Ht: Trace Attempt 483	[10.98 s]
0.0.B: Trace Attempt 183	[0.99 s]
0.0.B: Per property time limit expired (1.00 s) [1.01 s]
0.0.B: Stopped processing property "pwm_out.auto_sva_inst.check_pwms_equal_when_thresholds_equal"	[1.01 s].
0.0.B: Next scan (1) will use per property time limit: 1s * 10 ^ 1 = 10s
0.0.B: Starting proof for property "pwm_out.auto_sva_inst.check_rdreq_high_only_at_801"	[0.00 s].
0.0.B: Trace Attempt  1	[0.00 s]
0.0.B: Trace Attempt  2	[0.00 s]
0.0.B: Trace Attempt  3	[0.00 s]
0.0.B: Trace Attempt  4	[0.00 s]
0.0.B: Trace Attempt  5	[0.00 s]
0.0.N: Trace Attempt 76	[0.96 s]
0.0.N: Per property time limit expired (1.00 s) [1.00 s]
0.0.N: Stopped processing property "pwm_out.auto_sva_inst.check_pwms_equal_when_thresholds_equal"	[1.00 s].
0.0.N: Next scan (1) will use per property time limit: 1s * 10 ^ 1 = 10s
0.0.N: Starting proof for property "pwm_out.auto_sva_inst.check_rdreq_high_only_at_801"	[0.00 s].
0.0.N: Trace Attempt 11	[0.00 s]
0.0.N: Trace Attempt  1	[0.00 s]
0.0.N: Trace Attempt  2	[0.00 s]
0.0.N: Trace Attempt  3	[0.00 s]
0.0.Ht: Trace Attempt 604	[14.99 s]
0.0.B: Trace Attempt 263	[4.00 s]
0.0.N: Trace Attempt 408	[4.01 s]
0.0.Ht: Trace Attempt 673	[19.00 s]
0.0.B: Trace Attempt 313	[8.17 s]
0.0.B: Trace Attempt 324	[9.99 s]
0.0.B: Per property time limit expired (10.00 s) [10.00 s]
0.0.B: Stopped processing property "pwm_out.auto_sva_inst.check_rdreq_high_only_at_801"	[10.00 s].
0.0.B: Starting proof for property "pwm_out.auto_sva_inst.check_rdreq_high_only_at_801:precondition1"	[0.00 s].
0.0.B: Trace Attempt  1	[0.00 s]
0.0.B: Trace Attempt  2	[0.00 s]
0.0.B: Trace Attempt  3	[0.00 s]
0.0.B: Trace Attempt  4	[0.00 s]
0.0.B: Trace Attempt  5	[0.00 s]
0.0.N: Stopped processing property "pwm_out.auto_sva_inst.check_rdreq_high_only_at_801"	[10.01 s].
0.0.N: Starting proof for property "pwm_out.auto_sva_inst.check_rdreq_high_only_at_801:precondition1"	[0.00 s].
0.0.N: Trace Attempt  1	[0.00 s]
0.0.N: Trace Attempt  2	[0.00 s]
0.0.N: Trace Attempt  3	[0.00 s]
0.0.Ht: Trace Attempt 742	[23.00 s]
0.0.B: Trace Attempt 330	[4.30 s]
0.0.Ht: Trace Attempt 798	[27.36 s]
0.0.B: Trace Attempt 335	[8.46 s]
0.0.Ht: Trace Attempt 853	[31.47 s]
0.0.B: Trace Attempt 338	[9.94 s]
0.0.B: Per property time limit expired (10.00 s) [10.00 s]
0.0.B: Stopped processing property "pwm_out.auto_sva_inst.check_rdreq_high_only_at_801:precondition1"	[10.00 s].
0.0.B: Starting proof for property "pwm_out.auto_sva_inst.check_rdreq_rise_requires_not_empty_800"	[0.00 s].
0.0.B: Trace Attempt  1	[0.00 s]
0.0.B: Trace Attempt  2	[0.00 s]
0.0.B: Trace Attempt  3	[0.00 s]
0.0.B: Trace Attempt  4	[0.00 s]
0.0.B: Trace Attempt  5	[0.00 s]
0.0.N: Stopped processing property "pwm_out.auto_sva_inst.check_rdreq_high_only_at_801:precondition1"	[10.00 s].
0.0.N: Starting proof for property "pwm_out.auto_sva_inst.check_rdreq_rise_requires_not_empty_800"	[0.00 s].
0.0.N: Trace Attempt  1	[0.00 s]
0.0.N: Trace Attempt  2	[0.00 s]
0.0.N: Trace Attempt  3	[0.00 s]
0.0.Ht: Trace Attempt 885	[35.52 s]
0.0.B: Trace Attempt 283	[4.46 s]
0.0.Ht: Trace Attempt 941	[39.55 s]
0.0.B: Trace Attempt 324	[8.72 s]
0.0.B: Trace Attempt 329	[9.84 s]
0.0.B: Per property time limit expired (10.00 s) [10.00 s]
0.0.B: Stopped processing property "pwm_out.auto_sva_inst.check_rdreq_rise_requires_not_empty_800"	[10.00 s].
0.0.B: Starting proof for property "pwm_out.auto_sva_inst.check_rdreq_rise_requires_not_empty_800:precondition1"	[0.00 s].
0.0.B: Trace Attempt  1	[0.00 s]
0.0.B: Trace Attempt  2	[0.00 s]
0.0.B: Trace Attempt  3	[0.00 s]
0.0.B: Trace Attempt  4	[0.00 s]
0.0.B: Trace Attempt  5	[0.00 s]
0.0.N: Stopped processing property "pwm_out.auto_sva_inst.check_rdreq_rise_requires_not_empty_800"	[10.00 s].
0.0.N: Starting proof for property "pwm_out.auto_sva_inst.check_rdreq_rise_requires_not_empty_800:precondition1"	[0.00 s].
0.0.N: Trace Attempt  1	[0.00 s]
0.0.N: Trace Attempt  2	[0.00 s]
0.0.N: Trace Attempt  3	[0.00 s]
0.0.Ht: Trace Attempt 967	[43.58 s]
0.0.N: Trace Attempt 408	[4.00 s]
0.0.B: Trace Attempt 250	[4.24 s]
0.0.Ht: Trace Attempt 1017	[47.72 s]
0.0.B: Trace Attempt 306	[8.55 s]
0.0.B: Trace Attempt 317	[9.94 s]
0.0.B: Per property time limit expired (10.00 s) [10.00 s]
0.0.B: Stopped processing property "pwm_out.auto_sva_inst.check_rdreq_rise_requires_not_empty_800:precondition1"	[10.00 s].
0.0.B: Starting proof for property "pwm_out.auto_sva_inst.check_rdreq_clear_after_801"	[0.00 s].
0.0.B: Trace Attempt  1	[0.00 s]
0.0.B: Trace Attempt  2	[0.00 s]
0.0.B: Trace Attempt  3	[0.00 s]
0.0.B: Trace Attempt  4	[0.00 s]
0.0.B: Trace Attempt  5	[0.00 s]
0.0.N: Stopped processing property "pwm_out.auto_sva_inst.check_rdreq_rise_requires_not_empty_800:precondition1"	[10.00 s].
0.0.N: Starting proof for property "pwm_out.auto_sva_inst.check_rdreq_clear_after_801"	[0.00 s].
0.0.Ht: Trace Attempt 1039	[52.42 s]
0.0.N: Trace Attempt  1	[2.28 s]
0.0.N: Trace Attempt  2	[2.28 s]
0.0.N: Trace Attempt  3	[2.28 s]
0.0.N: Validation of fixpoint was successful. Time = 0.00
0.0.N: Trace Attempt  6	[2.28 s]
0.0.N: A proof was found: No trace exists. [2.28 s]
INFO (IPF057): 0.0.N: The property "pwm_out.auto_sva_inst.check_rdreq_clear_after_801" was proven in 2.28 s.
0.0.N: Stopped processing property "pwm_out.auto_sva_inst.check_rdreq_clear_after_801"	[2.28 s].
0.0.N: Starting proof for property "pwm_out.auto_sva_inst.check_rdreq_clear_after_801:precondition1"	[0.00 s].
0.0.N: Trace Attempt 11	[0.00 s]
0.0.N: Trace Attempt  1	[0.00 s]
0.0.N: Trace Attempt  2	[0.00 s]
0.0.N: Trace Attempt  3	[0.00 s]
0.0.N: Trace Attempt  5	[0.00 s]
0.0.B: Stopped processing property "pwm_out.auto_sva_inst.check_rdreq_clear_after_801"	[2.31 s].
0.0.B: Starting proof for property "pwm_out.auto_sva_inst.check_rdreq_clear_after_801:precondition1"	[0.00 s].
0.0.B: Trace Attempt  1	[0.00 s]
0.0.B: Trace Attempt  2	[0.00 s]
0.0.B: Trace Attempt  3	[0.00 s]
0.0.B: Trace Attempt  4	[0.00 s]
0.0.B: Trace Attempt  5	[0.00 s]
0: ProofGrid usable level: 11
0.0.Ht: Trace Attempt 1077	[56.64 s]
0.0.B: Trace Attempt 260	[4.01 s]
0.0.Ht: Trace Attempt 1104	[60.82 s]
0.0.B: Trace Attempt 342	[8.16 s]
0.0.N: Trace Attempt 421	[2.95 s]
0.0.N: Per property time limit expired (10.00 s) [10.01 s]
0.0.N: Stopped processing property "pwm_out.auto_sva_inst.check_rdreq_clear_after_801:precondition1"	[10.01 s].
0.0.N: Starting proof for property "pwm_out.auto_sva_inst.check_rdreq_one_cycle_pulse:precondition1"	[0.00 s].
0.0.N: Trace Attempt 11	[0.00 s]
0.0.N: Trace Attempt  1	[0.00 s]
0.0.N: Trace Attempt  2	[0.00 s]
0.0.N: Trace Attempt  3	[0.00 s]
0.0.N: Trace Attempt  5	[0.00 s]
0.0.B: Stopped processing property "pwm_out.auto_sva_inst.check_rdreq_clear_after_801:precondition1"	[10.00 s].
0.0.B: Starting proof for property "pwm_out.auto_sva_inst.check_rdreq_one_cycle_pulse:precondition1"	[0.00 s].
0.0.B: Trace Attempt  1	[0.00 s]
0.0.B: Trace Attempt  2	[0.00 s]
0.0.B: Trace Attempt  3	[0.00 s]
0.0.B: Trace Attempt  4	[0.00 s]
0.0.B: Trace Attempt  5	[0.00 s]
0.0.Ht: Trace Attempt 1118	[65.16 s]
0.0.B: Trace Attempt 256	[4.01 s]
0.0.Ht: Trace Attempt 1160	[69.26 s]
0.0.B: Trace Attempt 293	[8.12 s]
0.0.Ht: Trace Attempt 1190	[73.28 s]
0.0.B: Trace Attempt 324	[9.84 s]
0.0.B: Per property time limit expired (10.00 s) [10.00 s]
0.0.B: Stopped processing property "pwm_out.auto_sva_inst.check_rdreq_one_cycle_pulse:precondition1"	[10.00 s].
0.0.B: Starting proof for property "pwm_out.auto_sva_inst.check_capture_data_on_801"	[0.00 s].
0.0.B: Trace Attempt  1	[0.00 s]
0.0.B: Trace Attempt  2	[0.00 s]
0.0.B: Trace Attempt  3	[0.00 s]
0.0.B: Trace Attempt  4	[0.00 s]
0.0.B: Trace Attempt  5	[0.00 s]
0.0.N: Stopped processing property "pwm_out.auto_sva_inst.check_rdreq_one_cycle_pulse:precondition1"	[10.10 s].
0.0.N: Starting proof for property "pwm_out.auto_sva_inst.check_capture_data_on_801"	[0.00 s].
0.0.N: Trace Attempt  1	[0.00 s]
0.0.N: Trace Attempt  2	[0.00 s]
0.0.N: Trace Attempt  3	[0.00 s]
0.0.Ht: Trace Attempt 1200	[77.44 s]
0.0.N: Trace Attempt 401	[4.02 s]
0.0.B: Trace Attempt 263	[4.11 s]
0.0.Ht: Trace Attempt 1228	[81.53 s]
0.0.N: Trace Attempt 640	[8.02 s]
0.0.B: Trace Attempt 283	[8.35 s]
0.0.B: Trace Attempt 288	[9.85 s]
0.0.B: Per property time limit expired (10.00 s) [10.01 s]
0.0.B: Stopped processing property "pwm_out.auto_sva_inst.check_capture_data_on_801"	[10.01 s].
0.0.B: Starting proof for property "pwm_out.auto_sva_inst.check_capture_data_on_801:precondition1"	[0.00 s].
0.0.B: Trace Attempt  1	[0.00 s]
0.0.B: Trace Attempt  2	[0.00 s]
0.0.B: Trace Attempt  3	[0.00 s]
0.0.B: Trace Attempt  4	[0.00 s]
0.0.B: Trace Attempt  5	[0.00 s]
0.0.N: Stopped processing property "pwm_out.auto_sva_inst.check_capture_data_on_801"	[9.96 s].
0.0.N: Starting proof for property "pwm_out.auto_sva_inst.check_capture_data_on_801:precondition1"	[0.00 s].
0.0.N: Trace Attempt  1	[0.00 s]
0.0.N: Trace Attempt  2	[0.00 s]
0.0.N: Trace Attempt  3	[0.00 s]
0.0.N: Trace Attempt  5	[0.01 s]
0.0.Ht: Trace Attempt 1256	[85.58 s]
0.0.B: Trace Attempt 258	[4.04 s]
0.0.Ht: Trace Attempt 1291	[91.99 s]
0.0.B: Trace Attempt 341	[8.08 s]
0.0.B: Trace Attempt 350	[9.82 s]
0.0.B: Per property time limit expired (10.00 s) [10.00 s]
0.0.B: Stopped processing property "pwm_out.auto_sva_inst.check_capture_data_on_801:precondition1"	[10.00 s].
0.0.B: Starting proof for property "pwm_out.auto_sva_inst.check_data_rdy_set_after_801"	[0.00 s].
0.0.B: Trace Attempt  1	[0.00 s]
0.0.B: Trace Attempt  2	[0.00 s]
0.0.B: Trace Attempt  3	[0.00 s]
0.0.B: Trace Attempt  4	[0.00 s]
0.0.B: Trace Attempt  5	[0.00 s]
0.0.N: Stopped processing property "pwm_out.auto_sva_inst.check_capture_data_on_801:precondition1"	[9.97 s].
0.0.N: Starting proof for property "pwm_out.auto_sva_inst.check_data_rdy_set_after_801"	[0.00 s].
0.0.N: Trace Attempt  1	[0.00 s]
0.0.N: Trace Attempt  2	[0.00 s]
0.0.N: Trace Attempt  3	[0.00 s]
0.0.Ht: Trace Attempt 1327	[96.00 s]
0.0.B: Trace Attempt 226	[4.00 s]
0.0.N: Trace Attempt 400	[4.03 s]
0.0.Ht: Trace Attempt 1353	[100.36 s]
0.0.B: Trace Attempt 264	[8.01 s]
0.0.N: Trace Attempt 639	[8.03 s]
0.0.B: Trace Attempt 273	[9.77 s]
0.0.B: Per property time limit expired (10.00 s) [10.00 s]
0.0.B: Stopped processing property "pwm_out.auto_sva_inst.check_data_rdy_set_after_801"	[10.00 s].
0.0.B: Starting proof for property "pwm_out.auto_sva_inst.check_data_rdy_set_after_801:precondition1"	[0.00 s].
0.0.B: Trace Attempt  1	[0.00 s]
0.0.B: Trace Attempt  2	[0.00 s]
0.0.B: Trace Attempt  3	[0.00 s]
0.0.B: Trace Attempt  4	[0.00 s]
0.0.B: Trace Attempt  5	[0.00 s]
0.0.N: Stopped processing property "pwm_out.auto_sva_inst.check_data_rdy_set_after_801"	[10.04 s].
0.0.N: Starting proof for property "pwm_out.auto_sva_inst.check_data_rdy_set_after_801:precondition1"	[0.00 s].
0.0.N: Trace Attempt  1	[0.00 s]
0.0.N: Trace Attempt  2	[0.01 s]
0.0.N: Trace Attempt  3	[0.01 s]
0.0.N: Trace Attempt  5	[0.01 s]
0.0.Ht: Trace Attempt 1377	[104.58 s]
0.0.B: Trace Attempt 258	[4.04 s]
0.0.Ht: Trace Attempt 1385	[109.35 s]
0.0.B: Trace Attempt 341	[8.05 s]
0.0.Ht: Trace Attempt 1407	[113.48 s]
0.0.B: Trace Attempt 350	[9.80 s]
0.0.B: Per property time limit expired (10.00 s) [10.00 s]
0.0.B: Stopped processing property "pwm_out.auto_sva_inst.check_data_rdy_set_after_801:precondition1"	[10.00 s].
0.0.B: Starting proof for property "pwm_out.auto_sva_inst.check_pwms_equal_when_thresholds_equal"	[0.00 s].
0.0.B: Trace Attempt  1	[0.00 s]
0.0.B: Trace Attempt  2	[0.00 s]
0.0.B: Trace Attempt  3	[0.00 s]
0.0.B: Trace Attempt  4	[0.00 s]
0.0.B: Trace Attempt  5	[0.00 s]
0.0.N: Stopped processing property "pwm_out.auto_sva_inst.check_data_rdy_set_after_801:precondition1"	[9.97 s].
0.0.N: Starting proof for property "pwm_out.auto_sva_inst.check_pwms_equal_when_thresholds_equal"	[0.00 s].
0.0.N: Trace Attempt  3	[0.00 s]
0.0.N: Trace Attempt  4	[0.00 s]
0.0.N: Trace Attempt  5	[0.00 s]
0.0.N: Trace Attempt  1	[0.00 s]
0.0.N: Trace Attempt  2	[0.00 s]
0.0.N: Trace Attempt  3	[0.01 s]
0.0.Ht: Trace Attempt 1426	[117.69 s]
0.0.N: Trace Attempt 149	[4.02 s]
0.0.B: Trace Attempt 340	[4.54 s]
0.0.Ht: Trace Attempt 1452	[121.76 s]
0.0.N: Trace Attempt 335	[8.04 s]
0.0.B: Trace Attempt 383	[9.04 s]
0.0.B: Trace Attempt 402	[9.18 s]
0.0.B: Per property time limit expired (10.00 s) [10.02 s]
0.0.B: Stopped processing property "pwm_out.auto_sva_inst.check_pwms_equal_when_thresholds_equal"	[10.02 s].
0.0.B: Next scan (2) will use per property time limit: 1s * 10 ^ 2 = 100s
0.0.B: Starting proof for property "pwm_out.auto_sva_inst.check_rdreq_high_only_at_801"	[0.00 s].
0.0.B: Trace Attempt  1	[0.00 s]
0.0.B: Trace Attempt  2	[0.00 s]
0.0.B: Trace Attempt  3	[0.00 s]
0.0.B: Trace Attempt  4	[0.00 s]
0.0.B: Trace Attempt  5	[0.00 s]
0.0.N: Trace Attempt 403	[9.98 s]
0.0.N: Per property time limit expired (10.00 s) [10.02 s]
0.0.N: Stopped processing property "pwm_out.auto_sva_inst.check_pwms_equal_when_thresholds_equal"	[10.02 s].
0.0.N: Next scan (2) will use per property time limit: 1s * 10 ^ 2 = 100s
0.0.N: Starting proof for property "pwm_out.auto_sva_inst.check_rdreq_high_only_at_801"	[0.00 s].
0.0.N: Trace Attempt 445	[0.01 s]
0.0.Ht: Trace Attempt 1474	[125.92 s]
0.0.B: Trace Attempt 264	[4.13 s]
0.0.Ht: Trace Attempt 1476	[130.03 s]
0.0.B: Trace Attempt 315	[8.14 s]
0.0.Ht: Trace Attempt 1500	[134.34 s]
0.0.B: Trace Attempt 338	[12.15 s]
0.0.Ht: Trace Attempt 1524	[138.57 s]
0.0.N: Trace Attempt 446	[15.76 s]
0.0.N: Trace Attempt  1	[15.91 s]
0.0.N: Trace Attempt  2	[15.91 s]
0.0.N: Trace Attempt  3	[15.91 s]
0.0.N: Trace Attempt  5	[15.91 s]
0.0.B: Trace Attempt 347	[16.45 s]
0.0.Ht: Trace Attempt 1536	[142.59 s]
0.0.N: Trace Attempt 326	[20.34 s]
0.0.B: Trace Attempt 353	[20.73 s]
0.0.Ht: Trace Attempt 1563	[146.66 s]
0.0.N: Trace Attempt 512	[24.60 s]
0.0.B: Trace Attempt 359	[24.93 s]
0.0.Ht: Trace Attempt 1566	[151.58 s]
0.0.N: Trace Attempt 707	[28.80 s]
0.0.B: Trace Attempt 363	[29.17 s]
0.0.Ht: Trace Attempt 1589	[155.77 s]
0.0.B: Trace Attempt 368	[33.86 s]
0.0.N: Trace Attempt 910	[34.87 s]
0.0.Ht: Trace Attempt 1603	[160.37 s]
0.0.B: Trace Attempt 372	[38.97 s]
0.0.N: Trace Attempt 1102	[39.98 s]
0.0.Ht: Trace Attempt 1620	[164.57 s]
0.0.N: Trace Attempt 1391	[43.98 s]
0.0.Ht: Trace Attempt 1639	[168.72 s]
0.0.B: Trace Attempt 380	[44.72 s]
0.0.N: Trace Attempt 1591	[47.99 s]
0.0.Ht: Trace Attempt 1656	[172.81 s]
0.0.B: Trace Attempt 383	[48.86 s]
0.0.N: Trace Attempt 1677	[52.90 s]
0.0.B: Trace Attempt 386	[53.57 s]
0.0.Ht: Trace Attempt 1657	[178.75 s]
0.0.N: Trace Attempt 1812	[56.92 s]
0.0.Ht: Trace Attempt 1671	[182.93 s]
0.0.B: Trace Attempt 390	[58.97 s]
0.0.N: Trace Attempt 2024	[60.94 s]
0.0.Ht: Trace Attempt 1687	[186.93 s]
0.0.B: Trace Attempt 393	[64.28 s]
0.0.N: Trace Attempt 2151	[65.94 s]
0.0.Ht: Trace Attempt 1710	[190.94 s]
0.0.B: Trace Attempt 396	[69.26 s]
0.0.Ht: Trace Attempt 1725	[195.00 s]
0.0.N: Trace Attempt 2332	[70.84 s]
0.0.Ht: Trace Attempt 1738	[199.15 s]
0.0.B: Trace Attempt 399	[74.86 s]
0.0.N: Trace Attempt 2605	[74.84 s]
0.0.N: Trace Attempt 2899	[78.97 s]
0.0.B: Trace Attempt 402	[80.61 s]
0.0.N: Trace Attempt 2951	[83.34 s]
0.0.Ht: Trace Attempt 1747	[208.30 s]
0.0.B: Trace Attempt 405	[85.59 s]
0.0.N: Trace Attempt 2969	[87.45 s]
0.0.Ht: Trace Attempt 1763	[212.45 s]
0.0.B: Trace Attempt 408	[91.13 s]
0.0.N: Trace Attempt 3000	[91.53 s]
0.0.Ht: Trace Attempt 1777	[216.58 s]
0.0.N: Trace Attempt 3014	[95.65 s]
0.0.Ht: Trace Attempt 1797	[220.81 s]
0.0.B: Trace Attempt 411	[97.66 s]
0.0.N: Trace Attempt 3027	[99.68 s]
0.0.B: Trace Attempt 412	[99.22 s]
0.0.B: Per property time limit expired (100.00 s) [100.00 s]
0.0.B: Stopped processing property "pwm_out.auto_sva_inst.check_rdreq_high_only_at_801"	[100.01 s].
0.0.B: Starting proof for property "pwm_out.auto_sva_inst.check_rdreq_high_only_at_801:precondition1"	[0.00 s].
0.0.B: Trace Attempt  1	[0.00 s]
0.0.B: Trace Attempt  2	[0.00 s]
0.0.B: Trace Attempt  3	[0.00 s]
0.0.B: Trace Attempt  4	[0.00 s]
0.0.B: Trace Attempt  5	[0.00 s]
0.0.N: Stopped processing property "pwm_out.auto_sva_inst.check_rdreq_high_only_at_801"	[100.30 s].
0.0.N: Starting proof for property "pwm_out.auto_sva_inst.check_rdreq_high_only_at_801:precondition1"	[0.00 s].
0.0.Ht: Trace Attempt 1812	[225.25 s]
0.0.B: Trace Attempt 330	[4.16 s]
0.0.Ht: Trace Attempt 1827	[229.47 s]
0.0.B: Trace Attempt 335	[8.27 s]
0.0.Ht: Trace Attempt 1831	[234.74 s]
0.0.B: Trace Attempt 355	[12.31 s]
0.0.Ht: Trace Attempt 1844	[239.25 s]
0.0.Hp: Interrupted (multi)
0.0.Hp: Morphing to Bm
0.0.Hp: All properties determined. [0.00 s]
0.0.Hp: Exited with Success (@ 0.00 s)
0.0.Bm: clocks: 1, declared: 1, disabling: 0, posedge: 1, negedge: 0, noedge: 0, bothedge: 0
0.0.B: Stopped processing property "pwm_out.auto_sva_inst.check_rdreq_high_only_at_801:precondition1"	[16.64 s].
0.0.B: Morphing to Hts
0.0.B: Trace Attempt 363	[16.17 s]
0.0.B: All properties determined. [0.00 s]
0.0.B: Exited with Success (@ 0.00 s)
0.0.Hts: clocks: 1, declared: 1, disabling: 0, posedge: 1, negedge: 0, noedge: 0, bothedge: 0
0.0.Hts: Starting proof for property "pwm_out.auto_sva_inst.check_pwms_equal_when_thresholds_equal"	[0.00 s].
0.0.Hts: Trace Attempt  1	[0.00 s]
0.0.Hts: Trace Attempt  2	[0.00 s]
0.0.Hts: Trace Attempt  3	[0.00 s]
0.0.Hts: Trace Attempt  4	[0.00 s]
0.0.Hts: Trace Attempt  5	[0.00 s]
0.0.Bm: Trace Attempt  1	[0.00 s]
0.0.Bm: Trace Attempt  2	[0.00 s]
0.0.Bm: Trace Attempt  3	[0.01 s]
0.0.Bm: Trace Attempt  4	[0.01 s]
0.0.Bm: Trace Attempt  5	[0.01 s]
0.0.N: Stopped processing property "pwm_out.auto_sva_inst.check_rdreq_high_only_at_801:precondition1"	[16.45 s].
0.0.N: Morphing to AM
0.0.N: Trace Attempt 463	[0.01 s]
0.0.N: All properties determined. [0.00 s]
0.0.N: Exited with Success (@ 0.00 s)
0.0.AM: clocks: 1, declared: 1, disabling: 0, posedge: 1, negedge: 0, noedge: 0, bothedge: 0
0.0.AM: Starting proof for property "pwm_out.auto_sva_inst.check_pwms_equal_when_thresholds_equal"	[0.00 s].
0.0.AM: Trace Attempt  1	[0.00 s]
0.0.AM: Trace Attempt  2	[0.00 s]
0.0.AM: Trace Attempt  3	[0.00 s]
0.0.AM: Trace Attempt  4	[0.00 s]
0.0.AM: Trace Attempt  5	[0.00 s]
0.0.AM: Trace Attempt  1	[0.00 s]
0.0.AM: Trace Attempt  2	[0.00 s]
0.0.AM: Trace Attempt  3	[0.01 s]
0.0.AM: Trace Attempt 63	[0.77 s]
0.0.AM: Per property time limit expired (0.86 s) [0.87 s]
0.0.AM: Stopped processing property "pwm_out.auto_sva_inst.check_pwms_equal_when_thresholds_equal"	[0.87 s].
0.0.AM: Starting proof for property "pwm_out.auto_sva_inst.check_rdreq_clear_after_801:precondition1"	[0.00 s].
0.0.AM: Trace Attempt  1	[0.00 s]
0.0.AM: Trace Attempt  2	[0.00 s]
0.0.AM: Trace Attempt  3	[0.00 s]
0.0.AM: Trace Attempt  4	[0.00 s]
0.0.AM: Trace Attempt  5	[0.00 s]
0.0.AM: Trace Attempt  1	[0.00 s]
0.0.AM: Trace Attempt  2	[0.00 s]
0.0.AM: Trace Attempt  3	[0.00 s]
0.0.AM: Trace Attempt  5	[0.00 s]
0.0.AM: Trace Attempt  1	[0.01 s]
0.0.AM: Trace Attempt  2	[0.01 s]
0.0.AM: Trace Attempt  3	[0.01 s]
0.0.AM: Trace Attempt  5	[0.01 s]
0.0.AM: Trace Attempt  1	[0.01 s]
0.0.AM: Trace Attempt  2	[0.01 s]
0.0.AM: Trace Attempt  3	[0.01 s]
0.0.AM: Trace Attempt  5	[0.02 s]
0.0.Hts: Trace Attempt 1848	[0.77 s]
0.0.Hts: Per property time limit expired (1.00 s) [1.13 s]
0.0.Hts: Stopped processing property "pwm_out.auto_sva_inst.check_pwms_equal_when_thresholds_equal"	[1.13 s].
0.0.Hts: Starting proof for property "pwm_out.auto_sva_inst.check_rdreq_clear_after_801:precondition1"	[0.00 s].
0.0.Hts: Trace Attempt  1	[0.23 s]
0.0.Hts: Trace Attempt  2	[0.23 s]
0.0.Hts: Trace Attempt  3	[0.23 s]
0.0.Hts: Trace Attempt  4	[0.23 s]
0.0.Hts: Trace Attempt  5	[0.23 s]
0.0.AM: Trace Attempt 120	[0.96 s]
0.0.AM: Per property time limit expired (1.00 s) [1.00 s]
0.0.AM: Stopped processing property "pwm_out.auto_sva_inst.check_rdreq_clear_after_801:precondition1"	[1.00 s].
0.0.AM: Starting proof for property "pwm_out.auto_sva_inst.check_rdreq_high_only_at_801:precondition1"	[0.00 s].
0.0.AM: Trace Attempt  1	[0.00 s]
0.0.AM: Trace Attempt  2	[0.00 s]
0.0.AM: Trace Attempt  3	[0.00 s]
0.0.AM: Trace Attempt  4	[0.00 s]
0.0.AM: Trace Attempt  5	[0.00 s]
0.0.AM: Trace Attempt  1	[0.00 s]
0.0.AM: Trace Attempt  2	[0.00 s]
0.0.AM: Trace Attempt  3	[0.00 s]
0.0.AM: Trace Attempt  5	[0.00 s]
0.0.AM: Trace Attempt  1	[0.00 s]
0.0.AM: Trace Attempt  2	[0.01 s]
0.0.AM: Trace Attempt  3	[0.01 s]
0.0.AM: Trace Attempt  5	[0.01 s]
0.0.AM: Trace Attempt  1	[0.01 s]
0.0.AM: Trace Attempt  2	[0.01 s]
0.0.AM: Trace Attempt  3	[0.01 s]
0.0.AM: Trace Attempt  5	[0.01 s]
0.0.AM: Trace Attempt  1	[0.07 s]
0.0.AM: Trace Attempt  2	[0.07 s]
0.0.AM: Trace Attempt  3	[0.08 s]
0.0.AM: Trace Attempt  5	[0.08 s]
0.0.Ht: Trace Attempt 1857	[243.25 s]
0.0.Hts: Trace Attempt 1854	[0.41 s]
0.0.Hts: Per property time limit expired (1.00 s) [1.83 s]
0.0.Hts: Stopped processing property "pwm_out.auto_sva_inst.check_rdreq_clear_after_801:precondition1"	[1.83 s].
0.0.Hts: Starting proof for property "pwm_out.auto_sva_inst.check_rdreq_high_only_at_801:precondition1"	[0.00 s].
0.0.Hts: Trace Attempt  1	[0.00 s]
0.0.Hts: Trace Attempt  2	[0.00 s]
0.0.Hts: Trace Attempt  3	[0.00 s]
0.0.Hts: Trace Attempt  4	[0.00 s]
0.0.Hts: Trace Attempt  5	[0.00 s]
0.0.Hts: Stopped processing property "pwm_out.auto_sva_inst.check_rdreq_high_only_at_801:precondition1"	[0.01 s].
0.0.Hts: Morphing to AB
0.0.Hts: Trace Attempt 101	[0.01 s]
0.0.Hts: All properties determined. [0.00 s]
0.0.Hts: Exited with Success (@ 0.00 s)
0.0.AB: clocks: 1, declared: 1, disabling: 0, posedge: 1, negedge: 0, noedge: 0, bothedge: 0
0.0.AB: Starting proof for property "pwm_out.auto_sva_inst.check_pwms_equal_when_thresholds_equal"	[0.00 s].
0.0.AB: Trace Attempt  1	[0.00 s]
0.0.AB: Trace Attempt  2	[0.00 s]
0.0.AB: Trace Attempt  3	[0.00 s]
0.0.AB: Trace Attempt  4	[0.00 s]
0.0.AB: Trace Attempt  5	[0.00 s]
0.0.AB: Trace Attempt  1	[0.00 s]
0.0.AB: Trace Attempt  2	[0.00 s]
0.0.AB: Trace Attempt  3	[0.00 s]
0.0.AB: Trace Attempt  4	[0.00 s]
0.0.AB: Trace Attempt  5	[0.00 s]
0.0.AM: Stopped processing property "pwm_out.auto_sva_inst.check_rdreq_high_only_at_801:precondition1"	[0.97 s].
0.0.AM: Morphing to K
0.0.AM: Trace Attempt 250	[0.90 s]
0.0.AM: All properties determined. [0.00 s]
0.0.AM: Exited with Success (@ 0.00 s)
0.0.K: clocks: 1, declared: 1, disabling: 0, posedge: 1, negedge: 0, noedge: 0, bothedge: 0
0.0.K: Starting proof for property "pwm_out.auto_sva_inst.check_pwms_equal_when_thresholds_equal"	[0.00 s].
0.0.K: Trace Attempt  3	[0.00 s]
0.0.K: Trace Attempt  1	[0.00 s]
0.0.K: Trace Attempt  2	[0.00 s]
0.0.K: Trace Attempt  3	[0.00 s]
0.0.K: Trace Attempt  4	[0.00 s]
0.0.K: Trace Attempt  5	[0.00 s]
0.0.Bm: Trace Attempt 298	[4.02 s]
0.0.AB: Trace Attempt 183	[1.97 s]
0.0.AB: Per property time limit expired (2.00 s) [2.00 s]
0.0.AB: Stopped processing property "pwm_out.auto_sva_inst.check_pwms_equal_when_thresholds_equal"	[2.00 s].
0.0.AB: Starting proof for property "pwm_out.auto_sva_inst.check_rdreq_one_cycle_pulse:precondition1"	[0.00 s].
0.0.AB: Trace Attempt  1	[0.00 s]
0.0.AB: Trace Attempt  2	[0.00 s]
0.0.AB: Trace Attempt  3	[0.00 s]
0.0.AB: Trace Attempt  4	[0.00 s]
0.0.AB: Trace Attempt  5	[0.00 s]
0.0.AB: Trace Attempt  1	[0.00 s]
0.0.AB: Trace Attempt  2	[0.00 s]
0.0.K: Trace Attempt 209	[1.97 s]
0.0.K: Per property time limit expired (1.99 s) [2.00 s]
0.0.AB: Trace Attempt  3	[0.00 s]
0.0.K: Stopped processing property "pwm_out.auto_sva_inst.check_pwms_equal_when_thresholds_equal"	[2.00 s].
0.0.AB: Trace Attempt  4	[0.00 s]
0.0.AB: Trace Attempt  5	[0.00 s]
0.0.K: Starting proof for property "pwm_out.auto_sva_inst.check_rdreq_one_cycle_pulse:precondition1"	[0.00 s].
0.0.AB: Trace Attempt  1	[0.00 s]
0.0.AB: Trace Attempt  2	[0.01 s]
0.0.AB: Trace Attempt  3	[0.01 s]
0.0.AB: Trace Attempt  4	[0.01 s]
0.0.AB: Trace Attempt  5	[0.01 s]
0.0.K: Trace Attempt 421	[0.01 s]
0.0.AB: Trace Attempt  1	[0.01 s]
0.0.AB: Trace Attempt  2	[0.01 s]
0.0.AB: Trace Attempt  3	[0.01 s]
0.0.AB: Trace Attempt  4	[0.01 s]
0.0.AB: Trace Attempt  5	[0.01 s]
0.0.Ht: Trace Attempt 1873	[247.41 s]
0.0.AB: Trace Attempt 164	[2.00 s]
0.0.AB: Per property time limit expired (2.00 s) [2.00 s]
0.0.AB: Stopped processing property "pwm_out.auto_sva_inst.check_rdreq_one_cycle_pulse:precondition1"	[2.00 s].
0.0.AB: Starting proof for property "pwm_out.auto_sva_inst.check_rdreq_high_only_at_801:precondition1"	[0.00 s].
0.0.AB: Trace Attempt  1	[0.00 s]
0.0.AB: Trace Attempt  2	[0.00 s]
0.0.AB: Trace Attempt  3	[0.00 s]
0.0.AB: Trace Attempt  4	[0.00 s]
0.0.AB: Trace Attempt  5	[0.00 s]
0.0.AB: Trace Attempt  1	[0.00 s]
0.0.AB: Trace Attempt  2	[0.00 s]
0.0.AB: Trace Attempt  3	[0.00 s]
0.0.AB: Trace Attempt  4	[0.00 s]
0.0.AB: Trace Attempt  5	[0.00 s]
0.0.AB: Trace Attempt  1	[0.00 s]
0.0.AB: Trace Attempt  2	[0.00 s]
0.0.AB: Trace Attempt  3	[0.00 s]
0.0.AB: Trace Attempt  4	[0.00 s]
0.0.AB: Trace Attempt  5	[0.00 s]
0.0.K: Stopped processing property "pwm_out.auto_sva_inst.check_rdreq_one_cycle_pulse:precondition1"	[2.00 s].
0.0.K: Starting proof for property "pwm_out.auto_sva_inst.check_rdreq_high_only_at_801:precondition1"	[0.00 s].
0.0.AB: Trace Attempt  1	[0.01 s]
0.0.AB: Trace Attempt  2	[0.01 s]
0.0.AB: Trace Attempt  3	[0.01 s]
0.0.AB: Trace Attempt  4	[0.01 s]
0.0.AB: Trace Attempt  5	[0.01 s]
0.0.AB: Trace Attempt  1	[0.07 s]
0.0.AB: Trace Attempt  2	[0.07 s]
0.0.AB: Trace Attempt  3	[0.07 s]
0.0.AB: Trace Attempt  4	[0.07 s]
0.0.AB: Trace Attempt  5	[0.07 s]
0.0.Bm: Trace Attempt 408	[8.07 s]
0.0.AB: Stopped processing property "pwm_out.auto_sva_inst.check_rdreq_high_only_at_801:precondition1"	[1.61 s].
0.0.AB: Morphing to Hts
0.0.AB: Trace Attempt 218	[1.60 s]
0.0.AB: All properties determined. [0.00 s]
0.0.AB: Exited with Success (@ 0.00 s)
0.0.Hts: Starting proof for property "pwm_out.auto_sva_inst.check_capture_data_on_801"	[0.00 s].
0.0.Hts: Trace Attempt  1	[0.00 s]
0.0.Hts: Trace Attempt  2	[0.00 s]
0.0.Hts: Trace Attempt  3	[0.00 s]
0.0.Hts: Trace Attempt  4	[0.00 s]
0.0.Hts: Trace Attempt  5	[0.00 s]
0.0.K: Stopped processing property "pwm_out.auto_sva_inst.check_rdreq_high_only_at_801:precondition1"	[1.61 s].
0.0.K: Morphing to AM
0.0.K: Trace Attempt 463	[0.01 s]
0.0.K: All properties determined. [0.00 s]
0.0.K: Exited with Success (@ 0.00 s)
0.0.AM: clocks: 1, declared: 1, disabling: 0, posedge: 1, negedge: 0, noedge: 0, bothedge: 0
0.0.AM: Starting proof for property "pwm_out.auto_sva_inst.check_capture_data_on_801"	[0.00 s].
0.0.AM: Trace Attempt  1	[0.00 s]
0.0.AM: Trace Attempt  2	[0.00 s]
0.0.AM: Trace Attempt  3	[0.00 s]
0.0.AM: Trace Attempt  4	[0.00 s]
0.0.AM: Trace Attempt  5	[0.00 s]
0.0.AM: Trace Attempt  1	[0.00 s]
0.0.AM: Trace Attempt  2	[0.00 s]
0.0.AM: Trace Attempt  3	[0.00 s]
0.0.AM: Trace Attempt  1	[0.01 s]
0.0.AM: Trace Attempt  2	[0.01 s]
0.0.AM: Trace Attempt  3	[0.01 s]
0.0.AM: Trace Attempt  1	[0.02 s]
0.0.AM: Trace Attempt  2	[0.02 s]
0.0.AM: Trace Attempt  3	[0.02 s]
0.0.Ht: Trace Attempt 1891	[251.59 s]
0.0.AM: Trace Attempt  1	[3.22 s]
0.0.AM: Trace Attempt  2	[3.22 s]
0.0.AM: Trace Attempt  3	[3.22 s]
0.0.Bm: Trace Attempt 434	[12.58 s]
0.0.AM: Trace Attempt 101	[3.98 s]
0.0.AM: Per property time limit expired (3.99 s) [4.00 s]
0.0.AM: Stopped processing property "pwm_out.auto_sva_inst.check_capture_data_on_801"	[4.00 s].
0.0.AM: Starting proof for property "pwm_out.auto_sva_inst.check_rdreq_rise_requires_not_empty_800"	[0.00 s].
0.0.AM: Trace Attempt  1	[0.00 s]
0.0.AM: Trace Attempt  2	[0.00 s]
0.0.AM: Trace Attempt  3	[0.00 s]
0.0.AM: Trace Attempt  4	[0.00 s]
0.0.AM: Trace Attempt  5	[0.00 s]
0.0.AM: Trace Attempt  1	[0.00 s]
0.0.AM: Trace Attempt  2	[0.00 s]
0.0.AM: Trace Attempt  3	[0.00 s]
0.0.AM: Trace Attempt  5	[0.00 s]
0.0.AM: Trace Attempt  1	[0.01 s]
0.0.AM: Trace Attempt  2	[0.01 s]
0.0.AM: Trace Attempt  3	[0.01 s]
0.0.AM: Trace Attempt  5	[0.01 s]
0.0.AM: Trace Attempt  1	[0.01 s]
0.0.AM: Trace Attempt  2	[0.01 s]
0.0.AM: Trace Attempt  3	[0.01 s]
0.0.AM: Trace Attempt  5	[0.01 s]
0.0.AM: Trace Attempt  1	[0.10 s]
0.0.AM: Trace Attempt  2	[0.10 s]
0.0.AM: Trace Attempt  3	[0.10 s]
0.0.AM: Trace Attempt  5	[0.10 s]
0.0.Hts: Trace Attempt 1882	[0.41 s]
0.0.Hts: Per property time limit expired (4.00 s) [4.57 s]
0.0.Hts: Stopped processing property "pwm_out.auto_sva_inst.check_capture_data_on_801"	[4.57 s].
0.0.Hts: Starting proof for property "pwm_out.auto_sva_inst.check_rdreq_rise_requires_not_empty_800"	[0.00 s].
0.0.Hts: Trace Attempt  1	[0.00 s]
0.0.Hts: Trace Attempt  2	[0.00 s]
0.0.Hts: Trace Attempt  3	[0.00 s]
0.0.Hts: Trace Attempt  4	[0.00 s]
0.0.Hts: Trace Attempt  5	[0.00 s]
0.0.Ht: Trace Attempt 1908	[255.89 s]
0.0.Bm: Trace Attempt 462	[16.58 s]
0.0.AM: Trace Attempt 321	[2.74 s]
0.0.AM: Per property time limit expired (4.00 s) [4.02 s]
0.0.AM: Stopped processing property "pwm_out.auto_sva_inst.check_rdreq_rise_requires_not_empty_800"	[4.02 s].
0.0.AM: Starting proof for property "pwm_out.auto_sva_inst.check_rdreq_high_only_at_801:precondition1"	[0.00 s].
0.0.AM: Trace Attempt  1	[0.00 s]
0.0.AM: Trace Attempt  2	[0.00 s]
0.0.AM: Trace Attempt  3	[0.00 s]
0.0.AM: Trace Attempt  4	[0.00 s]
0.0.AM: Trace Attempt  5	[0.00 s]
0.0.AM: Trace Attempt  1	[0.00 s]
0.0.AM: Trace Attempt  2	[0.00 s]
0.0.AM: Trace Attempt  3	[0.00 s]
0.0.AM: Trace Attempt  5	[0.00 s]
0.0.AM: Trace Attempt  1	[0.01 s]
0.0.AM: Trace Attempt  2	[0.01 s]
0.0.AM: Trace Attempt  3	[0.01 s]
0.0.AM: Trace Attempt  5	[0.01 s]
0.0.AM: Trace Attempt  1	[0.01 s]
0.0.AM: Trace Attempt  2	[0.01 s]
0.0.AM: Trace Attempt  3	[0.01 s]
0.0.AM: Trace Attempt  5	[0.01 s]
0.0.AM: Trace Attempt  1	[0.07 s]
0.0.AM: Trace Attempt  2	[0.07 s]
0.0.AM: Trace Attempt  3	[0.07 s]
0.0.AM: Trace Attempt  5	[0.07 s]
0.0.Hts: Trace Attempt 1903	[0.23 s]
0.0.Hts: Per property time limit expired (4.00 s) [4.27 s]
0.0.Hts: Stopped processing property "pwm_out.auto_sva_inst.check_rdreq_rise_requires_not_empty_800"	[4.27 s].
0.0.Hts: Starting proof for property "pwm_out.auto_sva_inst.check_rdreq_high_only_at_801:precondition1"	[0.00 s].
0.0.Hts: Trace Attempt  1	[0.00 s]
0.0.Hts: Trace Attempt  2	[0.00 s]
0.0.Hts: Trace Attempt  3	[0.00 s]
0.0.Hts: Trace Attempt  4	[0.00 s]
0.0.Hts: Trace Attempt  5	[0.00 s]
0.0.Hts: Stopped processing property "pwm_out.auto_sva_inst.check_rdreq_high_only_at_801:precondition1"	[0.00 s].
0.0.Hts: Starting proof for property "pwm_out.auto_sva_inst.check_rdreq_high_only_at_801"	[0.00 s].
0.0.Hts: Trace Attempt  1	[0.00 s]
0.0.Hts: Trace Attempt  2	[0.00 s]
0.0.Hts: Trace Attempt  3	[0.00 s]
0.0.Hts: Trace Attempt  4	[0.00 s]
0.0.Hts: Trace Attempt  5	[0.00 s]
0.0.AM: Stopped processing property "pwm_out.auto_sva_inst.check_rdreq_high_only_at_801:precondition1"	[0.83 s].
0.0.AM: Morphing to K
0.0.AM: Trace Attempt 232	[0.82 s]
0.0.AM: All properties determined. [0.00 s]
0.0.AM: Exited with Success (@ 0.00 s)
0.0.K: clocks: 1, declared: 1, disabling: 0, posedge: 1, negedge: 0, noedge: 0, bothedge: 0
0.0.K: Starting proof for property "pwm_out.auto_sva_inst.check_rdreq_high_only_at_801"	[0.00 s].
0.0.K: Trace Attempt 445	[0.01 s]
0.0.Ht: Trace Attempt 1929	[260.13 s]
0.0.Bm: Trace Attempt 522	[21.42 s]
0.0.Ht: Trace Attempt 1931	[266.05 s]
0.0.Hts: Trace Attempt 3027	[0.29 s]
0.0.Hts: Per property time limit expired (8.00 s) [8.00 s]
0.0.Hts: Stopped processing property "pwm_out.auto_sva_inst.check_rdreq_high_only_at_801"	[8.00 s].
0.0.Hts: Starting proof for property "pwm_out.auto_sva_inst.check_data_rdy_set_after_801"	[0.00 s].
0.0.K: Stopped processing property "pwm_out.auto_sva_inst.check_rdreq_high_only_at_801"	[8.00 s].
0.0.K: Starting proof for property "pwm_out.auto_sva_inst.check_data_rdy_set_after_801"	[0.00 s].
0.0.K: Trace Attempt  1	[0.00 s]
0.0.K: Trace Attempt  2	[0.00 s]
0.0.K: Trace Attempt  3	[0.00 s]
0.0.K: Trace Attempt  4	[0.00 s]
0.0.K: Trace Attempt  5	[0.00 s]
0.0.Hts: Trace Attempt  1	[0.01 s]
0.0.Hts: Trace Attempt  2	[0.01 s]
0.0.Hts: Trace Attempt  3	[0.01 s]
0.0.Hts: Trace Attempt  4	[0.01 s]
0.0.Hts: Trace Attempt  5	[0.01 s]
0.0.Bm: Trace Attempt 570	[26.21 s]
0.0.Ht: Trace Attempt 1944	[270.49 s]
0.0.K: Trace Attempt 314	[4.38 s]
0.0.Bm: Trace Attempt 574	[30.69 s]
0.0.Hts: Trace Attempt 1933	[0.20 s]
0.0.Hts: Per property time limit expired (8.00 s) [8.00 s]
0.0.Hts: Stopped processing property "pwm_out.auto_sva_inst.check_data_rdy_set_after_801"	[8.00 s].
0.0.Hts: Starting proof for property "pwm_out.auto_sva_inst.check_rdreq_high_only_at_801:precondition1"	[0.00 s].
0.0.K: Stopped processing property "pwm_out.auto_sva_inst.check_data_rdy_set_after_801"	[7.99 s].
0.0.K: Starting proof for property "pwm_out.auto_sva_inst.check_rdreq_high_only_at_801:precondition1"	[0.00 s].
0.0.Hts: Trace Attempt  1	[0.01 s]
0.0.Hts: Trace Attempt  2	[0.01 s]
0.0.Hts: Trace Attempt  3	[0.01 s]
0.0.Hts: Trace Attempt  4	[0.01 s]
0.0.Hts: Trace Attempt  5	[0.01 s]
0.0.Ht: Trace Attempt 1961	[274.99 s]
0.0.Bm: Trace Attempt 576	[35.13 s]
0.0.Hts: Stopped processing property "pwm_out.auto_sva_inst.check_rdreq_high_only_at_801:precondition1"	[3.26 s].
0.0.Hts: Morphing to Tri
0.0.Hts: Trace Attempt 1960	[0.17 s]
0.0.Hts: All properties determined. [0.00 s]
0.0.Hts: Exited with Success (@ 0.00 s)
0.0.Tri: clocks: 1, declared: 1, disabling: 0, posedge: 1, negedge: 0, noedge: 0, bothedge: 0
0.0.K: Stopped processing property "pwm_out.auto_sva_inst.check_rdreq_high_only_at_801:precondition1"	[3.26 s].
0.0.K: Morphing to AB
0.0.K: Trace Attempt 463	[0.01 s]
0.0.K: All properties determined. [0.00 s]
0.0.K: Exited with Success (@ 0.00 s)
0.0.AB: clocks: 1, declared: 1, disabling: 0, posedge: 1, negedge: 0, noedge: 0, bothedge: 0
0.0.AB: Starting proof for property "pwm_out.auto_sva_inst.check_rdreq_clear_after_801:precondition1"	[0.00 s].
0.0.AB: Trace Attempt  1	[0.00 s]
0.0.AB: Trace Attempt  2	[0.00 s]
0.0.AB: Trace Attempt  3	[0.00 s]
0.0.AB: Trace Attempt  4	[0.00 s]
0.0.AB: Trace Attempt  5	[0.00 s]
0.0.AB: Trace Attempt  1	[0.00 s]
0.0.AB: Trace Attempt  2	[0.00 s]
0.0.AB: Trace Attempt  3	[0.00 s]
0.0.AB: Trace Attempt  4	[0.00 s]
0.0.AB: Trace Attempt  5	[0.00 s]
0.0.AB: Trace Attempt  1	[0.00 s]
0.0.AB: Trace Attempt  2	[0.00 s]
0.0.AB: Trace Attempt  3	[0.00 s]
0.0.AB: Trace Attempt  4	[0.00 s]
0.0.AB: Trace Attempt  5	[0.00 s]
0.0.AB: Trace Attempt  1	[0.01 s]
0.0.AB: Trace Attempt  2	[0.01 s]
0.0.AB: Trace Attempt  3	[0.01 s]
0.0.AB: Trace Attempt  4	[0.01 s]
0.0.AB: Trace Attempt  5	[0.01 s]
0.0.Tri: Starting proof for property "pwm_out.auto_sva_inst.check_rdreq_clear_after_801:precondition1"	[0.00 s].
0.0.Tri: Trace Attempt  1	[0.00 s]
0.0.Tri:    0.00" ---- Launching main thread ----
0.0.Tri:    0.31" ---- Launching abstraction thread ----
0.0.Tri:    0.35" ---- Launching multi-phase simplification thread ----
0.0.Tri: Trace Attempt  2	[0.59 s]
0.0.Tri: Trace Attempt  3	[0.59 s]
0.0.Tri: Trace Attempt  4	[0.59 s]
0.0.Tri: Trace Attempt  5	[0.59 s]
0.0.Ht: Trace Attempt 1974	[279.12 s]
0.0.Tri:    1.69" Simplification phase 1 complete
0.0.Tri: Trace Attempt 4099	[2.40 s]
0.0.Tri: A trace with 4099 cycles was found. [2.47 s]
INFO (IPF047): 0.0.Tri: The cover property "pwm_out.auto_sva_inst.check_rdreq_clear_after_801:precondition1" was covered in 4099 cycles in 2.64 s.
INFO (IPF047): 0.0.Tri: The cover property "pwm_out.auto_sva_inst.check_rdreq_high_only_at_801:precondition1" was covered in 4099 cycles in 2.64 s by the incidental trace "pwm_out.auto_sva_inst.check_rdreq_clear_after_801:precondition1".
INFO (IPF055): 0.0.Tri: A counterexample (cex) with 4099 cycles was found for the property "pwm_out.auto_sva_inst.check_rdreq_rise_requires_not_empty_800" in 2.64 s by the incidental trace "pwm_out.auto_sva_inst.check_rdreq_clear_after_801:precondition1".
INFO (IPF047): 0.0.Tri: The cover property "pwm_out.auto_sva_inst.check_rdreq_rise_requires_not_empty_800:precondition1" was covered in 4099 cycles in 2.64 s by the incidental trace "pwm_out.auto_sva_inst.check_rdreq_clear_after_801:precondition1".
INFO (IPF047): 0.0.Tri: The cover property "pwm_out.auto_sva_inst.check_rdreq_one_cycle_pulse:precondition1" was covered in 4099 cycles in 2.64 s by the incidental trace "pwm_out.auto_sva_inst.check_rdreq_clear_after_801:precondition1".
INFO (IPF047): 0.0.Tri: The cover property "pwm_out.auto_sva_inst.check_capture_data_on_801:precondition1" was covered in 4099 cycles in 2.64 s by the incidental trace "pwm_out.auto_sva_inst.check_rdreq_clear_after_801:precondition1".
INFO (IPF047): 0.0.Tri: The cover property "pwm_out.auto_sva_inst.check_data_rdy_set_after_801:precondition1" was covered in 4099 cycles in 2.64 s by the incidental trace "pwm_out.auto_sva_inst.check_rdreq_clear_after_801:precondition1".
0.0.AB: Stopped processing property "pwm_out.auto_sva_inst.check_rdreq_clear_after_801:precondition1"	[2.70 s].
0.0.AB: Starting proof for property "pwm_out.auto_sva_inst.check_capture_data_on_801"	[0.00 s].
0.0.AB: Trace Attempt  1	[0.00 s]
0.0.AB: Trace Attempt  2	[0.00 s]
0.0.AB: Trace Attempt  3	[0.00 s]
0.0.AB: Trace Attempt  4	[0.00 s]
0.0.AB: Trace Attempt  5	[0.00 s]
0.0.AB: Trace Attempt  1	[0.00 s]
0.0.AB: Trace Attempt  2	[0.00 s]
0.0.AB: Trace Attempt  3	[0.00 s]
0.0.AB: Trace Attempt  4	[0.00 s]
0.0.AB: Trace Attempt  5	[0.00 s]
0.0.AB: Trace Attempt  1	[0.01 s]
0.0.AB: Trace Attempt  2	[0.01 s]
0.0.AB: Trace Attempt  3	[0.01 s]
0.0.AB: Trace Attempt  4	[0.01 s]
0.0.AB: Trace Attempt  5	[0.01 s]
0.0.AB: Trace Attempt  1	[0.01 s]
0.0.AB: Trace Attempt  2	[0.01 s]
0.0.AB: Trace Attempt  3	[0.01 s]
0.0.AB: Trace Attempt  4	[0.01 s]
0.0.AB: Trace Attempt  5	[0.01 s]
0: ProofGrid usable level: 4
0.0.Tri: Stopped processing property "pwm_out.auto_sva_inst.check_rdreq_clear_after_801:precondition1"	[2.81 s].
0.0.Tri: Starting proof for property "pwm_out.auto_sva_inst.check_capture_data_on_801"	[0.00 s].
0.0.Tri: Trace Attempt  1	[0.00 s]
0.0.Tri:    2.63" ---- Launching main thread ----
0.0.Tri:    2.85" ---- Launching abstraction thread ----
0.0.Tri:    2.89" ---- Launching multi-phase simplification thread ----
0.0.Tri: Trace Attempt  2	[0.32 s]
0.0.Tri: Trace Attempt  3	[0.32 s]
0.0.Tri: Trace Attempt  4	[0.32 s]
0.0.Tri: Trace Attempt  5	[0.32 s]
0.0.Bm: Trace Attempt 582	[40.16 s]
0.0.Tri:    3.92" Simplification phase 1 complete
0.0.Tri:    3.98" Simplification phase 2 complete
0.0.Tri:    4.04" Simplification phase 3 complete
   4.04" ---- Completed simplification thread ----
   4.04" ---- Restarting main thread on simplified netlist ----
0.0.Tri:    4.26" ---- Restarting abstraction thread on simplified netlist ----
0.0.Ht: Trace Attempt 1990	[283.14 s]
0.0.AB: Trace Attempt  1	[2.98 s]
0.0.AB: Trace Attempt  2	[2.98 s]
0.0.AB: Trace Attempt  3	[2.98 s]
0.0.AB: Trace Attempt  4	[2.98 s]
0.0.AB: Trace Attempt  5	[2.98 s]
0.0.Tri: Trace Attempt 4101	[2.89 s]
0.0.Tri: A trace with 4101 cycles was found. [2.90 s]
INFO (IPF055): 0.0.Tri: A counterexample (cex) with 4101 cycles was found for the property "pwm_out.auto_sva_inst.check_capture_data_on_801" in 3.10 s.
INFO (IPF055): 0.0.Tri: A counterexample (cex) with 4101 cycles was found for the property "pwm_out.auto_sva_inst.check_data_rdy_set_after_801" in 3.10 s by the incidental trace "pwm_out.auto_sva_inst.check_capture_data_on_801".
0.0.AB: Stopped processing property "pwm_out.auto_sva_inst.check_capture_data_on_801"	[3.27 s].
0.0.AB: Starting proof for property "pwm_out.auto_sva_inst.check_pwms_equal_when_thresholds_equal"	[0.00 s].
0.0.AB: Trace Attempt  1	[0.00 s]
0.0.AB: Trace Attempt  2	[0.00 s]
0.0.AB: Trace Attempt  3	[0.00 s]
0.0.AB: Trace Attempt  4	[0.00 s]
0.0.AB: Trace Attempt  5	[0.00 s]
0.0.AB: Trace Attempt  1	[0.00 s]
0.0.AB: Trace Attempt  2	[0.00 s]
0.0.AB: Trace Attempt  3	[0.00 s]
0.0.AB: Trace Attempt  4	[0.00 s]
0.0.AB: Trace Attempt  5	[0.00 s]
0.0.Tri: Stopped processing property "pwm_out.auto_sva_inst.check_capture_data_on_801"	[3.28 s].
0.0.Tri: Starting proof for property "pwm_out.auto_sva_inst.check_pwms_equal_when_thresholds_equal"	[0.00 s].
0.0.Tri: Trace Attempt  1	[0.00 s]
0.0.Tri:    5.91" ---- Launching main thread ----
0.0.Tri:    6.13" ---- Launching abstraction thread ----
0.0.Tri:    6.17" ---- Launching multi-phase simplification thread ----
0.0.Tri: Trace Attempt  2	[0.32 s]
0.0.Tri: Trace Attempt  3	[0.32 s]
0.0.Tri: Trace Attempt  4	[0.32 s]
0.0.Tri: Trace Attempt  5	[0.32 s]
0: ProofGrid usable level: 2
0.0.Tri: Stopped processing property "pwm_out.auto_sva_inst.check_pwms_equal_when_thresholds_equal"	[0.60 s].
0.0.Tri: Starting proof for property "pwm_out.auto_sva_inst.check_rdreq_high_only_at_801"	[0.00 s].
0.0.Tri: Trace Attempt  1	[0.00 s]
0.0.AB: Stopped processing property "pwm_out.auto_sva_inst.check_pwms_equal_when_thresholds_equal"	[0.78 s].
0.0.AB: Morphing to D
0.0.AB: Trace Attempt 130	[0.78 s]
0.0.AB: All properties determined. [0.00 s]
0.0.AB: Exited with Success (@ 0.00 s)
0.0.D: clocks: 1, declared: 1, disabling: 0, posedge: 1, negedge: 0, noedge: 0, bothedge: 0
0.0.D: Starting proof for property "pwm_out.auto_sva_inst.check_rdreq_high_only_at_801"	[0.00 s].
0.0.D: Trace Attempt  1	[0.00 s]
0.0.D: Trace Attempt  2	[0.00 s]
0.0.D: Trace Attempt  3	[0.00 s]
0.0.D: Trace Attempt  5	[0.00 s]
0.0.Tri:    6.53" ---- Launching main thread ----
0: ProofGrid usable level: 2
0.0.Tri:    6.75" ---- Launching abstraction thread ----
0.0.Tri:    6.79" ---- Launching multi-phase simplification thread ----
0.0.Tri: Trace Attempt  2	[0.34 s]
0.0.Tri: Trace Attempt  3	[0.34 s]
0.0.Tri: Trace Attempt  4	[0.34 s]
0.0.Tri: Trace Attempt  5	[0.34 s]
0.0.Tri:    7.86" Simplification phase 1 complete
0.0.Tri:    7.91" Simplification phase 2 complete
0.0.Tri:    7.97" Simplification phase 3 complete
   7.97" ---- Completed simplification thread ----
   7.97" ---- Restarting main thread on simplified netlist ----
0.0.Tri:    8.19" ---- Restarting abstraction thread on simplified netlist ----
0.0.Bm: Trace Attempt 612	[45.66 s]
0.0.Ht: Trace Attempt 2046	[287.17 s]
0.0.Tri: Trace Attempt 4099	[0.97 s]
0.0.Tri: A trace with 4099 cycles was found. [2.74 s]
INFO (IPF055): 0.0.Tri: A counterexample (cex) with 4099 cycles was found for the property "pwm_out.auto_sva_inst.check_rdreq_high_only_at_801" in 2.89 s.
0.0.D: Stopped processing property "pwm_out.auto_sva_inst.check_rdreq_high_only_at_801"	[2.89 s].
0.0.D: Starting proof for property "pwm_out.auto_sva_inst.check_pwms_equal_when_thresholds_equal"	[0.00 s].
0.0.D: Trace Attempt  1	[0.00 s]
0.0.D: Trace Attempt  2	[0.00 s]
0.0.D: Trace Attempt  3	[0.00 s]
0: ProofGrid usable level: 1
0.0.Tri: Stopped processing property "pwm_out.auto_sva_inst.check_rdreq_high_only_at_801"	[3.07 s].
0.0.Tri: Starting proof for property "pwm_out.auto_sva_inst.check_pwms_equal_when_thresholds_equal"	[0.00 s].
0.0.Tri: Trace Attempt  1	[0.00 s]
0.0.Tri:    9.57" ---- Launching main thread ----
0.0.Tri:    9.80" ---- Launching abstraction thread ----
0.0.Tri:    9.83" ---- Launching multi-phase simplification thread ----
0.0.Tri:   10.63" Simplification phase 1 complete
0.0.Tri:   10.69" Simplification phase 2 complete
0.0.Tri:   10.76" Simplification phase 3 complete
  10.76" ---- Completed simplification thread ----
  10.76" ---- Restarting main thread on simplified netlist ----
0.0.Tri:   10.99" ---- Restarting abstraction thread on simplified netlist ----
0.0.D: Trace Attempt 27	[0.04 s]
0.0.D: Per property time limit expired (3.00 s) [3.00 s]
0.0.D: Stopped processing property "pwm_out.auto_sva_inst.check_pwms_equal_when_thresholds_equal"	[2.98 s].
0.0.D: Last scan. Per property time limit: 0s
0.0.D: Starting proof for property "pwm_out.auto_sva_inst.check_pwms_equal_when_thresholds_equal"	[0.00 s].
0.0.D: Trace Attempt 27	[0.00 s]
0.0.Tri: Stopped processing property "pwm_out.auto_sva_inst.check_pwms_equal_when_thresholds_equal"	[2.93 s].
0.0.Tri: Last scan. Per property time limit: 0s
0.0.Tri: Starting proof for property "pwm_out.auto_sva_inst.check_pwms_equal_when_thresholds_equal"	[0.00 s].
0.0.Tri: Trace Attempt  1	[0.00 s]
0.0.Tri:   12.51" ---- Launching main thread ----
0.0.Tri:   12.73" ---- Launching abstraction thread ----
0.0.Bm: Trace Attempt 845	[49.68 s]
0.0.Tri:   12.77" ---- Launching multi-phase simplification thread ----
0.0.Tri:   13.57" Simplification phase 1 complete
0.0.Tri:   13.63" Simplification phase 2 complete
0.0.Tri:   13.73" Simplification phase 3 complete
  13.73" ---- Completed simplification thread ----
0.0.Tri:   13.73" ---- Restarting main thread on simplified netlist ----
0.0.Tri:   13.96" ---- Restarting abstraction thread on simplified netlist ----
0.0.D: Stopped processing property "pwm_out.auto_sva_inst.check_pwms_equal_when_thresholds_equal"	[3.83 s].
0.0.D: Morphing to K
0.0.D: All properties determined. [0.00 s]
0.0.D: Exited with Success (@ 0.00 s)
0.0.K: clocks: 1, declared: 1, disabling: 0, posedge: 1, negedge: 0, noedge: 0, bothedge: 0
0.0.K: Starting proof for property "pwm_out.auto_sva_inst.check_pwms_equal_when_thresholds_equal"	[0.00 s].
0.0.K: Trace Attempt  3	[0.00 s]
0.0.K: Trace Attempt  1	[0.00 s]
0.0.K: Trace Attempt  2	[0.00 s]
0.0.K: Trace Attempt  3	[0.00 s]
0.0.K: Trace Attempt  4	[0.00 s]
0.0.K: Trace Attempt  5	[0.00 s]
0.0.Tri: Stopped processing property "pwm_out.auto_sva_inst.check_pwms_equal_when_thresholds_equal"	[3.73 s].
0.0.Tri: Morphing to Ncustom1
0.0.Tri: Trace Attempt 3172	[3.73 s]
0.0.Tri: All properties determined. [0.00 s]
0.0.Tri: Exited with Success (@ 0.00 s)
0.0.Ncustom1: clocks: 1, declared: 1, disabling: 0, posedge: 1, negedge: 0, noedge: 0, bothedge: 0
0.0.Ncustom1: Starting proof for property "pwm_out.auto_sva_inst.check_pwms_equal_when_thresholds_equal"	[0.00 s].
0.0.Ncustom1: Trace Attempt  3	[0.00 s]
0.0.Ncustom1: Trace Attempt  4	[0.00 s]
0.0.Ncustom1: Trace Attempt  5	[0.00 s]
0.0.Ncustom1: Trace Attempt  1	[0.01 s]
0.0.Ncustom1: Trace Attempt  2	[0.01 s]
0.0.Ncustom1: Trace Attempt  3	[0.01 s]
0.0.Ht: Trace Attempt 2065	[294.41 s]
0.0.Bm: Trace Attempt 955	[53.71 s]
0.0.K: Trace Attempt 249	[4.04 s]
0.0.Ncustom1: Trace Attempt 149	[4.03 s]
0.0.Bm: Trace Attempt 1039	[57.75 s]
0.0.K: Trace Attempt 308	[8.17 s]
0.0.Ncustom1: Trace Attempt 341	[8.23 s]
0.0.Bm: Trace Attempt 1111	[61.75 s]
0.0.K: Trace Attempt 336	[12.20 s]
0.0.Ncustom1: Trace Attempt 445	[12.25 s]
0.0.Bm: Trace Attempt 1169	[65.79 s]
0.0.K: Trace Attempt 351	[16.21 s]
0.0.Bm: Trace Attempt 1201	[69.81 s]
0.0.Bm: Trace Attempt 1245	[73.84 s]
0.0.K: Trace Attempt 372	[20.81 s]
0.0.Ncustom1: Trace Attempt 482	[21.47 s]
0.0.Bm: Trace Attempt 1278	[78.06 s]
0.0.K: Trace Attempt 386	[25.15 s]
0.0.Ncustom1: Trace Attempt 658	[25.52 s]
0.0.Bm: Trace Attempt 1314	[82.12 s]
0.0.K: Trace Attempt 395	[29.35 s]
0.0.Ncustom1: Trace Attempt 712	[30.41 s]
0.0.Bm: Trace Attempt 1331	[86.14 s]
0.0.K: Trace Attempt 400	[33.92 s]
0.0.Ncustom1: Trace Attempt 923	[34.42 s]
0.0.K: Trace Attempt 405	[38.21 s]
0.0.Bm: Trace Attempt 1357	[92.13 s]
0.0.Ncustom1: Trace Attempt 981	[40.22 s]
0.0.Bm: Trace Attempt 1376	[96.19 s]
0.0.K: Trace Attempt 409	[43.19 s]
0.0.Ncustom1: Trace Attempt 1148	[44.26 s]
0.0.K: Trace Attempt 416	[48.23 s]
0.0.Bm: Trace Attempt 1395	[101.72 s]
0.0.Ncustom1: Trace Attempt 1201	[49.48 s]
0.0.K: Trace Attempt 421	[52.29 s]
0.0.Ncustom1: Trace Attempt 1399	[53.51 s]
0.0.Bm: Trace Attempt 1403	[108.07 s]
0.0.K: Trace Attempt 426	[56.67 s]
0.0.Bm: Trace Attempt 1408	[112.15 s]
0.0.Ncustom1: Trace Attempt 1460	[60.62 s]
0.0.K: Trace Attempt 429	[60.91 s]
0.0.Ncustom1: Trace Attempt 1650	[64.78 s]
0.0.K: Trace Attempt 432	[65.79 s]
0.0.Bm: Trace Attempt 1438	[119.14 s]
0.0.K: Trace Attempt 435	[70.13 s]
0.0.Bm: Trace Attempt 1447	[123.83 s]
0.0.Ncustom1: Trace Attempt 1713	[70.86 s]
0.0.Bm: Trace Attempt 1494	[127.87 s]
0.0.K: Trace Attempt 438	[74.83 s]
0.0.Ncustom1: Trace Attempt 1870	[74.88 s]
0.0.Bm: Trace Attempt 1542	[131.92 s]
0.0.Ncustom1: Trace Attempt 2007	[78.88 s]
0.0.K: Trace Attempt 441	[79.28 s]
0.0.Bm: Trace Attempt 1554	[136.08 s]
0.0.Ncustom1: Trace Attempt 2114	[82.89 s]
0.0.K: Trace Attempt 444	[83.83 s]
0.0.Ncustom1: Trace Attempt 2136	[86.90 s]
0.0.K: Trace Attempt 447	[89.47 s]
0.0.Bm: Trace Attempt 1556	[143.94 s]
0.0.Ncustom1: Trace Attempt 2326	[90.93 s]
0.0.K: Trace Attempt 450	[94.71 s]
0.0.Ncustom1: Trace Attempt 2378	[96.39 s]
0.0.K: Trace Attempt 453	[99.32 s]
0.0.Bm: Trace Attempt 1557	[153.27 s]
0.0.Ncustom1: Trace Attempt 2598	[100.40 s]
0.0.K: Trace Attempt 456	[103.94 s]
0.0.Ncustom1: Trace Attempt 2640	[105.85 s]
0.0.K: Trace Attempt 459	[109.05 s]
0.0.Ncustom1: Trace Attempt 2803	[109.90 s]
0.0.Bm: Trace Attempt 1558	[163.95 s]
0.0.Ncustom1: Trace Attempt 2865	[113.91 s]
0.0.K: Trace Attempt 462	[114.30 s]
0.0.Bm: Trace Attempt 1576	[168.21 s]
0.0.Ncustom1: Trace Attempt 2944	[117.91 s]
0.0.K: Trace Attempt 465	[118.84 s]
0.0.Bm: Trace Attempt 1587	[173.94 s]
0.0.Ncustom1: Trace Attempt 3060	[121.94 s]
0.0.K: Trace Attempt 468	[123.72 s]
0.0.Ncustom1: Trace Attempt 3093	[126.11 s]
0.0.K: Trace Attempt 471	[128.85 s]
0.0.Bm: Trace Attempt 1602	[183.09 s]
0.0.Ncustom1: Trace Attempt 3241	[130.12 s]
0.0.Bm: Trace Attempt 1603	[187.30 s]
0.0.K: Trace Attempt 474	[134.30 s]
0.0.Ncustom1: Trace Attempt 3297	[134.40 s]
0.0.Ncustom1: Trace Attempt 3441	[138.46 s]
0.0.Bm: Trace Attempt 1605	[191.78 s]
0.0.K: Trace Attempt 476	[138.82 s]
0.0.Bm: Trace Attempt 1622	[195.80 s]
0.0.Ncustom1: Trace Attempt 3478	[143.67 s]
0.0.K: Trace Attempt 479	[144.38 s]
0.0.Ncustom1: Trace Attempt 3648	[147.72 s]
0.0.Bm: Trace Attempt 1636	[201.19 s]
0.0.K: Trace Attempt 482	[149.81 s]
0.0.Bm: Trace Attempt 1656	[205.34 s]
0.0.Ncustom1: Trace Attempt 3706	[153.20 s]
0.0.K: Trace Attempt 485	[155.25 s]
0.0.Bm: Trace Attempt 1660	[209.74 s]
0.0.Ncustom1: Trace Attempt 3853	[157.24 s]
0.0.K: Trace Attempt 488	[161.00 s]
0.0.Ncustom1: Trace Attempt 3968	[161.25 s]
0.0.Ncustom1: Trace Attempt 4068	[165.27 s]
0.0.K: Trace Attempt 491	[166.40 s]
0.0.Ncustom1: Trace Attempt 4191	[169.30 s]
0.0.K: Trace Attempt 493	[170.41 s]
0.0.Ncustom1: Trace Attempt 4267	[173.30 s]
0.0.Bm: Trace Attempt 1675	[228.20 s]
0.0.K: Trace Attempt 496	[176.03 s]
0.0.Ncustom1: Trace Attempt 4361	[177.31 s]
0.0.K: Trace Attempt 498	[180.49 s]
0.0.Ncustom1: Trace Attempt 4467	[181.34 s]
0.0.Ncustom1: Trace Attempt 4589	[185.35 s]
0.0.K: Trace Attempt 501	[186.41 s]
0.0.Ncustom1: Trace Attempt 4672	[190.17 s]
0.0.K: Trace Attempt 503	[190.65 s]
0.0.Bm: Trace Attempt 1676	[245.02 s]
0.0.Ncustom1: Trace Attempt 4842	[194.22 s]
0.0.K: Trace Attempt 505	[195.08 s]
0.0.Ncustom1: Trace Attempt 4974	[198.27 s]
0.0.Bm: Trace Attempt 1677	[251.90 s]
0.0.K: Trace Attempt 507	[199.54 s]
0.0.Bm: Trace Attempt 1685	[256.55 s]
0.0.K: Trace Attempt 509	[204.16 s]
0.0.K: Trace Attempt 511	[209.02 s]
0.0.Ncustom1: Trace Attempt 5013	[210.51 s]
0.0.K: Trace Attempt 513	[213.92 s]
0.0.Bm: Trace Attempt 1687	[269.05 s]
0.0.K: Trace Attempt 515	[218.29 s]
0.0.Bm: Trace Attempt 1697	[273.13 s]
0.0.K: Trace Attempt 517	[222.63 s]
0.0.Bm: Trace Attempt 1717	[277.40 s]
0.0.K: Trace Attempt 519	[227.97 s]
0.0.Bm: Trace Attempt 1731	[281.56 s]
0.0.K: Trace Attempt 521	[232.52 s]
0.0.Bm: Trace Attempt 1733	[286.19 s]
0.0.K: Trace Attempt 523	[237.28 s]
0.0.Bm: Trace Attempt 1741	[291.84 s]
0.0.K: Trace Attempt 525	[241.85 s]
0.0.K: Trace Attempt 527	[246.86 s]
0.0.Bm: Trace Attempt 1749	[300.62 s]
0.0.Bm: Trace Attempt 1776	[304.71 s]
0.0.K: Trace Attempt 529	[252.32 s]
0.0.Bm: Trace Attempt 1782	[308.81 s]
0.0.K: Trace Attempt 531	[257.66 s]
0.0.K: Trace Attempt 533	[262.66 s]
0.0.K: Trace Attempt 535	[268.77 s]
0.0.Bm: Trace Attempt 1783	[326.51 s]
0.0.K: Trace Attempt 537	[274.70 s]
0.0.K: Trace Attempt 539	[279.54 s]
0.0.Bm: Trace Attempt 1784	[333.75 s]
0.0.K: Trace Attempt 541	[285.09 s]
0.0.K: Trace Attempt 543	[291.20 s]
0.0.K: Trace Attempt 545	[297.00 s]
0.0.Bm: Trace Attempt 1785	[354.00 s]
0.0.K: Trace Attempt 547	[302.98 s]
0.0.K: Trace Attempt 549	[308.16 s]
0.0.K: Trace Attempt 551	[313.73 s]
0.0.Ht: Trace Attempt 3173	[608.42 s]
0.0.Bm: Trace Attempt 1786	[368.17 s]
0.0.K: Trace Attempt 553	[319.61 s]
0.0.Bm: Trace Attempt 1787	[373.37 s]
0.0.K: Trace Attempt 555	[325.25 s]
0.0.K: Trace Attempt 557	[329.63 s]
0.0.K: Trace Attempt 558	[333.65 s]
0.0.K: Trace Attempt 560	[339.92 s]
0.0.Bm: Trace Attempt 1788	[393.42 s]
0.0.K: Trace Attempt 562	[345.63 s]
0.0.K: Trace Attempt 564	[351.63 s]
0.0.Bm: Trace Attempt 1789	[410.48 s]
0.0.K: Trace Attempt 566	[359.32 s]
0.0.Bm: Trace Attempt 1828	[414.50 s]
0.0.K: Trace Attempt 568	[364.69 s]
0.0.Bm: Trace Attempt 1890	[418.57 s]
0.0.K: Trace Attempt 570	[370.57 s]
0.0.Bm: Trace Attempt 1910	[429.19 s]
0.0.K: Trace Attempt 572	[376.35 s]
0.0.K: Trace Attempt 574	[383.12 s]
0.0.K: Trace Attempt 575	[387.13 s]
0.0.K: Trace Attempt 577	[394.04 s]
0.0.Ncustom1: Trace Attempt 5064	[397.29 s]
0.0.K: Trace Attempt 578	[398.06 s]
0.0.Ncustom1: Trace Attempt 5119	[401.41 s]
0.0.K: Trace Attempt 580	[405.22 s]
0.0.Ncustom1: Trace Attempt 5142	[405.83 s]
0.0.Bm: Trace Attempt 1911	[459.82 s]
0.0.K: Trace Attempt 582	[411.25 s]
0.0.Ncustom1: Trace Attempt 5145	[414.05 s]
0.0.K: Trace Attempt 584	[418.74 s]
0.0.Bm: Trace Attempt 1912	[477.25 s]
0.0.K: Trace Attempt 586	[426.06 s]
0.0.K: Trace Attempt 587	[430.36 s]
0.0.Ncustom1: Trace Attempt 5192	[434.10 s]
0.0.K: Trace Attempt 588	[435.09 s]
0.0.K: Trace Attempt 590	[441.81 s]
0.0.K: Trace Attempt 592	[449.61 s]
0.0.Ncustom1: Trace Attempt 5193	[452.31 s]
0.0.K: Trace Attempt 593	[453.79 s]
0.0.Ncustom1: Trace Attempt 5223	[458.36 s]
0.0.K: Trace Attempt 595	[460.93 s]
0.0.Ncustom1: Trace Attempt 5261	[462.45 s]
0.0.Bm: Trace Attempt 1913	[517.02 s]
0.0.K: Trace Attempt 597	[468.25 s]
0.0.K: Trace Attempt 599	[473.87 s]
0.0.K: Trace Attempt 601	[481.29 s]
0.0.K: Trace Attempt 603	[488.43 s]
0.0.K: Trace Attempt 605	[496.41 s]
0.0.Bm: Trace Attempt 1914	[555.99 s]
0.0.K: Trace Attempt 607	[502.98 s]
0.0.K: Trace Attempt 608	[507.69 s]
0.0.Bm: Trace Attempt 1915	[563.52 s]
0.0.K: Trace Attempt 610	[514.45 s]
0.0.K: Trace Attempt 612	[520.23 s]
0.0.Bm: Trace Attempt 1916	[576.71 s]
0.0.K: Trace Attempt 614	[527.43 s]
0.0.K: Trace Attempt 616	[534.46 s]
0.0.K: Trace Attempt 618	[542.35 s]
0.0.K: Trace Attempt 619	[546.53 s]
0.0.K: Trace Attempt 620	[550.98 s]
0.0.K: Trace Attempt 621	[555.76 s]
0.0.Bm: Trace Attempt 1917	[613.42 s]
0.0.K: Trace Attempt 622	[560.58 s]
0.0.K: Trace Attempt 624	[568.40 s]
0.0.K: Trace Attempt 626	[576.36 s]
0.0.K: Trace Attempt 627	[580.90 s]
0.0.K: Trace Attempt 628	[585.93 s]
0.0.K: Trace Attempt 629	[590.20 s]
0.0.Bm: Trace Attempt 1918	[646.44 s]
0.0.K: Trace Attempt 630	[595.86 s]
0.0.K: Trace Attempt 631	[600.59 s]
0.0.K: Trace Attempt 632	[605.08 s]
0.0.K: Trace Attempt 633	[611.34 s]
0.0.Bm: Trace Attempt 1919	[667.24 s]
0.0.K: Trace Attempt 634	[616.42 s]
0.0.Bm: Trace Attempt 1920	[672.19 s]
0.0.K: Trace Attempt 635	[621.15 s]
0.0.K: Trace Attempt 636	[625.62 s]
0.0.K: Trace Attempt 637	[630.23 s]
0.0.K: Trace Attempt 638	[635.08 s]
0.0.K: Trace Attempt 639	[639.50 s]
0.0.K: Trace Attempt 640	[643.56 s]
0.0.Bm: Trace Attempt 1924	[699.93 s]
0.0.K: Trace Attempt 641	[647.86 s]
0.0.K: Trace Attempt 642	[652.99 s]
0.0.K: Trace Attempt 643	[658.00 s]
0.0.K: Trace Attempt 644	[663.33 s]
0.0.Bm: Trace Attempt 1925	[720.64 s]
0.0.K: Trace Attempt 645	[667.93 s]
0.0.K: Trace Attempt 646	[672.29 s]
0.0.K: Trace Attempt 647	[676.61 s]
0.0.K: Trace Attempt 648	[682.83 s]
0.0.Bm: Trace Attempt 1926	[741.76 s]
0.0.K: Trace Attempt 650	[690.72 s]
0.0.Bm: Trace Attempt 1927	[746.99 s]
0.0.K: Trace Attempt 651	[696.03 s]
0.0.K: Trace Attempt 652	[700.15 s]
0.0.K: Trace Attempt 653	[705.03 s]
0.0.K: Trace Attempt 654	[709.56 s]
0.0.K: Trace Attempt 656	[717.03 s]
0.0.K: Trace Attempt 657	[722.12 s]
0.0.K: Trace Attempt 658	[727.35 s]
0.0.K: Trace Attempt 659	[731.96 s]
0.0.K: Trace Attempt 660	[738.43 s]
0.0.K: Trace Attempt 661	[742.97 s]
0.0.Bm: Trace Attempt 1929	[797.27 s]
0.0.K: Trace Attempt 662	[749.00 s]
0.0.K: Trace Attempt 663	[753.82 s]
0.0.K: Trace Attempt 664	[759.01 s]
0.0.K: Trace Attempt 665	[763.93 s]
0.0.K: Trace Attempt 666	[771.20 s]
0.0.K: Trace Attempt 667	[776.67 s]
0.0.K: Trace Attempt 668	[782.07 s]
0.0.Bm: Trace Attempt 1930	[835.88 s]
0.0.K: Trace Attempt 669	[786.20 s]
0.0.K: Trace Attempt 670	[792.13 s]
0.0.K: Trace Attempt 671	[796.59 s]
0.0.K: Trace Attempt 672	[801.73 s]
0.0.K: Trace Attempt 673	[806.44 s]
0.0.K: Trace Attempt 674	[812.52 s]
0.0.K: Trace Attempt 675	[819.38 s]
0.0.K: Trace Attempt 676	[823.71 s]
0.0.K: Trace Attempt 677	[828.75 s]
0.0.K: Trace Attempt 678	[834.85 s]
0.0.K: Trace Attempt 679	[839.90 s]
0.0.K: Trace Attempt 680	[845.88 s]
0.0.Bm: Trace Attempt 1931	[902.46 s]
0.0.K: Trace Attempt 681	[851.46 s]
0.0.K: Trace Attempt 682	[856.77 s]
0.0.K: Trace Attempt 683	[864.76 s]
0.0.Bm: Trace Attempt 1932	[919.12 s]
0.0.K: Trace Attempt 684	[870.60 s]
0.0.K: Trace Attempt 685	[876.45 s]
0.0.K: Trace Attempt 686	[881.79 s]
0.0.Bm: Trace Attempt 1933	[935.75 s]
0.0.K: Trace Attempt 687	[888.61 s]
0.0.K: Trace Attempt 688	[894.38 s]
0.0.K: Trace Attempt 689	[899.86 s]
0.0.K: Trace Attempt 690	[905.02 s]
0.0.K: Trace Attempt 691	[911.27 s]
0.0.Bm: Trace Attempt 1934	[965.49 s]
0.0.K: Trace Attempt 692	[916.41 s]
0.0.Bm: Trace Attempt 1935	[970.31 s]
0.0.K: Trace Attempt 693	[922.03 s]
0.0.K: Trace Attempt 694	[928.98 s]
0.0.Bm: Trace Attempt 1948	[987.41 s]
0.0.K: Trace Attempt 695	[935.98 s]
0.0.K: Trace Attempt 696	[944.88 s]
0.0.K: Trace Attempt 697	[950.00 s]
0.0.Bm: Trace Attempt 1949	[1010.69 s]
0.0.K: Trace Attempt 698	[957.61 s]
0.0.K: Trace Attempt 699	[964.25 s]
0.0.K: Trace Attempt 700	[970.68 s]
0.0.K: Trace Attempt 701	[977.03 s]
0.0.K: Trace Attempt 702	[983.46 s]
0.0.Bm: Trace Attempt 1950	[1038.96 s]
0.0.K: Trace Attempt 703	[989.81 s]
0.0.Bm: Trace Attempt 1951	[1044.46 s]
0.0.K: Trace Attempt 704	[994.78 s]
0.0.K: Trace Attempt 705	[1001.48 s]
0.0.K: Trace Attempt 706	[1010.79 s]
0.0.K: Trace Attempt 707	[1015.75 s]
0.0.Bm: Trace Attempt 1952	[1073.92 s]
0.0.K: Trace Attempt 708	[1021.68 s]
0.0.K: Trace Attempt 709	[1027.57 s]
0.0.K: Trace Attempt 710	[1033.90 s]
0.0.K: Trace Attempt 711	[1040.30 s]
0.0.Bm: Trace Attempt 1953	[1097.31 s]
0.0.K: Trace Attempt 712	[1046.71 s]
0.0.Bm: Trace Attempt 1954	[1102.42 s]
0.0.K: Trace Attempt 713	[1053.03 s]
0.0.K: Trace Attempt 714	[1059.81 s]
0.0.K: Trace Attempt 715	[1065.84 s]
0.0.Bm: Trace Attempt 1956	[1119.16 s]
0.0.K: Trace Attempt 716	[1071.10 s]
0.0.K: Trace Attempt 717	[1077.89 s]
0.0.Bm: Trace Attempt 1957	[1138.06 s]
0.0.K: Trace Attempt 718	[1085.32 s]
0.0.K: Trace Attempt 719	[1092.31 s]
0.0.Bm: Trace Attempt 1958	[1145.93 s]
0.0.K: Trace Attempt 720	[1098.57 s]
0.0.Bm: Trace Attempt 1973	[1156.29 s]
0.0.K: Trace Attempt 721	[1105.84 s]
0.0.K: Trace Attempt 722	[1112.35 s]
0.0.K: Trace Attempt 723	[1119.45 s]
0.0.Bm: Trace Attempt 1974	[1172.96 s]
0.0.K: Trace Attempt 724	[1125.78 s]
0.0.K: Trace Attempt 725	[1132.35 s]
0.0.K: Trace Attempt 726	[1138.76 s]
0.0.K: Trace Attempt 727	[1144.24 s]
0.0.K: Trace Attempt 728	[1150.33 s]
0.0.Bm: Trace Attempt 1975	[1206.37 s]
0.0.K: Trace Attempt 729	[1157.65 s]
0.0.K: Trace Attempt 730	[1164.09 s]
0.0.K: Trace Attempt 731	[1170.82 s]
0.0.Bm: Trace Attempt 1976	[1227.42 s]
0.0.K: Trace Attempt 732	[1176.75 s]
0.0.K: Trace Attempt 733	[1182.84 s]
0.0.Bm: Trace Attempt 1977	[1239.41 s]
0.0.K: Trace Attempt 734	[1189.59 s]
0.0.Bm: Trace Attempt 1978	[1246.61 s]
0.0.K: Trace Attempt 735	[1196.48 s]
0.0.K: Trace Attempt 736	[1203.55 s]
0.0.Bm: Trace Attempt 1982	[1256.93 s]
0.0.K: Trace Attempt 737	[1210.30 s]
0.0.K: Trace Attempt 738	[1216.01 s]
0.0.K: Trace Attempt 739	[1222.29 s]
0.0.K: Trace Attempt 740	[1229.41 s]
0.0.Ncustom1: Trace Attempt 5275	[1230.86 s]
0.0.Bm: Trace Attempt 1983	[1284.94 s]
0.0.Bm: Trace Attempt 1984	[1298.94 s]
0.0.Bm: Trace Attempt 1988	[1306.30 s]
0.0.Bm: Trace Attempt 1989	[1340.69 s]
0.0.Bm: Trace Attempt 1990	[1350.14 s]
0.0.Bm: Trace Attempt 2025	[1354.19 s]
0.0.Bm: Trace Attempt 2051	[1358.42 s]
0.0.Bm: Trace Attempt 2062	[1369.20 s]
0.0.Bm: Trace Attempt 2063	[1385.31 s]
0.0.Bm: Trace Attempt 2064	[1394.35 s]
0.0.Bm: Trace Attempt 2065	[1399.09 s]
0.0.Bm: Trace Attempt 2070	[1403.33 s]
0.0.Bm: Trace Attempt 2073	[1409.65 s]
0.0.Bm: Trace Attempt 2074	[1419.38 s]
0.0.Bm: Trace Attempt 2076	[1426.86 s]
0.0.Bm: Trace Attempt 2077	[1444.42 s]
0.0.Bm: Trace Attempt 2078	[1450.37 s]
0.0.Bm: Trace Attempt 2079	[1457.10 s]
0.0.Bm: Trace Attempt 2080	[1476.35 s]
0.0.Bm: Trace Attempt 2081	[1486.48 s]
0.0.Bm: Trace Attempt 2082	[1503.34 s]
0.0.Bm: Trace Attempt 2083	[1507.64 s]
0.0.Bm: Trace Attempt 2084	[1524.56 s]
0.0.Bm: Trace Attempt 2085	[1530.72 s]
0.0.Bm: Trace Attempt 2086	[1552.42 s]
0.0.Bm: Trace Attempt 2087	[1575.82 s]
0.0.Bm: Trace Attempt 2088	[1580.96 s]
0.0.Bm: Trace Attempt 2089	[1595.71 s]
0.0.Bm: Trace Attempt 2090	[1600.06 s]
0.0.Bm: Trace Attempt 2091	[1623.78 s]
0.0.Bm: Trace Attempt 2092	[1645.16 s]
0.0.Bm: Trace Attempt 2093	[1652.56 s]
0.0.Bm: Trace Attempt 2094	[1664.39 s]
0.0.Bm: Trace Attempt 2095	[1679.75 s]
0.0.Bm: Trace Attempt 2096	[1703.95 s]
0.0.Bm: Trace Attempt 2097	[1713.61 s]
0.0.Bm: Trace Attempt 2098	[1726.34 s]
0.0.Bm: Trace Attempt 2099	[1731.35 s]
0.0.Bm: Trace Attempt 2100	[1750.54 s]
0.0.Bm: Trace Attempt 2101	[1769.88 s]
0.0.Bm: Trace Attempt 2102	[1774.57 s]
0.0.Bm: Trace Attempt 2103	[1795.11 s]
0.0.Bm: Trace Attempt 2104	[1813.41 s]
0.0.Bm: Trace Attempt 2105	[1818.22 s]
0.0.Bm: Trace Attempt 2106	[1832.79 s]
0.0.Bm: Trace Attempt 2107	[1843.47 s]
0.0.Bm: Trace Attempt 2108	[1857.09 s]
0.0.Bm: Trace Attempt 2109	[1861.44 s]
0.0.Bm: Trace Attempt 2110	[1881.51 s]
0.0.Bm: Trace Attempt 2111	[1896.48 s]
0.0.Bm: Trace Attempt 2112	[1903.22 s]
0.0.Bm: Trace Attempt 2113	[1916.17 s]
0.0.Bm: Trace Attempt 2114	[1925.86 s]
0.0.Bm: Trace Attempt 2115	[1935.43 s]
0.0.Bm: Trace Attempt 2116	[1940.99 s]
0.0.Bm: Trace Attempt 2117	[1965.14 s]
0.0.Bm: Trace Attempt 2118	[1980.70 s]
0.0.Bm: Trace Attempt 2119	[1991.77 s]
0.0.Bm: Trace Attempt 2120	[2000.84 s]
0.0.Bm: Trace Attempt 2121	[2023.27 s]
0.0.Bm: Trace Attempt 2122	[2044.98 s]
0.0.Bm: Trace Attempt 2123	[2053.38 s]
0.0.Bm: Trace Attempt 2124	[2065.08 s]
0.0.Bm: Trace Attempt 2125	[2072.29 s]
0.0.Bm: Trace Attempt 2126	[2092.82 s]
0.0.Ht: Trace Attempt 5063	[2340.40 s]
0.0.Bm: Trace Attempt 2127	[2106.96 s]
0.0.Bm: Trace Attempt 2128	[2112.48 s]
0.0.Bm: Trace Attempt 2129	[2134.03 s]
0.0.Bm: Trace Attempt 2130	[2146.93 s]
0.0.Bm: Trace Attempt 2131	[2156.93 s]
0.0.Bm: Trace Attempt 2132	[2172.32 s]
0.0.Bm: Trace Attempt 2133	[2183.18 s]
0.0.Bm: Trace Attempt 2134	[2203.23 s]
0.0.Bm: Trace Attempt 2135	[2220.10 s]
0.0.Bm: Trace Attempt 2136	[2224.96 s]
0.0.Bm: Trace Attempt 2137	[2243.97 s]
0.0.Bm: Trace Attempt 2138	[2260.22 s]
0.0.Bm: Trace Attempt 2139	[2264.75 s]
0.0.Bm: Trace Attempt 2140	[2290.08 s]
0.0.Bm: Trace Attempt 2141	[2309.90 s]
0.0.Bm: Trace Attempt 2142	[2317.28 s]
0.0.Bm: Trace Attempt 2143	[2345.38 s]
0.0.Ht: Trace Attempt 5276	[2606.74 s]
0.0.Bm: Trace Attempt 2144	[2372.05 s]
0.0.Ht: Trace Attempt 5277	[2615.47 s]
0.0.Ht: Trace Attempt 5278	[2619.59 s]
0.0.Ht: Trace Attempt 5279	[2623.66 s]
0.0.Ht: Trace Attempt 5282	[2628.07 s]
0.0.Ht: Trace Attempt 5285	[2632.53 s]
0.0.Ht: Trace Attempt 5288	[2637.58 s]
0.0.Bm: Trace Attempt 2145	[2396.86 s]
0.0.Ht: Trace Attempt 5291	[2641.89 s]
0.0.Ht: Trace Attempt 5295	[2646.52 s]
0.0.Ht: Trace Attempt 5297	[2651.37 s]
0.0.Ht: Trace Attempt 5300	[2656.29 s]
0.0.Ht: Trace Attempt 5304	[2660.39 s]
0.0.Ht: Trace Attempt 5308	[2665.80 s]
0.0.Bm: Trace Attempt 2146	[2424.93 s]
0.0.Ht: Trace Attempt 5311	[2677.48 s]
0.0.Ht: Trace Attempt 5315	[2681.59 s]
0.0.Ht: Trace Attempt 5319	[2686.33 s]
0.0.Bm: Trace Attempt 2147	[2448.95 s]
0.0.Ht: Trace Attempt 5325	[2692.26 s]
0.0.Ht: Trace Attempt 5327	[2696.57 s]
0.0.Ht: Trace Attempt 5330	[2702.00 s]
0.0.Ht: Trace Attempt 5333	[2706.11 s]
0.0.Ht: Trace Attempt 5337	[2710.35 s]
0.0.Bm: Trace Attempt 2148	[2478.27 s]
0.0.Ht: Trace Attempt 5343	[2724.91 s]
0.0.Ht: Trace Attempt 5346	[2729.03 s]
0.0.Ht: Trace Attempt 5351	[2733.25 s]
0.0.Ht: Trace Attempt 5356	[2738.80 s]
0.0.Bm: Trace Attempt 2149	[2502.34 s]
0.0.Ht: Trace Attempt 5361	[2743.87 s]
0.0.Ht: Trace Attempt 5365	[2748.91 s]
0.0.Ht: Trace Attempt 5368	[2753.06 s]
0.0.Ht: Trace Attempt 5374	[2758.18 s]
0.0.Bm: Trace Attempt 2150	[2520.57 s]
0.0.Ht: Trace Attempt 5378	[2763.43 s]
0.0.Ht: Trace Attempt 5381	[2767.90 s]
0.0.Bm: Trace Attempt 2151	[2530.98 s]
0.0.Ht: Trace Attempt 5384	[2772.89 s]
0.0.Ht: Trace Attempt 5389	[2778.52 s]
0.0.Ht: Trace Attempt 5391	[2782.68 s]
0.0.Ht: Trace Attempt 5393	[2786.74 s]
0.0.Ht: Trace Attempt 5396	[2792.09 s]
0.0.Ht: Trace Attempt 5401	[2797.53 s]
0.0.Bm: Trace Attempt 2152	[2556.66 s]
0.0.Ht: Trace Attempt 5404	[2802.44 s]
0.0.Ht: Trace Attempt 5407	[2808.57 s]
0.0.Ht: Trace Attempt 5410	[2814.14 s]
0.0.Ht: Trace Attempt 5412	[2818.72 s]
0.0.Ht: Trace Attempt 5415	[2823.82 s]
0.0.Bm: Trace Attempt 2153	[2586.26 s]
0.0.Ht: Trace Attempt 5417	[2837.79 s]
0.0.Ht: Trace Attempt 5420	[2843.67 s]
0.0.Ht: Trace Attempt 5422	[2848.14 s]
0.0.Ht: Trace Attempt 5424	[2852.42 s]
0.0.Ht: Trace Attempt 5428	[2858.05 s]
0.0.Bm: Trace Attempt 2154	[2618.79 s]
0.0.Ht: Trace Attempt 5431	[2862.92 s]
0.0.Ht: Trace Attempt 5434	[2868.61 s]
0.0.Ht: Trace Attempt 5436	[2873.20 s]
0.0.Bm: Trace Attempt 2155	[2635.98 s]
0.0.Ht: Trace Attempt 5438	[2877.51 s]
0.0.Ht: Trace Attempt 5442	[2883.01 s]
0.0.Ht: Trace Attempt 5445	[2887.36 s]
0.0.Bm: Trace Attempt 2156	[2648.23 s]
0.0.Ht: Trace Attempt 5447	[2891.90 s]
0.0.Ht: Trace Attempt 5449	[2912.51 s]
0.0.Bm: Trace Attempt 2157	[2674.41 s]
0.0.Ht: Trace Attempt 5452	[2918.04 s]
0.0.Ht: Trace Attempt 5455	[2922.23 s]
0.0.Ht: Trace Attempt 5459	[2927.99 s]
0.0.Ht: Trace Attempt 5463	[2932.61 s]
0.0.Bm: Trace Attempt 2158	[2696.64 s]
0.0.Ht: Trace Attempt 5468	[2937.72 s]
0.0.Ht: Trace Attempt 5471	[2945.14 s]
0.0.Ht: Trace Attempt 5475	[2950.77 s]
0.0.Ht: Trace Attempt 5477	[2956.19 s]
0.0.Ht: Trace Attempt 5480	[2962.07 s]
0.0.Bm: Trace Attempt 2159	[2725.70 s]
0.0.Ht: Trace Attempt 5483	[2967.95 s]
0.0.Ht: Trace Attempt 5486	[2973.34 s]
0.0.Ht: Trace Attempt 5488	[2979.03 s]
0.0.Ht: Trace Attempt 5489	[2983.30 s]
0.0.Ht: Trace Attempt 5493	[2987.37 s]
0.0.Ht: Trace Attempt 5496	[2991.79 s]
0.0.Bm: Trace Attempt 2160	[2753.91 s]
0.0.Ht: Trace Attempt 5500	[2996.86 s]
0.0.Ht: Trace Attempt 5501	[3001.32 s]
0.0.Ht: Trace Attempt 5508	[3006.52 s]
0.0.Ht: Trace Attempt 5511	[3011.04 s]
0.0.Ht: Trace Attempt 5513	[3015.54 s]
0.0.Ht: Trace Attempt 5516	[3019.93 s]
0.0.Ht: Trace Attempt 5519	[3024.37 s]
0.0.Bm: Trace Attempt 2161	[2784.83 s]
0.0.Ht: Trace Attempt 5521	[3035.43 s]
0.0.Ht: Trace Attempt 5523	[3041.34 s]
0.0.Ht: Trace Attempt 5526	[3045.92 s]
0.0.Ht: Trace Attempt 5528	[3050.15 s]
0.0.Bm: Trace Attempt 2162	[2810.02 s]
0.0.Ht: Trace Attempt 5530	[3057.00 s]
0.0.Ht: Trace Attempt 5532	[3061.46 s]
0.0.Ht: Trace Attempt 5535	[3066.73 s]
0.0.Ht: Trace Attempt 5539	[3071.19 s]
0.0.Ht: Trace Attempt 5541	[3075.82 s]
0.0.Bm: Trace Attempt 2163	[2838.45 s]
0.0.Ht: Trace Attempt 5544	[3080.35 s]
0.0.Ht: Trace Attempt 5546	[3084.94 s]
0.0.Ht: Trace Attempt 5549	[3090.72 s]
0.0.Ht: Trace Attempt 5551	[3095.13 s]
0.0.Ht: Trace Attempt 5555	[3101.91 s]
0.0.Bm: Trace Attempt 2164	[2864.20 s]
0.0.Ht: Trace Attempt 5558	[3106.11 s]
0.0.Ht: Trace Attempt 5560	[3127.00 s]
0.0.Bm: Trace Attempt 2165	[2888.82 s]
0.0.Ht: Trace Attempt 5565	[3131.71 s]
0.0.Ht: Trace Attempt 5568	[3135.96 s]
0.0.Ht: Trace Attempt 5571	[3140.23 s]
0.0.Ht: Trace Attempt 5574	[3145.38 s]
0.0.Ht: Trace Attempt 5577	[3149.77 s]
0.0.Ht: Trace Attempt 5579	[3155.03 s]
0.0.Bm: Trace Attempt 2166	[2915.74 s]
0.0.Ht: Trace Attempt 5582	[3159.29 s]
0.0.Ht: Trace Attempt 5585	[3163.79 s]
0.0.Ht: Trace Attempt 5589	[3168.99 s]
0.0.Ht: Trace Attempt 5593	[3175.44 s]
0.0.Ht: Trace Attempt 5597	[3181.00 s]
0.0.Ht: Trace Attempt 5601	[3186.17 s]
0.0.Bm: Trace Attempt 2167	[2946.36 s]
0.0.Ht: Trace Attempt 5604	[3191.49 s]
0.0.Ht: Trace Attempt 5606	[3195.77 s]
0.0.Ht: Trace Attempt 5609	[3200.34 s]
0.0.Ht: Trace Attempt 5612	[3205.03 s]
0.0.Ht: Trace Attempt 5616	[3211.34 s]
0.0.Bm: Trace Attempt 2168	[2974.15 s]
0.0.Ht: Trace Attempt 5619	[3215.61 s]
0.0.Ht: Trace Attempt 5622	[3221.18 s]
0.0.Ht: Trace Attempt 5625	[3226.64 s]
0.0.Ht: Trace Attempt 5627	[3230.75 s]
0.0.Ht: Trace Attempt 5628	[3238.16 s]
0.0.Bm: Trace Attempt 2169	[2998.63 s]
0.0.Ht: Trace Attempt 5630	[3244.31 s]
0.0.Ht: Trace Attempt 5632	[3252.02 s]
0.0.Ht: Trace Attempt 5633	[3257.56 s]
0.0.Ht: Trace Attempt 5637	[3261.93 s]
0.0.Ht: Trace Attempt 5640	[3266.86 s]
0.0.Bm: Trace Attempt 2170	[3027.51 s]
0.0.Ht: Trace Attempt 5645	[3273.23 s]
0.0.Ht: Trace Attempt 5648	[3278.44 s]
0.0.Ht: Trace Attempt 5652	[3284.87 s]
0.0.Ht: Trace Attempt 5655	[3289.25 s]
0.0.Ht: Trace Attempt 5658	[3295.66 s]
0.0.Bm: Trace Attempt 2171	[3055.92 s]
0.0.Ht: Trace Attempt 5660	[3301.05 s]
0.0.Ht: Trace Attempt 5662	[3308.44 s]
0.0.Bm: Trace Attempt 2172	[3080.20 s]
0.0.Ht: Trace Attempt 5667	[3330.24 s]
0.0.Ht: Trace Attempt 5671	[3335.15 s]
0.0.Ht: Trace Attempt 5675	[3341.37 s]
0.0.Ht: Trace Attempt 5677	[3346.03 s]
0.0.Bm: Trace Attempt 2173	[3107.42 s]
0.0.Ht: Trace Attempt 5680	[3351.12 s]
0.0.Ht: Trace Attempt 5683	[3355.73 s]
0.0.Ht: Trace Attempt 5687	[3360.50 s]
0.0.Ht: Trace Attempt 5690	[3365.41 s]
0.0.Ht: Trace Attempt 5692	[3379.67 s]
0.0.Ht: Trace Attempt 5700	[3384.69 s]
0.0.Ht: Trace Attempt 5702	[3390.56 s]
0.0.Bm: Trace Attempt 2174	[3149.94 s]
0.0.Ht: Trace Attempt 5705	[3396.24 s]
0.0.Ht: Trace Attempt 5708	[3401.41 s]
0.0.Ht: Trace Attempt 5710	[3406.74 s]
0.0.Ht: Trace Attempt 5712	[3410.79 s]
0.0.Ht: Trace Attempt 5715	[3416.84 s]
0.0.Bm: Trace Attempt 2175	[3176.32 s]
0.0.Ht: Trace Attempt 5718	[3423.38 s]
0.0.Ht: Trace Attempt 5722	[3427.99 s]
0.0.Ht: Trace Attempt 5723	[3436.02 s]
0.0.Ht: Trace Attempt 5725	[3441.32 s]
0.0.Bm: Trace Attempt 2176	[3202.30 s]
0.0.Ht: Trace Attempt 5727	[3447.69 s]
0.0.Ht: Trace Attempt 5729	[3452.30 s]
0.0.Ht: Trace Attempt 5731	[3456.99 s]
0.0.Ht: Trace Attempt 5732	[3461.17 s]
0.0.Ht: Trace Attempt 5736	[3467.04 s]
0.0.Bm: Trace Attempt 2177	[3227.93 s]
0.0.Ht: Trace Attempt 5740	[3472.41 s]
0.0.Ht: Trace Attempt 5743	[3478.19 s]
0.0.Ht: Trace Attempt 5747	[3483.10 s]
0.0.Ht: Trace Attempt 5752	[3488.06 s]
0.0.Ht: Trace Attempt 5755	[3492.78 s]
0.0.Bm: Trace Attempt 2178	[3257.06 s]
0.0.Ht: Trace Attempt 5758	[3498.33 s]
0.0.Ht: Trace Attempt 5760	[3503.74 s]
0.0.Ht: Trace Attempt 5763	[3508.03 s]
0.0.Ht: Trace Attempt 5766	[3514.40 s]
0.0.Bm: Trace Attempt 2179	[3289.05 s]
0.0.Ht: Trace Attempt 5767	[3531.92 s]
0.0.Ht: Trace Attempt 5772	[3536.83 s]
0.0.Ht: Trace Attempt 5774	[3541.97 s]
0.0.Ht: Trace Attempt 5778	[3546.56 s]
0.0.Ht: Trace Attempt 5781	[3551.36 s]
0.0.Bm: Trace Attempt 2180	[3321.91 s]
0.0.Ht: Trace Attempt 5783	[3565.22 s]
0.0.Ht: Trace Attempt 5794	[3570.76 s]
0.0.Ht: Trace Attempt 5797	[3576.22 s]
0.0.Ht: Trace Attempt 5801	[3581.59 s]
0.0.Ht: Trace Attempt 5804	[3587.28 s]
0.0.Bm: Trace Attempt 2181	[3348.75 s]
0.0.Ht: Trace Attempt 5806	[3592.11 s]
0.0.Ht: Trace Attempt 5809	[3596.82 s]
INFO (IPF144): 0: Initiating shutdown of proof [3600.08 s]
0.0.Ht: Trace Attempt 5810	[3599.14 s]
0.0.Ht: Time limit expired (3600.00 s) [3600.01 s]
0.0.Bm: Time limit expired (3600.00 s) [3359.21 s]
0.0.Ht: Exited with Success (@ 3600.23 s)
0.0.K: Stopped processing property "pwm_out.auto_sva_inst.check_pwms_equal_when_thresholds_equal"	[3306.57 s].
0.0.Bm: Exited with Success (@ 3600.74 s)
0.0.K: Trace Attempt 5275	[1230.78 s]
0.0.K: Time limit expired (3600.00 s) [3306.57 s]
0.0.Ncustom1: Stopped processing property "pwm_out.auto_sva_inst.check_pwms_equal_when_thresholds_equal"	[3306.53 s].
0.0.Ncustom1: Time limit expired (3600.00 s) [3306.54 s]
0.0.K: Exited with Success (@ 3601.10 s)
0.0.Ncustom1: Exited with Success (@ 3601.10 s)
0: ProofGrid usable level: 0
0: --------------------------------------------------------------
ProofGrid Summary (utilization 100.00 %)
--------------------------------------------------------------
     engines started                               :    12
     engine jobs started                           :     4

    Average time in state (seconds)
    ------------------------------------------------------
    Engine  Pending     Running        Dead    Utilization
    ------------------------------------------------------
     Ht        0.07     3600.01        0.00      100.00 %
     Bm        0.07     3600.18        0.00      100.00 %
      K        0.07     3600.57        0.00      100.00 %
    Ncustom1        0.07     3600.63        0.00      100.00 %
    all        0.07     3600.35        0.00      100.00 %

    Total time in state (seconds)
    -----------------------------------------
            Pending     Running        Dead  
    -----------------------------------------
               0.28    14401.38        0.00

    Data read    : 12.68 MiB
    Data written : 544.83 kiB

0: All pending notifications were processed.
----------------------------------------
| INFO (ICD005): 0: The proof thread was terminated because of a time_limit expiration.
|     The current limit is 3600 seconds.
|     Modify it with the "-time_limit" switch or "set_prove_time_limit" command.
----------------------------------------
INFO (IPF059): Completed proof on task: "<embedded>" for proof thread 0

==============================================================
SUMMARY
==============================================================
           Properties Considered              : 42
                 assertions                   : 22
                  - proven                    : 6 (27.2727%)
                  - bounded_proven (user)     : 0 (0%)
                  - bounded_proven (auto)     : 0 (0%)
                  - marked_proven             : 0 (0%)
                  - cex                       : 15 (68.1818%)
                  - ar_cex                    : 0 (0%)
                  - undetermined              : 1 (4.54545%)
                  - unknown                   : 0 (0%)
                  - error                     : 0 (0%)
                 covers                       : 20
                  - unreachable               : 2 (10%)
                  - bounded_unreachable (user): 0 (0%)
                  - covered                   : 18 (90%)
                  - ar_covered                : 0 (0%)
                  - undetermined              : 0 (0%)
                  - unknown                   : 0 (0%)
                  - error                     : 0 (0%)
[<embedded>] % 
[<embedded>] % # ---- Covers (best effort) ----
[<embedded>] % catch { cover -all }
1
[<embedded>] % 
[<embedded>] % # ---- Collect CEX details ----
[<embedded>] % set CEX_TXT [file join $OUT_DIR "cex_details.txt"]
/home/ab2113/malik25_26/veri_thoughts/dataset/verification_results/version_2/ids/00581/cex_details.txt
[<embedded>] % set cex_props {}
[<embedded>] % catch { set cex_props [get_property_list -include {status cex}] }
0
[<embedded>] % set ar_cex_props {}
[<embedded>] % catch { set ar_cex_props [get_property_list -include {status ar_cex}] }
WARNING (WPM042): No properties matched the specified filters.
0
[<embedded>] % 
[<embedded>] % set fp_cex [open $CEX_TXT "w"]
file43
[<embedded>] % puts $fp_cex "# Counter-example details for DESIGN_ID=$DESIGN_ID"
[<embedded>] % puts $fp_cex "# Format: property_name | cex_type | cex_length"
[<embedded>] % puts $fp_cex ""
[<embedded>] % 
[<embedded>] % foreach prop $cex_props {
  set cex_len ""
  catch { set cex_len [get_property_info -prop $prop cex_length] }
  puts $fp_cex "$prop | cex | $cex_len"
}
[<embedded>] % foreach prop $ar_cex_props {
  set cex_len ""
  catch { set cex_len [get_property_info -prop $prop cex_length] }
  puts $fp_cex "$prop | ar_cex | $cex_len"
}
[<embedded>] % close $fp_cex
[<embedded>] % 
[<embedded>] % set n_cex    [llength $cex_props]
15
[<embedded>] % set n_ar_cex [llength $ar_cex_props]
0
[<embedded>] % puts "INFO: CEX properties: $n_cex cex, $n_ar_cex ar_cex"
INFO: CEX properties: 15 cex, 0 ar_cex
[<embedded>] % puts "INFO: Wrote $CEX_TXT"
INFO: Wrote /home/ab2113/malik25_26/veri_thoughts/dataset/verification_results/version_2/ids/00581/cex_details.txt
[<embedded>] % 
[<embedded>] % # ---- Dump VCD waveforms for CEX properties ----
[<embedded>] % if {$DUMP_VCD && ($n_cex > 0 || $n_ar_cex > 0)} {
  set VCD_DIR [file join $OUT_DIR "cex_vcd"]
  file mkdir $VCD_DIR
  set all_cex_props [concat $cex_props $ar_cex_props]
  set vcd_count 0

  foreach prop $all_cex_props {
    set safe_name [regsub -all {[^A-Za-z0-9_.-]} $prop "_"]
    set vcd_path [file join $VCD_DIR "${safe_name}.vcd"]

    set dumped 0

    # Strip <embedded>:: prefix for prove -property (it needs the short name)
    set short_prop [regsub {^<embedded>::} $prop ""]

    # Force re-prove the property so JasperGold regenerates the trace,
    # then immediately visualize before the trace is discarded.
    if {!$dumped && [catch {
      prove -property $short_prop -force
      visualize -violation $prop
      visualize -save -vcd $vcd_path
      visualize -close
      set dumped 1
      incr vcd_count
      puts "INFO: Dumped VCD for $prop -> $vcd_path"
    } err1]} {
      catch { visualize -close }
      puts "DEBUG: Approach 1 (force re-prove) failed: $err1"
    }

    # Approach 2: visualize -violation with -new_trace to force trace gen
    if {!$dumped && [catch {
      visualize -violation $prop -new_trace
      visualize -save -vcd $vcd_path
      visualize -close
      set dumped 1
      incr vcd_count
      puts "INFO: Dumped VCD for $prop -> $vcd_path"
    } err2]} {
      catch { visualize -close }
      puts "DEBUG: Approach 2 (-new_trace) failed: $err2"
    }

    # Approach 3: prove with -force and auto engine mode
    if {!$dumped && [catch {
      set_engine_mode {auto}
      prove -property $short_prop -force
      visualize -violation $prop
      visualize -save -vcd $vcd_path
      visualize -close
      set dumped 1
      incr vcd_count
      puts "INFO: Dumped VCD for $prop -> $vcd_path"
    } err3]} {
      catch { visualize -close }
      puts "DEBUG: Approach 3 (auto engine) failed: $err3"
    }

    if {!$dumped} {
      puts "WARN: Could not dump VCD for $prop (all approaches failed)"
    }
  }
  puts "INFO: Dumped $vcd_count VCD files to $VCD_DIR"
} elseif {$DUMP_VCD} {
  puts "INFO: No CEX properties to dump VCD for"
}
INFO (IPF036): Starting proof on task: "<embedded>", 1 properties to prove with 0 already proven/unreachable
INFO (IPF031): Settings used for proof thread 1:
    orchestration                 = on (auto)
    time_limit                    = 3600s
    per_property_time_limit       = 1s * 10 ^ scan
    engine_mode                   = auto
    proofgrid_per_engine_max_jobs = 1
    max engine jobs               = auto
    proofgrid_mode                = local
    proofgrid_restarts            = 10
1: Using multistage preprocessing
1: Starting reduce
1: Finished reduce in 0s
1.0.PRE: Performing Proof Simplification...
1.0.N: clocks: 2, declared: 1, disabling: 0, posedge: 2, negedge: 0, noedge: 0, bothedge: 0
1.0.N: Proof Simplification Iteration 1	[0.00 s]
1.0.PRE: A proof was found: No trace exists. [0.00 s]
INFO (IPF057): 1.0.PRE: The property ":noDeadEnd" was proven in 0.00 s.
    Use check_assumptions -show -dead_end to show this property in the property table.
1.0.PRE: Proof Simplification completed in 0.00 s
1: About to start ProofGrid in its own thread with a limit of 10000 pending notifications and a limit of 10 traces.
1: =============================== ProofGrid start ===============================
1: ProofGrid usable level: 1
1: ProofGrid is starting event handling
1.0.Hp: Proofgrid shell started at 1486598@della-h14n3(local) jg_1472634_della-h14n3_2
1.0.N: Proofgrid shell started at 1486597@della-h14n3(local) jg_1472634_della-h14n3_2
1.0.Hp: OS RSS memory limit : 68719476736 / 68719476736
1.0.N: OS RSS memory limit : 68719476736 / 68719476736
1.0.Hp: clocks: 1, declared: 1, disabling: 0, posedge: 1, negedge: 0, noedge: 0, bothedge: 0
1.0.N: clocks: 1, declared: 1, disabling: 0, posedge: 1, negedge: 0, noedge: 0, bothedge: 0
1.0.Hp: Trace Attempt  1	[0.00 s]
1.0.N: Last scan. Per property time limit: 0s
1.0.N: Starting proof for property "pwm_out.auto_sva_inst.check_timer_increments"	[0.00 s].
1.0.N: Requesting engine job to stop
1.0.Hp: Requesting engine job to terminate
INFO (IPF144): 1: Initiating shutdown of proof [0.00 s]
1.0.Hp: A trace with 1 cycles was found. [0.00 s]
INFO (IPF055): 1.0.Hp: A counterexample (cex) with 1 cycles was found for the property "pwm_out.auto_sva_inst.check_timer_increments" in 0.00 s.
1.0.N: Stopped processing property "pwm_out.auto_sva_inst.check_timer_increments"	[0.00 s].
1.0.N: All properties determined. [0.00 s]
1.0.Hp: All properties determined. [0.00 s]
1.0.Ht: Proofgrid shell started at 1486611@della-h14n3(local) jg_1472634_della-h14n3_2
1.0.Ht: Requesting engine job to terminate
1.0.B: Proofgrid shell started at 1486612@della-h14n3(local) jg_1472634_della-h14n3_2
1.0.B: Requesting engine job to terminate
1.0.N: Exited with Success (@ 0.07 s)
1: ProofGrid usable level: 0
1.0.Hp: Exited with Success (@ 0.07 s)
1.0.Ht: Interrupted. [0.01 s]
1.0.B: Interrupted. [0.01 s]
1.0.B: Exited with Success (@ 0.07 s)
1.0.Ht: Exited with Success (@ 0.07 s)
1: --------------------------------------------------------------
ProofGrid Summary (utilization 0.49 %)
--------------------------------------------------------------
     engines started                               :     4
     engine jobs started                           :     4

    Average time in state (seconds)
    ------------------------------------------------------
    Engine  Pending     Running        Dead    Utilization
    ------------------------------------------------------
      N        0.07        0.00        0.00        0.53 %
     Hp        0.06        0.00        0.00        1.45 %
     Ht        0.07        0.00        0.00        0.00 %
      B        0.07        0.00        0.00        0.00 %
    all        0.07        0.00        0.00        0.49 %

    Total time in state (seconds)
    -----------------------------------------
            Pending     Running        Dead  
    -----------------------------------------
               0.26        0.00        0.00

    Data read    : 1.69 kiB
    Data written : 1.27 kiB

1: All pending notifications were processed.
INFO (IPF059): Completed proof on task: "<embedded>" for proof thread 1
INFO (IVS015): Setting Visualize task to "<embedded>".
INFO (IVS008): Expanding analysis region to enable visualization of "<embedded>::pwm_out.auto_sva_inst.check_timer_increments".
INFO (IPF031): Settings used for proof thread 2:
    orchestration                 = off (auto)
    time_limit                    = 3600s
    per_property_time_limit       = 1s * 10 ^ scan
    engine_mode                   = Hp Ht N B 
    proofgrid_per_engine_max_jobs = 1
    max engine jobs               = Hp Ht N B, total 2
    proofgrid_mode                = local
    proofgrid_restarts            = 10
ERROR (EVS053): No trace satisfying these configurations exists for any max_length.
WARNING (WVS028): Saved trace only contains values for the target's COI.
    Use "set_trace_optimization standard" before running Visualize to save values for the full design.
DEBUG: Approach 1 (force re-prove) failed: ERROR (EVS125): No Visualize trace is available for "visualize -save -vcd".

DEBUG: Approach 2 (-new_trace) failed: ERROR (ESW104): Invalid command formation.
    Problem occurs with "-violation -new_trace".

INFO (IPF036): Starting proof on task: "<embedded>", 1 properties to prove with 0 already proven/unreachable
INFO (IPF031): Settings used for proof thread 3:
    orchestration                 = on (auto)
    time_limit                    = 3600s
    per_property_time_limit       = 1s * 10 ^ scan
    engine_mode                   = auto
    proofgrid_per_engine_max_jobs = 1
    max engine jobs               = auto
    proofgrid_mode                = local
    proofgrid_restarts            = 10
3: Using multistage preprocessing
3: Starting reduce
3: Finished reduce in 0s
3.0.PRE: Performing Proof Simplification...
3.0.N: clocks: 2, declared: 1, disabling: 0, posedge: 2, negedge: 0, noedge: 0, bothedge: 0
3.0.N: Proof Simplification Iteration 1	[0.00 s]
3.0.PRE: A proof was found: No trace exists. [0.00 s]
INFO (IPF057): 3.0.PRE: The property ":noDeadEnd" was proven in 0.00 s.
    Use check_assumptions -show -dead_end to show this property in the property table.
3.0.PRE: Proof Simplification completed in 0.00 s
3: About to start ProofGrid in its own thread with a limit of 10000 pending notifications and a limit of 10 traces.
3: =============================== ProofGrid start ===============================
3: ProofGrid usable level: 1
3: ProofGrid is starting event handling
3.0.Hp: Proofgrid shell started at 1486636@della-h14n3(local) jg_1472634_della-h14n3_4
3.0.N: Proofgrid shell started at 1486635@della-h14n3(local) jg_1472634_della-h14n3_4
3.0.Hp: OS RSS memory limit : 68719476736 / 68719476736
3.0.N: OS RSS memory limit : 68719476736 / 68719476736
3.0.Hp: clocks: 1, declared: 1, disabling: 0, posedge: 1, negedge: 0, noedge: 0, bothedge: 0
3.0.N: clocks: 1, declared: 1, disabling: 0, posedge: 1, negedge: 0, noedge: 0, bothedge: 0
3.0.N: Last scan. Per property time limit: 0s
3.0.N: Starting proof for property "pwm_out.auto_sva_inst.check_timer_increments"	[0.00 s].
3.0.Hp: Trace Attempt  1	[0.00 s]
3.0.N: Requesting engine job to stop
3.0.Hp: Requesting engine job to terminate
INFO (IPF144): 3: Initiating shutdown of proof [0.00 s]
3.0.Hp: A trace with 1 cycles was found. [0.00 s]
INFO (IPF055): 3.0.Hp: A counterexample (cex) with 1 cycles was found for the property "pwm_out.auto_sva_inst.check_timer_increments" in 0.00 s.
3.0.Hp: All properties determined. [0.00 s]
3.0.N: Trace Attempt  1	[0.00 s]
3.0.N: Stopped processing property "pwm_out.auto_sva_inst.check_timer_increments"	[0.00 s].
3.0.N: All properties determined. [0.00 s]
3.0.Ht: Proofgrid shell started at 1486649@della-h14n3(local) jg_1472634_della-h14n3_4
3.0.Ht: Requesting engine job to terminate
3.0.N: Exited with Success (@ 0.07 s)
3: ProofGrid usable level: 0
3.0.Hp: Exited with Success (@ 0.07 s)
3.0.Ht: Interrupted. [0.01 s]
3.0.B: Proofgrid shell started at 1486650@della-h14n3(local) jg_1472634_della-h14n3_4
3.0.B: Requesting engine job to terminate
3.0.B: Interrupted. [0.01 s]
3.0.Ht: Exited with Success (@ 0.07 s)
3.0.B: Exited with Success (@ 0.07 s)
3: --------------------------------------------------------------
ProofGrid Summary (utilization 0.50 %)
--------------------------------------------------------------
     engines started                               :     4
     engine jobs started                           :     4

    Average time in state (seconds)
    ------------------------------------------------------
    Engine  Pending     Running        Dead    Utilization
    ------------------------------------------------------
      N        0.07        0.00        0.00        0.61 %
     Hp        0.06        0.00        0.00        1.40 %
     Ht        0.07        0.00        0.00        0.00 %
      B        0.07        0.00        0.00        0.00 %
    all        0.07        0.00        0.00        0.50 %

    Total time in state (seconds)
    -----------------------------------------
            Pending     Running        Dead  
    -----------------------------------------
               0.26        0.00        0.00

    Data read    : 1.70 kiB
    Data written : 1.27 kiB

3: All pending notifications were processed.
INFO (IPF059): Completed proof on task: "<embedded>" for proof thread 3
INFO (IVS015): Setting Visualize task to "<embedded>".
INFO (IVS008): Expanding analysis region to enable visualization of "<embedded>::pwm_out.auto_sva_inst.check_timer_increments".
INFO (IPF031): Settings used for proof thread 4:
    orchestration                 = off (auto)
    time_limit                    = 3600s
    per_property_time_limit       = 1s * 10 ^ scan
    engine_mode                   = Ht Hp B N 
    proofgrid_per_engine_max_jobs = 1
    max engine jobs               = Ht Hp B N, total 2
    proofgrid_mode                = local
    proofgrid_restarts            = 10
ERROR (EVS053): No trace satisfying these configurations exists for any max_length.
WARNING (WVS028): Saved trace only contains values for the target's COI.
    Use "set_trace_optimization standard" before running Visualize to save values for the full design.
DEBUG: Approach 3 (auto engine) failed: ERROR (EVS125): No Visualize trace is available for "visualize -save -vcd".

WARN: Could not dump VCD for <embedded>::pwm_out.auto_sva_inst.check_timer_increments (all approaches failed)
INFO (IPF036): Starting proof on task: "<embedded>", 1 properties to prove with 0 already proven/unreachable
INFO (IPF031): Settings used for proof thread 5:
    orchestration                 = on (auto)
    time_limit                    = 3600s
    per_property_time_limit       = 1s * 10 ^ scan
    engine_mode                   = auto
    proofgrid_per_engine_max_jobs = 1
    max engine jobs               = auto
    proofgrid_mode                = local
    proofgrid_restarts            = 10
5: Using multistage preprocessing
5: Starting reduce
5: Finished reduce in 0s
5.0.PRE: Performing Proof Simplification...
5.0.N: clocks: 2, declared: 1, disabling: 0, posedge: 2, negedge: 0, noedge: 0, bothedge: 0
5.0.N: Proof Simplification Iteration 1	[0.00 s]
5.0.N: Proof Simplification Iteration 2	[0.00 s]
5.0.N: Proof Simplification Iteration 3	[0.00 s]
5.0.PRE: A proof was found: No trace exists. [0.00 s]
INFO (IPF057): 5.0.PRE: The property ":noDeadEnd" was proven in 0.00 s.
    Use check_assumptions -show -dead_end to show this property in the property table.
5.0.PRE: Proof Simplification completed in 0.00 s
5: About to start ProofGrid in its own thread with a limit of 10000 pending notifications and a limit of 10 traces.
5: =============================== ProofGrid start ===============================
5: ProofGrid usable level: 1
5: ProofGrid is starting event handling
5.0.N: Proofgrid shell started at 1486673@della-h14n3(local) jg_1472634_della-h14n3_6
5.0.Hp: Proofgrid shell started at 1486674@della-h14n3(local) jg_1472634_della-h14n3_6
5.0.N: OS RSS memory limit : 68719476736 / 68719476736
5.0.Hp: OS RSS memory limit : 68719476736 / 68719476736
5.0.N: clocks: 1, declared: 1, disabling: 0, posedge: 1, negedge: 0, noedge: 0, bothedge: 0
5.0.N: Last scan. Per property time limit: 0s
5.0.N: Starting proof for property "pwm_out.auto_sva_inst.check_rdreq_set_at_800"	[0.00 s].
5.0.N: Trace Attempt  1	[0.00 s]
5.0.N: A max_length bound was found. The shortest trace is no longer than 65536 cycles. [0.00 s]
INFO (IPF008): 5.0.N: A max_length bound of 65536 was found for the property "pwm_out.auto_sva_inst.check_rdreq_set_at_800" in 0.00 s.
5.0.N: Trace Attempt  2	[0.00 s]
5.0.N: Trace Attempt  2	[0.00 s]
5.0.N: Trace Attempt  3	[0.00 s]
5.0.N: Trace Attempt  3	[0.00 s]
5.0.Hp: clocks: 1, declared: 1, disabling: 0, posedge: 1, negedge: 0, noedge: 0, bothedge: 0
5.0.N: Requesting engine job to stop
5.0.Hp: Requesting engine job to terminate
INFO (IPF144): 5: Initiating shutdown of proof [0.00 s]
5.0.N: A trace with 3 cycles was found. [0.00 s]
INFO (IPF055): 5.0.N: A counterexample (cex) with 3 cycles was found for the property "pwm_out.auto_sva_inst.check_rdreq_set_at_800" in 0.00 s.
5.0.N: Stopped processing property "pwm_out.auto_sva_inst.check_rdreq_set_at_800"	[0.00 s].
5.0.N: All properties determined. [0.00 s]
5.0.Hp: Interrupted (multi)
5.0.Hp: All properties determined. [0.00 s]
5.0.Ht: Proofgrid shell started at 1486687@della-h14n3(local) jg_1472634_della-h14n3_6
5.0.Ht: Requesting engine job to terminate
5.0.N: Exited with Success (@ 0.07 s)
5: ProofGrid usable level: 0
5.0.Hp: Exited with Success (@ 0.07 s)
5.0.Ht: Interrupted. [0.01 s]
5.0.B: Proofgrid shell started at 1486688@della-h14n3(local) jg_1472634_della-h14n3_6
5.0.B: Requesting engine job to terminate
5.0.B: Interrupted. [0.01 s]
5.0.Ht: Exited with Success (@ 0.07 s)
5.0.B: Exited with Success (@ 0.07 s)
5: --------------------------------------------------------------
ProofGrid Summary (utilization 0.47 %)
--------------------------------------------------------------
     engines started                               :     4
     engine jobs started                           :     4

    Average time in state (seconds)
    ------------------------------------------------------
    Engine  Pending     Running        Dead    Utilization
    ------------------------------------------------------
      N        0.07        0.00        0.00        1.61 %
     Hp        0.07        0.00        0.00        0.27 %
     Ht        0.07        0.00        0.00        0.00 %
      B        0.07        0.00        0.00        0.00 %
    all        0.07        0.00        0.00        0.47 %

    Total time in state (seconds)
    -----------------------------------------
            Pending     Running        Dead  
    -----------------------------------------
               0.26        0.00        0.00

    Data read    : 2.05 kiB
    Data written : 1.35 kiB

5: All pending notifications were processed.
INFO (IPF059): Completed proof on task: "<embedded>" for proof thread 5
INFO (IVS015): Setting Visualize task to "<embedded>".
INFO (IVS008): Expanding analysis region to enable visualization of "<embedded>::pwm_out.auto_sva_inst.check_rdreq_set_at_800".
INFO (IPF031): Settings used for proof thread 6:
    orchestration                 = off (auto)
    time_limit                    = 3600s
    per_property_time_limit       = 1s * 10 ^ scan
    engine_mode                   = Ht Hp B N 
    proofgrid_per_engine_max_jobs = 1
    max engine jobs               = Ht Hp B N, total 2
    proofgrid_mode                = local
    proofgrid_restarts            = 10
ERROR (EVS053): No trace satisfying these configurations exists for any max_length.
WARNING (WVS028): Saved trace only contains values for the target's COI.
    Use "set_trace_optimization standard" before running Visualize to save values for the full design.
DEBUG: Approach 1 (force re-prove) failed: ERROR (EVS125): No Visualize trace is available for "visualize -save -vcd".

DEBUG: Approach 2 (-new_trace) failed: ERROR (ESW104): Invalid command formation.
    Problem occurs with "-violation -new_trace".

INFO (IPF036): Starting proof on task: "<embedded>", 1 properties to prove with 0 already proven/unreachable
INFO (IPF031): Settings used for proof thread 7:
    orchestration                 = on (auto)
    time_limit                    = 3600s
    per_property_time_limit       = 1s * 10 ^ scan
    engine_mode                   = auto
    proofgrid_per_engine_max_jobs = 1
    max engine jobs               = auto
    proofgrid_mode                = local
    proofgrid_restarts            = 10
7: Using multistage preprocessing
7: Starting reduce
7: Finished reduce in 0s
7.0.PRE: Performing Proof Simplification...
7.0.N: clocks: 2, declared: 1, disabling: 0, posedge: 2, negedge: 0, noedge: 0, bothedge: 0
7.0.N: Proof Simplification Iteration 1	[0.00 s]
7.0.N: Proof Simplification Iteration 2	[0.00 s]
7.0.N: Proof Simplification Iteration 3	[0.00 s]
7.0.PRE: A proof was found: No trace exists. [0.00 s]
INFO (IPF057): 7.0.PRE: The property ":noDeadEnd" was proven in 0.00 s.
    Use check_assumptions -show -dead_end to show this property in the property table.
7.0.PRE: Proof Simplification completed in 0.00 s
7: About to start ProofGrid in its own thread with a limit of 10000 pending notifications and a limit of 10 traces.
7: =============================== ProofGrid start ===============================
7: ProofGrid usable level: 1
7: ProofGrid is starting event handling
7.0.Hp: Proofgrid shell started at 1486712@della-h14n3(local) jg_1472634_della-h14n3_8
7.0.N: Proofgrid shell started at 1486711@della-h14n3(local) jg_1472634_della-h14n3_8
7.0.Hp: OS RSS memory limit : 68719476736 / 68719476736
7.0.N: OS RSS memory limit : 68719476736 / 68719476736
7.0.Hp: clocks: 1, declared: 1, disabling: 0, posedge: 1, negedge: 0, noedge: 0, bothedge: 0
7.0.N: clocks: 1, declared: 1, disabling: 0, posedge: 1, negedge: 0, noedge: 0, bothedge: 0
7.0.N: Last scan. Per property time limit: 0s
7.0.N: Starting proof for property "pwm_out.auto_sva_inst.check_rdreq_set_at_800"	[0.00 s].
7.0.N: Trace Attempt  1	[0.00 s]
7.0.N: A max_length bound was found. The shortest trace is no longer than 65536 cycles. [0.00 s]
INFO (IPF008): 7.0.N: A max_length bound of 65536 was found for the property "pwm_out.auto_sva_inst.check_rdreq_set_at_800" in 0.00 s.
7.0.Hp: Trace Attempt  1	[0.00 s]
7.0.N: Trace Attempt  2	[0.00 s]
7.0.Hp: Trace Attempt  2	[0.00 s]
7.0.N: Trace Attempt  2	[0.00 s]
7.0.N: Trace Attempt  3	[0.00 s]
7.0.N: Trace Attempt  3	[0.00 s]
7.0.N: Requesting engine job to stop
7.0.Hp: Requesting engine job to terminate
INFO (IPF144): 7: Initiating shutdown of proof [0.00 s]
7.0.N: A trace with 3 cycles was found. [0.00 s]
INFO (IPF055): 7.0.N: A counterexample (cex) with 3 cycles was found for the property "pwm_out.auto_sva_inst.check_rdreq_set_at_800" in 0.00 s.
7.0.N: Stopped processing property "pwm_out.auto_sva_inst.check_rdreq_set_at_800"	[0.00 s].
7.0.N: All properties determined. [0.00 s]
7.0.Hp: Trace Attempt  3	[0.00 s]
7.0.Hp: All properties determined. [0.00 s]
7.0.Ht: Proofgrid shell started at 1486725@della-h14n3(local) jg_1472634_della-h14n3_8
7.0.Ht: Requesting engine job to terminate
7.0.N: Exited with Success (@ 0.07 s)
7: ProofGrid usable level: 0
7.0.Hp: Exited with Success (@ 0.07 s)
7.0.Ht: Interrupted. [0.01 s]
7.0.B: Proofgrid shell started at 1486726@della-h14n3(local) jg_1472634_della-h14n3_8
7.0.B: Requesting engine job to terminate
7.0.B: Interrupted. [0.01 s]
7.0.Ht: Exited with Success (@ 0.07 s)
7.0.B: Exited with Success (@ 0.07 s)
7: --------------------------------------------------------------
ProofGrid Summary (utilization 1.04 %)
--------------------------------------------------------------
     engines started                               :     4
     engine jobs started                           :     4

    Average time in state (seconds)
    ------------------------------------------------------
    Engine  Pending     Running        Dead    Utilization
    ------------------------------------------------------
      N        0.07        0.00        0.00        2.03 %
     Hp        0.07        0.00        0.00        2.10 %
     Ht        0.07        0.00        0.00        0.00 %
      B        0.07        0.00        0.00        0.00 %
    all        0.07        0.00        0.00        1.04 %

    Total time in state (seconds)
    -----------------------------------------
            Pending     Running        Dead  
    -----------------------------------------
               0.27        0.00        0.00

    Data read    : 2.46 kiB
    Data written : 1.36 kiB

7: All pending notifications were processed.
INFO (IPF059): Completed proof on task: "<embedded>" for proof thread 7
INFO (IVS015): Setting Visualize task to "<embedded>".
INFO (IVS008): Expanding analysis region to enable visualization of "<embedded>::pwm_out.auto_sva_inst.check_rdreq_set_at_800".
INFO (IPF031): Settings used for proof thread 8:
    orchestration                 = off (auto)
    time_limit                    = 3600s
    per_property_time_limit       = 1s * 10 ^ scan
    engine_mode                   = Ht Hp B N 
    proofgrid_per_engine_max_jobs = 1
    max engine jobs               = Ht Hp B N, total 2
    proofgrid_mode                = local
    proofgrid_restarts            = 10
ERROR (EVS053): No trace satisfying these configurations exists for any max_length.
WARNING (WVS028): Saved trace only contains values for the target's COI.
    Use "set_trace_optimization standard" before running Visualize to save values for the full design.
DEBUG: Approach 3 (auto engine) failed: ERROR (EVS125): No Visualize trace is available for "visualize -save -vcd".

WARN: Could not dump VCD for <embedded>::pwm_out.auto_sva_inst.check_rdreq_set_at_800 (all approaches failed)
INFO (IPF036): Starting proof on task: "<embedded>", 1 properties to prove with 0 already proven/unreachable
INFO (IPF031): Settings used for proof thread 9:
    orchestration                 = on (auto)
    time_limit                    = 3600s
    per_property_time_limit       = 1s * 10 ^ scan
    engine_mode                   = auto
    proofgrid_per_engine_max_jobs = 1
    max engine jobs               = auto
    proofgrid_mode                = local
    proofgrid_restarts            = 10
9: Using multistage preprocessing
9: Starting reduce
9: Finished reduce in 0s
9.0.PRE: Performing Proof Simplification...
9.0.N: clocks: 2, declared: 1, disabling: 0, posedge: 2, negedge: 0, noedge: 0, bothedge: 0
9.0.N: Proof Simplification Iteration 1	[0.00 s]
9.0.N: Proof Simplification Iteration 2	[0.00 s]
9.0.N: Proof Simplification Iteration 3	[0.00 s]
9.0.PRE: A proof was found: No trace exists. [0.00 s]
INFO (IPF057): 9.0.PRE: The property ":noDeadEnd" was proven in 0.00 s.
    Use check_assumptions -show -dead_end to show this property in the property table.
9.0.PRE: Proof Simplification completed in 0.00 s
9: About to start ProofGrid in its own thread with a limit of 10000 pending notifications and a limit of 10 traces.
9: =============================== ProofGrid start ===============================
9: ProofGrid usable level: 1
9: ProofGrid is starting event handling
9.0.N: Proofgrid shell started at 1486749@della-h14n3(local) jg_1472634_della-h14n3_10
9.0.Hp: Proofgrid shell started at 1486750@della-h14n3(local) jg_1472634_della-h14n3_10
9.0.N: OS RSS memory limit : 68719476736 / 68719476736
9.0.N: clocks: 1, declared: 1, disabling: 0, posedge: 1, negedge: 0, noedge: 0, bothedge: 0
9.0.Hp: OS RSS memory limit : 68719476736 / 68719476736
9.0.N: Last scan. Per property time limit: 0s
9.0.N: Starting proof for property "pwm_out.auto_sva_inst.check_rdreq_high_only_at_801"	[0.00 s].
9.0.N: Trace Attempt  1	[0.00 s]
9.0.N: A max_length bound was found. The shortest trace is no longer than 16384 cycles. [0.00 s]
INFO (IPF008): 9.0.N: A max_length bound of 16384 was found for the property "pwm_out.auto_sva_inst.check_rdreq_high_only_at_801" in 0.00 s.
9.0.Hp: clocks: 1, declared: 1, disabling: 0, posedge: 1, negedge: 0, noedge: 0, bothedge: 0
9.0.Hp: Trace Attempt  1	[0.00 s]
9.0.Hp: Trace Attempt  2	[0.00 s]
9.0.Hp: Trace Attempt  3	[0.00 s]
9.0.Hp: Trace Attempt  4	[0.00 s]
9.0.N: Trace Attempt  2	[0.00 s]
9.0.N: Trace Attempt  3	[0.00 s]
9.0.N: Trace Attempt  3	[0.00 s]
9.0.N: Trace Attempt  4	[0.00 s]
9.0.N: Trace Attempt  5	[0.00 s]
9.0.N: Trace Attempt  5	[0.00 s]
9.0.Hp: Trace Attempt  5	[0.00 s]
9.0.N: Trace Attempt  1	[0.00 s]
9.0.N: Trace Attempt  2	[0.00 s]
9.0.N: Trace Attempt  3	[0.00 s]
9.0.Ht: Proofgrid shell started at 1486763@della-h14n3(local) jg_1472634_della-h14n3_10
9.0.Ht: OS RSS memory limit : 68719476736 / 68719476736
9.0.Ht: clocks: 1, declared: 1, disabling: 0, posedge: 1, negedge: 0, noedge: 0, bothedge: 0
9.0.Ht: Trace Attempt  1	[0.00 s]
9.0.Ht: Trace Attempt  2	[0.00 s]
9.0.Ht: Trace Attempt  3	[0.00 s]
9.0.Ht: Trace Attempt  4	[0.00 s]
9.0.Ht: Trace Attempt  5	[0.00 s]
9.0.B: Proofgrid shell started at 1486764@della-h14n3(local) jg_1472634_della-h14n3_10
9.0.B: OS RSS memory limit : 68719476736 / 68719476736
9.0.B: clocks: 1, declared: 1, disabling: 0, posedge: 1, negedge: 0, noedge: 0, bothedge: 0
9.0.B: Last scan. Per property time limit: 0s
9.0.B: Starting proof for property "pwm_out.auto_sva_inst.check_rdreq_high_only_at_801"	[0.00 s].
9.0.B: Trace Attempt  1	[0.00 s]
9.0.B: Trace Attempt  2	[0.00 s]
9.0.B: Trace Attempt  3	[0.00 s]
9.0.B: Trace Attempt  4	[0.00 s]
9.0.B: Trace Attempt  5	[0.00 s]
9.0.B: Trace Attempt 273	[4.21 s]
9.0.Ht: Trace Attempt 400	[7.89 s]
9.0.B: Trace Attempt 302	[8.63 s]
9.0.Ht: Trace Attempt 474	[12.15 s]
9.0.B: Trace Attempt 325	[12.97 s]
9.0.Ht: Trace Attempt 653	[16.17 s]
9.0.B: Trace Attempt 336	[17.33 s]
9.0.Hp: Trace Attempt 403	[17.54 s]
9.0.Ht: Trace Attempt 797	[20.23 s]
9.0.B: Trace Attempt 352	[22.29 s]
9.0.Ht: Trace Attempt 865	[24.23 s]
9.0.B: Trace Attempt 358	[26.49 s]
9.0.N: Trace Attempt 473	[27.05 s]
9.0.N: Trace Attempt  1	[27.25 s]
9.0.N: Trace Attempt  2	[27.25 s]
9.0.N: Trace Attempt  3	[27.25 s]
9.0.Ht: Trace Attempt 929	[28.51 s]
9.0.B: Trace Attempt 363	[30.70 s]
9.0.N: Trace Attempt 342	[31.46 s]
9.0.Ht: Trace Attempt 996	[32.55 s]
9.0.N: Trace Attempt 438	[35.48 s]
9.0.B: Trace Attempt 368	[35.58 s]
9.0.Ht: Trace Attempt 1029	[36.56 s]
9.0.N: Trace Attempt 740	[40.21 s]
9.0.B: Trace Attempt 372	[40.49 s]
9.0.Ht: Trace Attempt 1090	[40.56 s]
9.0.N: Trace Attempt 934	[44.21 s]
9.0.Ht: Trace Attempt 1112	[44.63 s]
9.0.B: Trace Attempt 376	[45.31 s]
9.0.N: Trace Attempt 1072	[48.23 s]
9.0.Hp: Trace Attempt 706	[48.36 s]
9.0.Ht: Trace Attempt 1166	[48.70 s]
9.0.B: Trace Attempt 379	[50.29 s]
9.0.N: Trace Attempt 1355	[53.35 s]
9.0.Ht: Trace Attempt 1204	[54.51 s]
9.0.B: Trace Attempt 382	[54.95 s]
9.0.N: Trace Attempt 1500	[57.66 s]
9.0.B: Trace Attempt 385	[60.25 s]
9.0.N: Trace Attempt 1696	[61.75 s]
9.0.B: Trace Attempt 387	[64.68 s]
9.0.N: Trace Attempt 1882	[66.70 s]
9.0.B: Trace Attempt 389	[68.76 s]
9.0.N: Trace Attempt 2037	[70.87 s]
9.0.B: Trace Attempt 392	[74.01 s]
9.0.N: Trace Attempt 2521	[74.88 s]
9.0.B: Trace Attempt 394	[78.16 s]
9.0.N: Trace Attempt 2673	[79.45 s]
9.0.B: Trace Attempt 396	[82.25 s]
9.0.N: Trace Attempt 2718	[83.75 s]
9.0.B: Trace Attempt 398	[86.97 s]
9.0.N: Trace Attempt 2742	[87.75 s]
9.0.B: Trace Attempt 400	[91.15 s]
9.0.N: Trace Attempt 2767	[92.08 s]
9.0.B: Trace Attempt 402	[95.80 s]
9.0.N: Trace Attempt 2790	[96.09 s]
9.0.N: Trace Attempt 2806	[100.53 s]
9.0.B: Trace Attempt 404	[100.70 s]
9.0.N: Trace Attempt 2820	[104.71 s]
9.0.B: Trace Attempt 406	[105.48 s]
9.0.Ht: Trace Attempt 1429	[107.73 s]
9.0.N: Trace Attempt 2834	[109.27 s]
9.0.B: Trace Attempt 408	[109.61 s]
9.0.N: Trace Attempt 2858	[113.81 s]
9.0.B: Trace Attempt 410	[114.30 s]
9.0.B: Trace Attempt 412	[118.74 s]
9.0.N: Trace Attempt 2878	[118.91 s]
9.0.B: Trace Attempt 414	[123.32 s]
9.0.N: Trace Attempt 2893	[123.43 s]
9.0.N: Trace Attempt 2901	[127.79 s]
9.0.B: Trace Attempt 417	[129.12 s]
9.0.N: Trace Attempt 2908	[132.31 s]
9.0.B: Trace Attempt 419	[133.63 s]
9.0.N: Trace Attempt 2924	[136.38 s]
9.0.B: Trace Attempt 421	[137.72 s]
9.0.N: Trace Attempt 2928	[140.49 s]
9.0.B: Trace Attempt 423	[142.52 s]
9.0.N: Trace Attempt 2954	[145.48 s]
9.0.B: Trace Attempt 425	[147.09 s]
9.0.N: Trace Attempt 2966	[149.76 s]
9.0.B: Trace Attempt 428	[153.52 s]
9.0.N: Trace Attempt 2976	[154.03 s]
9.0.N: Trace Attempt 2987	[158.39 s]
9.0.B: Trace Attempt 430	[158.62 s]
9.0.N: Trace Attempt 2992	[162.43 s]
9.0.B: Trace Attempt 432	[163.74 s]
9.0.Hp: Trace Attempt 1160	[164.68 s]
9.0.N: Trace Attempt 3007	[167.26 s]
9.0.B: Trace Attempt 434	[169.00 s]
9.0.N: Trace Attempt 3011	[172.12 s]
9.0.B: Trace Attempt 436	[174.92 s]
9.0.N: Trace Attempt 3019	[176.94 s]
9.0.B: Trace Attempt 438	[179.14 s]
9.0.B: Stopped processing property "pwm_out.auto_sva_inst.check_rdreq_high_only_at_801"	[181.68 s].
9.0.B: Morphing to Tri
9.0.B: All properties determined. [0.00 s]
9.0.B: Exited with Success (@ 0.00 s)
9.0.Tri: clocks: 1, declared: 1, disabling: 0, posedge: 1, negedge: 0, noedge: 0, bothedge: 0
9.0.Tri: Starting proof for property "pwm_out.auto_sva_inst.check_rdreq_high_only_at_801"	[0.00 s].
9.0.Tri: Trace Attempt  1	[0.00 s]
9.0.Tri:    0.00" ---- Launching main thread ----
9.0.N: Stopped processing property "pwm_out.auto_sva_inst.check_rdreq_high_only_at_801"	[181.97 s].
9.0.N: Morphing to AM
9.0.N: Trace Attempt 3023	[180.75 s]
9.0.N: All properties determined. [0.00 s]
9.0.N: Exited with Success (@ 0.00 s)
9.0.AM: clocks: 1, declared: 1, disabling: 0, posedge: 1, negedge: 0, noedge: 0, bothedge: 0
9.0.AM: Starting proof for property "pwm_out.auto_sva_inst.check_rdreq_high_only_at_801"	[0.00 s].
9.0.AM: Trace Attempt  1	[0.00 s]
9.0.AM: Trace Attempt  2	[0.00 s]
9.0.AM: Trace Attempt  3	[0.00 s]
9.0.AM: Trace Attempt  4	[0.00 s]
9.0.AM: Trace Attempt  5	[0.00 s]
9.0.AM: Trace Attempt  1	[0.00 s]
9.0.AM: Trace Attempt  2	[0.00 s]
9.0.AM: Trace Attempt  3	[0.02 s]
9.0.AM: Trace Attempt  1	[0.03 s]
9.0.AM: Trace Attempt  2	[0.03 s]
9.0.AM: Trace Attempt  3	[0.03 s]
9.0.AM: Trace Attempt  1	[0.03 s]
9.0.AM: Trace Attempt  2	[0.03 s]
9.0.AM: Trace Attempt  3	[0.03 s]
9.0.AM: Trace Attempt  1	[0.04 s]
9.0.AM: Trace Attempt  2	[0.04 s]
9.0.AM: Trace Attempt  3	[0.04 s]
9.0.AM: Trace Attempt  1	[0.15 s]
9.0.AM: Trace Attempt  2	[0.15 s]
9.0.AM: Trace Attempt  3	[0.15 s]
9.0.Tri:    0.29" ---- Launching abstraction thread ----
9.0.Tri: Stopped processing property "pwm_out.auto_sva_inst.check_rdreq_high_only_at_801"	[0.32 s].
9.0.Tri: Morphing to I
9.0.Tri: All properties determined. [0.00 s]
9.0.Tri: Exited with Success (@ 0.00 s)
9.0.I: clocks: 1, declared: 1, disabling: 0, posedge: 1, negedge: 0, noedge: 0, bothedge: 0
9.0.I: Starting proof for property "pwm_out.auto_sva_inst.check_rdreq_high_only_at_801"	[0.00 s].
9.0.I: Trace Attempt 12	[0.00 s]
9.0.I: Trace Attempt  1	[0.00 s]
9.0.I: Trace Attempt  2	[0.00 s]
9.0.I: Trace Attempt  3	[0.00 s]
9.0.I: Trace Attempt  4	[0.00 s]
9.0.AM: Trace Attempt 381	[4.16 s]
9.0.I: Stopped processing property "pwm_out.auto_sva_inst.check_rdreq_high_only_at_801"	[4.52 s].
9.0.I: Morphing to AD
9.0.I: Trace Attempt 45	[0.19 s]
9.0.I: All properties determined. [0.00 s]
9.0.I: Exited with Success (@ 0.00 s)
9.0.AD: clocks: 1, declared: 1, disabling: 0, posedge: 1, negedge: 0, noedge: 0, bothedge: 0
9.0.AD: Starting proof for property "pwm_out.auto_sva_inst.check_rdreq_high_only_at_801"	[0.00 s].
9.0.AD: Trace Attempt  1	[0.00 s]
9.0.AD: Trace Attempt  2	[0.00 s]
9.0.AD: Trace Attempt  3	[0.00 s]
9.0.AD: Trace Attempt  4	[0.00 s]
9.0.AD: Trace Attempt  5	[0.00 s]
9.0.AD: Trace Attempt  1	[0.00 s]
9.0.AD: Trace Attempt  2	[0.00 s]
9.0.AD: Trace Attempt  3	[0.00 s]
9.0.AD: Trace Attempt  5	[0.00 s]
9.0.AD: Trace Attempt  1	[0.01 s]
9.0.AD: Trace Attempt  2	[0.01 s]
9.0.AD: Trace Attempt  3	[0.01 s]
9.0.AD: Trace Attempt  5	[0.01 s]
9.0.AD: Trace Attempt  1	[0.03 s]
9.0.AD: Trace Attempt  2	[0.03 s]
9.0.AD: Trace Attempt  3	[0.03 s]
9.0.AD: Trace Attempt  5	[0.03 s]
9.0.AD: Trace Attempt  1	[0.17 s]
9.0.AD: Trace Attempt  2	[0.17 s]
9.0.AD: Trace Attempt  3	[0.17 s]
9.0.AD: Trace Attempt  5	[0.17 s]
9.0.AD: Trace Attempt  1	[1.75 s]
9.0.AD: Trace Attempt  2	[1.75 s]
9.0.AD: Trace Attempt  3	[1.75 s]
9.0.AD: Trace Attempt  5	[1.75 s]
9.0.AM: Trace Attempt 479	[8.19 s]
9.0.AM: Stopped processing property "pwm_out.auto_sva_inst.check_rdreq_high_only_at_801"	[10.36 s].
9.0.AM: Morphing to D
9.0.AM: Trace Attempt 631	[10.30 s]
9.0.AM: All properties determined. [0.00 s]
9.0.AM: Exited with Success (@ 0.00 s)
9.0.D: clocks: 1, declared: 1, disabling: 0, posedge: 1, negedge: 0, noedge: 0, bothedge: 0
9.0.D: Starting proof for property "pwm_out.auto_sva_inst.check_rdreq_high_only_at_801"	[0.00 s].
9.0.D: Trace Attempt  1	[0.00 s]
9.0.D: Trace Attempt  2	[0.00 s]
9.0.D: Trace Attempt  3	[0.00 s]
9.0.D: Trace Attempt  5	[0.00 s]
9.0.AD: Trace Attempt 92	[8.24 s]
9.0.D: Trace Attempt 92	[6.53 s]
9.0.AD: Stopped processing property "pwm_out.auto_sva_inst.check_rdreq_high_only_at_801"	[33.39 s].
9.0.AD: Morphing to Ncustom1
9.0.AD: All properties determined. [0.00 s]
9.0.AD: Exited with Success (@ 0.00 s)
9.0.Ncustom1: clocks: 1, declared: 1, disabling: 0, posedge: 1, negedge: 0, noedge: 0, bothedge: 0
9.0.Ncustom1: Starting proof for property "pwm_out.auto_sva_inst.check_rdreq_high_only_at_801"	[0.00 s].
9.0.D: Stopped processing property "pwm_out.auto_sva_inst.check_rdreq_high_only_at_801"	[27.74 s].
9.0.D: Morphing to Tri
9.0.D: All properties determined. [0.00 s]
9.0.D: Exited with Success (@ 0.00 s)
9.0.Tri: clocks: 1, declared: 1, disabling: 0, posedge: 1, negedge: 0, noedge: 0, bothedge: 0
9.0.Ncustom1: Trace Attempt 472	[0.01 s]
9.0.Tri: Starting proof for property "pwm_out.auto_sva_inst.check_rdreq_high_only_at_801"	[0.00 s].
9.0.Tri: Trace Attempt  1	[0.00 s]
9.0.Tri:    0.00" ---- Launching main thread ----
9.0.Tri:    0.22" ---- Launching abstraction thread ----
9.0.Tri:    0.26" ---- Launching multi-phase simplification thread ----
9.0.Tri: Trace Attempt  2	[0.34 s]
9.0.Tri: Trace Attempt  3	[0.34 s]
9.0.Tri: Trace Attempt  4	[0.34 s]
9.0.Tri: Trace Attempt  5	[0.34 s]
9.0.Tri:    1.51" Simplification phase 1 complete
9.0.Tri:    1.59" Simplification phase 2 complete
9.0.Tri:    1.65" Simplification phase 3 complete
   1.65" ---- Completed simplification thread ----
   1.65" ---- Restarting main thread on simplified netlist ----
9.0.Tri: Requesting engine job to stop
9.0.Ncustom1: Requesting engine job to stop
9.0.Hp: Requesting engine job to terminate
9.0.Ht: Requesting engine job to terminate
INFO (IPF144): 9: Initiating shutdown of proof [223.33 s]
9.0.Tri: Trace Attempt 4099	[1.17 s]
9.0.Tri: A trace with 4099 cycles was found. [3.18 s]
INFO (IPF055): 9.0.Tri: A counterexample (cex) with 4099 cycles was found for the property "pwm_out.auto_sva_inst.check_rdreq_high_only_at_801" in 3.20 s.
9.0.Hp: Interrupted (multi)
9.0.Hp: Trace Attempt 3006	[165.21 s]
9.0.Hp: All properties determined. [223.33 s]
9.0.Ht: Interrupted (multi)
9.0.Ht: Trace Attempt 2827	[107.89 s]
9.0.Ht: All properties determined. [223.25 s]
9.0.Tri: Stopped processing property "pwm_out.auto_sva_inst.check_rdreq_high_only_at_801"	[3.20 s].
9.0.Tri: All properties determined. [3.20 s]
9.0.Ncustom1: Stopped processing property "pwm_out.auto_sva_inst.check_rdreq_high_only_at_801"	[3.26 s].
9.0.Ncustom1: All properties determined. [3.26 s]
9.0.Ncustom1: Exited with Success (@ 223.34 s)
9: ProofGrid usable level: 0
9.0.Ht: Exited with Success (@ 223.39 s)
9.0.Hp: Exited with Success (@ 223.39 s)
9.0.Tri: Exited with Success (@ 223.39 s)
9: --------------------------------------------------------------
ProofGrid Summary (utilization 99.97 %)
--------------------------------------------------------------
     engines started                               :    10
     engine jobs started                           :     4

    Average time in state (seconds)
    ------------------------------------------------------
    Engine  Pending     Running        Dead    Utilization
    ------------------------------------------------------
     Hp        0.07      223.33        0.00       99.97 %
     Ht        0.08      223.25        0.00       99.96 %
    Tri        0.07      222.56        0.00       99.97 %
    Ncustom1        0.09      223.17        0.00       99.96 %
    all        0.08      223.08        0.00       99.97 %

    Total time in state (seconds)
    -----------------------------------------
            Pending     Running        Dead  
    -----------------------------------------
               0.30      892.31        0.00

    Data read    : 4.02 MiB
    Data written : 168.37 kiB

9: All pending notifications were processed.
INFO (IPF059): Completed proof on task: "<embedded>" for proof thread 9
INFO (IVS015): Setting Visualize task to "<embedded>".
INFO (IVS008): Expanding analysis region to enable visualization of "<embedded>::pwm_out.auto_sva_inst.check_rdreq_high_only_at_801".
INFO (IPF031): Settings used for proof thread 10:
    orchestration                 = off (auto)
    time_limit                    = 3600s
    per_property_time_limit       = 1s * 10 ^ scan
    engine_mode                   = Ht Hp B N 
    proofgrid_per_engine_max_jobs = 1
    max engine jobs               = Ht Hp B N, total 2
    proofgrid_mode                = local
    proofgrid_restarts            = 10
ERROR (EVS053): No trace satisfying these configurations exists for any max_length.
WARNING (WVS028): Saved trace only contains values for the target's COI.
    Use "set_trace_optimization standard" before running Visualize to save values for the full design.
DEBUG: Approach 1 (force re-prove) failed: ERROR (EVS125): No Visualize trace is available for "visualize -save -vcd".

DEBUG: Approach 2 (-new_trace) failed: ERROR (ESW104): Invalid command formation.
    Problem occurs with "-violation -new_trace".

INFO (IPF036): Starting proof on task: "<embedded>", 1 properties to prove with 0 already proven/unreachable
INFO (IPF031): Settings used for proof thread 11:
    orchestration                 = on (auto)
    time_limit                    = 3600s
    per_property_time_limit       = 1s * 10 ^ scan
    engine_mode                   = auto
    proofgrid_per_engine_max_jobs = 1
    max engine jobs               = auto
    proofgrid_mode                = local
    proofgrid_restarts            = 10
11: Using multistage preprocessing
11: Starting reduce
11: Finished reduce in 0s
11.0.PRE: Performing Proof Simplification...
11.0.N: clocks: 2, declared: 1, disabling: 0, posedge: 2, negedge: 0, noedge: 0, bothedge: 0
11.0.N: Proof Simplification Iteration 1	[0.00 s]
11.0.N: Proof Simplification Iteration 2	[0.00 s]
11.0.N: Proof Simplification Iteration 3	[0.00 s]
11.0.PRE: A proof was found: No trace exists. [0.00 s]
INFO (IPF057): 11.0.PRE: The property ":noDeadEnd" was proven in 0.00 s.
    Use check_assumptions -show -dead_end to show this property in the property table.
11.0.PRE: Proof Simplification completed in 0.00 s
11: About to start ProofGrid in its own thread with a limit of 10000 pending notifications and a limit of 10 traces.
11: =============================== ProofGrid start ===============================
11: ProofGrid usable level: 1
11: ProofGrid is starting event handling
11.0.Hp: Proofgrid shell started at 1487893@della-h14n3(local) jg_1472634_della-h14n3_12
11.0.N: Proofgrid shell started at 1487892@della-h14n3(local) jg_1472634_della-h14n3_12
11.0.Hp: OS RSS memory limit : 68719476736 / 68719476736
11.0.N: OS RSS memory limit : 68719476736 / 68719476736
11.0.Hp: clocks: 1, declared: 1, disabling: 0, posedge: 1, negedge: 0, noedge: 0, bothedge: 0
11.0.Hp: Trace Attempt  1	[0.00 s]
11.0.Hp: Trace Attempt  2	[0.00 s]
11.0.Hp: Trace Attempt  3	[0.00 s]
11.0.Hp: Trace Attempt  4	[0.00 s]
11.0.Hp: Trace Attempt  5	[0.00 s]
11.0.N: clocks: 1, declared: 1, disabling: 0, posedge: 1, negedge: 0, noedge: 0, bothedge: 0
11.0.N: Last scan. Per property time limit: 0s
11.0.N: Starting proof for property "pwm_out.auto_sva_inst.check_rdreq_high_only_at_801"	[0.00 s].
11.0.N: Trace Attempt  1	[0.00 s]
11.0.N: A max_length bound was found. The shortest trace is no longer than 16384 cycles. [0.00 s]
INFO (IPF008): 11.0.N: A max_length bound of 16384 was found for the property "pwm_out.auto_sva_inst.check_rdreq_high_only_at_801" in 0.00 s.
11.0.N: Trace Attempt  2	[0.00 s]
11.0.N: Trace Attempt  3	[0.00 s]
11.0.N: Trace Attempt  3	[0.00 s]
11.0.N: Trace Attempt  4	[0.00 s]
11.0.N: Trace Attempt  5	[0.00 s]
11.0.N: Trace Attempt  5	[0.00 s]
11.0.N: Trace Attempt  1	[0.00 s]
11.0.N: Trace Attempt  2	[0.00 s]
11.0.N: Trace Attempt  3	[0.00 s]
11.0.Ht: Proofgrid shell started at 1487906@della-h14n3(local) jg_1472634_della-h14n3_12
11.0.Ht: OS RSS memory limit : 68719476736 / 68719476736
11.0.Ht: clocks: 1, declared: 1, disabling: 0, posedge: 1, negedge: 0, noedge: 0, bothedge: 0
11.0.Ht: Trace Attempt  1	[0.00 s]
11.0.Ht: Trace Attempt  2	[0.00 s]
11.0.Ht: Trace Attempt  3	[0.00 s]
11.0.Ht: Trace Attempt  4	[0.00 s]
11.0.Ht: Trace Attempt  5	[0.00 s]
11.0.B: Proofgrid shell started at 1487907@della-h14n3(local) jg_1472634_della-h14n3_12
11.0.B: OS RSS memory limit : 68719476736 / 68719476736
11.0.B: clocks: 1, declared: 1, disabling: 0, posedge: 1, negedge: 0, noedge: 0, bothedge: 0
11.0.B: Last scan. Per property time limit: 0s
11.0.B: Starting proof for property "pwm_out.auto_sva_inst.check_rdreq_high_only_at_801"	[0.00 s].
11.0.B: Trace Attempt  1	[0.00 s]
11.0.B: Trace Attempt  2	[0.00 s]
11.0.B: Trace Attempt  3	[0.00 s]
11.0.B: Trace Attempt  4	[0.00 s]
11.0.B: Trace Attempt  5	[0.00 s]
11.0.B: Trace Attempt 273	[4.14 s]
11.0.B: Trace Attempt 302	[8.44 s]
11.0.Ht: Trace Attempt 424	[8.79 s]
11.0.Ht: Trace Attempt 557	[12.79 s]
11.0.B: Trace Attempt 325	[12.79 s]
11.0.Hp: Trace Attempt 455	[13.84 s]
11.0.Ht: Trace Attempt 646	[16.86 s]
11.0.B: Trace Attempt 336	[17.09 s]
11.0.Ht: Trace Attempt 720	[20.89 s]
11.0.B: Trace Attempt 352	[22.04 s]
11.0.Hp: Trace Attempt 590	[24.53 s]
11.0.Ht: Trace Attempt 786	[25.06 s]
11.0.N: Trace Attempt 473	[25.59 s]
11.0.N: Trace Attempt  1	[25.77 s]
11.0.N: Trace Attempt  2	[25.77 s]
11.0.N: Trace Attempt  3	[25.77 s]
11.0.B: Trace Attempt 358	[26.18 s]
11.0.Ht: Trace Attempt 846	[29.14 s]
11.0.N: Trace Attempt 342	[29.97 s]
11.0.B: Trace Attempt 363	[30.37 s]
11.0.Ht: Trace Attempt 882	[33.26 s]
11.0.N: Trace Attempt 440	[34.03 s]
11.0.B: Trace Attempt 368	[35.00 s]
11.0.Ht: Trace Attempt 927	[37.26 s]
11.0.N: Trace Attempt 740	[38.62 s]
11.0.B: Trace Attempt 372	[39.67 s]
11.0.Ht: Trace Attempt 960	[41.34 s]
11.0.N: Trace Attempt 936	[42.63 s]
11.0.B: Trace Attempt 376	[44.31 s]
11.0.Hp: Trace Attempt 786	[45.97 s]
11.0.N: Trace Attempt 1074	[46.65 s]
11.0.B: Trace Attempt 379	[49.14 s]
11.0.N: Trace Attempt 1355	[51.72 s]
11.0.B: Trace Attempt 382	[53.52 s]
11.0.N: Trace Attempt 1500	[56.03 s]
11.0.B: Trace Attempt 385	[58.64 s]
11.0.N: Trace Attempt 1696	[60.12 s]
11.0.B: Trace Attempt 387	[62.84 s]
11.0.N: Trace Attempt 1882	[65.07 s]
11.0.B: Trace Attempt 390	[68.66 s]
11.0.N: Trace Attempt 2037	[69.26 s]
11.0.N: Trace Attempt 2525	[73.26 s]
11.0.B: Trace Attempt 393	[73.62 s]
11.0.Ht: Trace Attempt 1055	[75.00 s]
11.0.N: Trace Attempt 2673	[77.72 s]
11.0.B: Trace Attempt 396	[79.67 s]
11.0.N: Trace Attempt 2718	[81.99 s]
11.0.B: Trace Attempt 398	[84.33 s]
11.0.N: Trace Attempt 2744	[86.00 s]
11.0.B: Trace Attempt 400	[88.35 s]
11.0.N: Trace Attempt 2767	[90.29 s]
11.0.B: Trace Attempt 402	[92.67 s]
11.0.N: Trace Attempt 2791	[95.43 s]
11.0.B: Trace Attempt 404	[97.19 s]
11.0.N: Trace Attempt 2815	[99.92 s]
11.0.B: Trace Attempt 406	[101.72 s]
11.0.N: Trace Attempt 2824	[104.43 s]
11.0.B: Trace Attempt 409	[107.67 s]
11.0.N: Trace Attempt 2853	[109.78 s]
11.0.B: Trace Attempt 411	[112.13 s]
11.0.N: Trace Attempt 2872	[114.12 s]
11.0.B: Trace Attempt 413	[116.21 s]
11.0.N: Trace Attempt 2879	[119.10 s]
11.0.Hp: Trace Attempt 1055	[121.34 s]
11.0.B: Trace Attempt 416	[122.01 s]
11.0.N: Trace Attempt 2896	[123.50 s]
11.0.B: Trace Attempt 418	[126.10 s]
11.0.N: Trace Attempt 2905	[128.00 s]
11.0.B: Trace Attempt 420	[130.27 s]
11.0.N: Trace Attempt 2922	[132.13 s]
11.0.B: Trace Attempt 422	[134.50 s]
11.0.N: Trace Attempt 2927	[136.92 s]
11.0.B: Trace Attempt 424	[139.03 s]
11.0.N: Trace Attempt 2935	[141.63 s]
11.0.B: Trace Attempt 427	[144.74 s]
11.0.N: Trace Attempt 2961	[145.92 s]
11.0.B: Trace Attempt 429	[149.72 s]
11.0.N: Trace Attempt 2975	[150.48 s]
11.0.N: Trace Attempt 2985	[154.60 s]
11.0.B: Trace Attempt 431	[154.79 s]
11.0.N: Trace Attempt 2990	[158.72 s]
11.0.B: Trace Attempt 433	[160.16 s]
11.0.B: Trace Attempt 435	[164.98 s]
11.0.N: Trace Attempt 3007	[165.07 s]
11.0.N: Trace Attempt 3011	[169.88 s]
11.0.B: Trace Attempt 437	[170.60 s]
11.0.N: Trace Attempt 3019	[174.69 s]
11.0.B: Trace Attempt 439	[175.58 s]
11.0.N: Trace Attempt 3024	[179.85 s]
11.0.B: Trace Attempt 441	[180.54 s]
11.0.B: Stopped processing property "pwm_out.auto_sva_inst.check_rdreq_high_only_at_801"	[180.87 s].
11.0.B: Morphing to Tri
11.0.B: All properties determined. [0.00 s]
11.0.B: Exited with Success (@ 0.00 s)
11.0.Tri: clocks: 1, declared: 1, disabling: 0, posedge: 1, negedge: 0, noedge: 0, bothedge: 0
11.0.Tri: Starting proof for property "pwm_out.auto_sva_inst.check_rdreq_high_only_at_801"	[0.00 s].
11.0.Tri: Trace Attempt  1	[0.00 s]
11.0.Tri:    0.00" ---- Launching main thread ----
11.0.Tri:    0.22" ---- Launching abstraction thread ----
11.0.Tri:    0.25" ---- Launching multi-phase simplification thread ----
11.0.Tri: Trace Attempt  2	[0.34 s]
11.0.Tri: Trace Attempt  3	[0.34 s]
11.0.Tri: Trace Attempt  4	[0.34 s]
11.0.Tri: Trace Attempt  5	[0.34 s]
11.0.N: Stopped processing property "pwm_out.auto_sva_inst.check_rdreq_high_only_at_801"	[181.59 s].
11.0.N: Morphing to AM
11.0.N: All properties determined. [0.00 s]
11.0.N: Exited with Success (@ 0.00 s)
11.0.AM: clocks: 1, declared: 1, disabling: 0, posedge: 1, negedge: 0, noedge: 0, bothedge: 0
11.0.AM: Starting proof for property "pwm_out.auto_sva_inst.check_rdreq_high_only_at_801"	[0.00 s].
11.0.AM: Trace Attempt  1	[0.00 s]
11.0.AM: Trace Attempt  2	[0.00 s]
11.0.AM: Trace Attempt  3	[0.00 s]
11.0.AM: Trace Attempt  4	[0.00 s]
11.0.AM: Trace Attempt  5	[0.00 s]
11.0.AM: Trace Attempt  1	[0.00 s]
11.0.AM: Trace Attempt  2	[0.00 s]
11.0.AM: Trace Attempt  3	[0.00 s]
11.0.AM: Trace Attempt  1	[0.00 s]
11.0.AM: Trace Attempt  2	[0.00 s]
11.0.AM: Trace Attempt  3	[0.00 s]
11.0.AM: Trace Attempt  1	[0.01 s]
11.0.AM: Trace Attempt  2	[0.01 s]
11.0.AM: Trace Attempt  3	[0.01 s]
11.0.AM: Trace Attempt  1	[0.02 s]
11.0.AM: Trace Attempt  2	[0.02 s]
11.0.AM: Trace Attempt  3	[0.02 s]
11.0.AM: Trace Attempt  1	[0.12 s]
11.0.AM: Trace Attempt  2	[0.12 s]
11.0.AM: Trace Attempt  3	[0.12 s]
11.0.Tri: Stopped processing property "pwm_out.auto_sva_inst.check_rdreq_high_only_at_801"	[0.99 s].
11.0.Tri: Morphing to I
11.0.Tri: Trace Attempt 3511	[0.98 s]
11.0.Tri: All properties determined. [0.00 s]
11.0.Tri: Exited with Success (@ 0.00 s)
11.0.I: clocks: 1, declared: 1, disabling: 0, posedge: 1, negedge: 0, noedge: 0, bothedge: 0
11.0.I: Starting proof for property "pwm_out.auto_sva_inst.check_rdreq_high_only_at_801"	[0.00 s].
11.0.I: Trace Attempt 12	[0.00 s]
11.0.I: Trace Attempt  1	[0.00 s]
11.0.I: Trace Attempt  2	[0.00 s]
11.0.I: Trace Attempt  3	[0.00 s]
11.0.I: Trace Attempt  4	[0.00 s]
11.0.AM: Trace Attempt 376	[4.14 s]
11.0.I: Stopped processing property "pwm_out.auto_sva_inst.check_rdreq_high_only_at_801"	[4.32 s].
11.0.I: Morphing to AD
11.0.I: Trace Attempt 45	[0.20 s]
11.0.I: All properties determined. [0.00 s]
11.0.I: Exited with Success (@ 0.00 s)
11.0.AD: clocks: 1, declared: 1, disabling: 0, posedge: 1, negedge: 0, noedge: 0, bothedge: 0
11.0.AD: Starting proof for property "pwm_out.auto_sva_inst.check_rdreq_high_only_at_801"	[0.00 s].
11.0.AD: Trace Attempt  1	[0.00 s]
11.0.AD: Trace Attempt  2	[0.00 s]
11.0.AD: Trace Attempt  3	[0.00 s]
11.0.AD: Trace Attempt  4	[0.00 s]
11.0.AD: Trace Attempt  5	[0.00 s]
11.0.AD: Trace Attempt  1	[0.00 s]
11.0.AD: Trace Attempt  2	[0.00 s]
11.0.AD: Trace Attempt  3	[0.00 s]
11.0.AD: Trace Attempt  5	[0.00 s]
11.0.AD: Trace Attempt  1	[0.01 s]
11.0.AD: Trace Attempt  2	[0.01 s]
11.0.AD: Trace Attempt  3	[0.01 s]
11.0.AD: Trace Attempt  5	[0.01 s]
11.0.AM: Stopped processing property "pwm_out.auto_sva_inst.check_rdreq_high_only_at_801"	[4.75 s].
11.0.AM: Morphing to D
11.0.AM: Trace Attempt 434	[4.72 s]
11.0.AM: All properties determined. [0.00 s]
11.0.AM: Exited with Success (@ 0.00 s)
11.0.D: clocks: 1, declared: 1, disabling: 0, posedge: 1, negedge: 0, noedge: 0, bothedge: 0
11.0.D: Starting proof for property "pwm_out.auto_sva_inst.check_rdreq_high_only_at_801"	[0.00 s].
11.0.D: Trace Attempt  1	[0.00 s]
11.0.D: Trace Attempt  2	[0.00 s]
11.0.D: Trace Attempt  3	[0.00 s]
11.0.AD: Trace Attempt  1	[0.03 s]
11.0.AD: Trace Attempt  2	[0.03 s]
11.0.AD: Trace Attempt  3	[0.03 s]
11.0.D: Trace Attempt  5	[0.00 s]
11.0.AD: Trace Attempt  5	[0.03 s]
11.0.AD: Trace Attempt  1	[0.17 s]
11.0.AD: Trace Attempt  2	[0.17 s]
11.0.AD: Trace Attempt  3	[0.17 s]
11.0.AD: Trace Attempt  5	[0.17 s]
11.0.AD: Trace Attempt  1	[1.74 s]
11.0.AD: Trace Attempt  2	[1.74 s]
11.0.AD: Trace Attempt  3	[1.74 s]
11.0.AD: Trace Attempt  5	[1.74 s]
11.0.D: Trace Attempt 92	[6.44 s]
11.0.AD: Trace Attempt 92	[8.17 s]
11.0.AD: Stopped processing property "pwm_out.auto_sva_inst.check_rdreq_high_only_at_801"	[23.66 s].
11.0.AD: Morphing to Ncustom1
11.0.AD: All properties determined. [0.00 s]
11.0.AD: Exited with Success (@ 0.00 s)
11.0.Ncustom1: clocks: 1, declared: 1, disabling: 0, posedge: 1, negedge: 0, noedge: 0, bothedge: 0
11.0.Ncustom1: Starting proof for property "pwm_out.auto_sva_inst.check_rdreq_high_only_at_801"	[0.00 s].
11.0.Ncustom1: Trace Attempt 472	[0.01 s]
11.0.Ncustom1: Trace Attempt 473	[21.57 s]
11.0.Ncustom1: Trace Attempt  1	[21.74 s]
11.0.Ncustom1: Trace Attempt  2	[21.74 s]
11.0.Ncustom1: Trace Attempt  3	[21.74 s]
11.0.D: Trace Attempt 151	[45.55 s]
11.0.D: Stopped processing property "pwm_out.auto_sva_inst.check_rdreq_high_only_at_801"	[45.61 s].
11.0.D: Morphing to Tri
11.0.D: All properties determined. [0.00 s]
11.0.D: Exited with Success (@ 0.00 s)
11.0.Tri: clocks: 1, declared: 1, disabling: 0, posedge: 1, negedge: 0, noedge: 0, bothedge: 0
11.0.Tri: Starting proof for property "pwm_out.auto_sva_inst.check_rdreq_high_only_at_801"	[0.00 s].
11.0.Tri: Trace Attempt  1	[0.00 s]
11.0.Tri:    0.00" ---- Launching main thread ----
11.0.Tri:    0.22" ---- Launching abstraction thread ----
11.0.Tri:    0.26" ---- Launching multi-phase simplification thread ----
11.0.Tri: Trace Attempt  2	[0.34 s]
11.0.Tri: Trace Attempt  3	[0.34 s]
11.0.Tri: Trace Attempt  4	[0.34 s]
11.0.Tri: Trace Attempt  5	[0.34 s]
11.0.Tri:    1.18" Simplification phase 1 complete
11.0.Tri:    1.24" Simplification phase 2 complete
11.0.Tri:    1.30" Simplification phase 3 complete
   1.30" ---- Completed simplification thread ----
   1.30" ---- Restarting main thread on simplified netlist ----
11.0.Tri: Requesting engine job to stop
11.0.Ncustom1: Requesting engine job to stop
11.0.Hp: Requesting engine job to terminate
11.0.Ht: Requesting engine job to terminate
INFO (IPF144): 11: Initiating shutdown of proof [234.77 s]
11.0.Tri: Trace Attempt 4099	[1.98 s]
11.0.Tri: A trace with 4099 cycles was found. [2.73 s]
INFO (IPF055): 11.0.Tri: A counterexample (cex) with 4099 cycles was found for the property "pwm_out.auto_sva_inst.check_rdreq_high_only_at_801" in 2.75 s.
11.0.Ht: Interrupted (multi)
11.0.Ht: Trace Attempt 2632	[75.18 s]
11.0.Ht: All properties determined. [234.71 s]
11.0.Hp: Interrupted (multi)
11.0.Hp: Trace Attempt 2893	[121.62 s]
11.0.Hp: All properties determined. [234.78 s]
11.0.Tri: Stopped processing property "pwm_out.auto_sva_inst.check_rdreq_high_only_at_801"	[2.75 s].
11.0.Tri: All properties determined. [2.75 s]
11.0.Ht: Exited with Success (@ 234.79 s)
11: ProofGrid usable level: 0
11.0.Ncustom1: Stopped processing property "pwm_out.auto_sva_inst.check_rdreq_high_only_at_801"	[24.81 s].
11.0.Ncustom1: Trace Attempt 322	[24.78 s]
11.0.Ncustom1: All properties determined. [24.81 s]
11.0.Ncustom1: Exited with Success (@ 234.87 s)
11.0.Hp: Exited with Success (@ 234.87 s)
11.0.Tri: Exited with Success (@ 234.87 s)
11: --------------------------------------------------------------
ProofGrid Summary (utilization 99.97 %)
--------------------------------------------------------------
     engines started                               :    10
     engine jobs started                           :     4

    Average time in state (seconds)
    ------------------------------------------------------
    Engine  Pending     Running        Dead    Utilization
    ------------------------------------------------------
     Hp        0.06      234.77        0.00       99.97 %
     Ht        0.07      234.71        0.00       99.97 %
    Tri        0.07      234.10        0.00       99.97 %
    Ncustom1        0.09      234.63        0.00       99.96 %
    all        0.07      234.55        0.00       99.97 %

    Total time in state (seconds)
    -----------------------------------------
            Pending     Running        Dead  
    -----------------------------------------
               0.28      938.21        0.00

    Data read    : 4.09 MiB
    Data written : 168.43 kiB

11: All pending notifications were processed.
INFO (IPF059): Completed proof on task: "<embedded>" for proof thread 11
INFO (IVS015): Setting Visualize task to "<embedded>".
INFO (IVS008): Expanding analysis region to enable visualization of "<embedded>::pwm_out.auto_sva_inst.check_rdreq_high_only_at_801".
INFO (IPF031): Settings used for proof thread 12:
    orchestration                 = off (auto)
    time_limit                    = 3600s
    per_property_time_limit       = 1s * 10 ^ scan
    engine_mode                   = Ht Hp B N 
    proofgrid_per_engine_max_jobs = 1
    max engine jobs               = Ht Hp B N, total 2
    proofgrid_mode                = local
    proofgrid_restarts            = 10
ERROR (EVS053): No trace satisfying these configurations exists for any max_length.
WARNING (WVS028): Saved trace only contains values for the target's COI.
    Use "set_trace_optimization standard" before running Visualize to save values for the full design.
DEBUG: Approach 3 (auto engine) failed: ERROR (EVS125): No Visualize trace is available for "visualize -save -vcd".

WARN: Could not dump VCD for <embedded>::pwm_out.auto_sva_inst.check_rdreq_high_only_at_801 (all approaches failed)
INFO (IPF036): Starting proof on task: "<embedded>", 1 properties to prove with 0 already proven/unreachable
INFO (IPF031): Settings used for proof thread 13:
    orchestration                 = on (auto)
    time_limit                    = 3600s
    per_property_time_limit       = 1s * 10 ^ scan
    engine_mode                   = auto
    proofgrid_per_engine_max_jobs = 1
    max engine jobs               = auto
    proofgrid_mode                = local
    proofgrid_restarts            = 10
13: Using multistage preprocessing
13: Starting reduce
13: Finished reduce in 0s
13.0.PRE: Performing Proof Simplification...
13.0.N: clocks: 2, declared: 1, disabling: 0, posedge: 2, negedge: 0, noedge: 0, bothedge: 0
13.0.N: Proof Simplification Iteration 1	[0.00 s]
13.0.N: Proof Simplification Iteration 2	[0.00 s]
13.0.N: Proof Simplification Iteration 3	[0.00 s]
13.0.PRE: A proof was found: No trace exists. [0.00 s]
INFO (IPF057): 13.0.PRE: The property ":noDeadEnd" was proven in 0.00 s.
    Use check_assumptions -show -dead_end to show this property in the property table.
13.0.PRE: Proof Simplification completed in 0.00 s
13: About to start ProofGrid in its own thread with a limit of 10000 pending notifications and a limit of 10 traces.
13: =============================== ProofGrid start ===============================
13: ProofGrid usable level: 1
13: ProofGrid is starting event handling
13.0.N: Proofgrid shell started at 1488948@della-h14n3(local) jg_1472634_della-h14n3_14
13.0.Hp: Proofgrid shell started at 1488949@della-h14n3(local) jg_1472634_della-h14n3_14
13.0.N: OS RSS memory limit : 68719476736 / 68719476736
13.0.Hp: OS RSS memory limit : 68719476736 / 68719476736
13.0.N: clocks: 1, declared: 1, disabling: 0, posedge: 1, negedge: 0, noedge: 0, bothedge: 0
13.0.N: Last scan. Per property time limit: 0s
13.0.N: Starting proof for property "pwm_out.auto_sva_inst.check_rdreq_rise_requires_not_empty_800"	[0.00 s].
13.0.N: Trace Attempt  1	[0.00 s]
13.0.N: A max_length bound was found. The shortest trace is no longer than 268435456 cycles. [0.00 s]
INFO (IPF008): 13.0.N: A max_length bound of 268435456 was found for the property "pwm_out.auto_sva_inst.check_rdreq_rise_requires_not_empty_800" in 0.00 s.
13.0.N: Trace Attempt  2	[0.00 s]
13.0.N: Trace Attempt  3	[0.00 s]
13.0.N: Trace Attempt  3	[0.00 s]
13.0.N: Trace Attempt  4	[0.00 s]
13.0.N: Trace Attempt  5	[0.00 s]
13.0.N: Trace Attempt  5	[0.00 s]
13.0.N: Trace Attempt  1	[0.00 s]
13.0.N: Trace Attempt  2	[0.00 s]
13.0.N: Trace Attempt  3	[0.00 s]
13.0.Hp: clocks: 1, declared: 1, disabling: 0, posedge: 1, negedge: 0, noedge: 0, bothedge: 0
13.0.Ht: Proofgrid shell started at 1488962@della-h14n3(local) jg_1472634_della-h14n3_14
13.0.Ht: OS RSS memory limit : 68719476736 / 68719476736
13.0.Ht: clocks: 1, declared: 1, disabling: 0, posedge: 1, negedge: 0, noedge: 0, bothedge: 0
13.0.Ht: Trace Attempt  1	[0.00 s]
13.0.Ht: Trace Attempt  2	[0.00 s]
13.0.Ht: Trace Attempt  3	[0.00 s]
13.0.Ht: Trace Attempt  4	[0.00 s]
13.0.Ht: Trace Attempt  5	[0.00 s]
13.0.B: Proofgrid shell started at 1488963@della-h14n3(local) jg_1472634_della-h14n3_14
13.0.B: OS RSS memory limit : 68719476736 / 68719476736
13.0.B: clocks: 1, declared: 1, disabling: 0, posedge: 1, negedge: 0, noedge: 0, bothedge: 0
13.0.B: Last scan. Per property time limit: 0s
13.0.B: Starting proof for property "pwm_out.auto_sva_inst.check_rdreq_rise_requires_not_empty_800"	[0.00 s].
13.0.B: Trace Attempt  1	[0.00 s]
13.0.B: Trace Attempt  2	[0.00 s]
13.0.B: Trace Attempt  3	[0.00 s]
13.0.B: Trace Attempt  4	[0.00 s]
13.0.B: Trace Attempt  5	[0.00 s]
13.0.Hp: Trace Attempt  1	[0.10 s]
13.0.Hp: Trace Attempt  2	[0.10 s]
13.0.Hp: Trace Attempt  3	[0.10 s]
13.0.Hp: Trace Attempt  4	[0.10 s]
13.0.Hp: Trace Attempt  5	[0.10 s]
13.0.B: Trace Attempt 279	[4.06 s]
13.0.Ht: Trace Attempt 403	[6.29 s]
13.0.B: Trace Attempt 299	[8.11 s]
13.0.Hp: Trace Attempt 403	[9.43 s]
13.0.Ht: Trace Attempt 617	[10.30 s]
13.0.B: Trace Attempt 324	[12.16 s]
13.0.Ht: Trace Attempt 738	[14.48 s]
13.0.B: Trace Attempt 334	[16.95 s]
13.0.N: Trace Attempt 403	[17.31 s]
13.0.N: Trace Attempt  1	[17.43 s]
13.0.N: Trace Attempt  2	[17.43 s]
13.0.N: Trace Attempt  3	[17.43 s]
13.0.Ht: Trace Attempt 828	[18.50 s]
13.0.Hp: Trace Attempt 582	[19.29 s]
13.0.B: Trace Attempt 345	[21.13 s]
13.0.N: Trace Attempt 374	[21.80 s]
13.0.Ht: Trace Attempt 896	[22.52 s]
13.0.B: Trace Attempt 355	[25.33 s]
13.0.N: Trace Attempt 492	[25.82 s]
13.0.Ht: Trace Attempt 961	[26.55 s]
13.0.B: Trace Attempt 363	[29.95 s]
13.0.Ht: Trace Attempt 1015	[30.56 s]
13.0.N: Trace Attempt 803	[30.83 s]
13.0.B: Trace Attempt 369	[34.16 s]
13.0.N: Trace Attempt 905	[34.85 s]
13.0.Ht: Trace Attempt 1065	[35.22 s]
13.0.Hp: Trace Attempt 836	[35.59 s]
13.0.B: Trace Attempt 376	[38.43 s]
13.0.N: Trace Attempt 1237	[39.51 s]
13.0.B: Trace Attempt 383	[43.22 s]
13.0.N: Trace Attempt 1401	[44.66 s]
13.0.B: Trace Attempt 388	[47.54 s]
13.0.N: Trace Attempt 1601	[49.84 s]
13.0.B: Trace Attempt 393	[52.77 s]
13.0.N: Trace Attempt 1750	[55.06 s]
13.0.B: Trace Attempt 398	[57.71 s]
13.0.Ht: Trace Attempt 1219	[58.71 s]
13.0.N: Trace Attempt 2037	[60.39 s]
13.0.B: Trace Attempt 403	[63.05 s]
13.0.N: Trace Attempt 2177	[64.97 s]
13.0.B: Trace Attempt 406	[67.39 s]
13.0.N: Trace Attempt 2339	[69.13 s]
13.0.B: Trace Attempt 410	[71.72 s]
13.0.N: Trace Attempt 2631	[73.14 s]
13.0.B: Trace Attempt 414	[76.41 s]
13.0.N: Trace Attempt 2698	[77.41 s]
13.0.B: Trace Attempt 417	[81.45 s]
13.0.N: Trace Attempt 2718	[81.63 s]
13.0.N: Trace Attempt 2748	[86.09 s]
13.0.B: Trace Attempt 420	[86.40 s]
13.0.N: Trace Attempt 2762	[90.25 s]
13.0.B: Trace Attempt 423	[91.65 s]
13.0.N: Trace Attempt 2771	[94.41 s]
13.0.B: Trace Attempt 426	[96.89 s]
13.0.N: Trace Attempt 2814	[98.58 s]
13.0.B: Trace Attempt 429	[102.67 s]
13.0.N: Trace Attempt 2835	[103.11 s]
13.0.N: Trace Attempt 2846	[107.24 s]
13.0.B: Trace Attempt 432	[107.46 s]
13.0.Hp: Trace Attempt 1070	[107.87 s]
13.0.N: Trace Attempt 2856	[111.42 s]
13.0.B: Trace Attempt 435	[113.14 s]
13.0.N: Trace Attempt 2866	[115.47 s]
13.0.B: Trace Attempt 438	[117.88 s]
13.0.N: Trace Attempt 2888	[120.35 s]
13.0.B: Trace Attempt 441	[123.03 s]
13.0.N: Trace Attempt 2907	[124.79 s]
13.0.B: Trace Attempt 444	[128.50 s]
13.0.N: Trace Attempt 2914	[129.43 s]
13.0.N: Trace Attempt 2921	[133.46 s]
13.0.B: Trace Attempt 447	[133.79 s]
13.0.N: Trace Attempt 2927	[138.20 s]
13.0.B: Trace Attempt 450	[139.79 s]
13.0.N: Trace Attempt 2932	[143.18 s]
13.0.B: Trace Attempt 453	[145.31 s]
13.0.N: Trace Attempt 2939	[147.35 s]
13.0.B: Trace Attempt 456	[151.42 s]
13.0.N: Trace Attempt 2945	[152.01 s]
13.0.B: Trace Attempt 458	[155.68 s]
13.0.N: Trace Attempt 2949	[156.15 s]
13.0.B: Trace Attempt 461	[160.96 s]
13.0.N: Trace Attempt 2952	[161.84 s]
13.0.B: Trace Attempt 463	[164.96 s]
13.0.N: Trace Attempt 2973	[166.77 s]
13.0.B: Trace Attempt 466	[169.77 s]
13.0.N: Trace Attempt 2998	[171.28 s]
13.0.B: Trace Attempt 468	[174.13 s]
13.0.N: Trace Attempt 3002	[176.00 s]
13.0.B: Trace Attempt 471	[179.88 s]
13.0.N: Trace Attempt 3016	[180.49 s]
13.0.B: Stopped processing property "pwm_out.auto_sva_inst.check_rdreq_rise_requires_not_empty_800"	[181.71 s].
13.0.B: Morphing to Tri
13.0.B: All properties determined. [0.00 s]
13.0.B: Exited with Success (@ 0.00 s)
13.0.Tri: clocks: 1, declared: 1, disabling: 0, posedge: 1, negedge: 0, noedge: 0, bothedge: 0
13.0.Tri: Starting proof for property "pwm_out.auto_sva_inst.check_rdreq_rise_requires_not_empty_800"	[0.00 s].
13.0.Tri: Trace Attempt  1	[0.00 s]
13.0.Tri:    0.00" ---- Launching main thread ----
13.0.N: Stopped processing property "pwm_out.auto_sva_inst.check_rdreq_rise_requires_not_empty_800"	[181.96 s].
13.0.N: Morphing to AM
13.0.N: Trace Attempt 3018	[180.78 s]
13.0.N: All properties determined. [0.00 s]
13.0.N: Exited with Success (@ 0.00 s)
13.0.AM: clocks: 1, declared: 1, disabling: 0, posedge: 1, negedge: 0, noedge: 0, bothedge: 0
13.0.AM: Starting proof for property "pwm_out.auto_sva_inst.check_rdreq_rise_requires_not_empty_800"	[0.00 s].
13.0.AM: Trace Attempt  1	[0.00 s]
13.0.AM: Trace Attempt  2	[0.00 s]
13.0.AM: Trace Attempt  3	[0.00 s]
13.0.AM: Trace Attempt  4	[0.00 s]
13.0.AM: Trace Attempt  5	[0.00 s]
13.0.AM: Trace Attempt  1	[0.00 s]
13.0.AM: Trace Attempt  2	[0.00 s]
13.0.AM: Trace Attempt  3	[0.00 s]
13.0.AM: Trace Attempt  1	[0.01 s]
13.0.AM: Trace Attempt  2	[0.01 s]
13.0.AM: Trace Attempt  3	[0.01 s]
13.0.AM: Trace Attempt  1	[0.01 s]
13.0.AM: Trace Attempt  2	[0.01 s]
13.0.AM: Trace Attempt  3	[0.01 s]
13.0.AM: Trace Attempt  1	[0.02 s]
13.0.AM: Trace Attempt  2	[0.02 s]
13.0.AM: Trace Attempt  3	[0.02 s]
13.0.Tri:    0.22" ---- Launching abstraction thread ----
13.0.AM: Trace Attempt  1	[0.12 s]
13.0.AM: Trace Attempt  2	[0.12 s]
13.0.AM: Trace Attempt  3	[0.12 s]
13.0.Tri:    0.26" ---- Launching multi-phase simplification thread ----
13.0.Tri: Stopped processing property "pwm_out.auto_sva_inst.check_rdreq_rise_requires_not_empty_800"	[0.28 s].
13.0.Tri: Morphing to I
13.0.Tri: All properties determined. [0.00 s]
13.0.Tri: Exited with Success (@ 0.00 s)
13.0.I: clocks: 1, declared: 1, disabling: 0, posedge: 1, negedge: 0, noedge: 0, bothedge: 0
13.0.I: Starting proof for property "pwm_out.auto_sva_inst.check_rdreq_rise_requires_not_empty_800"	[0.00 s].
13.0.I: Trace Attempt 12	[0.00 s]
13.0.I: Trace Attempt  1	[0.00 s]
13.0.I: Trace Attempt  2	[0.00 s]
13.0.I: Trace Attempt  3	[0.00 s]
13.0.I: Trace Attempt  4	[0.00 s]
13.0.AM: Trace Attempt 330	[4.65 s]
13.0.I: Stopped processing property "pwm_out.auto_sva_inst.check_rdreq_rise_requires_not_empty_800"	[5.03 s].
13.0.I: Morphing to AD
13.0.I: Trace Attempt 94	[3.66 s]
13.0.I: All properties determined. [0.00 s]
13.0.I: Exited with Success (@ 0.00 s)
13.0.AD: clocks: 1, declared: 1, disabling: 0, posedge: 1, negedge: 0, noedge: 0, bothedge: 0
13.0.AD: Starting proof for property "pwm_out.auto_sva_inst.check_rdreq_rise_requires_not_empty_800"	[0.00 s].
13.0.AD: Trace Attempt  1	[0.00 s]
13.0.AD: Trace Attempt  2	[0.00 s]
13.0.AD: Trace Attempt  3	[0.00 s]
13.0.AD: Trace Attempt  4	[0.00 s]
13.0.AD: Trace Attempt  5	[0.00 s]
13.0.AD: Trace Attempt  1	[0.00 s]
13.0.AD: Trace Attempt  2	[0.00 s]
13.0.AD: Trace Attempt  3	[0.00 s]
13.0.AD: Trace Attempt  5	[0.00 s]
13.0.AD: Trace Attempt  1	[0.01 s]
13.0.AD: Trace Attempt  2	[0.01 s]
13.0.AD: Trace Attempt  3	[0.01 s]
13.0.AD: Trace Attempt  5	[0.01 s]
13.0.AD: Trace Attempt  1	[0.03 s]
13.0.AD: Trace Attempt  2	[0.03 s]
13.0.AD: Trace Attempt  3	[0.03 s]
13.0.AD: Trace Attempt  5	[0.03 s]
13.0.AD: Trace Attempt  1	[0.18 s]
13.0.AD: Trace Attempt  2	[0.18 s]
13.0.AD: Trace Attempt  3	[0.18 s]
13.0.AD: Trace Attempt  5	[0.18 s]
13.0.AD: Trace Attempt  1	[1.85 s]
13.0.AD: Trace Attempt  2	[1.85 s]
13.0.AD: Trace Attempt  3	[1.85 s]
13.0.AD: Trace Attempt  5	[1.85 s]
13.0.AM: Trace Attempt 500	[9.24 s]
13.0.AM: Stopped processing property "pwm_out.auto_sva_inst.check_rdreq_rise_requires_not_empty_800"	[12.23 s].
13.0.AM: Morphing to D
13.0.AM: Trace Attempt 663	[12.16 s]
13.0.AM: All properties determined. [0.00 s]
13.0.AM: Exited with Success (@ 0.00 s)
13.0.D: clocks: 1, declared: 1, disabling: 0, posedge: 1, negedge: 0, noedge: 0, bothedge: 0
13.0.D: Starting proof for property "pwm_out.auto_sva_inst.check_rdreq_rise_requires_not_empty_800"	[0.00 s].
13.0.D: Trace Attempt  1	[0.00 s]
13.0.D: Trace Attempt  2	[0.02 s]
13.0.D: Trace Attempt  3	[0.02 s]
13.0.D: Trace Attempt  5	[0.02 s]
13.0.D: Trace Attempt 90	[7.38 s]
13.0.AD: Trace Attempt 116	[17.53 s]
13.0.AD: Stopped processing property "pwm_out.auto_sva_inst.check_rdreq_rise_requires_not_empty_800"	[34.83 s].
13.0.AD: Morphing to Ncustom1
13.0.AD: All properties determined. [0.00 s]
13.0.AD: Exited with Success (@ 0.00 s)
13.0.Ncustom1: clocks: 1, declared: 1, disabling: 0, posedge: 1, negedge: 0, noedge: 0, bothedge: 0
13.0.Ncustom1: Starting proof for property "pwm_out.auto_sva_inst.check_rdreq_rise_requires_not_empty_800"	[0.00 s].
13.0.D: Stopped processing property "pwm_out.auto_sva_inst.check_rdreq_rise_requires_not_empty_800"	[27.78 s].
13.0.D: Morphing to Tri
13.0.D: All properties determined. [0.00 s]
13.0.D: Exited with Success (@ 0.00 s)
13.0.Tri: clocks: 1, declared: 1, disabling: 0, posedge: 1, negedge: 0, noedge: 0, bothedge: 0
13.0.Ncustom1: Trace Attempt 402	[0.01 s]
13.0.Tri: Starting proof for property "pwm_out.auto_sva_inst.check_rdreq_rise_requires_not_empty_800"	[0.00 s].
13.0.Tri: Trace Attempt  1	[0.00 s]
13.0.Tri:    0.00" ---- Launching main thread ----
13.0.Tri:    0.22" ---- Launching abstraction thread ----
13.0.Tri:    0.25" ---- Launching multi-phase simplification thread ----
13.0.Tri: Trace Attempt  2	[0.33 s]
13.0.Tri: Trace Attempt  3	[0.33 s]
13.0.Tri: Trace Attempt  4	[0.33 s]
13.0.Tri: Trace Attempt  5	[0.33 s]
13.0.Tri:    1.45" Simplification phase 1 complete
13.0.Tri:    1.51" Simplification phase 2 complete
13.0.Tri:    1.57" Simplification phase 3 complete
   1.57" ---- Completed simplification thread ----
   1.57" ---- Restarting main thread on simplified netlist ----
13.0.Tri:    1.79" ---- Restarting abstraction thread on simplified netlist ----
13.0.Tri: Requesting engine job to stop
13.0.Ncustom1: Requesting engine job to stop
13.0.Hp: Requesting engine job to terminate
13.0.Ht: Requesting engine job to terminate
INFO (IPF144): 13: Initiating shutdown of proof [225.42 s]
13.0.Tri: Trace Attempt 4099	[2.42 s]
13.0.Tri: A trace with 4099 cycles was found. [3.37 s]
INFO (IPF055): 13.0.Tri: A counterexample (cex) with 4099 cycles was found for the property "pwm_out.auto_sva_inst.check_rdreq_rise_requires_not_empty_800" in 3.39 s.
13: ProofGrid usable level: 0
13.0.Ht: Interrupted (multi)
13.0.Ht: Trace Attempt 2032	[58.82 s]
13.0.Ht: All properties determined. [225.36 s]
13.0.Hp: Interrupted (multi)
13.0.Hp: Trace Attempt 2848	[108.14 s]
13.0.Hp: All properties determined. [225.42 s]
13.0.Tri: Stopped processing property "pwm_out.auto_sva_inst.check_rdreq_rise_requires_not_empty_800"	[3.39 s].
13.0.Tri: All properties determined. [3.39 s]
13.0.Ht: Exited with Success (@ 225.43 s)
13.0.Ncustom1: Stopped processing property "pwm_out.auto_sva_inst.check_rdreq_rise_requires_not_empty_800"	[3.46 s].
13.0.Ncustom1: All properties determined. [3.46 s]
13.0.Ncustom1: Exited with Success (@ 225.49 s)
13.0.Hp: Exited with Success (@ 225.49 s)
13.0.Tri: Exited with Success (@ 225.49 s)
13: --------------------------------------------------------------
ProofGrid Summary (utilization 99.97 %)
--------------------------------------------------------------
     engines started                               :    10
     engine jobs started                           :     4

    Average time in state (seconds)
    ------------------------------------------------------
    Engine  Pending     Running        Dead    Utilization
    ------------------------------------------------------
     Hp        0.06      225.41        0.00       99.97 %
     Ht        0.06      225.36        0.00       99.97 %
    Tri        0.07      224.68        0.00       99.97 %
    Ncustom1        0.08      225.28        0.00       99.97 %
    all        0.07      225.18        0.00       99.97 %

    Total time in state (seconds)
    -----------------------------------------
            Pending     Running        Dead  
    -----------------------------------------
               0.27      900.73        0.00

    Data read    : 4.37 MiB
    Data written : 168.58 kiB

13: All pending notifications were processed.
INFO (IPF059): Completed proof on task: "<embedded>" for proof thread 13
INFO (IVS015): Setting Visualize task to "<embedded>".
INFO (IVS008): Expanding analysis region to enable visualization of "<embedded>::pwm_out.auto_sva_inst.check_rdreq_rise_requires_not_empty_800".
INFO (IPF031): Settings used for proof thread 14:
    orchestration                 = off (auto)
    time_limit                    = 3600s
    per_property_time_limit       = 1s * 10 ^ scan
    engine_mode                   = Ht Hp B N 
    proofgrid_per_engine_max_jobs = 1
    max engine jobs               = Ht Hp B N, total 2
    proofgrid_mode                = local
    proofgrid_restarts            = 10
ERROR (EVS053): No trace satisfying these configurations exists for any max_length.
WARNING (WVS028): Saved trace only contains values for the target's COI.
    Use "set_trace_optimization standard" before running Visualize to save values for the full design.
DEBUG: Approach 1 (force re-prove) failed: ERROR (EVS125): No Visualize trace is available for "visualize -save -vcd".

DEBUG: Approach 2 (-new_trace) failed: ERROR (ESW104): Invalid command formation.
    Problem occurs with "-violation -new_trace".

INFO (IPF036): Starting proof on task: "<embedded>", 1 properties to prove with 0 already proven/unreachable
INFO (IPF031): Settings used for proof thread 15:
    orchestration                 = on (auto)
    time_limit                    = 3600s
    per_property_time_limit       = 1s * 10 ^ scan
    engine_mode                   = auto
    proofgrid_per_engine_max_jobs = 1
    max engine jobs               = auto
    proofgrid_mode                = local
    proofgrid_restarts            = 10
15: Using multistage preprocessing
15: Starting reduce
15: Finished reduce in 0s
15.0.PRE: Performing Proof Simplification...
15.0.N: clocks: 2, declared: 1, disabling: 0, posedge: 2, negedge: 0, noedge: 0, bothedge: 0
15.0.N: Proof Simplification Iteration 1	[0.00 s]
15.0.N: Proof Simplification Iteration 2	[0.00 s]
15.0.N: Proof Simplification Iteration 3	[0.00 s]
15.0.PRE: A proof was found: No trace exists. [0.00 s]
INFO (IPF057): 15.0.PRE: The property ":noDeadEnd" was proven in 0.00 s.
    Use check_assumptions -show -dead_end to show this property in the property table.
15.0.PRE: Proof Simplification completed in 0.00 s
15: About to start ProofGrid in its own thread with a limit of 10000 pending notifications and a limit of 10 traces.
15: =============================== ProofGrid start ===============================
15: ProofGrid usable level: 1
15: ProofGrid is starting event handling
15.0.N: Proofgrid shell started at 1489842@della-h14n3(local) jg_1472634_della-h14n3_16
15.0.Hp: Proofgrid shell started at 1489843@della-h14n3(local) jg_1472634_della-h14n3_16
15.0.N: OS RSS memory limit : 68719476736 / 68719476736
15.0.Hp: OS RSS memory limit : 68719476736 / 68719476736
15.0.N: clocks: 1, declared: 1, disabling: 0, posedge: 1, negedge: 0, noedge: 0, bothedge: 0
15.0.N: Last scan. Per property time limit: 0s
15.0.N: Starting proof for property "pwm_out.auto_sva_inst.check_rdreq_rise_requires_not_empty_800"	[0.00 s].
15.0.N: Trace Attempt  1	[0.00 s]
15.0.N: A max_length bound was found. The shortest trace is no longer than 268435456 cycles. [0.00 s]
INFO (IPF008): 15.0.N: A max_length bound of 268435456 was found for the property "pwm_out.auto_sva_inst.check_rdreq_rise_requires_not_empty_800" in 0.00 s.
15.0.N: Trace Attempt  2	[0.00 s]
15.0.N: Trace Attempt  3	[0.00 s]
15.0.N: Trace Attempt  3	[0.00 s]
15.0.Hp: clocks: 1, declared: 1, disabling: 0, posedge: 1, negedge: 0, noedge: 0, bothedge: 0
15.0.N: Trace Attempt  4	[0.00 s]
15.0.N: Trace Attempt  5	[0.00 s]
15.0.N: Trace Attempt  5	[0.00 s]
15.0.N: Trace Attempt  1	[0.01 s]
15.0.N: Trace Attempt  2	[0.01 s]
15.0.N: Trace Attempt  3	[0.01 s]
15.0.Hp: Trace Attempt  1	[0.02 s]
15.0.Hp: Trace Attempt  2	[0.02 s]
15.0.Hp: Trace Attempt  3	[0.02 s]
15.0.Hp: Trace Attempt  4	[0.02 s]
15.0.Hp: Trace Attempt  5	[0.02 s]
15.0.Ht: Proofgrid shell started at 1489856@della-h14n3(local) jg_1472634_della-h14n3_16
15.0.B: Proofgrid shell started at 1489857@della-h14n3(local) jg_1472634_della-h14n3_16
15.0.Ht: OS RSS memory limit : 68719476736 / 68719476736
15.0.Ht: clocks: 1, declared: 1, disabling: 0, posedge: 1, negedge: 0, noedge: 0, bothedge: 0
15.0.B: OS RSS memory limit : 68719476736 / 68719476736
15.0.Ht: Trace Attempt  1	[0.00 s]
15.0.Ht: Trace Attempt  2	[0.00 s]
15.0.Ht: Trace Attempt  3	[0.00 s]
15.0.Ht: Trace Attempt  4	[0.00 s]
15.0.Ht: Trace Attempt  5	[0.00 s]
15.0.B: clocks: 1, declared: 1, disabling: 0, posedge: 1, negedge: 0, noedge: 0, bothedge: 0
15.0.B: Last scan. Per property time limit: 0s
15.0.B: Starting proof for property "pwm_out.auto_sva_inst.check_rdreq_rise_requires_not_empty_800"	[0.00 s].
15.0.B: Trace Attempt  1	[0.00 s]
15.0.B: Trace Attempt  2	[0.00 s]
15.0.B: Trace Attempt  3	[0.00 s]
15.0.B: Trace Attempt  4	[0.00 s]
15.0.B: Trace Attempt  5	[0.00 s]
15.0.B: Trace Attempt 279	[4.17 s]
15.0.Ht: Trace Attempt 366	[4.96 s]
15.0.B: Trace Attempt 299	[8.36 s]
15.0.Ht: Trace Attempt 483	[8.99 s]
15.0.B: Trace Attempt 324	[12.59 s]
15.0.Ht: Trace Attempt 595	[12.99 s]
15.0.Hp: Trace Attempt 403	[13.60 s]
15.0.Ht: Trace Attempt 687	[17.00 s]
15.0.B: Trace Attempt 334	[17.52 s]
15.0.N: Trace Attempt 403	[18.20 s]
15.0.N: Trace Attempt  1	[18.33 s]
15.0.N: Trace Attempt  2	[18.33 s]
15.0.N: Trace Attempt  3	[18.33 s]
15.0.Ht: Trace Attempt 755	[21.02 s]
15.0.B: Trace Attempt 345	[22.02 s]
15.0.N: Trace Attempt 374	[22.75 s]
15.0.Ht: Trace Attempt 832	[25.08 s]
15.0.B: Trace Attempt 355	[26.47 s]
15.0.N: Trace Attempt 491	[26.76 s]
15.0.Ht: Trace Attempt 877	[29.31 s]
15.0.Hp: Trace Attempt 597	[29.60 s]
15.0.B: Trace Attempt 363	[31.44 s]
15.0.N: Trace Attempt 803	[31.82 s]
15.0.Ht: Trace Attempt 933	[33.43 s]
15.0.B: Trace Attempt 368	[35.58 s]
15.0.N: Trace Attempt 904	[35.82 s]
15.0.Ht: Trace Attempt 961	[37.78 s]
15.0.B: Trace Attempt 375	[39.70 s]
15.0.N: Trace Attempt 1237	[40.60 s]
15.0.B: Trace Attempt 382	[44.56 s]
15.0.N: Trace Attempt 1401	[45.83 s]
15.0.B: Trace Attempt 386	[48.85 s]
15.0.N: Trace Attempt 1601	[51.01 s]
15.0.B: Trace Attempt 391	[53.99 s]
15.0.N: Trace Attempt 1750	[56.22 s]
15.0.B: Trace Attempt 395	[58.54 s]
15.0.N: Trace Attempt 2037	[61.55 s]
15.0.B: Trace Attempt 399	[62.88 s]
15.0.Ht: Trace Attempt 1184	[64.70 s]
15.0.N: Trace Attempt 2177	[66.13 s]
15.0.B: Trace Attempt 403	[67.04 s]
15.0.N: Trace Attempt 2339	[70.31 s]
15.0.B: Trace Attempt 406	[71.75 s]
15.0.N: Trace Attempt 2631	[74.38 s]
15.0.B: Trace Attempt 410	[76.37 s]
15.0.N: Trace Attempt 2698	[78.67 s]
15.0.B: Trace Attempt 414	[81.54 s]
15.0.N: Trace Attempt 2718	[82.90 s]
15.0.B: Trace Attempt 417	[87.06 s]
15.0.N: Trace Attempt 2748	[87.38 s]
15.0.N: Trace Attempt 2762	[91.54 s]
15.0.B: Trace Attempt 420	[92.47 s]
15.0.N: Trace Attempt 2771	[95.70 s]
15.0.B: Trace Attempt 423	[98.36 s]
15.0.N: Trace Attempt 2814	[99.88 s]
15.0.B: Trace Attempt 426	[104.29 s]
15.0.N: Trace Attempt 2835	[104.39 s]
15.0.Hp: Trace Attempt 886	[106.51 s]
15.0.N: Trace Attempt 2846	[108.49 s]
15.0.B: Trace Attempt 428	[108.49 s]
15.0.N: Trace Attempt 2856	[112.67 s]
15.0.B: Trace Attempt 431	[114.16 s]
15.0.N: Trace Attempt 2866	[116.70 s]
15.0.B: Trace Attempt 433	[118.40 s]
15.0.N: Trace Attempt 2888	[121.59 s]
15.0.B: Trace Attempt 436	[124.14 s]
15.0.N: Trace Attempt 2907	[126.04 s]
15.0.B: Trace Attempt 439	[129.66 s]
15.0.N: Trace Attempt 2914	[130.66 s]
15.0.N: Trace Attempt 2921	[134.69 s]
15.0.B: Trace Attempt 442	[135.36 s]
15.0.N: Trace Attempt 2927	[139.43 s]
15.0.B: Trace Attempt 444	[139.69 s]
15.0.B: Trace Attempt 446	[143.70 s]
15.0.N: Trace Attempt 2932	[144.41 s]
15.0.N: Trace Attempt 2939	[148.57 s]
15.0.B: Trace Attempt 449	[149.62 s]
15.0.N: Trace Attempt 2945	[153.21 s]
15.0.B: Trace Attempt 451	[154.37 s]
15.0.N: Trace Attempt 2949	[157.30 s]
15.0.B: Trace Attempt 453	[158.58 s]
15.0.N: Trace Attempt 2952	[162.96 s]
15.0.B: Trace Attempt 455	[163.25 s]
15.0.N: Trace Attempt 2973	[167.84 s]
15.0.B: Trace Attempt 457	[168.44 s]
15.0.N: Trace Attempt 2998	[172.33 s]
15.0.B: Trace Attempt 460	[174.38 s]
15.0.N: Trace Attempt 3002	[177.00 s]
15.0.B: Trace Attempt 462	[178.89 s]
15.0.B: Stopped processing property "pwm_out.auto_sva_inst.check_rdreq_rise_requires_not_empty_800"	[181.28 s].
15.0.B: Morphing to Tri
15.0.B: Trace Attempt 463	[181.25 s]
15.0.B: All properties determined. [0.00 s]
15.0.B: Exited with Success (@ 0.00 s)
15.0.Tri: clocks: 1, declared: 1, disabling: 0, posedge: 1, negedge: 0, noedge: 0, bothedge: 0
15.0.Tri: Starting proof for property "pwm_out.auto_sva_inst.check_rdreq_rise_requires_not_empty_800"	[0.00 s].
15.0.Tri: Trace Attempt  1	[0.00 s]
15.0.Tri:    0.00" ---- Launching main thread ----
15.0.Tri:    0.22" ---- Launching abstraction thread ----
15.0.Tri:    0.26" ---- Launching multi-phase simplification thread ----
15.0.Tri: Trace Attempt  2	[0.34 s]
15.0.Tri: Trace Attempt  3	[0.34 s]
15.0.Tri: Trace Attempt  4	[0.34 s]
15.0.Tri: Trace Attempt  5	[0.34 s]
15.0.N: Stopped processing property "pwm_out.auto_sva_inst.check_rdreq_rise_requires_not_empty_800"	[181.84 s].
15.0.N: Morphing to AM
15.0.N: Trace Attempt 3015	[180.62 s]
15.0.N: All properties determined. [0.00 s]
15.0.N: Exited with Success (@ 0.00 s)
15.0.AM: clocks: 1, declared: 1, disabling: 0, posedge: 1, negedge: 0, noedge: 0, bothedge: 0
15.0.AM: Starting proof for property "pwm_out.auto_sva_inst.check_rdreq_rise_requires_not_empty_800"	[0.00 s].
15.0.AM: Trace Attempt  1	[0.00 s]
15.0.AM: Trace Attempt  2	[0.00 s]
15.0.AM: Trace Attempt  3	[0.01 s]
15.0.AM: Trace Attempt  4	[0.01 s]
15.0.AM: Trace Attempt  5	[0.01 s]
15.0.AM: Trace Attempt  1	[0.01 s]
15.0.AM: Trace Attempt  2	[0.01 s]
15.0.AM: Trace Attempt  3	[0.01 s]
15.0.AM: Trace Attempt  1	[0.01 s]
15.0.AM: Trace Attempt  2	[0.01 s]
15.0.AM: Trace Attempt  3	[0.01 s]
15.0.AM: Trace Attempt  1	[0.02 s]
15.0.AM: Trace Attempt  2	[0.02 s]
15.0.AM: Trace Attempt  3	[0.02 s]
15.0.AM: Trace Attempt  1	[0.03 s]
15.0.AM: Trace Attempt  2	[0.03 s]
15.0.AM: Trace Attempt  3	[0.03 s]
15.0.Tri: Stopped processing property "pwm_out.auto_sva_inst.check_rdreq_rise_requires_not_empty_800"	[0.58 s].
15.0.Tri: Morphing to I
15.0.Tri: Trace Attempt 227	[0.58 s]
15.0.Tri: All properties determined. [0.00 s]
15.0.Tri: Exited with Success (@ 0.00 s)
15.0.I: clocks: 1, declared: 1, disabling: 0, posedge: 1, negedge: 0, noedge: 0, bothedge: 0
15.0.I: Starting proof for property "pwm_out.auto_sva_inst.check_rdreq_rise_requires_not_empty_800"	[0.00 s].
15.0.I: Trace Attempt 12	[0.00 s]
15.0.I: Trace Attempt  1	[0.00 s]
15.0.I: Trace Attempt  2	[0.00 s]
15.0.AM: Trace Attempt  1	[0.13 s]
15.0.AM: Trace Attempt  2	[0.13 s]
15.0.AM: Trace Attempt  3	[0.13 s]
15.0.I: Trace Attempt  3	[0.00 s]
15.0.I: Trace Attempt  4	[0.00 s]
15.0.AM: Trace Attempt 330	[4.68 s]
15.0.I: Stopped processing property "pwm_out.auto_sva_inst.check_rdreq_rise_requires_not_empty_800"	[5.08 s].
15.0.I: Morphing to AD
15.0.I: Trace Attempt 94	[3.69 s]
15.0.I: All properties determined. [0.00 s]
15.0.I: Exited with Success (@ 0.00 s)
15.0.AD: clocks: 1, declared: 1, disabling: 0, posedge: 1, negedge: 0, noedge: 0, bothedge: 0
15.0.AD: Starting proof for property "pwm_out.auto_sva_inst.check_rdreq_rise_requires_not_empty_800"	[0.00 s].
15.0.AD: Trace Attempt  1	[0.00 s]
15.0.AD: Trace Attempt  2	[0.00 s]
15.0.AD: Trace Attempt  3	[0.00 s]
15.0.AD: Trace Attempt  4	[0.00 s]
15.0.AD: Trace Attempt  5	[0.00 s]
15.0.AD: Trace Attempt  1	[0.00 s]
15.0.AD: Trace Attempt  2	[0.00 s]
15.0.AD: Trace Attempt  3	[0.00 s]
15.0.AD: Trace Attempt  5	[0.00 s]
15.0.AD: Trace Attempt  1	[0.01 s]
15.0.AD: Trace Attempt  2	[0.01 s]
15.0.AD: Trace Attempt  3	[0.01 s]
15.0.AD: Trace Attempt  5	[0.01 s]
15.0.AM: Stopped processing property "pwm_out.auto_sva_inst.check_rdreq_rise_requires_not_empty_800"	[5.23 s].
15.0.AM: Morphing to D
15.0.AM: Trace Attempt 395	[5.20 s]
15.0.AM: All properties determined. [0.00 s]
15.0.AM: Exited with Success (@ 0.00 s)
15.0.D: clocks: 1, declared: 1, disabling: 0, posedge: 1, negedge: 0, noedge: 0, bothedge: 0
15.0.D: Starting proof for property "pwm_out.auto_sva_inst.check_rdreq_rise_requires_not_empty_800"	[0.00 s].
15.0.D: Trace Attempt  1	[0.00 s]
15.0.D: Trace Attempt  2	[0.00 s]
15.0.D: Trace Attempt  3	[0.00 s]
15.0.D: Trace Attempt  5	[0.00 s]
15.0.AD: Trace Attempt  1	[0.03 s]
15.0.AD: Trace Attempt  2	[0.03 s]
15.0.AD: Trace Attempt  3	[0.03 s]
15.0.AD: Trace Attempt  5	[0.03 s]
15.0.AD: Trace Attempt  1	[0.18 s]
15.0.AD: Trace Attempt  2	[0.18 s]
15.0.AD: Trace Attempt  3	[0.18 s]
15.0.AD: Trace Attempt  5	[0.18 s]
15.0.AD: Trace Attempt  1	[1.86 s]
15.0.AD: Trace Attempt  2	[1.86 s]
15.0.AD: Trace Attempt  3	[1.86 s]
15.0.AD: Trace Attempt  5	[1.87 s]
15.0.D: Trace Attempt 90	[7.45 s]
15.0.AD: Trace Attempt 116	[17.75 s]
15.0.AD: Stopped processing property "pwm_out.auto_sva_inst.check_rdreq_rise_requires_not_empty_800"	[23.98 s].
15.0.AD: Morphing to Ncustom1
15.0.AD: All properties determined. [0.00 s]
15.0.AD: Exited with Success (@ 0.00 s)
15.0.Ncustom1: clocks: 1, declared: 1, disabling: 0, posedge: 1, negedge: 0, noedge: 0, bothedge: 0
15.0.Ncustom1: Starting proof for property "pwm_out.auto_sva_inst.check_rdreq_rise_requires_not_empty_800"	[0.00 s].
15.0.Ncustom1: Trace Attempt 402	[0.01 s]
15.0.Ncustom1: Trace Attempt 403	[15.65 s]
15.0.Ncustom1: Trace Attempt  1	[15.79 s]
15.0.Ncustom1: Trace Attempt  2	[15.79 s]
15.0.Ncustom1: Trace Attempt  3	[15.79 s]
15.0.D: Stopped processing property "pwm_out.auto_sva_inst.check_rdreq_rise_requires_not_empty_800"	[40.33 s].
15.0.D: Morphing to Tri
15.0.D: All properties determined. [0.00 s]
15.0.D: Exited with Success (@ 0.00 s)
15.0.Tri: clocks: 1, declared: 1, disabling: 0, posedge: 1, negedge: 0, noedge: 0, bothedge: 0
15.0.Tri: Starting proof for property "pwm_out.auto_sva_inst.check_rdreq_rise_requires_not_empty_800"	[0.00 s].
15.0.Tri: Trace Attempt  1	[0.00 s]
15.0.Tri:    0.00" ---- Launching main thread ----
15.0.Tri:    0.22" ---- Launching abstraction thread ----
15.0.Tri:    0.25" ---- Launching multi-phase simplification thread ----
15.0.Tri: Trace Attempt  2	[0.33 s]
15.0.Tri: Trace Attempt  3	[0.33 s]
15.0.Tri: Trace Attempt  4	[0.33 s]
15.0.Tri: Trace Attempt  5	[0.33 s]
15.0.Tri:    1.25" Simplification phase 1 complete
15.0.Tri:    1.30" Simplification phase 2 complete
15.0.Tri:    1.36" Simplification phase 3 complete
   1.36" ---- Completed simplification thread ----
   1.36" ---- Restarting main thread on simplified netlist ----
15.0.Tri:    1.58" ---- Restarting abstraction thread on simplified netlist ----
15.0.Tri: Requesting engine job to stop
15.0.Ncustom1: Requesting engine job to stop
15.0.Hp: Requesting engine job to terminate
15.0.Ht: Requesting engine job to terminate
INFO (IPF144): 15: Initiating shutdown of proof [230.18 s]
15.0.Tri: Trace Attempt 4099	[2.58 s]
15.0.Tri: A trace with 4099 cycles was found. [2.69 s]
INFO (IPF055): 15.0.Tri: A counterexample (cex) with 4099 cycles was found for the property "pwm_out.auto_sva_inst.check_rdreq_rise_requires_not_empty_800" in 2.71 s.
15.0.Hp: Interrupted (multi)
15.0.Hp: Trace Attempt 2841	[106.82 s]
15.0.Hp: All properties determined. [230.18 s]
15.0.Tri: Stopped processing property "pwm_out.auto_sva_inst.check_rdreq_rise_requires_not_empty_800"	[2.71 s].
15.0.Tri: All properties determined. [2.71 s]
15.0.Ht: Interrupted (multi)
15.0.Ht: Trace Attempt 2144	[64.82 s]
15.0.Ht: All properties determined. [230.12 s]
15.0.Hp: Exited with Success (@ 230.20 s)
15: ProofGrid usable level: 0
15.0.Ht: Exited with Success (@ 230.20 s)
15.0.Ncustom1: Stopped processing property "pwm_out.auto_sva_inst.check_rdreq_rise_requires_not_empty_800"	[19.16 s].
15.0.Ncustom1: Trace Attempt 371	[18.71 s]
15.0.Ncustom1: All properties determined. [19.16 s]
15.0.Ncustom1: Exited with Success (@ 230.25 s)
15.0.Tri: Exited with Success (@ 230.25 s)
15: --------------------------------------------------------------
ProofGrid Summary (utilization 99.97 %)
--------------------------------------------------------------
     engines started                               :    10
     engine jobs started                           :     4

    Average time in state (seconds)
    ------------------------------------------------------
    Engine  Pending     Running        Dead    Utilization
    ------------------------------------------------------
     Hp        0.06      230.18        0.00       99.97 %
     Ht        0.07      230.11        0.00       99.97 %
    Tri        0.07      229.43        0.00       99.97 %
    Ncustom1        0.06      230.07        0.00       99.97 %
    all        0.06      229.95        0.00       99.97 %

    Total time in state (seconds)
    -----------------------------------------
            Pending     Running        Dead  
    -----------------------------------------
               0.26      919.80        0.00

    Data read    : 4.35 MiB
    Data written : 168.61 kiB

15: All pending notifications were processed.
INFO (IPF059): Completed proof on task: "<embedded>" for proof thread 15
INFO (IVS015): Setting Visualize task to "<embedded>".
INFO (IVS008): Expanding analysis region to enable visualization of "<embedded>::pwm_out.auto_sva_inst.check_rdreq_rise_requires_not_empty_800".
INFO (IPF031): Settings used for proof thread 16:
    orchestration                 = off (auto)
    time_limit                    = 3600s
    per_property_time_limit       = 1s * 10 ^ scan
    engine_mode                   = Ht Hp B N 
    proofgrid_per_engine_max_jobs = 1
    max engine jobs               = Ht Hp B N, total 2
    proofgrid_mode                = local
    proofgrid_restarts            = 10
ERROR (EVS053): No trace satisfying these configurations exists for any max_length.
WARNING (WVS028): Saved trace only contains values for the target's COI.
    Use "set_trace_optimization standard" before running Visualize to save values for the full design.
DEBUG: Approach 3 (auto engine) failed: ERROR (EVS125): No Visualize trace is available for "visualize -save -vcd".

WARN: Could not dump VCD for <embedded>::pwm_out.auto_sva_inst.check_rdreq_rise_requires_not_empty_800 (all approaches failed)
INFO (IPF036): Starting proof on task: "<embedded>", 1 properties to prove with 0 already proven/unreachable
INFO (IPF031): Settings used for proof thread 17:
    orchestration                 = on (auto)
    time_limit                    = 3600s
    per_property_time_limit       = 1s * 10 ^ scan
    engine_mode                   = auto
    proofgrid_per_engine_max_jobs = 1
    max engine jobs               = auto
    proofgrid_mode                = local
    proofgrid_restarts            = 10
17: Using multistage preprocessing
17: Starting reduce
17: Finished reduce in 0s
17.0.PRE: Performing Proof Simplification...
17.0.N: clocks: 2, declared: 1, disabling: 0, posedge: 2, negedge: 0, noedge: 0, bothedge: 0
17.0.N: Proof Simplification Iteration 1	[0.00 s]
17.0.N: Proof Simplification Iteration 2	[0.00 s]
17.0.N: Proof Simplification Iteration 3	[0.00 s]
17.0.PRE: A proof was found: No trace exists. [0.00 s]
INFO (IPF057): 17.0.PRE: The property ":noDeadEnd" was proven in 0.00 s.
    Use check_assumptions -show -dead_end to show this property in the property table.
17.0.PRE: Proof Simplification completed in 0.00 s
17: About to start ProofGrid in its own thread with a limit of 10000 pending notifications and a limit of 10 traces.
17: =============================== ProofGrid start ===============================
17: ProofGrid usable level: 1
17: ProofGrid is starting event handling
17.0.N: Proofgrid shell started at 1490811@della-h14n3(local) jg_1472634_della-h14n3_18
17.0.Hp: Proofgrid shell started at 1490812@della-h14n3(local) jg_1472634_della-h14n3_18
17.0.N: OS RSS memory limit : 68719476736 / 68719476736
17.0.Hp: OS RSS memory limit : 68719476736 / 68719476736
17.0.N: clocks: 1, declared: 1, disabling: 0, posedge: 1, negedge: 0, noedge: 0, bothedge: 0
17.0.N: Last scan. Per property time limit: 0s
17.0.N: Starting proof for property "pwm_out.auto_sva_inst.check_capture_data_on_801"	[0.00 s].
17.0.N: Trace Attempt  1	[0.00 s]
17.0.Hp: clocks: 1, declared: 1, disabling: 0, posedge: 1, negedge: 0, noedge: 0, bothedge: 0
17.0.N: Trace Attempt  2	[0.00 s]
17.0.N: Trace Attempt  2	[0.00 s]
17.0.N: Trace Attempt  3	[0.00 s]
17.0.N: Trace Attempt  4	[0.00 s]
17.0.N: Trace Attempt  4	[0.00 s]
17.0.N: Trace Attempt  5	[0.00 s]
17.0.N: Trace Attempt  1	[0.01 s]
17.0.N: Trace Attempt  2	[0.01 s]
17.0.N: Trace Attempt  3	[0.01 s]
17.0.Ht: Proofgrid shell started at 1490825@della-h14n3(local) jg_1472634_della-h14n3_18
17.0.Ht: OS RSS memory limit : 68719476736 / 68719476736
17.0.Ht: clocks: 1, declared: 1, disabling: 0, posedge: 1, negedge: 0, noedge: 0, bothedge: 0
17.0.Ht: Trace Attempt  1	[0.00 s]
17.0.Ht: Trace Attempt  2	[0.00 s]
17.0.Ht: Trace Attempt  3	[0.00 s]
17.0.Ht: Trace Attempt  4	[0.00 s]
17.0.Ht: Trace Attempt  5	[0.00 s]
17.0.B: Proofgrid shell started at 1490826@della-h14n3(local) jg_1472634_della-h14n3_18
17.0.B: OS RSS memory limit : 68719476736 / 68719476736
17.0.B: clocks: 1, declared: 1, disabling: 0, posedge: 1, negedge: 0, noedge: 0, bothedge: 0
17.0.B: Last scan. Per property time limit: 0s
17.0.B: Starting proof for property "pwm_out.auto_sva_inst.check_capture_data_on_801"	[0.00 s].
17.0.B: Trace Attempt  1	[0.00 s]
17.0.B: Trace Attempt  2	[0.00 s]
17.0.B: Trace Attempt  3	[0.00 s]
17.0.B: Trace Attempt  4	[0.00 s]
17.0.B: Trace Attempt  5	[0.00 s]
17.0.Hp: Trace Attempt  1	[0.19 s]
17.0.Hp: Trace Attempt  2	[0.19 s]
17.0.Hp: Trace Attempt  3	[0.19 s]
17.0.Hp: Trace Attempt  4	[0.19 s]
17.0.Hp: Trace Attempt  5	[0.19 s]
17.0.B: Trace Attempt 252	[4.06 s]
17.0.N: Trace Attempt 406	[4.26 s]
17.0.Ht: Trace Attempt 332	[4.48 s]
17.0.B: Trace Attempt 298	[8.27 s]
17.0.Hp: Trace Attempt 259	[10.44 s]
17.0.Ht: Trace Attempt 475	[12.32 s]
17.0.B: Trace Attempt 333	[12.77 s]
17.0.B: Trace Attempt 342	[17.14 s]
17.0.Ht: Trace Attempt 602	[21.20 s]
17.0.B: Trace Attempt 350	[21.43 s]
17.0.Ht: Trace Attempt 706	[25.32 s]
17.0.B: Trace Attempt 360	[25.89 s]
17.0.Ht: Trace Attempt 783	[29.37 s]
17.0.B: Trace Attempt 365	[30.24 s]
17.0.Ht: Trace Attempt 838	[33.40 s]
17.0.B: Trace Attempt 371	[34.48 s]
17.0.Ht: Trace Attempt 907	[37.40 s]
17.0.B: Trace Attempt 375	[38.65 s]
17.0.Ht: Trace Attempt 945	[41.43 s]
17.0.Hp: Trace Attempt 602	[42.98 s]
17.0.B: Trace Attempt 379	[43.33 s]
17.0.Ht: Trace Attempt 985	[45.48 s]
17.0.B: Trace Attempt 384	[48.29 s]
17.0.Ht: Trace Attempt 1015	[49.55 s]
17.0.B: Trace Attempt 388	[52.62 s]
17.0.Ht: Trace Attempt 1055	[53.72 s]
17.0.B: Trace Attempt 391	[57.77 s]
17.0.Ht: Trace Attempt 1084	[58.93 s]
17.0.B: Trace Attempt 394	[62.39 s]
17.0.Ht: Trace Attempt 1119	[63.01 s]
17.0.B: Trace Attempt 397	[66.53 s]
17.0.Ht: Trace Attempt 1158	[67.12 s]
17.0.B: Trace Attempt 400	[70.58 s]
17.0.Ht: Trace Attempt 1180	[72.71 s]
17.0.N: Trace Attempt 602	[74.63 s]
17.0.N: Trace Attempt  1	[74.94 s]
17.0.N: Trace Attempt  2	[74.94 s]
17.0.N: Trace Attempt  3	[74.94 s]
17.0.B: Trace Attempt 404	[75.61 s]
17.0.Ht: Trace Attempt 1216	[76.76 s]
17.0.N: Trace Attempt 456	[78.94 s]
17.0.B: Trace Attempt 407	[79.87 s]
17.0.Ht: Trace Attempt 1243	[80.81 s]
17.0.N: Trace Attempt 560	[83.75 s]
17.0.Ht: Trace Attempt 1266	[84.85 s]
17.0.B: Trace Attempt 410	[85.00 s]
17.0.N: Trace Attempt 828	[88.14 s]
17.0.Ht: Trace Attempt 1274	[88.96 s]
17.0.B: Trace Attempt 412	[89.07 s]
17.0.N: Trace Attempt 1025	[92.14 s]
17.0.Ht: Trace Attempt 1303	[92.99 s]
17.0.B: Trace Attempt 415	[94.76 s]
17.0.N: Trace Attempt 1364	[96.89 s]
17.0.B: Trace Attempt 417	[99.20 s]
17.0.N: Trace Attempt 1536	[100.89 s]
17.0.Ht: Trace Attempt 1339	[100.88 s]
17.0.B: Trace Attempt 419	[104.53 s]
17.0.N: Trace Attempt 1705	[105.00 s]
17.0.B: Trace Attempt 421	[108.59 s]
17.0.N: Trace Attempt 1969	[109.00 s]
17.0.B: Trace Attempt 423	[112.82 s]
17.0.N: Trace Attempt 2064	[114.90 s]
17.0.B: Trace Attempt 425	[117.91 s]
17.0.N: Trace Attempt 2295	[118.90 s]
17.0.B: Trace Attempt 427	[123.04 s]
17.0.N: Trace Attempt 2560	[123.26 s]
17.0.N: Trace Attempt 2617	[127.41 s]
17.0.B: Trace Attempt 429	[127.45 s]
17.0.N: Trace Attempt 2658	[131.57 s]
17.0.B: Trace Attempt 432	[131.91 s]
17.0.N: Trace Attempt 2680	[136.23 s]
17.0.B: Trace Attempt 435	[137.22 s]
17.0.N: Trace Attempt 2715	[140.73 s]
17.0.B: Trace Attempt 438	[143.54 s]
17.0.N: Trace Attempt 2734	[144.87 s]
17.0.B: Trace Attempt 440	[149.45 s]
17.0.N: Trace Attempt 2759	[150.19 s]
17.0.B: Trace Attempt 444	[153.53 s]
17.0.N: Trace Attempt 2773	[154.51 s]
17.0.B: Trace Attempt 449	[157.57 s]
17.0.N: Trace Attempt 2792	[159.95 s]
17.0.B: Trace Attempt 455	[161.65 s]
17.0.N: Trace Attempt 2805	[164.33 s]
17.0.B: Trace Attempt 461	[166.21 s]
17.0.N: Trace Attempt 2814	[168.91 s]
17.0.B: Trace Attempt 467	[170.68 s]
17.0.Ht: Trace Attempt 1566	[173.53 s]
17.0.N: Trace Attempt 2822	[173.63 s]
17.0.B: Trace Attempt 473	[175.46 s]
17.0.N: Trace Attempt 2829	[178.24 s]
17.0.B: Trace Attempt 478	[179.88 s]
17.0.B: Stopped processing property "pwm_out.auto_sva_inst.check_capture_data_on_801"	[180.93 s].
17.0.B: Morphing to Tri
17.0.B: Trace Attempt 479	[180.92 s]
17.0.B: All properties determined. [0.00 s]
17.0.B: Exited with Success (@ 0.00 s)
17.0.Tri: clocks: 1, declared: 1, disabling: 0, posedge: 1, negedge: 0, noedge: 0, bothedge: 0
17.0.Tri: Starting proof for property "pwm_out.auto_sva_inst.check_capture_data_on_801"	[0.00 s].
17.0.Tri: Trace Attempt  1	[0.00 s]
17.0.Tri:    0.00" ---- Launching main thread ----
17.0.Tri:    0.22" ---- Launching abstraction thread ----
17.0.Tri:    0.25" ---- Launching multi-phase simplification thread ----
17.0.Tri: Trace Attempt  2	[0.33 s]
17.0.Tri: Trace Attempt  3	[0.34 s]
17.0.Tri: Trace Attempt  4	[0.34 s]
17.0.Tri: Trace Attempt  5	[0.34 s]
17.0.N: Stopped processing property "pwm_out.auto_sva_inst.check_capture_data_on_801"	[181.42 s].
17.0.N: Morphing to AM
17.0.N: Trace Attempt 2834	[179.06 s]
17.0.N: All properties determined. [0.00 s]
17.0.N: Exited with Success (@ 0.00 s)
17.0.AM: clocks: 1, declared: 1, disabling: 0, posedge: 1, negedge: 0, noedge: 0, bothedge: 0
17.0.AM: Starting proof for property "pwm_out.auto_sva_inst.check_capture_data_on_801"	[0.00 s].
17.0.AM: Trace Attempt  1	[0.00 s]
17.0.AM: Trace Attempt  2	[0.00 s]
17.0.AM: Trace Attempt  3	[0.00 s]
17.0.AM: Trace Attempt  4	[0.00 s]
17.0.AM: Trace Attempt  5	[0.00 s]
17.0.AM: Trace Attempt  1	[0.00 s]
17.0.AM: Trace Attempt  2	[0.00 s]
17.0.AM: Trace Attempt  3	[0.01 s]
17.0.AM: Trace Attempt  1	[0.01 s]
17.0.AM: Trace Attempt  2	[0.01 s]
17.0.AM: Trace Attempt  3	[0.01 s]
17.0.AM: Trace Attempt  1	[0.02 s]
17.0.AM: Trace Attempt  2	[0.02 s]
17.0.AM: Trace Attempt  3	[0.02 s]
17.0.Tri:    1.22" Simplification phase 1 complete
17.0.Tri:    1.28" Simplification phase 2 complete
17.0.Tri:    1.34" Simplification phase 3 complete
   1.34" ---- Completed simplification thread ----
   1.34" ---- Restarting main thread on simplified netlist ----
17.0.Tri: Stopped processing property "pwm_out.auto_sva_inst.check_capture_data_on_801"	[1.38 s].
17.0.Tri: Morphing to I
17.0.Tri: Trace Attempt 1602	[0.82 s]
17.0.Tri: All properties determined. [0.00 s]
17.0.Tri: Exited with Success (@ 0.00 s)
17.0.I: clocks: 1, declared: 1, disabling: 0, posedge: 1, negedge: 0, noedge: 0, bothedge: 0
17.0.I: Starting proof for property "pwm_out.auto_sva_inst.check_capture_data_on_801"	[0.00 s].
17.0.I: Trace Attempt 14	[0.00 s]
17.0.I: Trace Attempt  1	[0.00 s]
17.0.I: Trace Attempt  2	[0.00 s]
17.0.I: Trace Attempt  3	[0.01 s]
17.0.I: Trace Attempt  4	[0.01 s]
17.0.AM: Trace Attempt  1	[1.18 s]
17.0.AM: Trace Attempt  2	[1.18 s]
17.0.AM: Trace Attempt  3	[1.18 s]
17.0.I: Stopped processing property "pwm_out.auto_sva_inst.check_capture_data_on_801"	[2.65 s].
17.0.I: Morphing to AD
17.0.I: Trace Attempt 51	[0.38 s]
17.0.I: All properties determined. [0.00 s]
17.0.I: Exited with Success (@ 0.00 s)
17.0.AD: clocks: 1, declared: 1, disabling: 0, posedge: 1, negedge: 0, noedge: 0, bothedge: 0
17.0.AD: Starting proof for property "pwm_out.auto_sva_inst.check_capture_data_on_801"	[0.00 s].
17.0.AD: Trace Attempt  1	[0.00 s]
17.0.AD: Trace Attempt  2	[0.00 s]
17.0.AD: Trace Attempt  3	[0.00 s]
17.0.AD: Trace Attempt  4	[0.00 s]
17.0.AM: Stopped processing property "pwm_out.auto_sva_inst.check_capture_data_on_801"	[3.64 s].
17.0.AM: Morphing to D
17.0.AM: Trace Attempt 234	[3.64 s]
17.0.AM: All properties determined. [0.00 s]
17.0.AM: Exited with Success (@ 0.00 s)
17.0.AD: Trace Attempt  5	[0.00 s]
17.0.D: clocks: 1, declared: 1, disabling: 0, posedge: 1, negedge: 0, noedge: 0, bothedge: 0
17.0.D: Starting proof for property "pwm_out.auto_sva_inst.check_capture_data_on_801"	[0.00 s].
17.0.D: Trace Attempt  1	[0.00 s]
17.0.D: Trace Attempt  2	[0.00 s]
17.0.D: Trace Attempt  3	[0.00 s]
17.0.AD: Trace Attempt  1	[0.00 s]
17.0.D: Trace Attempt  4	[0.00 s]
17.0.AD: Trace Attempt  2	[0.00 s]
17.0.AD: Trace Attempt  3	[0.01 s]
17.0.AD: Trace Attempt  4	[0.01 s]
17.0.AD: Trace Attempt  1	[0.02 s]
17.0.AD: Trace Attempt  2	[0.02 s]
17.0.AD: Trace Attempt  3	[0.02 s]
17.0.AD: Trace Attempt  4	[0.02 s]
17.0.AD: Trace Attempt  1	[0.07 s]
17.0.AD: Trace Attempt  2	[0.07 s]
17.0.AD: Trace Attempt  3	[0.07 s]
17.0.AD: Trace Attempt  4	[0.07 s]
17.0.AD: Trace Attempt 85	[4.57 s]
17.0.D: Trace Attempt 100	[7.29 s]
17.0.AD: Trace Attempt 111	[11.69 s]
17.0.AD: Trace Attempt 125	[18.80 s]
17.0.AD: Trace Attempt 132	[23.63 s]
17.0.AD: Stopped processing property "pwm_out.auto_sva_inst.check_capture_data_on_801"	[23.64 s].
17.0.AD: Morphing to Ncustom1
17.0.AD: All properties determined. [0.00 s]
17.0.AD: Exited with Success (@ 0.00 s)
17.0.Ncustom1: clocks: 1, declared: 1, disabling: 0, posedge: 1, negedge: 0, noedge: 0, bothedge: 0
17.0.Ncustom1: Starting proof for property "pwm_out.auto_sva_inst.check_capture_data_on_801"	[0.00 s].
17.0.Ncustom1: Trace Attempt 601	[0.03 s]
17.0.Hp: Trace Attempt 957	[232.34 s]
17.0.D: Stopped processing property "pwm_out.auto_sva_inst.check_capture_data_on_801"	[47.27 s].
17.0.D: Morphing to Tri
17.0.D: All properties determined. [0.00 s]
17.0.D: Exited with Success (@ 0.00 s)
17.0.Tri: clocks: 1, declared: 1, disabling: 0, posedge: 1, negedge: 0, noedge: 0, bothedge: 0
17.0.Tri: Starting proof for property "pwm_out.auto_sva_inst.check_capture_data_on_801"	[0.00 s].
17.0.Tri: Trace Attempt  1	[0.00 s]
17.0.Tri:    0.00" ---- Launching main thread ----
17.0.Tri:    0.22" ---- Launching abstraction thread ----
17.0.Tri:    0.26" ---- Launching multi-phase simplification thread ----
17.0.Tri: Trace Attempt  2	[0.34 s]
17.0.Tri: Trace Attempt  3	[0.34 s]
17.0.Tri: Trace Attempt  4	[0.34 s]
17.0.Tri: Trace Attempt  5	[0.34 s]
17.0.Tri:    1.26" Simplification phase 1 complete
17.0.Tri:    1.32" Simplification phase 2 complete
17.0.Tri:    1.38" Simplification phase 3 complete
   1.38" ---- Completed simplification thread ----
   1.38" ---- Restarting main thread on simplified netlist ----
17.0.Tri:    1.60" ---- Restarting abstraction thread on simplified netlist ----
17.0.Tri: Requesting engine job to stop
17.0.Ncustom1: Requesting engine job to stop
17.0.Hp: Requesting engine job to terminate
17.0.Ht: Requesting engine job to terminate
INFO (IPF144): 17: Initiating shutdown of proof [238.01 s]
17.0.Tri: Trace Attempt 4101	[3.45 s]
17.0.Tri: A trace with 4101 cycles was found. [5.51 s]
INFO (IPF055): 17.0.Tri: A counterexample (cex) with 4101 cycles was found for the property "pwm_out.auto_sva_inst.check_capture_data_on_801" in 5.62 s.
17.0.Ht: Interrupted (multi)
17.0.Ht: Trace Attempt 2823	[173.82 s]
17.0.Ht: All properties determined. [237.95 s]
17.0.Tri: Stopped processing property "pwm_out.auto_sva_inst.check_capture_data_on_801"	[5.63 s].
17.0.Tri: All properties determined. [5.63 s]
17.0.Ht: Exited with Success (@ 238.03 s)
17: ProofGrid usable level: 0
17.0.Ncustom1: Stopped processing property "pwm_out.auto_sva_inst.check_capture_data_on_801"	[29.33 s].
17.0.Ncustom1: All properties determined. [29.33 s]
17.0.Tri: Sending SIGKILL
17.0.Hp: Sending SIGKILL
17.0.Ncustom1: Sending SIGKILL
17.0.Tri: Exited with Success (@ 240.12 s)
17.0.Ncustom1: Exited with Success (@ 240.12 s)
17.0.Hp: Trace Attempt 2834	[232.84 s]
17.0.Hp: Terminated by signal SIGKILL (@ 240.12 s)
17: --------------------------------------------------------------
ProofGrid Summary (utilization 99.97 %)
--------------------------------------------------------------
     engines started                               :    10
     engine jobs started                           :     4

    Average time in state (seconds)
    ------------------------------------------------------
    Engine  Pending     Running        Dead    Utilization
    ------------------------------------------------------
     Hp        0.06      238.01        0.00       99.97 %
     Ht        0.07      237.95        0.00       99.97 %
    Tri        0.07      237.55        0.00       99.97 %
    Ncustom1        0.07      237.89        0.00       99.97 %
    all        0.07      237.85        0.00       99.97 %

    Total time in state (seconds)
    -----------------------------------------
            Pending     Running        Dead  
    -----------------------------------------
               0.27      951.40        0.00

    Data read    : 3.27 MiB
    Data written : 168.50 kiB

17: All pending notifications were processed.
INFO (IPF059): Completed proof on task: "<embedded>" for proof thread 17
INFO (IVS015): Setting Visualize task to "<embedded>".
INFO (IVS008): Expanding analysis region to enable visualization of "<embedded>::pwm_out.auto_sva_inst.check_capture_data_on_801".
INFO (IPF031): Settings used for proof thread 18:
    orchestration                 = off (auto)
    time_limit                    = 3600s
    per_property_time_limit       = 1s * 10 ^ scan
    engine_mode                   = Ht Hp B N 
    proofgrid_per_engine_max_jobs = 1
    max engine jobs               = Ht Hp B N, total 2
    proofgrid_mode                = local
    proofgrid_restarts            = 10
ERROR (EVS053): No trace satisfying these configurations exists for any max_length.
WARNING (WVS028): Saved trace only contains values for the target's COI.
    Use "set_trace_optimization standard" before running Visualize to save values for the full design.
DEBUG: Approach 1 (force re-prove) failed: ERROR (EVS125): No Visualize trace is available for "visualize -save -vcd".

DEBUG: Approach 2 (-new_trace) failed: ERROR (ESW104): Invalid command formation.
    Problem occurs with "-violation -new_trace".

INFO (IPF036): Starting proof on task: "<embedded>", 1 properties to prove with 0 already proven/unreachable
INFO (IPF031): Settings used for proof thread 19:
    orchestration                 = on (auto)
    time_limit                    = 3600s
    per_property_time_limit       = 1s * 10 ^ scan
    engine_mode                   = auto
    proofgrid_per_engine_max_jobs = 1
    max engine jobs               = auto
    proofgrid_mode                = local
    proofgrid_restarts            = 10
19: Using multistage preprocessing
19: Starting reduce
19: Finished reduce in 0s
19.0.PRE: Performing Proof Simplification...
19.0.N: clocks: 2, declared: 1, disabling: 0, posedge: 2, negedge: 0, noedge: 0, bothedge: 0
19.0.N: Proof Simplification Iteration 1	[0.00 s]
19.0.N: Proof Simplification Iteration 2	[0.00 s]
19.0.N: Proof Simplification Iteration 3	[0.00 s]
19.0.PRE: A proof was found: No trace exists. [0.00 s]
INFO (IPF057): 19.0.PRE: The property ":noDeadEnd" was proven in 0.00 s.
    Use check_assumptions -show -dead_end to show this property in the property table.
19.0.PRE: Proof Simplification completed in 0.00 s
19: About to start ProofGrid in its own thread with a limit of 10000 pending notifications and a limit of 10 traces.
19: =============================== ProofGrid start ===============================
19: ProofGrid usable level: 1
19: ProofGrid is starting event handling
19.0.Hp: Proofgrid shell started at 1491908@della-h14n3(local) jg_1472634_della-h14n3_20
19.0.N: Proofgrid shell started at 1491907@della-h14n3(local) jg_1472634_della-h14n3_20
19.0.Hp: OS RSS memory limit : 68719476736 / 68719476736
19.0.N: OS RSS memory limit : 68719476736 / 68719476736
19.0.Hp: clocks: 1, declared: 1, disabling: 0, posedge: 1, negedge: 0, noedge: 0, bothedge: 0
19.0.N: clocks: 1, declared: 1, disabling: 0, posedge: 1, negedge: 0, noedge: 0, bothedge: 0
19.0.N: Last scan. Per property time limit: 0s
19.0.N: Starting proof for property "pwm_out.auto_sva_inst.check_capture_data_on_801"	[0.00 s].
19.0.N: Trace Attempt  1	[0.00 s]
19.0.Hp: Trace Attempt  1	[0.00 s]
19.0.Hp: Trace Attempt  2	[0.00 s]
19.0.N: Trace Attempt  2	[0.00 s]
19.0.Hp: Trace Attempt  3	[0.00 s]
19.0.N: Trace Attempt  2	[0.00 s]
19.0.N: Trace Attempt  3	[0.00 s]
19.0.N: Trace Attempt  4	[0.00 s]
19.0.N: Trace Attempt  4	[0.00 s]
19.0.Hp: Trace Attempt  4	[0.00 s]
19.0.Hp: Trace Attempt  5	[0.00 s]
19.0.N: Trace Attempt  5	[0.00 s]
19.0.N: Trace Attempt  1	[0.01 s]
19.0.N: Trace Attempt  2	[0.01 s]
19.0.N: Trace Attempt  3	[0.01 s]
19.0.Ht: Proofgrid shell started at 1491921@della-h14n3(local) jg_1472634_della-h14n3_20
19.0.Ht: OS RSS memory limit : 68719476736 / 68719476736
19.0.Ht: clocks: 1, declared: 1, disabling: 0, posedge: 1, negedge: 0, noedge: 0, bothedge: 0
19.0.B: Proofgrid shell started at 1491922@della-h14n3(local) jg_1472634_della-h14n3_20
19.0.B: OS RSS memory limit : 68719476736 / 68719476736
19.0.B: clocks: 1, declared: 1, disabling: 0, posedge: 1, negedge: 0, noedge: 0, bothedge: 0
19.0.B: Last scan. Per property time limit: 0s
19.0.B: Starting proof for property "pwm_out.auto_sva_inst.check_capture_data_on_801"	[0.00 s].
19.0.Ht: Trace Attempt  1	[0.00 s]
19.0.Ht: Trace Attempt  2	[0.00 s]
19.0.Ht: Trace Attempt  3	[0.00 s]
19.0.Ht: Trace Attempt  4	[0.00 s]
19.0.Ht: Trace Attempt  5	[0.00 s]
19.0.B: Trace Attempt  1	[0.00 s]
19.0.B: Trace Attempt  2	[0.00 s]
19.0.B: Trace Attempt  3	[0.00 s]
19.0.B: Trace Attempt  4	[0.00 s]
19.0.B: Trace Attempt  5	[0.00 s]
19.0.B: Trace Attempt 252	[4.03 s]
19.0.N: Trace Attempt 406	[4.21 s]
19.0.Ht: Trace Attempt 332	[4.27 s]
19.0.B: Trace Attempt 298	[8.34 s]
19.0.Hp: Trace Attempt 259	[9.84 s]
19.0.Ht: Trace Attempt 454	[12.25 s]
19.0.B: Trace Attempt 332	[12.38 s]
19.0.B: Trace Attempt 340	[16.44 s]
19.0.Ht: Trace Attempt 602	[19.58 s]
19.0.B: Trace Attempt 349	[21.07 s]
19.0.Ht: Trace Attempt 716	[23.59 s]
19.0.B: Trace Attempt 359	[25.29 s]
19.0.Ht: Trace Attempt 782	[27.59 s]
19.0.B: Trace Attempt 365	[30.33 s]
19.0.Ht: Trace Attempt 830	[31.62 s]
19.0.Hp: Trace Attempt 602	[31.76 s]
19.0.B: Trace Attempt 371	[34.50 s]
19.0.Ht: Trace Attempt 886	[35.84 s]
19.0.B: Trace Attempt 375	[38.58 s]
19.0.Ht: Trace Attempt 917	[39.88 s]
19.0.B: Trace Attempt 379	[43.18 s]
19.0.Ht: Trace Attempt 966	[43.98 s]
19.0.B: Trace Attempt 384	[48.02 s]
19.0.Ht: Trace Attempt 988	[48.41 s]
19.0.B: Trace Attempt 388	[52.33 s]
19.0.Ht: Trace Attempt 1043	[52.46 s]
19.0.Ht: Trace Attempt 1080	[56.46 s]
19.0.B: Trace Attempt 391	[57.30 s]
19.0.Ht: Trace Attempt 1103	[60.71 s]
19.0.B: Trace Attempt 394	[61.81 s]
19.0.Ht: Trace Attempt 1135	[64.73 s]
19.0.B: Trace Attempt 397	[65.83 s]
19.0.Ht: Trace Attempt 1171	[68.90 s]
19.0.B: Trace Attempt 401	[71.47 s]
19.0.Hp: Trace Attempt 831	[72.67 s]
19.0.N: Trace Attempt 602	[72.74 s]
19.0.Ht: Trace Attempt 1185	[72.90 s]
19.0.N: Trace Attempt  1	[73.03 s]
19.0.N: Trace Attempt  2	[73.03 s]
19.0.N: Trace Attempt  3	[73.03 s]
19.0.B: Trace Attempt 405	[75.55 s]
19.0.N: Trace Attempt 456	[77.03 s]
19.0.Ht: Trace Attempt 1231	[77.02 s]
19.0.B: Trace Attempt 408	[80.33 s]
19.0.Ht: Trace Attempt 1258	[81.62 s]
19.0.N: Trace Attempt 560	[81.84 s]
19.0.Ht: Trace Attempt 1269	[85.80 s]
19.0.B: Trace Attempt 411	[85.83 s]
19.0.N: Trace Attempt 828	[86.24 s]
19.0.Ht: Trace Attempt 1306	[89.87 s]
19.0.N: Trace Attempt 1026	[90.26 s]
19.0.B: Trace Attempt 414	[90.83 s]
19.0.Ht: Trace Attempt 1340	[93.94 s]
19.0.N: Trace Attempt 1364	[94.98 s]
19.0.B: Trace Attempt 416	[95.06 s]
19.0.N: Trace Attempt 1536	[99.01 s]
19.0.B: Trace Attempt 418	[99.58 s]
19.0.Ht: Trace Attempt 1363	[100.33 s]
19.0.N: Trace Attempt 1705	[103.14 s]
19.0.B: Trace Attempt 420	[104.60 s]
19.0.N: Trace Attempt 1964	[107.15 s]
19.0.B: Trace Attempt 423	[110.39 s]
19.0.N: Trace Attempt 2064	[113.14 s]
19.0.B: Trace Attempt 425	[115.28 s]
19.0.N: Trace Attempt 2293	[117.14 s]
19.0.B: Trace Attempt 427	[120.30 s]
19.0.N: Trace Attempt 2560	[121.55 s]
19.0.B: Trace Attempt 429	[124.71 s]
19.0.N: Trace Attempt 2617	[125.71 s]
19.0.B: Trace Attempt 432	[129.15 s]
19.0.N: Trace Attempt 2658	[129.87 s]
19.0.B: Trace Attempt 435	[134.25 s]
19.0.N: Trace Attempt 2680	[134.51 s]
19.0.N: Trace Attempt 2715	[139.01 s]
19.0.B: Trace Attempt 438	[140.24 s]
19.0.N: Trace Attempt 2734	[143.16 s]
19.0.B: Trace Attempt 440	[146.02 s]
19.0.N: Trace Attempt 2759	[148.48 s]
19.0.B: Trace Attempt 445	[150.79 s]
19.0.N: Trace Attempt 2773	[152.80 s]
19.0.B: Trace Attempt 451	[155.16 s]
19.0.N: Trace Attempt 2792	[158.23 s]
19.0.B: Trace Attempt 457	[159.30 s]
19.0.N: Trace Attempt 2805	[162.62 s]
19.0.B: Trace Attempt 463	[163.54 s]
19.0.N: Trace Attempt 2814	[167.19 s]
19.0.B: Trace Attempt 469	[168.10 s]
19.0.N: Trace Attempt 2822	[171.93 s]
19.0.B: Trace Attempt 475	[172.91 s]
19.0.N: Trace Attempt 2829	[176.55 s]
19.0.B: Trace Attempt 480	[177.46 s]
19.0.Ht: Trace Attempt 1623	[180.84 s]
19.0.B: Stopped processing property "pwm_out.auto_sva_inst.check_capture_data_on_801"	[180.89 s].
19.0.B: Morphing to Tri
19.0.B: Trace Attempt 483	[180.29 s]
19.0.B: All properties determined. [0.00 s]
19.0.B: Exited with Success (@ 0.00 s)
19.0.Tri: clocks: 1, declared: 1, disabling: 0, posedge: 1, negedge: 0, noedge: 0, bothedge: 0
19.0.Tri: Starting proof for property "pwm_out.auto_sva_inst.check_capture_data_on_801"	[0.00 s].
19.0.Tri: Trace Attempt  1	[0.00 s]
19.0.Tri:    0.00" ---- Launching main thread ----
19.0.Tri:    0.22" ---- Launching abstraction thread ----
19.0.Tri:    0.25" ---- Launching multi-phase simplification thread ----
19.0.Tri: Trace Attempt  2	[0.34 s]
19.0.Tri: Trace Attempt  3	[0.34 s]
19.0.Tri: Trace Attempt  4	[0.34 s]
19.0.Tri: Trace Attempt  5	[0.34 s]
19.0.N: Stopped processing property "pwm_out.auto_sva_inst.check_capture_data_on_801"	[181.40 s].
19.0.N: Morphing to AM
19.0.N: Trace Attempt 2860	[180.37 s]
19.0.N: All properties determined. [0.00 s]
19.0.N: Exited with Success (@ 0.00 s)
19.0.AM: clocks: 1, declared: 1, disabling: 0, posedge: 1, negedge: 0, noedge: 0, bothedge: 0
19.0.AM: Starting proof for property "pwm_out.auto_sva_inst.check_capture_data_on_801"	[0.00 s].
19.0.AM: Trace Attempt  1	[0.00 s]
19.0.AM: Trace Attempt  2	[0.00 s]
19.0.AM: Trace Attempt  3	[0.00 s]
19.0.AM: Trace Attempt  4	[0.00 s]
19.0.AM: Trace Attempt  5	[0.00 s]
19.0.AM: Trace Attempt  1	[0.00 s]
19.0.AM: Trace Attempt  2	[0.00 s]
19.0.AM: Trace Attempt  3	[0.00 s]
19.0.AM: Trace Attempt  1	[0.01 s]
19.0.AM: Trace Attempt  2	[0.01 s]
19.0.AM: Trace Attempt  3	[0.01 s]
19.0.AM: Trace Attempt  1	[0.02 s]
19.0.AM: Trace Attempt  2	[0.02 s]
19.0.AM: Trace Attempt  3	[0.02 s]
19.0.Tri:    1.22" Simplification phase 1 complete
19.0.Tri:    1.28" Simplification phase 2 complete
19.0.Tri:    1.34" Simplification phase 3 complete
   1.34" ---- Completed simplification thread ----
   1.34" ---- Restarting main thread on simplified netlist ----
19.0.Tri: Stopped processing property "pwm_out.auto_sva_inst.check_capture_data_on_801"	[1.58 s].
19.0.Tri: Morphing to I
19.0.Tri: Trace Attempt 1802	[0.86 s]
19.0.Tri: All properties determined. [0.00 s]
19.0.Tri: Exited with Success (@ 0.00 s)
19.0.I: clocks: 1, declared: 1, disabling: 0, posedge: 1, negedge: 0, noedge: 0, bothedge: 0
19.0.I: Starting proof for property "pwm_out.auto_sva_inst.check_capture_data_on_801"	[0.00 s].
19.0.AM: Trace Attempt  1	[1.16 s]
19.0.AM: Trace Attempt  2	[1.16 s]
19.0.AM: Trace Attempt  3	[1.16 s]
19.0.I: Trace Attempt 14	[0.00 s]
19.0.I: Trace Attempt  1	[0.00 s]
19.0.I: Trace Attempt  2	[0.00 s]
19.0.I: Trace Attempt  3	[0.00 s]
19.0.I: Trace Attempt  4	[0.01 s]
19.0.I: Stopped processing property "pwm_out.auto_sva_inst.check_capture_data_on_801"	[2.48 s].
19.0.I: Morphing to AD
19.0.I: Trace Attempt 51	[0.38 s]
19.0.I: All properties determined. [0.00 s]
19.0.I: Exited with Success (@ 0.00 s)
19.0.AD: clocks: 1, declared: 1, disabling: 0, posedge: 1, negedge: 0, noedge: 0, bothedge: 0
19.0.AD: Starting proof for property "pwm_out.auto_sva_inst.check_capture_data_on_801"	[0.00 s].
19.0.AD: Trace Attempt  1	[0.00 s]
19.0.AD: Trace Attempt  2	[0.00 s]
19.0.AM: Stopped processing property "pwm_out.auto_sva_inst.check_capture_data_on_801"	[3.64 s].
19.0.AM: Morphing to D
19.0.AM: Trace Attempt 234	[3.63 s]
19.0.AM: All properties determined. [0.00 s]
19.0.AM: Exited with Success (@ 0.00 s)
19.0.AD: Trace Attempt  3	[0.00 s]
19.0.AD: Trace Attempt  4	[0.00 s]
19.0.AD: Trace Attempt  5	[0.00 s]
19.0.AD: Trace Attempt  1	[0.00 s]
19.0.AD: Trace Attempt  2	[0.00 s]
19.0.AD: Trace Attempt  3	[0.01 s]
19.0.AD: Trace Attempt  4	[0.01 s]
19.0.D: clocks: 1, declared: 1, disabling: 0, posedge: 1, negedge: 0, noedge: 0, bothedge: 0
19.0.D: Starting proof for property "pwm_out.auto_sva_inst.check_capture_data_on_801"	[0.00 s].
19.0.D: Trace Attempt  1	[0.00 s]
19.0.D: Trace Attempt  2	[0.00 s]
19.0.D: Trace Attempt  3	[0.00 s]
19.0.D: Trace Attempt  4	[0.00 s]
19.0.AD: Trace Attempt  1	[0.02 s]
19.0.AD: Trace Attempt  2	[0.02 s]
19.0.AD: Trace Attempt  3	[0.02 s]
19.0.AD: Trace Attempt  4	[0.02 s]
19.0.AD: Trace Attempt  1	[0.07 s]
19.0.AD: Trace Attempt  2	[0.07 s]
19.0.AD: Trace Attempt  3	[0.07 s]
19.0.AD: Trace Attempt  4	[0.07 s]
19.0.AD: Trace Attempt 85	[4.61 s]
19.0.D: Trace Attempt 100	[7.30 s]
19.0.AD: Trace Attempt 111	[11.75 s]
19.0.AD: Trace Attempt 125	[18.84 s]
19.0.AD: Trace Attempt 132	[23.78 s]
19.0.AD: Stopped processing property "pwm_out.auto_sva_inst.check_capture_data_on_801"	[23.91 s].
19.0.AD: Morphing to Ncustom1
19.0.AD: All properties determined. [0.00 s]
19.0.AD: Exited with Success (@ 0.00 s)
19.0.Ncustom1: clocks: 1, declared: 1, disabling: 0, posedge: 1, negedge: 0, noedge: 0, bothedge: 0
19.0.Ncustom1: Starting proof for property "pwm_out.auto_sva_inst.check_capture_data_on_801"	[0.00 s].
19.0.Ncustom1: Trace Attempt 601	[0.03 s]
19.0.D: Stopped processing property "pwm_out.auto_sva_inst.check_capture_data_on_801"	[51.93 s].
19.0.D: Morphing to Tri
19.0.D: All properties determined. [0.00 s]
19.0.D: Exited with Success (@ 0.00 s)
19.0.Tri: clocks: 1, declared: 1, disabling: 0, posedge: 1, negedge: 0, noedge: 0, bothedge: 0
19.0.Tri: Starting proof for property "pwm_out.auto_sva_inst.check_capture_data_on_801"	[0.00 s].
19.0.Tri: Trace Attempt  1	[0.00 s]
19.0.Tri:    0.00" ---- Launching main thread ----
19.0.Tri:    0.22" ---- Launching abstraction thread ----
19.0.Tri:    0.25" ---- Launching multi-phase simplification thread ----
19.0.Tri: Trace Attempt  2	[0.36 s]
19.0.Tri: Trace Attempt  3	[0.36 s]
19.0.Tri: Trace Attempt  4	[0.36 s]
19.0.Tri: Trace Attempt  5	[0.36 s]
19.0.Tri:    1.20" Simplification phase 1 complete
19.0.Tri:    1.26" Simplification phase 2 complete
19.0.Tri:    1.32" Simplification phase 3 complete
   1.32" ---- Completed simplification thread ----
   1.32" ---- Restarting main thread on simplified netlist ----
19.0.Tri:    1.55" ---- Restarting abstraction thread on simplified netlist ----
19.0.Tri: Requesting engine job to stop
19.0.Ncustom1: Requesting engine job to stop
19.0.Hp: Requesting engine job to terminate
19.0.Ht: Requesting engine job to terminate
INFO (IPF144): 19: Initiating shutdown of proof [239.91 s]
19.0.Tri: Trace Attempt 4101	[2.75 s]
19.0.Tri: A trace with 4101 cycles was found. [2.77 s]
INFO (IPF055): 19.0.Tri: A counterexample (cex) with 4101 cycles was found for the property "pwm_out.auto_sva_inst.check_capture_data_on_801" in 2.87 s.
19.0.Hp: Interrupted (multi)
19.0.Hp: Trace Attempt 1183	[72.94 s]
19.0.Hp: All properties determined. [239.91 s]
19.0.Ht: Interrupted (multi)
19.0.Ht: Trace Attempt 2860	[181.14 s]
19.0.Ht: All properties determined. [239.84 s]
19.0.Tri: Stopped processing property "pwm_out.auto_sva_inst.check_capture_data_on_801"	[2.88 s].
19.0.Tri: All properties determined. [2.88 s]
19.0.Ht: Exited with Success (@ 239.95 s)
19: ProofGrid usable level: 0
19.0.Hp: Exited with Success (@ 239.95 s)
19.0.Ncustom1: Stopped processing property "pwm_out.auto_sva_inst.check_capture_data_on_801"	[30.99 s].
19.0.Ncustom1: All properties determined. [30.99 s]
19.0.Ncustom1: Exited with Success (@ 239.96 s)
19.0.Tri: Exited with Success (@ 239.96 s)
19: --------------------------------------------------------------
ProofGrid Summary (utilization 99.97 %)
--------------------------------------------------------------
     engines started                               :    10
     engine jobs started                           :     4

    Average time in state (seconds)
    ------------------------------------------------------
    Engine  Pending     Running        Dead    Utilization
    ------------------------------------------------------
     Hp        0.06      239.91        0.00       99.97 %
     Ht        0.07      239.84        0.00       99.97 %
    Tri        0.07      239.44        0.00       99.97 %
    Ncustom1        0.07      239.65        0.00       99.97 %
    all        0.07      239.71        0.00       99.97 %

    Total time in state (seconds)
    -----------------------------------------
            Pending     Running        Dead  
    -----------------------------------------
               0.26      958.84        0.00

    Data read    : 3.25 MiB
    Data written : 168.49 kiB

19: All pending notifications were processed.
INFO (IPF059): Completed proof on task: "<embedded>" for proof thread 19
INFO (IVS015): Setting Visualize task to "<embedded>".
INFO (IVS008): Expanding analysis region to enable visualization of "<embedded>::pwm_out.auto_sva_inst.check_capture_data_on_801".
INFO (IPF031): Settings used for proof thread 20:
    orchestration                 = off (auto)
    time_limit                    = 3600s
    per_property_time_limit       = 1s * 10 ^ scan
    engine_mode                   = Ht Hp B N 
    proofgrid_per_engine_max_jobs = 1
    max engine jobs               = Ht Hp B N, total 2
    proofgrid_mode                = local
    proofgrid_restarts            = 10
ERROR (EVS053): No trace satisfying these configurations exists for any max_length.
WARNING (WVS028): Saved trace only contains values for the target's COI.
    Use "set_trace_optimization standard" before running Visualize to save values for the full design.
DEBUG: Approach 3 (auto engine) failed: ERROR (EVS125): No Visualize trace is available for "visualize -save -vcd".

WARN: Could not dump VCD for <embedded>::pwm_out.auto_sva_inst.check_capture_data_on_801 (all approaches failed)
INFO (IPF036): Starting proof on task: "<embedded>", 1 properties to prove with 0 already proven/unreachable
INFO (IPF031): Settings used for proof thread 21:
    orchestration                 = on (auto)
    time_limit                    = 3600s
    per_property_time_limit       = 1s * 10 ^ scan
    engine_mode                   = auto
    proofgrid_per_engine_max_jobs = 1
    max engine jobs               = auto
    proofgrid_mode                = local
    proofgrid_restarts            = 10
21: Using multistage preprocessing
21: Starting reduce
21: Finished reduce in 0s
21.0.PRE: Performing Proof Simplification...
21.0.N: clocks: 2, declared: 1, disabling: 0, posedge: 2, negedge: 0, noedge: 0, bothedge: 0
21.0.N: Proof Simplification Iteration 1	[0.00 s]
21.0.N: Proof Simplification Iteration 2	[0.00 s]
21.0.N: Proof Simplification Iteration 3	[0.00 s]
21.0.PRE: A proof was found: No trace exists. [0.00 s]
INFO (IPF057): 21.0.PRE: The property ":noDeadEnd" was proven in 0.00 s.
    Use check_assumptions -show -dead_end to show this property in the property table.
21.0.PRE: Proof Simplification completed in 0.00 s
21: About to start ProofGrid in its own thread with a limit of 10000 pending notifications and a limit of 10 traces.
21: =============================== ProofGrid start ===============================
21: ProofGrid usable level: 1
21: ProofGrid is starting event handling
21.0.Hp: Proofgrid shell started at 1493205@della-h14n3(local) jg_1472634_della-h14n3_22
21.0.N: Proofgrid shell started at 1493204@della-h14n3(local) jg_1472634_della-h14n3_22
21.0.Hp: OS RSS memory limit : 68719476736 / 68719476736
21.0.Hp: clocks: 1, declared: 1, disabling: 0, posedge: 1, negedge: 0, noedge: 0, bothedge: 0
21.0.N: OS RSS memory limit : 68719476736 / 68719476736
21.0.N: clocks: 1, declared: 1, disabling: 0, posedge: 1, negedge: 0, noedge: 0, bothedge: 0
21.0.N: Last scan. Per property time limit: 0s
21.0.N: Starting proof for property "pwm_out.auto_sva_inst.check_data_rdy_set_after_801"	[0.00 s].
21.0.N: Trace Attempt  1	[0.00 s]
21.0.N: A max_length bound was found. The shortest trace is no longer than 65536 cycles. [0.00 s]
INFO (IPF008): 21.0.N: A max_length bound of 65536 was found for the property "pwm_out.auto_sva_inst.check_data_rdy_set_after_801" in 0.00 s.
21.0.Hp: Trace Attempt  1	[0.00 s]
21.0.Hp: Trace Attempt  2	[0.00 s]
21.0.N: Trace Attempt  2	[0.00 s]
21.0.N: Trace Attempt  2	[0.00 s]
21.0.Hp: Trace Attempt  3	[0.00 s]
21.0.N: Trace Attempt  3	[0.00 s]
21.0.N: Trace Attempt  4	[0.00 s]
21.0.Hp: Trace Attempt  4	[0.00 s]
21.0.N: Trace Attempt  4	[0.00 s]
21.0.N: Trace Attempt  5	[0.00 s]
21.0.N: Trace Attempt  1	[0.01 s]
21.0.N: Trace Attempt  2	[0.01 s]
21.0.N: Trace Attempt  3	[0.01 s]
21.0.Hp: Trace Attempt  5	[0.01 s]
21.0.Ht: Proofgrid shell started at 1493218@della-h14n3(local) jg_1472634_della-h14n3_22
21.0.Ht: OS RSS memory limit : 68719476736 / 68719476736
21.0.Ht: clocks: 1, declared: 1, disabling: 0, posedge: 1, negedge: 0, noedge: 0, bothedge: 0
21.0.B: Proofgrid shell started at 1493219@della-h14n3(local) jg_1472634_della-h14n3_22
21.0.B: OS RSS memory limit : 68719476736 / 68719476736
21.0.B: clocks: 1, declared: 1, disabling: 0, posedge: 1, negedge: 0, noedge: 0, bothedge: 0
21.0.Ht: Trace Attempt  1	[0.00 s]
21.0.Ht: Trace Attempt  2	[0.00 s]
21.0.B: Last scan. Per property time limit: 0s
21.0.B: Starting proof for property "pwm_out.auto_sva_inst.check_data_rdy_set_after_801"	[0.00 s].
21.0.B: Trace Attempt  1	[0.00 s]
21.0.B: Trace Attempt  2	[0.00 s]
21.0.Ht: Trace Attempt  3	[0.00 s]
21.0.Ht: Trace Attempt  4	[0.00 s]
21.0.Ht: Trace Attempt  5	[0.00 s]
21.0.B: Trace Attempt  3	[0.00 s]
21.0.B: Trace Attempt  4	[0.00 s]
21.0.B: Trace Attempt  5	[0.00 s]
21.0.N: Trace Attempt 406	[4.18 s]
21.0.B: Trace Attempt 306	[4.18 s]
21.0.Hp: Trace Attempt 332	[6.52 s]
21.0.Ht: Trace Attempt 402	[6.92 s]
21.0.B: Trace Attempt 392	[8.50 s]
21.0.B: Trace Attempt 420	[12.81 s]
21.0.Ht: Trace Attempt 602	[16.52 s]
21.0.B: Trace Attempt 428	[17.12 s]
21.0.Hp: Trace Attempt 602	[18.16 s]
21.0.Ht: Trace Attempt 718	[20.55 s]
21.0.B: Trace Attempt 436	[21.47 s]
21.0.Ht: Trace Attempt 789	[24.58 s]
21.0.B: Trace Attempt 441	[26.27 s]
21.0.Hp: Trace Attempt 718	[27.20 s]
21.0.Ht: Trace Attempt 838	[28.58 s]
21.0.B: Trace Attempt 445	[31.13 s]
21.0.Ht: Trace Attempt 921	[32.97 s]
21.0.Hp: Trace Attempt 828	[34.05 s]
21.0.B: Trace Attempt 450	[35.64 s]
21.0.Ht: Trace Attempt 969	[36.98 s]
21.0.B: Trace Attempt 453	[39.65 s]
21.0.Ht: Trace Attempt 1001	[41.05 s]
21.0.Hp: Trace Attempt 936	[43.70 s]
21.0.B: Trace Attempt 458	[43.95 s]
21.0.Ht: Trace Attempt 1027	[45.06 s]
21.0.B: Trace Attempt 463	[48.63 s]
21.0.Ht: Trace Attempt 1071	[49.10 s]
21.0.B: Trace Attempt 468	[52.99 s]
21.0.Ht: Trace Attempt 1099	[53.17 s]
21.0.Hp: Trace Attempt 1015	[54.45 s]
21.0.Ht: Trace Attempt 1118	[57.20 s]
21.0.B: Trace Attempt 473	[58.60 s]
21.0.N: Trace Attempt 602	[59.91 s]
21.0.N: Trace Attempt  1	[60.21 s]
21.0.N: Trace Attempt  2	[60.21 s]
21.0.N: Trace Attempt  3	[60.21 s]
21.0.Ht: Trace Attempt 1147	[61.24 s]
21.0.B: Trace Attempt 477	[63.97 s]
21.0.Ht: Trace Attempt 1168	[65.36 s]
21.0.N: Trace Attempt 467	[66.19 s]
21.0.Hp: Trace Attempt 1100	[67.35 s]
21.0.B: Trace Attempt 481	[68.70 s]
21.0.Ht: Trace Attempt 1192	[69.42 s]
21.0.N: Trace Attempt 747	[70.57 s]
21.0.Ht: Trace Attempt 1222	[73.52 s]
21.0.B: Trace Attempt 485	[73.93 s]
21.0.N: Trace Attempt 906	[75.29 s]
21.0.Hp: Trace Attempt 1171	[75.55 s]
21.0.Ht: Trace Attempt 1243	[77.59 s]
21.0.B: Trace Attempt 489	[78.36 s]
21.0.N: Trace Attempt 1262	[79.30 s]
21.0.Ht: Trace Attempt 1257	[82.82 s]
21.0.N: Trace Attempt 1448	[83.86 s]
21.0.B: Trace Attempt 492	[84.69 s]
21.0.N: Trace Attempt 1625	[87.91 s]
21.0.B: Trace Attempt 495	[89.66 s]
21.0.N: Trace Attempt 1829	[92.89 s]
21.0.B: Trace Attempt 498	[95.90 s]
21.0.N: Trace Attempt 1997	[96.90 s]
21.0.N: Trace Attempt 2085	[100.93 s]
21.0.B: Trace Attempt 500	[102.11 s]
21.0.N: Trace Attempt 2405	[104.95 s]
21.0.B: Trace Attempt 502	[108.81 s]
21.0.N: Trace Attempt 2574	[108.95 s]
21.0.N: Trace Attempt 2622	[112.96 s]
21.0.B: Trace Attempt 504	[114.30 s]
21.0.N: Trace Attempt 2662	[117.61 s]
21.0.B: Trace Attempt 506	[120.27 s]
21.0.N: Trace Attempt 2683	[122.43 s]
21.0.B: Trace Attempt 508	[126.11 s]
21.0.N: Trace Attempt 2716	[127.00 s]
21.0.Hp: Trace Attempt 1234	[127.74 s]
21.0.N: Trace Attempt 2739	[131.42 s]
21.0.B: Trace Attempt 510	[132.29 s]
21.0.N: Trace Attempt 2762	[135.97 s]
21.0.B: Trace Attempt 512	[137.94 s]
21.0.N: Trace Attempt 2776	[139.97 s]
21.0.B: Trace Attempt 514	[144.37 s]
21.0.N: Trace Attempt 2792	[145.12 s]
21.0.N: Trace Attempt 2805	[149.52 s]
21.0.B: Trace Attempt 516	[150.33 s]
21.0.N: Trace Attempt 2814	[154.13 s]
21.0.B: Trace Attempt 518	[156.31 s]
21.0.N: Trace Attempt 2822	[158.91 s]
21.0.B: Trace Attempt 520	[163.03 s]
21.0.N: Trace Attempt 2829	[163.57 s]
21.0.N: Trace Attempt 2861	[169.40 s]
21.0.B: Trace Attempt 522	[169.48 s]
21.0.Ht: Trace Attempt 1448	[172.15 s]
21.0.N: Trace Attempt 2867	[173.71 s]
21.0.B: Trace Attempt 524	[175.49 s]
21.0.N: Trace Attempt 2880	[179.73 s]
21.0.B: Stopped processing property "pwm_out.auto_sva_inst.check_data_rdy_set_after_801"	[181.24 s].
21.0.B: Morphing to Tri
21.0.B: Trace Attempt 525	[179.41 s]
21.0.B: All properties determined. [0.00 s]
21.0.B: Exited with Success (@ 0.00 s)
21.0.Tri: clocks: 1, declared: 1, disabling: 0, posedge: 1, negedge: 0, noedge: 0, bothedge: 0
21.0.Tri: Starting proof for property "pwm_out.auto_sva_inst.check_data_rdy_set_after_801"	[0.00 s].
21.0.Tri: Trace Attempt  1	[0.00 s]
21.0.Tri:    0.00" ---- Launching main thread ----
21.0.Tri:    0.22" ---- Launching abstraction thread ----
21.0.Tri:    0.26" ---- Launching multi-phase simplification thread ----
21.0.Tri: Trace Attempt  2	[0.34 s]
21.0.Tri: Trace Attempt  3	[0.34 s]
21.0.Tri: Trace Attempt  4	[0.34 s]
21.0.Tri: Trace Attempt  5	[0.34 s]
21.0.N: Stopped processing property "pwm_out.auto_sva_inst.check_data_rdy_set_after_801"	[181.82 s].
21.0.N: Morphing to AM
21.0.N: Trace Attempt 2882	[180.41 s]
21.0.N: All properties determined. [0.00 s]
21.0.N: Exited with Success (@ 0.00 s)
21.0.AM: clocks: 1, declared: 1, disabling: 0, posedge: 1, negedge: 0, noedge: 0, bothedge: 0
21.0.AM: Starting proof for property "pwm_out.auto_sva_inst.check_data_rdy_set_after_801"	[0.00 s].
21.0.AM: Trace Attempt  1	[0.00 s]
21.0.AM: Trace Attempt  2	[0.00 s]
21.0.AM: Trace Attempt  3	[0.00 s]
21.0.AM: Trace Attempt  4	[0.00 s]
21.0.AM: Trace Attempt  5	[0.00 s]
21.0.AM: Trace Attempt  1	[0.00 s]
21.0.AM: Trace Attempt  2	[0.00 s]
21.0.AM: Trace Attempt  3	[0.00 s]
21.0.AM: Trace Attempt  1	[0.01 s]
21.0.AM: Trace Attempt  2	[0.01 s]
21.0.AM: Trace Attempt  3	[0.01 s]
21.0.AM: Trace Attempt  1	[0.01 s]
21.0.AM: Trace Attempt  2	[0.01 s]
21.0.AM: Trace Attempt  3	[0.01 s]
21.0.Tri: Stopped processing property "pwm_out.auto_sva_inst.check_data_rdy_set_after_801"	[0.61 s].
21.0.Tri: Morphing to I
21.0.Tri: Trace Attempt 692	[0.61 s]
21.0.Tri: All properties determined. [0.00 s]
21.0.Tri: Exited with Success (@ 0.00 s)
21.0.I: clocks: 1, declared: 1, disabling: 0, posedge: 1, negedge: 0, noedge: 0, bothedge: 0
21.0.I: Starting proof for property "pwm_out.auto_sva_inst.check_data_rdy_set_after_801"	[0.00 s].
21.0.I: Trace Attempt 14	[0.00 s]
21.0.I: Trace Attempt  1	[0.00 s]
21.0.I: Trace Attempt  2	[0.00 s]
21.0.I: Trace Attempt  3	[0.01 s]
21.0.I: Trace Attempt  4	[0.01 s]
21.0.AM: Trace Attempt  1	[0.64 s]
21.0.AM: Trace Attempt  2	[0.64 s]
21.0.AM: Trace Attempt  3	[0.64 s]
21.0.AM: Trace Attempt  1	[4.14 s]
21.0.AM: Trace Attempt  2	[4.14 s]
21.0.AM: Trace Attempt  3	[4.14 s]
21.0.AM: Stopped processing property "pwm_out.auto_sva_inst.check_data_rdy_set_after_801"	[4.43 s].
21.0.AM: Morphing to D
21.0.AM: Trace Attempt 101	[4.41 s]
21.0.AM: All properties determined. [0.00 s]
21.0.AM: Exited with Success (@ 0.00 s)
21.0.I: Stopped processing property "pwm_out.auto_sva_inst.check_data_rdy_set_after_801"	[4.28 s].
21.0.I: Morphing to AD
21.0.I: Trace Attempt 51	[0.38 s]
21.0.I: All properties determined. [0.00 s]
21.0.I: Exited with Success (@ 0.00 s)
21.0.AD: clocks: 1, declared: 1, disabling: 0, posedge: 1, negedge: 0, noedge: 0, bothedge: 0
21.0.AD: Starting proof for property "pwm_out.auto_sva_inst.check_data_rdy_set_after_801"	[0.00 s].
21.0.AD: Trace Attempt  1	[0.00 s]
21.0.AD: Trace Attempt  2	[0.00 s]
21.0.AD: Trace Attempt  3	[0.00 s]
21.0.AD: Trace Attempt  4	[0.00 s]
21.0.AD: Trace Attempt  5	[0.00 s]
21.0.AD: Trace Attempt  1	[0.00 s]
21.0.AD: Trace Attempt  2	[0.00 s]
21.0.AD: Trace Attempt  3	[0.00 s]
21.0.AD: Trace Attempt  4	[0.00 s]
21.0.D: clocks: 1, declared: 1, disabling: 0, posedge: 1, negedge: 0, noedge: 0, bothedge: 0
21.0.D: Starting proof for property "pwm_out.auto_sva_inst.check_data_rdy_set_after_801"	[0.00 s].
21.0.AD: Trace Attempt  1	[0.01 s]
21.0.AD: Trace Attempt  2	[0.01 s]
21.0.AD: Trace Attempt  3	[0.01 s]
21.0.D: Trace Attempt  1	[0.00 s]
21.0.D: Trace Attempt  2	[0.00 s]
21.0.AD: Trace Attempt  4	[0.01 s]
21.0.D: Trace Attempt  3	[0.00 s]
21.0.D: Trace Attempt  4	[0.00 s]
21.0.AD: Trace Attempt  1	[0.05 s]
21.0.AD: Trace Attempt  2	[0.05 s]
21.0.AD: Trace Attempt  3	[0.05 s]
21.0.AD: Trace Attempt  4	[0.05 s]
21.0.AD: Trace Attempt 84	[4.06 s]
21.0.D: Trace Attempt 101	[8.05 s]
21.0.AD: Trace Attempt 109	[11.17 s]
21.0.AD: Trace Attempt 126	[19.01 s]
21.0.AD: Trace Attempt 132	[23.11 s]
21.0.AD: Stopped processing property "pwm_out.auto_sva_inst.check_data_rdy_set_after_801"	[23.71 s].
21.0.AD: Morphing to Ncustom1
21.0.AD: All properties determined. [0.00 s]
21.0.AD: Exited with Success (@ 0.00 s)
21.0.Ncustom1: clocks: 1, declared: 1, disabling: 0, posedge: 1, negedge: 0, noedge: 0, bothedge: 0
21.0.Ncustom1: Starting proof for property "pwm_out.auto_sva_inst.check_data_rdy_set_after_801"	[0.00 s].
21.0.Ncustom1: Trace Attempt 601	[0.01 s]
21.0.D: Trace Attempt 152	[44.50 s]
21.0.D: Stopped processing property "pwm_out.auto_sva_inst.check_data_rdy_set_after_801"	[51.67 s].
21.0.D: Morphing to Tri
21.0.D: All properties determined. [0.00 s]
21.0.D: Exited with Success (@ 0.00 s)
21.0.Tri: clocks: 1, declared: 1, disabling: 0, posedge: 1, negedge: 0, noedge: 0, bothedge: 0
21.0.Tri: Starting proof for property "pwm_out.auto_sva_inst.check_data_rdy_set_after_801"	[0.00 s].
21.0.Tri: Trace Attempt  1	[0.00 s]
21.0.Tri:    0.00" ---- Launching main thread ----
21.0.Tri:    0.22" ---- Launching abstraction thread ----
21.0.Tri:    0.25" ---- Launching multi-phase simplification thread ----
21.0.Tri: Trace Attempt  2	[0.33 s]
21.0.Tri: Trace Attempt  3	[0.33 s]
21.0.Tri: Trace Attempt  4	[0.33 s]
21.0.Tri: Trace Attempt  5	[0.33 s]
21.0.Tri:    1.49" Simplification phase 1 complete
21.0.Tri:    1.55" Simplification phase 2 complete
21.0.Tri:    1.61" Simplification phase 3 complete
   1.61" ---- Completed simplification thread ----
   1.61" ---- Restarting main thread on simplified netlist ----
21.0.Tri: Requesting engine job to stop
21.0.Ncustom1: Requesting engine job to stop
21.0.Hp: Requesting engine job to terminate
21.0.Ht: Requesting engine job to terminate
INFO (IPF144): 21: Initiating shutdown of proof [241.06 s]
21.0.Tri: Trace Attempt 4101	[1.13 s]
21.0.Tri: A trace with 4101 cycles was found. [3.05 s]
INFO (IPF055): 21.0.Tri: A counterexample (cex) with 4101 cycles was found for the property "pwm_out.auto_sva_inst.check_data_rdy_set_after_801" in 3.06 s.
21.0.Ht: Interrupted (multi)
21.0.Ht: Trace Attempt 2865	[172.33 s]
21.0.Ht: All properties determined. [240.99 s]
21.0.Hp: Interrupted (multi)
21.0.Hp: Trace Attempt 2728	[128.22 s]
21.0.Hp: All properties determined. [241.06 s]
21.0.Tri: Stopped processing property "pwm_out.auto_sva_inst.check_data_rdy_set_after_801"	[3.06 s].
21.0.Tri: All properties determined. [3.07 s]
21.0.Ht: Exited with Success (@ 241.09 s)
21: ProofGrid usable level: 0
21.0.Hp: Exited with Success (@ 241.09 s)
21.0.Ncustom1: Stopped processing property "pwm_out.auto_sva_inst.check_data_rdy_set_after_801"	[31.12 s].
21.0.Ncustom1: All properties determined. [31.12 s]
21.0.Ncustom1: Exited with Success (@ 241.11 s)
21.0.Tri: Exited with Success (@ 241.11 s)
21: --------------------------------------------------------------
ProofGrid Summary (utilization 99.97 %)
--------------------------------------------------------------
     engines started                               :    10
     engine jobs started                           :     4

    Average time in state (seconds)
    ------------------------------------------------------
    Engine  Pending     Running        Dead    Utilization
    ------------------------------------------------------
     Hp        0.08      241.05        0.00       99.97 %
     Ht        0.07      240.99        0.00       99.97 %
    Tri        0.08      240.52        0.00       99.97 %
    Ncustom1        0.07      240.95        0.00       99.97 %
    all        0.07      240.88        0.00       99.97 %

    Total time in state (seconds)
    -----------------------------------------
            Pending     Running        Dead  
    -----------------------------------------
               0.30      963.51        0.00

    Data read    : 3.15 MiB
    Data written : 168.53 kiB

21: All pending notifications were processed.
INFO (IPF059): Completed proof on task: "<embedded>" for proof thread 21
INFO (IVS015): Setting Visualize task to "<embedded>".
INFO (IVS008): Expanding analysis region to enable visualization of "<embedded>::pwm_out.auto_sva_inst.check_data_rdy_set_after_801".
INFO (IPF031): Settings used for proof thread 22:
    orchestration                 = off (auto)
    time_limit                    = 3600s
    per_property_time_limit       = 1s * 10 ^ scan
    engine_mode                   = Ht Hp B N 
    proofgrid_per_engine_max_jobs = 1
    max engine jobs               = Ht Hp B N, total 2
    proofgrid_mode                = local
    proofgrid_restarts            = 10
ERROR (EVS053): No trace satisfying these configurations exists for any max_length.
WARNING (WVS028): Saved trace only contains values for the target's COI.
    Use "set_trace_optimization standard" before running Visualize to save values for the full design.
DEBUG: Approach 1 (force re-prove) failed: ERROR (EVS125): No Visualize trace is available for "visualize -save -vcd".

DEBUG: Approach 2 (-new_trace) failed: ERROR (ESW104): Invalid command formation.
    Problem occurs with "-violation -new_trace".

INFO (IPF036): Starting proof on task: "<embedded>", 1 properties to prove with 0 already proven/unreachable
INFO (IPF031): Settings used for proof thread 23:
    orchestration                 = on (auto)
    time_limit                    = 3600s
    per_property_time_limit       = 1s * 10 ^ scan
    engine_mode                   = auto
    proofgrid_per_engine_max_jobs = 1
    max engine jobs               = auto
    proofgrid_mode                = local
    proofgrid_restarts            = 10
23: Using multistage preprocessing
23: Starting reduce
23: Finished reduce in 0s
23.0.PRE: Performing Proof Simplification...
23.0.N: clocks: 2, declared: 1, disabling: 0, posedge: 2, negedge: 0, noedge: 0, bothedge: 0
23.0.N: Proof Simplification Iteration 1	[0.00 s]
23.0.N: Proof Simplification Iteration 2	[0.00 s]
23.0.N: Proof Simplification Iteration 3	[0.00 s]
23.0.PRE: A proof was found: No trace exists. [0.00 s]
INFO (IPF057): 23.0.PRE: The property ":noDeadEnd" was proven in 0.00 s.
    Use check_assumptions -show -dead_end to show this property in the property table.
23.0.PRE: Proof Simplification completed in 0.00 s
23: About to start ProofGrid in its own thread with a limit of 10000 pending notifications and a limit of 10 traces.
23: =============================== ProofGrid start ===============================
23: ProofGrid usable level: 1
23: ProofGrid is starting event handling
23.0.Hp: Proofgrid shell started at 1493938@della-h14n3(local) jg_1472634_della-h14n3_24
23.0.N: Proofgrid shell started at 1493937@della-h14n3(local) jg_1472634_della-h14n3_24
23.0.Hp: OS RSS memory limit : 68719476736 / 68719476736
23.0.N: OS RSS memory limit : 68719476736 / 68719476736
23.0.Hp: clocks: 1, declared: 1, disabling: 0, posedge: 1, negedge: 0, noedge: 0, bothedge: 0
23.0.Hp: Trace Attempt  1	[0.00 s]
23.0.Hp: Trace Attempt  2	[0.00 s]
23.0.Hp: Trace Attempt  3	[0.00 s]
23.0.Hp: Trace Attempt  4	[0.00 s]
23.0.Hp: Trace Attempt  5	[0.00 s]
23.0.N: clocks: 1, declared: 1, disabling: 0, posedge: 1, negedge: 0, noedge: 0, bothedge: 0
23.0.N: Last scan. Per property time limit: 0s
23.0.N: Starting proof for property "pwm_out.auto_sva_inst.check_data_rdy_set_after_801"	[0.00 s].
23.0.N: Trace Attempt  1	[0.00 s]
23.0.N: A max_length bound was found. The shortest trace is no longer than 65536 cycles. [0.00 s]
INFO (IPF008): 23.0.N: A max_length bound of 65536 was found for the property "pwm_out.auto_sva_inst.check_data_rdy_set_after_801" in 0.00 s.
23.0.N: Trace Attempt  2	[0.00 s]
23.0.N: Trace Attempt  2	[0.00 s]
23.0.N: Trace Attempt  3	[0.00 s]
23.0.N: Trace Attempt  4	[0.00 s]
23.0.N: Trace Attempt  4	[0.00 s]
23.0.N: Trace Attempt  5	[0.00 s]
23.0.N: Trace Attempt  1	[0.01 s]
23.0.N: Trace Attempt  2	[0.01 s]
23.0.N: Trace Attempt  3	[0.01 s]
23.0.Ht: Proofgrid shell started at 1493951@della-h14n3(local) jg_1472634_della-h14n3_24
23.0.Ht: OS RSS memory limit : 68719476736 / 68719476736
23.0.Ht: clocks: 1, declared: 1, disabling: 0, posedge: 1, negedge: 0, noedge: 0, bothedge: 0
23.0.Ht: Trace Attempt  1	[0.00 s]
23.0.Ht: Trace Attempt  2	[0.00 s]
23.0.Ht: Trace Attempt  3	[0.00 s]
23.0.Ht: Trace Attempt  4	[0.00 s]
23.0.Ht: Trace Attempt  5	[0.00 s]
23.0.B: Proofgrid shell started at 1493952@della-h14n3(local) jg_1472634_della-h14n3_24
23.0.B: OS RSS memory limit : 68719476736 / 68719476736
23.0.B: clocks: 1, declared: 1, disabling: 0, posedge: 1, negedge: 0, noedge: 0, bothedge: 0
23.0.B: Last scan. Per property time limit: 0s
23.0.B: Starting proof for property "pwm_out.auto_sva_inst.check_data_rdy_set_after_801"	[0.00 s].
23.0.B: Trace Attempt  1	[0.00 s]
23.0.B: Trace Attempt  2	[0.00 s]
23.0.B: Trace Attempt  3	[0.00 s]
23.0.B: Trace Attempt  4	[0.00 s]
23.0.B: Trace Attempt  5	[0.00 s]
23.0.Hp: Trace Attempt 259	[4.07 s]
23.0.N: Trace Attempt 406	[4.20 s]
23.0.B: Trace Attempt 306	[4.23 s]
23.0.Ht: Trace Attempt 332	[5.16 s]
23.0.B: Trace Attempt 392	[8.51 s]
23.0.Ht: Trace Attempt 569	[12.35 s]
23.0.B: Trace Attempt 420	[12.83 s]
23.0.Hp: Trace Attempt 402	[14.71 s]
23.0.B: Trace Attempt 428	[17.06 s]
23.0.Ht: Trace Attempt 764	[17.13 s]
23.0.Ht: Trace Attempt 873	[21.20 s]
23.0.B: Trace Attempt 436	[21.42 s]
23.0.Ht: Trace Attempt 965	[25.65 s]
23.0.B: Trace Attempt 441	[26.21 s]
23.0.Ht: Trace Attempt 1049	[30.04 s]
23.0.B: Trace Attempt 445	[31.07 s]
23.0.Ht: Trace Attempt 1096	[34.05 s]
23.0.B: Trace Attempt 450	[35.63 s]
23.0.Hp: Trace Attempt 710	[36.74 s]
23.0.Ht: Trace Attempt 1140	[38.16 s]
23.0.B: Trace Attempt 453	[39.76 s]
23.0.Ht: Trace Attempt 1177	[42.18 s]
23.0.B: Trace Attempt 458	[43.97 s]
23.0.Ht: Trace Attempt 1221	[46.29 s]
23.0.B: Trace Attempt 463	[48.55 s]
23.0.Ht: Trace Attempt 1257	[50.31 s]
23.0.B: Trace Attempt 468	[52.85 s]
23.0.Ht: Trace Attempt 1294	[54.32 s]
23.0.B: Trace Attempt 473	[58.45 s]
23.0.Ht: Trace Attempt 1317	[59.27 s]
23.0.N: Trace Attempt 602	[60.06 s]
23.0.N: Trace Attempt  1	[60.37 s]
23.0.N: Trace Attempt  2	[60.37 s]
23.0.N: Trace Attempt  3	[60.37 s]
23.0.Ht: Trace Attempt 1356	[63.30 s]
23.0.B: Trace Attempt 477	[63.74 s]
23.0.N: Trace Attempt 467	[66.37 s]
23.0.Ht: Trace Attempt 1392	[67.32 s]
23.0.B: Trace Attempt 481	[68.36 s]
23.0.N: Trace Attempt 747	[70.74 s]
23.0.Ht: Trace Attempt 1408	[71.85 s]
23.0.Hp: Trace Attempt 1129	[72.92 s]
23.0.B: Trace Attempt 485	[73.23 s]
23.0.N: Trace Attempt 906	[75.42 s]
23.0.Ht: Trace Attempt 1443	[75.99 s]
23.0.B: Trace Attempt 489	[77.51 s]
23.0.N: Trace Attempt 1263	[79.42 s]
23.0.Ht: Trace Attempt 1477	[80.03 s]
23.0.B: Trace Attempt 492	[83.68 s]
23.0.N: Trace Attempt 1448	[83.94 s]
23.0.Ht: Trace Attempt 1497	[86.94 s]
23.0.N: Trace Attempt 1631	[87.95 s]
23.0.B: Trace Attempt 495	[88.33 s]
23.0.N: Trace Attempt 1829	[92.80 s]
23.0.B: Trace Attempt 498	[94.43 s]
23.0.N: Trace Attempt 1997	[96.80 s]
23.0.B: Trace Attempt 500	[100.66 s]
23.0.N: Trace Attempt 2084	[100.80 s]
23.0.N: Trace Attempt 2396	[104.82 s]
23.0.B: Trace Attempt 502	[107.24 s]
23.0.N: Trace Attempt 2569	[108.86 s]
23.0.Ht: Trace Attempt 1623	[110.89 s]
23.0.B: Trace Attempt 504	[112.24 s]
23.0.N: Trace Attempt 2622	[112.87 s]
23.0.N: Trace Attempt 2662	[117.45 s]
23.0.B: Trace Attempt 506	[117.83 s]
23.0.N: Trace Attempt 2683	[122.17 s]
23.0.B: Trace Attempt 508	[123.18 s]
23.0.N: Trace Attempt 2716	[126.67 s]
23.0.B: Trace Attempt 510	[128.91 s]
23.0.N: Trace Attempt 2739	[131.00 s]
23.0.B: Trace Attempt 512	[134.13 s]
23.0.N: Trace Attempt 2762	[135.48 s]
23.0.N: Trace Attempt 2780	[139.48 s]
23.0.B: Trace Attempt 514	[140.06 s]
23.0.N: Trace Attempt 2792	[144.41 s]
23.0.B: Trace Attempt 516	[145.74 s]
23.0.N: Trace Attempt 2805	[148.75 s]
23.0.B: Trace Attempt 518	[151.38 s]
23.0.Hp: Trace Attempt 1419	[152.10 s]
23.0.N: Trace Attempt 2814	[153.28 s]
23.0.B: Trace Attempt 520	[157.68 s]
23.0.N: Trace Attempt 2822	[158.00 s]
23.0.N: Trace Attempt 2829	[162.57 s]
23.0.B: Trace Attempt 522	[163.94 s]
23.0.N: Trace Attempt 2861	[168.35 s]
23.0.B: Trace Attempt 524	[169.95 s]
23.0.N: Trace Attempt 2867	[172.61 s]
23.0.B: Trace Attempt 526	[176.96 s]
23.0.N: Trace Attempt 2880	[178.55 s]
23.0.N: Stopped processing property "pwm_out.auto_sva_inst.check_data_rdy_set_after_801"	[181.57 s].
23.0.N: Morphing to AM
23.0.N: Trace Attempt 2885	[180.57 s]
23.0.N: All properties determined. [0.00 s]
23.0.N: Exited with Success (@ 0.00 s)
23.0.AM: clocks: 1, declared: 1, disabling: 0, posedge: 1, negedge: 0, noedge: 0, bothedge: 0
23.0.AM: Starting proof for property "pwm_out.auto_sva_inst.check_data_rdy_set_after_801"	[0.00 s].
23.0.AM: Trace Attempt  1	[0.00 s]
23.0.AM: Trace Attempt  2	[0.00 s]
23.0.AM: Trace Attempt  3	[0.00 s]
23.0.AM: Trace Attempt  4	[0.00 s]
23.0.AM: Trace Attempt  5	[0.00 s]
23.0.AM: Trace Attempt  1	[0.00 s]
23.0.AM: Trace Attempt  2	[0.00 s]
23.0.AM: Trace Attempt  3	[0.00 s]
23.0.B: Stopped processing property "pwm_out.auto_sva_inst.check_data_rdy_set_after_801"	[181.50 s].
23.0.B: Morphing to Tri
23.0.B: Trace Attempt 527	[180.39 s]
23.0.B: All properties determined. [0.00 s]
23.0.B: Exited with Success (@ 0.00 s)
23.0.Tri: clocks: 1, declared: 1, disabling: 0, posedge: 1, negedge: 0, noedge: 0, bothedge: 0
23.0.AM: Trace Attempt  1	[0.01 s]
23.0.AM: Trace Attempt  2	[0.01 s]
23.0.AM: Trace Attempt  3	[0.01 s]
23.0.AM: Trace Attempt  1	[0.01 s]
23.0.AM: Trace Attempt  2	[0.02 s]
23.0.AM: Trace Attempt  3	[0.02 s]
23.0.Tri: Starting proof for property "pwm_out.auto_sva_inst.check_data_rdy_set_after_801"	[0.00 s].
23.0.Tri: Trace Attempt  1	[0.00 s]
23.0.Tri:    0.00" ---- Launching main thread ----
23.0.Tri:    0.22" ---- Launching abstraction thread ----
23.0.Tri:    0.25" ---- Launching multi-phase simplification thread ----
23.0.Tri: Trace Attempt  2	[0.34 s]
23.0.Tri: Trace Attempt  3	[0.34 s]
23.0.Tri: Trace Attempt  4	[0.34 s]
23.0.Tri: Trace Attempt  5	[0.34 s]
23.0.Tri: Stopped processing property "pwm_out.auto_sva_inst.check_data_rdy_set_after_801"	[0.34 s].
23.0.Tri: Morphing to I
23.0.Tri: Trace Attempt 43	[0.34 s]
23.0.Tri: All properties determined. [0.00 s]
23.0.Tri: Exited with Success (@ 0.00 s)
23.0.I: clocks: 1, declared: 1, disabling: 0, posedge: 1, negedge: 0, noedge: 0, bothedge: 0
23.0.I: Starting proof for property "pwm_out.auto_sva_inst.check_data_rdy_set_after_801"	[0.00 s].
23.0.I: Trace Attempt 14	[0.00 s]
23.0.I: Trace Attempt  1	[0.00 s]
23.0.I: Trace Attempt  2	[0.01 s]
23.0.I: Trace Attempt  3	[0.01 s]
23.0.I: Trace Attempt  4	[0.01 s]
23.0.AM: Trace Attempt  1	[0.62 s]
23.0.AM: Trace Attempt  2	[0.62 s]
23.0.AM: Trace Attempt  3	[0.62 s]
23.0.AM: Trace Attempt  1	[4.01 s]
23.0.AM: Trace Attempt  2	[4.01 s]
23.0.AM: Trace Attempt  3	[4.01 s]
23.0.AM: Stopped processing property "pwm_out.auto_sva_inst.check_data_rdy_set_after_801"	[4.51 s].
23.0.AM: Morphing to D
23.0.AM: Trace Attempt 121	[4.49 s]
23.0.AM: All properties determined. [0.00 s]
23.0.AM: Exited with Success (@ 0.00 s)
23.0.I: Stopped processing property "pwm_out.auto_sva_inst.check_data_rdy_set_after_801"	[4.11 s].
23.0.I: Morphing to AD
23.0.I: Trace Attempt 51	[0.38 s]
23.0.I: All properties determined. [0.00 s]
23.0.I: Exited with Success (@ 0.00 s)
23.0.D: clocks: 1, declared: 1, disabling: 0, posedge: 1, negedge: 0, noedge: 0, bothedge: 0
23.0.D: Starting proof for property "pwm_out.auto_sva_inst.check_data_rdy_set_after_801"	[0.00 s].
23.0.D: Trace Attempt  1	[0.00 s]
23.0.D: Trace Attempt  2	[0.00 s]
23.0.AD: clocks: 1, declared: 1, disabling: 0, posedge: 1, negedge: 0, noedge: 0, bothedge: 0
23.0.AD: Starting proof for property "pwm_out.auto_sva_inst.check_data_rdy_set_after_801"	[0.00 s].
23.0.AD: Trace Attempt  1	[0.00 s]
23.0.AD: Trace Attempt  2	[0.00 s]
23.0.AD: Trace Attempt  3	[0.00 s]
23.0.AD: Trace Attempt  4	[0.00 s]
23.0.AD: Trace Attempt  5	[0.00 s]
23.0.D: Trace Attempt  3	[0.00 s]
23.0.D: Trace Attempt  4	[0.00 s]
23.0.AD: Trace Attempt  1	[0.00 s]
23.0.AD: Trace Attempt  2	[0.00 s]
23.0.AD: Trace Attempt  3	[0.00 s]
23.0.AD: Trace Attempt  4	[0.00 s]
23.0.AD: Trace Attempt  1	[0.01 s]
23.0.AD: Trace Attempt  2	[0.01 s]
23.0.AD: Trace Attempt  3	[0.01 s]
23.0.AD: Trace Attempt  4	[0.01 s]
23.0.AD: Trace Attempt  1	[0.05 s]
23.0.AD: Trace Attempt  2	[0.05 s]
23.0.AD: Trace Attempt  3	[0.05 s]
23.0.AD: Trace Attempt  4	[0.05 s]
23.0.D: Trace Attempt 101	[7.91 s]
23.0.AD: Trace Attempt 109	[10.90 s]
23.0.AD: Trace Attempt 126	[18.49 s]
23.0.AD: Trace Attempt 133	[23.30 s]
23.0.AD: Stopped processing property "pwm_out.auto_sva_inst.check_data_rdy_set_after_801"	[23.63 s].
23.0.AD: Morphing to Ncustom1
23.0.AD: Trace Attempt 24	[23.63 s]
23.0.AD: All properties determined. [0.00 s]
23.0.AD: Exited with Success (@ 0.00 s)
23.0.Ncustom1: clocks: 1, declared: 1, disabling: 0, posedge: 1, negedge: 0, noedge: 0, bothedge: 0
23.0.Ncustom1: Starting proof for property "pwm_out.auto_sva_inst.check_data_rdy_set_after_801"	[0.00 s].
23.0.Ncustom1: Trace Attempt 601	[0.01 s]
23.0.D: Trace Attempt 152	[43.44 s]
23.0.D: Stopped processing property "pwm_out.auto_sva_inst.check_data_rdy_set_after_801"	[50.89 s].
23.0.D: Morphing to Tri
23.0.D: All properties determined. [0.00 s]
23.0.D: Exited with Success (@ 0.00 s)
23.0.Tri: clocks: 1, declared: 1, disabling: 0, posedge: 1, negedge: 0, noedge: 0, bothedge: 0
23.0.Tri: Starting proof for property "pwm_out.auto_sva_inst.check_data_rdy_set_after_801"	[0.00 s].
23.0.Tri: Trace Attempt  1	[0.00 s]
23.0.Tri:    0.00" ---- Launching main thread ----
23.0.Tri:    0.22" ---- Launching abstraction thread ----
23.0.Tri:    0.25" ---- Launching multi-phase simplification thread ----
23.0.Tri: Trace Attempt  2	[0.33 s]
23.0.Tri: Trace Attempt  3	[0.33 s]
23.0.Tri: Trace Attempt  4	[0.34 s]
23.0.Tri: Trace Attempt  5	[0.34 s]
23.0.Tri: Requesting engine job to stop
23.0.Ncustom1: Requesting engine job to stop
23.0.Hp: Requesting engine job to terminate
23.0.Ht: Requesting engine job to terminate
INFO (IPF144): 23: Initiating shutdown of proof [238.07 s]
23.0.Tri: Trace Attempt 4101	[1.00 s]
23.0.Tri: A trace with 4101 cycles was found. [1.00 s]
INFO (IPF055): 23.0.Tri: A counterexample (cex) with 4101 cycles was found for the property "pwm_out.auto_sva_inst.check_data_rdy_set_after_801" in 1.01 s.
23.0.Ht: Interrupted (multi)
23.0.Ht: Trace Attempt 2601	[111.01 s]
23.0.Ht: All properties determined. [238.01 s]
23.0.Hp: Interrupted (multi)
23.0.Hp: Trace Attempt 2813	[152.29 s]
23.0.Hp: All properties determined. [238.07 s]
23.0.Ht: Exited with Success (@ 238.09 s)
23: ProofGrid usable level: 0
23.0.Tri: Stopped processing property "pwm_out.auto_sva_inst.check_data_rdy_set_after_801"	[1.02 s].
23.0.Tri: All properties determined. [1.02 s]
23.0.Hp: Exited with Success (@ 238.11 s)
23.0.Ncustom1: Stopped processing property "pwm_out.auto_sva_inst.check_data_rdy_set_after_801"	[28.38 s].
23.0.Ncustom1: All properties determined. [28.38 s]
23.0.Ncustom1: Exited with Success (@ 238.15 s)
23.0.Tri: Exited with Success (@ 238.15 s)
23: --------------------------------------------------------------
ProofGrid Summary (utilization 99.96 %)
--------------------------------------------------------------
     engines started                               :    10
     engine jobs started                           :     4

    Average time in state (seconds)
    ------------------------------------------------------
    Engine  Pending     Running        Dead    Utilization
    ------------------------------------------------------
     Hp        0.12      238.07        0.00       99.95 %
     Ht        0.07      238.01        0.00       99.97 %
    Tri        0.12      237.55        0.00       99.95 %
    Ncustom1        0.08      237.96        0.00       99.97 %
    all        0.10      237.90        0.00       99.96 %

    Total time in state (seconds)
    -----------------------------------------
            Pending     Running        Dead  
    -----------------------------------------
               0.40      951.60        0.00

    Data read    : 3.16 MiB
    Data written : 168.54 kiB

23: All pending notifications were processed.
INFO (IPF059): Completed proof on task: "<embedded>" for proof thread 23
INFO (IVS015): Setting Visualize task to "<embedded>".
INFO (IVS008): Expanding analysis region to enable visualization of "<embedded>::pwm_out.auto_sva_inst.check_data_rdy_set_after_801".
INFO (IPF031): Settings used for proof thread 24:
    orchestration                 = off (auto)
    time_limit                    = 3600s
    per_property_time_limit       = 1s * 10 ^ scan
    engine_mode                   = Ht Hp B N 
    proofgrid_per_engine_max_jobs = 1
    max engine jobs               = Ht Hp B N, total 2
    proofgrid_mode                = local
    proofgrid_restarts            = 10
ERROR (EVS053): No trace satisfying these configurations exists for any max_length.
WARNING (WVS028): Saved trace only contains values for the target's COI.
    Use "set_trace_optimization standard" before running Visualize to save values for the full design.
DEBUG: Approach 3 (auto engine) failed: ERROR (EVS125): No Visualize trace is available for "visualize -save -vcd".

WARN: Could not dump VCD for <embedded>::pwm_out.auto_sva_inst.check_data_rdy_set_after_801 (all approaches failed)
INFO (IPF036): Starting proof on task: "<embedded>", 1 properties to prove with 0 already proven/unreachable
INFO (IPF031): Settings used for proof thread 25:
    orchestration                 = on (auto)
    time_limit                    = 3600s
    per_property_time_limit       = 1s * 10 ^ scan
    engine_mode                   = auto
    proofgrid_per_engine_max_jobs = 1
    max engine jobs               = auto
    proofgrid_mode                = local
    proofgrid_restarts            = 10
25: Using multistage preprocessing
25: Starting reduce
25: Finished reduce in 0s
25.0.PRE: Performing Proof Simplification...
25.0.N: clocks: 2, declared: 1, disabling: 0, posedge: 2, negedge: 0, noedge: 0, bothedge: 0
25.0.N: Proof Simplification Iteration 1	[0.00 s]
25.0.N: Proof Simplification Iteration 2	[0.00 s]
25.0.PRE: A proof was found: No trace exists. [0.00 s]
INFO (IPF057): 25.0.PRE: The property ":noDeadEnd" was proven in 0.00 s.
    Use check_assumptions -show -dead_end to show this property in the property table.
25.0.PRE: Proof Simplification completed in 0.00 s
25: About to start ProofGrid in its own thread with a limit of 10000 pending notifications and a limit of 10 traces.
25: =============================== ProofGrid start ===============================
25: ProofGrid usable level: 1
25: ProofGrid is starting event handling
25.0.N: Proofgrid shell started at 1495175@della-h14n3(local) jg_1472634_della-h14n3_26
25.0.Hp: Proofgrid shell started at 1495176@della-h14n3(local) jg_1472634_della-h14n3_26
25.0.N: OS RSS memory limit : 68719476736 / 68719476736
25.0.Hp: OS RSS memory limit : 68719476736 / 68719476736
25.0.N: clocks: 1, declared: 1, disabling: 0, posedge: 1, negedge: 0, noedge: 0, bothedge: 0
25.0.N: Last scan. Per property time limit: 0s
25.0.N: Starting proof for property "pwm_out.auto_sva_inst.check_data_rdy_holds_until_fff"	[0.00 s].
25.0.N: Trace Attempt  1	[0.00 s]
25.0.N: A max_length bound was found. The shortest trace is no longer than 8 cycles. [0.00 s]
INFO (IPF008): 25.0.N: A max_length bound of 8 was found for the property "pwm_out.auto_sva_inst.check_data_rdy_holds_until_fff" in 0.00 s.
25.0.N: Trace Attempt  2	[0.00 s]
25.0.N: Trace Attempt  2	[0.00 s]
25.0.N: Trace Attempt  3	[0.00 s]
25.0.N: Trace Attempt  3	[0.00 s]
25.0.N: Requesting engine job to stop
25.0.Hp: Requesting engine job to terminate
INFO (IPF144): 25: Initiating shutdown of proof [0.00 s]
25.0.N: A trace with 3 cycles was found. [0.00 s]
INFO (IPF055): 25.0.N: A counterexample (cex) with 3 cycles was found for the property "pwm_out.auto_sva_inst.check_data_rdy_holds_until_fff" in 0.00 s.
25.0.N: Stopped processing property "pwm_out.auto_sva_inst.check_data_rdy_holds_until_fff"	[0.00 s].
25.0.N: All properties determined. [0.00 s]
25.0.Hp: Interrupted. [0.00 s]
25.0.Ht: Proofgrid shell started at 1495189@della-h14n3(local) jg_1472634_della-h14n3_26
25.0.Ht: Requesting engine job to terminate
25.0.N: Exited with Success (@ 0.06 s)
25: ProofGrid usable level: 0
25.0.Hp: Exited with Success (@ 0.06 s)
25.0.Ht: Interrupted. [0.01 s]
25.0.B: Proofgrid shell started at 1495190@della-h14n3(local) jg_1472634_della-h14n3_26
25.0.B: Requesting engine job to terminate
25.0.Ht: Exited with Success (@ 0.06 s)
25.0.B: Interrupted. [0.01 s]
25.0.B: Exited with Success (@ 0.07 s)
25: --------------------------------------------------------------
ProofGrid Summary (utilization 0.41 %)
--------------------------------------------------------------
     engines started                               :     4
     engine jobs started                           :     4

    Average time in state (seconds)
    ------------------------------------------------------
    Engine  Pending     Running        Dead    Utilization
    ------------------------------------------------------
      N        0.09        0.00        0.00        1.25 %
     Hp        0.09        0.00        0.00        0.09 %
     Ht        0.06        0.00        0.00        0.00 %
      B        0.06        0.00        0.00        0.00 %
    all        0.08        0.00        0.00        0.41 %

    Total time in state (seconds)
    -----------------------------------------
            Pending     Running        Dead  
    -----------------------------------------
               0.32        0.00        0.00

    Data read    : 1.76 kiB
    Data written : 1.34 kiB

25: All pending notifications were processed.
INFO (IPF059): Completed proof on task: "<embedded>" for proof thread 25
INFO (IVS015): Setting Visualize task to "<embedded>".
INFO (IVS008): Expanding analysis region to enable visualization of "<embedded>::pwm_out.auto_sva_inst.check_data_rdy_holds_until_fff".
INFO (IPF031): Settings used for proof thread 26:
    orchestration                 = off (auto)
    time_limit                    = 3600s
    per_property_time_limit       = 1s * 10 ^ scan
    engine_mode                   = Ht Hp B N 
    proofgrid_per_engine_max_jobs = 1
    max engine jobs               = Ht Hp B N, total 2
    proofgrid_mode                = local
    proofgrid_restarts            = 10
ERROR (EVS053): No trace satisfying these configurations exists for any max_length.
WARNING (WVS028): Saved trace only contains values for the target's COI.
    Use "set_trace_optimization standard" before running Visualize to save values for the full design.
DEBUG: Approach 1 (force re-prove) failed: ERROR (EVS125): No Visualize trace is available for "visualize -save -vcd".

DEBUG: Approach 2 (-new_trace) failed: ERROR (ESW104): Invalid command formation.
    Problem occurs with "-violation -new_trace".

INFO (IPF036): Starting proof on task: "<embedded>", 1 properties to prove with 0 already proven/unreachable
INFO (IPF031): Settings used for proof thread 27:
    orchestration                 = on (auto)
    time_limit                    = 3600s
    per_property_time_limit       = 1s * 10 ^ scan
    engine_mode                   = auto
    proofgrid_per_engine_max_jobs = 1
    max engine jobs               = auto
    proofgrid_mode                = local
    proofgrid_restarts            = 10
27: Using multistage preprocessing
27: Starting reduce
27: Finished reduce in 0s
27.0.PRE: Performing Proof Simplification...
27.0.N: clocks: 2, declared: 1, disabling: 0, posedge: 2, negedge: 0, noedge: 0, bothedge: 0
27.0.N: Proof Simplification Iteration 1	[0.00 s]
27.0.N: Proof Simplification Iteration 2	[0.00 s]
27.0.PRE: A proof was found: No trace exists. [0.00 s]
INFO (IPF057): 27.0.PRE: The property ":noDeadEnd" was proven in 0.00 s.
    Use check_assumptions -show -dead_end to show this property in the property table.
27.0.PRE: Proof Simplification completed in 0.00 s
27: About to start ProofGrid in its own thread with a limit of 10000 pending notifications and a limit of 10 traces.
27: =============================== ProofGrid start ===============================
27: ProofGrid usable level: 1
27: ProofGrid is starting event handling
27.0.N: Proofgrid shell started at 1495213@della-h14n3(local) jg_1472634_della-h14n3_28
27.0.Hp: Proofgrid shell started at 1495214@della-h14n3(local) jg_1472634_della-h14n3_28
27.0.N: OS RSS memory limit : 68719476736 / 68719476736
27.0.N: clocks: 1, declared: 1, disabling: 0, posedge: 1, negedge: 0, noedge: 0, bothedge: 0
27.0.Hp: OS RSS memory limit : 68719476736 / 68719476736
27.0.N: Last scan. Per property time limit: 0s
27.0.N: Starting proof for property "pwm_out.auto_sva_inst.check_data_rdy_holds_until_fff"	[0.00 s].
27.0.Hp: clocks: 1, declared: 1, disabling: 0, posedge: 1, negedge: 0, noedge: 0, bothedge: 0
27.0.N: Trace Attempt  1	[0.00 s]
27.0.N: A max_length bound was found. The shortest trace is no longer than 8 cycles. [0.00 s]
INFO (IPF008): 27.0.N: A max_length bound of 8 was found for the property "pwm_out.auto_sva_inst.check_data_rdy_holds_until_fff" in 0.00 s.
27.0.N: Trace Attempt  2	[0.00 s]
27.0.N: Trace Attempt  2	[0.00 s]
27.0.N: Trace Attempt  3	[0.00 s]
27.0.N: Trace Attempt  3	[0.00 s]
27.0.N: Requesting engine job to stop
27.0.Hp: Requesting engine job to terminate
INFO (IPF144): 27: Initiating shutdown of proof [0.00 s]
27.0.N: A trace with 3 cycles was found. [0.00 s]
INFO (IPF055): 27.0.N: A counterexample (cex) with 3 cycles was found for the property "pwm_out.auto_sva_inst.check_data_rdy_holds_until_fff" in 0.00 s.
27.0.N: Stopped processing property "pwm_out.auto_sva_inst.check_data_rdy_holds_until_fff"	[0.00 s].
27.0.N: All properties determined. [0.00 s]
27.0.Hp: Interrupted (multi)
27.0.Hp: All properties determined. [0.00 s]
27.0.B: Proofgrid shell started at 1495228@della-h14n3(local) jg_1472634_della-h14n3_28
27.0.B: Requesting engine job to terminate
27.0.N: Exited with Success (@ 0.07 s)
27: ProofGrid usable level: 0
27.0.Hp: Exited with Success (@ 0.07 s)
27.0.B: Interrupted. [0.01 s]
27.0.Ht: Proofgrid shell started at 1495227@della-h14n3(local) jg_1472634_della-h14n3_28
27.0.Ht: Requesting engine job to terminate
27.0.Ht: Interrupted. [0.01 s]
27.0.B: Exited with Success (@ 0.07 s)
27.0.Ht: Exited with Success (@ 0.07 s)
27: --------------------------------------------------------------
ProofGrid Summary (utilization 0.72 %)
--------------------------------------------------------------
     engines started                               :     4
     engine jobs started                           :     4

    Average time in state (seconds)
    ------------------------------------------------------
    Engine  Pending     Running        Dead    Utilization
    ------------------------------------------------------
      N        0.06        0.00        0.00        1.77 %
     Hp        0.06        0.00        0.00        1.10 %
     Ht        0.07        0.00        0.00        0.00 %
      B        0.06        0.00        0.00        0.00 %
    all        0.06        0.00        0.00        0.72 %

    Total time in state (seconds)
    -----------------------------------------
            Pending     Running        Dead  
    -----------------------------------------
               0.26        0.00        0.00

    Data read    : 2.01 kiB
    Data written : 1.35 kiB

27: All pending notifications were processed.
INFO (IPF059): Completed proof on task: "<embedded>" for proof thread 27
INFO (IVS015): Setting Visualize task to "<embedded>".
INFO (IVS008): Expanding analysis region to enable visualization of "<embedded>::pwm_out.auto_sva_inst.check_data_rdy_holds_until_fff".
INFO (IPF031): Settings used for proof thread 28:
    orchestration                 = off (auto)
    time_limit                    = 3600s
    per_property_time_limit       = 1s * 10 ^ scan
    engine_mode                   = Ht Hp B N 
    proofgrid_per_engine_max_jobs = 1
    max engine jobs               = Ht Hp B N, total 2
    proofgrid_mode                = local
    proofgrid_restarts            = 10
ERROR (EVS053): No trace satisfying these configurations exists for any max_length.
WARNING (WVS028): Saved trace only contains values for the target's COI.
    Use "set_trace_optimization standard" before running Visualize to save values for the full design.
DEBUG: Approach 3 (auto engine) failed: ERROR (EVS125): No Visualize trace is available for "visualize -save -vcd".

WARN: Could not dump VCD for <embedded>::pwm_out.auto_sva_inst.check_data_rdy_holds_until_fff (all approaches failed)
INFO (IPF036): Starting proof on task: "<embedded>", 1 properties to prove with 0 already proven/unreachable
INFO (IPF031): Settings used for proof thread 29:
    orchestration                 = on (auto)
    time_limit                    = 3600s
    per_property_time_limit       = 1s * 10 ^ scan
    engine_mode                   = auto
    proofgrid_per_engine_max_jobs = 1
    max engine jobs               = auto
    proofgrid_mode                = local
    proofgrid_restarts            = 10
29: Using multistage preprocessing
29: Starting reduce
29: Finished reduce in 0s
29.0.PRE: Performing Proof Simplification...
29.0.N: clocks: 2, declared: 1, disabling: 0, posedge: 2, negedge: 0, noedge: 0, bothedge: 0
29.0.N: Proof Simplification Iteration 1	[0.00 s]
29.0.N: Proof Simplification Iteration 2	[0.00 s]
29.0.PRE: A proof was found: No trace exists. [0.00 s]
INFO (IPF057): 29.0.PRE: The property ":noDeadEnd" was proven in 0.00 s.
    Use check_assumptions -show -dead_end to show this property in the property table.
29.0.PRE: Proof Simplification completed in 0.00 s
29: About to start ProofGrid in its own thread with a limit of 10000 pending notifications and a limit of 10 traces.
29: =============================== ProofGrid start ===============================
29: ProofGrid usable level: 1
29: ProofGrid is starting event handling
29.0.Hp: Proofgrid shell started at 1495252@della-h14n3(local) jg_1472634_della-h14n3_30
29.0.N: Proofgrid shell started at 1495251@della-h14n3(local) jg_1472634_della-h14n3_30
29.0.Hp: OS RSS memory limit : 68719476736 / 68719476736
29.0.N: OS RSS memory limit : 68719476736 / 68719476736
29.0.Hp: clocks: 1, declared: 1, disabling: 0, posedge: 1, negedge: 0, noedge: 0, bothedge: 0
29.0.N: clocks: 1, declared: 1, disabling: 0, posedge: 1, negedge: 0, noedge: 0, bothedge: 0
29.0.N: Last scan. Per property time limit: 0s
29.0.N: Starting proof for property "pwm_out.auto_sva_inst.check_data_rdy_clear_at_fff"	[0.00 s].
29.0.N: Trace Attempt  1	[0.00 s]
29.0.N: A max_length bound was found. The shortest trace is no longer than 8 cycles. [0.00 s]
INFO (IPF008): 29.0.N: A max_length bound of 8 was found for the property "pwm_out.auto_sva_inst.check_data_rdy_clear_at_fff" in 0.00 s.
29.0.Hp: Trace Attempt  1	[0.00 s]
29.0.Hp: Trace Attempt  2	[0.00 s]
29.0.N: Trace Attempt  2	[0.00 s]
29.0.Hp: Trace Attempt  3	[0.00 s]
29.0.N: Trace Attempt  2	[0.00 s]
29.0.N: Requesting engine job to stop
29.0.Hp: Requesting engine job to terminate
INFO (IPF144): 29: Initiating shutdown of proof [0.00 s]
29.0.Hp: A trace with 3 cycles was found. [0.00 s]
INFO (IPF055): 29.0.Hp: A counterexample (cex) with 3 cycles was found for the property "pwm_out.auto_sva_inst.check_data_rdy_clear_at_fff" in 0.00 s.
29.0.N: Trace Attempt  3	[0.00 s]
29.0.Hp: All properties determined. [0.00 s]
29.0.N: Stopped processing property "pwm_out.auto_sva_inst.check_data_rdy_clear_at_fff"	[0.02 s].
29.0.Hp: Exited with Success (@ 0.02 s)
29: ProofGrid usable level: 0
29.0.N: All properties determined. [0.01 s]
29.0.N: Exited with Success (@ 0.02 s)
29.0.Ht: Proofgrid shell started at 1495265@della-h14n3(local) jg_1472634_della-h14n3_30
29.0.Ht: Requesting engine job to terminate
29.0.Ht: Interrupted. [0.01 s]
29.0.B: Proofgrid shell started at 1495266@della-h14n3(local) jg_1472634_della-h14n3_30
29.0.B: Requesting engine job to terminate
29.0.B: Interrupted. [0.01 s]
29.0.Ht: Exited with Success (@ 0.07 s)
29.0.B: Exited with Success (@ 0.07 s)
29: --------------------------------------------------------------
ProofGrid Summary (utilization 0.77 %)
--------------------------------------------------------------
     engines started                               :     4
     engine jobs started                           :     4

    Average time in state (seconds)
    ------------------------------------------------------
    Engine  Pending     Running        Dead    Utilization
    ------------------------------------------------------
      N        0.07        0.00        0.00        1.51 %
     Hp        0.06        0.00        0.00        1.56 %
     Ht        0.06        0.00        0.00        0.00 %
      B        0.06        0.00        0.00        0.00 %
    all        0.06        0.00        0.00        0.77 %

    Total time in state (seconds)
    -----------------------------------------
            Pending     Running        Dead  
    -----------------------------------------
               0.26        0.00        0.00

    Data read    : 1.99 kiB
    Data written : 1.34 kiB

29: All pending notifications were processed.
INFO (IPF059): Completed proof on task: "<embedded>" for proof thread 29
INFO (IVS015): Setting Visualize task to "<embedded>".
INFO (IVS008): Expanding analysis region to enable visualization of "<embedded>::pwm_out.auto_sva_inst.check_data_rdy_clear_at_fff".
INFO (IPF031): Settings used for proof thread 30:
    orchestration                 = off (auto)
    time_limit                    = 3600s
    per_property_time_limit       = 1s * 10 ^ scan
    engine_mode                   = Ht Hp B N 
    proofgrid_per_engine_max_jobs = 1
    max engine jobs               = Ht Hp B N, total 2
    proofgrid_mode                = local
    proofgrid_restarts            = 10
ERROR (EVS053): No trace satisfying these configurations exists for any max_length.
WARNING (WVS028): Saved trace only contains values for the target's COI.
    Use "set_trace_optimization standard" before running Visualize to save values for the full design.
DEBUG: Approach 1 (force re-prove) failed: ERROR (EVS125): No Visualize trace is available for "visualize -save -vcd".

DEBUG: Approach 2 (-new_trace) failed: ERROR (ESW104): Invalid command formation.
    Problem occurs with "-violation -new_trace".

INFO (IPF036): Starting proof on task: "<embedded>", 1 properties to prove with 0 already proven/unreachable
INFO (IPF031): Settings used for proof thread 31:
    orchestration                 = on (auto)
    time_limit                    = 3600s
    per_property_time_limit       = 1s * 10 ^ scan
    engine_mode                   = auto
    proofgrid_per_engine_max_jobs = 1
    max engine jobs               = auto
    proofgrid_mode                = local
    proofgrid_restarts            = 10
31: Using multistage preprocessing
31: Starting reduce
31: Finished reduce in 0s
31.0.PRE: Performing Proof Simplification...
31.0.N: clocks: 2, declared: 1, disabling: 0, posedge: 2, negedge: 0, noedge: 0, bothedge: 0
31.0.N: Proof Simplification Iteration 1	[0.00 s]
31.0.N: Proof Simplification Iteration 2	[0.00 s]
31.0.PRE: A proof was found: No trace exists. [0.00 s]
INFO (IPF057): 31.0.PRE: The property ":noDeadEnd" was proven in 0.00 s.
    Use check_assumptions -show -dead_end to show this property in the property table.
31.0.PRE: Proof Simplification completed in 0.00 s
31: About to start ProofGrid in its own thread with a limit of 10000 pending notifications and a limit of 10 traces.
31: =============================== ProofGrid start ===============================
31: ProofGrid usable level: 1
31: ProofGrid is starting event handling
31.0.N: Proofgrid shell started at 1495289@della-h14n3(local) jg_1472634_della-h14n3_32
31.0.Hp: Proofgrid shell started at 1495290@della-h14n3(local) jg_1472634_della-h14n3_32
31.0.N: OS RSS memory limit : 68719476736 / 68719476736
31.0.Hp: OS RSS memory limit : 68719476736 / 68719476736
31.0.N: clocks: 1, declared: 1, disabling: 0, posedge: 1, negedge: 0, noedge: 0, bothedge: 0
31.0.N: Last scan. Per property time limit: 0s
31.0.N: Starting proof for property "pwm_out.auto_sva_inst.check_data_rdy_clear_at_fff"	[0.00 s].
31.0.N: Trace Attempt  1	[0.00 s]
31.0.N: A max_length bound was found. The shortest trace is no longer than 8 cycles. [0.00 s]
INFO (IPF008): 31.0.N: A max_length bound of 8 was found for the property "pwm_out.auto_sva_inst.check_data_rdy_clear_at_fff" in 0.00 s.
31.0.N: Trace Attempt  2	[0.00 s]
31.0.N: Trace Attempt  2	[0.00 s]
31.0.N: Trace Attempt  3	[0.00 s]
31.0.N: Trace Attempt  3	[0.00 s]
31.0.N: Requesting engine job to stop
31.0.Hp: Requesting engine job to terminate
INFO (IPF144): 31: Initiating shutdown of proof [0.00 s]
31.0.N: A trace with 3 cycles was found. [0.00 s]
INFO (IPF055): 31.0.N: A counterexample (cex) with 3 cycles was found for the property "pwm_out.auto_sva_inst.check_data_rdy_clear_at_fff" in 0.00 s.
31.0.N: Stopped processing property "pwm_out.auto_sva_inst.check_data_rdy_clear_at_fff"	[0.00 s].
31.0.N: All properties determined. [0.00 s]
31.0.Hp: Interrupted. [0.00 s]
31.0.N: Exited with Success (@ 0.00 s)
31: ProofGrid usable level: 0
31.0.B: Proofgrid shell started at 1495304@della-h14n3(local) jg_1472634_della-h14n3_32
31.0.B: Requesting engine job to terminate
31.0.Hp: Exited with Success (@ 0.06 s)
31.0.Ht: Proofgrid shell started at 1495303@della-h14n3(local) jg_1472634_della-h14n3_32
31.0.Ht: Requesting engine job to terminate
31.0.B: Interrupted. [0.01 s]
31.0.Ht: Interrupted. [0.01 s]
31.0.B: Exited with Success (@ 0.07 s)
31.0.Ht: Exited with Success (@ 0.07 s)
31: --------------------------------------------------------------
ProofGrid Summary (utilization 0.59 %)
--------------------------------------------------------------
     engines started                               :     4
     engine jobs started                           :     4

    Average time in state (seconds)
    ------------------------------------------------------
    Engine  Pending     Running        Dead    Utilization
    ------------------------------------------------------
      N        0.06        0.00        0.00        1.55 %
     Hp        0.06        0.00        0.00        0.81 %
     Ht        0.06        0.00        0.00        0.00 %
      B        0.06        0.00        0.00        0.00 %
    all        0.06        0.00        0.00        0.59 %

    Total time in state (seconds)
    -----------------------------------------
            Pending     Running        Dead  
    -----------------------------------------
               0.26        0.00        0.00

    Data read    : 1.76 kiB
    Data written : 1.34 kiB

31: All pending notifications were processed.
INFO (IPF059): Completed proof on task: "<embedded>" for proof thread 31
INFO (IVS015): Setting Visualize task to "<embedded>".
INFO (IVS008): Expanding analysis region to enable visualization of "<embedded>::pwm_out.auto_sva_inst.check_data_rdy_clear_at_fff".
INFO (IPF031): Settings used for proof thread 32:
    orchestration                 = off (auto)
    time_limit                    = 3600s
    per_property_time_limit       = 1s * 10 ^ scan
    engine_mode                   = Ht Hp B N 
    proofgrid_per_engine_max_jobs = 1
    max engine jobs               = Ht Hp B N, total 2
    proofgrid_mode                = local
    proofgrid_restarts            = 10
ERROR (EVS053): No trace satisfying these configurations exists for any max_length.
WARNING (WVS028): Saved trace only contains values for the target's COI.
    Use "set_trace_optimization standard" before running Visualize to save values for the full design.
DEBUG: Approach 3 (auto engine) failed: ERROR (EVS125): No Visualize trace is available for "visualize -save -vcd".

WARN: Could not dump VCD for <embedded>::pwm_out.auto_sva_inst.check_data_rdy_clear_at_fff (all approaches failed)
INFO (IPF036): Starting proof on task: "<embedded>", 1 properties to prove with 0 already proven/unreachable
INFO (IPF031): Settings used for proof thread 33:
    orchestration                 = on (auto)
    time_limit                    = 3600s
    per_property_time_limit       = 1s * 10 ^ scan
    engine_mode                   = auto
    proofgrid_per_engine_max_jobs = 1
    max engine jobs               = auto
    proofgrid_mode                = local
    proofgrid_restarts            = 10
33: Using multistage preprocessing
33: Starting reduce
33: Finished reduce in 0s
33.0.PRE: Performing Proof Simplification...
33.0.N: clocks: 2, declared: 1, disabling: 0, posedge: 2, negedge: 0, noedge: 0, bothedge: 0
33.0.N: Proof Simplification Iteration 1	[0.00 s]
33.0.N: Proof Simplification Iteration 2	[0.00 s]
33.0.PRE: A proof was found: No trace exists. [0.00 s]
INFO (IPF057): 33.0.PRE: The property ":noDeadEnd" was proven in 0.00 s.
    Use check_assumptions -show -dead_end to show this property in the property table.
33.0.PRE: Proof Simplification completed in 0.00 s
33: About to start ProofGrid in its own thread with a limit of 10000 pending notifications and a limit of 10 traces.
33: =============================== ProofGrid start ===============================
33: ProofGrid usable level: 1
33: ProofGrid is starting event handling
33.0.Hp: Proofgrid shell started at 1495328@della-h14n3(local) jg_1472634_della-h14n3_34
33.0.N: Proofgrid shell started at 1495327@della-h14n3(local) jg_1472634_della-h14n3_34
33.0.Hp: OS RSS memory limit : 68719476736 / 68719476736
33.0.N: OS RSS memory limit : 68719476736 / 68719476736
33.0.Hp: clocks: 1, declared: 1, disabling: 0, posedge: 1, negedge: 0, noedge: 0, bothedge: 0
33.0.Hp: Trace Attempt  1	[0.00 s]
33.0.N: clocks: 1, declared: 1, disabling: 0, posedge: 1, negedge: 0, noedge: 0, bothedge: 0
33.0.N: Last scan. Per property time limit: 0s
33.0.N: Starting proof for property "pwm_out.auto_sva_inst.check_audiodata32_update_at_fff"	[0.00 s].
33.0.N: Trace Attempt  1	[0.00 s]
33.0.N: Trace Attempt  2	[0.00 s]
33.0.N: Trace Attempt  2	[0.00 s]
33.0.N: Trace Attempt  3	[0.00 s]
33.0.Hp: Trace Attempt  2	[0.00 s]
33.0.Hp: Trace Attempt  3	[0.00 s]
33.0.N: Requesting engine job to stop
33.0.Hp: Requesting engine job to terminate
INFO (IPF144): 33: Initiating shutdown of proof [0.00 s]
33.0.Hp: A trace with 3 cycles was found. [0.00 s]
INFO (IPF055): 33.0.Hp: A counterexample (cex) with 3 cycles was found for the property "pwm_out.auto_sva_inst.check_audiodata32_update_at_fff" in 0.00 s.
33.0.Hp: All properties determined. [0.00 s]
33.0.N: Stopped processing property "pwm_out.auto_sva_inst.check_audiodata32_update_at_fff"	[0.00 s].
33.0.N: All properties determined. [0.00 s]
33.0.Ht: Proofgrid shell started at 1495341@della-h14n3(local) jg_1472634_della-h14n3_34
33.0.Ht: Requesting engine job to terminate
33.0.N: Exited with Success (@ 0.06 s)
33: ProofGrid usable level: 0
33.0.Hp: Exited with Success (@ 0.06 s)
33.0.Ht: Interrupted. [0.01 s]
33.0.B: Proofgrid shell started at 1495342@della-h14n3(local) jg_1472634_della-h14n3_34
33.0.B: Requesting engine job to terminate
33.0.B: Interrupted. [0.01 s]
33.0.Ht: Exited with Success (@ 0.07 s)
33.0.B: Exited with Success (@ 0.07 s)
33: --------------------------------------------------------------
ProofGrid Summary (utilization 1.22 %)
--------------------------------------------------------------
     engines started                               :     4
     engine jobs started                           :     4

    Average time in state (seconds)
    ------------------------------------------------------
    Engine  Pending     Running        Dead    Utilization
    ------------------------------------------------------
      N        0.07        0.00        0.00        1.58 %
     Hp        0.06        0.00        0.00        3.20 %
     Ht        0.06        0.00        0.00        0.00 %
      B        0.06        0.00        0.00        0.00 %
    all        0.06        0.00        0.00        1.22 %

    Total time in state (seconds)
    -----------------------------------------
            Pending     Running        Dead  
    -----------------------------------------
               0.26        0.00        0.00

    Data read    : 2.83 kiB
    Data written : 1.32 kiB

33: All pending notifications were processed.
INFO (IPF059): Completed proof on task: "<embedded>" for proof thread 33
INFO (IVS015): Setting Visualize task to "<embedded>".
INFO (IVS008): Expanding analysis region to enable visualization of "<embedded>::pwm_out.auto_sva_inst.check_audiodata32_update_at_fff".
INFO (IPF031): Settings used for proof thread 34:
    orchestration                 = off (auto)
    time_limit                    = 3600s
    per_property_time_limit       = 1s * 10 ^ scan
    engine_mode                   = Ht Hp B N 
    proofgrid_per_engine_max_jobs = 1
    max engine jobs               = Ht Hp B N, total 2
    proofgrid_mode                = local
    proofgrid_restarts            = 10
ERROR (EVS053): No trace satisfying these configurations exists for any max_length.
WARNING (WVS028): Saved trace only contains values for the target's COI.
    Use "set_trace_optimization standard" before running Visualize to save values for the full design.
DEBUG: Approach 1 (force re-prove) failed: ERROR (EVS125): No Visualize trace is available for "visualize -save -vcd".

DEBUG: Approach 2 (-new_trace) failed: ERROR (ESW104): Invalid command formation.
    Problem occurs with "-violation -new_trace".

INFO (IPF036): Starting proof on task: "<embedded>", 1 properties to prove with 0 already proven/unreachable
INFO (IPF031): Settings used for proof thread 35:
    orchestration                 = on (auto)
    time_limit                    = 3600s
    per_property_time_limit       = 1s * 10 ^ scan
    engine_mode                   = auto
    proofgrid_per_engine_max_jobs = 1
    max engine jobs               = auto
    proofgrid_mode                = local
    proofgrid_restarts            = 10
35: Using multistage preprocessing
35: Starting reduce
35: Finished reduce in 0s
35.0.PRE: Performing Proof Simplification...
35.0.N: clocks: 2, declared: 1, disabling: 0, posedge: 2, negedge: 0, noedge: 0, bothedge: 0
35.0.N: Proof Simplification Iteration 1	[0.00 s]
35.0.N: Proof Simplification Iteration 2	[0.00 s]
35.0.PRE: A proof was found: No trace exists. [0.00 s]
INFO (IPF057): 35.0.PRE: The property ":noDeadEnd" was proven in 0.00 s.
    Use check_assumptions -show -dead_end to show this property in the property table.
35.0.PRE: Proof Simplification completed in 0.00 s
35: About to start ProofGrid in its own thread with a limit of 10000 pending notifications and a limit of 10 traces.
35: =============================== ProofGrid start ===============================
35: ProofGrid usable level: 1
35: ProofGrid is starting event handling
35.0.N: Proofgrid shell started at 1495365@della-h14n3(local) jg_1472634_della-h14n3_36
35.0.Hp: Proofgrid shell started at 1495366@della-h14n3(local) jg_1472634_della-h14n3_36
35.0.N: OS RSS memory limit : 68719476736 / 68719476736
35.0.Hp: OS RSS memory limit : 68719476736 / 68719476736
35.0.N: clocks: 1, declared: 1, disabling: 0, posedge: 1, negedge: 0, noedge: 0, bothedge: 0
35.0.N: Last scan. Per property time limit: 0s
35.0.N: Starting proof for property "pwm_out.auto_sva_inst.check_audiodata32_update_at_fff"	[0.00 s].
35.0.N: Trace Attempt  1	[0.00 s]
35.0.N: Trace Attempt  2	[0.00 s]
35.0.Hp: clocks: 1, declared: 1, disabling: 0, posedge: 1, negedge: 0, noedge: 0, bothedge: 0
35.0.N: Trace Attempt  2	[0.00 s]
35.0.N: Trace Attempt  3	[0.00 s]
35.0.N: Trace Attempt  3	[0.00 s]
35.0.N: Requesting engine job to stop
35.0.Hp: Requesting engine job to terminate
INFO (IPF144): 35: Initiating shutdown of proof [0.00 s]
35.0.N: A trace with 3 cycles was found. [0.00 s]
INFO (IPF055): 35.0.N: A counterexample (cex) with 3 cycles was found for the property "pwm_out.auto_sva_inst.check_audiodata32_update_at_fff" in 0.00 s.
35.0.N: Stopped processing property "pwm_out.auto_sva_inst.check_audiodata32_update_at_fff"	[0.00 s].
35.0.Hp: Interrupted (multi)
35.0.Hp: All properties determined. [0.00 s]
35.0.N: All properties determined. [0.00 s]
35.0.B: Proofgrid shell started at 1495380@della-h14n3(local) jg_1472634_della-h14n3_36
35.0.B: Requesting engine job to terminate
35.0.N: Exited with Success (@ 0.07 s)
35: ProofGrid usable level: 0
35.0.Hp: Exited with Success (@ 0.07 s)
35.0.B: Interrupted. [0.01 s]
35.0.Ht: Proofgrid shell started at 1495379@della-h14n3(local) jg_1472634_della-h14n3_36
35.0.Ht: Requesting engine job to terminate
35.0.Ht: Interrupted. [0.01 s]
35.0.B: Exited with Success (@ 0.07 s)
35.0.Ht: Exited with Success (@ 0.08 s)
35: --------------------------------------------------------------
ProofGrid Summary (utilization 1.01 %)
--------------------------------------------------------------
     engines started                               :     4
     engine jobs started                           :     4

    Average time in state (seconds)
    ------------------------------------------------------
    Engine  Pending     Running        Dead    Utilization
    ------------------------------------------------------
      N        0.07        0.00        0.00        2.63 %
     Hp        0.06        0.00        0.00        1.36 %
     Ht        0.07        0.00        0.00        0.00 %
      B        0.06        0.00        0.00        0.00 %
    all        0.06        0.00        0.00        1.01 %

    Total time in state (seconds)
    -----------------------------------------
            Pending     Running        Dead  
    -----------------------------------------
               0.26        0.00        0.00

    Data read    : 2.80 kiB
    Data written : 1.33 kiB

35: All pending notifications were processed.
INFO (IPF059): Completed proof on task: "<embedded>" for proof thread 35
INFO (IVS015): Setting Visualize task to "<embedded>".
INFO (IVS008): Expanding analysis region to enable visualization of "<embedded>::pwm_out.auto_sva_inst.check_audiodata32_update_at_fff".
INFO (IPF031): Settings used for proof thread 36:
    orchestration                 = off (auto)
    time_limit                    = 3600s
    per_property_time_limit       = 1s * 10 ^ scan
    engine_mode                   = Ht Hp B N 
    proofgrid_per_engine_max_jobs = 1
    max engine jobs               = Ht Hp B N, total 2
    proofgrid_mode                = local
    proofgrid_restarts            = 10
ERROR (EVS053): No trace satisfying these configurations exists for any max_length.
WARNING (WVS028): Saved trace only contains values for the target's COI.
    Use "set_trace_optimization standard" before running Visualize to save values for the full design.
DEBUG: Approach 3 (auto engine) failed: ERROR (EVS125): No Visualize trace is available for "visualize -save -vcd".

WARN: Could not dump VCD for <embedded>::pwm_out.auto_sva_inst.check_audiodata32_update_at_fff (all approaches failed)
INFO (IPF036): Starting proof on task: "<embedded>", 1 properties to prove with 0 already proven/unreachable
INFO (IPF031): Settings used for proof thread 37:
    orchestration                 = on (auto)
    time_limit                    = 3600s
    per_property_time_limit       = 1s * 10 ^ scan
    engine_mode                   = auto
    proofgrid_per_engine_max_jobs = 1
    max engine jobs               = auto
    proofgrid_mode                = local
    proofgrid_restarts            = 10
37: Using multistage preprocessing
37: Starting reduce
37: Finished reduce in 0s
37.0.PRE: Performing Proof Simplification...
37.0.N: clocks: 2, declared: 1, disabling: 0, posedge: 2, negedge: 0, noedge: 0, bothedge: 0
37.0.N: Proof Simplification Iteration 1	[0.00 s]
37.0.PRE: A proof was found: No trace exists. [0.00 s]
INFO (IPF057): 37.0.PRE: The property ":noDeadEnd" was proven in 0.00 s.
    Use check_assumptions -show -dead_end to show this property in the property table.
37.0.PRE: Proof Simplification completed in 0.00 s
37: About to start ProofGrid in its own thread with a limit of 10000 pending notifications and a limit of 10 traces.
37: =============================== ProofGrid start ===============================
37: ProofGrid usable level: 1
37: ProofGrid is starting event handling
37.0.N: Proofgrid shell started at 1495403@della-h14n3(local) jg_1472634_della-h14n3_38
37.0.N: OS RSS memory limit : 68719476736 / 68719476736
37.0.N: clocks: 1, declared: 1, disabling: 0, posedge: 1, negedge: 0, noedge: 0, bothedge: 0
37.0.Hp: Proofgrid shell started at 1495404@della-h14n3(local) jg_1472634_della-h14n3_38
37.0.N: Last scan. Per property time limit: 0s
37.0.N: Starting proof for property "pwm_out.auto_sva_inst.check_audiodata32_changes_only_on_fff"	[0.00 s].
37.0.Hp: OS RSS memory limit : 68719476736 / 68719476736
37.0.N: Trace Attempt  1	[0.00 s]
37.0.Hp: clocks: 1, declared: 1, disabling: 0, posedge: 1, negedge: 0, noedge: 0, bothedge: 0
37.0.N: Requesting engine job to stop
37.0.Hp: Requesting engine job to terminate
INFO (IPF144): 37: Initiating shutdown of proof [0.00 s]
37.0.N: A trace with 1 cycles was found. [0.00 s]
INFO (IPF055): 37.0.N: A counterexample (cex) with 1 cycles was found for the property "pwm_out.auto_sva_inst.check_audiodata32_changes_only_on_fff" in 0.00 s.
37.0.N: Stopped processing property "pwm_out.auto_sva_inst.check_audiodata32_changes_only_on_fff"	[0.00 s].
37.0.N: All properties determined. [0.00 s]
37.0.Hp: Interrupted (multi)
37.0.Hp: All properties determined. [0.00 s]
37.0.Hp: Exited with Success (@ 0.00 s)
37: ProofGrid usable level: 0
37.0.B: Proofgrid shell started at 1495418@della-h14n3(local) jg_1472634_della-h14n3_38
37.0.B: Requesting engine job to terminate
37.0.N: Exited with Success (@ 0.06 s)
37.0.B: Interrupted. [0.01 s]
37.0.Ht: Proofgrid shell started at 1495417@della-h14n3(local) jg_1472634_della-h14n3_38
37.0.Ht: Requesting engine job to terminate
37.0.Ht: Interrupted. [0.01 s]
37.0.B: Exited with Success (@ 0.07 s)
37.0.Ht: Exited with Success (@ 0.07 s)
37: --------------------------------------------------------------
ProofGrid Summary (utilization 0.46 %)
--------------------------------------------------------------
     engines started                               :     4
     engine jobs started                           :     4

    Average time in state (seconds)
    ------------------------------------------------------
    Engine  Pending     Running        Dead    Utilization
    ------------------------------------------------------
      N        0.06        0.00        0.00        1.38 %
     Hp        0.06        0.00        0.00        0.44 %
     Ht        0.06        0.00        0.00        0.00 %
      B        0.06        0.00        0.00        0.00 %
    all        0.06        0.00        0.00        0.46 %

    Total time in state (seconds)
    -----------------------------------------
            Pending     Running        Dead  
    -----------------------------------------
               0.26        0.00        0.00

    Data read    : 2.02 kiB
    Data written : 1.28 kiB

37: All pending notifications were processed.
INFO (IPF059): Completed proof on task: "<embedded>" for proof thread 37
INFO (IVS015): Setting Visualize task to "<embedded>".
INFO (IVS008): Expanding analysis region to enable visualization of "<embedded>::pwm_out.auto_sva_inst.check_audiodata32_changes_only_on_fff".
INFO (IPF031): Settings used for proof thread 38:
    orchestration                 = off (auto)
    time_limit                    = 3600s
    per_property_time_limit       = 1s * 10 ^ scan
    engine_mode                   = Ht Hp B N 
    proofgrid_per_engine_max_jobs = 1
    max engine jobs               = Ht Hp B N, total 2
    proofgrid_mode                = local
    proofgrid_restarts            = 10
ERROR (EVS053): No trace satisfying these configurations exists for any max_length.
WARNING (WVS028): Saved trace only contains values for the target's COI.
    Use "set_trace_optimization standard" before running Visualize to save values for the full design.
DEBUG: Approach 1 (force re-prove) failed: ERROR (EVS125): No Visualize trace is available for "visualize -save -vcd".

DEBUG: Approach 2 (-new_trace) failed: ERROR (ESW104): Invalid command formation.
    Problem occurs with "-violation -new_trace".

INFO (IPF036): Starting proof on task: "<embedded>", 1 properties to prove with 0 already proven/unreachable
INFO (IPF031): Settings used for proof thread 39:
    orchestration                 = on (auto)
    time_limit                    = 3600s
    per_property_time_limit       = 1s * 10 ^ scan
    engine_mode                   = auto
    proofgrid_per_engine_max_jobs = 1
    max engine jobs               = auto
    proofgrid_mode                = local
    proofgrid_restarts            = 10
39: Using multistage preprocessing
39: Starting reduce
39: Finished reduce in 0s
39.0.PRE: Performing Proof Simplification...
39.0.N: clocks: 2, declared: 1, disabling: 0, posedge: 2, negedge: 0, noedge: 0, bothedge: 0
39.0.N: Proof Simplification Iteration 1	[0.00 s]
39.0.PRE: A proof was found: No trace exists. [0.00 s]
INFO (IPF057): 39.0.PRE: The property ":noDeadEnd" was proven in 0.00 s.
    Use check_assumptions -show -dead_end to show this property in the property table.
39.0.PRE: Proof Simplification completed in 0.00 s
39: About to start ProofGrid in its own thread with a limit of 10000 pending notifications and a limit of 10 traces.
39: =============================== ProofGrid start ===============================
39: ProofGrid usable level: 1
39: ProofGrid is starting event handling
39.0.N: Proofgrid shell started at 1495441@della-h14n3(local) jg_1472634_della-h14n3_40
39.0.Hp: Proofgrid shell started at 1495442@della-h14n3(local) jg_1472634_della-h14n3_40
39.0.N: OS RSS memory limit : 68719476736 / 68719476736
39.0.Hp: OS RSS memory limit : 68719476736 / 68719476736
39.0.N: clocks: 1, declared: 1, disabling: 0, posedge: 1, negedge: 0, noedge: 0, bothedge: 0
39.0.Hp: clocks: 1, declared: 1, disabling: 0, posedge: 1, negedge: 0, noedge: 0, bothedge: 0
39.0.N: Last scan. Per property time limit: 0s
39.0.N: Starting proof for property "pwm_out.auto_sva_inst.check_audiodata32_changes_only_on_fff"	[0.00 s].
39.0.N: Trace Attempt  1	[0.00 s]
39.0.N: Requesting engine job to stop
39.0.Hp: Requesting engine job to terminate
INFO (IPF144): 39: Initiating shutdown of proof [0.00 s]
39.0.N: A trace with 1 cycles was found. [0.00 s]
INFO (IPF055): 39.0.N: A counterexample (cex) with 1 cycles was found for the property "pwm_out.auto_sva_inst.check_audiodata32_changes_only_on_fff" in 0.00 s.
39.0.N: Stopped processing property "pwm_out.auto_sva_inst.check_audiodata32_changes_only_on_fff"	[0.00 s].
39.0.N: All properties determined. [0.00 s]
39.0.Hp: Interrupted (multi)
39.0.Hp: All properties determined. [0.00 s]
39.0.Ht: Proofgrid shell started at 1495455@della-h14n3(local) jg_1472634_della-h14n3_40
39.0.Ht: Requesting engine job to terminate
39.0.N: Exited with Success (@ 0.06 s)
39: ProofGrid usable level: 0
39.0.Hp: Exited with Success (@ 0.06 s)
39.0.Ht: Interrupted. [0.01 s]
39.0.B: Proofgrid shell started at 1495456@della-h14n3(local) jg_1472634_della-h14n3_40
39.0.B: Requesting engine job to terminate
39.0.B: Interrupted. [0.01 s]
39.0.Ht: Exited with Success (@ 0.07 s)
39.0.B: Exited with Success (@ 0.07 s)
39: --------------------------------------------------------------
ProofGrid Summary (utilization 0.57 %)
--------------------------------------------------------------
     engines started                               :     4
     engine jobs started                           :     4

    Average time in state (seconds)
    ------------------------------------------------------
    Engine  Pending     Running        Dead    Utilization
    ------------------------------------------------------
      N        0.06        0.00        0.00        1.14 %
     Hp        0.06        0.00        0.00        1.12 %
     Ht        0.06        0.00        0.00        0.00 %
      B        0.06        0.00        0.00        0.00 %
    all        0.06        0.00        0.00        0.57 %

    Total time in state (seconds)
    -----------------------------------------
            Pending     Running        Dead  
    -----------------------------------------
               0.26        0.00        0.00

    Data read    : 2.08 kiB
    Data written : 1.27 kiB

39: All pending notifications were processed.
INFO (IPF059): Completed proof on task: "<embedded>" for proof thread 39
INFO (IVS015): Setting Visualize task to "<embedded>".
INFO (IVS008): Expanding analysis region to enable visualization of "<embedded>::pwm_out.auto_sva_inst.check_audiodata32_changes_only_on_fff".
INFO (IPF031): Settings used for proof thread 40:
    orchestration                 = off (auto)
    time_limit                    = 3600s
    per_property_time_limit       = 1s * 10 ^ scan
    engine_mode                   = Ht Hp B N 
    proofgrid_per_engine_max_jobs = 1
    max engine jobs               = Ht Hp B N, total 2
    proofgrid_mode                = local
    proofgrid_restarts            = 10
ERROR (EVS053): No trace satisfying these configurations exists for any max_length.
WARNING (WVS028): Saved trace only contains values for the target's COI.
    Use "set_trace_optimization standard" before running Visualize to save values for the full design.
DEBUG: Approach 3 (auto engine) failed: ERROR (EVS125): No Visualize trace is available for "visualize -save -vcd".

WARN: Could not dump VCD for <embedded>::pwm_out.auto_sva_inst.check_audiodata32_changes_only_on_fff (all approaches failed)
INFO (IPF036): Starting proof on task: "<embedded>", 1 properties to prove with 0 already proven/unreachable
INFO (IPF031): Settings used for proof thread 41:
    orchestration                 = on (auto)
    time_limit                    = 3600s
    per_property_time_limit       = 1s * 10 ^ scan
    engine_mode                   = auto
    proofgrid_per_engine_max_jobs = 1
    max engine jobs               = auto
    proofgrid_mode                = local
    proofgrid_restarts            = 10
41: Using multistage preprocessing
41: Starting reduce
41: Finished reduce in 0s
41.0.PRE: Performing Proof Simplification...
41.0.N: clocks: 2, declared: 1, disabling: 0, posedge: 2, negedge: 0, noedge: 0, bothedge: 0
41.0.N: Proof Simplification Iteration 1	[0.00 s]
41.0.N: Proof Simplification Iteration 2	[0.00 s]
41.0.N: Proof Simplification Iteration 3	[0.00 s]
41.0.PRE: A proof was found: No trace exists. [0.00 s]
INFO (IPF057): 41.0.PRE: The property ":noDeadEnd" was proven in 0.00 s.
    Use check_assumptions -show -dead_end to show this property in the property table.
41.0.PRE: Proof Simplification completed in 0.00 s
41: About to start ProofGrid in its own thread with a limit of 10000 pending notifications and a limit of 10 traces.
41: =============================== ProofGrid start ===============================
41: ProofGrid usable level: 1
41: ProofGrid is starting event handling
41.0.N: Proofgrid shell started at 1495480@della-h14n3(local) jg_1472634_della-h14n3_42
41.0.Hp: Proofgrid shell started at 1495481@della-h14n3(local) jg_1472634_della-h14n3_42
41.0.N: OS RSS memory limit : 68719476736 / 68719476736
41.0.Hp: OS RSS memory limit : 68719476736 / 68719476736
41.0.N: clocks: 1, declared: 1, disabling: 0, posedge: 1, negedge: 0, noedge: 0, bothedge: 0
41.0.N: Last scan. Per property time limit: 0s
41.0.N: Starting proof for property "pwm_out.auto_sva_inst.check_audiodata32p_changes_only_on_801"	[0.00 s].
41.0.N: Trace Attempt  1	[0.00 s]
41.0.N: Requesting engine job to stop
41.0.Hp: Requesting engine job to terminate
INFO (IPF144): 41: Initiating shutdown of proof [0.00 s]
41.0.N: A trace with 1 cycles was found. [0.00 s]
INFO (IPF055): 41.0.N: A counterexample (cex) with 1 cycles was found for the property "pwm_out.auto_sva_inst.check_audiodata32p_changes_only_on_801" in 0.00 s.
41.0.N: Stopped processing property "pwm_out.auto_sva_inst.check_audiodata32p_changes_only_on_801"	[0.00 s].
41.0.N: All properties determined. [0.00 s]
41.0.Hp: Interrupted. [0.00 s]
41.0.Ht: Proofgrid shell started at 1495494@della-h14n3(local) jg_1472634_della-h14n3_42
41.0.Ht: Requesting engine job to terminate
41.0.B: Proofgrid shell started at 1495495@della-h14n3(local) jg_1472634_della-h14n3_42
41.0.B: Requesting engine job to terminate
41.0.B: Interrupted. [0.01 s]
41.0.N: Exited with Success (@ 0.07 s)
41: ProofGrid usable level: 0
41.0.Hp: Exited with Success (@ 0.07 s)
41.0.Ht: Interrupted. [0.01 s]
41.0.B: Exited with Success (@ 0.07 s)
41.0.Ht: Exited with Success (@ 0.07 s)
41: --------------------------------------------------------------
ProofGrid Summary (utilization 0.39 %)
--------------------------------------------------------------
     engines started                               :     4
     engine jobs started                           :     4

    Average time in state (seconds)
    ------------------------------------------------------
    Engine  Pending     Running        Dead    Utilization
    ------------------------------------------------------
      N        0.06        0.00        0.00        1.43 %
     Hp        0.06        0.00        0.00        0.11 %
     Ht        0.07        0.00        0.00        0.00 %
      B        0.06        0.00        0.00        0.00 %
    all        0.06        0.00        0.00        0.39 %

    Total time in state (seconds)
    -----------------------------------------
            Pending     Running        Dead  
    -----------------------------------------
               0.26        0.00        0.00

    Data read    : 1.91 kiB
    Data written : 1.27 kiB

41: All pending notifications were processed.
INFO (IPF059): Completed proof on task: "<embedded>" for proof thread 41
INFO (IVS015): Setting Visualize task to "<embedded>".
INFO (IVS008): Expanding analysis region to enable visualization of "<embedded>::pwm_out.auto_sva_inst.check_audiodata32p_changes_only_on_801".
INFO (IPF031): Settings used for proof thread 42:
    orchestration                 = off (auto)
    time_limit                    = 3600s
    per_property_time_limit       = 1s * 10 ^ scan
    engine_mode                   = Ht Hp B N 
    proofgrid_per_engine_max_jobs = 1
    max engine jobs               = Ht Hp B N, total 2
    proofgrid_mode                = local
    proofgrid_restarts            = 10
ERROR (EVS053): No trace satisfying these configurations exists for any max_length.
WARNING (WVS028): Saved trace only contains values for the target's COI.
    Use "set_trace_optimization standard" before running Visualize to save values for the full design.
DEBUG: Approach 1 (force re-prove) failed: ERROR (EVS125): No Visualize trace is available for "visualize -save -vcd".

DEBUG: Approach 2 (-new_trace) failed: ERROR (ESW104): Invalid command formation.
    Problem occurs with "-violation -new_trace".

INFO (IPF036): Starting proof on task: "<embedded>", 1 properties to prove with 0 already proven/unreachable
INFO (IPF031): Settings used for proof thread 43:
    orchestration                 = on (auto)
    time_limit                    = 3600s
    per_property_time_limit       = 1s * 10 ^ scan
    engine_mode                   = auto
    proofgrid_per_engine_max_jobs = 1
    max engine jobs               = auto
    proofgrid_mode                = local
    proofgrid_restarts            = 10
43: Using multistage preprocessing
43: Starting reduce
43: Finished reduce in 0s
43.0.PRE: Performing Proof Simplification...
43.0.N: clocks: 2, declared: 1, disabling: 0, posedge: 2, negedge: 0, noedge: 0, bothedge: 0
43.0.N: Proof Simplification Iteration 1	[0.00 s]
43.0.N: Proof Simplification Iteration 2	[0.00 s]
43.0.N: Proof Simplification Iteration 3	[0.00 s]
43.0.PRE: A proof was found: No trace exists. [0.00 s]
INFO (IPF057): 43.0.PRE: The property ":noDeadEnd" was proven in 0.00 s.
    Use check_assumptions -show -dead_end to show this property in the property table.
43.0.PRE: Proof Simplification completed in 0.00 s
43: About to start ProofGrid in its own thread with a limit of 10000 pending notifications and a limit of 10 traces.
43: =============================== ProofGrid start ===============================
43: ProofGrid usable level: 1
43: ProofGrid is starting event handling
43.0.Hp: Proofgrid shell started at 1495519@della-h14n3(local) jg_1472634_della-h14n3_44
43.0.N: Proofgrid shell started at 1495518@della-h14n3(local) jg_1472634_della-h14n3_44
43.0.Hp: OS RSS memory limit : 68719476736 / 68719476736
43.0.N: OS RSS memory limit : 68719476736 / 68719476736
43.0.Hp: clocks: 1, declared: 1, disabling: 0, posedge: 1, negedge: 0, noedge: 0, bothedge: 0
43.0.Hp: Trace Attempt  1	[0.00 s]
43.0.N: Requesting engine job to stop
43.0.Hp: Requesting engine job to terminate
INFO (IPF144): 43: Initiating shutdown of proof [0.01 s]
43.0.Hp: A trace with 1 cycles was found. [0.00 s]
INFO (IPF055): 43.0.Hp: A counterexample (cex) with 1 cycles was found for the property "pwm_out.auto_sva_inst.check_audiodata32p_changes_only_on_801" in 0.00 s.
43.0.Hp: All properties determined. [0.00 s]
43.0.Hp: Exited with Success (@ 0.01 s)
43: ProofGrid usable level: 0
43.0.N: Interrupted. [0.01 s]
43.0.Ht: Proofgrid shell started at 1495532@della-h14n3(local) jg_1472634_della-h14n3_44
43.0.Ht: Requesting engine job to terminate
43.0.N: Exited with Success (@ 0.06 s)
43.0.Ht: Interrupted. [0.01 s]
43.0.B: Proofgrid shell started at 1495533@della-h14n3(local) jg_1472634_della-h14n3_44
43.0.B: Requesting engine job to terminate
43.0.Ht: Exited with Success (@ 0.08 s)
43.0.B: Interrupted. [0.01 s]
43.0.B: Exited with Success (@ 0.08 s)
43: --------------------------------------------------------------
ProofGrid Summary (utilization 4.83 %)
--------------------------------------------------------------
     engines started                               :     4
     engine jobs started                           :     4

    Average time in state (seconds)
    ------------------------------------------------------
    Engine  Pending     Running        Dead    Utilization
    ------------------------------------------------------
      N        0.07        0.00        0.00        0.06 %
     Hp        0.06        0.01        0.00       17.47 %
     Ht        0.06        0.00        0.00        0.00 %
      B        0.07        0.00        0.00        0.00 %
    all        0.07        0.00        0.00        4.83 %

    Total time in state (seconds)
    -----------------------------------------
            Pending     Running        Dead  
    -----------------------------------------
               0.27        0.01        0.00

    Data read    : 1.97 kiB
    Data written : 1.27 kiB

43: All pending notifications were processed.
INFO (IPF059): Completed proof on task: "<embedded>" for proof thread 43
INFO (IVS015): Setting Visualize task to "<embedded>".
INFO (IVS008): Expanding analysis region to enable visualization of "<embedded>::pwm_out.auto_sva_inst.check_audiodata32p_changes_only_on_801".
INFO (IPF031): Settings used for proof thread 44:
    orchestration                 = off (auto)
    time_limit                    = 3600s
    per_property_time_limit       = 1s * 10 ^ scan
    engine_mode                   = Ht Hp B N 
    proofgrid_per_engine_max_jobs = 1
    max engine jobs               = Ht Hp B N, total 2
    proofgrid_mode                = local
    proofgrid_restarts            = 10
ERROR (EVS053): No trace satisfying these configurations exists for any max_length.
WARNING (WVS028): Saved trace only contains values for the target's COI.
    Use "set_trace_optimization standard" before running Visualize to save values for the full design.
DEBUG: Approach 3 (auto engine) failed: ERROR (EVS125): No Visualize trace is available for "visualize -save -vcd".

WARN: Could not dump VCD for <embedded>::pwm_out.auto_sva_inst.check_audiodata32p_changes_only_on_801 (all approaches failed)
INFO (IPF036): Starting proof on task: "<embedded>", 1 properties to prove with 0 already proven/unreachable
INFO (IPF031): Settings used for proof thread 45:
    orchestration                 = on (auto)
    time_limit                    = 3600s
    per_property_time_limit       = 1s * 10 ^ scan
    engine_mode                   = auto
    proofgrid_per_engine_max_jobs = 1
    max engine jobs               = auto
    proofgrid_mode                = local
    proofgrid_restarts            = 10
45: Using multistage preprocessing
45: Starting reduce
45: Finished reduce in 0s
45.0.PRE: Performing Proof Simplification...
45.0.N: clocks: 2, declared: 1, disabling: 0, posedge: 2, negedge: 0, noedge: 0, bothedge: 0
45.0.N: Proof Simplification Iteration 1	[0.00 s]
45.0.N: Proof Simplification Iteration 2	[0.00 s]
45.0.N: Proof Simplification Iteration 3	[0.00 s]
45.0.PRE: A proof was found: No trace exists. [0.00 s]
INFO (IPF057): 45.0.PRE: The property ":noDeadEnd" was proven in 0.00 s.
    Use check_assumptions -show -dead_end to show this property in the property table.
45.0.PRE: Proof Simplification completed in 0.00 s
45: About to start ProofGrid in its own thread with a limit of 10000 pending notifications and a limit of 10 traces.
45: =============================== ProofGrid start ===============================
45: ProofGrid usable level: 1
45: ProofGrid is starting event handling
45.0.Hp: Proofgrid shell started at 1495558@della-h14n3(local) jg_1472634_della-h14n3_46
45.0.N: Proofgrid shell started at 1495557@della-h14n3(local) jg_1472634_della-h14n3_46
45.0.Hp: OS RSS memory limit : 68719476736 / 68719476736
45.0.N: OS RSS memory limit : 68719476736 / 68719476736
45.0.Hp: clocks: 1, declared: 1, disabling: 0, posedge: 1, negedge: 0, noedge: 0, bothedge: 0
45.0.N: clocks: 1, declared: 1, disabling: 0, posedge: 1, negedge: 0, noedge: 0, bothedge: 0
45.0.N: Last scan. Per property time limit: 0s
45.0.N: Starting proof for property "pwm_out.auto_sva_inst.check_pwm_out_l_high_when_lte"	[0.00 s].
45.0.N: Trace Attempt  1	[0.00 s]
45.0.N: Trace Attempt  2	[0.00 s]
45.0.Hp: Trace Attempt  1	[0.00 s]
45.0.Hp: Trace Attempt  2	[0.00 s]
45.0.N: Trace Attempt  2	[0.00 s]
45.0.N: Trace Attempt  3	[0.00 s]
45.0.Hp: Trace Attempt  3	[0.00 s]
45.0.N: Requesting engine job to stop
45.0.Hp: Requesting engine job to terminate
INFO (IPF144): 45: Initiating shutdown of proof [0.00 s]
45.0.Hp: A trace with 3 cycles was found. [0.00 s]
INFO (IPF055): 45.0.Hp: A counterexample (cex) with 3 cycles was found for the property "pwm_out.auto_sva_inst.check_pwm_out_l_high_when_lte" in 0.00 s.
45.0.Hp: All properties determined. [0.00 s]
45.0.N: Trace Attempt  3	[0.00 s]
45.0.Hp: Exited with Success (@ 0.00 s)
45: ProofGrid usable level: 0
45.0.N: Stopped processing property "pwm_out.auto_sva_inst.check_pwm_out_l_high_when_lte"	[0.00 s].
45.0.N: All properties determined. [0.00 s]
45.0.N: Exited with Success (@ 0.00 s)
45.0.Ht: Proofgrid shell started at 1495571@della-h14n3(local) jg_1472634_della-h14n3_46
45.0.Ht: Requesting engine job to terminate
45.0.Ht: Interrupted. [0.01 s]
45.0.B: Proofgrid shell started at 1495572@della-h14n3(local) jg_1472634_della-h14n3_46
45.0.B: Requesting engine job to terminate
45.0.Ht: Exited with Success (@ 0.07 s)
45.0.B: Interrupted. [0.01 s]
45.0.B: Exited with Success (@ 0.07 s)
45: --------------------------------------------------------------
ProofGrid Summary (utilization 1.73 %)
--------------------------------------------------------------
     engines started                               :     4
     engine jobs started                           :     4

    Average time in state (seconds)
    ------------------------------------------------------
    Engine  Pending     Running        Dead    Utilization
    ------------------------------------------------------
      N        0.06        0.00        0.00        2.58 %
     Hp        0.06        0.00        0.00        4.24 %
     Ht        0.06        0.00        0.00        0.00 %
      B        0.07        0.00        0.00        0.00 %
    all        0.06        0.00        0.00        1.73 %

    Total time in state (seconds)
    -----------------------------------------
            Pending     Running        Dead  
    -----------------------------------------
               0.26        0.00        0.00

    Data read    : 2.56 kiB
    Data written : 1.33 kiB

45: All pending notifications were processed.
INFO (IPF059): Completed proof on task: "<embedded>" for proof thread 45
INFO (IVS015): Setting Visualize task to "<embedded>".
INFO (IVS008): Expanding analysis region to enable visualization of "<embedded>::pwm_out.auto_sva_inst.check_pwm_out_l_high_when_lte".
INFO (IPF031): Settings used for proof thread 46:
    orchestration                 = off (auto)
    time_limit                    = 3600s
    per_property_time_limit       = 1s * 10 ^ scan
    engine_mode                   = Ht Hp B N 
    proofgrid_per_engine_max_jobs = 1
    max engine jobs               = Ht Hp B N, total 2
    proofgrid_mode                = local
    proofgrid_restarts            = 10
ERROR (EVS053): No trace satisfying these configurations exists for any max_length.
WARNING (WVS028): Saved trace only contains values for the target's COI.
    Use "set_trace_optimization standard" before running Visualize to save values for the full design.
DEBUG: Approach 1 (force re-prove) failed: ERROR (EVS125): No Visualize trace is available for "visualize -save -vcd".

DEBUG: Approach 2 (-new_trace) failed: ERROR (ESW104): Invalid command formation.
    Problem occurs with "-violation -new_trace".

INFO (IPF036): Starting proof on task: "<embedded>", 1 properties to prove with 0 already proven/unreachable
INFO (IPF031): Settings used for proof thread 47:
    orchestration                 = on (auto)
    time_limit                    = 3600s
    per_property_time_limit       = 1s * 10 ^ scan
    engine_mode                   = auto
    proofgrid_per_engine_max_jobs = 1
    max engine jobs               = auto
    proofgrid_mode                = local
    proofgrid_restarts            = 10
47: Using multistage preprocessing
47: Starting reduce
47: Finished reduce in 0s
47.0.PRE: Performing Proof Simplification...
47.0.N: clocks: 2, declared: 1, disabling: 0, posedge: 2, negedge: 0, noedge: 0, bothedge: 0
47.0.N: Proof Simplification Iteration 1	[0.00 s]
47.0.N: Proof Simplification Iteration 2	[0.00 s]
47.0.N: Proof Simplification Iteration 3	[0.00 s]
47.0.PRE: A proof was found: No trace exists. [0.00 s]
INFO (IPF057): 47.0.PRE: The property ":noDeadEnd" was proven in 0.00 s.
    Use check_assumptions -show -dead_end to show this property in the property table.
47.0.PRE: Proof Simplification completed in 0.00 s
47: About to start ProofGrid in its own thread with a limit of 10000 pending notifications and a limit of 10 traces.
47: =============================== ProofGrid start ===============================
47: ProofGrid usable level: 1
47: ProofGrid is starting event handling
47.0.Hp: Proofgrid shell started at 1495596@della-h14n3(local) jg_1472634_della-h14n3_48
47.0.N: Proofgrid shell started at 1495595@della-h14n3(local) jg_1472634_della-h14n3_48
47.0.Hp: OS RSS memory limit : 68719476736 / 68719476736
47.0.N: OS RSS memory limit : 68719476736 / 68719476736
47.0.Hp: clocks: 1, declared: 1, disabling: 0, posedge: 1, negedge: 0, noedge: 0, bothedge: 0
47.0.N: clocks: 1, declared: 1, disabling: 0, posedge: 1, negedge: 0, noedge: 0, bothedge: 0
47.0.N: Last scan. Per property time limit: 0s
47.0.N: Starting proof for property "pwm_out.auto_sva_inst.check_pwm_out_l_high_when_lte"	[0.00 s].
47.0.N: Trace Attempt  1	[0.00 s]
47.0.N: Trace Attempt  2	[0.00 s]
47.0.N: Trace Attempt  2	[0.00 s]
47.0.N: Trace Attempt  3	[0.00 s]
47.0.N: Trace Attempt  3	[0.00 s]
47.0.N: Requesting engine job to stop
47.0.Hp: Requesting engine job to terminate
INFO (IPF144): 47: Initiating shutdown of proof [0.00 s]
47.0.N: A trace with 3 cycles was found. [0.00 s]
INFO (IPF055): 47.0.N: A counterexample (cex) with 3 cycles was found for the property "pwm_out.auto_sva_inst.check_pwm_out_l_high_when_lte" in 0.00 s.
47.0.Hp: Trace Attempt  1	[0.00 s]
47.0.Hp: Interrupted (multi)
47.0.Hp: All properties determined. [0.00 s]
47.0.N: Stopped processing property "pwm_out.auto_sva_inst.check_pwm_out_l_high_when_lte"	[0.00 s].
47.0.N: All properties determined. [0.00 s]
47.0.Ht: Proofgrid shell started at 1495609@della-h14n3(local) jg_1472634_della-h14n3_48
47.0.Ht: Requesting engine job to terminate
47.0.N: Exited with Success (@ 0.06 s)
47: ProofGrid usable level: 0
47.0.Hp: Exited with Success (@ 0.06 s)
47.0.Ht: Interrupted. [0.01 s]
47.0.B: Proofgrid shell started at 1495610@della-h14n3(local) jg_1472634_della-h14n3_48
47.0.B: Requesting engine job to terminate
47.0.B: Interrupted. [0.01 s]
47.0.Ht: Exited with Success (@ 0.07 s)
47.0.B: Exited with Success (@ 0.07 s)
47: --------------------------------------------------------------
ProofGrid Summary (utilization 1.82 %)
--------------------------------------------------------------
     engines started                               :     4
     engine jobs started                           :     4

    Average time in state (seconds)
    ------------------------------------------------------
    Engine  Pending     Running        Dead    Utilization
    ------------------------------------------------------
      N        0.07        0.00        0.00        3.52 %
     Hp        0.06        0.00        0.00        3.62 %
     Ht        0.06        0.00        0.00        0.00 %
      B        0.06        0.00        0.00        0.00 %
    all        0.06        0.00        0.00        1.82 %

    Total time in state (seconds)
    -----------------------------------------
            Pending     Running        Dead  
    -----------------------------------------
               0.26        0.00        0.00

    Data read    : 2.59 kiB
    Data written : 1.33 kiB

47: All pending notifications were processed.
INFO (IPF059): Completed proof on task: "<embedded>" for proof thread 47
INFO (IVS015): Setting Visualize task to "<embedded>".
INFO (IVS008): Expanding analysis region to enable visualization of "<embedded>::pwm_out.auto_sva_inst.check_pwm_out_l_high_when_lte".
INFO (IPF031): Settings used for proof thread 48:
    orchestration                 = off (auto)
    time_limit                    = 3600s
    per_property_time_limit       = 1s * 10 ^ scan
    engine_mode                   = Ht Hp B N 
    proofgrid_per_engine_max_jobs = 1
    max engine jobs               = Ht Hp B N, total 2
    proofgrid_mode                = local
    proofgrid_restarts            = 10
ERROR (EVS053): No trace satisfying these configurations exists for any max_length.
WARNING (WVS028): Saved trace only contains values for the target's COI.
    Use "set_trace_optimization standard" before running Visualize to save values for the full design.
DEBUG: Approach 3 (auto engine) failed: ERROR (EVS125): No Visualize trace is available for "visualize -save -vcd".

WARN: Could not dump VCD for <embedded>::pwm_out.auto_sva_inst.check_pwm_out_l_high_when_lte (all approaches failed)
INFO (IPF036): Starting proof on task: "<embedded>", 1 properties to prove with 0 already proven/unreachable
INFO (IPF031): Settings used for proof thread 49:
    orchestration                 = on (auto)
    time_limit                    = 3600s
    per_property_time_limit       = 1s * 10 ^ scan
    engine_mode                   = auto
    proofgrid_per_engine_max_jobs = 1
    max engine jobs               = auto
    proofgrid_mode                = local
    proofgrid_restarts            = 10
49: Using multistage preprocessing
49: Starting reduce
49: Finished reduce in 0s
49.0.PRE: Performing Proof Simplification...
49.0.N: clocks: 2, declared: 1, disabling: 0, posedge: 2, negedge: 0, noedge: 0, bothedge: 0
49.0.N: Proof Simplification Iteration 1	[0.00 s]
49.0.N: Proof Simplification Iteration 2	[0.00 s]
49.0.N: Proof Simplification Iteration 3	[0.00 s]
49.0.PRE: A proof was found: No trace exists. [0.00 s]
INFO (IPF057): 49.0.PRE: The property ":noDeadEnd" was proven in 0.00 s.
    Use check_assumptions -show -dead_end to show this property in the property table.
49.0.PRE: Proof Simplification completed in 0.00 s
49: About to start ProofGrid in its own thread with a limit of 10000 pending notifications and a limit of 10 traces.
49: =============================== ProofGrid start ===============================
49: ProofGrid usable level: 1
49: ProofGrid is starting event handling
49.0.Hp: Proofgrid shell started at 1495634@della-h14n3(local) jg_1472634_della-h14n3_50
49.0.N: Proofgrid shell started at 1495633@della-h14n3(local) jg_1472634_della-h14n3_50
49.0.Hp: OS RSS memory limit : 68719476736 / 68719476736
49.0.N: OS RSS memory limit : 68719476736 / 68719476736
49.0.Hp: clocks: 1, declared: 1, disabling: 0, posedge: 1, negedge: 0, noedge: 0, bothedge: 0
49.0.Hp: Trace Attempt  1	[0.00 s]
49.0.N: Requesting engine job to stop
49.0.Hp: Requesting engine job to terminate
INFO (IPF144): 49: Initiating shutdown of proof [0.00 s]
49.0.Hp: A trace with 1 cycles was found. [0.00 s]
INFO (IPF055): 49.0.Hp: A counterexample (cex) with 1 cycles was found for the property "pwm_out.auto_sva_inst.check_pwm_out_l_low_when_gt" in 0.00 s.
49.0.Hp: All properties determined. [0.00 s]
49.0.N: Interrupted. [0.00 s]
49.0.Hp: Exited with Success (@ 0.00 s)
49: ProofGrid usable level: 0
49.0.Ht: Proofgrid shell started at 1495647@della-h14n3(local) jg_1472634_della-h14n3_50
49.0.Ht: Requesting engine job to terminate
49.0.N: Exited with Success (@ 0.06 s)
49.0.Ht: Interrupted. [0.01 s]
49.0.B: Proofgrid shell started at 1495648@della-h14n3(local) jg_1472634_della-h14n3_50
49.0.B: Requesting engine job to terminate
49.0.Ht: Exited with Success (@ 0.07 s)
49.0.B: Interrupted. [0.01 s]
49.0.B: Exited with Success (@ 0.07 s)
49: --------------------------------------------------------------
ProofGrid Summary (utilization 0.52 %)
--------------------------------------------------------------
     engines started                               :     4
     engine jobs started                           :     4

    Average time in state (seconds)
    ------------------------------------------------------
    Engine  Pending     Running        Dead    Utilization
    ------------------------------------------------------
      N        0.06        0.00        0.00        0.11 %
     Hp        0.06        0.00        0.00        1.98 %
     Ht        0.06        0.00        0.00        0.00 %
      B        0.06        0.00        0.00        0.00 %
    all        0.06        0.00        0.00        0.52 %

    Total time in state (seconds)
    -----------------------------------------
            Pending     Running        Dead  
    -----------------------------------------
               0.26        0.00        0.00

    Data read    : 1.81 kiB
    Data written : 1.27 kiB

49: All pending notifications were processed.
INFO (IPF059): Completed proof on task: "<embedded>" for proof thread 49
INFO (IVS015): Setting Visualize task to "<embedded>".
INFO (IVS008): Expanding analysis region to enable visualization of "<embedded>::pwm_out.auto_sva_inst.check_pwm_out_l_low_when_gt".
INFO (IPF031): Settings used for proof thread 50:
    orchestration                 = off (auto)
    time_limit                    = 3600s
    per_property_time_limit       = 1s * 10 ^ scan
    engine_mode                   = Ht Hp B N 
    proofgrid_per_engine_max_jobs = 1
    max engine jobs               = Ht Hp B N, total 2
    proofgrid_mode                = local
    proofgrid_restarts            = 10
ERROR (EVS053): No trace satisfying these configurations exists for any max_length.
WARNING (WVS028): Saved trace only contains values for the target's COI.
    Use "set_trace_optimization standard" before running Visualize to save values for the full design.
DEBUG: Approach 1 (force re-prove) failed: ERROR (EVS125): No Visualize trace is available for "visualize -save -vcd".

DEBUG: Approach 2 (-new_trace) failed: ERROR (ESW104): Invalid command formation.
    Problem occurs with "-violation -new_trace".

INFO (IPF036): Starting proof on task: "<embedded>", 1 properties to prove with 0 already proven/unreachable
INFO (IPF031): Settings used for proof thread 51:
    orchestration                 = on (auto)
    time_limit                    = 3600s
    per_property_time_limit       = 1s * 10 ^ scan
    engine_mode                   = auto
    proofgrid_per_engine_max_jobs = 1
    max engine jobs               = auto
    proofgrid_mode                = local
    proofgrid_restarts            = 10
51: Using multistage preprocessing
51: Starting reduce
51: Finished reduce in 0s
51.0.PRE: Performing Proof Simplification...
51.0.N: clocks: 2, declared: 1, disabling: 0, posedge: 2, negedge: 0, noedge: 0, bothedge: 0
51.0.N: Proof Simplification Iteration 1	[0.00 s]
51.0.N: Proof Simplification Iteration 2	[0.00 s]
51.0.N: Proof Simplification Iteration 3	[0.00 s]
51.0.PRE: A proof was found: No trace exists. [0.00 s]
INFO (IPF057): 51.0.PRE: The property ":noDeadEnd" was proven in 0.00 s.
    Use check_assumptions -show -dead_end to show this property in the property table.
51.0.PRE: Proof Simplification completed in 0.00 s
51: About to start ProofGrid in its own thread with a limit of 10000 pending notifications and a limit of 10 traces.
51: =============================== ProofGrid start ===============================
51: ProofGrid usable level: 1
51: ProofGrid is starting event handling
51.0.N: Proofgrid shell started at 1495671@della-h14n3(local) jg_1472634_della-h14n3_52
51.0.Hp: Proofgrid shell started at 1495672@della-h14n3(local) jg_1472634_della-h14n3_52
51.0.N: OS RSS memory limit : 68719476736 / 68719476736
51.0.Hp: OS RSS memory limit : 68719476736 / 68719476736
51.0.N: clocks: 1, declared: 1, disabling: 0, posedge: 1, negedge: 0, noedge: 0, bothedge: 0
51.0.N: Last scan. Per property time limit: 0s
51.0.N: Starting proof for property "pwm_out.auto_sva_inst.check_pwm_out_l_low_when_gt"	[0.00 s].
51.0.N: Trace Attempt  1	[0.00 s]
51.0.N: Requesting engine job to stop
51.0.Hp: Requesting engine job to terminate
INFO (IPF144): 51: Initiating shutdown of proof [0.00 s]
51.0.N: A trace with 1 cycles was found. [0.00 s]
INFO (IPF055): 51.0.N: A counterexample (cex) with 1 cycles was found for the property "pwm_out.auto_sva_inst.check_pwm_out_l_low_when_gt" in 0.00 s.
51.0.Hp: Interrupted. [0.00 s]
51.0.N: Stopped processing property "pwm_out.auto_sva_inst.check_pwm_out_l_low_when_gt"	[0.00 s].
51.0.N: All properties determined. [0.00 s]
51.0.Hp: Exited with Success (@ 0.00 s)
51: ProofGrid usable level: 0
51.0.Ht: Proofgrid shell started at 1495685@della-h14n3(local) jg_1472634_della-h14n3_52
51.0.Ht: Requesting engine job to terminate
51.0.N: Exited with Success (@ 0.06 s)
51.0.Ht: Interrupted. [0.01 s]
51.0.B: Proofgrid shell started at 1495686@della-h14n3(local) jg_1472634_della-h14n3_52
51.0.B: Requesting engine job to terminate
51.0.B: Interrupted. [0.01 s]
51.0.Ht: Exited with Success (@ 0.07 s)
51.0.B: Exited with Success (@ 0.07 s)
51: --------------------------------------------------------------
ProofGrid Summary (utilization 0.49 %)
--------------------------------------------------------------
     engines started                               :     4
     engine jobs started                           :     4

    Average time in state (seconds)
    ------------------------------------------------------
    Engine  Pending     Running        Dead    Utilization
    ------------------------------------------------------
      N        0.06        0.00        0.00        1.29 %
     Hp        0.06        0.00        0.00        0.64 %
     Ht        0.06        0.00        0.00        0.00 %
      B        0.06        0.00        0.00        0.00 %
    all        0.06        0.00        0.00        0.49 %

    Total time in state (seconds)
    -----------------------------------------
            Pending     Running        Dead  
    -----------------------------------------
               0.26        0.00        0.00

    Data read    : 1.75 kiB
    Data written : 1.27 kiB

51: All pending notifications were processed.
INFO (IPF059): Completed proof on task: "<embedded>" for proof thread 51
INFO (IVS015): Setting Visualize task to "<embedded>".
INFO (IVS008): Expanding analysis region to enable visualization of "<embedded>::pwm_out.auto_sva_inst.check_pwm_out_l_low_when_gt".
INFO (IPF031): Settings used for proof thread 52:
    orchestration                 = off (auto)
    time_limit                    = 3600s
    per_property_time_limit       = 1s * 10 ^ scan
    engine_mode                   = Ht Hp B N 
    proofgrid_per_engine_max_jobs = 1
    max engine jobs               = Ht Hp B N, total 2
    proofgrid_mode                = local
    proofgrid_restarts            = 10
ERROR (EVS053): No trace satisfying these configurations exists for any max_length.
WARNING (WVS028): Saved trace only contains values for the target's COI.
    Use "set_trace_optimization standard" before running Visualize to save values for the full design.
DEBUG: Approach 3 (auto engine) failed: ERROR (EVS125): No Visualize trace is available for "visualize -save -vcd".

WARN: Could not dump VCD for <embedded>::pwm_out.auto_sva_inst.check_pwm_out_l_low_when_gt (all approaches failed)
INFO (IPF036): Starting proof on task: "<embedded>", 1 properties to prove with 0 already proven/unreachable
INFO (IPF031): Settings used for proof thread 53:
    orchestration                 = on (auto)
    time_limit                    = 3600s
    per_property_time_limit       = 1s * 10 ^ scan
    engine_mode                   = auto
    proofgrid_per_engine_max_jobs = 1
    max engine jobs               = auto
    proofgrid_mode                = local
    proofgrid_restarts            = 10
53: Using multistage preprocessing
53: Starting reduce
53: Finished reduce in 0s
53.0.PRE: Performing Proof Simplification...
53.0.N: clocks: 2, declared: 1, disabling: 0, posedge: 2, negedge: 0, noedge: 0, bothedge: 0
53.0.N: Proof Simplification Iteration 1	[0.00 s]
53.0.N: Proof Simplification Iteration 2	[0.00 s]
53.0.N: Proof Simplification Iteration 3	[0.00 s]
53.0.PRE: A proof was found: No trace exists. [0.00 s]
INFO (IPF057): 53.0.PRE: The property ":noDeadEnd" was proven in 0.00 s.
    Use check_assumptions -show -dead_end to show this property in the property table.
53.0.PRE: Proof Simplification completed in 0.00 s
53: About to start ProofGrid in its own thread with a limit of 10000 pending notifications and a limit of 10 traces.
53: =============================== ProofGrid start ===============================
53: ProofGrid usable level: 1
53: ProofGrid is starting event handling
53.0.Hp: Proofgrid shell started at 1495710@della-h14n3(local) jg_1472634_della-h14n3_54
53.0.N: Proofgrid shell started at 1495709@della-h14n3(local) jg_1472634_della-h14n3_54
53.0.Hp: OS RSS memory limit : 68719476736 / 68719476736
53.0.N: OS RSS memory limit : 68719476736 / 68719476736
53.0.Hp: clocks: 1, declared: 1, disabling: 0, posedge: 1, negedge: 0, noedge: 0, bothedge: 0
53.0.N: clocks: 1, declared: 1, disabling: 0, posedge: 1, negedge: 0, noedge: 0, bothedge: 0
53.0.N: Last scan. Per property time limit: 0s
53.0.N: Starting proof for property "pwm_out.auto_sva_inst.check_pwm_out_r_high_when_lte"	[0.00 s].
53.0.N: Trace Attempt  1	[0.00 s]
53.0.N: Trace Attempt  2	[0.00 s]
53.0.Hp: Trace Attempt  1	[0.00 s]
53.0.N: Trace Attempt  2	[0.00 s]
53.0.Hp: Trace Attempt  2	[0.00 s]
53.0.N: Trace Attempt  3	[0.00 s]
53.0.N: Trace Attempt  3	[0.00 s]
53.0.N: Requesting engine job to stop
53.0.Hp: Requesting engine job to terminate
INFO (IPF144): 53: Initiating shutdown of proof [0.00 s]
53.0.N: A trace with 3 cycles was found. [0.00 s]
INFO (IPF055): 53.0.N: A counterexample (cex) with 3 cycles was found for the property "pwm_out.auto_sva_inst.check_pwm_out_r_high_when_lte" in 0.00 s.
53.0.N: Stopped processing property "pwm_out.auto_sva_inst.check_pwm_out_r_high_when_lte"	[0.00 s].
53.0.N: All properties determined. [0.00 s]
53.0.Hp: Interrupted (multi)
53.0.Hp: All properties determined. [0.00 s]
53.0.N: Exited with Success (@ 0.00 s)
53: ProofGrid usable level: 0
53.0.Ht: Proofgrid shell started at 1495723@della-h14n3(local) jg_1472634_della-h14n3_54
53.0.Ht: Requesting engine job to terminate
53.0.Hp: Exited with Success (@ 0.06 s)
53.0.Ht: Interrupted. [0.01 s]
53.0.B: Proofgrid shell started at 1495724@della-h14n3(local) jg_1472634_della-h14n3_54
53.0.B: Requesting engine job to terminate
53.0.Ht: Exited with Success (@ 0.07 s)
53.0.B: Interrupted. [0.01 s]
53.0.B: Exited with Success (@ 0.07 s)
53: --------------------------------------------------------------
ProofGrid Summary (utilization 1.89 %)
--------------------------------------------------------------
     engines started                               :     4
     engine jobs started                           :     4

    Average time in state (seconds)
    ------------------------------------------------------
    Engine  Pending     Running        Dead    Utilization
    ------------------------------------------------------
      N        0.07        0.00        0.00        3.64 %
     Hp        0.06        0.00        0.00        3.78 %
     Ht        0.06        0.00        0.00        0.00 %
      B        0.07        0.00        0.00        0.00 %
    all        0.06        0.00        0.00        1.89 %

    Total time in state (seconds)
    -----------------------------------------
            Pending     Running        Dead  
    -----------------------------------------
               0.26        0.00        0.00

    Data read    : 2.61 kiB
    Data written : 1.33 kiB

53: All pending notifications were processed.
INFO (IPF059): Completed proof on task: "<embedded>" for proof thread 53
INFO (IVS015): Setting Visualize task to "<embedded>".
INFO (IVS008): Expanding analysis region to enable visualization of "<embedded>::pwm_out.auto_sva_inst.check_pwm_out_r_high_when_lte".
INFO (IPF031): Settings used for proof thread 54:
    orchestration                 = off (auto)
    time_limit                    = 3600s
    per_property_time_limit       = 1s * 10 ^ scan
    engine_mode                   = Ht Hp B N 
    proofgrid_per_engine_max_jobs = 1
    max engine jobs               = Ht Hp B N, total 2
    proofgrid_mode                = local
    proofgrid_restarts            = 10
ERROR (EVS053): No trace satisfying these configurations exists for any max_length.
WARNING (WVS028): Saved trace only contains values for the target's COI.
    Use "set_trace_optimization standard" before running Visualize to save values for the full design.
DEBUG: Approach 1 (force re-prove) failed: ERROR (EVS125): No Visualize trace is available for "visualize -save -vcd".

DEBUG: Approach 2 (-new_trace) failed: ERROR (ESW104): Invalid command formation.
    Problem occurs with "-violation -new_trace".

INFO (IPF036): Starting proof on task: "<embedded>", 1 properties to prove with 0 already proven/unreachable
INFO (IPF031): Settings used for proof thread 55:
    orchestration                 = on (auto)
    time_limit                    = 3600s
    per_property_time_limit       = 1s * 10 ^ scan
    engine_mode                   = auto
    proofgrid_per_engine_max_jobs = 1
    max engine jobs               = auto
    proofgrid_mode                = local
    proofgrid_restarts            = 10
55: Using multistage preprocessing
55: Starting reduce
55: Finished reduce in 0s
55.0.PRE: Performing Proof Simplification...
55.0.N: clocks: 2, declared: 1, disabling: 0, posedge: 2, negedge: 0, noedge: 0, bothedge: 0
55.0.N: Proof Simplification Iteration 1	[0.00 s]
55.0.N: Proof Simplification Iteration 2	[0.00 s]
55.0.N: Proof Simplification Iteration 3	[0.00 s]
55.0.PRE: A proof was found: No trace exists. [0.00 s]
INFO (IPF057): 55.0.PRE: The property ":noDeadEnd" was proven in 0.00 s.
    Use check_assumptions -show -dead_end to show this property in the property table.
55.0.PRE: Proof Simplification completed in 0.00 s
55: About to start ProofGrid in its own thread with a limit of 10000 pending notifications and a limit of 10 traces.
55: =============================== ProofGrid start ===============================
55: ProofGrid usable level: 1
55: ProofGrid is starting event handling
55.0.Hp: Proofgrid shell started at 1495748@della-h14n3(local) jg_1472634_della-h14n3_56
55.0.N: Proofgrid shell started at 1495747@della-h14n3(local) jg_1472634_della-h14n3_56
55.0.Hp: OS RSS memory limit : 68719476736 / 68719476736
55.0.Hp: clocks: 1, declared: 1, disabling: 0, posedge: 1, negedge: 0, noedge: 0, bothedge: 0
55.0.N: OS RSS memory limit : 68719476736 / 68719476736
55.0.N: clocks: 1, declared: 1, disabling: 0, posedge: 1, negedge: 0, noedge: 0, bothedge: 0
55.0.N: Last scan. Per property time limit: 0s
55.0.N: Starting proof for property "pwm_out.auto_sva_inst.check_pwm_out_r_high_when_lte"	[0.00 s].
55.0.N: Trace Attempt  1	[0.00 s]
55.0.N: Trace Attempt  2	[0.00 s]
55.0.Hp: Trace Attempt  1	[0.00 s]
55.0.Hp: Trace Attempt  2	[0.00 s]
55.0.N: Trace Attempt  2	[0.00 s]
55.0.Hp: Trace Attempt  3	[0.00 s]
55.0.N: Requesting engine job to stop
55.0.Hp: Requesting engine job to terminate
INFO (IPF144): 55: Initiating shutdown of proof [0.00 s]
55.0.Hp: A trace with 3 cycles was found. [0.00 s]
INFO (IPF055): 55.0.Hp: A counterexample (cex) with 3 cycles was found for the property "pwm_out.auto_sva_inst.check_pwm_out_r_high_when_lte" in 0.00 s.
55.0.Hp: All properties determined. [0.00 s]
55.0.N: Trace Attempt  3	[0.00 s]
55.0.N: Stopped processing property "pwm_out.auto_sva_inst.check_pwm_out_r_high_when_lte"	[0.00 s].
55.0.Hp: Exited with Success (@ 0.01 s)
55: ProofGrid usable level: 0
55.0.N: All properties determined. [0.00 s]
55.0.B: Proofgrid shell started at 1495762@della-h14n3(local) jg_1472634_della-h14n3_56
55.0.B: Requesting engine job to terminate
55.0.N: Exited with Success (@ 0.06 s)
55.0.B: Interrupted. [0.01 s]
55.0.Ht: Proofgrid shell started at 1495761@della-h14n3(local) jg_1472634_della-h14n3_56
55.0.Ht: Requesting engine job to terminate
55.0.Ht: Interrupted. [0.01 s]
55.0.B: Exited with Success (@ 0.07 s)
55.0.Ht: Exited with Success (@ 0.07 s)
55: --------------------------------------------------------------
ProofGrid Summary (utilization 2.35 %)
--------------------------------------------------------------
     engines started                               :     4
     engine jobs started                           :     4

    Average time in state (seconds)
    ------------------------------------------------------
    Engine  Pending     Running        Dead    Utilization
    ------------------------------------------------------
      N        0.07        0.00        0.00        4.25 %
     Hp        0.06        0.00        0.00        4.98 %
     Ht        0.06        0.00        0.00        0.00 %
      B        0.06        0.00        0.00        0.00 %
    all        0.06        0.00        0.00        2.35 %

    Total time in state (seconds)
    -----------------------------------------
            Pending     Running        Dead  
    -----------------------------------------
               0.26        0.01        0.00

    Data read    : 2.48 kiB
    Data written : 1.32 kiB

55: All pending notifications were processed.
INFO (IPF059): Completed proof on task: "<embedded>" for proof thread 55
INFO (IVS015): Setting Visualize task to "<embedded>".
INFO (IVS008): Expanding analysis region to enable visualization of "<embedded>::pwm_out.auto_sva_inst.check_pwm_out_r_high_when_lte".
INFO (IPF031): Settings used for proof thread 56:
    orchestration                 = off (auto)
    time_limit                    = 3600s
    per_property_time_limit       = 1s * 10 ^ scan
    engine_mode                   = Ht Hp B N 
    proofgrid_per_engine_max_jobs = 1
    max engine jobs               = Ht Hp B N, total 2
    proofgrid_mode                = local
    proofgrid_restarts            = 10
ERROR (EVS053): No trace satisfying these configurations exists for any max_length.
WARNING (WVS028): Saved trace only contains values for the target's COI.
    Use "set_trace_optimization standard" before running Visualize to save values for the full design.
DEBUG: Approach 3 (auto engine) failed: ERROR (EVS125): No Visualize trace is available for "visualize -save -vcd".

WARN: Could not dump VCD for <embedded>::pwm_out.auto_sva_inst.check_pwm_out_r_high_when_lte (all approaches failed)
INFO (IPF036): Starting proof on task: "<embedded>", 1 properties to prove with 0 already proven/unreachable
INFO (IPF031): Settings used for proof thread 57:
    orchestration                 = on (auto)
    time_limit                    = 3600s
    per_property_time_limit       = 1s * 10 ^ scan
    engine_mode                   = auto
    proofgrid_per_engine_max_jobs = 1
    max engine jobs               = auto
    proofgrid_mode                = local
    proofgrid_restarts            = 10
57: Using multistage preprocessing
57: Starting reduce
57: Finished reduce in 0s
57.0.PRE: Performing Proof Simplification...
57.0.N: clocks: 2, declared: 1, disabling: 0, posedge: 2, negedge: 0, noedge: 0, bothedge: 0
57.0.N: Proof Simplification Iteration 1	[0.00 s]
57.0.N: Proof Simplification Iteration 2	[0.00 s]
57.0.N: Proof Simplification Iteration 3	[0.00 s]
57.0.PRE: A proof was found: No trace exists. [0.00 s]
INFO (IPF057): 57.0.PRE: The property ":noDeadEnd" was proven in 0.00 s.
    Use check_assumptions -show -dead_end to show this property in the property table.
57.0.PRE: Proof Simplification completed in 0.00 s
57: About to start ProofGrid in its own thread with a limit of 10000 pending notifications and a limit of 10 traces.
57: =============================== ProofGrid start ===============================
57: ProofGrid usable level: 1
57: ProofGrid is starting event handling
57.0.Hp: Proofgrid shell started at 1495786@della-h14n3(local) jg_1472634_della-h14n3_58
57.0.N: Proofgrid shell started at 1495785@della-h14n3(local) jg_1472634_della-h14n3_58
57.0.Hp: OS RSS memory limit : 68719476736 / 68719476736
57.0.N: OS RSS memory limit : 68719476736 / 68719476736
57.0.Hp: clocks: 1, declared: 1, disabling: 0, posedge: 1, negedge: 0, noedge: 0, bothedge: 0
57.0.N: clocks: 1, declared: 1, disabling: 0, posedge: 1, negedge: 0, noedge: 0, bothedge: 0
57.0.N: Last scan. Per property time limit: 0s
57.0.N: Starting proof for property "pwm_out.auto_sva_inst.check_pwm_out_r_low_when_gt"	[0.00 s].
57.0.N: Trace Attempt  1	[0.00 s]
57.0.N: Requesting engine job to stop
57.0.Hp: Requesting engine job to terminate
INFO (IPF144): 57: Initiating shutdown of proof [0.00 s]
57.0.N: A trace with 1 cycles was found. [0.00 s]
INFO (IPF055): 57.0.N: A counterexample (cex) with 1 cycles was found for the property "pwm_out.auto_sva_inst.check_pwm_out_r_low_when_gt" in 0.00 s.
57.0.N: Stopped processing property "pwm_out.auto_sva_inst.check_pwm_out_r_low_when_gt"	[0.00 s].
57.0.N: All properties determined. [0.00 s]
57.0.N: Exited with Success (@ 0.00 s)
57: ProofGrid usable level: 0
57.0.Hp: Interrupted (multi)
57.0.Hp: All properties determined. [0.00 s]
57.0.B: Proofgrid shell started at 1495800@della-h14n3(local) jg_1472634_della-h14n3_58
57.0.B: Requesting engine job to terminate
57.0.Hp: Exited with Success (@ 0.06 s)
57.0.B: Interrupted. [0.01 s]
57.0.Ht: Proofgrid shell started at 1495799@della-h14n3(local) jg_1472634_della-h14n3_58
57.0.Ht: Requesting engine job to terminate
57.0.Ht: Interrupted. [0.01 s]
57.0.B: Exited with Success (@ 0.06 s)
57.0.Ht: Exited with Success (@ 0.06 s)
57: --------------------------------------------------------------
ProofGrid Summary (utilization 0.82 %)
--------------------------------------------------------------
     engines started                               :     4
     engine jobs started                           :     4

    Average time in state (seconds)
    ------------------------------------------------------
    Engine  Pending     Running        Dead    Utilization
    ------------------------------------------------------
      N        0.06        0.00        0.00        1.26 %
     Hp        0.06        0.00        0.00        1.97 %
     Ht        0.06        0.00        0.00        0.00 %
      B        0.06        0.00        0.00        0.00 %
    all        0.06        0.00        0.00        0.82 %

    Total time in state (seconds)
    -----------------------------------------
            Pending     Running        Dead  
    -----------------------------------------
               0.26        0.00        0.00

    Data read    : 1.99 kiB
    Data written : 1.27 kiB

57: All pending notifications were processed.
INFO (IPF059): Completed proof on task: "<embedded>" for proof thread 57
INFO (IVS015): Setting Visualize task to "<embedded>".
INFO (IVS008): Expanding analysis region to enable visualization of "<embedded>::pwm_out.auto_sva_inst.check_pwm_out_r_low_when_gt".
INFO (IPF031): Settings used for proof thread 58:
    orchestration                 = off (auto)
    time_limit                    = 3600s
    per_property_time_limit       = 1s * 10 ^ scan
    engine_mode                   = Ht Hp B N 
    proofgrid_per_engine_max_jobs = 1
    max engine jobs               = Ht Hp B N, total 2
    proofgrid_mode                = local
    proofgrid_restarts            = 10
ERROR (EVS053): No trace satisfying these configurations exists for any max_length.
WARNING (WVS028): Saved trace only contains values for the target's COI.
    Use "set_trace_optimization standard" before running Visualize to save values for the full design.
DEBUG: Approach 1 (force re-prove) failed: ERROR (EVS125): No Visualize trace is available for "visualize -save -vcd".

DEBUG: Approach 2 (-new_trace) failed: ERROR (ESW104): Invalid command formation.
    Problem occurs with "-violation -new_trace".

INFO (IPF036): Starting proof on task: "<embedded>", 1 properties to prove with 0 already proven/unreachable
INFO (IPF031): Settings used for proof thread 59:
    orchestration                 = on (auto)
    time_limit                    = 3600s
    per_property_time_limit       = 1s * 10 ^ scan
    engine_mode                   = auto
    proofgrid_per_engine_max_jobs = 1
    max engine jobs               = auto
    proofgrid_mode                = local
    proofgrid_restarts            = 10
59: Using multistage preprocessing
59: Starting reduce
59: Finished reduce in 0s
59.0.PRE: Performing Proof Simplification...
59.0.N: clocks: 2, declared: 1, disabling: 0, posedge: 2, negedge: 0, noedge: 0, bothedge: 0
59.0.N: Proof Simplification Iteration 1	[0.00 s]
59.0.N: Proof Simplification Iteration 2	[0.00 s]
59.0.N: Proof Simplification Iteration 3	[0.00 s]
59.0.PRE: A proof was found: No trace exists. [0.00 s]
INFO (IPF057): 59.0.PRE: The property ":noDeadEnd" was proven in 0.00 s.
    Use check_assumptions -show -dead_end to show this property in the property table.
59.0.PRE: Proof Simplification completed in 0.00 s
59: About to start ProofGrid in its own thread with a limit of 10000 pending notifications and a limit of 10 traces.
59: =============================== ProofGrid start ===============================
59: ProofGrid usable level: 1
59: ProofGrid is starting event handling
59.0.N: Proofgrid shell started at 1495823@della-h14n3(local) jg_1472634_della-h14n3_60
59.0.Hp: Proofgrid shell started at 1495824@della-h14n3(local) jg_1472634_della-h14n3_60
59.0.N: OS RSS memory limit : 68719476736 / 68719476736
59.0.Hp: OS RSS memory limit : 68719476736 / 68719476736
59.0.N: clocks: 1, declared: 1, disabling: 0, posedge: 1, negedge: 0, noedge: 0, bothedge: 0
59.0.N: Last scan. Per property time limit: 0s
59.0.N: Starting proof for property "pwm_out.auto_sva_inst.check_pwm_out_r_low_when_gt"	[0.00 s].
59.0.Hp: clocks: 1, declared: 1, disabling: 0, posedge: 1, negedge: 0, noedge: 0, bothedge: 0
59.0.N: Trace Attempt  1	[0.00 s]
59.0.N: Requesting engine job to stop
59.0.Hp: Requesting engine job to terminate
INFO (IPF144): 59: Initiating shutdown of proof [0.00 s]
59.0.N: A trace with 1 cycles was found. [0.00 s]
INFO (IPF055): 59.0.N: A counterexample (cex) with 1 cycles was found for the property "pwm_out.auto_sva_inst.check_pwm_out_r_low_when_gt" in 0.00 s.
59.0.N: Stopped processing property "pwm_out.auto_sva_inst.check_pwm_out_r_low_when_gt"	[0.00 s].
59.0.N: All properties determined. [0.00 s]
59.0.Hp: Interrupted (multi)
59.0.Hp: All properties determined. [0.00 s]
59.0.Ht: Proofgrid shell started at 1495837@della-h14n3(local) jg_1472634_della-h14n3_60
59.0.Ht: Requesting engine job to terminate
59.0.B: Proofgrid shell started at 1495838@della-h14n3(local) jg_1472634_della-h14n3_60
59.0.B: Requesting engine job to terminate
59.0.B: Interrupted. [0.01 s]
59.0.N: Exited with Success (@ 0.06 s)
59: ProofGrid usable level: 0
59.0.Hp: Exited with Success (@ 0.06 s)
59.0.Ht: Interrupted. [0.01 s]
59.0.B: Exited with Success (@ 0.07 s)
59.0.Ht: Exited with Success (@ 0.07 s)
59: --------------------------------------------------------------
ProofGrid Summary (utilization 0.44 %)
--------------------------------------------------------------
     engines started                               :     4
     engine jobs started                           :     4

    Average time in state (seconds)
    ------------------------------------------------------
    Engine  Pending     Running        Dead    Utilization
    ------------------------------------------------------
      N        0.07        0.00        0.00        1.20 %
     Hp        0.06        0.00        0.00        0.51 %
     Ht        0.06        0.00        0.00        0.00 %
      B        0.06        0.00        0.00        0.00 %
    all        0.06        0.00        0.00        0.44 %

    Total time in state (seconds)
    -----------------------------------------
            Pending     Running        Dead  
    -----------------------------------------
               0.26        0.00        0.00

    Data read    : 1.93 kiB
    Data written : 1.28 kiB

59: All pending notifications were processed.
INFO (IPF059): Completed proof on task: "<embedded>" for proof thread 59
INFO (IVS015): Setting Visualize task to "<embedded>".
INFO (IVS008): Expanding analysis region to enable visualization of "<embedded>::pwm_out.auto_sva_inst.check_pwm_out_r_low_when_gt".
INFO (IPF031): Settings used for proof thread 60:
    orchestration                 = off (auto)
    time_limit                    = 3600s
    per_property_time_limit       = 1s * 10 ^ scan
    engine_mode                   = Ht Hp B N 
    proofgrid_per_engine_max_jobs = 1
    max engine jobs               = Ht Hp B N, total 2
    proofgrid_mode                = local
    proofgrid_restarts            = 10
ERROR (EVS053): No trace satisfying these configurations exists for any max_length.
WARNING (WVS028): Saved trace only contains values for the target's COI.
    Use "set_trace_optimization standard" before running Visualize to save values for the full design.
DEBUG: Approach 3 (auto engine) failed: ERROR (EVS125): No Visualize trace is available for "visualize -save -vcd".

WARN: Could not dump VCD for <embedded>::pwm_out.auto_sva_inst.check_pwm_out_r_low_when_gt (all approaches failed)
INFO: Dumped 0 VCD files to /home/ab2113/malik25_26/veri_thoughts/dataset/verification_results/version_2/ids/00581/cex_vcd
[<embedded>] % 
[<embedded>] % # ---- Write summary ----
[<embedded>] % set fp [open $SUMMARY_TXT "w"]
file15
[<embedded>] % puts $fp "DESIGN_ID=$DESIGN_ID"
[<embedded>] % puts $fp "TOP=$TOP"
[<embedded>] % puts $fp "AUTO_BIND=$AUTO_BIND"
[<embedded>] % puts $fp "ASSERT_COUNT=[llength $ASSERTS]"
[<embedded>] % puts $fp "COVER_COUNT=[llength $COVERS]"
[<embedded>] % puts $fp "CEX_COUNT=$n_cex"
[<embedded>] % puts $fp "AR_CEX_COUNT=$n_ar_cex"
[<embedded>] % puts $fp "PROP_LIST=$PROP_LIST_TXT"
[<embedded>] % puts $fp "CEX_DETAILS=$CEX_TXT"
[<embedded>] % close $fp
[<embedded>] % 
[<embedded>] % puts "\n✅ DONE: Proof run completed (check Jasper property table / log for PROVED/FAILED)"

✅ DONE: Proof run completed (check Jasper property table / log for PROVED/FAILED)
[<embedded>] % puts "INFO: Wrote $SUMMARY_TXT"
INFO: Wrote /home/ab2113/malik25_26/veri_thoughts/dataset/verification_results/version_2/ids/00581/summary.txt
[<embedded>] % puts "INFO: Wrote $PROP_LIST_TXT"
INFO: Wrote /home/ab2113/malik25_26/veri_thoughts/dataset/verification_results/version_2/ids/00581/property_list.txt
[<embedded>] % exit 0
[<embedded>] % INFO (IPL005): Received request to exit from the console.
INFO (IPL014): Waiting for the Tcl-thread to exit.
INFO: Waiting for proof threads to stop...
INFO: Proof threads stopped.
INFO (IPL018): The peak resident set memory use for this session was 12.231 GB.
INFO (IPL015): The Tcl-thread exited with status 0.
INFO (IPL016): Exiting the analysis session with status 0.
