# ----------------------------------------
# JasperGold Version Info
# tool      : JasperGold 2021.03
# platform  : Linux 5.14.0-570.84.1.el9_6.x86_64
# version   : 2021.03 FCS 64 bits
# build date: 2021.03.23 02:50:43 UTC
# ----------------------------------------
# started   : 2026-02-23 13:42:56 EST
# hostname  : della-h14n5.(none)
# pid       : 1482703
# arguments : '-label' 'session_0' '-console' '//127.0.0.1:32891' '-nowindow' '-style' 'windows' '-exitonerror' '-data' 'AAAA8HicTY6xCsJAEETfIYKIhT+iRsQikNYuIljYHhpOTQwqJlrY+Kv+SZw7NLiwc7O7s7NngOTVNA0hOk/BkJQlaxbCFRu9bZj3lyRG0FUOGLFjS03GUXVf9ZUbFwpVKWMmPHDq5OyVWdDmmp+x6joq7pTqVVJGTJkTMxMvOLROTnu1/Hpy95dK8Sh4F/KrpPMX7N8lG/7j907S/Xb4AKbrJRY=' '-proj' '/home/ab2113/malik25_26/metrex/dataset/version_1/verification_results/01593/jgproject/sessionLogs/session_0' '-init' '-hidden' '/home/ab2113/malik25_26/metrex/dataset/version_1/verification_results/01593/jgproject/.tmp/.initCmds.tcl' './jasper_verif_check.tcl' '-hidden' '/home/ab2113/malik25_26/metrex/dataset/version_1/verification_results/01593/jgproject/.tmp/.postCmds.tcl'

Any disclosure about the Cadence Design Systems software or its use
model to any third party violates the written Non-Disclosure Agreement
between Cadence Design Systems, Inc. and the customer.

THIS SOFTWARE CONTAINS CONFIDENTIAL INFORMATION AND TRADE SECRETS OF
CADENCE DESIGN SYSTEMS, INC. USE, DISCLOSURE, OR REPRODUCTION IS
PROHIBITED WITHOUT THE PRIOR EXPRESS WRITTEN PERMISSION OF CADENCE
DESIGN SYSTEMS, INC.

Copyright (C) 2000-2021 Cadence Design Systems, Inc. All Rights
Reserved.  Unpublished -- rights reserved under the copyright laws of
the United States.

This product includes software developed by others and redistributed
according to license agreement. See doc/third_party_readme.txt for
further details.

RESTRICTED RIGHTS LEGEND

Use, duplication, or disclosure by the Government is subject to
restrictions as set forth in subparagraph (c) (1) (ii) of the Rights in
Technical Data and Computer Software clause at DFARS 252.227-7013 or
subparagraphs (c) (1) and (2) of Commercial Computer Software -- Restricted
Rights at 48 CFR 52.227-19, as applicable.


                          Cadence Design Systems, Inc. 
                          2655 Seely Avenue
                          San Jose, CA 95134
                          Phone: 408.943.1234

For technical assistance visit http://support.cadence.com.

JasperGold Apps Analysis Session - /home/ab2113/malik25_26/metrex/dataset/version_1/verification_results/01593/jgproject/sessionLogs/session_0

INFO: successfully checked out license "jasper_fao".
INFO: reading configuration file "/home/ab2113/.config/jasper/jaspergold.conf".
% # ============================================================
% # JasperGold Assertion Verification Runner (env-driven)
% # Output: verification_results/<DESIGN_ID>/
% #
% # Env:
% #   DESIGN_ID     : required (subfolder name)
% #   JG_DESIGN     : required, space/colon-separated RTL file paths OR a directory
% #   JG_SVA        : required, space/colon-separated SVA file paths OR a directory
% #
% # Optional:
% #   JG_TOP        : top module name. If missing, inferred from RTL (default: infer)
% #   JG_STD        : sv12 | sv11 | sv09 (default: sv12)
% #   JG_INCDIRS    : colon/space-separated include dirs (optional)
% #   JG_DEFINES    : space-separated defines NAME or NAME=VAL (optional)
% #   JG_NO_CLOCK   : 1 to force combinational clocking (default: 0)
% #   JG_RESET      : explicit reset signal name (optional)
% #   JG_RESET_EXPR : explicit reset expression (optional)
% # ============================================================
% 
% proc split_env_list {s} {
  if {$s eq ""} {return {}}
  set out {}
  foreach p [split $s " :"] { if {$p ne ""} {lappend out $p} }
  return $out
}
% 
% proc split_space_list {s} {
  if {$s eq ""} {return {}}
  set out {}
  foreach p [split $s " "] { if {$p ne ""} {lappend out $p} }
  return $out
}
% 
% proc collect_files_any {path} {
  # If path is a file, return it. If directory, glob common HDL extensions.
  if {[file isfile $path]} { return [list $path] }
  if {![file isdirectory $path]} { error "Not a file or directory: $path" }

  set patterns {*.sv *.svh *.v *.vh}
  set flist {}
  foreach p $patterns {
    foreach f [glob -nocomplain -types f -directory $path -tails -- $p] {
      lappend flist [file join $path $f]
    }
  }
  if {[llength $flist] == 0} { error "No HDL files found in directory: $path" }
  return $flist
}
% 
% proc read_file_text {path} {
  set fp [open $path "r"]
  set data [read $fp]
  close $fp
  return $data
}
% 
% proc strip_comments {text} {
  set out $text
  regsub -all {(?s)/\*.*?\*/} $out "" out
  regsub -all {(?m)//.*$} $out "" out
  return $out
}
% 
% proc infer_top_from_file {f} {
  if {![file isfile $f]} { return "" }
  set txt [strip_comments [read_file_text $f]]
  if {[regexp -nocase -line {^\s*module\s+([A-Za-z_][A-Za-z0-9_]*)} $txt -> m]} {
    return $m
  }
  return ""
}
% 
% proc find_reset_signal {top files} {
  set top_l [string tolower $top]
  set keywords {input output inout wire reg logic signed unsigned integer parameter localparam bit tri supply0 supply1 tri0 tri1 wand wor}
  foreach f $files {
    if {![file isfile $f]} { continue }
    set txt [strip_comments [read_file_text $f]]
    set re "(?s)\\mmodule\\s+${top_l}\\M\\s*(#\\s*\\(.*?\\)\\s*)?\\((.*?)\\)\\s*;"
    if {[regexp -nocase -- $re $txt -> _port_params portlist]} {
      set tokens [regexp -all -inline {\m[A-Za-z_][A-Za-z0-9_]*\M} $portlist]
      set names {}
      foreach t $tokens {
        set tl [string tolower $t]
        if {[lsearch -exact $keywords $tl] >= 0} { continue }
        lappend names $t
      }
      if {[llength $names] == 0} { continue }
      set lower_map [dict create]
      foreach n $names { dict set lower_map [string tolower $n] $n }
      set exact_priority {reset_n rst_n resetb rstb resetn rstn areset_n arst_n reset rst areset arst}
      foreach p $exact_priority {
        if {[dict exists $lower_map $p]} { return [dict get $lower_map $p] }
      }
      foreach n $names {
        set ln [string tolower $n]
        if {[regexp {(^|_)reset(_|$)} $ln] || [regexp {(^|_)rst(_|$)} $ln]} {
          return $n
        }
      }
    }
  }
  return ""
}
% 
% # ---- Read config from environment ----
% if {![info exists ::env(DESIGN_ID)] || $::env(DESIGN_ID) eq ""} {
  puts "ERROR: DESIGN_ID not set."
  exit 2
}
% if {![info exists ::env(JG_DESIGN)] || $::env(JG_DESIGN) eq ""} {
  puts "ERROR: JG_DESIGN not set."
  exit 2
}
% if {![info exists ::env(JG_SVA)] || $::env(JG_SVA) eq ""} {
  puts "ERROR: JG_SVA not set."
  exit 2
}
% 
% set DESIGN_ID $::env(DESIGN_ID)
01593
% 
% # JG_TOP is optional: if missing, infer from RTL
% set TOP ""
% if {[info exists ::env(JG_TOP)] && $::env(JG_TOP) ne ""} {
  set TOP $::env(JG_TOP)
}
% 
% set STD      [expr {[info exists ::env(JG_STD)] ? $::env(JG_STD) : "sv12"}]
sv12
% set INCDIRS  [expr {[info exists ::env(JG_INCDIRS)] ? [split_env_list $::env(JG_INCDIRS)] : {}}]
% # Defines should be space-separated (do NOT split on ':')
% set DEFINES  [expr {[info exists ::env(JG_DEFINES)] ? [split_space_list $::env(JG_DEFINES)] : {}}]
% set NO_CLOCK [expr {[info exists ::env(JG_NO_CLOCK)] ? $::env(JG_NO_CLOCK) : 0}]
1
% 
% # JG_DESIGN/JG_SVA can be:
% # - a directory
% # - a single file
% # - a list of files/dirs separated by spaces/colons
% set DESIGN_INPUTS [split_env_list $::env(JG_DESIGN)]
./01593/module.v
% set SVA_INPUTS    [split_env_list $::env(JG_SVA)]
./01593/sva.sv
% 
% set DESIGN_FILES {}
% foreach p $DESIGN_INPUTS { set DESIGN_FILES [concat $DESIGN_FILES [collect_files_any $p]] }
% 
% # Infer TOP if not provided
% if {$TOP eq ""} {
  foreach f $DESIGN_FILES {
    set guess [infer_top_from_file $f]
    if {$guess ne ""} { set TOP $guess; break }
  }
  if {$TOP eq ""} {
    puts "ERROR: Could not infer TOP from design files; set JG_TOP explicitly."
    exit 2
  }
}
% puts "INFO: Using TOP = $TOP"
INFO: Using TOP = counter
% 
% set SVA_FILES {}
% foreach p $SVA_INPUTS { set SVA_FILES [concat $SVA_FILES [collect_files_any $p]] }
% 
% # ---- Output dir ----
% set OUT_DIR [file join "verification_results" $DESIGN_ID]
verification_results/01593
% file mkdir $OUT_DIR
% set PROP_LIST_TXT [file join $OUT_DIR "property_list.txt"]
verification_results/01593/property_list.txt
% set SUMMARY_TXT   [file join $OUT_DIR "summary.txt"]
verification_results/01593/summary.txt
% 
% puts "INFO: Verification run starting"
INFO: Verification run starting
% puts "  DESIGN_ID : $DESIGN_ID"
  DESIGN_ID : 01593
% puts "  TOP       : $TOP"
  TOP       : counter
% puts "  STD       : $STD"
  STD       : sv12
% puts "  INCDIRS   : $INCDIRS"
  INCDIRS   : 
% puts "  DEFINES   : $DEFINES"
  DEFINES   : 
% puts "  NO_CLOCK  : $NO_CLOCK"
  NO_CLOCK  : 1
% puts "  N_DESIGN  : [llength $DESIGN_FILES]"
  N_DESIGN  : 1
% puts "  N_SVA     : [llength $SVA_FILES]"
  N_SVA     : 1
% puts "  OUT_DIR   : $OUT_DIR"
  OUT_DIR   : verification_results/01593
% 
% # Optional: promote common message groups to errors (best-effort)
% if {[llength [info commands set_msg_config]]} {
  set_msg_config -id COMP*  -severity error
  set_msg_config -id PARSE* -severity error
  set_msg_config -id ELAB*  -severity error
}
% 
% # ---- Build analyze options ----
% set analyze_opts [list analyze -$STD]
analyze -sv12
% if {[llength $INCDIRS] > 0} { lappend analyze_opts -incdir $INCDIRS }
% if {[llength $DEFINES] > 0} {
  foreach d $DEFINES { lappend analyze_opts -define $d }
}
% 
% # ---- Analyze + Elaborate ----
% set err 0
0
% puts "DEBUG: DESIGN_FILES = $DESIGN_FILES"
DEBUG: DESIGN_FILES = ./01593/module.v
% puts "DEBUG: SVA_FILES    = $SVA_FILES"
DEBUG: SVA_FILES    = ./01593/sva.sv
% 
% if {[catch {eval $analyze_opts $DESIGN_FILES} msg]} {
  puts "ERROR: analyze design failed:\n$msg"
  set err 1
}
[-- (VERI-1482)] Analyzing Verilog file '/scratch/gpfs/LICENSED/x86_64/cadence-20210126/jasper_2021.03/lib/verilog/packages/std/std.sv' into library 'std'
[-- (VERI-1482)] Analyzing Verilog file './01593/module.v'
% if {!$err && [catch {eval $analyze_opts $SVA_FILES} msg2]} {
  puts "ERROR: analyze SVA failed:\n$msg2"
  set err 1
}
[-- (VERI-1482)] Analyzing Verilog file './01593/sva.sv'
% 
% puts "DEBUG: Elaborating TOP='$TOP'"
DEBUG: Elaborating TOP='counter'
% if {!$err && [catch {elaborate -top $TOP} emsg]} {
  puts "ERROR: elaborate failed:\n$emsg"
  set err 1
}
INFO (ISW003): Top module name is "counter".
[INFO (HIER-8002)] ./01593/module.v(17): Disabling old hierarchical reference handler
[INFO (VERI-1018)] ./01593/sva.sv(2): compiling module 'counter_sva'
[WARN (VERI-1796)] ./01593/sva.sv(6): system function call isunknown with non-constant argument is not synthesizable
[INFO (VERI-1018)] ./01593/module.v(1): compiling module 'counter'
[WARN (VERI-1209)] ./01593/module.v(13): expression size 32 truncated to fit in target size 8
INFO (INL208): Elaboration synthesis summary:
  Number of synthesized netlists          3 (1 packages)
  Single run mode                         On
  Pipeline                                On (1 pipelined netlists)
  Late hierarchical reference connection  On
  Number of analyzed Verilog modules      3 (3 synthesized)
  Number of analyzed VHDL entities        0 (0 synthesized)
INFO (INL003): Clearing all state information (assumes, stopats, and so forth).
[<embedded>] % 
[<embedded>] % # If combinational / event-driven, you can force "no clock"
[<embedded>] % if {!$err && $NO_CLOCK} {
  catch { clock -none }
}
INFO (ICK008): Enabling clock-free environment.
0
[<embedded>] % 
[<embedded>] % if {$err} {
  puts "\n❌ FAILED: compile/elab errors"
  exit 1
}
[<embedded>] % 
[<embedded>] % # ---- Reset -----
[<embedded>] % set RESET_SIG ""
[<embedded>] % set RESET_EXPR ""
[<embedded>] % if {[info exists ::env(JG_RESET_EXPR)] && $::env(JG_RESET_EXPR) ne ""} {
  set RESET_EXPR $::env(JG_RESET_EXPR)
} elseif {[info exists ::env(JG_RESET)] && $::env(JG_RESET) ne ""} {
  set RESET_SIG $::env(JG_RESET)
} else {
  set RESET_SIG [find_reset_signal $TOP $DESIGN_FILES]
}
reset
[<embedded>] % 
[<embedded>] % if {$RESET_EXPR ne ""} {
  puts "INFO: Using reset expression: $RESET_EXPR"
  catch { reset -expression $RESET_EXPR }
} elseif {$RESET_SIG ne ""} {
  if {[regexp -nocase {(_n|_b)$} $RESET_SIG]} {
    set RESET_EXPR "!$RESET_SIG"
    puts "INFO: Using active-low reset expression: $RESET_EXPR"
    catch { reset -expression $RESET_EXPR }
  } else {
    puts "INFO: Using reset signal: $RESET_SIG"
    catch { reset $RESET_SIG }
  }
} else {
  puts "INFO: No reset signal found; using reset -none"
  catch { reset -none }
}
INFO: Using reset signal: reset
INFO (IPM031): Clearing proof results of all properties.
INFO (IRS006): Current reset condition is "reset".
0
[<embedded>] % 
[<embedded>] % # ---- Property discovery (bind sanity check) ----
[<embedded>] % set ASSERTS {}
[<embedded>] % set COVERS  {}
[<embedded>] % catch { set ASSERTS [assert -list -silent] }
0
[<embedded>] % catch { set COVERS  [cover  -list -silent] }
0
[<embedded>] % 
[<embedded>] % puts "INFO: Found [llength $ASSERTS] asserts, [llength $COVERS] covers"
INFO: Found 4 asserts, 7 covers
[<embedded>] % 
[<embedded>] % # Write property names
[<embedded>] % set fp [open $PROP_LIST_TXT "w"]
file41
[<embedded>] % puts $fp "ASSERT PROPERTIES:"
[<embedded>] % foreach a $ASSERTS { puts $fp $a }
[<embedded>] % puts $fp ""
[<embedded>] % puts $fp "COVER PROPERTIES:"
[<embedded>] % foreach c $COVERS { puts $fp $c }
[<embedded>] % close $fp
[<embedded>] % 
[<embedded>] % if {[llength $ASSERTS] == 0 && [llength $COVERS] == 0} {
  puts "\n❌ FAILED: No properties found (bind likely didn't attach, or wrong TOP)"
  exit 3
}
[<embedded>] % 
[<embedded>] % # ---- Prove all assertions ----
[<embedded>] % # 3600 seconds = 1 hour timeout per property (adjust as needed)
[<embedded>] % set_prove_time_limit 3600
[<embedded>] % puts "INFO: Running prove -all"
INFO: Running prove -all
[<embedded>] % if {[catch { prove -all } pmsg]} {
  puts "ERROR: prove command failed:\n$pmsg"
  exit 4
}
Ncustom1: Custom engine code is hT3Ng7hPPfiYQOTDZ3qhYOwGAM51eA+J/FjkM5shLioAsqhgLR4Ft+O1BuKG6ilQ83B9tLXSl+CwjiTMAQA
AMcustom2: Custom engine code is hT3Ng7hP/feYQOTDZ3qhYOwGAM51eA+J/FjkM5shLioAsqhgLR4Ft+O1BuKG6ilQ83B9tLXSmmqwm7g9AQA
INFO (IPF036): Starting proof on task: "<embedded>", 11 properties to prove with 0 already proven/unreachable
INFO (IRS029): Starting reset analysis: phase 1 of 4.
INFO (IRS030): Running reset analysis: phase 2 of 4.
INFO (IRS031): Running reset analysis: phase 3 of 4.
INFO (IRS020): Starting the reset analysis simulation with a limit of 100 iterations (phase 4 of 4).
INFO (IRS024): Reset iterations 0 to 4 analyzed.
INFO (IRS018): Reset analysis simulation executed for 3 iterations. Assigned values for 0 of 8 design flops, 0 of 0 design latches, 539 of 2612 internal elements.
INFO (IRS039): Reset analysis complete.
INFO (IPF031): Settings used for proof thread 0:
    orchestration                 = on (auto)
    time_limit                    = 3600s
    per_property_time_limit       = 1s * 10 ^ scan
    engine_mode                   = auto
    proofgrid_per_engine_max_jobs = 1
    max engine jobs               = auto
    proofgrid_mode                = local
    proofgrid_restarts            = 10
AMcustom3: Custom engine code is hT3NE7hP/2Fz2XrVSbG0RDiSlOmcEY54dTxWvdDsI3//MxFcPzdQEJVlimlZshtLUKCpt0qXHu9EQAivsvCTP5Pi2s9EBccXnc85FrzRRX45WcXC5XpA9kyHdIYmOxUqsRrN5ntdfkwHRnO7f82Dn4pCsne09HV19Yd/o8VzV0c8nka+2MMhbNDEdLGC4SmTi8oNy00Nn40QJnMevDlPY3jIAQA
Ncustom4: Custom engine code is hT3OXrhPByJp3TrFSTLhUmMH4KVtJgmTCnNDF46yMXOKY48m4LS5nE7yBzFjA7kDuwO/GhGUpEPiky3p3wmPn3dJZHxFMsafSoObRzSC+tn7sEY0WbTdZ/FV4hL3MYH/b1CIUvXSWR4wqEoVLsmMOD4xIPT4lI1LO6ZCO7PnnWQuLwetnvKlrXx6wCW/A+x+enqslg1YPobi4wEF/EvbzOvcTYdJvl2s4H2yZg2b2ofAVN5WvhWk1HoBAA
Ncustom5: Custom engine code is hT3NR7hPByFp3TrFSTLhUmMH4KWtJglTyV/c51BHEeZWamnJv767nE6PCak26bd3gf3XGN3rIRheufhDieCJQVISo+gNYUKhiUedBKGtsP/a18svAnlMJZudHxDFwK5ufsyoxsIyiAeSY2oi3tEuoDHr5gw42DFKAG3PqO3CEsl8Azzdt3pl5nGA1Ifv2H02eYsFzWb/nfp8PMb3F0krE/EgBcm8TD9Div8BAA
Tricustom6: Custom engine code is hT3Nu7hP3fiYQADBZnYcglNHp9bfd7EOeniIqP/ji8sGLQu8yhsFO+wxJ+O+R0bU8g/IewXFomyos+viQnWc2xYNYmMqpo3i40O7DaZR7qfp4YqNx26KRvQ/qx0BAA
0.0.PRE: A proof was found: No trace exists. [0.00 s]
INFO (IPF057): 0.0.PRE: The property "counter.u_counter_sva.a_known" was proven in 0.00 s.
0.0.PRE: A proof was found: No trace exists. [0.00 s]
INFO (IPF057): 0.0.PRE: The property "counter.u_counter_sva.a_reset_clear" was proven in 0.00 s.
0.0.PRE: A proof was found: No trace exists. [0.00 s]
INFO (IPF051): 0.0.PRE: The cover property "counter.u_counter_sva.c_reset_clear" was proven unreachable in 0.00 s.
0.0.PRE: A proof was found: No trace exists. [0.00 s]
INFO (IPF051): 0.0.PRE: The cover property "counter.u_counter_sva.c_reset_to_one" was proven unreachable in 0.00 s.
0: Found proofs for 4 properties in preprocessing
0: Using multistage preprocessing
0: Starting reduce
0: Finished reduce in 0.005s
0.0.PRE: A proof was found: No trace exists. [0.00 s]
INFO (IPF051): 0.0.PRE: The cover property "counter.u_counter_sva.a_reset_clear:precondition1" was proven unreachable in 0.00 s.
0: Found proofs for 1 properties in preprocessing
0.0.PRE: Performing Proof Simplification...
0.0.N: clocks: 2, declared: 1, disabling: 0, posedge: 2, negedge: 0, noedge: 0, bothedge: 0
0.0.N: Proof Simplification Iteration 1	[0.00 s]
0.0.N: Proof Simplification Iteration 2	[0.00 s]
0.0.N: Proof Simplification Iteration 3	[0.00 s]
0.0.PRE: A proof was found: No trace exists. [0.00 s]
INFO (IPF057): 0.0.PRE: The property ":noDeadEnd" was proven in 0.00 s.
    Use check_assumptions -show -dead_end to show this property in the property table.
0.0.PRE: A proof was found: No trace exists. [0.00 s]
INFO (IPF057): 0.0.PRE: The property ":noConflict" was proven in 0.00 s.
    Use check_assumptions -show to show this property in the property table.
INFO (IPF047): 0.0.PRE: The cover property ":live" was covered in 1 cycles in 0.00 s.
    Use check_assumptions -show -live to show this property in the property table.
0.0.PRE: Proof Simplification completed in 0.01 s
0: About to start ProofGrid in its own thread with a limit of 10000 pending notifications and a limit of 10 traces.
0: =============================== ProofGrid start ===============================
0: ProofGrid usable level: 6
0: ProofGrid is starting event handling
0.0.Hp: Proofgrid shell started at 1482874@della-h14n5(local) jg_1482703_della-h14n5_1
0.0.Hp: OS RSS memory limit : 17179869184 / 17179869184
0.0.N: Proofgrid shell started at 1482873@della-h14n5(local) jg_1482703_della-h14n5_1
0.0.Hp: clocks: 1, declared: 1, disabling: 0, posedge: 1, negedge: 0, noedge: 0, bothedge: 0
0.0.N: OS RSS memory limit : 17179869184 / 17179869184
0.0.N: clocks: 1, declared: 1, disabling: 0, posedge: 1, negedge: 0, noedge: 0, bothedge: 0
0.0.N: Next scan (0) will use per property time limit: 1s * 10 ^ 0 = 1s
0.0.N: Starting proof for property "counter.u_counter_sva.a_step"	[0.00 s].
0.0.N: Trace Attempt  1	[0.00 s]
0.0.N: A trace with 1 cycles was found. [0.00 s]
INFO (IPF055): 0.0.N: A counterexample (cex) with 1 cycles was found for the property "counter.u_counter_sva.a_step" in 0.01 s.
INFO (IPF047): 0.0.N: The cover property "counter.u_counter_sva.a_step:precondition1" was covered in 1 cycles in 0.01 s by the incidental trace "counter.u_counter_sva.a_step".
0.0.N: Stopped processing property "counter.u_counter_sva.a_step"	[0.01 s].
0.0.N: Starting proof for property "counter.u_counter_sva.a_periodicity"	[0.00 s].
0.0.N: Trace Attempt  1	[0.00 s]
0.0.N: Trace Attempt  2	[0.00 s]
0.0.N: Trace Attempt  2	[0.01 s]
0.0.N: Trace Attempt  3	[0.01 s]
0.0.N: Trace Attempt  4	[0.01 s]
0.0.Hp: Trace Attempt  1	[0.02 s]
0.0.N: Trace Attempt  4	[0.01 s]
0.0.Hp: Trace Attempt  2	[0.02 s]
0.0.N: Trace Attempt  5	[0.01 s]
0.0.Hp: Trace Attempt  3	[0.04 s]
0.0.Hp: A trace with 3 cycles was found. [0.04 s]
INFO (IPF047): 0.0.Hp: The cover property "counter.u_counter_sva.c_inc" was covered in 3 cycles in 0.04 s.
0.0.Hp: A trace with 3 cycles was found. [0.04 s]
INFO (IPF047): 0.0.Hp: The cover property "counter.u_counter_sva.c_wrap" was covered in 3 cycles in 0.04 s.
0.0.Ht: Proofgrid shell started at 1482887@della-h14n5(local) jg_1482703_della-h14n5_1
0.0.Ht: OS RSS memory limit : 17179869184 / 17179869184
0.0.B: Proofgrid shell started at 1482888@della-h14n5(local) jg_1482703_della-h14n5_1
0.0.B: OS RSS memory limit : 17179869184 / 17179869184
0.0.Ht: clocks: 1, declared: 1, disabling: 0, posedge: 1, negedge: 0, noedge: 0, bothedge: 0
0.0.B: clocks: 1, declared: 1, disabling: 0, posedge: 1, negedge: 0, noedge: 0, bothedge: 0
0.0.B: Next scan (0) will use per property time limit: 1s * 10 ^ 0 = 1s
0.0.B: Starting proof for property "counter.u_counter_sva.a_periodicity"	[0.00 s].
0.0.B: Trace Attempt  1	[0.00 s]
0.0.Ht: Trace Attempt  1	[0.01 s]
0.0.Ht: Trace Attempt  2	[0.01 s]
0.0.Ht: Trace Attempt  3	[0.01 s]
0.0.Ht: Trace Attempt  4	[0.01 s]
0.0.Ht: Trace Attempt  5	[0.01 s]
0.0.B: Trace Attempt  2	[0.01 s]
0.0.B: Trace Attempt  3	[0.01 s]
0.0.B: Trace Attempt  4	[0.01 s]
0.0.B: Trace Attempt  5	[0.02 s]
0: ProofGrid usable level: 2
0.0.N: Trace Attempt 40	[0.98 s]
0.0.N: Per property time limit expired (1.00 s) [1.01 s]
0.0.N: Stopped processing property "counter.u_counter_sva.a_periodicity"	[1.00 s].
0.0.N: Starting proof for property "counter.u_counter_sva.c_full_cycle"	[0.00 s].
0.0.N: Trace Attempt  1	[0.00 s]
0.0.N: Trace Attempt  2	[0.00 s]
0.0.N: Trace Attempt  2	[0.00 s]
0.0.N: Trace Attempt  3	[0.00 s]
0.0.N: Trace Attempt  4	[0.00 s]
0.0.N: Trace Attempt  4	[0.00 s]
0.0.N: Trace Attempt  5	[0.00 s]
0.0.B: Stopped processing property "counter.u_counter_sva.a_periodicity"	[0.96 s].
0.0.B: Starting proof for property "counter.u_counter_sva.c_full_cycle"	[0.00 s].
0.0.B: Trace Attempt  1	[0.00 s]
0.0.B: Trace Attempt  2	[0.00 s]
0.0.B: Trace Attempt  3	[0.00 s]
0.0.B: Trace Attempt  4	[0.00 s]
0.0.B: Trace Attempt  5	[0.00 s]
0.0.N: Trace Attempt 62	[0.99 s]
0.0.N: Per property time limit expired (1.00 s) [1.00 s]
0.0.N: Stopped processing property "counter.u_counter_sva.c_full_cycle"	[1.00 s].
0.0.N: Next scan (1) will use per property time limit: 1s * 10 ^ 1 = 10s
0.0.N: Starting proof for property "counter.u_counter_sva.a_periodicity"	[0.00 s].
0.0.B: Stopped processing property "counter.u_counter_sva.c_full_cycle"	[0.99 s].
0.0.B: Next scan (1) will use per property time limit: 1s * 10 ^ 1 = 10s
0.0.B: Starting proof for property "counter.u_counter_sva.a_periodicity"	[0.00 s].
0.0.B: Trace Attempt  1	[0.00 s]
0.0.B: Trace Attempt  2	[0.01 s]
0.0.B: Trace Attempt  3	[0.01 s]
0.0.B: Trace Attempt  4	[0.01 s]
0.0.N: Trace Attempt 40	[0.03 s]
0.0.B: Trace Attempt  5	[0.01 s]
0.0.N: Trace Attempt 75	[4.04 s]
0.0.B: Trace Attempt 286	[4.03 s]
0.0.Ht: Trace Attempt 329	[6.54 s]
0.0.B: Trace Attempt 378	[8.04 s]
0.0.N: Trace Attempt 94	[8.13 s]
0.0.Ht: Trace Attempt 365	[11.51 s]
0.0.N: Trace Attempt 100	[9.98 s]
0.0.N: Per property time limit expired (10.00 s) [10.03 s]
0.0.N: Stopped processing property "counter.u_counter_sva.a_periodicity"	[10.03 s].
0.0.N: Starting proof for property "counter.u_counter_sva.c_full_cycle"	[0.00 s].
0.0.N: Trace Attempt 62	[0.01 s]
0.0.B: Stopped processing property "counter.u_counter_sva.a_periodicity"	[10.12 s].
0.0.B: Starting proof for property "counter.u_counter_sva.c_full_cycle"	[0.00 s].
0.0.B: Trace Attempt  1	[0.00 s]
0.0.B: Trace Attempt  2	[0.00 s]
0.0.B: Trace Attempt  3	[0.00 s]
0.0.B: Trace Attempt  4	[0.00 s]
0.0.B: Trace Attempt  5	[0.00 s]
0.0.B: Trace Attempt 513	[2.19 s]
0.0.B: A trace with 513 cycles was found. [2.24 s]
INFO (IPF047): 0.0.B: The cover property "counter.u_counter_sva.c_full_cycle" was covered in 513 cycles in 2.34 s.
0.0.B: Stopped processing property "counter.u_counter_sva.c_full_cycle"	[2.34 s].
0.0.N: Stopped processing property "counter.u_counter_sva.c_full_cycle"	[2.45 s].
0.0.N: Last scan. Per property time limit: 0s
0.0.N: Starting proof for property "counter.u_counter_sva.a_periodicity"	[0.00 s].
0.0.B: Last scan. Per property time limit: 0s
0.0.B: Starting proof for property "counter.u_counter_sva.a_periodicity"	[0.00 s].
0.0.B: Trace Attempt  1	[0.00 s]
0.0.B: Trace Attempt  2	[0.01 s]
0.0.B: Trace Attempt  3	[0.01 s]
0.0.B: Trace Attempt  4	[0.01 s]
0.0.B: Trace Attempt  5	[0.02 s]
0: ProofGrid usable level: 1
0.0.B: Trace Attempt 286	[4.04 s]
0.0.N: Trace Attempt 111	[4.19 s]
0.0.Ht: Trace Attempt 389	[19.45 s]
0.0.N: Trace Attempt  1	[7.93 s]
0.0.N: Trace Attempt  2	[7.93 s]
0.0.N: Trace Attempt  3	[7.93 s]
0.0.B: Trace Attempt 379	[8.07 s]
0.0.Ht: Trace Attempt 461	[23.47 s]
0.0.N: Trace Attempt  1	[10.92 s]
0.0.N: Trace Attempt  2	[10.92 s]
0.0.N: Trace Attempt  3	[10.92 s]
0.0.N: Trace Attempt  1	[11.87 s]
0.0.N: Trace Attempt  2	[11.87 s]
0.0.N: Trace Attempt  3	[11.87 s]
0.0.B: Trace Attempt 438	[12.08 s]
0.0.N: Trace Attempt  1	[14.13 s]
0.0.N: Trace Attempt  2	[14.13 s]
0.0.N: Trace Attempt  3	[14.13 s]
0.0.N: Trace Attempt  1	[15.16 s]
0.0.N: Trace Attempt  2	[15.17 s]
0.0.N: Trace Attempt  3	[15.17 s]
0.0.B: Trace Attempt 484	[16.09 s]
0.0.Ht: Trace Attempt 464	[30.52 s]
0.0.N: Trace Attempt  1	[16.31 s]
0.0.N: Trace Attempt  2	[16.31 s]
0.0.N: Trace Attempt  3	[16.31 s]
0.0.N: Trace Attempt  1	[17.36 s]
0.0.N: Trace Attempt  2	[17.36 s]
0.0.N: Trace Attempt  3	[17.36 s]
0.0.N: Trace Attempt  1	[19.32 s]
0.0.N: Trace Attempt  2	[19.32 s]
0.0.N: Trace Attempt  3	[19.32 s]
0.0.N: Trace Attempt  1	[20.38 s]
0.0.N: Trace Attempt  2	[20.38 s]
0.0.N: Trace Attempt  3	[20.39 s]
0.0.N: Trace Attempt  1	[21.59 s]
0.0.N: Trace Attempt  2	[21.59 s]
0.0.N: Trace Attempt  3	[21.59 s]
0.0.Ht: Trace Attempt 485	[36.19 s]
0.0.N: Trace Attempt  1	[22.75 s]
0.0.N: Trace Attempt  2	[22.75 s]
0.0.N: Trace Attempt  3	[22.75 s]
0.0.N: Trace Attempt  1	[24.27 s]
0.0.N: Trace Attempt  2	[24.27 s]
0.0.N: Trace Attempt  3	[24.27 s]
0.0.N: Trace Attempt  1	[25.86 s]
0.0.N: Trace Attempt  2	[25.86 s]
0.0.N: Trace Attempt  3	[25.86 s]
0.0.N: Trace Attempt  1	[27.25 s]
0.0.N: Trace Attempt  2	[27.25 s]
0.0.N: Trace Attempt  3	[27.25 s]
0.0.N: Trace Attempt  1	[28.51 s]
0.0.N: Trace Attempt  2	[28.51 s]
0.0.N: Trace Attempt  3	[28.51 s]
0.0.B: Trace Attempt 514	[29.40 s]
0.0.N: Trace Attempt  1	[30.04 s]
0.0.N: Trace Attempt  2	[30.04 s]
0.0.N: Trace Attempt  3	[30.04 s]
0.0.N: Trace Attempt  1	[31.39 s]
0.0.N: Trace Attempt  2	[31.39 s]
0.0.N: Trace Attempt  3	[31.39 s]
0.0.N: Trace Attempt  1	[32.97 s]
0.0.N: Trace Attempt  2	[32.97 s]
0.0.N: Trace Attempt  3	[32.97 s]
0.0.N: Trace Attempt  1	[34.52 s]
0.0.N: Trace Attempt  2	[34.52 s]
0.0.N: Trace Attempt  3	[34.52 s]
0.0.N: Trace Attempt  1	[36.58 s]
0.0.N: Trace Attempt  2	[36.58 s]
0.0.N: Trace Attempt  3	[36.58 s]
0.0.N: Trace Attempt  1	[38.06 s]
0.0.N: Trace Attempt  2	[38.06 s]
0.0.N: Trace Attempt  3	[38.06 s]
0.0.Ht: Trace Attempt 514	[52.87 s]
0.0.N: Trace Attempt  1	[39.67 s]
0.0.N: Trace Attempt  2	[39.67 s]
0.0.N: Trace Attempt  3	[39.67 s]
0.0.N: Trace Attempt  1	[40.92 s]
0.0.N: Trace Attempt  2	[40.92 s]
0.0.N: Trace Attempt  3	[40.92 s]
0.0.N: Trace Attempt  1	[42.85 s]
0.0.N: Trace Attempt  2	[42.85 s]
0.0.N: Trace Attempt  3	[42.85 s]
0.0.N: Trace Attempt  1	[44.33 s]
0.0.N: Trace Attempt  2	[44.33 s]
0.0.N: Trace Attempt  3	[44.33 s]
0.0.N: Trace Attempt  1	[46.57 s]
0.0.N: Trace Attempt  2	[46.57 s]
0.0.N: Trace Attempt  3	[46.57 s]
0.0.N: Trace Attempt  1	[48.39 s]
0.0.N: Trace Attempt  2	[48.39 s]
0.0.N: Trace Attempt  3	[48.39 s]
0.0.N: Trace Attempt  1	[50.70 s]
0.0.N: Trace Attempt  2	[50.70 s]
0.0.N: Trace Attempt  3	[50.70 s]
0.0.N: Trace Attempt  1	[51.91 s]
0.0.N: Trace Attempt  2	[51.91 s]
0.0.N: Trace Attempt  3	[51.91 s]
0.0.N: Trace Attempt  1	[53.82 s]
0.0.N: Trace Attempt  2	[53.82 s]
0.0.N: Trace Attempt  3	[53.82 s]
0.0.N: Trace Attempt  1	[55.66 s]
0.0.N: Trace Attempt  2	[55.66 s]
0.0.N: Trace Attempt  3	[55.66 s]
0.0.N: Trace Attempt  1	[57.47 s]
0.0.N: Trace Attempt  2	[57.47 s]
0.0.N: Trace Attempt  3	[57.47 s]
0.0.N: Trace Attempt  1	[59.15 s]
0.0.N: Trace Attempt  2	[59.15 s]
0.0.N: Trace Attempt  3	[59.15 s]
0.0.N: Trace Attempt  1	[61.26 s]
0.0.N: Trace Attempt  2	[61.26 s]
0.0.N: Trace Attempt  3	[61.26 s]
0.0.N: Trace Attempt  1	[63.13 s]
0.0.N: Trace Attempt  2	[63.13 s]
0.0.N: Trace Attempt  3	[63.13 s]
0.0.N: Trace Attempt  1	[65.17 s]
0.0.N: Trace Attempt  2	[65.17 s]
0.0.N: Trace Attempt  3	[65.17 s]
0.0.N: Trace Attempt  1	[67.06 s]
0.0.N: Trace Attempt  2	[67.06 s]
0.0.N: Trace Attempt  3	[67.06 s]
0.0.N: Trace Attempt  1	[68.60 s]
0.0.N: Trace Attempt  2	[68.60 s]
0.0.N: Trace Attempt  3	[68.60 s]
0.0.N: Trace Attempt  1	[70.50 s]
0.0.N: Trace Attempt  2	[70.50 s]
0.0.N: Trace Attempt  3	[70.50 s]
0.0.N: Trace Attempt  1	[72.66 s]
0.0.N: Trace Attempt  2	[72.66 s]
0.0.N: Trace Attempt  3	[72.66 s]
0.0.N: Trace Attempt  1	[74.47 s]
0.0.N: Trace Attempt  2	[74.47 s]
0.0.N: Trace Attempt  3	[74.47 s]
0.0.N: Trace Attempt  1	[76.44 s]
0.0.N: Trace Attempt  2	[76.44 s]
0.0.N: Trace Attempt  3	[76.44 s]
0.0.N: Trace Attempt  1	[78.21 s]
0.0.N: Trace Attempt  2	[78.21 s]
0.0.N: Trace Attempt  3	[78.21 s]
0.0.N: Trace Attempt  1	[80.39 s]
0.0.N: Trace Attempt  2	[80.39 s]
0.0.N: Trace Attempt  3	[80.39 s]
0.0.N: Trace Attempt  1	[82.20 s]
0.0.N: Trace Attempt  2	[82.20 s]
0.0.N: Trace Attempt  3	[82.21 s]
0.0.N: Trace Attempt  1	[84.22 s]
0.0.N: Trace Attempt  2	[84.22 s]
0.0.N: Trace Attempt  3	[84.22 s]
0.0.N: Trace Attempt  1	[85.91 s]
0.0.N: Trace Attempt  2	[85.91 s]
0.0.N: Trace Attempt  3	[85.91 s]
0.0.N: Trace Attempt  1	[87.94 s]
0.0.N: Trace Attempt  2	[87.94 s]
0.0.N: Trace Attempt  3	[87.94 s]
0.0.N: Trace Attempt  1	[89.58 s]
0.0.N: Trace Attempt  2	[89.58 s]
0.0.N: Trace Attempt  3	[89.58 s]
0.0.N: Trace Attempt  1	[91.76 s]
0.0.N: Trace Attempt  2	[91.76 s]
0.0.N: Trace Attempt  3	[91.76 s]
0.0.N: Trace Attempt  1	[93.78 s]
0.0.N: Trace Attempt  2	[93.78 s]
0.0.N: Trace Attempt  3	[93.78 s]
0.0.N: Trace Attempt  1	[95.76 s]
0.0.N: Trace Attempt  2	[95.76 s]
0.0.N: Trace Attempt  3	[95.77 s]
0.0.N: Trace Attempt  1	[97.85 s]
0.0.N: Trace Attempt  2	[97.85 s]
0.0.N: Trace Attempt  3	[97.85 s]
0.0.N: Trace Attempt  1	[99.86 s]
0.0.N: Trace Attempt  2	[99.86 s]
0.0.N: Trace Attempt  3	[99.86 s]
0.0.N: Trace Attempt  1	[101.69 s]
0.0.N: Trace Attempt  2	[101.69 s]
0.0.N: Trace Attempt  3	[101.69 s]
0.0.N: Trace Attempt  1	[103.42 s]
0.0.N: Trace Attempt  2	[103.42 s]
0.0.N: Trace Attempt  3	[103.42 s]
0.0.N: Trace Attempt  1	[105.61 s]
0.0.N: Trace Attempt  2	[105.61 s]
0.0.N: Trace Attempt  3	[105.61 s]
0.0.N: Trace Attempt  1	[107.93 s]
0.0.N: Trace Attempt  2	[107.94 s]
0.0.N: Trace Attempt  3	[107.94 s]
0.0.N: Trace Attempt  1	[110.17 s]
0.0.N: Trace Attempt  2	[110.18 s]
0.0.N: Trace Attempt  3	[110.18 s]
0.0.N: Trace Attempt  1	[112.42 s]
0.0.N: Trace Attempt  2	[112.42 s]
0.0.N: Trace Attempt  3	[112.42 s]
0.0.N: Trace Attempt  1	[114.60 s]
0.0.N: Trace Attempt  2	[114.60 s]
0.0.N: Trace Attempt  3	[114.60 s]
0.0.N: Trace Attempt  1	[117.05 s]
0.0.N: Trace Attempt  2	[117.05 s]
0.0.N: Trace Attempt  3	[117.05 s]
0.0.N: Trace Attempt  1	[119.75 s]
0.0.N: Trace Attempt  2	[119.75 s]
0.0.N: Trace Attempt  3	[119.75 s]
0.0.N: Trace Attempt  1	[122.57 s]
0.0.N: Trace Attempt  2	[122.57 s]
0.0.N: Trace Attempt  3	[122.57 s]
0.0.N: Trace Attempt  1	[125.10 s]
0.0.N: Trace Attempt  2	[125.10 s]
0.0.N: Trace Attempt  3	[125.10 s]
0.0.N: Trace Attempt  1	[127.68 s]
0.0.N: Trace Attempt  2	[127.68 s]
0.0.N: Trace Attempt  3	[127.68 s]
0.0.N: Trace Attempt  1	[129.85 s]
0.0.N: Trace Attempt  2	[129.85 s]
0.0.N: Trace Attempt  3	[129.85 s]
0.0.N: Trace Attempt  1	[132.47 s]
0.0.N: Trace Attempt  2	[132.47 s]
0.0.N: Trace Attempt  3	[132.47 s]
0.0.N: Trace Attempt  1	[135.26 s]
0.0.N: Trace Attempt  2	[135.26 s]
0.0.N: Trace Attempt  3	[135.26 s]
0.0.N: Trace Attempt  1	[137.51 s]
0.0.N: Trace Attempt  2	[137.51 s]
0.0.N: Trace Attempt  3	[137.51 s]
0.0.N: Trace Attempt  1	[140.09 s]
0.0.N: Trace Attempt  2	[140.09 s]
0.0.N: Trace Attempt  3	[140.09 s]
0.0.N: Trace Attempt  1	[142.77 s]
0.0.N: Trace Attempt  2	[142.77 s]
0.0.N: Trace Attempt  3	[142.77 s]
0.0.N: Trace Attempt  1	[145.65 s]
0.0.N: Trace Attempt  2	[145.65 s]
0.0.N: Trace Attempt  3	[145.65 s]
0.0.N: Trace Attempt  1	[148.67 s]
0.0.N: Trace Attempt  2	[148.67 s]
0.0.N: Trace Attempt  3	[148.67 s]
0.0.N: Trace Attempt  1	[151.37 s]
0.0.N: Trace Attempt  2	[151.37 s]
0.0.N: Trace Attempt  3	[151.37 s]
0.0.N: Trace Attempt  1	[153.95 s]
0.0.N: Trace Attempt  2	[153.95 s]
0.0.N: Trace Attempt  3	[153.95 s]
0.0.N: Trace Attempt  1	[157.04 s]
0.0.N: Trace Attempt  2	[157.04 s]
0.0.N: Trace Attempt  3	[157.04 s]
0.0.N: Trace Attempt  1	[159.96 s]
0.0.N: Trace Attempt  2	[159.96 s]
0.0.N: Trace Attempt  3	[159.96 s]
0.0.N: Trace Attempt  1	[162.96 s]
0.0.N: Trace Attempt  2	[162.96 s]
0.0.N: Trace Attempt  3	[162.96 s]
0.0.N: Trace Attempt  1	[165.79 s]
0.0.N: Trace Attempt  2	[165.79 s]
0.0.N: Trace Attempt  3	[165.79 s]
0.0.N: Trace Attempt  1	[168.33 s]
0.0.N: Trace Attempt  2	[168.33 s]
0.0.N: Trace Attempt  3	[168.33 s]
0.0.N: Trace Attempt  1	[170.92 s]
0.0.N: Trace Attempt  2	[170.92 s]
0.0.N: Trace Attempt  3	[170.92 s]
0.0.N: Stopped processing property "counter.u_counter_sva.a_periodicity"	[171.77 s].
0.0.N: Morphing to AM
0.0.N: Trace Attempt 207	[171.14 s]
0.0.N: All properties determined. [0.00 s]
0.0.N: Exited with Success (@ 0.00 s)
0.0.AM: clocks: 1, declared: 1, disabling: 0, posedge: 1, negedge: 0, noedge: 0, bothedge: 0
0.0.AM: Starting proof for property "counter.u_counter_sva.a_periodicity"	[0.00 s].
0.0.AM: Trace Attempt  1	[0.00 s]
0.0.AM: Trace Attempt  2	[0.00 s]
0.0.AM: Trace Attempt  3	[0.00 s]
0.0.AM: Trace Attempt  4	[0.00 s]
0.0.AM: Trace Attempt  5	[0.00 s]
0.0.B: Stopped processing property "counter.u_counter_sva.a_periodicity"	[171.91 s].
0.0.B: Morphing to I
0.0.B: All properties determined. [0.00 s]
0.0.B: Exited with Success (@ 0.00 s)
0.0.I: clocks: 1, declared: 1, disabling: 0, posedge: 1, negedge: 0, noedge: 0, bothedge: 0
0.0.I: Starting proof for property "counter.u_counter_sva.a_periodicity"	[0.00 s].
0.0.I: Trace Attempt 207	[0.19 s]
0.0.I: Trace Attempt  1	[3.34 s]
0.0.I: Trace Attempt  2	[3.34 s]
0.0.I: Trace Attempt  3	[3.34 s]
0.0.I: Trace Attempt  4	[3.34 s]
0.0.AM: Trace Attempt 254	[4.00 s]
0.0.I: Trace Attempt 87	[7.37 s]
0.0.AM: Trace Attempt 329	[8.01 s]
0.0.I: Stopped processing property "counter.u_counter_sva.a_periodicity"	[7.94 s].
0.0.I: Morphing to AD
0.0.I: Trace Attempt 90	[7.83 s]
0.0.I: All properties determined. [0.00 s]
0.0.I: Exited with Success (@ 0.00 s)
0.0.AD: clocks: 1, declared: 1, disabling: 0, posedge: 1, negedge: 0, noedge: 0, bothedge: 0
0.0.AD: Starting proof for property "counter.u_counter_sva.a_periodicity"	[0.00 s].
0.0.AD: Trace Attempt  1	[0.00 s]
0.0.AD: Trace Attempt  2	[0.00 s]
0.0.AD: Trace Attempt  3	[0.00 s]
0.0.AD: Trace Attempt  4	[0.00 s]
0.0.AD: Trace Attempt  5	[0.00 s]
0.0.AM: Stopped processing property "counter.u_counter_sva.a_periodicity"	[8.09 s].
0.0.AM: Morphing to Tri
0.0.AM: Trace Attempt 330	[8.08 s]
0.0.AM: All properties determined. [0.00 s]
0.0.AM: Exited with Success (@ 0.00 s)
0.0.Tri: clocks: 1, declared: 1, disabling: 0, posedge: 1, negedge: 0, noedge: 0, bothedge: 0
0.0.Tri: Starting proof for property "counter.u_counter_sva.a_periodicity"	[0.00 s].
0.0.Tri: Trace Attempt  1	[0.00 s]
0.0.Tri:    0.00" ---- Launching main thread ----
0.0.Tri:    0.26" ---- Launching abstraction thread ----
0.0.Tri:    0.30" ---- Launching multi-phase simplification thread ----
0.0.Tri: Trace Attempt  2	[0.46 s]
0.0.Tri: Trace Attempt  3	[0.46 s]
0.0.Tri: Trace Attempt  4	[0.46 s]
0.0.Tri: Trace Attempt  5	[0.46 s]
0.0.Tri:    2.06" Simplification phase 1 complete
0.0.AD: Trace Attempt 255	[4.00 s]
0.0.Tri: Trace Attempt 258	[4.74 s]
0.0.Tri:    7.54" Simplification phase 2 complete
0.0.AD: Trace Attempt 324	[8.02 s]
0.0.Tri: Trace Attempt 342	[8.98 s]
0.0.AD: Stopped processing property "counter.u_counter_sva.a_periodicity"	[11.05 s].
0.0.AD: Morphing to M
0.0.AD: Trace Attempt 360	[11.03 s]
0.0.AD: All properties determined. [0.00 s]
0.0.AD: Exited with Success (@ 0.00 s)
0.0.M: clocks: 1, declared: 1, disabling: 0, posedge: 1, negedge: 0, noedge: 0, bothedge: 0
0.0.M: Starting proof for property "counter.u_counter_sva.a_periodicity"	[0.00 s].
0.0.M: Trace Attempt  1	[0.00 s]
0.0.M: Trace Attempt  2	[0.00 s]
0.0.M: Trace Attempt  3	[0.01 s]
0.0.Tri:   12.72" Simplification phase 3 complete
  12.72" ---- Completed simplification thread ----
0.0.Tri:   12.72" ---- Restarting main thread on simplified netlist ----
0.0.Tri:   12.98" ---- Restarting abstraction thread on simplified netlist ----
0.0.M: Trace Attempt 77	[4.14 s]
0.0.M: Trace Attempt 105	[8.28 s]
0.0.Tri: Trace Attempt 387	[23.38 s]
0.0.M: Trace Attempt 129	[13.19 s]
0.0.Tri: Trace Attempt 431	[27.38 s]
0.0.M: Trace Attempt 144	[17.45 s]
0.0.Tri: Trace Attempt 461	[31.52 s]
0.0.M: Trace Attempt 161	[22.20 s]
0.0.Tri: Trace Attempt 486	[36.40 s]
0.0.M: Trace Attempt 170	[26.24 s]
0.0.Tri: Trace Attempt 500	[40.66 s]
0.0.M: Trace Attempt 188	[30.72 s]
0.0.Tri: Trace Attempt 513	[45.64 s]
0.0.Tri: Stopped processing property "counter.u_counter_sva.a_periodicity"	[45.85 s].
0.0.Tri: Morphing to D
0.0.Tri: All properties determined. [0.00 s]
0.0.Tri: Exited with Success (@ 0.00 s)
0.0.D: clocks: 1, declared: 1, disabling: 0, posedge: 1, negedge: 0, noedge: 0, bothedge: 0
0.0.D: Starting proof for property "counter.u_counter_sva.a_periodicity"	[0.00 s].
0.0.D: Trace Attempt  1	[0.00 s]
0.0.D: Trace Attempt  2	[0.01 s]
0.0.M: Stopped processing property "counter.u_counter_sva.a_periodicity"	[34.90 s].
0.0.M: Morphing to AMcustom3
0.0.M: Trace Attempt 195	[34.35 s]
0.0.M: All properties determined. [0.00 s]
0.0.M: Exited with Success (@ 0.00 s)
0.0.AMcustom3: clocks: 1, declared: 1, disabling: 0, posedge: 1, negedge: 0, noedge: 0, bothedge: 0
0.0.AMcustom3: Starting proof for property "counter.u_counter_sva.a_periodicity"	[0.00 s].
0.0.AMcustom3: Trace Attempt  1	[0.00 s]
0.0.AMcustom3: Trace Attempt  2	[0.00 s]
0.0.AMcustom3: Trace Attempt  3	[0.00 s]
0.0.AMcustom3: Trace Attempt  4	[0.00 s]
0.0.AMcustom3: Trace Attempt  5	[0.00 s]
0.0.D: Trace Attempt  3	[0.02 s]
0.0.D: Trace Attempt  4	[0.04 s]
0.0.D: Trace Attempt  5	[0.06 s]
0.0.Hp: Interrupted (multi)
0.0.Hp: Morphing to Mp
0.0.Hp: All properties determined. [0.00 s]
0.0.Hp: Exited with Success (@ 0.00 s)
0.0.Mp: clocks: 1, declared: 1, disabling: 0, posedge: 1, negedge: 0, noedge: 0, bothedge: 0
0.0.Mp: Trace Attempt  1	[0.01 s]
0.0.Mp: Trace Attempt  2	[0.01 s]
0.0.Mp: Trace Attempt  3	[0.02 s]
0.0.Mp: Trace Attempt  3	[0.02 s]
0.0.Mp: Trace Attempt  4	[0.02 s]
0.0.Mp: Trace Attempt  4	[0.02 s]
0.0.Mp: Trace Attempt  5	[0.03 s]
0.0.Mp: Trace Attempt  5	[0.03 s]
0.0.AMcustom3: Trace Attempt 254	[4.02 s]
0.0.D: Trace Attempt 33	[4.33 s]
0.0.Mp: Trace Attempt 104	[4.05 s]
0.0.AMcustom3: Trace Attempt 326	[8.05 s]
0.0.D: Trace Attempt 45	[8.58 s]
0.0.Mp: Trace Attempt 192	[8.10 s]
0.0.AMcustom3: Trace Attempt 368	[12.09 s]
0.0.D: Trace Attempt 54	[12.70 s]
0.0.Mp: Trace Attempt 206	[12.38 s]
0.0.AMcustom3: Trace Attempt 390	[16.41 s]
0.0.D: Trace Attempt 62	[16.91 s]
0.0.Mp: Trace Attempt 220	[16.63 s]
0.0.AMcustom3: Trace Attempt 428	[21.07 s]
0.0.D: Trace Attempt 69	[21.32 s]
0.0.Mp: Trace Attempt 234	[20.66 s]
0.0.AMcustom3: Trace Attempt 461	[25.11 s]
0.0.Mp: Trace Attempt 250	[24.70 s]
0.0.D: Trace Attempt 76	[25.88 s]
0.0.AMcustom3: Trace Attempt 491	[29.24 s]
0.0.Mp: Trace Attempt 268	[28.84 s]
0.0.D: Trace Attempt 82	[30.23 s]
0.0.Mp: Trace Attempt 289	[32.98 s]
0.0.D: Trace Attempt 88	[34.82 s]
0.0.Mp: Trace Attempt 315	[37.06 s]
0.0.D: Trace Attempt 93	[38.91 s]
0.0.Mp: Trace Attempt 355	[41.10 s]
0.0.D: Trace Attempt 98	[43.03 s]
0.0.AMcustom3: Trace Attempt 495	[45.90 s]
0.0.Mp: Trace Attempt 372	[46.39 s]
0.0.D: Trace Attempt 103	[47.64 s]
0.0.D: Trace Attempt 107	[51.96 s]
0.0.Mp: Trace Attempt 375	[51.47 s]
0.0.D: Trace Attempt 111	[56.25 s]
0.0.Mp: Trace Attempt 376	[55.62 s]
0.0.D: Trace Attempt 115	[60.96 s]
0.0.Mp: Trace Attempt 377	[60.92 s]
0.0.D: Trace Attempt 118	[65.59 s]
0.0.Mp: Trace Attempt 378	[65.31 s]
0.0.D: Trace Attempt 121	[69.97 s]
0.0.Mp: Trace Attempt 380	[70.89 s]
0.0.D: Trace Attempt 125	[75.01 s]
0.0.Mp: Trace Attempt 383	[74.91 s]
0.0.D: Trace Attempt 128	[79.09 s]
0.0.Mp: Trace Attempt 385	[80.82 s]
0.0.D: Trace Attempt 131	[83.54 s]
0.0.Mp: Trace Attempt 391	[85.83 s]
0.0.D: Trace Attempt 134	[88.69 s]
0.0.Mp: Trace Attempt 395	[91.47 s]
0.0.D: Trace Attempt 137	[94.64 s]
0.0.Mp: Trace Attempt 397	[96.53 s]
0.0.D: Trace Attempt 140	[99.99 s]
0.0.Mp: Trace Attempt 403	[101.93 s]
0.0.D: Trace Attempt 143	[104.85 s]
0.0.Mp: Trace Attempt 404	[106.35 s]
0.0.D: Trace Attempt 146	[109.98 s]
0.0.Mp: Trace Attempt 406	[112.12 s]
0.0.D: Trace Attempt 149	[115.33 s]
0.0.AMcustom3: Stopped processing property "counter.u_counter_sva.a_periodicity"	[118.50 s].
0.0.AMcustom3: Morphing to Ncustom5
0.0.AMcustom3: Trace Attempt 513	[49.17 s]
0.0.AMcustom3: All properties determined. [0.00 s]
0.0.AMcustom3: Exited with Success (@ 0.00 s)
0.0.Ncustom5: clocks: 1, declared: 1, disabling: 0, posedge: 1, negedge: 0, noedge: 0, bothedge: 0
0.0.Ncustom5: Starting proof for property "counter.u_counter_sva.a_periodicity"	[0.00 s].
0.0.Ncustom5: Trace Attempt 207	[0.20 s]
0.0.Mp: Trace Attempt 411	[118.26 s]
0.0.D: Trace Attempt 151	[120.02 s]
0.0.Ncustom5: Trace Attempt  1	[3.39 s]
0.0.Ncustom5: Trace Attempt  2	[3.40 s]
0.0.Ncustom5: Trace Attempt  3	[3.40 s]
0.0.Mp: Trace Attempt 416	[123.63 s]
0.0.D: Trace Attempt 153	[124.56 s]
0.0.Ncustom5: Trace Attempt  1	[6.63 s]
0.0.Ncustom5: Trace Attempt  2	[6.63 s]
0.0.Ncustom5: Trace Attempt  3	[6.63 s]
0.0.Ncustom5: Trace Attempt  1	[9.69 s]
0.0.Ncustom5: Trace Attempt  2	[9.69 s]
0.0.Ncustom5: Trace Attempt  3	[9.69 s]
0.0.D: Trace Attempt 155	[128.96 s]
0.0.Mp: Trace Attempt 420	[130.06 s]
0.0.Ncustom5: Trace Attempt  1	[13.53 s]
0.0.Ncustom5: Trace Attempt  2	[13.53 s]
0.0.Ncustom5: Trace Attempt  3	[13.53 s]
0.0.D: Trace Attempt 157	[133.23 s]
0.0.Ncustom5: Trace Attempt  1	[17.10 s]
0.0.Ncustom5: Trace Attempt  2	[17.10 s]
0.0.Ncustom5: Trace Attempt  3	[17.10 s]
0.0.Mp: Trace Attempt 422	[136.38 s]
0.0.D: Trace Attempt 160	[138.89 s]
0.0.Ncustom5: Trace Attempt  1	[20.56 s]
0.0.Ncustom5: Trace Attempt  2	[20.56 s]
0.0.Ncustom5: Trace Attempt  3	[20.56 s]
0.0.Mp: Trace Attempt 427	[140.41 s]
0.0.Ncustom5: Trace Attempt  1	[23.83 s]
0.0.Ncustom5: Trace Attempt  2	[23.83 s]
0.0.Ncustom5: Trace Attempt  3	[23.84 s]
0.0.D: Trace Attempt 162	[143.36 s]
0.0.Ncustom5: Trace Attempt  1	[26.81 s]
0.0.Ncustom5: Trace Attempt  2	[26.81 s]
0.0.Ncustom5: Trace Attempt  3	[26.81 s]
0.0.Mp: Trace Attempt 429	[146.17 s]
0.0.D: Trace Attempt 164	[147.51 s]
0.0.Ncustom5: Trace Attempt  1	[30.27 s]
0.0.Ncustom5: Trace Attempt  2	[30.27 s]
0.0.Ncustom5: Trace Attempt  3	[30.27 s]
0.0.Mp: Trace Attempt 430	[150.53 s]
0.0.Ncustom5: Trace Attempt  1	[33.90 s]
0.0.Ncustom5: Trace Attempt  2	[33.90 s]
0.0.Ncustom5: Trace Attempt  3	[33.90 s]
0.0.D: Trace Attempt 166	[153.11 s]
0.0.Mp: Trace Attempt 440	[154.59 s]
0.0.Ncustom5: Trace Attempt  1	[37.74 s]
0.0.Ncustom5: Trace Attempt  2	[37.74 s]
0.0.Ncustom5: Trace Attempt  3	[37.74 s]
0.0.D: Trace Attempt 168	[157.76 s]
0.0.Ncustom5: Trace Attempt  1	[41.34 s]
0.0.Ncustom5: Trace Attempt  2	[41.34 s]
0.0.Ncustom5: Trace Attempt  3	[41.34 s]
0.0.Mp: Trace Attempt 440	[159.21 s]
0.0.D: Trace Attempt 170	[163.16 s]
0.0.Ncustom5: Trace Attempt  1	[45.06 s]
0.0.Ncustom5: Trace Attempt  2	[45.06 s]
0.0.Ncustom5: Trace Attempt  3	[45.06 s]
0.0.Ncustom5: Trace Attempt  1	[48.28 s]
0.0.Ncustom5: Trace Attempt  2	[48.28 s]
0.0.Ncustom5: Trace Attempt  3	[48.28 s]
0.0.Mp: Trace Attempt 442	[167.26 s]
0.0.D: Trace Attempt 172	[168.69 s]
0.0.Mp: Trace Attempt 444	[172.64 s]
0.0.Ncustom5: Trace Attempt 222	[54.88 s]
0.0.D: Trace Attempt 174	[173.59 s]
0.0.Ncustom5: Trace Attempt  1	[55.14 s]
0.0.Ncustom5: Trace Attempt  2	[55.14 s]
0.0.Ncustom5: Trace Attempt  3	[55.14 s]
0.0.Ncustom5: Trace Attempt 223	[59.17 s]
0.0.Mp: Trace Attempt 445	[177.09 s]
0.0.Ncustom5: Trace Attempt  1	[59.37 s]
0.0.Ncustom5: Trace Attempt  2	[59.37 s]
0.0.Ncustom5: Trace Attempt  3	[59.37 s]
0.0.D: Trace Attempt 176	[178.95 s]
0.0.Ncustom5: Trace Attempt 224	[63.59 s]
0.0.Ncustom5: Trace Attempt  1	[63.82 s]
0.0.Ncustom5: Trace Attempt  2	[63.82 s]
0.0.Ncustom5: Trace Attempt  3	[63.82 s]
0.0.Mp: Trace Attempt 445	[182.80 s]
0.0.D: Trace Attempt 178	[185.50 s]
0.0.Ncustom5: Trace Attempt  1	[67.39 s]
0.0.Ncustom5: Trace Attempt  2	[67.39 s]
0.0.Ncustom5: Trace Attempt  3	[67.39 s]
0.0.Mp: Trace Attempt 453	[187.01 s]
0.0.Ncustom5: Trace Attempt 226	[71.88 s]
0.0.Ncustom5: Trace Attempt  1	[72.09 s]
0.0.Ncustom5: Trace Attempt  2	[72.10 s]
0.0.Ncustom5: Trace Attempt  3	[72.10 s]
0.0.D: Trace Attempt 180	[192.07 s]
0.0.Ncustom5: Trace Attempt  1	[75.67 s]
0.0.Ncustom5: Trace Attempt  2	[75.67 s]
0.0.Ncustom5: Trace Attempt  3	[75.67 s]
0.0.Mp: Trace Attempt 468	[197.26 s]
0.0.Ncustom5: Trace Attempt 228	[80.40 s]
0.0.Ncustom5: Trace Attempt  1	[80.64 s]
0.0.Ncustom5: Trace Attempt  2	[80.64 s]
0.0.Ncustom5: Trace Attempt  3	[80.64 s]
0.0.D: Trace Attempt 182	[199.54 s]
0.0.Ncustom5: Trace Attempt 229	[85.19 s]
0.0.Ncustom5: Trace Attempt  1	[85.39 s]
0.0.Ncustom5: Trace Attempt  2	[85.39 s]
0.0.Ncustom5: Trace Attempt  3	[85.39 s]
0.0.Mp: Trace Attempt 469	[203.26 s]
0.0.D: Trace Attempt 184	[207.02 s]
0.0.Ncustom5: Trace Attempt 230	[89.65 s]
0.0.Ncustom5: Trace Attempt  1	[89.86 s]
0.0.Ncustom5: Trace Attempt  2	[89.86 s]
0.0.Ncustom5: Trace Attempt  3	[89.86 s]
0.0.Mp: Trace Attempt 469	[211.86 s]
0.0.Ncustom5: Trace Attempt 231	[94.08 s]
0.0.Ncustom5: Trace Attempt  1	[94.31 s]
0.0.Ncustom5: Trace Attempt  2	[94.31 s]
0.0.Ncustom5: Trace Attempt  3	[94.31 s]
0.0.D: Trace Attempt 186	[213.27 s]
0.0.Ncustom5: Trace Attempt  1	[97.68 s]
0.0.Ncustom5: Trace Attempt  2	[97.68 s]
0.0.Ncustom5: Trace Attempt  3	[97.68 s]
0.0.Mp: Trace Attempt 470	[218.56 s]
0.0.D: Trace Attempt 188	[220.52 s]
0.0.D: Trace Attempt 189	[224.88 s]
0.0.Ncustom5: Trace Attempt 233	[106.73 s]
0.0.Ncustom5: Trace Attempt  1	[106.95 s]
0.0.Ncustom5: Trace Attempt  2	[106.95 s]
0.0.Ncustom5: Trace Attempt  3	[106.95 s]
0.0.Ncustom5: Trace Attempt 234	[111.52 s]
0.0.Ncustom5: Trace Attempt  1	[111.74 s]
0.0.Ncustom5: Trace Attempt  2	[111.74 s]
0.0.Ncustom5: Trace Attempt  3	[111.74 s]
0.0.Mp: Trace Attempt 479	[229.92 s]
0.0.D: Trace Attempt 191	[232.79 s]
0.0.Ncustom5: Trace Attempt  1	[115.28 s]
0.0.Ncustom5: Trace Attempt  2	[115.28 s]
0.0.Ncustom5: Trace Attempt  3	[115.28 s]
0.0.Ncustom5: Trace Attempt 236	[119.86 s]
0.0.Ncustom5: Trace Attempt  1	[120.19 s]
0.0.Ncustom5: Trace Attempt  2	[120.19 s]
0.0.Ncustom5: Trace Attempt  3	[120.20 s]
0.0.D: Trace Attempt 193	[240.10 s]
0.0.Ncustom5: Trace Attempt 237	[124.33 s]
0.0.Ncustom5: Trace Attempt  1	[124.61 s]
0.0.Ncustom5: Trace Attempt  2	[124.61 s]
0.0.Ncustom5: Trace Attempt  3	[124.61 s]
0.0.Mp: Trace Attempt 481	[242.54 s]
0.0.D: Trace Attempt 195	[247.28 s]
0.0.Ncustom5: Trace Attempt 238	[129.45 s]
0.0.Ncustom5: Trace Attempt  1	[129.70 s]
0.0.Ncustom5: Trace Attempt  2	[129.70 s]
0.0.Ncustom5: Trace Attempt  3	[129.70 s]
0.0.Mp: Trace Attempt 483	[248.21 s]
0.0.Ncustom5: Trace Attempt  1	[133.94 s]
0.0.Ncustom5: Trace Attempt  2	[133.94 s]
0.0.Ncustom5: Trace Attempt  3	[133.94 s]
0.0.D: Trace Attempt 197	[254.41 s]
0.0.Ncustom5: Trace Attempt  1	[137.88 s]
0.0.Ncustom5: Trace Attempt  2	[137.88 s]
0.0.Ncustom5: Trace Attempt  3	[137.88 s]
0.0.Mp: Trace Attempt 484	[258.20 s]
0.0.Ncustom5: Trace Attempt 241	[143.09 s]
0.0.Ncustom5: Trace Attempt  1	[143.33 s]
0.0.Ncustom5: Trace Attempt  2	[143.33 s]
0.0.Ncustom5: Trace Attempt  3	[143.33 s]
0.0.D: Trace Attempt 199	[261.89 s]
0.0.Ncustom5: Trace Attempt 242	[147.58 s]
0.0.Ncustom5: Trace Attempt  1	[147.82 s]
0.0.Ncustom5: Trace Attempt  2	[147.82 s]
0.0.Ncustom5: Trace Attempt  3	[147.82 s]
0.0.Mp: Trace Attempt 484	[268.26 s]
0.0.D: Trace Attempt 201	[269.84 s]
0.0.Ncustom5: Trace Attempt  1	[151.73 s]
0.0.Ncustom5: Trace Attempt  2	[151.73 s]
0.0.Ncustom5: Trace Attempt  3	[151.74 s]
0.0.D: Trace Attempt 202	[274.24 s]
0.0.Ncustom5: Trace Attempt  1	[155.83 s]
0.0.Ncustom5: Trace Attempt  2	[155.83 s]
0.0.Ncustom5: Trace Attempt  3	[155.83 s]
0.0.D: Trace Attempt 203	[278.46 s]
0.0.Ncustom5: Trace Attempt 245	[159.98 s]
0.0.Ncustom5: Trace Attempt  1	[160.23 s]
0.0.Ncustom5: Trace Attempt  2	[160.23 s]
0.0.Ncustom5: Trace Attempt  3	[160.23 s]
0.0.Mp: Trace Attempt 488	[281.29 s]
0.0.Ncustom5: Trace Attempt 246	[165.02 s]
0.0.Ncustom5: Trace Attempt  1	[165.28 s]
0.0.Ncustom5: Trace Attempt  2	[165.28 s]
0.0.Ncustom5: Trace Attempt  3	[165.29 s]
0.0.D: Trace Attempt 205	[286.36 s]
0.0.Mp: Trace Attempt 490	[286.04 s]
0.0.Ncustom5: Trace Attempt 247	[171.17 s]
0.0.Ncustom5: Trace Attempt  1	[171.43 s]
0.0.Ncustom5: Trace Attempt  2	[171.43 s]
0.0.Ncustom5: Trace Attempt  3	[171.44 s]
0.0.D: Trace Attempt 207	[294.23 s]
0.0.Ncustom5: Trace Attempt 248	[177.24 s]
0.0.Ncustom5: Trace Attempt  1	[177.48 s]
0.0.Ncustom5: Trace Attempt  2	[177.48 s]
0.0.Ncustom5: Trace Attempt  3	[177.48 s]
0.0.D: Trace Attempt 208	[298.66 s]
0.0.Ncustom5: Trace Attempt  1	[181.69 s]
0.0.Ncustom5: Trace Attempt  2	[181.69 s]
0.0.Ncustom5: Trace Attempt  3	[181.69 s]
0.0.Mp: Trace Attempt 501	[301.40 s]
0.0.D: Trace Attempt 209	[302.85 s]
0.0.D: Trace Attempt 210	[307.03 s]
0.0.Ncustom5: Trace Attempt 250	[188.87 s]
0.0.Ncustom5: Trace Attempt  1	[189.10 s]
0.0.Ncustom5: Trace Attempt  2	[189.10 s]
0.0.Ncustom5: Trace Attempt  3	[189.10 s]
0.0.D: Trace Attempt 211	[311.26 s]
0.0.Ncustom5: Trace Attempt 251	[193.49 s]
0.0.Ncustom5: Trace Attempt  1	[193.79 s]
0.0.Ncustom5: Trace Attempt  2	[193.79 s]
0.0.Ncustom5: Trace Attempt  3	[193.80 s]
0.0.D: Trace Attempt 212	[315.87 s]
0.0.Ncustom5: Trace Attempt 252	[199.33 s]
0.0.Ncustom5: Trace Attempt  1	[199.58 s]
0.0.Ncustom5: Trace Attempt  2	[199.58 s]
0.0.Ncustom5: Trace Attempt  3	[199.59 s]
0.0.Mp: Trace Attempt 513	[318.19 s]
0.0.D: Trace Attempt 213	[320.01 s]
0.0.Ncustom5: Trace Attempt 253	[205.07 s]
0.0.Ncustom5: Trace Attempt  1	[205.31 s]
0.0.Ncustom5: Trace Attempt  2	[205.31 s]
0.0.Ncustom5: Trace Attempt  3	[205.31 s]
0.0.D: Trace Attempt 214	[324.05 s]
0.0.Ncustom5: Trace Attempt 254	[209.75 s]
0.0.Ncustom5: Trace Attempt  1	[210.00 s]
0.0.Ncustom5: Trace Attempt  2	[210.00 s]
0.0.Ncustom5: Trace Attempt  3	[210.01 s]
0.0.Mp: Trace Attempt 513	[330.54 s]
0.0.D: Trace Attempt 216	[331.97 s]
0.0.Ncustom5: Trace Attempt 255	[215.08 s]
0.0.Ncustom5: Trace Attempt  1	[215.33 s]
0.0.Ncustom5: Trace Attempt  2	[215.33 s]
0.0.Ncustom5: Trace Attempt  3	[215.34 s]
0.0.D: Trace Attempt 217	[337.41 s]
0.0.Ncustom5: Trace Attempt 256	[221.27 s]
0.0.Ncustom5: Trace Attempt  1	[221.54 s]
0.0.Ncustom5: Trace Attempt  2	[221.54 s]
0.0.Ncustom5: Trace Attempt  3	[221.54 s]
0.0.Ncustom5: Trace Attempt 257	[226.44 s]
0.0.Ncustom5: Trace Attempt  1	[226.63 s]
0.0.Ncustom5: Trace Attempt  2	[226.63 s]
0.0.Ncustom5: Trace Attempt  3	[226.63 s]
0.0.D: Trace Attempt 219	[345.94 s]
0.0.Mp: Trace Attempt 513	[346.83 s]
0.0.Ncustom5: Trace Attempt 258	[231.35 s]
0.0.Ncustom5: Trace Attempt  1	[231.62 s]
0.0.Ncustom5: Trace Attempt  2	[231.62 s]
0.0.Ncustom5: Trace Attempt  3	[231.62 s]
0.0.D: Trace Attempt 221	[353.91 s]
0.0.Ncustom5: Trace Attempt 259	[236.81 s]
0.0.Ncustom5: Trace Attempt  1	[237.03 s]
0.0.Ncustom5: Trace Attempt  2	[237.03 s]
0.0.Ncustom5: Trace Attempt  3	[237.03 s]
0.0.D: Trace Attempt 222	[358.23 s]
0.0.Ncustom5: Trace Attempt 260	[243.07 s]
0.0.Ncustom5: Trace Attempt  1	[243.37 s]
0.0.Ncustom5: Trace Attempt  2	[243.37 s]
0.0.Ncustom5: Trace Attempt  3	[243.37 s]
0.0.D: Trace Attempt 223	[363.32 s]
0.0.Mp: Trace Attempt 513	[363.23 s]
0.0.Ncustom5: Trace Attempt 261	[248.32 s]
0.0.Ncustom5: Trace Attempt  1	[248.56 s]
0.0.Ncustom5: Trace Attempt  2	[248.56 s]
0.0.Ncustom5: Trace Attempt  3	[248.56 s]
0.0.D: Trace Attempt 224	[367.87 s]
0.0.D: Trace Attempt 225	[372.14 s]
0.0.Ncustom5: Trace Attempt 262	[254.62 s]
0.0.Ncustom5: Trace Attempt  1	[254.92 s]
0.0.Ncustom5: Trace Attempt  2	[254.92 s]
0.0.Ncustom5: Trace Attempt  3	[254.92 s]
0.0.D: Trace Attempt 226	[376.35 s]
0.0.Ncustom5: Trace Attempt 263	[260.83 s]
0.0.Ncustom5: Trace Attempt  1	[261.05 s]
0.0.Ncustom5: Trace Attempt  2	[261.05 s]
0.0.Ncustom5: Trace Attempt  3	[261.05 s]
0.0.Mp: Trace Attempt 513	[379.80 s]
0.0.D: Trace Attempt 227	[380.87 s]
0.0.Ncustom5: Trace Attempt 264	[266.51 s]
0.0.Ncustom5: Trace Attempt  1	[266.78 s]
0.0.Ncustom5: Trace Attempt  2	[266.78 s]
0.0.Ncustom5: Trace Attempt  3	[266.79 s]
0.0.D: Trace Attempt 229	[388.97 s]
0.0.Ncustom5: Trace Attempt 265	[272.00 s]
0.0.Ncustom5: Trace Attempt  1	[272.27 s]
0.0.Ncustom5: Trace Attempt  2	[272.27 s]
0.0.Ncustom5: Trace Attempt  3	[272.27 s]
0.0.D: Trace Attempt 230	[393.35 s]
0.0.Ncustom5: Trace Attempt 266	[277.19 s]
0.0.Ncustom5: Trace Attempt  1	[277.47 s]
0.0.Ncustom5: Trace Attempt  2	[277.47 s]
0.0.Ncustom5: Trace Attempt  3	[277.47 s]
0.0.D: Trace Attempt 231	[397.91 s]
0.0.Mp: Trace Attempt 513	[397.26 s]
0.0.Ncustom5: Trace Attempt 267	[282.98 s]
0.0.Ncustom5: Trace Attempt  1	[283.35 s]
0.0.Ncustom5: Trace Attempt  2	[283.35 s]
0.0.Ncustom5: Trace Attempt  3	[283.35 s]
0.0.D: Trace Attempt 232	[403.04 s]
0.0.Ncustom5: Trace Attempt 268	[289.31 s]
0.0.Ncustom5: Trace Attempt  1	[289.60 s]
0.0.Ncustom5: Trace Attempt  2	[289.60 s]
0.0.Ncustom5: Trace Attempt  3	[289.60 s]
0.0.D: Trace Attempt 233	[408.40 s]
0.0.Ncustom5: Trace Attempt 269	[294.66 s]
0.0.Ncustom5: Trace Attempt  1	[294.99 s]
0.0.Ncustom5: Trace Attempt  2	[294.99 s]
0.0.Ncustom5: Trace Attempt  3	[294.99 s]
0.0.D: Trace Attempt 234	[413.52 s]
0.0.Mp: Trace Attempt 513	[413.66 s]
0.0.Ncustom5: Trace Attempt 270	[300.24 s]
0.0.Ncustom5: Trace Attempt  1	[300.55 s]
0.0.Ncustom5: Trace Attempt  2	[300.55 s]
0.0.Ncustom5: Trace Attempt  3	[300.55 s]
0.0.D: Trace Attempt 235	[419.11 s]
0.0.D: Trace Attempt 236	[423.23 s]
0.0.Ncustom5: Trace Attempt 271	[306.20 s]
0.0.Ncustom5: Trace Attempt  1	[306.56 s]
0.0.Ncustom5: Trace Attempt  2	[306.56 s]
0.0.Ncustom5: Trace Attempt  3	[306.56 s]
0.0.D: Trace Attempt 237	[428.15 s]
0.0.Ncustom5: Trace Attempt 272	[311.70 s]
0.0.Ncustom5: Trace Attempt  1	[311.95 s]
0.0.Ncustom5: Trace Attempt  2	[311.95 s]
0.0.Ncustom5: Trace Attempt  3	[311.95 s]
0.0.Mp: Trace Attempt 513	[430.64 s]
0.0.D: Trace Attempt 238	[432.57 s]
0.0.Ncustom5: Trace Attempt 273	[318.21 s]
0.0.D: Trace Attempt 239	[437.09 s]
0.0.Ncustom5: Trace Attempt  1	[318.60 s]
0.0.Ncustom5: Trace Attempt  2	[318.60 s]
0.0.Ncustom5: Trace Attempt  3	[318.60 s]
0.0.D: Trace Attempt 240	[442.66 s]
0.0.Ncustom5: Trace Attempt 274	[324.91 s]
0.0.Ncustom5: Trace Attempt  1	[325.27 s]
0.0.Ncustom5: Trace Attempt  2	[325.27 s]
0.0.Ncustom5: Trace Attempt  3	[325.27 s]
0.0.D: Trace Attempt 241	[447.19 s]
0.0.Ncustom5: Trace Attempt 275	[331.68 s]
0.0.Ncustom5: Trace Attempt  1	[332.02 s]
0.0.Ncustom5: Trace Attempt  2	[332.02 s]
0.0.Ncustom5: Trace Attempt  3	[332.02 s]
0.0.Mp: Trace Attempt 513	[452.19 s]
0.0.D: Trace Attempt 242	[453.39 s]
0.0.Ncustom5: Trace Attempt 276	[339.09 s]
0.0.Ncustom5: Trace Attempt  1	[339.52 s]
0.0.Ncustom5: Trace Attempt  2	[339.52 s]
0.0.Ncustom5: Trace Attempt  3	[339.53 s]
0.0.D: Trace Attempt 243	[460.53 s]
0.0.Ncustom5: Trace Attempt 277	[345.84 s]
0.0.Ncustom5: Trace Attempt  1	[346.11 s]
0.0.Ncustom5: Trace Attempt  2	[346.11 s]
0.0.Ncustom5: Trace Attempt  3	[346.11 s]
0.0.D: Trace Attempt 244	[466.93 s]
0.0.Ncustom5: Trace Attempt 278	[352.88 s]
0.0.Ncustom5: Trace Attempt  1	[353.29 s]
0.0.Ncustom5: Trace Attempt  2	[353.29 s]
0.0.Ncustom5: Trace Attempt  3	[353.29 s]
0.0.D: Trace Attempt 245	[473.27 s]
0.0.Mp: Trace Attempt 513	[473.55 s]
0.0.D: Trace Attempt 246	[478.65 s]
0.0.Ncustom5: Trace Attempt 279	[360.55 s]
0.0.Ncustom5: Trace Attempt  1	[360.81 s]
0.0.Ncustom5: Trace Attempt  2	[360.81 s]
0.0.Ncustom5: Trace Attempt  3	[360.81 s]
0.0.D: Trace Attempt 247	[483.96 s]
0.0.Ncustom5: Trace Attempt 280	[367.06 s]
0.0.Ncustom5: Trace Attempt  1	[367.48 s]
0.0.Ncustom5: Trace Attempt  2	[367.48 s]
0.0.Ncustom5: Trace Attempt  3	[367.48 s]
0.0.D: Trace Attempt 248	[489.57 s]
0.0.Ncustom5: Trace Attempt 281	[374.31 s]
0.0.Mp: Trace Attempt 513	[492.23 s]
0.0.Ncustom5: Trace Attempt  1	[374.57 s]
0.0.Ncustom5: Trace Attempt  2	[374.57 s]
0.0.Ncustom5: Trace Attempt  3	[374.57 s]
0.0.D: Trace Attempt 249	[494.99 s]
0.0.D: Stopped processing property "counter.u_counter_sva.a_periodicity"	[496.56 s].
0.0.D: Morphing to Ncustom1
0.0.D: All properties determined. [0.00 s]
0.0.D: Exited with Success (@ 0.00 s)
0.0.Ncustom1: clocks: 1, declared: 1, disabling: 0, posedge: 1, negedge: 0, noedge: 0, bothedge: 0
0.0.Ncustom1: Starting proof for property "counter.u_counter_sva.a_periodicity"	[0.00 s].
0.0.Ncustom5: Stopped processing property "counter.u_counter_sva.a_periodicity"	[378.11 s].
0.0.Ncustom5: Morphing to Ncustom4
0.0.Ncustom5: Trace Attempt 281	[374.89 s]
0.0.Ncustom5: All properties determined. [0.00 s]
0.0.Ncustom5: Exited with Success (@ 0.00 s)
0.0.Ncustom4: clocks: 1, declared: 1, disabling: 0, posedge: 1, negedge: 0, noedge: 0, bothedge: 0
0.0.Ncustom4: Starting proof for property "counter.u_counter_sva.a_periodicity"	[0.00 s].
0.0.Ncustom1: Trace Attempt 281	[0.29 s]
0.0.Ncustom4: Trace Attempt 281	[0.30 s]
0.0.Ncustom1: Trace Attempt 282	[6.27 s]
0.0.Ncustom4: Trace Attempt 282	[6.47 s]
0.0.Ncustom1: Trace Attempt  1	[6.62 s]
0.0.Ncustom1: Trace Attempt  2	[6.62 s]
0.0.Ncustom1: Trace Attempt  3	[6.62 s]
0.0.Ncustom1: Trace Attempt 283	[13.28 s]
0.0.Ncustom4: Trace Attempt 283	[13.35 s]
0.0.Ncustom1: Trace Attempt  1	[13.61 s]
0.0.Ncustom1: Trace Attempt  2	[13.61 s]
0.0.Ncustom1: Trace Attempt  3	[13.61 s]
0.0.Mp: Trace Attempt 513	[517.22 s]
0.0.Ncustom1: Trace Attempt 284	[23.04 s]
0.0.Ncustom4: Trace Attempt 284	[23.12 s]
0.0.Ncustom1: Trace Attempt  1	[23.31 s]
0.0.Ncustom1: Trace Attempt  2	[23.31 s]
0.0.Ncustom1: Trace Attempt  3	[23.31 s]
0.0.Ncustom1: Trace Attempt 285	[30.17 s]
0.0.Ncustom4: Trace Attempt 285	[30.13 s]
0.0.Ncustom1: Trace Attempt  1	[30.49 s]
0.0.Ncustom1: Trace Attempt  2	[30.49 s]
0.0.Ncustom1: Trace Attempt  3	[30.50 s]
0.0.Ncustom1: Trace Attempt 286	[36.93 s]
0.0.Ncustom4: Trace Attempt 286	[36.98 s]
0.0.Ncustom1: Trace Attempt  1	[37.20 s]
0.0.Ncustom1: Trace Attempt  2	[37.20 s]
0.0.Ncustom1: Trace Attempt  3	[37.20 s]
0.0.Mp: Trace Attempt 513	[537.77 s]
0.0.Ncustom4: Trace Attempt 287	[43.39 s]
0.0.Ncustom1: Trace Attempt 287	[43.49 s]
0.0.Ncustom4: Trace Attempt  1	[43.68 s]
0.0.Ncustom4: Trace Attempt  2	[43.68 s]
0.0.Ncustom4: Trace Attempt  3	[43.68 s]
0.0.Mp: Morphing to Oh
0.0.Mp: All properties determined. [0.00 s]
0.0.Mp: Exited with Success (@ 0.00 s)
0.0.Oh: clocks: 1, declared: 1, disabling: 0, posedge: 1, negedge: 0, noedge: 0, bothedge: 0
0.0.Oh: bwd trail(1): 1 0.00922014s
0.0.Oh: All properties either determined or skipped. [0.02 s]
0.0.Oh: Exited with Success (@ 788.70 s)
0.0.Ncustom1: Trace Attempt 288	[51.92 s]
0.0.Ncustom4: Trace Attempt 288	[51.85 s]
0.0.Ncustom1: Trace Attempt  1	[52.14 s]
0.0.Ncustom1: Trace Attempt  2	[52.14 s]
0.0.Ncustom1: Trace Attempt  3	[52.14 s]
0.0.Ncustom4: Trace Attempt  1	[52.08 s]
0.0.Ncustom4: Trace Attempt  2	[52.08 s]
0.0.Ncustom4: Trace Attempt  3	[52.08 s]
0.0.L: Proofgrid shell started at 1497473@della-h14n5(local) jg_1482703_della-h14n5_1
0.0.L: OS RSS memory limit : 17179869184 / 17179869184
0.0.L: clocks: 1, declared: 1, disabling: 0, posedge: 1, negedge: 0, noedge: 0, bothedge: 0
0.0.L: Using trace diversification with seed 1 (0.05)
0.0.L: Using LRU state removal heuristic
0.0.L: Using states from traces to { (reset) }
0.0.L: Trace Attempt  3	[0.01 s]
0.0.L: Using states from traces to { counter.u_counter_sva.c_wrap (2) }
0.0.L: Trace Attempt  3	[0.04 s]
0.0.L: Trace Attempt  4	[0.08 s]
0.0.L: Using states from traces to { counter.u_counter_sva.c_inc (4) }
0.0.L: Trace Attempt  3	[0.09 s]
0.0.L: Trace Attempt  4	[0.12 s]
0.0.L: Trace Attempt  5	[0.13 s]
0.0.L: Trace Attempt 185	[4.13 s]
0.0.Ncustom1: Trace Attempt 289	[58.83 s]
0.0.Ncustom4: Trace Attempt 289	[58.83 s]
0.0.Ncustom1: Trace Attempt  1	[59.23 s]
0.0.Ncustom1: Trace Attempt  2	[59.23 s]
0.0.Ncustom1: Trace Attempt  3	[59.23 s]
0.0.L: Trace Attempt 250	[8.26 s]
0.0.Ncustom1: Stopped processing property "counter.u_counter_sva.a_periodicity"	[62.97 s].
0.0.Ncustom1: Morphing to AM
0.0.Ncustom1: Trace Attempt 289	[59.55 s]
0.0.Ncustom1: All properties determined. [0.00 s]
0.0.Ncustom1: Exited with Success (@ 0.00 s)
0.0.AM: clocks: 1, declared: 1, disabling: 0, posedge: 1, negedge: 0, noedge: 0, bothedge: 0
0.0.AM: Starting proof for property "counter.u_counter_sva.a_periodicity"	[0.00 s].
0.0.AM: Trace Attempt  1	[0.00 s]
0.0.AM: Trace Attempt  2	[0.00 s]
0.0.AM: Trace Attempt  3	[0.00 s]
0.0.AM: Trace Attempt  4	[0.01 s]
0.0.AM: Trace Attempt  5	[0.01 s]
0.0.L: Trace Attempt 297	[12.30 s]
0.0.AM: Trace Attempt 164	[4.09 s]
0.0.Ncustom4: Trace Attempt 290	[70.52 s]
0.0.L: Trace Attempt 334	[16.39 s]
0.0.Ncustom4: Trace Attempt  1	[70.90 s]
0.0.Ncustom4: Trace Attempt  2	[70.90 s]
0.0.Ncustom4: Trace Attempt  3	[70.90 s]
0.0.AM: Trace Attempt 218	[8.29 s]
0.0.L: Trace Attempt 365	[20.46 s]
0.0.AM: Trace Attempt 248	[12.49 s]
0.0.Ncustom4: Trace Attempt 291	[78.17 s]
0.0.Ncustom4: Trace Attempt  1	[78.48 s]
0.0.Ncustom4: Trace Attempt  2	[78.48 s]
0.0.Ncustom4: Trace Attempt  3	[78.49 s]
0.0.L: Trace Attempt 390	[24.62 s]
0.0.AM: Trace Attempt 276	[16.65 s]
0.0.L: Using states from traces to { counter.u_counter_sva.c_wrap (2) }
0.0.L: Trace Attempt  3	[26.89 s]
0.0.L: Trace Attempt  4	[26.92 s]
0.0.L: Trace Attempt  5	[26.92 s]
0.0.AM: Trace Attempt 294	[20.75 s]
0.0.L: Trace Attempt 188	[30.98 s]
0.0.Ncustom4: Trace Attempt 292	[85.52 s]
0.0.Ncustom4: Trace Attempt  1	[85.83 s]
0.0.Ncustom4: Trace Attempt  2	[85.83 s]
0.0.Ncustom4: Trace Attempt  3	[85.83 s]
0.0.AM: Trace Attempt 316	[25.00 s]
0.0.L: Trace Attempt 252	[35.07 s]
0.0.AM: Trace Attempt 333	[29.42 s]
0.0.Ncustom4: Trace Attempt 293	[93.10 s]
0.0.L: Trace Attempt 300	[39.20 s]
0.0.Ncustom4: Trace Attempt  1	[93.47 s]
0.0.Ncustom4: Trace Attempt  2	[93.47 s]
0.0.Ncustom4: Trace Attempt  3	[93.47 s]
0.0.AM: Trace Attempt 350	[33.52 s]
0.0.L: Trace Attempt 336	[43.21 s]
0.0.Ncustom4: Trace Attempt 294	[99.55 s]
0.0.Ncustom4: Trace Attempt  1	[99.87 s]
0.0.Ncustom4: Trace Attempt  2	[99.87 s]
0.0.Ncustom4: Trace Attempt  3	[99.87 s]
0.0.AM: Trace Attempt 366	[37.85 s]
0.0.L: Trace Attempt 366	[47.36 s]
0.0.AM: Trace Attempt 380	[41.90 s]
0.0.L: Trace Attempt 390	[51.40 s]
0.0.L: Using states from traces to { (reset) }
0.0.L: Trace Attempt  3	[53.95 s]
0.0.L: Trace Attempt  4	[53.97 s]
0.0.L: Trace Attempt  5	[53.98 s]
0.0.AM: Trace Attempt 389	[46.82 s]
0.0.Ncustom4: Trace Attempt 295	[110.15 s]
0.0.Ncustom4: Trace Attempt  1	[110.47 s]
0.0.Ncustom4: Trace Attempt  2	[110.47 s]
0.0.Ncustom4: Trace Attempt  3	[110.47 s]
0.0.L: Trace Attempt 258	[58.00 s]
0.0.AM: Trace Attempt 402	[51.18 s]
0.0.L: Trace Attempt 341	[62.00 s]
0.0.AM: Trace Attempt 415	[55.25 s]
0.0.Ncustom4: Trace Attempt 296	[119.15 s]
0.0.Ncustom4: Trace Attempt  1	[119.50 s]
0.0.Ncustom4: Trace Attempt  2	[119.50 s]
0.0.Ncustom4: Trace Attempt  3	[119.50 s]
0.0.L: Trace Attempt 390	[66.09 s]
0.0.L: Using states from traces to { counter.u_counter_sva.c_inc (4) }
0.0.L: Trace Attempt  3	[67.53 s]
0.0.L: Trace Attempt  4	[67.56 s]
0.0.L: Trace Attempt  5	[67.57 s]
0.0.AM: Trace Attempt 426	[59.34 s]
0.0.L: Trace Attempt 186	[71.57 s]
0.0.AM: Trace Attempt 434	[63.65 s]
0.0.Ncustom4: Trace Attempt 297	[127.00 s]
0.0.Ncustom4: Trace Attempt  1	[127.31 s]
0.0.Ncustom4: Trace Attempt  2	[127.31 s]
0.0.Ncustom4: Trace Attempt  3	[127.31 s]
0.0.L: Trace Attempt 250	[75.60 s]
0.0.AM: Trace Attempt 446	[67.95 s]
0.0.Ncustom4: Trace Attempt 298	[133.57 s]
0.0.L: Trace Attempt 296	[79.60 s]
0.0.Ncustom4: Trace Attempt  1	[133.92 s]
0.0.Ncustom4: Trace Attempt  2	[133.92 s]
0.0.Ncustom4: Trace Attempt  3	[133.92 s]
0.0.AM: Trace Attempt 456	[72.61 s]
0.0.L: Trace Attempt 333	[83.62 s]
0.0.AM: Trace Attempt 466	[76.83 s]
0.0.Ncustom4: Trace Attempt 299	[141.28 s]
0.0.Ncustom4: Trace Attempt  1	[141.59 s]
0.0.Ncustom4: Trace Attempt  2	[141.59 s]
0.0.Ncustom4: Trace Attempt  3	[141.60 s]
0.0.L: Trace Attempt 363	[87.70 s]
0.0.AM: Trace Attempt 476	[81.27 s]
0.0.L: Trace Attempt 389	[91.82 s]
0.0.Ncustom4: Trace Attempt 300	[148.43 s]
0.0.L: Using states from traces to { counter.u_counter_sva.c_wrap (2) }
0.0.L: Trace Attempt  3	[94.50 s]
0.0.L: Trace Attempt  4	[94.53 s]
0.0.L: Trace Attempt  5	[94.53 s]
0.0.AM: Trace Attempt 486	[85.85 s]
0.0.Ncustom4: Trace Attempt  1	[148.90 s]
0.0.Ncustom4: Trace Attempt  2	[148.90 s]
0.0.Ncustom4: Trace Attempt  3	[148.90 s]
0.0.Ncustom4: Stopped processing property "counter.u_counter_sva.a_periodicity"	[148.90 s].
0.0.Ncustom4: Morphing to AD
0.0.Ncustom4: All properties determined. [0.00 s]
0.0.Ncustom4: Exited with Success (@ 0.00 s)
0.0.AD: clocks: 1, declared: 1, disabling: 0, posedge: 1, negedge: 0, noedge: 0, bothedge: 0
0.0.AD: Starting proof for property "counter.u_counter_sva.a_periodicity"	[0.00 s].
0.0.AD: Trace Attempt  1	[0.00 s]
0.0.AD: Trace Attempt  2	[0.00 s]
0.0.AD: Trace Attempt  3	[0.00 s]
0.0.AD: Trace Attempt  4	[0.00 s]
0.0.AD: Trace Attempt  5	[0.00 s]
0.0.AM: Stopped processing property "counter.u_counter_sva.a_periodicity"	[86.02 s].
0.0.AM: Morphing to AMcustom2
0.0.AM: Trace Attempt 487	[85.93 s]
0.0.AM: All properties determined. [0.00 s]
0.0.AM: Exited with Success (@ 0.00 s)
0.0.AMcustom2: clocks: 1, declared: 1, disabling: 0, posedge: 1, negedge: 0, noedge: 0, bothedge: 0
0.0.AMcustom2: Starting proof for property "counter.u_counter_sva.a_periodicity"	[0.00 s].
0.0.AMcustom2: Trace Attempt  1	[0.00 s]
0.0.AMcustom2: Trace Attempt  2	[0.00 s]
0.0.AMcustom2: Trace Attempt  3	[0.00 s]
0.0.AMcustom2: Trace Attempt  4	[0.00 s]
0.0.AMcustom2: Trace Attempt  5	[0.00 s]
0.0.L: Trace Attempt 188	[98.58 s]
0.0.AD: Trace Attempt 253	[4.00 s]
0.0.AMcustom2: Trace Attempt 251	[4.00 s]
0.0.L: Trace Attempt 252	[102.67 s]
0.0.AD: Trace Attempt 324	[8.01 s]
0.0.AMcustom2: Trace Attempt 322	[8.01 s]
0.0.AD: Trace Attempt 369	[12.02 s]
0.0.AMcustom2: Trace Attempt 369	[12.07 s]
0.0.L: Trace Attempt 300	[106.83 s]
0.0.L: Trace Attempt 336	[110.85 s]
0.0.AMcustom2: Trace Attempt 390	[16.28 s]
0.0.AD: Trace Attempt 390	[16.32 s]
0.0.L: Trace Attempt 366	[115.00 s]
0.0.AMcustom2: Trace Attempt 428	[20.77 s]
0.0.AD: Trace Attempt 428	[20.86 s]
0.0.L: Trace Attempt 390	[119.07 s]
0.0.AD: Trace Attempt 461	[24.89 s]
0.0.AMcustom2: Trace Attempt 462	[24.92 s]
0.0.L: Using states from traces to { (reset) }
0.0.L: Trace Attempt  3	[121.94 s]
0.0.L: Trace Attempt  4	[121.97 s]
0.0.L: Trace Attempt  5	[121.97 s]
0.0.AMcustom2: Trace Attempt 492	[28.93 s]
0.0.AD: Trace Attempt 491	[29.00 s]
0.0.L: Trace Attempt 257	[126.00 s]
0.0.L: Trace Attempt 341	[130.04 s]
0.0.L: Trace Attempt 390	[134.08 s]
0.0.L: Using states from traces to { counter.u_counter_sva.c_inc (4) }
0.0.L: Trace Attempt  3	[135.76 s]
0.0.L: Trace Attempt  4	[135.79 s]
0.0.L: Trace Attempt  5	[135.80 s]
0.0.AMcustom2: Trace Attempt 495	[44.96 s]
0.0.L: Trace Attempt 187	[139.81 s]
0.0.AD: Trace Attempt 495	[45.67 s]
0.0.L: Trace Attempt 251	[143.83 s]
0.0.L: Trace Attempt 298	[147.99 s]
0.0.L: Trace Attempt 335	[152.01 s]
0.0.L: Trace Attempt 365	[156.05 s]
0.0.L: Trace Attempt 389	[160.10 s]
0.0.L: Using states from traces to { counter.u_counter_sva.c_wrap (2) }
0.0.L: Trace Attempt  3	[163.07 s]
0.0.L: Trace Attempt  4	[163.10 s]
0.0.L: Trace Attempt  5	[163.10 s]
0.0.L: Trace Attempt 186	[167.13 s]
0.0.L: Trace Attempt 250	[171.20 s]
0.0.L: Trace Attempt 297	[175.24 s]
0.0.L: Trace Attempt 333	[179.25 s]
0.0.L: Trace Attempt 362	[183.34 s]
0.0.L: Morphing to J
0.0.L: Trace Attempt 373	[184.88 s]
0.0.L: All properties determined. [0.00 s]
0.0.L: Exited with Success (@ 0.00 s)
0.0.J: clocks: 1, declared: 1, disabling: 0, posedge: 1, negedge: 0, noedge: 0, bothedge: 0
0.0.J: Trace Attempt  1	[0.01 s]
0.0.J: Trace Attempt  1	[0.01 s]
0.0.J: Trace Attempt  2	[0.01 s]
0.0.J: Trace Attempt  1	[0.01 s]
0.0.J: Trace Attempt  3	[0.01 s]
0.0.J: Trace Attempt  1	[0.01 s]
0.0.J: Trace Attempt  4	[0.01 s]
0.0.J: Trace Attempt  1	[0.01 s]
0.0.J: Trace Attempt  1	[0.01 s]
0.0.J: Trace Attempt  1	[0.01 s]
0.0.J: Trace Attempt  1	[0.01 s]
0.0.J: Trace Attempt  1	[0.01 s]
0.0.J: Trace Attempt  1	[0.01 s]
0.0.J: Trace Attempt  1	[0.02 s]
0.0.J: Trace Attempt  1	[0.02 s]
0.0.J: Trace Attempt  1	[0.02 s]
0.0.J: Trace Attempt  1	[0.03 s]
0.0.J: Trace Attempt  1	[0.03 s]
0.0.J: Trace Attempt  1	[0.04 s]
0.0.J: Trace Attempt  1	[0.06 s]
0.0.J: Trace Attempt  1	[0.08 s]
0.0.J: Trace Attempt  1	[0.11 s]
0.0.J: Trace Attempt  1	[0.15 s]
0.0.J: Trace Attempt  1	[0.22 s]
0.0.J: Trace Attempt  1	[0.33 s]
0.0.J: Trace Attempt  1	[0.48 s]
0.0.J: Trace Attempt  1	[0.72 s]
0.0.J: Trace Attempt  1	[1.06 s]
0.0.J: Trace Attempt  1	[1.59 s]
0.0.J: Trace Attempt  1	[2.38 s]
0.0.J: Trace Attempt  1	[3.55 s]
0.0.J: Trace Attempt  1	[5.32 s]
0.0.J: Trace Attempt  1	[7.98 s]
0.0.J: Trace Attempt  1	[11.95 s]
0.0.J: Trace Attempt 141312	[16.01 s]
0.0.J: Trace Attempt  1	[17.91 s]
0.0.J: Trace Attempt 139264	[21.92 s]
0.0.J: Trace Attempt 278528	[25.93 s]
0.0.J: Trace Attempt  1	[26.87 s]
0.0.J: Trace Attempt 139264	[30.88 s]
0.0.J: Trace Attempt 280576	[34.93 s]
0.0.J: Trace Attempt 421888	[38.98 s]
0.0.J: Trace Attempt  1	[40.26 s]
0.0.J: Trace Attempt 141312	[44.31 s]
0.0.J: Trace Attempt 284672	[48.35 s]
0.0.J: Trace Attempt 425984	[52.39 s]
0.0.J: Trace Attempt 565248	[56.40 s]
0.0.J: Trace Attempt  1	[60.27 s]
0.0.J: Trace Attempt 139264	[64.28 s]
0.0.J: Trace Attempt 278528	[68.29 s]
0.0.J: Trace Attempt 417792	[72.30 s]
0.0.J: Trace Attempt 557056	[76.31 s]
0.0.J: Trace Attempt 696320	[80.31 s]
0.0.J: Trace Attempt 837632	[84.36 s]
0.0.J: Trace Attempt 976896	[88.37 s]
0.0.J: Trace Attempt  1	[90.47 s]
0.0.J: Trace Attempt 139264	[94.49 s]
0.0.J: Trace Attempt 278528	[98.50 s]
0.0.J: Trace Attempt 417792	[102.50 s]
0.0.J: Trace Attempt 559104	[106.56 s]
0.0.J: Trace Attempt 700416	[110.62 s]
0.0.J: Trace Attempt 841728	[114.67 s]
0.0.J: Trace Attempt 985088	[118.71 s]
0.0.J: Trace Attempt 1126400	[122.73 s]
0.0.J: Trace Attempt 1265664	[126.75 s]
0.0.J: Trace Attempt 1404928	[130.75 s]
0.0.J: Trace Attempt 1544192	[134.76 s]
0.0.J: Trace Attempt  1	[135.64 s]
0.0.J: Trace Attempt 139264	[139.65 s]
0.0.J: Trace Attempt 278528	[143.67 s]
0.0.J: Trace Attempt 417792	[147.68 s]
0.0.J: Trace Attempt 557056	[151.70 s]
0.0.J: Trace Attempt 696320	[155.72 s]
0.0.J: Trace Attempt 835584	[159.72 s]
0.0.J: Trace Attempt 974848	[163.74 s]
0.0.J: Trace Attempt 1114112	[167.75 s]
0.0.AD: Stopped processing property "counter.u_counter_sva.a_periodicity"	[261.00 s].
0.0.AD: Morphing to I
0.0.AD: Trace Attempt 513	[48.81 s]
0.0.AD: All properties determined. [0.00 s]
0.0.AD: Exited with Success (@ 0.00 s)
0.0.I: clocks: 1, declared: 1, disabling: 0, posedge: 1, negedge: 0, noedge: 0, bothedge: 0
0.0.I: Starting proof for property "counter.u_counter_sva.a_periodicity"	[0.00 s].
0.0.I: Trace Attempt 299	[0.31 s]
0.0.J: Trace Attempt 1253376	[171.76 s]
0.0.J: Trace Attempt 1392640	[175.77 s]
0.0.I: Trace Attempt 300	[6.93 s]
0.0.I: Trace Attempt  1	[7.38 s]
0.0.I: Trace Attempt  2	[7.38 s]
0.0.I: Trace Attempt  3	[7.38 s]
0.0.I: Trace Attempt  4	[7.38 s]
0.0.J: Trace Attempt 1531904	[179.79 s]
0.0.I: Trace Attempt 85	[11.53 s]
0.0.J: Trace Attempt 1671168	[183.79 s]
0.0.J: Interrupted (multi)
0.0.J: Morphing to U2
0.0.J: Trace Attempt 1708033	[184.85 s]
0.0.J: All properties determined. [0.00 s]
0.0.J: Exited with Success (@ 0.00 s)
0.0.U2: clocks: 1, declared: 1, disabling: 0, posedge: 1, negedge: 0, noedge: 0, bothedge: 0
0.0.U2: Seed 1
0.0.U2: Trace Attempt  1	[0.18 s]
0.0.U2: Restart 1, Seed 15bf50945
0.0.U2: Trace Attempt  1	[0.65 s]
0.0.U2: Restart 2, Seed 12068601f
0.0.U2: Trace Attempt  1	[1.37 s]
0.0.I: Trace Attempt 104	[15.79 s]
0.0.U2: Restart 3, Seed 13774b694
0.0.U2: Trace Attempt  1	[2.58 s]
0.0.U2: Restart 4, Seed 144e46062
0.0.U2: Trace Attempt  1	[4.05 s]
0.0.I: Trace Attempt 117	[20.12 s]
0.0.U2: Restart 5, Seed 14d2b9111
0.0.U2: Trace Attempt  1	[6.59 s]
0.0.U2: Restart 6, Seed 142b3258e
0.0.U2: Trace Attempt  1	[10.11 s]
0.0.I: Trace Attempt 125	[24.37 s]
0.0.U2: Trace Attempt 1538	[14.17 s]
0.0.I: Trace Attempt 134	[28.91 s]
0.0.U2: Restart 7, Seed 16d3c59cd
0.0.U2: Trace Attempt  1	[16.14 s]
0.0.I: Trace Attempt 142	[33.41 s]
0.0.U2: Trace Attempt 1659	[20.20 s]
0.0.I: Trace Attempt 149	[37.84 s]
0.0.U2: Trace Attempt 3307	[24.27 s]
0.0.U2: Restart 8, Seed 129ddc124
0.0.U2: Trace Attempt  1	[24.57 s]
0.0.I: Trace Attempt 155	[42.41 s]
0.0.U2: Trace Attempt 1717	[28.62 s]
0.0.I: Trace Attempt 159	[46.43 s]
0.0.U2: Trace Attempt 3412	[32.71 s]
0.0.I: Trace Attempt 164	[50.58 s]
0.0.U2: Restart 9, Seed 1614c191c
0.0.U2: Trace Attempt  1	[36.84 s]
0.0.U2: Trace Attempt 1740	[40.92 s]
0.0.I: Trace Attempt 169	[55.30 s]
0.0.U2: Trace Attempt 3539	[45.02 s]
0.0.I: Trace Attempt 172	[60.14 s]
0.0.U2: Trace Attempt 5207	[49.03 s]
0.0.I: Trace Attempt 176	[64.72 s]
0.0.U2: Trace Attempt 6987	[53.08 s]
0.0.U2: Restart 10, Seed 16e92eb9d
0.0.U2: Trace Attempt  1	[54.79 s]
0.0.I: Trace Attempt 180	[69.43 s]
0.0.U2: Trace Attempt 1850	[58.84 s]
0.0.I: Trace Attempt 184	[74.32 s]
0.0.U2: Trace Attempt 3708	[62.88 s]
0.0.I: Trace Attempt 188	[79.58 s]
0.0.U2: Trace Attempt 5477	[66.95 s]
0.0.U2: Trace Attempt 7360	[71.00 s]
0.0.I: Trace Attempt 191	[86.22 s]
0.0.U2: Trace Attempt 9140	[75.01 s]
0.0.I: Trace Attempt 194	[90.76 s]
0.0.U2: Restart 11, Seed 172870fdf
0.0.U2: Trace Attempt  1	[77.08 s]
0.0.U2: Trace Attempt 1334	[81.15 s]
0.0.I: Trace Attempt 197	[95.56 s]
0.0.U2: Trace Attempt 2698	[85.22 s]
0.0.I: Trace Attempt 199	[102.08 s]
0.0.U2: Trace Attempt 4096	[89.29 s]
0.0.I: Trace Attempt 202	[106.66 s]
0.0.U2: Trace Attempt 5390	[93.36 s]
0.0.I: Trace Attempt 205	[111.58 s]
0.0.U2: Trace Attempt 6733	[97.42 s]
0.0.U2: Trace Attempt 8068	[101.48 s]
0.0.I: Trace Attempt 208	[117.08 s]
0.0.U2: Trace Attempt 9427	[105.57 s]
0.0.U2: Restart 12, Seed 12ae94345
0.0.U2: Trace Attempt  1	[107.55 s]
0.0.I: Trace Attempt 211	[122.63 s]
0.0.U2: Trace Attempt 1742	[111.62 s]
0.0.I: Trace Attempt 213	[126.74 s]
0.0.U2: Trace Attempt 3491	[115.69 s]
0.0.I: Trace Attempt 215	[132.20 s]
0.0.U2: Trace Attempt 5132	[119.75 s]
0.0.I: Trace Attempt 218	[137.91 s]
0.0.U2: Trace Attempt 6881	[123.81 s]
0.0.U2: Trace Attempt 8546	[127.87 s]
0.0.I: Trace Attempt 220	[143.06 s]
0.0.U2: Restart 13, Seed 134f17471
0.0.U2: Trace Attempt  1	[131.50 s]
0.0.I: Trace Attempt 222	[149.53 s]
0.0.U2: Trace Attempt 1669	[135.55 s]
0.0.U2: Trace Attempt 3370	[139.63 s]
0.0.I: Trace Attempt 224	[153.85 s]
0.0.U2: Trace Attempt 5002	[143.71 s]
0.0.I: Trace Attempt 226	[158.51 s]
0.0.U2: Trace Attempt 6732	[147.77 s]
0.0.I: Trace Attempt 228	[164.12 s]
0.0.U2: Trace Attempt 8360	[151.81 s]
0.0.I: Trace Attempt 230	[168.84 s]
0.0.U2: Restart 14, Seed 133bebe16
0.0.U2: Trace Attempt  1	[155.98 s]
0.0.I: Trace Attempt 231	[172.90 s]
0.0.U2: Trace Attempt 1557	[160.04 s]
0.0.U2: Trace Attempt 3140	[164.10 s]
0.0.I: Trace Attempt 233	[178.68 s]
0.0.U2: Trace Attempt 4746	[168.19 s]
0.0.I: Trace Attempt 235	[184.17 s]
0.0.U2: Trace Attempt 6381	[172.27 s]
0.0.I: Trace Attempt 237	[189.19 s]
0.0.U2: Trace Attempt 7997	[176.33 s]
0.0.I: Trace Attempt 238	[194.33 s]
0.0.U2: Trace Attempt 9574	[180.36 s]
0.0.U2: Restart 15, Seed 1336dc445
0.0.U2: Trace Attempt  1	[181.68 s]
0.0.U2: Morphing to U
0.0.U2: Trace Attempt 1166	[185.04 s]
0.0.U2: All properties determined. [0.00 s]
0.0.U2: Exited with Success (@ 0.00 s)
0.0.U: clocks: 1, declared: 1, disabling: 0, posedge: 1, negedge: 0, noedge: 0, bothedge: 0
0.0.U: Reached length limit (100) [0.00 s]
0.0.U: Exited with Success (@ 1347.41 s)
0.0.I: Trace Attempt 240	[200.62 s]
0.0.Hp: Proofgrid shell started at 1509141@della-h14n5(local) jg_1482703_della-h14n5_1
0.0.Hp: OS RSS memory limit : 17179869184 / 17179869184
0.0.Hp: clocks: 1, declared: 1, disabling: 0, posedge: 1, negedge: 0, noedge: 0, bothedge: 0
0.0.I: Trace Attempt 242	[206.67 s]
0.0.I: Trace Attempt 244	[211.99 s]
0.0.I: Trace Attempt 245	[219.16 s]
0.0.I: Trace Attempt 247	[225.42 s]
0.0.I: Trace Attempt 248	[233.64 s]
0.0.I: Trace Attempt 250	[239.44 s]
0.0.I: Trace Attempt 252	[252.98 s]
0.0.I: Trace Attempt 253	[260.20 s]
0.0.I: Trace Attempt 255	[267.91 s]
0.0.I: Trace Attempt 256	[272.70 s]
0.0.I: Stopped processing property "counter.u_counter_sva.a_periodicity"	[275.44 s].
0.0.I: Morphing to K
0.0.I: Trace Attempt 257	[274.93 s]
0.0.I: All properties determined. [0.00 s]
0.0.I: Exited with Success (@ 0.00 s)
0.0.K: clocks: 1, declared: 1, disabling: 0, posedge: 1, negedge: 0, noedge: 0, bothedge: 0
0.0.K: Starting proof for property "counter.u_counter_sva.a_periodicity"	[0.00 s].
0.0.K: Trace Attempt 299	[0.32 s]
0.0.K: Trace Attempt  1	[7.04 s]
0.0.K: Trace Attempt  2	[7.04 s]
0.0.K: Trace Attempt  3	[7.04 s]
0.0.K: Trace Attempt  4	[7.04 s]
0.0.K: Trace Attempt  5	[7.04 s]
0.0.K: Trace Attempt  1	[16.09 s]
0.0.K: Trace Attempt  2	[16.09 s]
0.0.K: Trace Attempt  3	[16.09 s]
0.0.K: Trace Attempt  4	[16.09 s]
0.0.K: Trace Attempt  5	[16.09 s]
0.0.K: Trace Attempt  1	[23.41 s]
0.0.K: Trace Attempt  2	[23.41 s]
0.0.K: Trace Attempt  3	[23.41 s]
0.0.K: Trace Attempt  4	[23.41 s]
0.0.K: Trace Attempt  5	[23.41 s]
0.0.AMcustom2: Stopped processing property "counter.u_counter_sva.a_periodicity"	[560.12 s].
0.0.AMcustom2: Morphing to Tri
0.0.AMcustom2: Trace Attempt 513	[47.92 s]
0.0.AMcustom2: All properties determined. [0.00 s]
0.0.AMcustom2: Exited with Success (@ 0.00 s)
0.0.Tri: clocks: 1, declared: 1, disabling: 0, posedge: 1, negedge: 0, noedge: 0, bothedge: 0
0.0.Tri: Starting proof for property "counter.u_counter_sva.a_periodicity"	[0.00 s].
0.0.Tri: Trace Attempt  1	[0.00 s]
0.0.Tri:    0.00" ---- Launching main thread ----
0.0.Tri:    0.25" ---- Launching abstraction thread ----
0.0.Tri:    0.29" ---- Launching multi-phase simplification thread ----
0.0.Tri: Trace Attempt  2	[0.44 s]
0.0.Tri: Trace Attempt  3	[0.44 s]
0.0.Tri: Trace Attempt  4	[0.44 s]
0.0.Tri: Trace Attempt  5	[0.44 s]
0.0.Tri:    2.05" Simplification phase 1 complete
0.0.Tri: Trace Attempt 297	[5.09 s]
0.0.Tri:    6.95" Simplification phase 2 complete
0.0.Tri: Trace Attempt 379	[9.79 s]
0.0.K: Trace Attempt  1	[34.61 s]
0.0.K: Trace Attempt  2	[34.61 s]
0.0.K: Trace Attempt  3	[34.62 s]
0.0.K: Trace Attempt  4	[34.62 s]
0.0.K: Trace Attempt  5	[34.62 s]
0.0.Tri:   13.74" Simplification phase 3 complete
  13.74" ---- Completed simplification thread ----
0.0.Tri:   13.74" ---- Restarting main thread on simplified netlist ----
0.0.Tri:   14.00" ---- Restarting abstraction thread on simplified netlist ----
0.0.K: Trace Attempt  1	[44.08 s]
0.0.K: Trace Attempt  2	[44.09 s]
0.0.K: Trace Attempt  3	[44.09 s]
0.0.K: Trace Attempt  4	[44.09 s]
0.0.K: Trace Attempt  5	[44.09 s]
0.0.Tri: Trace Attempt 414	[28.00 s]
0.0.K: Trace Attempt  1	[53.04 s]
0.0.K: Trace Attempt  2	[53.04 s]
0.0.K: Trace Attempt  3	[53.04 s]
0.0.K: Trace Attempt  4	[53.04 s]
0.0.K: Trace Attempt  5	[53.04 s]
0.0.Tri: Trace Attempt 449	[32.00 s]
0.0.Tri: Trace Attempt 467	[36.30 s]
0.0.K: Trace Attempt  1	[60.20 s]
0.0.K: Trace Attempt  2	[60.20 s]
0.0.K: Trace Attempt  3	[60.20 s]
0.0.K: Trace Attempt  4	[60.20 s]
0.0.K: Trace Attempt  5	[60.20 s]
0.0.Tri: Trace Attempt 484	[40.65 s]
0.0.K: Trace Attempt  1	[67.81 s]
0.0.K: Trace Attempt  2	[67.81 s]
0.0.K: Trace Attempt  3	[67.81 s]
0.0.K: Trace Attempt  4	[67.81 s]
0.0.K: Trace Attempt  5	[67.81 s]
0.0.Tri: Trace Attempt 497	[44.80 s]
0.0.Tri: Trace Attempt 508	[49.09 s]
0.0.K: Trace Attempt  1	[76.32 s]
0.0.K: Trace Attempt  2	[76.32 s]
0.0.K: Trace Attempt  3	[76.32 s]
0.0.K: Trace Attempt  4	[76.32 s]
0.0.K: Trace Attempt  5	[76.32 s]
0.0.K: Trace Attempt  1	[84.55 s]
0.0.K: Trace Attempt  2	[84.55 s]
0.0.K: Trace Attempt  3	[84.55 s]
0.0.K: Trace Attempt  4	[84.55 s]
0.0.K: Trace Attempt  5	[84.55 s]
0.0.K: Trace Attempt  1	[92.97 s]
0.0.K: Trace Attempt  2	[92.97 s]
0.0.K: Trace Attempt  3	[92.97 s]
0.0.K: Trace Attempt  4	[92.97 s]
0.0.K: Trace Attempt  5	[92.97 s]
0.0.K: Trace Attempt  1	[101.87 s]
0.0.K: Trace Attempt  2	[101.87 s]
0.0.K: Trace Attempt  3	[101.87 s]
0.0.K: Trace Attempt  4	[101.87 s]
0.0.K: Trace Attempt  5	[101.87 s]
0.0.K: Trace Attempt  1	[112.25 s]
0.0.K: Trace Attempt  2	[112.25 s]
0.0.K: Trace Attempt  3	[112.26 s]
0.0.K: Trace Attempt  4	[112.26 s]
0.0.K: Trace Attempt  5	[112.26 s]
0.0.K: Trace Attempt  1	[123.34 s]
0.0.K: Trace Attempt  2	[123.34 s]
0.0.K: Trace Attempt  3	[123.34 s]
0.0.K: Trace Attempt  4	[123.34 s]
0.0.K: Trace Attempt  5	[123.34 s]
0.0.K: Trace Attempt  1	[134.47 s]
0.0.K: Trace Attempt  2	[134.47 s]
0.0.K: Trace Attempt  3	[134.47 s]
0.0.K: Trace Attempt  4	[134.47 s]
0.0.K: Trace Attempt  5	[134.47 s]
0.0.Tri: Trace Attempt 514	[111.18 s]
0.0.K: Trace Attempt  1	[144.34 s]
0.0.K: Trace Attempt  2	[144.34 s]
0.0.K: Trace Attempt  3	[144.34 s]
0.0.K: Trace Attempt  4	[144.34 s]
0.0.K: Trace Attempt  5	[144.34 s]
0.0.K: Trace Attempt  1	[154.98 s]
0.0.K: Trace Attempt  2	[154.98 s]
0.0.K: Trace Attempt  3	[154.98 s]
0.0.K: Trace Attempt  4	[154.98 s]
0.0.K: Trace Attempt  5	[154.98 s]
0.0.K: Trace Attempt  1	[165.12 s]
0.0.K: Trace Attempt  2	[165.12 s]
0.0.K: Trace Attempt  3	[165.12 s]
0.0.K: Trace Attempt  4	[165.12 s]
0.0.K: Trace Attempt  5	[165.12 s]
0.0.K: Trace Attempt  1	[187.78 s]
0.0.K: Trace Attempt  2	[187.78 s]
0.0.K: Trace Attempt  3	[187.78 s]
0.0.K: Trace Attempt  4	[187.78 s]
0.0.K: Trace Attempt  5	[187.78 s]
0.0.K: Trace Attempt  1	[199.75 s]
0.0.K: Trace Attempt  2	[199.75 s]
0.0.K: Trace Attempt  3	[199.75 s]
0.0.K: Trace Attempt  4	[199.75 s]
0.0.K: Trace Attempt  5	[199.75 s]
0.0.K: Trace Attempt  1	[211.87 s]
0.0.K: Trace Attempt  2	[211.87 s]
0.0.K: Trace Attempt  3	[211.87 s]
0.0.K: Trace Attempt  4	[211.87 s]
0.0.K: Trace Attempt  5	[211.87 s]
0.0.K: Trace Attempt  1	[224.63 s]
0.0.K: Trace Attempt  2	[224.63 s]
0.0.K: Trace Attempt  3	[224.64 s]
0.0.K: Trace Attempt  4	[224.64 s]
0.0.K: Trace Attempt  5	[224.64 s]
0.0.K: Trace Attempt  1	[237.56 s]
0.0.K: Trace Attempt  2	[237.56 s]
0.0.K: Trace Attempt  3	[237.56 s]
0.0.K: Trace Attempt  4	[237.56 s]
0.0.K: Trace Attempt  5	[237.56 s]
0.0.K: Trace Attempt  1	[249.08 s]
0.0.K: Trace Attempt  2	[249.08 s]
0.0.K: Trace Attempt  3	[249.08 s]
0.0.K: Trace Attempt  4	[249.08 s]
0.0.K: Trace Attempt  5	[249.08 s]
0.0.K: Trace Attempt  1	[261.02 s]
0.0.K: Trace Attempt  2	[261.02 s]
0.0.K: Trace Attempt  3	[261.02 s]
0.0.K: Trace Attempt  4	[261.02 s]
0.0.K: Trace Attempt  5	[261.02 s]
0.0.K: Trace Attempt  1	[272.58 s]
0.0.K: Trace Attempt  2	[272.58 s]
0.0.K: Trace Attempt  3	[272.58 s]
0.0.K: Trace Attempt  4	[272.58 s]
0.0.K: Trace Attempt  5	[272.58 s]
0.0.K: Trace Attempt  1	[285.94 s]
0.0.K: Trace Attempt  2	[285.94 s]
0.0.K: Trace Attempt  3	[285.94 s]
0.0.K: Trace Attempt  4	[285.94 s]
0.0.K: Trace Attempt  5	[285.94 s]
0.0.K: Trace Attempt  1	[297.66 s]
0.0.K: Trace Attempt  2	[297.66 s]
0.0.K: Trace Attempt  3	[297.66 s]
0.0.K: Trace Attempt  4	[297.66 s]
0.0.K: Trace Attempt  5	[297.66 s]
0.0.K: Trace Attempt  1	[309.58 s]
0.0.K: Trace Attempt  2	[309.58 s]
0.0.K: Trace Attempt  3	[309.58 s]
0.0.K: Trace Attempt  4	[309.58 s]
0.0.K: Trace Attempt  5	[309.58 s]
0.0.K: Trace Attempt  1	[322.04 s]
0.0.K: Trace Attempt  2	[322.04 s]
0.0.K: Trace Attempt  3	[322.04 s]
0.0.K: Trace Attempt  4	[322.04 s]
0.0.K: Trace Attempt  5	[322.04 s]
0.0.K: Trace Attempt  1	[334.38 s]
0.0.K: Trace Attempt  2	[334.38 s]
0.0.K: Trace Attempt  3	[334.38 s]
0.0.K: Trace Attempt  4	[334.38 s]
0.0.K: Trace Attempt  5	[334.38 s]
0.0.K: Trace Attempt  1	[347.57 s]
0.0.K: Trace Attempt  2	[347.57 s]
0.0.K: Trace Attempt  3	[347.57 s]
0.0.K: Trace Attempt  4	[347.57 s]
0.0.K: Trace Attempt  5	[347.57 s]
0.0.K: Trace Attempt  1	[370.10 s]
0.0.K: Trace Attempt  2	[370.10 s]
0.0.K: Trace Attempt  3	[370.10 s]
0.0.K: Trace Attempt  4	[370.10 s]
0.0.K: Trace Attempt  5	[370.10 s]
0.0.K: Trace Attempt  1	[384.89 s]
0.0.K: Trace Attempt  2	[384.89 s]
0.0.K: Trace Attempt  3	[384.89 s]
0.0.K: Trace Attempt  4	[384.89 s]
0.0.K: Trace Attempt  5	[384.89 s]
0.0.K: Trace Attempt  1	[398.20 s]
0.0.K: Trace Attempt  2	[398.20 s]
0.0.K: Trace Attempt  3	[398.20 s]
0.0.K: Trace Attempt  4	[398.20 s]
0.0.K: Trace Attempt  5	[398.20 s]
0.0.Ht: Trace Attempt 515	[1824.50 s]
0.0.Tri: warning: doubling send queue capacity for entity 52 to 128
0.0.Tri: warning: doubling send queue capacity for entity 52 to 256
0.0.K: Trace Attempt  1	[411.81 s]
0.0.K: Trace Attempt  2	[411.81 s]
0.0.K: Trace Attempt  3	[411.81 s]
0.0.K: Trace Attempt  4	[411.81 s]
0.0.K: Trace Attempt  5	[411.81 s]
0.0.Tri: warning: doubling send queue capacity for entity 52 to 512
0.0.K: Trace Attempt  1	[426.21 s]
0.0.K: Trace Attempt  2	[426.21 s]
0.0.K: Trace Attempt  3	[426.21 s]
0.0.K: Trace Attempt  4	[426.21 s]
0.0.K: Trace Attempt  5	[426.21 s]
0.0.Tri: warning: doubling send queue capacity for entity 52 to 1024
0.0.K: Trace Attempt  1	[443.11 s]
0.0.K: Trace Attempt  2	[443.11 s]
0.0.K: Trace Attempt  3	[443.11 s]
0.0.K: Trace Attempt  4	[443.11 s]
0.0.K: Trace Attempt  5	[443.11 s]
0.0.K: Trace Attempt  1	[460.26 s]
0.0.K: Trace Attempt  2	[460.26 s]
0.0.K: Trace Attempt  3	[460.26 s]
0.0.K: Trace Attempt  4	[460.26 s]
0.0.K: Trace Attempt  5	[460.26 s]
0.0.K: Trace Attempt  1	[472.42 s]
0.0.K: Trace Attempt  2	[472.42 s]
0.0.K: Trace Attempt  3	[472.42 s]
0.0.K: Trace Attempt  4	[472.42 s]
0.0.K: Trace Attempt  5	[472.42 s]
0.0.K: Trace Attempt  1	[486.09 s]
0.0.K: Trace Attempt  2	[486.09 s]
0.0.K: Trace Attempt  3	[486.09 s]
0.0.K: Trace Attempt  4	[486.09 s]
0.0.K: Trace Attempt  5	[486.09 s]
0.0.Tri: Stopped processing property "counter.u_counter_sva.a_periodicity"	[462.54 s].
0.0.Tri: Morphing to M
0.0.Tri: All properties determined. [0.00 s]
0.0.Tri: Exited with Success (@ 0.00 s)
0.0.M: clocks: 1, declared: 1, disabling: 0, posedge: 1, negedge: 0, noedge: 0, bothedge: 0
0.0.M: Starting proof for property "counter.u_counter_sva.a_periodicity"	[0.00 s].
0.0.M: Trace Attempt  1	[0.00 s]
0.0.M: Trace Attempt  2	[0.02 s]
0.0.M: Trace Attempt  3	[0.05 s]
0.0.M: Trace Attempt 67	[4.15 s]
0.0.M: Trace Attempt 94	[8.25 s]
0.0.M: Trace Attempt 112	[12.63 s]
0.0.K: Trace Attempt  1	[500.67 s]
0.0.K: Trace Attempt  2	[500.67 s]
0.0.K: Trace Attempt  3	[500.67 s]
0.0.K: Trace Attempt  4	[500.67 s]
0.0.K: Trace Attempt  5	[500.67 s]
0.0.M: Trace Attempt 130	[16.75 s]
0.0.M: Trace Attempt 138	[20.85 s]
0.0.M: Trace Attempt 151	[24.89 s]
0.0.M: Trace Attempt 166	[29.77 s]
0.0.K: Trace Attempt  1	[519.88 s]
0.0.K: Trace Attempt  2	[519.88 s]
0.0.K: Trace Attempt  3	[519.88 s]
0.0.K: Trace Attempt  4	[519.88 s]
0.0.K: Trace Attempt  5	[519.88 s]
0.0.M: Trace Attempt 173	[34.15 s]
0.0.M: Trace Attempt 184	[38.83 s]
0.0.M: Trace Attempt 191	[42.89 s]
0.0.M: Trace Attempt 213	[49.12 s]
0.0.K: Trace Attempt  1	[536.50 s]
0.0.K: Trace Attempt  2	[536.50 s]
0.0.K: Trace Attempt  3	[536.50 s]
0.0.K: Trace Attempt  4	[536.50 s]
0.0.K: Trace Attempt  5	[536.50 s]
0.0.M: Trace Attempt 216	[53.63 s]
0.0.M: Trace Attempt 227	[57.68 s]
0.0.M: Trace Attempt 237	[61.99 s]
0.0.K: Trace Attempt  1	[551.31 s]
0.0.K: Trace Attempt  2	[551.31 s]
0.0.K: Trace Attempt  3	[551.31 s]
0.0.K: Trace Attempt  4	[551.31 s]
0.0.K: Trace Attempt  5	[551.31 s]
0.0.M: Trace Attempt 240	[67.61 s]
0.0.M: Trace Attempt 247	[73.80 s]
0.0.M: Trace Attempt 263	[78.66 s]
0.0.M: Trace Attempt 266	[83.77 s]
0.0.K: Trace Attempt  1	[571.32 s]
0.0.K: Trace Attempt  2	[571.32 s]
0.0.K: Trace Attempt  3	[571.32 s]
0.0.K: Trace Attempt  4	[571.32 s]
0.0.K: Trace Attempt  5	[571.32 s]
0.0.M: Trace Attempt 272	[88.59 s]
0.0.M: Trace Attempt 286	[92.66 s]
0.0.M: Trace Attempt 289	[96.66 s]
0.0.M: Trace Attempt 291	[102.70 s]
0.0.K: Trace Attempt  1	[589.19 s]
0.0.K: Trace Attempt  2	[589.19 s]
0.0.K: Trace Attempt  3	[589.19 s]
0.0.K: Trace Attempt  4	[589.19 s]
0.0.K: Trace Attempt  5	[589.19 s]
0.0.M: Trace Attempt 295	[107.04 s]
0.0.M: Trace Attempt 296	[113.39 s]
0.0.K: Trace Attempt  1	[602.47 s]
0.0.K: Trace Attempt  2	[602.47 s]
0.0.K: Trace Attempt  3	[602.47 s]
0.0.K: Trace Attempt  4	[602.47 s]
0.0.K: Trace Attempt  5	[602.47 s]
0.0.M: Trace Attempt 303	[118.08 s]
0.0.M: Trace Attempt 308	[126.19 s]
0.0.M: Trace Attempt 314	[133.57 s]
0.0.K: Trace Attempt  1	[622.39 s]
0.0.K: Trace Attempt  2	[622.39 s]
0.0.K: Trace Attempt  3	[622.39 s]
0.0.K: Trace Attempt  4	[622.39 s]
0.0.K: Trace Attempt  5	[622.39 s]
0.0.M: Trace Attempt 316	[137.96 s]
0.0.M: Trace Attempt 320	[142.51 s]
0.0.M: Trace Attempt 329	[149.00 s]
0.0.K: Trace Attempt  1	[635.86 s]
0.0.K: Trace Attempt  2	[635.86 s]
0.0.K: Trace Attempt  3	[635.86 s]
0.0.K: Trace Attempt  4	[635.86 s]
0.0.K: Trace Attempt  5	[635.86 s]
0.0.M: Trace Attempt 335	[156.11 s]
0.0.M: Trace Attempt 342	[160.39 s]
0.0.K: Trace Attempt  1	[652.85 s]
0.0.K: Trace Attempt  2	[652.85 s]
0.0.K: Trace Attempt  3	[652.85 s]
0.0.K: Trace Attempt  4	[652.85 s]
0.0.K: Trace Attempt  5	[652.85 s]
0.0.M: Trace Attempt 347	[167.55 s]
0.0.M: Trace Attempt 355	[172.15 s]
0.0.K: Trace Attempt  1	[668.68 s]
0.0.K: Trace Attempt  2	[668.68 s]
0.0.K: Trace Attempt  3	[668.68 s]
0.0.K: Trace Attempt  4	[668.68 s]
0.0.K: Trace Attempt  5	[668.68 s]
0.0.M: Trace Attempt 369	[183.83 s]
0.0.M: Trace Attempt 370	[189.58 s]
0.0.M: Trace Attempt 374	[194.19 s]
0.0.K: Trace Attempt  1	[685.10 s]
0.0.K: Trace Attempt  2	[685.10 s]
0.0.K: Trace Attempt  3	[685.10 s]
0.0.K: Trace Attempt  4	[685.10 s]
0.0.K: Trace Attempt  5	[685.10 s]
0.0.M: Trace Attempt 384	[199.28 s]
0.0.M: Trace Attempt 403	[209.81 s]
0.0.M: Trace Attempt 405	[216.56 s]
0.0.K: Trace Attempt  1	[705.54 s]
0.0.K: Trace Attempt  2	[705.54 s]
0.0.K: Trace Attempt  3	[705.55 s]
0.0.K: Trace Attempt  4	[705.55 s]
0.0.K: Trace Attempt  5	[705.55 s]
0.0.M: Trace Attempt 410	[224.29 s]
0.0.M: Trace Attempt 417	[233.90 s]
0.0.M: Trace Attempt 431	[242.91 s]
0.0.K: Trace Attempt  1	[730.26 s]
0.0.K: Trace Attempt  2	[730.26 s]
0.0.K: Trace Attempt  3	[730.26 s]
0.0.K: Trace Attempt  4	[730.26 s]
0.0.K: Trace Attempt  5	[730.26 s]
0.0.M: Trace Attempt 433	[247.97 s]
0.0.M: Trace Attempt 434	[256.99 s]
0.0.M: Trace Attempt 435	[261.66 s]
0.0.K: Trace Attempt  1	[749.62 s]
0.0.K: Trace Attempt  2	[749.62 s]
0.0.K: Trace Attempt  3	[749.62 s]
0.0.K: Trace Attempt  4	[749.62 s]
0.0.K: Trace Attempt  5	[749.62 s]
0.0.M: Trace Attempt 442	[265.92 s]
0.0.M: Trace Attempt 450	[278.32 s]
0.0.K: Trace Attempt  1	[768.68 s]
0.0.K: Trace Attempt  2	[768.68 s]
0.0.K: Trace Attempt  3	[768.68 s]
0.0.K: Trace Attempt  4	[768.68 s]
0.0.K: Trace Attempt  5	[768.68 s]
0.0.M: Trace Attempt 453	[289.67 s]
0.0.M: Trace Attempt 454	[295.53 s]
0.0.K: Trace Attempt  1	[788.60 s]
0.0.K: Trace Attempt  2	[788.60 s]
0.0.K: Trace Attempt  3	[788.60 s]
0.0.K: Trace Attempt  4	[788.60 s]
0.0.K: Trace Attempt  5	[788.60 s]
0.0.M: Trace Attempt 455	[305.12 s]
0.0.M: Trace Attempt 458	[309.51 s]
0.0.K: Trace Attempt  1	[808.71 s]
0.0.K: Trace Attempt  2	[808.71 s]
0.0.K: Trace Attempt  3	[808.71 s]
0.0.K: Trace Attempt  4	[808.71 s]
0.0.K: Trace Attempt  5	[808.71 s]
0.0.M: Trace Attempt 478	[332.76 s]
0.0.M: Trace Attempt 480	[337.92 s]
0.0.K: Trace Attempt  1	[827.45 s]
0.0.K: Trace Attempt  2	[827.45 s]
0.0.K: Trace Attempt  3	[827.45 s]
0.0.K: Trace Attempt  4	[827.46 s]
0.0.K: Trace Attempt  5	[827.46 s]
0.0.M: Trace Attempt 494	[350.24 s]
0.0.K: Trace Attempt  1	[843.41 s]
0.0.K: Trace Attempt  2	[843.41 s]
0.0.K: Trace Attempt  3	[843.41 s]
0.0.K: Trace Attempt  4	[843.41 s]
0.0.K: Trace Attempt  5	[843.41 s]
0.0.M: Trace Attempt 495	[368.89 s]
0.0.M: Trace Attempt 499	[375.05 s]
0.0.K: Trace Attempt  1	[862.19 s]
0.0.K: Trace Attempt  2	[862.19 s]
0.0.K: Trace Attempt  3	[862.19 s]
0.0.K: Trace Attempt  4	[862.19 s]
0.0.K: Trace Attempt  5	[862.19 s]
0.0.M: Trace Attempt 505	[379.23 s]
0.0.K: Trace Attempt  1	[881.25 s]
0.0.K: Trace Attempt  2	[881.25 s]
0.0.K: Trace Attempt  3	[881.25 s]
0.0.K: Trace Attempt  4	[881.25 s]
0.0.K: Trace Attempt  5	[881.25 s]
0.0.M: Trace Attempt 513	[404.16 s]
0.0.K: Trace Attempt  1	[899.83 s]
0.0.K: Trace Attempt  2	[899.83 s]
0.0.K: Trace Attempt  3	[899.83 s]
0.0.K: Trace Attempt  4	[899.83 s]
0.0.K: Trace Attempt  5	[899.83 s]
0.0.K: Trace Attempt  1	[922.84 s]
0.0.K: Trace Attempt  2	[922.84 s]
0.0.K: Trace Attempt  3	[922.84 s]
0.0.K: Trace Attempt  4	[922.84 s]
0.0.K: Trace Attempt  5	[922.84 s]
0.0.K: Trace Attempt  1	[944.49 s]
0.0.K: Trace Attempt  2	[944.49 s]
0.0.K: Trace Attempt  3	[944.49 s]
0.0.K: Trace Attempt  4	[944.49 s]
0.0.K: Trace Attempt  5	[944.49 s]
0.0.K: Trace Attempt  1	[961.66 s]
0.0.K: Trace Attempt  2	[961.66 s]
0.0.K: Trace Attempt  3	[961.66 s]
0.0.K: Trace Attempt  4	[961.66 s]
0.0.K: Trace Attempt  5	[961.66 s]
0.0.K: Trace Attempt  1	[980.87 s]
0.0.K: Trace Attempt  2	[980.87 s]
0.0.K: Trace Attempt  3	[980.87 s]
0.0.K: Trace Attempt  4	[980.87 s]
0.0.K: Trace Attempt  5	[980.87 s]
0.0.K: Trace Attempt  1	[1009.25 s]
0.0.K: Trace Attempt  2	[1009.25 s]
0.0.K: Trace Attempt  3	[1009.25 s]
0.0.K: Trace Attempt  4	[1009.25 s]
0.0.K: Trace Attempt  5	[1009.25 s]
0.0.K: Trace Attempt  1	[1030.15 s]
0.0.K: Trace Attempt  2	[1030.15 s]
0.0.K: Trace Attempt  3	[1030.15 s]
0.0.K: Trace Attempt  4	[1030.15 s]
0.0.K: Trace Attempt  5	[1030.15 s]
0.0.K: Trace Attempt  1	[1055.35 s]
0.0.K: Trace Attempt  2	[1055.35 s]
0.0.K: Trace Attempt  3	[1055.35 s]
0.0.K: Trace Attempt  4	[1055.35 s]
0.0.K: Trace Attempt  5	[1055.35 s]
0.0.K: Trace Attempt  1	[1078.69 s]
0.0.K: Trace Attempt  2	[1078.69 s]
0.0.K: Trace Attempt  3	[1078.69 s]
0.0.K: Trace Attempt  4	[1078.69 s]
0.0.K: Trace Attempt  5	[1078.69 s]
0.0.K: Trace Attempt  1	[1101.36 s]
0.0.K: Trace Attempt  2	[1101.36 s]
0.0.K: Trace Attempt  3	[1101.36 s]
0.0.K: Trace Attempt  4	[1101.36 s]
0.0.K: Trace Attempt  5	[1101.36 s]
0.0.K: Trace Attempt  1	[1127.45 s]
0.0.K: Trace Attempt  2	[1127.45 s]
0.0.K: Trace Attempt  3	[1127.45 s]
0.0.K: Trace Attempt  4	[1127.45 s]
0.0.K: Trace Attempt  5	[1127.45 s]
0.0.K: Trace Attempt  1	[1151.91 s]
0.0.K: Trace Attempt  2	[1151.91 s]
0.0.K: Trace Attempt  3	[1151.91 s]
0.0.K: Trace Attempt  4	[1151.91 s]
0.0.K: Trace Attempt  5	[1151.91 s]
0.0.K: Trace Attempt  1	[1180.33 s]
0.0.K: Trace Attempt  2	[1180.33 s]
0.0.K: Trace Attempt  3	[1180.33 s]
0.0.K: Trace Attempt  4	[1180.33 s]
0.0.K: Trace Attempt  5	[1180.34 s]
0.0.K: Trace Attempt  1	[1221.27 s]
0.0.K: Trace Attempt  2	[1221.27 s]
0.0.K: Trace Attempt  3	[1221.27 s]
0.0.K: Trace Attempt  4	[1221.27 s]
0.0.K: Trace Attempt  5	[1221.27 s]
0.0.K: Trace Attempt  1	[1243.67 s]
0.0.K: Trace Attempt  2	[1243.67 s]
0.0.K: Trace Attempt  3	[1243.67 s]
0.0.K: Trace Attempt  4	[1243.67 s]
0.0.K: Trace Attempt  5	[1243.67 s]
0.0.K: Trace Attempt  1	[1272.34 s]
0.0.K: Trace Attempt  2	[1272.34 s]
0.0.K: Trace Attempt  3	[1272.34 s]
0.0.K: Trace Attempt  4	[1272.34 s]
0.0.K: Trace Attempt  5	[1272.34 s]
0.0.K: Trace Attempt  1	[1303.90 s]
0.0.K: Trace Attempt  2	[1303.90 s]
0.0.K: Trace Attempt  3	[1303.90 s]
0.0.K: Trace Attempt  4	[1303.90 s]
0.0.K: Trace Attempt  5	[1303.90 s]
0.0.K: Trace Attempt  1	[1328.76 s]
0.0.K: Trace Attempt  2	[1328.76 s]
0.0.K: Trace Attempt  3	[1328.76 s]
0.0.K: Trace Attempt  4	[1328.76 s]
0.0.K: Trace Attempt  5	[1328.76 s]
0.0.K: Trace Attempt  1	[1351.11 s]
0.0.K: Trace Attempt  2	[1351.11 s]
0.0.K: Trace Attempt  3	[1351.11 s]
0.0.K: Trace Attempt  4	[1351.11 s]
0.0.K: Trace Attempt  5	[1351.11 s]
0.0.K: Trace Attempt  1	[1371.86 s]
0.0.K: Trace Attempt  2	[1371.86 s]
0.0.K: Trace Attempt  3	[1371.86 s]
0.0.K: Trace Attempt  4	[1371.86 s]
0.0.K: Trace Attempt  5	[1371.86 s]
0.0.K: Trace Attempt  1	[1399.84 s]
0.0.K: Trace Attempt  2	[1399.84 s]
0.0.K: Trace Attempt  3	[1399.84 s]
0.0.K: Trace Attempt  4	[1399.84 s]
0.0.K: Trace Attempt  5	[1399.84 s]
0.0.K: Trace Attempt  1	[1425.85 s]
0.0.K: Trace Attempt  2	[1425.85 s]
0.0.K: Trace Attempt  3	[1425.85 s]
0.0.K: Trace Attempt  4	[1425.85 s]
0.0.K: Trace Attempt  5	[1425.85 s]
0.0.K: Trace Attempt  1	[1449.72 s]
0.0.K: Trace Attempt  2	[1449.72 s]
0.0.K: Trace Attempt  3	[1449.72 s]
0.0.K: Trace Attempt  4	[1449.72 s]
0.0.K: Trace Attempt  5	[1449.72 s]
0.0.K: Trace Attempt  1	[1481.23 s]
0.0.K: Trace Attempt  2	[1481.24 s]
0.0.K: Trace Attempt  3	[1481.24 s]
0.0.K: Trace Attempt  4	[1481.24 s]
0.0.K: Trace Attempt  5	[1481.24 s]
0.0.K: Trace Attempt  1	[1522.85 s]
0.0.K: Trace Attempt  2	[1522.85 s]
0.0.K: Trace Attempt  3	[1522.85 s]
0.0.K: Trace Attempt  4	[1522.85 s]
0.0.K: Trace Attempt  5	[1522.85 s]
0.0.M: Stopped processing property "counter.u_counter_sva.a_periodicity"	[1037.98 s].
0.0.M: Morphing to N
0.0.M: All properties determined. [0.00 s]
0.0.M: Exited with Success (@ 0.00 s)
0.0.N: clocks: 1, declared: 1, disabling: 0, posedge: 1, negedge: 0, noedge: 0, bothedge: 0
0.0.N: Starting proof for property "counter.u_counter_sva.a_periodicity"	[0.00 s].
0.0.N: Trace Attempt 476	[0.51 s]
0.0.K: Trace Attempt  1	[1551.12 s]
0.0.K: Trace Attempt  2	[1551.12 s]
0.0.K: Trace Attempt  3	[1551.12 s]
0.0.K: Trace Attempt  4	[1551.12 s]
0.0.K: Trace Attempt  5	[1551.12 s]
0.0.N: Trace Attempt 478	[27.79 s]
0.0.K: Trace Attempt  1	[1582.34 s]
0.0.K: Trace Attempt  2	[1582.34 s]
0.0.K: Trace Attempt  3	[1582.35 s]
0.0.K: Trace Attempt  4	[1582.35 s]
0.0.K: Trace Attempt  5	[1582.35 s]
0.0.N: Trace Attempt 479	[58.59 s]
0.0.K: Trace Attempt  1	[1612.29 s]
0.0.K: Trace Attempt  2	[1612.29 s]
0.0.K: Trace Attempt  3	[1612.29 s]
0.0.K: Trace Attempt  4	[1612.29 s]
0.0.K: Trace Attempt  5	[1612.29 s]
0.0.N: Trace Attempt 481	[88.08 s]
0.0.N: Trace Attempt 483	[116.46 s]
0.0.K: Trace Attempt  1	[1640.97 s]
0.0.K: Trace Attempt  2	[1640.97 s]
0.0.K: Trace Attempt  3	[1640.97 s]
0.0.K: Trace Attempt  4	[1640.97 s]
0.0.K: Trace Attempt  5	[1640.97 s]
0.0.K: Trace Attempt  1	[1680.03 s]
0.0.K: Trace Attempt  2	[1680.03 s]
0.0.K: Trace Attempt  3	[1680.03 s]
0.0.K: Trace Attempt  4	[1680.03 s]
0.0.K: Trace Attempt  5	[1680.03 s]
0.0.N: Trace Attempt 485	[156.45 s]
0.0.K: Trace Attempt  1	[1712.11 s]
0.0.K: Trace Attempt  2	[1712.11 s]
0.0.K: Trace Attempt  3	[1712.11 s]
0.0.K: Trace Attempt  4	[1712.11 s]
0.0.K: Trace Attempt  5	[1712.11 s]
0.0.N: Trace Attempt 488	[188.79 s]
0.0.K: Trace Attempt  1	[1746.93 s]
0.0.K: Trace Attempt  2	[1746.93 s]
0.0.K: Trace Attempt  3	[1746.93 s]
0.0.K: Trace Attempt  4	[1746.94 s]
0.0.K: Trace Attempt  5	[1746.94 s]
0.0.N: Trace Attempt 490	[224.10 s]
0.0.K: Trace Attempt  1	[1783.07 s]
0.0.K: Trace Attempt  2	[1783.07 s]
0.0.K: Trace Attempt  3	[1783.07 s]
0.0.K: Trace Attempt  4	[1783.07 s]
0.0.K: Trace Attempt  5	[1783.07 s]
0.0.N: Trace Attempt 491	[259.33 s]
0.0.N: Trace Attempt 493	[295.76 s]
0.0.K: Trace Attempt  1	[1820.36 s]
0.0.K: Trace Attempt  2	[1820.36 s]
0.0.K: Trace Attempt  3	[1820.36 s]
0.0.K: Trace Attempt  4	[1820.36 s]
0.0.K: Trace Attempt  5	[1820.36 s]
0.0.N: Trace Attempt 495	[326.11 s]
0.0.K: Trace Attempt  1	[1851.41 s]
0.0.K: Trace Attempt  2	[1851.41 s]
0.0.K: Trace Attempt  3	[1851.41 s]
0.0.K: Trace Attempt  4	[1851.41 s]
0.0.K: Trace Attempt  5	[1851.41 s]
0.0.N: Trace Attempt  1	[327.22 s]
0.0.N: Trace Attempt  2	[327.22 s]
0.0.N: Trace Attempt  3	[327.23 s]
0.0.N: Trace Attempt 496	[361.58 s]
0.0.K: Trace Attempt  1	[1886.11 s]
0.0.K: Trace Attempt  2	[1886.11 s]
0.0.K: Trace Attempt  3	[1886.11 s]
0.0.K: Trace Attempt  4	[1886.11 s]
0.0.K: Trace Attempt  5	[1886.11 s]
0.0.K: Trace Attempt  1	[1945.01 s]
0.0.K: Trace Attempt  2	[1945.01 s]
0.0.K: Trace Attempt  3	[1945.02 s]
0.0.K: Trace Attempt  4	[1945.02 s]
0.0.K: Trace Attempt  5	[1945.02 s]
0.0.N: Trace Attempt 499	[420.76 s]
0.0.K: Trace Attempt  1	[1973.81 s]
0.0.K: Trace Attempt  2	[1973.81 s]
0.0.K: Trace Attempt  3	[1973.81 s]
0.0.K: Trace Attempt  4	[1973.81 s]
0.0.K: Trace Attempt  5	[1973.81 s]
0.0.N: Trace Attempt 501	[449.91 s]
0.0.N: Trace Attempt 503	[483.67 s]
0.0.K: Trace Attempt  1	[2009.25 s]
0.0.K: Trace Attempt  2	[2009.25 s]
0.0.K: Trace Attempt  3	[2009.25 s]
0.0.K: Trace Attempt  4	[2009.25 s]
0.0.K: Trace Attempt  5	[2009.25 s]
0.0.N: Trace Attempt  1	[484.98 s]
0.0.N: Trace Attempt  2	[484.98 s]
0.0.N: Trace Attempt  3	[484.98 s]
0.0.N: Trace Attempt 504	[517.67 s]
0.0.K: Trace Attempt  1	[2042.91 s]
0.0.K: Trace Attempt  2	[2042.91 s]
0.0.K: Trace Attempt  3	[2042.91 s]
0.0.K: Trace Attempt  4	[2042.91 s]
0.0.K: Trace Attempt  5	[2042.91 s]
0.0.K: Trace Attempt  1	[2076.95 s]
0.0.K: Trace Attempt  2	[2076.95 s]
0.0.K: Trace Attempt  3	[2076.95 s]
0.0.K: Trace Attempt  4	[2076.95 s]
0.0.K: Trace Attempt  5	[2076.95 s]
0.0.N: Trace Attempt 507	[553.10 s]
0.0.K: Trace Attempt  1	[2109.76 s]
0.0.K: Trace Attempt  2	[2109.76 s]
0.0.K: Trace Attempt  3	[2109.76 s]
0.0.K: Trace Attempt  4	[2109.76 s]
0.0.K: Trace Attempt  5	[2109.76 s]
0.0.N: Trace Attempt 509	[585.71 s]
0.0.K: Trace Attempt  1	[2140.45 s]
0.0.K: Trace Attempt  2	[2140.45 s]
0.0.K: Trace Attempt  3	[2140.45 s]
0.0.K: Trace Attempt  4	[2140.45 s]
0.0.K: Trace Attempt  5	[2140.45 s]
0.0.N: Trace Attempt 511	[616.40 s]
0.0.K: Trace Attempt  1	[2175.38 s]
0.0.K: Trace Attempt  2	[2175.38 s]
0.0.K: Trace Attempt  3	[2175.38 s]
0.0.K: Trace Attempt  4	[2175.38 s]
0.0.K: Trace Attempt  5	[2175.38 s]
0.0.N: Trace Attempt 513	[652.38 s]
INFO (IPF144): 0: Initiating shutdown of proof [3600.00 s]
0.0.Hp: Interrupted (multi)
0.0.Hp: Time limit expired (3600.00 s) [2248.75 s]
0.0.N: Stopped processing property "counter.u_counter_sva.a_periodicity"	[653.42 s].
0.0.N: Time limit expired (3600.00 s) [653.42 s]
0.0.Ht: Interrupted (multi)
0.0.Hp: Exited with Success (@ 3600.03 s)
0.0.Ht: Time limit expired (3600.00 s) [3599.94 s]
0.0.K: Stopped processing property "counter.u_counter_sva.a_periodicity"	[2177.75 s].
0.0.K: Trace Attempt 461	[2177.72 s]
0.0.K: Time limit expired (3600.00 s) [2177.75 s]
0.0.Ht: Exited with Success (@ 3600.20 s)
0.0.K: Exited with Success (@ 3600.20 s)
0.0.N: Exited with Success (@ 3600.20 s)
0: ProofGrid usable level: 0
0: --------------------------------------------------------------
ProofGrid Summary (utilization 100.00 %)
--------------------------------------------------------------
     engines started                               :    22
     engine jobs started                           :     6

    Average time in state (seconds)
    ------------------------------------------------------
    Engine  Pending     Running        Dead    Utilization
    ------------------------------------------------------
      N        0.08     3597.84        0.00      100.00 %
     Hp        0.09     2248.75        0.00      100.00 %
     Ht        0.08     3599.94        0.00      100.00 %
     Oh        0.07      786.17        0.00       99.99 %
      U        0.09      554.79        0.00       99.98 %
      K        0.08     3599.27        0.00      100.00 %
    all        0.08     2397.79        0.00      100.00 %

    Total time in state (seconds)
    -----------------------------------------
            Pending     Running        Dead  
    -----------------------------------------
               0.49    14386.77        0.00

    Data read    : 4.41 MiB
    Data written : 921.50 kiB

0: All pending notifications were processed.
----------------------------------------
| INFO (ICD005): 0: The proof thread was terminated because of a time_limit expiration.
|     The current limit is 3600 seconds.
|     Modify it with the "-time_limit" switch or "set_prove_time_limit" command.
----------------------------------------
INFO (IPF059): Completed proof on task: "<embedded>" for proof thread 0

==============================================================
SUMMARY
==============================================================
           Properties Considered              : 11
                 assertions                   : 4
                  - proven                    : 2 (50%)
                  - bounded_proven (user)     : 0 (0%)
                  - bounded_proven (auto)     : 0 (0%)
                  - marked_proven             : 0 (0%)
                  - cex                       : 1 (25%)
                  - ar_cex                    : 0 (0%)
                  - undetermined              : 1 (25%)
                  - unknown                   : 0 (0%)
                  - error                     : 0 (0%)
                 covers                       : 7
                  - unreachable               : 3 (42.8571%)
                  - bounded_unreachable (user): 0 (0%)
                  - covered                   : 4 (57.1429%)
                  - ar_covered                : 0 (0%)
                  - undetermined              : 0 (0%)
                  - unknown                   : 0 (0%)
                  - error                     : 0 (0%)
[<embedded>] % 
[<embedded>] % # ---- Covers (best effort) ----
[<embedded>] % catch { cover -all }
1
[<embedded>] % 
[<embedded>] % # ---- Write summary ----
[<embedded>] % set fp [open $SUMMARY_TXT "w"]
file43
[<embedded>] % puts $fp "DESIGN_ID=$DESIGN_ID"
[<embedded>] % puts $fp "TOP=$TOP"
[<embedded>] % puts $fp "ASSERT_COUNT=[llength $ASSERTS]"
[<embedded>] % puts $fp "COVER_COUNT=[llength $COVERS]"
[<embedded>] % puts $fp "PROP_LIST=$PROP_LIST_TXT"
[<embedded>] % close $fp
[<embedded>] % 
[<embedded>] % puts "\n✅ DONE: Proof run completed (check Jasper property table / log for PROVED/FAILED)"

✅ DONE: Proof run completed (check Jasper property table / log for PROVED/FAILED)
[<embedded>] % puts "INFO: Wrote $SUMMARY_TXT"
INFO: Wrote verification_results/01593/summary.txt
[<embedded>] % puts "INFO: Wrote $PROP_LIST_TXT"
INFO: Wrote verification_results/01593/property_list.txt
[<embedded>] % exit 0
INFO (IPL005): Received request to exit from the console.
INFO (IPL014): Waiting for the Tcl-thread to exit.
INFO: Waiting for proof threads to stop...
INFO: Proof threads stopped.
INFO (IPL018): The peak resident set memory use for this session was 6.121 GB.
INFO (IPL015): The Tcl-thread exited with status 0.
INFO (IPL016): Exiting the analysis session with status 0.
