JasperGold Apps 2021.03 FCS 64 bits 2021.03.23 02:50:43 UTC

Any disclosure about the Cadence Design Systems software or its use
model to any third party violates the written Non-Disclosure Agreement
between Cadence Design Systems, Inc. and the customer.

THIS SOFTWARE CONTAINS CONFIDENTIAL INFORMATION AND TRADE SECRETS OF
CADENCE DESIGN SYSTEMS, INC. USE, DISCLOSURE, OR REPRODUCTION IS
PROHIBITED WITHOUT THE PRIOR EXPRESS WRITTEN PERMISSION OF CADENCE
DESIGN SYSTEMS, INC.

Copyright (C) 2000-2021 Cadence Design Systems, Inc. All Rights
Reserved.  Unpublished -- rights reserved under the copyright laws of
the United States.

This product includes software developed by others and redistributed
according to license agreement. See doc/third_party_readme.txt for
further details.

RESTRICTED RIGHTS LEGEND

Use, duplication, or disclosure by the Government is subject to
restrictions as set forth in subparagraph (c) (1) (ii) of the Rights in
Technical Data and Computer Software clause at DFARS 252.227-7013 or
subparagraphs (c) (1) and (2) of Commercial Computer Software -- Restricted
Rights at 48 CFR 52.227-19, as applicable.


                          Cadence Design Systems, Inc. 
                          2655 Seely Avenue
                          San Jose, CA 95134
                          Phone: 408.943.1234

For technical assistance visit http://support.cadence.com.

JasperGold Apps Analysis Session - /home/ab2113/malik25_26/veri_thoughts/dataset/verification_results/version_2/ids/02363/jgproject/sessionLogs/session_0

INFO: successfully checked out license "jasper_fao".
INFO: reading configuration file "/home/ab2113/.config/jasper/jaspergold.conf".
% # ============================================================
% # JasperGold Assertion Verification Runner (env-driven)
% # Output: verification_results/ids/<DESIGN_ID>/
% #
% # Env:
% #   DESIGN_ID     : required (subfolder name)
% #   JG_DESIGN     : required, space/colon-separated RTL file paths OR a directory
% #   JG_SVA        : required, space/colon-separated SVA file paths OR a directory
% #
% # Optional:
% #   JG_TOP        : top module name. If missing, inferred from RTL (default: infer)
% #   JG_STD        : sv12 | sv11 | sv09 (default: sv12)
% #   JG_INCDIRS    : colon/space-separated include dirs (optional)
% #   JG_DEFINES    : space-separated defines NAME or NAME=VAL (optional)
% #   JG_NO_CLOCK   : 1 to force combinational clocking (default: 0)
% #   JG_RESET      : explicit reset signal name (optional)
% #   JG_RESET_EXPR : explicit reset expression (optional)
% #   JG_DUMP_VCD   : 1 to dump VCD waveforms for CEX properties (default: 0)
% # ============================================================
% 
% proc split_env_list {s} {
  if {$s eq ""} {return {}}
  set out {}
  foreach p [split $s " :"] { if {$p ne ""} {lappend out $p} }
  return $out
}
% 
% proc split_space_list {s} {
  if {$s eq ""} {return {}}
  set out {}
  foreach p [split $s " "] { if {$p ne ""} {lappend out $p} }
  return $out
}
% 
% proc collect_files_any {path} {
  # If path is a file, return it. If directory, glob common HDL extensions.
  if {[file isfile $path]} { return [list $path] }
  if {![file isdirectory $path]} { error "Not a file or directory: $path" }

  set patterns {*.sv *.svh *.v *.vh}
  set flist {}
  foreach p $patterns {
    foreach f [glob -nocomplain -types f -directory $path -tails -- $p] {
      lappend flist [file join $path $f]
    }
  }
  if {[llength $flist] == 0} { error "No HDL files found in directory: $path" }
  return $flist
}
% 
% proc read_file_text {path} {
  set fp [open $path "r"]
  set data [read $fp]
  close $fp
  return $data
}
% 
% proc strip_comments {text} {
  set out $text
  regsub -all {(?s)/\*.*?\*/} $out "" out
  regsub -all {(?m)//.*$} $out "" out
  return $out
}
% 
% proc infer_top_from_file {f} {
  if {![file isfile $f]} { return "" }
  set txt [strip_comments [read_file_text $f]]
  if {[regexp -nocase -line {^\s*module\s+([A-Za-z_][A-Za-z0-9_]*)} $txt -> m]} {
    return $m
  }
  return ""
}
% 
% proc find_reset_signal {top files} {
  set top_l [string tolower $top]
  set keywords {input output inout wire reg logic signed unsigned integer parameter localparam bit tri supply0 supply1 tri0 tri1 wand wor}
  foreach f $files {
    if {![file isfile $f]} { continue }
    set txt [strip_comments [read_file_text $f]]
    set re "(?s)\\mmodule\\s+${top_l}\\M\\s*(#\\s*\\(.*?\\)\\s*)?\\((.*?)\\)\\s*;"
    if {[regexp -nocase -- $re $txt -> _port_params portlist]} {
      set tokens [regexp -all -inline {\m[A-Za-z_][A-Za-z0-9_]*\M} $portlist]
      set names {}
      foreach t $tokens {
        set tl [string tolower $t]
        if {[lsearch -exact $keywords $tl] >= 0} { continue }
        lappend names $t
      }
      if {[llength $names] == 0} { continue }
      set lower_map [dict create]
      foreach n $names { dict set lower_map [string tolower $n] $n }
      set exact_priority {reset_n rst_n resetb rstb resetn rstn areset_n arst_n reset rst areset arst}
      foreach p $exact_priority {
        if {[dict exists $lower_map $p]} { return [dict get $lower_map $p] }
      }
      foreach n $names {
        set ln [string tolower $n]
        if {[regexp {(^|_)reset(_|$)} $ln] || [regexp {(^|_)rst(_|$)} $ln]} {
          return $n
        }
      }
    }
  }
  return ""
}
% 
% # ---- Auto-bind helpers ----
% 
% proc sva_files_have_bind {sva_files} {
  # Return 1 if any SVA file already contains a bind statement.
  foreach f $sva_files {
    if {![file isfile $f]} { continue }
    set txt [strip_comments [read_file_text $f]]
    if {[regexp -nocase {(?m)^\s*bind\s+} $txt]} { return 1 }
  }
  return 0
}
% 
% proc extract_module_ports {mod_name files} {
  # Extract port names for a given module from a list of files.
  # Returns a list of port names (order preserved, keywords stripped).
  set keywords {input output inout wire reg logic signed unsigned integer
                parameter localparam bit tri supply0 supply1 tri0 tri1 wand wor}
  foreach f $files {
    if {![file isfile $f]} { continue }
    set txt [strip_comments [read_file_text $f]]
    set re "(?s)\\mmodule\\s+${mod_name}\\M\\s*(#\\s*\\(.*?\\)\\s*)?\\((.*?)\\)\\s*;"
    if {[regexp -nocase -- $re $txt -> _params portlist]} {
      set tokens [regexp -all -inline {\m[A-Za-z_][A-Za-z0-9_]*\M} $portlist]
      set names {}
      foreach t $tokens {
        set tl [string tolower $t]
        if {[lsearch -exact $keywords $tl] >= 0} { continue }
        if {[lsearch -exact $names $t] < 0} { lappend names $t }
      }
      return $names
    }
  }
  return {}
}
% 
% proc generate_auto_bind {top dut_files sva_files out_dir} {
  # If SVA files lack a bind statement, generate one.
  # Returns: path to generated bind file, or "" if bind already exists / cannot generate.
  if {[sva_files_have_bind $sva_files]} {
    puts "INFO: SVA files already contain a bind statement"
    return ""
  }

  # Find the SVA module name (first module in SVA files that is NOT the DUT)
  set sva_mod ""
  foreach f $sva_files {
    if {![file isfile $f]} { continue }
    set txt [strip_comments [read_file_text $f]]
    set matches [regexp -all -inline -nocase {(?m)^\s*module\s+([A-Za-z_][A-Za-z0-9_]*)} $txt]
    foreach {_ mname} $matches {
      if {$mname ne $top} {
        set sva_mod $mname
        break
      }
    }
    if {$sva_mod ne ""} { break }
  }

  if {$sva_mod eq ""} {
    puts "WARN: Could not find SVA module name for auto-bind"
    return ""
  }

  # Get port lists
  set dut_ports [extract_module_ports $top $dut_files]
  set sva_ports [extract_module_ports $sva_mod $sva_files]

  if {[llength $sva_ports] == 0} {
    puts "WARN: SVA module $sva_mod has no ports; cannot auto-bind"
    return ""
  }

  # Build port connections: for each SVA port, connect to DUT port if name
  # matches (case-insensitive), otherwise leave unconnected.
  set dut_lower_map [dict create]
  foreach p $dut_ports { dict set dut_lower_map [string tolower $p] $p }

  set connections {}
  set unconnected {}
  foreach sp $sva_ports {
    set sp_lower [string tolower $sp]
    if {[dict exists $dut_lower_map $sp_lower]} {
      set dp [dict get $dut_lower_map $sp_lower]
      lappend connections "    .${sp}(${dp})"
    } else {
      lappend unconnected $sp
    }
  }

  if {[llength $connections] == 0} {
    puts "WARN: No matching ports between DUT ($top) and SVA ($sva_mod); cannot auto-bind"
    return ""
  }

  # Write the bind file
  set bind_path [file join $out_dir "auto_bind.sv"]
  set conn_str [join $connections ",\n"]
  set fp [open $bind_path "w"]
  puts $fp "// Auto-generated bind (no bind found in SVA files)"
  if {[llength $unconnected] > 0} {
    puts $fp "// NOTE: Unconnected SVA ports (not in DUT): [join $unconnected {, }]"
  }
  puts $fp "bind $top $sva_mod auto_sva_inst ("
  puts $fp $conn_str
  puts $fp ");"
  close $fp

  puts "INFO: Auto-generated bind: $bind_path"
  puts "  DUT=$top  SVA=$sva_mod"
  puts "  Connected ports: [llength $connections]"
  if {[llength $unconnected] > 0} {
    puts "  Unconnected SVA ports: [join $unconnected {, }]"
  }
  return $bind_path
}
% 
% # ---- Read config from environment ----
% if {![info exists ::env(DESIGN_ID)] || $::env(DESIGN_ID) eq ""} {
  puts "ERROR: DESIGN_ID not set."
  exit 2
}
% if {![info exists ::env(JG_DESIGN)] || $::env(JG_DESIGN) eq ""} {
  puts "ERROR: JG_DESIGN not set."
  exit 2
}
% if {![info exists ::env(JG_SVA)] || $::env(JG_SVA) eq ""} {
  puts "ERROR: JG_SVA not set."
  exit 2
}
% 
% set DESIGN_ID $::env(DESIGN_ID)
02363
% 
% # JG_TOP is optional: if missing, infer from RTL
% set TOP ""
% if {[info exists ::env(JG_TOP)] && $::env(JG_TOP) ne ""} {
  set TOP $::env(JG_TOP)
}
% 
% set STD      [expr {[info exists ::env(JG_STD)] ? $::env(JG_STD) : "sv12"}]
sv12
% set INCDIRS  [expr {[info exists ::env(JG_INCDIRS)] ? [split_env_list $::env(JG_INCDIRS)] : {}}]
% # Defines should be space-separated (do NOT split on ':')
% set DEFINES  [expr {[info exists ::env(JG_DEFINES)] ? [split_space_list $::env(JG_DEFINES)] : {}}]
% set NO_CLOCK [expr {[info exists ::env(JG_NO_CLOCK)] ? $::env(JG_NO_CLOCK) : 0}]
1
% set DUMP_VCD [expr {[info exists ::env(JG_DUMP_VCD)] ? $::env(JG_DUMP_VCD) : 0}]
1
% 
% # JG_DESIGN/JG_SVA can be:
% # - a directory
% # - a single file
% # - a list of files/dirs separated by spaces/colons
% set DESIGN_INPUTS [split_env_list $::env(JG_DESIGN)]
./02363/module.v
% set SVA_INPUTS    [split_env_list $::env(JG_SVA)]
./02363/sva.sv
% 
% set DESIGN_FILES {}
% foreach p $DESIGN_INPUTS { set DESIGN_FILES [concat $DESIGN_FILES [collect_files_any $p]] }
% 
% # Infer TOP if not provided
% if {$TOP eq ""} {
  foreach f $DESIGN_FILES {
    set guess [infer_top_from_file $f]
    if {$guess ne ""} { set TOP $guess; break }
  }
  if {$TOP eq ""} {
    puts "ERROR: Could not infer TOP from design files; set JG_TOP explicitly."
    exit 2
  }
}
% puts "INFO: Using TOP = $TOP"
INFO: Using TOP = PCIeGen2x8If128_gtp_cpllpd_ovrd
% 
% set SVA_FILES {}
% foreach p $SVA_INPUTS { set SVA_FILES [concat $SVA_FILES [collect_files_any $p]] }
% 
% # ---- Output dir ----
% # JG_OUT_DIR: explicit output directory from check_all.sh; fallback to legacy path
% if {[info exists ::env(JG_OUT_DIR)] && $::env(JG_OUT_DIR) ne ""} {
  set OUT_DIR $::env(JG_OUT_DIR)
} else {
  set OUT_DIR [file join "verification_results" "ids" $DESIGN_ID]
}
/home/ab2113/malik25_26/veri_thoughts/dataset/verification_results/version_2/ids/02363
% file mkdir $OUT_DIR
% set PROP_LIST_TXT [file join $OUT_DIR "property_list.txt"]
/home/ab2113/malik25_26/veri_thoughts/dataset/verification_results/version_2/ids/02363/property_list.txt
% set SUMMARY_TXT   [file join $OUT_DIR "summary.txt"]
/home/ab2113/malik25_26/veri_thoughts/dataset/verification_results/version_2/ids/02363/summary.txt
% 
% # ---- Auto-bind detection ----
% set AUTO_BIND 0
0
% set BIND_FILE [generate_auto_bind $TOP $DESIGN_FILES $SVA_FILES $OUT_DIR]
INFO: Auto-generated bind: /home/ab2113/malik25_26/veri_thoughts/dataset/verification_results/version_2/ids/02363/auto_bind.sv
  DUT=PCIeGen2x8If128_gtp_cpllpd_ovrd  SVA=PCIeGen2x8If128_gtp_cpllpd_ovrd_sva
  Connected ports: 3
  Unconnected SVA ports: cpllpd_zero_after_96, assert, property, posedge, b1, b0, cpllreset_zero_after_128, cpllpd_zero_hold_64_post96, cpllreset_zero_hold_64_post128, cpllpd_ones_run_capped_96, cpllreset_ones_run_capped_128, both_zero_after_128, cpllpd_known_after_96, isunknown, cpllreset_known_after_128, both_zero_hold_64_post128
/home/ab2113/malik25_26/veri_thoughts/dataset/verification_results/version_2/ids/02363/auto_bind.sv
% if {$BIND_FILE ne ""} {
  set AUTO_BIND 1
  lappend SVA_FILES $BIND_FILE
}
./02363/sva.sv /home/ab2113/malik25_26/veri_thoughts/dataset/verification_results/version_2/ids/02363/auto_bind.sv
% 
% puts "INFO: Verification run starting"
INFO: Verification run starting
% puts "  DESIGN_ID : $DESIGN_ID"
  DESIGN_ID : 02363
% puts "  TOP       : $TOP"
  TOP       : PCIeGen2x8If128_gtp_cpllpd_ovrd
% puts "  STD       : $STD"
  STD       : sv12
% puts "  INCDIRS   : $INCDIRS"
  INCDIRS   : 
% puts "  DEFINES   : $DEFINES"
  DEFINES   : 
% puts "  NO_CLOCK  : $NO_CLOCK"
  NO_CLOCK  : 1
% puts "  AUTO_BIND : $AUTO_BIND"
  AUTO_BIND : 1
% puts "  DUMP_VCD  : $DUMP_VCD"
  DUMP_VCD  : 1
% puts "  N_DESIGN  : [llength $DESIGN_FILES]"
  N_DESIGN  : 1
% puts "  N_SVA     : [llength $SVA_FILES]"
  N_SVA     : 2
% puts "  OUT_DIR   : $OUT_DIR"
  OUT_DIR   : /home/ab2113/malik25_26/veri_thoughts/dataset/verification_results/version_2/ids/02363
% 
% # Optional: promote common message groups to errors (best-effort)
% if {[llength [info commands set_msg_config]]} {
  set_msg_config -id COMP*  -severity error
  set_msg_config -id PARSE* -severity error
  set_msg_config -id ELAB*  -severity error
}
% 
% # ---- Build analyze options ----
% set analyze_opts [list analyze -$STD]
analyze -sv12
% if {[llength $INCDIRS] > 0} { lappend analyze_opts -incdir $INCDIRS }
% if {[llength $DEFINES] > 0} {
  foreach d $DEFINES { lappend analyze_opts -define $d }
}
% 
% # ---- Analyze + Elaborate ----
% set err 0
0
% puts "DEBUG: DESIGN_FILES = $DESIGN_FILES"
DEBUG: DESIGN_FILES = ./02363/module.v
% puts "DEBUG: SVA_FILES    = $SVA_FILES"
DEBUG: SVA_FILES    = ./02363/sva.sv /home/ab2113/malik25_26/veri_thoughts/dataset/verification_results/version_2/ids/02363/auto_bind.sv
% 
% if {[catch {eval $analyze_opts $DESIGN_FILES} msg]} {
  puts "ERROR: analyze design failed:\n$msg"
  set err 1
}
[-- (VERI-1482)] Analyzing Verilog file '/scratch/gpfs/LICENSED/x86_64/cadence-20210126/jasper_2021.03/lib/verilog/packages/std/std.sv' into library 'std'
[-- (VERI-1482)] Analyzing Verilog file './02363/module.v'
% if {!$err && [catch {eval $analyze_opts $SVA_FILES} msg2]} {
  puts "ERROR: analyze SVA failed:\n$msg2"
  set err 1
}
[-- (VERI-1482)] Analyzing Verilog file './02363/sva.sv'
[-- (VERI-1482)] Analyzing Verilog file '/home/ab2113/malik25_26/veri_thoughts/dataset/verification_results/version_2/ids/02363/auto_bind.sv'
% 
% puts "DEBUG: Elaborating TOP='$TOP'"
DEBUG: Elaborating TOP='PCIeGen2x8If128_gtp_cpllpd_ovrd'
% if {!$err && [catch {elaborate -top $TOP} emsg]} {
  puts "ERROR: elaborate failed:\n$emsg"
  set err 1
}
INFO (ISW003): Top module name is "PCIeGen2x8If128_gtp_cpllpd_ovrd".
[INFO (HIER-8002)] ./02363/module.v(16): Disabling old hierarchical reference handler
[INFO (VERI-1018)] ./02363/sva.sv(1): compiling module 'PCIeGen2x8If128_gtp_cpllpd_ovrd_sva'
[WARN (VERI-1796)] ./02363/sva.sv(43): system function call isunknown with non-constant argument is not synthesizable
[WARN (VERI-1796)] ./02363/sva.sv(48): system function call isunknown with non-constant argument is not synthesizable
[INFO (VERI-1018)] ./02363/module.v(2): compiling module 'PCIeGen2x8If128_gtp_cpllpd_ovrd'
INFO (INL208): Elaboration synthesis summary:
  Number of synthesized netlists          3 (1 packages)
  Single run mode                         On
  Pipeline                                On (2 pipelined netlists)
  Late hierarchical reference connection  On
  Number of analyzed Verilog modules      3 (3 synthesized)
  Number of analyzed VHDL entities        0 (0 synthesized)
INFO (INL003): Clearing all state information (assumes, stopats, and so forth).
[<embedded>] % 
[<embedded>] % # If combinational / event-driven, you can force "no clock"
[<embedded>] % if {!$err && $NO_CLOCK} {
  catch { clock -none }
}
INFO (ICK008): Enabling clock-free environment.
0
[<embedded>] % 
[<embedded>] % if {$err} {
  puts "\n❌ FAILED: compile/elab errors"
  exit 1
}
[<embedded>] % 
[<embedded>] % # ---- Reset -----
[<embedded>] % set RESET_SIG ""
[<embedded>] % set RESET_EXPR ""
[<embedded>] % if {[info exists ::env(JG_RESET_EXPR)] && $::env(JG_RESET_EXPR) ne ""} {
  set RESET_EXPR $::env(JG_RESET_EXPR)
} elseif {[info exists ::env(JG_RESET)] && $::env(JG_RESET) ne ""} {
  set RESET_SIG $::env(JG_RESET)
} else {
  set RESET_SIG [find_reset_signal $TOP $DESIGN_FILES]
}
[<embedded>] % 
[<embedded>] % if {$RESET_EXPR ne ""} {
  puts "INFO: Using reset expression: $RESET_EXPR"
  catch { reset -expression $RESET_EXPR }
} elseif {$RESET_SIG ne ""} {
  if {[regexp -nocase {(_n|_b)$} $RESET_SIG]} {
    set RESET_EXPR "!$RESET_SIG"
    puts "INFO: Using active-low reset expression: $RESET_EXPR"
    catch { reset -expression $RESET_EXPR }
  } else {
    puts "INFO: Using reset signal: $RESET_SIG"
    catch { reset $RESET_SIG }
  }
} else {
  puts "INFO: No reset signal found; using reset -none"
  catch { reset -none }
}
INFO: No reset signal found; using reset -none
INFO (IPM031): Clearing proof results of all properties.
0
[<embedded>] % 
[<embedded>] % # ---- Property discovery (bind sanity check) ----
[<embedded>] % set ASSERTS {}
[<embedded>] % set COVERS  {}
[<embedded>] % catch { set ASSERTS [assert -list -silent] }
0
[<embedded>] % catch { set COVERS  [cover  -list -silent] }
0
[<embedded>] % 
[<embedded>] % puts "INFO: Found [llength $ASSERTS] asserts, [llength $COVERS] covers"
INFO: Found 10 asserts, 2 covers
[<embedded>] % 
[<embedded>] % # Write property names
[<embedded>] % set fp [open $PROP_LIST_TXT "w"]
file41
[<embedded>] % puts $fp "ASSERT PROPERTIES:"
[<embedded>] % foreach a $ASSERTS { puts $fp $a }
[<embedded>] % puts $fp ""
[<embedded>] % puts $fp "COVER PROPERTIES:"
[<embedded>] % foreach c $COVERS { puts $fp $c }
[<embedded>] % close $fp
[<embedded>] % 
[<embedded>] % if {[llength $ASSERTS] == 0 && [llength $COVERS] == 0} {
  puts "\n❌ FAILED: No properties found (bind likely didn't attach, or wrong TOP)"
  exit 3
}
[<embedded>] % 
[<embedded>] % # ---- Prove all assertions ----
[<embedded>] % # 3600 seconds = 1 hour timeout per property (adjust as needed)
[<embedded>] % set_prove_time_limit 3600
[<embedded>] % 
[<embedded>] % puts "INFO: Running prove -all"
INFO: Running prove -all
[<embedded>] % if {[catch { prove -all } pmsg]} {
  puts "ERROR: prove command failed:\n$pmsg"
  exit 4
}
Ncustom1: Custom engine code is hT3Ng7hPPfiYQOTDZ3qhYOwGAM51eA+J/FjkM5shLioAsqhgLR4Ft+O1BuKG6ilQ83B9tLXSl+CwjiTMAQA
AMcustom2: Custom engine code is hT3Ng7hP/feYQOTDZ3qhYOwGAM51eA+J/FjkM5shLioAsqhgLR4Ft+O1BuKG6ilQ83B9tLXSmmqwm7g9AQA
INFO (IPF036): Starting proof on task: "<embedded>", 12 properties to prove with 0 already proven/unreachable
INFO (IRS029): Starting reset analysis: phase 1 of 4.
INFO (IRS030): Running reset analysis: phase 2 of 4.
INFO (IRS031): Running reset analysis: phase 3 of 4.
INFO (IRS020): Starting the reset analysis simulation with a limit of 100 iterations (phase 4 of 4).
INFO (IRS024): Reset iterations 0 to 3 analyzed.
INFO (IRS018): Reset analysis simulation executed for 2 iterations. Assigned values for 0 of 224 design flops, 0 of 0 design latches, 1359 of 1359 internal elements.
INFO (IRS039): Reset analysis complete.
INFO (IPF031): Settings used for proof thread 0:
    orchestration                 = on (auto)
    time_limit                    = 3600s
    per_property_time_limit       = 1s * 10 ^ scan
    engine_mode                   = auto
    proofgrid_per_engine_max_jobs = 1
    max engine jobs               = auto
    proofgrid_mode                = local
    proofgrid_restarts            = 10
AMcustom3: Custom engine code is hT3NE7hP/2Fz2XrVSbG0RDiSlOmcEY54dTxWvdDsI3//MxFcPzdQEJVlimlZshtLUKCpt0qXHu9EQAivsvCTP5Pi2s9EBccXnc85FrzRRX45WcXC5XpA9kyHdIYmOxUqsRrN5ntdfkwHRnO7f82Dn4pCsne09HV19Yd/o8VzV0c8nka+2MMhbNDEdLGC4SmTi8oNy00Nn40QJnMevDlPY3jIAQA
Ncustom4: Custom engine code is hT3OXrhPByJp3TrFSTLhUmMH4KVtJgmTCnNDF46yMXOKY48m4LS5nE7yBzFjA7kDuwO/GhGUpEPiky3p3wmPn3dJZHxFMsafSoObRzSC+tn7sEY0WbTdZ/FV4hL3MYH/b1CIUvXSWR4wqEoVLsmMOD4xIPT4lI1LO6ZCO7PnnWQuLwetnvKlrXx6wCW/A+x+enqslg1YPobi4wEF/EvbzOvcTYdJvl2s4H2yZg2b2ofAVN5WvhWk1HoBAA
Ncustom5: Custom engine code is hT3NR7hPByFp3TrFSTLhUmMH4KWtJglTyV/c51BHEeZWamnJv767nE6PCak26bd3gf3XGN3rIRheufhDieCJQVISo+gNYUKhiUedBKGtsP/a18svAnlMJZudHxDFwK5ufsyoxsIyiAeSY2oi3tEuoDHr5gw42DFKAG3PqO3CEsl8Azzdt3pl5nGA1Ifv2H02eYsFzWb/nfp8PMb3F0krE/EgBcm8TD9Div8BAA
Tricustom6: Custom engine code is hT3Nu7hP3fiYQADBZnYcglNHp9bfd7EOeniIqP/ji8sGLQu8yhsFO+wxJ+O+R0bU8g/IewXFomyos+viQnWc2xYNYmMqpo3i40O7DaZR7qfp4YqNx26KRvQ/qx0BAA
0.0.PRE: A proof was found: No trace exists. [0.00 s]
INFO (IPF057): 0.0.PRE: The property "PCIeGen2x8If128_gtp_cpllpd_ovrd.auto_sva_inst.cpllpd_known_after_96" was proven in 0.00 s.
0.0.PRE: A proof was found: No trace exists. [0.00 s]
INFO (IPF057): 0.0.PRE: The property "PCIeGen2x8If128_gtp_cpllpd_ovrd.auto_sva_inst.cpllreset_known_after_128" was proven in 0.00 s.
0: Found proofs for 2 properties in preprocessing
0: Using multistage preprocessing
0: Starting reduce
0: Finished reduce in 0.01s
0.0.PRE: Performing Proof Simplification...
0.0.N: clocks: 2, declared: 1, disabling: 0, posedge: 2, negedge: 0, noedge: 0, bothedge: 0
0.0.N: Proof Simplification Iteration 1	[0.00 s]
0.0.N: Proof Simplification Iteration 2	[0.00 s]
0.0.N: Proof Simplification Iteration 3	[0.00 s]
0.0.N: Proof Simplification Iteration 4	[0.00 s]
0.0.N: Proof Simplification Iteration 5	[0.00 s]
0.0.N: Proof Simplification Iteration 6	[0.00 s]
0.0.N: Proof Simplification Iteration 7	[0.00 s]
0.0.N: Proof Simplification Iteration 8	[0.01 s]
0.0.N: Proof Simplification Iteration 9	[0.01 s]
0.0.N: Proof Simplification Iteration 10	[0.01 s]
0.0.N: Proof Simplification Iteration 11	[0.01 s]
0.0.N: Proof Simplification Iteration 12	[0.01 s]
0.0.N: Proof Simplification Iteration 13	[0.01 s]
0.0.N: Proof Simplification Iteration 14	[0.01 s]
0.0.N: Proof Simplification Iteration 15	[0.01 s]
0.0.N: Proof Simplification Iteration 16	[0.01 s]
0.0.N: Proof Simplification Iteration 17	[0.01 s]
0.0.N: Proof Simplification Iteration 18	[0.01 s]
0.0.N: Proof Simplification Iteration 19	[0.01 s]
0.0.N: Proof Simplification Iteration 20	[0.01 s]
0.0.N: Proof Simplification Iteration 21	[0.01 s]
0.0.N: Proof Simplification Iteration 22	[0.02 s]
0.0.N: Proof Simplification Iteration 23	[0.02 s]
0.0.N: Proof Simplification Iteration 24	[0.02 s]
0.0.N: Proof Simplification Iteration 25	[0.02 s]
0.0.N: Proof Simplification Iteration 26	[0.02 s]
0.0.N: Proof Simplification Iteration 27	[0.02 s]
0.0.N: Proof Simplification Iteration 28	[0.02 s]
0.0.N: Proof Simplification Iteration 29	[0.02 s]
0.0.N: Proof Simplification Iteration 30	[0.02 s]
0.0.N: Proof Simplification Iteration 31	[0.02 s]
0.0.N: Proof Simplification Iteration 32	[0.02 s]
0.0.N: Proof Simplification Iteration 33	[0.02 s]
0.0.N: Proof Simplification Iteration 34	[0.02 s]
0.0.N: Proof Simplification Iteration 35	[0.03 s]
0.0.N: Proof Simplification Iteration 36	[0.03 s]
0.0.N: Proof Simplification Iteration 37	[0.03 s]
0.0.N: Proof Simplification Iteration 38	[0.03 s]
0.0.N: Proof Simplification Iteration 39	[0.03 s]
0.0.N: Proof Simplification Iteration 40	[0.03 s]
0.0.N: Proof Simplification Iteration 41	[0.03 s]
0.0.N: Proof Simplification Iteration 42	[0.03 s]
0.0.N: Proof Simplification Iteration 43	[0.03 s]
0.0.N: Proof Simplification Iteration 44	[0.03 s]
0.0.N: Proof Simplification Iteration 45	[0.03 s]
0.0.N: Proof Simplification Iteration 46	[0.03 s]
0.0.N: Proof Simplification Iteration 47	[0.03 s]
0.0.N: Proof Simplification Iteration 48	[0.03 s]
0.0.N: Proof Simplification Iteration 49	[0.04 s]
0.0.N: Proof Simplification Iteration 50	[0.04 s]
0.0.N: Proof Simplification Iteration 51	[0.04 s]
0.0.N: Proof Simplification Iteration 52	[0.04 s]
0.0.N: Proof Simplification Iteration 53	[0.04 s]
0.0.N: Proof Simplification Iteration 54	[0.04 s]
0.0.N: Proof Simplification Iteration 55	[0.04 s]
0.0.N: Proof Simplification Iteration 56	[0.04 s]
0.0.N: Proof Simplification Iteration 57	[0.04 s]
0.0.N: Proof Simplification Iteration 58	[0.04 s]
0.0.N: Proof Simplification Iteration 59	[0.04 s]
0.0.N: Proof Simplification Iteration 60	[0.04 s]
0.0.N: Proof Simplification Iteration 61	[0.04 s]
0.0.N: Proof Simplification Iteration 62	[0.04 s]
0.0.N: Proof Simplification Iteration 63	[0.04 s]
0.0.N: Proof Simplification Iteration 64	[0.04 s]
0.0.N: Proof Simplification Iteration 65	[0.05 s]
0.0.N: Proof Simplification Iteration 66	[0.05 s]
0.0.N: Proof Simplification Iteration 67	[0.05 s]
0.0.N: Proof Simplification Iteration 68	[0.05 s]
0.0.N: Proof Simplification Iteration 69	[0.05 s]
0.0.N: Proof Simplification Iteration 70	[0.05 s]
0.0.N: Proof Simplification Iteration 71	[0.05 s]
0.0.N: Proof Simplification Iteration 72	[0.05 s]
0.0.N: Proof Simplification Iteration 73	[0.05 s]
0.0.N: Proof Simplification Iteration 74	[0.05 s]
0.0.N: Proof Simplification Iteration 75	[0.05 s]
0.0.N: Proof Simplification Iteration 76	[0.05 s]
0.0.N: Proof Simplification Iteration 77	[0.05 s]
0.0.N: Proof Simplification Iteration 78	[0.05 s]
0.0.N: Proof Simplification Iteration 79	[0.06 s]
0.0.N: Proof Simplification Iteration 80	[0.06 s]
0.0.N: Proof Simplification Iteration 81	[0.06 s]
0.0.N: Proof Simplification Iteration 82	[0.06 s]
0.0.N: Proof Simplification Iteration 83	[0.06 s]
0.0.N: Proof Simplification Iteration 84	[0.06 s]
0.0.N: Proof Simplification Iteration 85	[0.06 s]
0.0.N: Proof Simplification Iteration 86	[0.06 s]
0.0.N: Proof Simplification Iteration 87	[0.06 s]
0.0.N: Proof Simplification Iteration 88	[0.06 s]
0.0.N: Proof Simplification Iteration 89	[0.06 s]
0.0.N: Proof Simplification Iteration 90	[0.06 s]
0.0.N: Proof Simplification Iteration 91	[0.06 s]
0.0.N: Proof Simplification Iteration 92	[0.06 s]
0.0.N: Proof Simplification Iteration 93	[0.06 s]
0.0.N: Proof Simplification Iteration 94	[0.06 s]
0.0.N: Proof Simplification Iteration 95	[0.07 s]
0.0.N: Proof Simplification Iteration 96	[0.07 s]
0.0.N: Proof Simplification Iteration 97	[0.07 s]
0.0.N: Proof Simplification Iteration 98	[0.07 s]
0.0.N: Proof Simplification Iteration 99	[0.07 s]
0.0.N: Proof Simplification Iteration 100	[0.07 s]
0.0.PRE: A proof was found: No trace exists. [0.00 s]
INFO (IPF057): 0.0.PRE: The property ":noDeadEnd" was proven in 0.00 s.
    Use check_assumptions -show -dead_end to show this property in the property table.
0.0.PRE: A proof was found: No trace exists. [0.00 s]
INFO (IPF057): 0.0.PRE: The property ":noConflict" was proven in 0.00 s.
    Use check_assumptions -show to show this property in the property table.
INFO (IPF047): 0.0.PRE: The cover property ":live" was covered in 1 cycles in 0.00 s.
    Use check_assumptions -show -live to show this property in the property table.
0.0.PRE: Proof Simplification completed in 0.07 s
0: About to start ProofGrid in its own thread with a limit of 10000 pending notifications and a limit of 10 traces.
0: =============================== ProofGrid start ===============================
0: ProofGrid usable level: 10
0: ProofGrid is starting event handling
0.0.N: Proofgrid shell started at 2195028@della-h14n3(local) jg_2194860_della-h14n3_1
0.0.Hp: Proofgrid shell started at 2195029@della-h14n3(local) jg_2194860_della-h14n3_1
0.0.N: OS RSS memory limit : 68719476736 / 68719476736
0.0.Hp: OS RSS memory limit : 68719476736 / 68719476736
0.0.N: clocks: 1, declared: 1, disabling: 0, posedge: 1, negedge: 0, noedge: 0, bothedge: 0
0.0.N: Next scan (0) will use per property time limit: 1s * 10 ^ 0 = 1s
0.0.N: Starting proof for property "PCIeGen2x8If128_gtp_cpllpd_ovrd.auto_sva_inst.cpllpd_zero_after_96"	[0.00 s].
0.0.Hp: clocks: 1, declared: 1, disabling: 0, posedge: 1, negedge: 0, noedge: 0, bothedge: 0
0.0.N: Trace Attempt  1	[0.00 s]
0.0.N: Trace Attempt  2	[0.00 s]
0.0.N: Trace Attempt  2	[0.00 s]
0.0.N: Trace Attempt  3	[0.00 s]
0.0.N: Trace Attempt  4	[0.00 s]
0.0.N: Trace Attempt  4	[0.00 s]
0.0.N: Trace Attempt  5	[0.00 s]
0.0.Hp: Trace Attempt  1	[0.01 s]
0.0.Hp: Trace Attempt  2	[0.01 s]
0.0.Hp: Trace Attempt  3	[0.02 s]
0.0.Ht: Proofgrid shell started at 2195042@della-h14n3(local) jg_2194860_della-h14n3_1
0.0.Ht: OS RSS memory limit : 68719476736 / 68719476736
0.0.Ht: clocks: 1, declared: 1, disabling: 0, posedge: 1, negedge: 0, noedge: 0, bothedge: 0
0.0.B: Proofgrid shell started at 2195043@della-h14n3(local) jg_2194860_della-h14n3_1
0.0.B: OS RSS memory limit : 68719476736 / 68719476736
0.0.B: clocks: 1, declared: 1, disabling: 0, posedge: 1, negedge: 0, noedge: 0, bothedge: 0
0.0.Ht: Trace Attempt  1	[0.01 s]
0.0.Ht: Trace Attempt  2	[0.01 s]
0.0.Ht: Trace Attempt  3	[0.01 s]
0.0.B: Next scan (0) will use per property time limit: 1s * 10 ^ 0 = 1s
0.0.B: Starting proof for property "PCIeGen2x8If128_gtp_cpllpd_ovrd.auto_sva_inst.cpllpd_zero_after_96"	[0.00 s].
0.0.Ht: Trace Attempt  4	[0.01 s]
0.0.Ht: Trace Attempt  5	[0.01 s]
0.0.B: Trace Attempt  1	[0.00 s]
0.0.B: Trace Attempt  2	[0.00 s]
0.0.B: Trace Attempt  3	[0.00 s]
0.0.B: Trace Attempt  4	[0.00 s]
0.0.B: Trace Attempt  5	[0.00 s]
0.0.N: Trace Attempt 70	[0.96 s]
0.0.N: Per property time limit expired (1.00 s) [1.00 s]
0.0.N: Stopped processing property "PCIeGen2x8If128_gtp_cpllpd_ovrd.auto_sva_inst.cpllpd_zero_after_96"	[1.00 s].
0.0.N: Starting proof for property "PCIeGen2x8If128_gtp_cpllpd_ovrd.auto_sva_inst.cpllreset_zero_after_128"	[0.00 s].
0.0.N: Trace Attempt  1	[0.00 s]
0.0.N: Trace Attempt  2	[0.00 s]
0.0.N: Trace Attempt  2	[0.00 s]
0.0.N: Trace Attempt  3	[0.00 s]
0.0.N: Trace Attempt  4	[0.00 s]
0.0.N: Trace Attempt  4	[0.00 s]
0.0.N: Trace Attempt  5	[0.00 s]
0.0.B: Trace Attempt 200	[0.80 s]
0.0.B: Per property time limit expired (0.93 s) [0.93 s]
0.0.B: Stopped processing property "PCIeGen2x8If128_gtp_cpllpd_ovrd.auto_sva_inst.cpllpd_zero_after_96"	[0.94 s].
0.0.B: Starting proof for property "PCIeGen2x8If128_gtp_cpllpd_ovrd.auto_sva_inst.cpllreset_zero_after_128"	[0.00 s].
0.0.B: Trace Attempt  1	[0.00 s]
0.0.B: Trace Attempt  2	[0.00 s]
0.0.B: Trace Attempt  3	[0.00 s]
0.0.B: Trace Attempt  4	[0.00 s]
0.0.B: Trace Attempt  5	[0.00 s]
0.0.Ht: Trace Attempt 191	[1.80 s]
0.0.Ht: A trace with 191 cycles was found. [1.82 s]
INFO (IPF055): 0.0.Ht: A counterexample (cex) with 191 cycles was found for the property "PCIeGen2x8If128_gtp_cpllpd_ovrd.auto_sva_inst.cpllpd_ones_run_capped_96" in 1.83 s.
0.0.Ht: A trace with 191 cycles was found. [1.84 s]
INFO (IPF047): 0.0.Ht: The cover property "PCIeGen2x8If128_gtp_cpllpd_ovrd.auto_sva_inst.cpllpd_ones_run_capped_96:precondition1" was covered in 191 cycles in 1.85 s.
0.0.Ht: Trace Attempt 192	[1.85 s]
0: ProofGrid usable level: 8
0.0.N: Trace Attempt 70	[1.00 s]
0.0.N: Per property time limit expired (1.00 s) [1.00 s]
0.0.N: Stopped processing property "PCIeGen2x8If128_gtp_cpllpd_ovrd.auto_sva_inst.cpllreset_zero_after_128"	[1.00 s].
0.0.N: Starting proof for property "PCIeGen2x8If128_gtp_cpllpd_ovrd.auto_sva_inst.cpllpd_zero_hold_64_post96"	[0.00 s].
0.0.N: Trace Attempt  1	[0.00 s]
0.0.N: Trace Attempt  2	[0.00 s]
0.0.N: Trace Attempt  2	[0.00 s]
0.0.N: Trace Attempt  3	[0.00 s]
0.0.N: Trace Attempt  4	[0.00 s]
0.0.N: Trace Attempt  4	[0.00 s]
0.0.N: Trace Attempt  5	[0.00 s]
0.0.B: Stopped processing property "PCIeGen2x8If128_gtp_cpllpd_ovrd.auto_sva_inst.cpllreset_zero_after_128"	[1.01 s].
0.0.B: Starting proof for property "PCIeGen2x8If128_gtp_cpllpd_ovrd.auto_sva_inst.cpllpd_zero_hold_64_post96"	[0.00 s].
0.0.B: Trace Attempt  1	[0.00 s]
0.0.B: Trace Attempt  2	[0.00 s]
0.0.B: Trace Attempt  3	[0.00 s]
0.0.B: Trace Attempt  4	[0.00 s]
0.0.B: Trace Attempt  5	[0.00 s]
0.0.N: Trace Attempt 34	[0.99 s]
0.0.N: Per property time limit expired (1.00 s) [1.00 s]
0.0.N: Stopped processing property "PCIeGen2x8If128_gtp_cpllpd_ovrd.auto_sva_inst.cpllpd_zero_hold_64_post96"	[1.00 s].
0.0.N: Starting proof for property "PCIeGen2x8If128_gtp_cpllpd_ovrd.auto_sva_inst.cpllreset_zero_hold_64_post128"	[0.00 s].
0.0.N: Trace Attempt  1	[0.00 s]
0.0.N: Trace Attempt  2	[0.00 s]
0.0.N: Trace Attempt  2	[0.00 s]
0.0.N: Trace Attempt  3	[0.00 s]
0.0.N: Trace Attempt  4	[0.00 s]
0.0.N: Trace Attempt  4	[0.00 s]
0.0.N: Trace Attempt  5	[0.00 s]
0.0.B: Stopped processing property "PCIeGen2x8If128_gtp_cpllpd_ovrd.auto_sva_inst.cpllpd_zero_hold_64_post96"	[1.00 s].
0.0.B: Starting proof for property "PCIeGen2x8If128_gtp_cpllpd_ovrd.auto_sva_inst.cpllreset_zero_hold_64_post128"	[0.00 s].
0.0.B: Trace Attempt  1	[0.00 s]
0.0.B: Trace Attempt  2	[0.00 s]
0.0.B: Trace Attempt  3	[0.00 s]
0.0.B: Trace Attempt  4	[0.00 s]
0.0.B: Trace Attempt  5	[0.00 s]
0.0.N: Trace Attempt 30	[0.79 s]
0.0.N: Per property time limit expired (1.00 s) [1.00 s]
0.0.N: Stopped processing property "PCIeGen2x8If128_gtp_cpllpd_ovrd.auto_sva_inst.cpllreset_zero_hold_64_post128"	[1.00 s].
0.0.N: Starting proof for property "PCIeGen2x8If128_gtp_cpllpd_ovrd.auto_sva_inst.cpllreset_ones_run_capped_128"	[0.00 s].
0.0.N: Trace Attempt  1	[0.00 s]
0.0.N: Trace Attempt  2	[0.00 s]
0.0.N: Trace Attempt  2	[0.00 s]
0.0.N: Trace Attempt  3	[0.00 s]
0.0.N: Trace Attempt  4	[0.00 s]
0.0.N: Trace Attempt  4	[0.00 s]
0.0.N: Trace Attempt  5	[0.00 s]
0.0.B: Stopped processing property "PCIeGen2x8If128_gtp_cpllpd_ovrd.auto_sva_inst.cpllreset_zero_hold_64_post128"	[1.00 s].
0.0.B: Starting proof for property "PCIeGen2x8If128_gtp_cpllpd_ovrd.auto_sva_inst.cpllreset_ones_run_capped_128"	[0.00 s].
0.0.B: Trace Attempt  1	[0.00 s]
0.0.B: Trace Attempt  2	[0.00 s]
0.0.B: Trace Attempt  3	[0.00 s]
0.0.B: Trace Attempt  4	[0.00 s]
0.0.B: Trace Attempt  5	[0.00 s]
0.0.N: Trace Attempt 62	[0.95 s]
0.0.N: Per property time limit expired (1.00 s) [1.00 s]
0.0.N: Stopped processing property "PCIeGen2x8If128_gtp_cpllpd_ovrd.auto_sva_inst.cpllreset_ones_run_capped_128"	[1.00 s].
0.0.N: Starting proof for property "PCIeGen2x8If128_gtp_cpllpd_ovrd.auto_sva_inst.cpllreset_ones_run_capped_128:precondition1"	[0.00 s].
0.0.N: Trace Attempt  1	[0.00 s]
0.0.N: Trace Attempt  2	[0.00 s]
0.0.N: Trace Attempt  2	[0.00 s]
0.0.N: Trace Attempt  3	[0.00 s]
0.0.N: Trace Attempt  4	[0.00 s]
0.0.N: Trace Attempt  4	[0.00 s]
0.0.N: Trace Attempt  5	[0.00 s]
0.0.B: Stopped processing property "PCIeGen2x8If128_gtp_cpllpd_ovrd.auto_sva_inst.cpllreset_ones_run_capped_128"	[1.00 s].
0.0.B: Starting proof for property "PCIeGen2x8If128_gtp_cpllpd_ovrd.auto_sva_inst.cpllreset_ones_run_capped_128:precondition1"	[0.00 s].
0.0.B: Trace Attempt  1	[0.00 s]
0.0.B: Trace Attempt  2	[0.00 s]
0.0.B: Trace Attempt  3	[0.00 s]
0.0.B: Trace Attempt  4	[0.00 s]
0.0.B: Trace Attempt  5	[0.00 s]
0.0.Ht: Trace Attempt 201	[5.93 s]
0.0.N: Trace Attempt 63	[0.99 s]
0.0.N: Per property time limit expired (1.00 s) [1.00 s]
0.0.N: Stopped processing property "PCIeGen2x8If128_gtp_cpllpd_ovrd.auto_sva_inst.cpllreset_ones_run_capped_128:precondition1"	[1.00 s].
0.0.N: Starting proof for property "PCIeGen2x8If128_gtp_cpllpd_ovrd.auto_sva_inst.both_zero_after_128"	[0.00 s].
0.0.N: Trace Attempt  1	[0.00 s]
0.0.N: Trace Attempt  2	[0.00 s]
0.0.N: Trace Attempt  2	[0.00 s]
0.0.N: Trace Attempt  3	[0.00 s]
0.0.N: Trace Attempt  4	[0.00 s]
0.0.N: Trace Attempt  4	[0.00 s]
0.0.N: Trace Attempt  5	[0.00 s]
0.0.B: Stopped processing property "PCIeGen2x8If128_gtp_cpllpd_ovrd.auto_sva_inst.cpllreset_ones_run_capped_128:precondition1"	[1.00 s].
0.0.B: Starting proof for property "PCIeGen2x8If128_gtp_cpllpd_ovrd.auto_sva_inst.both_zero_after_128"	[0.00 s].
0.0.B: Trace Attempt  1	[0.00 s]
0.0.B: Trace Attempt  2	[0.00 s]
0.0.B: Trace Attempt  3	[0.00 s]
0.0.B: Trace Attempt  4	[0.00 s]
0.0.B: Trace Attempt  5	[0.00 s]
0.0.N: Trace Attempt 66	[0.99 s]
0.0.N: Per property time limit expired (1.00 s) [1.00 s]
0.0.N: Stopped processing property "PCIeGen2x8If128_gtp_cpllpd_ovrd.auto_sva_inst.both_zero_after_128"	[1.00 s].
0.0.N: Starting proof for property "PCIeGen2x8If128_gtp_cpllpd_ovrd.auto_sva_inst.both_zero_hold_64_post128"	[0.00 s].
0.0.N: Trace Attempt  1	[0.00 s]
0.0.N: Trace Attempt  2	[0.00 s]
0.0.N: Trace Attempt  2	[0.00 s]
0.0.N: Trace Attempt  3	[0.00 s]
0.0.N: Trace Attempt  4	[0.00 s]
0.0.N: Trace Attempt  4	[0.00 s]
0.0.N: Trace Attempt  5	[0.01 s]
0.0.B: Stopped processing property "PCIeGen2x8If128_gtp_cpllpd_ovrd.auto_sva_inst.both_zero_after_128"	[1.00 s].
0.0.B: Starting proof for property "PCIeGen2x8If128_gtp_cpllpd_ovrd.auto_sva_inst.both_zero_hold_64_post128"	[0.00 s].
0.0.B: Trace Attempt  1	[0.00 s]
0.0.B: Trace Attempt  2	[0.00 s]
0.0.B: Trace Attempt  3	[0.00 s]
0.0.B: Trace Attempt  4	[0.00 s]
0.0.B: Trace Attempt  5	[0.00 s]
0.0.N: Trace Attempt 34	[0.98 s]
0.0.N: Per property time limit expired (1.00 s) [1.00 s]
0.0.N: Stopped processing property "PCIeGen2x8If128_gtp_cpllpd_ovrd.auto_sva_inst.both_zero_hold_64_post128"	[1.00 s].
0.0.N: Next scan (1) will use per property time limit: 1s * 10 ^ 1 = 10s
0.0.N: Starting proof for property "PCIeGen2x8If128_gtp_cpllpd_ovrd.auto_sva_inst.cpllpd_zero_after_96"	[0.00 s].
0.0.N: Trace Attempt 70	[0.00 s]
0.0.B: Stopped processing property "PCIeGen2x8If128_gtp_cpllpd_ovrd.auto_sva_inst.both_zero_hold_64_post128"	[1.00 s].
0.0.B: Next scan (1) will use per property time limit: 1s * 10 ^ 1 = 10s
0.0.B: Starting proof for property "PCIeGen2x8If128_gtp_cpllpd_ovrd.auto_sva_inst.cpllpd_zero_after_96"	[0.00 s].
0.0.B: Trace Attempt  1	[0.00 s]
0.0.B: Trace Attempt  2	[0.00 s]
0.0.B: Trace Attempt  3	[0.00 s]
0.0.B: Trace Attempt  4	[0.00 s]
0.0.B: Trace Attempt  5	[0.00 s]
0.0.Ht: Trace Attempt 206	[10.38 s]
0.0.N: Trace Attempt 109	[4.11 s]
0.0.B: Trace Attempt 207	[4.14 s]
0.0.N: Trace Attempt  1	[6.43 s]
0.0.N: Trace Attempt  2	[6.43 s]
0.0.N: Trace Attempt  3	[6.43 s]
0.0.Ht: Trace Attempt 209	[15.02 s]
0.0.N: Trace Attempt  1	[7.33 s]
0.0.N: Trace Attempt  2	[7.33 s]
0.0.N: Trace Attempt  3	[7.33 s]
0.0.N: Trace Attempt  1	[7.87 s]
0.0.N: Trace Attempt  2	[7.87 s]
0.0.N: Trace Attempt  3	[7.87 s]
0.0.N: Trace Attempt  1	[8.91 s]
0.0.N: Trace Attempt  2	[8.91 s]
0.0.N: Trace Attempt  3	[8.91 s]
0.0.B: Trace Attempt 213	[9.32 s]
0.0.N: Trace Attempt  1	[9.50 s]
0.0.N: Trace Attempt  2	[9.50 s]
0.0.N: Trace Attempt  3	[9.50 s]
0.0.N: Trace Attempt  1	[9.94 s]
0.0.N: Trace Attempt  2	[9.94 s]
0.0.N: Trace Attempt  3	[9.94 s]
0.0.N: Trace Attempt 129	[9.95 s]
0.0.N: Per property time limit expired (10.00 s) [10.00 s]
0.0.N: Stopped processing property "PCIeGen2x8If128_gtp_cpllpd_ovrd.auto_sva_inst.cpllpd_zero_after_96"	[10.00 s].
0.0.N: Starting proof for property "PCIeGen2x8If128_gtp_cpllpd_ovrd.auto_sva_inst.cpllreset_zero_after_128"	[0.00 s].
0.0.B: Stopped processing property "PCIeGen2x8If128_gtp_cpllpd_ovrd.auto_sva_inst.cpllpd_zero_after_96"	[9.99 s].
0.0.B: Starting proof for property "PCIeGen2x8If128_gtp_cpllpd_ovrd.auto_sva_inst.cpllreset_zero_after_128"	[0.00 s].
0.0.B: Trace Attempt  1	[0.00 s]
0.0.B: Trace Attempt  2	[0.00 s]
0.0.N: Trace Attempt 70	[0.01 s]
0.0.B: Trace Attempt  3	[0.00 s]
0.0.B: Trace Attempt  4	[0.00 s]
0.0.B: Trace Attempt  5	[0.00 s]
0.0.Ht: Trace Attempt 212	[20.68 s]
0.0.B: Trace Attempt 267	[4.08 s]
0.0.N: Trace Attempt 107	[4.09 s]
0.0.N: Trace Attempt  1	[6.69 s]
0.0.N: Trace Attempt  2	[6.69 s]
0.0.N: Trace Attempt  3	[6.69 s]
0.0.B: Trace Attempt 270	[8.16 s]
0.0.Ht: Trace Attempt 215	[26.61 s]
0.0.N: Trace Attempt  1	[8.79 s]
0.0.N: Trace Attempt  2	[8.79 s]
0.0.N: Trace Attempt  3	[8.79 s]
0.0.N: Trace Attempt  1	[9.32 s]
0.0.N: Trace Attempt  2	[9.32 s]
0.0.N: Trace Attempt  3	[9.32 s]
0.0.N: Trace Attempt  1	[9.85 s]
0.0.N: Trace Attempt  2	[9.85 s]
0.0.N: Trace Attempt  3	[9.86 s]
0.0.N: Trace Attempt 127	[9.87 s]
0.0.N: Per property time limit expired (10.00 s) [10.00 s]
0.0.N: Stopped processing property "PCIeGen2x8If128_gtp_cpllpd_ovrd.auto_sva_inst.cpllreset_zero_after_128"	[10.00 s].
0.0.N: Starting proof for property "PCIeGen2x8If128_gtp_cpllpd_ovrd.auto_sva_inst.cpllpd_zero_hold_64_post96"	[0.00 s].
0.0.N: Trace Attempt 32	[0.00 s]
0.0.B: Stopped processing property "PCIeGen2x8If128_gtp_cpllpd_ovrd.auto_sva_inst.cpllreset_zero_after_128"	[10.03 s].
0.0.B: Starting proof for property "PCIeGen2x8If128_gtp_cpllpd_ovrd.auto_sva_inst.cpllpd_zero_hold_64_post96"	[0.00 s].
0.0.B: Trace Attempt  1	[0.00 s]
0.0.B: Trace Attempt  2	[0.00 s]
0.0.B: Trace Attempt  3	[0.00 s]
0.0.B: Trace Attempt  4	[0.00 s]
0.0.B: Trace Attempt  5	[0.00 s]
0.0.Ht: Trace Attempt 218	[30.84 s]
0.0.B: Trace Attempt 207	[4.37 s]
0.0.N: Trace Attempt 53	[5.04 s]
0.0.N: Trace Attempt  1	[6.26 s]
0.0.N: Trace Attempt  2	[6.26 s]
0.0.N: Trace Attempt  3	[6.26 s]
0.0.N: Trace Attempt  4	[6.26 s]
0.0.N: Trace Attempt  1	[7.62 s]
0.0.N: Trace Attempt  2	[7.62 s]
0.0.N: Trace Attempt  3	[7.62 s]
0.0.Ht: Trace Attempt 220	[35.90 s]
0.0.B: Trace Attempt 226	[8.60 s]
0.0.N: Trace Attempt  1	[9.56 s]
0.0.N: Trace Attempt  2	[9.56 s]
0.0.N: Trace Attempt  3	[9.56 s]
0.0.N: Trace Attempt 57	[9.58 s]
0.0.N: Per property time limit expired (10.00 s) [10.00 s]
0.0.N: Stopped processing property "PCIeGen2x8If128_gtp_cpllpd_ovrd.auto_sva_inst.cpllpd_zero_hold_64_post96"	[10.00 s].
0.0.N: Starting proof for property "PCIeGen2x8If128_gtp_cpllpd_ovrd.auto_sva_inst.cpllreset_zero_hold_64_post128"	[0.00 s].
0.0.N: Trace Attempt 30	[0.00 s]
0.0.B: Stopped processing property "PCIeGen2x8If128_gtp_cpllpd_ovrd.auto_sva_inst.cpllpd_zero_hold_64_post96"	[9.99 s].
0.0.B: Starting proof for property "PCIeGen2x8If128_gtp_cpllpd_ovrd.auto_sva_inst.cpllreset_zero_hold_64_post128"	[0.00 s].
0.0.B: Trace Attempt  1	[0.00 s]
0.0.B: Trace Attempt  2	[0.00 s]
0.0.B: Trace Attempt  3	[0.00 s]
0.0.B: Trace Attempt  4	[0.00 s]
0.0.B: Trace Attempt  5	[0.00 s]
0.0.Ht: Trace Attempt 222	[40.77 s]
0.0.N: Trace Attempt 51	[4.42 s]
0.0.N: Trace Attempt  1	[4.86 s]
0.0.N: Trace Attempt  2	[4.86 s]
0.0.N: Trace Attempt  3	[4.86 s]
0.0.N: Trace Attempt  4	[4.86 s]
0.0.B: Trace Attempt 268	[4.93 s]
0.0.N: Trace Attempt  1	[6.41 s]
0.0.N: Trace Attempt  2	[6.41 s]
0.0.N: Trace Attempt  3	[6.41 s]
0.0.Ht: Trace Attempt 224	[45.34 s]
0.0.N: Trace Attempt  1	[9.64 s]
0.0.N: Trace Attempt  2	[9.64 s]
0.0.N: Trace Attempt  3	[9.64 s]
0.0.N: Trace Attempt 57	[9.66 s]
0.0.N: Per property time limit expired (10.00 s) [10.00 s]
0.0.N: Stopped processing property "PCIeGen2x8If128_gtp_cpllpd_ovrd.auto_sva_inst.cpllreset_zero_hold_64_post128"	[10.00 s].
0.0.N: Starting proof for property "PCIeGen2x8If128_gtp_cpllpd_ovrd.auto_sva_inst.cpllreset_ones_run_capped_128"	[0.00 s].
0.0.N: Trace Attempt 62	[0.01 s]
0.0.B: Stopped processing property "PCIeGen2x8If128_gtp_cpllpd_ovrd.auto_sva_inst.cpllreset_zero_hold_64_post128"	[10.98 s].
0.0.B: Starting proof for property "PCIeGen2x8If128_gtp_cpllpd_ovrd.auto_sva_inst.cpllreset_ones_run_capped_128"	[0.00 s].
0.0.B: Trace Attempt  1	[0.00 s]
0.0.B: Trace Attempt  2	[0.00 s]
0.0.B: Trace Attempt  3	[0.00 s]
0.0.B: Trace Attempt  4	[0.00 s]
0.0.B: Trace Attempt  5	[0.00 s]
0.0.Ht: Trace Attempt 226	[50.12 s]
0.0.B: Trace Attempt 255	[1.17 s]
0.0.B: A trace with 255 cycles was found. [1.20 s]
INFO (IPF055): 0.0.B: A counterexample (cex) with 255 cycles was found for the property "PCIeGen2x8If128_gtp_cpllpd_ovrd.auto_sva_inst.cpllreset_ones_run_capped_128" in 1.21 s.
INFO (IPF047): 0.0.B: The cover property "PCIeGen2x8If128_gtp_cpllpd_ovrd.auto_sva_inst.cpllreset_ones_run_capped_128:precondition1" was covered in 255 cycles in 1.21 s by the incidental trace "PCIeGen2x8If128_gtp_cpllpd_ovrd.auto_sva_inst.cpllreset_ones_run_capped_128".
0.0.N: Stopped processing property "PCIeGen2x8If128_gtp_cpllpd_ovrd.auto_sva_inst.cpllreset_ones_run_capped_128"	[2.21 s].
0.0.N: Starting proof for property "PCIeGen2x8If128_gtp_cpllpd_ovrd.auto_sva_inst.both_zero_after_128"	[0.00 s].
0.0.B: Stopped processing property "PCIeGen2x8If128_gtp_cpllpd_ovrd.auto_sva_inst.cpllreset_ones_run_capped_128"	[1.22 s].
0.0.B: Starting proof for property "PCIeGen2x8If128_gtp_cpllpd_ovrd.auto_sva_inst.both_zero_after_128"	[0.00 s].
0.0.B: Trace Attempt  1	[0.00 s]
0.0.B: Trace Attempt  2	[0.00 s]
0.0.B: Trace Attempt  3	[0.00 s]
0.0.B: Trace Attempt  4	[0.00 s]
0.0.B: Trace Attempt  5	[0.00 s]
0: ProofGrid usable level: 6
0.0.N: Trace Attempt 105	[4.23 s]
0.0.B: Trace Attempt 264	[4.97 s]
0.0.Ht: Trace Attempt 229	[56.25 s]
0.0.N: Trace Attempt 122	[8.28 s]
0.0.N: Trace Attempt  1	[8.30 s]
0.0.N: Trace Attempt  2	[8.30 s]
0.0.N: Trace Attempt  3	[8.30 s]
0.0.N: Trace Attempt  1	[8.79 s]
0.0.N: Trace Attempt  2	[8.79 s]
0.0.N: Trace Attempt  3	[8.79 s]
0.0.B: Trace Attempt 266	[9.88 s]
0.0.N: Trace Attempt  1	[9.96 s]
0.0.N: Trace Attempt  2	[9.96 s]
0.0.N: Trace Attempt  3	[9.96 s]
0.0.N: Trace Attempt 125	[9.98 s]
0.0.N: Per property time limit expired (10.00 s) [10.01 s]
0.0.N: Stopped processing property "PCIeGen2x8If128_gtp_cpllpd_ovrd.auto_sva_inst.both_zero_after_128"	[10.00 s].
0.0.N: Starting proof for property "PCIeGen2x8If128_gtp_cpllpd_ovrd.auto_sva_inst.both_zero_hold_64_post128"	[0.00 s].
0.0.N: Trace Attempt 34	[0.01 s]
0.0.B: Per property time limit expired (10.00 s) [10.01 s]
0.0.B: Stopped processing property "PCIeGen2x8If128_gtp_cpllpd_ovrd.auto_sva_inst.both_zero_after_128"	[10.01 s].
0.0.B: Starting proof for property "PCIeGen2x8If128_gtp_cpllpd_ovrd.auto_sva_inst.both_zero_hold_64_post128"	[0.00 s].
0.0.B: Trace Attempt  1	[0.00 s]
0.0.B: Trace Attempt  2	[0.00 s]
0.0.B: Trace Attempt  3	[0.00 s]
0.0.B: Trace Attempt  4	[0.00 s]
0.0.B: Trace Attempt  5	[0.00 s]
0.0.Ht: Trace Attempt 232	[60.25 s]
0.0.N: Trace Attempt 57	[4.08 s]
0.0.Ht: Trace Attempt 235	[65.14 s]
0.0.B: Trace Attempt 264	[5.21 s]
0.0.N: Trace Attempt  1	[5.99 s]
0.0.N: Trace Attempt  2	[5.99 s]
0.0.N: Trace Attempt  3	[5.99 s]
0.0.N: Trace Attempt  1	[6.69 s]
0.0.N: Trace Attempt  2	[6.69 s]
0.0.N: Trace Attempt  3	[6.69 s]
0.0.N: Trace Attempt  1	[7.53 s]
0.0.N: Trace Attempt  2	[7.53 s]
0.0.N: Trace Attempt  3	[7.53 s]
0.0.N: Trace Attempt  1	[8.79 s]
0.0.N: Trace Attempt  2	[8.79 s]
0.0.N: Trace Attempt  3	[8.79 s]
0.0.Ht: Trace Attempt 238	[69.87 s]
0.0.N: Trace Attempt 67	[9.91 s]
0.0.N: Per property time limit expired (10.00 s) [10.00 s]
0.0.N: Stopped processing property "PCIeGen2x8If128_gtp_cpllpd_ovrd.auto_sva_inst.both_zero_hold_64_post128"	[10.00 s].
0.0.N: Next scan (2) will use per property time limit: 1s * 10 ^ 2 = 100s
0.0.N: Starting proof for property "PCIeGen2x8If128_gtp_cpllpd_ovrd.auto_sva_inst.cpllpd_zero_after_96"	[0.00 s].
0.0.N: Trace Attempt 129	[0.01 s]
0.0.B: Stopped processing property "PCIeGen2x8If128_gtp_cpllpd_ovrd.auto_sva_inst.both_zero_hold_64_post128"	[10.01 s].
0.0.B: Next scan (2) will use per property time limit: 1s * 10 ^ 2 = 100s
0.0.B: Starting proof for property "PCIeGen2x8If128_gtp_cpllpd_ovrd.auto_sva_inst.cpllpd_zero_after_96"	[0.00 s].
0.0.B: Trace Attempt  1	[0.00 s]
0.0.B: Trace Attempt  2	[0.00 s]
0.0.B: Trace Attempt  3	[0.00 s]
0.0.B: Trace Attempt  4	[0.00 s]
0.0.B: Trace Attempt  5	[0.00 s]
0.0.N: Trace Attempt  1	[0.51 s]
0.0.N: Trace Attempt  2	[0.51 s]
0.0.N: Trace Attempt  3	[0.51 s]
0.0.N: Trace Attempt  1	[1.12 s]
0.0.N: Trace Attempt  2	[1.12 s]
0.0.N: Trace Attempt  3	[1.12 s]
0.0.N: Trace Attempt  1	[1.79 s]
0.0.N: Trace Attempt  2	[1.79 s]
0.0.N: Trace Attempt  3	[1.79 s]
0.0.N: Trace Attempt  1	[2.38 s]
0.0.N: Trace Attempt  2	[2.38 s]
0.0.N: Trace Attempt  3	[2.38 s]
0.0.N: Trace Attempt  1	[2.96 s]
0.0.N: Trace Attempt  2	[2.96 s]
0.0.N: Trace Attempt  3	[2.96 s]
0.0.N: Trace Attempt  1	[3.49 s]
0.0.N: Trace Attempt  2	[3.49 s]
0.0.N: Trace Attempt  3	[3.49 s]
0.0.N: Trace Attempt  1	[4.07 s]
0.0.N: Trace Attempt  2	[4.07 s]
0.0.N: Trace Attempt  3	[4.08 s]
0.0.B: Trace Attempt 207	[4.22 s]
0.0.Ht: Trace Attempt 241	[74.45 s]
0.0.N: Trace Attempt  1	[4.82 s]
0.0.N: Trace Attempt  2	[4.82 s]
0.0.N: Trace Attempt  3	[4.82 s]
0.0.N: Trace Attempt  1	[5.46 s]
0.0.N: Trace Attempt  2	[5.46 s]
0.0.N: Trace Attempt  3	[5.46 s]
0.0.N: Trace Attempt  1	[6.02 s]
0.0.N: Trace Attempt  2	[6.02 s]
0.0.N: Trace Attempt  3	[6.02 s]
0.0.N: Trace Attempt  1	[6.78 s]
0.0.N: Trace Attempt  2	[6.78 s]
0.0.N: Trace Attempt  3	[6.78 s]
0.0.N: Trace Attempt  1	[7.64 s]
0.0.N: Trace Attempt  2	[7.64 s]
0.0.N: Trace Attempt  3	[7.64 s]
0.0.N: Trace Attempt  1	[8.35 s]
0.0.N: Trace Attempt  2	[8.35 s]
0.0.N: Trace Attempt  3	[8.35 s]
0.0.N: Trace Attempt  1	[8.96 s]
0.0.N: Trace Attempt  2	[8.96 s]
0.0.N: Trace Attempt  3	[8.96 s]
0.0.Ht: Trace Attempt 244	[79.18 s]
0.0.B: Trace Attempt 213	[9.67 s]
0.0.N: Trace Attempt  1	[9.74 s]
0.0.N: Trace Attempt  2	[9.74 s]
0.0.N: Trace Attempt  3	[9.74 s]
0.0.N: Trace Attempt  1	[10.37 s]
0.0.N: Trace Attempt  2	[10.37 s]
0.0.N: Trace Attempt  3	[10.38 s]
0.0.N: Trace Attempt  1	[11.18 s]
0.0.N: Trace Attempt  2	[11.18 s]
0.0.N: Trace Attempt  3	[11.18 s]
0.0.N: Trace Attempt  1	[12.07 s]
0.0.N: Trace Attempt  2	[12.07 s]
0.0.N: Trace Attempt  3	[12.07 s]
0.0.N: Trace Attempt  1	[13.05 s]
0.0.N: Trace Attempt  2	[13.05 s]
0.0.N: Trace Attempt  3	[13.05 s]
0.0.Ht: Trace Attempt 246	[83.49 s]
0.0.N: Trace Attempt  1	[13.78 s]
0.0.N: Trace Attempt  2	[13.78 s]
0.0.N: Trace Attempt  3	[13.78 s]
0.0.B: Trace Attempt 219	[14.29 s]
0.0.N: Trace Attempt  1	[14.45 s]
0.0.N: Trace Attempt  2	[14.45 s]
0.0.N: Trace Attempt  3	[14.45 s]
0.0.N: Trace Attempt  1	[15.45 s]
0.0.N: Trace Attempt  2	[15.45 s]
0.0.N: Trace Attempt  3	[15.45 s]
0.0.N: Trace Attempt  1	[16.20 s]
0.0.N: Trace Attempt  2	[16.20 s]
0.0.N: Trace Attempt  3	[16.20 s]
0.0.N: Trace Attempt  1	[16.88 s]
0.0.N: Trace Attempt  2	[16.88 s]
0.0.N: Trace Attempt  3	[16.88 s]
0.0.Ht: Trace Attempt 249	[87.61 s]
0.0.N: Trace Attempt  1	[17.89 s]
0.0.N: Trace Attempt  2	[17.89 s]
0.0.N: Trace Attempt  3	[17.89 s]
0.0.N: Trace Attempt  1	[19.24 s]
0.0.N: Trace Attempt  2	[19.24 s]
0.0.N: Trace Attempt  3	[19.24 s]
0.0.B: Trace Attempt 223	[19.67 s]
0.0.N: Trace Attempt  1	[19.91 s]
0.0.N: Trace Attempt  2	[19.91 s]
0.0.N: Trace Attempt  3	[19.91 s]
0.0.N: Trace Attempt  1	[20.98 s]
0.0.N: Trace Attempt  2	[20.98 s]
0.0.N: Trace Attempt  3	[20.98 s]
0.0.N: Trace Attempt  1	[21.93 s]
0.0.N: Trace Attempt  2	[21.93 s]
0.0.N: Trace Attempt  3	[21.93 s]
0.0.Ht: Trace Attempt 252	[92.60 s]
0.0.N: Trace Attempt  1	[22.56 s]
0.0.N: Trace Attempt  2	[22.56 s]
0.0.N: Trace Attempt  3	[22.56 s]
0.0.N: Trace Attempt  1	[23.45 s]
0.0.N: Trace Attempt  2	[23.45 s]
0.0.N: Trace Attempt  3	[23.45 s]
0.0.B: Trace Attempt 229	[23.97 s]
0.0.N: Trace Attempt  1	[24.34 s]
0.0.N: Trace Attempt  2	[24.34 s]
0.0.N: Trace Attempt  3	[24.34 s]
0.0.N: Trace Attempt  1	[25.15 s]
0.0.N: Trace Attempt  2	[25.15 s]
0.0.N: Trace Attempt  3	[25.15 s]
0.0.N: Trace Attempt  1	[25.98 s]
0.0.N: Trace Attempt  2	[25.98 s]
0.0.N: Trace Attempt  3	[25.98 s]
0.0.N: Trace Attempt  1	[27.04 s]
0.0.N: Trace Attempt  2	[27.04 s]
0.0.N: Trace Attempt  3	[27.04 s]
0.0.N: Trace Attempt  1	[27.94 s]
0.0.N: Trace Attempt  2	[27.94 s]
0.0.N: Trace Attempt  3	[27.94 s]
0.0.B: Trace Attempt 277	[27.98 s]
0.0.Ht: Trace Attempt 254	[98.35 s]
0.0.N: Trace Attempt  1	[29.12 s]
0.0.N: Trace Attempt  2	[29.12 s]
0.0.N: Trace Attempt  3	[29.12 s]
0.0.N: Trace Attempt  1	[30.55 s]
0.0.N: Trace Attempt  2	[30.55 s]
0.0.N: Trace Attempt  3	[30.55 s]
0.0.N: Trace Attempt  1	[31.76 s]
0.0.N: Trace Attempt  2	[31.76 s]
0.0.N: Trace Attempt  3	[31.76 s]
0.0.B: Trace Attempt 323	[32.00 s]
0.0.N: Trace Attempt  1	[32.67 s]
0.0.N: Trace Attempt  2	[32.67 s]
0.0.N: Trace Attempt  3	[32.67 s]
0.0.Ht: Trace Attempt 257	[103.10 s]
0.0.N: Trace Attempt  1	[33.90 s]
0.0.N: Trace Attempt  2	[33.90 s]
0.0.N: Trace Attempt  3	[33.90 s]
0.0.N: Trace Attempt  1	[34.89 s]
0.0.N: Trace Attempt  2	[34.89 s]
0.0.N: Trace Attempt  3	[34.89 s]
0.0.N: Trace Attempt  1	[36.01 s]
0.0.N: Trace Attempt  2	[36.01 s]
0.0.N: Trace Attempt  3	[36.01 s]
0.0.B: Trace Attempt 401	[36.01 s]
0.0.N: Trace Attempt  1	[37.13 s]
0.0.N: Trace Attempt  2	[37.13 s]
0.0.N: Trace Attempt  3	[37.13 s]
0.0.Ht: Trace Attempt 259	[108.29 s]
0.0.N: Trace Attempt  1	[38.18 s]
0.0.N: Trace Attempt  2	[38.18 s]
0.0.N: Trace Attempt  3	[38.18 s]
0.0.N: Trace Attempt  1	[39.33 s]
0.0.N: Trace Attempt  2	[39.33 s]
0.0.N: Trace Attempt  3	[39.33 s]
0.0.B: Trace Attempt 456	[40.23 s]
0.0.N: Trace Attempt  1	[40.37 s]
0.0.N: Trace Attempt  2	[40.37 s]
0.0.N: Trace Attempt  3	[40.37 s]
0.0.N: Trace Attempt  1	[41.69 s]
0.0.N: Trace Attempt  2	[41.69 s]
0.0.N: Trace Attempt  3	[41.69 s]
0.0.Ht: Trace Attempt 262	[113.07 s]
0.0.N: Trace Attempt  1	[43.01 s]
0.0.N: Trace Attempt  2	[43.01 s]
0.0.N: Trace Attempt  3	[43.01 s]
0.0.N: Trace Attempt  1	[44.26 s]
0.0.N: Trace Attempt  2	[44.26 s]
0.0.N: Trace Attempt  3	[44.26 s]
0.0.B: Trace Attempt 509	[44.83 s]
0.0.N: Trace Attempt  1	[45.47 s]
0.0.N: Trace Attempt  2	[45.47 s]
0.0.N: Trace Attempt  3	[45.47 s]
0.0.N: Trace Attempt  1	[46.57 s]
0.0.N: Trace Attempt  2	[46.57 s]
0.0.N: Trace Attempt  3	[46.57 s]
0.0.N: Trace Attempt  1	[47.96 s]
0.0.N: Trace Attempt  2	[47.96 s]
0.0.N: Trace Attempt  3	[47.96 s]
0.0.Ht: Trace Attempt 264	[118.60 s]
0.0.B: Trace Attempt 534	[48.92 s]
0.0.N: Trace Attempt  1	[49.16 s]
0.0.N: Trace Attempt  2	[49.16 s]
0.0.N: Trace Attempt  3	[49.16 s]
0.0.N: Trace Attempt  1	[50.48 s]
0.0.N: Trace Attempt  2	[50.48 s]
0.0.N: Trace Attempt  3	[50.48 s]
0.0.N: Trace Attempt  1	[51.79 s]
0.0.N: Trace Attempt  2	[51.79 s]
0.0.N: Trace Attempt  3	[51.79 s]
0.0.N: Trace Attempt  1	[52.92 s]
0.0.N: Trace Attempt  2	[52.92 s]
0.0.N: Trace Attempt  3	[52.92 s]
0.0.B: Trace Attempt 579	[52.98 s]
0.0.Ht: Trace Attempt 267	[124.00 s]
0.0.N: Trace Attempt  1	[54.25 s]
0.0.N: Trace Attempt  2	[54.25 s]
0.0.N: Trace Attempt  3	[54.25 s]
0.0.N: Trace Attempt  1	[55.81 s]
0.0.N: Trace Attempt  2	[55.81 s]
0.0.N: Trace Attempt  3	[55.81 s]
0.0.B: Trace Attempt 609	[57.13 s]
0.0.N: Trace Attempt  1	[57.22 s]
0.0.N: Trace Attempt  2	[57.22 s]
0.0.N: Trace Attempt  3	[57.22 s]
0.0.N: Trace Attempt  1	[58.59 s]
0.0.N: Trace Attempt  2	[58.59 s]
0.0.N: Trace Attempt  3	[58.59 s]
0.0.N: Trace Attempt  1	[60.07 s]
0.0.N: Trace Attempt  2	[60.07 s]
0.0.N: Trace Attempt  3	[60.07 s]
0.0.Ht: Trace Attempt 269	[131.19 s]
0.0.B: Trace Attempt 639	[61.58 s]
0.0.N: Trace Attempt  1	[62.04 s]
0.0.N: Trace Attempt  2	[62.04 s]
0.0.N: Trace Attempt  3	[62.04 s]
0.0.N: Trace Attempt  1	[63.74 s]
0.0.N: Trace Attempt  2	[63.74 s]
0.0.N: Trace Attempt  3	[63.74 s]
0.0.Ht: Trace Attempt 271	[135.34 s]
0.0.N: Trace Attempt  1	[65.33 s]
0.0.N: Trace Attempt  2	[65.33 s]
0.0.N: Trace Attempt  3	[65.33 s]
0.0.B: Trace Attempt 669	[65.60 s]
0.0.N: Validation of fixpoint was successful. Time = 0.00
0.0.N: Trace Attempt 132	[65.95 s]
0.0.N: A proof was found: No trace exists. [65.96 s]
INFO (IPF057): 0.0.N: The property "PCIeGen2x8If128_gtp_cpllpd_ovrd.auto_sva_inst.cpllpd_zero_after_96" was proven in 65.96 s.
0.0.N: Stopped processing property "PCIeGen2x8If128_gtp_cpllpd_ovrd.auto_sva_inst.cpllpd_zero_after_96"	[65.96 s].
0.0.N: Starting proof for property "PCIeGen2x8If128_gtp_cpllpd_ovrd.auto_sva_inst.cpllreset_zero_after_128"	[0.00 s].
0.0.N: Trace Attempt 127	[0.01 s]
0.0.B: Stopped processing property "PCIeGen2x8If128_gtp_cpllpd_ovrd.auto_sva_inst.cpllpd_zero_after_96"	[65.97 s].
0.0.B: Starting proof for property "PCIeGen2x8If128_gtp_cpllpd_ovrd.auto_sva_inst.cpllreset_zero_after_128"	[0.00 s].
0.0.B: Trace Attempt  1	[0.00 s]
0.0.B: Trace Attempt  2	[0.00 s]
0.0.B: Trace Attempt  3	[0.00 s]
0.0.B: Trace Attempt  4	[0.00 s]
0.0.B: Trace Attempt  5	[0.00 s]
0: ProofGrid usable level: 5
0.0.N: Trace Attempt  1	[0.66 s]
0.0.N: Trace Attempt  2	[0.66 s]
0.0.N: Trace Attempt  3	[0.66 s]
0.0.N: Trace Attempt  1	[1.16 s]
0.0.N: Trace Attempt  2	[1.16 s]
0.0.N: Trace Attempt  3	[1.16 s]
0.0.N: Trace Attempt  1	[1.70 s]
0.0.N: Trace Attempt  2	[1.70 s]
0.0.N: Trace Attempt  3	[1.71 s]
0.0.N: Trace Attempt  1	[2.22 s]
0.0.N: Trace Attempt  2	[2.22 s]
0.0.N: Trace Attempt  3	[2.22 s]
0.0.N: Trace Attempt  1	[2.71 s]
0.0.N: Trace Attempt  2	[2.71 s]
0.0.N: Trace Attempt  3	[2.71 s]
0.0.N: Trace Attempt  1	[3.22 s]
0.0.N: Trace Attempt  2	[3.22 s]
0.0.N: Trace Attempt  3	[3.22 s]
0.0.N: Trace Attempt  1	[3.91 s]
0.0.N: Trace Attempt  2	[3.91 s]
0.0.N: Trace Attempt  3	[3.91 s]
0.0.N: Trace Attempt  1	[4.55 s]
0.0.N: Trace Attempt  2	[4.55 s]
0.0.N: Trace Attempt  3	[4.55 s]
0.0.B: Trace Attempt 268	[4.99 s]
0.0.Ht: Trace Attempt 273	[141.16 s]
0.0.N: Trace Attempt  1	[5.09 s]
0.0.N: Trace Attempt  2	[5.09 s]
0.0.N: Trace Attempt  3	[5.09 s]
0.0.N: Trace Attempt  1	[5.81 s]
0.0.N: Trace Attempt  2	[5.81 s]
0.0.N: Trace Attempt  3	[5.81 s]
0.0.N: Trace Attempt  1	[6.49 s]
0.0.N: Trace Attempt  2	[6.49 s]
0.0.N: Trace Attempt  3	[6.49 s]
0.0.N: Trace Attempt  1	[7.80 s]
0.0.N: Trace Attempt  2	[7.80 s]
0.0.N: Trace Attempt  3	[7.80 s]
0.0.N: Trace Attempt  1	[8.50 s]
0.0.N: Trace Attempt  2	[8.50 s]
0.0.N: Trace Attempt  3	[8.50 s]
0.0.N: Trace Attempt  1	[9.07 s]
0.0.N: Trace Attempt  2	[9.07 s]
0.0.N: Trace Attempt  3	[9.07 s]
0.0.B: Trace Attempt 273	[9.29 s]
0.0.N: Trace Attempt  1	[9.73 s]
0.0.N: Trace Attempt  2	[9.73 s]
0.0.N: Trace Attempt  3	[9.73 s]
0.0.N: Trace Attempt  1	[10.46 s]
0.0.N: Trace Attempt  2	[10.46 s]
0.0.N: Trace Attempt  3	[10.46 s]
0.0.N: Trace Attempt  1	[11.19 s]
0.0.N: Trace Attempt  2	[11.19 s]
0.0.N: Trace Attempt  3	[11.19 s]
0.0.N: Trace Attempt  1	[11.81 s]
0.0.N: Trace Attempt  2	[11.81 s]
0.0.N: Trace Attempt  3	[11.81 s]
0.0.N: Trace Attempt  1	[12.67 s]
0.0.N: Trace Attempt  2	[12.67 s]
0.0.N: Trace Attempt  3	[12.67 s]
0.0.N: Trace Attempt  1	[13.31 s]
0.0.N: Trace Attempt  2	[13.31 s]
0.0.N: Trace Attempt  3	[13.31 s]
0.0.B: Trace Attempt 282	[13.49 s]
0.0.N: Trace Attempt  1	[13.94 s]
0.0.N: Trace Attempt  2	[13.94 s]
0.0.N: Trace Attempt  3	[13.94 s]
0.0.N: Trace Attempt  1	[14.91 s]
0.0.N: Trace Attempt  2	[14.91 s]
0.0.N: Trace Attempt  3	[14.91 s]
0.0.N: Trace Attempt  1	[15.83 s]
0.0.N: Trace Attempt  2	[15.83 s]
0.0.N: Trace Attempt  3	[15.83 s]
0.0.N: Trace Attempt  1	[16.58 s]
0.0.N: Trace Attempt  2	[16.58 s]
0.0.N: Trace Attempt  3	[16.58 s]
0.0.N: Trace Attempt  1	[17.38 s]
0.0.N: Trace Attempt  2	[17.38 s]
0.0.N: Trace Attempt  3	[17.38 s]
0.0.B: Trace Attempt 290	[17.90 s]
0.0.N: Trace Attempt  1	[18.42 s]
0.0.N: Trace Attempt  2	[18.42 s]
0.0.N: Trace Attempt  3	[18.42 s]
0.0.N: Trace Attempt  1	[19.65 s]
0.0.N: Trace Attempt  2	[19.65 s]
0.0.N: Trace Attempt  3	[19.65 s]
0.0.N: Trace Attempt  1	[20.71 s]
0.0.N: Trace Attempt  2	[20.71 s]
0.0.N: Trace Attempt  3	[20.71 s]
0.0.N: Trace Attempt  1	[21.70 s]
0.0.N: Trace Attempt  2	[21.70 s]
0.0.N: Trace Attempt  3	[21.70 s]
0.0.B: Trace Attempt 298	[22.31 s]
0.0.N: Trace Attempt  1	[22.37 s]
0.0.N: Trace Attempt  2	[22.37 s]
0.0.N: Trace Attempt  3	[22.37 s]
0.0.N: Trace Attempt  1	[23.13 s]
0.0.N: Trace Attempt  2	[23.13 s]
0.0.N: Trace Attempt  3	[23.14 s]
0.0.N: Trace Attempt  1	[23.98 s]
0.0.N: Trace Attempt  2	[23.98 s]
0.0.N: Trace Attempt  3	[23.99 s]
0.0.Ht: Trace Attempt 275	[160.53 s]
0.0.N: Trace Attempt  1	[24.77 s]
0.0.N: Trace Attempt  2	[24.77 s]
0.0.N: Trace Attempt  3	[24.77 s]
0.0.N: Trace Attempt  1	[25.98 s]
0.0.N: Trace Attempt  2	[25.98 s]
0.0.N: Trace Attempt  3	[25.98 s]
0.0.B: Trace Attempt 305	[26.77 s]
0.0.N: Trace Attempt  1	[27.01 s]
0.0.N: Trace Attempt  2	[27.01 s]
0.0.N: Trace Attempt  3	[27.01 s]
0.0.N: Trace Attempt  1	[27.99 s]
0.0.N: Trace Attempt  2	[28.00 s]
0.0.N: Trace Attempt  3	[28.00 s]
0.0.N: Trace Attempt  1	[28.93 s]
0.0.N: Trace Attempt  2	[28.93 s]
0.0.N: Trace Attempt  3	[28.93 s]
0.0.N: Trace Attempt  1	[29.86 s]
0.0.N: Trace Attempt  2	[29.86 s]
0.0.N: Trace Attempt  3	[29.86 s]
0.0.Ht: Trace Attempt 276	[166.76 s]
0.0.N: Trace Attempt  1	[30.96 s]
0.0.N: Trace Attempt  2	[30.96 s]
0.0.N: Trace Attempt  3	[30.96 s]
0.0.B: Trace Attempt 310	[31.32 s]
0.0.N: Trace Attempt  1	[31.93 s]
0.0.N: Trace Attempt  2	[31.93 s]
0.0.N: Trace Attempt  3	[31.93 s]
0.0.N: Trace Attempt  1	[33.17 s]
0.0.N: Trace Attempt  2	[33.17 s]
0.0.N: Trace Attempt  3	[33.17 s]
0.0.N: Trace Attempt  1	[34.48 s]
0.0.N: Trace Attempt  2	[34.48 s]
0.0.N: Trace Attempt  3	[34.48 s]
0.0.N: Trace Attempt  1	[35.67 s]
0.0.N: Trace Attempt  2	[35.67 s]
0.0.N: Trace Attempt  3	[35.67 s]
0.0.B: Trace Attempt 316	[35.85 s]
0.0.N: Trace Attempt  1	[36.91 s]
0.0.N: Trace Attempt  2	[36.91 s]
0.0.N: Trace Attempt  3	[36.91 s]
0.0.Ht: Trace Attempt 279	[173.74 s]
0.0.N: Trace Attempt  1	[37.85 s]
0.0.N: Trace Attempt  2	[37.85 s]
0.0.N: Trace Attempt  3	[37.85 s]
0.0.N: Trace Attempt  1	[39.17 s]
0.0.N: Trace Attempt  2	[39.17 s]
0.0.N: Trace Attempt  3	[39.17 s]
0.0.B: Trace Attempt 323	[40.33 s]
0.0.N: Trace Attempt  1	[40.80 s]
0.0.N: Trace Attempt  2	[40.80 s]
0.0.N: Trace Attempt  3	[40.80 s]
0.0.Ht: Trace Attempt 280	[177.77 s]
0.0.N: Trace Attempt  1	[42.17 s]
0.0.N: Trace Attempt  2	[42.17 s]
0.0.N: Trace Attempt  3	[42.17 s]
0.0.N: Trace Attempt  1	[43.48 s]
0.0.N: Trace Attempt  2	[43.48 s]
0.0.N: Trace Attempt  3	[43.48 s]
0.0.N: Trace Attempt  1	[44.64 s]
0.0.N: Trace Attempt  2	[44.64 s]
0.0.N: Trace Attempt  3	[44.65 s]
0.0.B: Trace Attempt 329	[44.63 s]
0.0.Hp: Interrupted (multi)
0.0.Hp: Morphing to Bm
0.0.Hp: All properties determined. [0.00 s]
0.0.Hp: Exited with Success (@ 0.00 s)
0.0.Bm: clocks: 1, declared: 1, disabling: 0, posedge: 1, negedge: 0, noedge: 0, bothedge: 0
0.0.Bm: Trace Attempt  1	[0.00 s]
0.0.Bm: Trace Attempt  2	[0.00 s]
0.0.Bm: Trace Attempt  3	[0.00 s]
0.0.Bm: Trace Attempt  4	[0.00 s]
0.0.Bm: Trace Attempt  5	[0.01 s]
0.0.N: Trace Attempt  1	[45.98 s]
0.0.N: Trace Attempt  2	[45.98 s]
0.0.N: Trace Attempt  3	[45.98 s]
0.0.N: Trace Attempt  1	[47.42 s]
0.0.N: Trace Attempt  2	[47.42 s]
0.0.N: Trace Attempt  3	[47.42 s]
0.0.Ht: Trace Attempt 282	[183.94 s]
0.0.B: Trace Attempt 334	[48.91 s]
0.0.N: Trace Attempt  1	[49.26 s]
0.0.N: Trace Attempt  2	[49.26 s]
0.0.N: Trace Attempt  3	[49.26 s]
0.0.Bm: Trace Attempt 205	[4.63 s]
0.0.N: Stopped processing property "PCIeGen2x8If128_gtp_cpllpd_ovrd.auto_sva_inst.cpllreset_zero_after_128"	[49.84 s].
0.0.N: Morphing to AM
0.0.N: Trace Attempt 180	[49.28 s]
0.0.N: All properties determined. [0.00 s]
0.0.N: Exited with Success (@ 0.00 s)
0.0.AM: clocks: 1, declared: 1, disabling: 0, posedge: 1, negedge: 0, noedge: 0, bothedge: 0
0.0.AM: Starting proof for property "PCIeGen2x8If128_gtp_cpllpd_ovrd.auto_sva_inst.both_zero_after_128"	[0.00 s].
0.0.AM: Trace Attempt  1	[0.00 s]
0.0.AM: Trace Attempt  2	[0.00 s]
0.0.AM: Trace Attempt  3	[0.00 s]
0.0.AM: Trace Attempt  4	[0.00 s]
0.0.AM: Trace Attempt  5	[0.00 s]
0.0.B: Stopped processing property "PCIeGen2x8If128_gtp_cpllpd_ovrd.auto_sva_inst.cpllreset_zero_after_128"	[49.82 s].
0.0.B: Morphing to Tri
0.0.B: Trace Attempt 335	[49.80 s]
0.0.B: All properties determined. [0.00 s]
0.0.B: Exited with Success (@ 0.00 s)
0.0.Tri: clocks: 1, declared: 1, disabling: 0, posedge: 1, negedge: 0, noedge: 0, bothedge: 0
0.0.Tri: Starting proof for property "PCIeGen2x8If128_gtp_cpllpd_ovrd.auto_sva_inst.both_zero_after_128"	[0.00 s].
0.0.Tri: Trace Attempt  1	[0.00 s]
0.0.Tri:    0.00" ---- Launching main thread ----
0.0.Tri:    0.32" ---- Launching abstraction thread ----
0.0.Tri:    0.36" ---- Launching multi-phase simplification thread ----
0.0.Tri: Trace Attempt  2	[0.61 s]
0.0.Tri: Trace Attempt  3	[0.61 s]
0.0.Tri: Trace Attempt  4	[0.61 s]
0.0.Tri: Trace Attempt  5	[0.61 s]
0.0.AM: Trace Attempt 139	[0.97 s]
0.0.AM: Per property time limit expired (0.99 s) [0.99 s]
0.0.AM: Stopped processing property "PCIeGen2x8If128_gtp_cpllpd_ovrd.auto_sva_inst.both_zero_after_128"	[0.99 s].
0.0.AM: Starting proof for property "PCIeGen2x8If128_gtp_cpllpd_ovrd.auto_sva_inst.cpllpd_zero_hold_64_post96"	[0.00 s].
0.0.AM: Trace Attempt  1	[0.00 s]
0.0.AM: Trace Attempt  2	[0.01 s]
0.0.AM: Trace Attempt  3	[0.01 s]
0.0.AM: Trace Attempt  4	[0.01 s]
0.0.AM: Trace Attempt  5	[0.01 s]
0.0.Tri: Stopped processing property "PCIeGen2x8If128_gtp_cpllpd_ovrd.auto_sva_inst.both_zero_after_128"	[0.90 s].
0.0.Tri: Starting proof for property "PCIeGen2x8If128_gtp_cpllpd_ovrd.auto_sva_inst.cpllpd_zero_hold_64_post96"	[0.00 s].
0.0.Tri: Trace Attempt  1	[0.00 s]
0.0.Tri:    0.71" ---- Launching main thread ----
0.0.Tri:    0.93" ---- Launching abstraction thread ----
0.0.Tri:    0.97" ---- Launching multi-phase simplification thread ----
0.0.Tri: Trace Attempt  2	[0.32 s]
0.0.Tri: Trace Attempt  3	[0.32 s]
0.0.Tri: Trace Attempt  4	[0.32 s]
0.0.Tri: Trace Attempt  5	[0.32 s]
0.0.AM: Trace Attempt 52	[1.00 s]
0.0.AM: Per property time limit expired (1.00 s) [1.00 s]
0.0.AM: Stopped processing property "PCIeGen2x8If128_gtp_cpllpd_ovrd.auto_sva_inst.cpllpd_zero_hold_64_post96"	[1.00 s].
0.0.AM: Starting proof for property "PCIeGen2x8If128_gtp_cpllpd_ovrd.auto_sva_inst.cpllreset_zero_after_128"	[0.00 s].
0.0.AM: Trace Attempt  1	[0.00 s]
0.0.AM: Trace Attempt  2	[0.00 s]
0.0.AM: Trace Attempt  3	[0.00 s]
0.0.AM: Trace Attempt  4	[0.00 s]
0.0.AM: Trace Attempt  5	[0.00 s]
0.0.Tri: Trace Attempt 143	[0.40 s]
0.0.Tri: Per property time limit expired (1.00 s) [1.01 s]
0.0.Tri: Stopped processing property "PCIeGen2x8If128_gtp_cpllpd_ovrd.auto_sva_inst.cpllpd_zero_hold_64_post96"	[1.01 s].
0.0.Tri: Starting proof for property "PCIeGen2x8If128_gtp_cpllpd_ovrd.auto_sva_inst.cpllreset_zero_after_128"	[0.00 s].
0.0.Tri: Trace Attempt  1	[0.00 s]
0.0.Tri:    1.71" ---- Launching main thread ----
0.0.Tri:    1.94" ---- Launching abstraction thread ----
0.0.Tri:    1.98" ---- Launching multi-phase simplification thread ----
0.0.Tri: Trace Attempt  2	[0.32 s]
0.0.Tri: Trace Attempt  3	[0.32 s]
0.0.Tri: Trace Attempt  4	[0.32 s]
0.0.Tri: Trace Attempt  5	[0.32 s]
0.0.Tri:    2.78" Simplification phase 1 complete
0.0.Tri:    3.74" Simplification phase 2 complete
0.0.Tri:    3.87" Simplification phase 3 complete
   3.87" ---- Completed simplification thread ----
0.0.Tri:    3.87" ---- Restarting main thread on simplified netlist ----
0.0.Bm: Trace Attempt 209	[9.20 s]
0.0.Tri:    4.10" ---- Restarting abstraction thread on simplified netlist ----
0.0.AM: Stopped processing property "PCIeGen2x8If128_gtp_cpllpd_ovrd.auto_sva_inst.cpllreset_zero_after_128"	[2.60 s].
0.0.AM: Morphing to I
0.0.AM: Trace Attempt 226	[2.60 s]
0.0.AM: All properties determined. [0.00 s]
0.0.AM: Exited with Success (@ 0.00 s)
0.0.I: clocks: 1, declared: 1, disabling: 0, posedge: 1, negedge: 0, noedge: 0, bothedge: 0
0.0.I: Starting proof for property "PCIeGen2x8If128_gtp_cpllpd_ovrd.auto_sva_inst.both_zero_hold_64_post128"	[0.00 s].
0.0.Tri: Stopped processing property "PCIeGen2x8If128_gtp_cpllpd_ovrd.auto_sva_inst.cpllreset_zero_after_128"	[2.58 s].
0.0.I: Trace Attempt 65	[0.01 s]
0.0.Tri: Morphing to AD
0.0.Tri: Trace Attempt 252	[1.57 s]
0.0.Tri: All properties determined. [0.00 s]
0.0.Tri: Exited with Success (@ 0.00 s)
0.0.AD: clocks: 1, declared: 1, disabling: 0, posedge: 1, negedge: 0, noedge: 0, bothedge: 0
0.0.AD: Starting proof for property "PCIeGen2x8If128_gtp_cpllpd_ovrd.auto_sva_inst.both_zero_hold_64_post128"	[0.00 s].
0.0.AD: Trace Attempt  1	[0.00 s]
0.0.AD: Trace Attempt  2	[0.00 s]
0.0.AD: Trace Attempt  3	[0.01 s]
0.0.AD: Trace Attempt  4	[0.01 s]
0.0.AD: Trace Attempt  5	[0.01 s]
0.0.I: Trace Attempt  1	[0.59 s]
0.0.I: Trace Attempt  2	[0.59 s]
0.0.I: Trace Attempt  3	[0.59 s]
0.0.I: Trace Attempt  4	[0.59 s]
0.0.I: Trace Attempt  5	[0.60 s]
0.0.Ht: Trace Attempt 284	[191.33 s]
0.0.I: Trace Attempt 27	[1.87 s]
0.0.I: Per property time limit expired (2.00 s) [2.00 s]
0.0.I: Stopped processing property "PCIeGen2x8If128_gtp_cpllpd_ovrd.auto_sva_inst.both_zero_hold_64_post128"	[2.00 s].
0.0.I: Starting proof for property "PCIeGen2x8If128_gtp_cpllpd_ovrd.auto_sva_inst.both_zero_after_128"	[0.00 s].
0.0.AD: Trace Attempt 55	[1.96 s]
0.0.AD: Per property time limit expired (1.98 s) [1.99 s]
0.0.AD: Stopped processing property "PCIeGen2x8If128_gtp_cpllpd_ovrd.auto_sva_inst.both_zero_hold_64_post128"	[1.99 s].
0.0.AD: Starting proof for property "PCIeGen2x8If128_gtp_cpllpd_ovrd.auto_sva_inst.both_zero_after_128"	[0.00 s].
0.0.AD: Trace Attempt  1	[0.00 s]
0.0.AD: Trace Attempt  2	[0.00 s]
0.0.AD: Trace Attempt  3	[0.00 s]
0.0.AD: Trace Attempt  4	[0.00 s]
0.0.AD: Trace Attempt  5	[0.00 s]
0.0.I: Trace Attempt 125	[0.01 s]
0.0.I: Trace Attempt  1	[0.47 s]
0.0.I: Trace Attempt  2	[0.47 s]
0.0.I: Trace Attempt  3	[0.47 s]
0.0.I: Trace Attempt  4	[0.47 s]
0.0.I: Trace Attempt 61	[1.93 s]
0.0.I: Per property time limit expired (2.00 s) [2.00 s]
0.0.I: Stopped processing property "PCIeGen2x8If128_gtp_cpllpd_ovrd.auto_sva_inst.both_zero_after_128"	[2.00 s].
0.0.I: Starting proof for property "PCIeGen2x8If128_gtp_cpllpd_ovrd.auto_sva_inst.cpllreset_zero_after_128"	[0.00 s].
0.0.AD: Stopped processing property "PCIeGen2x8If128_gtp_cpllpd_ovrd.auto_sva_inst.both_zero_after_128"	[2.01 s].
0.0.AD: Starting proof for property "PCIeGen2x8If128_gtp_cpllpd_ovrd.auto_sva_inst.cpllreset_zero_after_128"	[0.00 s].
0.0.AD: Trace Attempt  1	[0.00 s]
0.0.AD: Trace Attempt  2	[0.00 s]
0.0.AD: Trace Attempt  3	[0.00 s]
0.0.AD: Trace Attempt  4	[0.00 s]
0.0.AD: Trace Attempt  5	[0.00 s]
0.0.I: Trace Attempt 180	[0.02 s]
0.0.Bm: Trace Attempt 216	[13.80 s]
0.0.I: Trace Attempt  1	[1.68 s]
0.0.I: Trace Attempt  2	[1.68 s]
0.0.I: Trace Attempt  3	[1.68 s]
0.0.I: Trace Attempt  4	[1.68 s]
0.0.I: Stopped processing property "PCIeGen2x8If128_gtp_cpllpd_ovrd.auto_sva_inst.cpllreset_zero_after_128"	[1.68 s].
0.0.I: Morphing to D
0.0.I: All properties determined. [0.00 s]
0.0.I: Exited with Success (@ 0.00 s)
0.0.D: clocks: 1, declared: 1, disabling: 0, posedge: 1, negedge: 0, noedge: 0, bothedge: 0
0.0.D: Starting proof for property "PCIeGen2x8If128_gtp_cpllpd_ovrd.auto_sva_inst.cpllreset_zero_hold_64_post128"	[0.00 s].
0.0.D: Trace Attempt  1	[0.00 s]
0.0.D: Trace Attempt  2	[0.00 s]
0.0.AD: Stopped processing property "PCIeGen2x8If128_gtp_cpllpd_ovrd.auto_sva_inst.cpllreset_zero_after_128"	[1.68 s].
0.0.AD: Morphing to Ncustom1
0.0.AD: Trace Attempt 191	[1.66 s]
0.0.AD: All properties determined. [0.00 s]
0.0.AD: Exited with Success (@ 0.00 s)
0.0.Ncustom1: clocks: 1, declared: 1, disabling: 0, posedge: 1, negedge: 0, noedge: 0, bothedge: 0
0.0.D: Trace Attempt  3	[0.00 s]
0.0.Ncustom1: Starting proof for property "PCIeGen2x8If128_gtp_cpllpd_ovrd.auto_sva_inst.cpllreset_zero_hold_64_post128"	[0.00 s].
0.0.D: Trace Attempt  4	[0.01 s]
0.0.D: Trace Attempt  5	[0.01 s]
0.0.Ncustom1: Trace Attempt 57	[0.01 s]
0.0.Ht: Trace Attempt 285	[196.79 s]
0.0.Ncustom1: Trace Attempt  1	[1.10 s]
0.0.Ncustom1: Trace Attempt  2	[1.10 s]
0.0.Ncustom1: Trace Attempt  3	[1.10 s]
0.0.Ncustom1: Trace Attempt  1	[2.52 s]
0.0.Ncustom1: Trace Attempt  2	[2.52 s]
0.0.Ncustom1: Trace Attempt  3	[2.52 s]
0.0.Bm: Trace Attempt 223	[17.91 s]
0.0.Ncustom1: Trace Attempt 60	[3.76 s]
0.0.Ncustom1: Per property time limit expired (4.00 s) [4.00 s]
0.0.Ncustom1: Stopped processing property "PCIeGen2x8If128_gtp_cpllpd_ovrd.auto_sva_inst.cpllreset_zero_hold_64_post128"	[4.00 s].
0.0.Ncustom1: Starting proof for property "PCIeGen2x8If128_gtp_cpllpd_ovrd.auto_sva_inst.cpllreset_zero_after_128"	[0.00 s].
0.0.D: Trace Attempt 35	[3.77 s]
0.0.D: Per property time limit expired (4.00 s) [4.00 s]
0.0.D: Stopped processing property "PCIeGen2x8If128_gtp_cpllpd_ovrd.auto_sva_inst.cpllreset_zero_hold_64_post128"	[4.00 s].
0.0.D: Starting proof for property "PCIeGen2x8If128_gtp_cpllpd_ovrd.auto_sva_inst.cpllreset_zero_after_128"	[0.00 s].
0.0.D: Trace Attempt  1	[0.00 s]
0.0.D: Trace Attempt  2	[0.00 s]
0.0.D: Trace Attempt  3	[0.00 s]
0.0.D: Trace Attempt  4	[0.00 s]
0.0.D: Trace Attempt  5	[0.01 s]
0.0.Ncustom1: Trace Attempt 180	[0.01 s]
0.0.Ncustom1: Trace Attempt  1	[1.69 s]
0.0.Ncustom1: Trace Attempt  2	[1.69 s]
0.0.Ncustom1: Trace Attempt  3	[1.70 s]
0.0.Bm: Trace Attempt 227	[21.92 s]
0.0.Ncustom1: Trace Attempt  1	[3.33 s]
0.0.Ncustom1: Trace Attempt  2	[3.33 s]
0.0.Ncustom1: Trace Attempt  3	[3.33 s]
0.0.D: Trace Attempt 67	[3.82 s]
0.0.D: Per property time limit expired (4.00 s) [4.00 s]
0.0.D: Stopped processing property "PCIeGen2x8If128_gtp_cpllpd_ovrd.auto_sva_inst.cpllreset_zero_after_128"	[4.00 s].
0.0.D: Starting proof for property "PCIeGen2x8If128_gtp_cpllpd_ovrd.auto_sva_inst.cpllreset_zero_after_128"	[0.00 s].
0.0.Ncustom1: Trace Attempt 182	[3.36 s]
0.0.Ncustom1: Per property time limit expired (4.00 s) [4.01 s]
0.0.Ncustom1: Stopped processing property "PCIeGen2x8If128_gtp_cpllpd_ovrd.auto_sva_inst.cpllreset_zero_after_128"	[4.01 s].
0.0.Ncustom1: Starting proof for property "PCIeGen2x8If128_gtp_cpllpd_ovrd.auto_sva_inst.cpllreset_zero_after_128"	[0.00 s].
0.0.D: Trace Attempt 67	[0.01 s]
0.0.Ncustom1: Trace Attempt 182	[0.01 s]
0.0.Ht: Trace Attempt 287	[204.43 s]
0.0.Ncustom1: Trace Attempt  1	[1.42 s]
0.0.Ncustom1: Trace Attempt  2	[1.42 s]
0.0.Ncustom1: Trace Attempt  3	[1.42 s]
0.0.Ncustom1: Trace Attempt  1	[2.68 s]
0.0.Ncustom1: Trace Attempt  2	[2.68 s]
0.0.Ncustom1: Trace Attempt  3	[2.68 s]
0.0.Bm: Trace Attempt 232	[26.38 s]
0.0.D: Trace Attempt 83	[4.02 s]
0.0.Ncustom1: Trace Attempt  1	[4.08 s]
0.0.Ncustom1: Trace Attempt  2	[4.08 s]
0.0.Ncustom1: Trace Attempt  3	[4.08 s]
0.0.Ncustom1: Trace Attempt  1	[5.67 s]
0.0.Ncustom1: Trace Attempt  2	[5.67 s]
0.0.Ncustom1: Trace Attempt  3	[5.67 s]
0.0.Ncustom1: Trace Attempt  1	[7.24 s]
0.0.Ncustom1: Trace Attempt  2	[7.25 s]
0.0.Ncustom1: Trace Attempt  3	[7.25 s]
0.0.Ht: Trace Attempt 288	[211.90 s]
0.0.Bm: Trace Attempt 237	[31.34 s]
0.0.Ncustom1: Trace Attempt  1	[8.48 s]
0.0.Ncustom1: Trace Attempt  2	[8.48 s]
0.0.Ncustom1: Trace Attempt  3	[8.48 s]
0.0.D: Trace Attempt 94	[8.49 s]
0.0.Ncustom1: Trace Attempt  1	[10.00 s]
0.0.Ncustom1: Trace Attempt  2	[10.00 s]
0.0.Ncustom1: Trace Attempt  3	[10.00 s]
0.0.Ncustom1: Stopped processing property "PCIeGen2x8If128_gtp_cpllpd_ovrd.auto_sva_inst.cpllreset_zero_after_128"	[10.00 s].
0.0.Ncustom1: Morphing to M
0.0.Ncustom1: All properties determined. [0.00 s]
0.0.Ncustom1: Exited with Success (@ 0.00 s)
0.0.M: clocks: 1, declared: 1, disabling: 0, posedge: 1, negedge: 0, noedge: 0, bothedge: 0
0.0.M: Starting proof for property "PCIeGen2x8If128_gtp_cpllpd_ovrd.auto_sva_inst.cpllpd_zero_hold_64_post96"	[0.00 s].
0.0.D: Stopped processing property "PCIeGen2x8If128_gtp_cpllpd_ovrd.auto_sva_inst.cpllreset_zero_after_128"	[10.01 s].
0.0.M: Trace Attempt  1	[0.00 s]
0.0.D: Morphing to AMcustom2
0.0.D: Trace Attempt 96	[9.37 s]
0.0.D: All properties determined. [0.00 s]
0.0.D: Exited with Success (@ 0.00 s)
0.0.AMcustom2: clocks: 1, declared: 1, disabling: 0, posedge: 1, negedge: 0, noedge: 0, bothedge: 0
0.0.M: Trace Attempt  2	[0.00 s]
0.0.AMcustom2: Starting proof for property "PCIeGen2x8If128_gtp_cpllpd_ovrd.auto_sva_inst.cpllpd_zero_hold_64_post96"	[0.00 s].
0.0.AMcustom2: Trace Attempt  1	[0.00 s]
0.0.M: Trace Attempt  3	[0.00 s]
0.0.AMcustom2: Trace Attempt  2	[0.00 s]
0.0.AMcustom2: Trace Attempt  3	[0.00 s]
0.0.AMcustom2: Trace Attempt  4	[0.00 s]
0.0.AMcustom2: Trace Attempt  5	[0.00 s]
0.0.Bm: Trace Attempt 241	[36.38 s]
0.0.M: Trace Attempt 207	[4.01 s]
0.0.AMcustom2: Trace Attempt 98	[4.03 s]
0.0.Ht: Trace Attempt 290	[220.22 s]
0.0.Bm: Trace Attempt 245	[40.75 s]
0.0.AMcustom2: Trace Attempt 128	[7.96 s]
0.0.AMcustom2: Per property time limit expired (8.00 s) [8.00 s]
0.0.AMcustom2: Stopped processing property "PCIeGen2x8If128_gtp_cpllpd_ovrd.auto_sva_inst.cpllpd_zero_hold_64_post96"	[8.00 s].
0.0.AMcustom2: Starting proof for property "PCIeGen2x8If128_gtp_cpllpd_ovrd.auto_sva_inst.both_zero_hold_64_post128"	[0.00 s].
0.0.AMcustom2: Trace Attempt  1	[0.00 s]
0.0.AMcustom2: Trace Attempt  2	[0.00 s]
0.0.AMcustom2: Trace Attempt  3	[0.00 s]
0.0.AMcustom2: Trace Attempt  4	[0.00 s]
0.0.AMcustom2: Trace Attempt  5	[0.01 s]
0.0.M: Trace Attempt 236	[7.78 s]
0.0.M: Per property time limit expired (8.00 s) [8.04 s]
0.0.M: Stopped processing property "PCIeGen2x8If128_gtp_cpllpd_ovrd.auto_sva_inst.cpllpd_zero_hold_64_post96"	[8.04 s].
0.0.M: Starting proof for property "PCIeGen2x8If128_gtp_cpllpd_ovrd.auto_sva_inst.both_zero_hold_64_post128"	[0.00 s].
0.0.M: Trace Attempt  1	[0.00 s]
0.0.M: Trace Attempt  2	[0.00 s]
0.0.M: Trace Attempt  3	[0.01 s]
0.0.Ht: Trace Attempt 291	[224.62 s]
0.0.AMcustom2: Trace Attempt 83	[4.01 s]
0.0.M: Trace Attempt 169	[4.03 s]
0.0.Bm: Trace Attempt 249	[45.70 s]
0.0.AMcustom2: Trace Attempt 143	[7.98 s]
0.0.AMcustom2: Per property time limit expired (8.00 s) [8.00 s]
0.0.AMcustom2: Stopped processing property "PCIeGen2x8If128_gtp_cpllpd_ovrd.auto_sva_inst.both_zero_hold_64_post128"	[8.00 s].
0.0.AMcustom2: Starting proof for property "PCIeGen2x8If128_gtp_cpllpd_ovrd.auto_sva_inst.cpllreset_zero_after_128"	[0.00 s].
0.0.AMcustom2: Trace Attempt  1	[0.00 s]
0.0.AMcustom2: Trace Attempt  2	[0.00 s]
0.0.AMcustom2: Trace Attempt  3	[0.00 s]
0.0.AMcustom2: Trace Attempt  4	[0.00 s]
0.0.AMcustom2: Trace Attempt  5	[0.00 s]
0.0.M: Stopped processing property "PCIeGen2x8If128_gtp_cpllpd_ovrd.auto_sva_inst.both_zero_hold_64_post128"	[8.00 s].
0.0.M: Starting proof for property "PCIeGen2x8If128_gtp_cpllpd_ovrd.auto_sva_inst.cpllreset_zero_after_128"	[0.00 s].
0.0.M: Trace Attempt  1	[0.00 s]
0.0.M: Trace Attempt  2	[0.00 s]
0.0.M: Trace Attempt  3	[0.00 s]
0.0.M: Validation of fixpoint was successful. Time = 0.00
0.0.M: A proof was found: No trace exists. [0.01 s]
INFO (IPF057): 0.0.M: The property "PCIeGen2x8If128_gtp_cpllpd_ovrd.auto_sva_inst.cpllreset_zero_after_128" was proven in 0.01 s.
0.0.M: Stopped processing property "PCIeGen2x8If128_gtp_cpllpd_ovrd.auto_sva_inst.cpllreset_zero_after_128"	[0.01 s].
0.0.M: Starting proof for property "PCIeGen2x8If128_gtp_cpllpd_ovrd.auto_sva_inst.cpllpd_zero_hold_64_post96"	[0.00 s].
0.0.M: Trace Attempt  1	[0.00 s]
0.0.M: Trace Attempt  2	[0.00 s]
0.0.M: Trace Attempt  3	[0.01 s]
0.0.AMcustom2: Stopped processing property "PCIeGen2x8If128_gtp_cpllpd_ovrd.auto_sva_inst.cpllreset_zero_after_128"	[0.05 s].
0.0.AMcustom2: Starting proof for property "PCIeGen2x8If128_gtp_cpllpd_ovrd.auto_sva_inst.cpllpd_zero_hold_64_post96"	[0.00 s].
0.0.AMcustom2: Trace Attempt  1	[0.00 s]
0.0.M: Trace Attempt  4	[0.01 s]
0.0.AMcustom2: Trace Attempt  2	[0.00 s]
0.0.AMcustom2: Trace Attempt  3	[0.00 s]
0.0.AMcustom2: Trace Attempt  4	[0.00 s]
0.0.AMcustom2: Trace Attempt  5	[0.01 s]
0.0.Ht: Trace Attempt 292	[230.59 s]
0: ProofGrid usable level: 4
0.0.Bm: Trace Attempt 252	[50.08 s]
0.0.AMcustom2: Stopped processing property "PCIeGen2x8If128_gtp_cpllpd_ovrd.auto_sva_inst.cpllpd_zero_hold_64_post96"	[2.38 s].
0.0.AMcustom2: Morphing to N
0.0.AMcustom2: Trace Attempt 61	[2.36 s]
0.0.AMcustom2: All properties determined. [0.00 s]
0.0.AMcustom2: Exited with Success (@ 0.00 s)
0.0.N: clocks: 1, declared: 1, disabling: 0, posedge: 1, negedge: 0, noedge: 0, bothedge: 0
0.0.N: Starting proof for property "PCIeGen2x8If128_gtp_cpllpd_ovrd.auto_sva_inst.cpllreset_zero_hold_64_post128"	[0.00 s].
0.0.N: Trace Attempt 59	[0.01 s]
0.0.M: Stopped processing property "PCIeGen2x8If128_gtp_cpllpd_ovrd.auto_sva_inst.cpllpd_zero_hold_64_post96"	[2.40 s].
0.0.M: Starting proof for property "PCIeGen2x8If128_gtp_cpllpd_ovrd.auto_sva_inst.cpllreset_zero_hold_64_post128"	[0.00 s].
0.0.M: Trace Attempt  1	[0.00 s]
0.0.M: Trace Attempt  2	[0.00 s]
0.0.M: Trace Attempt  3	[0.00 s]
0.0.N: Per property time limit expired (1.00 s) [1.00 s]
0.0.N: Stopped processing property "PCIeGen2x8If128_gtp_cpllpd_ovrd.auto_sva_inst.cpllreset_zero_hold_64_post128"	[1.00 s].
0.0.N: Starting proof for property "PCIeGen2x8If128_gtp_cpllpd_ovrd.auto_sva_inst.both_zero_after_128"	[0.00 s].
0.0.M: Stopped processing property "PCIeGen2x8If128_gtp_cpllpd_ovrd.auto_sva_inst.cpllreset_zero_hold_64_post128"	[1.00 s].
0.0.M: Starting proof for property "PCIeGen2x8If128_gtp_cpllpd_ovrd.auto_sva_inst.both_zero_after_128"	[0.00 s].
0.0.M: Trace Attempt  1	[0.00 s]
0.0.M: Trace Attempt  2	[0.00 s]
0.0.M: Trace Attempt  3	[0.01 s]
0.0.M: Validation of fixpoint was successful. Time = 0.01
0.0.M: A proof was found: No trace exists. [0.02 s]
INFO (IPF057): 0.0.M: The property "PCIeGen2x8If128_gtp_cpllpd_ovrd.auto_sva_inst.both_zero_after_128" was proven in 0.02 s.
0.0.M: Stopped processing property "PCIeGen2x8If128_gtp_cpllpd_ovrd.auto_sva_inst.both_zero_after_128"	[0.02 s].
0.0.M: Starting proof for property "PCIeGen2x8If128_gtp_cpllpd_ovrd.auto_sva_inst.cpllpd_zero_hold_64_post96"	[0.00 s].
0.0.M: Trace Attempt  1	[0.00 s]
0.0.M: Trace Attempt  2	[0.00 s]
0.0.N: Stopped processing property "PCIeGen2x8If128_gtp_cpllpd_ovrd.auto_sva_inst.both_zero_after_128"	[0.03 s].
0.0.N: Starting proof for property "PCIeGen2x8If128_gtp_cpllpd_ovrd.auto_sva_inst.cpllpd_zero_hold_64_post96"	[0.00 s].
0.0.M: Trace Attempt  3	[0.01 s]
0.0.M: Trace Attempt  4	[0.02 s]
0: ProofGrid usable level: 3
0.0.N: Trace Attempt  1	[1.13 s]
0.0.N: Trace Attempt  2	[1.13 s]
0.0.N: Trace Attempt  3	[1.13 s]
0.0.N: Stopped processing property "PCIeGen2x8If128_gtp_cpllpd_ovrd.auto_sva_inst.cpllpd_zero_hold_64_post96"	[1.31 s].
0.0.N: Morphing to AMcustom3
0.0.N: Trace Attempt 63	[1.30 s]
0.0.N: All properties determined. [0.00 s]
0.0.N: Exited with Success (@ 0.00 s)
0.0.AMcustom3: clocks: 1, declared: 1, disabling: 0, posedge: 1, negedge: 0, noedge: 0, bothedge: 0
0.0.AMcustom3: Starting proof for property "PCIeGen2x8If128_gtp_cpllpd_ovrd.auto_sva_inst.cpllreset_zero_hold_64_post128"	[0.00 s].
0.0.AMcustom3: Trace Attempt  1	[0.00 s]
0.0.AMcustom3: Trace Attempt  2	[0.00 s]
0.0.AMcustom3: Trace Attempt  3	[0.00 s]
0.0.AMcustom3: Trace Attempt  4	[0.00 s]
0.0.AMcustom3: Trace Attempt  5	[0.01 s]
0.0.M: Stopped processing property "PCIeGen2x8If128_gtp_cpllpd_ovrd.auto_sva_inst.cpllpd_zero_hold_64_post96"	[1.32 s].
0.0.M: Morphing to Ncustom4
0.0.M: Trace Attempt 106	[1.30 s]
0.0.M: All properties determined. [0.00 s]
0.0.M: Exited with Success (@ 0.00 s)
0.0.Ncustom4: clocks: 1, declared: 1, disabling: 0, posedge: 1, negedge: 0, noedge: 0, bothedge: 0
0.0.Ncustom4: Starting proof for property "PCIeGen2x8If128_gtp_cpllpd_ovrd.auto_sva_inst.cpllreset_zero_hold_64_post128"	[0.00 s].
0.0.Ncustom4: Trace Attempt  1	[0.00 s]
0.0.Ncustom4: Trace Attempt  2	[0.00 s]
0.0.Ncustom4: Trace Attempt  3	[0.00 s]
0.0.Ncustom4: Trace Attempt  4	[0.00 s]
0.0.Ncustom4: Trace Attempt  5	[0.00 s]
0.0.Bm: Trace Attempt 256	[55.50 s]
0.0.Ncustom4: Trace Attempt  1	[3.13 s]
0.0.Ncustom4: Trace Attempt  2	[3.13 s]
0.0.Ncustom4: Trace Attempt  3	[3.13 s]
0.0.Ncustom4: Trace Attempt  4	[3.13 s]
0.0.AMcustom3: Trace Attempt 98	[4.04 s]
0.0.Ncustom4: Trace Attempt  1	[5.09 s]
0.0.Ncustom4: Trace Attempt  2	[5.09 s]
0.0.Ncustom4: Trace Attempt  3	[5.09 s]
0.0.Ncustom4: Trace Attempt  4	[5.09 s]
0.0.Ncustom4: Trace Attempt  1	[6.58 s]
0.0.Ncustom4: Trace Attempt  2	[6.58 s]
0.0.Ncustom4: Trace Attempt  3	[6.58 s]
0.0.Ncustom4: Trace Attempt  4	[6.59 s]
0.0.Bm: Trace Attempt 259	[61.52 s]
0.0.Ncustom4: Trace Attempt 64	[7.64 s]
0.0.Ncustom4: Per property time limit expired (7.99 s) [7.99 s]
0.0.Ncustom4: Stopped processing property "PCIeGen2x8If128_gtp_cpllpd_ovrd.auto_sva_inst.cpllreset_zero_hold_64_post128"	[7.99 s].
0.0.Ncustom4: Starting proof for property "PCIeGen2x8If128_gtp_cpllpd_ovrd.auto_sva_inst.both_zero_hold_64_post128"	[0.00 s].
0.0.AMcustom3: Trace Attempt 130	[7.98 s]
0.0.AMcustom3: Per property time limit expired (8.00 s) [8.00 s]
0.0.AMcustom3: Stopped processing property "PCIeGen2x8If128_gtp_cpllpd_ovrd.auto_sva_inst.cpllreset_zero_hold_64_post128"	[8.00 s].
0.0.AMcustom3: Starting proof for property "PCIeGen2x8If128_gtp_cpllpd_ovrd.auto_sva_inst.both_zero_hold_64_post128"	[0.00 s].
0.0.AMcustom3: Trace Attempt  1	[0.00 s]
0.0.AMcustom3: Trace Attempt  2	[0.00 s]
0.0.AMcustom3: Trace Attempt  3	[0.00 s]
0.0.AMcustom3: Trace Attempt  4	[0.01 s]
0.0.AMcustom3: Trace Attempt  5	[0.01 s]
0.0.Ncustom4: Trace Attempt 66	[0.01 s]
0.0.Ncustom4: Trace Attempt  1	[0.75 s]
0.0.Ncustom4: Trace Attempt  2	[0.75 s]
0.0.Ncustom4: Trace Attempt  3	[0.75 s]
0.0.Ncustom4: Trace Attempt  1	[1.85 s]
0.0.Ncustom4: Trace Attempt  2	[1.85 s]
0.0.Ncustom4: Trace Attempt  3	[1.85 s]
0.0.Ncustom4: Trace Attempt  1	[3.00 s]
0.0.Ncustom4: Trace Attempt  2	[3.00 s]
0.0.Ncustom4: Trace Attempt  3	[3.00 s]
0.0.AMcustom3: Trace Attempt 84	[4.18 s]
0.0.Ncustom4: Trace Attempt  1	[4.79 s]
0.0.Ncustom4: Trace Attempt  2	[4.79 s]
0.0.Ncustom4: Trace Attempt  3	[4.79 s]
0.0.Ncustom4: Trace Attempt  1	[5.76 s]
0.0.Ncustom4: Trace Attempt  2	[5.76 s]
0.0.Ncustom4: Trace Attempt  3	[5.76 s]
0.0.Bm: Trace Attempt 262	[67.97 s]
0.0.Ncustom4: Trace Attempt  1	[7.06 s]
0.0.Ncustom4: Trace Attempt  2	[7.06 s]
0.0.Ncustom4: Trace Attempt  3	[7.06 s]
0.0.AMcustom3: Trace Attempt 146	[8.00 s]
0.0.AMcustom3: Per property time limit expired (8.00 s) [8.00 s]
0.0.AMcustom3: Stopped processing property "PCIeGen2x8If128_gtp_cpllpd_ovrd.auto_sva_inst.both_zero_hold_64_post128"	[8.00 s].
0.0.AMcustom3: Starting proof for property "PCIeGen2x8If128_gtp_cpllpd_ovrd.auto_sva_inst.cpllpd_zero_hold_64_post96"	[0.00 s].
0.0.AMcustom3: Trace Attempt  1	[0.00 s]
0.0.AMcustom3: Trace Attempt  2	[0.00 s]
0.0.AMcustom3: Trace Attempt  3	[0.00 s]
0.0.AMcustom3: Trace Attempt  4	[0.00 s]
0.0.AMcustom3: Trace Attempt  5	[0.01 s]
0.0.Ncustom4: Stopped processing property "PCIeGen2x8If128_gtp_cpllpd_ovrd.auto_sva_inst.both_zero_hold_64_post128"	[8.01 s].
0.0.Ncustom4: Starting proof for property "PCIeGen2x8If128_gtp_cpllpd_ovrd.auto_sva_inst.cpllpd_zero_hold_64_post96"	[0.00 s].
0.0.Ncustom4: Trace Attempt  1	[0.00 s]
0.0.Ncustom4: Trace Attempt  2	[0.00 s]
0.0.Ncustom4: Trace Attempt  3	[0.00 s]
0.0.Ncustom4: Trace Attempt  4	[0.00 s]
0.0.Ncustom4: Trace Attempt  5	[0.00 s]
0.0.Ncustom4: Trace Attempt  1	[2.98 s]
0.0.Ncustom4: Trace Attempt  2	[2.98 s]
0.0.Ncustom4: Trace Attempt  3	[2.98 s]
0.0.Ncustom4: Trace Attempt  4	[2.98 s]
0.0.Bm: Trace Attempt 264	[73.18 s]
0.0.AMcustom3: Trace Attempt 98	[4.02 s]
0.0.Ncustom4: Stopped processing property "PCIeGen2x8If128_gtp_cpllpd_ovrd.auto_sva_inst.cpllpd_zero_hold_64_post96"	[4.15 s].
0.0.Ncustom4: Morphing to AD
0.0.Ncustom4: Trace Attempt 63	[3.77 s]
0.0.Ncustom4: All properties determined. [0.00 s]
0.0.Ncustom4: Exited with Success (@ 0.00 s)
0.0.AD: clocks: 1, declared: 1, disabling: 0, posedge: 1, negedge: 0, noedge: 0, bothedge: 0
0.0.AD: Starting proof for property "PCIeGen2x8If128_gtp_cpllpd_ovrd.auto_sva_inst.cpllpd_zero_hold_64_post96"	[0.00 s].
0.0.AD: Trace Attempt  1	[0.00 s]
0.0.AMcustom3: Stopped processing property "PCIeGen2x8If128_gtp_cpllpd_ovrd.auto_sva_inst.cpllpd_zero_hold_64_post96"	[4.16 s].
0.0.AMcustom3: Morphing to I
0.0.AMcustom3: Trace Attempt 101	[4.16 s]
0.0.AMcustom3: All properties determined. [0.00 s]
0.0.AMcustom3: Exited with Success (@ 0.00 s)
0.0.AD: Trace Attempt  2	[0.00 s]
0.0.AD: Trace Attempt  3	[0.00 s]
0.0.AD: Trace Attempt  4	[0.01 s]
0.0.I: clocks: 1, declared: 1, disabling: 0, posedge: 1, negedge: 0, noedge: 0, bothedge: 0
0.0.I: Starting proof for property "PCIeGen2x8If128_gtp_cpllpd_ovrd.auto_sva_inst.cpllpd_zero_hold_64_post96"	[0.00 s].
0.0.AD: Trace Attempt  5	[0.01 s]
0.0.I: Trace Attempt  1	[1.18 s]
0.0.I: Trace Attempt  2	[1.18 s]
0.0.I: Trace Attempt  3	[1.18 s]
0.0.I: Trace Attempt  4	[1.18 s]
0.0.I: Trace Attempt  5	[1.19 s]
0.0.AD: Trace Attempt 99	[4.03 s]
0.0.I: Trace Attempt 41	[5.35 s]
0.0.Bm: Trace Attempt 265	[80.37 s]
0.0.AD: Trace Attempt 132	[8.48 s]
0.0.I: Trace Attempt 52	[9.64 s]
0.0.Bm: Trace Attempt 266	[84.75 s]
0.0.AD: Trace Attempt 194	[13.97 s]
0.0.I: Trace Attempt 60	[14.48 s]
0.0.I: Trace Attempt  1	[14.86 s]
0.0.I: Trace Attempt  2	[14.86 s]
0.0.I: Trace Attempt  3	[14.86 s]
0.0.I: Trace Attempt  4	[14.86 s]
0.0.I: Trace Attempt  5	[14.86 s]
0.0.Bm: Trace Attempt 267	[89.06 s]
0.0.AD: Trace Attempt  1	[15.62 s]
0.0.AD: Trace Attempt  2	[15.62 s]
0.0.AD: Trace Attempt  3	[15.62 s]
0.0.AD: Trace Attempt  4	[15.62 s]
0.0.AD: Trace Attempt  5	[15.63 s]
0.0.I: Trace Attempt 30	[15.96 s]
0.0.I: Per property time limit expired (15.99 s) [15.99 s]
0.0.I: Stopped processing property "PCIeGen2x8If128_gtp_cpllpd_ovrd.auto_sva_inst.cpllpd_zero_hold_64_post96"	[15.99 s].
0.0.I: Starting proof for property "PCIeGen2x8If128_gtp_cpllpd_ovrd.auto_sva_inst.cpllreset_zero_hold_64_post128"	[0.00 s].
0.0.I: Trace Attempt 63	[0.01 s]
0.0.AD: Stopped processing property "PCIeGen2x8If128_gtp_cpllpd_ovrd.auto_sva_inst.cpllpd_zero_hold_64_post96"	[16.02 s].
0.0.AD: Starting proof for property "PCIeGen2x8If128_gtp_cpllpd_ovrd.auto_sva_inst.cpllreset_zero_hold_64_post128"	[0.00 s].
0.0.AD: Trace Attempt  1	[0.00 s]
0.0.AD: Trace Attempt  2	[0.00 s]
0.0.AD: Trace Attempt  3	[0.00 s]
0.0.AD: Trace Attempt  4	[0.01 s]
0.0.AD: Trace Attempt  5	[0.01 s]
0.0.I: Trace Attempt  1	[1.46 s]
0.0.I: Trace Attempt  2	[1.46 s]
0.0.I: Trace Attempt  3	[1.46 s]
0.0.I: Trace Attempt  4	[1.47 s]
0.0.I: Trace Attempt  5	[1.47 s]
0.0.Ht: Trace Attempt 293	[273.89 s]
0.0.AD: Trace Attempt 99	[4.04 s]
0.0.I: Trace Attempt 44	[6.19 s]
0.0.AD: Trace Attempt 132	[8.48 s]
0.0.I: Trace Attempt 53	[10.92 s]
0.0.Bm: Trace Attempt 268	[105.13 s]
0.0.AD: Trace Attempt 204	[15.74 s]
0.0.I: Trace Attempt 61	[15.93 s]
0.0.I: Per property time limit expired (16.00 s) [16.00 s]
0.0.I: Stopped processing property "PCIeGen2x8If128_gtp_cpllpd_ovrd.auto_sva_inst.cpllreset_zero_hold_64_post128"	[16.00 s].
0.0.I: Starting proof for property "PCIeGen2x8If128_gtp_cpllpd_ovrd.auto_sva_inst.cpllpd_zero_hold_64_post96"	[0.00 s].
0.0.AD: Stopped processing property "PCIeGen2x8If128_gtp_cpllpd_ovrd.auto_sva_inst.cpllreset_zero_hold_64_post128"	[15.98 s].
0.0.AD: Starting proof for property "PCIeGen2x8If128_gtp_cpllpd_ovrd.auto_sva_inst.cpllpd_zero_hold_64_post96"	[0.00 s].
0.0.AD: Trace Attempt  1	[0.00 s]
0.0.AD: Trace Attempt  2	[0.00 s]
0.0.AD: Trace Attempt  3	[0.00 s]
0.0.AD: Trace Attempt  4	[0.01 s]
0.0.AD: Trace Attempt  5	[0.01 s]
0.0.I: Trace Attempt  1	[1.46 s]
0.0.I: Trace Attempt  2	[1.46 s]
0.0.I: Trace Attempt  3	[1.46 s]
0.0.I: Trace Attempt  4	[1.47 s]
0.0.I: Trace Attempt  5	[1.47 s]
0.0.AD: Stopped processing property "PCIeGen2x8If128_gtp_cpllpd_ovrd.auto_sva_inst.cpllpd_zero_hold_64_post96"	[3.90 s].
0.0.AD: Morphing to K
0.0.AD: Trace Attempt 93	[3.89 s]
0.0.AD: All properties determined. [0.00 s]
0.0.AD: Exited with Success (@ 0.00 s)
0.0.K: clocks: 1, declared: 1, disabling: 0, posedge: 1, negedge: 0, noedge: 0, bothedge: 0
0.0.K: Starting proof for property "PCIeGen2x8If128_gtp_cpllpd_ovrd.auto_sva_inst.cpllreset_zero_hold_64_post128"	[0.00 s].
0.0.K: Trace Attempt 63	[0.01 s]
0.0.I: Stopped processing property "PCIeGen2x8If128_gtp_cpllpd_ovrd.auto_sva_inst.cpllpd_zero_hold_64_post96"	[3.92 s].
0.0.I: Morphing to Tri
0.0.I: Trace Attempt 36	[3.43 s]
0.0.I: All properties determined. [0.00 s]
0.0.I: Exited with Success (@ 0.00 s)
0.0.Tri: clocks: 1, declared: 1, disabling: 0, posedge: 1, negedge: 0, noedge: 0, bothedge: 0
0.0.Tri: Starting proof for property "PCIeGen2x8If128_gtp_cpllpd_ovrd.auto_sva_inst.cpllreset_zero_hold_64_post128"	[0.00 s].
0.0.Tri: Trace Attempt  1	[0.00 s]
0.0.Tri:    0.00" ---- Launching main thread ----
0.0.Tri:    0.22" ---- Launching abstraction thread ----
0.0.Bm: Trace Attempt 269	[110.29 s]
0.0.Tri:    0.26" ---- Launching multi-phase simplification thread ----
0.0.Tri: Trace Attempt  2	[0.34 s]
0.0.Tri: Trace Attempt  3	[0.34 s]
0.0.Tri: Trace Attempt  4	[0.34 s]
0.0.Tri: Trace Attempt  5	[0.34 s]
0.0.K: Trace Attempt  1	[1.05 s]
0.0.K: Trace Attempt  2	[1.05 s]
0.0.K: Trace Attempt  3	[1.05 s]
0.0.K: Trace Attempt  4	[1.05 s]
0.0.K: Trace Attempt  5	[1.05 s]
0.0.Tri:    1.06" Simplification phase 1 complete
0.0.Tri:    1.17" Simplification phase 2 complete
0.0.Tri:    1.71" Simplification phase 3 complete
   1.71" ---- Completed simplification thread ----
   1.71" ---- Restarting main thread on simplified netlist ----
0.0.Tri:    1.94" ---- Restarting abstraction thread on simplified netlist ----
0.0.K: Trace Attempt  1	[2.41 s]
0.0.K: Trace Attempt  2	[2.41 s]
0.0.K: Trace Attempt  3	[2.41 s]
0.0.K: Trace Attempt  4	[2.41 s]
0.0.K: Trace Attempt  5	[2.41 s]
0.0.K: Trace Attempt  1	[4.05 s]
0.0.K: Trace Attempt  2	[4.05 s]
0.0.K: Trace Attempt  3	[4.05 s]
0.0.K: Trace Attempt  4	[4.05 s]
0.0.K: Trace Attempt  5	[4.05 s]
0.0.Tri: Trace Attempt 219	[4.48 s]
0.0.Tri: Trace Attempt 384	[4.55 s]
0.0.Tri: A proof was found: No trace exists. [4.55 s]
INFO (IPF057): 0.0.Tri: The property "PCIeGen2x8If128_gtp_cpllpd_ovrd.auto_sva_inst.cpllreset_zero_hold_64_post128" was proven in 4.56 s.
0.0.K: Stopped processing property "PCIeGen2x8If128_gtp_cpllpd_ovrd.auto_sva_inst.cpllreset_zero_hold_64_post128"	[4.62 s].
0.0.K: Starting proof for property "PCIeGen2x8If128_gtp_cpllpd_ovrd.auto_sva_inst.cpllpd_zero_hold_64_post96"	[0.00 s].
0.0.Tri: Stopped processing property "PCIeGen2x8If128_gtp_cpllpd_ovrd.auto_sva_inst.cpllreset_zero_hold_64_post128"	[4.75 s].
0.0.Tri: Starting proof for property "PCIeGen2x8If128_gtp_cpllpd_ovrd.auto_sva_inst.cpllpd_zero_hold_64_post96"	[0.00 s].
0.0.Tri: Trace Attempt  1	[0.00 s]
0.0.Tri:    4.73" ---- Launching main thread ----
0.0.Tri:    4.95" ---- Launching abstraction thread ----
0.0.Tri:    4.99" ---- Launching multi-phase simplification thread ----
0.0.Tri: Trace Attempt  2	[0.32 s]
0.0.Tri: Trace Attempt  3	[0.32 s]
0.0.Tri: Trace Attempt  4	[0.32 s]
0.0.Tri: Trace Attempt  5	[0.32 s]
0.0.K: Trace Attempt  1	[0.72 s]
0.0.K: Trace Attempt  2	[0.72 s]
0.0.K: Trace Attempt  3	[0.72 s]
0.0.K: Trace Attempt  4	[0.72 s]
0.0.K: Trace Attempt  5	[0.73 s]
0: ProofGrid usable level: 2
0.0.Tri:    5.78" Simplification phase 1 complete
0.0.Tri:    5.87" Simplification phase 2 complete
0.0.Tri:    6.01" Simplification phase 3 complete
   6.01" ---- Completed simplification thread ----
   6.01" ---- Restarting main thread on simplified netlist ----
0.0.Tri:    6.24" ---- Restarting abstraction thread on simplified netlist ----
0.0.K: Trace Attempt  1	[2.00 s]
0.0.K: Trace Attempt  2	[2.00 s]
0.0.K: Trace Attempt  3	[2.00 s]
0.0.K: Trace Attempt  4	[2.00 s]
0.0.K: Trace Attempt  5	[2.00 s]
0.0.K: Trace Attempt  1	[3.48 s]
0.0.K: Trace Attempt  2	[3.48 s]
0.0.K: Trace Attempt  3	[3.48 s]
0.0.K: Trace Attempt  4	[3.48 s]
0.0.K: Trace Attempt  5	[3.48 s]
0.0.Tri: Trace Attempt 320	[3.37 s]
0.0.Tri: A proof was found: No trace exists. [3.38 s]
INFO (IPF057): 0.0.Tri: The property "PCIeGen2x8If128_gtp_cpllpd_ovrd.auto_sva_inst.cpllpd_zero_hold_64_post96" was proven in 3.38 s.
0.0.K: Stopped processing property "PCIeGen2x8If128_gtp_cpllpd_ovrd.auto_sva_inst.cpllpd_zero_hold_64_post96"	[3.57 s].
0.0.K: Last scan. Per property time limit: 0s
0.0.K: Starting proof for property "PCIeGen2x8If128_gtp_cpllpd_ovrd.auto_sva_inst.both_zero_hold_64_post128"	[0.00 s].
0.0.Tri: Stopped processing property "PCIeGen2x8If128_gtp_cpllpd_ovrd.auto_sva_inst.cpllpd_zero_hold_64_post96"	[3.58 s].
0.0.Tri: Last scan. Per property time limit: 0s
0.0.Tri: Starting proof for property "PCIeGen2x8If128_gtp_cpllpd_ovrd.auto_sva_inst.both_zero_hold_64_post128"	[0.00 s].
0.0.Tri: Trace Attempt  1	[0.00 s]
0.0.Tri:    8.31" ---- Launching main thread ----
0.0.Tri:    8.53" ---- Launching abstraction thread ----
0.0.Tri:    8.56" ---- Launching multi-phase simplification thread ----
0.0.Tri: Trace Attempt  2	[0.32 s]
0.0.Tri: Trace Attempt  3	[0.32 s]
0.0.Tri: Trace Attempt  4	[0.32 s]
0.0.Tri: Trace Attempt  5	[0.32 s]
0: ProofGrid usable level: 1
0.0.K: Stopped processing property "PCIeGen2x8If128_gtp_cpllpd_ovrd.auto_sva_inst.both_zero_hold_64_post128"	[0.54 s].
0.0.K: Morphing to AM
0.0.K: Trace Attempt 72	[0.01 s]
0.0.K: All properties determined. [0.00 s]
0.0.K: Exited with Success (@ 0.00 s)
0.0.AM: clocks: 1, declared: 1, disabling: 0, posedge: 1, negedge: 0, noedge: 0, bothedge: 0
0.0.AM: Starting proof for property "PCIeGen2x8If128_gtp_cpllpd_ovrd.auto_sva_inst.both_zero_hold_64_post128"	[0.00 s].
0.0.AM: Trace Attempt  1	[0.00 s]
0.0.AM: Trace Attempt  2	[0.02 s]
0.0.AM: Trace Attempt  3	[0.02 s]
0.0.AM: Trace Attempt  4	[0.02 s]
0.0.AM: Trace Attempt  5	[0.02 s]
0: ProofGrid usable level: 1
0.0.Tri:    9.37" Simplification phase 1 complete
0.0.Tri:    9.49" Simplification phase 2 complete
0.0.Tri:   10.35" Simplification phase 3 complete
  10.35" ---- Completed simplification thread ----
  10.35" ---- Restarting main thread on simplified netlist ----
0.0.Tri:   10.58" ---- Restarting abstraction thread on simplified netlist ----
0.0.Bm: Trace Attempt 270	[121.79 s]
0.0.Ht: Trace Attempt 294	[303.22 s]
0.0.Tri: Trace Attempt 239	[4.33 s]
0.0.AM: Trace Attempt 83	[4.29 s]
0.0.Tri: Stopped processing property "PCIeGen2x8If128_gtp_cpllpd_ovrd.auto_sva_inst.both_zero_hold_64_post128"	[5.96 s].
0.0.Tri: Morphing to D
0.0.Tri: Trace Attempt 320	[5.95 s]
0.0.Tri: All properties determined. [0.00 s]
0.0.Tri: Exited with Success (@ 0.00 s)
0.0.D: clocks: 1, declared: 1, disabling: 0, posedge: 1, negedge: 0, noedge: 0, bothedge: 0
0.0.D: Starting proof for property "PCIeGen2x8If128_gtp_cpllpd_ovrd.auto_sva_inst.both_zero_hold_64_post128"	[0.00 s].
0.0.D: Trace Attempt  1	[0.00 s]
0.0.D: Trace Attempt  2	[0.00 s]
0.0.D: Trace Attempt  3	[0.00 s]
0.0.D: Trace Attempt  4	[0.01 s]
0.0.D: Trace Attempt  5	[0.01 s]
0.0.Bm: Trace Attempt 273	[126.65 s]
0.0.AM: Trace Attempt 132	[8.35 s]
0.0.D: Trace Attempt 41	[4.30 s]
0.0.Bm: Trace Attempt 276	[130.88 s]
0.0.AM: Trace Attempt 164	[12.40 s]
0.0.D: Trace Attempt 53	[8.69 s]
0.0.Bm: Trace Attempt 279	[134.89 s]
0.0.AM: Trace Attempt 197	[17.23 s]
0.0.D: Trace Attempt 60	[13.45 s]
0.0.Ht: Trace Attempt 295	[320.75 s]
0.0.Bm: Trace Attempt 282	[139.85 s]
0.0.AM: Trace Attempt 227	[22.92 s]
0.0.D: Trace Attempt 66	[18.17 s]
0.0.Bm: Trace Attempt 284	[144.27 s]
0.0.D: Trace Attempt 72	[23.01 s]
0.0.Bm: Trace Attempt 286	[148.69 s]
0.0.D: Trace Attempt 76	[27.22 s]
0.0.Bm: Trace Attempt 289	[154.60 s]
0.0.D: Trace Attempt 79	[32.18 s]
0.0.Bm: Trace Attempt 292	[160.72 s]
0.0.D: Trace Attempt 83	[36.62 s]
0.0.Bm: Trace Attempt 293	[165.03 s]
0.0.AM: Trace Attempt 258	[46.49 s]
0.0.D: Trace Attempt 87	[41.55 s]
0.0.Bm: Trace Attempt 295	[169.59 s]
0.0.D: Trace Attempt 90	[45.98 s]
0.0.AM: Trace Attempt  1	[52.39 s]
0.0.AM: Trace Attempt  2	[52.39 s]
0.0.AM: Trace Attempt  3	[52.40 s]
0.0.Bm: Trace Attempt 297	[173.84 s]
0.0.AM: Trace Attempt 158	[56.45 s]
0.0.D: Trace Attempt 93	[51.23 s]
0.0.Bm: Trace Attempt 299	[178.94 s]
0.0.AM: Trace Attempt 224	[60.61 s]
0.0.D: Trace Attempt 95	[55.26 s]
0.0.AM: Trace Attempt 254	[65.15 s]
0.0.D: Trace Attempt 97	[60.52 s]
0.0.Bm: Trace Attempt 301	[184.94 s]
0.0.AM: Trace Attempt 268	[69.64 s]
0.0.D: Trace Attempt 101	[65.92 s]
0.0.Bm: Trace Attempt 303	[190.64 s]
0.0.AM: Trace Attempt 277	[74.69 s]
0.0.Bm: Trace Attempt 305	[194.98 s]
0.0.D: Trace Attempt 104	[72.39 s]
0.0.AM: Trace Attempt 284	[78.71 s]
0.0.Bm: Trace Attempt 307	[200.93 s]
0.0.D: Trace Attempt 106	[77.11 s]
0.0.AM: Trace Attempt 289	[83.00 s]
0.0.AM: Stopped processing property "PCIeGen2x8If128_gtp_cpllpd_ovrd.auto_sva_inst.both_zero_hold_64_post128"	[85.74 s].
0.0.AM: Morphing to Tri
0.0.AM: Trace Attempt 292	[84.55 s]
0.0.AM: All properties determined. [0.00 s]
0.0.AM: Exited with Success (@ 0.00 s)
0.0.Tri: clocks: 1, declared: 1, disabling: 0, posedge: 1, negedge: 0, noedge: 0, bothedge: 0
0.0.Tri: Starting proof for property "PCIeGen2x8If128_gtp_cpllpd_ovrd.auto_sva_inst.both_zero_hold_64_post128"	[0.00 s].
0.0.Tri: Trace Attempt  1	[0.00 s]
0.0.Tri:    0.00" ---- Launching main thread ----
0.0.Tri:    0.22" ---- Launching abstraction thread ----
0.0.Tri:    0.26" ---- Launching multi-phase simplification thread ----
0.0.Tri: Trace Attempt  2	[0.34 s]
0.0.Tri: Trace Attempt  3	[0.34 s]
0.0.Tri: Trace Attempt  4	[0.34 s]
0.0.Tri: Trace Attempt  5	[0.34 s]
0.0.Tri:    1.07" Simplification phase 1 complete
0.0.Tri:    1.19" Simplification phase 2 complete
0.0.Tri:    1.84" Simplification phase 3 complete
   1.84" ---- Completed simplification thread ----
0.0.Tri:    1.84" ---- Restarting main thread on simplified netlist ----
0.0.Tri:    2.06" ---- Restarting abstraction thread on simplified netlist ----
0.0.D: Trace Attempt 108	[83.92 s]
0.0.Bm: Trace Attempt 309	[208.95 s]
0.0.Tri: Trace Attempt 250	[5.01 s]
0.0.Tri: Requesting engine job to stop
0.0.D: Requesting engine job to stop
0.0.Ht: Requesting engine job to terminate
0.0.Bm: Requesting engine job to terminate
INFO (IPF144): 0: Initiating shutdown of proof [391.75 s]
0.0.Tri: Trace Attempt 384	[6.04 s]
0.0.Tri: A proof was found: No trace exists. [6.04 s]
INFO (IPF057): 0.0.Tri: The property "PCIeGen2x8If128_gtp_cpllpd_ovrd.auto_sva_inst.both_zero_hold_64_post128" was proven in 6.05 s.
0.0.Ht: Interrupted (multi)
0.0.Ht: Trace Attempt 320	[320.77 s]
0.0.Ht: All properties determined. [391.68 s]
0.0.Ht: Exited with Success (@ 391.76 s)
0: ProofGrid usable level: 0
0.0.D: Stopped processing property "PCIeGen2x8If128_gtp_cpllpd_ovrd.auto_sva_inst.both_zero_hold_64_post128"	[86.24 s].
0.0.D: All properties determined. [86.24 s]
0.0.D: Exited with Success (@ 391.79 s)
0.0.Bm: All properties determined. [210.60 s]
0.0.Tri: Stopped processing property "PCIeGen2x8If128_gtp_cpllpd_ovrd.auto_sva_inst.both_zero_hold_64_post128"	[6.25 s].
0.0.Bm: Exited with Success (@ 391.95 s)
0.0.Tri: All properties determined. [6.25 s]
0.0.Tri: Exited with Success (@ 391.97 s)
0: --------------------------------------------------------------
ProofGrid Summary (utilization 99.98 %)
--------------------------------------------------------------
     engines started                               :    16
     engine jobs started                           :     4

    Average time in state (seconds)
    ------------------------------------------------------
    Engine  Pending     Running        Dead    Utilization
    ------------------------------------------------------
     Ht        0.06      391.68        0.00       99.98 %
     Bm        0.06      391.43        0.00       99.98 %
    Tri        0.07      391.52        0.00       99.98 %
      D        0.07      391.68        0.00       99.98 %
    all        0.07      391.58        0.00       99.98 %

    Total time in state (seconds)
    -----------------------------------------
            Pending     Running        Dead  
    -----------------------------------------
               0.26     1566.30        0.00

    Data read    : 1.73 MiB
    Data written : 260.36 kiB

0: All pending notifications were processed.
INFO (IPF059): Completed proof on task: "<embedded>" for proof thread 0

==============================================================
SUMMARY
==============================================================
           Properties Considered              : 12
                 assertions                   : 10
                  - proven                    : 8 (80%)
                  - bounded_proven (user)     : 0 (0%)
                  - bounded_proven (auto)     : 0 (0%)
                  - marked_proven             : 0 (0%)
                  - cex                       : 2 (20%)
                  - ar_cex                    : 0 (0%)
                  - undetermined              : 0 (0%)
                  - unknown                   : 0 (0%)
                  - error                     : 0 (0%)
                 covers                       : 2
                  - unreachable               : 0 (0%)
                  - bounded_unreachable (user): 0 (0%)
                  - covered                   : 2 (100%)
                  - ar_covered                : 0 (0%)
                  - undetermined              : 0 (0%)
                  - unknown                   : 0 (0%)
                  - error                     : 0 (0%)
[<embedded>] % 
[<embedded>] % # ---- Covers (best effort) ----
[<embedded>] % catch { cover -all }
1
[<embedded>] % 
[<embedded>] % # ---- Collect CEX details ----
[<embedded>] % set CEX_TXT [file join $OUT_DIR "cex_details.txt"]
/home/ab2113/malik25_26/veri_thoughts/dataset/verification_results/version_2/ids/02363/cex_details.txt
[<embedded>] % set cex_props {}
[<embedded>] % catch { set cex_props [get_property_list -include {status cex}] }
0
[<embedded>] % set ar_cex_props {}
[<embedded>] % catch { set ar_cex_props [get_property_list -include {status ar_cex}] }
WARNING (WPM042): No properties matched the specified filters.
0
[<embedded>] % 
[<embedded>] % set fp_cex [open $CEX_TXT "w"]
file43
[<embedded>] % puts $fp_cex "# Counter-example details for DESIGN_ID=$DESIGN_ID"
[<embedded>] % puts $fp_cex "# Format: property_name | cex_type | cex_length"
[<embedded>] % puts $fp_cex ""
[<embedded>] % 
[<embedded>] % foreach prop $cex_props {
  set cex_len ""
  catch { set cex_len [get_property_info -prop $prop cex_length] }
  puts $fp_cex "$prop | cex | $cex_len"
}
[<embedded>] % foreach prop $ar_cex_props {
  set cex_len ""
  catch { set cex_len [get_property_info -prop $prop cex_length] }
  puts $fp_cex "$prop | ar_cex | $cex_len"
}
[<embedded>] % close $fp_cex
[<embedded>] % 
[<embedded>] % set n_cex    [llength $cex_props]
2
[<embedded>] % set n_ar_cex [llength $ar_cex_props]
0
[<embedded>] % puts "INFO: CEX properties: $n_cex cex, $n_ar_cex ar_cex"
INFO: CEX properties: 2 cex, 0 ar_cex
[<embedded>] % puts "INFO: Wrote $CEX_TXT"
INFO: Wrote /home/ab2113/malik25_26/veri_thoughts/dataset/verification_results/version_2/ids/02363/cex_details.txt
[<embedded>] % 
[<embedded>] % # ---- Dump VCD waveforms for CEX properties ----
[<embedded>] % if {$DUMP_VCD && ($n_cex > 0 || $n_ar_cex > 0)} {
  set VCD_DIR [file join $OUT_DIR "cex_vcd"]
  file mkdir $VCD_DIR
  set all_cex_props [concat $cex_props $ar_cex_props]
  set vcd_count 0

  foreach prop $all_cex_props {
    set safe_name [regsub -all {[^A-Za-z0-9_.-]} $prop "_"]
    set vcd_path [file join $VCD_DIR "${safe_name}.vcd"]

    set dumped 0

    # Strip <embedded>:: prefix for prove -property (it needs the short name)
    set short_prop [regsub {^<embedded>::} $prop ""]

    # Force re-prove the property so JasperGold regenerates the trace,
    # then immediately visualize before the trace is discarded.
    if {!$dumped && [catch {
      prove -property $short_prop -force
      visualize -violation $prop
      visualize -save -vcd $vcd_path
      visualize -close
      set dumped 1
      incr vcd_count
      puts "INFO: Dumped VCD for $prop -> $vcd_path"
    } err1]} {
      catch { visualize -close }
      puts "DEBUG: Approach 1 (force re-prove) failed: $err1"
    }

    # Approach 2: visualize -violation with -new_trace to force trace gen
    if {!$dumped && [catch {
      visualize -violation $prop -new_trace
      visualize -save -vcd $vcd_path
      visualize -close
      set dumped 1
      incr vcd_count
      puts "INFO: Dumped VCD for $prop -> $vcd_path"
    } err2]} {
      catch { visualize -close }
      puts "DEBUG: Approach 2 (-new_trace) failed: $err2"
    }

    # Approach 3: prove with -force and auto engine mode
    if {!$dumped && [catch {
      set_engine_mode {auto}
      prove -property $short_prop -force
      visualize -violation $prop
      visualize -save -vcd $vcd_path
      visualize -close
      set dumped 1
      incr vcd_count
      puts "INFO: Dumped VCD for $prop -> $vcd_path"
    } err3]} {
      catch { visualize -close }
      puts "DEBUG: Approach 3 (auto engine) failed: $err3"
    }

    if {!$dumped} {
      puts "WARN: Could not dump VCD for $prop (all approaches failed)"
    }
  }
  puts "INFO: Dumped $vcd_count VCD files to $VCD_DIR"
} elseif {$DUMP_VCD} {
  puts "INFO: No CEX properties to dump VCD for"
}
INFO (IPF036): Starting proof on task: "<embedded>", 1 properties to prove with 0 already proven/unreachable
INFO (IPF031): Settings used for proof thread 1:
    orchestration                 = on (auto)
    time_limit                    = 3600s
    per_property_time_limit       = 1s * 10 ^ scan
    engine_mode                   = auto
    proofgrid_per_engine_max_jobs = 1
    max engine jobs               = auto
    proofgrid_mode                = local
    proofgrid_restarts            = 10
1: Using multistage preprocessing
1: Starting reduce
1: Finished reduce in 0s
1.0.PRE: Performing Proof Simplification...
1.0.N: clocks: 2, declared: 1, disabling: 0, posedge: 2, negedge: 0, noedge: 0, bothedge: 0
1.0.N: Proof Simplification Iteration 1	[0.00 s]
1.0.PRE: A proof was found: No trace exists. [0.00 s]
INFO (IPF057): 1.0.PRE: The property ":noDeadEnd" was proven in 0.00 s.
    Use check_assumptions -show -dead_end to show this property in the property table.
1.0.PRE: Proof Simplification completed in 0.00 s
1: About to start ProofGrid in its own thread with a limit of 10000 pending notifications and a limit of 10 traces.
1: =============================== ProofGrid start ===============================
1: ProofGrid usable level: 1
1: ProofGrid is starting event handling
1.0.Hp: Proofgrid shell started at 2196893@della-h14n3(local) jg_2194860_della-h14n3_2
1.0.N: Proofgrid shell started at 2196892@della-h14n3(local) jg_2194860_della-h14n3_2
1.0.Hp: OS RSS memory limit : 68719476736 / 68719476736
1.0.N: OS RSS memory limit : 68719476736 / 68719476736
1.0.Hp: clocks: 1, declared: 1, disabling: 0, posedge: 1, negedge: 0, noedge: 0, bothedge: 0
1.0.N: clocks: 1, declared: 1, disabling: 0, posedge: 1, negedge: 0, noedge: 0, bothedge: 0
1.0.N: Last scan. Per property time limit: 0s
1.0.N: Starting proof for property "PCIeGen2x8If128_gtp_cpllpd_ovrd.auto_sva_inst.cpllpd_ones_run_capped_96"	[0.00 s].
1.0.N: Trace Attempt  1	[0.00 s]
1.0.N: Trace Attempt  2	[0.00 s]
1.0.Hp: Trace Attempt  1	[0.00 s]
1.0.Hp: Trace Attempt  2	[0.00 s]
1.0.N: Trace Attempt  2	[0.00 s]
1.0.N: Trace Attempt  3	[0.00 s]
1.0.N: Trace Attempt  4	[0.00 s]
1.0.N: Trace Attempt  4	[0.00 s]
1.0.N: Trace Attempt  5	[0.00 s]
1.0.B: Proofgrid shell started at 2196907@della-h14n3(local) jg_2194860_della-h14n3_2
1.0.B: OS RSS memory limit : 68719476736 / 68719476736
1.0.B: clocks: 1, declared: 1, disabling: 0, posedge: 1, negedge: 0, noedge: 0, bothedge: 0
1.0.B: Last scan. Per property time limit: 0s
1.0.B: Starting proof for property "PCIeGen2x8If128_gtp_cpllpd_ovrd.auto_sva_inst.cpllpd_ones_run_capped_96"	[0.00 s].
1.0.B: Trace Attempt  1	[0.00 s]
1.0.Ht: Proofgrid shell started at 2196906@della-h14n3(local) jg_2194860_della-h14n3_2
1.0.B: Trace Attempt  2	[0.00 s]
1.0.Ht: OS RSS memory limit : 68719476736 / 68719476736
1.0.B: Trace Attempt  3	[0.00 s]
1.0.B: Trace Attempt  4	[0.00 s]
1.0.Ht: clocks: 1, declared: 1, disabling: 0, posedge: 1, negedge: 0, noedge: 0, bothedge: 0
1.0.B: Trace Attempt  5	[0.00 s]
1.0.Ht: Trace Attempt  1	[0.00 s]
1.0.Ht: Trace Attempt  2	[0.00 s]
1.0.Ht: Trace Attempt  3	[0.00 s]
1.0.Ht: Trace Attempt  4	[0.00 s]
1.0.Ht: Trace Attempt  5	[0.00 s]
1.0.N: Requesting engine job to stop
1.0.B: Requesting engine job to stop
1.0.Hp: Requesting engine job to terminate
1.0.Ht: Requesting engine job to terminate
INFO (IPF144): 1: Initiating shutdown of proof [0.57 s]
1.0.Ht: Trace Attempt 191	[0.50 s]
1.0.Ht: A trace with 191 cycles was found. [0.50 s]
INFO (IPF055): 1.0.Ht: A counterexample (cex) with 191 cycles was found for the property "PCIeGen2x8If128_gtp_cpllpd_ovrd.auto_sva_inst.cpllpd_ones_run_capped_96" in 0.50 s.
1.0.Ht: All properties determined. [0.50 s]
1.0.N: Stopped processing property "PCIeGen2x8If128_gtp_cpllpd_ovrd.auto_sva_inst.cpllpd_ones_run_capped_96"	[0.57 s].
1.0.N: Trace Attempt 56	[0.55 s]
1.0.N: All properties determined. [0.57 s]
1.0.Hp: Interrupted (multi)
1.0.Ht: Exited with Success (@ 0.58 s)
1: ProofGrid usable level: 0
1.0.N: Exited with Success (@ 0.58 s)
1.0.Hp: All properties determined. [0.58 s]
1.0.Hp: Exited with Success (@ 0.58 s)
1.0.B: Stopped processing property "PCIeGen2x8If128_gtp_cpllpd_ovrd.auto_sva_inst.cpllpd_ones_run_capped_96"	[0.51 s].
1.0.B: Trace Attempt 190	[0.50 s]
1.0.B: All properties determined. [0.51 s]
1.0.B: Exited with Success (@ 0.58 s)
1: --------------------------------------------------------------
ProofGrid Summary (utilization 89.00 %)
--------------------------------------------------------------
     engines started                               :     4
     engine jobs started                           :     4

    Average time in state (seconds)
    ------------------------------------------------------
    Engine  Pending     Running        Dead    Utilization
    ------------------------------------------------------
      N        0.07        0.57        0.00       89.53 %
     Hp        0.06        0.57        0.00       89.84 %
     Ht        0.07        0.50        0.00       87.99 %
      B        0.07        0.51        0.00       88.49 %
    all        0.07        0.54        0.00       89.00 %

    Total time in state (seconds)
    -----------------------------------------
            Pending     Running        Dead  
    -----------------------------------------
               0.27        2.16        0.00

    Data read    : 50.90 kiB
    Data written : 8.71 kiB

1: All pending notifications were processed.
INFO (IPF059): Completed proof on task: "<embedded>" for proof thread 1
INFO (IVS015): Setting Visualize task to "<embedded>".
INFO (IVS008): Expanding analysis region to enable visualization of "<embedded>::PCIeGen2x8If128_gtp_cpllpd_ovrd.auto_sva_inst.cpllpd_ones_run_capped_96".
INFO (IPF031): Settings used for proof thread 2:
    orchestration                 = off (auto)
    time_limit                    = 3600s
    per_property_time_limit       = 1s * 10 ^ scan
    engine_mode                   = Hp Ht N B 
    proofgrid_per_engine_max_jobs = 1
    max engine jobs               = Hp Ht N B, total 2
    proofgrid_mode                = local
    proofgrid_restarts            = 10
ERROR (EVS053): No trace satisfying these configurations exists for any max_length.
WARNING (WVS028): Saved trace only contains values for the target's COI.
    Use "set_trace_optimization standard" before running Visualize to save values for the full design.
DEBUG: Approach 1 (force re-prove) failed: ERROR (EVS125): No Visualize trace is available for "visualize -save -vcd".

DEBUG: Approach 2 (-new_trace) failed: ERROR (ESW104): Invalid command formation.
    Problem occurs with "-violation -new_trace".

INFO (IPF036): Starting proof on task: "<embedded>", 1 properties to prove with 0 already proven/unreachable
INFO (IPF031): Settings used for proof thread 3:
    orchestration                 = on (auto)
    time_limit                    = 3600s
    per_property_time_limit       = 1s * 10 ^ scan
    engine_mode                   = auto
    proofgrid_per_engine_max_jobs = 1
    max engine jobs               = auto
    proofgrid_mode                = local
    proofgrid_restarts            = 10
3: Using multistage preprocessing
3: Starting reduce
3: Finished reduce in 0s
3.0.PRE: Performing Proof Simplification...
3.0.N: clocks: 2, declared: 1, disabling: 0, posedge: 2, negedge: 0, noedge: 0, bothedge: 0
3.0.N: Proof Simplification Iteration 1	[0.00 s]
3.0.PRE: A proof was found: No trace exists. [0.00 s]
INFO (IPF057): 3.0.PRE: The property ":noDeadEnd" was proven in 0.00 s.
    Use check_assumptions -show -dead_end to show this property in the property table.
3.0.PRE: Proof Simplification completed in 0.00 s
3: About to start ProofGrid in its own thread with a limit of 10000 pending notifications and a limit of 10 traces.
3: =============================== ProofGrid start ===============================
3: ProofGrid usable level: 1
3: ProofGrid is starting event handling
3.0.Hp: Proofgrid shell started at 2196931@della-h14n3(local) jg_2194860_della-h14n3_4
3.0.N: Proofgrid shell started at 2196930@della-h14n3(local) jg_2194860_della-h14n3_4
3.0.Hp: OS RSS memory limit : 68719476736 / 68719476736
3.0.N: OS RSS memory limit : 68719476736 / 68719476736
3.0.Hp: clocks: 1, declared: 1, disabling: 0, posedge: 1, negedge: 0, noedge: 0, bothedge: 0
3.0.N: clocks: 1, declared: 1, disabling: 0, posedge: 1, negedge: 0, noedge: 0, bothedge: 0
3.0.N: Last scan. Per property time limit: 0s
3.0.N: Starting proof for property "PCIeGen2x8If128_gtp_cpllpd_ovrd.auto_sva_inst.cpllpd_ones_run_capped_96"	[0.00 s].
3.0.N: Trace Attempt  1	[0.00 s]
3.0.Hp: Trace Attempt  1	[0.00 s]
3.0.Hp: Trace Attempt  2	[0.00 s]
3.0.N: Trace Attempt  2	[0.00 s]
3.0.N: Trace Attempt  2	[0.00 s]
3.0.N: Trace Attempt  3	[0.00 s]
3.0.Hp: Trace Attempt  3	[0.00 s]
3.0.N: Trace Attempt  4	[0.00 s]
3.0.N: Trace Attempt  4	[0.00 s]
3.0.N: Trace Attempt  5	[0.00 s]
3.0.Ht: Proofgrid shell started at 2196944@della-h14n3(local) jg_2194860_della-h14n3_4
3.0.Ht: OS RSS memory limit : 68719476736 / 68719476736
3.0.B: Proofgrid shell started at 2196945@della-h14n3(local) jg_2194860_della-h14n3_4
3.0.Ht: clocks: 1, declared: 1, disabling: 0, posedge: 1, negedge: 0, noedge: 0, bothedge: 0
3.0.B: OS RSS memory limit : 68719476736 / 68719476736
3.0.Ht: Trace Attempt  1	[0.00 s]
3.0.Ht: Trace Attempt  2	[0.00 s]
3.0.Ht: Trace Attempt  3	[0.00 s]
3.0.B: clocks: 1, declared: 1, disabling: 0, posedge: 1, negedge: 0, noedge: 0, bothedge: 0
3.0.Ht: Trace Attempt  4	[0.00 s]
3.0.Ht: Trace Attempt  5	[0.00 s]
3.0.B: Last scan. Per property time limit: 0s
3.0.B: Starting proof for property "PCIeGen2x8If128_gtp_cpllpd_ovrd.auto_sva_inst.cpllpd_ones_run_capped_96"	[0.00 s].
3.0.B: Trace Attempt  1	[0.00 s]
3.0.B: Trace Attempt  2	[0.00 s]
3.0.B: Trace Attempt  3	[0.00 s]
3.0.B: Trace Attempt  4	[0.00 s]
3.0.B: Trace Attempt  5	[0.00 s]
3.0.N: Requesting engine job to stop
3.0.B: Requesting engine job to stop
3.0.Hp: Requesting engine job to terminate
3.0.Ht: Requesting engine job to terminate
INFO (IPF144): 3: Initiating shutdown of proof [0.58 s]
3.0.B: Trace Attempt 191	[0.49 s]
3.0.B: A trace with 191 cycles was found. [0.51 s]
INFO (IPF055): 3.0.B: A counterexample (cex) with 191 cycles was found for the property "PCIeGen2x8If128_gtp_cpllpd_ovrd.auto_sva_inst.cpllpd_ones_run_capped_96" in 0.51 s.
3.0.B: Stopped processing property "PCIeGen2x8If128_gtp_cpllpd_ovrd.auto_sva_inst.cpllpd_ones_run_capped_96"	[0.51 s].
3.0.B: All properties determined. [0.51 s]
3.0.Ht: Interrupted (multi)
3.0.Ht: Trace Attempt 187	[0.46 s]
3.0.Ht: All properties determined. [0.51 s]
3.0.N: Stopped processing property "PCIeGen2x8If128_gtp_cpllpd_ovrd.auto_sva_inst.cpllpd_ones_run_capped_96"	[0.58 s].
3.0.N: Trace Attempt 56	[0.56 s]
3.0.N: All properties determined. [0.58 s]
3.0.B: Exited with Success (@ 0.58 s)
3: ProofGrid usable level: 0
3.0.N: Exited with Success (@ 0.58 s)
3.0.Hp: Interrupted (multi)
3.0.Ht: Exited with Success (@ 0.58 s)
3.0.Hp: All properties determined. [0.58 s]
3.0.Hp: Exited with Success (@ 0.58 s)
3: --------------------------------------------------------------
ProofGrid Summary (utilization 89.27 %)
--------------------------------------------------------------
     engines started                               :     4
     engine jobs started                           :     4

    Average time in state (seconds)
    ------------------------------------------------------
    Engine  Pending     Running        Dead    Utilization
    ------------------------------------------------------
      N        0.07        0.58        0.00       89.83 %
     Hp        0.06        0.58        0.00       90.03 %
     Ht        0.07        0.51        0.00       88.49 %
      B        0.07        0.51        0.00       88.56 %
    all        0.07        0.54        0.00       89.27 %

    Total time in state (seconds)
    -----------------------------------------
            Pending     Running        Dead  
    -----------------------------------------
               0.26        2.17        0.00

    Data read    : 59.63 kiB
    Data written : 8.72 kiB

3: All pending notifications were processed.
INFO (IPF059): Completed proof on task: "<embedded>" for proof thread 3
INFO (IVS015): Setting Visualize task to "<embedded>".
INFO (IVS008): Expanding analysis region to enable visualization of "<embedded>::PCIeGen2x8If128_gtp_cpllpd_ovrd.auto_sva_inst.cpllpd_ones_run_capped_96".
INFO (IPF031): Settings used for proof thread 4:
    orchestration                 = off (auto)
    time_limit                    = 3600s
    per_property_time_limit       = 1s * 10 ^ scan
    engine_mode                   = Ht Hp B N 
    proofgrid_per_engine_max_jobs = 1
    max engine jobs               = Ht Hp B N, total 2
    proofgrid_mode                = local
    proofgrid_restarts            = 10
ERROR (EVS053): No trace satisfying these configurations exists for any max_length.
WARNING (WVS028): Saved trace only contains values for the target's COI.
    Use "set_trace_optimization standard" before running Visualize to save values for the full design.
DEBUG: Approach 3 (auto engine) failed: ERROR (EVS125): No Visualize trace is available for "visualize -save -vcd".

WARN: Could not dump VCD for <embedded>::PCIeGen2x8If128_gtp_cpllpd_ovrd.auto_sva_inst.cpllpd_ones_run_capped_96 (all approaches failed)
INFO (IPF036): Starting proof on task: "<embedded>", 1 properties to prove with 0 already proven/unreachable
INFO (IPF031): Settings used for proof thread 5:
    orchestration                 = on (auto)
    time_limit                    = 3600s
    per_property_time_limit       = 1s * 10 ^ scan
    engine_mode                   = auto
    proofgrid_per_engine_max_jobs = 1
    max engine jobs               = auto
    proofgrid_mode                = local
    proofgrid_restarts            = 10
5: Using multistage preprocessing
5: Starting reduce
5: Finished reduce in 0.001s
5.0.PRE: Performing Proof Simplification...
5.0.N: clocks: 2, declared: 1, disabling: 0, posedge: 2, negedge: 0, noedge: 0, bothedge: 0
5.0.N: Proof Simplification Iteration 1	[0.00 s]
5.0.PRE: A proof was found: No trace exists. [0.00 s]
INFO (IPF057): 5.0.PRE: The property ":noDeadEnd" was proven in 0.00 s.
    Use check_assumptions -show -dead_end to show this property in the property table.
5.0.PRE: Proof Simplification completed in 0.00 s
5: About to start ProofGrid in its own thread with a limit of 10000 pending notifications and a limit of 10 traces.
5: =============================== ProofGrid start ===============================
5: ProofGrid usable level: 1
5: ProofGrid is starting event handling
5.0.Hp: Proofgrid shell started at 2196969@della-h14n3(local) jg_2194860_della-h14n3_6
5.0.N: Proofgrid shell started at 2196968@della-h14n3(local) jg_2194860_della-h14n3_6
5.0.Hp: OS RSS memory limit : 68719476736 / 68719476736
5.0.N: OS RSS memory limit : 68719476736 / 68719476736
5.0.Hp: clocks: 1, declared: 1, disabling: 0, posedge: 1, negedge: 0, noedge: 0, bothedge: 0
5.0.N: clocks: 1, declared: 1, disabling: 0, posedge: 1, negedge: 0, noedge: 0, bothedge: 0
5.0.N: Last scan. Per property time limit: 0s
5.0.N: Starting proof for property "PCIeGen2x8If128_gtp_cpllpd_ovrd.auto_sva_inst.cpllreset_ones_run_capped_128"	[0.00 s].
5.0.N: Trace Attempt  1	[0.00 s]
5.0.N: Trace Attempt  2	[0.00 s]
5.0.N: Trace Attempt  2	[0.00 s]
5.0.N: Trace Attempt  3	[0.00 s]
5.0.N: Trace Attempt  4	[0.00 s]
5.0.N: Trace Attempt  4	[0.00 s]
5.0.N: Trace Attempt  5	[0.00 s]
5.0.Ht: Proofgrid shell started at 2196982@della-h14n3(local) jg_2194860_della-h14n3_6
5.0.Ht: OS RSS memory limit : 68719476736 / 68719476736
5.0.Ht: clocks: 1, declared: 1, disabling: 0, posedge: 1, negedge: 0, noedge: 0, bothedge: 0
5.0.B: Proofgrid shell started at 2196983@della-h14n3(local) jg_2194860_della-h14n3_6
5.0.B: OS RSS memory limit : 68719476736 / 68719476736
5.0.B: clocks: 1, declared: 1, disabling: 0, posedge: 1, negedge: 0, noedge: 0, bothedge: 0
5.0.B: Last scan. Per property time limit: 0s
5.0.B: Starting proof for property "PCIeGen2x8If128_gtp_cpllpd_ovrd.auto_sva_inst.cpllreset_ones_run_capped_128"	[0.00 s].
5.0.Ht: Trace Attempt  1	[0.00 s]
5.0.B: Trace Attempt  1	[0.00 s]
5.0.Ht: Trace Attempt  2	[0.00 s]
5.0.Ht: Trace Attempt  3	[0.00 s]
5.0.Ht: Trace Attempt  4	[0.00 s]
5.0.Ht: Trace Attempt  5	[0.00 s]
5.0.B: Trace Attempt  2	[0.00 s]
5.0.B: Trace Attempt  3	[0.00 s]
5.0.B: Trace Attempt  4	[0.00 s]
5.0.B: Trace Attempt  5	[0.00 s]
5.0.N: Requesting engine job to stop
5.0.B: Requesting engine job to stop
5.0.Hp: Requesting engine job to terminate
5.0.Ht: Requesting engine job to terminate
INFO (IPF144): 5: Initiating shutdown of proof [1.25 s]
5.0.B: Trace Attempt 255	[1.16 s]
5.0.B: A trace with 255 cycles was found. [1.18 s]
INFO (IPF055): 5.0.B: A counterexample (cex) with 255 cycles was found for the property "PCIeGen2x8If128_gtp_cpllpd_ovrd.auto_sva_inst.cpllreset_ones_run_capped_128" in 1.19 s.
5.0.B: Stopped processing property "PCIeGen2x8If128_gtp_cpllpd_ovrd.auto_sva_inst.cpllreset_ones_run_capped_128"	[1.19 s].
5.0.B: All properties determined. [1.18 s]
5.0.N: Stopped processing property "PCIeGen2x8If128_gtp_cpllpd_ovrd.auto_sva_inst.cpllreset_ones_run_capped_128"	[1.25 s].
5.0.N: Trace Attempt 67	[1.22 s]
5.0.N: All properties determined. [1.25 s]
5.0.Hp: Interrupted (multi)
5.0.B: Exited with Success (@ 1.26 s)
5: ProofGrid usable level: 0
5.0.N: Exited with Success (@ 1.26 s)
5.0.Hp: All properties determined. [1.26 s]
5.0.Ht: Interrupted (multi)
5.0.Ht: Trace Attempt 242	[0.96 s]
5.0.Ht: All properties determined. [1.28 s]
5.0.Hp: Exited with Success (@ 1.34 s)
5.0.Ht: Exited with Success (@ 1.35 s)
5: --------------------------------------------------------------
ProofGrid Summary (utilization 94.92 %)
--------------------------------------------------------------
     engines started                               :     4
     engine jobs started                           :     4

    Average time in state (seconds)
    ------------------------------------------------------
    Engine  Pending     Running        Dead    Utilization
    ------------------------------------------------------
      N        0.07        1.25        0.00       94.98 %
     Hp        0.06        1.25        0.00       95.14 %
     Ht        0.06        1.19        0.00       94.81 %
      B        0.07        1.19        0.00       94.72 %
    all        0.07        1.22        0.00       94.92 %

    Total time in state (seconds)
    -----------------------------------------
            Pending     Running        Dead  
    -----------------------------------------
               0.26        4.87        0.00

    Data read    : 94.96 kiB
    Data written : 11.09 kiB

5: All pending notifications were processed.
INFO (IPF059): Completed proof on task: "<embedded>" for proof thread 5
INFO (IVS015): Setting Visualize task to "<embedded>".
INFO (IVS008): Expanding analysis region to enable visualization of "<embedded>::PCIeGen2x8If128_gtp_cpllpd_ovrd.auto_sva_inst.cpllreset_ones_run_capped_128".
INFO (IPF031): Settings used for proof thread 6:
    orchestration                 = off (auto)
    time_limit                    = 3600s
    per_property_time_limit       = 1s * 10 ^ scan
    engine_mode                   = Ht Hp B N 
    proofgrid_per_engine_max_jobs = 1
    max engine jobs               = Ht Hp B N, total 2
    proofgrid_mode                = local
    proofgrid_restarts            = 10
ERROR (EVS053): No trace satisfying these configurations exists for any max_length.
WARNING (WVS028): Saved trace only contains values for the target's COI.
    Use "set_trace_optimization standard" before running Visualize to save values for the full design.
DEBUG: Approach 1 (force re-prove) failed: ERROR (EVS125): No Visualize trace is available for "visualize -save -vcd".

DEBUG: Approach 2 (-new_trace) failed: ERROR (ESW104): Invalid command formation.
    Problem occurs with "-violation -new_trace".

INFO (IPF036): Starting proof on task: "<embedded>", 1 properties to prove with 0 already proven/unreachable
INFO (IPF031): Settings used for proof thread 7:
    orchestration                 = on (auto)
    time_limit                    = 3600s
    per_property_time_limit       = 1s * 10 ^ scan
    engine_mode                   = auto
    proofgrid_per_engine_max_jobs = 1
    max engine jobs               = auto
    proofgrid_mode                = local
    proofgrid_restarts            = 10
7: Using multistage preprocessing
7: Starting reduce
7: Finished reduce in 0.001s
7.0.PRE: Performing Proof Simplification...
7.0.N: clocks: 2, declared: 1, disabling: 0, posedge: 2, negedge: 0, noedge: 0, bothedge: 0
7.0.N: Proof Simplification Iteration 1	[0.00 s]
7.0.PRE: A proof was found: No trace exists. [0.00 s]
INFO (IPF057): 7.0.PRE: The property ":noDeadEnd" was proven in 0.00 s.
    Use check_assumptions -show -dead_end to show this property in the property table.
7.0.PRE: Proof Simplification completed in 0.00 s
7: About to start ProofGrid in its own thread with a limit of 10000 pending notifications and a limit of 10 traces.
7: =============================== ProofGrid start ===============================
7: ProofGrid usable level: 1
7: ProofGrid is starting event handling
7.0.N: Proofgrid shell started at 2197006@della-h14n3(local) jg_2194860_della-h14n3_8
7.0.Hp: Proofgrid shell started at 2197007@della-h14n3(local) jg_2194860_della-h14n3_8
7.0.N: OS RSS memory limit : 68719476736 / 68719476736
7.0.Hp: OS RSS memory limit : 68719476736 / 68719476736
7.0.N: clocks: 1, declared: 1, disabling: 0, posedge: 1, negedge: 0, noedge: 0, bothedge: 0
7.0.N: Last scan. Per property time limit: 0s
7.0.N: Starting proof for property "PCIeGen2x8If128_gtp_cpllpd_ovrd.auto_sva_inst.cpllreset_ones_run_capped_128"	[0.00 s].
7.0.N: Trace Attempt  1	[0.00 s]
7.0.N: Trace Attempt  2	[0.00 s]
7.0.N: Trace Attempt  2	[0.00 s]
7.0.N: Trace Attempt  3	[0.00 s]
7.0.N: Trace Attempt  4	[0.00 s]
7.0.Hp: clocks: 1, declared: 1, disabling: 0, posedge: 1, negedge: 0, noedge: 0, bothedge: 0
7.0.N: Trace Attempt  4	[0.00 s]
7.0.N: Trace Attempt  5	[0.00 s]
7.0.Ht: Proofgrid shell started at 2197020@della-h14n3(local) jg_2194860_della-h14n3_8
7.0.Ht: OS RSS memory limit : 68719476736 / 68719476736
7.0.Ht: clocks: 1, declared: 1, disabling: 0, posedge: 1, negedge: 0, noedge: 0, bothedge: 0
7.0.Ht: Trace Attempt  1	[0.00 s]
7.0.Ht: Trace Attempt  2	[0.00 s]
7.0.Ht: Trace Attempt  3	[0.00 s]
7.0.Ht: Trace Attempt  4	[0.00 s]
7.0.Ht: Trace Attempt  5	[0.00 s]
7.0.B: Proofgrid shell started at 2197021@della-h14n3(local) jg_2194860_della-h14n3_8
7.0.B: OS RSS memory limit : 68719476736 / 68719476736
7.0.B: clocks: 1, declared: 1, disabling: 0, posedge: 1, negedge: 0, noedge: 0, bothedge: 0
7.0.B: Last scan. Per property time limit: 0s
7.0.B: Starting proof for property "PCIeGen2x8If128_gtp_cpllpd_ovrd.auto_sva_inst.cpllreset_ones_run_capped_128"	[0.00 s].
7.0.B: Trace Attempt  1	[0.00 s]
7.0.B: Trace Attempt  2	[0.00 s]
7.0.B: Trace Attempt  3	[0.00 s]
7.0.B: Trace Attempt  4	[0.00 s]
7.0.B: Trace Attempt  5	[0.00 s]
7.0.N: Requesting engine job to stop
7.0.B: Requesting engine job to stop
7.0.Hp: Requesting engine job to terminate
7.0.Ht: Requesting engine job to terminate
INFO (IPF144): 7: Initiating shutdown of proof [1.30 s]
7.0.B: Trace Attempt 255	[1.20 s]
7.0.B: A trace with 255 cycles was found. [1.23 s]
INFO (IPF055): 7.0.B: A counterexample (cex) with 255 cycles was found for the property "PCIeGen2x8If128_gtp_cpllpd_ovrd.auto_sva_inst.cpllreset_ones_run_capped_128" in 1.23 s.
7.0.B: Stopped processing property "PCIeGen2x8If128_gtp_cpllpd_ovrd.auto_sva_inst.cpllreset_ones_run_capped_128"	[1.23 s].
7.0.B: All properties determined. [1.23 s]
7.0.Hp: Interrupted (multi)
7.0.Hp: All properties determined. [1.30 s]
7.0.B: Exited with Success (@ 1.30 s)
7: ProofGrid usable level: 0
7.0.N: Stopped processing property "PCIeGen2x8If128_gtp_cpllpd_ovrd.auto_sva_inst.cpllreset_ones_run_capped_128"	[1.30 s].
7.0.N: Trace Attempt 68	[1.28 s]
7.0.N: All properties determined. [1.30 s]
7.0.Ht: Interrupted (multi)
7.0.N: Exited with Success (@ 1.33 s)
7.0.Hp: Exited with Success (@ 1.33 s)
7.0.Ht: Trace Attempt 240	[0.95 s]
7.0.Ht: All properties determined. [1.26 s]
7.0.Ht: Exited with Success (@ 1.33 s)
7: --------------------------------------------------------------
ProofGrid Summary (utilization 95.16 %)
--------------------------------------------------------------
     engines started                               :     4
     engine jobs started                           :     4

    Average time in state (seconds)
    ------------------------------------------------------
    Engine  Pending     Running        Dead    Utilization
    ------------------------------------------------------
      N        0.06        1.30        0.00       95.27 %
     Hp        0.06        1.30        0.00       95.33 %
     Ht        0.06        1.23        0.00       95.10 %
      B        0.07        1.23        0.00       94.94 %
    all        0.06        1.27        0.00       95.16 %

    Total time in state (seconds)
    -----------------------------------------
            Pending     Running        Dead  
    -----------------------------------------
               0.26        5.06        0.00

    Data read    : 95.14 kiB
    Data written : 11.11 kiB

7: All pending notifications were processed.
INFO (IPF059): Completed proof on task: "<embedded>" for proof thread 7
INFO (IVS015): Setting Visualize task to "<embedded>".
INFO (IVS008): Expanding analysis region to enable visualization of "<embedded>::PCIeGen2x8If128_gtp_cpllpd_ovrd.auto_sva_inst.cpllreset_ones_run_capped_128".
INFO (IPF031): Settings used for proof thread 8:
    orchestration                 = off (auto)
    time_limit                    = 3600s
    per_property_time_limit       = 1s * 10 ^ scan
    engine_mode                   = Ht Hp B N 
    proofgrid_per_engine_max_jobs = 1
    max engine jobs               = Ht Hp B N, total 2
    proofgrid_mode                = local
    proofgrid_restarts            = 10
ERROR (EVS053): No trace satisfying these configurations exists for any max_length.
WARNING (WVS028): Saved trace only contains values for the target's COI.
    Use "set_trace_optimization standard" before running Visualize to save values for the full design.
DEBUG: Approach 3 (auto engine) failed: ERROR (EVS125): No Visualize trace is available for "visualize -save -vcd".

WARN: Could not dump VCD for <embedded>::PCIeGen2x8If128_gtp_cpllpd_ovrd.auto_sva_inst.cpllreset_ones_run_capped_128 (all approaches failed)
INFO: Dumped 0 VCD files to /home/ab2113/malik25_26/veri_thoughts/dataset/verification_results/version_2/ids/02363/cex_vcd
[<embedded>] % 
[<embedded>] % # ---- Write summary ----
[<embedded>] % set fp [open $SUMMARY_TXT "w"]
file43
[<embedded>] % puts $fp "DESIGN_ID=$DESIGN_ID"
[<embedded>] % puts $fp "TOP=$TOP"
[<embedded>] % puts $fp "AUTO_BIND=$AUTO_BIND"
[<embedded>] % puts $fp "ASSERT_COUNT=[llength $ASSERTS]"
[<embedded>] % puts $fp "COVER_COUNT=[llength $COVERS]"
[<embedded>] % puts $fp "CEX_COUNT=$n_cex"
[<embedded>] % puts $fp "AR_CEX_COUNT=$n_ar_cex"
[<embedded>] % puts $fp "PROP_LIST=$PROP_LIST_TXT"
[<embedded>] % puts $fp "CEX_DETAILS=$CEX_TXT"
[<embedded>] % close $fp
[<embedded>] % 
[<embedded>] % puts "\n✅ DONE: Proof run completed (check Jasper property table / log for PROVED/FAILED)"

✅ DONE: Proof run completed (check Jasper property table / log for PROVED/FAILED)
[<embedded>] % puts "INFO: Wrote $SUMMARY_TXT"
INFO: Wrote /home/ab2113/malik25_26/veri_thoughts/dataset/verification_results/version_2/ids/02363/summary.txt
[<embedded>] % puts "INFO: Wrote $PROP_LIST_TXT"
INFO: Wrote /home/ab2113/malik25_26/veri_thoughts/dataset/verification_results/version_2/ids/02363/property_list.txt
[<embedded>] % exit 0
[<embedded>] % INFO (IPL005): Received request to exit from the console.
INFO (IPL014): Waiting for the Tcl-thread to exit.
INFO: Waiting for proof threads to stop...
INFO: Proof threads stopped.
INFO (IPL018): The peak resident set memory use for this session was 1.350 GB.
INFO (IPL015): The Tcl-thread exited with status 0.
INFO (IPL016): Exiting the analysis session with status 0.
