id,module_name,module_loc,module_total_lines,module_bytes,sva_loc,sva_total_lines,sva_bytes,sva_asserts,sva_covers,sva_assumes,sva_total_props,has_bind
00574,comparator,17,20,279,31,48,1482,8,0,0,8,False
00575,adder_N4_14,50,57,1683,40,59,2286,10,0,0,10,False
00576,sky130_fd_sc_hd__lpflow_isobufsrc,14,21,319,43,66,2326,12,0,0,12,False
00577,sky130_fd_sc_hd__fa,31,38,856,49,68,2221,10,0,0,10,False
00578,combinational_circuit,18,21,299,38,61,2365,10,0,0,10,False
00579,sky130_fd_sc_ms__nor4bb,18,25,360,48,69,2839,10,0,0,10,False
00580,binary_subtractor_32bit,22,30,365,37,59,1917,10,0,0,10,False
00581,pwm_out,46,54,1259,82,116,5779,22,0,0,22,False
00582,addsub,14,16,244,38,60,1964,10,0,0,10,False
00583,modulo_operator,13,16,229,34,54,1895,9,0,0,9,False
00584,binary_counter,25,27,613,60,82,3278,11,0,0,11,False
00585,mux_2to1,17,21,290,43,64,2439,11,0,0,11,False
00586,adder16,37,56,1217,34,49,1767,8,0,0,8,False
00587,synchronizer_ff,19,23,313,31,42,1935,8,0,0,8,False
00588,sky130_fd_sc_hvl__nand3,18,26,325,35,52,1765,9,0,0,9,False
00589,dff_async_reset,14,16,216,31,42,1548,6,0,0,6,False
00590,multiplier,14,19,263,43,62,2353,10,0,0,10,False
00591,crossbar36,32,40,1245,88,110,4263,12,0,0,12,False
00592,mux4,11,13,266,94,120,5832,12,0,0,12,False
00593,nand2,13,21,300,40,61,2214,11,0,0,11,False
00594,top_,53,66,1050,35,55,2039,9,0,0,9,False
00595,logic_gate,9,11,137,30,45,1306,7,0,0,7,False
00596,inverter,14,18,263,29,48,1746,7,0,0,7,False
00597,sky130_fd_sc_ms__a311oi,67,78,1038,43,63,2043,10,0,0,10,False
00598,comb_circuit,12,14,193,36,58,2325,10,0,0,10,False
00599,ripple_carry_adder,31,48,917,49,72,2837,10,0,0,10,False
00600,test_in,42,48,980,62,86,3677,13,0,0,13,False
00601,synchronous_counter,14,16,246,40,63,2432,11,0,0,11,False
00602,synchronizer,23,31,517,31,48,1797,7,0,0,7,False
00603,rc5 #,81,99,2210,99,138,6174,22,0,0,22,False
00604,bitwise_operators #,14,18,361,30,43,1472,6,0,0,6,False
00605,der_misc,32,43,970,68,97,3449,15,0,0,15,False
00606,top_,14,20,211,50,62,2046,6,0,0,6,False
00607,BufferCC,12,16,282,26,40,1473,6,0,0,6,False
00608,clock_module,10,12,295,29,42,1110,7,0,0,7,False
00609,top_,29,36,599,32,48,1674,8,0,0,8,False
00610,counter,13,15,215,28,41,1417,6,0,0,6,False
00611,counter,14,16,274,18,28,1060,4,0,0,4,False
00612,sky130_fd_sc_hdll__and3b,20,28,398,35,52,1449,9,0,0,9,False
00613,d_ffsr,15,18,283,45,67,2579,10,0,0,10,False
00614,three_to_one,21,25,424,33,46,1688,7,0,0,7,False
00615,four_bit_register,7,10,203,23,31,1138,4,0,0,4,False
00616,FFType,18,21,308,33,48,2015,8,0,0,8,False
00617,and_or_,9,18,261,29,42,1217,7,0,0,7,False
00618,four_bit_adder,14,17,270,51,66,2405,10,0,0,10,False
00619,my_,33,46,724,39,60,2118,10,0,0,10,False
00620,bitwise_and,7,9,105,28,41,1238,7,0,0,7,False
00621,spdu_13,26,30,777,56,81,3078,13,0,0,13,False
00622,td_mode_generator,18,20,449,42,59,2733,12,0,0,12,False
00623,my_,34,42,791,39,52,2120,10,0,0,10,False
00624,Problem4,10,12,421,54,77,2472,11,0,0,11,False
00625,adder,14,16,239,37,57,1834,10,0,0,10,False
00626,mix_columns,44,52,1343,76,117,4305,11,0,0,11,False
00627,sky130_fd_sc_lp__or4b,22,30,423,39,58,2092,10,0,0,10,False
00628,MUX21,14,17,191,38,57,1972,10,0,0,10,False
00629,value_converter,11,13,220,15,22,881,3,0,0,3,False
00630,Multiplexer_AC__parameterized50,13,15,253,28,39,1218,6,0,0,6,False
00631,mux4to1,15,19,413,41,60,1960,10,0,0,10,False
00632,top_,66,81,1275,49,74,3125,11,0,0,11,False
00633,decoder_3to8,24,26,455,48,74,2066,11,0,0,11,False
00634,four_bit_comparator,74,81,1619,38,55,2382,9,0,0,9,False
00635,avr109rx,72,81,1715,95,127,5950,17,0,0,17,False
00636,my_,16,21,272,38,59,2345,10,0,0,10,False
00637,sky130_fd_sc_hd__nand3,14,21,251,41,62,2045,11,0,0,11,False
00638,sky130_fd_sc_lp__a22oi,20,27,433,20,28,870,4,0,0,4,False
00639,mux_2_to_1,12,15,192,44,67,2825,12,0,0,12,False
00640,d_ff_as,38,45,698,36,64,2307,9,0,0,9,False
00641,sky130_fd_sc_lp__inputiso0p,12,19,240,43,66,2097,12,0,0,12,False
00642,mux4,31,38,656,55,76,2771,13,0,0,13,False
00643,arriaiigz_ram_pulse_generator,18,26,479,25,40,1426,6,0,0,6,False
00644,sky130_fd_sc_ls__o32a,26,34,504,42,62,1786,10,0,0,10,False
00645,LedOutput,18,20,568,54,71,3022,15,0,0,15,False
00646,carry_select_adder_32bit,26,34,698,31,48,1910,8,0,0,8,False
00647,pipestage,26,28,480,39,58,2501,9,0,0,9,False
00648,counter,19,21,410,40,59,2821,10,0,0,10,False
00649,ddr3_init_sm,46,55,1096,66,96,4095,17,0,0,17,False
00650,PHASE_ALIGN,18,34,491,24,37,1437,6,0,0,6,False
00651,fibonacci,15,17,309,24,39,1492,6,0,0,6,False
00652,velocityControlHdl_Clamp_block1,21,42,785,36,48,2071,7,0,0,7,False
00653,and4,14,21,314,41,63,2058,10,0,0,10,False
00654,parity_generator,14,16,246,37,54,2221,8,0,0,8,False
00655,sky130_fd_sc_hdll__a32oi,24,31,583,40,62,1845,10,0,0,10,False
00656,or3_4_custom,33,43,483,37,59,1739,10,0,0,10,False
00657,four_input_and,28,37,594,42,63,1640,9,0,0,9,False
00658,PADIN,44,56,1127,24,35,1624,6,0,0,6,False
00659,rotator_mux,45,50,1256,76,109,4426,20,0,0,20,False
00660,top_,50,62,950,42,63,2479,11,0,0,11,False
00661,FA_29,6,8,149,43,65,2248,11,0,0,11,False
00662,sync_up_counter #,13,15,430,40,59,2684,10,0,0,10,False
00663,logic_gate,18,23,492,54,76,2527,14,0,0,14,False
00664,magnitude_comparator,9,11,149,38,57,1578,10,0,0,10,False
00665,fsm_consecutive_ones_detection,45,51,940,41,62,2684,10,0,0,10,False
00666,dff_with_reset,90,107,1834,45,58,2399,12,0,0,12,False
00667,add_two_signals,13,16,255,29,42,1409,7,0,0,7,False
00668,nand4,23,29,466,49,72,2470,12,0,0,12,False
00669,to_driver_sd_avs,34,43,2337,71,101,4206,11,0,0,11,False
00670,adder4,12,14,208,37,56,1976,10,0,0,10,False
00671,xor_gate,7,9,120,34,53,1481,9,0,0,9,False
00672,alu,28,34,1140,44,61,2395,9,0,0,9,False
00673,mux,21,26,369,45,68,2180,12,0,0,12,False
00674,mux_2to1_power,15,18,229,44,59,2426,8,0,0,8,False
00675,up_down_counter,27,31,565,38,64,2345,10,0,0,10,False
00676,my_,13,16,223,35,47,1685,9,0,0,9,False
00677,soc_design_SystemID,20,28,462,46,65,2828,10,0,0,10,False
00678,compm4,15,17,247,41,58,1636,9,0,0,9,False
00679,binary_counter,14,16,292,25,36,1520,5,0,0,5,False
00680,fb_rxcounters,42,46,1666,63,87,3910,15,0,0,15,False
00681,sky130_fd_sc_ls__o311ai,20,27,375,40,61,2139,10,0,0,10,False
00682,compare_,13,16,254,94,109,3986,8,0,0,8,False
00683,binary_adder,17,28,713,48,69,2461,10,0,0,10,False
00684,comparator,10,13,465,61,82,2775,11,0,0,11,False
00685,sseg_driver,35,44,883,71,97,3892,21,0,0,21,False
00686,binary_to_gray_converter,14,16,282,33,51,1988,8,0,0,8,False
00687,top_,59,67,1189,54,73,2476,12,0,0,12,False
00688,my_module,36,45,1029,40,57,1899,9,0,0,9,False
00689,ALU #,69,71,2165,74,97,3565,11,0,0,11,False
00690,my_,24,27,373,49,71,2272,12,0,0,12,False
00691,up_counter,17,19,319,34,49,2034,7,0,0,7,False
00692,concat_,13,15,283,44,63,2682,12,0,0,12,False
00693,shift_register,19,23,395,32,53,1915,8,0,0,8,False
00694,mux2to1,11,14,233,47,72,2794,12,0,0,12,False
00695,edge_detector,23,28,711,36,62,2303,10,0,0,10,False
00696,adder #,35,48,1076,38,58,2253,8,0,0,8,False
00697,diff_module,13,15,207,38,57,2041,10,0,0,10,False
00698,up_down_counter,22,24,467,31,46,1817,6,0,0,6,False
00699,mux4to1,14,14,349,49,71,3525,14,0,0,14,False
00700,two_bit_comparator,7,9,131,37,56,1657,10,0,0,10,False
00701,bin2gray,11,13,246,44,66,2791,10,0,0,10,False
00702,updown_counter,18,20,416,33,46,1958,7,0,0,7,False
00703,nor4,20,28,480,39,58,2039,10,0,0,10,False
00704,register,18,22,350,38,60,2556,10,0,0,10,False
00705,parity_generator,5,7,121,18,25,848,4,0,0,4,False
00706,sky130_fd_sc_lp__ha,21,29,462,37,56,1704,10,0,0,10,False
00707,shift_register,25,30,478,38,57,1963,10,0,0,10,False
00708,sky130_fd_sc_ms__or4b,18,25,350,37,54,1980,9,0,0,9,False
00709,XOR,11,12,246,37,56,2100,10,0,0,10,False
00710,decoder,18,20,471,51,68,2832,12,0,0,12,False
00711,decade_counter,57,70,1656,37,59,2451,10,0,0,10,False
00712,adder,7,9,103,6,8,258,0,0,0,0,False
00713,accumulator,16,21,455,31,46,1962,8,0,0,8,False
00714,calculator,14,15,412,38,57,2139,10,0,0,10,False
00715,byte_swap,23,31,543,42,57,2644,10,0,0,10,False
00716,output_signal_,16,20,379,51,66,3010,10,0,0,10,False
00717,sky130_fd_sc_hdll__a31o,18,25,336,38,57,1825,10,0,0,10,False
00718,and4,19,23,345,28,41,1466,6,0,0,6,False
00719,two_bit_encoder,10,12,171,37,47,1638,10,0,0,10,False
00720,clock_counter,14,17,368,37,56,2328,10,0,0,10,False
00721,SNPS_CLOCK_GATE_HIGH_d_ff_en_W64_0_9,15,20,372,32,48,1848,8,0,0,8,False
00722,and_gate,28,33,443,40,57,1698,9,0,0,9,False
00723,bin_to_two_bit,6,10,190,36,55,1942,10,0,0,10,False
00724,full_adder_4bit #,18,20,663,53,70,3408,12,0,0,12,False
00725,top_,25,34,822,51,76,3134,9,0,0,9,False
00726,sky130_fd_sc_ms__and3b,20,28,396,41,62,2015,11,0,0,11,False
00727,binary_adder_4bit,17,21,272,46,63,2493,9,0,0,9,False
00728,o221a,22,27,429,87,111,3812,11,0,0,11,False
00729,add8,25,36,865,26,43,1777,6,0,0,6,False
00730,hamming_encoder,24,29,748,51,67,2454,15,0,0,15,False
00731,odd_parity,9,13,307,41,57,2501,11,0,0,11,False
00732,my_,10,12,183,33,48,1613,8,0,0,8,False
00733,or4_,26,33,437,39,60,2205,10,0,0,10,False
00734,counter,14,17,298,28,45,1755,7,0,0,7,False
00735,full_adder,47,57,762,44,63,2664,10,0,0,10,False
00736,or3,47,58,976,43,66,2017,10,0,0,10,False
00737,shift_register,15,17,252,41,60,2142,10,0,0,10,False
00738,shift_sel,14,16,290,37,56,1847,10,0,0,10,False
00739,bufinv,14,23,361,23,34,1077,6,0,0,6,False
00740,mux2to1,10,13,173,44,67,2622,12,0,0,12,False
00741,sky130_fd_sc_hd__a2bb2oi,20,27,437,39,60,2147,10,0,0,10,False
00742,jfsmMealyWithOverlap,39,48,1140,42,62,2467,10,0,0,10,False
00743,my_,26,34,791,44,63,2612,8,0,0,8,False
00744,alu_16bit,28,35,750,41,52,1990,11,0,0,11,False
00745,d_ff_en,11,15,190,31,46,1731,8,0,0,8,False
00746,SNPS_CLOCK_GATE_HIGH_RegisterAdd_W26_1_3,5,8,154,37,58,2205,10,0,0,10,False
00747,custom_,26,34,494,39,58,1393,10,0,0,10,False
00748,r4_adder,10,14,503,39,58,2104,10,0,0,10,False
00749,Problem2,43,45,1231,54,83,3135,15,0,0,15,False
00750,flag_cdc,23,30,624,40,56,2577,10,0,0,10,False
00751,ripple_carry_adder,17,21,335,46,75,2867,12,0,0,12,False
00752,mux_encoder_decoder_xor,85,103,2226,41,61,2367,10,0,0,10,False
00753,sparc_exu_aluadder64,14,18,515,54,78,3188,11,0,0,11,False
00754,delay3stage,20,25,334,39,58,1708,10,0,0,10,False
00755,mux_1bit,13,15,196,48,73,2688,12,0,0,12,False
00756,shift_register,27,31,603,34,46,1782,9,0,0,9,False
00757,binary_adder,19,22,579,44,65,2824,10,0,0,10,False
00758,barrel_shifter_4bit,21,25,571,37,59,2387,10,0,0,10,False
00759,robotic_arm_controller,20,22,634,44,63,1952,10,0,0,10,False
00760,sky130_fd_sc_hd__o32ai,22,29,433,47,77,2651,11,0,0,11,False
00761,comparator,15,17,276,34,50,1695,9,0,0,9,False
00762,pipeline_register,54,56,1775,61,76,3292,8,0,0,8,False
00763,counter_with_load_reset,19,21,408,46,65,2674,9,0,0,9,False
00764,xor_inv_multiplexer,27,39,1067,43,62,2372,10,0,0,10,False
00765,mux_4to1,18,20,397,45,60,2000,8,0,0,8,False
00766,mux_2_to_1,14,16,216,31,46,1815,8,0,0,8,False
00767,Video_System_CPU_nios2_oci_td_mode,24,31,698,48,65,2913,14,0,0,14,False
00768,or_gate,18,25,276,42,67,2221,11,0,0,11,False
00769,binary_counter,12,15,299,42,61,2236,10,0,0,10,False
00770,transition_detector_register,16,18,337,22,31,1203,5,0,0,5,False
00771,barrel_shifter_16bit,17,22,420,46,75,2632,13,0,0,13,False
00772,decoder_4to16,25,27,850,30,47,1438,8,0,0,8,False
00773,mux4 #,19,21,335,38,51,1993,9,0,0,9,False
00774,clock_divider,21,24,404,29,44,1966,7,0,0,7,False
00775,sky130_fd_sc_hd__nand2b,14,21,294,36,57,1739,10,0,0,10,False
00776,write_axi_9bit,22,26,367,27,40,1664,5,0,0,5,False
00777,adder_subtractor_4bit,14,16,262,35,53,1822,9,0,0,9,False
00778,bin2gray,12,14,228,36,51,1977,10,0,0,10,False
00779,TOP,21,24,394,44,60,2597,11,0,0,11,False
00780,top_,37,48,1404,42,64,2669,10,0,0,10,False
00781,uut,93,108,1842,38,61,2342,10,0,0,10,False
00782,and_gate,7,9,93,25,36,1104,6,0,0,6,False
00783,dual_edge_triggered_ff,32,43,473,29,42,1663,7,0,0,7,False
00784,gray_to_bin8,15,17,466,30,45,1432,8,0,0,8,False
00785,XOR4,10,16,208,50,69,2584,16,0,0,16,False
00786,binary_counter,17,19,363,24,35,1255,6,0,0,6,False
00787,ripple_carry_adder,25,32,578,45,68,2509,10,0,0,10,False
00788,logic_gates,17,31,448,41,56,2358,10,0,0,10,False
00789,counter_2bit_async_reset_sync_enable,14,16,259,28,45,1596,7,0,0,7,False
00790,full_adder,14,17,464,40,61,2109,10,0,0,10,False
00791,xor_pipeline,25,32,344,31,46,1920,8,0,0,8,False
00792,xor_module,7,9,128,28,41,1239,7,0,0,7,False
00793,comparator,15,17,358,37,56,1888,10,0,0,10,False
00794,split_16bit_input,23,28,466,28,41,1877,7,0,0,7,False
00795,xor_gate,44,61,745,34,53,2201,9,0,0,9,False
00796,inc_module,16,18,309,46,67,2598,10,0,0,10,False
00797,Counter,26,31,653,35,54,2459,8,0,0,8,False
00798,mux_2to1,8,10,140,35,52,1609,9,0,0,9,False
00799,number_in,50,56,1333,56,86,3858,11,0,0,11,False
00800,comparator_3bit,19,21,296,32,51,1457,8,0,0,8,False
00801,my_register,17,19,347,32,49,1939,7,0,0,7,False
00802,my_or4b,18,25,414,39,58,1817,10,0,0,10,False
00803,adder32,58,70,1105,50,61,2057,11,0,0,11,False
00804,First_Phase_M_W32,28,33,758,40,59,2691,10,0,0,10,False
00805,counter_3bit_async_reset,13,15,249,24,36,1561,6,0,0,6,False
00806,sky130_fd_sc_ls__or4b,18,25,350,45,57,2234,12,0,0,12,False
00807,next_state_logic,18,21,274,30,45,1230,8,0,0,8,False
00808,delay_gate,17,20,346,40,59,2376,10,0,0,10,False
00809,logic_operation,17,24,350,27,40,1330,6,0,0,6,False
00810,bitwise_and_module,8,10,145,39,54,1695,8,0,0,8,False
00811,jk_flip_flop,23,31,762,46,61,2737,10,0,0,10,False
00812,max_,13,16,377,37,56,2313,10,0,0,10,False
00813,highest_16_bits,18,20,389,39,61,2015,10,0,0,10,False
00814,ripple_carry_adder,23,32,600,57,76,2506,10,0,0,10,False
00815,mux_2to1,6,8,138,42,60,2254,10,0,0,10,False
00816,DFF,26,35,557,31,49,2031,8,0,0,8,False
00817,sky130_fd_sc_ls__a221o,16,19,234,34,50,1653,8,0,0,8,False
00818,dff,23,25,492,32,45,1660,7,0,0,7,False
00819,and4,21,26,266,24,33,803,5,0,0,5,False
00820,OAI22X1,44,46,684,29,42,1196,7,0,0,7,False
00821,barrel_shift_up_down_counter,33,38,1179,44,66,3264,10,0,0,10,False
00822,and_gate,9,11,144,37,56,2073,10,0,0,10,False
00823,mux_2to1,8,10,121,35,52,1766,9,0,0,9,False
00824,my_or3b_4,13,17,272,38,57,1646,10,0,0,10,False
00825,sky130_fd_sc_hdll__xor2b,12,16,245,38,57,1839,10,0,0,10,False
00826,mux_2to1,10,13,185,32,47,1591,8,0,0,8,False
00827,Test,17,19,247,25,36,1010,6,0,0,6,False
00828,LCD_driver #,11,16,412,39,63,1938,10,0,0,10,False
00829,Problem2,13,15,716,35,50,1949,8,0,0,8,False
00830,xor_gate,15,17,290,22,34,1064,5,0,0,5,False
00831,counter,13,15,229,36,60,2202,10,0,0,10,False
00832,TLATNTSCAX2TS_latch_,17,20,338,31,47,1711,8,0,0,8,False
00833,d_flip_flop_as,12,15,190,37,59,1991,10,0,0,10,False
00834,two_bit_output,14,16,303,33,50,1532,9,0,0,9,False
00835,bram_controller,40,52,809,70,97,3554,14,0,0,14,False
00836,Cfu,18,22,656,49,70,3051,11,0,0,11,False
00837,wasca_hexdot,36,46,1159,48,63,3028,10,0,0,10,False
00838,barrel_shifter,14,16,325,41,60,2311,10,0,0,10,False
00839,binary_to_gray,9,12,250,36,51,2471,10,0,0,10,False
00840,shift_register,23,27,537,37,58,2185,10,0,0,10,False
00841,top_,34,37,828,31,40,1512,5,0,0,5,False
00842,ripple_carry_adder,31,37,603,41,67,2330,11,0,0,11,False
00843,pulse_generator,19,22,329,38,60,2143,10,0,0,10,False
00844,and_or_gate,24,31,420,44,65,2126,11,0,0,11,False
00845,sky130_fd_sc_hdll__o21ba,20,28,408,38,57,1981,10,0,0,10,False
00846,shift_register,19,23,367,36,56,2368,9,0,0,9,False
00847,write_back,28,31,919,47,67,2436,8,0,0,8,False
00848,vfabric_bypass_reg,20,25,622,58,77,3041,10,0,0,10,False
00849,min_finder,20,31,655,43,68,2063,12,0,0,12,False
00850,d_latch,14,18,216,22,31,1206,5,0,0,5,False
00851,mux4to1,14,16,225,29,40,1276,6,0,0,6,False
00852,my_or_gate,22,25,312,48,63,2483,12,0,0,12,False
00853,ID_EX,52,55,1035,64,80,3331,11,0,0,11,False
00854,calculator,14,17,295,22,33,1143,5,0,0,5,False
00855,mux_16bit,8,10,149,38,57,2275,10,0,0,10,False
00856,nand4,13,15,183,30,43,1268,7,0,0,7,False
00857,mux_2_to_1,10,13,161,39,61,1742,10,0,0,10,False
00858,Ramifier,45,48,1361,60,76,3833,16,0,0,16,False
00859,BlackKeyRoom,24,34,623,74,97,4222,11,0,0,11,False
00860,up_down_counter,19,21,322,35,54,1692,9,0,0,9,False
00861,adder32,179,181,6136,44,71,2855,10,0,0,10,False
00862,top_,62,74,1173,39,56,2078,10,0,0,10,False
00863,sky130_fd_sc_hd__or4b,9,11,147,45,64,2346,12,0,0,12,False
00864,priority_encoder,25,29,518,41,62,2043,11,0,0,11,False
00865,xor3_1,16,21,243,37,56,1565,10,0,0,10,False
00866,ones_counter,8,10,512,77,92,3855,10,0,0,10,False
00867,adder,12,16,228,38,48,1855,10,0,0,10,False
00868,Key,46,53,1012,86,109,5002,14,0,0,14,False
00869,dffr,14,16,243,22,33,1171,5,0,0,5,False
00870,and_nand,24,36,490,45,66,2110,11,0,0,11,False
00871,and_gate,15,17,251,35,54,2228,9,0,0,9,False
00872,my_circuit,18,23,290,39,58,1956,10,0,0,10,False
00873,sky130_fd_sc_hd__a211oi,22,30,417,39,58,2299,10,0,0,10,False
00874,and_32,36,39,1242,40,61,1907,11,0,0,11,False
00875,Mux_3x1_b #,19,21,478,53,76,2842,10,0,0,10,False
00876,three_to_one,12,17,248,47,67,2433,13,0,0,13,False
00877,memory_protection_blocks,15,18,332,42,63,2250,10,0,0,10,False
00878,sky130_fd_sc_ls__a211oi,22,31,519,39,58,2074,10,0,0,10,False
00879,shift_reg,16,20,262,37,61,2021,10,0,0,10,False
00880,pipelined_xor_gate,25,36,671,45,58,1870,8,0,0,8,False
00881,reconocedor_cursor,28,33,1569,47,77,2921,13,0,0,13,False
00882,Span12Mux_s5_h,15,16,313,37,50,1462,7,0,0,7,False
00883,mux_stall,34,43,1532,32,50,1891,8,0,0,8,False
00884,or2,31,39,475,41,60,1971,10,0,0,10,False
00885,chacha_qr,49,62,1405,64,83,3644,9,0,0,9,False
00886,alu_slice_LA,42,51,1142,50,76,2609,11,0,0,11,False
00887,counter,13,15,253,24,39,1527,6,0,0,6,False
00888,pipelined_bitwise_operations,46,56,953,47,76,2286,12,0,0,12,False
00889,dut,6,8,168,108,121,4814,7,0,0,7,False
00890,moore_fsm,102,127,2665,51,73,3108,12,0,0,12,False
00891,Vector,6,20,404,37,54,1694,10,0,0,10,False
00892,myDFF,19,22,300,33,52,1748,8,0,0,8,False
00893,tone_generator,57,72,1930,88,114,5219,13,0,0,13,False
00894,binary_counter,18,20,362,18,27,906,4,0,0,4,False
00895,binary_counter,14,16,279,30,47,1831,8,0,0,8,False
00896,NAND4X0,7,9,231,41,60,2003,10,0,0,10,False
00897,xor_32,11,14,165,28,45,1810,7,0,0,7,False
00898,adder_subtractor,10,13,211,37,54,1982,9,0,0,9,False
00899,barrel_shifter,17,22,483,60,84,3591,11,0,0,11,False
00900,mux_2to1,10,15,206,37,48,1661,10,0,0,10,False
00901,main,9,13,297,50,69,3275,10,0,0,10,False
00902,SevenSegmentLED,49,52,1210,63,83,3825,17,0,0,17,False
00903,RegisterAdd_4,20,24,375,35,58,1902,8,0,1,9,False
00904,synchronous_counter,17,19,490,37,56,2264,8,0,0,8,False
00905,adder_4bit_carry,25,35,679,45,72,2698,12,0,0,12,False
00906,decoder_3to8,9,11,178,24,35,1335,6,0,0,6,False
00907,interrupt,46,60,771,58,89,3050,14,0,0,14,False
00908,match,18,22,527,45,57,2889,12,0,0,12,False
00909,top_,30,35,625,38,61,2569,9,0,0,9,False
00910,binary_to_gray,21,23,505,55,76,2748,10,0,0,10,False
00911,add_subtract,12,16,243,39,58,2115,10,0,0,10,False
00912,shift_register_4bit,23,25,480,37,53,1951,7,0,0,7,False
00913,top_,53,65,1121,37,54,2197,9,0,0,9,False
00914,circuit,22,25,342,63,84,3137,12,0,0,12,False
00915,full_adder,18,21,586,41,60,2196,10,0,0,10,False
00916,calculator,16,18,347,23,32,1108,5,0,0,5,False
00917,SNPS_CLOCK_GATE_HIGH_RegisterAdd_W17,11,16,321,28,41,1617,7,0,0,7,False
00918,counter_3bit_sync_reset,24,26,451,38,59,2263,10,0,0,10,False
00919,up_counter,46,56,863,49,72,2771,8,0,0,8,False
00920,rising_edge_detection,36,47,820,48,64,2833,11,0,0,11,False
00921,my_,21,24,439,37,54,1830,8,0,0,8,False
00922,binary_multiplier,51,63,1665,42,66,2769,10,0,0,10,False
00923,binary_converter,11,15,324,30,45,1503,8,0,0,8,False
00924,and_gate,7,9,226,42,57,2045,10,0,0,10,False
00925,binary_counter,13,15,258,30,48,1906,8,0,0,8,False
00926,three_input_gate,16,21,284,49,70,3048,12,0,0,12,False
00927,sky130_fd_sc_lp__o21a,24,29,564,52,71,2428,10,0,0,10,False
00928,synchronizer,15,29,274,22,33,1248,5,0,0,5,False
00929,up_down_counter,20,22,476,30,44,1868,7,0,0,7,False
00930,m_4bit_comparator,6,7,144,22,31,925,5,0,0,5,False
00931,nor3,11,15,159,34,51,1973,9,0,0,9,False
00932,dff_8,22,26,469,28,41,1487,7,0,0,7,False
00933,top_module,33,47,1776,50,72,2686,11,0,0,11,False
00934,my_nor,7,9,94,25,37,1036,6,0,0,6,False
00935,sky130_fd_sc_ls__a311oi,20,27,367,34,49,1550,8,0,0,8,False
00936,four_bit_mux,14,16,330,45,65,3616,9,0,0,9,False
00937,two_input_logic,20,27,508,21,30,921,5,0,0,5,False
00938,four_bit_adder,19,26,615,43,66,2379,10,0,0,10,False
00939,adder_4bit,71,83,1319,39,52,1969,7,0,0,7,False
00940,top_,67,76,2198,47,66,1982,10,0,0,10,False
00941,top_,21,29,521,50,63,2911,13,0,0,13,False
00942,sky130_fd_sc_ms__a22o,20,27,409,35,50,1907,9,0,0,9,False
00943,td_mode_generator,17,19,415,42,55,2065,12,0,0,12,False
00944,mux4_1,49,58,908,48,64,2921,10,0,0,10,False
00945,control_,34,36,810,72,94,4874,10,0,0,10,False
00946,sky130_fd_sc_ms__o32ai,26,34,506,43,61,2008,11,0,0,11,False
00947,and_gate,37,42,625,44,63,2716,12,0,0,12,False
00948,counter,16,18,361,22,31,1260,5,0,0,5,False
00949,my_dff,21,28,488,39,57,2446,11,0,0,11,False
00950,usb_type_c_orientation,15,17,347,25,36,1334,6,0,0,6,False
00951,and_gate,7,9,96,25,36,1153,6,0,0,6,False
00952,top_,52,64,1374,75,104,4501,10,0,0,10,False
00953,up_down_counter,20,22,429,42,64,2196,8,0,0,8,False
00954,shift_register_8bit,16,21,332,31,46,1831,8,0,0,8,False
00955,barrel_shifter,14,16,338,38,57,2173,10,0,0,10,False
00956,dff_pipeline,16,21,273,29,46,1655,7,0,0,7,False
00957,binary_counter,13,15,223,31,44,1573,7,0,0,7,False
00958,iobus_4_connect,128,138,4134,224,286,11188,48,0,0,48,False
00959,dffc_6,15,16,240,33,48,1912,8,0,0,8,False
00960,sync_merge,24,27,574,40,59,1981,10,0,0,10,False
00961,shift_register,15,18,271,38,56,1801,9,0,0,9,False
00962,updown_counter,14,16,253,36,56,2040,10,0,0,10,False
00963,adder,14,17,206,32,50,1795,8,0,0,8,False
00964,adder_4bit,8,10,127,32,47,1804,8,0,0,8,False
00965,comparator,23,25,441,39,61,1782,10,0,0,10,False
00966,shift_mux_array,23,32,630,29,37,1260,3,0,0,3,False
00967,sky130_fd_sc_ls__o2111ai,20,27,388,40,59,1943,10,0,0,10,False
00968,TLATNTSCAX2TS,16,21,223,80,105,3930,22,0,0,22,False
00969,up_down_counter,18,20,376,53,74,2926,11,0,0,11,False
00970,mux_2to1,8,11,146,38,57,2068,10,0,0,10,False
00971,add_three_,52,66,1705,46,63,2658,8,0,0,8,False
00972,my_,20,27,511,34,50,1769,8,0,0,8,False
00973,Comparator #,23,28,463,58,78,2798,8,0,0,8,False
00974,full_adder,33,44,724,55,80,2964,11,0,0,11,False
00975,sky130_fd_sc_hd__maj3,20,27,444,37,56,2172,10,0,0,10,False
00976,adder,9,11,161,36,59,2114,9,0,0,9,False
00977,addsub,12,16,279,45,68,2358,12,0,0,12,False
00978,sky130_fd_sc_hd__o2bb2ai,20,27,452,36,55,1797,9,0,0,9,False
00979,pg_to_PG,15,19,550,56,75,2968,12,0,0,12,False
00980,shift_reg,24,29,862,45,66,2937,10,0,0,10,False
00981,custom_logic,18,23,506,46,61,2201,11,0,0,11,False
00982,components_dff_en_rst #,50,76,1064,49,65,2158,7,0,0,7,False
00983,bin2gray,16,19,314,37,59,2452,10,0,0,10,False
00984,mux5to1,23,26,434,39,46,1641,7,0,0,7,False
00985,top_,21,29,675,43,63,2454,10,0,0,10,False
00986,next_higher_binary,25,27,727,54,70,2570,16,0,0,16,False
00987,up_down_counter,20,22,409,25,38,1440,6,0,0,6,False
00988,full_adder,27,34,645,45,68,2525,12,0,0,12,False
00989,barrel_shifter_4bit,15,18,435,37,47,1861,10,0,0,10,False
00990,binary_adder,13,17,228,39,50,2390,10,0,0,10,False
00991,barrel_shifter,12,16,809,49,66,3126,10,0,0,10,False
00992,control,30,37,959,77,101,5452,15,0,0,15,False
00993,bcd_counter,32,34,734,72,97,3973,12,0,0,12,False
00994,binary_counter,13,15,242,30,45,1906,8,0,0,8,False
00995,mux_2_1,18,31,532,44,74,2899,12,0,0,12,False
00996,omsp_wakeup_cell,38,52,1484,45,68,3033,10,0,0,10,False
00997,sky130_fd_sc_ls__clkdlyinv5sd2,10,17,210,38,57,1827,10,0,0,10,False
00998,custom_,20,22,514,164,186,7691,10,0,0,10,False
00999,simple_arithmetic,15,18,418,32,48,1676,7,0,0,7,False
01000,pipeline_register #,16,20,333,31,46,1756,7,0,0,7,False
01001,calculator,17,21,348,47,76,2450,13,0,0,13,False
01002,full_adder,20,24,434,39,58,2214,10,0,0,10,False
01003,fifo,30,41,740,71,96,4039,12,0,0,12,False
01004,binary_to_bcd_converter,61,72,1728,42,57,2486,10,0,0,10,False
01005,mig_7series_v2_3_poc_edge_store #,35,45,1777,48,70,3394,7,0,0,7,False
01006,counter,15,17,271,31,47,1856,8,0,0,8,False
01007,gray_code_converter,6,8,170,20,25,905,3,0,0,3,False
01008,or3_,12,26,428,42,61,2133,10,0,0,10,False
01009,priority_encoder,15,17,391,39,62,1756,11,0,0,11,False
01010,ab_mux,15,17,230,37,58,1804,10,0,0,10,False
01011,decade_counter_mux,25,33,568,53,76,3119,11,0,0,11,False
01012,bitwise_or,9,12,150,28,41,1218,7,0,0,7,False
01013,sky130_fd_sc_ls__or4,16,23,260,45,65,2419,11,0,0,11,False
01014,sky130_fd_sc_hdll__nor2b,14,21,302,36,51,1790,10,0,0,10,False
01015,nor4,25,31,229,48,67,2578,10,0,0,10,False
01016,bitwise_and,7,9,113,33,51,1472,9,0,0,9,False
01017,tornado_epcs_flash_controller_0_atom,15,21,305,23,32,982,5,0,0,5,False
01018,binary_adder,15,18,353,51,76,2943,14,0,0,14,False
01019,dut,30,34,755,39,54,2716,8,0,0,8,False
01020,nand_decoder,19,23,404,31,46,1775,8,0,0,8,False
01021,decoder_3to8_case,17,19,448,57,77,2699,10,0,0,10,False
01022,sky130_fd_sc_lp__or2,12,19,218,42,59,1915,12,0,0,12,False
01023,sky130_fd_sc_lp__cap_1,8,11,123,28,41,1075,7,0,0,7,False
01024,dff_with_reset_and_or,36,43,795,38,60,2359,10,0,0,10,False
01025,shift_register,19,24,415,35,49,1848,9,0,0,9,False
01026,sky130_fd_sc_ms__and2b,14,21,298,28,41,1198,7,0,0,7,False
01027,two_bit_comparator,13,17,284,31,44,1847,8,0,0,8,False
01028,sky130_fd_sc_hd__a41oi,24,32,436,40,59,2068,10,0,0,10,False
01029,shift_and,14,26,728,31,46,1599,8,0,0,8,False
01030,constant_generator,16,18,290,25,36,1291,6,0,0,6,False
01031,Counter,19,21,444,37,48,2154,8,0,0,8,False
01032,logic_,15,22,410,52,76,3845,11,0,0,11,False
01033,mux_4to1,24,29,537,42,58,2379,10,0,0,10,False
01034,my_flip_flop,15,18,243,30,43,1551,7,0,0,7,False
01035,sky130_fd_sc_lp__nor4bb,18,25,360,42,63,1977,11,0,0,11,False
01036,abs_difference,18,21,351,26,40,1503,6,0,0,6,False
01037,bcd_to_7seg,42,44,1352,38,50,2468,11,0,0,11,False
01038,debounce,34,54,1431,53,83,3385,14,0,0,14,False
01039,sky130_fd_sc_hd__o21ai_4,16,21,275,44,67,2237,12,0,0,12,False
01040,logic_operations,25,33,1125,45,73,2348,12,0,0,12,False
01041,same_input,14,16,200,37,56,2095,10,0,0,10,False
01042,DFF_AR,18,21,268,32,51,1416,8,0,0,8,False
01043,sky130_fd_sc_lp__o22a,24,32,481,39,58,1945,10,0,0,10,False
01044,signal_processor,5,12,334,27,40,1258,7,0,0,7,False
01045,add_sub_comp,55,65,1150,23,38,1443,5,0,0,5,False
01046,sky130_fd_sc_hd__o21a,15,17,256,56,78,2273,15,0,0,15,False
01047,mux4_to_1_enable,20,25,712,42,57,1993,10,0,0,10,False
01048,counter #,16,19,261,37,52,2077,7,0,0,7,False
01049,barrel_shifter,14,19,332,42,57,2043,10,0,0,10,False
01050,my_,15,20,187,37,59,1968,10,0,0,10,False
01051,ssio_sdr_in #,85,123,2006,41,65,2875,10,0,0,10,False
01052,and4_,13,17,233,36,53,1433,9,0,0,9,False
01053,motor_controller,14,16,284,31,48,2144,8,0,0,8,False
01054,counter_4bit,14,16,251,35,50,1740,8,0,0,8,False
01055,my_full_adder,12,15,190,39,54,2070,10,0,0,10,False
01056,sky130_fd_sc_ms__or2b,18,26,367,34,51,1338,9,0,0,9,False
01057,four_bit_adder,48,62,960,47,72,2495,11,0,0,11,False
01058,strobe_gen,17,20,424,46,71,2656,12,0,0,12,False
01059,magnitude_comparator,35,39,1088,44,60,2446,11,0,0,11,False
01060,and4_,36,41,552,26,37,1239,4,0,0,4,False
01061,system_axi_quad_spi_shield_0_wr_status_flags_as,52,61,1258,29,40,1806,6,0,0,6,False
01062,ripple_adder,22,36,671,54,80,2572,11,0,0,11,False
01063,flip_flops,33,43,738,44,57,1948,10,0,0,10,False
01064,my_,17,19,278,51,66,2686,8,0,0,8,False
01065,carry_save_adder,18,22,362,45,68,2322,12,0,0,12,False
01066,and_gate,12,17,305,45,63,2200,9,0,0,9,False
01067,mux_4to1,18,20,280,35,48,1889,8,0,0,8,False
01068,ring_counter #,15,20,471,58,82,2741,11,0,0,11,False
01069,multiplier,17,22,353,31,48,2051,8,0,0,8,False
01070,axi_protocol_converter,55,66,1855,28,39,1576,6,0,0,6,False
01071,sky130_fd_sc_ms__a211o,18,25,338,38,60,2061,10,0,0,10,False
01072,full_adder,23,28,503,49,74,2844,11,0,0,11,False
01073,alt_ctl,23,25,795,82,114,5404,24,0,0,24,False
01074,mux4to1,18,20,311,49,67,2749,13,0,0,13,False
01075,comparator,9,12,172,22,30,1123,5,0,0,5,False
01076,flip_flop,45,51,890,36,51,2030,7,0,0,7,False
01077,sky130_fd_sc_ms__o32ai,22,29,433,49,70,2620,12,0,0,12,False
01078,sky130_fd_sc_hdll__xor2,12,19,224,30,45,1326,8,0,0,8,False
01079,sffsrce_fdre,45,55,627,40,67,2343,8,0,0,8,False
01080,multiplier,11,13,262,20,29,1112,4,0,0,4,False
01081,custom_,24,27,367,61,89,3128,12,0,0,12,False
01082,add_sub_pipeline,43,55,1070,44,63,3097,12,0,0,12,False
01083,adder,7,10,129,13,24,894,0,0,0,0,False
01084,karnaugh_map,43,45,898,102,134,4555,32,0,0,32,False
01085,counter_4bit,14,16,265,28,41,1655,7,0,0,7,False
01086,zet_next_or_not,17,21,727,91,126,4483,16,0,0,16,False
01087,top_,62,83,1853,43,59,2543,11,0,0,11,False
01088,sky130_fd_sc_ls__nor2b,14,21,300,43,66,2278,12,0,0,12,False
01089,four_input_and_gate,13,18,271,48,69,3196,10,0,0,10,False
01090,conditional_output,8,10,126,20,27,782,4,0,0,4,False
01091,jaxa_errorStatus,28,38,890,26,40,1519,5,0,0,5,False
01092,RNG #,19,24,448,33,48,1867,6,0,0,6,False
01093,four_bit_adder,28,40,1056,57,91,3070,16,0,0,16,False
01094,parity #,12,17,390,37,56,2051,8,0,0,8,False
01095,PicoBlaze_OutReg,41,52,755,40,58,2072,7,0,0,7,False
01096,top_,72,81,1632,42,55,1970,10,0,0,10,False
01097,majority_gate,13,17,259,39,58,1625,10,0,0,10,False
01098,ones_complement,6,9,98,33,52,1277,9,0,0,9,False
01099,priority_encoder_and_ripple_carry_adder,57,69,1098,47,72,2311,12,0,0,12,False
01100,Approx_adder,140,209,6567,89,121,4156,13,0,0,13,False
01101,signal_converter,21,23,565,30,45,1608,8,0,0,8,False
01102,WB_intercon,35,42,1655,42,52,2230,9,0,0,9,False
01103,barrel_shifter,13,15,266,35,55,2309,9,0,0,9,False
01104,final_output,22,26,366,34,52,1919,8,0,0,8,False
01105,mux_2to1,12,15,173,45,68,2937,12,0,0,12,False
01106,autoinst_multitemplate,55,82,1623,55,76,2576,11,0,0,11,False
01107,control,64,98,1621,68,95,3663,14,0,0,14,False
01108,var14_multi,53,58,1201,119,151,5380,14,0,0,14,False
01109,mux_4to1,17,19,272,19,38,1534,8,0,0,8,False
01110,fix_shifter,13,16,364,41,60,2194,10,0,0,10,False
01111,synch_3 #,15,18,410,39,58,1964,10,0,0,10,False
01112,my_4input_nand,33,41,493,38,57,2008,10,0,0,10,False
01113,gray_code_converter,16,19,481,31,44,1817,7,0,0,7,False
01114,counter,16,18,310,28,41,1517,6,0,0,6,False
01115,barrel_shifter,14,16,306,31,46,1388,8,0,0,8,False
01116,clock_gating,13,16,247,22,30,911,4,0,0,4,False
01117,adder_subtractor,30,40,859,49,72,3075,12,0,0,12,False
01118,sub,10,15,153,36,58,1931,10,0,0,10,False
01119,xor2,9,14,172,6,9,404,0,0,0,0,False
01120,velocityControlHdl_MinMax,17,29,828,50,77,3076,14,0,0,14,False
01121,ip_packet_filter,40,45,1384,56,83,3926,11,0,0,11,False
01122,mux_6to1,17,19,408,43,56,2176,10,0,0,10,False
01123,sync_counter,42,44,1061,47,73,3287,12,0,0,12,False
01124,alarm_system,26,32,635,35,52,2237,9,0,0,9,False
01125,aoi211hd4x,21,24,492,49,74,2210,12,0,0,12,False
01126,bitwise_xor,14,18,224,30,42,1791,6,0,0,6,False
01127,mux4,9,12,216,31,44,1389,7,0,0,7,False
01128,my_,21,30,526,35,52,2049,9,0,0,9,False
01129,clock_gate,11,14,223,25,36,1326,6,0,0,6,False
01130,SB_WARMBOOT,67,79,1733,56,90,3335,14,0,0,14,False
01131,abs_value,13,15,201,30,45,1591,8,0,0,8,False
01132,XOR2_NAND,11,15,186,38,57,1963,10,0,0,10,False
01133,address_to_signal,12,14,262,30,45,1506,8,0,0,8,False
01134,sky130_fd_sc_ms__a311oi,20,27,367,39,61,2023,10,0,0,10,False
01135,d_flip_flop,9,12,129,21,32,1129,5,0,0,5,False
01136,BCD_to_Binary,9,23,816,32,53,2021,8,0,0,8,False
01137,mux_4to1,70,85,1518,44,63,2424,10,0,0,10,False
01138,up_down_counter_4bit,22,24,493,47,68,2476,10,0,0,10,False
01139,synchronous_counter,19,21,380,44,67,2865,12,0,0,12,False
01140,mux32to16,104,112,4610,19,26,895,4,0,0,4,False
01141,dff_3input,17,20,325,32,49,1904,8,0,0,8,False
01142,register_,78,99,2307,45,66,2858,11,0,0,11,False
01143,dual_edge_triggered_ff,25,33,351,39,54,2212,7,0,0,7,False
01144,multifunction_module,10,12,375,46,69,2455,10,0,0,10,False
01145,priority_encoder,15,17,255,33,50,1582,9,0,0,9,False
01146,rippleCounter,17,21,432,47,72,2632,10,0,0,10,False
01147,top_,79,105,2129,35,56,2274,9,0,0,9,False
01148,and3b,14,16,342,63,89,3723,12,0,0,12,False
01149,feedforward_mux_4to1_sel2_32_1 #,27,35,769,39,62,2451,10,0,0,10,False
01150,shift_register,14,16,310,42,59,2027,8,0,0,8,False
01151,alu,37,43,1039,45,71,2530,12,0,0,12,False
01152,binary_adder,12,14,198,37,59,2007,10,0,0,10,False
01153,combinational_circuit,9,11,190,44,65,2439,12,0,0,12,False
01154,sky130_fd_sc_lp__einvp,14,21,238,27,40,1291,7,0,0,7,False
01155,and4_2and,27,33,333,39,56,1841,10,0,0,10,False
01156,srlc32e,15,20,253,39,62,1909,10,0,0,10,False
01157,top_,49,51,923,39,58,2270,10,0,0,10,False
01158,clock_gate,16,17,205,13,20,773,2,0,0,2,False
01159,twos_complement,8,10,145,37,56,2388,10,0,0,10,False
01160,d_ff_en_parameterized #,20,23,317,25,37,1275,5,0,0,5,False
01161,FullAdder,21,26,585,49,70,2615,11,0,0,11,False
01162,pg_51,10,16,368,41,64,2490,10,0,0,10,False
01163,mux_2to1,20,22,382,24,35,1174,5,0,0,5,False
01164,sky130_fd_sc_lp__isobufsrc,14,21,312,40,61,1939,11,0,0,11,False
01165,hls_saturation_enqcK #,27,35,759,31,44,1425,7,0,0,7,False
01166,top_,63,83,1338,49,74,3182,11,0,0,11,False
01167,shift_register,20,25,418,30,48,1758,7,0,0,7,False
01168,kernel_clock_0_bit_pipe,32,40,1000,34,54,2208,8,0,0,8,False
01169,sky130_fd_sc_ms__clkdlyinv5sd3,14,22,283,30,45,1312,8,0,0,8,False
01170,binary_counter,13,15,238,27,40,1616,7,0,0,7,False
01171,xor_gate,18,23,275,30,45,1374,8,0,0,8,False
01172,mux_system,21,28,465,68,99,3780,13,0,0,13,False
01173,controlALU,29,36,714,57,71,3637,14,0,0,14,False
01174,sky130_fd_sc_ls__or3,14,21,239,23,32,1104,5,0,0,5,False
01175,and4,12,16,157,38,59,1914,10,0,0,10,False
01176,sky130_fd_sc_hs__counter,22,24,531,36,47,1728,6,0,0,6,False
01177,digit_select,19,23,338,27,36,1083,5,0,0,5,False
01178,simple_arithmetic_unit,26,30,1198,35,52,2179,9,0,0,9,False
01179,nor_gate,31,37,707,38,57,1942,10,0,0,10,False
01180,sp_mux_16to1_sel4_7_1 #,75,85,2386,70,86,2768,16,0,0,16,False
01181,FrequencyCounter,34,51,1090,54,84,3729,14,0,0,14,False
01182,sky130_fd_sc_lp__a41oi,20,27,363,34,49,1565,8,0,0,8,False
01183,full_adder,14,18,258,48,61,2762,10,0,0,10,False
01184,Mux_3x1_b #,18,20,427,30,39,1412,5,0,0,5,False
01185,xor_gate,11,13,223,27,40,1276,7,0,0,7,False
01186,sky130_fd_sc_ms__a222o_1,22,27,376,41,60,2075,10,0,0,10,False
01187,sky130_fd_sc_hvl__o22a,20,27,409,42,61,1763,10,0,0,10,False
01188,bool_func,10,13,159,40,64,1934,10,0,0,10,False
01189,key_gen,51,55,1273,56,75,3104,10,0,0,10,False
01190,and_or_gate,15,19,251,44,63,1809,10,0,0,10,False
01191,binary_counter,13,15,221,24,38,1333,6,0,0,6,False
01192,binary_counter,22,33,578,33,52,2008,8,0,0,8,False
01193,sky130_fd_sc_lp__a41oi,24,32,436,49,70,3405,10,0,0,10,False
01194,uparc_fwdu,43,52,919,38,53,2206,8,0,0,8,False
01195,mux16,6,8,135,167,183,11139,8,0,0,8,False
01196,sum16bits,12,18,293,36,55,2202,10,0,0,10,False
01197,sky130_fd_sc_lp__a2bb2oi,18,23,299,39,58,2147,10,0,0,10,False
01198,four_bit_adder,10,14,206,39,63,1906,10,0,0,10,False
01199,d_ff,16,20,233,27,42,1460,6,0,0,6,False
01200,nand4,16,23,337,45,68,2364,12,0,0,12,False
01201,sky130_fd_sc_lp__o311a,20,27,363,37,56,2020,9,0,0,9,False
01202,mux3to1,12,14,239,42,57,1978,7,0,0,7,False
01203,clock_divider,19,27,322,30,50,1838,8,0,0,8,False
01204,shift_register,9,11,234,25,38,1254,6,0,0,6,False
01205,top_,70,85,2359,51,72,3290,13,0,0,13,False
01206,my_nor4,18,22,284,32,43,1912,6,0,0,6,False
01207,priority_encoder,58,70,1424,45,62,2980,12,0,0,12,False
01208,control,27,31,730,48,74,2867,12,0,0,12,False
01209,binary_counter,58,73,1206,41,64,2654,11,0,0,11,False
01210,sky130_fd_sc_ls__or3b,16,23,319,32,47,1508,8,0,0,8,False
01211,c17,11,17,287,54,81,2961,12,0,0,12,False
01212,dec_table,19,21,871,39,62,1685,11,0,0,11,False
01213,barrel_shifter,16,20,420,38,59,2300,10,0,0,10,False
01214,simple_counter,14,16,273,29,45,1469,7,0,0,7,False
01215,nova_io_pio_dummy,90,97,2680,57,78,3253,10,0,0,10,False
01216,counter,24,26,471,37,58,2158,10,0,0,10,False
01217,and4,18,25,398,39,58,1929,10,0,0,10,False
01218,full_adder,33,38,489,39,60,1935,10,0,0,10,False
01219,digitalclock,44,56,1250,59,86,3231,13,0,0,13,False
01220,mux_2to1,10,10,216,19,29,1219,4,0,0,4,False
01221,alu,25,27,692,39,58,1758,10,0,0,10,False
01222,exu_eclcomp8,17,21,740,37,56,1763,10,0,0,10,False
01223,and_gate,12,16,186,21,38,1277,5,0,0,5,False
01224,binary_counter,14,16,329,31,46,1736,8,0,0,8,False
01225,barrel_shifter,34,40,874,27,38,1207,6,0,0,6,False
01226,calculation_,20,22,377,41,56,2014,8,0,0,8,False
01227,sky130_fd_sc_ls__a222oi,26,33,607,40,50,1935,10,0,0,10,False
01228,mux2to1,6,9,110,20,27,774,4,0,0,4,False
01229,m1,9,11,166,36,55,1501,10,0,0,10,False
01230,sky130_fd_sc_ms__o211ai,18,25,352,46,61,2536,10,0,0,10,False
01231,top_,50,70,1850,36,54,1865,8,0,0,8,False
01232,four_input_one_output,15,19,442,42,63,1891,11,0,0,11,False
01233,comparator_4bit,15,17,339,34,53,1505,9,0,0,9,False
01234,MUXn_2_1,47,65,1624,63,83,4210,16,0,0,16,False
01235,binary_comparator,21,29,503,71,90,4364,9,0,0,9,False
01236,macc_module,17,21,334,29,44,1641,7,0,0,7,False
01237,wait_time_,27,32,425,43,58,2680,10,0,0,10,False
01238,sky130_fd_sc_lp__a21bo,20,28,417,32,47,1557,8,0,0,8,False
01239,comparator_and_xor,17,22,363,41,65,2242,11,0,0,11,False
01240,pipelined_counter,29,35,723,46,65,2386,9,0,0,9,False
01241,sum_first_last_16_bits,10,14,308,29,44,1901,8,0,0,8,False
01242,adder,10,15,197,37,56,1537,10,0,0,10,False
01243,decoder,22,26,642,45,60,2601,10,0,0,10,False
01244,binary_counter,13,15,260,30,41,1804,8,0,0,8,False
01245,sky130_fd_sc_hdll__clkinvlp,10,17,207,17,24,662,4,0,0,4,False
01246,mux4,12,14,333,47,69,2806,10,0,0,10,False
01247,up_counter,73,86,2175,67,98,4256,18,0,0,18,False
01248,niosII_system_nios2_0_nios2_oci_td_mode,18,20,484,53,77,2893,16,0,0,16,False
01249,GDA_St_N8_M8_P1,38,51,1203,99,122,3914,12,0,0,12,False
01250,timebase #,22,24,485,26,39,1329,5,0,0,5,False
01251,my_uart_rx7to7,142,174,3302,42,65,2674,11,0,0,11,False
01252,inverter,25,27,396,51,63,1925,10,0,0,10,False
01253,mux32bits_32to1,73,76,1594,70,136,5118,32,0,0,32,False
01254,multiplexer_module,55,66,1439,48,69,2728,12,0,0,12,False
01255,six_input_,6,8,189,43,62,2030,10,0,0,10,False
01256,freq_synthesizer,23,28,438,66,92,3788,11,0,0,11,False
01257,nor_gate,7,9,95,37,56,1791,10,0,0,10,False
01258,sky130_fd_sc_lp__nand4,20,28,345,42,58,2223,11,0,0,11,False
01259,four_to_one,9,11,237,61,86,2923,13,0,0,13,False
01260,ripple_carry_adder,17,26,429,48,78,3295,12,0,0,12,False
01261,mux_2to1,14,18,231,23,32,1172,5,0,0,5,False
01262,udp_dff,12,15,217,42,63,2294,11,0,0,11,False
01263,sky130_fd_sc_lp__a211o,18,25,338,32,50,1467,8,0,0,8,False
01264,counter,17,19,283,34,49,1675,7,0,0,7,False
01265,Datapath_Unit,26,30,672,53,73,3030,10,0,0,10,False
01266,AND4,9,11,148,26,39,1114,6,0,0,6,False
01267,four_bit_selector,11,12,404,54,77,2575,12,0,0,12,False
01268,half_adder,9,11,151,35,52,1740,9,0,0,9,False
01269,comb_circuit,18,23,324,42,67,1644,11,0,0,11,False
01270,top_module,24,32,528,48,79,2706,14,0,0,14,False
01271,Mux_3x1_bv2 #,19,21,510,24,31,1224,4,0,0,4,False
01272,my_,20,28,401,34,49,1474,8,0,0,8,False
01273,carry_lookahead_adder,38,49,1108,48,73,2830,11,0,0,11,False
01274,barrel_shifter,12,17,326,40,61,2059,10,0,0,10,False
01275,clock_gating_cell,7,9,125,15,20,676,3,0,0,3,False
01276,calculator,22,25,597,44,59,3057,12,0,0,12,False
01277,mux_4to1_case,18,20,300,58,81,2884,11,0,0,11,False
01278,Adder4,10,14,316,24,35,1226,5,0,0,5,False
01279,my_,30,35,557,49,72,2327,12,0,0,12,False
01280,t_order_a,32,39,1233,43,62,2869,10,0,0,10,False
01281,complement_concat,8,10,182,51,72,2684,11,0,0,11,False
01282,my_,13,22,382,60,85,3158,13,0,0,13,False
01283,full_adder,27,29,633,30,43,1511,6,0,0,6,False
01284,hazard_unit,46,50,2223,123,151,7371,21,0,0,21,False
01285,bitwise_op,7,11,155,38,59,1800,10,0,0,10,False
01286,shift_register_parallel_load,19,21,567,38,57,2048,10,0,0,10,False
01287,sky130_fd_sc_ms__or4b_1,26,33,466,39,49,1952,10,0,0,10,False
01288,my_,22,29,514,46,69,2276,12,0,0,12,False
01289,sky130_fd_sc_ms__o41a,20,27,362,40,61,2109,10,0,0,10,False
01290,shift_register,14,17,368,40,59,2203,10,0,0,10,False
01291,full_adder,7,9,224,41,60,1660,10,0,0,10,False
01292,seq_detector,27,39,791,47,70,2921,12,0,0,12,False
01293,SyncCounter,15,19,267,37,56,2093,10,0,0,10,False
01294,binary_counter_4bit,16,18,325,26,39,1418,6,0,0,6,False
01295,bitwise_or_twos_complement,21,30,454,37,56,1780,10,0,0,10,False
01296,top_,42,54,1446,42,63,2375,10,0,0,10,False
01297,adder,40,48,723,49,70,2800,10,0,0,10,False
01298,binary_counter,25,27,505,46,67,2834,11,0,0,11,False
01299,adder_tree_top,54,66,1917,42,58,2653,5,0,0,5,False
01300,flip_flop,37,47,979,41,59,1876,9,0,0,9,False
01301,full_adder,48,55,830,41,58,2078,9,0,0,9,False
01302,sky130_fd_sc_hdll__a2bb2o,20,27,431,39,59,2198,10,0,0,10,False
01303,MUX2to1,5,8,106,32,51,1805,8,0,0,8,False
01304,binary_counter,14,16,289,34,49,1899,8,0,0,8,False
01305,sky130_fd_sc_lp__o221a,26,34,521,40,59,1864,10,0,0,10,False
01306,pipeline_2_latch,25,28,689,35,52,1588,8,0,0,8,False
01307,top_,29,46,1092,39,58,2192,10,0,0,10,False
01308,counter,14,14,249,37,52,1789,8,0,0,8,False
01309,hd_data_reader,35,47,1053,42,61,2524,8,0,0,8,False
01310,clock_gate,8,11,174,27,39,1311,5,0,0,5,False
01311,add_sub,62,77,1456,43,68,3148,11,0,0,11,False
01312,my_logic,18,28,399,43,66,2026,10,0,0,10,False
01313,decade_counter,39,48,815,37,56,2243,10,0,0,10,False
01314,mux2to1,8,10,130,20,27,734,4,0,0,4,False
01315,or_32,36,39,1241,38,57,2071,9,0,0,9,False
01316,adder,16,21,333,38,59,2090,10,0,0,10,False
01317,EHRU_7,76,81,2094,78,105,4147,17,0,0,17,False
01318,logic_function,11,14,215,30,43,1207,7,0,0,7,False
01319,adder,15,19,296,45,60,2376,8,0,0,8,False
01320,barrel_shifter,16,20,437,37,58,2288,10,0,0,10,False
01321,sky130_fd_sc_ls__and4,20,28,337,36,53,2007,9,0,0,9,False
01322,dff_with_set,14,16,242,25,36,1287,6,0,0,6,False
01323,Multiplexer #,15,18,248,40,59,2141,10,0,0,10,False
01324,sky130_fd_sc_ms__or2,12,19,218,36,55,2429,10,0,0,10,False
01325,parity_check,13,16,217,45,70,2723,12,0,0,12,False
01326,priority_encoder,52,58,1079,56,75,3456,16,0,0,16,False
01327,mux_2to1,8,10,119,38,57,2031,10,0,0,10,False
01328,pcie_7x_0_core_top_gtp_cpllpd_ovrd,15,16,1523,59,94,3920,17,0,0,17,False
01329,t_order_a,33,40,1246,49,77,3712,12,0,0,12,False
01330,up_down_counter,49,55,1145,41,58,2357,9,0,0,9,False
01331,WKG,20,40,803,43,65,2247,10,0,0,10,False
01332,add_sub,8,10,143,39,44,1516,2,0,0,2,False
01333,fletcher_checksum,54,57,1327,63,92,3852,16,0,0,16,False
01334,sky130_fd_sc_hdll__o21ai,20,29,451,38,57,2155,10,0,0,10,False
01335,ripple_carry_adder,26,36,616,51,75,2582,12,0,0,12,False
01336,shift_register,19,24,408,26,37,1395,6,0,0,6,False
01337,and_gate,37,52,615,28,41,1246,7,0,0,7,False
01338,dpth_addr,32,44,814,48,73,2683,11,0,0,11,False
01339,arithmetic_,17,19,309,38,55,1700,9,0,0,9,False
01340,xnor4,19,21,368,64,91,3504,14,0,0,14,False
01341,sky130_fd_sc_hs__a2bb2o,11,16,241,39,58,1817,10,0,0,10,False
01342,subtract5,8,11,246,37,60,2238,10,0,0,10,False
01343,twos_complement,8,11,161,36,55,1963,10,0,0,10,False
01344,pairwise_xor,10,12,254,58,82,2307,16,0,0,16,False
01345,multiplier_module,15,17,242,36,49,1957,7,0,0,7,False
01346,axi_to_custom_protocol_converter,40,42,1237,57,72,4075,8,0,0,8,False
01347,EX_MEM,34,38,1121,39,55,1874,7,0,0,7,False
01348,karnaugh_map,42,44,823,76,101,3307,16,0,0,16,False
01349,sky130_fd_sc_ms__a21oi,20,28,390,38,57,1734,10,0,0,10,False
01350,multi_io_,23,26,693,49,70,2247,10,0,0,10,False
01351,counter,13,15,252,15,22,725,3,0,0,3,False
01352,binary_to_gray,16,18,316,34,56,2087,9,0,0,9,False
01353,demux_1to256_pipeline,90,101,3429,33,50,1765,9,0,0,9,False
01354,multiplier,15,17,434,30,43,1639,7,0,0,7,False
01355,sky130_fd_sc_hdll__o2bb2ai,24,32,527,34,45,1559,6,0,0,6,False
01356,three_input_and,15,20,372,40,62,1772,10,0,0,10,False
01357,counter,14,16,292,35,52,1940,8,0,0,8,False
01358,xor_gate,15,17,245,36,49,1726,7,0,0,7,False
01359,synchronizer,27,33,596,48,73,2948,12,0,0,12,False
01360,mux4to1,22,24,480,30,39,1325,5,0,0,5,False
01361,premuat_8,72,83,1536,81,124,5180,20,0,0,20,False
01362,calculator,17,21,459,38,59,2288,10,0,0,10,False
01363,sky130_fd_sc_hd__or2b,14,21,294,27,42,1411,7,0,0,7,False
01364,my_or_gate,16,17,257,41,60,1981,10,0,0,10,False
01365,clock_gate,14,16,222,22,36,1273,5,0,0,5,False
01366,sky130_fd_sc_lp__o31ai,22,30,424,49,71,2214,10,0,0,10,False
01367,signed_output,8,10,233,30,46,1794,8,0,0,8,False
01368,and_,7,9,86,22,31,1031,5,0,0,5,False
01369,GrayCodeConverter #,11,14,250,50,75,2092,10,0,0,10,False
01370,sky130_fd_sc_lp__and3b,19,22,472,61,80,2812,10,0,0,10,False
01371,bitwise_operator,13,15,250,49,72,2233,10,0,0,10,False
01372,sky130_fd_sc_hd__or4b,22,30,423,52,73,2814,11,0,0,11,False
01373,five_input_one_output,10,12,201,45,62,3031,9,0,0,9,False
01374,dual_ps2_ioadapter,55,60,1524,83,110,3997,20,0,0,20,False
01375,system_auto_cc_0_wr_status_flags_as_82,34,43,1108,39,56,2492,9,0,0,9,False
01376,Adder,9,25,506,22,33,1094,5,0,0,5,False
01377,mux #,16,21,367,40,61,2147,10,0,0,10,False
01378,mux_4_1,48,59,596,48,68,2490,10,0,0,10,False
01379,decoder2,124,143,2871,33,51,1938,8,0,0,8,False
01380,adder_subtractor,11,14,241,39,58,1955,10,0,0,10,False
01381,controlunit,65,67,1199,83,115,4620,16,0,0,16,False
01382,comparator,23,25,433,33,49,1463,8,0,0,8,False
01383,four_bit_adder,25,39,768,49,68,3184,12,0,0,12,False
01384,adder_4bit,48,59,796,49,72,2731,12,0,0,12,False
01385,snps_clock_gate_high_d_ff_en_w32_0_8,25,28,403,37,56,2330,10,0,0,10,False
01386,register_counter_xor,32,42,844,50,75,3196,12,0,0,12,False
01387,nios_system_sram_addr,36,45,1272,41,60,2713,10,0,0,10,False
01388,bitwise_logic,16,21,486,47,66,2814,10,0,0,10,False
01389,counter #,17,19,359,36,53,2018,7,0,0,7,False
01390,csa_generate_adder_32bit,73,86,2914,35,52,1837,9,0,0,9,False
01391,binary_counter,21,23,434,33,52,1555,9,0,0,9,False
01392,max_8bit,12,14,209,37,58,1814,10,0,0,10,False
01393,calc,14,16,301,32,47,1719,8,0,0,8,False
01394,parity_checker,8,10,146,25,34,1468,5,0,0,5,False
01395,mux_2to1,12,14,206,37,60,2238,10,0,0,10,False
01396,top_,27,32,818,53,72,2918,10,0,0,10,False
01397,clock_gate,16,20,337,16,23,808,3,0,0,3,False
01398,mux2to1_case,13,15,190,29,40,1414,6,0,0,6,False
01399,multiplexer32to16,104,112,4618,35,52,1826,9,0,0,9,False
01400,verilog_,24,29,427,45,66,1926,10,0,0,10,False
01401,shift_register,16,20,324,34,54,2036,9,0,0,9,False
01402,logic_function,12,17,377,22,34,1165,5,0,0,5,False
01403,four_bit_adder,23,28,664,41,60,2315,10,0,0,10,False
01404,alu,31,39,821,66,94,3121,11,0,0,11,False
01405,my_,14,16,278,28,41,1638,7,0,0,7,False
01406,shift_register,15,17,462,36,55,1794,10,0,0,10,False
01407,excess_3_converter,6,8,140,54,67,2657,7,0,0,7,False
01408,shift_register,19,23,380,45,70,2520,12,0,0,12,False
01409,sky130_fd_sc_lp__a221o,30,38,913,93,115,3639,10,0,0,10,False
01410,clock_gate,27,32,442,28,46,1710,7,0,0,7,False
01411,my_logic,18,21,376,50,69,2195,10,0,0,10,False
01412,binary_counter,14,18,296,53,86,2531,16,0,0,16,False
01413,logic_operations,20,30,432,39,58,1879,10,0,0,10,False
01414,four_to_one,9,11,130,39,58,1689,10,0,0,10,False
01415,four_bit_adder,7,10,168,26,37,1189,6,0,0,6,False
01416,half_adder,9,11,140,32,50,1407,8,0,0,8,False
01417,top_module,23,32,794,43,62,1920,10,0,0,10,False
01418,clock_gate_d_ff_en,5,8,160,31,46,1565,8,0,0,8,False
01419,full_adder,29,33,772,53,77,2874,10,0,0,10,False
01420,twos_complement,15,21,381,37,61,2779,10,0,0,10,False
01421,v9a2795,38,39,587,45,66,2303,11,0,0,11,False
01422,nand_mux,14,17,299,47,74,2639,13,0,0,13,False
01423,intr_capturer #,40,46,1482,89,121,5592,21,0,0,21,False
01424,example001,59,79,1067,31,46,1685,8,0,0,8,False
01425,sky130_fd_sc_lp__a311oi,20,27,367,46,70,2285,12,0,0,12,False
01426,alu_4bit,10,12,292,45,68,2091,12,0,0,12,False
01427,ripple_carry_adder,20,27,534,59,80,3044,11,0,0,11,False
01428,sky130_fd_sc_ls__o22ai,20,27,410,45,70,2462,12,0,0,12,False
01429,and_gate_power_good,23,33,376,34,51,1429,8,0,0,8,False
01430,eight_bit_adder,12,16,287,42,68,2639,11,0,0,11,False
01431,sky130_fd_sc_ms__o32a,26,34,504,39,60,1966,10,0,0,10,False
01432,input_output_module,50,60,1382,60,91,3938,15,0,0,15,False
01433,SerialRX,50,63,2377,42,65,2524,11,0,0,11,False
01434,sky130_fd_sc_ms__fahcin,31,39,765,39,56,2072,10,0,0,10,False
01435,sky130_fd_sc_hdll__and3,14,21,245,51,76,3127,11,0,0,11,False
01436,multi_input_output,13,15,267,48,71,2383,10,0,0,10,False
01437,tkg_c1u1,3,3,98,21,32,952,5,0,0,5,False
01438,sky130_fd_sc_ls__nor4bb,13,16,229,30,41,1269,6,0,0,6,False
01439,mux4to1,8,12,258,40,59,1936,9,0,0,9,False
01440,binary_counter,13,15,229,27,44,1678,7,0,0,7,False
01441,adder,7,9,104,25,36,1114,6,0,0,6,False
01442,arithmetic,19,21,396,34,49,1660,8,0,0,8,False
01443,xnor4,20,28,446,39,58,2028,10,0,0,10,False
01444,mux4to1_using_2to1,44,56,791,40,58,2496,10,0,0,10,False
01445,async_counter,16,18,422,37,56,2253,10,0,0,10,False
01446,Modulo,22,26,520,41,62,2821,10,0,0,10,False
01447,priority_encoder,14,16,415,54,85,2176,16,0,0,16,False
01448,dff_or,17,22,406,38,57,2323,10,0,0,10,False
01449,bit_concatenator,15,20,363,44,67,2546,10,0,0,10,False
01450,sky130_fd_sc_ls__o32ai,22,29,433,41,60,2906,8,0,0,8,False
01451,sky130_fd_sc_ls__nor3,3,3,116,31,42,1310,6,0,0,6,False
01452,my_,84,119,2325,47,61,2685,8,0,1,9,False
01453,fsm,18,24,774,44,66,2250,10,0,0,10,False
01454,speaker,20,37,755,43,62,2525,10,0,0,10,False
01455,add_sub_shift,53,64,1206,39,55,2430,9,0,0,9,False
01456,mux_2to1_priority,14,16,213,38,59,2081,10,0,0,10,False
01457,sky130_fd_sc_hdll__or2,18,25,504,46,65,2567,10,0,0,10,False
01458,sky130_fd_sc_ls__o22a,20,27,408,34,49,1769,8,0,0,8,False
01459,num_2,24,27,530,36,55,1912,10,0,0,10,False
01460,Comparator,39,48,1007,42,61,2399,10,0,0,10,False
01461,top_,20,28,862,40,63,2092,9,0,0,9,False
01462,ripple_adder,42,52,752,40,65,2353,10,0,0,10,False
01463,arithmetic_,45,61,1042,92,114,4466,10,0,0,10,False
01464,sky130_fd_sc_hdll__o211a,22,30,415,45,68,2867,12,0,0,12,False
01465,top_,23,32,851,42,66,2248,11,0,0,11,False
01466,top_module,17,28,728,45,69,2580,11,0,0,11,False
01467,mux4,12,16,417,68,92,4051,16,0,0,16,False
01468,sirv_spigpioport_1,97,102,3325,169,213,8348,38,0,0,38,False
01469,mux,20,23,525,26,39,1250,6,0,0,6,False
01470,sky130_fd_sc_hdll__nand3_XOR,20,29,524,40,61,2058,11,0,0,11,False
01471,clock_mux,12,18,284,22,27,865,3,0,0,3,False
01472,shift_register,15,17,311,35,55,1971,9,0,0,9,False
01473,mux_2to1_enable,8,10,107,29,44,1376,7,0,0,7,False
01474,multifsm,26,34,815,78,110,4660,21,0,0,21,False
01475,decoder_3to8,22,24,552,46,72,2467,13,0,0,13,False
01476,four_bit_adder,26,33,622,61,93,3782,13,0,0,13,False
01477,binary_counter,18,20,360,37,58,2236,10,0,0,10,False
01478,four_bit_adder,13,17,263,39,61,2127,10,0,0,10,False
01479,logic_,16,27,397,38,59,2004,10,0,0,10,False
01480,binary_counter,20,22,423,29,43,1867,7,0,0,7,False
01481,unsigned_comparator,11,13,201,34,52,1570,8,0,0,8,False
01482,full_adder,46,55,842,43,62,2130,7,0,0,7,False
01483,top_,54,67,1297,55,79,3360,10,0,0,10,False
01484,counter,13,17,260,18,25,812,4,0,0,4,False
01485,and_or_not,11,15,204,47,72,2478,13,0,0,13,False
01486,BrzVariable_17_1_s0_,23,25,603,30,43,1596,7,0,0,7,False
01487,counter #,17,19,344,46,64,2494,8,0,0,8,False
01488,arithmetic_circuit,15,18,279,40,57,1829,9,0,0,9,False
01489,bitwise_and_4bit,5,6,103,9,12,316,0,0,0,0,False
01490,comparator,22,27,445,33,54,1759,8,0,0,8,False
01491,shift_register,17,21,394,32,50,1993,8,0,0,8,False
01492,top_,36,50,848,41,60,2002,10,0,0,10,False
01493,logic_,20,27,447,40,63,2324,10,0,0,10,False
01494,counter4,12,15,261,22,29,1127,4,0,0,4,False
01495,ripple_adder,12,15,213,42,66,2475,11,0,0,11,False
01496,sky130_fd_sc_lp__and2,16,24,295,37,59,1868,10,0,0,10,False
01497,priority_encoder,14,16,316,30,47,1416,8,0,0,8,False
01498,comparator #,19,24,405,32,47,1208,7,0,0,7,False
01499,baud_rate_generator,23,29,556,33,51,2102,6,0,0,6,False
01500,decoder_2to4,18,22,353,21,30,1149,5,0,0,5,False
01501,sky130_fd_sc_hd__lpflow_clkinvkapwr,10,17,215,36,55,1592,10,0,0,10,False
01502,ripple_carry_adder,23,28,564,50,77,2471,11,0,0,11,False
01503,fsm_rising_edge_counter,32,36,622,47,71,3168,10,0,0,10,False
01504,dff_en,16,21,349,29,44,1591,7,0,0,7,False
01505,mux4to1,6,7,191,55,74,2769,10,0,0,10,False
01506,IF_ID,28,30,559,46,61,2727,11,0,0,11,False
01507,up_counter_3bit,14,16,247,24,37,1380,6,0,0,6,False
01508,sky130_fd_sc_hd__a2111oi_0,24,27,380,61,79,3240,8,0,0,8,False
01509,macc_simple_arst_clr_ena,16,18,425,34,45,1819,6,0,0,6,False
01510,clock_gate_high_d_ff_en_w32_0_19,19,23,324,25,36,1148,6,0,0,6,False
01511,and4,13,16,232,33,48,1392,8,0,0,8,False
01512,nand_full_adder,20,25,462,59,92,2830,15,0,0,15,False
01513,top_module,47,69,1054,40,56,1894,11,0,0,11,False
01514,moore_state_machine,40,53,1241,67,96,3840,16,0,0,16,False
01515,register_32bit_parallel_load,20,22,457,27,40,1296,6,0,0,6,False
01516,up_down_counter,20,22,487,46,64,2791,9,0,0,9,False
01517,five_input_,12,17,347,41,60,2310,10,0,0,10,False
01518,mux_2to1,11,13,186,28,37,1216,5,0,0,5,False
01519,four_bit_decoder,26,28,623,57,75,2892,17,0,0,17,False
01520,hvsync_generator,31,37,1255,52,76,3315,11,0,0,11,False
01521,sky130_fd_sc_ls__nand3,18,26,324,34,53,1760,9,0,0,9,False
01522,four_bit_counter,13,17,303,27,43,1707,5,2,0,7,False
01523,timer,33,38,900,76,105,4608,12,0,0,12,False
01524,accumulator,16,26,737,42,63,2179,8,0,0,8,False
01525,sky130_fd_sc_ms__o21bai,18,25,414,41,62,2409,11,0,0,11,False
01526,TwosComplement,9,11,158,36,55,2006,10,0,0,10,False
01527,pass_through,6,7,134,31,48,1500,8,0,0,8,False
01528,arithmetic_8bit,15,17,282,39,60,2000,10,0,0,10,False
01529,up_counter,13,15,252,29,40,1444,6,0,0,6,False
01530,verilog_,17,24,364,64,91,4148,13,0,0,13,False
01531,add_sub,12,16,228,38,57,1848,10,0,0,10,False
01532,five_to_one,9,11,191,44,61,3274,9,0,0,9,False
01533,contador_AD_MM_2dig,110,131,4023,60,92,3355,9,0,0,9,False
01534,four_bit_adder,53,71,1265,64,85,2982,9,0,0,9,False
01535,gray_converter,29,34,758,43,65,2749,9,0,0,9,False
01536,sky130_fd_sc_hd__a22o,20,27,409,39,58,1856,10,0,0,10,False
01537,niosII_system_nios2_qsys_0_nios2_oci_dbrk,106,115,3275,110,144,5579,17,0,0,17,False
01538,and_or_gate,23,32,504,50,69,3070,10,0,0,10,False
01539,sky130_fd_sc_ms__and3,18,26,316,34,54,1665,9,0,0,9,False
01540,twos_complement,15,17,280,39,58,1824,10,0,0,10,False
01541,mux4to1,18,23,410,50,72,3689,10,0,0,10,False
01542,flip_flop,20,22,360,32,47,1479,7,0,0,7,False
01543,clk_divider,16,21,389,26,42,1623,7,0,0,7,False
01544,add_4bit,48,62,980,44,62,2130,11,0,0,11,False
01545,top_module,16,18,339,48,59,3552,10,0,0,10,False
01546,arithmetic_module,9,11,265,28,39,1257,6,0,0,6,False
01547,RegisterMultiplexer,13,16,279,26,39,1551,6,0,0,6,False
01548,bm_dag2_log_mod,44,54,763,44,65,2966,11,0,0,11,False
01549,adder,10,13,199,38,57,2009,10,0,0,10,False
01550,alu,34,47,857,38,55,1879,9,0,0,9,False
01551,d_ff,15,17,236,23,32,1195,4,0,0,4,False
01552,sensor_interface,15,17,374,22,31,1317,5,0,0,5,False
01553,mult16_16,27,31,725,47,70,2391,12,0,0,12,False
01554,wb_mux,40,51,1021,46,67,2829,10,0,0,10,False
01555,barrel_shifter,8,10,180,38,57,2319,10,0,0,10,False
01556,IBUFCTRL,8,11,137,27,38,1359,5,0,0,5,False
01557,alu,42,44,1005,78,121,4580,22,0,0,22,False
01558,adder4bit,49,63,1039,31,40,1523,6,0,0,6,False
01559,counter,14,16,244,28,45,1809,7,0,0,7,False
01560,binary_counter,23,25,417,43,68,2285,12,0,0,12,False
01561,calculator,16,18,289,65,92,3304,15,0,0,15,False
01562,data_comp_decomp #,22,25,553,40,63,2512,11,0,0,11,False
01563,comparator_4bit,9,11,160,32,47,1409,8,0,0,8,False
01564,counter,16,18,299,31,44,1899,7,0,0,7,False
01565,compare_op,12,15,204,39,60,1870,11,0,0,11,False
01566,Comparador,20,26,551,40,58,2765,9,0,0,9,False
01567,sky130_fd_sc_ls__and3,14,21,243,44,67,2129,12,0,0,12,False
01568,counter,17,19,318,27,43,1657,7,0,0,7,False
01569,adder_4bit,14,17,242,38,60,2131,9,0,0,9,False
01570,and_xnor_inv,11,20,207,34,53,1616,9,0,0,9,False
01571,r_FAULT_STATUS,15,15,449,35,52,2244,9,0,0,9,False
01572,sky130_fd_sc_hd__nand3b,20,28,408,32,50,1608,8,0,0,8,False
01573,clk32to40,25,33,634,37,58,2114,10,0,0,10,False
01574,dff_en_ce,18,23,261,32,47,1670,8,0,0,8,False
01575,parity_check,10,13,203,34,51,2180,9,0,0,9,False
01576,button_counter,13,15,250,36,57,2172,10,0,0,10,False
01577,mux2to1,18,21,263,38,57,2322,10,0,0,10,False
01578,MoleDecoder,27,31,983,30,45,1709,8,0,0,8,False
01579,simple_counter,17,19,329,30,50,1975,8,0,0,8,False
01580,Multiplexer #,7,9,183,43,66,2329,12,0,0,12,False
01581,sensor_interface,12,17,415,23,33,1169,3,0,0,3,False
01582,register_4bit,24,30,508,26,39,1627,6,0,0,6,False
01583,sky130_fd_sc_ms__a211oi,18,25,344,50,72,2472,10,0,0,10,False
01584,mux3ds,18,23,522,31,48,1882,6,0,0,6,False
01585,NAND3,33,43,698,40,59,2194,10,0,0,10,False
01586,counter,13,15,206,24,38,1413,6,0,0,6,False
01587,fsm_pattern_detection,43,62,1231,53,81,3367,13,0,0,13,False
01588,priority_arbiter,35,38,1743,62,86,3681,10,0,0,10,False
01589,sky130_fd_sc_ms__o31ai,18,25,433,41,63,2001,9,0,0,9,False
01590,and_or,13,21,371,45,70,2391,12,0,0,12,False
01591,debouncer,20,24,545,33,50,2440,8,0,0,8,False
01592,full_adder,12,14,228,33,48,1560,8,0,0,8,False
01593,my_circuit,34,39,574,59,83,2920,11,0,0,11,False
01594,Adder,7,9,120,36,56,1625,10,0,0,10,False
01595,magnitude_comparator,11,13,262,36,53,1614,9,0,0,9,False
01596,sky130_fd_sc_hd__o221ai,26,34,537,39,50,2050,10,0,0,10,False
01597,shift_reg,26,31,487,32,49,1623,8,0,0,8,False
01598,signal_combiner,9,11,231,51,78,3192,14,0,0,14,False
01599,four_to_one,13,22,348,39,50,1858,10,0,0,10,False
01600,simple_calculator,15,17,362,23,32,1210,5,0,0,5,False
01601,nor2,12,17,204,22,31,948,5,0,0,5,False
01602,d_flipflop_with_setreset,16,25,506,46,67,2127,10,0,0,10,False
01603,byte_reorder,22,33,778,36,57,2191,10,0,0,10,False
01604,up_down_counter,24,26,573,27,38,1558,6,0,0,6,False
01605,top_,34,43,1139,75,114,4305,15,0,0,15,False
01606,add_sub,14,16,224,38,57,1957,10,0,0,10,False
01607,dff_set,14,17,393,31,56,2244,8,0,0,8,False
01608,clock_gate_register,13,16,360,20,27,900,4,0,0,4,False
01609,full_adder,23,29,633,52,79,3294,14,0,0,14,False
01610,axis_pulse_generator,62,76,1589,38,59,2429,9,0,0,9,False
01611,decoder_3to8,28,34,829,46,61,2143,10,0,0,10,False
01612,mux_2to1,8,10,126,55,78,3632,12,0,0,12,False
01613,counter,23,29,400,31,50,1914,8,0,0,8,False
01614,up_down_counter,19,21,398,46,67,2637,11,0,0,11,False
01615,calculator,10,12,314,36,51,2269,8,0,0,8,False
01616,sky130_fd_sc_hd__a21oi,20,28,390,42,66,2238,11,0,0,11,False
01617,sky130_fd_sc_ls__o21a,20,28,389,31,48,1763,8,0,0,8,False
01618,counter,15,17,317,28,41,1346,6,0,0,6,False
01619,connection_module,10,14,259,50,74,2400,10,0,0,10,False
01620,comparator,23,25,410,39,58,1885,10,0,0,10,False
01621,full_adder,19,25,709,63,87,2880,10,0,0,10,False
01622,pg_to_PG,15,20,551,56,79,3261,16,0,0,16,False
01623,and_gate,18,23,284,39,49,1990,10,0,0,10,False
01624,ID_EX,40,43,850,56,72,2990,10,0,0,10,False
01625,up_down_counter,19,21,370,32,53,1773,8,0,0,8,False
01626,check_1fs,13,15,256,25,36,1371,6,0,0,6,False
01627,sky130_fd_sc_hdll__xnor2,12,19,232,42,66,2311,11,0,0,11,False
01628,debouncer,39,44,901,52,78,3185,10,0,0,10,False
01629,binary_adder,17,24,525,40,66,2340,10,0,0,10,False
01630,binary_counter,16,20,339,37,56,2307,10,0,0,10,False
01631,sky130_fd_sc_hd__o2bb2a,24,32,517,38,57,1977,10,0,0,10,False
01632,binary_to_gray,18,23,407,49,68,2533,10,0,0,10,False
01633,RegisterAdd,22,28,465,56,82,2618,10,0,0,10,False
01634,posManager,47,54,1519,50,72,2966,10,0,0,10,False
01635,errman_nfl,49,56,1127,37,54,2459,8,0,0,8,False
01636,button_counter,11,13,218,17,24,904,4,0,0,4,False
01637,combinational_logic,26,28,477,40,59,1869,10,0,0,10,False
01638,mux_4to1_enable,20,22,376,78,103,4282,12,0,0,12,False
01639,U2,11,16,216,40,63,1796,11,0,0,11,False
01640,up_counter,11,13,266,46,67,2559,10,0,0,10,False
01641,top_,52,66,1225,42,64,2690,9,0,0,9,False
01642,generate_output_signals,5,7,299,38,57,2126,10,0,0,10,False
01643,mux_2to1,8,10,112,46,63,2281,8,0,0,8,False
01644,mux4_1,14,16,281,34,46,2048,9,0,0,9,False
01645,up_counter_with_reset_and_load,75,88,1558,42,59,2443,10,0,0,10,False
01646,AND3,11,15,192,35,52,1814,9,0,0,9,False
01647,bitwise_and,7,9,109,55,70,4889,7,0,0,7,False
01648,Half_Subtractor,16,22,396,60,76,3299,15,0,0,15,False
01649,CLK_GEN,13,17,232,39,54,2281,8,0,0,8,False
01650,up_counter,14,16,256,28,46,1737,7,0,0,7,False
01651,clock_divider,19,23,392,40,58,2353,7,0,0,7,False
01652,sky130_fd_sc_ls__o211ai,18,25,352,68,97,4724,15,0,0,15,False
01653,sky130_fd_sc_ms__a211o,22,30,411,42,66,2012,11,0,0,11,False
01654,frequency_counter,104,110,3600,142,178,7233,19,0,0,19,False
01655,shift_register,19,23,492,33,55,2086,8,0,0,8,False
01656,adder,5,6,157,38,53,2207,10,0,0,10,False
01657,multiplier,14,20,237,46,71,2185,13,0,0,13,False
01658,PWM,23,31,523,41,65,2811,10,0,0,10,False
01659,INV_X1,18,23,401,39,58,2245,10,0,0,10,False
01660,adder_4bit,19,23,579,39,61,2138,10,0,0,10,False
01661,priority_encoder,19,21,446,36,57,1643,10,0,0,10,False
01662,dff_preset_clear,16,19,218,42,61,2298,10,0,0,10,False
01663,mux2to1,5,6,104,35,52,1554,9,0,0,9,False
01664,mux4,10,12,233,34,51,1771,8,0,0,8,False
01665,sky130_fd_sc_ls__xnor2,7,9,106,28,41,1514,7,0,0,7,False
01666,floating_point_arithmetic,68,80,1637,56,79,2995,14,0,0,14,False
01667,vending_machine,16,19,508,42,63,1899,10,0,0,10,False
01668,odd_parity,15,17,257,43,57,2120,9,0,0,9,False
01669,add_sub_mux,70,81,1275,42,58,1958,7,0,0,7,False
01670,reverse_parity,10,15,338,46,64,2584,8,0,0,8,False
01671,sbox64,26,29,640,60,81,2662,18,0,0,18,False
01672,three_bit_splitter,42,47,836,52,63,1870,8,0,0,8,False
01673,FSM #,85,94,1840,66,94,3825,17,0,0,17,False
01674,sky130_fd_sc_hdll__sdfxtp,65,72,1081,39,56,2019,8,0,0,8,False
01675,sky130_fd_sc_lp__iso0p,16,24,312,36,46,1849,10,0,0,10,False
01676,reg4,16,21,301,36,53,2163,8,0,0,8,False
01677,shift_reg_4bit,15,17,319,31,48,1677,8,0,0,8,False
01678,divider,22,24,526,33,54,1882,9,0,0,9,False
01679,logic_operation,18,22,479,38,59,2484,10,0,0,10,False
01680,shift_and,24,28,482,40,59,2461,10,0,0,10,False
01681,dff,17,19,286,29,45,1522,7,0,0,7,False
01682,max_val_module,11,13,190,46,61,2418,8,0,0,8,False
01683,binary_counter,14,17,254,32,49,1934,8,0,0,8,False
01684,mux_2to1_with_control,20,28,466,41,62,2118,11,0,0,11,False
01685,sky130_fd_sc_hvl__and2,12,19,223,36,58,1830,10,0,0,10,False
01686,add16,14,18,317,38,57,2091,10,0,0,10,False
01687,verilog_,40,45,852,42,60,2508,8,0,0,8,False
01688,top_module,36,47,687,40,61,2085,11,0,0,11,False
01689,updown_counter,21,26,361,38,57,1849,10,0,0,10,False
01690,ripple_carry_adder,13,25,402,37,59,1931,10,0,0,10,False
01691,up_counter,13,15,266,27,42,1677,7,0,0,7,False
01692,receiver #,109,126,2673,117,174,7874,28,0,0,28,False
01693,d_ff_sr,13,16,262,32,51,1874,8,0,0,8,False
01694,vco_interface #,28,33,739,61,86,3189,12,0,0,12,False
01695,sky130_fd_sc_hdll__clkinv,10,17,205,42,65,1774,12,0,0,12,False
01696,binary_counter,19,23,334,26,41,1476,6,0,0,6,False
01697,karnaugh_map,25,27,534,45,68,1934,12,0,0,12,False
01698,up_counter,32,44,791,42,61,2404,8,0,0,8,False
01699,binary_counter,22,26,413,31,50,2015,8,0,0,8,False
01700,d_ff_with_async_reset_set,27,34,516,26,39,1494,6,0,0,6,False
01701,dff,10,16,232,24,33,1107,5,0,0,5,False
01702,sky130_fd_sc_ls__a32o,26,34,505,45,71,2437,12,0,0,12,False
01703,mux_multiply,36,48,777,47,72,2547,13,0,0,13,False
01704,fifo19_rxrealign,20,23,861,45,61,2646,11,0,0,11,False
01705,binary_counter,14,16,260,41,60,2551,10,0,0,10,False
01706,seven_to_one,21,27,808,56,77,3105,10,0,0,10,False
01707,dff_negedge,27,34,701,33,47,1829,8,0,0,8,False
01708,MEM_WB,25,29,595,48,71,2785,12,0,0,12,False
01709,sky130_fd_sc_hd__a21o,16,23,311,49,68,2436,10,0,0,10,False
01710,combinational_logic,16,21,289,31,50,1756,8,0,0,8,False
01711,four_bit_adder,10,12,188,32,47,1538,8,0,0,8,False
01712,dff_ctrl,30,35,552,31,47,1692,5,0,0,5,False
01713,BCD7segment,32,36,884,59,92,3588,17,0,0,17,False
01714,d_ff_async_reset_set,21,23,412,33,48,1636,8,0,0,8,False
01715,d_ff,12,16,279,31,48,1553,8,0,0,8,False
01716,binary_counter,15,17,310,28,44,1529,7,0,0,7,False
01717,mux2,16,21,260,38,57,1924,10,0,0,10,False
01718,sky130_fd_sc_lp__a32o,26,34,505,34,49,1568,8,0,0,8,False
01719,calculator,29,33,683,57,79,2991,11,0,0,11,False
01720,axi_timer,27,30,862,39,57,2564,9,0,0,9,False
01721,and_gate_4,14,18,231,37,52,1450,8,0,0,8,False
01722,ExtToIntSync,14,17,268,25,36,1381,6,0,0,6,False
01723,my_,28,44,902,55,79,3801,10,0,0,10,False
01724,dual_edge_ff,14,19,198,24,38,1650,6,0,0,6,False
01725,mm,19,29,685,94,127,4352,17,0,0,17,False
01726,binary_counter,22,26,438,36,59,2025,10,0,0,10,False
01727,binary_full_adder_74283,9,11,197,48,72,3003,12,0,0,12,False
01728,mult_select,14,20,320,44,67,2222,12,0,0,12,False
01729,sum_4bit,5,7,144,36,55,1839,10,0,0,10,False
01730,mux2to1,5,7,115,32,47,1686,8,0,0,8,False
01731,decoder_4to16,13,15,327,57,82,2997,13,0,0,13,False
01732,mi_nios_cpu_nios2_oci_td_mode,23,30,603,49,70,2496,10,0,0,10,False
01733,top_module,16,29,585,39,61,2084,10,0,0,10,False
01734,xnor3,18,22,307,51,73,2596,10,0,0,10,False
01735,tri_buf,7,10,123,18,28,808,4,0,0,4,False
01736,sky130_fd_sc_ms__nand4bb,18,25,363,62,89,3890,13,0,0,13,False
01737,clock_phase_shifter,14,17,311,31,48,2239,8,0,0,8,False
01738,counter,16,18,307,37,58,2549,10,0,0,10,False
01739,sky130_fd_sc_ms__nand4bb,22,30,436,33,48,1505,8,0,0,8,False
01740,counter,13,15,296,24,37,1239,6,0,0,6,False
01741,TLATNTSCAX2TS,5,7,121,25,38,1145,6,0,0,6,False
01742,generate_Z,23,27,485,42,61,2429,10,0,0,10,False
01743,sky130_fd_sc_lp__inputiso1n,11,13,225,45,65,2107,9,0,0,9,False
01744,sp_mux_5to1_sel3_4_1 #,35,44,998,41,57,2054,8,0,0,8,False
01745,adder_4bit,22,36,695,48,73,2382,12,0,0,12,False
01746,vending_machine,15,17,476,44,67,2992,10,0,0,10,False
01747,signal_converter,12,14,269,42,63,2250,9,0,0,9,False
01748,sparc_ifu_par32,8,13,127,149,158,6924,4,0,0,4,False
01749,bitwise_operators #,41,50,900,43,64,1787,11,0,0,11,False
01750,MUX16,41,43,1125,71,107,3744,16,0,0,16,False
01751,c_clkgate,14,21,293,22,34,1259,5,0,0,5,False
01752,MUX4_1,18,20,277,23,30,758,4,0,0,4,False
01753,my_or4bb,19,30,583,48,73,2632,10,0,0,10,False
01754,add8,9,13,238,35,52,1959,9,0,0,9,False
01755,top_,67,74,1300,54,71,2572,6,0,0,6,False
01756,d_flip_flop_async_reset,14,16,271,34,53,2110,8,0,0,8,False
01757,mux4 #,6,7,229,29,41,1333,6,0,0,6,False
01758,arithmetic,17,19,413,38,57,2057,10,0,0,10,False
01759,four_input_and_gate,16,19,257,40,60,2293,10,0,0,10,False
01760,binary_to_gray,9,11,267,33,50,1776,9,0,0,9,False
01761,full_adder,17,18,763,59,85,3251,12,0,0,12,False
01762,ones_counter,14,16,282,34,55,2253,8,0,0,8,False
01763,mdio_1to2,22,31,633,51,78,2385,12,0,0,12,False
01764,top_,103,124,2419,43,68,2535,10,0,0,10,False
01765,counter,13,15,221,24,35,1391,6,0,0,6,False
01766,signal_combiner,21,26,883,42,67,3496,9,0,0,9,False
01767,p_aoi22,9,11,244,46,69,1937,12,0,0,12,False
01768,and_gate,8,13,164,31,46,1350,8,0,0,8,False
01769,top_module,19,23,555,22,29,887,3,0,0,3,False
01770,InputCell,20,33,510,32,48,2645,7,0,0,7,False
01771,comparator_4bit,15,17,301,28,41,1071,7,0,0,7,False
01772,bw_clk_gclk_inv_r90_224x,7,11,143,17,24,831,4,0,0,4,False
01773,barrel_shifter,12,17,328,38,60,2362,10,0,0,10,False
01774,full_adder,32,40,584,46,67,2298,10,0,0,10,False
01775,sky130_fd_sc_hd__or2,12,19,218,34,51,1572,9,0,0,9,False
01776,binary_counter,22,28,488,51,70,2580,10,0,0,10,False
01777,mux_4to1,11,13,207,38,55,1866,9,0,0,9,False
01778,system_axi_quad_spi_shield_0_axi_lite_ipif_v3_0_4_pselect_f__parameterized4,12,16,406,124,147,7508,11,0,0,11,False
01779,uart_1wire,18,20,320,33,48,1554,8,0,0,8,False
01780,sky130_fd_sc_hd__a31oi,22,31,515,38,57,1898,10,0,0,10,False
01781,multi_gate_,20,26,473,49,70,2579,10,0,0,10,False
01782,falling_edge_detector,17,20,346,34,53,1894,8,0,1,9,False
01783,two_bit_adder,17,23,353,42,63,1755,11,0,0,11,False
01784,halves_sum,8,10,148,12,19,1043,0,0,0,0,False
01785,top_module,52,72,1514,40,61,2008,10,0,0,10,False
01786,memory #,15,18,266,34,53,2265,8,0,0,8,False
01787,xor_gate,9,11,115,43,66,2039,12,0,0,12,False
01788,xor_8bit,16,18,305,24,32,1009,4,0,0,4,False
01789,counter,13,15,224,50,71,3110,10,0,0,10,False
01790,adder_mod,22,33,851,48,74,2549,13,0,0,13,False
01791,power_good,40,47,1448,52,74,2021,10,0,0,10,False
01792,port_address_reg,38,40,1593,66,88,4435,13,0,0,13,False
01793,bitwise_xor,11,15,176,36,58,2130,10,0,0,10,False
01794,div8,16,18,380,34,51,1882,8,0,0,8,False
01795,counter,61,71,1251,55,78,3326,10,0,0,10,False
01796,mem_encrypt_decrypt,23,26,506,34,49,2052,8,0,0,8,False
01797,traffic_light_controller,75,86,2010,96,129,5419,19,0,0,19,False
01798,adder4bit,12,15,217,58,77,2623,10,0,0,10,False
01799,counter_4bit_async_reset,13,15,249,24,35,1288,6,0,0,6,False
01800,adder_4bit,15,19,346,31,46,1369,7,0,0,7,False
01801,flip_flop,27,31,554,37,54,1800,8,0,0,8,False
01802,d_ff_set_clear,17,19,317,23,32,1122,5,0,0,5,False
01803,calculator,15,17,347,26,37,1285,6,0,0,6,False
01804,mux_4to1_en,13,15,421,33,49,1801,7,0,0,7,False
01805,multiplier,14,19,339,46,71,2549,13,0,0,13,False
01806,four_bit_adder_structural,21,27,581,41,60,2069,10,0,0,10,False
01807,Control,39,47,678,47,71,2819,12,0,0,12,False
01808,counter,14,16,243,34,53,2126,9,0,0,9,False
01809,mux_4to1,15,17,331,33,50,1595,8,0,0,8,False
01810,d_ff_async_set_reset,21,23,436,45,65,2588,10,0,0,10,False
01811,AND4D2,14,18,218,27,38,1131,6,0,0,6,False
01812,my_,22,26,307,44,62,1981,8,0,0,8,False
01813,sky130_fd_sc_ms__xor3,14,21,243,37,47,1464,10,0,0,10,False
01814,sky130_fd_sc_ls__o221ai,22,29,464,42,62,2167,8,0,0,8,False
01815,gray_code_conversion,7,9,171,33,50,2083,9,0,0,9,False
01816,async_reset_binary_counter,66,70,1394,42,61,2530,10,0,0,10,False
01817,diode_controller,29,37,756,42,66,2181,10,0,0,10,False
01818,sky130_fd_sc_hvl__a22o,20,27,410,36,53,1940,9,0,0,9,False
01819,data_buffer,71,75,1660,95,140,5696,23,0,0,23,False
01820,Multiplexer_AC__parameterized114,11,13,180,37,59,1779,10,0,0,10,False
01821,counter_mux_xor,20,28,809,52,83,3090,13,0,0,13,False
01822,sky130_fd_sc_ms__o211ai,22,30,425,40,55,1817,8,0,0,8,False
01823,binary_counter,20,22,453,30,43,1587,7,0,0,7,False
01824,binary_ones_counter,17,20,410,66,93,3386,11,0,0,11,False
01825,dff,50,57,856,38,57,1865,10,0,0,10,False
01826,hls_contrast_streibs,41,48,1202,44,59,2403,7,0,0,7,False
01827,sky130_fd_sc_lp__nand3,14,21,251,39,60,2124,10,0,0,10,False
01828,counter_mod_rtl,28,32,624,52,71,2498,9,0,0,9,False
01829,mux_4to1,13,17,207,37,54,2254,9,0,0,9,False
01830,alu,27,37,838,46,68,2016,10,0,0,10,False
01831,barrel_shifter,69,84,1504,55,76,3297,10,0,0,10,False
01832,twos_complement,12,14,190,31,46,1649,8,0,0,8,False
01833,full_adder,16,19,481,38,57,2055,10,0,0,10,False
01834,LOA #,17,21,520,38,59,2316,10,0,0,10,False
01835,inverted_5input_OR_gate,16,18,246,54,73,2752,10,0,0,10,False
01836,four_bit_adder,25,40,667,69,90,3187,11,0,0,11,False
01837,shiftReg #,27,33,487,36,53,2182,7,0,1,8,False
01838,mux_2to1,14,16,216,32,47,1673,8,0,0,8,False
01839,sky130_fd_sc_ms__clkdlyinv5sd2,10,17,210,17,24,648,4,0,0,4,False
01840,binary_counter,15,19,348,30,41,1588,6,0,0,6,False
01841,count3,18,22,311,35,52,1842,9,0,0,9,False
01842,d_flip_flop,8,11,214,12,15,456,2,0,0,2,False
01843,wait_generator,24,28,609,32,52,2089,8,0,0,8,False
01844,three_to_one,15,17,344,36,53,1787,9,0,0,9,False
01845,binary_counter,23,25,521,37,56,2336,10,0,0,10,False
01846,logic_circuit,16,23,381,38,57,1729,10,0,0,10,False
01847,sky130_fd_sc_lp__clkinvlp,14,22,278,29,44,1185,8,0,0,8,False
01848,binary_adder,14,17,313,40,62,2226,10,0,0,10,False
01849,decoder_using_case,31,34,891,31,46,1556,8,0,0,8,False
01850,counter_4bit,17,19,285,29,42,1606,7,0,0,7,False
01851,mux3to1_async_reset_ce,28,32,621,35,55,2093,8,0,0,8,False
01852,CLK_GATE_MODULE,6,9,124,37,48,1842,10,0,0,10,False
01853,my_xor3,16,22,250,52,83,2481,15,0,0,15,False
01854,FSM #,49,61,1445,80,111,3915,17,0,0,17,False
01855,bin2gray,9,11,201,23,38,1300,6,0,0,6,False
01856,ir,36,40,1183,72,113,3834,19,0,0,19,False
01857,sub,9,11,179,32,40,1315,8,0,0,8,False
01858,adder_4bit_carry,12,17,239,38,55,1743,8,0,0,8,False
01859,pipeline_split,32,43,808,16,24,769,3,0,0,3,False
01860,bitwise_xor,8,10,142,31,46,1651,8,0,0,8,False
01861,top_,16,22,249,49,68,3363,10,0,0,10,False
01862,shift_register,7,10,184,25,38,1141,6,0,0,6,False
01863,xor_gate,10,10,245,33,52,1748,9,0,0,9,False
01864,sector_flash_map,17,20,557,53,75,2596,11,0,0,11,False
01865,max_value,9,11,157,33,50,1504,9,0,0,9,False
01866,up_counter,11,12,266,21,30,1125,5,0,0,5,False
01867,g_18,8,12,205,44,67,2183,12,0,0,12,False
01868,pg_45,10,15,344,40,54,1978,10,0,0,10,False
01869,binary_counter,21,23,410,46,67,2240,10,0,0,10,False
01870,sync_counter,19,21,376,46,67,2613,10,0,0,10,False
01871,my_inverter,8,11,120,27,40,1162,7,0,0,7,False
01872,MUX2X1,25,33,544,61,76,2818,14,0,0,14,False
01873,parity,10,16,308,40,59,2043,10,0,0,10,False
01874,modulo_operator,13,15,244,41,62,2884,11,0,0,11,False
01875,udp_mux_4to1,24,31,792,49,70,3134,14,0,0,14,False
01876,sky130_fd_sc_lp__a21boi,22,30,472,41,62,1936,11,0,0,11,False
01877,mul16,27,36,664,34,54,2858,9,0,0,9,False
01878,mux_4to1_case,21,26,460,34,53,1830,8,0,0,8,False
01879,bitwise_and,7,9,108,28,41,1368,7,0,0,7,False
01880,d_ff_en_clk_gate,18,24,279,31,46,1577,8,0,0,8,False
01881,sky130_fd_sc_hdll__a32o,26,35,608,40,61,1979,10,0,0,10,False
01882,dual_ps2_ioadapter,35,39,1363,59,74,2603,12,0,0,12,False
01883,SNPS_CLOCK_GATE_HIGH_RegisterAdd_W13,13,16,263,28,42,1536,7,0,0,7,False
01884,DFF_RST_SET,11,12,245,23,34,1070,5,0,0,5,False
01885,rominfr,29,30,977,61,85,3274,18,0,0,18,False
01886,up_down_counter,17,21,337,37,58,2365,10,0,0,10,False
01887,top_module,26,37,1091,27,43,1522,6,0,0,6,False
01888,up_down_counter,26,28,481,45,69,2473,10,0,0,10,False
01889,sparc_ifu_cmp35,17,22,286,28,43,1477,7,0,0,7,False
01890,xor4,18,28,347,48,72,2549,10,0,0,10,False
01891,adder_2bit,9,17,342,38,55,1590,9,0,0,9,False
01892,adder_subtractor,15,17,233,29,44,1445,7,0,0,7,False
01893,adder_4bit,34,44,880,57,76,2592,10,0,0,10,False
01894,ascending_order,14,16,221,26,37,1345,6,0,0,6,False
01895,mux2to1,7,10,155,77,88,3484,6,0,0,6,False
01896,figuras_Gato,23,25,759,72,93,3684,10,0,0,10,False
01897,full_adder,10,12,172,35,54,1646,9,0,0,9,False
01898,mux4,15,17,341,34,48,1434,6,0,0,6,False
01899,ResetEither,20,29,562,61,83,3129,9,0,0,9,False
01900,sky130_fd_sc_hdll__or2,58,72,912,42,59,1951,10,0,0,10,False
01901,pipeline_module,15,21,284,30,48,1831,8,0,0,8,False
01902,barrel_shifter,7,9,168,42,65,2479,10,0,0,10,False
01903,four_bit_adder,35,46,911,51,72,2572,10,0,0,10,False
01904,Mealy,53,66,1606,55,74,3397,14,0,0,14,False
01905,simple_counter,14,16,236,30,46,1662,7,0,0,7,False
01906,counter_mod,13,15,257,33,52,1799,9,0,0,9,False
01907,and_,10,16,312,36,57,1975,10,0,0,10,False
01908,sram,66,86,1859,38,55,2384,9,0,0,9,False
01909,GeAr_N8_R1_P6,7,9,125,34,51,1828,9,0,0,9,False
01910,dff_async_reset,17,21,283,22,31,1130,5,0,0,5,False
01911,FULL_ADDER,21,27,494,58,87,2901,12,0,0,12,False
01912,bit_counter,26,28,636,53,69,3225,16,0,0,16,False
01913,mux4,10,12,264,27,40,1285,7,0,0,7,False
01914,my_,16,20,388,43,62,2314,12,0,0,12,False
01915,regfile,17,24,403,15,18,689,2,0,0,2,False
01916,clock_gate,16,20,395,31,46,1845,8,0,0,8,False
01917,greater_than_,13,15,201,40,63,1728,11,0,0,11,False
01918,add_sub,14,16,258,49,68,2667,10,0,0,10,False
01919,register,18,21,290,43,64,2379,10,0,0,10,False
01920,Divisor_Frecuencia,15,19,325,37,61,2440,10,0,0,10,False
01921,PushButton_Debouncer,23,33,1246,55,83,3138,14,0,0,14,False
01922,clock_inverter,9,14,201,18,25,959,4,0,0,4,False
01923,switch_to_leds,16,18,428,37,59,2972,10,0,0,10,False
01924,BCD_to_Binary,20,22,536,36,55,2129,10,0,0,10,False
01925,clock_gate_64bit_reg,15,19,257,25,39,1411,6,0,0,6,False
01926,axis_infrastructure_v1_1_clock_synchronizer #,28,39,849,40,56,2511,8,0,0,8,False
01927,karnaugh_map,25,27,532,44,59,1917,12,0,0,12,False
01928,my_nor,16,24,600,45,67,2199,10,0,0,10,False
01929,mux4,17,19,309,34,45,1925,8,0,0,8,False
01930,sky130_fd_sc_ms__einvp,10,16,165,25,39,1539,6,0,0,6,False
01931,and_gate_16bit,27,38,585,49,60,2342,10,0,0,10,False
01932,d_ff_en_parameterized #,17,21,442,31,44,2239,6,0,0,6,False
01933,combinational_circuit,8,10,164,39,58,2281,10,0,0,10,False
01934,comparator,57,63,1139,34,51,1599,9,0,0,9,False
01935,top_,28,37,661,33,55,1764,9,0,0,9,False
01936,xor_shift_register,21,26,526,42,61,2440,10,0,0,10,False
01937,adder4 #,37,46,776,51,78,3179,12,0,0,12,False
01938,mux_4to1,61,66,1161,35,52,1822,9,0,0,9,False
01939,my_,15,19,298,36,53,1629,9,0,0,9,False
01940,crc_,30,39,749,55,80,3437,11,0,0,11,False
01941,binary_counter,12,14,237,35,56,2062,10,0,0,10,False
01942,sky130_fd_sc_ms__clkdlyinv3sd2,10,17,210,24,35,1171,6,0,0,6,False
01943,nios_system_switches,27,41,889,26,39,1759,6,0,0,6,False
01944,dff_clear_reset,15,17,282,32,47,1900,8,0,0,8,False
01945,my_logic,13,18,289,39,58,1815,10,0,0,10,False
01946,counter,20,23,460,35,53,2040,8,0,0,8,False
01947,calculator,23,24,429,31,43,1731,7,0,0,7,False
01948,four_bit_adder,13,16,199,65,90,2931,13,0,0,13,False
01949,velocityControlHdl_Reset_Delay,30,50,1124,42,62,3286,9,0,0,9,False
01950,behavioral,42,63,953,39,60,1853,10,0,0,10,False
01951,sky130_fd_sc_lp__a2111o_2,31,38,541,46,71,2348,12,0,0,12,False
01952,sky130_fd_sc_hdll__xor3,14,21,245,37,56,1947,10,0,0,10,False
01953,shift_register,17,19,307,32,49,1605,8,0,0,8,False
01954,swap_first_last_16_bits,20,22,426,31,44,1659,6,0,0,6,False
01955,mux4to1_32,16,20,264,48,67,2446,10,0,0,10,False
01956,xor_gate,23,31,352,36,55,1814,10,0,0,10,False
01957,counter,12,15,241,37,52,2114,8,0,0,8,False
01958,bin_to_gray,18,20,392,36,46,1724,10,0,0,10,False
01959,d_ff_en,12,14,163,31,51,1804,8,0,0,8,False
01960,cpx_fpbuf_p0,8,14,261,43,60,2452,9,0,0,9,False
01961,and3_not_A,11,18,251,34,51,1612,9,0,0,9,False
01962,react,25,35,869,49,68,2828,10,0,0,10,False
01963,top_,17,23,342,38,61,2227,8,0,0,8,False
01964,spll,35,40,609,40,63,2399,9,0,0,9,False
01965,synchronous_counter,14,16,340,32,49,1959,7,0,0,7,False
01966,sky130_fd_sc_ms__o221ai,26,34,537,49,70,2689,10,0,0,10,False
01967,sky130_fd_sc_lp__invkapwr,10,17,205,36,55,1562,10,0,0,10,False
01968,scan_chain_interface,40,43,1407,67,88,4217,12,0,0,12,False
01969,sky130_fd_sc_ls__a211o,18,25,338,47,72,2293,13,0,0,13,False
01970,d_ff_asr,19,23,336,32,43,1376,6,0,0,6,False
01971,bidirectional_data_port,8,10,169,47,70,2403,10,0,0,10,False
01972,barrel_shifter,61,79,1536,65,94,3881,10,0,0,10,False
01973,sky130_fd_sc_lp__o31a,22,30,412,48,67,3025,10,0,0,10,False
01974,d_flip_flop_mux_latch,20,25,418,32,52,1846,8,0,0,8,False
01975,up_down_counter,50,62,1013,48,68,2381,8,0,0,8,False
01976,sky130_fd_sc_lp__a22o_m,105,115,1699,42,61,2104,10,0,0,10,False
01977,shift_register,14,16,280,22,35,1284,5,0,0,5,False
01978,bitwise_op,30,37,601,37,56,1918,10,0,0,10,False
01979,d_flip_flop,42,55,750,37,52,1569,8,0,0,8,False
01980,MUX2x1_8_1_0,30,34,449,57,71,2351,13,0,0,13,False
01981,counter_,17,20,354,41,65,2519,11,0,0,11,False
01982,mult_,9,15,239,37,56,2187,10,0,0,10,False
01983,mult_module,53,63,911,43,64,2619,10,0,0,10,False
01984,binary_ones_complement,8,10,136,39,50,1904,11,0,0,11,False
01985,decoder_4to16,27,32,628,32,47,1806,8,0,0,8,False
01986,barrel_shifter_priority_encoder_or,56,61,1671,56,75,4410,15,0,0,15,False
01987,top_module,56,69,1492,61,87,3275,17,0,0,17,False
01988,signed_mag_comp,19,21,373,26,37,987,6,0,0,6,False
01989,shift_adder,33,41,633,39,62,2572,10,0,0,10,False
01990,FullAdder,40,48,1035,133,171,5472,24,0,0,24,False
01991,add_sub,15,19,277,30,40,1324,4,0,0,4,False
01992,priority_encoder,35,43,832,49,69,2954,13,0,0,13,False
01993,kb_code,30,35,775,39,57,2514,9,0,0,9,False
01994,adder_8bit,10,13,219,34,51,2198,9,0,0,9,False
01995,sky130_fd_sc_hdll__nand4b,22,30,441,39,62,1878,10,0,0,10,False
01996,myModule,24,38,509,36,47,1630,6,0,0,6,False
01997,my_,16,23,367,38,57,1652,10,0,0,10,False
01998,priority_encoder #,19,24,719,37,48,1909,8,0,0,8,False
01999,mux4to1,15,19,427,31,43,1362,6,0,0,6,False
02000,sky130_fd_sc_hd__nand4bb,13,19,324,42,61,1711,10,0,0,10,False
02001,nor4b,24,28,358,40,61,1984,9,0,0,9,False
02002,UART_Rx,67,79,1622,78,105,4471,14,0,0,14,False
02003,byte_generator_even_parity,15,17,320,25,42,1413,6,0,0,6,False
02004,binary_comparator,23,25,440,30,47,1457,7,0,0,7,False
02005,sky130_fd_sc_lp__iso0p,12,19,235,21,30,1154,5,0,0,5,False
02006,sky130_fd_sc_hd__mux2_1,28,37,715,30,47,1636,8,0,0,8,False
02007,prng,25,29,646,41,60,2411,9,0,0,9,False
02008,nor4,27,35,457,39,60,1943,10,0,0,10,False
02009,and1_fixed,11,15,421,38,55,1565,9,0,0,9,False
02010,BitwiseLeftShift,13,15,306,37,56,1986,10,0,0,10,False
02011,prog_counter2,16,36,276,27,44,1830,7,0,0,7,False
02012,decoder_4to16,21,23,1172,20,27,744,3,0,0,3,False
02013,nor_using_nand,10,13,206,28,41,1226,7,0,0,7,False
02014,up_down_counter,27,33,704,50,74,2763,10,0,0,10,False
02015,add_sub,8,11,183,46,68,2117,10,0,0,10,False
02016,hpdmc_banktimer,30,37,592,47,70,3415,12,0,0,12,False
02017,priority_encoder,14,16,282,36,51,1616,7,0,0,7,False
02018,button_counter,20,23,343,43,66,2578,12,0,0,12,False
02019,sky130_fd_sc_hd__and2b,14,21,298,37,56,1718,10,0,0,10,False
02020,four_bit_adder,16,20,316,39,61,2382,10,0,0,10,False
02021,clock_gate,19,24,368,52,69,2735,9,0,0,9,False
02022,sky130_fd_sc_hvl__or3,14,21,240,29,44,1500,7,0,0,7,False
02023,priority_encoder,30,43,1125,64,90,3445,10,0,0,10,False
02024,uart_baud_clk,24,30,693,38,57,2284,10,0,0,10,False
02025,reg_16bit,207,247,3037,45,64,2588,10,0,0,10,False
02026,sky130_fd_sc_ls__a21oi,20,26,344,38,57,1605,10,0,0,10,False
02027,ripple_carry_adder,22,27,566,38,57,2163,10,0,0,10,False
02028,mux2,12,15,148,32,47,1950,8,0,0,8,False
02029,TLATNTSCAX2TS,12,20,306,22,33,1036,5,0,0,5,False
02030,mult_16x16,28,39,536,76,115,3632,16,0,0,16,False
02031,sky130_fd_sc_lp__einvp,10,16,165,9,14,510,3,0,0,3,False
02032,sky130_fd_sc_ms__o21ai,24,35,967,39,55,2348,7,0,0,7,False
02033,signed_multiplier,7,9,141,37,56,1685,10,0,0,10,False
02034,shift_adder,22,31,642,42,65,2272,11,0,0,11,False
02035,xnor4to1,9,12,129,24,32,1157,4,0,0,4,False
02036,mux_2to1_enable,8,10,119,32,49,1489,8,0,0,8,False
02037,comparator_2bit,14,16,236,43,56,2270,6,0,0,6,False
02038,binary_adder_4bit,15,19,284,30,41,1458,6,0,0,6,False
02039,mux,8,10,116,32,48,1599,8,0,0,8,False
02040,mux_2to1,8,10,113,32,47,1485,8,0,0,8,False
02041,voltage_level_shifter,23,27,438,55,79,3565,11,0,0,11,False
02042,iobus_3_connect,102,110,3246,116,140,5387,13,0,0,13,False
02043,binary_counter,42,53,1046,54,83,3278,14,0,0,14,False
02044,sky130_fd_sc_hvl__a22o,24,32,483,26,37,1229,6,0,0,6,False
02045,four_bit_adder,15,18,258,39,67,2701,10,0,0,10,False
02046,and4_pwr_good,19,30,559,67,94,4944,13,0,0,13,False
02047,freq_divider,17,22,518,30,47,1853,8,0,0,8,False
02048,adder,15,22,321,38,57,2073,10,0,0,10,False
02049,shift_register #,46,56,1292,48,69,2892,10,0,0,10,False
02050,data_converter,21,25,396,34,51,2112,7,0,0,7,False
02051,mux_2_to_1,22,26,318,34,52,1710,8,0,0,8,False
02052,wire_mux,69,73,1400,54,70,2757,13,0,0,13,False
02053,mux4to1,15,19,309,41,60,1885,10,0,0,10,False
02054,four_bit_adder,14,17,232,42,65,2173,11,0,0,11,False
02055,top_module,23,28,406,36,53,1871,9,0,0,9,False
02056,bin_to_gray,6,9,183,20,25,773,3,0,0,3,False
02057,shift_register,13,17,252,21,32,1258,5,0,0,5,False
02058,fpoint_qsys_addsub_single_altpriority_encoder_lha,27,39,745,35,58,2095,10,0,0,10,False
02059,twos_complement,32,43,819,41,66,2507,11,0,0,11,False
02060,d_ff_pipeline,16,21,233,26,41,1240,6,0,0,6,False
02061,lab5_1_1,80,83,1571,56,87,3800,14,0,0,14,False
02062,d_flip_flop,15,17,260,22,33,1158,5,0,0,5,False
02063,binary_counter,13,15,229,36,57,2243,10,0,0,10,False
02064,sky130_fd_sc_ms__a41o,24,32,430,43,62,2376,11,0,0,11,False
02065,Freq_Divider#,19,31,682,41,63,2462,10,0,0,10,False
02066,d_ff_async_reset,14,17,317,16,21,662,3,0,0,3,False
02067,mbus_wire_ctrl,48,53,767,80,96,4379,15,0,0,15,False
02068,binary_counter,19,21,350,40,52,2146,5,0,0,5,False
02069,dual_edge_ff,21,26,366,36,55,2089,10,0,0,10,False
02070,mux32,8,11,137,44,67,2493,12,0,0,12,False
02071,logic_unit,11,14,187,38,59,1502,10,0,0,10,False
02072,muddlib07__nand2_1x,25,29,681,55,78,3143,11,0,0,11,False
02073,chatgpt_generate_JC_counter,17,20,436,52,73,2607,10,0,0,10,False
02074,twos_complement,9,17,295,37,58,1740,10,0,0,10,False
02075,fpu_denorm_3to1,23,30,1002,149,178,9349,15,0,0,15,False
02076,sky130_fd_sc_ms__and4,16,23,264,33,50,1652,8,0,0,8,False
02077,clock_counter,14,17,373,49,71,2934,10,0,0,10,False
02078,address_decoder,18,20,390,41,61,2509,9,0,0,9,False
02079,sky130_fd_sc_ms__fahcin,27,34,692,45,68,1992,12,0,0,12,False
02080,magnitude_comparator,7,9,163,37,48,1613,10,0,0,10,False
02081,xor_gate,14,16,208,25,36,1218,6,0,0,6,False
02082,sky130_fd_sc_hd__nor3b,20,28,398,43,62,2183,9,0,0,9,False
02083,sky130_fd_sc_hd__lpflow_inputiso1n,16,24,331,37,56,1919,10,0,0,10,False
02084,d_latch,36,43,626,27,38,1325,5,0,0,5,False
02085,sky130_fd_sc_lp__a21oi_4,43,51,683,41,60,2132,10,0,0,10,False
02086,gray_counter,59,69,1647,42,65,2482,10,0,0,10,False
02087,four_bit_adder,25,39,729,45,71,2386,10,0,0,10,False
02088,sky130_fd_sc_ls__a2111oi,24,32,453,45,71,2265,12,0,0,12,False
02089,hi_read_tx,61,74,1554,64,93,3376,14,0,0,14,False
02090,dual_edge_triggered_flip_flop,13,18,214,36,57,2135,10,0,0,10,False
02091,priority_encoder,12,16,267,32,47,1556,8,0,0,8,False
02092,four_input_mux,17,19,400,117,139,8966,10,0,0,10,False
02093,binary_counter,18,20,392,30,47,1596,7,0,0,7,False
02094,my_,30,37,1116,52,79,2387,13,0,0,13,False
02095,counter,16,18,302,25,36,1568,6,0,0,6,False
02096,mux_parity,30,41,1241,51,72,2013,10,0,0,10,False
02097,barrel_shifter,14,16,423,28,43,1731,5,0,0,5,False
02098,DFFSR,12,15,250,26,42,1621,6,0,0,6,False
02099,simple_calculator,15,17,363,38,60,2379,10,0,0,10,False
02100,byte_reverser,54,57,1019,32,45,1764,7,0,0,7,False
02101,simple_calculator,38,40,865,77,96,3075,10,0,0,10,False
02102,top_,38,50,1006,38,62,2375,9,0,0,9,False
02103,my_,24,29,437,42,61,2013,10,0,0,10,False
02104,sky130_fd_sc_hdll__o21a,16,23,318,32,49,1655,8,0,0,8,False
02105,sky130_fd_sc_ms__bufinv,14,22,276,36,55,2041,10,0,0,10,False
02106,sky130_fd_sc_hdll__o21bai,22,30,489,67,87,3180,10,0,0,10,False
02107,sky130_fd_sc_hd__a21bo,16,23,344,32,50,1646,8,0,0,8,False
02108,sky130_fd_sc_ms__a21bo,16,23,344,38,57,2066,10,0,0,10,False
02109,up_down_counter,26,31,426,42,63,2331,11,0,0,11,False
02110,mux_2to1,8,10,122,33,48,1985,8,0,0,8,False
02111,four_bit_adder,18,29,542,49,80,2540,14,0,0,14,False
02112,logic_,8,10,165,37,58,2107,10,0,0,10,False
02113,comparator_4bit,13,15,230,24,32,904,5,0,0,5,False
02114,mux_2to1,13,15,176,20,27,839,4,0,0,4,False
02115,my_inverter,8,11,96,17,26,738,4,0,0,4,False
02116,MUX4to1_using_2to1,14,24,442,58,81,4227,12,0,0,12,False
02117,debounce_switch  #,44,62,1226,73,101,3872,11,0,0,11,False
02118,full_adder,14,25,449,54,75,2285,11,0,0,11,False
02119,xor_gate_lut,15,17,295,40,56,1751,11,0,0,11,False
02120,combinational_logic,13,15,218,30,42,1297,6,0,0,6,False
02121,absolute_value,12,14,255,36,59,2212,10,0,0,10,False
02122,four_bit_comparator,23,30,401,39,58,1597,10,0,0,10,False
02123,cpu_mem,49,61,1320,61,87,3252,11,0,0,11,False
02124,nand4,26,29,397,42,63,1926,10,0,0,10,False
02125,consecutive_ones,27,31,890,33,55,2322,9,0,0,9,False
02126,full_adder,44,61,1858,38,57,2178,10,0,0,10,False
02127,mux4to1,13,17,270,40,55,2008,7,0,0,7,False
02128,sky130_fd_sc_hdll__or4b,18,25,352,42,63,2144,11,0,0,11,False
02129,d_ff_clear_preset,21,23,399,40,53,1908,7,0,0,7,False
02130,dff_with_set_clear_preset,22,26,381,40,59,2082,10,0,0,10,False
02131,add_sub,14,16,256,28,39,1437,6,0,0,6,False
02132,Johnson_counter,34,37,953,71,104,3897,14,0,0,14,False
02133,data_adapter,31,39,1155,57,81,3456,10,0,0,10,False
02134,dffrl_async,22,31,670,36,55,1876,8,0,0,8,False
02135,binary_counter,22,23,474,47,66,2630,10,0,0,10,False
02136,binary_to_gray,8,11,210,45,64,3006,10,0,0,10,False
02137,top_module,39,49,677,43,60,2382,9,0,0,9,False
02138,serial_rx #,83,92,1692,41,64,2674,11,0,0,11,False
02139,multiplexer,61,66,1398,38,55,2281,10,0,0,10,False
02140,sum_4_bits,5,7,127,25,35,1281,4,0,0,4,False
02141,mux,19,21,345,41,62,2281,11,0,0,11,False
02142,bw_clk_cclk_inv_64x,7,10,137,23,29,1065,6,0,0,6,False
02143,four_bit_adder,6,8,113,31,49,1542,8,0,0,8,False
02144,SwapUnit,21,25,1039,72,89,4322,11,0,0,11,False
02145,mux_2_to_1,8,10,127,35,52,1664,9,0,0,9,False
02146,barrel_shifter,14,16,353,29,47,1848,7,0,0,7,False
02147,processor_system_reset,28,29,802,58,83,4285,9,0,0,9,False
02148,arithmetic_op,5,7,168,38,59,2123,10,0,0,10,False
02149,BitLpf #,16,23,379,46,67,2730,10,0,0,10,False
02150,seven_to_one,20,23,303,53,72,2760,10,0,0,10,False
02151,ripple_carry_adder,26,35,788,44,65,2134,10,0,0,10,False
02152,dynamic_gate,10,12,170,24,35,1205,6,0,0,6,False
02153,adder_4bit,9,11,148,30,43,1737,7,0,0,7,False
02154,mux4to1,14,17,330,52,71,2569,10,0,0,10,False
02155,priority_encoder,13,15,349,32,41,1649,9,0,0,9,False
02156,two_bit_sat_counter,17,19,538,40,63,2281,11,0,0,11,False
02157,sky130_fd_sc_hvl__o21a_1,39,52,697,37,49,1834,10,0,0,10,False
02158,frequency_divider,24,28,588,41,64,2705,10,0,0,10,False
02159,mux_2to1_pipeline,19,26,394,33,46,1903,7,0,0,7,False
02160,gated_d_ff_en_W32_0_0,27,42,637,39,59,1829,10,0,0,10,False
02161,sourceMod,10,13,177,34,45,1740,6,0,0,6,False
02162,sky130_fd_sc_hvl__lsbuflv2hv_clkiso_hlkg,14,21,342,43,66,2228,12,0,0,12,False
02163,d_ff_reset_preset,13,16,240,40,61,2264,10,0,0,10,False
02164,dffr,22,30,556,36,56,2295,8,0,0,8,False
02165,adder_4_2,9,12,201,44,71,2484,11,0,0,11,False
02166,accumulator,15,19,245,25,38,1303,6,0,0,6,False
02167,or_gate,36,44,516,37,56,2174,10,0,0,10,False
02168,Arithmetic_Logic_Unit,28,30,1050,58,75,3293,17,0,0,17,False
02169,arithmetic_op,15,18,310,42,63,2138,10,0,0,10,False
02170,priority_encoder,27,33,641,52,66,2691,13,0,0,13,False
02171,sky130_fd_sc_ls__a222o,30,38,645,59,74,3042,7,0,0,7,False
02172,ripple_adder,31,39,656,76,99,3143,12,0,0,12,False
02173,dff_,16,21,283,17,24,899,3,0,0,3,False
02174,zet_bitlog,9,13,184,29,42,1193,7,0,0,7,False
02175,Comparator #,17,20,312,39,60,1638,10,0,0,10,False
02176,simple_logic,6,8,81,22,31,991,5,0,0,5,False
02177,pwrgood_pp,33,44,673,41,60,2344,10,0,0,10,False
02178,concat_,18,22,334,34,52,1717,8,0,0,8,False
02179,add4bit,13,23,479,33,48,1762,8,0,0,8,False
02180,xor_module,44,51,902,39,60,1985,10,0,0,10,False
02181,conditional_output,66,74,1554,52,68,3128,11,0,0,11,False
02182,top_,30,40,1060,41,65,2516,10,0,0,10,False
02183,chatgpt_generate_JC_counter,79,83,2390,33,56,2192,9,0,0,9,False
02184,light_control_block,19,24,404,37,61,2411,10,0,0,10,False
02185,counter,15,17,271,37,56,2240,10,0,0,10,False
02186,unknown_module,20,24,656,60,85,3422,13,0,0,13,False
02187,data_storage,24,28,487,40,59,2315,10,0,0,10,False
02188,BitShifting,7,9,167,37,56,1997,10,0,0,10,False
02189,binary_adder,24,38,665,57,82,2621,12,0,0,12,False
02190,add_sub_8bit,14,16,260,35,55,1977,9,0,0,9,False
02191,and_gate,7,9,92,24,35,870,6,0,0,6,False
02192,clock_gate,16,18,244,37,58,1712,10,0,0,10,False
02193,dff_,16,21,282,15,20,805,3,0,0,3,False
02194,three_stage_pipeline,55,69,1002,48,64,2970,11,0,0,11,False
02195,logic_gate,24,33,520,53,80,2982,13,0,0,13,False
02196,shift_register,19,22,347,41,56,2194,8,0,0,8,False
02197,data_whiting,77,91,2355,36,48,2274,9,0,0,9,False
02198,interrupt_controller,58,68,2148,74,102,3872,11,0,0,11,False
02199,Multiplexer,9,12,151,31,48,1403,8,0,0,8,False
02200,Control,44,54,974,66,87,3756,10,0,0,10,False
02201,mux4to1_4bit,10,14,301,51,74,2649,12,0,0,12,False
02202,d_ff_reset,14,16,258,31,54,1953,8,0,0,8,False
02203,multiplier,12,16,325,44,66,2870,11,0,0,11,False
02204,binary_adder,15,21,350,52,77,3246,11,0,0,11,False
02205,sky130_fd_sc_lp__nor3,14,21,243,38,57,1729,10,0,0,10,False
02206,twos_complement,8,10,124,24,37,1013,6,0,0,6,False
02207,FA_17,10,12,210,43,66,2442,11,0,0,11,False
02208,BinaryCounter,15,16,327,30,41,1766,8,0,0,8,False
02209,register,17,19,320,38,57,2233,10,0,0,10,False
02210,ripple_carry_adder,14,19,313,32,50,1898,8,0,0,8,False
02211,shift_right,23,27,514,46,78,3181,11,0,0,11,False
02212,sky130_fd_sc_ls__nand4b,18,25,366,60,93,2922,17,0,0,17,False
02213,karnaugh_map,6,10,175,37,47,1780,10,0,0,10,False
02214,ir_rcv,116,127,3292,139,187,8439,22,0,0,22,False
02215,comparator_generic,18,26,624,34,51,1622,9,0,0,9,False
02216,my_,26,34,746,39,57,2007,9,0,0,9,False
02217,adder,10,12,178,37,56,1743,10,0,0,10,False
02218,subfxp,14,21,458,45,65,2790,7,0,0,7,False
02219,mux12_v10,26,28,481,48,63,2658,11,0,0,11,False
02220,binary_to_excess3,25,27,609,36,51,1804,10,0,0,10,False
02221,counter,16,19,338,25,36,1317,6,0,0,6,False
02222,my_,19,21,408,43,61,2457,8,0,0,8,False
02223,larger_number,33,39,807,35,54,2340,9,0,0,9,False
02224,sky130_fd_sc_ms__o41ai,24,32,447,123,147,4926,14,0,0,14,False
02225,trigterm_range_bit,19,24,436,52,77,2484,10,0,0,10,False
02226,mux_16to1_sel4_7_1 #,63,77,2404,92,111,3817,16,0,0,16,False
02227,four_bit_adder,23,46,1756,41,65,2084,10,0,0,10,False
02228,my_,25,27,393,33,44,1425,6,0,0,6,False
02229,adder_,15,18,340,30,41,1605,6,0,0,6,False
02230,compare_module,7,9,107,24,37,1174,6,0,0,6,False
02231,register #,15,19,282,30,46,1809,7,0,0,7,False
02232,MULTIPLEXER_4_TO_1 #,34,39,869,48,73,3100,12,0,0,12,False
02233,pipeemreg,26,26,610,53,71,2817,12,0,0,12,False
02234,magnitude_comparator_4bit,18,22,418,33,41,1306,8,0,0,8,False
02235,my_full_adder,21,27,620,37,58,1983,10,0,0,10,False
02236,gray_code_converter,10,13,289,24,35,1134,6,0,0,6,False
02237,mux_4to1,15,16,286,44,65,2418,11,0,0,11,False
02238,mux4to1,17,19,283,31,42,1367,6,0,0,6,False
02239,Incrementer,11,15,376,30,45,1603,8,0,0,8,False
02240,mi_nios_cpu_nios2_oci_fifo_wrptr_inc,17,19,442,44,67,3013,12,0,0,12,False
02241,bitwise_logical_mux,19,30,694,70,89,3911,10,0,0,10,False
02242,NOR3X1,15,18,227,38,57,1997,10,0,0,10,False
02243,IF,27,29,880,57,85,3303,11,0,0,11,False
02244,binary_counter,18,20,391,31,49,2100,8,0,0,8,False
02245,sky130_fd_sc_ls__o32ai,26,34,506,46,64,2430,9,0,0,9,False
02246,ChooseModule,7,9,153,36,55,2301,10,0,0,10,False
02247,synchronous_counter,16,18,318,45,68,2750,10,0,0,10,False
02248,decoder_4to16,26,28,942,36,55,1780,10,0,0,10,False
02249,program_counter2a,16,33,280,27,40,1585,7,0,0,7,False
02250,top_,67,82,1774,30,43,1903,7,0,0,7,False
02251,ripple_carry_adder,20,26,550,53,69,2398,7,0,0,7,False
02252,adder4bit,23,29,563,41,52,1652,6,0,0,6,False
02253,alu,20,25,512,29,42,1432,7,0,0,7,False
02254,xor_,15,17,211,32,51,1853,8,0,0,8,False
02255,counter_3bit,14,16,247,37,56,2303,10,0,0,10,False
02256,sky130_fd_sc_hdll__and4bb,18,25,351,39,58,1890,10,0,0,10,False
02257,sky130_fd_sc_ls__einvp,10,16,165,37,56,2041,10,0,0,10,False
02258,binary_adder,21,26,336,40,70,2260,11,0,0,11,False
02259,sky130_fd_sc_lp__o31a,20,25,375,48,69,2646,10,0,0,10,False
02260,logic_gate,9,11,117,33,48,1389,8,0,0,8,False
02261,bitwise_operations,24,26,486,44,66,1791,10,0,0,10,False
02262,four_bit_decoder,23,25,532,36,57,1893,10,0,0,10,False
02263,hex_to_seven_seg,27,33,797,54,87,2458,16,0,0,16,False
02264,twos_complement,8,10,124,33,48,2207,7,0,0,7,False
02265,clock_divider,27,33,686,55,83,4411,15,0,0,15,False
02266,simple_calculator,20,24,426,33,46,1837,7,0,0,7,False
02267,bit_converter,6,9,161,38,57,1804,10,0,0,10,False
02268,prcfg_dac,32,46,821,36,60,2422,8,0,0,8,False
02269,top_module,50,62,1301,39,65,2080,10,0,0,10,False
02270,mux6to1_pipeline,48,54,1423,49,68,2289,10,0,0,10,False
02271,logicblock_counter,32,38,859,50,71,2919,10,0,0,10,False
02272,simple_calculator,14,16,202,40,63,2198,11,0,0,11,False
02273,full_adder,46,58,1037,47,68,2384,11,0,0,11,False
02274,sky130_fd_sc_ls__nor3,18,26,316,35,48,1977,7,0,0,7,False
02275,my_,16,24,617,26,37,1148,6,0,0,6,False
02276,mag_comparator,11,13,196,36,55,1831,9,0,0,9,False
02277,EX_MEM_Seg,63,69,1532,120,142,5676,9,0,0,9,False
02278,grey_counter,43,60,1059,44,67,2743,10,0,0,10,False
02279,and5,15,18,349,40,59,1759,10,0,0,10,False
02280,xnor2,23,34,531,49,70,2318,11,0,0,11,False
02281,mux_priority_encoder,38,46,1027,58,73,3123,14,0,0,14,False
02282,shift_register,30,35,706,51,67,2841,13,0,0,13,False
02283,my_,16,23,522,46,63,2648,12,0,0,12,False
02284,sky130_fd_sc_hd__or2b,31,39,734,49,70,2826,10,0,0,10,False
02285,decoder_priority_encoder,27,31,680,41,66,2242,11,0,0,11,False
02286,sysgen_logical_8b7810a2aa,15,15,327,42,63,2368,11,0,0,11,False
02287,dffs_37,23,26,523,25,38,1437,6,0,0,6,False
02288,gray_code,15,17,481,30,47,1498,8,0,0,8,False
02289,and4,11,14,181,60,81,2940,10,0,0,10,False
02290,fa1,31,32,562,40,64,2044,10,0,0,10,False
02291,adder_4bit,15,19,307,21,30,954,4,0,0,4,False
02292,full_adder,23,30,634,42,62,2363,10,0,0,10,False
02293,top_module,28,37,886,36,57,2072,10,0,0,10,False
02294,sky130_fd_sc_hd__nor3,14,21,243,48,69,2609,11,0,0,11,False
02295,four_bit_adder,26,36,792,88,115,3849,12,0,0,12,False
02296,stratixv_pll_dpa_output #,32,41,898,44,61,2178,7,0,0,7,False
02297,nor4,31,40,350,41,60,1780,10,0,0,10,False
02298,shift_and_or,8,18,565,40,69,2627,11,0,0,11,False
02299,arithmetic_right_shift,82,98,1811,51,75,2992,11,0,0,11,False
02300,MUXn_4_1,25,30,647,54,83,3208,11,0,0,11,False
02301,barrel_shifter,14,16,333,25,38,1280,6,0,0,6,False
02302,MUX2,13,17,395,56,81,3163,13,0,0,13,False
02303,ll_axis_bridge #,22,29,745,46,72,2775,10,0,0,10,False
02304,basic_Calculator,22,24,515,56,79,3201,12,0,0,12,False
02305,and3_en,20,25,300,26,39,1563,6,0,0,6,False
02306,r_TX_BUF_OBJ4_BYTE_1,13,13,300,46,67,2809,9,0,0,9,False
02307,edge_detector,26,32,466,21,34,1258,5,0,0,5,False
02308,nand2_,12,16,194,28,43,1648,7,0,0,7,False
02309,binary_adder,25,32,599,57,89,2988,15,0,0,15,False
02310,nor2_pg,32,42,645,31,47,1829,6,0,0,6,False
02311,and_gate,11,13,290,28,41,1214,7,0,0,7,False
02312,comb_op,15,17,286,33,50,1812,9,0,0,9,False
02313,demux4x1,8,10,236,41,60,1950,10,0,0,10,False
02314,four_to_two,25,27,686,61,96,2609,18,0,0,18,False
02315,comparator_16bit,11,13,242,34,49,1632,8,0,0,8,False
02316,bitwise_and_mask,7,9,163,21,34,1213,5,0,0,5,False
02317,four_bit_,12,14,258,17,26,961,4,0,0,4,False
02318,and3,15,20,311,37,54,1490,9,0,0,9,False
02319,mux2x1,14,14,207,57,74,2876,9,0,0,9,False
02320,INBUF_LVDS_MCCC,10,17,175,28,41,1210,7,0,0,7,False
02321,register,17,19,343,26,41,1352,6,0,0,6,False
02322,d_ff,18,21,320,26,37,1204,6,0,0,6,False
02323,my_,20,25,317,52,72,2759,10,0,0,10,False
02324,Mux4_1,25,33,1359,41,62,2409,11,0,0,11,False
02325,d_ff_sync_rst,14,17,211,28,44,1712,7,0,0,7,False
02326,odd_,18,20,484,73,95,4095,9,0,0,9,False
02327,mux_pipeline,22,29,403,40,54,2258,10,0,0,10,True
02328,counter,14,16,246,31,50,2161,8,0,0,8,False
02329,full_adder_1bit_struct,113,161,3349,55,78,2823,12,0,0,12,False
02330,gray_code,11,13,187,36,55,2012,10,0,0,10,False
02331,mux_2to1,8,10,128,35,52,1939,9,0,0,9,False
02332,binary_to_gray,9,11,177,21,30,844,5,0,0,5,False
02333,up_down_counter,37,45,889,49,68,2725,10,0,0,10,False
02334,sky130_fd_sc_hdll__a221oi,26,34,532,89,108,3683,10,0,0,10,False
02335,position_,77,93,1714,56,76,3430,13,0,0,13,False
02336,MUX4_1_SL,6,9,184,34,49,1602,8,0,0,8,False
02337,flipflop_adder,29,41,863,49,68,2319,10,0,0,10,False
02338,my_,9,16,407,27,40,1271,7,0,0,7,False
02339,four_bit_register,14,16,234,28,45,1462,7,0,0,7,False
02340,xor_32_refactored,7,10,177,29,42,1443,7,0,0,7,False
02341,clock_gate,14,16,220,31,48,1537,8,0,0,8,False
02342,binary_adder,25,33,642,44,65,2429,11,0,0,11,False
02343,counter_3bit,20,22,377,40,59,2431,10,0,0,10,False
02344,simple_calculator,11,13,324,38,59,2009,10,0,0,10,False
02345,demux_256to1,24,31,457,37,47,2090,10,0,0,10,False
02346,controlunit,60,62,1142,85,121,4509,14,0,0,14,False
02347,UART_Receiver #,76,79,1487,39,58,2578,10,0,0,10,False
02348,SNPS_CLOCK_GATE_HIGH_RegisterAdd_W32_0_5,15,16,330,37,56,2077,10,0,0,10,False
02349,sky130_fd_sc_lp__o311ai,24,32,448,39,58,1929,10,0,0,10,False
02350,top_,63,80,967,40,55,2110,8,0,0,8,False
02351,omsp_sync_cell,16,29,740,35,52,1945,9,0,0,9,False
02352,reset_stretch #,24,31,518,40,63,2629,10,0,0,10,False
02353,xor_gate,7,9,106,38,57,1839,10,0,0,10,False
02354,data_modifier,15,17,369,43,62,2418,10,0,0,10,False
02355,uart_sync_flops,30,36,1003,36,54,2406,7,0,0,7,False
02356,mux4to1,14,17,294,42,64,2290,10,0,0,10,False
02357,bin2gray,16,20,300,34,49,1999,7,0,0,7,False
02358,SNPS_CLOCK_GATE_HIGH_RegisterAdd_W31_0_2,14,20,381,31,49,1879,8,0,0,8,False
02359,counter,14,17,248,36,53,1690,8,0,0,8,False
02360,RCA_N4_17,36,43,1040,105,124,4291,10,0,0,10,False
02361,sky130_fd_sc_ls__bufinv,10,17,203,32,49,1253,9,0,0,9,False
02362,eight_bit_adder,9,11,159,39,59,2120,10,0,0,10,False
02363,PCIeGen2x8If128_gtp_cpllpd_ovrd,15,16,1520,36,55,2246,10,0,0,10,False
02364,bw_ioslave_dl,35,46,844,40,65,2468,10,0,0,10,False
02365,sky130_fd_sc_lp__a22oi_1,9,12,160,38,57,1799,10,0,0,10,False
02366,constant_voltage_driver,41,46,1126,55,89,3973,14,0,0,14,False
02367,sky130_fd_sc_hd__a311o,20,27,361,39,58,2121,10,0,0,10,False
02368,chatgpt_generate_JC_counter,19,23,515,39,62,2449,11,0,0,11,False
02369,bitwise_xor,9,11,146,37,56,1917,10,0,0,10,False
02370,counter,22,26,512,38,58,2356,9,0,0,9,False
02371,shift_register,25,29,757,30,45,1922,7,0,0,7,False
02372,nand3_gate,13,25,477,22,32,1033,5,0,0,5,False
02373,twos_complement,10,18,272,36,55,1652,10,0,0,10,False
02374,right_barrel_shifter,17,20,427,46,63,2451,9,0,0,9,False
02375,addsub_4bit,25,27,455,55,76,2356,11,0,0,11,False
02376,signal_converter,14,16,318,36,57,1999,10,0,0,10,False
02377,byte_reverse,62,69,1434,42,65,2242,12,0,0,12,False
02378,mux_4to1,15,19,452,43,65,2431,10,0,0,10,False
02379,population_count_4bit,25,27,584,18,25,850,4,0,0,4,False
02380,priority_encoder,14,19,370,42,66,2493,10,0,0,10,False
02381,ad_b2g #,16,24,420,26,33,1014,3,0,0,3,False
02382,my_,19,29,769,39,50,1538,11,0,0,11,False
02383,mux_2to1,16,18,305,36,51,2285,7,0,0,7,False
02384,mux_2_1,3,3,110,26,37,1318,6,0,0,6,False
02385,binary_adder,12,14,184,37,56,1973,10,0,0,10,False
02386,simple_calculator,15,17,449,37,58,2491,10,0,0,10,False
02387,up_counter,14,16,255,28,43,1410,7,0,0,7,False
02388,twos_complement,11,15,232,37,57,1981,9,0,0,9,False
02389,sky130_fd_sc_hd__o2bb2a,9,12,239,45,68,2231,12,0,0,12,False
02390,barrel_shifter,21,23,602,35,55,2293,9,0,0,9,False
02391,sparc_exu_aluspr,16,23,533,37,56,2478,10,0,0,10,False
02392,sky130_fd_sc_hd__o21ai,20,28,401,38,59,2124,10,0,0,10,False
02393,top_,65,85,1577,31,52,2251,8,0,0,8,False
02394,sky130_fd_sc_hs__fa,16,20,638,51,68,2604,10,0,0,10,False
02395,adder_4bit,26,33,673,84,113,4510,12,0,0,12,False
02396,four_bit_adder,29,43,725,56,79,2733,10,0,0,10,False
02397,shifter,34,43,918,42,61,2262,10,0,0,10,False
02398,calculator,15,17,480,39,64,2469,10,0,0,10,False
02399,four_bit_adder,20,24,402,40,59,2078,10,0,0,10,False
02400,mux2to1,5,7,131,26,37,1155,6,0,0,6,False
02401,johnson_counter_and,16,20,406,38,53,1992,8,0,0,8,False
02402,pwm_fade,17,23,601,53,90,3806,13,0,0,13,False
02403,nios_dut_pio_2,28,37,933,34,48,1938,6,0,0,6,False
02404,mux_dff,58,72,1354,36,54,1873,8,0,0,8,False
02405,sky130_fd_sc_ms__fahcon,29,37,725,39,60,2018,10,0,0,10,False
02406,alu_4bit,16,18,375,46,75,2617,13,0,0,13,False
02407,sky130_fd_sc_hvl__nor2,16,24,296,40,61,1909,11,0,0,11,False
02408,Encoder,23,31,630,55,82,2049,14,0,0,14,False
02409,arithmetic_module,25,32,580,41,65,2253,11,0,0,11,False
02410,sky130_fd_sc_hd__a32o,26,34,505,81,101,3430,9,0,0,9,False
02411,sky130_fd_sc_hd__or3b,16,23,319,50,79,2642,14,0,0,14,False
02412,non_inverting_amp,15,19,340,23,36,1343,5,0,0,5,False
02413,counter,21,23,352,38,57,2101,10,0,0,10,False
02414,counter,14,16,249,40,61,2940,9,0,0,9,False
02415,sky130_fd_sc_ms__maj3,24,32,517,53,87,2785,14,0,0,14,False
02416,adder4bit,36,42,949,56,77,2790,10,0,0,10,False
02417,nor_gate,13,17,246,31,46,1434,8,0,0,8,False
02418,mux_2to1,14,20,252,41,62,2173,11,0,0,11,False
02419,alt_priority_encoder,36,48,946,52,75,2937,11,0,0,11,False
02420,binary_adder,24,34,624,31,51,2356,8,0,0,8,False
02421,and_gate,7,9,92,43,68,2371,12,0,0,12,False
02422,sky130_fd_sc_hdll__nand4bb,22,30,438,48,71,2494,10,0,0,10,False
02423,BinaryCounter,12,15,279,27,40,1613,7,0,0,7,False
02424,comparator,11,13,257,28,45,1171,7,0,0,7,False
02425,execute_load_data,53,58,1331,75,90,4383,8,0,0,8,False
02426,velocityControlHdl_Dynamic_Saturation,28,59,1308,51,82,3059,13,0,0,13,False
02427,counter,13,15,265,27,40,1558,7,0,0,7,False
02428,rising_edge_detector,11,15,206,28,42,1622,6,0,0,6,False
02429,barrel_shifter,14,16,281,38,50,2114,10,0,0,10,False
02430,counter #,21,29,453,38,63,2564,10,0,0,10,False
02431,power_supply_converter,38,42,688,41,62,2023,10,0,0,10,False
02432,mux_xor,13,21,299,33,50,1682,8,0,0,8,False
02433,traffic_light_controller,29,33,687,38,60,1932,10,0,0,10,False
02434,sky130_fd_sc_hd__o21oi,47,55,662,44,63,1942,10,0,0,10,False
02435,nand2,20,21,309,39,58,1835,10,0,0,10,False
02436,bitwise_and,17,22,362,39,58,1985,10,0,0,10,False
02437,CapBoardDriver,6,10,200,36,55,1786,10,0,0,10,False
02438,top_,18,22,396,51,76,2507,11,0,0,11,False
02439,binary_counter,19,21,379,40,62,2707,10,0,0,10,False
02440,priority_encoder_led_display,14,16,316,38,61,1914,11,0,0,11,False
02441,fsm_3bit_binary_counter,31,33,587,39,66,2307,10,0,0,10,False
02442,top_,10,17,465,42,63,2424,10,0,0,10,False
02443,mux8,6,8,132,58,79,2813,10,0,0,10,False
02444,my_buffer,11,12,178,28,45,1324,6,0,0,6,False
02445,and_gate,11,16,297,31,48,1801,8,0,0,8,False
02446,top_,72,88,1619,58,85,2992,14,0,0,14,False
02447,RCB_FRL_count_to_128,22,29,608,32,49,2029,8,0,0,8,False
02448,mux4x1,6,9,279,47,66,2432,10,0,0,10,False
02449,mux2to1,11,12,145,29,42,1440,7,0,0,7,False
02450,mux2to1,8,10,140,38,57,2024,10,0,0,10,False
02451,mux_2_to_1,8,10,120,29,42,1398,7,0,0,7,False
02452,top_,49,59,1143,38,57,2147,10,0,0,10,False
02453,adder4,25,39,709,42,63,2163,11,0,0,11,False
02454,capture_transition,20,24,453,31,50,2206,8,0,0,8,False
02455,binary_adder,54,70,887,41,68,2199,11,0,0,11,False
02456,bitwise_full_adder,14,16,271,64,95,3077,13,0,0,13,False
02457,digital_circuit,22,27,360,34,52,1608,7,0,0,7,False
02458,combinational_logic,12,15,241,50,71,2039,10,0,0,10,False
02459,shift_register,13,18,323,37,57,2383,10,0,0,10,False
02460,sky130_fd_sc_ls__o2111a,20,27,376,42,66,2196,11,0,0,11,False
02461,d_flip_flop_with_reset,14,16,251,25,36,1457,6,0,0,6,False
02462,gray_code_converter,9,11,237,36,55,1941,10,0,0,10,False
02463,xor_counter,19,25,360,39,58,2161,10,0,0,10,False
02464,mult_16bit_signed,9,11,175,37,56,2029,10,0,0,10,False
02465,my_,14,17,234,38,51,1805,7,0,0,7,False
02466,adder16,15,19,272,42,63,2224,11,0,0,11,False
02467,sky130_fd_sc_ms__bufinv,10,17,203,20,29,988,5,0,0,5,False
02468,counter_adder_,54,72,1451,56,80,3284,11,0,0,11,False
02469,Mux_3x1,21,25,320,33,46,1493,7,0,0,7,False
02470,RCB_FRL_COUNT_TO_64,22,28,623,50,76,3002,10,0,0,10,False
02471,up_counter,13,15,215,33,49,1915,7,0,0,7,False
02472,mux4to1,14,16,265,37,58,2521,10,0,0,10,False
02473,Immediate_Extend,14,17,469,28,41,1561,7,0,0,7,False
02474,Valid_Monitor,44,47,796,40,61,2350,11,0,0,11,False
02475,ADD32,14,16,297,33,50,1973,8,0,0,8,False
02476,bus_fsm,37,48,1127,51,69,2908,11,0,0,11,False
02477,mux,19,23,328,42,63,2503,11,0,0,11,False
02478,sync_up_down_counter,19,21,317,36,57,1807,10,0,0,10,False
02479,counter,12,13,266,30,45,1667,8,0,0,8,False
02480,addsub32,13,16,225,38,57,1897,10,0,0,10,False
02481,buffer3,19,21,297,42,63,2361,11,0,0,11,False
02482,xor_gate,7,9,93,37,56,1649,10,0,0,10,False
02483,CounterChainCore,63,64,1744,37,50,1707,7,0,0,7,False
02484,Mux8,28,35,668,64,84,3251,10,0,0,10,False
02485,LFSR25000,18,21,329,40,62,2396,10,0,0,10,False
02486,sky130_fd_sc_ls__a41oi,20,27,363,34,49,1423,8,0,0,8,False
02487,mux_2_to_1_en,8,10,110,39,58,2192,10,0,0,10,False
02488,ripple_carry_adder,25,32,580,38,57,1984,10,0,0,10,False
02489,ripple_adder_32,51,58,2068,50,78,2788,12,0,0,12,False
02490,transition_capture,29,37,663,51,70,2524,10,0,0,10,False
02491,four_to_one,18,23,289,58,87,4239,13,0,0,13,False
02492,sky130_fd_sc_ls__clkdlyinv3sd2,14,22,283,25,38,1362,6,0,0,6,False
02493,control_,15,17,414,41,60,2286,10,0,0,10,False
02494,simple_calculator,12,16,308,48,69,2872,10,0,0,10,False
02495,my_nand_gate,20,28,572,41,60,1949,10,0,0,10,False
02496,program_counter,17,34,306,28,41,1732,7,0,0,7,False
02497,top_,54,73,1829,52,76,3006,10,0,0,10,False
02498,top_,62,74,1523,60,85,2701,10,0,0,10,False
02499,acciones_to_bcd,70,76,1153,45,65,2377,11,0,0,11,False
02500,sky130_fd_sc_hdll__nand4bb,18,25,365,45,68,1965,12,0,0,12,False
02501,adder,10,12,199,38,57,1871,10,0,0,10,False
02502,c_clkgate,14,24,299,28,41,1426,7,0,0,7,False
02503,comparator,25,27,447,30,45,1178,7,0,0,7,False
02504,chatgpt_generate_JC_counter,16,19,409,43,66,2581,10,0,0,10,False
02505,ArithmeticUnit,16,18,288,38,57,2012,10,0,0,10,False
02506,binary_counter,13,15,248,27,40,1370,7,0,0,7,False
02507,my_or4,11,18,268,39,58,1777,10,0,0,10,False
02508,majority,23,32,1073,68,94,3594,12,0,0,12,False
02509,priority_encoder,22,30,447,33,50,1518,9,0,0,9,False
02510,sky130_fd_sc_hdll__a21o,24,26,563,41,62,2037,10,0,0,10,False
02511,mux #,11,14,200,38,57,1975,10,0,0,10,False
02512,full_adder,31,42,718,38,58,1847,9,0,0,9,False
02513,top_module,34,43,1015,47,68,2667,10,0,0,10,False
02514,combinational_circuit,45,57,1097,48,77,2811,13,0,0,13,False
02515,emesh_wralign,29,41,1799,30,39,1376,5,0,0,5,False
02516,decoder_2to4,14,16,333,36,55,1748,10,0,0,10,False
02517,my_,14,17,316,50,72,2271,10,0,0,10,False
02518,ripple_carry_adder,37,48,912,47,70,2578,10,0,0,10,False
02519,addsub,8,10,147,37,58,1728,10,0,0,10,False
02520,edge_detection,15,17,326,33,51,1594,9,0,0,9,False
02521,shift_register_left,17,19,435,36,60,2194,9,0,0,9,False
02522,sky130_fd_sc_hs__and2_1,90,117,1452,115,145,4325,26,0,0,26,False
02523,sky130_fd_sc_lp__a41oi_0,20,25,362,36,51,2190,9,0,0,9,False
02524,lead0_count,23,29,744,47,71,2895,10,0,0,10,False
02525,digital_circuit,18,26,748,53,83,2964,14,0,0,14,False
02526,full_adder,21,31,538,39,58,1749,10,0,0,10,False
02527,Register,13,16,337,43,63,2564,11,0,0,11,False
02528,ripple_carry_adder,48,61,1152,37,54,1724,9,0,0,9,False
02529,add_sub_carry_out,24,36,740,40,61,2649,10,0,0,10,False
02530,sky130_fd_sc_ms__clkinv,10,17,203,17,24,665,4,0,0,4,False
02531,my_nand,20,26,318,35,52,1770,9,0,0,9,False
02532,shift_register,6,8,131,27,42,1159,7,0,0,7,False
02533,Mux_3x1_bv2 #,18,20,432,42,63,2994,11,0,0,11,False
02534,calc,14,15,312,44,67,2404,12,0,0,12,False
02535,mux4to1,18,19,380,36,49,1671,7,0,0,7,False
02536,binary_op,8,11,214,24,35,1223,6,0,0,6,False
02537,sky130_fd_sc_hd__a31o,22,30,407,38,57,1852,10,0,0,10,False
02538,and_or_gate,26,35,436,37,58,1645,10,0,0,10,False
02539,d_flip_flop,9,11,136,21,32,1036,5,0,0,5,False
02540,sky130_fd_sc_ls__xor2,12,19,222,41,66,1975,11,0,0,11,False
02541,adder,22,25,595,37,63,2714,9,0,0,9,False
02542,sky130_fd_sc_hs__nand2b,9,11,147,38,48,2127,10,0,0,10,False
02543,comparator,11,13,192,39,58,1468,10,0,0,10,False
02544,UART_Rx #,80,108,2236,81,124,5706,19,0,0,19,False
02545,sky130_fd_sc_hd__and2,12,19,222,40,61,1952,11,0,0,11,False
02546,counter_3bit,15,17,310,31,46,1986,8,0,0,8,False
02547,Bitwise_Or,14,14,229,32,49,1532,8,0,0,8,False
02548,nor_gate,10,13,201,24,38,1273,6,0,0,6,False
02549,decoder,19,21,421,36,57,1601,10,0,0,10,False
02550,sky130_fd_sc_hd__a21boi,22,30,472,38,60,2087,10,0,0,10,False
02551,INV4BITS,6,8,95,27,42,1200,7,0,0,7,False
02552,sky130_fd_sc_lp__clkinvlp,10,17,205,31,46,1486,8,0,0,8,False
02553,binary_multiplier,9,13,235,40,64,2334,11,0,0,11,False
02554,my_module,27,30,534,28,39,1345,6,0,0,6,False
02555,sky130_fd_sc_ms__o32a,22,29,431,46,73,2528,12,0,0,12,False
02556,Adder,15,17,236,26,37,1309,6,0,0,6,False
02557,signal_combiner,18,23,326,42,63,2006,11,0,0,11,False
02558,add_sub_4bit,14,16,248,37,54,2178,9,0,0,9,False
02559,four_bit_adder,12,19,351,25,38,1177,6,0,0,6,False
02560,bitwise_and,9,11,177,25,36,1183,6,0,0,6,False
02561,calculator,13,17,308,24,33,1084,5,0,0,5,False
02562,slower,24,27,463,44,67,2655,10,0,0,10,False
02563,d_ff_reset,30,35,874,32,49,2057,7,0,0,7,False
02564,dffrl_s,19,30,599,45,68,2728,10,0,0,10,False
02565,up_down_counter,18,20,367,37,60,2104,10,0,0,10,False
02566,counter,18,21,359,45,65,2843,10,0,0,10,False
02567,signal_converter,16,21,275,39,58,2253,10,0,0,10,False
02568,custom_or_gate,10,14,142,38,57,1758,10,0,0,10,False
02569,and_gate,30,34,351,33,50,1465,8,0,0,8,False
02570,MUX4_2to1,18,30,423,38,53,2446,7,0,0,7,False
02571,sky130_fd_sc_hdll__a22o,20,27,411,42,61,1900,10,0,0,10,False
02572,sky130_fd_sc_ls__fa,31,38,856,34,49,1629,8,0,0,8,False
02573,ripple_carry_adder,22,29,550,37,56,1806,10,0,0,10,False
02574,AND_GATE,7,9,85,30,47,1231,8,0,0,8,False
02575,mux_2_1,8,13,155,19,26,829,3,0,0,3,False
02576,and_nor,49,54,1146,78,104,4571,15,0,0,15,False
02577,mux_4_to_1,14,16,290,31,45,1385,6,0,0,6,False
02578,configurable_counter,16,18,333,33,48,2027,7,0,0,7,False
02579,binary_counter,13,15,276,31,49,2289,8,0,0,8,False
02580,decoder_barrelshifter,14,19,556,53,81,3016,12,0,0,12,False
02581,bitwise_op,20,22,548,41,62,2006,11,0,0,11,False
02582,comparator,13,15,236,40,59,1489,10,0,0,10,False
02583,sky130_fd_sc_lp__nand3,12,14,187,42,63,1877,10,0,0,10,False
02584,four_bit_adder,23,34,757,69,90,3123,11,0,0,11,False
02585,d_ff_asynchronous_set,20,29,568,25,38,1331,6,0,0,6,False
02586,comparator,15,17,282,28,48,1742,7,0,0,7,False
02587,dual_edge_ff,15,19,230,38,57,2096,10,0,0,10,False
02588,custom_,13,17,246,26,39,1061,6,0,0,6,False
02589,arithmetic_operations,23,36,792,45,72,2406,11,0,0,11,False
02590,d_flip_flop_mux,15,20,263,63,81,3442,9,0,0,9,False
02591,magnitude_comparator,12,14,266,36,58,2006,10,0,0,10,False
02592,five_to_one,24,26,389,31,46,1610,7,0,0,7,False
02593,multiplier,56,64,1097,39,58,2540,10,0,0,10,False
02594,counter_4bit_with_async_reset,13,16,243,28,39,1438,6,0,0,6,False
02595,logical_gate,18,23,292,42,62,2626,9,0,0,9,False
02596,nor_gate,24,30,461,32,48,1617,7,0,0,7,False
02597,and_gate,11,15,191,19,26,719,4,0,0,4,False
02598,arith,7,9,173,39,58,1666,10,0,0,10,False
02599,counterB,27,32,932,54,77,2987,12,0,0,12,False
02600,ShiftRegister,13,15,259,22,33,1236,5,0,0,5,False
02601,binary_counter,26,32,446,37,58,2387,10,0,0,10,False
02602,mux2to1,14,15,403,41,60,2297,10,0,0,10,False
02603,mux_4to1,14,16,299,38,55,2098,9,0,0,9,False
02604,carry_select_adder,37,44,808,39,58,2300,10,0,0,10,False
02605,FORWARD,67,70,1678,60,79,3599,10,0,0,10,False
02606,mux16 #,79,84,1027,83,105,3769,17,0,0,17,False
02607,MX2X4A12TR,12,13,235,38,57,2028,10,0,0,10,False
02608,xor_shift_registers_fixed,19,24,352,39,62,2009,10,0,0,10,False
02609,mux4to1,18,20,366,28,37,1328,5,0,0,5,False
02610,mux2to1,5,7,97,37,56,1496,10,0,0,10,False
02611,binary_counter,13,15,267,24,35,1401,6,0,0,6,False
02612,EtherCAT_master #,21,24,450,33,50,1879,5,2,0,7,False
02613,ripple_carry_adder,33,41,615,62,77,3047,10,0,0,10,False
02614,sky130_fd_sc_ms__o2111ai,24,33,566,52,81,3119,14,0,0,14,False
02615,combinational_circuit,26,32,827,38,57,2098,10,0,0,10,False
02616,soc_system_master_secure_b2p_adapter,29,45,1365,49,72,2971,11,0,0,11,False
02617,sky130_fd_sc_ms__o2111a,20,27,376,39,58,1711,10,0,0,10,False
02618,latch,37,47,581,38,53,1771,8,0,0,8,False
02619,sky130_fd_sc_lp__sleep_pargate_plv,12,16,324,29,47,1611,7,0,0,7,False
02620,complement,21,27,265,58,81,2725,11,0,0,11,False
02621,amiq_mux2_1,6,9,164,26,37,1486,6,0,0,6,False
02622,mux4to1,22,31,578,53,80,2731,11,0,0,11,False
02623,four_bit_adder,23,32,622,45,70,2552,12,0,0,12,False
02624,rsdec_syn_m3,17,17,273,50,67,2411,14,0,0,14,False
02625,adder,11,15,183,35,56,1797,9,0,0,9,False
02626,ripple_carry_adder,17,25,607,42,65,2336,10,0,0,10,False
02627,bin_to_gray,9,11,204,40,59,2187,10,0,0,10,False
02628,d_ff_en_0,22,28,408,26,41,1765,6,0,0,6,False
02629,my_module,14,17,264,34,51,1718,8,0,0,8,False
02630,DEMUX,17,21,490,43,69,2191,12,0,0,12,False
02631,up_counter,16,18,258,31,48,1948,8,0,0,8,False
02632,sky130_fd_sc_ls__a32o,22,29,432,70,91,3698,10,0,0,10,False
02633,AO222EHD,3,4,138,37,45,1390,3,0,0,3,False
02634,arithmetic_op,16,19,455,72,91,4274,10,0,0,10,False
02635,EHRU_4,49,54,1323,54,81,3174,12,0,0,12,False
02636,num_to_digits,6,6,296,57,80,2366,12,0,0,12,False
02637,barrel_shifter,69,82,1202,51,71,2842,8,0,0,8,False
02638,signed_mag_to_twos_comp,13,15,335,36,55,1899,10,0,0,10,False
02639,my_mac,16,18,291,43,62,2670,10,0,0,10,False
02640,priority_encoder_4to2,11,13,280,40,59,1948,10,0,0,10,False
02641,top_,83,103,1906,73,96,4127,20,0,0,20,False
02642,top_,23,33,484,30,49,2138,7,0,0,7,False
02643,ram_controller_ex_lfsr8,49,53,1274,68,94,3740,12,0,0,12,False
02644,top_,38,43,856,56,87,3170,16,0,0,16,False
02645,EHRU_1,22,27,552,30,43,1744,7,0,0,7,False
02646,zl_reset_sync,21,26,398,30,47,1930,8,0,0,8,False
02647,mux4x1,10,12,225,33,46,1842,5,0,0,5,False
02648,and_gate,11,15,351,38,59,2042,10,0,0,10,False
02649,servo,30,36,822,49,68,2803,9,0,0,9,False
02650,top_,84,108,1740,50,79,2573,12,0,0,12,False
02651,sky130_fd_sc_hvl__o21a,20,28,390,33,48,1798,8,0,0,8,False
02652,original_gate,74,74,1493,44,61,2115,7,0,0,7,False
02653,Mealy #,51,55,1223,44,67,2385,11,0,0,11,False
02654,shift_register,21,24,490,41,56,2198,10,0,0,10,False
02655,or4,34,41,589,53,75,3502,10,0,0,10,False
02656,wireless_communication_block,34,41,1139,31,48,1941,8,0,0,8,False
02657,master_slave_ff,14,16,429,24,38,1478,6,0,0,6,False
02658,add_sub,20,24,330,37,58,2445,10,0,0,10,False
02659,and_gate,24,33,369,46,71,2139,13,0,0,13,False
02660,addsub,11,18,333,38,57,2380,10,0,0,10,False
02661,dff_async_rst,12,14,213,26,39,1644,6,0,0,6,False
02662,three_input_and_power_good,26,34,998,40,63,2214,10,0,0,10,False
02663,shift_register,18,20,361,29,38,1311,5,0,0,5,False
02664,control_unit,41,45,917,46,69,3017,12,0,0,12,False
02665,top_module,47,59,1186,43,56,2292,10,0,0,10,False
02666,decoder_2to4,15,17,268,39,58,1894,10,0,0,10,False
02667,calculator,38,40,827,44,63,2411,10,0,0,10,False
02668,d_ff_en_ce,13,15,193,38,57,2106,10,0,0,10,False
02669,top_module,38,52,1249,42,64,2531,10,0,0,10,False
02670,DFFE,31,40,895,25,36,1191,6,0,0,6,False
02671,Comparator,14,16,220,19,26,971,4,0,0,4,False
02672,four_to_one_mux,18,20,290,34,49,1608,8,0,0,8,False
02673,multiply_by_3,9,11,251,36,55,1578,10,0,0,10,False
02674,clock_counter,17,22,300,33,50,1993,9,0,0,9,False
02675,data_power_,18,24,393,24,37,1145,5,0,0,5,False
02676,Adder,7,21,197,38,60,2081,10,0,0,10,False
02677,top_,46,57,1048,58,81,3396,12,0,0,12,False
02678,sky130_fd_sc_lp__fahcin,27,34,692,19,44,1670,10,0,0,10,False
02679,up_counter_4bit,14,16,275,28,45,1654,7,0,0,7,False
02680,counter16,15,17,339,21,32,1212,5,0,0,5,False
02681,switch_bit,98,104,3598,111,138,4520,14,0,0,14,False
02682,reversed_gate,74,74,1499,43,56,2048,5,0,0,5,False
02683,binary_counter #,13,15,262,27,42,1758,7,0,0,7,False
02684,bit_summing_circuit,30,43,1065,36,55,2396,10,0,0,10,False
02685,xnor_xor,12,15,267,42,63,2210,11,0,0,11,False
02686,Add_Subt,35,44,1323,45,60,2609,8,0,0,8,False
02687,mux32_2,19,28,1004,44,67,2411,12,0,0,12,False
02688,IFID_Stage,29,39,1250,61,81,4084,13,0,0,13,False
02689,bitwise_operators #,15,18,326,43,64,1876,10,0,0,10,False
02690,mux4_ctrl,16,19,331,37,56,1993,9,0,0,9,False
02691,adder_16bit,46,58,952,48,67,2902,10,0,0,10,False
02692,my_and3,24,35,576,56,76,3013,15,0,0,15,False
02693,mux21_reg,15,17,220,29,42,1459,7,0,0,7,False
02694,lab3_master_0_b2p_adapter,28,36,870,43,62,2513,9,0,0,9,False
02695,counter,17,19,317,29,44,1638,6,0,1,7,False
02696,sky130_fd_sc_ms__or4,16,23,260,39,58,2226,10,0,0,10,False
02697,priority_encoder,31,33,628,47,69,3241,13,0,0,13,False
02698,bitwise,11,15,415,31,46,2526,15,0,0,15,False
02699,up_counter,14,16,284,37,56,2407,10,0,0,10,False
02700,Sumador,34,39,823,47,77,3221,11,0,0,11,False
02701,sky130_fd_sc_ls__a22oi,20,27,433,46,67,2464,11,0,0,11,False
02702,mux2to1,16,18,301,34,47,1688,6,0,0,6,False
02703,counter_4bit,11,14,267,21,34,1210,5,0,0,5,False
02704,sky130_fd_sc_ms__nor3b,16,23,325,39,56,2140,9,0,0,9,False
02705,Multiplexer_AC__parameterized9,12,14,202,40,59,2194,10,0,0,10,False
02706,magnitude_comparator_selector,21,23,527,41,62,2451,10,0,0,10,False
02707,mux_min,20,25,909,71,108,3241,17,0,0,17,False
02708,my_,23,27,311,45,56,1704,6,0,0,6,False
02709,adder_4bit,46,55,807,53,82,3324,15,0,0,15,False
02710,sync,28,38,873,26,41,1653,6,0,0,6,False
02711,calculator,14,16,265,108,119,5041,6,0,0,6,False
02712,parity_checker,15,18,361,37,59,2421,10,0,0,10,False
02713,and_gate,40,51,646,38,53,1909,10,0,0,10,False
02714,binary_to_gray,9,11,251,36,53,2110,10,0,0,10,False
02715,four_bit_adder,24,38,634,39,58,2060,10,0,0,10,False
02716,mux2to1,21,23,474,58,81,2973,12,0,0,12,False
02717,mux_4to1,14,16,263,28,39,1381,6,0,0,6,False
02718,r_COMMAND,13,13,289,32,47,2206,8,0,0,8,False
02719,pipelined_or_gate,21,24,480,31,46,2119,7,0,0,7,False
02720,four_bit_adder,21,28,619,35,54,1975,8,0,0,8,False
02721,dffre,22,30,655,31,44,1613,6,0,0,6,False
02722,register_bank,24,28,530,40,59,2387,10,0,0,10,False
02723,top_,35,50,879,35,56,2234,9,0,0,9,False
02724,altera_tse_false_path_marker,24,31,471,31,44,1729,6,0,0,6,False
02725,binary_addition,9,13,193,28,41,1291,7,0,0,7,False
02726,my_,15,20,334,37,56,1824,10,0,0,10,False
02727,Interleaver,23,28,570,43,64,2707,10,0,0,10,False
02728,mem_encryption,22,25,470,33,53,2737,8,0,0,8,False
02729,calculator,14,16,274,50,81,2890,14,0,0,14,False
02730,myModule,53,56,1327,61,84,3731,18,0,0,18,False
02731,d_flip_flop,8,10,137,21,30,979,5,0,0,5,False
02732,top_,38,47,868,38,61,2384,10,0,0,10,False
02733,top_,38,46,926,64,91,3173,14,0,0,14,False
02734,multi_input_output,23,25,582,61,77,2968,7,0,0,7,False
02735,RCB_FRL_count_to_16x,17,24,478,29,40,1754,6,0,0,6,False
02736,four_bit_adder,18,22,365,38,57,1900,10,0,0,10,False
02737,up_down_counter,26,28,580,33,48,1712,6,0,0,6,False
02738,blinker,24,31,438,44,65,2639,11,0,0,11,False
02739,comparator_4bit,11,13,221,28,39,1142,6,0,0,6,False
02740,shift_register,38,48,1007,42,62,2762,11,0,0,11,False
02741,sky130_fd_sc_hd__or2b,18,26,651,44,70,2122,12,0,0,12,False
02742,pulse_generator,16,19,489,23,34,1361,6,0,0,6,False
02743,exercise_8_10,27,28,1159,55,74,2775,16,0,0,16,False
02744,counter_4bit,15,18,247,21,30,1084,5,0,0,5,False
02745,ripple_carry_adder,23,29,593,37,48,1850,9,0,0,9,False
02746,rc_oscillator,21,25,426,46,73,2781,10,0,0,10,False
02747,decoder,26,28,852,30,47,1504,8,0,0,8,False
02748,dual_edge_ff,20,32,448,36,55,1997,10,0,0,10,False
02749,karnaugh_map,18,20,299,43,63,2199,9,0,0,9,False
02750,decoder_3to8,15,17,330,44,69,1970,12,0,0,12,False
02751,half_adder_nand,10,14,220,38,57,1678,10,0,0,10,False
02752,sky130_fd_sc_h__a22oi_1,70,86,1080,39,58,1853,10,0,0,10,False
02753,synchronous_counter,18,21,465,38,60,2436,8,0,0,8,False
02754,mux_encoder,16,26,604,47,68,2283,10,0,0,10,False
02755,and_gate,8,10,110,37,58,1738,10,0,0,10,False
02756,custom_and2,3,6,123,18,22,739,4,0,0,4,False
02757,eight_to_one,34,43,895,42,63,2765,10,0,0,10,False
02758,sky130_fd_sc_ms__sdfbbn,44,52,947,45,67,2655,10,0,0,10,False
02759,decoder_2to4,14,17,310,36,58,2136,10,0,0,10,False
02760,mux_2to1_behavioral,14,16,232,46,59,1967,6,0,0,6,False
02761,mux4to1,14,16,255,31,49,1467,8,0,0,8,False
02762,mux64 #,17,19,391,49,70,2949,10,0,0,10,False
02763,and4b,17,24,412,40,59,1688,9,0,0,9,False
02764,mux_3to4_enable,33,35,571,36,51,1666,6,0,0,6,False
02765,bitwise_operators,13,15,287,55,86,2456,15,0,0,15,False
02766,priority_encoder,17,22,441,42,65,2190,12,0,0,12,False
02767,counter_4bit,12,15,272,25,34,1247,5,0,0,5,False
02768,nand_and,13,20,271,37,56,1686,10,0,0,10,False
02769,sky130_fd_sc_ms__a221oi,22,29,457,75,100,3978,11,0,0,11,False
02770,Span12Mux_h9,23,25,434,49,78,2051,14,0,0,14,False
02771,baud_generator,18,22,400,37,57,2385,8,0,0,8,True
02772,alu_32bit,28,30,744,55,79,2589,11,0,0,11,False
02773,karnaugh_map,33,35,792,39,61,2375,10,0,0,10,False
02774,priority_encoder,15,17,402,36,57,2065,10,0,0,10,False
02775,sky130_fd_sc_lp__fahcon,29,37,725,38,59,1873,10,0,0,10,False
02776,clock_gate_high_register_add,12,15,217,25,36,1363,6,0,0,6,False
02777,counter,13,16,202,17,24,895,4,0,0,4,False
02778,shift_register,18,23,370,35,57,2181,9,0,0,9,False
02779,sky130_fd_sc_lp__a32o,14,16,265,157,180,6175,12,0,0,12,False
02780,CRC_16,29,32,922,59,79,3589,17,0,0,17,False
02781,rcv,43,48,985,53,77,3232,12,0,0,12,False
02782,ddr3_s4_uniphy_example_if0_p0_hr_to_fr,37,43,504,22,26,1066,4,0,0,4,False
02783,counter,20,22,465,44,65,2575,10,0,0,10,False
02784,or4_2,28,33,380,48,70,2301,10,0,0,10,False
02785,booth_multiplier,13,17,273,44,63,2442,8,0,0,8,False
02786,mux_2_1,8,10,127,41,62,2486,11,0,0,11,False
02787,twos_complement,16,21,273,36,55,1840,10,0,0,10,False
02788,top_,33,41,696,42,61,2597,10,0,0,10,False
02789,reverse_mux_and,20,29,900,43,62,2115,10,0,0,10,False
02790,sky130_fd_sc_ls__a2111oi,20,27,380,41,56,2168,8,0,0,8,False
02791,EHR_6,73,78,1976,79,100,4548,14,0,0,14,False
02792,top_,25,30,1157,44,69,2656,10,0,0,10,False
02793,sky130_fd_sc_hdll__a211o,22,30,413,39,58,1825,10,0,0,10,False
02794,delay_,26,33,435,27,39,1600,6,0,0,6,False
02795,counter,19,21,348,39,58,2165,8,0,0,8,False
02796,boolean_,14,17,173,39,60,2030,10,0,0,10,False
02797,xor4,12,14,204,22,31,1041,5,0,0,5,False
02798,sky130_fd_sc_ls__o22a,13,15,244,55,74,2287,10,0,0,10,False
02799,little_endian,15,17,389,40,52,2268,10,0,0,10,False
02800,twos_complement,8,10,157,36,57,1890,10,0,0,10,False
02801,bitwise_and,15,17,251,26,37,1453,6,0,0,6,False
02802,StepDecoder,18,21,1573,74,95,4230,17,0,0,17,False
02803,counter,13,15,201,35,55,2452,10,0,0,10,False
02804,membus_2_connect,58,64,1561,101,130,4673,21,0,0,21,False
02805,NIOS_SYSTEMV3_JTAG_UART_sim_scfifo_r,40,50,1290,40,63,2603,10,0,0,10,False
02806,top_,37,45,841,36,55,1890,8,0,0,8,False
02807,up_counter,12,15,259,25,36,1361,6,0,0,6,False
02808,split_16bit_to_8bit,15,24,617,49,75,2903,13,0,0,13,False
02809,SNPS_CLOCK_GATE_HIGH_RegisterAdd_W48,22,29,522,39,58,2487,10,0,0,10,False
02810,xor_4bit,18,23,402,41,56,2123,10,0,0,10,False
02811,or3_circuit,10,13,174,54,72,2836,9,0,0,9,False
02812,comparator,34,41,1246,66,86,3038,15,0,0,15,False
02813,abs_calc,12,14,195,36,55,2072,10,0,0,10,False
02814,SNPS_CLOCK_GATE_HIGH_RegisterAdd_W31_0_3,11,16,318,31,48,1890,8,0,0,8,False
02815,top_module,22,35,653,39,54,2022,10,0,0,10,False
02816,mux_2to1,14,16,207,51,75,3609,11,0,0,11,False
02817,altera_tse_xcvr_resync #,27,34,1001,43,61,2422,8,0,0,8,False
02818,sky130_fd_sc_ls__or4bb,18,25,351,38,57,1855,10,0,0,10,False
02819,calculator,15,17,297,38,57,1993,10,0,0,10,False
02820,mux4to1,40,48,1515,63,88,3494,10,0,0,10,False
02821,magnitude_comparator,21,23,324,39,58,2034,10,0,0,10,False
02822,multiplexer #,18,25,530,40,55,1881,7,0,0,7,False
02823,full_adder,10,12,173,52,73,2790,11,0,0,11,False
02824,multiplexer,43,45,1154,73,95,3357,17,0,0,17,False
02825,control,73,156,1595,60,85,3649,12,0,0,12,False
02826,nand4x1,8,10,225,38,57,1877,10,0,0,10,False
02827,clockdivide2,34,38,686,44,65,2389,11,0,0,11,False
02828,nor4,13,18,200,32,43,1658,6,0,0,6,False
02829,priority_encoder,41,43,1007,83,112,4187,14,0,0,14,False
02830,barrel_shifter,8,11,242,77,99,4247,10,0,0,10,False
02831,flip_flop,49,52,987,38,59,2171,10,0,0,10,False
02832,mux2to1,5,8,92,23,32,991,5,0,0,5,False
02833,sky130_fd_sc_hdll__nand2b,14,21,296,29,42,1544,7,0,0,7,False
02834,not_gate,50,56,1023,41,62,2685,11,0,0,11,False
02835,mux4to1,18,20,285,50,63,2247,7,0,0,7,False
02836,chatgpt_generate_edge_detect,33,36,667,41,62,2321,11,0,0,11,False
02837,edge_detector,13,16,257,24,35,1301,6,0,0,6,False
02838,unknown_module,40,40,1204,47,62,2733,8,0,0,8,False
02839,four_bit_adder,16,21,273,27,42,1583,6,0,0,6,False
02840,counter_3bit,22,24,487,55,80,2848,12,0,0,12,False
02841,latch_id_ex,44,44,2130,98,115,6061,8,0,0,8,False
02842,my_,36,42,544,46,70,2551,11,0,0,11,False
02843,custom_,16,19,326,40,61,1875,10,0,0,10,False
02844,mux_4to1,15,17,225,37,56,1969,10,0,0,10,False
02845,TLATNTSCAX2TS,13,20,406,38,57,2246,10,0,0,10,False
02846,bitwise_and #,8,8,135,36,53,1611,9,0,0,9,False
02847,d_flip_flop,36,48,994,30,42,1847,7,0,0,7,False
02848,ring_counter,16,19,437,38,57,2389,10,0,0,10,False
02849,top_module,12,17,437,39,58,1777,10,0,0,10,False
02850,Multiplexer #,18,22,353,41,62,2288,11,0,0,11,False
02851,my_and3_,12,16,161,26,38,1087,6,0,0,6,False
02852,motor_control,22,28,629,44,67,2651,11,0,0,11,False
02853,ddr2_ex_lfsr8,49,53,1264,67,90,3378,11,0,0,11,False
02854,seven_segment_decoder,30,33,1007,69,83,5250,35,0,0,35,False
02855,sky130_fd_sc_ls__o311a,20,27,363,42,67,2444,11,0,0,11,False
02856,priority_encoder,12,19,275,27,40,1189,7,0,0,7,False
02857,crc,33,38,880,73,103,4100,21,0,0,21,False
02858,nor3,8,11,143,50,77,3223,14,0,0,14,False
02859,and4bb,13,18,274,35,50,1640,8,0,0,8,False
02860,shift_register,19,23,395,38,60,2047,10,0,0,10,False
02861,mux4to1,14,16,308,33,48,1775,8,0,0,8,False
02862,data_register,17,19,390,26,40,1738,6,0,0,6,False
02863,Register,9,11,247,35,50,1860,8,0,0,8,False
02864,mux2,15,15,373,20,27,951,4,0,0,4,False
02865,counter_4bit,21,23,446,41,62,2576,10,0,0,10,False
02866,binary_counter,14,16,293,29,40,1641,6,0,0,6,False
02867,up_counter,13,15,248,24,35,1361,6,0,0,6,False
02868,BOR,21,25,363,39,60,2301,10,0,0,10,False
02869,and_8bit,10,12,155,25,37,1229,6,0,0,6,False
02870,up_counter,13,15,238,21,32,1057,5,0,0,5,False
02871,setting_reg,21,23,491,54,75,2908,10,0,0,10,False
02872,flip_flop,14,23,450,43,62,2324,10,0,0,10,False
02873,mux_3to1_enable,19,24,445,57,70,3361,6,0,0,6,False
02874,karnaugh_map,18,20,297,35,52,1452,9,0,0,9,False
02875,de_PLL,53,69,1762,62,90,3476,13,0,0,13,False
02876,Sprite_Controller #,24,29,614,82,109,3927,12,0,0,12,False
02877,sky130_fd_sc_hs__o21a,16,19,252,37,54,1466,9,0,0,9,False
02878,adder_subtractor,12,17,273,37,59,2138,10,0,0,10,False
02879,four_input_,13,17,269,24,35,1124,5,0,0,5,False
02880,delayed_and,31,39,1204,40,61,2606,10,0,0,10,False
02881,sky130_fd_sc_hd__o22a,24,32,481,35,54,2213,9,0,0,9,False
02882,verilog_,19,21,348,70,95,3257,18,0,0,18,False
02883,salsa20_qr,33,43,1040,62,84,2712,9,0,0,9,False
02884,s7,74,88,2398,70,139,11683,65,0,0,65,False
02885,full_adder,20,25,624,48,69,2843,10,0,0,10,False
02886,mux,11,15,340,28,44,1536,7,0,0,7,False
02887,comparator_2bit,8,10,252,40,67,2045,11,0,0,11,False
02888,tail_length,15,23,291,55,76,2707,13,0,0,13,False
02889,compare_and_concatenate,7,11,219,37,56,1753,10,0,0,10,False
02890,d_ff_sc_ena_set,37,43,698,33,48,1710,8,0,0,8,False
02891,shift_data,29,33,1160,55,89,2962,16,0,0,16,False
02892,TLATNTSCAX2TS,15,20,300,29,42,1509,7,0,0,7,False
02893,gray_converter #,14,18,293,27,34,851,3,0,0,3,False
02894,add4bit,12,14,177,44,63,2271,10,0,0,10,False
02895,digital_circuit,36,40,1377,67,89,3865,13,0,0,13,False
02896,sky130_fd_sc_ms__or4,20,28,333,36,56,1732,9,0,0,9,False
02897,mux4,11,13,260,31,42,1387,5,0,0,5,False
02898,sequence_detector,29,38,829,27,42,1353,6,0,0,6,False
02899,top_,15,23,420,40,59,2416,10,0,0,10,False
02900,sky130_fd_sc_ls__a211o,22,30,411,48,67,2912,10,0,0,10,False
02901,adder_4bit,14,19,399,54,75,2652,11,0,0,11,False
02902,fifo_controller,18,20,431,39,56,2338,9,0,0,9,False
02903,adder4,12,19,247,41,62,2364,11,0,0,11,False
02904,sky130_fd_sc_hd__and4b,26,38,549,76,107,4823,16,0,0,16,False
02905,full_adder,21,25,540,40,56,2181,9,0,0,9,False
02906,counter_display,36,54,1172,26,37,1464,6,0,0,6,False
02907,jmp_cond,41,47,1160,80,105,4593,20,0,0,20,False
02908,top_,39,50,1227,31,48,2009,8,0,0,8,False
02909,dffe,30,35,538,26,37,1615,6,0,0,6,False
02910,adder_16bit,51,62,1223,40,59,2218,10,0,0,10,False
02911,half_adder,13,20,309,37,58,2163,10,0,0,10,False
02912,mux_4_1,10,13,206,28,39,1172,6,0,0,6,False
02913,compressor2 #,26,33,592,54,86,2930,15,0,0,15,False
02914,top_module,56,72,1391,58,86,3466,11,0,0,11,False
02915,up_counter_4bit_async_reset,11,14,230,24,37,1516,6,0,0,6,False
02916,shift_register,61,72,1212,48,75,2771,11,0,0,11,False
02917,mux_2to1,15,17,248,48,67,3842,10,0,0,10,False
02918,sky130_fd_sc_ls__o21bai_1,16,21,353,50,69,2321,10,0,0,10,False
02919,ram_RAMB18E1 #,20,26,455,32,41,1669,7,0,0,7,False
02920,or4_,18,24,300,58,83,2590,12,0,0,12,False
02921,adder_subtractor,14,16,279,39,49,2178,10,0,0,10,False
02922,two_to_one_mux,22,26,338,36,54,1657,8,0,0,8,False
02923,decoder_3_to_8,18,20,479,44,69,2190,13,0,0,13,False
02924,mux4to1,16,18,263,42,60,2099,9,0,0,9,False
02925,data_flip_flop,13,17,240,15,20,715,3,0,0,3,False
02926,binary_counter,13,15,258,30,47,1906,8,0,0,8,False
02927,sky130_fd_sc_hs__a31o,108,153,2077,43,60,2305,10,0,0,10,False
02928,combinational_circuit,32,41,798,49,68,2198,10,0,0,10,False
02929,full_adder,72,87,1599,68,86,3694,13,0,0,13,False
02930,my_logic,11,14,217,39,61,1987,10,0,0,10,False
02931,comparator,23,25,432,39,58,1719,10,0,0,10,False
02932,PruebaSeleccion,71,80,1402,90,121,4619,24,0,0,24,False
02933,karnaugh_map_4bit,27,29,565,57,73,2590,16,0,0,16,False
02934,binary_counter,14,16,261,37,56,2447,10,0,0,10,False
02935,binary_counter,13,15,265,45,66,2402,10,0,0,10,False
02936,custom_or3,57,68,688,38,60,1954,10,0,0,10,False
02937,Convierte,10,13,736,54,70,2846,16,0,0,16,False
02938,mux_4_1_using_2_1,13,27,422,40,65,2024,9,0,0,9,False
02939,signal_modifier,17,21,324,42,66,2267,10,0,0,10,False
02940,add_sub,20,22,361,25,34,1069,4,0,0,4,False
02941,check_10us,20,24,408,39,58,2266,10,0,0,10,False
02942,hazard,45,55,1232,83,113,4253,14,0,0,14,False
02943,mux4to1,9,15,420,34,52,2058,7,0,0,7,False
02944,SNPS_CLOCK_GATE_HIGH_ShiftRegister_W7_54,26,34,659,37,60,2510,10,0,0,10,False
02945,OR_gate_pipeline,27,35,546,38,57,2099,10,0,0,10,False
02946,subtract_8bit,10,13,179,37,56,1917,10,0,0,10,False
02947,write_axi,24,27,494,32,47,2256,8,0,0,8,False
02948,pwm_controller,35,40,727,35,61,2768,8,0,0,8,False
02949,twos_complement,6,9,106,36,57,1735,10,0,0,10,False
02950,sky130_fd_sc_hs__nor4b,11,13,195,48,71,2271,11,0,0,11,False
02951,my_,30,34,543,53,72,3160,10,0,0,10,False
02952,mux_2to1_enable,15,17,264,30,41,1570,6,0,0,6,False
02953,and2_4,20,27,296,28,41,1282,7,0,0,7,False
02954,and_gate,7,9,93,21,32,919,5,0,0,5,False
02955,binary_to_gray,9,11,180,40,55,2051,10,0,0,10,False
02956,decoder,47,49,1221,41,60,1923,10,0,0,10,False
02957,Span12Mux_v0,22,24,455,46,57,2777,5,0,0,5,False
02958,and_gate,15,17,225,32,47,1725,8,0,0,8,False
02959,sync_reset_DFF,12,14,171,25,36,1532,6,0,0,6,False
02960,shifter,55,62,1393,32,47,1684,8,0,0,8,False
02961,logic_gate,14,18,259,34,47,1516,8,0,0,8,False
02962,top_,76,95,1574,59,82,3702,11,0,0,11,False
02963,fsm_traffic_light_control,59,64,1278,66,102,4032,17,0,0,17,False
02964,my_,24,31,415,48,70,2355,10,0,0,10,False
02965,two_bit_comparator,17,19,269,31,46,1234,8,0,0,8,False
02966,jump_mux,14,16,273,214,220,13924,3,0,0,3,False
02967,alt_ctl,13,15,830,99,135,5403,29,0,0,29,False
02968,adder_with_carry,29,48,1037,64,98,3146,11,0,0,11,False
02969,CRC5_D5_solution,22,29,704,48,63,2632,7,0,0,7,False
02970,digit,13,15,369,45,72,2268,13,0,0,13,False
02971,counter_4bit,20,22,346,38,53,2003,8,0,0,8,False
02972,sky130_fd_sc_lp__or2,18,21,254,28,41,960,6,0,0,6,False
02973,up_down_counter,29,34,576,44,65,2814,11,0,0,11,False
02974,logic_,10,14,194,40,61,2420,11,0,0,11,False
02975,sky130_fd_sc_hdll__nand3,14,21,253,38,57,1953,10,0,0,10,False
02976,simple_calculator,13,22,434,49,78,2452,13,0,0,13,False
02977,my_module,10,14,127,37,58,1828,10,0,0,10,False
02978,and4,13,16,247,38,59,2074,10,0,0,10,False
02979,sky130_fd_sc_hd__o211ai,22,30,425,90,111,3730,10,0,0,10,False
02980,mux16to1,28,30,670,37,58,2215,10,0,0,10,False
02981,ones_complement,17,25,373,24,39,1706,6,0,0,6,False
02982,bin_to_gray,11,13,220,44,63,2454,10,0,0,10,False
02983,adder,16,23,540,44,72,2328,11,0,0,11,False
02984,binary_counter,13,15,216,21,30,1237,5,0,0,5,False
02985,t_flip_flop,5,8,119,18,27,930,4,0,0,4,False
02986,my_,12,16,177,43,65,2352,10,0,0,10,False
02987,calculator,25,30,712,48,71,3060,9,0,0,9,False
02988,RegisterAdd_4,15,17,290,23,32,1213,5,0,0,5,False
02989,adder_4bit,11,13,165,26,40,1267,6,0,0,6,False
02990,add_sub_4bit,16,19,318,38,61,2138,10,0,0,10,False
02991,sky130_fd_sc_ls__a311o,24,32,434,59,80,3802,10,0,0,10,False
02992,adder_4bit_carry,15,19,416,52,71,3573,10,0,0,10,False
02993,and_module,15,20,657,29,42,1605,7,0,0,7,False
02994,and_gate,9,11,120,34,51,1531,9,0,0,9,False
02995,mux,13,18,254,40,59,2018,9,0,0,9,False
02996,up_down_counter,32,37,923,41,60,2359,10,0,0,10,False
