JasperGold Apps 2021.03 FCS 64 bits 2021.03.23 02:50:43 UTC

Any disclosure about the Cadence Design Systems software or its use
model to any third party violates the written Non-Disclosure Agreement
between Cadence Design Systems, Inc. and the customer.

THIS SOFTWARE CONTAINS CONFIDENTIAL INFORMATION AND TRADE SECRETS OF
CADENCE DESIGN SYSTEMS, INC. USE, DISCLOSURE, OR REPRODUCTION IS
PROHIBITED WITHOUT THE PRIOR EXPRESS WRITTEN PERMISSION OF CADENCE
DESIGN SYSTEMS, INC.

Copyright (C) 2000-2021 Cadence Design Systems, Inc. All Rights
Reserved.  Unpublished -- rights reserved under the copyright laws of
the United States.

This product includes software developed by others and redistributed
according to license agreement. See doc/third_party_readme.txt for
further details.

RESTRICTED RIGHTS LEGEND

Use, duplication, or disclosure by the Government is subject to
restrictions as set forth in subparagraph (c) (1) (ii) of the Rights in
Technical Data and Computer Software clause at DFARS 252.227-7013 or
subparagraphs (c) (1) and (2) of Commercial Computer Software -- Restricted
Rights at 48 CFR 52.227-19, as applicable.


                          Cadence Design Systems, Inc. 
                          2655 Seely Avenue
                          San Jose, CA 95134
                          Phone: 408.943.1234

For technical assistance visit http://support.cadence.com.

JasperGold Apps Analysis Session - /home/ab2113/malik25_26/veri_thoughts/dataset/verification_results/version_2/ids/00835/jgproject/sessionLogs/session_0

INFO: successfully checked out license "jasper_fao".
INFO: reading configuration file "/home/ab2113/.config/jasper/jaspergold.conf".
% # ============================================================
% # JasperGold Assertion Verification Runner (env-driven)
% # Output: verification_results/ids/<DESIGN_ID>/
% #
% # Env:
% #   DESIGN_ID     : required (subfolder name)
% #   JG_DESIGN     : required, space/colon-separated RTL file paths OR a directory
% #   JG_SVA        : required, space/colon-separated SVA file paths OR a directory
% #
% # Optional:
% #   JG_TOP        : top module name. If missing, inferred from RTL (default: infer)
% #   JG_STD        : sv12 | sv11 | sv09 (default: sv12)
% #   JG_INCDIRS    : colon/space-separated include dirs (optional)
% #   JG_DEFINES    : space-separated defines NAME or NAME=VAL (optional)
% #   JG_NO_CLOCK   : 1 to force combinational clocking (default: 0)
% #   JG_RESET      : explicit reset signal name (optional)
% #   JG_RESET_EXPR : explicit reset expression (optional)
% #   JG_DUMP_VCD   : 1 to dump VCD waveforms for CEX properties (default: 0)
% # ============================================================
% 
% proc split_env_list {s} {
  if {$s eq ""} {return {}}
  set out {}
  foreach p [split $s " :"] { if {$p ne ""} {lappend out $p} }
  return $out
}
% 
% proc split_space_list {s} {
  if {$s eq ""} {return {}}
  set out {}
  foreach p [split $s " "] { if {$p ne ""} {lappend out $p} }
  return $out
}
% 
% proc collect_files_any {path} {
  # If path is a file, return it. If directory, glob common HDL extensions.
  if {[file isfile $path]} { return [list $path] }
  if {![file isdirectory $path]} { error "Not a file or directory: $path" }

  set patterns {*.sv *.svh *.v *.vh}
  set flist {}
  foreach p $patterns {
    foreach f [glob -nocomplain -types f -directory $path -tails -- $p] {
      lappend flist [file join $path $f]
    }
  }
  if {[llength $flist] == 0} { error "No HDL files found in directory: $path" }
  return $flist
}
% 
% proc read_file_text {path} {
  set fp [open $path "r"]
  set data [read $fp]
  close $fp
  return $data
}
% 
% proc strip_comments {text} {
  set out $text
  regsub -all {(?s)/\*.*?\*/} $out "" out
  regsub -all {(?m)//.*$} $out "" out
  return $out
}
% 
% proc infer_top_from_file {f} {
  if {![file isfile $f]} { return "" }
  set txt [strip_comments [read_file_text $f]]
  if {[regexp -nocase -line {^\s*module\s+([A-Za-z_][A-Za-z0-9_]*)} $txt -> m]} {
    return $m
  }
  return ""
}
% 
% proc find_reset_signal {top files} {
  set top_l [string tolower $top]
  set keywords {input output inout wire reg logic signed unsigned integer parameter localparam bit tri supply0 supply1 tri0 tri1 wand wor}
  foreach f $files {
    if {![file isfile $f]} { continue }
    set txt [strip_comments [read_file_text $f]]
    set re "(?s)\\mmodule\\s+${top_l}\\M\\s*(#\\s*\\(.*?\\)\\s*)?\\((.*?)\\)\\s*;"
    if {[regexp -nocase -- $re $txt -> _port_params portlist]} {
      set tokens [regexp -all -inline {\m[A-Za-z_][A-Za-z0-9_]*\M} $portlist]
      set names {}
      foreach t $tokens {
        set tl [string tolower $t]
        if {[lsearch -exact $keywords $tl] >= 0} { continue }
        lappend names $t
      }
      if {[llength $names] == 0} { continue }
      set lower_map [dict create]
      foreach n $names { dict set lower_map [string tolower $n] $n }
      set exact_priority {reset_n rst_n resetb rstb resetn rstn areset_n arst_n reset rst areset arst}
      foreach p $exact_priority {
        if {[dict exists $lower_map $p]} { return [dict get $lower_map $p] }
      }
      foreach n $names {
        set ln [string tolower $n]
        if {[regexp {(^|_)reset(_|$)} $ln] || [regexp {(^|_)rst(_|$)} $ln]} {
          return $n
        }
      }
    }
  }
  return ""
}
% 
% # ---- Auto-bind helpers ----
% 
% proc sva_files_have_bind {sva_files} {
  # Return 1 if any SVA file already contains a bind statement.
  foreach f $sva_files {
    if {![file isfile $f]} { continue }
    set txt [strip_comments [read_file_text $f]]
    if {[regexp -nocase {(?m)^\s*bind\s+} $txt]} { return 1 }
  }
  return 0
}
% 
% proc extract_module_ports {mod_name files} {
  # Extract port names for a given module from a list of files.
  # Returns a list of port names (order preserved, keywords stripped).
  set keywords {input output inout wire reg logic signed unsigned integer
                parameter localparam bit tri supply0 supply1 tri0 tri1 wand wor}
  foreach f $files {
    if {![file isfile $f]} { continue }
    set txt [strip_comments [read_file_text $f]]
    set re "(?s)\\mmodule\\s+${mod_name}\\M\\s*(#\\s*\\(.*?\\)\\s*)?\\((.*?)\\)\\s*;"
    if {[regexp -nocase -- $re $txt -> _params portlist]} {
      set tokens [regexp -all -inline {\m[A-Za-z_][A-Za-z0-9_]*\M} $portlist]
      set names {}
      foreach t $tokens {
        set tl [string tolower $t]
        if {[lsearch -exact $keywords $tl] >= 0} { continue }
        if {[lsearch -exact $names $t] < 0} { lappend names $t }
      }
      return $names
    }
  }
  return {}
}
% 
% proc generate_auto_bind {top dut_files sva_files out_dir} {
  # If SVA files lack a bind statement, generate one.
  # Returns: path to generated bind file, or "" if bind already exists / cannot generate.
  if {[sva_files_have_bind $sva_files]} {
    puts "INFO: SVA files already contain a bind statement"
    return ""
  }

  # Find the SVA module name (first module in SVA files that is NOT the DUT)
  set sva_mod ""
  foreach f $sva_files {
    if {![file isfile $f]} { continue }
    set txt [strip_comments [read_file_text $f]]
    set matches [regexp -all -inline -nocase {(?m)^\s*module\s+([A-Za-z_][A-Za-z0-9_]*)} $txt]
    foreach {_ mname} $matches {
      if {$mname ne $top} {
        set sva_mod $mname
        break
      }
    }
    if {$sva_mod ne ""} { break }
  }

  if {$sva_mod eq ""} {
    puts "WARN: Could not find SVA module name for auto-bind"
    return ""
  }

  # Get port lists
  set dut_ports [extract_module_ports $top $dut_files]
  set sva_ports [extract_module_ports $sva_mod $sva_files]

  if {[llength $sva_ports] == 0} {
    puts "WARN: SVA module $sva_mod has no ports; cannot auto-bind"
    return ""
  }

  # Build port connections: for each SVA port, connect to DUT port if name
  # matches (case-insensitive), otherwise leave unconnected.
  set dut_lower_map [dict create]
  foreach p $dut_ports { dict set dut_lower_map [string tolower $p] $p }

  set connections {}
  set unconnected {}
  foreach sp $sva_ports {
    set sp_lower [string tolower $sp]
    if {[dict exists $dut_lower_map $sp_lower]} {
      set dp [dict get $dut_lower_map $sp_lower]
      lappend connections "    .${sp}(${dp})"
    } else {
      lappend unconnected $sp
    }
  }

  if {[llength $connections] == 0} {
    puts "WARN: No matching ports between DUT ($top) and SVA ($sva_mod); cannot auto-bind"
    return ""
  }

  # Write the bind file
  set bind_path [file join $out_dir "auto_bind.sv"]
  set conn_str [join $connections ",\n"]
  set fp [open $bind_path "w"]
  puts $fp "// Auto-generated bind (no bind found in SVA files)"
  if {[llength $unconnected] > 0} {
    puts $fp "// NOTE: Unconnected SVA ports (not in DUT): [join $unconnected {, }]"
  }
  puts $fp "bind $top $sva_mod auto_sva_inst ("
  puts $fp $conn_str
  puts $fp ");"
  close $fp

  puts "INFO: Auto-generated bind: $bind_path"
  puts "  DUT=$top  SVA=$sva_mod"
  puts "  Connected ports: [llength $connections]"
  if {[llength $unconnected] > 0} {
    puts "  Unconnected SVA ports: [join $unconnected {, }]"
  }
  return $bind_path
}
% 
% # ---- Read config from environment ----
% if {![info exists ::env(DESIGN_ID)] || $::env(DESIGN_ID) eq ""} {
  puts "ERROR: DESIGN_ID not set."
  exit 2
}
% if {![info exists ::env(JG_DESIGN)] || $::env(JG_DESIGN) eq ""} {
  puts "ERROR: JG_DESIGN not set."
  exit 2
}
% if {![info exists ::env(JG_SVA)] || $::env(JG_SVA) eq ""} {
  puts "ERROR: JG_SVA not set."
  exit 2
}
% 
% set DESIGN_ID $::env(DESIGN_ID)
00835
% 
% # JG_TOP is optional: if missing, infer from RTL
% set TOP ""
% if {[info exists ::env(JG_TOP)] && $::env(JG_TOP) ne ""} {
  set TOP $::env(JG_TOP)
}
% 
% set STD      [expr {[info exists ::env(JG_STD)] ? $::env(JG_STD) : "sv12"}]
sv12
% set INCDIRS  [expr {[info exists ::env(JG_INCDIRS)] ? [split_env_list $::env(JG_INCDIRS)] : {}}]
% # Defines should be space-separated (do NOT split on ':')
% set DEFINES  [expr {[info exists ::env(JG_DEFINES)] ? [split_space_list $::env(JG_DEFINES)] : {}}]
% set NO_CLOCK [expr {[info exists ::env(JG_NO_CLOCK)] ? $::env(JG_NO_CLOCK) : 0}]
1
% set DUMP_VCD [expr {[info exists ::env(JG_DUMP_VCD)] ? $::env(JG_DUMP_VCD) : 0}]
1
% 
% # JG_DESIGN/JG_SVA can be:
% # - a directory
% # - a single file
% # - a list of files/dirs separated by spaces/colons
% set DESIGN_INPUTS [split_env_list $::env(JG_DESIGN)]
./00835/module.v
% set SVA_INPUTS    [split_env_list $::env(JG_SVA)]
./00835/sva.sv
% 
% set DESIGN_FILES {}
% foreach p $DESIGN_INPUTS { set DESIGN_FILES [concat $DESIGN_FILES [collect_files_any $p]] }
% 
% # Infer TOP if not provided
% if {$TOP eq ""} {
  foreach f $DESIGN_FILES {
    set guess [infer_top_from_file $f]
    if {$guess ne ""} { set TOP $guess; break }
  }
  if {$TOP eq ""} {
    puts "ERROR: Could not infer TOP from design files; set JG_TOP explicitly."
    exit 2
  }
}
% puts "INFO: Using TOP = $TOP"
INFO: Using TOP = bram_controller
% 
% set SVA_FILES {}
% foreach p $SVA_INPUTS { set SVA_FILES [concat $SVA_FILES [collect_files_any $p]] }
% 
% # ---- Output dir ----
% # JG_OUT_DIR: explicit output directory from check_all.sh; fallback to legacy path
% if {[info exists ::env(JG_OUT_DIR)] && $::env(JG_OUT_DIR) ne ""} {
  set OUT_DIR $::env(JG_OUT_DIR)
} else {
  set OUT_DIR [file join "verification_results" "ids" $DESIGN_ID]
}
/home/ab2113/malik25_26/veri_thoughts/dataset/verification_results/version_2/ids/00835
% file mkdir $OUT_DIR
% set PROP_LIST_TXT [file join $OUT_DIR "property_list.txt"]
/home/ab2113/malik25_26/veri_thoughts/dataset/verification_results/version_2/ids/00835/property_list.txt
% set SUMMARY_TXT   [file join $OUT_DIR "summary.txt"]
/home/ab2113/malik25_26/veri_thoughts/dataset/verification_results/version_2/ids/00835/summary.txt
% 
% # ---- Auto-bind detection ----
% set AUTO_BIND 0
0
% set BIND_FILE [generate_auto_bind $TOP $DESIGN_FILES $SVA_FILES $OUT_DIR]
INFO: Auto-generated bind: /home/ab2113/malik25_26/veri_thoughts/dataset/verification_results/version_2/ids/00835/auto_bind.sv
  DUT=bram_controller  SVA=bram_controller_sva
  Connected ports: 5
  Unconnected SVA ports: state_reg, counter, idle, b00, leer, b01, fin, b10, check_reset_release_defaults, assert, property, posedge, disable, iff, fell, d0, b0, check_state_encoding_valid, inside, check_idle_stay_when_btn0, check_idle_to_leer_when_btn1, b1, check_leer_to_fin, check_fin_to_idle, check_wea_const_zero, check_addra_inc_in_fin, past, check_addra_hold_in_idle, check_addra_hold_in_leer, check_counter_inc_in_leer, check_counter_hold_in_idle, check_counter_reset_in_fin_at_15, b1111, check_counter_hold_in_fin_not_15
/home/ab2113/malik25_26/veri_thoughts/dataset/verification_results/version_2/ids/00835/auto_bind.sv
% if {$BIND_FILE ne ""} {
  set AUTO_BIND 1
  lappend SVA_FILES $BIND_FILE
}
./00835/sva.sv /home/ab2113/malik25_26/veri_thoughts/dataset/verification_results/version_2/ids/00835/auto_bind.sv
% 
% puts "INFO: Verification run starting"
INFO: Verification run starting
% puts "  DESIGN_ID : $DESIGN_ID"
  DESIGN_ID : 00835
% puts "  TOP       : $TOP"
  TOP       : bram_controller
% puts "  STD       : $STD"
  STD       : sv12
% puts "  INCDIRS   : $INCDIRS"
  INCDIRS   : 
% puts "  DEFINES   : $DEFINES"
  DEFINES   : 
% puts "  NO_CLOCK  : $NO_CLOCK"
  NO_CLOCK  : 1
% puts "  AUTO_BIND : $AUTO_BIND"
  AUTO_BIND : 1
% puts "  DUMP_VCD  : $DUMP_VCD"
  DUMP_VCD  : 1
% puts "  N_DESIGN  : [llength $DESIGN_FILES]"
  N_DESIGN  : 1
% puts "  N_SVA     : [llength $SVA_FILES]"
  N_SVA     : 2
% puts "  OUT_DIR   : $OUT_DIR"
  OUT_DIR   : /home/ab2113/malik25_26/veri_thoughts/dataset/verification_results/version_2/ids/00835
% 
% # Optional: promote common message groups to errors (best-effort)
% if {[llength [info commands set_msg_config]]} {
  set_msg_config -id COMP*  -severity error
  set_msg_config -id PARSE* -severity error
  set_msg_config -id ELAB*  -severity error
}
% 
% # ---- Build analyze options ----
% set analyze_opts [list analyze -$STD]
analyze -sv12
% if {[llength $INCDIRS] > 0} { lappend analyze_opts -incdir $INCDIRS }
% if {[llength $DEFINES] > 0} {
  foreach d $DEFINES { lappend analyze_opts -define $d }
}
% 
% # ---- Analyze + Elaborate ----
% set err 0
0
% puts "DEBUG: DESIGN_FILES = $DESIGN_FILES"
DEBUG: DESIGN_FILES = ./00835/module.v
% puts "DEBUG: SVA_FILES    = $SVA_FILES"
DEBUG: SVA_FILES    = ./00835/sva.sv /home/ab2113/malik25_26/veri_thoughts/dataset/verification_results/version_2/ids/00835/auto_bind.sv
% 
% if {[catch {eval $analyze_opts $DESIGN_FILES} msg]} {
  puts "ERROR: analyze design failed:\n$msg"
  set err 1
}
[-- (VERI-1482)] Analyzing Verilog file '/scratch/gpfs/LICENSED/x86_64/cadence-20210126/jasper_2021.03/lib/verilog/packages/std/std.sv' into library 'std'
[-- (VERI-1482)] Analyzing Verilog file './00835/module.v'
% if {!$err && [catch {eval $analyze_opts $SVA_FILES} msg2]} {
  puts "ERROR: analyze SVA failed:\n$msg2"
  set err 1
}
[-- (VERI-1482)] Analyzing Verilog file './00835/sva.sv'
[-- (VERI-1482)] Analyzing Verilog file '/home/ab2113/malik25_26/veri_thoughts/dataset/verification_results/version_2/ids/00835/auto_bind.sv'
% 
% puts "DEBUG: Elaborating TOP='$TOP'"
DEBUG: Elaborating TOP='bram_controller'
% if {!$err && [catch {elaborate -top $TOP} emsg]} {
  puts "ERROR: elaborate failed:\n$emsg"
  set err 1
}
INFO (ISW003): Top module name is "bram_controller".
[INFO (HIER-8002)] ./00835/module.v(52): Disabling old hierarchical reference handler
[WARN (VERI-1927)] /home/ab2113/malik25_26/veri_thoughts/dataset/verification_results/version_2/ids/00835/auto_bind.sv(9): port 'state_reg' remains unconnected for this instance
[INFO (VERI-1018)] ./00835/sva.sv(1): compiling module 'bram_controller_sva'
[INFO (VERI-1018)] ./00835/module.v(2): compiling module 'bram_controller'
[WARN (VERI-9028)] /home/ab2113/malik25_26/veri_thoughts/dataset/verification_results/version_2/ids/00835/auto_bind.sv(3): missing/open ports on instance auto_sva_inst of module bram_controller_sva
[WARN (VDB-1013)] /home/ab2113/malik25_26/veri_thoughts/dataset/verification_results/version_2/ids/00835/auto_bind.sv(9): input port 'state_reg[1]' is not connected on this instance
INFO (INL208): Elaboration synthesis summary:
  Number of synthesized netlists          3 (1 packages)
  Single run mode                         On
  Pipeline                                On (2 pipelined netlists)
  Late hierarchical reference connection  On
  Number of analyzed Verilog modules      3 (3 synthesized)
  Number of analyzed VHDL entities        0 (0 synthesized)
INFO (INL003): Clearing all state information (assumes, stopats, and so forth).
[<embedded>] % 
[<embedded>] % # If combinational / event-driven, you can force "no clock"
[<embedded>] % if {!$err && $NO_CLOCK} {
  catch { clock -none }
}
INFO (ICK008): Enabling clock-free environment.
0
[<embedded>] % 
[<embedded>] % if {$err} {
  puts "\n❌ FAILED: compile/elab errors"
  exit 1
}
[<embedded>] % 
[<embedded>] % # ---- Reset -----
[<embedded>] % set RESET_SIG ""
[<embedded>] % set RESET_EXPR ""
[<embedded>] % if {[info exists ::env(JG_RESET_EXPR)] && $::env(JG_RESET_EXPR) ne ""} {
  set RESET_EXPR $::env(JG_RESET_EXPR)
} elseif {[info exists ::env(JG_RESET)] && $::env(JG_RESET) ne ""} {
  set RESET_SIG $::env(JG_RESET)
} else {
  set RESET_SIG [find_reset_signal $TOP $DESIGN_FILES]
}
reset
[<embedded>] % 
[<embedded>] % if {$RESET_EXPR ne ""} {
  puts "INFO: Using reset expression: $RESET_EXPR"
  catch { reset -expression $RESET_EXPR }
} elseif {$RESET_SIG ne ""} {
  if {[regexp -nocase {(_n|_b)$} $RESET_SIG]} {
    set RESET_EXPR "!$RESET_SIG"
    puts "INFO: Using active-low reset expression: $RESET_EXPR"
    catch { reset -expression $RESET_EXPR }
  } else {
    puts "INFO: Using reset signal: $RESET_SIG"
    catch { reset $RESET_SIG }
  }
} else {
  puts "INFO: No reset signal found; using reset -none"
  catch { reset -none }
}
INFO: Using reset signal: reset
INFO (IPM031): Clearing proof results of all properties.
INFO (IRS006): Current reset condition is "reset".
0
[<embedded>] % 
[<embedded>] % # ---- Property discovery (bind sanity check) ----
[<embedded>] % set ASSERTS {}
[<embedded>] % set COVERS  {}
[<embedded>] % catch { set ASSERTS [assert -list -silent] }
0
[<embedded>] % catch { set COVERS  [cover  -list -silent] }
0
[<embedded>] % 
[<embedded>] % puts "INFO: Found [llength $ASSERTS] asserts, [llength $COVERS] covers"
INFO: Found 14 asserts, 12 covers
[<embedded>] % 
[<embedded>] % # Write property names
[<embedded>] % set fp [open $PROP_LIST_TXT "w"]
file41
[<embedded>] % puts $fp "ASSERT PROPERTIES:"
[<embedded>] % foreach a $ASSERTS { puts $fp $a }
[<embedded>] % puts $fp ""
[<embedded>] % puts $fp "COVER PROPERTIES:"
[<embedded>] % foreach c $COVERS { puts $fp $c }
[<embedded>] % close $fp
[<embedded>] % 
[<embedded>] % if {[llength $ASSERTS] == 0 && [llength $COVERS] == 0} {
  puts "\n❌ FAILED: No properties found (bind likely didn't attach, or wrong TOP)"
  exit 3
}
[<embedded>] % 
[<embedded>] % # ---- Prove all assertions ----
[<embedded>] % # 3600 seconds = 1 hour timeout per property (adjust as needed)
[<embedded>] % set_prove_time_limit 3600
[<embedded>] % 
[<embedded>] % puts "INFO: Running prove -all"
INFO: Running prove -all
[<embedded>] % if {[catch { prove -all } pmsg]} {
  puts "ERROR: prove command failed:\n$pmsg"
  exit 4
}
Ncustom1: Custom engine code is hT3Ng7hPPfiYQOTDZ3qhYOwGAM51eA+J/FjkM5shLioAsqhgLR4Ft+O1BuKG6ilQ83B9tLXSl+CwjiTMAQA
AMcustom2: Custom engine code is hT3Ng7hP/feYQOTDZ3qhYOwGAM51eA+J/FjkM5shLioAsqhgLR4Ft+O1BuKG6ilQ83B9tLXSmmqwm7g9AQA
INFO (IPF036): Starting proof on task: "<embedded>", 26 properties to prove with 0 already proven/unreachable
INFO (IRS029): Starting reset analysis: phase 1 of 4.
INFO (IRS030): Running reset analysis: phase 2 of 4.
INFO (IRS031): Running reset analysis: phase 3 of 4.
INFO (IRS020): Starting the reset analysis simulation with a limit of 100 iterations (phase 4 of 4).
INFO (IRS024): Reset iterations 0 to 4 analyzed.
INFO (IRS018): Reset analysis simulation executed for 3 iterations. Assigned values for 11 of 11 design flops, 0 of 0 design latches, 92 of 117 internal elements.
INFO (IRS039): Reset analysis complete.
INFO (IPF031): Settings used for proof thread 0:
    orchestration                 = on (auto)
    time_limit                    = 3600s
    per_property_time_limit       = 1s * 10 ^ scan
    engine_mode                   = auto
    proofgrid_per_engine_max_jobs = 1
    max engine jobs               = auto
    proofgrid_mode                = local
    proofgrid_restarts            = 10
AMcustom3: Custom engine code is hT3NE7hP/2Fz2XrVSbG0RDiSlOmcEY54dTxWvdDsI3//MxFcPzdQEJVlimlZshtLUKCpt0qXHu9EQAivsvCTP5Pi2s9EBccXnc85FrzRRX45WcXC5XpA9kyHdIYmOxUqsRrN5ntdfkwHRnO7f82Dn4pCsne09HV19Yd/o8VzV0c8nka+2MMhbNDEdLGC4SmTi8oNy00Nn40QJnMevDlPY3jIAQA
Ncustom4: Custom engine code is hT3OXrhPByJp3TrFSTLhUmMH4KVtJgmTCnNDF46yMXOKY48m4LS5nE7yBzFjA7kDuwO/GhGUpEPiky3p3wmPn3dJZHxFMsafSoObRzSC+tn7sEY0WbTdZ/FV4hL3MYH/b1CIUvXSWR4wqEoVLsmMOD4xIPT4lI1LO6ZCO7PnnWQuLwetnvKlrXx6wCW/A+x+enqslg1YPobi4wEF/EvbzOvcTYdJvl2s4H2yZg2b2ofAVN5WvhWk1HoBAA
Ncustom5: Custom engine code is hT3NR7hPByFp3TrFSTLhUmMH4KWtJglTyV/c51BHEeZWamnJv767nE6PCak26bd3gf3XGN3rIRheufhDieCJQVISo+gNYUKhiUedBKGtsP/a18svAnlMJZudHxDFwK5ufsyoxsIyiAeSY2oi3tEuoDHr5gw42DFKAG3PqO3CEsl8Azzdt3pl5nGA1Ifv2H02eYsFzWb/nfp8PMb3F0krE/EgBcm8TD9Div8BAA
Tricustom6: Custom engine code is hT3Nu7hP3fiYQADBZnYcglNHp9bfd7EOeniIqP/ji8sGLQu8yhsFO+wxJ+O+R0bU8g/IewXFomyos+viQnWc2xYNYmMqpo3i40O7DaZR7qfp4YqNx26KRvQ/qx0BAA
0: Using multistage preprocessing
0: Starting reduce
0: Finished reduce in 0s
0.0.PRE: A proof was found: No trace exists. [0.00 s]
INFO (IPF057): 0.0.PRE: The property "bram_controller.auto_sva_inst.check_wea_const_zero" was proven in 0.00 s.
0: Found proofs for 1 properties in preprocessing
0.0.PRE: Performing Proof Simplification...
0.0.N: clocks: 2, declared: 1, disabling: 0, posedge: 2, negedge: 0, noedge: 0, bothedge: 0
0.0.N: Proof Simplification Iteration 1	[0.00 s]
0.0.N: Proof Simplification Iteration 2	[0.00 s]
0.0.N: Proof Simplification Iteration 3	[0.00 s]
0.0.PRE: A proof was found: No trace exists. [0.00 s]
INFO (IPF057): 0.0.PRE: The property ":noDeadEnd" was proven in 0.00 s.
    Use check_assumptions -show -dead_end to show this property in the property table.
0.0.PRE: A proof was found: No trace exists. [0.00 s]
INFO (IPF057): 0.0.PRE: The property ":noConflict" was proven in 0.00 s.
    Use check_assumptions -show to show this property in the property table.
INFO (IPF047): 0.0.PRE: The cover property ":live" was covered in 1 cycles in 0.00 s.
    Use check_assumptions -show -live to show this property in the property table.
0.0.PRE: Proof Simplification completed in 0.00 s
0: About to start ProofGrid in its own thread with a limit of 10000 pending notifications and a limit of 10 traces.
0: =============================== ProofGrid start ===============================
0: ProofGrid usable level: 25
0: ProofGrid is starting event handling
0.0.N: Proofgrid shell started at 1596687@della-h14n3(local) jg_1596521_della-h14n3_1
0.0.Hp: Proofgrid shell started at 1596688@della-h14n3(local) jg_1596521_della-h14n3_1
0.0.N: OS RSS memory limit : 68719476736 / 68719476736
0.0.Hp: OS RSS memory limit : 68719476736 / 68719476736
0.0.N: clocks: 1, declared: 1, disabling: 0, posedge: 1, negedge: 0, noedge: 0, bothedge: 0
0.0.Hp: clocks: 1, declared: 1, disabling: 0, posedge: 1, negedge: 0, noedge: 0, bothedge: 0
0.0.N: Next scan (0) will use per property time limit: 1s * 10 ^ 0 = 1s
0.0.N: Starting proof for property "bram_controller.auto_sva_inst.check_reset_release_defaults"	[0.00 s].
0.0.N: Trace Attempt  1	[0.00 s]
0.0.N: A trace with 1 cycles was found. [0.00 s]
INFO (IPF055): 0.0.N: A counterexample (cex) with 1 cycles was found for the property "bram_controller.auto_sva_inst.check_reset_release_defaults" in 0.02 s.
INFO (IPF047): 0.0.N: The cover property "bram_controller.auto_sva_inst.check_reset_release_defaults:precondition1" was covered in 1 cycles in 0.02 s by the incidental trace "bram_controller.auto_sva_inst.check_reset_release_defaults".
INFO (IPF047): 0.0.N: The cover property "bram_controller.auto_sva_inst.check_leer_to_fin:precondition1" was covered in 1 cycles in 0.02 s by the incidental trace "bram_controller.auto_sva_inst.check_reset_release_defaults".
INFO (IPF047): 0.0.N: The cover property "bram_controller.auto_sva_inst.check_addra_hold_in_leer:precondition1" was covered in 1 cycles in 0.02 s by the incidental trace "bram_controller.auto_sva_inst.check_reset_release_defaults".
INFO (IPF047): 0.0.N: The cover property "bram_controller.auto_sva_inst.check_counter_inc_in_leer:precondition1" was covered in 1 cycles in 0.02 s by the incidental trace "bram_controller.auto_sva_inst.check_reset_release_defaults".
0.0.N: Stopped processing property "bram_controller.auto_sva_inst.check_reset_release_defaults"	[0.02 s].
0.0.N: Starting proof for property "bram_controller.auto_sva_inst.check_state_encoding_valid"	[0.00 s].
0.0.N: Trace Attempt  1	[0.00 s]
0.0.N: A trace with 1 cycles was found. [0.00 s]
INFO (IPF055): 0.0.N: A counterexample (cex) with 1 cycles was found for the property "bram_controller.auto_sva_inst.check_state_encoding_valid" in 0.00 s.
0.0.N: Stopped processing property "bram_controller.auto_sva_inst.check_state_encoding_valid"	[0.00 s].
0.0.N: Starting proof for property "bram_controller.auto_sva_inst.check_idle_stay_when_btn0"	[0.00 s].
0.0.N: Trace Attempt  1	[0.00 s]
0.0.N: A max_length bound was found. The shortest trace is no longer than 8 cycles. [0.00 s]
INFO (IPF008): 0.0.N: A max_length bound of 8 was found for the property "bram_controller.auto_sva_inst.check_idle_stay_when_btn0" in 0.00 s.
0.0.N: Trace Attempt  2	[0.00 s]
0.0.N: Trace Attempt  2	[0.00 s]
0.0.N: Trace Attempt  3	[0.00 s]
0.0.N: Trace Attempt  3	[0.00 s]
0.0.N: A trace with 3 cycles was found. [0.00 s]
INFO (IPF055): 0.0.N: A counterexample (cex) with 3 cycles was found for the property "bram_controller.auto_sva_inst.check_idle_stay_when_btn0" in 0.00 s.
INFO (IPF047): 0.0.N: The cover property "bram_controller.auto_sva_inst.check_idle_stay_when_btn0:precondition1" was covered in 1 cycles in 0.00 s by the incidental trace "bram_controller.auto_sva_inst.check_idle_stay_when_btn0".
INFO (IPF047): 0.0.N: The cover property "bram_controller.auto_sva_inst.check_addra_hold_in_idle:precondition1" was covered in 1 cycles in 0.00 s by the incidental trace "bram_controller.auto_sva_inst.check_idle_stay_when_btn0".
INFO (IPF047): 0.0.N: The cover property "bram_controller.auto_sva_inst.check_counter_hold_in_idle:precondition1" was covered in 1 cycles in 0.00 s by the incidental trace "bram_controller.auto_sva_inst.check_idle_stay_when_btn0".
0.0.Hp: Trace Attempt  1	[0.00 s]
0.0.N: Stopped processing property "bram_controller.auto_sva_inst.check_idle_stay_when_btn0"	[0.00 s].
0.0.N: Starting proof for property "bram_controller.auto_sva_inst.check_idle_to_leer_when_btn1"	[0.00 s].
0.0.Hp: A trace with 1 cycles was found. [0.00 s]
INFO (IPF047): 0.0.Hp: The cover property "bram_controller.auto_sva_inst.check_idle_to_leer_when_btn1:precondition1" was covered in 1 cycles in 0.02 s.
0.0.N: Trace Attempt  1	[0.00 s]
0.0.N: A max_length bound was found. The shortest trace is no longer than 8 cycles. [0.00 s]
INFO (IPF008): 0.0.N: A max_length bound of 8 was found for the property "bram_controller.auto_sva_inst.check_idle_to_leer_when_btn1" in 0.00 s.
0.0.Hp: A trace with 1 cycles was found. [0.00 s]
INFO (IPF047): 0.0.Hp: The cover property "bram_controller.auto_sva_inst.check_fin_to_idle:precondition1" was covered in 1 cycles in 0.02 s.
INFO (IPF047): 0.0.Hp: The cover property "bram_controller.auto_sva_inst.check_addra_inc_in_fin:precondition1" was covered in 1 cycles in 0.02 s.
INFO (IPF047): 0.0.Hp: The cover property "bram_controller.auto_sva_inst.check_counter_reset_in_fin_at_15:precondition1" was covered in 1 cycles in 0.02 s.
0: ProofGrid is temporarily paused because there are too many pending traces.
0: ProofGrid is resuming to work after pausing for 0s. The amount of pending traces decreased.
0.0.Hp: A trace with 1 cycles was found. [0.00 s]
INFO (IPF047): 0.0.Hp: The cover property "bram_controller.auto_sva_inst.check_counter_hold_in_fin_not_15:precondition1" was covered in 1 cycles in 0.02 s.
0.0.N: Trace Attempt  2	[0.00 s]
0.0.N: Trace Attempt  2	[0.00 s]
0.0.N: Trace Attempt  3	[0.00 s]
0.0.N: Trace Attempt  3	[0.00 s]
0.0.N: A trace with 3 cycles was found. [0.00 s]
INFO (IPF055): 0.0.N: A counterexample (cex) with 3 cycles was found for the property "bram_controller.auto_sva_inst.check_idle_to_leer_when_btn1" in 0.00 s.
0.0.N: Stopped processing property "bram_controller.auto_sva_inst.check_idle_to_leer_when_btn1"	[0.00 s].
0.0.Hp: Trace Attempt  2	[0.00 s]
0.0.Hp: Trace Attempt  3	[0.00 s]
0.0.Hp: A trace with 3 cycles was found. [0.00 s]
INFO (IPF055): 0.0.Hp: A counterexample (cex) with 3 cycles was found for the property "bram_controller.auto_sva_inst.check_leer_to_fin" in 0.02 s.
INFO (IPF055): 0.0.Hp: A counterexample (cex) with 3 cycles was found for the property "bram_controller.auto_sva_inst.check_counter_inc_in_leer" in 0.02 s.
0.0.Hp: A trace with 3 cycles was found. [0.00 s]
INFO (IPF055): 0.0.Hp: A counterexample (cex) with 3 cycles was found for the property "bram_controller.auto_sva_inst.check_fin_to_idle" in 0.02 s.
INFO (IPF055): 0.0.Hp: A counterexample (cex) with 3 cycles was found for the property "bram_controller.auto_sva_inst.check_addra_inc_in_fin" in 0.02 s.
INFO (IPF055): 0.0.Hp: A counterexample (cex) with 3 cycles was found for the property "bram_controller.auto_sva_inst.check_counter_reset_in_fin_at_15" in 0.02 s.
0.0.Hp: A trace with 3 cycles was found. [0.00 s]
INFO (IPF055): 0.0.Hp: A counterexample (cex) with 3 cycles was found for the property "bram_controller.auto_sva_inst.check_counter_hold_in_idle" in 0.02 s.
0: ProofGrid is temporarily paused because there are too many pending traces.
0: ProofGrid is resuming to work after pausing for 0s. The amount of pending traces decreased.
0.0.Hp: A trace with 3 cycles was found. [0.00 s]
INFO (IPF055): 0.0.Hp: A counterexample (cex) with 3 cycles was found for the property "bram_controller.auto_sva_inst.check_counter_hold_in_fin_not_15" in 0.03 s.
0.0.Hp: Trace Attempt  4	[0.01 s]
0.0.Hp: Trace Attempt  5	[0.01 s]
0.0.Hp: Trace Attempt  7	[0.01 s]
0.0.Hp: A trace with 7 cycles was found. [0.01 s]
INFO (IPF055): 0.0.Hp: A counterexample (cex) with 7 cycles was found for the property "bram_controller.auto_sva_inst.check_addra_hold_in_idle" in 0.03 s.
0.0.N: Requesting engine job to stop
0.0.Hp: Requesting engine job to terminate
INFO (IPF144): 0: Initiating shutdown of proof [0.03 s]
0.0.Hp: A trace with 7 cycles was found. [0.01 s]
INFO (IPF055): 0.0.Hp: A counterexample (cex) with 7 cycles was found for the property "bram_controller.auto_sva_inst.check_addra_hold_in_leer" in 0.03 s.
0.0.Hp: All properties determined. [0.01 s]
0.0.N: Last scan. Per property time limit: 0s
0.0.N: Starting proof for property "bram_controller.auto_sva_inst.check_leer_to_fin"	[0.00 s].
0.0.N: Trace Attempt  1	[0.00 s]
0.0.N: Trace Attempt  2	[0.00 s]
0.0.N: Stopped processing property "bram_controller.auto_sva_inst.check_leer_to_fin"	[0.00 s].
0.0.N: Starting proof for property "bram_controller.auto_sva_inst.check_addra_hold_in_idle"	[0.00 s].
0.0.N: Trace Attempt  1	[0.00 s]
0.0.N: Trace Attempt  2	[0.00 s]
0.0.N: Trace Attempt  2	[0.00 s]
0.0.N: Trace Attempt  3	[0.00 s]
0.0.N: Trace Attempt  3	[0.00 s]
0.0.N: Trace Attempt  4	[0.00 s]
0.0.N: Trace Attempt  5	[0.00 s]
0.0.N: Stopped processing property "bram_controller.auto_sva_inst.check_addra_hold_in_idle"	[0.00 s].
0.0.N: Starting proof for property "bram_controller.auto_sva_inst.check_addra_hold_in_leer"	[0.00 s].
0.0.N: Stopped processing property "bram_controller.auto_sva_inst.check_addra_hold_in_leer"	[0.00 s].
0.0.N: Trace Attempt  7	[0.00 s]
0.0.N: All properties determined. [0.00 s]
0.0.Hp: Exited with Success (@ 0.03 s)
0: ProofGrid usable level: 0
0.0.Ht: Proofgrid shell started at 1596701@della-h14n3(local) jg_1596521_della-h14n3_1
0.0.Ht: Requesting engine job to terminate
0.0.N: Exited with Success (@ 0.06 s)
0.0.Ht: Interrupted. [0.01 s]
0.0.B: Proofgrid shell started at 1596702@della-h14n3(local) jg_1596521_della-h14n3_1
0.0.B: Requesting engine job to terminate
0.0.Ht: Exited with Success (@ 0.07 s)
0.0.B: Interrupted. [0.01 s]
0.0.B: Exited with Success (@ 0.07 s)
0: --------------------------------------------------------------
ProofGrid Summary (utilization 20.09 %)
--------------------------------------------------------------
     engines started                               :     4
     engine jobs started                           :     4

    Average time in state (seconds)
    ------------------------------------------------------
    Engine  Pending     Running        Dead    Utilization
    ------------------------------------------------------
      N        0.07        0.03        0.00       33.55 %
     Hp        0.07        0.03        0.00       33.91 %
     Ht        0.06        0.00        0.00        0.00 %
      B        0.07        0.00        0.00        0.00 %
    all        0.07        0.02        0.00       20.09 %

    Total time in state (seconds)
    -----------------------------------------
            Pending     Running        Dead  
    -----------------------------------------
               0.27        0.07        0.00

    Data read    : 13.20 kiB
    Data written : 2.38 kiB

0: All pending notifications were processed.
INFO (IPF059): Completed proof on task: "<embedded>" for proof thread 0

==============================================================
SUMMARY
==============================================================
           Properties Considered              : 26
                 assertions                   : 14
                  - proven                    : 1 (7.14286%)
                  - bounded_proven (user)     : 0 (0%)
                  - bounded_proven (auto)     : 0 (0%)
                  - marked_proven             : 0 (0%)
                  - cex                       : 13 (92.8571%)
                  - ar_cex                    : 0 (0%)
                  - undetermined              : 0 (0%)
                  - unknown                   : 0 (0%)
                  - error                     : 0 (0%)
                 covers                       : 12
                  - unreachable               : 0 (0%)
                  - bounded_unreachable (user): 0 (0%)
                  - covered                   : 12 (100%)
                  - ar_covered                : 0 (0%)
                  - undetermined              : 0 (0%)
                  - unknown                   : 0 (0%)
                  - error                     : 0 (0%)
[<embedded>] % 
[<embedded>] % # ---- Covers (best effort) ----
[<embedded>] % catch { cover -all }
1
[<embedded>] % 
[<embedded>] % # ---- Collect CEX details ----
[<embedded>] % set CEX_TXT [file join $OUT_DIR "cex_details.txt"]
/home/ab2113/malik25_26/veri_thoughts/dataset/verification_results/version_2/ids/00835/cex_details.txt
[<embedded>] % set cex_props {}
[<embedded>] % catch { set cex_props [get_property_list -include {status cex}] }
0
[<embedded>] % set ar_cex_props {}
[<embedded>] % catch { set ar_cex_props [get_property_list -include {status ar_cex}] }
WARNING (WPM042): No properties matched the specified filters.
0
[<embedded>] % 
[<embedded>] % set fp_cex [open $CEX_TXT "w"]
file43
[<embedded>] % puts $fp_cex "# Counter-example details for DESIGN_ID=$DESIGN_ID"
[<embedded>] % puts $fp_cex "# Format: property_name | cex_type | cex_length"
[<embedded>] % puts $fp_cex ""
[<embedded>] % 
[<embedded>] % foreach prop $cex_props {
  set cex_len ""
  catch { set cex_len [get_property_info -prop $prop cex_length] }
  puts $fp_cex "$prop | cex | $cex_len"
}
[<embedded>] % foreach prop $ar_cex_props {
  set cex_len ""
  catch { set cex_len [get_property_info -prop $prop cex_length] }
  puts $fp_cex "$prop | ar_cex | $cex_len"
}
[<embedded>] % close $fp_cex
[<embedded>] % 
[<embedded>] % set n_cex    [llength $cex_props]
13
[<embedded>] % set n_ar_cex [llength $ar_cex_props]
0
[<embedded>] % puts "INFO: CEX properties: $n_cex cex, $n_ar_cex ar_cex"
INFO: CEX properties: 13 cex, 0 ar_cex
[<embedded>] % puts "INFO: Wrote $CEX_TXT"
INFO: Wrote /home/ab2113/malik25_26/veri_thoughts/dataset/verification_results/version_2/ids/00835/cex_details.txt
[<embedded>] % 
[<embedded>] % # ---- Dump VCD waveforms for CEX properties ----
[<embedded>] % if {$DUMP_VCD && ($n_cex > 0 || $n_ar_cex > 0)} {
  set VCD_DIR [file join $OUT_DIR "cex_vcd"]
  file mkdir $VCD_DIR
  set all_cex_props [concat $cex_props $ar_cex_props]
  set vcd_count 0

  foreach prop $all_cex_props {
    set safe_name [regsub -all {[^A-Za-z0-9_.-]} $prop "_"]
    set vcd_path [file join $VCD_DIR "${safe_name}.vcd"]

    set dumped 0

    # Strip <embedded>:: prefix for prove -property (it needs the short name)
    set short_prop [regsub {^<embedded>::} $prop ""]

    # Force re-prove the property so JasperGold regenerates the trace,
    # then immediately visualize before the trace is discarded.
    if {!$dumped && [catch {
      prove -property $short_prop -force
      visualize -violation $prop
      visualize -save -vcd $vcd_path
      visualize -close
      set dumped 1
      incr vcd_count
      puts "INFO: Dumped VCD for $prop -> $vcd_path"
    } err1]} {
      catch { visualize -close }
      puts "DEBUG: Approach 1 (force re-prove) failed: $err1"
    }

    # Approach 2: visualize -violation with -new_trace to force trace gen
    if {!$dumped && [catch {
      visualize -violation $prop -new_trace
      visualize -save -vcd $vcd_path
      visualize -close
      set dumped 1
      incr vcd_count
      puts "INFO: Dumped VCD for $prop -> $vcd_path"
    } err2]} {
      catch { visualize -close }
      puts "DEBUG: Approach 2 (-new_trace) failed: $err2"
    }

    # Approach 3: prove with -force and auto engine mode
    if {!$dumped && [catch {
      set_engine_mode {auto}
      prove -property $short_prop -force
      visualize -violation $prop
      visualize -save -vcd $vcd_path
      visualize -close
      set dumped 1
      incr vcd_count
      puts "INFO: Dumped VCD for $prop -> $vcd_path"
    } err3]} {
      catch { visualize -close }
      puts "DEBUG: Approach 3 (auto engine) failed: $err3"
    }

    if {!$dumped} {
      puts "WARN: Could not dump VCD for $prop (all approaches failed)"
    }
  }
  puts "INFO: Dumped $vcd_count VCD files to $VCD_DIR"
} elseif {$DUMP_VCD} {
  puts "INFO: No CEX properties to dump VCD for"
}
INFO (IPF036): Starting proof on task: "<embedded>", 1 properties to prove with 0 already proven/unreachable
INFO (IPF031): Settings used for proof thread 1:
    orchestration                 = on (auto)
    time_limit                    = 3600s
    per_property_time_limit       = 1s * 10 ^ scan
    engine_mode                   = auto
    proofgrid_per_engine_max_jobs = 1
    max engine jobs               = auto
    proofgrid_mode                = local
    proofgrid_restarts            = 10
1: Using multistage preprocessing
1: Starting reduce
1: Finished reduce in 0s
1.0.PRE: Performing Proof Simplification...
1.0.N: clocks: 2, declared: 1, disabling: 0, posedge: 2, negedge: 0, noedge: 0, bothedge: 0
1.0.N: Proof Simplification Iteration 1	[0.00 s]
1.0.N: Proof Simplification Iteration 2	[0.00 s]
1.0.N: Proof Simplification Iteration 3	[0.00 s]
1.0.PRE: A proof was found: No trace exists. [0.00 s]
INFO (IPF057): 1.0.PRE: The property ":noDeadEnd" was proven in 0.00 s.
    Use check_assumptions -show -dead_end to show this property in the property table.
1.0.PRE: Proof Simplification completed in 0.00 s
1: About to start ProofGrid in its own thread with a limit of 10000 pending notifications and a limit of 10 traces.
1: =============================== ProofGrid start ===============================
1: ProofGrid usable level: 1
1: ProofGrid is starting event handling
1.0.N: Proofgrid shell started at 1596723@della-h14n3(local) jg_1596521_della-h14n3_2
1.0.Hp: Proofgrid shell started at 1596724@della-h14n3(local) jg_1596521_della-h14n3_2
1.0.N: OS RSS memory limit : 68719476736 / 68719476736
1.0.Hp: OS RSS memory limit : 68719476736 / 68719476736
1.0.N: clocks: 1, declared: 1, disabling: 0, posedge: 1, negedge: 0, noedge: 0, bothedge: 0
1.0.Hp: clocks: 1, declared: 1, disabling: 0, posedge: 1, negedge: 0, noedge: 0, bothedge: 0
1.0.N: Last scan. Per property time limit: 0s
1.0.N: Starting proof for property "bram_controller.auto_sva_inst.check_reset_release_defaults"	[0.00 s].
1.0.N: Trace Attempt  1	[0.00 s]
1.0.N: Requesting engine job to stop
1.0.Hp: Requesting engine job to terminate
INFO (IPF144): 1: Initiating shutdown of proof [0.00 s]
1.0.N: A trace with 1 cycles was found. [0.00 s]
INFO (IPF055): 1.0.N: A counterexample (cex) with 1 cycles was found for the property "bram_controller.auto_sva_inst.check_reset_release_defaults" in 0.00 s.
1.0.Hp: All properties determined. [0.00 s]
1.0.N: Stopped processing property "bram_controller.auto_sva_inst.check_reset_release_defaults"	[0.00 s].
1.0.N: All properties determined. [0.00 s]
1.0.Ht: Proofgrid shell started at 1596737@della-h14n3(local) jg_1596521_della-h14n3_2
1.0.Ht: Requesting engine job to terminate
1.0.N: Exited with Success (@ 0.06 s)
1: ProofGrid usable level: 0
1.0.Hp: Exited with Success (@ 0.06 s)
1.0.Ht: Interrupted. [0.01 s]
1.0.B: Proofgrid shell started at 1596738@della-h14n3(local) jg_1596521_della-h14n3_2
1.0.B: Requesting engine job to terminate
1.0.Ht: Exited with Success (@ 0.06 s)
1.0.B: Interrupted. [0.01 s]
1.0.B: Exited with Success (@ 0.07 s)
1: --------------------------------------------------------------
ProofGrid Summary (utilization 0.48 %)
--------------------------------------------------------------
     engines started                               :     4
     engine jobs started                           :     4

    Average time in state (seconds)
    ------------------------------------------------------
    Engine  Pending     Running        Dead    Utilization
    ------------------------------------------------------
      N        0.07        0.00        0.00        0.95 %
     Hp        0.06        0.00        0.00        0.94 %
     Ht        0.06        0.00        0.00        0.00 %
      B        0.06        0.00        0.00        0.00 %
    all        0.06        0.00        0.00        0.48 %

    Total time in state (seconds)
    -----------------------------------------
            Pending     Running        Dead  
    -----------------------------------------
               0.26        0.00        0.00

    Data read    : 1.53 kiB
    Data written : 1.27 kiB

1: All pending notifications were processed.
INFO (IPF059): Completed proof on task: "<embedded>" for proof thread 1
INFO (IVS015): Setting Visualize task to "<embedded>".
INFO (IVS008): Expanding analysis region to enable visualization of "<embedded>::bram_controller.auto_sva_inst.check_reset_release_defaults".
INFO (IPF031): Settings used for proof thread 2:
    orchestration                 = off (auto)
    time_limit                    = 3600s
    per_property_time_limit       = 1s * 10 ^ scan
    engine_mode                   = Hp Ht N B 
    proofgrid_per_engine_max_jobs = 1
    max engine jobs               = Hp Ht N B, total 2
    proofgrid_mode                = local
    proofgrid_restarts            = 10
ERROR (EVS053): No trace satisfying these configurations exists for any max_length.
WARNING (WVS028): Saved trace only contains values for the target's COI.
    Use "set_trace_optimization standard" before running Visualize to save values for the full design.
DEBUG: Approach 1 (force re-prove) failed: ERROR (EVS125): No Visualize trace is available for "visualize -save -vcd".

DEBUG: Approach 2 (-new_trace) failed: ERROR (ESW104): Invalid command formation.
    Problem occurs with "-violation -new_trace".

INFO (IPF036): Starting proof on task: "<embedded>", 1 properties to prove with 0 already proven/unreachable
INFO (IPF031): Settings used for proof thread 3:
    orchestration                 = on (auto)
    time_limit                    = 3600s
    per_property_time_limit       = 1s * 10 ^ scan
    engine_mode                   = auto
    proofgrid_per_engine_max_jobs = 1
    max engine jobs               = auto
    proofgrid_mode                = local
    proofgrid_restarts            = 10
3: Using multistage preprocessing
3: Starting reduce
3: Finished reduce in 0s
3.0.PRE: Performing Proof Simplification...
3.0.N: clocks: 2, declared: 1, disabling: 0, posedge: 2, negedge: 0, noedge: 0, bothedge: 0
3.0.N: Proof Simplification Iteration 1	[0.00 s]
3.0.N: Proof Simplification Iteration 2	[0.00 s]
3.0.N: Proof Simplification Iteration 3	[0.00 s]
3.0.PRE: A proof was found: No trace exists. [0.00 s]
INFO (IPF057): 3.0.PRE: The property ":noDeadEnd" was proven in 0.00 s.
    Use check_assumptions -show -dead_end to show this property in the property table.
3.0.PRE: Proof Simplification completed in 0.00 s
3: About to start ProofGrid in its own thread with a limit of 10000 pending notifications and a limit of 10 traces.
3: =============================== ProofGrid start ===============================
3: ProofGrid usable level: 1
3: ProofGrid is starting event handling
3.0.Hp: Proofgrid shell started at 1596763@della-h14n3(local) jg_1596521_della-h14n3_4
3.0.N: Proofgrid shell started at 1596762@della-h14n3(local) jg_1596521_della-h14n3_4
3.0.Hp: OS RSS memory limit : 68719476736 / 68719476736
3.0.N: OS RSS memory limit : 68719476736 / 68719476736
3.0.Hp: clocks: 1, declared: 1, disabling: 0, posedge: 1, negedge: 0, noedge: 0, bothedge: 0
3.0.N: clocks: 1, declared: 1, disabling: 0, posedge: 1, negedge: 0, noedge: 0, bothedge: 0
3.0.N: Last scan. Per property time limit: 0s
3.0.N: Starting proof for property "bram_controller.auto_sva_inst.check_reset_release_defaults"	[0.00 s].
3.0.N: Trace Attempt  1	[0.00 s]
3.0.N: Requesting engine job to stop
3.0.Hp: Requesting engine job to terminate
INFO (IPF144): 3: Initiating shutdown of proof [0.00 s]
3.0.N: A trace with 1 cycles was found. [0.00 s]
INFO (IPF055): 3.0.N: A counterexample (cex) with 1 cycles was found for the property "bram_controller.auto_sva_inst.check_reset_release_defaults" in 0.00 s.
3.0.N: Stopped processing property "bram_controller.auto_sva_inst.check_reset_release_defaults"	[0.00 s].
3.0.N: All properties determined. [0.00 s]
3.0.Hp: Interrupted (multi)
3.0.Hp: All properties determined. [0.00 s]
3.0.Ht: Proofgrid shell started at 1596776@della-h14n3(local) jg_1596521_della-h14n3_4
3.0.Ht: Requesting engine job to terminate
3.0.B: Proofgrid shell started at 1596777@della-h14n3(local) jg_1596521_della-h14n3_4
3.0.B: Requesting engine job to terminate
3.0.N: Exited with Success (@ 0.06 s)
3: ProofGrid usable level: 0
3.0.Hp: Exited with Success (@ 0.06 s)
3.0.Ht: Interrupted. [0.01 s]
3.0.B: Interrupted. [0.01 s]
3.0.Ht: Exited with Success (@ 0.07 s)
3.0.B: Exited with Success (@ 0.07 s)
3: --------------------------------------------------------------
ProofGrid Summary (utilization 0.43 %)
--------------------------------------------------------------
     engines started                               :     4
     engine jobs started                           :     4

    Average time in state (seconds)
    ------------------------------------------------------
    Engine  Pending     Running        Dead    Utilization
    ------------------------------------------------------
      N        0.07        0.00        0.00        0.82 %
     Hp        0.06        0.00        0.00        0.87 %
     Ht        0.06        0.00        0.00        0.00 %
      B        0.06        0.00        0.00        0.00 %
    all        0.06        0.00        0.00        0.43 %

    Total time in state (seconds)
    -----------------------------------------
            Pending     Running        Dead  
    -----------------------------------------
               0.26        0.00        0.00

    Data read    : 1.55 kiB
    Data written : 1.27 kiB

3: All pending notifications were processed.
INFO (IPF059): Completed proof on task: "<embedded>" for proof thread 3
INFO (IVS015): Setting Visualize task to "<embedded>".
INFO (IVS008): Expanding analysis region to enable visualization of "<embedded>::bram_controller.auto_sva_inst.check_reset_release_defaults".
INFO (IPF031): Settings used for proof thread 4:
    orchestration                 = off (auto)
    time_limit                    = 3600s
    per_property_time_limit       = 1s * 10 ^ scan
    engine_mode                   = Ht Hp B N 
    proofgrid_per_engine_max_jobs = 1
    max engine jobs               = Ht Hp B N, total 2
    proofgrid_mode                = local
    proofgrid_restarts            = 10
ERROR (EVS053): No trace satisfying these configurations exists for any max_length.
WARNING (WVS028): Saved trace only contains values for the target's COI.
    Use "set_trace_optimization standard" before running Visualize to save values for the full design.
DEBUG: Approach 3 (auto engine) failed: ERROR (EVS125): No Visualize trace is available for "visualize -save -vcd".

WARN: Could not dump VCD for <embedded>::bram_controller.auto_sva_inst.check_reset_release_defaults (all approaches failed)
INFO (IPF036): Starting proof on task: "<embedded>", 1 properties to prove with 0 already proven/unreachable
INFO (IPF031): Settings used for proof thread 5:
    orchestration                 = on (auto)
    time_limit                    = 3600s
    per_property_time_limit       = 1s * 10 ^ scan
    engine_mode                   = auto
    proofgrid_per_engine_max_jobs = 1
    max engine jobs               = auto
    proofgrid_mode                = local
    proofgrid_restarts            = 10
5: Using multistage preprocessing
5: Starting reduce
5: Finished reduce in 0s
5.0.PRE: Performing Proof Simplification...
5.0.N: clocks: 2, declared: 1, disabling: 0, posedge: 2, negedge: 0, noedge: 0, bothedge: 0
5.0.N: Proof Simplification Iteration 1	[0.00 s]
5.0.N: Proof Simplification Iteration 2	[0.00 s]
5.0.PRE: A proof was found: No trace exists. [0.00 s]
INFO (IPF057): 5.0.PRE: The property ":noDeadEnd" was proven in 0.00 s.
    Use check_assumptions -show -dead_end to show this property in the property table.
5.0.PRE: Proof Simplification completed in 0.00 s
5: About to start ProofGrid in its own thread with a limit of 10000 pending notifications and a limit of 10 traces.
5: =============================== ProofGrid start ===============================
5: ProofGrid usable level: 1
5: ProofGrid is starting event handling
5.0.Hp: Proofgrid shell started at 1596801@della-h14n3(local) jg_1596521_della-h14n3_6
5.0.N: Proofgrid shell started at 1596800@della-h14n3(local) jg_1596521_della-h14n3_6
5.0.Hp: OS RSS memory limit : 68719476736 / 68719476736
5.0.Hp: clocks: 1, declared: 1, disabling: 0, posedge: 1, negedge: 0, noedge: 0, bothedge: 0
5.0.N: OS RSS memory limit : 68719476736 / 68719476736
5.0.N: clocks: 1, declared: 1, disabling: 0, posedge: 1, negedge: 0, noedge: 0, bothedge: 0
5.0.N: Last scan. Per property time limit: 0s
5.0.N: Starting proof for property "bram_controller.auto_sva_inst.check_state_encoding_valid"	[0.00 s].
5.0.Hp: Trace Attempt  1	[0.00 s]
5.0.N: Requesting engine job to stop
5.0.Hp: Requesting engine job to terminate
INFO (IPF144): 5: Initiating shutdown of proof [0.00 s]
5.0.Hp: A trace with 1 cycles was found. [0.00 s]
INFO (IPF055): 5.0.Hp: A counterexample (cex) with 1 cycles was found for the property "bram_controller.auto_sva_inst.check_state_encoding_valid" in 0.00 s.
5.0.N: Stopped processing property "bram_controller.auto_sva_inst.check_state_encoding_valid"	[0.00 s].
5.0.N: All properties determined. [0.00 s]
5.0.Hp: All properties determined. [0.00 s]
5.0.Ht: Proofgrid shell started at 1596814@della-h14n3(local) jg_1596521_della-h14n3_6
5.0.Ht: Requesting engine job to terminate
5.0.N: Exited with Success (@ 0.06 s)
5: ProofGrid usable level: 0
5.0.Hp: Exited with Success (@ 0.06 s)
5.0.Ht: Interrupted. [0.01 s]
5.0.B: Proofgrid shell started at 1596815@della-h14n3(local) jg_1596521_della-h14n3_6
5.0.B: Requesting engine job to terminate
5.0.Ht: Exited with Success (@ 0.07 s)
5.0.B: Interrupted. [0.01 s]
5.0.B: Exited with Success (@ 0.07 s)
5: --------------------------------------------------------------
ProofGrid Summary (utilization 0.42 %)
--------------------------------------------------------------
     engines started                               :     4
     engine jobs started                           :     4

    Average time in state (seconds)
    ------------------------------------------------------
    Engine  Pending     Running        Dead    Utilization
    ------------------------------------------------------
      N        0.07        0.00        0.00        0.50 %
     Hp        0.06        0.00        0.00        1.20 %
     Ht        0.06        0.00        0.00        0.00 %
      B        0.07        0.00        0.00        0.00 %
    all        0.06        0.00        0.00        0.42 %

    Total time in state (seconds)
    -----------------------------------------
            Pending     Running        Dead  
    -----------------------------------------
               0.26        0.00        0.00

    Data read    : 1.53 kiB
    Data written : 1.27 kiB

5: All pending notifications were processed.
INFO (IPF059): Completed proof on task: "<embedded>" for proof thread 5
INFO (IVS015): Setting Visualize task to "<embedded>".
INFO (IVS008): Expanding analysis region to enable visualization of "<embedded>::bram_controller.auto_sva_inst.check_state_encoding_valid".
INFO (IPF031): Settings used for proof thread 6:
    orchestration                 = off (auto)
    time_limit                    = 3600s
    per_property_time_limit       = 1s * 10 ^ scan
    engine_mode                   = Ht Hp B N 
    proofgrid_per_engine_max_jobs = 1
    max engine jobs               = Ht Hp B N, total 2
    proofgrid_mode                = local
    proofgrid_restarts            = 10
ERROR (EVS053): No trace satisfying these configurations exists for any max_length.
WARNING (WVS028): Saved trace only contains values for the target's COI.
    Use "set_trace_optimization standard" before running Visualize to save values for the full design.
DEBUG: Approach 1 (force re-prove) failed: ERROR (EVS125): No Visualize trace is available for "visualize -save -vcd".

DEBUG: Approach 2 (-new_trace) failed: ERROR (ESW104): Invalid command formation.
    Problem occurs with "-violation -new_trace".

INFO (IPF036): Starting proof on task: "<embedded>", 1 properties to prove with 0 already proven/unreachable
INFO (IPF031): Settings used for proof thread 7:
    orchestration                 = on (auto)
    time_limit                    = 3600s
    per_property_time_limit       = 1s * 10 ^ scan
    engine_mode                   = auto
    proofgrid_per_engine_max_jobs = 1
    max engine jobs               = auto
    proofgrid_mode                = local
    proofgrid_restarts            = 10
7: Using multistage preprocessing
7: Starting reduce
7: Finished reduce in 0s
7.0.PRE: Performing Proof Simplification...
7.0.N: clocks: 2, declared: 1, disabling: 0, posedge: 2, negedge: 0, noedge: 0, bothedge: 0
7.0.N: Proof Simplification Iteration 1	[0.00 s]
7.0.N: Proof Simplification Iteration 2	[0.00 s]
7.0.PRE: A proof was found: No trace exists. [0.00 s]
INFO (IPF057): 7.0.PRE: The property ":noDeadEnd" was proven in 0.00 s.
    Use check_assumptions -show -dead_end to show this property in the property table.
7.0.PRE: Proof Simplification completed in 0.00 s
7: About to start ProofGrid in its own thread with a limit of 10000 pending notifications and a limit of 10 traces.
7: =============================== ProofGrid start ===============================
7: ProofGrid usable level: 1
7: ProofGrid is starting event handling
7.0.N: Proofgrid shell started at 1596838@della-h14n3(local) jg_1596521_della-h14n3_8
7.0.Hp: Proofgrid shell started at 1596839@della-h14n3(local) jg_1596521_della-h14n3_8
7.0.N: OS RSS memory limit : 68719476736 / 68719476736
7.0.Hp: OS RSS memory limit : 68719476736 / 68719476736
7.0.N: clocks: 1, declared: 1, disabling: 0, posedge: 1, negedge: 0, noedge: 0, bothedge: 0
7.0.N: Last scan. Per property time limit: 0s
7.0.N: Starting proof for property "bram_controller.auto_sva_inst.check_state_encoding_valid"	[0.00 s].
7.0.N: Trace Attempt  1	[0.00 s]
7.0.N: Requesting engine job to stop
7.0.Hp: Requesting engine job to terminate
INFO (IPF144): 7: Initiating shutdown of proof [0.01 s]
7.0.N: A trace with 1 cycles was found. [0.00 s]
INFO (IPF055): 7.0.N: A counterexample (cex) with 1 cycles was found for the property "bram_controller.auto_sva_inst.check_state_encoding_valid" in 0.00 s.
7.0.N: Stopped processing property "bram_controller.auto_sva_inst.check_state_encoding_valid"	[0.00 s].
7.0.N: All properties determined. [0.01 s]
7.0.Hp: Interrupted. [0.01 s]
7.0.Ht: Proofgrid shell started at 1596852@della-h14n3(local) jg_1596521_della-h14n3_8
7.0.Ht: Requesting engine job to terminate
7.0.N: Exited with Success (@ 0.06 s)
7: ProofGrid usable level: 0
7.0.Hp: Exited with Success (@ 0.06 s)
7.0.Ht: Interrupted. [0.01 s]
7.0.B: Proofgrid shell started at 1596853@della-h14n3(local) jg_1596521_della-h14n3_8
7.0.B: Requesting engine job to terminate
7.0.Ht: Exited with Success (@ 0.07 s)
7.0.B: Interrupted. [0.01 s]
7.0.B: Exited with Success (@ 0.07 s)
7: --------------------------------------------------------------
ProofGrid Summary (utilization 2.88 %)
--------------------------------------------------------------
     engines started                               :     4
     engine jobs started                           :     4

    Average time in state (seconds)
    ------------------------------------------------------
    Engine  Pending     Running        Dead    Utilization
    ------------------------------------------------------
      N        0.07        0.01        0.00       10.74 %
     Hp        0.07        0.00        0.00        0.06 %
     Ht        0.06        0.00        0.00        0.00 %
      B        0.07        0.00        0.00        0.00 %
    all        0.07        0.00        0.00        2.88 %

    Total time in state (seconds)
    -----------------------------------------
            Pending     Running        Dead  
    -----------------------------------------
               0.27        0.01        0.00

    Data read    : 1.31 kiB
    Data written : 1.27 kiB

7: All pending notifications were processed.
INFO (IPF059): Completed proof on task: "<embedded>" for proof thread 7
INFO (IVS015): Setting Visualize task to "<embedded>".
INFO (IVS008): Expanding analysis region to enable visualization of "<embedded>::bram_controller.auto_sva_inst.check_state_encoding_valid".
INFO (IPF031): Settings used for proof thread 8:
    orchestration                 = off (auto)
    time_limit                    = 3600s
    per_property_time_limit       = 1s * 10 ^ scan
    engine_mode                   = Ht Hp B N 
    proofgrid_per_engine_max_jobs = 1
    max engine jobs               = Ht Hp B N, total 2
    proofgrid_mode                = local
    proofgrid_restarts            = 10
ERROR (EVS053): No trace satisfying these configurations exists for any max_length.
WARNING (WVS028): Saved trace only contains values for the target's COI.
    Use "set_trace_optimization standard" before running Visualize to save values for the full design.
DEBUG: Approach 3 (auto engine) failed: ERROR (EVS125): No Visualize trace is available for "visualize -save -vcd".

WARN: Could not dump VCD for <embedded>::bram_controller.auto_sva_inst.check_state_encoding_valid (all approaches failed)
INFO (IPF036): Starting proof on task: "<embedded>", 1 properties to prove with 0 already proven/unreachable
INFO (IPF031): Settings used for proof thread 9:
    orchestration                 = on (auto)
    time_limit                    = 3600s
    per_property_time_limit       = 1s * 10 ^ scan
    engine_mode                   = auto
    proofgrid_per_engine_max_jobs = 1
    max engine jobs               = auto
    proofgrid_mode                = local
    proofgrid_restarts            = 10
9: Using multistage preprocessing
9: Starting reduce
9: Finished reduce in 0s
9.0.PRE: Performing Proof Simplification...
9.0.N: clocks: 2, declared: 1, disabling: 0, posedge: 2, negedge: 0, noedge: 0, bothedge: 0
9.0.N: Proof Simplification Iteration 1	[0.00 s]
9.0.N: Proof Simplification Iteration 2	[0.00 s]
9.0.PRE: A proof was found: No trace exists. [0.00 s]
INFO (IPF057): 9.0.PRE: The property ":noDeadEnd" was proven in 0.00 s.
    Use check_assumptions -show -dead_end to show this property in the property table.
9.0.PRE: Proof Simplification completed in 0.00 s
9: About to start ProofGrid in its own thread with a limit of 10000 pending notifications and a limit of 10 traces.
9: =============================== ProofGrid start ===============================
9: ProofGrid usable level: 1
9: ProofGrid is starting event handling
9.0.N: Proofgrid shell started at 1596876@della-h14n3(local) jg_1596521_della-h14n3_10
9.0.Hp: Proofgrid shell started at 1596877@della-h14n3(local) jg_1596521_della-h14n3_10
9.0.N: OS RSS memory limit : 68719476736 / 68719476736
9.0.Hp: OS RSS memory limit : 68719476736 / 68719476736
9.0.N: clocks: 1, declared: 1, disabling: 0, posedge: 1, negedge: 0, noedge: 0, bothedge: 0
9.0.Hp: clocks: 1, declared: 1, disabling: 0, posedge: 1, negedge: 0, noedge: 0, bothedge: 0
9.0.N: Last scan. Per property time limit: 0s
9.0.N: Starting proof for property "bram_controller.auto_sva_inst.check_idle_stay_when_btn0"	[0.00 s].
9.0.N: Trace Attempt  1	[0.00 s]
9.0.N: A max_length bound was found. The shortest trace is no longer than 8 cycles. [0.00 s]
INFO (IPF008): 9.0.N: A max_length bound of 8 was found for the property "bram_controller.auto_sva_inst.check_idle_stay_when_btn0" in 0.00 s.
9.0.Hp: Trace Attempt  1	[0.00 s]
9.0.N: Trace Attempt  2	[0.00 s]
9.0.Hp: Trace Attempt  2	[0.00 s]
9.0.N: Trace Attempt  2	[0.00 s]
9.0.Hp: Trace Attempt  3	[0.00 s]
9.0.N: Requesting engine job to stop
9.0.Hp: Requesting engine job to terminate
INFO (IPF144): 9: Initiating shutdown of proof [0.00 s]
9.0.Hp: A trace with 3 cycles was found. [0.00 s]
INFO (IPF055): 9.0.Hp: A counterexample (cex) with 3 cycles was found for the property "bram_controller.auto_sva_inst.check_idle_stay_when_btn0" in 0.00 s.
9.0.N: Trace Attempt  3	[0.00 s]
9.0.Hp: All properties determined. [0.00 s]
9.0.N: Stopped processing property "bram_controller.auto_sva_inst.check_idle_stay_when_btn0"	[0.00 s].
9.0.N: All properties determined. [0.00 s]
9.0.Hp: Exited with Success (@ 0.07 s)
9: ProofGrid usable level: 0
9.0.Ht: Proofgrid shell started at 1596890@della-h14n3(local) jg_1596521_della-h14n3_10
9.0.Ht: Requesting engine job to terminate
9.0.N: Exited with Success (@ 0.07 s)
9.0.Ht: Interrupted. [0.01 s]
9.0.B: Proofgrid shell started at 1596891@della-h14n3(local) jg_1596521_della-h14n3_10
9.0.B: Requesting engine job to terminate
9.0.Ht: Exited with Success (@ 0.07 s)
9.0.B: Interrupted. [0.01 s]
9.0.B: Exited with Success (@ 0.07 s)
9: --------------------------------------------------------------
ProofGrid Summary (utilization 0.73 %)
--------------------------------------------------------------
     engines started                               :     4
     engine jobs started                           :     4

    Average time in state (seconds)
    ------------------------------------------------------
    Engine  Pending     Running        Dead    Utilization
    ------------------------------------------------------
      N        0.06        0.00        0.00        1.47 %
     Hp        0.06        0.00        0.00        1.45 %
     Ht        0.07        0.00        0.00        0.00 %
      B        0.07        0.00        0.00        0.00 %
    all        0.07        0.00        0.00        0.73 %

    Total time in state (seconds)
    -----------------------------------------
            Pending     Running        Dead  
    -----------------------------------------
               0.26        0.00        0.00

    Data read    : 1.91 kiB
    Data written : 1.34 kiB

9: All pending notifications were processed.
INFO (IPF059): Completed proof on task: "<embedded>" for proof thread 9
INFO (IVS015): Setting Visualize task to "<embedded>".
INFO (IVS008): Expanding analysis region to enable visualization of "<embedded>::bram_controller.auto_sva_inst.check_idle_stay_when_btn0".
INFO (IPF031): Settings used for proof thread 10:
    orchestration                 = off (auto)
    time_limit                    = 3600s
    per_property_time_limit       = 1s * 10 ^ scan
    engine_mode                   = Ht Hp B N 
    proofgrid_per_engine_max_jobs = 1
    max engine jobs               = Ht Hp B N, total 2
    proofgrid_mode                = local
    proofgrid_restarts            = 10
ERROR (EVS053): No trace satisfying these configurations exists for any max_length.
WARNING (WVS028): Saved trace only contains values for the target's COI.
    Use "set_trace_optimization standard" before running Visualize to save values for the full design.
DEBUG: Approach 1 (force re-prove) failed: ERROR (EVS125): No Visualize trace is available for "visualize -save -vcd".

DEBUG: Approach 2 (-new_trace) failed: ERROR (ESW104): Invalid command formation.
    Problem occurs with "-violation -new_trace".

INFO (IPF036): Starting proof on task: "<embedded>", 1 properties to prove with 0 already proven/unreachable
INFO (IPF031): Settings used for proof thread 11:
    orchestration                 = on (auto)
    time_limit                    = 3600s
    per_property_time_limit       = 1s * 10 ^ scan
    engine_mode                   = auto
    proofgrid_per_engine_max_jobs = 1
    max engine jobs               = auto
    proofgrid_mode                = local
    proofgrid_restarts            = 10
11: Using multistage preprocessing
11: Starting reduce
11: Finished reduce in 0s
11.0.PRE: Performing Proof Simplification...
11.0.N: clocks: 2, declared: 1, disabling: 0, posedge: 2, negedge: 0, noedge: 0, bothedge: 0
11.0.N: Proof Simplification Iteration 1	[0.00 s]
11.0.N: Proof Simplification Iteration 2	[0.00 s]
11.0.PRE: A proof was found: No trace exists. [0.00 s]
INFO (IPF057): 11.0.PRE: The property ":noDeadEnd" was proven in 0.00 s.
    Use check_assumptions -show -dead_end to show this property in the property table.
11.0.PRE: Proof Simplification completed in 0.00 s
11: About to start ProofGrid in its own thread with a limit of 10000 pending notifications and a limit of 10 traces.
11: =============================== ProofGrid start ===============================
11: ProofGrid usable level: 1
11: ProofGrid is starting event handling
11.0.N: Proofgrid shell started at 1596914@della-h14n3(local) jg_1596521_della-h14n3_12
11.0.Hp: Proofgrid shell started at 1596915@della-h14n3(local) jg_1596521_della-h14n3_12
11.0.N: OS RSS memory limit : 68719476736 / 68719476736
11.0.Hp: OS RSS memory limit : 68719476736 / 68719476736
11.0.N: clocks: 1, declared: 1, disabling: 0, posedge: 1, negedge: 0, noedge: 0, bothedge: 0
11.0.N: Last scan. Per property time limit: 0s
11.0.N: Starting proof for property "bram_controller.auto_sva_inst.check_idle_stay_when_btn0"	[0.00 s].
11.0.N: Trace Attempt  1	[0.00 s]
11.0.N: A max_length bound was found. The shortest trace is no longer than 8 cycles. [0.00 s]
INFO (IPF008): 11.0.N: A max_length bound of 8 was found for the property "bram_controller.auto_sva_inst.check_idle_stay_when_btn0" in 0.00 s.
11.0.Hp: clocks: 1, declared: 1, disabling: 0, posedge: 1, negedge: 0, noedge: 0, bothedge: 0
11.0.N: Trace Attempt  2	[0.00 s]
11.0.N: Trace Attempt  2	[0.00 s]
11.0.N: Trace Attempt  3	[0.00 s]
11.0.N: Trace Attempt  3	[0.00 s]
11.0.N: Requesting engine job to stop
11.0.Hp: Requesting engine job to terminate
INFO (IPF144): 11: Initiating shutdown of proof [0.00 s]
11.0.N: A trace with 3 cycles was found. [0.00 s]
INFO (IPF055): 11.0.N: A counterexample (cex) with 3 cycles was found for the property "bram_controller.auto_sva_inst.check_idle_stay_when_btn0" in 0.00 s.
11.0.N: Stopped processing property "bram_controller.auto_sva_inst.check_idle_stay_when_btn0"	[0.00 s].
11.0.N: All properties determined. [0.00 s]
11.0.Hp: Interrupted (multi)
11.0.Hp: All properties determined. [0.00 s]
11.0.Ht: Proofgrid shell started at 1596928@della-h14n3(local) jg_1596521_della-h14n3_12
11.0.Ht: Requesting engine job to terminate
11.0.B: Proofgrid shell started at 1596929@della-h14n3(local) jg_1596521_della-h14n3_12
11.0.B: Requesting engine job to terminate
11.0.N: Exited with Success (@ 0.07 s)
11: ProofGrid usable level: 0
11.0.Hp: Exited with Success (@ 0.07 s)
11.0.Ht: Interrupted. [0.01 s]
11.0.B: Interrupted. [0.01 s]
11.0.Ht: Exited with Success (@ 0.07 s)
11.0.B: Exited with Success (@ 0.07 s)
11: --------------------------------------------------------------
ProofGrid Summary (utilization 0.59 %)
--------------------------------------------------------------
     engines started                               :     4
     engine jobs started                           :     4

    Average time in state (seconds)
    ------------------------------------------------------
    Engine  Pending     Running        Dead    Utilization
    ------------------------------------------------------
      N        0.07        0.00        0.00        1.52 %
     Hp        0.06        0.00        0.00        0.83 %
     Ht        0.07        0.00        0.00        0.00 %
      B        0.07        0.00        0.00        0.00 %
    all        0.07        0.00        0.00        0.59 %

    Total time in state (seconds)
    -----------------------------------------
            Pending     Running        Dead  
    -----------------------------------------
               0.26        0.00        0.00

    Data read    : 1.91 kiB
    Data written : 1.35 kiB

11: All pending notifications were processed.
INFO (IPF059): Completed proof on task: "<embedded>" for proof thread 11
INFO (IVS015): Setting Visualize task to "<embedded>".
INFO (IVS008): Expanding analysis region to enable visualization of "<embedded>::bram_controller.auto_sva_inst.check_idle_stay_when_btn0".
INFO (IPF031): Settings used for proof thread 12:
    orchestration                 = off (auto)
    time_limit                    = 3600s
    per_property_time_limit       = 1s * 10 ^ scan
    engine_mode                   = Ht Hp B N 
    proofgrid_per_engine_max_jobs = 1
    max engine jobs               = Ht Hp B N, total 2
    proofgrid_mode                = local
    proofgrid_restarts            = 10
ERROR (EVS053): No trace satisfying these configurations exists for any max_length.
WARNING (WVS028): Saved trace only contains values for the target's COI.
    Use "set_trace_optimization standard" before running Visualize to save values for the full design.
DEBUG: Approach 3 (auto engine) failed: ERROR (EVS125): No Visualize trace is available for "visualize -save -vcd".

WARN: Could not dump VCD for <embedded>::bram_controller.auto_sva_inst.check_idle_stay_when_btn0 (all approaches failed)
INFO (IPF036): Starting proof on task: "<embedded>", 1 properties to prove with 0 already proven/unreachable
INFO (IPF031): Settings used for proof thread 13:
    orchestration                 = on (auto)
    time_limit                    = 3600s
    per_property_time_limit       = 1s * 10 ^ scan
    engine_mode                   = auto
    proofgrid_per_engine_max_jobs = 1
    max engine jobs               = auto
    proofgrid_mode                = local
    proofgrid_restarts            = 10
13: Using multistage preprocessing
13: Starting reduce
13: Finished reduce in 0s
13.0.PRE: Performing Proof Simplification...
13.0.N: clocks: 2, declared: 1, disabling: 0, posedge: 2, negedge: 0, noedge: 0, bothedge: 0
13.0.N: Proof Simplification Iteration 1	[0.00 s]
13.0.N: Proof Simplification Iteration 2	[0.00 s]
13.0.PRE: A proof was found: No trace exists. [0.00 s]
INFO (IPF057): 13.0.PRE: The property ":noDeadEnd" was proven in 0.00 s.
    Use check_assumptions -show -dead_end to show this property in the property table.
13.0.PRE: Proof Simplification completed in 0.00 s
13: About to start ProofGrid in its own thread with a limit of 10000 pending notifications and a limit of 10 traces.
13: =============================== ProofGrid start ===============================
13: ProofGrid usable level: 1
13: ProofGrid is starting event handling
13.0.Hp: Proofgrid shell started at 1596953@della-h14n3(local) jg_1596521_della-h14n3_14
13.0.N: Proofgrid shell started at 1596952@della-h14n3(local) jg_1596521_della-h14n3_14
13.0.Hp: OS RSS memory limit : 68719476736 / 68719476736
13.0.N: OS RSS memory limit : 68719476736 / 68719476736
13.0.Hp: clocks: 1, declared: 1, disabling: 0, posedge: 1, negedge: 0, noedge: 0, bothedge: 0
13.0.N: clocks: 1, declared: 1, disabling: 0, posedge: 1, negedge: 0, noedge: 0, bothedge: 0
13.0.N: Last scan. Per property time limit: 0s
13.0.N: Starting proof for property "bram_controller.auto_sva_inst.check_idle_to_leer_when_btn1"	[0.00 s].
13.0.N: Trace Attempt  1	[0.00 s]
13.0.N: A max_length bound was found. The shortest trace is no longer than 8 cycles. [0.00 s]
INFO (IPF008): 13.0.N: A max_length bound of 8 was found for the property "bram_controller.auto_sva_inst.check_idle_to_leer_when_btn1" in 0.00 s.
13.0.N: Trace Attempt  2	[0.00 s]
13.0.N: Trace Attempt  2	[0.00 s]
13.0.Hp: Trace Attempt  1	[0.00 s]
13.0.Hp: Trace Attempt  2	[0.00 s]
13.0.Hp: Trace Attempt  3	[0.00 s]
13.0.N: Trace Attempt  3	[0.00 s]
13.0.N: Requesting engine job to stop
13.0.Hp: Requesting engine job to terminate
INFO (IPF144): 13: Initiating shutdown of proof [0.00 s]
13.0.Hp: A trace with 3 cycles was found. [0.00 s]
INFO (IPF055): 13.0.Hp: A counterexample (cex) with 3 cycles was found for the property "bram_controller.auto_sva_inst.check_idle_to_leer_when_btn1" in 0.00 s.
13.0.Hp: All properties determined. [0.00 s]
13.0.N: Stopped processing property "bram_controller.auto_sva_inst.check_idle_to_leer_when_btn1"	[0.00 s].
13.0.N: All properties determined. [0.00 s]
13.0.Ht: Proofgrid shell started at 1596966@della-h14n3(local) jg_1596521_della-h14n3_14
13.0.Ht: Requesting engine job to terminate
13.0.N: Exited with Success (@ 0.07 s)
13: ProofGrid usable level: 0
13.0.Hp: Exited with Success (@ 0.07 s)
13.0.Ht: Interrupted. [0.01 s]
13.0.B: Proofgrid shell started at 1596967@della-h14n3(local) jg_1596521_della-h14n3_14
13.0.B: Requesting engine job to terminate
13.0.B: Interrupted. [0.01 s]
13.0.Ht: Exited with Success (@ 0.07 s)
13.0.B: Exited with Success (@ 0.07 s)
13: --------------------------------------------------------------
ProofGrid Summary (utilization 0.77 %)
--------------------------------------------------------------
     engines started                               :     4
     engine jobs started                           :     4

    Average time in state (seconds)
    ------------------------------------------------------
    Engine  Pending     Running        Dead    Utilization
    ------------------------------------------------------
      N        0.07        0.00        0.00        1.51 %
     Hp        0.06        0.00        0.00        1.57 %
     Ht        0.07        0.00        0.00        0.00 %
      B        0.07        0.00        0.00        0.00 %
    all        0.06        0.00        0.00        0.77 %

    Total time in state (seconds)
    -----------------------------------------
            Pending     Running        Dead  
    -----------------------------------------
               0.26        0.00        0.00

    Data read    : 1.92 kiB
    Data written : 1.35 kiB

13: All pending notifications were processed.
INFO (IPF059): Completed proof on task: "<embedded>" for proof thread 13
INFO (IVS015): Setting Visualize task to "<embedded>".
INFO (IVS008): Expanding analysis region to enable visualization of "<embedded>::bram_controller.auto_sva_inst.check_idle_to_leer_when_btn1".
INFO (IPF031): Settings used for proof thread 14:
    orchestration                 = off (auto)
    time_limit                    = 3600s
    per_property_time_limit       = 1s * 10 ^ scan
    engine_mode                   = Ht Hp B N 
    proofgrid_per_engine_max_jobs = 1
    max engine jobs               = Ht Hp B N, total 2
    proofgrid_mode                = local
    proofgrid_restarts            = 10
ERROR (EVS053): No trace satisfying these configurations exists for any max_length.
WARNING (WVS028): Saved trace only contains values for the target's COI.
    Use "set_trace_optimization standard" before running Visualize to save values for the full design.
DEBUG: Approach 1 (force re-prove) failed: ERROR (EVS125): No Visualize trace is available for "visualize -save -vcd".

DEBUG: Approach 2 (-new_trace) failed: ERROR (ESW104): Invalid command formation.
    Problem occurs with "-violation -new_trace".

INFO (IPF036): Starting proof on task: "<embedded>", 1 properties to prove with 0 already proven/unreachable
INFO (IPF031): Settings used for proof thread 15:
    orchestration                 = on (auto)
    time_limit                    = 3600s
    per_property_time_limit       = 1s * 10 ^ scan
    engine_mode                   = auto
    proofgrid_per_engine_max_jobs = 1
    max engine jobs               = auto
    proofgrid_mode                = local
    proofgrid_restarts            = 10
15: Using multistage preprocessing
15: Starting reduce
15: Finished reduce in 0s
15.0.PRE: Performing Proof Simplification...
15.0.N: clocks: 2, declared: 1, disabling: 0, posedge: 2, negedge: 0, noedge: 0, bothedge: 0
15.0.N: Proof Simplification Iteration 1	[0.00 s]
15.0.N: Proof Simplification Iteration 2	[0.00 s]
15.0.PRE: A proof was found: No trace exists. [0.00 s]
INFO (IPF057): 15.0.PRE: The property ":noDeadEnd" was proven in 0.00 s.
    Use check_assumptions -show -dead_end to show this property in the property table.
15.0.PRE: Proof Simplification completed in 0.00 s
15: About to start ProofGrid in its own thread with a limit of 10000 pending notifications and a limit of 10 traces.
15: =============================== ProofGrid start ===============================
15: ProofGrid usable level: 1
15: ProofGrid is starting event handling
15.0.Hp: Proofgrid shell started at 1596991@della-h14n3(local) jg_1596521_della-h14n3_16
15.0.N: Proofgrid shell started at 1596990@della-h14n3(local) jg_1596521_della-h14n3_16
15.0.Hp: OS RSS memory limit : 68719476736 / 68719476736
15.0.Hp: clocks: 1, declared: 1, disabling: 0, posedge: 1, negedge: 0, noedge: 0, bothedge: 0
15.0.N: OS RSS memory limit : 68719476736 / 68719476736
15.0.N: clocks: 1, declared: 1, disabling: 0, posedge: 1, negedge: 0, noedge: 0, bothedge: 0
15.0.N: Last scan. Per property time limit: 0s
15.0.N: Starting proof for property "bram_controller.auto_sva_inst.check_idle_to_leer_when_btn1"	[0.00 s].
15.0.N: Trace Attempt  1	[0.00 s]
15.0.N: A max_length bound was found. The shortest trace is no longer than 8 cycles. [0.00 s]
INFO (IPF008): 15.0.N: A max_length bound of 8 was found for the property "bram_controller.auto_sva_inst.check_idle_to_leer_when_btn1" in 0.00 s.
15.0.N: Trace Attempt  2	[0.00 s]
15.0.N: Trace Attempt  2	[0.00 s]
15.0.N: Trace Attempt  3	[0.00 s]
15.0.N: Trace Attempt  3	[0.00 s]
15.0.N: Requesting engine job to stop
15.0.Hp: Requesting engine job to terminate
INFO (IPF144): 15: Initiating shutdown of proof [0.00 s]
15.0.N: A trace with 3 cycles was found. [0.00 s]
INFO (IPF055): 15.0.N: A counterexample (cex) with 3 cycles was found for the property "bram_controller.auto_sva_inst.check_idle_to_leer_when_btn1" in 0.00 s.
15.0.N: Stopped processing property "bram_controller.auto_sva_inst.check_idle_to_leer_when_btn1"	[0.00 s].
15.0.N: All properties determined. [0.00 s]
15.0.N: Exited with Success (@ 0.00 s)
15: ProofGrid usable level: 0
15.0.Hp: Interrupted (multi)
15.0.Hp: All properties determined. [0.00 s]
15.0.Ht: Proofgrid shell started at 1597004@della-h14n3(local) jg_1596521_della-h14n3_16
15.0.Ht: Requesting engine job to terminate
15.0.B: Proofgrid shell started at 1597005@della-h14n3(local) jg_1596521_della-h14n3_16
15.0.B: Requesting engine job to terminate
15.0.B: Interrupted. [0.01 s]
15.0.Hp: Exited with Success (@ 0.06 s)
15.0.Ht: Interrupted. [0.01 s]
15.0.Ht: Exited with Success (@ 0.07 s)
15.0.B: Exited with Success (@ 0.07 s)
15: --------------------------------------------------------------
ProofGrid Summary (utilization 1.02 %)
--------------------------------------------------------------
     engines started                               :     4
     engine jobs started                           :     4

    Average time in state (seconds)
    ------------------------------------------------------
    Engine  Pending     Running        Dead    Utilization
    ------------------------------------------------------
      N        0.07        0.00        0.00        1.66 %
     Hp        0.06        0.00        0.00        2.39 %
     Ht        0.06        0.00        0.00        0.00 %
      B        0.06        0.00        0.00        0.00 %
    all        0.06        0.00        0.00        1.02 %

    Total time in state (seconds)
    -----------------------------------------
            Pending     Running        Dead  
    -----------------------------------------
               0.26        0.00        0.00

    Data read    : 1.85 kiB
    Data written : 1.35 kiB

15: All pending notifications were processed.
INFO (IPF059): Completed proof on task: "<embedded>" for proof thread 15
INFO (IVS015): Setting Visualize task to "<embedded>".
INFO (IVS008): Expanding analysis region to enable visualization of "<embedded>::bram_controller.auto_sva_inst.check_idle_to_leer_when_btn1".
INFO (IPF031): Settings used for proof thread 16:
    orchestration                 = off (auto)
    time_limit                    = 3600s
    per_property_time_limit       = 1s * 10 ^ scan
    engine_mode                   = Ht Hp B N 
    proofgrid_per_engine_max_jobs = 1
    max engine jobs               = Ht Hp B N, total 2
    proofgrid_mode                = local
    proofgrid_restarts            = 10
ERROR (EVS053): No trace satisfying these configurations exists for any max_length.
WARNING (WVS028): Saved trace only contains values for the target's COI.
    Use "set_trace_optimization standard" before running Visualize to save values for the full design.
DEBUG: Approach 3 (auto engine) failed: ERROR (EVS125): No Visualize trace is available for "visualize -save -vcd".

WARN: Could not dump VCD for <embedded>::bram_controller.auto_sva_inst.check_idle_to_leer_when_btn1 (all approaches failed)
INFO (IPF036): Starting proof on task: "<embedded>", 1 properties to prove with 0 already proven/unreachable
INFO (IPF031): Settings used for proof thread 17:
    orchestration                 = on (auto)
    time_limit                    = 3600s
    per_property_time_limit       = 1s * 10 ^ scan
    engine_mode                   = auto
    proofgrid_per_engine_max_jobs = 1
    max engine jobs               = auto
    proofgrid_mode                = local
    proofgrid_restarts            = 10
17: Using multistage preprocessing
17: Starting reduce
17: Finished reduce in 0s
17.0.PRE: Performing Proof Simplification...
17.0.N: clocks: 2, declared: 1, disabling: 0, posedge: 2, negedge: 0, noedge: 0, bothedge: 0
17.0.N: Proof Simplification Iteration 1	[0.00 s]
17.0.N: Proof Simplification Iteration 2	[0.00 s]
17.0.PRE: A proof was found: No trace exists. [0.00 s]
INFO (IPF057): 17.0.PRE: The property ":noDeadEnd" was proven in 0.00 s.
    Use check_assumptions -show -dead_end to show this property in the property table.
17.0.PRE: Proof Simplification completed in 0.00 s
17: About to start ProofGrid in its own thread with a limit of 10000 pending notifications and a limit of 10 traces.
17: =============================== ProofGrid start ===============================
17: ProofGrid usable level: 1
17: ProofGrid is starting event handling
17.0.N: Proofgrid shell started at 1597028@della-h14n3(local) jg_1596521_della-h14n3_18
17.0.Hp: Proofgrid shell started at 1597029@della-h14n3(local) jg_1596521_della-h14n3_18
17.0.N: OS RSS memory limit : 68719476736 / 68719476736
17.0.Hp: OS RSS memory limit : 68719476736 / 68719476736
17.0.N: clocks: 1, declared: 1, disabling: 0, posedge: 1, negedge: 0, noedge: 0, bothedge: 0
17.0.N: Last scan. Per property time limit: 0s
17.0.N: Starting proof for property "bram_controller.auto_sva_inst.check_leer_to_fin"	[0.00 s].
17.0.N: Trace Attempt  1	[0.00 s]
17.0.N: A max_length bound was found. The shortest trace is no longer than 8 cycles. [0.00 s]
INFO (IPF008): 17.0.N: A max_length bound of 8 was found for the property "bram_controller.auto_sva_inst.check_leer_to_fin" in 0.00 s.
17.0.Hp: clocks: 1, declared: 1, disabling: 0, posedge: 1, negedge: 0, noedge: 0, bothedge: 0
17.0.N: Trace Attempt  2	[0.00 s]
17.0.N: Trace Attempt  2	[0.00 s]
17.0.N: Trace Attempt  3	[0.00 s]
17.0.N: Trace Attempt  3	[0.00 s]
17.0.N: Requesting engine job to stop
17.0.Hp: Requesting engine job to terminate
INFO (IPF144): 17: Initiating shutdown of proof [0.00 s]
17.0.N: A trace with 3 cycles was found. [0.00 s]
INFO (IPF055): 17.0.N: A counterexample (cex) with 3 cycles was found for the property "bram_controller.auto_sva_inst.check_leer_to_fin" in 0.00 s.
17.0.Hp: Interrupted (multi)
17.0.Hp: All properties determined. [0.00 s]
17.0.N: Stopped processing property "bram_controller.auto_sva_inst.check_leer_to_fin"	[0.00 s].
17.0.N: All properties determined. [0.00 s]
17.0.Ht: Proofgrid shell started at 1597042@della-h14n3(local) jg_1596521_della-h14n3_18
17.0.Ht: Requesting engine job to terminate
17.0.B: Proofgrid shell started at 1597043@della-h14n3(local) jg_1596521_della-h14n3_18
17.0.B: Requesting engine job to terminate
17.0.N: Exited with Success (@ 0.07 s)
17: ProofGrid usable level: 0
17.0.Hp: Exited with Success (@ 0.07 s)
17.0.Ht: Interrupted. [0.01 s]
17.0.B: Interrupted. [0.01 s]
17.0.Ht: Exited with Success (@ 0.07 s)
17.0.B: Exited with Success (@ 0.07 s)
17: --------------------------------------------------------------
ProofGrid Summary (utilization 0.64 %)
--------------------------------------------------------------
     engines started                               :     4
     engine jobs started                           :     4

    Average time in state (seconds)
    ------------------------------------------------------
    Engine  Pending     Running        Dead    Utilization
    ------------------------------------------------------
      N        0.06        0.00        0.00        1.58 %
     Hp        0.06        0.00        0.00        0.98 %
     Ht        0.07        0.00        0.00        0.00 %
      B        0.07        0.00        0.00        0.00 %
    all        0.07        0.00        0.00        0.64 %

    Total time in state (seconds)
    -----------------------------------------
            Pending     Running        Dead  
    -----------------------------------------
               0.26        0.00        0.00

    Data read    : 1.90 kiB
    Data written : 1.35 kiB

17: All pending notifications were processed.
INFO (IPF059): Completed proof on task: "<embedded>" for proof thread 17
INFO (IVS015): Setting Visualize task to "<embedded>".
INFO (IVS008): Expanding analysis region to enable visualization of "<embedded>::bram_controller.auto_sva_inst.check_leer_to_fin".
INFO (IPF031): Settings used for proof thread 18:
    orchestration                 = off (auto)
    time_limit                    = 3600s
    per_property_time_limit       = 1s * 10 ^ scan
    engine_mode                   = Ht Hp B N 
    proofgrid_per_engine_max_jobs = 1
    max engine jobs               = Ht Hp B N, total 2
    proofgrid_mode                = local
    proofgrid_restarts            = 10
ERROR (EVS053): No trace satisfying these configurations exists for any max_length.
WARNING (WVS028): Saved trace only contains values for the target's COI.
    Use "set_trace_optimization standard" before running Visualize to save values for the full design.
DEBUG: Approach 1 (force re-prove) failed: ERROR (EVS125): No Visualize trace is available for "visualize -save -vcd".

DEBUG: Approach 2 (-new_trace) failed: ERROR (ESW104): Invalid command formation.
    Problem occurs with "-violation -new_trace".

INFO (IPF036): Starting proof on task: "<embedded>", 1 properties to prove with 0 already proven/unreachable
INFO (IPF031): Settings used for proof thread 19:
    orchestration                 = on (auto)
    time_limit                    = 3600s
    per_property_time_limit       = 1s * 10 ^ scan
    engine_mode                   = auto
    proofgrid_per_engine_max_jobs = 1
    max engine jobs               = auto
    proofgrid_mode                = local
    proofgrid_restarts            = 10
19: Using multistage preprocessing
19: Starting reduce
19: Finished reduce in 0s
19.0.PRE: Performing Proof Simplification...
19.0.N: clocks: 2, declared: 1, disabling: 0, posedge: 2, negedge: 0, noedge: 0, bothedge: 0
19.0.N: Proof Simplification Iteration 1	[0.00 s]
19.0.N: Proof Simplification Iteration 2	[0.00 s]
19.0.PRE: A proof was found: No trace exists. [0.00 s]
INFO (IPF057): 19.0.PRE: The property ":noDeadEnd" was proven in 0.00 s.
    Use check_assumptions -show -dead_end to show this property in the property table.
19.0.PRE: Proof Simplification completed in 0.00 s
19: About to start ProofGrid in its own thread with a limit of 10000 pending notifications and a limit of 10 traces.
19: =============================== ProofGrid start ===============================
19: ProofGrid usable level: 1
19: ProofGrid is starting event handling
19.0.Hp: Proofgrid shell started at 1597067@della-h14n3(local) jg_1596521_della-h14n3_20
19.0.N: Proofgrid shell started at 1597066@della-h14n3(local) jg_1596521_della-h14n3_20
19.0.Hp: OS RSS memory limit : 68719476736 / 68719476736
19.0.Hp: clocks: 1, declared: 1, disabling: 0, posedge: 1, negedge: 0, noedge: 0, bothedge: 0
19.0.N: OS RSS memory limit : 68719476736 / 68719476736
19.0.Hp: Trace Attempt  1	[0.00 s]
19.0.N: clocks: 1, declared: 1, disabling: 0, posedge: 1, negedge: 0, noedge: 0, bothedge: 0
19.0.Hp: Trace Attempt  2	[0.00 s]
19.0.N: Last scan. Per property time limit: 0s
19.0.N: Starting proof for property "bram_controller.auto_sva_inst.check_leer_to_fin"	[0.00 s].
19.0.Hp: Trace Attempt  3	[0.00 s]
19.0.N: Requesting engine job to stop
19.0.Hp: Requesting engine job to terminate
INFO (IPF144): 19: Initiating shutdown of proof [0.00 s]
19.0.Hp: A trace with 3 cycles was found. [0.00 s]
INFO (IPF055): 19.0.Hp: A counterexample (cex) with 3 cycles was found for the property "bram_controller.auto_sva_inst.check_leer_to_fin" in 0.00 s.
19.0.Hp: All properties determined. [0.00 s]
19.0.N: Stopped processing property "bram_controller.auto_sva_inst.check_leer_to_fin"	[0.00 s].
19.0.N: All properties determined. [0.00 s]
19.0.Hp: Exited with Success (@ 0.06 s)
19: ProofGrid usable level: 0
19.0.Ht: Proofgrid shell started at 1597080@della-h14n3(local) jg_1596521_della-h14n3_20
19.0.Ht: Requesting engine job to terminate
19.0.N: Exited with Success (@ 0.06 s)
19.0.Ht: Interrupted. [0.01 s]
19.0.B: Proofgrid shell started at 1597081@della-h14n3(local) jg_1596521_della-h14n3_20
19.0.B: Requesting engine job to terminate
19.0.Ht: Exited with Success (@ 0.07 s)
19.0.B: Interrupted. [0.01 s]
19.0.B: Exited with Success (@ 0.07 s)
19: --------------------------------------------------------------
ProofGrid Summary (utilization 0.92 %)
--------------------------------------------------------------
     engines started                               :     4
     engine jobs started                           :     4

    Average time in state (seconds)
    ------------------------------------------------------
    Engine  Pending     Running        Dead    Utilization
    ------------------------------------------------------
      N        0.07        0.00        0.00        1.46 %
     Hp        0.06        0.00        0.00        2.20 %
     Ht        0.06        0.00        0.00        0.00 %
      B        0.07        0.00        0.00        0.00 %
    all        0.07        0.00        0.00        0.92 %

    Total time in state (seconds)
    -----------------------------------------
            Pending     Running        Dead  
    -----------------------------------------
               0.26        0.00        0.00

    Data read    : 1.60 kiB
    Data written : 1.31 kiB

19: All pending notifications were processed.
INFO (IPF059): Completed proof on task: "<embedded>" for proof thread 19
INFO (IVS015): Setting Visualize task to "<embedded>".
INFO (IVS008): Expanding analysis region to enable visualization of "<embedded>::bram_controller.auto_sva_inst.check_leer_to_fin".
INFO (IPF031): Settings used for proof thread 20:
    orchestration                 = off (auto)
    time_limit                    = 3600s
    per_property_time_limit       = 1s * 10 ^ scan
    engine_mode                   = Ht Hp B N 
    proofgrid_per_engine_max_jobs = 1
    max engine jobs               = Ht Hp B N, total 2
    proofgrid_mode                = local
    proofgrid_restarts            = 10
ERROR (EVS053): No trace satisfying these configurations exists for any max_length.
WARNING (WVS028): Saved trace only contains values for the target's COI.
    Use "set_trace_optimization standard" before running Visualize to save values for the full design.
DEBUG: Approach 3 (auto engine) failed: ERROR (EVS125): No Visualize trace is available for "visualize -save -vcd".

WARN: Could not dump VCD for <embedded>::bram_controller.auto_sva_inst.check_leer_to_fin (all approaches failed)
INFO (IPF036): Starting proof on task: "<embedded>", 1 properties to prove with 0 already proven/unreachable
INFO (IPF031): Settings used for proof thread 21:
    orchestration                 = on (auto)
    time_limit                    = 3600s
    per_property_time_limit       = 1s * 10 ^ scan
    engine_mode                   = auto
    proofgrid_per_engine_max_jobs = 1
    max engine jobs               = auto
    proofgrid_mode                = local
    proofgrid_restarts            = 10
21: Using multistage preprocessing
21: Starting reduce
21: Finished reduce in 0s
21.0.PRE: Performing Proof Simplification...
21.0.N: clocks: 2, declared: 1, disabling: 0, posedge: 2, negedge: 0, noedge: 0, bothedge: 0
21.0.N: Proof Simplification Iteration 1	[0.00 s]
21.0.N: Proof Simplification Iteration 2	[0.00 s]
21.0.PRE: A proof was found: No trace exists. [0.00 s]
INFO (IPF057): 21.0.PRE: The property ":noDeadEnd" was proven in 0.00 s.
    Use check_assumptions -show -dead_end to show this property in the property table.
21.0.PRE: Proof Simplification completed in 0.00 s
21: About to start ProofGrid in its own thread with a limit of 10000 pending notifications and a limit of 10 traces.
21: =============================== ProofGrid start ===============================
21: ProofGrid usable level: 1
21: ProofGrid is starting event handling
21.0.Hp: Proofgrid shell started at 1597105@della-h14n3(local) jg_1596521_della-h14n3_22
21.0.N: Proofgrid shell started at 1597104@della-h14n3(local) jg_1596521_della-h14n3_22
21.0.Hp: OS RSS memory limit : 68719476736 / 68719476736
21.0.N: OS RSS memory limit : 68719476736 / 68719476736
21.0.Hp: clocks: 1, declared: 1, disabling: 0, posedge: 1, negedge: 0, noedge: 0, bothedge: 0
21.0.N: clocks: 1, declared: 1, disabling: 0, posedge: 1, negedge: 0, noedge: 0, bothedge: 0
21.0.N: Last scan. Per property time limit: 0s
21.0.N: Starting proof for property "bram_controller.auto_sva_inst.check_fin_to_idle"	[0.00 s].
21.0.N: Trace Attempt  1	[0.00 s]
21.0.N: A max_length bound was found. The shortest trace is no longer than 8 cycles. [0.00 s]
INFO (IPF008): 21.0.N: A max_length bound of 8 was found for the property "bram_controller.auto_sva_inst.check_fin_to_idle" in 0.00 s.
21.0.N: Trace Attempt  2	[0.00 s]
21.0.Hp: Trace Attempt  1	[0.00 s]
21.0.Hp: Trace Attempt  2	[0.00 s]
21.0.Hp: Trace Attempt  3	[0.00 s]
21.0.N: Requesting engine job to stop
21.0.Hp: Requesting engine job to terminate
INFO (IPF144): 21: Initiating shutdown of proof [0.00 s]
21.0.Hp: A trace with 3 cycles was found. [0.00 s]
INFO (IPF055): 21.0.Hp: A counterexample (cex) with 3 cycles was found for the property "bram_controller.auto_sva_inst.check_fin_to_idle" in 0.00 s.
21.0.Hp: All properties determined. [0.00 s]
21.0.N: Trace Attempt  2	[0.00 s]
21.0.N: Trace Attempt  3	[0.00 s]
21.0.N: Stopped processing property "bram_controller.auto_sva_inst.check_fin_to_idle"	[0.00 s].
21.0.N: All properties determined. [0.00 s]
21.0.N: Exited with Success (@ 0.00 s)
21: ProofGrid usable level: 0
21.0.Hp: Exited with Success (@ 0.07 s)
21.0.B: Proofgrid shell started at 1597119@della-h14n3(local) jg_1596521_della-h14n3_22
21.0.B: Requesting engine job to terminate
21.0.B: Interrupted. [0.01 s]
21.0.Ht: Proofgrid shell started at 1597118@della-h14n3(local) jg_1596521_della-h14n3_22
21.0.Ht: Requesting engine job to terminate
21.0.B: Exited with Success (@ 0.07 s)
21.0.Ht: Interrupted. [0.01 s]
21.0.Ht: Exited with Success (@ 0.07 s)
21: --------------------------------------------------------------
ProofGrid Summary (utilization 0.57 %)
--------------------------------------------------------------
     engines started                               :     4
     engine jobs started                           :     4

    Average time in state (seconds)
    ------------------------------------------------------
    Engine  Pending     Running        Dead    Utilization
    ------------------------------------------------------
      N        0.07        0.00        0.00        0.90 %
     Hp        0.06        0.00        0.00        1.46 %
     Ht        0.07        0.00        0.00        0.00 %
      B        0.07        0.00        0.00        0.00 %
    all        0.07        0.00        0.00        0.57 %

    Total time in state (seconds)
    -----------------------------------------
            Pending     Running        Dead  
    -----------------------------------------
               0.27        0.00        0.00

    Data read    : 1.91 kiB
    Data written : 1.33 kiB

21: All pending notifications were processed.
INFO (IPF059): Completed proof on task: "<embedded>" for proof thread 21
INFO (IVS015): Setting Visualize task to "<embedded>".
INFO (IVS008): Expanding analysis region to enable visualization of "<embedded>::bram_controller.auto_sva_inst.check_fin_to_idle".
INFO (IPF031): Settings used for proof thread 22:
    orchestration                 = off (auto)
    time_limit                    = 3600s
    per_property_time_limit       = 1s * 10 ^ scan
    engine_mode                   = Ht Hp B N 
    proofgrid_per_engine_max_jobs = 1
    max engine jobs               = Ht Hp B N, total 2
    proofgrid_mode                = local
    proofgrid_restarts            = 10
ERROR (EVS053): No trace satisfying these configurations exists for any max_length.
WARNING (WVS028): Saved trace only contains values for the target's COI.
    Use "set_trace_optimization standard" before running Visualize to save values for the full design.
DEBUG: Approach 1 (force re-prove) failed: ERROR (EVS125): No Visualize trace is available for "visualize -save -vcd".

DEBUG: Approach 2 (-new_trace) failed: ERROR (ESW104): Invalid command formation.
    Problem occurs with "-violation -new_trace".

INFO (IPF036): Starting proof on task: "<embedded>", 1 properties to prove with 0 already proven/unreachable
INFO (IPF031): Settings used for proof thread 23:
    orchestration                 = on (auto)
    time_limit                    = 3600s
    per_property_time_limit       = 1s * 10 ^ scan
    engine_mode                   = auto
    proofgrid_per_engine_max_jobs = 1
    max engine jobs               = auto
    proofgrid_mode                = local
    proofgrid_restarts            = 10
23: Using multistage preprocessing
23: Starting reduce
23: Finished reduce in 0s
23.0.PRE: Performing Proof Simplification...
23.0.N: clocks: 2, declared: 1, disabling: 0, posedge: 2, negedge: 0, noedge: 0, bothedge: 0
23.0.N: Proof Simplification Iteration 1	[0.00 s]
23.0.N: Proof Simplification Iteration 2	[0.00 s]
23.0.PRE: A proof was found: No trace exists. [0.00 s]
INFO (IPF057): 23.0.PRE: The property ":noDeadEnd" was proven in 0.00 s.
    Use check_assumptions -show -dead_end to show this property in the property table.
23.0.PRE: Proof Simplification completed in 0.00 s
23: About to start ProofGrid in its own thread with a limit of 10000 pending notifications and a limit of 10 traces.
23: =============================== ProofGrid start ===============================
23: ProofGrid usable level: 1
23: ProofGrid is starting event handling
23.0.N: Proofgrid shell started at 1597142@della-h14n3(local) jg_1596521_della-h14n3_24
23.0.Hp: Proofgrid shell started at 1597143@della-h14n3(local) jg_1596521_della-h14n3_24
23.0.N: OS RSS memory limit : 68719476736 / 68719476736
23.0.Hp: OS RSS memory limit : 68719476736 / 68719476736
23.0.N: clocks: 1, declared: 1, disabling: 0, posedge: 1, negedge: 0, noedge: 0, bothedge: 0
23.0.Hp: clocks: 1, declared: 1, disabling: 0, posedge: 1, negedge: 0, noedge: 0, bothedge: 0
23.0.N: Last scan. Per property time limit: 0s
23.0.N: Starting proof for property "bram_controller.auto_sva_inst.check_fin_to_idle"	[0.00 s].
23.0.N: Trace Attempt  1	[0.00 s]
23.0.N: A max_length bound was found. The shortest trace is no longer than 8 cycles. [0.00 s]
INFO (IPF008): 23.0.N: A max_length bound of 8 was found for the property "bram_controller.auto_sva_inst.check_fin_to_idle" in 0.00 s.
23.0.N: Trace Attempt  2	[0.00 s]
23.0.Hp: Trace Attempt  1	[0.00 s]
23.0.Hp: Trace Attempt  2	[0.00 s]
23.0.N: Trace Attempt  2	[0.00 s]
23.0.Hp: Trace Attempt  3	[0.00 s]
23.0.N: Trace Attempt  3	[0.00 s]
23.0.N: Requesting engine job to stop
23.0.Hp: Requesting engine job to terminate
INFO (IPF144): 23: Initiating shutdown of proof [0.00 s]
23.0.Hp: A trace with 3 cycles was found. [0.00 s]
INFO (IPF055): 23.0.Hp: A counterexample (cex) with 3 cycles was found for the property "bram_controller.auto_sva_inst.check_fin_to_idle" in 0.00 s.
23.0.Hp: All properties determined. [0.00 s]
23.0.N: Stopped processing property "bram_controller.auto_sva_inst.check_fin_to_idle"	[0.00 s].
23.0.N: All properties determined. [0.00 s]
23.0.B: Proofgrid shell started at 1597157@della-h14n3(local) jg_1596521_della-h14n3_24
23.0.B: Requesting engine job to terminate
23.0.N: Exited with Success (@ 0.07 s)
23: ProofGrid usable level: 0
23.0.Hp: Exited with Success (@ 0.07 s)
23.0.B: Interrupted. [0.01 s]
23.0.B: Exited with Success (@ 0.07 s)
23.0.Ht: Proofgrid shell started at 1597156@della-h14n3(local) jg_1596521_della-h14n3_24
23.0.Ht: Requesting engine job to terminate
23.0.Ht: Interrupted. [0.01 s]
23.0.Ht: Exited with Success (@ 0.07 s)
23: --------------------------------------------------------------
ProofGrid Summary (utilization 0.77 %)
--------------------------------------------------------------
     engines started                               :     4
     engine jobs started                           :     4

    Average time in state (seconds)
    ------------------------------------------------------
    Engine  Pending     Running        Dead    Utilization
    ------------------------------------------------------
      N        0.06        0.00        0.00        1.55 %
     Hp        0.06        0.00        0.00        1.53 %
     Ht        0.07        0.00        0.00        0.00 %
      B        0.06        0.00        0.00        0.00 %
    all        0.07        0.00        0.00        0.77 %

    Total time in state (seconds)
    -----------------------------------------
            Pending     Running        Dead  
    -----------------------------------------
               0.26        0.00        0.00

    Data read    : 1.92 kiB
    Data written : 1.35 kiB

23: All pending notifications were processed.
INFO (IPF059): Completed proof on task: "<embedded>" for proof thread 23
INFO (IVS015): Setting Visualize task to "<embedded>".
INFO (IVS008): Expanding analysis region to enable visualization of "<embedded>::bram_controller.auto_sva_inst.check_fin_to_idle".
INFO (IPF031): Settings used for proof thread 24:
    orchestration                 = off (auto)
    time_limit                    = 3600s
    per_property_time_limit       = 1s * 10 ^ scan
    engine_mode                   = Ht Hp B N 
    proofgrid_per_engine_max_jobs = 1
    max engine jobs               = Ht Hp B N, total 2
    proofgrid_mode                = local
    proofgrid_restarts            = 10
ERROR (EVS053): No trace satisfying these configurations exists for any max_length.
WARNING (WVS028): Saved trace only contains values for the target's COI.
    Use "set_trace_optimization standard" before running Visualize to save values for the full design.
DEBUG: Approach 3 (auto engine) failed: ERROR (EVS125): No Visualize trace is available for "visualize -save -vcd".

WARN: Could not dump VCD for <embedded>::bram_controller.auto_sva_inst.check_fin_to_idle (all approaches failed)
INFO (IPF036): Starting proof on task: "<embedded>", 1 properties to prove with 0 already proven/unreachable
INFO (IPF031): Settings used for proof thread 25:
    orchestration                 = on (auto)
    time_limit                    = 3600s
    per_property_time_limit       = 1s * 10 ^ scan
    engine_mode                   = auto
    proofgrid_per_engine_max_jobs = 1
    max engine jobs               = auto
    proofgrid_mode                = local
    proofgrid_restarts            = 10
25: Using multistage preprocessing
25: Starting reduce
25: Finished reduce in 0s
25.0.PRE: Performing Proof Simplification...
25.0.N: clocks: 2, declared: 1, disabling: 0, posedge: 2, negedge: 0, noedge: 0, bothedge: 0
25.0.N: Proof Simplification Iteration 1	[0.00 s]
25.0.N: Proof Simplification Iteration 2	[0.00 s]
25.0.N: Proof Simplification Iteration 3	[0.00 s]
25.0.PRE: A proof was found: No trace exists. [0.00 s]
INFO (IPF057): 25.0.PRE: The property ":noDeadEnd" was proven in 0.00 s.
    Use check_assumptions -show -dead_end to show this property in the property table.
25.0.PRE: Proof Simplification completed in 0.00 s
25: About to start ProofGrid in its own thread with a limit of 10000 pending notifications and a limit of 10 traces.
25: =============================== ProofGrid start ===============================
25: ProofGrid usable level: 1
25: ProofGrid is starting event handling
25.0.Hp: Proofgrid shell started at 1597181@della-h14n3(local) jg_1596521_della-h14n3_26
25.0.N: Proofgrid shell started at 1597180@della-h14n3(local) jg_1596521_della-h14n3_26
25.0.Hp: OS RSS memory limit : 68719476736 / 68719476736
25.0.Hp: clocks: 1, declared: 1, disabling: 0, posedge: 1, negedge: 0, noedge: 0, bothedge: 0
25.0.N: OS RSS memory limit : 68719476736 / 68719476736
25.0.N: clocks: 1, declared: 1, disabling: 0, posedge: 1, negedge: 0, noedge: 0, bothedge: 0
25.0.N: Last scan. Per property time limit: 0s
25.0.N: Starting proof for property "bram_controller.auto_sva_inst.check_addra_inc_in_fin"	[0.00 s].
25.0.N: Trace Attempt  1	[0.00 s]
25.0.N: A max_length bound was found. The shortest trace is no longer than 8192 cycles. [0.00 s]
INFO (IPF008): 25.0.N: A max_length bound of 8192 was found for the property "bram_controller.auto_sva_inst.check_addra_inc_in_fin" in 0.00 s.
25.0.Hp: Trace Attempt  1	[0.00 s]
25.0.Hp: Trace Attempt  2	[0.00 s]
25.0.N: Trace Attempt  2	[0.00 s]
25.0.N: Trace Attempt  2	[0.00 s]
25.0.Hp: Trace Attempt  3	[0.00 s]
25.0.N: Requesting engine job to stop
25.0.Hp: Requesting engine job to terminate
INFO (IPF144): 25: Initiating shutdown of proof [0.00 s]
25.0.Hp: A trace with 3 cycles was found. [0.00 s]
INFO (IPF055): 25.0.Hp: A counterexample (cex) with 3 cycles was found for the property "bram_controller.auto_sva_inst.check_addra_inc_in_fin" in 0.00 s.
25.0.Hp: All properties determined. [0.00 s]
25.0.N: Trace Attempt  3	[0.00 s]
25.0.Hp: Exited with Success (@ 0.00 s)
25: ProofGrid usable level: 0
25.0.N: Stopped processing property "bram_controller.auto_sva_inst.check_addra_inc_in_fin"	[0.00 s].
25.0.N: All properties determined. [0.00 s]
25.0.B: Proofgrid shell started at 1597195@della-h14n3(local) jg_1596521_della-h14n3_26
25.0.B: Requesting engine job to terminate
25.0.N: Exited with Success (@ 0.07 s)
25.0.B: Interrupted. [0.01 s]
25.0.Ht: Proofgrid shell started at 1597194@della-h14n3(local) jg_1596521_della-h14n3_26
25.0.Ht: Requesting engine job to terminate
25.0.Ht: Interrupted. [0.01 s]
25.0.B: Exited with Success (@ 0.07 s)
25.0.Ht: Exited with Success (@ 0.07 s)
25: --------------------------------------------------------------
ProofGrid Summary (utilization 0.91 %)
--------------------------------------------------------------
     engines started                               :     4
     engine jobs started                           :     4

    Average time in state (seconds)
    ------------------------------------------------------
    Engine  Pending     Running        Dead    Utilization
    ------------------------------------------------------
      N        0.07        0.00        0.00        1.40 %
     Hp        0.06        0.00        0.00        2.18 %
     Ht        0.07        0.00        0.00        0.00 %
      B        0.06        0.00        0.00        0.00 %
    all        0.07        0.00        0.00        0.91 %

    Total time in state (seconds)
    -----------------------------------------
            Pending     Running        Dead  
    -----------------------------------------
               0.26        0.00        0.00

    Data read    : 2.01 kiB
    Data written : 1.35 kiB

25: All pending notifications were processed.
INFO (IPF059): Completed proof on task: "<embedded>" for proof thread 25
INFO (IVS015): Setting Visualize task to "<embedded>".
INFO (IVS008): Expanding analysis region to enable visualization of "<embedded>::bram_controller.auto_sva_inst.check_addra_inc_in_fin".
INFO (IPF031): Settings used for proof thread 26:
    orchestration                 = off (auto)
    time_limit                    = 3600s
    per_property_time_limit       = 1s * 10 ^ scan
    engine_mode                   = Ht Hp B N 
    proofgrid_per_engine_max_jobs = 1
    max engine jobs               = Ht Hp B N, total 2
    proofgrid_mode                = local
    proofgrid_restarts            = 10
ERROR (EVS053): No trace satisfying these configurations exists for any max_length.
WARNING (WVS028): Saved trace only contains values for the target's COI.
    Use "set_trace_optimization standard" before running Visualize to save values for the full design.
DEBUG: Approach 1 (force re-prove) failed: ERROR (EVS125): No Visualize trace is available for "visualize -save -vcd".

DEBUG: Approach 2 (-new_trace) failed: ERROR (ESW104): Invalid command formation.
    Problem occurs with "-violation -new_trace".

INFO (IPF036): Starting proof on task: "<embedded>", 1 properties to prove with 0 already proven/unreachable
INFO (IPF031): Settings used for proof thread 27:
    orchestration                 = on (auto)
    time_limit                    = 3600s
    per_property_time_limit       = 1s * 10 ^ scan
    engine_mode                   = auto
    proofgrid_per_engine_max_jobs = 1
    max engine jobs               = auto
    proofgrid_mode                = local
    proofgrid_restarts            = 10
27: Using multistage preprocessing
27: Starting reduce
27: Finished reduce in 0s
27.0.PRE: Performing Proof Simplification...
27.0.N: clocks: 2, declared: 1, disabling: 0, posedge: 2, negedge: 0, noedge: 0, bothedge: 0
27.0.N: Proof Simplification Iteration 1	[0.00 s]
27.0.N: Proof Simplification Iteration 2	[0.00 s]
27.0.N: Proof Simplification Iteration 3	[0.00 s]
27.0.PRE: A proof was found: No trace exists. [0.00 s]
INFO (IPF057): 27.0.PRE: The property ":noDeadEnd" was proven in 0.00 s.
    Use check_assumptions -show -dead_end to show this property in the property table.
27.0.PRE: Proof Simplification completed in 0.00 s
27: About to start ProofGrid in its own thread with a limit of 10000 pending notifications and a limit of 10 traces.
27: =============================== ProofGrid start ===============================
27: ProofGrid usable level: 1
27: ProofGrid is starting event handling
27.0.Hp: Proofgrid shell started at 1597219@della-h14n3(local) jg_1596521_della-h14n3_28
27.0.N: Proofgrid shell started at 1597218@della-h14n3(local) jg_1596521_della-h14n3_28
27.0.Hp: OS RSS memory limit : 68719476736 / 68719476736
27.0.N: OS RSS memory limit : 68719476736 / 68719476736
27.0.Hp: clocks: 1, declared: 1, disabling: 0, posedge: 1, negedge: 0, noedge: 0, bothedge: 0
27.0.Hp: Trace Attempt  1	[0.00 s]
27.0.Hp: Trace Attempt  2	[0.00 s]
27.0.Hp: Trace Attempt  3	[0.00 s]
27.0.N: Requesting engine job to stop
27.0.Hp: Requesting engine job to terminate
INFO (IPF144): 27: Initiating shutdown of proof [0.00 s]
27.0.Hp: A trace with 3 cycles was found. [0.00 s]
INFO (IPF055): 27.0.Hp: A counterexample (cex) with 3 cycles was found for the property "bram_controller.auto_sva_inst.check_addra_inc_in_fin" in 0.00 s.
27.0.N: clocks: 1, declared: 1, disabling: 0, posedge: 1, negedge: 0, noedge: 0, bothedge: 0
27.0.Hp: All properties determined. [0.00 s]
27.0.N: All properties determined. [0.00 s]
27.0.Ht: Proofgrid shell started at 1597232@della-h14n3(local) jg_1596521_della-h14n3_28
27.0.Ht: Requesting engine job to terminate
27.0.N: Exited with Success (@ 0.07 s)
27: ProofGrid usable level: 0
27.0.Hp: Exited with Success (@ 0.07 s)
27.0.Ht: Interrupted. [0.01 s]
27.0.B: Proofgrid shell started at 1597233@della-h14n3(local) jg_1596521_della-h14n3_28
27.0.B: Requesting engine job to terminate
27.0.B: Interrupted. [0.01 s]
27.0.Ht: Exited with Success (@ 0.07 s)
27.0.B: Exited with Success (@ 0.07 s)
27: --------------------------------------------------------------
ProofGrid Summary (utilization 0.49 %)
--------------------------------------------------------------
     engines started                               :     4
     engine jobs started                           :     4

    Average time in state (seconds)
    ------------------------------------------------------
    Engine  Pending     Running        Dead    Utilization
    ------------------------------------------------------
      N        0.07        0.00        0.00        0.21 %
     Hp        0.06        0.00        0.00        1.74 %
     Ht        0.07        0.00        0.00        0.00 %
      B        0.06        0.00        0.00        0.00 %
    all        0.07        0.00        0.00        0.49 %

    Total time in state (seconds)
    -----------------------------------------
            Pending     Running        Dead  
    -----------------------------------------
               0.26        0.00        0.00

    Data read    : 1.66 kiB
    Data written : 1.31 kiB

27: All pending notifications were processed.
INFO (IPF059): Completed proof on task: "<embedded>" for proof thread 27
INFO (IVS015): Setting Visualize task to "<embedded>".
INFO (IVS008): Expanding analysis region to enable visualization of "<embedded>::bram_controller.auto_sva_inst.check_addra_inc_in_fin".
INFO (IPF031): Settings used for proof thread 28:
    orchestration                 = off (auto)
    time_limit                    = 3600s
    per_property_time_limit       = 1s * 10 ^ scan
    engine_mode                   = Ht Hp B N 
    proofgrid_per_engine_max_jobs = 1
    max engine jobs               = Ht Hp B N, total 2
    proofgrid_mode                = local
    proofgrid_restarts            = 10
ERROR (EVS053): No trace satisfying these configurations exists for any max_length.
WARNING (WVS028): Saved trace only contains values for the target's COI.
    Use "set_trace_optimization standard" before running Visualize to save values for the full design.
DEBUG: Approach 3 (auto engine) failed: ERROR (EVS125): No Visualize trace is available for "visualize -save -vcd".

WARN: Could not dump VCD for <embedded>::bram_controller.auto_sva_inst.check_addra_inc_in_fin (all approaches failed)
INFO (IPF036): Starting proof on task: "<embedded>", 1 properties to prove with 0 already proven/unreachable
INFO (IPF031): Settings used for proof thread 29:
    orchestration                 = on (auto)
    time_limit                    = 3600s
    per_property_time_limit       = 1s * 10 ^ scan
    engine_mode                   = auto
    proofgrid_per_engine_max_jobs = 1
    max engine jobs               = auto
    proofgrid_mode                = local
    proofgrid_restarts            = 10
29: Using multistage preprocessing
29: Starting reduce
29: Finished reduce in 0s
29.0.PRE: Performing Proof Simplification...
29.0.N: clocks: 2, declared: 1, disabling: 0, posedge: 2, negedge: 0, noedge: 0, bothedge: 0
29.0.N: Proof Simplification Iteration 1	[0.00 s]
29.0.N: Proof Simplification Iteration 2	[0.00 s]
29.0.N: Proof Simplification Iteration 3	[0.00 s]
29.0.PRE: A proof was found: No trace exists. [0.00 s]
INFO (IPF057): 29.0.PRE: The property ":noDeadEnd" was proven in 0.00 s.
    Use check_assumptions -show -dead_end to show this property in the property table.
29.0.PRE: Proof Simplification completed in 0.00 s
29: About to start ProofGrid in its own thread with a limit of 10000 pending notifications and a limit of 10 traces.
29: =============================== ProofGrid start ===============================
29: ProofGrid usable level: 1
29: ProofGrid is starting event handling
29.0.N: Proofgrid shell started at 1597256@della-h14n3(local) jg_1596521_della-h14n3_30
29.0.Hp: Proofgrid shell started at 1597257@della-h14n3(local) jg_1596521_della-h14n3_30
29.0.N: OS RSS memory limit : 68719476736 / 68719476736
29.0.N: clocks: 1, declared: 1, disabling: 0, posedge: 1, negedge: 0, noedge: 0, bothedge: 0
29.0.Hp: OS RSS memory limit : 68719476736 / 68719476736
29.0.N: Last scan. Per property time limit: 0s
29.0.N: Starting proof for property "bram_controller.auto_sva_inst.check_addra_hold_in_idle"	[0.00 s].
29.0.Hp: clocks: 1, declared: 1, disabling: 0, posedge: 1, negedge: 0, noedge: 0, bothedge: 0
29.0.N: Trace Attempt  1	[0.00 s]
29.0.N: A max_length bound was found. The shortest trace is no longer than 8192 cycles. [0.00 s]
INFO (IPF008): 29.0.N: A max_length bound of 8192 was found for the property "bram_controller.auto_sva_inst.check_addra_hold_in_idle" in 0.00 s.
29.0.N: Trace Attempt  2	[0.00 s]
29.0.N: Trace Attempt  2	[0.00 s]
29.0.N: Trace Attempt  3	[0.00 s]
29.0.N: Trace Attempt  3	[0.00 s]
29.0.N: Trace Attempt  4	[0.00 s]
29.0.Hp: Trace Attempt  1	[0.00 s]
29.0.N: Trace Attempt  5	[0.00 s]
29.0.N: Requesting engine job to stop
29.0.Hp: Requesting engine job to terminate
INFO (IPF144): 29: Initiating shutdown of proof [0.00 s]
29.0.N: Trace Attempt  7	[0.00 s]
29.0.N: A trace with 7 cycles was found. [0.00 s]
INFO (IPF055): 29.0.N: A counterexample (cex) with 7 cycles was found for the property "bram_controller.auto_sva_inst.check_addra_hold_in_idle" in 0.00 s.
29.0.N: Stopped processing property "bram_controller.auto_sva_inst.check_addra_hold_in_idle"	[0.00 s].
29.0.N: All properties determined. [0.00 s]
29.0.Hp: Interrupted (multi)
29.0.Hp: All properties determined. [0.00 s]
29.0.N: Exited with Success (@ 0.00 s)
29: ProofGrid usable level: 0
29.0.B: Proofgrid shell started at 1597271@della-h14n3(local) jg_1596521_della-h14n3_30
29.0.B: Requesting engine job to terminate
29.0.Hp: Exited with Success (@ 0.07 s)
29.0.B: Interrupted. [0.01 s]
29.0.Ht: Proofgrid shell started at 1597270@della-h14n3(local) jg_1596521_della-h14n3_30
29.0.Ht: Requesting engine job to terminate
29.0.Ht: Interrupted. [0.01 s]
29.0.B: Exited with Success (@ 0.07 s)
29.0.Ht: Exited with Success (@ 0.07 s)
29: --------------------------------------------------------------
ProofGrid Summary (utilization 2.21 %)
--------------------------------------------------------------
     engines started                               :     4
     engine jobs started                           :     4

    Average time in state (seconds)
    ------------------------------------------------------
    Engine  Pending     Running        Dead    Utilization
    ------------------------------------------------------
      N        0.07        0.00        0.00        4.65 %
     Hp        0.07        0.00        0.00        4.05 %
     Ht        0.07        0.00        0.00        0.00 %
      B        0.07        0.00        0.00        0.00 %
    all        0.07        0.00        0.00        2.21 %

    Total time in state (seconds)
    -----------------------------------------
            Pending     Running        Dead  
    -----------------------------------------
               0.26        0.01        0.00

    Data read    : 2.64 kiB
    Data written : 1.43 kiB

29: All pending notifications were processed.
INFO (IPF059): Completed proof on task: "<embedded>" for proof thread 29
INFO (IVS015): Setting Visualize task to "<embedded>".
INFO (IVS008): Expanding analysis region to enable visualization of "<embedded>::bram_controller.auto_sva_inst.check_addra_hold_in_idle".
INFO (IPF031): Settings used for proof thread 30:
    orchestration                 = off (auto)
    time_limit                    = 3600s
    per_property_time_limit       = 1s * 10 ^ scan
    engine_mode                   = Ht Hp B N 
    proofgrid_per_engine_max_jobs = 1
    max engine jobs               = Ht Hp B N, total 2
    proofgrid_mode                = local
    proofgrid_restarts            = 10
ERROR (EVS053): No trace satisfying these configurations exists for any max_length.
WARNING (WVS028): Saved trace only contains values for the target's COI.
    Use "set_trace_optimization standard" before running Visualize to save values for the full design.
DEBUG: Approach 1 (force re-prove) failed: ERROR (EVS125): No Visualize trace is available for "visualize -save -vcd".

DEBUG: Approach 2 (-new_trace) failed: ERROR (ESW104): Invalid command formation.
    Problem occurs with "-violation -new_trace".

INFO (IPF036): Starting proof on task: "<embedded>", 1 properties to prove with 0 already proven/unreachable
INFO (IPF031): Settings used for proof thread 31:
    orchestration                 = on (auto)
    time_limit                    = 3600s
    per_property_time_limit       = 1s * 10 ^ scan
    engine_mode                   = auto
    proofgrid_per_engine_max_jobs = 1
    max engine jobs               = auto
    proofgrid_mode                = local
    proofgrid_restarts            = 10
31: Using multistage preprocessing
31: Starting reduce
31: Finished reduce in 0s
31.0.PRE: Performing Proof Simplification...
31.0.N: clocks: 2, declared: 1, disabling: 0, posedge: 2, negedge: 0, noedge: 0, bothedge: 0
31.0.N: Proof Simplification Iteration 1	[0.00 s]
31.0.N: Proof Simplification Iteration 2	[0.00 s]
31.0.N: Proof Simplification Iteration 3	[0.00 s]
31.0.PRE: A proof was found: No trace exists. [0.00 s]
INFO (IPF057): 31.0.PRE: The property ":noDeadEnd" was proven in 0.00 s.
    Use check_assumptions -show -dead_end to show this property in the property table.
31.0.PRE: Proof Simplification completed in 0.00 s
31: About to start ProofGrid in its own thread with a limit of 10000 pending notifications and a limit of 10 traces.
31: =============================== ProofGrid start ===============================
31: ProofGrid usable level: 1
31: ProofGrid is starting event handling
31.0.N: Proofgrid shell started at 1597294@della-h14n3(local) jg_1596521_della-h14n3_32
31.0.Hp: Proofgrid shell started at 1597295@della-h14n3(local) jg_1596521_della-h14n3_32
31.0.N: OS RSS memory limit : 68719476736 / 68719476736
31.0.Hp: OS RSS memory limit : 68719476736 / 68719476736
31.0.N: clocks: 1, declared: 1, disabling: 0, posedge: 1, negedge: 0, noedge: 0, bothedge: 0
31.0.N: Last scan. Per property time limit: 0s
31.0.N: Starting proof for property "bram_controller.auto_sva_inst.check_addra_hold_in_idle"	[0.00 s].
31.0.N: Trace Attempt  1	[0.00 s]
31.0.N: A max_length bound was found. The shortest trace is no longer than 8192 cycles. [0.00 s]
INFO (IPF008): 31.0.N: A max_length bound of 8192 was found for the property "bram_controller.auto_sva_inst.check_addra_hold_in_idle" in 0.00 s.
31.0.N: Trace Attempt  2	[0.00 s]
31.0.Hp: clocks: 1, declared: 1, disabling: 0, posedge: 1, negedge: 0, noedge: 0, bothedge: 0
31.0.N: Trace Attempt  2	[0.00 s]
31.0.N: Trace Attempt  3	[0.00 s]
31.0.N: Trace Attempt  3	[0.00 s]
31.0.N: Trace Attempt  4	[0.00 s]
31.0.N: Trace Attempt  5	[0.00 s]
31.0.N: Requesting engine job to stop
31.0.Hp: Requesting engine job to terminate
INFO (IPF144): 31: Initiating shutdown of proof [0.00 s]
31.0.N: Trace Attempt  7	[0.00 s]
31.0.N: A trace with 7 cycles was found. [0.00 s]
INFO (IPF055): 31.0.N: A counterexample (cex) with 7 cycles was found for the property "bram_controller.auto_sva_inst.check_addra_hold_in_idle" in 0.00 s.
31.0.Hp: Interrupted (multi)
31.0.Hp: All properties determined. [0.00 s]
31.0.N: Stopped processing property "bram_controller.auto_sva_inst.check_addra_hold_in_idle"	[0.00 s].
31.0.N: All properties determined. [0.00 s]
31.0.Ht: Proofgrid shell started at 1597308@della-h14n3(local) jg_1596521_della-h14n3_32
31.0.Ht: Requesting engine job to terminate
31.0.N: Exited with Success (@ 0.06 s)
31: ProofGrid usable level: 0
31.0.Hp: Exited with Success (@ 0.06 s)
31.0.Ht: Interrupted. [0.01 s]
31.0.B: Proofgrid shell started at 1597309@della-h14n3(local) jg_1596521_della-h14n3_32
31.0.B: Requesting engine job to terminate
31.0.Ht: Exited with Success (@ 0.07 s)
31.0.B: Interrupted. [0.01 s]
31.0.B: Exited with Success (@ 0.07 s)
31: --------------------------------------------------------------
ProofGrid Summary (utilization 2.13 %)
--------------------------------------------------------------
     engines started                               :     4
     engine jobs started                           :     4

    Average time in state (seconds)
    ------------------------------------------------------
    Engine  Pending     Running        Dead    Utilization
    ------------------------------------------------------
      N        0.06        0.00        0.00        4.56 %
     Hp        0.06        0.00        0.00        3.79 %
     Ht        0.06        0.00        0.00        0.00 %
      B        0.07        0.00        0.00        0.00 %
    all        0.07        0.00        0.00        2.13 %

    Total time in state (seconds)
    -----------------------------------------
            Pending     Running        Dead  
    -----------------------------------------
               0.26        0.01        0.00

    Data read    : 2.61 kiB
    Data written : 1.43 kiB

31: All pending notifications were processed.
INFO (IPF059): Completed proof on task: "<embedded>" for proof thread 31
INFO (IVS015): Setting Visualize task to "<embedded>".
INFO (IVS008): Expanding analysis region to enable visualization of "<embedded>::bram_controller.auto_sva_inst.check_addra_hold_in_idle".
INFO (IPF031): Settings used for proof thread 32:
    orchestration                 = off (auto)
    time_limit                    = 3600s
    per_property_time_limit       = 1s * 10 ^ scan
    engine_mode                   = Ht Hp B N 
    proofgrid_per_engine_max_jobs = 1
    max engine jobs               = Ht Hp B N, total 2
    proofgrid_mode                = local
    proofgrid_restarts            = 10
ERROR (EVS053): No trace satisfying these configurations exists for any max_length.
WARNING (WVS028): Saved trace only contains values for the target's COI.
    Use "set_trace_optimization standard" before running Visualize to save values for the full design.
DEBUG: Approach 3 (auto engine) failed: ERROR (EVS125): No Visualize trace is available for "visualize -save -vcd".

WARN: Could not dump VCD for <embedded>::bram_controller.auto_sva_inst.check_addra_hold_in_idle (all approaches failed)
INFO (IPF036): Starting proof on task: "<embedded>", 1 properties to prove with 0 already proven/unreachable
INFO (IPF031): Settings used for proof thread 33:
    orchestration                 = on (auto)
    time_limit                    = 3600s
    per_property_time_limit       = 1s * 10 ^ scan
    engine_mode                   = auto
    proofgrid_per_engine_max_jobs = 1
    max engine jobs               = auto
    proofgrid_mode                = local
    proofgrid_restarts            = 10
33: Using multistage preprocessing
33: Starting reduce
33: Finished reduce in 0s
33.0.PRE: Performing Proof Simplification...
33.0.N: clocks: 2, declared: 1, disabling: 0, posedge: 2, negedge: 0, noedge: 0, bothedge: 0
33.0.N: Proof Simplification Iteration 1	[0.00 s]
33.0.N: Proof Simplification Iteration 2	[0.00 s]
33.0.N: Proof Simplification Iteration 3	[0.00 s]
33.0.PRE: A proof was found: No trace exists. [0.00 s]
INFO (IPF057): 33.0.PRE: The property ":noDeadEnd" was proven in 0.00 s.
    Use check_assumptions -show -dead_end to show this property in the property table.
33.0.PRE: Proof Simplification completed in 0.00 s
33: About to start ProofGrid in its own thread with a limit of 10000 pending notifications and a limit of 10 traces.
33: =============================== ProofGrid start ===============================
33: ProofGrid usable level: 1
33: ProofGrid is starting event handling
33.0.Hp: Proofgrid shell started at 1597333@della-h14n3(local) jg_1596521_della-h14n3_34
33.0.N: Proofgrid shell started at 1597332@della-h14n3(local) jg_1596521_della-h14n3_34
33.0.Hp: OS RSS memory limit : 68719476736 / 68719476736
33.0.N: OS RSS memory limit : 68719476736 / 68719476736
33.0.Hp: clocks: 1, declared: 1, disabling: 0, posedge: 1, negedge: 0, noedge: 0, bothedge: 0
33.0.N: clocks: 1, declared: 1, disabling: 0, posedge: 1, negedge: 0, noedge: 0, bothedge: 0
33.0.N: Last scan. Per property time limit: 0s
33.0.N: Starting proof for property "bram_controller.auto_sva_inst.check_addra_hold_in_leer"	[0.00 s].
33.0.N: Trace Attempt  1	[0.00 s]
33.0.N: A max_length bound was found. The shortest trace is no longer than 8192 cycles. [0.00 s]
INFO (IPF008): 33.0.N: A max_length bound of 8192 was found for the property "bram_controller.auto_sva_inst.check_addra_hold_in_leer" in 0.00 s.
33.0.N: Trace Attempt  2	[0.00 s]
33.0.Hp: Trace Attempt  1	[0.00 s]
33.0.N: Trace Attempt  2	[0.00 s]
33.0.Hp: Trace Attempt  2	[0.00 s]
33.0.N: Trace Attempt  3	[0.00 s]
33.0.Hp: Trace Attempt  3	[0.00 s]
33.0.N: Trace Attempt  3	[0.00 s]
33.0.Hp: Trace Attempt  4	[0.00 s]
33.0.N: Trace Attempt  4	[0.00 s]
33.0.N: Trace Attempt  5	[0.00 s]
33.0.N: Requesting engine job to stop
33.0.Hp: Requesting engine job to terminate
INFO (IPF144): 33: Initiating shutdown of proof [0.00 s]
33.0.N: Trace Attempt  7	[0.00 s]
33.0.N: A trace with 7 cycles was found. [0.00 s]
INFO (IPF055): 33.0.N: A counterexample (cex) with 7 cycles was found for the property "bram_controller.auto_sva_inst.check_addra_hold_in_leer" in 0.00 s.
33.0.N: Stopped processing property "bram_controller.auto_sva_inst.check_addra_hold_in_leer"	[0.00 s].
33.0.N: All properties determined. [0.00 s]
33.0.Hp: Interrupted (multi)
33.0.Hp: All properties determined. [0.00 s]
33.0.Ht: Proofgrid shell started at 1597346@della-h14n3(local) jg_1596521_della-h14n3_34
33.0.Ht: Requesting engine job to terminate
33.0.N: Exited with Success (@ 0.07 s)
33: ProofGrid usable level: 0
33.0.Hp: Exited with Success (@ 0.07 s)
33.0.Ht: Interrupted. [0.01 s]
33.0.B: Proofgrid shell started at 1597347@della-h14n3(local) jg_1596521_della-h14n3_34
33.0.B: Requesting engine job to terminate
33.0.Ht: Exited with Success (@ 0.07 s)
33.0.B: Interrupted. [0.01 s]
33.0.B: Exited with Success (@ 0.07 s)
33: --------------------------------------------------------------
ProofGrid Summary (utilization 2.37 %)
--------------------------------------------------------------
     engines started                               :     4
     engine jobs started                           :     4

    Average time in state (seconds)
    ------------------------------------------------------
    Engine  Pending     Running        Dead    Utilization
    ------------------------------------------------------
      N        0.07        0.00        0.00        4.62 %
     Hp        0.06        0.00        0.00        4.74 %
     Ht        0.07        0.00        0.00        0.00 %
      B        0.07        0.00        0.00        0.00 %
    all        0.07        0.00        0.00        2.37 %

    Total time in state (seconds)
    -----------------------------------------
            Pending     Running        Dead  
    -----------------------------------------
               0.26        0.01        0.00

    Data read    : 2.70 kiB
    Data written : 1.43 kiB

33: All pending notifications were processed.
INFO (IPF059): Completed proof on task: "<embedded>" for proof thread 33
INFO (IVS015): Setting Visualize task to "<embedded>".
INFO (IVS008): Expanding analysis region to enable visualization of "<embedded>::bram_controller.auto_sva_inst.check_addra_hold_in_leer".
INFO (IPF031): Settings used for proof thread 34:
    orchestration                 = off (auto)
    time_limit                    = 3600s
    per_property_time_limit       = 1s * 10 ^ scan
    engine_mode                   = Ht Hp B N 
    proofgrid_per_engine_max_jobs = 1
    max engine jobs               = Ht Hp B N, total 2
    proofgrid_mode                = local
    proofgrid_restarts            = 10
ERROR (EVS053): No trace satisfying these configurations exists for any max_length.
WARNING (WVS028): Saved trace only contains values for the target's COI.
    Use "set_trace_optimization standard" before running Visualize to save values for the full design.
DEBUG: Approach 1 (force re-prove) failed: ERROR (EVS125): No Visualize trace is available for "visualize -save -vcd".

DEBUG: Approach 2 (-new_trace) failed: ERROR (ESW104): Invalid command formation.
    Problem occurs with "-violation -new_trace".

INFO (IPF036): Starting proof on task: "<embedded>", 1 properties to prove with 0 already proven/unreachable
INFO (IPF031): Settings used for proof thread 35:
    orchestration                 = on (auto)
    time_limit                    = 3600s
    per_property_time_limit       = 1s * 10 ^ scan
    engine_mode                   = auto
    proofgrid_per_engine_max_jobs = 1
    max engine jobs               = auto
    proofgrid_mode                = local
    proofgrid_restarts            = 10
35: Using multistage preprocessing
35: Starting reduce
35: Finished reduce in 0s
35.0.PRE: Performing Proof Simplification...
35.0.N: clocks: 2, declared: 1, disabling: 0, posedge: 2, negedge: 0, noedge: 0, bothedge: 0
35.0.N: Proof Simplification Iteration 1	[0.00 s]
35.0.N: Proof Simplification Iteration 2	[0.00 s]
35.0.N: Proof Simplification Iteration 3	[0.00 s]
35.0.PRE: A proof was found: No trace exists. [0.00 s]
INFO (IPF057): 35.0.PRE: The property ":noDeadEnd" was proven in 0.00 s.
    Use check_assumptions -show -dead_end to show this property in the property table.
35.0.PRE: Proof Simplification completed in 0.00 s
35: About to start ProofGrid in its own thread with a limit of 10000 pending notifications and a limit of 10 traces.
35: =============================== ProofGrid start ===============================
35: ProofGrid usable level: 1
35: ProofGrid is starting event handling
35.0.Hp: Proofgrid shell started at 1597371@della-h14n3(local) jg_1596521_della-h14n3_36
35.0.N: Proofgrid shell started at 1597370@della-h14n3(local) jg_1596521_della-h14n3_36
35.0.Hp: OS RSS memory limit : 68719476736 / 68719476736
35.0.Hp: clocks: 1, declared: 1, disabling: 0, posedge: 1, negedge: 0, noedge: 0, bothedge: 0
35.0.N: OS RSS memory limit : 68719476736 / 68719476736
35.0.N: clocks: 1, declared: 1, disabling: 0, posedge: 1, negedge: 0, noedge: 0, bothedge: 0
35.0.N: Last scan. Per property time limit: 0s
35.0.N: Starting proof for property "bram_controller.auto_sva_inst.check_addra_hold_in_leer"	[0.00 s].
35.0.N: Trace Attempt  1	[0.00 s]
35.0.Hp: Trace Attempt  1	[0.00 s]
35.0.N: A max_length bound was found. The shortest trace is no longer than 8192 cycles. [0.00 s]
INFO (IPF008): 35.0.N: A max_length bound of 8192 was found for the property "bram_controller.auto_sva_inst.check_addra_hold_in_leer" in 0.00 s.
35.0.Hp: Trace Attempt  2	[0.00 s]
35.0.N: Trace Attempt  2	[0.00 s]
35.0.N: Trace Attempt  2	[0.00 s]
35.0.Hp: Trace Attempt  3	[0.00 s]
35.0.Hp: Trace Attempt  4	[0.00 s]
35.0.N: Trace Attempt  3	[0.00 s]
35.0.N: Trace Attempt  3	[0.00 s]
35.0.N: Trace Attempt  4	[0.00 s]
35.0.N: Trace Attempt  5	[0.00 s]
35.0.Hp: Trace Attempt  5	[0.00 s]
35.0.N: Requesting engine job to stop
35.0.Hp: Requesting engine job to terminate
INFO (IPF144): 35: Initiating shutdown of proof [0.00 s]
35.0.N: Trace Attempt  7	[0.00 s]
35.0.N: A trace with 7 cycles was found. [0.00 s]
INFO (IPF055): 35.0.N: A counterexample (cex) with 7 cycles was found for the property "bram_controller.auto_sva_inst.check_addra_hold_in_leer" in 0.00 s.
35.0.Hp: Interrupted (multi)
35.0.Hp: All properties determined. [0.00 s]
35.0.N: Stopped processing property "bram_controller.auto_sva_inst.check_addra_hold_in_leer"	[0.00 s].
35.0.N: All properties determined. [0.00 s]
35.0.Ht: Proofgrid shell started at 1597384@della-h14n3(local) jg_1596521_della-h14n3_36
35.0.Ht: Requesting engine job to terminate
35.0.N: Exited with Success (@ 0.07 s)
35: ProofGrid usable level: 0
35.0.Hp: Exited with Success (@ 0.07 s)
35.0.Ht: Interrupted. [0.01 s]
35.0.B: Proofgrid shell started at 1597385@della-h14n3(local) jg_1596521_della-h14n3_36
35.0.B: Requesting engine job to terminate
35.0.Ht: Exited with Success (@ 0.07 s)
35.0.B: Interrupted. [0.01 s]
35.0.B: Exited with Success (@ 0.07 s)
35: --------------------------------------------------------------
ProofGrid Summary (utilization 2.58 %)
--------------------------------------------------------------
     engines started                               :     4
     engine jobs started                           :     4

    Average time in state (seconds)
    ------------------------------------------------------
    Engine  Pending     Running        Dead    Utilization
    ------------------------------------------------------
      N        0.07        0.00        0.00        4.70 %
     Hp        0.06        0.00        0.00        5.44 %
     Ht        0.07        0.00        0.00        0.00 %
      B        0.07        0.00        0.00        0.00 %
    all        0.07        0.00        0.00        2.58 %

    Total time in state (seconds)
    -----------------------------------------
            Pending     Running        Dead  
    -----------------------------------------
               0.26        0.01        0.00

    Data read    : 2.71 kiB
    Data written : 1.43 kiB

35: All pending notifications were processed.
INFO (IPF059): Completed proof on task: "<embedded>" for proof thread 35
INFO (IVS015): Setting Visualize task to "<embedded>".
INFO (IVS008): Expanding analysis region to enable visualization of "<embedded>::bram_controller.auto_sva_inst.check_addra_hold_in_leer".
INFO (IPF031): Settings used for proof thread 36:
    orchestration                 = off (auto)
    time_limit                    = 3600s
    per_property_time_limit       = 1s * 10 ^ scan
    engine_mode                   = Ht Hp B N 
    proofgrid_per_engine_max_jobs = 1
    max engine jobs               = Ht Hp B N, total 2
    proofgrid_mode                = local
    proofgrid_restarts            = 10
ERROR (EVS053): No trace satisfying these configurations exists for any max_length.
WARNING (WVS028): Saved trace only contains values for the target's COI.
    Use "set_trace_optimization standard" before running Visualize to save values for the full design.
DEBUG: Approach 3 (auto engine) failed: ERROR (EVS125): No Visualize trace is available for "visualize -save -vcd".

WARN: Could not dump VCD for <embedded>::bram_controller.auto_sva_inst.check_addra_hold_in_leer (all approaches failed)
INFO (IPF036): Starting proof on task: "<embedded>", 1 properties to prove with 0 already proven/unreachable
INFO (IPF031): Settings used for proof thread 37:
    orchestration                 = on (auto)
    time_limit                    = 3600s
    per_property_time_limit       = 1s * 10 ^ scan
    engine_mode                   = auto
    proofgrid_per_engine_max_jobs = 1
    max engine jobs               = auto
    proofgrid_mode                = local
    proofgrid_restarts            = 10
37: Using multistage preprocessing
37: Starting reduce
37: Finished reduce in 0s
37.0.PRE: Performing Proof Simplification...
37.0.N: clocks: 2, declared: 1, disabling: 0, posedge: 2, negedge: 0, noedge: 0, bothedge: 0
37.0.N: Proof Simplification Iteration 1	[0.00 s]
37.0.N: Proof Simplification Iteration 2	[0.00 s]
37.0.PRE: A proof was found: No trace exists. [0.00 s]
INFO (IPF057): 37.0.PRE: The property ":noDeadEnd" was proven in 0.00 s.
    Use check_assumptions -show -dead_end to show this property in the property table.
37.0.PRE: Proof Simplification completed in 0.00 s
37: About to start ProofGrid in its own thread with a limit of 10000 pending notifications and a limit of 10 traces.
37: =============================== ProofGrid start ===============================
37: ProofGrid usable level: 1
37: ProofGrid is starting event handling
37.0.Hp: Proofgrid shell started at 1597409@della-h14n3(local) jg_1596521_della-h14n3_38
37.0.N: Proofgrid shell started at 1597408@della-h14n3(local) jg_1596521_della-h14n3_38
37.0.Hp: OS RSS memory limit : 68719476736 / 68719476736
37.0.N: OS RSS memory limit : 68719476736 / 68719476736
37.0.Hp: clocks: 1, declared: 1, disabling: 0, posedge: 1, negedge: 0, noedge: 0, bothedge: 0
37.0.Hp: Trace Attempt  1	[0.00 s]
37.0.Hp: Trace Attempt  2	[0.00 s]
37.0.Hp: Trace Attempt  3	[0.00 s]
37.0.N: Requesting engine job to stop
37.0.Hp: Requesting engine job to terminate
INFO (IPF144): 37: Initiating shutdown of proof [0.00 s]
37.0.Hp: A trace with 3 cycles was found. [0.00 s]
INFO (IPF055): 37.0.Hp: A counterexample (cex) with 3 cycles was found for the property "bram_controller.auto_sva_inst.check_counter_inc_in_leer" in 0.00 s.
37.0.Hp: All properties determined. [0.00 s]
37.0.N: Interrupted. [0.00 s]
37.0.Hp: Exited with Success (@ 0.00 s)
37: ProofGrid usable level: 0
37.0.Ht: Proofgrid shell started at 1597422@della-h14n3(local) jg_1596521_della-h14n3_38
37.0.Ht: Requesting engine job to terminate
37.0.N: Exited with Success (@ 0.06 s)
37.0.Ht: Interrupted. [0.01 s]
37.0.B: Proofgrid shell started at 1597423@della-h14n3(local) jg_1596521_della-h14n3_38
37.0.B: Requesting engine job to terminate
37.0.Ht: Exited with Success (@ 0.07 s)
37.0.B: Interrupted. [0.01 s]
37.0.B: Exited with Success (@ 0.07 s)
37: --------------------------------------------------------------
ProofGrid Summary (utilization 0.67 %)
--------------------------------------------------------------
     engines started                               :     4
     engine jobs started                           :     4

    Average time in state (seconds)
    ------------------------------------------------------
    Engine  Pending     Running        Dead    Utilization
    ------------------------------------------------------
      N        0.07        0.00        0.00        0.10 %
     Hp        0.06        0.00        0.00        2.56 %
     Ht        0.06        0.00        0.00        0.00 %
      B        0.07        0.00        0.00        0.00 %
    all        0.07        0.00        0.00        0.67 %

    Total time in state (seconds)
    -----------------------------------------
            Pending     Running        Dead  
    -----------------------------------------
               0.26        0.00        0.00

    Data read    : 1.55 kiB
    Data written : 1.30 kiB

37: All pending notifications were processed.
INFO (IPF059): Completed proof on task: "<embedded>" for proof thread 37
INFO (IVS015): Setting Visualize task to "<embedded>".
INFO (IVS008): Expanding analysis region to enable visualization of "<embedded>::bram_controller.auto_sva_inst.check_counter_inc_in_leer".
INFO (IPF031): Settings used for proof thread 38:
    orchestration                 = off (auto)
    time_limit                    = 3600s
    per_property_time_limit       = 1s * 10 ^ scan
    engine_mode                   = Ht Hp B N 
    proofgrid_per_engine_max_jobs = 1
    max engine jobs               = Ht Hp B N, total 2
    proofgrid_mode                = local
    proofgrid_restarts            = 10
ERROR (EVS053): No trace satisfying these configurations exists for any max_length.
WARNING (WVS028): Saved trace only contains values for the target's COI.
    Use "set_trace_optimization standard" before running Visualize to save values for the full design.
DEBUG: Approach 1 (force re-prove) failed: ERROR (EVS125): No Visualize trace is available for "visualize -save -vcd".

DEBUG: Approach 2 (-new_trace) failed: ERROR (ESW104): Invalid command formation.
    Problem occurs with "-violation -new_trace".

INFO (IPF036): Starting proof on task: "<embedded>", 1 properties to prove with 0 already proven/unreachable
INFO (IPF031): Settings used for proof thread 39:
    orchestration                 = on (auto)
    time_limit                    = 3600s
    per_property_time_limit       = 1s * 10 ^ scan
    engine_mode                   = auto
    proofgrid_per_engine_max_jobs = 1
    max engine jobs               = auto
    proofgrid_mode                = local
    proofgrid_restarts            = 10
39: Using multistage preprocessing
39: Starting reduce
39: Finished reduce in 0s
39.0.PRE: Performing Proof Simplification...
39.0.N: clocks: 2, declared: 1, disabling: 0, posedge: 2, negedge: 0, noedge: 0, bothedge: 0
39.0.N: Proof Simplification Iteration 1	[0.00 s]
39.0.N: Proof Simplification Iteration 2	[0.00 s]
39.0.PRE: A proof was found: No trace exists. [0.00 s]
INFO (IPF057): 39.0.PRE: The property ":noDeadEnd" was proven in 0.00 s.
    Use check_assumptions -show -dead_end to show this property in the property table.
39.0.PRE: Proof Simplification completed in 0.00 s
39: About to start ProofGrid in its own thread with a limit of 10000 pending notifications and a limit of 10 traces.
39: =============================== ProofGrid start ===============================
39: ProofGrid usable level: 1
39: ProofGrid is starting event handling
39.0.Hp: Proofgrid shell started at 1597447@della-h14n3(local) jg_1596521_della-h14n3_40
39.0.N: Proofgrid shell started at 1597446@della-h14n3(local) jg_1596521_della-h14n3_40
39.0.Hp: OS RSS memory limit : 68719476736 / 68719476736
39.0.N: OS RSS memory limit : 68719476736 / 68719476736
39.0.Hp: clocks: 1, declared: 1, disabling: 0, posedge: 1, negedge: 0, noedge: 0, bothedge: 0
39.0.N: clocks: 1, declared: 1, disabling: 0, posedge: 1, negedge: 0, noedge: 0, bothedge: 0
39.0.N: Last scan. Per property time limit: 0s
39.0.N: Starting proof for property "bram_controller.auto_sva_inst.check_counter_inc_in_leer"	[0.00 s].
39.0.N: Trace Attempt  1	[0.00 s]
39.0.N: A max_length bound was found. The shortest trace is no longer than 128 cycles. [0.00 s]
INFO (IPF008): 39.0.N: A max_length bound of 128 was found for the property "bram_controller.auto_sva_inst.check_counter_inc_in_leer" in 0.00 s.
39.0.N: Trace Attempt  2	[0.00 s]
39.0.N: Trace Attempt  2	[0.00 s]
39.0.N: Trace Attempt  3	[0.00 s]
39.0.N: Trace Attempt  3	[0.00 s]
39.0.N: Requesting engine job to stop
39.0.Hp: Requesting engine job to terminate
INFO (IPF144): 39: Initiating shutdown of proof [0.00 s]
39.0.N: A trace with 3 cycles was found. [0.00 s]
INFO (IPF055): 39.0.N: A counterexample (cex) with 3 cycles was found for the property "bram_controller.auto_sva_inst.check_counter_inc_in_leer" in 0.00 s.
39.0.N: Stopped processing property "bram_controller.auto_sva_inst.check_counter_inc_in_leer"	[0.00 s].
39.0.N: All properties determined. [0.00 s]
39.0.Hp: Interrupted (multi)
39.0.Hp: All properties determined. [0.00 s]
39.0.N: Exited with Success (@ 0.00 s)
39: ProofGrid usable level: 0
39.0.Ht: Proofgrid shell started at 1597460@della-h14n3(local) jg_1596521_della-h14n3_40
39.0.Ht: Requesting engine job to terminate
39.0.Hp: Exited with Success (@ 0.06 s)
39.0.Ht: Interrupted. [0.01 s]
39.0.B: Proofgrid shell started at 1597461@della-h14n3(local) jg_1596521_della-h14n3_40
39.0.B: Requesting engine job to terminate
39.0.Ht: Exited with Success (@ 0.07 s)
39.0.B: Interrupted. [0.01 s]
39.0.B: Exited with Success (@ 0.07 s)
39: --------------------------------------------------------------
ProofGrid Summary (utilization 0.76 %)
--------------------------------------------------------------
     engines started                               :     4
     engine jobs started                           :     4

    Average time in state (seconds)
    ------------------------------------------------------
    Engine  Pending     Running        Dead    Utilization
    ------------------------------------------------------
      N        0.07        0.00        0.00        1.49 %
     Hp        0.06        0.00        0.00        1.55 %
     Ht        0.06        0.00        0.00        0.00 %
      B        0.07        0.00        0.00        0.00 %
    all        0.06        0.00        0.00        0.76 %

    Total time in state (seconds)
    -----------------------------------------
            Pending     Running        Dead  
    -----------------------------------------
               0.26        0.00        0.00

    Data read    : 2.01 kiB
    Data written : 1.35 kiB

39: All pending notifications were processed.
INFO (IPF059): Completed proof on task: "<embedded>" for proof thread 39
INFO (IVS015): Setting Visualize task to "<embedded>".
INFO (IVS008): Expanding analysis region to enable visualization of "<embedded>::bram_controller.auto_sva_inst.check_counter_inc_in_leer".
INFO (IPF031): Settings used for proof thread 40:
    orchestration                 = off (auto)
    time_limit                    = 3600s
    per_property_time_limit       = 1s * 10 ^ scan
    engine_mode                   = Ht Hp B N 
    proofgrid_per_engine_max_jobs = 1
    max engine jobs               = Ht Hp B N, total 2
    proofgrid_mode                = local
    proofgrid_restarts            = 10
ERROR (EVS053): No trace satisfying these configurations exists for any max_length.
WARNING (WVS028): Saved trace only contains values for the target's COI.
    Use "set_trace_optimization standard" before running Visualize to save values for the full design.
DEBUG: Approach 3 (auto engine) failed: ERROR (EVS125): No Visualize trace is available for "visualize -save -vcd".

WARN: Could not dump VCD for <embedded>::bram_controller.auto_sva_inst.check_counter_inc_in_leer (all approaches failed)
INFO (IPF036): Starting proof on task: "<embedded>", 1 properties to prove with 0 already proven/unreachable
INFO (IPF031): Settings used for proof thread 41:
    orchestration                 = on (auto)
    time_limit                    = 3600s
    per_property_time_limit       = 1s * 10 ^ scan
    engine_mode                   = auto
    proofgrid_per_engine_max_jobs = 1
    max engine jobs               = auto
    proofgrid_mode                = local
    proofgrid_restarts            = 10
41: Using multistage preprocessing
41: Starting reduce
41: Finished reduce in 0s
41.0.PRE: Performing Proof Simplification...
41.0.N: clocks: 2, declared: 1, disabling: 0, posedge: 2, negedge: 0, noedge: 0, bothedge: 0
41.0.N: Proof Simplification Iteration 1	[0.00 s]
41.0.N: Proof Simplification Iteration 2	[0.00 s]
41.0.PRE: A proof was found: No trace exists. [0.00 s]
INFO (IPF057): 41.0.PRE: The property ":noDeadEnd" was proven in 0.00 s.
    Use check_assumptions -show -dead_end to show this property in the property table.
41.0.PRE: Proof Simplification completed in 0.00 s
41: About to start ProofGrid in its own thread with a limit of 10000 pending notifications and a limit of 10 traces.
41: =============================== ProofGrid start ===============================
41: ProofGrid usable level: 1
41: ProofGrid is starting event handling
41.0.N: Proofgrid shell started at 1597484@della-h14n3(local) jg_1596521_della-h14n3_42
41.0.Hp: Proofgrid shell started at 1597485@della-h14n3(local) jg_1596521_della-h14n3_42
41.0.N: OS RSS memory limit : 68719476736 / 68719476736
41.0.Hp: OS RSS memory limit : 68719476736 / 68719476736
41.0.N: clocks: 1, declared: 1, disabling: 0, posedge: 1, negedge: 0, noedge: 0, bothedge: 0
41.0.Hp: clocks: 1, declared: 1, disabling: 0, posedge: 1, negedge: 0, noedge: 0, bothedge: 0
41.0.N: Last scan. Per property time limit: 0s
41.0.N: Starting proof for property "bram_controller.auto_sva_inst.check_counter_hold_in_idle"	[0.00 s].
41.0.N: Trace Attempt  1	[0.00 s]
41.0.N: A max_length bound was found. The shortest trace is no longer than 128 cycles. [0.00 s]
INFO (IPF008): 41.0.N: A max_length bound of 128 was found for the property "bram_controller.auto_sva_inst.check_counter_hold_in_idle" in 0.00 s.
41.0.N: Trace Attempt  2	[0.00 s]
41.0.N: Trace Attempt  2	[0.00 s]
41.0.Hp: Trace Attempt  1	[0.00 s]
41.0.Hp: Trace Attempt  2	[0.00 s]
41.0.Hp: Trace Attempt  3	[0.00 s]
41.0.N: Requesting engine job to stop
41.0.Hp: Requesting engine job to terminate
INFO (IPF144): 41: Initiating shutdown of proof [0.00 s]
41.0.Hp: A trace with 3 cycles was found. [0.00 s]
INFO (IPF055): 41.0.Hp: A counterexample (cex) with 3 cycles was found for the property "bram_controller.auto_sva_inst.check_counter_hold_in_idle" in 0.00 s.
41.0.Hp: All properties determined. [0.00 s]
41.0.N: Trace Attempt  3	[0.00 s]
41.0.N: Stopped processing property "bram_controller.auto_sva_inst.check_counter_hold_in_idle"	[0.00 s].
41.0.Hp: Exited with Success (@ 0.00 s)
41: ProofGrid usable level: 0
41.0.N: All properties determined. [0.00 s]
41.0.Ht: Proofgrid shell started at 1597498@della-h14n3(local) jg_1596521_della-h14n3_42
41.0.Ht: Requesting engine job to terminate
41.0.N: Exited with Success (@ 0.06 s)
41.0.Ht: Interrupted. [0.01 s]
41.0.B: Proofgrid shell started at 1597499@della-h14n3(local) jg_1596521_della-h14n3_42
41.0.B: Requesting engine job to terminate
41.0.Ht: Exited with Success (@ 0.06 s)
41.0.B: Interrupted. [0.01 s]
41.0.B: Exited with Success (@ 0.07 s)
41: --------------------------------------------------------------
ProofGrid Summary (utilization 0.94 %)
--------------------------------------------------------------
     engines started                               :     4
     engine jobs started                           :     4

    Average time in state (seconds)
    ------------------------------------------------------
    Engine  Pending     Running        Dead    Utilization
    ------------------------------------------------------
      N        0.06        0.00        0.00        1.86 %
     Hp        0.06        0.00        0.00        1.84 %
     Ht        0.06        0.00        0.00        0.00 %
      B        0.06        0.00        0.00        0.00 %
    all        0.06        0.00        0.00        0.94 %

    Total time in state (seconds)
    -----------------------------------------
            Pending     Running        Dead  
    -----------------------------------------
               0.26        0.00        0.00

    Data read    : 1.97 kiB
    Data written : 1.35 kiB

41: All pending notifications were processed.
INFO (IPF059): Completed proof on task: "<embedded>" for proof thread 41
INFO (IVS015): Setting Visualize task to "<embedded>".
INFO (IVS008): Expanding analysis region to enable visualization of "<embedded>::bram_controller.auto_sva_inst.check_counter_hold_in_idle".
INFO (IPF031): Settings used for proof thread 42:
    orchestration                 = off (auto)
    time_limit                    = 3600s
    per_property_time_limit       = 1s * 10 ^ scan
    engine_mode                   = Ht Hp B N 
    proofgrid_per_engine_max_jobs = 1
    max engine jobs               = Ht Hp B N, total 2
    proofgrid_mode                = local
    proofgrid_restarts            = 10
ERROR (EVS053): No trace satisfying these configurations exists for any max_length.
WARNING (WVS028): Saved trace only contains values for the target's COI.
    Use "set_trace_optimization standard" before running Visualize to save values for the full design.
DEBUG: Approach 1 (force re-prove) failed: ERROR (EVS125): No Visualize trace is available for "visualize -save -vcd".

DEBUG: Approach 2 (-new_trace) failed: ERROR (ESW104): Invalid command formation.
    Problem occurs with "-violation -new_trace".

INFO (IPF036): Starting proof on task: "<embedded>", 1 properties to prove with 0 already proven/unreachable
INFO (IPF031): Settings used for proof thread 43:
    orchestration                 = on (auto)
    time_limit                    = 3600s
    per_property_time_limit       = 1s * 10 ^ scan
    engine_mode                   = auto
    proofgrid_per_engine_max_jobs = 1
    max engine jobs               = auto
    proofgrid_mode                = local
    proofgrid_restarts            = 10
43: Using multistage preprocessing
43: Starting reduce
43: Finished reduce in 0s
43.0.PRE: Performing Proof Simplification...
43.0.N: clocks: 2, declared: 1, disabling: 0, posedge: 2, negedge: 0, noedge: 0, bothedge: 0
43.0.N: Proof Simplification Iteration 1	[0.00 s]
43.0.N: Proof Simplification Iteration 2	[0.00 s]
43.0.PRE: A proof was found: No trace exists. [0.00 s]
INFO (IPF057): 43.0.PRE: The property ":noDeadEnd" was proven in 0.00 s.
    Use check_assumptions -show -dead_end to show this property in the property table.
43.0.PRE: Proof Simplification completed in 0.00 s
43: About to start ProofGrid in its own thread with a limit of 10000 pending notifications and a limit of 10 traces.
43: =============================== ProofGrid start ===============================
43: ProofGrid usable level: 1
43: ProofGrid is starting event handling
43.0.N: Proofgrid shell started at 1597522@della-h14n3(local) jg_1596521_della-h14n3_44
43.0.Hp: Proofgrid shell started at 1597523@della-h14n3(local) jg_1596521_della-h14n3_44
43.0.N: OS RSS memory limit : 68719476736 / 68719476736
43.0.Hp: OS RSS memory limit : 68719476736 / 68719476736
43.0.N: clocks: 1, declared: 1, disabling: 0, posedge: 1, negedge: 0, noedge: 0, bothedge: 0
43.0.N: Last scan. Per property time limit: 0s
43.0.N: Starting proof for property "bram_controller.auto_sva_inst.check_counter_hold_in_idle"	[0.00 s].
43.0.N: Trace Attempt  1	[0.00 s]
43.0.N: A max_length bound was found. The shortest trace is no longer than 128 cycles. [0.00 s]
INFO (IPF008): 43.0.N: A max_length bound of 128 was found for the property "bram_controller.auto_sva_inst.check_counter_hold_in_idle" in 0.00 s.
43.0.N: Trace Attempt  2	[0.00 s]
43.0.N: Trace Attempt  2	[0.00 s]
43.0.N: Trace Attempt  3	[0.00 s]
43.0.N: Trace Attempt  3	[0.00 s]
43.0.N: Requesting engine job to stop
43.0.Hp: Requesting engine job to terminate
INFO (IPF144): 43: Initiating shutdown of proof [0.02 s]
43.0.N: A trace with 3 cycles was found. [0.00 s]
INFO (IPF055): 43.0.N: A counterexample (cex) with 3 cycles was found for the property "bram_controller.auto_sva_inst.check_counter_hold_in_idle" in 0.00 s.
43.0.N: Stopped processing property "bram_controller.auto_sva_inst.check_counter_hold_in_idle"	[0.00 s].
43.0.N: All properties determined. [0.01 s]
43.0.Hp: Interrupted. [0.01 s]
43.0.Ht: Proofgrid shell started at 1597536@della-h14n3(local) jg_1596521_della-h14n3_44
43.0.Ht: Requesting engine job to terminate
43.0.N: Exited with Success (@ 0.07 s)
43: ProofGrid usable level: 0
43.0.Hp: Exited with Success (@ 0.07 s)
43.0.Ht: Interrupted. [0.01 s]
43.0.B: Proofgrid shell started at 1597537@della-h14n3(local) jg_1596521_della-h14n3_44
43.0.B: Requesting engine job to terminate
43.0.Ht: Exited with Success (@ 0.08 s)
43.0.B: Interrupted. [0.01 s]
43.0.B: Exited with Success (@ 0.08 s)
43: --------------------------------------------------------------
ProofGrid Summary (utilization 5.44 %)
--------------------------------------------------------------
     engines started                               :     4
     engine jobs started                           :     4

    Average time in state (seconds)
    ------------------------------------------------------
    Engine  Pending     Running        Dead    Utilization
    ------------------------------------------------------
      N        0.06        0.02        0.00       19.60 %
     Hp        0.06        0.00        0.00        0.17 %
     Ht        0.06        0.00        0.00        0.00 %
      B        0.08        0.00        0.00        0.00 %
    all        0.07        0.00        0.00        5.44 %

    Total time in state (seconds)
    -----------------------------------------
            Pending     Running        Dead  
    -----------------------------------------
               0.27        0.02        0.00

    Data read    : 1.74 kiB
    Data written : 1.35 kiB

43: All pending notifications were processed.
INFO (IPF059): Completed proof on task: "<embedded>" for proof thread 43
INFO (IVS015): Setting Visualize task to "<embedded>".
INFO (IVS008): Expanding analysis region to enable visualization of "<embedded>::bram_controller.auto_sva_inst.check_counter_hold_in_idle".
INFO (IPF031): Settings used for proof thread 44:
    orchestration                 = off (auto)
    time_limit                    = 3600s
    per_property_time_limit       = 1s * 10 ^ scan
    engine_mode                   = Ht Hp B N 
    proofgrid_per_engine_max_jobs = 1
    max engine jobs               = Ht Hp B N, total 2
    proofgrid_mode                = local
    proofgrid_restarts            = 10
ERROR (EVS053): No trace satisfying these configurations exists for any max_length.
WARNING (WVS028): Saved trace only contains values for the target's COI.
    Use "set_trace_optimization standard" before running Visualize to save values for the full design.
DEBUG: Approach 3 (auto engine) failed: ERROR (EVS125): No Visualize trace is available for "visualize -save -vcd".

WARN: Could not dump VCD for <embedded>::bram_controller.auto_sva_inst.check_counter_hold_in_idle (all approaches failed)
INFO (IPF036): Starting proof on task: "<embedded>", 1 properties to prove with 0 already proven/unreachable
INFO (IPF031): Settings used for proof thread 45:
    orchestration                 = on (auto)
    time_limit                    = 3600s
    per_property_time_limit       = 1s * 10 ^ scan
    engine_mode                   = auto
    proofgrid_per_engine_max_jobs = 1
    max engine jobs               = auto
    proofgrid_mode                = local
    proofgrid_restarts            = 10
45: Using multistage preprocessing
45: Starting reduce
45: Finished reduce in 0s
45.0.PRE: Performing Proof Simplification...
45.0.N: clocks: 2, declared: 1, disabling: 0, posedge: 2, negedge: 0, noedge: 0, bothedge: 0
45.0.N: Proof Simplification Iteration 1	[0.00 s]
45.0.N: Proof Simplification Iteration 2	[0.00 s]
45.0.PRE: A proof was found: No trace exists. [0.00 s]
INFO (IPF057): 45.0.PRE: The property ":noDeadEnd" was proven in 0.00 s.
    Use check_assumptions -show -dead_end to show this property in the property table.
45.0.PRE: Proof Simplification completed in 0.00 s
45: About to start ProofGrid in its own thread with a limit of 10000 pending notifications and a limit of 10 traces.
45: =============================== ProofGrid start ===============================
45: ProofGrid usable level: 1
45: ProofGrid is starting event handling
45.0.Hp: Proofgrid shell started at 1597561@della-h14n3(local) jg_1596521_della-h14n3_46
45.0.N: Proofgrid shell started at 1597560@della-h14n3(local) jg_1596521_della-h14n3_46
45.0.Hp: OS RSS memory limit : 68719476736 / 68719476736
45.0.N: OS RSS memory limit : 68719476736 / 68719476736
45.0.Hp: clocks: 1, declared: 1, disabling: 0, posedge: 1, negedge: 0, noedge: 0, bothedge: 0
45.0.N: clocks: 1, declared: 1, disabling: 0, posedge: 1, negedge: 0, noedge: 0, bothedge: 0
45.0.Hp: Trace Attempt  1	[0.00 s]
45.0.Hp: Trace Attempt  2	[0.00 s]
45.0.N: Last scan. Per property time limit: 0s
45.0.N: Starting proof for property "bram_controller.auto_sva_inst.check_counter_reset_in_fin_at_15"	[0.00 s].
45.0.Hp: Trace Attempt  3	[0.00 s]
45.0.N: Requesting engine job to stop
45.0.Hp: Requesting engine job to terminate
INFO (IPF144): 45: Initiating shutdown of proof [0.00 s]
45.0.Hp: A trace with 3 cycles was found. [0.00 s]
INFO (IPF055): 45.0.Hp: A counterexample (cex) with 3 cycles was found for the property "bram_controller.auto_sva_inst.check_counter_reset_in_fin_at_15" in 0.00 s.
45.0.N: Trace Attempt  1	[0.00 s]
45.0.Hp: All properties determined. [0.00 s]
45.0.N: Trace Attempt  2	[0.00 s]
45.0.N: Stopped processing property "bram_controller.auto_sva_inst.check_counter_reset_in_fin_at_15"	[0.00 s].
45.0.N: All properties determined. [0.00 s]
45.0.Hp: Exited with Success (@ 0.00 s)
45: ProofGrid usable level: 0
45.0.Ht: Proofgrid shell started at 1597574@della-h14n3(local) jg_1596521_della-h14n3_46
45.0.Ht: Requesting engine job to terminate
45.0.N: Exited with Success (@ 0.06 s)
45.0.Ht: Interrupted. [0.01 s]
45.0.B: Proofgrid shell started at 1597575@della-h14n3(local) jg_1596521_della-h14n3_46
45.0.B: Requesting engine job to terminate
45.0.B: Interrupted. [0.01 s]
45.0.B: Exited with Success (@ 0.07 s)
45.0.Ht: Exited with Success (@ 0.07 s)
45: --------------------------------------------------------------
ProofGrid Summary (utilization 0.57 %)
--------------------------------------------------------------
     engines started                               :     4
     engine jobs started                           :     4

    Average time in state (seconds)
    ------------------------------------------------------
    Engine  Pending     Running        Dead    Utilization
    ------------------------------------------------------
      N        0.07        0.00        0.00        0.72 %
     Hp        0.06        0.00        0.00        1.56 %
     Ht        0.06        0.00        0.00        0.00 %
      B        0.06        0.00        0.00        0.00 %
    all        0.06        0.00        0.00        0.57 %

    Total time in state (seconds)
    -----------------------------------------
            Pending     Running        Dead  
    -----------------------------------------
               0.26        0.00        0.00

    Data read    : 1.78 kiB
    Data written : 1.31 kiB

45: All pending notifications were processed.
INFO (IPF059): Completed proof on task: "<embedded>" for proof thread 45
INFO (IVS015): Setting Visualize task to "<embedded>".
INFO (IVS008): Expanding analysis region to enable visualization of "<embedded>::bram_controller.auto_sva_inst.check_counter_reset_in_fin_at_15".
INFO (IPF031): Settings used for proof thread 46:
    orchestration                 = off (auto)
    time_limit                    = 3600s
    per_property_time_limit       = 1s * 10 ^ scan
    engine_mode                   = Ht Hp B N 
    proofgrid_per_engine_max_jobs = 1
    max engine jobs               = Ht Hp B N, total 2
    proofgrid_mode                = local
    proofgrid_restarts            = 10
ERROR (EVS053): No trace satisfying these configurations exists for any max_length.
WARNING (WVS028): Saved trace only contains values for the target's COI.
    Use "set_trace_optimization standard" before running Visualize to save values for the full design.
DEBUG: Approach 1 (force re-prove) failed: ERROR (EVS125): No Visualize trace is available for "visualize -save -vcd".

DEBUG: Approach 2 (-new_trace) failed: ERROR (ESW104): Invalid command formation.
    Problem occurs with "-violation -new_trace".

INFO (IPF036): Starting proof on task: "<embedded>", 1 properties to prove with 0 already proven/unreachable
INFO (IPF031): Settings used for proof thread 47:
    orchestration                 = on (auto)
    time_limit                    = 3600s
    per_property_time_limit       = 1s * 10 ^ scan
    engine_mode                   = auto
    proofgrid_per_engine_max_jobs = 1
    max engine jobs               = auto
    proofgrid_mode                = local
    proofgrid_restarts            = 10
47: Using multistage preprocessing
47: Starting reduce
47: Finished reduce in 0s
47.0.PRE: Performing Proof Simplification...
47.0.N: clocks: 2, declared: 1, disabling: 0, posedge: 2, negedge: 0, noedge: 0, bothedge: 0
47.0.N: Proof Simplification Iteration 1	[0.00 s]
47.0.N: Proof Simplification Iteration 2	[0.00 s]
47.0.PRE: A proof was found: No trace exists. [0.00 s]
INFO (IPF057): 47.0.PRE: The property ":noDeadEnd" was proven in 0.00 s.
    Use check_assumptions -show -dead_end to show this property in the property table.
47.0.PRE: Proof Simplification completed in 0.00 s
47: About to start ProofGrid in its own thread with a limit of 10000 pending notifications and a limit of 10 traces.
47: =============================== ProofGrid start ===============================
47: ProofGrid usable level: 1
47: ProofGrid is starting event handling
47.0.N: Proofgrid shell started at 1597598@della-h14n3(local) jg_1596521_della-h14n3_48
47.0.Hp: Proofgrid shell started at 1597599@della-h14n3(local) jg_1596521_della-h14n3_48
47.0.N: OS RSS memory limit : 68719476736 / 68719476736
47.0.Hp: OS RSS memory limit : 68719476736 / 68719476736
47.0.Hp: clocks: 1, declared: 1, disabling: 0, posedge: 1, negedge: 0, noedge: 0, bothedge: 0
47.0.N: clocks: 1, declared: 1, disabling: 0, posedge: 1, negedge: 0, noedge: 0, bothedge: 0
47.0.N: Last scan. Per property time limit: 0s
47.0.N: Starting proof for property "bram_controller.auto_sva_inst.check_counter_reset_in_fin_at_15"	[0.00 s].
47.0.N: Trace Attempt  1	[0.00 s]
47.0.N: A max_length bound was found. The shortest trace is no longer than 8 cycles. [0.00 s]
INFO (IPF008): 47.0.N: A max_length bound of 8 was found for the property "bram_controller.auto_sva_inst.check_counter_reset_in_fin_at_15" in 0.00 s.
47.0.N: Trace Attempt  2	[0.00 s]
47.0.Hp: Trace Attempt  1	[0.00 s]
47.0.N: Trace Attempt  2	[0.00 s]
47.0.N: Trace Attempt  3	[0.00 s]
47.0.Hp: Trace Attempt  2	[0.00 s]
47.0.Hp: Trace Attempt  3	[0.00 s]
47.0.N: Trace Attempt  3	[0.00 s]
47.0.N: Requesting engine job to stop
47.0.Hp: Requesting engine job to terminate
INFO (IPF144): 47: Initiating shutdown of proof [0.00 s]
47.0.Hp: A trace with 3 cycles was found. [0.00 s]
INFO (IPF055): 47.0.Hp: A counterexample (cex) with 3 cycles was found for the property "bram_controller.auto_sva_inst.check_counter_reset_in_fin_at_15" in 0.00 s.
47.0.N: Stopped processing property "bram_controller.auto_sva_inst.check_counter_reset_in_fin_at_15"	[0.00 s].
47.0.N: All properties determined. [0.00 s]
47.0.Hp: All properties determined. [0.00 s]
47.0.Ht: Proofgrid shell started at 1597612@della-h14n3(local) jg_1596521_della-h14n3_48
47.0.Ht: Requesting engine job to terminate
47.0.N: Exited with Success (@ 0.06 s)
47: ProofGrid usable level: 0
47.0.Hp: Exited with Success (@ 0.06 s)
47.0.Ht: Interrupted. [0.01 s]
47.0.B: Proofgrid shell started at 1597613@della-h14n3(local) jg_1596521_della-h14n3_48
47.0.B: Requesting engine job to terminate
47.0.B: Interrupted. [0.01 s]
47.0.Ht: Exited with Success (@ 0.07 s)
47.0.B: Exited with Success (@ 0.07 s)
47: --------------------------------------------------------------
ProofGrid Summary (utilization 0.81 %)
--------------------------------------------------------------
     engines started                               :     4
     engine jobs started                           :     4

    Average time in state (seconds)
    ------------------------------------------------------
    Engine  Pending     Running        Dead    Utilization
    ------------------------------------------------------
      N        0.07        0.00        0.00        1.62 %
     Hp        0.06        0.00        0.00        1.60 %
     Ht        0.06        0.00        0.00        0.00 %
      B        0.07        0.00        0.00        0.00 %
    all        0.06        0.00        0.00        0.81 %

    Total time in state (seconds)
    -----------------------------------------
            Pending     Running        Dead  
    -----------------------------------------
               0.26        0.00        0.00

    Data read    : 2.15 kiB
    Data written : 1.35 kiB

47: All pending notifications were processed.
INFO (IPF059): Completed proof on task: "<embedded>" for proof thread 47
INFO (IVS015): Setting Visualize task to "<embedded>".
INFO (IVS008): Expanding analysis region to enable visualization of "<embedded>::bram_controller.auto_sva_inst.check_counter_reset_in_fin_at_15".
INFO (IPF031): Settings used for proof thread 48:
    orchestration                 = off (auto)
    time_limit                    = 3600s
    per_property_time_limit       = 1s * 10 ^ scan
    engine_mode                   = Ht Hp B N 
    proofgrid_per_engine_max_jobs = 1
    max engine jobs               = Ht Hp B N, total 2
    proofgrid_mode                = local
    proofgrid_restarts            = 10
ERROR (EVS053): No trace satisfying these configurations exists for any max_length.
WARNING (WVS028): Saved trace only contains values for the target's COI.
    Use "set_trace_optimization standard" before running Visualize to save values for the full design.
DEBUG: Approach 3 (auto engine) failed: ERROR (EVS125): No Visualize trace is available for "visualize -save -vcd".

WARN: Could not dump VCD for <embedded>::bram_controller.auto_sva_inst.check_counter_reset_in_fin_at_15 (all approaches failed)
INFO (IPF036): Starting proof on task: "<embedded>", 1 properties to prove with 0 already proven/unreachable
INFO (IPF031): Settings used for proof thread 49:
    orchestration                 = on (auto)
    time_limit                    = 3600s
    per_property_time_limit       = 1s * 10 ^ scan
    engine_mode                   = auto
    proofgrid_per_engine_max_jobs = 1
    max engine jobs               = auto
    proofgrid_mode                = local
    proofgrid_restarts            = 10
49: Using multistage preprocessing
49: Starting reduce
49: Finished reduce in 0s
49.0.PRE: Performing Proof Simplification...
49.0.N: clocks: 2, declared: 1, disabling: 0, posedge: 2, negedge: 0, noedge: 0, bothedge: 0
49.0.N: Proof Simplification Iteration 1	[0.00 s]
49.0.N: Proof Simplification Iteration 2	[0.00 s]
49.0.PRE: A proof was found: No trace exists. [0.00 s]
INFO (IPF057): 49.0.PRE: The property ":noDeadEnd" was proven in 0.00 s.
    Use check_assumptions -show -dead_end to show this property in the property table.
49.0.PRE: Proof Simplification completed in 0.00 s
49: About to start ProofGrid in its own thread with a limit of 10000 pending notifications and a limit of 10 traces.
49: =============================== ProofGrid start ===============================
49: ProofGrid usable level: 1
49: ProofGrid is starting event handling
49.0.N: Proofgrid shell started at 1597636@della-h14n3(local) jg_1596521_della-h14n3_50
49.0.Hp: Proofgrid shell started at 1597637@della-h14n3(local) jg_1596521_della-h14n3_50
49.0.N: OS RSS memory limit : 68719476736 / 68719476736
49.0.Hp: OS RSS memory limit : 68719476736 / 68719476736
49.0.N: clocks: 1, declared: 1, disabling: 0, posedge: 1, negedge: 0, noedge: 0, bothedge: 0
49.0.Hp: clocks: 1, declared: 1, disabling: 0, posedge: 1, negedge: 0, noedge: 0, bothedge: 0
49.0.N: Last scan. Per property time limit: 0s
49.0.N: Starting proof for property "bram_controller.auto_sva_inst.check_counter_hold_in_fin_not_15"	[0.00 s].
49.0.N: Trace Attempt  1	[0.00 s]
49.0.N: A max_length bound was found. The shortest trace is no longer than 128 cycles. [0.00 s]
INFO (IPF008): 49.0.N: A max_length bound of 128 was found for the property "bram_controller.auto_sva_inst.check_counter_hold_in_fin_not_15" in 0.00 s.
49.0.N: Trace Attempt  2	[0.00 s]
49.0.N: Trace Attempt  2	[0.00 s]
49.0.N: Trace Attempt  3	[0.00 s]
49.0.N: Trace Attempt  3	[0.00 s]
49.0.N: Requesting engine job to stop
49.0.Hp: Requesting engine job to terminate
INFO (IPF144): 49: Initiating shutdown of proof [0.00 s]
49.0.N: A trace with 3 cycles was found. [0.00 s]
INFO (IPF055): 49.0.N: A counterexample (cex) with 3 cycles was found for the property "bram_controller.auto_sva_inst.check_counter_hold_in_fin_not_15" in 0.00 s.
49.0.N: Stopped processing property "bram_controller.auto_sva_inst.check_counter_hold_in_fin_not_15"	[0.00 s].
49.0.N: All properties determined. [0.00 s]
49.0.N: Exited with Success (@ 0.00 s)
49: ProofGrid usable level: 0
49.0.Hp: Interrupted (multi)
49.0.Hp: All properties determined. [0.00 s]
49.0.Ht: Proofgrid shell started at 1597650@della-h14n3(local) jg_1596521_della-h14n3_50
49.0.Ht: Requesting engine job to terminate
49.0.Hp: Exited with Success (@ 0.06 s)
49.0.Ht: Interrupted. [0.01 s]
49.0.B: Proofgrid shell started at 1597651@della-h14n3(local) jg_1596521_della-h14n3_50
49.0.B: Requesting engine job to terminate
49.0.Ht: Exited with Success (@ 0.07 s)
49.0.B: Interrupted. [0.01 s]
49.0.B: Exited with Success (@ 0.07 s)
49: --------------------------------------------------------------
ProofGrid Summary (utilization 0.91 %)
--------------------------------------------------------------
     engines started                               :     4
     engine jobs started                           :     4

    Average time in state (seconds)
    ------------------------------------------------------
    Engine  Pending     Running        Dead    Utilization
    ------------------------------------------------------
      N        0.07        0.00        0.00        1.82 %
     Hp        0.07        0.00        0.00        1.78 %
     Ht        0.06        0.00        0.00        0.00 %
      B        0.07        0.00        0.00        0.00 %
    all        0.07        0.00        0.00        0.91 %

    Total time in state (seconds)
    -----------------------------------------
            Pending     Running        Dead  
    -----------------------------------------
               0.26        0.00        0.00

    Data read    : 1.91 kiB
    Data written : 1.36 kiB

49: All pending notifications were processed.
INFO (IPF059): Completed proof on task: "<embedded>" for proof thread 49
INFO (IVS015): Setting Visualize task to "<embedded>".
INFO (IVS008): Expanding analysis region to enable visualization of "<embedded>::bram_controller.auto_sva_inst.check_counter_hold_in_fin_not_15".
INFO (IPF031): Settings used for proof thread 50:
    orchestration                 = off (auto)
    time_limit                    = 3600s
    per_property_time_limit       = 1s * 10 ^ scan
    engine_mode                   = Ht Hp B N 
    proofgrid_per_engine_max_jobs = 1
    max engine jobs               = Ht Hp B N, total 2
    proofgrid_mode                = local
    proofgrid_restarts            = 10
ERROR (EVS053): No trace satisfying these configurations exists for any max_length.
WARNING (WVS028): Saved trace only contains values for the target's COI.
    Use "set_trace_optimization standard" before running Visualize to save values for the full design.
DEBUG: Approach 1 (force re-prove) failed: ERROR (EVS125): No Visualize trace is available for "visualize -save -vcd".

DEBUG: Approach 2 (-new_trace) failed: ERROR (ESW104): Invalid command formation.
    Problem occurs with "-violation -new_trace".

INFO (IPF036): Starting proof on task: "<embedded>", 1 properties to prove with 0 already proven/unreachable
INFO (IPF031): Settings used for proof thread 51:
    orchestration                 = on (auto)
    time_limit                    = 3600s
    per_property_time_limit       = 1s * 10 ^ scan
    engine_mode                   = auto
    proofgrid_per_engine_max_jobs = 1
    max engine jobs               = auto
    proofgrid_mode                = local
    proofgrid_restarts            = 10
51: Using multistage preprocessing
51: Starting reduce
51: Finished reduce in 0s
51.0.PRE: Performing Proof Simplification...
51.0.N: clocks: 2, declared: 1, disabling: 0, posedge: 2, negedge: 0, noedge: 0, bothedge: 0
51.0.N: Proof Simplification Iteration 1	[0.00 s]
51.0.N: Proof Simplification Iteration 2	[0.00 s]
51.0.PRE: A proof was found: No trace exists. [0.00 s]
INFO (IPF057): 51.0.PRE: The property ":noDeadEnd" was proven in 0.00 s.
    Use check_assumptions -show -dead_end to show this property in the property table.
51.0.PRE: Proof Simplification completed in 0.00 s
51: About to start ProofGrid in its own thread with a limit of 10000 pending notifications and a limit of 10 traces.
51: =============================== ProofGrid start ===============================
51: ProofGrid usable level: 1
51: ProofGrid is starting event handling
51.0.Hp: Proofgrid shell started at 1597675@della-h14n3(local) jg_1596521_della-h14n3_52
51.0.N: Proofgrid shell started at 1597674@della-h14n3(local) jg_1596521_della-h14n3_52
51.0.Hp: OS RSS memory limit : 68719476736 / 68719476736
51.0.Hp: clocks: 1, declared: 1, disabling: 0, posedge: 1, negedge: 0, noedge: 0, bothedge: 0
51.0.N: OS RSS memory limit : 68719476736 / 68719476736
51.0.N: clocks: 1, declared: 1, disabling: 0, posedge: 1, negedge: 0, noedge: 0, bothedge: 0
51.0.N: Last scan. Per property time limit: 0s
51.0.N: Starting proof for property "bram_controller.auto_sva_inst.check_counter_hold_in_fin_not_15"	[0.00 s].
51.0.N: Trace Attempt  1	[0.00 s]
51.0.N: A max_length bound was found. The shortest trace is no longer than 128 cycles. [0.00 s]
INFO (IPF008): 51.0.N: A max_length bound of 128 was found for the property "bram_controller.auto_sva_inst.check_counter_hold_in_fin_not_15" in 0.00 s.
51.0.N: Trace Attempt  2	[0.00 s]
51.0.N: Trace Attempt  2	[0.00 s]
51.0.N: Trace Attempt  3	[0.00 s]
51.0.N: Trace Attempt  3	[0.00 s]
51.0.N: Requesting engine job to stop
51.0.Hp: Requesting engine job to terminate
INFO (IPF144): 51: Initiating shutdown of proof [0.00 s]
51.0.N: A trace with 3 cycles was found. [0.00 s]
INFO (IPF055): 51.0.N: A counterexample (cex) with 3 cycles was found for the property "bram_controller.auto_sva_inst.check_counter_hold_in_fin_not_15" in 0.00 s.
51.0.Hp: Interrupted (multi)
51.0.Hp: All properties determined. [0.00 s]
51.0.N: Stopped processing property "bram_controller.auto_sva_inst.check_counter_hold_in_fin_not_15"	[0.00 s].
51.0.N: All properties determined. [0.00 s]
51.0.Ht: Proofgrid shell started at 1597688@della-h14n3(local) jg_1596521_della-h14n3_52
51.0.Ht: Requesting engine job to terminate
51.0.N: Exited with Success (@ 0.07 s)
51: ProofGrid usable level: 0
51.0.Hp: Exited with Success (@ 0.07 s)
51.0.Ht: Interrupted. [0.01 s]
51.0.B: Proofgrid shell started at 1597689@della-h14n3(local) jg_1596521_della-h14n3_52
51.0.B: Requesting engine job to terminate
51.0.B: Interrupted. [0.01 s]
51.0.B: Exited with Success (@ 0.07 s)
51.0.Ht: Exited with Success (@ 0.07 s)
51: --------------------------------------------------------------
ProofGrid Summary (utilization 1.14 %)
--------------------------------------------------------------
     engines started                               :     4
     engine jobs started                           :     4

    Average time in state (seconds)
    ------------------------------------------------------
    Engine  Pending     Running        Dead    Utilization
    ------------------------------------------------------
      N        0.07        0.00        0.00        1.85 %
     Hp        0.06        0.00        0.00        2.68 %
     Ht        0.07        0.00        0.00        0.00 %
      B        0.07        0.00        0.00        0.00 %
    all        0.07        0.00        0.00        1.14 %

    Total time in state (seconds)
    -----------------------------------------
            Pending     Running        Dead  
    -----------------------------------------
               0.26        0.00        0.00

    Data read    : 2.01 kiB
    Data written : 1.35 kiB

51: All pending notifications were processed.
INFO (IPF059): Completed proof on task: "<embedded>" for proof thread 51
INFO (IVS015): Setting Visualize task to "<embedded>".
INFO (IVS008): Expanding analysis region to enable visualization of "<embedded>::bram_controller.auto_sva_inst.check_counter_hold_in_fin_not_15".
INFO (IPF031): Settings used for proof thread 52:
    orchestration                 = off (auto)
    time_limit                    = 3600s
    per_property_time_limit       = 1s * 10 ^ scan
    engine_mode                   = Ht Hp B N 
    proofgrid_per_engine_max_jobs = 1
    max engine jobs               = Ht Hp B N, total 2
    proofgrid_mode                = local
    proofgrid_restarts            = 10
ERROR (EVS053): No trace satisfying these configurations exists for any max_length.
WARNING (WVS028): Saved trace only contains values for the target's COI.
    Use "set_trace_optimization standard" before running Visualize to save values for the full design.
DEBUG: Approach 3 (auto engine) failed: ERROR (EVS125): No Visualize trace is available for "visualize -save -vcd".

WARN: Could not dump VCD for <embedded>::bram_controller.auto_sva_inst.check_counter_hold_in_fin_not_15 (all approaches failed)
INFO: Dumped 0 VCD files to /home/ab2113/malik25_26/veri_thoughts/dataset/verification_results/version_2/ids/00835/cex_vcd
[<embedded>] % 
[<embedded>] % # ---- Write summary ----
[<embedded>] % set fp [open $SUMMARY_TXT "w"]
file15
[<embedded>] % puts $fp "DESIGN_ID=$DESIGN_ID"
[<embedded>] % puts $fp "TOP=$TOP"
[<embedded>] % puts $fp "AUTO_BIND=$AUTO_BIND"
[<embedded>] % puts $fp "ASSERT_COUNT=[llength $ASSERTS]"
[<embedded>] % puts $fp "COVER_COUNT=[llength $COVERS]"
[<embedded>] % puts $fp "CEX_COUNT=$n_cex"
[<embedded>] % puts $fp "AR_CEX_COUNT=$n_ar_cex"
[<embedded>] % puts $fp "PROP_LIST=$PROP_LIST_TXT"
[<embedded>] % puts $fp "CEX_DETAILS=$CEX_TXT"
[<embedded>] % close $fp
[<embedded>] % 
[<embedded>] % puts "\n✅ DONE: Proof run completed (check Jasper property table / log for PROVED/FAILED)"

✅ DONE: Proof run completed (check Jasper property table / log for PROVED/FAILED)
[<embedded>] % puts "INFO: Wrote $SUMMARY_TXT"
INFO: Wrote /home/ab2113/malik25_26/veri_thoughts/dataset/verification_results/version_2/ids/00835/summary.txt
[<embedded>] % puts "INFO: Wrote $PROP_LIST_TXT"
INFO: Wrote /home/ab2113/malik25_26/veri_thoughts/dataset/verification_results/version_2/ids/00835/property_list.txt
[<embedded>] % exit 0
[<embedded>] % INFO (IPL005): Received request to exit from the console.
INFO (IPL014): Waiting for the Tcl-thread to exit.
INFO: Waiting for proof threads to stop...
INFO: Proof threads stopped.
INFO (IPL018): The peak resident set memory use for this session was 0.544 GB.
INFO (IPL015): The Tcl-thread exited with status 0.
INFO (IPL016): Exiting the analysis session with status 0.
