# ----------------------------------------
# JasperGold Version Info
# tool      : JasperGold 2021.03
# platform  : Linux 5.14.0-570.84.1.el9_6.x86_64
# version   : 2021.03 FCS 64 bits
# build date: 2021.03.23 02:50:43 UTC
# ----------------------------------------
# started   : 2026-02-23 13:44:28 EST
# hostname  : della-i13n21.(none)
# pid       : 1351471
# arguments : '-label' 'session_0' '-console' '//127.0.0.1:33449' '-nowindow' '-style' 'windows' '-exitonerror' '-data' 'AAAA8HicTY5BD8FAEIW/jUhEHPwRlINeenWrSBxcNzSLVoNoObj4q/5Jvd3QmGTevpl582YNkLyapiFE5ykYkrJkzUK4YqO3DfP+ksQIusoBI3Zsqck4qu6rvnLjQqEqZcyEB06dnL0yC9pc8zNWXUfFnVK9SsqIGVPmxOIFh9bJaa+WX0/u/lIpHgXvQn6VdP6C/btkw3/83km63w4fpiklFA==' '-proj' '/home/ab2113/malik25_26/metrex/dataset/version_1/verification_results/02167/jgproject/sessionLogs/session_0' '-init' '-hidden' '/home/ab2113/malik25_26/metrex/dataset/version_1/verification_results/02167/jgproject/.tmp/.initCmds.tcl' './jasper_verif_check.tcl' '-hidden' '/home/ab2113/malik25_26/metrex/dataset/version_1/verification_results/02167/jgproject/.tmp/.postCmds.tcl'

Any disclosure about the Cadence Design Systems software or its use
model to any third party violates the written Non-Disclosure Agreement
between Cadence Design Systems, Inc. and the customer.

THIS SOFTWARE CONTAINS CONFIDENTIAL INFORMATION AND TRADE SECRETS OF
CADENCE DESIGN SYSTEMS, INC. USE, DISCLOSURE, OR REPRODUCTION IS
PROHIBITED WITHOUT THE PRIOR EXPRESS WRITTEN PERMISSION OF CADENCE
DESIGN SYSTEMS, INC.

Copyright (C) 2000-2021 Cadence Design Systems, Inc. All Rights
Reserved.  Unpublished -- rights reserved under the copyright laws of
the United States.

This product includes software developed by others and redistributed
according to license agreement. See doc/third_party_readme.txt for
further details.

RESTRICTED RIGHTS LEGEND

Use, duplication, or disclosure by the Government is subject to
restrictions as set forth in subparagraph (c) (1) (ii) of the Rights in
Technical Data and Computer Software clause at DFARS 252.227-7013 or
subparagraphs (c) (1) and (2) of Commercial Computer Software -- Restricted
Rights at 48 CFR 52.227-19, as applicable.


                          Cadence Design Systems, Inc. 
                          2655 Seely Avenue
                          San Jose, CA 95134
                          Phone: 408.943.1234

For technical assistance visit http://support.cadence.com.

JasperGold Apps Analysis Session - /home/ab2113/malik25_26/metrex/dataset/version_1/verification_results/02167/jgproject/sessionLogs/session_0

INFO: successfully checked out license "jasper_fao".
INFO: reading configuration file "/home/ab2113/.config/jasper/jaspergold.conf".
% # ============================================================
% # JasperGold Assertion Verification Runner (env-driven)
% # Output: verification_results/<DESIGN_ID>/
% #
% # Env:
% #   DESIGN_ID     : required (subfolder name)
% #   JG_DESIGN     : required, space/colon-separated RTL file paths OR a directory
% #   JG_SVA        : required, space/colon-separated SVA file paths OR a directory
% #
% # Optional:
% #   JG_TOP        : top module name. If missing, inferred from RTL (default: infer)
% #   JG_STD        : sv12 | sv11 | sv09 (default: sv12)
% #   JG_INCDIRS    : colon/space-separated include dirs (optional)
% #   JG_DEFINES    : space-separated defines NAME or NAME=VAL (optional)
% #   JG_NO_CLOCK   : 1 to force combinational clocking (default: 0)
% #   JG_RESET      : explicit reset signal name (optional)
% #   JG_RESET_EXPR : explicit reset expression (optional)
% # ============================================================
% 
% proc split_env_list {s} {
  if {$s eq ""} {return {}}
  set out {}
  foreach p [split $s " :"] { if {$p ne ""} {lappend out $p} }
  return $out
}
% 
% proc split_space_list {s} {
  if {$s eq ""} {return {}}
  set out {}
  foreach p [split $s " "] { if {$p ne ""} {lappend out $p} }
  return $out
}
% 
% proc collect_files_any {path} {
  # If path is a file, return it. If directory, glob common HDL extensions.
  if {[file isfile $path]} { return [list $path] }
  if {![file isdirectory $path]} { error "Not a file or directory: $path" }

  set patterns {*.sv *.svh *.v *.vh}
  set flist {}
  foreach p $patterns {
    foreach f [glob -nocomplain -types f -directory $path -tails -- $p] {
      lappend flist [file join $path $f]
    }
  }
  if {[llength $flist] == 0} { error "No HDL files found in directory: $path" }
  return $flist
}
% 
% proc read_file_text {path} {
  set fp [open $path "r"]
  set data [read $fp]
  close $fp
  return $data
}
% 
% proc strip_comments {text} {
  set out $text
  regsub -all {(?s)/\*.*?\*/} $out "" out
  regsub -all {(?m)//.*$} $out "" out
  return $out
}
% 
% proc infer_top_from_file {f} {
  if {![file isfile $f]} { return "" }
  set txt [strip_comments [read_file_text $f]]
  if {[regexp -nocase -line {^\s*module\s+([A-Za-z_][A-Za-z0-9_]*)} $txt -> m]} {
    return $m
  }
  return ""
}
% 
% proc find_reset_signal {top files} {
  set top_l [string tolower $top]
  set keywords {input output inout wire reg logic signed unsigned integer parameter localparam bit tri supply0 supply1 tri0 tri1 wand wor}
  foreach f $files {
    if {![file isfile $f]} { continue }
    set txt [strip_comments [read_file_text $f]]
    set re "(?s)\\mmodule\\s+${top_l}\\M\\s*(#\\s*\\(.*?\\)\\s*)?\\((.*?)\\)\\s*;"
    if {[regexp -nocase -- $re $txt -> _port_params portlist]} {
      set tokens [regexp -all -inline {\m[A-Za-z_][A-Za-z0-9_]*\M} $portlist]
      set names {}
      foreach t $tokens {
        set tl [string tolower $t]
        if {[lsearch -exact $keywords $tl] >= 0} { continue }
        lappend names $t
      }
      if {[llength $names] == 0} { continue }
      set lower_map [dict create]
      foreach n $names { dict set lower_map [string tolower $n] $n }
      set exact_priority {reset_n rst_n resetb rstb resetn rstn areset_n arst_n reset rst areset arst}
      foreach p $exact_priority {
        if {[dict exists $lower_map $p]} { return [dict get $lower_map $p] }
      }
      foreach n $names {
        set ln [string tolower $n]
        if {[regexp {(^|_)reset(_|$)} $ln] || [regexp {(^|_)rst(_|$)} $ln]} {
          return $n
        }
      }
    }
  }
  return ""
}
% 
% # ---- Read config from environment ----
% if {![info exists ::env(DESIGN_ID)] || $::env(DESIGN_ID) eq ""} {
  puts "ERROR: DESIGN_ID not set."
  exit 2
}
% if {![info exists ::env(JG_DESIGN)] || $::env(JG_DESIGN) eq ""} {
  puts "ERROR: JG_DESIGN not set."
  exit 2
}
% if {![info exists ::env(JG_SVA)] || $::env(JG_SVA) eq ""} {
  puts "ERROR: JG_SVA not set."
  exit 2
}
% 
% set DESIGN_ID $::env(DESIGN_ID)
02167
% 
% # JG_TOP is optional: if missing, infer from RTL
% set TOP ""
% if {[info exists ::env(JG_TOP)] && $::env(JG_TOP) ne ""} {
  set TOP $::env(JG_TOP)
}
% 
% set STD      [expr {[info exists ::env(JG_STD)] ? $::env(JG_STD) : "sv12"}]
sv12
% set INCDIRS  [expr {[info exists ::env(JG_INCDIRS)] ? [split_env_list $::env(JG_INCDIRS)] : {}}]
% # Defines should be space-separated (do NOT split on ':')
% set DEFINES  [expr {[info exists ::env(JG_DEFINES)] ? [split_space_list $::env(JG_DEFINES)] : {}}]
% set NO_CLOCK [expr {[info exists ::env(JG_NO_CLOCK)] ? $::env(JG_NO_CLOCK) : 0}]
1
% 
% # JG_DESIGN/JG_SVA can be:
% # - a directory
% # - a single file
% # - a list of files/dirs separated by spaces/colons
% set DESIGN_INPUTS [split_env_list $::env(JG_DESIGN)]
./02167/module.v
% set SVA_INPUTS    [split_env_list $::env(JG_SVA)]
./02167/sva.sv
% 
% set DESIGN_FILES {}
% foreach p $DESIGN_INPUTS { set DESIGN_FILES [concat $DESIGN_FILES [collect_files_any $p]] }
% 
% # Infer TOP if not provided
% if {$TOP eq ""} {
  foreach f $DESIGN_FILES {
    set guess [infer_top_from_file $f]
    if {$guess ne ""} { set TOP $guess; break }
  }
  if {$TOP eq ""} {
    puts "ERROR: Could not infer TOP from design files; set JG_TOP explicitly."
    exit 2
  }
}
% puts "INFO: Using TOP = $TOP"
INFO: Using TOP = rgbmatrix
% 
% set SVA_FILES {}
% foreach p $SVA_INPUTS { set SVA_FILES [concat $SVA_FILES [collect_files_any $p]] }
% 
% # ---- Output dir ----
% set OUT_DIR [file join "verification_results" $DESIGN_ID]
verification_results/02167
% file mkdir $OUT_DIR
% set PROP_LIST_TXT [file join $OUT_DIR "property_list.txt"]
verification_results/02167/property_list.txt
% set SUMMARY_TXT   [file join $OUT_DIR "summary.txt"]
verification_results/02167/summary.txt
% 
% puts "INFO: Verification run starting"
INFO: Verification run starting
% puts "  DESIGN_ID : $DESIGN_ID"
  DESIGN_ID : 02167
% puts "  TOP       : $TOP"
  TOP       : rgbmatrix
% puts "  STD       : $STD"
  STD       : sv12
% puts "  INCDIRS   : $INCDIRS"
  INCDIRS   : 
% puts "  DEFINES   : $DEFINES"
  DEFINES   : 
% puts "  NO_CLOCK  : $NO_CLOCK"
  NO_CLOCK  : 1
% puts "  N_DESIGN  : [llength $DESIGN_FILES]"
  N_DESIGN  : 1
% puts "  N_SVA     : [llength $SVA_FILES]"
  N_SVA     : 1
% puts "  OUT_DIR   : $OUT_DIR"
  OUT_DIR   : verification_results/02167
% 
% # Optional: promote common message groups to errors (best-effort)
% if {[llength [info commands set_msg_config]]} {
  set_msg_config -id COMP*  -severity error
  set_msg_config -id PARSE* -severity error
  set_msg_config -id ELAB*  -severity error
}
% 
% # ---- Build analyze options ----
% set analyze_opts [list analyze -$STD]
analyze -sv12
% if {[llength $INCDIRS] > 0} { lappend analyze_opts -incdir $INCDIRS }
% if {[llength $DEFINES] > 0} {
  foreach d $DEFINES { lappend analyze_opts -define $d }
}
% 
% # ---- Analyze + Elaborate ----
% set err 0
0
% puts "DEBUG: DESIGN_FILES = $DESIGN_FILES"
DEBUG: DESIGN_FILES = ./02167/module.v
% puts "DEBUG: SVA_FILES    = $SVA_FILES"
DEBUG: SVA_FILES    = ./02167/sva.sv
% 
% if {[catch {eval $analyze_opts $DESIGN_FILES} msg]} {
  puts "ERROR: analyze design failed:\n$msg"
  set err 1
}
[-- (VERI-1482)] Analyzing Verilog file '/scratch/gpfs/LICENSED/x86_64/cadence-20210126/jasper_2021.03/lib/verilog/packages/std/std.sv' into library 'std'
[-- (VERI-1482)] Analyzing Verilog file './02167/module.v'
% if {!$err && [catch {eval $analyze_opts $SVA_FILES} msg2]} {
  puts "ERROR: analyze SVA failed:\n$msg2"
  set err 1
}
[-- (VERI-1482)] Analyzing Verilog file './02167/sva.sv'
% 
% puts "DEBUG: Elaborating TOP='$TOP'"
DEBUG: Elaborating TOP='rgbmatrix'
% if {!$err && [catch {elaborate -top $TOP} emsg]} {
  puts "ERROR: elaborate failed:\n$emsg"
  set err 1
}
INFO (ISW003): Top module name is "rgbmatrix".
[INFO (HIER-8002)] ./02167/module.v(173): Disabling old hierarchical reference handler
[INFO (VERI-1018)] ./02167/sva.sv(4): compiling module 'rgbmatrix_sva'
[INFO (VERI-1018)] ./02167/module.v(1): compiling module 'rgbmatrix'
[WARN (VERI-1209)] ./02167/module.v(75): expression size 32 truncated to fit in target size 11
[WARN (VERI-1209)] ./02167/module.v(103): expression size 32 truncated to fit in target size 4
[WARN (VERI-1209)] ./02167/module.v(116): expression size 32 truncated to fit in target size 4
[WARN (VERI-1209)] ./02167/module.v(130): expression size 32 truncated to fit in target size 4
[WARN (VERI-1209)] ./02167/module.v(135): expression size 32 truncated to fit in target size 2
[WARN (VERI-1209)] ./02167/module.v(165): expression size 32 truncated to fit in target size 5
INFO (INL208): Elaboration synthesis summary:
  Number of synthesized netlists          3 (1 packages)
  Single run mode                         On
  Pipeline                                On (2 pipelined netlists)
  Late hierarchical reference connection  On
  Number of analyzed Verilog modules      3 (3 synthesized)
  Number of analyzed VHDL entities        0 (0 synthesized)
INFO (INL003): Clearing all state information (assumes, stopats, and so forth).
[<embedded>] % 
[<embedded>] % # If combinational / event-driven, you can force "no clock"
[<embedded>] % if {!$err && $NO_CLOCK} {
  catch { clock -none }
}
INFO (ICK008): Enabling clock-free environment.
0
[<embedded>] % 
[<embedded>] % if {$err} {
  puts "\n❌ FAILED: compile/elab errors"
  exit 1
}
[<embedded>] % 
[<embedded>] % # ---- Reset -----
[<embedded>] % set RESET_SIG ""
[<embedded>] % set RESET_EXPR ""
[<embedded>] % if {[info exists ::env(JG_RESET_EXPR)] && $::env(JG_RESET_EXPR) ne ""} {
  set RESET_EXPR $::env(JG_RESET_EXPR)
} elseif {[info exists ::env(JG_RESET)] && $::env(JG_RESET) ne ""} {
  set RESET_SIG $::env(JG_RESET)
} else {
  set RESET_SIG [find_reset_signal $TOP $DESIGN_FILES]
}
rst
[<embedded>] % 
[<embedded>] % if {$RESET_EXPR ne ""} {
  puts "INFO: Using reset expression: $RESET_EXPR"
  catch { reset -expression $RESET_EXPR }
} elseif {$RESET_SIG ne ""} {
  if {[regexp -nocase {(_n|_b)$} $RESET_SIG]} {
    set RESET_EXPR "!$RESET_SIG"
    puts "INFO: Using active-low reset expression: $RESET_EXPR"
    catch { reset -expression $RESET_EXPR }
  } else {
    puts "INFO: Using reset signal: $RESET_SIG"
    catch { reset $RESET_SIG }
  }
} else {
  puts "INFO: No reset signal found; using reset -none"
  catch { reset -none }
}
INFO: Using reset signal: rst
INFO (IPM031): Clearing proof results of all properties.
INFO (IRS006): Current reset condition is "rst".
0
[<embedded>] % 
[<embedded>] % # ---- Property discovery (bind sanity check) ----
[<embedded>] % set ASSERTS {}
[<embedded>] % set COVERS  {}
[<embedded>] % catch { set ASSERTS [assert -list -silent] }
0
[<embedded>] % catch { set COVERS  [cover  -list -silent] }
0
[<embedded>] % 
[<embedded>] % puts "INFO: Found [llength $ASSERTS] asserts, [llength $COVERS] covers"
INFO: Found 27 asserts, 28 covers
[<embedded>] % 
[<embedded>] % # Write property names
[<embedded>] % set fp [open $PROP_LIST_TXT "w"]
file41
[<embedded>] % puts $fp "ASSERT PROPERTIES:"
[<embedded>] % foreach a $ASSERTS { puts $fp $a }
[<embedded>] % puts $fp ""
[<embedded>] % puts $fp "COVER PROPERTIES:"
[<embedded>] % foreach c $COVERS { puts $fp $c }
[<embedded>] % close $fp
[<embedded>] % 
[<embedded>] % if {[llength $ASSERTS] == 0 && [llength $COVERS] == 0} {
  puts "\n❌ FAILED: No properties found (bind likely didn't attach, or wrong TOP)"
  exit 3
}
[<embedded>] % 
[<embedded>] % # ---- Prove all assertions ----
[<embedded>] % # 3600 seconds = 1 hour timeout per property (adjust as needed)
[<embedded>] % set_prove_time_limit 3600
[<embedded>] % puts "INFO: Running prove -all"
INFO: Running prove -all
[<embedded>] % if {[catch { prove -all } pmsg]} {
  puts "ERROR: prove command failed:\n$pmsg"
  exit 4
}
Ncustom1: Custom engine code is hT3Ng7hPPfiYQOTDZ3qhYOwGAM51eA+J/FjkM5shLioAsqhgLR4Ft+O1BuKG6ilQ83B9tLXSl+CwjiTMAQA
AMcustom2: Custom engine code is hT3Ng7hP/feYQOTDZ3qhYOwGAM51eA+J/FjkM5shLioAsqhgLR4Ft+O1BuKG6ilQ83B9tLXSmmqwm7g9AQA
INFO (IPF036): Starting proof on task: "<embedded>", 55 properties to prove with 0 already proven/unreachable
INFO (IRS029): Starting reset analysis: phase 1 of 4.
INFO (IRS030): Running reset analysis: phase 2 of 4.
INFO (IRS031): Running reset analysis: phase 3 of 4.
INFO (IRS020): Starting the reset analysis simulation with a limit of 100 iterations (phase 4 of 4).
INFO (IRS024): Reset iterations 0 to 4 analyzed.
INFO (IRS018): Reset analysis simulation executed for 3 iterations. Assigned values for 42 of 42 design flops, 0 of 0 design latches, 204 of 252 internal elements.
INFO (IRS039): Reset analysis complete.
INFO (IPF031): Settings used for proof thread 0:
    orchestration                 = on (auto)
    time_limit                    = 3600s
    per_property_time_limit       = 1s * 10 ^ scan
    engine_mode                   = auto
    proofgrid_per_engine_max_jobs = 1
    max engine jobs               = auto
    proofgrid_mode                = local
    proofgrid_restarts            = 10
AMcustom3: Custom engine code is hT3NE7hP/2Fz2XrVSbG0RDiSlOmcEY54dTxWvdDsI3//MxFcPzdQEJVlimlZshtLUKCpt0qXHu9EQAivsvCTP5Pi2s9EBccXnc85FrzRRX45WcXC5XpA9kyHdIYmOxUqsRrN5ntdfkwHRnO7f82Dn4pCsne09HV19Yd/o8VzV0c8nka+2MMhbNDEdLGC4SmTi8oNy00Nn40QJnMevDlPY3jIAQA
Ncustom4: Custom engine code is hT3OXrhPByJp3TrFSTLhUmMH4KVtJgmTCnNDF46yMXOKY48m4LS5nE7yBzFjA7kDuwO/GhGUpEPiky3p3wmPn3dJZHxFMsafSoObRzSC+tn7sEY0WbTdZ/FV4hL3MYH/b1CIUvXSWR4wqEoVLsmMOD4xIPT4lI1LO6ZCO7PnnWQuLwetnvKlrXx6wCW/A+x+enqslg1YPobi4wEF/EvbzOvcTYdJvl2s4H2yZg2b2ofAVN5WvhWk1HoBAA
Ncustom5: Custom engine code is hT3NR7hPByFp3TrFSTLhUmMH4KWtJglTyV/c51BHEeZWamnJv767nE6PCak26bd3gf3XGN3rIRheufhDieCJQVISo+gNYUKhiUedBKGtsP/a18svAnlMJZudHxDFwK5ufsyoxsIyiAeSY2oi3tEuoDHr5gw42DFKAG3PqO3CEsl8Azzdt3pl5nGA1Ifv2H02eYsFzWb/nfp8PMb3F0krE/EgBcm8TD9Div8BAA
Tricustom6: Custom engine code is hT3Nu7hP3fiYQADBZnYcglNHp9bfd7EOeniIqP/ji8sGLQu8yhsFO+wxJ+O+R0bU8g/IewXFomyos+viQnWc2xYNYmMqpo3i40O7DaZR7qfp4YqNx26KRvQ/qx0BAA
0.0.PRE: A proof was found: No trace exists. [0.00 s]
INFO (IPF057): 0.0.PRE: The property "rgbmatrix.sva._assert_1" was proven in 0.00 s.
0.0.PRE: A proof was found: No trace exists. [0.00 s]
INFO (IPF051): 0.0.PRE: The cover property "rgbmatrix.sva._assert_1:precondition1" was proven unreachable in 0.00 s.
0.0.PRE: A proof was found: No trace exists. [0.00 s]
INFO (IPF057): 0.0.PRE: The property "rgbmatrix.sva._assert_25" was proven in 0.00 s.
0: Found proofs for 3 properties in preprocessing
0: Using multistage preprocessing
0: Starting reduce
0: Finished reduce in 0.001s
0.0.PRE: Performing Proof Simplification...
0.0.N: clocks: 2, declared: 1, disabling: 0, posedge: 2, negedge: 0, noedge: 0, bothedge: 0
0.0.N: Proof Simplification Iteration 1	[0.00 s]
0.0.N: Proof Simplification Iteration 2	[0.00 s]
0.0.N: Proof Simplification Iteration 3	[0.00 s]
0.0.PRE: A proof was found: No trace exists. [0.00 s]
INFO (IPF057): 0.0.PRE: The property ":noDeadEnd" was proven in 0.00 s.
    Use check_assumptions -show -dead_end to show this property in the property table.
0.0.PRE: A proof was found: No trace exists. [0.00 s]
INFO (IPF057): 0.0.PRE: The property ":noConflict" was proven in 0.00 s.
    Use check_assumptions -show to show this property in the property table.
INFO (IPF047): 0.0.PRE: The cover property ":live" was covered in 1 cycles in 0.00 s.
    Use check_assumptions -show -live to show this property in the property table.
0.0.PRE: Proof Simplification completed in 0.01 s
0: About to start ProofGrid in its own thread with a limit of 10000 pending notifications and a limit of 10 traces.
0: =============================== ProofGrid start ===============================
0: ProofGrid usable level: 52
0: ProofGrid is starting event handling
0.0.Hp: Proofgrid shell started at 1351543@della-i13n21(local) jg_1351471_della-i13n21_1
0.0.N: Proofgrid shell started at 1351542@della-i13n21(local) jg_1351471_della-i13n21_1
0.0.Hp: OS RSS memory limit : 17179869184 / 17179869184
0.0.N: OS RSS memory limit : 17179869184 / 17179869184
0.0.Hp: clocks: 1, declared: 1, disabling: 0, posedge: 1, negedge: 0, noedge: 0, bothedge: 0
0.0.N: clocks: 1, declared: 1, disabling: 0, posedge: 1, negedge: 0, noedge: 0, bothedge: 0
0.0.N: Next scan (0) will use per property time limit: 1s * 10 ^ 0 = 1s
0.0.N: Starting proof for property "rgbmatrix.sva._assert_2"	[0.00 s].
0.0.N: Trace Attempt  1	[0.00 s]
0.0.N: A max_length bound was found. The shortest trace is no longer than 67108864 cycles. [0.00 s]
INFO (IPF008): 0.0.N: A max_length bound of 67108864 was found for the property "rgbmatrix.sva._assert_2" in 0.00 s.
0.0.N: Trace Attempt  2	[0.01 s]
0.0.N: Trace Attempt  3	[0.01 s]
0.0.N: Trace Attempt  4	[0.01 s]
0.0.Hp: Trace Attempt  1	[0.01 s]
0.0.N: Trace Attempt  5	[0.01 s]
0.0.Hp: A trace with 1 cycles was found. [0.01 s]
INFO (IPF047): 0.0.Hp: The cover property "rgbmatrix.sva._assert_4:precondition1" was covered in 1 cycles in 0.02 s.
INFO (IPF047): 0.0.Hp: The cover property "rgbmatrix.sva._assert_19:precondition1" was covered in 1 cycles in 0.02 s.
INFO (IPF047): 0.0.Hp: The cover property "rgbmatrix.sva._assert_23:precondition1" was covered in 1 cycles in 0.02 s.
INFO (IPF047): 0.0.Hp: The cover property "rgbmatrix.sva._assert_24:precondition1" was covered in 1 cycles in 0.02 s.
INFO (IPF055): 0.0.Hp: A counterexample (cex) with 1 cycles was found for the property "rgbmatrix.sva._assert_27" in 0.02 s.
INFO (IPF047): 0.0.Hp: The cover property "rgbmatrix.sva._assert_27:precondition1" was covered in 1 cycles in 0.02 s.
0.0.N: Trace Attempt 10	[0.01 s]
0.0.N: A proof was found: No trace exists. [0.01 s]
INFO (IPF057): 0.0.N: The property "rgbmatrix.sva._assert_2" was proven in 0.02 s.
0.0.N: Stopped processing property "rgbmatrix.sva._assert_2"	[0.02 s].
0.0.N: Starting proof for property "rgbmatrix.sva._assert_3"	[0.00 s].
0.0.N: Trace Attempt  1	[0.00 s]
0.0.N: Trace Attempt  2	[0.00 s]
0.0.N: Trace Attempt  2	[0.00 s]
0.0.Hp: Trace Attempt  2	[0.01 s]
0.0.N: Trace Attempt  3	[0.00 s]
0.0.N: Trace Attempt  4	[0.00 s]
0.0.N: Trace Attempt  4	[0.00 s]
0.0.N: Trace Attempt  5	[0.00 s]
0.0.N: Trace Attempt  5	[0.00 s]
0.0.Hp: Trace Attempt  3	[0.03 s]
0.0.Hp: A trace with 3 cycles was found. [0.03 s]
INFO (IPF047): 0.0.Hp: The cover property "rgbmatrix.sva._assert_3:precondition1" was covered in 3 cycles in 0.03 s.
0.0.Hp: A trace with 3 cycles was found. [0.03 s]
INFO (IPF047): 0.0.Hp: The cover property "rgbmatrix.sva._assert_20:precondition1" was covered in 3 cycles in 0.03 s.
0.0.N: Trace Attempt  1	[0.02 s]
0.0.N: Trace Attempt  2	[0.02 s]
0.0.N: Trace Attempt  3	[0.02 s]
0.0.N: Trace Attempt  4	[0.02 s]
0.0.Ht: Proofgrid shell started at 1351556@della-i13n21(local) jg_1351471_della-i13n21_1
0.0.Ht: OS RSS memory limit : 17179869184 / 17179869184
0.0.Ht: clocks: 1, declared: 1, disabling: 0, posedge: 1, negedge: 0, noedge: 0, bothedge: 0
0.0.B: Proofgrid shell started at 1351557@della-i13n21(local) jg_1351471_della-i13n21_1
0.0.B: OS RSS memory limit : 17179869184 / 17179869184
0.0.B: clocks: 1, declared: 1, disabling: 0, posedge: 1, negedge: 0, noedge: 0, bothedge: 0
0.0.B: Next scan (0) will use per property time limit: 1s * 10 ^ 0 = 1s
0.0.B: Starting proof for property "rgbmatrix.sva._assert_3"	[0.00 s].
0.0.B: Trace Attempt  1	[0.00 s]
0.0.B: Trace Attempt  2	[0.00 s]
0.0.Ht: Trace Attempt  1	[0.00 s]
0.0.B: Trace Attempt  3	[0.00 s]
0.0.B: Trace Attempt  4	[0.00 s]
0.0.Ht: Trace Attempt  2	[0.00 s]
0.0.Ht: Trace Attempt  3	[0.00 s]
0.0.B: Trace Attempt  5	[0.00 s]
0.0.Ht: Trace Attempt  4	[0.01 s]
0.0.Ht: Trace Attempt  5	[0.01 s]
0.0.Ht: A trace with 5 cycles was found. [0.01 s]
INFO (IPF047): 0.0.Ht: The cover property "rgbmatrix.sva._assert_21:precondition1" was covered in 5 cycles in 0.01 s.
0.0.N: Validation of fixpoint was successful. Time = 0.00
0.0.N: A proof was found: No trace exists. [0.05 s]
INFO (IPF057): 0.0.N: The property "rgbmatrix.sva._assert_3" was proven in 0.04 s.
0.0.N: Stopped processing property "rgbmatrix.sva._assert_3"	[0.04 s].
0.0.N: Starting proof for property "rgbmatrix.sva._assert_4"	[0.00 s].
0.0.N: Trace Attempt  1	[0.00 s]
0.0.N: A max_length bound was found. The shortest trace is no longer than 268435456 cycles. [0.00 s]
INFO (IPF008): 0.0.N: A max_length bound of 268435456 was found for the property "rgbmatrix.sva._assert_4" in 0.00 s.
0.0.N: Trace Attempt  2	[0.00 s]
0.0.B: Stopped processing property "rgbmatrix.sva._assert_3"	[0.01 s].
0.0.N: Trace Attempt  2	[0.00 s]
0.0.N: Trace Attempt  3	[0.00 s]
0.0.B: Starting proof for property "rgbmatrix.sva._assert_4"	[0.00 s].
0.0.N: Trace Attempt  3	[0.00 s]
0.0.N: Trace Attempt  4	[0.00 s]
0.0.N: Trace Attempt  5	[0.00 s]
0.0.B: Trace Attempt  1	[0.00 s]
0.0.B: Trace Attempt  2	[0.00 s]
0.0.B: Trace Attempt  3	[0.00 s]
0.0.B: Trace Attempt  4	[0.00 s]
0.0.N: Trace Attempt  1	[0.00 s]
0.0.N: Trace Attempt  2	[0.00 s]
0.0.N: Trace Attempt  3	[0.00 s]
0.0.B: Trace Attempt  5	[0.00 s]
0.0.N: Validation of fixpoint was successful. Time = 0.00
0.0.N: A proof was found: No trace exists. [0.01 s]
INFO (IPF057): 0.0.N: The property "rgbmatrix.sva._assert_4" was proven in 0.01 s.
0.0.N: Stopped processing property "rgbmatrix.sva._assert_4"	[0.01 s].
0.0.N: Starting proof for property "rgbmatrix.sva._assert_5"	[0.00 s].
0.0.N: Trace Attempt  1	[0.00 s]
0.0.N: A max_length bound was found. The shortest trace is no longer than 268435456 cycles. [0.00 s]
INFO (IPF008): 0.0.N: A max_length bound of 268435456 was found for the property "rgbmatrix.sva._assert_5" in 0.00 s.
0.0.N: Trace Attempt  2	[0.00 s]
0.0.B: Stopped processing property "rgbmatrix.sva._assert_4"	[0.01 s].
0.0.B: Starting proof for property "rgbmatrix.sva._assert_5"	[0.00 s].
0.0.N: Trace Attempt  2	[0.00 s]
0.0.B: Trace Attempt  1	[0.00 s]
0.0.N: Trace Attempt  3	[0.00 s]
0.0.N: Trace Attempt  4	[0.00 s]
0.0.B: Trace Attempt  2	[0.00 s]
0.0.B: Trace Attempt  3	[0.00 s]
0.0.N: Trace Attempt  4	[0.00 s]
0.0.B: Trace Attempt  4	[0.00 s]
0.0.N: Trace Attempt  5	[0.00 s]
0.0.B: Trace Attempt  5	[0.00 s]
0.0.N: Trace Attempt  1	[0.00 s]
0.0.N: Trace Attempt  2	[0.00 s]
0.0.N: Trace Attempt  3	[0.00 s]
0.0.N: Trace Attempt  1	[0.08 s]
0.0.N: Trace Attempt  2	[0.08 s]
0.0.N: Trace Attempt  3	[0.08 s]
0.0.N: Trace Attempt  1	[0.22 s]
0.0.N: Trace Attempt  2	[0.22 s]
0.0.N: Trace Attempt  3	[0.22 s]
0: ProofGrid usable level: 40
0.0.Hp: Lemmas used(6): ?3
0.0.Hp: A proof was found: No trace exists. [0.97 s]
INFO (IPF057): 0.0.Hp: The property "rgbmatrix.sva._assert_5" was proven in 0.97 s.
0.0.Hp: A proof was found: No trace exists. [0.97 s]
INFO (IPF057): 0.0.Hp: The property "rgbmatrix.sva._assert_6" was proven in 0.97 s.
0.0.Hp: A proof was found: No trace exists. [0.97 s]
INFO (IPF057): 0.0.Hp: The property "rgbmatrix.sva._assert_7" was proven in 0.97 s.
0.0.Hp: A proof was found: No trace exists. [0.97 s]
INFO (IPF057): 0.0.Hp: The property "rgbmatrix.sva._assert_8" was proven in 0.97 s.
0.0.Hp: A proof was found: No trace exists. [0.97 s]
INFO (IPF057): 0.0.Hp: The property "rgbmatrix.sva._assert_9" was proven in 0.97 s.
0.0.Hp: A proof was found: No trace exists. [0.97 s]
INFO (IPF057): 0.0.Hp: The property "rgbmatrix.sva._assert_10" was proven in 0.97 s.
0.0.Hp: A proof was found: No trace exists. [0.97 s]
INFO (IPF057): 0.0.Hp: The property "rgbmatrix.sva._assert_11" was proven in 0.97 s.
0.0.Hp: A proof was found: No trace exists. [0.97 s]
INFO (IPF057): 0.0.Hp: The property "rgbmatrix.sva._assert_12" was proven in 0.97 s.
0.0.Hp: A proof was found: No trace exists. [0.97 s]
INFO (IPF057): 0.0.Hp: The property "rgbmatrix.sva._assert_13" was proven in 0.97 s.
0.0.Hp: A proof was found: No trace exists. [0.97 s]
INFO (IPF057): 0.0.Hp: The property "rgbmatrix.sva._assert_14" was proven in 0.97 s.
0.0.Hp: A proof was found: No trace exists. [0.97 s]
INFO (IPF057): 0.0.Hp: The property "rgbmatrix.sva._assert_15" was proven in 0.97 s.
0.0.Hp: A proof was found: No trace exists. [0.97 s]
INFO (IPF057): 0.0.Hp: The property "rgbmatrix.sva._assert_16" was proven in 0.97 s.
0.0.Hp: A proof was found: No trace exists. [0.97 s]
INFO (IPF057): 0.0.Hp: The property "rgbmatrix.sva._assert_17" was proven in 0.97 s.
0.0.Hp: A proof was found: No trace exists. [0.97 s]
INFO (IPF057): 0.0.Hp: The property "rgbmatrix.sva._assert_18" was proven in 0.97 s.
0.0.Hp: A proof was found: No trace exists. [0.97 s]
INFO (IPF057): 0.0.Hp: The property "rgbmatrix.sva._assert_19" was proven in 0.97 s.
0.0.Hp: A proof was found: No trace exists. [0.97 s]
INFO (IPF057): 0.0.Hp: The property "rgbmatrix.sva._assert_20" was proven in 0.97 s.
0.0.Hp: A proof was found: No trace exists. [0.97 s]
INFO (IPF057): 0.0.Hp: The property "rgbmatrix.sva._assert_21" was proven in 0.97 s.
0.0.Hp: A proof was found: No trace exists. [0.97 s]
INFO (IPF057): 0.0.Hp: The property "rgbmatrix.sva._assert_22" was proven in 0.97 s.
0.0.Hp: A proof was found: No trace exists. [0.97 s]
INFO (IPF057): 0.0.Hp: The property "rgbmatrix.sva._assert_23" was proven in 0.97 s.
0.0.Hp: A proof was found: No trace exists. [0.97 s]
INFO (IPF057): 0.0.Hp: The property "rgbmatrix.sva._assert_24" was proven in 0.97 s.
0.0.Hp: A proof was found: No trace exists. [0.97 s]
INFO (IPF057): 0.0.Hp: The property "rgbmatrix.sva._assert_26" was proven in 0.97 s.
0.0.N: Stopped processing property "rgbmatrix.sva._assert_5"	[0.91 s].
0.0.N: Starting proof for property "rgbmatrix.sva._assert_5:precondition1"	[0.00 s].
0.0.N: Trace Attempt  1	[0.00 s]
0.0.N: A max_length bound was found. The shortest trace is no longer than 134217728 cycles. [0.00 s]
INFO (IPF008): 0.0.N: A max_length bound of 134217728 was found for the property "rgbmatrix.sva._assert_5:precondition1" in 0.00 s.
0.0.N: Trace Attempt  2	[0.00 s]
0.0.N: Trace Attempt  3	[0.00 s]
0.0.N: Trace Attempt  3	[0.00 s]
0.0.N: Trace Attempt  4	[0.00 s]
0.0.N: Trace Attempt  5	[0.00 s]
0.0.N: Trace Attempt  1	[0.00 s]
0.0.N: Trace Attempt  2	[0.00 s]
0.0.N: Trace Attempt  3	[0.00 s]
0.0.B: Stopped processing property "rgbmatrix.sva._assert_5"	[0.91 s].
0.0.B: Starting proof for property "rgbmatrix.sva._assert_5:precondition1"	[0.00 s].
0.0.B: Trace Attempt  1	[0.00 s]
0.0.B: Trace Attempt  2	[0.00 s]
0.0.B: Trace Attempt  3	[0.00 s]
0.0.B: Trace Attempt  4	[0.00 s]
0.0.B: Trace Attempt  5	[0.00 s]
0.0.N: Trace Attempt  1	[0.05 s]
0.0.N: Trace Attempt  2	[0.05 s]
0.0.N: Trace Attempt  3	[0.05 s]
0.0.N: Trace Attempt  5	[0.05 s]
0.0.N: Trace Attempt  1	[0.66 s]
0.0.N: Trace Attempt  2	[0.66 s]
0.0.N: Trace Attempt  3	[0.66 s]
0: ProofGrid usable level: 19
0.0.N: Trace Attempt 107	[0.98 s]
0.0.N: Per property time limit expired (1.00 s) [1.00 s]
0.0.N: Stopped processing property "rgbmatrix.sva._assert_5:precondition1"	[1.00 s].
0.0.N: Starting proof for property "rgbmatrix.sva._assert_6:precondition1"	[0.00 s].
0.0.N: Trace Attempt  1	[0.00 s]
0.0.N: A max_length bound was found. The shortest trace is no longer than 134217728 cycles. [0.00 s]
INFO (IPF008): 0.0.N: A max_length bound of 134217728 was found for the property "rgbmatrix.sva._assert_6:precondition1" in 0.00 s.
0.0.N: Trace Attempt  2	[0.00 s]
0.0.N: Trace Attempt  3	[0.00 s]
0.0.N: Trace Attempt  3	[0.00 s]
0.0.B: Stopped processing property "rgbmatrix.sva._assert_5:precondition1"	[0.99 s].
0.0.B: Starting proof for property "rgbmatrix.sva._assert_6:precondition1"	[0.00 s].
0.0.N: Trace Attempt  4	[0.00 s]
0.0.B: Trace Attempt  1	[0.00 s]
0.0.N: Trace Attempt  5	[0.00 s]
0.0.B: Trace Attempt  2	[0.00 s]
0.0.B: Trace Attempt  3	[0.00 s]
0.0.B: Trace Attempt  4	[0.00 s]
0.0.N: Trace Attempt  1	[0.00 s]
0.0.N: Trace Attempt  2	[0.00 s]
0.0.B: Trace Attempt  5	[0.00 s]
0.0.N: Trace Attempt  3	[0.00 s]
0.0.N: Trace Attempt  1	[0.18 s]
0.0.N: Trace Attempt  2	[0.18 s]
0.0.N: Trace Attempt  3	[0.18 s]
0.0.B: Trace Attempt 49	[0.94 s]
0.0.B: Per property time limit expired (1.00 s) [1.00 s]
0.0.B: Stopped processing property "rgbmatrix.sva._assert_6:precondition1"	[1.00 s].
0.0.B: Starting proof for property "rgbmatrix.sva._assert_7:precondition1"	[0.00 s].
0.0.B: A max_length bound was found. The shortest trace is no longer than 134217728 cycles. [0.00 s]
INFO (IPF008): 0.0.B: A max_length bound of 134217728 was found for the property "rgbmatrix.sva._assert_7:precondition1" in 0.00 s.
0.0.B: Trace Attempt  1	[0.00 s]
0.0.B: Trace Attempt  2	[0.00 s]
0.0.B: Trace Attempt  3	[0.00 s]
0.0.B: Trace Attempt  4	[0.00 s]
0.0.B: Trace Attempt  5	[0.00 s]
0.0.N: Trace Attempt 273	[0.98 s]
0.0.N: Per property time limit expired (1.00 s) [1.00 s]
0.0.N: Stopped processing property "rgbmatrix.sva._assert_6:precondition1"	[1.00 s].
0.0.N: Starting proof for property "rgbmatrix.sva._assert_7:precondition1"	[0.00 s].
0.0.N: Trace Attempt  1	[0.00 s]
0.0.N: Trace Attempt  2	[0.00 s]
0.0.N: Trace Attempt  3	[0.00 s]
0.0.N: Trace Attempt  3	[0.00 s]
0.0.N: Trace Attempt  4	[0.00 s]
0.0.N: Trace Attempt  5	[0.00 s]
0.0.N: Trace Attempt  1	[0.00 s]
0.0.N: Trace Attempt  2	[0.00 s]
0.0.N: Trace Attempt  3	[0.00 s]
0.0.N: Trace Attempt  1	[0.07 s]
0.0.N: Trace Attempt  2	[0.07 s]
0.0.N: Trace Attempt  3	[0.07 s]
0.0.N: Trace Attempt  4	[0.07 s]
0.0.N: Trace Attempt  1	[0.95 s]
0.0.N: Trace Attempt  2	[0.95 s]
0.0.N: Trace Attempt  3	[0.95 s]
0.0.N: Trace Attempt  4	[0.95 s]
0.0.B: Trace Attempt 50	[0.87 s]
0.0.B: Per property time limit expired (1.00 s) [1.00 s]
0.0.B: Stopped processing property "rgbmatrix.sva._assert_7:precondition1"	[1.00 s].
0.0.B: Starting proof for property "rgbmatrix.sva._assert_8:precondition1"	[0.00 s].
0.0.B: A max_length bound was found. The shortest trace is no longer than 134217728 cycles. [0.00 s]
INFO (IPF008): 0.0.B: A max_length bound of 134217728 was found for the property "rgbmatrix.sva._assert_8:precondition1" in 0.00 s.
0.0.B: Trace Attempt  1	[0.00 s]
0.0.B: Trace Attempt  2	[0.00 s]
0.0.N: Stopped processing property "rgbmatrix.sva._assert_7:precondition1"	[1.00 s].
0.0.N: Starting proof for property "rgbmatrix.sva._assert_8:precondition1"	[0.00 s].
0.0.B: Trace Attempt  3	[0.00 s]
0.0.N: Trace Attempt  1	[0.00 s]
0.0.N: Trace Attempt  2	[0.00 s]
0.0.N: Trace Attempt  3	[0.00 s]
0.0.B: Trace Attempt  4	[0.00 s]
0.0.N: Trace Attempt  3	[0.00 s]
0.0.B: Trace Attempt  5	[0.00 s]
0.0.N: Trace Attempt  4	[0.00 s]
0.0.N: Trace Attempt  5	[0.00 s]
0.0.N: Trace Attempt  1	[0.03 s]
0.0.N: Trace Attempt  2	[0.03 s]
0.0.N: Trace Attempt  3	[0.03 s]
0.0.N: Trace Attempt  4	[0.03 s]
0.0.Ht: Trace Attempt 177	[4.03 s]
0.0.Hp: Lemmas used(12): ?24
0.0.Hp: A proof was found: No trace exists. [4.33 s]
INFO (IPF051): 0.0.Hp: The cover property "rgbmatrix.sva._cover_28" was proven unreachable in 4.33 s.
0.0.Ht: Trace Attempt 191	[4.40 s]
0.0.Ht: A trace with 191 cycles was found. [4.45 s]
INFO (IPF047): 0.0.Ht: The cover property "rgbmatrix.sva._assert_22:precondition1" was covered in 191 cycles in 4.45 s.
0.0.Ht: Trace Attempt 192	[4.45 s]
0.0.Ht: Trace Attempt 193	[4.45 s]
0.0.Ht: A trace with 193 cycles was found. [4.46 s]
INFO (IPF047): 0.0.Ht: The cover property "rgbmatrix.sva._assert_8:precondition1" was covered in 193 cycles in 4.46 s.
0.0.N: Stopped processing property "rgbmatrix.sva._assert_8:precondition1"	[0.53 s].
0.0.N: Starting proof for property "rgbmatrix.sva._assert_9:precondition1"	[0.00 s].
0.0.N: Trace Attempt  1	[0.00 s]
0.0.N: A max_length bound was found. The shortest trace is no longer than 134217728 cycles. [0.00 s]
INFO (IPF008): 0.0.N: A max_length bound of 134217728 was found for the property "rgbmatrix.sva._assert_9:precondition1" in 0.00 s.
0.0.B: Stopped processing property "rgbmatrix.sva._assert_8:precondition1"	[0.54 s].
0.0.B: Starting proof for property "rgbmatrix.sva._assert_9:precondition1"	[0.00 s].
0.0.N: Trace Attempt  2	[0.00 s]
0.0.N: Trace Attempt  3	[0.00 s]
0.0.N: Trace Attempt  3	[0.00 s]
0.0.B: Trace Attempt  1	[0.00 s]
0.0.B: Trace Attempt  2	[0.00 s]
0.0.N: Trace Attempt  4	[0.00 s]
0.0.N: Trace Attempt  5	[0.00 s]
0.0.B: Trace Attempt  3	[0.00 s]
0.0.B: Trace Attempt  4	[0.00 s]
0.0.B: Trace Attempt  5	[0.00 s]
0.0.Ht: A trace with 193 cycles was found. [4.47 s]
INFO (IPF047): 0.0.Ht: The cover property "rgbmatrix.sva._assert_10:precondition1" was covered in 193 cycles in 4.47 s.
INFO (IPF047): 0.0.Ht: The cover property "rgbmatrix.sva._cover_29" was covered in 193 cycles in 4.47 s.
0.0.Ht: Trace Attempt 194	[4.47 s]
0.0.N: Trace Attempt  1	[0.02 s]
0.0.N: Trace Attempt  2	[0.02 s]
0.0.N: Trace Attempt  3	[0.02 s]
0.0.N: Trace Attempt  4	[0.02 s]
0.0.N: Trace Attempt  1	[0.06 s]
0.0.N: Trace Attempt  2	[0.06 s]
0.0.N: Trace Attempt  3	[0.07 s]
0.0.N: Trace Attempt  4	[0.07 s]
0: ProofGrid usable level: 14
0.0.N: Trace Attempt  1	[0.76 s]
0.0.N: Trace Attempt  2	[0.76 s]
0.0.N: Trace Attempt  3	[0.76 s]
0.0.N: Trace Attempt  4	[0.76 s]
0.0.N: Trace Attempt 91	[0.99 s]
0.0.N: Per property time limit expired (1.00 s) [1.00 s]
0.0.N: Stopped processing property "rgbmatrix.sva._assert_9:precondition1"	[1.00 s].
0.0.N: Starting proof for property "rgbmatrix.sva._assert_11:precondition1"	[0.00 s].
0.0.N: Trace Attempt  1	[0.00 s]
0.0.N: A max_length bound was found. The shortest trace is no longer than 134217728 cycles. [0.00 s]
INFO (IPF008): 0.0.N: A max_length bound of 134217728 was found for the property "rgbmatrix.sva._assert_11:precondition1" in 0.00 s.
0.0.N: Trace Attempt  2	[0.00 s]
0.0.N: Trace Attempt  3	[0.00 s]
0.0.B: Trace Attempt 165	[0.99 s]
0.0.B: Per property time limit expired (1.00 s) [1.00 s]
0.0.N: Trace Attempt  3	[0.00 s]
0.0.B: Stopped processing property "rgbmatrix.sva._assert_9:precondition1"	[1.00 s].
0.0.B: Starting proof for property "rgbmatrix.sva._assert_11:precondition1"	[0.00 s].
0.0.B: Trace Attempt  1	[0.00 s]
0.0.B: Trace Attempt  2	[0.00 s]
0.0.B: Trace Attempt  3	[0.00 s]
0.0.N: Trace Attempt  4	[0.00 s]
0.0.B: Trace Attempt  4	[0.00 s]
0.0.N: Trace Attempt  5	[0.00 s]
0.0.B: Trace Attempt  5	[0.00 s]
0.0.N: Trace Attempt  1	[0.02 s]
0.0.N: Trace Attempt  2	[0.02 s]
0.0.N: Trace Attempt  3	[0.02 s]
0.0.N: Trace Attempt  5	[0.02 s]
0.0.N: Trace Attempt  1	[0.13 s]
0.0.N: Trace Attempt  2	[0.13 s]
0.0.N: Trace Attempt  3	[0.13 s]
0.0.N: Trace Attempt  5	[0.13 s]
0.0.N: Trace Attempt 151	[0.85 s]
0.0.N: Per property time limit expired (1.00 s) [1.00 s]
0.0.N: Stopped processing property "rgbmatrix.sva._assert_11:precondition1"	[1.00 s].
0.0.N: Starting proof for property "rgbmatrix.sva._assert_12:precondition1"	[0.00 s].
0.0.B: Trace Attempt 111	[0.99 s]
0.0.B: Per property time limit expired (1.00 s) [1.00 s]
0.0.N: Trace Attempt  1	[0.00 s]
0.0.B: Stopped processing property "rgbmatrix.sva._assert_11:precondition1"	[1.00 s].
0.0.B: Starting proof for property "rgbmatrix.sva._assert_12:precondition1"	[0.00 s].
0.0.B: A max_length bound was found. The shortest trace is no longer than 134217728 cycles. [0.00 s]
INFO (IPF008): 0.0.B: A max_length bound of 134217728 was found for the property "rgbmatrix.sva._assert_12:precondition1" in 0.00 s.
0.0.B: Trace Attempt  1	[0.00 s]
0.0.B: Trace Attempt  2	[0.00 s]
0.0.N: Trace Attempt  2	[0.00 s]
0.0.N: Trace Attempt  3	[0.00 s]
0.0.B: Trace Attempt  3	[0.00 s]
0.0.B: Trace Attempt  4	[0.00 s]
0.0.N: Trace Attempt  3	[0.00 s]
0.0.B: Trace Attempt  5	[0.00 s]
0.0.N: Trace Attempt  4	[0.00 s]
0.0.N: Trace Attempt  5	[0.00 s]
0.0.N: Trace Attempt  1	[0.02 s]
0.0.N: Trace Attempt  2	[0.02 s]
0.0.N: Trace Attempt  3	[0.02 s]
0.0.N: Trace Attempt  5	[0.02 s]
0.0.N: Trace Attempt  1	[0.70 s]
0.0.N: Trace Attempt  2	[0.70 s]
0.0.N: Trace Attempt  3	[0.70 s]
0.0.N: Trace Attempt  5	[0.70 s]
0.0.N: Trace Attempt 98	[1.00 s]
0.0.N: Per property time limit expired (1.00 s) [1.00 s]
0.0.N: Stopped processing property "rgbmatrix.sva._assert_12:precondition1"	[1.00 s].
0.0.N: Starting proof for property "rgbmatrix.sva._assert_13:precondition1"	[0.00 s].
0.0.N: Trace Attempt  1	[0.00 s]
0.0.N: A max_length bound was found. The shortest trace is no longer than 134217728 cycles. [0.00 s]
INFO (IPF008): 0.0.N: A max_length bound of 134217728 was found for the property "rgbmatrix.sva._assert_13:precondition1" in 0.00 s.
0.0.N: Trace Attempt  2	[0.00 s]
0.0.N: Trace Attempt  3	[0.00 s]
0.0.N: Trace Attempt  3	[0.00 s]
0.0.N: Trace Attempt  4	[0.00 s]
0.0.N: Trace Attempt  5	[0.00 s]
0.0.B: Trace Attempt 143	[1.00 s]
0.0.B: Per property time limit expired (1.00 s) [1.00 s]
0.0.B: Stopped processing property "rgbmatrix.sva._assert_12:precondition1"	[1.00 s].
0.0.B: Starting proof for property "rgbmatrix.sva._assert_13:precondition1"	[0.00 s].
0.0.B: Trace Attempt  1	[0.00 s]
0.0.B: Trace Attempt  2	[0.00 s]
0.0.B: Trace Attempt  3	[0.00 s]
0.0.B: Trace Attempt  4	[0.00 s]
0.0.B: Trace Attempt  5	[0.00 s]
0.0.N: Trace Attempt  1	[0.02 s]
0.0.N: Trace Attempt  2	[0.02 s]
0.0.N: Trace Attempt  3	[0.02 s]
0.0.N: Trace Attempt  5	[0.02 s]
0.0.N: Trace Attempt  1	[0.70 s]
0.0.N: Trace Attempt  2	[0.70 s]
0.0.N: Trace Attempt  3	[0.70 s]
0.0.N: Trace Attempt  5	[0.70 s]
0.0.N: Trace Attempt 94	[1.00 s]
0.0.N: Per property time limit expired (1.00 s) [1.00 s]
0.0.N: Stopped processing property "rgbmatrix.sva._assert_13:precondition1"	[1.00 s].
0.0.N: Starting proof for property "rgbmatrix.sva._assert_14:precondition1"	[0.00 s].
0.0.N: Trace Attempt  1	[0.00 s]
0.0.N: A max_length bound was found. The shortest trace is no longer than 134217728 cycles. [0.00 s]
INFO (IPF008): 0.0.N: A max_length bound of 134217728 was found for the property "rgbmatrix.sva._assert_14:precondition1" in 0.00 s.
0.0.N: Trace Attempt  2	[0.00 s]
0.0.N: Trace Attempt  3	[0.00 s]
0.0.N: Trace Attempt  3	[0.00 s]
0.0.N: Trace Attempt  4	[0.00 s]
0.0.N: Trace Attempt  5	[0.00 s]
0.0.B: Stopped processing property "rgbmatrix.sva._assert_13:precondition1"	[1.00 s].
0.0.B: Starting proof for property "rgbmatrix.sva._assert_14:precondition1"	[0.00 s].
0.0.B: Trace Attempt  1	[0.00 s]
0.0.B: Trace Attempt  2	[0.00 s]
0.0.B: Trace Attempt  3	[0.00 s]
0.0.B: Trace Attempt  4	[0.00 s]
0.0.B: Trace Attempt  5	[0.00 s]
0.0.N: Trace Attempt  1	[0.02 s]
0.0.N: Trace Attempt  2	[0.02 s]
0.0.N: Trace Attempt  3	[0.03 s]
0.0.N: Trace Attempt  4	[0.03 s]
0.0.N: Trace Attempt  1	[0.07 s]
0.0.N: Trace Attempt  2	[0.07 s]
0.0.N: Trace Attempt  3	[0.07 s]
0.0.N: Trace Attempt  4	[0.07 s]
0.0.Ht: Trace Attempt 199	[8.87 s]
0.0.N: Trace Attempt 52	[1.00 s]
0.0.N: Per property time limit expired (1.00 s) [1.00 s]
0.0.N: Stopped processing property "rgbmatrix.sva._assert_14:precondition1"	[1.00 s].
0.0.N: Starting proof for property "rgbmatrix.sva._assert_15:precondition1"	[0.00 s].
0.0.N: Trace Attempt  1	[0.00 s]
0.0.N: A max_length bound was found. The shortest trace is no longer than 134217728 cycles. [0.00 s]
INFO (IPF008): 0.0.N: A max_length bound of 134217728 was found for the property "rgbmatrix.sva._assert_15:precondition1" in 0.00 s.
0.0.N: Trace Attempt  2	[0.00 s]
0.0.N: Trace Attempt  3	[0.00 s]
0.0.N: Trace Attempt  3	[0.00 s]
0.0.N: Trace Attempt  4	[0.00 s]
0.0.N: Trace Attempt  5	[0.00 s]
0.0.B: Stopped processing property "rgbmatrix.sva._assert_14:precondition1"	[1.00 s].
0.0.B: Starting proof for property "rgbmatrix.sva._assert_15:precondition1"	[0.00 s].
0.0.B: Trace Attempt  1	[0.00 s]
0.0.B: Trace Attempt  2	[0.00 s]
0.0.B: Trace Attempt  3	[0.00 s]
0.0.B: Trace Attempt  4	[0.00 s]
0.0.B: Trace Attempt  5	[0.00 s]
0.0.N: Trace Attempt  1	[0.03 s]
0.0.N: Trace Attempt  2	[0.03 s]
0.0.N: Trace Attempt  3	[0.03 s]
0.0.N: Trace Attempt  4	[0.03 s]
0.0.N: Trace Attempt 76	[0.98 s]
0.0.N: Per property time limit expired (1.00 s) [1.00 s]
0.0.N: Stopped processing property "rgbmatrix.sva._assert_15:precondition1"	[1.00 s].
0.0.N: Starting proof for property "rgbmatrix.sva._assert_16:precondition1"	[0.00 s].
0.0.N: Trace Attempt  1	[0.00 s]
0.0.N: A max_length bound was found. The shortest trace is no longer than 134217728 cycles. [0.00 s]
INFO (IPF008): 0.0.N: A max_length bound of 134217728 was found for the property "rgbmatrix.sva._assert_16:precondition1" in 0.00 s.
0.0.N: Trace Attempt  2	[0.00 s]
0.0.N: Trace Attempt  3	[0.00 s]
0.0.N: Trace Attempt  3	[0.00 s]
0.0.N: Trace Attempt  4	[0.00 s]
0.0.N: Trace Attempt  5	[0.00 s]
0.0.B: Stopped processing property "rgbmatrix.sva._assert_15:precondition1"	[1.00 s].
0.0.B: Starting proof for property "rgbmatrix.sva._assert_16:precondition1"	[0.00 s].
0.0.B: Trace Attempt  1	[0.00 s]
0.0.B: Trace Attempt  2	[0.00 s]
0.0.B: Trace Attempt  3	[0.00 s]
0.0.B: Trace Attempt  4	[0.00 s]
0.0.B: Trace Attempt  5	[0.00 s]
0.0.N: Trace Attempt  1	[0.04 s]
0.0.N: Trace Attempt  2	[0.04 s]
0.0.N: Trace Attempt  3	[0.04 s]
0.0.N: Trace Attempt  5	[0.04 s]
0.0.N: Trace Attempt 117	[0.64 s]
0.0.N: Per property time limit expired (1.00 s) [1.00 s]
0.0.N: Stopped processing property "rgbmatrix.sva._assert_16:precondition1"	[1.00 s].
0.0.N: Starting proof for property "rgbmatrix.sva._assert_17:precondition1"	[0.00 s].
0.0.N: Trace Attempt  1	[0.00 s]
0.0.N: Trace Attempt  2	[0.00 s]
0.0.N: Trace Attempt  3	[0.00 s]
0.0.N: Trace Attempt  3	[0.00 s]
0.0.N: Trace Attempt  4	[0.00 s]
0.0.N: Trace Attempt  5	[0.00 s]
0.0.N: Trace Attempt  1	[0.00 s]
0.0.N: Trace Attempt  2	[0.00 s]
0.0.B: Stopped processing property "rgbmatrix.sva._assert_16:precondition1"	[1.00 s].
0.0.B: Starting proof for property "rgbmatrix.sva._assert_17:precondition1"	[0.00 s].
0.0.N: Trace Attempt  3	[0.00 s]
0.0.N: Trace Attempt  5	[0.00 s]
0.0.B: Trace Attempt  1	[0.00 s]
0.0.B: Trace Attempt  2	[0.00 s]
0.0.B: Trace Attempt  3	[0.00 s]
0.0.B: Trace Attempt  4	[0.00 s]
0.0.B: Trace Attempt  5	[0.00 s]
0.0.N: Trace Attempt  1	[0.20 s]
0.0.N: Trace Attempt  2	[0.20 s]
0.0.N: Trace Attempt  3	[0.20 s]
0.0.N: Trace Attempt  5	[0.20 s]
0.0.N: Trace Attempt 209	[1.00 s]
0.0.N: Per property time limit expired (1.00 s) [1.00 s]
0.0.N: Stopped processing property "rgbmatrix.sva._assert_17:precondition1"	[1.00 s].
0.0.N: Starting proof for property "rgbmatrix.sva._assert_18:precondition1"	[0.00 s].
0.0.N: Trace Attempt  1	[0.00 s]
0.0.N: Trace Attempt  2	[0.00 s]
0.0.N: Trace Attempt  3	[0.00 s]
0.0.N: Trace Attempt  3	[0.00 s]
0.0.B: Trace Attempt 113	[0.97 s]
0.0.B: Per property time limit expired (1.00 s) [1.00 s]
0.0.B: Stopped processing property "rgbmatrix.sva._assert_17:precondition1"	[1.00 s].
0.0.B: Starting proof for property "rgbmatrix.sva._assert_18:precondition1"	[0.00 s].
0.0.B: Trace Attempt  1	[0.00 s]
0.0.N: Trace Attempt  4	[0.00 s]
0.0.N: Trace Attempt  5	[0.00 s]
0.0.B: Trace Attempt  2	[0.00 s]
0.0.B: Trace Attempt  3	[0.00 s]
0.0.B: Trace Attempt  4	[0.00 s]
0.0.B: Trace Attempt  5	[0.00 s]
0.0.N: Trace Attempt  1	[0.00 s]
0.0.N: Trace Attempt  2	[0.00 s]
0.0.N: Trace Attempt  3	[0.01 s]
0.0.N: Trace Attempt  5	[0.01 s]
0.0.N: Trace Attempt  1	[0.17 s]
0.0.N: Trace Attempt  2	[0.17 s]
0.0.N: Trace Attempt  3	[0.17 s]
0.0.N: Trace Attempt  5	[0.17 s]
0.0.Ht: Trace Attempt 249	[13.19 s]
0.0.N: Trace Attempt 131	[0.98 s]
0.0.N: Per property time limit expired (1.00 s) [1.00 s]
0.0.N: Stopped processing property "rgbmatrix.sva._assert_18:precondition1"	[1.00 s].
0.0.N: Starting proof for property "rgbmatrix.sva._assert_26:precondition1"	[0.00 s].
0.0.N: Trace Attempt  1	[0.00 s]
0.0.N: A max_length bound was found. The shortest trace is no longer than 134217728 cycles. [0.00 s]
INFO (IPF008): 0.0.N: A max_length bound of 134217728 was found for the property "rgbmatrix.sva._assert_26:precondition1" in 0.00 s.
0.0.B: Trace Attempt 112	[0.93 s]
0.0.B: Per property time limit expired (1.00 s) [1.00 s]
0.0.B: Stopped processing property "rgbmatrix.sva._assert_18:precondition1"	[1.00 s].
0.0.N: Trace Attempt  2	[0.00 s]
0.0.N: Trace Attempt  3	[0.00 s]
0.0.B: Starting proof for property "rgbmatrix.sva._assert_26:precondition1"	[0.00 s].
0.0.N: Trace Attempt  3	[0.00 s]
0.0.B: Trace Attempt  1	[0.00 s]
0.0.N: Trace Attempt  4	[0.00 s]
0.0.B: Trace Attempt  2	[0.00 s]
0.0.N: Trace Attempt  5	[0.00 s]
0.0.B: Trace Attempt  3	[0.00 s]
0.0.B: Trace Attempt  4	[0.00 s]
0.0.B: Trace Attempt  5	[0.00 s]
0.0.N: Trace Attempt  1	[0.01 s]
0.0.N: Trace Attempt  2	[0.01 s]
0.0.N: Trace Attempt  3	[0.01 s]
0.0.N: Trace Attempt  5	[0.01 s]
0.0.N: Trace Attempt  1	[0.25 s]
0.0.N: Trace Attempt  2	[0.25 s]
0.0.N: Trace Attempt  3	[0.25 s]
0.0.N: Trace Attempt  5	[0.25 s]
0.0.N: Trace Attempt 130	[0.72 s]
0.0.N: Per property time limit expired (1.00 s) [1.00 s]
0.0.N: Stopped processing property "rgbmatrix.sva._assert_26:precondition1"	[1.00 s].
0.0.N: Starting proof for property "rgbmatrix.sva._cover_30"	[0.00 s].
0.0.N: Trace Attempt  1	[0.00 s]
0.0.N: Trace Attempt  2	[0.00 s]
0.0.N: Trace Attempt  2	[0.00 s]
0.0.N: Trace Attempt  3	[0.00 s]
0.0.N: Trace Attempt  4	[0.00 s]
0.0.N: Trace Attempt  4	[0.00 s]
0.0.B: Trace Attempt 134	[0.98 s]
0.0.B: Per property time limit expired (1.00 s) [1.00 s]
0.0.B: Stopped processing property "rgbmatrix.sva._assert_26:precondition1"	[1.00 s].
0.0.B: Starting proof for property "rgbmatrix.sva._cover_30"	[0.00 s].
0.0.B: Trace Attempt  1	[0.00 s]
0.0.B: Trace Attempt  2	[0.00 s]
0.0.N: Trace Attempt  5	[0.00 s]
0.0.B: Trace Attempt  3	[0.00 s]
0.0.B: Trace Attempt  4	[0.00 s]
0.0.N: Trace Attempt  1	[0.00 s]
0.0.N: Trace Attempt  2	[0.00 s]
0.0.B: Trace Attempt  5	[0.00 s]
0.0.N: Trace Attempt  3	[0.00 s]
0.0.N: Trace Attempt  5	[0.01 s]
0.0.N: Trace Attempt  1	[0.02 s]
0.0.N: Trace Attempt  2	[0.03 s]
0.0.N: Trace Attempt  3	[0.03 s]
0.0.N: Trace Attempt 139	[0.98 s]
0.0.N: Per property time limit expired (1.00 s) [1.00 s]
0.0.N: Stopped processing property "rgbmatrix.sva._cover_30"	[1.00 s].
0.0.N: Next scan (1) will use per property time limit: 1s * 10 ^ 1 = 10s
0.0.N: Starting proof for property "rgbmatrix.sva._assert_5:precondition1"	[0.00 s].
0.0.B: Trace Attempt 126	[0.99 s]
0.0.B: Per property time limit expired (1.00 s) [1.00 s]
0.0.B: Stopped processing property "rgbmatrix.sva._cover_30"	[1.00 s].
0.0.B: Next scan (1) will use per property time limit: 1s * 10 ^ 1 = 10s
0.0.B: Starting proof for property "rgbmatrix.sva._assert_5:precondition1"	[0.00 s].
0.0.B: Trace Attempt  1	[0.00 s]
0.0.B: Trace Attempt  2	[0.00 s]
0.0.B: Trace Attempt  3	[0.00 s]
0.0.B: Trace Attempt  4	[0.00 s]
0.0.B: Trace Attempt  5	[0.00 s]
0.0.N: Trace Attempt 41	[0.00 s]
0.0.N: Trace Attempt  1	[0.57 s]
0.0.N: Trace Attempt  2	[0.57 s]
0.0.N: Trace Attempt  3	[0.57 s]
0.0.Ht: Trace Attempt 338	[17.23 s]
0.0.B: Trace Attempt 97	[4.03 s]
0.0.Ht: Trace Attempt 385	[20.40 s]
0.0.Ht: A trace with 385 cycles was found. [20.56 s]
INFO (IPF047): 0.0.Ht: The cover property "rgbmatrix.sva._assert_9:precondition1" was covered in 385 cycles in 20.56 s.
0.0.Ht: Trace Attempt 386	[20.57 s]
0.0.Ht: Trace Attempt 387	[20.57 s]
0.0.Ht: A trace with 387 cycles was found. [20.61 s]
INFO (IPF047): 0.0.Ht: The cover property "rgbmatrix.sva._assert_11:precondition1" was covered in 387 cycles in 20.62 s.
0.0.Ht: Trace Attempt 388	[20.62 s]
0.0.Ht: Trace Attempt 403	[20.66 s]
0.0.Ht: A trace with 403 cycles was found. [20.69 s]
INFO (IPF047): 0.0.Ht: The cover property "rgbmatrix.sva._assert_12:precondition1" was covered in 403 cycles in 20.69 s.
0.0.Ht: A trace with 403 cycles was found. [20.70 s]
INFO (IPF047): 0.0.Ht: The cover property "rgbmatrix.sva._assert_13:precondition1" was covered in 403 cycles in 20.70 s.
0.0.Ht: Trace Attempt 404	[20.71 s]
0.0.Ht: Trace Attempt 405	[20.71 s]
0.0.Ht: A trace with 405 cycles was found. [20.73 s]
INFO (IPF047): 0.0.Ht: The cover property "rgbmatrix.sva._assert_14:precondition1" was covered in 405 cycles in 20.74 s.
0.0.Ht: A trace with 405 cycles was found. [20.75 s]
INFO (IPF047): 0.0.Ht: The cover property "rgbmatrix.sva._assert_26:precondition1" was covered in 405 cycles in 20.75 s.
0.0.Ht: Trace Attempt 406	[20.75 s]
0: ProofGrid usable level: 8
0.0.Ht: Trace Attempt 421	[21.59 s]
0.0.Ht: A trace with 421 cycles was found. [21.76 s]
INFO (IPF047): 0.0.Ht: The cover property "rgbmatrix.sva._assert_15:precondition1" was covered in 421 cycles in 21.76 s.
0.0.Ht: Trace Attempt 422	[21.77 s]
0.0.Ht: Trace Attempt 423	[21.77 s]
0.0.Ht: A trace with 423 cycles was found. [22.11 s]
INFO (IPF047): 0.0.Ht: The cover property "rgbmatrix.sva._assert_16:precondition1" was covered in 423 cycles in 22.11 s.
0.0.Ht: Trace Attempt 424	[22.11 s]
0: ProofGrid usable level: 6
0.0.B: Trace Attempt 128	[8.09 s]
0.0.B: Trace Attempt 137	[9.68 s]
0.0.B: Per property time limit expired (10.00 s) [10.00 s]
0.0.B: Stopped processing property "rgbmatrix.sva._assert_5:precondition1"	[10.00 s].
0.0.B: Starting proof for property "rgbmatrix.sva._assert_6:precondition1"	[0.00 s].
0.0.B: Trace Attempt  1	[0.00 s]
0.0.B: Trace Attempt  2	[0.00 s]
0.0.B: Trace Attempt  3	[0.00 s]
0.0.B: Trace Attempt  4	[0.00 s]
0.0.B: Trace Attempt  5	[0.00 s]
0.0.N: Trace Attempt 192	[2.16 s]
0.0.N: Per property time limit expired (10.00 s) [10.01 s]
0.0.N: Stopped processing property "rgbmatrix.sva._assert_5:precondition1"	[10.01 s].
0.0.N: Starting proof for property "rgbmatrix.sva._assert_6:precondition1"	[0.00 s].
0.0.N: Trace Attempt 29	[0.00 s]
0.0.N: Trace Attempt  1	[0.15 s]
0.0.N: Trace Attempt  2	[0.15 s]
0.0.N: Trace Attempt  3	[0.15 s]
0.0.Ht: Trace Attempt 459	[26.22 s]
0.0.B: Trace Attempt 80	[4.02 s]
0.0.Ht: Trace Attempt 481	[30.24 s]
0.0.B: Trace Attempt 130	[8.17 s]
0.0.Ht: Trace Attempt 496	[35.09 s]
0.0.B: Trace Attempt 236	[9.99 s]
0.0.B: Per property time limit expired (10.00 s) [10.01 s]
0.0.B: Stopped processing property "rgbmatrix.sva._assert_6:precondition1"	[10.01 s].
0.0.B: Starting proof for property "rgbmatrix.sva._assert_7:precondition1"	[0.00 s].
0.0.B: Trace Attempt  1	[0.00 s]
0.0.B: Trace Attempt  2	[0.00 s]
0.0.B: Trace Attempt  3	[0.00 s]
0.0.B: Trace Attempt  4	[0.00 s]
0.0.B: Trace Attempt  5	[0.00 s]
0.0.N: Trace Attempt 303	[1.46 s]
0.0.N: Per property time limit expired (10.00 s) [10.02 s]
0.0.N: Stopped processing property "rgbmatrix.sva._assert_6:precondition1"	[10.02 s].
0.0.N: Starting proof for property "rgbmatrix.sva._assert_7:precondition1"	[0.00 s].
0.0.N: Trace Attempt 56	[0.00 s]
0.0.N: Trace Attempt  1	[0.83 s]
0.0.N: Trace Attempt  2	[0.83 s]
0.0.N: Trace Attempt  3	[0.83 s]
0.0.N: Trace Attempt  4	[0.83 s]
0.0.Ht: Trace Attempt 516	[39.41 s]
0.0.B: Trace Attempt 94	[4.05 s]
0.0.N: Trace Attempt 465	[4.83 s]
0.0.Ht: Trace Attempt 530	[43.46 s]
0.0.B: Trace Attempt 124	[8.22 s]
0.0.B: Trace Attempt 134	[9.92 s]
0.0.B: Per property time limit expired (10.00 s) [10.00 s]
0.0.B: Stopped processing property "rgbmatrix.sva._assert_7:precondition1"	[10.00 s].
0.0.B: Starting proof for property "rgbmatrix.sva._assert_17:precondition1"	[0.00 s].
0.0.B: Trace Attempt  1	[0.00 s]
0.0.B: Trace Attempt  2	[0.00 s]
0.0.B: Trace Attempt  3	[0.00 s]
0.0.B: Trace Attempt  4	[0.00 s]
0.0.B: Trace Attempt  5	[0.00 s]
0.0.N: Stopped processing property "rgbmatrix.sva._assert_7:precondition1"	[10.01 s].
0.0.N: Starting proof for property "rgbmatrix.sva._assert_17:precondition1"	[0.00 s].
0.0.N: Trace Attempt  1	[0.17 s]
0.0.N: Trace Attempt  2	[0.17 s]
0.0.N: Trace Attempt  3	[0.17 s]
0.0.N: Trace Attempt  5	[0.17 s]
0.0.Ht: Trace Attempt 549	[47.92 s]
0.0.B: Trace Attempt 225	[4.09 s]
0.0.N: Trace Attempt 633	[4.19 s]
0.0.Ht: Trace Attempt 561	[52.76 s]
0.0.B: Trace Attempt 231	[4.52 s]
0.0.B: Per property time limit expired (10.00 s) [10.01 s]
0.0.B: Stopped processing property "rgbmatrix.sva._assert_17:precondition1"	[10.01 s].
0.0.B: Starting proof for property "rgbmatrix.sva._assert_18:precondition1"	[0.00 s].
0.0.B: Trace Attempt  1	[0.00 s]
0.0.B: Trace Attempt  2	[0.00 s]
0.0.B: Trace Attempt  3	[0.00 s]
0.0.B: Trace Attempt  4	[0.00 s]
0.0.B: Trace Attempt  5	[0.00 s]
0.0.N: Stopped processing property "rgbmatrix.sva._assert_17:precondition1"	[10.01 s].
0.0.N: Starting proof for property "rgbmatrix.sva._assert_18:precondition1"	[0.00 s].
0.0.N: Trace Attempt  1	[0.10 s]
0.0.N: Trace Attempt  2	[0.10 s]
0.0.N: Trace Attempt  3	[0.10 s]
0.0.N: Trace Attempt  5	[0.10 s]
0.0.Ht: Trace Attempt 579	[56.86 s]
0.0.B: Trace Attempt 212	[4.03 s]
0.0.N: Trace Attempt 570	[4.20 s]
0.0.Ht: Trace Attempt 590	[60.97 s]
0.0.B: Trace Attempt 270	[8.03 s]
0.0.Ht: Trace Attempt 598	[65.16 s]
0.0.B: Trace Attempt 313	[9.99 s]
0.0.B: Per property time limit expired (10.00 s) [10.01 s]
0.0.B: Stopped processing property "rgbmatrix.sva._assert_18:precondition1"	[10.01 s].
0.0.B: Starting proof for property "rgbmatrix.sva._cover_30"	[0.00 s].
0.0.B: Trace Attempt  1	[0.00 s]
0.0.B: Trace Attempt  2	[0.00 s]
0.0.B: Trace Attempt  3	[0.00 s]
0.0.B: Trace Attempt  4	[0.00 s]
0.0.B: Trace Attempt  5	[0.00 s]
0.0.N: Stopped processing property "rgbmatrix.sva._assert_18:precondition1"	[10.01 s].
0.0.N: Starting proof for property "rgbmatrix.sva._cover_30"	[0.00 s].
0.0.N: Trace Attempt  1	[0.01 s]
0.0.N: Trace Attempt  2	[0.01 s]
0.0.N: Trace Attempt  3	[0.01 s]
0.0.B: Trace Attempt 203	[4.00 s]
0.0.N: Trace Attempt 220	[4.04 s]
0.0.Ht: Trace Attempt 613	[70.07 s]
0.0.B: Trace Attempt 245	[8.03 s]
0.0.N: Trace Attempt 498	[8.31 s]
0.0.Ht: Trace Attempt 624	[74.31 s]
0.0.B: Trace Attempt 281	[9.97 s]
0.0.B: Per property time limit expired (10.00 s) [10.01 s]
0.0.B: Stopped processing property "rgbmatrix.sva._cover_30"	[10.01 s].
0.0.B: Next scan (2) will use per property time limit: 1s * 10 ^ 2 = 100s
0.0.B: Starting proof for property "rgbmatrix.sva._assert_5:precondition1"	[0.00 s].
0.0.B: Trace Attempt  1	[0.00 s]
0.0.B: Trace Attempt  2	[0.00 s]
0.0.B: Trace Attempt  3	[0.00 s]
0.0.B: Trace Attempt  4	[0.00 s]
0.0.B: Trace Attempt  5	[0.00 s]
0.0.N: Stopped processing property "rgbmatrix.sva._cover_30"	[10.02 s].
0.0.N: Next scan (2) will use per property time limit: 1s * 10 ^ 2 = 100s
0.0.N: Starting proof for property "rgbmatrix.sva._assert_5:precondition1"	[0.00 s].
0.0.Ht: Trace Attempt 632	[78.37 s]
0.0.B: Trace Attempt 97	[4.01 s]
0.0.Ht: Trace Attempt 640	[83.23 s]
0.0.B: Trace Attempt 128	[8.09 s]
0.0.Ht: Trace Attempt 647	[87.43 s]
0.0.B: Trace Attempt 149	[12.10 s]
0.0.Ht: Trace Attempt 655	[91.61 s]
0.0.B: Trace Attempt 171	[16.83 s]
0.0.Ht: Trace Attempt 665	[95.88 s]
0.0.B: Trace Attempt 294	[20.90 s]
0.0.Ht: Trace Attempt 672	[100.41 s]
0.0.B: Trace Attempt 386	[25.35 s]
0.0.Ht: Trace Attempt 679	[105.72 s]
0.0.B: Trace Attempt 388	[33.37 s]
0.0.Ht: Trace Attempt 690	[109.76 s]
0.0.N: Trace Attempt 193	[36.96 s]
0.0.N: Trace Attempt  1	[37.25 s]
0.0.N: Trace Attempt  2	[37.25 s]
0.0.N: Trace Attempt  3	[37.25 s]
0.0.N: Trace Attempt  4	[37.25 s]
0.0.Ht: Trace Attempt 696	[114.59 s]
0.0.Ht: Trace Attempt 703	[119.12 s]
0.0.B: Trace Attempt 389	[43.66 s]
0.0.Ht: Trace Attempt 707	[123.42 s]
0.0.Ht: Trace Attempt 721	[128.41 s]
0.0.B: Trace Attempt 390	[53.59 s]
0.0.Ht: Trace Attempt 727	[132.70 s]
0.0.Ht: Trace Attempt 736	[137.19 s]
0.0.Ht: Trace Attempt 740	[142.80 s]
0.0.B: Trace Attempt 391	[68.26 s]
0.0.Ht: Trace Attempt 750	[147.31 s]
0.0.B: Trace Attempt 398	[72.36 s]
0.0.Ht: Trace Attempt 760	[152.55 s]
0.0.B: Trace Attempt 418	[77.97 s]
0.0.Ht: Trace Attempt 767	[157.07 s]
0.0.B: Trace Attempt 435	[82.08 s]
0.0.N: Trace Attempt 194	[85.24 s]
0.0.N: Trace Attempt  1	[85.50 s]
0.0.N: Trace Attempt  2	[85.50 s]
0.0.N: Trace Attempt  3	[85.50 s]
0.0.N: Trace Attempt  4	[85.51 s]
0.0.B: Trace Attempt 455	[86.43 s]
0.0.Ht: Trace Attempt 769	[158.72 s]
0.0.Ht: A trace with 769 cycles was found. [163.60 s]
INFO (IPF047): 0.0.Ht: The cover property "rgbmatrix.sva._assert_5:precondition1" was covered in 769 cycles in 163.61 s.
0.0.N: Stopped processing property "rgbmatrix.sva._assert_5:precondition1"	[88.04 s].
0.0.N: Starting proof for property "rgbmatrix.sva._assert_6:precondition1"	[0.00 s].
0.0.B: Stopped processing property "rgbmatrix.sva._assert_5:precondition1"	[88.09 s].
0.0.B: Starting proof for property "rgbmatrix.sva._assert_6:precondition1"	[0.00 s].
0.0.B: Trace Attempt  1	[0.00 s]
0.0.B: Trace Attempt  2	[0.00 s]
0.0.B: Trace Attempt  3	[0.00 s]
0.0.B: Trace Attempt  4	[0.00 s]
0.0.B: Trace Attempt  5	[0.00 s]
0.0.Ht: Trace Attempt 770	[163.89 s]
0: ProofGrid usable level: 5
0.0.B: Trace Attempt 81	[4.04 s]
0.0.Ht: Trace Attempt 795	[168.93 s]
0.0.B: Trace Attempt 131	[8.05 s]
0.0.Ht: Trace Attempt 813	[173.00 s]
0.0.B: Trace Attempt 309	[12.10 s]
0.0.Ht: Trace Attempt 820	[177.28 s]
0.0.B: Trace Attempt 383	[16.48 s]
0.0.Ht: Trace Attempt 844	[181.43 s]
0.0.B: Trace Attempt 387	[21.97 s]
0.0.Ht: Trace Attempt 854	[185.61 s]
0.0.N: Stopped processing property "rgbmatrix.sva._assert_6:precondition1"	[22.61 s].
0.0.N: Morphing to Hts
0.0.N: Trace Attempt 303	[0.02 s]
0.0.N: All properties determined. [0.00 s]
0.0.N: Exited with Success (@ 0.00 s)
0.0.Hts: clocks: 1, declared: 1, disabling: 0, posedge: 1, negedge: 0, noedge: 0, bothedge: 0
0.0.Hts: Starting proof for property "rgbmatrix.sva._assert_7:precondition1"	[0.00 s].
0.0.Hts: Trace Attempt  1	[0.00 s]
0.0.Hts: Trace Attempt  2	[0.00 s]
0.0.Hts: Trace Attempt  3	[0.00 s]
0.0.Hts: Trace Attempt  4	[0.00 s]
0.0.Hts: Trace Attempt  5	[0.00 s]
0.0.B: Stopped processing property "rgbmatrix.sva._assert_6:precondition1"	[22.62 s].
0.0.B: Morphing to K
0.0.B: All properties determined. [0.00 s]
0.0.B: Exited with Success (@ 0.00 s)
0.0.K: clocks: 1, declared: 1, disabling: 0, posedge: 1, negedge: 0, noedge: 0, bothedge: 0
0.0.K: Starting proof for property "rgbmatrix.sva._assert_7:precondition1"	[0.00 s].
0.0.K: Trace Attempt 516	[0.04 s]
0.0.K: Per property time limit expired (0.99 s) [1.01 s]
0.0.K: Stopped processing property "rgbmatrix.sva._assert_7:precondition1"	[1.01 s].
0.0.K: Starting proof for property "rgbmatrix.sva._assert_6:precondition1"	[0.00 s].
0.0.Hts: Trace Attempt 856	[0.23 s]
0.0.Hts: Per property time limit expired (1.00 s) [1.06 s]
0.0.Hts: Stopped processing property "rgbmatrix.sva._assert_7:precondition1"	[1.06 s].
0.0.Hts: Starting proof for property "rgbmatrix.sva._assert_6:precondition1"	[0.00 s].
0.0.Hts: Trace Attempt  1	[0.05 s]
0.0.Hts: Trace Attempt  2	[0.05 s]
0.0.Hts: Trace Attempt  3	[0.05 s]
0.0.Hts: Trace Attempt  4	[0.05 s]
0.0.Hts: Trace Attempt  5	[0.05 s]
0.0.K: Trace Attempt 303	[0.02 s]
0.0.K: Per property time limit expired (1.00 s) [1.01 s]
0.0.K: Stopped processing property "rgbmatrix.sva._assert_6:precondition1"	[1.01 s].
0.0.K: Starting proof for property "rgbmatrix.sva._assert_6:precondition1"	[0.00 s].
0.0.Hts: Stopped processing property "rgbmatrix.sva._assert_6:precondition1"	[0.96 s].
0.0.Hts: Starting proof for property "rgbmatrix.sva._assert_6:precondition1"	[0.00 s].
0.0.K: Trace Attempt 303	[0.02 s]
0.0.Hts: Trace Attempt  1	[0.04 s]
0.0.Hts: Trace Attempt  2	[0.04 s]
0.0.Hts: Trace Attempt  3	[0.04 s]
0.0.Hts: Trace Attempt  4	[0.04 s]
0.0.Hts: Trace Attempt  5	[0.04 s]
0.0.Ht: Trace Attempt 869	[189.82 s]
0.0.Ht: Trace Attempt 874	[195.01 s]
0.0.Hts: Stopped processing property "rgbmatrix.sva._assert_6:precondition1"	[7.23 s].
0.0.Hts: Morphing to AB
0.0.Hts: Trace Attempt 861	[0.28 s]
0.0.Hts: All properties determined. [0.00 s]
0.0.Hts: Exited with Success (@ 0.00 s)
0.0.AB: clocks: 1, declared: 1, disabling: 0, posedge: 1, negedge: 0, noedge: 0, bothedge: 0
0.0.AB: Starting proof for property "rgbmatrix.sva._assert_7:precondition1"	[0.00 s].
0.0.AB: Trace Attempt  1	[0.00 s]
0.0.AB: Trace Attempt  2	[0.00 s]
0.0.AB: Trace Attempt  3	[0.00 s]
0.0.AB: Trace Attempt  4	[0.00 s]
0.0.AB: Trace Attempt  5	[0.00 s]
0.0.AB: Trace Attempt  1	[0.00 s]
0.0.AB: Trace Attempt  2	[0.01 s]
0.0.AB: Trace Attempt  3	[0.01 s]
0.0.AB: Trace Attempt  4	[0.01 s]
0.0.AB: Trace Attempt  5	[0.01 s]
0.0.AB: Trace Attempt  1	[0.01 s]
0.0.AB: Trace Attempt  2	[0.01 s]
0.0.AB: Trace Attempt  3	[0.01 s]
0.0.AB: Trace Attempt  4	[0.01 s]
0.0.AB: Trace Attempt  5	[0.01 s]
0.0.K: Stopped processing property "rgbmatrix.sva._assert_6:precondition1"	[7.25 s].
0.0.K: Starting proof for property "rgbmatrix.sva._assert_7:precondition1"	[0.00 s].
0.0.AB: Trace Attempt  1	[0.11 s]
0.0.AB: Trace Attempt  2	[0.11 s]
0.0.AB: Trace Attempt  3	[0.11 s]
0.0.AB: Trace Attempt  4	[0.11 s]
0.0.AB: Trace Attempt  5	[0.11 s]
0.0.AB: Trace Attempt  1	[0.82 s]
0.0.AB: Trace Attempt  2	[0.82 s]
0.0.AB: Trace Attempt  3	[0.82 s]
0.0.AB: Trace Attempt  4	[0.82 s]
0.0.AB: Trace Attempt  5	[0.82 s]
0.0.AB: Trace Attempt 97	[1.91 s]
0.0.AB: Per property time limit expired (2.00 s) [2.00 s]
0.0.AB: Stopped processing property "rgbmatrix.sva._assert_7:precondition1"	[2.00 s].
0.0.AB: Starting proof for property "rgbmatrix.sva._assert_17:precondition1"	[0.00 s].
0.0.AB: Trace Attempt  1	[0.00 s]
0.0.AB: Trace Attempt  2	[0.00 s]
0.0.AB: Trace Attempt  3	[0.00 s]
0.0.AB: Trace Attempt  4	[0.00 s]
0.0.AB: Trace Attempt  5	[0.00 s]
0.0.AB: Trace Attempt  1	[0.00 s]
0.0.AB: Trace Attempt  2	[0.00 s]
0.0.AB: Trace Attempt  3	[0.00 s]
0.0.AB: Trace Attempt  4	[0.00 s]
0.0.AB: Trace Attempt  5	[0.00 s]
0.0.AB: Trace Attempt  1	[0.02 s]
0.0.AB: Trace Attempt  2	[0.02 s]
0.0.AB: Trace Attempt  3	[0.02 s]
0.0.AB: Trace Attempt  4	[0.02 s]
0.0.AB: Trace Attempt  5	[0.02 s]
0.0.K: Stopped processing property "rgbmatrix.sva._assert_7:precondition1"	[2.00 s].
0.0.K: Starting proof for property "rgbmatrix.sva._assert_17:precondition1"	[0.00 s].
0.0.AB: Trace Attempt  1	[0.04 s]
0.0.AB: Trace Attempt  2	[0.04 s]
0.0.AB: Trace Attempt  3	[0.04 s]
0.0.AB: Trace Attempt  4	[0.04 s]
0.0.AB: Trace Attempt  5	[0.04 s]
0.0.AB: Trace Attempt  1	[0.39 s]
0.0.AB: Trace Attempt  2	[0.39 s]
0.0.AB: Trace Attempt  3	[0.39 s]
0.0.AB: Trace Attempt  4	[0.39 s]
0.0.AB: Trace Attempt  5	[0.39 s]
0.0.AB: Trace Attempt  1	[0.80 s]
0.0.AB: Trace Attempt  2	[0.80 s]
0.0.AB: Trace Attempt  3	[0.80 s]
0.0.AB: Trace Attempt  4	[0.80 s]
0.0.AB: Trace Attempt  5	[0.80 s]
0.0.AB: Trace Attempt  1	[1.48 s]
0.0.AB: Trace Attempt  2	[1.48 s]
0.0.AB: Trace Attempt  3	[1.48 s]
0.0.AB: Trace Attempt  4	[1.48 s]
0.0.AB: Trace Attempt  5	[1.48 s]
0.0.Ht: Trace Attempt 893	[199.44 s]
0.0.AB: Trace Attempt 113	[1.99 s]
0.0.AB: Per property time limit expired (2.00 s) [2.00 s]
0.0.AB: Stopped processing property "rgbmatrix.sva._assert_17:precondition1"	[2.00 s].
0.0.AB: Starting proof for property "rgbmatrix.sva._assert_6:precondition1"	[0.00 s].
0.0.AB: Trace Attempt  1	[0.00 s]
0.0.AB: Trace Attempt  2	[0.00 s]
0.0.AB: Trace Attempt  3	[0.00 s]
0.0.AB: Trace Attempt  4	[0.00 s]
0.0.AB: Trace Attempt  5	[0.00 s]
0.0.AB: Trace Attempt  1	[0.00 s]
0.0.AB: Trace Attempt  2	[0.00 s]
0.0.AB: Trace Attempt  3	[0.01 s]
0.0.AB: Trace Attempt  4	[0.01 s]
0.0.AB: Trace Attempt  5	[0.01 s]
0.0.AB: Trace Attempt  1	[0.01 s]
0.0.AB: Trace Attempt  2	[0.01 s]
0.0.AB: Trace Attempt  3	[0.01 s]
0.0.AB: Trace Attempt  4	[0.01 s]
0.0.AB: Trace Attempt  5	[0.01 s]
0.0.K: Stopped processing property "rgbmatrix.sva._assert_17:precondition1"	[2.01 s].
0.0.K: Starting proof for property "rgbmatrix.sva._assert_6:precondition1"	[0.00 s].
0.0.AB: Trace Attempt  1	[0.06 s]
0.0.AB: Trace Attempt  2	[0.06 s]
0.0.AB: Trace Attempt  3	[0.06 s]
0.0.AB: Trace Attempt  4	[0.06 s]
0.0.AB: Trace Attempt  5	[0.06 s]
0.0.AB: Trace Attempt  1	[0.30 s]
0.0.AB: Trace Attempt  2	[0.30 s]
0.0.AB: Trace Attempt  3	[0.30 s]
0.0.AB: Trace Attempt  4	[0.30 s]
0.0.AB: Trace Attempt  5	[0.30 s]
0.0.AB: Stopped processing property "rgbmatrix.sva._assert_6:precondition1"	[2.44 s].
0.0.AB: Starting proof for property "rgbmatrix.sva._assert_18:precondition1"	[0.00 s].
0.0.AB: Trace Attempt  1	[0.00 s]
0.0.AB: Trace Attempt  2	[0.00 s]
0.0.AB: Trace Attempt  3	[0.00 s]
0.0.AB: Trace Attempt  4	[0.00 s]
0.0.AB: Trace Attempt  5	[0.00 s]
0.0.AB: Trace Attempt  1	[0.00 s]
0.0.AB: Trace Attempt  2	[0.01 s]
0.0.AB: Trace Attempt  3	[0.01 s]
0.0.AB: Trace Attempt  4	[0.01 s]
0.0.AB: Trace Attempt  5	[0.01 s]
0.0.K: Stopped processing property "rgbmatrix.sva._assert_6:precondition1"	[2.42 s].
0.0.K: Morphing to Hts
0.0.K: Trace Attempt 303	[0.02 s]
0.0.K: All properties determined. [0.00 s]
0.0.K: Exited with Success (@ 0.00 s)
0.0.Hts: clocks: 1, declared: 1, disabling: 0, posedge: 1, negedge: 0, noedge: 0, bothedge: 0
0.0.Hts: Starting proof for property "rgbmatrix.sva._assert_18:precondition1"	[0.00 s].
0.0.Hts: Trace Attempt  1	[0.00 s]
0.0.Hts: Trace Attempt  2	[0.00 s]
0.0.Hts: Trace Attempt  3	[0.00 s]
0.0.Hts: Trace Attempt  4	[0.00 s]
0.0.Hts: Trace Attempt  5	[0.00 s]
0.0.AB: Trace Attempt  1	[0.02 s]
0.0.AB: Trace Attempt  2	[0.02 s]
0.0.AB: Trace Attempt  3	[0.02 s]
0.0.AB: Trace Attempt  4	[0.02 s]
0.0.AB: Trace Attempt  5	[0.02 s]
0.0.AB: Trace Attempt  1	[0.06 s]
0.0.AB: Trace Attempt  2	[0.06 s]
0.0.AB: Trace Attempt  3	[0.06 s]
0.0.AB: Trace Attempt  4	[0.06 s]
0.0.AB: Trace Attempt  5	[0.06 s]
0.0.AB: Trace Attempt  1	[0.22 s]
0.0.AB: Trace Attempt  2	[0.22 s]
0.0.AB: Trace Attempt  3	[0.22 s]
0.0.AB: Trace Attempt  4	[0.22 s]
0.0.AB: Trace Attempt  5	[0.22 s]
0.0.Ht: Trace Attempt 898	[204.04 s]
0.0.Hts: Trace Attempt 895	[0.29 s]
0.0.Hts: Per property time limit expired (3.99 s) [3.99 s]
0.0.Hts: Stopped processing property "rgbmatrix.sva._assert_18:precondition1"	[3.99 s].
0.0.Hts: Starting proof for property "rgbmatrix.sva._cover_30"	[0.00 s].
0.0.AB: Stopped processing property "rgbmatrix.sva._assert_18:precondition1"	[4.01 s].
0.0.AB: Starting proof for property "rgbmatrix.sva._cover_30"	[0.00 s].
0.0.AB: Trace Attempt  1	[0.00 s]
0.0.AB: Trace Attempt  2	[0.00 s]
0.0.AB: Trace Attempt  3	[0.00 s]
0.0.AB: Trace Attempt  4	[0.00 s]
0.0.AB: Trace Attempt  5	[0.00 s]
0.0.AB: Trace Attempt  1	[0.01 s]
0.0.AB: Trace Attempt  2	[0.01 s]
0.0.AB: Trace Attempt  3	[0.01 s]
0.0.AB: Trace Attempt  4	[0.01 s]
0.0.AB: Trace Attempt  5	[0.01 s]
0.0.Hts: Trace Attempt  1	[0.03 s]
0.0.Hts: Trace Attempt  2	[0.03 s]
0.0.Hts: Trace Attempt  3	[0.03 s]
0.0.Hts: Trace Attempt  4	[0.03 s]
0.0.Hts: Trace Attempt  5	[0.03 s]
0.0.AB: Trace Attempt  1	[0.04 s]
0.0.AB: Trace Attempt  2	[0.04 s]
0.0.AB: Trace Attempt  3	[0.04 s]
0.0.AB: Trace Attempt  4	[0.04 s]
0.0.AB: Trace Attempt  5	[0.04 s]
0.0.AB: Trace Attempt  1	[0.45 s]
0.0.AB: Trace Attempt  2	[0.45 s]
0.0.AB: Trace Attempt  3	[0.45 s]
0.0.AB: Trace Attempt  4	[0.45 s]
0.0.AB: Trace Attempt  5	[0.45 s]
0.0.Ht: Trace Attempt 907	[208.16 s]
0.0.AB: Trace Attempt 326	[3.97 s]
0.0.AB: Per property time limit expired (4.00 s) [4.01 s]
0.0.AB: Stopped processing property "rgbmatrix.sva._cover_30"	[4.01 s].
0.0.AB: Starting proof for property "rgbmatrix.sva._assert_6:precondition1"	[0.00 s].
0.0.AB: Trace Attempt  1	[0.00 s]
0.0.AB: Trace Attempt  2	[0.00 s]
0.0.AB: Trace Attempt  3	[0.00 s]
0.0.AB: Trace Attempt  4	[0.00 s]
0.0.AB: Trace Attempt  5	[0.00 s]
0.0.AB: Trace Attempt  1	[0.01 s]
0.0.AB: Trace Attempt  2	[0.01 s]
0.0.AB: Trace Attempt  3	[0.01 s]
0.0.AB: Trace Attempt  4	[0.01 s]
0.0.AB: Trace Attempt  5	[0.01 s]
0.0.AB: Trace Attempt  1	[0.01 s]
0.0.AB: Trace Attempt  2	[0.01 s]
0.0.AB: Trace Attempt  3	[0.01 s]
0.0.AB: Trace Attempt  4	[0.01 s]
0.0.AB: Trace Attempt  5	[0.01 s]
0.0.AB: Trace Attempt  1	[0.05 s]
0.0.AB: Trace Attempt  2	[0.05 s]
0.0.AB: Trace Attempt  3	[0.05 s]
0.0.AB: Trace Attempt  4	[0.06 s]
0.0.AB: Trace Attempt  5	[0.06 s]
0.0.AB: Trace Attempt  1	[0.30 s]
0.0.AB: Trace Attempt  2	[0.30 s]
0.0.AB: Trace Attempt  3	[0.30 s]
0.0.AB: Trace Attempt  4	[0.30 s]
0.0.AB: Trace Attempt  5	[0.30 s]
0.0.Hts: Trace Attempt 901	[0.32 s]
0.0.Hts: Per property time limit expired (4.00 s) [4.95 s]
0.0.Hts: Stopped processing property "rgbmatrix.sva._cover_30"	[4.95 s].
0.0.Hts: Starting proof for property "rgbmatrix.sva._assert_6:precondition1"	[0.00 s].
0.0.Hts: Trace Attempt  1	[0.02 s]
0.0.Hts: Trace Attempt  2	[0.02 s]
0.0.Hts: Trace Attempt  3	[0.02 s]
0.0.Hts: Trace Attempt  4	[0.02 s]
0.0.Hts: Trace Attempt  5	[0.02 s]
0.0.Hts: Stopped processing property "rgbmatrix.sva._assert_6:precondition1"	[0.03 s].
0.0.Hts: Morphing to K
0.0.Hts: Trace Attempt 100	[0.03 s]
0.0.Hts: All properties determined. [0.00 s]
0.0.Hts: Exited with Success (@ 0.00 s)
0.0.K: clocks: 1, declared: 1, disabling: 0, posedge: 1, negedge: 0, noedge: 0, bothedge: 0
0.0.K: Starting proof for property "rgbmatrix.sva._assert_6:precondition1"	[0.00 s].
0.0.AB: Stopped processing property "rgbmatrix.sva._assert_6:precondition1"	[0.97 s].
0.0.AB: Morphing to I
0.0.AB: Trace Attempt 90	[0.96 s]
0.0.AB: All properties determined. [0.00 s]
0.0.AB: Exited with Success (@ 0.00 s)
0.0.I: clocks: 1, declared: 1, disabling: 0, posedge: 1, negedge: 0, noedge: 0, bothedge: 0
0.0.I: Starting proof for property "rgbmatrix.sva._assert_6:precondition1"	[0.00 s].
0.0.I: Trace Attempt 30	[0.00 s]
0.0.K: Trace Attempt 303	[0.02 s]
0.0.I: Trace Attempt  1	[0.15 s]
0.0.I: Trace Attempt  2	[0.15 s]
0.0.I: Trace Attempt  3	[0.16 s]
0.0.I: Trace Attempt  5	[0.16 s]
0.0.Ht: Trace Attempt 914	[212.50 s]
0.0.Ht: Trace Attempt 916	[216.82 s]
0.0.I: Trace Attempt 49	[3.39 s]
0.0.I: Per property time limit expired (8.00 s) [8.00 s]
0.0.I: Stopped processing property "rgbmatrix.sva._assert_6:precondition1"	[8.00 s].
0.0.I: Starting proof for property "rgbmatrix.sva._cover_30"	[0.00 s].
0.0.I: Trace Attempt  5	[0.00 s]
0.0.I: Trace Attempt  1	[0.01 s]
0.0.I: Trace Attempt  2	[0.01 s]
0.0.I: Trace Attempt  3	[0.01 s]
0.0.K: Per property time limit expired (8.00 s) [8.02 s]
0.0.K: Stopped processing property "rgbmatrix.sva._assert_6:precondition1"	[8.02 s].
0.0.K: Starting proof for property "rgbmatrix.sva._cover_30"	[0.00 s].
0.0.K: Trace Attempt  1	[0.01 s]
0.0.K: Trace Attempt  2	[0.01 s]
0.0.K: Trace Attempt  3	[0.01 s]
0.0.K: Trace Attempt  4	[0.01 s]
0.0.K: Trace Attempt  5	[0.01 s]
0.0.I: Trace Attempt  1	[2.12 s]
0.0.I: Trace Attempt  2	[2.12 s]
0.0.I: Trace Attempt  3	[2.12 s]
0.0.Ht: Trace Attempt 927	[221.31 s]
0.0.K: Trace Attempt 361	[4.01 s]
0.0.Ht: Trace Attempt 932	[225.36 s]
0.0.I: Trace Attempt 77	[7.88 s]
0.0.I: Per property time limit expired (8.00 s) [8.00 s]
0.0.I: Stopped processing property "rgbmatrix.sva._cover_30"	[8.00 s].
0.0.I: Starting proof for property "rgbmatrix.sva._assert_6:precondition1"	[0.00 s].
0.0.K: Stopped processing property "rgbmatrix.sva._cover_30"	[7.99 s].
0.0.K: Starting proof for property "rgbmatrix.sva._assert_6:precondition1"	[0.00 s].
0.0.I: Trace Attempt  1	[0.15 s]
0.0.I: Trace Attempt  2	[0.15 s]
0.0.I: Trace Attempt  3	[0.15 s]
0.0.I: Trace Attempt  5	[0.16 s]
0.0.Ht: Trace Attempt 941	[229.73 s]
0.0.Ht: Trace Attempt 949	[233.83 s]
0.0.I: Stopped processing property "rgbmatrix.sva._assert_6:precondition1"	[7.74 s].
0.0.I: Morphing to AM
0.0.I: Trace Attempt 49	[3.38 s]
0.0.I: All properties determined. [0.00 s]
0.0.I: Exited with Success (@ 0.00 s)
0.0.AM: clocks: 1, declared: 1, disabling: 0, posedge: 1, negedge: 0, noedge: 0, bothedge: 0
0.0.AM: Starting proof for property "rgbmatrix.sva._assert_18:precondition1"	[0.00 s].
0.0.AM: Trace Attempt  1	[0.00 s]
0.0.AM: Trace Attempt  2	[0.00 s]
0.0.AM: Trace Attempt  3	[0.00 s]
0.0.AM: Trace Attempt  4	[0.00 s]
0.0.AM: Trace Attempt  5	[0.00 s]
0.0.AM: Trace Attempt  1	[0.00 s]
0.0.AM: Trace Attempt  2	[0.00 s]
0.0.AM: Trace Attempt  3	[0.00 s]
0.0.AM: Trace Attempt  5	[0.00 s]
0.0.K: Stopped processing property "rgbmatrix.sva._assert_6:precondition1"	[7.75 s].
0.0.K: Starting proof for property "rgbmatrix.sva._assert_18:precondition1"	[0.00 s].
0.0.AM: Trace Attempt  1	[0.02 s]
0.0.AM: Trace Attempt  2	[0.02 s]
0.0.AM: Trace Attempt  3	[0.02 s]
0.0.AM: Trace Attempt  5	[0.02 s]
0.0.AM: Trace Attempt  1	[0.32 s]
0.0.AM: Trace Attempt  2	[0.32 s]
0.0.AM: Trace Attempt  3	[0.32 s]
0.0.AM: Trace Attempt  5	[0.32 s]
0.0.AM: Trace Attempt 278	[4.86 s]
0.0.Ht: Trace Attempt 954	[239.61 s]
0.0.Hp: Interrupted (multi)
0.0.Hp: Morphing to Bm
0.0.Hp: All properties determined. [0.00 s]
0.0.Hp: Exited with Success (@ 0.00 s)
0.0.Bm: clocks: 1, declared: 1, disabling: 0, posedge: 1, negedge: 0, noedge: 0, bothedge: 0
0.0.Bm: Trace Attempt  1	[0.00 s]
0.0.Bm: Trace Attempt  2	[0.00 s]
0.0.Bm: Trace Attempt  3	[0.00 s]
0.0.Bm: Trace Attempt  4	[0.00 s]
0.0.Bm: Trace Attempt  5	[0.00 s]
0.0.Ht: Trace Attempt 967	[243.77 s]
0.0.Bm: Trace Attempt 96	[4.01 s]
0.0.AM: Trace Attempt 505	[11.67 s]
0.0.Ht: Trace Attempt 975	[248.28 s]
0.0.Bm: Trace Attempt 170	[8.09 s]
0.0.AM: Trace Attempt 557	[15.70 s]
0.0.AM: Trace Attempt 586	[15.98 s]
0.0.AM: Per property time limit expired (16.00 s) [16.05 s]
0.0.AM: Stopped processing property "rgbmatrix.sva._assert_18:precondition1"	[16.05 s].
0.0.AM: Starting proof for property "rgbmatrix.sva._assert_6:precondition1"	[0.00 s].
0.0.K: Trace Attempt 592	[0.04 s]
0.0.K: Per property time limit expired (16.00 s) [16.04 s]
0.0.K: Stopped processing property "rgbmatrix.sva._assert_18:precondition1"	[16.04 s].
0.0.K: Starting proof for property "rgbmatrix.sva._assert_6:precondition1"	[0.00 s].
0.0.AM: Trace Attempt  1	[0.00 s]
0.0.AM: Trace Attempt  2	[0.00 s]
0.0.AM: Trace Attempt  3	[0.00 s]
0.0.AM: Trace Attempt  4	[0.01 s]
0.0.AM: Trace Attempt  5	[0.01 s]
0.0.AM: Trace Attempt  1	[0.01 s]
0.0.AM: Trace Attempt  2	[0.01 s]
0.0.AM: Trace Attempt  3	[0.01 s]
0.0.AM: Trace Attempt  1	[0.02 s]
0.0.AM: Trace Attempt  2	[0.02 s]
0.0.AM: Trace Attempt  3	[0.02 s]
0.0.K: Trace Attempt 303	[0.02 s]
0.0.AM: Trace Attempt  1	[0.03 s]
0.0.AM: Trace Attempt  2	[0.03 s]
0.0.AM: Trace Attempt  3	[0.04 s]
0.0.AM: Trace Attempt  1	[0.08 s]
0.0.AM: Trace Attempt  2	[0.08 s]
0.0.AM: Trace Attempt  3	[0.08 s]
0.0.AM: Trace Attempt  4	[0.08 s]
0.0.AM: Trace Attempt  1	[0.29 s]
0.0.AM: Trace Attempt  2	[0.29 s]
0.0.AM: Trace Attempt  3	[0.29 s]
0.0.AM: Trace Attempt  4	[0.29 s]
0.0.AM: Trace Attempt  1	[0.48 s]
0.0.AM: Trace Attempt  2	[0.48 s]
0.0.AM: Trace Attempt  3	[0.49 s]
0.0.AM: Trace Attempt  4	[0.49 s]
0.0.AM: Stopped processing property "rgbmatrix.sva._assert_6:precondition1"	[1.14 s].
0.0.AM: Morphing to Tri
0.0.AM: Trace Attempt 65	[0.90 s]
0.0.AM: All properties determined. [0.00 s]
0.0.AM: Exited with Success (@ 0.00 s)
0.0.Tri: clocks: 1, declared: 1, disabling: 0, posedge: 1, negedge: 0, noedge: 0, bothedge: 0
0.0.K: Stopped processing property "rgbmatrix.sva._assert_6:precondition1"	[1.15 s].
0.0.K: Morphing to AB
0.0.K: All properties determined. [0.00 s]
0.0.K: Exited with Success (@ 0.00 s)
0.0.AB: clocks: 1, declared: 1, disabling: 0, posedge: 1, negedge: 0, noedge: 0, bothedge: 0
0.0.AB: Starting proof for property "rgbmatrix.sva._assert_6:precondition1"	[0.00 s].
0.0.AB: Trace Attempt  1	[0.00 s]
0.0.AB: Trace Attempt  2	[0.00 s]
0.0.AB: Trace Attempt  3	[0.00 s]
0.0.AB: Trace Attempt  4	[0.00 s]
0.0.AB: Trace Attempt  5	[0.00 s]
0.0.AB: Trace Attempt  1	[0.00 s]
0.0.AB: Trace Attempt  2	[0.00 s]
0.0.AB: Trace Attempt  3	[0.00 s]
0.0.AB: Trace Attempt  4	[0.00 s]
0.0.AB: Trace Attempt  5	[0.00 s]
0.0.AB: Trace Attempt  1	[0.01 s]
0.0.AB: Trace Attempt  2	[0.01 s]
0.0.AB: Trace Attempt  3	[0.01 s]
0.0.AB: Trace Attempt  4	[0.01 s]
0.0.AB: Trace Attempt  5	[0.01 s]
0.0.Tri: Starting proof for property "rgbmatrix.sva._assert_6:precondition1"	[0.00 s].
0.0.Tri: Trace Attempt  1	[0.00 s]
0.0.AB: Trace Attempt  1	[0.04 s]
0.0.AB: Trace Attempt  2	[0.04 s]
0.0.AB: Trace Attempt  3	[0.04 s]
0.0.AB: Trace Attempt  4	[0.04 s]
0.0.AB: Trace Attempt  5	[0.04 s]
0.0.Tri:    0.00" ---- Launching main thread ----
0.0.Tri:    0.12" ---- Launching abstraction thread ----
0.0.Tri:    0.14" ---- Launching multi-phase simplification thread ----
0.0.AB: Trace Attempt  1	[0.25 s]
0.0.AB: Trace Attempt  2	[0.25 s]
0.0.AB: Trace Attempt  3	[0.25 s]
0.0.AB: Trace Attempt  4	[0.25 s]
0.0.AB: Trace Attempt  5	[0.25 s]
0.0.Tri: Trace Attempt  2	[0.24 s]
0.0.Tri: Trace Attempt  3	[0.24 s]
0.0.Tri: Trace Attempt  4	[0.24 s]
0.0.Tri: Trace Attempt  5	[0.24 s]
0.0.Ht: Trace Attempt 986	[253.03 s]
0.0.Tri:    1.12" Simplification phase 1 complete
0.0.Bm: Trace Attempt 239	[12.14 s]
0.0.Tri:    1.17" Simplification phase 2 complete
0.0.Tri:    1.22" Simplification phase 3 complete
   1.22" ---- Completed simplification thread ----
   1.22" ---- Restarting main thread on simplified netlist ----
0.0.Tri:    1.34" ---- Restarting abstraction thread on simplified netlist ----
0.0.Tri: Trace Attempt 1537	[0.73 s]
0.0.Tri: A trace with 1537 cycles was found. [1.88 s]
INFO (IPF047): 0.0.Tri: The cover property "rgbmatrix.sva._assert_6:precondition1" was covered in 1537 cycles in 1.91 s.
0.0.AB: Stopped processing property "rgbmatrix.sva._assert_6:precondition1"	[1.93 s].
0.0.AB: Starting proof for property "rgbmatrix.sva._assert_7:precondition1"	[0.00 s].
0.0.AB: Trace Attempt  1	[0.00 s]
0.0.AB: Trace Attempt  2	[0.00 s]
0.0.AB: Trace Attempt  3	[0.00 s]
0.0.AB: Trace Attempt  4	[0.00 s]
0.0.AB: Trace Attempt  5	[0.00 s]
0.0.AB: Trace Attempt  1	[0.00 s]
0.0.AB: Trace Attempt  2	[0.00 s]
0.0.AB: Trace Attempt  3	[0.00 s]
0.0.AB: Trace Attempt  4	[0.00 s]
0.0.AB: Trace Attempt  5	[0.00 s]
0.0.Tri: Stopped processing property "rgbmatrix.sva._assert_6:precondition1"	[1.92 s].
0.0.Tri: Starting proof for property "rgbmatrix.sva._assert_7:precondition1"	[0.00 s].
0.0.Tri: Trace Attempt  1	[0.00 s]
0.0.AB: Trace Attempt  1	[0.01 s]
0.0.AB: Trace Attempt  2	[0.01 s]
0.0.AB: Trace Attempt  3	[0.01 s]
0.0.AB: Trace Attempt  4	[0.01 s]
0.0.AB: Trace Attempt  5	[0.01 s]
0.0.Tri:    1.86" ---- Launching main thread ----
0.0.AB: Trace Attempt  1	[0.09 s]
0.0.AB: Trace Attempt  2	[0.09 s]
0.0.AB: Trace Attempt  3	[0.09 s]
0.0.AB: Trace Attempt  4	[0.09 s]
0.0.AB: Trace Attempt  5	[0.09 s]
0.0.Tri:    1.98" ---- Launching abstraction thread ----
0.0.Tri:    2.00" ---- Launching multi-phase simplification thread ----
0.0.Tri: Trace Attempt  2	[0.18 s]
0.0.Tri: Trace Attempt  3	[0.18 s]
0.0.Tri: Trace Attempt  4	[0.18 s]
0.0.Tri: Trace Attempt  5	[0.18 s]
0.0.AB: Trace Attempt  1	[0.76 s]
0.0.AB: Trace Attempt  2	[0.76 s]
0.0.AB: Trace Attempt  3	[0.76 s]
0.0.AB: Trace Attempt  4	[0.76 s]
0.0.AB: Trace Attempt  5	[0.76 s]
0: ProofGrid usable level: 4
0.0.Tri: Trace Attempt 3073	[1.06 s]
0.0.Tri: A trace with 3073 cycles was found. [1.07 s]
INFO (IPF047): 0.0.Tri: The cover property "rgbmatrix.sva._assert_7:precondition1" was covered in 3073 cycles in 1.13 s.
0.0.AB: Stopped processing property "rgbmatrix.sva._assert_7:precondition1"	[1.14 s].
0.0.AB: Starting proof for property "rgbmatrix.sva._assert_17:precondition1"	[0.00 s].
0.0.AB: Trace Attempt  1	[0.00 s]
0.0.AB: Trace Attempt  2	[0.00 s]
0.0.AB: Trace Attempt  3	[0.00 s]
0.0.AB: Trace Attempt  4	[0.00 s]
0.0.AB: Trace Attempt  5	[0.00 s]
0.0.AB: Trace Attempt  1	[0.00 s]
0.0.AB: Trace Attempt  2	[0.00 s]
0.0.AB: Trace Attempt  3	[0.00 s]
0.0.AB: Trace Attempt  4	[0.00 s]
0.0.AB: Trace Attempt  5	[0.00 s]
0.0.AB: Trace Attempt  1	[0.01 s]
0.0.AB: Trace Attempt  2	[0.01 s]
0.0.AB: Trace Attempt  3	[0.01 s]
0.0.AB: Trace Attempt  4	[0.01 s]
0.0.AB: Trace Attempt  5	[0.01 s]
0.0.Tri: Stopped processing property "rgbmatrix.sva._assert_7:precondition1"	[1.14 s].
0.0.Tri: Starting proof for property "rgbmatrix.sva._assert_17:precondition1"	[0.00 s].
0.0.Tri: Trace Attempt  1	[0.00 s]
0.0.Tri:    3.00" ---- Launching main thread ----
0.0.AB: Trace Attempt  1	[0.03 s]
0.0.AB: Trace Attempt  2	[0.03 s]
0.0.AB: Trace Attempt  3	[0.03 s]
0.0.AB: Trace Attempt  4	[0.03 s]
0.0.AB: Trace Attempt  5	[0.03 s]
0.0.Tri:    3.12" ---- Launching abstraction thread ----
0.0.Tri:    3.14" ---- Launching multi-phase simplification thread ----
0.0.Tri: Trace Attempt  2	[0.19 s]
0.0.Tri: Trace Attempt  3	[0.19 s]
0.0.Tri: Trace Attempt  4	[0.19 s]
0.0.Tri: Trace Attempt  5	[0.19 s]
0.0.AB: Trace Attempt  1	[0.34 s]
0.0.AB: Trace Attempt  2	[0.34 s]
0.0.AB: Trace Attempt  3	[0.34 s]
0.0.AB: Trace Attempt  4	[0.34 s]
0.0.AB: Trace Attempt  5	[0.35 s]
0: ProofGrid usable level: 3
0.0.AB: Trace Attempt  1	[0.77 s]
0.0.AB: Trace Attempt  2	[0.77 s]
0.0.AB: Trace Attempt  3	[0.77 s]
0.0.AB: Trace Attempt  4	[0.77 s]
0.0.AB: Trace Attempt  5	[0.77 s]
0.0.Tri:    4.37" Simplification phase 1 complete
0.0.AB: Trace Attempt  1	[1.39 s]
0.0.AB: Trace Attempt  2	[1.39 s]
0.0.AB: Trace Attempt  3	[1.39 s]
0.0.AB: Trace Attempt  4	[1.39 s]
0.0.AB: Trace Attempt  5	[1.39 s]
0.0.Tri:    4.42" Simplification phase 2 complete
0.0.Tri:    4.47" Simplification phase 3 complete
   4.47" ---- Completed simplification thread ----
   4.47" ---- Restarting main thread on simplified netlist ----
0.0.AB: Stopped processing property "rgbmatrix.sva._assert_17:precondition1"	[1.53 s].
0.0.AB: Morphing to D
0.0.AB: Trace Attempt 71	[1.54 s]
0.0.AB: All properties determined. [0.00 s]
0.0.AB: Exited with Success (@ 0.00 s)
0.0.D: clocks: 1, declared: 1, disabling: 0, posedge: 1, negedge: 0, noedge: 0, bothedge: 0
0.0.D: Starting proof for property "rgbmatrix.sva._assert_17:precondition1"	[0.00 s].
0.0.D: Trace Attempt  1	[0.00 s]
0.0.D: Trace Attempt  2	[0.00 s]
0.0.D: Trace Attempt  3	[0.00 s]
0.0.Tri:    4.59" ---- Restarting abstraction thread on simplified netlist ----
0.0.Tri: Stopped processing property "rgbmatrix.sva._assert_17:precondition1"	[1.59 s].
0.0.Tri: Starting proof for property "rgbmatrix.sva._assert_17:precondition1"	[0.00 s].
0.0.Tri: Trace Attempt  1	[0.00 s]
0.0.Tri:    4.61" ---- Launching main thread ----
0.0.Tri:    4.72" ---- Launching abstraction thread ----
0.0.Tri:    4.74" ---- Launching multi-phase simplification thread ----
0.0.Bm: Trace Attempt 328	[16.17 s]
0.0.Tri:    5.61" Simplification phase 1 complete
0.0.Tri:    5.65" Simplification phase 2 complete
0.0.Tri:    5.71" Simplification phase 3 complete
   5.71" ---- Completed simplification thread ----
   5.71" ---- Restarting main thread on simplified netlist ----
0.0.Tri:    5.84" ---- Restarting abstraction thread on simplified netlist ----
0.0.D: Trace Attempt 29	[0.24 s]
0.0.D: Per property time limit expired (2.00 s) [2.00 s]
0.0.D: Stopped processing property "rgbmatrix.sva._assert_17:precondition1"	[2.00 s].
0.0.D: Starting proof for property "rgbmatrix.sva._assert_18:precondition1"	[0.00 s].
0.0.D: Trace Attempt  1	[0.00 s]
0.0.D: Trace Attempt  2	[0.00 s]
0.0.D: Trace Attempt  3	[0.00 s]
0.0.Tri: Trace Attempt 3111	[1.85 s]
0.0.Tri: Per property time limit expired (2.00 s) [2.06 s]
0.0.Tri: Stopped processing property "rgbmatrix.sva._assert_17:precondition1"	[2.06 s].
0.0.Tri: Starting proof for property "rgbmatrix.sva._assert_18:precondition1"	[0.00 s].
0.0.Tri: Trace Attempt  1	[0.00 s]
0.0.Tri:    6.65" ---- Launching main thread ----
0.0.Tri:    6.76" ---- Launching abstraction thread ----
0.0.Tri:    6.78" ---- Launching multi-phase simplification thread ----
0.0.Tri: Trace Attempt  2	[0.19 s]
0.0.Tri: Trace Attempt  3	[0.19 s]
0.0.Tri: Trace Attempt  4	[0.19 s]
0.0.Tri: Trace Attempt  5	[0.19 s]
0.0.Tri:    7.84" Simplification phase 1 complete
0.0.Tri:    7.92" Simplification phase 2 complete
0.0.Tri:    8.21" Simplification phase 3 complete
   8.21" ---- Completed simplification thread ----
   8.21" ---- Restarting main thread on simplified netlist ----
0.0.Tri:    8.33" ---- Restarting abstraction thread on simplified netlist ----
0.0.D: Trace Attempt 29	[0.27 s]
0.0.D: Per property time limit expired (2.00 s) [2.00 s]
0.0.D: Stopped processing property "rgbmatrix.sva._assert_18:precondition1"	[2.00 s].
0.0.D: Starting proof for property "rgbmatrix.sva._assert_17:precondition1"	[0.00 s].
0.0.D: Trace Attempt 29	[0.00 s]
0.0.Tri: Trace Attempt 1896	[0.79 s]
0.0.Tri: Per property time limit expired (2.00 s) [2.08 s]
0.0.Tri: Stopped processing property "rgbmatrix.sva._assert_18:precondition1"	[2.09 s].
0.0.Tri: Starting proof for property "rgbmatrix.sva._assert_17:precondition1"	[0.00 s].
0.0.Tri: Trace Attempt  1	[0.00 s]
0.0.Tri:    8.73" ---- Launching main thread ----
0.0.Tri:    8.85" ---- Launching abstraction thread ----
0.0.Tri:    8.87" ---- Launching multi-phase simplification thread ----
0.0.Bm: Trace Attempt 377	[20.34 s]
0.0.Tri:    9.73" Simplification phase 1 complete
0.0.Tri:    9.78" Simplification phase 2 complete
0.0.Tri:    9.83" Simplification phase 3 complete
   9.83" ---- Completed simplification thread ----
   9.83" ---- Restarting main thread on simplified netlist ----
0.0.Ht: Trace Attempt 1033	[261.79 s]
0.0.Tri:    9.95" ---- Restarting abstraction thread on simplified netlist ----
0.0.Tri: Trace Attempt 3111	[2.86 s]
0.0.Tri: A trace with 3111 cycles was found. [2.86 s]
INFO (IPF047): 0.0.Tri: The cover property "rgbmatrix.sva._assert_17:precondition1" was covered in 3111 cycles in 2.93 s.
0.0.D: Stopped processing property "rgbmatrix.sva._assert_17:precondition1"	[3.13 s].
0.0.D: Starting proof for property "rgbmatrix.sva._assert_18:precondition1"	[0.00 s].
0.0.Tri: Stopped processing property "rgbmatrix.sva._assert_17:precondition1"	[2.93 s].
0.0.Tri: Starting proof for property "rgbmatrix.sva._assert_18:precondition1"	[0.00 s].
0.0.Tri: Trace Attempt  1	[0.00 s]
0.0.Tri:   11.67" ---- Launching main thread ----
0.0.Tri:   11.78" ---- Launching abstraction thread ----
0.0.Tri:   11.80" ---- Launching multi-phase simplification thread ----
0: ProofGrid usable level: 2
0.0.D: Stopped processing property "rgbmatrix.sva._assert_18:precondition1"	[0.22 s].
0.0.D: Morphing to AM
0.0.D: Trace Attempt 29	[0.00 s]
0.0.D: All properties determined. [0.00 s]
0.0.D: Exited with Success (@ 0.00 s)
0.0.AM: clocks: 1, declared: 1, disabling: 0, posedge: 1, negedge: 0, noedge: 0, bothedge: 0
0.0.AM: Starting proof for property "rgbmatrix.sva._cover_30"	[0.00 s].
0.0.AM: Trace Attempt  1	[0.00 s]
0.0.AM: Trace Attempt  2	[0.00 s]
0.0.AM: Trace Attempt  3	[0.00 s]
0.0.AM: Trace Attempt  4	[0.00 s]
0.0.AM: Trace Attempt  5	[0.00 s]
0.0.AM: Trace Attempt  1	[0.00 s]
0.0.AM: Trace Attempt  2	[0.00 s]
0.0.AM: Trace Attempt  3	[0.00 s]
0.0.AM: Trace Attempt  1	[0.04 s]
0.0.AM: Trace Attempt  2	[0.04 s]
0.0.AM: Trace Attempt  3	[0.04 s]
0.0.Tri: Stopped processing property "rgbmatrix.sva._assert_18:precondition1"	[0.33 s].
0.0.Tri: Starting proof for property "rgbmatrix.sva._cover_30"	[0.00 s].
0.0.Tri: Trace Attempt  1	[0.00 s]
0.0.Tri:   12.00" ---- Launching main thread ----
0.0.AM: Trace Attempt  1	[0.16 s]
0.0.AM: Trace Attempt  2	[0.16 s]
0.0.AM: Trace Attempt  3	[0.16 s]
0.0.Tri:   12.12" ---- Launching abstraction thread ----
0.0.Tri:   12.14" ---- Launching multi-phase simplification thread ----
0.0.Tri: Trace Attempt  2	[0.18 s]
0.0.Tri: Trace Attempt  3	[0.18 s]
0.0.Tri: Trace Attempt  4	[0.18 s]
0.0.Tri: Trace Attempt  5	[0.18 s]
0.0.AM: Trace Attempt  1	[0.35 s]
0.0.AM: Trace Attempt  2	[0.35 s]
0.0.AM: Trace Attempt  3	[0.35 s]
0.0.Tri:   13.22" Simplification phase 1 complete
0.0.Tri:   13.26" Simplification phase 2 complete
0.0.AM: Trace Attempt  1	[1.41 s]
0.0.AM: Trace Attempt  2	[1.41 s]
0.0.AM: Trace Attempt  3	[1.41 s]
0.0.Tri:   13.31" Simplification phase 3 complete
  13.31" ---- Completed simplification thread ----
  13.31" ---- Restarting main thread on simplified netlist ----
0.0.Tri:   13.43" ---- Restarting abstraction thread on simplified netlist ----
0.0.AM: Trace Attempt 176	[1.99 s]
0.0.AM: Per property time limit expired (2.00 s) [2.00 s]
0.0.AM: Stopped processing property "rgbmatrix.sva._cover_30"	[2.00 s].
0.0.AM: Starting proof for property "rgbmatrix.sva._assert_18:precondition1"	[0.00 s].
0.0.AM: Trace Attempt  1	[0.00 s]
0.0.AM: Trace Attempt  2	[0.00 s]
0.0.AM: Trace Attempt  3	[0.00 s]
0.0.AM: Trace Attempt  4	[0.00 s]
0.0.AM: Trace Attempt  5	[0.00 s]
0.0.AM: Trace Attempt  1	[0.00 s]
0.0.AM: Trace Attempt  2	[0.00 s]
0.0.AM: Trace Attempt  3	[0.00 s]
0.0.AM: Trace Attempt  5	[0.00 s]
0.0.AM: Trace Attempt  1	[0.01 s]
0.0.AM: Trace Attempt  2	[0.01 s]
0.0.AM: Trace Attempt  3	[0.01 s]
0.0.AM: Trace Attempt  5	[0.01 s]
0.0.Tri: Stopped processing property "rgbmatrix.sva._cover_30"	[1.95 s].
0.0.Tri: Starting proof for property "rgbmatrix.sva._assert_18:precondition1"	[0.00 s].
0.0.Tri: Trace Attempt  1	[0.00 s]
0.0.Tri:   13.95" ---- Launching main thread ----
0.0.Tri:   14.07" ---- Launching abstraction thread ----
0.0.Tri:   14.09" ---- Launching multi-phase simplification thread ----
0.0.AM: Trace Attempt  1	[0.30 s]
0.0.AM: Trace Attempt  2	[0.30 s]
0.0.AM: Trace Attempt  3	[0.30 s]
0.0.AM: Trace Attempt  5	[0.30 s]
0.0.Tri:   14.93" Simplification phase 1 complete
0.0.Tri:   14.99" Simplification phase 2 complete
0.0.Tri:   15.05" Simplification phase 3 complete
  15.05" ---- Completed simplification thread ----
  15.05" ---- Restarting main thread on simplified netlist ----
0.0.AM: Stopped processing property "rgbmatrix.sva._assert_18:precondition1"	[1.17 s].
0.0.AM: Morphing to Hts
0.0.AM: Trace Attempt 218	[1.16 s]
0.0.AM: All properties determined. [0.00 s]
0.0.AM: Exited with Success (@ 0.00 s)
0.0.Hts: Starting proof for property "rgbmatrix.sva._assert_18:precondition1"	[0.00 s].
0.0.Hts: Trace Attempt  1	[0.00 s]
0.0.Hts: Trace Attempt  2	[0.00 s]
0.0.Hts: Trace Attempt  3	[0.00 s]
0.0.Hts: Trace Attempt  4	[0.00 s]
0.0.Hts: Trace Attempt  5	[0.00 s]
0.0.Tri:   15.17" ---- Restarting abstraction thread on simplified netlist ----
0.0.Tri: Stopped processing property "rgbmatrix.sva._assert_18:precondition1"	[1.22 s].
0.0.Tri: Morphing to Ncustom1
0.0.Tri: All properties determined. [0.00 s]
0.0.Tri: Exited with Success (@ 0.00 s)
0.0.Ncustom1: clocks: 1, declared: 1, disabling: 0, posedge: 1, negedge: 0, noedge: 0, bothedge: 0
0.0.Ncustom1: Starting proof for property "rgbmatrix.sva._assert_18:precondition1"	[0.00 s].
0.0.Ncustom1: Trace Attempt 592	[0.07 s]
0.0.Bm: Trace Attempt 380	[27.25 s]
0.0.Bm: Trace Attempt 396	[32.22 s]
0.0.Hts: Trace Attempt 1896	[0.66 s]
0.0.Hts: Per property time limit expired (64.00 s) [64.00 s]
0.0.Hts: Stopped processing property "rgbmatrix.sva._assert_18:precondition1"	[64.00 s].
0.0.Hts: Starting proof for property "rgbmatrix.sva._assert_18:precondition1"	[0.00 s].
0.0.Ncustom1: Stopped processing property "rgbmatrix.sva._assert_18:precondition1"	[63.96 s].
0.0.Ncustom1: Starting proof for property "rgbmatrix.sva._assert_18:precondition1"	[0.00 s].
0.0.Hts: Trace Attempt  1	[0.12 s]
0.0.Hts: Trace Attempt  2	[0.12 s]
0.0.Hts: Trace Attempt  3	[0.12 s]
0.0.Hts: Trace Attempt  4	[0.12 s]
0.0.Hts: Trace Attempt  5	[0.12 s]
0.0.Bm: Trace Attempt 417	[98.64 s]
0.0.Ncustom1: Stopped processing property "rgbmatrix.sva._assert_18:precondition1"	[9.66 s].
0.0.Ncustom1: Morphing to Ncustom5
0.0.Ncustom1: Trace Attempt 592	[0.07 s]
0.0.Ncustom1: All properties determined. [0.00 s]
0.0.Ncustom1: Exited with Success (@ 0.00 s)
0.0.Ncustom5: clocks: 1, declared: 1, disabling: 0, posedge: 1, negedge: 0, noedge: 0, bothedge: 0
0.0.Ncustom5: Starting proof for property "rgbmatrix.sva._cover_30"	[0.00 s].
0.0.Ncustom5: Trace Attempt  1	[0.00 s]
0.0.Ncustom5: Trace Attempt  2	[0.00 s]
0.0.Ncustom5: Trace Attempt  3	[0.00 s]
0.0.Ncustom5: Trace Attempt  4	[0.00 s]
0.0.Ncustom5: Trace Attempt  5	[0.00 s]
0.0.Hts: Stopped processing property "rgbmatrix.sva._assert_18:precondition1"	[9.88 s].
0.0.Hts: Morphing to Tri
0.0.Hts: Trace Attempt 1896	[0.74 s]
0.0.Hts: All properties determined. [0.00 s]
0.0.Hts: Exited with Success (@ 0.00 s)
0.0.Tri: clocks: 1, declared: 1, disabling: 0, posedge: 1, negedge: 0, noedge: 0, bothedge: 0
0.0.Tri: Starting proof for property "rgbmatrix.sva._cover_30"	[0.00 s].
0.0.Tri: Trace Attempt  1	[0.00 s]
0.0.Tri:    0.00" ---- Launching main thread ----
0.0.Tri:    0.12" ---- Launching abstraction thread ----
0.0.Tri:    0.14" ---- Launching multi-phase simplification thread ----
0.0.Tri: Trace Attempt  2	[0.22 s]
0.0.Tri: Trace Attempt  3	[0.22 s]
0.0.Tri: Trace Attempt  4	[0.22 s]
0.0.Tri: Trace Attempt  5	[0.22 s]
0.0.Ncustom5: Trace Attempt  1	[0.58 s]
0.0.Ncustom5: Trace Attempt  2	[0.58 s]
0.0.Ncustom5: Trace Attempt  3	[0.58 s]
0.0.Tri:    1.98" Simplification phase 1 complete
0.0.Tri:    2.03" Simplification phase 2 complete
0.0.Tri:    2.09" Simplification phase 3 complete
   2.09" ---- Completed simplification thread ----
   2.09" ---- Restarting main thread on simplified netlist ----
0.0.Tri:    2.21" ---- Restarting abstraction thread on simplified netlist ----
0.0.Bm: Trace Attempt 558	[102.84 s]
0.0.Tri: Trace Attempt 6906	[4.22 s]
0.0.Ncustom5: Trace Attempt 428	[7.60 s]
0.0.Bm: Trace Attempt 643	[107.72 s]
0.0.Tri: Trace Attempt 14995	[8.34 s]
0.0.Bm: Trace Attempt 689	[111.74 s]
0.0.Ncustom5: Trace Attempt 522	[12.12 s]
0.0.Tri: Trace Attempt 25517	[12.60 s]
0.0.Bm: Trace Attempt 751	[115.75 s]
0.0.Ncustom5: Trace Attempt 815	[16.18 s]
0.0.Tri: Trace Attempt 33296	[16.99 s]
0.0.Bm: Trace Attempt 822	[120.36 s]
0.0.Tri: Trace Attempt 43286	[20.99 s]
0.0.Ncustom5: Trace Attempt 887	[23.69 s]
0.0.Tri: Trace Attempt 50967	[25.02 s]
0.0.Bm: Trace Attempt 823	[126.14 s]
0.0.Ncustom5: Trace Attempt 1110	[27.76 s]
0.0.Tri: Trace Attempt 60274	[29.02 s]
0.0.Ncustom5: Trace Attempt 1194	[31.82 s]
0.0.Tri: Trace Attempt 66431	[35.13 s]
0.0.Ncustom5: Trace Attempt 1235	[35.85 s]
0.0.Bm: Trace Attempt 824	[138.19 s]
0.0.Tri: Trace Attempt 73428	[39.13 s]
0.0.Ncustom5: Trace Attempt 1276	[43.26 s]
0.0.Tri: Trace Attempt 82533	[43.29 s]
0.0.Bm: Trace Attempt 825	[143.97 s]
0.0.Ncustom5: Trace Attempt 1475	[47.34 s]
0.0.Bm: Trace Attempt 847	[149.81 s]
0.0.Ncustom5: Trace Attempt 1615	[51.34 s]
0.0.Ncustom5: Trace Attempt 1760	[55.36 s]
0.0.Bm: Trace Attempt 852	[157.77 s]
0.0.Ncustom5: Trace Attempt 1956	[59.37 s]
0.0.Bm: Trace Attempt 884	[161.78 s]
0.0.Ncustom5: Trace Attempt 1992	[63.57 s]
0.0.Bm: Trace Attempt 936	[165.94 s]
0.0.Ncustom5: Trace Attempt 2011	[67.58 s]
0.0.Ncustom5: Trace Attempt 2034	[72.35 s]
0.0.Ncustom5: Trace Attempt 2056	[77.73 s]
0.0.Ncustom5: Trace Attempt 2072	[83.36 s]
0.0.Bm: Trace Attempt 943	[186.50 s]
0.0.Ncustom5: Trace Attempt 2090	[87.39 s]
0.0.Ncustom5: Trace Attempt 2107	[91.71 s]
0.0.Ncustom5: Trace Attempt 2114	[97.00 s]
0.0.Tri: Requesting engine job to stop
0.0.Ncustom5: Requesting engine job to stop
0.0.Ht: Requesting engine job to terminate
0.0.Bm: Requesting engine job to terminate
INFO (IPF144): 0: Initiating shutdown of proof [440.71 s]
0.0.Tri: Trace Attempt 89513	[45.76 s]
0.0.Tri: A trace with 89513 cycles was found. [97.07 s]
INFO (IPF047): 0.0.Tri: The cover property "rgbmatrix.sva._cover_30" was covered in 89513 cycles in 99.93 s.
INFO (IPF047): 0.0.Tri: The cover property "rgbmatrix.sva._assert_18:precondition1" was covered in 89511 cycles in 99.93 s by the incidental trace "rgbmatrix.sva._cover_30".
0: ProofGrid usable level: 0
0.0.Bm: Trace Attempt 944	[199.63 s]
0.0.Ht: Interrupted (multi)
0.0.Ht: Trace Attempt 1896	[264.32 s]
0.0.Ht: All properties determined. [440.66 s]
0.0.Ht: Exited with Success (@ 440.72 s)
0.0.Bm: All properties determined. [199.77 s]
0.0.Tri: Stopped processing property "rgbmatrix.sva._cover_30"	[99.93 s].
0.0.Bm: Exited with Success (@ 440.86 s)
0.0.Tri: All properties determined. [99.91 s]
0.0.Ncustom5: Stopped processing property "rgbmatrix.sva._cover_30"	[100.19 s].
0.0.Ncustom5: Trace Attempt 2120	[99.15 s]
0.0.Ncustom5: All properties determined. [100.19 s]
0.0.Tri: Exited with Success (@ 440.98 s)
0.0.Ncustom5: Exited with Success (@ 441.00 s)
0: --------------------------------------------------------------
ProofGrid Summary (utilization 99.99 %)
--------------------------------------------------------------
     engines started                               :    14
     engine jobs started                           :     4

    Average time in state (seconds)
    ------------------------------------------------------
    Engine  Pending     Running        Dead    Utilization
    ------------------------------------------------------
     Ht        0.05      440.66        0.00       99.99 %
     Bm        0.05      440.69        0.00       99.99 %
    Tri        0.05      440.42        0.00       99.99 %
    Ncustom5        0.05      440.50        0.00       99.99 %
    all        0.05      440.57        0.00       99.99 %

    Total time in state (seconds)
    -----------------------------------------
            Pending     Running        Dead  
    -----------------------------------------
               0.19     1762.27        0.00

    Data read    : 21.53 MiB
    Data written : 2.82 MiB

0: All pending notifications were processed.
INFO (IPF059): Completed proof on task: "<embedded>" for proof thread 0

==============================================================
SUMMARY
==============================================================
           Properties Considered              : 55
                 assertions                   : 27
                  - proven                    : 26 (96.2963%)
                  - bounded_proven (user)     : 0 (0%)
                  - bounded_proven (auto)     : 0 (0%)
                  - marked_proven             : 0 (0%)
                  - cex                       : 1 (3.7037%)
                  - ar_cex                    : 0 (0%)
                  - undetermined              : 0 (0%)
                  - unknown                   : 0 (0%)
                  - error                     : 0 (0%)
                 covers                       : 28
                  - unreachable               : 2 (7.14286%)
                  - bounded_unreachable (user): 0 (0%)
                  - covered                   : 26 (92.8571%)
                  - ar_covered                : 0 (0%)
                  - undetermined              : 0 (0%)
                  - unknown                   : 0 (0%)
                  - error                     : 0 (0%)
[<embedded>] % 
[<embedded>] % # ---- Covers (best effort) ----
[<embedded>] % catch { cover -all }
1
[<embedded>] % 
[<embedded>] % # ---- Write summary ----
[<embedded>] % set fp [open $SUMMARY_TXT "w"]
file43
[<embedded>] % puts $fp "DESIGN_ID=$DESIGN_ID"
[<embedded>] % puts $fp "TOP=$TOP"
[<embedded>] % puts $fp "ASSERT_COUNT=[llength $ASSERTS]"
[<embedded>] % puts $fp "COVER_COUNT=[llength $COVERS]"
[<embedded>] % puts $fp "PROP_LIST=$PROP_LIST_TXT"
[<embedded>] % close $fp
[<embedded>] % 
[<embedded>] % puts "\n✅ DONE: Proof run completed (check Jasper property table / log for PROVED/FAILED)"

✅ DONE: Proof run completed (check Jasper property table / log for PROVED/FAILED)
[<embedded>] % puts "INFO: Wrote $SUMMARY_TXT"
INFO: Wrote verification_results/02167/summary.txt
[<embedded>] % puts "INFO: Wrote $PROP_LIST_TXT"
INFO: Wrote verification_results/02167/property_list.txt
[<embedded>] % exit 0
INFO (IPL005): Received request to exit from the console.
INFO (IPL014): Waiting for the Tcl-thread to exit.
INFO: Waiting for proof threads to stop...
INFO: Proof threads stopped.
INFO (IPL018): The peak resident set memory use for this session was 1.779 GB.
INFO (IPL015): The Tcl-thread exited with status 0.
INFO (IPL016): Exiting the analysis session with status 0.
