JasperGold Apps 2021.03 FCS 64 bits 2021.03.23 02:50:43 UTC

Any disclosure about the Cadence Design Systems software or its use
model to any third party violates the written Non-Disclosure Agreement
between Cadence Design Systems, Inc. and the customer.

THIS SOFTWARE CONTAINS CONFIDENTIAL INFORMATION AND TRADE SECRETS OF
CADENCE DESIGN SYSTEMS, INC. USE, DISCLOSURE, OR REPRODUCTION IS
PROHIBITED WITHOUT THE PRIOR EXPRESS WRITTEN PERMISSION OF CADENCE
DESIGN SYSTEMS, INC.

Copyright (C) 2000-2021 Cadence Design Systems, Inc. All Rights
Reserved.  Unpublished -- rights reserved under the copyright laws of
the United States.

This product includes software developed by others and redistributed
according to license agreement. See doc/third_party_readme.txt for
further details.

RESTRICTED RIGHTS LEGEND

Use, duplication, or disclosure by the Government is subject to
restrictions as set forth in subparagraph (c) (1) (ii) of the Rights in
Technical Data and Computer Software clause at DFARS 252.227-7013 or
subparagraphs (c) (1) and (2) of Commercial Computer Software -- Restricted
Rights at 48 CFR 52.227-19, as applicable.


                          Cadence Design Systems, Inc. 
                          2655 Seely Avenue
                          San Jose, CA 95134
                          Phone: 408.943.1234

For technical assistance visit http://support.cadence.com.

JasperGold Apps Analysis Session - /home/ab2113/malik25_26/veri_thoughts/dataset/verification_results/version_2/ids/01807/jgproject/sessionLogs/session_0

INFO: successfully checked out license "jasper_fao".
INFO: reading configuration file "/home/ab2113/.config/jasper/jaspergold.conf".
% # ============================================================
% # JasperGold Assertion Verification Runner (env-driven)
% # Output: verification_results/ids/<DESIGN_ID>/
% #
% # Env:
% #   DESIGN_ID     : required (subfolder name)
% #   JG_DESIGN     : required, space/colon-separated RTL file paths OR a directory
% #   JG_SVA        : required, space/colon-separated SVA file paths OR a directory
% #
% # Optional:
% #   JG_TOP        : top module name. If missing, inferred from RTL (default: infer)
% #   JG_STD        : sv12 | sv11 | sv09 (default: sv12)
% #   JG_INCDIRS    : colon/space-separated include dirs (optional)
% #   JG_DEFINES    : space-separated defines NAME or NAME=VAL (optional)
% #   JG_NO_CLOCK   : 1 to force combinational clocking (default: 0)
% #   JG_RESET      : explicit reset signal name (optional)
% #   JG_RESET_EXPR : explicit reset expression (optional)
% #   JG_DUMP_VCD   : 1 to dump VCD waveforms for CEX properties (default: 0)
% # ============================================================
% 
% proc split_env_list {s} {
  if {$s eq ""} {return {}}
  set out {}
  foreach p [split $s " :"] { if {$p ne ""} {lappend out $p} }
  return $out
}
% 
% proc split_space_list {s} {
  if {$s eq ""} {return {}}
  set out {}
  foreach p [split $s " "] { if {$p ne ""} {lappend out $p} }
  return $out
}
% 
% proc collect_files_any {path} {
  # If path is a file, return it. If directory, glob common HDL extensions.
  if {[file isfile $path]} { return [list $path] }
  if {![file isdirectory $path]} { error "Not a file or directory: $path" }

  set patterns {*.sv *.svh *.v *.vh}
  set flist {}
  foreach p $patterns {
    foreach f [glob -nocomplain -types f -directory $path -tails -- $p] {
      lappend flist [file join $path $f]
    }
  }
  if {[llength $flist] == 0} { error "No HDL files found in directory: $path" }
  return $flist
}
% 
% proc read_file_text {path} {
  set fp [open $path "r"]
  set data [read $fp]
  close $fp
  return $data
}
% 
% proc strip_comments {text} {
  set out $text
  regsub -all {(?s)/\*.*?\*/} $out "" out
  regsub -all {(?m)//.*$} $out "" out
  return $out
}
% 
% proc infer_top_from_file {f} {
  if {![file isfile $f]} { return "" }
  set txt [strip_comments [read_file_text $f]]
  if {[regexp -nocase -line {^\s*module\s+([A-Za-z_][A-Za-z0-9_]*)} $txt -> m]} {
    return $m
  }
  return ""
}
% 
% proc find_reset_signal {top files} {
  set top_l [string tolower $top]
  set keywords {input output inout wire reg logic signed unsigned integer parameter localparam bit tri supply0 supply1 tri0 tri1 wand wor}
  foreach f $files {
    if {![file isfile $f]} { continue }
    set txt [strip_comments [read_file_text $f]]
    set re "(?s)\\mmodule\\s+${top_l}\\M\\s*(#\\s*\\(.*?\\)\\s*)?\\((.*?)\\)\\s*;"
    if {[regexp -nocase -- $re $txt -> _port_params portlist]} {
      set tokens [regexp -all -inline {\m[A-Za-z_][A-Za-z0-9_]*\M} $portlist]
      set names {}
      foreach t $tokens {
        set tl [string tolower $t]
        if {[lsearch -exact $keywords $tl] >= 0} { continue }
        lappend names $t
      }
      if {[llength $names] == 0} { continue }
      set lower_map [dict create]
      foreach n $names { dict set lower_map [string tolower $n] $n }
      set exact_priority {reset_n rst_n resetb rstb resetn rstn areset_n arst_n reset rst areset arst}
      foreach p $exact_priority {
        if {[dict exists $lower_map $p]} { return [dict get $lower_map $p] }
      }
      foreach n $names {
        set ln [string tolower $n]
        if {[regexp {(^|_)reset(_|$)} $ln] || [regexp {(^|_)rst(_|$)} $ln]} {
          return $n
        }
      }
    }
  }
  return ""
}
% 
% # ---- Auto-bind helpers ----
% 
% proc sva_files_have_bind {sva_files} {
  # Return 1 if any SVA file already contains a bind statement.
  foreach f $sva_files {
    if {![file isfile $f]} { continue }
    set txt [strip_comments [read_file_text $f]]
    if {[regexp -nocase {(?m)^\s*bind\s+} $txt]} { return 1 }
  }
  return 0
}
% 
% proc extract_module_ports {mod_name files} {
  # Extract port names for a given module from a list of files.
  # Returns a list of port names (order preserved, keywords stripped).
  set keywords {input output inout wire reg logic signed unsigned integer
                parameter localparam bit tri supply0 supply1 tri0 tri1 wand wor}
  foreach f $files {
    if {![file isfile $f]} { continue }
    set txt [strip_comments [read_file_text $f]]
    set re "(?s)\\mmodule\\s+${mod_name}\\M\\s*(#\\s*\\(.*?\\)\\s*)?\\((.*?)\\)\\s*;"
    if {[regexp -nocase -- $re $txt -> _params portlist]} {
      set tokens [regexp -all -inline {\m[A-Za-z_][A-Za-z0-9_]*\M} $portlist]
      set names {}
      foreach t $tokens {
        set tl [string tolower $t]
        if {[lsearch -exact $keywords $tl] >= 0} { continue }
        if {[lsearch -exact $names $t] < 0} { lappend names $t }
      }
      return $names
    }
  }
  return {}
}
% 
% proc generate_auto_bind {top dut_files sva_files out_dir} {
  # If SVA files lack a bind statement, generate one.
  # Returns: path to generated bind file, or "" if bind already exists / cannot generate.
  if {[sva_files_have_bind $sva_files]} {
    puts "INFO: SVA files already contain a bind statement"
    return ""
  }

  # Find the SVA module name (first module in SVA files that is NOT the DUT)
  set sva_mod ""
  foreach f $sva_files {
    if {![file isfile $f]} { continue }
    set txt [strip_comments [read_file_text $f]]
    set matches [regexp -all -inline -nocase {(?m)^\s*module\s+([A-Za-z_][A-Za-z0-9_]*)} $txt]
    foreach {_ mname} $matches {
      if {$mname ne $top} {
        set sva_mod $mname
        break
      }
    }
    if {$sva_mod ne ""} { break }
  }

  if {$sva_mod eq ""} {
    puts "WARN: Could not find SVA module name for auto-bind"
    return ""
  }

  # Get port lists
  set dut_ports [extract_module_ports $top $dut_files]
  set sva_ports [extract_module_ports $sva_mod $sva_files]

  if {[llength $sva_ports] == 0} {
    puts "WARN: SVA module $sva_mod has no ports; cannot auto-bind"
    return ""
  }

  # Build port connections: for each SVA port, connect to DUT port if name
  # matches (case-insensitive), otherwise leave unconnected.
  set dut_lower_map [dict create]
  foreach p $dut_ports { dict set dut_lower_map [string tolower $p] $p }

  set connections {}
  set unconnected {}
  foreach sp $sva_ports {
    set sp_lower [string tolower $sp]
    if {[dict exists $dut_lower_map $sp_lower]} {
      set dp [dict get $dut_lower_map $sp_lower]
      lappend connections "    .${sp}(${dp})"
    } else {
      lappend unconnected $sp
    }
  }

  if {[llength $connections] == 0} {
    puts "WARN: No matching ports between DUT ($top) and SVA ($sva_mod); cannot auto-bind"
    return ""
  }

  # Write the bind file
  set bind_path [file join $out_dir "auto_bind.sv"]
  set conn_str [join $connections ",\n"]
  set fp [open $bind_path "w"]
  puts $fp "// Auto-generated bind (no bind found in SVA files)"
  if {[llength $unconnected] > 0} {
    puts $fp "// NOTE: Unconnected SVA ports (not in DUT): [join $unconnected {, }]"
  }
  puts $fp "bind $top $sva_mod auto_sva_inst ("
  puts $fp $conn_str
  puts $fp ");"
  close $fp

  puts "INFO: Auto-generated bind: $bind_path"
  puts "  DUT=$top  SVA=$sva_mod"
  puts "  Connected ports: [llength $connections]"
  if {[llength $unconnected] > 0} {
    puts "  Unconnected SVA ports: [join $unconnected {, }]"
  }
  return $bind_path
}
% 
% # ---- Read config from environment ----
% if {![info exists ::env(DESIGN_ID)] || $::env(DESIGN_ID) eq ""} {
  puts "ERROR: DESIGN_ID not set."
  exit 2
}
% if {![info exists ::env(JG_DESIGN)] || $::env(JG_DESIGN) eq ""} {
  puts "ERROR: JG_DESIGN not set."
  exit 2
}
% if {![info exists ::env(JG_SVA)] || $::env(JG_SVA) eq ""} {
  puts "ERROR: JG_SVA not set."
  exit 2
}
% 
% set DESIGN_ID $::env(DESIGN_ID)
01807
% 
% # JG_TOP is optional: if missing, infer from RTL
% set TOP ""
% if {[info exists ::env(JG_TOP)] && $::env(JG_TOP) ne ""} {
  set TOP $::env(JG_TOP)
}
% 
% set STD      [expr {[info exists ::env(JG_STD)] ? $::env(JG_STD) : "sv12"}]
sv12
% set INCDIRS  [expr {[info exists ::env(JG_INCDIRS)] ? [split_env_list $::env(JG_INCDIRS)] : {}}]
% # Defines should be space-separated (do NOT split on ':')
% set DEFINES  [expr {[info exists ::env(JG_DEFINES)] ? [split_space_list $::env(JG_DEFINES)] : {}}]
% set NO_CLOCK [expr {[info exists ::env(JG_NO_CLOCK)] ? $::env(JG_NO_CLOCK) : 0}]
1
% set DUMP_VCD [expr {[info exists ::env(JG_DUMP_VCD)] ? $::env(JG_DUMP_VCD) : 0}]
1
% 
% # JG_DESIGN/JG_SVA can be:
% # - a directory
% # - a single file
% # - a list of files/dirs separated by spaces/colons
% set DESIGN_INPUTS [split_env_list $::env(JG_DESIGN)]
./01807/module.v
% set SVA_INPUTS    [split_env_list $::env(JG_SVA)]
./01807/sva.sv
% 
% set DESIGN_FILES {}
% foreach p $DESIGN_INPUTS { set DESIGN_FILES [concat $DESIGN_FILES [collect_files_any $p]] }
% 
% # Infer TOP if not provided
% if {$TOP eq ""} {
  foreach f $DESIGN_FILES {
    set guess [infer_top_from_file $f]
    if {$guess ne ""} { set TOP $guess; break }
  }
  if {$TOP eq ""} {
    puts "ERROR: Could not infer TOP from design files; set JG_TOP explicitly."
    exit 2
  }
}
% puts "INFO: Using TOP = $TOP"
INFO: Using TOP = Control
% 
% set SVA_FILES {}
% foreach p $SVA_INPUTS { set SVA_FILES [concat $SVA_FILES [collect_files_any $p]] }
% 
% # ---- Output dir ----
% # JG_OUT_DIR: explicit output directory from check_all.sh; fallback to legacy path
% if {[info exists ::env(JG_OUT_DIR)] && $::env(JG_OUT_DIR) ne ""} {
  set OUT_DIR $::env(JG_OUT_DIR)
} else {
  set OUT_DIR [file join "verification_results" "ids" $DESIGN_ID]
}
/home/ab2113/malik25_26/veri_thoughts/dataset/verification_results/version_2/ids/01807
% file mkdir $OUT_DIR
% set PROP_LIST_TXT [file join $OUT_DIR "property_list.txt"]
/home/ab2113/malik25_26/veri_thoughts/dataset/verification_results/version_2/ids/01807/property_list.txt
% set SUMMARY_TXT   [file join $OUT_DIR "summary.txt"]
/home/ab2113/malik25_26/veri_thoughts/dataset/verification_results/version_2/ids/01807/summary.txt
% 
% # ---- Auto-bind detection ----
% set AUTO_BIND 0
0
% set BIND_FILE [generate_auto_bind $TOP $DESIGN_FILES $SVA_FILES $OUT_DIR]
INFO: Auto-generated bind: /home/ab2113/malik25_26/veri_thoughts/dataset/verification_results/version_2/ids/01807/auto_bind.sv
  DUT=Control  SVA=Control_assertions
  Connected ports: 8
  Unconnected SVA ports: reset_outputs_select0, assert, property, posedge, b1110, anodo_valid_values, disable, iff, inside, b1101, b1011, b0111, map_sel0_cat_from_in0, map_sel1_cat_from_in1, map_sel2_cat_from_in2, map_sel3_cat_from_in3, anodo_onehot_active_low, onehot, catodo_matches_some_input, stable_catodo_when_sel0_stable, stable, stable_catodo_when_sel1_stable, stable_catodo_when_sel2_stable, stable_catodo_when_sel3_stable
/home/ab2113/malik25_26/veri_thoughts/dataset/verification_results/version_2/ids/01807/auto_bind.sv
% if {$BIND_FILE ne ""} {
  set AUTO_BIND 1
  lappend SVA_FILES $BIND_FILE
}
./01807/sva.sv /home/ab2113/malik25_26/veri_thoughts/dataset/verification_results/version_2/ids/01807/auto_bind.sv
% 
% puts "INFO: Verification run starting"
INFO: Verification run starting
% puts "  DESIGN_ID : $DESIGN_ID"
  DESIGN_ID : 01807
% puts "  TOP       : $TOP"
  TOP       : Control
% puts "  STD       : $STD"
  STD       : sv12
% puts "  INCDIRS   : $INCDIRS"
  INCDIRS   : 
% puts "  DEFINES   : $DEFINES"
  DEFINES   : 
% puts "  NO_CLOCK  : $NO_CLOCK"
  NO_CLOCK  : 1
% puts "  AUTO_BIND : $AUTO_BIND"
  AUTO_BIND : 1
% puts "  DUMP_VCD  : $DUMP_VCD"
  DUMP_VCD  : 1
% puts "  N_DESIGN  : [llength $DESIGN_FILES]"
  N_DESIGN  : 1
% puts "  N_SVA     : [llength $SVA_FILES]"
  N_SVA     : 2
% puts "  OUT_DIR   : $OUT_DIR"
  OUT_DIR   : /home/ab2113/malik25_26/veri_thoughts/dataset/verification_results/version_2/ids/01807
% 
% # Optional: promote common message groups to errors (best-effort)
% if {[llength [info commands set_msg_config]]} {
  set_msg_config -id COMP*  -severity error
  set_msg_config -id PARSE* -severity error
  set_msg_config -id ELAB*  -severity error
}
% 
% # ---- Build analyze options ----
% set analyze_opts [list analyze -$STD]
analyze -sv12
% if {[llength $INCDIRS] > 0} { lappend analyze_opts -incdir $INCDIRS }
% if {[llength $DEFINES] > 0} {
  foreach d $DEFINES { lappend analyze_opts -define $d }
}
% 
% # ---- Analyze + Elaborate ----
% set err 0
0
% puts "DEBUG: DESIGN_FILES = $DESIGN_FILES"
DEBUG: DESIGN_FILES = ./01807/module.v
% puts "DEBUG: SVA_FILES    = $SVA_FILES"
DEBUG: SVA_FILES    = ./01807/sva.sv /home/ab2113/malik25_26/veri_thoughts/dataset/verification_results/version_2/ids/01807/auto_bind.sv
% 
% if {[catch {eval $analyze_opts $DESIGN_FILES} msg]} {
  puts "ERROR: analyze design failed:\n$msg"
  set err 1
}
[-- (VERI-1482)] Analyzing Verilog file '/scratch/gpfs/LICENSED/x86_64/cadence-20210126/jasper_2021.03/lib/verilog/packages/std/std.sv' into library 'std'
[-- (VERI-1482)] Analyzing Verilog file './01807/module.v'
% if {!$err && [catch {eval $analyze_opts $SVA_FILES} msg2]} {
  puts "ERROR: analyze SVA failed:\n$msg2"
  set err 1
}
[-- (VERI-1482)] Analyzing Verilog file './01807/sva.sv'
[-- (VERI-1482)] Analyzing Verilog file '/home/ab2113/malik25_26/veri_thoughts/dataset/verification_results/version_2/ids/01807/auto_bind.sv'
% 
% puts "DEBUG: Elaborating TOP='$TOP'"
DEBUG: Elaborating TOP='Control'
% if {!$err && [catch {elaborate -top $TOP} emsg]} {
  puts "ERROR: elaborate failed:\n$emsg"
  set err 1
}
INFO (ISW003): Top module name is "Control".
[INFO (HIER-8002)] ./01807/module.v(47): Disabling old hierarchical reference handler
[INFO (VERI-1018)] ./01807/sva.sv(1): compiling module 'Control_assertions'
[INFO (VERI-1018)] ./01807/module.v(2): compiling module 'Control'
[WARN (VERI-1209)] ./01807/module.v(19): expression size 32 truncated to fit in target size 18
INFO (INL208): Elaboration synthesis summary:
  Number of synthesized netlists          3 (1 packages)
  Single run mode                         On
  Pipeline                                On (2 pipelined netlists)
  Late hierarchical reference connection  On
  Number of analyzed Verilog modules      3 (3 synthesized)
  Number of analyzed VHDL entities        0 (0 synthesized)
INFO (INL003): Clearing all state information (assumes, stopats, and so forth).
[<embedded>] % 
[<embedded>] % # If combinational / event-driven, you can force "no clock"
[<embedded>] % if {!$err && $NO_CLOCK} {
  catch { clock -none }
}
INFO (ICK008): Enabling clock-free environment.
0
[<embedded>] % 
[<embedded>] % if {$err} {
  puts "\n❌ FAILED: compile/elab errors"
  exit 1
}
[<embedded>] % 
[<embedded>] % # ---- Reset -----
[<embedded>] % set RESET_SIG ""
[<embedded>] % set RESET_EXPR ""
[<embedded>] % if {[info exists ::env(JG_RESET_EXPR)] && $::env(JG_RESET_EXPR) ne ""} {
  set RESET_EXPR $::env(JG_RESET_EXPR)
} elseif {[info exists ::env(JG_RESET)] && $::env(JG_RESET) ne ""} {
  set RESET_SIG $::env(JG_RESET)
} else {
  set RESET_SIG [find_reset_signal $TOP $DESIGN_FILES]
}
rst
[<embedded>] % 
[<embedded>] % if {$RESET_EXPR ne ""} {
  puts "INFO: Using reset expression: $RESET_EXPR"
  catch { reset -expression $RESET_EXPR }
} elseif {$RESET_SIG ne ""} {
  if {[regexp -nocase {(_n|_b)$} $RESET_SIG]} {
    set RESET_EXPR "!$RESET_SIG"
    puts "INFO: Using active-low reset expression: $RESET_EXPR"
    catch { reset -expression $RESET_EXPR }
  } else {
    puts "INFO: Using reset signal: $RESET_SIG"
    catch { reset $RESET_SIG }
  }
} else {
  puts "INFO: No reset signal found; using reset -none"
  catch { reset -none }
}
INFO: Using reset signal: rst
INFO (IPM031): Clearing proof results of all properties.
INFO (IRS006): Current reset condition is "rst".
0
[<embedded>] % 
[<embedded>] % # ---- Property discovery (bind sanity check) ----
[<embedded>] % set ASSERTS {}
[<embedded>] % set COVERS  {}
[<embedded>] % catch { set ASSERTS [assert -list -silent] }
0
[<embedded>] % catch { set COVERS  [cover  -list -silent] }
0
[<embedded>] % 
[<embedded>] % puts "INFO: Found [llength $ASSERTS] asserts, [llength $COVERS] covers"
INFO: Found 12 asserts, 9 covers
[<embedded>] % 
[<embedded>] % # Write property names
[<embedded>] % set fp [open $PROP_LIST_TXT "w"]
file41
[<embedded>] % puts $fp "ASSERT PROPERTIES:"
[<embedded>] % foreach a $ASSERTS { puts $fp $a }
[<embedded>] % puts $fp ""
[<embedded>] % puts $fp "COVER PROPERTIES:"
[<embedded>] % foreach c $COVERS { puts $fp $c }
[<embedded>] % close $fp
[<embedded>] % 
[<embedded>] % if {[llength $ASSERTS] == 0 && [llength $COVERS] == 0} {
  puts "\n❌ FAILED: No properties found (bind likely didn't attach, or wrong TOP)"
  exit 3
}
[<embedded>] % 
[<embedded>] % # ---- Prove all assertions ----
[<embedded>] % # 3600 seconds = 1 hour timeout per property (adjust as needed)
[<embedded>] % set_prove_time_limit 3600
[<embedded>] % 
[<embedded>] % puts "INFO: Running prove -all"
INFO: Running prove -all
[<embedded>] % if {[catch { prove -all } pmsg]} {
  puts "ERROR: prove command failed:\n$pmsg"
  exit 4
}
Ncustom1: Custom engine code is hT3Ng7hPPfiYQOTDZ3qhYOwGAM51eA+J/FjkM5shLioAsqhgLR4Ft+O1BuKG6ilQ83B9tLXSl+CwjiTMAQA
AMcustom2: Custom engine code is hT3Ng7hP/feYQOTDZ3qhYOwGAM51eA+J/FjkM5shLioAsqhgLR4Ft+O1BuKG6ilQ83B9tLXSmmqwm7g9AQA
INFO (IPF036): Starting proof on task: "<embedded>", 21 properties to prove with 0 already proven/unreachable
INFO (IRS029): Starting reset analysis: phase 1 of 4.
INFO (IRS030): Running reset analysis: phase 2 of 4.
INFO (IRS031): Running reset analysis: phase 3 of 4.
INFO (IRS020): Starting the reset analysis simulation with a limit of 100 iterations (phase 4 of 4).
INFO (IRS024): Reset iterations 0 to 3 analyzed.
INFO (IRS018): Reset analysis simulation executed for 2 iterations. Assigned values for 18 of 18 design flops, 0 of 0 design latches, 21 of 101 internal elements.
INFO (IRS039): Reset analysis complete.
INFO (IPF031): Settings used for proof thread 0:
    orchestration                 = on (auto)
    time_limit                    = 3600s
    per_property_time_limit       = 1s * 10 ^ scan
    engine_mode                   = auto
    proofgrid_per_engine_max_jobs = 1
    max engine jobs               = auto
    proofgrid_mode                = local
    proofgrid_restarts            = 10
AMcustom3: Custom engine code is hT3NE7hP/2Fz2XrVSbG0RDiSlOmcEY54dTxWvdDsI3//MxFcPzdQEJVlimlZshtLUKCpt0qXHu9EQAivsvCTP5Pi2s9EBccXnc85FrzRRX45WcXC5XpA9kyHdIYmOxUqsRrN5ntdfkwHRnO7f82Dn4pCsne09HV19Yd/o8VzV0c8nka+2MMhbNDEdLGC4SmTi8oNy00Nn40QJnMevDlPY3jIAQA
Ncustom4: Custom engine code is hT3OXrhPByJp3TrFSTLhUmMH4KVtJgmTCnNDF46yMXOKY48m4LS5nE7yBzFjA7kDuwO/GhGUpEPiky3p3wmPn3dJZHxFMsafSoObRzSC+tn7sEY0WbTdZ/FV4hL3MYH/b1CIUvXSWR4wqEoVLsmMOD4xIPT4lI1LO6ZCO7PnnWQuLwetnvKlrXx6wCW/A+x+enqslg1YPobi4wEF/EvbzOvcTYdJvl2s4H2yZg2b2ofAVN5WvhWk1HoBAA
Ncustom5: Custom engine code is hT3NR7hPByFp3TrFSTLhUmMH4KWtJglTyV/c51BHEeZWamnJv767nE6PCak26bd3gf3XGN3rIRheufhDieCJQVISo+gNYUKhiUedBKGtsP/a18svAnlMJZudHxDFwK5ufsyoxsIyiAeSY2oi3tEuoDHr5gw42DFKAG3PqO3CEsl8Azzdt3pl5nGA1Ifv2H02eYsFzWb/nfp8PMb3F0krE/EgBcm8TD9Div8BAA
Tricustom6: Custom engine code is hT3Nu7hP3fiYQADBZnYcglNHp9bfd7EOeniIqP/ji8sGLQu8yhsFO+wxJ+O+R0bU8g/IewXFomyos+viQnWc2xYNYmMqpo3i40O7DaZR7qfp4YqNx26KRvQ/qx0BAA
0.0.PRE: A proof was found: No trace exists. [0.00 s]
INFO (IPF057): 0.0.PRE: The property "Control.auto_sva_inst.reset_outputs_select0" was proven in 0.00 s.
0.0.PRE: A proof was found: No trace exists. [0.00 s]
INFO (IPF051): 0.0.PRE: The cover property "Control.auto_sva_inst.reset_outputs_select0:precondition1" was proven unreachable in 0.00 s.
0: Found proofs for 2 properties in preprocessing
0: Using multistage preprocessing
0: Starting reduce
0: Finished reduce in 0s
0.0.PRE: Performing Proof Simplification...
0.0.N: clocks: 2, declared: 1, disabling: 0, posedge: 2, negedge: 0, noedge: 0, bothedge: 0
0.0.N: Proof Simplification Iteration 1	[0.00 s]
0.0.N: Proof Simplification Iteration 2	[0.00 s]
0.0.N: Proof Simplification Iteration 3	[0.00 s]
0.0.PRE: A proof was found: No trace exists. [0.00 s]
INFO (IPF057): 0.0.PRE: The property ":noDeadEnd" was proven in 0.00 s.
    Use check_assumptions -show -dead_end to show this property in the property table.
0.0.PRE: A proof was found: No trace exists. [0.00 s]
INFO (IPF057): 0.0.PRE: The property ":noConflict" was proven in 0.00 s.
    Use check_assumptions -show to show this property in the property table.
INFO (IPF047): 0.0.PRE: The cover property ":live" was covered in 1 cycles in 0.00 s.
    Use check_assumptions -show -live to show this property in the property table.
0.0.PRE: A proof was found: No trace exists. [0.00 s]
INFO (IPF057): 0.0.PRE: The property "Control.auto_sva_inst.anodo_valid_values" was proven in 0.00 s.
0.0.PRE: A proof was found: No trace exists. [0.00 s]
INFO (IPF057): 0.0.PRE: The property "Control.auto_sva_inst.anodo_onehot_active_low" was proven in 0.00 s.
0.0.PRE: Proof Simplification completed in 0.00 s
0: About to start ProofGrid in its own thread with a limit of 10000 pending notifications and a limit of 10 traces.
0: =============================== ProofGrid start ===============================
0: ProofGrid usable level: 17
0: ProofGrid is starting event handling
0.0.Hp: Proofgrid shell started at 1962247@della-h14n3(local) jg_1962080_della-h14n3_1
0.0.N: Proofgrid shell started at 1962246@della-h14n3(local) jg_1962080_della-h14n3_1
0.0.Hp: OS RSS memory limit : 68719476736 / 68719476736
0.0.N: OS RSS memory limit : 68719476736 / 68719476736
0.0.Hp: clocks: 1, declared: 1, disabling: 0, posedge: 1, negedge: 0, noedge: 0, bothedge: 0
0.0.N: clocks: 1, declared: 1, disabling: 0, posedge: 1, negedge: 0, noedge: 0, bothedge: 0
0.0.N: Next scan (0) will use per property time limit: 1s * 10 ^ 0 = 1s
0.0.N: Starting proof for property "Control.auto_sva_inst.map_sel0_cat_from_in0"	[0.00 s].
0.0.N: Trace Attempt  1	[0.00 s]
0.0.N: A max_length bound was found. The shortest trace is no longer than 524288 cycles. [0.00 s]
INFO (IPF008): 0.0.N: A max_length bound of 524288 was found for the property "Control.auto_sva_inst.map_sel0_cat_from_in0" in 0.00 s.
0.0.Hp: Lemmas used(1): ?2
0.0.N: Trace Attempt  2	[0.00 s]
0.0.Hp: A proof was found: No trace exists. [0.00 s]
INFO (IPF057): 0.0.Hp: The property "Control.auto_sva_inst.map_sel0_cat_from_in0" was proven in 0.00 s.
0.0.Hp: Lemmas used(1): ?2
0.0.Hp: A proof was found: No trace exists. [0.00 s]
INFO (IPF057): 0.0.Hp: The property "Control.auto_sva_inst.map_sel1_cat_from_in1" was proven in 0.00 s.
0.0.N: Stopped processing property "Control.auto_sva_inst.map_sel0_cat_from_in0"	[0.00 s].
0.0.Hp: Lemmas used(1): ?2
0.0.Hp: A proof was found: No trace exists. [0.00 s]
INFO (IPF057): 0.0.Hp: The property "Control.auto_sva_inst.map_sel2_cat_from_in2" was proven in 0.00 s.
0.0.N: Starting proof for property "Control.auto_sva_inst.map_sel0_cat_from_in0:precondition1"	[0.00 s].
0.0.Hp: Lemmas used(1): ?2
0.0.Hp: A proof was found: No trace exists. [0.00 s]
INFO (IPF057): 0.0.Hp: The property "Control.auto_sva_inst.map_sel3_cat_from_in3" was proven in 0.00 s.
0.0.Hp: Lemmas used(1): ?2
0.0.Hp: A proof was found: No trace exists. [0.00 s]
INFO (IPF057): 0.0.Hp: The property "Control.auto_sva_inst.catodo_matches_some_input" was proven in 0.00 s.
0.0.Hp: Trace Attempt  1	[0.00 s]
0.0.Hp: A trace with 1 cycles was found. [0.00 s]
INFO (IPF047): 0.0.Hp: The cover property "Control.auto_sva_inst.map_sel0_cat_from_in0:precondition1" was covered in 1 cycles in 0.01 s.
0.0.N: Trace Attempt  1	[0.00 s]
0.0.Hp: A trace with 1 cycles was found. [0.00 s]
INFO (IPF055): 0.0.Hp: A counterexample (cex) with 1 cycles was found for the property "Control.auto_sva_inst.stable_catodo_when_sel0_stable" in 0.01 s.
INFO (IPF047): 0.0.Hp: The cover property "Control.auto_sva_inst.stable_catodo_when_sel0_stable:precondition1" was covered in 1 cycles in 0.01 s.
0.0.N: Stopped processing property "Control.auto_sva_inst.map_sel0_cat_from_in0:precondition1"	[0.01 s].
0.0.N: Starting proof for property "Control.auto_sva_inst.map_sel1_cat_from_in1:precondition1"	[0.00 s].
0.0.N: Trace Attempt  1	[0.00 s]
0.0.N: A max_length bound was found. The shortest trace is no longer than 524288 cycles. [0.00 s]
INFO (IPF008): 0.0.N: A max_length bound of 524288 was found for the property "Control.auto_sva_inst.map_sel1_cat_from_in1:precondition1" in 0.00 s.
0.0.N: Trace Attempt  2	[0.00 s]
0.0.N: Trace Attempt  3	[0.00 s]
0.0.N: Trace Attempt  3	[0.00 s]
0.0.N: Trace Attempt  4	[0.00 s]
0.0.N: Trace Attempt  5	[0.00 s]
0.0.N: Trace Attempt  5	[0.00 s]
0.0.N: Trace Attempt  1	[0.00 s]
0.0.N: Trace Attempt  2	[0.00 s]
0.0.N: Trace Attempt  3	[0.00 s]
0.0.Hp: Trace Attempt  2	[0.01 s]
0.0.N: Trace Attempt  1	[0.01 s]
0.0.N: Trace Attempt  2	[0.01 s]
0.0.N: Trace Attempt  3	[0.01 s]
0.0.Hp: Trace Attempt  3	[0.02 s]
0.0.Hp: Lemmas used(4): ?2
0.0.Hp: A proof was found: No trace exists. [0.05 s]
INFO (IPF057): 0.0.Hp: The property "Control.auto_sva_inst.stable_catodo_when_sel1_stable" was proven in 0.05 s.
0.0.Hp: A proof was found: No trace exists. [0.05 s]
INFO (IPF057): 0.0.Hp: The property "Control.auto_sva_inst.stable_catodo_when_sel2_stable" was proven in 0.05 s.
0.0.Hp: A proof was found: No trace exists. [0.05 s]
INFO (IPF057): 0.0.Hp: The property "Control.auto_sva_inst.stable_catodo_when_sel3_stable" was proven in 0.05 s.
0.0.Hp: Trace Attempt  4	[0.05 s]
0.0.Ht: Proofgrid shell started at 1962260@della-h14n3(local) jg_1962080_della-h14n3_1
0.0.Ht: OS RSS memory limit : 68719476736 / 68719476736
0.0.Ht: clocks: 1, declared: 1, disabling: 0, posedge: 1, negedge: 0, noedge: 0, bothedge: 0
0.0.Ht: Trace Attempt  1	[0.00 s]
0.0.Ht: Trace Attempt  2	[0.00 s]
0.0.Ht: Trace Attempt  3	[0.00 s]
0.0.Ht: Trace Attempt  4	[0.00 s]
0.0.Ht: Trace Attempt  5	[0.00 s]
0.0.B: Proofgrid shell started at 1962261@della-h14n3(local) jg_1962080_della-h14n3_1
0.0.B: OS RSS memory limit : 68719476736 / 68719476736
0.0.B: clocks: 1, declared: 1, disabling: 0, posedge: 1, negedge: 0, noedge: 0, bothedge: 0
0.0.B: Next scan (0) will use per property time limit: 1s * 10 ^ 0 = 1s
0.0.B: Starting proof for property "Control.auto_sva_inst.map_sel1_cat_from_in1:precondition1"	[0.00 s].
0.0.B: Trace Attempt  1	[0.00 s]
0.0.B: Trace Attempt  2	[0.00 s]
0.0.B: Trace Attempt  3	[0.00 s]
0.0.B: Trace Attempt  4	[0.00 s]
0.0.B: Trace Attempt  5	[0.00 s]
0: ProofGrid usable level: 6
0.0.B: Trace Attempt 215	[0.93 s]
0.0.B: Per property time limit expired (0.93 s) [0.93 s]
0.0.B: Stopped processing property "Control.auto_sva_inst.map_sel1_cat_from_in1:precondition1"	[0.93 s].
0.0.B: Starting proof for property "Control.auto_sva_inst.map_sel2_cat_from_in2:precondition1"	[0.00 s].
0.0.B: A max_length bound was found. The shortest trace is no longer than 524288 cycles. [0.00 s]
INFO (IPF008): 0.0.B: A max_length bound of 524288 was found for the property "Control.auto_sva_inst.map_sel2_cat_from_in2:precondition1" in 0.00 s.
0.0.B: Trace Attempt  1	[0.00 s]
0.0.B: Trace Attempt  2	[0.00 s]
0.0.B: Trace Attempt  3	[0.00 s]
0.0.B: Trace Attempt  4	[0.00 s]
0.0.B: Trace Attempt  5	[0.00 s]
0.0.N: Trace Attempt 258	[1.00 s]
0.0.N: Per property time limit expired (1.00 s) [1.01 s]
0.0.N: Stopped processing property "Control.auto_sva_inst.map_sel1_cat_from_in1:precondition1"	[1.00 s].
0.0.N: Starting proof for property "Control.auto_sva_inst.map_sel2_cat_from_in2:precondition1"	[0.00 s].
0.0.N: Trace Attempt  1	[0.00 s]
0.0.N: Trace Attempt  2	[0.00 s]
0.0.N: Trace Attempt  3	[0.00 s]
0.0.N: Trace Attempt  3	[0.00 s]
0.0.N: Trace Attempt  4	[0.00 s]
0.0.N: Trace Attempt  5	[0.00 s]
0.0.N: Trace Attempt  1	[0.00 s]
0.0.N: Trace Attempt  2	[0.00 s]
0.0.N: Trace Attempt  3	[0.00 s]
0.0.N: Trace Attempt  1	[0.01 s]
0.0.N: Trace Attempt  2	[0.01 s]
0.0.N: Trace Attempt  3	[0.01 s]
0.0.B: Trace Attempt 220	[0.97 s]
0.0.B: Per property time limit expired (1.00 s) [1.00 s]
0.0.B: Stopped processing property "Control.auto_sva_inst.map_sel2_cat_from_in2:precondition1"	[1.00 s].
0.0.B: Starting proof for property "Control.auto_sva_inst.map_sel3_cat_from_in3:precondition1"	[0.00 s].
0.0.B: A max_length bound was found. The shortest trace is no longer than 524288 cycles. [0.00 s]
INFO (IPF008): 0.0.B: A max_length bound of 524288 was found for the property "Control.auto_sva_inst.map_sel3_cat_from_in3:precondition1" in 0.00 s.
0.0.B: Trace Attempt  1	[0.00 s]
0.0.B: Trace Attempt  2	[0.00 s]
0.0.B: Trace Attempt  3	[0.00 s]
0.0.B: Trace Attempt  4	[0.00 s]
0.0.B: Trace Attempt  5	[0.00 s]
0.0.N: Stopped processing property "Control.auto_sva_inst.map_sel2_cat_from_in2:precondition1"	[1.00 s].
0.0.N: Starting proof for property "Control.auto_sva_inst.map_sel3_cat_from_in3:precondition1"	[0.00 s].
0.0.N: Trace Attempt  1	[0.00 s]
0.0.N: Trace Attempt  2	[0.00 s]
0.0.N: Trace Attempt  3	[0.00 s]
0.0.N: Trace Attempt  3	[0.00 s]
0.0.N: Trace Attempt  4	[0.00 s]
0.0.N: Trace Attempt  5	[0.00 s]
0.0.N: Trace Attempt  1	[0.00 s]
0.0.N: Trace Attempt  2	[0.00 s]
0.0.N: Trace Attempt  3	[0.00 s]
0.0.N: Trace Attempt  5	[0.00 s]
0.0.N: Trace Attempt  1	[0.90 s]
0.0.N: Trace Attempt  2	[0.90 s]
0.0.N: Trace Attempt  3	[0.90 s]
0.0.N: Trace Attempt  5	[0.90 s]
0.0.B: Trace Attempt 194	[1.00 s]
0.0.B: Per property time limit expired (1.00 s) [1.00 s]
0.0.B: Stopped processing property "Control.auto_sva_inst.map_sel3_cat_from_in3:precondition1"	[1.00 s].
0.0.B: Starting proof for property "Control.auto_sva_inst.stable_catodo_when_sel1_stable:precondition1"	[0.00 s].
0.0.B: Trace Attempt  1	[0.00 s]
0.0.B: Trace Attempt  2	[0.00 s]
0.0.B: Trace Attempt  3	[0.00 s]
0.0.B: Trace Attempt  4	[0.00 s]
0.0.B: Trace Attempt  5	[0.00 s]
0.0.N: Stopped processing property "Control.auto_sva_inst.map_sel3_cat_from_in3:precondition1"	[1.00 s].
0.0.N: Starting proof for property "Control.auto_sva_inst.stable_catodo_when_sel1_stable:precondition1"	[0.00 s].
0.0.N: Trace Attempt  1	[0.00 s]
0.0.N: Trace Attempt  2	[0.00 s]
0.0.N: Trace Attempt  3	[0.00 s]
0.0.N: Trace Attempt  3	[0.00 s]
0.0.N: Trace Attempt  4	[0.00 s]
0.0.N: Trace Attempt  5	[0.00 s]
0.0.N: Trace Attempt  5	[0.00 s]
0.0.N: Trace Attempt  1	[0.00 s]
0.0.N: Trace Attempt  2	[0.00 s]
0.0.N: Trace Attempt  3	[0.00 s]
0.0.N: Trace Attempt  1	[0.00 s]
0.0.N: Trace Attempt  2	[0.00 s]
0.0.N: Trace Attempt  3	[0.01 s]
0.0.B: Trace Attempt 209	[0.99 s]
0.0.B: Per property time limit expired (1.00 s) [1.00 s]
0.0.B: Stopped processing property "Control.auto_sva_inst.stable_catodo_when_sel1_stable:precondition1"	[1.00 s].
0.0.B: Starting proof for property "Control.auto_sva_inst.stable_catodo_when_sel2_stable:precondition1"	[0.00 s].
0.0.B: Trace Attempt  1	[0.00 s]
0.0.B: Trace Attempt  2	[0.00 s]
0.0.B: Trace Attempt  3	[0.00 s]
0.0.B: Trace Attempt  4	[0.00 s]
0.0.B: Trace Attempt  5	[0.00 s]
0.0.N: Trace Attempt 217	[0.56 s]
0.0.N: Per property time limit expired (1.00 s) [1.00 s]
0.0.N: Stopped processing property "Control.auto_sva_inst.stable_catodo_when_sel1_stable:precondition1"	[1.01 s].
0.0.N: Starting proof for property "Control.auto_sva_inst.stable_catodo_when_sel2_stable:precondition1"	[0.00 s].
0.0.N: Trace Attempt  1	[0.00 s]
0.0.N: Trace Attempt  2	[0.00 s]
0.0.N: Trace Attempt  3	[0.00 s]
0.0.N: Trace Attempt  3	[0.00 s]
0.0.N: Trace Attempt  4	[0.00 s]
0.0.N: Trace Attempt  5	[0.00 s]
0.0.N: Trace Attempt  1	[0.00 s]
0.0.N: Trace Attempt  2	[0.00 s]
0.0.N: Trace Attempt  3	[0.00 s]
0.0.N: Trace Attempt  1	[0.01 s]
0.0.N: Trace Attempt  2	[0.01 s]
0.0.N: Trace Attempt  3	[0.01 s]
0.0.Ht: Trace Attempt 338	[4.02 s]
0.0.B: Trace Attempt 202	[0.99 s]
0.0.B: Per property time limit expired (1.00 s) [1.00 s]
0.0.B: Stopped processing property "Control.auto_sva_inst.stable_catodo_when_sel2_stable:precondition1"	[1.00 s].
0.0.B: Starting proof for property "Control.auto_sva_inst.stable_catodo_when_sel3_stable:precondition1"	[0.00 s].
0.0.B: Trace Attempt  1	[0.00 s]
0.0.B: Trace Attempt  2	[0.00 s]
0.0.B: Trace Attempt  3	[0.00 s]
0.0.B: Trace Attempt  4	[0.00 s]
0.0.B: Trace Attempt  5	[0.00 s]
0.0.N: Stopped processing property "Control.auto_sva_inst.stable_catodo_when_sel2_stable:precondition1"	[1.00 s].
0.0.N: Starting proof for property "Control.auto_sva_inst.stable_catodo_when_sel3_stable:precondition1"	[0.00 s].
0.0.N: Trace Attempt  1	[0.00 s]
0.0.N: Trace Attempt  2	[0.00 s]
0.0.N: Trace Attempt  3	[0.00 s]
0.0.N: Trace Attempt  3	[0.00 s]
0.0.N: Trace Attempt  4	[0.00 s]
0.0.N: Trace Attempt  5	[0.00 s]
0.0.N: Trace Attempt  1	[0.00 s]
0.0.N: Trace Attempt  2	[0.00 s]
0.0.N: Trace Attempt  3	[0.00 s]
0.0.N: Trace Attempt  5	[0.00 s]
0.0.B: Trace Attempt 186	[0.99 s]
0.0.B: Per property time limit expired (1.00 s) [1.00 s]
0.0.B: Stopped processing property "Control.auto_sva_inst.stable_catodo_when_sel3_stable:precondition1"	[1.00 s].
0.0.B: Next scan (1) will use per property time limit: 1s * 10 ^ 1 = 10s
0.0.B: Starting proof for property "Control.auto_sva_inst.map_sel1_cat_from_in1:precondition1"	[0.00 s].
0.0.B: Trace Attempt  1	[0.00 s]
0.0.B: Trace Attempt  2	[0.00 s]
0.0.B: Trace Attempt  3	[0.00 s]
0.0.B: Trace Attempt  4	[0.00 s]
0.0.B: Trace Attempt  5	[0.00 s]
0.0.N: Stopped processing property "Control.auto_sva_inst.stable_catodo_when_sel3_stable:precondition1"	[1.00 s].
0.0.N: Next scan (1) will use per property time limit: 1s * 10 ^ 1 = 10s
0.0.N: Starting proof for property "Control.auto_sva_inst.map_sel1_cat_from_in1:precondition1"	[0.00 s].
0.0.N: Trace Attempt  1	[0.00 s]
0.0.N: Trace Attempt  2	[0.00 s]
0.0.N: Trace Attempt  3	[0.00 s]
0.0.Ht: Trace Attempt 436	[8.04 s]
0.0.N: Trace Attempt 554	[4.36 s]
0.0.B: Trace Attempt 320	[4.48 s]
0.0.Ht: Trace Attempt 495	[13.19 s]
0.0.N: Trace Attempt 863	[9.09 s]
0.0.B: Trace Attempt 385	[7.94 s]
0.0.B: Per property time limit expired (10.00 s) [10.00 s]
0.0.B: Stopped processing property "Control.auto_sva_inst.map_sel1_cat_from_in1:precondition1"	[10.00 s].
0.0.B: Starting proof for property "Control.auto_sva_inst.map_sel2_cat_from_in2:precondition1"	[0.00 s].
0.0.B: Trace Attempt  1	[0.00 s]
0.0.B: Trace Attempt  2	[0.00 s]
0.0.B: Trace Attempt  3	[0.00 s]
0.0.B: Trace Attempt  4	[0.00 s]
0.0.B: Trace Attempt  5	[0.00 s]
0.0.N: Trace Attempt 963	[9.76 s]
0.0.N: Per property time limit expired (10.00 s) [10.05 s]
0.0.N: Stopped processing property "Control.auto_sva_inst.map_sel1_cat_from_in1:precondition1"	[10.05 s].
0.0.N: Starting proof for property "Control.auto_sva_inst.map_sel2_cat_from_in2:precondition1"	[0.00 s].
0.0.N: Trace Attempt 15	[0.00 s]
0.0.N: Trace Attempt  1	[0.00 s]
0.0.N: Trace Attempt  2	[0.00 s]
0.0.N: Trace Attempt  3	[0.00 s]
0.0.Ht: Trace Attempt 548	[17.24 s]
0.0.B: Trace Attempt 302	[4.00 s]
0.0.N: Trace Attempt 278	[4.95 s]
0.0.Ht: Trace Attempt 576	[21.27 s]
0.0.B: Trace Attempt 344	[8.36 s]
0.0.B: Trace Attempt 361	[9.56 s]
0.0.B: Per property time limit expired (10.00 s) [10.00 s]
0.0.B: Stopped processing property "Control.auto_sva_inst.map_sel2_cat_from_in2:precondition1"	[10.00 s].
0.0.B: Starting proof for property "Control.auto_sva_inst.map_sel3_cat_from_in3:precondition1"	[0.00 s].
0.0.B: Trace Attempt  1	[0.00 s]
0.0.B: Trace Attempt  2	[0.00 s]
0.0.B: Trace Attempt  3	[0.00 s]
0.0.B: Trace Attempt  4	[0.00 s]
0.0.B: Trace Attempt  5	[0.00 s]
0.0.N: Stopped processing property "Control.auto_sva_inst.map_sel2_cat_from_in2:precondition1"	[10.00 s].
0.0.N: Starting proof for property "Control.auto_sva_inst.map_sel3_cat_from_in3:precondition1"	[0.00 s].
0.0.Ht: Trace Attempt 613	[26.26 s]
0.0.N: Trace Attempt  1	[0.65 s]
0.0.N: Trace Attempt  2	[0.65 s]
0.0.N: Trace Attempt  3	[0.65 s]
0.0.N: Trace Attempt  5	[0.65 s]
0.0.B: Trace Attempt 247	[4.28 s]
0.0.Ht: Trace Attempt 658	[30.29 s]
0.0.B: Trace Attempt 324	[8.30 s]
0.0.Ht: Trace Attempt 682	[35.08 s]
0.0.B: Trace Attempt 333	[9.83 s]
0.0.B: Per property time limit expired (10.00 s) [10.00 s]
0.0.B: Stopped processing property "Control.auto_sva_inst.map_sel3_cat_from_in3:precondition1"	[10.00 s].
0.0.B: Starting proof for property "Control.auto_sva_inst.stable_catodo_when_sel1_stable:precondition1"	[0.00 s].
0.0.B: Trace Attempt  1	[0.00 s]
0.0.B: Trace Attempt  2	[0.00 s]
0.0.B: Trace Attempt  3	[0.00 s]
0.0.B: Trace Attempt  4	[0.00 s]
0.0.B: Trace Attempt  5	[0.00 s]
0.0.N: Stopped processing property "Control.auto_sva_inst.map_sel3_cat_from_in3:precondition1"	[10.03 s].
0.0.N: Starting proof for property "Control.auto_sva_inst.stable_catodo_when_sel1_stable:precondition1"	[0.00 s].
0.0.N: Trace Attempt  1	[0.00 s]
0.0.N: Trace Attempt  2	[0.00 s]
0.0.N: Trace Attempt  3	[0.00 s]
0.0.Ht: Trace Attempt 722	[39.23 s]
0.0.B: Trace Attempt 275	[4.02 s]
0.0.N: Trace Attempt 397	[4.88 s]
0.0.Ht: Trace Attempt 750	[43.37 s]
0.0.B: Trace Attempt 332	[8.18 s]
0.0.N: Trace Attempt 688	[9.34 s]
0.0.B: Trace Attempt 340	[9.10 s]
0.0.B: Per property time limit expired (10.00 s) [10.01 s]
0.0.B: Stopped processing property "Control.auto_sva_inst.stable_catodo_when_sel1_stable:precondition1"	[10.01 s].
0.0.B: Starting proof for property "Control.auto_sva_inst.stable_catodo_when_sel2_stable:precondition1"	[0.00 s].
0.0.B: Trace Attempt  1	[0.00 s]
0.0.B: Trace Attempt  2	[0.00 s]
0.0.B: Trace Attempt  3	[0.00 s]
0.0.B: Trace Attempt  4	[0.00 s]
0.0.B: Trace Attempt  5	[0.00 s]
0.0.N: Stopped processing property "Control.auto_sva_inst.stable_catodo_when_sel1_stable:precondition1"	[9.98 s].
0.0.N: Starting proof for property "Control.auto_sva_inst.stable_catodo_when_sel2_stable:precondition1"	[0.00 s].
0.0.N: Trace Attempt  1	[0.00 s]
0.0.N: Trace Attempt  2	[0.00 s]
0.0.N: Trace Attempt  3	[0.00 s]
0.0.Ht: Trace Attempt 760	[47.48 s]
0.0.B: Trace Attempt 288	[4.01 s]
0.0.N: Trace Attempt 334	[4.95 s]
0.0.Ht: Trace Attempt 786	[51.52 s]
0.0.B: Trace Attempt 332	[8.03 s]
0.0.B: Trace Attempt 351	[9.81 s]
0.0.B: Per property time limit expired (10.00 s) [10.01 s]
0.0.B: Stopped processing property "Control.auto_sva_inst.stable_catodo_when_sel2_stable:precondition1"	[10.01 s].
0.0.B: Starting proof for property "Control.auto_sva_inst.stable_catodo_when_sel3_stable:precondition1"	[0.00 s].
0.0.B: Trace Attempt  1	[0.00 s]
0.0.B: Trace Attempt  2	[0.00 s]
0.0.B: Trace Attempt  3	[0.00 s]
0.0.B: Trace Attempt  4	[0.00 s]
0.0.B: Trace Attempt  5	[0.00 s]
0.0.N: Stopped processing property "Control.auto_sva_inst.stable_catodo_when_sel2_stable:precondition1"	[10.00 s].
0.0.N: Starting proof for property "Control.auto_sva_inst.stable_catodo_when_sel3_stable:precondition1"	[0.00 s].
0.0.Ht: Trace Attempt 800	[56.56 s]
0.0.N: Trace Attempt  1	[0.94 s]
0.0.N: Trace Attempt  2	[0.94 s]
0.0.N: Trace Attempt  3	[0.94 s]
0.0.N: Trace Attempt  5	[0.94 s]
0.0.B: Trace Attempt 284	[4.00 s]
0.0.Ht: Trace Attempt 836	[60.58 s]
0.0.N: Trace Attempt 438	[4.98 s]
0.0.B: Trace Attempt 344	[8.60 s]
0.0.Ht: Trace Attempt 863	[64.68 s]
0.0.B: Trace Attempt 356	[9.74 s]
0.0.B: Per property time limit expired (10.00 s) [10.01 s]
0.0.B: Stopped processing property "Control.auto_sva_inst.stable_catodo_when_sel3_stable:precondition1"	[10.01 s].
0.0.B: Next scan (2) will use per property time limit: 1s * 10 ^ 2 = 100s
0.0.B: Starting proof for property "Control.auto_sva_inst.map_sel1_cat_from_in1:precondition1"	[0.00 s].
0.0.B: Trace Attempt  1	[0.00 s]
0.0.B: Trace Attempt  2	[0.00 s]
0.0.B: Trace Attempt  3	[0.00 s]
0.0.B: Trace Attempt  4	[0.00 s]
0.0.B: Trace Attempt  5	[0.00 s]
0.0.N: Stopped processing property "Control.auto_sva_inst.stable_catodo_when_sel3_stable:precondition1"	[10.00 s].
0.0.N: Next scan (2) will use per property time limit: 1s * 10 ^ 2 = 100s
0.0.N: Starting proof for property "Control.auto_sva_inst.map_sel1_cat_from_in1:precondition1"	[0.00 s].
0.0.N: Trace Attempt  1	[0.00 s]
0.0.N: Trace Attempt  2	[0.00 s]
0.0.N: Trace Attempt  3	[0.00 s]
0.0.B: Trace Attempt 316	[4.03 s]
0.0.Ht: Trace Attempt 875	[70.26 s]
0.0.N: Trace Attempt 554	[4.39 s]
0.0.B: Trace Attempt 385	[8.12 s]
0.0.Ht: Trace Attempt 900	[74.34 s]
0.0.N: Trace Attempt 863	[9.04 s]
0.0.B: Trace Attempt 388	[12.13 s]
0.0.Ht: Trace Attempt 923	[78.62 s]
0.0.N: Trace Attempt 1110	[13.04 s]
0.0.B: Trace Attempt 392	[17.35 s]
0.0.N: Trace Attempt 1304	[17.76 s]
0.0.Ht: Trace Attempt 941	[84.67 s]
0.0.B: Trace Attempt 405	[21.58 s]
0.0.Ht: Trace Attempt 972	[88.94 s]
0.0.B: Trace Attempt 419	[25.99 s]
0.0.Ht: Trace Attempt 991	[92.96 s]
0.0.B: Trace Attempt 429	[30.30 s]
0.0.Ht: Trace Attempt 1013	[97.02 s]
0.0.B: Trace Attempt 435	[34.36 s]
0.0.Ht: Trace Attempt 1018	[101.04 s]
0.0.Ht: Trace Attempt 1045	[105.21 s]
0.0.B: Trace Attempt 439	[39.26 s]
0.0.Ht: Trace Attempt 1069	[109.35 s]
0.0.B: Trace Attempt 447	[43.44 s]
0.0.Ht: Trace Attempt 1100	[113.42 s]
0.0.B: Trace Attempt 458	[48.45 s]
0.0.B: Trace Attempt 462	[52.69 s]
0.0.Ht: Trace Attempt 1109	[118.74 s]
0.0.B: Trace Attempt 466	[56.81 s]
0.0.Ht: Trace Attempt 1137	[122.97 s]
0.0.B: Trace Attempt 470	[61.26 s]
0.0.Ht: Trace Attempt 1160	[127.35 s]
0.0.Ht: Trace Attempt 1187	[131.37 s]
0.0.B: Trace Attempt 485	[66.80 s]
0.0.B: Trace Attempt 498	[71.93 s]
0.0.Ht: Trace Attempt 1202	[138.76 s]
0.0.B: Trace Attempt 501	[76.23 s]
0.0.Ht: Trace Attempt 1227	[142.79 s]
0.0.B: Trace Attempt 504	[80.88 s]
0.0.Ht: Trace Attempt 1255	[147.98 s]
0.0.B: Trace Attempt 508	[85.50 s]
0.0.Ht: Trace Attempt 1283	[152.27 s]
0.0.B: Trace Attempt 517	[89.67 s]
0.0.Ht: Trace Attempt 1291	[158.93 s]
0.0.B: Trace Attempt 520	[94.72 s]
0.0.Ht: Trace Attempt 1313	[163.05 s]
0.0.B: Trace Attempt 523	[98.98 s]
0.0.B: Trace Attempt 526	[99.49 s]
0.0.B: Per property time limit expired (100.00 s) [100.01 s]
0.0.B: Stopped processing property "Control.auto_sva_inst.map_sel1_cat_from_in1:precondition1"	[100.01 s].
0.0.B: Starting proof for property "Control.auto_sva_inst.map_sel2_cat_from_in2:precondition1"	[0.00 s].
0.0.B: Trace Attempt  1	[0.00 s]
0.0.B: Trace Attempt  2	[0.00 s]
0.0.B: Trace Attempt  3	[0.00 s]
0.0.B: Trace Attempt  4	[0.00 s]
0.0.B: Trace Attempt  5	[0.00 s]
0.0.N: Stopped processing property "Control.auto_sva_inst.map_sel1_cat_from_in1:precondition1"	[100.04 s].
0.0.N: Starting proof for property "Control.auto_sva_inst.map_sel2_cat_from_in2:precondition1"	[0.00 s].
0.0.N: Trace Attempt  1	[0.00 s]
0.0.N: Trace Attempt  2	[0.00 s]
0.0.N: Trace Attempt  3	[0.00 s]
0.0.Ht: Trace Attempt 1331	[167.30 s]
0.0.B: Trace Attempt 302	[4.08 s]
0.0.N: Trace Attempt 278	[5.00 s]
0.0.Ht: Trace Attempt 1345	[171.32 s]
0.0.B: Trace Attempt 344	[8.56 s]
0.0.Ht: Trace Attempt 1362	[175.42 s]
0.0.N: Trace Attempt 436	[10.03 s]
0.0.B: Trace Attempt 371	[12.76 s]
0.0.N: Trace Attempt 541	[14.04 s]
0.0.B: Stopped processing property "Control.auto_sva_inst.map_sel2_cat_from_in2:precondition1"	[15.27 s].
0.0.B: Morphing to Hts
0.0.B: Trace Attempt 380	[15.27 s]
0.0.B: All properties determined. [0.00 s]
0.0.B: Exited with Success (@ 0.00 s)
0.0.Hts: clocks: 1, declared: 1, disabling: 0, posedge: 1, negedge: 0, noedge: 0, bothedge: 0
0.0.Hts: Starting proof for property "Control.auto_sva_inst.map_sel3_cat_from_in3:precondition1"	[0.00 s].
0.0.Hts: Trace Attempt  1	[0.00 s]
0.0.Hts: Trace Attempt  2	[0.00 s]
0.0.Hts: Trace Attempt  3	[0.00 s]
0.0.Hts: Trace Attempt  4	[0.00 s]
0.0.Hts: Trace Attempt  5	[0.00 s]
0.0.N: Stopped processing property "Control.auto_sva_inst.map_sel2_cat_from_in2:precondition1"	[15.26 s].
0.0.N: Morphing to AM
0.0.N: Trace Attempt 561	[14.19 s]
0.0.N: All properties determined. [0.00 s]
0.0.N: Exited with Success (@ 0.00 s)
0.0.AM: clocks: 1, declared: 1, disabling: 0, posedge: 1, negedge: 0, noedge: 0, bothedge: 0
0.0.AM: Starting proof for property "Control.auto_sva_inst.map_sel3_cat_from_in3:precondition1"	[0.00 s].
0.0.AM: Trace Attempt  1	[0.00 s]
0.0.AM: Trace Attempt  2	[0.00 s]
0.0.AM: Trace Attempt  3	[0.00 s]
0.0.AM: Trace Attempt  4	[0.00 s]
0.0.AM: Trace Attempt  5	[0.00 s]
0.0.AM: Trace Attempt  1	[0.00 s]
0.0.AM: Trace Attempt  2	[0.00 s]
0.0.AM: Trace Attempt  3	[0.00 s]
0.0.AM: Trace Attempt  5	[0.00 s]
0.0.AM: Trace Attempt  1	[0.00 s]
0.0.AM: Trace Attempt  2	[0.00 s]
0.0.AM: Trace Attempt  3	[0.00 s]
0.0.AM: Trace Attempt  5	[0.00 s]
0.0.AM: Trace Attempt  1	[0.01 s]
0.0.AM: Trace Attempt  2	[0.01 s]
0.0.AM: Trace Attempt  3	[0.01 s]
0.0.AM: Trace Attempt  5	[0.01 s]
0.0.Ht: Trace Attempt 1380	[181.47 s]
0.0.Hts: Trace Attempt 1379	[0.10 s]
0.0.Hts: Per property time limit expired (0.99 s) [1.00 s]
0.0.Hts: Stopped processing property "Control.auto_sva_inst.map_sel3_cat_from_in3:precondition1"	[1.00 s].
0.0.Hts: Starting proof for property "Control.auto_sva_inst.stable_catodo_when_sel3_stable:precondition1"	[0.00 s].
0.0.AM: Trace Attempt 317	[0.92 s]
0.0.AM: Per property time limit expired (0.94 s) [0.94 s]
0.0.AM: Stopped processing property "Control.auto_sva_inst.map_sel3_cat_from_in3:precondition1"	[0.94 s].
0.0.AM: Starting proof for property "Control.auto_sva_inst.stable_catodo_when_sel3_stable:precondition1"	[0.00 s].
0.0.AM: Trace Attempt  1	[0.00 s]
0.0.AM: Trace Attempt  2	[0.00 s]
0.0.AM: Trace Attempt  3	[0.00 s]
0.0.AM: Trace Attempt  4	[0.00 s]
0.0.AM: Trace Attempt  5	[0.00 s]
0.0.AM: Trace Attempt  1	[0.00 s]
0.0.AM: Trace Attempt  2	[0.00 s]
0.0.AM: Trace Attempt  3	[0.00 s]
0.0.AM: Trace Attempt  5	[0.00 s]
0.0.AM: Trace Attempt  1	[0.00 s]
0.0.AM: Trace Attempt  2	[0.00 s]
0.0.AM: Trace Attempt  3	[0.01 s]
0.0.AM: Trace Attempt  5	[0.01 s]
0.0.Hts: Trace Attempt  1	[0.01 s]
0.0.Hts: Trace Attempt  2	[0.01 s]
0.0.Hts: Trace Attempt  3	[0.01 s]
0.0.Hts: Trace Attempt  4	[0.01 s]
0.0.Hts: Trace Attempt  5	[0.01 s]
0.0.AM: Trace Attempt  1	[0.02 s]
0.0.AM: Trace Attempt  2	[0.02 s]
0.0.AM: Trace Attempt  3	[0.02 s]
0.0.AM: Trace Attempt  5	[0.02 s]
0.0.Hts: Trace Attempt 1380	[0.17 s]
0.0.Hts: Per property time limit expired (1.00 s) [1.00 s]
0.0.Hts: Stopped processing property "Control.auto_sva_inst.stable_catodo_when_sel3_stable:precondition1"	[1.00 s].
0.0.Hts: Starting proof for property "Control.auto_sva_inst.map_sel2_cat_from_in2:precondition1"	[0.00 s].
0.0.AM: Stopped processing property "Control.auto_sva_inst.stable_catodo_when_sel3_stable:precondition1"	[1.00 s].
0.0.AM: Starting proof for property "Control.auto_sva_inst.map_sel2_cat_from_in2:precondition1"	[0.00 s].
0.0.AM: Trace Attempt  1	[0.00 s]
0.0.AM: Trace Attempt  2	[0.00 s]
0.0.AM: Trace Attempt  3	[0.00 s]
0.0.AM: Trace Attempt  4	[0.00 s]
0.0.AM: Trace Attempt  5	[0.00 s]
0.0.AM: Trace Attempt  1	[0.00 s]
0.0.AM: Trace Attempt  2	[0.00 s]
0.0.AM: Trace Attempt  3	[0.00 s]
0.0.AM: Trace Attempt  1	[0.00 s]
0.0.AM: Trace Attempt  2	[0.00 s]
0.0.AM: Trace Attempt  3	[0.00 s]
0.0.Hts: Trace Attempt  1	[0.04 s]
0.0.Hts: Trace Attempt  2	[0.04 s]
0.0.Hts: Trace Attempt  3	[0.04 s]
0.0.Hts: Trace Attempt  4	[0.04 s]
0.0.Hts: Trace Attempt  5	[0.04 s]
0.0.AM: Trace Attempt  1	[0.12 s]
0.0.AM: Trace Attempt  2	[0.12 s]
0.0.AM: Trace Attempt  3	[0.12 s]
0.0.AM: Stopped processing property "Control.auto_sva_inst.map_sel2_cat_from_in2:precondition1"	[1.67 s].
0.0.AM: Morphing to K
0.0.AM: Trace Attempt 181	[1.66 s]
0.0.AM: All properties determined. [0.00 s]
0.0.AM: Exited with Success (@ 0.00 s)
0.0.K: clocks: 1, declared: 1, disabling: 0, posedge: 1, negedge: 0, noedge: 0, bothedge: 0
0.0.K: Starting proof for property "Control.auto_sva_inst.stable_catodo_when_sel2_stable:precondition1"	[0.00 s].
0.0.K: Trace Attempt 15	[0.00 s]
0.0.K: Trace Attempt  1	[0.00 s]
0.0.K: Trace Attempt  2	[0.00 s]
0.0.K: Trace Attempt  3	[0.00 s]
0.0.K: Trace Attempt  4	[0.00 s]
0.0.K: Trace Attempt  5	[0.00 s]
0.0.Hts: Stopped processing property "Control.auto_sva_inst.map_sel2_cat_from_in2:precondition1"	[1.78 s].
0.0.Hts: Morphing to AB
0.0.Hts: Trace Attempt 1384	[0.14 s]
0.0.Hts: All properties determined. [0.00 s]
0.0.Hts: Exited with Success (@ 0.00 s)
0.0.AB: clocks: 1, declared: 1, disabling: 0, posedge: 1, negedge: 0, noedge: 0, bothedge: 0
0.0.AB: Starting proof for property "Control.auto_sva_inst.stable_catodo_when_sel2_stable:precondition1"	[0.00 s].
0.0.AB: Trace Attempt  1	[0.00 s]
0.0.AB: Trace Attempt  2	[0.00 s]
0.0.AB: Trace Attempt  3	[0.00 s]
0.0.AB: Trace Attempt  4	[0.00 s]
0.0.AB: Trace Attempt  5	[0.00 s]
0.0.AB: Trace Attempt  1	[0.00 s]
0.0.AB: Trace Attempt  2	[0.00 s]
0.0.AB: Trace Attempt  3	[0.00 s]
0.0.AB: Trace Attempt  4	[0.00 s]
0.0.AB: Trace Attempt  5	[0.00 s]
0.0.AB: Trace Attempt  1	[0.01 s]
0.0.AB: Trace Attempt  2	[0.01 s]
0.0.AB: Trace Attempt  3	[0.01 s]
0.0.AB: Trace Attempt  4	[0.01 s]
0.0.AB: Trace Attempt  5	[0.01 s]
0.0.Ht: Trace Attempt 1399	[185.51 s]
0.0.K: Trace Attempt 224	[1.97 s]
0.0.K: Per property time limit expired (2.00 s) [2.00 s]
0.0.K: Stopped processing property "Control.auto_sva_inst.stable_catodo_when_sel2_stable:precondition1"	[2.00 s].
0.0.K: Starting proof for property "Control.auto_sva_inst.map_sel3_cat_from_in3:precondition1"	[0.00 s].
0.0.AB: Trace Attempt 287	[1.89 s]
0.0.AB: Per property time limit expired (1.90 s) [1.90 s]
0.0.AB: Stopped processing property "Control.auto_sva_inst.stable_catodo_when_sel2_stable:precondition1"	[1.90 s].
0.0.AB: Starting proof for property "Control.auto_sva_inst.map_sel3_cat_from_in3:precondition1"	[0.00 s].
0.0.K: Trace Attempt 128	[0.00 s]
0.0.AB: Trace Attempt  1	[0.00 s]
0.0.AB: Trace Attempt  2	[0.00 s]
0.0.AB: Trace Attempt  3	[0.00 s]
0.0.AB: Trace Attempt  4	[0.00 s]
0.0.AB: Trace Attempt  5	[0.00 s]
0.0.AB: Trace Attempt  1	[0.00 s]
0.0.AB: Trace Attempt  2	[0.00 s]
0.0.AB: Trace Attempt  3	[0.00 s]
0.0.AB: Trace Attempt  4	[0.00 s]
0.0.AB: Trace Attempt  5	[0.00 s]
0.0.AB: Trace Attempt  1	[0.00 s]
0.0.AB: Trace Attempt  2	[0.00 s]
0.0.AB: Trace Attempt  3	[0.00 s]
0.0.AB: Trace Attempt  4	[0.00 s]
0.0.AB: Trace Attempt  5	[0.00 s]
0.0.AB: Trace Attempt  1	[0.01 s]
0.0.AB: Trace Attempt  2	[0.01 s]
0.0.AB: Trace Attempt  3	[0.01 s]
0.0.AB: Trace Attempt  4	[0.01 s]
0.0.AB: Trace Attempt  5	[0.01 s]
0.0.K: Trace Attempt  1	[0.52 s]
0.0.K: Trace Attempt  2	[0.52 s]
0.0.K: Trace Attempt  3	[0.52 s]
0.0.K: Trace Attempt  4	[0.52 s]
0.0.K: Trace Attempt  5	[0.52 s]
0.0.K: Trace Attempt 215	[1.99 s]
0.0.K: Per property time limit expired (2.00 s) [2.00 s]
0.0.K: Stopped processing property "Control.auto_sva_inst.map_sel3_cat_from_in3:precondition1"	[2.00 s].
0.0.K: Starting proof for property "Control.auto_sva_inst.map_sel2_cat_from_in2:precondition1"	[0.00 s].
0.0.K: Trace Attempt 15	[0.00 s]
0.0.K: Trace Attempt  1	[0.00 s]
0.0.K: Trace Attempt  2	[0.00 s]
0.0.K: Trace Attempt  3	[0.00 s]
0.0.K: Trace Attempt  4	[0.00 s]
0.0.K: Trace Attempt  5	[0.00 s]
0.0.AB: Trace Attempt 216	[1.95 s]
0.0.AB: Per property time limit expired (2.00 s) [2.00 s]
0.0.AB: Stopped processing property "Control.auto_sva_inst.map_sel3_cat_from_in3:precondition1"	[2.00 s].
0.0.AB: Starting proof for property "Control.auto_sva_inst.map_sel2_cat_from_in2:precondition1"	[0.00 s].
0.0.AB: Trace Attempt  1	[0.00 s]
0.0.AB: Trace Attempt  2	[0.00 s]
0.0.AB: Trace Attempt  3	[0.00 s]
0.0.AB: Trace Attempt  4	[0.00 s]
0.0.AB: Trace Attempt  5	[0.00 s]
0.0.AB: Trace Attempt  1	[0.00 s]
0.0.AB: Trace Attempt  2	[0.00 s]
0.0.AB: Trace Attempt  3	[0.00 s]
0.0.AB: Trace Attempt  4	[0.00 s]
0.0.AB: Trace Attempt  5	[0.00 s]
0.0.AB: Trace Attempt  1	[0.01 s]
0.0.AB: Trace Attempt  2	[0.01 s]
0.0.AB: Trace Attempt  3	[0.01 s]
0.0.AB: Trace Attempt  4	[0.01 s]
0.0.AB: Trace Attempt  5	[0.01 s]
0.0.AB: Trace Attempt  1	[0.13 s]
0.0.AB: Trace Attempt  2	[0.13 s]
0.0.AB: Trace Attempt  3	[0.13 s]
0.0.AB: Trace Attempt  4	[0.13 s]
0.0.AB: Trace Attempt  5	[0.13 s]
0.0.Ht: Trace Attempt 1421	[189.58 s]
0.0.K: Stopped processing property "Control.auto_sva_inst.map_sel2_cat_from_in2:precondition1"	[1.68 s].
0.0.K: Morphing to AM
0.0.K: Trace Attempt 223	[1.67 s]
0.0.K: All properties determined. [0.00 s]
0.0.K: Exited with Success (@ 0.00 s)
0.0.AM: clocks: 1, declared: 1, disabling: 0, posedge: 1, negedge: 0, noedge: 0, bothedge: 0
0.0.AM: Starting proof for property "Control.auto_sva_inst.map_sel1_cat_from_in1:precondition1"	[0.00 s].
0.0.AB: Stopped processing property "Control.auto_sva_inst.map_sel2_cat_from_in2:precondition1"	[1.68 s].
0.0.AM: Trace Attempt  1	[0.00 s]
0.0.AM: Trace Attempt  2	[0.00 s]
0.0.AM: Trace Attempt  3	[0.00 s]
0.0.AB: Morphing to Hts
0.0.AM: Trace Attempt  4	[0.00 s]
0.0.AB: Trace Attempt 257	[1.67 s]
0.0.AB: All properties determined. [0.00 s]
0.0.AB: Exited with Success (@ 0.00 s)
0.0.AM: Trace Attempt  5	[0.00 s]
0.0.AM: Trace Attempt  1	[0.00 s]
0.0.AM: Trace Attempt  2	[0.00 s]
0.0.AM: Trace Attempt  3	[0.00 s]
0.0.Hts: Starting proof for property "Control.auto_sva_inst.map_sel1_cat_from_in1:precondition1"	[0.00 s].
0.0.AM: Trace Attempt  1	[0.00 s]
0.0.AM: Trace Attempt  2	[0.00 s]
0.0.AM: Trace Attempt  3	[0.00 s]
0.0.Hts: Trace Attempt  1	[0.01 s]
0.0.Hts: Trace Attempt  2	[0.01 s]
0.0.Hts: Trace Attempt  3	[0.01 s]
0.0.Hts: Trace Attempt  4	[0.01 s]
0.0.Hts: Trace Attempt  5	[0.01 s]
0.0.AM: Trace Attempt  1	[0.11 s]
0.0.AM: Trace Attempt  2	[0.11 s]
0.0.AM: Trace Attempt  3	[0.11 s]
0.0.Ht: Trace Attempt 1446	[193.62 s]
0.0.Hts: Trace Attempt 1428	[0.10 s]
0.0.Hts: Per property time limit expired (4.00 s) [4.00 s]
0.0.Hts: Stopped processing property "Control.auto_sva_inst.map_sel1_cat_from_in1:precondition1"	[4.00 s].
0.0.Hts: Starting proof for property "Control.auto_sva_inst.stable_catodo_when_sel1_stable:precondition1"	[0.00 s].
0.0.Hts: Trace Attempt  1	[0.01 s]
0.0.Hts: Trace Attempt  2	[0.01 s]
0.0.Hts: Trace Attempt  3	[0.01 s]
0.0.Hts: Trace Attempt  4	[0.01 s]
0.0.Hts: Trace Attempt  5	[0.01 s]
0.0.AM: Trace Attempt 390	[3.11 s]
0.0.AM: Per property time limit expired (4.00 s) [4.02 s]
0.0.AM: Stopped processing property "Control.auto_sva_inst.map_sel1_cat_from_in1:precondition1"	[4.02 s].
0.0.AM: Starting proof for property "Control.auto_sva_inst.stable_catodo_when_sel1_stable:precondition1"	[0.00 s].
0.0.AM: Trace Attempt  1	[0.00 s]
0.0.AM: Trace Attempt  2	[0.00 s]
0.0.AM: Trace Attempt  3	[0.00 s]
0.0.AM: Trace Attempt  4	[0.00 s]
0.0.AM: Trace Attempt  5	[0.00 s]
0.0.AM: Trace Attempt  1	[0.00 s]
0.0.AM: Trace Attempt  2	[0.00 s]
0.0.AM: Trace Attempt  3	[0.00 s]
0.0.AM: Trace Attempt  5	[0.00 s]
0.0.AM: Trace Attempt  1	[0.01 s]
0.0.AM: Trace Attempt  2	[0.01 s]
0.0.AM: Trace Attempt  3	[0.01 s]
0.0.AM: Trace Attempt  5	[0.01 s]
0.0.Ht: Trace Attempt 1465	[197.67 s]
0.0.Hts: Trace Attempt 1448	[0.19 s]
0.0.Hts: Per property time limit expired (4.00 s) [4.00 s]
0.0.Hts: Stopped processing property "Control.auto_sva_inst.stable_catodo_when_sel1_stable:precondition1"	[4.00 s].
0.0.Hts: Starting proof for property "Control.auto_sva_inst.map_sel2_cat_from_in2:precondition1"	[0.00 s].
0.0.Hts: Trace Attempt  1	[0.01 s]
0.0.Hts: Trace Attempt  2	[0.01 s]
0.0.Hts: Trace Attempt  3	[0.01 s]
0.0.Hts: Trace Attempt  4	[0.01 s]
0.0.Hts: Trace Attempt  5	[0.01 s]
0.0.AM: Stopped processing property "Control.auto_sva_inst.stable_catodo_when_sel1_stable:precondition1"	[4.00 s].
0.0.AM: Starting proof for property "Control.auto_sva_inst.map_sel2_cat_from_in2:precondition1"	[0.00 s].
0.0.AM: Trace Attempt  1	[0.00 s]
0.0.AM: Trace Attempt  2	[0.00 s]
0.0.AM: Trace Attempt  3	[0.00 s]
0.0.AM: Trace Attempt  4	[0.00 s]
0.0.AM: Trace Attempt  5	[0.00 s]
0.0.AM: Trace Attempt  1	[0.00 s]
0.0.AM: Trace Attempt  2	[0.00 s]
0.0.AM: Trace Attempt  3	[0.00 s]
0.0.AM: Trace Attempt  1	[0.00 s]
0.0.AM: Trace Attempt  2	[0.00 s]
0.0.AM: Trace Attempt  3	[0.00 s]
0.0.AM: Trace Attempt  1	[0.11 s]
0.0.AM: Trace Attempt  2	[0.11 s]
0.0.AM: Trace Attempt  3	[0.11 s]
0.0.AM: Stopped processing property "Control.auto_sva_inst.map_sel2_cat_from_in2:precondition1"	[1.65 s].
0.0.AM: Morphing to K
0.0.AM: Trace Attempt 181	[1.64 s]
0.0.AM: All properties determined. [0.00 s]
0.0.AM: Exited with Success (@ 0.00 s)
0.0.K: clocks: 1, declared: 1, disabling: 0, posedge: 1, negedge: 0, noedge: 0, bothedge: 0
0.0.K: Starting proof for property "Control.auto_sva_inst.stable_catodo_when_sel1_stable:precondition1"	[0.00 s].
0.0.K: Trace Attempt 12	[0.00 s]
0.0.K: Trace Attempt  1	[0.00 s]
0.0.K: Trace Attempt  2	[0.00 s]
0.0.K: Trace Attempt  3	[0.00 s]
0.0.K: Trace Attempt  4	[0.00 s]
0.0.K: Trace Attempt  5	[0.00 s]
0.0.Hts: Stopped processing property "Control.auto_sva_inst.map_sel2_cat_from_in2:precondition1"	[1.87 s].
0.0.Hts: Starting proof for property "Control.auto_sva_inst.stable_catodo_when_sel1_stable:precondition1"	[0.00 s].
0.0.Hts: Trace Attempt  1	[0.01 s]
0.0.Hts: Trace Attempt  2	[0.01 s]
0.0.Hts: Trace Attempt  3	[0.01 s]
0.0.Hts: Trace Attempt  4	[0.01 s]
0.0.Hts: Trace Attempt  5	[0.01 s]
0.0.K: Trace Attempt 253	[4.02 s]
0.0.Ht: Trace Attempt 1476	[205.26 s]
0.0.K: Trace Attempt 292	[7.75 s]
0.0.K: Per property time limit expired (7.99 s) [7.99 s]
0.0.K: Stopped processing property "Control.auto_sva_inst.stable_catodo_when_sel1_stable:precondition1"	[7.99 s].
0.0.K: Starting proof for property "Control.auto_sva_inst.stable_catodo_when_sel2_stable:precondition1"	[0.00 s].
0.0.K: Trace Attempt 15	[0.00 s]
0.0.K: Trace Attempt  1	[0.00 s]
0.0.K: Trace Attempt  2	[0.00 s]
0.0.K: Trace Attempt  3	[0.00 s]
0.0.K: Trace Attempt  4	[0.00 s]
0.0.K: Trace Attempt  5	[0.00 s]
0.0.Hts: Stopped processing property "Control.auto_sva_inst.stable_catodo_when_sel1_stable:precondition1"	[7.84 s].
0.0.Hts: Starting proof for property "Control.auto_sva_inst.stable_catodo_when_sel2_stable:precondition1"	[0.00 s].
0.0.Hts: Trace Attempt  1	[0.01 s]
0.0.Hts: Trace Attempt  2	[0.01 s]
0.0.Hts: Trace Attempt  3	[0.01 s]
0.0.Hts: Trace Attempt  4	[0.01 s]
0.0.Hts: Trace Attempt  5	[0.01 s]
0.0.Ht: Trace Attempt 1493	[209.27 s]
0.0.K: Trace Attempt 277	[4.28 s]
0.0.Ht: Trace Attempt 1513	[213.34 s]
0.0.K: Trace Attempt 312	[7.89 s]
0.0.K: Per property time limit expired (8.00 s) [8.00 s]
0.0.K: Stopped processing property "Control.auto_sva_inst.stable_catodo_when_sel2_stable:precondition1"	[8.00 s].
0.0.K: Starting proof for property "Control.auto_sva_inst.map_sel2_cat_from_in2:precondition1"	[0.00 s].
0.0.K: Trace Attempt 15	[0.00 s]
0.0.K: Trace Attempt  1	[0.00 s]
0.0.K: Trace Attempt  2	[0.00 s]
0.0.K: Trace Attempt  3	[0.00 s]
0.0.K: Trace Attempt  4	[0.00 s]
0.0.K: Trace Attempt  5	[0.00 s]
0.0.Hts: Stopped processing property "Control.auto_sva_inst.stable_catodo_when_sel2_stable:precondition1"	[7.97 s].
0.0.Hts: Starting proof for property "Control.auto_sva_inst.map_sel2_cat_from_in2:precondition1"	[0.00 s].
0.0.Hts: Trace Attempt  1	[0.01 s]
0.0.Hts: Trace Attempt  2	[0.01 s]
0.0.Hts: Trace Attempt  3	[0.01 s]
0.0.Hts: Trace Attempt  4	[0.01 s]
0.0.Hts: Trace Attempt  5	[0.01 s]
0.0.Ht: Trace Attempt 1529	[217.49 s]
0.0.K: Stopped processing property "Control.auto_sva_inst.map_sel2_cat_from_in2:precondition1"	[1.79 s].
0.0.K: Morphing to AB
0.0.K: Trace Attempt 237	[1.78 s]
0.0.K: All properties determined. [0.00 s]
0.0.K: Exited with Success (@ 0.00 s)
0.0.AB: clocks: 1, declared: 1, disabling: 0, posedge: 1, negedge: 0, noedge: 0, bothedge: 0
0.0.AB: Starting proof for property "Control.auto_sva_inst.stable_catodo_when_sel3_stable:precondition1"	[0.00 s].
0.0.AB: Trace Attempt  1	[0.00 s]
0.0.AB: Trace Attempt  2	[0.00 s]
0.0.AB: Trace Attempt  3	[0.00 s]
0.0.AB: Trace Attempt  4	[0.00 s]
0.0.AB: Trace Attempt  5	[0.00 s]
0.0.AB: Trace Attempt  1	[0.00 s]
0.0.AB: Trace Attempt  2	[0.00 s]
0.0.AB: Trace Attempt  3	[0.00 s]
0.0.AB: Trace Attempt  4	[0.00 s]
0.0.AB: Trace Attempt  5	[0.00 s]
0.0.AB: Trace Attempt  1	[0.00 s]
0.0.AB: Trace Attempt  2	[0.00 s]
0.0.AB: Trace Attempt  3	[0.00 s]
0.0.AB: Trace Attempt  4	[0.00 s]
0.0.AB: Trace Attempt  5	[0.00 s]
0.0.AB: Trace Attempt  1	[0.01 s]
0.0.AB: Trace Attempt  2	[0.01 s]
0.0.AB: Trace Attempt  3	[0.01 s]
0.0.AB: Trace Attempt  4	[0.01 s]
0.0.AB: Trace Attempt  5	[0.01 s]
0.0.Hts: Stopped processing property "Control.auto_sva_inst.map_sel2_cat_from_in2:precondition1"	[1.91 s].
0.0.Hts: Morphing to Tri
0.0.Hts: Trace Attempt 1524	[0.12 s]
0.0.Hts: All properties determined. [0.00 s]
0.0.Hts: Exited with Success (@ 0.00 s)
0.0.Tri: clocks: 1, declared: 1, disabling: 0, posedge: 1, negedge: 0, noedge: 0, bothedge: 0
0.0.Tri: Starting proof for property "Control.auto_sva_inst.stable_catodo_when_sel3_stable:precondition1"	[0.00 s].
0.0.Tri: Trace Attempt  1	[0.00 s]
0.0.Tri:    0.00" ---- Launching main thread ----
0.0.Tri:    0.33" ---- Launching abstraction thread ----
0.0.Tri:    0.37" ---- Launching multi-phase simplification thread ----
0.0.Tri: Trace Attempt  2	[0.61 s]
0.0.Tri: Trace Attempt  3	[0.61 s]
0.0.Tri: Trace Attempt  4	[0.61 s]
0.0.Tri: Trace Attempt  5	[0.61 s]
0.0.Tri:    1.55" Simplification phase 1 complete
0.0.Tri:    1.76" Simplification phase 2 complete
0.0.Tri:    2.52" Simplification phase 3 complete
   2.52" ---- Completed simplification thread ----
   2.52" ---- Restarting main thread on simplified netlist ----
0.0.Tri:    2.75" ---- Restarting abstraction thread on simplified netlist ----
0.0.Ht: Trace Attempt 1541	[221.66 s]
0.0.AB: Trace Attempt 414	[4.14 s]
0.0.Tri: Trace Attempt 7578	[5.44 s]
0.0.Ht: Trace Attempt 1557	[225.76 s]
0.0.AB: Trace Attempt 505	[8.30 s]
0.0.Tri: Trace Attempt 38078	[9.93 s]
0.0.AB: Trace Attempt 532	[12.38 s]
0.0.Tri: Trace Attempt 51945	[13.93 s]
0.0.AB: Trace Attempt 553	[15.88 s]
0.0.AB: Per property time limit expired (16.00 s) [16.00 s]
0.0.AB: Stopped processing property "Control.auto_sva_inst.stable_catodo_when_sel3_stable:precondition1"	[16.00 s].
0.0.AB: Starting proof for property "Control.auto_sva_inst.map_sel1_cat_from_in1:precondition1"	[0.00 s].
0.0.AB: Trace Attempt  1	[0.00 s]
0.0.AB: Trace Attempt  2	[0.00 s]
0.0.AB: Trace Attempt  3	[0.00 s]
0.0.AB: Trace Attempt  4	[0.00 s]
0.0.AB: Trace Attempt  5	[0.00 s]
0.0.AB: Trace Attempt  1	[0.00 s]
0.0.AB: Trace Attempt  2	[0.00 s]
0.0.AB: Trace Attempt  3	[0.00 s]
0.0.AB: Trace Attempt  4	[0.00 s]
0.0.AB: Trace Attempt  5	[0.00 s]
0.0.AB: Trace Attempt  1	[0.00 s]
0.0.AB: Trace Attempt  2	[0.00 s]
0.0.AB: Trace Attempt  3	[0.00 s]
0.0.AB: Trace Attempt  4	[0.00 s]
0.0.AB: Trace Attempt  5	[0.00 s]
0.0.Tri: Stopped processing property "Control.auto_sva_inst.stable_catodo_when_sel3_stable:precondition1"	[15.85 s].
0.0.Tri: Starting proof for property "Control.auto_sva_inst.map_sel1_cat_from_in1:precondition1"	[0.00 s].
0.0.Tri: Trace Attempt  1	[0.00 s]
0.0.Tri:   15.66" ---- Launching main thread ----
0.0.AB: Trace Attempt  1	[0.12 s]
0.0.AB: Trace Attempt  2	[0.12 s]
0.0.AB: Trace Attempt  3	[0.12 s]
0.0.AB: Trace Attempt  4	[0.12 s]
0.0.AB: Trace Attempt  5	[0.12 s]
0.0.Tri:   15.88" ---- Launching abstraction thread ----
0.0.Tri:   15.92" ---- Launching multi-phase simplification thread ----
0.0.Tri: Trace Attempt  2	[0.32 s]
0.0.Tri: Trace Attempt  3	[0.32 s]
0.0.Tri: Trace Attempt  4	[0.32 s]
0.0.Tri: Trace Attempt  5	[0.32 s]
0.0.Ht: Trace Attempt 1568	[235.16 s]
0.0.Tri:   17.12" Simplification phase 1 complete
0.0.Tri:   17.17" Simplification phase 2 complete
0.0.Tri:   17.23" Simplification phase 3 complete
  17.23" ---- Completed simplification thread ----
0.0.Tri:   17.23" ---- Restarting main thread on simplified netlist ----
0.0.Tri:   17.46" ---- Restarting abstraction thread on simplified netlist ----
0.0.AB: Trace Attempt 317	[4.12 s]
0.0.Tri: Trace Attempt 8936	[4.89 s]
0.0.Ht: Trace Attempt 1859	[239.16 s]
0.0.Hp: Interrupted (multi)
0.0.Hp: Morphing to Bm
0.0.Hp: All properties determined. [0.00 s]
0.0.Hp: Exited with Success (@ 0.00 s)
0.0.Bm: clocks: 1, declared: 1, disabling: 0, posedge: 1, negedge: 0, noedge: 0, bothedge: 0
0.0.Bm: Trace Attempt  1	[0.00 s]
0.0.Bm: Trace Attempt  2	[0.00 s]
0.0.Bm: Trace Attempt  3	[0.00 s]
0.0.Bm: Trace Attempt  4	[0.00 s]
0.0.Bm: Trace Attempt  5	[0.00 s]
0.0.AB: Trace Attempt 468	[8.19 s]
0.0.Tri: Trace Attempt 29602	[8.89 s]
0.0.Ht: Trace Attempt 8305	[243.17 s]
0.0.Bm: Trace Attempt 244	[4.02 s]
0.0.AB: Trace Attempt 504	[12.21 s]
0.0.Ht: Trace Attempt 9742	[247.18 s]
0.0.Tri: Trace Attempt 50839	[13.07 s]
0.0.Bm: Trace Attempt 298	[8.02 s]
0.0.AB: Trace Attempt 530	[15.58 s]
0.0.AB: Per property time limit expired (16.00 s) [16.00 s]
0.0.AB: Stopped processing property "Control.auto_sva_inst.map_sel1_cat_from_in1:precondition1"	[16.00 s].
0.0.AB: Starting proof for property "Control.auto_sva_inst.map_sel2_cat_from_in2:precondition1"	[0.00 s].
0.0.AB: Trace Attempt  1	[0.00 s]
0.0.AB: Trace Attempt  2	[0.00 s]
0.0.AB: Trace Attempt  3	[0.00 s]
0.0.AB: Trace Attempt  4	[0.00 s]
0.0.AB: Trace Attempt  5	[0.00 s]
0.0.AB: Trace Attempt  1	[0.00 s]
0.0.AB: Trace Attempt  2	[0.00 s]
0.0.AB: Trace Attempt  3	[0.00 s]
0.0.AB: Trace Attempt  4	[0.00 s]
0.0.AB: Trace Attempt  5	[0.00 s]
0.0.AB: Trace Attempt  1	[0.00 s]
0.0.AB: Trace Attempt  2	[0.00 s]
0.0.AB: Trace Attempt  3	[0.00 s]
0.0.AB: Trace Attempt  4	[0.00 s]
0.0.AB: Trace Attempt  5	[0.00 s]
0.0.Tri: Stopped processing property "Control.auto_sva_inst.map_sel1_cat_from_in1:precondition1"	[15.98 s].
0.0.Tri: Starting proof for property "Control.auto_sva_inst.map_sel2_cat_from_in2:precondition1"	[0.00 s].
0.0.Tri: Trace Attempt  1	[0.00 s]
0.0.Tri:   31.73" ---- Launching main thread ----
0.0.AB: Trace Attempt  1	[0.12 s]
0.0.AB: Trace Attempt  2	[0.12 s]
0.0.AB: Trace Attempt  3	[0.12 s]
0.0.AB: Trace Attempt  4	[0.12 s]
0.0.AB: Trace Attempt  5	[0.12 s]
0.0.Tri:   31.96" ---- Launching abstraction thread ----
0.0.Tri:   32.00" ---- Launching multi-phase simplification thread ----
0.0.AB: Stopped processing property "Control.auto_sva_inst.map_sel2_cat_from_in2:precondition1"	[0.85 s].
0.0.AB: Morphing to Tricustom6
0.0.AB: Trace Attempt 228	[0.81 s]
0.0.AB: All properties determined. [0.00 s]
0.0.AB: Exited with Success (@ 0.00 s)
0.0.Tricustom6: Starting clock optimization
0.0.Tri: Stopped processing property "Control.auto_sva_inst.map_sel2_cat_from_in2:precondition1"	[0.86 s].
0.0.Tri: Starting proof for property "Control.auto_sva_inst.stable_catodo_when_sel1_stable:precondition1"	[0.00 s].
0.0.Tri: Trace Attempt  1	[0.00 s]
0.0.Tricustom6: Finished clock optimization
0.0.Tricustom6: clocks: 1, declared: 1, disabling: 0, posedge: 1, negedge: 0, noedge: 0, bothedge: 0
0.0.Tri:   32.51" ---- Launching main thread ----
0.0.Tricustom6: Starting proof for property "Control.auto_sva_inst.stable_catodo_when_sel1_stable:precondition1"	[0.00 s].
0.0.Tricustom6: Trace Attempt  4	[0.00 s]
0.0.Tricustom6:    0.00" ---- Launching main thread ----
0.0.Tri:   32.73" ---- Launching abstraction thread ----
0.0.Ht: Trace Attempt 11577	[251.18 s]
0.0.Tri:   32.77" ---- Launching multi-phase simplification thread ----
0.0.Tricustom6:    0.22" ---- Launching abstraction thread ----
0.0.Tricustom6:    0.26" ---- Launching multi-phase simplification thread ----
0.0.Tricustom6:    1.15" Simplification phase 1 complete
0.0.Tri:   33.73" Simplification phase 1 complete
0.0.Tricustom6:    1.22" Simplification phase 2 complete
0.0.Tri:   33.79" Simplification phase 2 complete
0.0.Tricustom6:    1.34" Simplification phase 3 complete
   1.34" ---- Completed simplification thread ----
0.0.Tricustom6:    1.34" ---- Restarting main thread on simplified netlist ----
0.0.Tri:   33.91" Simplification phase 3 complete
  33.91" ---- Completed simplification thread ----
  33.91" ---- Restarting main thread on simplified netlist ----
0.0.Tri:   34.13" ---- Restarting abstraction thread on simplified netlist ----
0.0.Tricustom6:    1.58" ---- Restarting abstraction thread on simplified netlist ----
0.0.Bm: Trace Attempt 323	[12.03 s]
0.0.Ht: Trace Attempt 13117	[255.18 s]
0.0.Tricustom6: Trace Attempt 20952	[4.22 s]
0.0.Tri: Trace Attempt 8646	[4.31 s]
0.0.Bm: Trace Attempt 352	[16.29 s]
0.0.Ht: Trace Attempt 14441	[259.18 s]
0.0.Tricustom6: Trace Attempt 83732	[8.22 s]
0.0.Tri: Trace Attempt 22897	[9.00 s]
0.0.Bm: Trace Attempt 381	[21.20 s]
0.0.Ht: Trace Attempt 15639	[263.18 s]
0.0.Tri: Trace Attempt 50049	[14.32 s]
0.0.Bm: Trace Attempt 393	[25.23 s]
0.0.Ht: Trace Attempt 16845	[267.18 s]
0.0.Bm: Trace Attempt 410	[29.24 s]
0.0.Ht: Trace Attempt 17894	[271.18 s]
0.0.Tri: Trace Attempt 72849	[20.25 s]
0.0.Bm: Trace Attempt 454	[33.75 s]
0.0.Tricustom6: Trace Attempt 131076	[10.50 s]
0.0.Tricustom6: A trace with 131075 cycles was found. There may exist shorter traces (as short as 131073 cycles) [21.34 s]
INFO (IPF047): 0.0.Tricustom6: The cover property "Control.auto_sva_inst.stable_catodo_when_sel1_stable:precondition1" was covered in 131075 cycles in 25.54 s.
INFO (IPF047): 0.0.Tricustom6: The cover property "Control.auto_sva_inst.map_sel1_cat_from_in1:precondition1" was covered in 131073 cycles in 25.54 s by the incidental trace "Control.auto_sva_inst.stable_catodo_when_sel1_stable:precondition1".
0: ProofGrid usable level: 4
0.0.Ht: Trace Attempt 18838	[275.18 s]
0.0.Tri: Stopped processing property "Control.auto_sva_inst.stable_catodo_when_sel1_stable:precondition1"	[25.59 s].
0.0.Tri: Starting proof for property "Control.auto_sva_inst.stable_catodo_when_sel2_stable:precondition1"	[0.00 s].
0.0.Tri: Trace Attempt  1	[0.00 s]
0.0.Tri:   57.91" ---- Launching main thread ----
0.0.Tricustom6: Stopped processing property "Control.auto_sva_inst.stable_catodo_when_sel1_stable:precondition1"	[25.55 s].
0.0.Tricustom6: Starting proof for property "Control.auto_sva_inst.stable_catodo_when_sel2_stable:precondition1"	[0.00 s].
0.0.Tricustom6: Trace Attempt  4	[0.00 s]
0.0.Tricustom6:   25.44" ---- Launching main thread ----
0.0.Tri:   58.17" ---- Launching abstraction thread ----
0.0.Tri:   58.20" ---- Launching multi-phase simplification thread ----
0.0.Tri: Trace Attempt  2	[0.35 s]
0.0.Tri: Trace Attempt  3	[0.35 s]
0.0.Tri: Trace Attempt  4	[0.35 s]
0.0.Tri: Trace Attempt  5	[0.35 s]
0.0.Tricustom6:   25.70" ---- Launching abstraction thread ----
0.0.Tricustom6:   25.74" ---- Launching multi-phase simplification thread ----
0.0.Tricustom6:   26.54" Simplification phase 1 complete
0.0.Tricustom6:   26.60" Simplification phase 2 complete
0.0.Tricustom6:   26.67" Simplification phase 3 complete
  26.67" ---- Completed simplification thread ----
  26.67" ---- Restarting main thread on simplified netlist ----
0.0.Tri:   59.41" Simplification phase 1 complete
0.0.Tricustom6:   26.91" ---- Restarting abstraction thread on simplified netlist ----
0.0.Tri:   59.48" Simplification phase 2 complete
0.0.Tri:   59.54" Simplification phase 3 complete
  59.54" ---- Completed simplification thread ----
  59.54" ---- Restarting main thread on simplified netlist ----
0.0.Tri:   59.76" ---- Restarting abstraction thread on simplified netlist ----
0.0.Bm: Trace Attempt 603	[37.75 s]
0.0.Tricustom6: Trace Attempt 29900	[4.00 s]
0.0.Tri: Trace Attempt 8701	[4.41 s]
0.0.Bm: Trace Attempt 721	[41.75 s]
0.0.Tricustom6: Trace Attempt 112808	[8.13 s]
0.0.Tri: Trace Attempt 27356	[9.39 s]
0.0.Bm: Trace Attempt 796	[45.80 s]
0.0.Tricustom6: Trace Attempt 188636	[12.13 s]
0.0.Tri: Trace Attempt 47791	[13.39 s]
0.0.Bm: Trace Attempt 837	[50.95 s]
0.0.Tricustom6: Trace Attempt 252412	[16.30 s]
0.0.Tri: Trace Attempt 72616	[17.39 s]
0.0.Bm: Trace Attempt 867	[54.97 s]
0.0.Tri: Trace Attempt 90124	[21.79 s]
0.0.Bm: Trace Attempt 913	[58.99 s]
0.0.Tri: Trace Attempt 102107	[25.95 s]
0.0.Bm: Trace Attempt 931	[63.10 s]
0.0.Tri: Trace Attempt 127628	[29.95 s]
0.0.Bm: Trace Attempt 984	[67.32 s]
0.0.Tri: Trace Attempt 138261	[30.50 s]
0.0.Tri: Per property time limit expired (32.00 s) [32.11 s]
0.0.Tri: Stopped processing property "Control.auto_sva_inst.stable_catodo_when_sel2_stable:precondition1"	[31.94 s].
0.0.Tri: Starting proof for property "Control.auto_sva_inst.map_sel2_cat_from_in2:precondition1"	[0.00 s].
0.0.Tri: Trace Attempt  1	[0.00 s]
0.0.Tricustom6: Trace Attempt 262148	[16.54 s]
0.0.Tricustom6: Per property time limit expired (32.00 s) [32.03 s]
0.0.Tricustom6: Stopped processing property "Control.auto_sva_inst.stable_catodo_when_sel2_stable:precondition1"	[31.95 s].
0.0.Tricustom6: Starting proof for property "Control.auto_sva_inst.map_sel2_cat_from_in2:precondition1"	[0.00 s].
0.0.Tricustom6: Trace Attempt  4	[0.00 s]
0.0.Tricustom6:   57.48" ---- Launching main thread ----
0.0.Tri:   90.06" ---- Launching main thread ----
0.0.Tricustom6:   57.72" ---- Launching abstraction thread ----
0.0.Tri:   90.29" ---- Launching abstraction thread ----
0.0.Tricustom6:   57.75" ---- Launching multi-phase simplification thread ----
0.0.Tri:   90.33" ---- Launching multi-phase simplification thread ----
0.0.Tricustom6: Stopped processing property "Control.auto_sva_inst.map_sel2_cat_from_in2:precondition1"	[0.58 s].
0.0.Tricustom6: Starting proof for property "Control.auto_sva_inst.map_sel2_cat_from_in2:precondition1"	[0.00 s].
0.0.Tricustom6: Trace Attempt  4	[0.00 s]
0.0.Tricustom6:   58.05" ---- Launching main thread ----
0.0.Tri: Stopped processing property "Control.auto_sva_inst.map_sel2_cat_from_in2:precondition1"	[0.69 s].
0.0.Tri: Morphing to D
0.0.Tri: Trace Attempt 3179	[0.69 s]
0.0.Tri: All properties determined. [0.00 s]
0.0.Tri: Exited with Success (@ 0.00 s)
0.0.D: clocks: 1, declared: 1, disabling: 0, posedge: 1, negedge: 0, noedge: 0, bothedge: 0
0.0.D: Starting proof for property "Control.auto_sva_inst.map_sel2_cat_from_in2:precondition1"	[0.00 s].
0.0.D: Trace Attempt  1	[0.00 s]
0.0.D: Trace Attempt  2	[0.00 s]
0.0.D: Trace Attempt  3	[0.00 s]
0.0.D: Trace Attempt  5	[0.00 s]
0.0.Tricustom6:   58.30" ---- Launching abstraction thread ----
0.0.Tricustom6:   58.34" ---- Launching multi-phase simplification thread ----
0.0.Tricustom6:   59.39" Simplification phase 1 complete
0.0.Tricustom6:   59.45" Simplification phase 2 complete
0.0.Tricustom6:   59.56" Simplification phase 3 complete
  59.56" ---- Completed simplification thread ----
  59.56" ---- Restarting main thread on simplified netlist ----
0.0.Tricustom6:   59.78" ---- Restarting abstraction thread on simplified netlist ----
0.0.Bm: Trace Attempt 1018	[71.43 s]
0.0.Tricustom6: Trace Attempt 32300	[4.21 s]
0.0.Bm: Trace Attempt 1021	[76.62 s]
0.0.Tricustom6: Trace Attempt 82300	[8.51 s]
0.0.Bm: Trace Attempt 1031	[80.82 s]
0.0.Tricustom6: Trace Attempt 149836	[12.73 s]
0.0.Bm: Trace Attempt 1062	[85.17 s]
0.0.Tricustom6: Trace Attempt 177444	[17.18 s]
0.0.D: Trace Attempt 113	[18.29 s]
0.0.Tricustom6: Trace Attempt 215180	[21.18 s]
0.0.D: Per property time limit expired (21.87 s) [21.88 s]
0.0.D: Stopped processing property "Control.auto_sva_inst.map_sel2_cat_from_in2:precondition1"	[21.88 s].
0.0.D: Starting proof for property "Control.auto_sva_inst.stable_catodo_when_sel3_stable:precondition1"	[0.00 s].
0.0.D: Trace Attempt  1	[0.00 s]
0.0.D: Trace Attempt  2	[0.00 s]
0.0.D: Trace Attempt  3	[0.00 s]
0.0.Tricustom6: Trace Attempt 240480	[22.02 s]
0.0.Tricustom6: Per property time limit expired (22.00 s) [22.02 s]
0.0.Tricustom6: Stopped processing property "Control.auto_sva_inst.map_sel2_cat_from_in2:precondition1"	[22.02 s].
0.0.Tricustom6: Starting proof for property "Control.auto_sva_inst.stable_catodo_when_sel3_stable:precondition1"	[0.00 s].
0.0.Tricustom6: Trace Attempt  4	[0.00 s]
0.0.Tricustom6:   80.14" ---- Launching main thread ----
0.0.Tricustom6:   80.37" ---- Launching abstraction thread ----
0.0.Tricustom6:   80.41" ---- Launching multi-phase simplification thread ----
0.0.Bm: Trace Attempt 1070	[91.24 s]
0.0.Tricustom6:   81.30" Simplification phase 1 complete
0.0.Tricustom6:   81.36" Simplification phase 2 complete
0.0.Tricustom6:   81.43" Simplification phase 3 complete
  81.43" ---- Completed simplification thread ----
  81.43" ---- Restarting main thread on simplified netlist ----
0.0.Tricustom6:   81.65" ---- Restarting abstraction thread on simplified netlist ----
0.0.Tricustom6: Trace Attempt 29816	[4.00 s]
0.0.Tricustom6: Trace Attempt 85052	[8.54 s]
0.0.Bm: Trace Attempt 1090	[99.88 s]
0.0.Tricustom6: Trace Attempt 131888	[12.54 s]
0.0.Tricustom6: Trace Attempt 180252	[16.55 s]
0.0.Tricustom6: Trace Attempt 235932	[20.83 s]
0.0.Bm: Trace Attempt 1103	[111.21 s]
0.0.D: Trace Attempt 73	[1.42 s]
0.0.D: Per property time limit expired (22.00 s) [22.00 s]
0.0.D: Stopped processing property "Control.auto_sva_inst.stable_catodo_when_sel3_stable:precondition1"	[22.00 s].
0.0.D: Starting proof for property "Control.auto_sva_inst.map_sel2_cat_from_in2:precondition1"	[0.00 s].
0.0.D: Trace Attempt 113	[0.00 s]
0.0.Tricustom6: Trace Attempt 254232	[21.40 s]
0.0.Tricustom6: Per property time limit expired (22.00 s) [22.00 s]
0.0.Tricustom6: Stopped processing property "Control.auto_sva_inst.stable_catodo_when_sel3_stable:precondition1"	[22.00 s].
0.0.Tricustom6: Starting proof for property "Control.auto_sva_inst.map_sel2_cat_from_in2:precondition1"	[0.00 s].
0.0.Tricustom6: Trace Attempt  4	[0.00 s]
0.0.Tricustom6:  102.07" ---- Launching main thread ----
0.0.Tricustom6:  102.30" ---- Launching abstraction thread ----
0.0.Tricustom6:  102.34" ---- Launching multi-phase simplification thread ----
0.0.Tricustom6:  103.22" Simplification phase 1 complete
0.0.Tricustom6:  103.28" Simplification phase 2 complete
0.0.Tricustom6:  103.39" Simplification phase 3 complete
 103.39" ---- Completed simplification thread ----
 103.39" ---- Restarting main thread on simplified netlist ----
0.0.Tricustom6:  103.61" ---- Restarting abstraction thread on simplified netlist ----
0.0.Bm: Trace Attempt 1107	[115.84 s]
0.0.Bm: Trace Attempt 1108	[122.86 s]
0.0.Bm: Trace Attempt 1111	[131.96 s]
0.0.Tricustom6: Trace Attempt 240484	[20.53 s]
0.0.Tricustom6: Stopped processing property "Control.auto_sva_inst.map_sel2_cat_from_in2:precondition1"	[20.54 s].
0.0.Tricustom6: Starting proof for property "Control.auto_sva_inst.map_sel3_cat_from_in3:precondition1"	[0.00 s].
0.0.Tricustom6: Trace Attempt  4	[0.00 s]
0.0.D: Stopped processing property "Control.auto_sva_inst.map_sel2_cat_from_in2:precondition1"	[20.61 s].
0.0.D: Starting proof for property "Control.auto_sva_inst.map_sel3_cat_from_in3:precondition1"	[0.00 s].
0.0.D: Trace Attempt  1	[0.00 s]
0.0.D: Trace Attempt  2	[0.00 s]
0.0.D: Trace Attempt  3	[0.00 s]
0.0.Tricustom6:  122.69" ---- Launching main thread ----
0.0.Tricustom6:  122.91" ---- Launching abstraction thread ----
0.0.Tricustom6:  122.95" ---- Launching multi-phase simplification thread ----
0.0.Tricustom6:  124.03" Simplification phase 1 complete
0.0.Tricustom6:  124.09" Simplification phase 2 complete
0.0.Tricustom6:  124.15" Simplification phase 3 complete
 124.15" ---- Completed simplification thread ----
0.0.Tricustom6:  124.15" ---- Restarting main thread on simplified netlist ----
0.0.Tricustom6:  124.38" ---- Restarting abstraction thread on simplified netlist ----
0.0.Bm: Trace Attempt 1121	[143.57 s]
0.0.Bm: Trace Attempt 1124	[149.38 s]
0.0.Tricustom6: Trace Attempt 241032	[18.07 s]
0.0.Bm: Trace Attempt 1125	[154.49 s]
0.0.Tricustom6: Trace Attempt 263408	[22.07 s]
0.0.D: Trace Attempt 121	[23.72 s]
0.0.Tricustom6: Trace Attempt 311232	[26.22 s]
0.0.Bm: Trace Attempt 1133	[159.85 s]
0.0.Bm: Trace Attempt 1134	[164.68 s]
0.0.Tricustom6: Trace Attempt 336948	[32.86 s]
0.0.Tricustom6: Trace Attempt 380380	[36.86 s]
0.0.Bm: Trace Attempt 1149	[177.60 s]
0.0.Bm: Trace Attempt 1165	[193.27 s]
0.0.D: Per property time limit expired (64.00 s) [64.00 s]
0.0.D: Stopped processing property "Control.auto_sva_inst.map_sel3_cat_from_in3:precondition1"	[64.01 s].
0.0.D: Starting proof for property "Control.auto_sva_inst.stable_catodo_when_sel2_stable:precondition1"	[0.00 s].
0.0.D: Trace Attempt  1	[0.00 s]
0.0.D: Trace Attempt  2	[0.00 s]
0.0.D: Trace Attempt  3	[0.00 s]
0.0.Tricustom6: Trace Attempt 393220	[37.97 s]
0.0.Tricustom6: Per property time limit expired (64.00 s) [64.09 s]
0.0.Tricustom6: Stopped processing property "Control.auto_sva_inst.map_sel3_cat_from_in3:precondition1"	[64.10 s].
0.0.Tricustom6: Starting proof for property "Control.auto_sva_inst.stable_catodo_when_sel2_stable:precondition1"	[0.00 s].
0.0.Tricustom6: Trace Attempt  4	[0.00 s]
0.0.Tricustom6:  186.71" ---- Launching main thread ----
0.0.Tricustom6:  186.94" ---- Launching abstraction thread ----
0.0.Tricustom6:  186.97" ---- Launching multi-phase simplification thread ----
0.0.Tricustom6:  187.80" Simplification phase 1 complete
0.0.Bm: Trace Attempt 1167	[197.93 s]
0.0.Tricustom6:  187.86" Simplification phase 2 complete
0.0.Tricustom6:  187.96" Simplification phase 3 complete
 187.96" ---- Completed simplification thread ----
0.0.Tricustom6:  187.96" ---- Restarting main thread on simplified netlist ----
0.0.Tricustom6:  188.19" ---- Restarting abstraction thread on simplified netlist ----
0.0.Bm: Trace Attempt 1169	[203.26 s]
0.0.Bm: Trace Attempt 1189	[215.26 s]
0.0.D: Trace Attempt 122	[20.19 s]
0.0.Bm: Trace Attempt 1198	[219.77 s]
0.0.Bm: Trace Attempt 1199	[225.57 s]
0.0.Bm: Trace Attempt 1201	[233.84 s]
0.0.Bm: Trace Attempt 1217	[243.47 s]
0.0.Bm: Trace Attempt 1229	[249.72 s]
0.0.Tricustom6: Trace Attempt 262148	[56.80 s]
0.0.Tricustom6: A trace with 262147 cycles was found. There may exist shorter traces (as short as 262145 cycles) [56.81 s]
INFO (IPF047): 0.0.Tricustom6: The cover property "Control.auto_sva_inst.stable_catodo_when_sel2_stable:precondition1" was covered in 262147 cycles in 66.81 s.
INFO (IPF047): 0.0.Tricustom6: The cover property "Control.auto_sva_inst.map_sel2_cat_from_in2:precondition1" was covered in 262145 cycles in 66.81 s by the incidental trace "Control.auto_sva_inst.stable_catodo_when_sel2_stable:precondition1".
0: ProofGrid usable level: 2
0.0.Tricustom6: Stopped processing property "Control.auto_sva_inst.stable_catodo_when_sel2_stable:precondition1"	[66.81 s].
0.0.Bm: Trace Attempt 1230	[260.89 s]
0.0.D: Per property time limit expired (64.00 s) [64.01 s]
0.0.D: Stopped processing property "Control.auto_sva_inst.stable_catodo_when_sel2_stable:precondition1"	[66.84 s].
0.0.D: Starting proof for property "Control.auto_sva_inst.map_sel3_cat_from_in3:precondition1"	[0.00 s].
0.0.Tricustom6: Starting proof for property "Control.auto_sva_inst.map_sel3_cat_from_in3:precondition1"	[0.00 s].
0.0.Tricustom6: Trace Attempt  4	[0.00 s]
0.0.Tricustom6:  253.05" ---- Launching main thread ----
0.0.Tricustom6:  253.59" ---- Launching abstraction thread ----
0.0.Tricustom6:  253.63" ---- Launching multi-phase simplification thread ----
0.0.Tricustom6:  254.47" Simplification phase 1 complete
0.0.Tricustom6:  254.52" Simplification phase 2 complete
0.0.Tricustom6:  254.59" Simplification phase 3 complete
 254.59" ---- Completed simplification thread ----
0.0.Tricustom6:  254.59" ---- Restarting main thread on simplified netlist ----
0.0.Tricustom6:  254.82" ---- Restarting abstraction thread on simplified netlist ----
0.0.Bm: Trace Attempt 1261	[264.91 s]
0.0.Bm: Trace Attempt 1373	[268.92 s]
0.0.D: Stopped processing property "Control.auto_sva_inst.map_sel3_cat_from_in3:precondition1"	[7.71 s].
0.0.D: Morphing to K
0.0.D: Trace Attempt 121	[0.00 s]
0.0.D: All properties determined. [0.00 s]
0.0.D: Exited with Success (@ 0.00 s)
0.0.K: clocks: 1, declared: 1, disabling: 0, posedge: 1, negedge: 0, noedge: 0, bothedge: 0
0.0.K: Starting proof for property "Control.auto_sva_inst.stable_catodo_when_sel3_stable:precondition1"	[0.00 s].
0.0.K: Trace Attempt 170	[0.01 s]
0.0.Tricustom6: Stopped processing property "Control.auto_sva_inst.map_sel3_cat_from_in3:precondition1"	[7.74 s].
0.0.Tricustom6: Morphing to I
0.0.Tricustom6: All properties determined. [0.00 s]
0.0.Tricustom6: Exited with Success (@ 0.00 s)
0.0.I: clocks: 1, declared: 1, disabling: 0, posedge: 1, negedge: 0, noedge: 0, bothedge: 0
0.0.I: Starting proof for property "Control.auto_sva_inst.stable_catodo_when_sel3_stable:precondition1"	[0.00 s].
0.0.I: Trace Attempt  9	[0.00 s]
0.0.I: Trace Attempt  1	[0.00 s]
0.0.I: Trace Attempt  2	[0.00 s]
0.0.I: Trace Attempt  3	[0.00 s]
0.0.K: Trace Attempt  1	[0.76 s]
0.0.K: Trace Attempt  2	[0.76 s]
0.0.K: Trace Attempt  3	[0.76 s]
0.0.K: Trace Attempt  4	[0.76 s]
0.0.K: Trace Attempt  5	[0.76 s]
0.0.Bm: Trace Attempt 1453	[272.96 s]
0.0.I: Trace Attempt 55	[0.57 s]
0.0.I: Per property time limit expired (1.96 s) [1.96 s]
0.0.I: Stopped processing property "Control.auto_sva_inst.stable_catodo_when_sel3_stable:precondition1"	[1.96 s].
0.0.I: Starting proof for property "Control.auto_sva_inst.map_sel3_cat_from_in3:precondition1"	[0.00 s].
0.0.I: Trace Attempt  9	[0.00 s]
0.0.I: Trace Attempt  1	[0.00 s]
0.0.I: Trace Attempt  2	[0.00 s]
0.0.I: Trace Attempt  3	[0.00 s]
0.0.K: Trace Attempt 208	[1.99 s]
0.0.K: Per property time limit expired (2.00 s) [2.00 s]
0.0.K: Stopped processing property "Control.auto_sva_inst.stable_catodo_when_sel3_stable:precondition1"	[2.00 s].
0.0.K: Starting proof for property "Control.auto_sva_inst.map_sel3_cat_from_in3:precondition1"	[0.00 s].
0.0.K: Trace Attempt 128	[0.00 s]
0.0.K: Trace Attempt  1	[0.53 s]
0.0.K: Trace Attempt  2	[0.53 s]
0.0.K: Trace Attempt  3	[0.53 s]
0.0.K: Trace Attempt  4	[0.53 s]
0.0.K: Trace Attempt  5	[0.53 s]
0.0.I: Trace Attempt 53	[0.54 s]
0.0.I: Per property time limit expired (2.00 s) [2.00 s]
0.0.I: Stopped processing property "Control.auto_sva_inst.map_sel3_cat_from_in3:precondition1"	[2.00 s].
0.0.I: Starting proof for property "Control.auto_sva_inst.map_sel3_cat_from_in3:precondition1"	[0.00 s].
0.0.I: Trace Attempt  9	[0.00 s]
0.0.I: Trace Attempt  1	[0.00 s]
0.0.I: Trace Attempt  2	[0.00 s]
0.0.I: Trace Attempt  3	[0.00 s]
0.0.K: Stopped processing property "Control.auto_sva_inst.map_sel3_cat_from_in3:precondition1"	[2.00 s].
0.0.K: Starting proof for property "Control.auto_sva_inst.map_sel3_cat_from_in3:precondition1"	[0.00 s].
0.0.K: Trace Attempt  1	[0.53 s]
0.0.K: Trace Attempt  2	[0.53 s]
0.0.K: Trace Attempt  3	[0.53 s]
0.0.K: Trace Attempt  4	[0.53 s]
0.0.K: Trace Attempt  5	[0.53 s]
0.0.Bm: Trace Attempt 1518	[276.97 s]
0.0.K: Trace Attempt 247	[4.55 s]
0.0.Bm: Trace Attempt 1573	[280.99 s]
0.0.I: Stopped processing property "Control.auto_sva_inst.map_sel3_cat_from_in3:precondition1"	[8.10 s].
0.0.I: Morphing to Hts
0.0.I: Trace Attempt 82	[3.21 s]
0.0.I: All properties determined. [0.00 s]
0.0.I: Exited with Success (@ 0.00 s)
0.0.Hts: clocks: 1, declared: 1, disabling: 0, posedge: 1, negedge: 0, noedge: 0, bothedge: 0
0.0.Hts: Starting proof for property "Control.auto_sva_inst.map_sel3_cat_from_in3:precondition1"	[0.00 s].
0.0.Hts: Trace Attempt  1	[0.00 s]
0.0.Hts: Trace Attempt  2	[0.00 s]
0.0.Hts: Trace Attempt  3	[0.00 s]
0.0.Hts: Trace Attempt  4	[0.00 s]
0.0.Hts: Trace Attempt  5	[0.00 s]
0.0.K: Stopped processing property "Control.auto_sva_inst.map_sel3_cat_from_in3:precondition1"	[8.10 s].
0.0.K: Morphing to AM
0.0.K: Trace Attempt 306	[8.10 s]
0.0.K: All properties determined. [0.00 s]
0.0.K: Exited with Success (@ 0.00 s)
0.0.AM: clocks: 1, declared: 1, disabling: 0, posedge: 1, negedge: 0, noedge: 0, bothedge: 0
0.0.AM: Starting proof for property "Control.auto_sva_inst.map_sel3_cat_from_in3:precondition1"	[0.00 s].
0.0.AM: Trace Attempt  1	[0.00 s]
0.0.AM: Trace Attempt  2	[0.00 s]
0.0.AM: Trace Attempt  3	[0.00 s]
0.0.AM: Trace Attempt  4	[0.00 s]
0.0.AM: Trace Attempt  5	[0.00 s]
0.0.AM: Trace Attempt  1	[0.00 s]
0.0.AM: Trace Attempt  2	[0.00 s]
0.0.AM: Trace Attempt  3	[0.00 s]
0.0.AM: Trace Attempt  5	[0.00 s]
0.0.AM: Trace Attempt  1	[0.00 s]
0.0.AM: Trace Attempt  2	[0.00 s]
0.0.AM: Trace Attempt  3	[0.00 s]
0.0.AM: Trace Attempt  5	[0.01 s]
0.0.AM: Trace Attempt  1	[0.02 s]
0.0.AM: Trace Attempt  2	[0.02 s]
0.0.AM: Trace Attempt  3	[0.02 s]
0.0.AM: Trace Attempt  5	[0.02 s]
0.0.Bm: Trace Attempt 1620	[285.02 s]
0.0.Hts: Trace Attempt 63108	[4.00 s]
0.0.Bm: Trace Attempt 1660	[289.09 s]
0.0.Hts: Trace Attempt 123967	[8.00 s]
0.0.Bm: Trace Attempt 1701	[293.17 s]
0.0.AM: Trace Attempt 416	[11.61 s]
0.0.Hts: Trace Attempt 195386	[12.00 s]
0.0.Hts: Trace Attempt 244931	[16.00 s]
0.0.Hts: Per property time limit expired (16.00 s) [16.00 s]
0.0.Hts: Stopped processing property "Control.auto_sva_inst.map_sel3_cat_from_in3:precondition1"	[16.00 s].
0.0.Hts: Starting proof for property "Control.auto_sva_inst.stable_catodo_when_sel3_stable:precondition1"	[0.00 s].
0.0.Hts: Trace Attempt  1	[0.01 s]
0.0.Hts: Trace Attempt  2	[0.01 s]
0.0.Hts: Trace Attempt  3	[0.01 s]
0.0.Hts: Trace Attempt  4	[0.01 s]
0.0.Hts: Trace Attempt  5	[0.01 s]
0.0.AM: Stopped processing property "Control.auto_sva_inst.map_sel3_cat_from_in3:precondition1"	[16.04 s].
0.0.AM: Starting proof for property "Control.auto_sva_inst.stable_catodo_when_sel3_stable:precondition1"	[0.00 s].
0.0.AM: Trace Attempt  1	[0.01 s]
0.0.AM: Trace Attempt  2	[0.01 s]
0.0.AM: Trace Attempt  3	[0.01 s]
0.0.AM: Trace Attempt  4	[0.01 s]
0.0.AM: Trace Attempt  5	[0.01 s]
0.0.AM: Trace Attempt  1	[0.01 s]
0.0.AM: Trace Attempt  2	[0.01 s]
0.0.AM: Trace Attempt  3	[0.01 s]
0.0.AM: Trace Attempt  5	[0.01 s]
0.0.AM: Trace Attempt  1	[0.01 s]
0.0.AM: Trace Attempt  2	[0.01 s]
0.0.AM: Trace Attempt  3	[0.01 s]
0.0.AM: Trace Attempt  5	[0.01 s]
0.0.AM: Trace Attempt  1	[0.02 s]
0.0.AM: Trace Attempt  2	[0.02 s]
0.0.AM: Trace Attempt  3	[0.02 s]
0.0.AM: Trace Attempt  5	[0.02 s]
0.0.Bm: Trace Attempt 1709	[299.82 s]
0.0.Hts: Trace Attempt 46012	[4.01 s]
0.0.Bm: Trace Attempt 1720	[303.87 s]
0.0.AM: Trace Attempt 282	[5.81 s]
0.0.Hts: Trace Attempt 90011	[8.01 s]
0.0.Bm: Trace Attempt 1757	[307.89 s]
0.0.Hts: Trace Attempt 139818	[12.18 s]
0.0.Bm: Trace Attempt 1792	[312.00 s]
0.0.Hts: Trace Attempt 177723	[16.00 s]
0.0.Hts: Per property time limit expired (16.00 s) [16.00 s]
0.0.Hts: Stopped processing property "Control.auto_sva_inst.stable_catodo_when_sel3_stable:precondition1"	[16.00 s].
0.0.Hts: Starting proof for property "Control.auto_sva_inst.map_sel3_cat_from_in3:precondition1"	[0.00 s].
0.0.Hts: Trace Attempt  1	[0.01 s]
0.0.Hts: Trace Attempt  2	[0.01 s]
0.0.Hts: Trace Attempt  3	[0.01 s]
0.0.Hts: Trace Attempt  4	[0.01 s]
0.0.Hts: Trace Attempt  5	[0.01 s]
0.0.AM: Stopped processing property "Control.auto_sva_inst.stable_catodo_when_sel3_stable:precondition1"	[16.00 s].
0.0.AM: Starting proof for property "Control.auto_sva_inst.map_sel3_cat_from_in3:precondition1"	[0.00 s].
0.0.AM: Trace Attempt  1	[0.01 s]
0.0.AM: Trace Attempt  2	[0.01 s]
0.0.AM: Trace Attempt  3	[0.01 s]
0.0.AM: Trace Attempt  4	[0.01 s]
0.0.AM: Trace Attempt  5	[0.01 s]
0.0.AM: Trace Attempt  1	[0.01 s]
0.0.AM: Trace Attempt  2	[0.01 s]
0.0.AM: Trace Attempt  3	[0.01 s]
0.0.AM: Trace Attempt  5	[0.01 s]
0.0.AM: Trace Attempt  1	[0.01 s]
0.0.AM: Trace Attempt  2	[0.01 s]
0.0.AM: Trace Attempt  3	[0.01 s]
0.0.AM: Trace Attempt  5	[0.01 s]
0.0.AM: Trace Attempt  1	[0.02 s]
0.0.AM: Trace Attempt  2	[0.02 s]
0.0.AM: Trace Attempt  3	[0.02 s]
0.0.AM: Trace Attempt  5	[0.02 s]
0.0.Hts: Stopped processing property "Control.auto_sva_inst.map_sel3_cat_from_in3:precondition1"	[0.58 s].
0.0.Hts: Morphing to AD
0.0.Hts: Trace Attempt 9726	[0.58 s]
0.0.Hts: All properties determined. [0.00 s]
0.0.Hts: Exited with Success (@ 0.00 s)
0.0.AD: clocks: 1, declared: 1, disabling: 0, posedge: 1, negedge: 0, noedge: 0, bothedge: 0
0.0.AD: Starting proof for property "Control.auto_sva_inst.map_sel3_cat_from_in3:precondition1"	[0.00 s].
0.0.AD: Trace Attempt  1	[0.00 s]
0.0.AD: Trace Attempt  2	[0.00 s]
0.0.AD: Trace Attempt  3	[0.00 s]
0.0.AD: Trace Attempt  4	[0.00 s]
0.0.AD: Trace Attempt  5	[0.00 s]
0.0.AD: Trace Attempt  1	[0.00 s]
0.0.AD: Trace Attempt  2	[0.00 s]
0.0.AD: Trace Attempt  3	[0.00 s]
0.0.AD: Trace Attempt  1	[0.00 s]
0.0.AD: Trace Attempt  2	[0.00 s]
0.0.AD: Trace Attempt  3	[0.01 s]
0.0.AM: Stopped processing property "Control.auto_sva_inst.map_sel3_cat_from_in3:precondition1"	[0.53 s].
0.0.AM: Morphing to K
0.0.AM: Trace Attempt 277	[0.51 s]
0.0.AM: All properties determined. [0.00 s]
0.0.AM: Exited with Success (@ 0.00 s)
0.0.K: clocks: 1, declared: 1, disabling: 0, posedge: 1, negedge: 0, noedge: 0, bothedge: 0
0.0.K: Starting proof for property "Control.auto_sva_inst.map_sel3_cat_from_in3:precondition1"	[0.00 s].
0.0.K: Trace Attempt 128	[0.00 s]
0.0.AD: Trace Attempt  1	[0.04 s]
0.0.AD: Trace Attempt  2	[0.04 s]
0.0.AD: Trace Attempt  3	[0.04 s]
0.0.K: Trace Attempt  1	[0.53 s]
0.0.K: Trace Attempt  2	[0.53 s]
0.0.K: Trace Attempt  3	[0.53 s]
0.0.K: Trace Attempt  4	[0.53 s]
0.0.K: Trace Attempt  5	[0.53 s]
0.0.Bm: Trace Attempt 1809	[316.88 s]
0.0.K: Trace Attempt 247	[4.56 s]
0.0.Bm: Trace Attempt 1832	[320.88 s]
0.0.K: Trace Attempt 327	[8.79 s]
0.0.Bm: Trace Attempt 1871	[325.61 s]
0.0.K: Trace Attempt 375	[13.49 s]
0.0.Bm: Trace Attempt 1897	[329.66 s]
0.0.Bm: Trace Attempt 1909	[333.76 s]
0.0.K: Trace Attempt 393	[17.85 s]
0.0.AD: Trace Attempt 121	[21.65 s]
0.0.K: Trace Attempt 401	[21.91 s]
0.0.Bm: Trace Attempt 1913	[338.74 s]
0.0.K: Trace Attempt 410	[26.12 s]
0.0.Bm: Trace Attempt 1914	[345.68 s]
0.0.K: Trace Attempt 415	[30.22 s]
0.0.AD: Per property time limit expired (32.00 s) [32.00 s]
0.0.AD: Stopped processing property "Control.auto_sva_inst.map_sel3_cat_from_in3:precondition1"	[32.00 s].
0.0.AD: Starting proof for property "Control.auto_sva_inst.stable_catodo_when_sel3_stable:precondition1"	[0.00 s].
0.0.AD: Trace Attempt  1	[0.00 s]
0.0.AD: Trace Attempt  2	[0.00 s]
0.0.AD: Trace Attempt  3	[0.00 s]
0.0.AD: Trace Attempt  4	[0.00 s]
0.0.AD: Trace Attempt  5	[0.00 s]
0.0.AD: Trace Attempt  1	[0.00 s]
0.0.AD: Trace Attempt  2	[0.00 s]
0.0.AD: Trace Attempt  3	[0.00 s]
0.0.AD: Trace Attempt  1	[0.00 s]
0.0.K: Trace Attempt 417	[30.78 s]
0.0.K: Per property time limit expired (31.99 s) [32.00 s]
0.0.AD: Trace Attempt  2	[0.00 s]
0.0.K: Stopped processing property "Control.auto_sva_inst.map_sel3_cat_from_in3:precondition1"	[32.00 s].
0.0.AD: Trace Attempt  3	[0.00 s]
0.0.K: Starting proof for property "Control.auto_sva_inst.stable_catodo_when_sel3_stable:precondition1"	[0.00 s].
0.0.K: Trace Attempt 170	[0.01 s]
0.0.AD: Trace Attempt  1	[0.05 s]
0.0.AD: Trace Attempt  2	[0.05 s]
0.0.AD: Trace Attempt  3	[0.05 s]
0.0.K: Trace Attempt  1	[0.76 s]
0.0.K: Trace Attempt  2	[0.76 s]
0.0.K: Trace Attempt  3	[0.76 s]
0.0.K: Trace Attempt  4	[0.76 s]
0.0.K: Trace Attempt  5	[0.76 s]
0.0.Bm: Trace Attempt 1931	[349.70 s]
0.0.AD: Trace Attempt 87	[4.47 s]
0.0.K: Trace Attempt 265	[5.24 s]
0.0.Bm: Trace Attempt 1947	[353.76 s]
0.0.K: Trace Attempt 362	[9.59 s]
0.0.Bm: Trace Attempt 1955	[360.67 s]
0.0.K: Trace Attempt 370	[13.87 s]
0.0.Bm: Trace Attempt 1969	[364.77 s]
0.0.K: Trace Attempt 398	[18.54 s]
0.0.Bm: Trace Attempt 1984	[369.14 s]
0.0.K: Trace Attempt 417	[22.64 s]
0.0.Bm: Trace Attempt 1996	[373.21 s]
0.0.K: Trace Attempt 423	[26.91 s]
0.0.Bm: Trace Attempt 2008	[377.33 s]
0.0.K: Trace Attempt 427	[31.89 s]
0.0.AD: Per property time limit expired (32.00 s) [32.00 s]
0.0.AD: Stopped processing property "Control.auto_sva_inst.stable_catodo_when_sel3_stable:precondition1"	[32.00 s].
0.0.AD: Starting proof for property "Control.auto_sva_inst.map_sel3_cat_from_in3:precondition1"	[0.00 s].
0.0.AD: Trace Attempt  1	[0.00 s]
0.0.AD: Trace Attempt  2	[0.00 s]
0.0.AD: Trace Attempt  3	[0.00 s]
0.0.AD: Trace Attempt  4	[0.00 s]
0.0.AD: Trace Attempt  5	[0.00 s]
0.0.AD: Trace Attempt  1	[0.00 s]
0.0.AD: Trace Attempt  2	[0.00 s]
0.0.AD: Trace Attempt  3	[0.00 s]
0.0.AD: Trace Attempt  1	[0.00 s]
0.0.AD: Trace Attempt  2	[0.00 s]
0.0.AD: Trace Attempt  3	[0.00 s]
0.0.K: Stopped processing property "Control.auto_sva_inst.stable_catodo_when_sel3_stable:precondition1"	[32.00 s].
0.0.K: Starting proof for property "Control.auto_sva_inst.map_sel3_cat_from_in3:precondition1"	[0.00 s].
0.0.AD: Trace Attempt  1	[0.04 s]
0.0.AD: Trace Attempt  2	[0.04 s]
0.0.AD: Trace Attempt  3	[0.04 s]
0.0.K: Trace Attempt  1	[0.54 s]
0.0.K: Trace Attempt  2	[0.54 s]
0.0.K: Trace Attempt  3	[0.54 s]
0.0.K: Trace Attempt  4	[0.54 s]
0.0.K: Trace Attempt  5	[0.54 s]
0.0.Bm: Trace Attempt 2029	[382.40 s]
0.0.AD: Stopped processing property "Control.auto_sva_inst.map_sel3_cat_from_in3:precondition1"	[4.29 s].
0.0.AD: Morphing to Tricustom6
0.0.AD: Trace Attempt 60	[1.03 s]
0.0.AD: All properties determined. [0.00 s]
0.0.AD: Exited with Success (@ 0.00 s)
0.0.Tricustom6: Starting clock optimization
0.0.Tricustom6: Finished clock optimization
0.0.Tricustom6: clocks: 1, declared: 1, disabling: 0, posedge: 1, negedge: 0, noedge: 0, bothedge: 0
0.0.K: Stopped processing property "Control.auto_sva_inst.map_sel3_cat_from_in3:precondition1"	[4.28 s].
0.0.K: Morphing to AB
0.0.K: Trace Attempt 246	[3.68 s]
0.0.K: All properties determined. [0.00 s]
0.0.K: Exited with Success (@ 0.00 s)
0.0.AB: clocks: 1, declared: 1, disabling: 0, posedge: 1, negedge: 0, noedge: 0, bothedge: 0
0.0.AB: Starting proof for property "Control.auto_sva_inst.stable_catodo_when_sel3_stable:precondition1"	[0.00 s].
0.0.AB: Trace Attempt  1	[0.00 s]
0.0.AB: Trace Attempt  2	[0.00 s]
0.0.AB: Trace Attempt  3	[0.00 s]
0.0.AB: Trace Attempt  4	[0.00 s]
0.0.AB: Trace Attempt  5	[0.00 s]
0.0.AB: Trace Attempt  1	[0.00 s]
0.0.AB: Trace Attempt  2	[0.00 s]
0.0.AB: Trace Attempt  3	[0.00 s]
0.0.AB: Trace Attempt  4	[0.00 s]
0.0.AB: Trace Attempt  5	[0.00 s]
0.0.AB: Trace Attempt  1	[0.01 s]
0.0.AB: Trace Attempt  2	[0.01 s]
0.0.AB: Trace Attempt  3	[0.01 s]
0.0.AB: Trace Attempt  4	[0.01 s]
0.0.AB: Trace Attempt  5	[0.01 s]
0.0.AB: Trace Attempt  1	[0.02 s]
0.0.AB: Trace Attempt  2	[0.02 s]
0.0.AB: Trace Attempt  3	[0.02 s]
0.0.AB: Trace Attempt  4	[0.02 s]
0.0.AB: Trace Attempt  5	[0.02 s]
0.0.Tricustom6: Starting proof for property "Control.auto_sva_inst.stable_catodo_when_sel3_stable:precondition1"	[0.00 s].
0.0.Tricustom6: Trace Attempt  4	[0.00 s]
0.0.Tricustom6:    0.00" ---- Launching main thread ----
0.0.Tricustom6:    0.22" ---- Launching abstraction thread ----
0.0.Tricustom6:    0.25" ---- Launching multi-phase simplification thread ----
0.0.Tricustom6:    1.33" Simplification phase 1 complete
0.0.Tricustom6:    1.39" Simplification phase 2 complete
0.0.Tricustom6:    1.46" Simplification phase 3 complete
   1.46" ---- Completed simplification thread ----
0.0.Tricustom6:    1.46" ---- Restarting main thread on simplified netlist ----
0.0.Tricustom6:    1.68" ---- Restarting abstraction thread on simplified netlist ----
0.0.Tricustom6: Trace Attempt 24552	[4.00 s]
0.0.AB: Trace Attempt 414	[4.09 s]
0.0.AB: Trace Attempt 509	[8.10 s]
0.0.Tricustom6: Trace Attempt 97140	[8.37 s]
0.0.AB: Trace Attempt 539	[12.12 s]
0.0.Tricustom6: Trace Attempt 155908	[12.68 s]
0.0.Bm: Trace Attempt 2030	[399.42 s]
0.0.AB: Trace Attempt 566	[16.40 s]
0.0.Tricustom6: Trace Attempt 233592	[17.04 s]
0.0.AB: Trace Attempt 584	[20.43 s]
0.0.Tricustom6: Trace Attempt 257252	[21.04 s]
0.0.AB: Trace Attempt 603	[24.78 s]
0.0.Tricustom6: Trace Attempt 303644	[25.34 s]
0.0.Bm: Trace Attempt 2032	[412.44 s]
0.0.AB: Trace Attempt 615	[29.20 s]
0.0.Tricustom6: Trace Attempt 355536	[29.63 s]
0.0.AB: Trace Attempt 629	[33.37 s]
0.0.Bm: Trace Attempt 2033	[420.23 s]
0.0.AB: Trace Attempt 640	[37.69 s]
0.0.Bm: Trace Attempt 2034	[426.29 s]
0.0.AB: Trace Attempt 649	[42.01 s]
0.0.AB: Trace Attempt 656	[46.13 s]
0.0.Bm: Trace Attempt 2042	[433.04 s]
0.0.AB: Trace Attempt 662	[50.62 s]
0.0.AB: Trace Attempt 667	[54.67 s]
0.0.AB: Trace Attempt 673	[58.88 s]
0.0.Bm: Trace Attempt 2043	[443.83 s]
0.0.AB: Trace Attempt 677	[63.31 s]
0.0.Bm: Trace Attempt 2045	[448.01 s]
0.0.AB: Per property time limit expired (64.00 s) [64.01 s]
0.0.AB: Stopped processing property "Control.auto_sva_inst.stable_catodo_when_sel3_stable:precondition1"	[64.01 s].
0.0.AB: Starting proof for property "Control.auto_sva_inst.map_sel3_cat_from_in3:precondition1"	[0.00 s].
0.0.AB: Trace Attempt  1	[0.00 s]
0.0.AB: Trace Attempt  2	[0.00 s]
0.0.AB: Trace Attempt  3	[0.00 s]
0.0.AB: Trace Attempt  4	[0.00 s]
0.0.AB: Trace Attempt  5	[0.00 s]
0.0.AB: Trace Attempt  1	[0.01 s]
0.0.AB: Trace Attempt  2	[0.01 s]
0.0.AB: Trace Attempt  3	[0.01 s]
0.0.AB: Trace Attempt  4	[0.01 s]
0.0.AB: Trace Attempt  5	[0.01 s]
0.0.AB: Trace Attempt  1	[0.01 s]
0.0.AB: Trace Attempt  2	[0.01 s]
0.0.AB: Trace Attempt  3	[0.01 s]
0.0.AB: Trace Attempt  4	[0.01 s]
0.0.AB: Trace Attempt  5	[0.01 s]
0.0.AB: Trace Attempt  1	[0.02 s]
0.0.AB: Trace Attempt  2	[0.02 s]
0.0.AB: Trace Attempt  3	[0.02 s]
0.0.AB: Trace Attempt  4	[0.02 s]
0.0.AB: Trace Attempt  5	[0.02 s]
0.0.Tricustom6: Trace Attempt 393220	[31.73 s]
0.0.Tricustom6: Per property time limit expired (64.00 s) [64.13 s]
0.0.Tricustom6: Stopped processing property "Control.auto_sva_inst.stable_catodo_when_sel3_stable:precondition1"	[64.13 s].
0.0.Tricustom6: Starting proof for property "Control.auto_sva_inst.map_sel3_cat_from_in3:precondition1"	[0.00 s].
0.0.Tricustom6: Trace Attempt  4	[0.00 s]
0.0.Tricustom6:   64.11" ---- Launching main thread ----
0.0.Tricustom6:   64.40" ---- Launching abstraction thread ----
0.0.Tricustom6:   64.44" ---- Launching multi-phase simplification thread ----
0.0.Tricustom6:   65.51" Simplification phase 1 complete
0.0.Tricustom6:   65.56" Simplification phase 2 complete
0.0.Tricustom6:   65.63" Simplification phase 3 complete
  65.63" ---- Completed simplification thread ----
0.0.Tricustom6:   65.63" ---- Restarting main thread on simplified netlist ----
0.0.Tricustom6:   65.86" ---- Restarting abstraction thread on simplified netlist ----
0.0.AB: Trace Attempt 242	[4.13 s]
0.0.Tricustom6: Trace Attempt 39236	[4.29 s]
0.0.Bm: Trace Attempt 2056	[454.16 s]
0.0.AB: Trace Attempt 274	[8.48 s]
0.0.Tricustom6: Trace Attempt 108244	[8.70 s]
0.0.AB: Trace Attempt 306	[12.53 s]
0.0.Tricustom6: Trace Attempt 180232	[13.23 s]
0.0.Bm: Trace Attempt 2060	[464.01 s]
0.0.AB: Trace Attempt 327	[16.59 s]
0.0.Tricustom6: Trace Attempt 257208	[17.71 s]
0.0.AB: Trace Attempt 344	[20.69 s]
0.0.Tricustom6: Trace Attempt 272792	[21.71 s]
0.0.Bm: Trace Attempt 2062	[471.67 s]
0.0.AB: Trace Attempt 361	[24.74 s]
0.0.Tricustom6: Trace Attempt 336696	[25.99 s]
0.0.AB: Trace Attempt 375	[29.15 s]
0.0.Bm: Trace Attempt 2067	[481.55 s]
0.0.AB: Trace Attempt 383	[33.33 s]
0.0.Tricustom6: Trace Attempt 336948	[33.90 s]
0.0.AB: Trace Attempt 394	[38.01 s]
0.0.AB: Trace Attempt 405	[42.45 s]
0.0.Bm: Trace Attempt 2068	[494.08 s]
0.0.AB: Trace Attempt 419	[46.68 s]
0.0.AB: Trace Attempt 435	[50.80 s]
0.0.Bm: Trace Attempt 2069	[502.46 s]
0.0.AB: Trace Attempt 445	[54.83 s]
0.0.Bm: Trace Attempt 2074	[506.49 s]
0.0.AB: Trace Attempt 458	[59.04 s]
0.0.AB: Trace Attempt 473	[63.12 s]
0.0.AB: Trace Attempt 476	[63.98 s]
0.0.AB: Per property time limit expired (64.00 s) [64.00 s]
0.0.AB: Stopped processing property "Control.auto_sva_inst.map_sel3_cat_from_in3:precondition1"	[64.00 s].
0.0.AB: Starting proof for property "Control.auto_sva_inst.map_sel3_cat_from_in3:precondition1"	[0.00 s].
0.0.AB: Trace Attempt  1	[0.00 s]
0.0.AB: Trace Attempt  2	[0.00 s]
0.0.AB: Trace Attempt  3	[0.00 s]
0.0.AB: Trace Attempt  4	[0.00 s]
0.0.AB: Trace Attempt  5	[0.00 s]
0.0.AB: Trace Attempt  1	[0.00 s]
0.0.AB: Trace Attempt  2	[0.00 s]
0.0.AB: Trace Attempt  3	[0.00 s]
0.0.AB: Trace Attempt  4	[0.00 s]
0.0.AB: Trace Attempt  5	[0.00 s]
0.0.AB: Trace Attempt  1	[0.00 s]
0.0.AB: Trace Attempt  2	[0.00 s]
0.0.AB: Trace Attempt  3	[0.00 s]
0.0.AB: Trace Attempt  4	[0.00 s]
0.0.AB: Trace Attempt  5	[0.00 s]
0.0.Tricustom6: Stopped processing property "Control.auto_sva_inst.map_sel3_cat_from_in3:precondition1"	[63.86 s].
0.0.Tricustom6: Starting proof for property "Control.auto_sva_inst.map_sel3_cat_from_in3:precondition1"	[0.00 s].
0.0.Tricustom6: Trace Attempt  4	[0.00 s]
0.0.AB: Trace Attempt  1	[0.02 s]
0.0.AB: Trace Attempt  2	[0.02 s]
0.0.AB: Trace Attempt  3	[0.02 s]
0.0.AB: Trace Attempt  4	[0.02 s]
0.0.AB: Trace Attempt  5	[0.02 s]
0.0.Tricustom6:  127.97" ---- Launching main thread ----
0.0.Tricustom6:  128.20" ---- Launching abstraction thread ----
0.0.Tricustom6:  128.24" ---- Launching multi-phase simplification thread ----
0.0.Tricustom6:  129.08" Simplification phase 1 complete
0.0.Tricustom6:  129.14" Simplification phase 2 complete
0.0.Tricustom6:  129.21" Simplification phase 3 complete
 129.21" ---- Completed simplification thread ----
0.0.Tricustom6:  129.21" ---- Restarting main thread on simplified netlist ----
0.0.Tricustom6:  129.43" ---- Restarting abstraction thread on simplified netlist ----
0.0.AB: Trace Attempt 244	[4.05 s]
0.0.AB: Trace Attempt 274	[8.16 s]
0.0.AB: Stopped processing property "Control.auto_sva_inst.map_sel3_cat_from_in3:precondition1"	[8.79 s].
0.0.AB: Morphing to B
0.0.AB: Trace Attempt 280	[8.78 s]
0.0.AB: All properties determined. [0.00 s]
0.0.AB: Exited with Success (@ 0.00 s)
0.0.B: clocks: 1, declared: 1, disabling: 0, posedge: 1, negedge: 0, noedge: 0, bothedge: 0
0.0.B: Starting proof for property "Control.auto_sva_inst.map_sel3_cat_from_in3:precondition1"	[0.00 s].
0.0.B: Trace Attempt  1	[0.00 s]
0.0.B: Trace Attempt  2	[0.00 s]
0.0.B: Trace Attempt  3	[0.00 s]
0.0.B: Trace Attempt  4	[0.00 s]
0.0.B: Trace Attempt  5	[0.00 s]
0.0.Tricustom6: Stopped processing property "Control.auto_sva_inst.map_sel3_cat_from_in3:precondition1"	[8.91 s].
0.0.Tricustom6: Starting proof for property "Control.auto_sva_inst.map_sel3_cat_from_in3:precondition1"	[0.00 s].
0.0.Tricustom6: Trace Attempt  4	[0.00 s]
0.0.Tricustom6:  136.95" ---- Launching main thread ----
0.0.Tricustom6:  137.18" ---- Launching abstraction thread ----
0.0.Tricustom6:  137.21" ---- Launching multi-phase simplification thread ----
0.0.Tricustom6:  138.12" Simplification phase 1 complete
0.0.Tricustom6:  138.18" Simplification phase 2 complete
0.0.Tricustom6:  138.25" Simplification phase 3 complete
 138.25" ---- Completed simplification thread ----
0.0.Tricustom6:  138.25" ---- Restarting main thread on simplified netlist ----
0.0.Tricustom6:  138.47" ---- Restarting abstraction thread on simplified netlist ----
0.0.Bm: Trace Attempt 2077	[524.22 s]
0.0.B: Trace Attempt 247	[4.30 s]
0.0.B: Trace Attempt 322	[8.39 s]
0.0.Bm: Trace Attempt 2078	[529.96 s]
0.0.B: Trace Attempt 363	[12.46 s]
0.0.B: Trace Attempt 389	[16.95 s]
0.0.Bm: Trace Attempt 2079	[541.06 s]
0.0.B: Trace Attempt 395	[20.95 s]
0.0.B: Trace Attempt 404	[25.23 s]
0.0.Bm: Trace Attempt 2080	[548.38 s]
0.0.B: Trace Attempt 412	[29.24 s]
0.0.Bm: Trace Attempt 2082	[552.60 s]
0.0.B: Trace Attempt 416	[33.29 s]
0.0.Bm: Trace Attempt 2092	[557.25 s]
0.0.B: Trace Attempt 421	[37.77 s]
0.0.B: Trace Attempt 426	[41.78 s]
0.0.B: Trace Attempt 430	[45.99 s]
0.0.B: Trace Attempt 439	[50.92 s]
0.0.Bm: Trace Attempt 2094	[572.33 s]
0.0.Bm: Trace Attempt 2095	[576.60 s]
0.0.B: Trace Attempt 445	[56.20 s]
0.0.B: Trace Attempt 448	[60.26 s]
0.0.Bm: Trace Attempt 2099	[583.20 s]
0.0.B: Trace Attempt 453	[65.60 s]
0.0.B: Trace Attempt 456	[69.88 s]
0.0.B: Trace Attempt 460	[73.89 s]
0.0.Tricustom6: Trace Attempt 393220	[75.70 s]
0.0.Bm: Trace Attempt 2100	[598.70 s]
0.0.Ht: Trace Attempt 19154	[840.86 s]
0.0.B: Trace Attempt 464	[78.84 s]
0.0.Tricustom6: A trace with 393219 cycles was found. There may exist shorter traces (as short as 393217 cycles) [75.70 s]
INFO (IPF047): 0.0.Tricustom6: The cover property "Control.auto_sva_inst.map_sel3_cat_from_in3:precondition1" was covered in 393219 cycles in 93.71 s.
0: ProofGrid usable level: 1
0.0.Bm: Trace Attempt 2101	[603.91 s]
0.0.B: Trace Attempt 468	[84.29 s]
0.0.B: Trace Attempt 480	[89.24 s]
0.0.B: Stopped processing property "Control.auto_sva_inst.map_sel3_cat_from_in3:precondition1"	[93.86 s].
0.0.B: Starting proof for property "Control.auto_sva_inst.stable_catodo_when_sel3_stable:precondition1"	[0.00 s].
0.0.B: Trace Attempt  1	[0.00 s]
0.0.B: Trace Attempt  2	[0.00 s]
0.0.B: Trace Attempt  3	[0.00 s]
0.0.B: Trace Attempt  4	[0.00 s]
0.0.B: Trace Attempt  5	[0.00 s]
0.0.Tricustom6: Stopped processing property "Control.auto_sva_inst.map_sel3_cat_from_in3:precondition1"	[93.73 s].
0.0.Tricustom6: Starting proof for property "Control.auto_sva_inst.stable_catodo_when_sel3_stable:precondition1"	[0.00 s].
0.0.Tricustom6: Trace Attempt  4	[0.00 s]
0.0.Tricustom6:  229.99" ---- Launching main thread ----
0.0.Ht: Trace Attempt 47719	[855.31 s]
0.0.Tricustom6:  230.47" ---- Launching abstraction thread ----
0.0.Tricustom6:  230.56" ---- Launching multi-phase simplification thread ----
0.0.Tricustom6:  231.48" Simplification phase 1 complete
0.0.Tricustom6:  231.54" Simplification phase 2 complete
0.0.Tricustom6:  231.64" Simplification phase 3 complete
 231.64" ---- Completed simplification thread ----
 231.64" ---- Restarting main thread on simplified netlist ----
0.0.Tricustom6:  231.88" ---- Restarting abstraction thread on simplified netlist ----
0.0.Bm: Trace Attempt 2102	[616.78 s]
0.0.Ht: Trace Attempt 88547	[859.31 s]
0.0.B: Trace Attempt 283	[4.12 s]
0.0.Bm: Trace Attempt 2105	[621.01 s]
0.0.Ht: Trace Attempt 131083	[863.31 s]
0.0.B: Trace Attempt 344	[8.60 s]
0.0.Ht: Trace Attempt 167808	[867.31 s]
0.0.B: Trace Attempt 369	[12.98 s]
0.0.Ht: Trace Attempt 215724	[871.31 s]
0.0.Bm: Trace Attempt 2106	[631.25 s]
0.0.B: Trace Attempt 383	[17.50 s]
0.0.Ht: Trace Attempt 262190	[875.31 s]
0.0.Bm: Trace Attempt 2130	[635.45 s]
0.0.B: Trace Attempt 399	[21.91 s]
0.0.Ht: Trace Attempt 300247	[879.31 s]
0.0.B: Trace Attempt 440	[26.70 s]
0.0.Ht: Trace Attempt 325067	[883.31 s]
0.0.Bm: Trace Attempt 2136	[644.82 s]
0.0.B: Trace Attempt 455	[31.20 s]
0.0.Ht: Trace Attempt 374260	[887.31 s]
0.0.B: Trace Attempt 460	[35.37 s]
0.0.B: Trace Attempt 471	[39.44 s]
0.0.Bm: Trace Attempt 2137	[656.77 s]
0.0.B: Trace Attempt 476	[43.45 s]
0.0.B: Trace Attempt 485	[47.70 s]
0.0.B: Trace Attempt 488	[52.61 s]
0.0.Bm: Trace Attempt 2138	[667.28 s]
0.0.B: Trace Attempt 494	[56.97 s]
0.0.Bm: Trace Attempt 2139	[673.94 s]
0.0.Ht: Trace Attempt 393217	[916.84 s]
0.0.B: Trace Attempt 499	[61.59 s]
0.0.B: Trace Attempt 501	[66.05 s]
0.0.Bm: Trace Attempt 2149	[682.69 s]
0.0.B: Trace Attempt 513	[72.35 s]
0.0.B: Trace Attempt 517	[77.38 s]
0.0.Tricustom6: Trace Attempt 393220	[81.56 s]
0.0.B: Trace Attempt 519	[81.82 s]
0.0.Bm: Trace Attempt 2150	[698.18 s]
0.0.B: Trace Attempt 526	[86.47 s]
0.0.B: Requesting engine job to stop
0.0.Tricustom6: Requesting engine job to stop
0.0.Ht: Requesting engine job to terminate
0.0.Bm: Requesting engine job to terminate
INFO (IPF144): 0: Initiating shutdown of proof [954.52 s]
0.0.Tricustom6: A trace with 393219 cycles was found. There may exist shorter traces (as short as 393217 cycles) [81.58 s]
INFO (IPF047): 0.0.Tricustom6: The cover property "Control.auto_sva_inst.stable_catodo_when_sel3_stable:precondition1" was covered in 393219 cycles in 99.16 s.
0: ProofGrid usable level: 0
0.0.Bm: Trace Attempt 2151	[713.38 s]
0.0.B: Trace Attempt 528	[91.21 s]
0.0.B: Trace Attempt 532	[96.19 s]
0.0.B: Stopped processing property "Control.auto_sva_inst.stable_catodo_when_sel3_stable:precondition1"	[99.17 s].
0.0.B: Trace Attempt 533	[98.43 s]
0.0.B: All properties determined. [99.20 s]
0.0.Tricustom6: Stopped processing property "Control.auto_sva_inst.stable_catodo_when_sel3_stable:precondition1"	[99.16 s].
0.0.Tricustom6: All properties determined. [329.26 s]
0.0.B: Exited with Success (@ 954.56 s)
0.0.Bm: All properties determined. [713.59 s]
0.0.Tricustom6: Exited with Success (@ 954.59 s)
0.0.Bm: Sending SIGKILL
0.0.Ht: Sending SIGKILL
0.0.Bm: Exited with Success (@ 957.62 s)
0.0.Ht: Terminated by signal SIGKILL (@ 957.62 s)
0: --------------------------------------------------------------
ProofGrid Summary (utilization 99.99 %)
--------------------------------------------------------------
     engines started                               :    14
     engine jobs started                           :     4

    Average time in state (seconds)
    ------------------------------------------------------
    Engine  Pending     Running        Dead    Utilization
    ------------------------------------------------------
     Ht        0.07      954.46        0.00       99.99 %
      B        0.07      954.06        0.00       99.99 %
     Bm        0.06      954.47        0.00       99.99 %
    Tricustom6        0.07      954.38        0.00       99.99 %
    all        0.07      954.34        0.00       99.99 %

    Total time in state (seconds)
    -----------------------------------------
            Pending     Running        Dead  
    -----------------------------------------
               0.27     3817.38        0.00

    Data read    : 209.08 MiB
    Data written : 13.66 MiB

0: All pending notifications were processed.
INFO (IPF059): Completed proof on task: "<embedded>" for proof thread 0

==============================================================
SUMMARY
==============================================================
           Properties Considered              : 21
                 assertions                   : 12
                  - proven                    : 11 (91.6667%)
                  - bounded_proven (user)     : 0 (0%)
                  - bounded_proven (auto)     : 0 (0%)
                  - marked_proven             : 0 (0%)
                  - cex                       : 1 (8.33333%)
                  - ar_cex                    : 0 (0%)
                  - undetermined              : 0 (0%)
                  - unknown                   : 0 (0%)
                  - error                     : 0 (0%)
                 covers                       : 9
                  - unreachable               : 1 (11.1111%)
                  - bounded_unreachable (user): 0 (0%)
                  - covered                   : 8 (88.8889%)
                  - ar_covered                : 0 (0%)
                  - undetermined              : 0 (0%)
                  - unknown                   : 0 (0%)
                  - error                     : 0 (0%)
[<embedded>] % 
[<embedded>] % # ---- Covers (best effort) ----
[<embedded>] % catch { cover -all }
1
[<embedded>] % 
[<embedded>] % # ---- Collect CEX details ----
[<embedded>] % set CEX_TXT [file join $OUT_DIR "cex_details.txt"]
/home/ab2113/malik25_26/veri_thoughts/dataset/verification_results/version_2/ids/01807/cex_details.txt
[<embedded>] % set cex_props {}
[<embedded>] % catch { set cex_props [get_property_list -include {status cex}] }
0
[<embedded>] % set ar_cex_props {}
[<embedded>] % catch { set ar_cex_props [get_property_list -include {status ar_cex}] }
WARNING (WPM042): No properties matched the specified filters.
0
[<embedded>] % 
[<embedded>] % set fp_cex [open $CEX_TXT "w"]
file43
[<embedded>] % puts $fp_cex "# Counter-example details for DESIGN_ID=$DESIGN_ID"
[<embedded>] % puts $fp_cex "# Format: property_name | cex_type | cex_length"
[<embedded>] % puts $fp_cex ""
[<embedded>] % 
[<embedded>] % foreach prop $cex_props {
  set cex_len ""
  catch { set cex_len [get_property_info -prop $prop cex_length] }
  puts $fp_cex "$prop | cex | $cex_len"
}
[<embedded>] % foreach prop $ar_cex_props {
  set cex_len ""
  catch { set cex_len [get_property_info -prop $prop cex_length] }
  puts $fp_cex "$prop | ar_cex | $cex_len"
}
[<embedded>] % close $fp_cex
[<embedded>] % 
[<embedded>] % set n_cex    [llength $cex_props]
1
[<embedded>] % set n_ar_cex [llength $ar_cex_props]
0
[<embedded>] % puts "INFO: CEX properties: $n_cex cex, $n_ar_cex ar_cex"
INFO: CEX properties: 1 cex, 0 ar_cex
[<embedded>] % puts "INFO: Wrote $CEX_TXT"
INFO: Wrote /home/ab2113/malik25_26/veri_thoughts/dataset/verification_results/version_2/ids/01807/cex_details.txt
[<embedded>] % 
[<embedded>] % # ---- Dump VCD waveforms for CEX properties ----
[<embedded>] % if {$DUMP_VCD && ($n_cex > 0 || $n_ar_cex > 0)} {
  set VCD_DIR [file join $OUT_DIR "cex_vcd"]
  file mkdir $VCD_DIR
  set all_cex_props [concat $cex_props $ar_cex_props]
  set vcd_count 0

  foreach prop $all_cex_props {
    set safe_name [regsub -all {[^A-Za-z0-9_.-]} $prop "_"]
    set vcd_path [file join $VCD_DIR "${safe_name}.vcd"]

    set dumped 0

    # Strip <embedded>:: prefix for prove -property (it needs the short name)
    set short_prop [regsub {^<embedded>::} $prop ""]

    # Force re-prove the property so JasperGold regenerates the trace,
    # then immediately visualize before the trace is discarded.
    if {!$dumped && [catch {
      prove -property $short_prop -force
      visualize -violation $prop
      visualize -save -vcd $vcd_path
      visualize -close
      set dumped 1
      incr vcd_count
      puts "INFO: Dumped VCD for $prop -> $vcd_path"
    } err1]} {
      catch { visualize -close }
      puts "DEBUG: Approach 1 (force re-prove) failed: $err1"
    }

    # Approach 2: visualize -violation with -new_trace to force trace gen
    if {!$dumped && [catch {
      visualize -violation $prop -new_trace
      visualize -save -vcd $vcd_path
      visualize -close
      set dumped 1
      incr vcd_count
      puts "INFO: Dumped VCD for $prop -> $vcd_path"
    } err2]} {
      catch { visualize -close }
      puts "DEBUG: Approach 2 (-new_trace) failed: $err2"
    }

    # Approach 3: prove with -force and auto engine mode
    if {!$dumped && [catch {
      set_engine_mode {auto}
      prove -property $short_prop -force
      visualize -violation $prop
      visualize -save -vcd $vcd_path
      visualize -close
      set dumped 1
      incr vcd_count
      puts "INFO: Dumped VCD for $prop -> $vcd_path"
    } err3]} {
      catch { visualize -close }
      puts "DEBUG: Approach 3 (auto engine) failed: $err3"
    }

    if {!$dumped} {
      puts "WARN: Could not dump VCD for $prop (all approaches failed)"
    }
  }
  puts "INFO: Dumped $vcd_count VCD files to $VCD_DIR"
} elseif {$DUMP_VCD} {
  puts "INFO: No CEX properties to dump VCD for"
}
INFO (IPF036): Starting proof on task: "<embedded>", 1 properties to prove with 0 already proven/unreachable
INFO (IPF031): Settings used for proof thread 1:
    orchestration                 = on (auto)
    time_limit                    = 3600s
    per_property_time_limit       = 1s * 10 ^ scan
    engine_mode                   = auto
    proofgrid_per_engine_max_jobs = 1
    max engine jobs               = auto
    proofgrid_mode                = local
    proofgrid_restarts            = 10
1: Using multistage preprocessing
1: Starting reduce
1: Finished reduce in 0s
1.0.PRE: Performing Proof Simplification...
1.0.N: clocks: 2, declared: 1, disabling: 0, posedge: 2, negedge: 0, noedge: 0, bothedge: 0
1.0.N: Proof Simplification Iteration 1	[0.00 s]
1.0.N: Proof Simplification Iteration 2	[0.00 s]
1.0.N: Proof Simplification Iteration 3	[0.00 s]
1.0.PRE: A proof was found: No trace exists. [0.00 s]
INFO (IPF057): 1.0.PRE: The property ":noDeadEnd" was proven in 0.00 s.
    Use check_assumptions -show -dead_end to show this property in the property table.
1.0.PRE: Proof Simplification completed in 0.00 s
1: About to start ProofGrid in its own thread with a limit of 10000 pending notifications and a limit of 10 traces.
1: =============================== ProofGrid start ===============================
1: ProofGrid usable level: 1
1: ProofGrid is starting event handling
1.0.N: Proofgrid shell started at 1968032@della-h14n3(local) jg_1962080_della-h14n3_2
1.0.Hp: Proofgrid shell started at 1968033@della-h14n3(local) jg_1962080_della-h14n3_2
1.0.N: OS RSS memory limit : 68719476736 / 68719476736
1.0.Hp: OS RSS memory limit : 68719476736 / 68719476736
1.0.N: clocks: 1, declared: 1, disabling: 0, posedge: 1, negedge: 0, noedge: 0, bothedge: 0
1.0.N: Last scan. Per property time limit: 0s
1.0.N: Starting proof for property "Control.auto_sva_inst.stable_catodo_when_sel0_stable"	[0.00 s].
1.0.N: Trace Attempt  1	[0.00 s]
1.0.N: Requesting engine job to stop
INFO (IPF144): 1: Initiating shutdown of proof [0.01 s]
1.0.N: A trace with 1 cycles was found. [0.00 s]
INFO (IPF055): 1.0.N: A counterexample (cex) with 1 cycles was found for the property "Control.auto_sva_inst.stable_catodo_when_sel0_stable" in 0.00 s.
1.0.N: Stopped processing property "Control.auto_sva_inst.stable_catodo_when_sel0_stable"	[0.00 s].
1.0.Hp: Requesting engine job to terminate
1.0.N: All properties determined. [0.01 s]
1.0.Hp: All properties determined. [0.01 s]
1.0.Ht: Proofgrid shell started at 1968046@della-h14n3(local) jg_1962080_della-h14n3_2
1.0.Ht: Requesting engine job to terminate
1.0.Hp: Exited with Success (@ 0.06 s)
1: ProofGrid usable level: 0
1.0.N: Exited with Success (@ 0.06 s)
1.0.Ht: Interrupted. [0.01 s]
1.0.B: Proofgrid shell started at 1968047@della-h14n3(local) jg_1962080_della-h14n3_2
1.0.B: Requesting engine job to terminate
1.0.Ht: Exited with Success (@ 0.07 s)
1.0.B: Interrupted. [0.01 s]
1.0.B: Exited with Success (@ 0.07 s)
1: --------------------------------------------------------------
ProofGrid Summary (utilization 1.60 %)
--------------------------------------------------------------
     engines started                               :     4
     engine jobs started                           :     4

    Average time in state (seconds)
    ------------------------------------------------------
    Engine  Pending     Running        Dead    Utilization
    ------------------------------------------------------
      N        0.28        0.01        0.00        3.91 %
     Hp        0.28        0.00        0.00        0.00 %
     Ht        0.06        0.00        0.00        0.00 %
      B        0.07        0.00        0.00        0.00 %
    all        0.17        0.00        0.00        1.60 %

    Total time in state (seconds)
    -----------------------------------------
            Pending     Running        Dead  
    -----------------------------------------
               0.69        0.01        0.00

    Data read    : 1.72 kiB
    Data written : 1.26 kiB

1: All pending notifications were processed.
INFO (IPF059): Completed proof on task: "<embedded>" for proof thread 1
INFO (IVS015): Setting Visualize task to "<embedded>".
INFO (IVS008): Expanding analysis region to enable visualization of "<embedded>::Control.auto_sva_inst.stable_catodo_when_sel0_stable".
INFO (IPF031): Settings used for proof thread 2:
    orchestration                 = off (auto)
    time_limit                    = 3600s
    per_property_time_limit       = 1s * 10 ^ scan
    engine_mode                   = Hp Ht N B 
    proofgrid_per_engine_max_jobs = 1
    max engine jobs               = Hp Ht N B, total 2
    proofgrid_mode                = local
    proofgrid_restarts            = 10
ERROR (EVS053): No trace satisfying these configurations exists for any max_length.
WARNING (WVS028): Saved trace only contains values for the target's COI.
    Use "set_trace_optimization standard" before running Visualize to save values for the full design.
DEBUG: Approach 1 (force re-prove) failed: ERROR (EVS125): No Visualize trace is available for "visualize -save -vcd".

DEBUG: Approach 2 (-new_trace) failed: ERROR (ESW104): Invalid command formation.
    Problem occurs with "-violation -new_trace".

INFO (IPF036): Starting proof on task: "<embedded>", 1 properties to prove with 0 already proven/unreachable
INFO (IPF031): Settings used for proof thread 3:
    orchestration                 = on (auto)
    time_limit                    = 3600s
    per_property_time_limit       = 1s * 10 ^ scan
    engine_mode                   = auto
    proofgrid_per_engine_max_jobs = 1
    max engine jobs               = auto
    proofgrid_mode                = local
    proofgrid_restarts            = 10
3: Using multistage preprocessing
3: Starting reduce
3: Finished reduce in 0s
3.0.PRE: Performing Proof Simplification...
3.0.N: clocks: 2, declared: 1, disabling: 0, posedge: 2, negedge: 0, noedge: 0, bothedge: 0
3.0.N: Proof Simplification Iteration 1	[0.00 s]
3.0.N: Proof Simplification Iteration 2	[0.00 s]
3.0.N: Proof Simplification Iteration 3	[0.00 s]
3.0.PRE: A proof was found: No trace exists. [0.00 s]
INFO (IPF057): 3.0.PRE: The property ":noDeadEnd" was proven in 0.00 s.
    Use check_assumptions -show -dead_end to show this property in the property table.
3.0.PRE: Proof Simplification completed in 0.00 s
3: About to start ProofGrid in its own thread with a limit of 10000 pending notifications and a limit of 10 traces.
3: =============================== ProofGrid start ===============================
3: ProofGrid usable level: 1
3: ProofGrid is starting event handling
3.0.Hp: Proofgrid shell started at 1968071@della-h14n3(local) jg_1962080_della-h14n3_4
3.0.N: Proofgrid shell started at 1968070@della-h14n3(local) jg_1962080_della-h14n3_4
3.0.Hp: OS RSS memory limit : 68719476736 / 68719476736
3.0.N: OS RSS memory limit : 68719476736 / 68719476736
3.0.Hp: clocks: 1, declared: 1, disabling: 0, posedge: 1, negedge: 0, noedge: 0, bothedge: 0
3.0.Hp: Trace Attempt  1	[0.00 s]
3.0.N: Requesting engine job to stop
3.0.Hp: Requesting engine job to terminate
INFO (IPF144): 3: Initiating shutdown of proof [0.00 s]
3.0.Hp: A trace with 1 cycles was found. [0.00 s]
INFO (IPF055): 3.0.Hp: A counterexample (cex) with 1 cycles was found for the property "Control.auto_sva_inst.stable_catodo_when_sel0_stable" in 0.00 s.
3.0.N: clocks: 1, declared: 1, disabling: 0, posedge: 1, negedge: 0, noedge: 0, bothedge: 0
3.0.Hp: All properties determined. [0.00 s]
3.0.N: All properties determined. [0.00 s]
3.0.N: Exited with Success (@ 0.00 s)
3: ProofGrid usable level: 0
3.0.Hp: Exited with Success (@ 0.00 s)
3.0.Ht: Proofgrid shell started at 1968084@della-h14n3(local) jg_1962080_della-h14n3_4
3.0.Ht: Requesting engine job to terminate
3.0.Ht: Interrupted. [0.01 s]
3.0.B: Proofgrid shell started at 1968085@della-h14n3(local) jg_1962080_della-h14n3_4
3.0.B: Requesting engine job to terminate
3.0.Ht: Exited with Success (@ 0.07 s)
3.0.B: Interrupted. [0.01 s]
3.0.B: Exited with Success (@ 0.07 s)
3: --------------------------------------------------------------
ProofGrid Summary (utilization 0.43 %)
--------------------------------------------------------------
     engines started                               :     4
     engine jobs started                           :     4

    Average time in state (seconds)
    ------------------------------------------------------
    Engine  Pending     Running        Dead    Utilization
    ------------------------------------------------------
      N        0.06        0.00        0.00        0.20 %
     Hp        0.06        0.00        0.00        1.53 %
     Ht        0.06        0.00        0.00        0.00 %
      B        0.06        0.00        0.00        0.00 %
    all        0.06        0.00        0.00        0.43 %

    Total time in state (seconds)
    -----------------------------------------
            Pending     Running        Dead  
    -----------------------------------------
               0.26        0.00        0.00

    Data read    : 1.86 kiB
    Data written : 1.27 kiB

3: All pending notifications were processed.
INFO (IPF059): Completed proof on task: "<embedded>" for proof thread 3
INFO (IVS015): Setting Visualize task to "<embedded>".
INFO (IVS008): Expanding analysis region to enable visualization of "<embedded>::Control.auto_sva_inst.stable_catodo_when_sel0_stable".
INFO (IPF031): Settings used for proof thread 4:
    orchestration                 = off (auto)
    time_limit                    = 3600s
    per_property_time_limit       = 1s * 10 ^ scan
    engine_mode                   = Ht Hp B N 
    proofgrid_per_engine_max_jobs = 1
    max engine jobs               = Ht Hp B N, total 2
    proofgrid_mode                = local
    proofgrid_restarts            = 10
ERROR (EVS053): No trace satisfying these configurations exists for any max_length.
WARNING (WVS028): Saved trace only contains values for the target's COI.
    Use "set_trace_optimization standard" before running Visualize to save values for the full design.
DEBUG: Approach 3 (auto engine) failed: ERROR (EVS125): No Visualize trace is available for "visualize -save -vcd".

WARN: Could not dump VCD for <embedded>::Control.auto_sva_inst.stable_catodo_when_sel0_stable (all approaches failed)
INFO: Dumped 0 VCD files to /home/ab2113/malik25_26/veri_thoughts/dataset/verification_results/version_2/ids/01807/cex_vcd
[<embedded>] % 
[<embedded>] % # ---- Write summary ----
[<embedded>] % set fp [open $SUMMARY_TXT "w"]
file43
[<embedded>] % puts $fp "DESIGN_ID=$DESIGN_ID"
[<embedded>] % puts $fp "TOP=$TOP"
[<embedded>] % puts $fp "AUTO_BIND=$AUTO_BIND"
[<embedded>] % puts $fp "ASSERT_COUNT=[llength $ASSERTS]"
[<embedded>] % puts $fp "COVER_COUNT=[llength $COVERS]"
[<embedded>] % puts $fp "CEX_COUNT=$n_cex"
[<embedded>] % puts $fp "AR_CEX_COUNT=$n_ar_cex"
[<embedded>] % puts $fp "PROP_LIST=$PROP_LIST_TXT"
[<embedded>] % puts $fp "CEX_DETAILS=$CEX_TXT"
[<embedded>] % close $fp
[<embedded>] % 
[<embedded>] % puts "\n✅ DONE: Proof run completed (check Jasper property table / log for PROVED/FAILED)"

✅ DONE: Proof run completed (check Jasper property table / log for PROVED/FAILED)
[<embedded>] % puts "INFO: Wrote $SUMMARY_TXT"
INFO: Wrote /home/ab2113/malik25_26/veri_thoughts/dataset/verification_results/version_2/ids/01807/summary.txt
[<embedded>] % puts "INFO: Wrote $PROP_LIST_TXT"
INFO: Wrote /home/ab2113/malik25_26/veri_thoughts/dataset/verification_results/version_2/ids/01807/property_list.txt
[<embedded>] % exit 0
[<embedded>] % INFO (IPL005): Received request to exit from the console.
INFO (IPL014): Waiting for the Tcl-thread to exit.
INFO: Waiting for proof threads to stop...
INFO: Proof threads stopped.
INFO (IPL018): The peak resident set memory use for this session was 27.896 GB.
INFO (IPL015): The Tcl-thread exited with status 0.
INFO (IPL016): Exiting the analysis session with status 0.
