JasperGold Apps 2021.03 FCS 64 bits 2021.03.23 02:50:43 UTC

Any disclosure about the Cadence Design Systems software or its use
model to any third party violates the written Non-Disclosure Agreement
between Cadence Design Systems, Inc. and the customer.

THIS SOFTWARE CONTAINS CONFIDENTIAL INFORMATION AND TRADE SECRETS OF
CADENCE DESIGN SYSTEMS, INC. USE, DISCLOSURE, OR REPRODUCTION IS
PROHIBITED WITHOUT THE PRIOR EXPRESS WRITTEN PERMISSION OF CADENCE
DESIGN SYSTEMS, INC.

Copyright (C) 2000-2021 Cadence Design Systems, Inc. All Rights
Reserved.  Unpublished -- rights reserved under the copyright laws of
the United States.

This product includes software developed by others and redistributed
according to license agreement. See doc/third_party_readme.txt for
further details.

RESTRICTED RIGHTS LEGEND

Use, duplication, or disclosure by the Government is subject to
restrictions as set forth in subparagraph (c) (1) (ii) of the Rights in
Technical Data and Computer Software clause at DFARS 252.227-7013 or
subparagraphs (c) (1) and (2) of Commercial Computer Software -- Restricted
Rights at 48 CFR 52.227-19, as applicable.


                          Cadence Design Systems, Inc. 
                          2655 Seely Avenue
                          San Jose, CA 95134
                          Phone: 408.943.1234

For technical assistance visit http://support.cadence.com.

JasperGold Apps Analysis Session - /home/ab2113/malik25_26/veri_thoughts/dataset/verification_results/version_2/ids/01251/jgproject/sessionLogs/session_0

INFO: successfully checked out license "jasper_fao".
INFO: reading configuration file "/home/ab2113/.config/jasper/jaspergold.conf".
% # ============================================================
% # JasperGold Assertion Verification Runner (env-driven)
% # Output: verification_results/ids/<DESIGN_ID>/
% #
% # Env:
% #   DESIGN_ID     : required (subfolder name)
% #   JG_DESIGN     : required, space/colon-separated RTL file paths OR a directory
% #   JG_SVA        : required, space/colon-separated SVA file paths OR a directory
% #
% # Optional:
% #   JG_TOP        : top module name. If missing, inferred from RTL (default: infer)
% #   JG_STD        : sv12 | sv11 | sv09 (default: sv12)
% #   JG_INCDIRS    : colon/space-separated include dirs (optional)
% #   JG_DEFINES    : space-separated defines NAME or NAME=VAL (optional)
% #   JG_NO_CLOCK   : 1 to force combinational clocking (default: 0)
% #   JG_RESET      : explicit reset signal name (optional)
% #   JG_RESET_EXPR : explicit reset expression (optional)
% #   JG_DUMP_VCD   : 1 to dump VCD waveforms for CEX properties (default: 0)
% # ============================================================
% 
% proc split_env_list {s} {
  if {$s eq ""} {return {}}
  set out {}
  foreach p [split $s " :"] { if {$p ne ""} {lappend out $p} }
  return $out
}
% 
% proc split_space_list {s} {
  if {$s eq ""} {return {}}
  set out {}
  foreach p [split $s " "] { if {$p ne ""} {lappend out $p} }
  return $out
}
% 
% proc collect_files_any {path} {
  # If path is a file, return it. If directory, glob common HDL extensions.
  if {[file isfile $path]} { return [list $path] }
  if {![file isdirectory $path]} { error "Not a file or directory: $path" }

  set patterns {*.sv *.svh *.v *.vh}
  set flist {}
  foreach p $patterns {
    foreach f [glob -nocomplain -types f -directory $path -tails -- $p] {
      lappend flist [file join $path $f]
    }
  }
  if {[llength $flist] == 0} { error "No HDL files found in directory: $path" }
  return $flist
}
% 
% proc read_file_text {path} {
  set fp [open $path "r"]
  set data [read $fp]
  close $fp
  return $data
}
% 
% proc strip_comments {text} {
  set out $text
  regsub -all {(?s)/\*.*?\*/} $out "" out
  regsub -all {(?m)//.*$} $out "" out
  return $out
}
% 
% proc infer_top_from_file {f} {
  if {![file isfile $f]} { return "" }
  set txt [strip_comments [read_file_text $f]]
  if {[regexp -nocase -line {^\s*module\s+([A-Za-z_][A-Za-z0-9_]*)} $txt -> m]} {
    return $m
  }
  return ""
}
% 
% proc find_reset_signal {top files} {
  set top_l [string tolower $top]
  set keywords {input output inout wire reg logic signed unsigned integer parameter localparam bit tri supply0 supply1 tri0 tri1 wand wor}
  foreach f $files {
    if {![file isfile $f]} { continue }
    set txt [strip_comments [read_file_text $f]]
    set re "(?s)\\mmodule\\s+${top_l}\\M\\s*(#\\s*\\(.*?\\)\\s*)?\\((.*?)\\)\\s*;"
    if {[regexp -nocase -- $re $txt -> _port_params portlist]} {
      set tokens [regexp -all -inline {\m[A-Za-z_][A-Za-z0-9_]*\M} $portlist]
      set names {}
      foreach t $tokens {
        set tl [string tolower $t]
        if {[lsearch -exact $keywords $tl] >= 0} { continue }
        lappend names $t
      }
      if {[llength $names] == 0} { continue }
      set lower_map [dict create]
      foreach n $names { dict set lower_map [string tolower $n] $n }
      set exact_priority {reset_n rst_n resetb rstb resetn rstn areset_n arst_n reset rst areset arst}
      foreach p $exact_priority {
        if {[dict exists $lower_map $p]} { return [dict get $lower_map $p] }
      }
      foreach n $names {
        set ln [string tolower $n]
        if {[regexp {(^|_)reset(_|$)} $ln] || [regexp {(^|_)rst(_|$)} $ln]} {
          return $n
        }
      }
    }
  }
  return ""
}
% 
% # ---- Auto-bind helpers ----
% 
% proc sva_files_have_bind {sva_files} {
  # Return 1 if any SVA file already contains a bind statement.
  foreach f $sva_files {
    if {![file isfile $f]} { continue }
    set txt [strip_comments [read_file_text $f]]
    if {[regexp -nocase {(?m)^\s*bind\s+} $txt]} { return 1 }
  }
  return 0
}
% 
% proc extract_module_ports {mod_name files} {
  # Extract port names for a given module from a list of files.
  # Returns a list of port names (order preserved, keywords stripped).
  set keywords {input output inout wire reg logic signed unsigned integer
                parameter localparam bit tri supply0 supply1 tri0 tri1 wand wor}
  foreach f $files {
    if {![file isfile $f]} { continue }
    set txt [strip_comments [read_file_text $f]]
    set re "(?s)\\mmodule\\s+${mod_name}\\M\\s*(#\\s*\\(.*?\\)\\s*)?\\((.*?)\\)\\s*;"
    if {[regexp -nocase -- $re $txt -> _params portlist]} {
      set tokens [regexp -all -inline {\m[A-Za-z_][A-Za-z0-9_]*\M} $portlist]
      set names {}
      foreach t $tokens {
        set tl [string tolower $t]
        if {[lsearch -exact $keywords $tl] >= 0} { continue }
        if {[lsearch -exact $names $t] < 0} { lappend names $t }
      }
      return $names
    }
  }
  return {}
}
% 
% proc generate_auto_bind {top dut_files sva_files out_dir} {
  # If SVA files lack a bind statement, generate one.
  # Returns: path to generated bind file, or "" if bind already exists / cannot generate.
  if {[sva_files_have_bind $sva_files]} {
    puts "INFO: SVA files already contain a bind statement"
    return ""
  }

  # Find the SVA module name (first module in SVA files that is NOT the DUT)
  set sva_mod ""
  foreach f $sva_files {
    if {![file isfile $f]} { continue }
    set txt [strip_comments [read_file_text $f]]
    set matches [regexp -all -inline -nocase {(?m)^\s*module\s+([A-Za-z_][A-Za-z0-9_]*)} $txt]
    foreach {_ mname} $matches {
      if {$mname ne $top} {
        set sva_mod $mname
        break
      }
    }
    if {$sva_mod ne ""} { break }
  }

  if {$sva_mod eq ""} {
    puts "WARN: Could not find SVA module name for auto-bind"
    return ""
  }

  # Get port lists
  set dut_ports [extract_module_ports $top $dut_files]
  set sva_ports [extract_module_ports $sva_mod $sva_files]

  if {[llength $sva_ports] == 0} {
    puts "WARN: SVA module $sva_mod has no ports; cannot auto-bind"
    return ""
  }

  # Build port connections: for each SVA port, connect to DUT port if name
  # matches (case-insensitive), otherwise leave unconnected.
  set dut_lower_map [dict create]
  foreach p $dut_ports { dict set dut_lower_map [string tolower $p] $p }

  set connections {}
  set unconnected {}
  foreach sp $sva_ports {
    set sp_lower [string tolower $sp]
    if {[dict exists $dut_lower_map $sp_lower]} {
      set dp [dict get $dut_lower_map $sp_lower]
      lappend connections "    .${sp}(${dp})"
    } else {
      lappend unconnected $sp
    }
  }

  if {[llength $connections] == 0} {
    puts "WARN: No matching ports between DUT ($top) and SVA ($sva_mod); cannot auto-bind"
    return ""
  }

  # Write the bind file
  set bind_path [file join $out_dir "auto_bind.sv"]
  set conn_str [join $connections ",\n"]
  set fp [open $bind_path "w"]
  puts $fp "// Auto-generated bind (no bind found in SVA files)"
  if {[llength $unconnected] > 0} {
    puts $fp "// NOTE: Unconnected SVA ports (not in DUT): [join $unconnected {, }]"
  }
  puts $fp "bind $top $sva_mod auto_sva_inst ("
  puts $fp $conn_str
  puts $fp ");"
  close $fp

  puts "INFO: Auto-generated bind: $bind_path"
  puts "  DUT=$top  SVA=$sva_mod"
  puts "  Connected ports: [llength $connections]"
  if {[llength $unconnected] > 0} {
    puts "  Unconnected SVA ports: [join $unconnected {, }]"
  }
  return $bind_path
}
% 
% # ---- Read config from environment ----
% if {![info exists ::env(DESIGN_ID)] || $::env(DESIGN_ID) eq ""} {
  puts "ERROR: DESIGN_ID not set."
  exit 2
}
% if {![info exists ::env(JG_DESIGN)] || $::env(JG_DESIGN) eq ""} {
  puts "ERROR: JG_DESIGN not set."
  exit 2
}
% if {![info exists ::env(JG_SVA)] || $::env(JG_SVA) eq ""} {
  puts "ERROR: JG_SVA not set."
  exit 2
}
% 
% set DESIGN_ID $::env(DESIGN_ID)
01251
% 
% # JG_TOP is optional: if missing, infer from RTL
% set TOP ""
% if {[info exists ::env(JG_TOP)] && $::env(JG_TOP) ne ""} {
  set TOP $::env(JG_TOP)
}
% 
% set STD      [expr {[info exists ::env(JG_STD)] ? $::env(JG_STD) : "sv12"}]
sv12
% set INCDIRS  [expr {[info exists ::env(JG_INCDIRS)] ? [split_env_list $::env(JG_INCDIRS)] : {}}]
% # Defines should be space-separated (do NOT split on ':')
% set DEFINES  [expr {[info exists ::env(JG_DEFINES)] ? [split_space_list $::env(JG_DEFINES)] : {}}]
% set NO_CLOCK [expr {[info exists ::env(JG_NO_CLOCK)] ? $::env(JG_NO_CLOCK) : 0}]
1
% set DUMP_VCD [expr {[info exists ::env(JG_DUMP_VCD)] ? $::env(JG_DUMP_VCD) : 0}]
1
% 
% # JG_DESIGN/JG_SVA can be:
% # - a directory
% # - a single file
% # - a list of files/dirs separated by spaces/colons
% set DESIGN_INPUTS [split_env_list $::env(JG_DESIGN)]
./01251/module.v
% set SVA_INPUTS    [split_env_list $::env(JG_SVA)]
./01251/sva.sv
% 
% set DESIGN_FILES {}
% foreach p $DESIGN_INPUTS { set DESIGN_FILES [concat $DESIGN_FILES [collect_files_any $p]] }
% 
% # Infer TOP if not provided
% if {$TOP eq ""} {
  foreach f $DESIGN_FILES {
    set guess [infer_top_from_file $f]
    if {$guess ne ""} { set TOP $guess; break }
  }
  if {$TOP eq ""} {
    puts "ERROR: Could not infer TOP from design files; set JG_TOP explicitly."
    exit 2
  }
}
% puts "INFO: Using TOP = $TOP"
INFO: Using TOP = my_uart_rx7to7
% 
% set SVA_FILES {}
% foreach p $SVA_INPUTS { set SVA_FILES [concat $SVA_FILES [collect_files_any $p]] }
% 
% # ---- Output dir ----
% # JG_OUT_DIR: explicit output directory from check_all.sh; fallback to legacy path
% if {[info exists ::env(JG_OUT_DIR)] && $::env(JG_OUT_DIR) ne ""} {
  set OUT_DIR $::env(JG_OUT_DIR)
} else {
  set OUT_DIR [file join "verification_results" "ids" $DESIGN_ID]
}
/home/ab2113/malik25_26/veri_thoughts/dataset/verification_results/version_2/ids/01251
% file mkdir $OUT_DIR
% set PROP_LIST_TXT [file join $OUT_DIR "property_list.txt"]
/home/ab2113/malik25_26/veri_thoughts/dataset/verification_results/version_2/ids/01251/property_list.txt
% set SUMMARY_TXT   [file join $OUT_DIR "summary.txt"]
/home/ab2113/malik25_26/veri_thoughts/dataset/verification_results/version_2/ids/01251/summary.txt
% 
% # ---- Auto-bind detection ----
% set AUTO_BIND 0
0
% set BIND_FILE [generate_auto_bind $TOP $DESIGN_FILES $SVA_FILES $OUT_DIR]
INFO: Auto-generated bind: /home/ab2113/malik25_26/veri_thoughts/dataset/verification_results/version_2/ids/01251/auto_bind.sv
  DUT=my_uart_rx7to7  SVA=my_uart_rx7to7_sva
  Connected ports: 6
  Unconnected SVA ports: reset_outputs_zero, assert, property, posedge, h0, b0, reset_release_clears_outputs, rose, outputs_known_when_active, disable, iff, isunknown, data_sign_single_cycle, b1, data_sign_no_back_to_back_rise, data_in_stable_when_sign_high, past, data_in_change_implies_sign_low, data_in_max_one_bit_change, onehot0, invalid_ctl_forces_sign_low_next, h6, h7, sign_rise_requires_prev_valid_ctl, prev_invalid_ctl_keeps_data_in_stable
/home/ab2113/malik25_26/veri_thoughts/dataset/verification_results/version_2/ids/01251/auto_bind.sv
% if {$BIND_FILE ne ""} {
  set AUTO_BIND 1
  lappend SVA_FILES $BIND_FILE
}
./01251/sva.sv /home/ab2113/malik25_26/veri_thoughts/dataset/verification_results/version_2/ids/01251/auto_bind.sv
% 
% puts "INFO: Verification run starting"
INFO: Verification run starting
% puts "  DESIGN_ID : $DESIGN_ID"
  DESIGN_ID : 01251
% puts "  TOP       : $TOP"
  TOP       : my_uart_rx7to7
% puts "  STD       : $STD"
  STD       : sv12
% puts "  INCDIRS   : $INCDIRS"
  INCDIRS   : 
% puts "  DEFINES   : $DEFINES"
  DEFINES   : 
% puts "  NO_CLOCK  : $NO_CLOCK"
  NO_CLOCK  : 1
% puts "  AUTO_BIND : $AUTO_BIND"
  AUTO_BIND : 1
% puts "  DUMP_VCD  : $DUMP_VCD"
  DUMP_VCD  : 1
% puts "  N_DESIGN  : [llength $DESIGN_FILES]"
  N_DESIGN  : 1
% puts "  N_SVA     : [llength $SVA_FILES]"
  N_SVA     : 2
% puts "  OUT_DIR   : $OUT_DIR"
  OUT_DIR   : /home/ab2113/malik25_26/veri_thoughts/dataset/verification_results/version_2/ids/01251
% 
% # Optional: promote common message groups to errors (best-effort)
% if {[llength [info commands set_msg_config]]} {
  set_msg_config -id COMP*  -severity error
  set_msg_config -id PARSE* -severity error
  set_msg_config -id ELAB*  -severity error
}
% 
% # ---- Build analyze options ----
% set analyze_opts [list analyze -$STD]
analyze -sv12
% if {[llength $INCDIRS] > 0} { lappend analyze_opts -incdir $INCDIRS }
% if {[llength $DEFINES] > 0} {
  foreach d $DEFINES { lappend analyze_opts -define $d }
}
% 
% # ---- Analyze + Elaborate ----
% set err 0
0
% puts "DEBUG: DESIGN_FILES = $DESIGN_FILES"
DEBUG: DESIGN_FILES = ./01251/module.v
% puts "DEBUG: SVA_FILES    = $SVA_FILES"
DEBUG: SVA_FILES    = ./01251/sva.sv /home/ab2113/malik25_26/veri_thoughts/dataset/verification_results/version_2/ids/01251/auto_bind.sv
% 
% if {[catch {eval $analyze_opts $DESIGN_FILES} msg]} {
  puts "ERROR: analyze design failed:\n$msg"
  set err 1
}
[-- (VERI-1482)] Analyzing Verilog file '/scratch/gpfs/LICENSED/x86_64/cadence-20210126/jasper_2021.03/lib/verilog/packages/std/std.sv' into library 'std'
[-- (VERI-1482)] Analyzing Verilog file './01251/module.v'
% if {!$err && [catch {eval $analyze_opts $SVA_FILES} msg2]} {
  puts "ERROR: analyze SVA failed:\n$msg2"
  set err 1
}
[-- (VERI-1482)] Analyzing Verilog file './01251/sva.sv'
[-- (VERI-1482)] Analyzing Verilog file '/home/ab2113/malik25_26/veri_thoughts/dataset/verification_results/version_2/ids/01251/auto_bind.sv'
% 
% puts "DEBUG: Elaborating TOP='$TOP'"
DEBUG: Elaborating TOP='my_uart_rx7to7'
% if {!$err && [catch {elaborate -top $TOP} emsg]} {
  puts "ERROR: elaborate failed:\n$emsg"
  set err 1
}
INFO (ISW003): Top module name is "my_uart_rx7to7".
[INFO (HIER-8002)] ./01251/module.v(174): Disabling old hierarchical reference handler
[INFO (VERI-1018)] ./01251/sva.sv(1): compiling module 'my_uart_rx7to7_sva'
[WARN (VERI-1796)] ./01251/sva.sv(22): system function call isunknown with non-constant argument is not synthesizable
[WARN (VERI-1796)] ./01251/sva.sv(22): system function call isunknown with non-constant argument is not synthesizable
[INFO (VERI-1018)] ./01251/module.v(2): compiling module 'my_uart_rx7to7'
[WARN (VERI-9005)] ./01251/module.v(163): 32-bit index expression '(tran_cnt[4:1] - 1)' is larger than the required 3 bits. This might lead to an out-of-bound access
INFO (INL208): Elaboration synthesis summary:
  Number of synthesized netlists          3 (1 packages)
  Single run mode                         On
  Pipeline                                On (2 pipelined netlists)
  Late hierarchical reference connection  On
  Number of analyzed Verilog modules      3 (3 synthesized)
  Number of analyzed VHDL entities        0 (0 synthesized)
INFO (INL003): Clearing all state information (assumes, stopats, and so forth).
[<embedded>] % 
[<embedded>] % # If combinational / event-driven, you can force "no clock"
[<embedded>] % if {!$err && $NO_CLOCK} {
  catch { clock -none }
}
INFO (ICK008): Enabling clock-free environment.
0
[<embedded>] % 
[<embedded>] % if {$err} {
  puts "\n❌ FAILED: compile/elab errors"
  exit 1
}
[<embedded>] % 
[<embedded>] % # ---- Reset -----
[<embedded>] % set RESET_SIG ""
[<embedded>] % set RESET_EXPR ""
[<embedded>] % if {[info exists ::env(JG_RESET_EXPR)] && $::env(JG_RESET_EXPR) ne ""} {
  set RESET_EXPR $::env(JG_RESET_EXPR)
} elseif {[info exists ::env(JG_RESET)] && $::env(JG_RESET) ne ""} {
  set RESET_SIG $::env(JG_RESET)
} else {
  set RESET_SIG [find_reset_signal $TOP $DESIGN_FILES]
}
rst_n
[<embedded>] % 
[<embedded>] % if {$RESET_EXPR ne ""} {
  puts "INFO: Using reset expression: $RESET_EXPR"
  catch { reset -expression $RESET_EXPR }
} elseif {$RESET_SIG ne ""} {
  if {[regexp -nocase {(_n|_b)$} $RESET_SIG]} {
    set RESET_EXPR "!$RESET_SIG"
    puts "INFO: Using active-low reset expression: $RESET_EXPR"
    catch { reset -expression $RESET_EXPR }
  } else {
    puts "INFO: Using reset signal: $RESET_SIG"
    catch { reset $RESET_SIG }
  }
} else {
  puts "INFO: No reset signal found; using reset -none"
  catch { reset -none }
}
INFO: Using active-low reset expression: !rst_n
INFO (IPM031): Clearing proof results of all properties.
INFO (IRS006): Current reset condition is "rst_n".
0
[<embedded>] % 
[<embedded>] % # ---- Property discovery (bind sanity check) ----
[<embedded>] % set ASSERTS {}
[<embedded>] % set COVERS  {}
[<embedded>] % catch { set ASSERTS [assert -list -silent] }
0
[<embedded>] % catch { set COVERS  [cover  -list -silent] }
0
[<embedded>] % 
[<embedded>] % puts "INFO: Found [llength $ASSERTS] asserts, [llength $COVERS] covers"
INFO: Found 11 asserts, 10 covers
[<embedded>] % 
[<embedded>] % # Write property names
[<embedded>] % set fp [open $PROP_LIST_TXT "w"]
file41
[<embedded>] % puts $fp "ASSERT PROPERTIES:"
[<embedded>] % foreach a $ASSERTS { puts $fp $a }
[<embedded>] % puts $fp ""
[<embedded>] % puts $fp "COVER PROPERTIES:"
[<embedded>] % foreach c $COVERS { puts $fp $c }
[<embedded>] % close $fp
[<embedded>] % 
[<embedded>] % if {[llength $ASSERTS] == 0 && [llength $COVERS] == 0} {
  puts "\n❌ FAILED: No properties found (bind likely didn't attach, or wrong TOP)"
  exit 3
}
[<embedded>] % 
[<embedded>] % # ---- Prove all assertions ----
[<embedded>] % # 3600 seconds = 1 hour timeout per property (adjust as needed)
[<embedded>] % set_prove_time_limit 3600
[<embedded>] % 
[<embedded>] % puts "INFO: Running prove -all"
INFO: Running prove -all
[<embedded>] % if {[catch { prove -all } pmsg]} {
  puts "ERROR: prove command failed:\n$pmsg"
  exit 4
}
Ncustom1: Custom engine code is hT3Ng7hPPfiYQOTDZ3qhYOwGAM51eA+J/FjkM5shLioAsqhgLR4Ft+O1BuKG6ilQ83B9tLXSl+CwjiTMAQA
AMcustom2: Custom engine code is hT3Ng7hP/feYQOTDZ3qhYOwGAM51eA+J/FjkM5shLioAsqhgLR4Ft+O1BuKG6ilQ83B9tLXSmmqwm7g9AQA
INFO (IPF036): Starting proof on task: "<embedded>", 21 properties to prove with 0 already proven/unreachable
INFO (IRS029): Starting reset analysis: phase 1 of 4.
INFO (IRS030): Running reset analysis: phase 2 of 4.
INFO (IRS031): Running reset analysis: phase 3 of 4.
INFO (IRS020): Starting the reset analysis simulation with a limit of 100 iterations (phase 4 of 4).
INFO (IRS024): Reset iterations 0 to 4 analyzed.
INFO (IRS018): Reset analysis simulation executed for 3 iterations. Assigned values for 30 of 30 design flops, 0 of 0 design latches, 39 of 78 internal elements.
INFO (IRS039): Reset analysis complete.
INFO (IPF031): Settings used for proof thread 0:
    orchestration                 = on (auto)
    time_limit                    = 3600s
    per_property_time_limit       = 1s * 10 ^ scan
    engine_mode                   = auto
    proofgrid_per_engine_max_jobs = 1
    max engine jobs               = auto
    proofgrid_mode                = local
    proofgrid_restarts            = 10
AMcustom3: Custom engine code is hT3NE7hP/2Fz2XrVSbG0RDiSlOmcEY54dTxWvdDsI3//MxFcPzdQEJVlimlZshtLUKCpt0qXHu9EQAivsvCTP5Pi2s9EBccXnc85FrzRRX45WcXC5XpA9kyHdIYmOxUqsRrN5ntdfkwHRnO7f82Dn4pCsne09HV19Yd/o8VzV0c8nka+2MMhbNDEdLGC4SmTi8oNy00Nn40QJnMevDlPY3jIAQA
Ncustom4: Custom engine code is hT3OXrhPByJp3TrFSTLhUmMH4KVtJgmTCnNDF46yMXOKY48m4LS5nE7yBzFjA7kDuwO/GhGUpEPiky3p3wmPn3dJZHxFMsafSoObRzSC+tn7sEY0WbTdZ/FV4hL3MYH/b1CIUvXSWR4wqEoVLsmMOD4xIPT4lI1LO6ZCO7PnnWQuLwetnvKlrXx6wCW/A+x+enqslg1YPobi4wEF/EvbzOvcTYdJvl2s4H2yZg2b2ofAVN5WvhWk1HoBAA
Ncustom5: Custom engine code is hT3NR7hPByFp3TrFSTLhUmMH4KWtJglTyV/c51BHEeZWamnJv767nE6PCak26bd3gf3XGN3rIRheufhDieCJQVISo+gNYUKhiUedBKGtsP/a18svAnlMJZudHxDFwK5ufsyoxsIyiAeSY2oi3tEuoDHr5gw42DFKAG3PqO3CEsl8Azzdt3pl5nGA1Ifv2H02eYsFzWb/nfp8PMb3F0krE/EgBcm8TD9Div8BAA
Tricustom6: Custom engine code is hT3Nu7hP3fiYQADBZnYcglNHp9bfd7EOeniIqP/ji8sGLQu8yhsFO+wxJ+O+R0bU8g/IewXFomyos+viQnWc2xYNYmMqpo3i40O7DaZR7qfp4YqNx26KRvQ/qx0BAA
0.0.PRE: A proof was found: No trace exists. [0.00 s]
INFO (IPF057): 0.0.PRE: The property "my_uart_rx7to7.auto_sva_inst.reset_outputs_zero" was proven in 0.00 s.
0.0.PRE: A proof was found: No trace exists. [0.00 s]
INFO (IPF051): 0.0.PRE: The cover property "my_uart_rx7to7.auto_sva_inst.reset_outputs_zero:precondition1" was proven unreachable in 0.00 s.
0.0.PRE: A proof was found: No trace exists. [0.00 s]
INFO (IPF057): 0.0.PRE: The property "my_uart_rx7to7.auto_sva_inst.outputs_known_when_active" was proven in 0.00 s.
0: Found proofs for 3 properties in preprocessing
0: Using multistage preprocessing
0: Starting reduce
0: Finished reduce in 0s
0.0.PRE: Performing Proof Simplification...
0.0.N: clocks: 2, declared: 1, disabling: 0, posedge: 2, negedge: 0, noedge: 0, bothedge: 0
0.0.N: Proof Simplification Iteration 1	[0.00 s]
0.0.N: Proof Simplification Iteration 2	[0.00 s]
0.0.N: Proof Simplification Iteration 3	[0.00 s]
0.0.PRE: A proof was found: No trace exists. [0.00 s]
INFO (IPF057): 0.0.PRE: The property ":noDeadEnd" was proven in 0.00 s.
    Use check_assumptions -show -dead_end to show this property in the property table.
0.0.PRE: A proof was found: No trace exists. [0.00 s]
INFO (IPF057): 0.0.PRE: The property ":noConflict" was proven in 0.00 s.
    Use check_assumptions -show to show this property in the property table.
INFO (IPF047): 0.0.PRE: The cover property ":live" was covered in 1 cycles in 0.00 s.
    Use check_assumptions -show -live to show this property in the property table.
0.0.PRE: Proof Simplification completed in 0.00 s
0: About to start ProofGrid in its own thread with a limit of 10000 pending notifications and a limit of 10 traces.
0: =============================== ProofGrid start ===============================
0: ProofGrid usable level: 18
0: ProofGrid is starting event handling
0.0.Hp: Proofgrid shell started at 1749775@della-h14n3(local) jg_1749608_della-h14n3_1
0.0.N: Proofgrid shell started at 1749774@della-h14n3(local) jg_1749608_della-h14n3_1
0.0.Hp: OS RSS memory limit : 68719476736 / 68719476736
0.0.N: OS RSS memory limit : 68719476736 / 68719476736
0.0.Hp: clocks: 1, declared: 1, disabling: 0, posedge: 1, negedge: 0, noedge: 0, bothedge: 0
0.0.N: clocks: 1, declared: 1, disabling: 0, posedge: 1, negedge: 0, noedge: 0, bothedge: 0
0.0.N: Next scan (0) will use per property time limit: 1s * 10 ^ 0 = 1s
0.0.N: Starting proof for property "my_uart_rx7to7.auto_sva_inst.reset_release_clears_outputs"	[0.00 s].
0.0.N: Trace Attempt  1	[0.00 s]
0.0.N: Trace Attempt  2	[0.00 s]
0.0.N: Trace Attempt  2	[0.00 s]
0.0.N: Trace Attempt  3	[0.00 s]
0.0.N: Trace Attempt  4	[0.00 s]
0.0.N: Trace Attempt  5	[0.00 s]
0.0.N: Trace Attempt  1	[0.00 s]
0.0.N: Trace Attempt  2	[0.00 s]
0.0.N: Trace Attempt  3	[0.00 s]
0.0.N: Validation of fixpoint was successful. Time = 0.00
0.0.N: A proof was found: No trace exists. [0.00 s]
INFO (IPF057): 0.0.N: The property "my_uart_rx7to7.auto_sva_inst.reset_release_clears_outputs" was proven in 0.00 s.
0.0.N: Stopped processing property "my_uart_rx7to7.auto_sva_inst.reset_release_clears_outputs"	[0.00 s].
0.0.N: Starting proof for property "my_uart_rx7to7.auto_sva_inst.reset_release_clears_outputs:precondition1"	[0.00 s].
0.0.N: Trace Attempt  1	[0.00 s]
0.0.N: A trace with 1 cycles was found. [0.00 s]
INFO (IPF047): 0.0.N: The cover property "my_uart_rx7to7.auto_sva_inst.reset_release_clears_outputs:precondition1" was covered in 1 cycles in 0.01 s.
0.0.N: Stopped processing property "my_uart_rx7to7.auto_sva_inst.reset_release_clears_outputs:precondition1"	[0.01 s].
0.0.N: Starting proof for property "my_uart_rx7to7.auto_sva_inst.data_sign_single_cycle"	[0.00 s].
0.0.N: Trace Attempt  1	[0.00 s]
0.0.N: A max_length bound was found. The shortest trace is no longer than 67108864 cycles. [0.00 s]
INFO (IPF008): 0.0.N: A max_length bound of 67108864 was found for the property "my_uart_rx7to7.auto_sva_inst.data_sign_single_cycle" in 0.00 s.
0.0.N: Trace Attempt  2	[0.00 s]
0.0.N: Trace Attempt  2	[0.00 s]
0.0.N: Trace Attempt  3	[0.00 s]
0.0.N: Trace Attempt  4	[0.00 s]
0.0.N: Trace Attempt  4	[0.00 s]
0.0.N: Trace Attempt  5	[0.00 s]
0.0.Hp: Trace Attempt  1	[0.01 s]
0.0.Hp: A trace with 1 cycles was found. [0.01 s]
INFO (IPF047): 0.0.Hp: The cover property "my_uart_rx7to7.auto_sva_inst.data_in_change_implies_sign_low:precondition1" was covered in 1 cycles in 0.01 s.
INFO (IPF055): 0.0.Hp: A counterexample (cex) with 1 cycles was found for the property "my_uart_rx7to7.auto_sva_inst.data_in_max_one_bit_change" in 0.01 s.
INFO (IPF047): 0.0.Hp: The cover property "my_uart_rx7to7.auto_sva_inst.data_in_max_one_bit_change:precondition1" was covered in 1 cycles in 0.01 s.
INFO (IPF047): 0.0.Hp: The cover property "my_uart_rx7to7.auto_sva_inst.invalid_ctl_forces_sign_low_next:precondition1" was covered in 1 cycles in 0.01 s.
INFO (IPF055): 0.0.Hp: A counterexample (cex) with 1 cycles was found for the property "my_uart_rx7to7.auto_sva_inst.prev_invalid_ctl_keeps_data_in_stable" in 0.01 s.
INFO (IPF047): 0.0.Hp: The cover property "my_uart_rx7to7.auto_sva_inst.prev_invalid_ctl_keeps_data_in_stable:precondition1" was covered in 1 cycles in 0.01 s.
0.0.Hp: Trace Attempt  2	[0.02 s]
0.0.N: Trace Attempt  1	[0.02 s]
0.0.N: Trace Attempt  2	[0.02 s]
0.0.N: Trace Attempt  3	[0.02 s]
0.0.N: Trace Attempt  5	[0.02 s]
0.0.Hp: Trace Attempt  3	[0.04 s]
0.0.B: Proofgrid shell started at 1749789@della-h14n3(local) jg_1749608_della-h14n3_1
0.0.Ht: Proofgrid shell started at 1749788@della-h14n3(local) jg_1749608_della-h14n3_1
0.0.B: OS RSS memory limit : 68719476736 / 68719476736
0.0.B: clocks: 1, declared: 1, disabling: 0, posedge: 1, negedge: 0, noedge: 0, bothedge: 0
0.0.Ht: OS RSS memory limit : 68719476736 / 68719476736
0.0.B: Next scan (0) will use per property time limit: 1s * 10 ^ 0 = 1s
0.0.B: Starting proof for property "my_uart_rx7to7.auto_sva_inst.data_sign_single_cycle"	[0.00 s].
0.0.Ht: clocks: 1, declared: 1, disabling: 0, posedge: 1, negedge: 0, noedge: 0, bothedge: 0
0.0.B: Trace Attempt  1	[0.00 s]
0.0.B: Trace Attempt  2	[0.00 s]
0.0.Ht: Trace Attempt  1	[0.00 s]
0.0.B: Trace Attempt  3	[0.00 s]
0.0.Ht: Trace Attempt  2	[0.00 s]
0.0.Ht: Trace Attempt  3	[0.00 s]
0.0.B: Trace Attempt  4	[0.00 s]
0.0.Ht: Trace Attempt  4	[0.00 s]
0.0.B: Trace Attempt  5	[0.00 s]
0.0.Ht: Trace Attempt  5	[0.00 s]
0.0.N: Validation of fixpoint was successful. Time = 0.00
0.0.N: Trace Attempt 56	[0.06 s]
0.0.N: A proof was found: No trace exists. [0.07 s]
INFO (IPF057): 0.0.N: The property "my_uart_rx7to7.auto_sva_inst.data_sign_single_cycle" was proven in 0.06 s.
0.0.N: Stopped processing property "my_uart_rx7to7.auto_sva_inst.data_sign_single_cycle"	[0.06 s].
0.0.N: Starting proof for property "my_uart_rx7to7.auto_sva_inst.data_sign_single_cycle:precondition1"	[0.00 s].
0.0.N: Trace Attempt  1	[0.00 s]
0.0.B: Stopped processing property "my_uart_rx7to7.auto_sva_inst.data_sign_single_cycle"	[0.01 s].
0.0.B: Starting proof for property "my_uart_rx7to7.auto_sva_inst.data_sign_single_cycle:precondition1"	[0.00 s].
0.0.N: A max_length bound was found. The shortest trace is no longer than 33554432 cycles. [0.00 s]
INFO (IPF008): 0.0.N: A max_length bound of 33554432 was found for the property "my_uart_rx7to7.auto_sva_inst.data_sign_single_cycle:precondition1" in 0.00 s.
0.0.B: Trace Attempt  1	[0.00 s]
0.0.N: Trace Attempt  2	[0.00 s]
0.0.B: Trace Attempt  2	[0.00 s]
0.0.N: Trace Attempt  2	[0.00 s]
0.0.B: Trace Attempt  3	[0.00 s]
0.0.N: Trace Attempt  3	[0.00 s]
0.0.N: Trace Attempt  4	[0.00 s]
0.0.B: Trace Attempt  4	[0.00 s]
0.0.B: Trace Attempt  5	[0.00 s]
0.0.N: Trace Attempt  4	[0.00 s]
0.0.Hp: Lemmas used(4): ?1 |8
0.0.Hp: A proof was found: No trace exists. [0.07 s]
INFO (IPF057): 0.0.Hp: The property "my_uart_rx7to7.auto_sva_inst.data_sign_no_back_to_back_rise" was proven in 0.07 s.
0.0.Hp: A proof was found: No trace exists. [0.07 s]
INFO (IPF057): 0.0.Hp: The property "my_uart_rx7to7.auto_sva_inst.data_in_stable_when_sign_high" was proven in 0.07 s.
0.0.Hp: A proof was found: No trace exists. [0.07 s]
INFO (IPF057): 0.0.Hp: The property "my_uart_rx7to7.auto_sva_inst.data_in_change_implies_sign_low" was proven in 0.07 s.
0.0.N: Trace Attempt  5	[0.00 s]
0.0.N: Trace Attempt  1	[0.01 s]
0.0.N: Trace Attempt  2	[0.02 s]
0.0.N: Trace Attempt  3	[0.02 s]
0.0.N: Trace Attempt  1	[0.19 s]
0.0.N: Trace Attempt  2	[0.19 s]
0.0.N: Trace Attempt  3	[0.19 s]
0: ProofGrid usable level: 6
0.0.B: Trace Attempt 66	[0.99 s]
0.0.B: Per property time limit expired (1.00 s) [1.00 s]
0.0.B: Stopped processing property "my_uart_rx7to7.auto_sva_inst.data_sign_single_cycle:precondition1"	[1.00 s].
0.0.B: Starting proof for property "my_uart_rx7to7.auto_sva_inst.data_sign_no_back_to_back_rise:precondition1"	[0.00 s].
0.0.B: A max_length bound was found. The shortest trace is no longer than 67108864 cycles. [0.00 s]
INFO (IPF008): 0.0.B: A max_length bound of 67108864 was found for the property "my_uart_rx7to7.auto_sva_inst.data_sign_no_back_to_back_rise:precondition1" in 0.00 s.
0.0.B: Trace Attempt  1	[0.00 s]
0.0.B: Trace Attempt  2	[0.00 s]
0.0.B: Trace Attempt  3	[0.00 s]
0.0.B: Trace Attempt  4	[0.00 s]
0.0.B: Trace Attempt  5	[0.00 s]
0.0.N: Trace Attempt 133	[0.98 s]
0.0.N: Per property time limit expired (1.00 s) [1.00 s]
0.0.N: Stopped processing property "my_uart_rx7to7.auto_sva_inst.data_sign_single_cycle:precondition1"	[1.00 s].
0.0.N: Starting proof for property "my_uart_rx7to7.auto_sva_inst.data_sign_no_back_to_back_rise:precondition1"	[0.00 s].
0.0.N: Trace Attempt  1	[0.00 s]
0.0.N: Trace Attempt  2	[0.00 s]
0.0.N: Trace Attempt  2	[0.00 s]
0.0.N: Trace Attempt  3	[0.00 s]
0.0.N: Trace Attempt  4	[0.00 s]
0.0.N: Trace Attempt  4	[0.00 s]
0.0.N: Trace Attempt  5	[0.00 s]
0.0.N: Trace Attempt  1	[0.02 s]
0.0.N: Trace Attempt  2	[0.02 s]
0.0.N: Trace Attempt  3	[0.02 s]
0.0.N: Trace Attempt  1	[0.19 s]
0.0.N: Trace Attempt  2	[0.19 s]
0.0.N: Trace Attempt  3	[0.19 s]
0.0.B: Trace Attempt 80	[0.97 s]
0.0.B: Per property time limit expired (1.00 s) [1.00 s]
0.0.B: Stopped processing property "my_uart_rx7to7.auto_sva_inst.data_sign_no_back_to_back_rise:precondition1"	[1.00 s].
0.0.B: Starting proof for property "my_uart_rx7to7.auto_sva_inst.data_in_stable_when_sign_high:precondition1"	[0.00 s].
0.0.B: A max_length bound was found. The shortest trace is no longer than 33554432 cycles. [0.00 s]
INFO (IPF008): 0.0.B: A max_length bound of 33554432 was found for the property "my_uart_rx7to7.auto_sva_inst.data_in_stable_when_sign_high:precondition1" in 0.00 s.
0.0.B: Trace Attempt  1	[0.00 s]
0.0.B: Trace Attempt  2	[0.00 s]
0.0.B: Trace Attempt  3	[0.00 s]
0.0.B: Trace Attempt  4	[0.00 s]
0.0.B: Trace Attempt  5	[0.00 s]
0.0.N: Trace Attempt 166	[0.96 s]
0.0.N: Per property time limit expired (1.00 s) [1.00 s]
0.0.N: Stopped processing property "my_uart_rx7to7.auto_sva_inst.data_sign_no_back_to_back_rise:precondition1"	[1.00 s].
0.0.N: Starting proof for property "my_uart_rx7to7.auto_sva_inst.data_in_stable_when_sign_high:precondition1"	[0.00 s].
0.0.N: Trace Attempt  1	[0.00 s]
0.0.N: Trace Attempt  2	[0.00 s]
0.0.N: Trace Attempt  2	[0.00 s]
0.0.N: Trace Attempt  3	[0.00 s]
0.0.N: Trace Attempt  4	[0.00 s]
0.0.N: Trace Attempt  4	[0.00 s]
0.0.N: Trace Attempt  5	[0.00 s]
0.0.N: Trace Attempt  1	[0.03 s]
0.0.N: Trace Attempt  2	[0.03 s]
0.0.N: Trace Attempt  3	[0.03 s]
0.0.B: Trace Attempt 74	[0.95 s]
0.0.B: Per property time limit expired (1.00 s) [1.00 s]
0.0.B: Stopped processing property "my_uart_rx7to7.auto_sva_inst.data_in_stable_when_sign_high:precondition1"	[1.00 s].
0.0.B: Starting proof for property "my_uart_rx7to7.auto_sva_inst.invalid_ctl_forces_sign_low_next"	[0.00 s].
0.0.B: A max_length bound was found. The shortest trace is no longer than 67108864 cycles. [0.00 s]
INFO (IPF008): 0.0.B: A max_length bound of 67108864 was found for the property "my_uart_rx7to7.auto_sva_inst.invalid_ctl_forces_sign_low_next" in 0.00 s.
0.0.B: Trace Attempt  1	[0.00 s]
0.0.B: Trace Attempt  2	[0.00 s]
0.0.B: Trace Attempt  3	[0.00 s]
0.0.B: Trace Attempt  4	[0.00 s]
0.0.B: Trace Attempt  5	[0.00 s]
0.0.N: Trace Attempt 144	[0.99 s]
0.0.N: Per property time limit expired (1.00 s) [1.00 s]
0.0.N: Stopped processing property "my_uart_rx7to7.auto_sva_inst.data_in_stable_when_sign_high:precondition1"	[1.00 s].
0.0.N: Starting proof for property "my_uart_rx7to7.auto_sva_inst.invalid_ctl_forces_sign_low_next"	[0.00 s].
0.0.N: Trace Attempt  1	[0.00 s]
0.0.N: Trace Attempt  2	[0.00 s]
0.0.N: Trace Attempt  2	[0.00 s]
0.0.N: Trace Attempt  3	[0.00 s]
0.0.N: Trace Attempt  3	[0.00 s]
0.0.N: Trace Attempt  4	[0.00 s]
0.0.N: Trace Attempt  5	[0.00 s]
0.0.N: Trace Attempt  1	[0.04 s]
0.0.N: Trace Attempt  2	[0.04 s]
0.0.N: Trace Attempt  3	[0.04 s]
0.0.B: Trace Attempt 65	[0.95 s]
0.0.B: Per property time limit expired (1.00 s) [1.00 s]
0.0.B: Stopped processing property "my_uart_rx7to7.auto_sva_inst.invalid_ctl_forces_sign_low_next"	[1.00 s].
0.0.B: Starting proof for property "my_uart_rx7to7.auto_sva_inst.sign_rise_requires_prev_valid_ctl"	[0.00 s].
0.0.B: A max_length bound was found. The shortest trace is no longer than 134217728 cycles. [0.00 s]
INFO (IPF008): 0.0.B: A max_length bound of 134217728 was found for the property "my_uart_rx7to7.auto_sva_inst.sign_rise_requires_prev_valid_ctl" in 0.00 s.
0.0.B: Trace Attempt  1	[0.00 s]
0.0.B: Trace Attempt  2	[0.00 s]
0.0.B: Trace Attempt  3	[0.00 s]
0.0.B: Trace Attempt  4	[0.00 s]
0.0.B: Trace Attempt  5	[0.00 s]
0.0.N: Stopped processing property "my_uart_rx7to7.auto_sva_inst.invalid_ctl_forces_sign_low_next"	[1.00 s].
0.0.N: Starting proof for property "my_uart_rx7to7.auto_sva_inst.sign_rise_requires_prev_valid_ctl"	[0.00 s].
0.0.N: Trace Attempt  1	[0.00 s]
0.0.N: Trace Attempt  2	[0.00 s]
0.0.N: Trace Attempt  2	[0.00 s]
0.0.N: Trace Attempt  3	[0.00 s]
0.0.N: Trace Attempt  4	[0.00 s]
0.0.N: Trace Attempt  4	[0.00 s]
0.0.N: Trace Attempt  5	[0.00 s]
0.0.N: Trace Attempt  1	[0.04 s]
0.0.N: Trace Attempt  2	[0.04 s]
0.0.N: Trace Attempt  3	[0.04 s]
0.0.B: Trace Attempt 76	[0.99 s]
0.0.B: Per property time limit expired (1.00 s) [1.00 s]
0.0.B: Stopped processing property "my_uart_rx7to7.auto_sva_inst.sign_rise_requires_prev_valid_ctl"	[1.00 s].
0.0.B: Starting proof for property "my_uart_rx7to7.auto_sva_inst.sign_rise_requires_prev_valid_ctl:precondition1"	[0.00 s].
0.0.B: A max_length bound was found. The shortest trace is no longer than 67108864 cycles. [0.00 s]
INFO (IPF008): 0.0.B: A max_length bound of 67108864 was found for the property "my_uart_rx7to7.auto_sva_inst.sign_rise_requires_prev_valid_ctl:precondition1" in 0.00 s.
0.0.B: Trace Attempt  1	[0.00 s]
0.0.B: Trace Attempt  2	[0.00 s]
0.0.B: Trace Attempt  3	[0.00 s]
0.0.B: Trace Attempt  4	[0.00 s]
0.0.B: Trace Attempt  5	[0.00 s]
0.0.N: Stopped processing property "my_uart_rx7to7.auto_sva_inst.sign_rise_requires_prev_valid_ctl"	[1.00 s].
0.0.N: Starting proof for property "my_uart_rx7to7.auto_sva_inst.sign_rise_requires_prev_valid_ctl:precondition1"	[0.00 s].
0.0.N: Trace Attempt  1	[0.00 s]
0.0.N: Trace Attempt  2	[0.00 s]
0.0.N: Trace Attempt  2	[0.00 s]
0.0.N: Trace Attempt  3	[0.00 s]
0.0.N: Trace Attempt  4	[0.00 s]
0.0.N: Trace Attempt  4	[0.00 s]
0.0.N: Trace Attempt  5	[0.00 s]
0.0.N: Trace Attempt  1	[0.01 s]
0.0.N: Trace Attempt  2	[0.01 s]
0.0.N: Trace Attempt  3	[0.01 s]
0.0.N: Trace Attempt  1	[0.90 s]
0.0.N: Trace Attempt  2	[0.90 s]
0.0.N: Trace Attempt  3	[0.90 s]
0.0.B: Trace Attempt 69	[0.96 s]
0.0.B: Per property time limit expired (1.00 s) [1.00 s]
0.0.B: Stopped processing property "my_uart_rx7to7.auto_sva_inst.sign_rise_requires_prev_valid_ctl:precondition1"	[1.00 s].
0.0.B: Next scan (1) will use per property time limit: 1s * 10 ^ 1 = 10s
0.0.B: Starting proof for property "my_uart_rx7to7.auto_sva_inst.data_sign_single_cycle:precondition1"	[0.00 s].
0.0.B: Trace Attempt  1	[0.00 s]
0.0.B: Trace Attempt  2	[0.00 s]
0.0.B: Trace Attempt  3	[0.00 s]
0.0.B: Trace Attempt  4	[0.00 s]
0.0.B: Trace Attempt  5	[0.00 s]
0.0.N: Stopped processing property "my_uart_rx7to7.auto_sva_inst.sign_rise_requires_prev_valid_ctl:precondition1"	[1.00 s].
0.0.N: Next scan (1) will use per property time limit: 1s * 10 ^ 1 = 10s
0.0.N: Starting proof for property "my_uart_rx7to7.auto_sva_inst.data_sign_single_cycle:precondition1"	[0.00 s].
0.0.N: Trace Attempt  1	[0.16 s]
0.0.N: Trace Attempt  2	[0.16 s]
0.0.N: Trace Attempt  3	[0.16 s]
0.0.B: Trace Attempt 102	[4.05 s]
0.0.Ht: Trace Attempt 134	[10.70 s]
0.0.B: Trace Attempt 139	[8.07 s]
0.0.B: Trace Attempt 150	[9.81 s]
0.0.B: Per property time limit expired (10.00 s) [10.01 s]
0.0.B: Stopped processing property "my_uart_rx7to7.auto_sva_inst.data_sign_single_cycle:precondition1"	[10.01 s].
0.0.B: Starting proof for property "my_uart_rx7to7.auto_sva_inst.data_sign_no_back_to_back_rise:precondition1"	[0.00 s].
0.0.B: Trace Attempt  1	[0.00 s]
0.0.B: Trace Attempt  2	[0.00 s]
0.0.B: Trace Attempt  3	[0.00 s]
0.0.B: Trace Attempt  4	[0.00 s]
0.0.B: Trace Attempt  5	[0.00 s]
0.0.N: Trace Attempt 169	[1.75 s]
0.0.N: Per property time limit expired (10.00 s) [10.02 s]
0.0.N: Stopped processing property "my_uart_rx7to7.auto_sva_inst.data_sign_single_cycle:precondition1"	[10.02 s].
0.0.N: Starting proof for property "my_uart_rx7to7.auto_sva_inst.data_sign_no_back_to_back_rise:precondition1"	[0.00 s].
0.0.N: Trace Attempt 24	[0.00 s]
0.0.N: Trace Attempt  1	[0.16 s]
0.0.N: Trace Attempt  2	[0.16 s]
0.0.N: Trace Attempt  3	[0.16 s]
0.0.Ht: Trace Attempt 167	[16.58 s]
0.0.B: Trace Attempt 121	[4.12 s]
0.0.Ht: Trace Attempt 193	[20.59 s]
0.0.B: Trace Attempt 158	[8.20 s]
0.0.Ht: Trace Attempt 218	[24.84 s]
0.0.N: Trace Attempt 173	[9.32 s]
0.0.N: Trace Attempt  1	[9.60 s]
0.0.N: Trace Attempt  2	[9.60 s]
0.0.N: Trace Attempt  3	[9.60 s]
0.0.B: Trace Attempt 170	[9.89 s]
0.0.B: Per property time limit expired (10.00 s) [10.01 s]
0.0.B: Stopped processing property "my_uart_rx7to7.auto_sva_inst.data_sign_no_back_to_back_rise:precondition1"	[10.01 s].
0.0.B: Starting proof for property "my_uart_rx7to7.auto_sva_inst.data_in_stable_when_sign_high:precondition1"	[0.00 s].
0.0.B: Trace Attempt  1	[0.00 s]
0.0.B: Trace Attempt  2	[0.00 s]
0.0.B: Trace Attempt  3	[0.00 s]
0.0.B: Trace Attempt  4	[0.00 s]
0.0.B: Trace Attempt  5	[0.00 s]
0.0.N: Stopped processing property "my_uart_rx7to7.auto_sva_inst.data_sign_no_back_to_back_rise:precondition1"	[10.00 s].
0.0.N: Starting proof for property "my_uart_rx7to7.auto_sva_inst.data_in_stable_when_sign_high:precondition1"	[0.00 s].
0.0.N: Trace Attempt  1	[0.02 s]
0.0.N: Trace Attempt  2	[0.02 s]
0.0.N: Trace Attempt  3	[0.02 s]
0.0.Ht: Trace Attempt 235	[28.88 s]
0.0.B: Trace Attempt 107	[4.03 s]
0.0.Ht: Trace Attempt 246	[32.98 s]
0.0.B: Trace Attempt 144	[8.14 s]
0.0.N: Trace Attempt 167	[9.96 s]
0.0.B: Trace Attempt 157	[9.86 s]
0.0.B: Per property time limit expired (10.00 s) [10.01 s]
0.0.B: Stopped processing property "my_uart_rx7to7.auto_sva_inst.data_in_stable_when_sign_high:precondition1"	[10.01 s].
0.0.N: Per property time limit expired (10.00 s) [10.00 s]
0.0.N: Stopped processing property "my_uart_rx7to7.auto_sva_inst.data_in_stable_when_sign_high:precondition1"	[10.00 s].
0.0.N: Starting proof for property "my_uart_rx7to7.auto_sva_inst.invalid_ctl_forces_sign_low_next"	[0.00 s].
0.0.B: Starting proof for property "my_uart_rx7to7.auto_sva_inst.invalid_ctl_forces_sign_low_next"	[0.00 s].
0.0.B: Trace Attempt  1	[0.00 s]
0.0.B: Trace Attempt  2	[0.00 s]
0.0.B: Trace Attempt  3	[0.00 s]
0.0.B: Trace Attempt  4	[0.00 s]
0.0.B: Trace Attempt  5	[0.00 s]
0.0.N: Trace Attempt  1	[0.03 s]
0.0.N: Trace Attempt  2	[0.03 s]
0.0.N: Trace Attempt  3	[0.03 s]
0.0.Ht: Trace Attempt 259	[37.12 s]
0.0.B: Trace Attempt 107	[4.02 s]
0.0.N: Trace Attempt 355	[4.04 s]
0.0.Ht: Trace Attempt 268	[42.03 s]
0.0.B: Trace Attempt 143	[8.11 s]
0.0.N: Trace Attempt 473	[8.23 s]
0.0.B: Trace Attempt 156	[9.97 s]
0.0.B: Per property time limit expired (10.00 s) [10.01 s]
0.0.B: Stopped processing property "my_uart_rx7to7.auto_sva_inst.invalid_ctl_forces_sign_low_next"	[10.01 s].
0.0.B: Starting proof for property "my_uart_rx7to7.auto_sva_inst.sign_rise_requires_prev_valid_ctl"	[0.00 s].
0.0.B: Trace Attempt  1	[0.00 s]
0.0.B: Trace Attempt  2	[0.00 s]
0.0.B: Trace Attempt  3	[0.00 s]
0.0.B: Trace Attempt  4	[0.00 s]
0.0.B: Trace Attempt  5	[0.00 s]
0.0.N: Trace Attempt 485	[9.72 s]
0.0.N: Per property time limit expired (10.00 s) [10.03 s]
0.0.N: Stopped processing property "my_uart_rx7to7.auto_sva_inst.invalid_ctl_forces_sign_low_next"	[10.03 s].
0.0.N: Starting proof for property "my_uart_rx7to7.auto_sva_inst.sign_rise_requires_prev_valid_ctl"	[0.00 s].
0.0.N: Trace Attempt 13	[0.00 s]
0.0.N: Trace Attempt  1	[0.03 s]
0.0.N: Trace Attempt  2	[0.03 s]
0.0.N: Trace Attempt  3	[0.03 s]
0.0.Ht: Trace Attempt 285	[46.26 s]
0.0.B: Trace Attempt 120	[4.06 s]
0.0.Ht: Trace Attempt 296	[50.89 s]
0.0.B: Trace Attempt 154	[8.16 s]
0.0.Ht: Trace Attempt 308	[55.12 s]
0.0.B: Trace Attempt 163	[9.82 s]
0.0.B: Per property time limit expired (10.00 s) [10.01 s]
0.0.B: Stopped processing property "my_uart_rx7to7.auto_sva_inst.sign_rise_requires_prev_valid_ctl"	[10.01 s].
0.0.B: Starting proof for property "my_uart_rx7to7.auto_sva_inst.sign_rise_requires_prev_valid_ctl:precondition1"	[0.00 s].
0.0.B: Trace Attempt  1	[0.00 s]
0.0.B: Trace Attempt  2	[0.00 s]
0.0.B: Trace Attempt  3	[0.00 s]
0.0.B: Trace Attempt  4	[0.00 s]
0.0.B: Trace Attempt  5	[0.00 s]
0.0.N: Stopped processing property "my_uart_rx7to7.auto_sva_inst.sign_rise_requires_prev_valid_ctl"	[10.01 s].
0.0.N: Starting proof for property "my_uart_rx7to7.auto_sva_inst.sign_rise_requires_prev_valid_ctl:precondition1"	[0.00 s].
0.0.N: Trace Attempt  1	[0.85 s]
0.0.N: Trace Attempt  2	[0.85 s]
0.0.N: Trace Attempt  3	[0.85 s]
0.0.Ht: Trace Attempt 317	[59.43 s]
0.0.B: Trace Attempt 104	[4.02 s]
0.0.N: Trace Attempt 377	[5.46 s]
0.0.Ht: Trace Attempt 331	[63.72 s]
0.0.B: Trace Attempt 146	[8.12 s]
0.0.N: Trace Attempt 489	[9.47 s]
0.0.B: Trace Attempt 159	[9.95 s]
0.0.B: Per property time limit expired (10.00 s) [10.01 s]
0.0.B: Stopped processing property "my_uart_rx7to7.auto_sva_inst.sign_rise_requires_prev_valid_ctl:precondition1"	[10.01 s].
0.0.B: Next scan (2) will use per property time limit: 1s * 10 ^ 2 = 100s
0.0.B: Starting proof for property "my_uart_rx7to7.auto_sva_inst.data_sign_single_cycle:precondition1"	[0.00 s].
0.0.B: Trace Attempt  1	[0.00 s]
0.0.B: Trace Attempt  2	[0.00 s]
0.0.B: Trace Attempt  3	[0.00 s]
0.0.B: Trace Attempt  4	[0.00 s]
0.0.B: Trace Attempt  5	[0.00 s]
0.0.N: Stopped processing property "my_uart_rx7to7.auto_sva_inst.sign_rise_requires_prev_valid_ctl:precondition1"	[10.02 s].
0.0.N: Next scan (2) will use per property time limit: 1s * 10 ^ 2 = 100s
0.0.N: Starting proof for property "my_uart_rx7to7.auto_sva_inst.data_sign_single_cycle:precondition1"	[0.00 s].
0.0.B: Trace Attempt 101	[4.08 s]
0.0.Ht: Trace Attempt 342	[70.16 s]
0.0.B: Trace Attempt 138	[8.13 s]
0.0.Ht: Trace Attempt 360	[74.41 s]
0.0.N: Trace Attempt  1	[11.13 s]
0.0.N: Trace Attempt  2	[11.13 s]
0.0.N: Trace Attempt  3	[11.14 s]
0.0.B: Trace Attempt 163	[12.14 s]
0.0.Ht: Trace Attempt 372	[78.54 s]
0.0.B: Trace Attempt 187	[16.21 s]
0.0.Ht: Trace Attempt 382	[82.82 s]
0.0.B: Trace Attempt 208	[20.31 s]
0.0.Ht: Trace Attempt 393	[87.22 s]
0.0.B: Trace Attempt 226	[24.51 s]
0.0.Ht: Trace Attempt 403	[91.28 s]
0.0.N: Trace Attempt 171	[28.55 s]
0.0.B: Trace Attempt 240	[28.73 s]
0.0.N: Trace Attempt  1	[29.14 s]
0.0.N: Trace Attempt  2	[29.14 s]
0.0.N: Trace Attempt  3	[29.14 s]
0.0.Ht: Trace Attempt 419	[95.30 s]
0.0.B: Trace Attempt 252	[33.02 s]
0.0.N: Trace Attempt 356	[33.15 s]
0.0.Ht: Trace Attempt 442	[99.61 s]
0.0.B: Trace Attempt 263	[37.14 s]
0.0.N: Trace Attempt 474	[37.69 s]
0.0.Ht: Trace Attempt 456	[105.27 s]
0.0.B: Trace Attempt 272	[41.44 s]
0.0.Ht: Trace Attempt 471	[109.52 s]
0.0.N: Trace Attempt 679	[45.54 s]
0.0.Ht: Trace Attempt 483	[114.28 s]
0.0.N: Trace Attempt 739	[49.75 s]
0.0.N: Trace Attempt 904	[53.78 s]
0.0.Ht: Trace Attempt 495	[120.03 s]
0.0.B: Trace Attempt 274	[55.67 s]
0.0.N: Trace Attempt 1185	[57.78 s]
0.0.N: Trace Attempt 1523	[61.79 s]
0.0.N: Trace Attempt 1837	[65.84 s]
0.0.N: Trace Attempt 2213	[69.93 s]
0.0.N: Trace Attempt 2262	[74.16 s]
0.0.B: Trace Attempt 275	[74.55 s]
0.0.N: Trace Attempt 2280	[78.93 s]
0.0.B: Trace Attempt 276	[83.93 s]
0.0.N: Trace Attempt 2299	[83.92 s]
0.0.N: Trace Attempt 2307	[88.03 s]
0.0.B: Trace Attempt 278	[89.95 s]
0.0.N: Trace Attempt 2320	[92.45 s]
0.0.B: Trace Attempt 292	[94.14 s]
0.0.N: Trace Attempt 2325	[97.11 s]
0.0.B: Trace Attempt 309	[98.26 s]
0.0.B: Trace Attempt 315	[99.70 s]
0.0.B: Per property time limit expired (100.00 s) [100.02 s]
0.0.B: Stopped processing property "my_uart_rx7to7.auto_sva_inst.data_sign_single_cycle:precondition1"	[100.02 s].
0.0.B: Starting proof for property "my_uart_rx7to7.auto_sva_inst.data_sign_no_back_to_back_rise:precondition1"	[0.00 s].
0.0.B: Trace Attempt  1	[0.00 s]
0.0.B: Trace Attempt  2	[0.00 s]
0.0.B: Trace Attempt  3	[0.00 s]
0.0.B: Trace Attempt  4	[0.00 s]
0.0.B: Trace Attempt  5	[0.00 s]
0.0.N: Stopped processing property "my_uart_rx7to7.auto_sva_inst.data_sign_single_cycle:precondition1"	[100.14 s].
0.0.N: Starting proof for property "my_uart_rx7to7.auto_sva_inst.data_sign_no_back_to_back_rise:precondition1"	[0.00 s].
0.0.B: Trace Attempt 120	[4.09 s]
0.0.B: Trace Attempt 157	[8.19 s]
0.0.N: Trace Attempt  1	[8.72 s]
0.0.N: Trace Attempt  2	[8.72 s]
0.0.N: Trace Attempt  3	[8.72 s]
0.0.B: Trace Attempt 184	[12.23 s]
0.0.B: Trace Attempt 208	[16.48 s]
0.0.N: Stopped processing property "my_uart_rx7to7.auto_sva_inst.data_sign_no_back_to_back_rise:precondition1"	[19.70 s].
0.0.N: Morphing to AM
0.0.N: Trace Attempt 173	[9.70 s]
0.0.N: All properties determined. [0.00 s]
0.0.N: Exited with Success (@ 0.00 s)
0.0.AM: clocks: 1, declared: 1, disabling: 0, posedge: 1, negedge: 0, noedge: 0, bothedge: 0
0.0.AM: Starting proof for property "my_uart_rx7to7.auto_sva_inst.data_in_stable_when_sign_high:precondition1"	[0.00 s].
0.0.AM: Trace Attempt  1	[0.00 s]
0.0.AM: Trace Attempt  2	[0.00 s]
0.0.AM: Trace Attempt  3	[0.00 s]
0.0.AM: Trace Attempt  4	[0.00 s]
0.0.AM: Trace Attempt  5	[0.00 s]
0.0.AM: Trace Attempt  1	[0.01 s]
0.0.AM: Trace Attempt  2	[0.01 s]
0.0.AM: Trace Attempt  3	[0.01 s]
0.0.B: Stopped processing property "my_uart_rx7to7.auto_sva_inst.data_sign_no_back_to_back_rise:precondition1"	[19.87 s].
0.0.B: Morphing to Hts
0.0.B: Trace Attempt 220	[19.84 s]
0.0.B: All properties determined. [0.00 s]
0.0.B: Exited with Success (@ 0.00 s)
0.0.Hts: clocks: 1, declared: 1, disabling: 0, posedge: 1, negedge: 0, noedge: 0, bothedge: 0
0.0.Hts: Starting proof for property "my_uart_rx7to7.auto_sva_inst.data_in_stable_when_sign_high:precondition1"	[0.00 s].
0.0.Hts: Trace Attempt  1	[0.00 s]
0.0.Hts: Trace Attempt  2	[0.00 s]
0.0.Hts: Trace Attempt  3	[0.00 s]
0.0.Hts: Trace Attempt  4	[0.00 s]
0.0.Hts: Trace Attempt  5	[0.00 s]
0.0.AM: Trace Attempt  1	[0.15 s]
0.0.AM: Trace Attempt  2	[0.15 s]
0.0.AM: Trace Attempt  3	[0.15 s]
0.0.AM: Trace Attempt 66	[1.00 s]
0.0.AM: Per property time limit expired (1.00 s) [1.00 s]
0.0.AM: Stopped processing property "my_uart_rx7to7.auto_sva_inst.data_in_stable_when_sign_high:precondition1"	[1.00 s].
0.0.AM: Starting proof for property "my_uart_rx7to7.auto_sva_inst.sign_rise_requires_prev_valid_ctl"	[0.00 s].
0.0.AM: Trace Attempt  1	[0.00 s]
0.0.AM: Trace Attempt  2	[0.00 s]
0.0.AM: Trace Attempt  3	[0.00 s]
0.0.AM: Trace Attempt  4	[0.00 s]
0.0.AM: Trace Attempt  5	[0.00 s]
0.0.AM: Trace Attempt  1	[0.01 s]
0.0.AM: Trace Attempt  2	[0.01 s]
0.0.AM: Trace Attempt  3	[0.01 s]
0.0.Hts: Trace Attempt 949	[0.51 s]
0.0.Hts: Per property time limit expired (0.99 s) [1.00 s]
0.0.Hts: Stopped processing property "my_uart_rx7to7.auto_sva_inst.data_in_stable_when_sign_high:precondition1"	[1.00 s].
0.0.Hts: Starting proof for property "my_uart_rx7to7.auto_sva_inst.sign_rise_requires_prev_valid_ctl"	[0.00 s].
0.0.AM: Trace Attempt  1	[0.14 s]
0.0.AM: Trace Attempt  2	[0.14 s]
0.0.AM: Trace Attempt  3	[0.14 s]
0.0.Hts: Trace Attempt  1	[0.19 s]
0.0.Hts: Trace Attempt  2	[0.19 s]
0.0.Hts: Trace Attempt  3	[0.19 s]
0.0.Hts: Trace Attempt  4	[0.19 s]
0.0.Hts: Trace Attempt  5	[0.19 s]
0.0.AM: Trace Attempt 72	[1.00 s]
0.0.AM: Per property time limit expired (1.00 s) [1.00 s]
0.0.AM: Stopped processing property "my_uart_rx7to7.auto_sva_inst.sign_rise_requires_prev_valid_ctl"	[1.00 s].
0.0.AM: Starting proof for property "my_uart_rx7to7.auto_sva_inst.data_sign_no_back_to_back_rise:precondition1"	[0.00 s].
0.0.AM: Trace Attempt  1	[0.00 s]
0.0.AM: Trace Attempt  2	[0.00 s]
0.0.AM: Trace Attempt  3	[0.00 s]
0.0.AM: Trace Attempt  4	[0.00 s]
0.0.AM: Trace Attempt  5	[0.00 s]
0.0.Hts: Stopped processing property "my_uart_rx7to7.auto_sva_inst.sign_rise_requires_prev_valid_ctl"	[0.99 s].
0.0.Hts: Starting proof for property "my_uart_rx7to7.auto_sva_inst.data_sign_no_back_to_back_rise:precondition1"	[0.00 s].
0.0.AM: Trace Attempt  1	[0.01 s]
0.0.AM: Trace Attempt  2	[0.01 s]
0.0.AM: Trace Attempt  3	[0.01 s]
0.0.AM: Trace Attempt  1	[0.08 s]
0.0.AM: Trace Attempt  2	[0.08 s]
0.0.AM: Trace Attempt  3	[0.08 s]
0.0.Hts: Trace Attempt  1	[0.19 s]
0.0.Hts: Trace Attempt  2	[0.19 s]
0.0.Hts: Trace Attempt  3	[0.19 s]
0.0.Hts: Trace Attempt  4	[0.19 s]
0.0.Hts: Trace Attempt  5	[0.19 s]
0.0.AM: Trace Attempt  1	[0.44 s]
0.0.AM: Trace Attempt  2	[0.44 s]
0.0.AM: Trace Attempt  3	[0.44 s]
0.0.AM: Stopped processing property "my_uart_rx7to7.auto_sva_inst.data_sign_no_back_to_back_rise:precondition1"	[2.45 s].
0.0.AM: Morphing to I
0.0.AM: Trace Attempt 126	[2.44 s]
0.0.AM: All properties determined. [0.00 s]
0.0.AM: Exited with Success (@ 0.00 s)
0.0.I: clocks: 1, declared: 1, disabling: 0, posedge: 1, negedge: 0, noedge: 0, bothedge: 0
0.0.I: Starting proof for property "my_uart_rx7to7.auto_sva_inst.data_in_stable_when_sign_high:precondition1"	[0.00 s].
0.0.I: Trace Attempt 14	[0.00 s]
0.0.Hts: Stopped processing property "my_uart_rx7to7.auto_sva_inst.data_sign_no_back_to_back_rise:precondition1"	[2.45 s].
0.0.Hts: Morphing to AB
0.0.Hts: Trace Attempt 949	[0.64 s]
0.0.Hts: All properties determined. [0.00 s]
0.0.Hts: Exited with Success (@ 0.00 s)
0.0.AB: clocks: 1, declared: 1, disabling: 0, posedge: 1, negedge: 0, noedge: 0, bothedge: 0
0.0.AB: Starting proof for property "my_uart_rx7to7.auto_sva_inst.data_in_stable_when_sign_high:precondition1"	[0.00 s].
0.0.AB: Trace Attempt  1	[0.00 s]
0.0.AB: Trace Attempt  2	[0.00 s]
0.0.AB: Trace Attempt  3	[0.00 s]
0.0.AB: Trace Attempt  4	[0.00 s]
0.0.AB: Trace Attempt  5	[0.00 s]
0.0.AB: Trace Attempt  1	[0.01 s]
0.0.AB: Trace Attempt  2	[0.01 s]
0.0.AB: Trace Attempt  3	[0.01 s]
0.0.AB: Trace Attempt  4	[0.01 s]
0.0.AB: Trace Attempt  5	[0.02 s]
0.0.I: Trace Attempt  1	[0.03 s]
0.0.I: Trace Attempt  2	[0.03 s]
0.0.I: Trace Attempt  3	[0.03 s]
0.0.I: Trace Attempt  4	[0.03 s]
0.0.I: Trace Attempt 34	[0.39 s]
0.0.I: Per property time limit expired (2.00 s) [2.00 s]
0.0.I: Stopped processing property "my_uart_rx7to7.auto_sva_inst.data_in_stable_when_sign_high:precondition1"	[2.00 s].
0.0.AB: Trace Attempt 31	[2.00 s]
0.0.AB: Per property time limit expired (2.00 s) [2.00 s]
0.0.AB: Stopped processing property "my_uart_rx7to7.auto_sva_inst.data_in_stable_when_sign_high:precondition1"	[2.00 s].
0.0.AB: Starting proof for property "my_uart_rx7to7.auto_sva_inst.invalid_ctl_forces_sign_low_next"	[0.00 s].
0.0.I: Starting proof for property "my_uart_rx7to7.auto_sva_inst.invalid_ctl_forces_sign_low_next"	[0.00 s].
0.0.AB: Trace Attempt  1	[0.00 s]
0.0.AB: Trace Attempt  2	[0.00 s]
0.0.AB: Trace Attempt  3	[0.00 s]
0.0.I: Trace Attempt 10	[0.00 s]
0.0.AB: Trace Attempt  4	[0.00 s]
0.0.AB: Trace Attempt  5	[0.00 s]
0.0.I: Trace Attempt  1	[0.01 s]
0.0.I: Trace Attempt  2	[0.01 s]
0.0.I: Trace Attempt  3	[0.01 s]
0.0.AB: Trace Attempt  1	[0.01 s]
0.0.AB: Trace Attempt  2	[0.01 s]
0.0.AB: Trace Attempt  3	[0.01 s]
0.0.AB: Trace Attempt  4	[0.01 s]
0.0.AB: Trace Attempt  5	[0.01 s]
0.0.I: Trace Attempt  4	[0.01 s]
0.0.AB: Trace Attempt  1	[0.04 s]
0.0.AB: Trace Attempt  2	[0.04 s]
0.0.AB: Trace Attempt  3	[0.04 s]
0.0.AB: Trace Attempt  4	[0.04 s]
0.0.AB: Trace Attempt  5	[0.04 s]
0.0.AB: Trace Attempt  1	[0.56 s]
0.0.AB: Trace Attempt  2	[0.56 s]
0.0.AB: Trace Attempt  3	[0.56 s]
0.0.AB: Trace Attempt  4	[0.56 s]
0.0.AB: Trace Attempt  5	[0.56 s]
0.0.I: Trace Attempt 42	[1.93 s]
0.0.I: Per property time limit expired (2.00 s) [2.00 s]
0.0.I: Stopped processing property "my_uart_rx7to7.auto_sva_inst.invalid_ctl_forces_sign_low_next"	[2.00 s].
0.0.AB: Trace Attempt 43	[1.90 s]
0.0.AB: Per property time limit expired (2.00 s) [2.00 s]
0.0.AB: Stopped processing property "my_uart_rx7to7.auto_sva_inst.invalid_ctl_forces_sign_low_next"	[2.00 s].
0.0.I: Starting proof for property "my_uart_rx7to7.auto_sva_inst.data_sign_no_back_to_back_rise:precondition1"	[0.00 s].
0.0.AB: Starting proof for property "my_uart_rx7to7.auto_sva_inst.data_sign_no_back_to_back_rise:precondition1"	[0.00 s].
0.0.AB: Trace Attempt  1	[0.00 s]
0.0.AB: Trace Attempt  2	[0.00 s]
0.0.AB: Trace Attempt  3	[0.00 s]
0.0.AB: Trace Attempt  4	[0.00 s]
0.0.AB: Trace Attempt  5	[0.00 s]
0.0.AB: Trace Attempt  1	[0.01 s]
0.0.AB: Trace Attempt  2	[0.01 s]
0.0.AB: Trace Attempt  3	[0.02 s]
0.0.I: Trace Attempt 173	[0.02 s]
0.0.AB: Trace Attempt  4	[0.02 s]
0.0.AB: Trace Attempt  5	[0.02 s]
0.0.AB: Trace Attempt  1	[0.14 s]
0.0.AB: Trace Attempt  2	[0.14 s]
0.0.AB: Trace Attempt  3	[0.14 s]
0.0.AB: Trace Attempt  4	[0.14 s]
0.0.AB: Trace Attempt  5	[0.14 s]
0.0.AB: Trace Attempt  1	[0.89 s]
0.0.AB: Trace Attempt  2	[0.89 s]
0.0.AB: Trace Attempt  3	[0.90 s]
0.0.AB: Trace Attempt  4	[0.90 s]
0.0.AB: Trace Attempt  5	[0.90 s]
0.0.AB: Stopped processing property "my_uart_rx7to7.auto_sva_inst.data_sign_no_back_to_back_rise:precondition1"	[1.55 s].
0.0.AB: Morphing to Hts
0.0.AB: Trace Attempt 73	[1.54 s]
0.0.AB: All properties determined. [0.00 s]
0.0.AB: Exited with Success (@ 0.00 s)
0.0.Hts: Starting proof for property "my_uart_rx7to7.auto_sva_inst.data_sign_single_cycle:precondition1"	[0.00 s].
0.0.I: Stopped processing property "my_uart_rx7to7.auto_sva_inst.data_sign_no_back_to_back_rise:precondition1"	[1.55 s].
0.0.I: Morphing to Tri
0.0.I: All properties determined. [0.00 s]
0.0.I: Exited with Success (@ 0.00 s)
0.0.Tri: clocks: 1, declared: 1, disabling: 0, posedge: 1, negedge: 0, noedge: 0, bothedge: 0
0.0.Tri: Starting proof for property "my_uart_rx7to7.auto_sva_inst.data_sign_single_cycle:precondition1"	[0.00 s].
0.0.Tri: Trace Attempt  1	[0.00 s]
0.0.Hts: Trace Attempt  1	[0.18 s]
0.0.Hts: Trace Attempt  2	[0.18 s]
0.0.Hts: Trace Attempt  3	[0.18 s]
0.0.Hts: Trace Attempt  4	[0.18 s]
0.0.Hts: Trace Attempt  5	[0.18 s]
0.0.Tri:    0.00" ---- Launching main thread ----
0.0.Tri:    0.32" ---- Launching abstraction thread ----
0.0.Tri:    0.36" ---- Launching multi-phase simplification thread ----
0.0.Tri: Trace Attempt  2	[0.57 s]
0.0.Tri: Trace Attempt  3	[0.57 s]
0.0.Tri: Trace Attempt  4	[0.57 s]
0.0.Tri: Trace Attempt  5	[0.57 s]
0.0.Tri:    1.37" Simplification phase 1 complete
0.0.Tri:    2.69" Simplification phase 2 complete
0.0.Tri:    2.76" Simplification phase 3 complete
   2.76" ---- Completed simplification thread ----
   2.76" ---- Restarting main thread on simplified netlist ----
0.0.Tri:    2.98" ---- Restarting abstraction thread on simplified netlist ----
0.0.Hts: Trace Attempt 2329	[1.41 s]
0.0.Hts: Per property time limit expired (4.00 s) [4.01 s]
0.0.Hts: Stopped processing property "my_uart_rx7to7.auto_sva_inst.data_sign_single_cycle:precondition1"	[4.01 s].
0.0.Hts: Starting proof for property "my_uart_rx7to7.auto_sva_inst.invalid_ctl_forces_sign_low_next"	[0.00 s].
0.0.Tri: Stopped processing property "my_uart_rx7to7.auto_sva_inst.data_sign_single_cycle:precondition1"	[3.94 s].
0.0.Tri: Starting proof for property "my_uart_rx7to7.auto_sva_inst.invalid_ctl_forces_sign_low_next"	[0.00 s].
0.0.Tri: Trace Attempt  1	[0.00 s]
0.0.Tri:    3.79" ---- Launching main thread ----
0.0.Tri:    4.01" ---- Launching abstraction thread ----
0.0.Tri:    4.04" ---- Launching multi-phase simplification thread ----
0.0.Tri: Trace Attempt  2	[0.32 s]
0.0.Tri: Trace Attempt  3	[0.32 s]
0.0.Tri: Trace Attempt  4	[0.32 s]
0.0.Tri: Trace Attempt  5	[0.32 s]
0.0.Hts: Trace Attempt  1	[0.42 s]
0.0.Hts: Trace Attempt  2	[0.42 s]
0.0.Hts: Trace Attempt  3	[0.42 s]
0.0.Hts: Trace Attempt  4	[0.42 s]
0.0.Hts: Trace Attempt  5	[0.42 s]
0.0.Tri:    5.04" Simplification phase 1 complete
0.0.Tri:    5.10" Simplification phase 2 complete
0.0.Tri:    5.17" Simplification phase 3 complete
   5.17" ---- Completed simplification thread ----
   5.17" ---- Restarting main thread on simplified netlist ----
0.0.Tri:    5.40" ---- Restarting abstraction thread on simplified netlist ----
0.0.Tri: Trace Attempt 3337	[3.45 s]
0.0.Tri: Per property time limit expired (4.00 s) [4.05 s]
0.0.Tri: Stopped processing property "my_uart_rx7to7.auto_sva_inst.invalid_ctl_forces_sign_low_next"	[4.06 s].
0.0.Tri: Starting proof for property "my_uart_rx7to7.auto_sva_inst.data_sign_no_back_to_back_rise:precondition1"	[0.00 s].
0.0.Tri: Trace Attempt  1	[0.00 s]
0.0.Tri:    7.85" ---- Launching main thread ----
0.0.Tri:    8.07" ---- Launching abstraction thread ----
0.0.Tri:    8.11" ---- Launching multi-phase simplification thread ----
0.0.Tri: Trace Attempt  2	[0.32 s]
0.0.Tri: Trace Attempt  3	[0.32 s]
0.0.Tri: Trace Attempt  4	[0.32 s]
0.0.Tri: Trace Attempt  5	[0.32 s]
0.0.Tri: Stopped processing property "my_uart_rx7to7.auto_sva_inst.data_sign_no_back_to_back_rise:precondition1"	[0.87 s].
0.0.Tri: Morphing to D
0.0.Tri: Trace Attempt 1343	[0.86 s]
0.0.Tri: All properties determined. [0.00 s]
0.0.Tri: Exited with Success (@ 0.00 s)
0.0.D: clocks: 1, declared: 1, disabling: 0, posedge: 1, negedge: 0, noedge: 0, bothedge: 0
0.0.D: Starting proof for property "my_uart_rx7to7.auto_sva_inst.sign_rise_requires_prev_valid_ctl"	[0.00 s].
0.0.D: Trace Attempt  1	[0.00 s]
0.0.D: Trace Attempt  2	[0.00 s]
0.0.D: Trace Attempt  3	[0.00 s]
0.0.D: Trace Attempt  4	[0.00 s]
0.0.D: Trace Attempt  5	[0.01 s]
0.0.Hts: Trace Attempt 2102	[1.57 s]
0.0.Hts: Per property time limit expired (4.00 s) [12.64 s]
0.0.Hts: Stopped processing property "my_uart_rx7to7.auto_sva_inst.invalid_ctl_forces_sign_low_next"	[12.65 s].
0.0.Hts: Morphing to AD
0.0.Hts: All properties determined. [0.00 s]
0.0.Hts: Exited with Success (@ 0.00 s)
0.0.AD: clocks: 1, declared: 1, disabling: 0, posedge: 1, negedge: 0, noedge: 0, bothedge: 0
0.0.AD: Starting proof for property "my_uart_rx7to7.auto_sva_inst.sign_rise_requires_prev_valid_ctl"	[0.00 s].
0.0.AD: Trace Attempt  1	[0.00 s]
0.0.AD: Trace Attempt  2	[0.00 s]
0.0.AD: Trace Attempt  3	[0.00 s]
0.0.AD: Trace Attempt  4	[0.00 s]
0.0.AD: Trace Attempt  5	[0.00 s]
0.0.AD: Trace Attempt  1	[0.01 s]
0.0.AD: Trace Attempt  2	[0.01 s]
0.0.AD: Trace Attempt  3	[0.01 s]
0.0.AD: Trace Attempt  4	[0.02 s]
0.0.AD: Trace Attempt 25	[0.26 s]
0.0.AD: Per property time limit expired (0.30 s) [0.30 s]
0.0.AD: Stopped processing property "my_uart_rx7to7.auto_sva_inst.sign_rise_requires_prev_valid_ctl"	[0.30 s].
0.0.AD: Starting proof for property "my_uart_rx7to7.auto_sva_inst.invalid_ctl_forces_sign_low_next"	[0.00 s].
0.0.AD: Trace Attempt  1	[0.00 s]
0.0.D: Trace Attempt 41	[1.72 s]
0.0.D: Per property time limit expired (7.98 s) [7.99 s]
0.0.D: Stopped processing property "my_uart_rx7to7.auto_sva_inst.sign_rise_requires_prev_valid_ctl"	[7.99 s].
0.0.D: Starting proof for property "my_uart_rx7to7.auto_sva_inst.invalid_ctl_forces_sign_low_next"	[0.00 s].
0.0.D: Trace Attempt  1	[0.00 s]
0.0.AD: Trace Attempt  2	[0.00 s]
0.0.AD: Trace Attempt  3	[0.00 s]
0.0.D: Trace Attempt  2	[0.00 s]
0.0.AD: Trace Attempt  4	[0.00 s]
0.0.AD: Trace Attempt  5	[0.00 s]
0.0.D: Trace Attempt  3	[0.00 s]
0.0.D: Trace Attempt  4	[0.00 s]
0.0.D: Trace Attempt  5	[0.01 s]
0.0.AD: Trace Attempt  1	[0.02 s]
0.0.AD: Trace Attempt  2	[0.02 s]
0.0.AD: Trace Attempt  3	[0.02 s]
0.0.AD: Trace Attempt  4	[0.02 s]
0.0.AD: Trace Attempt  1	[0.10 s]
0.0.AD: Trace Attempt  2	[0.10 s]
0.0.AD: Trace Attempt  3	[0.10 s]
0.0.AD: Trace Attempt  4	[0.11 s]
0.0.AD: Trace Attempt 55	[5.70 s]
0.0.AD: Trace Attempt  1	[6.28 s]
0.0.AD: Trace Attempt  2	[6.28 s]
0.0.AD: Trace Attempt  3	[6.28 s]
0.0.AD: Trace Attempt  4	[6.28 s]
0.0.AD: Trace Attempt 39	[7.82 s]
0.0.AD: Per property time limit expired (8.00 s) [8.00 s]
0.0.AD: Stopped processing property "my_uart_rx7to7.auto_sva_inst.invalid_ctl_forces_sign_low_next"	[8.00 s].
0.0.AD: Starting proof for property "my_uart_rx7to7.auto_sva_inst.data_sign_no_back_to_back_rise:precondition1"	[0.00 s].
0.0.D: Trace Attempt 41	[2.67 s]
0.0.D: Per property time limit expired (8.00 s) [8.00 s]
0.0.D: Stopped processing property "my_uart_rx7to7.auto_sva_inst.invalid_ctl_forces_sign_low_next"	[8.00 s].
0.0.D: Starting proof for property "my_uart_rx7to7.auto_sva_inst.data_sign_no_back_to_back_rise:precondition1"	[0.00 s].
0.0.D: Trace Attempt  1	[0.00 s]
0.0.D: Trace Attempt  2	[0.00 s]
0.0.AD: Trace Attempt  1	[0.00 s]
0.0.AD: Trace Attempt  2	[0.00 s]
0.0.D: Trace Attempt  3	[0.00 s]
0.0.AD: Trace Attempt  3	[0.00 s]
0.0.AD: Trace Attempt  4	[0.00 s]
0.0.AD: Trace Attempt  5	[0.00 s]
0.0.D: Trace Attempt  4	[0.00 s]
0.0.D: Trace Attempt  5	[0.01 s]
0.0.AD: Trace Attempt  1	[0.02 s]
0.0.AD: Trace Attempt  2	[0.02 s]
0.0.AD: Trace Attempt  3	[0.02 s]
0.0.AD: Trace Attempt  4	[0.02 s]
0.0.AD: Trace Attempt  1	[1.03 s]
0.0.AD: Trace Attempt  2	[1.03 s]
0.0.AD: Trace Attempt  3	[1.03 s]
0.0.AD: Trace Attempt  4	[1.04 s]
0.0.AD: Trace Attempt 51	[5.22 s]
0.0.AD: Trace Attempt  1	[8.13 s]
0.0.AD: Trace Attempt  2	[8.13 s]
0.0.AD: Trace Attempt  3	[8.14 s]
0.0.AD: Trace Attempt  4	[8.14 s]
0.0.D: Trace Attempt 48	[10.49 s]
0.0.D: Stopped processing property "my_uart_rx7to7.auto_sva_inst.data_sign_no_back_to_back_rise:precondition1"	[11.02 s].
0.0.D: Morphing to K
0.0.D: All properties determined. [0.00 s]
0.0.D: Exited with Success (@ 0.00 s)
0.0.K: clocks: 1, declared: 1, disabling: 0, posedge: 1, negedge: 0, noedge: 0, bothedge: 0
0.0.K: Starting proof for property "my_uart_rx7to7.auto_sva_inst.data_sign_single_cycle:precondition1"	[0.00 s].
0.0.AD: Stopped processing property "my_uart_rx7to7.auto_sva_inst.data_sign_no_back_to_back_rise:precondition1"	[11.03 s].
0.0.AD: Morphing to Ncustom4
0.0.AD: Trace Attempt 28	[8.62 s]
0.0.AD: All properties determined. [0.00 s]
0.0.AD: Exited with Success (@ 0.00 s)
0.0.Ncustom4: clocks: 1, declared: 1, disabling: 0, posedge: 1, negedge: 0, noedge: 0, bothedge: 0
0.0.Ncustom4: Starting proof for property "my_uart_rx7to7.auto_sva_inst.data_sign_single_cycle:precondition1"	[0.00 s].
0.0.K: Trace Attempt 170	[0.02 s]
0.0.Ncustom4: Trace Attempt 170	[0.03 s]
0.0.Hp: Interrupted (multi)
0.0.Hp: Morphing to Bm
0.0.Hp: All properties determined. [0.00 s]
0.0.Hp: Exited with Success (@ 0.00 s)
0.0.Bm: clocks: 1, declared: 1, disabling: 0, posedge: 1, negedge: 0, noedge: 0, bothedge: 0
0.0.Bm: Trace Attempt  1	[0.00 s]
0.0.Bm: Trace Attempt  2	[0.00 s]
0.0.Bm: Trace Attempt  3	[0.00 s]
0.0.Bm: Trace Attempt  4	[0.00 s]
0.0.Bm: Trace Attempt  5	[0.00 s]
0.0.Bm: Trace Attempt 102	[4.06 s]
0.0.K: Per property time limit expired (16.00 s) [16.02 s]
0.0.K: Stopped processing property "my_uart_rx7to7.auto_sva_inst.data_sign_single_cycle:precondition1"	[16.02 s].
0.0.K: Starting proof for property "my_uart_rx7to7.auto_sva_inst.data_in_stable_when_sign_high:precondition1"	[0.00 s].
0.0.Ncustom4: Per property time limit expired (16.00 s) [16.04 s]
0.0.Ncustom4: Stopped processing property "my_uart_rx7to7.auto_sva_inst.data_sign_single_cycle:precondition1"	[16.04 s].
0.0.Ncustom4: Starting proof for property "my_uart_rx7to7.auto_sva_inst.data_in_stable_when_sign_high:precondition1"	[0.00 s].
0.0.Bm: Trace Attempt 144	[8.10 s]
0.0.Bm: Trace Attempt 172	[12.33 s]
0.0.K: Trace Attempt  1	[8.98 s]
0.0.K: Trace Attempt  2	[8.98 s]
0.0.K: Trace Attempt  3	[8.98 s]
0.0.K: Trace Attempt  4	[8.98 s]
0.0.K: Trace Attempt  5	[8.98 s]
0.0.Bm: Trace Attempt 195	[16.44 s]
0.0.Ncustom4: Trace Attempt 167	[9.98 s]
0.0.Ncustom4: Trace Attempt  1	[10.50 s]
0.0.Ncustom4: Trace Attempt  2	[10.50 s]
0.0.Ncustom4: Trace Attempt  3	[10.50 s]
0.0.K: Trace Attempt 106	[13.02 s]
0.0.Bm: Trace Attempt 216	[20.55 s]
0.0.Ncustom4: Trace Attempt 276	[14.52 s]
0.0.K: Trace Attempt 126	[15.95 s]
0.0.K: Per property time limit expired (16.00 s) [16.00 s]
0.0.K: Stopped processing property "my_uart_rx7to7.auto_sva_inst.data_in_stable_when_sign_high:precondition1"	[16.00 s].
0.0.K: Starting proof for property "my_uart_rx7to7.auto_sva_inst.data_sign_no_back_to_back_rise:precondition1"	[0.00 s].
0.0.K: Trace Attempt 173	[0.02 s]
0.0.Ncustom4: Stopped processing property "my_uart_rx7to7.auto_sva_inst.data_in_stable_when_sign_high:precondition1"	[16.01 s].
0.0.Ncustom4: Starting proof for property "my_uart_rx7to7.auto_sva_inst.data_sign_no_back_to_back_rise:precondition1"	[0.00 s].
0.0.Bm: Trace Attempt 232	[24.66 s]
0.0.Bm: Trace Attempt 242	[29.09 s]
0.0.Bm: Trace Attempt 253	[33.40 s]
0.0.K: Trace Attempt  1	[11.46 s]
0.0.K: Trace Attempt  2	[11.46 s]
0.0.K: Trace Attempt  3	[11.46 s]
0.0.K: Trace Attempt  4	[11.46 s]
0.0.K: Trace Attempt  5	[11.46 s]
0.0.K: Stopped processing property "my_uart_rx7to7.auto_sva_inst.data_sign_no_back_to_back_rise:precondition1"	[11.50 s].
0.0.K: Morphing to Tri
0.0.K: Trace Attempt 35	[11.50 s]
0.0.K: All properties determined. [0.00 s]
0.0.K: Exited with Success (@ 0.00 s)
0.0.Tri: clocks: 1, declared: 1, disabling: 0, posedge: 1, negedge: 0, noedge: 0, bothedge: 0
0.0.Ncustom4: Stopped processing property "my_uart_rx7to7.auto_sva_inst.data_sign_no_back_to_back_rise:precondition1"	[11.51 s].
0.0.Ncustom4: Morphing to Hts
0.0.Ncustom4: Trace Attempt 173	[0.05 s]
0.0.Ncustom4: All properties determined. [0.00 s]
0.0.Ncustom4: Exited with Success (@ 0.00 s)
0.0.Tri: Starting proof for property "my_uart_rx7to7.auto_sva_inst.sign_rise_requires_prev_valid_ctl"	[0.00 s].
0.0.Tri: Trace Attempt  1	[0.00 s]
0.0.Hts: Starting proof for property "my_uart_rx7to7.auto_sva_inst.sign_rise_requires_prev_valid_ctl"	[0.00 s].
0.0.Tri:    0.00" ---- Launching main thread ----
0.0.Hts: Trace Attempt  1	[0.06 s]
0.0.Hts: Trace Attempt  2	[0.06 s]
0.0.Hts: Trace Attempt  3	[0.06 s]
0.0.Hts: Trace Attempt  4	[0.06 s]
0.0.Hts: Trace Attempt  5	[0.06 s]
0.0.Tri:    0.22" ---- Launching abstraction thread ----
0.0.Tri:    0.25" ---- Launching multi-phase simplification thread ----
0.0.Tri: Trace Attempt  2	[0.33 s]
0.0.Tri: Trace Attempt  3	[0.33 s]
0.0.Tri: Trace Attempt  4	[0.33 s]
0.0.Tri: Trace Attempt  5	[0.33 s]
0.0.Tri:    1.23" Simplification phase 1 complete
0.0.Tri:    1.29" Simplification phase 2 complete
0.0.Tri:    1.37" Simplification phase 3 complete
   1.37" ---- Completed simplification thread ----
   1.37" ---- Restarting main thread on simplified netlist ----
0.0.Tri:    1.59" ---- Restarting abstraction thread on simplified netlist ----
0.0.Bm: Trace Attempt 262	[37.49 s]
0.0.Hts: Requesting engine job to stop
0.0.Tri: Requesting engine job to stop
0.0.Ht: Requesting engine job to terminate
0.0.Bm: Requesting engine job to terminate
INFO (IPF144): 0: Initiating shutdown of proof [280.45 s]
0.0.Tri: Trace Attempt 3337	[3.49 s]
0.0.Tri: A trace with 3337 cycles was found. [4.84 s]
INFO (IPF055): 0.0.Tri: A counterexample (cex) with 3337 cycles was found for the property "my_uart_rx7to7.auto_sva_inst.sign_rise_requires_prev_valid_ctl" in 4.88 s.
INFO (IPF047): 0.0.Tri: The cover property "my_uart_rx7to7.auto_sva_inst.data_sign_single_cycle:precondition1" was covered in 3337 cycles in 4.88 s by the incidental trace "my_uart_rx7to7.auto_sva_inst.sign_rise_requires_prev_valid_ctl".
INFO (IPF047): 0.0.Tri: The cover property "my_uart_rx7to7.auto_sva_inst.data_sign_no_back_to_back_rise:precondition1" was covered in 3337 cycles in 4.88 s by the incidental trace "my_uart_rx7to7.auto_sva_inst.sign_rise_requires_prev_valid_ctl".
INFO (IPF047): 0.0.Tri: The cover property "my_uart_rx7to7.auto_sva_inst.data_in_stable_when_sign_high:precondition1" was covered in 3337 cycles in 4.88 s by the incidental trace "my_uart_rx7to7.auto_sva_inst.sign_rise_requires_prev_valid_ctl".
INFO (IPF055): 0.0.Tri: A counterexample (cex) with 3337 cycles was found for the property "my_uart_rx7to7.auto_sva_inst.invalid_ctl_forces_sign_low_next" in 4.88 s by the incidental trace "my_uart_rx7to7.auto_sva_inst.sign_rise_requires_prev_valid_ctl".
INFO (IPF047): 0.0.Tri: The cover property "my_uart_rx7to7.auto_sva_inst.sign_rise_requires_prev_valid_ctl:precondition1" was covered in 3337 cycles in 4.88 s by the incidental trace "my_uart_rx7to7.auto_sva_inst.sign_rise_requires_prev_valid_ctl".
0.0.Ht: Interrupted (multi)
0.0.Ht: Trace Attempt 949	[120.78 s]
0.0.Ht: All properties determined. [280.38 s]
0.0.Tri: Stopped processing property "my_uart_rx7to7.auto_sva_inst.sign_rise_requires_prev_valid_ctl"	[4.89 s].
0.0.Tri: All properties determined. [4.89 s]
0.0.Hts: Stopped processing property "my_uart_rx7to7.auto_sva_inst.sign_rise_requires_prev_valid_ctl"	[4.88 s].
0.0.Hts: Trace Attempt 949	[0.53 s]
0.0.Hts: All properties determined. [4.88 s]
0.0.Bm: Trace Attempt 265	[38.64 s]
0.0.Bm: All properties determined. [39.34 s]
0.0.Ht: Exited with Success (@ 280.47 s)
0: ProofGrid usable level: 0
0.0.Bm: Exited with Success (@ 280.49 s)
0.0.Hts: Exited with Success (@ 280.49 s)
0.0.Tri: Exited with Success (@ 280.49 s)
0: --------------------------------------------------------------
ProofGrid Summary (utilization 99.98 %)
--------------------------------------------------------------
     engines started                               :    14
     engine jobs started                           :     4

    Average time in state (seconds)
    ------------------------------------------------------
    Engine  Pending     Running        Dead    Utilization
    ------------------------------------------------------
     Ht        0.07      280.38        0.00       99.98 %
    Hts        0.07      272.61        0.00       99.98 %
    Tri        0.07      280.40        0.00       99.98 %
     Bm        0.06      280.40        0.00       99.98 %
    all        0.07      278.45        0.00       99.98 %

    Total time in state (seconds)
    -----------------------------------------
            Pending     Running        Dead  
    -----------------------------------------
               0.26     1113.78        0.00

    Data read    : 2.98 MiB
    Data written : 276.25 kiB

0: All pending notifications were processed.
INFO (IPF059): Completed proof on task: "<embedded>" for proof thread 0

==============================================================
SUMMARY
==============================================================
           Properties Considered              : 21
                 assertions                   : 11
                  - proven                    : 7 (63.6364%)
                  - bounded_proven (user)     : 0 (0%)
                  - bounded_proven (auto)     : 0 (0%)
                  - marked_proven             : 0 (0%)
                  - cex                       : 4 (36.3636%)
                  - ar_cex                    : 0 (0%)
                  - undetermined              : 0 (0%)
                  - unknown                   : 0 (0%)
                  - error                     : 0 (0%)
                 covers                       : 10
                  - unreachable               : 1 (10%)
                  - bounded_unreachable (user): 0 (0%)
                  - covered                   : 9 (90%)
                  - ar_covered                : 0 (0%)
                  - undetermined              : 0 (0%)
                  - unknown                   : 0 (0%)
                  - error                     : 0 (0%)
[<embedded>] % 
[<embedded>] % # ---- Covers (best effort) ----
[<embedded>] % catch { cover -all }
1
[<embedded>] % 
[<embedded>] % # ---- Collect CEX details ----
[<embedded>] % set CEX_TXT [file join $OUT_DIR "cex_details.txt"]
/home/ab2113/malik25_26/veri_thoughts/dataset/verification_results/version_2/ids/01251/cex_details.txt
[<embedded>] % set cex_props {}
[<embedded>] % catch { set cex_props [get_property_list -include {status cex}] }
0
[<embedded>] % set ar_cex_props {}
[<embedded>] % catch { set ar_cex_props [get_property_list -include {status ar_cex}] }
WARNING (WPM042): No properties matched the specified filters.
0
[<embedded>] % 
[<embedded>] % set fp_cex [open $CEX_TXT "w"]
file43
[<embedded>] % puts $fp_cex "# Counter-example details for DESIGN_ID=$DESIGN_ID"
[<embedded>] % puts $fp_cex "# Format: property_name | cex_type | cex_length"
[<embedded>] % puts $fp_cex ""
[<embedded>] % 
[<embedded>] % foreach prop $cex_props {
  set cex_len ""
  catch { set cex_len [get_property_info -prop $prop cex_length] }
  puts $fp_cex "$prop | cex | $cex_len"
}
[<embedded>] % foreach prop $ar_cex_props {
  set cex_len ""
  catch { set cex_len [get_property_info -prop $prop cex_length] }
  puts $fp_cex "$prop | ar_cex | $cex_len"
}
[<embedded>] % close $fp_cex
[<embedded>] % 
[<embedded>] % set n_cex    [llength $cex_props]
4
[<embedded>] % set n_ar_cex [llength $ar_cex_props]
0
[<embedded>] % puts "INFO: CEX properties: $n_cex cex, $n_ar_cex ar_cex"
INFO: CEX properties: 4 cex, 0 ar_cex
[<embedded>] % puts "INFO: Wrote $CEX_TXT"
INFO: Wrote /home/ab2113/malik25_26/veri_thoughts/dataset/verification_results/version_2/ids/01251/cex_details.txt
[<embedded>] % 
[<embedded>] % # ---- Dump VCD waveforms for CEX properties ----
[<embedded>] % if {$DUMP_VCD && ($n_cex > 0 || $n_ar_cex > 0)} {
  set VCD_DIR [file join $OUT_DIR "cex_vcd"]
  file mkdir $VCD_DIR
  set all_cex_props [concat $cex_props $ar_cex_props]
  set vcd_count 0

  foreach prop $all_cex_props {
    set safe_name [regsub -all {[^A-Za-z0-9_.-]} $prop "_"]
    set vcd_path [file join $VCD_DIR "${safe_name}.vcd"]

    set dumped 0

    # Strip <embedded>:: prefix for prove -property (it needs the short name)
    set short_prop [regsub {^<embedded>::} $prop ""]

    # Force re-prove the property so JasperGold regenerates the trace,
    # then immediately visualize before the trace is discarded.
    if {!$dumped && [catch {
      prove -property $short_prop -force
      visualize -violation $prop
      visualize -save -vcd $vcd_path
      visualize -close
      set dumped 1
      incr vcd_count
      puts "INFO: Dumped VCD for $prop -> $vcd_path"
    } err1]} {
      catch { visualize -close }
      puts "DEBUG: Approach 1 (force re-prove) failed: $err1"
    }

    # Approach 2: visualize -violation with -new_trace to force trace gen
    if {!$dumped && [catch {
      visualize -violation $prop -new_trace
      visualize -save -vcd $vcd_path
      visualize -close
      set dumped 1
      incr vcd_count
      puts "INFO: Dumped VCD for $prop -> $vcd_path"
    } err2]} {
      catch { visualize -close }
      puts "DEBUG: Approach 2 (-new_trace) failed: $err2"
    }

    # Approach 3: prove with -force and auto engine mode
    if {!$dumped && [catch {
      set_engine_mode {auto}
      prove -property $short_prop -force
      visualize -violation $prop
      visualize -save -vcd $vcd_path
      visualize -close
      set dumped 1
      incr vcd_count
      puts "INFO: Dumped VCD for $prop -> $vcd_path"
    } err3]} {
      catch { visualize -close }
      puts "DEBUG: Approach 3 (auto engine) failed: $err3"
    }

    if {!$dumped} {
      puts "WARN: Could not dump VCD for $prop (all approaches failed)"
    }
  }
  puts "INFO: Dumped $vcd_count VCD files to $VCD_DIR"
} elseif {$DUMP_VCD} {
  puts "INFO: No CEX properties to dump VCD for"
}
INFO (IPF036): Starting proof on task: "<embedded>", 1 properties to prove with 0 already proven/unreachable
INFO (IPF031): Settings used for proof thread 1:
    orchestration                 = on (auto)
    time_limit                    = 3600s
    per_property_time_limit       = 1s * 10 ^ scan
    engine_mode                   = auto
    proofgrid_per_engine_max_jobs = 1
    max engine jobs               = auto
    proofgrid_mode                = local
    proofgrid_restarts            = 10
1: Using multistage preprocessing
1: Starting reduce
1: Finished reduce in 0s
1.0.PRE: Performing Proof Simplification...
1.0.N: clocks: 2, declared: 1, disabling: 0, posedge: 2, negedge: 0, noedge: 0, bothedge: 0
1.0.N: Proof Simplification Iteration 1	[0.00 s]
1.0.PRE: A proof was found: No trace exists. [0.00 s]
INFO (IPF057): 1.0.PRE: The property ":noDeadEnd" was proven in 0.00 s.
    Use check_assumptions -show -dead_end to show this property in the property table.
1.0.PRE: Proof Simplification completed in 0.00 s
1: About to start ProofGrid in its own thread with a limit of 10000 pending notifications and a limit of 10 traces.
1: =============================== ProofGrid start ===============================
1: ProofGrid usable level: 1
1: ProofGrid is starting event handling
1.0.Hp: Proofgrid shell started at 1750858@della-h14n3(local) jg_1749608_della-h14n3_2
1.0.N: Proofgrid shell started at 1750857@della-h14n3(local) jg_1749608_della-h14n3_2
1.0.Hp: OS RSS memory limit : 68719476736 / 68719476736
1.0.N: OS RSS memory limit : 68719476736 / 68719476736
1.0.Hp: clocks: 1, declared: 1, disabling: 0, posedge: 1, negedge: 0, noedge: 0, bothedge: 0
1.0.N: clocks: 1, declared: 1, disabling: 0, posedge: 1, negedge: 0, noedge: 0, bothedge: 0
1.0.N: Last scan. Per property time limit: 0s
1.0.N: Starting proof for property "my_uart_rx7to7.auto_sva_inst.data_in_max_one_bit_change"	[0.00 s].
1.0.N: Trace Attempt  1	[0.00 s]
1.0.N: Requesting engine job to stop
1.0.Hp: Requesting engine job to terminate
INFO (IPF144): 1: Initiating shutdown of proof [0.00 s]
1.0.N: A trace with 1 cycles was found. [0.00 s]
INFO (IPF055): 1.0.N: A counterexample (cex) with 1 cycles was found for the property "my_uart_rx7to7.auto_sva_inst.data_in_max_one_bit_change" in 0.00 s.
1.0.N: Stopped processing property "my_uart_rx7to7.auto_sva_inst.data_in_max_one_bit_change"	[0.00 s].
1.0.N: All properties determined. [0.00 s]
1.0.Hp: Interrupted (multi)
1.0.Hp: All properties determined. [0.00 s]
1.0.Ht: Proofgrid shell started at 1750871@della-h14n3(local) jg_1749608_della-h14n3_2
1.0.Ht: Requesting engine job to terminate
1.0.B: Proofgrid shell started at 1750872@della-h14n3(local) jg_1749608_della-h14n3_2
1.0.B: Requesting engine job to terminate
1.0.N: Exited with Success (@ 0.08 s)
1: ProofGrid usable level: 0
1.0.Hp: Exited with Success (@ 0.08 s)
1.0.Ht: Interrupted. [0.01 s]
1.0.B: Interrupted. [0.01 s]
1.0.B: Exited with Success (@ 0.08 s)
1.0.Ht: Exited with Success (@ 0.08 s)
1: --------------------------------------------------------------
ProofGrid Summary (utilization 0.72 %)
--------------------------------------------------------------
     engines started                               :     4
     engine jobs started                           :     4

    Average time in state (seconds)
    ------------------------------------------------------
    Engine  Pending     Running        Dead    Utilization
    ------------------------------------------------------
      N        0.07        0.00        0.00        1.32 %
     Hp        0.06        0.00        0.00        1.90 %
     Ht        0.08        0.00        0.00        0.00 %
      B        0.08        0.00        0.00        0.00 %
    all        0.07        0.00        0.00        0.72 %

    Total time in state (seconds)
    -----------------------------------------
            Pending     Running        Dead  
    -----------------------------------------
               0.29        0.00        0.00

    Data read    : 1.79 kiB
    Data written : 1.27 kiB

1: All pending notifications were processed.
INFO (IPF059): Completed proof on task: "<embedded>" for proof thread 1
INFO (IVS015): Setting Visualize task to "<embedded>".
INFO (IVS008): Expanding analysis region to enable visualization of "<embedded>::my_uart_rx7to7.auto_sva_inst.data_in_max_one_bit_change".
INFO (IPF031): Settings used for proof thread 2:
    orchestration                 = off (auto)
    time_limit                    = 3600s
    per_property_time_limit       = 1s * 10 ^ scan
    engine_mode                   = Hp Ht N B 
    proofgrid_per_engine_max_jobs = 1
    max engine jobs               = Hp Ht N B, total 2
    proofgrid_mode                = local
    proofgrid_restarts            = 10
ERROR (EVS053): No trace satisfying these configurations exists for any max_length.
WARNING (WVS028): Saved trace only contains values for the target's COI.
    Use "set_trace_optimization standard" before running Visualize to save values for the full design.
DEBUG: Approach 1 (force re-prove) failed: ERROR (EVS125): No Visualize trace is available for "visualize -save -vcd".

DEBUG: Approach 2 (-new_trace) failed: ERROR (ESW104): Invalid command formation.
    Problem occurs with "-violation -new_trace".

INFO (IPF036): Starting proof on task: "<embedded>", 1 properties to prove with 0 already proven/unreachable
INFO (IPF031): Settings used for proof thread 3:
    orchestration                 = on (auto)
    time_limit                    = 3600s
    per_property_time_limit       = 1s * 10 ^ scan
    engine_mode                   = auto
    proofgrid_per_engine_max_jobs = 1
    max engine jobs               = auto
    proofgrid_mode                = local
    proofgrid_restarts            = 10
3: Using multistage preprocessing
3: Starting reduce
3: Finished reduce in 0s
3.0.PRE: Performing Proof Simplification...
3.0.N: clocks: 2, declared: 1, disabling: 0, posedge: 2, negedge: 0, noedge: 0, bothedge: 0
3.0.N: Proof Simplification Iteration 1	[0.00 s]
3.0.PRE: A proof was found: No trace exists. [0.00 s]
INFO (IPF057): 3.0.PRE: The property ":noDeadEnd" was proven in 0.00 s.
    Use check_assumptions -show -dead_end to show this property in the property table.
3.0.PRE: Proof Simplification completed in 0.00 s
3: About to start ProofGrid in its own thread with a limit of 10000 pending notifications and a limit of 10 traces.
3: =============================== ProofGrid start ===============================
3: ProofGrid usable level: 1
3: ProofGrid is starting event handling
3.0.Hp: Proofgrid shell started at 1750896@della-h14n3(local) jg_1749608_della-h14n3_4
3.0.Hp: OS RSS memory limit : 68719476736 / 68719476736
3.0.N: Proofgrid shell started at 1750895@della-h14n3(local) jg_1749608_della-h14n3_4
3.0.N: OS RSS memory limit : 68719476736 / 68719476736
3.0.Hp: clocks: 1, declared: 1, disabling: 0, posedge: 1, negedge: 0, noedge: 0, bothedge: 0
3.0.N: clocks: 1, declared: 1, disabling: 0, posedge: 1, negedge: 0, noedge: 0, bothedge: 0
3.0.N: Last scan. Per property time limit: 0s
3.0.N: Starting proof for property "my_uart_rx7to7.auto_sva_inst.data_in_max_one_bit_change"	[0.00 s].
3.0.Hp: Trace Attempt  1	[0.00 s]
3.0.N: Requesting engine job to stop
3.0.Hp: Requesting engine job to terminate
INFO (IPF144): 3: Initiating shutdown of proof [0.00 s]
3.0.Hp: A trace with 1 cycles was found. [0.00 s]
INFO (IPF055): 3.0.Hp: A counterexample (cex) with 1 cycles was found for the property "my_uart_rx7to7.auto_sva_inst.data_in_max_one_bit_change" in 0.00 s.
3.0.N: Trace Attempt  1	[0.00 s]
3.0.Hp: All properties determined. [0.00 s]
3.0.N: Stopped processing property "my_uart_rx7to7.auto_sva_inst.data_in_max_one_bit_change"	[0.00 s].
3.0.N: All properties determined. [0.00 s]
3.0.Ht: Proofgrid shell started at 1750909@della-h14n3(local) jg_1749608_della-h14n3_4
3.0.Ht: Requesting engine job to terminate
3.0.B: Proofgrid shell started at 1750910@della-h14n3(local) jg_1749608_della-h14n3_4
3.0.B: Requesting engine job to terminate
3.0.B: Interrupted. [0.01 s]
3.0.N: Exited with Success (@ 0.07 s)
3: ProofGrid usable level: 0
3.0.Hp: Exited with Success (@ 0.07 s)
3.0.Ht: Interrupted. [0.01 s]
3.0.Ht: Exited with Success (@ 0.07 s)
3.0.B: Exited with Success (@ 0.07 s)
3: --------------------------------------------------------------
ProofGrid Summary (utilization 0.76 %)
--------------------------------------------------------------
     engines started                               :     4
     engine jobs started                           :     4

    Average time in state (seconds)
    ------------------------------------------------------
    Engine  Pending     Running        Dead    Utilization
    ------------------------------------------------------
      N        0.07        0.00        0.00        1.07 %
     Hp        0.06        0.00        0.00        1.96 %
     Ht        0.07        0.00        0.00        0.00 %
      B        0.07        0.00        0.00        0.00 %
    all        0.07        0.00        0.00        0.76 %

    Total time in state (seconds)
    -----------------------------------------
            Pending     Running        Dead  
    -----------------------------------------
               0.26        0.00        0.00

    Data read    : 2.08 kiB
    Data written : 1.27 kiB

3: All pending notifications were processed.
INFO (IPF059): Completed proof on task: "<embedded>" for proof thread 3
INFO (IVS015): Setting Visualize task to "<embedded>".
INFO (IVS008): Expanding analysis region to enable visualization of "<embedded>::my_uart_rx7to7.auto_sva_inst.data_in_max_one_bit_change".
INFO (IPF031): Settings used for proof thread 4:
    orchestration                 = off (auto)
    time_limit                    = 3600s
    per_property_time_limit       = 1s * 10 ^ scan
    engine_mode                   = Ht Hp B N 
    proofgrid_per_engine_max_jobs = 1
    max engine jobs               = Ht Hp B N, total 2
    proofgrid_mode                = local
    proofgrid_restarts            = 10
ERROR (EVS053): No trace satisfying these configurations exists for any max_length.
WARNING (WVS028): Saved trace only contains values for the target's COI.
    Use "set_trace_optimization standard" before running Visualize to save values for the full design.
DEBUG: Approach 3 (auto engine) failed: ERROR (EVS125): No Visualize trace is available for "visualize -save -vcd".

WARN: Could not dump VCD for <embedded>::my_uart_rx7to7.auto_sva_inst.data_in_max_one_bit_change (all approaches failed)
INFO (IPF036): Starting proof on task: "<embedded>", 1 properties to prove with 0 already proven/unreachable
INFO (IPF031): Settings used for proof thread 5:
    orchestration                 = on (auto)
    time_limit                    = 3600s
    per_property_time_limit       = 1s * 10 ^ scan
    engine_mode                   = auto
    proofgrid_per_engine_max_jobs = 1
    max engine jobs               = auto
    proofgrid_mode                = local
    proofgrid_restarts            = 10
5: Using multistage preprocessing
5: Starting reduce
5: Finished reduce in 0s
5.0.PRE: Performing Proof Simplification...
5.0.N: clocks: 2, declared: 1, disabling: 0, posedge: 2, negedge: 0, noedge: 0, bothedge: 0
5.0.N: Proof Simplification Iteration 1	[0.00 s]
5.0.N: Proof Simplification Iteration 2	[0.00 s]
5.0.N: Proof Simplification Iteration 3	[0.00 s]
5.0.PRE: A proof was found: No trace exists. [0.00 s]
INFO (IPF057): 5.0.PRE: The property ":noDeadEnd" was proven in 0.00 s.
    Use check_assumptions -show -dead_end to show this property in the property table.
5.0.PRE: Proof Simplification completed in 0.00 s
5: About to start ProofGrid in its own thread with a limit of 10000 pending notifications and a limit of 10 traces.
5: =============================== ProofGrid start ===============================
5: ProofGrid usable level: 1
5: ProofGrid is starting event handling
5.0.N: Proofgrid shell started at 1750933@della-h14n3(local) jg_1749608_della-h14n3_6
5.0.Hp: Proofgrid shell started at 1750934@della-h14n3(local) jg_1749608_della-h14n3_6
5.0.N: OS RSS memory limit : 68719476736 / 68719476736
5.0.Hp: OS RSS memory limit : 68719476736 / 68719476736
5.0.N: clocks: 1, declared: 1, disabling: 0, posedge: 1, negedge: 0, noedge: 0, bothedge: 0
5.0.N: Last scan. Per property time limit: 0s
5.0.N: Starting proof for property "my_uart_rx7to7.auto_sva_inst.invalid_ctl_forces_sign_low_next"	[0.00 s].
5.0.N: Trace Attempt  1	[0.00 s]
5.0.N: A max_length bound was found. The shortest trace is no longer than 67108864 cycles. [0.00 s]
INFO (IPF008): 5.0.N: A max_length bound of 67108864 was found for the property "my_uart_rx7to7.auto_sva_inst.invalid_ctl_forces_sign_low_next" in 0.00 s.
5.0.N: Trace Attempt  2	[0.00 s]
5.0.N: Trace Attempt  2	[0.00 s]
5.0.N: Trace Attempt  3	[0.00 s]
5.0.Hp: clocks: 1, declared: 1, disabling: 0, posedge: 1, negedge: 0, noedge: 0, bothedge: 0
5.0.N: Trace Attempt  3	[0.00 s]
5.0.N: Trace Attempt  4	[0.00 s]
5.0.N: Trace Attempt  5	[0.00 s]
5.0.N: Trace Attempt  1	[0.04 s]
5.0.N: Trace Attempt  2	[0.04 s]
5.0.N: Trace Attempt  3	[0.04 s]
5.0.Ht: Proofgrid shell started at 1750947@della-h14n3(local) jg_1749608_della-h14n3_6
5.0.Ht: OS RSS memory limit : 68719476736 / 68719476736
5.0.Ht: clocks: 1, declared: 1, disabling: 0, posedge: 1, negedge: 0, noedge: 0, bothedge: 0
5.0.B: Proofgrid shell started at 1750948@della-h14n3(local) jg_1749608_della-h14n3_6
5.0.B: OS RSS memory limit : 68719476736 / 68719476736
5.0.B: clocks: 1, declared: 1, disabling: 0, posedge: 1, negedge: 0, noedge: 0, bothedge: 0
5.0.B: Last scan. Per property time limit: 0s
5.0.B: Starting proof for property "my_uart_rx7to7.auto_sva_inst.invalid_ctl_forces_sign_low_next"	[0.00 s].
5.0.B: Trace Attempt  1	[0.00 s]
5.0.B: Trace Attempt  2	[0.00 s]
5.0.B: Trace Attempt  3	[0.00 s]
5.0.Ht: Trace Attempt  1	[0.00 s]
5.0.Ht: Trace Attempt  2	[0.00 s]
5.0.Ht: Trace Attempt  3	[0.00 s]
5.0.Ht: Trace Attempt  4	[0.00 s]
5.0.Ht: Trace Attempt  5	[0.00 s]
5.0.B: Trace Attempt  4	[0.00 s]
5.0.B: Trace Attempt  5	[0.00 s]
5.0.N: Trace Attempt 361	[4.04 s]
5.0.B: Trace Attempt 93	[4.05 s]
5.0.B: Trace Attempt 134	[8.16 s]
5.0.N: Trace Attempt 476	[8.34 s]
5.0.B: Trace Attempt 165	[12.19 s]
5.0.N: Trace Attempt 557	[12.43 s]
5.0.Ht: Trace Attempt 222	[15.76 s]
5.0.B: Trace Attempt 186	[16.29 s]
5.0.N: Trace Attempt 579	[16.46 s]
5.0.B: Trace Attempt 206	[20.38 s]
5.0.N: Trace Attempt 610	[20.62 s]
5.0.B: Trace Attempt 223	[24.56 s]
5.0.N: Trace Attempt 637	[25.11 s]
5.0.B: Trace Attempt 237	[28.65 s]
5.0.N: Trace Attempt 665	[29.53 s]
5.0.B: Trace Attempt 248	[33.62 s]
5.0.N: Trace Attempt 672	[33.71 s]
5.0.B: Trace Attempt 258	[37.78 s]
5.0.B: Trace Attempt 267	[42.11 s]
5.0.B: Trace Attempt 269	[50.28 s]
5.0.B: Trace Attempt 270	[56.64 s]
5.0.B: Trace Attempt 271	[62.58 s]
5.0.B: Trace Attempt 282	[66.64 s]
5.0.B: Trace Attempt 300	[70.89 s]
5.0.B: Trace Attempt 312	[75.06 s]
5.0.B: Trace Attempt 329	[79.20 s]
5.0.B: Trace Attempt 341	[83.23 s]
5.0.B: Trace Attempt 357	[87.39 s]
5.0.B: Trace Attempt 370	[91.60 s]
5.0.B: Trace Attempt 385	[96.05 s]
5.0.B: Trace Attempt 395	[100.63 s]
5.0.B: Trace Attempt 402	[104.89 s]
5.0.B: Trace Attempt 412	[109.26 s]
5.0.Ht: Trace Attempt 575	[109.28 s]
5.0.B: Trace Attempt 417	[113.42 s]
5.0.B: Trace Attempt 428	[117.58 s]
5.0.B: Trace Attempt 435	[122.23 s]
5.0.B: Trace Attempt 445	[126.67 s]
5.0.B: Trace Attempt 454	[132.01 s]
5.0.B: Trace Attempt 466	[136.67 s]
5.0.B: Trace Attempt 474	[140.73 s]
5.0.B: Trace Attempt 483	[144.74 s]
5.0.B: Trace Attempt 489	[149.43 s]
5.0.B: Trace Attempt 495	[153.75 s]
5.0.B: Trace Attempt 503	[158.85 s]
5.0.B: Trace Attempt 511	[163.28 s]
5.0.B: Trace Attempt 520	[167.37 s]
5.0.Ht: Trace Attempt 678	[171.85 s]
5.0.B: Trace Attempt 526	[172.53 s]
5.0.B: Trace Attempt 534	[176.94 s]
5.0.Ht: Trace Attempt 679	[177.84 s]
5.0.Hp: Interrupted (multi)
5.0.Hp: Morphing to Mp
5.0.Hp: All properties determined. [0.00 s]
5.0.Hp: Exited with Success (@ 0.00 s)
5.0.Mp: clocks: 1, declared: 1, disabling: 0, posedge: 1, negedge: 0, noedge: 0, bothedge: 0
5.0.Mp: Trace Attempt  1	[0.01 s]
5.0.Mp: Trace Attempt  2	[0.01 s]
5.0.Mp: Trace Attempt  3	[0.03 s]
5.0.Mp: Trace Attempt  3	[0.03 s]
5.0.Mp: Trace Attempt  3	[0.03 s]
5.0.Mp: Trace Attempt  4	[0.03 s]
5.0.Mp: Trace Attempt  5	[0.03 s]
5.0.Mp: Trace Attempt  5	[0.03 s]
5.0.N: Stopped processing property "my_uart_rx7to7.auto_sva_inst.invalid_ctl_forces_sign_low_next"	[181.32 s].
5.0.N: Morphing to AM
5.0.N: Trace Attempt 677	[34.61 s]
5.0.N: All properties determined. [0.00 s]
5.0.N: Exited with Success (@ 0.00 s)
5.0.AM: clocks: 1, declared: 1, disabling: 0, posedge: 1, negedge: 0, noedge: 0, bothedge: 0
5.0.AM: Starting proof for property "my_uart_rx7to7.auto_sva_inst.invalid_ctl_forces_sign_low_next"	[0.00 s].
5.0.AM: Trace Attempt  1	[0.00 s]
5.0.AM: Trace Attempt  2	[0.00 s]
5.0.AM: Trace Attempt  3	[0.00 s]
5.0.AM: Trace Attempt  4	[0.00 s]
5.0.AM: Trace Attempt  5	[0.00 s]
5.0.B: Stopped processing property "my_uart_rx7to7.auto_sva_inst.invalid_ctl_forces_sign_low_next"	[181.26 s].
5.0.B: Morphing to Tri
5.0.B: Trace Attempt 538	[180.61 s]
5.0.B: All properties determined. [0.00 s]
5.0.B: Exited with Success (@ 0.00 s)
5.0.Tri: clocks: 1, declared: 1, disabling: 0, posedge: 1, negedge: 0, noedge: 0, bothedge: 0
5.0.AM: Trace Attempt  1	[0.01 s]
5.0.AM: Trace Attempt  2	[0.01 s]
5.0.AM: Trace Attempt  3	[0.01 s]
5.0.AM: Trace Attempt  1	[0.03 s]
5.0.AM: Trace Attempt  2	[0.03 s]
5.0.AM: Trace Attempt  3	[0.03 s]
5.0.Tri: Starting proof for property "my_uart_rx7to7.auto_sva_inst.invalid_ctl_forces_sign_low_next"	[0.00 s].
5.0.Tri: Trace Attempt  1	[0.00 s]
5.0.Tri:    0.00" ---- Launching main thread ----
5.0.Tri:    0.22" ---- Launching abstraction thread ----
5.0.Tri:    0.25" ---- Launching multi-phase simplification thread ----
5.0.AM: Trace Attempt  1	[0.33 s]
5.0.AM: Trace Attempt  2	[0.33 s]
5.0.AM: Trace Attempt  3	[0.33 s]
5.0.Tri: Trace Attempt  2	[0.34 s]
5.0.Tri: Trace Attempt  3	[0.34 s]
5.0.Tri: Trace Attempt  4	[0.34 s]
5.0.Tri: Trace Attempt  5	[0.34 s]
5.0.Ht: Trace Attempt 688	[181.88 s]
5.0.Tri: Stopped processing property "my_uart_rx7to7.auto_sva_inst.invalid_ctl_forces_sign_low_next"	[0.61 s].
5.0.Tri: Morphing to I
5.0.Tri: Trace Attempt 598	[0.61 s]
5.0.Tri: All properties determined. [0.00 s]
5.0.Tri: Exited with Success (@ 0.00 s)
5.0.I: clocks: 1, declared: 1, disabling: 0, posedge: 1, negedge: 0, noedge: 0, bothedge: 0
5.0.I: Starting proof for property "my_uart_rx7to7.auto_sva_inst.invalid_ctl_forces_sign_low_next"	[0.00 s].
5.0.I: Trace Attempt 14	[0.00 s]
5.0.I: Trace Attempt  1	[0.03 s]
5.0.I: Trace Attempt  2	[0.03 s]
5.0.I: Trace Attempt  3	[0.03 s]
5.0.I: Trace Attempt  4	[0.03 s]
5.0.AM: Stopped processing property "my_uart_rx7to7.auto_sva_inst.invalid_ctl_forces_sign_low_next"	[3.73 s].
5.0.AM: Morphing to D
5.0.AM: Trace Attempt 137	[3.73 s]
5.0.AM: All properties determined. [0.00 s]
5.0.AM: Exited with Success (@ 0.00 s)
5.0.D: clocks: 1, declared: 1, disabling: 0, posedge: 1, negedge: 0, noedge: 0, bothedge: 0
5.0.D: Starting proof for property "my_uart_rx7to7.auto_sva_inst.invalid_ctl_forces_sign_low_next"	[0.00 s].
5.0.D: Trace Attempt  1	[0.00 s]
5.0.D: Trace Attempt  2	[0.00 s]
5.0.I: Stopped processing property "my_uart_rx7to7.auto_sva_inst.invalid_ctl_forces_sign_low_next"	[3.07 s].
5.0.I: Morphing to AD
5.0.I: Trace Attempt 32	[0.52 s]
5.0.I: All properties determined. [0.00 s]
5.0.I: Exited with Success (@ 0.00 s)
5.0.D: Trace Attempt  3	[0.00 s]
5.0.AD: clocks: 1, declared: 1, disabling: 0, posedge: 1, negedge: 0, noedge: 0, bothedge: 0
5.0.AD: Starting proof for property "my_uart_rx7to7.auto_sva_inst.invalid_ctl_forces_sign_low_next"	[0.00 s].
5.0.AD: Trace Attempt  1	[0.00 s]
5.0.AD: Trace Attempt  2	[0.00 s]
5.0.AD: Trace Attempt  3	[0.00 s]
5.0.AD: Trace Attempt  4	[0.00 s]
5.0.AD: Trace Attempt  5	[0.00 s]
5.0.D: Trace Attempt  4	[0.00 s]
5.0.D: Trace Attempt  5	[0.01 s]
5.0.AD: Trace Attempt  1	[0.01 s]
5.0.AD: Trace Attempt  2	[0.01 s]
5.0.AD: Trace Attempt  3	[0.01 s]
5.0.AD: Trace Attempt  4	[0.01 s]
5.0.AD: Trace Attempt  1	[0.06 s]
5.0.AD: Trace Attempt  2	[0.06 s]
5.0.AD: Trace Attempt  3	[0.06 s]
5.0.AD: Trace Attempt  4	[0.06 s]
5.0.Mp: Trace Attempt 374	[4.03 s]
5.0.Ht: Trace Attempt 696	[187.10 s]
5.0.Mp: Trace Attempt 602	[8.03 s]
5.0.AD: Stopped processing property "my_uart_rx7to7.auto_sva_inst.invalid_ctl_forces_sign_low_next"	[4.60 s].
5.0.AD: Morphing to Ncustom1
5.0.AD: Trace Attempt 49	[3.09 s]
5.0.AD: All properties determined. [0.00 s]
5.0.AD: Exited with Success (@ 0.00 s)
5.0.Ncustom1: clocks: 1, declared: 1, disabling: 0, posedge: 1, negedge: 0, noedge: 0, bothedge: 0
5.0.Ncustom1: Starting proof for property "my_uart_rx7to7.auto_sva_inst.invalid_ctl_forces_sign_low_next"	[0.00 s].
5.0.Ncustom1: Trace Attempt 677	[0.07 s]
5.0.Mp: Trace Attempt 866	[12.23 s]
5.0.Ht: Trace Attempt 717	[197.15 s]
5.0.D: Stopped processing property "my_uart_rx7to7.auto_sva_inst.invalid_ctl_forces_sign_low_next"	[12.18 s].
5.0.D: Morphing to Tri
5.0.D: Trace Attempt 30	[0.59 s]
5.0.D: All properties determined. [0.00 s]
5.0.D: Exited with Success (@ 0.00 s)
5.0.Tri: clocks: 1, declared: 1, disabling: 0, posedge: 1, negedge: 0, noedge: 0, bothedge: 0
5.0.Tri: Starting proof for property "my_uart_rx7to7.auto_sva_inst.invalid_ctl_forces_sign_low_next"	[0.00 s].
5.0.Tri: Trace Attempt  1	[0.00 s]
5.0.Tri:    0.00" ---- Launching main thread ----
5.0.Tri:    0.22" ---- Launching abstraction thread ----
5.0.Mp: Trace Attempt 1117	[16.36 s]
5.0.Tri:    0.25" ---- Launching multi-phase simplification thread ----
5.0.Tri: Trace Attempt  2	[0.34 s]
5.0.Tri: Trace Attempt  3	[0.34 s]
5.0.Tri: Trace Attempt  4	[0.34 s]
5.0.Tri: Trace Attempt  5	[0.34 s]
5.0.Tri:    1.34" Simplification phase 1 complete
5.0.Tri:    1.40" Simplification phase 2 complete
5.0.Tri:    1.47" Simplification phase 3 complete
   1.47" ---- Completed simplification thread ----
5.0.Tri:    1.47" ---- Restarting main thread on simplified netlist ----
5.0.Tri:    1.69" ---- Restarting abstraction thread on simplified netlist ----
5.0.Tri: Requesting engine job to stop
5.0.Ncustom1: Requesting engine job to stop
5.0.Ht: Requesting engine job to terminate
5.0.Mp: Requesting engine job to terminate
INFO (IPF144): 5: Initiating shutdown of proof [201.57 s]
5.0.Tri: Trace Attempt 3337	[0.90 s]
5.0.Tri: A trace with 3337 cycles was found. [4.27 s]
INFO (IPF055): 5.0.Tri: A counterexample (cex) with 3337 cycles was found for the property "my_uart_rx7to7.auto_sva_inst.invalid_ctl_forces_sign_low_next" in 4.29 s.
5.0.Tri: Stopped processing property "my_uart_rx7to7.auto_sva_inst.invalid_ctl_forces_sign_low_next"	[4.29 s].
5.0.Tri: All properties determined. [4.29 s]
5.0.Ncustom1: Stopped processing property "my_uart_rx7to7.auto_sva_inst.invalid_ctl_forces_sign_low_next"	[11.97 s].
5.0.Ncustom1: All properties determined. [11.97 s]
5.0.Tri: Exited with Success (@ 201.64 s)
5: ProofGrid usable level: 0
5.0.Ncustom1: Exited with Success (@ 201.67 s)
5.0.Mp: Trace Attempt 1396	[20.33 s]
5.0.Mp: All properties determined. [20.47 s]
5.0.Mp: Sending SIGKILL
5.0.Ht: Sending SIGKILL
5.0.Mp: Exited with Success (@ 203.71 s)
5.0.Ht: Trace Attempt 1116	[197.34 s]
5.0.Ht: Terminated by signal SIGKILL (@ 203.71 s)
5: --------------------------------------------------------------
ProofGrid Summary (utilization 99.97 %)
--------------------------------------------------------------
     engines started                               :    11
     engine jobs started                           :     4

    Average time in state (seconds)
    ------------------------------------------------------
    Engine  Pending     Running        Dead    Utilization
    ------------------------------------------------------
     Ht        0.07      201.50        0.00       99.97 %
     Mp        0.06      201.55        0.00       99.97 %
    Tri        0.07      201.45        0.00       99.97 %
    Ncustom1        0.07      201.36        0.00       99.97 %
    all        0.07      201.47        0.00       99.97 %

    Total time in state (seconds)
    -----------------------------------------
            Pending     Running        Dead  
    -----------------------------------------
               0.26      805.86        0.00

    Data read    : 2.75 MiB
    Data written : 92.66 kiB

5: All pending notifications were processed.
INFO (IPF059): Completed proof on task: "<embedded>" for proof thread 5
INFO (IVS015): Setting Visualize task to "<embedded>".
INFO (IVS008): Expanding analysis region to enable visualization of "<embedded>::my_uart_rx7to7.auto_sva_inst.invalid_ctl_forces_sign_low_next".
INFO (IPF031): Settings used for proof thread 6:
    orchestration                 = off (auto)
    time_limit                    = 3600s
    per_property_time_limit       = 1s * 10 ^ scan
    engine_mode                   = Ht Hp B N 
    proofgrid_per_engine_max_jobs = 1
    max engine jobs               = Ht Hp B N, total 2
    proofgrid_mode                = local
    proofgrid_restarts            = 10
ERROR (EVS053): No trace satisfying these configurations exists for any max_length.
WARNING (WVS028): Saved trace only contains values for the target's COI.
    Use "set_trace_optimization standard" before running Visualize to save values for the full design.
DEBUG: Approach 1 (force re-prove) failed: ERROR (EVS125): No Visualize trace is available for "visualize -save -vcd".

DEBUG: Approach 2 (-new_trace) failed: ERROR (ESW104): Invalid command formation.
    Problem occurs with "-violation -new_trace".

INFO (IPF036): Starting proof on task: "<embedded>", 1 properties to prove with 0 already proven/unreachable
INFO (IPF031): Settings used for proof thread 7:
    orchestration                 = on (auto)
    time_limit                    = 3600s
    per_property_time_limit       = 1s * 10 ^ scan
    engine_mode                   = auto
    proofgrid_per_engine_max_jobs = 1
    max engine jobs               = auto
    proofgrid_mode                = local
    proofgrid_restarts            = 10
7: Using multistage preprocessing
7: Starting reduce
7: Finished reduce in 0s
7.0.PRE: Performing Proof Simplification...
7.0.N: clocks: 2, declared: 1, disabling: 0, posedge: 2, negedge: 0, noedge: 0, bothedge: 0
7.0.N: Proof Simplification Iteration 1	[0.00 s]
7.0.N: Proof Simplification Iteration 2	[0.00 s]
7.0.N: Proof Simplification Iteration 3	[0.00 s]
7.0.PRE: A proof was found: No trace exists. [0.00 s]
INFO (IPF057): 7.0.PRE: The property ":noDeadEnd" was proven in 0.00 s.
    Use check_assumptions -show -dead_end to show this property in the property table.
7.0.PRE: Proof Simplification completed in 0.00 s
7: About to start ProofGrid in its own thread with a limit of 10000 pending notifications and a limit of 10 traces.
7: =============================== ProofGrid start ===============================
7: ProofGrid usable level: 1
7: ProofGrid is starting event handling
7.0.N: Proofgrid shell started at 1751854@della-h14n3(local) jg_1749608_della-h14n3_8
7.0.Hp: Proofgrid shell started at 1751855@della-h14n3(local) jg_1749608_della-h14n3_8
7.0.N: OS RSS memory limit : 68719476736 / 68719476736
7.0.Hp: OS RSS memory limit : 68719476736 / 68719476736
7.0.N: clocks: 1, declared: 1, disabling: 0, posedge: 1, negedge: 0, noedge: 0, bothedge: 0
7.0.N: Last scan. Per property time limit: 0s
7.0.N: Starting proof for property "my_uart_rx7to7.auto_sva_inst.invalid_ctl_forces_sign_low_next"	[0.00 s].
7.0.N: Trace Attempt  1	[0.00 s]
7.0.N: A max_length bound was found. The shortest trace is no longer than 67108864 cycles. [0.00 s]
INFO (IPF008): 7.0.N: A max_length bound of 67108864 was found for the property "my_uart_rx7to7.auto_sva_inst.invalid_ctl_forces_sign_low_next" in 0.00 s.
7.0.N: Trace Attempt  2	[0.00 s]
7.0.N: Trace Attempt  2	[0.00 s]
7.0.N: Trace Attempt  3	[0.00 s]
7.0.N: Trace Attempt  3	[0.00 s]
7.0.N: Trace Attempt  4	[0.00 s]
7.0.N: Trace Attempt  5	[0.00 s]
7.0.Hp: clocks: 1, declared: 1, disabling: 0, posedge: 1, negedge: 0, noedge: 0, bothedge: 0
7.0.N: Trace Attempt  1	[0.04 s]
7.0.N: Trace Attempt  2	[0.04 s]
7.0.N: Trace Attempt  3	[0.04 s]
7.0.Ht: Proofgrid shell started at 1751868@della-h14n3(local) jg_1749608_della-h14n3_8
7.0.Ht: OS RSS memory limit : 68719476736 / 68719476736
7.0.Ht: clocks: 1, declared: 1, disabling: 0, posedge: 1, negedge: 0, noedge: 0, bothedge: 0
7.0.Ht: Trace Attempt  1	[0.00 s]
7.0.Ht: Trace Attempt  2	[0.00 s]
7.0.Ht: Trace Attempt  3	[0.00 s]
7.0.Ht: Trace Attempt  4	[0.00 s]
7.0.Ht: Trace Attempt  5	[0.00 s]
7.0.B: Proofgrid shell started at 1751869@della-h14n3(local) jg_1749608_della-h14n3_8
7.0.B: OS RSS memory limit : 68719476736 / 68719476736
7.0.B: clocks: 1, declared: 1, disabling: 0, posedge: 1, negedge: 0, noedge: 0, bothedge: 0
7.0.B: Last scan. Per property time limit: 0s
7.0.B: Starting proof for property "my_uart_rx7to7.auto_sva_inst.invalid_ctl_forces_sign_low_next"	[0.00 s].
7.0.B: Trace Attempt  1	[0.00 s]
7.0.B: Trace Attempt  2	[0.00 s]
7.0.B: Trace Attempt  3	[0.00 s]
7.0.B: Trace Attempt  4	[0.00 s]
7.0.B: Trace Attempt  5	[0.00 s]
7.0.N: Trace Attempt 361	[4.04 s]
7.0.B: Trace Attempt 90	[4.01 s]
7.0.B: Trace Attempt 131	[8.08 s]
7.0.N: Trace Attempt 476	[8.33 s]
7.0.B: Trace Attempt 162	[12.15 s]
7.0.N: Trace Attempt 557	[12.44 s]
7.0.B: Trace Attempt 183	[16.18 s]
7.0.N: Trace Attempt 579	[16.48 s]
7.0.B: Trace Attempt 201	[20.18 s]
7.0.N: Trace Attempt 610	[20.65 s]
7.0.Ht: Trace Attempt 218	[23.72 s]
7.0.B: Trace Attempt 219	[24.30 s]
7.0.N: Trace Attempt 637	[25.14 s]
7.0.B: Trace Attempt 233	[28.42 s]
7.0.N: Trace Attempt 665	[29.57 s]
7.0.B: Trace Attempt 245	[32.74 s]
7.0.N: Trace Attempt 672	[33.74 s]
7.0.B: Trace Attempt 253	[36.94 s]
7.0.B: Trace Attempt 262	[41.07 s]
7.0.B: Trace Attempt 269	[51.61 s]
7.0.B: Trace Attempt 270	[58.18 s]
7.0.B: Trace Attempt 271	[64.33 s]
7.0.B: Trace Attempt 281	[68.36 s]
7.0.B: Trace Attempt 299	[72.36 s]
7.0.B: Trace Attempt 308	[76.45 s]
7.0.B: Trace Attempt 319	[80.49 s]
7.0.B: Trace Attempt 335	[85.25 s]
7.0.B: Trace Attempt 350	[89.45 s]
7.0.B: Trace Attempt 363	[93.59 s]
7.0.B: Trace Attempt 376	[97.71 s]
7.0.B: Trace Attempt 387	[101.84 s]
7.0.B: Trace Attempt 395	[106.58 s]
7.0.B: Trace Attempt 401	[111.39 s]
7.0.B: Trace Attempt 409	[115.42 s]
7.0.B: Trace Attempt 415	[120.07 s]
7.0.B: Trace Attempt 422	[124.12 s]
7.0.B: Trace Attempt 430	[128.80 s]
7.0.B: Trace Attempt 435	[132.90 s]
7.0.B: Trace Attempt 444	[137.68 s]
7.0.B: Trace Attempt 448	[142.22 s]
7.0.B: Trace Attempt 460	[146.51 s]
7.0.B: Trace Attempt 467	[153.11 s]
7.0.B: Trace Attempt 480	[157.13 s]
7.0.B: Trace Attempt 486	[161.86 s]
7.0.B: Trace Attempt 492	[165.90 s]
7.0.B: Trace Attempt 499	[170.64 s]
7.0.B: Trace Attempt 504	[174.90 s]
7.0.B: Trace Attempt 511	[178.97 s]
7.0.Hp: Interrupted (multi)
7.0.Hp: Morphing to Mp
7.0.Hp: All properties determined. [0.00 s]
7.0.Hp: Exited with Success (@ 0.00 s)
7.0.Mp: clocks: 1, declared: 1, disabling: 0, posedge: 1, negedge: 0, noedge: 0, bothedge: 0
7.0.Mp: Trace Attempt  1	[0.00 s]
7.0.Mp: Trace Attempt  2	[0.00 s]
7.0.Mp: Trace Attempt  3	[0.00 s]
7.0.Mp: Trace Attempt  3	[0.00 s]
7.0.Mp: Trace Attempt  3	[0.00 s]
7.0.Mp: Trace Attempt  4	[0.00 s]
7.0.Mp: Trace Attempt  5	[0.00 s]
7.0.Mp: Trace Attempt  5	[0.01 s]
7.0.B: Stopped processing property "my_uart_rx7to7.auto_sva_inst.invalid_ctl_forces_sign_low_next"	[180.95 s].
7.0.B: Morphing to Tri
7.0.B: Trace Attempt 516	[180.82 s]
7.0.B: All properties determined. [0.00 s]
7.0.B: Exited with Success (@ 0.00 s)
7.0.Tri: clocks: 1, declared: 1, disabling: 0, posedge: 1, negedge: 0, noedge: 0, bothedge: 0
7.0.N: Stopped processing property "my_uart_rx7to7.auto_sva_inst.invalid_ctl_forces_sign_low_next"	[181.02 s].
7.0.N: Morphing to AM
7.0.N: Trace Attempt 677	[34.64 s]
7.0.N: All properties determined. [0.00 s]
7.0.N: Exited with Success (@ 0.00 s)
7.0.AM: clocks: 1, declared: 1, disabling: 0, posedge: 1, negedge: 0, noedge: 0, bothedge: 0
7.0.AM: Starting proof for property "my_uart_rx7to7.auto_sva_inst.invalid_ctl_forces_sign_low_next"	[0.00 s].
7.0.AM: Trace Attempt  1	[0.00 s]
7.0.AM: Trace Attempt  2	[0.00 s]
7.0.AM: Trace Attempt  3	[0.00 s]
7.0.AM: Trace Attempt  4	[0.00 s]
7.0.AM: Trace Attempt  5	[0.00 s]
7.0.AM: Trace Attempt  1	[0.01 s]
7.0.AM: Trace Attempt  2	[0.01 s]
7.0.AM: Trace Attempt  3	[0.01 s]
7.0.AM: Trace Attempt  1	[0.03 s]
7.0.AM: Trace Attempt  2	[0.03 s]
7.0.AM: Trace Attempt  3	[0.03 s]
7.0.Tri: Starting proof for property "my_uart_rx7to7.auto_sva_inst.invalid_ctl_forces_sign_low_next"	[0.00 s].
7.0.Tri: Trace Attempt  1	[0.00 s]
7.0.Tri:    0.00" ---- Launching main thread ----
7.0.AM: Trace Attempt  1	[0.33 s]
7.0.AM: Trace Attempt  2	[0.33 s]
7.0.AM: Trace Attempt  3	[0.33 s]
7.0.Tri:    0.28" ---- Launching abstraction thread ----
7.0.Tri:    0.32" ---- Launching multi-phase simplification thread ----
7.0.Tri: Trace Attempt  2	[0.43 s]
7.0.Tri: Trace Attempt  3	[0.43 s]
7.0.Tri: Trace Attempt  4	[0.43 s]
7.0.Tri: Trace Attempt  5	[0.43 s]
7.0.Tri: Stopped processing property "my_uart_rx7to7.auto_sva_inst.invalid_ctl_forces_sign_low_next"	[0.81 s].
7.0.Tri: Morphing to I
7.0.Tri: Trace Attempt 1047	[0.81 s]
7.0.Tri: All properties determined. [0.00 s]
7.0.Tri: Exited with Success (@ 0.00 s)
7.0.I: clocks: 1, declared: 1, disabling: 0, posedge: 1, negedge: 0, noedge: 0, bothedge: 0
7.0.I: Starting proof for property "my_uart_rx7to7.auto_sva_inst.invalid_ctl_forces_sign_low_next"	[0.00 s].
7.0.I: Trace Attempt 14	[0.00 s]
7.0.I: Trace Attempt  1	[0.03 s]
7.0.I: Trace Attempt  2	[0.03 s]
7.0.I: Trace Attempt  3	[0.03 s]
7.0.I: Trace Attempt  4	[0.03 s]
7.0.Mp: Trace Attempt 345	[4.01 s]
7.0.I: Stopped processing property "my_uart_rx7to7.auto_sva_inst.invalid_ctl_forces_sign_low_next"	[3.03 s].
7.0.I: Morphing to AD
7.0.I: Trace Attempt 32	[0.52 s]
7.0.I: All properties determined. [0.00 s]
7.0.I: Exited with Success (@ 0.00 s)
7.0.AD: clocks: 1, declared: 1, disabling: 0, posedge: 1, negedge: 0, noedge: 0, bothedge: 0
7.0.AD: Starting proof for property "my_uart_rx7to7.auto_sva_inst.invalid_ctl_forces_sign_low_next"	[0.00 s].
7.0.AD: Trace Attempt  1	[0.00 s]
7.0.AD: Trace Attempt  2	[0.00 s]
7.0.AD: Trace Attempt  3	[0.00 s]
7.0.AD: Trace Attempt  4	[0.00 s]
7.0.AD: Trace Attempt  5	[0.00 s]
7.0.AD: Trace Attempt  1	[0.01 s]
7.0.AD: Trace Attempt  2	[0.01 s]
7.0.AD: Trace Attempt  3	[0.01 s]
7.0.AD: Trace Attempt  4	[0.01 s]
7.0.AD: Trace Attempt  1	[0.06 s]
7.0.AD: Trace Attempt  2	[0.06 s]
7.0.AD: Trace Attempt  3	[0.06 s]
7.0.AD: Trace Attempt  4	[0.06 s]
7.0.AM: Stopped processing property "my_uart_rx7to7.auto_sva_inst.invalid_ctl_forces_sign_low_next"	[4.00 s].
7.0.AM: Morphing to D
7.0.AM: Trace Attempt 138	[3.88 s]
7.0.AM: All properties determined. [0.00 s]
7.0.AM: Exited with Success (@ 0.00 s)
7.0.D: clocks: 1, declared: 1, disabling: 0, posedge: 1, negedge: 0, noedge: 0, bothedge: 0
7.0.D: Starting proof for property "my_uart_rx7to7.auto_sva_inst.invalid_ctl_forces_sign_low_next"	[0.00 s].
7.0.D: Trace Attempt  1	[0.00 s]
7.0.D: Trace Attempt  2	[0.00 s]
7.0.D: Trace Attempt  3	[0.00 s]
7.0.D: Trace Attempt  4	[0.00 s]
7.0.D: Trace Attempt  5	[0.00 s]
7.0.Mp: Trace Attempt 601	[8.12 s]
7.0.AD: Stopped processing property "my_uart_rx7to7.auto_sva_inst.invalid_ctl_forces_sign_low_next"	[4.60 s].
7.0.AD: Morphing to Ncustom1
7.0.AD: Trace Attempt 49	[3.19 s]
7.0.AD: All properties determined. [0.00 s]
7.0.AD: Exited with Success (@ 0.00 s)
7.0.Ncustom1: clocks: 1, declared: 1, disabling: 0, posedge: 1, negedge: 0, noedge: 0, bothedge: 0
7.0.Ncustom1: Starting proof for property "my_uart_rx7to7.auto_sva_inst.invalid_ctl_forces_sign_low_next"	[0.00 s].
7.0.Ncustom1: Trace Attempt 677	[0.07 s]
7.0.Mp: Trace Attempt 866	[12.37 s]
7.0.Mp: Trace Attempt 1117	[16.48 s]
7.0.D: Stopped processing property "my_uart_rx7to7.auto_sva_inst.invalid_ctl_forces_sign_low_next"	[12.63 s].
7.0.D: Morphing to Tri
7.0.D: Trace Attempt 30	[0.60 s]
7.0.D: All properties determined. [0.00 s]
7.0.D: Exited with Success (@ 0.00 s)
7.0.Tri: clocks: 1, declared: 1, disabling: 0, posedge: 1, negedge: 0, noedge: 0, bothedge: 0
7.0.Tri: Starting proof for property "my_uart_rx7to7.auto_sva_inst.invalid_ctl_forces_sign_low_next"	[0.00 s].
7.0.Tri: Trace Attempt  1	[0.00 s]
7.0.Tri:    0.00" ---- Launching main thread ----
7.0.Tri:    0.23" ---- Launching abstraction thread ----
7.0.Tri:    0.27" ---- Launching multi-phase simplification thread ----
7.0.Tri: Trace Attempt  2	[0.35 s]
7.0.Tri: Trace Attempt  3	[0.35 s]
7.0.Tri: Trace Attempt  4	[0.35 s]
7.0.Tri: Trace Attempt  5	[0.35 s]
7.0.Tri: Requesting engine job to stop
7.0.Ncustom1: Requesting engine job to stop
7.0.Ht: Requesting engine job to terminate
7.0.Mp: Requesting engine job to terminate
INFO (IPF144): 7: Initiating shutdown of proof [198.94 s]
7.0.Tri: Trace Attempt 3337	[1.19 s]
7.0.Tri: A trace with 3337 cycles was found. [1.20 s]
INFO (IPF055): 7.0.Tri: A counterexample (cex) with 3337 cycles was found for the property "my_uart_rx7to7.auto_sva_inst.invalid_ctl_forces_sign_low_next" in 1.23 s.
7.0.Ht: Interrupted (multi)
7.0.Ht: Trace Attempt 634	[23.97 s]
7.0.Ht: All properties determined. [198.87 s]
7.0.Tri: Stopped processing property "my_uart_rx7to7.auto_sva_inst.invalid_ctl_forces_sign_low_next"	[1.23 s].
7.0.Tri: All properties determined. [1.23 s]
7.0.Ht: Exited with Success (@ 199.00 s)
7: ProofGrid usable level: 0
7.0.Tri: Exited with Success (@ 199.00 s)
7.0.Ncustom1: Stopped processing property "my_uart_rx7to7.auto_sva_inst.invalid_ctl_forces_sign_low_next"	[9.45 s].
7.0.Ncustom1: All properties determined. [9.45 s]
7.0.Mp: Trace Attempt 1257	[17.80 s]
7.0.Mp: All properties determined. [18.07 s]
7.0.Ncustom1: Exited with Success (@ 199.02 s)
7.0.Mp: Exited with Success (@ 199.02 s)
7: --------------------------------------------------------------
ProofGrid Summary (utilization 99.95 %)
--------------------------------------------------------------
     engines started                               :    11
     engine jobs started                           :     4

    Average time in state (seconds)
    ------------------------------------------------------
    Engine  Pending     Running        Dead    Utilization
    ------------------------------------------------------
     Ht        0.06      198.87        0.00       99.97 %
     Mp        0.12      198.90        0.00       99.94 %
    Tri        0.12      198.74        0.00       99.94 %
    Ncustom1        0.08      198.73        0.00       99.96 %
    all        0.09      198.81        0.00       99.95 %

    Total time in state (seconds)
    -----------------------------------------
            Pending     Running        Dead  
    -----------------------------------------
               0.38      795.24        0.00

    Data read    : 2.37 MiB
    Data written : 92.43 kiB

7: All pending notifications were processed.
INFO (IPF059): Completed proof on task: "<embedded>" for proof thread 7
INFO (IVS015): Setting Visualize task to "<embedded>".
INFO (IVS008): Expanding analysis region to enable visualization of "<embedded>::my_uart_rx7to7.auto_sva_inst.invalid_ctl_forces_sign_low_next".
INFO (IPF031): Settings used for proof thread 8:
    orchestration                 = off (auto)
    time_limit                    = 3600s
    per_property_time_limit       = 1s * 10 ^ scan
    engine_mode                   = Ht Hp B N 
    proofgrid_per_engine_max_jobs = 1
    max engine jobs               = Ht Hp B N, total 2
    proofgrid_mode                = local
    proofgrid_restarts            = 10
ERROR (EVS053): No trace satisfying these configurations exists for any max_length.
WARNING (WVS028): Saved trace only contains values for the target's COI.
    Use "set_trace_optimization standard" before running Visualize to save values for the full design.
DEBUG: Approach 3 (auto engine) failed: ERROR (EVS125): No Visualize trace is available for "visualize -save -vcd".

WARN: Could not dump VCD for <embedded>::my_uart_rx7to7.auto_sva_inst.invalid_ctl_forces_sign_low_next (all approaches failed)
INFO (IPF036): Starting proof on task: "<embedded>", 1 properties to prove with 0 already proven/unreachable
INFO (IPF031): Settings used for proof thread 9:
    orchestration                 = on (auto)
    time_limit                    = 3600s
    per_property_time_limit       = 1s * 10 ^ scan
    engine_mode                   = auto
    proofgrid_per_engine_max_jobs = 1
    max engine jobs               = auto
    proofgrid_mode                = local
    proofgrid_restarts            = 10
9: Using multistage preprocessing
9: Starting reduce
9: Finished reduce in 0s
9.0.PRE: Performing Proof Simplification...
9.0.N: clocks: 2, declared: 1, disabling: 0, posedge: 2, negedge: 0, noedge: 0, bothedge: 0
9.0.N: Proof Simplification Iteration 1	[0.00 s]
9.0.PRE: A proof was found: No trace exists. [0.00 s]
INFO (IPF057): 9.0.PRE: The property ":noDeadEnd" was proven in 0.00 s.
    Use check_assumptions -show -dead_end to show this property in the property table.
9.0.PRE: Proof Simplification completed in 0.00 s
9: About to start ProofGrid in its own thread with a limit of 10000 pending notifications and a limit of 10 traces.
9: =============================== ProofGrid start ===============================
9: ProofGrid usable level: 1
9: ProofGrid is starting event handling
9.0.Hp: Proofgrid shell started at 1752850@della-h14n3(local) jg_1749608_della-h14n3_10
9.0.N: Proofgrid shell started at 1752849@della-h14n3(local) jg_1749608_della-h14n3_10
9.0.Hp: OS RSS memory limit : 68719476736 / 68719476736
9.0.N: OS RSS memory limit : 68719476736 / 68719476736
9.0.Hp: clocks: 1, declared: 1, disabling: 0, posedge: 1, negedge: 0, noedge: 0, bothedge: 0
9.0.N: clocks: 1, declared: 1, disabling: 0, posedge: 1, negedge: 0, noedge: 0, bothedge: 0
9.0.N: Last scan. Per property time limit: 0s
9.0.N: Starting proof for property "my_uart_rx7to7.auto_sva_inst.sign_rise_requires_prev_valid_ctl"	[0.00 s].
9.0.N: Trace Attempt  1	[0.00 s]
9.0.N: A max_length bound was found. The shortest trace is no longer than 134217728 cycles. [0.00 s]
INFO (IPF008): 9.0.N: A max_length bound of 134217728 was found for the property "my_uart_rx7to7.auto_sva_inst.sign_rise_requires_prev_valid_ctl" in 0.00 s.
9.0.N: Trace Attempt  2	[0.00 s]
9.0.N: Trace Attempt  2	[0.00 s]
9.0.N: Trace Attempt  3	[0.00 s]
9.0.N: Trace Attempt  4	[0.00 s]
9.0.N: Trace Attempt  4	[0.00 s]
9.0.N: Trace Attempt  5	[0.00 s]
9.0.N: Trace Attempt  1	[0.03 s]
9.0.N: Trace Attempt  2	[0.03 s]
9.0.N: Trace Attempt  3	[0.03 s]
9.0.Ht: Proofgrid shell started at 1752863@della-h14n3(local) jg_1749608_della-h14n3_10
9.0.Ht: OS RSS memory limit : 68719476736 / 68719476736
9.0.B: Proofgrid shell started at 1752864@della-h14n3(local) jg_1749608_della-h14n3_10
9.0.Ht: clocks: 1, declared: 1, disabling: 0, posedge: 1, negedge: 0, noedge: 0, bothedge: 0
9.0.B: OS RSS memory limit : 68719476736 / 68719476736
9.0.B: clocks: 1, declared: 1, disabling: 0, posedge: 1, negedge: 0, noedge: 0, bothedge: 0
9.0.B: Last scan. Per property time limit: 0s
9.0.B: Starting proof for property "my_uart_rx7to7.auto_sva_inst.sign_rise_requires_prev_valid_ctl"	[0.00 s].
9.0.B: Trace Attempt  1	[0.00 s]
9.0.Ht: Trace Attempt  1	[0.00 s]
9.0.Ht: Trace Attempt  2	[0.00 s]
9.0.Ht: Trace Attempt  3	[0.00 s]
9.0.Ht: Trace Attempt  4	[0.00 s]
9.0.Ht: Trace Attempt  5	[0.00 s]
9.0.B: Trace Attempt  2	[0.00 s]
9.0.B: Trace Attempt  3	[0.00 s]
9.0.B: Trace Attempt  4	[0.00 s]
9.0.B: Trace Attempt  5	[0.00 s]
9.0.B: Trace Attempt 99	[4.02 s]
9.0.B: Trace Attempt 136	[8.12 s]
9.0.N: Trace Attempt 159	[10.47 s]
9.0.N: Trace Attempt  1	[10.89 s]
9.0.N: Trace Attempt  2	[10.89 s]
9.0.N: Trace Attempt  3	[10.89 s]
9.0.B: Trace Attempt 161	[12.15 s]
9.0.Hp: Trace Attempt  1	[13.22 s]
9.0.Hp: Trace Attempt  2	[13.22 s]
9.0.Hp: Trace Attempt  3	[13.22 s]
9.0.Hp: Trace Attempt  4	[13.22 s]
9.0.Hp: Trace Attempt  5	[13.22 s]
9.0.Ht: Trace Attempt 146	[15.01 s]
9.0.B: Trace Attempt 182	[16.27 s]
9.0.Ht: Trace Attempt 176	[19.64 s]
9.0.B: Trace Attempt 195	[20.36 s]
9.0.N: Trace Attempt 164	[23.02 s]
9.0.N: Trace Attempt  1	[23.40 s]
9.0.N: Trace Attempt  2	[23.40 s]
9.0.N: Trace Attempt  3	[23.40 s]
9.0.Ht: Trace Attempt 205	[23.71 s]
9.0.B: Trace Attempt 210	[24.44 s]
9.0.N: Trace Attempt 319	[27.40 s]
9.0.B: Trace Attempt 224	[28.48 s]
9.0.B: Trace Attempt 232	[36.92 s]
9.0.Ht: Trace Attempt 281	[40.55 s]
9.0.Ht: Trace Attempt 323	[52.17 s]
9.0.B: Trace Attempt 233	[54.00 s]
9.0.Ht: Trace Attempt 334	[56.20 s]
9.0.Ht: Trace Attempt 359	[60.32 s]
9.0.B: Trace Attempt 234	[61.16 s]
9.0.Ht: Trace Attempt 373	[64.33 s]
9.0.B: Trace Attempt 235	[67.87 s]
9.0.Ht: Trace Attempt 393	[68.41 s]
9.0.B: Trace Attempt 253	[72.44 s]
9.0.Ht: Trace Attempt 404	[73.52 s]
9.0.B: Trace Attempt 266	[76.83 s]
9.0.Ht: Trace Attempt 418	[77.67 s]
9.0.B: Trace Attempt 276	[80.85 s]
9.0.Ht: Trace Attempt 434	[81.91 s]
9.0.B: Trace Attempt 287	[85.34 s]
9.0.Ht: Trace Attempt 443	[86.28 s]
9.0.B: Trace Attempt 295	[90.33 s]
9.0.Ht: Trace Attempt 459	[90.54 s]
9.0.B: Trace Attempt 304	[94.44 s]
9.0.Ht: Trace Attempt 469	[95.96 s]
9.0.B: Trace Attempt 314	[98.79 s]
9.0.Ht: Trace Attempt 480	[100.07 s]
9.0.B: Trace Attempt 318	[103.12 s]
9.0.Ht: Trace Attempt 490	[104.45 s]
9.0.B: Trace Attempt 326	[108.16 s]
9.0.Ht: Trace Attempt 500	[110.98 s]
9.0.B: Trace Attempt 332	[112.37 s]
9.0.Ht: Trace Attempt 518	[115.32 s]
9.0.B: Trace Attempt 339	[117.20 s]
9.0.Ht: Trace Attempt 528	[119.54 s]
9.0.B: Trace Attempt 344	[121.77 s]
9.0.Ht: Trace Attempt 533	[125.57 s]
9.0.B: Trace Attempt 351	[126.53 s]
9.0.Ht: Trace Attempt 547	[129.75 s]
9.0.B: Trace Attempt 358	[131.88 s]
9.0.Ht: Trace Attempt 561	[133.95 s]
9.0.B: Trace Attempt 367	[136.00 s]
9.0.N: Trace Attempt 323	[136.78 s]
9.0.N: Trace Attempt  1	[137.69 s]
9.0.N: Trace Attempt  2	[137.69 s]
9.0.N: Trace Attempt  3	[137.69 s]
9.0.Ht: Trace Attempt 573	[141.21 s]
9.0.N: Trace Attempt 353	[141.94 s]
9.0.B: Trace Attempt 374	[142.96 s]
9.0.N: Trace Attempt 646	[145.96 s]
9.0.Ht: Trace Attempt 590	[146.76 s]
9.0.B: Trace Attempt 375	[148.85 s]
9.0.N: Trace Attempt 922	[150.35 s]
9.0.N: Trace Attempt 1191	[155.37 s]
9.0.B: Trace Attempt 378	[157.48 s]
9.0.N: Trace Attempt 1481	[159.38 s]
9.0.N: Trace Attempt 1606	[164.53 s]
9.0.N: Trace Attempt 2017	[168.53 s]
9.0.B: Trace Attempt 379	[169.75 s]
9.0.N: Trace Attempt 2105	[172.59 s]
9.0.B: Trace Attempt 381	[174.20 s]
9.0.N: Trace Attempt 2148	[177.10 s]
9.0.B: Stopped processing property "my_uart_rx7to7.auto_sva_inst.sign_rise_requires_prev_valid_ctl"	[180.94 s].
9.0.B: Morphing to Tri
9.0.B: Trace Attempt 384	[175.53 s]
9.0.B: All properties determined. [0.00 s]
9.0.B: Exited with Success (@ 0.00 s)
9.0.Tri: clocks: 1, declared: 1, disabling: 0, posedge: 1, negedge: 0, noedge: 0, bothedge: 0
9.0.Tri: Starting proof for property "my_uart_rx7to7.auto_sva_inst.sign_rise_requires_prev_valid_ctl"	[0.00 s].
9.0.Tri: Trace Attempt  1	[0.00 s]
9.0.Tri:    0.00" ---- Launching main thread ----
9.0.N: Stopped processing property "my_uart_rx7to7.auto_sva_inst.sign_rise_requires_prev_valid_ctl"	[181.11 s].
9.0.N: Morphing to AM
9.0.N: Trace Attempt 2170	[180.83 s]
9.0.N: All properties determined. [0.00 s]
9.0.N: Exited with Success (@ 0.00 s)
9.0.AM: clocks: 1, declared: 1, disabling: 0, posedge: 1, negedge: 0, noedge: 0, bothedge: 0
9.0.AM: Starting proof for property "my_uart_rx7to7.auto_sva_inst.sign_rise_requires_prev_valid_ctl"	[0.00 s].
9.0.AM: Trace Attempt  1	[0.00 s]
9.0.AM: Trace Attempt  2	[0.00 s]
9.0.AM: Trace Attempt  3	[0.00 s]
9.0.AM: Trace Attempt  4	[0.00 s]
9.0.AM: Trace Attempt  5	[0.00 s]
9.0.AM: Trace Attempt  1	[0.01 s]
9.0.AM: Trace Attempt  2	[0.01 s]
9.0.AM: Trace Attempt  3	[0.01 s]
9.0.Tri:    0.23" ---- Launching abstraction thread ----
9.0.AM: Trace Attempt  1	[0.20 s]
9.0.AM: Trace Attempt  2	[0.20 s]
9.0.AM: Trace Attempt  3	[0.20 s]
9.0.Tri:    0.26" ---- Launching multi-phase simplification thread ----
9.0.Tri: Trace Attempt  2	[0.34 s]
9.0.Tri: Trace Attempt  3	[0.34 s]
9.0.Tri: Trace Attempt  4	[0.35 s]
9.0.Tri: Trace Attempt  5	[0.35 s]
9.0.Tri:    1.29" Simplification phase 1 complete
9.0.Tri:    1.38" Simplification phase 2 complete
9.0.Tri:    1.49" Simplification phase 3 complete
   1.49" ---- Completed simplification thread ----
9.0.Tri:    1.49" ---- Restarting main thread on simplified netlist ----
9.0.Tri:    1.71" ---- Restarting abstraction thread on simplified netlist ----
9.0.AM: Trace Attempt  1	[2.30 s]
9.0.AM: Trace Attempt  2	[2.30 s]
9.0.AM: Trace Attempt  3	[2.30 s]
9.0.Tri: Stopped processing property "my_uart_rx7to7.auto_sva_inst.sign_rise_requires_prev_valid_ctl"	[2.74 s].
9.0.Tri: Morphing to I
9.0.Tri: Trace Attempt 2658	[0.87 s]
9.0.Tri: All properties determined. [0.00 s]
9.0.Tri: Exited with Success (@ 0.00 s)
9.0.I: clocks: 1, declared: 1, disabling: 0, posedge: 1, negedge: 0, noedge: 0, bothedge: 0
9.0.I: Starting proof for property "my_uart_rx7to7.auto_sva_inst.sign_rise_requires_prev_valid_ctl"	[0.00 s].
9.0.I: Trace Attempt 164	[0.02 s]
9.0.AM: Trace Attempt 167	[7.07 s]
9.0.AM: Stopped processing property "my_uart_rx7to7.auto_sva_inst.sign_rise_requires_prev_valid_ctl"	[8.61 s].
9.0.AM: Morphing to D
9.0.AM: Trace Attempt 196	[8.60 s]
9.0.AM: All properties determined. [0.00 s]
9.0.AM: Exited with Success (@ 0.00 s)
9.0.D: clocks: 1, declared: 1, disabling: 0, posedge: 1, negedge: 0, noedge: 0, bothedge: 0
9.0.D: Starting proof for property "my_uart_rx7to7.auto_sva_inst.sign_rise_requires_prev_valid_ctl"	[0.00 s].
9.0.D: Trace Attempt  1	[0.00 s]
9.0.D: Trace Attempt  2	[0.00 s]
9.0.D: Trace Attempt  3	[0.00 s]
9.0.D: Trace Attempt  4	[0.00 s]
9.0.D: Trace Attempt  5	[0.01 s]
9.0.I: Stopped processing property "my_uart_rx7to7.auto_sva_inst.sign_rise_requires_prev_valid_ctl"	[5.93 s].
9.0.I: Morphing to AD
9.0.I: All properties determined. [0.00 s]
9.0.I: Exited with Success (@ 0.00 s)
9.0.AD: clocks: 1, declared: 1, disabling: 0, posedge: 1, negedge: 0, noedge: 0, bothedge: 0
9.0.AD: Starting proof for property "my_uart_rx7to7.auto_sva_inst.sign_rise_requires_prev_valid_ctl"	[0.00 s].
9.0.AD: Trace Attempt  1	[0.00 s]
9.0.AD: Trace Attempt  2	[0.00 s]
9.0.AD: Trace Attempt  3	[0.00 s]
9.0.AD: Trace Attempt  4	[0.00 s]
9.0.AD: Trace Attempt  5	[0.00 s]
9.0.AD: Trace Attempt  1	[0.01 s]
9.0.AD: Trace Attempt  2	[0.01 s]
9.0.AD: Trace Attempt  3	[0.01 s]
9.0.AD: Trace Attempt  4	[0.01 s]
9.0.Ht: Trace Attempt 698	[196.32 s]
9.0.AD: Stopped processing property "my_uart_rx7to7.auto_sva_inst.sign_rise_requires_prev_valid_ctl"	[6.69 s].
9.0.AD: Morphing to Ncustom1
9.0.AD: Trace Attempt 39	[2.85 s]
9.0.AD: All properties determined. [0.00 s]
9.0.AD: Exited with Success (@ 0.00 s)
9.0.Ncustom1: clocks: 1, declared: 1, disabling: 0, posedge: 1, negedge: 0, noedge: 0, bothedge: 0
9.0.Ncustom1: Starting proof for property "my_uart_rx7to7.auto_sva_inst.sign_rise_requires_prev_valid_ctl"	[0.00 s].
9.0.Ncustom1: Trace Attempt 322	[0.03 s]
9.0.Ncustom1: Stopped processing property "my_uart_rx7to7.auto_sva_inst.sign_rise_requires_prev_valid_ctl"	[27.73 s].
9.0.Ncustom1: Morphing to AMcustom2
9.0.Ncustom1: All properties determined. [0.00 s]
9.0.Ncustom1: Exited with Success (@ 0.00 s)
9.0.AMcustom2: clocks: 1, declared: 1, disabling: 0, posedge: 1, negedge: 0, noedge: 0, bothedge: 0
9.0.AMcustom2: Starting proof for property "my_uart_rx7to7.auto_sva_inst.sign_rise_requires_prev_valid_ctl"	[0.00 s].
9.0.AMcustom2: Trace Attempt  1	[0.00 s]
9.0.AMcustom2: Trace Attempt  2	[0.00 s]
9.0.AMcustom2: Trace Attempt  3	[0.00 s]
9.0.AMcustom2: Trace Attempt  4	[0.00 s]
9.0.AMcustom2: Trace Attempt  5	[0.00 s]
9.0.AMcustom2: Trace Attempt  1	[0.01 s]
9.0.AMcustom2: Trace Attempt  2	[0.01 s]
9.0.AMcustom2: Trace Attempt  3	[0.01 s]
9.0.AMcustom2: Trace Attempt  1	[0.19 s]
9.0.AMcustom2: Trace Attempt  2	[0.19 s]
9.0.AMcustom2: Trace Attempt  3	[0.19 s]
9.0.AMcustom2: Trace Attempt  1	[2.09 s]
9.0.AMcustom2: Trace Attempt  2	[2.09 s]
9.0.AMcustom2: Trace Attempt  3	[2.09 s]
9.0.AMcustom2: Trace Attempt 167	[6.83 s]
9.0.AMcustom2: Trace Attempt  1	[9.20 s]
9.0.AMcustom2: Trace Attempt  2	[9.20 s]
9.0.AMcustom2: Trace Attempt  3	[9.20 s]
9.0.Hp: Interrupted (multi)
9.0.Hp: Morphing to Mp
9.0.Hp: Trace Attempt 166	[13.35 s]
9.0.Hp: All properties determined. [0.00 s]
9.0.Hp: Exited with Success (@ 0.00 s)
9.0.Mp: clocks: 1, declared: 1, disabling: 0, posedge: 1, negedge: 0, noedge: 0, bothedge: 0
9.0.Mp: Trace Attempt  1	[0.00 s]
9.0.Mp: Trace Attempt  2	[0.00 s]
9.0.Mp: Trace Attempt  3	[0.00 s]
9.0.Mp: Trace Attempt  3	[0.00 s]
9.0.Mp: Trace Attempt  4	[0.00 s]
9.0.Mp: Trace Attempt  4	[0.00 s]
9.0.Mp: Trace Attempt  5	[0.00 s]
9.0.Mp: Trace Attempt  5	[0.00 s]
9.0.D: Stopped processing property "my_uart_rx7to7.auto_sva_inst.sign_rise_requires_prev_valid_ctl"	[51.65 s].
9.0.D: Morphing to Tri
9.0.D: Trace Attempt 39	[1.55 s]
9.0.D: All properties determined. [0.00 s]
9.0.D: Exited with Success (@ 0.00 s)
9.0.Tri: clocks: 1, declared: 1, disabling: 0, posedge: 1, negedge: 0, noedge: 0, bothedge: 0
9.0.Tri: Starting proof for property "my_uart_rx7to7.auto_sva_inst.sign_rise_requires_prev_valid_ctl"	[0.00 s].
9.0.Tri: Trace Attempt  1	[0.00 s]
9.0.Tri:    0.00" ---- Launching main thread ----
9.0.Tri:    0.22" ---- Launching abstraction thread ----
9.0.Tri:    0.25" ---- Launching multi-phase simplification thread ----
9.0.Tri: Trace Attempt  2	[0.34 s]
9.0.Tri: Trace Attempt  3	[0.34 s]
9.0.Tri: Trace Attempt  4	[0.34 s]
9.0.Tri: Trace Attempt  5	[0.34 s]
9.0.Tri:    1.25" Simplification phase 1 complete
9.0.Tri:    1.31" Simplification phase 2 complete
9.0.Tri:    1.38" Simplification phase 3 complete
   1.38" ---- Completed simplification thread ----
   1.38" ---- Restarting main thread on simplified netlist ----
9.0.Tri:    1.60" ---- Restarting abstraction thread on simplified netlist ----
9.0.AMcustom2: Trace Attempt 205	[19.13 s]
9.0.Mp: Trace Attempt 384	[4.01 s]
9.0.Tri: Requesting engine job to stop
9.0.AMcustom2: Requesting engine job to stop
9.0.Ht: Requesting engine job to terminate
9.0.Mp: Requesting engine job to terminate
INFO (IPF144): 9: Initiating shutdown of proof [245.59 s]
9.0.Tri: Trace Attempt 3337	[3.28 s]
9.0.Tri: A trace with 3337 cycles was found. [4.15 s]
INFO (IPF055): 9.0.Tri: A counterexample (cex) with 3337 cycles was found for the property "my_uart_rx7to7.auto_sva_inst.sign_rise_requires_prev_valid_ctl" in 4.18 s.
9.0.Tri: Stopped processing property "my_uart_rx7to7.auto_sva_inst.sign_rise_requires_prev_valid_ctl"	[4.18 s].
9.0.Tri: All properties determined. [4.18 s]
9.0.Mp: Trace Attempt 491	[4.57 s]
9.0.Mp: All properties determined. [4.63 s]
9.0.Ht: Interrupted (multi)
9.0.Tri: Exited with Success (@ 245.64 s)
9: ProofGrid usable level: 0
9.0.Mp: Exited with Success (@ 245.64 s)
9.0.Ht: Trace Attempt 2658	[197.57 s]
9.0.Ht: All properties determined. [245.57 s]
9.0.AMcustom2: Stopped processing property "my_uart_rx7to7.auto_sva_inst.sign_rise_requires_prev_valid_ctl"	[21.50 s].
9.0.AMcustom2: Trace Attempt 222	[21.33 s]
9.0.AMcustom2: All properties determined. [21.50 s]
9.0.AMcustom2: Exited with Success (@ 245.67 s)
9.0.Ht: Exited with Success (@ 245.67 s)
9: --------------------------------------------------------------
ProofGrid Summary (utilization 99.97 %)
--------------------------------------------------------------
     engines started                               :    12
     engine jobs started                           :     4

    Average time in state (seconds)
    ------------------------------------------------------
    Engine  Pending     Running        Dead    Utilization
    ------------------------------------------------------
     Ht        0.07      245.52        0.00       99.97 %
    Tri        0.08      245.45        0.00       99.97 %
    AMcustom2        0.07      245.26        0.00       99.97 %
     Mp        0.08      245.58        0.00       99.97 %
    all        0.07      245.45        0.00       99.97 %

    Total time in state (seconds)
    -----------------------------------------
            Pending     Running        Dead  
    -----------------------------------------
               0.30      981.81        0.00

    Data read    : 1.79 MiB
    Data written : 127.11 kiB

9: All pending notifications were processed.
INFO (IPF059): Completed proof on task: "<embedded>" for proof thread 9
INFO (IVS015): Setting Visualize task to "<embedded>".
INFO (IVS008): Expanding analysis region to enable visualization of "<embedded>::my_uart_rx7to7.auto_sva_inst.sign_rise_requires_prev_valid_ctl".
INFO (IPF031): Settings used for proof thread 10:
    orchestration                 = off (auto)
    time_limit                    = 3600s
    per_property_time_limit       = 1s * 10 ^ scan
    engine_mode                   = Ht Hp B N 
    proofgrid_per_engine_max_jobs = 1
    max engine jobs               = Ht Hp B N, total 2
    proofgrid_mode                = local
    proofgrid_restarts            = 10
ERROR (EVS053): No trace satisfying these configurations exists for any max_length.
WARNING (WVS028): Saved trace only contains values for the target's COI.
    Use "set_trace_optimization standard" before running Visualize to save values for the full design.
DEBUG: Approach 1 (force re-prove) failed: ERROR (EVS125): No Visualize trace is available for "visualize -save -vcd".

DEBUG: Approach 2 (-new_trace) failed: ERROR (ESW104): Invalid command formation.
    Problem occurs with "-violation -new_trace".

INFO (IPF036): Starting proof on task: "<embedded>", 1 properties to prove with 0 already proven/unreachable
INFO (IPF031): Settings used for proof thread 11:
    orchestration                 = on (auto)
    time_limit                    = 3600s
    per_property_time_limit       = 1s * 10 ^ scan
    engine_mode                   = auto
    proofgrid_per_engine_max_jobs = 1
    max engine jobs               = auto
    proofgrid_mode                = local
    proofgrid_restarts            = 10
11: Using multistage preprocessing
11: Starting reduce
11: Finished reduce in 0s
11.0.PRE: Performing Proof Simplification...
11.0.N: clocks: 2, declared: 1, disabling: 0, posedge: 2, negedge: 0, noedge: 0, bothedge: 0
11.0.N: Proof Simplification Iteration 1	[0.00 s]
11.0.PRE: A proof was found: No trace exists. [0.00 s]
INFO (IPF057): 11.0.PRE: The property ":noDeadEnd" was proven in 0.00 s.
    Use check_assumptions -show -dead_end to show this property in the property table.
11.0.PRE: Proof Simplification completed in 0.00 s
11: About to start ProofGrid in its own thread with a limit of 10000 pending notifications and a limit of 10 traces.
11: =============================== ProofGrid start ===============================
11: ProofGrid usable level: 1
11: ProofGrid is starting event handling
11.0.N: Proofgrid shell started at 1754051@della-h14n3(local) jg_1749608_della-h14n3_12
11.0.N: OS RSS memory limit : 68719476736 / 68719476736
11.0.Hp: Proofgrid shell started at 1754052@della-h14n3(local) jg_1749608_della-h14n3_12
11.0.N: clocks: 1, declared: 1, disabling: 0, posedge: 1, negedge: 0, noedge: 0, bothedge: 0
11.0.N: Last scan. Per property time limit: 0s
11.0.N: Starting proof for property "my_uart_rx7to7.auto_sva_inst.sign_rise_requires_prev_valid_ctl"	[0.00 s].
11.0.N: Trace Attempt  1	[0.00 s]
11.0.N: A max_length bound was found. The shortest trace is no longer than 134217728 cycles. [0.00 s]
INFO (IPF008): 11.0.N: A max_length bound of 134217728 was found for the property "my_uart_rx7to7.auto_sva_inst.sign_rise_requires_prev_valid_ctl" in 0.00 s.
11.0.N: Trace Attempt  2	[0.00 s]
11.0.Hp: OS RSS memory limit : 68719476736 / 68719476736
11.0.Hp: clocks: 1, declared: 1, disabling: 0, posedge: 1, negedge: 0, noedge: 0, bothedge: 0
11.0.N: Trace Attempt  2	[0.00 s]
11.0.N: Trace Attempt  3	[0.00 s]
11.0.N: Trace Attempt  4	[0.00 s]
11.0.N: Trace Attempt  4	[0.00 s]
11.0.N: Trace Attempt  5	[0.00 s]
11.0.N: Trace Attempt  1	[0.03 s]
11.0.N: Trace Attempt  2	[0.03 s]
11.0.N: Trace Attempt  3	[0.03 s]
11.0.Ht: Proofgrid shell started at 1754065@della-h14n3(local) jg_1749608_della-h14n3_12
11.0.Ht: OS RSS memory limit : 68719476736 / 68719476736
11.0.Ht: clocks: 1, declared: 1, disabling: 0, posedge: 1, negedge: 0, noedge: 0, bothedge: 0
11.0.B: Proofgrid shell started at 1754066@della-h14n3(local) jg_1749608_della-h14n3_12
11.0.B: OS RSS memory limit : 68719476736 / 68719476736
11.0.Ht: Trace Attempt  1	[0.00 s]
11.0.B: clocks: 1, declared: 1, disabling: 0, posedge: 1, negedge: 0, noedge: 0, bothedge: 0
11.0.Ht: Trace Attempt  2	[0.00 s]
11.0.Ht: Trace Attempt  3	[0.00 s]
11.0.Ht: Trace Attempt  4	[0.00 s]
11.0.Ht: Trace Attempt  5	[0.00 s]
11.0.B: Last scan. Per property time limit: 0s
11.0.B: Starting proof for property "my_uart_rx7to7.auto_sva_inst.sign_rise_requires_prev_valid_ctl"	[0.00 s].
11.0.B: Trace Attempt  1	[0.00 s]
11.0.B: Trace Attempt  2	[0.00 s]
11.0.B: Trace Attempt  3	[0.00 s]
11.0.B: Trace Attempt  4	[0.00 s]
11.0.B: Trace Attempt  5	[0.00 s]
11.0.B: Trace Attempt 105	[4.06 s]
11.0.B: Trace Attempt 145	[8.12 s]
11.0.N: Trace Attempt 159	[8.53 s]
11.0.N: Trace Attempt  1	[8.84 s]
11.0.N: Trace Attempt  2	[8.84 s]
11.0.N: Trace Attempt  3	[8.84 s]
11.0.Hp: Trace Attempt  1	[9.18 s]
11.0.Hp: Trace Attempt  2	[9.18 s]
11.0.Hp: Trace Attempt  3	[9.18 s]
11.0.Hp: Trace Attempt  4	[9.18 s]
11.0.Hp: Trace Attempt  5	[9.18 s]
11.0.Ht: Trace Attempt 159	[10.24 s]
11.0.B: Trace Attempt 172	[12.19 s]
11.0.Ht: Trace Attempt 182	[15.07 s]
11.0.B: Trace Attempt 192	[16.37 s]
11.0.N: Trace Attempt 164	[18.50 s]
11.0.N: Trace Attempt  1	[18.79 s]
11.0.N: Trace Attempt  2	[18.79 s]
11.0.N: Trace Attempt  3	[18.79 s]
11.0.Ht: Trace Attempt 203	[19.75 s]
11.0.B: Trace Attempt 211	[20.68 s]
11.0.N: Trace Attempt 321	[22.91 s]
11.0.B: Trace Attempt 228	[24.87 s]
11.0.B: Trace Attempt 232	[29.68 s]
11.0.Ht: Trace Attempt 270	[32.62 s]
11.0.B: Trace Attempt 233	[40.65 s]
11.0.Ht: Trace Attempt 323	[45.65 s]
11.0.B: Trace Attempt 234	[46.13 s]
11.0.Ht: Trace Attempt 348	[49.72 s]
11.0.B: Trace Attempt 235	[51.12 s]
11.0.Ht: Trace Attempt 378	[53.89 s]
11.0.B: Trace Attempt 254	[55.15 s]
11.0.Ht: Trace Attempt 396	[58.09 s]
11.0.B: Trace Attempt 269	[59.55 s]
11.0.Ht: Trace Attempt 416	[62.32 s]
11.0.B: Trace Attempt 282	[63.67 s]
11.0.Ht: Trace Attempt 428	[66.35 s]
11.0.B: Trace Attempt 292	[67.71 s]
11.0.Ht: Trace Attempt 442	[70.48 s]
11.0.B: Trace Attempt 301	[71.95 s]
11.0.Ht: Trace Attempt 448	[75.03 s]
11.0.B: Trace Attempt 313	[76.30 s]
11.0.Ht: Trace Attempt 471	[79.11 s]
11.0.B: Trace Attempt 318	[80.40 s]
11.0.Ht: Trace Attempt 487	[83.62 s]
11.0.B: Trace Attempt 326	[84.78 s]
11.0.Ht: Trace Attempt 494	[87.75 s]
11.0.B: Trace Attempt 333	[89.21 s]
11.0.Ht: Trace Attempt 507	[91.78 s]
11.0.B: Trace Attempt 340	[93.36 s]
11.0.Ht: Trace Attempt 519	[95.91 s]
11.0.B: Trace Attempt 346	[97.41 s]
11.0.Ht: Trace Attempt 523	[100.36 s]
11.0.B: Trace Attempt 354	[102.06 s]
11.0.Ht: Trace Attempt 540	[104.49 s]
11.0.B: Trace Attempt 362	[107.24 s]
11.0.Ht: Trace Attempt 552	[109.71 s]
11.0.N: Trace Attempt 323	[110.97 s]
11.0.B: Trace Attempt 372	[111.59 s]
11.0.N: Trace Attempt  1	[111.83 s]
11.0.N: Trace Attempt  2	[111.84 s]
11.0.N: Trace Attempt  3	[111.84 s]
11.0.Ht: Trace Attempt 558	[115.03 s]
11.0.N: Trace Attempt 353	[116.01 s]
11.0.B: Trace Attempt 374	[115.95 s]
11.0.Ht: Trace Attempt 573	[119.05 s]
11.0.N: Trace Attempt 651	[120.02 s]
11.0.B: Trace Attempt 375	[121.60 s]
11.0.N: Trace Attempt 922	[124.28 s]
11.0.Ht: Trace Attempt 590	[126.92 s]
11.0.N: Trace Attempt 1191	[129.14 s]
11.0.B: Trace Attempt 378	[129.90 s]
11.0.N: Trace Attempt 1487	[133.17 s]
11.0.N: Trace Attempt 1606	[138.09 s]
11.0.B: Trace Attempt 379	[141.20 s]
11.0.N: Trace Attempt 2025	[142.10 s]
11.0.B: Trace Attempt 381	[145.30 s]
11.0.N: Trace Attempt 2107	[146.30 s]
11.0.N: Trace Attempt 2148	[150.44 s]
11.0.N: Trace Attempt 2171	[154.55 s]
11.0.B: Trace Attempt 385	[157.82 s]
11.0.N: Trace Attempt 2181	[158.56 s]
11.0.B: Trace Attempt 386	[162.04 s]
11.0.N: Trace Attempt 2191	[163.04 s]
11.0.N: Trace Attempt 2204	[167.40 s]
11.0.B: Trace Attempt 392	[167.49 s]
11.0.B: Trace Attempt 403	[171.58 s]
11.0.N: Trace Attempt 2224	[172.53 s]
11.0.B: Trace Attempt 412	[176.35 s]
11.0.N: Trace Attempt 2231	[177.08 s]
11.0.B: Trace Attempt 418	[180.99 s]
11.0.B: Stopped processing property "my_uart_rx7to7.auto_sva_inst.sign_rise_requires_prev_valid_ctl"	[181.03 s].
11.0.B: Morphing to Tri
11.0.B: All properties determined. [0.00 s]
11.0.B: Exited with Success (@ 0.00 s)
11.0.Tri: clocks: 1, declared: 1, disabling: 0, posedge: 1, negedge: 0, noedge: 0, bothedge: 0
11.0.Tri: Starting proof for property "my_uart_rx7to7.auto_sva_inst.sign_rise_requires_prev_valid_ctl"	[0.00 s].
11.0.Tri: Trace Attempt  1	[0.00 s]
11.0.Tri:    0.00" ---- Launching main thread ----
11.0.N: Stopped processing property "my_uart_rx7to7.auto_sva_inst.sign_rise_requires_prev_valid_ctl"	[181.22 s].
11.0.N: Morphing to AM
11.0.N: Trace Attempt 2235	[180.38 s]
11.0.N: All properties determined. [0.00 s]
11.0.N: Exited with Success (@ 0.00 s)
11.0.AM: clocks: 1, declared: 1, disabling: 0, posedge: 1, negedge: 0, noedge: 0, bothedge: 0
11.0.AM: Starting proof for property "my_uart_rx7to7.auto_sva_inst.sign_rise_requires_prev_valid_ctl"	[0.00 s].
11.0.AM: Trace Attempt  1	[0.00 s]
11.0.AM: Trace Attempt  2	[0.00 s]
11.0.AM: Trace Attempt  3	[0.00 s]
11.0.AM: Trace Attempt  4	[0.00 s]
11.0.AM: Trace Attempt  5	[0.00 s]
11.0.AM: Trace Attempt  1	[0.01 s]
11.0.AM: Trace Attempt  2	[0.01 s]
11.0.AM: Trace Attempt  3	[0.01 s]
11.0.Tri:    0.22" ---- Launching abstraction thread ----
11.0.AM: Trace Attempt  1	[0.19 s]
11.0.AM: Trace Attempt  2	[0.19 s]
11.0.AM: Trace Attempt  3	[0.19 s]
11.0.Tri:    0.25" ---- Launching multi-phase simplification thread ----
11.0.Tri: Trace Attempt  2	[0.34 s]
11.0.Tri: Trace Attempt  3	[0.34 s]
11.0.Tri: Trace Attempt  4	[0.34 s]
11.0.Tri: Trace Attempt  5	[0.34 s]
11.0.Tri: Stopped processing property "my_uart_rx7to7.auto_sva_inst.sign_rise_requires_prev_valid_ctl"	[0.83 s].
11.0.Tri: Morphing to I
11.0.Tri: Trace Attempt 2726	[0.83 s]
11.0.Tri: All properties determined. [0.00 s]
11.0.Tri: Exited with Success (@ 0.00 s)
11.0.I: clocks: 1, declared: 1, disabling: 0, posedge: 1, negedge: 0, noedge: 0, bothedge: 0
11.0.I: Starting proof for property "my_uart_rx7to7.auto_sva_inst.sign_rise_requires_prev_valid_ctl"	[0.00 s].
11.0.I: Trace Attempt 164	[0.02 s]
11.0.AM: Trace Attempt  1	[2.10 s]
11.0.AM: Trace Attempt  2	[2.10 s]
11.0.AM: Trace Attempt  3	[2.10 s]
11.0.AM: Trace Attempt 167	[6.49 s]
11.0.AM: Stopped processing property "my_uart_rx7to7.auto_sva_inst.sign_rise_requires_prev_valid_ctl"	[6.86 s].
11.0.AM: Morphing to D
11.0.AM: Trace Attempt 170	[6.86 s]
11.0.AM: All properties determined. [0.00 s]
11.0.AM: Exited with Success (@ 0.00 s)
11.0.D: clocks: 1, declared: 1, disabling: 0, posedge: 1, negedge: 0, noedge: 0, bothedge: 0
11.0.D: Starting proof for property "my_uart_rx7to7.auto_sva_inst.sign_rise_requires_prev_valid_ctl"	[0.00 s].
11.0.D: Trace Attempt  1	[0.00 s]
11.0.D: Trace Attempt  2	[0.00 s]
11.0.D: Trace Attempt  3	[0.00 s]
11.0.D: Trace Attempt  4	[0.00 s]
11.0.D: Trace Attempt  5	[0.00 s]
11.0.I: Stopped processing property "my_uart_rx7to7.auto_sva_inst.sign_rise_requires_prev_valid_ctl"	[6.11 s].
11.0.I: Morphing to AD
11.0.I: All properties determined. [0.00 s]
11.0.I: Exited with Success (@ 0.00 s)
11.0.AD: clocks: 1, declared: 1, disabling: 0, posedge: 1, negedge: 0, noedge: 0, bothedge: 0
11.0.AD: Starting proof for property "my_uart_rx7to7.auto_sva_inst.sign_rise_requires_prev_valid_ctl"	[0.00 s].
11.0.AD: Trace Attempt  1	[0.00 s]
11.0.AD: Trace Attempt  2	[0.00 s]
11.0.AD: Trace Attempt  3	[0.00 s]
11.0.AD: Trace Attempt  4	[0.00 s]
11.0.AD: Trace Attempt  5	[0.00 s]
11.0.AD: Trace Attempt  1	[0.01 s]
11.0.AD: Trace Attempt  2	[0.01 s]
11.0.AD: Trace Attempt  3	[0.01 s]
11.0.AD: Trace Attempt  4	[0.01 s]
11.0.AD: Trace Attempt 49	[7.34 s]
11.0.AD: Trace Attempt 55	[11.36 s]
11.0.AD: Stopped processing property "my_uart_rx7to7.auto_sva_inst.sign_rise_requires_prev_valid_ctl"	[23.90 s].
11.0.AD: Morphing to Ncustom1
11.0.AD: Trace Attempt 57	[13.19 s]
11.0.AD: All properties determined. [0.00 s]
11.0.AD: Exited with Success (@ 0.00 s)
11.0.Ncustom1: clocks: 1, declared: 1, disabling: 0, posedge: 1, negedge: 0, noedge: 0, bothedge: 0
11.0.Ncustom1: Starting proof for property "my_uart_rx7to7.auto_sva_inst.sign_rise_requires_prev_valid_ctl"	[0.00 s].
11.0.Ncustom1: Trace Attempt 322	[0.03 s]
11.0.D: Stopped processing property "my_uart_rx7to7.auto_sva_inst.sign_rise_requires_prev_valid_ctl"	[50.97 s].
11.0.D: Morphing to Tri
11.0.D: Trace Attempt 39	[1.53 s]
11.0.D: All properties determined. [0.00 s]
11.0.D: Exited with Success (@ 0.00 s)
11.0.Tri: clocks: 1, declared: 1, disabling: 0, posedge: 1, negedge: 0, noedge: 0, bothedge: 0
11.0.Tri: Starting proof for property "my_uart_rx7to7.auto_sva_inst.sign_rise_requires_prev_valid_ctl"	[0.00 s].
11.0.Tri: Trace Attempt  1	[0.00 s]
11.0.Tri:    0.00" ---- Launching main thread ----
11.0.Tri:    0.22" ---- Launching abstraction thread ----
11.0.Tri:    0.26" ---- Launching multi-phase simplification thread ----
11.0.Tri: Trace Attempt  2	[0.34 s]
11.0.Tri: Trace Attempt  3	[0.34 s]
11.0.Tri: Trace Attempt  4	[0.34 s]
11.0.Tri: Trace Attempt  5	[0.34 s]
11.0.Tri:    1.28" Simplification phase 1 complete
11.0.Tri:    1.35" Simplification phase 2 complete
11.0.Tri:    1.42" Simplification phase 3 complete
   1.42" ---- Completed simplification thread ----
   1.42" ---- Restarting main thread on simplified netlist ----
11.0.Tri:    1.64" ---- Restarting abstraction thread on simplified netlist ----
11.0.Hp: Interrupted (multi)
11.0.Hp: Morphing to Mp
11.0.Hp: Trace Attempt 159	[9.24 s]
11.0.Hp: All properties determined. [0.00 s]
11.0.Hp: Exited with Success (@ 0.00 s)
11.0.Mp: clocks: 1, declared: 1, disabling: 0, posedge: 1, negedge: 0, noedge: 0, bothedge: 0
11.0.Mp: Trace Attempt  1	[0.00 s]
11.0.Mp: Trace Attempt  2	[0.00 s]
11.0.Mp: Trace Attempt  3	[0.00 s]
11.0.Mp: Trace Attempt  3	[0.00 s]
11.0.Mp: Trace Attempt  4	[0.00 s]
11.0.Mp: Trace Attempt  4	[0.00 s]
11.0.Mp: Trace Attempt  5	[0.00 s]
11.0.Mp: Trace Attempt  5	[0.01 s]
11.0.Tri: Requesting engine job to stop
11.0.Ncustom1: Requesting engine job to stop
11.0.Ht: Requesting engine job to terminate
11.0.Mp: Requesting engine job to terminate
INFO (IPF144): 11: Initiating shutdown of proof [242.16 s]
11.0.Tri: Trace Attempt 3337	[2.26 s]
11.0.Tri: A trace with 3337 cycles was found. [3.03 s]
INFO (IPF055): 11.0.Tri: A counterexample (cex) with 3337 cycles was found for the property "my_uart_rx7to7.auto_sva_inst.sign_rise_requires_prev_valid_ctl" in 3.06 s.
11.0.Tri: Stopped processing property "my_uart_rx7to7.auto_sva_inst.sign_rise_requires_prev_valid_ctl"	[3.06 s].
11.0.Tri: All properties determined. [3.06 s]
11.0.Mp: Trace Attempt 155	[1.12 s]
11.0.Mp: All properties determined. [1.15 s]
11.0.Mp: Exited with Success (@ 242.19 s)
11: ProofGrid usable level: 0
11.0.Tri: Exited with Success (@ 242.19 s)
11.0.Ncustom1: Stopped processing property "my_uart_rx7to7.auto_sva_inst.sign_rise_requires_prev_valid_ctl"	[30.19 s].
11.0.Ncustom1: All properties determined. [30.19 s]
11.0.Ht: Sending SIGKILL
11.0.Ncustom1: Sending SIGKILL
11.0.Ncustom1: Exited with Success (@ 244.22 s)
11.0.Ht: Trace Attempt 1136	[127.22 s]
11.0.Ht: Terminated by signal SIGKILL (@ 244.22 s)
11: --------------------------------------------------------------
ProofGrid Summary (utilization 99.97 %)
--------------------------------------------------------------
     engines started                               :    11
     engine jobs started                           :     4

    Average time in state (seconds)
    ------------------------------------------------------
    Engine  Pending     Running        Dead    Utilization
    ------------------------------------------------------
     Ht        0.08      242.08        0.00       99.97 %
    Tri        0.07      242.00        0.00       99.97 %
    Ncustom1        0.08      241.99        0.00       99.97 %
     Mp        0.06      242.15        0.00       99.97 %
    all        0.07      242.06        0.00       99.97 %

    Total time in state (seconds)
    -----------------------------------------
            Pending     Running        Dead  
    -----------------------------------------
               0.28      968.22        0.00

    Data read    : 1.70 MiB
    Data written : 127.53 kiB

11: All pending notifications were processed.
INFO (IPF059): Completed proof on task: "<embedded>" for proof thread 11
INFO (IVS015): Setting Visualize task to "<embedded>".
INFO (IVS008): Expanding analysis region to enable visualization of "<embedded>::my_uart_rx7to7.auto_sva_inst.sign_rise_requires_prev_valid_ctl".
INFO (IPF031): Settings used for proof thread 12:
    orchestration                 = off (auto)
    time_limit                    = 3600s
    per_property_time_limit       = 1s * 10 ^ scan
    engine_mode                   = Ht Hp B N 
    proofgrid_per_engine_max_jobs = 1
    max engine jobs               = Ht Hp B N, total 2
    proofgrid_mode                = local
    proofgrid_restarts            = 10
ERROR (EVS053): No trace satisfying these configurations exists for any max_length.
WARNING (WVS028): Saved trace only contains values for the target's COI.
    Use "set_trace_optimization standard" before running Visualize to save values for the full design.
DEBUG: Approach 3 (auto engine) failed: ERROR (EVS125): No Visualize trace is available for "visualize -save -vcd".

WARN: Could not dump VCD for <embedded>::my_uart_rx7to7.auto_sva_inst.sign_rise_requires_prev_valid_ctl (all approaches failed)
INFO (IPF036): Starting proof on task: "<embedded>", 1 properties to prove with 0 already proven/unreachable
INFO (IPF031): Settings used for proof thread 13:
    orchestration                 = on (auto)
    time_limit                    = 3600s
    per_property_time_limit       = 1s * 10 ^ scan
    engine_mode                   = auto
    proofgrid_per_engine_max_jobs = 1
    max engine jobs               = auto
    proofgrid_mode                = local
    proofgrid_restarts            = 10
13: Using multistage preprocessing
13: Starting reduce
13: Finished reduce in 0s
13.0.PRE: Performing Proof Simplification...
13.0.N: clocks: 2, declared: 1, disabling: 0, posedge: 2, negedge: 0, noedge: 0, bothedge: 0
13.0.N: Proof Simplification Iteration 1	[0.00 s]
13.0.PRE: A proof was found: No trace exists. [0.00 s]
INFO (IPF057): 13.0.PRE: The property ":noDeadEnd" was proven in 0.00 s.
    Use check_assumptions -show -dead_end to show this property in the property table.
13.0.PRE: Proof Simplification completed in 0.00 s
13: About to start ProofGrid in its own thread with a limit of 10000 pending notifications and a limit of 10 traces.
13: =============================== ProofGrid start ===============================
13: ProofGrid usable level: 1
13: ProofGrid is starting event handling
13.0.N: Proofgrid shell started at 1754944@della-h14n3(local) jg_1749608_della-h14n3_14
13.0.Hp: Proofgrid shell started at 1754945@della-h14n3(local) jg_1749608_della-h14n3_14
13.0.N: OS RSS memory limit : 68719476736 / 68719476736
13.0.Hp: OS RSS memory limit : 68719476736 / 68719476736
13.0.N: clocks: 1, declared: 1, disabling: 0, posedge: 1, negedge: 0, noedge: 0, bothedge: 0
13.0.Hp: clocks: 1, declared: 1, disabling: 0, posedge: 1, negedge: 0, noedge: 0, bothedge: 0
13.0.N: Last scan. Per property time limit: 0s
13.0.N: Starting proof for property "my_uart_rx7to7.auto_sva_inst.prev_invalid_ctl_keeps_data_in_stable"	[0.00 s].
13.0.N: Trace Attempt  1	[0.00 s]
13.0.N: Requesting engine job to stop
13.0.Hp: Requesting engine job to terminate
INFO (IPF144): 13: Initiating shutdown of proof [0.00 s]
13.0.N: A trace with 1 cycles was found. [0.00 s]
INFO (IPF055): 13.0.N: A counterexample (cex) with 1 cycles was found for the property "my_uart_rx7to7.auto_sva_inst.prev_invalid_ctl_keeps_data_in_stable" in 0.00 s.
13.0.Hp: Trace Attempt  1	[0.00 s]
13.0.N: Stopped processing property "my_uart_rx7to7.auto_sva_inst.prev_invalid_ctl_keeps_data_in_stable"	[0.00 s].
13.0.N: All properties determined. [0.00 s]
13.0.N: Exited with Success (@ 0.00 s)
13: ProofGrid usable level: 0
13.0.Hp: All properties determined. [0.00 s]
13.0.Ht: Proofgrid shell started at 1754958@della-h14n3(local) jg_1749608_della-h14n3_14
13.0.Ht: Requesting engine job to terminate
13.0.B: Proofgrid shell started at 1754959@della-h14n3(local) jg_1749608_della-h14n3_14
13.0.B: Requesting engine job to terminate
13.0.B: Interrupted. [0.01 s]
13.0.Hp: Exited with Success (@ 0.06 s)
13.0.Ht: Interrupted. [0.01 s]
13.0.B: Exited with Success (@ 0.07 s)
13.0.Ht: Exited with Success (@ 0.07 s)
13: --------------------------------------------------------------
ProofGrid Summary (utilization 0.93 %)
--------------------------------------------------------------
     engines started                               :     4
     engine jobs started                           :     4

    Average time in state (seconds)
    ------------------------------------------------------
    Engine  Pending     Running        Dead    Utilization
    ------------------------------------------------------
      N        0.07        0.00        0.00        1.83 %
     Hp        0.06        0.00        0.00        1.83 %
     Ht        0.06        0.00        0.00        0.00 %
      B        0.06        0.00        0.00        0.00 %
    all        0.06        0.00        0.00        0.93 %

    Total time in state (seconds)
    -----------------------------------------
            Pending     Running        Dead  
    -----------------------------------------
               0.26        0.00        0.00

    Data read    : 2.10 kiB
    Data written : 1.27 kiB

13: All pending notifications were processed.
INFO (IPF059): Completed proof on task: "<embedded>" for proof thread 13
INFO (IVS015): Setting Visualize task to "<embedded>".
INFO (IVS008): Expanding analysis region to enable visualization of "<embedded>::my_uart_rx7to7.auto_sva_inst.prev_invalid_ctl_keeps_data_in_stable".
INFO (IPF031): Settings used for proof thread 14:
    orchestration                 = off (auto)
    time_limit                    = 3600s
    per_property_time_limit       = 1s * 10 ^ scan
    engine_mode                   = Ht Hp B N 
    proofgrid_per_engine_max_jobs = 1
    max engine jobs               = Ht Hp B N, total 2
    proofgrid_mode                = local
    proofgrid_restarts            = 10
ERROR (EVS053): No trace satisfying these configurations exists for any max_length.
WARNING (WVS028): Saved trace only contains values for the target's COI.
    Use "set_trace_optimization standard" before running Visualize to save values for the full design.
DEBUG: Approach 1 (force re-prove) failed: ERROR (EVS125): No Visualize trace is available for "visualize -save -vcd".

DEBUG: Approach 2 (-new_trace) failed: ERROR (ESW104): Invalid command formation.
    Problem occurs with "-violation -new_trace".

INFO (IPF036): Starting proof on task: "<embedded>", 1 properties to prove with 0 already proven/unreachable
INFO (IPF031): Settings used for proof thread 15:
    orchestration                 = on (auto)
    time_limit                    = 3600s
    per_property_time_limit       = 1s * 10 ^ scan
    engine_mode                   = auto
    proofgrid_per_engine_max_jobs = 1
    max engine jobs               = auto
    proofgrid_mode                = local
    proofgrid_restarts            = 10
15: Using multistage preprocessing
15: Starting reduce
15: Finished reduce in 0s
15.0.PRE: Performing Proof Simplification...
15.0.N: clocks: 2, declared: 1, disabling: 0, posedge: 2, negedge: 0, noedge: 0, bothedge: 0
15.0.N: Proof Simplification Iteration 1	[0.00 s]
15.0.PRE: A proof was found: No trace exists. [0.00 s]
INFO (IPF057): 15.0.PRE: The property ":noDeadEnd" was proven in 0.00 s.
    Use check_assumptions -show -dead_end to show this property in the property table.
15.0.PRE: Proof Simplification completed in 0.00 s
15: About to start ProofGrid in its own thread with a limit of 10000 pending notifications and a limit of 10 traces.
15: =============================== ProofGrid start ===============================
15: ProofGrid usable level: 1
15: ProofGrid is starting event handling
15.0.N: Proofgrid shell started at 1754982@della-h14n3(local) jg_1749608_della-h14n3_16
15.0.Hp: Proofgrid shell started at 1754983@della-h14n3(local) jg_1749608_della-h14n3_16
15.0.N: OS RSS memory limit : 68719476736 / 68719476736
15.0.Hp: OS RSS memory limit : 68719476736 / 68719476736
15.0.N: clocks: 1, declared: 1, disabling: 0, posedge: 1, negedge: 0, noedge: 0, bothedge: 0
15.0.Hp: clocks: 1, declared: 1, disabling: 0, posedge: 1, negedge: 0, noedge: 0, bothedge: 0
15.0.N: Last scan. Per property time limit: 0s
15.0.N: Starting proof for property "my_uart_rx7to7.auto_sva_inst.prev_invalid_ctl_keeps_data_in_stable"	[0.00 s].
15.0.N: Trace Attempt  1	[0.00 s]
15.0.N: Requesting engine job to stop
15.0.Hp: Requesting engine job to terminate
INFO (IPF144): 15: Initiating shutdown of proof [0.00 s]
15.0.N: A trace with 1 cycles was found. [0.00 s]
INFO (IPF055): 15.0.N: A counterexample (cex) with 1 cycles was found for the property "my_uart_rx7to7.auto_sva_inst.prev_invalid_ctl_keeps_data_in_stable" in 0.00 s.
15.0.N: Stopped processing property "my_uart_rx7to7.auto_sva_inst.prev_invalid_ctl_keeps_data_in_stable"	[0.00 s].
15.0.N: All properties determined. [0.00 s]
15.0.Hp: Interrupted (multi)
15.0.Hp: All properties determined. [0.00 s]
15.0.B: Proofgrid shell started at 1754997@della-h14n3(local) jg_1749608_della-h14n3_16
15.0.B: Requesting engine job to terminate
15.0.N: Exited with Success (@ 0.06 s)
15: ProofGrid usable level: 0
15.0.Hp: Exited with Success (@ 0.06 s)
15.0.Ht: Proofgrid shell started at 1754996@della-h14n3(local) jg_1749608_della-h14n3_16
15.0.Ht: Requesting engine job to terminate
15.0.Ht: Interrupted. [0.01 s]
15.0.B: Interrupted. [0.01 s]
15.0.Ht: Exited with Success (@ 0.07 s)
15.0.B: Exited with Success (@ 0.07 s)
15: --------------------------------------------------------------
ProofGrid Summary (utilization 0.59 %)
--------------------------------------------------------------
     engines started                               :     4
     engine jobs started                           :     4

    Average time in state (seconds)
    ------------------------------------------------------
    Engine  Pending     Running        Dead    Utilization
    ------------------------------------------------------
      N        0.06        0.00        0.00        1.19 %
     Hp        0.06        0.00        0.00        1.16 %
     Ht        0.06        0.00        0.00        0.00 %
      B        0.06        0.00        0.00        0.00 %
    all        0.06        0.00        0.00        0.59 %

    Total time in state (seconds)
    -----------------------------------------
            Pending     Running        Dead  
    -----------------------------------------
               0.26        0.00        0.00

    Data read    : 1.79 kiB
    Data written : 1.27 kiB

15: All pending notifications were processed.
INFO (IPF059): Completed proof on task: "<embedded>" for proof thread 15
INFO (IVS015): Setting Visualize task to "<embedded>".
INFO (IVS008): Expanding analysis region to enable visualization of "<embedded>::my_uart_rx7to7.auto_sva_inst.prev_invalid_ctl_keeps_data_in_stable".
INFO (IPF031): Settings used for proof thread 16:
    orchestration                 = off (auto)
    time_limit                    = 3600s
    per_property_time_limit       = 1s * 10 ^ scan
    engine_mode                   = Ht Hp B N 
    proofgrid_per_engine_max_jobs = 1
    max engine jobs               = Ht Hp B N, total 2
    proofgrid_mode                = local
    proofgrid_restarts            = 10
ERROR (EVS053): No trace satisfying these configurations exists for any max_length.
WARNING (WVS028): Saved trace only contains values for the target's COI.
    Use "set_trace_optimization standard" before running Visualize to save values for the full design.
DEBUG: Approach 3 (auto engine) failed: ERROR (EVS125): No Visualize trace is available for "visualize -save -vcd".

WARN: Could not dump VCD for <embedded>::my_uart_rx7to7.auto_sva_inst.prev_invalid_ctl_keeps_data_in_stable (all approaches failed)
INFO: Dumped 0 VCD files to /home/ab2113/malik25_26/veri_thoughts/dataset/verification_results/version_2/ids/01251/cex_vcd
[<embedded>] % 
[<embedded>] % # ---- Write summary ----
[<embedded>] % set fp [open $SUMMARY_TXT "w"]
file15
[<embedded>] % puts $fp "DESIGN_ID=$DESIGN_ID"
[<embedded>] % puts $fp "TOP=$TOP"
[<embedded>] % puts $fp "AUTO_BIND=$AUTO_BIND"
[<embedded>] % puts $fp "ASSERT_COUNT=[llength $ASSERTS]"
[<embedded>] % puts $fp "COVER_COUNT=[llength $COVERS]"
[<embedded>] % puts $fp "CEX_COUNT=$n_cex"
[<embedded>] % puts $fp "AR_CEX_COUNT=$n_ar_cex"
[<embedded>] % puts $fp "PROP_LIST=$PROP_LIST_TXT"
[<embedded>] % puts $fp "CEX_DETAILS=$CEX_TXT"
[<embedded>] % close $fp
[<embedded>] % 
[<embedded>] % puts "\n✅ DONE: Proof run completed (check Jasper property table / log for PROVED/FAILED)"

✅ DONE: Proof run completed (check Jasper property table / log for PROVED/FAILED)
[<embedded>] % puts "INFO: Wrote $SUMMARY_TXT"
INFO: Wrote /home/ab2113/malik25_26/veri_thoughts/dataset/verification_results/version_2/ids/01251/summary.txt
[<embedded>] % puts "INFO: Wrote $PROP_LIST_TXT"
INFO: Wrote /home/ab2113/malik25_26/veri_thoughts/dataset/verification_results/version_2/ids/01251/property_list.txt
[<embedded>] % exit 0
[<embedded>] % INFO (IPL005): Received request to exit from the console.
INFO (IPL014): Waiting for the Tcl-thread to exit.
INFO: Waiting for proof threads to stop...
INFO: Proof threads stopped.
INFO (IPL018): The peak resident set memory use for this session was 2.297 GB.
INFO (IPL015): The Tcl-thread exited with status 0.
INFO (IPL016): Exiting the analysis session with status 0.
