JasperGold Apps 2021.03 FCS 64 bits 2021.03.23 02:50:43 UTC

Any disclosure about the Cadence Design Systems software or its use
model to any third party violates the written Non-Disclosure Agreement
between Cadence Design Systems, Inc. and the customer.

THIS SOFTWARE CONTAINS CONFIDENTIAL INFORMATION AND TRADE SECRETS OF
CADENCE DESIGN SYSTEMS, INC. USE, DISCLOSURE, OR REPRODUCTION IS
PROHIBITED WITHOUT THE PRIOR EXPRESS WRITTEN PERMISSION OF CADENCE
DESIGN SYSTEMS, INC.

Copyright (C) 2000-2021 Cadence Design Systems, Inc. All Rights
Reserved.  Unpublished -- rights reserved under the copyright laws of
the United States.

This product includes software developed by others and redistributed
according to license agreement. See doc/third_party_readme.txt for
further details.

RESTRICTED RIGHTS LEGEND

Use, duplication, or disclosure by the Government is subject to
restrictions as set forth in subparagraph (c) (1) (ii) of the Rights in
Technical Data and Computer Software clause at DFARS 252.227-7013 or
subparagraphs (c) (1) and (2) of Commercial Computer Software -- Restricted
Rights at 48 CFR 52.227-19, as applicable.


                          Cadence Design Systems, Inc. 
                          2655 Seely Avenue
                          San Jose, CA 95134
                          Phone: 408.943.1234

For technical assistance visit http://support.cadence.com.

JasperGold Apps Analysis Session - /home/ab2113/malik25_26/veri_thoughts/dataset/verification_results/version_2/ids/05013/jgproject/sessionLogs/session_0

INFO: successfully checked out license "jasper_fao".
INFO: reading configuration file "/home/ab2113/.config/jasper/jaspergold.conf".
% # ============================================================
% # JasperGold Assertion Verification Runner (env-driven)
% # Output: verification_results/ids/<DESIGN_ID>/
% #
% # Env:
% #   DESIGN_ID     : required (subfolder name)
% #   JG_DESIGN     : required, space/colon-separated RTL file paths OR a directory
% #   JG_SVA        : required, space/colon-separated SVA file paths OR a directory
% #
% # Optional:
% #   JG_TOP        : top module name. If missing, inferred from RTL (default: infer)
% #   JG_STD        : sv12 | sv11 | sv09 (default: sv12)
% #   JG_INCDIRS    : colon/space-separated include dirs (optional)
% #   JG_DEFINES    : space-separated defines NAME or NAME=VAL (optional)
% #   JG_NO_CLOCK   : 1 to force combinational clocking (default: 0)
% #   JG_RESET      : explicit reset signal name (optional)
% #   JG_RESET_EXPR : explicit reset expression (optional)
% # ============================================================
% 
% proc split_env_list {s} {
  if {$s eq ""} {return {}}
  set out {}
  foreach p [split $s " :"] { if {$p ne ""} {lappend out $p} }
  return $out
}
% 
% proc split_space_list {s} {
  if {$s eq ""} {return {}}
  set out {}
  foreach p [split $s " "] { if {$p ne ""} {lappend out $p} }
  return $out
}
% 
% proc collect_files_any {path} {
  # If path is a file, return it. If directory, glob common HDL extensions.
  if {[file isfile $path]} { return [list $path] }
  if {![file isdirectory $path]} { error "Not a file or directory: $path" }

  set patterns {*.sv *.svh *.v *.vh}
  set flist {}
  foreach p $patterns {
    foreach f [glob -nocomplain -types f -directory $path -tails -- $p] {
      lappend flist [file join $path $f]
    }
  }
  if {[llength $flist] == 0} { error "No HDL files found in directory: $path" }
  return $flist
}
% 
% proc read_file_text {path} {
  set fp [open $path "r"]
  set data [read $fp]
  close $fp
  return $data
}
% 
% proc strip_comments {text} {
  set out $text
  regsub -all {(?s)/\*.*?\*/} $out "" out
  regsub -all {(?m)//.*$} $out "" out
  return $out
}
% 
% proc infer_top_from_file {f} {
  if {![file isfile $f]} { return "" }
  set txt [strip_comments [read_file_text $f]]
  if {[regexp -nocase -line {^\s*module\s+([A-Za-z_][A-Za-z0-9_]*)} $txt -> m]} {
    return $m
  }
  return ""
}
% 
% proc find_reset_signal {top files} {
  set top_l [string tolower $top]
  set keywords {input output inout wire reg logic signed unsigned integer parameter localparam bit tri supply0 supply1 tri0 tri1 wand wor}
  foreach f $files {
    if {![file isfile $f]} { continue }
    set txt [strip_comments [read_file_text $f]]
    set re "(?s)\\mmodule\\s+${top_l}\\M\\s*(#\\s*\\(.*?\\)\\s*)?\\((.*?)\\)\\s*;"
    if {[regexp -nocase -- $re $txt -> _port_params portlist]} {
      set tokens [regexp -all -inline {\m[A-Za-z_][A-Za-z0-9_]*\M} $portlist]
      set names {}
      foreach t $tokens {
        set tl [string tolower $t]
        if {[lsearch -exact $keywords $tl] >= 0} { continue }
        lappend names $t
      }
      if {[llength $names] == 0} { continue }
      set lower_map [dict create]
      foreach n $names { dict set lower_map [string tolower $n] $n }
      set exact_priority {reset_n rst_n resetb rstb resetn rstn areset_n arst_n reset rst areset arst}
      foreach p $exact_priority {
        if {[dict exists $lower_map $p]} { return [dict get $lower_map $p] }
      }
      foreach n $names {
        set ln [string tolower $n]
        if {[regexp {(^|_)reset(_|$)} $ln] || [regexp {(^|_)rst(_|$)} $ln]} {
          return $n
        }
      }
    }
  }
  return ""
}
% 
% # ---- Auto-bind helpers ----
% 
% proc sva_files_have_bind {sva_files} {
  # Return 1 if any SVA file already contains a bind statement.
  foreach f $sva_files {
    if {![file isfile $f]} { continue }
    set txt [strip_comments [read_file_text $f]]
    if {[regexp -nocase {(?m)^\s*bind\s+} $txt]} { return 1 }
  }
  return 0
}
% 
% proc extract_module_ports {mod_name files} {
  # Extract port names for a given module from a list of files.
  # Returns a list of port names (order preserved, keywords stripped).
  set keywords {input output inout wire reg logic signed unsigned integer
                parameter localparam bit tri supply0 supply1 tri0 tri1 wand wor}
  foreach f $files {
    if {![file isfile $f]} { continue }
    set txt [strip_comments [read_file_text $f]]
    set re "(?s)\\mmodule\\s+${mod_name}\\M\\s*(#\\s*\\(.*?\\)\\s*)?\\((.*?)\\)\\s*;"
    if {[regexp -nocase -- $re $txt -> _params portlist]} {
      set tokens [regexp -all -inline {\m[A-Za-z_][A-Za-z0-9_]*\M} $portlist]
      set names {}
      foreach t $tokens {
        set tl [string tolower $t]
        if {[lsearch -exact $keywords $tl] >= 0} { continue }
        if {[lsearch -exact $names $t] < 0} { lappend names $t }
      }
      return $names
    }
  }
  return {}
}
% 
% proc generate_auto_bind {top dut_files sva_files out_dir} {
  # If SVA files lack a bind statement, generate one.
  # Returns: path to generated bind file, or "" if bind already exists / cannot generate.
  if {[sva_files_have_bind $sva_files]} {
    puts "INFO: SVA files already contain a bind statement"
    return ""
  }

  # Find the SVA module name (first module in SVA files that is NOT the DUT)
  set sva_mod ""
  foreach f $sva_files {
    if {![file isfile $f]} { continue }
    set txt [strip_comments [read_file_text $f]]
    set matches [regexp -all -inline -nocase {(?m)^\s*module\s+([A-Za-z_][A-Za-z0-9_]*)} $txt]
    foreach {_ mname} $matches {
      if {$mname ne $top} {
        set sva_mod $mname
        break
      }
    }
    if {$sva_mod ne ""} { break }
  }

  if {$sva_mod eq ""} {
    puts "WARN: Could not find SVA module name for auto-bind"
    return ""
  }

  # Get port lists
  set dut_ports [extract_module_ports $top $dut_files]
  set sva_ports [extract_module_ports $sva_mod $sva_files]

  if {[llength $sva_ports] == 0} {
    puts "WARN: SVA module $sva_mod has no ports; cannot auto-bind"
    return ""
  }

  # Build port connections: for each SVA port, connect to DUT port if name
  # matches (case-insensitive), otherwise leave unconnected.
  set dut_lower_map [dict create]
  foreach p $dut_ports { dict set dut_lower_map [string tolower $p] $p }

  set connections {}
  set unconnected {}
  foreach sp $sva_ports {
    set sp_lower [string tolower $sp]
    if {[dict exists $dut_lower_map $sp_lower]} {
      set dp [dict get $dut_lower_map $sp_lower]
      lappend connections "    .${sp}(${dp})"
    } else {
      lappend unconnected $sp
    }
  }

  if {[llength $connections] == 0} {
    puts "WARN: No matching ports between DUT ($top) and SVA ($sva_mod); cannot auto-bind"
    return ""
  }

  # Write the bind file
  set bind_path [file join $out_dir "auto_bind.sv"]
  set conn_str [join $connections ",\n"]
  set fp [open $bind_path "w"]
  puts $fp "// Auto-generated bind (no bind found in SVA files)"
  if {[llength $unconnected] > 0} {
    puts $fp "// NOTE: Unconnected SVA ports (not in DUT): [join $unconnected {, }]"
  }
  puts $fp "bind $top $sva_mod auto_sva_inst ("
  puts $fp $conn_str
  puts $fp ");"
  close $fp

  puts "INFO: Auto-generated bind: $bind_path"
  puts "  DUT=$top  SVA=$sva_mod"
  puts "  Connected ports: [llength $connections]"
  if {[llength $unconnected] > 0} {
    puts "  Unconnected SVA ports: [join $unconnected {, }]"
  }
  return $bind_path
}
% 
% # ---- Read config from environment ----
% if {![info exists ::env(DESIGN_ID)] || $::env(DESIGN_ID) eq ""} {
  puts "ERROR: DESIGN_ID not set."
  exit 2
}
% if {![info exists ::env(JG_DESIGN)] || $::env(JG_DESIGN) eq ""} {
  puts "ERROR: JG_DESIGN not set."
  exit 2
}
% if {![info exists ::env(JG_SVA)] || $::env(JG_SVA) eq ""} {
  puts "ERROR: JG_SVA not set."
  exit 2
}
% 
% set DESIGN_ID $::env(DESIGN_ID)
05013
% 
% # JG_TOP is optional: if missing, infer from RTL
% set TOP ""
% if {[info exists ::env(JG_TOP)] && $::env(JG_TOP) ne ""} {
  set TOP $::env(JG_TOP)
}
% 
% set STD      [expr {[info exists ::env(JG_STD)] ? $::env(JG_STD) : "sv12"}]
sv12
% set INCDIRS  [expr {[info exists ::env(JG_INCDIRS)] ? [split_env_list $::env(JG_INCDIRS)] : {}}]
% # Defines should be space-separated (do NOT split on ':')
% set DEFINES  [expr {[info exists ::env(JG_DEFINES)] ? [split_space_list $::env(JG_DEFINES)] : {}}]
% set NO_CLOCK [expr {[info exists ::env(JG_NO_CLOCK)] ? $::env(JG_NO_CLOCK) : 0}]
1
% 
% # JG_DESIGN/JG_SVA can be:
% # - a directory
% # - a single file
% # - a list of files/dirs separated by spaces/colons
% set DESIGN_INPUTS [split_env_list $::env(JG_DESIGN)]
./05013/module.v
% set SVA_INPUTS    [split_env_list $::env(JG_SVA)]
./05013/sva.sv
% 
% set DESIGN_FILES {}
% foreach p $DESIGN_INPUTS { set DESIGN_FILES [concat $DESIGN_FILES [collect_files_any $p]] }
% 
% # Infer TOP if not provided
% if {$TOP eq ""} {
  foreach f $DESIGN_FILES {
    set guess [infer_top_from_file $f]
    if {$guess ne ""} { set TOP $guess; break }
  }
  if {$TOP eq ""} {
    puts "ERROR: Could not infer TOP from design files; set JG_TOP explicitly."
    exit 2
  }
}
% puts "INFO: Using TOP = $TOP"
INFO: Using TOP = dna_sequencer
% 
% set SVA_FILES {}
% foreach p $SVA_INPUTS { set SVA_FILES [concat $SVA_FILES [collect_files_any $p]] }
% 
% # ---- Output dir ----
% # JG_OUT_DIR: explicit output directory from check_all.sh; fallback to legacy path
% if {[info exists ::env(JG_OUT_DIR)] && $::env(JG_OUT_DIR) ne ""} {
  set OUT_DIR $::env(JG_OUT_DIR)
} else {
  set OUT_DIR [file join "verification_results" "ids" $DESIGN_ID]
}
/home/ab2113/malik25_26/veri_thoughts/dataset/verification_results/version_2/ids/05013
% file mkdir $OUT_DIR
% set PROP_LIST_TXT [file join $OUT_DIR "property_list.txt"]
/home/ab2113/malik25_26/veri_thoughts/dataset/verification_results/version_2/ids/05013/property_list.txt
% set SUMMARY_TXT   [file join $OUT_DIR "summary.txt"]
/home/ab2113/malik25_26/veri_thoughts/dataset/verification_results/version_2/ids/05013/summary.txt
% 
% # ---- Auto-bind detection ----
% set AUTO_BIND 0
0
% set BIND_FILE [generate_auto_bind $TOP $DESIGN_FILES $SVA_FILES $OUT_DIR]
INFO: Auto-generated bind: /home/ab2113/malik25_26/veri_thoughts/dataset/verification_results/version_2/ids/05013/auto_bind.sv
  DUT=dna_sequencer  SVA=dna_sequencer_sva
  Connected ports: 4
  Unconnected SVA ports: SHIFT_PIPELINE, past
/home/ab2113/malik25_26/veri_thoughts/dataset/verification_results/version_2/ids/05013/auto_bind.sv
% if {$BIND_FILE ne ""} {
  set AUTO_BIND 1
  lappend SVA_FILES $BIND_FILE
}
./05013/sva.sv /home/ab2113/malik25_26/veri_thoughts/dataset/verification_results/version_2/ids/05013/auto_bind.sv
% 
% puts "INFO: Verification run starting"
INFO: Verification run starting
% puts "  DESIGN_ID : $DESIGN_ID"
  DESIGN_ID : 05013
% puts "  TOP       : $TOP"
  TOP       : dna_sequencer
% puts "  STD       : $STD"
  STD       : sv12
% puts "  INCDIRS   : $INCDIRS"
  INCDIRS   : 
% puts "  DEFINES   : $DEFINES"
  DEFINES   : 
% puts "  NO_CLOCK  : $NO_CLOCK"
  NO_CLOCK  : 1
% puts "  AUTO_BIND : $AUTO_BIND"
  AUTO_BIND : 1
% puts "  N_DESIGN  : [llength $DESIGN_FILES]"
  N_DESIGN  : 1
% puts "  N_SVA     : [llength $SVA_FILES]"
  N_SVA     : 2
% puts "  OUT_DIR   : $OUT_DIR"
  OUT_DIR   : /home/ab2113/malik25_26/veri_thoughts/dataset/verification_results/version_2/ids/05013
% 
% # Optional: promote common message groups to errors (best-effort)
% if {[llength [info commands set_msg_config]]} {
  set_msg_config -id COMP*  -severity error
  set_msg_config -id PARSE* -severity error
  set_msg_config -id ELAB*  -severity error
}
% 
% # ---- Build analyze options ----
% set analyze_opts [list analyze -$STD]
analyze -sv12
% if {[llength $INCDIRS] > 0} { lappend analyze_opts -incdir $INCDIRS }
% if {[llength $DEFINES] > 0} {
  foreach d $DEFINES { lappend analyze_opts -define $d }
}
% 
% # ---- Analyze + Elaborate ----
% set err 0
0
% puts "DEBUG: DESIGN_FILES = $DESIGN_FILES"
DEBUG: DESIGN_FILES = ./05013/module.v
% puts "DEBUG: SVA_FILES    = $SVA_FILES"
DEBUG: SVA_FILES    = ./05013/sva.sv /home/ab2113/malik25_26/veri_thoughts/dataset/verification_results/version_2/ids/05013/auto_bind.sv
% 
% if {[catch {eval $analyze_opts $DESIGN_FILES} msg]} {
  puts "ERROR: analyze design failed:\n$msg"
  set err 1
}
[-- (VERI-1482)] Analyzing Verilog file '/scratch/gpfs/LICENSED/x86_64/cadence-20210126/jasper_2021.03/lib/verilog/packages/std/std.sv' into library 'std'
[-- (VERI-1482)] Analyzing Verilog file './05013/module.v'
% if {!$err && [catch {eval $analyze_opts $SVA_FILES} msg2]} {
  puts "ERROR: analyze SVA failed:\n$msg2"
  set err 1
}
[-- (VERI-1482)] Analyzing Verilog file './05013/sva.sv'
[-- (VERI-1482)] Analyzing Verilog file '/home/ab2113/malik25_26/veri_thoughts/dataset/verification_results/version_2/ids/05013/auto_bind.sv'
% 
% puts "DEBUG: Elaborating TOP='$TOP'"
DEBUG: Elaborating TOP='dna_sequencer'
% if {!$err && [catch {elaborate -top $TOP} emsg]} {
  puts "ERROR: elaborate failed:\n$emsg"
  set err 1
}
INFO (ISW003): Top module name is "dna_sequencer".
[INFO (HIER-8002)] ./05013/module.v(32): Disabling old hierarchical reference handler
[WARN (VERI-2435)] /home/ab2113/malik25_26/veri_thoughts/dataset/verification_results/version_2/ids/05013/auto_bind.sv(8): port 'CLK' is not connected on this instance
[INFO (VERI-1018)] ./05013/sva.sv(1): compiling module 'dna_sequencer_sva'
[INFO (VERI-1018)] ./05013/module.v(1): compiling module 'dna_sequencer'
[INFO (VERI-8005)] ./05013/module.v(15): Unintentional Sequential element inferred for dna_val read before write using blocking assignment
[INFO (VERI-8005)] ./05013/module.v(16): Unintentional Sequential element inferred for dout_out read before write using blocking assignment
[WARN (VERI-9028)] /home/ab2113/malik25_26/veri_thoughts/dataset/verification_results/version_2/ids/05013/auto_bind.sv(3): missing/open ports on instance auto_sva_inst of module dna_sequencer_sva
[WARN (VDB-1013)] /home/ab2113/malik25_26/veri_thoughts/dataset/verification_results/version_2/ids/05013/auto_bind.sv(8): input port 'CLK' is not connected on this instance
INFO (INL208): Elaboration synthesis summary:
  Number of synthesized netlists          3 (1 packages)
  Single run mode                         On
  Pipeline                                On (2 pipelined netlists)
  Late hierarchical reference connection  On
  Number of analyzed Verilog modules      3 (3 synthesized)
  Number of analyzed VHDL entities        0 (0 synthesized)
INFO (INL003): Clearing all state information (assumes, stopats, and so forth).
[<embedded>] % 
[<embedded>] % # If combinational / event-driven, you can force "no clock"
[<embedded>] % if {!$err && $NO_CLOCK} {
  catch { clock -none }
}
INFO (ICK008): Enabling clock-free environment.
0
[<embedded>] % 
[<embedded>] % if {$err} {
  puts "\n❌ FAILED: compile/elab errors"
  exit 1
}
[<embedded>] % 
[<embedded>] % # ---- Reset -----
[<embedded>] % set RESET_SIG ""
[<embedded>] % set RESET_EXPR ""
[<embedded>] % if {[info exists ::env(JG_RESET_EXPR)] && $::env(JG_RESET_EXPR) ne ""} {
  set RESET_EXPR $::env(JG_RESET_EXPR)
} elseif {[info exists ::env(JG_RESET)] && $::env(JG_RESET) ne ""} {
  set RESET_SIG $::env(JG_RESET)
} else {
  set RESET_SIG [find_reset_signal $TOP $DESIGN_FILES]
}
[<embedded>] % 
[<embedded>] % if {$RESET_EXPR ne ""} {
  puts "INFO: Using reset expression: $RESET_EXPR"
  catch { reset -expression $RESET_EXPR }
} elseif {$RESET_SIG ne ""} {
  if {[regexp -nocase {(_n|_b)$} $RESET_SIG]} {
    set RESET_EXPR "!$RESET_SIG"
    puts "INFO: Using active-low reset expression: $RESET_EXPR"
    catch { reset -expression $RESET_EXPR }
  } else {
    puts "INFO: Using reset signal: $RESET_SIG"
    catch { reset $RESET_SIG }
  }
} else {
  puts "INFO: No reset signal found; using reset -none"
  catch { reset -none }
}
INFO: No reset signal found; using reset -none
INFO (IPM031): Clearing proof results of all properties.
0
[<embedded>] % 
[<embedded>] % # ---- Property discovery (bind sanity check) ----
[<embedded>] % set ASSERTS {}
[<embedded>] % set COVERS  {}
[<embedded>] % catch { set ASSERTS [assert -list -silent] }
0
[<embedded>] % catch { set COVERS  [cover  -list -silent] }
0
[<embedded>] % 
[<embedded>] % puts "INFO: Found [llength $ASSERTS] asserts, [llength $COVERS] covers"
INFO: Found 100 asserts, 100 covers
[<embedded>] % 
[<embedded>] % # Write property names
[<embedded>] % set fp [open $PROP_LIST_TXT "w"]
file41
[<embedded>] % puts $fp "ASSERT PROPERTIES:"
[<embedded>] % foreach a $ASSERTS { puts $fp $a }
[<embedded>] % puts $fp ""
[<embedded>] % puts $fp "COVER PROPERTIES:"
[<embedded>] % foreach c $COVERS { puts $fp $c }
[<embedded>] % close $fp
[<embedded>] % 
[<embedded>] % if {[llength $ASSERTS] == 0 && [llength $COVERS] == 0} {
  puts "\n❌ FAILED: No properties found (bind likely didn't attach, or wrong TOP)"
  exit 3
}
[<embedded>] % 
[<embedded>] % # ---- Prove all assertions ----
[<embedded>] % # 300 seconds = 5 minute timeout per property
[<embedded>] % set_prove_time_limit 300
[<embedded>] % 
[<embedded>] % puts "INFO: Running prove -all"
INFO: Running prove -all
[<embedded>] % if {[catch { prove -all } pmsg]} {
  puts "ERROR: prove command failed:\n$pmsg"
  exit 4
}
Ncustom1: Custom engine code is hT3Ng7hPPfiYQOTDZ3qhYOwGAM51eA+J/FjkM5shLioAsqhgLR4Ft+O1BuKG6ilQ83B9tLXSl+CwjiTMAQA
AMcustom2: Custom engine code is hT3Ng7hP/feYQOTDZ3qhYOwGAM51eA+J/FjkM5shLioAsqhgLR4Ft+O1BuKG6ilQ83B9tLXSmmqwm7g9AQA
INFO (IPF036): Starting proof on task: "<embedded>", 200 properties to prove with 0 already proven/unreachable
INFO (IRS029): Starting reset analysis: phase 1 of 4.
INFO (IRS030): Running reset analysis: phase 2 of 4.
INFO (IRS031): Running reset analysis: phase 3 of 4.
INFO (IRS020): Starting the reset analysis simulation with a limit of 100 iterations (phase 4 of 4).
INFO (IRS024): Reset iterations 0 to 3 analyzed.
INFO (IRS018): Reset analysis simulation executed for 2 iterations. Assigned values for 0 of 97 design flops, 0 of 0 design latches, 10004 of 10102 internal elements.
INFO (IRS039): Reset analysis complete.
INFO (IPF031): Settings used for proof thread 0:
    orchestration                 = on (auto)
    time_limit                    = 300s
    per_property_time_limit       = 1s * 10 ^ scan
    engine_mode                   = auto
    proofgrid_per_engine_max_jobs = 1
    max engine jobs               = auto
    proofgrid_mode                = local
    proofgrid_restarts            = 10
AMcustom3: Custom engine code is hT3NE7hP/2Fz2XrVSbG0RDiSlOmcEY54dTxWvdDsI3//MxFcPzdQEJVlimlZshtLUKCpt0qXHu9EQAivsvCTP5Pi2s9EBccXnc85FrzRRX45WcXC5XpA9kyHdIYmOxUqsRrN5ntdfkwHRnO7f82Dn4pCsne09HV19Yd/o8VzV0c8nka+2MMhbNDEdLGC4SmTi8oNy00Nn40QJnMevDlPY3jIAQA
Ncustom4: Custom engine code is hT3OXrhPByJp3TrFSTLhUmMH4KVtJgmTCnNDF46yMXOKY48m4LS5nE7yBzFjA7kDuwO/GhGUpEPiky3p3wmPn3dJZHxFMsafSoObRzSC+tn7sEY0WbTdZ/FV4hL3MYH/b1CIUvXSWR4wqEoVLsmMOD4xIPT4lI1LO6ZCO7PnnWQuLwetnvKlrXx6wCW/A+x+enqslg1YPobi4wEF/EvbzOvcTYdJvl2s4H2yZg2b2ofAVN5WvhWk1HoBAA
Ncustom5: Custom engine code is hT3NR7hPByFp3TrFSTLhUmMH4KWtJglTyV/c51BHEeZWamnJv767nE6PCak26bd3gf3XGN3rIRheufhDieCJQVISo+gNYUKhiUedBKGtsP/a18svAnlMJZudHxDFwK5ufsyoxsIyiAeSY2oi3tEuoDHr5gw42DFKAG3PqO3CEsl8Azzdt3pl5nGA1Ifv2H02eYsFzWb/nfp8PMb3F0krE/EgBcm8TD9Div8BAA
Tricustom6: Custom engine code is hT3Nu7hP3fiYQADBZnYcglNHp9bfd7EOeniIqP/ji8sGLQu8yhsFO+wxJ+O+R0bU8g/IewXFomyos+viQnWc2xYNYmMqpo3i40O7DaZR7qfp4YqNx26KRvQ/qx0BAA
0: Using multistage preprocessing
0: Starting reduce
0: Finished reduce in 0.083s
0.0.PRE: Performing Proof Simplification...
0.0.N: clocks: 3, declared: 1, disabling: 0, posedge: 3, negedge: 0, noedge: 0, bothedge: 0
0.0.N: Proof Simplification Iteration 1	[0.00 s]
0.0.N: Proof Simplification Iteration 2	[0.01 s]
0.0.N: Proof Simplification Iteration 3	[0.02 s]
0.0.N: Proof Simplification Iteration 4	[0.04 s]
0.0.N: Proof Simplification Iteration 5	[0.05 s]
0.0.N: Proof Simplification Iteration 6	[0.06 s]
0.0.N: Proof Simplification Iteration 7	[0.07 s]
0.0.N: Proof Simplification Iteration 8	[0.08 s]
0.0.N: Proof Simplification Iteration 9	[0.09 s]
0.0.N: Proof Simplification Iteration 10	[0.10 s]
0.0.N: Proof Simplification Iteration 11	[0.11 s]
0.0.N: Proof Simplification Iteration 12	[0.12 s]
0.0.N: Proof Simplification Iteration 13	[0.13 s]
0.0.N: Proof Simplification Iteration 14	[0.14 s]
0.0.N: Proof Simplification Iteration 15	[0.14 s]
0.0.N: Proof Simplification Iteration 16	[0.15 s]
0.0.N: Proof Simplification Iteration 17	[0.16 s]
0.0.N: Proof Simplification Iteration 18	[0.17 s]
0.0.N: Proof Simplification Iteration 19	[0.18 s]
0.0.N: Proof Simplification Iteration 20	[0.18 s]
0.0.N: Proof Simplification Iteration 21	[0.19 s]
0.0.N: Proof Simplification Iteration 22	[0.20 s]
0.0.N: Proof Simplification Iteration 23	[0.21 s]
0.0.N: Proof Simplification Iteration 24	[0.21 s]
0.0.N: Proof Simplification Iteration 25	[0.22 s]
0.0.N: Proof Simplification Iteration 26	[0.23 s]
0.0.N: Proof Simplification Iteration 27	[0.23 s]
0.0.N: Proof Simplification Iteration 28	[0.24 s]
0.0.N: Proof Simplification Iteration 29	[0.24 s]
0.0.N: Proof Simplification Iteration 30	[0.25 s]
0.0.N: Proof Simplification Iteration 31	[0.26 s]
0.0.N: Proof Simplification Iteration 32	[0.26 s]
0.0.N: Proof Simplification Iteration 33	[0.27 s]
0.0.N: Proof Simplification Iteration 34	[0.27 s]
0.0.N: Proof Simplification Iteration 35	[0.28 s]
0.0.N: Proof Simplification Iteration 36	[0.28 s]
0.0.N: Proof Simplification Iteration 37	[0.29 s]
0.0.N: Proof Simplification Iteration 38	[0.29 s]
0.0.N: Proof Simplification Iteration 39	[0.30 s]
0.0.N: Proof Simplification Iteration 40	[0.30 s]
0.0.N: Proof Simplification Iteration 41	[0.31 s]
0.0.N: Proof Simplification Iteration 42	[0.31 s]
0.0.N: Proof Simplification Iteration 43	[0.32 s]
0.0.N: Proof Simplification Iteration 44	[0.32 s]
0.0.N: Proof Simplification Iteration 45	[0.32 s]
0.0.N: Proof Simplification Iteration 46	[0.33 s]
0.0.N: Proof Simplification Iteration 47	[0.33 s]
0.0.N: Proof Simplification Iteration 48	[0.33 s]
0.0.N: Proof Simplification Iteration 49	[0.34 s]
0.0.N: Proof Simplification Iteration 50	[0.34 s]
0.0.N: Proof Simplification Iteration 51	[0.34 s]
0.0.N: Proof Simplification Iteration 52	[0.35 s]
0.0.N: Proof Simplification Iteration 53	[0.35 s]
0.0.N: Proof Simplification Iteration 54	[0.35 s]
0.0.N: Proof Simplification Iteration 55	[0.35 s]
0.0.N: Proof Simplification Iteration 56	[0.36 s]
0.0.N: Proof Simplification Iteration 57	[0.36 s]
0.0.N: Proof Simplification Iteration 58	[0.36 s]
0.0.N: Proof Simplification Iteration 59	[0.37 s]
0.0.N: Proof Simplification Iteration 60	[0.37 s]
0.0.N: Proof Simplification Iteration 61	[0.37 s]
0.0.N: Proof Simplification Iteration 62	[0.37 s]
0.0.N: Proof Simplification Iteration 63	[0.38 s]
0.0.N: Proof Simplification Iteration 64	[0.38 s]
0.0.N: Proof Simplification Iteration 65	[0.38 s]
0.0.N: Proof Simplification Iteration 66	[0.38 s]
0.0.N: Proof Simplification Iteration 67	[0.38 s]
0.0.N: Proof Simplification Iteration 68	[0.38 s]
0.0.N: Proof Simplification Iteration 69	[0.39 s]
0.0.N: Proof Simplification Iteration 70	[0.39 s]
0.0.N: Proof Simplification Iteration 71	[0.39 s]
0.0.N: Proof Simplification Iteration 72	[0.39 s]
0.0.N: Proof Simplification Iteration 73	[0.39 s]
0.0.N: Proof Simplification Iteration 74	[0.39 s]
0.0.N: Proof Simplification Iteration 75	[0.40 s]
0.0.N: Proof Simplification Iteration 76	[0.40 s]
0.0.N: Proof Simplification Iteration 77	[0.40 s]
0.0.N: Proof Simplification Iteration 78	[0.40 s]
0.0.N: Proof Simplification Iteration 79	[0.40 s]
0.0.N: Proof Simplification Iteration 80	[0.40 s]
0.0.N: Proof Simplification Iteration 81	[0.40 s]
0.0.N: Proof Simplification Iteration 82	[0.40 s]
0.0.N: Proof Simplification Iteration 83	[0.41 s]
0.0.N: Proof Simplification Iteration 84	[0.41 s]
0.0.N: Proof Simplification Iteration 85	[0.41 s]
0.0.N: Proof Simplification Iteration 86	[0.41 s]
0.0.N: Proof Simplification Iteration 87	[0.41 s]
0.0.N: Proof Simplification Iteration 88	[0.41 s]
0.0.N: Proof Simplification Iteration 89	[0.41 s]
0.0.N: Proof Simplification Iteration 90	[0.41 s]
0.0.N: Proof Simplification Iteration 91	[0.41 s]
0.0.N: Proof Simplification Iteration 92	[0.41 s]
0.0.N: Proof Simplification Iteration 93	[0.41 s]
0.0.N: Proof Simplification Iteration 94	[0.42 s]
0.0.N: Proof Simplification Iteration 95	[0.42 s]
0.0.PRE: A proof was found: No trace exists. [0.00 s]
INFO (IPF057): 0.0.PRE: The property ":noDeadEnd" was proven in 0.00 s.
    Use check_assumptions -show -dead_end to show this property in the property table.
0.0.PRE: A proof was found: No trace exists. [0.00 s]
INFO (IPF057): 0.0.PRE: The property ":noConflict" was proven in 0.00 s.
    Use check_assumptions -show to show this property in the property table.
INFO (IPF047): 0.0.PRE: The cover property ":live" was covered in 1 cycles in 0.00 s.
    Use check_assumptions -show -live to show this property in the property table.
0.0.PRE: Proof Simplification completed in 0.45 s
0: About to start ProofGrid in its own thread with a limit of 10000 pending notifications and a limit of 10 traces.
0: =============================== ProofGrid start ===============================
0: ProofGrid usable level: 200
0: ProofGrid is starting event handling
0.0.Hp: Proofgrid shell started at 118365@della-i13n6(local) jg_118293_della-i13n6_1
0.0.N: Proofgrid shell started at 118364@della-i13n6(local) jg_118293_della-i13n6_1
0.0.Hp: OS RSS memory limit : 68719476736 / 68719476736
0.0.N: OS RSS memory limit : 68719476736 / 68719476736
0.0.Hp: clocks: 1, declared: 1, disabling: 0, posedge: 1, negedge: 0, noedge: 0, bothedge: 0
0.0.N: clocks: 1, declared: 1, disabling: 0, posedge: 1, negedge: 0, noedge: 0, bothedge: 0
0.0.N: Next scan (0) will use per property time limit: 1s * 10 ^ 0 = 1s
0.0.N: Starting proof for property "dna_sequencer.auto_sva_inst.check_read_loads_lsb"	[0.00 s].
0.0.N: Trace Attempt  1	[0.00 s]
0.0.N: Trace Attempt  2	[0.00 s]
0.0.N: Trace Attempt  2	[0.00 s]
0.0.N: Trace Attempt  3	[0.00 s]
0.0.N: Trace Attempt  3	[0.00 s]
0.0.N: A trace with 3 cycles was found. [0.00 s]
INFO (IPF055): 0.0.N: A counterexample (cex) with 3 cycles was found for the property "dna_sequencer.auto_sva_inst.check_read_loads_lsb" in 0.02 s.
INFO (IPF047): 0.0.N: The cover property "dna_sequencer.auto_sva_inst.check_read_loads_lsb:precondition1" was covered in 1 cycles in 0.02 s by the incidental trace "dna_sequencer.auto_sva_inst.check_read_loads_lsb".
INFO (IPF047): 0.0.N: The cover property "dna_sequencer.auto_sva_inst.gen_shifted_sim_bit_checks[0].check_shifted_sim_bit:precondition1" was covered in 3 cycles in 0.02 s by the incidental trace "dna_sequencer.auto_sva_inst.check_read_loads_lsb".
0.0.N: Stopped processing property "dna_sequencer.auto_sva_inst.check_read_loads_lsb"	[0.02 s].
0.0.N: Starting proof for property "dna_sequencer.auto_sva_inst.check_read_priority_over_shift"	[0.00 s].
0.0.N: Trace Attempt  1	[0.00 s]
0.0.N: Trace Attempt  2	[0.00 s]
0.0.N: Trace Attempt  2	[0.00 s]
0.0.N: Trace Attempt  3	[0.00 s]
0.0.N: Trace Attempt  3	[0.00 s]
0.0.N: A trace with 3 cycles was found. [0.00 s]
INFO (IPF055): 0.0.N: A counterexample (cex) with 3 cycles was found for the property "dna_sequencer.auto_sva_inst.check_read_priority_over_shift" in 0.01 s.
INFO (IPF047): 0.0.N: The cover property "dna_sequencer.auto_sva_inst.check_read_priority_over_shift:precondition1" was covered in 1 cycles in 0.01 s by the incidental trace "dna_sequencer.auto_sva_inst.check_read_priority_over_shift".
0.0.N: Stopped processing property "dna_sequencer.auto_sva_inst.check_read_priority_over_shift"	[0.01 s].
0.0.N: Starting proof for property "dna_sequencer.auto_sva_inst.check_idle_holds_dout"	[0.00 s].
0.0.N: Trace Attempt  1	[0.00 s]
0.0.N: Trace Attempt  2	[0.00 s]
0.0.N: Trace Attempt  2	[0.00 s]
0.0.N: Trace Attempt  3	[0.00 s]
0.0.N: Trace Attempt  3	[0.00 s]
0.0.N: A trace with 3 cycles was found. [0.00 s]
INFO (IPF055): 0.0.N: A counterexample (cex) with 3 cycles was found for the property "dna_sequencer.auto_sva_inst.check_idle_holds_dout" in 0.01 s.
INFO (IPF047): 0.0.N: The cover property "dna_sequencer.auto_sva_inst.check_idle_holds_dout:precondition1" was covered in 1 cycles in 0.01 s by the incidental trace "dna_sequencer.auto_sva_inst.check_idle_holds_dout".
0.0.N: Stopped processing property "dna_sequencer.auto_sva_inst.check_idle_holds_dout"	[0.01 s].
0.0.N: Starting proof for property "dna_sequencer.auto_sva_inst.gen_shifted_sim_bit_checks[0].check_shifted_sim_bit"	[0.00 s].
0.0.N: Trace Attempt  1	[0.00 s]
0.0.N: Trace Attempt  2	[0.00 s]
0.0.N: Trace Attempt  2	[0.00 s]
0.0.N: Trace Attempt  3	[0.00 s]
0.0.N: Trace Attempt  4	[0.00 s]
0.0.N: Trace Attempt  4	[0.00 s]
0.0.N: Trace Attempt  5	[0.00 s]
0.0.N: Trace Attempt  5	[0.00 s]
0.0.N: A trace with 5 cycles was found. [0.00 s]
INFO (IPF055): 0.0.N: A counterexample (cex) with 5 cycles was found for the property "dna_sequencer.auto_sva_inst.gen_shifted_sim_bit_checks[0].check_shifted_sim_bit" in 0.01 s.
INFO (IPF047): 0.0.N: The cover property "dna_sequencer.auto_sva_inst.gen_shifted_sim_bit_checks[1].check_shifted_sim_bit:precondition1" was covered in 5 cycles in 0.01 s by the incidental trace "dna_sequencer.auto_sva_inst.gen_shifted_sim_bit_checks[0].check_shifted_sim_bit".
0.0.N: Stopped processing property "dna_sequencer.auto_sva_inst.gen_shifted_sim_bit_checks[0].check_shifted_sim_bit"	[0.01 s].
0.0.N: Starting proof for property "dna_sequencer.auto_sva_inst.gen_shifted_sim_bit_checks[1].check_shifted_sim_bit"	[0.00 s].
0.0.N: Trace Attempt  1	[0.00 s]
0.0.N: Trace Attempt  2	[0.00 s]
0.0.N: Trace Attempt  2	[0.00 s]
0.0.N: Trace Attempt  3	[0.00 s]
0.0.N: Trace Attempt  4	[0.00 s]
0.0.N: Trace Attempt  4	[0.00 s]
0.0.N: Trace Attempt  5	[0.00 s]
0.0.N: Trace Attempt  7	[0.00 s]
0.0.N: A trace with 7 cycles was found. [0.01 s]
INFO (IPF055): 0.0.N: A counterexample (cex) with 7 cycles was found for the property "dna_sequencer.auto_sva_inst.gen_shifted_sim_bit_checks[1].check_shifted_sim_bit" in 0.01 s.
INFO (IPF047): 0.0.N: The cover property "dna_sequencer.auto_sva_inst.gen_shifted_sim_bit_checks[2].check_shifted_sim_bit:precondition1" was covered in 7 cycles in 0.01 s by the incidental trace "dna_sequencer.auto_sva_inst.gen_shifted_sim_bit_checks[1].check_shifted_sim_bit".
0.0.N: Stopped processing property "dna_sequencer.auto_sva_inst.gen_shifted_sim_bit_checks[1].check_shifted_sim_bit"	[0.01 s].
0.0.N: Starting proof for property "dna_sequencer.auto_sva_inst.gen_shifted_sim_bit_checks[2].check_shifted_sim_bit"	[0.00 s].
0.0.N: Trace Attempt  1	[0.00 s]
0.0.N: Trace Attempt  2	[0.00 s]
0.0.N: Trace Attempt  2	[0.00 s]
0.0.N: Trace Attempt  3	[0.00 s]
0.0.N: Trace Attempt  4	[0.00 s]
0.0.N: Trace Attempt  4	[0.00 s]
0.0.N: Trace Attempt  5	[0.00 s]
0.0.Hp: Trace Attempt  1	[0.02 s]
0.0.Hp: Trace Attempt  2	[0.02 s]
0: ProofGrid is temporarily paused because there are too many pending traces.
0: ProofGrid is resuming to work after pausing for 0s. The amount of pending traces decreased.
0.0.N: Trace Attempt  9	[0.01 s]
0.0.N: A trace with 9 cycles was found. [0.01 s]
INFO (IPF055): 0.0.N: A counterexample (cex) with 9 cycles was found for the property "dna_sequencer.auto_sva_inst.gen_shifted_sim_bit_checks[2].check_shifted_sim_bit" in 0.01 s.
INFO (IPF047): 0.0.N: The cover property "dna_sequencer.auto_sva_inst.gen_shifted_sim_bit_checks[3].check_shifted_sim_bit:precondition1" was covered in 9 cycles in 0.01 s by the incidental trace "dna_sequencer.auto_sva_inst.gen_shifted_sim_bit_checks[2].check_shifted_sim_bit".
0.0.N: Stopped processing property "dna_sequencer.auto_sva_inst.gen_shifted_sim_bit_checks[2].check_shifted_sim_bit"	[0.01 s].
0.0.N: Starting proof for property "dna_sequencer.auto_sva_inst.gen_shifted_sim_bit_checks[3].check_shifted_sim_bit"	[0.00 s].
0.0.N: Trace Attempt  1	[0.00 s]
0.0.N: Trace Attempt  2	[0.00 s]
0.0.N: Trace Attempt  2	[0.00 s]
0.0.N: Trace Attempt  3	[0.00 s]
0.0.N: Trace Attempt  4	[0.00 s]
0.0.N: Trace Attempt  4	[0.00 s]
0.0.N: Trace Attempt  5	[0.00 s]
0: ProofGrid is temporarily paused because there are too many pending traces.
0: ProofGrid is resuming to work after pausing for 0s. The amount of pending traces decreased.
0.0.N: Trace Attempt 11	[0.01 s]
0.0.N: A trace with 11 cycles was found. [0.01 s]
INFO (IPF055): 0.0.N: A counterexample (cex) with 11 cycles was found for the property "dna_sequencer.auto_sva_inst.gen_shifted_sim_bit_checks[3].check_shifted_sim_bit" in 0.01 s.
INFO (IPF047): 0.0.N: The cover property "dna_sequencer.auto_sva_inst.gen_shifted_sim_bit_checks[4].check_shifted_sim_bit:precondition1" was covered in 11 cycles in 0.01 s by the incidental trace "dna_sequencer.auto_sva_inst.gen_shifted_sim_bit_checks[3].check_shifted_sim_bit".
0.0.N: Stopped processing property "dna_sequencer.auto_sva_inst.gen_shifted_sim_bit_checks[3].check_shifted_sim_bit"	[0.01 s].
0.0.Hp: Trace Attempt  3	[0.05 s]
0.0.N: Starting proof for property "dna_sequencer.auto_sva_inst.gen_shifted_sim_bit_checks[4].check_shifted_sim_bit"	[0.00 s].
0.0.N: Trace Attempt  1	[0.00 s]
0.0.N: Trace Attempt  2	[0.00 s]
0.0.N: Trace Attempt  2	[0.00 s]
0.0.N: Trace Attempt  3	[0.00 s]
0.0.N: Trace Attempt  4	[0.00 s]
0.0.N: Trace Attempt  4	[0.00 s]
0.0.N: Trace Attempt  5	[0.00 s]
0.0.N: Trace Attempt 13	[0.01 s]
0.0.N: A trace with 13 cycles was found. [0.01 s]
INFO (IPF055): 0.0.N: A counterexample (cex) with 13 cycles was found for the property "dna_sequencer.auto_sva_inst.gen_shifted_sim_bit_checks[4].check_shifted_sim_bit" in 0.01 s.
INFO (IPF047): 0.0.N: The cover property "dna_sequencer.auto_sva_inst.gen_shifted_sim_bit_checks[5].check_shifted_sim_bit:precondition1" was covered in 13 cycles in 0.01 s by the incidental trace "dna_sequencer.auto_sva_inst.gen_shifted_sim_bit_checks[4].check_shifted_sim_bit".
0.0.N: Stopped processing property "dna_sequencer.auto_sva_inst.gen_shifted_sim_bit_checks[4].check_shifted_sim_bit"	[0.01 s].
0.0.N: Starting proof for property "dna_sequencer.auto_sva_inst.gen_shifted_sim_bit_checks[5].check_shifted_sim_bit"	[0.00 s].
0.0.N: Trace Attempt  1	[0.00 s]
0.0.N: Trace Attempt  2	[0.00 s]
0.0.N: Trace Attempt  2	[0.00 s]
0.0.N: Trace Attempt  3	[0.00 s]
0.0.N: Trace Attempt  4	[0.00 s]
0.0.N: Trace Attempt  4	[0.00 s]
0.0.N: Trace Attempt  5	[0.00 s]
0.0.B: Proofgrid shell started at 118379@della-i13n6(local) jg_118293_della-i13n6_1
0.0.B: OS RSS memory limit : 68719476736 / 68719476736
0.0.B: clocks: 1, declared: 1, disabling: 0, posedge: 1, negedge: 0, noedge: 0, bothedge: 0
0.0.B: Next scan (0) will use per property time limit: 1s * 10 ^ 0 = 1s
0.0.B: Starting proof for property "dna_sequencer.auto_sva_inst.gen_shifted_sim_bit_checks[5].check_shifted_sim_bit"	[0.00 s].
0.0.B: Trace Attempt  1	[0.00 s]
0.0.B: Trace Attempt  2	[0.00 s]
0.0.B: Trace Attempt  3	[0.00 s]
0.0.B: Trace Attempt  4	[0.00 s]
0.0.B: Trace Attempt  5	[0.00 s]
0.0.N: Trace Attempt 15	[0.02 s]
0.0.N: A trace with 15 cycles was found. [0.02 s]
INFO (IPF055): 0.0.N: A counterexample (cex) with 15 cycles was found for the property "dna_sequencer.auto_sva_inst.gen_shifted_sim_bit_checks[5].check_shifted_sim_bit" in 0.01 s.
INFO (IPF047): 0.0.N: The cover property "dna_sequencer.auto_sva_inst.gen_shifted_sim_bit_checks[6].check_shifted_sim_bit:precondition1" was covered in 15 cycles in 0.01 s by the incidental trace "dna_sequencer.auto_sva_inst.gen_shifted_sim_bit_checks[5].check_shifted_sim_bit".
0.0.N: Stopped processing property "dna_sequencer.auto_sva_inst.gen_shifted_sim_bit_checks[5].check_shifted_sim_bit"	[0.01 s].
0.0.N: Starting proof for property "dna_sequencer.auto_sva_inst.gen_shifted_sim_bit_checks[6].check_shifted_sim_bit"	[0.00 s].
0.0.N: Trace Attempt  1	[0.00 s]
0.0.N: Trace Attempt  2	[0.00 s]
0.0.B: Stopped processing property "dna_sequencer.auto_sva_inst.gen_shifted_sim_bit_checks[5].check_shifted_sim_bit"	[0.01 s].
0.0.B: Starting proof for property "dna_sequencer.auto_sva_inst.gen_shifted_sim_bit_checks[6].check_shifted_sim_bit"	[0.00 s].
0.0.N: Trace Attempt  2	[0.00 s]
0.0.B: Trace Attempt  1	[0.00 s]
0.0.N: Trace Attempt  3	[0.00 s]
0.0.N: Trace Attempt  4	[0.00 s]
0.0.B: Trace Attempt  2	[0.00 s]
0.0.N: Trace Attempt  4	[0.00 s]
0.0.B: Trace Attempt  3	[0.00 s]
0.0.N: Trace Attempt  5	[0.00 s]
0.0.B: Trace Attempt  4	[0.00 s]
0.0.B: Trace Attempt  5	[0.00 s]
0.0.Hp: Trace Attempt  4	[0.10 s]
0.0.N: Trace Attempt 17	[0.02 s]
0.0.N: A trace with 17 cycles was found. [0.03 s]
INFO (IPF055): 0.0.N: A counterexample (cex) with 17 cycles was found for the property "dna_sequencer.auto_sva_inst.gen_shifted_sim_bit_checks[6].check_shifted_sim_bit" in 0.02 s.
INFO (IPF047): 0.0.N: The cover property "dna_sequencer.auto_sva_inst.gen_shifted_sim_bit_checks[7].check_shifted_sim_bit:precondition1" was covered in 17 cycles in 0.02 s by the incidental trace "dna_sequencer.auto_sva_inst.gen_shifted_sim_bit_checks[6].check_shifted_sim_bit".
0.0.N: Stopped processing property "dna_sequencer.auto_sva_inst.gen_shifted_sim_bit_checks[6].check_shifted_sim_bit"	[0.02 s].
0.0.N: Starting proof for property "dna_sequencer.auto_sva_inst.gen_shifted_sim_bit_checks[7].check_shifted_sim_bit"	[0.00 s].
0.0.N: Trace Attempt  1	[0.00 s]
0.0.N: Trace Attempt  2	[0.00 s]
0.0.N: Trace Attempt  2	[0.00 s]
0.0.N: Trace Attempt  3	[0.00 s]
0.0.N: Trace Attempt  4	[0.00 s]
0.0.N: Trace Attempt  4	[0.00 s]
0.0.N: Trace Attempt  5	[0.00 s]
0.0.B: Stopped processing property "dna_sequencer.auto_sva_inst.gen_shifted_sim_bit_checks[6].check_shifted_sim_bit"	[0.02 s].
0.0.B: Starting proof for property "dna_sequencer.auto_sva_inst.gen_shifted_sim_bit_checks[7].check_shifted_sim_bit"	[0.00 s].
0.0.B: Trace Attempt  1	[0.00 s]
0.0.B: Trace Attempt  2	[0.00 s]
0.0.B: Trace Attempt  3	[0.00 s]
0.0.B: Trace Attempt  4	[0.00 s]
0.0.B: Trace Attempt  5	[0.00 s]
0.0.B: Trace Attempt 19	[0.02 s]
0.0.B: A trace with 19 cycles was found. [0.02 s]
INFO (IPF055): 0.0.B: A counterexample (cex) with 19 cycles was found for the property "dna_sequencer.auto_sva_inst.gen_shifted_sim_bit_checks[7].check_shifted_sim_bit" in 0.01 s.
0.0.N: Stopped processing property "dna_sequencer.auto_sva_inst.gen_shifted_sim_bit_checks[7].check_shifted_sim_bit"	[0.01 s].
0.0.N: Starting proof for property "dna_sequencer.auto_sva_inst.gen_shifted_sim_bit_checks[8].check_shifted_sim_bit"	[0.00 s].
0.0.N: Trace Attempt  1	[0.00 s]
0.0.N: Trace Attempt  2	[0.00 s]
0.0.N: Trace Attempt  2	[0.00 s]
0.0.N: Trace Attempt  3	[0.00 s]
0.0.N: Trace Attempt  4	[0.00 s]
0.0.N: Trace Attempt  4	[0.00 s]
0.0.Ht: Proofgrid shell started at 118378@della-i13n6(local) jg_118293_della-i13n6_1
0.0.B: Stopped processing property "dna_sequencer.auto_sva_inst.gen_shifted_sim_bit_checks[7].check_shifted_sim_bit"	[0.01 s].
0.0.B: Starting proof for property "dna_sequencer.auto_sva_inst.gen_shifted_sim_bit_checks[8].check_shifted_sim_bit"	[0.00 s].
0.0.N: Trace Attempt  5	[0.00 s]
0.0.B: Trace Attempt  1	[0.00 s]
0.0.B: Trace Attempt  2	[0.00 s]
0.0.Ht: OS RSS memory limit : 68719476736 / 68719476736
0.0.Ht: clocks: 1, declared: 1, disabling: 0, posedge: 1, negedge: 0, noedge: 0, bothedge: 0
0.0.B: Trace Attempt  3	[0.01 s]
0.0.Hp: Trace Attempt  5	[0.15 s]
0.0.B: Trace Attempt  4	[0.01 s]
0.0.B: Trace Attempt  5	[0.01 s]
0.0.Ht: Trace Attempt  1	[0.01 s]
0.0.Ht: Trace Attempt  2	[0.01 s]
0.0.Ht: Trace Attempt  3	[0.01 s]
0.0.Ht: Trace Attempt  4	[0.01 s]
0.0.Ht: Trace Attempt  5	[0.01 s]
0.0.B: Trace Attempt 21	[0.03 s]
0.0.B: A trace with 21 cycles was found. [0.04 s]
INFO (IPF055): 0.0.B: A counterexample (cex) with 21 cycles was found for the property "dna_sequencer.auto_sva_inst.gen_shifted_sim_bit_checks[8].check_shifted_sim_bit" in 0.02 s.
INFO (IPF047): 0.0.B: The cover property "dna_sequencer.auto_sva_inst.gen_shifted_sim_bit_checks[8].check_shifted_sim_bit:precondition1" was covered in 19 cycles in 0.02 s by the incidental trace "dna_sequencer.auto_sva_inst.gen_shifted_sim_bit_checks[8].check_shifted_sim_bit".
0.0.N: Stopped processing property "dna_sequencer.auto_sva_inst.gen_shifted_sim_bit_checks[8].check_shifted_sim_bit"	[0.03 s].
0.0.N: Starting proof for property "dna_sequencer.auto_sva_inst.gen_shifted_sim_bit_checks[9].check_shifted_sim_bit"	[0.00 s].
0.0.N: Trace Attempt  1	[0.00 s]
0.0.N: Trace Attempt  2	[0.00 s]
0.0.N: Trace Attempt  2	[0.00 s]
0.0.N: Trace Attempt  3	[0.00 s]
0.0.N: Trace Attempt  4	[0.00 s]
0.0.B: Stopped processing property "dna_sequencer.auto_sva_inst.gen_shifted_sim_bit_checks[8].check_shifted_sim_bit"	[0.04 s].
0.0.B: Starting proof for property "dna_sequencer.auto_sva_inst.gen_shifted_sim_bit_checks[9].check_shifted_sim_bit"	[0.00 s].
0.0.N: Trace Attempt  4	[0.00 s]
0.0.B: Trace Attempt  1	[0.00 s]
0.0.N: Trace Attempt  5	[0.00 s]
0.0.Ht: Trace Attempt 21	[0.04 s]
0.0.Ht: A trace with 21 cycles was found. [0.04 s]
INFO (IPF047): 0.0.Ht: The cover property "dna_sequencer.auto_sva_inst.gen_shifted_sim_bit_checks[9].check_shifted_sim_bit:precondition1" was covered in 21 cycles in 0.05 s.
0.0.Ht: Trace Attempt 22	[0.04 s]
0.0.B: Trace Attempt  2	[0.00 s]
0.0.B: Trace Attempt  3	[0.00 s]
0.0.B: Trace Attempt  4	[0.00 s]
0.0.Ht: Trace Attempt 23	[0.04 s]
0.0.Ht: A trace with 23 cycles was found. [0.04 s]
INFO (IPF055): 0.0.Ht: A counterexample (cex) with 23 cycles was found for the property "dna_sequencer.auto_sva_inst.gen_shifted_sim_bit_checks[9].check_shifted_sim_bit" in 0.05 s.
0.0.N: Stopped processing property "dna_sequencer.auto_sva_inst.gen_shifted_sim_bit_checks[9].check_shifted_sim_bit"	[0.03 s].
0.0.N: Starting proof for property "dna_sequencer.auto_sva_inst.gen_shifted_sim_bit_checks[10].check_shifted_sim_bit"	[0.00 s].
0.0.N: Trace Attempt  1	[0.00 s]
0.0.N: Trace Attempt  2	[0.00 s]
0.0.N: Trace Attempt  2	[0.00 s]
0.0.N: Trace Attempt  3	[0.00 s]
0.0.N: Trace Attempt  4	[0.00 s]
0.0.Ht: A trace with 23 cycles was found. [0.04 s]
INFO (IPF047): 0.0.Ht: The cover property "dna_sequencer.auto_sva_inst.gen_shifted_sim_bit_checks[10].check_shifted_sim_bit:precondition1" was covered in 23 cycles in 0.06 s.
0.0.Ht: Trace Attempt 24	[0.04 s]
0.0.B: Stopped processing property "dna_sequencer.auto_sva_inst.gen_shifted_sim_bit_checks[9].check_shifted_sim_bit"	[0.03 s].
0.0.B: Starting proof for property "dna_sequencer.auto_sva_inst.gen_shifted_sim_bit_checks[10].check_shifted_sim_bit"	[0.00 s].
0.0.B: Trace Attempt  1	[0.00 s]
0.0.N: Trace Attempt  4	[0.00 s]
0.0.N: Trace Attempt  5	[0.00 s]
0.0.B: Trace Attempt  2	[0.00 s]
0.0.B: Trace Attempt  3	[0.00 s]
0.0.Ht: Trace Attempt 25	[0.05 s]
0.0.Ht: A trace with 25 cycles was found. [0.05 s]
INFO (IPF055): 0.0.Ht: A counterexample (cex) with 25 cycles was found for the property "dna_sequencer.auto_sva_inst.gen_shifted_sim_bit_checks[10].check_shifted_sim_bit" in 0.07 s.
0.0.N: Stopped processing property "dna_sequencer.auto_sva_inst.gen_shifted_sim_bit_checks[10].check_shifted_sim_bit"	[0.02 s].
0.0.N: Starting proof for property "dna_sequencer.auto_sva_inst.gen_shifted_sim_bit_checks[11].check_shifted_sim_bit"	[0.00 s].
0.0.N: Trace Attempt  1	[0.00 s]
0.0.Ht: A trace with 25 cycles was found. [0.05 s]
INFO (IPF047): 0.0.Ht: The cover property "dna_sequencer.auto_sva_inst.gen_shifted_sim_bit_checks[11].check_shifted_sim_bit:precondition1" was covered in 25 cycles in 0.08 s.
0.0.N: Trace Attempt  2	[0.00 s]
0.0.N: Trace Attempt  2	[0.00 s]
0.0.N: Trace Attempt  3	[0.00 s]
0.0.N: Trace Attempt  4	[0.00 s]
0.0.N: Trace Attempt  4	[0.00 s]
0.0.N: Trace Attempt  5	[0.00 s]
0.0.B: Trace Attempt  4	[0.01 s]
0.0.B: Stopped processing property "dna_sequencer.auto_sva_inst.gen_shifted_sim_bit_checks[10].check_shifted_sim_bit"	[0.02 s].
0.0.B: Starting proof for property "dna_sequencer.auto_sva_inst.gen_shifted_sim_bit_checks[11].check_shifted_sim_bit"	[0.00 s].
0.0.B: Trace Attempt  1	[0.00 s]
0.0.B: Trace Attempt  2	[0.00 s]
0.0.B: Trace Attempt  3	[0.00 s]
0.0.B: Trace Attempt  4	[0.00 s]
0.0.Ht: Trace Attempt 26	[0.06 s]
0: ProofGrid is temporarily paused because there are too many pending traces.
0: ProofGrid is resuming to work after pausing for 0s. The amount of pending traces decreased.
0.0.Ht: Trace Attempt 27	[0.06 s]
0.0.Ht: A trace with 27 cycles was found. [0.06 s]
INFO (IPF055): 0.0.Ht: A counterexample (cex) with 27 cycles was found for the property "dna_sequencer.auto_sva_inst.gen_shifted_sim_bit_checks[11].check_shifted_sim_bit" in 0.11 s.
0.0.B: Stopped processing property "dna_sequencer.auto_sva_inst.gen_shifted_sim_bit_checks[11].check_shifted_sim_bit"	[0.03 s].
0.0.B: Starting proof for property "dna_sequencer.auto_sva_inst.gen_shifted_sim_bit_checks[12].check_shifted_sim_bit"	[0.00 s].
0.0.B: Trace Attempt  1	[0.00 s]
0.0.B: Trace Attempt  2	[0.00 s]
0.0.B: Trace Attempt  3	[0.00 s]
0.0.B: Trace Attempt  4	[0.00 s]
0.0.B: Trace Attempt  5	[0.00 s]
0.0.N: Stopped processing property "dna_sequencer.auto_sva_inst.gen_shifted_sim_bit_checks[11].check_shifted_sim_bit"	[0.04 s].
0.0.N: Starting proof for property "dna_sequencer.auto_sva_inst.gen_shifted_sim_bit_checks[12].check_shifted_sim_bit"	[0.00 s].
0.0.N: Trace Attempt  1	[0.00 s]
0.0.N: Trace Attempt  2	[0.00 s]
0.0.N: Trace Attempt  2	[0.00 s]
0.0.N: Trace Attempt  3	[0.00 s]
0.0.N: Trace Attempt  4	[0.00 s]
0.0.N: Trace Attempt  4	[0.00 s]
0.0.N: Trace Attempt  5	[0.00 s]
0.0.Ht: A trace with 27 cycles was found. [0.06 s]
INFO (IPF047): 0.0.Ht: The cover property "dna_sequencer.auto_sva_inst.gen_shifted_sim_bit_checks[12].check_shifted_sim_bit:precondition1" was covered in 27 cycles in 0.12 s.
0.0.Ht: Trace Attempt 28	[0.06 s]
0: ProofGrid is temporarily paused because there are too many pending traces.
0: ProofGrid is resuming to work after pausing for 0s. The amount of pending traces decreased.
0.0.Ht: Trace Attempt 29	[0.06 s]
0.0.Ht: A trace with 29 cycles was found. [0.06 s]
INFO (IPF055): 0.0.Ht: A counterexample (cex) with 29 cycles was found for the property "dna_sequencer.auto_sva_inst.gen_shifted_sim_bit_checks[12].check_shifted_sim_bit" in 0.13 s.
0: ProofGrid is temporarily paused because there are too many pending traces.
0: ProofGrid is resuming to work after pausing for 0s. The amount of pending traces decreased.
0.0.Ht: A trace with 29 cycles was found. [0.06 s]
INFO (IPF047): 0.0.Ht: The cover property "dna_sequencer.auto_sva_inst.gen_shifted_sim_bit_checks[13].check_shifted_sim_bit:precondition1" was covered in 29 cycles in 0.14 s.
0.0.Ht: Trace Attempt 30	[0.06 s]
0: ProofGrid is temporarily paused because there are too many pending traces.
0: ProofGrid is resuming to work after pausing for 0s. The amount of pending traces decreased.
0.0.Ht: Trace Attempt 31	[0.06 s]
0.0.Ht: A trace with 31 cycles was found. [0.06 s]
INFO (IPF055): 0.0.Ht: A counterexample (cex) with 31 cycles was found for the property "dna_sequencer.auto_sva_inst.gen_shifted_sim_bit_checks[13].check_shifted_sim_bit" in 0.16 s.
0.0.B: Stopped processing property "dna_sequencer.auto_sva_inst.gen_shifted_sim_bit_checks[12].check_shifted_sim_bit"	[0.05 s].
0.0.B: Starting proof for property "dna_sequencer.auto_sva_inst.gen_shifted_sim_bit_checks[13].check_shifted_sim_bit"	[0.00 s].
0.0.B: Trace Attempt  1	[0.00 s]
0.0.B: Trace Attempt  2	[0.00 s]
0.0.B: Trace Attempt  3	[0.00 s]
0.0.B: Trace Attempt  4	[0.00 s]
0.0.B: Trace Attempt  5	[0.00 s]
0.0.B: Stopped processing property "dna_sequencer.auto_sva_inst.gen_shifted_sim_bit_checks[13].check_shifted_sim_bit"	[0.00 s].
0.0.B: Starting proof for property "dna_sequencer.auto_sva_inst.gen_shifted_sim_bit_checks[14].check_shifted_sim_bit"	[0.00 s].
0.0.B: Trace Attempt  1	[0.00 s]
0.0.B: Trace Attempt  2	[0.00 s]
0.0.B: Trace Attempt  3	[0.00 s]
0.0.B: Trace Attempt  4	[0.00 s]
0.0.B: Trace Attempt  5	[0.00 s]
0.0.N: Stopped processing property "dna_sequencer.auto_sva_inst.gen_shifted_sim_bit_checks[12].check_shifted_sim_bit"	[0.05 s].
0.0.N: Starting proof for property "dna_sequencer.auto_sva_inst.gen_shifted_sim_bit_checks[13].check_shifted_sim_bit"	[0.00 s].
0.0.N: Trace Attempt  1	[0.00 s]
0.0.N: Trace Attempt  2	[0.00 s]
0.0.N: Trace Attempt  2	[0.00 s]
0.0.N: Trace Attempt  3	[0.00 s]
0.0.N: Trace Attempt  4	[0.00 s]
0.0.N: Trace Attempt  4	[0.00 s]
0.0.N: Trace Attempt  5	[0.00 s]
0.0.N: Stopped processing property "dna_sequencer.auto_sva_inst.gen_shifted_sim_bit_checks[13].check_shifted_sim_bit"	[0.00 s].
0.0.N: Starting proof for property "dna_sequencer.auto_sva_inst.gen_shifted_sim_bit_checks[14].check_shifted_sim_bit"	[0.00 s].
0.0.N: Trace Attempt  1	[0.00 s]
0.0.N: Trace Attempt  2	[0.00 s]
0.0.N: Trace Attempt  2	[0.00 s]
0.0.N: Trace Attempt  3	[0.00 s]
0.0.N: Trace Attempt  4	[0.00 s]
0.0.N: Trace Attempt  4	[0.00 s]
0.0.N: Trace Attempt  5	[0.00 s]
0: ProofGrid is temporarily paused because there are too many pending traces.
0: ProofGrid is resuming to work after pausing for 0s. The amount of pending traces decreased.
0.0.Ht: A trace with 31 cycles was found. [0.08 s]
INFO (IPF047): 0.0.Ht: The cover property "dna_sequencer.auto_sva_inst.gen_shifted_sim_bit_checks[14].check_shifted_sim_bit:precondition1" was covered in 31 cycles in 0.17 s.
0.0.Ht: Trace Attempt 32	[0.08 s]
0: ProofGrid is temporarily paused because there are too many pending traces.
0: ProofGrid is resuming to work after pausing for 0s. The amount of pending traces decreased.
0.0.Ht: Trace Attempt 33	[0.08 s]
0.0.Ht: A trace with 33 cycles was found. [0.08 s]
INFO (IPF055): 0.0.Ht: A counterexample (cex) with 33 cycles was found for the property "dna_sequencer.auto_sva_inst.gen_shifted_sim_bit_checks[14].check_shifted_sim_bit" in 0.18 s.
0: ProofGrid is temporarily paused because there are too many pending traces.
0: ProofGrid is resuming to work after pausing for 0s. The amount of pending traces decreased.
0.0.Ht: A trace with 33 cycles was found. [0.08 s]
INFO (IPF047): 0.0.Ht: The cover property "dna_sequencer.auto_sva_inst.gen_shifted_sim_bit_checks[15].check_shifted_sim_bit:precondition1" was covered in 33 cycles in 0.19 s.
0.0.B: Stopped processing property "dna_sequencer.auto_sva_inst.gen_shifted_sim_bit_checks[14].check_shifted_sim_bit"	[0.03 s].
0.0.B: Starting proof for property "dna_sequencer.auto_sva_inst.gen_shifted_sim_bit_checks[15].check_shifted_sim_bit"	[0.00 s].
0.0.B: Trace Attempt  1	[0.00 s]
0.0.B: Trace Attempt  2	[0.00 s]
0.0.B: Trace Attempt  3	[0.00 s]
0.0.B: Trace Attempt  4	[0.00 s]
0.0.B: Trace Attempt  5	[0.00 s]
0.0.N: Stopped processing property "dna_sequencer.auto_sva_inst.gen_shifted_sim_bit_checks[14].check_shifted_sim_bit"	[0.03 s].
0.0.N: Starting proof for property "dna_sequencer.auto_sva_inst.gen_shifted_sim_bit_checks[15].check_shifted_sim_bit"	[0.00 s].
0.0.N: Trace Attempt  1	[0.00 s]
0.0.N: Trace Attempt  2	[0.00 s]
0.0.N: Trace Attempt  2	[0.00 s]
0.0.N: Trace Attempt  3	[0.00 s]
0.0.N: Trace Attempt  4	[0.00 s]
0.0.N: Trace Attempt  4	[0.00 s]
0.0.N: Trace Attempt  5	[0.00 s]
0.0.Ht: Trace Attempt 34	[0.08 s]
0.0.Ht: Trace Attempt 35	[0.08 s]
0.0.Ht: A trace with 35 cycles was found. [0.08 s]
INFO (IPF055): 0.0.Ht: A counterexample (cex) with 35 cycles was found for the property "dna_sequencer.auto_sva_inst.gen_shifted_sim_bit_checks[15].check_shifted_sim_bit" in 0.20 s.
0: ProofGrid is temporarily paused because there are too many pending traces.
0: ProofGrid is resuming to work after pausing for 0s. The amount of pending traces decreased.
0.0.Ht: A trace with 35 cycles was found. [0.11 s]
INFO (IPF047): 0.0.Ht: The cover property "dna_sequencer.auto_sva_inst.gen_shifted_sim_bit_checks[16].check_shifted_sim_bit:precondition1" was covered in 35 cycles in 0.21 s.
0.0.Ht: Trace Attempt 36	[0.11 s]
0: ProofGrid is temporarily paused because there are too many pending traces.
0: ProofGrid is resuming to work after pausing for 0s. The amount of pending traces decreased.
0.0.Ht: Trace Attempt 37	[0.11 s]
0.0.Ht: A trace with 37 cycles was found. [0.11 s]
INFO (IPF055): 0.0.Ht: A counterexample (cex) with 37 cycles was found for the property "dna_sequencer.auto_sva_inst.gen_shifted_sim_bit_checks[16].check_shifted_sim_bit" in 0.23 s.
0: ProofGrid is temporarily paused because there are too many pending traces.
0: ProofGrid is resuming to work after pausing for 0s. The amount of pending traces decreased.
0.0.Ht: A trace with 37 cycles was found. [0.11 s]
INFO (IPF047): 0.0.Ht: The cover property "dna_sequencer.auto_sva_inst.gen_shifted_sim_bit_checks[17].check_shifted_sim_bit:precondition1" was covered in 37 cycles in 0.24 s.
0.0.B: Stopped processing property "dna_sequencer.auto_sva_inst.gen_shifted_sim_bit_checks[15].check_shifted_sim_bit"	[0.05 s].
0.0.B: Starting proof for property "dna_sequencer.auto_sva_inst.gen_shifted_sim_bit_checks[16].check_shifted_sim_bit"	[0.00 s].
0.0.B: Trace Attempt  1	[0.00 s]
0.0.B: Trace Attempt  2	[0.00 s]
0.0.B: Trace Attempt  3	[0.00 s]
0.0.B: Trace Attempt  4	[0.00 s]
0.0.B: Trace Attempt  5	[0.00 s]
0.0.B: Stopped processing property "dna_sequencer.auto_sva_inst.gen_shifted_sim_bit_checks[16].check_shifted_sim_bit"	[0.00 s].
0.0.B: Starting proof for property "dna_sequencer.auto_sva_inst.gen_shifted_sim_bit_checks[17].check_shifted_sim_bit"	[0.00 s].
0.0.B: Trace Attempt  1	[0.00 s]
0.0.B: Trace Attempt  2	[0.00 s]
0.0.B: Trace Attempt  3	[0.00 s]
0.0.B: Trace Attempt  4	[0.00 s]
0.0.B: Trace Attempt  5	[0.00 s]
0.0.N: Stopped processing property "dna_sequencer.auto_sva_inst.gen_shifted_sim_bit_checks[15].check_shifted_sim_bit"	[0.05 s].
0.0.N: Starting proof for property "dna_sequencer.auto_sva_inst.gen_shifted_sim_bit_checks[16].check_shifted_sim_bit"	[0.00 s].
0.0.N: Trace Attempt  1	[0.00 s]
0.0.N: Trace Attempt  2	[0.00 s]
0.0.N: Trace Attempt  2	[0.00 s]
0.0.N: Trace Attempt  3	[0.00 s]
0.0.N: Trace Attempt  4	[0.00 s]
0.0.N: Trace Attempt  4	[0.00 s]
0.0.N: Trace Attempt  5	[0.00 s]
0.0.N: Stopped processing property "dna_sequencer.auto_sva_inst.gen_shifted_sim_bit_checks[16].check_shifted_sim_bit"	[0.00 s].
0.0.N: Starting proof for property "dna_sequencer.auto_sva_inst.gen_shifted_sim_bit_checks[17].check_shifted_sim_bit"	[0.00 s].
0.0.N: Trace Attempt  1	[0.00 s]
0.0.N: Trace Attempt  2	[0.00 s]
0.0.N: Trace Attempt  2	[0.00 s]
0.0.N: Trace Attempt  3	[0.00 s]
0.0.N: Trace Attempt  4	[0.00 s]
0.0.N: Trace Attempt  4	[0.00 s]
0.0.N: Trace Attempt  5	[0.00 s]
0.0.Ht: Trace Attempt 38	[0.16 s]
0.0.Ht: Trace Attempt 39	[0.16 s]
0.0.Ht: A trace with 39 cycles was found. [0.17 s]
INFO (IPF055): 0.0.Ht: A counterexample (cex) with 39 cycles was found for the property "dna_sequencer.auto_sva_inst.gen_shifted_sim_bit_checks[17].check_shifted_sim_bit" in 0.26 s.
0: ProofGrid is temporarily paused because there are too many pending traces.
0: ProofGrid is resuming to work after pausing for 0s. The amount of pending traces decreased.
0.0.Ht: A trace with 39 cycles was found. [0.17 s]
INFO (IPF047): 0.0.Ht: The cover property "dna_sequencer.auto_sva_inst.gen_shifted_sim_bit_checks[18].check_shifted_sim_bit:precondition1" was covered in 39 cycles in 0.27 s.
0.0.Ht: Trace Attempt 40	[0.17 s]
0: ProofGrid is temporarily paused because there are too many pending traces.
0: ProofGrid is resuming to work after pausing for 0s. The amount of pending traces decreased.
0.0.Ht: Trace Attempt 41	[0.17 s]
0.0.Ht: A trace with 41 cycles was found. [0.17 s]
INFO (IPF055): 0.0.Ht: A counterexample (cex) with 41 cycles was found for the property "dna_sequencer.auto_sva_inst.gen_shifted_sim_bit_checks[18].check_shifted_sim_bit" in 0.29 s.
0: ProofGrid is temporarily paused because there are too many pending traces.
0: ProofGrid is resuming to work after pausing for 0s. The amount of pending traces decreased.
0.0.Ht: A trace with 41 cycles was found. [0.17 s]
INFO (IPF047): 0.0.Ht: The cover property "dna_sequencer.auto_sva_inst.gen_shifted_sim_bit_checks[19].check_shifted_sim_bit:precondition1" was covered in 41 cycles in 0.30 s.
0.0.B: Stopped processing property "dna_sequencer.auto_sva_inst.gen_shifted_sim_bit_checks[17].check_shifted_sim_bit"	[0.05 s].
0.0.B: Starting proof for property "dna_sequencer.auto_sva_inst.gen_shifted_sim_bit_checks[18].check_shifted_sim_bit"	[0.00 s].
0.0.B: Trace Attempt  1	[0.00 s]
0.0.B: Trace Attempt  2	[0.00 s]
0.0.B: Stopped processing property "dna_sequencer.auto_sva_inst.gen_shifted_sim_bit_checks[18].check_shifted_sim_bit"	[0.00 s].
0.0.B: Starting proof for property "dna_sequencer.auto_sva_inst.gen_shifted_sim_bit_checks[19].check_shifted_sim_bit"	[0.00 s].
0.0.B: Trace Attempt  1	[0.00 s]
0.0.B: Trace Attempt  2	[0.00 s]
0.0.B: Trace Attempt  3	[0.00 s]
0.0.B: Trace Attempt  4	[0.00 s]
0.0.B: Trace Attempt  5	[0.00 s]
0.0.N: Stopped processing property "dna_sequencer.auto_sva_inst.gen_shifted_sim_bit_checks[17].check_shifted_sim_bit"	[0.05 s].
0.0.N: Starting proof for property "dna_sequencer.auto_sva_inst.gen_shifted_sim_bit_checks[18].check_shifted_sim_bit"	[0.00 s].
0.0.N: Trace Attempt  1	[0.00 s]
0.0.N: Trace Attempt  2	[0.00 s]
0.0.N: Trace Attempt  2	[0.00 s]
0.0.N: Trace Attempt  3	[0.00 s]
0.0.N: Trace Attempt  4	[0.00 s]
0.0.N: Trace Attempt  4	[0.00 s]
0.0.N: Trace Attempt  5	[0.00 s]
0.0.N: Stopped processing property "dna_sequencer.auto_sva_inst.gen_shifted_sim_bit_checks[18].check_shifted_sim_bit"	[0.00 s].
0.0.N: Starting proof for property "dna_sequencer.auto_sva_inst.gen_shifted_sim_bit_checks[19].check_shifted_sim_bit"	[0.00 s].
0.0.N: Trace Attempt  1	[0.00 s]
0.0.N: Trace Attempt  2	[0.00 s]
0.0.N: Trace Attempt  2	[0.00 s]
0.0.N: Trace Attempt  3	[0.00 s]
0.0.N: Trace Attempt  4	[0.00 s]
0.0.N: Trace Attempt  4	[0.00 s]
0.0.N: Trace Attempt  5	[0.00 s]
0.0.Ht: Trace Attempt 42	[0.22 s]
0: ProofGrid is temporarily paused because there are too many pending traces.
0: ProofGrid is resuming to work after pausing for 0s. The amount of pending traces decreased.
0.0.Ht: Trace Attempt 43	[0.22 s]
0.0.Ht: A trace with 43 cycles was found. [0.22 s]
INFO (IPF055): 0.0.Ht: A counterexample (cex) with 43 cycles was found for the property "dna_sequencer.auto_sva_inst.gen_shifted_sim_bit_checks[19].check_shifted_sim_bit" in 0.31 s.
0: ProofGrid is temporarily paused because there are too many pending traces.
0: ProofGrid is resuming to work after pausing for 0s. The amount of pending traces decreased.
0.0.Ht: A trace with 43 cycles was found. [0.22 s]
INFO (IPF047): 0.0.Ht: The cover property "dna_sequencer.auto_sva_inst.gen_shifted_sim_bit_checks[20].check_shifted_sim_bit:precondition1" was covered in 43 cycles in 0.32 s.
0.0.Ht: Trace Attempt 44	[0.22 s]
0: ProofGrid is temporarily paused because there are too many pending traces.
0: ProofGrid is resuming to work after pausing for 0s. The amount of pending traces decreased.
0.0.Ht: Trace Attempt 45	[0.22 s]
0.0.Ht: A trace with 45 cycles was found. [0.22 s]
INFO (IPF055): 0.0.Ht: A counterexample (cex) with 45 cycles was found for the property "dna_sequencer.auto_sva_inst.gen_shifted_sim_bit_checks[20].check_shifted_sim_bit" in 0.34 s.
0: ProofGrid is temporarily paused because there are too many pending traces.
0: ProofGrid is resuming to work after pausing for 0s. The amount of pending traces decreased.
0.0.Ht: A trace with 45 cycles was found. [0.23 s]
INFO (IPF047): 0.0.Ht: The cover property "dna_sequencer.auto_sva_inst.gen_shifted_sim_bit_checks[21].check_shifted_sim_bit:precondition1" was covered in 45 cycles in 0.35 s.
0.0.B: Stopped processing property "dna_sequencer.auto_sva_inst.gen_shifted_sim_bit_checks[19].check_shifted_sim_bit"	[0.05 s].
0.0.B: Starting proof for property "dna_sequencer.auto_sva_inst.gen_shifted_sim_bit_checks[20].check_shifted_sim_bit"	[0.00 s].
0.0.B: Trace Attempt  1	[0.00 s]
0.0.B: Trace Attempt  2	[0.00 s]
0.0.B: Trace Attempt  3	[0.00 s]
0.0.B: Trace Attempt  4	[0.00 s]
0.0.B: Trace Attempt  5	[0.00 s]
0.0.B: Stopped processing property "dna_sequencer.auto_sva_inst.gen_shifted_sim_bit_checks[20].check_shifted_sim_bit"	[0.00 s].
0.0.B: Starting proof for property "dna_sequencer.auto_sva_inst.gen_shifted_sim_bit_checks[21].check_shifted_sim_bit"	[0.00 s].
0.0.B: Trace Attempt  1	[0.00 s]
0.0.B: Trace Attempt  2	[0.00 s]
0.0.B: Trace Attempt  3	[0.00 s]
0.0.B: Trace Attempt  4	[0.00 s]
0.0.B: Trace Attempt  5	[0.00 s]
0.0.N: Stopped processing property "dna_sequencer.auto_sva_inst.gen_shifted_sim_bit_checks[19].check_shifted_sim_bit"	[0.05 s].
0.0.N: Starting proof for property "dna_sequencer.auto_sva_inst.gen_shifted_sim_bit_checks[20].check_shifted_sim_bit"	[0.00 s].
0.0.N: Trace Attempt  1	[0.00 s]
0.0.N: Trace Attempt  2	[0.00 s]
0.0.N: Trace Attempt  2	[0.00 s]
0.0.N: Trace Attempt  3	[0.00 s]
0.0.N: Trace Attempt  4	[0.00 s]
0.0.N: Trace Attempt  4	[0.00 s]
0.0.N: Trace Attempt  5	[0.00 s]
0.0.N: Stopped processing property "dna_sequencer.auto_sva_inst.gen_shifted_sim_bit_checks[20].check_shifted_sim_bit"	[0.00 s].
0.0.N: Starting proof for property "dna_sequencer.auto_sva_inst.gen_shifted_sim_bit_checks[21].check_shifted_sim_bit"	[0.00 s].
0.0.N: Trace Attempt  1	[0.00 s]
0.0.N: Trace Attempt  2	[0.00 s]
0.0.N: Trace Attempt  2	[0.00 s]
0.0.N: Trace Attempt  3	[0.00 s]
0.0.N: Trace Attempt  4	[0.00 s]
0.0.N: Trace Attempt  4	[0.00 s]
0.0.N: Trace Attempt  5	[0.00 s]
0.0.Ht: Trace Attempt 46	[0.26 s]
0: ProofGrid is temporarily paused because there are too many pending traces.
0: ProofGrid is resuming to work after pausing for 0s. The amount of pending traces decreased.
0.0.Ht: Trace Attempt 47	[0.26 s]
0.0.Ht: A trace with 47 cycles was found. [0.26 s]
INFO (IPF055): 0.0.Ht: A counterexample (cex) with 47 cycles was found for the property "dna_sequencer.auto_sva_inst.gen_shifted_sim_bit_checks[21].check_shifted_sim_bit" in 0.37 s.
0: ProofGrid is temporarily paused because there are too many pending traces.
0: ProofGrid is resuming to work after pausing for 0s. The amount of pending traces decreased.
0.0.Ht: A trace with 47 cycles was found. [0.27 s]
INFO (IPF047): 0.0.Ht: The cover property "dna_sequencer.auto_sva_inst.gen_shifted_sim_bit_checks[22].check_shifted_sim_bit:precondition1" was covered in 47 cycles in 0.37 s.
0.0.Ht: Trace Attempt 48	[0.27 s]
0: ProofGrid is temporarily paused because there are too many pending traces.
0: ProofGrid is resuming to work after pausing for 0s. The amount of pending traces decreased.
0.0.Ht: Trace Attempt 49	[0.27 s]
0.0.Ht: A trace with 49 cycles was found. [0.27 s]
INFO (IPF055): 0.0.Ht: A counterexample (cex) with 49 cycles was found for the property "dna_sequencer.auto_sva_inst.gen_shifted_sim_bit_checks[22].check_shifted_sim_bit" in 0.40 s.
0.0.B: Stopped processing property "dna_sequencer.auto_sva_inst.gen_shifted_sim_bit_checks[21].check_shifted_sim_bit"	[0.05 s].
0.0.B: Starting proof for property "dna_sequencer.auto_sva_inst.gen_shifted_sim_bit_checks[22].check_shifted_sim_bit"	[0.00 s].
0.0.B: Trace Attempt  1	[0.00 s]
0.0.B: Trace Attempt  2	[0.00 s]
0.0.B: Trace Attempt  3	[0.00 s]
0.0.B: Trace Attempt  4	[0.00 s]
0.0.B: Trace Attempt  5	[0.00 s]
0.0.B: Stopped processing property "dna_sequencer.auto_sva_inst.gen_shifted_sim_bit_checks[22].check_shifted_sim_bit"	[0.00 s].
0.0.B: Starting proof for property "dna_sequencer.auto_sva_inst.gen_shifted_sim_bit_checks[23].check_shifted_sim_bit"	[0.00 s].
0.0.B: Trace Attempt  1	[0.00 s]
0.0.B: Trace Attempt  2	[0.00 s]
0.0.B: Trace Attempt  3	[0.00 s]
0.0.B: Trace Attempt  4	[0.00 s]
0.0.B: Trace Attempt  5	[0.00 s]
0.0.N: Stopped processing property "dna_sequencer.auto_sva_inst.gen_shifted_sim_bit_checks[21].check_shifted_sim_bit"	[0.04 s].
0.0.N: Starting proof for property "dna_sequencer.auto_sva_inst.gen_shifted_sim_bit_checks[22].check_shifted_sim_bit"	[0.00 s].
0.0.N: Trace Attempt  1	[0.00 s]
0.0.N: Trace Attempt  2	[0.00 s]
0.0.N: Trace Attempt  2	[0.00 s]
0.0.N: Trace Attempt  3	[0.00 s]
0.0.N: Trace Attempt  4	[0.00 s]
0.0.N: Trace Attempt  4	[0.00 s]
0.0.N: Trace Attempt  5	[0.00 s]
0.0.N: Stopped processing property "dna_sequencer.auto_sva_inst.gen_shifted_sim_bit_checks[22].check_shifted_sim_bit"	[0.00 s].
0.0.N: Starting proof for property "dna_sequencer.auto_sva_inst.gen_shifted_sim_bit_checks[23].check_shifted_sim_bit"	[0.00 s].
0.0.N: Trace Attempt  1	[0.00 s]
0.0.N: Trace Attempt  2	[0.00 s]
0.0.N: Trace Attempt  2	[0.00 s]
0.0.N: Trace Attempt  3	[0.00 s]
0.0.N: Trace Attempt  4	[0.00 s]
0.0.N: Trace Attempt  4	[0.00 s]
0.0.N: Trace Attempt  5	[0.00 s]
0: ProofGrid is temporarily paused because there are too many pending traces.
0: ProofGrid is resuming to work after pausing for 0s. The amount of pending traces decreased.
0.0.Ht: A trace with 49 cycles was found. [0.31 s]
INFO (IPF047): 0.0.Ht: The cover property "dna_sequencer.auto_sva_inst.gen_shifted_sim_bit_checks[23].check_shifted_sim_bit:precondition1" was covered in 49 cycles in 0.41 s.
0.0.Ht: Trace Attempt 50	[0.32 s]
0: ProofGrid is temporarily paused because there are too many pending traces.
0: ProofGrid is resuming to work after pausing for 0s. The amount of pending traces decreased.
0.0.Ht: Trace Attempt 51	[0.32 s]
0.0.Ht: A trace with 51 cycles was found. [0.32 s]
INFO (IPF055): 0.0.Ht: A counterexample (cex) with 51 cycles was found for the property "dna_sequencer.auto_sva_inst.gen_shifted_sim_bit_checks[23].check_shifted_sim_bit" in 0.42 s.
0: ProofGrid is temporarily paused because there are too many pending traces.
0: ProofGrid is resuming to work after pausing for 0s. The amount of pending traces decreased.
0.0.Ht: A trace with 51 cycles was found. [0.32 s]
INFO (IPF047): 0.0.Ht: The cover property "dna_sequencer.auto_sva_inst.gen_shifted_sim_bit_checks[24].check_shifted_sim_bit:precondition1" was covered in 51 cycles in 0.43 s.
0.0.B: Stopped processing property "dna_sequencer.auto_sva_inst.gen_shifted_sim_bit_checks[23].check_shifted_sim_bit"	[0.03 s].
0.0.B: Starting proof for property "dna_sequencer.auto_sva_inst.gen_shifted_sim_bit_checks[24].check_shifted_sim_bit"	[0.00 s].
0.0.B: Trace Attempt  1	[0.00 s]
0.0.B: Trace Attempt  2	[0.00 s]
0.0.B: Trace Attempt  3	[0.00 s]
0.0.B: Trace Attempt  4	[0.00 s]
0.0.B: Trace Attempt  5	[0.00 s]
0.0.N: Stopped processing property "dna_sequencer.auto_sva_inst.gen_shifted_sim_bit_checks[23].check_shifted_sim_bit"	[0.03 s].
0.0.N: Starting proof for property "dna_sequencer.auto_sva_inst.gen_shifted_sim_bit_checks[24].check_shifted_sim_bit"	[0.00 s].
0.0.N: Trace Attempt  1	[0.00 s]
0.0.N: Trace Attempt  2	[0.00 s]
0.0.N: Trace Attempt  2	[0.00 s]
0.0.N: Trace Attempt  3	[0.00 s]
0.0.N: Trace Attempt  4	[0.00 s]
0.0.N: Trace Attempt  4	[0.00 s]
0.0.N: Trace Attempt  5	[0.00 s]
0.0.Ht: Trace Attempt 52	[0.35 s]
0: ProofGrid is temporarily paused because there are too many pending traces.
0: ProofGrid is resuming to work after pausing for 0s. The amount of pending traces decreased.
0.0.Ht: Trace Attempt 53	[0.35 s]
0.0.Ht: A trace with 53 cycles was found. [0.35 s]
INFO (IPF055): 0.0.Ht: A counterexample (cex) with 53 cycles was found for the property "dna_sequencer.auto_sva_inst.gen_shifted_sim_bit_checks[24].check_shifted_sim_bit" in 0.44 s.
0: ProofGrid is temporarily paused because there are too many pending traces.
0: ProofGrid is resuming to work after pausing for 0s. The amount of pending traces decreased.
0.0.Ht: A trace with 53 cycles was found. [0.35 s]
INFO (IPF047): 0.0.Ht: The cover property "dna_sequencer.auto_sva_inst.gen_shifted_sim_bit_checks[25].check_shifted_sim_bit:precondition1" was covered in 53 cycles in 0.45 s.
0.0.Ht: Trace Attempt 54	[0.35 s]
0: ProofGrid is temporarily paused because there are too many pending traces.
0: ProofGrid is resuming to work after pausing for 0s. The amount of pending traces decreased.
0.0.Ht: Trace Attempt 55	[0.35 s]
0.0.Ht: A trace with 55 cycles was found. [0.35 s]
INFO (IPF055): 0.0.Ht: A counterexample (cex) with 55 cycles was found for the property "dna_sequencer.auto_sva_inst.gen_shifted_sim_bit_checks[25].check_shifted_sim_bit" in 0.47 s.
0.0.B: Stopped processing property "dna_sequencer.auto_sva_inst.gen_shifted_sim_bit_checks[24].check_shifted_sim_bit"	[0.04 s].
0.0.B: Starting proof for property "dna_sequencer.auto_sva_inst.gen_shifted_sim_bit_checks[25].check_shifted_sim_bit"	[0.00 s].
0.0.B: Trace Attempt  1	[0.00 s]
0.0.B: Trace Attempt  2	[0.00 s]
0.0.B: Trace Attempt  3	[0.00 s]
0.0.B: Trace Attempt  4	[0.00 s]
0.0.B: Trace Attempt  5	[0.00 s]
0.0.B: Stopped processing property "dna_sequencer.auto_sva_inst.gen_shifted_sim_bit_checks[25].check_shifted_sim_bit"	[0.00 s].
0.0.B: Starting proof for property "dna_sequencer.auto_sva_inst.gen_shifted_sim_bit_checks[26].check_shifted_sim_bit"	[0.00 s].
0.0.B: Trace Attempt  1	[0.00 s]
0.0.B: Trace Attempt  2	[0.00 s]
0.0.B: Trace Attempt  3	[0.00 s]
0.0.B: Trace Attempt  4	[0.00 s]
0.0.B: Trace Attempt  5	[0.00 s]
0.0.N: Stopped processing property "dna_sequencer.auto_sva_inst.gen_shifted_sim_bit_checks[24].check_shifted_sim_bit"	[0.04 s].
0.0.N: Starting proof for property "dna_sequencer.auto_sva_inst.gen_shifted_sim_bit_checks[25].check_shifted_sim_bit"	[0.00 s].
0.0.N: Trace Attempt  1	[0.00 s]
0.0.N: Trace Attempt  2	[0.00 s]
0.0.N: Trace Attempt  2	[0.00 s]
0.0.N: Trace Attempt  3	[0.00 s]
0.0.N: Trace Attempt  4	[0.00 s]
0.0.N: Trace Attempt  4	[0.00 s]
0.0.N: Trace Attempt  5	[0.00 s]
0.0.N: Stopped processing property "dna_sequencer.auto_sva_inst.gen_shifted_sim_bit_checks[25].check_shifted_sim_bit"	[0.00 s].
0.0.N: Starting proof for property "dna_sequencer.auto_sva_inst.gen_shifted_sim_bit_checks[26].check_shifted_sim_bit"	[0.00 s].
0.0.N: Trace Attempt  1	[0.00 s]
0.0.N: Trace Attempt  2	[0.00 s]
0.0.N: Trace Attempt  2	[0.00 s]
0.0.N: Trace Attempt  3	[0.00 s]
0.0.N: Trace Attempt  4	[0.00 s]
0.0.N: Trace Attempt  4	[0.00 s]
0.0.N: Trace Attempt  5	[0.00 s]
0: ProofGrid is temporarily paused because there are too many pending traces.
0: ProofGrid is resuming to work after pausing for 0s. The amount of pending traces decreased.
0.0.Ht: A trace with 55 cycles was found. [0.39 s]
INFO (IPF047): 0.0.Ht: The cover property "dna_sequencer.auto_sva_inst.gen_shifted_sim_bit_checks[26].check_shifted_sim_bit:precondition1" was covered in 55 cycles in 0.49 s.
0.0.Ht: Trace Attempt 56	[0.39 s]
0.0.Ht: Trace Attempt 57	[0.39 s]
0.0.Ht: A trace with 57 cycles was found. [0.40 s]
INFO (IPF055): 0.0.Ht: A counterexample (cex) with 57 cycles was found for the property "dna_sequencer.auto_sva_inst.gen_shifted_sim_bit_checks[26].check_shifted_sim_bit" in 0.50 s.
0: ProofGrid is temporarily paused because there are too many pending traces.
0: ProofGrid is resuming to work after pausing for 0s. The amount of pending traces decreased.
0.0.Ht: A trace with 57 cycles was found. [0.40 s]
INFO (IPF047): 0.0.Ht: The cover property "dna_sequencer.auto_sva_inst.gen_shifted_sim_bit_checks[27].check_shifted_sim_bit:precondition1" was covered in 57 cycles in 0.50 s.
0.0.B: Stopped processing property "dna_sequencer.auto_sva_inst.gen_shifted_sim_bit_checks[26].check_shifted_sim_bit"	[0.03 s].
0.0.B: Starting proof for property "dna_sequencer.auto_sva_inst.gen_shifted_sim_bit_checks[27].check_shifted_sim_bit"	[0.00 s].
0.0.B: Trace Attempt  1	[0.00 s]
0.0.B: Trace Attempt  2	[0.00 s]
0.0.B: Trace Attempt  3	[0.00 s]
0.0.B: Trace Attempt  4	[0.00 s]
0.0.B: Trace Attempt  5	[0.00 s]
0.0.N: Stopped processing property "dna_sequencer.auto_sva_inst.gen_shifted_sim_bit_checks[26].check_shifted_sim_bit"	[0.03 s].
0.0.N: Starting proof for property "dna_sequencer.auto_sva_inst.gen_shifted_sim_bit_checks[27].check_shifted_sim_bit"	[0.00 s].
0.0.N: Trace Attempt  1	[0.00 s]
0.0.N: Trace Attempt  2	[0.00 s]
0.0.N: Trace Attempt  2	[0.00 s]
0.0.N: Trace Attempt  3	[0.00 s]
0.0.N: Trace Attempt  4	[0.00 s]
0.0.N: Trace Attempt  4	[0.00 s]
0.0.N: Trace Attempt  5	[0.00 s]
0.0.Ht: Trace Attempt 58	[0.44 s]
0.0.Ht: Trace Attempt 59	[0.45 s]
0.0.Ht: A trace with 59 cycles was found. [0.45 s]
INFO (IPF055): 0.0.Ht: A counterexample (cex) with 59 cycles was found for the property "dna_sequencer.auto_sva_inst.gen_shifted_sim_bit_checks[27].check_shifted_sim_bit" in 0.53 s.
0: ProofGrid is temporarily paused because there are too many pending traces.
0: ProofGrid is resuming to work after pausing for 0s. The amount of pending traces decreased.
0.0.Ht: A trace with 59 cycles was found. [0.45 s]
INFO (IPF047): 0.0.Ht: The cover property "dna_sequencer.auto_sva_inst.gen_shifted_sim_bit_checks[28].check_shifted_sim_bit:precondition1" was covered in 59 cycles in 0.54 s.
0.0.Ht: Trace Attempt 60	[0.45 s]
0: ProofGrid is temporarily paused because there are too many pending traces.
0: ProofGrid is resuming to work after pausing for 0s. The amount of pending traces decreased.
0.0.Ht: Trace Attempt 61	[0.45 s]
0.0.Ht: A trace with 61 cycles was found. [0.45 s]
INFO (IPF055): 0.0.Ht: A counterexample (cex) with 61 cycles was found for the property "dna_sequencer.auto_sva_inst.gen_shifted_sim_bit_checks[28].check_shifted_sim_bit" in 0.55 s.
0.0.B: Stopped processing property "dna_sequencer.auto_sva_inst.gen_shifted_sim_bit_checks[27].check_shifted_sim_bit"	[0.04 s].
0.0.B: Starting proof for property "dna_sequencer.auto_sva_inst.gen_shifted_sim_bit_checks[28].check_shifted_sim_bit"	[0.00 s].
0.0.B: Trace Attempt  1	[0.00 s]
0.0.B: Trace Attempt  2	[0.00 s]
0.0.B: Trace Attempt  3	[0.00 s]
0.0.B: Trace Attempt  4	[0.00 s]
0.0.B: Trace Attempt  5	[0.00 s]
0.0.B: Stopped processing property "dna_sequencer.auto_sva_inst.gen_shifted_sim_bit_checks[28].check_shifted_sim_bit"	[0.00 s].
0.0.B: Starting proof for property "dna_sequencer.auto_sva_inst.gen_shifted_sim_bit_checks[29].check_shifted_sim_bit"	[0.00 s].
0.0.B: Trace Attempt  1	[0.00 s]
0.0.B: Trace Attempt  2	[0.00 s]
0.0.B: Trace Attempt  3	[0.00 s]
0.0.B: Trace Attempt  4	[0.00 s]
0.0.B: Trace Attempt  5	[0.00 s]
0.0.N: Stopped processing property "dna_sequencer.auto_sva_inst.gen_shifted_sim_bit_checks[27].check_shifted_sim_bit"	[0.04 s].
0.0.N: Starting proof for property "dna_sequencer.auto_sva_inst.gen_shifted_sim_bit_checks[28].check_shifted_sim_bit"	[0.00 s].
0.0.N: Trace Attempt  1	[0.00 s]
0.0.N: Trace Attempt  2	[0.00 s]
0.0.N: Trace Attempt  2	[0.00 s]
0.0.N: Trace Attempt  3	[0.00 s]
0.0.N: Trace Attempt  4	[0.00 s]
0.0.N: Trace Attempt  4	[0.00 s]
0.0.N: Trace Attempt  5	[0.00 s]
0.0.N: Stopped processing property "dna_sequencer.auto_sva_inst.gen_shifted_sim_bit_checks[28].check_shifted_sim_bit"	[0.00 s].
0.0.N: Starting proof for property "dna_sequencer.auto_sva_inst.gen_shifted_sim_bit_checks[29].check_shifted_sim_bit"	[0.00 s].
0.0.N: Trace Attempt  1	[0.00 s]
0.0.N: Trace Attempt  2	[0.00 s]
0.0.N: Trace Attempt  2	[0.00 s]
0.0.N: Trace Attempt  3	[0.00 s]
0.0.N: Trace Attempt  4	[0.00 s]
0.0.N: Trace Attempt  4	[0.00 s]
0.0.N: Trace Attempt  5	[0.00 s]
0.0.Ht: A trace with 61 cycles was found. [0.48 s]
INFO (IPF047): 0.0.Ht: The cover property "dna_sequencer.auto_sva_inst.gen_shifted_sim_bit_checks[29].check_shifted_sim_bit:precondition1" was covered in 61 cycles in 0.56 s.
0.0.Ht: Trace Attempt 62	[0.48 s]
0: ProofGrid is temporarily paused because there are too many pending traces.
0: ProofGrid is resuming to work after pausing for 0s. The amount of pending traces decreased.
0.0.Ht: Trace Attempt 63	[0.48 s]
0.0.Ht: A trace with 63 cycles was found. [0.48 s]
INFO (IPF055): 0.0.Ht: A counterexample (cex) with 63 cycles was found for the property "dna_sequencer.auto_sva_inst.gen_shifted_sim_bit_checks[29].check_shifted_sim_bit" in 0.58 s.
0: ProofGrid is temporarily paused because there are too many pending traces.
0: ProofGrid is resuming to work after pausing for 0s. The amount of pending traces decreased.
0.0.Ht: A trace with 63 cycles was found. [0.48 s]
INFO (IPF047): 0.0.Ht: The cover property "dna_sequencer.auto_sva_inst.gen_shifted_sim_bit_checks[30].check_shifted_sim_bit:precondition1" was covered in 63 cycles in 0.59 s.
0.0.B: Stopped processing property "dna_sequencer.auto_sva_inst.gen_shifted_sim_bit_checks[29].check_shifted_sim_bit"	[0.04 s].
0.0.B: Starting proof for property "dna_sequencer.auto_sva_inst.gen_shifted_sim_bit_checks[30].check_shifted_sim_bit"	[0.00 s].
0.0.B: Trace Attempt  1	[0.00 s]
0.0.B: Trace Attempt  2	[0.00 s]
0.0.B: Trace Attempt  3	[0.00 s]
0.0.B: Trace Attempt  4	[0.00 s]
0.0.B: Trace Attempt  5	[0.00 s]
0.0.N: Stopped processing property "dna_sequencer.auto_sva_inst.gen_shifted_sim_bit_checks[29].check_shifted_sim_bit"	[0.04 s].
0.0.N: Starting proof for property "dna_sequencer.auto_sva_inst.gen_shifted_sim_bit_checks[30].check_shifted_sim_bit"	[0.00 s].
0.0.N: Trace Attempt  1	[0.00 s]
0.0.N: Trace Attempt  2	[0.00 s]
0.0.N: Trace Attempt  2	[0.00 s]
0.0.N: Trace Attempt  3	[0.00 s]
0.0.N: Trace Attempt  4	[0.00 s]
0.0.N: Trace Attempt  4	[0.00 s]
0.0.N: Trace Attempt  5	[0.00 s]
0.0.Ht: Trace Attempt 64	[0.52 s]
0: ProofGrid is temporarily paused because there are too many pending traces.
0: ProofGrid is resuming to work after pausing for 0s. The amount of pending traces decreased.
0.0.Ht: Trace Attempt 65	[0.52 s]
0.0.Ht: A trace with 65 cycles was found. [0.52 s]
INFO (IPF055): 0.0.Ht: A counterexample (cex) with 65 cycles was found for the property "dna_sequencer.auto_sva_inst.gen_shifted_sim_bit_checks[30].check_shifted_sim_bit" in 0.60 s.
0: ProofGrid is temporarily paused because there are too many pending traces.
0: ProofGrid is resuming to work after pausing for 0s. The amount of pending traces decreased.
0.0.Ht: A trace with 65 cycles was found. [0.52 s]
INFO (IPF047): 0.0.Ht: The cover property "dna_sequencer.auto_sva_inst.gen_shifted_sim_bit_checks[31].check_shifted_sim_bit:precondition1" was covered in 65 cycles in 0.61 s.
0.0.Ht: Trace Attempt 66	[0.53 s]
0: ProofGrid is temporarily paused because there are too many pending traces.
0: ProofGrid is resuming to work after pausing for 0s. The amount of pending traces decreased.
0.0.Ht: Trace Attempt 67	[0.53 s]
0.0.Ht: A trace with 67 cycles was found. [0.53 s]
INFO (IPF055): 0.0.Ht: A counterexample (cex) with 67 cycles was found for the property "dna_sequencer.auto_sva_inst.gen_shifted_sim_bit_checks[31].check_shifted_sim_bit" in 0.62 s.
0.0.B: Stopped processing property "dna_sequencer.auto_sva_inst.gen_shifted_sim_bit_checks[30].check_shifted_sim_bit"	[0.03 s].
0.0.B: Starting proof for property "dna_sequencer.auto_sva_inst.gen_shifted_sim_bit_checks[31].check_shifted_sim_bit"	[0.00 s].
0.0.B: Trace Attempt  1	[0.00 s]
0.0.B: Trace Attempt  2	[0.00 s]
0.0.B: Trace Attempt  3	[0.00 s]
0.0.B: Trace Attempt  4	[0.00 s]
0.0.B: Trace Attempt  5	[0.00 s]
0.0.B: Stopped processing property "dna_sequencer.auto_sva_inst.gen_shifted_sim_bit_checks[31].check_shifted_sim_bit"	[0.00 s].
0.0.B: Starting proof for property "dna_sequencer.auto_sva_inst.gen_shifted_sim_bit_checks[32].check_shifted_sim_bit"	[0.00 s].
0.0.B: Trace Attempt  1	[0.00 s]
0.0.B: Trace Attempt  2	[0.00 s]
0.0.B: Trace Attempt  3	[0.00 s]
0.0.B: Trace Attempt  4	[0.00 s]
0.0.B: Trace Attempt  5	[0.00 s]
0.0.N: Stopped processing property "dna_sequencer.auto_sva_inst.gen_shifted_sim_bit_checks[30].check_shifted_sim_bit"	[0.03 s].
0.0.N: Starting proof for property "dna_sequencer.auto_sva_inst.gen_shifted_sim_bit_checks[31].check_shifted_sim_bit"	[0.00 s].
0.0.N: Trace Attempt  1	[0.00 s]
0.0.N: Trace Attempt  2	[0.00 s]
0.0.N: Trace Attempt  2	[0.00 s]
0.0.N: Trace Attempt  3	[0.00 s]
0.0.N: Trace Attempt  4	[0.00 s]
0.0.N: Trace Attempt  4	[0.00 s]
0.0.N: Trace Attempt  5	[0.00 s]
0.0.N: Stopped processing property "dna_sequencer.auto_sva_inst.gen_shifted_sim_bit_checks[31].check_shifted_sim_bit"	[0.00 s].
0.0.N: Starting proof for property "dna_sequencer.auto_sva_inst.gen_shifted_sim_bit_checks[32].check_shifted_sim_bit"	[0.00 s].
0.0.N: Trace Attempt  1	[0.00 s]
0.0.N: Trace Attempt  2	[0.00 s]
0.0.N: Trace Attempt  2	[0.00 s]
0.0.N: Trace Attempt  3	[0.00 s]
0.0.N: Trace Attempt  4	[0.00 s]
0.0.N: Trace Attempt  4	[0.00 s]
0.0.N: Trace Attempt  5	[0.00 s]
0: ProofGrid is temporarily paused because there are too many pending traces.
0: ProofGrid is resuming to work after pausing for 0s. The amount of pending traces decreased.
0.0.Ht: A trace with 67 cycles was found. [0.55 s]
INFO (IPF047): 0.0.Ht: The cover property "dna_sequencer.auto_sva_inst.gen_shifted_sim_bit_checks[32].check_shifted_sim_bit:precondition1" was covered in 67 cycles in 0.64 s.
0.0.Ht: Trace Attempt 68	[0.56 s]
0: ProofGrid is temporarily paused because there are too many pending traces.
0: ProofGrid is resuming to work after pausing for 0s. The amount of pending traces decreased.
0.0.Ht: Trace Attempt 69	[0.56 s]
0.0.Ht: A trace with 69 cycles was found. [0.56 s]
INFO (IPF055): 0.0.Ht: A counterexample (cex) with 69 cycles was found for the property "dna_sequencer.auto_sva_inst.gen_shifted_sim_bit_checks[32].check_shifted_sim_bit" in 0.66 s.
0: ProofGrid is temporarily paused because there are too many pending traces.
0: ProofGrid is resuming to work after pausing for 0s. The amount of pending traces decreased.
0.0.Ht: A trace with 69 cycles was found. [0.56 s]
INFO (IPF047): 0.0.Ht: The cover property "dna_sequencer.auto_sva_inst.gen_shifted_sim_bit_checks[33].check_shifted_sim_bit:precondition1" was covered in 69 cycles in 0.67 s.
0.0.B: Stopped processing property "dna_sequencer.auto_sva_inst.gen_shifted_sim_bit_checks[32].check_shifted_sim_bit"	[0.04 s].
0.0.B: Starting proof for property "dna_sequencer.auto_sva_inst.gen_shifted_sim_bit_checks[33].check_shifted_sim_bit"	[0.00 s].
0.0.B: Trace Attempt  1	[0.00 s]
0.0.B: Trace Attempt  2	[0.00 s]
0.0.B: Trace Attempt  3	[0.00 s]
0.0.B: Trace Attempt  4	[0.00 s]
0.0.B: Trace Attempt  5	[0.00 s]
0.0.N: Stopped processing property "dna_sequencer.auto_sva_inst.gen_shifted_sim_bit_checks[32].check_shifted_sim_bit"	[0.04 s].
0.0.N: Starting proof for property "dna_sequencer.auto_sva_inst.gen_shifted_sim_bit_checks[33].check_shifted_sim_bit"	[0.00 s].
0.0.N: Trace Attempt  1	[0.00 s]
0.0.N: Trace Attempt  2	[0.00 s]
0.0.N: Trace Attempt  2	[0.00 s]
0.0.N: Trace Attempt  3	[0.00 s]
0.0.N: Trace Attempt  4	[0.00 s]
0.0.N: Trace Attempt  4	[0.00 s]
0.0.N: Trace Attempt  5	[0.00 s]
0.0.Ht: Trace Attempt 70	[0.59 s]
0.0.Ht: Trace Attempt 71	[0.60 s]
0.0.Ht: A trace with 71 cycles was found. [0.60 s]
INFO (IPF055): 0.0.Ht: A counterexample (cex) with 71 cycles was found for the property "dna_sequencer.auto_sva_inst.gen_shifted_sim_bit_checks[33].check_shifted_sim_bit" in 0.68 s.
0: ProofGrid is temporarily paused because there are too many pending traces.
0: ProofGrid is resuming to work after pausing for 0s. The amount of pending traces decreased.
0.0.Ht: A trace with 71 cycles was found. [0.60 s]
INFO (IPF047): 0.0.Ht: The cover property "dna_sequencer.auto_sva_inst.gen_shifted_sim_bit_checks[34].check_shifted_sim_bit:precondition1" was covered in 71 cycles in 0.69 s.
0.0.N: Stopped processing property "dna_sequencer.auto_sva_inst.gen_shifted_sim_bit_checks[33].check_shifted_sim_bit"	[0.02 s].
0.0.N: Starting proof for property "dna_sequencer.auto_sva_inst.gen_shifted_sim_bit_checks[34].check_shifted_sim_bit"	[0.00 s].
0.0.N: Trace Attempt  1	[0.00 s]
0.0.N: Trace Attempt  2	[0.00 s]
0.0.N: Trace Attempt  2	[0.00 s]
0.0.N: Trace Attempt  3	[0.00 s]
0.0.N: Trace Attempt  4	[0.00 s]
0.0.N: Trace Attempt  4	[0.00 s]
0.0.N: Trace Attempt  5	[0.00 s]
0.0.Ht: Trace Attempt 72	[0.64 s]
0: ProofGrid is temporarily paused because there are too many pending traces.
0: ProofGrid is resuming to work after pausing for 0s. The amount of pending traces decreased.
0.0.Ht: Trace Attempt 73	[0.64 s]
0.0.Ht: A trace with 73 cycles was found. [0.64 s]
INFO (IPF055): 0.0.Ht: A counterexample (cex) with 73 cycles was found for the property "dna_sequencer.auto_sva_inst.gen_shifted_sim_bit_checks[34].check_shifted_sim_bit" in 0.71 s.
0: ProofGrid is temporarily paused because there are too many pending traces.
0: ProofGrid is resuming to work after pausing for 0s. The amount of pending traces decreased.
0.0.Ht: A trace with 73 cycles was found. [0.64 s]
INFO (IPF047): 0.0.Ht: The cover property "dna_sequencer.auto_sva_inst.gen_shifted_sim_bit_checks[35].check_shifted_sim_bit:precondition1" was covered in 73 cycles in 0.72 s.
0.0.B: Stopped processing property "dna_sequencer.auto_sva_inst.gen_shifted_sim_bit_checks[33].check_shifted_sim_bit"	[0.05 s].
0.0.B: Starting proof for property "dna_sequencer.auto_sva_inst.gen_shifted_sim_bit_checks[34].check_shifted_sim_bit"	[0.00 s].
0.0.B: Trace Attempt  1	[0.00 s]
0.0.B: Trace Attempt  2	[0.00 s]
0.0.B: Stopped processing property "dna_sequencer.auto_sva_inst.gen_shifted_sim_bit_checks[34].check_shifted_sim_bit"	[0.00 s].
0.0.B: Starting proof for property "dna_sequencer.auto_sva_inst.gen_shifted_sim_bit_checks[35].check_shifted_sim_bit"	[0.00 s].
0.0.B: Trace Attempt  1	[0.00 s]
0.0.B: Trace Attempt  2	[0.00 s]
0.0.B: Trace Attempt  3	[0.00 s]
0.0.B: Trace Attempt  4	[0.00 s]
0.0.B: Trace Attempt  5	[0.00 s]
0.0.N: Stopped processing property "dna_sequencer.auto_sva_inst.gen_shifted_sim_bit_checks[34].check_shifted_sim_bit"	[0.03 s].
0.0.N: Starting proof for property "dna_sequencer.auto_sva_inst.gen_shifted_sim_bit_checks[35].check_shifted_sim_bit"	[0.00 s].
0.0.N: Trace Attempt  1	[0.00 s]
0.0.N: Trace Attempt  2	[0.00 s]
0.0.N: Trace Attempt  2	[0.00 s]
0.0.N: Trace Attempt  3	[0.00 s]
0.0.N: Trace Attempt  4	[0.00 s]
0.0.N: Trace Attempt  4	[0.00 s]
0.0.N: Trace Attempt  5	[0.00 s]
0.0.Ht: Trace Attempt 74	[0.66 s]
0: ProofGrid is temporarily paused because there are too many pending traces.
0: ProofGrid is resuming to work after pausing for 0s. The amount of pending traces decreased.
0.0.Ht: Trace Attempt 75	[0.66 s]
0.0.Ht: A trace with 75 cycles was found. [0.66 s]
INFO (IPF055): 0.0.Ht: A counterexample (cex) with 75 cycles was found for the property "dna_sequencer.auto_sva_inst.gen_shifted_sim_bit_checks[35].check_shifted_sim_bit" in 0.74 s.
0: ProofGrid is temporarily paused because there are too many pending traces.
0: ProofGrid is resuming to work after pausing for 0s. The amount of pending traces decreased.
0.0.Ht: A trace with 75 cycles was found. [0.66 s]
INFO (IPF047): 0.0.Ht: The cover property "dna_sequencer.auto_sva_inst.gen_shifted_sim_bit_checks[36].check_shifted_sim_bit:precondition1" was covered in 75 cycles in 0.75 s.
0.0.B: Stopped processing property "dna_sequencer.auto_sva_inst.gen_shifted_sim_bit_checks[35].check_shifted_sim_bit"	[0.02 s].
0.0.B: Starting proof for property "dna_sequencer.auto_sva_inst.gen_shifted_sim_bit_checks[36].check_shifted_sim_bit"	[0.00 s].
0.0.B: Trace Attempt  1	[0.00 s]
0.0.B: Trace Attempt  2	[0.00 s]
0.0.B: Trace Attempt  3	[0.00 s]
0.0.B: Trace Attempt  4	[0.00 s]
0.0.B: Trace Attempt  5	[0.00 s]
0.0.N: Stopped processing property "dna_sequencer.auto_sva_inst.gen_shifted_sim_bit_checks[35].check_shifted_sim_bit"	[0.02 s].
0.0.N: Starting proof for property "dna_sequencer.auto_sva_inst.gen_shifted_sim_bit_checks[36].check_shifted_sim_bit"	[0.00 s].
0.0.N: Trace Attempt  1	[0.00 s]
0.0.N: Trace Attempt  2	[0.00 s]
0.0.N: Trace Attempt  2	[0.00 s]
0.0.N: Trace Attempt  3	[0.00 s]
0.0.N: Trace Attempt  4	[0.00 s]
0.0.N: Trace Attempt  4	[0.00 s]
0.0.N: Trace Attempt  5	[0.00 s]
0.0.Ht: Trace Attempt 76	[0.69 s]
0: ProofGrid is temporarily paused because there are too many pending traces.
0: ProofGrid is resuming to work after pausing for 0s. The amount of pending traces decreased.
0.0.Ht: Trace Attempt 77	[0.69 s]
0.0.Ht: A trace with 77 cycles was found. [0.69 s]
INFO (IPF055): 0.0.Ht: A counterexample (cex) with 77 cycles was found for the property "dna_sequencer.auto_sva_inst.gen_shifted_sim_bit_checks[36].check_shifted_sim_bit" in 0.77 s.
0: ProofGrid is temporarily paused because there are too many pending traces.
0: ProofGrid is resuming to work after pausing for 0s. The amount of pending traces decreased.
0.0.Ht: A trace with 77 cycles was found. [0.70 s]
INFO (IPF047): 0.0.Ht: The cover property "dna_sequencer.auto_sva_inst.gen_shifted_sim_bit_checks[37].check_shifted_sim_bit:precondition1" was covered in 77 cycles in 0.78 s.
0.0.B: Stopped processing property "dna_sequencer.auto_sva_inst.gen_shifted_sim_bit_checks[36].check_shifted_sim_bit"	[0.03 s].
0.0.B: Starting proof for property "dna_sequencer.auto_sva_inst.gen_shifted_sim_bit_checks[37].check_shifted_sim_bit"	[0.00 s].
0.0.B: Trace Attempt  1	[0.00 s]
0.0.B: Trace Attempt  2	[0.00 s]
0.0.B: Trace Attempt  3	[0.00 s]
0.0.B: Trace Attempt  4	[0.00 s]
0.0.B: Trace Attempt  5	[0.00 s]
0.0.N: Stopped processing property "dna_sequencer.auto_sva_inst.gen_shifted_sim_bit_checks[36].check_shifted_sim_bit"	[0.03 s].
0.0.N: Starting proof for property "dna_sequencer.auto_sva_inst.gen_shifted_sim_bit_checks[37].check_shifted_sim_bit"	[0.00 s].
0.0.N: Trace Attempt  1	[0.00 s]
0.0.N: Trace Attempt  2	[0.00 s]
0.0.N: Trace Attempt  2	[0.00 s]
0.0.N: Trace Attempt  3	[0.00 s]
0.0.N: Trace Attempt  4	[0.00 s]
0.0.N: Trace Attempt  4	[0.00 s]
0.0.N: Trace Attempt  5	[0.00 s]
0.0.Ht: Trace Attempt 78	[0.71 s]
0: ProofGrid is temporarily paused because there are too many pending traces.
0: ProofGrid is resuming to work after pausing for 0s. The amount of pending traces decreased.
0.0.Ht: Trace Attempt 79	[0.71 s]
0.0.Ht: A trace with 79 cycles was found. [0.72 s]
INFO (IPF055): 0.0.Ht: A counterexample (cex) with 79 cycles was found for the property "dna_sequencer.auto_sva_inst.gen_shifted_sim_bit_checks[37].check_shifted_sim_bit" in 0.79 s.
0: ProofGrid is temporarily paused because there are too many pending traces.
0: ProofGrid is resuming to work after pausing for 0s. The amount of pending traces decreased.
0.0.Ht: A trace with 79 cycles was found. [0.72 s]
INFO (IPF047): 0.0.Ht: The cover property "dna_sequencer.auto_sva_inst.gen_shifted_sim_bit_checks[38].check_shifted_sim_bit:precondition1" was covered in 79 cycles in 0.80 s.
0.0.B: Stopped processing property "dna_sequencer.auto_sva_inst.gen_shifted_sim_bit_checks[37].check_shifted_sim_bit"	[0.02 s].
0.0.B: Starting proof for property "dna_sequencer.auto_sva_inst.gen_shifted_sim_bit_checks[38].check_shifted_sim_bit"	[0.00 s].
0.0.B: Trace Attempt  1	[0.00 s]
0.0.B: Trace Attempt  2	[0.00 s]
0.0.B: Trace Attempt  3	[0.00 s]
0.0.B: Trace Attempt  4	[0.00 s]
0.0.B: Trace Attempt  5	[0.00 s]
0.0.N: Stopped processing property "dna_sequencer.auto_sva_inst.gen_shifted_sim_bit_checks[37].check_shifted_sim_bit"	[0.02 s].
0.0.N: Starting proof for property "dna_sequencer.auto_sva_inst.gen_shifted_sim_bit_checks[38].check_shifted_sim_bit"	[0.00 s].
0.0.N: Trace Attempt  1	[0.00 s]
0.0.N: Trace Attempt  2	[0.00 s]
0.0.N: Trace Attempt  2	[0.00 s]
0.0.N: Trace Attempt  3	[0.00 s]
0.0.N: Trace Attempt  4	[0.00 s]
0.0.N: Trace Attempt  4	[0.00 s]
0.0.N: Trace Attempt  5	[0.00 s]
0.0.Ht: Trace Attempt 80	[0.74 s]
0: ProofGrid is temporarily paused because there are too many pending traces.
0: ProofGrid is resuming to work after pausing for 0s. The amount of pending traces decreased.
0.0.Ht: Trace Attempt 81	[0.75 s]
0.0.Ht: A trace with 81 cycles was found. [0.75 s]
INFO (IPF055): 0.0.Ht: A counterexample (cex) with 81 cycles was found for the property "dna_sequencer.auto_sva_inst.gen_shifted_sim_bit_checks[38].check_shifted_sim_bit" in 0.83 s.
0: ProofGrid is temporarily paused because there are too many pending traces.
0: ProofGrid is resuming to work after pausing for 0s. The amount of pending traces decreased.
0.0.Ht: A trace with 81 cycles was found. [0.75 s]
INFO (IPF047): 0.0.Ht: The cover property "dna_sequencer.auto_sva_inst.gen_shifted_sim_bit_checks[39].check_shifted_sim_bit:precondition1" was covered in 81 cycles in 0.84 s.
0: ProofGrid usable level: 115
0.0.B: Stopped processing property "dna_sequencer.auto_sva_inst.gen_shifted_sim_bit_checks[38].check_shifted_sim_bit"	[0.03 s].
0.0.B: Starting proof for property "dna_sequencer.auto_sva_inst.gen_shifted_sim_bit_checks[39].check_shifted_sim_bit"	[0.00 s].
0.0.B: Trace Attempt  1	[0.00 s]
0.0.B: Trace Attempt  2	[0.00 s]
0.0.B: Trace Attempt  3	[0.00 s]
0.0.B: Trace Attempt  4	[0.00 s]
0.0.B: Trace Attempt  5	[0.00 s]
0.0.N: Stopped processing property "dna_sequencer.auto_sva_inst.gen_shifted_sim_bit_checks[38].check_shifted_sim_bit"	[0.03 s].
0.0.N: Starting proof for property "dna_sequencer.auto_sva_inst.gen_shifted_sim_bit_checks[39].check_shifted_sim_bit"	[0.00 s].
0.0.N: Trace Attempt  1	[0.00 s]
0.0.N: Trace Attempt  2	[0.00 s]
0.0.N: Trace Attempt  2	[0.00 s]
0.0.N: Trace Attempt  3	[0.00 s]
0.0.N: Trace Attempt  4	[0.00 s]
0.0.N: Trace Attempt  4	[0.00 s]
0.0.N: Trace Attempt  5	[0.00 s]
0.0.Ht: Trace Attempt 82	[0.77 s]
0: ProofGrid is temporarily paused because there are too many pending traces.
0: ProofGrid is resuming to work after pausing for 0s. The amount of pending traces decreased.
0.0.Ht: Trace Attempt 83	[0.77 s]
0.0.Ht: A trace with 83 cycles was found. [0.77 s]
INFO (IPF055): 0.0.Ht: A counterexample (cex) with 83 cycles was found for the property "dna_sequencer.auto_sva_inst.gen_shifted_sim_bit_checks[39].check_shifted_sim_bit" in 0.85 s.
0: ProofGrid is temporarily paused because there are too many pending traces.
0: ProofGrid is resuming to work after pausing for 0s. The amount of pending traces decreased.
0.0.Ht: A trace with 83 cycles was found. [0.78 s]
INFO (IPF047): 0.0.Ht: The cover property "dna_sequencer.auto_sva_inst.gen_shifted_sim_bit_checks[40].check_shifted_sim_bit:precondition1" was covered in 83 cycles in 0.86 s.
0.0.B: Stopped processing property "dna_sequencer.auto_sva_inst.gen_shifted_sim_bit_checks[39].check_shifted_sim_bit"	[0.02 s].
0.0.B: Starting proof for property "dna_sequencer.auto_sva_inst.gen_shifted_sim_bit_checks[40].check_shifted_sim_bit"	[0.00 s].
0.0.B: Trace Attempt  1	[0.00 s]
0.0.B: Trace Attempt  2	[0.00 s]
0.0.B: Trace Attempt  3	[0.00 s]
0.0.B: Trace Attempt  4	[0.00 s]
0.0.B: Trace Attempt  5	[0.00 s]
0.0.N: Stopped processing property "dna_sequencer.auto_sva_inst.gen_shifted_sim_bit_checks[39].check_shifted_sim_bit"	[0.02 s].
0.0.N: Starting proof for property "dna_sequencer.auto_sva_inst.gen_shifted_sim_bit_checks[40].check_shifted_sim_bit"	[0.00 s].
0.0.N: Trace Attempt  1	[0.00 s]
0.0.N: Trace Attempt  2	[0.00 s]
0.0.N: Trace Attempt  2	[0.00 s]
0.0.N: Trace Attempt  3	[0.00 s]
0.0.N: Trace Attempt  4	[0.00 s]
0.0.N: Trace Attempt  4	[0.00 s]
0.0.N: Trace Attempt  5	[0.00 s]
0.0.Ht: Trace Attempt 84	[0.80 s]
0: ProofGrid is temporarily paused because there are too many pending traces.
0: ProofGrid is resuming to work after pausing for 0s. The amount of pending traces decreased.
0.0.Ht: Trace Attempt 85	[0.80 s]
0.0.Ht: A trace with 85 cycles was found. [0.80 s]
INFO (IPF055): 0.0.Ht: A counterexample (cex) with 85 cycles was found for the property "dna_sequencer.auto_sva_inst.gen_shifted_sim_bit_checks[40].check_shifted_sim_bit" in 0.88 s.
0: ProofGrid is temporarily paused because there are too many pending traces.
0: ProofGrid is resuming to work after pausing for 0s. The amount of pending traces decreased.
0.0.Ht: A trace with 85 cycles was found. [0.81 s]
INFO (IPF047): 0.0.Ht: The cover property "dna_sequencer.auto_sva_inst.gen_shifted_sim_bit_checks[41].check_shifted_sim_bit:precondition1" was covered in 85 cycles in 0.89 s.
0.0.B: Stopped processing property "dna_sequencer.auto_sva_inst.gen_shifted_sim_bit_checks[40].check_shifted_sim_bit"	[0.03 s].
0.0.B: Starting proof for property "dna_sequencer.auto_sva_inst.gen_shifted_sim_bit_checks[41].check_shifted_sim_bit"	[0.00 s].
0.0.B: Trace Attempt  1	[0.00 s]
0.0.B: Trace Attempt  2	[0.00 s]
0.0.B: Trace Attempt  3	[0.00 s]
0.0.B: Trace Attempt  4	[0.00 s]
0.0.B: Trace Attempt  5	[0.00 s]
0.0.N: Stopped processing property "dna_sequencer.auto_sva_inst.gen_shifted_sim_bit_checks[40].check_shifted_sim_bit"	[0.03 s].
0.0.N: Starting proof for property "dna_sequencer.auto_sva_inst.gen_shifted_sim_bit_checks[41].check_shifted_sim_bit"	[0.00 s].
0.0.N: Trace Attempt  1	[0.00 s]
0.0.N: Trace Attempt  2	[0.00 s]
0.0.N: Trace Attempt  2	[0.00 s]
0.0.N: Trace Attempt  3	[0.00 s]
0.0.N: Trace Attempt  4	[0.00 s]
0.0.N: Trace Attempt  4	[0.00 s]
0.0.N: Trace Attempt  5	[0.00 s]
0.0.Ht: Trace Attempt 86	[0.82 s]
0: ProofGrid is temporarily paused because there are too many pending traces.
0: ProofGrid is resuming to work after pausing for 0s. The amount of pending traces decreased.
0.0.Ht: Trace Attempt 87	[0.82 s]
0.0.Ht: A trace with 87 cycles was found. [0.82 s]
INFO (IPF055): 0.0.Ht: A counterexample (cex) with 87 cycles was found for the property "dna_sequencer.auto_sva_inst.gen_shifted_sim_bit_checks[41].check_shifted_sim_bit" in 0.91 s.
0: ProofGrid is temporarily paused because there are too many pending traces.
0: ProofGrid is resuming to work after pausing for 0s. The amount of pending traces decreased.
0.0.Ht: A trace with 87 cycles was found. [0.83 s]
INFO (IPF047): 0.0.Ht: The cover property "dna_sequencer.auto_sva_inst.gen_shifted_sim_bit_checks[42].check_shifted_sim_bit:precondition1" was covered in 87 cycles in 0.92 s.
0.0.B: Stopped processing property "dna_sequencer.auto_sva_inst.gen_shifted_sim_bit_checks[41].check_shifted_sim_bit"	[0.02 s].
0.0.B: Starting proof for property "dna_sequencer.auto_sva_inst.gen_shifted_sim_bit_checks[42].check_shifted_sim_bit"	[0.00 s].
0.0.B: Trace Attempt  1	[0.00 s]
0.0.B: Trace Attempt  2	[0.00 s]
0.0.B: Trace Attempt  3	[0.00 s]
0.0.B: Trace Attempt  4	[0.00 s]
0.0.B: Trace Attempt  5	[0.00 s]
0.0.N: Stopped processing property "dna_sequencer.auto_sva_inst.gen_shifted_sim_bit_checks[41].check_shifted_sim_bit"	[0.02 s].
0.0.N: Starting proof for property "dna_sequencer.auto_sva_inst.gen_shifted_sim_bit_checks[42].check_shifted_sim_bit"	[0.00 s].
0.0.N: Trace Attempt  1	[0.00 s]
0.0.N: Trace Attempt  2	[0.00 s]
0.0.N: Trace Attempt  2	[0.00 s]
0.0.N: Trace Attempt  3	[0.00 s]
0.0.N: Trace Attempt  4	[0.00 s]
0.0.N: Trace Attempt  4	[0.00 s]
0.0.N: Trace Attempt  5	[0.00 s]
0.0.Ht: Trace Attempt 88	[0.85 s]
0: ProofGrid is temporarily paused because there are too many pending traces.
0: ProofGrid is resuming to work after pausing for 0s. The amount of pending traces decreased.
0.0.Ht: Trace Attempt 89	[0.85 s]
0.0.Ht: A trace with 89 cycles was found. [0.86 s]
INFO (IPF055): 0.0.Ht: A counterexample (cex) with 89 cycles was found for the property "dna_sequencer.auto_sva_inst.gen_shifted_sim_bit_checks[42].check_shifted_sim_bit" in 0.94 s.
0: ProofGrid is temporarily paused because there are too many pending traces.
0: ProofGrid is resuming to work after pausing for 0s. The amount of pending traces decreased.
0.0.Ht: A trace with 89 cycles was found. [0.86 s]
INFO (IPF047): 0.0.Ht: The cover property "dna_sequencer.auto_sva_inst.gen_shifted_sim_bit_checks[43].check_shifted_sim_bit:precondition1" was covered in 89 cycles in 0.95 s.
0.0.B: Stopped processing property "dna_sequencer.auto_sva_inst.gen_shifted_sim_bit_checks[42].check_shifted_sim_bit"	[0.03 s].
0.0.B: Starting proof for property "dna_sequencer.auto_sva_inst.gen_shifted_sim_bit_checks[43].check_shifted_sim_bit"	[0.00 s].
0.0.B: Trace Attempt  1	[0.00 s]
0.0.B: Trace Attempt  2	[0.00 s]
0.0.B: Trace Attempt  3	[0.00 s]
0.0.B: Trace Attempt  4	[0.00 s]
0.0.B: Trace Attempt  5	[0.00 s]
0.0.N: Stopped processing property "dna_sequencer.auto_sva_inst.gen_shifted_sim_bit_checks[42].check_shifted_sim_bit"	[0.03 s].
0.0.N: Starting proof for property "dna_sequencer.auto_sva_inst.gen_shifted_sim_bit_checks[43].check_shifted_sim_bit"	[0.00 s].
0.0.N: Trace Attempt  1	[0.00 s]
0.0.N: Trace Attempt  2	[0.00 s]
0.0.N: Trace Attempt  2	[0.00 s]
0.0.N: Trace Attempt  3	[0.00 s]
0.0.N: Trace Attempt  4	[0.00 s]
0.0.N: Trace Attempt  4	[0.00 s]
0.0.N: Trace Attempt  5	[0.00 s]
0.0.Ht: Trace Attempt 90	[0.88 s]
0: ProofGrid is temporarily paused because there are too many pending traces.
0: ProofGrid is resuming to work after pausing for 0s. The amount of pending traces decreased.
0.0.Ht: Trace Attempt 91	[0.88 s]
0.0.Ht: A trace with 91 cycles was found. [0.88 s]
INFO (IPF055): 0.0.Ht: A counterexample (cex) with 91 cycles was found for the property "dna_sequencer.auto_sva_inst.gen_shifted_sim_bit_checks[43].check_shifted_sim_bit" in 0.96 s.
0: ProofGrid is temporarily paused because there are too many pending traces.
0: ProofGrid is resuming to work after pausing for 0s. The amount of pending traces decreased.
0.0.Ht: A trace with 91 cycles was found. [0.89 s]
INFO (IPF047): 0.0.Ht: The cover property "dna_sequencer.auto_sva_inst.gen_shifted_sim_bit_checks[44].check_shifted_sim_bit:precondition1" was covered in 91 cycles in 0.97 s.
0.0.B: Stopped processing property "dna_sequencer.auto_sva_inst.gen_shifted_sim_bit_checks[43].check_shifted_sim_bit"	[0.02 s].
0.0.B: Starting proof for property "dna_sequencer.auto_sva_inst.gen_shifted_sim_bit_checks[44].check_shifted_sim_bit"	[0.00 s].
0.0.B: Trace Attempt  1	[0.00 s]
0.0.B: Trace Attempt  2	[0.00 s]
0.0.B: Trace Attempt  3	[0.00 s]
0.0.B: Trace Attempt  4	[0.00 s]
0.0.B: Trace Attempt  5	[0.00 s]
0.0.N: Stopped processing property "dna_sequencer.auto_sva_inst.gen_shifted_sim_bit_checks[43].check_shifted_sim_bit"	[0.02 s].
0.0.N: Starting proof for property "dna_sequencer.auto_sva_inst.gen_shifted_sim_bit_checks[44].check_shifted_sim_bit"	[0.00 s].
0.0.N: Trace Attempt  1	[0.00 s]
0.0.N: Trace Attempt  2	[0.00 s]
0.0.N: Trace Attempt  2	[0.00 s]
0.0.N: Trace Attempt  3	[0.00 s]
0.0.N: Trace Attempt  4	[0.00 s]
0.0.N: Trace Attempt  4	[0.00 s]
0.0.N: Trace Attempt  5	[0.00 s]
0.0.Ht: Trace Attempt 92	[0.91 s]
0: ProofGrid is temporarily paused because there are too many pending traces.
0: ProofGrid is resuming to work after pausing for 0s. The amount of pending traces decreased.
0.0.Ht: Trace Attempt 93	[0.91 s]
0.0.Ht: A trace with 93 cycles was found. [0.91 s]
INFO (IPF055): 0.0.Ht: A counterexample (cex) with 93 cycles was found for the property "dna_sequencer.auto_sva_inst.gen_shifted_sim_bit_checks[44].check_shifted_sim_bit" in 0.99 s.
0: ProofGrid is temporarily paused because there are too many pending traces.
0: ProofGrid is resuming to work after pausing for 0s. The amount of pending traces decreased.
0.0.Ht: A trace with 93 cycles was found. [0.92 s]
INFO (IPF047): 0.0.Ht: The cover property "dna_sequencer.auto_sva_inst.gen_shifted_sim_bit_checks[45].check_shifted_sim_bit:precondition1" was covered in 93 cycles in 1.00 s.
0.0.B: Stopped processing property "dna_sequencer.auto_sva_inst.gen_shifted_sim_bit_checks[44].check_shifted_sim_bit"	[0.03 s].
0.0.B: Starting proof for property "dna_sequencer.auto_sva_inst.gen_shifted_sim_bit_checks[45].check_shifted_sim_bit"	[0.00 s].
0.0.B: Trace Attempt  1	[0.00 s]
0.0.B: Trace Attempt  2	[0.00 s]
0.0.B: Trace Attempt  3	[0.00 s]
0.0.B: Trace Attempt  4	[0.00 s]
0.0.B: Trace Attempt  5	[0.00 s]
0.0.N: Stopped processing property "dna_sequencer.auto_sva_inst.gen_shifted_sim_bit_checks[44].check_shifted_sim_bit"	[0.03 s].
0.0.N: Starting proof for property "dna_sequencer.auto_sva_inst.gen_shifted_sim_bit_checks[45].check_shifted_sim_bit"	[0.00 s].
0.0.N: Trace Attempt  1	[0.00 s]
0.0.N: Trace Attempt  2	[0.00 s]
0.0.N: Trace Attempt  2	[0.00 s]
0.0.N: Trace Attempt  3	[0.00 s]
0.0.N: Trace Attempt  4	[0.00 s]
0.0.N: Trace Attempt  4	[0.00 s]
0.0.N: Trace Attempt  5	[0.00 s]
0.0.Ht: Trace Attempt 94	[0.94 s]
0.0.Ht: Trace Attempt 95	[0.94 s]
0.0.Ht: A trace with 95 cycles was found. [0.94 s]
INFO (IPF055): 0.0.Ht: A counterexample (cex) with 95 cycles was found for the property "dna_sequencer.auto_sva_inst.gen_shifted_sim_bit_checks[45].check_shifted_sim_bit" in 1.02 s.
0: ProofGrid is temporarily paused because there are too many pending traces.
0: ProofGrid is resuming to work after pausing for 0s. The amount of pending traces decreased.
0.0.Ht: A trace with 95 cycles was found. [0.95 s]
INFO (IPF047): 0.0.Ht: The cover property "dna_sequencer.auto_sva_inst.gen_shifted_sim_bit_checks[46].check_shifted_sim_bit:precondition1" was covered in 95 cycles in 1.03 s.
0.0.B: Stopped processing property "dna_sequencer.auto_sva_inst.gen_shifted_sim_bit_checks[45].check_shifted_sim_bit"	[0.04 s].
0.0.B: Starting proof for property "dna_sequencer.auto_sva_inst.gen_shifted_sim_bit_checks[46].check_shifted_sim_bit"	[0.00 s].
0.0.B: Trace Attempt  1	[0.00 s]
0.0.B: Trace Attempt  2	[0.00 s]
0.0.B: Trace Attempt  3	[0.00 s]
0.0.B: Trace Attempt  4	[0.00 s]
0.0.B: Trace Attempt  5	[0.00 s]
0.0.N: Stopped processing property "dna_sequencer.auto_sva_inst.gen_shifted_sim_bit_checks[45].check_shifted_sim_bit"	[0.04 s].
0.0.N: Starting proof for property "dna_sequencer.auto_sva_inst.gen_shifted_sim_bit_checks[46].check_shifted_sim_bit"	[0.00 s].
0.0.N: Trace Attempt  1	[0.00 s]
0.0.N: Trace Attempt  2	[0.00 s]
0.0.N: Trace Attempt  2	[0.00 s]
0.0.N: Trace Attempt  3	[0.00 s]
0.0.N: Trace Attempt  4	[0.00 s]
0.0.N: Trace Attempt  4	[0.00 s]
0.0.N: Trace Attempt  5	[0.00 s]
0.0.Ht: Trace Attempt 96	[0.97 s]
0: ProofGrid is temporarily paused because there are too many pending traces.
0: ProofGrid is resuming to work after pausing for 0s. The amount of pending traces decreased.
0.0.Ht: Trace Attempt 97	[0.97 s]
0.0.Ht: A trace with 97 cycles was found. [0.97 s]
INFO (IPF055): 0.0.Ht: A counterexample (cex) with 97 cycles was found for the property "dna_sequencer.auto_sva_inst.gen_shifted_sim_bit_checks[46].check_shifted_sim_bit" in 1.05 s.
0.0.B: Stopped processing property "dna_sequencer.auto_sva_inst.gen_shifted_sim_bit_checks[46].check_shifted_sim_bit"	[0.01 s].
0.0.B: Starting proof for property "dna_sequencer.auto_sva_inst.gen_shifted_sim_bit_checks[47].check_shifted_sim_bit"	[0.00 s].
0.0.B: Trace Attempt  1	[0.00 s]
0.0.B: Trace Attempt  2	[0.00 s]
0.0.B: Trace Attempt  3	[0.00 s]
0.0.B: Trace Attempt  4	[0.00 s]
0.0.N: Stopped processing property "dna_sequencer.auto_sva_inst.gen_shifted_sim_bit_checks[46].check_shifted_sim_bit"	[0.01 s].
0.0.N: Starting proof for property "dna_sequencer.auto_sva_inst.gen_shifted_sim_bit_checks[47].check_shifted_sim_bit"	[0.00 s].
0.0.N: Trace Attempt  1	[0.00 s]
0.0.N: Trace Attempt  2	[0.00 s]
0.0.N: Trace Attempt  2	[0.00 s]
0.0.N: Trace Attempt  3	[0.00 s]
0.0.N: Trace Attempt  4	[0.00 s]
0.0.N: Trace Attempt  4	[0.00 s]
0.0.N: Trace Attempt  5	[0.00 s]
0: ProofGrid is temporarily paused because there are too many pending traces.
0: ProofGrid is resuming to work after pausing for 0s. The amount of pending traces decreased.
0.0.Ht: A trace with 97 cycles was found. [0.98 s]
INFO (IPF047): 0.0.Ht: The cover property "dna_sequencer.auto_sva_inst.gen_shifted_sim_bit_checks[47].check_shifted_sim_bit:precondition1" was covered in 97 cycles in 1.06 s.
0.0.Ht: Trace Attempt 98	[1.00 s]
0.0.B: Trace Attempt  5	[0.02 s]
0.0.Ht: Trace Attempt 99	[1.01 s]
0.0.Ht: A trace with 99 cycles was found. [1.02 s]
INFO (IPF055): 0.0.Ht: A counterexample (cex) with 99 cycles was found for the property "dna_sequencer.auto_sva_inst.gen_shifted_sim_bit_checks[47].check_shifted_sim_bit" in 1.08 s.
0.0.N: Stopped processing property "dna_sequencer.auto_sva_inst.gen_shifted_sim_bit_checks[47].check_shifted_sim_bit"	[0.03 s].
0.0.N: Starting proof for property "dna_sequencer.auto_sva_inst.gen_shifted_sim_bit_checks[48].check_shifted_sim_bit"	[0.00 s].
0.0.N: Trace Attempt  1	[0.00 s]
0.0.N: Trace Attempt  2	[0.00 s]
0.0.N: Trace Attempt  2	[0.00 s]
0.0.N: Trace Attempt  3	[0.00 s]
0.0.N: Trace Attempt  4	[0.00 s]
0.0.N: Trace Attempt  4	[0.00 s]
0.0.N: Trace Attempt  5	[0.00 s]
0.0.Ht: A trace with 99 cycles was found. [1.04 s]
INFO (IPF047): 0.0.Ht: The cover property "dna_sequencer.auto_sva_inst.gen_shifted_sim_bit_checks[48].check_shifted_sim_bit:precondition1" was covered in 99 cycles in 1.10 s.
0.0.B: Stopped processing property "dna_sequencer.auto_sva_inst.gen_shifted_sim_bit_checks[47].check_shifted_sim_bit"	[0.05 s].
0.0.B: Starting proof for property "dna_sequencer.auto_sva_inst.gen_shifted_sim_bit_checks[48].check_shifted_sim_bit"	[0.00 s].
0.0.B: Trace Attempt  1	[0.00 s]
0.0.B: Trace Attempt  2	[0.00 s]
0.0.B: Trace Attempt  3	[0.00 s]
0.0.B: Trace Attempt  4	[0.00 s]
0.0.B: Trace Attempt  5	[0.00 s]
0.0.Ht: Trace Attempt 100	[1.07 s]
0.0.Ht: Trace Attempt 101	[1.07 s]
0.0.Ht: A trace with 101 cycles was found. [1.07 s]
INFO (IPF055): 0.0.Ht: A counterexample (cex) with 101 cycles was found for the property "dna_sequencer.auto_sva_inst.gen_shifted_sim_bit_checks[48].check_shifted_sim_bit" in 1.11 s.
0.0.N: Stopped processing property "dna_sequencer.auto_sva_inst.gen_shifted_sim_bit_checks[48].check_shifted_sim_bit"	[0.03 s].
0.0.N: Starting proof for property "dna_sequencer.auto_sva_inst.gen_shifted_sim_bit_checks[49].check_shifted_sim_bit"	[0.00 s].
0.0.N: Trace Attempt  1	[0.00 s]
0.0.N: Trace Attempt  2	[0.00 s]
0.0.N: Trace Attempt  2	[0.00 s]
0.0.N: Trace Attempt  3	[0.00 s]
0.0.N: Trace Attempt  4	[0.00 s]
0.0.N: Trace Attempt  4	[0.00 s]
0.0.N: Trace Attempt  5	[0.00 s]
0.0.Ht: A trace with 101 cycles was found. [1.09 s]
INFO (IPF047): 0.0.Ht: The cover property "dna_sequencer.auto_sva_inst.gen_shifted_sim_bit_checks[49].check_shifted_sim_bit:precondition1" was covered in 101 cycles in 1.12 s.
0.0.Ht: Trace Attempt 102	[1.10 s]
0.0.B: Stopped processing property "dna_sequencer.auto_sva_inst.gen_shifted_sim_bit_checks[48].check_shifted_sim_bit"	[0.04 s].
0.0.B: Starting proof for property "dna_sequencer.auto_sva_inst.gen_shifted_sim_bit_checks[49].check_shifted_sim_bit"	[0.00 s].
0.0.B: Trace Attempt  1	[0.00 s]
0.0.B: Trace Attempt  2	[0.00 s]
0.0.B: Trace Attempt  3	[0.00 s]
0.0.B: Trace Attempt  4	[0.00 s]
0.0.B: Trace Attempt  5	[0.00 s]
0.0.Ht: Trace Attempt 103	[1.12 s]
0.0.Ht: A trace with 103 cycles was found. [1.12 s]
INFO (IPF055): 0.0.Ht: A counterexample (cex) with 103 cycles was found for the property "dna_sequencer.auto_sva_inst.gen_shifted_sim_bit_checks[49].check_shifted_sim_bit" in 1.15 s.
0.0.N: Stopped processing property "dna_sequencer.auto_sva_inst.gen_shifted_sim_bit_checks[49].check_shifted_sim_bit"	[0.04 s].
0.0.N: Starting proof for property "dna_sequencer.auto_sva_inst.gen_shifted_sim_bit_checks[50].check_shifted_sim_bit"	[0.00 s].
0.0.N: Trace Attempt  1	[0.00 s]
0.0.N: Trace Attempt  2	[0.00 s]
0.0.B: Stopped processing property "dna_sequencer.auto_sva_inst.gen_shifted_sim_bit_checks[49].check_shifted_sim_bit"	[0.02 s].
0.0.B: Starting proof for property "dna_sequencer.auto_sva_inst.gen_shifted_sim_bit_checks[50].check_shifted_sim_bit"	[0.00 s].
0.0.N: Trace Attempt  2	[0.00 s]
0.0.B: Trace Attempt  1	[0.00 s]
0.0.N: Trace Attempt  3	[0.00 s]
0.0.N: Trace Attempt  4	[0.00 s]
0.0.B: Trace Attempt  2	[0.00 s]
0.0.N: Trace Attempt  4	[0.00 s]
0.0.B: Trace Attempt  3	[0.00 s]
0.0.N: Trace Attempt  5	[0.00 s]
0.0.B: Trace Attempt  4	[0.00 s]
0.0.B: Trace Attempt  5	[0.00 s]
0.0.Ht: A trace with 103 cycles was found. [1.14 s]
INFO (IPF047): 0.0.Ht: The cover property "dna_sequencer.auto_sva_inst.gen_shifted_sim_bit_checks[50].check_shifted_sim_bit:precondition1" was covered in 103 cycles in 1.16 s.
0.0.Ht: Trace Attempt 104	[1.15 s]
0.0.Ht: Trace Attempt 105	[1.17 s]
0.0.Ht: A trace with 105 cycles was found. [1.17 s]
INFO (IPF055): 0.0.Ht: A counterexample (cex) with 105 cycles was found for the property "dna_sequencer.auto_sva_inst.gen_shifted_sim_bit_checks[50].check_shifted_sim_bit" in 1.18 s.
0.0.N: Stopped processing property "dna_sequencer.auto_sva_inst.gen_shifted_sim_bit_checks[50].check_shifted_sim_bit"	[0.04 s].
0.0.N: Starting proof for property "dna_sequencer.auto_sva_inst.gen_shifted_sim_bit_checks[51].check_shifted_sim_bit"	[0.00 s].
0.0.N: Trace Attempt  1	[0.00 s]
0.0.N: Trace Attempt  2	[0.00 s]
0.0.N: Trace Attempt  2	[0.00 s]
0.0.N: Trace Attempt  3	[0.00 s]
0.0.N: Trace Attempt  4	[0.00 s]
0.0.N: Trace Attempt  4	[0.00 s]
0.0.N: Trace Attempt  5	[0.00 s]
0.0.Ht: A trace with 105 cycles was found. [1.19 s]
INFO (IPF047): 0.0.Ht: The cover property "dna_sequencer.auto_sva_inst.gen_shifted_sim_bit_checks[51].check_shifted_sim_bit:precondition1" was covered in 105 cycles in 1.20 s.
0.0.B: Stopped processing property "dna_sequencer.auto_sva_inst.gen_shifted_sim_bit_checks[50].check_shifted_sim_bit"	[0.06 s].
0.0.B: Starting proof for property "dna_sequencer.auto_sva_inst.gen_shifted_sim_bit_checks[51].check_shifted_sim_bit"	[0.00 s].
0.0.B: Trace Attempt  1	[0.00 s]
0.0.B: Trace Attempt  2	[0.00 s]
0.0.B: Trace Attempt  3	[0.00 s]
0.0.B: Trace Attempt  4	[0.00 s]
0.0.B: Trace Attempt  5	[0.00 s]
0.0.Ht: Trace Attempt 106	[1.21 s]
0.0.Ht: Trace Attempt 107	[1.22 s]
0.0.Ht: A trace with 107 cycles was found. [1.22 s]
INFO (IPF055): 0.0.Ht: A counterexample (cex) with 107 cycles was found for the property "dna_sequencer.auto_sva_inst.gen_shifted_sim_bit_checks[51].check_shifted_sim_bit" in 1.23 s.
0.0.N: Stopped processing property "dna_sequencer.auto_sva_inst.gen_shifted_sim_bit_checks[51].check_shifted_sim_bit"	[0.04 s].
0.0.N: Starting proof for property "dna_sequencer.auto_sva_inst.gen_shifted_sim_bit_checks[52].check_shifted_sim_bit"	[0.00 s].
0.0.N: Trace Attempt  1	[0.00 s]
0.0.N: Trace Attempt  2	[0.00 s]
0.0.N: Trace Attempt  2	[0.00 s]
0.0.N: Trace Attempt  3	[0.00 s]
0.0.N: Trace Attempt  4	[0.00 s]
0.0.N: Trace Attempt  4	[0.00 s]
0.0.N: Trace Attempt  5	[0.00 s]
0.0.B: Stopped processing property "dna_sequencer.auto_sva_inst.gen_shifted_sim_bit_checks[51].check_shifted_sim_bit"	[0.02 s].
0.0.B: Starting proof for property "dna_sequencer.auto_sva_inst.gen_shifted_sim_bit_checks[52].check_shifted_sim_bit"	[0.00 s].
0.0.B: Trace Attempt  1	[0.00 s]
0.0.B: Trace Attempt  2	[0.00 s]
0.0.B: Trace Attempt  3	[0.00 s]
0.0.B: Trace Attempt  4	[0.00 s]
0.0.B: Trace Attempt  5	[0.00 s]
0.0.Ht: A trace with 107 cycles was found. [1.25 s]
INFO (IPF047): 0.0.Ht: The cover property "dna_sequencer.auto_sva_inst.gen_shifted_sim_bit_checks[52].check_shifted_sim_bit:precondition1" was covered in 107 cycles in 1.26 s.
0.0.Ht: Trace Attempt 108	[1.26 s]
0.0.Ht: Trace Attempt 109	[1.26 s]
0.0.Ht: A trace with 109 cycles was found. [1.27 s]
INFO (IPF055): 0.0.Ht: A counterexample (cex) with 109 cycles was found for the property "dna_sequencer.auto_sva_inst.gen_shifted_sim_bit_checks[52].check_shifted_sim_bit" in 1.29 s.
0.0.N: Stopped processing property "dna_sequencer.auto_sva_inst.gen_shifted_sim_bit_checks[52].check_shifted_sim_bit"	[0.07 s].
0.0.N: Starting proof for property "dna_sequencer.auto_sva_inst.gen_shifted_sim_bit_checks[53].check_shifted_sim_bit"	[0.00 s].
0.0.N: Trace Attempt  1	[0.00 s]
0.0.N: Trace Attempt  2	[0.00 s]
0.0.N: Trace Attempt  2	[0.00 s]
0.0.B: Stopped processing property "dna_sequencer.auto_sva_inst.gen_shifted_sim_bit_checks[52].check_shifted_sim_bit"	[0.07 s].
0.0.B: Starting proof for property "dna_sequencer.auto_sva_inst.gen_shifted_sim_bit_checks[53].check_shifted_sim_bit"	[0.00 s].
0.0.N: Trace Attempt  3	[0.00 s]
0.0.N: Trace Attempt  4	[0.00 s]
0.0.B: Trace Attempt  1	[0.00 s]
0.0.N: Trace Attempt  4	[0.00 s]
0.0.N: Trace Attempt  5	[0.00 s]
0.0.Ht: A trace with 109 cycles was found. [1.29 s]
INFO (IPF047): 0.0.Ht: The cover property "dna_sequencer.auto_sva_inst.gen_shifted_sim_bit_checks[53].check_shifted_sim_bit:precondition1" was covered in 109 cycles in 1.32 s.
0.0.Ht: Trace Attempt 110	[1.29 s]
0.0.B: Trace Attempt  2	[0.02 s]
0.0.B: Trace Attempt  3	[0.02 s]
0.0.B: Trace Attempt  4	[0.02 s]
0.0.B: Trace Attempt  5	[0.02 s]
0.0.Ht: Trace Attempt 111	[1.30 s]
0.0.Ht: A trace with 111 cycles was found. [1.30 s]
INFO (IPF055): 0.0.Ht: A counterexample (cex) with 111 cycles was found for the property "dna_sequencer.auto_sva_inst.gen_shifted_sim_bit_checks[53].check_shifted_sim_bit" in 1.34 s.
0.0.B: Stopped processing property "dna_sequencer.auto_sva_inst.gen_shifted_sim_bit_checks[53].check_shifted_sim_bit"	[0.04 s].
0.0.B: Starting proof for property "dna_sequencer.auto_sva_inst.gen_shifted_sim_bit_checks[54].check_shifted_sim_bit"	[0.00 s].
0.0.B: Trace Attempt  1	[0.00 s]
0.0.N: Stopped processing property "dna_sequencer.auto_sva_inst.gen_shifted_sim_bit_checks[53].check_shifted_sim_bit"	[0.04 s].
0.0.N: Starting proof for property "dna_sequencer.auto_sva_inst.gen_shifted_sim_bit_checks[54].check_shifted_sim_bit"	[0.00 s].
0.0.N: Trace Attempt  1	[0.00 s]
0.0.N: Trace Attempt  2	[0.00 s]
0.0.N: Trace Attempt  2	[0.00 s]
0.0.N: Trace Attempt  3	[0.00 s]
0.0.N: Trace Attempt  4	[0.00 s]
0.0.N: Trace Attempt  4	[0.00 s]
0.0.N: Trace Attempt  5	[0.00 s]
0.0.Ht: A trace with 111 cycles was found. [1.31 s]
INFO (IPF047): 0.0.Ht: The cover property "dna_sequencer.auto_sva_inst.gen_shifted_sim_bit_checks[54].check_shifted_sim_bit:precondition1" was covered in 111 cycles in 1.36 s.
0.0.Ht: Trace Attempt 112	[1.32 s]
0.0.B: Trace Attempt  2	[0.02 s]
0.0.B: Trace Attempt  3	[0.02 s]
0.0.B: Trace Attempt  4	[0.02 s]
0.0.B: Trace Attempt  5	[0.02 s]
0.0.Ht: Trace Attempt 113	[1.32 s]
0.0.Ht: A trace with 113 cycles was found. [1.33 s]
INFO (IPF055): 0.0.Ht: A counterexample (cex) with 113 cycles was found for the property "dna_sequencer.auto_sva_inst.gen_shifted_sim_bit_checks[54].check_shifted_sim_bit" in 1.39 s.
0.0.N: Stopped processing property "dna_sequencer.auto_sva_inst.gen_shifted_sim_bit_checks[54].check_shifted_sim_bit"	[0.05 s].
0.0.N: Starting proof for property "dna_sequencer.auto_sva_inst.gen_shifted_sim_bit_checks[55].check_shifted_sim_bit"	[0.00 s].
0.0.N: Trace Attempt  1	[0.00 s]
0.0.N: Trace Attempt  2	[0.00 s]
0.0.B: Stopped processing property "dna_sequencer.auto_sva_inst.gen_shifted_sim_bit_checks[54].check_shifted_sim_bit"	[0.05 s].
0.0.B: Starting proof for property "dna_sequencer.auto_sva_inst.gen_shifted_sim_bit_checks[55].check_shifted_sim_bit"	[0.00 s].
0.0.N: Trace Attempt  2	[0.00 s]
0.0.N: Trace Attempt  3	[0.00 s]
0.0.N: Trace Attempt  4	[0.00 s]
0.0.N: Trace Attempt  4	[0.00 s]
0.0.N: Trace Attempt  5	[0.00 s]
0.0.Ht: A trace with 113 cycles was found. [1.34 s]
INFO (IPF047): 0.0.Ht: The cover property "dna_sequencer.auto_sva_inst.gen_shifted_sim_bit_checks[55].check_shifted_sim_bit:precondition1" was covered in 113 cycles in 1.40 s.
0.0.Ht: Trace Attempt 114	[1.34 s]
0.0.B: Trace Attempt  1	[0.01 s]
0.0.B: Trace Attempt  2	[0.01 s]
0.0.B: Trace Attempt  3	[0.01 s]
0.0.B: Trace Attempt  4	[0.01 s]
0.0.B: Trace Attempt  5	[0.01 s]
0.0.Ht: Trace Attempt 115	[1.35 s]
0.0.Ht: A trace with 115 cycles was found. [1.35 s]
INFO (IPF055): 0.0.Ht: A counterexample (cex) with 115 cycles was found for the property "dna_sequencer.auto_sva_inst.gen_shifted_sim_bit_checks[55].check_shifted_sim_bit" in 1.41 s.
0.0.N: Stopped processing property "dna_sequencer.auto_sva_inst.gen_shifted_sim_bit_checks[55].check_shifted_sim_bit"	[0.02 s].
0.0.N: Starting proof for property "dna_sequencer.auto_sva_inst.gen_shifted_sim_bit_checks[56].check_shifted_sim_bit"	[0.00 s].
0.0.N: Trace Attempt  1	[0.00 s]
0.0.N: Trace Attempt  2	[0.00 s]
0.0.N: Trace Attempt  2	[0.00 s]
0.0.N: Trace Attempt  3	[0.00 s]
0.0.N: Trace Attempt  4	[0.00 s]
0.0.N: Trace Attempt  4	[0.00 s]
0.0.N: Trace Attempt  5	[0.00 s]
0.0.Ht: A trace with 115 cycles was found. [1.36 s]
INFO (IPF047): 0.0.Ht: The cover property "dna_sequencer.auto_sva_inst.gen_shifted_sim_bit_checks[56].check_shifted_sim_bit:precondition1" was covered in 115 cycles in 1.43 s.
0.0.B: Stopped processing property "dna_sequencer.auto_sva_inst.gen_shifted_sim_bit_checks[55].check_shifted_sim_bit"	[0.03 s].
0.0.B: Starting proof for property "dna_sequencer.auto_sva_inst.gen_shifted_sim_bit_checks[56].check_shifted_sim_bit"	[0.00 s].
0.0.B: Trace Attempt  1	[0.00 s]
0.0.B: Trace Attempt  2	[0.00 s]
0.0.B: Trace Attempt  3	[0.00 s]
0.0.B: Trace Attempt  4	[0.00 s]
0.0.Ht: Trace Attempt 116	[1.37 s]
0.0.B: Trace Attempt  5	[0.00 s]
0.0.Ht: Trace Attempt 117	[1.37 s]
0.0.Ht: A trace with 117 cycles was found. [1.38 s]
INFO (IPF055): 0.0.Ht: A counterexample (cex) with 117 cycles was found for the property "dna_sequencer.auto_sva_inst.gen_shifted_sim_bit_checks[56].check_shifted_sim_bit" in 1.44 s.
0.0.N: Stopped processing property "dna_sequencer.auto_sva_inst.gen_shifted_sim_bit_checks[56].check_shifted_sim_bit"	[0.03 s].
0.0.N: Starting proof for property "dna_sequencer.auto_sva_inst.gen_shifted_sim_bit_checks[57].check_shifted_sim_bit"	[0.00 s].
0.0.N: Trace Attempt  1	[0.00 s]
0.0.N: Trace Attempt  2	[0.00 s]
0.0.N: Trace Attempt  2	[0.00 s]
0.0.N: Trace Attempt  3	[0.00 s]
0.0.N: Trace Attempt  4	[0.00 s]
0.0.N: Trace Attempt  4	[0.00 s]
0.0.N: Trace Attempt  5	[0.00 s]
0.0.B: Stopped processing property "dna_sequencer.auto_sva_inst.gen_shifted_sim_bit_checks[56].check_shifted_sim_bit"	[0.02 s].
0.0.B: Starting proof for property "dna_sequencer.auto_sva_inst.gen_shifted_sim_bit_checks[57].check_shifted_sim_bit"	[0.00 s].
0.0.B: Trace Attempt  1	[0.00 s]
0.0.B: Trace Attempt  2	[0.00 s]
0.0.B: Trace Attempt  3	[0.00 s]
0.0.B: Trace Attempt  4	[0.00 s]
0.0.B: Trace Attempt  5	[0.00 s]
0: ProofGrid is temporarily paused because there are too many pending traces.
0: ProofGrid is resuming to work after pausing for 0s. The amount of pending traces decreased.
0.0.Ht: A trace with 117 cycles was found. [1.39 s]
INFO (IPF047): 0.0.Ht: The cover property "dna_sequencer.auto_sva_inst.gen_shifted_sim_bit_checks[57].check_shifted_sim_bit:precondition1" was covered in 117 cycles in 1.47 s.
0.0.Ht: Trace Attempt 118	[1.39 s]
0.0.Ht: Trace Attempt 119	[1.40 s]
0.0.Ht: A trace with 119 cycles was found. [1.40 s]
INFO (IPF055): 0.0.Ht: A counterexample (cex) with 119 cycles was found for the property "dna_sequencer.auto_sva_inst.gen_shifted_sim_bit_checks[57].check_shifted_sim_bit" in 1.49 s.
0: ProofGrid is temporarily paused because there are too many pending traces.
0: ProofGrid is resuming to work after pausing for 0s. The amount of pending traces decreased.
0.0.Ht: A trace with 119 cycles was found. [1.41 s]
INFO (IPF047): 0.0.Ht: The cover property "dna_sequencer.auto_sva_inst.gen_shifted_sim_bit_checks[58].check_shifted_sim_bit:precondition1" was covered in 119 cycles in 1.52 s.
0.0.Ht: Trace Attempt 120	[1.43 s]
0.0.N: Stopped processing property "dna_sequencer.auto_sva_inst.gen_shifted_sim_bit_checks[57].check_shifted_sim_bit"	[0.08 s].
0.0.N: Starting proof for property "dna_sequencer.auto_sva_inst.gen_shifted_sim_bit_checks[58].check_shifted_sim_bit"	[0.00 s].
0.0.N: Trace Attempt  1	[0.00 s]
0.0.N: Trace Attempt  2	[0.00 s]
0.0.N: Trace Attempt  2	[0.00 s]
0.0.N: Trace Attempt  3	[0.00 s]
0.0.N: Trace Attempt  4	[0.00 s]
0.0.N: Trace Attempt  4	[0.00 s]
0.0.N: Trace Attempt  5	[0.00 s]
0: ProofGrid is temporarily paused because there are too many pending traces.
0: ProofGrid is resuming to work after pausing for 0s. The amount of pending traces decreased.
0.0.Ht: Trace Attempt 121	[1.43 s]
0.0.Ht: A trace with 121 cycles was found. [1.43 s]
INFO (IPF055): 0.0.Ht: A counterexample (cex) with 121 cycles was found for the property "dna_sequencer.auto_sva_inst.gen_shifted_sim_bit_checks[58].check_shifted_sim_bit" in 1.55 s.
0.0.B: Stopped processing property "dna_sequencer.auto_sva_inst.gen_shifted_sim_bit_checks[57].check_shifted_sim_bit"	[0.10 s].
0.0.B: Starting proof for property "dna_sequencer.auto_sva_inst.gen_shifted_sim_bit_checks[59].check_shifted_sim_bit"	[0.00 s].
0.0.B: Trace Attempt  1	[0.00 s]
0.0.B: Trace Attempt  2	[0.00 s]
0.0.B: Trace Attempt  3	[0.00 s]
0.0.B: Trace Attempt  4	[0.00 s]
0.0.B: Trace Attempt  5	[0.00 s]
0.0.N: Stopped processing property "dna_sequencer.auto_sva_inst.gen_shifted_sim_bit_checks[58].check_shifted_sim_bit"	[0.03 s].
0.0.N: Starting proof for property "dna_sequencer.auto_sva_inst.gen_shifted_sim_bit_checks[59].check_shifted_sim_bit"	[0.00 s].
0.0.N: Trace Attempt  1	[0.00 s]
0.0.N: Trace Attempt  2	[0.00 s]
0.0.N: Trace Attempt  2	[0.00 s]
0.0.N: Trace Attempt  3	[0.00 s]
0.0.N: Trace Attempt  4	[0.00 s]
0.0.N: Trace Attempt  4	[0.00 s]
0.0.N: Trace Attempt  5	[0.00 s]
0.0.Ht: A trace with 121 cycles was found. [1.46 s]
INFO (IPF047): 0.0.Ht: The cover property "dna_sequencer.auto_sva_inst.gen_shifted_sim_bit_checks[59].check_shifted_sim_bit:precondition1" was covered in 121 cycles in 1.57 s.
0.0.Ht: Trace Attempt 122	[1.48 s]
0.0.Ht: Trace Attempt 123	[1.49 s]
0.0.Ht: A trace with 123 cycles was found. [1.50 s]
INFO (IPF055): 0.0.Ht: A counterexample (cex) with 123 cycles was found for the property "dna_sequencer.auto_sva_inst.gen_shifted_sim_bit_checks[59].check_shifted_sim_bit" in 1.59 s.
0.0.N: Stopped processing property "dna_sequencer.auto_sva_inst.gen_shifted_sim_bit_checks[59].check_shifted_sim_bit"	[0.04 s].
0.0.N: Starting proof for property "dna_sequencer.auto_sva_inst.gen_shifted_sim_bit_checks[60].check_shifted_sim_bit"	[0.00 s].
0.0.N: Trace Attempt  1	[0.00 s]
0.0.N: Trace Attempt  2	[0.00 s]
0.0.N: Trace Attempt  2	[0.00 s]
0.0.N: Trace Attempt  3	[0.00 s]
0.0.N: Trace Attempt  4	[0.00 s]
0.0.N: Trace Attempt  4	[0.00 s]
0.0.B: Stopped processing property "dna_sequencer.auto_sva_inst.gen_shifted_sim_bit_checks[59].check_shifted_sim_bit"	[0.05 s].
0.0.B: Starting proof for property "dna_sequencer.auto_sva_inst.gen_shifted_sim_bit_checks[60].check_shifted_sim_bit"	[0.00 s].
0.0.N: Trace Attempt  5	[0.00 s]
0.0.B: Trace Attempt  1	[0.00 s]
0.0.B: Trace Attempt  2	[0.00 s]
0.0.B: Trace Attempt  3	[0.00 s]
0.0.B: Trace Attempt  4	[0.00 s]
0.0.B: Trace Attempt  5	[0.00 s]
0.0.Ht: A trace with 123 cycles was found. [1.53 s]
INFO (IPF047): 0.0.Ht: The cover property "dna_sequencer.auto_sva_inst.gen_shifted_sim_bit_checks[60].check_shifted_sim_bit:precondition1" was covered in 123 cycles in 1.61 s.
0.0.Ht: Trace Attempt 124	[1.56 s]
0.0.Ht: Trace Attempt 125	[1.56 s]
0.0.Ht: A trace with 125 cycles was found. [1.58 s]
INFO (IPF055): 0.0.Ht: A counterexample (cex) with 125 cycles was found for the property "dna_sequencer.auto_sva_inst.gen_shifted_sim_bit_checks[60].check_shifted_sim_bit" in 1.64 s.
0.0.N: Stopped processing property "dna_sequencer.auto_sva_inst.gen_shifted_sim_bit_checks[60].check_shifted_sim_bit"	[0.05 s].
0.0.N: Starting proof for property "dna_sequencer.auto_sva_inst.gen_shifted_sim_bit_checks[61].check_shifted_sim_bit"	[0.00 s].
0.0.N: Trace Attempt  1	[0.00 s]
0.0.N: Trace Attempt  2	[0.00 s]
0.0.N: Trace Attempt  2	[0.00 s]
0.0.N: Trace Attempt  3	[0.00 s]
0.0.N: Trace Attempt  4	[0.00 s]
0.0.B: Stopped processing property "dna_sequencer.auto_sva_inst.gen_shifted_sim_bit_checks[60].check_shifted_sim_bit"	[0.05 s].
0.0.B: Starting proof for property "dna_sequencer.auto_sva_inst.gen_shifted_sim_bit_checks[61].check_shifted_sim_bit"	[0.00 s].
0.0.N: Trace Attempt  4	[0.00 s]
0.0.B: Trace Attempt  1	[0.00 s]
0.0.B: Trace Attempt  2	[0.00 s]
0.0.N: Trace Attempt  5	[0.00 s]
0.0.B: Trace Attempt  3	[0.00 s]
0.0.B: Trace Attempt  4	[0.00 s]
0.0.B: Trace Attempt  5	[0.00 s]
0.0.Ht: A trace with 125 cycles was found. [1.61 s]
INFO (IPF047): 0.0.Ht: The cover property "dna_sequencer.auto_sva_inst.gen_shifted_sim_bit_checks[61].check_shifted_sim_bit:precondition1" was covered in 125 cycles in 1.66 s.
0.0.Ht: Trace Attempt 126	[1.63 s]
0.0.Ht: Trace Attempt 127	[1.63 s]
0.0.Ht: A trace with 127 cycles was found. [1.65 s]
INFO (IPF055): 0.0.Ht: A counterexample (cex) with 127 cycles was found for the property "dna_sequencer.auto_sva_inst.gen_shifted_sim_bit_checks[61].check_shifted_sim_bit" in 1.69 s.
0.0.N: Stopped processing property "dna_sequencer.auto_sva_inst.gen_shifted_sim_bit_checks[61].check_shifted_sim_bit"	[0.05 s].
0.0.N: Starting proof for property "dna_sequencer.auto_sva_inst.gen_shifted_sim_bit_checks[62].check_shifted_sim_bit"	[0.00 s].
0.0.N: Trace Attempt  1	[0.00 s]
0.0.N: Trace Attempt  2	[0.00 s]
0.0.N: Trace Attempt  2	[0.00 s]
0.0.N: Trace Attempt  3	[0.00 s]
0.0.N: Trace Attempt  4	[0.00 s]
0.0.N: Trace Attempt  4	[0.00 s]
0.0.N: Trace Attempt  5	[0.00 s]
0.0.B: Stopped processing property "dna_sequencer.auto_sva_inst.gen_shifted_sim_bit_checks[61].check_shifted_sim_bit"	[0.05 s].
0.0.B: Starting proof for property "dna_sequencer.auto_sva_inst.gen_shifted_sim_bit_checks[62].check_shifted_sim_bit"	[0.00 s].
0.0.B: Trace Attempt  1	[0.00 s]
0.0.B: Trace Attempt  2	[0.00 s]
0.0.B: Trace Attempt  3	[0.00 s]
0.0.B: Trace Attempt  4	[0.00 s]
0.0.B: Trace Attempt  5	[0.00 s]
0.0.Ht: A trace with 127 cycles was found. [1.68 s]
INFO (IPF047): 0.0.Ht: The cover property "dna_sequencer.auto_sva_inst.gen_shifted_sim_bit_checks[62].check_shifted_sim_bit:precondition1" was covered in 127 cycles in 1.71 s.
0.0.Ht: Trace Attempt 128	[1.70 s]
0.0.Ht: Trace Attempt 129	[1.71 s]
0.0.Ht: A trace with 129 cycles was found. [1.73 s]
INFO (IPF055): 0.0.Ht: A counterexample (cex) with 129 cycles was found for the property "dna_sequencer.auto_sva_inst.gen_shifted_sim_bit_checks[62].check_shifted_sim_bit" in 1.74 s.
0.0.N: Stopped processing property "dna_sequencer.auto_sva_inst.gen_shifted_sim_bit_checks[62].check_shifted_sim_bit"	[0.05 s].
0.0.N: Starting proof for property "dna_sequencer.auto_sva_inst.gen_shifted_sim_bit_checks[63].check_shifted_sim_bit"	[0.00 s].
0.0.N: Trace Attempt  1	[0.00 s]
0.0.N: Trace Attempt  2	[0.00 s]
0.0.N: Trace Attempt  2	[0.00 s]
0.0.N: Trace Attempt  3	[0.00 s]
0.0.N: Trace Attempt  4	[0.00 s]
0.0.B: Stopped processing property "dna_sequencer.auto_sva_inst.gen_shifted_sim_bit_checks[62].check_shifted_sim_bit"	[0.05 s].
0.0.N: Trace Attempt  4	[0.00 s]
0.0.B: Starting proof for property "dna_sequencer.auto_sva_inst.gen_shifted_sim_bit_checks[63].check_shifted_sim_bit"	[0.00 s].
0.0.B: Trace Attempt  1	[0.00 s]
0.0.N: Trace Attempt  5	[0.00 s]
0.0.B: Trace Attempt  2	[0.00 s]
0.0.B: Trace Attempt  3	[0.00 s]
0.0.B: Trace Attempt  4	[0.00 s]
0.0.B: Trace Attempt  5	[0.00 s]
0.0.Ht: A trace with 129 cycles was found. [1.76 s]
INFO (IPF047): 0.0.Ht: The cover property "dna_sequencer.auto_sva_inst.gen_shifted_sim_bit_checks[63].check_shifted_sim_bit:precondition1" was covered in 129 cycles in 1.76 s.
0.0.Ht: Trace Attempt 130	[1.78 s]
0: ProofGrid usable level: 67
0.0.Ht: Trace Attempt 131	[1.78 s]
0.0.Ht: A trace with 131 cycles was found. [1.80 s]
INFO (IPF055): 0.0.Ht: A counterexample (cex) with 131 cycles was found for the property "dna_sequencer.auto_sva_inst.gen_shifted_sim_bit_checks[63].check_shifted_sim_bit" in 1.79 s.
0.0.N: Stopped processing property "dna_sequencer.auto_sva_inst.gen_shifted_sim_bit_checks[63].check_shifted_sim_bit"	[0.06 s].
0.0.N: Starting proof for property "dna_sequencer.auto_sva_inst.gen_shifted_sim_bit_checks[64].check_shifted_sim_bit"	[0.00 s].
0.0.N: Trace Attempt  1	[0.00 s]
0.0.N: Trace Attempt  2	[0.00 s]
0.0.N: Trace Attempt  2	[0.00 s]
0.0.N: Trace Attempt  3	[0.00 s]
0.0.N: Trace Attempt  4	[0.00 s]
0.0.N: Trace Attempt  4	[0.00 s]
0.0.B: Stopped processing property "dna_sequencer.auto_sva_inst.gen_shifted_sim_bit_checks[63].check_shifted_sim_bit"	[0.06 s].
0.0.B: Starting proof for property "dna_sequencer.auto_sva_inst.gen_shifted_sim_bit_checks[64].check_shifted_sim_bit"	[0.00 s].
0.0.B: Trace Attempt  1	[0.00 s]
0.0.N: Trace Attempt  5	[0.00 s]
0.0.B: Trace Attempt  2	[0.00 s]
0.0.B: Trace Attempt  3	[0.00 s]
0.0.B: Trace Attempt  4	[0.00 s]
0.0.B: Trace Attempt  5	[0.00 s]
0.0.Ht: A trace with 131 cycles was found. [1.83 s]
INFO (IPF047): 0.0.Ht: The cover property "dna_sequencer.auto_sva_inst.gen_shifted_sim_bit_checks[64].check_shifted_sim_bit:precondition1" was covered in 131 cycles in 1.82 s.
0.0.Ht: Trace Attempt 132	[1.85 s]
0.0.Ht: Trace Attempt 133	[1.86 s]
0.0.Ht: A trace with 133 cycles was found. [1.87 s]
INFO (IPF055): 0.0.Ht: A counterexample (cex) with 133 cycles was found for the property "dna_sequencer.auto_sva_inst.gen_shifted_sim_bit_checks[64].check_shifted_sim_bit" in 1.86 s.
0.0.N: Stopped processing property "dna_sequencer.auto_sva_inst.gen_shifted_sim_bit_checks[64].check_shifted_sim_bit"	[0.07 s].
0.0.N: Starting proof for property "dna_sequencer.auto_sva_inst.gen_shifted_sim_bit_checks[65].check_shifted_sim_bit"	[0.00 s].
0.0.N: Trace Attempt  1	[0.00 s]
0.0.N: Trace Attempt  2	[0.00 s]
0.0.N: Trace Attempt  2	[0.00 s]
0.0.N: Trace Attempt  3	[0.00 s]
0.0.N: Trace Attempt  4	[0.00 s]
0.0.N: Trace Attempt  4	[0.00 s]
0.0.B: Stopped processing property "dna_sequencer.auto_sva_inst.gen_shifted_sim_bit_checks[64].check_shifted_sim_bit"	[0.07 s].
0.0.B: Starting proof for property "dna_sequencer.auto_sva_inst.gen_shifted_sim_bit_checks[65].check_shifted_sim_bit"	[0.00 s].
0.0.N: Trace Attempt  5	[0.00 s]
0.0.B: Trace Attempt  1	[0.00 s]
0.0.B: Trace Attempt  2	[0.00 s]
0.0.B: Trace Attempt  3	[0.00 s]
0.0.B: Trace Attempt  4	[0.00 s]
0.0.B: Trace Attempt  5	[0.00 s]
0.0.Ht: A trace with 133 cycles was found. [1.90 s]
INFO (IPF047): 0.0.Ht: The cover property "dna_sequencer.auto_sva_inst.gen_shifted_sim_bit_checks[65].check_shifted_sim_bit:precondition1" was covered in 133 cycles in 1.89 s.
0.0.Ht: Trace Attempt 134	[1.91 s]
0.0.Ht: Trace Attempt 135	[1.92 s]
0.0.Ht: A trace with 135 cycles was found. [1.93 s]
INFO (IPF055): 0.0.Ht: A counterexample (cex) with 135 cycles was found for the property "dna_sequencer.auto_sva_inst.gen_shifted_sim_bit_checks[65].check_shifted_sim_bit" in 1.93 s.
0.0.N: Stopped processing property "dna_sequencer.auto_sva_inst.gen_shifted_sim_bit_checks[65].check_shifted_sim_bit"	[0.06 s].
0.0.N: Starting proof for property "dna_sequencer.auto_sva_inst.gen_shifted_sim_bit_checks[66].check_shifted_sim_bit"	[0.00 s].
0.0.N: Trace Attempt  1	[0.00 s]
0.0.N: Trace Attempt  2	[0.00 s]
0.0.N: Trace Attempt  2	[0.00 s]
0.0.N: Trace Attempt  3	[0.00 s]
0.0.N: Trace Attempt  4	[0.00 s]
0.0.N: Trace Attempt  4	[0.00 s]
0.0.N: Trace Attempt  5	[0.00 s]
0.0.B: Stopped processing property "dna_sequencer.auto_sva_inst.gen_shifted_sim_bit_checks[65].check_shifted_sim_bit"	[0.06 s].
0.0.B: Starting proof for property "dna_sequencer.auto_sva_inst.gen_shifted_sim_bit_checks[66].check_shifted_sim_bit"	[0.00 s].
0.0.B: Trace Attempt  1	[0.00 s]
0.0.B: Trace Attempt  2	[0.00 s]
0.0.B: Trace Attempt  3	[0.00 s]
0.0.B: Trace Attempt  4	[0.00 s]
0.0.B: Trace Attempt  5	[0.00 s]
0.0.Ht: A trace with 135 cycles was found. [1.96 s]
INFO (IPF047): 0.0.Ht: The cover property "dna_sequencer.auto_sva_inst.gen_shifted_sim_bit_checks[66].check_shifted_sim_bit:precondition1" was covered in 135 cycles in 1.96 s.
0.0.Ht: Trace Attempt 136	[1.98 s]
0.0.Ht: Trace Attempt 137	[1.99 s]
0.0.Ht: A trace with 137 cycles was found. [2.00 s]
INFO (IPF055): 0.0.Ht: A counterexample (cex) with 137 cycles was found for the property "dna_sequencer.auto_sva_inst.gen_shifted_sim_bit_checks[66].check_shifted_sim_bit" in 2.00 s.
0.0.N: Stopped processing property "dna_sequencer.auto_sva_inst.gen_shifted_sim_bit_checks[66].check_shifted_sim_bit"	[0.07 s].
0.0.N: Starting proof for property "dna_sequencer.auto_sva_inst.gen_shifted_sim_bit_checks[67].check_shifted_sim_bit"	[0.00 s].
0.0.N: Trace Attempt  1	[0.00 s]
0.0.N: Trace Attempt  2	[0.00 s]
0.0.N: Trace Attempt  2	[0.00 s]
0.0.N: Trace Attempt  3	[0.00 s]
0.0.N: Trace Attempt  4	[0.00 s]
0.0.N: Trace Attempt  4	[0.00 s]
0.0.B: Stopped processing property "dna_sequencer.auto_sva_inst.gen_shifted_sim_bit_checks[66].check_shifted_sim_bit"	[0.07 s].
0.0.B: Starting proof for property "dna_sequencer.auto_sva_inst.gen_shifted_sim_bit_checks[67].check_shifted_sim_bit"	[0.00 s].
0.0.B: Trace Attempt  1	[0.00 s]
0.0.N: Trace Attempt  5	[0.00 s]
0.0.B: Trace Attempt  2	[0.00 s]
0.0.B: Trace Attempt  3	[0.00 s]
0.0.B: Trace Attempt  4	[0.00 s]
0.0.B: Trace Attempt  5	[0.00 s]
0.0.Ht: A trace with 137 cycles was found. [2.03 s]
INFO (IPF047): 0.0.Ht: The cover property "dna_sequencer.auto_sva_inst.gen_shifted_sim_bit_checks[67].check_shifted_sim_bit:precondition1" was covered in 137 cycles in 2.03 s.
0.0.Ht: Trace Attempt 138	[2.06 s]
0.0.Ht: Trace Attempt 139	[2.06 s]
0.0.Ht: A trace with 139 cycles was found. [2.07 s]
INFO (IPF055): 0.0.Ht: A counterexample (cex) with 139 cycles was found for the property "dna_sequencer.auto_sva_inst.gen_shifted_sim_bit_checks[67].check_shifted_sim_bit" in 2.07 s.
0.0.N: Stopped processing property "dna_sequencer.auto_sva_inst.gen_shifted_sim_bit_checks[67].check_shifted_sim_bit"	[0.07 s].
0.0.N: Starting proof for property "dna_sequencer.auto_sva_inst.gen_shifted_sim_bit_checks[68].check_shifted_sim_bit"	[0.00 s].
0.0.N: Trace Attempt  1	[0.00 s]
0.0.N: Trace Attempt  2	[0.00 s]
0.0.N: Trace Attempt  2	[0.00 s]
0.0.N: Trace Attempt  3	[0.00 s]
0.0.N: Trace Attempt  4	[0.00 s]
0.0.B: Stopped processing property "dna_sequencer.auto_sva_inst.gen_shifted_sim_bit_checks[67].check_shifted_sim_bit"	[0.07 s].
0.0.B: Starting proof for property "dna_sequencer.auto_sva_inst.gen_shifted_sim_bit_checks[68].check_shifted_sim_bit"	[0.00 s].
0.0.N: Trace Attempt  4	[0.00 s]
0.0.B: Trace Attempt  1	[0.00 s]
0.0.N: Trace Attempt  5	[0.00 s]
0.0.B: Trace Attempt  2	[0.00 s]
0.0.B: Trace Attempt  3	[0.00 s]
0.0.B: Trace Attempt  4	[0.00 s]
0.0.B: Trace Attempt  5	[0.00 s]
0.0.Ht: A trace with 139 cycles was found. [2.10 s]
INFO (IPF047): 0.0.Ht: The cover property "dna_sequencer.auto_sva_inst.gen_shifted_sim_bit_checks[68].check_shifted_sim_bit:precondition1" was covered in 139 cycles in 2.10 s.
0.0.Ht: Trace Attempt 140	[2.12 s]
0.0.Ht: Trace Attempt 141	[2.14 s]
0.0.Ht: A trace with 141 cycles was found. [2.15 s]
INFO (IPF055): 0.0.Ht: A counterexample (cex) with 141 cycles was found for the property "dna_sequencer.auto_sva_inst.gen_shifted_sim_bit_checks[68].check_shifted_sim_bit" in 2.15 s.
0.0.N: Stopped processing property "dna_sequencer.auto_sva_inst.gen_shifted_sim_bit_checks[68].check_shifted_sim_bit"	[0.07 s].
0.0.N: Starting proof for property "dna_sequencer.auto_sva_inst.gen_shifted_sim_bit_checks[69].check_shifted_sim_bit"	[0.00 s].
0.0.N: Trace Attempt  1	[0.00 s]
0.0.N: Trace Attempt  2	[0.00 s]
0.0.N: Trace Attempt  2	[0.00 s]
0.0.N: Trace Attempt  3	[0.00 s]
0.0.N: Trace Attempt  4	[0.00 s]
0.0.B: Stopped processing property "dna_sequencer.auto_sva_inst.gen_shifted_sim_bit_checks[68].check_shifted_sim_bit"	[0.07 s].
0.0.B: Starting proof for property "dna_sequencer.auto_sva_inst.gen_shifted_sim_bit_checks[69].check_shifted_sim_bit"	[0.00 s].
0.0.N: Trace Attempt  4	[0.00 s]
0.0.B: Trace Attempt  1	[0.00 s]
0.0.N: Trace Attempt  5	[0.00 s]
0.0.B: Trace Attempt  2	[0.00 s]
0.0.B: Trace Attempt  3	[0.00 s]
0.0.B: Trace Attempt  4	[0.00 s]
0.0.B: Trace Attempt  5	[0.00 s]
0.0.Ht: A trace with 141 cycles was found. [2.18 s]
INFO (IPF047): 0.0.Ht: The cover property "dna_sequencer.auto_sva_inst.gen_shifted_sim_bit_checks[69].check_shifted_sim_bit:precondition1" was covered in 141 cycles in 2.17 s.
0.0.Ht: Trace Attempt 142	[2.20 s]
0.0.Ht: Trace Attempt 143	[2.21 s]
0.0.Ht: A trace with 143 cycles was found. [2.22 s]
INFO (IPF055): 0.0.Ht: A counterexample (cex) with 143 cycles was found for the property "dna_sequencer.auto_sva_inst.gen_shifted_sim_bit_checks[69].check_shifted_sim_bit" in 2.22 s.
0.0.N: Stopped processing property "dna_sequencer.auto_sva_inst.gen_shifted_sim_bit_checks[69].check_shifted_sim_bit"	[0.07 s].
0.0.N: Starting proof for property "dna_sequencer.auto_sva_inst.gen_shifted_sim_bit_checks[70].check_shifted_sim_bit"	[0.00 s].
0.0.N: Trace Attempt  1	[0.00 s]
0.0.N: Trace Attempt  2	[0.00 s]
0.0.N: Trace Attempt  2	[0.00 s]
0.0.N: Trace Attempt  3	[0.00 s]
0.0.N: Trace Attempt  4	[0.00 s]
0.0.N: Trace Attempt  4	[0.00 s]
0.0.N: Trace Attempt  5	[0.00 s]
0.0.B: Stopped processing property "dna_sequencer.auto_sva_inst.gen_shifted_sim_bit_checks[69].check_shifted_sim_bit"	[0.07 s].
0.0.B: Starting proof for property "dna_sequencer.auto_sva_inst.gen_shifted_sim_bit_checks[70].check_shifted_sim_bit"	[0.00 s].
0.0.B: Trace Attempt  1	[0.00 s]
0.0.B: Trace Attempt  2	[0.00 s]
0.0.B: Trace Attempt  3	[0.00 s]
0.0.B: Trace Attempt  4	[0.00 s]
0.0.B: Trace Attempt  5	[0.00 s]
0.0.Ht: A trace with 143 cycles was found. [2.25 s]
INFO (IPF047): 0.0.Ht: The cover property "dna_sequencer.auto_sva_inst.gen_shifted_sim_bit_checks[70].check_shifted_sim_bit:precondition1" was covered in 143 cycles in 2.25 s.
0.0.Ht: Trace Attempt 144	[2.27 s]
0.0.Ht: Trace Attempt 145	[2.28 s]
0.0.Ht: A trace with 145 cycles was found. [2.29 s]
INFO (IPF055): 0.0.Ht: A counterexample (cex) with 145 cycles was found for the property "dna_sequencer.auto_sva_inst.gen_shifted_sim_bit_checks[70].check_shifted_sim_bit" in 2.29 s.
0.0.N: Stopped processing property "dna_sequencer.auto_sva_inst.gen_shifted_sim_bit_checks[70].check_shifted_sim_bit"	[0.08 s].
0.0.N: Starting proof for property "dna_sequencer.auto_sva_inst.gen_shifted_sim_bit_checks[71].check_shifted_sim_bit"	[0.00 s].
0.0.N: Trace Attempt  1	[0.00 s]
0.0.N: Trace Attempt  2	[0.00 s]
0.0.N: Trace Attempt  2	[0.00 s]
0.0.N: Trace Attempt  3	[0.00 s]
0.0.N: Trace Attempt  4	[0.00 s]
0.0.N: Trace Attempt  4	[0.00 s]
0.0.N: Trace Attempt  5	[0.00 s]
0.0.B: Stopped processing property "dna_sequencer.auto_sva_inst.gen_shifted_sim_bit_checks[70].check_shifted_sim_bit"	[0.08 s].
0.0.B: Starting proof for property "dna_sequencer.auto_sva_inst.gen_shifted_sim_bit_checks[71].check_shifted_sim_bit"	[0.00 s].
0.0.B: Trace Attempt  1	[0.00 s]
0.0.B: Trace Attempt  2	[0.00 s]
0.0.B: Trace Attempt  3	[0.00 s]
0.0.B: Trace Attempt  4	[0.00 s]
0.0.B: Trace Attempt  5	[0.00 s]
0.0.Ht: A trace with 145 cycles was found. [2.33 s]
INFO (IPF047): 0.0.Ht: The cover property "dna_sequencer.auto_sva_inst.gen_shifted_sim_bit_checks[71].check_shifted_sim_bit:precondition1" was covered in 145 cycles in 2.32 s.
0.0.Ht: Trace Attempt 146	[2.35 s]
0.0.Ht: Trace Attempt 147	[2.35 s]
0.0.Ht: A trace with 147 cycles was found. [2.36 s]
INFO (IPF055): 0.0.Ht: A counterexample (cex) with 147 cycles was found for the property "dna_sequencer.auto_sva_inst.gen_shifted_sim_bit_checks[71].check_shifted_sim_bit" in 2.36 s.
0.0.N: Stopped processing property "dna_sequencer.auto_sva_inst.gen_shifted_sim_bit_checks[71].check_shifted_sim_bit"	[0.06 s].
0.0.N: Starting proof for property "dna_sequencer.auto_sva_inst.gen_shifted_sim_bit_checks[72].check_shifted_sim_bit"	[0.00 s].
0.0.N: Trace Attempt  1	[0.00 s]
0.0.N: Trace Attempt  2	[0.00 s]
0.0.N: Trace Attempt  2	[0.00 s]
0.0.N: Trace Attempt  3	[0.00 s]
0.0.N: Trace Attempt  4	[0.00 s]
0.0.N: Trace Attempt  4	[0.00 s]
0.0.B: Stopped processing property "dna_sequencer.auto_sva_inst.gen_shifted_sim_bit_checks[71].check_shifted_sim_bit"	[0.06 s].
0.0.B: Starting proof for property "dna_sequencer.auto_sva_inst.gen_shifted_sim_bit_checks[72].check_shifted_sim_bit"	[0.00 s].
0.0.N: Trace Attempt  5	[0.00 s]
0.0.B: Trace Attempt  1	[0.00 s]
0.0.B: Trace Attempt  2	[0.00 s]
0.0.B: Trace Attempt  3	[0.00 s]
0.0.B: Trace Attempt  4	[0.00 s]
0.0.B: Trace Attempt  5	[0.00 s]
0.0.Ht: A trace with 147 cycles was found. [2.39 s]
INFO (IPF047): 0.0.Ht: The cover property "dna_sequencer.auto_sva_inst.gen_shifted_sim_bit_checks[72].check_shifted_sim_bit:precondition1" was covered in 147 cycles in 2.39 s.
0.0.Ht: Trace Attempt 148	[2.42 s]
0.0.Ht: Trace Attempt 149	[2.43 s]
0.0.Ht: A trace with 149 cycles was found. [2.44 s]
INFO (IPF055): 0.0.Ht: A counterexample (cex) with 149 cycles was found for the property "dna_sequencer.auto_sva_inst.gen_shifted_sim_bit_checks[72].check_shifted_sim_bit" in 2.44 s.
0.0.N: Stopped processing property "dna_sequencer.auto_sva_inst.gen_shifted_sim_bit_checks[72].check_shifted_sim_bit"	[0.09 s].
0.0.N: Starting proof for property "dna_sequencer.auto_sva_inst.gen_shifted_sim_bit_checks[73].check_shifted_sim_bit"	[0.00 s].
0.0.N: Trace Attempt  1	[0.00 s]
0.0.N: Trace Attempt  2	[0.00 s]
0.0.N: Trace Attempt  2	[0.00 s]
0.0.N: Trace Attempt  3	[0.00 s]
0.0.N: Trace Attempt  4	[0.00 s]
0.0.N: Trace Attempt  4	[0.00 s]
0.0.B: Stopped processing property "dna_sequencer.auto_sva_inst.gen_shifted_sim_bit_checks[72].check_shifted_sim_bit"	[0.09 s].
0.0.N: Trace Attempt  5	[0.00 s]
0.0.B: Starting proof for property "dna_sequencer.auto_sva_inst.gen_shifted_sim_bit_checks[73].check_shifted_sim_bit"	[0.00 s].
0.0.B: Trace Attempt  1	[0.00 s]
0.0.B: Trace Attempt  2	[0.00 s]
0.0.B: Trace Attempt  3	[0.00 s]
0.0.B: Trace Attempt  4	[0.00 s]
0.0.B: Trace Attempt  5	[0.00 s]
0.0.Ht: A trace with 149 cycles was found. [2.48 s]
INFO (IPF047): 0.0.Ht: The cover property "dna_sequencer.auto_sva_inst.gen_shifted_sim_bit_checks[73].check_shifted_sim_bit:precondition1" was covered in 149 cycles in 2.47 s.
0.0.Ht: Trace Attempt 150	[2.51 s]
0.0.Ht: Trace Attempt 151	[2.52 s]
0.0.Ht: A trace with 151 cycles was found. [2.53 s]
INFO (IPF055): 0.0.Ht: A counterexample (cex) with 151 cycles was found for the property "dna_sequencer.auto_sva_inst.gen_shifted_sim_bit_checks[73].check_shifted_sim_bit" in 2.53 s.
0.0.N: Stopped processing property "dna_sequencer.auto_sva_inst.gen_shifted_sim_bit_checks[73].check_shifted_sim_bit"	[0.09 s].
0.0.N: Starting proof for property "dna_sequencer.auto_sva_inst.gen_shifted_sim_bit_checks[74].check_shifted_sim_bit"	[0.00 s].
0.0.N: Trace Attempt  1	[0.00 s]
0.0.N: Trace Attempt  2	[0.00 s]
0.0.N: Trace Attempt  2	[0.00 s]
0.0.N: Trace Attempt  3	[0.00 s]
0.0.N: Trace Attempt  4	[0.00 s]
0.0.N: Trace Attempt  4	[0.00 s]
0.0.B: Stopped processing property "dna_sequencer.auto_sva_inst.gen_shifted_sim_bit_checks[73].check_shifted_sim_bit"	[0.09 s].
0.0.B: Starting proof for property "dna_sequencer.auto_sva_inst.gen_shifted_sim_bit_checks[74].check_shifted_sim_bit"	[0.00 s].
0.0.N: Trace Attempt  5	[0.00 s]
0.0.B: Trace Attempt  1	[0.00 s]
0.0.B: Trace Attempt  2	[0.00 s]
0.0.B: Trace Attempt  3	[0.00 s]
0.0.B: Trace Attempt  4	[0.00 s]
0.0.B: Trace Attempt  5	[0.00 s]
0.0.Ht: A trace with 151 cycles was found. [2.56 s]
INFO (IPF047): 0.0.Ht: The cover property "dna_sequencer.auto_sva_inst.gen_shifted_sim_bit_checks[74].check_shifted_sim_bit:precondition1" was covered in 151 cycles in 2.56 s.
0.0.Ht: Trace Attempt 152	[2.59 s]
0.0.Ht: Trace Attempt 153	[2.60 s]
0.0.Ht: A trace with 153 cycles was found. [2.61 s]
INFO (IPF055): 0.0.Ht: A counterexample (cex) with 153 cycles was found for the property "dna_sequencer.auto_sva_inst.gen_shifted_sim_bit_checks[74].check_shifted_sim_bit" in 2.62 s.
0.0.N: Stopped processing property "dna_sequencer.auto_sva_inst.gen_shifted_sim_bit_checks[74].check_shifted_sim_bit"	[0.08 s].
0.0.N: Starting proof for property "dna_sequencer.auto_sva_inst.gen_shifted_sim_bit_checks[75].check_shifted_sim_bit"	[0.00 s].
0.0.N: Trace Attempt  1	[0.00 s]
0.0.N: Trace Attempt  2	[0.00 s]
0.0.N: Trace Attempt  2	[0.00 s]
0.0.N: Trace Attempt  3	[0.00 s]
0.0.N: Trace Attempt  4	[0.00 s]
0.0.N: Trace Attempt  4	[0.00 s]
0.0.N: Trace Attempt  5	[0.00 s]
0.0.B: Stopped processing property "dna_sequencer.auto_sva_inst.gen_shifted_sim_bit_checks[74].check_shifted_sim_bit"	[0.08 s].
0.0.B: Starting proof for property "dna_sequencer.auto_sva_inst.gen_shifted_sim_bit_checks[75].check_shifted_sim_bit"	[0.00 s].
0.0.B: Trace Attempt  1	[0.00 s]
0.0.B: Trace Attempt  2	[0.00 s]
0.0.B: Trace Attempt  3	[0.00 s]
0.0.B: Trace Attempt  4	[0.00 s]
0.0.B: Trace Attempt  5	[0.00 s]
0.0.Ht: A trace with 153 cycles was found. [2.65 s]
INFO (IPF047): 0.0.Ht: The cover property "dna_sequencer.auto_sva_inst.gen_shifted_sim_bit_checks[75].check_shifted_sim_bit:precondition1" was covered in 153 cycles in 2.66 s.
0.0.Ht: Trace Attempt 154	[2.69 s]
0.0.Ht: Trace Attempt 155	[2.70 s]
0.0.Ht: A trace with 155 cycles was found. [2.71 s]
INFO (IPF055): 0.0.Ht: A counterexample (cex) with 155 cycles was found for the property "dna_sequencer.auto_sva_inst.gen_shifted_sim_bit_checks[75].check_shifted_sim_bit" in 2.71 s.
0.0.N: Stopped processing property "dna_sequencer.auto_sva_inst.gen_shifted_sim_bit_checks[75].check_shifted_sim_bit"	[0.09 s].
0.0.N: Starting proof for property "dna_sequencer.auto_sva_inst.gen_shifted_sim_bit_checks[76].check_shifted_sim_bit"	[0.00 s].
0.0.N: Trace Attempt  1	[0.00 s]
0.0.N: Trace Attempt  2	[0.00 s]
0.0.N: Trace Attempt  2	[0.00 s]
0.0.N: Trace Attempt  3	[0.00 s]
0.0.N: Trace Attempt  4	[0.00 s]
0.0.N: Trace Attempt  4	[0.00 s]
0.0.B: Stopped processing property "dna_sequencer.auto_sva_inst.gen_shifted_sim_bit_checks[75].check_shifted_sim_bit"	[0.09 s].
0.0.N: Trace Attempt  5	[0.00 s]
0.0.B: Starting proof for property "dna_sequencer.auto_sva_inst.gen_shifted_sim_bit_checks[76].check_shifted_sim_bit"	[0.00 s].
0.0.B: Trace Attempt  1	[0.00 s]
0.0.B: Trace Attempt  2	[0.00 s]
0.0.B: Trace Attempt  3	[0.00 s]
0.0.B: Trace Attempt  4	[0.00 s]
0.0.B: Trace Attempt  5	[0.00 s]
0.0.Ht: A trace with 155 cycles was found. [2.74 s]
INFO (IPF047): 0.0.Ht: The cover property "dna_sequencer.auto_sva_inst.gen_shifted_sim_bit_checks[76].check_shifted_sim_bit:precondition1" was covered in 155 cycles in 2.73 s.
0.0.Ht: Trace Attempt 156	[2.76 s]
0.0.Ht: Trace Attempt 157	[2.77 s]
0.0.Ht: A trace with 157 cycles was found. [2.78 s]
INFO (IPF055): 0.0.Ht: A counterexample (cex) with 157 cycles was found for the property "dna_sequencer.auto_sva_inst.gen_shifted_sim_bit_checks[76].check_shifted_sim_bit" in 2.78 s.
0.0.N: Stopped processing property "dna_sequencer.auto_sva_inst.gen_shifted_sim_bit_checks[76].check_shifted_sim_bit"	[0.08 s].
0.0.N: Starting proof for property "dna_sequencer.auto_sva_inst.gen_shifted_sim_bit_checks[77].check_shifted_sim_bit"	[0.00 s].
0.0.N: Trace Attempt  1	[0.00 s]
0.0.N: Trace Attempt  2	[0.00 s]
0.0.N: Trace Attempt  2	[0.00 s]
0.0.N: Trace Attempt  3	[0.00 s]
0.0.N: Trace Attempt  4	[0.00 s]
0.0.N: Trace Attempt  4	[0.00 s]
0.0.B: Stopped processing property "dna_sequencer.auto_sva_inst.gen_shifted_sim_bit_checks[76].check_shifted_sim_bit"	[0.08 s].
0.0.B: Starting proof for property "dna_sequencer.auto_sva_inst.gen_shifted_sim_bit_checks[77].check_shifted_sim_bit"	[0.00 s].
0.0.N: Trace Attempt  5	[0.00 s]
0.0.B: Trace Attempt  1	[0.00 s]
0.0.B: Trace Attempt  2	[0.00 s]
0.0.B: Trace Attempt  3	[0.00 s]
0.0.B: Trace Attempt  4	[0.00 s]
0.0.B: Trace Attempt  5	[0.00 s]
0: ProofGrid usable level: 40
0.0.Ht: A trace with 157 cycles was found. [2.81 s]
INFO (IPF047): 0.0.Ht: The cover property "dna_sequencer.auto_sva_inst.gen_shifted_sim_bit_checks[77].check_shifted_sim_bit:precondition1" was covered in 157 cycles in 2.81 s.
0.0.Ht: Trace Attempt 158	[2.84 s]
0.0.Ht: Trace Attempt 159	[2.96 s]
0.0.Ht: A trace with 159 cycles was found. [2.97 s]
INFO (IPF055): 0.0.Ht: A counterexample (cex) with 159 cycles was found for the property "dna_sequencer.auto_sva_inst.gen_shifted_sim_bit_checks[77].check_shifted_sim_bit" in 2.97 s.
0.0.N: Stopped processing property "dna_sequencer.auto_sva_inst.gen_shifted_sim_bit_checks[77].check_shifted_sim_bit"	[0.19 s].
0.0.N: Starting proof for property "dna_sequencer.auto_sva_inst.gen_shifted_sim_bit_checks[78].check_shifted_sim_bit"	[0.00 s].
0.0.N: Trace Attempt  1	[0.00 s]
0.0.N: Trace Attempt  2	[0.00 s]
0.0.N: Trace Attempt  2	[0.00 s]
0.0.N: Trace Attempt  3	[0.00 s]
0.0.N: Trace Attempt  4	[0.00 s]
0.0.N: Trace Attempt  4	[0.00 s]
0.0.N: Trace Attempt  5	[0.00 s]
0.0.B: Stopped processing property "dna_sequencer.auto_sva_inst.gen_shifted_sim_bit_checks[77].check_shifted_sim_bit"	[0.19 s].
0.0.B: Starting proof for property "dna_sequencer.auto_sva_inst.gen_shifted_sim_bit_checks[78].check_shifted_sim_bit"	[0.00 s].
0.0.B: Trace Attempt  1	[0.00 s]
0.0.B: Trace Attempt  2	[0.00 s]
0.0.B: Trace Attempt  3	[0.00 s]
0.0.B: Trace Attempt  4	[0.00 s]
0.0.B: Trace Attempt  5	[0.00 s]
0.0.Ht: A trace with 159 cycles was found. [3.01 s]
INFO (IPF047): 0.0.Ht: The cover property "dna_sequencer.auto_sva_inst.gen_shifted_sim_bit_checks[78].check_shifted_sim_bit:precondition1" was covered in 159 cycles in 3.01 s.
0.0.B: Trace Attempt 161	[0.42 s]
0.0.B: A trace with 161 cycles was found. [0.44 s]
INFO (IPF055): 0.0.B: A counterexample (cex) with 161 cycles was found for the property "dna_sequencer.auto_sva_inst.gen_shifted_sim_bit_checks[78].check_shifted_sim_bit" in 0.45 s.
0.0.B: Stopped processing property "dna_sequencer.auto_sva_inst.gen_shifted_sim_bit_checks[78].check_shifted_sim_bit"	[0.45 s].
0.0.B: Starting proof for property "dna_sequencer.auto_sva_inst.gen_shifted_sim_bit_checks[79].check_shifted_sim_bit"	[0.00 s].
0.0.B: Trace Attempt  1	[0.00 s]
0.0.B: Trace Attempt  2	[0.00 s]
0.0.B: Trace Attempt  3	[0.00 s]
0.0.B: Trace Attempt  4	[0.00 s]
0.0.B: Trace Attempt  5	[0.00 s]
0.0.N: Stopped processing property "dna_sequencer.auto_sva_inst.gen_shifted_sim_bit_checks[78].check_shifted_sim_bit"	[0.45 s].
0.0.N: Starting proof for property "dna_sequencer.auto_sva_inst.gen_shifted_sim_bit_checks[79].check_shifted_sim_bit"	[0.00 s].
0.0.N: Trace Attempt  1	[0.00 s]
0.0.N: Trace Attempt  2	[0.00 s]
0.0.N: Trace Attempt  2	[0.00 s]
0.0.N: Trace Attempt  3	[0.00 s]
0.0.N: Trace Attempt  4	[0.00 s]
0.0.N: Trace Attempt  4	[0.00 s]
0.0.N: Trace Attempt  5	[0.00 s]
0: ProofGrid usable level: 36
0.0.Ht: Trace Attempt 160	[3.87 s]
0.0.B: Trace Attempt 163	[0.44 s]
0.0.B: A trace with 163 cycles was found. [0.46 s]
INFO (IPF055): 0.0.B: A counterexample (cex) with 163 cycles was found for the property "dna_sequencer.auto_sva_inst.gen_shifted_sim_bit_checks[79].check_shifted_sim_bit" in 0.47 s.
INFO (IPF047): 0.0.B: The cover property "dna_sequencer.auto_sva_inst.gen_shifted_sim_bit_checks[79].check_shifted_sim_bit:precondition1" was covered in 161 cycles in 0.47 s by the incidental trace "dna_sequencer.auto_sva_inst.gen_shifted_sim_bit_checks[79].check_shifted_sim_bit".
0.0.B: Stopped processing property "dna_sequencer.auto_sva_inst.gen_shifted_sim_bit_checks[79].check_shifted_sim_bit"	[0.47 s].
0.0.B: Starting proof for property "dna_sequencer.auto_sva_inst.gen_shifted_sim_bit_checks[80].check_shifted_sim_bit"	[0.00 s].
0.0.B: Trace Attempt  1	[0.00 s]
0.0.B: Trace Attempt  2	[0.00 s]
0.0.B: Trace Attempt  3	[0.00 s]
0.0.B: Trace Attempt  4	[0.00 s]
0.0.N: Stopped processing property "dna_sequencer.auto_sva_inst.gen_shifted_sim_bit_checks[79].check_shifted_sim_bit"	[0.47 s].
0.0.N: Starting proof for property "dna_sequencer.auto_sva_inst.gen_shifted_sim_bit_checks[80].check_shifted_sim_bit"	[0.00 s].
0.0.N: Trace Attempt  1	[0.00 s]
0.0.N: Trace Attempt  2	[0.00 s]
0.0.B: Trace Attempt  5	[0.00 s]
0.0.N: Trace Attempt  2	[0.00 s]
0.0.N: Trace Attempt  3	[0.00 s]
0.0.N: Trace Attempt  4	[0.00 s]
0.0.N: Trace Attempt  4	[0.00 s]
0.0.N: Trace Attempt  5	[0.00 s]
0.0.Ht: Trace Attempt 163	[3.97 s]
0.0.Ht: A trace with 163 cycles was found. [4.00 s]
INFO (IPF047): 0.0.Ht: The cover property "dna_sequencer.auto_sva_inst.gen_shifted_sim_bit_checks[80].check_shifted_sim_bit:precondition1" was covered in 163 cycles in 4.00 s.
0.0.Ht: Trace Attempt 164	[4.03 s]
0.0.Ht: Trace Attempt 165	[4.04 s]
0.0.Ht: A trace with 165 cycles was found. [4.05 s]
INFO (IPF055): 0.0.Ht: A counterexample (cex) with 165 cycles was found for the property "dna_sequencer.auto_sva_inst.gen_shifted_sim_bit_checks[80].check_shifted_sim_bit" in 4.05 s.
0.0.N: Stopped processing property "dna_sequencer.auto_sva_inst.gen_shifted_sim_bit_checks[80].check_shifted_sim_bit"	[0.15 s].
0.0.N: Starting proof for property "dna_sequencer.auto_sva_inst.gen_shifted_sim_bit_checks[81].check_shifted_sim_bit"	[0.00 s].
0.0.N: Trace Attempt  1	[0.00 s]
0.0.N: Trace Attempt  2	[0.00 s]
0.0.N: Trace Attempt  2	[0.00 s]
0.0.N: Trace Attempt  3	[0.00 s]
0.0.N: Trace Attempt  4	[0.00 s]
0.0.N: Trace Attempt  4	[0.00 s]
0.0.N: Trace Attempt  5	[0.00 s]
0.0.B: Stopped processing property "dna_sequencer.auto_sva_inst.gen_shifted_sim_bit_checks[80].check_shifted_sim_bit"	[0.16 s].
0.0.B: Starting proof for property "dna_sequencer.auto_sva_inst.gen_shifted_sim_bit_checks[81].check_shifted_sim_bit"	[0.00 s].
0.0.B: Trace Attempt  1	[0.00 s]
0.0.B: Trace Attempt  2	[0.00 s]
0.0.B: Trace Attempt  3	[0.00 s]
0.0.B: Trace Attempt  4	[0.00 s]
0.0.B: Trace Attempt  5	[0.00 s]
0.0.Ht: A trace with 165 cycles was found. [4.09 s]
INFO (IPF047): 0.0.Ht: The cover property "dna_sequencer.auto_sva_inst.gen_shifted_sim_bit_checks[81].check_shifted_sim_bit:precondition1" was covered in 165 cycles in 4.08 s.
0.0.Ht: Trace Attempt 166	[4.11 s]
0.0.Ht: Trace Attempt 167	[4.12 s]
0.0.Ht: A trace with 167 cycles was found. [4.13 s]
INFO (IPF055): 0.0.Ht: A counterexample (cex) with 167 cycles was found for the property "dna_sequencer.auto_sva_inst.gen_shifted_sim_bit_checks[81].check_shifted_sim_bit" in 4.13 s.
0.0.N: Stopped processing property "dna_sequencer.auto_sva_inst.gen_shifted_sim_bit_checks[81].check_shifted_sim_bit"	[0.08 s].
0.0.N: Starting proof for property "dna_sequencer.auto_sva_inst.gen_shifted_sim_bit_checks[82].check_shifted_sim_bit"	[0.00 s].
0.0.N: Trace Attempt  1	[0.00 s]
0.0.N: Trace Attempt  2	[0.00 s]
0.0.N: Trace Attempt  2	[0.00 s]
0.0.B: Stopped processing property "dna_sequencer.auto_sva_inst.gen_shifted_sim_bit_checks[81].check_shifted_sim_bit"	[0.08 s].
0.0.B: Starting proof for property "dna_sequencer.auto_sva_inst.gen_shifted_sim_bit_checks[82].check_shifted_sim_bit"	[0.00 s].
0.0.N: Trace Attempt  3	[0.00 s]
0.0.N: Trace Attempt  4	[0.00 s]
0.0.B: Trace Attempt  1	[0.00 s]
0.0.N: Trace Attempt  4	[0.00 s]
0.0.B: Trace Attempt  2	[0.00 s]
0.0.B: Trace Attempt  3	[0.00 s]
0.0.N: Trace Attempt  5	[0.00 s]
0.0.B: Trace Attempt  4	[0.00 s]
0.0.B: Trace Attempt  5	[0.00 s]
0.0.Ht: A trace with 167 cycles was found. [4.17 s]
INFO (IPF047): 0.0.Ht: The cover property "dna_sequencer.auto_sva_inst.gen_shifted_sim_bit_checks[82].check_shifted_sim_bit:precondition1" was covered in 167 cycles in 4.16 s.
0.0.Ht: Trace Attempt 168	[4.19 s]
0.0.Ht: Trace Attempt 169	[4.27 s]
0.0.Ht: A trace with 169 cycles was found. [4.29 s]
INFO (IPF055): 0.0.Ht: A counterexample (cex) with 169 cycles was found for the property "dna_sequencer.auto_sva_inst.gen_shifted_sim_bit_checks[82].check_shifted_sim_bit" in 4.29 s.
0.0.N: Stopped processing property "dna_sequencer.auto_sva_inst.gen_shifted_sim_bit_checks[82].check_shifted_sim_bit"	[0.16 s].
0.0.N: Starting proof for property "dna_sequencer.auto_sva_inst.gen_shifted_sim_bit_checks[83].check_shifted_sim_bit"	[0.00 s].
0.0.N: Trace Attempt  1	[0.00 s]
0.0.N: Trace Attempt  2	[0.00 s]
0.0.N: Trace Attempt  2	[0.00 s]
0.0.N: Trace Attempt  3	[0.00 s]
0.0.N: Trace Attempt  4	[0.00 s]
0.0.N: Trace Attempt  4	[0.00 s]
0.0.N: Trace Attempt  5	[0.00 s]
0.0.B: Stopped processing property "dna_sequencer.auto_sva_inst.gen_shifted_sim_bit_checks[82].check_shifted_sim_bit"	[0.16 s].
0.0.B: Starting proof for property "dna_sequencer.auto_sva_inst.gen_shifted_sim_bit_checks[83].check_shifted_sim_bit"	[0.00 s].
0.0.B: Trace Attempt  1	[0.00 s]
0.0.B: Trace Attempt  2	[0.00 s]
0.0.B: Trace Attempt  3	[0.00 s]
0.0.B: Trace Attempt  4	[0.00 s]
0.0.B: Trace Attempt  5	[0.00 s]
0.0.Ht: A trace with 169 cycles was found. [4.32 s]
INFO (IPF047): 0.0.Ht: The cover property "dna_sequencer.auto_sva_inst.gen_shifted_sim_bit_checks[83].check_shifted_sim_bit:precondition1" was covered in 169 cycles in 4.32 s.
0.0.Ht: Trace Attempt 170	[4.35 s]
0.0.Ht: Trace Attempt 171	[4.36 s]
0.0.Ht: A trace with 171 cycles was found. [4.37 s]
INFO (IPF055): 0.0.Ht: A counterexample (cex) with 171 cycles was found for the property "dna_sequencer.auto_sva_inst.gen_shifted_sim_bit_checks[83].check_shifted_sim_bit" in 4.37 s.
0.0.N: Stopped processing property "dna_sequencer.auto_sva_inst.gen_shifted_sim_bit_checks[83].check_shifted_sim_bit"	[0.08 s].
0.0.N: Starting proof for property "dna_sequencer.auto_sva_inst.gen_shifted_sim_bit_checks[84].check_shifted_sim_bit"	[0.00 s].
0.0.N: Trace Attempt  1	[0.00 s]
0.0.N: Trace Attempt  2	[0.00 s]
0.0.N: Trace Attempt  2	[0.00 s]
0.0.N: Trace Attempt  3	[0.00 s]
0.0.N: Trace Attempt  4	[0.00 s]
0.0.N: Trace Attempt  4	[0.00 s]
0.0.B: Stopped processing property "dna_sequencer.auto_sva_inst.gen_shifted_sim_bit_checks[83].check_shifted_sim_bit"	[0.08 s].
0.0.B: Starting proof for property "dna_sequencer.auto_sva_inst.gen_shifted_sim_bit_checks[84].check_shifted_sim_bit"	[0.00 s].
0.0.N: Trace Attempt  5	[0.00 s]
0.0.B: Trace Attempt  1	[0.00 s]
0.0.B: Trace Attempt  2	[0.00 s]
0.0.B: Trace Attempt  3	[0.00 s]
0.0.B: Trace Attempt  4	[0.00 s]
0.0.B: Trace Attempt  5	[0.00 s]
0.0.Ht: A trace with 171 cycles was found. [4.41 s]
INFO (IPF047): 0.0.Ht: The cover property "dna_sequencer.auto_sva_inst.gen_shifted_sim_bit_checks[84].check_shifted_sim_bit:precondition1" was covered in 171 cycles in 4.41 s.
0.0.Ht: Trace Attempt 172	[4.44 s]
0.0.Ht: Trace Attempt 173	[4.45 s]
0.0.Ht: A trace with 173 cycles was found. [4.46 s]
INFO (IPF055): 0.0.Ht: A counterexample (cex) with 173 cycles was found for the property "dna_sequencer.auto_sva_inst.gen_shifted_sim_bit_checks[84].check_shifted_sim_bit" in 4.46 s.
0.0.N: Stopped processing property "dna_sequencer.auto_sva_inst.gen_shifted_sim_bit_checks[84].check_shifted_sim_bit"	[0.08 s].
0.0.N: Starting proof for property "dna_sequencer.auto_sva_inst.gen_shifted_sim_bit_checks[85].check_shifted_sim_bit"	[0.00 s].
0.0.N: Trace Attempt  1	[0.00 s]
0.0.N: Trace Attempt  2	[0.00 s]
0.0.N: Trace Attempt  2	[0.00 s]
0.0.N: Trace Attempt  3	[0.00 s]
0.0.N: Trace Attempt  4	[0.00 s]
0.0.N: Trace Attempt  4	[0.00 s]
0.0.N: Trace Attempt  5	[0.00 s]
0.0.B: Stopped processing property "dna_sequencer.auto_sva_inst.gen_shifted_sim_bit_checks[84].check_shifted_sim_bit"	[0.08 s].
0.0.B: Starting proof for property "dna_sequencer.auto_sva_inst.gen_shifted_sim_bit_checks[85].check_shifted_sim_bit"	[0.00 s].
0.0.B: Trace Attempt  1	[0.00 s]
0.0.B: Trace Attempt  2	[0.00 s]
0.0.B: Trace Attempt  3	[0.00 s]
0.0.B: Trace Attempt  4	[0.00 s]
0.0.B: Trace Attempt  5	[0.00 s]
0.0.Ht: A trace with 173 cycles was found. [4.50 s]
INFO (IPF047): 0.0.Ht: The cover property "dna_sequencer.auto_sva_inst.gen_shifted_sim_bit_checks[85].check_shifted_sim_bit:precondition1" was covered in 173 cycles in 4.49 s.
0.0.Ht: Trace Attempt 174	[4.52 s]
0.0.Ht: Trace Attempt 175	[4.53 s]
0.0.Ht: A trace with 175 cycles was found. [4.54 s]
INFO (IPF055): 0.0.Ht: A counterexample (cex) with 175 cycles was found for the property "dna_sequencer.auto_sva_inst.gen_shifted_sim_bit_checks[85].check_shifted_sim_bit" in 4.55 s.
0.0.N: Stopped processing property "dna_sequencer.auto_sva_inst.gen_shifted_sim_bit_checks[85].check_shifted_sim_bit"	[0.09 s].
0.0.N: Starting proof for property "dna_sequencer.auto_sva_inst.gen_shifted_sim_bit_checks[86].check_shifted_sim_bit"	[0.00 s].
0.0.N: Trace Attempt  1	[0.00 s]
0.0.N: Trace Attempt  2	[0.00 s]
0.0.N: Trace Attempt  2	[0.00 s]
0.0.N: Trace Attempt  3	[0.00 s]
0.0.N: Trace Attempt  4	[0.00 s]
0.0.N: Trace Attempt  4	[0.00 s]
0.0.N: Trace Attempt  5	[0.00 s]
0.0.B: Stopped processing property "dna_sequencer.auto_sva_inst.gen_shifted_sim_bit_checks[85].check_shifted_sim_bit"	[0.09 s].
0.0.B: Starting proof for property "dna_sequencer.auto_sva_inst.gen_shifted_sim_bit_checks[86].check_shifted_sim_bit"	[0.00 s].
0.0.B: Trace Attempt  1	[0.00 s]
0.0.B: Trace Attempt  2	[0.00 s]
0.0.B: Trace Attempt  3	[0.00 s]
0.0.B: Trace Attempt  4	[0.00 s]
0.0.B: Trace Attempt  5	[0.00 s]
0.0.Ht: A trace with 175 cycles was found. [4.58 s]
INFO (IPF047): 0.0.Ht: The cover property "dna_sequencer.auto_sva_inst.gen_shifted_sim_bit_checks[86].check_shifted_sim_bit:precondition1" was covered in 175 cycles in 4.58 s.
0.0.Ht: Trace Attempt 176	[4.61 s]
0.0.Ht: Trace Attempt 177	[4.62 s]
0.0.Ht: A trace with 177 cycles was found. [4.63 s]
INFO (IPF055): 0.0.Ht: A counterexample (cex) with 177 cycles was found for the property "dna_sequencer.auto_sva_inst.gen_shifted_sim_bit_checks[86].check_shifted_sim_bit" in 4.63 s.
0.0.N: Stopped processing property "dna_sequencer.auto_sva_inst.gen_shifted_sim_bit_checks[86].check_shifted_sim_bit"	[0.09 s].
0.0.N: Starting proof for property "dna_sequencer.auto_sva_inst.gen_shifted_sim_bit_checks[87].check_shifted_sim_bit"	[0.00 s].
0.0.N: Trace Attempt  1	[0.00 s]
0.0.N: Trace Attempt  2	[0.00 s]
0.0.N: Trace Attempt  2	[0.00 s]
0.0.N: Trace Attempt  3	[0.00 s]
0.0.N: Trace Attempt  4	[0.00 s]
0.0.N: Trace Attempt  4	[0.00 s]
0.0.N: Trace Attempt  5	[0.00 s]
0.0.B: Stopped processing property "dna_sequencer.auto_sva_inst.gen_shifted_sim_bit_checks[86].check_shifted_sim_bit"	[0.09 s].
0.0.B: Starting proof for property "dna_sequencer.auto_sva_inst.gen_shifted_sim_bit_checks[87].check_shifted_sim_bit"	[0.00 s].
0.0.B: Trace Attempt  1	[0.00 s]
0.0.B: Trace Attempt  2	[0.00 s]
0.0.B: Trace Attempt  3	[0.00 s]
0.0.B: Trace Attempt  4	[0.00 s]
0.0.B: Trace Attempt  5	[0.00 s]
0.0.Ht: A trace with 177 cycles was found. [4.67 s]
INFO (IPF047): 0.0.Ht: The cover property "dna_sequencer.auto_sva_inst.gen_shifted_sim_bit_checks[87].check_shifted_sim_bit:precondition1" was covered in 177 cycles in 4.67 s.
0.0.Ht: Trace Attempt 178	[4.70 s]
0.0.Ht: Trace Attempt 179	[4.71 s]
0.0.Ht: A trace with 179 cycles was found. [4.72 s]
INFO (IPF055): 0.0.Ht: A counterexample (cex) with 179 cycles was found for the property "dna_sequencer.auto_sva_inst.gen_shifted_sim_bit_checks[87].check_shifted_sim_bit" in 4.72 s.
0.0.N: Stopped processing property "dna_sequencer.auto_sva_inst.gen_shifted_sim_bit_checks[87].check_shifted_sim_bit"	[0.09 s].
0.0.N: Starting proof for property "dna_sequencer.auto_sva_inst.gen_shifted_sim_bit_checks[88].check_shifted_sim_bit"	[0.00 s].
0.0.N: Trace Attempt  1	[0.00 s]
0.0.N: Trace Attempt  2	[0.00 s]
0.0.N: Trace Attempt  2	[0.00 s]
0.0.N: Trace Attempt  3	[0.00 s]
0.0.N: Trace Attempt  4	[0.00 s]
0.0.N: Trace Attempt  4	[0.00 s]
0.0.N: Trace Attempt  5	[0.00 s]
0.0.B: Stopped processing property "dna_sequencer.auto_sva_inst.gen_shifted_sim_bit_checks[87].check_shifted_sim_bit"	[0.09 s].
0.0.B: Starting proof for property "dna_sequencer.auto_sva_inst.gen_shifted_sim_bit_checks[88].check_shifted_sim_bit"	[0.00 s].
0.0.B: Trace Attempt  1	[0.00 s]
0.0.B: Trace Attempt  2	[0.00 s]
0.0.B: Trace Attempt  3	[0.00 s]
0.0.B: Trace Attempt  4	[0.00 s]
0.0.B: Trace Attempt  5	[0.00 s]
0.0.Ht: A trace with 179 cycles was found. [4.76 s]
INFO (IPF047): 0.0.Ht: The cover property "dna_sequencer.auto_sva_inst.gen_shifted_sim_bit_checks[88].check_shifted_sim_bit:precondition1" was covered in 179 cycles in 4.76 s.
0.0.Ht: Trace Attempt 180	[4.79 s]
0: ProofGrid usable level: 17
0.0.Ht: Trace Attempt 181	[4.80 s]
0.0.Ht: A trace with 181 cycles was found. [4.81 s]
INFO (IPF055): 0.0.Ht: A counterexample (cex) with 181 cycles was found for the property "dna_sequencer.auto_sva_inst.gen_shifted_sim_bit_checks[88].check_shifted_sim_bit" in 4.81 s.
0.0.N: Stopped processing property "dna_sequencer.auto_sva_inst.gen_shifted_sim_bit_checks[88].check_shifted_sim_bit"	[0.09 s].
0.0.N: Starting proof for property "dna_sequencer.auto_sva_inst.gen_shifted_sim_bit_checks[89].check_shifted_sim_bit"	[0.00 s].
0.0.N: Trace Attempt  1	[0.00 s]
0.0.N: Trace Attempt  2	[0.00 s]
0.0.N: Trace Attempt  2	[0.00 s]
0.0.N: Trace Attempt  3	[0.00 s]
0.0.N: Trace Attempt  4	[0.00 s]
0.0.N: Trace Attempt  4	[0.00 s]
0.0.N: Trace Attempt  5	[0.00 s]
0.0.B: Stopped processing property "dna_sequencer.auto_sva_inst.gen_shifted_sim_bit_checks[88].check_shifted_sim_bit"	[0.09 s].
0.0.B: Starting proof for property "dna_sequencer.auto_sva_inst.gen_shifted_sim_bit_checks[89].check_shifted_sim_bit"	[0.00 s].
0.0.B: Trace Attempt  1	[0.00 s]
0.0.B: Trace Attempt  2	[0.00 s]
0.0.B: Trace Attempt  3	[0.00 s]
0.0.B: Trace Attempt  4	[0.00 s]
0.0.B: Trace Attempt  5	[0.00 s]
0.0.Ht: A trace with 181 cycles was found. [4.85 s]
INFO (IPF047): 0.0.Ht: The cover property "dna_sequencer.auto_sva_inst.gen_shifted_sim_bit_checks[89].check_shifted_sim_bit:precondition1" was covered in 181 cycles in 4.85 s.
0.0.Ht: Trace Attempt 182	[4.88 s]
0.0.Ht: Trace Attempt 183	[4.89 s]
0.0.Ht: A trace with 183 cycles was found. [4.90 s]
INFO (IPF055): 0.0.Ht: A counterexample (cex) with 183 cycles was found for the property "dna_sequencer.auto_sva_inst.gen_shifted_sim_bit_checks[89].check_shifted_sim_bit" in 4.90 s.
0.0.N: Stopped processing property "dna_sequencer.auto_sva_inst.gen_shifted_sim_bit_checks[89].check_shifted_sim_bit"	[0.09 s].
0.0.N: Starting proof for property "dna_sequencer.auto_sva_inst.gen_shifted_sim_bit_checks[90].check_shifted_sim_bit"	[0.00 s].
0.0.N: Trace Attempt  1	[0.00 s]
0.0.N: Trace Attempt  2	[0.00 s]
0.0.N: Trace Attempt  2	[0.00 s]
0.0.N: Trace Attempt  3	[0.00 s]
0.0.N: Trace Attempt  4	[0.00 s]
0.0.N: Trace Attempt  4	[0.00 s]
0.0.B: Stopped processing property "dna_sequencer.auto_sva_inst.gen_shifted_sim_bit_checks[89].check_shifted_sim_bit"	[0.09 s].
0.0.B: Starting proof for property "dna_sequencer.auto_sva_inst.gen_shifted_sim_bit_checks[90].check_shifted_sim_bit"	[0.00 s].
0.0.B: Trace Attempt  1	[0.00 s]
0.0.N: Trace Attempt  5	[0.00 s]
0.0.B: Trace Attempt  2	[0.00 s]
0.0.B: Trace Attempt  3	[0.00 s]
0.0.B: Trace Attempt  4	[0.00 s]
0.0.B: Trace Attempt  5	[0.00 s]
0.0.Ht: A trace with 183 cycles was found. [4.94 s]
INFO (IPF047): 0.0.Ht: The cover property "dna_sequencer.auto_sva_inst.gen_shifted_sim_bit_checks[90].check_shifted_sim_bit:precondition1" was covered in 183 cycles in 4.94 s.
0.0.Ht: Trace Attempt 184	[4.97 s]
0.0.Ht: Trace Attempt 185	[4.98 s]
0.0.Ht: A trace with 185 cycles was found. [4.99 s]
INFO (IPF055): 0.0.Ht: A counterexample (cex) with 185 cycles was found for the property "dna_sequencer.auto_sva_inst.gen_shifted_sim_bit_checks[90].check_shifted_sim_bit" in 4.99 s.
0.0.N: Stopped processing property "dna_sequencer.auto_sva_inst.gen_shifted_sim_bit_checks[90].check_shifted_sim_bit"	[0.09 s].
0.0.N: Starting proof for property "dna_sequencer.auto_sva_inst.gen_shifted_sim_bit_checks[91].check_shifted_sim_bit"	[0.00 s].
0.0.N: Trace Attempt  1	[0.00 s]
0.0.N: Trace Attempt  2	[0.00 s]
0.0.N: Trace Attempt  2	[0.00 s]
0.0.N: Trace Attempt  3	[0.00 s]
0.0.N: Trace Attempt  4	[0.00 s]
0.0.N: Trace Attempt  4	[0.00 s]
0.0.N: Trace Attempt  5	[0.00 s]
0.0.B: Stopped processing property "dna_sequencer.auto_sva_inst.gen_shifted_sim_bit_checks[90].check_shifted_sim_bit"	[0.09 s].
0.0.B: Starting proof for property "dna_sequencer.auto_sva_inst.gen_shifted_sim_bit_checks[91].check_shifted_sim_bit"	[0.00 s].
0.0.B: Trace Attempt  1	[0.00 s]
0.0.B: Trace Attempt  2	[0.00 s]
0.0.B: Trace Attempt  3	[0.00 s]
0.0.B: Trace Attempt  4	[0.00 s]
0.0.B: Trace Attempt  5	[0.00 s]
0.0.Ht: A trace with 185 cycles was found. [5.03 s]
INFO (IPF047): 0.0.Ht: The cover property "dna_sequencer.auto_sva_inst.gen_shifted_sim_bit_checks[91].check_shifted_sim_bit:precondition1" was covered in 185 cycles in 5.03 s.
0.0.Ht: Trace Attempt 186	[5.07 s]
0.0.Ht: Trace Attempt 187	[5.07 s]
0.0.Ht: A trace with 187 cycles was found. [5.09 s]
INFO (IPF055): 0.0.Ht: A counterexample (cex) with 187 cycles was found for the property "dna_sequencer.auto_sva_inst.gen_shifted_sim_bit_checks[91].check_shifted_sim_bit" in 5.09 s.
0.0.N: Stopped processing property "dna_sequencer.auto_sva_inst.gen_shifted_sim_bit_checks[91].check_shifted_sim_bit"	[0.09 s].
0.0.N: Starting proof for property "dna_sequencer.auto_sva_inst.gen_shifted_sim_bit_checks[92].check_shifted_sim_bit"	[0.00 s].
0.0.N: Trace Attempt  1	[0.00 s]
0.0.N: Trace Attempt  2	[0.00 s]
0.0.N: Trace Attempt  2	[0.00 s]
0.0.N: Trace Attempt  3	[0.00 s]
0.0.N: Trace Attempt  4	[0.00 s]
0.0.N: Trace Attempt  4	[0.00 s]
0.0.B: Stopped processing property "dna_sequencer.auto_sva_inst.gen_shifted_sim_bit_checks[91].check_shifted_sim_bit"	[0.09 s].
0.0.B: Starting proof for property "dna_sequencer.auto_sva_inst.gen_shifted_sim_bit_checks[92].check_shifted_sim_bit"	[0.00 s].
0.0.B: Trace Attempt  1	[0.00 s]
0.0.N: Trace Attempt  5	[0.00 s]
0.0.B: Trace Attempt  2	[0.00 s]
0.0.B: Trace Attempt  3	[0.00 s]
0.0.B: Trace Attempt  4	[0.00 s]
0.0.B: Trace Attempt  5	[0.00 s]
0.0.Ht: A trace with 187 cycles was found. [5.13 s]
INFO (IPF047): 0.0.Ht: The cover property "dna_sequencer.auto_sva_inst.gen_shifted_sim_bit_checks[92].check_shifted_sim_bit:precondition1" was covered in 187 cycles in 5.12 s.
0.0.Ht: Trace Attempt 188	[5.16 s]
0.0.Ht: Trace Attempt 189	[5.17 s]
0.0.Ht: A trace with 189 cycles was found. [5.18 s]
INFO (IPF055): 0.0.Ht: A counterexample (cex) with 189 cycles was found for the property "dna_sequencer.auto_sva_inst.gen_shifted_sim_bit_checks[92].check_shifted_sim_bit" in 5.19 s.
0.0.N: Stopped processing property "dna_sequencer.auto_sva_inst.gen_shifted_sim_bit_checks[92].check_shifted_sim_bit"	[0.10 s].
0.0.N: Starting proof for property "dna_sequencer.auto_sva_inst.gen_shifted_sim_bit_checks[93].check_shifted_sim_bit"	[0.00 s].
0.0.N: Trace Attempt  1	[0.00 s]
0.0.N: Trace Attempt  2	[0.00 s]
0.0.N: Trace Attempt  2	[0.00 s]
0.0.N: Trace Attempt  3	[0.00 s]
0.0.N: Trace Attempt  4	[0.00 s]
0.0.N: Trace Attempt  4	[0.00 s]
0.0.N: Trace Attempt  5	[0.00 s]
0.0.B: Stopped processing property "dna_sequencer.auto_sva_inst.gen_shifted_sim_bit_checks[92].check_shifted_sim_bit"	[0.10 s].
0.0.B: Starting proof for property "dna_sequencer.auto_sva_inst.gen_shifted_sim_bit_checks[93].check_shifted_sim_bit"	[0.00 s].
0.0.B: Trace Attempt  1	[0.00 s]
0.0.B: Trace Attempt  2	[0.00 s]
0.0.B: Trace Attempt  3	[0.00 s]
0.0.B: Trace Attempt  4	[0.00 s]
0.0.B: Trace Attempt  5	[0.00 s]
0.0.Ht: A trace with 189 cycles was found. [5.23 s]
INFO (IPF047): 0.0.Ht: The cover property "dna_sequencer.auto_sva_inst.gen_shifted_sim_bit_checks[93].check_shifted_sim_bit:precondition1" was covered in 189 cycles in 5.23 s.
0.0.Ht: Trace Attempt 190	[5.26 s]
0.0.Ht: Trace Attempt 191	[5.27 s]
0.0.Ht: A trace with 191 cycles was found. [5.29 s]
INFO (IPF055): 0.0.Ht: A counterexample (cex) with 191 cycles was found for the property "dna_sequencer.auto_sva_inst.gen_shifted_sim_bit_checks[93].check_shifted_sim_bit" in 5.30 s.
0.0.N: Stopped processing property "dna_sequencer.auto_sva_inst.gen_shifted_sim_bit_checks[93].check_shifted_sim_bit"	[0.10 s].
0.0.N: Starting proof for property "dna_sequencer.auto_sva_inst.gen_shifted_sim_bit_checks[94].check_shifted_sim_bit"	[0.00 s].
0.0.N: Trace Attempt  1	[0.00 s]
0.0.N: Trace Attempt  2	[0.00 s]
0.0.N: Trace Attempt  2	[0.00 s]
0.0.N: Trace Attempt  3	[0.00 s]
0.0.N: Trace Attempt  4	[0.00 s]
0.0.N: Trace Attempt  4	[0.00 s]
0.0.N: Trace Attempt  5	[0.00 s]
0.0.B: Stopped processing property "dna_sequencer.auto_sva_inst.gen_shifted_sim_bit_checks[93].check_shifted_sim_bit"	[0.10 s].
0.0.B: Starting proof for property "dna_sequencer.auto_sva_inst.gen_shifted_sim_bit_checks[94].check_shifted_sim_bit"	[0.00 s].
0.0.B: Trace Attempt  1	[0.00 s]
0.0.B: Trace Attempt  2	[0.00 s]
0.0.B: Trace Attempt  3	[0.00 s]
0.0.B: Trace Attempt  4	[0.00 s]
0.0.B: Trace Attempt  5	[0.00 s]
0.0.Ht: A trace with 191 cycles was found. [5.33 s]
INFO (IPF047): 0.0.Ht: The cover property "dna_sequencer.auto_sva_inst.gen_shifted_sim_bit_checks[94].check_shifted_sim_bit:precondition1" was covered in 191 cycles in 5.33 s.
0.0.Ht: Trace Attempt 192	[5.37 s]
0.0.Ht: Trace Attempt 193	[5.38 s]
0.0.Ht: A trace with 193 cycles was found. [5.40 s]
INFO (IPF055): 0.0.Ht: A counterexample (cex) with 193 cycles was found for the property "dna_sequencer.auto_sva_inst.gen_shifted_sim_bit_checks[94].check_shifted_sim_bit" in 5.42 s.
0.0.N: Stopped processing property "dna_sequencer.auto_sva_inst.gen_shifted_sim_bit_checks[94].check_shifted_sim_bit"	[0.12 s].
0.0.N: Starting proof for property "dna_sequencer.auto_sva_inst.gen_shifted_sim_bit_checks[95].check_shifted_sim_bit"	[0.00 s].
0.0.N: Trace Attempt  1	[0.00 s]
0.0.N: Trace Attempt  2	[0.00 s]
0.0.N: Trace Attempt  2	[0.00 s]
0.0.N: Trace Attempt  3	[0.00 s]
0.0.N: Trace Attempt  4	[0.00 s]
0.0.N: Trace Attempt  4	[0.00 s]
0.0.N: Trace Attempt  5	[0.00 s]
0.0.B: Stopped processing property "dna_sequencer.auto_sva_inst.gen_shifted_sim_bit_checks[94].check_shifted_sim_bit"	[0.12 s].
0.0.B: Starting proof for property "dna_sequencer.auto_sva_inst.gen_shifted_sim_bit_checks[95].check_shifted_sim_bit"	[0.00 s].
0.0.B: Trace Attempt  1	[0.00 s]
0.0.B: Trace Attempt  2	[0.00 s]
0.0.B: Trace Attempt  3	[0.00 s]
0.0.B: Trace Attempt  4	[0.00 s]
0.0.B: Trace Attempt  5	[0.00 s]
0.0.Ht: A trace with 193 cycles was found. [5.45 s]
INFO (IPF047): 0.0.Ht: The cover property "dna_sequencer.auto_sva_inst.gen_shifted_sim_bit_checks[95].check_shifted_sim_bit:precondition1" was covered in 193 cycles in 5.46 s.
0.0.Ht: A trace with 193 cycles was found. [5.49 s]
INFO (IPF047): 0.0.Ht: The cover property "dna_sequencer.auto_sva_inst.check_shift_pipeline_delay:precondition1" was covered in 193 cycles in 5.49 s.
0.0.Ht: Trace Attempt 194	[5.51 s]
0.0.Ht: Trace Attempt 195	[5.51 s]
0.0.Ht: A trace with 195 cycles was found. [5.53 s]
INFO (IPF055): 0.0.Ht: A counterexample (cex) with 195 cycles was found for the property "dna_sequencer.auto_sva_inst.gen_shifted_sim_bit_checks[95].check_shifted_sim_bit" in 5.54 s.
0.0.N: Stopped processing property "dna_sequencer.auto_sva_inst.gen_shifted_sim_bit_checks[95].check_shifted_sim_bit"	[0.12 s].
0.0.N: Last scan. Per property time limit: 0s
0.0.N: Starting proof for property "dna_sequencer.auto_sva_inst.check_shift_pipeline_delay"	[0.00 s].
0.0.N: Trace Attempt  1	[0.00 s]
0.0.N: Trace Attempt  2	[0.00 s]
0.0.N: Trace Attempt  2	[0.00 s]
0.0.N: Trace Attempt  3	[0.00 s]
0.0.N: Trace Attempt  4	[0.00 s]
0.0.N: Trace Attempt  4	[0.00 s]
0.0.N: Trace Attempt  5	[0.00 s]
0.0.B: Stopped processing property "dna_sequencer.auto_sva_inst.gen_shifted_sim_bit_checks[95].check_shifted_sim_bit"	[0.12 s].
0.0.B: Last scan. Per property time limit: 0s
0.0.B: Starting proof for property "dna_sequencer.auto_sva_inst.check_shift_pipeline_delay"	[0.00 s].
0.0.B: Trace Attempt  1	[0.00 s]
0.0.B: Trace Attempt  2	[0.00 s]
0.0.B: Trace Attempt  3	[0.00 s]
0.0.B: Trace Attempt  4	[0.00 s]
0.0.B: Trace Attempt  5	[0.00 s]
0.0.N: Requesting engine job to stop
0.0.B: Requesting engine job to stop
0.0.Hp: Requesting engine job to terminate
0.0.Ht: Requesting engine job to terminate
INFO (IPF144): 0: Initiating shutdown of proof [5.73 s]
0.0.Ht: A trace with 195 cycles was found. [5.57 s]
INFO (IPF055): 0.0.Ht: A counterexample (cex) with 195 cycles was found for the property "dna_sequencer.auto_sva_inst.check_shift_pipeline_delay" in 5.57 s.
0.0.N: Stopped processing property "dna_sequencer.auto_sva_inst.check_shift_pipeline_delay"	[0.03 s].
0.0.N: Trace Attempt 18	[0.04 s]
0.0.N: All properties determined. [0.04 s]
0.0.B: Stopped processing property "dna_sequencer.auto_sva_inst.check_shift_pipeline_delay"	[0.03 s].
0.0.B: Trace Attempt 33	[0.03 s]
0.0.B: All properties determined. [0.04 s]
0.0.N: Exited with Success (@ 5.73 s)
0: ProofGrid usable level: 0
0.0.Ht: All properties determined. [5.58 s]
0.0.B: Exited with Success (@ 5.76 s)
0.0.Hp: Interrupted (multi)
0.0.Hp: All properties determined. [5.76 s]
0.0.Ht: Exited with Success (@ 5.76 s)
0.0.Hp: Exited with Success (@ 5.76 s)
0: --------------------------------------------------------------
ProofGrid Summary (utilization 98.51 %)
--------------------------------------------------------------
     engines started                               :     4
     engine jobs started                           :     4

    Average time in state (seconds)
    ------------------------------------------------------
    Engine  Pending     Running        Dead    Utilization
    ------------------------------------------------------
      N        0.06        5.73        0.00       98.92 %
     Hp        0.06        5.73        0.00       99.05 %
     Ht        0.15        5.58        0.00       97.43 %
      B        0.08        5.65        0.00       98.63 %
    all        0.09        5.67        0.00       98.51 %

    Total time in state (seconds)
    -----------------------------------------
            Pending     Running        Dead  
    -----------------------------------------
               0.34       22.68        0.00

    Data read    : 8.53 MiB
    Data written : 192.94 kiB

0: All pending notifications were processed.
INFO (IPF059): Completed proof on task: "<embedded>" for proof thread 0

==============================================================
SUMMARY
==============================================================
           Properties Considered              : 200
                 assertions                   : 100
                  - proven                    : 0 (0%)
                  - bounded_proven (user)     : 0 (0%)
                  - bounded_proven (auto)     : 0 (0%)
                  - marked_proven             : 0 (0%)
                  - cex                       : 100 (100%)
                  - ar_cex                    : 0 (0%)
                  - undetermined              : 0 (0%)
                  - unknown                   : 0 (0%)
                  - error                     : 0 (0%)
                 covers                       : 100
                  - unreachable               : 0 (0%)
                  - bounded_unreachable (user): 0 (0%)
                  - covered                   : 100 (100%)
                  - ar_covered                : 0 (0%)
                  - undetermined              : 0 (0%)
                  - unknown                   : 0 (0%)
                  - error                     : 0 (0%)
[<embedded>] % 
[<embedded>] % # ---- Covers (best effort) ----
[<embedded>] % catch { cover -all }
1
[<embedded>] % 
[<embedded>] % # ---- Collect CEX details ----
[<embedded>] % set CEX_TXT [file join $OUT_DIR "cex_details.txt"]
/home/ab2113/malik25_26/veri_thoughts/dataset/verification_results/version_2/ids/05013/cex_details.txt
[<embedded>] % set cex_props {}
[<embedded>] % catch { set cex_props [get_property_list -include {status cex}] }
0
[<embedded>] % set ar_cex_props {}
[<embedded>] % catch { set ar_cex_props [get_property_list -include {status ar_cex}] }
WARNING (WPM042): No properties matched the specified filters.
0
[<embedded>] % 
[<embedded>] % set fp_cex [open $CEX_TXT "w"]
file43
[<embedded>] % puts $fp_cex "# Counter-example details for DESIGN_ID=$DESIGN_ID"
[<embedded>] % puts $fp_cex "# Format: property_name | cex_type | cex_length"
[<embedded>] % puts $fp_cex ""
[<embedded>] % 
[<embedded>] % foreach prop $cex_props {
  set cex_len ""
  catch { set cex_len [get_property_info -prop $prop cex_length] }
  puts $fp_cex "$prop | cex | $cex_len"
}
[<embedded>] % foreach prop $ar_cex_props {
  set cex_len ""
  catch { set cex_len [get_property_info -prop $prop cex_length] }
  puts $fp_cex "$prop | ar_cex | $cex_len"
}
[<embedded>] % close $fp_cex
[<embedded>] % 
[<embedded>] % set n_cex    [llength $cex_props]
100
[<embedded>] % set n_ar_cex [llength $ar_cex_props]
0
[<embedded>] % puts "INFO: CEX properties: $n_cex cex, $n_ar_cex ar_cex"
INFO: CEX properties: 100 cex, 0 ar_cex
[<embedded>] % puts "INFO: Wrote $CEX_TXT"
INFO: Wrote /home/ab2113/malik25_26/veri_thoughts/dataset/verification_results/version_2/ids/05013/cex_details.txt
[<embedded>] % 
[<embedded>] % # ---- Write summary ----
[<embedded>] % set fp [open $SUMMARY_TXT "w"]
file43
[<embedded>] % puts $fp "DESIGN_ID=$DESIGN_ID"
[<embedded>] % puts $fp "TOP=$TOP"
[<embedded>] % puts $fp "AUTO_BIND=$AUTO_BIND"
[<embedded>] % puts $fp "ASSERT_COUNT=[llength $ASSERTS]"
[<embedded>] % puts $fp "COVER_COUNT=[llength $COVERS]"
[<embedded>] % puts $fp "CEX_COUNT=$n_cex"
[<embedded>] % puts $fp "AR_CEX_COUNT=$n_ar_cex"
[<embedded>] % puts $fp "PROP_LIST=$PROP_LIST_TXT"
[<embedded>] % puts $fp "CEX_DETAILS=$CEX_TXT"
[<embedded>] % close $fp
[<embedded>] % 
[<embedded>] % puts "\n✅ DONE: Proof run completed (check Jasper property table / log for PROVED/FAILED)"

✅ DONE: Proof run completed (check Jasper property table / log for PROVED/FAILED)
[<embedded>] % puts "INFO: Wrote $SUMMARY_TXT"
INFO: Wrote /home/ab2113/malik25_26/veri_thoughts/dataset/verification_results/version_2/ids/05013/summary.txt
[<embedded>] % puts "INFO: Wrote $PROP_LIST_TXT"
INFO: Wrote /home/ab2113/malik25_26/veri_thoughts/dataset/verification_results/version_2/ids/05013/property_list.txt
[<embedded>] % exit 0
[<embedded>] % INFO (IPL005): Received request to exit from the console.
INFO (IPL014): Waiting for the Tcl-thread to exit.
INFO: Waiting for proof threads to stop...
INFO: Proof threads stopped.
INFO (IPL018): The peak resident set memory use for this session was 0.368 GB.
INFO (IPL015): The Tcl-thread exited with status 0.
INFO (IPL016): Exiting the analysis session with status 0.
