folder_id,relative_path,filename,ext,num_lines,num_nonempty_lines,num_comment_lines,num_code_lines,num_chars,est_tokens_whitespace,est_tokens_char4,num_assert,num_assume,num_cover,num_property,asserts_per_100_loc,has_assert,has_property
03815,03815/sva.sv,sva.sv,.sv,64,51,12,39,2378,315,594,6,0,8,14,15.384615384615385,True,True
03029,03029/sva.sv,sva.sv,.sv,56,44,13,31,1994,288,498,7,0,7,14,22.58064516129032,True,True
04802,04802/sva.sv,sva.sv,.sv,60,52,11,41,2518,315,630,8,0,4,13,19.51219512195122,True,True
01128,01128/sva.sv,sva.sv,.sv,58,47,10,37,2209,307,552,4,0,9,13,10.81081081081081,True,True
01914,01914/sva.sv,sva.sv,.sv,115,100,15,85,4226,473,1056,18,0,3,21,21.176470588235293,True,True
04668,04668/sva.sv,sva.sv,.sv,45,37,8,29,2253,267,563,8,0,10,18,27.586206896551722,True,True
00832,00832/sva.sv,sva.sv,.sv,93,77,7,70,3167,393,792,9,0,11,20,12.857142857142856,True,True
02759,02759/sva.sv,sva.sv,.sv,90,66,11,55,4093,418,1023,32,0,8,40,58.18181818181818,True,True
02933,02933/sva.sv,sva.sv,.sv,37,30,6,24,1841,262,460,6,0,6,12,25.0,True,True
00658,00658/sva.sv,sva.sv,.sv,57,47,9,38,2211,248,553,5,0,6,11,13.157894736842104,True,True
01325,01325/sva.sv,sva.sv,.sv,63,49,14,35,2552,332,638,11,0,6,17,31.428571428571427,True,True
04657,04657/sva.sv,sva.sv,.sv,91,74,10,64,3368,357,842,12,0,5,17,18.75,True,True
03472,03472/sva.sv,sva.sv,.sv,53,44,7,37,2242,264,560,4,0,8,14,10.81081081081081,True,True
03640,03640/sva.sv,sva.sv,.sv,26,24,4,20,973,121,243,3,0,2,2,15.0,True,True
02792,02792/sva.sv,sva.sv,.sv,73,61,13,48,3181,357,795,4,0,12,16,8.333333333333332,True,True
01117,01117/sva.sv,sva.sv,.sv,95,82,14,68,3978,449,994,8,0,6,14,11.76470588235294,True,True
04465,04465/sva.sv,sva.sv,.sv,187,163,23,140,6001,745,1500,36,0,11,47,25.71428571428571,True,True
03224,03224/sva.sv,sva.sv,.sv,61,53,22,31,3128,390,782,15,0,7,22,48.38709677419355,True,True
01573,01573/sva.sv,sva.sv,.sv,60,47,11,36,2863,330,716,18,0,4,22,50.0,True,True
04001,04001/sva.sv,sva.sv,.sv,85,73,10,63,3535,392,884,10,0,10,10,15.873015873015872,True,True
00693,00693/sva.sv,sva.sv,.sv,44,36,7,29,1429,242,357,3,0,4,10,10.344827586206897,True,True
01741,01741/sva.sv,sva.sv,.sv,90,79,11,68,4387,339,1097,11,0,4,16,16.176470588235293,True,True
04233,04233/sva.sv,sva.sv,.sv,105,88,34,54,4572,533,1143,19,0,5,24,35.18518518518518,True,True
03016,03016/sva.sv,sva.sv,.sv,123,100,40,60,5415,680,1354,30,3,4,37,50.0,True,True
02302,02302/sva.sv,sva.sv,.sv,76,64,12,52,3096,376,774,13,0,6,19,25.0,True,True
00455,00455/sva.sv,sva.sv,.sv,54,39,16,23,2069,282,517,7,0,7,14,30.434782608695656,True,True
01587,01587/sva.sv,sva.sv,.sv,60,49,8,41,2604,327,651,9,0,7,16,21.951219512195124,True,True
00667,00667/sva.sv,sva.sv,.sv,84,66,17,49,3294,367,824,9,0,7,16,18.367346938775512,True,True
02130,02130/sva.sv,sva.sv,.sv,82,73,10,63,2581,353,645,6,0,3,0,9.523809523809524,True,False
00203,00203/sva.sv,sva.sv,.sv,101,88,23,65,3202,412,800,8,0,5,13,12.307692307692308,True,True
03486,03486/sva.sv,sva.sv,.sv,92,82,7,75,3741,379,935,2,0,4,8,2.666666666666667,True,True
02554,02554/sva.sv,sva.sv,.sv,87,73,13,60,4029,504,1007,15,0,13,28,25.0,True,True
02766,02766/sva.sv,sva.sv,.sv,139,125,19,106,5614,632,1404,13,0,5,18,12.264150943396226,True,True
00031,00031/sva.sv,sva.sv,.sv,95,83,12,71,3963,466,991,13,0,8,21,18.30985915492958,True,True
04491,04491/sva.sv,sva.sv,.sv,108,92,15,77,4155,448,1039,20,0,6,23,25.97402597402597,True,True
02934,02934/sva.sv,sva.sv,.sv,74,64,7,57,2351,331,588,4,0,2,0,7.017543859649122,True,False
02108,02108/sva.sv,sva.sv,.sv,75,65,13,52,4104,386,1026,8,0,16,23,15.384615384615385,True,True
00009,00009/sva.sv,sva.sv,.sv,37,30,6,24,1738,195,434,9,0,6,15,37.5,True,True
00835,00835/sva.sv,sva.sv,.sv,126,108,20,88,5058,554,1264,18,0,4,23,20.454545454545457,True,True
02598,02598/sva.sv,sva.sv,.sv,54,46,8,38,2187,351,547,7,0,12,19,18.421052631578945,True,True
01913,01913/sva.sv,sva.sv,.sv,60,51,8,43,2482,352,620,9,0,10,16,20.930232558139537,True,True
03678,03678/sva.sv,sva.sv,.sv,61,52,8,44,2520,243,630,8,0,9,17,18.181818181818183,True,True
00499,00499/sva.sv,sva.sv,.sv,116,102,33,69,4719,475,1180,9,0,6,16,13.043478260869565,True,True
04039,04039/sva.sv,sva.sv,.sv,49,38,10,28,1804,241,451,8,0,4,10,28.57142857142857,True,True
03812,03812/sva.sv,sva.sv,.sv,59,51,10,41,2356,371,589,7,0,17,24,17.073170731707318,True,True
01779,01779/sva.sv,sva.sv,.sv,66,54,11,43,3786,331,946,20,0,3,23,46.51162790697674,True,True
02761,02761/sva.sv,sva.sv,.sv,48,40,6,34,1626,213,406,3,0,3,3,8.823529411764707,True,True
00036,00036/sva.sv,sva.sv,.sv,55,47,11,36,2066,227,516,5,0,5,10,13.88888888888889,True,True
04496,04496/sva.sv,sva.sv,.sv,82,69,16,53,2695,338,674,8,0,4,12,15.09433962264151,True,True
00204,00204/sva.sv,sva.sv,.sv,53,44,5,39,1517,195,379,3,0,5,8,7.6923076923076925,True,True
03481,03481/sva.sv,sva.sv,.sv,52,41,9,32,1738,224,434,6,0,3,9,18.75,True,True
02553,02553/sva.sv,sva.sv,.sv,96,73,12,61,3831,371,958,10,0,12,25,16.39344262295082,True,True
00660,00660/sva.sv,sva.sv,.sv,45,38,8,30,2304,324,576,10,0,7,17,33.33333333333333,True,True
02137,02137/sva.sv,sva.sv,.sv,34,27,7,20,1249,172,312,5,0,5,10,25.0,True,True
02305,02305/sva.sv,sva.sv,.sv,63,53,12,41,2757,410,689,4,0,12,16,9.75609756097561,True,True
00452,00452/sva.sv,sva.sv,.sv,65,55,11,44,3026,431,756,6,0,7,12,13.636363636363635,True,True
01580,01580/sva.sv,sva.sv,.sv,83,75,20,55,3588,416,897,9,0,13,0,16.363636363636363,True,False
00694,00694/sva.sv,sva.sv,.sv,76,67,11,56,2893,365,723,12,0,20,0,21.428571428571427,True,False
01746,01746/sva.sv,sva.sv,.sv,108,91,9,82,4891,575,1223,14,0,18,32,17.073170731707318,True,True
04234,04234/sva.sv,sva.sv,.sv,54,40,19,21,2319,305,580,8,2,2,10,38.095238095238095,True,True
03011,03011/sva.sv,sva.sv,.sv,169,145,28,117,5640,869,1410,5,0,15,21,4.273504273504273,True,True
03223,03223/sva.sv,sva.sv,.sv,46,38,7,31,2314,325,578,9,0,7,16,29.03225806451613,True,True
01574,01574/sva.sv,sva.sv,.sv,166,135,18,117,7936,509,1984,15,0,14,28,12.82051282051282,True,True
04006,04006/sva.sv,sva.sv,.sv,132,111,16,95,5297,609,1324,24,0,6,30,25.263157894736842,True,True
03647,03647/sva.sv,sva.sv,.sv,93,79,19,60,3234,407,808,9,0,12,21,15.0,True,True
02795,02795/sva.sv,sva.sv,.sv,76,68,10,58,2972,371,743,6,0,15,21,10.344827586206897,True,True
01110,01110/sva.sv,sva.sv,.sv,100,78,13,65,3573,340,893,10,1,4,15,15.384615384615385,True,True
04462,04462/sva.sv,sva.sv,.sv,69,56,12,44,3167,411,792,8,0,9,17,18.181818181818183,True,True
01322,01322/sva.sv,sva.sv,.sv,80,63,11,52,3988,351,997,22,0,9,27,42.30769230769231,True,True
04650,04650/sva.sv,sva.sv,.sv,35,28,7,21,1716,189,429,8,0,3,11,38.095238095238095,True,True
03475,03475/sva.sv,sva.sv,.sv,77,64,19,45,2890,317,722,7,0,9,0,15.555555555555555,True,False
03488,03488/sva.sv,sva.sv,.sv,69,56,14,42,2860,332,715,8,0,7,13,19.047619047619047,True,True
02768,02768/sva.sv,sva.sv,.sv,52,42,8,34,1675,228,419,8,0,7,15,23.52941176470588,True,True
00803,00803/sva.sv,sva.sv,.sv,98,82,11,71,4025,421,1006,13,0,6,19,18.30985915492958,True,True
01589,01589/sva.sv,sva.sv,.sv,88,71,15,56,3513,428,878,11,0,8,19,19.642857142857142,True,True
00669,00669/sva.sv,sva.sv,.sv,73,61,13,48,3728,428,932,9,0,14,32,18.75,True,True
02902,02902/sva.sv,sva.sv,.sv,90,78,16,62,4636,594,1159,4,0,26,34,6.451612903225806,True,True
03824,03824/sva.sv,sva.sv,.sv,206,184,31,153,8182,997,2046,27,0,11,38,17.647058823529413,True,True
03018,03018/sva.sv,sva.sv,.sv,97,86,9,77,3956,629,989,6,0,36,42,7.792207792207792,True,True
04659,04659/sva.sv,sva.sv,.sv,73,62,10,52,2496,327,624,10,0,5,13,19.230769230769234,True,True
01119,01119/sva.sv,sva.sv,.sv,72,54,17,37,3156,425,789,12,0,6,18,32.432432432432435,True,True
01925,01925/sva.sv,sva.sv,.sv,64,55,6,49,2293,304,573,6,0,10,16,12.244897959183673,True,True
02101,02101/sva.sv,sva.sv,.sv,115,98,11,87,4987,530,1247,27,0,6,33,31.03448275862069,True,True
01784,01784/sva.sv,sva.sv,.sv,60,49,10,39,3143,372,786,11,0,10,21,28.205128205128204,True,True
00656,00656/sva.sv,sva.sv,.sv,107,85,21,64,6042,551,1510,33,0,5,38,51.5625,True,True
00464,00464/sva.sv,sva.sv,.sv,50,41,9,32,2430,283,608,13,0,8,21,40.625,True,True
02333,02333/sva.sv,sva.sv,.sv,151,134,8,126,4782,572,1196,21,0,28,0,16.666666666666664,True,False
00000,00000/sva.sv,sva.sv,.sv,46,40,11,29,1766,192,442,2,0,5,8,6.896551724137931,True,True
02757,02757/sva.sv,sva.sv,.sv,53,43,10,33,2105,256,526,9,0,10,19,27.27272727272727,True,True
03685,03685/sva.sv,sva.sv,.sv,165,130,18,112,6270,568,1568,22,0,4,26,19.642857142857142,True,True
02565,02565/sva.sv,sva.sv,.sv,55,47,7,40,1810,259,452,3,0,8,14,7.5,True,True
00232,00232/sva.sv,sva.sv,.sv,91,79,13,66,3878,461,970,9,0,16,0,13.636363636363635,True,False
04692,04692/sva.sv,sva.sv,.sv,39,30,11,19,1633,180,408,5,0,7,12,26.31578947368421,True,True
01126,01126/sva.sv,sva.sv,.sv,126,109,17,92,5911,572,1478,21,0,13,22,22.82608695652174,True,True
04454,04454/sva.sv,sva.sv,.sv,88,79,10,69,2827,369,707,3,0,4,10,4.3478260869565215,True,True
03671,03671/sva.sv,sva.sv,.sv,105,84,29,55,3349,437,837,14,0,12,27,25.454545454545453,True,True
02591,02591/sva.sv,sva.sv,.sv,125,104,16,88,4710,564,1178,21,0,7,25,23.863636363636363,True,True
03443,03443/sva.sv,sva.sv,.sv,47,34,12,22,1698,234,424,7,0,3,10,31.818181818181817,True,True
01314,01314/sva.sv,sva.sv,.sv,93,75,11,64,3518,363,880,22,0,6,28,34.375,True,True
04666,04666/sva.sv,sva.sv,.sv,118,98,43,55,5144,543,1286,12,0,6,17,21.818181818181817,True,True
03027,03027/sva.sv,sva.sv,.sv,57,43,10,33,2470,246,618,13,0,6,14,39.39393939393939,True,True
01770,01770/sva.sv,sva.sv,.sv,69,55,17,38,2543,337,636,5,2,8,18,13.157894736842104,True,True
04202,04202/sva.sv,sva.sv,.sv,61,52,11,41,2011,236,503,10,0,7,17,24.390243902439025,True,True
01542,01542/sva.sv,sva.sv,.sv,88,73,15,58,3509,387,877,20,0,13,33,34.48275862068966,True,True
00490,00490/sva.sv,sva.sv,.sv,68,57,11,46,2054,250,514,4,0,2,10,8.695652173913043,True,True
04030,04030/sva.sv,sva.sv,.sv,68,54,11,43,3347,378,837,11,0,7,18,25.581395348837212,True,True
03215,03215/sva.sv,sva.sv,.sv,47,39,10,29,1647,226,412,8,0,7,15,27.586206896551722,True,True
03649,03649/sva.sv,sva.sv,.sv,39,32,7,25,1482,216,370,6,0,3,9,24.0,True,True
01922,01922/sva.sv,sva.sv,.sv,30,24,7,17,1086,171,272,1,0,7,8,5.88235294117647,True,True
01748,01748/sva.sv,sva.sv,.sv,34,28,6,22,1154,166,288,4,0,2,6,18.181818181818183,True,True
03823,03823/sva.sv,sva.sv,.sv,53,45,10,35,2104,287,526,7,0,7,14,20.0,True,True
04008,04008/sva.sv,sva.sv,.sv,65,53,13,40,2585,288,646,9,0,5,14,22.5,True,True
02905,02905/sva.sv,sva.sv,.sv,53,43,11,32,2316,294,579,3,0,13,19,9.375,True,True
02139,02139/sva.sv,sva.sv,.sv,83,70,13,57,3376,528,844,11,0,1,12,19.298245614035086,True,True
00038,00038/sva.sv,sva.sv,.sv,38,29,9,20,1697,220,424,3,0,10,13,15.0,True,True
00804,00804/sva.sv,sva.sv,.sv,42,35,7,28,1967,244,492,10,0,3,12,35.714285714285715,True,True
04498,04498/sva.sv,sva.sv,.sv,55,44,11,33,2584,380,646,9,0,14,23,27.27272727272727,True,True
01545,01545/sva.sv,sva.sv,.sv,67,53,10,43,2105,308,526,8,0,7,15,18.6046511627907,True,True
00497,00497/sva.sv,sva.sv,.sv,49,37,9,28,2038,309,510,11,0,7,18,39.285714285714285,True,True
04037,04037/sva.sv,sva.sv,.sv,87,72,11,61,2976,389,744,8,0,7,15,13.114754098360656,True,True
03212,03212/sva.sv,sva.sv,.sv,110,87,14,73,5655,650,1414,42,0,3,45,57.534246575342465,True,True
03020,03020/sva.sv,sva.sv,.sv,63,52,10,42,1995,327,499,6,0,9,14,14.285714285714285,True,True
01777,01777/sva.sv,sva.sv,.sv,49,40,12,28,2020,254,505,6,0,4,8,21.428571428571427,True,True
04205,04205/sva.sv,sva.sv,.sv,69,58,11,47,3062,269,766,16,0,2,18,34.04255319148936,True,True
02596,02596/sva.sv,sva.sv,.sv,226,196,22,174,8223,839,2056,31,0,3,14,17.81609195402299,True,True
03444,03444/sva.sv,sva.sv,.sv,44,33,5,28,1830,207,458,6,0,8,14,21.428571428571427,True,True
01313,01313/sva.sv,sva.sv,.sv,62,50,13,37,2521,314,630,6,0,3,9,16.216216216216218,True,True
04661,04661/sva.sv,sva.sv,.sv,40,34,5,29,1724,156,431,6,0,4,10,20.689655172413794,True,True
01121,01121/sva.sv,sva.sv,.sv,35,30,6,24,1108,154,277,3,0,2,6,12.5,True,True
04453,04453/sva.sv,sva.sv,.sv,120,95,20,75,4326,507,1082,19,0,17,36,25.333333333333336,True,True
03676,03676/sva.sv,sva.sv,.sv,101,86,12,74,4018,428,1004,15,0,9,24,20.27027027027027,True,True
02562,02562/sva.sv,sva.sv,.sv,60,53,9,44,2213,347,553,13,0,8,21,29.545454545454547,True,True
00235,00235/sva.sv,sva.sv,.sv,56,46,18,28,2677,339,669,14,0,4,18,50.0,True,True
04695,04695/sva.sv,sva.sv,.sv,187,163,15,148,8269,755,2067,28,0,18,46,18.91891891891892,True,True
00007,00007/sva.sv,sva.sv,.sv,129,105,32,73,5577,557,1394,39,0,5,44,53.42465753424658,True,True
02750,02750/sva.sv,sva.sv,.sv,63,51,11,40,3359,635,840,11,0,18,29,27.500000000000004,True,True
03682,03682/sva.sv,sva.sv,.sv,66,56,18,38,3402,426,850,11,0,6,17,28.947368421052634,True,True
00463,00463/sva.sv,sva.sv,.sv,38,33,7,26,1353,171,338,4,0,1,5,15.384615384615385,True,True
02334,02334/sva.sv,sva.sv,.sv,71,60,11,49,2633,405,658,6,0,13,0,12.244897959183673,True,False
02106,02106/sva.sv,sva.sv,.sv,36,29,6,23,1288,143,322,5,0,4,8,21.73913043478261,True,True
01783,01783/sva.sv,sva.sv,.sv,48,39,6,33,1974,236,494,2,0,14,16,6.0606060606060606,True,True
00651,00651/sva.sv,sva.sv,.sv,100,83,12,71,5984,541,1496,37,0,5,42,52.112676056338024,True,True
04251,04251/sva.sv,sva.sv,.sv,128,108,18,90,4062,493,1016,18,0,6,24,20.0,True,True
01723,01723/sva.sv,sva.sv,.sv,55,44,8,36,1566,203,392,7,0,1,9,19.444444444444446,True,True
03074,03074/sva.sv,sva.sv,.sv,45,36,9,27,1907,284,477,6,0,7,13,22.22222222222222,True,True
03848,03848/sva.sv,sva.sv,.sv,81,63,23,40,3822,491,956,20,0,8,28,50.0,True,True
03246,03246/sva.sv,sva.sv,.sv,93,84,18,66,3490,449,872,5,0,13,23,7.575757575757576,True,True
02394,02394/sva.sv,sva.sv,.sv,70,58,11,47,2506,276,626,5,0,3,8,10.638297872340425,True,True
04063,04063/sva.sv,sva.sv,.sv,109,95,12,83,4340,530,1085,23,0,9,32,27.710843373493976,True,True
01511,01511/sva.sv,sva.sv,.sv,126,102,17,85,6348,616,1587,18,0,7,31,21.176470588235293,True,True
03622,03622/sva.sv,sva.sv,.sv,29,23,7,16,1656,285,414,7,0,5,11,43.75,True,True
04407,04407/sva.sv,sva.sv,.sv,75,65,11,54,3030,446,758,17,0,13,0,31.48148148148148,True,False
01949,01949/sva.sv,sva.sv,.sv,55,45,8,37,1819,220,455,6,0,5,11,16.216216216216218,True,True
01175,01175/sva.sv,sva.sv,.sv,23,18,5,13,960,119,240,6,0,3,9,46.15384615384615,True,True
04635,04635/sva.sv,sva.sv,.sv,43,34,10,24,1860,205,465,11,0,6,17,45.83333333333333,True,True
00295,00295/sva.sv,sva.sv,.sv,43,36,7,29,1598,194,400,3,0,3,8,10.344827586206897,True,True
01347,01347/sva.sv,sva.sv,.sv,45,38,9,29,2308,365,577,10,0,6,16,34.48275862068966,True,True
03410,03410/sva.sv,sva.sv,.sv,44,35,6,29,1413,234,353,6,0,6,12,20.689655172413794,True,True
02704,02704/sva.sv,sva.sv,.sv,55,42,10,32,2116,284,529,9,0,3,12,28.125,True,True
00053,00053/sva.sv,sva.sv,.sv,103,84,18,66,4287,528,1072,15,0,2,17,22.727272727272727,True,True
01181,01181/sva.sv,sva.sv,.sv,69,55,12,43,3012,344,753,8,0,6,14,18.6046511627907,True,True
00261,00261/sva.sv,sva.sv,.sv,51,41,8,33,2214,274,554,8,0,6,14,24.242424242424242,True,True
02536,02536/sva.sv,sva.sv,.sv,112,92,17,75,3607,400,902,14,0,5,19,18.666666666666668,True,True
00605,00605/sva.sv,sva.sv,.sv,52,45,10,35,2792,413,698,3,0,10,14,8.571428571428571,True,True
03080,03080/sva.sv,sva.sv,.sv,50,41,7,34,2119,306,530,10,0,2,7,29.411764705882355,True,True
02152,02152/sva.sv,sva.sv,.sv,43,34,11,23,1508,211,377,4,0,7,11,17.391304347826086,True,True
02360,02360/sva.sv,sva.sv,.sv,46,34,10,24,2035,239,509,13,0,4,17,54.166666666666664,True,True
04097,04097/sva.sv,sva.sv,.sv,106,95,17,78,4043,455,1011,40,0,8,27,51.28205128205128,True,True
00437,00437/sva.sv,sva.sv,.sv,35,27,7,20,1653,256,413,7,0,6,13,35.0,True,True
01378,01378/sva.sv,sva.sv,.sv,232,186,49,137,12508,1120,3127,57,0,5,62,41.605839416058394,True,True
04438,04438/sva.sv,sva.sv,.sv,25,19,4,15,1202,158,300,6,0,5,11,40.0,True,True
01976,01976/sva.sv,sva.sv,.sv,57,46,11,35,2445,250,611,12,0,9,21,34.285714285714285,True,True
00098,00098/sva.sv,sva.sv,.sv,93,78,16,62,3157,344,789,7,0,6,13,11.29032258064516,True,True
03279,03279/sva.sv,sva.sv,.sv,62,50,13,37,2885,348,721,14,0,4,18,37.83783783783784,True,True
02199,02199/sva.sv,sva.sv,.sv,33,26,6,20,1020,142,255,2,0,3,5,10.0,True,True
03877,03877/sva.sv,sva.sv,.sv,72,60,16,44,2481,343,620,11,0,3,13,25.0,True,True
00408,00408/sva.sv,sva.sv,.sv,93,83,23,60,3888,445,972,14,0,22,36,23.333333333333332,True,True
03883,03883/sva.sv,sva.sv,.sv,35,26,8,18,1458,192,364,5,0,5,10,27.77777777777778,True,True
02951,02951/sva.sv,sva.sv,.sv,62,51,14,37,2340,326,585,5,0,7,12,13.513513513513514,True,True
02509,02509/sva.sv,sva.sv,.sv,45,37,15,22,2422,331,606,13,0,4,17,59.09090909090909,True,True
00850,00850/sva.sv,sva.sv,.sv,43,33,10,23,1465,208,366,7,0,3,10,30.434782608695656,True,True
01982,01982/sva.sv,sva.sv,.sv,61,51,14,37,2772,363,693,25,0,5,30,67.56756756756756,True,True
02367,02367/sva.sv,sva.sv,.sv,49,42,6,36,2095,288,524,3,0,11,14,8.333333333333332,True,True
04090,04090/sva.sv,sva.sv,.sv,37,31,8,23,1531,208,383,7,0,3,10,30.434782608695656,True,True
00430,00430/sva.sv,sva.sv,.sv,82,65,12,53,2656,379,664,12,0,8,20,22.641509433962266,True,True
00602,00602/sva.sv,sva.sv,.sv,50,40,10,30,2253,308,563,5,0,6,16,16.666666666666664,True,True
03087,03087/sva.sv,sva.sv,.sv,66,54,11,43,2767,304,692,10,0,6,16,23.25581395348837,True,True
02155,02155/sva.sv,sva.sv,.sv,135,116,37,79,4229,609,1057,20,0,5,24,25.31645569620253,True,True
02969,02969/sva.sv,sva.sv,.sv,60,46,14,32,2859,330,715,5,0,7,13,15.625,True,True
00266,00266/sva.sv,sva.sv,.sv,64,49,27,22,2426,330,606,7,0,5,12,31.818181818181817,True,True
02531,02531/sva.sv,sva.sv,.sv,110,96,21,75,5772,605,1443,41,0,10,51,54.666666666666664,True,True
02703,02703/sva.sv,sva.sv,.sv,42,34,6,28,1638,238,410,8,0,12,24,28.57142857142857,True,True
00868,00868/sva.sv,sva.sv,.sv,42,35,8,27,1856,254,464,2,0,8,8,7.4074074074074066,True,True
00054,00054/sva.sv,sva.sv,.sv,52,43,9,34,2084,369,521,9,0,10,19,26.47058823529412,True,True
01186,01186/sva.sv,sva.sv,.sv,48,39,7,32,1939,217,485,6,0,5,12,18.75,True,True
04632,04632/sva.sv,sva.sv,.sv,50,41,8,33,1665,196,416,4,0,8,0,12.121212121212121,True,False
00292,00292/sva.sv,sva.sv,.sv,44,36,9,27,1724,194,431,10,0,5,15,37.03703703703704,True,True
01340,01340/sva.sv,sva.sv,.sv,58,45,12,33,2593,294,648,9,0,5,14,27.27272727272727,True,True
03417,03417/sva.sv,sva.sv,.sv,135,116,17,99,5205,532,1301,20,0,6,22,20.2020202020202,True,True
03625,03625/sva.sv,sva.sv,.sv,66,50,17,33,2259,272,565,8,0,5,13,24.242424242424242,True,True
04400,04400/sva.sv,sva.sv,.sv,80,64,11,53,2347,287,587,6,0,6,12,11.320754716981133,True,True
01172,01172/sva.sv,sva.sv,.sv,130,114,21,93,4413,578,1103,7,0,10,17,7.526881720430108,True,True
03241,03241/sva.sv,sva.sv,.sv,37,29,6,23,1024,153,256,5,0,5,11,21.73913043478261,True,True
02393,02393/sva.sv,sva.sv,.sv,49,38,11,27,2381,327,595,10,0,6,16,37.03703703703704,True,True
04064,04064/sva.sv,sva.sv,.sv,104,81,13,68,3438,425,860,16,0,5,21,23.52941176470588,True,True
01516,01516/sva.sv,sva.sv,.sv,73,60,8,52,3445,381,861,14,0,7,20,26.923076923076923,True,True
04256,04256/sva.sv,sva.sv,.sv,123,101,37,64,5389,552,1347,24,0,6,30,37.5,True,True
01724,01724/sva.sv,sva.sv,.sv,53,45,7,38,2657,240,664,7,0,10,17,18.421052631578945,True,True
03073,03073/sva.sv,sva.sv,.sv,31,23,6,17,1078,128,270,4,0,4,8,23.52941176470588,True,True
00857,00857/sva.sv,sva.sv,.sv,59,50,6,44,2375,267,594,14,0,8,0,31.818181818181817,True,False
01985,01985/sva.sv,sva.sv,.sv,110,99,11,88,3800,359,950,5,0,4,9,5.681818181818182,True,True
00259,00259/sva.sv,sva.sv,.sv,80,63,22,41,4141,505,1035,19,0,9,28,46.34146341463415,True,True
03884,03884/sva.sv,sva.sv,.sv,108,94,14,80,4483,483,1121,24,0,24,48,30.0,True,True
02956,02956/sva.sv,sva.sv,.sv,103,82,20,62,3430,451,858,13,0,13,26,20.967741935483872,True,True
02358,02358/sva.sv,sva.sv,.sv,67,59,9,50,2627,230,657,6,0,5,11,12.0,True,True
03870,03870/sva.sv,sva.sv,.sv,57,47,11,36,2577,319,644,11,0,7,18,30.555555555555557,True,True
04269,04269/sva.sv,sva.sv,.sv,56,45,12,33,2247,263,562,10,0,5,15,30.303030303030305,True,True
01529,01529/sva.sv,sva.sv,.sv,31,23,7,16,1551,225,388,8,0,3,11,50.0,True,True
01971,01971/sva.sv,sva.sv,.sv,62,49,12,37,2400,255,600,12,0,8,20,32.432432432432435,True,True
03428,03428/sva.sv,sva.sv,.sv,44,36,8,28,1631,233,408,7,0,4,0,25.0,True,False
02507,02507/sva.sv,sva.sv,.sv,73,60,10,50,2966,354,742,5,0,6,11,10.0,True,True
01382,01382/sva.sv,sva.sv,.sv,58,48,9,39,2224,360,556,7,0,8,15,17.94871794871795,True,True
00250,00250/sva.sv,sva.sv,.sv,81,67,16,51,3464,389,866,9,0,11,20,17.647058823529413,True,True
00062,00062/sva.sv,sva.sv,.sv,82,71,11,60,3605,433,901,3,0,15,21,5.0,True,True
02735,02735/sva.sv,sva.sv,.sv,50,40,11,29,1900,268,475,3,0,15,18,10.344827586206897,True,True
00406,00406/sva.sv,sva.sv,.sv,123,102,19,83,4967,512,1242,18,0,3,21,21.686746987951807,True,True
02351,02351/sva.sv,sva.sv,.sv,64,55,8,47,1803,238,451,6,0,4,16,12.76595744680851,True,True
03283,03283/sva.sv,sva.sv,.sv,65,54,11,43,2404,290,601,8,0,5,16,18.6046511627907,True,True
02163,02163/sva.sv,sva.sv,.sv,48,40,9,31,1633,215,408,11,0,15,26,35.483870967741936,True,True
04294,04294/sva.sv,sva.sv,.sv,43,36,6,30,2007,307,502,3,0,8,14,10.0,True,True
00634,00634/sva.sv,sva.sv,.sv,58,46,10,36,2391,315,598,10,0,9,0,27.77777777777778,True,False
04052,04052/sva.sv,sva.sv,.sv,80,65,4,61,2695,314,674,10,0,11,0,16.39344262295082,True,False
01520,01520/sva.sv,sva.sv,.sv,58,48,9,39,2258,322,564,4,0,4,12,10.256410256410255,True,True
03277,03277/sva.sv,sva.sv,.sv,47,38,9,29,2256,316,564,10,0,10,20,34.48275862068966,True,True
02197,02197/sva.sv,sva.sv,.sv,40,34,7,27,1943,234,486,8,0,11,19,29.629629629629626,True,True
03045,03045/sva.sv,sva.sv,.sv,37,31,8,23,1652,239,413,7,0,4,11,30.434782608695656,True,True
03879,03879/sva.sv,sva.sv,.sv,70,58,11,47,2381,320,595,8,0,8,14,17.02127659574468,True,True
04260,04260/sva.sv,sva.sv,.sv,126,97,14,83,4758,444,1190,17,0,5,22,20.481927710843372,True,True
01712,01712/sva.sv,sva.sv,.sv,52,43,8,35,1624,210,406,8,0,3,11,22.857142857142858,True,True
03421,03421/sva.sv,sva.sv,.sv,82,62,17,45,2878,365,720,12,0,7,19,26.666666666666668,True,True
04604,04604/sva.sv,sva.sv,.sv,65,54,9,45,2216,261,554,5,0,7,15,11.11111111111111,True,True
01376,01376/sva.sv,sva.sv,.sv,58,47,10,37,2004,213,501,7,0,7,14,18.91891891891892,True,True
01978,01978/sva.sv,sva.sv,.sv,58,49,8,41,1996,209,499,8,0,3,11,19.51219512195122,True,True
04436,04436/sva.sv,sva.sv,.sv,102,83,21,62,5979,490,1495,21,0,4,25,33.87096774193548,True,True
01144,01144/sva.sv,sva.sv,.sv,188,161,19,142,7190,717,1798,38,0,9,47,26.76056338028169,True,True
00096,00096/sva.sv,sva.sv,.sv,102,86,17,69,4097,482,1024,12,0,4,16,17.391304347826086,True,True
03613,03613/sva.sv,sva.sv,.sv,36,27,9,18,1433,188,358,4,0,5,9,22.22222222222222,True,True
02960,02960/sva.sv,sva.sv,.sv,57,50,13,37,2511,337,628,8,0,5,13,21.62162162162162,True,True
04099,04099/sva.sv,sva.sv,.sv,106,88,19,69,4200,537,1050,9,0,10,19,13.043478260869565,True,True
00439,00439/sva.sv,sva.sv,.sv,100,89,17,72,3751,502,938,14,0,12,0,19.444444444444446,True,False
00861,00861/sva.sv,sva.sv,.sv,61,52,10,42,2892,369,723,14,0,4,0,33.33333333333333,True,False
02538,02538/sva.sv,sva.sv,.sv,37,30,8,22,1345,192,336,3,0,3,6,13.636363636363635,True,True
01947,01947/sva.sv,sva.sv,.sv,76,66,10,56,4209,504,1052,20,0,19,39,35.714285714285715,True,True
00895,00895/sva.sv,sva.sv,.sv,83,68,19,49,3463,512,866,12,0,3,14,24.489795918367346,True,True
04409,04409/sva.sv,sva.sv,.sv,90,66,18,48,3874,458,968,20,0,6,26,41.66666666666667,True,True
01349,01349/sva.sv,sva.sv,.sv,71,59,18,41,3066,360,766,18,0,4,22,43.90243902439025,True,True
02994,02994/sva.sv,sva.sv,.sv,49,41,8,33,2238,243,560,7,0,4,11,21.21212121212121,True,True
03846,03846/sva.sv,sva.sv,.sv,37,29,7,22,1493,193,373,4,0,3,7,18.181818181818183,True,True
03248,03248/sva.sv,sva.sv,.sv,40,31,9,22,2057,189,514,8,0,4,12,36.36363636363637,True,True
04431,04431/sva.sv,sva.sv,.sv,55,47,8,39,1834,222,458,7,0,6,16,17.94871794871795,True,True
01143,01143/sva.sv,sva.sv,.sv,48,40,11,29,1619,220,405,2,0,6,10,6.896551724137931,True,True
00091,00091/sva.sv,sva.sv,.sv,47,41,7,34,2214,212,554,10,0,6,16,29.411764705882355,True,True
03614,03614/sva.sv,sva.sv,.sv,77,61,13,48,3153,357,788,12,0,3,12,25.0,True,True
03426,03426/sva.sv,sva.sv,.sv,72,61,13,48,3175,357,794,14,0,10,24,29.166666666666668,True,True
04603,04603/sva.sv,sva.sv,.sv,38,28,9,19,1823,259,456,7,0,8,15,36.84210526315789,True,True
01371,01371/sva.sv,sva.sv,.sv,94,77,14,63,3495,578,874,16,0,12,28,25.396825396825395,True,True
02190,02190/sva.sv,sva.sv,.sv,99,84,17,67,3474,483,868,5,0,10,15,7.462686567164178,True,True
03042,03042/sva.sv,sva.sv,.sv,100,82,16,66,3995,470,999,19,0,7,21,28.78787878787879,True,True
04267,04267/sva.sv,sva.sv,.sv,149,125,13,112,8017,801,2004,47,0,10,57,41.964285714285715,True,True
01715,01715/sva.sv,sva.sv,.sv,85,70,15,55,3071,440,768,7,0,2,9,12.727272727272727,True,True
04055,04055/sva.sv,sva.sv,.sv,62,49,10,39,2652,315,663,7,0,13,20,17.94871794871795,True,True
01527,01527/sva.sv,sva.sv,.sv,77,61,10,51,3744,338,936,23,0,5,28,45.09803921568628,True,True
03270,03270/sva.sv,sva.sv,.sv,64,51,14,37,3052,348,763,19,0,12,31,51.35135135135135,True,True
02164,02164/sva.sv,sva.sv,.sv,38,30,8,22,1271,204,318,4,0,6,11,18.181818181818183,True,True
02958,02958/sva.sv,sva.sv,.sv,63,47,15,32,2378,350,594,11,0,3,13,34.375,True,True
04293,04293/sva.sv,sva.sv,.sv,55,47,9,38,2329,256,582,12,0,3,15,31.57894736842105,True,True
00633,00633/sva.sv,sva.sv,.sv,32,25,6,19,1256,221,314,5,0,8,13,26.31578947368421,True,True
00401,00401/sva.sv,sva.sv,.sv,113,93,18,75,3831,450,958,14,0,4,18,18.666666666666668,True,True
02356,02356/sva.sv,sva.sv,.sv,49,39,10,29,1846,280,462,2,0,10,12,6.896551724137931,True,True
03284,03284/sva.sv,sva.sv,.sv,62,49,14,35,3168,327,792,13,2,6,21,37.142857142857146,True,True
00859,00859/sva.sv,sva.sv,.sv,66,55,6,49,2653,320,663,18,0,8,26,36.734693877551024,True,True
00065,00065/sva.sv,sva.sv,.sv,48,40,7,33,1847,228,462,4,0,6,10,12.121212121212121,True,True
02732,02732/sva.sv,sva.sv,.sv,82,70,11,59,2934,389,734,5,0,16,21,8.47457627118644,True,True
02500,02500/sva.sv,sva.sv,.sv,105,92,11,81,4203,458,1051,16,0,10,26,19.753086419753085,True,True
01385,01385/sva.sv,sva.sv,.sv,33,26,8,18,1343,164,336,7,0,6,13,38.88888888888889,True,True
00257,00257/sva.sv,sva.sv,.sv,86,70,14,56,3033,379,758,9,0,18,27,16.071428571428573,True,True
01518,01518/sva.sv,sva.sv,.sv,60,50,11,39,1789,238,447,4,0,3,8,10.256410256410255,True,True
04258,04258/sva.sv,sva.sv,.sv,72,60,11,49,3138,409,784,25,0,4,29,51.02040816326531,True,True
02993,02993/sva.sv,sva.sv,.sv,162,146,21,125,8405,873,2101,21,0,24,46,16.8,True,True
03841,03841/sva.sv,sva.sv,.sv,55,42,12,30,1814,244,454,3,0,10,13,10.0,True,True
03419,03419/sva.sv,sva.sv,.sv,68,58,10,48,2665,248,666,8,0,4,12,16.666666666666664,True,True
01940,01940/sva.sv,sva.sv,.sv,39,31,6,25,1591,173,398,4,0,4,8,16.0,True,True
00892,00892/sva.sv,sva.sv,.sv,51,42,9,33,2165,256,541,9,0,4,13,27.27272727272727,True,True
00268,00268/sva.sv,sva.sv,.sv,79,65,14,51,2892,345,723,6,0,9,15,11.76470588235294,True,True
00866,00866/sva.sv,sva.sv,.sv,26,20,6,14,1154,176,288,4,0,4,8,28.57142857142857,True,True
01188,01188/sva.sv,sva.sv,.sv,101,89,17,72,3424,432,856,5,0,4,12,6.944444444444445,True,True
02369,02369/sva.sv,sva.sv,.sv,78,70,12,58,2822,352,706,6,0,8,14,10.344827586206897,True,True
03089,03089/sva.sv,sva.sv,.sv,78,65,11,54,2826,342,706,9,0,8,17,16.666666666666664,True,True
02967,02967/sva.sv,sva.sv,.sv,73,64,9,55,2632,325,658,13,0,3,16,23.636363636363637,True,True
02138,02138/sva.sv,sva.sv,.sv,111,95,12,83,3580,395,895,4,0,5,9,4.819277108433735,True,True
02904,02904/sva.sv,sva.sv,.sv,62,55,8,47,2200,268,550,7,0,10,0,14.893617021276595,True,False
04499,04499/sva.sv,sva.sv,.sv,98,78,26,52,4152,502,1038,9,0,8,16,17.307692307692307,True,True
00805,00805/sva.sv,sva.sv,.sv,118,102,12,90,3889,493,972,16,0,15,0,17.77777777777778,True,False
00039,00039/sva.sv,sva.sv,.sv,278,242,25,217,10889,1204,2722,16,0,13,13,7.373271889400922,True,True
03648,03648/sva.sv,sva.sv,.sv,49,38,13,25,1977,288,494,6,0,6,12,24.0,True,True
01923,01923/sva.sv,sva.sv,.sv,55,47,9,38,1900,239,475,6,0,3,3,15.789473684210526,True,True
04009,04009/sva.sv,sva.sv,.sv,30,24,8,16,1360,175,340,3,0,3,6,18.75,True,True
01749,01749/sva.sv,sva.sv,.sv,53,40,13,27,1710,243,428,7,0,3,10,25.925925925925924,True,True
03822,03822/sva.sv,sva.sv,.sv,87,68,16,52,3639,424,910,9,0,12,19,17.307692307692307,True,True
00006,00006/sva.sv,sva.sv,.sv,107,93,13,80,4141,461,1035,11,0,23,0,13.750000000000002,True,False
02751,02751/sva.sv,sva.sv,.sv,61,47,11,36,2807,267,702,12,0,4,16,33.33333333333333,True,True
03683,03683/sva.sv,sva.sv,.sv,83,67,10,57,2864,364,716,16,0,7,23,28.07017543859649,True,True
02563,02563/sva.sv,sva.sv,.sv,87,74,13,61,3366,406,842,9,0,6,15,14.754098360655737,True,True
04694,04694/sva.sv,sva.sv,.sv,50,40,6,34,1816,189,454,4,0,5,10,11.76470588235294,True,True
00234,00234/sva.sv,sva.sv,.sv,50,43,7,36,1705,198,426,3,0,4,10,8.333333333333332,True,True
02107,02107/sva.sv,sva.sv,.sv,37,29,7,22,1604,230,401,6,0,7,13,27.27272727272727,True,True
01782,01782/sva.sv,sva.sv,.sv,80,67,11,56,2887,377,722,9,0,10,19,16.071428571428573,True,True
00650,00650/sva.sv,sva.sv,.sv,87,70,36,34,3380,414,845,20,0,5,24,58.82352941176471,True,True
00462,00462/sva.sv,sva.sv,.sv,51,42,7,35,2091,295,523,8,0,10,18,22.857142857142858,True,True
02335,02335/sva.sv,sva.sv,.sv,76,56,28,28,2866,360,716,13,0,9,22,46.42857142857143,True,True
03021,03021/sva.sv,sva.sv,.sv,64,52,12,40,2316,296,579,17,0,6,22,42.5,True,True
04204,04204/sva.sv,sva.sv,.sv,104,87,13,74,3509,387,877,8,0,9,19,10.81081081081081,True,True
01776,01776/sva.sv,sva.sv,.sv,51,38,11,27,1845,252,461,8,0,5,13,29.629629629629626,True,True
04036,04036/sva.sv,sva.sv,.sv,134,116,19,97,4915,533,1229,14,1,5,19,14.432989690721648,True,True
01544,01544/sva.sv,sva.sv,.sv,32,25,8,17,1436,174,359,6,0,3,9,35.294117647058826,True,True
00496,00496/sva.sv,sva.sv,.sv,39,34,7,27,1332,168,333,3,0,5,9,11.11111111111111,True,True
03213,03213/sva.sv,sva.sv,.sv,68,57,8,49,2060,261,515,7,0,3,10,14.285714285714285,True,True
04452,04452/sva.sv,sva.sv,.sv,49,41,6,35,1923,235,481,6,0,6,18,17.142857142857142,True,True
01120,01120/sva.sv,sva.sv,.sv,64,50,21,29,2214,264,554,7,0,6,13,24.137931034482758,True,True
03677,03677/sva.sv,sva.sv,.sv,69,56,11,45,2253,309,563,6,0,10,16,13.333333333333334,True,True
02597,02597/sva.sv,sva.sv,.sv,46,33,16,17,1577,234,394,8,0,2,9,47.05882352941176,True,True
03445,03445/sva.sv,sva.sv,.sv,37,30,7,23,1390,191,348,4,0,4,8,17.391304347826086,True,True
04660,04660/sva.sv,sva.sv,.sv,59,44,17,27,2438,296,610,13,0,4,17,48.148148148148145,True,True
01312,01312/sva.sv,sva.sv,.sv,197,164,25,139,9008,894,2252,52,0,8,60,37.410071942446045,True,True
03019,03019/sva.sv,sva.sv,.sv,74,62,7,55,2370,265,592,7,0,8,8,12.727272727272727,True,True
03825,03825/sva.sv,sva.sv,.sv,116,99,16,83,3928,498,982,11,0,3,23,13.253012048192772,True,True
01924,01924/sva.sv,sva.sv,.sv,29,22,6,16,1247,179,312,5,0,5,10,31.25,True,True
01118,01118/sva.sv,sva.sv,.sv,75,66,11,55,3035,349,759,12,0,9,0,21.818181818181817,True,False
04658,04658/sva.sv,sva.sv,.sv,68,56,10,46,2986,397,746,6,0,10,22,13.043478260869565,True,True
02769,02769/sva.sv,sva.sv,.sv,75,66,7,59,3287,341,822,12,0,11,23,20.33898305084746,True,True
00802,00802/sva.sv,sva.sv,.sv,43,35,9,26,1657,224,414,8,0,5,13,30.76923076923077,True,True
03489,03489/sva.sv,sva.sv,.sv,74,63,9,54,2885,332,721,8,0,9,17,14.814814814814813,True,True
00668,00668/sva.sv,sva.sv,.sv,75,59,11,48,2895,326,724,8,0,10,18,16.666666666666664,True,True
02903,02903/sva.sv,sva.sv,.sv,48,40,9,31,1849,253,462,5,0,8,0,16.129032258064516,True,False
01588,01588/sva.sv,sva.sv,.sv,54,46,6,40,2723,428,681,8,0,24,32,20.0,True,True
02590,02590/sva.sv,sva.sv,.sv,45,35,9,26,1589,208,397,6,0,3,9,23.076923076923077,True,True
03442,03442/sva.sv,sva.sv,.sv,75,60,11,49,3160,366,790,18,0,7,29,36.734693877551024,True,True
04667,04667/sva.sv,sva.sv,.sv,32,24,8,16,1516,214,379,8,0,5,13,50.0,True,True
01315,01315/sva.sv,sva.sv,.sv,140,124,17,107,4571,519,1143,9,0,22,0,8.411214953271028,True,False
04455,04455/sva.sv,sva.sv,.sv,74,65,12,53,2303,312,576,21,0,12,0,39.62264150943396,True,False
01127,01127/sva.sv,sva.sv,.sv,184,153,30,123,6237,582,1559,22,0,5,27,17.88617886178862,True,True
03670,03670/sva.sv,sva.sv,.sv,53,42,8,34,2168,317,542,6,0,6,12,17.647058823529413,True,True
04031,04031/sva.sv,sva.sv,.sv,63,51,12,39,2275,250,569,7,0,5,12,17.94871794871795,True,True
01543,01543/sva.sv,sva.sv,.sv,72,63,11,52,2821,367,705,9,0,10,0,17.307692307692307,True,False
00491,00491/sva.sv,sva.sv,.sv,37,29,7,22,1561,198,390,4,0,4,8,18.181818181818183,True,True
03214,03214/sva.sv,sva.sv,.sv,135,124,12,112,4062,496,1016,22,0,8,0,19.642857142857142,True,False
03026,03026/sva.sv,sva.sv,.sv,142,119,22,97,5114,655,1278,21,0,8,25,21.649484536082475,True,True
04203,04203/sva.sv,sva.sv,.sv,32,26,7,19,1597,196,399,6,0,5,11,31.57894736842105,True,True
01771,01771/sva.sv,sva.sv,.sv,82,67,8,59,2869,287,717,7,0,4,11,11.864406779661017,True,True
00465,00465/sva.sv,sva.sv,.sv,38,28,6,22,1355,179,339,5,0,3,8,22.727272727272727,True,True
02332,02332/sva.sv,sva.sv,.sv,74,61,11,50,2849,369,712,18,0,3,21,36.0,True,True
02100,02100/sva.sv,sva.sv,.sv,101,75,15,60,3817,468,954,18,0,17,35,30.0,True,True
01785,01785/sva.sv,sva.sv,.sv,52,46,7,39,2204,278,551,11,0,12,14,28.205128205128204,True,True
00657,00657/sva.sv,sva.sv,.sv,75,65,12,53,2764,363,691,3,0,3,9,5.660377358490567,True,True
02564,02564/sva.sv,sva.sv,.sv,48,37,10,27,1851,259,463,7,0,4,11,25.925925925925924,True,True
04693,04693/sva.sv,sva.sv,.sv,59,48,11,37,2415,280,604,8,0,7,15,21.62162162162162,True,True
00233,00233/sva.sv,sva.sv,.sv,102,87,11,76,4426,413,1106,10,0,6,16,13.157894736842104,True,True
00001,00001/sva.sv,sva.sv,.sv,50,40,10,30,2153,230,538,6,0,10,16,20.0,True,True
02756,02756/sva.sv,sva.sv,.sv,99,87,21,66,4329,566,1082,22,0,5,26,33.33333333333333,True,True
03684,03684/sva.sv,sva.sv,.sv,115,94,17,77,7803,703,1951,18,0,7,25,23.376623376623375,True,True
01912,01912/sva.sv,sva.sv,.sv,99,87,16,71,3581,458,895,4,0,10,16,5.633802816901409,True,True
03679,03679/sva.sv,sva.sv,.sv,139,111,17,94,6739,578,1685,32,0,11,43,34.04255319148936,True,True
02599,02599/sva.sv,sva.sv,.sv,45,40,9,31,1750,221,438,2,0,3,7,6.451612903225806,True,True
03813,03813/sva.sv,sva.sv,.sv,51,40,8,32,2320,253,580,15,0,7,22,46.875,True,True
01778,01778/sva.sv,sva.sv,.sv,89,76,15,61,3966,373,992,7,0,5,12,11.475409836065573,True,True
04038,04038/sva.sv,sva.sv,.sv,49,38,10,28,1897,276,474,7,0,3,10,25.0,True,True
00498,00498/sva.sv,sva.sv,.sv,102,85,18,67,3823,498,956,18,0,7,25,26.865671641791046,True,True
04804,04804/sva.sv,sva.sv,.sv,65,53,13,40,3148,342,787,15,0,6,21,37.5,True,True
02109,02109/sva.sv,sva.sv,.sv,66,51,11,40,3846,329,962,18,0,11,29,45.0,True,True
02935,02935/sva.sv,sva.sv,.sv,67,55,12,43,3009,344,752,3,0,12,15,6.976744186046512,True,True
00834,00834/sva.sv,sva.sv,.sv,66,54,13,41,2782,331,696,8,0,3,11,19.51219512195122,True,True
00008,00008/sva.sv,sva.sv,.sv,98,87,12,75,4278,450,1070,13,0,11,24,17.333333333333336,True,True
03222,03222/sva.sv,sva.sv,.sv,186,168,19,149,7308,859,1827,30,0,19,41,20.13422818791946,True,True
04007,04007/sva.sv,sva.sv,.sv,44,33,8,25,1559,205,390,4,0,4,8,16.0,True,True
01575,01575/sva.sv,sva.sv,.sv,53,45,8,37,2333,289,583,10,0,7,17,27.027027027027028,True,True
04235,04235/sva.sv,sva.sv,.sv,52,40,13,27,1917,267,479,7,0,13,20,25.925925925925924,True,True
00695,00695/sva.sv,sva.sv,.sv,216,193,13,180,8998,1240,2250,44,0,17,61,24.444444444444443,True,True
01747,01747/sva.sv,sva.sv,.sv,68,60,9,51,3357,482,839,6,0,9,15,11.76470588235294,True,True
03010,03010/sva.sv,sva.sv,.sv,45,39,7,32,1721,225,430,3,0,7,0,9.375,True,False
04651,04651/sva.sv,sva.sv,.sv,47,39,7,32,2005,260,501,6,1,5,6,18.75,True,True
01323,01323/sva.sv,sva.sv,.sv,114,92,35,57,4341,535,1085,14,0,4,18,24.561403508771928,True,True
03474,03474/sva.sv,sva.sv,.sv,60,49,11,38,2484,317,621,9,0,9,18,23.684210526315788,True,True
03646,03646/sva.sv,sva.sv,.sv,80,66,13,53,3317,341,829,10,0,8,18,18.867924528301888,True,True
02794,02794/sva.sv,sva.sv,.sv,47,39,11,28,2119,261,530,5,0,6,11,17.857142857142858,True,True
04463,04463/sva.sv,sva.sv,.sv,55,46,10,36,2087,223,522,5,0,6,0,13.88888888888889,True,False
01111,01111/sva.sv,sva.sv,.sv,57,48,9,39,2630,373,658,11,0,17,28,28.205128205128204,True,True
00205,00205/sva.sv,sva.sv,.sv,69,55,12,43,2842,408,710,17,0,4,21,39.53488372093023,True,True
03480,03480/sva.sv,sva.sv,.sv,71,56,13,43,3590,310,898,26,0,4,28,60.46511627906976,True,True
02552,02552/sva.sv,sva.sv,.sv,39,30,10,20,1550,200,388,9,0,3,12,45.0,True,True
02760,02760/sva.sv,sva.sv,.sv,79,66,10,56,3241,363,810,7,0,9,16,12.5,True,True
04497,04497/sva.sv,sva.sv,.sv,60,54,5,49,1889,261,472,16,0,6,22,32.6530612244898,True,True
00037,00037/sva.sv,sva.sv,.sv,48,41,8,33,1791,211,448,3,0,8,0,9.090909090909092,True,False
02304,02304/sva.sv,sva.sv,.sv,81,71,21,50,3915,490,979,15,0,5,20,30.0,True,True
00453,00453/sva.sv,sva.sv,.sv,139,119,19,100,4348,511,1087,12,0,20,0,12.0,True,False
01581,01581/sva.sv,sva.sv,.sv,103,83,18,65,4408,408,1102,17,0,17,34,26.153846153846157,True,True
00661,00661/sva.sv,sva.sv,.sv,70,55,11,44,3390,436,848,18,0,5,23,40.909090909090914,True,True
02136,02136/sva.sv,sva.sv,.sv,91,73,14,59,3094,367,774,8,0,3,11,13.559322033898304,True,True
00833,00833/sva.sv,sva.sv,.sv,77,67,16,51,2686,345,672,4,0,11,15,7.8431372549019605,True,True
02758,02758/sva.sv,sva.sv,.sv,46,36,10,26,1832,246,458,4,0,8,12,15.384615384615385,True,True
02932,02932/sva.sv,sva.sv,.sv,64,51,9,42,2617,366,654,13,0,11,24,30.952380952380953,True,True
00659,00659/sva.sv,sva.sv,.sv,55,47,10,37,2370,276,592,11,0,12,23,29.72972972972973,True,True
04803,04803/sva.sv,sva.sv,.sv,86,69,9,60,3402,370,850,10,0,6,16,16.666666666666664,True,True
03028,03028/sva.sv,sva.sv,.sv,38,29,8,21,1272,178,318,4,0,7,10,19.047619047619047,True,True
03814,03814/sva.sv,sva.sv,.sv,94,74,21,53,5425,540,1356,42,0,3,46,79.24528301886792,True,True
04669,04669/sva.sv,sva.sv,.sv,103,86,14,72,3215,400,804,6,0,5,11,8.333333333333332,True,True
01915,01915/sva.sv,sva.sv,.sv,117,89,30,59,6336,577,1584,22,0,12,34,37.28813559322034,True,True
01129,01129/sva.sv,sva.sv,.sv,48,36,16,20,2162,271,540,9,0,7,15,45.0,True,True
00666,00666/sva.sv,sva.sv,.sv,49,36,10,26,2048,278,512,3,0,7,10,11.538461538461538,True,True
02131,02131/sva.sv,sva.sv,.sv,134,104,26,78,5702,663,1426,13,0,9,22,16.666666666666664,True,True
02303,02303/sva.sv,sva.sv,.sv,103,91,16,75,4203,474,1051,16,0,21,37,21.333333333333336,True,True
00454,00454/sva.sv,sva.sv,.sv,36,31,5,26,1587,215,397,9,0,8,17,34.61538461538461,True,True
01586,01586/sva.sv,sva.sv,.sv,55,43,14,29,2563,294,641,7,0,4,11,24.137931034482758,True,True
02767,02767/sva.sv,sva.sv,.sv,80,62,18,44,3124,358,781,6,0,11,17,13.636363636363635,True,True
04490,04490/sva.sv,sva.sv,.sv,57,51,6,45,1952,291,488,8,0,3,11,17.77777777777778,True,True
00030,00030/sva.sv,sva.sv,.sv,122,103,17,86,5086,538,1272,11,0,7,18,12.790697674418606,True,True
00202,00202/sva.sv,sva.sv,.sv,34,28,6,22,1318,213,330,3,0,7,10,13.636363636363635,True,True
03487,03487/sva.sv,sva.sv,.sv,41,33,11,22,1813,259,453,6,0,4,10,27.27272727272727,True,True
02555,02555/sva.sv,sva.sv,.sv,95,83,12,71,3414,391,854,13,0,10,23,18.30985915492958,True,True
03641,03641/sva.sv,sva.sv,.sv,73,61,13,48,3539,385,885,11,0,9,20,22.916666666666664,True,True
02793,02793/sva.sv,sva.sv,.sv,40,32,9,23,1792,233,448,6,0,3,9,26.08695652173913,True,True
04464,04464/sva.sv,sva.sv,.sv,49,40,11,29,1798,189,450,4,0,4,9,13.793103448275861,True,True
01116,01116/sva.sv,sva.sv,.sv,52,43,11,32,2190,239,548,6,0,4,9,18.75,True,True
04656,04656/sva.sv,sva.sv,.sv,131,107,27,80,5719,578,1430,19,0,3,22,23.75,True,True
01324,01324/sva.sv,sva.sv,.sv,35,29,6,23,1462,255,366,2,0,8,10,8.695652173913043,True,True
03473,03473/sva.sv,sva.sv,.sv,78,64,15,49,3074,379,768,5,0,15,1,10.204081632653061,True,True
04232,04232/sva.sv,sva.sv,.sv,97,76,18,58,3725,403,931,18,0,3,21,31.03448275862069,True,True
00692,00692/sva.sv,sva.sv,.sv,68,59,13,46,2259,261,565,5,0,5,10,10.869565217391305,True,True
01740,01740/sva.sv,sva.sv,.sv,59,50,11,39,2413,272,603,4,0,11,15,10.256410256410255,True,True
03017,03017/sva.sv,sva.sv,.sv,84,66,16,50,3016,397,754,6,2,7,14,12.0,True,True
03225,03225/sva.sv,sva.sv,.sv,82,72,10,62,2893,314,723,5,0,2,7,8.064516129032258,True,True
04000,04000/sva.sv,sva.sv,.sv,54,48,8,40,2166,262,542,2,0,2,6,5.0,True,True
01572,01572/sva.sv,sva.sv,.sv,52,39,15,24,2399,264,600,12,0,4,16,50.0,True,True
00400,00400/sva.sv,sva.sv,.sv,58,50,8,42,2589,334,647,12,0,13,15,28.57142857142857,True,True
02357,02357/sva.sv,sva.sv,.sv,114,100,16,84,4806,467,1202,5,0,8,18,5.952380952380952,True,True
03285,03285/sva.sv,sva.sv,.sv,44,35,9,26,1997,223,499,7,0,5,12,26.923076923076923,True,True
02959,02959/sva.sv,sva.sv,.sv,44,35,9,26,1597,272,399,7,0,9,16,26.923076923076923,True,True
02165,02165/sva.sv,sva.sv,.sv,70,58,11,47,3262,492,816,11,0,10,21,23.404255319148938,True,True
00632,00632/sva.sv,sva.sv,.sv,62,49,27,22,2539,297,635,8,0,8,16,36.36363636363637,True,True
04292,04292/sva.sv,sva.sv,.sv,55,46,10,36,2213,341,553,21,0,6,6,58.333333333333336,True,True
02501,02501/sva.sv,sva.sv,.sv,63,54,11,43,3020,309,755,12,0,10,22,27.906976744186046,True,True
01384,01384/sva.sv,sva.sv,.sv,75,63,10,53,3003,290,751,6,0,7,13,11.320754716981133,True,True
00256,00256/sva.sv,sva.sv,.sv,62,53,12,41,2450,295,612,5,0,5,15,12.195121951219512,True,True
00064,00064/sva.sv,sva.sv,.sv,53,43,8,35,1818,201,454,5,0,2,7,14.285714285714285,True,True
00858,00858/sva.sv,sva.sv,.sv,51,37,12,25,2099,255,525,6,0,3,9,24.0,True,True
02733,02733/sva.sv,sva.sv,.sv,46,38,8,30,2007,212,502,7,0,7,14,23.333333333333332,True,True
03427,03427/sva.sv,sva.sv,.sv,63,48,14,34,2466,364,616,24,0,2,26,70.58823529411765,True,True
01370,01370/sva.sv,sva.sv,.sv,68,60,11,49,2184,282,546,6,0,13,17,12.244897959183673,True,True
04602,04602/sva.sv,sva.sv,.sv,84,68,11,57,3051,318,763,4,0,6,14,7.017543859649122,True,True
01142,01142/sva.sv,sva.sv,.sv,73,62,9,53,2881,331,720,10,0,4,13,18.867924528301888,True,True
00090,00090/sva.sv,sva.sv,.sv,57,47,10,37,2145,246,536,10,0,5,14,27.027027027027028,True,True
04430,04430/sva.sv,sva.sv,.sv,94,78,15,63,4452,481,1113,40,0,6,47,63.49206349206349,True,True
03615,03615/sva.sv,sva.sv,.sv,101,84,17,67,4304,464,1076,16,0,9,25,23.88059701492537,True,True
01526,01526/sva.sv,sva.sv,.sv,52,44,8,36,2093,322,523,7,0,7,14,19.444444444444446,True,True
04054,04054/sva.sv,sva.sv,.sv,124,106,20,86,4470,597,1118,14,0,4,19,16.27906976744186,True,True
03271,03271/sva.sv,sva.sv,.sv,61,48,14,34,3353,517,838,14,0,1,15,41.17647058823529,True,True
02191,02191/sva.sv,sva.sv,.sv,67,54,13,41,2152,289,538,7,0,3,10,17.073170731707318,True,True
03043,03043/sva.sv,sva.sv,.sv,120,99,20,79,4193,504,1048,11,0,13,23,13.924050632911392,True,True
01714,01714/sva.sv,sva.sv,.sv,38,32,6,26,1541,208,385,7,0,6,13,26.923076923076923,True,True
04266,04266/sva.sv,sva.sv,.sv,46,39,5,34,1390,213,348,4,0,4,8,11.76470588235294,True,True
01189,01189/sva.sv,sva.sv,.sv,45,37,10,27,1672,209,418,11,0,7,14,40.74074074074074,True,True
00867,00867/sva.sv,sva.sv,.sv,37,27,11,16,1411,201,353,6,0,5,11,37.5,True,True
00269,00269/sva.sv,sva.sv,.sv,58,49,10,39,1806,233,452,8,0,3,11,20.51282051282051,True,True
02966,02966/sva.sv,sva.sv,.sv,36,30,6,24,1359,204,340,2,0,6,10,8.333333333333332,True,True
03088,03088/sva.sv,sva.sv,.sv,64,52,11,41,2423,275,606,10,0,11,21,24.390243902439025,True,True
02368,02368/sva.sv,sva.sv,.sv,58,49,8,41,2212,263,553,4,0,8,14,9.75609756097561,True,True
04259,04259/sva.sv,sva.sv,.sv,54,45,9,36,1852,276,463,7,0,6,13,19.444444444444446,True,True
02992,02992/sva.sv,sva.sv,.sv,62,50,5,45,2285,212,571,10,0,5,15,22.22222222222222,True,True
03840,03840/sva.sv,sva.sv,.sv,55,43,8,35,1619,233,405,6,0,10,16,17.142857142857142,True,True
01519,01519/sva.sv,sva.sv,.sv,113,94,23,71,4193,514,1048,13,0,6,19,18.30985915492958,True,True
01941,01941/sva.sv,sva.sv,.sv,64,56,11,45,2837,374,709,5,0,11,11,11.11111111111111,True,True
00893,00893/sva.sv,sva.sv,.sv,65,57,21,36,1884,271,471,5,0,5,10,13.88888888888889,True,True
03418,03418/sva.sv,sva.sv,.sv,45,37,10,27,1830,192,458,5,0,2,8,18.51851851851852,True,True
03878,03878/sva.sv,sva.sv,.sv,57,48,9,39,2321,228,580,3,0,4,7,7.6923076923076925,True,True
02196,02196/sva.sv,sva.sv,.sv,57,47,11,36,2276,262,569,7,0,6,13,19.444444444444446,True,True
03044,03044/sva.sv,sva.sv,.sv,75,60,21,39,3428,409,857,12,0,10,21,30.76923076923077,True,True
01713,01713/sva.sv,sva.sv,.sv,59,47,10,37,2910,289,728,13,0,5,18,35.13513513513514,True,True
04261,04261/sva.sv,sva.sv,.sv,114,92,19,73,6439,593,1610,37,0,3,40,50.68493150684932,True,True
01521,01521/sva.sv,sva.sv,.sv,58,47,10,37,2760,246,690,15,0,2,17,40.54054054054054,True,True
04053,04053/sva.sv,sva.sv,.sv,69,58,9,49,2697,332,674,4,0,2,10,8.16326530612245,True,True
03276,03276/sva.sv,sva.sv,.sv,81,69,17,52,2558,327,640,8,0,4,12,15.384615384615385,True,True
01145,01145/sva.sv,sva.sv,.sv,56,48,8,40,2444,249,611,7,0,7,14,17.5,True,True
00097,00097/sva.sv,sva.sv,.sv,43,36,8,28,1633,213,408,2,0,12,14,7.142857142857142,True,True
01979,01979/sva.sv,sva.sv,.sv,79,60,18,42,2793,396,698,7,0,6,12,16.666666666666664,True,True
04437,04437/sva.sv,sva.sv,.sv,26,20,6,14,1218,139,304,3,0,3,6,21.428571428571427,True,True
03612,03612/sva.sv,sva.sv,.sv,35,29,10,19,1315,156,329,5,0,2,7,26.31578947368421,True,True
03420,03420/sva.sv,sva.sv,.sv,104,88,13,75,3612,471,903,9,0,11,20,12.0,True,True
01377,01377/sva.sv,sva.sv,.sv,67,53,18,35,2766,336,692,12,0,3,15,34.285714285714285,True,True
04605,04605/sva.sv,sva.sv,.sv,114,92,20,72,5530,564,1382,7,0,9,16,9.722222222222223,True,True
00063,00063/sva.sv,sva.sv,.sv,62,50,11,39,2902,439,726,10,0,7,16,25.64102564102564,True,True
02734,02734/sva.sv,sva.sv,.sv,104,90,14,76,3783,443,946,7,0,4,12,9.210526315789473,True,True
02506,02506/sva.sv,sva.sv,.sv,45,36,10,26,1751,213,438,9,0,4,0,34.61538461538461,True,False
01383,01383/sva.sv,sva.sv,.sv,41,31,7,24,2138,226,534,8,0,8,16,33.33333333333333,True,True
00251,00251/sva.sv,sva.sv,.sv,33,28,6,22,1618,228,404,4,0,7,11,18.181818181818183,True,True
02162,02162/sva.sv,sva.sv,.sv,42,35,7,28,1698,205,424,14,0,5,19,50.0,True,True
00635,00635/sva.sv,sva.sv,.sv,119,103,20,83,4675,471,1169,15,0,7,22,18.072289156626507,True,True
04295,04295/sva.sv,sva.sv,.sv,69,56,12,44,3378,355,844,17,0,10,19,38.63636363636363,True,True
00407,00407/sva.sv,sva.sv,.sv,105,86,9,77,3477,448,869,11,0,5,16,14.285714285714285,True,True
02350,02350/sva.sv,sva.sv,.sv,79,66,11,55,2877,314,719,7,0,9,19,12.727272727272727,True,True
03282,03282/sva.sv,sva.sv,.sv,44,35,8,27,1891,261,473,7,0,2,9,25.925925925925924,True,True
01348,01348/sva.sv,sva.sv,.sv,53,42,12,30,2254,278,564,6,0,4,10,20.0,True,True
01946,01946/sva.sv,sva.sv,.sv,95,83,13,70,2819,371,705,12,0,14,26,17.142857142857142,True,True
04408,04408/sva.sv,sva.sv,.sv,46,38,8,30,1504,187,376,3,0,2,4,10.0,True,True
00894,00894/sva.sv,sva.sv,.sv,65,51,16,35,3239,461,810,11,0,4,15,31.428571428571427,True,True
03249,03249/sva.sv,sva.sv,.sv,118,90,11,79,7455,548,1864,47,0,4,50,59.49367088607595,True,True
02995,02995/sva.sv,sva.sv,.sv,62,52,10,42,3001,400,750,7,0,8,15,16.666666666666664,True,True
03847,03847/sva.sv,sva.sv,.sv,47,39,8,31,1954,211,488,4,0,4,8,12.903225806451612,True,True
00438,00438/sva.sv,sva.sv,.sv,61,51,17,34,2470,389,618,14,0,13,27,41.17647058823529,True,True
04098,04098/sva.sv,sva.sv,.sv,42,31,7,24,1796,188,449,5,0,4,9,20.833333333333336,True,True
02961,02961/sva.sv,sva.sv,.sv,59,47,9,38,2120,209,530,8,0,2,8,21.052631578947366,True,True
02539,02539/sva.sv,sva.sv,.sv,87,75,14,61,2705,348,676,7,0,6,13,11.475409836065573,True,True
00860,00860/sva.sv,sva.sv,.sv,82,68,8,60,2895,357,724,10,0,7,15,16.666666666666664,True,True
03624,03624/sva.sv,sva.sv,.sv,73,61,25,36,2771,380,693,8,0,11,19,22.22222222222222,True,True
01173,01173/sva.sv,sva.sv,.sv,74,59,15,44,2737,286,684,6,0,5,11,13.636363636363635,True,True
04401,04401/sva.sv,sva.sv,.sv,60,48,13,35,3230,340,808,23,0,6,29,65.71428571428571,True,True
00293,00293/sva.sv,sva.sv,.sv,129,109,21,88,4844,537,1211,16,0,5,20,18.181818181818183,True,True
01341,01341/sva.sv,sva.sv,.sv,50,41,9,32,1644,244,411,11,0,7,18,34.375,True,True
04633,04633/sva.sv,sva.sv,.sv,80,66,10,56,4039,450,1010,10,0,10,20,17.857142857142858,True,True
03416,03416/sva.sv,sva.sv,.sv,76,64,13,51,2937,410,734,14,0,9,0,27.450980392156865,True,False
01725,01725/sva.sv,sva.sv,.sv,57,45,10,35,1954,269,488,6,0,13,19,17.142857142857142,True,True
04257,04257/sva.sv,sva.sv,.sv,56,45,8,37,1940,241,485,6,0,3,9,16.216216216216218,True,True
03072,03072/sva.sv,sva.sv,.sv,151,126,25,101,6131,685,1533,28,0,5,31,27.722772277227726,True,True
03240,03240/sva.sv,sva.sv,.sv,130,114,16,98,6380,550,1595,24,0,5,29,24.489795918367346,True,True
02392,02392/sva.sv,sva.sv,.sv,80,68,12,56,2981,338,745,16,0,4,20,28.57142857142857,True,True
01517,01517/sva.sv,sva.sv,.sv,92,81,12,69,4480,465,1120,21,0,13,34,30.434782608695656,True,True
04065,04065/sva.sv,sva.sv,.sv,78,63,18,45,3030,422,758,18,0,4,22,40.0,True,True
00603,00603/sva.sv,sva.sv,.sv,32,25,7,18,1335,166,334,4,0,3,7,22.22222222222222,True,True
02968,02968/sva.sv,sva.sv,.sv,46,36,10,26,2553,234,638,11,0,4,14,42.30769230769231,True,True
03086,03086/sva.sv,sva.sv,.sv,57,45,12,33,2691,311,673,10,0,3,13,30.303030303030305,True,True
02154,02154/sva.sv,sva.sv,.sv,61,48,10,38,2878,358,720,11,0,10,21,28.947368421052634,True,True
02366,02366/sva.sv,sva.sv,.sv,253,219,26,193,10680,861,2670,3,0,18,22,1.5544041450777202,True,True
00431,00431/sva.sv,sva.sv,.sv,54,45,8,37,2105,262,526,7,0,6,13,18.91891891891892,True,True
04091,04091/sva.sv,sva.sv,.sv,90,73,26,47,4752,529,1188,19,0,1,19,40.42553191489361,True,True
02702,02702/sva.sv,sva.sv,.sv,187,157,27,130,9584,874,2396,44,0,12,56,33.84615384615385,True,True
00055,00055/sva.sv,sva.sv,.sv,57,46,17,29,2603,333,651,6,0,4,10,20.689655172413794,True,True
01187,01187/sva.sv,sva.sv,.sv,87,71,15,56,3079,409,770,10,0,6,17,17.857142857142858,True,True
00869,00869/sva.sv,sva.sv,.sv,45,35,9,26,2071,243,518,6,0,3,9,23.076923076923077,True,True
00267,00267/sva.sv,sva.sv,.sv,77,68,13,55,3378,329,844,11,0,6,17,20.0,True,True
02530,02530/sva.sv,sva.sv,.sv,176,155,22,133,7451,732,1863,22,0,10,32,16.541353383458645,True,True
01528,01528/sva.sv,sva.sv,.sv,115,92,33,59,4733,575,1183,21,0,6,26,35.59322033898305,True,True
03871,03871/sva.sv,sva.sv,.sv,80,66,18,48,2785,332,696,4,0,5,9,8.333333333333332,True,True
04268,04268/sva.sv,sva.sv,.sv,49,40,7,33,1434,224,358,6,0,6,12,18.181818181818183,True,True
03429,03429/sva.sv,sva.sv,.sv,65,53,12,41,2730,390,682,11,0,13,24,26.82926829268293,True,True
01970,01970/sva.sv,sva.sv,.sv,55,43,15,28,2575,340,644,5,0,4,9,17.857142857142858,True,True
00258,00258/sva.sv,sva.sv,.sv,50,42,9,33,1919,269,480,6,0,8,14,18.181818181818183,True,True
00856,00856/sva.sv,sva.sv,.sv,75,58,8,50,2908,448,727,4,0,7,15,8.0,True,True
01984,01984/sva.sv,sva.sv,.sv,64,56,8,48,1952,205,488,6,0,4,16,12.5,True,True
02359,02359/sva.sv,sva.sv,.sv,108,88,24,64,4007,461,1002,13,0,7,17,20.3125,True,True
03885,03885/sva.sv,sva.sv,.sv,57,47,10,37,1987,268,497,3,0,4,7,8.108108108108109,True,True
02957,02957/sva.sv,sva.sv,.sv,73,59,21,38,2935,354,734,9,0,2,12,23.684210526315788,True,True
00260,00260/sva.sv,sva.sv,.sv,69,54,16,38,2444,333,611,11,0,2,13,28.947368421052634,True,True
02537,02537/sva.sv,sva.sv,.sv,111,94,22,72,3743,447,936,6,0,7,20,8.333333333333332,True,True
02705,02705/sva.sv,sva.sv,.sv,77,65,16,49,3037,348,759,12,0,5,17,24.489795918367346,True,True
00052,00052/sva.sv,sva.sv,.sv,40,35,6,29,1705,211,426,5,0,9,14,17.24137931034483,True,True
01180,01180/sva.sv,sva.sv,.sv,61,51,8,43,2829,406,707,5,0,11,21,11.627906976744185,True,True
02361,02361/sva.sv,sva.sv,.sv,34,27,5,22,1546,287,386,5,0,8,13,22.727272727272727,True,True
00436,00436/sva.sv,sva.sv,.sv,96,74,26,48,4061,476,1015,13,0,8,21,27.083333333333332,True,True
04096,04096/sva.sv,sva.sv,.sv,146,123,11,112,5316,603,1329,17,0,14,0,15.178571428571427,True,False
00604,00604/sva.sv,sva.sv,.sv,56,44,12,32,2123,312,531,7,0,7,14,21.875,True,True
03081,03081/sva.sv,sva.sv,.sv,105,86,19,67,3931,406,983,16,0,3,19,23.88059701492537,True,True
02153,02153/sva.sv,sva.sv,.sv,50,41,7,34,2291,194,573,4,0,8,12,11.76470588235294,True,True
03247,03247/sva.sv,sva.sv,.sv,101,83,16,67,5415,529,1354,27,0,6,33,40.298507462686565,True,True
02395,02395/sva.sv,sva.sv,.sv,194,166,37,129,8919,1129,2230,28,0,11,41,21.705426356589147,True,True
01510,01510/sva.sv,sva.sv,.sv,57,47,11,36,2518,376,630,6,0,11,18,16.666666666666664,True,True
04062,04062/sva.sv,sva.sv,.sv,40,33,7,26,1319,161,330,4,0,9,0,15.384615384615385,True,False
01722,01722/sva.sv,sva.sv,.sv,81,70,24,46,2915,339,729,7,0,9,16,15.217391304347828,True,True
04250,04250/sva.sv,sva.sv,.sv,40,33,9,24,1794,229,448,8,0,4,12,33.33333333333333,True,True
03849,03849/sva.sv,sva.sv,.sv,71,60,16,44,2334,350,584,6,0,6,12,13.636363636363635,True,True
03075,03075/sva.sv,sva.sv,.sv,69,56,9,47,2216,319,554,4,0,25,29,8.51063829787234,True,True
00294,00294/sva.sv,sva.sv,.sv,93,78,16,62,4175,537,1044,18,0,3,21,29.03225806451613,True,True
01346,01346/sva.sv,sva.sv,.sv,64,50,12,38,2229,267,557,10,0,3,13,26.31578947368421,True,True
04634,04634/sva.sv,sva.sv,.sv,51,37,13,24,2272,275,568,10,0,3,13,41.66666666666667,True,True
03411,03411/sva.sv,sva.sv,.sv,113,101,18,83,3947,451,987,15,0,7,21,18.072289156626507,True,True
03623,03623/sva.sv,sva.sv,.sv,86,73,15,58,3594,454,898,15,0,10,25,25.862068965517242,True,True
01174,01174/sva.sv,sva.sv,.sv,93,81,12,69,4368,448,1092,14,0,5,19,20.28985507246377,True,True
04406,04406/sva.sv,sva.sv,.sv,69,58,9,49,2544,287,636,5,0,6,13,10.204081632653061,True,True
01948,01948/sva.sv,sva.sv,.sv,62,53,9,44,2646,286,662,14,0,6,12,31.818181818181817,True,True
03882,03882/sva.sv,sva.sv,.sv,36,28,10,18,2012,230,503,5,0,3,8,27.77777777777778,True,True
02950,02950/sva.sv,sva.sv,.sv,61,46,16,30,3563,325,891,13,0,9,22,43.333333333333336,True,True
00409,00409/sva.sv,sva.sv,.sv,44,41,4,37,1709,234,427,2,0,7,11,5.405405405405405,True,True
00851,00851/sva.sv,sva.sv,.sv,72,61,14,47,2933,379,733,7,0,5,12,14.893617021276595,True,True
01983,01983/sva.sv,sva.sv,.sv,120,100,16,84,4123,490,1031,13,0,9,22,15.476190476190476,True,True
02508,02508/sva.sv,sva.sv,.sv,50,41,9,32,2240,320,560,12,0,7,19,37.5,True,True
00099,00099/sva.sv,sva.sv,.sv,52,43,9,34,2249,327,562,5,0,14,18,14.705882352941178,True,True
04439,04439/sva.sv,sva.sv,.sv,38,33,6,27,1883,205,471,5,0,8,13,18.51851851851852,True,True
01977,01977/sva.sv,sva.sv,.sv,41,31,9,22,2083,246,521,7,0,6,13,31.818181818181817,True,True
01379,01379/sva.sv,sva.sv,.sv,27,20,5,15,1300,216,325,5,0,4,9,33.33333333333333,True,True
03876,03876/sva.sv,sva.sv,.sv,90,77,12,65,4091,371,1023,20,0,4,19,30.76923076923077,True,True
02198,02198/sva.sv,sva.sv,.sv,89,75,13,62,3333,435,833,13,0,6,19,20.967741935483872,True,True
03278,03278/sva.sv,sva.sv,.sv,101,84,16,68,4256,409,1064,16,0,5,20,23.52941176470588,True,True
03138,03138/sva.sv,sva.sv,.sv,155,133,20,113,6718,675,1680,25,0,11,36,22.123893805309734,True,True
03904,03904/sva.sv,sva.sv,.sv,43,36,6,30,1503,204,376,2,0,5,9,6.666666666666667,True,True
01805,01805/sva.sv,sva.sv,.sv,91,80,13,67,3735,415,934,19,0,14,33,28.35820895522388,True,True
01039,01039/sva.sv,sva.sv,.sv,51,40,8,32,2301,256,575,4,0,6,10,12.5,True,True
04779,04779/sva.sv,sva.sv,.sv,69,59,8,51,3465,441,866,4,0,11,15,7.8431372549019605,True,True
00923,00923/sva.sv,sva.sv,.sv,86,71,9,62,3590,383,898,9,0,8,17,14.516129032258066,True,True
02648,02648/sva.sv,sva.sv,.sv,77,58,12,46,2618,286,654,10,0,6,16,21.73913043478261,True,True
02822,02822/sva.sv,sva.sv,.sv,66,54,12,42,2854,336,714,7,0,5,12,16.666666666666664,True,True
00749,00749/sva.sv,sva.sv,.sv,81,68,10,58,3216,367,804,7,0,6,20,12.068965517241379,True,True
04746,04746/sva.sv,sva.sv,.sv,134,112,16,96,6666,589,1666,22,0,4,27,22.916666666666664,True,True
01234,01234/sva.sv,sva.sv,.sv,41,34,7,27,1074,143,268,3,0,2,5,11.11111111111111,True,True
03563,03563/sva.sv,sva.sv,.sv,45,36,6,30,2092,284,523,4,0,8,12,13.333333333333334,True,True
02683,02683/sva.sv,sva.sv,.sv,59,51,6,45,2210,311,552,2,0,10,12,4.444444444444445,True,True
03751,03751/sva.sv,sva.sv,.sv,56,43,13,30,1945,262,486,4,0,4,8,13.333333333333334,True,True
04574,04574/sva.sv,sva.sv,.sv,30,22,6,16,1176,188,294,6,0,6,12,37.5,True,True
01006,01006/sva.sv,sva.sv,.sv,50,40,8,32,1772,196,443,6,0,3,9,18.75,True,True
03335,03335/sva.sv,sva.sv,.sv,68,57,12,45,2655,409,664,10,0,7,17,22.22222222222222,True,True
04110,04110/sva.sv,sva.sv,.sv,42,35,8,27,1588,209,397,9,0,5,13,33.33333333333333,True,True
01462,01462/sva.sv,sva.sv,.sv,75,62,17,45,3366,418,842,6,0,12,18,13.333333333333334,True,True
04322,04322/sva.sv,sva.sv,.sv,104,86,20,66,4243,505,1061,12,0,6,18,18.181818181818183,True,True
01650,01650/sva.sv,sva.sv,.sv,32,24,7,17,1390,208,348,6,0,6,12,35.294117647058826,True,True
00782,00782/sva.sv,sva.sv,.sv,45,36,7,29,2114,308,528,6,0,7,19,20.689655172413794,True,True
03107,03107/sva.sv,sva.sv,.sv,49,40,9,31,2370,252,592,7,0,11,18,22.58064516129032,True,True
02213,02213/sva.sv,sva.sv,.sv,60,47,12,35,2109,266,527,9,0,3,10,25.71428571428571,True,True
01496,01496/sva.sv,sva.sv,.sv,59,53,7,46,2351,244,588,9,0,7,16,19.565217391304348,True,True
00544,00544/sva.sv,sva.sv,.sv,98,83,16,67,3627,376,907,17,0,1,18,25.37313432835821,True,True
00776,00776/sva.sv,sva.sv,.sv,133,109,29,80,6550,687,1638,24,0,8,32,30.0,True,True
02021,02021/sva.sv,sva.sv,.sv,42,34,10,24,2120,222,530,7,0,5,12,29.166666666666668,True,True
00312,00312/sva.sv,sva.sv,.sv,80,66,10,56,2958,421,740,6,0,10,16,10.714285714285714,True,True
02445,02445/sva.sv,sva.sv,.sv,64,48,16,32,2577,319,644,8,0,8,16,25.0,True,True
03597,03597/sva.sv,sva.sv,.sv,90,70,13,57,3491,371,873,17,0,3,20,29.82456140350877,True,True
02677,02677/sva.sv,sva.sv,.sv,69,59,19,40,2334,453,584,9,0,10,19,22.5,True,True
04580,04580/sva.sv,sva.sv,.sv,55,48,8,40,2143,316,536,7,0,8,0,17.5,True,False
00120,00120/sva.sv,sva.sv,.sv,128,110,19,91,4899,711,1225,14,0,12,26,15.384615384615385,True,True
02019,02019/sva.sv,sva.sv,.sv,93,72,17,55,3247,396,812,10,0,5,15,18.181818181818183,True,True
02825,02825/sva.sv,sva.sv,.sv,77,64,14,50,3125,372,781,13,0,4,14,26.0,True,True
00924,00924/sva.sv,sva.sv,.sv,46,35,14,21,1908,265,477,8,0,2,10,38.095238095238095,True,True
00118,00118/sva.sv,sva.sv,.sv,104,90,21,69,3773,518,943,29,0,5,34,42.028985507246375,True,True
02489,02489/sva.sv,sva.sv,.sv,39,30,8,22,1919,238,480,6,0,12,18,27.27272727272727,True,True
01802,01802/sva.sv,sva.sv,.sv,29,24,6,18,1094,152,274,3,0,4,7,16.666666666666664,True,True
03769,03769/sva.sv,sva.sv,.sv,80,65,7,58,3671,450,918,10,0,8,9,17.24137931034483,True,True
04128,04128/sva.sv,sva.sv,.sv,99,84,11,73,3953,391,988,21,0,6,27,28.767123287671232,True,True
00588,00588/sva.sv,sva.sv,.sv,48,43,6,37,2097,282,524,3,0,5,10,8.108108108108109,True,True
03903,03903/sva.sv,sva.sv,.sv,40,30,9,21,1731,253,433,5,0,5,10,23.809523809523807,True,True
01668,01668/sva.sv,sva.sv,.sv,61,47,16,31,2372,342,593,10,0,12,22,32.25806451612903,True,True
02670,02670/sva.sv,sva.sv,.sv,100,86,8,78,3691,408,923,6,0,9,15,7.6923076923076925,True,True
04587,04587/sva.sv,sva.sv,.sv,77,64,10,54,3624,447,906,20,0,10,30,37.03703703703704,True,True
00127,00127/sva.sv,sva.sv,.sv,171,145,23,122,7820,860,1955,31,0,13,44,25.40983606557377,True,True
00315,00315/sva.sv,sva.sv,.sv,164,143,24,119,7877,810,1969,36,0,8,45,30.252100840336134,True,True
02442,02442/sva.sv,sva.sv,.sv,48,39,8,31,2146,254,536,8,0,6,14,25.806451612903224,True,True
03590,03590/sva.sv,sva.sv,.sv,74,62,21,41,2807,360,702,10,0,7,17,24.390243902439025,True,True
00771,00771/sva.sv,sva.sv,.sv,36,28,8,20,1442,212,360,5,0,6,11,25.0,True,True
02026,02026/sva.sv,sva.sv,.sv,39,33,8,25,1881,279,470,9,0,5,14,36.0,True,True
02214,02214/sva.sv,sva.sv,.sv,41,33,9,24,1865,206,466,5,0,4,9,20.833333333333336,True,True
01491,01491/sva.sv,sva.sv,.sv,41,32,7,25,1314,196,328,7,0,7,13,28.000000000000004,True,True
00543,00543/sva.sv,sva.sv,.sv,87,69,15,54,4049,415,1012,19,0,9,28,35.18518518518518,True,True
04325,04325/sva.sv,sva.sv,.sv,113,101,10,91,4436,618,1109,14,0,24,0,15.384615384615385,True,False
01657,01657/sva.sv,sva.sv,.sv,40,35,7,28,2109,285,527,7,0,6,13,25.0,True,True
00785,00785/sva.sv,sva.sv,.sv,52,42,11,31,2024,296,506,7,0,7,14,22.58064516129032,True,True
03100,03100/sva.sv,sva.sv,.sv,31,23,7,16,1238,186,310,4,0,8,12,25.0,True,True
03332,03332/sva.sv,sva.sv,.sv,68,56,8,48,2950,407,738,8,0,9,17,16.666666666666664,True,True
04117,04117/sva.sv,sva.sv,.sv,30,23,6,17,1492,224,373,6,0,5,12,35.294117647058826,True,True
01465,01465/sva.sv,sva.sv,.sv,126,105,17,88,4143,485,1036,19,0,10,30,21.59090909090909,True,True
02684,02684/sva.sv,sva.sv,.sv,44,36,5,31,1905,175,476,5,0,7,12,16.129032258064516,True,True
03756,03756/sva.sv,sva.sv,.sv,162,131,19,112,7839,775,1960,43,0,11,54,38.392857142857146,True,True
04573,04573/sva.sv,sva.sv,.sv,47,37,9,28,1799,223,450,12,0,11,23,42.857142857142854,True,True
01001,01001/sva.sv,sva.sv,.sv,50,40,11,29,2333,280,583,15,0,5,18,51.724137931034484,True,True
04741,04741/sva.sv,sva.sv,.sv,105,88,13,75,4252,520,1063,14,0,7,20,18.666666666666668,True,True
01233,01233/sva.sv,sva.sv,.sv,39,30,7,23,1385,168,346,8,0,4,11,34.78260869565217,True,True
03564,03564/sva.sv,sva.sv,.sv,58,43,12,31,3141,298,785,10,0,14,24,32.25806451612903,True,True
03599,03599/sva.sv,sva.sv,.sv,43,37,7,30,1929,247,482,5,0,18,27,16.666666666666664,True,True
02679,02679/sva.sv,sva.sv,.sv,47,38,12,26,2016,283,504,4,0,4,8,15.384615384615385,True,True
00912,00912/sva.sv,sva.sv,.sv,103,84,16,68,4156,479,1039,16,0,6,22,23.52941176470588,True,True
01498,01498/sva.sv,sva.sv,.sv,93,73,19,54,3951,598,988,15,0,21,36,27.77777777777778,True,True
00778,00778/sva.sv,sva.sv,.sv,40,33,7,26,1953,290,488,6,0,7,13,23.076923076923077,True,True
02813,02813/sva.sv,sva.sv,.sv,44,37,6,31,1744,211,436,5,0,8,13,16.129032258064516,True,True
03109,03109/sva.sv,sva.sv,.sv,136,122,16,106,6888,621,1722,23,0,11,33,21.69811320754717,True,True
03935,03935/sva.sv,sva.sv,.sv,62,50,12,38,2345,285,586,11,0,2,11,28.947368421052634,True,True
04748,04748/sva.sv,sva.sv,.sv,39,31,7,24,1783,289,446,4,0,16,20,16.666666666666664,True,True
01834,01834/sva.sv,sva.sv,.sv,133,102,18,84,5189,544,1297,33,0,3,36,39.285714285714285,True,True
01008,01008/sva.sv,sva.sv,.sv,30,25,4,21,1006,126,252,5,0,3,8,23.809523809523807,True,True
02010,02010/sva.sv,sva.sv,.sv,38,31,6,25,2422,439,606,6,0,11,17,24.0,True,True
00747,00747/sva.sv,sva.sv,.sv,72,63,8,55,2813,294,703,6,0,12,16,10.909090909090908,True,True
01695,01695/sva.sv,sva.sv,.sv,58,45,11,34,2382,353,596,9,0,12,22,26.47058823529412,True,True
00575,00575/sva.sv,sva.sv,.sv,103,89,19,70,4040,515,1010,15,0,9,24,21.428571428571427,True,True
02222,02222/sva.sv,sva.sv,.sv,144,125,22,103,5245,515,1311,15,2,4,21,14.563106796116504,True,True
00111,00111/sva.sv,sva.sv,.sv,81,68,18,50,3001,415,750,6,0,18,0,12.0,True,False
03794,03794/sva.sv,sva.sv,.sv,77,70,12,58,3577,501,894,10,0,21,31,17.24137931034483,True,True
02646,02646/sva.sv,sva.sv,.sv,37,32,6,26,1564,177,391,7,0,6,13,26.923076923076923,True,True
02474,02474/sva.sv,sva.sv,.sv,39,31,6,25,1663,229,416,4,0,6,12,16.0,True,True
04783,04783/sva.sv,sva.sv,.sv,58,49,12,37,3042,436,760,11,0,13,30,29.72972972972973,True,True
00323,00323/sva.sv,sva.sv,.sv,61,50,9,41,1978,252,494,7,0,3,10,17.073170731707318,True,True
04545,04545/sva.sv,sva.sv,.sv,55,48,7,41,2101,253,525,7,0,11,0,17.073170731707318,True,False
01037,01037/sva.sv,sva.sv,.sv,52,44,8,36,2799,382,700,8,0,9,17,22.22222222222222,True,True
03760,03760/sva.sv,sva.sv,.sv,59,48,7,41,2594,306,648,11,0,5,16,26.82926829268293,True,True
03552,03552/sva.sv,sva.sv,.sv,74,61,10,51,3055,373,764,11,0,8,19,21.568627450980394,True,True
02480,02480/sva.sv,sva.sv,.sv,44,36,8,28,1906,272,476,8,0,10,10,28.57142857142857,True,True
04777,04777/sva.sv,sva.sv,.sv,69,56,13,43,2449,337,612,8,0,8,16,18.6046511627907,True,True
01205,01205/sva.sv,sva.sv,.sv,29,25,4,21,1117,128,279,3,0,1,0,14.285714285714285,True,False
03136,03136/sva.sv,sva.sv,.sv,35,30,7,23,1510,216,378,5,0,8,13,21.73913043478261,True,True
04313,04313/sva.sv,sva.sv,.sv,88,76,13,63,4527,405,1132,22,0,10,32,34.92063492063492,True,True
01661,01661/sva.sv,sva.sv,.sv,146,127,17,110,4942,550,1236,8,0,4,20,7.2727272727272725,True,True
04121,04121/sva.sv,sva.sv,.sv,100,85,16,69,3846,420,962,3,0,4,10,4.3478260869565215,True,True
00581,00581/sva.sv,sva.sv,.sv,39,33,8,25,2132,267,533,15,0,7,22,60.0,True,True
01453,01453/sva.sv,sva.sv,.sv,40,33,8,25,1930,210,482,8,0,5,13,32.0,True,True
03304,03304/sva.sv,sva.sv,.sv,217,189,39,150,7982,702,1996,16,1,5,31,10.666666666666668,True,True
03758,03758/sva.sv,sva.sv,.sv,57,47,9,38,1727,214,432,6,0,5,11,15.789473684210526,True,True
01833,01833/sva.sv,sva.sv,.sv,57,49,8,41,2808,288,702,11,0,9,20,26.82926829268293,True,True
01659,01659/sva.sv,sva.sv,.sv,111,92,23,69,4986,611,1246,24,0,4,28,34.78260869565217,True,True
03932,03932/sva.sv,sva.sv,.sv,51,41,9,32,1561,188,390,4,0,3,10,12.5,True,True
04119,04119/sva.sv,sva.sv,.sv,63,54,12,42,1860,258,465,5,0,5,10,11.904761904761903,True,True
02028,02028/sva.sv,sva.sv,.sv,41,33,6,27,1287,176,322,5,0,3,10,18.51851851851852,True,True
02814,02814/sva.sv,sva.sv,.sv,49,40,10,30,1853,239,463,9,0,4,13,30.0,True,True
04589,04589/sva.sv,sva.sv,.sv,44,36,10,26,2405,235,601,9,0,4,13,34.61538461538461,True,True
00915,00915/sva.sv,sva.sv,.sv,53,42,8,34,2158,256,540,5,0,9,19,14.705882352941178,True,True
00129,00129/sva.sv,sva.sv,.sv,38,33,5,28,1645,192,411,9,0,4,13,32.142857142857146,True,True
04126,04126/sva.sv,sva.sv,.sv,55,47,7,40,2302,319,576,7,0,6,13,17.5,True,True
00586,00586/sva.sv,sva.sv,.sv,28,21,7,14,920,115,230,5,0,4,9,35.714285714285715,True,True
01454,01454/sva.sv,sva.sv,.sv,60,51,8,43,1990,221,498,6,0,3,9,13.953488372093023,True,True
03303,03303/sva.sv,sva.sv,.sv,51,44,10,34,1779,293,445,5,0,11,0,14.705882352941178,True,False
03131,03131/sva.sv,sva.sv,.sv,52,40,11,29,2576,249,644,11,0,5,16,37.93103448275862,True,True
04314,04314/sva.sv,sva.sv,.sv,43,33,9,24,1783,239,446,6,0,6,13,25.0,True,True
01666,01666/sva.sv,sva.sv,.sv,53,41,8,33,1742,194,436,8,0,7,15,24.242424242424242,True,True
03555,03555/sva.sv,sva.sv,.sv,67,52,14,38,3238,369,810,17,0,5,22,44.73684210526316,True,True
02487,02487/sva.sv,sva.sv,.sv,78,64,19,45,3569,419,892,9,0,13,22,20.0,True,True
04770,04770/sva.sv,sva.sv,.sv,45,36,9,27,1855,303,464,8,0,5,13,29.629629629629626,True,True
01202,01202/sva.sv,sva.sv,.sv,66,52,15,37,3518,430,880,18,0,6,24,48.64864864864865,True,True
04542,04542/sva.sv,sva.sv,.sv,93,80,15,65,3400,427,850,10,0,3,10,15.384615384615385,True,True
01030,01030/sva.sv,sva.sv,.sv,99,85,14,71,3396,407,849,6,0,7,13,8.450704225352112,True,True
03767,03767/sva.sv,sva.sv,.sv,47,37,10,27,1568,219,392,7,0,3,10,25.925925925925924,True,True
02473,02473/sva.sv,sva.sv,.sv,75,61,19,42,3054,389,764,12,0,5,17,28.57142857142857,True,True
04784,04784/sva.sv,sva.sv,.sv,32,24,8,16,1015,155,254,4,0,4,8,25.0,True,True
00324,00324/sva.sv,sva.sv,.sv,41,31,7,24,1589,182,397,5,0,9,14,20.833333333333336,True,True
00116,00116/sva.sv,sva.sv,.sv,65,53,13,40,2826,450,706,6,0,20,27,15.0,True,True
03793,03793/sva.sv,sva.sv,.sv,96,79,13,66,4976,544,1244,26,0,5,31,39.39393939393939,True,True
02641,02641/sva.sv,sva.sv,.sv,127,102,24,78,5017,543,1254,27,0,9,30,34.61538461538461,True,True
00572,00572/sva.sv,sva.sv,.sv,88,70,24,46,4278,490,1070,32,0,4,36,69.56521739130434,True,True
02225,02225/sva.sv,sva.sv,.sv,221,191,22,169,13615,1031,3404,58,0,17,34,34.319526627218934,True,True
02017,02017/sva.sv,sva.sv,.sv,140,109,24,85,6234,588,1558,25,0,13,38,29.411764705882355,True,True
00740,00740/sva.sv,sva.sv,.sv,49,41,6,35,2133,270,533,4,0,9,14,11.428571428571429,True,True
01692,01692/sva.sv,sva.sv,.sv,109,89,18,71,3138,409,784,12,0,9,21,16.901408450704224,True,True
01632,01632/sva.sv,sva.sv,.sv,58,50,6,44,2120,268,530,3,0,6,11,6.8181818181818175,True,True
04340,04340/sva.sv,sva.sv,.sv,53,43,11,32,1729,254,432,5,0,4,9,15.625,True,True
03959,03959/sva.sv,sva.sv,.sv,72,60,11,49,2490,306,622,8,0,6,14,16.3265306122449,True,True
03165,03165/sva.sv,sva.sv,.sv,51,42,8,34,1859,216,465,5,0,5,13,14.705882352941178,True,True
02285,02285/sva.sv,sva.sv,.sv,146,123,13,110,8188,627,2047,49,0,7,56,44.54545454545455,True,True
03357,03357/sva.sv,sva.sv,.sv,38,29,8,21,1345,194,336,5,0,2,7,23.809523809523807,True,True
01400,01400/sva.sv,sva.sv,.sv,54,46,7,39,2231,283,558,4,0,6,10,10.256410256410255,True,True
04172,04172/sva.sv,sva.sv,.sv,92,78,15,63,3353,418,838,7,0,10,22,11.11111111111111,True,True
03733,03733/sva.sv,sva.sv,.sv,203,157,40,117,8250,900,2062,33,0,9,42,28.205128205128204,True,True
01064,01064/sva.sv,sva.sv,.sv,69,57,9,48,2357,280,589,6,0,5,11,12.5,True,True
01858,01858/sva.sv,sva.sv,.sv,25,19,4,15,889,126,222,3,0,3,6,20.0,True,True
04516,04516/sva.sv,sva.sv,.sv,45,37,9,28,1673,230,418,5,0,5,10,17.857142857142858,True,True
01256,01256/sva.sv,sva.sv,.sv,74,62,15,47,3019,392,755,5,0,4,9,10.638297872340425,True,True
00384,00384/sva.sv,sva.sv,.sv,32,25,7,18,1234,191,308,4,0,5,9,22.22222222222222,True,True
04724,04724/sva.sv,sva.sv,.sv,71,60,17,43,2336,322,584,9,0,5,14,20.930232558139537,True,True
03501,03501/sva.sv,sva.sv,.sv,59,45,11,34,2841,275,710,10,0,4,14,29.411764705882355,True,True
02615,02615/sva.sv,sva.sv,.sv,77,61,15,46,2700,353,675,4,0,6,10,8.695652173913043,True,True
01090,01090/sva.sv,sva.sv,.sv,121,100,11,89,5799,673,1450,10,0,8,18,11.235955056179774,True,True
00142,00142/sva.sv,sva.sv,.sv,62,53,9,44,2940,302,735,10,0,5,15,22.727272727272727,True,True
00370,00370/sva.sv,sva.sv,.sv,65,54,17,37,3211,391,803,13,0,6,19,35.13513513513514,True,True
02427,02427/sva.sv,sva.sv,.sv,57,46,11,35,2127,310,532,10,0,9,18,28.57142857142857,True,True
00714,00714/sva.sv,sva.sv,.sv,73,62,10,52,3956,367,989,17,0,4,21,32.69230769230769,True,True
02043,02043/sva.sv,sva.sv,.sv,63,48,14,34,2138,269,534,7,0,4,12,20.588235294117645,True,True
03191,03191/sva.sv,sva.sv,.sv,86,69,26,43,3815,457,954,20,0,4,24,46.51162790697674,True,True
02271,02271/sva.sv,sva.sv,.sv,66,54,11,43,2546,305,636,10,0,8,18,23.25581395348837,True,True
00526,00526/sva.sv,sva.sv,.sv,67,51,13,38,3282,352,820,7,0,8,15,18.421052631578945,True,True
04186,04186/sva.sv,sva.sv,.sv,44,35,7,28,1681,234,420,4,0,6,10,14.285714285714285,True,True
01269,01269/sva.sv,sva.sv,.sv,100,78,18,60,4224,432,1056,14,0,5,19,23.333333333333332,True,True
00189,00189/sva.sv,sva.sv,.sv,48,38,11,27,1824,241,456,12,0,4,16,44.44444444444444,True,True
01867,01867/sva.sv,sva.sv,.sv,33,24,8,16,1400,186,350,6,0,5,11,37.5,True,True
04529,04529/sva.sv,sva.sv,.sv,163,128,12,116,6861,702,1715,28,0,10,38,24.137931034482758,True,True
03368,03368/sva.sv,sva.sv,.sv,30,25,5,20,1200,157,300,2,0,1,4,10.0,True,True
03966,03966/sva.sv,sva.sv,.sv,40,30,10,20,1973,211,493,7,0,6,13,35.0,True,True
02088,02088/sva.sv,sva.sv,.sv,93,75,21,54,4232,518,1058,35,0,6,41,64.81481481481481,True,True
00519,00519/sva.sv,sva.sv,.sv,66,57,13,44,2579,302,645,11,0,9,15,25.0,True,True
02840,02840/sva.sv,sva.sv,.sv,42,37,8,29,1708,266,427,3,0,4,0,10.344827586206897,True,False
03992,03992/sva.sv,sva.sv,.sv,49,41,11,30,2049,251,512,5,0,5,9,16.666666666666664,True,True
02418,02418/sva.sv,sva.sv,.sv,93,75,14,61,5114,440,1278,25,0,7,32,40.98360655737705,True,True
01893,01893/sva.sv,sva.sv,.sv,38,30,8,22,1629,194,407,6,0,4,10,27.27272727272727,True,True
00941,00941/sva.sv,sva.sv,.sv,62,45,20,25,2551,328,638,12,0,9,21,48.0,True,True
02276,02276/sva.sv,sva.sv,.sv,50,42,9,33,1997,257,499,11,0,5,16,33.33333333333333,True,True
00521,00521/sva.sv,sva.sv,.sv,107,90,25,65,5287,654,1322,37,0,7,44,56.92307692307692,True,True
04181,04181/sva.sv,sva.sv,.sv,39,29,10,19,1422,201,356,8,0,4,13,42.10526315789473,True,True
00713,00713/sva.sv,sva.sv,.sv,47,36,10,26,2022,249,506,6,1,3,10,23.076923076923077,True,True
02878,02878/sva.sv,sva.sv,.sv,104,80,14,66,4413,542,1103,21,0,5,24,31.818181818181817,True,True
02044,02044/sva.sv,sva.sv,.sv,79,65,16,49,3973,446,993,31,0,2,33,63.26530612244898,True,True
03196,03196/sva.sv,sva.sv,.sv,70,60,10,50,4126,364,1032,26,3,5,34,52.0,True,True
00377,00377/sva.sv,sva.sv,.sv,48,39,9,30,2155,329,539,8,0,10,18,26.666666666666668,True,True
02420,02420/sva.sv,sva.sv,.sv,49,43,8,35,2283,347,571,8,0,8,16,22.857142857142858,True,True
02612,02612/sva.sv,sva.sv,.sv,39,34,5,29,1458,182,364,4,0,5,9,13.793103448275861,True,True
01097,01097/sva.sv,sva.sv,.sv,55,44,10,34,2323,287,581,9,0,5,14,26.47058823529412,True,True
00145,00145/sva.sv,sva.sv,.sv,46,38,11,27,2266,298,566,4,0,6,10,14.814814814814813,True,True
00979,00979/sva.sv,sva.sv,.sv,87,73,13,60,3516,362,879,5,0,9,20,8.333333333333332,True,True
01251,01251/sva.sv,sva.sv,.sv,96,85,18,67,3416,425,854,15,0,12,23,22.388059701492537,True,True
00383,00383/sva.sv,sva.sv,.sv,68,56,17,39,2354,329,588,5,0,8,15,12.82051282051282,True,True
04723,04723/sva.sv,sva.sv,.sv,146,117,17,100,7107,579,1777,28,0,8,36,28.000000000000004,True,True
03506,03506/sva.sv,sva.sv,.sv,258,216,17,199,10707,679,2677,27,0,4,31,13.5678391959799,True,True
03734,03734/sva.sv,sva.sv,.sv,120,103,15,88,4075,504,1019,7,0,11,18,7.954545454545454,True,True
01063,01063/sva.sv,sva.sv,.sv,54,45,9,36,2033,282,508,6,0,14,20,16.666666666666664,True,True
04511,04511/sva.sv,sva.sv,.sv,35,29,8,21,1250,169,312,5,0,3,8,23.809523809523807,True,True
02282,02282/sva.sv,sva.sv,.sv,66,56,14,42,2359,320,590,6,0,5,11,14.285714285714285,True,True
03350,03350/sva.sv,sva.sv,.sv,37,29,10,19,1550,173,388,4,0,5,10,21.052631578947366,True,True
01407,01407/sva.sv,sva.sv,.sv,52,42,15,27,2425,301,606,6,0,11,16,22.22222222222222,True,True
04175,04175/sva.sv,sva.sv,.sv,46,40,5,35,2949,330,737,5,0,14,19,14.285714285714285,True,True
01635,01635/sva.sv,sva.sv,.sv,69,58,13,45,2689,322,672,10,0,5,15,22.22222222222222,True,True
04347,04347/sva.sv,sva.sv,.sv,63,52,11,41,3021,266,755,9,0,2,11,21.951219512195124,True,True
03162,03162/sva.sv,sva.sv,.sv,45,36,12,24,2463,279,616,17,0,4,20,70.83333333333334,True,True
01894,01894/sva.sv,sva.sv,.sv,42,35,8,27,1786,277,446,11,0,7,0,40.74074074074074,True,False
00946,00946/sva.sv,sva.sv,.sv,77,69,10,59,3443,347,861,9,0,5,7,15.254237288135593,True,True
00348,00348/sva.sv,sva.sv,.sv,105,84,17,67,4489,459,1122,33,0,5,39,49.25373134328358,True,True
02847,02847/sva.sv,sva.sv,.sv,61,51,12,39,2913,328,728,8,0,6,13,20.51282051282051,True,True
03995,03995/sva.sv,sva.sv,.sv,59,49,10,39,2039,272,510,8,0,2,10,20.51282051282051,True,True
02249,02249/sva.sv,sva.sv,.sv,74,61,12,49,3033,313,758,15,0,4,19,30.612244897959183,True,True
03961,03961/sva.sv,sva.sv,.sv,82,63,17,46,3573,442,893,13,2,5,20,28.26086956521739,True,True
04378,04378/sva.sv,sva.sv,.sv,43,34,8,26,1810,241,452,8,0,4,12,30.76923076923077,True,True
01438,01438/sva.sv,sva.sv,.sv,72,57,15,42,3032,418,758,9,0,6,15,21.428571428571427,True,True
01860,01860/sva.sv,sva.sv,.sv,38,28,7,21,1605,237,401,7,0,8,15,33.33333333333333,True,True
03539,03539/sva.sv,sva.sv,.sv,176,160,15,145,8058,925,2014,8,0,21,29,5.517241379310345,True,True
02416,02416/sva.sv,sva.sv,.sv,35,30,4,26,1732,221,433,2,0,8,12,7.6923076923076925,True,True
00341,00341/sva.sv,sva.sv,.sv,84,72,12,60,4824,465,1206,18,0,6,24,30.0,True,True
01293,01293/sva.sv,sva.sv,.sv,40,34,7,27,2117,276,529,10,0,5,15,37.03703703703704,True,True
00173,00173/sva.sv,sva.sv,.sv,82,66,19,47,3231,414,808,11,0,5,16,23.404255319148938,True,True
02624,02624/sva.sv,sva.sv,.sv,39,31,7,24,1675,268,419,3,0,7,10,12.5,True,True
00517,00517/sva.sv,sva.sv,.sv,94,76,16,60,3179,387,795,9,0,3,12,15.0,True,True
03392,03392/sva.sv,sva.sv,.sv,42,34,9,25,1550,189,388,5,0,3,8,20.0,True,True
02240,02240/sva.sv,sva.sv,.sv,69,59,8,51,2749,367,687,3,0,9,15,5.88235294117647,True,True
02072,02072/sva.sv,sva.sv,.sv,39,31,7,24,1620,209,405,9,0,8,18,37.5,True,True
00725,00725/sva.sv,sva.sv,.sv,69,54,16,38,2584,332,646,14,0,5,15,36.84210526315789,True,True
04385,04385/sva.sv,sva.sv,.sv,50,42,7,35,1659,197,415,7,0,4,11,20.0,True,True
01431,01431/sva.sv,sva.sv,.sv,54,47,7,40,2292,355,573,7,0,16,23,17.5,True,True
04143,04143/sva.sv,sva.sv,.sv,54,45,9,36,2102,226,526,10,0,3,13,27.77777777777778,True,True
03366,03366/sva.sv,sva.sv,.sv,45,37,8,29,1444,240,361,5,0,11,16,17.24137931034483,True,True
03968,03968/sva.sv,sva.sv,.sv,52,45,7,38,1756,250,439,3,0,12,0,7.894736842105263,True,False
03154,03154/sva.sv,sva.sv,.sv,101,85,22,63,4572,515,1143,27,0,8,35,42.857142857142854,True,True
02086,02086/sva.sv,sva.sv,.sv,99,82,14,68,2955,355,739,11,0,10,21,16.176470588235293,True,True
01603,01603/sva.sv,sva.sv,.sv,43,35,8,27,1764,205,441,6,0,3,9,22.22222222222222,True,True
04371,04371/sva.sv,sva.sv,.sv,46,34,12,22,1790,240,448,9,0,2,11,40.909090909090914,True,True
03530,03530/sva.sv,sva.sv,.sv,57,48,7,41,1882,276,470,2,0,11,13,4.878048780487805,True,True
01267,01267/sva.sv,sva.sv,.sv,44,35,10,25,1696,243,424,6,0,5,11,24.0,True,True
04715,04715/sva.sv,sva.sv,.sv,42,32,9,23,1872,219,468,7,0,5,12,30.434782608695656,True,True
00187,00187/sva.sv,sva.sv,.sv,66,57,11,46,2704,273,676,10,0,3,13,21.73913043478261,True,True
01055,01055/sva.sv,sva.sv,.sv,84,73,10,63,2980,344,745,6,0,8,8,9.523809523809524,True,True
04527,04527/sva.sv,sva.sv,.sv,82,70,13,57,2521,336,630,11,0,11,0,19.298245614035086,True,False
01869,01869/sva.sv,sva.sv,.sv,42,33,9,24,1462,181,366,4,0,3,7,16.666666666666664,True,True
03702,03702/sva.sv,sva.sv,.sv,65,57,12,45,3240,433,810,7,0,8,17,15.555555555555555,True,True
02871,02871/sva.sv,sva.sv,.sv,71,56,9,47,2524,382,631,7,0,9,16,14.893617021276595,True,True
00528,00528/sva.sv,sva.sv,.sv,56,46,10,36,1911,268,478,4,0,4,0,11.11111111111111,True,False
04188,04188/sva.sv,sva.sv,.sv,62,47,13,34,2655,277,664,15,0,5,20,44.11764705882353,True,True
00970,00970/sva.sv,sva.sv,.sv,35,28,7,21,1504,248,376,3,0,6,9,14.285714285714285,True,True
02429,02429/sva.sv,sva.sv,.sv,50,44,8,36,2560,339,640,2,0,12,16,5.555555555555555,True,True
04518,04518/sva.sv,sva.sv,.sv,80,67,23,44,2976,394,744,13,0,11,24,29.545454545454547,True,True
00984,00984/sva.sv,sva.sv,.sv,66,52,8,44,2672,273,668,6,0,7,13,13.636363636363635,True,True
01856,01856/sva.sv,sva.sv,.sv,125,108,19,89,6508,780,1627,27,0,30,57,30.337078651685395,True,True
01258,01258/sva.sv,sva.sv,.sv,42,34,6,28,1922,245,480,10,0,5,15,35.714285714285715,True,True
03957,03957/sva.sv,sva.sv,.sv,80,64,12,52,2857,363,714,6,0,7,13,11.538461538461538,True,True
02885,02885/sva.sv,sva.sv,.sv,80,71,8,63,3348,375,837,14,0,15,29,22.22222222222222,True,True
03359,03359/sva.sv,sva.sv,.sv,57,46,9,37,2074,226,518,5,0,9,14,13.513513513513514,True,True
00180,00180/sva.sv,sva.sv,.sv,41,33,8,25,1475,239,369,5,0,5,10,20.0,True,True
01052,01052/sva.sv,sva.sv,.sv,147,128,11,117,7354,1035,1838,6,0,14,26,5.128205128205128,True,True
04520,04520/sva.sv,sva.sv,.sv,152,134,24,110,5554,652,1388,21,0,28,0,19.090909090909093,True,False
03705,03705/sva.sv,sva.sv,.sv,102,84,14,70,3589,395,897,6,0,6,12,8.571428571428571,True,True
03537,03537/sva.sv,sva.sv,.sv,63,55,15,40,2664,391,666,12,0,16,28,30.0,True,True
01260,01260/sva.sv,sva.sv,.sv,133,115,22,93,5007,515,1252,18,0,3,19,19.35483870967742,True,True
04712,04712/sva.sv,sva.sv,.sv,80,67,12,55,3845,379,961,19,0,5,24,34.54545454545455,True,True
03153,03153/sva.sv,sva.sv,.sv,36,28,6,22,1627,191,407,6,0,5,11,27.27272727272727,True,True
02081,02081/sva.sv,sva.sv,.sv,69,58,9,49,3615,432,904,23,0,10,0,46.93877551020408,True,False
01604,01604/sva.sv,sva.sv,.sv,48,41,7,34,1938,254,484,7,0,6,13,20.588235294117645,True,True
04376,04376/sva.sv,sva.sv,.sv,89,77,12,65,3451,421,863,18,0,15,33,27.692307692307693,True,True
01436,01436/sva.sv,sva.sv,.sv,79,68,12,56,3238,493,810,25,0,14,40,44.642857142857146,True,True
04144,04144/sva.sv,sva.sv,.sv,92,76,19,57,3791,401,948,12,0,4,14,21.052631578947366,True,True
03361,03361/sva.sv,sva.sv,.sv,85,69,14,55,3972,413,993,12,0,8,20,21.818181818181817,True,True
02849,02849/sva.sv,sva.sv,.sv,114,96,16,80,5076,516,1269,28,1,5,34,35.0,True,True
02075,02075/sva.sv,sva.sv,.sv,26,20,4,16,1234,130,308,2,0,5,9,12.5,True,True
00722,00722/sva.sv,sva.sv,.sv,63,51,15,36,2499,304,625,9,0,4,13,25.0,True,True
04382,04382/sva.sv,sva.sv,.sv,43,37,7,30,1839,262,460,9,0,4,14,30.0,True,True
00510,00510/sva.sv,sva.sv,.sv,55,46,9,37,1998,291,500,5,0,9,19,13.513513513513514,True,True
03395,03395/sva.sv,sva.sv,.sv,50,41,8,33,2159,267,540,6,0,7,0,18.181818181818183,True,False
02247,02247/sva.sv,sva.sv,.sv,58,48,11,37,2749,291,687,12,0,4,16,32.432432432432435,True,True
00174,00174/sva.sv,sva.sv,.sv,42,35,8,27,1944,257,486,3,0,5,8,11.11111111111111,True,True
00948,00948/sva.sv,sva.sv,.sv,112,100,11,89,4131,423,1033,12,0,6,18,13.48314606741573,True,True
02623,02623/sva.sv,sva.sv,.sv,159,145,18,127,6524,656,1631,18,0,4,22,14.173228346456693,True,True
02411,02411/sva.sv,sva.sv,.sv,54,43,10,33,2428,263,607,8,0,9,17,24.242424242424242,True,True
00346,00346/sva.sv,sva.sv,.sv,190,162,29,133,9061,823,2265,46,0,9,55,34.58646616541353,True,True
01294,01294/sva.sv,sva.sv,.sv,73,62,9,53,2627,353,657,5,0,14,19,9.433962264150944,True,True
01409,01409/sva.sv,sva.sv,.sv,41,33,8,25,1368,228,342,4,0,2,7,16.0,True,True
04349,04349/sva.sv,sva.sv,.sv,39,31,6,25,1850,259,462,8,0,7,15,32.0,True,True
03950,03950/sva.sv,sva.sv,.sv,48,39,8,31,1436,199,359,10,0,6,16,32.25806451612903,True,True
02882,02882/sva.sv,sva.sv,.sv,70,56,12,44,3624,414,906,16,0,7,23,36.36363636363637,True,True
03508,03508/sva.sv,sva.sv,.sv,56,44,9,35,1940,251,485,6,0,8,14,17.142857142857142,True,True
00983,00983/sva.sv,sva.sv,.sv,91,76,21,55,3527,464,882,11,0,9,20,20.0,True,True
01851,01851/sva.sv,sva.sv,.sv,38,31,7,24,1934,226,484,7,0,6,13,29.166666666666668,True,True
00379,00379/sva.sv,sva.sv,.sv,155,132,13,119,5592,539,1398,4,0,4,7,3.361344537815126,True,True
01099,01099/sva.sv,sva.sv,.sv,49,42,7,35,1874,220,468,7,0,10,17,20.0,True,True
00977,00977/sva.sv,sva.sv,.sv,117,105,16,89,6460,1002,1615,13,0,9,22,14.606741573033707,True,True
02278,02278/sva.sv,sva.sv,.sv,74,62,11,51,2499,344,625,10,0,7,15,19.607843137254903,True,True
02876,02876/sva.sv,sva.sv,.sv,77,65,16,49,2429,327,607,6,0,6,12,12.244897959183673,True,True
03198,03198/sva.sv,sva.sv,.sv,73,60,10,50,2579,300,645,14,0,1,15,28.000000000000004,True,True
02815,02815/sva.sv,sva.sv,.sv,51,42,8,34,1825,213,456,5,0,1,6,14.705882352941178,True,True
02029,02029/sva.sv,sva.sv,.sv,27,23,4,19,865,113,216,5,0,4,9,26.31578947368421,True,True
00128,00128/sva.sv,sva.sv,.sv,36,28,7,21,1452,183,363,3,0,6,12,14.285714285714285,True,True
00914,00914/sva.sv,sva.sv,.sv,55,43,13,30,2157,285,539,6,0,3,9,20.0,True,True
04588,04588/sva.sv,sva.sv,.sv,67,56,10,46,2895,273,724,9,0,5,15,19.565217391304348,True,True
03759,03759/sva.sv,sva.sv,.sv,62,52,9,43,1712,228,428,8,0,6,14,18.6046511627907,True,True
01832,01832/sva.sv,sva.sv,.sv,48,39,11,28,1676,249,419,6,0,2,8,21.428571428571427,True,True
04118,04118/sva.sv,sva.sv,.sv,113,96,18,78,4362,475,1090,11,0,5,12,14.102564102564102,True,True
01658,01658/sva.sv,sva.sv,.sv,56,50,6,44,2012,241,503,12,0,5,0,27.27272727272727,True,False
03933,03933/sva.sv,sva.sv,.sv,53,42,11,31,2410,228,602,8,0,6,14,25.806451612903224,True,True
00117,00117/sva.sv,sva.sv,.sv,54,37,8,29,1858,275,464,5,0,10,15,17.24137931034483,True,True
03792,03792/sva.sv,sva.sv,.sv,55,40,12,28,2036,261,509,6,0,5,11,21.428571428571427,True,True
02640,02640/sva.sv,sva.sv,.sv,65,51,11,40,2399,298,600,20,1,4,21,50.0,True,True
02472,02472/sva.sv,sva.sv,.sv,86,73,14,59,3999,444,1000,10,0,10,21,16.94915254237288,True,True
00325,00325/sva.sv,sva.sv,.sv,60,49,13,36,2030,246,508,8,0,5,13,22.22222222222222,True,True
04785,04785/sva.sv,sva.sv,.sv,36,29,8,21,1575,194,394,5,0,12,17,23.809523809523807,True,True
02016,02016/sva.sv,sva.sv,.sv,61,51,12,39,2687,282,672,9,0,4,12,23.076923076923077,True,True
00741,00741/sva.sv,sva.sv,.sv,206,179,26,153,9223,1030,2306,36,0,13,49,23.52941176470588,True,True
01693,01693/sva.sv,sva.sv,.sv,72,60,10,50,3761,329,940,17,0,9,26,34.0,True,True
00573,00573/sva.sv,sva.sv,.sv,44,35,7,28,1556,200,389,4,0,2,7,14.285714285714285,True,True
02224,02224/sva.sv,sva.sv,.sv,56,45,17,28,2708,371,677,14,0,7,21,50.0,True,True
03130,03130/sva.sv,sva.sv,.sv,21,15,4,11,784,99,196,4,0,3,7,36.36363636363637,True,True
01667,01667/sva.sv,sva.sv,.sv,110,88,23,65,5027,550,1257,8,2,12,22,12.307692307692308,True,True
04315,04315/sva.sv,sva.sv,.sv,111,94,13,81,4098,513,1024,11,0,10,21,13.580246913580247,True,True
00587,00587/sva.sv,sva.sv,.sv,46,40,7,33,1597,208,399,4,0,3,0,12.121212121212121,True,False
01455,01455/sva.sv,sva.sv,.sv,54,45,8,37,1706,213,426,4,0,5,7,10.81081081081081,True,True
04127,04127/sva.sv,sva.sv,.sv,129,111,19,92,5275,591,1319,12,0,5,16,13.043478260869565,True,True
03302,03302/sva.sv,sva.sv,.sv,133,105,22,83,4993,579,1248,22,0,8,30,26.506024096385545,True,True
01031,01031/sva.sv,sva.sv,.sv,60,51,10,41,2721,332,680,12,0,10,12,29.268292682926827,True,True
04543,04543/sva.sv,sva.sv,.sv,79,67,22,45,3354,493,838,11,0,11,22,24.444444444444443,True,True
03766,03766/sva.sv,sva.sv,.sv,195,177,19,158,9943,913,2486,58,0,25,83,36.708860759493675,True,True
03554,03554/sva.sv,sva.sv,.sv,66,58,10,48,2725,331,681,18,0,2,20,37.5,True,True
02486,02486/sva.sv,sva.sv,.sv,52,46,10,36,1996,253,499,6,0,6,12,16.666666666666664,True,True
01203,01203/sva.sv,sva.sv,.sv,111,97,22,75,3748,435,937,6,0,11,22,8.0,True,True
04771,04771/sva.sv,sva.sv,.sv,55,47,7,40,1999,254,500,8,0,9,17,20.0,True,True
03934,03934/sva.sv,sva.sv,.sv,75,65,13,52,3031,330,758,8,0,6,14,15.384615384615385,True,True
03108,03108/sva.sv,sva.sv,.sv,118,104,14,90,4259,509,1065,18,0,6,24,20.0,True,True
01009,01009/sva.sv,sva.sv,.sv,113,96,14,82,5659,563,1415,21,0,7,28,25.609756097560975,True,True
01835,01835/sva.sv,sva.sv,.sv,54,48,9,39,1705,224,426,3,0,4,9,7.6923076923076925,True,True
04749,04749/sva.sv,sva.sv,.sv,100,88,14,74,3810,445,952,11,0,9,15,14.864864864864865,True,True
02678,02678/sva.sv,sva.sv,.sv,117,106,19,87,4411,544,1103,13,0,12,12,14.942528735632186,True,True
00913,00913/sva.sv,sva.sv,.sv,34,27,7,20,1311,175,328,3,0,5,11,15.0,True,True
03598,03598/sva.sv,sva.sv,.sv,66,57,9,48,3141,426,785,29,0,2,31,60.416666666666664,True,True
00779,00779/sva.sv,sva.sv,.sv,56,45,11,34,2336,301,584,7,0,5,11,20.588235294117645,True,True
02812,02812/sva.sv,sva.sv,.sv,108,96,8,88,4130,387,1032,14,0,8,22,15.909090909090908,True,True
01499,01499/sva.sv,sva.sv,.sv,79,64,16,48,4008,517,1002,25,0,10,35,52.083333333333336,True,True
03553,03553/sva.sv,sva.sv,.sv,62,55,10,45,2097,285,524,7,0,5,13,15.555555555555555,True,True
02481,02481/sva.sv,sva.sv,.sv,45,39,7,32,1879,231,470,4,0,6,10,12.5,True,True
01204,01204/sva.sv,sva.sv,.sv,33,24,10,14,1374,178,344,6,0,5,11,42.857142857142854,True,True
04776,04776/sva.sv,sva.sv,.sv,33,24,9,15,1325,191,331,6,0,5,11,40.0,True,True
01036,01036/sva.sv,sva.sv,.sv,40,33,7,26,1499,187,375,5,0,4,9,19.230769230769234,True,True
04544,04544/sva.sv,sva.sv,.sv,41,32,8,24,1187,189,297,5,0,6,11,20.833333333333336,True,True
03761,03761/sva.sv,sva.sv,.sv,55,46,10,36,2161,212,540,7,0,3,9,19.444444444444446,True,True
00580,00580/sva.sv,sva.sv,.sv,60,51,14,37,2466,318,616,11,0,5,16,29.72972972972973,True,True
01452,01452/sva.sv,sva.sv,.sv,58,49,10,39,2380,338,595,7,0,11,10,17.94871794871795,True,True
04120,04120/sva.sv,sva.sv,.sv,71,59,11,48,3740,420,935,14,0,18,32,29.166666666666668,True,True
03305,03305/sva.sv,sva.sv,.sv,57,48,9,39,2516,359,629,7,0,17,24,17.94871794871795,True,True
03137,03137/sva.sv,sva.sv,.sv,134,116,18,98,4918,586,1230,31,0,7,30,31.63265306122449,True,True
01660,01660/sva.sv,sva.sv,.sv,46,38,7,31,2043,234,511,4,0,8,12,12.903225806451612,True,True
04312,04312/sva.sv,sva.sv,.sv,53,41,17,24,2347,281,587,8,0,6,14,33.33333333333333,True,True
00574,00574/sva.sv,sva.sv,.sv,63,56,10,46,2744,298,686,12,0,4,16,26.08695652173913,True,True
02223,02223/sva.sv,sva.sv,.sv,55,43,9,34,2795,310,699,8,0,4,12,23.52941176470588,True,True
02011,02011/sva.sv,sva.sv,.sv,58,47,14,33,2172,290,543,7,0,6,13,21.21212121212121,True,True
00746,00746/sva.sv,sva.sv,.sv,55,45,17,28,2139,287,535,7,0,6,12,25.0,True,True
01694,01694/sva.sv,sva.sv,.sv,90,78,11,67,3324,366,831,19,0,3,22,28.35820895522388,True,True
02475,02475/sva.sv,sva.sv,.sv,76,63,10,53,2577,289,644,7,0,6,13,13.20754716981132,True,True
00322,00322/sva.sv,sva.sv,.sv,76,64,11,53,2632,307,658,8,0,4,14,15.09433962264151,True,True
04782,04782/sva.sv,sva.sv,.sv,46,37,6,31,1670,182,418,8,0,5,12,25.806451612903224,True,True
00110,00110/sva.sv,sva.sv,.sv,159,126,31,95,5992,635,1498,24,0,16,40,25.263157894736842,True,True
03795,03795/sva.sv,sva.sv,.sv,45,33,11,22,1859,211,465,8,0,3,10,36.36363636363637,True,True
02647,02647/sva.sv,sva.sv,.sv,119,98,21,77,5442,528,1360,27,0,5,32,35.064935064935064,True,True
01803,01803/sva.sv,sva.sv,.sv,80,69,11,58,2863,361,716,7,0,11,11,12.068965517241379,True,True
03768,03768/sva.sv,sva.sv,.sv,37,32,5,27,1429,194,357,5,0,5,10,18.51851851851852,True,True
02488,02488/sva.sv,sva.sv,.sv,90,76,15,61,3918,483,980,27,0,7,34,44.26229508196721,True,True
03902,03902/sva.sv,sva.sv,.sv,37,30,8,22,1863,242,466,3,0,6,9,13.636363636363635,True,True
01669,01669/sva.sv,sva.sv,.sv,37,29,7,22,1236,159,309,4,0,1,5,18.181818181818183,True,True
00589,00589/sva.sv,sva.sv,.sv,101,87,18,69,3989,522,997,30,2,6,38,43.47826086956522,True,True
04129,04129/sva.sv,sva.sv,.sv,67,53,9,44,2064,242,516,7,0,3,10,15.909090909090908,True,True
02824,02824/sva.sv,sva.sv,.sv,132,107,24,83,6517,621,1629,25,0,6,31,30.120481927710845,True,True
02018,02018/sva.sv,sva.sv,.sv,54,41,12,29,1895,267,474,11,0,7,18,37.93103448275862,True,True
00119,00119/sva.sv,sva.sv,.sv,72,62,10,52,2621,320,655,5,0,17,22,9.615384615384617,True,True
00925,00925/sva.sv,sva.sv,.sv,77,71,14,57,2503,308,626,9,0,11,0,15.789473684210526,True,False
03333,03333/sva.sv,sva.sv,.sv,71,61,9,52,3122,301,780,25,0,3,28,48.07692307692308,True,True
01464,01464/sva.sv,sva.sv,.sv,36,29,6,23,1220,184,305,5,3,6,14,21.73913043478261,True,True
04116,04116/sva.sv,sva.sv,.sv,59,45,13,32,3019,367,755,13,0,7,20,40.625,True,True
01656,01656/sva.sv,sva.sv,.sv,70,60,12,48,2716,299,679,19,0,7,25,39.58333333333333,True,True
00784,00784/sva.sv,sva.sv,.sv,43,34,8,26,1523,231,381,5,0,9,14,19.230769230769234,True,True
04324,04324/sva.sv,sva.sv,.sv,76,59,14,45,3319,416,830,13,0,10,23,28.888888888888886,True,True
03101,03101/sva.sv,sva.sv,.sv,68,55,14,41,2788,359,697,17,0,11,28,41.46341463414634,True,True
01232,01232/sva.sv,sva.sv,.sv,72,56,13,43,3532,435,883,20,0,13,33,46.51162790697674,True,True
04740,04740/sva.sv,sva.sv,.sv,75,61,13,48,3169,337,792,11,0,5,15,22.916666666666664,True,True
03565,03565/sva.sv,sva.sv,.sv,90,74,15,59,3535,439,884,8,0,6,14,13.559322033898304,True,True
02685,02685/sva.sv,sva.sv,.sv,83,73,11,62,4790,550,1198,17,0,9,26,27.419354838709676,True,True
03757,03757/sva.sv,sva.sv,.sv,89,76,12,64,4308,374,1077,10,0,5,15,15.625,True,True
01000,01000/sva.sv,sva.sv,.sv,90,72,15,57,3309,427,827,13,1,6,20,22.807017543859647,True,True
04572,04572/sva.sv,sva.sv,.sv,79,67,17,50,2845,311,711,4,0,6,8,8.0,True,True
00314,00314/sva.sv,sva.sv,.sv,98,81,17,64,3246,360,812,5,0,9,18,7.8125,True,True
02443,02443/sva.sv,sva.sv,.sv,97,82,13,69,6393,466,1598,27,0,24,50,39.130434782608695,True,True
03591,03591/sva.sv,sva.sv,.sv,52,40,9,31,1763,231,441,7,0,4,12,22.58064516129032,True,True
02671,02671/sva.sv,sva.sv,.sv,81,70,10,60,2955,336,739,6,0,5,13,10.0,True,True
00126,00126/sva.sv,sva.sv,.sv,51,41,9,32,2374,344,594,8,0,16,16,25.0,True,True
04586,04586/sva.sv,sva.sv,.sv,52,41,9,32,2223,246,556,13,0,6,19,40.625,True,True
02215,02215/sva.sv,sva.sv,.sv,48,40,11,29,1798,237,450,6,0,6,12,20.689655172413794,True,True
01490,01490/sva.sv,sva.sv,.sv,59,50,7,43,1940,262,485,5,0,5,15,11.627906976744185,True,True
00542,00542/sva.sv,sva.sv,.sv,204,171,24,147,8879,704,2220,14,0,8,22,9.523809523809524,True,True
00770,00770/sva.sv,sva.sv,.sv,49,41,8,33,1835,282,459,6,0,6,12,18.181818181818183,True,True
02027,02027/sva.sv,sva.sv,.sv,67,57,11,46,2463,300,616,5,0,2,7,10.869565217391305,True,True
00922,00922/sva.sv,sva.sv,.sv,77,66,8,58,2769,286,692,7,0,4,18,12.068965517241379,True,True
02649,02649/sva.sv,sva.sv,.sv,104,98,6,92,3546,391,886,20,0,16,0,21.73913043478261,True,False
02823,02823/sva.sv,sva.sv,.sv,66,56,10,46,2642,302,660,6,0,9,15,13.043478260869565,True,True
00748,00748/sva.sv,sva.sv,.sv,63,54,10,44,2750,331,688,10,0,4,14,22.727272727272727,True,True
03905,03905/sva.sv,sva.sv,.sv,106,86,23,63,5139,479,1285,21,0,5,26,33.33333333333333,True,True
03139,03139/sva.sv,sva.sv,.sv,70,54,16,38,2580,339,645,8,0,7,15,21.052631578947366,True,True
04778,04778/sva.sv,sva.sv,.sv,66,51,19,32,3055,373,764,10,0,10,20,31.25,True,True
01038,01038/sva.sv,sva.sv,.sv,123,97,16,81,4646,413,1162,18,0,5,27,22.22222222222222,True,True
01804,01804/sva.sv,sva.sv,.sv,134,115,28,87,6335,689,1584,28,0,3,32,32.18390804597701,True,True
00777,00777/sva.sv,sva.sv,.sv,45,35,7,28,2445,293,611,8,0,3,11,28.57142857142857,True,True
02020,02020/sva.sv,sva.sv,.sv,41,32,7,25,1701,186,425,8,0,4,12,32.0,True,True
02212,02212/sva.sv,sva.sv,.sv,45,37,9,28,1575,187,394,10,0,2,12,35.714285714285715,True,True
01497,01497/sva.sv,sva.sv,.sv,37,29,7,22,1447,192,362,6,0,5,11,27.27272727272727,True,True
00545,00545/sva.sv,sva.sv,.sv,60,49,14,35,2650,341,662,11,0,6,17,31.428571428571427,True,True
02676,02676/sva.sv,sva.sv,.sv,60,51,8,43,1842,300,460,8,0,3,3,18.6046511627907,True,True
00121,00121/sva.sv,sva.sv,.sv,54,44,9,35,1902,277,476,8,0,6,14,22.857142857142858,True,True
04581,04581/sva.sv,sva.sv,.sv,62,52,10,42,2222,246,556,8,0,6,14,19.047619047619047,True,True
00313,00313/sva.sv,sva.sv,.sv,117,100,15,85,7070,517,1768,17,0,4,21,20.0,True,True
02444,02444/sva.sv,sva.sv,.sv,47,39,7,32,1619,242,405,6,0,7,13,18.75,True,True
03596,03596/sva.sv,sva.sv,.sv,134,112,12,100,5597,564,1399,8,0,15,22,8.0,True,True
02682,02682/sva.sv,sva.sv,.sv,42,36,7,29,1239,158,310,2,0,10,14,6.896551724137931,True,True
03750,03750/sva.sv,sva.sv,.sv,81,66,15,51,3625,415,906,10,0,11,0,19.607843137254903,True,False
01007,01007/sva.sv,sva.sv,.sv,42,32,9,23,2023,268,506,5,0,7,12,21.73913043478261,True,True
04575,04575/sva.sv,sva.sv,.sv,324,280,25,255,18209,1321,4552,28,0,48,76,10.980392156862745,True,True
01235,01235/sva.sv,sva.sv,.sv,62,50,9,41,2663,253,666,7,0,10,17,17.073170731707318,True,True
04747,04747/sva.sv,sva.sv,.sv,129,105,19,86,4820,442,1205,7,0,3,10,8.13953488372093,True,True
03562,03562/sva.sv,sva.sv,.sv,38,32,4,28,1292,173,323,5,0,3,0,17.857142857142858,True,False
01651,01651/sva.sv,sva.sv,.sv,65,51,10,41,2443,304,611,8,0,4,12,19.51219512195122,True,True
00783,00783/sva.sv,sva.sv,.sv,64,54,12,42,3150,531,788,14,0,18,32,33.33333333333333,True,True
04323,04323/sva.sv,sva.sv,.sv,74,55,18,37,3138,343,784,21,0,6,27,56.75675675675676,True,True
03106,03106/sva.sv,sva.sv,.sv,74,65,9,56,3297,416,824,17,0,12,29,30.357142857142854,True,True
03334,03334/sva.sv,sva.sv,.sv,30,22,7,15,1494,184,374,7,0,4,11,46.666666666666664,True,True
01463,01463/sva.sv,sva.sv,.sv,41,32,10,22,1547,226,387,3,0,4,7,13.636363636363635,True,True
04111,04111/sva.sv,sva.sv,.sv,41,33,9,24,1797,259,449,3,0,16,19,12.5,True,True
00511,00511/sva.sv,sva.sv,.sv,29,24,5,19,1479,154,370,8,0,3,11,42.10526315789473,True,True
03394,03394/sva.sv,sva.sv,.sv,29,24,2,22,1076,140,269,4,0,8,12,18.181818181818183,True,True
02246,02246/sva.sv,sva.sv,.sv,61,52,8,44,2058,274,514,3,0,2,8,6.8181818181818175,True,True
02074,02074/sva.sv,sva.sv,.sv,33,28,5,23,1577,184,394,12,0,2,14,52.17391304347826,True,True
02848,02848/sva.sv,sva.sv,.sv,55,42,11,31,3057,330,764,17,0,6,23,54.83870967741935,True,True
04383,04383/sva.sv,sva.sv,.sv,30,23,6,17,1127,158,282,4,0,4,8,23.52941176470588,True,True
00723,00723/sva.sv,sva.sv,.sv,40,32,9,23,1777,232,444,6,0,7,13,26.08695652173913,True,True
02410,02410/sva.sv,sva.sv,.sv,77,64,17,47,3118,345,780,10,0,7,17,21.27659574468085,True,True
00347,00347/sva.sv,sva.sv,.sv,81,66,16,50,3695,455,924,18,0,8,26,36.0,True,True
01295,01295/sva.sv,sva.sv,.sv,102,86,23,63,3688,416,922,11,0,5,16,17.46031746031746,True,True
00949,00949/sva.sv,sva.sv,.sv,46,39,9,30,2074,281,518,18,0,8,26,60.0,True,True
00175,00175/sva.sv,sva.sv,.sv,68,56,12,44,2314,324,578,6,0,6,12,13.636363636363635,True,True
02622,02622/sva.sv,sva.sv,.sv,38,29,7,22,1692,218,423,7,0,6,13,31.818181818181817,True,True
03536,03536/sva.sv,sva.sv,.sv,40,33,9,24,1587,281,397,6,0,6,12,25.0,True,True
04713,04713/sva.sv,sva.sv,.sv,34,26,7,19,1577,206,394,3,0,6,9,15.789473684210526,True,True
01261,01261/sva.sv,sva.sv,.sv,77,66,27,39,2660,362,665,10,0,4,14,25.64102564102564,True,True
04521,04521/sva.sv,sva.sv,.sv,125,98,20,78,8823,669,2206,40,0,5,45,51.28205128205128,True,True
00181,00181/sva.sv,sva.sv,.sv,83,68,13,55,3408,363,852,9,0,11,20,16.363636363636363,True,True
01053,01053/sva.sv,sva.sv,.sv,68,55,12,43,2735,331,684,12,0,3,15,27.906976744186046,True,True
03704,03704/sva.sv,sva.sv,.sv,50,42,8,34,2131,288,533,7,0,6,13,20.588235294117645,True,True
04145,04145/sva.sv,sva.sv,.sv,56,43,12,31,3050,483,762,14,0,4,18,45.16129032258064,True,True
01437,01437/sva.sv,sva.sv,.sv,106,90,13,77,3791,450,948,7,0,11,25,9.090909090909092,True,True
03360,03360/sva.sv,sva.sv,.sv,79,68,11,57,3107,337,777,8,0,10,18,14.035087719298245,True,True
03152,03152/sva.sv,sva.sv,.sv,60,49,10,39,2113,271,528,3,0,5,11,7.6923076923076925,True,True
02080,02080/sva.sv,sva.sv,.sv,43,36,8,28,1300,179,325,5,0,2,10,17.857142857142858,True,True
04377,04377/sva.sv,sva.sv,.sv,77,63,11,52,2556,281,639,9,0,4,12,17.307692307692307,True,True
01605,01605/sva.sv,sva.sv,.sv,94,80,12,68,3463,357,866,20,0,4,23,29.411764705882355,True,True
00976,00976/sva.sv,sva.sv,.sv,93,80,13,67,3256,498,814,8,0,15,23,11.940298507462686,True,True
01098,01098/sva.sv,sva.sv,.sv,107,90,15,75,3205,423,801,6,0,7,13,8.0,True,True
00378,00378/sva.sv,sva.sv,.sv,40,32,9,23,1706,216,426,10,0,6,16,43.47826086956522,True,True
03199,03199/sva.sv,sva.sv,.sv,70,61,15,46,2526,332,632,3,0,8,14,6.521739130434782,True,True
02877,02877/sva.sv,sva.sv,.sv,61,49,12,37,2905,434,726,9,0,11,20,24.324324324324326,True,True
02279,02279/sva.sv,sva.sv,.sv,30,24,7,17,1071,165,268,5,0,3,8,29.411764705882355,True,True
04348,04348/sva.sv,sva.sv,.sv,53,42,9,33,1568,237,392,7,0,2,9,21.21212121212121,True,True
03951,03951/sva.sv,sva.sv,.sv,54,45,10,35,1648,244,412,3,0,8,0,8.571428571428571,True,False
02883,02883/sva.sv,sva.sv,.sv,106,90,12,78,4061,423,1015,11,0,6,19,14.102564102564102,True,True
01408,01408/sva.sv,sva.sv,.sv,39,32,7,25,1086,137,272,2,0,1,0,8.0,True,False
00982,00982/sva.sv,sva.sv,.sv,107,83,30,53,4169,541,1042,12,0,4,16,22.641509433962266,True,True
01850,01850/sva.sv,sva.sv,.sv,134,111,21,90,6141,651,1535,29,0,5,33,32.22222222222222,True,True
03509,03509/sva.sv,sva.sv,.sv,43,32,9,23,1651,181,413,7,0,9,15,30.434782608695656,True,True
03155,03155/sva.sv,sva.sv,.sv,42,38,4,34,1675,269,419,9,0,7,0,26.47058823529412,True,False
02087,02087/sva.sv,sva.sv,.sv,93,78,13,65,3539,429,885,15,0,6,22,23.076923076923077,True,True
03969,03969/sva.sv,sva.sv,.sv,60,51,13,38,2859,329,715,9,0,14,23,23.684210526315788,True,True
04370,04370/sva.sv,sva.sv,.sv,57,49,6,43,1705,215,426,6,0,8,8,13.953488372093023,True,True
01602,01602/sva.sv,sva.sv,.sv,45,36,8,28,1947,251,487,6,0,4,10,21.428571428571427,True,True
04142,04142/sva.sv,sva.sv,.sv,37,33,5,28,1405,204,351,2,0,10,0,7.142857142857142,True,False
01430,01430/sva.sv,sva.sv,.sv,52,42,7,35,2378,256,594,5,0,4,9,14.285714285714285,True,True
03367,03367/sva.sv,sva.sv,.sv,44,39,8,31,1359,171,340,6,0,5,11,19.35483870967742,True,True
04526,04526/sva.sv,sva.sv,.sv,36,31,5,26,1500,197,375,3,0,8,11,11.538461538461538,True,True
01868,01868/sva.sv,sva.sv,.sv,81,67,16,51,3278,394,820,14,0,7,19,27.450980392156865,True,True
00186,00186/sva.sv,sva.sv,.sv,135,123,10,113,4739,459,1185,7,0,5,10,6.1946902654867255,True,True
01054,01054/sva.sv,sva.sv,.sv,90,77,14,63,2641,341,660,7,0,3,17,11.11111111111111,True,True
03703,03703/sva.sv,sva.sv,.sv,54,44,11,33,1922,233,480,5,0,6,11,15.151515151515152,True,True
03531,03531/sva.sv,sva.sv,.sv,52,43,8,35,1760,214,440,3,0,11,0,8.571428571428571,True,False
04714,04714/sva.sv,sva.sv,.sv,91,76,13,63,3597,365,899,11,0,3,12,17.46031746031746,True,True
01266,01266/sva.sv,sva.sv,.sv,119,101,16,85,4149,431,1037,13,0,5,18,15.294117647058824,True,True
00172,00172/sva.sv,sva.sv,.sv,148,128,26,102,5121,516,1280,10,0,4,24,9.803921568627452,True,True
02625,02625/sva.sv,sva.sv,.sv,96,78,14,64,3138,384,784,10,0,3,13,15.625,True,True
02417,02417/sva.sv,sva.sv,.sv,68,56,15,41,2673,345,668,8,0,3,10,19.51219512195122,True,True
00340,00340/sva.sv,sva.sv,.sv,79,65,13,52,2729,371,682,8,0,8,16,15.384615384615385,True,True
01292,01292/sva.sv,sva.sv,.sv,35,30,6,24,1376,155,344,4,0,4,8,16.666666666666664,True,True
02073,02073/sva.sv,sva.sv,.sv,61,52,10,42,1973,259,493,5,0,2,7,11.904761904761903,True,True
04384,04384/sva.sv,sva.sv,.sv,62,52,7,45,2189,254,547,7,0,6,13,15.555555555555555,True,True
00724,00724/sva.sv,sva.sv,.sv,77,63,17,46,2583,329,646,9,0,2,11,19.565217391304348,True,True
00516,00516/sva.sv,sva.sv,.sv,70,60,8,52,2505,252,626,10,0,5,15,19.230769230769234,True,True
03393,03393/sva.sv,sva.sv,.sv,35,25,9,16,1297,185,324,5,0,3,8,31.25,True,True
02241,02241/sva.sv,sva.sv,.sv,66,57,9,48,2396,326,599,11,0,4,15,22.916666666666664,True,True
01259,01259/sva.sv,sva.sv,.sv,77,66,11,55,2953,337,738,6,0,5,17,10.909090909090908,True,True
00985,00985/sva.sv,sva.sv,.sv,54,41,13,28,2068,269,517,7,0,5,12,25.0,True,True
04519,04519/sva.sv,sva.sv,.sv,38,29,6,23,1258,171,314,4,0,2,6,17.391304347826086,True,True
01857,01857/sva.sv,sva.sv,.sv,42,34,11,23,2295,403,574,4,0,12,16,17.391304347826086,True,True
03358,03358/sva.sv,sva.sv,.sv,68,56,15,41,2379,361,595,8,0,12,20,19.51219512195122,True,True
03956,03956/sva.sv,sva.sv,.sv,43,35,10,25,1385,184,346,4,0,2,6,16.0,True,True
02884,02884/sva.sv,sva.sv,.sv,35,29,6,23,1960,266,490,9,0,8,17,39.130434782608695,True,True
04189,04189/sva.sv,sva.sv,.sv,70,56,13,43,2445,269,611,10,0,4,14,23.25581395348837,True,True
00529,00529/sva.sv,sva.sv,.sv,88,77,11,66,4113,457,1028,21,0,11,32,31.818181818181817,True,True
02870,02870/sva.sv,sva.sv,.sv,42,33,7,26,1822,249,456,5,0,5,10,19.230769230769234,True,True
02428,02428/sva.sv,sva.sv,.sv,59,49,10,39,1964,281,491,3,0,7,10,7.6923076923076925,True,True
00971,00971/sva.sv,sva.sv,.sv,34,29,6,23,1973,250,493,6,0,8,14,26.08695652173913,True,True
03735,03735/sva.sv,sva.sv,.sv,99,83,39,44,4243,464,1061,27,0,5,32,61.36363636363637,True,True
04510,04510/sva.sv,sva.sv,.sv,71,59,11,48,3018,280,754,9,0,8,17,18.75,True,True
01062,01062/sva.sv,sva.sv,.sv,148,114,21,93,5309,701,1327,11,0,12,23,11.827956989247312,True,True
04722,04722/sva.sv,sva.sv,.sv,56,43,11,32,2099,252,525,8,0,6,14,25.0,True,True
01250,01250/sva.sv,sva.sv,.sv,59,47,14,33,3135,332,784,13,0,6,19,39.39393939393939,True,True
00382,00382/sva.sv,sva.sv,.sv,100,82,11,71,3380,436,845,8,0,5,12,11.267605633802818,True,True
03507,03507/sva.sv,sva.sv,.sv,75,63,10,53,3600,350,900,10,0,11,21,18.867924528301888,True,True
04346,04346/sva.sv,sva.sv,.sv,73,63,12,51,4148,464,1037,10,0,18,28,19.607843137254903,True,True
01634,01634/sva.sv,sva.sv,.sv,85,66,20,46,3933,524,983,20,0,3,22,43.47826086956522,True,True
03163,03163/sva.sv,sva.sv,.sv,45,39,8,31,1572,208,393,4,0,6,14,12.903225806451612,True,True
02283,02283/sva.sv,sva.sv,.sv,127,108,28,80,5023,723,1256,25,0,14,38,31.25,True,True
03351,03351/sva.sv,sva.sv,.sv,59,48,9,39,2264,255,566,8,0,4,12,20.51282051282051,True,True
04174,04174/sva.sv,sva.sv,.sv,45,36,11,25,2011,249,503,4,0,6,10,16.0,True,True
01406,01406/sva.sv,sva.sv,.sv,57,46,10,36,2190,281,548,7,0,7,13,19.444444444444446,True,True
00712,00712/sva.sv,sva.sv,.sv,70,57,12,45,2756,301,689,10,0,4,6,22.22222222222222,True,True
02045,02045/sva.sv,sva.sv,.sv,64,51,13,38,2520,281,630,11,0,2,13,28.947368421052634,True,True
03197,03197/sva.sv,sva.sv,.sv,43,36,7,29,1732,210,433,4,0,6,10,13.793103448275861,True,True
02879,02879/sva.sv,sva.sv,.sv,124,105,18,87,5156,614,1289,13,0,12,22,14.942528735632186,True,True
02277,02277/sva.sv,sva.sv,.sv,59,46,8,38,2385,238,596,10,0,6,16,26.31578947368421,True,True
04180,04180/sva.sv,sva.sv,.sv,86,74,11,63,2734,394,684,5,0,5,15,7.936507936507936,True,True
00520,00520/sva.sv,sva.sv,.sv,73,63,10,53,2926,383,732,5,0,7,13,9.433962264150944,True,True
02613,02613/sva.sv,sva.sv,.sv,49,39,12,27,1946,245,486,5,0,3,8,18.51851851851852,True,True
00978,00978/sva.sv,sva.sv,.sv,47,38,8,30,2126,226,532,8,0,5,13,26.666666666666668,True,True
01096,01096/sva.sv,sva.sv,.sv,69,58,9,49,2189,280,547,5,0,10,15,10.204081632653061,True,True
00144,00144/sva.sv,sva.sv,.sv,164,138,28,110,7270,719,1818,17,0,13,29,15.454545454545453,True,True
00376,00376/sva.sv,sva.sv,.sv,64,52,13,39,2242,314,560,6,0,5,11,15.384615384615385,True,True
02421,02421/sva.sv,sva.sv,.sv,76,65,11,54,3365,442,841,8,0,10,24,14.814814814814813,True,True
01439,01439/sva.sv,sva.sv,.sv,37,29,9,20,1386,205,346,3,0,2,5,15.0,True,True
03960,03960/sva.sv,sva.sv,.sv,32,22,7,15,1448,208,362,5,0,3,7,33.33333333333333,True,True
04379,04379/sva.sv,sva.sv,.sv,48,39,12,27,1796,267,449,5,0,12,17,18.51851851851852,True,True
03538,03538/sva.sv,sva.sv,.sv,34,26,9,17,1578,212,394,3,0,4,7,17.647058823529413,True,True
01861,01861/sva.sv,sva.sv,.sv,77,63,9,54,2396,286,599,7,0,8,15,12.962962962962962,True,True
00349,00349/sva.sv,sva.sv,.sv,64,50,47,3,3182,399,796,17,0,7,26,566.6666666666667,True,True
01895,01895/sva.sv,sva.sv,.sv,144,122,26,96,5425,633,1356,9,0,15,23,9.375,True,True
00947,00947/sva.sv,sva.sv,.sv,117,95,22,73,4907,600,1227,24,2,4,30,32.87671232876712,True,True
02248,02248/sva.sv,sva.sv,.sv,72,57,9,48,3152,366,788,11,0,11,22,22.916666666666664,True,True
02846,02846/sva.sv,sva.sv,.sv,149,131,21,110,10283,1044,2571,71,0,9,80,64.54545454545455,True,True
03994,03994/sva.sv,sva.sv,.sv,201,190,10,180,11942,873,2986,3,0,49,55,1.6666666666666667,True,True
00371,00371/sva.sv,sva.sv,.sv,167,141,33,108,7208,709,1802,29,0,3,32,26.851851851851855,True,True
02426,02426/sva.sv,sva.sv,.sv,61,50,12,38,2874,298,718,11,0,10,21,28.947368421052634,True,True
02614,02614/sva.sv,sva.sv,.sv,75,61,11,50,3026,341,756,4,0,12,0,8.0,True,False
01091,01091/sva.sv,sva.sv,.sv,70,54,20,34,2602,328,650,5,0,7,12,14.705882352941178,True,True
00143,00143/sva.sv,sva.sv,.sv,50,42,12,30,1702,235,426,4,0,8,12,13.333333333333334,True,True
02270,02270/sva.sv,sva.sv,.sv,38,30,8,22,1542,202,386,6,0,6,12,27.27272727272727,True,True
04187,04187/sva.sv,sva.sv,.sv,59,49,10,39,1716,201,429,8,0,3,12,20.51282051282051,True,True
00527,00527/sva.sv,sva.sv,.sv,39,35,4,31,1002,115,250,2,0,2,5,6.451612903225806,True,True
00715,00715/sva.sv,sva.sv,.sv,42,33,12,21,1890,217,472,6,0,5,11,28.57142857142857,True,True
02042,02042/sva.sv,sva.sv,.sv,80,65,16,49,2282,295,570,9,0,7,15,18.367346938775512,True,True
03190,03190/sva.sv,sva.sv,.sv,70,58,9,49,2627,293,657,11,0,3,14,22.448979591836736,True,True
02284,02284/sva.sv,sva.sv,.sv,68,55,13,42,3451,411,863,17,0,11,28,40.476190476190474,True,True
03356,03356/sva.sv,sva.sv,.sv,81,71,9,62,3983,471,996,3,0,15,18,4.838709677419355,True,True
04173,04173/sva.sv,sva.sv,.sv,49,37,7,30,2228,293,557,8,0,5,13,26.666666666666668,True,True
01401,01401/sva.sv,sva.sv,.sv,68,57,8,49,2561,306,640,7,0,12,19,14.285714285714285,True,True
04341,04341/sva.sv,sva.sv,.sv,32,25,5,20,847,111,212,3,0,1,4,15.0,True,True
01633,01633/sva.sv,sva.sv,.sv,40,35,6,29,1361,205,340,6,0,4,10,20.689655172413794,True,True
03164,03164/sva.sv,sva.sv,.sv,115,96,29,67,6145,749,1536,20,0,7,27,29.850746268656714,True,True
03958,03958/sva.sv,sva.sv,.sv,124,105,23,82,4694,508,1174,16,0,8,21,19.51219512195122,True,True
04725,04725/sva.sv,sva.sv,.sv,40,34,7,27,1465,212,366,5,0,8,13,18.51851851851852,True,True
01257,01257/sva.sv,sva.sv,.sv,72,59,14,45,2313,309,578,7,0,9,16,15.555555555555555,True,True
00385,00385/sva.sv,sva.sv,.sv,41,33,8,25,1716,236,429,9,0,6,15,36.0,True,True
03500,03500/sva.sv,sva.sv,.sv,29,23,6,17,1585,228,396,4,0,6,10,23.52941176470588,True,True
03732,03732/sva.sv,sva.sv,.sv,43,36,9,27,1387,199,347,2,0,7,7,7.4074074074074066,True,True
01859,01859/sva.sv,sva.sv,.sv,63,50,10,40,2636,299,659,14,0,4,18,35.0,True,True
04517,04517/sva.sv,sva.sv,.sv,72,59,16,43,3215,362,804,16,0,13,29,37.2093023255814,True,True
01065,01065/sva.sv,sva.sv,.sv,149,124,25,99,6438,627,1610,45,0,6,51,45.45454545454545,True,True
02841,02841/sva.sv,sva.sv,.sv,89,75,12,63,3448,466,862,10,0,16,16,15.873015873015872,True,True
03993,03993/sva.sv,sva.sv,.sv,76,66,11,55,3144,380,786,6,0,10,16,10.909090909090908,True,True
00518,00518/sva.sv,sva.sv,.sv,48,38,10,28,2652,274,663,13,0,9,22,46.42857142857143,True,True
01892,01892/sva.sv,sva.sv,.sv,66,50,13,37,2517,306,629,7,0,7,14,18.91891891891892,True,True
00940,00940/sva.sv,sva.sv,.sv,95,85,13,72,4544,381,1136,18,0,3,21,25.0,True,True
02419,02419/sva.sv,sva.sv,.sv,45,35,9,26,2089,232,522,9,0,5,14,34.61538461538461,True,True
01866,01866/sva.sv,sva.sv,.sv,70,58,5,53,2177,238,544,5,0,4,9,9.433962264150944,True,True
04528,04528/sva.sv,sva.sv,.sv,48,40,10,30,2133,313,533,10,0,16,26,33.33333333333333,True,True
00188,00188/sva.sv,sva.sv,.sv,73,60,7,53,2981,287,745,11,0,8,19,20.754716981132077,True,True
01268,01268/sva.sv,sva.sv,.sv,30,25,7,18,973,135,243,4,1,1,6,22.22222222222222,True,True
02089,02089/sva.sv,sva.sv,.sv,67,55,5,50,1791,177,448,7,0,4,18,14.000000000000002,True,True
03967,03967/sva.sv,sva.sv,.sv,33,27,8,19,1529,199,382,8,0,3,11,42.10526315789473,True,True
03369,03369/sva.sv,sva.sv,.sv,36,28,8,20,1735,225,434,3,0,6,9,15.0,True,True
00962,00962/sva.sv,sva.sv,.sv,52,41,9,32,1856,210,464,9,0,5,12,28.125,True,True
02609,02609/sva.sv,sva.sv,.sv,57,51,5,46,2007,238,502,11,0,10,10,23.91304347826087,True,True
02863,02863/sva.sv,sva.sv,.sv,60,47,4,43,2379,224,595,5,0,4,9,11.627906976744185,True,True
00708,00708/sva.sv,sva.sv,.sv,64,51,12,39,2549,294,637,6,0,7,12,15.384615384615385,True,True
02299,02299/sva.sv,sva.sv,.sv,91,78,12,66,3211,470,803,20,0,11,31,30.303030303030305,True,True
03179,03179/sva.sv,sva.sv,.sv,68,58,7,51,2741,320,685,10,0,14,24,19.607843137254903,True,True
03945,03945/sva.sv,sva.sv,.sv,152,125,33,92,7973,770,1993,47,0,4,50,51.08695652173913,True,True
02897,02897/sva.sv,sva.sv,.sv,96,80,13,67,4463,488,1116,23,0,8,31,34.32835820895522,True,True
04738,04738/sva.sv,sva.sv,.sv,59,46,14,32,2382,313,596,8,0,4,12,25.0,True,True
00398,00398/sva.sv,sva.sv,.sv,50,42,8,34,2726,240,682,15,0,5,20,44.11764705882353,True,True
00996,00996/sva.sv,sva.sv,.sv,61,49,13,36,2636,344,659,11,0,4,13,30.555555555555557,True,True
01844,01844/sva.sv,sva.sv,.sv,126,111,24,87,4178,420,1044,9,0,10,15,10.344827586206897,True,True
01078,01078/sva.sv,sva.sv,.sv,63,51,10,41,2281,256,570,7,0,6,21,17.073170731707318,True,True
04397,04397/sva.sv,sva.sv,.sv,83,73,6,67,3710,464,928,14,0,13,15,20.8955223880597,True,True
00737,00737/sva.sv,sva.sv,.sv,85,70,19,51,3526,495,882,6,0,11,17,11.76470588235294,True,True
02060,02060/sva.sv,sva.sv,.sv,137,118,18,100,6653,852,1663,48,0,7,55,48.0,True,True
03380,03380/sva.sv,sva.sv,.sv,69,56,12,44,2811,410,703,21,0,8,29,47.72727272727273,True,True
02252,02252/sva.sv,sva.sv,.sv,61,46,18,28,2354,357,588,7,0,8,15,25.0,True,True
00505,00505/sva.sv,sva.sv,.sv,73,60,11,49,2590,308,648,12,0,10,22,24.489795918367346,True,True
02636,02636/sva.sv,sva.sv,.sv,93,79,15,64,3339,408,835,13,0,15,0,20.3125,True,False
00161,00161/sva.sv,sva.sv,.sv,131,113,25,88,6775,613,1694,36,0,7,43,40.909090909090914,True,True
00353,00353/sva.sv,sva.sv,.sv,45,36,9,27,1463,258,366,7,0,6,12,25.925925925925924,True,True
01281,01281/sva.sv,sva.sv,.sv,51,40,8,32,2294,236,574,9,0,6,15,28.125,True,True
02404,02404/sva.sv,sva.sv,.sv,61,52,9,43,2627,300,657,9,0,6,14,20.930232558139537,True,True
03710,03710/sva.sv,sva.sv,.sv,78,61,18,43,2594,381,648,13,0,3,13,30.23255813953488,True,True
04535,04535/sva.sv,sva.sv,.sv,41,36,6,30,2076,240,519,9,0,8,17,30.0,True,True
00195,00195/sva.sv,sva.sv,.sv,81,63,13,50,3510,332,878,13,0,2,15,26.0,True,True
01047,01047/sva.sv,sva.sv,.sv,102,87,18,69,3219,392,805,12,0,7,19,17.391304347826086,True,True
04707,04707/sva.sv,sva.sv,.sv,44,39,5,34,1663,173,416,10,0,4,14,29.411764705882355,True,True
01275,01275/sva.sv,sva.sv,.sv,65,54,10,44,2546,285,636,6,0,4,9,13.636363636363635,True,True
03522,03522/sva.sv,sva.sv,.sv,85,66,16,50,2608,333,652,9,0,10,19,18.0,True,True
04363,04363/sva.sv,sva.sv,.sv,93,80,16,64,3773,591,943,5,0,9,14,7.8125,True,True
01611,01611/sva.sv,sva.sv,.sv,50,42,5,37,1671,176,418,3,0,0,0,8.108108108108109,True,False
03146,03146/sva.sv,sva.sv,.sv,146,131,17,114,6410,625,1602,10,0,8,16,8.771929824561402,True,True
02094,02094/sva.sv,sva.sv,.sv,49,40,12,28,2197,350,549,4,0,7,11,14.285714285714285,True,True
03374,03374/sva.sv,sva.sv,.sv,61,49,7,42,2421,330,605,12,0,7,20,28.57142857142857,True,True
04151,04151/sva.sv,sva.sv,.sv,144,116,26,90,5970,625,1492,18,0,9,26,20.0,True,True
01423,01423/sva.sv,sva.sv,.sv,59,49,10,39,2092,264,523,7,0,5,12,17.94871794871795,True,True
00991,00991/sva.sv,sva.sv,.sv,65,55,10,45,2025,263,506,6,0,3,0,13.333333333333334,True,False
01843,01843/sva.sv,sva.sv,.sv,81,66,12,54,3319,358,830,11,0,4,15,20.37037037037037,True,True
03728,03728/sva.sv,sva.sv,.sv,83,71,13,58,3376,420,844,9,0,7,16,15.517241379310345,True,True
03942,03942/sva.sv,sva.sv,.sv,46,37,9,28,1543,239,386,2,0,5,7,7.142857142857142,True,True
02890,02890/sva.sv,sva.sv,.sv,111,90,20,70,4089,483,1022,15,0,10,19,21.428571428571427,True,True
01629,01629/sva.sv,sva.sv,.sv,78,62,12,50,2941,466,735,8,0,10,18,16.0,True,True
04169,04169/sva.sv,sva.sv,.sv,62,51,9,42,2041,246,510,8,0,4,12,19.047619047619047,True,True
02058,02058/sva.sv,sva.sv,.sv,49,37,11,26,2212,353,553,8,0,10,18,30.76923076923077,True,True
02864,02864/sva.sv,sva.sv,.sv,66,55,9,46,2179,311,545,6,0,13,19,13.043478260869565,True,True
00965,00965/sva.sv,sva.sv,.sv,46,38,8,30,2145,222,536,15,0,8,23,50.0,True,True
00159,00159/sva.sv,sva.sv,.sv,40,29,9,20,1760,219,440,7,0,3,10,35.0,True,True
03373,03373/sva.sv,sva.sv,.sv,64,54,8,46,3509,347,877,19,0,4,23,41.30434782608695,True,True
04156,04156/sva.sv,sva.sv,.sv,173,152,17,135,6106,680,1526,18,0,7,24,13.333333333333334,True,True
01424,01424/sva.sv,sva.sv,.sv,31,28,3,25,1236,123,309,3,0,4,7,12.0,True,True
04364,04364/sva.sv,sva.sv,.sv,55,46,12,34,2184,241,546,3,0,8,11,8.823529411764707,True,True
01616,01616/sva.sv,sva.sv,.sv,103,87,15,72,3744,432,936,14,0,3,17,19.444444444444446,True,True
03141,03141/sva.sv,sva.sv,.sv,75,64,9,55,2366,342,592,6,0,10,16,10.909090909090908,True,True
02093,02093/sva.sv,sva.sv,.sv,31,26,5,21,1350,161,338,4,0,8,12,19.047619047619047,True,True
04700,04700/sva.sv,sva.sv,.sv,63,51,12,39,3829,413,957,9,0,8,8,23.076923076923077,True,True
01272,01272/sva.sv,sva.sv,.sv,90,74,14,60,3363,296,841,12,0,7,19,20.0,True,True
03525,03525/sva.sv,sva.sv,.sv,30,24,7,17,1265,236,316,5,0,6,11,29.411764705882355,True,True
03717,03717/sva.sv,sva.sv,.sv,161,134,44,90,6354,752,1588,17,0,7,24,18.88888888888889,True,True
04532,04532/sva.sv,sva.sv,.sv,51,45,6,39,2256,344,564,2,0,8,12,5.128205128205128,True,True
00192,00192/sva.sv,sva.sv,.sv,54,44,10,34,2194,275,548,8,0,6,12,23.52941176470588,True,True
01040,01040/sva.sv,sva.sv,.sv,76,61,14,47,3042,332,760,7,1,7,15,14.893617021276595,True,True
00354,00354/sva.sv,sva.sv,.sv,75,58,17,41,3081,416,770,11,0,11,22,26.82926829268293,True,True
01286,01286/sva.sv,sva.sv,.sv,47,38,8,30,2027,280,507,8,0,8,13,26.666666666666668,True,True
02403,02403/sva.sv,sva.sv,.sv,46,35,10,25,1966,220,492,3,0,4,7,12.0,True,True
02631,02631/sva.sv,sva.sv,.sv,58,47,9,38,2481,239,620,10,0,4,14,26.31578947368421,True,True
01888,01888/sva.sv,sva.sv,.sv,99,87,17,70,4101,451,1025,20,0,5,25,28.57142857142857,True,True
00166,00166/sva.sv,sva.sv,.sv,62,54,8,46,2260,378,565,5,0,6,16,10.869565217391305,True,True
03387,03387/sva.sv,sva.sv,.sv,47,38,9,29,2310,190,578,9,0,5,13,31.03448275862069,True,True
02255,02255/sva.sv,sva.sv,.sv,85,70,21,49,3807,472,952,15,0,6,20,30.612244897959183,True,True
00502,00502/sva.sv,sva.sv,.sv,58,46,9,37,2169,260,542,11,0,5,16,29.72972972972973,True,True
04390,04390/sva.sv,sva.sv,.sv,44,37,7,30,1825,272,456,5,0,14,19,16.666666666666664,True,True
00730,00730/sva.sv,sva.sv,.sv,125,113,12,101,5719,547,1430,6,0,7,0,5.9405940594059405,True,False
02067,02067/sva.sv,sva.sv,.sv,49,41,10,31,2268,276,567,6,0,6,12,19.35483870967742,True,True
03989,03989/sva.sv,sva.sv,.sv,50,41,9,32,1442,209,360,4,0,10,14,12.5,True,True
03148,03148/sva.sv,sva.sv,.sv,57,44,10,34,2673,266,668,11,0,5,16,32.35294117647059,True,True
03974,03974/sva.sv,sva.sv,.sv,123,109,13,96,4790,434,1198,8,0,5,13,8.333333333333332,True,True
01875,01875/sva.sv,sva.sv,.sv,97,81,10,71,4593,567,1148,14,0,10,24,19.718309859154928,True,True
01049,01049/sva.sv,sva.sv,.sv,68,58,17,41,2933,390,733,10,0,7,17,24.390243902439025,True,True
04709,04709/sva.sv,sva.sv,.sv,44,34,12,22,1944,245,486,5,0,4,9,22.727272727272727,True,True
02638,02638/sva.sv,sva.sv,.sv,33,25,8,17,1428,224,357,4,0,5,10,23.52941176470588,True,True
01881,01881/sva.sv,sva.sv,.sv,35,31,9,22,1668,172,417,8,0,5,13,36.36363636363637,True,True
00953,00953/sva.sv,sva.sv,.sv,46,37,9,28,1550,222,388,4,0,5,9,14.285714285714285,True,True
04399,04399/sva.sv,sva.sv,.sv,97,84,17,67,3960,415,990,23,0,21,44,34.32835820895522,True,True
00739,00739/sva.sv,sva.sv,.sv,33,27,7,20,1407,218,352,5,0,4,9,25.0,True,True
02852,02852/sva.sv,sva.sv,.sv,86,73,12,61,4915,594,1229,43,0,5,48,70.49180327868852,True,True
03980,03980/sva.sv,sva.sv,.sv,43,33,7,26,1765,253,441,8,0,6,14,30.76923076923077,True,True
03513,03513/sva.sv,sva.sv,.sv,141,128,9,119,6206,754,1552,32,0,6,8,26.89075630252101,True,True
04736,04736/sva.sv,sva.sv,.sv,82,72,13,59,3325,396,831,15,0,3,20,25.423728813559322,True,True
01244,01244/sva.sv,sva.sv,.sv,128,103,32,71,4933,586,1233,7,0,8,15,9.859154929577464,True,True
00396,00396/sva.sv,sva.sv,.sv,76,67,6,61,2690,296,672,9,0,13,0,14.754098360655737,True,False
04504,04504/sva.sv,sva.sv,.sv,191,171,19,152,7081,849,1770,10,0,22,32,6.578947368421052,True,True
00998,00998/sva.sv,sva.sv,.sv,32,25,6,19,1239,156,310,5,0,3,8,26.31578947368421,True,True
01076,01076/sva.sv,sva.sv,.sv,45,36,11,25,1706,258,426,6,0,3,9,24.0,True,True
03721,03721/sva.sv,sva.sv,.sv,80,70,13,57,3171,394,793,12,0,6,0,21.052631578947366,True,False
04160,04160/sva.sv,sva.sv,.sv,53,44,9,35,1743,205,436,5,0,6,11,14.285714285714285,True,True
01412,01412/sva.sv,sva.sv,.sv,81,63,13,50,3060,303,765,14,1,4,19,28.000000000000004,True,True
02297,02297/sva.sv,sva.sv,.sv,62,44,11,33,2374,331,594,11,0,7,18,33.33333333333333,True,True
03345,03345/sva.sv,sva.sv,.sv,74,58,18,40,2903,308,726,11,0,16,27,27.500000000000004,True,True
03177,03177/sva.sv,sva.sv,.sv,82,68,13,55,3105,339,776,4,0,8,12,7.2727272727272725,True,True
02899,02899/sva.sv,sva.sv,.sv,29,25,4,21,1092,153,273,6,0,7,13,28.57142857142857,True,True
04352,04352/sva.sv,sva.sv,.sv,116,100,20,80,3458,421,864,9,0,7,25,11.25,True,True
01620,01620/sva.sv,sva.sv,.sv,110,93,25,68,5057,544,1264,28,0,5,33,41.17647058823529,True,True
04194,04194/sva.sv,sva.sv,.sv,53,40,7,33,2152,262,538,8,0,6,14,24.242424242424242,True,True
00534,00534/sva.sv,sva.sv,.sv,92,76,18,58,2740,370,685,8,0,6,14,13.793103448275861,True,True
02263,02263/sva.sv,sva.sv,.sv,70,58,17,41,2575,429,644,9,0,7,16,21.951219512195124,True,True
02051,02051/sva.sv,sva.sv,.sv,48,37,11,26,1851,234,463,10,0,5,15,38.46153846153847,True,True
03183,03183/sva.sv,sva.sv,.sv,69,60,11,49,3090,386,772,11,0,6,17,22.448979591836736,True,True
00706,00706/sva.sv,sva.sv,.sv,108,87,15,72,4191,457,1048,17,0,18,34,23.61111111111111,True,True
02435,02435/sva.sv,sva.sv,.sv,42,33,9,24,1586,254,396,8,0,7,15,33.33333333333333,True,True
00362,00362/sva.sv,sva.sv,.sv,26,19,6,13,1086,133,272,6,0,2,8,46.15384615384615,True,True
01082,01082/sva.sv,sva.sv,.sv,62,51,11,40,2889,266,722,12,0,6,18,30.0,True,True
00150,00150/sva.sv,sva.sv,.sv,40,30,10,20,1416,231,354,6,0,6,12,30.0,True,True
02607,02607/sva.sv,sva.sv,.sv,114,96,24,72,4221,530,1055,12,0,7,20,16.666666666666664,True,True
03389,03389/sva.sv,sva.sv,.sv,146,124,16,108,4835,623,1209,14,0,16,44,12.962962962962962,True,True
02069,02069/sva.sv,sva.sv,.sv,199,167,36,131,7610,761,1902,29,0,8,37,22.137404580152673,True,True
02855,02855/sva.sv,sva.sv,.sv,89,76,12,64,3730,423,932,16,0,3,0,25.0,True,False
03987,03987/sva.sv,sva.sv,.sv,31,27,6,21,1345,181,336,2,0,5,8,9.523809523809524,True,True
01288,01288/sva.sv,sva.sv,.sv,88,73,19,54,3564,390,891,10,0,10,20,18.51851851851852,True,True
01886,01886/sva.sv,sva.sv,.sv,181,160,39,121,8791,1046,2198,40,0,18,58,33.057851239669425,True,True
00954,00954/sva.sv,sva.sv,.sv,77,64,14,50,3545,445,886,15,0,7,22,30.0,True,True
00168,00168/sva.sv,sva.sv,.sv,62,50,10,40,2111,258,528,8,0,6,14,20.0,True,True
03719,03719/sva.sv,sva.sv,.sv,37,32,5,27,1399,160,350,6,0,4,10,22.22222222222222,True,True
01872,01872/sva.sv,sva.sv,.sv,62,53,12,41,2447,281,612,4,0,9,0,9.75609756097561,True,False
04158,04158/sva.sv,sva.sv,.sv,95,79,17,62,3213,416,803,15,0,5,20,24.193548387096776,True,True
01618,01618/sva.sv,sva.sv,.sv,95,77,34,43,4179,418,1045,29,0,9,38,67.44186046511628,True,True
03973,03973/sva.sv,sva.sv,.sv,37,31,7,24,1489,219,372,2,0,6,10,8.333333333333332,True,True
01085,01085/sva.sv,sva.sv,.sv,75,61,14,47,3363,383,841,10,0,7,17,21.27659574468085,True,True
00157,00157/sva.sv,sva.sv,.sv,76,71,22,49,3446,416,862,11,0,16,23,22.448979591836736,True,True
02600,02600/sva.sv,sva.sv,.sv,53,44,11,33,2816,346,704,14,0,11,25,42.42424242424242,True,True
02432,02432/sva.sv,sva.sv,.sv,37,27,8,19,1353,185,338,4,0,3,7,21.052631578947366,True,True
00365,00365/sva.sv,sva.sv,.sv,72,52,10,42,2522,276,630,13,0,4,17,30.952380952380953,True,True
02056,02056/sva.sv,sva.sv,.sv,67,53,12,41,2638,347,660,11,0,4,14,26.82926829268293,True,True
03184,03184/sva.sv,sva.sv,.sv,98,80,17,63,4352,556,1088,16,0,16,34,25.396825396825395,True,True
00701,00701/sva.sv,sva.sv,.sv,74,66,13,53,2748,382,687,6,0,20,25,11.320754716981133,True,True
04193,04193/sva.sv,sva.sv,.sv,68,59,7,52,2912,281,728,8,0,9,0,15.384615384615385,True,False
00533,00533/sva.sv,sva.sv,.sv,72,59,7,52,2303,318,576,4,0,5,9,7.6923076923076925,True,True
02264,02264/sva.sv,sva.sv,.sv,53,44,10,34,2070,245,518,12,0,6,18,35.294117647058826,True,True
03170,03170/sva.sv,sva.sv,.sv,123,101,10,91,6970,591,1742,29,0,5,33,31.868131868131865,True,True
04355,04355/sva.sv,sva.sv,.sv,49,41,7,34,1912,250,478,11,0,4,15,32.35294117647059,True,True
01627,01627/sva.sv,sva.sv,.sv,61,51,9,42,2084,249,521,6,0,4,10,14.285714285714285,True,True
04167,04167/sva.sv,sva.sv,.sv,35,28,7,21,1798,217,450,6,0,4,10,28.57142857142857,True,True
01415,01415/sva.sv,sva.sv,.sv,65,53,10,43,2632,348,658,5,0,9,14,11.627906976744185,True,True
02290,02290/sva.sv,sva.sv,.sv,63,54,7,47,2060,212,515,4,0,6,10,8.51063829787234,True,True
03342,03342/sva.sv,sva.sv,.sv,51,39,9,30,2008,238,502,6,0,4,10,20.0,True,True
04503,04503/sva.sv,sva.sv,.sv,62,52,13,39,2539,340,635,7,0,10,15,17.94871794871795,True,True
01071,01071/sva.sv,sva.sv,.sv,24,18,6,12,1087,147,272,5,0,3,8,41.66666666666667,True,True
03726,03726/sva.sv,sva.sv,.sv,97,84,14,70,4289,511,1072,11,1,8,0,15.714285714285714,True,False
03514,03514/sva.sv,sva.sv,.sv,46,34,10,24,1962,207,490,11,0,4,15,45.83333333333333,True,True
04731,04731/sva.sv,sva.sv,.sv,52,44,7,37,2741,245,685,11,0,5,16,29.72972972972973,True,True
01243,01243/sva.sv,sva.sv,.sv,76,63,15,48,2843,354,711,5,0,6,11,10.416666666666668,True,True
00391,00391/sva.sv,sva.sv,.sv,137,116,21,95,6766,717,1692,44,0,5,49,46.31578947368421,True,True
00331,00331/sva.sv,sva.sv,.sv,92,80,14,66,3658,383,914,16,0,5,22,24.242424242424242,True,True
04791,04791/sva.sv,sva.sv,.sv,86,66,21,45,3718,392,930,12,0,4,16,26.666666666666668,True,True
02466,02466/sva.sv,sva.sv,.sv,95,80,10,70,3101,460,775,9,0,16,25,12.857142857142856,True,True
03786,03786/sva.sv,sva.sv,.sv,27,21,8,13,1267,172,317,3,0,3,6,23.076923076923077,True,True
02654,02654/sva.sv,sva.sv,.sv,51,43,8,35,1560,208,390,3,0,5,11,8.571428571428571,True,True
00103,00103/sva.sv,sva.sv,.sv,108,93,22,71,4028,435,1007,11,0,11,14,15.492957746478872,True,True
02230,02230/sva.sv,sva.sv,.sv,164,136,13,123,7792,599,1948,26,0,6,32,21.138211382113823,True,True
00567,00567/sva.sv,sva.sv,.sv,106,87,11,76,3660,406,915,12,0,9,21,15.789473684210526,True,True
00755,00755/sva.sv,sva.sv,.sv,59,48,11,37,2470,379,618,2,0,14,18,5.405405405405405,True,True
01687,01687/sva.sv,sva.sv,.sv,64,53,12,41,2358,329,590,8,0,10,22,19.51219512195122,True,True
02002,02002/sva.sv,sva.sv,.sv,30,21,9,12,1085,156,271,5,0,2,7,41.66666666666667,True,True
03316,03316/sva.sv,sva.sv,.sv,78,64,12,52,2857,351,714,12,0,4,16,23.076923076923077,True,True
00593,00593/sva.sv,sva.sv,.sv,38,29,6,23,1346,191,336,4,0,7,11,17.391304347826086,True,True
01441,01441/sva.sv,sva.sv,.sv,55,40,14,26,2529,314,632,14,0,5,19,53.84615384615385,True,True
04133,04133/sva.sv,sva.sv,.sv,57,49,7,42,2315,216,579,8,0,5,13,19.047619047619047,True,True
01673,01673/sva.sv,sva.sv,.sv,190,166,27,139,6452,860,1613,7,0,56,70,5.0359712230215825,True,True
04301,04301/sva.sv,sva.sv,.sv,61,51,8,43,2232,286,558,8,0,14,0,18.6046511627907,True,False
03918,03918/sva.sv,sva.sv,.sv,53,47,6,41,2299,294,575,10,0,16,26,24.390243902439025,True,True
03124,03124/sva.sv,sva.sv,.sv,73,62,15,47,2940,386,735,13,0,6,17,27.659574468085108,True,True
01217,01217/sva.sv,sva.sv,.sv,97,87,32,55,5602,488,1400,46,0,5,51,83.63636363636363,True,True
04765,04765/sva.sv,sva.sv,.sv,51,44,5,39,1900,233,475,8,0,4,4,20.51282051282051,True,True
03540,03540/sva.sv,sva.sv,.sv,105,89,12,77,4549,604,1137,25,0,8,31,32.467532467532465,True,True
02492,02492/sva.sv,sva.sv,.sv,70,56,10,46,2788,407,697,6,0,9,15,13.043478260869565,True,True
03772,03772/sva.sv,sva.sv,.sv,49,40,8,32,1701,256,425,4,0,6,10,12.5,True,True
01025,01025/sva.sv,sva.sv,.sv,121,109,14,95,6129,834,1532,10,0,21,41,10.526315789473683,True,True
01819,01819/sva.sv,sva.sv,.sv,57,45,11,34,2526,365,632,12,0,14,26,35.294117647058826,True,True
04557,04557/sva.sv,sva.sv,.sv,39,34,7,27,2023,312,506,6,0,10,16,22.22222222222222,True,True
02801,02801/sva.sv,sva.sv,.sv,61,53,13,40,2326,300,582,9,0,4,13,22.5,True,True
00558,00558/sva.sv,sva.sv,.sv,62,49,12,37,3929,297,982,18,0,6,24,48.64864864864865,True,True
00900,00900/sva.sv,sva.sv,.sv,72,58,10,48,2513,331,628,7,0,4,11,14.583333333333334,True,True
02459,02459/sva.sv,sva.sv,.sv,46,37,8,29,1571,207,393,4,0,3,6,13.793103448275861,True,True
01826,01826/sva.sv,sva.sv,.sv,30,25,6,19,1072,137,268,3,0,2,4,15.789473684210526,True,True
04568,04568/sva.sv,sva.sv,.sv,127,109,21,88,5226,548,1306,13,0,4,17,14.772727272727273,True,True
01228,01228/sva.sv,sva.sv,.sv,82,70,10,60,3606,400,902,11,0,16,27,18.333333333333332,True,True
03927,03927/sva.sv,sva.sv,.sv,65,53,9,44,2751,342,688,6,0,12,24,13.636363636363635,True,True
03329,03329/sva.sv,sva.sv,.sv,73,64,9,55,3627,458,907,15,0,12,27,27.27272727272727,True,True
03775,03775/sva.sv,sva.sv,.sv,35,27,9,18,1516,181,379,9,0,5,14,50.0,True,True
01022,01022/sva.sv,sva.sv,.sv,69,58,7,51,2596,283,649,5,0,2,7,9.803921568627452,True,True
04550,04550/sva.sv,sva.sv,.sv,75,65,6,59,2776,366,694,3,0,21,27,5.084745762711865,True,True
01210,01210/sva.sv,sva.sv,.sv,112,94,21,73,4190,525,1048,8,0,11,19,10.95890410958904,True,True
04762,04762/sva.sv,sva.sv,.sv,51,40,11,29,2351,270,588,8,0,6,14,27.586206896551722,True,True
03547,03547/sva.sv,sva.sv,.sv,69,53,10,43,2871,353,718,16,0,6,22,37.2093023255814,True,True
02495,02495/sva.sv,sva.sv,.sv,46,37,7,30,1796,222,449,8,0,6,14,26.666666666666668,True,True
01674,01674/sva.sv,sva.sv,.sv,33,28,6,22,1709,258,427,2,0,5,7,9.090909090909092,True,True
04306,04306/sva.sv,sva.sv,.sv,52,42,8,34,1927,225,482,7,0,6,17,20.588235294117645,True,True
03123,03123/sva.sv,sva.sv,.sv,63,53,9,44,2942,361,736,16,0,11,27,36.36363636363637,True,True
03311,03311/sva.sv,sva.sv,.sv,78,58,14,44,2866,425,716,12,0,8,18,27.27272727272727,True,True
00594,00594/sva.sv,sva.sv,.sv,63,52,11,41,2309,390,577,10,0,18,28,24.390243902439025,True,True
01446,01446/sva.sv,sva.sv,.sv,136,110,18,92,4284,479,1071,11,0,13,0,11.956521739130435,True,False
04134,04134/sva.sv,sva.sv,.sv,71,55,13,42,2629,329,657,6,0,3,9,14.285714285714285,True,True
00752,00752/sva.sv,sva.sv,.sv,156,136,25,111,6062,681,1516,22,0,4,26,19.81981981981982,True,True
01680,01680/sva.sv,sva.sv,.sv,62,54,6,48,3173,382,793,8,0,12,22,16.666666666666664,True,True
02839,02839/sva.sv,sva.sv,.sv,43,35,8,27,1572,201,393,5,0,4,10,18.51851851851852,True,True
02005,02005/sva.sv,sva.sv,.sv,101,89,24,65,4316,591,1079,13,4,17,34,20.0,True,True
02237,02237/sva.sv,sva.sv,.sv,43,32,9,23,1510,230,378,8,0,1,9,34.78260869565217,True,True
00560,00560/sva.sv,sva.sv,.sv,107,92,24,68,3771,569,943,15,0,6,22,22.058823529411764,True,True
03781,03781/sva.sv,sva.sv,.sv,111,96,14,82,4615,478,1154,17,0,7,26,20.73170731707317,True,True
02653,02653/sva.sv,sva.sv,.sv,69,51,19,32,2848,359,712,10,0,6,18,31.25,True,True
00104,00104/sva.sv,sva.sv,.sv,47,35,9,26,1612,210,403,2,0,5,7,7.6923076923076925,True,True
00938,00938/sva.sv,sva.sv,.sv,66,52,15,37,2852,309,713,11,0,2,13,29.72972972972973,True,True
00336,00336/sva.sv,sva.sv,.sv,30,26,4,22,1802,277,450,2,0,9,13,9.090909090909092,True,True
04796,04796/sva.sv,sva.sv,.sv,72,58,12,46,2728,310,682,12,0,5,17,26.08695652173913,True,True
02461,02461/sva.sv,sva.sv,.sv,55,46,8,38,1672,220,418,6,0,7,13,15.789473684210526,True,True
01479,01479/sva.sv,sva.sv,.sv,90,78,10,68,3612,351,903,5,0,4,9,7.352941176470589,True,True
03920,03920/sva.sv,sva.sv,.sv,36,30,9,21,1166,173,292,2,0,8,11,9.523809523809524,True,True
00799,00799/sva.sv,sva.sv,.sv,67,56,10,46,2341,292,585,6,0,5,11,13.043478260869565,True,True
04339,04339/sva.sv,sva.sv,.sv,65,57,8,49,3053,320,763,9,0,4,13,18.367346938775512,True,True
03578,03578/sva.sv,sva.sv,.sv,64,55,9,46,2438,263,610,7,0,9,16,15.217391304347828,True,True
01821,01821/sva.sv,sva.sv,.sv,93,75,18,57,3564,455,891,14,0,3,17,24.561403508771928,True,True
02698,02698/sva.sv,sva.sv,.sv,86,72,11,61,3842,442,960,5,0,15,20,8.19672131147541,True,True
00309,00309/sva.sv,sva.sv,.sv,70,61,7,54,3266,404,816,12,0,5,17,22.22222222222222,True,True
00907,00907/sva.sv,sva.sv,.sv,58,49,10,39,2197,278,549,12,0,4,17,30.76923076923077,True,True
02208,02208/sva.sv,sva.sv,.sv,33,29,11,18,1119,145,280,2,0,4,7,11.11111111111111,True,True
02806,02806/sva.sv,sva.sv,.sv,125,101,30,71,5471,583,1368,12,0,6,18,16.901408450704224,True,True
03929,03929/sva.sv,sva.sv,.sv,60,51,9,42,1985,252,496,8,0,4,11,19.047619047619047,True,True
03115,03115/sva.sv,sva.sv,.sv,77,64,9,55,2645,305,661,6,0,13,0,10.909090909090908,True,False
01642,01642/sva.sv,sva.sv,.sv,106,95,12,83,4940,516,1235,21,0,5,24,25.301204819277107,True,True
00790,00790/sva.sv,sva.sv,.sv,104,87,11,76,5179,468,1295,20,0,8,28,26.31578947368421,True,True
04330,04330/sva.sv,sva.sv,.sv,51,43,8,35,2378,329,594,11,0,18,29,31.428571428571427,True,True
01470,01470/sva.sv,sva.sv,.sv,73,58,16,42,2358,355,590,14,0,7,21,33.33333333333333,True,True
04102,04102/sva.sv,sva.sv,.sv,69,55,12,43,2423,296,606,9,0,5,13,20.930232558139537,True,True
03327,03327/sva.sv,sva.sv,.sv,46,37,7,30,1712,253,428,7,0,4,14,23.333333333333332,True,True
01014,01014/sva.sv,sva.sv,.sv,81,66,13,53,3048,376,762,13,0,7,20,24.528301886792452,True,True
04566,04566/sva.sv,sva.sv,.sv,47,37,10,27,1767,207,442,5,0,5,10,18.51851851851852,True,True
01828,01828/sva.sv,sva.sv,.sv,45,37,7,30,1682,264,420,4,0,10,14,13.333333333333334,True,True
02691,02691/sva.sv,sva.sv,.sv,59,50,8,42,2264,326,566,9,0,5,15,21.428571428571427,True,True
03743,03743/sva.sv,sva.sv,.sv,41,33,6,27,1682,227,420,3,0,6,10,11.11111111111111,True,True
03571,03571/sva.sv,sva.sv,.sv,70,59,8,51,3051,231,763,12,0,3,15,23.52941176470588,True,True
01226,01226/sva.sv,sva.sv,.sv,93,70,31,39,3601,478,900,12,0,7,19,30.76923076923077,True,True
04754,04754/sva.sv,sva.sv,.sv,85,69,16,53,3018,431,754,8,0,4,12,15.09433962264151,True,True
00132,00132/sva.sv,sva.sv,.sv,54,47,7,40,1973,263,493,2,0,6,10,5.0,True,True
04592,04592/sva.sv,sva.sv,.sv,38,31,6,25,1317,175,329,7,0,4,11,28.000000000000004,True,True
02665,02665/sva.sv,sva.sv,.sv,32,25,8,17,1415,180,354,5,0,3,8,29.411764705882355,True,True
02457,02457/sva.sv,sva.sv,.sv,64,48,20,28,2370,344,592,13,0,5,18,46.42857142857143,True,True
03585,03585/sva.sv,sva.sv,.sv,49,40,7,33,1590,189,398,10,0,3,13,30.303030303030305,True,True
00300,00300/sva.sv,sva.sv,.sv,63,49,12,37,2259,267,565,9,0,2,12,24.324324324324326,True,True
02033,02033/sva.sv,sva.sv,.sv,80,70,10,60,4179,442,1045,10,0,9,19,16.666666666666664,True,True
00764,00764/sva.sv,sva.sv,.sv,50,43,7,36,1759,211,440,5,0,5,10,13.88888888888889,True,True
01484,01484/sva.sv,sva.sv,.sv,118,97,16,81,3988,512,997,11,0,14,30,13.580246913580247,True,True
00556,00556/sva.sv,sva.sv,.sv,75,63,13,50,2751,269,688,11,0,2,13,22.0,True,True
02201,02201/sva.sv,sva.sv,.sv,35,28,9,19,1527,214,382,4,0,6,10,21.052631578947366,True,True
01219,01219/sva.sv,sva.sv,.sv,26,19,6,13,1002,133,250,1,0,8,9,7.6923076923076925,True,True
04559,04559/sva.sv,sva.sv,.sv,59,49,8,41,2149,293,537,10,0,6,16,24.390243902439025,True,True
01817,01817/sva.sv,sva.sv,.sv,145,126,19,107,4170,588,1042,10,0,26,35,9.345794392523365,True,True
03318,03318/sva.sv,sva.sv,.sv,59,48,9,39,2699,344,675,15,0,6,21,38.46153846153847,True,True
03916,03916/sva.sv,sva.sv,.sv,48,41,9,32,2160,274,540,4,0,12,16,12.5,True,True
00569,00569/sva.sv,sva.sv,.sv,303,269,34,235,13190,1304,3298,57,0,5,61,24.25531914893617,True,True
01689,01689/sva.sv,sva.sv,.sv,68,53,17,36,2345,287,586,9,0,4,13,25.0,True,True
02830,02830/sva.sv,sva.sv,.sv,57,45,12,33,2303,297,576,12,0,4,15,36.36363636363637,True,True
02468,02468/sva.sv,sva.sv,.sv,136,117,20,97,6005,631,1501,14,0,3,16,14.432989690721648,True,True
03788,03788/sva.sv,sva.sv,.sv,54,43,7,36,1498,186,374,7,1,5,13,19.444444444444446,True,True
00931,00931/sva.sv,sva.sv,.sv,98,81,17,64,4499,451,1125,19,0,2,21,29.6875,True,True
01483,01483/sva.sv,sva.sv,.sv,82,69,9,60,3602,404,900,13,0,5,18,21.666666666666668,True,True
00551,00551/sva.sv,sva.sv,.sv,124,104,24,80,5158,617,1290,17,2,10,29,21.25,True,True
02206,02206/sva.sv,sva.sv,.sv,66,55,8,47,2694,358,674,10,0,8,18,21.27659574468085,True,True
02808,02808/sva.sv,sva.sv,.sv,238,205,30,175,9558,1004,2390,58,0,37,95,33.14285714285714,True,True
02034,02034/sva.sv,sva.sv,.sv,66,58,9,49,2584,329,646,10,0,12,22,20.408163265306122,True,True
00763,00763/sva.sv,sva.sv,.sv,69,62,12,50,2529,309,632,10,0,13,0,20.0,True,False
02450,02450/sva.sv,sva.sv,.sv,34,28,5,23,1572,198,393,8,0,5,13,34.78260869565217,True,True
03582,03582/sva.sv,sva.sv,.sv,67,53,11,42,3384,336,846,17,0,7,24,40.476190476190474,True,True
00307,00307/sva.sv,sva.sv,.sv,50,40,12,28,1660,219,415,5,0,7,0,17.857142857142858,True,False
00135,00135/sva.sv,sva.sv,.sv,165,129,32,97,8481,934,2120,52,0,7,59,53.608247422680414,True,True
04595,04595/sva.sv,sva.sv,.sv,68,58,11,47,2942,405,736,10,0,4,14,21.27659574468085,True,True
00909,00909/sva.sv,sva.sv,.sv,101,88,18,70,3625,438,906,12,0,7,19,17.142857142857142,True,True
02662,02662/sva.sv,sva.sv,.sv,86,70,26,44,3598,367,900,10,0,7,17,22.727272727272727,True,True
03576,03576/sva.sv,sva.sv,.sv,99,84,19,65,4252,415,1063,8,0,4,11,12.307692307692308,True,True
01221,01221/sva.sv,sva.sv,.sv,89,71,19,52,3508,406,877,19,0,4,23,36.53846153846153,True,True
04753,04753/sva.sv,sva.sv,.sv,78,71,10,61,3185,381,796,19,0,8,0,31.147540983606557,True,False
01013,01013/sva.sv,sva.sv,.sv,75,61,17,44,3104,407,776,7,0,10,16,15.909090909090908,True,True
04561,04561/sva.sv,sva.sv,.sv,53,44,8,36,1832,227,458,7,0,7,14,19.444444444444446,True,True
02696,02696/sva.sv,sva.sv,.sv,63,54,9,45,1689,240,422,8,0,5,18,17.77777777777778,True,True
03744,03744/sva.sv,sva.sv,.sv,38,32,6,26,1482,175,370,8,0,8,16,30.76923076923077,True,True
01477,01477/sva.sv,sva.sv,.sv,123,102,12,90,4324,453,1081,8,0,21,0,8.88888888888889,True,False
04105,04105/sva.sv,sva.sv,.sv,34,28,6,22,1268,239,317,4,0,8,12,18.181818181818183,True,True
03320,03320/sva.sv,sva.sv,.sv,48,37,10,27,2667,253,667,17,0,5,22,62.96296296296296,True,True
03112,03112/sva.sv,sva.sv,.sv,60,45,19,26,2227,274,557,9,0,7,16,34.61538461538461,True,True
01645,01645/sva.sv,sva.sv,.sv,98,80,19,61,4907,470,1227,17,0,10,27,27.86885245901639,True,True
00797,00797/sva.sv,sva.sv,.sv,49,41,9,32,1590,234,398,5,0,10,15,15.625,True,True
04337,04337/sva.sv,sva.sv,.sv,59,51,10,41,2270,289,568,6,0,6,12,14.634146341463413,True,True
00936,00936/sva.sv,sva.sv,.sv,88,77,24,53,3426,385,856,9,0,6,10,16.9811320754717,True,True
00338,00338/sva.sv,sva.sv,.sv,100,80,18,62,4708,507,1177,19,0,8,27,30.64516129032258,True,True
04798,04798/sva.sv,sva.sv,.sv,47,39,8,31,2298,292,574,7,0,7,14,22.58064516129032,True,True
02837,02837/sva.sv,sva.sv,.sv,108,91,16,75,3930,462,982,15,0,8,23,20.0,True,True
02239,02239/sva.sv,sva.sv,.sv,45,35,9,26,1697,229,424,10,0,6,16,38.46153846153847,True,True
04308,04308/sva.sv,sva.sv,.sv,98,84,10,74,4222,434,1056,11,0,5,16,14.864864864864865,True,True
03911,03911/sva.sv,sva.sv,.sv,31,23,5,18,1180,145,295,3,0,6,9,16.666666666666664,True,True
01448,01448/sva.sv,sva.sv,.sv,30,25,5,20,1196,168,299,4,0,7,11,20.0,True,True
01810,01810/sva.sv,sva.sv,.sv,46,34,12,22,1617,210,404,8,0,2,10,36.36363636363637,True,True
03549,03549/sva.sv,sva.sv,.sv,56,48,9,39,3015,331,754,14,0,8,22,35.8974358974359,True,True
03718,03718/sva.sv,sva.sv,.sv,73,58,15,43,2719,385,680,8,0,5,13,18.6046511627907,True,True
01873,01873/sva.sv,sva.sv,.sv,89,77,15,62,2715,341,679,7,0,10,0,11.29032258064516,True,False
01619,01619/sva.sv,sva.sv,.sv,98,79,16,63,4194,450,1048,16,0,8,24,25.396825396825395,True,True
03972,03972/sva.sv,sva.sv,.sv,62,51,10,41,2014,248,504,8,0,4,15,19.51219512195122,True,True
04159,04159/sva.sv,sva.sv,.sv,89,74,11,63,4032,467,1008,16,0,6,18,25.396825396825395,True,True
02854,02854/sva.sv,sva.sv,.sv,41,31,9,22,1768,266,442,4,0,7,11,18.181818181818183,True,True
03986,03986/sva.sv,sva.sv,.sv,65,51,11,40,3430,317,858,20,0,4,24,50.0,True,True
02068,02068/sva.sv,sva.sv,.sv,142,126,12,114,7901,543,1975,36,0,2,38,31.57894736842105,True,True
03388,03388/sva.sv,sva.sv,.sv,54,47,8,39,2089,229,522,14,0,8,22,35.8974358974359,True,True
00169,00169/sva.sv,sva.sv,.sv,71,60,16,44,2842,294,710,9,0,5,14,20.454545454545457,True,True
01887,01887/sva.sv,sva.sv,.sv,50,41,9,32,1944,223,486,7,0,9,16,21.875,True,True
00955,00955/sva.sv,sva.sv,.sv,35,30,4,26,1276,156,319,2,0,6,0,7.6923076923076925,True,False
01289,01289/sva.sv,sva.sv,.sv,64,55,10,45,2327,285,582,6,0,6,6,13.333333333333334,True,True
01414,01414/sva.sv,sva.sv,.sv,67,57,8,49,2377,252,594,7,0,8,15,14.285714285714285,True,True
04166,04166/sva.sv,sva.sv,.sv,63,54,10,44,1977,320,494,4,0,7,10,9.090909090909092,True,True
02291,02291/sva.sv,sva.sv,.sv,77,63,10,53,2576,335,644,5,0,6,16,9.433962264150944,True,True
03343,03343/sva.sv,sva.sv,.sv,31,25,4,21,1022,142,256,2,0,5,9,9.523809523809524,True,True
03171,03171/sva.sv,sva.sv,.sv,61,50,12,38,2591,382,648,4,0,10,14,10.526315789473683,True,True
01626,01626/sva.sv,sva.sv,.sv,69,60,6,54,2550,209,638,3,0,7,13,5.555555555555555,True,True
04354,04354/sva.sv,sva.sv,.sv,116,99,18,81,5768,501,1442,30,0,8,38,37.03703703703704,True,True
03515,03515/sva.sv,sva.sv,.sv,152,125,28,97,7463,803,1866,23,0,9,32,23.711340206185564,True,True
01242,01242/sva.sv,sva.sv,.sv,87,74,13,61,3370,461,842,14,0,14,0,22.950819672131146,True,False
00390,00390/sva.sv,sva.sv,.sv,57,43,14,29,2251,308,563,7,0,6,13,24.137931034482758,True,True
04730,04730/sva.sv,sva.sv,.sv,76,64,19,45,3285,406,821,12,0,4,16,26.666666666666668,True,True
01070,01070/sva.sv,sva.sv,.sv,65,51,12,39,2503,369,626,9,0,12,22,23.076923076923077,True,True
04502,04502/sva.sv,sva.sv,.sv,70,60,8,52,2398,284,600,12,0,6,19,23.076923076923077,True,True
03727,03727/sva.sv,sva.sv,.sv,109,93,12,81,4561,409,1140,22,0,8,30,27.160493827160494,True,True
02433,02433/sva.sv,sva.sv,.sv,91,76,12,64,3468,408,867,5,0,24,28,7.8125,True,True
00364,00364/sva.sv,sva.sv,.sv,123,100,27,73,4677,610,1169,28,1,6,36,38.35616438356164,True,True
01084,01084/sva.sv,sva.sv,.sv,83,66,10,56,3455,463,864,7,0,11,18,12.5,True,True
00156,00156/sva.sv,sva.sv,.sv,47,39,7,32,1981,215,495,7,0,7,14,21.875,True,True
02601,02601/sva.sv,sva.sv,.sv,98,81,14,67,6187,452,1547,30,0,2,32,44.776119402985074,True,True
00532,00532/sva.sv,sva.sv,.sv,51,42,9,33,2343,366,586,12,0,8,20,36.36363636363637,True,True
04192,04192/sva.sv,sva.sv,.sv,182,169,22,147,7512,684,1878,16,0,5,22,10.884353741496598,True,True
02265,02265/sva.sv,sva.sv,.sv,59,48,9,39,2131,243,533,5,0,5,10,12.82051282051282,True,True
02057,02057/sva.sv,sva.sv,.sv,65,53,14,39,2665,283,666,8,0,9,17,20.51282051282051,True,True
03185,03185/sva.sv,sva.sv,.sv,42,37,10,27,1970,224,492,8,0,4,12,29.629629629629626,True,True
00700,00700/sva.sv,sva.sv,.sv,106,86,16,70,5501,554,1375,37,0,20,53,52.85714285714286,True,True
02639,02639/sva.sv,sva.sv,.sv,101,84,17,67,5021,475,1255,15,0,4,19,22.388059701492537,True,True
01880,01880/sva.sv,sva.sv,.sv,37,30,7,23,1551,240,388,2,0,12,16,8.695652173913043,True,True
00952,00952/sva.sv,sva.sv,.sv,52,46,7,39,2357,323,589,15,0,6,21,38.46153846153847,True,True
00738,00738/sva.sv,sva.sv,.sv,45,37,9,28,2099,257,525,8,0,7,15,28.57142857142857,True,True
04398,04398/sva.sv,sva.sv,.sv,57,42,9,33,2290,243,572,7,0,3,10,21.21212121212121,True,True
02853,02853/sva.sv,sva.sv,.sv,50,41,12,29,2249,250,562,7,0,5,12,24.137931034482758,True,True
03981,03981/sva.sv,sva.sv,.sv,63,48,22,26,2075,331,519,4,0,6,13,15.384615384615385,True,True
03975,03975/sva.sv,sva.sv,.sv,40,33,8,25,1319,212,330,5,0,8,13,20.0,True,True
03149,03149/sva.sv,sva.sv,.sv,47,37,11,26,1963,220,491,8,0,5,13,30.76923076923077,True,True
04708,04708/sva.sv,sva.sv,.sv,58,45,8,37,2885,321,721,9,0,8,16,24.324324324324326,True,True
01048,01048/sva.sv,sva.sv,.sv,45,37,9,28,1664,232,416,5,0,3,8,17.857142857142858,True,True
01874,01874/sva.sv,sva.sv,.sv,35,25,9,16,1281,181,320,6,0,6,12,37.5,True,True
02050,02050/sva.sv,sva.sv,.sv,75,63,10,53,2853,342,713,9,0,12,21,16.9811320754717,True,True
03182,03182/sva.sv,sva.sv,.sv,40,32,7,25,1992,224,498,11,0,7,18,44.0,True,True
00707,00707/sva.sv,sva.sv,.sv,38,31,6,25,1752,241,438,8,0,10,17,32.0,True,True
00535,00535/sva.sv,sva.sv,.sv,78,66,15,51,3745,457,936,7,1,15,22,13.725490196078432,True,True
04195,04195/sva.sv,sva.sv,.sv,55,45,9,36,2912,300,728,12,0,9,20,33.33333333333333,True,True
02262,02262/sva.sv,sva.sv,.sv,106,89,18,71,3431,412,858,11,0,4,15,15.492957746478872,True,True
01083,01083/sva.sv,sva.sv,.sv,189,160,27,133,9404,786,2351,30,0,11,41,22.55639097744361,True,True
00151,00151/sva.sv,sva.sv,.sv,33,24,8,16,1343,196,336,8,0,5,13,50.0,True,True
02606,02606/sva.sv,sva.sv,.sv,40,35,11,24,1429,209,357,3,0,8,11,12.5,True,True
02434,02434/sva.sv,sva.sv,.sv,72,58,14,44,2776,317,694,10,0,7,17,22.727272727272727,True,True
00363,00363/sva.sv,sva.sv,.sv,32,27,6,21,1579,180,395,7,0,4,11,33.33333333333333,True,True
01077,01077/sva.sv,sva.sv,.sv,78,60,13,47,3971,339,993,24,0,3,27,51.06382978723404,True,True
00999,00999/sva.sv,sva.sv,.sv,41,31,8,23,1365,203,341,7,0,5,12,30.434782608695656,True,True
04505,04505/sva.sv,sva.sv,.sv,81,66,19,47,2946,333,736,9,0,4,13,19.148936170212767,True,True
03720,03720/sva.sv,sva.sv,.sv,25,18,7,11,1036,156,259,3,0,4,7,27.27272727272727,True,True
03512,03512/sva.sv,sva.sv,.sv,76,65,9,56,2983,348,746,16,0,20,0,28.57142857142857,True,False
01245,01245/sva.sv,sva.sv,.sv,94,79,15,64,4792,428,1198,20,0,9,29,31.25,True,True
00397,00397/sva.sv,sva.sv,.sv,79,64,10,54,2583,280,646,6,0,7,19,11.11111111111111,True,True
04737,04737/sva.sv,sva.sv,.sv,51,42,10,32,1806,256,452,4,0,5,8,12.5,True,True
02898,02898/sva.sv,sva.sv,.sv,55,44,10,34,2160,239,540,5,0,2,7,14.705882352941178,True,True
03176,03176/sva.sv,sva.sv,.sv,46,37,14,23,1989,203,497,7,0,4,11,30.434782608695656,True,True
01621,01621/sva.sv,sva.sv,.sv,89,79,8,71,3434,362,858,4,0,7,11,5.633802816901409,True,True
04353,04353/sva.sv,sva.sv,.sv,39,31,6,25,1647,208,412,7,0,7,14,28.000000000000004,True,True
01413,01413/sva.sv,sva.sv,.sv,53,42,7,35,1974,288,494,6,0,10,21,17.142857142857142,True,True
04161,04161/sva.sv,sva.sv,.sv,58,46,12,34,2479,348,620,13,0,8,21,38.23529411764706,True,True
02296,02296/sva.sv,sva.sv,.sv,52,43,9,34,2811,356,703,15,0,10,25,44.11764705882353,True,True
03344,03344/sva.sv,sva.sv,.sv,63,50,11,39,3246,344,812,19,0,6,25,48.717948717948715,True,True
02865,02865/sva.sv,sva.sv,.sv,61,49,11,38,2800,356,700,12,0,6,18,31.57894736842105,True,True
02059,02059/sva.sv,sva.sv,.sv,81,70,11,59,3588,416,897,12,0,6,16,20.33898305084746,True,True
00158,00158/sva.sv,sva.sv,.sv,34,25,8,17,1168,160,292,5,0,1,6,29.411764705882355,True,True
00964,00964/sva.sv,sva.sv,.sv,42,33,8,25,1500,208,375,4,0,6,14,16.0,True,True
00990,00990/sva.sv,sva.sv,.sv,76,67,10,57,3139,358,785,13,0,8,21,22.807017543859647,True,True
01842,01842/sva.sv,sva.sv,.sv,118,102,16,86,6117,579,1529,37,0,9,46,43.02325581395349,True,True
03729,03729/sva.sv,sva.sv,.sv,66,56,10,46,2744,286,686,8,0,8,16,17.391304347826086,True,True
04168,04168/sva.sv,sva.sv,.sv,87,72,14,58,2854,354,714,4,0,5,10,6.896551724137931,True,True
03943,03943/sva.sv,sva.sv,.sv,38,32,7,25,1087,136,272,4,0,2,6,16.0,True,True
02891,02891/sva.sv,sva.sv,.sv,58,48,9,39,2115,230,529,3,0,5,8,7.6923076923076925,True,True
01628,01628/sva.sv,sva.sv,.sv,66,55,8,47,1953,215,488,3,0,5,8,6.382978723404255,True,True
02630,02630/sva.sv,sva.sv,.sv,102,82,14,68,2850,408,712,9,0,10,19,13.23529411764706,True,True
00167,00167/sva.sv,sva.sv,.sv,47,41,6,35,2107,228,527,7,0,8,15,20.0,True,True
01889,01889/sva.sv,sva.sv,.sv,135,117,20,97,5895,637,1474,14,0,5,16,14.432989690721648,True,True
00355,00355/sva.sv,sva.sv,.sv,60,51,9,42,2377,274,594,5,0,5,15,11.904761904761903,True,True
01287,01287/sva.sv,sva.sv,.sv,65,53,18,35,2433,349,608,9,0,6,16,25.71428571428571,True,True
02402,02402/sva.sv,sva.sv,.sv,41,36,11,25,1963,239,491,7,0,9,0,28.000000000000004,True,False
00731,00731/sva.sv,sva.sv,.sv,73,58,14,44,2679,316,670,11,0,5,16,25.0,True,True
04391,04391/sva.sv,sva.sv,.sv,85,75,10,65,3593,395,898,8,0,10,18,12.307692307692308,True,True
03988,03988/sva.sv,sva.sv,.sv,104,87,19,68,4411,650,1103,24,0,24,0,35.294117647058826,True,False
02066,02066/sva.sv,sva.sv,.sv,61,49,10,39,2385,297,596,8,0,8,16,20.51282051282051,True,True
03386,03386/sva.sv,sva.sv,.sv,89,78,11,67,3874,466,968,6,0,8,20,8.955223880597014,True,True
02254,02254/sva.sv,sva.sv,.sv,113,108,16,92,3706,461,926,10,0,18,0,10.869565217391305,True,False
00503,00503/sva.sv,sva.sv,.sv,73,65,9,56,2846,349,712,17,0,4,0,30.357142857142854,True,False
01617,01617/sva.sv,sva.sv,.sv,68,60,8,52,1941,239,485,7,0,7,14,13.461538461538462,True,True
04365,04365/sva.sv,sva.sv,.sv,38,33,5,28,1451,221,363,8,0,5,13,28.57142857142857,True,True
03140,03140/sva.sv,sva.sv,.sv,67,53,13,40,2738,331,684,9,0,9,18,22.5,True,True
02092,02092/sva.sv,sva.sv,.sv,47,36,11,25,1854,246,464,7,0,6,11,28.000000000000004,True,True
03372,03372/sva.sv,sva.sv,.sv,141,125,19,106,5424,529,1356,32,0,7,39,30.18867924528302,True,True
01425,01425/sva.sv,sva.sv,.sv,112,97,15,82,4452,475,1113,13,0,4,17,15.853658536585366,True,True
04157,04157/sva.sv,sva.sv,.sv,59,49,8,41,2566,259,642,11,0,5,16,26.82926829268293,True,True
03716,03716/sva.sv,sva.sv,.sv,55,44,13,31,1975,302,494,6,0,5,0,19.35483870967742,True,False
00193,00193/sva.sv,sva.sv,.sv,61,53,10,43,3057,332,764,11,0,4,16,25.581395348837212,True,True
01041,01041/sva.sv,sva.sv,.sv,128,106,6,100,5125,506,1281,20,0,6,26,20.0,True,True
04533,04533/sva.sv,sva.sv,.sv,74,61,11,50,3116,330,779,23,0,3,27,46.0,True,True
01273,01273/sva.sv,sva.sv,.sv,78,62,17,45,3029,415,757,9,1,15,25,20.0,True,True
04701,04701/sva.sv,sva.sv,.sv,37,27,11,16,1616,198,404,7,0,3,10,43.75,True,True
03524,03524/sva.sv,sva.sv,.sv,45,37,8,29,1748,269,437,3,0,10,13,10.344827586206897,True,True
03944,03944/sva.sv,sva.sv,.sv,35,28,8,20,1497,235,374,1,0,10,12,5.0,True,True
02896,02896/sva.sv,sva.sv,.sv,59,48,10,38,2749,323,687,6,0,3,9,15.789473684210526,True,True
03178,03178/sva.sv,sva.sv,.sv,48,43,10,33,1936,271,484,4,0,6,6,12.121212121212121,True,True
02298,02298/sva.sv,sva.sv,.sv,95,86,12,74,4141,491,1035,19,0,14,14,25.675675675675674,True,True
01079,01079/sva.sv,sva.sv,.sv,28,24,5,19,1202,130,300,2,0,6,0,10.526315789473683,True,False
00997,00997/sva.sv,sva.sv,.sv,50,45,6,39,1522,204,380,5,0,1,0,12.82051282051282,True,False
01845,01845/sva.sv,sva.sv,.sv,36,30,8,22,1225,196,306,7,0,5,12,31.818181818181817,True,True
00399,00399/sva.sv,sva.sv,.sv,64,48,15,33,2553,281,638,9,0,8,17,27.27272727272727,True,True
04739,04739/sva.sv,sva.sv,.sv,70,57,10,47,3040,286,760,11,0,5,16,23.404255319148938,True,True
00963,00963/sva.sv,sva.sv,.sv,55,46,8,38,2471,282,618,4,0,8,16,10.526315789473683,True,True
02608,02608/sva.sv,sva.sv,.sv,140,122,34,88,8049,650,2012,23,0,3,26,26.136363636363637,True,True
02862,02862/sva.sv,sva.sv,.sv,85,75,8,67,2542,309,636,7,0,6,13,10.44776119402985,True,True
00709,00709/sva.sv,sva.sv,.sv,79,66,13,53,3584,329,896,5,0,8,14,9.433962264150944,True,True
01274,01274/sva.sv,sva.sv,.sv,56,46,8,38,2042,240,510,5,0,6,16,13.157894736842104,True,True
04706,04706/sva.sv,sva.sv,.sv,52,41,11,30,2104,275,526,4,0,11,15,13.333333333333334,True,True
03523,03523/sva.sv,sva.sv,.sv,194,155,17,138,7747,835,1937,36,0,9,45,26.08695652173913,True,True
03711,03711/sva.sv,sva.sv,.sv,90,74,13,61,3599,350,900,8,0,27,35,13.114754098360656,True,True
00194,00194/sva.sv,sva.sv,.sv,111,90,34,56,6101,529,1525,20,0,10,30,35.714285714285715,True,True
01046,01046/sva.sv,sva.sv,.sv,73,63,10,53,2926,349,732,5,0,6,11,9.433962264150944,True,True
04534,04534/sva.sv,sva.sv,.sv,81,70,12,58,2878,344,720,7,0,7,11,12.068965517241379,True,True
03375,03375/sva.sv,sva.sv,.sv,83,71,10,61,2901,333,725,10,0,6,11,16.39344262295082,True,True
01422,01422/sva.sv,sva.sv,.sv,34,27,6,21,1553,224,388,4,0,6,10,19.047619047619047,True,True
04150,04150/sva.sv,sva.sv,.sv,31,27,6,21,1487,248,372,4,0,7,11,19.047619047619047,True,True
01610,01610/sva.sv,sva.sv,.sv,44,36,9,27,2140,296,535,11,0,8,19,40.74074074074074,True,True
04362,04362/sva.sv,sva.sv,.sv,93,77,16,61,3678,449,920,21,0,12,0,34.42622950819672,True,False
03147,03147/sva.sv,sva.sv,.sv,68,48,22,26,3332,439,833,17,0,5,22,65.38461538461539,True,True
02095,02095/sva.sv,sva.sv,.sv,40,31,10,21,1689,214,422,6,0,4,10,28.57142857142857,True,True
03381,03381/sva.sv,sva.sv,.sv,25,19,5,14,1033,165,258,3,0,5,8,21.428571428571427,True,True
02253,02253/sva.sv,sva.sv,.sv,85,63,19,44,3967,480,992,9,0,10,18,20.454545454545457,True,True
00504,00504/sva.sv,sva.sv,.sv,51,43,10,33,2571,351,643,7,0,8,15,21.21212121212121,True,True
00736,00736/sva.sv,sva.sv,.sv,36,32,4,28,1448,150,362,3,0,16,19,10.714285714285714,True,True
04396,04396/sva.sv,sva.sv,.sv,76,65,17,48,3427,405,857,10,1,11,21,20.833333333333336,True,True
02061,02061/sva.sv,sva.sv,.sv,81,68,9,59,2441,349,610,7,0,4,11,11.864406779661017,True,True
00352,00352/sva.sv,sva.sv,.sv,40,30,8,22,1599,201,400,6,0,5,11,27.27272727272727,True,True
01280,01280/sva.sv,sva.sv,.sv,31,22,9,13,1650,193,412,6,0,3,9,46.15384615384615,True,True
02405,02405/sva.sv,sva.sv,.sv,49,38,12,26,1952,267,488,8,0,10,18,30.76923076923077,True,True
02637,02637/sva.sv,sva.sv,.sv,43,35,10,25,1369,207,342,8,1,5,14,32.0,True,True
00160,00160/sva.sv,sva.sv,.sv,64,54,13,41,2641,314,660,9,0,8,16,21.951219512195124,True,True
04560,04560/sva.sv,sva.sv,.sv,224,203,31,172,8458,1004,2114,20,0,19,32,11.627906976744185,True,True
01012,01012/sva.sv,sva.sv,.sv,48,39,7,32,2331,303,583,7,0,7,14,21.875,True,True
02697,02697/sva.sv,sva.sv,.sv,52,40,10,30,1917,231,479,6,0,6,12,20.0,True,True
03745,03745/sva.sv,sva.sv,.sv,30,24,7,17,1546,225,386,5,0,6,13,29.411764705882355,True,True
03577,03577/sva.sv,sva.sv,.sv,81,68,11,57,3033,331,758,10,0,14,24,17.543859649122805,True,True
04752,04752/sva.sv,sva.sv,.sv,51,38,13,25,2277,288,569,9,0,2,10,36.0,True,True
01220,01220/sva.sv,sva.sv,.sv,57,47,9,38,1932,303,483,4,0,5,10,10.526315789473683,True,True
03113,03113/sva.sv,sva.sv,.sv,45,37,6,31,2408,222,602,11,0,6,17,35.483870967741936,True,True
04336,04336/sva.sv,sva.sv,.sv,71,63,7,56,2744,382,686,8,0,21,25,14.285714285714285,True,True
01644,01644/sva.sv,sva.sv,.sv,37,30,9,21,1940,225,485,6,0,3,9,28.57142857142857,True,True
00796,00796/sva.sv,sva.sv,.sv,38,30,7,23,1766,230,442,11,0,9,20,47.82608695652174,True,True
04104,04104/sva.sv,sva.sv,.sv,94,79,12,67,4398,370,1100,12,0,6,19,17.91044776119403,True,True
01476,01476/sva.sv,sva.sv,.sv,49,41,10,31,1811,220,453,4,0,3,9,12.903225806451612,True,True
03321,03321/sva.sv,sva.sv,.sv,105,82,29,53,4376,470,1094,28,0,4,32,52.83018867924528,True,True
02035,02035/sva.sv,sva.sv,.sv,46,38,10,28,1921,282,480,4,0,7,11,14.285714285714285,True,True
02809,02809/sva.sv,sva.sv,.sv,52,42,10,32,1979,250,495,7,0,5,12,21.875,True,True
00762,00762/sva.sv,sva.sv,.sv,100,88,11,77,4426,724,1106,4,0,3,8,5.194805194805195,True,True
01482,01482/sva.sv,sva.sv,.sv,31,24,6,18,1509,224,377,7,0,7,14,38.88888888888889,True,True
00550,00550/sva.sv,sva.sv,.sv,47,37,11,26,2012,238,503,10,0,6,17,38.46153846153847,True,True
02207,02207/sva.sv,sva.sv,.sv,109,91,22,69,4360,553,1090,23,0,25,48,33.33333333333333,True,True
00908,00908/sva.sv,sva.sv,.sv,109,95,14,81,4591,602,1148,21,0,25,46,25.925925925925924,True,True
04594,04594/sva.sv,sva.sv,.sv,49,43,6,37,1903,272,476,6,0,7,7,16.216216216216218,True,True
00134,00134/sva.sv,sva.sv,.sv,44,36,8,28,1983,231,496,5,0,6,11,17.857142857142858,True,True
02663,02663/sva.sv,sva.sv,.sv,37,31,5,26,1344,200,336,3,0,5,10,11.538461538461538,True,True
02451,02451/sva.sv,sva.sv,.sv,64,51,10,41,2701,358,675,7,0,7,14,17.073170731707318,True,True
03583,03583/sva.sv,sva.sv,.sv,66,55,11,44,2637,318,659,3,0,9,0,6.8181818181818175,True,False
00306,00306/sva.sv,sva.sv,.sv,47,37,7,30,1658,228,414,4,0,4,8,13.333333333333334,True,True
01449,01449/sva.sv,sva.sv,.sv,38,31,7,24,1223,175,306,3,0,1,5,12.5,True,True
04309,04309/sva.sv,sva.sv,.sv,75,63,10,53,2922,323,730,10,0,12,22,18.867924528301888,True,True
03910,03910/sva.sv,sva.sv,.sv,35,27,8,19,1551,217,388,6,0,3,9,31.57894736842105,True,True
03548,03548/sva.sv,sva.sv,.sv,45,36,8,28,1961,245,490,3,0,10,13,10.714285714285714,True,True
01811,01811/sva.sv,sva.sv,.sv,42,31,8,23,2401,270,600,12,0,5,17,52.17391304347826,True,True
04799,04799/sva.sv,sva.sv,.sv,50,42,9,33,2125,353,531,10,0,10,20,30.303030303030305,True,True
00339,00339/sva.sv,sva.sv,.sv,76,65,20,45,3761,450,940,30,0,7,37,66.66666666666666,True,True
00937,00937/sva.sv,sva.sv,.sv,74,59,12,47,3356,354,839,21,0,7,28,44.680851063829785,True,True
02238,02238/sva.sv,sva.sv,.sv,72,55,16,39,2936,391,734,19,0,3,22,48.717948717948715,True,True
02836,02836/sva.sv,sva.sv,.sv,47,38,6,32,2130,343,532,12,0,11,23,37.5,True,True
02456,02456/sva.sv,sva.sv,.sv,72,65,7,58,3000,332,750,3,0,16,22,5.172413793103448,True,True
03584,03584/sva.sv,sva.sv,.sv,70,59,16,43,3216,471,804,10,0,11,21,23.25581395348837,True,True
00301,00301/sva.sv,sva.sv,.sv,71,58,15,43,2644,323,661,9,0,3,11,20.930232558139537,True,True
04593,04593/sva.sv,sva.sv,.sv,38,30,7,23,1399,183,350,5,0,2,7,21.73913043478261,True,True
00133,00133/sva.sv,sva.sv,.sv,57,50,7,43,2026,260,506,5,0,4,14,11.627906976744185,True,True
02664,02664/sva.sv,sva.sv,.sv,66,53,13,40,2413,330,603,10,0,5,15,25.0,True,True
01485,01485/sva.sv,sva.sv,.sv,73,52,28,24,2438,278,610,9,0,6,15,37.5,True,True
00557,00557/sva.sv,sva.sv,.sv,85,67,13,54,2993,345,748,7,0,6,18,12.962962962962962,True,True
02200,02200/sva.sv,sva.sv,.sv,45,36,4,32,1955,231,489,6,0,2,6,18.75,True,True
02032,02032/sva.sv,sva.sv,.sv,105,89,15,74,4214,615,1054,6,0,12,18,8.108108108108109,True,True
00765,00765/sva.sv,sva.sv,.sv,106,89,16,73,5899,551,1475,31,0,3,34,42.465753424657535,True,True
04103,04103/sva.sv,sva.sv,.sv,79,71,11,60,2892,314,723,7,0,2,9,11.666666666666666,True,True
01471,01471/sva.sv,sva.sv,.sv,108,91,16,75,4925,543,1231,24,0,8,32,32.0,True,True
03326,03326/sva.sv,sva.sv,.sv,103,80,21,59,4000,572,1000,22,0,11,33,37.28813559322034,True,True
03114,03114/sva.sv,sva.sv,.sv,43,35,7,28,2078,330,520,11,0,4,15,39.285714285714285,True,True
03928,03928/sva.sv,sva.sv,.sv,68,60,7,53,2180,259,545,5,0,8,0,9.433962264150944,True,False
04331,04331/sva.sv,sva.sv,.sv,43,36,9,27,1677,274,419,4,0,7,11,14.814814814814813,True,True
01643,01643/sva.sv,sva.sv,.sv,70,54,9,45,2580,291,645,12,0,9,0,26.666666666666668,True,False
00791,00791/sva.sv,sva.sv,.sv,58,49,12,37,2390,351,598,7,0,8,12,18.91891891891892,True,True
03570,03570/sva.sv,sva.sv,.sv,104,83,15,68,4384,447,1096,16,0,8,24,23.52941176470588,True,True
04755,04755/sva.sv,sva.sv,.sv,106,89,30,59,5139,501,1285,7,0,10,17,11.864406779661017,True,True
01227,01227/sva.sv,sva.sv,.sv,40,31,9,22,1519,204,380,3,0,5,8,13.636363636363635,True,True
04567,04567/sva.sv,sva.sv,.sv,80,65,14,51,3033,369,758,6,0,7,13,11.76470588235294,True,True
01829,01829/sva.sv,sva.sv,.sv,68,57,9,48,2548,266,637,13,0,2,15,27.083333333333332,True,True
01015,01015/sva.sv,sva.sv,.sv,186,158,48,110,7629,878,1907,18,0,6,19,16.363636363636363,True,True
02690,02690/sva.sv,sva.sv,.sv,74,65,9,56,2864,368,716,14,0,11,25,25.0,True,True
03742,03742/sva.sv,sva.sv,.sv,53,44,8,36,2000,267,500,7,0,7,14,19.444444444444446,True,True
01688,01688/sva.sv,sva.sv,.sv,59,48,11,37,1995,277,499,3,0,3,0,8.108108108108109,True,False
02831,02831/sva.sv,sva.sv,.sv,50,41,10,31,1652,222,413,6,0,3,9,19.35483870967742,True,True
00568,00568/sva.sv,sva.sv,.sv,101,78,10,68,3181,401,795,6,0,11,17,8.823529411764707,True,True
03789,03789/sva.sv,sva.sv,.sv,77,64,11,53,2704,400,676,6,0,9,21,11.320754716981133,True,True
00930,00930/sva.sv,sva.sv,.sv,98,83,22,61,4371,486,1093,20,0,5,22,32.78688524590164,True,True
02469,02469/sva.sv,sva.sv,.sv,43,36,9,27,1649,273,412,4,0,8,12,14.814814814814813,True,True
04558,04558/sva.sv,sva.sv,.sv,56,48,10,38,2907,344,727,12,0,4,16,31.57894736842105,True,True
01816,01816/sva.sv,sva.sv,.sv,40,32,8,24,1511,231,378,5,0,4,9,20.833333333333336,True,True
01218,01218/sva.sv,sva.sv,.sv,80,68,7,61,3762,388,940,12,0,7,19,19.672131147540984,True,True
03917,03917/sva.sv,sva.sv,.sv,34,27,6,21,1422,194,356,7,0,6,13,33.33333333333333,True,True
03319,03319/sva.sv,sva.sv,.sv,76,62,12,50,2771,307,693,8,0,3,11,16.0,True,True
02236,02236/sva.sv,sva.sv,.sv,218,187,51,136,8492,818,2123,22,0,6,25,16.176470588235293,True,True
00561,00561/sva.sv,sva.sv,.sv,84,76,8,68,3313,357,828,9,0,10,0,13.23529411764706,True,False
00753,00753/sva.sv,sva.sv,.sv,73,62,11,51,2906,334,726,8,0,7,15,15.686274509803921,True,True
01681,01681/sva.sv,sva.sv,.sv,33,27,8,19,1081,153,270,2,0,3,5,10.526315789473683,True,True
02004,02004/sva.sv,sva.sv,.sv,97,79,15,64,3965,392,991,17,0,5,22,26.5625,True,True
02838,02838/sva.sv,sva.sv,.sv,55,48,8,40,1832,221,458,3,0,7,11,7.5,True,True
04797,04797/sva.sv,sva.sv,.sv,53,46,4,42,1781,263,445,7,0,5,0,16.666666666666664,True,False
00337,00337/sva.sv,sva.sv,.sv,97,83,11,72,4106,457,1026,18,0,7,25,25.0,True,True
02460,02460/sva.sv,sva.sv,.sv,44,36,12,24,1856,223,464,5,0,5,10,20.833333333333336,True,True
03780,03780/sva.sv,sva.sv,.sv,92,81,11,70,3127,350,782,10,0,8,0,14.285714285714285,True,False
02652,02652/sva.sv,sva.sv,.sv,34,28,8,20,1398,200,350,3,0,6,9,15.0,True,True
00939,00939/sva.sv,sva.sv,.sv,125,108,17,91,4888,528,1222,13,0,10,23,14.285714285714285,True,True
00105,00105/sva.sv,sva.sv,.sv,126,111,11,100,6809,384,1702,27,0,6,33,27.0,True,True
04763,04763/sva.sv,sva.sv,.sv,95,73,9,64,4186,461,1046,27,0,6,33,42.1875,True,True
01211,01211/sva.sv,sva.sv,.sv,72,64,10,54,2448,315,612,20,0,17,0,37.03703703703704,True,False
03546,03546/sva.sv,sva.sv,.sv,104,86,17,69,4191,540,1048,12,0,11,23,17.391304347826086,True,True
02494,02494/sva.sv,sva.sv,.sv,188,168,27,141,6687,806,1672,30,0,8,38,21.27659574468085,True,True
03774,03774/sva.sv,sva.sv,.sv,89,68,20,48,4893,559,1223,17,0,8,25,35.41666666666667,True,True
04551,04551/sva.sv,sva.sv,.sv,155,137,24,113,5524,637,1381,11,0,10,21,9.734513274336283,True,True
01023,01023/sva.sv,sva.sv,.sv,57,49,8,41,2686,315,672,6,0,7,0,14.634146341463413,True,False
03310,03310/sva.sv,sva.sv,.sv,45,34,10,24,2067,260,517,5,0,6,11,20.833333333333336,True,True
04135,04135/sva.sv,sva.sv,.sv,71,61,5,56,2420,270,605,4,0,7,11,7.142857142857142,True,True
00595,00595/sva.sv,sva.sv,.sv,79,67,11,56,2755,329,689,11,0,8,18,19.642857142857142,True,True
01447,01447/sva.sv,sva.sv,.sv,93,76,16,60,3590,434,898,13,0,3,16,21.666666666666668,True,True
04307,04307/sva.sv,sva.sv,.sv,49,39,8,31,2234,279,558,6,0,11,17,19.35483870967742,True,True
01675,01675/sva.sv,sva.sv,.sv,113,88,9,79,3933,457,983,10,0,17,27,12.658227848101266,True,True
03122,03122/sva.sv,sva.sv,.sv,43,35,8,27,1610,197,402,1,0,8,9,3.7037037037037033,True,True
00906,00906/sva.sv,sva.sv,.sv,90,78,16,62,4231,552,1058,18,0,10,24,29.03225806451613,True,True
00308,00308/sva.sv,sva.sv,.sv,43,31,11,20,1671,246,418,9,0,3,11,45.0,True,True
02807,02807/sva.sv,sva.sv,.sv,74,63,11,52,2859,384,715,6,0,37,43,11.538461538461538,True,True
02209,02209/sva.sv,sva.sv,.sv,61,52,8,44,2733,438,683,10,0,10,21,22.727272727272727,True,True
03921,03921/sva.sv,sva.sv,.sv,111,83,26,57,4031,534,1008,26,0,7,33,45.614035087719294,True,True
04338,04338/sva.sv,sva.sv,.sv,80,65,15,50,3256,422,814,10,0,12,22,20.0,True,True
00798,00798/sva.sv,sva.sv,.sv,56,47,9,38,1873,276,468,5,0,8,15,13.157894736842104,True,True
01478,01478/sva.sv,sva.sv,.sv,67,51,17,34,2886,375,722,14,0,10,22,41.17647058823529,True,True
01820,01820/sva.sv,sva.sv,.sv,72,62,11,51,2454,310,614,6,0,5,17,11.76470588235294,True,True
02699,02699/sva.sv,sva.sv,.sv,112,93,13,80,6114,419,1528,18,0,5,23,22.5,True,True
03579,03579/sva.sv,sva.sv,.sv,51,45,10,35,1939,277,485,2,0,4,6,5.714285714285714,True,True
04300,04300/sva.sv,sva.sv,.sv,63,49,16,33,2649,294,662,15,0,8,23,45.45454545454545,True,True
01672,01672/sva.sv,sva.sv,.sv,118,100,16,84,5818,501,1454,14,0,5,19,16.666666666666664,True,True
03125,03125/sva.sv,sva.sv,.sv,103,84,18,66,4252,461,1063,14,0,9,23,21.21212121212121,True,True
03919,03919/sva.sv,sva.sv,.sv,87,68,20,48,3038,349,760,15,0,9,23,31.25,True,True
03317,03317/sva.sv,sva.sv,.sv,49,36,12,24,2047,242,512,7,0,4,11,29.166666666666668,True,True
04132,04132/sva.sv,sva.sv,.sv,38,30,6,24,1773,309,443,12,0,7,19,50.0,True,True
00592,00592/sva.sv,sva.sv,.sv,143,126,33,93,5843,567,1461,25,0,8,30,26.881720430107524,True,True
01440,01440/sva.sv,sva.sv,.sv,71,63,25,38,4050,535,1012,14,0,6,20,36.84210526315789,True,True
03773,03773/sva.sv,sva.sv,.sv,32,26,7,19,1336,162,334,6,0,5,11,31.57894736842105,True,True
01818,01818/sva.sv,sva.sv,.sv,62,45,16,29,2213,318,553,9,0,6,15,31.03448275862069,True,True
04556,04556/sva.sv,sva.sv,.sv,61,50,9,41,1902,230,476,8,0,5,13,19.51219512195122,True,True
01024,01024/sva.sv,sva.sv,.sv,47,38,10,28,2286,288,572,10,0,8,18,35.714285714285715,True,True
04764,04764/sva.sv,sva.sv,.sv,79,70,11,59,3170,356,792,16,0,8,24,27.11864406779661,True,True
01216,01216/sva.sv,sva.sv,.sv,126,108,12,96,5315,449,1329,18,0,11,29,18.75,True,True
03541,03541/sva.sv,sva.sv,.sv,123,105,19,86,5212,588,1303,15,0,8,27,17.441860465116278,True,True
02493,02493/sva.sv,sva.sv,.sv,41,33,6,27,1400,268,350,6,0,4,10,22.22222222222222,True,True
03787,03787/sva.sv,sva.sv,.sv,47,38,7,31,2236,186,559,7,0,6,13,22.58064516129032,True,True
02655,02655/sva.sv,sva.sv,.sv,37,31,7,24,1394,192,348,4,0,5,9,16.666666666666664,True,True
00102,00102/sva.sv,sva.sv,.sv,61,46,15,31,2806,300,702,17,0,5,21,54.83870967741935,True,True
04790,04790/sva.sv,sva.sv,.sv,48,36,11,25,2102,273,526,13,0,4,15,52.0,True,True
00330,00330/sva.sv,sva.sv,.sv,29,22,6,16,991,129,248,3,0,3,6,18.75,True,True
02467,02467/sva.sv,sva.sv,.sv,39,35,4,31,1745,215,436,3,0,12,0,9.67741935483871,True,False
00754,00754/sva.sv,sva.sv,.sv,66,54,9,45,2734,263,684,11,0,5,16,24.444444444444443,True,True
01686,01686/sva.sv,sva.sv,.sv,60,49,4,45,2274,309,568,6,0,7,6,13.333333333333334,True,True
02003,02003/sva.sv,sva.sv,.sv,53,39,7,32,2477,250,619,5,0,10,15,15.625,True,True
02231,02231/sva.sv,sva.sv,.sv,60,52,12,40,3709,585,927,11,0,12,23,27.500000000000004,True,True
00566,00566/sva.sv,sva.sv,.sv,34,24,8,16,1264,117,316,6,0,4,10,37.5,True,True
01229,01229/sva.sv,sva.sv,.sv,45,37,9,28,1603,253,401,4,0,9,13,14.285714285714285,True,True
01827,01827/sva.sv,sva.sv,.sv,38,31,6,25,2166,276,542,11,0,11,22,44.0,True,True
04569,04569/sva.sv,sva.sv,.sv,72,60,12,48,3131,322,783,14,0,8,22,29.166666666666668,True,True
03328,03328/sva.sv,sva.sv,.sv,77,63,15,48,5087,778,1272,5,0,8,13,10.416666666666668,True,True
03926,03926/sva.sv,sva.sv,.sv,49,42,7,35,1872,222,468,16,0,8,24,45.714285714285715,True,True
00559,00559/sva.sv,sva.sv,.sv,48,39,7,32,1935,240,484,6,0,11,17,18.75,True,True
02800,02800/sva.sv,sva.sv,.sv,59,48,7,41,2118,290,530,6,0,12,0,14.634146341463413,True,False
02458,02458/sva.sv,sva.sv,.sv,27,20,6,14,1058,145,264,2,0,6,8,14.285714285714285,True,True
00901,00901/sva.sv,sva.sv,.sv,43,34,7,27,1573,232,393,4,0,1,5,14.814814814814813,True,True
00873,00873/sva.sv,sva.sv,.sv,72,57,18,39,2206,311,552,5,0,8,13,12.82051282051282,True,True
02718,02718/sva.sv,sva.sv,.sv,26,20,7,13,962,130,240,3,0,6,9,23.076923076923077,True,True
02972,02972/sva.sv,sva.sv,.sv,44,32,7,25,1794,211,448,3,0,5,8,12.0,True,True
00619,00619/sva.sv,sva.sv,.sv,82,72,12,60,3510,418,878,12,0,4,8,20.0,True,True
02388,02388/sva.sv,sva.sv,.sv,54,44,10,34,2173,291,543,8,0,7,15,23.52941176470588,True,True
02986,02986/sva.sv,sva.sv,.sv,53,43,6,37,2007,280,502,7,0,6,18,18.91891891891892,True,True
03854,03854/sva.sv,sva.sv,.sv,70,56,15,41,2822,337,706,8,0,4,12,19.51219512195122,True,True
03068,03068/sva.sv,sva.sv,.sv,64,53,12,41,2438,375,610,6,0,6,12,14.634146341463413,True,True
00289,00289/sva.sv,sva.sv,.sv,35,27,8,19,1306,171,326,3,0,7,12,15.789473684210526,True,True
04629,04629/sva.sv,sva.sv,.sv,42,37,6,31,2162,202,540,8,0,11,19,25.806451612903224,True,True
01169,01169/sva.sv,sva.sv,.sv,52,45,6,39,1757,265,439,2,0,7,11,5.128205128205128,True,True
01955,01955/sva.sv,sva.sv,.sv,83,74,7,67,3031,354,758,24,0,5,29,35.82089552238806,True,True
00887,00887/sva.sv,sva.sv,.sv,40,35,7,28,1527,213,382,7,0,6,13,25.0,True,True
00626,00626/sva.sv,sva.sv,.sv,149,123,22,101,6107,514,1527,23,0,3,26,22.772277227722775,True,True
04286,04286/sva.sv,sva.sv,.sv,37,27,9,18,1429,189,357,5,0,4,9,27.77777777777778,True,True
02171,02171/sva.sv,sva.sv,.sv,36,27,7,20,1151,159,288,3,0,1,4,15.0,True,True
02343,02343/sva.sv,sva.sv,.sv,40,32,12,20,1547,220,387,7,0,4,11,35.0,True,True
03291,03291/sva.sv,sva.sv,.sv,137,121,14,107,9722,918,2430,42,0,30,72,39.25233644859813,True,True
00414,00414/sva.sv,sva.sv,.sv,142,118,39,79,6980,713,1745,31,0,11,42,39.24050632911392,True,True
02727,02727/sva.sv,sva.sv,.sv,79,61,14,47,3018,408,754,22,0,12,34,46.808510638297875,True,True
00070,00070/sva.sv,sva.sv,.sv,85,68,15,53,4017,362,1004,18,0,4,20,33.9622641509434,True,True
01390,01390/sva.sv,sva.sv,.sv,111,91,17,74,4633,572,1158,15,0,5,18,20.27027027027027,True,True
00242,00242/sva.sv,sva.sv,.sv,48,38,9,29,1856,274,464,8,0,11,19,27.586206896551722,True,True
02515,02515/sva.sv,sva.sv,.sv,49,39,9,30,2163,276,541,11,0,5,16,36.666666666666664,True,True
03601,03601/sva.sv,sva.sv,.sv,202,183,23,160,9957,870,2489,32,0,19,51,20.0,True,True
01156,01156/sva.sv,sva.sv,.sv,74,63,23,40,2927,388,732,23,0,12,35,57.49999999999999,True,True
00084,00084/sva.sv,sva.sv,.sv,68,57,13,44,2612,323,653,5,0,5,15,11.363636363636363,True,True
04424,04424/sva.sv,sva.sv,.sv,91,81,34,47,3815,464,954,11,0,5,16,23.404255319148938,True,True
01364,01364/sva.sv,sva.sv,.sv,62,52,8,44,2725,436,681,16,0,6,19,36.36363636363637,True,True
04616,04616/sva.sv,sva.sv,.sv,85,68,8,60,2958,368,740,9,0,13,0,15.0,True,False
03433,03433/sva.sv,sva.sv,.sv,109,90,23,67,4468,450,1117,14,0,4,17,20.8955223880597,True,True
01700,01700/sva.sv,sva.sv,.sv,43,32,12,20,1770,239,442,11,0,4,15,55.00000000000001,True,True
04272,04272/sva.sv,sva.sv,.sv,62,53,6,47,2846,249,712,5,0,7,17,10.638297872340425,True,True
02185,02185/sva.sv,sva.sv,.sv,39,31,7,24,1940,223,485,5,0,7,12,20.833333333333336,True,True
03057,03057/sva.sv,sva.sv,.sv,36,32,3,29,1188,161,297,2,0,8,0,6.896551724137931,True,False
03265,03265/sva.sv,sva.sv,.sv,56,47,12,35,2186,283,546,9,0,12,0,25.71428571428571,True,False
01532,01532/sva.sv,sva.sv,.sv,57,43,13,30,2463,334,616,12,0,4,15,40.0,True,True
04040,04040/sva.sv,sva.sv,.sv,44,35,10,25,1719,239,430,6,0,4,10,24.0,True,True
01952,01952/sva.sv,sva.sv,.sv,113,87,17,70,4340,511,1085,10,0,11,21,14.285714285714285,True,True
00880,00880/sva.sv,sva.sv,.sv,77,62,14,48,2575,290,644,8,0,10,18,16.666666666666664,True,True
03639,03639/sva.sv,sva.sv,.sv,37,28,7,21,1436,179,359,7,0,5,12,33.33333333333333,True,True
02981,02981/sva.sv,sva.sv,.sv,71,58,17,41,2502,374,626,8,0,7,15,19.51219512195122,True,True
03853,03853/sva.sv,sva.sv,.sv,75,66,12,54,3024,409,756,7,0,11,21,12.962962962962962,True,True
01738,01738/sva.sv,sva.sv,.sv,64,52,10,42,3265,344,816,7,0,5,12,16.666666666666664,True,True
04078,04078/sva.sv,sva.sv,.sv,43,34,6,28,1677,189,419,5,0,9,0,17.857142857142858,True,False
02975,02975/sva.sv,sva.sv,.sv,203,172,58,114,7527,800,1882,28,0,8,33,24.561403508771928,True,True
02149,02149/sva.sv,sva.sv,.sv,33,27,6,21,1178,153,294,2,0,4,0,9.523809523809524,True,False
00048,00048/sva.sv,sva.sv,.sv,43,35,9,26,1345,193,336,4,0,3,7,15.384615384615385,True,True
00874,00874/sva.sv,sva.sv,.sv,39,29,8,21,1570,203,392,4,0,9,13,19.047619047619047,True,True
03262,03262/sva.sv,sva.sv,.sv,105,88,20,68,3905,443,976,13,0,4,17,19.11764705882353,True,True
01535,01535/sva.sv,sva.sv,.sv,72,59,13,46,2680,314,670,6,0,5,11,13.043478260869565,True,True
04047,04047/sva.sv,sva.sv,.sv,89,76,13,63,3107,394,777,9,0,7,16,14.285714285714285,True,True
01707,01707/sva.sv,sva.sv,.sv,166,145,18,127,7184,632,1796,26,0,13,39,20.47244094488189,True,True
04275,04275/sva.sv,sva.sv,.sv,114,95,15,80,4119,472,1030,8,0,5,14,10.0,True,True
02182,02182/sva.sv,sva.sv,.sv,121,95,29,66,5231,586,1308,23,0,11,25,34.84848484848485,True,True
03050,03050/sva.sv,sva.sv,.sv,153,139,15,124,6246,654,1562,4,0,11,19,3.225806451612903,True,True
01363,01363/sva.sv,sva.sv,.sv,65,55,17,38,2877,395,719,9,0,8,17,23.684210526315788,True,True
04611,04611/sva.sv,sva.sv,.sv,79,66,15,51,2241,290,560,5,0,8,18,9.803921568627452,True,True
03434,03434/sva.sv,sva.sv,.sv,44,32,10,22,1649,227,412,6,0,5,11,27.27272727272727,True,True
03606,03606/sva.sv,sva.sv,.sv,66,62,18,44,3015,307,754,18,0,14,32,40.909090909090914,True,True
01151,01151/sva.sv,sva.sv,.sv,68,56,9,47,2963,380,741,11,0,18,29,23.404255319148938,True,True
00083,00083/sva.sv,sva.sv,.sv,58,46,11,35,2236,343,559,6,0,8,14,17.142857142857142,True,True
04423,04423/sva.sv,sva.sv,.sv,48,36,10,26,2034,282,508,7,0,6,13,26.923076923076923,True,True
01397,01397/sva.sv,sva.sv,.sv,55,44,10,34,2624,288,656,14,0,4,12,41.17647058823529,True,True
00245,00245/sva.sv,sva.sv,.sv,64,51,14,37,2224,361,556,7,0,7,14,18.91891891891892,True,True
02512,02512/sva.sv,sva.sv,.sv,45,37,8,29,1372,174,343,3,0,5,0,10.344827586206897,True,False
02720,02720/sva.sv,sva.sv,.sv,49,38,13,25,1758,287,440,7,0,4,11,28.000000000000004,True,True
00077,00077/sva.sv,sva.sv,.sv,129,106,19,87,3921,490,980,12,0,10,22,13.793103448275861,True,True
01999,01999/sva.sv,sva.sv,.sv,50,39,10,29,2784,301,696,17,0,6,23,58.620689655172406,True,True
02344,02344/sva.sv,sva.sv,.sv,66,54,13,41,4001,390,1000,19,0,1,20,46.34146341463415,True,True
03296,03296/sva.sv,sva.sv,.sv,77,63,17,46,2933,308,733,7,0,8,15,15.217391304347828,True,True
00413,00413/sva.sv,sva.sv,.sv,55,45,13,32,2561,328,640,7,0,8,15,21.875,True,True
00621,00621/sva.sv,sva.sv,.sv,116,95,14,81,5070,446,1268,33,0,8,41,40.74074074074074,True,True
04281,04281/sva.sv,sva.sv,.sv,50,39,9,30,1752,261,438,14,0,9,23,46.666666666666664,True,True
03898,03898/sva.sv,sva.sv,.sv,61,51,9,42,1906,271,476,4,0,6,10,9.523809523809524,True,True
02176,02176/sva.sv,sva.sv,.sv,70,59,9,50,2586,340,646,9,0,16,16,18.0,True,True
03865,03865/sva.sv,sva.sv,.sv,67,55,13,42,2256,278,564,6,0,9,16,14.285714285714285,True,True
03059,03059/sva.sv,sva.sv,.sv,95,76,23,53,3295,433,824,9,0,5,14,16.9811320754717,True,True
01158,01158/sva.sv,sva.sv,.sv,42,34,7,27,1320,178,330,5,0,3,8,18.51851851851852,True,True
01964,01964/sva.sv,sva.sv,.sv,89,77,15,62,3133,365,783,7,0,5,19,11.29032258064516,True,True
04618,04618/sva.sv,sva.sv,.sv,64,53,11,42,2076,276,519,7,0,3,10,16.666666666666664,True,True
02729,02729/sva.sv,sva.sv,.sv,89,76,16,60,5386,490,1346,34,0,9,43,56.666666666666664,True,True
00842,00842/sva.sv,sva.sv,.sv,71,60,13,47,2539,316,635,3,0,13,16,6.382978723404255,True,True
01990,01990/sva.sv,sva.sv,.sv,36,27,7,20,1282,177,320,6,0,3,13,30.0,True,True
00628,00628/sva.sv,sva.sv,.sv,60,48,12,36,2729,303,682,9,0,7,17,25.0,True,True
04288,04288/sva.sv,sva.sv,.sv,58,49,8,41,1875,228,469,9,0,3,15,21.951219512195124,True,True
03891,03891/sva.sv,sva.sv,.sv,43,33,8,25,1613,207,403,7,0,6,13,28.000000000000004,True,True
02943,02943/sva.sv,sva.sv,.sv,36,30,7,23,1239,180,310,2,0,3,5,8.695652173913043,True,True
03402,03402/sva.sv,sva.sv,.sv,66,51,13,38,2314,344,578,7,0,5,12,18.421052631578945,True,True
00287,00287/sva.sv,sva.sv,.sv,108,94,11,83,3738,436,934,9,0,3,12,10.843373493975903,True,True
01355,01355/sva.sv,sva.sv,.sv,78,63,14,49,3259,363,815,16,0,16,32,32.6530612244898,True,True
04627,04627/sva.sv,sva.sv,.sv,67,57,16,41,3129,346,782,9,0,5,16,21.951219512195124,True,True
01167,01167/sva.sv,sva.sv,.sv,49,42,6,36,2142,265,536,10,0,6,16,27.77777777777778,True,True
00889,00889/sva.sv,sva.sv,.sv,95,76,17,59,3251,447,813,8,0,6,14,13.559322033898304,True,True
04415,04415/sva.sv,sva.sv,.sv,42,35,9,26,1930,305,482,13,0,6,19,50.0,True,True
03630,03630/sva.sv,sva.sv,.sv,43,36,9,27,1766,217,442,6,0,1,7,22.22222222222222,True,True
01503,01503/sva.sv,sva.sv,.sv,67,54,13,41,2996,365,749,14,0,5,19,34.146341463414636,True,True
04071,04071/sva.sv,sva.sv,.sv,71,58,14,44,3335,444,834,11,0,6,15,25.0,True,True
03254,03254/sva.sv,sva.sv,.sv,59,48,8,40,2217,245,554,6,0,8,14,15.0,True,True
02386,02386/sva.sv,sva.sv,.sv,78,64,14,50,2441,359,610,8,0,10,17,16.0,True,True
02988,02988/sva.sv,sva.sv,.sv,134,114,21,93,5226,539,1306,24,0,5,29,25.806451612903224,True,True
03066,03066/sva.sv,sva.sv,.sv,205,184,20,164,8745,921,2186,15,0,6,22,9.146341463414634,True,True
01731,01731/sva.sv,sva.sv,.sv,58,46,10,36,1938,287,484,6,0,5,11,16.666666666666664,True,True
04243,04243/sva.sv,sva.sv,.sv,73,62,13,49,2881,404,720,8,0,10,19,16.3265306122449,True,True
00425,00425/sva.sv,sva.sv,.sv,30,25,7,18,1294,186,324,4,0,5,9,22.22222222222222,True,True
04085,04085/sva.sv,sva.sv,.sv,42,35,6,29,1941,226,485,5,0,5,10,17.24137931034483,True,True
02372,02372/sva.sv,sva.sv,.sv,122,101,22,79,5472,630,1368,26,0,13,24,32.91139240506329,True,True
03092,03092/sva.sv,sva.sv,.sv,44,34,9,25,1664,213,416,6,0,4,10,24.0,True,True
02140,02140/sva.sv,sva.sv,.sv,95,77,16,61,4594,450,1148,37,0,4,40,60.65573770491803,True,True
00617,00617/sva.sv,sva.sv,.sv,103,88,17,71,5626,544,1406,14,3,8,26,19.718309859154928,True,True
02524,02524/sva.sv,sva.sv,.sv,54,44,11,33,2119,299,530,10,0,5,15,30.303030303030305,True,True
00273,00273/sva.sv,sva.sv,.sv,77,66,11,55,3118,397,780,8,0,14,21,14.545454545454545,True,True
00041,00041/sva.sv,sva.sv,.sv,42,35,6,29,1830,279,458,5,0,6,14,17.24137931034483,True,True
01193,01193/sva.sv,sva.sv,.sv,85,69,18,51,3076,421,769,12,0,8,19,23.52941176470588,True,True
02716,02716/sva.sv,sva.sv,.sv,124,108,17,91,4720,535,1180,6,0,6,13,6.593406593406594,True,True
03298,03298/sva.sv,sva.sv,.sv,115,98,14,84,6398,521,1600,31,0,3,34,36.904761904761905,True,True
03896,03896/sva.sv,sva.sv,.sv,65,56,7,49,2806,261,702,10,0,2,12,20.408163265306122,True,True
02944,02944/sva.sv,sva.sv,.sv,56,45,11,34,1981,260,495,8,0,3,11,23.52941176470588,True,True
02178,02178/sva.sv,sva.sv,.sv,215,188,15,173,7653,718,1913,27,0,10,37,15.606936416184972,True,True
01399,01399/sva.sv,sva.sv,.sv,113,95,18,77,5511,515,1378,42,0,2,44,54.54545454545454,True,True
00079,00079/sva.sv,sva.sv,.sv,116,96,18,78,4407,493,1102,21,0,2,19,26.923076923076923,True,True
00845,00845/sva.sv,sva.sv,.sv,55,43,10,33,2036,247,509,6,0,2,8,18.181818181818183,True,True
01997,01997/sva.sv,sva.sv,.sv,96,81,13,68,4411,472,1103,22,0,3,28,32.35294117647059,True,True
03608,03608/sva.sv,sva.sv,.sv,40,34,7,27,1492,193,373,3,0,2,5,11.11111111111111,True,True
01963,01963/sva.sv,sva.sv,.sv,185,163,12,151,7710,672,1928,22,0,11,33,14.56953642384106,True,True
04049,04049/sva.sv,sva.sv,.sv,55,44,10,34,2609,264,652,11,0,4,15,32.35294117647059,True,True
01709,01709/sva.sv,sva.sv,.sv,72,58,9,49,2645,292,661,10,0,3,13,20.408163265306122,True,True
03862,03862/sva.sv,sva.sv,.sv,71,58,14,44,4028,338,1007,18,0,7,25,40.909090909090914,True,True
00046,00046/sva.sv,sva.sv,.sv,58,45,8,37,1845,210,461,5,0,5,10,13.513513513513514,True,True
01194,01194/sva.sv,sva.sv,.sv,80,63,15,48,3285,355,821,7,0,5,12,14.583333333333334,True,True
02711,02711/sva.sv,sva.sv,.sv,81,68,14,54,3660,387,915,16,0,4,20,29.629629629629626,True,True
02523,02523/sva.sv,sva.sv,.sv,70,60,11,49,2528,264,632,13,0,3,16,26.53061224489796,True,True
00274,00274/sva.sv,sva.sv,.sv,64,51,15,36,2587,359,647,18,0,8,26,50.0,True,True
03095,03095/sva.sv,sva.sv,.sv,111,101,13,88,4569,519,1142,5,0,25,30,5.681818181818182,True,True
02147,02147/sva.sv,sva.sv,.sv,51,44,6,38,2424,249,606,6,0,7,17,15.789473684210526,True,True
00610,00610/sva.sv,sva.sv,.sv,55,44,12,32,1843,220,461,8,0,2,6,25.0,True,True
00422,00422/sva.sv,sva.sv,.sv,50,40,10,30,1886,239,472,7,0,4,11,23.333333333333332,True,True
04082,04082/sva.sv,sva.sv,.sv,119,100,18,82,3535,420,884,8,0,6,13,9.75609756097561,True,True
02375,02375/sva.sv,sva.sv,.sv,55,44,9,35,2020,299,505,7,0,6,13,20.0,True,True
03061,03061/sva.sv,sva.sv,.sv,53,41,11,30,2947,389,737,8,0,14,26,26.666666666666668,True,True
01736,01736/sva.sv,sva.sv,.sv,173,143,22,121,7706,678,1926,19,0,7,26,15.702479338842975,True,True
04244,04244/sva.sv,sva.sv,.sv,33,27,6,21,1314,153,328,5,0,7,12,23.809523809523807,True,True
01504,01504/sva.sv,sva.sv,.sv,26,19,5,14,1125,151,281,3,0,5,8,21.428571428571427,True,True
04076,04076/sva.sv,sva.sv,.sv,49,41,9,32,1555,207,389,4,0,3,7,12.5,True,True
03253,03253/sva.sv,sva.sv,.sv,151,132,13,119,5114,523,1278,33,0,13,46,27.73109243697479,True,True
02381,02381/sva.sv,sva.sv,.sv,67,55,11,44,2603,314,651,6,0,8,14,13.636363636363635,True,True
01160,01160/sva.sv,sva.sv,.sv,42,32,9,23,1847,243,462,12,0,5,17,52.17391304347826,True,True
04412,04412/sva.sv,sva.sv,.sv,49,39,7,32,2303,309,576,10,0,10,20,31.25,True,True
03637,03637/sva.sv,sva.sv,.sv,75,64,8,56,2205,295,551,8,0,9,17,14.285714285714285,True,True
03405,03405/sva.sv,sva.sv,.sv,45,35,7,28,1995,253,499,6,0,4,10,21.428571428571427,True,True
00280,00280/sva.sv,sva.sv,.sv,66,54,12,42,2458,313,614,9,0,5,14,21.428571428571427,True,True
01352,01352/sva.sv,sva.sv,.sv,91,75,13,62,3200,348,800,14,0,6,20,22.58064516129032,True,True
04620,04620/sva.sv,sva.sv,.sv,45,36,8,28,1932,259,483,5,0,10,15,17.857142857142858,True,True
04680,04680/sva.sv,sva.sv,.sv,36,27,9,18,1317,171,329,6,0,5,11,33.33333333333333,True,True
00220,00220/sva.sv,sva.sv,.sv,52,41,8,33,2521,344,630,10,0,13,23,30.303030303030305,True,True
02577,02577/sva.sv,sva.sv,.sv,42,36,6,30,1390,217,348,1,0,3,5,3.3333333333333335,True,True
02745,02745/sva.sv,sva.sv,.sv,78,68,7,61,3141,288,785,5,0,6,11,8.19672131147541,True,True
03697,03697/sva.sv,sva.sv,.sv,33,28,4,24,1357,161,339,4,0,5,9,16.666666666666664,True,True
00012,00012/sva.sv,sva.sv,.sv,71,54,16,38,3142,491,786,14,0,16,30,36.84210526315789,True,True
02321,02321/sva.sv,sva.sv,.sv,42,35,7,28,1479,189,370,8,0,3,11,28.57142857142857,True,True
00476,00476/sva.sv,sva.sv,.sv,71,63,14,49,2690,336,672,10,0,14,24,20.408163265306122,True,True
01796,01796/sva.sv,sva.sv,.sv,120,102,18,84,5793,574,1448,29,1,5,35,34.523809523809526,True,True
00644,00644/sva.sv,sva.sv,.sv,92,76,14,62,3813,456,953,18,0,8,0,29.03225806451613,True,False
02113,02113/sva.sv,sva.sv,.sv,40,31,9,22,1864,237,466,5,0,8,13,22.727272727272727,True,True
03207,03207/sva.sv,sva.sv,.sv,49,39,8,31,2451,310,613,9,0,14,24,29.03225806451613,True,True
04022,04022/sva.sv,sva.sv,.sv,73,61,16,45,2647,326,662,7,0,3,10,15.555555555555555,True,True
01550,01550/sva.sv,sva.sv,.sv,35,30,7,23,1569,226,392,3,0,7,10,13.043478260869565,True,True
00482,00482/sva.sv,sva.sv,.sv,111,95,13,82,4641,500,1160,15,0,10,26,18.29268292682927,True,True
04210,04210/sva.sv,sva.sv,.sv,104,93,11,82,7166,941,1792,47,0,8,55,57.3170731707317,True,True
01762,01762/sva.sv,sva.sv,.sv,43,33,10,23,1651,211,413,10,0,7,17,43.47826086956522,True,True
03035,03035/sva.sv,sva.sv,.sv,73,60,13,47,2989,281,747,4,0,5,13,8.51063829787234,True,True
03809,03809/sva.sv,sva.sv,.sv,55,48,9,39,1998,259,500,8,0,6,4,20.51282051282051,True,True
04674,04674/sva.sv,sva.sv,.sv,284,275,4,271,6611,425,1653,4,0,0,0,1.4760147601476015,True,False
01306,01306/sva.sv,sva.sv,.sv,41,32,8,24,1740,213,435,5,0,4,9,20.833333333333336,True,True
02583,02583/sva.sv,sva.sv,.sv,42,36,6,30,1728,222,432,7,0,5,12,23.333333333333332,True,True
03451,03451/sva.sv,sva.sv,.sv,94,76,9,67,3391,372,848,11,0,8,19,16.417910447761194,True,True
03663,03663/sva.sv,sva.sv,.sv,62,53,9,44,2634,418,658,12,0,12,25,27.27272727272727,True,True
04446,04446/sva.sv,sva.sv,.sv,50,39,8,31,1690,244,422,8,0,7,15,25.806451612903224,True,True
01908,01908/sva.sv,sva.sv,.sv,103,86,16,70,3463,480,866,13,0,9,0,18.571428571428573,True,False
01134,01134/sva.sv,sva.sv,.sv,69,57,14,43,2687,462,672,9,0,6,15,20.930232558139537,True,True
02910,02910/sva.sv,sva.sv,.sv,101,86,16,70,4137,458,1034,18,0,3,21,25.71428571428571,True,True
00449,00449/sva.sv,sva.sv,.sv,39,29,8,21,1500,201,375,6,0,4,10,28.57142857142857,True,True
00811,00811/sva.sv,sva.sv,.sv,53,46,10,36,2096,246,524,9,0,5,14,25.0,True,True
02548,02548/sva.sv,sva.sv,.sv,71,59,12,47,3325,416,831,5,0,12,17,10.638297872340425,True,True
04479,04479/sva.sv,sva.sv,.sv,75,62,15,47,3098,355,774,12,0,11,22,25.53191489361702,True,True
01937,01937/sva.sv,sva.sv,.sv,52,44,11,33,1853,258,463,9,0,4,13,27.27272727272727,True,True
01339,01339/sva.sv,sva.sv,.sv,62,47,13,34,2677,328,669,12,0,10,22,35.294117647058826,True,True
03836,03836/sva.sv,sva.sv,.sv,121,106,21,85,4068,476,1017,4,4,3,12,4.705882352941177,True,True
03238,03238/sva.sv,sva.sv,.sv,39,30,6,24,1338,170,334,5,0,6,11,20.833333333333336,True,True
03664,03664/sva.sv,sva.sv,.sv,74,60,17,43,3594,455,898,20,0,5,25,46.51162790697674,True,True
04441,04441/sva.sv,sva.sv,.sv,109,94,16,78,3781,466,945,15,0,3,18,19.230769230769234,True,True
01133,01133/sva.sv,sva.sv,.sv,49,40,10,30,1433,197,358,2,0,8,10,6.666666666666667,True,True
04673,04673/sva.sv,sva.sv,.sv,90,70,23,47,3652,409,913,16,0,4,20,34.04255319148936,True,True
01301,01301/sva.sv,sva.sv,.sv,99,83,15,68,4901,473,1225,10,0,14,24,14.705882352941178,True,True
02584,02584/sva.sv,sva.sv,.sv,90,78,8,70,2787,381,697,4,0,4,8,5.714285714285714,True,True
03456,03456/sva.sv,sva.sv,.sv,108,94,18,76,4438,522,1110,8,0,12,22,10.526315789473683,True,True
04217,04217/sva.sv,sva.sv,.sv,44,35,9,26,1781,267,445,10,0,6,16,38.46153846153847,True,True
01765,01765/sva.sv,sva.sv,.sv,60,49,10,39,2235,275,559,7,0,6,13,17.94871794871795,True,True
03032,03032/sva.sv,sva.sv,.sv,155,128,22,106,7328,597,1832,26,0,8,34,24.528301886792452,True,True
03200,03200/sva.sv,sva.sv,.sv,60,49,11,38,2889,393,722,10,0,3,12,26.31578947368421,True,True
04025,04025/sva.sv,sva.sv,.sv,51,41,12,29,2284,307,571,11,0,5,17,37.93103448275862,True,True
01557,01557/sva.sv,sva.sv,.sv,127,107,17,90,4926,541,1232,21,0,9,30,23.333333333333332,True,True
00485,00485/sva.sv,sva.sv,.sv,42,33,8,25,1689,228,422,7,0,6,12,28.000000000000004,True,True
01791,01791/sva.sv,sva.sv,.sv,67,57,8,49,2299,257,575,9,0,3,12,18.367346938775512,True,True
00643,00643/sva.sv,sva.sv,.sv,46,35,8,27,1476,196,369,4,0,1,5,14.814814814814813,True,True
02114,02114/sva.sv,sva.sv,.sv,45,37,6,31,1934,250,484,4,0,12,16,12.903225806451612,True,True
02928,02928/sva.sv,sva.sv,.sv,63,51,13,38,2003,258,501,4,0,11,15,10.526315789473683,True,True
02326,02326/sva.sv,sva.sv,.sv,37,28,10,18,1515,249,379,4,0,7,12,22.22222222222222,True,True
00471,00471/sva.sv,sva.sv,.sv,77,64,12,52,3448,362,862,19,0,15,34,36.53846153846153,True,True
02742,02742/sva.sv,sva.sv,.sv,59,48,12,36,3546,390,886,18,0,6,24,50.0,True,True
03690,03690/sva.sv,sva.sv,.sv,45,37,9,28,2113,264,528,9,0,3,12,32.142857142857146,True,True
00829,00829/sva.sv,sva.sv,.sv,94,77,15,62,6292,573,1573,25,0,8,33,40.32258064516129,True,True
00015,00015/sva.sv,sva.sv,.sv,32,24,5,19,1423,148,356,3,0,4,7,15.789473684210526,True,True
04687,04687/sva.sv,sva.sv,.sv,115,98,17,81,4644,538,1161,7,0,14,21,8.641975308641975,True,True
00227,00227/sva.sv,sva.sv,.sv,183,150,12,138,7825,777,1956,12,0,14,26,8.695652173913043,True,True
02570,02570/sva.sv,sva.sv,.sv,38,29,8,21,1572,259,393,6,0,6,12,28.57142857142857,True,True
01568,01568/sva.sv,sva.sv,.sv,105,88,18,70,7224,706,1806,32,0,15,47,45.714285714285715,True,True
03831,03831/sva.sv,sva.sv,.sv,53,43,8,35,1776,247,444,5,0,4,9,14.285714285714285,True,True
04228,04228/sva.sv,sva.sv,.sv,120,105,5,100,5915,694,1479,11,0,13,23,11.0,True,True
00688,00688/sva.sv,sva.sv,.sv,191,168,37,131,6743,678,1686,16,0,7,36,12.213740458015266,True,True
03469,03469/sva.sv,sva.sv,.sv,59,48,10,38,2690,275,672,14,0,3,17,36.84210526315789,True,True
01930,01930/sva.sv,sva.sv,.sv,95,77,15,62,3922,461,980,18,0,6,24,29.03225806451613,True,True
02789,02789/sva.sv,sva.sv,.sv,71,58,12,46,2460,309,615,3,0,9,12,6.521739130434782,True,True
00218,00218/sva.sv,sva.sv,.sv,133,118,21,97,6049,719,1512,17,0,17,34,17.525773195876287,True,True
00816,00816/sva.sv,sva.sv,.sv,70,55,10,45,3091,348,773,17,0,7,24,37.77777777777778,True,True
02319,02319/sva.sv,sva.sv,.sv,83,68,10,58,2281,304,570,13,0,5,15,22.413793103448278,True,True
02917,02917/sva.sv,sva.sv,.sv,75,59,8,51,2431,355,608,7,0,9,16,13.725490196078432,True,True
03004,03004/sva.sv,sva.sv,.sv,38,31,9,22,1593,265,398,7,0,7,15,31.818181818181817,True,True
03838,03838/sva.sv,sva.sv,.sv,46,39,7,32,1526,165,382,5,0,6,11,15.625,True,True
04221,04221/sva.sv,sva.sv,.sv,61,51,10,41,2130,264,532,9,0,8,17,21.951219512195124,True,True
00681,00681/sva.sv,sva.sv,.sv,90,73,16,57,4088,399,1022,24,0,13,37,42.10526315789473,True,True
01753,01753/sva.sv,sva.sv,.sv,38,29,9,20,1411,202,353,7,0,4,10,35.0,True,True
04013,04013/sva.sv,sva.sv,.sv,78,62,20,42,2535,352,634,7,0,6,13,16.666666666666664,True,True
01561,01561/sva.sv,sva.sv,.sv,65,49,11,38,2393,307,598,11,0,6,17,28.947368421052634,True,True
03236,03236/sva.sv,sva.sv,.sv,91,78,10,68,3657,367,914,12,0,11,28,17.647058823529413,True,True
01939,01939/sva.sv,sva.sv,.sv,59,45,15,30,2305,264,576,6,0,6,12,20.0,True,True
04477,04477/sva.sv,sva.sv,.sv,51,39,11,28,2139,288,535,6,0,6,12,21.428571428571427,True,True
01105,01105/sva.sv,sva.sv,.sv,110,92,15,77,3445,471,861,5,0,20,4,6.493506493506493,True,True
03652,03652/sva.sv,sva.sv,.sv,60,48,11,37,2605,356,651,21,0,4,25,56.75675675675676,True,True
02780,02780/sva.sv,sva.sv,.sv,105,92,14,78,4721,524,1180,13,0,17,30,16.666666666666664,True,True
03460,03460/sva.sv,sva.sv,.sv,75,67,9,58,2833,347,708,11,0,12,23,18.96551724137931,True,True
04645,04645/sva.sv,sva.sv,.sv,236,203,25,178,8836,875,2209,27,0,3,30,15.168539325842698,True,True
01337,01337/sva.sv,sva.sv,.sv,31,25,8,17,1258,186,314,3,0,2,5,17.647058823529413,True,True
04483,04483/sva.sv,sva.sv,.sv,138,118,8,110,5611,490,1403,20,0,10,30,18.181818181818183,True,True
00023,00023/sva.sv,sva.sv,.sv,37,24,12,12,1533,260,383,6,0,3,9,50.0,True,True
02774,02774/sva.sv,sva.sv,.sv,74,63,14,49,3649,392,912,26,0,5,31,53.06122448979592,True,True
03494,03494/sva.sv,sva.sv,.sv,86,68,19,49,3410,429,852,13,0,3,16,26.53061224489796,True,True
02546,02546/sva.sv,sva.sv,.sv,54,41,10,31,2287,366,572,7,0,11,18,22.58064516129032,True,True
00211,00211/sva.sv,sva.sv,.sv,119,95,9,86,4278,490,1070,11,0,7,17,12.790697674418606,True,True
02122,02122/sva.sv,sva.sv,.sv,46,37,7,30,1997,274,499,2,0,11,15,6.666666666666667,True,True
00675,00675/sva.sv,sva.sv,.sv,40,30,10,20,1732,233,433,3,0,7,10,15.0,True,True
00447,00447/sva.sv,sva.sv,.sv,100,84,15,69,4787,449,1197,18,0,6,24,26.08695652173913,True,True
01595,01595/sva.sv,sva.sv,.sv,62,51,15,36,2122,264,530,6,0,2,5,16.666666666666664,True,True
02310,02310/sva.sv,sva.sv,.sv,122,105,16,89,5252,511,1313,25,0,6,31,28.08988764044944,True,True
01308,01308/sva.sv,sva.sv,.sv,31,24,8,16,1291,200,323,3,0,5,8,18.75,True,True
01906,01906/sva.sv,sva.sv,.sv,56,45,9,36,2292,318,573,10,0,8,18,27.77777777777778,True,True
04448,04448/sva.sv,sva.sv,.sv,45,37,10,27,1518,197,380,4,0,4,8,14.814814814814813,True,True
03209,03209/sva.sv,sva.sv,.sv,79,69,9,60,2666,310,666,5,0,6,11,8.333333333333332,True,True
03807,03807/sva.sv,sva.sv,.sv,46,38,7,31,2133,254,533,9,0,2,11,29.03225806451613,True,True
00478,00478/sva.sv,sva.sv,.sv,65,53,10,43,2298,248,574,7,0,5,12,16.27906976744186,True,True
01798,01798/sva.sv,sva.sv,.sv,38,32,6,26,1770,273,442,10,0,5,15,38.46153846153847,True,True
02921,02921/sva.sv,sva.sv,.sv,69,56,18,38,3290,369,822,9,0,2,11,23.684210526315788,True,True
02579,02579/sva.sv,sva.sv,.sv,76,60,16,44,2943,402,736,13,0,6,20,29.545454545454547,True,True
03699,03699/sva.sv,sva.sv,.sv,57,49,8,41,2931,291,733,5,0,7,12,12.195121951219512,True,True
00820,00820/sva.sv,sva.sv,.sv,96,85,22,63,4407,514,1102,13,0,4,17,20.634920634920633,True,True
00440,00440/sva.sv,sva.sv,.sv,41,35,6,29,1551,170,388,4,0,4,0,13.793103448275861,True,False
01592,01592/sva.sv,sva.sv,.sv,90,76,11,65,3340,370,835,8,0,2,10,12.307692307692308,True,True
02317,02317/sva.sv,sva.sv,.sv,91,74,23,51,3769,409,942,19,0,5,24,37.254901960784316,True,True
02125,02125/sva.sv,sva.sv,.sv,82,68,14,54,3417,407,854,21,0,3,23,38.88888888888889,True,True
02919,02919/sva.sv,sva.sv,.sv,136,112,22,90,5932,648,1483,33,0,10,39,36.666666666666664,True,True
00672,00672/sva.sv,sva.sv,.sv,77,64,12,52,3111,332,778,13,0,8,21,25.0,True,True
03493,03493/sva.sv,sva.sv,.sv,32,25,6,19,1064,140,266,5,0,3,8,26.31578947368421,True,True
02541,02541/sva.sv,sva.sv,.sv,46,36,10,26,1770,251,442,8,2,2,12,30.76923076923077,True,True
00216,00216/sva.sv,sva.sv,.sv,75,61,15,46,3104,385,776,12,0,3,16,26.08695652173913,True,True
00818,00818/sva.sv,sva.sv,.sv,59,48,12,36,1838,237,460,3,0,4,7,8.333333333333332,True,True
04484,04484/sva.sv,sva.sv,.sv,78,60,14,46,2999,398,750,5,0,11,16,10.869565217391305,True,True
00024,00024/sva.sv,sva.sv,.sv,84,64,21,43,3508,444,877,15,1,4,19,34.883720930232556,True,True
02773,02773/sva.sv,sva.sv,.sv,36,29,7,22,1394,152,348,5,0,5,10,22.727272727272727,True,True
03467,03467/sva.sv,sva.sv,.sv,77,64,18,46,2676,351,669,12,0,8,20,26.08695652173913,True,True
04642,04642/sva.sv,sva.sv,.sv,43,33,9,24,1817,210,454,11,0,4,15,45.83333333333333,True,True
01330,01330/sva.sv,sva.sv,.sv,32,28,4,24,1223,153,306,2,0,7,0,8.333333333333332,True,False
04470,04470/sva.sv,sva.sv,.sv,96,82,17,65,3532,463,883,13,0,9,22,20.0,True,True
01102,01102/sva.sv,sva.sv,.sv,76,61,12,49,2885,351,721,10,0,4,14,20.408163265306122,True,True
03655,03655/sva.sv,sva.sv,.sv,64,55,10,45,2163,287,541,8,0,6,6,17.77777777777778,True,True
02787,02787/sva.sv,sva.sv,.sv,52,41,9,32,2113,283,528,9,0,6,15,28.125,True,True
04014,04014/sva.sv,sva.sv,.sv,64,54,10,44,2447,367,612,6,0,8,14,13.636363636363635,True,True
01566,01566/sva.sv,sva.sv,.sv,99,84,20,64,4783,510,1196,28,0,8,36,43.75,True,True
03231,03231/sva.sv,sva.sv,.sv,50,39,9,30,1594,220,398,6,0,4,12,20.0,True,True
03003,03003/sva.sv,sva.sv,.sv,70,53,9,44,2842,274,710,16,0,8,24,36.36363636363637,True,True
04226,04226/sva.sv,sva.sv,.sv,196,167,26,141,6289,722,1572,15,0,6,21,10.638297872340425,True,True
00686,00686/sva.sv,sva.sv,.sv,58,49,11,38,2491,315,623,8,0,12,20,21.052631578947366,True,True
01754,01754/sva.sv,sva.sv,.sv,62,51,11,40,2574,331,644,8,0,7,15,20.0,True,True
00827,00827/sva.sv,sva.sv,.sv,72,59,16,43,2536,332,634,10,0,5,15,23.25581395348837,True,True
04689,04689/sva.sv,sva.sv,.sv,147,124,25,99,5953,612,1488,31,0,4,35,31.313131313131315,True,True
00229,00229/sva.sv,sva.sv,.sv,42,38,6,32,1813,250,453,2,0,8,0,6.25,True,False
02926,02926/sva.sv,sva.sv,.sv,78,69,9,60,3370,358,842,4,0,14,22,6.666666666666667,True,True
02328,02328/sva.sv,sva.sv,.sv,63,49,12,37,2245,298,561,14,0,17,30,37.83783783783784,True,True
04219,04219/sva.sv,sva.sv,.sv,68,59,12,47,2289,320,572,3,0,8,0,6.382978723404255,True,False
03800,03800/sva.sv,sva.sv,.sv,79,63,23,40,3031,421,758,14,0,5,17,35.0,True,True
01559,01559/sva.sv,sva.sv,.sv,66,58,16,42,2358,299,590,8,0,14,22,19.047619047619047,True,True
01901,01901/sva.sv,sva.sv,.sv,65,50,14,36,2261,281,565,8,0,4,12,22.22222222222222,True,True
03458,03458/sva.sv,sva.sv,.sv,31,22,6,16,1126,163,282,6,0,4,10,37.5,True,True
03609,03609/sva.sv,sva.sv,.sv,67,53,17,36,2997,354,749,9,0,4,13,25.0,True,True
01962,01962/sva.sv,sva.sv,.sv,80,62,20,42,2870,341,718,7,0,6,13,16.666666666666664,True,True
01708,01708/sva.sv,sva.sv,.sv,28,20,5,15,1143,133,286,3,0,3,6,20.0,True,True
03863,03863/sva.sv,sva.sv,.sv,59,50,8,42,1855,222,464,7,0,3,0,16.666666666666664,True,False
04048,04048/sva.sv,sva.sv,.sv,182,157,23,134,7212,814,1803,17,0,8,25,12.686567164179104,True,True
02179,02179/sva.sv,sva.sv,.sv,37,29,9,20,1413,169,353,5,0,1,8,25.0,True,True
03897,03897/sva.sv,sva.sv,.sv,38,31,7,24,1786,244,446,4,0,7,11,16.666666666666664,True,True
02945,02945/sva.sv,sva.sv,.sv,60,52,10,42,2308,270,577,5,0,1,6,11.904761904761903,True,True
03299,03299/sva.sv,sva.sv,.sv,87,70,16,54,3213,388,803,9,0,4,13,16.666666666666664,True,True
00844,00844/sva.sv,sva.sv,.sv,53,42,11,31,1734,210,434,7,0,5,12,22.58064516129032,True,True
01996,01996/sva.sv,sva.sv,.sv,44,31,11,20,1650,210,412,6,0,4,10,30.0,True,True
00078,00078/sva.sv,sva.sv,.sv,56,45,9,36,2750,429,688,10,0,8,18,27.77777777777778,True,True
01398,01398/sva.sv,sva.sv,.sv,49,41,7,34,1434,192,358,4,0,2,10,11.76470588235294,True,True
04077,04077/sva.sv,sva.sv,.sv,53,44,10,34,2269,280,567,6,0,11,17,17.647058823529413,True,True
01505,01505/sva.sv,sva.sv,.sv,33,27,8,19,1503,178,376,6,0,7,13,31.57894736842105,True,True
03252,03252/sva.sv,sva.sv,.sv,106,97,11,86,5158,594,1290,9,0,16,16,10.465116279069768,True,True
02380,02380/sva.sv,sva.sv,.sv,97,78,18,60,4061,439,1015,8,0,18,26,13.333333333333334,True,True
03060,03060/sva.sv,sva.sv,.sv,84,71,9,62,2167,299,542,8,0,5,20,12.903225806451612,True,True
04245,04245/sva.sv,sva.sv,.sv,31,24,7,17,946,134,236,4,0,1,5,23.52941176470588,True,True
01737,01737/sva.sv,sva.sv,.sv,38,29,10,19,2045,250,511,8,0,5,13,42.10526315789473,True,True
03404,03404/sva.sv,sva.sv,.sv,46,35,9,26,1555,205,389,7,0,3,10,26.923076923076923,True,True
04621,04621/sva.sv,sva.sv,.sv,55,43,13,30,2042,279,510,5,0,7,10,16.666666666666664,True,True
00281,00281/sva.sv,sva.sv,.sv,41,34,11,23,1729,210,432,4,0,5,0,17.391304347826086,True,False
01353,01353/sva.sv,sva.sv,.sv,75,63,13,50,2915,406,729,13,0,7,20,26.0,True,True
04413,04413/sva.sv,sva.sv,.sv,80,66,10,56,3002,345,750,7,0,3,15,12.5,True,True
01161,01161/sva.sv,sva.sv,.sv,43,33,9,24,1717,254,429,6,0,6,12,25.0,True,True
03636,03636/sva.sv,sva.sv,.sv,42,31,10,21,1535,234,384,7,0,5,11,33.33333333333333,True,True
02522,02522/sva.sv,sva.sv,.sv,59,44,10,34,2481,321,620,10,0,9,17,29.411764705882355,True,True
00275,00275/sva.sv,sva.sv,.sv,60,51,9,42,2229,266,557,5,0,1,6,11.904761904761903,True,True
00047,00047/sva.sv,sva.sv,.sv,35,28,7,21,1764,214,441,6,0,6,12,28.57142857142857,True,True
01195,01195/sva.sv,sva.sv,.sv,54,44,8,36,2823,255,706,4,0,11,14,11.11111111111111,True,True
02710,02710/sva.sv,sva.sv,.sv,84,73,13,60,3171,395,793,12,0,10,14,20.0,True,True
04083,04083/sva.sv,sva.sv,.sv,75,56,21,35,3463,467,866,17,0,6,23,48.57142857142857,True,True
00423,00423/sva.sv,sva.sv,.sv,110,93,17,76,4813,620,1203,30,0,4,34,39.473684210526315,True,True
02374,02374/sva.sv,sva.sv,.sv,40,30,11,19,1729,229,432,5,0,10,15,26.31578947368421,True,True
03094,03094/sva.sv,sva.sv,.sv,50,41,7,34,2229,323,557,10,0,8,18,29.411764705882355,True,True
02146,02146/sva.sv,sva.sv,.sv,35,27,6,21,1511,188,378,3,0,4,7,14.285714285714285,True,True
00611,00611/sva.sv,sva.sv,.sv,48,37,8,29,2845,306,711,6,0,6,12,20.689655172413794,True,True
02728,02728/sva.sv,sva.sv,.sv,55,45,11,34,1710,214,428,5,0,5,10,14.705882352941178,True,True
00843,00843/sva.sv,sva.sv,.sv,38,32,8,24,1628,221,407,7,0,6,13,29.166666666666668,True,True
01991,01991/sva.sv,sva.sv,.sv,72,55,14,41,3431,355,858,14,0,3,18,34.146341463414636,True,True
04289,04289/sva.sv,sva.sv,.sv,83,64,21,43,2972,401,743,12,0,4,14,27.906976744186046,True,True
00629,00629/sva.sv,sva.sv,.sv,54,44,9,35,1873,207,468,6,0,3,9,17.142857142857142,True,True
03890,03890/sva.sv,sva.sv,.sv,49,40,8,32,1419,171,355,7,0,4,12,21.875,True,True
02942,02942/sva.sv,sva.sv,.sv,35,29,5,24,1293,198,323,2,0,7,9,8.333333333333332,True,True
03058,03058/sva.sv,sva.sv,.sv,120,98,33,65,5113,567,1278,24,0,4,28,36.92307692307693,True,True
03864,03864/sva.sv,sva.sv,.sv,106,93,12,81,4277,532,1069,9,0,9,18,11.11111111111111,True,True
04619,04619/sva.sv,sva.sv,.sv,107,94,11,83,4823,542,1206,14,0,17,31,16.867469879518072,True,True
01965,01965/sva.sv,sva.sv,.sv,35,29,5,24,1551,174,388,5,0,8,13,20.833333333333336,True,True
01159,01159/sva.sv,sva.sv,.sv,59,49,14,35,3056,379,764,21,0,2,23,60.0,True,True
03093,03093/sva.sv,sva.sv,.sv,129,110,41,69,7183,769,1796,18,0,13,31,26.08695652173913,True,True
02141,02141/sva.sv,sva.sv,.sv,68,56,12,44,2011,294,503,12,0,9,17,27.27272727272727,True,True
00616,00616/sva.sv,sva.sv,.sv,59,51,6,45,3835,677,959,4,0,16,24,8.88888888888889,True,True
04084,04084/sva.sv,sva.sv,.sv,59,56,6,50,2935,363,734,16,0,9,0,32.0,True,False
00424,00424/sva.sv,sva.sv,.sv,96,83,17,66,3871,486,968,8,0,3,10,12.121212121212121,True,True
02373,02373/sva.sv,sva.sv,.sv,75,62,14,48,3097,378,774,11,0,8,19,22.916666666666664,True,True
00040,00040/sva.sv,sva.sv,.sv,39,33,8,25,1929,260,482,5,0,9,14,20.0,True,True
01192,01192/sva.sv,sva.sv,.sv,45,38,8,30,2416,260,604,11,0,5,16,36.666666666666664,True,True
02717,02717/sva.sv,sva.sv,.sv,93,83,15,68,3510,459,878,14,0,21,0,20.588235294117645,True,False
02525,02525/sva.sv,sva.sv,.sv,39,34,5,29,1516,162,379,3,0,4,0,10.344827586206897,True,False
00272,00272/sva.sv,sva.sv,.sv,65,55,11,44,3158,371,790,15,0,7,22,34.090909090909086,True,True
04414,04414/sva.sv,sva.sv,.sv,38,32,4,28,2095,426,524,3,0,16,19,10.714285714285714,True,True
00888,00888/sva.sv,sva.sv,.sv,46,37,8,29,1890,244,472,8,0,8,15,27.586206896551722,True,True
01166,01166/sva.sv,sva.sv,.sv,53,45,6,39,2534,216,634,7,0,6,13,17.94871794871795,True,True
03631,03631/sva.sv,sva.sv,.sv,75,62,11,51,3270,405,818,9,0,19,28,17.647058823529413,True,True
03403,03403/sva.sv,sva.sv,.sv,48,44,7,37,1985,271,496,3,0,6,11,8.108108108108109,True,True
04626,04626/sva.sv,sva.sv,.sv,119,103,32,71,5163,679,1291,14,0,21,35,19.718309859154928,True,True
00286,00286/sva.sv,sva.sv,.sv,59,51,7,44,2661,285,665,10,0,5,15,22.727272727272727,True,True
01354,01354/sva.sv,sva.sv,.sv,53,41,11,30,2928,355,732,12,0,8,20,40.0,True,True
03067,03067/sva.sv,sva.sv,.sv,71,58,7,51,2593,283,648,7,0,9,20,13.725490196078432,True,True
02989,02989/sva.sv,sva.sv,.sv,35,29,9,20,1545,194,386,5,0,12,17,25.0,True,True
04242,04242/sva.sv,sva.sv,.sv,48,40,10,30,1947,272,487,7,0,7,16,23.333333333333332,True,True
01730,01730/sva.sv,sva.sv,.sv,73,59,14,45,2918,486,730,11,0,13,24,24.444444444444443,True,True
04070,04070/sva.sv,sva.sv,.sv,79,67,14,53,3563,393,891,22,0,3,25,41.509433962264154,True,True
01502,01502/sva.sv,sva.sv,.sv,44,37,7,30,2003,252,501,7,0,8,15,23.333333333333332,True,True
03255,03255/sva.sv,sva.sv,.sv,124,107,16,91,4350,412,1088,16,0,4,20,17.582417582417584,True,True
02387,02387/sva.sv,sva.sv,.sv,42,36,6,30,1904,228,476,5,0,8,13,16.666666666666664,True,True
02148,02148/sva.sv,sva.sv,.sv,37,30,7,23,1554,224,388,4,0,5,9,17.391304347826086,True,True
02974,02974/sva.sv,sva.sv,.sv,60,53,10,43,1926,257,482,5,0,4,0,11.627906976744185,True,False
00875,00875/sva.sv,sva.sv,.sv,140,117,21,96,7815,948,1954,43,0,12,56,44.79166666666667,True,True
00049,00049/sva.sv,sva.sv,.sv,50,40,9,31,1621,206,405,6,0,6,12,19.35483870967742,True,True
01953,01953/sva.sv,sva.sv,.sv,89,70,18,52,3858,453,964,15,0,12,27,28.846153846153843,True,True
00881,00881/sva.sv,sva.sv,.sv,48,38,14,24,2121,229,530,7,0,5,12,29.166666666666668,True,True
03638,03638/sva.sv,sva.sv,.sv,109,89,17,72,3986,489,996,22,0,5,20,30.555555555555557,True,True
04079,04079/sva.sv,sva.sv,.sv,58,44,14,30,2636,381,659,12,0,6,18,40.0,True,True
02980,02980/sva.sv,sva.sv,.sv,40,33,7,26,1643,217,411,3,0,9,15,11.538461538461538,True,True
03852,03852/sva.sv,sva.sv,.sv,46,39,12,27,1417,225,354,2,1,5,8,7.4074074074074066,True,True
01739,01739/sva.sv,sva.sv,.sv,32,25,6,19,1529,184,382,4,0,4,8,21.052631578947366,True,True
02721,02721/sva.sv,sva.sv,.sv,65,53,11,42,2970,350,742,14,0,8,22,33.33333333333333,True,True
01998,01998/sva.sv,sva.sv,.sv,77,60,13,47,2777,392,694,10,0,8,17,21.27659574468085,True,True
00076,00076/sva.sv,sva.sv,.sv,54,45,10,35,2265,258,566,5,0,8,8,14.285714285714285,True,True
01396,01396/sva.sv,sva.sv,.sv,74,61,12,49,2557,299,639,8,0,10,18,16.3265306122449,True,True
00244,00244/sva.sv,sva.sv,.sv,29,24,4,20,1227,139,307,5,0,4,9,25.0,True,True
02513,02513/sva.sv,sva.sv,.sv,92,82,11,71,5244,480,1311,39,0,11,50,54.929577464788736,True,True
04280,04280/sva.sv,sva.sv,.sv,52,45,8,37,2058,237,514,11,0,6,17,29.72972972972973,True,True
00620,00620/sva.sv,sva.sv,.sv,40,34,7,27,1740,246,435,10,0,4,14,37.03703703703704,True,True
02177,02177/sva.sv,sva.sv,.sv,77,63,16,47,3197,407,799,6,0,7,13,12.76595744680851,True,True
03899,03899/sva.sv,sva.sv,.sv,67,54,23,31,2935,463,734,7,0,13,19,22.58064516129032,True,True
02345,02345/sva.sv,sva.sv,.sv,70,55,7,48,2513,409,628,11,0,16,27,22.916666666666664,True,True
03297,03297/sva.sv,sva.sv,.sv,173,146,20,126,7802,759,1950,19,0,4,23,15.079365079365079,True,True
00412,00412/sva.sv,sva.sv,.sv,35,26,7,19,1310,179,328,6,0,3,9,31.57894736842105,True,True
04274,04274/sva.sv,sva.sv,.sv,83,63,10,53,3350,460,838,9,0,8,17,16.9811320754717,True,True
01706,01706/sva.sv,sva.sv,.sv,118,95,14,81,4513,378,1128,11,0,5,16,13.580246913580247,True,True
02183,02183/sva.sv,sva.sv,.sv,47,38,10,28,1581,204,395,5,0,5,10,17.857142857142858,True,True
03051,03051/sva.sv,sva.sv,.sv,62,55,6,49,2506,348,626,14,2,12,28,28.57142857142857,True,True
03263,03263/sva.sv,sva.sv,.sv,68,59,11,48,2514,318,628,11,0,6,17,22.916666666666664,True,True
04046,04046/sva.sv,sva.sv,.sv,49,41,9,32,1692,260,423,8,0,6,14,25.0,True,True
01534,01534/sva.sv,sva.sv,.sv,38,32,8,24,1451,189,363,5,0,5,0,20.833333333333336,True,False
03607,03607/sva.sv,sva.sv,.sv,58,48,9,39,2450,328,612,6,0,9,15,15.384615384615385,True,True
04422,04422/sva.sv,sva.sv,.sv,101,85,18,67,4158,384,1040,16,0,4,20,23.88059701492537,True,True
01150,01150/sva.sv,sva.sv,.sv,53,44,10,34,1877,233,469,4,0,4,8,11.76470588235294,True,True
00082,00082/sva.sv,sva.sv,.sv,70,65,9,56,2887,364,722,17,0,14,0,30.357142857142854,True,False
04610,04610/sva.sv,sva.sv,.sv,73,62,9,53,3194,429,798,4,0,6,0,7.547169811320755,True,False
01362,01362/sva.sv,sva.sv,.sv,45,36,8,28,1606,197,402,4,0,6,10,14.285714285714285,True,True
03435,03435/sva.sv,sva.sv,.sv,83,69,11,58,3198,381,800,6,0,14,0,10.344827586206897,True,False
03069,03069/sva.sv,sva.sv,.sv,45,37,4,33,1807,288,452,5,0,11,11,15.151515151515152,True,True
02987,02987/sva.sv,sva.sv,.sv,79,57,18,39,3169,385,792,14,0,8,22,35.8974358974359,True,True
03855,03855/sva.sv,sva.sv,.sv,77,68,8,60,3837,446,959,17,0,9,26,28.333333333333332,True,True
02389,02389/sva.sv,sva.sv,.sv,94,79,12,67,3634,435,908,14,0,7,22,20.8955223880597,True,True
01954,01954/sva.sv,sva.sv,.sv,102,82,26,56,3130,399,782,10,0,11,21,17.857142857142858,True,True
00886,00886/sva.sv,sva.sv,.sv,50,40,9,31,1907,241,477,7,0,4,11,22.58064516129032,True,True
01168,01168/sva.sv,sva.sv,.sv,78,63,9,54,2742,350,686,7,0,7,13,12.962962962962962,True,True
04628,04628/sva.sv,sva.sv,.sv,36,28,7,21,1597,195,399,5,0,8,12,23.809523809523807,True,True
00288,00288/sva.sv,sva.sv,.sv,63,50,12,38,2611,345,653,18,0,15,33,47.368421052631575,True,True
00872,00872/sva.sv,sva.sv,.sv,44,37,7,30,1606,152,402,2,0,1,3,6.666666666666667,True,True
02719,02719/sva.sv,sva.sv,.sv,30,22,4,18,1250,165,312,6,0,6,12,33.33333333333333,True,True
02973,02973/sva.sv,sva.sv,.sv,77,68,8,60,2602,369,650,9,0,8,17,15.0,True,True
00618,00618/sva.sv,sva.sv,.sv,116,90,16,74,3907,456,977,14,0,12,26,18.91891891891892,True,True
04617,04617/sva.sv,sva.sv,.sv,60,54,7,47,1784,218,446,7,0,4,11,14.893617021276595,True,True
01365,01365/sva.sv,sva.sv,.sv,89,75,11,64,3297,436,824,6,0,15,15,9.375,True,True
03432,03432/sva.sv,sva.sv,.sv,52,42,16,26,2041,278,510,10,0,6,15,38.46153846153847,True,True
03600,03600/sva.sv,sva.sv,.sv,44,36,7,29,1433,198,358,4,0,5,13,13.793103448275861,True,True
04425,04425/sva.sv,sva.sv,.sv,81,69,11,58,2850,360,712,6,0,8,14,10.344827586206897,True,True
01157,01157/sva.sv,sva.sv,.sv,61,55,3,52,1706,190,426,2,0,2,6,3.8461538461538463,True,True
00085,00085/sva.sv,sva.sv,.sv,52,40,11,29,1995,252,499,8,0,3,11,27.586206896551722,True,True
03264,03264/sva.sv,sva.sv,.sv,193,160,32,128,9487,980,2372,22,0,3,25,17.1875,True,True
04041,04041/sva.sv,sva.sv,.sv,86,77,15,62,3814,405,954,12,0,6,18,19.35483870967742,True,True
01533,01533/sva.sv,sva.sv,.sv,59,48,8,40,1902,234,476,9,0,5,14,22.5,True,True
04273,04273/sva.sv,sva.sv,.sv,142,128,28,100,8232,622,2058,36,0,9,45,36.0,True,True
01701,01701/sva.sv,sva.sv,.sv,106,89,12,77,4143,538,1036,19,0,7,26,24.675324675324674,True,True
02184,02184/sva.sv,sva.sv,.sv,87,72,16,56,3207,355,802,11,0,8,18,19.642857142857142,True,True
03056,03056/sva.sv,sva.sv,.sv,50,42,5,37,1900,215,475,6,0,5,11,16.216216216216218,True,True
02342,02342/sva.sv,sva.sv,.sv,70,50,12,38,2812,462,703,14,0,11,26,36.84210526315789,True,True
03290,03290/sva.sv,sva.sv,.sv,81,66,15,51,3474,379,868,22,0,18,40,43.13725490196079,True,True
00415,00415/sva.sv,sva.sv,.sv,59,47,7,40,2745,295,686,14,0,8,0,35.0,True,False
04287,04287/sva.sv,sva.sv,.sv,62,51,8,43,2566,281,642,10,0,6,16,23.25581395348837,True,True
00627,00627/sva.sv,sva.sv,.sv,197,183,13,170,8243,827,2061,63,0,31,0,37.05882352941177,True,False
02170,02170/sva.sv,sva.sv,.sv,49,39,6,33,1788,288,447,7,0,8,15,21.21212121212121,True,True
01391,01391/sva.sv,sva.sv,.sv,37,30,8,22,1788,215,447,8,0,8,16,36.36363636363637,True,True
00243,00243/sva.sv,sva.sv,.sv,80,64,16,48,3202,397,800,14,0,4,18,29.166666666666668,True,True
02514,02514/sva.sv,sva.sv,.sv,47,36,10,26,1906,260,476,6,0,3,9,23.076923076923077,True,True
02726,02726/sva.sv,sva.sv,.sv,33,27,5,22,1381,201,345,5,0,4,9,22.727272727272727,True,True
00071,00071/sva.sv,sva.sv,.sv,84,71,8,63,4406,427,1102,22,0,11,33,34.92063492063492,True,True
01103,01103/sva.sv,sva.sv,.sv,56,47,9,38,2667,429,667,9,0,14,23,23.684210526315788,True,True
04471,04471/sva.sv,sva.sv,.sv,67,56,13,43,2557,345,639,6,0,8,14,13.953488372093023,True,True
03654,03654/sva.sv,sva.sv,.sv,47,39,8,31,1884,234,471,3,0,8,11,9.67741935483871,True,True
02786,02786/sva.sv,sva.sv,.sv,32,26,6,20,1139,136,285,2,0,10,2,10.0,True,True
03466,03466/sva.sv,sva.sv,.sv,57,48,9,39,2772,315,693,10,0,9,18,25.64102564102564,True,True
01331,01331/sva.sv,sva.sv,.sv,87,71,17,54,3590,439,898,25,0,10,35,46.2962962962963,True,True
04643,04643/sva.sv,sva.sv,.sv,47,36,13,23,1566,198,392,9,0,6,15,39.130434782608695,True,True
03002,03002/sva.sv,sva.sv,.sv,38,31,6,25,1453,195,363,5,0,8,13,20.0,True,True
00687,00687/sva.sv,sva.sv,.sv,164,141,21,120,5697,658,1424,36,0,2,38,30.0,True,True
01755,01755/sva.sv,sva.sv,.sv,61,50,10,40,2296,242,574,5,0,3,8,12.5,True,True
04227,04227/sva.sv,sva.sv,.sv,67,59,7,52,2612,287,653,2,0,6,8,3.8461538461538463,True,True
01567,01567/sva.sv,sva.sv,.sv,65,53,11,42,2375,279,594,10,0,6,16,23.809523809523807,True,True
04015,04015/sva.sv,sva.sv,.sv,93,81,13,68,3497,625,874,17,0,3,20,25.0,True,True
03230,03230/sva.sv,sva.sv,.sv,30,24,6,18,1576,235,394,4,0,7,11,22.22222222222222,True,True
02918,02918/sva.sv,sva.sv,.sv,48,40,11,29,1787,314,447,3,0,8,12,10.344827586206897,True,True
02124,02124/sva.sv,sva.sv,.sv,41,34,6,28,1524,223,381,8,0,8,16,28.57142857142857,True,True
00673,00673/sva.sv,sva.sv,.sv,82,73,9,64,4294,392,1074,20,0,16,36,31.25,True,True
00441,00441/sva.sv,sva.sv,.sv,61,49,13,36,2469,356,617,8,0,10,17,22.22222222222222,True,True
01593,01593/sva.sv,sva.sv,.sv,30,23,7,16,1247,162,312,4,0,5,9,25.0,True,True
02316,02316/sva.sv,sva.sv,.sv,64,51,10,41,2343,280,586,7,0,7,13,17.073170731707318,True,True
00025,00025/sva.sv,sva.sv,.sv,77,61,20,41,2239,328,560,7,0,3,10,17.073170731707318,True,True
04485,04485/sva.sv,sva.sv,.sv,232,197,33,164,10826,1013,2706,23,0,7,27,14.02439024390244,True,True
00819,00819/sva.sv,sva.sv,.sv,48,37,9,28,2042,255,510,6,0,7,13,21.428571428571427,True,True
02772,02772/sva.sv,sva.sv,.sv,39,30,10,20,1632,259,408,5,0,6,11,25.0,True,True
03492,03492/sva.sv,sva.sv,.sv,59,50,9,41,2448,313,612,9,0,7,18,21.951219512195124,True,True
02540,02540/sva.sv,sva.sv,.sv,50,40,9,31,2176,282,544,15,0,8,23,48.38709677419355,True,True
00217,00217/sva.sv,sva.sv,.sv,51,42,11,31,2725,318,681,8,2,6,16,25.806451612903224,True,True
01558,01558/sva.sv,sva.sv,.sv,84,67,16,51,3759,444,940,26,0,6,32,50.98039215686274,True,True
04218,04218/sva.sv,sva.sv,.sv,36,26,8,18,1452,180,363,6,0,4,10,33.33333333333333,True,True
03801,03801/sva.sv,sva.sv,.sv,107,95,15,80,5655,660,1414,10,0,15,24,12.5,True,True
03459,03459/sva.sv,sva.sv,.sv,96,80,17,63,3814,416,954,7,0,5,12,11.11111111111111,True,True
01900,01900/sva.sv,sva.sv,.sv,101,78,28,50,5227,533,1307,23,0,3,26,46.0,True,True
00228,00228/sva.sv,sva.sv,.sv,103,86,22,64,5202,455,1300,18,0,11,29,28.125,True,True
04688,04688/sva.sv,sva.sv,.sv,82,70,8,62,3203,327,801,19,0,12,31,30.64516129032258,True,True
00826,00826/sva.sv,sva.sv,.sv,51,41,7,34,1881,252,470,4,0,9,17,11.76470588235294,True,True
02329,02329/sva.sv,sva.sv,.sv,63,51,9,42,2242,204,560,5,0,8,13,11.904761904761903,True,True
02927,02927/sva.sv,sva.sv,.sv,176,144,39,105,6599,688,1650,30,0,13,43,28.57142857142857,True,True
03495,03495/sva.sv,sva.sv,.sv,110,96,16,80,4894,438,1224,29,0,11,24,36.25,True,True
02547,02547/sva.sv,sva.sv,.sv,64,54,8,46,2032,281,508,7,0,15,25,15.217391304347828,True,True
00210,00210/sva.sv,sva.sv,.sv,72,60,13,47,3002,372,750,9,0,4,13,19.148936170212767,True,True
00022,00022/sva.sv,sva.sv,.sv,144,120,23,97,6776,689,1694,30,0,14,44,30.927835051546392,True,True
04482,04482/sva.sv,sva.sv,.sv,38,30,6,24,1956,186,489,11,0,3,14,45.83333333333333,True,True
02775,02775/sva.sv,sva.sv,.sv,44,37,6,31,1404,189,351,5,0,7,0,16.129032258064516,True,False
00446,00446/sva.sv,sva.sv,.sv,58,48,9,39,1882,237,470,5,0,8,13,12.82051282051282,True,True
01594,01594/sva.sv,sva.sv,.sv,56,47,8,39,1819,211,455,7,0,8,15,17.94871794871795,True,True
02311,02311/sva.sv,sva.sv,.sv,114,96,12,84,4388,416,1097,10,0,4,14,11.904761904761903,True,True
02123,02123/sva.sv,sva.sv,.sv,107,96,18,78,4113,492,1028,12,0,20,0,15.384615384615385,True,False
00674,00674/sva.sv,sva.sv,.sv,44,36,7,29,2586,395,646,7,0,6,13,24.137931034482758,True,True
01560,01560/sva.sv,sva.sv,.sv,51,41,8,33,2555,378,639,17,0,12,29,51.515151515151516,True,True
04012,04012/sva.sv,sva.sv,.sv,54,46,12,34,2966,288,742,8,0,13,20,23.52941176470588,True,True
03237,03237/sva.sv,sva.sv,.sv,185,167,19,148,12669,1214,3167,55,0,23,78,37.16216216216216,True,True
03839,03839/sva.sv,sva.sv,.sv,134,102,34,68,5529,598,1382,36,0,8,44,52.94117647058824,True,True
03005,03005/sva.sv,sva.sv,.sv,29,20,8,12,1134,153,284,5,0,4,9,41.66666666666667,True,True
00680,00680/sva.sv,sva.sv,.sv,68,57,7,50,2925,302,731,7,0,8,16,14.000000000000002,True,True
01752,01752/sva.sv,sva.sv,.sv,45,37,7,30,1805,226,451,7,0,5,12,23.333333333333332,True,True
04220,04220/sva.sv,sva.sv,.sv,81,69,14,55,3366,502,842,5,0,16,21,9.090909090909092,True,True
03461,03461/sva.sv,sva.sv,.sv,109,92,16,76,3204,438,801,15,0,8,23,19.736842105263158,True,True
01336,01336/sva.sv,sva.sv,.sv,86,69,16,53,2513,298,628,9,0,6,12,16.9811320754717,True,True
04644,04644/sva.sv,sva.sv,.sv,30,23,6,17,1306,193,326,2,0,6,8,11.76470588235294,True,True
01104,01104/sva.sv,sva.sv,.sv,84,68,16,52,2970,393,742,13,0,3,19,25.0,True,True
01938,01938/sva.sv,sva.sv,.sv,30,26,4,22,1374,138,344,6,0,4,10,27.27272727272727,True,True
04476,04476/sva.sv,sva.sv,.sv,44,34,7,27,1792,291,448,3,0,8,11,11.11111111111111,True,True
03653,03653/sva.sv,sva.sv,.sv,61,52,6,46,2190,272,548,6,0,9,17,13.043478260869565,True,True
02781,02781/sva.sv,sva.sv,.sv,92,80,12,68,3237,373,809,12,0,10,22,17.647058823529413,True,True
01799,01799/sva.sv,sva.sv,.sv,30,25,5,20,1433,171,358,4,0,8,12,20.0,True,True
02920,02920/sva.sv,sva.sv,.sv,200,168,37,131,9470,912,2368,26,0,8,34,19.84732824427481,True,True
00479,00479/sva.sv,sva.sv,.sv,55,47,8,39,2294,301,574,9,0,9,18,23.076923076923077,True,True
03698,03698/sva.sv,sva.sv,.sv,97,76,18,58,3871,509,968,12,0,7,19,20.689655172413794,True,True
00821,00821/sva.sv,sva.sv,.sv,89,75,14,61,3504,450,876,7,0,12,25,11.475409836065573,True,True
02578,02578/sva.sv,sva.sv,.sv,47,37,6,31,1706,199,426,8,0,3,11,25.806451612903224,True,True
01907,01907/sva.sv,sva.sv,.sv,90,73,10,63,3421,354,855,16,0,5,21,25.396825396825395,True,True
04449,04449/sva.sv,sva.sv,.sv,46,36,10,26,1769,257,442,5,0,6,13,19.230769230769234,True,True
01309,01309/sva.sv,sva.sv,.sv,85,72,11,61,3218,374,804,9,0,7,15,14.754098360655737,True,True
03806,03806/sva.sv,sva.sv,.sv,58,46,10,36,3198,307,800,14,0,10,24,38.88888888888889,True,True
03208,03208/sva.sv,sva.sv,.sv,36,30,7,23,1422,182,356,3,0,5,0,13.043478260869565,True,False
02327,02327/sva.sv,sva.sv,.sv,62,53,10,43,2089,302,522,16,0,4,20,37.2093023255814,True,True
00470,00470/sva.sv,sva.sv,.sv,157,130,28,102,6834,721,1708,40,0,12,52,39.21568627450981,True,True
01790,01790/sva.sv,sva.sv,.sv,71,61,5,56,2363,281,591,9,0,6,16,16.071428571428573,True,True
00642,00642/sva.sv,sva.sv,.sv,76,67,6,61,3558,465,890,18,0,11,29,29.508196721311474,True,True
02929,02929/sva.sv,sva.sv,.sv,102,83,18,65,3664,517,916,11,0,3,14,16.923076923076923,True,True
02115,02115/sva.sv,sva.sv,.sv,57,48,9,39,2876,344,719,7,0,18,26,17.94871794871795,True,True
00226,00226/sva.sv,sva.sv,.sv,96,79,23,56,4418,510,1104,29,1,4,34,51.78571428571429,True,True
04686,04686/sva.sv,sva.sv,.sv,84,71,13,58,2955,363,739,9,0,3,10,15.517241379310345,True,True
02571,02571/sva.sv,sva.sv,.sv,124,108,9,99,5589,408,1397,22,0,8,0,22.22222222222222,True,False
02743,02743/sva.sv,sva.sv,.sv,31,26,7,19,1287,187,322,3,0,3,5,15.789473684210526,True,True
03691,03691/sva.sv,sva.sv,.sv,82,64,13,51,3804,488,951,15,0,18,33,29.411764705882355,True,True
00014,00014/sva.sv,sva.sv,.sv,49,42,9,33,2064,321,516,7,0,5,12,21.21212121212121,True,True
00828,00828/sva.sv,sva.sv,.sv,41,33,7,26,1597,188,399,5,0,5,11,19.230769230769234,True,True
01300,01300/sva.sv,sva.sv,.sv,150,125,17,108,5425,534,1356,22,0,3,25,20.37037037037037,True,True
04672,04672/sva.sv,sva.sv,.sv,92,78,12,66,3652,449,913,12,0,8,20,18.181818181818183,True,True
02585,02585/sva.sv,sva.sv,.sv,42,35,7,28,1728,254,432,3,0,7,13,10.714285714285714,True,True
03457,03457/sva.sv,sva.sv,.sv,96,80,11,69,3492,366,873,6,0,6,18,8.695652173913043,True,True
03665,03665/sva.sv,sva.sv,.sv,52,38,10,28,1804,230,451,8,0,3,11,28.57142857142857,True,True
01132,01132/sva.sv,sva.sv,.sv,63,55,8,47,2381,294,595,10,0,1,10,21.27659574468085,True,True
04440,04440/sva.sv,sva.sv,.sv,82,64,13,51,3374,292,844,10,0,4,12,19.607843137254903,True,True
03201,03201/sva.sv,sva.sv,.sv,41,34,7,27,1626,229,406,6,0,3,10,22.22222222222222,True,True
01556,01556/sva.sv,sva.sv,.sv,81,68,19,49,3408,608,852,7,0,18,32,14.285714285714285,True,True
00484,00484/sva.sv,sva.sv,.sv,67,50,18,32,3011,337,753,9,0,5,14,28.125,True,True
04024,04024/sva.sv,sva.sv,.sv,54,42,12,30,2273,285,568,5,0,6,11,16.666666666666664,True,True
01764,01764/sva.sv,sva.sv,.sv,49,39,10,29,1736,236,434,5,0,10,15,17.24137931034483,True,True
04216,04216/sva.sv,sva.sv,.sv,68,58,12,46,2695,331,674,9,0,7,16,19.565217391304348,True,True
03033,03033/sva.sv,sva.sv,.sv,66,54,10,44,2440,327,610,5,0,9,15,11.363636363636363,True,True
00817,00817/sva.sv,sva.sv,.sv,47,38,11,27,2255,245,564,13,0,5,18,48.148148148148145,True,True
00219,00219/sva.sv,sva.sv,.sv,66,56,10,46,2665,389,666,4,0,12,16,8.695652173913043,True,True
02916,02916/sva.sv,sva.sv,.sv,46,38,6,32,2000,252,500,7,0,7,14,21.875,True,True
02318,02318/sva.sv,sva.sv,.sv,83,67,20,47,3288,379,822,10,0,9,19,21.27659574468085,True,True
03830,03830/sva.sv,sva.sv,.sv,82,68,10,58,5452,402,1363,24,0,4,28,41.37931034482759,True,True
00689,00689/sva.sv,sva.sv,.sv,53,43,9,34,2155,242,539,6,0,2,8,17.647058823529413,True,True
04229,04229/sva.sv,sva.sv,.sv,127,107,10,97,4159,519,1040,19,0,2,21,19.587628865979383,True,True
01569,01569/sva.sv,sva.sv,.sv,56,46,7,39,2441,234,610,5,0,7,17,12.82051282051282,True,True
01931,01931/sva.sv,sva.sv,.sv,80,64,13,51,3732,380,933,24,0,4,28,47.05882352941176,True,True
02788,02788/sva.sv,sva.sv,.sv,53,45,9,36,1874,209,468,3,0,11,17,8.333333333333332,True,True
03468,03468/sva.sv,sva.sv,.sv,97,80,15,65,3708,464,927,16,0,4,18,24.615384615384617,True,True
01763,01763/sva.sv,sva.sv,.sv,107,88,18,70,4946,477,1236,10,0,5,15,14.285714285714285,True,True
04211,04211/sva.sv,sva.sv,.sv,109,102,5,97,4165,434,1041,2,0,2,5,2.0618556701030926,True,True
03808,03808/sva.sv,sva.sv,.sv,51,42,8,34,2151,233,538,3,0,13,0,8.823529411764707,True,False
03034,03034/sva.sv,sva.sv,.sv,80,63,13,50,3813,399,953,22,0,4,26,44.0,True,True
03206,03206/sva.sv,sva.sv,.sv,95,80,19,61,3302,323,826,11,0,16,27,18.0327868852459,True,True
01551,01551/sva.sv,sva.sv,.sv,51,42,7,35,2223,199,556,8,0,3,11,22.857142857142858,True,True
00483,00483/sva.sv,sva.sv,.sv,61,50,9,41,2554,345,638,7,0,8,16,17.073170731707318,True,True
04023,04023/sva.sv,sva.sv,.sv,105,87,14,73,4044,488,1011,7,0,12,19,9.58904109589041,True,True
03662,03662/sva.sv,sva.sv,.sv,44,33,9,24,1974,256,494,12,0,5,17,50.0,True,True
01135,01135/sva.sv,sva.sv,.sv,83,73,11,62,3108,345,777,14,0,10,24,22.58064516129032,True,True
04447,04447/sva.sv,sva.sv,.sv,45,36,8,28,2063,356,516,8,0,6,16,28.57142857142857,True,True
01909,01909/sva.sv,sva.sv,.sv,67,57,10,47,2591,346,648,15,0,9,24,31.914893617021278,True,True
01307,01307/sva.sv,sva.sv,.sv,41,32,8,24,1818,202,454,11,0,4,15,45.83333333333333,True,True
04675,04675/sva.sv,sva.sv,.sv,61,51,11,40,2200,279,550,4,0,6,8,10.0,True,True
02582,02582/sva.sv,sva.sv,.sv,44,35,11,24,1842,295,460,3,0,8,11,12.5,True,True
03450,03450/sva.sv,sva.sv,.sv,123,105,19,86,5253,547,1313,11,0,11,14,12.790697674418606,True,True
02744,02744/sva.sv,sva.sv,.sv,84,74,7,67,3168,290,792,23,0,7,30,34.32835820895522,True,True
03696,03696/sva.sv,sva.sv,.sv,55,47,13,34,2073,339,518,10,0,9,19,29.411764705882355,True,True
00013,00013/sva.sv,sva.sv,.sv,27,21,5,16,1232,133,308,5,0,4,10,31.25,True,True
00221,00221/sva.sv,sva.sv,.sv,121,99,14,85,5114,520,1278,25,0,6,31,29.411764705882355,True,True
04681,04681/sva.sv,sva.sv,.sv,386,353,24,329,13183,1498,3296,16,0,24,0,4.86322188449848,True,False
02576,02576/sva.sv,sva.sv,.sv,47,38,6,32,1822,266,456,6,0,4,10,18.75,True,True
01797,01797/sva.sv,sva.sv,.sv,39,34,5,29,1182,154,296,2,0,3,7,6.896551724137931,True,True
00645,00645/sva.sv,sva.sv,.sv,92,77,18,59,4410,456,1102,15,0,3,18,25.423728813559322,True,True
02112,02112/sva.sv,sva.sv,.sv,99,74,22,52,4054,527,1014,14,0,12,25,26.923076923076923,True,True
02320,02320/sva.sv,sva.sv,.sv,42,35,7,28,1780,221,445,10,0,7,17,35.714285714285715,True,True
00477,00477/sva.sv,sva.sv,.sv,60,49,11,38,2714,365,678,11,0,9,20,28.947368421052634,True,True
01338,01338/sva.sv,sva.sv,.sv,101,82,19,63,3795,366,949,14,0,4,18,22.22222222222222,True,True
04478,04478/sva.sv,sva.sv,.sv,87,73,9,64,3281,476,820,12,0,10,22,18.75,True,True
01936,01936/sva.sv,sva.sv,.sv,114,95,13,82,3642,423,910,8,0,8,14,9.75609756097561,True,True
03239,03239/sva.sv,sva.sv,.sv,45,34,7,27,2080,232,520,12,0,7,19,44.44444444444444,True,True
03837,03837/sva.sv,sva.sv,.sv,39,32,7,25,1119,177,280,3,0,5,8,12.0,True,True
00448,00448/sva.sv,sva.sv,.sv,111,87,23,64,4379,574,1095,9,0,11,13,14.0625,True,True
02911,02911/sva.sv,sva.sv,.sv,107,96,13,83,4585,550,1146,7,0,3,0,8.433734939759036,True,False
02549,02549/sva.sv,sva.sv,.sv,178,149,41,108,6043,750,1511,24,0,18,42,22.22222222222222,True,True
00810,00810/sva.sv,sva.sv,.sv,71,57,14,43,2871,343,718,20,0,6,23,46.51162790697674,True,True
00601,00601/sva.sv,sva.sv,.sv,41,34,7,27,1506,245,376,2,0,9,13,7.4074074074074066,True,True
02156,02156/sva.sv,sva.sv,.sv,58,49,9,40,2167,325,542,12,0,13,25,30.0,True,True
03084,03084/sva.sv,sva.sv,.sv,81,68,15,53,4086,450,1022,13,0,3,16,24.528301886792452,True,True
02364,02364/sva.sv,sva.sv,.sv,51,44,8,36,2000,233,500,4,0,7,11,11.11111111111111,True,True
04093,04093/sva.sv,sva.sv,.sv,87,73,10,63,3664,348,916,16,0,4,20,25.396825396825395,True,True
00433,00433/sva.sv,sva.sv,.sv,27,22,6,16,1338,210,334,7,0,5,12,43.75,True,True
02700,02700/sva.sv,sva.sv,.sv,140,123,21,102,6126,553,1532,18,0,7,26,17.647058823529413,True,True
01185,01185/sva.sv,sva.sv,.sv,39,31,6,25,1381,159,345,4,0,4,10,16.0,True,True
00057,00057/sva.sv,sva.sv,.sv,37,30,8,22,1519,234,380,4,0,8,12,18.181818181818183,True,True
00265,00265/sva.sv,sva.sv,.sv,46,36,11,25,1498,210,374,5,0,2,10,20.0,True,True
02532,02532/sva.sv,sva.sv,.sv,218,193,26,167,9181,901,2295,15,0,10,25,8.982035928143713,True,True
03626,03626/sva.sv,sva.sv,.sv,51,43,17,26,2235,284,559,8,0,8,16,30.76923076923077,True,True
04403,04403/sva.sv,sva.sv,.sv,63,50,12,38,2007,285,502,8,1,3,11,21.052631578947366,True,True
01171,01171/sva.sv,sva.sv,.sv,84,68,15,53,3381,414,845,12,0,4,16,22.641509433962266,True,True
04631,04631/sva.sv,sva.sv,.sv,96,77,13,64,3882,408,970,17,0,6,22,26.5625,True,True
01343,01343/sva.sv,sva.sv,.sv,63,51,12,39,2346,271,586,7,0,3,10,17.94871794871795,True,True
00291,00291/sva.sv,sva.sv,.sv,54,45,8,37,2494,287,624,6,0,8,14,16.216216216216218,True,True
03414,03414/sva.sv,sva.sv,.sv,30,22,8,14,1323,204,331,3,0,4,8,21.428571428571427,True,True
04255,04255/sva.sv,sva.sv,.sv,77,65,11,54,3691,390,923,18,0,6,24,33.33333333333333,True,True
01727,01727/sva.sv,sva.sv,.sv,68,55,13,42,2343,264,586,6,0,4,10,14.285714285714285,True,True
03070,03070/sva.sv,sva.sv,.sv,33,27,7,20,1739,166,435,9,0,6,15,45.0,True,True
02390,02390/sva.sv,sva.sv,.sv,61,53,8,45,2384,283,596,4,0,5,12,8.88888888888889,True,True
03242,03242/sva.sv,sva.sv,.sv,81,69,11,58,3360,395,840,22,0,5,27,37.93103448275862,True,True
04067,04067/sva.sv,sva.sv,.sv,39,31,7,24,1328,169,332,4,0,2,6,16.666666666666664,True,True
01515,01515/sva.sv,sva.sv,.sv,76,59,13,46,2988,376,747,7,0,9,16,15.217391304347828,True,True
01388,01388/sva.sv,sva.sv,.sv,166,127,20,107,7403,825,1851,33,0,12,45,30.8411214953271,True,True
01986,01986/sva.sv,sva.sv,.sv,36,29,6,23,1643,239,411,6,0,6,12,26.08695652173913,True,True
00854,00854/sva.sv,sva.sv,.sv,68,55,9,46,2589,309,647,8,0,6,14,17.391304347826086,True,True
00068,00068/sva.sv,sva.sv,.sv,47,38,9,29,2120,277,530,9,0,5,14,31.03448275862069,True,True
03289,03289/sva.sv,sva.sv,.sv,99,77,20,57,4621,578,1155,25,0,4,29,43.859649122807014,True,True
02169,02169/sva.sv,sva.sv,.sv,62,54,9,45,2428,401,607,6,0,8,14,13.333333333333334,True,True
02955,02955/sva.sv,sva.sv,.sv,64,48,14,34,2140,308,535,9,0,13,22,26.47058823529412,True,True
03887,03887/sva.sv,sva.sv,.sv,35,26,9,17,1506,171,376,6,0,3,9,35.294117647058826,True,True
04058,04058/sva.sv,sva.sv,.sv,71,61,9,52,4983,457,1246,32,0,9,41,61.53846153846154,True,True
03873,03873/sva.sv,sva.sv,.sv,64,52,15,37,2755,353,689,13,0,4,17,35.13513513513514,True,True
01718,01718/sva.sv,sva.sv,.sv,100,74,21,53,3721,455,930,12,0,16,28,22.641509433962266,True,True
01972,01972/sva.sv,sva.sv,.sv,82,68,14,54,3388,436,847,16,0,9,25,29.629629629629626,True,True
03619,03619/sva.sv,sva.sv,.sv,100,84,14,70,3998,462,1000,16,0,6,17,22.857142857142858,True,True
02397,02397/sva.sv,sva.sv,.sv,75,62,13,49,3086,380,772,10,0,7,17,20.408163265306122,True,True
03245,03245/sva.sv,sva.sv,.sv,53,44,9,35,2038,222,510,8,0,4,12,22.857142857142858,True,True
04060,04060/sva.sv,sva.sv,.sv,53,42,8,34,1589,212,397,4,0,8,12,11.76470588235294,True,True
01512,01512/sva.sv,sva.sv,.sv,49,38,8,30,1990,223,498,7,0,3,10,23.333333333333332,True,True
04252,04252/sva.sv,sva.sv,.sv,33,28,6,22,1330,194,332,8,0,5,13,36.36363636363637,True,True
01720,01720/sva.sv,sva.sv,.sv,90,75,13,62,3822,405,956,6,0,5,11,9.67741935483871,True,True
03077,03077/sva.sv,sva.sv,.sv,60,53,7,46,2311,298,578,12,0,8,20,26.08695652173913,True,True
02999,02999/sva.sv,sva.sv,.sv,80,68,10,58,2458,314,614,5,0,1,8,8.620689655172415,True,True
04636,04636/sva.sv,sva.sv,.sv,33,24,9,15,1479,188,370,6,0,3,9,40.0,True,True
01344,01344/sva.sv,sva.sv,.sv,91,78,9,69,3303,484,826,4,0,0,0,5.797101449275362,True,False
00296,00296/sva.sv,sva.sv,.sv,65,56,10,46,2290,313,572,5,0,11,0,10.869565217391305,True,False
03413,03413/sva.sv,sva.sv,.sv,33,27,6,21,843,128,211,4,0,1,6,19.047619047619047,True,True
03621,03621/sva.sv,sva.sv,.sv,92,79,13,66,3246,378,812,16,0,3,18,24.242424242424242,True,True
04404,04404/sva.sv,sva.sv,.sv,62,52,9,43,2618,376,654,8,0,8,15,18.6046511627907,True,True
00898,00898/sva.sv,sva.sv,.sv,50,43,7,36,1872,236,468,10,0,3,16,27.77777777777778,True,True
01176,01176/sva.sv,sva.sv,.sv,88,71,27,44,3425,404,856,15,0,5,19,34.090909090909086,True,True
00262,00262/sva.sv,sva.sv,.sv,68,57,11,46,2460,287,615,5,0,9,17,10.869565217391305,True,True
02535,02535/sva.sv,sva.sv,.sv,104,91,14,77,5150,497,1288,19,0,7,26,24.675324675324674,True,True
02707,02707/sva.sv,sva.sv,.sv,47,37,5,32,1591,191,398,8,0,5,4,25.0,True,True
01182,01182/sva.sv,sva.sv,.sv,46,35,9,26,1752,182,438,6,0,3,9,23.076923076923077,True,True
00050,00050/sva.sv,sva.sv,.sv,143,122,15,107,7045,585,1761,14,0,8,22,13.084112149532709,True,True
02363,02363/sva.sv,sva.sv,.sv,86,73,19,54,3598,463,900,11,0,12,23,20.37037037037037,True,True
04094,04094/sva.sv,sva.sv,.sv,169,152,32,120,5034,542,1258,11,0,17,0,9.166666666666666,True,False
00434,00434/sva.sv,sva.sv,.sv,58,47,10,37,1779,239,445,7,0,2,8,18.91891891891892,True,True
00606,00606/sva.sv,sva.sv,.sv,46,35,8,27,1966,213,492,9,0,6,15,33.33333333333333,True,True
02151,02151/sva.sv,sva.sv,.sv,146,125,26,99,5728,636,1432,10,0,10,30,10.1010101010101,True,True
03083,03083/sva.sv,sva.sv,.sv,50,40,12,28,1903,242,476,6,0,10,15,21.428571428571427,True,True
01975,01975/sva.sv,sva.sv,.sv,38,31,5,26,1486,201,372,5,0,1,6,19.230769230769234,True,True
01149,01149/sva.sv,sva.sv,.sv,53,43,8,35,2088,332,522,8,0,8,16,22.857142857142858,True,True
04609,04609/sva.sv,sva.sv,.sv,56,51,6,45,2243,252,561,9,0,14,23,20.0,True,True
03048,03048/sva.sv,sva.sv,.sv,62,52,5,47,2465,263,616,10,0,3,13,21.27659574468085,True,True
03874,03874/sva.sv,sva.sv,.sv,78,68,9,59,2848,278,712,11,0,6,17,18.64406779661017,True,True
02952,02952/sva.sv,sva.sv,.sv,100,89,13,76,3030,381,758,7,0,10,10,9.210526315789473,True,True
03880,03880/sva.sv,sva.sv,.sv,71,60,11,49,2452,292,613,11,0,12,23,22.448979591836736,True,True
04299,04299/sva.sv,sva.sv,.sv,62,52,8,44,2049,264,512,4,0,6,10,9.090909090909092,True,True
00639,00639/sva.sv,sva.sv,.sv,129,104,15,89,5983,463,1496,25,0,5,29,28.08988764044944,True,True
01981,01981/sva.sv,sva.sv,.sv,59,49,10,39,2426,233,606,7,0,5,12,17.94871794871795,True,True
00853,00853/sva.sv,sva.sv,.sv,81,66,17,49,2651,336,663,6,0,5,11,12.244897959183673,True,True
02738,02738/sva.sv,sva.sv,.sv,56,48,7,41,2263,357,566,4,0,8,16,9.75609756097561,True,True
03425,03425/sva.sv,sva.sv,.sv,29,23,6,17,1208,186,302,2,0,5,8,11.76470588235294,True,True
04600,04600/sva.sv,sva.sv,.sv,48,38,8,30,1842,242,460,7,0,7,14,23.333333333333332,True,True
01372,01372/sva.sv,sva.sv,.sv,70,59,13,46,2633,400,658,10,0,6,9,21.73913043478261,True,True
04432,04432/sva.sv,sva.sv,.sv,36,31,7,24,1500,206,375,3,0,3,7,12.5,True,True
00092,00092/sva.sv,sva.sv,.sv,81,71,16,55,3913,414,978,19,0,5,24,34.54545454545455,True,True
01140,01140/sva.sv,sva.sv,.sv,146,125,18,107,6616,622,1654,8,0,8,16,7.476635514018691,True,True
03617,03617/sva.sv,sva.sv,.sv,103,89,13,76,5339,587,1335,20,0,11,29,26.31578947368421,True,True
04056,04056/sva.sv,sva.sv,.sv,46,40,8,32,1830,275,458,7,0,8,0,21.875,True,False
01524,01524/sva.sv,sva.sv,.sv,94,83,15,68,3034,430,758,5,0,16,0,7.352941176470589,True,False
03273,03273/sva.sv,sva.sv,.sv,45,34,12,22,1374,197,344,4,0,4,8,18.181818181818183,True,True
03041,03041/sva.sv,sva.sv,.sv,86,72,12,60,3740,443,935,13,0,4,4,21.666666666666668,True,True
02193,02193/sva.sv,sva.sv,.sv,39,30,9,21,1787,207,447,6,0,4,10,28.57142857142857,True,True
04264,04264/sva.sv,sva.sv,.sv,79,67,8,59,3057,345,764,8,0,8,16,13.559322033898304,True,True
01716,01716/sva.sv,sva.sv,.sv,47,40,10,30,1711,226,428,7,0,5,12,23.333333333333332,True,True
00402,00402/sva.sv,sva.sv,.sv,68,59,15,44,2834,394,708,15,0,6,21,34.090909090909086,True,True
03287,03287/sva.sv,sva.sv,.sv,45,36,12,24,2399,264,600,9,0,3,12,37.5,True,True
02355,02355/sva.sv,sva.sv,.sv,36,28,7,21,1644,223,411,3,0,7,10,14.285714285714285,True,True
02167,02167/sva.sv,sva.sv,.sv,89,72,17,55,4027,458,1007,27,0,3,30,49.09090909090909,True,True
03889,03889/sva.sv,sva.sv,.sv,84,73,9,64,2775,356,694,4,0,6,10,6.25,True,True
04290,04290/sva.sv,sva.sv,.sv,42,34,9,25,2178,262,544,14,0,5,19,56.00000000000001,True,True
00630,00630/sva.sv,sva.sv,.sv,42,36,6,30,1666,180,416,6,0,0,0,20.0,True,False
02503,02503/sva.sv,sva.sv,.sv,137,104,18,86,5623,707,1406,40,0,11,51,46.51162790697674,True,True
00254,00254/sva.sv,sva.sv,.sv,152,128,27,101,6927,686,1732,23,0,3,26,22.772277227722775,True,True
01386,01386/sva.sv,sva.sv,.sv,59,48,8,40,2321,245,580,9,0,7,16,22.5,True,True
01988,01988/sva.sv,sva.sv,.sv,85,74,12,62,3991,425,998,17,0,6,23,27.419354838709676,True,True
00066,00066/sva.sv,sva.sv,.sv,63,53,13,40,2382,282,596,5,0,2,9,12.5,True,True
02731,02731/sva.sv,sva.sv,.sv,54,44,9,35,2249,254,562,7,0,4,11,20.0,True,True
01729,01729/sva.sv,sva.sv,.sv,65,51,17,34,3085,373,771,13,0,9,22,38.23529411764706,True,True
03842,03842/sva.sv,sva.sv,.sv,39,31,9,22,1286,169,322,5,0,3,8,22.727272727272727,True,True
02990,02990/sva.sv,sva.sv,.sv,68,57,11,46,2548,310,637,13,0,4,17,28.26086956521739,True,True
04069,04069/sva.sv,sva.sv,.sv,39,33,6,27,2057,262,514,10,0,4,14,37.03703703703704,True,True
03628,03628/sva.sv,sva.sv,.sv,157,136,25,111,6871,597,1718,31,0,12,43,27.927927927927925,True,True
00891,00891/sva.sv,sva.sv,.sv,41,32,7,25,1525,194,381,4,0,6,11,16.0,True,True
01943,01943/sva.sv,sva.sv,.sv,94,76,14,62,3980,440,995,8,0,6,14,12.903225806451612,True,True
00865,00865/sva.sv,sva.sv,.sv,66,53,16,37,3003,384,751,14,0,6,20,37.83783783783784,True,True
00059,00059/sva.sv,sva.sv,.sv,137,115,23,92,7467,839,1867,55,0,21,76,59.78260869565217,True,True
02158,02158/sva.sv,sva.sv,.sv,62,49,15,34,2883,348,721,10,0,4,14,29.411764705882355,True,True
02964,02964/sva.sv,sva.sv,.sv,55,46,9,37,1884,330,471,6,0,12,19,16.216216216216218,True,True
00061,00061/sva.sv,sva.sv,.sv,71,58,15,43,2725,321,681,15,0,4,17,34.883720930232556,True,True
02736,02736/sva.sv,sva.sv,.sv,57,44,9,35,1789,231,447,4,0,2,8,11.428571428571429,True,True
02504,02504/sva.sv,sva.sv,.sv,53,43,6,37,1577,249,394,7,0,6,13,18.91891891891892,True,True
00253,00253/sva.sv,sva.sv,.sv,93,71,20,51,3432,483,858,12,0,10,22,23.52941176470588,True,True
01381,01381/sva.sv,sva.sv,.sv,41,34,8,26,2025,283,506,8,0,7,15,30.76923076923077,True,True
02160,02160/sva.sv,sva.sv,.sv,51,43,8,35,2513,320,628,16,0,8,24,45.714285714285715,True,True
04297,04297/sva.sv,sva.sv,.sv,81,68,10,58,2844,315,711,16,0,9,25,27.586206896551722,True,True
00637,00637/sva.sv,sva.sv,.sv,39,32,8,24,1486,195,372,6,0,4,10,25.0,True,True
00405,00405/sva.sv,sva.sv,.sv,53,47,6,41,2203,313,551,10,0,5,0,24.390243902439025,True,False
03280,03280/sva.sv,sva.sv,.sv,92,75,9,66,2671,311,668,12,0,3,15,18.181818181818183,True,True
02352,02352/sva.sv,sva.sv,.sv,84,74,9,65,2790,287,698,7,0,4,11,10.76923076923077,True,True
03046,03046/sva.sv,sva.sv,.sv,47,41,7,34,1619,220,405,4,0,7,15,11.76470588235294,True,True
02194,02194/sva.sv,sva.sv,.sv,66,57,10,47,2147,265,537,8,0,7,15,17.02127659574468,True,True
04263,04263/sva.sv,sva.sv,.sv,104,91,14,77,4775,475,1194,10,0,5,15,12.987012987012985,True,True
01711,01711/sva.sv,sva.sv,.sv,60,51,9,42,1947,253,487,4,0,2,10,9.523809523809524,True,True
04051,04051/sva.sv,sva.sv,.sv,33,22,8,14,1579,181,395,6,0,3,9,42.857142857142854,True,True
01523,01523/sva.sv,sva.sv,.sv,133,116,51,65,5889,620,1472,17,1,11,29,26.153846153846157,True,True
03274,03274/sva.sv,sva.sv,.sv,100,83,20,63,3134,436,784,13,0,11,24,20.634920634920633,True,True
04435,04435/sva.sv,sva.sv,.sv,47,38,10,28,1663,197,416,11,0,7,18,39.285714285714285,True,True
00095,00095/sva.sv,sva.sv,.sv,91,72,19,53,3406,416,852,17,0,1,18,32.075471698113205,True,True
01147,01147/sva.sv,sva.sv,.sv,36,32,10,22,1413,241,353,3,0,8,11,13.636363636363635,True,True
03610,03610/sva.sv,sva.sv,.sv,38,29,6,23,1834,165,458,9,0,9,18,39.130434782608695,True,True
03422,03422/sva.sv,sva.sv,.sv,61,50,13,37,2344,316,586,13,0,6,19,35.13513513513514,True,True
04607,04607/sva.sv,sva.sv,.sv,52,41,12,29,2027,227,507,7,0,4,10,24.137931034482758,True,True
01375,01375/sva.sv,sva.sv,.sv,66,54,10,44,3395,419,849,31,0,5,36,70.45454545454545,True,True
00608,00608/sva.sv,sva.sv,.sv,134,110,15,95,4882,538,1220,23,0,6,28,24.210526315789473,True,True
02963,02963/sva.sv,sva.sv,.sv,73,65,9,56,3006,331,752,14,0,8,0,25.0,True,False
02709,02709/sva.sv,sva.sv,.sv,40,33,7,26,1820,197,455,14,0,5,19,53.84615384615385,True,True
00862,00862/sva.sv,sva.sv,.sv,68,56,10,46,2703,360,676,8,0,7,23,17.391304347826086,True,True
04638,04638/sva.sv,sva.sv,.sv,24,17,6,11,967,136,242,3,0,5,8,27.27272727272727,True,True
00298,00298/sva.sv,sva.sv,.sv,58,50,8,42,2176,278,544,7,0,5,12,16.666666666666664,True,True
00896,00896/sva.sv,sva.sv,.sv,48,36,9,27,1638,241,410,8,0,9,18,29.629629629629626,True,True
01944,01944/sva.sv,sva.sv,.sv,80,70,10,60,3485,366,871,5,0,5,15,8.333333333333332,True,True
01178,01178/sva.sv,sva.sv,.sv,107,82,23,59,4625,628,1156,19,0,6,25,32.20338983050847,True,True
02399,02399/sva.sv,sva.sv,.sv,40,32,9,23,1496,213,374,6,0,7,13,26.08695652173913,True,True
03079,03079/sva.sv,sva.sv,.sv,76,67,11,56,2466,382,616,3,0,17,0,5.357142857142857,True,False
03845,03845/sva.sv,sva.sv,.sv,36,29,7,22,1356,191,339,4,0,2,6,18.181818181818183,True,True
02997,02997/sva.sv,sva.sv,.sv,44,36,7,29,2089,335,522,4,0,9,13,13.793103448275861,True,True
02937,02937/sva.sv,sva.sv,.sv,55,49,9,40,2033,271,508,5,0,8,0,12.5,True,False
02339,02339/sva.sv,sva.sv,.sv,70,51,15,36,2745,295,686,7,0,4,11,19.444444444444446,True,True
00836,00836/sva.sv,sva.sv,.sv,62,51,10,41,2590,333,648,11,0,7,18,26.82926829268293,True,True
00238,00238/sva.sv,sva.sv,.sv,36,31,5,26,1159,167,290,2,0,1,5,7.6923076923076925,True,True
04698,04698/sva.sv,sva.sv,.sv,82,70,8,62,2915,288,729,3,0,3,6,4.838709677419355,True,True
01910,01910/sva.sv,sva.sv,.sv,54,43,10,33,2589,343,647,18,0,7,25,54.54545454545454,True,True
03449,03449/sva.sv,sva.sv,.sv,207,183,29,154,9724,766,2431,47,0,4,51,30.519480519480517,True,True
03811,03811/sva.sv,sva.sv,.sv,52,44,6,38,2111,194,528,6,0,5,11,15.789473684210526,True,True
04208,04208/sva.sv,sva.sv,.sv,88,79,15,64,3473,429,868,11,0,12,0,17.1875,True,False
01548,01548/sva.sv,sva.sv,.sv,53,43,7,36,3503,331,876,19,0,12,31,52.77777777777778,True,True
00207,00207/sva.sv,sva.sv,.sv,139,118,19,99,6097,748,1524,22,0,6,28,22.22222222222222,True,True
02550,02550/sva.sv,sva.sv,.sv,40,32,9,23,1461,224,365,5,0,4,9,21.73913043478261,True,True
03482,03482/sva.sv,sva.sv,.sv,79,65,9,56,2578,340,644,14,0,22,0,25.0,True,False
02762,02762/sva.sv,sva.sv,.sv,130,118,12,106,6860,673,1715,42,0,7,49,39.62264150943396,True,True
00035,00035/sva.sv,sva.sv,.sv,62,53,11,42,2447,394,612,6,0,7,17,14.285714285714285,True,True
04495,04495/sva.sv,sva.sv,.sv,38,30,6,24,1537,209,384,6,0,7,14,25.0,True,True
00809,00809/sva.sv,sva.sv,.sv,63,54,9,45,2596,340,649,5,0,14,19,11.11111111111111,True,True
02306,02306/sva.sv,sva.sv,.sv,67,60,14,46,3501,374,875,5,0,2,7,10.869565217391305,True,True
01583,01583/sva.sv,sva.sv,.sv,70,60,13,47,3123,392,781,9,0,8,17,19.148936170212767,True,True
00451,00451/sva.sv,sva.sv,.sv,62,49,11,38,2155,321,539,9,0,14,23,23.684210526315788,True,True
00663,00663/sva.sv,sva.sv,.sv,105,80,25,55,3380,466,845,19,0,8,27,34.54545454545455,True,True
02908,02908/sva.sv,sva.sv,.sv,160,134,16,118,8435,795,2109,31,0,26,57,26.27118644067797,True,True
02134,02134/sva.sv,sva.sv,.sv,39,28,8,20,1408,198,352,3,0,7,10,15.0,True,True
03220,03220/sva.sv,sva.sv,.sv,121,109,18,91,5767,690,1442,7,0,25,32,7.6923076923076925,True,True
01577,01577/sva.sv,sva.sv,.sv,64,51,12,39,2400,307,600,4,0,5,9,10.256410256410255,True,True
04005,04005/sva.sv,sva.sv,.sv,46,35,10,25,1804,270,451,6,0,6,12,24.0,True,True
01745,01745/sva.sv,sva.sv,.sv,90,76,17,59,3080,391,770,7,0,7,14,11.864406779661017,True,True
00697,00697/sva.sv,sva.sv,.sv,63,47,14,33,2839,313,710,12,0,5,17,36.36363636363637,True,True
04237,04237/sva.sv,sva.sv,.sv,63,52,9,43,1950,289,488,5,0,11,16,11.627906976744185,True,True
03012,03012/sva.sv,sva.sv,.sv,134,104,29,75,6637,654,1659,37,0,6,43,49.333333333333336,True,True
01321,01321/sva.sv,sva.sv,.sv,60,52,8,44,2480,366,620,10,0,4,14,22.727272727272727,True,True
04653,04653/sva.sv,sva.sv,.sv,46,40,6,34,1560,175,390,7,0,3,10,20.588235294117645,True,True
03476,03476/sva.sv,sva.sv,.sv,53,46,9,37,1500,179,375,4,0,3,11,10.81081081081081,True,True
02796,02796/sva.sv,sva.sv,.sv,51,43,7,36,2859,265,715,6,0,14,20,16.666666666666664,True,True
03644,03644/sva.sv,sva.sv,.sv,137,123,15,108,5445,519,1361,21,0,4,25,19.444444444444446,True,True
01113,01113/sva.sv,sva.sv,.sv,104,86,17,69,6556,485,1639,28,0,5,33,40.57971014492754,True,True
04461,04461/sva.sv,sva.sv,.sv,47,38,8,30,2127,247,532,14,0,3,17,46.666666666666664,True,True
04801,04801/sva.sv,sva.sv,.sv,126,110,18,92,4236,499,1059,8,0,9,14,8.695652173913043,True,True
03218,03218/sva.sv,sva.sv,.sv,52,44,8,36,1627,235,407,3,0,1,7,8.333333333333332,True,True
03816,03816/sva.sv,sva.sv,.sv,99,85,12,73,3034,405,758,11,0,5,16,15.068493150684931,True,True
01319,01319/sva.sv,sva.sv,.sv,47,37,7,30,2396,292,599,7,0,7,15,23.333333333333332,True,True
04459,04459/sva.sv,sva.sv,.sv,76,62,16,46,2719,352,680,7,0,5,12,15.217391304347828,True,True
01917,01917/sva.sv,sva.sv,.sv,70,61,13,48,2973,406,743,14,0,16,30,29.166666666666668,True,True
02568,02568/sva.sv,sva.sv,.sv,44,33,10,23,1882,216,470,8,0,3,11,34.78260869565217,True,True
00831,00831/sva.sv,sva.sv,.sv,58,49,9,40,2022,251,506,7,0,3,8,17.5,True,True
03688,03688/sva.sv,sva.sv,.sv,54,44,12,32,2452,314,613,21,0,6,26,65.625,True,True
00469,00469/sva.sv,sva.sv,.sv,91,73,15,58,3728,431,932,15,0,5,20,25.862068965517242,True,True
02930,02930/sva.sv,sva.sv,.sv,74,63,13,50,2629,355,657,5,0,10,20,10.0,True,True
01789,01789/sva.sv,sva.sv,.sv,55,45,10,35,2559,387,640,6,0,11,17,17.142857142857142,True,True
02791,02791/sva.sv,sva.sv,.sv,79,62,11,51,2921,442,730,15,0,24,39,29.411764705882355,True,True
03643,03643/sva.sv,sva.sv,.sv,95,85,11,74,3593,345,898,9,0,7,16,12.162162162162163,True,True
01114,01114/sva.sv,sva.sv,.sv,83,72,13,59,2920,334,730,5,0,13,0,8.47457627118644,True,False
04466,04466/sva.sv,sva.sv,.sv,168,135,24,111,6190,651,1548,28,0,6,32,25.225225225225223,True,True
01928,01928/sva.sv,sva.sv,.sv,80,64,15,49,2328,315,582,7,0,12,19,14.285714285714285,True,True
01326,01326/sva.sv,sva.sv,.sv,69,58,11,47,2341,302,585,8,0,7,15,17.02127659574468,True,True
04654,04654/sva.sv,sva.sv,.sv,82,66,11,55,3300,370,825,8,0,12,20,14.545454545454545,True,True
03471,03471/sva.sv,sva.sv,.sv,79,60,17,43,2644,348,661,11,0,4,14,25.581395348837212,True,True
01742,01742/sva.sv,sva.sv,.sv,58,45,11,34,1707,228,427,3,0,7,9,8.823529411764707,True,True
00690,00690/sva.sv,sva.sv,.sv,46,35,8,27,2119,250,530,7,0,9,16,25.925925925925924,True,True
04230,04230/sva.sv,sva.sv,.sv,91,78,7,71,3553,394,888,12,0,6,18,16.901408450704224,True,True
03829,03829/sva.sv,sva.sv,.sv,65,52,12,40,2266,300,566,9,0,5,14,22.5,True,True
03015,03015/sva.sv,sva.sv,.sv,97,84,23,61,3830,411,958,11,0,6,17,18.0327868852459,True,True
03227,03227/sva.sv,sva.sv,.sv,54,41,8,33,2034,316,508,5,0,11,16,15.151515151515152,True,True
01570,01570/sva.sv,sva.sv,.sv,81,66,16,50,2833,362,708,9,0,3,12,18.0,True,True
04002,04002/sva.sv,sva.sv,.sv,56,47,8,39,1691,199,423,4,0,4,8,10.256410256410255,True,True
00664,00664/sva.sv,sva.sv,.sv,63,51,12,39,2081,320,520,9,0,6,15,23.076923076923077,True,True
02133,02133/sva.sv,sva.sv,.sv,58,50,12,38,2247,331,562,8,0,9,0,21.052631578947366,True,False
02301,02301/sva.sv,sva.sv,.sv,75,64,8,56,2296,276,574,8,0,5,13,14.285714285714285,True,True
01584,01584/sva.sv,sva.sv,.sv,119,99,19,80,4793,526,1198,13,0,8,21,16.25,True,True
00456,00456/sva.sv,sva.sv,.sv,66,44,2,42,2835,304,709,16,0,6,22,38.095238095238095,True,True
02765,02765/sva.sv,sva.sv,.sv,55,44,12,32,2107,287,527,7,0,5,12,21.875,True,True
00032,00032/sva.sv,sva.sv,.sv,34,27,6,21,1269,173,317,3,0,4,8,14.285714285714285,True,True
04492,04492/sva.sv,sva.sv,.sv,47,40,7,33,1569,172,392,7,0,3,10,21.21212121212121,True,True
00200,00200/sva.sv,sva.sv,.sv,43,35,9,26,1592,245,398,1,0,8,9,3.8461538461538463,True,True
02557,02557/sva.sv,sva.sv,.sv,64,54,10,44,2659,284,665,15,0,3,18,34.090909090909086,True,True
03485,03485/sva.sv,sva.sv,.sv,54,40,14,26,1840,221,460,4,0,5,9,15.384615384615385,True,True
03478,03478/sva.sv,sva.sv,.sv,76,62,14,48,2542,315,636,5,0,6,11,10.416666666666668,True,True
02798,02798/sva.sv,sva.sv,.sv,92,76,17,59,3903,441,976,10,0,4,14,16.94915254237288,True,True
01921,01921/sva.sv,sva.sv,.sv,58,44,13,31,2363,278,591,8,0,7,15,25.806451612903224,True,True
01579,01579/sva.sv,sva.sv,.sv,54,44,8,36,1832,221,458,9,0,2,11,25.0,True,True
00699,00699/sva.sv,sva.sv,.sv,226,174,46,128,7810,1003,1952,59,0,13,71,46.09375,True,True
04239,04239/sva.sv,sva.sv,.sv,47,38,7,31,1501,181,375,9,0,5,14,29.03225806451613,True,True
03820,03820/sva.sv,sva.sv,.sv,43,35,4,31,1153,160,288,2,0,4,10,6.451612903225806,True,True
02308,02308/sva.sv,sva.sv,.sv,40,31,7,24,1447,189,362,4,0,4,9,16.666666666666664,True,True
02906,02906/sva.sv,sva.sv,.sv,44,38,6,32,1452,213,363,6,0,3,10,18.75,True,True
00209,00209/sva.sv,sva.sv,.sv,43,36,13,23,1760,260,440,2,0,7,9,8.695652173913043,True,True
00807,00807/sva.sv,sva.sv,.sv,40,33,7,26,1718,224,430,8,0,7,15,30.76923076923077,True,True
03023,03023/sva.sv,sva.sv,.sv,46,37,8,29,2199,314,550,9,0,4,13,31.03448275862069,True,True
01774,01774/sva.sv,sva.sv,.sv,66,53,13,40,2916,364,729,16,0,4,20,40.0,True,True
04206,04206/sva.sv,sva.sv,.sv,119,102,14,88,5411,488,1353,16,0,29,45,18.181818181818183,True,True
00494,00494/sva.sv,sva.sv,.sv,113,99,14,85,4749,584,1187,6,0,8,14,7.0588235294117645,True,True
01546,01546/sva.sv,sva.sv,.sv,110,84,25,59,5921,617,1480,12,0,15,25,20.33898305084746,True,True
04034,04034/sva.sv,sva.sv,.sv,31,25,5,20,983,142,246,4,0,3,7,20.0,True,True
03211,03211/sva.sv,sva.sv,.sv,76,55,14,41,3056,310,764,13,0,6,19,31.70731707317073,True,True
01122,01122/sva.sv,sva.sv,.sv,35,30,6,24,1440,206,360,7,0,12,12,29.166666666666668,True,True
04450,04450/sva.sv,sva.sv,.sv,60,50,12,38,2078,252,520,7,0,3,10,18.421052631578945,True,True
03675,03675/sva.sv,sva.sv,.sv,91,79,14,65,3114,446,778,11,0,6,17,16.923076923076923,True,True
03447,03447/sva.sv,sva.sv,.sv,43,37,8,29,1729,253,432,3,0,8,11,10.344827586206897,True,True
02595,02595/sva.sv,sva.sv,.sv,69,58,9,49,2358,273,590,4,0,3,11,8.16326530612245,True,True
01310,01310/sva.sv,sva.sv,.sv,65,51,14,37,3139,365,785,20,0,4,24,54.054054054054056,True,True
04662,04662/sva.sv,sva.sv,.sv,44,39,4,35,1990,216,498,3,0,8,11,8.571428571428571,True,True
00004,00004/sva.sv,sva.sv,.sv,32,26,8,18,1286,157,322,7,0,4,11,38.88888888888889,True,True
00838,00838/sva.sv,sva.sv,.sv,44,36,7,29,1620,207,405,10,0,8,18,34.48275862068966,True,True
03681,03681/sva.sv,sva.sv,.sv,71,53,19,34,2422,308,606,9,0,7,16,26.47058823529412,True,True
02753,02753/sva.sv,sva.sv,.sv,96,80,7,73,4710,422,1178,19,0,12,31,26.027397260273972,True,True
02561,02561/sva.sv,sva.sv,.sv,31,24,8,16,1165,165,291,3,0,5,9,18.75,True,True
00236,00236/sva.sv,sva.sv,.sv,85,73,11,62,3966,393,992,21,0,4,25,33.87096774193548,True,True
04696,04696/sva.sv,sva.sv,.sv,58,47,10,37,2439,250,610,11,0,5,16,29.72972972972973,True,True
02939,02939/sva.sv,sva.sv,.sv,143,128,8,120,4870,565,1218,4,0,21,0,3.3333333333333335,True,False
02105,02105/sva.sv,sva.sv,.sv,51,41,6,35,2039,276,510,2,0,8,10,5.714285714285714,True,True
00652,00652/sva.sv,sva.sv,.sv,59,51,7,44,2338,276,584,7,0,8,9,15.909090909090908,True,True
01780,01780/sva.sv,sva.sv,.sv,39,31,10,21,2166,221,542,14,0,2,16,66.66666666666666,True,True
00460,00460/sva.sv,sva.sv,.sv,81,64,12,52,4337,542,1084,38,0,11,48,73.07692307692307,True,True
02337,02337/sva.sv,sva.sv,.sv,50,43,8,35,2025,243,506,10,0,6,0,28.57142857142857,True,False
00800,00800/sva.sv,sva.sv,.sv,118,105,13,92,4199,545,1050,5,0,10,15,5.434782608695652,True,True
02559,02559/sva.sv,sva.sv,.sv,33,24,9,15,1714,223,428,3,0,7,10,20.0,True,True
02901,02901/sva.sv,sva.sv,.sv,51,38,12,26,1796,238,449,7,0,3,9,26.923076923076923,True,True
00458,00458/sva.sv,sva.sv,.sv,48,39,8,31,1841,252,460,7,0,7,12,22.58064516129032,True,True
03827,03827/sva.sv,sva.sv,.sv,44,33,9,24,1531,194,383,4,0,4,8,16.666666666666664,True,True
03229,03229/sva.sv,sva.sv,.sv,98,83,12,71,3697,395,924,3,0,8,0,4.225352112676056,True,False
01926,01926/sva.sv,sva.sv,.sv,78,59,23,36,2947,400,737,14,0,8,22,38.88888888888889,True,True
04468,04468/sva.sv,sva.sv,.sv,69,60,9,51,2520,331,630,8,0,10,18,15.686274509803921,True,True
01328,01328/sva.sv,sva.sv,.sv,101,84,20,64,4152,496,1038,8,0,3,0,12.5,True,False
00467,00467/sva.sv,sva.sv,.sv,41,34,9,25,1722,215,430,6,0,4,10,24.0,True,True
02330,02330/sva.sv,sva.sv,.sv,33,27,6,21,1460,157,365,8,0,3,11,38.095238095238095,True,True
02102,02102/sva.sv,sva.sv,.sv,27,20,6,14,1152,149,288,6,0,5,11,42.857142857142854,True,True
00655,00655/sva.sv,sva.sv,.sv,61,52,10,42,2734,334,684,16,0,4,22,38.095238095238095,True,True
01787,01787/sva.sv,sva.sv,.sv,69,57,16,41,2272,317,568,6,0,3,9,14.634146341463413,True,True
02566,02566/sva.sv,sva.sv,.sv,69,59,7,52,2104,294,526,5,0,15,0,9.615384615384617,True,False
00231,00231/sva.sv,sva.sv,.sv,50,41,9,32,2214,255,554,6,0,7,12,18.75,True,True
04691,04691/sva.sv,sva.sv,.sv,36,29,6,23,1289,179,322,3,0,7,10,13.043478260869565,True,True
00003,00003/sva.sv,sva.sv,.sv,53,44,13,31,1986,257,496,2,0,10,13,6.451612903225806,True,True
03686,03686/sva.sv,sva.sv,.sv,45,36,7,29,1942,248,486,9,0,7,16,31.03448275862069,True,True
02754,02754/sva.sv,sva.sv,.sv,93,77,16,61,4273,433,1068,34,0,4,38,55.73770491803278,True,True
03440,03440/sva.sv,sva.sv,.sv,112,93,14,79,3460,457,865,12,0,12,20,15.18987341772152,True,True
02592,02592/sva.sv,sva.sv,.sv,48,38,8,30,1242,182,310,5,0,4,9,16.666666666666664,True,True
01317,01317/sva.sv,sva.sv,.sv,50,42,9,33,1976,261,494,6,0,6,15,18.181818181818183,True,True
04665,04665/sva.sv,sva.sv,.sv,40,31,7,24,1292,184,323,3,0,2,6,12.5,True,True
01125,01125/sva.sv,sva.sv,.sv,59,50,10,40,2815,300,704,3,0,9,12,7.5,True,True
01919,01919/sva.sv,sva.sv,.sv,138,114,22,92,4504,540,1126,17,0,5,23,18.478260869565215,True,True
04457,04457/sva.sv,sva.sv,.sv,60,49,11,38,2653,345,663,10,0,10,20,26.31578947368421,True,True
03672,03672/sva.sv,sva.sv,.sv,64,52,14,38,2447,332,612,9,0,4,13,23.684210526315788,True,True
00493,00493/sva.sv,sva.sv,.sv,76,66,10,56,2972,341,743,9,0,7,16,16.071428571428573,True,True
01541,01541/sva.sv,sva.sv,.sv,62,55,6,49,1821,206,455,4,0,4,12,8.16326530612245,True,True
04033,04033/sva.sv,sva.sv,.sv,154,134,26,108,7110,800,1778,25,0,10,35,23.14814814814815,True,True
03216,03216/sva.sv,sva.sv,.sv,71,60,11,49,3408,394,852,4,0,18,22,8.16326530612245,True,True
03818,03818/sva.sv,sva.sv,.sv,82,70,15,55,3873,519,968,22,0,36,0,40.0,True,False
03024,03024/sva.sv,sva.sv,.sv,61,45,18,27,2433,378,608,10,0,8,18,37.03703703703704,True,True
01773,01773/sva.sv,sva.sv,.sv,81,70,11,59,2492,352,623,12,0,8,18,20.33898305084746,True,True
04201,04201/sva.sv,sva.sv,.sv,45,36,9,27,2168,270,542,16,0,6,22,59.25925925925925,True,True
01522,01522/sva.sv,sva.sv,.sv,38,29,5,24,1234,153,308,3,0,3,6,12.5,True,True
04050,04050/sva.sv,sva.sv,.sv,99,84,24,60,4222,504,1056,20,0,2,22,33.33333333333333,True,True
03275,03275/sva.sv,sva.sv,.sv,83,68,13,55,3552,443,888,9,0,13,22,16.363636363636363,True,True
03047,03047/sva.sv,sva.sv,.sv,48,43,6,37,2393,282,598,10,0,9,0,27.027027027027028,True,False
02195,02195/sva.sv,sva.sv,.sv,57,47,10,37,2500,321,625,13,0,14,26,35.13513513513514,True,True
01710,01710/sva.sv,sva.sv,.sv,85,70,17,53,4135,563,1034,30,0,7,37,56.60377358490566,True,True
04262,04262/sva.sv,sva.sv,.sv,26,21,5,16,1015,146,254,4,0,4,8,25.0,True,True
03423,03423/sva.sv,sva.sv,.sv,37,29,8,21,1283,194,321,2,0,3,5,9.523809523809524,True,True
01374,01374/sva.sv,sva.sv,.sv,50,42,15,27,2157,289,539,10,0,6,16,37.03703703703704,True,True
04606,04606/sva.sv,sva.sv,.sv,86,72,14,58,3701,462,925,20,0,16,36,34.48275862068966,True,True
00094,00094/sva.sv,sva.sv,.sv,56,46,8,38,3062,321,766,12,0,6,18,31.57894736842105,True,True
01146,01146/sva.sv,sva.sv,.sv,107,93,19,74,4155,562,1039,9,0,12,21,12.162162162162163,True,True
04434,04434/sva.sv,sva.sv,.sv,51,41,10,31,2148,276,537,5,0,13,18,16.129032258064516,True,True
03611,03611/sva.sv,sva.sv,.sv,59,50,7,43,2471,319,618,11,0,9,20,25.581395348837212,True,True
02505,02505/sva.sv,sva.sv,.sv,75,63,11,52,3191,333,798,11,0,5,16,21.153846153846153,True,True
00252,00252/sva.sv,sva.sv,.sv,68,57,11,46,2942,290,736,5,0,12,17,10.869565217391305,True,True
01380,01380/sva.sv,sva.sv,.sv,86,68,27,41,3842,496,960,20,0,10,30,48.78048780487805,True,True
00060,00060/sva.sv,sva.sv,.sv,66,57,6,51,2977,450,744,10,0,8,20,19.607843137254903,True,True
02737,02737/sva.sv,sva.sv,.sv,65,51,14,37,2677,318,669,10,0,3,12,27.027027027027028,True,True
00404,00404/sva.sv,sva.sv,.sv,57,49,9,40,2549,316,637,11,0,7,18,27.500000000000004,True,True
03281,03281/sva.sv,sva.sv,.sv,73,63,10,53,3252,361,813,5,0,8,13,9.433962264150944,True,True
02353,02353/sva.sv,sva.sv,.sv,60,53,9,44,2784,386,696,7,0,23,30,15.909090909090908,True,True
02161,02161/sva.sv,sva.sv,.sv,110,93,23,70,4320,502,1080,14,0,7,19,20.0,True,True
00636,00636/sva.sv,sva.sv,.sv,72,63,19,44,3299,394,825,12,0,10,22,27.27272727272727,True,True
04296,04296/sva.sv,sva.sv,.sv,122,103,21,82,5461,579,1365,20,0,7,27,24.390243902439025,True,True
01179,01179/sva.sv,sva.sv,.sv,117,102,15,87,5603,504,1401,20,0,3,23,22.988505747126435,True,True
00897,00897/sva.sv,sva.sv,.sv,83,72,11,61,3382,386,846,4,0,5,9,6.557377049180328,True,True
01945,01945/sva.sv,sva.sv,.sv,87,73,15,58,3163,410,791,7,0,13,20,12.068965517241379,True,True
00299,00299/sva.sv,sva.sv,.sv,38,30,10,20,1882,269,470,6,0,12,18,30.0,True,True
04639,04639/sva.sv,sva.sv,.sv,73,57,17,40,3594,374,898,9,0,4,12,22.5,True,True
03844,03844/sva.sv,sva.sv,.sv,36,31,5,26,1398,191,350,2,0,8,12,7.6923076923076925,True,True
02996,02996/sva.sv,sva.sv,.sv,40,30,8,22,1427,179,357,4,0,4,8,18.181818181818183,True,True
03078,03078/sva.sv,sva.sv,.sv,57,47,8,39,2642,228,660,11,0,3,14,28.205128205128204,True,True
02398,02398/sva.sv,sva.sv,.sv,57,48,7,41,1595,245,399,3,0,6,9,7.317073170731707,True,True
00609,00609/sva.sv,sva.sv,.sv,41,32,6,26,1473,184,368,5,0,6,10,19.230769230769234,True,True
02962,02962/sva.sv,sva.sv,.sv,81,71,8,63,3014,269,754,12,0,8,19,19.047619047619047,True,True
02708,02708/sva.sv,sva.sv,.sv,59,49,8,41,2290,227,572,8,0,7,15,19.51219512195122,True,True
00863,00863/sva.sv,sva.sv,.sv,42,33,9,24,1549,197,387,7,0,4,10,29.166666666666668,True,True
03888,03888/sva.sv,sva.sv,.sv,38,33,6,27,1571,194,393,7,0,6,13,25.925925925925924,True,True
02166,02166/sva.sv,sva.sv,.sv,41,33,7,26,1617,205,404,6,0,9,15,23.076923076923077,True,True
00631,00631/sva.sv,sva.sv,.sv,59,49,10,39,3502,287,876,22,0,4,26,56.41025641025641,True,True
04291,04291/sva.sv,sva.sv,.sv,92,80,10,70,3564,431,891,7,0,3,10,10.0,True,True
00403,00403/sva.sv,sva.sv,.sv,66,55,10,45,2028,322,507,4,0,7,13,8.88888888888889,True,True
03286,03286/sva.sv,sva.sv,.sv,166,139,16,123,5783,596,1446,21,0,5,26,17.073170731707318,True,True
02354,02354/sva.sv,sva.sv,.sv,55,45,9,36,2745,312,686,7,0,4,11,19.444444444444446,True,True
00067,00067/sva.sv,sva.sv,.sv,53,43,10,33,2120,273,530,3,0,6,12,9.090909090909092,True,True
01989,01989/sva.sv,sva.sv,.sv,46,36,9,27,2672,269,668,14,0,4,18,51.85185185185185,True,True
02730,02730/sva.sv,sva.sv,.sv,68,58,15,43,2694,374,674,14,0,5,19,32.55813953488372,True,True
02502,02502/sva.sv,sva.sv,.sv,41,34,9,25,1609,181,402,6,0,3,9,24.0,True,True
00255,00255/sva.sv,sva.sv,.sv,51,40,9,31,2011,318,503,3,0,8,11,9.67741935483871,True,True
01387,01387/sva.sv,sva.sv,.sv,98,84,17,67,3395,416,849,13,0,15,28,19.402985074626866,True,True
00093,00093/sva.sv,sva.sv,.sv,30,21,8,13,1066,155,266,6,0,2,8,46.15384615384615,True,True
01141,01141/sva.sv,sva.sv,.sv,48,36,13,23,1880,246,470,6,0,3,9,26.08695652173913,True,True
04433,04433/sva.sv,sva.sv,.sv,68,53,15,38,3130,347,782,19,0,8,27,50.0,True,True
03616,03616/sva.sv,sva.sv,.sv,153,134,19,115,6239,591,1560,27,0,8,34,23.47826086956522,True,True
03424,03424/sva.sv,sva.sv,.sv,47,41,7,34,2021,191,505,4,0,4,8,11.76470588235294,True,True
01373,01373/sva.sv,sva.sv,.sv,63,51,9,42,2377,263,594,15,0,2,17,35.714285714285715,True,True
04601,04601/sva.sv,sva.sv,.sv,66,54,9,45,3280,433,820,10,0,12,22,22.22222222222222,True,True
03040,03040/sva.sv,sva.sv,.sv,39,30,6,24,1788,230,447,4,0,7,11,16.666666666666664,True,True
02192,02192/sva.sv,sva.sv,.sv,73,59,11,48,3119,379,780,8,0,8,14,16.666666666666664,True,True
01717,01717/sva.sv,sva.sv,.sv,269,232,44,188,7904,910,1976,25,0,18,36,13.297872340425531,True,True
04265,04265/sva.sv,sva.sv,.sv,67,56,8,48,3506,332,876,11,0,8,18,22.916666666666664,True,True
01525,01525/sva.sv,sva.sv,.sv,102,88,26,62,4019,390,1005,11,0,3,14,17.741935483870968,True,True
04057,04057/sva.sv,sva.sv,.sv,63,50,10,40,2275,278,569,11,0,11,22,27.500000000000004,True,True
03272,03272/sva.sv,sva.sv,.sv,46,38,9,29,1934,233,484,4,0,5,9,13.793103448275861,True,True
00058,00058/sva.sv,sva.sv,.sv,71,59,11,48,2827,310,707,5,0,6,11,10.416666666666668,True,True
00864,00864/sva.sv,sva.sv,.sv,102,90,15,75,3581,456,895,12,0,6,18,16.0,True,True
02965,02965/sva.sv,sva.sv,.sv,49,41,8,33,1775,248,444,4,0,6,10,12.121212121212121,True,True
02159,02159/sva.sv,sva.sv,.sv,61,47,14,33,2098,318,524,11,0,6,16,33.33333333333333,True,True
04068,04068/sva.sv,sva.sv,.sv,122,106,10,96,4334,381,1084,13,0,4,27,13.541666666666666,True,True
01728,01728/sva.sv,sva.sv,.sv,65,56,8,48,2408,301,602,7,0,6,14,14.583333333333334,True,True
03843,03843/sva.sv,sva.sv,.sv,61,52,9,43,1865,240,466,5,0,11,16,11.627906976744185,True,True
02991,02991/sva.sv,sva.sv,.sv,62,48,16,32,2324,322,581,7,0,10,17,21.875,True,True
03629,03629/sva.sv,sva.sv,.sv,61,48,15,33,2029,320,507,4,0,9,13,12.121212121212121,True,True
00890,00890/sva.sv,sva.sv,.sv,97,86,11,75,4189,460,1047,19,0,25,44,25.333333333333336,True,True
01942,01942/sva.sv,sva.sv,.sv,125,112,39,73,6634,481,1658,10,0,9,19,13.698630136986301,True,True
02706,02706/sva.sv,sva.sv,.sv,98,85,14,71,3162,410,790,10,0,5,15,14.084507042253522,True,True
01183,01183/sva.sv,sva.sv,.sv,86,76,16,60,2727,346,682,5,0,13,18,8.333333333333332,True,True
00051,00051/sva.sv,sva.sv,.sv,113,85,39,46,5183,679,1296,26,0,6,31,56.52173913043478,True,True
00263,00263/sva.sv,sva.sv,.sv,66,52,10,42,2463,297,616,18,0,7,25,42.857142857142854,True,True
02534,02534/sva.sv,sva.sv,.sv,64,48,16,32,3083,414,771,20,0,4,24,62.5,True,True
00607,00607/sva.sv,sva.sv,.sv,54,43,11,32,2028,236,507,5,0,5,10,15.625,True,True
02150,02150/sva.sv,sva.sv,.sv,55,44,12,32,1988,279,497,6,0,5,15,18.75,True,True
03082,03082/sva.sv,sva.sv,.sv,123,103,15,88,4036,527,1009,6,0,18,0,6.8181818181818175,True,False
02362,02362/sva.sv,sva.sv,.sv,71,63,11,52,2504,346,626,9,0,7,16,17.307692307692307,True,True
00435,00435/sva.sv,sva.sv,.sv,69,52,12,40,2568,399,642,7,0,16,23,17.5,True,True
04095,04095/sva.sv,sva.sv,.sv,67,56,10,46,2660,272,665,5,0,9,17,10.869565217391305,True,True
01721,01721/sva.sv,sva.sv,.sv,186,149,28,121,7107,756,1777,17,0,8,23,14.049586776859504,True,True
04253,04253/sva.sv,sva.sv,.sv,70,58,12,46,3054,317,764,11,0,2,13,23.91304347826087,True,True
02998,02998/sva.sv,sva.sv,.sv,49,38,10,28,1667,218,417,4,0,5,9,14.285714285714285,True,True
03076,03076/sva.sv,sva.sv,.sv,35,27,8,19,1590,228,398,4,0,8,12,21.052631578947366,True,True
02396,02396/sva.sv,sva.sv,.sv,30,24,5,19,1682,214,420,9,0,5,14,47.368421052631575,True,True
03244,03244/sva.sv,sva.sv,.sv,69,56,19,37,2295,349,574,10,0,6,17,27.027027027027028,True,True
01513,01513/sva.sv,sva.sv,.sv,55,48,9,39,1716,225,429,4,0,4,10,10.256410256410255,True,True
04061,04061/sva.sv,sva.sv,.sv,144,131,16,115,6557,535,1639,12,0,22,34,10.434782608695652,True,True
03620,03620/sva.sv,sva.sv,.sv,39,30,8,22,1348,197,337,3,0,5,9,13.636363636363635,True,True
01177,01177/sva.sv,sva.sv,.sv,54,44,11,33,3259,339,815,8,0,12,20,24.242424242424242,True,True
00899,00899/sva.sv,sva.sv,.sv,135,107,21,86,5945,678,1486,34,0,14,48,39.53488372093023,True,True
04405,04405/sva.sv,sva.sv,.sv,87,73,20,53,4362,484,1090,30,0,6,36,56.60377358490566,True,True
01345,01345/sva.sv,sva.sv,.sv,44,36,6,30,1570,235,392,9,0,8,17,30.0,True,True
00297,00297/sva.sv,sva.sv,.sv,71,59,13,46,2680,322,670,11,0,0,0,23.91304347826087,True,False
04637,04637/sva.sv,sva.sv,.sv,46,40,6,34,1909,210,477,8,0,5,13,23.52941176470588,True,True
03412,03412/sva.sv,sva.sv,.sv,38,31,5,26,1809,300,452,5,0,7,17,19.230769230769234,True,True
02953,02953/sva.sv,sva.sv,.sv,58,51,7,44,2468,313,617,6,0,8,8,13.636363636363635,True,True
03881,03881/sva.sv,sva.sv,.sv,51,46,7,39,2070,234,518,10,0,6,0,25.64102564102564,True,False
00638,00638/sva.sv,sva.sv,.sv,53,40,12,28,2155,239,539,12,0,4,15,42.857142857142854,True,True
04298,04298/sva.sv,sva.sv,.sv,72,61,11,50,3753,324,938,11,0,5,16,22.0,True,True
01980,01980/sva.sv,sva.sv,.sv,82,73,10,63,3221,376,805,14,0,10,0,22.22222222222222,True,False
00852,00852/sva.sv,sva.sv,.sv,59,48,15,33,2634,321,658,5,0,7,12,15.151515151515152,True,True
02739,02739/sva.sv,sva.sv,.sv,147,116,22,94,5367,527,1342,22,0,3,25,23.404255319148938,True,True
04608,04608/sva.sv,sva.sv,.sv,128,108,10,98,5711,436,1428,25,0,8,33,25.510204081632654,True,True
01148,01148/sva.sv,sva.sv,.sv,48,38,9,29,1618,190,404,6,0,6,10,20.689655172413794,True,True
01974,01974/sva.sv,sva.sv,.sv,83,71,12,59,3680,460,920,19,0,6,25,32.20338983050847,True,True
03875,03875/sva.sv,sva.sv,.sv,80,67,14,53,3557,373,889,14,0,8,22,26.41509433962264,True,True
03049,03049/sva.sv,sva.sv,.sv,48,39,11,28,2123,283,531,5,0,7,11,17.857142857142858,True,True
01342,01342/sva.sv,sva.sv,.sv,111,99,14,85,3905,390,976,6,0,24,0,7.0588235294117645,True,False
00290,00290/sva.sv,sva.sv,.sv,79,63,13,50,2864,342,716,4,0,14,18,8.0,True,True
04630,04630/sva.sv,sva.sv,.sv,194,150,9,141,9622,763,2406,24,0,54,0,17.02127659574468,True,False
03415,03415/sva.sv,sva.sv,.sv,42,30,9,21,1681,210,420,8,0,4,12,38.095238095238095,True,True
03627,03627/sva.sv,sva.sv,.sv,101,87,12,75,3436,388,859,12,0,11,24,16.0,True,True
01170,01170/sva.sv,sva.sv,.sv,45,35,8,27,1686,244,422,5,0,8,13,18.51851851851852,True,True
04402,04402/sva.sv,sva.sv,.sv,70,48,19,29,2623,346,656,11,0,6,17,37.93103448275862,True,True
02391,02391/sva.sv,sva.sv,.sv,125,107,21,86,5026,702,1256,19,0,5,20,22.093023255813954,True,True
03243,03243/sva.sv,sva.sv,.sv,68,50,17,33,3098,355,774,16,0,4,19,48.484848484848484,True,True
01514,01514/sva.sv,sva.sv,.sv,46,43,6,37,3060,414,765,8,0,10,10,21.62162162162162,True,True
04066,04066/sva.sv,sva.sv,.sv,99,88,11,77,3456,451,864,3,0,9,15,3.896103896103896,True,True
01726,01726/sva.sv,sva.sv,.sv,102,84,16,68,4256,526,1064,28,0,13,0,41.17647058823529,True,False
04254,04254/sva.sv,sva.sv,.sv,68,55,13,42,2384,312,596,8,0,4,12,19.047619047619047,True,True
03071,03071/sva.sv,sva.sv,.sv,91,72,23,49,3755,527,939,19,0,6,25,38.775510204081634,True,True
02365,02365/sva.sv,sva.sv,.sv,61,49,12,37,2521,363,630,5,0,7,12,13.513513513513514,True,True
00432,00432/sva.sv,sva.sv,.sv,56,50,6,44,2313,238,578,4,0,8,0,9.090909090909092,True,False
04092,04092/sva.sv,sva.sv,.sv,88,72,16,56,3238,459,810,16,0,3,20,28.57142857142857,True,True
00600,00600/sva.sv,sva.sv,.sv,113,96,17,79,4244,465,1061,8,0,3,10,10.126582278481013,True,True
02157,02157/sva.sv,sva.sv,.sv,78,66,15,51,2599,316,650,12,0,15,0,23.52941176470588,True,False
03085,03085/sva.sv,sva.sv,.sv,113,90,23,67,5015,608,1254,19,0,18,37,28.35820895522388,True,True
00264,00264/sva.sv,sva.sv,.sv,49,40,6,34,1210,173,302,5,0,6,11,14.705882352941178,True,True
02533,02533/sva.sv,sva.sv,.sv,74,62,12,50,3485,400,871,16,0,5,21,32.0,True,True
02701,02701/sva.sv,sva.sv,.sv,39,33,6,27,1601,187,400,6,0,4,10,22.22222222222222,True,True
01184,01184/sva.sv,sva.sv,.sv,69,58,9,49,2831,354,708,9,0,9,16,18.367346938775512,True,True
00056,00056/sva.sv,sva.sv,.sv,49,42,5,37,1469,171,367,3,0,4,0,8.108108108108109,True,False
03872,03872/sva.sv,sva.sv,.sv,59,49,10,39,2873,317,718,8,0,10,18,20.51282051282051,True,True
01719,01719/sva.sv,sva.sv,.sv,58,51,9,42,3214,355,804,10,0,10,20,23.809523809523807,True,True
04059,04059/sva.sv,sva.sv,.sv,61,51,10,41,2388,298,597,5,0,5,10,12.195121951219512,True,True
01973,01973/sva.sv,sva.sv,.sv,79,64,16,48,3515,416,879,14,0,3,16,29.166666666666668,True,True
03618,03618/sva.sv,sva.sv,.sv,52,39,12,27,2208,258,552,12,0,3,14,44.44444444444444,True,True
00069,00069/sva.sv,sva.sv,.sv,38,32,7,25,1960,282,490,9,0,5,13,36.0,True,True
01987,01987/sva.sv,sva.sv,.sv,44,36,9,27,2084,321,521,2,0,8,10,7.4074074074074066,True,True
00855,00855/sva.sv,sva.sv,.sv,52,45,5,40,1966,217,492,2,0,5,7,5.0,True,True
01389,01389/sva.sv,sva.sv,.sv,78,61,18,43,2618,327,654,9,0,5,14,20.930232558139537,True,True
02954,02954/sva.sv,sva.sv,.sv,86,65,30,35,3025,455,756,16,2,7,26,45.714285714285715,True,True
03886,03886/sva.sv,sva.sv,.sv,131,115,14,101,5326,558,1332,17,3,4,23,16.831683168316832,True,True
02168,02168/sva.sv,sva.sv,.sv,37,31,8,23,1634,236,408,8,0,6,14,34.78260869565217,True,True
03288,03288/sva.sv,sva.sv,.sv,86,73,18,55,3740,462,935,5,0,8,13,9.090909090909092,True,True
03228,03228/sva.sv,sva.sv,.sv,49,42,7,35,1694,221,424,6,0,6,12,17.142857142857142,True,True
03826,03826/sva.sv,sva.sv,.sv,61,52,10,42,2209,252,552,8,0,9,17,19.047619047619047,True,True
01329,01329/sva.sv,sva.sv,.sv,41,35,9,26,1400,212,350,6,0,5,11,23.076923076923077,True,True
01927,01927/sva.sv,sva.sv,.sv,90,74,11,63,4171,504,1043,17,0,14,31,26.984126984126984,True,True
04469,04469/sva.sv,sva.sv,.sv,62,49,10,39,2183,280,546,7,0,2,8,17.94871794871795,True,True
02558,02558/sva.sv,sva.sv,.sv,84,73,11,62,4479,501,1120,21,0,11,32,33.87096774193548,True,True
00801,00801/sva.sv,sva.sv,.sv,68,56,13,43,3086,341,772,14,0,15,0,32.55813953488372,True,False
00459,00459/sva.sv,sva.sv,.sv,38,33,5,28,1349,212,337,12,0,4,16,42.857142857142854,True,True
02900,02900/sva.sv,sva.sv,.sv,28,21,6,15,1290,170,322,4,0,5,9,26.666666666666668,True,True
01918,01918/sva.sv,sva.sv,.sv,77,64,12,52,2697,336,674,14,0,3,17,26.923076923076923,True,True
04456,04456/sva.sv,sva.sv,.sv,62,50,9,41,2189,278,547,5,0,4,9,12.195121951219512,True,True
01124,01124/sva.sv,sva.sv,.sv,50,42,8,34,1932,186,483,3,0,5,8,8.823529411764707,True,True
03673,03673/sva.sv,sva.sv,.sv,64,50,12,38,1885,265,471,7,0,9,16,18.421052631578945,True,True
03441,03441/sva.sv,sva.sv,.sv,55,43,12,31,2438,305,610,9,0,5,14,29.03225806451613,True,True
02593,02593/sva.sv,sva.sv,.sv,76,61,21,40,3303,340,826,8,0,2,9,20.0,True,True
04664,04664/sva.sv,sva.sv,.sv,49,45,12,33,2511,342,628,9,0,12,21,27.27272727272727,True,True
01316,01316/sva.sv,sva.sv,.sv,55,41,15,26,1949,255,487,6,0,7,13,23.076923076923077,True,True
03025,03025/sva.sv,sva.sv,.sv,92,79,18,61,4041,383,1010,14,0,4,18,22.950819672131146,True,True
03819,03819/sva.sv,sva.sv,.sv,96,80,18,62,3755,392,939,8,0,7,15,12.903225806451612,True,True
04200,04200/sva.sv,sva.sv,.sv,87,73,14,59,3143,344,786,12,0,3,15,20.33898305084746,True,True
01772,01772/sva.sv,sva.sv,.sv,61,50,13,37,2097,295,524,7,0,5,10,18.91891891891892,True,True
04032,04032/sva.sv,sva.sv,.sv,53,42,10,32,1748,258,437,6,0,6,15,18.75,True,True
00492,00492/sva.sv,sva.sv,.sv,93,83,16,67,4123,378,1031,5,0,10,17,7.462686567164178,True,True
01540,01540/sva.sv,sva.sv,.sv,48,40,6,34,2146,265,536,5,0,6,16,14.705882352941178,True,True
03217,03217/sva.sv,sva.sv,.sv,54,46,8,38,1712,259,428,12,0,8,20,31.57894736842105,True,True
02103,02103/sva.sv,sva.sv,.sv,62,49,12,37,2406,357,602,7,0,11,20,18.91891891891892,True,True
00654,00654/sva.sv,sva.sv,.sv,69,53,11,42,2653,403,663,8,0,10,18,19.047619047619047,True,True
01786,01786/sva.sv,sva.sv,.sv,102,73,23,50,3573,448,893,17,0,4,21,34.0,True,True
00466,00466/sva.sv,sva.sv,.sv,110,91,14,77,3540,486,885,11,0,9,20,14.285714285714285,True,True
02331,02331/sva.sv,sva.sv,.sv,56,44,13,31,2112,281,528,9,0,3,10,29.03225806451613,True,True
00002,00002/sva.sv,sva.sv,.sv,66,50,17,33,2377,352,594,7,0,3,10,21.21212121212121,True,True
03687,03687/sva.sv,sva.sv,.sv,97,73,27,46,3335,438,834,10,0,8,18,21.73913043478261,True,True
02755,02755/sva.sv,sva.sv,.sv,47,34,10,24,1905,257,476,7,0,6,13,29.166666666666668,True,True
02567,02567/sva.sv,sva.sv,.sv,46,38,11,27,2394,299,598,7,0,3,10,25.925925925925924,True,True
04690,04690/sva.sv,sva.sv,.sv,62,51,14,37,2582,331,646,11,0,7,17,29.72972972972973,True,True
00230,00230/sva.sv,sva.sv,.sv,41,35,8,27,1760,229,440,3,0,7,10,11.11111111111111,True,True
02907,02907/sva.sv,sva.sv,.sv,50,40,8,32,1882,245,470,4,0,5,10,12.5,True,True
02309,02309/sva.sv,sva.sv,.sv,60,54,6,48,2053,242,513,3,0,8,13,6.25,True,True
00806,00806/sva.sv,sva.sv,.sv,145,118,24,94,4620,590,1155,13,0,10,23,13.829787234042554,True,True
00208,00208/sva.sv,sva.sv,.sv,37,31,8,23,1130,173,282,7,0,8,15,30.434782608695656,True,True
02799,02799/sva.sv,sva.sv,.sv,96,79,21,58,3893,459,973,10,0,8,20,17.24137931034483,True,True
01920,01920/sva.sv,sva.sv,.sv,61,46,17,29,2174,301,544,10,0,3,11,34.48275862068966,True,True
03479,03479/sva.sv,sva.sv,.sv,48,38,8,30,2021,231,505,7,0,4,11,23.333333333333332,True,True
04238,04238/sva.sv,sva.sv,.sv,80,66,14,52,3843,421,961,29,0,8,37,55.769230769230774,True,True
00698,00698/sva.sv,sva.sv,.sv,38,35,5,30,1437,179,359,4,0,6,5,13.333333333333334,True,True
03821,03821/sva.sv,sva.sv,.sv,104,87,18,69,5966,705,1492,23,0,7,30,33.33333333333333,True,True
01578,01578/sva.sv,sva.sv,.sv,51,40,8,32,2261,239,565,7,0,7,15,21.875,True,True
02560,02560/sva.sv,sva.sv,.sv,74,64,9,55,3921,348,980,9,0,7,16,16.363636363636363,True,True
04697,04697/sva.sv,sva.sv,.sv,62,53,18,35,3290,395,822,21,0,6,27,60.0,True,True
00237,00237/sva.sv,sva.sv,.sv,76,65,10,55,3630,400,908,17,0,8,25,30.909090909090907,True,True
00839,00839/sva.sv,sva.sv,.sv,80,68,16,52,3318,379,830,9,0,10,19,17.307692307692307,True,True
00005,00005/sva.sv,sva.sv,.sv,82,68,15,53,3917,448,979,23,0,12,31,43.39622641509434,True,True
03680,03680/sva.sv,sva.sv,.sv,106,86,15,71,3848,415,962,6,0,16,22,8.450704225352112,True,True
02752,02752/sva.sv,sva.sv,.sv,193,171,26,145,13565,1103,3391,50,0,18,68,34.48275862068966,True,True
00461,00461/sva.sv,sva.sv,.sv,104,90,13,77,5169,542,1292,35,0,11,46,45.45454545454545,True,True
02336,02336/sva.sv,sva.sv,.sv,122,101,21,80,4813,544,1203,20,0,2,22,25.0,True,True
02104,02104/sva.sv,sva.sv,.sv,111,94,7,87,3469,398,867,8,0,6,14,9.195402298850574,True,True
02938,02938/sva.sv,sva.sv,.sv,97,80,19,61,3115,348,779,6,0,7,13,9.836065573770492,True,True
00653,00653/sva.sv,sva.sv,.sv,65,57,16,41,2498,312,624,10,0,3,13,24.390243902439025,True,True
01781,01781/sva.sv,sva.sv,.sv,80,68,11,57,2732,338,683,7,0,3,10,12.280701754385964,True,True
04035,04035/sva.sv,sva.sv,.sv,80,63,11,52,3347,379,837,11,0,5,16,21.153846153846153,True,True
00495,00495/sva.sv,sva.sv,.sv,41,35,7,28,1732,276,433,5,0,8,0,17.857142857142858,True,False
01547,01547/sva.sv,sva.sv,.sv,41,33,8,25,1295,191,324,4,0,4,8,16.0,True,True
03210,03210/sva.sv,sva.sv,.sv,80,69,15,54,3361,410,840,6,0,3,9,11.11111111111111,True,True
03022,03022/sva.sv,sva.sv,.sv,39,33,4,29,1774,237,444,3,0,7,13,10.344827586206897,True,True
04207,04207/sva.sv,sva.sv,.sv,124,103,15,88,5573,649,1393,34,0,7,41,38.63636363636363,True,True
01775,01775/sva.sv,sva.sv,.sv,56,45,9,36,2185,243,546,9,0,6,15,25.0,True,True
03446,03446/sva.sv,sva.sv,.sv,32,28,7,21,1655,240,414,9,0,10,19,42.857142857142854,True,True
02594,02594/sva.sv,sva.sv,.sv,92,83,10,73,3454,433,864,16,0,13,0,21.91780821917808,True,False
04663,04663/sva.sv,sva.sv,.sv,48,41,7,34,1856,215,464,5,0,4,12,14.705882352941178,True,True
01311,01311/sva.sv,sva.sv,.sv,63,52,12,40,3076,302,769,6,0,5,10,15.0,True,True
04451,04451/sva.sv,sva.sv,.sv,36,27,10,17,2147,275,537,9,0,6,15,52.94117647058824,True,True
01123,01123/sva.sv,sva.sv,.sv,76,68,7,61,2476,325,619,3,0,9,13,4.918032786885246,True,True
03674,03674/sva.sv,sva.sv,.sv,108,92,24,68,4490,509,1122,18,0,4,21,26.47058823529412,True,True
00830,00830/sva.sv,sva.sv,.sv,54,39,16,23,2282,319,570,11,0,5,15,47.82608695652174,True,True
03689,03689/sva.sv,sva.sv,.sv,64,54,15,39,2662,310,666,3,0,5,0,7.6923076923076925,True,False
02569,02569/sva.sv,sva.sv,.sv,94,81,14,67,3390,428,848,26,0,5,31,38.80597014925373,True,True
02931,02931/sva.sv,sva.sv,.sv,45,36,7,29,2032,241,508,10,0,7,17,34.48275862068966,True,True
01788,01788/sva.sv,sva.sv,.sv,45,38,7,31,1290,194,322,5,0,5,10,16.129032258064516,True,True
00468,00468/sva.sv,sva.sv,.sv,61,50,8,42,2574,259,644,5,0,10,15,11.904761904761903,True,True
03817,03817/sva.sv,sva.sv,.sv,60,45,15,30,1751,238,438,5,0,8,13,16.666666666666664,True,True
04800,04800/sva.sv,sva.sv,.sv,29,20,6,14,1038,163,260,3,0,3,6,21.428571428571427,True,True
03219,03219/sva.sv,sva.sv,.sv,36,30,6,24,1364,216,341,3,0,6,9,12.5,True,True
04458,04458/sva.sv,sva.sv,.sv,106,90,14,76,3016,378,754,5,0,16,26,6.578947368421052,True,True
01916,01916/sva.sv,sva.sv,.sv,147,121,18,103,7920,767,1980,50,0,9,59,48.54368932038835,True,True
01318,01318/sva.sv,sva.sv,.sv,59,49,8,41,2488,280,622,4,0,7,15,9.75609756097561,True,True
02300,02300/sva.sv,sva.sv,.sv,70,58,11,47,2426,301,606,7,0,5,12,14.893617021276595,True,True
01585,01585/sva.sv,sva.sv,.sv,60,48,11,37,2400,320,600,8,0,7,15,21.62162162162162,True,True
00457,00457/sva.sv,sva.sv,.sv,72,54,18,36,4053,411,1013,18,0,3,19,50.0,True,True
00665,00665/sva.sv,sva.sv,.sv,45,36,7,29,2345,345,586,9,0,10,19,31.03448275862069,True,True
02132,02132/sva.sv,sva.sv,.sv,52,44,8,36,2114,239,528,3,0,4,7,8.333333333333332,True,True
00201,00201/sva.sv,sva.sv,.sv,74,63,12,51,2955,398,739,9,0,7,16,17.647058823529413,True,True
02556,02556/sva.sv,sva.sv,.sv,69,55,10,45,2948,305,737,17,0,7,24,37.77777777777778,True,True
03484,03484/sva.sv,sva.sv,.sv,54,44,9,35,2237,302,559,6,0,7,16,17.142857142857142,True,True
02764,02764/sva.sv,sva.sv,.sv,46,36,7,29,1649,198,412,9,0,4,13,31.03448275862069,True,True
04493,04493/sva.sv,sva.sv,.sv,28,25,3,22,1192,183,298,4,0,4,8,18.181818181818183,True,True
00033,00033/sva.sv,sva.sv,.sv,69,58,6,52,2107,256,527,8,0,13,21,15.384615384615385,True,True
04655,04655/sva.sv,sva.sv,.sv,63,51,12,39,2304,324,576,5,0,8,13,12.82051282051282,True,True
01327,01327/sva.sv,sva.sv,.sv,43,37,12,25,1430,180,358,3,0,4,7,12.0,True,True
03470,03470/sva.sv,sva.sv,.sv,93,82,16,66,3893,435,973,5,0,7,17,7.575757575757576,True,True
02790,02790/sva.sv,sva.sv,.sv,71,56,12,44,3823,466,956,19,0,4,23,43.18181818181818,True,True
03642,03642/sva.sv,sva.sv,.sv,93,80,14,66,3726,454,932,12,0,8,20,18.181818181818183,True,True
04467,04467/sva.sv,sva.sv,.sv,92,79,13,66,3839,313,960,3,0,8,12,4.545454545454546,True,True
01929,01929/sva.sv,sva.sv,.sv,56,47,10,37,2155,368,539,3,0,10,0,8.108108108108109,True,False
01115,01115/sva.sv,sva.sv,.sv,81,62,14,48,2655,337,664,11,0,10,21,22.916666666666664,True,True
03226,03226/sva.sv,sva.sv,.sv,127,105,48,57,5571,645,1393,21,0,7,28,36.84210526315789,True,True
04003,04003/sva.sv,sva.sv,.sv,77,67,10,57,2829,314,707,3,0,4,9,5.263157894736842,True,True
01571,01571/sva.sv,sva.sv,.sv,86,76,11,65,4377,525,1094,16,0,14,30,24.615384615384617,True,True
04231,04231/sva.sv,sva.sv,.sv,137,115,25,90,4812,511,1203,10,0,9,19,11.11111111111111,True,True
01743,01743/sva.sv,sva.sv,.sv,32,27,4,23,1595,178,399,7,0,5,12,30.434782608695656,True,True
00691,00691/sva.sv,sva.sv,.sv,62,50,12,38,2484,286,621,7,0,3,10,18.421052631578945,True,True
03014,03014/sva.sv,sva.sv,.sv,126,110,17,93,5125,428,1281,15,0,6,21,16.129032258064516,True,True
03828,03828/sva.sv,sva.sv,.sv,41,32,6,26,2054,196,514,13,0,5,17,50.0,True,True
03448,03448/sva.sv,sva.sv,.sv,55,41,6,35,2691,226,673,7,0,6,13,20.0,True,True
01911,01911/sva.sv,sva.sv,.sv,58,47,10,37,2111,285,528,13,0,10,23,35.13513513513514,True,True
01549,01549/sva.sv,sva.sv,.sv,39,33,3,30,1424,197,356,7,0,6,0,23.333333333333332,True,False
03810,03810/sva.sv,sva.sv,.sv,33,27,5,22,1297,161,324,4,0,4,8,18.181818181818183,True,True
04209,04209/sva.sv,sva.sv,.sv,69,58,16,42,2944,333,736,7,0,5,10,16.666666666666664,True,True
02338,02338/sva.sv,sva.sv,.sv,95,81,15,66,4301,454,1075,13,0,6,19,19.696969696969695,True,True
02936,02936/sva.sv,sva.sv,.sv,44,33,9,24,1811,223,453,6,0,5,11,25.0,True,True
04699,04699/sva.sv,sva.sv,.sv,44,35,7,28,1599,182,400,8,0,6,14,28.57142857142857,True,True
00239,00239/sva.sv,sva.sv,.sv,89,70,17,53,4741,414,1185,24,0,4,28,45.28301886792453,True,True
00837,00837/sva.sv,sva.sv,.sv,45,37,10,27,1866,223,466,6,0,3,9,22.22222222222222,True,True
04236,04236/sva.sv,sva.sv,.sv,21,16,4,12,915,125,229,3,0,6,9,25.0,True,True
01744,01744/sva.sv,sva.sv,.sv,41,31,7,24,1449,185,362,7,0,3,10,29.166666666666668,True,True
00696,00696/sva.sv,sva.sv,.sv,65,55,10,45,2069,271,517,9,0,5,14,20.0,True,True
03013,03013/sva.sv,sva.sv,.sv,116,101,7,94,3940,460,985,8,0,6,14,8.51063829787234,True,True
03221,03221/sva.sv,sva.sv,.sv,88,79,10,69,2925,367,731,5,0,5,10,7.246376811594203,True,True
04004,04004/sva.sv,sva.sv,.sv,108,94,11,83,4884,470,1221,9,0,6,15,10.843373493975903,True,True
01576,01576/sva.sv,sva.sv,.sv,50,42,7,35,1846,241,462,3,0,6,9,8.571428571428571,True,True
02797,02797/sva.sv,sva.sv,.sv,54,43,11,32,2383,280,596,9,0,6,15,28.125,True,True
03645,03645/sva.sv,sva.sv,.sv,51,42,7,35,2074,240,518,7,0,4,11,20.0,True,True
04460,04460/sva.sv,sva.sv,.sv,87,71,11,60,3516,442,879,5,0,9,0,8.333333333333332,True,False
01112,01112/sva.sv,sva.sv,.sv,87,82,6,76,3028,350,757,14,0,18,0,18.421052631578945,True,False
04652,04652/sva.sv,sva.sv,.sv,66,53,9,44,2559,314,640,9,0,5,14,20.454545454545457,True,True
01320,01320/sva.sv,sva.sv,.sv,43,37,9,28,2219,242,555,7,0,7,14,25.0,True,True
03477,03477/sva.sv,sva.sv,.sv,83,71,12,59,3395,413,849,14,0,11,10,23.728813559322035,True,True
02763,02763/sva.sv,sva.sv,.sv,87,72,15,57,3199,419,800,8,0,13,21,14.035087719298245,True,True
00808,00808/sva.sv,sva.sv,.sv,47,39,10,29,2111,247,528,4,0,6,10,13.793103448275861,True,True
04494,04494/sva.sv,sva.sv,.sv,64,51,14,37,1942,280,486,4,0,9,13,10.81081081081081,True,True
00034,00034/sva.sv,sva.sv,.sv,62,52,11,41,2386,319,596,3,0,9,12,7.317073170731707,True,True
00206,00206/sva.sv,sva.sv,.sv,72,64,8,56,2940,352,735,5,0,2,7,8.928571428571429,True,True
02551,02551/sva.sv,sva.sv,.sv,53,46,12,34,1910,304,478,7,0,6,13,20.588235294117645,True,True
03483,03483/sva.sv,sva.sv,.sv,42,35,6,29,1674,241,418,2,0,9,11,6.896551724137931,True,True
00662,00662/sva.sv,sva.sv,.sv,38,31,8,23,1171,166,293,3,0,4,7,13.043478260869565,True,True
02135,02135/sva.sv,sva.sv,.sv,41,35,6,29,2198,287,550,7,0,6,13,24.137931034482758,True,True
02909,02909/sva.sv,sva.sv,.sv,48,40,7,33,1474,210,368,5,0,5,10,15.151515151515152,True,True
02307,02307/sva.sv,sva.sv,.sv,53,44,8,36,1802,232,450,5,0,5,15,13.88888888888889,True,True
01582,01582/sva.sv,sva.sv,.sv,120,94,21,73,4243,545,1061,12,0,5,17,16.43835616438356,True,True
00450,00450/sva.sv,sva.sv,.sv,53,39,12,27,2251,342,563,6,0,7,13,22.22222222222222,True,True
00710,00710/sva.sv,sva.sv,.sv,33,25,6,19,1304,153,326,9,0,6,15,47.368421052631575,True,True
03195,03195/sva.sv,sva.sv,.sv,78,64,7,57,3827,418,957,10,0,7,17,17.543859649122805,True,True
02047,02047/sva.sv,sva.sv,.sv,112,93,18,75,4481,458,1120,22,0,2,24,29.333333333333332,True,True
02275,02275/sva.sv,sva.sv,.sv,59,46,11,35,1999,310,500,10,0,5,15,28.57142857142857,True,True
00522,00522/sva.sv,sva.sv,.sv,79,68,8,60,2950,376,738,6,0,13,25,10.0,True,True
04182,04182/sva.sv,sva.sv,.sv,93,74,17,57,3950,416,988,26,0,3,29,45.614035087719294,True,True
02611,02611/sva.sv,sva.sv,.sv,83,70,15,55,3228,316,807,13,0,4,17,23.636363636363637,True,True
00146,00146/sva.sv,sva.sv,.sv,51,40,10,30,1890,280,472,6,0,4,10,20.0,True,True
01094,01094/sva.sv,sva.sv,.sv,85,73,14,59,3294,355,824,11,0,6,17,18.64406779661017,True,True
00374,00374/sva.sv,sva.sv,.sv,73,59,11,48,2755,335,689,6,0,7,13,12.5,True,True
02423,02423/sva.sv,sva.sv,.sv,66,55,6,49,2808,280,702,9,0,13,22,18.367346938775512,True,True
03737,03737/sva.sv,sva.sv,.sv,121,89,33,56,4498,503,1124,21,0,9,30,37.5,True,True
01060,01060/sva.sv,sva.sv,.sv,53,47,7,40,2024,299,506,6,0,5,17,15.0,True,True
04512,04512/sva.sv,sva.sv,.sv,43,33,10,23,2027,358,507,8,0,5,13,34.78260869565217,True,True
00380,00380/sva.sv,sva.sv,.sv,59,48,9,39,2537,375,634,9,0,8,8,23.076923076923077,True,True
01252,01252/sva.sv,sva.sv,.sv,40,31,7,24,1345,191,336,5,0,4,9,20.833333333333336,True,True
04720,04720/sva.sv,sva.sv,.sv,28,22,7,15,1286,150,322,5,0,6,11,33.33333333333333,True,True
03505,03505/sva.sv,sva.sv,.sv,53,42,11,31,2085,265,521,8,0,4,12,25.806451612903224,True,True
01636,01636/sva.sv,sva.sv,.sv,58,49,10,39,2249,278,562,6,0,4,1,15.384615384615385,True,True
04344,04344/sva.sv,sva.sv,.sv,49,36,15,21,2041,243,510,9,0,3,12,42.857142857142854,True,True
03161,03161/sva.sv,sva.sv,.sv,26,20,6,14,1226,152,306,5,0,5,10,35.714285714285715,True,True
03353,03353/sva.sv,sva.sv,.sv,132,115,18,97,7418,784,1854,29,0,4,33,29.896907216494846,True,True
02281,02281/sva.sv,sva.sv,.sv,67,57,10,47,3094,343,774,6,0,7,12,12.76595744680851,True,True
01404,01404/sva.sv,sva.sv,.sv,86,70,18,52,3580,571,895,10,0,8,18,19.230769230769234,True,True
04176,04176/sva.sv,sva.sv,.sv,45,38,7,31,1811,236,453,5,0,4,9,16.129032258064516,True,True
01299,01299/sva.sv,sva.sv,.sv,51,40,10,30,1838,203,460,6,0,3,9,20.0,True,True
00179,00179/sva.sv,sva.sv,.sv,77,65,12,53,2389,322,597,5,0,9,15,9.433962264150944,True,True
00945,00945/sva.sv,sva.sv,.sv,73,58,16,42,2645,313,661,6,0,6,12,14.285714285714285,True,True
01897,01897/sva.sv,sva.sv,.sv,56,47,13,34,2815,340,704,8,0,5,13,23.52941176470588,True,True
03398,03398/sva.sv,sva.sv,.sv,148,126,19,107,7795,856,1949,35,0,14,49,32.71028037383177,True,True
03996,03996/sva.sv,sva.sv,.sv,34,28,7,21,1388,200,347,2,0,3,5,9.523809523809524,True,True
02844,02844/sva.sv,sva.sv,.sv,37,27,6,21,1637,246,409,3,0,12,15,14.285714285714285,True,True
02078,02078/sva.sv,sva.sv,.sv,68,55,13,42,2848,354,712,4,0,8,12,9.523809523809524,True,True
04149,04149/sva.sv,sva.sv,.sv,59,48,9,39,2381,383,595,14,0,7,21,35.8974358974359,True,True
03962,03962/sva.sv,sva.sv,.sv,97,82,16,66,3636,417,909,14,0,5,19,21.21212121212121,True,True
01609,01609/sva.sv,sva.sv,.sv,53,44,7,37,1526,183,382,3,0,5,8,8.108108108108109,True,True
01863,01863/sva.sv,sva.sv,.sv,40,33,6,27,1487,207,372,4,0,6,10,14.814814814814813,True,True
03708,03708/sva.sv,sva.sv,.sv,107,92,22,70,3593,420,898,12,0,14,26,17.142857142857142,True,True
03354,03354/sva.sv,sva.sv,.sv,122,104,17,87,5031,587,1258,21,0,9,30,24.137931034482758,True,True
02286,02286/sva.sv,sva.sv,.sv,46,36,9,27,1587,211,397,6,0,3,9,22.22222222222222,True,True
01403,01403/sva.sv,sva.sv,.sv,130,117,9,108,6744,602,1686,35,0,4,42,32.407407407407405,True,True
04171,04171/sva.sv,sva.sv,.sv,70,61,9,52,2887,323,722,10,0,4,13,19.230769230769234,True,True
01631,01631/sva.sv,sva.sv,.sv,39,31,6,25,1510,194,378,3,0,7,10,12.0,True,True
04343,04343/sva.sv,sva.sv,.sv,91,74,13,61,2810,326,702,9,0,4,13,14.754098360655737,True,True
02888,02888/sva.sv,sva.sv,.sv,39,30,8,22,1510,193,378,6,0,6,12,27.27272727272727,True,True
03166,03166/sva.sv,sva.sv,.sv,107,92,16,76,4339,468,1085,12,0,19,31,15.789473684210526,True,True
00387,00387/sva.sv,sva.sv,.sv,55,43,10,33,1933,199,483,7,0,5,9,21.21212121212121,True,True
01255,01255/sva.sv,sva.sv,.sv,52,43,9,34,1421,201,355,4,0,3,7,11.76470588235294,True,True
04727,04727/sva.sv,sva.sv,.sv,69,54,15,39,3505,505,876,16,0,10,26,41.02564102564102,True,True
03502,03502/sva.sv,sva.sv,.sv,95,75,26,49,4270,525,1068,11,0,5,14,22.448979591836736,True,True
03730,03730/sva.sv,sva.sv,.sv,136,112,15,97,5642,689,1410,16,0,10,24,16.49484536082474,True,True
01067,01067/sva.sv,sva.sv,.sv,76,63,18,45,3255,406,814,8,0,12,20,17.77777777777778,True,True
00989,00989/sva.sv,sva.sv,.sv,62,49,15,34,3073,302,768,17,0,9,26,50.0,True,True
04515,04515/sva.sv,sva.sv,.sv,36,28,6,22,1562,172,390,6,0,3,9,27.27272727272727,True,True
00373,00373/sva.sv,sva.sv,.sv,75,63,12,51,2666,334,666,6,0,4,10,11.76470588235294,True,True
02424,02424/sva.sv,sva.sv,.sv,39,32,8,24,2387,289,597,8,0,8,16,33.33333333333333,True,True
02616,02616/sva.sv,sva.sv,.sv,111,97,17,80,4116,553,1029,26,0,15,41,32.5,True,True
00141,00141/sva.sv,sva.sv,.sv,51,40,9,31,2153,297,538,5,0,7,12,16.129032258064516,True,True
01093,01093/sva.sv,sva.sv,.sv,54,44,12,32,2406,235,602,4,0,11,16,12.5,True,True
02272,02272/sva.sv,sva.sv,.sv,50,40,10,30,1900,231,475,2,0,7,9,6.666666666666667,True,True
00525,00525/sva.sv,sva.sv,.sv,49,42,8,34,2334,284,584,3,0,7,11,8.823529411764707,True,True
04185,04185/sva.sv,sva.sv,.sv,64,51,7,44,2161,257,540,13,0,7,20,29.545454545454547,True,True
00717,00717/sva.sv,sva.sv,.sv,105,96,11,85,4044,631,1011,12,0,26,0,14.117647058823529,True,False
03192,03192/sva.sv,sva.sv,.sv,34,27,8,19,1160,144,290,3,0,9,2,15.789473684210526,True,True
02040,02040/sva.sv,sva.sv,.sv,174,152,24,128,7206,768,1802,14,0,10,24,10.9375,True,True
01058,01058/sva.sv,sva.sv,.sv,60,52,7,45,3365,386,841,13,0,8,21,28.888888888888886,True,True
01864,01864/sva.sv,sva.sv,.sv,152,131,15,116,7898,987,1974,25,0,35,0,21.551724137931032,True,False
04718,04718/sva.sv,sva.sv,.sv,66,53,12,41,2304,302,576,6,0,4,9,14.634146341463413,True,True
03965,03965/sva.sv,sva.sv,.sv,137,111,19,92,5210,575,1302,11,0,10,21,11.956521739130435,True,True
03159,03159/sva.sv,sva.sv,.sv,46,37,9,28,1957,192,489,6,0,5,11,21.428571428571427,True,True
03991,03991/sva.sv,sva.sv,.sv,112,92,12,80,5748,691,1437,28,0,3,29,35.0,True,True
02843,02843/sva.sv,sva.sv,.sv,54,43,8,35,2788,299,697,7,0,6,13,20.0,True,True
00728,00728/sva.sv,sva.sv,.sv,88,74,12,62,3154,344,788,8,0,5,14,12.903225806451612,True,True
04388,04388/sva.sv,sva.sv,.sv,46,37,9,28,1796,254,449,6,0,9,15,21.428571428571427,True,True
00942,00942/sva.sv,sva.sv,.sv,73,65,8,57,2870,384,718,8,0,3,12,14.035087719298245,True,True
01890,01890/sva.sv,sva.sv,.sv,67,53,12,41,2016,265,504,11,0,5,16,26.82926829268293,True,True
02629,02629/sva.sv,sva.sv,.sv,98,81,15,66,3602,435,900,16,0,7,22,24.242424242424242,True,True
03534,03534/sva.sv,sva.sv,.sv,118,96,12,84,4432,454,1108,15,0,4,19,17.857142857142858,True,True
01263,01263/sva.sv,sva.sv,.sv,41,31,5,26,1344,199,336,5,0,4,9,19.230769230769234,True,True
04711,04711/sva.sv,sva.sv,.sv,38,29,12,17,1453,203,363,4,0,5,9,23.52941176470588,True,True
01051,01051/sva.sv,sva.sv,.sv,52,41,13,28,1938,276,484,5,1,4,10,17.857142857142858,True,True
00183,00183/sva.sv,sva.sv,.sv,79,65,17,48,3138,370,784,13,0,4,16,27.083333333333332,True,True
04523,04523/sva.sv,sva.sv,.sv,122,100,20,80,4171,482,1043,12,0,5,20,15.0,True,True
03706,03706/sva.sv,sva.sv,.sv,101,88,15,73,3083,425,771,7,0,4,18,9.58904109589041,True,True
01435,01435/sva.sv,sva.sv,.sv,56,42,18,24,2192,295,548,6,0,8,13,25.0,True,True
04147,04147/sva.sv,sva.sv,.sv,33,25,8,17,1321,182,330,6,0,4,10,35.294117647058826,True,True
03362,03362/sva.sv,sva.sv,.sv,30,24,5,19,1350,245,338,3,0,8,11,15.789473684210526,True,True
02082,02082/sva.sv,sva.sv,.sv,55,42,11,31,2422,282,606,16,0,10,26,51.61290322580645,True,True
03150,03150/sva.sv,sva.sv,.sv,51,42,6,36,1861,227,465,4,0,1,6,11.11111111111111,True,True
01607,01607/sva.sv,sva.sv,.sv,57,46,12,34,2239,277,560,6,0,3,9,17.647058823529413,True,True
04375,04375/sva.sv,sva.sv,.sv,87,73,12,61,3453,414,863,10,0,5,12,16.39344262295082,True,True
00513,00513/sva.sv,sva.sv,.sv,50,39,10,29,1802,236,450,5,0,2,8,17.24137931034483,True,True
02244,02244/sva.sv,sva.sv,.sv,83,72,20,52,2886,375,722,12,0,4,16,23.076923076923077,True,True
03396,03396/sva.sv,sva.sv,.sv,46,35,10,25,1710,229,428,9,0,4,12,36.0,True,True
03998,03998/sva.sv,sva.sv,.sv,40,32,8,24,1638,227,410,6,0,4,10,25.0,True,True
02076,02076/sva.sv,sva.sv,.sv,36,28,10,18,1414,222,354,6,0,3,9,33.33333333333333,True,True
00721,00721/sva.sv,sva.sv,.sv,32,24,7,17,1297,171,324,4,0,9,13,23.52941176470588,True,True
04381,04381/sva.sv,sva.sv,.sv,51,43,8,35,1710,209,428,3,0,13,2,8.571428571428571,True,True
02412,02412/sva.sv,sva.sv,.sv,59,48,6,42,2080,258,520,5,0,5,12,11.904761904761903,True,True
01297,01297/sva.sv,sva.sv,.sv,75,64,12,52,3719,409,930,13,0,4,17,25.0,True,True
00345,00345/sva.sv,sva.sv,.sv,66,52,6,46,1755,272,439,7,0,5,13,15.217391304347828,True,True
00177,00177/sva.sv,sva.sv,.sv,52,42,8,34,1756,190,439,5,0,4,14,14.705882352941178,True,True
01899,01899/sva.sv,sva.sv,.sv,44,34,10,24,1744,245,436,5,0,4,9,20.833333333333336,True,True
02620,02620/sva.sv,sva.sv,.sv,65,55,12,43,2851,377,713,18,0,8,26,41.86046511627907,True,True
01638,01638/sva.sv,sva.sv,.sv,78,63,15,48,2863,330,716,7,0,4,10,14.583333333333334,True,True
02881,02881/sva.sv,sva.sv,.sv,172,143,32,111,6572,674,1643,24,0,4,28,21.62162162162162,True,True
03953,03953/sva.sv,sva.sv,.sv,57,45,12,33,2375,275,594,9,0,5,14,27.27272727272727,True,True
04178,04178/sva.sv,sva.sv,.sv,59,46,14,32,1971,330,493,6,0,16,22,18.75,True,True
03739,03739/sva.sv,sva.sv,.sv,108,91,17,74,3710,508,928,13,0,1,14,17.56756756756757,True,True
01852,01852/sva.sv,sva.sv,.sv,75,63,7,56,2100,362,525,7,0,4,11,12.5,True,True
00980,00980/sva.sv,sva.sv,.sv,57,44,17,27,2429,274,607,11,0,7,18,40.74074074074074,True,True
00148,00148/sva.sv,sva.sv,.sv,71,54,20,34,3226,428,806,9,0,11,21,26.47058823529412,True,True
00974,00974/sva.sv,sva.sv,.sv,48,37,11,26,1856,269,464,4,0,6,10,15.384615384615385,True,True
02875,02875/sva.sv,sva.sv,.sv,75,65,10,55,3308,336,827,10,0,3,13,18.181818181818183,True,True
02049,02049/sva.sv,sva.sv,.sv,49,40,8,32,1531,208,383,4,0,6,10,12.5,True,True
00170,00170/sva.sv,sva.sv,.sv,48,41,6,35,1568,202,392,6,0,4,12,17.142857142857142,True,True
02627,02627/sva.sv,sva.sv,.sv,55,42,11,31,1898,247,474,11,0,7,18,35.483870967741936,True,True
02415,02415/sva.sv,sva.sv,.sv,28,21,6,15,1185,165,296,3,0,6,12,20.0,True,True
01290,01290/sva.sv,sva.sv,.sv,86,68,8,60,3532,358,883,21,0,4,25,35.0,True,True
00342,00342/sva.sv,sva.sv,.sv,119,97,26,71,4807,513,1202,16,0,12,21,22.535211267605636,True,True
02071,02071/sva.sv,sva.sv,.sv,37,26,9,17,1539,187,385,5,0,6,11,29.411764705882355,True,True
00726,00726/sva.sv,sva.sv,.sv,105,83,14,69,3967,367,992,6,0,4,10,8.695652173913043,True,True
04386,04386/sva.sv,sva.sv,.sv,83,68,15,53,2920,375,730,13,0,15,28,24.528301886792452,True,True
00514,00514/sva.sv,sva.sv,.sv,53,43,11,32,2517,290,629,16,0,5,21,50.0,True,True
02243,02243/sva.sv,sva.sv,.sv,52,41,9,32,1856,327,464,7,0,8,15,21.875,True,True
03391,03391/sva.sv,sva.sv,.sv,43,34,10,24,1517,227,379,13,0,2,15,54.166666666666664,True,True
02085,02085/sva.sv,sva.sv,.sv,52,40,13,27,2125,280,531,7,0,4,10,25.925925925925924,True,True
03157,03157/sva.sv,sva.sv,.sv,59,48,13,35,2696,329,674,11,0,4,15,31.428571428571427,True,True
01600,01600/sva.sv,sva.sv,.sv,42,34,8,26,1567,166,392,6,0,4,10,23.076923076923077,True,True
04372,04372/sva.sv,sva.sv,.sv,51,40,9,31,2064,258,516,9,0,3,12,29.03225806451613,True,True
01432,01432/sva.sv,sva.sv,.sv,52,42,10,32,2475,292,619,10,0,10,20,31.25,True,True
04140,04140/sva.sv,sva.sv,.sv,39,29,8,21,1285,187,321,5,0,2,7,23.809523809523807,True,True
03365,03365/sva.sv,sva.sv,.sv,86,73,10,63,3464,407,866,10,0,7,17,15.873015873015872,True,True
01056,01056/sva.sv,sva.sv,.sv,59,47,11,36,2480,316,620,7,0,5,12,19.444444444444446,True,True
00184,00184/sva.sv,sva.sv,.sv,76,66,16,50,2735,306,684,4,0,7,15,8.0,True,True
04524,04524/sva.sv,sva.sv,.sv,55,46,9,37,2386,323,596,8,0,6,14,21.62162162162162,True,True
03701,03701/sva.sv,sva.sv,.sv,115,97,16,81,5991,587,1498,9,0,41,49,11.11111111111111,True,True
03533,03533/sva.sv,sva.sv,.sv,132,108,28,80,7131,649,1783,20,0,5,25,25.0,True,True
01264,01264/sva.sv,sva.sv,.sv,56,46,17,29,2019,248,505,8,0,9,17,27.586206896551722,True,True
04716,04716/sva.sv,sva.sv,.sv,51,38,10,28,1817,261,454,7,0,4,11,25.0,True,True
00719,00719/sva.sv,sva.sv,.sv,66,53,14,39,3578,420,894,16,0,7,23,41.02564102564102,True,True
02872,02872/sva.sv,sva.sv,.sv,145,131,26,105,6462,732,1616,17,0,2,19,16.19047619047619,True,True
02618,02618/sva.sv,sva.sv,.sv,40,31,8,23,1650,311,412,2,0,8,12,8.695652173913043,True,True
00973,00973/sva.sv,sva.sv,.sv,63,53,9,44,2090,254,522,10,0,2,12,22.727272727272727,True,True
00389,00389/sva.sv,sva.sv,.sv,72,60,11,49,2474,312,618,10,0,2,12,20.408163265306122,True,True
04729,04729/sva.sv,sva.sv,.sv,74,63,20,43,2969,379,742,15,0,3,18,34.883720930232556,True,True
01069,01069/sva.sv,sva.sv,.sv,48,38,10,28,1892,281,473,7,0,8,16,25.0,True,True
01855,01855/sva.sv,sva.sv,.sv,50,40,12,28,1685,258,421,4,0,5,10,14.285714285714285,True,True
00987,00987/sva.sv,sva.sv,.sv,140,118,18,100,6069,787,1517,23,0,8,31,23.0,True,True
02288,02288/sva.sv,sva.sv,.sv,64,52,12,40,2850,272,712,11,0,7,18,27.500000000000004,True,True
02886,02886/sva.sv,sva.sv,.sv,97,85,13,72,6211,431,1553,18,0,10,28,25.0,True,True
03954,03954/sva.sv,sva.sv,.sv,79,64,11,53,3447,359,862,19,0,7,26,35.84905660377358,True,True
03168,03168/sva.sv,sva.sv,.sv,89,75,15,60,3274,368,818,8,0,8,16,13.333333333333334,True,True
02826,02826/sva.sv,sva.sv,.sv,67,54,8,46,2542,310,636,13,0,8,21,28.26086956521739,True,True
02228,02228/sva.sv,sva.sv,.sv,37,30,6,24,1372,185,343,4,0,6,10,16.666666666666664,True,True
00927,00927/sva.sv,sva.sv,.sv,81,65,13,52,2368,395,592,11,0,7,16,21.153846153846153,True,True
04789,04789/sva.sv,sva.sv,.sv,92,71,16,55,4731,565,1183,28,0,4,32,50.90909090909091,True,True
00329,00329/sva.sv,sva.sv,.sv,92,74,14,60,3577,391,894,11,0,29,0,18.333333333333332,True,False
01801,01801/sva.sv,sva.sv,.sv,140,119,23,96,4721,677,1180,7,0,24,32,7.291666666666667,True,True
03558,03558/sva.sv,sva.sv,.sv,59,48,11,37,2176,260,544,7,0,7,13,18.91891891891892,True,True
03900,03900/sva.sv,sva.sv,.sv,121,104,22,82,4852,548,1213,9,0,4,13,10.975609756097562,True,True
04319,04319/sva.sv,sva.sv,.sv,105,85,16,69,3551,467,888,13,0,11,24,18.84057971014493,True,True
01459,01459/sva.sv,sva.sv,.sv,144,124,20,104,5041,537,1260,12,0,6,18,11.538461538461538,True,True
00316,00316/sva.sv,sva.sv,.sv,42,36,8,28,1679,227,420,4,0,6,8,14.285714285714285,True,True
03593,03593/sva.sv,sva.sv,.sv,39,30,8,22,1693,231,423,7,0,3,10,31.818181818181817,True,True
02441,02441/sva.sv,sva.sv,.sv,50,43,6,37,1970,259,492,4,0,5,9,10.81081081081081,True,True
02673,02673/sva.sv,sva.sv,.sv,57,48,11,37,2428,277,607,6,0,7,15,16.216216216216218,True,True
00918,00918/sva.sv,sva.sv,.sv,75,64,14,50,4113,558,1028,15,0,12,27,30.0,True,True
04584,04584/sva.sv,sva.sv,.sv,77,63,10,53,3494,364,874,12,0,16,28,22.641509433962266,True,True
00124,00124/sva.sv,sva.sv,.sv,90,76,12,64,4018,378,1004,16,0,10,26,25.0,True,True
02217,02217/sva.sv,sva.sv,.sv,47,40,7,33,1615,268,404,4,0,6,14,12.121212121212121,True,True
00540,00540/sva.sv,sva.sv,.sv,75,63,12,51,2607,342,652,6,0,4,16,11.76470588235294,True,True
01492,01492/sva.sv,sva.sv,.sv,161,137,33,104,7938,681,1984,27,0,7,34,25.961538461538463,True,True
00772,00772/sva.sv,sva.sv,.sv,38,31,7,24,1548,194,387,6,0,3,9,25.0,True,True
02025,02025/sva.sv,sva.sv,.sv,71,60,8,52,2828,372,707,7,0,7,21,13.461538461538462,True,True
02819,02819/sva.sv,sva.sv,.sv,61,52,16,36,2125,270,531,6,0,5,11,16.666666666666664,True,True
03331,03331/sva.sv,sva.sv,.sv,111,88,12,76,4384,432,1096,13,0,4,19,17.105263157894736,True,True
04114,04114/sva.sv,sva.sv,.sv,59,47,12,35,3059,319,765,14,1,4,19,40.0,True,True
01466,01466/sva.sv,sva.sv,.sv,131,112,20,92,5333,511,1333,22,0,4,26,23.91304347826087,True,True
04326,04326/sva.sv,sva.sv,.sv,42,37,7,30,1690,211,422,11,0,4,15,36.666666666666664,True,True
00786,00786/sva.sv,sva.sv,.sv,96,78,14,64,3685,457,921,14,0,6,20,21.875,True,True
01654,01654/sva.sv,sva.sv,.sv,62,52,9,43,3006,198,752,5,0,0,5,11.627906976744185,True,True
03103,03103/sva.sv,sva.sv,.sv,107,90,18,72,4128,480,1032,7,0,5,12,9.722222222222223,True,True
04742,04742/sva.sv,sva.sv,.sv,51,41,8,33,2020,235,505,12,0,10,0,36.36363636363637,True,False
01230,01230/sva.sv,sva.sv,.sv,58,48,9,39,2286,307,572,9,0,6,15,23.076923076923077,True,True
03567,03567/sva.sv,sva.sv,.sv,59,49,10,39,2644,349,661,8,0,8,16,20.51282051282051,True,True
03755,03755/sva.sv,sva.sv,.sv,77,69,13,56,2649,317,662,6,0,8,10,10.714285714285714,True,True
02687,02687/sva.sv,sva.sv,.sv,49,37,9,28,2181,274,545,4,0,10,14,14.285714285714285,True,True
04570,04570/sva.sv,sva.sv,.sv,65,57,11,46,2055,241,514,6,0,5,17,13.043478260869565,True,True
01002,01002/sva.sv,sva.sv,.sv,65,53,11,42,2778,390,694,9,0,15,24,21.428571428571427,True,True
03309,03309/sva.sv,sva.sv,.sv,49,38,9,29,2164,288,541,10,0,7,17,34.48275862068966,True,True
03907,03907/sva.sv,sva.sv,.sv,46,37,8,29,2342,282,586,17,0,3,20,58.620689655172406,True,True
01208,01208/sva.sv,sva.sv,.sv,66,56,11,45,2406,304,602,7,0,2,7,15.555555555555555,True,True
01806,01806/sva.sv,sva.sv,.sv,49,40,8,32,1350,191,338,4,0,2,7,12.5,True,True
04548,04548/sva.sv,sva.sv,.sv,52,43,9,34,1771,268,443,14,0,5,19,41.17647058823529,True,True
02479,02479/sva.sv,sva.sv,.sv,112,101,11,90,7154,613,1788,25,0,12,37,27.77777777777778,True,True
00920,00920/sva.sv,sva.sv,.sv,78,64,18,46,3392,441,848,4,0,5,5,8.695652173913043,True,True
03799,03799/sva.sv,sva.sv,.sv,91,77,24,53,4053,449,1013,10,0,7,17,18.867924528301888,True,True
00578,00578/sva.sv,sva.sv,.sv,61,50,16,34,3068,309,767,9,1,4,14,26.47058823529412,True,True
02821,02821/sva.sv,sva.sv,.sv,47,39,9,30,2113,237,528,5,0,10,15,16.666666666666664,True,True
01698,01698/sva.sv,sva.sv,.sv,59,49,16,33,2614,364,654,13,0,11,0,39.39393939393939,True,False
03752,03752/sva.sv,sva.sv,.sv,78,64,21,43,3312,579,828,17,0,8,25,39.53488372093023,True,True
02680,02680/sva.sv,sva.sv,.sv,62,54,17,37,3136,291,784,14,0,5,19,37.83783783783784,True,True
01839,01839/sva.sv,sva.sv,.sv,30,24,5,19,1005,167,251,6,0,10,16,31.57894736842105,True,True
04577,04577/sva.sv,sva.sv,.sv,120,105,19,86,4743,492,1186,12,0,12,0,13.953488372093023,True,False
01005,01005/sva.sv,sva.sv,.sv,59,51,9,42,1959,256,490,3,0,11,0,7.142857142857142,True,False
04745,04745/sva.sv,sva.sv,.sv,46,39,7,32,1689,210,422,8,0,9,17,25.0,True,True
01237,01237/sva.sv,sva.sv,.sv,60,47,11,36,2608,309,652,10,0,13,22,27.77777777777778,True,True
03560,03560/sva.sv,sva.sv,.sv,28,23,7,16,984,148,246,3,0,1,4,18.75,True,True
04321,04321/sva.sv,sva.sv,.sv,98,77,11,66,4332,364,1083,12,0,10,22,18.181818181818183,True,True
00781,00781/sva.sv,sva.sv,.sv,54,43,11,32,2125,315,531,5,0,4,9,15.625,True,True
01653,01653/sva.sv,sva.sv,.sv,71,57,10,47,3099,364,775,8,0,13,21,17.02127659574468,True,True
03104,03104/sva.sv,sva.sv,.sv,48,39,11,28,2174,242,544,8,0,6,14,28.57142857142857,True,True
03938,03938/sva.sv,sva.sv,.sv,96,82,7,75,3908,348,977,4,0,5,9,5.333333333333334,True,True
03336,03336/sva.sv,sva.sv,.sv,82,67,15,52,4116,558,1029,26,0,5,31,50.0,True,True
04113,04113/sva.sv,sva.sv,.sv,70,59,10,49,3169,325,792,12,0,3,12,24.489795918367346,True,True
01461,01461/sva.sv,sva.sv,.sv,185,164,14,150,7181,771,1795,21,0,8,22,14.000000000000002,True,True
00775,00775/sva.sv,sva.sv,.sv,55,44,10,34,1838,299,460,6,0,7,12,17.647058823529413,True,True
02022,02022/sva.sv,sva.sv,.sv,54,42,12,30,2570,276,642,18,0,3,21,60.0,True,True
02210,02210/sva.sv,sva.sv,.sv,35,28,6,22,1331,179,333,7,0,4,11,31.818181818181817,True,True
00547,00547/sva.sv,sva.sv,.sv,42,34,9,25,1671,224,418,6,0,6,12,24.0,True,True
01495,01495/sva.sv,sva.sv,.sv,53,43,7,36,2533,310,633,8,0,9,15,22.22222222222222,True,True
02674,02674/sva.sv,sva.sv,.sv,50,42,9,33,2333,303,583,17,0,10,27,51.515151515151516,True,True
04583,04583/sva.sv,sva.sv,.sv,76,68,9,59,3958,420,990,17,0,11,28,28.8135593220339,True,True
00123,00123/sva.sv,sva.sv,.sv,41,36,6,30,2347,222,587,15,0,6,21,50.0,True,True
00311,00311/sva.sv,sva.sv,.sv,91,75,15,60,3287,386,822,17,0,16,47,28.333333333333332,True,True
03594,03594/sva.sv,sva.sv,.sv,23,17,5,12,814,118,204,2,0,4,6,16.666666666666664,True,True
02446,02446/sva.sv,sva.sv,.sv,114,95,12,83,4285,495,1071,3,0,16,20,3.614457831325301,True,True
03569,03569/sva.sv,sva.sv,.sv,65,53,11,42,2609,329,652,6,0,6,12,14.285714285714285,True,True
02689,02689/sva.sv,sva.sv,.sv,96,81,12,69,3135,436,784,16,0,13,0,23.18840579710145,True,False
01830,01830/sva.sv,sva.sv,.sv,112,97,14,83,4111,378,1028,14,0,2,16,16.867469879518072,True,True
01468,01468/sva.sv,sva.sv,.sv,211,186,24,162,7855,780,1964,27,0,5,32,16.666666666666664,True,True
04328,04328/sva.sv,sva.sv,.sv,86,73,15,58,3065,444,766,9,0,9,23,15.517241379310345,True,True
00788,00788/sva.sv,sva.sv,.sv,230,196,22,174,8680,906,2170,27,0,17,44,15.517241379310345,True,True
03931,03931/sva.sv,sva.sv,.sv,42,34,6,28,1717,273,429,3,0,10,16,10.714285714285714,True,True
02219,02219/sva.sv,sva.sv,.sv,89,77,17,60,3907,515,977,6,0,14,20,10.0,True,True
02817,02817/sva.sv,sva.sv,.sv,109,98,7,91,4572,442,1143,10,0,20,30,10.989010989010989,True,True
00318,00318/sva.sv,sva.sv,.sv,61,50,13,37,2523,306,631,8,0,11,19,21.62162162162162,True,True
00916,00916/sva.sv,sva.sv,.sv,90,79,13,66,3363,441,841,19,0,7,24,28.78787878787879,True,True
03132,03132/sva.sv,sva.sv,.sv,51,41,9,32,1838,241,460,8,0,5,13,25.0,True,True
04317,04317/sva.sv,sva.sv,.sv,120,95,20,75,5416,521,1354,17,0,5,22,22.666666666666664,True,True
01665,01665/sva.sv,sva.sv,.sv,53,46,13,33,2176,312,544,6,0,9,15,18.181818181818183,True,True
04125,04125/sva.sv,sva.sv,.sv,92,74,15,59,3953,487,988,15,0,7,22,25.423728813559322,True,True
01457,01457/sva.sv,sva.sv,.sv,44,35,7,28,1630,224,408,5,0,5,10,17.857142857142858,True,True
00585,00585/sva.sv,sva.sv,.sv,85,72,14,58,3236,442,809,10,0,22,32,17.24137931034483,True,True
03300,03300/sva.sv,sva.sv,.sv,50,40,10,30,1903,233,476,6,0,3,9,20.0,True,True
04541,04541/sva.sv,sva.sv,.sv,56,52,8,44,2415,383,604,6,0,19,19,13.636363636363635,True,True
01033,01033/sva.sv,sva.sv,.sv,76,72,6,66,3262,405,816,20,0,14,0,30.303030303030305,True,False
03764,03764/sva.sv,sva.sv,.sv,78,65,13,52,3168,406,792,17,0,10,27,32.69230769230769,True,True
02484,02484/sva.sv,sva.sv,.sv,87,76,11,65,3122,394,780,10,0,14,0,15.384615384615385,True,False
03556,03556/sva.sv,sva.sv,.sv,51,40,12,28,2384,252,596,8,0,5,13,28.57142857142857,True,True
04773,04773/sva.sv,sva.sv,.sv,47,37,7,30,1763,289,441,7,0,6,13,23.333333333333332,True,True
01201,01201/sva.sv,sva.sv,.sv,121,107,11,96,3817,499,954,18,0,21,0,18.75,True,False
00929,00929/sva.sv,sva.sv,.sv,182,150,30,120,5538,670,1384,27,0,18,30,22.5,True,True
00115,00115/sva.sv,sva.sv,.sv,110,93,10,83,4862,474,1216,32,0,18,50,38.55421686746988,True,True
02642,02642/sva.sv,sva.sv,.sv,34,28,8,20,1407,202,352,5,0,4,9,25.0,True,True
03790,03790/sva.sv,sva.sv,.sv,71,61,7,54,2146,268,536,3,0,14,0,5.555555555555555,True,False
02470,02470/sva.sv,sva.sv,.sv,62,50,12,38,2077,301,519,4,0,6,10,10.526315789473683,True,True
04787,04787/sva.sv,sva.sv,.sv,32,26,7,19,1374,179,344,7,0,5,0,36.84210526315789,True,False
00327,00327/sva.sv,sva.sv,.sv,57,47,11,36,2497,282,624,6,0,4,10,16.666666666666664,True,True
02014,02014/sva.sv,sva.sv,.sv,125,112,13,99,5297,664,1324,9,0,18,27,9.090909090909092,True,True
02828,02828/sva.sv,sva.sv,.sv,110,92,18,74,5036,570,1259,6,0,22,28,8.108108108108109,True,True
01691,01691/sva.sv,sva.sv,.sv,76,67,8,59,3544,440,886,15,0,12,0,25.423728813559322,True,False
00743,00743/sva.sv,sva.sv,.sv,100,88,16,72,4792,484,1198,19,0,11,0,26.38888888888889,True,False
00571,00571/sva.sv,sva.sv,.sv,58,43,15,28,2212,306,553,6,0,9,15,21.428571428571427,True,True
02226,02226/sva.sv,sva.sv,.sv,43,35,7,28,1901,278,475,3,0,9,12,10.714285714285714,True,True
00911,00911/sva.sv,sva.sv,.sv,202,189,24,165,10484,908,2621,48,0,4,52,29.09090909090909,True,True
02448,02448/sva.sv,sva.sv,.sv,100,87,17,70,4683,583,1171,15,0,5,20,21.428571428571427,True,True
02810,02810/sva.sv,sva.sv,.sv,120,103,17,86,4890,530,1222,19,0,6,25,22.093023255813954,True,True
00549,00549/sva.sv,sva.sv,.sv,182,151,51,100,9442,669,2360,60,0,2,62,60.0,True,True
03936,03936/sva.sv,sva.sv,.sv,83,65,17,48,3349,356,837,12,0,4,16,25.0,True,True
03338,03338/sva.sv,sva.sv,.sv,48,39,9,30,1935,248,484,5,0,6,11,16.666666666666664,True,True
04579,04579/sva.sv,sva.sv,.sv,67,56,9,47,3451,377,863,7,0,8,15,14.893617021276595,True,True
01837,01837/sva.sv,sva.sv,.sv,106,90,14,76,3432,474,858,9,0,5,0,11.842105263157894,True,False
01239,01239/sva.sv,sva.sv,.sv,79,63,12,51,4921,434,1230,25,0,5,30,49.01960784313725,True,True
00576,00576/sva.sv,sva.sv,.sv,143,131,9,122,4654,507,1164,3,0,6,0,2.459016393442623,True,False
02221,02221/sva.sv,sva.sv,.sv,61,47,11,36,2441,260,610,11,0,1,12,30.555555555555557,True,True
02013,02013/sva.sv,sva.sv,.sv,112,90,20,70,4102,501,1026,13,0,6,19,18.571428571428573,True,True
01696,01696/sva.sv,sva.sv,.sv,106,86,20,66,4762,442,1190,26,0,11,0,39.39393939393939,True,False
00744,00744/sva.sv,sva.sv,.sv,61,46,16,30,2067,271,517,12,0,9,21,40.0,True,True
02477,02477/sva.sv,sva.sv,.sv,95,77,19,58,4465,638,1116,20,0,22,42,34.48275862068966,True,True
04780,04780/sva.sv,sva.sv,.sv,83,67,11,56,3304,426,826,6,0,12,19,10.714285714285714,True,True
00320,00320/sva.sv,sva.sv,.sv,69,56,13,43,2261,297,565,6,0,4,10,13.953488372093023,True,True
00112,00112/sva.sv,sva.sv,.sv,81,70,8,62,3529,345,882,7,0,7,14,11.29032258064516,True,True
02645,02645/sva.sv,sva.sv,.sv,86,70,14,56,3401,413,850,16,0,6,22,28.57142857142857,True,True
03797,03797/sva.sv,sva.sv,.sv,68,57,10,47,3698,362,924,27,0,3,29,57.446808510638306,True,True
02483,02483/sva.sv,sva.sv,.sv,67,55,13,42,3282,345,820,10,0,7,17,23.809523809523807,True,True
03551,03551/sva.sv,sva.sv,.sv,90,77,11,66,3821,545,955,30,0,15,45,45.45454545454545,True,True
04774,04774/sva.sv,sva.sv,.sv,94,81,14,67,3442,397,860,19,0,5,21,28.35820895522388,True,True
01206,01206/sva.sv,sva.sv,.sv,127,104,20,84,4737,620,1184,12,0,8,20,14.285714285714285,True,True
04546,04546/sva.sv,sva.sv,.sv,97,85,15,70,3924,520,981,9,0,19,21,12.857142857142856,True,True
01808,01808/sva.sv,sva.sv,.sv,89,70,17,53,3396,337,849,11,0,3,14,20.754716981132077,True,True
01034,01034/sva.sv,sva.sv,.sv,36,29,5,24,1614,210,404,3,0,5,0,12.5,True,False
03763,03763/sva.sv,sva.sv,.sv,52,41,8,33,1983,225,496,4,0,2,6,12.121212121212121,True,True
04122,04122/sva.sv,sva.sv,.sv,43,33,11,22,1699,241,425,6,0,2,8,27.27272727272727,True,True
01450,01450/sva.sv,sva.sv,.sv,54,41,10,31,2519,315,630,9,0,4,13,29.03225806451613,True,True
00582,00582/sva.sv,sva.sv,.sv,42,33,8,25,1475,217,369,7,0,5,12,28.000000000000004,True,True
03307,03307/sva.sv,sva.sv,.sv,54,44,11,33,1797,244,449,4,0,9,0,12.121212121212121,True,False
03135,03135/sva.sv,sva.sv,.sv,42,34,8,26,1885,205,471,8,0,5,13,30.76923076923077,True,True
03909,03909/sva.sv,sva.sv,.sv,37,28,9,19,1364,193,341,6,0,3,9,31.57894736842105,True,True
04310,04310/sva.sv,sva.sv,.sv,142,118,18,100,4400,593,1100,21,0,6,27,21.0,True,True
01662,01662/sva.sv,sva.sv,.sv,65,51,13,38,3130,377,782,14,0,9,23,36.84210526315789,True,True
04141,04141/sva.sv,sva.sv,.sv,41,32,6,26,1784,239,446,6,0,12,18,23.076923076923077,True,True
01433,01433/sva.sv,sva.sv,.sv,55,46,9,37,2795,312,699,6,0,8,14,16.216216216216218,True,True
03364,03364/sva.sv,sva.sv,.sv,75,60,16,44,3197,396,799,7,0,7,13,15.909090909090908,True,True
02084,02084/sva.sv,sva.sv,.sv,69,55,22,33,3423,397,856,12,0,8,20,36.36363636363637,True,True
03156,03156/sva.sv,sva.sv,.sv,54,47,7,40,1906,292,476,3,0,4,5,7.5,True,True
04373,04373/sva.sv,sva.sv,.sv,45,37,9,28,1674,226,418,9,0,7,0,32.142857142857146,True,False
01601,01601/sva.sv,sva.sv,.sv,250,217,32,185,10524,1279,2631,30,0,12,45,16.216216216216218,True,True
03532,03532/sva.sv,sva.sv,.sv,58,46,5,41,2376,272,594,2,0,8,10,4.878048780487805,True,True
04717,04717/sva.sv,sva.sv,.sv,47,38,9,29,1626,199,406,7,0,4,11,24.137931034482758,True,True
01265,01265/sva.sv,sva.sv,.sv,46,36,11,25,1953,292,488,5,0,7,12,20.0,True,True
04525,04525/sva.sv,sva.sv,.sv,41,36,5,31,1856,266,464,5,0,4,8,16.129032258064516,True,True
01057,01057/sva.sv,sva.sv,.sv,103,91,14,77,4677,445,1169,13,0,16,29,16.883116883116884,True,True
00185,00185/sva.sv,sva.sv,.sv,60,50,9,41,2354,325,588,10,0,7,17,24.390243902439025,True,True
03700,03700/sva.sv,sva.sv,.sv,52,40,11,29,1704,218,426,8,0,3,10,27.586206896551722,True,True
02414,02414/sva.sv,sva.sv,.sv,164,146,20,126,7053,763,1763,24,0,10,34,19.047619047619047,True,True
01291,01291/sva.sv,sva.sv,.sv,55,47,10,37,1812,221,453,3,0,3,9,8.108108108108109,True,True
00343,00343/sva.sv,sva.sv,.sv,110,93,14,79,4069,470,1017,8,0,9,25,10.126582278481013,True,True
00171,00171/sva.sv,sva.sv,.sv,27,22,6,16,794,110,198,2,0,6,8,12.5,True,True
02626,02626/sva.sv,sva.sv,.sv,78,64,13,51,2508,300,627,9,0,7,17,17.647058823529413,True,True
00515,00515/sva.sv,sva.sv,.sv,63,50,11,39,2798,382,700,16,0,8,25,41.02564102564102,True,True
02242,02242/sva.sv,sva.sv,.sv,148,125,22,103,6688,657,1672,27,0,15,42,26.21359223300971,True,True
03390,03390/sva.sv,sva.sv,.sv,85,73,13,60,3697,365,924,12,0,7,19,20.0,True,True
02070,02070/sva.sv,sva.sv,.sv,55,44,11,33,2321,262,580,5,0,4,8,15.151515151515152,True,True
04387,04387/sva.sv,sva.sv,.sv,55,46,9,37,2266,243,566,4,0,5,13,10.81081081081081,True,True
00727,00727/sva.sv,sva.sv,.sv,79,68,20,48,4028,585,1007,6,0,11,17,12.5,True,True
01854,01854/sva.sv,sva.sv,.sv,43,36,6,30,1907,263,477,5,0,4,14,16.666666666666664,True,True
00986,00986/sva.sv,sva.sv,.sv,37,32,5,27,1260,145,315,2,0,4,0,7.4074074074074066,True,False
01068,01068/sva.sv,sva.sv,.sv,46,40,6,34,1941,218,485,7,0,6,13,20.588235294117645,True,True
04728,04728/sva.sv,sva.sv,.sv,61,48,9,39,2632,303,658,7,0,5,12,17.94871794871795,True,True
00388,00388/sva.sv,sva.sv,.sv,143,121,22,99,5105,580,1276,11,0,9,19,11.11111111111111,True,True
03169,03169/sva.sv,sva.sv,.sv,74,61,13,48,2377,324,594,4,0,7,16,8.333333333333332,True,True
02887,02887/sva.sv,sva.sv,.sv,83,69,12,57,3094,334,774,15,0,12,27,26.31578947368421,True,True
03955,03955/sva.sv,sva.sv,.sv,77,64,10,54,2796,390,699,6,0,8,14,11.11111111111111,True,True
02289,02289/sva.sv,sva.sv,.sv,91,72,9,63,2613,257,653,10,0,8,18,15.873015873015872,True,True
00718,00718/sva.sv,sva.sv,.sv,66,54,11,43,3167,494,792,13,0,7,20,30.23255813953488,True,True
02873,02873/sva.sv,sva.sv,.sv,129,108,71,37,4029,441,1007,11,0,9,20,29.72972972972973,True,True
02619,02619/sva.sv,sva.sv,.sv,112,93,19,74,5162,594,1290,38,0,3,43,51.35135135135135,True,True
00972,00972/sva.sv,sva.sv,.sv,52,40,5,35,1866,240,466,9,0,6,15,25.71428571428571,True,True
02077,02077/sva.sv,sva.sv,.sv,93,78,16,62,4090,517,1022,22,0,4,26,35.483870967741936,True,True
03999,03999/sva.sv,sva.sv,.sv,81,64,15,49,2827,313,707,10,0,5,15,20.408163265306122,True,True
04380,04380/sva.sv,sva.sv,.sv,64,54,9,45,2581,268,645,5,0,5,10,11.11111111111111,True,True
00720,00720/sva.sv,sva.sv,.sv,45,39,6,33,1213,155,303,2,0,4,0,6.0606060606060606,True,False
00512,00512/sva.sv,sva.sv,.sv,63,53,11,42,2862,440,716,21,0,17,38,50.0,True,True
02245,02245/sva.sv,sva.sv,.sv,69,53,11,42,3233,279,808,16,0,3,18,38.095238095238095,True,True
03397,03397/sva.sv,sva.sv,.sv,114,95,20,75,4242,566,1060,13,0,9,21,17.333333333333336,True,True
01898,01898/sva.sv,sva.sv,.sv,50,42,6,36,2036,264,509,5,0,5,0,13.88888888888889,True,False
00176,00176/sva.sv,sva.sv,.sv,82,74,16,58,3502,465,876,14,0,9,9,24.137931034482758,True,True
02621,02621/sva.sv,sva.sv,.sv,46,37,7,30,1769,212,442,5,0,8,15,16.666666666666664,True,True
02413,02413/sva.sv,sva.sv,.sv,51,41,10,31,2469,277,617,6,0,5,11,19.35483870967742,True,True
01296,01296/sva.sv,sva.sv,.sv,142,116,11,105,6796,584,1699,47,0,6,53,44.761904761904766,True,True
00344,00344/sva.sv,sva.sv,.sv,197,170,47,123,8907,857,2227,32,0,8,40,26.01626016260163,True,True
04522,04522/sva.sv,sva.sv,.sv,54,37,16,21,2142,287,536,9,0,4,13,42.857142857142854,True,True
01050,01050/sva.sv,sva.sv,.sv,107,87,14,73,5055,540,1264,24,0,2,26,32.87671232876712,True,True
00182,00182/sva.sv,sva.sv,.sv,46,36,11,25,1674,248,418,10,0,3,12,40.0,True,True
03707,03707/sva.sv,sva.sv,.sv,51,42,8,34,1760,231,440,5,0,2,7,14.705882352941178,True,True
03535,03535/sva.sv,sva.sv,.sv,177,144,17,127,9206,730,2302,39,0,26,34,30.708661417322837,True,True
04710,04710/sva.sv,sva.sv,.sv,84,73,13,60,2758,381,690,3,0,3,6,5.0,True,True
01262,01262/sva.sv,sva.sv,.sv,119,105,23,82,4952,579,1238,9,0,7,16,10.975609756097562,True,True
02083,02083/sva.sv,sva.sv,.sv,113,101,12,89,4316,502,1079,11,0,16,10,12.359550561797752,True,True
03151,03151/sva.sv,sva.sv,.sv,35,27,6,21,1326,168,332,8,0,5,13,38.095238095238095,True,True
04374,04374/sva.sv,sva.sv,.sv,55,43,12,31,2226,305,556,5,0,11,17,16.129032258064516,True,True
01606,01606/sva.sv,sva.sv,.sv,82,66,14,52,3370,395,842,18,0,7,25,34.61538461538461,True,True
04146,04146/sva.sv,sva.sv,.sv,53,44,7,37,1993,257,498,6,0,6,6,16.216216216216218,True,True
01434,01434/sva.sv,sva.sv,.sv,188,164,14,150,8294,813,2074,12,0,10,34,8.0,True,True
03363,03363/sva.sv,sva.sv,.sv,70,59,11,48,2320,316,580,15,0,12,27,31.25,True,True
00975,00975/sva.sv,sva.sv,.sv,109,92,15,77,5333,683,1333,46,0,3,49,59.74025974025974,True,True
00149,00149/sva.sv,sva.sv,.sv,74,63,12,51,2625,311,656,7,0,4,18,13.725490196078432,True,True
02048,02048/sva.sv,sva.sv,.sv,108,88,21,67,7021,486,1755,38,0,5,43,56.71641791044776,True,True
02874,02874/sva.sv,sva.sv,.sv,99,83,10,73,4350,426,1088,10,0,16,26,13.698630136986301,True,True
04179,04179/sva.sv,sva.sv,.sv,49,37,10,27,1444,231,361,6,0,13,19,22.22222222222222,True,True
01639,01639/sva.sv,sva.sv,.sv,135,119,16,103,6298,734,1574,33,0,7,40,32.038834951456316,True,True
02880,02880/sva.sv,sva.sv,.sv,109,94,12,82,3846,429,962,8,0,9,17,9.75609756097561,True,True
03952,03952/sva.sv,sva.sv,.sv,43,38,7,31,1463,228,366,6,0,3,9,19.35483870967742,True,True
03738,03738/sva.sv,sva.sv,.sv,46,36,9,27,1757,222,439,8,0,6,14,29.629629629629626,True,True
01853,01853/sva.sv,sva.sv,.sv,134,114,32,82,4370,487,1092,12,0,4,16,14.634146341463413,True,True
00981,00981/sva.sv,sva.sv,.sv,61,54,10,44,2651,414,663,3,0,12,18,6.8181818181818175,True,True
02617,02617/sva.sv,sva.sv,.sv,72,59,11,48,2911,253,728,9,0,3,14,18.75,True,True
00140,00140/sva.sv,sva.sv,.sv,63,52,11,41,2168,326,542,15,0,9,0,36.58536585365854,True,False
01092,01092/sva.sv,sva.sv,.sv,88,77,15,62,4057,422,1014,8,0,2,10,12.903225806451612,True,True
00372,00372/sva.sv,sva.sv,.sv,107,86,37,49,3568,516,892,17,0,4,21,34.69387755102041,True,True
02425,02425/sva.sv,sva.sv,.sv,61,50,15,35,2470,286,618,5,0,8,13,14.285714285714285,True,True
00716,00716/sva.sv,sva.sv,.sv,28,21,6,15,1222,179,306,8,0,4,12,53.333333333333336,True,True
03193,03193/sva.sv,sva.sv,.sv,38,30,8,22,1369,173,342,4,0,4,8,18.181818181818183,True,True
02041,02041/sva.sv,sva.sv,.sv,123,110,11,99,4851,570,1213,17,0,13,30,17.17171717171717,True,True
02273,02273/sva.sv,sva.sv,.sv,40,33,6,27,1509,208,377,2,0,6,9,7.4074074074074066,True,True
04184,04184/sva.sv,sva.sv,.sv,60,47,12,35,2766,266,692,9,0,6,15,25.71428571428571,True,True
00524,00524/sva.sv,sva.sv,.sv,46,36,12,24,2299,337,575,10,0,8,18,41.66666666666667,True,True
04342,04342/sva.sv,sva.sv,.sv,69,51,9,42,2867,310,717,7,0,6,13,16.666666666666664,True,True
01630,01630/sva.sv,sva.sv,.sv,35,28,7,21,1794,189,448,5,0,4,9,23.809523809523807,True,True
03167,03167/sva.sv,sva.sv,.sv,50,40,10,30,2128,401,532,12,0,6,17,40.0,True,True
02889,02889/sva.sv,sva.sv,.sv,43,32,8,24,1850,265,462,8,0,5,13,33.33333333333333,True,True
03355,03355/sva.sv,sva.sv,.sv,61,53,8,45,2487,371,622,5,0,10,15,11.11111111111111,True,True
02287,02287/sva.sv,sva.sv,.sv,63,53,9,44,1816,235,454,3,0,5,9,6.8181818181818175,True,True
04170,04170/sva.sv,sva.sv,.sv,40,33,8,25,1821,191,455,11,0,4,15,44.0,True,True
01402,01402/sva.sv,sva.sv,.sv,79,63,13,50,3244,388,811,19,0,4,23,38.0,True,True
03731,03731/sva.sv,sva.sv,.sv,46,39,6,33,1631,247,408,3,0,4,10,9.090909090909092,True,True
04514,04514/sva.sv,sva.sv,.sv,27,22,6,16,1304,165,326,7,0,4,11,43.75,True,True
00988,00988/sva.sv,sva.sv,.sv,33,27,6,21,1330,234,332,3,0,6,9,14.285714285714285,True,True
01066,01066/sva.sv,sva.sv,.sv,50,42,9,33,1654,220,414,8,0,3,14,24.242424242424242,True,True
04726,04726/sva.sv,sva.sv,.sv,199,180,9,171,8629,610,2157,4,0,5,8,2.3391812865497075,True,True
00386,00386/sva.sv,sva.sv,.sv,62,54,10,44,3055,293,764,14,0,5,19,31.818181818181817,True,True
01254,01254/sva.sv,sva.sv,.sv,68,56,12,44,2630,319,658,4,0,13,17,9.090909090909092,True,True
03503,03503/sva.sv,sva.sv,.sv,67,56,7,49,2447,301,612,7,0,8,0,14.285714285714285,True,False
03990,03990/sva.sv,sva.sv,.sv,80,65,19,46,3017,400,754,6,0,11,17,13.043478260869565,True,True
02842,02842/sva.sv,sva.sv,.sv,156,139,19,120,8164,794,2041,54,0,29,83,45.0,True,True
04389,04389/sva.sv,sva.sv,.sv,53,42,8,34,2430,318,608,10,0,5,15,29.411764705882355,True,True
00729,00729/sva.sv,sva.sv,.sv,55,43,12,31,1898,266,474,14,0,4,16,45.16129032258064,True,True
00943,00943/sva.sv,sva.sv,.sv,65,52,10,42,2951,347,738,6,0,12,18,14.285714285714285,True,True
01891,01891/sva.sv,sva.sv,.sv,67,57,8,49,2449,290,612,5,0,20,30,10.204081632653061,True,True
02628,02628/sva.sv,sva.sv,.sv,81,68,14,54,3587,388,897,17,0,5,22,31.48148148148148,True,True
04719,04719/sva.sv,sva.sv,.sv,74,65,7,58,3365,265,841,12,0,5,17,20.689655172413794,True,True
01865,01865/sva.sv,sva.sv,.sv,275,233,25,208,11817,913,2954,29,0,5,34,13.942307692307693,True,True
01059,01059/sva.sv,sva.sv,.sv,74,59,12,47,2635,352,659,9,0,3,12,19.148936170212767,True,True
03158,03158/sva.sv,sva.sv,.sv,120,105,14,91,4229,529,1057,5,0,11,16,5.4945054945054945,True,True
03964,03964/sva.sv,sva.sv,.sv,66,53,9,44,2335,308,584,12,0,7,19,27.27272727272727,True,True
04721,04721/sva.sv,sva.sv,.sv,154,128,22,106,8100,755,2025,43,0,4,46,40.56603773584906,True,True
00381,00381/sva.sv,sva.sv,.sv,73,64,8,56,2279,274,570,9,0,16,8,16.071428571428573,True,True
01253,01253/sva.sv,sva.sv,.sv,47,39,9,30,1468,193,367,5,0,4,9,16.666666666666664,True,True
03504,03504/sva.sv,sva.sv,.sv,47,40,7,33,1851,198,463,8,0,5,13,24.242424242424242,True,True
03736,03736/sva.sv,sva.sv,.sv,52,45,8,37,1713,299,428,2,0,5,7,5.405405405405405,True,True
04513,04513/sva.sv,sva.sv,.sv,58,49,9,40,2552,270,638,13,0,14,27,32.5,True,True
01061,01061/sva.sv,sva.sv,.sv,57,48,10,38,2550,392,638,11,0,16,27,28.947368421052634,True,True
03352,03352/sva.sv,sva.sv,.sv,187,157,30,127,9948,794,2487,47,0,8,55,37.00787401574803,True,True
02280,02280/sva.sv,sva.sv,.sv,48,40,8,32,2137,270,534,11,0,6,17,34.375,True,True
04177,04177/sva.sv,sva.sv,.sv,71,57,11,46,2818,339,704,9,0,6,15,19.565217391304348,True,True
01405,01405/sva.sv,sva.sv,.sv,86,74,13,61,3571,412,893,12,0,4,15,19.672131147540984,True,True
04345,04345/sva.sv,sva.sv,.sv,243,208,36,172,10827,945,2707,34,4,6,42,19.767441860465116,True,True
01637,01637/sva.sv,sva.sv,.sv,48,39,9,30,1606,196,402,7,0,4,11,23.333333333333332,True,True
03160,03160/sva.sv,sva.sv,.sv,56,46,9,37,1707,235,427,7,0,8,15,18.91891891891892,True,True
02274,02274/sva.sv,sva.sv,.sv,155,129,20,109,5540,693,1385,14,0,15,29,12.844036697247708,True,True
04183,04183/sva.sv,sva.sv,.sv,112,99,14,85,4345,484,1086,14,0,5,23,16.470588235294116,True,True
00523,00523/sva.sv,sva.sv,.sv,83,73,13,60,4287,507,1072,21,0,4,25,35.0,True,True
00711,00711/sva.sv,sva.sv,.sv,62,51,10,41,2806,332,702,6,0,9,14,14.634146341463413,True,True
03194,03194/sva.sv,sva.sv,.sv,116,100,12,88,10694,1086,2674,41,0,23,64,46.590909090909086,True,True
02046,02046/sva.sv,sva.sv,.sv,161,132,19,113,6938,606,1734,21,0,10,32,18.58407079646018,True,True
00375,00375/sva.sv,sva.sv,.sv,100,89,17,72,5570,540,1392,22,0,13,0,30.555555555555557,True,False
02422,02422/sva.sv,sva.sv,.sv,43,31,13,18,1542,211,386,6,0,3,9,33.33333333333333,True,True
02610,02610/sva.sv,sva.sv,.sv,31,25,6,19,975,146,244,2,0,6,10,10.526315789473683,True,True
00147,00147/sva.sv,sva.sv,.sv,31,27,4,23,1262,157,316,5,0,7,12,21.73913043478261,True,True
01095,01095/sva.sv,sva.sv,.sv,31,27,6,21,1141,137,285,3,0,5,8,14.285714285714285,True,True
03963,03963/sva.sv,sva.sv,.sv,54,43,12,31,2302,291,576,6,0,8,15,19.35483870967742,True,True
01608,01608/sva.sv,sva.sv,.sv,49,43,6,37,1957,209,489,11,0,3,14,29.72972972972973,True,True
04148,04148/sva.sv,sva.sv,.sv,33,26,8,18,1381,164,345,6,0,4,10,33.33333333333333,True,True
01862,01862/sva.sv,sva.sv,.sv,93,74,18,56,3654,418,914,19,0,6,24,33.92857142857143,True,True
03709,03709/sva.sv,sva.sv,.sv,53,40,11,29,2062,282,516,6,0,9,15,20.689655172413794,True,True
00944,00944/sva.sv,sva.sv,.sv,59,54,8,46,2255,309,564,7,0,8,0,15.217391304347828,True,False
01896,01896/sva.sv,sva.sv,.sv,64,56,8,48,2598,288,650,4,0,6,14,8.333333333333332,True,True
00178,00178/sva.sv,sva.sv,.sv,48,39,10,29,2115,274,529,6,0,1,7,20.689655172413794,True,True
01298,01298/sva.sv,sva.sv,.sv,107,88,28,60,4558,598,1140,17,0,13,30,28.333333333333332,True,True
02079,02079/sva.sv,sva.sv,.sv,59,48,11,37,2733,294,683,9,0,8,17,24.324324324324326,True,True
03997,03997/sva.sv,sva.sv,.sv,35,27,7,20,1466,186,366,9,0,8,17,45.0,True,True
02845,02845/sva.sv,sva.sv,.sv,93,81,16,65,3340,456,835,10,0,19,32,15.384615384615385,True,True
03399,03399/sva.sv,sva.sv,.sv,64,52,11,41,3063,350,766,14,0,9,23,34.146341463414636,True,True
03339,03339/sva.sv,sva.sv,.sv,78,68,12,56,2652,351,663,9,0,6,15,16.071428571428573,True,True
03937,03937/sva.sv,sva.sv,.sv,131,108,26,82,4351,440,1088,17,0,9,21,20.73170731707317,True,True
01238,01238/sva.sv,sva.sv,.sv,71,58,11,47,2873,414,718,7,0,12,19,14.893617021276595,True,True
04578,04578/sva.sv,sva.sv,.sv,37,30,7,23,1810,216,452,5,0,8,13,21.73913043478261,True,True
01836,01836/sva.sv,sva.sv,.sv,90,75,27,48,3681,449,920,18,0,9,27,37.5,True,True
02449,02449/sva.sv,sva.sv,.sv,50,41,9,32,1910,287,478,8,0,13,22,25.0,True,True
00910,00910/sva.sv,sva.sv,.sv,71,57,13,44,2581,315,645,7,0,12,18,15.909090909090908,True,True
00548,00548/sva.sv,sva.sv,.sv,155,129,31,98,6011,721,1503,17,0,5,21,17.346938775510203,True,True
02811,02811/sva.sv,sva.sv,.sv,42,35,8,27,1390,187,348,5,0,4,9,18.51851851851852,True,True
01035,01035/sva.sv,sva.sv,.sv,85,74,12,62,4045,394,1011,19,0,5,22,30.64516129032258,True,True
04547,04547/sva.sv,sva.sv,.sv,80,67,10,57,2409,336,602,10,0,4,14,17.543859649122805,True,True
01809,01809/sva.sv,sva.sv,.sv,39,33,6,27,1383,180,346,3,0,14,0,11.11111111111111,True,False
03762,03762/sva.sv,sva.sv,.sv,49,37,10,27,2349,299,587,9,0,3,12,33.33333333333333,True,True
02482,02482/sva.sv,sva.sv,.sv,66,61,6,55,3073,372,768,16,0,8,20,29.09090909090909,True,True
03550,03550/sva.sv,sva.sv,.sv,80,65,13,52,3797,373,949,13,0,4,15,25.0,True,True
01207,01207/sva.sv,sva.sv,.sv,58,49,10,39,2186,286,546,6,0,5,11,15.384615384615385,True,True
04775,04775/sva.sv,sva.sv,.sv,65,57,8,49,2706,344,676,4,0,3,7,8.16326530612245,True,True
03908,03908/sva.sv,sva.sv,.sv,93,78,9,69,2678,321,670,8,0,12,0,11.594202898550725,True,False
03134,03134/sva.sv,sva.sv,.sv,72,63,9,54,2886,302,722,7,0,4,11,12.962962962962962,True,True
01663,01663/sva.sv,sva.sv,.sv,87,72,25,47,3406,420,852,8,0,9,17,17.02127659574468,True,True
04311,04311/sva.sv,sva.sv,.sv,62,48,15,33,1752,237,438,5,0,4,9,15.151515151515152,True,True
01451,01451/sva.sv,sva.sv,.sv,67,52,13,39,2701,343,675,7,0,4,11,17.94871794871795,True,True
00583,00583/sva.sv,sva.sv,.sv,67,52,13,39,2745,329,686,14,0,3,17,35.8974358974359,True,True
04123,04123/sva.sv,sva.sv,.sv,49,41,7,34,1826,208,456,9,0,4,13,26.47058823529412,True,True
03306,03306/sva.sv,sva.sv,.sv,133,112,16,96,5268,480,1317,9,0,4,11,9.375,True,True
02012,02012/sva.sv,sva.sv,.sv,96,88,5,83,3379,414,845,6,0,14,0,7.228915662650602,True,False
01697,01697/sva.sv,sva.sv,.sv,89,71,12,59,3035,350,759,15,0,2,17,25.423728813559322,True,True
00745,00745/sva.sv,sva.sv,.sv,37,30,6,24,1284,190,321,4,0,4,12,16.666666666666664,True,True
00577,00577/sva.sv,sva.sv,.sv,56,46,10,36,2101,289,525,7,0,4,11,19.444444444444446,True,True
02220,02220/sva.sv,sva.sv,.sv,87,77,14,63,3543,379,886,9,0,11,10,14.285714285714285,True,True
00113,00113/sva.sv,sva.sv,.sv,32,27,5,22,1511,210,378,4,0,5,9,18.181818181818183,True,True
02644,02644/sva.sv,sva.sv,.sv,47,39,6,33,1735,214,434,7,0,5,13,21.21212121212121,True,True
03796,03796/sva.sv,sva.sv,.sv,82,69,8,61,3860,355,965,33,0,14,47,54.09836065573771,True,True
02476,02476/sva.sv,sva.sv,.sv,46,36,11,25,2119,256,530,9,0,6,15,36.0,True,True
00321,00321/sva.sv,sva.sv,.sv,45,37,8,29,1634,234,408,10,0,3,13,34.48275862068966,True,True
04781,04781/sva.sv,sva.sv,.sv,87,77,21,56,3797,438,949,22,0,5,27,39.285714285714285,True,True
02816,02816/sva.sv,sva.sv,.sv,66,55,9,46,2355,272,589,8,0,18,26,17.391304347826086,True,True
02218,02218/sva.sv,sva.sv,.sv,68,57,9,48,2541,419,635,8,0,5,13,16.666666666666664,True,True
00917,00917/sva.sv,sva.sv,.sv,95,78,13,65,3684,395,921,12,0,4,15,18.461538461538463,True,True
00319,00319/sva.sv,sva.sv,.sv,38,33,6,27,1259,124,315,2,0,11,0,7.4074074074074066,True,False
02688,02688/sva.sv,sva.sv,.sv,57,47,9,38,2316,298,579,7,0,5,12,18.421052631578945,True,True
01831,01831/sva.sv,sva.sv,.sv,164,141,24,117,6397,566,1599,23,0,14,37,19.65811965811966,True,True
03568,03568/sva.sv,sva.sv,.sv,48,39,11,28,2110,260,528,8,0,8,16,28.57142857142857,True,True
00789,00789/sva.sv,sva.sv,.sv,45,37,8,29,1878,296,470,3,0,8,8,10.344827586206897,True,True
04329,04329/sva.sv,sva.sv,.sv,51,44,7,37,1823,262,456,12,0,7,15,32.432432432432435,True,True
03930,03930/sva.sv,sva.sv,.sv,44,37,9,28,1856,238,464,5,0,4,9,17.857142857142858,True,True
01469,01469/sva.sv,sva.sv,.sv,129,114,16,98,5189,549,1297,6,0,18,26,6.122448979591836,True,True
02471,02471/sva.sv,sva.sv,.sv,79,66,7,59,3070,352,768,4,0,5,13,6.779661016949152,True,True
00326,00326/sva.sv,sva.sv,.sv,163,150,26,124,5963,758,1491,20,0,20,13,16.129032258064516,True,True
04786,04786/sva.sv,sva.sv,.sv,120,100,17,83,5469,618,1367,34,0,18,52,40.963855421686745,True,True
00114,00114/sva.sv,sva.sv,.sv,59,48,12,36,2295,309,574,7,0,7,14,19.444444444444446,True,True
00928,00928/sva.sv,sva.sv,.sv,110,99,16,83,3356,363,839,10,0,9,19,12.048192771084338,True,True
02643,02643/sva.sv,sva.sv,.sv,125,110,20,90,4734,486,1184,6,0,5,17,6.666666666666667,True,True
03791,03791/sva.sv,sva.sv,.sv,48,39,6,33,2120,249,530,8,0,8,16,24.242424242424242,True,True
00570,00570/sva.sv,sva.sv,.sv,49,43,8,35,1905,246,476,3,0,3,6,8.571428571428571,True,True
02227,02227/sva.sv,sva.sv,.sv,121,103,30,73,4594,632,1148,17,0,6,23,23.28767123287671,True,True
02829,02829/sva.sv,sva.sv,.sv,123,99,38,61,6727,642,1682,20,0,5,25,32.78688524590164,True,True
02015,02015/sva.sv,sva.sv,.sv,83,68,11,57,2803,380,701,12,0,8,20,21.052631578947366,True,True
01690,01690/sva.sv,sva.sv,.sv,64,53,10,43,2404,275,601,9,0,6,15,20.930232558139537,True,True
00742,00742/sva.sv,sva.sv,.sv,67,54,16,38,2918,388,730,10,0,6,16,26.31578947368421,True,True
01456,01456/sva.sv,sva.sv,.sv,206,176,45,131,8354,958,2088,34,0,12,46,25.954198473282442,True,True
00584,00584/sva.sv,sva.sv,.sv,42,32,11,21,1750,245,438,8,0,3,11,38.095238095238095,True,True
04124,04124/sva.sv,sva.sv,.sv,104,85,15,70,3490,374,872,16,0,4,20,22.857142857142858,True,True
03301,03301/sva.sv,sva.sv,.sv,24,19,6,13,1197,165,299,5,0,3,8,38.46153846153847,True,True
03133,03133/sva.sv,sva.sv,.sv,32,28,6,22,1203,195,301,3,0,8,11,13.636363636363635,True,True
01664,01664/sva.sv,sva.sv,.sv,63,53,15,38,2554,293,638,9,0,3,12,23.684210526315788,True,True
04316,04316/sva.sv,sva.sv,.sv,84,72,9,63,2872,390,718,16,0,12,0,25.396825396825395,True,False
02485,02485/sva.sv,sva.sv,.sv,43,33,7,26,1369,192,342,3,0,1,4,11.538461538461538,True,True
03557,03557/sva.sv,sva.sv,.sv,40,32,9,23,1772,294,443,7,0,8,15,30.434782608695656,True,True
01200,01200/sva.sv,sva.sv,.sv,49,41,6,35,1874,240,468,5,0,7,13,14.285714285714285,True,True
04772,04772/sva.sv,sva.sv,.sv,82,73,9,64,3604,333,901,11,0,13,24,17.1875,True,True
01032,01032/sva.sv,sva.sv,.sv,64,50,10,40,2173,276,543,7,0,10,17,17.5,True,True
04540,04540/sva.sv,sva.sv,.sv,68,56,12,44,2353,333,588,7,0,3,9,15.909090909090908,True,True
03765,03765/sva.sv,sva.sv,.sv,213,183,11,172,12326,891,3082,20,0,20,40,11.627906976744185,True,True
00921,00921/sva.sv,sva.sv,.sv,57,46,9,37,1949,252,487,3,0,7,10,8.108108108108109,True,True
03798,03798/sva.sv,sva.sv,.sv,98,79,16,63,4735,493,1184,16,0,2,18,25.396825396825395,True,True
02478,02478/sva.sv,sva.sv,.sv,77,64,12,52,2713,393,678,8,0,12,20,15.384615384615385,True,True
02820,02820/sva.sv,sva.sv,.sv,57,47,9,38,2079,296,520,7,0,4,10,18.421052631578945,True,True
01699,01699/sva.sv,sva.sv,.sv,68,54,12,42,2394,317,598,5,0,8,18,11.904761904761903,True,True
00579,00579/sva.sv,sva.sv,.sv,66,48,11,37,2588,334,647,6,0,8,14,16.216216216216218,True,True
03906,03906/sva.sv,sva.sv,.sv,53,45,5,40,3090,309,772,21,0,8,7,52.5,True,True
03308,03308/sva.sv,sva.sv,.sv,69,58,12,46,2618,344,654,9,0,6,15,19.565217391304348,True,True
01807,01807/sva.sv,sva.sv,.sv,47,41,6,35,1789,282,447,7,0,5,0,20.0,True,False
04549,04549/sva.sv,sva.sv,.sv,42,33,10,23,2088,285,522,10,0,4,14,43.47826086956522,True,True
01209,01209/sva.sv,sva.sv,.sv,46,38,10,28,2187,263,547,3,0,10,13,10.714285714285714,True,True
02211,02211/sva.sv,sva.sv,.sv,119,98,17,81,7583,940,1896,48,0,5,53,59.25925925925925,True,True
00546,00546/sva.sv,sva.sv,.sv,47,39,11,28,1907,343,477,5,0,16,21,17.857142857142858,True,True
01494,01494/sva.sv,sva.sv,.sv,44,35,7,28,1682,198,420,11,0,4,15,39.285714285714285,True,True
00774,00774/sva.sv,sva.sv,.sv,70,61,7,54,2494,255,624,4,0,5,11,7.4074074074074066,True,True
02023,02023/sva.sv,sva.sv,.sv,34,28,5,23,1527,192,382,2,0,5,7,8.695652173913043,True,True
00310,00310/sva.sv,sva.sv,.sv,104,87,18,69,4424,525,1106,9,0,6,15,13.043478260869565,True,True
03595,03595/sva.sv,sva.sv,.sv,55,45,7,38,1765,224,441,6,0,4,16,15.789473684210526,True,True
02447,02447/sva.sv,sva.sv,.sv,128,110,17,93,4803,639,1201,10,0,10,20,10.75268817204301,True,True
02675,02675/sva.sv,sva.sv,.sv,58,48,8,40,2205,303,551,10,0,5,0,25.0,True,False
00122,00122/sva.sv,sva.sv,.sv,65,54,13,41,3382,392,846,7,0,7,14,17.073170731707318,True,True
04582,04582/sva.sv,sva.sv,.sv,51,42,10,32,1919,269,480,6,0,4,10,18.75,True,True
01236,01236/sva.sv,sva.sv,.sv,35,30,6,24,1372,187,343,7,0,6,13,29.166666666666668,True,True
04744,04744/sva.sv,sva.sv,.sv,42,35,7,28,1804,273,451,3,0,7,9,10.714285714285714,True,True
03561,03561/sva.sv,sva.sv,.sv,84,68,13,55,3465,370,866,15,0,4,19,27.27272727272727,True,True
03753,03753/sva.sv,sva.sv,.sv,70,59,8,51,2629,287,657,4,0,8,12,7.8431372549019605,True,True
02681,02681/sva.sv,sva.sv,.sv,57,42,13,29,2179,264,545,11,0,7,18,37.93103448275862,True,True
01004,01004/sva.sv,sva.sv,.sv,75,59,16,43,3963,416,991,14,0,7,21,32.55813953488372,True,True
01838,01838/sva.sv,sva.sv,.sv,61,51,11,40,2607,299,652,22,0,8,30,55.00000000000001,True,True
04576,04576/sva.sv,sva.sv,.sv,57,49,16,33,1988,294,497,3,0,9,15,9.090909090909092,True,True
03337,03337/sva.sv,sva.sv,.sv,50,42,8,34,2089,252,522,3,0,4,11,8.823529411764707,True,True
01460,01460/sva.sv,sva.sv,.sv,43,35,7,28,1453,160,363,6,0,2,8,21.428571428571427,True,True
04112,04112/sva.sv,sva.sv,.sv,90,73,18,55,4100,461,1025,12,0,4,16,21.818181818181817,True,True
00780,00780/sva.sv,sva.sv,.sv,79,67,11,56,2690,298,672,8,0,6,15,14.285714285714285,True,True
01652,01652/sva.sv,sva.sv,.sv,71,61,9,52,3864,645,966,13,0,15,27,25.0,True,True
04320,04320/sva.sv,sva.sv,.sv,40,31,6,25,1659,247,415,2,0,11,13,8.0,True,True
03939,03939/sva.sv,sva.sv,.sv,120,103,17,86,5001,599,1250,25,0,5,30,29.069767441860467,True,True
03105,03105/sva.sv,sva.sv,.sv,25,18,5,13,974,130,244,4,0,5,9,30.76923076923077,True,True
03559,03559/sva.sv,sva.sv,.sv,63,51,13,38,2343,272,586,10,0,2,8,26.31578947368421,True,True
01800,01800/sva.sv,sva.sv,.sv,83,71,12,59,2728,382,682,10,0,5,14,16.94915254237288,True,True
01458,01458/sva.sv,sva.sv,.sv,44,37,7,30,1902,243,476,7,1,10,18,23.333333333333332,True,True
03901,03901/sva.sv,sva.sv,.sv,81,64,15,49,4201,598,1050,20,2,9,32,40.816326530612244,True,True
04318,04318/sva.sv,sva.sv,.sv,73,55,11,44,3491,362,873,12,0,7,18,27.27272727272727,True,True
02229,02229/sva.sv,sva.sv,.sv,46,34,10,24,2176,265,544,9,0,7,16,37.5,True,True
02827,02827/sva.sv,sva.sv,.sv,56,42,9,33,2919,301,730,24,0,5,29,72.72727272727273,True,True
00328,00328/sva.sv,sva.sv,.sv,78,63,19,44,3175,345,794,15,0,7,22,34.090909090909086,True,True
04788,04788/sva.sv,sva.sv,.sv,61,50,12,38,2164,318,541,9,0,5,14,23.684210526315788,True,True
00926,00926/sva.sv,sva.sv,.sv,64,52,13,39,2647,356,662,9,0,8,17,23.076923076923077,True,True
00787,00787/sva.sv,sva.sv,.sv,102,91,15,76,3429,466,857,9,0,10,19,11.842105263157894,True,True
01655,01655/sva.sv,sva.sv,.sv,79,68,8,60,2446,266,612,7,0,6,0,11.666666666666666,True,False
04327,04327/sva.sv,sva.sv,.sv,51,41,11,30,1731,217,433,6,0,3,9,20.0,True,True
03102,03102/sva.sv,sva.sv,.sv,39,35,6,29,2253,295,563,11,0,9,20,37.93103448275862,True,True
03330,03330/sva.sv,sva.sv,.sv,35,27,9,18,1337,179,334,3,0,2,5,16.666666666666664,True,True
01467,01467/sva.sv,sva.sv,.sv,79,66,8,58,3079,428,770,7,0,9,23,12.068965517241379,True,True
04115,04115/sva.sv,sva.sv,.sv,60,52,9,43,2630,296,658,8,0,7,15,18.6046511627907,True,True
03754,03754/sva.sv,sva.sv,.sv,34,24,8,16,1214,147,304,5,0,4,9,31.25,True,True
02686,02686/sva.sv,sva.sv,.sv,66,58,9,49,3929,399,982,14,0,6,20,28.57142857142857,True,True
01003,01003/sva.sv,sva.sv,.sv,78,65,14,51,3552,423,888,12,0,6,16,23.52941176470588,True,True
04571,04571/sva.sv,sva.sv,.sv,37,28,8,20,1452,207,363,4,0,5,9,20.0,True,True
01231,01231/sva.sv,sva.sv,.sv,234,188,40,148,9191,988,2298,26,0,11,33,17.56756756756757,True,True
04743,04743/sva.sv,sva.sv,.sv,59,45,14,31,2442,250,610,9,0,7,16,29.03225806451613,True,True
03566,03566/sva.sv,sva.sv,.sv,59,47,10,37,1953,231,488,7,0,3,8,18.91891891891892,True,True
02672,02672/sva.sv,sva.sv,.sv,221,186,24,162,9368,931,2342,25,0,2,27,15.432098765432098,True,True
00125,00125/sva.sv,sva.sv,.sv,49,39,8,31,1513,167,378,8,0,2,10,25.806451612903224,True,True
04585,04585/sva.sv,sva.sv,.sv,70,58,10,48,2559,354,640,5,0,7,12,10.416666666666668,True,True
00919,00919/sva.sv,sva.sv,.sv,64,56,6,50,2328,314,582,3,0,8,14,6.0,True,True
00317,00317/sva.sv,sva.sv,.sv,103,82,17,65,4010,490,1002,12,0,6,18,18.461538461538463,True,True
03592,03592/sva.sv,sva.sv,.sv,59,48,6,42,3253,284,813,15,0,10,25,35.714285714285715,True,True
02440,02440/sva.sv,sva.sv,.sv,96,85,12,73,4077,414,1019,10,0,4,15,13.698630136986301,True,True
00773,00773/sva.sv,sva.sv,.sv,72,62,14,48,3330,353,832,14,0,4,18,29.166666666666668,True,True
02818,02818/sva.sv,sva.sv,.sv,137,116,23,93,4983,593,1246,23,0,5,26,24.731182795698924,True,True
02024,02024/sva.sv,sva.sv,.sv,49,42,11,31,1930,264,482,5,0,12,17,16.129032258064516,True,True
02216,02216/sva.sv,sva.sv,.sv,109,90,19,71,5166,543,1292,14,2,5,21,19.718309859154928,True,True
00541,00541/sva.sv,sva.sv,.sv,56,48,8,40,1815,258,454,4,0,5,13,10.0,True,True
01493,01493/sva.sv,sva.sv,.sv,32,25,7,18,1407,190,352,7,0,7,14,38.88888888888889,True,True
01213,01213/sva.sv,sva.sv,.sv,56,46,12,34,1886,214,472,8,0,7,15,23.52941176470588,True,True
04761,04761/sva.sv,sva.sv,.sv,31,23,7,16,1441,167,360,6,0,4,10,37.5,True,True
02496,02496/sva.sv,sva.sv,.sv,51,40,8,32,2347,222,587,2,0,7,9,6.25,True,True
03544,03544/sva.sv,sva.sv,.sv,72,58,13,45,2593,327,648,5,0,8,13,11.11111111111111,True,True
03776,03776/sva.sv,sva.sv,.sv,40,30,9,21,1997,237,499,11,0,7,18,52.38095238095239,True,True
01021,01021/sva.sv,sva.sv,.sv,40,29,11,18,1264,186,316,5,0,3,8,27.77777777777778,True,True
04553,04553/sva.sv,sva.sv,.sv,88,74,14,60,4827,406,1207,29,0,7,36,48.333333333333336,True,True
03312,03312/sva.sv,sva.sv,.sv,54,45,10,35,2103,257,526,3,0,6,12,8.571428571428571,True,True
01445,01445/sva.sv,sva.sv,.sv,43,38,7,31,2138,398,534,16,0,8,24,51.61290322580645,True,True
00597,00597/sva.sv,sva.sv,.sv,119,98,12,86,5405,468,1351,19,0,9,28,22.093023255813954,True,True
04137,04137/sva.sv,sva.sv,.sv,55,45,11,34,2827,374,707,9,0,10,19,26.47058823529412,True,True
01677,01677/sva.sv,sva.sv,.sv,100,87,11,76,6230,543,1558,31,0,9,40,40.78947368421053,True,True
04305,04305/sva.sv,sva.sv,.sv,35,27,5,22,1237,147,309,3,0,4,7,13.636363636363635,True,True
03120,03120/sva.sv,sva.sv,.sv,47,36,8,28,1689,216,422,5,0,6,11,17.857142857142858,True,True
02234,02234/sva.sv,sva.sv,.sv,48,39,9,30,1808,256,452,6,0,4,10,20.0,True,True
00563,00563/sva.sv,sva.sv,.sv,33,26,6,20,1522,196,380,6,0,4,10,30.0,True,True
01683,01683/sva.sv,sva.sv,.sv,73,63,17,46,2988,426,747,5,0,5,15,10.869565217391305,True,True
00751,00751/sva.sv,sva.sv,.sv,35,26,8,18,1769,217,442,10,0,4,14,55.55555555555556,True,True
02006,02006/sva.sv,sva.sv,.sv,84,67,9,58,3525,413,881,14,0,14,27,24.137931034482758,True,True
00335,00335/sva.sv,sva.sv,.sv,111,95,28,67,6120,578,1530,19,0,10,29,28.35820895522388,True,True
04795,04795/sva.sv,sva.sv,.sv,112,97,12,85,4321,471,1080,27,0,5,32,31.76470588235294,True,True
02462,02462/sva.sv,sva.sv,.sv,98,87,13,74,3556,421,889,7,0,8,22,9.45945945945946,True,True
02650,02650/sva.sv,sva.sv,.sv,27,20,7,13,1070,147,268,4,0,2,6,30.76923076923077,True,True
03782,03782/sva.sv,sva.sv,.sv,77,57,11,46,3087,455,772,12,0,10,22,26.08695652173913,True,True
00107,00107/sva.sv,sva.sv,.sv,53,43,11,32,2190,282,548,8,0,5,13,25.0,True,True
03923,03923/sva.sv,sva.sv,.sv,65,54,11,43,2133,284,533,5,0,3,11,11.627906976744185,True,True
01648,01648/sva.sv,sva.sv,.sv,43,35,5,30,1383,173,346,2,0,2,4,6.666666666666667,True,True
04108,04108/sva.sv,sva.sv,.sv,49,41,7,34,1679,261,420,4,0,7,11,11.76470588235294,True,True
01822,01822/sva.sv,sva.sv,.sv,74,58,22,36,2994,367,748,10,0,7,17,27.77777777777778,True,True
03749,03749/sva.sv,sva.sv,.sv,39,31,7,24,1446,209,362,4,0,5,8,16.666666666666664,True,True
00138,00138/sva.sv,sva.sv,.sv,47,38,9,29,1951,237,488,8,0,2,10,27.586206896551722,True,True
00904,00904/sva.sv,sva.sv,.sv,67,54,21,33,2638,352,660,13,0,12,25,39.39393939393939,True,True
04598,04598/sva.sv,sva.sv,.sv,95,85,11,74,4556,553,1139,21,0,14,35,28.37837837837838,True,True
02805,02805/sva.sv,sva.sv,.sv,51,41,10,31,1852,228,463,7,0,5,12,22.58064516129032,True,True
02039,02039/sva.sv,sva.sv,.sv,62,53,6,47,2556,339,639,6,0,5,17,12.76595744680851,True,True
02657,02657/sva.sv,sva.sv,.sv,80,66,10,56,3678,412,920,17,0,6,23,30.357142857142854,True,True
03785,03785/sva.sv,sva.sv,.sv,152,140,18,122,5135,627,1284,4,0,1,5,3.278688524590164,True,True
00100,00100/sva.sv,sva.sv,.sv,66,53,10,43,2466,307,616,5,0,5,9,11.627906976744185,True,True
00332,00332/sva.sv,sva.sv,.sv,73,60,8,52,2723,301,681,6,0,3,9,11.538461538461538,True,True
04792,04792/sva.sv,sva.sv,.sv,91,74,12,62,3208,377,802,10,0,6,0,16.129032258064516,True,False
02465,02465/sva.sv,sva.sv,.sv,45,37,11,26,2731,337,683,7,0,7,14,26.923076923076923,True,True
01684,01684/sva.sv,sva.sv,.sv,56,45,10,35,2195,282,549,7,0,6,13,20.0,True,True
00756,00756/sva.sv,sva.sv,.sv,54,48,11,37,2257,267,564,5,0,7,12,13.513513513513514,True,True
02001,02001/sva.sv,sva.sv,.sv,70,57,10,47,2205,262,551,9,0,2,11,19.148936170212767,True,True
02233,02233/sva.sv,sva.sv,.sv,51,44,9,35,1940,230,485,8,0,3,11,22.857142857142858,True,True
00564,00564/sva.sv,sva.sv,.sv,45,38,8,30,2059,231,515,11,0,4,15,36.666666666666664,True,True
01670,01670/sva.sv,sva.sv,.sv,96,77,16,61,3311,399,828,12,0,9,23,19.672131147540984,True,True
04302,04302/sva.sv,sva.sv,.sv,78,67,11,56,2860,348,715,11,0,8,19,19.642857142857142,True,True
03127,03127/sva.sv,sva.sv,.sv,129,109,22,87,6431,667,1608,37,1,6,44,42.5287356321839,True,True
03315,03315/sva.sv,sva.sv,.sv,140,113,19,94,6122,798,1530,26,0,7,33,27.659574468085108,True,True
01442,01442/sva.sv,sva.sv,.sv,80,64,18,46,3850,450,962,10,0,7,17,21.73913043478261,True,True
00590,00590/sva.sv,sva.sv,.sv,46,36,10,26,2015,274,504,7,0,8,15,26.923076923076923,True,True
04130,04130/sva.sv,sva.sv,.sv,27,20,7,13,966,149,242,3,0,6,9,23.076923076923077,True,True
03771,03771/sva.sv,sva.sv,.sv,168,137,18,119,8311,929,2078,50,0,6,56,42.016806722689076,True,True
01026,01026/sva.sv,sva.sv,.sv,52,44,10,34,2470,274,618,11,0,5,16,32.35294117647059,True,True
04554,04554/sva.sv,sva.sv,.sv,42,32,8,24,1512,208,378,8,0,5,13,33.33333333333333,True,True
01214,01214/sva.sv,sva.sv,.sv,278,246,6,240,7817,783,1954,14,0,7,21,5.833333333333333,True,True
04766,04766/sva.sv,sva.sv,.sv,111,93,16,77,4605,555,1151,30,0,19,49,38.961038961038966,True,True
02491,02491/sva.sv,sva.sv,.sv,136,119,16,103,6028,520,1507,22,0,11,33,21.35922330097087,True,True
03543,03543/sva.sv,sva.sv,.sv,92,83,9,74,3470,396,868,18,0,24,0,24.324324324324326,True,False
01489,01489/sva.sv,sva.sv,.sv,69,59,9,50,2649,317,662,4,0,8,16,8.0,True,True
02802,02802/sva.sv,sva.sv,.sv,59,50,8,42,2708,293,677,8,0,7,15,19.047619047619047,True,True
00769,00769/sva.sv,sva.sv,.sv,54,46,7,39,1907,259,477,3,0,10,16,7.6923076923076925,True,True
03588,03588/sva.sv,sva.sv,.sv,80,61,32,29,2691,322,673,11,0,12,23,37.93103448275862,True,True
00903,00903/sva.sv,sva.sv,.sv,64,51,17,34,2659,391,665,17,0,10,26,50.0,True,True
02668,02668/sva.sv,sva.sv,.sv,47,34,12,22,2084,279,521,10,0,4,14,45.45454545454545,True,True
04759,04759/sva.sv,sva.sv,.sv,40,31,6,25,1555,205,389,8,0,3,11,32.0,True,True
01019,01019/sva.sv,sva.sv,.sv,88,72,14,58,3473,427,868,8,0,10,18,13.793103448275861,True,True
01825,01825/sva.sv,sva.sv,.sv,34,25,7,18,1191,171,298,6,0,3,9,33.33333333333333,True,True
03924,03924/sva.sv,sva.sv,.sv,51,42,8,34,1899,253,475,5,0,8,15,14.705882352941178,True,True
03118,03118/sva.sv,sva.sv,.sv,130,103,24,79,5512,639,1378,17,0,6,23,21.518987341772153,True,True
02037,02037/sva.sv,sva.sv,.sv,88,70,18,52,3084,395,771,8,0,4,12,15.384615384615385,True,True
00760,00760/sva.sv,sva.sv,.sv,41,34,7,27,1528,247,382,4,0,5,9,14.814814814814813,True,True
00552,00552/sva.sv,sva.sv,.sv,53,41,9,32,1781,255,445,6,0,3,7,18.75,True,True
01480,01480/sva.sv,sva.sv,.sv,46,38,7,31,1793,266,448,8,0,7,15,25.806451612903224,True,True
02205,02205/sva.sv,sva.sv,.sv,37,31,7,24,1437,216,359,2,0,6,6,8.333333333333332,True,True
00136,00136/sva.sv,sva.sv,.sv,81,66,14,52,2811,364,703,10,0,5,15,19.230769230769234,True,True
04596,04596/sva.sv,sva.sv,.sv,92,79,13,66,3214,411,804,8,0,0,8,12.121212121212121,True,True
02661,02661/sva.sv,sva.sv,.sv,69,54,15,39,2784,339,696,10,0,4,14,25.64102564102564,True,True
03581,03581/sva.sv,sva.sv,.sv,146,123,23,100,5565,617,1391,15,1,4,14,15.0,True,True
02453,02453/sva.sv,sva.sv,.sv,126,108,14,94,4989,615,1247,15,0,11,26,15.957446808510639,True,True
00304,00304/sva.sv,sva.sv,.sv,69,54,15,39,3702,537,926,8,0,12,20,20.51282051282051,True,True
01010,01010/sva.sv,sva.sv,.sv,198,165,45,120,7719,827,1930,25,0,5,31,20.833333333333336,True,True
04562,04562/sva.sv,sva.sv,.sv,48,40,9,31,2085,303,521,7,0,10,20,22.58064516129032,True,True
03747,03747/sva.sv,sva.sv,.sv,98,84,14,70,3699,452,925,14,0,15,15,20.0,True,True
02695,02695/sva.sv,sva.sv,.sv,76,59,16,43,3454,372,864,15,0,4,19,34.883720930232556,True,True
03575,03575/sva.sv,sva.sv,.sv,48,41,7,34,1475,186,369,3,0,2,9,8.823529411764707,True,True
01222,01222/sva.sv,sva.sv,.sv,44,37,7,30,1775,221,444,11,0,6,17,36.666666666666664,True,True
04750,04750/sva.sv,sva.sv,.sv,87,71,18,53,4209,463,1052,16,0,5,20,30.18867924528302,True,True
03111,03111/sva.sv,sva.sv,.sv,64,54,8,46,3109,397,777,17,0,8,25,36.95652173913043,True,True
00794,00794/sva.sv,sva.sv,.sv,114,96,12,84,5333,592,1333,14,0,10,24,16.666666666666664,True,True
01646,01646/sva.sv,sva.sv,.sv,87,78,12,66,3184,447,796,14,0,19,0,21.21212121212121,True,False
04334,04334/sva.sv,sva.sv,.sv,42,31,8,23,1709,234,427,6,0,3,9,26.08695652173913,True,True
01474,01474/sva.sv,sva.sv,.sv,81,71,8,63,2268,307,567,6,0,5,11,9.523809523809524,True,True
04106,04106/sva.sv,sva.sv,.sv,43,33,14,19,2243,236,561,8,0,2,10,42.10526315789473,True,True
03323,03323/sva.sv,sva.sv,.sv,120,107,18,89,4353,540,1088,10,0,11,21,11.235955056179774,True,True
00109,00109/sva.sv,sva.sv,.sv,72,55,18,37,3139,375,785,19,0,2,21,51.35135135135135,True,True
00935,00935/sva.sv,sva.sv,.sv,80,66,13,53,3048,370,762,12,0,7,19,22.641509433962266,True,True
02834,02834/sva.sv,sva.sv,.sv,36,30,7,23,1740,201,435,10,0,8,18,43.47826086956522,True,True
02008,02008/sva.sv,sva.sv,.sv,94,77,16,61,4310,503,1078,10,0,5,15,16.39344262295082,True,True
00599,00599/sva.sv,sva.sv,.sv,52,42,7,35,2459,292,615,7,0,9,16,20.0,True,True
04139,04139/sva.sv,sva.sv,.sv,58,47,10,37,2330,268,582,8,0,4,11,21.62162162162162,True,True
01679,01679/sva.sv,sva.sv,.sv,104,90,16,74,3993,550,998,12,0,6,18,16.216216216216218,True,True
03912,03912/sva.sv,sva.sv,.sv,30,22,6,16,1425,199,356,6,0,6,12,37.5,True,True
02498,02498/sva.sv,sva.sv,.sv,77,61,13,48,3257,547,814,18,0,11,29,37.5,True,True
03778,03778/sva.sv,sva.sv,.sv,63,55,6,49,2666,341,666,10,0,13,25,20.408163265306122,True,True
01813,01813/sva.sv,sva.sv,.sv,42,35,8,27,2127,263,532,6,0,8,14,22.22222222222222,True,True
01473,01473/sva.sv,sva.sv,.sv,89,77,14,63,3311,467,828,12,0,13,0,19.047619047619047,True,False
04101,04101/sva.sv,sva.sv,.sv,85,75,9,66,2882,428,720,5,0,14,24,7.575757575757576,True,True
03324,03324/sva.sv,sva.sv,.sv,116,97,24,73,5075,499,1269,21,3,8,31,28.767123287671232,True,True
03116,03116/sva.sv,sva.sv,.sv,82,69,10,59,3429,385,857,19,0,12,31,32.20338983050847,True,True
00793,00793/sva.sv,sva.sv,.sv,41,32,6,26,1415,213,354,3,0,7,9,11.538461538461538,True,True
01641,01641/sva.sv,sva.sv,.sv,69,57,13,44,3457,450,864,11,0,14,25,25.0,True,True
04333,04333/sva.sv,sva.sv,.sv,57,48,9,39,1906,248,476,7,0,6,12,17.94871794871795,True,True
03572,03572/sva.sv,sva.sv,.sv,70,59,15,44,2411,307,603,5,0,3,12,11.363636363636363,True,True
01225,01225/sva.sv,sva.sv,.sv,42,37,5,32,1415,164,354,7,0,4,11,21.875,True,True
04757,04757/sva.sv,sva.sv,.sv,57,46,10,36,2115,210,529,6,0,3,9,16.666666666666664,True,True
01017,01017/sva.sv,sva.sv,.sv,82,69,16,53,2842,346,710,8,0,6,14,15.09433962264151,True,True
04565,04565/sva.sv,sva.sv,.sv,107,92,14,78,5249,519,1312,29,0,7,36,37.17948717948718,True,True
03740,03740/sva.sv,sva.sv,.sv,72,55,14,41,3034,444,758,10,0,11,22,24.390243902439025,True,True
02692,02692/sva.sv,sva.sv,.sv,77,64,14,50,3550,519,888,12,0,11,11,24.0,True,True
03586,03586/sva.sv,sva.sv,.sv,45,38,9,29,2253,292,563,18,0,5,23,62.06896551724138,True,True
02454,02454/sva.sv,sva.sv,.sv,107,95,12,83,4220,494,1055,16,0,5,13,19.27710843373494,True,True
00303,00303/sva.sv,sva.sv,.sv,51,43,10,33,1939,240,485,9,0,5,14,27.27272727272727,True,True
00131,00131/sva.sv,sva.sv,.sv,144,120,37,83,5033,610,1258,16,0,17,32,19.27710843373494,True,True
04591,04591/sva.sv,sva.sv,.sv,53,43,10,33,2014,235,504,8,0,5,13,24.242424242424242,True,True
02666,02666/sva.sv,sva.sv,.sv,80,67,23,44,3719,429,930,23,0,6,28,52.27272727272727,True,True
00555,00555/sva.sv,sva.sv,.sv,87,77,10,67,3106,395,776,7,0,8,13,10.44776119402985,True,True
01487,01487/sva.sv,sva.sv,.sv,159,137,38,99,7623,1124,1906,8,0,49,57,8.080808080808081,True,True
02202,02202/sva.sv,sva.sv,.sv,61,52,9,43,2218,247,554,9,0,8,17,20.930232558139537,True,True
02030,02030/sva.sv,sva.sv,.sv,54,43,9,34,2241,307,560,11,0,6,16,32.35294117647059,True,True
00767,00767/sva.sv,sva.sv,.sv,68,56,10,46,2553,285,638,8,0,6,14,17.391304347826086,True,True
01028,01028/sva.sv,sva.sv,.sv,62,51,10,41,2239,282,560,9,0,8,9,21.951219512195124,True,True
01814,01814/sva.sv,sva.sv,.sv,107,90,14,76,3822,438,956,6,0,7,18,7.894736842105263,True,True
04768,04768/sva.sv,sva.sv,.sv,42,34,6,28,1865,223,466,7,0,7,14,25.0,True,True
03915,03915/sva.sv,sva.sv,.sv,48,39,7,32,1695,209,424,7,0,5,12,21.875,True,True
03129,03129/sva.sv,sva.sv,.sv,69,58,9,49,2090,279,522,6,0,8,14,12.244897959183673,True,True
00758,00758/sva.sv,sva.sv,.sv,54,44,9,35,1695,218,424,3,0,5,11,8.571428571428571,True,True
02833,02833/sva.sv,sva.sv,.sv,92,80,11,69,3615,450,904,8,0,18,24,11.594202898550725,True,True
02659,02659/sva.sv,sva.sv,.sv,87,71,13,58,2786,334,696,7,0,6,13,12.068965517241379,True,True
00932,00932/sva.sv,sva.sv,.sv,50,42,13,29,2015,342,504,5,0,6,16,17.24137931034483,True,True
03519,03519/sva.sv,sva.sv,.sv,34,30,5,25,1688,223,422,14,0,9,23,56.00000000000001,True,True
01840,01840/sva.sv,sva.sv,.sv,81,72,7,65,3159,388,790,21,0,6,0,32.30769230769231,True,False
00992,00992/sva.sv,sva.sv,.sv,61,50,11,39,2272,346,568,9,0,7,16,23.076923076923077,True,True
01418,01418/sva.sv,sva.sv,.sv,73,62,14,48,3183,391,796,9,0,15,24,18.75,True,True
02893,02893/sva.sv,sva.sv,.sv,46,39,9,30,1835,201,459,7,0,10,17,23.333333333333332,True,True
03941,03941/sva.sv,sva.sv,.sv,101,81,17,64,3400,421,850,10,0,6,16,15.625,True,True
04358,04358/sva.sv,sva.sv,.sv,111,94,20,74,4132,568,1033,21,0,7,29,28.37837837837838,True,True
02269,02269/sva.sv,sva.sv,.sv,90,74,10,64,4546,387,1136,15,0,8,23,23.4375,True,True
03189,03189/sva.sv,sva.sv,.sv,140,117,28,89,6455,570,1614,15,0,11,26,16.853932584269664,True,True
02867,02867/sva.sv,sva.sv,.sv,84,73,11,62,5046,416,1262,29,0,8,37,46.774193548387096,True,True
00368,00368/sva.sv,sva.sv,.sv,43,33,10,23,2281,307,570,10,0,7,17,43.47826086956522,True,True
00966,00966/sva.sv,sva.sv,.sv,38,33,5,28,1374,184,344,7,0,6,13,25.0,True,True
01088,01088/sva.sv,sva.sv,.sv,61,51,11,40,2262,289,566,10,0,5,15,25.0,True,True
04367,04367/sva.sv,sva.sv,.sv,67,61,8,53,2593,326,648,14,0,19,33,26.41509433962264,True,True
01615,01615/sva.sv,sva.sv,.sv,88,73,18,55,3640,445,910,7,0,9,17,12.727272727272727,True,True
02090,02090/sva.sv,sva.sv,.sv,50,38,11,27,2031,365,508,7,0,5,12,25.925925925925924,True,True
03142,03142/sva.sv,sva.sv,.sv,65,51,13,38,2542,296,636,10,0,5,15,26.31578947368421,True,True
03370,03370/sva.sv,sva.sv,.sv,38,32,6,26,2135,295,534,14,0,8,22,53.84615384615385,True,True
04155,04155/sva.sv,sva.sv,.sv,66,53,11,42,2660,263,665,12,0,5,17,28.57142857142857,True,True
01427,01427/sva.sv,sva.sv,.sv,61,47,12,35,2472,306,618,7,0,8,15,20.0,True,True
03714,03714/sva.sv,sva.sv,.sv,93,78,16,62,3705,465,926,17,0,3,20,27.419354838709676,True,True
04531,04531/sva.sv,sva.sv,.sv,40,31,9,22,1389,199,347,5,0,7,12,22.727272727272727,True,True
01043,01043/sva.sv,sva.sv,.sv,54,47,11,36,2002,291,500,7,0,8,0,19.444444444444446,True,False
00191,00191/sva.sv,sva.sv,.sv,83,69,14,55,3380,422,845,15,0,9,21,27.27272727272727,True,True
04703,04703/sva.sv,sva.sv,.sv,80,65,17,48,2996,375,749,8,0,5,13,16.666666666666664,True,True
01271,01271/sva.sv,sva.sv,.sv,79,65,19,46,4075,544,1019,22,1,5,28,47.82608695652174,True,True
03526,03526/sva.sv,sva.sv,.sv,82,70,19,51,4007,338,1002,9,1,8,18,17.647058823529413,True,True
02632,02632/sva.sv,sva.sv,.sv,61,52,10,42,2065,316,516,8,0,3,11,19.047619047619047,True,True
00959,00959/sva.sv,sva.sv,.sv,45,34,10,24,1720,229,430,8,0,3,11,33.33333333333333,True,True
00165,00165/sva.sv,sva.sv,.sv,112,98,18,80,4554,586,1138,10,0,8,18,12.5,True,True
01285,01285/sva.sv,sva.sv,.sv,59,47,12,35,2544,378,636,5,0,9,14,14.285714285714285,True,True
00357,00357/sva.sv,sva.sv,.sv,75,61,14,47,2253,303,563,7,0,4,18,14.893617021276595,True,True
02400,02400/sva.sv,sva.sv,.sv,75,64,18,46,3054,393,764,14,0,9,23,30.434782608695656,True,True
04393,04393/sva.sv,sva.sv,.sv,28,20,6,14,1106,192,276,5,0,5,10,35.714285714285715,True,True
00733,00733/sva.sv,sva.sv,.sv,111,83,25,58,4676,447,1169,19,0,7,25,32.758620689655174,True,True
02064,02064/sva.sv,sva.sv,.sv,55,45,13,32,2321,285,580,9,0,3,12,28.125,True,True
02858,02858/sva.sv,sva.sv,.sv,73,59,9,50,2986,398,746,7,0,5,12,14.000000000000002,True,True
02256,02256/sva.sv,sva.sv,.sv,68,54,13,41,2611,295,653,9,0,4,13,21.951219512195124,True,True
03384,03384/sva.sv,sva.sv,.sv,43,34,8,26,1535,205,384,3,0,5,8,11.538461538461538,True,True
00501,00501/sva.sv,sva.sv,.sv,67,53,12,41,2586,336,646,11,0,5,16,26.82926829268293,True,True
00961,00961/sva.sv,sva.sv,.sv,109,88,6,82,3533,429,883,15,0,16,0,18.29268292682927,True,False
02438,02438/sva.sv,sva.sv,.sv,40,33,8,25,1704,213,426,6,0,6,17,24.0,True,True
02860,02860/sva.sv,sva.sv,.sv,83,66,19,47,3348,364,837,7,0,6,13,14.893617021276595,True,True
04199,04199/sva.sv,sva.sv,.sv,75,66,32,34,3735,441,934,12,0,7,19,35.294117647058826,True,True
00539,00539/sva.sv,sva.sv,.sv,48,40,6,34,1575,235,394,4,0,12,18,11.76470588235294,True,True
02894,02894/sva.sv,sva.sv,.sv,37,31,8,23,1548,219,387,5,0,8,13,21.73913043478261,True,True
03946,03946/sva.sv,sva.sv,.sv,74,57,17,40,3044,377,761,13,0,7,20,32.5,True,True
03348,03348/sva.sv,sva.sv,.sv,44,33,9,24,1824,243,456,6,0,4,10,25.0,True,True
01847,01847/sva.sv,sva.sv,.sv,56,47,11,36,2747,345,687,14,0,5,22,38.88888888888889,True,True
00995,00995/sva.sv,sva.sv,.sv,43,31,10,21,1752,205,438,5,0,3,8,23.809523809523807,True,True
04509,04509/sva.sv,sva.sv,.sv,86,72,20,52,3278,396,820,12,0,14,26,23.076923076923077,True,True
01249,01249/sva.sv,sva.sv,.sv,66,57,9,48,2634,338,658,6,0,3,9,12.5,True,True
02251,02251/sva.sv,sva.sv,.sv,77,61,18,43,2563,340,641,8,0,6,14,18.6046511627907,True,True
03383,03383/sva.sv,sva.sv,.sv,125,102,11,91,4671,553,1168,18,0,11,29,19.78021978021978,True,True
00506,00506/sva.sv,sva.sv,.sv,68,58,12,46,2158,285,540,9,0,6,11,19.565217391304348,True,True
04394,04394/sva.sv,sva.sv,.sv,69,56,15,41,2919,361,730,13,0,8,21,31.70731707317073,True,True
00734,00734/sva.sv,sva.sv,.sv,41,33,8,25,1488,192,372,3,0,5,9,12.0,True,True
02063,02063/sva.sv,sva.sv,.sv,131,112,26,86,5498,681,1374,29,0,6,33,33.72093023255814,True,True
01282,01282/sva.sv,sva.sv,.sv,71,62,19,43,2501,339,625,8,0,4,4,18.6046511627907,True,True
00350,00350/sva.sv,sva.sv,.sv,65,56,10,46,2667,268,667,5,0,6,16,10.869565217391305,True,True
02407,02407/sva.sv,sva.sv,.sv,32,26,7,19,1170,183,292,4,0,3,7,21.052631578947366,True,True
02635,02635/sva.sv,sva.sv,.sv,46,37,8,29,1973,261,493,6,0,13,19,20.689655172413794,True,True
00162,00162/sva.sv,sva.sv,.sv,43,33,9,24,1965,261,491,7,0,6,13,29.166666666666668,True,True
04704,04704/sva.sv,sva.sv,.sv,132,113,16,97,5820,603,1455,27,0,5,32,27.835051546391753,True,True
01276,01276/sva.sv,sva.sv,.sv,73,62,11,51,2578,373,644,10,0,11,5,19.607843137254903,True,True
03521,03521/sva.sv,sva.sv,.sv,85,68,19,49,3508,505,877,12,0,4,15,24.489795918367346,True,True
03713,03713/sva.sv,sva.sv,.sv,70,58,14,44,2843,375,711,6,0,7,13,13.636363636363635,True,True
01878,01878/sva.sv,sva.sv,.sv,93,76,29,47,3892,544,973,20,0,5,25,42.5531914893617,True,True
04536,04536/sva.sv,sva.sv,.sv,157,136,16,120,5167,542,1292,15,0,18,0,12.5,True,False
01044,01044/sva.sv,sva.sv,.sv,75,64,11,53,2993,476,748,14,0,10,24,26.41509433962264,True,True
00196,00196/sva.sv,sva.sv,.sv,35,29,6,23,1065,129,266,5,0,3,8,21.73913043478261,True,True
03377,03377/sva.sv,sva.sv,.sv,82,67,13,54,3544,386,886,19,0,3,22,35.18518518518518,True,True
04152,04152/sva.sv,sva.sv,.sv,33,27,6,21,1250,188,312,2,0,7,9,9.523809523809524,True,True
01420,01420/sva.sv,sva.sv,.sv,94,69,22,47,3195,393,799,14,0,7,21,29.78723404255319,True,True
04360,04360/sva.sv,sva.sv,.sv,73,64,6,58,2178,277,544,9,0,10,0,15.517241379310345,True,False
01612,01612/sva.sv,sva.sv,.sv,161,143,21,122,5712,696,1428,23,0,9,32,18.852459016393443,True,True
02097,02097/sva.sv,sva.sv,.sv,137,110,33,77,5901,677,1475,16,0,4,19,20.77922077922078,True,True
03145,03145/sva.sv,sva.sv,.sv,92,79,16,63,4221,502,1055,14,0,19,0,22.22222222222222,True,False
03979,03979/sva.sv,sva.sv,.sv,48,40,9,31,1430,206,358,5,0,3,8,16.129032258064516,True,True
03984,03984/sva.sv,sva.sv,.sv,67,53,13,40,2259,310,565,9,0,5,14,22.5,True,True
02856,02856/sva.sv,sva.sv,.sv,72,62,11,51,3230,421,808,7,0,7,15,13.725490196078432,True,True
02258,02258/sva.sv,sva.sv,.sv,88,72,23,49,3161,318,790,12,0,6,18,24.489795918367346,True,True
00957,00957/sva.sv,sva.sv,.sv,57,46,10,36,2192,287,548,12,0,5,15,33.33333333333333,True,True
01885,01885/sva.sv,sva.sv,.sv,76,59,15,44,3823,547,956,10,0,12,23,22.727272727272727,True,True
00359,00359/sva.sv,sva.sv,.sv,70,59,7,52,3479,398,870,14,0,11,0,26.923076923076923,True,False
01871,01871/sva.sv,sva.sv,.sv,85,72,15,57,3778,456,944,6,0,14,20,10.526315789473683,True,True
03528,03528/sva.sv,sva.sv,.sv,135,117,21,96,5569,598,1392,15,0,5,18,15.625,True,True
04369,04369/sva.sv,sva.sv,.sv,64,54,7,47,2124,281,531,4,0,10,14,8.51063829787234,True,True
03970,03970/sva.sv,sva.sv,.sv,49,40,7,33,1898,226,474,5,0,8,13,15.151515151515152,True,True
01429,01429/sva.sv,sva.sv,.sv,93,78,14,64,4769,489,1192,39,0,10,49,60.9375,True,True
02431,02431/sva.sv,sva.sv,.sv,99,86,14,72,4054,468,1014,19,0,22,0,26.38888888888889,True,False
00366,00366/sva.sv,sva.sv,.sv,98,84,14,70,3556,434,889,12,0,8,20,17.142857142857142,True,True
00968,00968/sva.sv,sva.sv,.sv,41,32,11,21,1836,279,459,3,0,8,11,14.285714285714285,True,True
00154,00154/sva.sv,sva.sv,.sv,75,62,10,52,2870,416,718,11,0,14,25,21.153846153846153,True,True
01086,01086/sva.sv,sva.sv,.sv,94,81,16,65,3640,389,910,6,0,7,13,9.230769230769232,True,True
02603,02603/sva.sv,sva.sv,.sv,37,30,8,22,1448,191,362,3,0,5,7,13.636363636363635,True,True
04190,04190/sva.sv,sva.sv,.sv,68,54,12,42,2499,370,625,11,0,8,19,26.190476190476193,True,True
00530,00530/sva.sv,sva.sv,.sv,81,68,25,43,3391,360,848,7,0,3,10,16.27906976744186,True,True
02267,02267/sva.sv,sva.sv,.sv,49,43,6,37,1681,224,420,3,0,6,11,8.108108108108109,True,True
03187,03187/sva.sv,sva.sv,.sv,48,40,9,31,2241,252,560,4,0,6,12,12.903225806451612,True,True
02055,02055/sva.sv,sva.sv,.sv,58,51,9,42,2670,272,668,14,0,2,16,33.33333333333333,True,True
02869,02869/sva.sv,sva.sv,.sv,73,53,24,29,2589,312,647,10,0,9,18,34.48275862068966,True,True
00702,00702/sva.sv,sva.sv,.sv,82,75,7,68,2741,325,685,3,0,8,14,4.411764705882353,True,True
04164,04164/sva.sv,sva.sv,.sv,88,74,15,59,3301,428,825,8,0,8,14,13.559322033898304,True,True
01416,01416/sva.sv,sva.sv,.sv,44,37,9,28,1693,210,423,7,0,1,8,25.0,True,True
03341,03341/sva.sv,sva.sv,.sv,33,27,9,18,1137,167,284,1,0,5,7,5.555555555555555,True,True
02293,02293/sva.sv,sva.sv,.sv,67,54,13,41,2631,262,658,7,0,2,9,17.073170731707318,True,True
03173,03173/sva.sv,sva.sv,.sv,77,64,13,51,2722,381,680,6,0,5,11,11.76470588235294,True,True
04356,04356/sva.sv,sva.sv,.sv,48,38,8,30,1581,221,395,7,0,10,17,23.333333333333332,True,True
01624,01624/sva.sv,sva.sv,.sv,143,125,17,108,6012,562,1503,19,1,5,25,17.59259259259259,True,True
03517,03517/sva.sv,sva.sv,.sv,126,105,21,84,5675,592,1419,25,0,6,31,29.761904761904763,True,True
04732,04732/sva.sv,sva.sv,.sv,68,57,15,42,2789,351,697,9,0,8,17,21.428571428571427,True,True
00392,00392/sva.sv,sva.sv,.sv,51,41,8,33,2088,223,522,6,0,3,9,18.181818181818183,True,True
01240,01240/sva.sv,sva.sv,.sv,64,53,16,37,2649,394,662,15,0,6,21,40.54054054054054,True,True
04500,04500/sva.sv,sva.sv,.sv,49,40,9,31,2035,256,509,4,0,0,4,12.903225806451612,True,True
01072,01072/sva.sv,sva.sv,.sv,62,50,8,42,2315,235,579,10,0,9,0,23.809523809523807,True,False
03725,03725/sva.sv,sva.sv,.sv,30,24,5,19,1151,150,288,2,0,4,8,10.526315789473683,True,True
03379,03379/sva.sv,sva.sv,.sv,76,58,18,40,2275,329,569,7,0,5,12,17.5,True,True
02099,02099/sva.sv,sva.sv,.sv,66,52,16,36,2790,330,698,9,0,3,12,25.0,True,True
03977,03977/sva.sv,sva.sv,.sv,162,144,20,124,6839,790,1710,23,0,11,34,18.548387096774192,True,True
01278,01278/sva.sv,sva.sv,.sv,87,72,16,56,2884,390,721,16,0,10,26,28.57142857142857,True,True
04538,04538/sva.sv,sva.sv,.sv,148,134,24,110,5032,633,1258,19,0,5,24,17.272727272727273,True,True
01876,01876/sva.sv,sva.sv,.sv,39,33,7,26,1706,207,426,11,0,10,21,42.30769230769231,True,True
00198,00198/sva.sv,sva.sv,.sv,49,38,10,28,1888,288,472,6,0,11,17,21.428571428571427,True,True
02409,02409/sva.sv,sva.sv,.sv,67,52,12,40,3074,393,768,9,0,9,18,22.5,True,True
00950,00950/sva.sv,sva.sv,.sv,78,63,9,54,2912,347,728,10,0,6,16,18.51851851851852,True,True
01882,01882/sva.sv,sva.sv,.sv,57,45,13,32,2399,370,600,5,0,8,12,15.625,True,True
00508,00508/sva.sv,sva.sv,.sv,52,43,14,29,2254,331,564,10,0,3,13,34.48275862068966,True,True
03983,03983/sva.sv,sva.sv,.sv,61,52,8,44,1965,242,491,8,0,8,16,18.181818181818183,True,True
02851,02851/sva.sv,sva.sv,.sv,42,34,7,27,1254,151,314,6,0,3,9,22.22222222222222,True,True
04507,04507/sva.sv,sva.sv,.sv,75,63,11,52,2793,324,698,15,0,1,16,28.846153846153843,True,True
01849,01849/sva.sv,sva.sv,.sv,50,42,15,27,2560,312,640,9,0,4,13,33.33333333333333,True,True
01075,01075/sva.sv,sva.sv,.sv,115,97,15,82,5380,573,1345,32,0,8,40,39.02439024390244,True,True
03722,03722/sva.sv,sva.sv,.sv,58,50,8,42,2523,322,631,13,0,5,18,30.952380952380953,True,True
03510,03510/sva.sv,sva.sv,.sv,90,72,8,64,3337,526,834,8,0,15,23,12.5,True,True
04735,04735/sva.sv,sva.sv,.sv,97,76,23,53,3574,419,894,7,0,11,18,13.20754716981132,True,True
00395,00395/sva.sv,sva.sv,.sv,79,66,11,55,2942,321,736,8,0,6,14,14.545454545454545,True,True
01247,01247/sva.sv,sva.sv,.sv,70,59,6,53,2063,239,516,4,0,7,11,7.547169811320755,True,True
03174,03174/sva.sv,sva.sv,.sv,117,98,14,84,5045,612,1261,17,0,9,26,20.238095238095237,True,True
03948,03948/sva.sv,sva.sv,.sv,71,60,14,46,3333,318,833,21,0,10,30,45.65217391304348,True,True
04351,04351/sva.sv,sva.sv,.sv,99,84,18,66,3865,447,966,9,0,14,22,13.636363636363635,True,True
01623,01623/sva.sv,sva.sv,.sv,67,53,14,39,3231,408,808,19,0,4,23,48.717948717948715,True,True
04163,04163/sva.sv,sva.sv,.sv,41,33,9,24,2171,255,543,8,0,6,14,33.33333333333333,True,True
01411,01411/sva.sv,sva.sv,.sv,42,31,11,20,1577,223,394,8,0,4,12,40.0,True,True
03346,03346/sva.sv,sva.sv,.sv,69,59,8,51,2478,265,620,5,0,6,11,9.803921568627452,True,True
02294,02294/sva.sv,sva.sv,.sv,71,59,10,49,2515,279,629,9,0,5,23,18.367346938775512,True,True
03180,03180/sva.sv,sva.sv,.sv,73,59,13,46,2482,318,620,8,0,5,13,17.391304347826086,True,True
02052,02052/sva.sv,sva.sv,.sv,73,66,7,59,2945,311,736,6,0,8,8,10.16949152542373,True,True
00705,00705/sva.sv,sva.sv,.sv,50,41,9,32,1499,239,375,2,0,7,11,6.25,True,True
04197,04197/sva.sv,sva.sv,.sv,68,57,8,49,3394,482,848,6,0,4,10,12.244897959183673,True,True
00537,00537/sva.sv,sva.sv,.sv,69,53,12,41,3089,404,772,10,0,8,18,24.390243902439025,True,True
02260,02260/sva.sv,sva.sv,.sv,29,22,6,16,979,143,245,3,0,4,7,18.75,True,True
00153,00153/sva.sv,sva.sv,.sv,65,53,12,41,2196,245,549,4,0,4,8,9.75609756097561,True,True
01081,01081/sva.sv,sva.sv,.sv,60,50,11,39,2450,283,612,8,0,5,13,20.51282051282051,True,True
02604,02604/sva.sv,sva.sv,.sv,156,127,26,101,6882,777,1720,65,0,13,78,64.35643564356435,True,True
02436,02436/sva.sv,sva.sv,.sv,77,64,12,52,3321,344,830,13,0,5,17,25.0,True,True
00361,00361/sva.sv,sva.sv,.sv,89,78,11,67,2857,339,714,11,0,6,17,16.417910447761194,True,True
04590,04590/sva.sv,sva.sv,.sv,88,73,17,56,3897,410,974,22,0,7,28,39.285714285714285,True,True
00130,00130/sva.sv,sva.sv,.sv,80,67,11,56,3540,296,885,9,0,4,13,16.071428571428573,True,True
02667,02667/sva.sv,sva.sv,.sv,80,65,10,55,4228,376,1057,17,0,9,26,30.909090909090907,True,True
03587,03587/sva.sv,sva.sv,.sv,110,94,21,73,4758,474,1190,13,0,7,14,17.80821917808219,True,True
02455,02455/sva.sv,sva.sv,.sv,58,50,11,39,3193,379,798,14,0,14,28,35.8974358974359,True,True
00302,00302/sva.sv,sva.sv,.sv,50,44,15,29,2223,262,556,9,0,8,17,31.03448275862069,True,True
02031,02031/sva.sv,sva.sv,.sv,116,98,11,87,4834,435,1208,13,0,6,18,14.942528735632186,True,True
00766,00766/sva.sv,sva.sv,.sv,38,29,9,20,1933,270,483,7,0,5,13,35.0,True,True
00554,00554/sva.sv,sva.sv,.sv,63,45,18,27,2352,339,588,8,0,5,13,29.629629629629626,True,True
01486,01486/sva.sv,sva.sv,.sv,89,67,17,50,3252,434,813,12,1,7,20,24.0,True,True
02203,02203/sva.sv,sva.sv,.sv,53,43,10,33,2070,284,518,6,0,11,17,18.181818181818183,True,True
03117,03117/sva.sv,sva.sv,.sv,60,48,10,38,2583,290,646,10,0,9,19,26.31578947368421,True,True
04332,04332/sva.sv,sva.sv,.sv,65,51,13,38,2529,297,632,10,0,5,15,26.31578947368421,True,True
00792,00792/sva.sv,sva.sv,.sv,81,67,12,55,2756,344,689,10,0,15,25,18.181818181818183,True,True
01640,01640/sva.sv,sva.sv,.sv,46,35,9,26,1927,235,482,9,0,6,15,34.61538461538461,True,True
04100,04100/sva.sv,sva.sv,.sv,53,43,8,35,2119,239,530,12,0,6,17,34.285714285714285,True,True
01472,01472/sva.sv,sva.sv,.sv,99,75,20,55,3797,413,949,17,0,5,22,30.909090909090907,True,True
03325,03325/sva.sv,sva.sv,.sv,96,83,12,71,3439,457,860,18,0,9,27,25.352112676056336,True,True
04564,04564/sva.sv,sva.sv,.sv,33,24,7,17,1296,144,324,5,0,3,8,29.411764705882355,True,True
01016,01016/sva.sv,sva.sv,.sv,66,52,10,42,2850,322,712,8,0,14,22,19.047619047619047,True,True
03741,03741/sva.sv,sva.sv,.sv,79,65,9,56,2418,292,604,5,0,6,0,8.928571428571429,True,False
02693,02693/sva.sv,sva.sv,.sv,37,30,9,21,1319,203,330,4,0,1,5,19.047619047619047,True,True
03573,03573/sva.sv,sva.sv,.sv,59,49,10,39,3075,403,769,7,0,12,19,17.94871794871795,True,True
04756,04756/sva.sv,sva.sv,.sv,104,87,16,71,3613,461,903,14,0,7,21,19.718309859154928,True,True
01224,01224/sva.sv,sva.sv,.sv,58,48,9,39,2223,290,556,5,0,4,9,12.82051282051282,True,True
00759,00759/sva.sv,sva.sv,.sv,48,37,8,29,1669,200,417,4,0,4,8,13.793103448275861,True,True
02832,02832/sva.sv,sva.sv,.sv,59,47,13,34,2179,308,545,7,0,4,11,20.588235294117645,True,True
02658,02658/sva.sv,sva.sv,.sv,121,103,33,70,5506,518,1376,15,0,8,23,21.428571428571427,True,True
00933,00933/sva.sv,sva.sv,.sv,90,67,17,50,4565,507,1141,35,0,3,38,70.0,True,True
04769,04769/sva.sv,sva.sv,.sv,44,34,11,23,1791,241,448,7,0,3,9,30.434782608695656,True,True
01815,01815/sva.sv,sva.sv,.sv,53,43,5,38,1886,239,472,6,0,8,0,15.789473684210526,True,False
01029,01029/sva.sv,sva.sv,.sv,31,23,8,15,1235,182,309,3,0,4,7,20.0,True,True
03128,03128/sva.sv,sva.sv,.sv,65,51,10,41,2321,225,580,6,0,5,11,14.634146341463413,True,True
03914,03914/sva.sv,sva.sv,.sv,74,62,13,49,3998,630,1000,6,0,16,23,12.244897959183673,True,True
03574,03574/sva.sv,sva.sv,.sv,29,24,4,20,1353,177,338,3,0,6,0,15.0,True,False
04751,04751/sva.sv,sva.sv,.sv,56,46,6,40,1973,299,493,7,0,14,21,17.5,True,True
01223,01223/sva.sv,sva.sv,.sv,97,87,7,80,3537,422,884,3,0,33,0,3.75,True,False
04563,04563/sva.sv,sva.sv,.sv,35,28,5,23,1005,137,251,2,0,4,7,8.695652173913043,True,True
01011,01011/sva.sv,sva.sv,.sv,66,56,11,45,2996,368,749,7,0,9,16,15.555555555555555,True,True
03746,03746/sva.sv,sva.sv,.sv,41,34,5,29,1479,139,370,4,0,4,8,13.793103448275861,True,True
02694,02694/sva.sv,sva.sv,.sv,121,105,17,88,4283,493,1071,6,0,6,12,6.8181818181818175,True,True
04107,04107/sva.sv,sva.sv,.sv,39,32,8,24,1535,208,384,6,0,3,9,25.0,True,True
01475,01475/sva.sv,sva.sv,.sv,107,87,15,72,3536,403,884,15,0,5,16,20.833333333333336,True,True
03322,03322/sva.sv,sva.sv,.sv,70,56,10,46,2344,334,586,7,0,5,12,15.217391304347828,True,True
03110,03110/sva.sv,sva.sv,.sv,39,28,11,17,1631,189,408,9,0,3,12,52.94117647058824,True,True
04335,04335/sva.sv,sva.sv,.sv,52,44,9,35,1660,189,415,6,0,5,11,17.142857142857142,True,True
00795,00795/sva.sv,sva.sv,.sv,74,60,11,49,2563,291,641,7,0,6,13,14.285714285714285,True,True
01647,01647/sva.sv,sva.sv,.sv,96,81,16,65,3907,436,977,15,0,6,20,23.076923076923077,True,True
00553,00553/sva.sv,sva.sv,.sv,140,118,16,102,4147,493,1037,13,0,3,16,12.745098039215685,True,True
01481,01481/sva.sv,sva.sv,.sv,96,77,15,62,3355,451,839,14,0,11,19,22.58064516129032,True,True
02204,02204/sva.sv,sva.sv,.sv,82,67,12,55,3428,434,857,7,0,8,22,12.727272727272727,True,True
02036,02036/sva.sv,sva.sv,.sv,56,41,10,31,2383,320,596,7,0,5,12,22.58064516129032,True,True
00761,00761/sva.sv,sva.sv,.sv,42,35,9,26,1934,308,484,11,0,9,20,42.30769230769231,True,True
03580,03580/sva.sv,sva.sv,.sv,61,47,10,37,2363,323,591,18,0,5,23,48.64864864864865,True,True
02452,02452/sva.sv,sva.sv,.sv,49,36,7,29,2180,269,545,5,0,5,10,17.24137931034483,True,True
00305,00305/sva.sv,sva.sv,.sv,81,65,16,49,3646,416,912,13,0,5,18,26.53061224489796,True,True
04597,04597/sva.sv,sva.sv,.sv,33,24,9,15,1569,163,392,7,0,4,11,46.666666666666664,True,True
00137,00137/sva.sv,sva.sv,.sv,63,48,14,34,2081,266,520,7,0,6,13,20.588235294117645,True,True
02660,02660/sva.sv,sva.sv,.sv,35,29,5,24,1524,227,381,4,0,7,12,16.666666666666664,True,True
01678,01678/sva.sv,sva.sv,.sv,58,53,5,48,2881,218,720,9,0,6,15,18.75,True,True
03913,03913/sva.sv,sva.sv,.sv,31,23,6,17,1283,157,321,6,0,4,10,35.294117647058826,True,True
04138,04138/sva.sv,sva.sv,.sv,128,112,20,92,4448,499,1112,7,0,7,21,7.608695652173914,True,True
00598,00598/sva.sv,sva.sv,.sv,34,28,6,22,1292,206,323,2,0,6,10,9.090909090909092,True,True
03779,03779/sva.sv,sva.sv,.sv,47,38,5,33,1968,235,492,4,0,6,10,12.121212121212121,True,True
01812,01812/sva.sv,sva.sv,.sv,136,124,12,112,4411,541,1103,8,0,0,0,7.142857142857142,True,False
02499,02499/sva.sv,sva.sv,.sv,50,40,10,30,1945,244,486,7,0,4,11,23.333333333333332,True,True
00934,00934/sva.sv,sva.sv,.sv,60,46,12,34,3004,350,751,19,0,3,22,55.88235294117647,True,True
00108,00108/sva.sv,sva.sv,.sv,85,71,10,61,2582,280,646,7,0,9,22,11.475409836065573,True,True
02009,02009/sva.sv,sva.sv,.sv,144,119,40,79,7109,726,1777,26,0,4,29,32.91139240506329,True,True
02835,02835/sva.sv,sva.sv,.sv,126,106,19,87,5074,484,1268,21,0,7,28,24.137931034482758,True,True
03314,03314/sva.sv,sva.sv,.sv,26,21,6,15,1035,115,259,3,0,4,7,20.0,True,True
04131,04131/sva.sv,sva.sv,.sv,49,38,9,29,2503,298,626,8,0,11,19,27.586206896551722,True,True
01443,01443/sva.sv,sva.sv,.sv,55,46,7,39,2159,330,540,3,0,14,17,7.6923076923076925,True,True
00591,00591/sva.sv,sva.sv,.sv,47,37,9,28,1824,231,456,6,0,3,8,21.428571428571427,True,True
04303,04303/sva.sv,sva.sv,.sv,78,65,12,53,2846,312,712,9,0,4,13,16.9811320754717,True,True
01671,01671/sva.sv,sva.sv,.sv,179,148,50,98,6336,698,1584,39,0,4,43,39.795918367346935,True,True
03126,03126/sva.sv,sva.sv,.sv,80,65,13,52,3834,434,958,19,0,10,29,36.53846153846153,True,True
04767,04767/sva.sv,sva.sv,.sv,72,59,12,47,3477,344,869,19,0,6,25,40.42553191489361,True,True
01215,01215/sva.sv,sva.sv,.sv,51,41,13,28,2257,275,564,10,0,4,14,35.714285714285715,True,True
02490,02490/sva.sv,sva.sv,.sv,137,117,16,101,7290,533,1822,18,1,6,25,17.82178217821782,True,True
03542,03542/sva.sv,sva.sv,.sv,62,53,6,47,2094,270,524,3,0,6,9,6.382978723404255,True,True
03770,03770/sva.sv,sva.sv,.sv,100,86,14,72,4160,477,1040,21,0,6,25,29.166666666666668,True,True
04555,04555/sva.sv,sva.sv,.sv,138,114,23,91,5899,722,1475,27,0,24,51,29.67032967032967,True,True
01027,01027/sva.sv,sva.sv,.sv,37,30,9,21,1062,147,266,6,0,2,8,28.57142857142857,True,True
04793,04793/sva.sv,sva.sv,.sv,91,75,11,64,4563,455,1141,23,0,8,31,35.9375,True,True
00333,00333/sva.sv,sva.sv,.sv,51,43,7,36,2260,306,565,11,0,6,17,30.555555555555557,True,True
02464,02464/sva.sv,sva.sv,.sv,69,55,12,43,2642,377,660,8,0,10,18,18.6046511627907,True,True
02656,02656/sva.sv,sva.sv,.sv,107,92,20,72,3771,465,943,10,0,6,15,13.88888888888889,True,True
03784,03784/sva.sv,sva.sv,.sv,90,75,17,58,3262,401,816,6,0,4,10,10.344827586206897,True,True
00101,00101/sva.sv,sva.sv,.sv,60,50,10,40,2290,282,572,6,0,10,10,15.0,True,True
02232,02232/sva.sv,sva.sv,.sv,68,62,11,51,2829,354,707,7,0,7,15,13.725490196078432,True,True
00565,00565/sva.sv,sva.sv,.sv,50,41,8,33,1391,176,348,5,0,3,13,15.151515151515152,True,True
01685,01685/sva.sv,sva.sv,.sv,75,58,15,43,2475,363,619,8,0,4,12,18.6046511627907,True,True
00757,00757/sva.sv,sva.sv,.sv,75,56,16,40,3167,427,792,13,0,7,16,32.5,True,True
02000,02000/sva.sv,sva.sv,.sv,81,73,10,63,3982,451,996,26,0,8,34,41.269841269841265,True,True
01824,01824/sva.sv,sva.sv,.sv,100,87,19,68,5051,576,1263,19,0,4,22,27.941176470588236,True,True
01018,01018/sva.sv,sva.sv,.sv,78,61,15,46,3064,392,766,10,0,8,18,21.73913043478261,True,True
04758,04758/sva.sv,sva.sv,.sv,57,44,10,34,1982,248,496,8,0,4,11,23.52941176470588,True,True
03119,03119/sva.sv,sva.sv,.sv,42,33,9,24,1598,180,400,3,0,7,10,12.5,True,True
03925,03925/sva.sv,sva.sv,.sv,142,125,16,109,5503,633,1376,17,2,4,20,15.59633027522936,True,True
02803,02803/sva.sv,sva.sv,.sv,72,60,11,49,3035,354,759,6,0,10,16,12.244897959183673,True,True
00768,00768/sva.sv,sva.sv,.sv,53,44,8,36,2063,247,516,6,0,8,14,16.666666666666664,True,True
01488,01488/sva.sv,sva.sv,.sv,136,116,18,98,6024,612,1506,10,0,25,35,10.204081632653061,True,True
00902,00902/sva.sv,sva.sv,.sv,107,88,13,75,4646,416,1162,29,0,2,31,38.666666666666664,True,True
02669,02669/sva.sv,sva.sv,.sv,41,32,8,24,1839,284,460,10,0,7,21,41.66666666666667,True,True
03589,03589/sva.sv,sva.sv,.sv,101,91,11,80,3185,433,796,3,0,19,0,3.75,True,False
01682,01682/sva.sv,sva.sv,.sv,65,55,13,42,2335,317,584,12,0,18,0,28.57142857142857,True,False
00750,00750/sva.sv,sva.sv,.sv,73,64,4,60,2156,250,539,8,0,16,10,13.333333333333334,True,True
02007,02007/sva.sv,sva.sv,.sv,40,33,7,26,1723,244,431,4,0,4,10,15.384615384615385,True,True
02235,02235/sva.sv,sva.sv,.sv,81,63,15,48,2728,354,682,9,0,6,15,18.75,True,True
00562,00562/sva.sv,sva.sv,.sv,53,43,8,35,1851,240,463,12,0,4,16,34.285714285714285,True,True
02651,02651/sva.sv,sva.sv,.sv,51,43,6,37,2272,235,568,10,0,5,15,27.027027027027028,True,True
03783,03783/sva.sv,sva.sv,.sv,46,39,4,35,2225,289,556,4,0,10,14,11.428571428571429,True,True
00106,00106/sva.sv,sva.sv,.sv,58,41,14,27,2202,303,550,8,0,4,12,29.629629629629626,True,True
04794,04794/sva.sv,sva.sv,.sv,86,69,8,61,4636,306,1159,14,0,17,31,22.950819672131146,True,True
00334,00334/sva.sv,sva.sv,.sv,44,37,6,31,1852,285,463,2,0,4,6,6.451612903225806,True,True
02463,02463/sva.sv,sva.sv,.sv,79,68,16,52,2834,416,708,13,0,10,0,25.0,True,False
03777,03777/sva.sv,sva.sv,.sv,149,116,29,87,5199,591,1300,20,0,7,18,22.988505747126435,True,True
04552,04552/sva.sv,sva.sv,.sv,33,28,5,23,1063,134,266,3,0,6,10,13.043478260869565,True,True
01020,01020/sva.sv,sva.sv,.sv,63,54,8,46,2580,343,645,12,0,16,0,26.08695652173913,True,False
04760,04760/sva.sv,sva.sv,.sv,67,56,14,42,2554,357,638,7,0,7,12,16.666666666666664,True,True
01212,01212/sva.sv,sva.sv,.sv,52,44,8,36,1999,276,500,8,0,7,15,22.22222222222222,True,True
02497,02497/sva.sv,sva.sv,.sv,68,53,14,39,3148,332,787,19,0,3,23,48.717948717948715,True,True
03545,03545/sva.sv,sva.sv,.sv,66,50,13,37,2272,332,568,4,0,6,10,10.81081081081081,True,True
04304,04304/sva.sv,sva.sv,.sv,67,56,10,46,2151,262,538,9,0,7,13,19.565217391304348,True,True
01676,01676/sva.sv,sva.sv,.sv,56,48,9,39,1812,229,453,5,0,3,8,12.82051282051282,True,True
03121,03121/sva.sv,sva.sv,.sv,142,123,34,89,6503,638,1626,18,0,1,17,20.224719101123593,True,True
03313,03313/sva.sv,sva.sv,.sv,81,67,12,55,3492,296,873,13,0,11,24,23.636363636363637,True,True
04136,04136/sva.sv,sva.sv,.sv,161,133,33,100,8875,828,2219,80,0,8,88,80.0,True,True
01444,01444/sva.sv,sva.sv,.sv,72,58,18,40,3761,407,940,14,0,21,35,35.0,True,True
00596,00596/sva.sv,sva.sv,.sv,71,57,11,46,2541,284,635,8,0,5,12,17.391304347826086,True,True
04599,04599/sva.sv,sva.sv,.sv,84,74,12,62,3076,407,769,9,0,5,12,14.516129032258066,True,True
00905,00905/sva.sv,sva.sv,.sv,51,42,7,35,2290,337,572,6,0,8,14,17.142857142857142,True,True
00139,00139/sva.sv,sva.sv,.sv,31,22,9,13,1354,191,338,3,0,6,9,23.076923076923077,True,True
02038,02038/sva.sv,sva.sv,.sv,73,62,11,51,2638,348,660,14,0,5,19,27.450980392156865,True,True
02804,02804/sva.sv,sva.sv,.sv,82,69,12,57,3159,421,790,13,0,9,22,22.807017543859647,True,True
04109,04109/sva.sv,sva.sv,.sv,63,53,10,43,2682,304,670,10,0,9,19,23.25581395348837,True,True
03922,03922/sva.sv,sva.sv,.sv,60,51,8,43,1866,265,466,9,0,5,14,20.930232558139537,True,True
01649,01649/sva.sv,sva.sv,.sv,96,82,23,59,3859,506,965,12,0,9,21,20.33898305084746,True,True
01823,01823/sva.sv,sva.sv,.sv,98,81,17,64,3833,452,958,9,0,15,34,14.0625,True,True
03748,03748/sva.sv,sva.sv,.sv,77,69,13,56,3352,422,838,13,0,14,27,23.214285714285715,True,True
00951,00951/sva.sv,sva.sv,.sv,41,33,8,25,1810,270,452,3,0,7,10,12.0,True,True
01883,01883/sva.sv,sva.sv,.sv,42,33,8,25,1721,191,430,7,0,4,14,28.000000000000004,True,True
02408,02408/sva.sv,sva.sv,.sv,59,49,7,42,2850,396,712,15,0,9,24,35.714285714285715,True,True
03982,03982/sva.sv,sva.sv,.sv,48,38,9,29,2778,311,694,12,0,7,19,41.37931034482759,True,True
02850,02850/sva.sv,sva.sv,.sv,55,43,9,34,2483,265,621,13,0,6,19,38.23529411764706,True,True
00509,00509/sva.sv,sva.sv,.sv,37,30,9,21,1925,252,481,8,0,6,14,38.095238095238095,True,True
03976,03976/sva.sv,sva.sv,.sv,59,49,8,41,1768,235,442,5,0,4,14,12.195121951219512,True,True
02098,02098/sva.sv,sva.sv,.sv,43,37,5,32,1928,320,482,6,0,8,16,18.75,True,True
03378,03378/sva.sv,sva.sv,.sv,227,187,28,159,9767,847,2442,34,0,6,37,21.38364779874214,True,True
00199,00199/sva.sv,sva.sv,.sv,191,163,22,141,10065,1010,2516,34,0,13,47,24.113475177304963,True,True
04539,04539/sva.sv,sva.sv,.sv,49,40,8,32,2064,255,516,6,0,11,17,18.75,True,True
01877,01877/sva.sv,sva.sv,.sv,71,62,11,51,2793,272,698,8,0,4,12,15.686274509803921,True,True
01279,01279/sva.sv,sva.sv,.sv,47,37,8,29,1746,257,436,2,0,10,12,6.896551724137931,True,True
00536,00536/sva.sv,sva.sv,.sv,56,44,8,36,2428,303,607,7,0,9,16,19.444444444444446,True,True
04196,04196/sva.sv,sva.sv,.sv,126,101,40,61,4630,553,1158,20,0,5,25,32.78688524590164,True,True
02261,02261/sva.sv,sva.sv,.sv,108,89,17,72,4244,506,1061,15,0,6,18,20.833333333333336,True,True
03181,03181/sva.sv,sva.sv,.sv,91,79,17,62,3056,460,764,8,0,13,21,12.903225806451612,True,True
02053,02053/sva.sv,sva.sv,.sv,145,115,33,82,5993,650,1498,24,0,14,38,29.268292682926827,True,True
00704,00704/sva.sv,sva.sv,.sv,69,54,11,43,2569,322,642,13,0,12,25,30.23255813953488,True,True
02437,02437/sva.sv,sva.sv,.sv,72,61,12,49,2712,302,678,8,0,10,0,16.3265306122449,True,False
00360,00360/sva.sv,sva.sv,.sv,55,44,10,34,2121,288,530,3,0,6,8,8.823529411764707,True,True
00152,00152/sva.sv,sva.sv,.sv,42,34,9,25,1510,237,378,2,0,6,8,8.0,True,True
01080,01080/sva.sv,sva.sv,.sv,49,42,8,34,1886,298,472,7,0,8,8,20.588235294117645,True,True
02605,02605/sva.sv,sva.sv,.sv,99,82,21,61,4938,550,1234,34,0,4,38,55.73770491803278,True,True
03511,03511/sva.sv,sva.sv,.sv,39,32,8,24,1740,228,435,7,0,6,13,29.166666666666668,True,True
00394,00394/sva.sv,sva.sv,.sv,58,49,9,40,2282,292,570,11,0,10,21,27.500000000000004,True,True
01246,01246/sva.sv,sva.sv,.sv,71,61,9,52,2823,372,706,10,0,7,17,19.230769230769234,True,True
04734,04734/sva.sv,sva.sv,.sv,55,44,12,32,2091,268,523,6,0,4,10,18.75,True,True
01074,01074/sva.sv,sva.sv,.sv,50,41,7,34,2511,287,628,7,0,6,13,20.588235294117645,True,True
04506,04506/sva.sv,sva.sv,.sv,38,28,8,20,1271,193,318,5,0,4,9,25.0,True,True
01848,01848/sva.sv,sva.sv,.sv,44,35,10,25,2058,235,514,8,0,5,13,32.0,True,True
03723,03723/sva.sv,sva.sv,.sv,93,78,18,60,3905,470,976,11,0,7,18,18.333333333333332,True,True
01410,01410/sva.sv,sva.sv,.sv,123,103,26,77,7238,821,1810,47,0,9,56,61.038961038961034,True,True
04162,04162/sva.sv,sva.sv,.sv,37,29,7,22,1376,218,344,7,0,5,12,31.818181818181817,True,True
03347,03347/sva.sv,sva.sv,.sv,60,48,8,40,2848,335,712,4,0,8,16,10.0,True,True
02295,02295/sva.sv,sva.sv,.sv,86,68,19,49,3599,367,900,30,0,3,33,61.224489795918366,True,True
03949,03949/sva.sv,sva.sv,.sv,51,43,11,32,2081,357,520,5,0,3,10,15.625,True,True
03175,03175/sva.sv,sva.sv,.sv,69,56,11,45,2771,314,693,6,1,5,12,13.333333333333334,True,True
01622,01622/sva.sv,sva.sv,.sv,84,77,12,65,3479,388,870,5,0,11,0,7.6923076923076925,True,False
04350,04350/sva.sv,sva.sv,.sv,56,45,10,35,2170,241,542,8,0,6,14,22.857142857142858,True,True
03529,03529/sva.sv,sva.sv,.sv,77,60,14,46,2840,346,710,12,0,3,14,26.08695652173913,True,True
01870,01870/sva.sv,sva.sv,.sv,69,57,7,50,2380,286,595,11,0,13,0,22.0,True,False
01428,01428/sva.sv,sva.sv,.sv,42,31,11,20,1624,237,406,4,0,4,8,20.0,True,True
04368,04368/sva.sv,sva.sv,.sv,41,34,15,19,1737,201,434,5,0,6,9,26.31578947368421,True,True
03971,03971/sva.sv,sva.sv,.sv,47,37,11,26,2127,261,532,11,0,2,13,42.30769230769231,True,True
02259,02259/sva.sv,sva.sv,.sv,63,52,9,43,2281,373,570,5,0,8,18,11.627906976744185,True,True
03985,03985/sva.sv,sva.sv,.sv,34,28,6,22,1326,237,332,6,0,6,12,27.27272727272727,True,True
02857,02857/sva.sv,sva.sv,.sv,29,25,5,20,1114,145,278,2,0,8,10,10.0,True,True
00358,00358/sva.sv,sva.sv,.sv,41,33,7,26,1926,210,482,3,0,7,10,11.538461538461538,True,True
00956,00956/sva.sv,sva.sv,.sv,47,42,7,35,1828,221,457,6,0,3,0,17.142857142857142,True,False
01884,01884/sva.sv,sva.sv,.sv,62,52,9,43,2012,243,503,9,0,5,14,20.930232558139537,True,True
03172,03172/sva.sv,sva.sv,.sv,48,39,10,29,1472,198,368,7,0,7,14,24.137931034482758,True,True
01625,01625/sva.sv,sva.sv,.sv,123,102,15,87,5036,620,1259,31,0,4,35,35.63218390804598,True,True
04357,04357/sva.sv,sva.sv,.sv,103,95,10,85,3096,378,774,17,0,20,0,20.0,True,False
01417,01417/sva.sv,sva.sv,.sv,54,46,6,40,3350,302,838,15,0,14,29,37.5,True,True
04165,04165/sva.sv,sva.sv,.sv,54,45,8,37,2378,354,594,3,0,16,22,8.108108108108109,True,True
03340,03340/sva.sv,sva.sv,.sv,163,139,35,104,5657,564,1414,24,0,6,30,23.076923076923077,True,True
02292,02292/sva.sv,sva.sv,.sv,54,41,10,31,1783,194,446,7,0,4,11,22.58064516129032,True,True
01073,01073/sva.sv,sva.sv,.sv,73,62,12,50,3123,379,781,12,0,12,24,24.0,True,True
04501,04501/sva.sv,sva.sv,.sv,59,48,9,39,2474,396,618,11,0,9,20,28.205128205128204,True,True
03724,03724/sva.sv,sva.sv,.sv,50,42,8,34,2393,284,598,14,0,3,17,41.17647058823529,True,True
03516,03516/sva.sv,sva.sv,.sv,55,46,9,37,1867,300,467,11,0,8,19,29.72972972972973,True,True
00393,00393/sva.sv,sva.sv,.sv,333,304,53,251,18856,2023,4714,118,0,6,124,47.01195219123506,True,True
01241,01241/sva.sv,sva.sv,.sv,49,39,9,30,1764,230,441,6,0,6,0,20.0,True,False
04733,04733/sva.sv,sva.sv,.sv,36,26,8,18,1389,179,347,6,0,3,9,33.33333333333333,True,True
00155,00155/sva.sv,sva.sv,.sv,47,40,7,33,1866,259,466,6,0,4,10,18.181818181818183,True,True
01087,01087/sva.sv,sva.sv,.sv,68,55,12,43,2899,323,725,7,0,4,11,16.27906976744186,True,True
00969,00969/sva.sv,sva.sv,.sv,39,30,8,22,1644,181,411,6,0,3,9,27.27272727272727,True,True
02602,02602/sva.sv,sva.sv,.sv,55,47,7,40,2556,371,639,13,0,14,20,32.5,True,True
02430,02430/sva.sv,sva.sv,.sv,43,34,10,24,1906,223,476,9,0,7,16,37.5,True,True
00367,00367/sva.sv,sva.sv,.sv,49,41,7,34,1729,236,432,9,0,4,13,26.47058823529412,True,True
02868,02868/sva.sv,sva.sv,.sv,40,35,7,28,1469,205,367,4,0,8,12,14.285714285714285,True,True
03186,03186/sva.sv,sva.sv,.sv,68,56,10,46,2506,350,626,7,0,8,15,15.217391304347828,True,True
02054,02054/sva.sv,sva.sv,.sv,71,59,14,45,2677,336,669,11,0,10,21,24.444444444444443,True,True
00703,00703/sva.sv,sva.sv,.sv,84,74,13,61,5652,385,1413,17,0,8,25,27.86885245901639,True,True
00531,00531/sva.sv,sva.sv,.sv,49,37,11,26,1863,270,466,6,0,2,9,23.076923076923077,True,True
04191,04191/sva.sv,sva.sv,.sv,46,39,7,32,2066,242,516,7,0,8,15,21.875,True,True
02266,02266/sva.sv,sva.sv,.sv,94,78,17,61,5003,563,1251,25,0,3,28,40.98360655737705,True,True
03349,03349/sva.sv,sva.sv,.sv,86,72,19,53,3946,409,986,13,0,3,16,24.528301886792452,True,True
02895,02895/sva.sv,sva.sv,.sv,67,58,13,45,2857,377,714,13,0,8,21,28.888888888888886,True,True
03947,03947/sva.sv,sva.sv,.sv,54,43,9,34,1866,273,466,8,0,12,20,23.52941176470588,True,True
01248,01248/sva.sv,sva.sv,.sv,52,44,8,36,1836,271,459,9,0,3,12,25.0,True,True
01846,01846/sva.sv,sva.sv,.sv,72,60,13,47,3450,395,862,15,0,6,21,31.914893617021278,True,True
04508,04508/sva.sv,sva.sv,.sv,56,44,10,34,2117,235,529,7,0,4,11,20.588235294117645,True,True
00994,00994/sva.sv,sva.sv,.sv,147,126,18,108,4110,524,1028,10,0,6,16,9.25925925925926,True,True
02439,02439/sva.sv,sva.sv,.sv,168,138,32,106,9972,1049,2493,28,0,6,34,26.41509433962264,True,True
00960,00960/sva.sv,sva.sv,.sv,83,69,12,57,2848,328,712,10,0,3,11,17.543859649122805,True,True
00538,00538/sva.sv,sva.sv,.sv,84,68,13,55,5229,368,1307,25,0,4,29,45.45454545454545,True,True
04198,04198/sva.sv,sva.sv,.sv,99,82,11,71,3447,337,862,16,0,12,28,22.535211267605636,True,True
02861,02861/sva.sv,sva.sv,.sv,47,39,8,31,1702,240,426,9,0,8,14,29.03225806451613,True,True
03712,03712/sva.sv,sva.sv,.sv,60,49,8,41,2372,299,593,6,0,6,12,14.634146341463413,True,True
01045,01045/sva.sv,sva.sv,.sv,37,32,6,26,1326,181,332,5,0,1,1,19.230769230769234,True,True
00197,00197/sva.sv,sva.sv,.sv,84,64,15,49,2598,322,650,19,0,11,30,38.775510204081634,True,True
01879,01879/sva.sv,sva.sv,.sv,42,33,10,23,1771,199,443,6,0,3,9,26.08695652173913,True,True
04537,04537/sva.sv,sva.sv,.sv,62,55,8,47,1873,223,468,2,0,3,5,4.25531914893617,True,True
01277,01277/sva.sv,sva.sv,.sv,76,64,10,54,2262,375,566,11,0,6,0,20.37037037037037,True,False
04705,04705/sva.sv,sva.sv,.sv,49,39,8,31,1387,190,347,5,0,4,9,16.129032258064516,True,True
03520,03520/sva.sv,sva.sv,.sv,117,102,11,91,3886,500,972,20,0,9,27,21.978021978021978,True,True
01613,01613/sva.sv,sva.sv,.sv,50,39,7,32,2168,304,542,5,0,2,6,15.625,True,True
04361,04361/sva.sv,sva.sv,.sv,55,46,8,38,1789,211,447,8,0,4,12,21.052631578947366,True,True
03978,03978/sva.sv,sva.sv,.sv,32,26,6,20,1706,247,426,10,0,3,13,50.0,True,True
02096,02096/sva.sv,sva.sv,.sv,70,56,13,43,3264,365,816,9,0,11,20,20.930232558139537,True,True
03144,03144/sva.sv,sva.sv,.sv,51,43,8,35,1800,200,450,3,0,6,9,8.571428571428571,True,True
03376,03376/sva.sv,sva.sv,.sv,58,50,11,39,2116,270,529,7,0,4,11,17.94871794871795,True,True
01421,01421/sva.sv,sva.sv,.sv,73,57,17,40,3926,401,982,19,0,7,26,47.5,True,True
04153,04153/sva.sv,sva.sv,.sv,67,56,10,46,3075,311,769,10,0,4,14,21.73913043478261,True,True
00735,00735/sva.sv,sva.sv,.sv,77,65,9,56,2642,322,660,10,0,5,15,17.857142857142858,True,True
04395,04395/sva.sv,sva.sv,.sv,72,63,6,57,3413,433,853,9,0,8,24,15.789473684210526,True,True
02062,02062/sva.sv,sva.sv,.sv,54,45,8,37,2076,276,519,3,0,7,11,8.108108108108109,True,True
02250,02250/sva.sv,sva.sv,.sv,76,68,13,55,3845,488,961,4,0,16,24,7.2727272727272725,True,True
03382,03382/sva.sv,sva.sv,.sv,50,43,8,35,1704,230,426,4,0,5,9,11.428571428571429,True,True
00507,00507/sva.sv,sva.sv,.sv,43,34,13,21,1956,242,489,7,0,3,10,33.33333333333333,True,True
02634,02634/sva.sv,sva.sv,.sv,171,142,22,120,5798,700,1450,19,0,13,17,15.833333333333332,True,True
00163,00163/sva.sv,sva.sv,.sv,85,74,15,59,3532,445,883,13,1,6,20,22.033898305084744,True,True
01283,01283/sva.sv,sva.sv,.sv,30,23,7,16,1236,171,309,4,0,6,11,25.0,True,True
00351,00351/sva.sv,sva.sv,.sv,57,48,8,40,2490,336,622,4,0,10,18,10.0,True,True
02406,02406/sva.sv,sva.sv,.sv,41,33,8,25,1270,200,318,2,0,3,5,8.0,True,True
02866,02866/sva.sv,sva.sv,.sv,85,75,13,62,3808,405,952,12,0,4,16,19.35483870967742,True,True
03188,03188/sva.sv,sva.sv,.sv,42,34,7,27,1468,207,367,2,0,5,7,7.4074074074074066,True,True
02268,02268/sva.sv,sva.sv,.sv,44,34,9,25,1651,308,413,7,0,5,12,28.000000000000004,True,True
01089,01089/sva.sv,sva.sv,.sv,53,45,8,37,1842,218,460,8,0,4,12,21.62162162162162,True,True
00967,00967/sva.sv,sva.sv,.sv,79,62,16,46,2903,377,726,7,0,9,17,15.217391304347828,True,True
00369,00369/sva.sv,sva.sv,.sv,117,104,12,92,4799,517,1200,23,0,3,26,25.0,True,True
01841,01841/sva.sv,sva.sv,.sv,78,66,11,55,2774,303,694,5,0,14,21,9.090909090909092,True,True
00993,00993/sva.sv,sva.sv,.sv,46,35,10,25,1706,215,426,4,0,2,6,16.0,True,True
03518,03518/sva.sv,sva.sv,.sv,83,68,21,47,4056,443,1014,6,0,10,16,12.76595744680851,True,True
02892,02892/sva.sv,sva.sv,.sv,30,25,6,19,1217,164,304,6,0,3,9,31.57894736842105,True,True
03940,03940/sva.sv,sva.sv,.sv,64,54,11,43,2167,273,542,11,0,9,0,25.581395348837212,True,False
04359,04359/sva.sv,sva.sv,.sv,69,60,15,45,3036,375,759,9,0,4,12,20.0,True,True
01419,01419/sva.sv,sva.sv,.sv,67,54,11,43,3233,354,808,15,0,8,23,34.883720930232556,True,True
01284,01284/sva.sv,sva.sv,.sv,84,73,8,65,2764,353,691,9,0,7,16,13.846153846153847,True,True
00356,00356/sva.sv,sva.sv,.sv,66,55,7,48,2173,257,543,8,0,6,14,16.666666666666664,True,True
02401,02401/sva.sv,sva.sv,.sv,42,29,9,20,1619,188,405,5,0,6,12,25.0,True,True
02633,02633/sva.sv,sva.sv,.sv,111,90,14,76,4133,406,1033,15,0,3,18,19.736842105263158,True,True
00164,00164/sva.sv,sva.sv,.sv,106,83,28,55,5356,539,1339,22,0,6,29,40.0,True,True
00958,00958/sva.sv,sva.sv,.sv,151,134,20,114,7543,652,1886,10,0,9,20,8.771929824561402,True,True
02257,02257/sva.sv,sva.sv,.sv,49,42,7,35,2252,293,563,7,0,4,4,20.0,True,True
03385,03385/sva.sv,sva.sv,.sv,90,77,11,66,2891,388,723,8,0,10,26,12.121212121212121,True,True
00500,00500/sva.sv,sva.sv,.sv,86,71,15,56,3372,410,843,8,0,22,30,14.285714285714285,True,True
00732,00732/sva.sv,sva.sv,.sv,44,36,5,31,1514,184,378,2,0,8,0,6.451612903225806,True,False
04392,04392/sva.sv,sva.sv,.sv,110,88,35,53,4999,466,1250,23,0,6,29,43.39622641509434,True,True
02859,02859/sva.sv,sva.sv,.sv,32,22,9,13,1321,202,330,5,0,4,9,38.46153846153847,True,True
02065,02065/sva.sv,sva.sv,.sv,44,36,8,28,1508,215,377,4,0,5,13,14.285714285714285,True,True
03371,03371/sva.sv,sva.sv,.sv,50,38,10,28,1908,204,477,6,0,2,8,21.428571428571427,True,True
01426,01426/sva.sv,sva.sv,.sv,53,46,8,38,2182,298,546,6,0,9,15,15.789473684210526,True,True
04154,04154/sva.sv,sva.sv,.sv,79,67,14,53,2609,366,652,5,0,13,0,9.433962264150944,True,False
01614,01614/sva.sv,sva.sv,.sv,75,67,8,59,3376,501,844,4,0,10,18,6.779661016949152,True,True
04366,04366/sva.sv,sva.sv,.sv,45,41,6,35,2340,372,585,5,0,7,7,14.285714285714285,True,True
02091,02091/sva.sv,sva.sv,.sv,106,87,18,69,4000,524,1000,13,0,14,0,18.84057971014493,True,False
03143,03143/sva.sv,sva.sv,.sv,30,21,8,13,1080,140,270,4,0,6,10,30.76923076923077,True,True
01270,01270/sva.sv,sva.sv,.sv,115,99,13,86,4269,381,1067,12,0,8,21,13.953488372093023,True,True
04702,04702/sva.sv,sva.sv,.sv,32,25,8,17,1460,201,365,5,0,2,7,29.411764705882355,True,True
03527,03527/sva.sv,sva.sv,.sv,74,62,11,51,2992,352,748,9,0,13,22,17.647058823529413,True,True
03715,03715/sva.sv,sva.sv,.sv,46,35,7,28,1447,179,362,5,0,6,11,17.857142857142858,True,True
01042,01042/sva.sv,sva.sv,.sv,61,51,11,40,2800,389,700,11,0,7,18,27.500000000000004,True,True
00190,00190/sva.sv,sva.sv,.sv,51,43,9,34,2043,252,511,4,0,10,18,11.76470588235294,True,True
04530,04530/sva.sv,sva.sv,.sv,72,61,11,50,3012,332,753,6,0,3,9,12.0,True,True
04670,04670/sva.sv,sva.sv,.sv,65,55,14,41,2570,318,642,9,0,11,20,21.951219512195124,True,True
01302,01302/sva.sv,sva.sv,.sv,58,45,10,35,2137,304,534,15,0,3,16,42.857142857142854,True,True
03455,03455/sva.sv,sva.sv,.sv,107,92,16,76,5516,581,1379,12,0,6,18,15.789473684210526,True,True
02587,02587/sva.sv,sva.sv,.sv,139,122,11,111,5684,572,1421,12,0,11,23,10.81081081081081,True,True
03667,03667/sva.sv,sva.sv,.sv,130,112,20,92,4277,556,1069,14,0,15,30,15.217391304347828,True,True
04442,04442/sva.sv,sva.sv,.sv,148,125,22,103,6171,694,1543,29,0,7,35,28.155339805825243,True,True
01130,01130/sva.sv,sva.sv,.sv,36,28,10,18,1664,186,416,5,0,2,7,27.77777777777778,True,True
03203,03203/sva.sv,sva.sv,.sv,53,45,9,36,2269,259,567,8,0,5,13,22.22222222222222,True,True
04026,04026/sva.sv,sva.sv,.sv,46,38,10,28,2070,267,518,9,0,6,15,32.142857142857146,True,True
00486,00486/sva.sv,sva.sv,.sv,47,38,9,29,2250,255,562,8,0,6,14,27.586206896551722,True,True
01554,01554/sva.sv,sva.sv,.sv,55,41,15,26,2106,249,526,7,0,9,16,26.923076923076923,True,True
04214,04214/sva.sv,sva.sv,.sv,153,145,10,135,8130,645,2032,6,0,0,0,4.444444444444445,True,False
01766,01766/sva.sv,sva.sv,.sv,45,35,9,26,1539,204,385,6,0,3,10,23.076923076923077,True,True
03031,03031/sva.sv,sva.sv,.sv,41,33,9,24,1885,266,471,3,0,8,12,12.5,True,True
02325,02325/sva.sv,sva.sv,.sv,63,53,11,42,2470,416,618,5,0,12,15,11.904761904761903,True,True
00472,00472/sva.sv,sva.sv,.sv,42,32,9,23,1629,235,407,7,0,4,12,30.434782608695656,True,True
00640,00640/sva.sv,sva.sv,.sv,94,73,36,37,4226,591,1056,20,0,10,30,54.054054054054056,True,True
01792,01792/sva.sv,sva.sv,.sv,79,66,11,55,3534,428,884,9,0,7,16,16.363636363636363,True,True
02117,02117/sva.sv,sva.sv,.sv,55,46,11,35,2328,290,582,8,0,8,16,22.857142857142858,True,True
04684,04684/sva.sv,sva.sv,.sv,112,88,18,70,3612,413,903,8,0,5,13,11.428571428571429,True,True
00224,00224/sva.sv,sva.sv,.sv,79,66,14,52,3066,446,766,5,0,17,26,9.615384615384617,True,True
02573,02573/sva.sv,sva.sv,.sv,46,34,10,24,1688,206,422,12,0,2,14,50.0,True,True
03693,03693/sva.sv,sva.sv,.sv,42,34,7,27,1989,224,497,6,0,10,16,22.22222222222222,True,True
02741,02741/sva.sv,sva.sv,.sv,61,52,6,46,2591,383,648,14,0,9,11,30.434782608695656,True,True
00016,00016/sva.sv,sva.sv,.sv,94,73,15,58,3687,495,922,20,0,10,30,34.48275862068966,True,True
03832,03832/sva.sv,sva.sv,.sv,78,62,17,45,3929,463,982,23,0,3,26,51.11111111111111,True,True
01759,01759/sva.sv,sva.sv,.sv,28,20,7,13,1235,150,309,6,0,3,9,46.15384615384615,True,True
04019,04019/sva.sv,sva.sv,.sv,76,58,13,45,3575,333,894,15,0,11,26,33.33333333333333,True,True
01933,01933/sva.sv,sva.sv,.sv,130,111,14,97,6338,581,1584,21,0,8,29,21.649484536082475,True,True
03658,03658/sva.sv,sva.sv,.sv,57,49,11,38,2307,266,577,5,0,6,10,13.157894736842104,True,True
04489,04489/sva.sv,sva.sv,.sv,59,48,10,38,2289,243,572,5,0,4,9,13.157894736842104,True,True
00815,00815/sva.sv,sva.sv,.sv,43,33,11,22,1957,262,489,8,0,8,16,36.36363636363637,True,True
00029,00029/sva.sv,sva.sv,.sv,60,49,15,34,2307,330,577,8,0,7,15,23.52941176470588,True,True
02128,02128/sva.sv,sva.sv,.sv,107,88,15,73,4165,486,1041,19,0,3,22,26.027397260273972,True,True
02914,02914/sva.sv,sva.sv,.sv,59,50,10,40,1888,223,472,4,0,2,9,10.0,True,True
03694,03694/sva.sv,sva.sv,.sv,50,38,8,30,2316,322,579,5,0,14,19,16.666666666666664,True,True
02746,02746/sva.sv,sva.sv,.sv,58,51,10,41,2417,326,604,8,0,10,0,19.51219512195122,True,False
00011,00011/sva.sv,sva.sv,.sv,70,59,13,46,2684,341,671,7,0,8,17,15.217391304347828,True,True
04683,04683/sva.sv,sva.sv,.sv,36,30,5,25,1518,231,380,2,0,8,11,8.0,True,True
00223,00223/sva.sv,sva.sv,.sv,47,39,7,32,1839,242,460,11,0,12,23,34.375,True,True
02574,02574/sva.sv,sva.sv,.sv,59,50,8,42,2359,379,590,6,0,8,20,14.285714285714285,True,True
00647,00647/sva.sv,sva.sv,.sv,53,42,10,32,2240,347,560,8,2,9,19,25.0,True,True
01795,01795/sva.sv,sva.sv,.sv,48,37,8,29,1492,196,373,4,0,3,11,13.793103448275861,True,True
02110,02110/sva.sv,sva.sv,.sv,136,111,15,96,6746,616,1686,10,0,13,24,10.416666666666668,True,True
02322,02322/sva.sv,sva.sv,.sv,49,39,10,29,1645,233,411,8,0,6,14,27.586206896551722,True,True
00475,00475/sva.sv,sva.sv,.sv,50,40,8,32,2049,261,512,6,0,5,11,18.75,True,True
04213,04213/sva.sv,sva.sv,.sv,70,55,16,39,2987,290,747,16,0,6,22,41.02564102564102,True,True
01761,01761/sva.sv,sva.sv,.sv,59,51,9,42,2273,251,568,8,0,4,11,19.047619047619047,True,True
03036,03036/sva.sv,sva.sv,.sv,74,63,12,51,3603,402,901,8,0,7,12,15.686274509803921,True,True
03204,03204/sva.sv,sva.sv,.sv,67,58,10,48,2714,364,678,9,0,5,14,18.75,True,True
04021,04021/sva.sv,sva.sv,.sv,46,34,9,25,1740,229,435,4,0,3,7,16.0,True,True
00481,00481/sva.sv,sva.sv,.sv,89,69,20,49,4376,428,1094,29,0,11,39,59.183673469387756,True,True
01553,01553/sva.sv,sva.sv,.sv,35,30,7,23,1715,207,429,8,0,7,15,34.78260869565217,True,True
03660,03660/sva.sv,sva.sv,.sv,40,32,8,24,1494,204,374,2,0,10,11,8.333333333333332,True,True
04445,04445/sva.sv,sva.sv,.sv,38,30,8,22,1766,216,442,6,0,8,14,27.27272727272727,True,True
01137,01137/sva.sv,sva.sv,.sv,37,28,8,20,1563,154,391,5,0,3,8,25.0,True,True
04677,04677/sva.sv,sva.sv,.sv,72,61,10,51,2288,264,572,2,0,11,0,3.9215686274509802,True,False
01305,01305/sva.sv,sva.sv,.sv,107,85,23,62,5433,711,1358,22,0,4,22,35.483870967741936,True,True
03452,03452/sva.sv,sva.sv,.sv,38,30,6,24,1459,196,365,6,0,5,11,25.0,True,True
02580,02580/sva.sv,sva.sv,.sv,58,46,11,35,2472,304,618,9,0,4,12,25.71428571428571,True,True
01598,01598/sva.sv,sva.sv,.sv,55,47,10,37,2200,316,550,4,0,3,8,10.81081081081081,True,True
02913,02913/sva.sv,sva.sv,.sv,68,56,10,46,3195,389,799,11,0,4,15,23.91304347826087,True,True
00678,00678/sva.sv,sva.sv,.sv,53,42,11,31,1781,229,445,5,2,5,1,16.129032258064516,True,True
03499,03499/sva.sv,sva.sv,.sv,93,80,14,66,3125,452,781,7,0,7,0,10.606060606060606,True,False
00812,00812/sva.sv,sva.sv,.sv,40,34,5,29,1270,181,318,3,0,4,10,10.344827586206897,True,True
02779,02779/sva.sv,sva.sv,.sv,38,31,6,25,1456,181,364,4,0,6,10,16.0,True,True
04648,04648/sva.sv,sva.sv,.sv,37,29,7,22,1335,185,334,3,0,6,12,13.636363636363635,True,True
01934,01934/sva.sv,sva.sv,.sv,59,48,10,38,1956,267,489,9,0,8,17,23.684210526315788,True,True
01108,01108/sva.sv,sva.sv,.sv,34,28,7,21,1700,175,425,8,0,3,11,38.095238095238095,True,True
03009,03009/sva.sv,sva.sv,.sv,305,253,68,185,10462,1190,2616,46,0,15,61,24.864864864864867,True,True
03835,03835/sva.sv,sva.sv,.sv,102,76,23,53,3125,387,781,15,0,22,37,28.30188679245283,True,True
02126,02126/sva.sv,sva.sv,.sv,165,146,18,128,7395,710,1849,27,0,12,37,21.09375,True,True
00671,00671/sva.sv,sva.sv,.sv,63,54,8,46,2643,290,661,15,0,12,27,32.608695652173914,True,True
01591,01591/sva.sv,sva.sv,.sv,43,34,7,27,1700,183,425,6,0,5,11,22.22222222222222,True,True
00443,00443/sva.sv,sva.sv,.sv,45,36,8,28,2413,304,603,5,0,7,12,17.857142857142858,True,True
02314,02314/sva.sv,sva.sv,.sv,56,44,11,33,2158,248,540,7,0,3,10,21.21212121212121,True,True
04487,04487/sva.sv,sva.sv,.sv,64,56,5,51,2798,404,700,6,0,16,16,11.76470588235294,True,True
00027,00027/sva.sv,sva.sv,.sv,44,38,8,30,2084,310,521,3,0,10,9,10.0,True,True
02770,02770/sva.sv,sva.sv,.sv,51,46,6,40,1730,190,432,8,0,6,0,20.0,True,False
02542,02542/sva.sv,sva.sv,.sv,71,54,10,44,3215,288,804,14,0,4,18,31.818181818181817,True,True
03490,03490/sva.sv,sva.sv,.sv,107,82,16,66,3781,528,945,22,0,13,35,33.33333333333333,True,True
00215,00215/sva.sv,sva.sv,.sv,62,53,10,43,2009,262,502,2,0,3,5,4.651162790697675,True,True
04473,04473/sva.sv,sva.sv,.sv,26,19,7,12,1149,188,287,4,0,5,9,33.33333333333333,True,True
01101,01101/sva.sv,sva.sv,.sv,72,60,8,52,3362,466,840,26,0,6,32,50.0,True,True
02784,02784/sva.sv,sva.sv,.sv,139,120,13,107,5725,815,1431,4,0,11,15,3.7383177570093453,True,True
03656,03656/sva.sv,sva.sv,.sv,42,37,4,33,1672,191,418,3,0,5,10,9.090909090909092,True,True
03464,03464/sva.sv,sva.sv,.sv,41,32,8,24,1633,253,408,6,0,10,16,25.0,True,True
04641,04641/sva.sv,sva.sv,.sv,91,76,13,63,3667,486,917,22,0,11,33,34.92063492063492,True,True
01333,01333/sva.sv,sva.sv,.sv,48,46,8,38,1342,194,336,4,0,11,0,10.526315789473683,True,False
03000,03000/sva.sv,sva.sv,.sv,37,30,5,25,1181,176,295,2,0,5,7,8.0,True,True
04225,04225/sva.sv,sva.sv,.sv,131,100,39,61,4857,586,1214,23,0,14,37,37.704918032786885,True,True
01757,01757/sva.sv,sva.sv,.sv,46,37,9,28,1384,176,346,4,0,5,13,14.285714285714285,True,True
00685,00685/sva.sv,sva.sv,.sv,44,38,8,30,1606,239,402,5,0,8,8,16.666666666666664,True,True
04017,04017/sva.sv,sva.sv,.sv,232,206,18,188,11236,1063,2809,42,0,11,53,22.340425531914892,True,True
01565,01565/sva.sv,sva.sv,.sv,56,42,10,32,1486,208,372,6,0,5,11,18.75,True,True
03232,03232/sva.sv,sva.sv,.sv,88,73,15,58,4079,407,1020,15,0,2,17,25.862068965517242,True,True
00824,00824/sva.sv,sva.sv,.sv,116,94,21,73,4459,588,1115,11,0,9,20,15.068493150684931,True,True
00018,00018/sva.sv,sva.sv,.sv,60,46,13,33,3053,454,763,21,0,5,26,63.63636363636363,True,True
02119,02119/sva.sv,sva.sv,.sv,98,80,15,65,5266,505,1316,22,0,4,26,33.84615384615385,True,True
02925,02925/sva.sv,sva.sv,.sv,60,50,7,43,1841,238,460,6,0,3,9,13.953488372093023,True,True
04028,04028/sva.sv,sva.sv,.sv,87,72,13,59,3493,455,873,21,0,4,22,35.59322033898305,True,True
00488,00488/sva.sv,sva.sv,.sv,76,64,11,53,3175,351,794,23,0,7,30,43.39622641509434,True,True
01768,01768/sva.sv,sva.sv,.sv,188,154,24,130,7305,643,1826,25,1,3,29,19.230769230769234,True,True
03803,03803/sva.sv,sva.sv,.sv,131,108,12,96,4848,537,1212,30,0,12,42,31.25,True,True
02589,02589/sva.sv,sva.sv,.sv,80,64,16,48,2595,320,649,8,0,4,12,16.666666666666664,True,True
03669,03669/sva.sv,sva.sv,.sv,112,102,11,91,4931,436,1233,7,0,8,14,7.6923076923076925,True,True
01902,01902/sva.sv,sva.sv,.sv,46,36,9,27,1400,193,350,5,0,3,7,18.51851851851852,True,True
04010,04010/sva.sv,sva.sv,.sv,109,87,25,62,4746,559,1186,21,0,9,30,33.87096774193548,True,True
01562,01562/sva.sv,sva.sv,.sv,139,119,16,103,4382,507,1096,12,0,10,22,11.650485436893204,True,True
03235,03235/sva.sv,sva.sv,.sv,169,148,18,130,5853,767,1463,9,0,10,14,6.923076923076923,True,True
03007,03007/sva.sv,sva.sv,.sv,69,52,11,41,2610,394,652,8,0,6,14,19.51219512195122,True,True
04222,04222/sva.sv,sva.sv,.sv,63,52,10,42,2064,218,516,7,0,4,11,16.666666666666664,True,True
01750,01750/sva.sv,sva.sv,.sv,76,63,12,51,2833,292,708,5,0,3,12,9.803921568627452,True,True
00682,00682/sva.sv,sva.sv,.sv,95,82,13,69,3436,364,859,11,0,5,25,15.942028985507244,True,True
03463,03463/sva.sv,sva.sv,.sv,86,72,10,62,3191,313,798,10,0,7,21,16.129032258064516,True,True
04646,04646/sva.sv,sva.sv,.sv,51,42,9,33,1693,218,423,11,0,3,14,33.33333333333333,True,True
01334,01334/sva.sv,sva.sv,.sv,41,33,7,26,2846,294,712,17,0,5,22,65.38461538461539,True,True
04474,04474/sva.sv,sva.sv,.sv,84,69,11,58,3179,347,795,15,0,7,22,25.862068965517242,True,True
01106,01106/sva.sv,sva.sv,.sv,71,58,12,46,2779,348,695,14,0,7,21,30.434782608695656,True,True
02783,02783/sva.sv,sva.sv,.sv,40,32,7,25,1511,214,378,4,0,6,14,16.0,True,True
03651,03651/sva.sv,sva.sv,.sv,37,29,8,21,1395,192,349,7,0,1,8,33.33333333333333,True,True
02545,02545/sva.sv,sva.sv,.sv,100,91,13,78,4131,434,1033,3,0,17,0,3.8461538461538463,True,False
03497,03497/sva.sv,sva.sv,.sv,94,80,14,66,3541,443,885,13,0,0,0,19.696969696969695,True,False
00212,00212/sva.sv,sva.sv,.sv,45,38,7,31,2210,299,552,9,0,6,15,29.03225806451613,True,True
04480,04480/sva.sv,sva.sv,.sv,125,110,13,97,5294,842,1324,7,0,11,18,7.216494845360824,True,True
00020,00020/sva.sv,sva.sv,.sv,111,96,18,78,3830,396,958,7,0,7,14,8.974358974358974,True,True
02777,02777/sva.sv,sva.sv,.sv,91,75,11,64,3816,398,954,9,0,5,14,14.0625,True,True
01596,01596/sva.sv,sva.sv,.sv,94,82,11,71,3254,415,814,9,0,10,19,12.676056338028168,True,True
00444,00444/sva.sv,sva.sv,.sv,121,95,37,58,5240,594,1310,24,0,6,30,41.37931034482759,True,True
02313,02313/sva.sv,sva.sv,.sv,102,86,17,69,4012,428,1003,15,0,2,17,21.73913043478261,True,True
02121,02121/sva.sv,sva.sv,.sv,35,28,7,21,1546,218,386,5,0,7,12,23.809523809523807,True,True
00676,00676/sva.sv,sva.sv,.sv,97,79,26,53,3787,551,947,14,0,12,13,26.41509433962264,True,True
01905,01905/sva.sv,sva.sv,.sv,145,128,34,94,5079,552,1270,23,0,3,26,24.46808510638298,True,True
01139,01139/sva.sv,sva.sv,.sv,40,33,8,25,1461,196,365,8,0,5,14,32.0,True,True
04679,04679/sva.sv,sva.sv,.sv,97,81,11,70,4202,421,1050,20,0,16,24,28.57142857142857,True,True
03038,03038/sva.sv,sva.sv,.sv,69,58,12,46,2173,290,543,11,0,4,15,23.91304347826087,True,True
03804,03804/sva.sv,sva.sv,.sv,47,37,10,27,2014,274,504,16,0,3,19,59.25925925925925,True,True
00649,00649/sva.sv,sva.sv,.sv,61,50,9,41,3599,374,900,22,0,4,26,53.65853658536586,True,True
02922,02922/sva.sv,sva.sv,.sv,57,46,12,34,1912,235,478,12,0,3,15,35.294117647058826,True,True
02748,02748/sva.sv,sva.sv,.sv,40,33,6,27,1501,243,375,6,0,8,14,22.22222222222222,True,True
00823,00823/sva.sv,sva.sv,.sv,95,78,13,65,4527,475,1132,15,0,3,18,23.076923076923077,True,True
03408,03408/sva.sv,sva.sv,.sv,201,174,39,135,8318,746,2080,41,0,19,60,30.37037037037037,True,True
00883,00883/sva.sv,sva.sv,.sv,96,82,21,61,3257,408,814,12,0,17,29,19.672131147540984,True,True
01951,01951/sva.sv,sva.sv,.sv,51,40,8,32,2110,229,528,14,0,3,17,43.75,True,True
01509,01509/sva.sv,sva.sv,.sv,87,77,20,57,3925,479,981,9,0,12,14,15.789473684210526,True,True
03850,03850/sva.sv,sva.sv,.sv,43,36,5,31,1481,194,370,3,0,5,8,9.67741935483871,True,True
02982,02982/sva.sv,sva.sv,.sv,40,30,9,21,1377,183,344,6,0,2,8,28.57142857142857,True,True
04249,04249/sva.sv,sva.sv,.sv,46,40,6,34,1938,210,484,7,0,5,0,20.588235294117645,True,False
02378,02378/sva.sv,sva.sv,.sv,61,47,11,36,1946,247,486,8,0,5,12,22.22222222222222,True,True
02976,02976/sva.sv,sva.sv,.sv,64,49,16,33,3374,434,844,16,0,7,18,48.484848484848484,True,True
03098,03098/sva.sv,sva.sv,.sv,44,39,9,30,1946,200,486,9,0,21,30,30.0,True,True
00279,00279/sva.sv,sva.sv,.sv,41,35,11,24,1598,245,400,7,0,8,15,29.166666666666668,True,True
01199,01199/sva.sv,sva.sv,.sv,100,90,15,75,3454,504,864,11,0,12,0,14.666666666666666,True,False
00877,00877/sva.sv,sva.sv,.sv,264,225,19,206,11734,1045,2934,54,0,24,78,26.21359223300971,True,True
01704,01704/sva.sv,sva.sv,.sv,63,51,10,41,1998,247,500,14,0,4,15,34.146341463414636,True,True
04276,04276/sva.sv,sva.sv,.sv,45,39,6,33,1636,191,409,6,0,3,9,18.181818181818183,True,True
03053,03053/sva.sv,sva.sv,.sv,95,74,14,60,3223,367,806,13,0,6,19,21.666666666666668,True,True
02181,02181/sva.sv,sva.sv,.sv,89,74,20,54,3692,426,923,23,0,4,29,42.592592592592595,True,True
03261,03261/sva.sv,sva.sv,.sv,52,42,10,32,2276,273,569,7,0,5,12,21.875,True,True
01536,01536/sva.sv,sva.sv,.sv,52,43,9,34,1865,255,466,6,0,4,10,17.647058823529413,True,True
04044,04044/sva.sv,sva.sv,.sv,85,66,13,53,4047,440,1012,18,0,9,27,33.9622641509434,True,True
03605,03605/sva.sv,sva.sv,.sv,37,31,6,25,1533,209,383,2,0,7,11,8.0,True,True
00080,00080/sva.sv,sva.sv,.sv,55,43,12,31,2368,282,592,9,0,4,13,29.03225806451613,True,True
01152,01152/sva.sv,sva.sv,.sv,100,79,18,61,3529,491,882,15,0,7,21,24.59016393442623,True,True
04420,04420/sva.sv,sva.sv,.sv,55,46,11,35,2456,264,614,4,0,7,11,11.428571428571429,True,True
01360,01360/sva.sv,sva.sv,.sv,47,41,7,34,1831,208,458,7,0,4,11,20.588235294117645,True,True
04612,04612/sva.sv,sva.sv,.sv,69,56,11,45,3068,354,767,13,0,4,17,28.888888888888886,True,True
03437,03437/sva.sv,sva.sv,.sv,34,28,8,20,1089,147,272,3,0,6,0,15.0,True,False
02723,02723/sva.sv,sva.sv,.sv,74,63,11,52,3324,386,831,13,0,6,19,25.0,True,True
00074,00074/sva.sv,sva.sv,.sv,60,51,8,43,2227,255,557,8,0,6,14,18.6046511627907,True,True
00848,00848/sva.sv,sva.sv,.sv,68,55,8,47,3578,295,894,24,0,4,28,51.06382978723404,True,True
00246,00246/sva.sv,sva.sv,.sv,30,25,5,20,1256,168,314,6,0,5,11,30.0,True,True
01394,01394/sva.sv,sva.sv,.sv,57,48,9,39,1967,252,492,4,0,5,9,10.256410256410255,True,True
02511,02511/sva.sv,sva.sv,.sv,38,32,7,25,1436,224,359,3,0,8,11,12.0,True,True
00622,00622/sva.sv,sva.sv,.sv,61,52,10,42,2069,245,517,6,0,4,11,14.285714285714285,True,True
04282,04282/sva.sv,sva.sv,.sv,58,50,8,42,1915,273,479,9,0,9,0,21.428571428571427,True,False
02949,02949/sva.sv,sva.sv,.sv,51,40,12,28,2110,243,528,14,0,5,19,50.0,True,True
02175,02175/sva.sv,sva.sv,.sv,102,88,13,75,3507,423,877,10,0,9,15,13.333333333333334,True,True
03295,03295/sva.sv,sva.sv,.sv,38,31,6,25,1503,184,376,7,0,3,10,28.000000000000004,True,True
02347,02347/sva.sv,sva.sv,.sv,81,69,13,56,2961,349,740,10,0,8,18,17.857142857142858,True,True
00410,00410/sva.sv,sva.sv,.sv,63,56,9,47,3818,439,954,30,0,3,33,63.829787234042556,True,True
00870,00870/sva.sv,sva.sv,.sv,127,106,25,81,3586,431,896,12,0,8,20,14.814814814814813,True,True
02529,02529/sva.sv,sva.sv,.sv,72,58,13,45,3151,401,788,6,0,6,12,13.333333333333334,True,True
02971,02971/sva.sv,sva.sv,.sv,95,73,21,52,3811,443,953,25,0,7,32,48.07692307692308,True,True
00428,00428/sva.sv,sva.sv,.sv,61,49,10,39,2169,267,542,10,0,2,10,25.64102564102564,True,True
04088,04088/sva.sv,sva.sv,.sv,72,60,9,51,2461,293,615,10,0,8,18,19.607843137254903,True,True
03857,03857/sva.sv,sva.sv,.sv,90,72,11,61,4439,482,1110,27,0,4,31,44.26229508196721,True,True
02985,02985/sva.sv,sva.sv,.sv,131,111,29,82,7756,774,1939,50,0,4,54,60.97560975609756,True,True
03259,03259/sva.sv,sva.sv,.sv,67,54,8,46,2271,299,568,5,0,7,13,10.869565217391305,True,True
04418,04418/sva.sv,sva.sv,.sv,64,54,10,44,2749,378,687,13,0,12,25,29.545454545454547,True,True
00884,00884/sva.sv,sva.sv,.sv,120,99,13,86,4240,440,1060,15,0,10,25,17.441860465116278,True,True
01956,01956/sva.sv,sva.sv,.sv,43,34,9,25,1333,189,333,9,0,8,17,36.0,True,True
01358,01358/sva.sv,sva.sv,.sv,29,21,8,13,1251,170,313,6,0,3,9,46.15384615384615,True,True
03292,03292/sva.sv,sva.sv,.sv,117,99,17,82,5971,539,1493,22,0,7,29,26.82926829268293,True,True
02340,02340/sva.sv,sva.sv,.sv,39,31,10,21,1412,195,353,4,0,4,6,19.047619047619047,True,True
00417,00417/sva.sv,sva.sv,.sv,32,22,8,14,1289,175,322,5,0,5,10,35.714285714285715,True,True
00625,00625/sva.sv,sva.sv,.sv,55,46,8,38,1793,233,448,8,0,4,12,21.052631578947366,True,True
04285,04285/sva.sv,sva.sv,.sv,68,55,15,40,3020,381,755,6,0,5,13,15.0,True,True
02172,02172/sva.sv,sva.sv,.sv,31,24,6,18,1350,192,338,2,0,7,9,11.11111111111111,True,True
00241,00241/sva.sv,sva.sv,.sv,118,100,12,88,4478,553,1120,12,0,17,29,13.636363636363635,True,True
01393,01393/sva.sv,sva.sv,.sv,147,123,14,109,5179,518,1295,22,0,4,26,20.18348623853211,True,True
02516,02516/sva.sv,sva.sv,.sv,39,28,9,19,1340,180,335,8,0,3,11,42.10526315789473,True,True
02724,02724/sva.sv,sva.sv,.sv,95,75,25,50,4334,550,1084,26,0,6,32,52.0,True,True
00073,00073/sva.sv,sva.sv,.sv,57,46,13,33,1977,277,494,4,0,6,6,12.121212121212121,True,True
01367,01367/sva.sv,sva.sv,.sv,46,37,9,28,1959,253,490,6,0,5,11,21.428571428571427,True,True
04615,04615/sva.sv,sva.sv,.sv,54,42,12,30,2181,294,545,9,0,3,11,30.0,True,True
03430,03430/sva.sv,sva.sv,.sv,57,48,10,38,2048,251,512,6,0,4,12,15.789473684210526,True,True
03602,03602/sva.sv,sva.sv,.sv,72,60,12,48,2857,295,714,10,0,5,15,20.833333333333336,True,True
00087,00087/sva.sv,sva.sv,.sv,68,55,12,43,2902,359,726,13,0,6,19,30.23255813953488,True,True
01155,01155/sva.sv,sva.sv,.sv,54,43,9,34,1943,223,486,6,0,6,12,17.647058823529413,True,True
04427,04427/sva.sv,sva.sv,.sv,43,35,7,28,1408,171,352,4,0,5,9,14.285714285714285,True,True
01969,01969/sva.sv,sva.sv,.sv,77,62,12,50,3266,409,816,7,0,7,13,14.000000000000002,True,True
03266,03266/sva.sv,sva.sv,.sv,95,78,15,63,3754,526,938,16,0,14,31,25.396825396825395,True,True
01531,01531/sva.sv,sva.sv,.sv,119,89,20,69,6266,623,1566,31,0,5,36,44.927536231884055,True,True
04043,04043/sva.sv,sva.sv,.sv,42,32,6,26,1879,225,470,8,0,3,11,30.76923076923077,True,True
01703,01703/sva.sv,sva.sv,.sv,115,93,19,74,4180,446,1045,26,0,4,30,35.13513513513514,True,True
04271,04271/sva.sv,sva.sv,.sv,62,52,10,42,2334,336,584,13,0,5,18,30.952380952380953,True,True
03868,03868/sva.sv,sva.sv,.sv,66,46,14,32,2441,334,610,14,0,10,24,43.75,True,True
03054,03054/sva.sv,sva.sv,.sv,99,88,9,79,3344,404,836,4,0,2,10,5.063291139240507,True,True
02186,02186/sva.sv,sva.sv,.sv,110,94,30,64,4582,502,1146,21,0,4,20,32.8125,True,True
02947,02947/sva.sv,sva.sv,.sv,81,62,8,54,3401,313,850,16,0,4,20,29.629629629629626,True,True
03895,03895/sva.sv,sva.sv,.sv,58,46,14,32,2105,256,526,8,0,3,11,25.0,True,True
02349,02349/sva.sv,sva.sv,.sv,116,94,14,80,4118,433,1030,12,0,17,0,15.0,True,False
01994,01994/sva.sv,sva.sv,.sv,78,65,11,54,2896,413,724,12,0,14,27,22.22222222222222,True,True
00846,00846/sva.sv,sva.sv,.sv,92,76,15,61,4074,504,1018,20,0,10,30,32.78688524590164,True,True
00248,00248/sva.sv,sva.sv,.sv,45,38,11,27,1543,216,386,6,0,4,10,22.22222222222222,True,True
01960,01960/sva.sv,sva.sv,.sv,57,46,13,33,2379,331,595,3,0,7,10,9.090909090909092,True,True
03439,03439/sva.sv,sva.sv,.sv,81,66,12,54,2849,322,712,12,0,3,15,22.22222222222222,True,True
04278,04278/sva.sv,sva.sv,.sv,49,39,8,31,1670,168,418,8,0,4,12,25.806451612903224,True,True
03861,03861/sva.sv,sva.sv,.sv,125,104,17,87,5419,664,1355,27,0,28,55,31.03448275862069,True,True
01538,01538/sva.sv,sva.sv,.sv,69,60,9,51,2503,337,626,25,0,8,0,49.01960784313725,True,False
02520,02520/sva.sv,sva.sv,.sv,77,67,9,58,2767,337,692,6,0,11,17,10.344827586206897,True,True
00277,00277/sva.sv,sva.sv,.sv,90,78,18,60,3992,444,998,20,0,7,27,33.33333333333333,True,True
01197,01197/sva.sv,sva.sv,.sv,93,81,8,73,3389,336,847,14,0,6,20,19.17808219178082,True,True
00045,00045/sva.sv,sva.sv,.sv,82,64,11,53,2990,389,748,10,0,6,16,18.867924528301888,True,True
00879,00879/sva.sv,sva.sv,.sv,36,28,9,19,1581,218,395,5,0,4,9,26.31578947368421,True,True
02712,02712/sva.sv,sva.sv,.sv,58,47,11,36,2652,345,663,10,0,5,15,27.77777777777778,True,True
00421,00421/sva.sv,sva.sv,.sv,76,61,10,51,2598,328,650,13,0,3,16,25.49019607843137,True,True
04081,04081/sva.sv,sva.sv,.sv,82,61,18,43,3614,449,904,26,0,6,31,60.46511627906976,True,True
02376,02376/sva.sv,sva.sv,.sv,61,51,15,36,2368,318,592,8,0,7,15,22.22222222222222,True,True
02978,02978/sva.sv,sva.sv,.sv,72,59,8,51,2201,274,550,9,0,24,33,17.647058823529413,True,True
02144,02144/sva.sv,sva.sv,.sv,81,72,16,56,2955,381,739,10,0,14,24,17.857142857142858,True,True
03096,03096/sva.sv,sva.sv,.sv,60,53,7,46,1685,227,421,3,0,4,0,6.521739130434782,True,False
00613,00613/sva.sv,sva.sv,.sv,123,96,15,81,4636,647,1159,16,0,14,30,19.753086419753085,True,True
01507,01507/sva.sv,sva.sv,.sv,70,57,6,51,2640,332,660,10,0,8,28,19.607843137254903,True,True
04075,04075/sva.sv,sva.sv,.sv,55,45,8,37,2345,243,586,6,0,4,10,16.216216216216218,True,True
02382,02382/sva.sv,sva.sv,.sv,48,40,10,30,2688,316,672,5,0,5,10,16.666666666666664,True,True
03250,03250/sva.sv,sva.sv,.sv,45,35,9,26,1519,211,380,4,0,5,9,15.384615384615385,True,True
03062,03062/sva.sv,sva.sv,.sv,98,79,24,55,4380,512,1095,19,0,6,25,34.54545454545455,True,True
01735,01735/sva.sv,sva.sv,.sv,64,54,9,45,2567,266,642,9,0,5,14,20.0,True,True
04247,04247/sva.sv,sva.sv,.sv,78,70,7,63,2942,367,736,2,0,12,16,3.1746031746031744,True,True
03406,03406/sva.sv,sva.sv,.sv,82,62,23,39,3824,439,956,20,0,4,23,51.28205128205128,True,True
01351,01351/sva.sv,sva.sv,.sv,46,37,11,26,2170,285,542,11,0,4,0,42.30769230769231,True,False
00283,00283/sva.sv,sva.sv,.sv,79,63,17,46,3109,417,777,16,0,4,18,34.78260869565217,True,True
04623,04623/sva.sv,sva.sv,.sv,43,33,9,24,1964,259,491,7,0,4,11,29.166666666666668,True,True
01163,01163/sva.sv,sva.sv,.sv,39,32,7,25,1344,201,336,7,0,1,2,28.000000000000004,True,True
04411,04411/sva.sv,sva.sv,.sv,44,35,9,26,1674,205,418,5,0,7,12,19.230769230769234,True,True
03634,03634/sva.sv,sva.sv,.sv,34,29,6,23,1144,135,286,3,0,2,8,13.043478260869565,True,True
03268,03268/sva.sv,sva.sv,.sv,76,61,14,47,2776,349,694,5,0,12,17,10.638297872340425,True,True
03866,03866/sva.sv,sva.sv,.sv,88,78,11,67,2989,296,747,5,0,3,8,7.462686567164178,True,True
02188,02188/sva.sv,sva.sv,.sv,51,41,9,32,1837,226,459,7,0,5,12,21.875,True,True
01369,01369/sva.sv,sva.sv,.sv,41,32,9,23,1948,332,487,6,0,10,16,26.08695652173913,True,True
00089,00089/sva.sv,sva.sv,.sv,60,46,16,30,2584,362,646,6,0,3,9,20.0,True,True
01967,01967/sva.sv,sva.sv,.sv,25,18,5,13,811,126,203,4,0,5,9,30.76923076923077,True,True
04429,04429/sva.sv,sva.sv,.sv,85,66,19,47,2789,361,697,10,0,5,13,21.27659574468085,True,True
02518,02518/sva.sv,sva.sv,.sv,48,39,7,32,2260,290,565,8,0,5,13,25.0,True,True
01993,01993/sva.sv,sva.sv,.sv,52,40,10,30,1977,282,494,7,0,5,12,23.333333333333332,True,True
00841,00841/sva.sv,sva.sv,.sv,62,50,16,34,3117,359,779,7,0,5,12,20.588235294117645,True,True
00419,00419/sva.sv,sva.sv,.sv,63,50,17,33,2290,300,572,5,0,4,9,15.151515151515152,True,True
02940,02940/sva.sv,sva.sv,.sv,69,59,12,47,2173,253,543,3,0,7,13,6.382978723404255,True,True
03892,03892/sva.sv,sva.sv,.sv,40,29,5,24,1486,189,372,3,0,7,10,12.5,True,True
01164,01164/sva.sv,sva.sv,.sv,39,30,6,24,1726,215,432,5,0,7,12,20.833333333333336,True,True
01958,01958/sva.sv,sva.sv,.sv,125,110,12,98,4789,658,1197,18,0,21,39,18.367346938775512,True,True
04416,04416/sva.sv,sva.sv,.sv,41,32,10,22,1485,224,371,5,0,3,8,22.727272727272727,True,True
03633,03633/sva.sv,sva.sv,.sv,81,71,12,59,2917,362,729,5,0,3,9,8.47457627118644,True,True
03401,03401/sva.sv,sva.sv,.sv,65,52,13,39,2479,348,620,8,0,5,13,20.51282051282051,True,True
01356,01356/sva.sv,sva.sv,.sv,114,89,39,50,5136,546,1284,22,0,4,26,44.0,True,True
00284,00284/sva.sv,sva.sv,.sv,114,94,13,81,5304,523,1326,28,0,7,35,34.5679012345679,True,True
04624,04624/sva.sv,sva.sv,.sv,52,44,9,35,1458,229,364,2,0,3,7,5.714285714285714,True,True
03859,03859/sva.sv,sva.sv,.sv,52,39,12,27,2140,261,535,14,0,4,18,51.85185185185185,True,True
03065,03065/sva.sv,sva.sv,.sv,233,205,35,170,12141,1073,3035,28,0,6,34,16.470588235294116,True,True
01732,01732/sva.sv,sva.sv,.sv,62,50,11,39,2210,278,552,9,0,3,12,23.076923076923077,True,True
04240,04240/sva.sv,sva.sv,.sv,49,41,7,34,1568,196,392,4,0,4,8,11.76470588235294,True,True
01500,01500/sva.sv,sva.sv,.sv,63,47,13,34,2298,319,574,8,0,5,13,23.52941176470588,True,True
04072,04072/sva.sv,sva.sv,.sv,61,50,8,42,2003,245,501,5,0,2,7,11.904761904761903,True,True
02385,02385/sva.sv,sva.sv,.sv,75,63,14,49,3100,392,775,9,0,6,15,18.367346938775512,True,True
03257,03257/sva.sv,sva.sv,.sv,91,77,12,65,2912,332,728,7,0,11,18,10.76923076923077,True,True
02143,02143/sva.sv,sva.sv,.sv,49,41,9,32,1746,246,436,4,0,3,7,12.5,True,True
03091,03091/sva.sv,sva.sv,.sv,42,32,10,22,1484,218,371,7,0,4,12,31.818181818181817,True,True
00614,00614/sva.sv,sva.sv,.sv,103,85,13,72,3402,411,850,10,0,6,16,13.88888888888889,True,True
00426,00426/sva.sv,sva.sv,.sv,50,39,12,27,1939,238,485,9,0,3,10,33.33333333333333,True,True
04086,04086/sva.sv,sva.sv,.sv,207,177,28,149,5935,777,1484,19,0,28,47,12.751677852348994,True,True
02371,02371/sva.sv,sva.sv,.sv,71,55,15,40,2945,365,736,4,0,9,13,10.0,True,True
01190,01190/sva.sv,sva.sv,.sv,49,36,12,24,2373,246,593,14,0,5,19,58.333333333333336,True,True
00042,00042/sva.sv,sva.sv,.sv,75,63,12,51,3923,528,981,8,0,11,19,15.686274509803921,True,True
02715,02715/sva.sv,sva.sv,.sv,142,122,12,110,8745,871,2186,58,0,4,62,52.72727272727272,True,True
02527,02527/sva.sv,sva.sv,.sv,76,62,11,51,3313,335,828,13,0,6,19,25.49019607843137,True,True
00270,00270/sva.sv,sva.sv,.sv,78,65,11,54,3325,443,831,10,0,17,28,18.51851851851852,True,True
00021,00021/sva.sv,sva.sv,.sv,76,58,19,39,3068,363,767,13,0,5,18,33.33333333333333,True,True
04481,04481/sva.sv,sva.sv,.sv,39,33,5,28,1637,212,409,2,0,8,12,7.142857142857142,True,True
02776,02776/sva.sv,sva.sv,.sv,58,45,14,31,2539,302,635,11,0,6,17,35.483870967741936,True,True
02544,02544/sva.sv,sva.sv,.sv,94,79,14,65,4533,453,1133,34,0,11,45,52.307692307692314,True,True
03496,03496/sva.sv,sva.sv,.sv,60,51,11,40,2638,376,660,9,0,4,13,22.5,True,True
00213,00213/sva.sv,sva.sv,.sv,49,38,10,28,3099,354,775,23,0,2,25,82.14285714285714,True,True
02120,02120/sva.sv,sva.sv,.sv,163,130,28,102,5651,595,1413,23,0,4,27,22.54901960784314,True,True
00677,00677/sva.sv,sva.sv,.sv,118,98,19,79,4310,525,1078,22,0,6,28,27.848101265822784,True,True
01597,01597/sva.sv,sva.sv,.sv,106,89,22,67,4010,526,1002,19,0,6,22,28.35820895522388,True,True
00445,00445/sva.sv,sva.sv,.sv,36,29,8,21,1518,187,380,2,0,5,8,9.523809523809524,True,True
02312,02312/sva.sv,sva.sv,.sv,96,85,12,73,3568,455,892,21,1,5,23,28.767123287671232,True,True
03006,03006/sva.sv,sva.sv,.sv,45,35,10,25,1868,322,467,5,0,6,11,20.0,True,True
01751,01751/sva.sv,sva.sv,.sv,36,28,7,21,1300,188,325,2,0,4,6,9.523809523809524,True,True
00683,00683/sva.sv,sva.sv,.sv,47,37,9,28,1964,177,491,10,0,3,13,35.714285714285715,True,True
04223,04223/sva.sv,sva.sv,.sv,163,142,25,117,6069,738,1517,6,0,26,32,5.128205128205128,True,True
01563,01563/sva.sv,sva.sv,.sv,87,71,17,54,3440,440,860,13,0,8,21,24.074074074074073,True,True
04011,04011/sva.sv,sva.sv,.sv,67,57,8,49,2265,271,566,14,0,6,20,28.57142857142857,True,True
03234,03234/sva.sv,sva.sv,.sv,41,34,6,28,1410,191,352,7,0,3,10,25.0,True,True
01107,01107/sva.sv,sva.sv,.sv,53,42,8,34,1786,242,446,7,0,3,10,20.588235294117645,True,True
04475,04475/sva.sv,sva.sv,.sv,68,55,13,42,2938,381,734,24,0,8,32,57.14285714285714,True,True
02782,02782/sva.sv,sva.sv,.sv,32,26,7,19,1275,173,319,7,0,3,10,36.84210526315789,True,True
03650,03650/sva.sv,sva.sv,.sv,82,68,10,58,3037,384,759,7,0,4,9,12.068965517241379,True,True
03462,03462/sva.sv,sva.sv,.sv,47,36,9,27,1685,217,421,8,0,6,16,29.629629629629626,True,True
01335,01335/sva.sv,sva.sv,.sv,54,45,9,36,2541,346,635,9,0,12,21,25.0,True,True
04647,04647/sva.sv,sva.sv,.sv,39,32,8,24,1617,236,404,5,0,10,15,20.833333333333336,True,True
00648,00648/sva.sv,sva.sv,.sv,38,31,8,23,1631,239,408,5,0,5,11,21.73913043478261,True,True
02923,02923/sva.sv,sva.sv,.sv,25,19,6,13,928,118,232,3,0,4,7,23.076923076923077,True,True
02749,02749/sva.sv,sva.sv,.sv,46,38,14,24,1516,220,379,3,0,5,11,12.5,True,True
00822,00822/sva.sv,sva.sv,.sv,129,106,20,86,5856,630,1464,23,0,3,26,26.744186046511626,True,True
04678,04678/sva.sv,sva.sv,.sv,55,44,10,34,2568,303,642,5,0,7,12,14.705882352941178,True,True
01138,01138/sva.sv,sva.sv,.sv,53,44,11,33,2202,282,550,2,0,11,14,6.0606060606060606,True,True
01904,01904/sva.sv,sva.sv,.sv,71,57,13,44,3133,351,783,12,0,6,18,27.27272727272727,True,True
03805,03805/sva.sv,sva.sv,.sv,74,63,16,47,2397,327,599,8,0,2,10,17.02127659574468,True,True
03039,03039/sva.sv,sva.sv,.sv,90,74,12,62,3604,439,901,12,0,5,17,19.35483870967742,True,True
03465,03465/sva.sv,sva.sv,.sv,50,39,9,30,2661,262,665,12,0,5,17,40.0,True,True
01332,01332/sva.sv,sva.sv,.sv,41,34,6,28,1249,196,312,3,0,4,7,10.714285714285714,True,True
04640,04640/sva.sv,sva.sv,.sv,81,65,14,51,3401,442,850,9,0,8,17,17.647058823529413,True,True
01100,01100/sva.sv,sva.sv,.sv,76,63,13,50,3959,433,990,16,0,8,24,32.0,True,True
04472,04472/sva.sv,sva.sv,.sv,147,130,21,109,5581,606,1395,6,0,5,11,5.5045871559633035,True,True
02785,02785/sva.sv,sva.sv,.sv,67,58,9,49,2394,316,598,4,0,7,0,8.16326530612245,True,False
03657,03657/sva.sv,sva.sv,.sv,52,41,13,28,2154,266,538,9,0,7,16,32.142857142857146,True,True
01564,01564/sva.sv,sva.sv,.sv,72,60,12,48,2651,326,663,5,0,4,11,10.416666666666668,True,True
04016,04016/sva.sv,sva.sv,.sv,53,46,7,39,2252,299,563,8,0,7,15,20.51282051282051,True,True
03233,03233/sva.sv,sva.sv,.sv,30,22,5,17,1321,174,330,5,0,5,10,29.411764705882355,True,True
03001,03001/sva.sv,sva.sv,.sv,82,70,14,56,3841,379,960,14,0,6,20,25.0,True,True
01756,01756/sva.sv,sva.sv,.sv,38,32,9,23,1388,176,347,5,0,5,0,21.73913043478261,True,False
00684,00684/sva.sv,sva.sv,.sv,107,93,13,80,3732,350,933,9,0,9,9,11.25,True,True
04224,04224/sva.sv,sva.sv,.sv,60,52,8,44,2026,285,506,4,0,10,18,9.090909090909092,True,True
01590,01590/sva.sv,sva.sv,.sv,45,35,12,23,2234,261,558,8,0,5,13,34.78260869565217,True,True
00442,00442/sva.sv,sva.sv,.sv,54,46,8,38,1874,263,468,5,0,6,14,13.157894736842104,True,True
02315,02315/sva.sv,sva.sv,.sv,47,41,6,35,2422,277,606,13,0,7,20,37.142857142857146,True,True
02127,02127/sva.sv,sva.sv,.sv,144,118,29,89,5878,664,1470,26,0,8,33,29.213483146067414,True,True
00670,00670/sva.sv,sva.sv,.sv,33,25,7,18,1503,251,376,8,0,6,14,44.44444444444444,True,True
02543,02543/sva.sv,sva.sv,.sv,47,39,9,30,2165,241,541,8,0,8,16,26.666666666666668,True,True
03491,03491/sva.sv,sva.sv,.sv,74,62,11,51,3374,299,844,9,0,5,14,17.647058823529413,True,True
00214,00214/sva.sv,sva.sv,.sv,124,96,22,74,3863,451,966,14,0,2,16,18.91891891891892,True,True
00026,00026/sva.sv,sva.sv,.sv,74,62,18,44,3814,432,954,14,0,4,17,31.818181818181817,True,True
04486,04486/sva.sv,sva.sv,.sv,41,32,7,25,2077,216,519,14,0,5,19,56.00000000000001,True,True
02771,02771/sva.sv,sva.sv,.sv,60,48,13,35,3359,314,840,20,0,9,29,57.14285714285714,True,True
01769,01769/sva.sv,sva.sv,.sv,67,54,8,46,2573,323,643,5,0,6,11,10.869565217391305,True,True
03802,03802/sva.sv,sva.sv,.sv,165,139,27,112,6535,703,1634,29,0,10,39,25.892857142857146,True,True
00489,00489/sva.sv,sva.sv,.sv,32,28,6,22,1415,195,354,7,0,8,15,31.818181818181817,True,True
04029,04029/sva.sv,sva.sv,.sv,68,56,15,41,2509,365,627,5,0,9,19,12.195121951219512,True,True
03668,03668/sva.sv,sva.sv,.sv,91,78,15,63,3778,427,944,11,0,9,20,17.46031746031746,True,True
01903,01903/sva.sv,sva.sv,.sv,72,60,12,48,3161,365,790,18,0,8,26,37.5,True,True
02588,02588/sva.sv,sva.sv,.sv,111,94,24,70,4915,530,1229,24,0,4,28,34.285714285714285,True,True
00019,00019/sva.sv,sva.sv,.sv,84,69,15,54,2910,388,728,8,0,12,20,14.814814814814813,True,True
00825,00825/sva.sv,sva.sv,.sv,102,88,9,79,2738,390,684,3,0,19,0,3.79746835443038,True,False
02924,02924/sva.sv,sva.sv,.sv,40,33,7,26,1443,254,361,4,0,11,15,15.384615384615385,True,True
02118,02118/sva.sv,sva.sv,.sv,41,34,8,26,1577,267,394,5,0,10,15,19.230769230769234,True,True
03205,03205/sva.sv,sva.sv,.sv,37,31,6,25,1416,212,354,3,0,6,8,12.0,True,True
00480,00480/sva.sv,sva.sv,.sv,50,41,10,31,1990,249,498,4,0,6,10,12.903225806451612,True,True
01552,01552/sva.sv,sva.sv,.sv,114,91,21,70,5396,631,1349,28,0,3,31,40.0,True,True
04020,04020/sva.sv,sva.sv,.sv,114,98,16,82,3968,478,992,7,0,6,14,8.536585365853659,True,True
01760,01760/sva.sv,sva.sv,.sv,51,39,10,29,2317,281,579,7,0,5,12,24.137931034482758,True,True
04212,04212/sva.sv,sva.sv,.sv,212,187,28,159,9518,1011,2380,47,0,8,55,29.559748427672954,True,True
03037,03037/sva.sv,sva.sv,.sv,69,58,11,47,2850,361,712,10,0,5,15,21.27659574468085,True,True
01304,01304/sva.sv,sva.sv,.sv,70,56,11,45,2542,324,636,11,0,6,17,24.444444444444443,True,True
04676,04676/sva.sv,sva.sv,.sv,73,61,9,52,2540,299,635,8,0,8,18,15.384615384615385,True,True
03453,03453/sva.sv,sva.sv,.sv,110,88,22,66,4050,581,1012,13,0,3,16,19.696969696969695,True,True
02581,02581/sva.sv,sva.sv,.sv,115,97,17,80,7130,640,1782,38,0,5,43,47.5,True,True
03661,03661/sva.sv,sva.sv,.sv,60,49,9,40,2448,329,612,8,0,4,13,20.0,True,True
01136,01136/sva.sv,sva.sv,.sv,41,36,7,29,1834,244,458,4,0,6,10,13.793103448275861,True,True
04444,04444/sva.sv,sva.sv,.sv,55,46,9,37,2480,244,620,20,0,5,25,54.054054054054056,True,True
00222,00222/sva.sv,sva.sv,.sv,116,101,22,79,4031,503,1008,14,0,13,0,17.72151898734177,True,False
04682,04682/sva.sv,sva.sv,.sv,118,96,16,80,4250,452,1062,17,0,6,23,21.25,True,True
02575,02575/sva.sv,sva.sv,.sv,150,130,24,106,7020,551,1755,19,1,5,25,17.92452830188679,True,True
03695,03695/sva.sv,sva.sv,.sv,54,45,9,36,1800,334,450,4,0,8,12,11.11111111111111,True,True
02747,02747/sva.sv,sva.sv,.sv,44,38,8,30,1617,220,404,6,0,6,12,20.0,True,True
00010,00010/sva.sv,sva.sv,.sv,52,41,11,30,3241,315,810,15,0,5,20,50.0,True,True
02323,02323/sva.sv,sva.sv,.sv,47,35,11,24,1934,291,484,10,0,13,23,41.66666666666667,True,True
00474,00474/sva.sv,sva.sv,.sv,89,77,14,63,3717,463,929,13,0,7,20,20.634920634920633,True,True
00646,00646/sva.sv,sva.sv,.sv,43,33,11,22,1984,238,496,4,0,8,12,18.181818181818183,True,True
01794,01794/sva.sv,sva.sv,.sv,52,43,9,34,1874,284,468,3,0,11,17,8.823529411764707,True,True
02111,02111/sva.sv,sva.sv,.sv,160,133,16,117,7314,586,1828,30,0,7,37,25.64102564102564,True,True
01109,01109/sva.sv,sva.sv,.sv,64,53,10,43,2049,243,512,4,0,6,14,9.30232558139535,True,True
01935,01935/sva.sv,sva.sv,.sv,84,73,12,61,2864,303,716,16,0,3,20,26.229508196721312,True,True
04649,04649/sva.sv,sva.sv,.sv,117,99,17,82,4540,497,1135,7,0,4,11,8.536585365853659,True,True
03834,03834/sva.sv,sva.sv,.sv,64,53,12,41,2632,349,658,5,0,19,26,12.195121951219512,True,True
03008,03008/sva.sv,sva.sv,.sv,60,44,16,28,3235,427,809,15,0,6,21,53.57142857142857,True,True
02912,02912/sva.sv,sva.sv,.sv,45,39,6,33,1624,237,406,7,0,6,13,21.21212121212121,True,True
00679,00679/sva.sv,sva.sv,.sv,147,126,20,106,6543,792,1636,14,0,10,24,13.20754716981132,True,True
01599,01599/sva.sv,sva.sv,.sv,42,32,8,24,1614,178,404,5,0,5,10,20.833333333333336,True,True
00813,00813/sva.sv,sva.sv,.sv,70,59,9,50,3054,343,764,12,0,10,14,24.0,True,True
02778,02778/sva.sv,sva.sv,.sv,72,63,13,50,4053,759,1013,11,0,15,27,22.0,True,True
03498,03498/sva.sv,sva.sv,.sv,40,32,9,23,1548,203,387,6,0,4,10,26.08695652173913,True,True
00641,00641/sva.sv,sva.sv,.sv,41,33,12,21,1538,224,384,3,0,2,5,14.285714285714285,True,True
01793,01793/sva.sv,sva.sv,.sv,54,49,5,44,3458,331,864,12,0,10,22,27.27272727272727,True,True
02116,02116/sva.sv,sva.sv,.sv,116,96,13,83,6654,529,1664,31,0,7,38,37.34939759036144,True,True
02324,02324/sva.sv,sva.sv,.sv,39,33,5,28,1485,185,371,5,0,8,17,17.857142857142858,True,True
00473,00473/sva.sv,sva.sv,.sv,43,37,15,22,1882,262,470,9,0,4,13,40.909090909090914,True,True
03692,03692/sva.sv,sva.sv,.sv,51,42,7,35,2480,271,620,8,0,10,18,22.857142857142858,True,True
02740,02740/sva.sv,sva.sv,.sv,40,34,7,27,1637,223,409,10,0,6,16,37.03703703703704,True,True
00017,00017/sva.sv,sva.sv,.sv,52,41,9,32,1876,254,469,6,0,5,11,18.75,True,True
00225,00225/sva.sv,sva.sv,.sv,86,70,15,55,3072,412,768,6,0,14,21,10.909090909090908,True,True
04685,04685/sva.sv,sva.sv,.sv,42,33,8,25,1291,195,323,4,0,2,6,16.0,True,True
02572,02572/sva.sv,sva.sv,.sv,64,51,10,41,2625,313,656,5,0,7,12,12.195121951219512,True,True
03666,03666/sva.sv,sva.sv,.sv,109,86,15,71,4270,469,1068,11,0,14,25,15.492957746478872,True,True
01131,01131/sva.sv,sva.sv,.sv,136,117,14,103,4709,483,1177,11,0,6,16,10.679611650485436,True,True
04443,04443/sva.sv,sva.sv,.sv,64,53,13,40,2416,325,604,3,0,2,5,7.5,True,True
01303,01303/sva.sv,sva.sv,.sv,53,46,11,35,2539,324,635,10,0,6,16,28.57142857142857,True,True
04671,04671/sva.sv,sva.sv,.sv,69,58,11,47,3782,336,946,19,0,3,22,40.42553191489361,True,True
03454,03454/sva.sv,sva.sv,.sv,46,38,5,33,1663,208,416,5,0,6,11,15.151515151515152,True,True
02586,02586/sva.sv,sva.sv,.sv,71,63,15,48,3539,393,885,11,0,7,17,22.916666666666664,True,True
01767,01767/sva.sv,sva.sv,.sv,81,71,6,65,3155,425,789,10,0,16,0,15.384615384615385,True,False
04215,04215/sva.sv,sva.sv,.sv,47,37,10,27,1744,244,436,5,0,2,7,18.51851851851852,True,True
03030,03030/sva.sv,sva.sv,.sv,139,121,17,104,6407,707,1602,9,0,13,22,8.653846153846153,True,True
03202,03202/sva.sv,sva.sv,.sv,58,46,12,34,2339,295,585,5,0,5,9,14.705882352941178,True,True
00487,00487/sva.sv,sva.sv,.sv,63,53,8,45,2006,203,502,6,0,4,16,13.333333333333334,True,True
01555,01555/sva.sv,sva.sv,.sv,64,50,15,35,2622,269,656,19,0,8,27,54.285714285714285,True,True
04027,04027/sva.sv,sva.sv,.sv,46,38,8,30,1617,219,404,9,0,5,14,30.0,True,True
00028,00028/sva.sv,sva.sv,.sv,56,47,6,41,1735,209,434,9,0,4,13,21.951219512195124,True,True
00814,00814/sva.sv,sva.sv,.sv,66,59,12,47,2970,430,742,9,0,6,15,19.148936170212767,True,True
04488,04488/sva.sv,sva.sv,.sv,36,25,9,16,1352,184,338,5,0,4,9,31.25,True,True
02915,02915/sva.sv,sva.sv,.sv,65,53,9,44,2343,321,586,12,0,12,24,27.27272727272727,True,True
02129,02129/sva.sv,sva.sv,.sv,48,41,9,32,1612,274,403,11,0,10,22,34.375,True,True
04018,04018/sva.sv,sva.sv,.sv,73,63,6,57,2643,272,661,5,0,13,18,8.771929824561402,True,True
03833,03833/sva.sv,sva.sv,.sv,31,22,6,16,1128,152,282,3,0,4,7,18.75,True,True
01758,01758/sva.sv,sva.sv,.sv,45,35,12,23,1837,295,459,7,0,3,9,30.434782608695656,True,True
01932,01932/sva.sv,sva.sv,.sv,126,105,37,68,4558,579,1140,18,0,4,22,26.47058823529412,True,True
03659,03659/sva.sv,sva.sv,.sv,56,44,12,32,1958,321,490,9,0,6,15,28.125,True,True
01992,01992/sva.sv,sva.sv,.sv,79,60,10,50,2814,367,704,10,0,4,14,20.0,True,True
00840,00840/sva.sv,sva.sv,.sv,145,113,15,98,7794,658,1948,36,0,8,44,36.734693877551024,True,True
02519,02519/sva.sv,sva.sv,.sv,65,50,12,38,2538,284,634,8,0,11,20,21.052631578947366,True,True
02941,02941/sva.sv,sva.sv,.sv,57,46,9,37,2487,242,622,14,0,8,22,37.83783783783784,True,True
03893,03893/sva.sv,sva.sv,.sv,49,38,14,24,1888,326,472,11,0,6,17,45.83333333333333,True,True
00418,00418/sva.sv,sva.sv,.sv,35,29,6,23,1638,280,410,6,0,7,13,26.08695652173913,True,True
02189,02189/sva.sv,sva.sv,.sv,83,66,18,48,2683,369,671,7,0,6,13,14.583333333333334,True,True
03867,03867/sva.sv,sva.sv,.sv,89,78,12,66,4121,435,1030,40,0,4,46,60.60606060606061,True,True
03269,03269/sva.sv,sva.sv,.sv,58,44,14,30,2693,380,673,18,0,7,25,60.0,True,True
01966,01966/sva.sv,sva.sv,.sv,68,53,16,37,3117,378,779,12,0,11,23,32.432432432432435,True,True
04428,04428/sva.sv,sva.sv,.sv,66,57,9,48,4033,318,1008,14,0,5,19,29.166666666666668,True,True
00088,00088/sva.sv,sva.sv,.sv,114,101,17,84,4376,508,1094,8,0,6,22,9.523809523809524,True,True
01368,01368/sva.sv,sva.sv,.sv,46,37,8,29,1261,188,315,2,0,3,5,6.896551724137931,True,True
04087,04087/sva.sv,sva.sv,.sv,73,58,13,45,3144,364,786,14,0,8,22,31.11111111111111,True,True
00427,00427/sva.sv,sva.sv,.sv,121,98,13,85,6465,568,1616,24,0,8,32,28.235294117647058,True,True
02370,02370/sva.sv,sva.sv,.sv,86,78,15,63,3153,421,788,6,0,21,33,9.523809523809524,True,True
02142,02142/sva.sv,sva.sv,.sv,111,88,16,72,4753,632,1188,10,0,19,29,13.88888888888889,True,True
03090,03090/sva.sv,sva.sv,.sv,68,57,12,45,2405,272,601,9,0,4,16,20.0,True,True
00615,00615/sva.sv,sva.sv,.sv,72,65,14,51,2400,309,600,8,0,8,0,15.686274509803921,True,False
02526,02526/sva.sv,sva.sv,.sv,112,96,24,72,3936,446,984,8,0,6,14,11.11111111111111,True,True
00271,00271/sva.sv,sva.sv,.sv,29,23,6,17,1280,194,320,6,0,4,10,35.294117647058826,True,True
01191,01191/sva.sv,sva.sv,.sv,106,89,19,70,5037,589,1259,18,0,8,26,25.71428571428571,True,True
00043,00043/sva.sv,sva.sv,.sv,63,47,15,32,2517,377,629,11,0,10,21,34.375,True,True
02714,02714/sva.sv,sva.sv,.sv,33,24,9,15,1464,176,366,6,0,2,8,40.0,True,True
03400,03400/sva.sv,sva.sv,.sv,87,77,16,61,4459,556,1115,20,0,13,33,32.78688524590164,True,True
04625,04625/sva.sv,sva.sv,.sv,49,41,4,37,1974,199,494,4,0,5,9,10.81081081081081,True,True
01357,01357/sva.sv,sva.sv,.sv,86,67,11,56,3394,420,848,14,0,8,22,25.0,True,True
00285,00285/sva.sv,sva.sv,.sv,39,31,6,25,1514,209,378,4,0,8,12,16.0,True,True
01959,01959/sva.sv,sva.sv,.sv,106,90,13,77,4545,395,1136,19,0,3,22,24.675324675324674,True,True
04417,04417/sva.sv,sva.sv,.sv,66,54,10,44,2517,316,629,16,0,4,18,36.36363636363637,True,True
01165,01165/sva.sv,sva.sv,.sv,59,51,8,43,2524,357,631,3,0,14,19,6.976744186046512,True,True
03632,03632/sva.sv,sva.sv,.sv,47,39,7,32,2099,305,525,11,0,12,23,34.375,True,True
04073,04073/sva.sv,sva.sv,.sv,100,89,8,81,3748,518,937,2,0,2,4,2.4691358024691357,True,True
01501,01501/sva.sv,sva.sv,.sv,43,36,10,26,2142,244,536,16,0,6,22,61.53846153846154,True,True
02384,02384/sva.sv,sva.sv,.sv,79,65,11,54,2915,286,729,15,0,5,20,27.77777777777778,True,True
03256,03256/sva.sv,sva.sv,.sv,34,26,7,19,1142,198,286,5,0,6,11,26.31578947368421,True,True
03064,03064/sva.sv,sva.sv,.sv,55,48,6,42,3169,473,792,10,0,20,30,23.809523809523807,True,True
03858,03858/sva.sv,sva.sv,.sv,40,33,7,26,2407,288,602,13,0,9,22,50.0,True,True
04241,04241/sva.sv,sva.sv,.sv,56,45,9,36,2220,328,555,5,0,6,11,13.88888888888889,True,True
01733,01733/sva.sv,sva.sv,.sv,81,67,13,54,3699,317,925,12,0,4,15,22.22222222222222,True,True
03438,03438/sva.sv,sva.sv,.sv,46,35,10,25,1875,248,469,7,0,2,8,28.000000000000004,True,True
01961,01961/sva.sv,sva.sv,.sv,85,73,12,61,2590,343,648,8,0,2,12,13.114754098360656,True,True
01539,01539/sva.sv,sva.sv,.sv,138,112,47,65,5105,578,1276,24,0,12,36,36.92307692307693,True,True
04279,04279/sva.sv,sva.sv,.sv,68,53,20,33,2595,313,649,12,0,6,18,36.36363636363637,True,True
03860,03860/sva.sv,sva.sv,.sv,76,64,12,52,3176,428,794,6,0,9,15,11.538461538461538,True,True
02348,02348/sva.sv,sva.sv,.sv,41,32,9,23,1657,194,414,4,0,3,7,17.391304347826086,True,True
02946,02946/sva.sv,sva.sv,.sv,34,28,6,22,1179,164,295,2,0,3,6,9.090909090909092,True,True
03894,03894/sva.sv,sva.sv,.sv,96,85,13,72,3795,453,949,6,0,8,14,8.333333333333332,True,True
00249,00249/sva.sv,sva.sv,.sv,77,65,16,49,2794,379,698,7,0,8,15,14.285714285714285,True,True
01995,01995/sva.sv,sva.sv,.sv,100,83,28,55,4044,589,1011,22,0,5,26,40.0,True,True
00847,00847/sva.sv,sva.sv,.sv,79,66,10,56,3872,452,968,16,0,6,23,28.57142857142857,True,True
03063,03063/sva.sv,sva.sv,.sv,182,150,38,112,7378,902,1844,31,0,8,39,27.67857142857143,True,True
04246,04246/sva.sv,sva.sv,.sv,60,52,9,43,2308,370,577,3,0,11,14,6.976744186046512,True,True
01734,01734/sva.sv,sva.sv,.sv,56,43,14,29,2510,360,628,13,0,8,20,44.827586206896555,True,True
04074,04074/sva.sv,sva.sv,.sv,55,45,10,35,2128,241,532,10,0,6,16,28.57142857142857,True,True
01506,01506/sva.sv,sva.sv,.sv,49,33,14,19,2297,287,574,12,0,3,15,63.1578947368421,True,True
02383,02383/sva.sv,sva.sv,.sv,50,43,7,36,1918,185,480,4,0,2,6,11.11111111111111,True,True
03251,03251/sva.sv,sva.sv,.sv,65,55,10,45,2751,307,688,7,0,5,11,15.555555555555555,True,True
04410,04410/sva.sv,sva.sv,.sv,57,46,12,34,2351,279,588,7,0,6,19,20.588235294117645,True,True
01162,01162/sva.sv,sva.sv,.sv,88,74,17,57,3553,454,888,11,0,4,15,19.298245614035086,True,True
03635,03635/sva.sv,sva.sv,.sv,73,56,14,42,3351,355,838,19,0,10,29,45.23809523809524,True,True
03407,03407/sva.sv,sva.sv,.sv,122,105,14,91,4385,486,1096,18,0,2,20,19.78021978021978,True,True
04622,04622/sva.sv,sva.sv,.sv,78,67,11,56,2705,415,676,6,0,8,20,10.714285714285714,True,True
01350,01350/sva.sv,sva.sv,.sv,37,28,7,21,1481,215,370,5,0,7,12,23.809523809523807,True,True
00282,00282/sva.sv,sva.sv,.sv,132,108,27,81,6291,630,1573,20,0,5,25,24.691358024691358,True,True
00878,00878/sva.sv,sva.sv,.sv,53,43,9,34,2094,263,524,12,0,11,23,35.294117647058826,True,True
01196,01196/sva.sv,sva.sv,.sv,80,65,8,57,3331,357,833,10,0,7,17,17.543859649122805,True,True
00044,00044/sva.sv,sva.sv,.sv,43,35,7,28,1748,224,437,6,0,4,14,21.428571428571427,True,True
02713,02713/sva.sv,sva.sv,.sv,93,79,11,68,4576,499,1144,20,0,19,39,29.411764705882355,True,True
02521,02521/sva.sv,sva.sv,.sv,99,81,19,62,3025,405,756,9,0,15,24,14.516129032258066,True,True
00276,00276/sva.sv,sva.sv,.sv,62,51,11,40,2640,340,660,9,0,13,22,22.5,True,True
02145,02145/sva.sv,sva.sv,.sv,86,71,18,53,2717,431,679,4,0,7,16,7.547169811320755,True,True
03097,03097/sva.sv,sva.sv,.sv,100,83,17,66,3391,397,848,7,0,7,21,10.606060606060606,True,True
02979,02979/sva.sv,sva.sv,.sv,42,37,6,31,1807,240,452,12,0,12,0,38.70967741935484,True,False
00612,00612/sva.sv,sva.sv,.sv,32,26,6,20,1259,190,315,4,0,6,12,20.0,True,True
04080,04080/sva.sv,sva.sv,.sv,51,44,11,33,2645,410,661,4,0,16,20,12.121212121212121,True,True
00420,00420/sva.sv,sva.sv,.sv,58,48,10,38,2354,271,588,15,0,2,20,39.473684210526315,True,True
02377,02377/sva.sv,sva.sv,.sv,100,86,26,60,3724,431,931,10,0,16,0,16.666666666666664,True,False
03258,03258/sva.sv,sva.sv,.sv,84,74,12,62,3763,498,941,6,0,15,15,9.67741935483871,True,True
03856,03856/sva.sv,sva.sv,.sv,30,23,7,16,1285,154,321,5,0,4,9,31.25,True,True
02984,02984/sva.sv,sva.sv,.sv,61,49,11,38,2454,302,614,5,0,7,13,13.157894736842104,True,True
01359,01359/sva.sv,sva.sv,.sv,42,32,8,24,1883,210,471,7,0,4,11,29.166666666666668,True,True
00885,00885/sva.sv,sva.sv,.sv,75,65,10,55,2434,333,608,4,0,7,15,7.2727272727272725,True,True
04419,04419/sva.sv,sva.sv,.sv,45,38,7,31,2037,223,509,9,0,6,15,29.03225806451613,True,True
01957,01957/sva.sv,sva.sv,.sv,88,70,14,56,2881,349,720,7,0,4,11,12.5,True,True
02528,02528/sva.sv,sva.sv,.sv,36,27,8,19,1633,170,408,5,0,8,13,26.31578947368421,True,True
00871,00871/sva.sv,sva.sv,.sv,111,96,16,80,4555,469,1139,19,0,7,26,23.75,True,True
04089,04089/sva.sv,sva.sv,.sv,49,40,9,31,1667,196,417,5,0,4,9,16.129032258064516,True,True
00429,00429/sva.sv,sva.sv,.sv,105,86,18,68,4468,425,1117,20,1,3,24,29.411764705882355,True,True
02970,02970/sva.sv,sva.sv,.sv,42,33,11,22,1888,230,472,9,0,4,13,40.909090909090914,True,True
03603,03603/sva.sv,sva.sv,.sv,44,37,6,31,1511,225,378,4,0,10,14,12.903225806451612,True,True
04426,04426/sva.sv,sva.sv,.sv,55,44,9,35,1682,201,420,3,0,5,9,8.571428571428571,True,True
01968,01968/sva.sv,sva.sv,.sv,55,42,18,24,2260,283,565,7,0,7,14,29.166666666666668,True,True
00086,00086/sva.sv,sva.sv,.sv,140,104,26,78,5518,547,1380,21,0,8,29,26.923076923076923,True,True
01154,01154/sva.sv,sva.sv,.sv,56,47,11,36,2078,332,520,4,0,7,11,11.11111111111111,True,True
04614,04614/sva.sv,sva.sv,.sv,55,49,5,44,2013,245,503,8,0,5,0,18.181818181818183,True,False
01366,01366/sva.sv,sva.sv,.sv,77,63,14,49,2486,323,622,5,0,5,10,10.204081632653061,True,True
03431,03431/sva.sv,sva.sv,.sv,123,100,27,73,4447,548,1112,17,0,10,27,23.28767123287671,True,True
04270,04270/sva.sv,sva.sv,.sv,37,28,11,17,1605,217,401,8,0,3,11,47.05882352941176,True,True
01702,01702/sva.sv,sva.sv,.sv,147,124,36,88,7453,578,1863,27,0,6,37,30.681818181818183,True,True
03055,03055/sva.sv,sva.sv,.sv,48,38,14,24,1990,249,498,5,0,6,11,20.833333333333336,True,True
02187,02187/sva.sv,sva.sv,.sv,68,54,11,43,2228,288,557,12,0,5,16,27.906976744186046,True,True
03869,03869/sva.sv,sva.sv,.sv,111,90,13,77,4450,519,1112,32,0,19,50,41.55844155844156,True,True
03267,03267/sva.sv,sva.sv,.sv,86,74,10,64,3073,310,768,9,0,4,22,14.0625,True,True
04042,04042/sva.sv,sva.sv,.sv,70,59,13,46,2857,318,714,10,0,4,14,21.73913043478261,True,True
01530,01530/sva.sv,sva.sv,.sv,63,50,10,40,2896,330,724,12,0,7,19,30.0,True,True
04284,04284/sva.sv,sva.sv,.sv,72,63,9,54,2179,281,545,4,0,5,9,7.4074074074074066,True,True
00624,00624/sva.sv,sva.sv,.sv,62,52,6,46,2457,259,614,5,0,10,0,10.869565217391305,True,False
02173,02173/sva.sv,sva.sv,.sv,49,37,13,24,2114,260,528,5,0,6,10,20.833333333333336,True,True
03293,03293/sva.sv,sva.sv,.sv,115,94,20,74,4668,634,1167,20,0,24,43,27.027027027027028,True,True
02341,02341/sva.sv,sva.sv,.sv,127,105,26,79,5007,556,1252,16,0,10,26,20.253164556962027,True,True
00416,00416/sva.sv,sva.sv,.sv,22,17,5,12,1023,127,256,5,0,3,8,41.66666666666667,True,True
02725,02725/sva.sv,sva.sv,.sv,95,74,13,61,3997,450,999,11,0,6,16,18.0327868852459,True,True
00072,00072/sva.sv,sva.sv,.sv,115,97,21,76,4540,562,1135,11,0,6,17,14.473684210526317,True,True
00240,00240/sva.sv,sva.sv,.sv,78,61,19,42,3742,451,936,20,0,9,29,47.61904761904761,True,True
01392,01392/sva.sv,sva.sv,.sv,135,115,19,96,6120,682,1530,13,0,13,26,13.541666666666666,True,True
02517,02517/sva.sv,sva.sv,.sv,123,106,17,89,4327,547,1082,4,0,9,13,4.49438202247191,True,True
03099,03099/sva.sv,sva.sv,.sv,53,39,11,28,2181,240,545,4,0,7,11,14.285714285714285,True,True
02977,02977/sva.sv,sva.sv,.sv,49,39,9,30,1769,243,442,3,0,4,8,10.0,True,True
02379,02379/sva.sv,sva.sv,.sv,103,86,15,71,5291,512,1323,24,0,12,36,33.80281690140845,True,True
00876,00876/sva.sv,sva.sv,.sv,123,101,14,87,7597,904,1899,23,0,29,52,26.436781609195403,True,True
01198,01198/sva.sv,sva.sv,.sv,47,37,10,27,1610,220,402,5,0,3,8,18.51851851851852,True,True
00278,00278/sva.sv,sva.sv,.sv,90,77,17,60,2993,347,748,9,0,5,15,15.0,True,True
00882,00882/sva.sv,sva.sv,.sv,59,50,11,39,3105,385,776,9,0,2,11,23.076923076923077,True,True
01950,01950/sva.sv,sva.sv,.sv,31,24,8,16,1290,191,322,3,0,1,4,18.75,True,True
03409,03409/sva.sv,sva.sv,.sv,44,36,9,27,1676,251,419,5,0,5,5,18.51851851851852,True,True
03851,03851/sva.sv,sva.sv,.sv,56,44,12,32,2339,245,585,8,0,5,13,25.0,True,True
02983,02983/sva.sv,sva.sv,.sv,30,24,6,18,1301,226,325,5,0,5,10,27.77777777777778,True,True
04248,04248/sva.sv,sva.sv,.sv,94,80,11,69,4955,540,1239,21,0,14,35,30.434782608695656,True,True
01508,01508/sva.sv,sva.sv,.sv,41,34,7,27,2069,278,517,7,0,8,15,25.925925925925924,True,True
00247,00247/sva.sv,sva.sv,.sv,140,118,21,97,5106,547,1276,7,0,7,21,7.216494845360824,True,True
01395,01395/sva.sv,sva.sv,.sv,72,60,11,49,3555,483,889,19,0,7,0,38.775510204081634,True,False
02510,02510/sva.sv,sva.sv,.sv,77,63,8,55,2672,397,668,9,0,7,25,16.363636363636363,True,True
02722,02722/sva.sv,sva.sv,.sv,138,121,13,108,4804,563,1201,34,0,6,40,31.48148148148148,True,True
00849,00849/sva.sv,sva.sv,.sv,66,54,14,40,2905,343,726,8,2,8,18,20.0,True,True
00075,00075/sva.sv,sva.sv,.sv,99,79,19,60,3856,495,964,12,0,8,8,20.0,True,True
03294,03294/sva.sv,sva.sv,.sv,62,53,9,44,3071,429,768,12,0,13,24,27.27272727272727,True,True
02346,02346/sva.sv,sva.sv,.sv,87,77,9,68,3579,376,895,8,0,5,21,11.76470588235294,True,True
00411,00411/sva.sv,sva.sv,.sv,124,99,27,72,4397,587,1099,28,0,17,45,38.88888888888889,True,True
04283,04283/sva.sv,sva.sv,.sv,97,85,16,69,4671,508,1168,35,0,6,40,50.72463768115942,True,True
00623,00623/sva.sv,sva.sv,.sv,82,65,14,51,2844,359,711,10,0,4,14,19.607843137254903,True,True
02174,02174/sva.sv,sva.sv,.sv,101,87,10,77,4344,446,1086,16,0,13,29,20.77922077922078,True,True
02948,02948/sva.sv,sva.sv,.sv,42,35,5,30,1628,178,407,3,0,4,5,10.0,True,True
03260,03260/sva.sv,sva.sv,.sv,160,130,27,103,6867,812,1717,23,0,7,53,22.330097087378643,True,True
04045,04045/sva.sv,sva.sv,.sv,62,54,6,48,2620,441,655,9,0,10,12,18.75,True,True
01537,01537/sva.sv,sva.sv,.sv,43,33,8,25,1428,216,357,5,0,9,14,20.0,True,True
04277,04277/sva.sv,sva.sv,.sv,43,36,7,29,1486,228,372,5,0,5,10,17.24137931034483,True,True
01705,01705/sva.sv,sva.sv,.sv,45,38,6,32,1721,197,430,4,0,4,12,12.5,True,True
03052,03052/sva.sv,sva.sv,.sv,88,77,11,66,4081,572,1020,7,0,10,19,10.606060606060606,True,True
02180,02180/sva.sv,sva.sv,.sv,60,49,11,38,2483,325,621,6,0,6,12,15.789473684210526,True,True
04613,04613/sva.sv,sva.sv,.sv,80,67,15,52,2639,340,660,5,0,5,9,9.615384615384617,True,True
01361,01361/sva.sv,sva.sv,.sv,73,60,10,50,2638,395,660,13,0,16,29,26.0,True,True
03436,03436/sva.sv,sva.sv,.sv,112,88,5,83,4677,465,1169,20,0,12,0,24.096385542168676,True,False
03604,03604/sva.sv,sva.sv,.sv,42,32,8,24,1597,208,399,4,0,7,11,16.666666666666664,True,True
04421,04421/sva.sv,sva.sv,.sv,54,41,5,36,1626,240,406,6,0,5,11,16.666666666666664,True,True
00081,00081/sva.sv,sva.sv,.sv,57,49,9,40,2303,285,576,8,0,5,0,20.0,True,False
01153,01153/sva.sv,sva.sv,.sv,110,90,19,71,4312,534,1078,13,0,2,15,18.30985915492958,True,True
