# ----------------------------------------
# JasperGold Version Info
# tool      : JasperGold 2021.03
# platform  : Linux 5.14.0-570.84.1.el9_6.x86_64
# version   : 2021.03 FCS 64 bits
# build date: 2021.03.23 02:50:43 UTC
# ----------------------------------------
# started   : 2026-02-23 13:37:49 EST
# hostname  : della-h14n12.(none)
# pid       : 1777007
# arguments : '-label' 'session_0' '-console' '//127.0.0.1:44567' '-nowindow' '-style' 'windows' '-exitonerror' '-data' 'AAAA8HicTY7BCsIwEERfEEHEgz+iLZ489OqtInjwGrREbS0qpnrw4q/6J3EatLhhJ7ubmdkYIHuFEIjRewrG5CxZsxCu2Ojuwry/RWYEfeWICTu2NBQc1Q/VX7lxoVKXMyXhgdOkZK8sIrfU+xmrqcNzp9bMi5nqzJkJE+kPnZOTrpHfQO7tplp1Gr0r+Xnx2g32b5ON/2l1J/F+Gj6kGyUO' '-proj' '/home/ab2113/malik25_26/metrex/dataset/version_1/verification_results/00820/jgproject/sessionLogs/session_0' '-init' '-hidden' '/home/ab2113/malik25_26/metrex/dataset/version_1/verification_results/00820/jgproject/.tmp/.initCmds.tcl' './jasper_verif_check.tcl' '-hidden' '/home/ab2113/malik25_26/metrex/dataset/version_1/verification_results/00820/jgproject/.tmp/.postCmds.tcl'

Any disclosure about the Cadence Design Systems software or its use
model to any third party violates the written Non-Disclosure Agreement
between Cadence Design Systems, Inc. and the customer.

THIS SOFTWARE CONTAINS CONFIDENTIAL INFORMATION AND TRADE SECRETS OF
CADENCE DESIGN SYSTEMS, INC. USE, DISCLOSURE, OR REPRODUCTION IS
PROHIBITED WITHOUT THE PRIOR EXPRESS WRITTEN PERMISSION OF CADENCE
DESIGN SYSTEMS, INC.

Copyright (C) 2000-2021 Cadence Design Systems, Inc. All Rights
Reserved.  Unpublished -- rights reserved under the copyright laws of
the United States.

This product includes software developed by others and redistributed
according to license agreement. See doc/third_party_readme.txt for
further details.

RESTRICTED RIGHTS LEGEND

Use, duplication, or disclosure by the Government is subject to
restrictions as set forth in subparagraph (c) (1) (ii) of the Rights in
Technical Data and Computer Software clause at DFARS 252.227-7013 or
subparagraphs (c) (1) and (2) of Commercial Computer Software -- Restricted
Rights at 48 CFR 52.227-19, as applicable.


                          Cadence Design Systems, Inc. 
                          2655 Seely Avenue
                          San Jose, CA 95134
                          Phone: 408.943.1234

For technical assistance visit http://support.cadence.com.

JasperGold Apps Analysis Session - /home/ab2113/malik25_26/metrex/dataset/version_1/verification_results/00820/jgproject/sessionLogs/session_0

INFO: successfully checked out license "jasper_fao".
INFO: reading configuration file "/home/ab2113/.config/jasper/jaspergold.conf".
% # ============================================================
% # JasperGold Assertion Verification Runner (env-driven)
% # Output: verification_results/<DESIGN_ID>/
% #
% # Env:
% #   DESIGN_ID     : required (subfolder name)
% #   JG_DESIGN     : required, space/colon-separated RTL file paths OR a directory
% #   JG_SVA        : required, space/colon-separated SVA file paths OR a directory
% #
% # Optional:
% #   JG_TOP        : top module name. If missing, inferred from RTL (default: infer)
% #   JG_STD        : sv12 | sv11 | sv09 (default: sv12)
% #   JG_INCDIRS    : colon/space-separated include dirs (optional)
% #   JG_DEFINES    : space-separated defines NAME or NAME=VAL (optional)
% #   JG_NO_CLOCK   : 1 to force combinational clocking (default: 0)
% #   JG_RESET      : explicit reset signal name (optional)
% #   JG_RESET_EXPR : explicit reset expression (optional)
% # ============================================================
% 
% proc split_env_list {s} {
  if {$s eq ""} {return {}}
  set out {}
  foreach p [split $s " :"] { if {$p ne ""} {lappend out $p} }
  return $out
}
% 
% proc split_space_list {s} {
  if {$s eq ""} {return {}}
  set out {}
  foreach p [split $s " "] { if {$p ne ""} {lappend out $p} }
  return $out
}
% 
% proc collect_files_any {path} {
  # If path is a file, return it. If directory, glob common HDL extensions.
  if {[file isfile $path]} { return [list $path] }
  if {![file isdirectory $path]} { error "Not a file or directory: $path" }

  set patterns {*.sv *.svh *.v *.vh}
  set flist {}
  foreach p $patterns {
    foreach f [glob -nocomplain -types f -directory $path -tails -- $p] {
      lappend flist [file join $path $f]
    }
  }
  if {[llength $flist] == 0} { error "No HDL files found in directory: $path" }
  return $flist
}
% 
% proc read_file_text {path} {
  set fp [open $path "r"]
  set data [read $fp]
  close $fp
  return $data
}
% 
% proc strip_comments {text} {
  set out $text
  regsub -all {(?s)/\*.*?\*/} $out "" out
  regsub -all {(?m)//.*$} $out "" out
  return $out
}
% 
% proc infer_top_from_file {f} {
  if {![file isfile $f]} { return "" }
  set txt [strip_comments [read_file_text $f]]
  if {[regexp -nocase -line {^\s*module\s+([A-Za-z_][A-Za-z0-9_]*)} $txt -> m]} {
    return $m
  }
  return ""
}
% 
% proc find_reset_signal {top files} {
  set top_l [string tolower $top]
  set keywords {input output inout wire reg logic signed unsigned integer parameter localparam bit tri supply0 supply1 tri0 tri1 wand wor}
  foreach f $files {
    if {![file isfile $f]} { continue }
    set txt [strip_comments [read_file_text $f]]
    set re "(?s)\\mmodule\\s+${top_l}\\M\\s*(#\\s*\\(.*?\\)\\s*)?\\((.*?)\\)\\s*;"
    if {[regexp -nocase -- $re $txt -> _port_params portlist]} {
      set tokens [regexp -all -inline {\m[A-Za-z_][A-Za-z0-9_]*\M} $portlist]
      set names {}
      foreach t $tokens {
        set tl [string tolower $t]
        if {[lsearch -exact $keywords $tl] >= 0} { continue }
        lappend names $t
      }
      if {[llength $names] == 0} { continue }
      set lower_map [dict create]
      foreach n $names { dict set lower_map [string tolower $n] $n }
      set exact_priority {reset_n rst_n resetb rstb resetn rstn areset_n arst_n reset rst areset arst}
      foreach p $exact_priority {
        if {[dict exists $lower_map $p]} { return [dict get $lower_map $p] }
      }
      foreach n $names {
        set ln [string tolower $n]
        if {[regexp {(^|_)reset(_|$)} $ln] || [regexp {(^|_)rst(_|$)} $ln]} {
          return $n
        }
      }
    }
  }
  return ""
}
% 
% # ---- Read config from environment ----
% if {![info exists ::env(DESIGN_ID)] || $::env(DESIGN_ID) eq ""} {
  puts "ERROR: DESIGN_ID not set."
  exit 2
}
% if {![info exists ::env(JG_DESIGN)] || $::env(JG_DESIGN) eq ""} {
  puts "ERROR: JG_DESIGN not set."
  exit 2
}
% if {![info exists ::env(JG_SVA)] || $::env(JG_SVA) eq ""} {
  puts "ERROR: JG_SVA not set."
  exit 2
}
% 
% set DESIGN_ID $::env(DESIGN_ID)
00820
% 
% # JG_TOP is optional: if missing, infer from RTL
% set TOP ""
% if {[info exists ::env(JG_TOP)] && $::env(JG_TOP) ne ""} {
  set TOP $::env(JG_TOP)
}
% 
% set STD      [expr {[info exists ::env(JG_STD)] ? $::env(JG_STD) : "sv12"}]
sv12
% set INCDIRS  [expr {[info exists ::env(JG_INCDIRS)] ? [split_env_list $::env(JG_INCDIRS)] : {}}]
% # Defines should be space-separated (do NOT split on ':')
% set DEFINES  [expr {[info exists ::env(JG_DEFINES)] ? [split_space_list $::env(JG_DEFINES)] : {}}]
% set NO_CLOCK [expr {[info exists ::env(JG_NO_CLOCK)] ? $::env(JG_NO_CLOCK) : 0}]
1
% 
% # JG_DESIGN/JG_SVA can be:
% # - a directory
% # - a single file
% # - a list of files/dirs separated by spaces/colons
% set DESIGN_INPUTS [split_env_list $::env(JG_DESIGN)]
./00820/module.v
% set SVA_INPUTS    [split_env_list $::env(JG_SVA)]
./00820/sva.sv
% 
% set DESIGN_FILES {}
% foreach p $DESIGN_INPUTS { set DESIGN_FILES [concat $DESIGN_FILES [collect_files_any $p]] }
% 
% # Infer TOP if not provided
% if {$TOP eq ""} {
  foreach f $DESIGN_FILES {
    set guess [infer_top_from_file $f]
    if {$guess ne ""} { set TOP $guess; break }
  }
  if {$TOP eq ""} {
    puts "ERROR: Could not infer TOP from design files; set JG_TOP explicitly."
    exit 2
  }
}
% puts "INFO: Using TOP = $TOP"
INFO: Using TOP = DeBouncer
% 
% set SVA_FILES {}
% foreach p $SVA_INPUTS { set SVA_FILES [concat $SVA_FILES [collect_files_any $p]] }
% 
% # ---- Output dir ----
% set OUT_DIR [file join "verification_results" $DESIGN_ID]
verification_results/00820
% file mkdir $OUT_DIR
% set PROP_LIST_TXT [file join $OUT_DIR "property_list.txt"]
verification_results/00820/property_list.txt
% set SUMMARY_TXT   [file join $OUT_DIR "summary.txt"]
verification_results/00820/summary.txt
% 
% puts "INFO: Verification run starting"
INFO: Verification run starting
% puts "  DESIGN_ID : $DESIGN_ID"
  DESIGN_ID : 00820
% puts "  TOP       : $TOP"
  TOP       : DeBouncer
% puts "  STD       : $STD"
  STD       : sv12
% puts "  INCDIRS   : $INCDIRS"
  INCDIRS   : 
% puts "  DEFINES   : $DEFINES"
  DEFINES   : 
% puts "  NO_CLOCK  : $NO_CLOCK"
  NO_CLOCK  : 1
% puts "  N_DESIGN  : [llength $DESIGN_FILES]"
  N_DESIGN  : 1
% puts "  N_SVA     : [llength $SVA_FILES]"
  N_SVA     : 1
% puts "  OUT_DIR   : $OUT_DIR"
  OUT_DIR   : verification_results/00820
% 
% # Optional: promote common message groups to errors (best-effort)
% if {[llength [info commands set_msg_config]]} {
  set_msg_config -id COMP*  -severity error
  set_msg_config -id PARSE* -severity error
  set_msg_config -id ELAB*  -severity error
}
% 
% # ---- Build analyze options ----
% set analyze_opts [list analyze -$STD]
analyze -sv12
% if {[llength $INCDIRS] > 0} { lappend analyze_opts -incdir $INCDIRS }
% if {[llength $DEFINES] > 0} {
  foreach d $DEFINES { lappend analyze_opts -define $d }
}
% 
% # ---- Analyze + Elaborate ----
% set err 0
0
% puts "DEBUG: DESIGN_FILES = $DESIGN_FILES"
DEBUG: DESIGN_FILES = ./00820/module.v
% puts "DEBUG: SVA_FILES    = $SVA_FILES"
DEBUG: SVA_FILES    = ./00820/sva.sv
% 
% if {[catch {eval $analyze_opts $DESIGN_FILES} msg]} {
  puts "ERROR: analyze design failed:\n$msg"
  set err 1
}
[-- (VERI-1482)] Analyzing Verilog file '/scratch/gpfs/LICENSED/x86_64/cadence-20210126/jasper_2021.03/lib/verilog/packages/std/std.sv' into library 'std'
[-- (VERI-1482)] Analyzing Verilog file './00820/module.v'
% if {!$err && [catch {eval $analyze_opts $SVA_FILES} msg2]} {
  puts "ERROR: analyze SVA failed:\n$msg2"
  set err 1
}
[-- (VERI-1482)] Analyzing Verilog file './00820/sva.sv'
% 
% puts "DEBUG: Elaborating TOP='$TOP'"
DEBUG: Elaborating TOP='DeBouncer'
% if {!$err && [catch {elaborate -top $TOP} emsg]} {
  puts "ERROR: elaborate failed:\n$emsg"
  set err 1
}
INFO (ISW003): Top module name is "DeBouncer".
[INFO (HIER-8002)] ./00820/module.v(36): Disabling old hierarchical reference handler
[INFO (VERI-1018)] ./00820/sva.sv(5): compiling module 'DeBouncer_sva'
[WARN (VERI-1796)] ./00820/sva.sv(68): system function call isunknown with non-constant argument is not synthesizable
[INFO (VERI-1018)] ./00820/module.v(1): compiling module 'DeBouncer'
[WARN (VERI-1209)] ./00820/module.v(12): expression size 32 truncated to fit in target size 23
INFO (INL208): Elaboration synthesis summary:
  Number of synthesized netlists          3 (1 packages)
  Single run mode                         On
  Pipeline                                On (2 pipelined netlists)
  Late hierarchical reference connection  On
  Number of analyzed Verilog modules      3 (3 synthesized)
  Number of analyzed VHDL entities        0 (0 synthesized)
INFO (INL003): Clearing all state information (assumes, stopats, and so forth).
[<embedded>] % 
[<embedded>] % # If combinational / event-driven, you can force "no clock"
[<embedded>] % if {!$err && $NO_CLOCK} {
  catch { clock -none }
}
INFO (ICK008): Enabling clock-free environment.
0
[<embedded>] % 
[<embedded>] % if {$err} {
  puts "\n❌ FAILED: compile/elab errors"
  exit 1
}
[<embedded>] % 
[<embedded>] % # ---- Reset -----
[<embedded>] % set RESET_SIG ""
[<embedded>] % set RESET_EXPR ""
[<embedded>] % if {[info exists ::env(JG_RESET_EXPR)] && $::env(JG_RESET_EXPR) ne ""} {
  set RESET_EXPR $::env(JG_RESET_EXPR)
} elseif {[info exists ::env(JG_RESET)] && $::env(JG_RESET) ne ""} {
  set RESET_SIG $::env(JG_RESET)
} else {
  set RESET_SIG [find_reset_signal $TOP $DESIGN_FILES]
}
n_reset
[<embedded>] % 
[<embedded>] % if {$RESET_EXPR ne ""} {
  puts "INFO: Using reset expression: $RESET_EXPR"
  catch { reset -expression $RESET_EXPR }
} elseif {$RESET_SIG ne ""} {
  if {[regexp -nocase {(_n|_b)$} $RESET_SIG]} {
    set RESET_EXPR "!$RESET_SIG"
    puts "INFO: Using active-low reset expression: $RESET_EXPR"
    catch { reset -expression $RESET_EXPR }
  } else {
    puts "INFO: Using reset signal: $RESET_SIG"
    catch { reset $RESET_SIG }
  }
} else {
  puts "INFO: No reset signal found; using reset -none"
  catch { reset -none }
}
INFO: Using reset signal: n_reset
INFO (IPM031): Clearing proof results of all properties.
INFO (IRS006): Current reset condition is "n_reset".
0
[<embedded>] % 
[<embedded>] % # ---- Property discovery (bind sanity check) ----
[<embedded>] % set ASSERTS {}
[<embedded>] % set COVERS  {}
[<embedded>] % catch { set ASSERTS [assert -list -silent] }
0
[<embedded>] % catch { set COVERS  [cover  -list -silent] }
0
[<embedded>] % 
[<embedded>] % puts "INFO: Found [llength $ASSERTS] asserts, [llength $COVERS] covers"
INFO: Found 13 asserts, 12 covers
[<embedded>] % 
[<embedded>] % # Write property names
[<embedded>] % set fp [open $PROP_LIST_TXT "w"]
file41
[<embedded>] % puts $fp "ASSERT PROPERTIES:"
[<embedded>] % foreach a $ASSERTS { puts $fp $a }
[<embedded>] % puts $fp ""
[<embedded>] % puts $fp "COVER PROPERTIES:"
[<embedded>] % foreach c $COVERS { puts $fp $c }
[<embedded>] % close $fp
[<embedded>] % 
[<embedded>] % if {[llength $ASSERTS] == 0 && [llength $COVERS] == 0} {
  puts "\n❌ FAILED: No properties found (bind likely didn't attach, or wrong TOP)"
  exit 3
}
[<embedded>] % 
[<embedded>] % # ---- Prove all assertions ----
[<embedded>] % # 3600 seconds = 1 hour timeout per property (adjust as needed)
[<embedded>] % set_prove_time_limit 3600
[<embedded>] % puts "INFO: Running prove -all"
INFO: Running prove -all
[<embedded>] % if {[catch { prove -all } pmsg]} {
  puts "ERROR: prove command failed:\n$pmsg"
  exit 4
}
Ncustom1: Custom engine code is hT3Ng7hPPfiYQOTDZ3qhYOwGAM51eA+J/FjkM5shLioAsqhgLR4Ft+O1BuKG6ilQ83B9tLXSl+CwjiTMAQA
AMcustom2: Custom engine code is hT3Ng7hP/feYQOTDZ3qhYOwGAM51eA+J/FjkM5shLioAsqhgLR4Ft+O1BuKG6ilQ83B9tLXSmmqwm7g9AQA
INFO (IPF036): Starting proof on task: "<embedded>", 25 properties to prove with 0 already proven/unreachable
INFO (IRS029): Starting reset analysis: phase 1 of 4.
INFO (IRS030): Running reset analysis: phase 2 of 4.
INFO (IRS031): Running reset analysis: phase 3 of 4.
INFO (IRS020): Starting the reset analysis simulation with a limit of 100 iterations (phase 4 of 4).
INFO (IRS024): Reset iterations 0 to 4 analyzed.
INFO (IRS018): Reset analysis simulation executed for 3 iterations. Assigned values for 0 of 26 design flops, 0 of 0 design latches, 44 of 135 internal elements.
INFO (IRS039): Reset analysis complete.
INFO (IPF031): Settings used for proof thread 0:
    orchestration                 = on (auto)
    time_limit                    = 3600s
    per_property_time_limit       = 1s * 10 ^ scan
    engine_mode                   = auto
    proofgrid_per_engine_max_jobs = 1
    max engine jobs               = auto
    proofgrid_mode                = local
    proofgrid_restarts            = 10
AMcustom3: Custom engine code is hT3NE7hP/2Fz2XrVSbG0RDiSlOmcEY54dTxWvdDsI3//MxFcPzdQEJVlimlZshtLUKCpt0qXHu9EQAivsvCTP5Pi2s9EBccXnc85FrzRRX45WcXC5XpA9kyHdIYmOxUqsRrN5ntdfkwHRnO7f82Dn4pCsne09HV19Yd/o8VzV0c8nka+2MMhbNDEdLGC4SmTi8oNy00Nn40QJnMevDlPY3jIAQA
Ncustom4: Custom engine code is hT3OXrhPByJp3TrFSTLhUmMH4KVtJgmTCnNDF46yMXOKY48m4LS5nE7yBzFjA7kDuwO/GhGUpEPiky3p3wmPn3dJZHxFMsafSoObRzSC+tn7sEY0WbTdZ/FV4hL3MYH/b1CIUvXSWR4wqEoVLsmMOD4xIPT4lI1LO6ZCO7PnnWQuLwetnvKlrXx6wCW/A+x+enqslg1YPobi4wEF/EvbzOvcTYdJvl2s4H2yZg2b2ofAVN5WvhWk1HoBAA
Ncustom5: Custom engine code is hT3NR7hPByFp3TrFSTLhUmMH4KWtJglTyV/c51BHEeZWamnJv767nE6PCak26bd3gf3XGN3rIRheufhDieCJQVISo+gNYUKhiUedBKGtsP/a18svAnlMJZudHxDFwK5ufsyoxsIyiAeSY2oi3tEuoDHr5gw42DFKAG3PqO3CEsl8Azzdt3pl5nGA1Ifv2H02eYsFzWb/nfp8PMb3F0krE/EgBcm8TD9Div8BAA
Tricustom6: Custom engine code is hT3Nu7hP3fiYQADBZnYcglNHp9bfd7EOeniIqP/ji8sGLQu8yhsFO+wxJ+O+R0bU8g/IewXFomyos+viQnWc2xYNYmMqpo3i40O7DaZR7qfp4YqNx26KRvQ/qx0BAA
0.0.PRE: A proof was found: No trace exists. [0.00 s]
INFO (IPF057): 0.0.PRE: The property "DeBouncer.debouncer_sva_i._assert_2" was proven in 0.00 s.
0.0.PRE: A proof was found: No trace exists. [0.00 s]
INFO (IPF057): 0.0.PRE: The property "DeBouncer.debouncer_sva_i._assert_3" was proven in 0.00 s.
0.0.PRE: A proof was found: No trace exists. [0.00 s]
INFO (IPF057): 0.0.PRE: The property "DeBouncer.debouncer_sva_i._assert_13" was proven in 0.00 s.
0: Found proofs for 3 properties in preprocessing
0: Using multistage preprocessing
0: Starting reduce
0: Finished reduce in 0s
0.0.PRE: A proof was found: No trace exists. [0.00 s]
INFO (IPF057): 0.0.PRE: The property "DeBouncer.debouncer_sva_i._assert_1" was proven in 0.00 s.
0.0.PRE: A proof was found: No trace exists. [0.00 s]
INFO (IPF051): 0.0.PRE: The cover property "DeBouncer.debouncer_sva_i._assert_1:precondition1" was proven unreachable in 0.00 s.
0.0.PRE: A proof was found: No trace exists. [0.00 s]
INFO (IPF051): 0.0.PRE: The cover property "DeBouncer.debouncer_sva_i._cover_14" was proven unreachable in 0.00 s.
0: Found proofs for 3 properties in preprocessing
0.0.PRE: Performing Proof Simplification...
0.0.N: clocks: 2, declared: 1, disabling: 0, posedge: 2, negedge: 0, noedge: 0, bothedge: 0
0.0.N: Proof Simplification Iteration 1	[0.00 s]
0.0.N: Proof Simplification Iteration 2	[0.00 s]
0.0.N: Proof Simplification Iteration 3	[0.00 s]
0.0.PRE: A proof was found: No trace exists. [0.00 s]
INFO (IPF057): 0.0.PRE: The property ":noDeadEnd" was proven in 0.00 s.
    Use check_assumptions -show -dead_end to show this property in the property table.
0.0.PRE: A proof was found: No trace exists. [0.00 s]
INFO (IPF057): 0.0.PRE: The property ":noConflict" was proven in 0.00 s.
    Use check_assumptions -show to show this property in the property table.
INFO (IPF047): 0.0.PRE: The cover property ":live" was covered in 1 cycles in 0.00 s.
    Use check_assumptions -show -live to show this property in the property table.
0.0.PRE: Proof Simplification completed in 0.00 s
0: About to start ProofGrid in its own thread with a limit of 10000 pending notifications and a limit of 10 traces.
0: =============================== ProofGrid start ===============================
0: ProofGrid usable level: 19
0: ProofGrid is starting event handling
0.0.N: Proofgrid shell started at 1777173@della-h14n12(local) jg_1777007_della-h14n12_1
0.0.Hp: Proofgrid shell started at 1777174@della-h14n12(local) jg_1777007_della-h14n12_1
0.0.N: OS RSS memory limit : 17179869184 / 17179869184
0.0.N: clocks: 1, declared: 1, disabling: 0, posedge: 1, negedge: 0, noedge: 0, bothedge: 0
0.0.Hp: OS RSS memory limit : 17179869184 / 17179869184
0.0.N: Next scan (0) will use per property time limit: 1s * 10 ^ 0 = 1s
0.0.N: Starting proof for property "DeBouncer.debouncer_sva_i._assert_4"	[0.00 s].
0.0.N: Trace Attempt  1	[0.00 s]
0.0.Hp: clocks: 1, declared: 1, disabling: 0, posedge: 1, negedge: 0, noedge: 0, bothedge: 0
0.0.N: A trace with 1 cycles was found. [0.00 s]
INFO (IPF055): 0.0.N: A counterexample (cex) with 1 cycles was found for the property "DeBouncer.debouncer_sva_i._assert_4" in 0.01 s.
INFO (IPF047): 0.0.N: The cover property "DeBouncer.debouncer_sva_i._assert_7:precondition1" was covered in 1 cycles in 0.01 s by the incidental trace "DeBouncer.debouncer_sva_i._assert_4".
INFO (IPF047): 0.0.N: The cover property "DeBouncer.debouncer_sva_i._assert_10:precondition1" was covered in 1 cycles in 0.01 s by the incidental trace "DeBouncer.debouncer_sva_i._assert_4".
0.0.N: Stopped processing property "DeBouncer.debouncer_sva_i._assert_4"	[0.01 s].
0.0.N: Starting proof for property "DeBouncer.debouncer_sva_i._assert_5"	[0.00 s].
0.0.N: Trace Attempt  1	[0.00 s]
0.0.N: A trace with 1 cycles was found. [0.00 s]
INFO (IPF055): 0.0.N: A counterexample (cex) with 1 cycles was found for the property "DeBouncer.debouncer_sva_i._assert_5" in 0.00 s.
0.0.N: Stopped processing property "DeBouncer.debouncer_sva_i._assert_5"	[0.00 s].
0.0.N: Starting proof for property "DeBouncer.debouncer_sva_i._assert_6"	[0.00 s].
0.0.N: Trace Attempt  1	[0.00 s]
0.0.N: A trace with 1 cycles was found. [0.00 s]
INFO (IPF055): 0.0.N: A counterexample (cex) with 1 cycles was found for the property "DeBouncer.debouncer_sva_i._assert_6" in 0.00 s.
INFO (IPF047): 0.0.N: The cover property "DeBouncer.debouncer_sva_i._assert_6:precondition1" was covered in 1 cycles in 0.00 s by the incidental trace "DeBouncer.debouncer_sva_i._assert_6".
0.0.N: Stopped processing property "DeBouncer.debouncer_sva_i._assert_6"	[0.00 s].
0.0.N: Starting proof for property "DeBouncer.debouncer_sva_i._assert_7"	[0.00 s].
0.0.N: Trace Attempt  1	[0.00 s]
0.0.N: A trace with 1 cycles was found. [0.00 s]
INFO (IPF055): 0.0.N: A counterexample (cex) with 1 cycles was found for the property "DeBouncer.debouncer_sva_i._assert_7" in 0.00 s.
0.0.N: Stopped processing property "DeBouncer.debouncer_sva_i._assert_7"	[0.00 s].
0.0.N: Starting proof for property "DeBouncer.debouncer_sva_i._assert_8"	[0.00 s].
0.0.N: Trace Attempt  1	[0.00 s]
0.0.N: A trace with 1 cycles was found. [0.00 s]
INFO (IPF055): 0.0.N: A counterexample (cex) with 1 cycles was found for the property "DeBouncer.debouncer_sva_i._assert_8" in 0.00 s.
INFO (IPF047): 0.0.N: The cover property "DeBouncer.debouncer_sva_i._assert_8:precondition1" was covered in 1 cycles in 0.00 s by the incidental trace "DeBouncer.debouncer_sva_i._assert_8".
0.0.N: Stopped processing property "DeBouncer.debouncer_sva_i._assert_8"	[0.00 s].
0.0.N: Starting proof for property "DeBouncer.debouncer_sva_i._assert_9"	[0.00 s].
0.0.N: Trace Attempt  1	[0.00 s]
0: ProofGrid is temporarily paused because there are too many pending traces.
0: ProofGrid is resuming to work after pausing for 0s. The amount of pending traces decreased.
0.0.N: A trace with 1 cycles was found. [0.00 s]
INFO (IPF055): 0.0.N: A counterexample (cex) with 1 cycles was found for the property "DeBouncer.debouncer_sva_i._assert_9" in 0.00 s.
INFO (IPF047): 0.0.N: The cover property "DeBouncer.debouncer_sva_i._assert_9:precondition1" was covered in 1 cycles in 0.00 s by the incidental trace "DeBouncer.debouncer_sva_i._assert_9".
0.0.Hp: Trace Attempt  1	[0.00 s]
0.0.Hp: A trace with 1 cycles was found. [0.00 s]
INFO (IPF055): 0.0.Hp: A counterexample (cex) with 1 cycles was found for the property "DeBouncer.debouncer_sva_i._assert_10" in 0.01 s.
INFO (IPF055): 0.0.Hp: A counterexample (cex) with 1 cycles was found for the property "DeBouncer.debouncer_sva_i._assert_11" in 0.01 s.
INFO (IPF047): 0.0.Hp: The cover property "DeBouncer.debouncer_sva_i._assert_11:precondition1" was covered in 1 cycles in 0.01 s.
INFO (IPF055): 0.0.Hp: A counterexample (cex) with 1 cycles was found for the property "DeBouncer.debouncer_sva_i._assert_12" in 0.01 s.
INFO (IPF047): 0.0.Hp: The cover property "DeBouncer.debouncer_sva_i._assert_12:precondition1" was covered in 1 cycles in 0.01 s.
0.0.Hp: Trace Attempt  2	[0.00 s]
0.0.Hp: Trace Attempt  3	[0.01 s]
0.0.N: Stopped processing property "DeBouncer.debouncer_sva_i._assert_9"	[0.00 s].
0.0.N: Starting proof for property "DeBouncer.debouncer_sva_i._assert_10"	[0.00 s].
0.0.N: Trace Attempt  1	[0.00 s]
0.0.N: Stopped processing property "DeBouncer.debouncer_sva_i._assert_10"	[0.00 s].
0.0.N: Starting proof for property "DeBouncer.debouncer_sva_i._cover_15"	[0.00 s].
0.0.N: Trace Attempt  1	[0.00 s]
0.0.N: A max_length bound was found. The shortest trace is no longer than 1073741824 cycles. [0.00 s]
INFO (IPF008): 0.0.N: A max_length bound of 1073741824 was found for the property "DeBouncer.debouncer_sva_i._cover_15" in 0.00 s.
0.0.N: Trace Attempt  2	[0.00 s]
0.0.Hp: Trace Attempt  4	[0.01 s]
0.0.N: Trace Attempt  2	[0.00 s]
0.0.N: Trace Attempt  3	[0.00 s]
0.0.N: Trace Attempt  4	[0.00 s]
0.0.N: Trace Attempt  4	[0.00 s]
0.0.N: Trace Attempt  5	[0.00 s]
0.0.N: Trace Attempt  5	[0.00 s]
0.0.N: A trace with 5 cycles was found. [0.00 s]
INFO (IPF047): 0.0.N: The cover property "DeBouncer.debouncer_sva_i._cover_15" was covered in 5 cycles in 0.00 s.
0.0.N: Stopped processing property "DeBouncer.debouncer_sva_i._cover_15"	[0.00 s].
0.0.N: Starting proof for property "DeBouncer.debouncer_sva_i._cover_16"	[0.00 s].
0.0.N: Trace Attempt  1	[0.00 s]
0.0.N: A max_length bound was found. The shortest trace is no longer than 1073741824 cycles. [0.00 s]
INFO (IPF008): 0.0.N: A max_length bound of 1073741824 was found for the property "DeBouncer.debouncer_sva_i._cover_16" in 0.00 s.
0.0.N: Trace Attempt  2	[0.00 s]
0.0.N: Trace Attempt  2	[0.00 s]
0.0.N: Trace Attempt  3	[0.00 s]
0.0.Hp: Trace Attempt  5	[0.02 s]
0.0.N: Trace Attempt  4	[0.00 s]
0.0.Hp: A trace with 5 cycles was found. [0.02 s]
INFO (IPF047): 0.0.Hp: The cover property "DeBouncer.debouncer_sva_i._cover_16" was covered in 5 cycles in 0.02 s.
0.0.N: Stopped processing property "DeBouncer.debouncer_sva_i._cover_16"	[0.00 s].
0.0.N: Last scan. Per property time limit: 0s
0.0.N: Starting proof for property "DeBouncer.debouncer_sva_i._cover_17"	[0.00 s].
0.0.N: Trace Attempt  1	[0.00 s]
0.0.N: Trace Attempt  2	[0.00 s]
0.0.N: Trace Attempt  3	[0.00 s]
0.0.N: Trace Attempt  3	[0.00 s]
0.0.N: Trace Attempt  4	[0.00 s]
0.0.N: Trace Attempt  5	[0.00 s]
0.0.N: Trace Attempt  5	[0.00 s]
0.0.N: Trace Attempt  1	[0.02 s]
0.0.N: Trace Attempt  2	[0.02 s]
0.0.N: Trace Attempt  3	[0.02 s]
0.0.N: Trace Attempt  5	[0.02 s]
0.0.Ht: Proofgrid shell started at 1777187@della-h14n12(local) jg_1777007_della-h14n12_1
0.0.Ht: OS RSS memory limit : 17179869184 / 17179869184
0.0.Ht: clocks: 1, declared: 1, disabling: 0, posedge: 1, negedge: 0, noedge: 0, bothedge: 0
0.0.Ht: Trace Attempt  1	[0.00 s]
0.0.Ht: Trace Attempt  2	[0.00 s]
0.0.Ht: Trace Attempt  3	[0.00 s]
0.0.Ht: Trace Attempt  4	[0.00 s]
0.0.Ht: Trace Attempt  5	[0.00 s]
0.0.B: Proofgrid shell started at 1777188@della-h14n12(local) jg_1777007_della-h14n12_1
0.0.B: OS RSS memory limit : 17179869184 / 17179869184
0.0.B: clocks: 1, declared: 1, disabling: 0, posedge: 1, negedge: 0, noedge: 0, bothedge: 0
0.0.B: Last scan. Per property time limit: 0s
0.0.B: Starting proof for property "DeBouncer.debouncer_sva_i._cover_17"	[0.00 s].
0.0.B: Trace Attempt  1	[0.00 s]
0.0.B: Trace Attempt  2	[0.00 s]
0.0.B: Trace Attempt  3	[0.00 s]
0.0.B: Trace Attempt  4	[0.00 s]
0.0.B: Trace Attempt  5	[0.00 s]
0.0.N: Trace Attempt  1	[0.22 s]
0.0.N: Trace Attempt  2	[0.22 s]
0.0.N: Trace Attempt  3	[0.22 s]
0.0.N: Trace Attempt  5	[0.22 s]
0: ProofGrid usable level: 1
0.0.Hp: Trace Attempt 133	[4.22 s]
0.0.B: Trace Attempt 133	[4.24 s]
0.0.Ht: Trace Attempt 133	[4.72 s]
0.0.N: Trace Attempt 91	[5.69 s]
0.0.N: Trace Attempt  1	[5.90 s]
0.0.N: Trace Attempt  2	[5.90 s]
0.0.N: Trace Attempt  3	[5.90 s]
0.0.N: Trace Attempt  5	[5.90 s]
0.0.Hp: Trace Attempt 171	[8.44 s]
0.0.B: Trace Attempt 174	[8.49 s]
0.0.N: Trace Attempt 317	[12.27 s]
0.0.B: Trace Attempt 207	[13.59 s]
0.0.N: Trace Attempt 404	[18.45 s]
0.0.B: Trace Attempt 224	[18.60 s]
0.0.Ht: Trace Attempt 268	[18.99 s]
0.0.Hp: Trace Attempt 291	[19.72 s]
0.0.N: Trace Attempt 464	[22.48 s]
0.0.B: Trace Attempt 227	[23.82 s]
0.0.N: Trace Attempt 518	[26.87 s]
0.0.B: Trace Attempt 234	[29.52 s]
0.0.N: Trace Attempt 729	[30.89 s]
0.0.B: Trace Attempt 244	[34.92 s]
0.0.N: Trace Attempt 808	[35.52 s]
0.0.N: Trace Attempt 889	[39.77 s]
0.0.B: Trace Attempt 264	[42.46 s]
0.0.N: Trace Attempt 1136	[46.83 s]
0.0.B: Trace Attempt 266	[49.21 s]
0.0.Ht: Trace Attempt 413	[49.59 s]
0.0.N: Trace Attempt 1200	[54.13 s]
0.0.B: Trace Attempt 269	[55.09 s]
0.0.B: Trace Attempt 271	[59.65 s]
0.0.Hp: Trace Attempt 422	[60.52 s]
0.0.B: Trace Attempt 278	[63.70 s]
0.0.N: Trace Attempt 1279	[66.30 s]
0.0.B: Trace Attempt 281	[68.26 s]
0.0.N: Trace Attempt 1531	[72.42 s]
0.0.B: Trace Attempt 286	[73.87 s]
0.0.N: Trace Attempt 1820	[76.42 s]
0.0.B: Trace Attempt 287	[78.64 s]
0.0.B: Trace Attempt 288	[85.57 s]
0.0.N: Trace Attempt 2082	[86.51 s]
0.0.B: Trace Attempt 289	[90.39 s]
0.0.N: Trace Attempt 2399	[90.64 s]
0.0.B: Trace Attempt 290	[95.02 s]
0.0.N: Trace Attempt 2747	[97.28 s]
0.0.B: Trace Attempt 293	[102.62 s]
0.0.N: Trace Attempt 2825	[103.23 s]
0.0.N: Trace Attempt 2882	[107.27 s]
0.0.B: Trace Attempt 294	[108.28 s]
0.0.N: Trace Attempt 3072	[111.30 s]
0.0.B: Trace Attempt 296	[113.34 s]
0.0.N: Trace Attempt 3119	[117.34 s]
0.0.B: Trace Attempt 298	[118.54 s]
0.0.N: Trace Attempt 3335	[121.37 s]
0.0.N: Trace Attempt 3382	[125.39 s]
0.0.B: Trace Attempt 300	[130.38 s]
0.0.N: Trace Attempt 3461	[131.40 s]
0.0.N: Trace Attempt 3546	[137.55 s]
0.0.N: Trace Attempt 3678	[141.80 s]
0.0.N: Trace Attempt 3843	[145.81 s]
0.0.B: Trace Attempt 301	[145.95 s]
0.0.N: Trace Attempt 4016	[149.82 s]
0.0.B: Trace Attempt 302	[151.49 s]
0.0.N: Trace Attempt 4071	[154.22 s]
0.0.N: Trace Attempt 4123	[158.24 s]
0.0.B: Trace Attempt 303	[159.21 s]
0.0.N: Trace Attempt 4205	[162.39 s]
0.0.N: Trace Attempt 4621	[166.41 s]
0.0.N: Trace Attempt 4835	[170.41 s]
0.0.B: Trace Attempt 304	[172.31 s]
0.0.N: Trace Attempt 4898	[179.50 s]
0.0.B: Trace Attempt 305	[179.42 s]
0.0.B: Trace Attempt 306	[185.05 s]
0.0.B: Trace Attempt 307	[189.84 s]
0.0.B: Trace Attempt 309	[198.90 s]
0.0.N: Trace Attempt 4949	[199.59 s]
0.0.B: Trace Attempt 311	[204.16 s]
0.0.B: Trace Attempt 313	[211.57 s]
0.0.N: Trace Attempt 4989	[216.19 s]
0.0.B: Trace Attempt 315	[221.44 s]
0.0.B: Trace Attempt 316	[226.66 s]
0.0.B: Trace Attempt 318	[234.11 s]
0.0.B: Trace Attempt 319	[240.08 s]
0.0.Hp: Interrupted (multi)
0.0.Hp: Morphing to Mp
0.0.Hp: Trace Attempt 1274	[60.67 s]
0.0.Hp: All properties determined. [0.00 s]
0.0.Hp: Exited with Success (@ 0.00 s)
0.0.Mp: clocks: 1, declared: 1, disabling: 0, posedge: 1, negedge: 0, noedge: 0, bothedge: 0
0.0.Mp: Trace Attempt  1	[0.00 s]
0.0.Mp: Trace Attempt  2	[0.00 s]
0.0.Mp: Trace Attempt  3	[0.00 s]
0.0.Mp: Trace Attempt  3	[0.00 s]
0.0.Mp: Trace Attempt  4	[0.00 s]
0.0.Mp: Trace Attempt  4	[0.00 s]
0.0.Mp: Trace Attempt  5	[0.00 s]
0.0.Mp: Trace Attempt 130	[4.27 s]
0.0.B: Trace Attempt 321	[247.24 s]
0.0.Mp: Trace Attempt 243	[8.27 s]
0.0.B: Trace Attempt 322	[253.11 s]
0.0.Mp: Trace Attempt 367	[12.33 s]
0.0.Mp: Trace Attempt 399	[16.79 s]
0.0.B: Trace Attempt 323	[258.56 s]
0.0.Mp: Trace Attempt 399	[21.93 s]
0.0.B: Trace Attempt 324	[264.43 s]
0.0.B: Trace Attempt 325	[268.70 s]
0.0.Mp: Trace Attempt 399	[27.88 s]
0.0.Mp: Trace Attempt 399	[32.07 s]
0.0.B: Trace Attempt 326	[274.18 s]
0.0.Mp: Trace Attempt 399	[36.46 s]
0.0.Mp: Trace Attempt 399	[41.18 s]
0.0.B: Trace Attempt 328	[287.12 s]
0.0.Mp: Trace Attempt 399	[46.46 s]
0.0.Mp: Trace Attempt 399	[52.18 s]
0.0.B: Trace Attempt 329	[298.23 s]
0.0.Mp: Trace Attempt 399	[58.30 s]
0.0.Mp: Trace Attempt 399	[64.91 s]
0.0.B: Stopped processing property "DeBouncer.debouncer_sva_i._cover_17"	[306.03 s].
0.0.B: Morphing to K
0.0.B: All properties determined. [0.00 s]
0.0.B: Exited with Success (@ 0.00 s)
0.0.K: clocks: 1, declared: 1, disabling: 0, posedge: 1, negedge: 0, noedge: 0, bothedge: 0
0.0.K: Starting proof for property "DeBouncer.debouncer_sva_i._cover_17"	[0.00 s].
0.0.K: Trace Attempt 90	[0.00 s]
0.0.N: Stopped processing property "DeBouncer.debouncer_sva_i._cover_17"	[306.95 s].
0.0.N: Morphing to AM
0.0.N: Trace Attempt 5012	[217.32 s]
0.0.N: All properties determined. [0.00 s]
0.0.N: Exited with Success (@ 0.00 s)
0.0.AM: clocks: 1, declared: 1, disabling: 0, posedge: 1, negedge: 0, noedge: 0, bothedge: 0
0.0.AM: Starting proof for property "DeBouncer.debouncer_sva_i._cover_17"	[0.00 s].
0.0.AM: Trace Attempt  1	[0.00 s]
0.0.AM: Trace Attempt  2	[0.00 s]
0.0.AM: Trace Attempt  3	[0.00 s]
0.0.AM: Trace Attempt  4	[0.00 s]
0.0.AM: Trace Attempt  5	[0.00 s]
0.0.AM: Trace Attempt  1	[0.01 s]
0.0.AM: Trace Attempt  2	[0.01 s]
0.0.AM: Trace Attempt  3	[0.01 s]
0.0.AM: Trace Attempt  5	[0.01 s]
0.0.AM: Trace Attempt  1	[0.03 s]
0.0.AM: Trace Attempt  2	[0.03 s]
0.0.AM: Trace Attempt  3	[0.03 s]
0.0.AM: Trace Attempt  5	[0.03 s]
0.0.AM: Trace Attempt  1	[0.14 s]
0.0.AM: Trace Attempt  2	[0.14 s]
0.0.AM: Trace Attempt  3	[0.14 s]
0.0.AM: Trace Attempt  5	[0.15 s]
0.0.AM: Trace Attempt  1	[0.57 s]
0.0.AM: Trace Attempt  2	[0.57 s]
0.0.AM: Trace Attempt  3	[0.57 s]
0.0.AM: Trace Attempt  5	[0.57 s]
0.0.K: Trace Attempt  1	[5.29 s]
0.0.K: Trace Attempt  2	[5.29 s]
0.0.K: Trace Attempt  3	[5.29 s]
0.0.K: Trace Attempt  4	[5.29 s]
0.0.K: Trace Attempt  5	[5.29 s]
0.0.AM: Trace Attempt 153	[4.60 s]
0.0.Mp: Trace Attempt 399	[71.74 s]
0.0.K: Trace Attempt 140	[9.44 s]
0.0.AM: Trace Attempt 194	[9.18 s]
0.0.Mp: Trace Attempt 399	[78.97 s]
0.0.K: Trace Attempt 188	[14.08 s]
0.0.AM: Trace Attempt 218	[13.30 s]
0.0.AM: Trace Attempt 244	[17.33 s]
0.0.K: Trace Attempt 208	[18.47 s]
0.0.AM: Trace Attempt  1	[20.74 s]
0.0.AM: Trace Attempt  2	[20.74 s]
0.0.AM: Trace Attempt  3	[20.74 s]
0.0.AM: Trace Attempt  5	[20.74 s]
0.0.Mp: Trace Attempt 507	[86.91 s]
0.0.K: Trace Attempt 275	[23.25 s]
0.0.AM: Trace Attempt 300	[25.18 s]
0.0.Mp: Trace Attempt 507	[91.07 s]
0.0.K: Trace Attempt 280	[28.45 s]
0.0.AM: Trace Attempt 651	[29.19 s]
0.0.Mp: Trace Attempt 507	[95.19 s]
0.0.K: Trace Attempt 282	[32.89 s]
0.0.AM: Trace Attempt 763	[33.23 s]
0.0.Mp: Trace Attempt 507	[99.62 s]
0.0.AM: Trace Attempt 795	[37.25 s]
0.0.Mp: Trace Attempt 507	[104.08 s]
0.0.K: Trace Attempt 313	[40.83 s]
0.0.Mp: Trace Attempt 507	[108.64 s]
0.0.K: Trace Attempt 315	[45.27 s]
0.0.Mp: Trace Attempt 507	[113.20 s]
0.0.Mp: Trace Attempt 507	[117.78 s]
0.0.K: Trace Attempt 320	[53.87 s]
0.0.AM: Trace Attempt 263	[55.39 s]
0.0.Mp: Trace Attempt 507	[122.54 s]
0.0.K: Trace Attempt 329	[60.34 s]
0.0.AM: Trace Attempt 266	[60.09 s]
0.0.Mp: Trace Attempt 507	[127.17 s]
0.0.K: Trace Attempt 330	[64.59 s]
0.0.Mp: Trace Attempt 507	[131.96 s]
0.0.AM: Trace Attempt 280	[67.82 s]
0.0.K: Trace Attempt 332	[71.64 s]
0.0.Mp: Trace Attempt 507	[137.02 s]
0.0.AM: Trace Attempt 282	[71.94 s]
0.0.AM: Trace Attempt 325	[76.18 s]
0.0.Mp: Trace Attempt 507	[141.98 s]
0.0.AM: Trace Attempt 366	[80.28 s]
0.0.Mp: Trace Attempt 507	[147.09 s]
0.0.AM: Trace Attempt 372	[84.37 s]
0.0.K: Trace Attempt 338	[86.92 s]
0.0.Mp: Trace Attempt 507	[152.34 s]
0.0.AM: Trace Attempt 410	[88.51 s]
0.0.Mp: Trace Attempt 507	[157.88 s]
0.0.AM: Trace Attempt 424	[92.56 s]
0.0.K: Trace Attempt 339	[94.66 s]
0.0.AM: Trace Attempt 452	[96.56 s]
0.0.Mp: Trace Attempt 507	[163.61 s]
0.0.K: Trace Attempt 340	[99.72 s]
0.0.AM: Trace Attempt 469	[101.77 s]
0.0.Mp: Trace Attempt 507	[169.41 s]
0.0.K: Trace Attempt 342	[106.91 s]
0.0.AM: Trace Attempt 470	[106.42 s]
0.0.Mp: Trace Attempt 507	[175.07 s]
0.0.K: Trace Attempt 343	[114.12 s]
0.0.AM: Trace Attempt 471	[114.83 s]
0.0.Mp: Trace Attempt 507	[180.82 s]
0.0.Mp: Trace Attempt 586	[184.91 s]
0.0.K: Trace Attempt 344	[121.39 s]
0.0.AM: Trace Attempt 472	[120.59 s]
0.0.AM: Trace Attempt 477	[124.81 s]
0.0.K: Trace Attempt 345	[128.26 s]
0.0.AM: Trace Attempt 508	[128.84 s]
0.0.Mp: Trace Attempt 645	[195.13 s]
0.0.K: Trace Attempt 346	[132.59 s]
0.0.AM: Trace Attempt 540	[134.15 s]
0.0.Mp: Trace Attempt 645	[201.53 s]
0.0.K: Trace Attempt 348	[138.77 s]
0.0.AM: Trace Attempt 541	[138.68 s]
0.0.K: Trace Attempt 396	[142.86 s]
0.0.Mp: Trace Attempt 645	[208.30 s]
0.0.AM: Trace Attempt 555	[142.74 s]
0.0.AM: Trace Attempt 578	[147.11 s]
0.0.Mp: Trace Attempt 645	[214.98 s]
0.0.AM: Trace Attempt 581	[152.09 s]
0.0.K: Trace Attempt 402	[153.20 s]
0.0.Mp: Trace Attempt 645	[221.68 s]
0.0.AM: Trace Attempt 582	[159.12 s]
0.0.K: Trace Attempt 403	[162.95 s]
0.0.Mp: Trace Attempt 645	[228.49 s]
0.0.AM: Trace Attempt 583	[167.82 s]
0.0.Mp: Trace Attempt 645	[235.48 s]
0.0.K: Trace Attempt 404	[171.75 s]
0.0.AM: Trace Attempt 585	[173.13 s]
0.0.Mp: Trace Attempt 645	[242.76 s]
0.0.AM: Trace Attempt 626	[177.33 s]
0.0.AM: Stopped processing property "DeBouncer.debouncer_sva_i._cover_17"	[179.53 s].
0.0.AM: Morphing to Tri
0.0.AM: Trace Attempt 639	[179.52 s]
0.0.AM: All properties determined. [0.00 s]
0.0.AM: Exited with Success (@ 0.00 s)
0.0.Tri: clocks: 1, declared: 1, disabling: 0, posedge: 1, negedge: 0, noedge: 0, bothedge: 0
0.0.K: Stopped processing property "DeBouncer.debouncer_sva_i._cover_17"	[180.40 s].
0.0.K: Morphing to Tricustom6
0.0.K: All properties determined. [0.00 s]
0.0.K: Exited with Success (@ 0.00 s)
0.0.Tricustom6: Starting clock optimization
0.0.Tricustom6: Finished clock optimization
0.0.Tricustom6: clocks: 1, declared: 1, disabling: 0, posedge: 1, negedge: 0, noedge: 0, bothedge: 0
0.0.Tri: Starting proof for property "DeBouncer.debouncer_sva_i._cover_17"	[0.00 s].
0.0.Tri: Trace Attempt  1	[0.00 s]
0.0.Tricustom6: Starting proof for property "DeBouncer.debouncer_sva_i._cover_17"	[0.00 s].
0.0.Tricustom6: Trace Attempt  4	[0.00 s]
0.0.Tri:    0.00" ---- Launching main thread ----
0.0.Tricustom6:    0.00" ---- Launching main thread ----
0.0.Tri:    0.27" ---- Launching abstraction thread ----
0.0.Tricustom6:    0.30" ---- Launching abstraction thread ----
0.0.Tri:    0.33" ---- Launching multi-phase simplification thread ----
0.0.Tricustom6:    0.34" ---- Launching multi-phase simplification thread ----
0.0.Tri: Trace Attempt  2	[0.44 s]
0.0.Tri: Trace Attempt  3	[0.44 s]
0.0.Tri: Trace Attempt  4	[0.44 s]
0.0.Tri: Trace Attempt  5	[0.44 s]
0.0.Tricustom6:    1.18" Simplification phase 1 complete
0.0.Tricustom6:    1.51" Simplification phase 2 complete
0.0.Tri:    1.98" Simplification phase 1 complete
0.0.Tri:    2.04" Simplification phase 2 complete
0.0.Tri:    2.23" Simplification phase 3 complete
   2.23" ---- Completed simplification thread ----
   2.23" ---- Restarting main thread on simplified netlist ----
0.0.Tri:    2.47" ---- Restarting abstraction thread on simplified netlist ----
0.0.Tricustom6:    2.83" Simplification phase 3 complete
   2.83" ---- Completed simplification thread ----
   2.83" ---- Restarting main thread on simplified netlist ----
0.0.Tricustom6:    3.09" ---- Restarting abstraction thread on simplified netlist ----
0.0.Tricustom6: Trace Attempt 14384	[4.15 s]
0.0.Tri: Trace Attempt 7526	[4.88 s]
0.0.Mp: Trace Attempt 645	[250.63 s]
0.0.Tri: Trace Attempt 22074	[8.88 s]
0.0.Tricustom6: Trace Attempt 42160	[9.24 s]
0.0.Tri: Trace Attempt 41800	[12.88 s]
0.0.Tricustom6: Trace Attempt 71944	[13.66 s]
0.0.Mp: Trace Attempt 645	[259.68 s]
0.0.Tricustom6: Trace Attempt 90324	[17.87 s]
0.0.Tri: Trace Attempt 58857	[18.73 s]
0.0.Mp: Trace Attempt 645	[268.81 s]
0.0.Tri: Trace Attempt 83945	[24.80 s]
0.0.Tricustom6: Trace Attempt 133040	[25.16 s]
0.0.Tri: Trace Attempt 122265	[28.80 s]
0.0.Tricustom6: Trace Attempt 192444	[29.16 s]
0.0.Mp: Trace Attempt 645	[278.75 s]
0.0.Tricustom6: Trace Attempt 193704	[35.47 s]
0.0.Tri: Trace Attempt 141608	[39.70 s]
0.0.Tricustom6: Trace Attempt 252560	[39.74 s]
0.0.Mp: Trace Attempt 645	[288.07 s]
0.0.Tri: Trace Attempt 155917	[44.60 s]
0.0.Tricustom6: Trace Attempt 278128	[48.38 s]
0.0.Tri: Trace Attempt 176241	[48.60 s]
0.0.Mp: Trace Attempt 645	[297.55 s]
0.0.Tri: Trace Attempt 199003	[52.60 s]
0.0.Tricustom6: Trace Attempt 333464	[52.90 s]
0.0.Mp: Trace Attempt 645	[305.94 s]
0.0.Mp: Trace Attempt 645	[314.28 s]
0.0.Tri: Trace Attempt 208511	[73.33 s]
0.0.Mp: Trace Attempt 645	[322.49 s]
0.0.Tri: Trace Attempt 224002	[77.33 s]
0.0.Tricustom6: Trace Attempt 399656	[79.68 s]
0.0.Tri: Trace Attempt 231626	[82.21 s]
0.0.Tricustom6: Trace Attempt 490096	[84.16 s]
0.0.Tri: Trace Attempt 251510	[86.22 s]
0.0.Mp: Trace Attempt 645	[332.02 s]
0.0.Tricustom6: Trace Attempt 547296	[88.16 s]
0.0.Tri: Trace Attempt 260333	[90.52 s]
0.0.Tri: Trace Attempt 288142	[94.52 s]
0.0.Mp: Trace Attempt 645	[340.76 s]
0.0.Mp: Trace Attempt 645	[349.52 s]
0.0.Mp: Trace Attempt 719	[353.59 s]
0.0.Mp: Trace Attempt 761	[366.54 s]
0.0.Tricustom6: Trace Attempt 567420	[121.61 s]
0.0.Tri: Trace Attempt 298870	[123.85 s]
0.0.Tricustom6: Trace Attempt 630840	[125.61 s]
0.0.Tri: Trace Attempt 311272	[128.69 s]
0.0.Tricustom6: Trace Attempt 701524	[129.61 s]
0.0.Mp: Trace Attempt 761	[376.94 s]
0.0.Tri: Trace Attempt 320337	[132.69 s]
0.0.Tricustom6: Trace Attempt 793792	[133.61 s]
0.0.Tri: Trace Attempt 328365	[137.10 s]
0.0.Mp: Trace Attempt 761	[386.29 s]
0.0.Tri: Trace Attempt 352806	[141.10 s]
0.0.Tri: Trace Attempt 379958	[145.10 s]
0.0.Tri: Trace Attempt 405605	[149.91 s]
0.0.Mp: Trace Attempt 761	[396.52 s]
0.0.Tri: Trace Attempt 429842	[154.73 s]
0.0.Ht: Trace Attempt 1200	[647.50 s]
0.0.Mp: Trace Attempt 761	[406.86 s]
0.0.Ht: Trace Attempt 32768	[651.53 s]
0.0.Ht: Trace Attempt 64122	[655.53 s]
0.0.Mp: Trace Attempt 761	[416.49 s]
0.0.Ht: Trace Attempt 91179	[659.64 s]
0.0.Ht: Trace Attempt 126677	[663.64 s]
0.0.Tri: Trace Attempt 430181	[180.28 s]
0.0.Mp: Trace Attempt 761	[425.85 s]
0.0.Ht: Trace Attempt 157565	[667.64 s]
0.0.Tri: Trace Attempt 444193	[184.58 s]
0.0.Ht: Trace Attempt 174763	[671.70 s]
0.0.Ht: Trace Attempt 204393	[675.70 s]
0.0.Tri: Trace Attempt 462554	[189.32 s]
0.0.Mp: Trace Attempt 761	[435.46 s]
0.0.Ht: Trace Attempt 227442	[679.70 s]
0.0.Tri: Trace Attempt 509469	[193.32 s]
0.0.Ht: Trace Attempt 254527	[683.70 s]
0.0.Tri: Trace Attempt 522672	[197.41 s]
0.0.Mp: Trace Attempt 761	[445.66 s]
0.0.Tricustom6: Trace Attempt 804196	[200.30 s]
0.0.Ht: Trace Attempt 277725	[687.70 s]
0.0.Tri: Trace Attempt 546195	[202.32 s]
0.0.Tricustom6: Trace Attempt 847808	[204.51 s]
0.0.Ht: Trace Attempt 304363	[691.70 s]
0.0.Tri: Trace Attempt 577716	[206.56 s]
0.0.Tricustom6: Trace Attempt 885936	[209.06 s]
0.0.Ht: Trace Attempt 334946	[695.70 s]
0.0.Tri: Trace Attempt 597059	[210.98 s]
0.0.Tricustom6: Trace Attempt 962272	[213.22 s]
0.0.Mp: Trace Attempt 761	[459.46 s]
0.0.Ht: Trace Attempt 349526	[700.99 s]
0.0.Tricustom6: Trace Attempt 1051640	[217.22 s]
0.0.Ht: Trace Attempt 377134	[704.99 s]
0.0.Ht: Trace Attempt 408854	[708.99 s]
0.0.Mp: Trace Attempt 761	[471.55 s]
0.0.Ht: Trace Attempt 442635	[712.99 s]
0.0.Ht: Trace Attempt 477168	[716.99 s]
0.0.Ht: Trace Attempt 510370	[720.99 s]
0.0.Mp: Trace Attempt 761	[482.18 s]
0.0.Ht: Trace Attempt 531966	[724.99 s]
0.0.Ht: Trace Attempt 565297	[728.99 s]
0.0.Ht: Trace Attempt 598482	[732.99 s]
0.0.Mp: Trace Attempt 761	[493.32 s]
0.0.Ht: Trace Attempt 631192	[736.99 s]
0.0.Ht: Trace Attempt 663819	[740.99 s]
0.0.Ht: Trace Attempt 696375	[744.99 s]
0.0.Mp: Trace Attempt 761	[504.78 s]
0.0.Ht: Trace Attempt 699051	[751.90 s]
0.0.Ht: Trace Attempt 729442	[757.02 s]
0.0.Mp: Trace Attempt 761	[515.96 s]
0.0.Ht: Trace Attempt 763829	[761.02 s]
0.0.Mp: Trace Attempt 792	[520.17 s]
0.0.Ht: Trace Attempt 798074	[765.02 s]
0.0.Ht: Trace Attempt 827571	[769.02 s]
0.0.Tri: Trace Attempt 606333	[284.28 s]
0.0.Ht: Trace Attempt 855944	[773.02 s]
0.0.Tri: Trace Attempt 637042	[288.54 s]
0.0.Ht: Trace Attempt 881137	[777.02 s]
0.0.Mp: Trace Attempt 850	[538.32 s]
0.0.Tri: Trace Attempt 680487	[293.47 s]
0.0.Ht: Trace Attempt 906901	[781.02 s]
0.0.Tri: Trace Attempt 718337	[297.94 s]
0.0.Ht: Trace Attempt 933011	[785.02 s]
0.0.Tricustom6: Trace Attempt 1141208	[298.80 s]
0.0.Tri: Trace Attempt 758258	[302.49 s]
0.0.Ht: Trace Attempt 957343	[789.02 s]
0.0.Tricustom6: Trace Attempt 1229852	[302.80 s]
0.0.Ht: Trace Attempt 984532	[793.02 s]
0.0.Tricustom6: Trace Attempt 1306536	[306.80 s]
0.0.Tri: Trace Attempt 768752	[307.04 s]
0.0.Mp: Trace Attempt 850	[555.54 s]
0.0.Ht: Trace Attempt 1005541	[797.02 s]
0.0.Tricustom6: Trace Attempt 1436100	[310.80 s]
0.0.Tri: Trace Attempt 793562	[311.04 s]
0.0.Ht: Trace Attempt 1029234	[801.02 s]
0.0.Tricustom6: Trace Attempt 1520764	[314.80 s]
0.0.Tri: Trace Attempt 813085	[315.56 s]
0.0.Tricustom6: Trace Attempt 1609732	[319.08 s]
0.0.Ht: Trace Attempt 1048575	[804.25 s]
0.0.Ht: Terminated by signal SIGKILL (@ 806.46 s)
0.0.Ht: Engine should be restarted (starts=1, unexpected_terminations=1)
   Last recorded RSS memory usage: 10.3752 MiB
   Last recorded free memory: 1.02982 GiB out of 1.47537 GiB
0.0.Ht: Restarting engine (local)
0.0.Ht: Proofgrid shell started at 1783833@della-h14n12(local) jg_1777007_della-h14n12_1
0.0.Ht: OS RSS memory limit : 17179869184 / 17179869184
0.0.Ht: clocks: 1, declared: 1, disabling: 0, posedge: 1, negedge: 0, noedge: 0, bothedge: 0
0.0.Ht: Trace Attempt  1	[0.00 s]
0.0.Ht: Trace Attempt  2	[0.00 s]
0.0.Ht: Trace Attempt  3	[0.00 s]
0.0.Ht: Trace Attempt  4	[0.00 s]
0.0.Ht: Trace Attempt  5	[0.00 s]
0.0.Tri: Trace Attempt 830463	[320.21 s]
0.0.Tri: Trace Attempt 853901	[324.21 s]
0.0.Ht: Trace Attempt 21846	[4.34 s]
0.0.Mp: Trace Attempt 850	[573.57 s]
0.0.Ht: Trace Attempt 47720	[8.34 s]
0.0.Ht: Trace Attempt 78638	[12.34 s]
0.0.Ht: Trace Attempt 103363	[16.34 s]
0.0.Ht: Trace Attempt 133716	[20.34 s]
0.0.Mp: Trace Attempt 850	[586.53 s]
0.0.Ht: Trace Attempt 163626	[24.34 s]
0.0.Ht: Trace Attempt 181907	[28.34 s]
0.0.Ht: Trace Attempt 215700	[32.34 s]
0.0.Mp: Trace Attempt 850	[599.91 s]
0.0.Ht: Trace Attempt 249043	[36.34 s]
0.0.Ht: Trace Attempt 277368	[40.34 s]
0.0.Ht: Trace Attempt 311038	[44.34 s]
0.0.Mp: Trace Attempt 850	[612.41 s]
0.0.Ht: Trace Attempt 343249	[48.34 s]
0.0.Ht: Trace Attempt 349526	[52.47 s]
0.0.Ht: Trace Attempt 381618	[56.47 s]
0.0.Mp: Trace Attempt 850	[625.62 s]
0.0.Ht: Trace Attempt 418338	[60.47 s]
0.0.Ht: Trace Attempt 454283	[64.47 s]
0.0.Ht: Trace Attempt 489395	[68.47 s]
0.0.Ht: Trace Attempt 523797	[72.47 s]
0.0.Mp: Trace Attempt 850	[638.16 s]
0.0.Ht: Trace Attempt 548087	[76.47 s]
0.0.Ht: Trace Attempt 583219	[80.47 s]
0.0.Ht: Trace Attempt 619019	[84.47 s]
0.0.Mp: Trace Attempt 850	[651.23 s]
0.0.Ht: Trace Attempt 654199	[88.47 s]
0.0.Ht: Trace Attempt 688277	[92.47 s]
0.0.Mp: Trace Attempt 851	[659.74 s]
0.0.Ht: Trace Attempt 699051	[100.08 s]
0.0.Ht: Trace Attempt 729442	[105.12 s]
0.0.Ht: Trace Attempt 764124	[109.12 s]
0.0.Mp: Trace Attempt 906	[675.85 s]
0.0.Ht: Trace Attempt 798398	[113.12 s]
0.0.Ht: Trace Attempt 833681	[117.12 s]
0.0.Ht: Trace Attempt 867675	[121.12 s]
0.0.Mp: Trace Attempt 906	[688.85 s]
0.0.Ht: Trace Attempt 901607	[125.12 s]
0.0.Tri: Trace Attempt 862011	[448.60 s]
0.0.Ht: Trace Attempt 935394	[129.12 s]
0.0.Tri: Trace Attempt 875157	[452.67 s]
0.0.Ht: Trace Attempt 966723	[133.12 s]
0.0.Tri: Trace Attempt 903089	[456.67 s]
0.0.Ht: Trace Attempt 997881	[137.12 s]
0.0.Mp: Trace Attempt 906	[702.94 s]
0.0.Ht: Trace Attempt 1029184	[141.12 s]
0.0.Tri: Trace Attempt 925124	[461.10 s]
0.0.Ht: Trace Attempt 1048575	[144.03 s]
0.0.Ht: Terminated by signal SIGKILL (@ 951.30 s)
0.0.Ht: Engine should be restarted (starts=2, unexpected_terminations=2)
   Last recorded RSS memory usage: 10.3894 MiB
   Last recorded free memory: 1.02676 GiB out of 1.47537 GiB
0.0.Ht: Restarting engine (local)
0.0.Ht: Proofgrid shell started at 1784618@della-h14n12(local) jg_1777007_della-h14n12_1
0.0.Ht: OS RSS memory limit : 17179869184 / 17179869184
0.0.Ht: clocks: 1, declared: 1, disabling: 0, posedge: 1, negedge: 0, noedge: 0, bothedge: 0
0.0.Ht: Trace Attempt  1	[0.01 s]
0.0.Ht: Trace Attempt  2	[0.01 s]
0.0.Ht: Trace Attempt  3	[0.01 s]
0.0.Ht: Trace Attempt  4	[0.01 s]
0.0.Ht: Trace Attempt  5	[0.01 s]
0.0.Tri: Trace Attempt 957365	[466.10 s]
0.0.Ht: Trace Attempt 24355	[4.01 s]
0.0.Tricustom6: Trace Attempt 1699548	[469.39 s]
0.0.Tri: Trace Attempt 970301	[470.12 s]
0.0.Mp: Trace Attempt 906	[718.02 s]
0.0.Ht: Trace Attempt 51741	[8.01 s]
0.0.Tricustom6: Trace Attempt 1741476	[473.39 s]
0.0.Tri: Trace Attempt 990241	[474.21 s]
0.0.Ht: Trace Attempt 79525	[12.01 s]
0.0.Tricustom6: Trace Attempt 1798928	[477.56 s]
0.0.Tri: Trace Attempt 1008410	[478.21 s]
0.0.Ht: Trace Attempt 105494	[16.01 s]
0.0.Tricustom6: Trace Attempt 1836912	[481.93 s]
0.0.Tri: Trace Attempt 1029373	[483.08 s]
0.0.Ht: Trace Attempt 130896	[20.01 s]
0.0.Tricustom6: Trace Attempt 1909532	[485.93 s]
0.0.Tri: Trace Attempt 1043457	[487.08 s]
0.0.Ht: Trace Attempt 153387	[24.01 s]
0.0.Tricustom6: Trace Attempt 1997540	[490.44 s]
0.0.Mp: Trace Attempt 906	[735.85 s]
0.0.Tri: Trace Attempt 1053751	[491.08 s]
0.0.Ht: Trace Attempt 172526	[28.01 s]
0.0.Tricustom6: Trace Attempt 2097484	[495.04 s]
0.0.Tri: Trace Attempt 1068209	[495.09 s]
0.0.Ht: Trace Attempt 182359	[32.47 s]
0.0.Tri: Trace Attempt 1089588	[499.09 s]
0.0.Tricustom6: Trace Attempt 2137740	[499.56 s]
0.0.Ht: Trace Attempt 210938	[36.47 s]
0.0.Tricustom6: Trace Attempt 2222680	[503.56 s]
0.0.Tri: Trace Attempt 1107953	[503.99 s]
0.0.Ht: Trace Attempt 233251	[40.47 s]
0.0.Tricustom6: Trace Attempt 2312480	[507.56 s]
0.0.Mp: Trace Attempt 906	[753.28 s]
0.0.Tri: Trace Attempt 1135159	[507.99 s]
0.0.Ht: Trace Attempt 258167	[44.47 s]
0.0.Tricustom6: Trace Attempt 2364472	[511.96 s]
0.0.Tri: Trace Attempt 1168027	[512.48 s]
0.0.Ht: Trace Attempt 274405	[48.47 s]
0.0.Tricustom6: Trace Attempt 2470244	[516.33 s]
0.0.Tri: Trace Attempt 1195259	[516.48 s]
0.0.Ht: Trace Attempt 302849	[52.47 s]
0.0.Ht: Trace Attempt 331504	[56.47 s]
0.0.Tri: Trace Attempt 1224679	[521.44 s]
0.0.Mp: Trace Attempt 906	[771.66 s]
0.0.Ht: Trace Attempt 349526	[62.10 s]
0.0.Ht: Trace Attempt 375817	[66.10 s]
0.0.Ht: Trace Attempt 407842	[70.10 s]
0.0.Ht: Trace Attempt 439664	[74.10 s]
0.0.Mp: Trace Attempt 906	[786.77 s]
0.0.Ht: Trace Attempt 473003	[78.10 s]
0.0.Ht: Trace Attempt 505772	[82.10 s]
0.0.Ht: Trace Attempt 526843	[86.10 s]
0.0.Mp: Trace Attempt 907	[798.39 s]
0.0.Ht: Trace Attempt 559662	[90.10 s]
0.0.Mp: Trace Attempt 938	[802.43 s]
0.0.Ht: Trace Attempt 592333	[94.10 s]
0.0.Ht: Trace Attempt 624872	[98.10 s]
0.0.Ht: Trace Attempt 657556	[102.10 s]
0.0.Ht: Trace Attempt 689862	[106.10 s]
0.0.Mp: Trace Attempt 953	[817.85 s]
0.0.Ht: Trace Attempt 699051	[113.77 s]
0.0.Ht: Trace Attempt 729442	[118.64 s]
0.0.Mp: Trace Attempt 953	[832.72 s]
0.0.Ht: Trace Attempt 765661	[122.64 s]
0.0.Ht: Trace Attempt 801633	[126.64 s]
0.0.Ht: Trace Attempt 836866	[130.64 s]
0.0.Ht: Trace Attempt 872542	[134.64 s]
0.0.Mp: Trace Attempt 953	[847.04 s]
0.0.Ht: Trace Attempt 902033	[138.33 s]
0.0.Ht: Terminated by signal SIGKILL (@ 1090.03 s)
0.0.Ht: Engine should be restarted (starts=3, unexpected_terminations=3)
   Last recorded RSS memory usage: 9.79696 MiB
   Last recorded free memory: 1.02181 GiB out of 1.47537 GiB
0.0.Ht: Restarting engine (local)
0.0.Ht: Proofgrid shell started at 1784733@della-h14n12(local) jg_1777007_della-h14n12_1
0.0.Ht: OS RSS memory limit : 17179869184 / 17179869184
0.0.Ht: clocks: 1, declared: 1, disabling: 0, posedge: 1, negedge: 0, noedge: 0, bothedge: 0
0.0.Ht: Trace Attempt  1	[0.01 s]
0.0.Ht: Trace Attempt  2	[0.01 s]
0.0.Ht: Trace Attempt  3	[0.01 s]
0.0.Ht: Trace Attempt  4	[0.01 s]
0.0.Ht: Trace Attempt  5	[0.01 s]
0.0.Ht: Trace Attempt 22793	[4.04 s]
0.0.Tricustom6: Stopped processing property "DeBouncer.debouncer_sva_i._cover_17"	[611.48 s].
0.0.Tricustom6: Morphing to AB
0.0.Tricustom6: Trace Attempt 2529912	[518.57 s]
0.0.Tricustom6: All properties determined. [0.00 s]
0.0.Tricustom6: Exited with Success (@ 0.00 s)
0.0.AB: clocks: 1, declared: 1, disabling: 0, posedge: 1, negedge: 0, noedge: 0, bothedge: 0
0.0.AB: Starting proof for property "DeBouncer.debouncer_sva_i._cover_17"	[0.00 s].
0.0.AB: Trace Attempt  1	[0.00 s]
0.0.AB: Trace Attempt  2	[0.00 s]
0.0.AB: Trace Attempt  3	[0.00 s]
0.0.AB: Trace Attempt  4	[0.00 s]
0.0.AB: Trace Attempt  5	[0.00 s]
0.0.AB: Trace Attempt  1	[0.01 s]
0.0.AB: Trace Attempt  2	[0.01 s]
0.0.AB: Trace Attempt  3	[0.01 s]
0.0.AB: Trace Attempt  4	[0.01 s]
0.0.AB: Trace Attempt  5	[0.01 s]
0.0.AB: Trace Attempt  1	[0.05 s]
0.0.AB: Trace Attempt  2	[0.05 s]
0.0.AB: Trace Attempt  3	[0.05 s]
0.0.AB: Trace Attempt  4	[0.05 s]
0.0.AB: Trace Attempt  5	[0.05 s]
0.0.Ht: Trace Attempt 52971	[8.04 s]
0.0.AB: Trace Attempt  1	[0.29 s]
0.0.AB: Trace Attempt  2	[0.29 s]
0.0.AB: Trace Attempt  3	[0.29 s]
0.0.AB: Trace Attempt  4	[0.29 s]
0.0.AB: Trace Attempt  5	[0.29 s]
0.0.AB: Trace Attempt  1	[1.19 s]
0.0.AB: Trace Attempt  2	[1.19 s]
0.0.AB: Trace Attempt  3	[1.19 s]
0.0.AB: Trace Attempt  4	[1.19 s]
0.0.AB: Trace Attempt  5	[1.19 s]
0.0.AB: Stopped processing property "DeBouncer.debouncer_sva_i._cover_17"	[4.03 s].
0.0.AB: Morphing to Tricustom6
0.0.AB: Trace Attempt 123	[3.97 s]
0.0.AB: All properties determined. [0.00 s]
0.0.AB: Exited with Success (@ 0.00 s)
0.0.Tricustom6: Starting clock optimization
0.0.Tricustom6: Finished clock optimization
0.0.Tricustom6: clocks: 1, declared: 1, disabling: 0, posedge: 1, negedge: 0, noedge: 0, bothedge: 0
0.0.Tricustom6: Starting proof for property "DeBouncer.debouncer_sva_i._cover_17"	[0.00 s].
0.0.Tricustom6: Trace Attempt  4	[0.00 s]
0.0.Tri: Stopped processing property "DeBouncer.debouncer_sva_i._cover_17"	[615.61 s].
0.0.Ht: Trace Attempt 85714	[12.04 s]
0.0.Tri: Morphing to D
0.0.Tri: Trace Attempt 1225470	[521.50 s]
0.0.Tri: All properties determined. [0.00 s]
0.0.Tri: Exited with Success (@ 0.00 s)
0.0.Tricustom6:    0.00" ---- Launching main thread ----
0.0.D: clocks: 1, declared: 1, disabling: 0, posedge: 1, negedge: 0, noedge: 0, bothedge: 0
0.0.D: Starting proof for property "DeBouncer.debouncer_sva_i._cover_17"	[0.00 s].
0.0.D: Trace Attempt  1	[0.05 s]
0.0.D: Trace Attempt  2	[0.06 s]
0.0.D: Trace Attempt  3	[0.07 s]
0.0.D: Trace Attempt  4	[0.08 s]
0.0.D: Trace Attempt  5	[0.08 s]
0.0.Tricustom6:    0.28" ---- Launching abstraction thread ----
0.0.Tricustom6:    0.32" ---- Launching multi-phase simplification thread ----
0.0.Tricustom6:    1.27" Simplification phase 1 complete
0.0.Tricustom6:    1.34" Simplification phase 2 complete
0.0.Tricustom6:    2.00" Simplification phase 3 complete
   2.00" ---- Completed simplification thread ----
0.0.Tricustom6:    2.00" ---- Restarting main thread on simplified netlist ----
0.0.Tricustom6:    2.24" ---- Restarting abstraction thread on simplified netlist ----
0.0.Mp: Trace Attempt 953	[863.32 s]
0.0.Ht: Trace Attempt 112088	[16.04 s]
0.0.Tricustom6: Trace Attempt 20656	[5.32 s]
0.0.D: Trace Attempt 43	[5.34 s]
0.0.Ht: Trace Attempt 144160	[20.04 s]
0.0.Tricustom6: Trace Attempt 49692	[9.55 s]
0.0.Ht: Trace Attempt 174763	[25.45 s]
0.0.Tricustom6: Trace Attempt 90324	[15.14 s]
0.0.Ht: Trace Attempt 203835	[29.45 s]
0.0.Mp: Trace Attempt 953	[878.81 s]
0.0.Tricustom6: Trace Attempt 133040	[20.26 s]
0.0.Ht: Trace Attempt 238187	[33.45 s]
0.0.Ht: Trace Attempt 264913	[37.45 s]
0.0.Ht: Trace Attempt 298253	[41.45 s]
0.0.Tricustom6: Trace Attempt 193704	[31.62 s]
0.0.Mp: Trace Attempt 953	[894.22 s]
0.0.Ht: Trace Attempt 330209	[45.45 s]
0.0.Tricustom6: Trace Attempt 275540	[35.62 s]
0.0.Ht: Trace Attempt 349526	[51.25 s]
0.0.Tricustom6: Trace Attempt 278128	[42.09 s]
0.0.Ht: Trace Attempt 376736	[55.25 s]
0.0.Tricustom6: Trace Attempt 349736	[46.54 s]
0.0.Ht: Trace Attempt 408919	[59.25 s]
0.0.Mp: Trace Attempt 953	[910.61 s]
0.0.Ht: Trace Attempt 441689	[63.25 s]
0.0.Ht: Trace Attempt 474714	[67.25 s]
0.0.Ht: Trace Attempt 508654	[71.25 s]
0.0.Ht: Trace Attempt 530524	[75.25 s]
0.0.Tricustom6: Trace Attempt 399656	[66.06 s]
0.0.Mp: Trace Attempt 953	[927.54 s]
0.0.Ht: Trace Attempt 562788	[79.25 s]
0.0.Tricustom6: Trace Attempt 465868	[70.06 s]
0.0.Ht: Trace Attempt 593437	[83.25 s]
0.0.Tricustom6: Trace Attempt 533140	[74.19 s]
0.0.Ht: Trace Attempt 624393	[87.25 s]
0.0.Ht: Trace Attempt 657008	[91.25 s]
0.0.Ht: Trace Attempt 689848	[95.25 s]
0.0.Mp: Trace Attempt 953	[944.50 s]
0.0.Ht: Trace Attempt 699051	[102.89 s]
0.0.Ht: Trace Attempt 729442	[107.99 s]
0.0.Mp: Trace Attempt 953	[960.46 s]
0.0.Ht: Trace Attempt 763909	[111.99 s]
0.0.Tricustom6: Trace Attempt 567420	[103.30 s]
0.0.Ht: Trace Attempt 798373	[115.99 s]
0.0.Tricustom6: Trace Attempt 643856	[107.30 s]
0.0.Ht: Trace Attempt 829846	[119.99 s]
0.0.Tricustom6: Trace Attempt 709120	[111.30 s]
0.0.Ht: Trace Attempt 861935	[123.99 s]
0.0.Tricustom6: Trace Attempt 781504	[115.31 s]
0.0.Ht: Trace Attempt 892742	[127.99 s]
0.0.Mp: Trace Attempt 953	[977.30 s]
0.0.Ht: Trace Attempt 925276	[131.99 s]
0.0.Ht: Trace Attempt 957770	[135.99 s]
0.0.Ht: Trace Attempt 991380	[139.99 s]
0.0.Ht: Trace Attempt 1024085	[143.99 s]
0.0.Mp: Trace Attempt 953	[993.32 s]
0.0.Ht: Trace Attempt 1048576	[149.80 s]
0.0.Ht: Trace Attempt 1082264	[153.80 s]
0.0.Ht: Trace Attempt 1116002	[157.80 s]
0.0.Mp: Trace Attempt 953	[1009.04 s]
0.0.Ht: Trace Attempt 1149545	[161.80 s]
0.0.Ht: Trace Attempt 1180621	[165.80 s]
0.0.Ht: Trace Attempt 1211292	[169.80 s]
0.0.Tricustom6: Trace Attempt 804196	[163.06 s]
0.0.Ht: Trace Attempt 1227206	[171.94 s]
0.0.Ht: Terminated by signal SIGKILL (@ 1265.27 s)
0.0.Ht: Engine should be restarted (starts=4, unexpected_terminations=4)
   Last recorded RSS memory usage: 12.0891 MiB
   Last recorded free memory: 1.0097 GiB out of 1.47537 GiB
0.0.Ht: Restarting engine (local)
0.0.Ht: Proofgrid shell started at 1785336@della-h14n12(local) jg_1777007_della-h14n12_1
0.0.Ht: OS RSS memory limit : 17179869184 / 17179869184
0.0.Ht: clocks: 1, declared: 1, disabling: 0, posedge: 1, negedge: 0, noedge: 0, bothedge: 0
0.0.Ht: Trace Attempt  1	[0.00 s]
0.0.Ht: Trace Attempt  2	[0.00 s]
0.0.Ht: Trace Attempt  3	[0.00 s]
0.0.Ht: Trace Attempt  4	[0.00 s]
0.0.Ht: Trace Attempt  5	[0.00 s]
0.0.D: Trace Attempt 84	[164.75 s]
0.0.Ht: Trace Attempt 33671	[4.00 s]
0.0.Tricustom6: Trace Attempt 898800	[167.21 s]
0.0.Mp: Morphing to Oh
0.0.Mp: All properties determined. [0.00 s]
0.0.Mp: Exited with Success (@ 0.00 s)
0.0.Oh: clocks: 1, declared: 1, disabling: 0, posedge: 1, negedge: 0, noedge: 0, bothedge: 0
0.0.Oh: bwd trail(1): 1 0.00122228s
0.0.Oh: All properties either determined or skipped. [0.09 s]
0.0.Oh: Exited with Success (@ 1271.27 s)
0.0.L: Proofgrid shell started at 1785351@della-h14n12(local) jg_1777007_della-h14n12_1
0.0.L: OS RSS memory limit : 17179869184 / 17179869184
0.0.L: clocks: 1, declared: 1, disabling: 0, posedge: 1, negedge: 0, noedge: 0, bothedge: 0
0.0.L: Using trace diversification with seed 1 (0.05)
0.0.L: Using LRU state removal heuristic
0.0.L: Using states from traces to { (reset) }
0.0.L: Trace Attempt  3	[0.00 s]
0.0.L: Trace Attempt  4	[0.01 s]
0.0.L: Trace Attempt  5	[0.01 s]
0.0.L: Using states from traces to { DeBouncer.debouncer_sva_i._cover_16 (4) }
0.0.L: Trace Attempt  3	[0.01 s]
0.0.L: Trace Attempt  4	[0.01 s]
0.0.L: Trace Attempt  5	[0.01 s]
0.0.Ht: Trace Attempt 62133	[8.00 s]
0.0.Tricustom6: Trace Attempt 990608	[171.34 s]
0.0.L: Trace Attempt 122	[4.27 s]
0.0.Ht: Trace Attempt 87382	[12.45 s]
0.0.L: Trace Attempt 187	[8.31 s]
0.0.Ht: Trace Attempt 122402	[16.45 s]
0.0.L: Trace Attempt 225	[12.62 s]
0.0.Ht: Trace Attempt 154324	[20.45 s]
0.0.L: Trace Attempt 235	[17.11 s]
0.0.Ht: Trace Attempt 174763	[24.57 s]
0.0.L: Trace Attempt 244	[21.15 s]
0.0.Ht: Trace Attempt 204889	[28.57 s]
0.0.Ht: Trace Attempt 231808	[32.57 s]
0.0.L: Trace Attempt 264	[27.66 s]
0.0.Ht: Trace Attempt 262144	[36.83 s]
0.0.L: Trace Attempt 265	[31.71 s]
0.0.Ht: Trace Attempt 299347	[40.83 s]
0.0.L: Trace Attempt 269	[35.81 s]
0.0.Ht: Trace Attempt 343435	[44.83 s]
0.0.L: Trace Attempt 281	[41.40 s]
0.0.Ht: Trace Attempt 350974	[48.83 s]
0.0.L: Trace Attempt 291	[45.80 s]
0.0.Ht: Trace Attempt 386576	[52.83 s]
0.0.L: Trace Attempt 325	[49.90 s]
0.0.Ht: Trace Attempt 431143	[56.83 s]
0.0.Ht: Trace Attempt 465800	[60.83 s]
0.0.Ht: Trace Attempt 498922	[64.83 s]
0.0.L: Trace Attempt 336	[59.40 s]
0.0.Ht: Trace Attempt 524287	[69.50 s]
0.0.L: Trace Attempt 337	[65.03 s]
0.0.Ht: Trace Attempt 554879	[73.50 s]
0.0.Ht: Trace Attempt 586833	[77.50 s]
0.0.Tricustom6: Trace Attempt 1141208	[241.92 s]
0.0.Ht: Trace Attempt 622943	[81.50 s]
0.0.L: Trace Attempt 338	[76.57 s]
0.0.Tricustom6: Trace Attempt 1202024	[245.92 s]
0.0.Ht: Trace Attempt 653311	[85.50 s]
0.0.Tricustom6: Trace Attempt 1284172	[250.51 s]
0.0.L: Trace Attempt 339	[82.74 s]
0.0.Ht: Trace Attempt 683196	[89.50 s]
0.0.Tricustom6: Trace Attempt 1370568	[254.51 s]
0.0.L: Trace Attempt 341	[86.76 s]
0.0.Tricustom6: Trace Attempt 1430736	[258.51 s]
0.0.Ht: Trace Attempt 699051	[98.17 s]
0.0.L: Trace Attempt 347	[92.35 s]
0.0.Tricustom6: Trace Attempt 1515672	[262.64 s]
0.0.Tricustom6: Trace Attempt 1578172	[266.72 s]
0.0.Ht: Trace Attempt 729442	[103.60 s]
0.0.L: Using states from traces to { (reset) }
0.0.L: Trace Attempt  3	[100.07 s]
0.0.L: Trace Attempt  4	[100.07 s]
0.0.L: Trace Attempt  5	[100.07 s]
0.0.L: Using states from traces to { DeBouncer.debouncer_sva_i._cover_15 (4) }
0.0.L: Trace Attempt  3	[100.07 s]
0.0.L: Trace Attempt  4	[100.07 s]
0.0.L: Trace Attempt  5	[100.07 s]
0.0.Tricustom6: Trace Attempt 1646728	[270.72 s]
0.0.Ht: Trace Attempt 761936	[107.60 s]
0.0.L: Trace Attempt 205	[104.11 s]
0.0.Ht: Trace Attempt 794492	[111.60 s]
0.0.L: Trace Attempt 233	[108.21 s]
0.0.Ht: Trace Attempt 828791	[115.60 s]
0.0.L: Trace Attempt 273	[112.28 s]
0.0.Ht: Trace Attempt 862921	[119.60 s]
0.0.L: Trace Attempt 311	[117.11 s]
0.0.Ht: Trace Attempt 896989	[123.60 s]
0.0.L: Trace Attempt 377	[121.26 s]
0.0.Ht: Trace Attempt 931336	[127.60 s]
0.0.L: Trace Attempt 391	[125.49 s]
0.0.Ht: Trace Attempt 964454	[131.60 s]
0.0.L: Using states from traces to { (reset) }
0.0.L: Trace Attempt  3	[125.91 s]
0.0.L: Trace Attempt  4	[125.91 s]
0.0.L: Trace Attempt  5	[125.91 s]
0.0.Ht: Trace Attempt 997327	[135.60 s]
0.0.L: Trace Attempt 136	[129.93 s]
0.0.Ht: Trace Attempt 1029682	[139.60 s]
0.0.L: Trace Attempt 206	[134.04 s]
0.0.L: Trace Attempt 212	[138.10 s]
0.0.Ht: Trace Attempt 1048576	[144.84 s]
0.0.L: Trace Attempt 243	[142.16 s]
0.0.Ht: Trace Attempt 1081047	[148.84 s]
0.0.L: Trace Attempt 251	[146.25 s]
0.0.Ht: Trace Attempt 1113452	[152.84 s]
0.0.L: Trace Attempt 272	[150.69 s]
0.0.Ht: Trace Attempt 1146503	[156.84 s]
0.0.Ht: Trace Attempt 1179299	[160.84 s]
0.0.L: Trace Attempt 275	[155.26 s]
0.0.Ht: Trace Attempt 1212377	[164.84 s]
0.0.L: Trace Attempt 314	[159.33 s]
0.0.Ht: Trace Attempt 1244661	[168.84 s]
0.0.L: Trace Attempt 319	[165.81 s]
0.0.Ht: Trace Attempt 1276994	[172.84 s]
0.0.Ht: Trace Attempt 1309646	[176.84 s]
0.0.L: Trace Attempt 340	[173.61 s]
0.0.Ht: Trace Attempt 1342048	[180.84 s]
0.0.Ht: Trace Attempt 1374545	[184.84 s]
0.0.L: Trace Attempt 351	[179.44 s]
0.0.Ht: Trace Attempt 1398101	[187.79 s]
0.0.Ht: Terminated by signal SIGKILL (@ 1455.54 s)
0.0.Ht: Engine should be restarted (starts=5, unexpected_terminations=5)
   Last recorded RSS memory usage: 12.7679 MiB
   Last recorded free memory: 1.02279 GiB out of 1.47537 GiB
0.0.Ht: Restarting engine (local)
0.0.Ht: Proofgrid shell started at 1785767@della-h14n12(local) jg_1777007_della-h14n12_1
0.0.Ht: OS RSS memory limit : 17179869184 / 17179869184
0.0.Ht: clocks: 1, declared: 1, disabling: 0, posedge: 1, negedge: 0, noedge: 0, bothedge: 0
0.0.Ht: Trace Attempt  1	[0.00 s]
0.0.Ht: Trace Attempt  2	[0.00 s]
0.0.Ht: Trace Attempt  3	[0.00 s]
0.0.Ht: Trace Attempt  4	[0.00 s]
0.0.Ht: Trace Attempt  5	[0.00 s]
0.0.L: Trace Attempt 353	[184.56 s]
0.0.L: Morphing to J
0.0.L: All properties determined. [0.00 s]
0.0.L: Exited with Success (@ 0.00 s)
0.0.J: clocks: 1, declared: 1, disabling: 0, posedge: 1, negedge: 0, noedge: 0, bothedge: 0
0.0.J: Trace Attempt  1	[0.00 s]
0.0.J: Trace Attempt  1	[0.00 s]
0.0.J: Trace Attempt  2	[0.00 s]
0.0.J: Trace Attempt  1	[0.00 s]
0.0.J: Trace Attempt  3	[0.00 s]
0.0.J: Trace Attempt  1	[0.00 s]
0.0.J: Trace Attempt  4	[0.00 s]
0.0.J: Trace Attempt  1	[0.00 s]
0.0.J: Trace Attempt  1	[0.00 s]
0.0.J: Trace Attempt  1	[0.00 s]
0.0.J: Trace Attempt  1	[0.00 s]
0.0.J: Trace Attempt  1	[0.00 s]
0.0.J: Trace Attempt  1	[0.00 s]
0.0.J: Trace Attempt  1	[0.00 s]
0.0.J: Trace Attempt  1	[0.00 s]
0.0.J: Trace Attempt  1	[0.00 s]
0.0.J: Trace Attempt  1	[0.00 s]
0.0.J: Trace Attempt  1	[0.00 s]
0.0.J: Trace Attempt  1	[0.00 s]
0.0.J: Trace Attempt  1	[0.01 s]
0.0.J: Trace Attempt  1	[0.01 s]
0.0.J: Trace Attempt  1	[0.01 s]
0.0.J: Trace Attempt  1	[0.01 s]
0.0.J: Trace Attempt  1	[0.02 s]
0.0.J: Trace Attempt  1	[0.02 s]
0.0.J: Trace Attempt  1	[0.04 s]
0.0.J: Trace Attempt  1	[0.05 s]
0.0.J: Trace Attempt  1	[0.08 s]
0.0.J: Trace Attempt  1	[0.12 s]
0.0.J: Trace Attempt  1	[0.17 s]
0.0.J: Trace Attempt  1	[0.26 s]
0.0.J: Trace Attempt  1	[0.39 s]
0.0.J: Trace Attempt  1	[0.59 s]
0.0.J: Trace Attempt  1	[0.88 s]
0.0.J: Trace Attempt  1	[1.33 s]
0.0.J: Trace Attempt  1	[2.03 s]
0.0.J: Trace Attempt  1	[3.05 s]
0.0.Ht: Trace Attempt 28847	[4.00 s]
0.0.J: Trace Attempt  1	[4.50 s]
0.0.J: Trace Attempt  1	[6.68 s]
0.0.Ht: Trace Attempt 57633	[8.00 s]
0.0.J: Trace Attempt  1	[9.94 s]
0.0.Ht: Trace Attempt 87382	[12.29 s]
0.0.J: Trace Attempt 1769472	[13.95 s]
0.0.J: Trace Attempt  1	[15.51 s]
0.0.Ht: Trace Attempt 131071	[16.40 s]
0.0.J: Trace Attempt 1609728	[19.52 s]
0.0.Ht: Trace Attempt 173945	[20.40 s]
0.0.J: Trace Attempt 3403776	[23.52 s]
0.0.J: Trace Attempt  1	[23.86 s]
0.0.Ht: Trace Attempt 196971	[24.40 s]
0.0.J: Trace Attempt 1560576	[27.87 s]
0.0.Ht: Trace Attempt 243302	[28.40 s]
0.0.J: Trace Attempt 3186688	[31.87 s]
0.0.Ht: Trace Attempt 275982	[32.40 s]
0.0.J: Trace Attempt 4956160	[35.87 s]
0.0.Ht: Trace Attempt 314153	[36.40 s]
0.0.J: Trace Attempt  1	[36.60 s]
0.0.J: Trace Attempt 1773568	[40.60 s]
0.0.Ht: Trace Attempt 349526	[42.94 s]
0.0.J: Trace Attempt 3739648	[44.60 s]
0.0.Tricustom6: Trace Attempt 1699548	[400.07 s]
0.0.Ht: Trace Attempt 379833	[46.94 s]
0.0.J: Trace Attempt 5650432	[48.60 s]
0.0.Ht: Trace Attempt 413207	[50.94 s]
0.0.Tricustom6: Trace Attempt 1768408	[404.62 s]
0.0.J: Trace Attempt 7571456	[52.60 s]
0.0.J: Trace Attempt  1	[53.47 s]
0.0.Ht: Trace Attempt 444181	[54.94 s]
0.0.Tricustom6: Trace Attempt 1829016	[408.95 s]
0.0.J: Trace Attempt 1892352	[57.47 s]
0.0.Ht: Trace Attempt 475556	[58.94 s]
0.0.Tricustom6: Trace Attempt 1899992	[412.96 s]
0.0.J: Trace Attempt 3794944	[61.48 s]
0.0.Ht: Trace Attempt 507838	[62.94 s]
0.0.Tricustom6: Trace Attempt 1957032	[417.30 s]
0.0.J: Trace Attempt 5761024	[65.48 s]
0.0.Ht: Trace Attempt 528976	[66.94 s]
0.0.Tricustom6: Trace Attempt 2034948	[421.62 s]
0.0.J: Trace Attempt 7636992	[69.48 s]
0.0.Ht: Trace Attempt 560850	[70.94 s]
0.0.Tricustom6: Trace Attempt 2084948	[426.02 s]
0.0.J: Trace Attempt 9566208	[73.48 s]
0.0.Ht: Trace Attempt 594150	[74.94 s]
0.0.Tricustom6: Trace Attempt 2102092	[430.23 s]
0.0.J: Trace Attempt 11499520	[77.48 s]
0.0.J: Trace Attempt  1	[78.43 s]
0.0.Ht: Trace Attempt 625690	[78.94 s]
0.0.Tricustom6: Trace Attempt 2165128	[434.30 s]
0.0.J: Trace Attempt 1935360	[82.43 s]
0.0.Ht: Trace Attempt 656283	[82.94 s]
0.0.Tricustom6: Trace Attempt 2231344	[438.43 s]
0.0.J: Trace Attempt 3858432	[86.43 s]
0.0.Ht: Trace Attempt 687085	[86.94 s]
0.0.Tricustom6: Trace Attempt 2266336	[442.61 s]
0.0.J: Trace Attempt 5724160	[90.44 s]
0.0.Tricustom6: Trace Attempt 2331548	[446.73 s]
0.0.J: Trace Attempt 7507968	[94.44 s]
0.0.Ht: Trace Attempt 699051	[94.93 s]
0.0.Tricustom6: Trace Attempt 2392548	[450.73 s]
0.0.J: Trace Attempt 9437184	[98.44 s]
0.0.Ht: Trace Attempt 729442	[100.24 s]
0.0.Tricustom6: Trace Attempt 2450912	[454.73 s]
0.0.J: Trace Attempt 11304960	[102.44 s]
0.0.Ht: Trace Attempt 762252	[104.24 s]
0.0.Tricustom6: Trace Attempt 2508476	[458.73 s]
0.0.J: Trace Attempt 13246464	[106.44 s]
0.0.Ht: Trace Attempt 795499	[108.24 s]
0.0.J: Trace Attempt 15220736	[110.44 s]
0.0.Ht: Trace Attempt 829611	[112.24 s]
0.0.J: Trace Attempt 17141760	[114.44 s]
0.0.Ht: Trace Attempt 863425	[116.24 s]
0.0.J: Trace Attempt  1	[116.08 s]
0.0.Ht: Trace Attempt 897038	[120.24 s]
0.0.J: Trace Attempt 1929216	[120.08 s]
0.0.Ht: Trace Attempt 930703	[124.24 s]
0.0.J: Trace Attempt 3876864	[124.08 s]
0.0.Ht: Trace Attempt 964378	[128.24 s]
0.0.J: Trace Attempt 5769216	[128.08 s]
0.0.Ht: Trace Attempt 998362	[132.24 s]
0.0.J: Trace Attempt 7723008	[132.08 s]
0.0.Ht: Trace Attempt 1031309	[136.24 s]
0.0.J: Trace Attempt 9676800	[136.08 s]
0.0.J: Trace Attempt 11601920	[140.08 s]
0.0.Ht: Trace Attempt 1048576	[141.19 s]
0.0.J: Trace Attempt 13512704	[144.09 s]
0.0.Ht: Trace Attempt 1081724	[145.19 s]
0.0.J: Trace Attempt 15433728	[148.09 s]
0.0.Ht: Trace Attempt 1115077	[149.19 s]
0.0.J: Trace Attempt 17317888	[152.09 s]
0.0.Ht: Trace Attempt 1147369	[153.19 s]
0.0.J: Trace Attempt 19222528	[156.09 s]
0.0.Ht: Trace Attempt 1179654	[157.19 s]
0.0.J: Trace Attempt 21118976	[160.09 s]
0.0.Ht: Trace Attempt 1211682	[161.19 s]
0.0.J: Trace Attempt 23011328	[164.10 s]
0.0.Ht: Trace Attempt 1243973	[165.19 s]
0.0.J: Trace Attempt 24981504	[168.10 s]
0.0.Ht: Trace Attempt 1276784	[169.19 s]
0.0.J: Trace Attempt 26898432	[172.10 s]
0.0.J: Trace Attempt  1	[172.12 s]
0.0.Ht: Trace Attempt 1308840	[173.19 s]
0.0.J: Trace Attempt 1949696	[176.12 s]
0.0.Ht: Trace Attempt 1341554	[177.19 s]
0.0.J: Trace Attempt 3874816	[180.12 s]
0.0.Ht: Trace Attempt 1374026	[181.19 s]
0.0.J: Trace Attempt 5765120	[184.12 s]
0.0.Ht: Trace Attempt 1398101	[184.15 s]
0.0.Ht: Terminated by signal SIGKILL (@ 1640.95 s)
0.0.Ht: Engine should be restarted (starts=6, unexpected_terminations=6)
   Last recorded RSS memory usage: 12.879 MiB
   Last recorded free memory: 1.01904 GiB out of 1.47537 GiB
0.0.Ht: Restarting engine (local)
0.0.Ht: Proofgrid shell started at 1786128@della-h14n12(local) jg_1777007_della-h14n12_1
0.0.Ht: OS RSS memory limit : 17179869184 / 17179869184
0.0.Ht: clocks: 1, declared: 1, disabling: 0, posedge: 1, negedge: 0, noedge: 0, bothedge: 0
0.0.Ht: Trace Attempt  1	[0.00 s]
0.0.Ht: Trace Attempt  2	[0.00 s]
0.0.Ht: Trace Attempt  3	[0.00 s]
0.0.Ht: Trace Attempt  4	[0.00 s]
0.0.Ht: Trace Attempt  5	[0.00 s]
0.0.J: Interrupted (multi)
0.0.J: Morphing to U2
0.0.J: Trace Attempt 6167974	[185.00 s]
0.0.J: All properties determined. [0.00 s]
0.0.J: Exited with Success (@ 0.00 s)
0.0.U2: clocks: 1, declared: 1, disabling: 0, posedge: 1, negedge: 0, noedge: 0, bothedge: 0
0.0.U2: Reached length limit (10000) [0.00 s]
0.0.U2: Exited with Success (@ 1641.12 s)
0.0.U2: Completed, Restart ignored.
0.0.Ht: Trace Attempt 38850	[4.00 s]
0.0.U: Proofgrid shell started at 1786135@della-h14n12(local) jg_1777007_della-h14n12_1
0.0.U: OS RSS memory limit : 17179869184 / 17179869184
0.0.U: Reached length limit (100) [0.00 s]
0.0.U: Exited with Success (@ 1646.26 s)
0.0.Ht: Trace Attempt 75283	[8.00 s]
0.0.Hp: Proofgrid shell started at 1786142@della-h14n12(local) jg_1777007_della-h14n12_1
0.0.Hp: OS RSS memory limit : 17179869184 / 17179869184
0.0.Hp: clocks: 1, declared: 1, disabling: 0, posedge: 1, negedge: 0, noedge: 0, bothedge: 0
0.0.Ht: Trace Attempt 104691	[12.00 s]
0.0.Ht: Trace Attempt 135363	[16.00 s]
0.0.Ht: Trace Attempt 169791	[20.00 s]
0.0.Ht: Trace Attempt 188347	[24.00 s]
0.0.Ht: Trace Attempt 226229	[28.00 s]
0.0.Ht: Trace Attempt 262144	[32.61 s]
0.0.Ht: Trace Attempt 303929	[36.61 s]
0.0.Ht: Trace Attempt 337120	[40.61 s]
0.0.Ht: Trace Attempt 349526	[50.66 s]
0.0.Ht: Trace Attempt 364720	[55.34 s]
0.0.Ht: Trace Attempt 393753	[59.34 s]
0.0.Ht: Trace Attempt 423952	[63.34 s]
0.0.Ht: Trace Attempt 456093	[67.34 s]
0.0.Ht: Trace Attempt 489222	[71.34 s]
0.0.Ht: Trace Attempt 523918	[75.34 s]
0.0.Ht: Trace Attempt 552846	[79.34 s]
0.0.Ht: Trace Attempt 597187	[83.34 s]
0.0.Ht: Trace Attempt 641098	[87.34 s]
0.0.Ht: Trace Attempt 684079	[91.34 s]
0.0.Ht: Trace Attempt 699051	[99.52 s]
0.0.Ht: Trace Attempt 729442	[103.78 s]
0.0.Ht: Trace Attempt 776072	[107.78 s]
0.0.Ht: Trace Attempt 822601	[111.78 s]
0.0.Ht: Trace Attempt 867433	[115.78 s]
0.0.Ht: Trace Attempt 912951	[119.78 s]
0.0.Ht: Trace Attempt 956926	[123.78 s]
0.0.Ht: Trace Attempt 1001980	[127.78 s]
0.0.Tricustom6: Trace Attempt 2529916	[668.84 s]
0.0.Ht: Trace Attempt 1040893	[131.78 s]
0.0.Tricustom6: Trace Attempt 2591948	[672.84 s]
0.0.Ht: Trace Attempt 1048576	[136.31 s]
0.0.Tricustom6: Trace Attempt 2650924	[677.09 s]
0.0.Ht: Trace Attempt 1077460	[140.31 s]
0.0.Tricustom6: Trace Attempt 2707560	[681.09 s]
0.0.Ht: Trace Attempt 1107559	[144.31 s]
0.0.Tricustom6: Trace Attempt 2765544	[685.18 s]
0.0.Ht: Trace Attempt 1132878	[148.31 s]
0.0.Tricustom6: Trace Attempt 2805204	[689.26 s]
0.0.Ht: Trace Attempt 1166309	[152.31 s]
0.0.Tricustom6: Trace Attempt 2841900	[693.54 s]
0.0.Ht: Trace Attempt 1206268	[156.31 s]
0.0.Tricustom6: Trace Attempt 2873308	[697.54 s]
0.0.Ht: Trace Attempt 1243104	[160.31 s]
0.0.Tricustom6: Trace Attempt 2918152	[701.54 s]
0.0.Ht: Trace Attempt 1277215	[164.31 s]
0.0.Tricustom6: Trace Attempt 2964476	[705.98 s]
0.0.Ht: Trace Attempt 1311809	[168.31 s]
0.0.Tricustom6: Trace Attempt 3014988	[710.40 s]
0.0.Ht: Trace Attempt 1343891	[172.31 s]
0.0.Tricustom6: Trace Attempt 3074584	[714.40 s]
0.0.Ht: Trace Attempt 1378292	[176.31 s]
0.0.Tricustom6: Trace Attempt 3115468	[718.78 s]
0.0.Ht: Trace Attempt 1398101	[178.77 s]
0.0.Ht: Terminated by signal SIGKILL (@ 1821.09 s)
0.0.Ht: Engine should be restarted (starts=7, unexpected_terminations=7)
   Last recorded RSS memory usage: 12.8798 MiB
   Last recorded free memory: 1.01086 GiB out of 1.47537 GiB
0.0.Ht: Restarting engine (local)
0.0.Ht: Proofgrid shell started at 1786288@della-h14n12(local) jg_1777007_della-h14n12_1
0.0.Ht: OS RSS memory limit : 17179869184 / 17179869184
0.0.Ht: clocks: 1, declared: 1, disabling: 0, posedge: 1, negedge: 0, noedge: 0, bothedge: 0
0.0.Ht: Trace Attempt  1	[0.00 s]
0.0.Ht: Trace Attempt  2	[0.00 s]
0.0.Ht: Trace Attempt  3	[0.00 s]
0.0.Ht: Trace Attempt  4	[0.00 s]
0.0.Ht: Trace Attempt  5	[0.00 s]
0.0.Mp: Proofgrid shell started at 1786289@della-h14n12(local) jg_1777007_della-h14n12_1
0.0.Mp: OS RSS memory limit : 17179869184 / 17179869184
0.0.Mp: clocks: 1, declared: 1, disabling: 0, posedge: 1, negedge: 0, noedge: 0, bothedge: 0
0.0.Mp: Trace Attempt  1	[0.00 s]
0.0.Mp: Trace Attempt  2	[0.00 s]
0.0.Mp: Trace Attempt  3	[0.00 s]
0.0.Mp: Trace Attempt  3	[0.00 s]
0.0.Mp: Trace Attempt  4	[0.00 s]
0.0.Mp: Trace Attempt  4	[0.00 s]
0.0.Mp: Trace Attempt  5	[0.00 s]
0.0.Ht: Trace Attempt 15181	[4.00 s]
0.0.Mp: Trace Attempt 141	[4.01 s]
0.0.Tricustom6: Trace Attempt 3142652	[723.22 s]
0.0.Ht: Trace Attempt 27998	[8.00 s]
0.0.Tricustom6: Trace Attempt 3189948	[727.22 s]
0.0.Mp: Trace Attempt 160	[8.22 s]
0.0.Ht: Trace Attempt 42155	[12.00 s]
0.0.Tricustom6: Trace Attempt 3240536	[731.22 s]
0.0.Mp: Trace Attempt 161	[12.58 s]
0.0.Ht: Trace Attempt 61644	[16.00 s]
0.0.Tricustom6: Trace Attempt 3287376	[735.40 s]
0.0.Mp: Trace Attempt 308	[16.83 s]
0.0.Tricustom6: Trace Attempt 3334772	[739.40 s]
0.0.Ht: Trace Attempt 87382	[20.87 s]
0.0.Mp: Trace Attempt 340	[20.93 s]
0.0.Tricustom6: Trace Attempt 3364856	[743.67 s]
0.0.Ht: Trace Attempt 113248	[24.87 s]
0.0.Mp: Trace Attempt 365	[25.16 s]
0.0.Tricustom6: Trace Attempt 3408308	[747.67 s]
0.0.Ht: Trace Attempt 134145	[28.87 s]
0.0.Mp: Trace Attempt 365	[30.83 s]
0.0.Tricustom6: Trace Attempt 3460736	[751.67 s]
0.0.Ht: Trace Attempt 158861	[32.87 s]
0.0.Mp: Trace Attempt 365	[34.88 s]
0.0.Tricustom6: Trace Attempt 3507256	[755.97 s]
0.0.Ht: Trace Attempt 174763	[37.82 s]
0.0.Mp: Trace Attempt 365	[39.14 s]
0.0.Ht: Trace Attempt 197593	[41.82 s]
0.0.Tricustom6: Trace Attempt 3571936	[761.23 s]
0.0.Mp: Trace Attempt 365	[43.77 s]
0.0.Ht: Trace Attempt 228062	[45.82 s]
0.0.Tricustom6: Trace Attempt 3598652	[765.44 s]
0.0.Mp: Trace Attempt 365	[48.73 s]
0.0.Ht: Trace Attempt 248809	[49.82 s]
0.0.Tricustom6: Trace Attempt 3642380	[769.57 s]
0.0.Ht: Trace Attempt 269136	[53.82 s]
0.0.Mp: Trace Attempt 365	[53.83 s]
0.0.Tricustom6: Trace Attempt 3691412	[773.57 s]
0.0.Ht: Trace Attempt 291542	[57.82 s]
0.0.Tricustom6: Trace Attempt 3744164	[777.82 s]
0.0.Mp: Trace Attempt 365	[59.35 s]
0.0.Ht: Trace Attempt 317394	[61.82 s]
0.0.Mp: Trace Attempt 365	[65.05 s]
0.0.Ht: Trace Attempt 349526	[69.34 s]
0.0.Mp: Trace Attempt 365	[71.33 s]
0.0.Ht: Trace Attempt 374658	[73.34 s]
0.0.Ht: Trace Attempt 401052	[77.34 s]
0.0.Mp: Trace Attempt 365	[78.11 s]
0.0.Ht: Trace Attempt 434573	[81.34 s]
0.0.Mp: Trace Attempt 365	[85.28 s]
0.0.Ht: Trace Attempt 463240	[85.34 s]
0.0.Ht: Trace Attempt 492587	[89.34 s]
0.0.Mp: Trace Attempt 365	[92.44 s]
0.0.Ht: Trace Attempt 524287	[94.36 s]
0.0.Ht: Trace Attempt 566032	[98.36 s]
0.0.Mp: Trace Attempt 365	[99.69 s]
0.0.Ht: Trace Attempt 603425	[102.36 s]
0.0.Ht: Trace Attempt 635508	[106.36 s]
0.0.Mp: Trace Attempt 465	[107.91 s]
0.0.Ht: Trace Attempt 667584	[110.36 s]
0.0.Mp: Trace Attempt 465	[112.15 s]
0.0.Mp: Trace Attempt 465	[116.75 s]
0.0.Ht: Trace Attempt 699051	[121.00 s]
0.0.Mp: Trace Attempt 465	[121.36 s]
0.0.Mp: Trace Attempt 465	[125.97 s]
0.0.Ht: Trace Attempt 729442	[126.19 s]
0.0.Ht: Trace Attempt 765473	[130.19 s]
0.0.Mp: Trace Attempt 465	[130.84 s]
0.0.Ht: Trace Attempt 799152	[134.19 s]
0.0.Mp: Trace Attempt 465	[135.69 s]
0.0.Ht: Trace Attempt 832721	[138.19 s]
0.0.Mp: Trace Attempt 465	[140.51 s]
0.0.Ht: Trace Attempt 866277	[142.19 s]
0.0.Mp: Trace Attempt 465	[145.41 s]
0.0.Ht: Trace Attempt 899644	[146.19 s]
0.0.Ht: Trace Attempt 932907	[150.19 s]
0.0.Mp: Trace Attempt 465	[150.46 s]
0.0.D: Trace Attempt 149	[871.55 s]
0.0.Ht: Trace Attempt 965851	[154.19 s]
0.0.Mp: Trace Attempt 465	[155.73 s]
0.0.Ht: Trace Attempt 999231	[158.19 s]
0.0.Mp: Trace Attempt 465	[160.81 s]
0.0.Ht: Trace Attempt 1032442	[162.19 s]
0.0.Mp: Trace Attempt 465	[166.14 s]
0.0.Ht: Trace Attempt 1048576	[167.31 s]
0.0.Ht: Trace Attempt 1078778	[171.31 s]
0.0.Mp: Trace Attempt 465	[171.32 s]
0.0.Ht: Trace Attempt 1108331	[175.31 s]
0.0.Mp: Trace Attempt 465	[176.83 s]
0.0.Ht: Trace Attempt 1137827	[179.31 s]
0.0.Mp: Trace Attempt 465	[181.88 s]
0.0.Ht: Trace Attempt 1164430	[183.31 s]
0.0.Mp: Trace Attempt 588	[185.91 s]
0.0.Ht: Trace Attempt 1193734	[187.31 s]
0.0.Ht: Trace Attempt 1221760	[191.31 s]
0.0.Mp: Trace Attempt 600	[192.20 s]
0.0.Ht: Trace Attempt 1250210	[195.31 s]
0.0.Mp: Trace Attempt 600	[198.18 s]
0.0.Ht: Trace Attempt 1281200	[199.31 s]
0.0.Ht: Trace Attempt 1309709	[203.31 s]
0.0.Mp: Trace Attempt 600	[204.29 s]
0.0.Ht: Trace Attempt 1339017	[207.31 s]
0.0.Mp: Trace Attempt 600	[210.60 s]
0.0.Ht: Trace Attempt 1365834	[211.31 s]
0.0.Ht: Trace Attempt 1397421	[215.31 s]
0.0.Ht: Trace Attempt 1398101	[215.39 s]
0.0.Ht: Terminated by signal SIGKILL (@ 2037.71 s)
0.0.Ht: Engine should be restarted (starts=8, unexpected_terminations=8)
   Last recorded RSS memory usage: 12.6747 MiB
   Last recorded free memory: 1.00888 GiB out of 1.47537 GiB
0.0.Ht: Restarting engine (local)
0.0.Ht: Proofgrid shell started at 1786826@della-h14n12(local) jg_1777007_della-h14n12_1
0.0.Ht: OS RSS memory limit : 17179869184 / 17179869184
0.0.Ht: clocks: 1, declared: 1, disabling: 0, posedge: 1, negedge: 0, noedge: 0, bothedge: 0
0.0.Ht: Trace Attempt  1	[0.01 s]
0.0.Ht: Trace Attempt  2	[0.01 s]
0.0.Ht: Trace Attempt  3	[0.01 s]
0.0.Ht: Trace Attempt  4	[0.01 s]
0.0.Ht: Trace Attempt  5	[0.01 s]
0.0.Mp: Trace Attempt 600	[216.88 s]
0.0.Ht: Trace Attempt 23998	[4.01 s]
0.0.Mp: Trace Attempt 600	[223.39 s]
0.0.Ht: Trace Attempt 49064	[8.02 s]
0.0.Ht: Trace Attempt 79116	[12.02 s]
0.0.Mp: Trace Attempt 600	[230.32 s]
0.0.Ht: Trace Attempt 106328	[16.02 s]
0.0.Ht: Trace Attempt 138206	[20.02 s]
0.0.Mp: Trace Attempt 600	[236.84 s]
0.0.Ht: Trace Attempt 172144	[24.02 s]
0.0.Mp: Trace Attempt 600	[243.57 s]
0.0.Ht: Trace Attempt 190434	[28.02 s]
0.0.Ht: Trace Attempt 225763	[32.02 s]
0.0.Mp: Trace Attempt 600	[250.31 s]
0.0.Ht: Trace Attempt 259636	[36.02 s]
0.0.Ht: Trace Attempt 287220	[40.02 s]
0.0.Mp: Trace Attempt 600	[257.19 s]
0.0.Ht: Trace Attempt 320081	[44.02 s]
0.0.Mp: Trace Attempt 600	[264.57 s]
0.0.Ht: Trace Attempt 349526	[50.80 s]
0.0.Ht: Trace Attempt 377998	[54.80 s]
0.0.Mp: Trace Attempt 600	[274.30 s]
0.0.Ht: Trace Attempt 412904	[58.80 s]
0.0.Ht: Trace Attempt 446379	[62.80 s]
0.0.Mp: Trace Attempt 600	[283.00 s]
0.0.Ht: Trace Attempt 479881	[66.81 s]
0.0.Ht: Trace Attempt 514143	[70.81 s]
0.0.Mp: Trace Attempt 601	[287.38 s]
0.0.Ht: Trace Attempt 536334	[74.81 s]
0.0.Mp: Trace Attempt 680	[291.52 s]
0.0.Ht: Trace Attempt 570104	[78.81 s]
0.0.Ht: Trace Attempt 603951	[82.81 s]
0.0.Mp: Trace Attempt 718	[302.99 s]
0.0.Ht: Trace Attempt 636643	[86.81 s]
0.0.Ht: Trace Attempt 668935	[90.81 s]
0.0.Mp: Trace Attempt 718	[313.49 s]
0.0.Ht: Trace Attempt 699051	[101.20 s]
0.0.Ht: Trace Attempt 729442	[106.42 s]
0.0.Mp: Trace Attempt 718	[324.42 s]
0.0.Ht: Trace Attempt 763519	[110.42 s]
0.0.Ht: Trace Attempt 797349	[114.42 s]
0.0.Ht: Trace Attempt 831177	[118.42 s]
0.0.Mp: Trace Attempt 718	[335.66 s]
0.0.Ht: Trace Attempt 864934	[122.42 s]
0.0.Ht: Trace Attempt 897870	[126.42 s]
0.0.Mp: Trace Attempt 718	[344.48 s]
0.0.Ht: Trace Attempt 930658	[130.42 s]
0.0.Ht: Trace Attempt 963917	[134.42 s]
0.0.Mp: Trace Attempt 718	[352.96 s]
0.0.Ht: Trace Attempt 997166	[138.42 s]
0.0.Ht: Trace Attempt 1029605	[142.42 s]
0.0.Mp: Trace Attempt 718	[361.51 s]
0.0.Ht: Trace Attempt 1048576	[147.66 s]
0.0.Ht: Trace Attempt 1080983	[151.66 s]
0.0.Mp: Trace Attempt 718	[370.30 s]
0.0.Ht: Trace Attempt 1113557	[155.66 s]
0.0.Ht: Trace Attempt 1145642	[159.66 s]
0.0.Mp: Trace Attempt 718	[379.23 s]
0.0.Ht: Trace Attempt 1177440	[163.66 s]
0.0.Ht: Trace Attempt 1209105	[167.66 s]
0.0.Ht: Trace Attempt 1241226	[171.66 s]
0.0.Mp: Trace Attempt 718	[388.30 s]
0.0.Ht: Trace Attempt 1273588	[175.66 s]
0.0.Ht: Trace Attempt 1305584	[179.66 s]
0.0.Mp: Trace Attempt 718	[399.03 s]
0.0.Ht: Trace Attempt 1333466	[183.49 s]
0.0.Ht: Terminated by signal SIGKILL (@ 2221.59 s)
0.0.Ht: Engine should be restarted (starts=9, unexpected_terminations=9)
   Last recorded RSS memory usage: 12.5696 MiB
   Last recorded free memory: 1.00025 GiB out of 1.47537 GiB
0.0.Ht: Restarting engine (local)
0.0.Ht: Proofgrid shell started at 1787289@della-h14n12(local) jg_1777007_della-h14n12_1
0.0.Ht: OS RSS memory limit : 17179869184 / 17179869184
0.0.Ht: clocks: 1, declared: 1, disabling: 0, posedge: 1, negedge: 0, noedge: 0, bothedge: 0
0.0.Ht: Trace Attempt  1	[0.00 s]
0.0.Ht: Trace Attempt  2	[0.00 s]
0.0.Ht: Trace Attempt  3	[0.00 s]
0.0.Ht: Trace Attempt  4	[0.00 s]
0.0.Ht: Trace Attempt  5	[0.00 s]
0.0.Ht: Trace Attempt 23771	[4.00 s]
0.0.Ht: Trace Attempt 44114	[8.00 s]
0.0.Mp: Trace Attempt 718	[409.39 s]
0.0.Ht: Trace Attempt 75832	[12.01 s]
0.0.Ht: Trace Attempt 94023	[16.01 s]
0.0.Mp: Trace Attempt 718	[419.86 s]
0.0.Ht: Trace Attempt 121672	[20.02 s]
0.0.Ht: Trace Attempt 145261	[24.02 s]
0.0.Ht: Trace Attempt 174763	[29.19 s]
0.0.Mp: Trace Attempt 718	[431.86 s]
0.0.Ht: Trace Attempt 207240	[33.19 s]
0.0.Ht: Trace Attempt 238317	[37.19 s]
0.0.Ht: Trace Attempt 262144	[41.58 s]
0.0.Mp: Trace Attempt 718	[443.49 s]
0.0.Ht: Trace Attempt 294690	[45.58 s]
0.0.Mp: Trace Attempt 737	[447.75 s]
0.0.Ht: Trace Attempt 327727	[49.58 s]
0.0.Mp: Trace Attempt 769	[451.80 s]
0.0.Ht: Trace Attempt 349526	[55.56 s]
0.0.Ht: Trace Attempt 377553	[59.56 s]
0.0.Ht: Trace Attempt 412170	[63.56 s]
0.0.Ht: Trace Attempt 446210	[67.56 s]
0.0.Mp: Trace Attempt 788	[469.02 s]
0.0.Ht: Trace Attempt 480008	[71.56 s]
0.0.Ht: Trace Attempt 513188	[75.56 s]
0.0.Mp: Trace Attempt 788	[479.34 s]
0.0.Ht: Trace Attempt 534446	[79.56 s]
0.0.Tricustom6: Requesting engine job to terminate
0.0.D: Stopped processing property "DeBouncer.debouncer_sva_i._cover_17"	[1199.98 s].
0.0.D: Morphing to AB
0.0.D: All properties determined. [0.00 s]
0.0.D: Exited with Success (@ 0.00 s)
0.0.Tricustom6: Stopped processing property "DeBouncer.debouncer_sva_i._cover_17"	[1200.07 s].
0.0.AB: clocks: 1, declared: 1, disabling: 0, posedge: 1, negedge: 0, noedge: 0, bothedge: 0
0.0.AB: Starting proof for property "DeBouncer.debouncer_sva_i._cover_17"	[0.00 s].
0.0.AB: Trace Attempt  1	[0.00 s]
0.0.AB: Trace Attempt  2	[0.00 s]
0.0.AB: Trace Attempt  3	[0.00 s]
0.0.AB: Trace Attempt  4	[0.00 s]
0.0.AB: Trace Attempt  5	[0.00 s]
0.0.AB: Trace Attempt  1	[0.03 s]
0.0.AB: Trace Attempt  2	[0.03 s]
0.0.AB: Trace Attempt  3	[0.03 s]
0.0.AB: Trace Attempt  4	[0.03 s]
0.0.AB: Trace Attempt  5	[0.03 s]
0.0.Tricustom6: Trace Attempt 3763004	[780.05 s]
0.0.Tricustom6: Interrupted. [1200.17 s]
0.0.Tricustom6: Exited with Success (@ 2302.39 s)
0.0.AB: Trace Attempt  1	[0.12 s]
0.0.AB: Trace Attempt  2	[0.12 s]
0.0.AB: Trace Attempt  3	[0.12 s]
0.0.AB: Trace Attempt  4	[0.12 s]
0.0.AB: Trace Attempt  5	[0.12 s]
0.0.AB: Trace Attempt  1	[0.35 s]
0.0.AB: Trace Attempt  2	[0.35 s]
0.0.AB: Trace Attempt  3	[0.35 s]
0.0.AB: Trace Attempt  4	[0.35 s]
0.0.AB: Trace Attempt  5	[0.35 s]
0.0.AB: Trace Attempt  1	[1.25 s]
0.0.AB: Trace Attempt  2	[1.25 s]
0.0.AB: Trace Attempt  3	[1.25 s]
0.0.AB: Trace Attempt  4	[1.25 s]
0.0.AB: Trace Attempt  5	[1.25 s]
0.0.Ht: Trace Attempt 568370	[83.56 s]
0.0.AB: Trace Attempt 136	[5.28 s]
0.0.Ht: Trace Attempt 601737	[87.56 s]
0.0.Mp: Trace Attempt 788	[489.29 s]
0.0.AB: Trace Attempt 181	[9.35 s]
0.0.Ht: Trace Attempt 634471	[91.56 s]
0.0.AB: Trace Attempt 203	[13.68 s]
0.0.Ht: Trace Attempt 666880	[95.56 s]
0.0.AB: Trace Attempt 218	[18.12 s]
0.0.Mp: Trace Attempt 788	[499.74 s]
0.0.AB: Trace Attempt 230	[22.22 s]
0.0.Ht: Trace Attempt 699051	[105.99 s]
0.0.AB: Trace Attempt 241	[26.32 s]
0.0.Mp: Trace Attempt 788	[510.08 s]
0.0.AB: Trace Attempt 249	[30.44 s]
0.0.Ht: Trace Attempt 729442	[111.09 s]
0.0.AB: Trace Attempt 115	[34.44 s]
0.0.Ht: Trace Attempt 765469	[115.09 s]
0.0.AB: Trace Attempt 203	[38.51 s]
0.0.Ht: Trace Attempt 807461	[119.09 s]
0.0.Mp: Trace Attempt 788	[520.50 s]
0.0.AB: Stopped processing property "DeBouncer.debouncer_sva_i._cover_17"	[39.95 s].
0.0.AB: Morphing to K
0.0.AB: Trace Attempt 224	[39.93 s]
0.0.AB: All properties determined. [0.00 s]
0.0.AB: Exited with Success (@ 0.00 s)
0.0.K: clocks: 1, declared: 1, disabling: 0, posedge: 1, negedge: 0, noedge: 0, bothedge: 0
0.0.K: Starting proof for property "DeBouncer.debouncer_sva_i._cover_17"	[0.00 s].
0.0.Ht: Trace Attempt 842219	[123.09 s]
0.0.K: Trace Attempt  1	[5.27 s]
0.0.K: Trace Attempt  2	[5.28 s]
0.0.K: Trace Attempt  3	[5.28 s]
0.0.K: Trace Attempt  4	[5.28 s]
0.0.K: Trace Attempt  5	[5.28 s]
0.0.Ht: Trace Attempt 876179	[127.09 s]
0.0.K: Trace Attempt 140	[9.36 s]
0.0.Mp: Trace Attempt 788	[531.29 s]
0.0.Ht: Trace Attempt 909735	[131.09 s]
0.0.K: Trace Attempt 188	[13.84 s]
0.0.Ht: Trace Attempt 943185	[135.09 s]
0.0.K: Trace Attempt 208	[18.06 s]
0.0.Ht: Trace Attempt 976599	[139.09 s]
0.0.Mp: Trace Attempt 788	[542.25 s]
0.0.K: Trace Attempt 275	[22.64 s]
0.0.Ht: Trace Attempt 1009857	[143.09 s]
0.0.Ht: Trace Attempt 1042676	[147.09 s]
0.0.K: Trace Attempt 280	[27.49 s]
0.0.Ht: Trace Attempt 1052587	[151.09 s]
0.0.K: Trace Attempt 309	[31.51 s]
0.0.Mp: Trace Attempt 788	[553.34 s]
0.0.Ht: Trace Attempt 1086083	[155.09 s]
0.0.K: Trace Attempt 319	[36.05 s]
0.0.Ht: Trace Attempt 1119009	[159.09 s]
0.0.K: Trace Attempt 329	[41.08 s]
0.0.Ht: Trace Attempt 1151386	[163.09 s]
0.0.Mp: Trace Attempt 788	[564.41 s]
0.0.Ht: Trace Attempt 1183595	[167.09 s]
0.0.K: Trace Attempt 332	[46.76 s]
0.0.Ht: Trace Attempt 1216180	[171.09 s]
0.0.Mp: Trace Attempt 788	[575.49 s]
0.0.Ht: Trace Attempt 1248742	[175.09 s]
0.0.K: Trace Attempt 338	[57.79 s]
0.0.Ht: Trace Attempt 1281230	[179.09 s]
0.0.Ht: Trace Attempt 1313578	[183.09 s]
0.0.K: Trace Attempt 339	[63.06 s]
0.0.Mp: Trace Attempt 788	[586.18 s]
0.0.Ht: Trace Attempt 1345995	[187.09 s]
0.0.K: Trace Attempt 341	[68.28 s]
0.0.Mp: Trace Attempt 789	[590.87 s]
0.0.Ht: Trace Attempt 1379204	[191.09 s]
0.0.Mp: Trace Attempt 898	[594.92 s]
0.0.Ht: Trace Attempt 1398101	[193.53 s]
0.0.Ht: Terminated by signal SIGKILL (@ 2416.30 s)
0.0.Ht: Engine should be restarted (starts=10, unexpected_terminations=10)
   Last recorded RSS memory usage: 12.6945 MiB
   Last recorded free memory: 1019.59 MiB out of 1.47537 GiB
0.0.Ht: Restarting engine (local)
0.0.Ht: Proofgrid shell started at 1787449@della-h14n12(local) jg_1777007_della-h14n12_1
0.0.Ht: OS RSS memory limit : 17179869184 / 17179869184
0.0.Ht: clocks: 1, declared: 1, disabling: 0, posedge: 1, negedge: 0, noedge: 0, bothedge: 0
0.0.Ht: Trace Attempt  1	[0.00 s]
0.0.Ht: Trace Attempt  2	[0.00 s]
0.0.Ht: Trace Attempt  3	[0.00 s]
0.0.Ht: Trace Attempt  4	[0.00 s]
0.0.Ht: Trace Attempt  5	[0.00 s]
0.0.K: Trace Attempt 343	[75.95 s]
0.0.Ht: Trace Attempt 32768	[4.03 s]
0.0.Ht: Trace Attempt 64185	[8.03 s]
0.0.K: Trace Attempt 345	[82.23 s]
0.0.Ht: Trace Attempt 91179	[12.21 s]
0.0.K: Trace Attempt 347	[87.28 s]
0.0.Mp: Trace Attempt 931	[610.46 s]
0.0.Ht: Trace Attempt 126589	[16.21 s]
0.0.K: Trace Attempt 378	[91.31 s]
0.0.Ht: Trace Attempt 157955	[20.21 s]
0.0.Ht: Trace Attempt 177789	[24.21 s]
0.0.Mp: Trace Attempt 931	[622.80 s]
0.0.K: Trace Attempt 402	[102.25 s]
0.0.Ht: Trace Attempt 210605	[28.21 s]
0.0.Ht: Trace Attempt 246607	[32.21 s]
0.0.Ht: Trace Attempt 275077	[36.21 s]
0.0.K: Trace Attempt 403	[111.36 s]
0.0.Mp: Trace Attempt 931	[634.60 s]
0.0.Ht: Trace Attempt 309372	[40.21 s]
0.0.K: Trace Attempt 404	[118.32 s]
0.0.Ht: Trace Attempt 343389	[44.21 s]
0.0.Ht: Trace Attempt 350787	[48.21 s]
0.0.Mp: Trace Attempt 931	[646.54 s]
0.0.Ht: Trace Attempt 378949	[52.21 s]
0.0.Ht: Trace Attempt 414160	[56.21 s]
0.0.Ht: Trace Attempt 448849	[60.21 s]
0.0.K: Trace Attempt 405	[136.14 s]
0.0.Mp: Trace Attempt 931	[658.90 s]
0.0.Ht: Trace Attempt 483147	[64.21 s]
0.0.Ht: Trace Attempt 517646	[68.21 s]
0.0.K: Trace Attempt 406	[145.01 s]
0.0.Ht: Trace Attempt 541081	[72.21 s]
0.0.Ht: Trace Attempt 575263	[76.21 s]
0.0.Mp: Trace Attempt 931	[671.56 s]
0.0.Ht: Trace Attempt 608755	[80.21 s]
0.0.K: Trace Attempt 407	[157.18 s]
0.0.Ht: Trace Attempt 642851	[84.21 s]
0.0.Ht: Trace Attempt 676197	[88.21 s]
0.0.Mp: Trace Attempt 931	[684.12 s]
0.0.Ht: Trace Attempt 699051	[97.30 s]
0.0.Mp: Trace Attempt 931	[697.04 s]
0.0.Ht: Trace Attempt 729442	[102.32 s]
0.0.Ht: Trace Attempt 764967	[106.32 s]
0.0.Ht: Trace Attempt 800211	[110.32 s]
0.0.K: Trace Attempt 408	[186.07 s]
0.0.Ht: Trace Attempt 835199	[114.32 s]
0.0.Mp: Trace Attempt 931	[709.51 s]
0.0.Ht: Trace Attempt 869899	[118.32 s]
0.0.Ht: Trace Attempt 904400	[122.32 s]
0.0.Ht: Trace Attempt 938568	[126.32 s]
0.0.Mp: Trace Attempt 931	[722.43 s]
0.0.K: Trace Attempt 409	[203.19 s]
0.0.Ht: Trace Attempt 972601	[130.32 s]
0.0.Ht: Trace Attempt 1006447	[134.32 s]
0.0.Ht: Trace Attempt 1040156	[138.32 s]
0.0.Mp: Trace Attempt 931	[734.55 s]
0.0.K: Trace Attempt 410	[215.76 s]
0.0.Ht: Trace Attempt 1051174	[142.32 s]
0.0.Mp: Trace Attempt 932	[740.97 s]
0.0.Ht: Trace Attempt 1085908	[146.32 s]
0.0.K: Trace Attempt 412	[221.28 s]
0.0.Mp: Trace Attempt 988	[745.06 s]
0.0.Ht: Trace Attempt 1117042	[150.32 s]
0.0.K: Trace Attempt 413	[227.93 s]
0.0.Ht: Trace Attempt 1149052	[154.32 s]
0.0.Ht: Trace Attempt 1182092	[158.32 s]
0.0.K: Trace Attempt 414	[234.93 s]
0.0.Ht: Trace Attempt 1214838	[162.32 s]
0.0.Mp: Trace Attempt 1022	[760.81 s]
0.0.Ht: Trace Attempt 1247217	[166.32 s]
0.0.K: Trace Attempt 416	[243.50 s]
0.0.Ht: Trace Attempt 1279541	[170.32 s]
0.0.Ht: Trace Attempt 1310058	[174.32 s]
0.0.K: Trace Attempt 417	[249.20 s]
0.0.Ht: Trace Attempt 1320728	[175.80 s]
0.0.Ht: Terminated by signal SIGKILL (@ 2592.47 s)
0.0.Ht: ERROR (EPF089): This engine job has stopped and been automatically restarted "proofgrid_restarts"=10 times and will not be automatically restarted anymore. Investigate why it might have stopped so many times (memout, or ProofGrid setup problem maybe?).
    Terminated unexpectedly 11 times
0.0.Mp: Trace Attempt 1022	[775.22 s]
0.0.K: Trace Attempt 419	[254.80 s]
0.0.Mp: Trace Attempt 1022	[790.82 s]
0.0.K: Trace Attempt 423	[270.99 s]
0.0.K: Trace Attempt 424	[279.96 s]
0.0.Mp: Trace Attempt 1022	[805.79 s]
0.0.K: Trace Attempt 425	[289.73 s]
0.0.K: Trace Attempt 426	[297.48 s]
0.0.Mp: Trace Attempt 1022	[819.76 s]
0.0.K: Trace Attempt 427	[305.85 s]
0.0.Mp: Trace Attempt 1022	[834.64 s]
0.0.K: Trace Attempt 428	[319.97 s]
0.0.K: Trace Attempt 429	[329.01 s]
0.0.Mp: Trace Attempt 1022	[850.22 s]
0.0.K: Trace Attempt 430	[342.14 s]
0.0.Mp: Trace Attempt 1022	[866.08 s]
0.0.K: Trace Attempt 431	[350.88 s]
0.0.K: Trace Attempt 432	[355.69 s]
0.0.K: Trace Attempt 433	[360.06 s]
0.0.Mp: Trace Attempt 1022	[883.95 s]
0.0.K: Trace Attempt 435	[365.71 s]
0.0.K: Trace Attempt 437	[375.30 s]
0.0.K: Trace Attempt 441	[379.37 s]
0.0.Mp: Trace Attempt 1022	[901.37 s]
0.0.Mp: Trace Attempt 1022	[918.71 s]
0.0.K: Trace Attempt 487	[401.13 s]
0.0.K: Trace Attempt 488	[409.49 s]
0.0.Mp: Trace Attempt 1022	[934.33 s]
0.0.K: Trace Attempt 489	[424.45 s]
0.0.Mp: Trace Attempt 1022	[949.91 s]
0.0.K: Trace Attempt 490	[433.69 s]
0.0.K: Trace Attempt 491	[440.08 s]
0.0.Mp: Trace Attempt 1022	[967.18 s]
0.0.K: Trace Attempt 492	[453.41 s]
0.0.Mp: Trace Attempt 1022	[983.56 s]
0.0.K: Trace Attempt 493	[468.10 s]
0.0.Mp: Trace Attempt 1022	[998.88 s]
0.0.K: Trace Attempt 494	[479.40 s]
0.0.K: Trace Attempt 495	[486.25 s]
0.0.K: Trace Attempt 496	[494.22 s]
0.0.Mp: Trace Attempt 1022	[1015.97 s]
0.0.K: Trace Attempt 497	[500.25 s]
0.0.K: Trace Attempt 498	[507.58 s]
0.0.Mp: Trace Attempt 1022	[1033.15 s]
0.0.K: Trace Attempt 499	[518.99 s]
0.0.Mp: Trace Attempt 1022	[1051.27 s]
0.0.K: Trace Attempt 500	[539.55 s]
0.0.Mp: Trace Attempt 1022	[1070.61 s]
0.0.K: Trace Attempt 501	[553.12 s]
0.0.K: Trace Attempt 502	[564.79 s]
0.0.Mp: Trace Attempt 1022	[1089.18 s]
0.0.K: Trace Attempt 503	[572.33 s]
0.0.Mp: Trace Attempt 1078	[1093.35 s]
0.0.K: Trace Attempt 505	[580.40 s]
0.0.K: Trace Attempt 506	[588.62 s]
0.0.Mp: Trace Attempt 1107	[1112.18 s]
0.0.K: Trace Attempt 507	[602.89 s]
0.0.Mp: Trace Attempt 1107	[1129.32 s]
0.0.K: Trace Attempt 508	[618.00 s]
0.0.Mp: Trace Attempt 1107	[1146.49 s]
0.0.K: Trace Attempt 509	[630.89 s]
0.0.Mp: Trace Attempt 1107	[1163.72 s]
0.0.K: Trace Attempt 510	[648.07 s]
0.0.K: Trace Attempt 511	[655.55 s]
0.0.Mp: Trace Attempt 1107	[1180.47 s]
0.0.K: Trace Attempt 512	[661.81 s]
0.0.K: Trace Attempt 513	[670.77 s]
0.0.Mp: Trace Attempt 1107	[1197.24 s]
0.0.Mp: Trace Attempt 1117	[1201.25 s]
0.0.Mp: Trace Attempt 1160	[1205.28 s]
0.0.K: Trace Attempt 514	[698.26 s]
0.0.Mp: Trace Attempt 1191	[1224.58 s]
0.0.K: Trace Attempt 515	[714.55 s]
0.0.Mp: Trace Attempt 1191	[1242.94 s]
0.0.K: Trace Attempt 516	[726.41 s]
0.0.Mp: Trace Attempt 1191	[1261.81 s]
0.0.K: Trace Attempt 517	[744.07 s]
0.0.Mp: Trace Attempt 1191	[1280.30 s]
0.0.K: Trace Attempt 518	[762.24 s]
0.0.K: Trace Attempt 519	[776.67 s]
0.0.Mp: Trace Attempt 1191	[1299.27 s]
0.0.K: Trace Attempt 520	[793.04 s]
0.0.Mp: Trace Attempt 1191	[1318.23 s]
0.0.K: Trace Attempt 521	[815.99 s]
0.0.Mp: Trace Attempt 1191	[1337.01 s]
0.0.K: Trace Attempt 522	[826.80 s]
0.0.Mp: Trace Attempt 1191	[1355.61 s]
0.0.K: Trace Attempt 523	[837.23 s]
0.0.Mp: Trace Attempt 1191	[1374.79 s]
0.0.Mp: Trace Attempt 1191	[1394.29 s]
0.0.K: Trace Attempt 524	[874.76 s]
0.0.Mp: Trace Attempt 1191	[1413.73 s]
0.0.Mp: Trace Attempt 1191	[1433.22 s]
0.0.Mp: Trace Attempt 1191	[1452.57 s]
0.0.K: Trace Attempt 525	[940.37 s]
0.0.Mp: Trace Attempt 1191	[1472.60 s]
0.0.K: Trace Attempt 526	[970.57 s]
0.0.Mp: Trace Attempt 1191	[1492.53 s]
0.0.Mp: Trace Attempt 1191	[1512.81 s]
0.0.K: Trace Attempt 527	[1010.51 s]
0.0.Mp: Trace Attempt 1191	[1532.55 s]
0.0.K: Trace Attempt 528	[1029.64 s]
0.0.Mp: Trace Attempt 1191	[1551.20 s]
0.0.Mp: Trace Attempt 1192	[1556.72 s]
0.0.Mp: Trace Attempt 1283	[1560.72 s]
0.0.Mp: Trace Attempt 1285	[1581.88 s]
0.0.Mp: Trace Attempt 1285	[1602.97 s]
0.0.K: Trace Attempt 529	[1088.63 s]
0.0.Mp: Trace Attempt 1285	[1623.85 s]
0.0.K: Trace Attempt 530	[1116.08 s]
0.0.Mp: Trace Attempt 1285	[1644.34 s]
0.0.Mp: Trace Attempt 1320	[1648.39 s]
0.0.K: Trace Attempt 531	[1134.60 s]
0.0.K: Trace Attempt 532	[1149.43 s]
0.0.Mp: Trace Attempt 1358	[1672.41 s]
0.0.K: Trace Attempt 533	[1166.71 s]
0.0.Mp: Trace Attempt 1358	[1694.29 s]
0.0.K: Trace Attempt 534	[1194.41 s]
0.0.Mp: Trace Attempt 1358	[1716.72 s]
0.0.K: Trace Attempt 535	[1214.97 s]
0.0.Mp: Trace Attempt 1358	[1738.92 s]
0.0.Mp: Trace Attempt 1358	[1761.34 s]
INFO (IPF144): 0: Initiating shutdown of proof [3600.05 s]
0.0.K: Stopped processing property "DeBouncer.debouncer_sva_i._cover_17"	[1257.93 s].
0.0.K: Time limit expired (3600.00 s) [1257.84 s]
0.0.Hp: Interrupted (multi)
0.0.Hp: Time limit expired (3600.00 s) [1948.87 s]
0.0.Hp: Exited with Success (@ 3600.48 s)
0.0.K: Exited with Success (@ 3601.78 s)
0.0.Mp: Time limit expired (3600.00 s) [1780.47 s]
0.0.Mp: Sending SIGKILL
0.0.Mp: Exited with Success (@ 3602.32 s)
0: ProofGrid usable level: 0
0: --------------------------------------------------------------
ProofGrid Summary (utilization 99.98 %)
--------------------------------------------------------------
     engines started                               :    16
     engine jobs started                           :     8
     unexpected terminations                       :    11
       (0.Ht)
     times jobs stopped due to restart limit       :     1
       (0.Ht)

    Average time in state (seconds)
    ------------------------------------------------------
    Engine  Pending     Running        Dead    Utilization
    ------------------------------------------------------
     Hp        0.10     1948.87        0.00       99.99 %
     Ht        1.57     2590.85        0.03       99.94 %
     Mp        0.18     1780.48        0.00       99.99 %
      K        0.07     3599.11        0.00      100.00 %
    Tricustom6        0.13     2301.99        0.00       99.99 %
     Oh        0.06     1266.16        0.00       99.99 %
     U2        0.19      369.82        0.00       99.95 %
      U        0.11        0.00        0.00        0.13 %
    all        0.30     1732.16        0.00       99.98 %

    Total time in state (seconds)
    -----------------------------------------
            Pending     Running        Dead  
    -----------------------------------------
               2.41    13857.28        0.03

    Data read    : 723.79 MiB
    Data written : 42.65 MiB

0: All pending notifications were processed.
----------------------------------------
| INFO (ICD005): 0: The proof thread was terminated because of a time_limit expiration.
|     The current limit is 3600 seconds.
|     Modify it with the "-time_limit" switch or "set_prove_time_limit" command.
----------------------------------------
INFO (IPF059): Completed proof on task: "<embedded>" for proof thread 0

==============================================================
SUMMARY
==============================================================
           Properties Considered              : 25
                 assertions                   : 13
                  - proven                    : 4 (30.7692%)
                  - bounded_proven (user)     : 0 (0%)
                  - bounded_proven (auto)     : 0 (0%)
                  - marked_proven             : 0 (0%)
                  - cex                       : 9 (69.2308%)
                  - ar_cex                    : 0 (0%)
                  - undetermined              : 0 (0%)
                  - unknown                   : 0 (0%)
                  - error                     : 0 (0%)
                 covers                       : 12
                  - unreachable               : 2 (16.6667%)
                  - bounded_unreachable (user): 0 (0%)
                  - covered                   : 9 (75%)
                  - ar_covered                : 0 (0%)
                  - undetermined              : 1 (8.33333%)
                  - unknown                   : 0 (0%)
                  - error                     : 0 (0%)
[<embedded>] % 
[<embedded>] % # ---- Covers (best effort) ----
[<embedded>] % catch { cover -all }
1
[<embedded>] % 
[<embedded>] % # ---- Write summary ----
[<embedded>] % set fp [open $SUMMARY_TXT "w"]
file43
[<embedded>] % puts $fp "DESIGN_ID=$DESIGN_ID"
[<embedded>] % puts $fp "TOP=$TOP"
[<embedded>] % puts $fp "ASSERT_COUNT=[llength $ASSERTS]"
[<embedded>] % puts $fp "COVER_COUNT=[llength $COVERS]"
[<embedded>] % puts $fp "PROP_LIST=$PROP_LIST_TXT"
[<embedded>] % close $fp
[<embedded>] % 
[<embedded>] % puts "\n✅ DONE: Proof run completed (check Jasper property table / log for PROVED/FAILED)"

✅ DONE: Proof run completed (check Jasper property table / log for PROVED/FAILED)
[<embedded>] % puts "INFO: Wrote $SUMMARY_TXT"
INFO: Wrote verification_results/00820/summary.txt
[<embedded>] % puts "INFO: Wrote $PROP_LIST_TXT"
INFO: Wrote verification_results/00820/property_list.txt
[<embedded>] % exit 0
INFO (IPL005): Received request to exit from the console.
INFO: Waiting for proof threads to stop...
INFO: Proof threads stopped.
INFO (IPL018): The peak resident set memory use for this session was 15.930 GB.
INFO (IPL014): Waiting for the Tcl-thread to exit.
INFO (IPL015): The Tcl-thread exited with status 0.
INFO (IPL016): Exiting the analysis session with status 0.
