id,count,veri_code,definition
04670,5,VERI-1072,"Cascade error: compilation aborted/continued after earlier errors; this module/construct was ignored as a follow-on."
00222,4,VERI-1072,"Cascade error: compilation aborted/continued after earlier errors; this module/construct was ignored as a follow-on."
00439,4,VERI-1072,"Cascade error: compilation aborted/continued after earlier errors; this module/construct was ignored as a follow-on."
01485,4,VERI-1072,"Cascade error: compilation aborted/continued after earlier errors; this module/construct was ignored as a follow-on."
01801,4,VERI-1072,"Cascade error: compilation aborted/continued after earlier errors; this module/construct was ignored as a follow-on."
02015,4,VERI-1072,"Cascade error: compilation aborted/continued after earlier errors; this module/construct was ignored as a follow-on."
02112,4,VERI-1072,"Cascade error: compilation aborted/continued after earlier errors; this module/construct was ignored as a follow-on."
02549,4,VERI-1072,"Cascade error: compilation aborted/continued after earlier errors; this module/construct was ignored as a follow-on."
02594,4,VERI-1072,"Cascade error: compilation aborted/continued after earlier errors; this module/construct was ignored as a follow-on."
03361,4,VERI-1072,"Cascade error: compilation aborted/continued after earlier errors; this module/construct was ignored as a follow-on."
03769,4,VERI-1072,"Cascade error: compilation aborted/continued after earlier errors; this module/construct was ignored as a follow-on."
00077,3,VERI-1072,"Cascade error: compilation aborted/continued after earlier errors; this module/construct was ignored as a follow-on."
00227,3,VERI-1072,"Cascade error: compilation aborted/continued after earlier errors; this module/construct was ignored as a follow-on."
00407,3,VERI-1072,"Cascade error: compilation aborted/continued after earlier errors; this module/construct was ignored as a follow-on."
00961,3,VERI-1072,"Cascade error: compilation aborted/continued after earlier errors; this module/construct was ignored as a follow-on."
01509,3,VERI-1072,"Cascade error: compilation aborted/continued after earlier errors; this module/construct was ignored as a follow-on."
01580,3,VERI-1072,"Cascade error: compilation aborted/continued after earlier errors; this module/construct was ignored as a follow-on."
01805,3,VERI-1072,"Cascade error: compilation aborted/continued after earlier errors; this module/construct was ignored as a follow-on."
02890,3,VERI-1072,"Cascade error: compilation aborted/continued after earlier errors; this module/construct was ignored as a follow-on."
02956,3,VERI-1072,"Cascade error: compilation aborted/continued after earlier errors; this module/construct was ignored as a follow-on."
03184,3,VERI-1072,"Cascade error: compilation aborted/continued after earlier errors; this module/construct was ignored as a follow-on."
03456,3,VERI-1072,"Cascade error: compilation aborted/continued after earlier errors; this module/construct was ignored as a follow-on."
04684,3,VERI-1072,"Cascade error: compilation aborted/continued after earlier errors; this module/construct was ignored as a follow-on."
00011,2,VERI-1072,"Cascade error: compilation aborted/continued after earlier errors; this module/construct was ignored as a follow-on."
00172,2,VERI-1072,"Cascade error: compilation aborted/continued after earlier errors; this module/construct was ignored as a follow-on."
00243,2,VERI-1072,"Cascade error: compilation aborted/continued after earlier errors; this module/construct was ignored as a follow-on."
00356,2,VERI-1072,"Cascade error: compilation aborted/continued after earlier errors; this module/construct was ignored as a follow-on."
00415,2,VERI-1072,"Cascade error: compilation aborted/continued after earlier errors; this module/construct was ignored as a follow-on."
00537,2,VERI-1072,"Cascade error: compilation aborted/continued after earlier errors; this module/construct was ignored as a follow-on."
00737,2,VERI-1072,"Cascade error: compilation aborted/continued after earlier errors; this module/construct was ignored as a follow-on."
00912,2,VERI-1072,"Cascade error: compilation aborted/continued after earlier errors; this module/construct was ignored as a follow-on."
01055,2,VERI-1072,"Cascade error: compilation aborted/continued after earlier errors; this module/construct was ignored as a follow-on."
01085,2,VERI-1072,"Cascade error: compilation aborted/continued after earlier errors; this module/construct was ignored as a follow-on."
01086,2,VERI-1072,"Cascade error: compilation aborted/continued after earlier errors; this module/construct was ignored as a follow-on."
01105,2,VERI-1072,"Cascade error: compilation aborted/continued after earlier errors; this module/construct was ignored as a follow-on."
01112,2,VERI-1072,"Cascade error: compilation aborted/continued after earlier errors; this module/construct was ignored as a follow-on."
01172,2,VERI-1072,"Cascade error: compilation aborted/continued after earlier errors; this module/construct was ignored as a follow-on."
01315,2,VERI-1072,"Cascade error: compilation aborted/continued after earlier errors; this module/construct was ignored as a follow-on."
01338,2,VERI-1072,"Cascade error: compilation aborted/continued after earlier errors; this module/construct was ignored as a follow-on."
01437,2,VERI-1072,"Cascade error: compilation aborted/continued after earlier errors; this module/construct was ignored as a follow-on."
01528,2,VERI-1072,"Cascade error: compilation aborted/continued after earlier errors; this module/construct was ignored as a follow-on."
01655,2,VERI-1072,"Cascade error: compilation aborted/continued after earlier errors; this module/construct was ignored as a follow-on."
01673,2,VERI-1072,"Cascade error: compilation aborted/continued after earlier errors; this module/construct was ignored as a follow-on."
01773,2,VERI-1072,"Cascade error: compilation aborted/continued after earlier errors; this module/construct was ignored as a follow-on."
01837,2,VERI-1072,"Cascade error: compilation aborted/continued after earlier errors; this module/construct was ignored as a follow-on."
01841,2,VERI-1072,"Cascade error: compilation aborted/continued after earlier errors; this module/construct was ignored as a follow-on."
01885,2,VERI-1072,"Cascade error: compilation aborted/continued after earlier errors; this module/construct was ignored as a follow-on."
01895,2,VERI-1072,"Cascade error: compilation aborted/continued after earlier errors; this module/construct was ignored as a follow-on."
01983,2,VERI-1072,"Cascade error: compilation aborted/continued after earlier errors; this module/construct was ignored as a follow-on."
02069,2,VERI-1072,"Cascade error: compilation aborted/continued after earlier errors; this module/construct was ignored as a follow-on."
02083,2,VERI-1072,"Cascade error: compilation aborted/continued after earlier errors; this module/construct was ignored as a follow-on."
02466,2,VERI-1072,"Cascade error: compilation aborted/continued after earlier errors; this module/construct was ignored as a follow-on."
02664,2,VERI-1072,"Cascade error: compilation aborted/continued after earlier errors; this module/construct was ignored as a follow-on."
02698,2,VERI-1072,"Cascade error: compilation aborted/continued after earlier errors; this module/construct was ignored as a follow-on."
02897,2,VERI-1072,"Cascade error: compilation aborted/continued after earlier errors; this module/construct was ignored as a follow-on."
03181,2,VERI-1072,"Cascade error: compilation aborted/continued after earlier errors; this module/construct was ignored as a follow-on."
03291,2,VERI-1072,"Cascade error: compilation aborted/continued after earlier errors; this module/construct was ignored as a follow-on."
03992,2,VERI-1072,"Cascade error: compilation aborted/continued after earlier errors; this module/construct was ignored as a follow-on."
04043,2,VERI-1072,"Cascade error: compilation aborted/continued after earlier errors; this module/construct was ignored as a follow-on."
04086,2,VERI-1072,"Cascade error: compilation aborted/continued after earlier errors; this module/construct was ignored as a follow-on."
04504,2,VERI-1072,"Cascade error: compilation aborted/continued after earlier errors; this module/construct was ignored as a follow-on."
04703,2,VERI-1072,"Cascade error: compilation aborted/continued after earlier errors; this module/construct was ignored as a follow-on."
00000,1,VERI-1072,"Cascade error: compilation aborted/continued after earlier errors; this module/construct was ignored as a follow-on."
00010,1,VERI-1072,"Cascade error: compilation aborted/continued after earlier errors; this module/construct was ignored as a follow-on."
00025,1,VERI-1072,"Cascade error: compilation aborted/continued after earlier errors; this module/construct was ignored as a follow-on."
00030,1,VERI-1072,"Cascade error: compilation aborted/continued after earlier errors; this module/construct was ignored as a follow-on."
00048,1,VERI-1072,"Cascade error: compilation aborted/continued after earlier errors; this module/construct was ignored as a follow-on."
00058,1,VERI-1072,"Cascade error: compilation aborted/continued after earlier errors; this module/construct was ignored as a follow-on."
00065,1,VERI-1072,"Cascade error: compilation aborted/continued after earlier errors; this module/construct was ignored as a follow-on."
00070,1,VERI-1072,"Cascade error: compilation aborted/continued after earlier errors; this module/construct was ignored as a follow-on."
00075,1,VERI-1072,"Cascade error: compilation aborted/continued after earlier errors; this module/construct was ignored as a follow-on."
00076,1,VERI-1072,"Cascade error: compilation aborted/continued after earlier errors; this module/construct was ignored as a follow-on."
00083,1,VERI-1072,"Cascade error: compilation aborted/continued after earlier errors; this module/construct was ignored as a follow-on."
00088,1,VERI-1072,"Cascade error: compilation aborted/continued after earlier errors; this module/construct was ignored as a follow-on."
00092,1,VERI-1072,"Cascade error: compilation aborted/continued after earlier errors; this module/construct was ignored as a follow-on."
00095,1,VERI-1072,"Cascade error: compilation aborted/continued after earlier errors; this module/construct was ignored as a follow-on."
00096,1,VERI-1072,"Cascade error: compilation aborted/continued after earlier errors; this module/construct was ignored as a follow-on."
00103,1,VERI-1072,"Cascade error: compilation aborted/continued after earlier errors; this module/construct was ignored as a follow-on."
00105,1,VERI-1072,"Cascade error: compilation aborted/continued after earlier errors; this module/construct was ignored as a follow-on."
00106,1,VERI-1072,"Cascade error: compilation aborted/continued after earlier errors; this module/construct was ignored as a follow-on."
00107,1,VERI-1072,"Cascade error: compilation aborted/continued after earlier errors; this module/construct was ignored as a follow-on."
00113,1,VERI-1072,"Cascade error: compilation aborted/continued after earlier errors; this module/construct was ignored as a follow-on."
00130,1,VERI-1072,"Cascade error: compilation aborted/continued after earlier errors; this module/construct was ignored as a follow-on."
00144,1,VERI-1072,"Cascade error: compilation aborted/continued after earlier errors; this module/construct was ignored as a follow-on."
00145,1,VERI-1072,"Cascade error: compilation aborted/continued after earlier errors; this module/construct was ignored as a follow-on."
00149,1,VERI-1072,"Cascade error: compilation aborted/continued after earlier errors; this module/construct was ignored as a follow-on."
00167,1,VERI-1072,"Cascade error: compilation aborted/continued after earlier errors; this module/construct was ignored as a follow-on."
00179,1,VERI-1072,"Cascade error: compilation aborted/continued after earlier errors; this module/construct was ignored as a follow-on."
00183,1,VERI-1072,"Cascade error: compilation aborted/continued after earlier errors; this module/construct was ignored as a follow-on."
00184,1,VERI-1072,"Cascade error: compilation aborted/continued after earlier errors; this module/construct was ignored as a follow-on."
00186,1,VERI-1072,"Cascade error: compilation aborted/continued after earlier errors; this module/construct was ignored as a follow-on."
00212,1,VERI-1072,"Cascade error: compilation aborted/continued after earlier errors; this module/construct was ignored as a follow-on."
00213,1,VERI-1072,"Cascade error: compilation aborted/continued after earlier errors; this module/construct was ignored as a follow-on."
00224,1,VERI-1072,"Cascade error: compilation aborted/continued after earlier errors; this module/construct was ignored as a follow-on."
00225,1,VERI-1072,"Cascade error: compilation aborted/continued after earlier errors; this module/construct was ignored as a follow-on."
00230,1,VERI-1072,"Cascade error: compilation aborted/continued after earlier errors; this module/construct was ignored as a follow-on."
00233,1,VERI-1072,"Cascade error: compilation aborted/continued after earlier errors; this module/construct was ignored as a follow-on."
00236,1,VERI-1072,"Cascade error: compilation aborted/continued after earlier errors; this module/construct was ignored as a follow-on."
00247,1,VERI-1072,"Cascade error: compilation aborted/continued after earlier errors; this module/construct was ignored as a follow-on."
00248,1,VERI-1072,"Cascade error: compilation aborted/continued after earlier errors; this module/construct was ignored as a follow-on."
00249,1,VERI-1072,"Cascade error: compilation aborted/continued after earlier errors; this module/construct was ignored as a follow-on."
00251,1,VERI-1072,"Cascade error: compilation aborted/continued after earlier errors; this module/construct was ignored as a follow-on."
00252,1,VERI-1072,"Cascade error: compilation aborted/continued after earlier errors; this module/construct was ignored as a follow-on."
00260,1,VERI-1072,"Cascade error: compilation aborted/continued after earlier errors; this module/construct was ignored as a follow-on."
00271,1,VERI-1072,"Cascade error: compilation aborted/continued after earlier errors; this module/construct was ignored as a follow-on."
00272,1,VERI-1072,"Cascade error: compilation aborted/continued after earlier errors; this module/construct was ignored as a follow-on."
00275,1,VERI-1072,"Cascade error: compilation aborted/continued after earlier errors; this module/construct was ignored as a follow-on."
00280,1,VERI-1072,"Cascade error: compilation aborted/continued after earlier errors; this module/construct was ignored as a follow-on."
00282,1,VERI-1072,"Cascade error: compilation aborted/continued after earlier errors; this module/construct was ignored as a follow-on."
00284,1,VERI-1072,"Cascade error: compilation aborted/continued after earlier errors; this module/construct was ignored as a follow-on."
00286,1,VERI-1072,"Cascade error: compilation aborted/continued after earlier errors; this module/construct was ignored as a follow-on."
00293,1,VERI-1072,"Cascade error: compilation aborted/continued after earlier errors; this module/construct was ignored as a follow-on."
00301,1,VERI-1072,"Cascade error: compilation aborted/continued after earlier errors; this module/construct was ignored as a follow-on."
00307,1,VERI-1072,"Cascade error: compilation aborted/continued after earlier errors; this module/construct was ignored as a follow-on."
00311,1,VERI-1072,"Cascade error: compilation aborted/continued after earlier errors; this module/construct was ignored as a follow-on."
00314,1,VERI-1072,"Cascade error: compilation aborted/continued after earlier errors; this module/construct was ignored as a follow-on."
00321,1,VERI-1072,"Cascade error: compilation aborted/continued after earlier errors; this module/construct was ignored as a follow-on."
00323,1,VERI-1072,"Cascade error: compilation aborted/continued after earlier errors; this module/construct was ignored as a follow-on."
00332,1,VERI-1072,"Cascade error: compilation aborted/continued after earlier errors; this module/construct was ignored as a follow-on."
00341,1,VERI-1072,"Cascade error: compilation aborted/continued after earlier errors; this module/construct was ignored as a follow-on."
00353,1,VERI-1072,"Cascade error: compilation aborted/continued after earlier errors; this module/construct was ignored as a follow-on."
00355,1,VERI-1072,"Cascade error: compilation aborted/continued after earlier errors; this module/construct was ignored as a follow-on."
00366,1,VERI-1072,"Cascade error: compilation aborted/continued after earlier errors; this module/construct was ignored as a follow-on."
00383,1,VERI-1072,"Cascade error: compilation aborted/continued after earlier errors; this module/construct was ignored as a follow-on."
00390,1,VERI-1072,"Cascade error: compilation aborted/continued after earlier errors; this module/construct was ignored as a follow-on."
00392,1,VERI-1072,"Cascade error: compilation aborted/continued after earlier errors; this module/construct was ignored as a follow-on."
00406,1,VERI-1072,"Cascade error: compilation aborted/continued after earlier errors; this module/construct was ignored as a follow-on."
00412,1,VERI-1072,"Cascade error: compilation aborted/continued after earlier errors; this module/construct was ignored as a follow-on."
00424,1,VERI-1072,"Cascade error: compilation aborted/continued after earlier errors; this module/construct was ignored as a follow-on."
00425,1,VERI-1072,"Cascade error: compilation aborted/continued after earlier errors; this module/construct was ignored as a follow-on."
00434,1,VERI-1072,"Cascade error: compilation aborted/continued after earlier errors; this module/construct was ignored as a follow-on."
00446,1,VERI-1072,"Cascade error: compilation aborted/continued after earlier errors; this module/construct was ignored as a follow-on."
00450,1,VERI-1072,"Cascade error: compilation aborted/continued after earlier errors; this module/construct was ignored as a follow-on."
00454,1,VERI-1072,"Cascade error: compilation aborted/continued after earlier errors; this module/construct was ignored as a follow-on."
00463,1,VERI-1072,"Cascade error: compilation aborted/continued after earlier errors; this module/construct was ignored as a follow-on."
00468,1,VERI-1072,"Cascade error: compilation aborted/continued after earlier errors; this module/construct was ignored as a follow-on."
00479,1,VERI-1072,"Cascade error: compilation aborted/continued after earlier errors; this module/construct was ignored as a follow-on."
00485,1,VERI-1072,"Cascade error: compilation aborted/continued after earlier errors; this module/construct was ignored as a follow-on."
00499,1,VERI-1072,"Cascade error: compilation aborted/continued after earlier errors; this module/construct was ignored as a follow-on."
00503,1,VERI-1072,"Cascade error: compilation aborted/continued after earlier errors; this module/construct was ignored as a follow-on."
00505,1,VERI-1072,"Cascade error: compilation aborted/continued after earlier errors; this module/construct was ignored as a follow-on."
00517,1,VERI-1072,"Cascade error: compilation aborted/continued after earlier errors; this module/construct was ignored as a follow-on."
00519,1,VERI-1072,"Cascade error: compilation aborted/continued after earlier errors; this module/construct was ignored as a follow-on."
00546,1,VERI-1072,"Cascade error: compilation aborted/continued after earlier errors; this module/construct was ignored as a follow-on."
00551,1,VERI-1072,"Cascade error: compilation aborted/continued after earlier errors; this module/construct was ignored as a follow-on."
00553,1,VERI-1072,"Cascade error: compilation aborted/continued after earlier errors; this module/construct was ignored as a follow-on."
00556,1,VERI-1072,"Cascade error: compilation aborted/continued after earlier errors; this module/construct was ignored as a follow-on."
00558,1,VERI-1072,"Cascade error: compilation aborted/continued after earlier errors; this module/construct was ignored as a follow-on."
00565,1,VERI-1072,"Cascade error: compilation aborted/continued after earlier errors; this module/construct was ignored as a follow-on."
00567,1,VERI-1072,"Cascade error: compilation aborted/continued after earlier errors; this module/construct was ignored as a follow-on."
00571,1,VERI-1072,"Cascade error: compilation aborted/continued after earlier errors; this module/construct was ignored as a follow-on."
00577,1,VERI-1072,"Cascade error: compilation aborted/continued after earlier errors; this module/construct was ignored as a follow-on."
00590,1,VERI-1072,"Cascade error: compilation aborted/continued after earlier errors; this module/construct was ignored as a follow-on."
00600,1,VERI-1072,"Cascade error: compilation aborted/continued after earlier errors; this module/construct was ignored as a follow-on."
00603,1,VERI-1072,"Cascade error: compilation aborted/continued after earlier errors; this module/construct was ignored as a follow-on."
00614,1,VERI-1072,"Cascade error: compilation aborted/continued after earlier errors; this module/construct was ignored as a follow-on."
00615,1,VERI-1072,"Cascade error: compilation aborted/continued after earlier errors; this module/construct was ignored as a follow-on."
00619,1,VERI-1072,"Cascade error: compilation aborted/continued after earlier errors; this module/construct was ignored as a follow-on."
00622,1,VERI-1072,"Cascade error: compilation aborted/continued after earlier errors; this module/construct was ignored as a follow-on."
00625,1,VERI-1072,"Cascade error: compilation aborted/continued after earlier errors; this module/construct was ignored as a follow-on."
00626,1,VERI-1072,"Cascade error: compilation aborted/continued after earlier errors; this module/construct was ignored as a follow-on."
00636,1,VERI-1072,"Cascade error: compilation aborted/continued after earlier errors; this module/construct was ignored as a follow-on."
00643,1,VERI-1072,"Cascade error: compilation aborted/continued after earlier errors; this module/construct was ignored as a follow-on."
00644,1,VERI-1072,"Cascade error: compilation aborted/continued after earlier errors; this module/construct was ignored as a follow-on."
00658,1,VERI-1072,"Cascade error: compilation aborted/continued after earlier errors; this module/construct was ignored as a follow-on."
00664,1,VERI-1072,"Cascade error: compilation aborted/continued after earlier errors; this module/construct was ignored as a follow-on."
00667,1,VERI-1072,"Cascade error: compilation aborted/continued after earlier errors; this module/construct was ignored as a follow-on."
00668,1,VERI-1072,"Cascade error: compilation aborted/continued after earlier errors; this module/construct was ignored as a follow-on."
00687,1,VERI-1072,"Cascade error: compilation aborted/continued after earlier errors; this module/construct was ignored as a follow-on."
00690,1,VERI-1072,"Cascade error: compilation aborted/continued after earlier errors; this module/construct was ignored as a follow-on."
00697,1,VERI-1072,"Cascade error: compilation aborted/continued after earlier errors; this module/construct was ignored as a follow-on."
00699,1,VERI-1072,"Cascade error: compilation aborted/continued after earlier errors; this module/construct was ignored as a follow-on."
00709,1,VERI-1072,"Cascade error: compilation aborted/continued after earlier errors; this module/construct was ignored as a follow-on."
00724,1,VERI-1072,"Cascade error: compilation aborted/continued after earlier errors; this module/construct was ignored as a follow-on."
00726,1,VERI-1072,"Cascade error: compilation aborted/continued after earlier errors; this module/construct was ignored as a follow-on."
00730,1,VERI-1072,"Cascade error: compilation aborted/continued after earlier errors; this module/construct was ignored as a follow-on."
00735,1,VERI-1072,"Cascade error: compilation aborted/continued after earlier errors; this module/construct was ignored as a follow-on."
00740,1,VERI-1072,"Cascade error: compilation aborted/continued after earlier errors; this module/construct was ignored as a follow-on."
00749,1,VERI-1072,"Cascade error: compilation aborted/continued after earlier errors; this module/construct was ignored as a follow-on."
00753,1,VERI-1072,"Cascade error: compilation aborted/continued after earlier errors; this module/construct was ignored as a follow-on."
00758,1,VERI-1072,"Cascade error: compilation aborted/continued after earlier errors; this module/construct was ignored as a follow-on."
00767,1,VERI-1072,"Cascade error: compilation aborted/continued after earlier errors; this module/construct was ignored as a follow-on."
00770,1,VERI-1072,"Cascade error: compilation aborted/continued after earlier errors; this module/construct was ignored as a follow-on."
00780,1,VERI-1072,"Cascade error: compilation aborted/continued after earlier errors; this module/construct was ignored as a follow-on."
00781,1,VERI-1072,"Cascade error: compilation aborted/continued after earlier errors; this module/construct was ignored as a follow-on."
00782,1,VERI-1072,"Cascade error: compilation aborted/continued after earlier errors; this module/construct was ignored as a follow-on."
00784,1,VERI-1072,"Cascade error: compilation aborted/continued after earlier errors; this module/construct was ignored as a follow-on."
00792,1,VERI-1072,"Cascade error: compilation aborted/continued after earlier errors; this module/construct was ignored as a follow-on."
00801,1,VERI-1072,"Cascade error: compilation aborted/continued after earlier errors; this module/construct was ignored as a follow-on."
00812,1,VERI-1072,"Cascade error: compilation aborted/continued after earlier errors; this module/construct was ignored as a follow-on."
00822,1,VERI-1072,"Cascade error: compilation aborted/continued after earlier errors; this module/construct was ignored as a follow-on."
00833,1,VERI-1072,"Cascade error: compilation aborted/continued after earlier errors; this module/construct was ignored as a follow-on."
00834,1,VERI-1072,"Cascade error: compilation aborted/continued after earlier errors; this module/construct was ignored as a follow-on."
00836,1,VERI-1072,"Cascade error: compilation aborted/continued after earlier errors; this module/construct was ignored as a follow-on."
00837,1,VERI-1072,"Cascade error: compilation aborted/continued after earlier errors; this module/construct was ignored as a follow-on."
00851,1,VERI-1072,"Cascade error: compilation aborted/continued after earlier errors; this module/construct was ignored as a follow-on."
00853,1,VERI-1072,"Cascade error: compilation aborted/continued after earlier errors; this module/construct was ignored as a follow-on."
00864,1,VERI-1072,"Cascade error: compilation aborted/continued after earlier errors; this module/construct was ignored as a follow-on."
00870,1,VERI-1072,"Cascade error: compilation aborted/continued after earlier errors; this module/construct was ignored as a follow-on."
00886,1,VERI-1072,"Cascade error: compilation aborted/continued after earlier errors; this module/construct was ignored as a follow-on."
00888,1,VERI-1072,"Cascade error: compilation aborted/continued after earlier errors; this module/construct was ignored as a follow-on."
00890,1,VERI-1072,"Cascade error: compilation aborted/continued after earlier errors; this module/construct was ignored as a follow-on."
00893,1,VERI-1072,"Cascade error: compilation aborted/continued after earlier errors; this module/construct was ignored as a follow-on."
00902,1,VERI-1072,"Cascade error: compilation aborted/continued after earlier errors; this module/construct was ignored as a follow-on."
00909,1,VERI-1072,"Cascade error: compilation aborted/continued after earlier errors; this module/construct was ignored as a follow-on."
00917,1,VERI-1072,"Cascade error: compilation aborted/continued after earlier errors; this module/construct was ignored as a follow-on."
00930,1,VERI-1072,"Cascade error: compilation aborted/continued after earlier errors; this module/construct was ignored as a follow-on."
00931,1,VERI-1072,"Cascade error: compilation aborted/continued after earlier errors; this module/construct was ignored as a follow-on."
00932,1,VERI-1072,"Cascade error: compilation aborted/continued after earlier errors; this module/construct was ignored as a follow-on."
00936,1,VERI-1072,"Cascade error: compilation aborted/continued after earlier errors; this module/construct was ignored as a follow-on."
00938,1,VERI-1072,"Cascade error: compilation aborted/continued after earlier errors; this module/construct was ignored as a follow-on."
00939,1,VERI-1072,"Cascade error: compilation aborted/continued after earlier errors; this module/construct was ignored as a follow-on."
00940,1,VERI-1072,"Cascade error: compilation aborted/continued after earlier errors; this module/construct was ignored as a follow-on."
00944,1,VERI-1072,"Cascade error: compilation aborted/continued after earlier errors; this module/construct was ignored as a follow-on."
00945,1,VERI-1072,"Cascade error: compilation aborted/continued after earlier errors; this module/construct was ignored as a follow-on."
00950,1,VERI-1072,"Cascade error: compilation aborted/continued after earlier errors; this module/construct was ignored as a follow-on."
00954,1,VERI-1072,"Cascade error: compilation aborted/continued after earlier errors; this module/construct was ignored as a follow-on."
00957,1,VERI-1072,"Cascade error: compilation aborted/continued after earlier errors; this module/construct was ignored as a follow-on."
00960,1,VERI-1072,"Cascade error: compilation aborted/continued after earlier errors; this module/construct was ignored as a follow-on."
00971,1,VERI-1072,"Cascade error: compilation aborted/continued after earlier errors; this module/construct was ignored as a follow-on."
00995,1,VERI-1072,"Cascade error: compilation aborted/continued after earlier errors; this module/construct was ignored as a follow-on."
00999,1,VERI-1072,"Cascade error: compilation aborted/continued after earlier errors; this module/construct was ignored as a follow-on."
01007,1,VERI-1072,"Cascade error: compilation aborted/continued after earlier errors; this module/construct was ignored as a follow-on."
01010,1,VERI-1072,"Cascade error: compilation aborted/continued after earlier errors; this module/construct was ignored as a follow-on."
01011,1,VERI-1072,"Cascade error: compilation aborted/continued after earlier errors; this module/construct was ignored as a follow-on."
01014,1,VERI-1072,"Cascade error: compilation aborted/continued after earlier errors; this module/construct was ignored as a follow-on."
01016,1,VERI-1072,"Cascade error: compilation aborted/continued after earlier errors; this module/construct was ignored as a follow-on."
01017,1,VERI-1072,"Cascade error: compilation aborted/continued after earlier errors; this module/construct was ignored as a follow-on."
01019,1,VERI-1072,"Cascade error: compilation aborted/continued after earlier errors; this module/construct was ignored as a follow-on."
01022,1,VERI-1072,"Cascade error: compilation aborted/continued after earlier errors; this module/construct was ignored as a follow-on."
01037,1,VERI-1072,"Cascade error: compilation aborted/continued after earlier errors; this module/construct was ignored as a follow-on."
01039,1,VERI-1072,"Cascade error: compilation aborted/continued after earlier errors; this module/construct was ignored as a follow-on."
01062,1,VERI-1072,"Cascade error: compilation aborted/continued after earlier errors; this module/construct was ignored as a follow-on."
01064,1,VERI-1072,"Cascade error: compilation aborted/continued after earlier errors; this module/construct was ignored as a follow-on."
01066,1,VERI-1072,"Cascade error: compilation aborted/continued after earlier errors; this module/construct was ignored as a follow-on."
01075,1,VERI-1072,"Cascade error: compilation aborted/continued after earlier errors; this module/construct was ignored as a follow-on."
01079,1,VERI-1072,"Cascade error: compilation aborted/continued after earlier errors; this module/construct was ignored as a follow-on."
01082,1,VERI-1072,"Cascade error: compilation aborted/continued after earlier errors; this module/construct was ignored as a follow-on."
01084,1,VERI-1072,"Cascade error: compilation aborted/continued after earlier errors; this module/construct was ignored as a follow-on."
01091,1,VERI-1072,"Cascade error: compilation aborted/continued after earlier errors; this module/construct was ignored as a follow-on."
01094,1,VERI-1072,"Cascade error: compilation aborted/continued after earlier errors; this module/construct was ignored as a follow-on."
01096,1,VERI-1072,"Cascade error: compilation aborted/continued after earlier errors; this module/construct was ignored as a follow-on."
01099,1,VERI-1072,"Cascade error: compilation aborted/continued after earlier errors; this module/construct was ignored as a follow-on."
01100,1,VERI-1072,"Cascade error: compilation aborted/continued after earlier errors; this module/construct was ignored as a follow-on."
01102,1,VERI-1072,"Cascade error: compilation aborted/continued after earlier errors; this module/construct was ignored as a follow-on."
01108,1,VERI-1072,"Cascade error: compilation aborted/continued after earlier errors; this module/construct was ignored as a follow-on."
01111,1,VERI-1072,"Cascade error: compilation aborted/continued after earlier errors; this module/construct was ignored as a follow-on."
01120,1,VERI-1072,"Cascade error: compilation aborted/continued after earlier errors; this module/construct was ignored as a follow-on."
01124,1,VERI-1072,"Cascade error: compilation aborted/continued after earlier errors; this module/construct was ignored as a follow-on."
01126,1,VERI-1072,"Cascade error: compilation aborted/continued after earlier errors; this module/construct was ignored as a follow-on."
01128,1,VERI-1072,"Cascade error: compilation aborted/continued after earlier errors; this module/construct was ignored as a follow-on."
01132,1,VERI-1072,"Cascade error: compilation aborted/continued after earlier errors; this module/construct was ignored as a follow-on."
01133,1,VERI-1072,"Cascade error: compilation aborted/continued after earlier errors; this module/construct was ignored as a follow-on."
01139,1,VERI-1072,"Cascade error: compilation aborted/continued after earlier errors; this module/construct was ignored as a follow-on."
01144,1,VERI-1072,"Cascade error: compilation aborted/continued after earlier errors; this module/construct was ignored as a follow-on."
01161,1,VERI-1072,"Cascade error: compilation aborted/continued after earlier errors; this module/construct was ignored as a follow-on."
01170,1,VERI-1072,"Cascade error: compilation aborted/continued after earlier errors; this module/construct was ignored as a follow-on."
01174,1,VERI-1072,"Cascade error: compilation aborted/continued after earlier errors; this module/construct was ignored as a follow-on."
01179,1,VERI-1072,"Cascade error: compilation aborted/continued after earlier errors; this module/construct was ignored as a follow-on."
01188,1,VERI-1072,"Cascade error: compilation aborted/continued after earlier errors; this module/construct was ignored as a follow-on."
01193,1,VERI-1072,"Cascade error: compilation aborted/continued after earlier errors; this module/construct was ignored as a follow-on."
01197,1,VERI-1072,"Cascade error: compilation aborted/continued after earlier errors; this module/construct was ignored as a follow-on."
01213,1,VERI-1072,"Cascade error: compilation aborted/continued after earlier errors; this module/construct was ignored as a follow-on."
01216,1,VERI-1072,"Cascade error: compilation aborted/continued after earlier errors; this module/construct was ignored as a follow-on."
01221,1,VERI-1072,"Cascade error: compilation aborted/continued after earlier errors; this module/construct was ignored as a follow-on."
01225,1,VERI-1072,"Cascade error: compilation aborted/continued after earlier errors; this module/construct was ignored as a follow-on."
01227,1,VERI-1072,"Cascade error: compilation aborted/continued after earlier errors; this module/construct was ignored as a follow-on."
01230,1,VERI-1072,"Cascade error: compilation aborted/continued after earlier errors; this module/construct was ignored as a follow-on."
01246,1,VERI-1072,"Cascade error: compilation aborted/continued after earlier errors; this module/construct was ignored as a follow-on."
01262,1,VERI-1072,"Cascade error: compilation aborted/continued after earlier errors; this module/construct was ignored as a follow-on."
01263,1,VERI-1072,"Cascade error: compilation aborted/continued after earlier errors; this module/construct was ignored as a follow-on."
01273,1,VERI-1072,"Cascade error: compilation aborted/continued after earlier errors; this module/construct was ignored as a follow-on."
01276,1,VERI-1072,"Cascade error: compilation aborted/continued after earlier errors; this module/construct was ignored as a follow-on."
01277,1,VERI-1072,"Cascade error: compilation aborted/continued after earlier errors; this module/construct was ignored as a follow-on."
01287,1,VERI-1072,"Cascade error: compilation aborted/continued after earlier errors; this module/construct was ignored as a follow-on."
01291,1,VERI-1072,"Cascade error: compilation aborted/continued after earlier errors; this module/construct was ignored as a follow-on."
01293,1,VERI-1072,"Cascade error: compilation aborted/continued after earlier errors; this module/construct was ignored as a follow-on."
01295,1,VERI-1072,"Cascade error: compilation aborted/continued after earlier errors; this module/construct was ignored as a follow-on."
01304,1,VERI-1072,"Cascade error: compilation aborted/continued after earlier errors; this module/construct was ignored as a follow-on."
01326,1,VERI-1072,"Cascade error: compilation aborted/continued after earlier errors; this module/construct was ignored as a follow-on."
01327,1,VERI-1072,"Cascade error: compilation aborted/continued after earlier errors; this module/construct was ignored as a follow-on."
01333,1,VERI-1072,"Cascade error: compilation aborted/continued after earlier errors; this module/construct was ignored as a follow-on."
01344,1,VERI-1072,"Cascade error: compilation aborted/continued after earlier errors; this module/construct was ignored as a follow-on."
01345,1,VERI-1072,"Cascade error: compilation aborted/continued after earlier errors; this module/construct was ignored as a follow-on."
01357,1,VERI-1072,"Cascade error: compilation aborted/continued after earlier errors; this module/construct was ignored as a follow-on."
01360,1,VERI-1072,"Cascade error: compilation aborted/continued after earlier errors; this module/construct was ignored as a follow-on."
01366,1,VERI-1072,"Cascade error: compilation aborted/continued after earlier errors; this module/construct was ignored as a follow-on."
01374,1,VERI-1072,"Cascade error: compilation aborted/continued after earlier errors; this module/construct was ignored as a follow-on."
01376,1,VERI-1072,"Cascade error: compilation aborted/continued after earlier errors; this module/construct was ignored as a follow-on."
01391,1,VERI-1072,"Cascade error: compilation aborted/continued after earlier errors; this module/construct was ignored as a follow-on."
01402,1,VERI-1072,"Cascade error: compilation aborted/continued after earlier errors; this module/construct was ignored as a follow-on."
01403,1,VERI-1072,"Cascade error: compilation aborted/continued after earlier errors; this module/construct was ignored as a follow-on."
01421,1,VERI-1072,"Cascade error: compilation aborted/continued after earlier errors; this module/construct was ignored as a follow-on."
01426,1,VERI-1072,"Cascade error: compilation aborted/continued after earlier errors; this module/construct was ignored as a follow-on."
01428,1,VERI-1072,"Cascade error: compilation aborted/continued after earlier errors; this module/construct was ignored as a follow-on."
01435,1,VERI-1072,"Cascade error: compilation aborted/continued after earlier errors; this module/construct was ignored as a follow-on."
01443,1,VERI-1072,"Cascade error: compilation aborted/continued after earlier errors; this module/construct was ignored as a follow-on."
01447,1,VERI-1072,"Cascade error: compilation aborted/continued after earlier errors; this module/construct was ignored as a follow-on."
01448,1,VERI-1072,"Cascade error: compilation aborted/continued after earlier errors; this module/construct was ignored as a follow-on."
01449,1,VERI-1072,"Cascade error: compilation aborted/continued after earlier errors; this module/construct was ignored as a follow-on."
01450,1,VERI-1072,"Cascade error: compilation aborted/continued after earlier errors; this module/construct was ignored as a follow-on."
01461,1,VERI-1072,"Cascade error: compilation aborted/continued after earlier errors; this module/construct was ignored as a follow-on."
01467,1,VERI-1072,"Cascade error: compilation aborted/continued after earlier errors; this module/construct was ignored as a follow-on."
01475,1,VERI-1072,"Cascade error: compilation aborted/continued after earlier errors; this module/construct was ignored as a follow-on."
01488,1,VERI-1072,"Cascade error: compilation aborted/continued after earlier errors; this module/construct was ignored as a follow-on."
01494,1,VERI-1072,"Cascade error: compilation aborted/continued after earlier errors; this module/construct was ignored as a follow-on."
01508,1,VERI-1072,"Cascade error: compilation aborted/continued after earlier errors; this module/construct was ignored as a follow-on."
01527,1,VERI-1072,"Cascade error: compilation aborted/continued after earlier errors; this module/construct was ignored as a follow-on."
01535,1,VERI-1072,"Cascade error: compilation aborted/continued after earlier errors; this module/construct was ignored as a follow-on."
01537,1,VERI-1072,"Cascade error: compilation aborted/continued after earlier errors; this module/construct was ignored as a follow-on."
01538,1,VERI-1072,"Cascade error: compilation aborted/continued after earlier errors; this module/construct was ignored as a follow-on."
01545,1,VERI-1072,"Cascade error: compilation aborted/continued after earlier errors; this module/construct was ignored as a follow-on."
01547,1,VERI-1072,"Cascade error: compilation aborted/continued after earlier errors; this module/construct was ignored as a follow-on."
01557,1,VERI-1072,"Cascade error: compilation aborted/continued after earlier errors; this module/construct was ignored as a follow-on."
01567,1,VERI-1072,"Cascade error: compilation aborted/continued after earlier errors; this module/construct was ignored as a follow-on."
01570,1,VERI-1072,"Cascade error: compilation aborted/continued after earlier errors; this module/construct was ignored as a follow-on."
01576,1,VERI-1072,"Cascade error: compilation aborted/continued after earlier errors; this module/construct was ignored as a follow-on."
01583,1,VERI-1072,"Cascade error: compilation aborted/continued after earlier errors; this module/construct was ignored as a follow-on."
01585,1,VERI-1072,"Cascade error: compilation aborted/continued after earlier errors; this module/construct was ignored as a follow-on."
01587,1,VERI-1072,"Cascade error: compilation aborted/continued after earlier errors; this module/construct was ignored as a follow-on."
01594,1,VERI-1072,"Cascade error: compilation aborted/continued after earlier errors; this module/construct was ignored as a follow-on."
01596,1,VERI-1072,"Cascade error: compilation aborted/continued after earlier errors; this module/construct was ignored as a follow-on."
01597,1,VERI-1072,"Cascade error: compilation aborted/continued after earlier errors; this module/construct was ignored as a follow-on."
01604,1,VERI-1072,"Cascade error: compilation aborted/continued after earlier errors; this module/construct was ignored as a follow-on."
01609,1,VERI-1072,"Cascade error: compilation aborted/continued after earlier errors; this module/construct was ignored as a follow-on."
01625,1,VERI-1072,"Cascade error: compilation aborted/continued after earlier errors; this module/construct was ignored as a follow-on."
01628,1,VERI-1072,"Cascade error: compilation aborted/continued after earlier errors; this module/construct was ignored as a follow-on."
01649,1,VERI-1072,"Cascade error: compilation aborted/continued after earlier errors; this module/construct was ignored as a follow-on."
01653,1,VERI-1072,"Cascade error: compilation aborted/continued after earlier errors; this module/construct was ignored as a follow-on."
01658,1,VERI-1072,"Cascade error: compilation aborted/continued after earlier errors; this module/construct was ignored as a follow-on."
01661,1,VERI-1072,"Cascade error: compilation aborted/continued after earlier errors; this module/construct was ignored as a follow-on."
01662,1,VERI-1072,"Cascade error: compilation aborted/continued after earlier errors; this module/construct was ignored as a follow-on."
01663,1,VERI-1072,"Cascade error: compilation aborted/continued after earlier errors; this module/construct was ignored as a follow-on."
01665,1,VERI-1072,"Cascade error: compilation aborted/continued after earlier errors; this module/construct was ignored as a follow-on."
01676,1,VERI-1072,"Cascade error: compilation aborted/continued after earlier errors; this module/construct was ignored as a follow-on."
01686,1,VERI-1072,"Cascade error: compilation aborted/continued after earlier errors; this module/construct was ignored as a follow-on."
01689,1,VERI-1072,"Cascade error: compilation aborted/continued after earlier errors; this module/construct was ignored as a follow-on."
01694,1,VERI-1072,"Cascade error: compilation aborted/continued after earlier errors; this module/construct was ignored as a follow-on."
01701,1,VERI-1072,"Cascade error: compilation aborted/continued after earlier errors; this module/construct was ignored as a follow-on."
01706,1,VERI-1072,"Cascade error: compilation aborted/continued after earlier errors; this module/construct was ignored as a follow-on."
01707,1,VERI-1072,"Cascade error: compilation aborted/continued after earlier errors; this module/construct was ignored as a follow-on."
01715,1,VERI-1072,"Cascade error: compilation aborted/continued after earlier errors; this module/construct was ignored as a follow-on."
01720,1,VERI-1072,"Cascade error: compilation aborted/continued after earlier errors; this module/construct was ignored as a follow-on."
01721,1,VERI-1072,"Cascade error: compilation aborted/continued after earlier errors; this module/construct was ignored as a follow-on."
01722,1,VERI-1072,"Cascade error: compilation aborted/continued after earlier errors; this module/construct was ignored as a follow-on."
01724,1,VERI-1072,"Cascade error: compilation aborted/continued after earlier errors; this module/construct was ignored as a follow-on."
01729,1,VERI-1072,"Cascade error: compilation aborted/continued after earlier errors; this module/construct was ignored as a follow-on."
01732,1,VERI-1072,"Cascade error: compilation aborted/continued after earlier errors; this module/construct was ignored as a follow-on."
01738,1,VERI-1072,"Cascade error: compilation aborted/continued after earlier errors; this module/construct was ignored as a follow-on."
01740,1,VERI-1072,"Cascade error: compilation aborted/continued after earlier errors; this module/construct was ignored as a follow-on."
01741,1,VERI-1072,"Cascade error: compilation aborted/continued after earlier errors; this module/construct was ignored as a follow-on."
01742,1,VERI-1072,"Cascade error: compilation aborted/continued after earlier errors; this module/construct was ignored as a follow-on."
01744,1,VERI-1072,"Cascade error: compilation aborted/continued after earlier errors; this module/construct was ignored as a follow-on."
01748,1,VERI-1072,"Cascade error: compilation aborted/continued after earlier errors; this module/construct was ignored as a follow-on."
01762,1,VERI-1072,"Cascade error: compilation aborted/continued after earlier errors; this module/construct was ignored as a follow-on."
01763,1,VERI-1072,"Cascade error: compilation aborted/continued after earlier errors; this module/construct was ignored as a follow-on."
01768,1,VERI-1072,"Cascade error: compilation aborted/continued after earlier errors; this module/construct was ignored as a follow-on."
01785,1,VERI-1072,"Cascade error: compilation aborted/continued after earlier errors; this module/construct was ignored as a follow-on."
01786,1,VERI-1072,"Cascade error: compilation aborted/continued after earlier errors; this module/construct was ignored as a follow-on."
01792,1,VERI-1072,"Cascade error: compilation aborted/continued after earlier errors; this module/construct was ignored as a follow-on."
01793,1,VERI-1072,"Cascade error: compilation aborted/continued after earlier errors; this module/construct was ignored as a follow-on."
01797,1,VERI-1072,"Cascade error: compilation aborted/continued after earlier errors; this module/construct was ignored as a follow-on."
01800,1,VERI-1072,"Cascade error: compilation aborted/continued after earlier errors; this module/construct was ignored as a follow-on."
01803,1,VERI-1072,"Cascade error: compilation aborted/continued after earlier errors; this module/construct was ignored as a follow-on."
01804,1,VERI-1072,"Cascade error: compilation aborted/continued after earlier errors; this module/construct was ignored as a follow-on."
01812,1,VERI-1072,"Cascade error: compilation aborted/continued after earlier errors; this module/construct was ignored as a follow-on."
01818,1,VERI-1072,"Cascade error: compilation aborted/continued after earlier errors; this module/construct was ignored as a follow-on."
01821,1,VERI-1072,"Cascade error: compilation aborted/continued after earlier errors; this module/construct was ignored as a follow-on."
01831,1,VERI-1072,"Cascade error: compilation aborted/continued after earlier errors; this module/construct was ignored as a follow-on."
01834,1,VERI-1072,"Cascade error: compilation aborted/continued after earlier errors; this module/construct was ignored as a follow-on."
01848,1,VERI-1072,"Cascade error: compilation aborted/continued after earlier errors; this module/construct was ignored as a follow-on."
01849,1,VERI-1072,"Cascade error: compilation aborted/continued after earlier errors; this module/construct was ignored as a follow-on."
01850,1,VERI-1072,"Cascade error: compilation aborted/continued after earlier errors; this module/construct was ignored as a follow-on."
01856,1,VERI-1072,"Cascade error: compilation aborted/continued after earlier errors; this module/construct was ignored as a follow-on."
01862,1,VERI-1072,"Cascade error: compilation aborted/continued after earlier errors; this module/construct was ignored as a follow-on."
01863,1,VERI-1072,"Cascade error: compilation aborted/continued after earlier errors; this module/construct was ignored as a follow-on."
01865,1,VERI-1072,"Cascade error: compilation aborted/continued after earlier errors; this module/construct was ignored as a follow-on."
01867,1,VERI-1072,"Cascade error: compilation aborted/continued after earlier errors; this module/construct was ignored as a follow-on."
01870,1,VERI-1072,"Cascade error: compilation aborted/continued after earlier errors; this module/construct was ignored as a follow-on."
01873,1,VERI-1072,"Cascade error: compilation aborted/continued after earlier errors; this module/construct was ignored as a follow-on."
01877,1,VERI-1072,"Cascade error: compilation aborted/continued after earlier errors; this module/construct was ignored as a follow-on."
01887,1,VERI-1072,"Cascade error: compilation aborted/continued after earlier errors; this module/construct was ignored as a follow-on."
01892,1,VERI-1072,"Cascade error: compilation aborted/continued after earlier errors; this module/construct was ignored as a follow-on."
01898,1,VERI-1072,"Cascade error: compilation aborted/continued after earlier errors; this module/construct was ignored as a follow-on."
01902,1,VERI-1072,"Cascade error: compilation aborted/continued after earlier errors; this module/construct was ignored as a follow-on."
01917,1,VERI-1072,"Cascade error: compilation aborted/continued after earlier errors; this module/construct was ignored as a follow-on."
01918,1,VERI-1072,"Cascade error: compilation aborted/continued after earlier errors; this module/construct was ignored as a follow-on."
01920,1,VERI-1072,"Cascade error: compilation aborted/continued after earlier errors; this module/construct was ignored as a follow-on."
01926,1,VERI-1072,"Cascade error: compilation aborted/continued after earlier errors; this module/construct was ignored as a follow-on."
01930,1,VERI-1072,"Cascade error: compilation aborted/continued after earlier errors; this module/construct was ignored as a follow-on."
01932,1,VERI-1072,"Cascade error: compilation aborted/continued after earlier errors; this module/construct was ignored as a follow-on."
01950,1,VERI-1072,"Cascade error: compilation aborted/continued after earlier errors; this module/construct was ignored as a follow-on."
01953,1,VERI-1072,"Cascade error: compilation aborted/continued after earlier errors; this module/construct was ignored as a follow-on."
01957,1,VERI-1072,"Cascade error: compilation aborted/continued after earlier errors; this module/construct was ignored as a follow-on."
01960,1,VERI-1072,"Cascade error: compilation aborted/continued after earlier errors; this module/construct was ignored as a follow-on."
01971,1,VERI-1072,"Cascade error: compilation aborted/continued after earlier errors; this module/construct was ignored as a follow-on."
01973,1,VERI-1072,"Cascade error: compilation aborted/continued after earlier errors; this module/construct was ignored as a follow-on."
01974,1,VERI-1072,"Cascade error: compilation aborted/continued after earlier errors; this module/construct was ignored as a follow-on."
01984,1,VERI-1072,"Cascade error: compilation aborted/continued after earlier errors; this module/construct was ignored as a follow-on."
01986,1,VERI-1072,"Cascade error: compilation aborted/continued after earlier errors; this module/construct was ignored as a follow-on."
01988,1,VERI-1072,"Cascade error: compilation aborted/continued after earlier errors; this module/construct was ignored as a follow-on."
01994,1,VERI-1072,"Cascade error: compilation aborted/continued after earlier errors; this module/construct was ignored as a follow-on."
02008,1,VERI-1072,"Cascade error: compilation aborted/continued after earlier errors; this module/construct was ignored as a follow-on."
02023,1,VERI-1072,"Cascade error: compilation aborted/continued after earlier errors; this module/construct was ignored as a follow-on."
02032,1,VERI-1072,"Cascade error: compilation aborted/continued after earlier errors; this module/construct was ignored as a follow-on."
02034,1,VERI-1072,"Cascade error: compilation aborted/continued after earlier errors; this module/construct was ignored as a follow-on."
02040,1,VERI-1072,"Cascade error: compilation aborted/continued after earlier errors; this module/construct was ignored as a follow-on."
02045,1,VERI-1072,"Cascade error: compilation aborted/continued after earlier errors; this module/construct was ignored as a follow-on."
02046,1,VERI-1072,"Cascade error: compilation aborted/continued after earlier errors; this module/construct was ignored as a follow-on."
02054,1,VERI-1072,"Cascade error: compilation aborted/continued after earlier errors; this module/construct was ignored as a follow-on."
02055,1,VERI-1072,"Cascade error: compilation aborted/continued after earlier errors; this module/construct was ignored as a follow-on."
02060,1,VERI-1072,"Cascade error: compilation aborted/continued after earlier errors; this module/construct was ignored as a follow-on."
02064,1,VERI-1072,"Cascade error: compilation aborted/continued after earlier errors; this module/construct was ignored as a follow-on."
02068,1,VERI-1072,"Cascade error: compilation aborted/continued after earlier errors; this module/construct was ignored as a follow-on."
02078,1,VERI-1072,"Cascade error: compilation aborted/continued after earlier errors; this module/construct was ignored as a follow-on."
02100,1,VERI-1072,"Cascade error: compilation aborted/continued after earlier errors; this module/construct was ignored as a follow-on."
02104,1,VERI-1072,"Cascade error: compilation aborted/continued after earlier errors; this module/construct was ignored as a follow-on."
02105,1,VERI-1072,"Cascade error: compilation aborted/continued after earlier errors; this module/construct was ignored as a follow-on."
02106,1,VERI-1072,"Cascade error: compilation aborted/continued after earlier errors; this module/construct was ignored as a follow-on."
02111,1,VERI-1072,"Cascade error: compilation aborted/continued after earlier errors; this module/construct was ignored as a follow-on."
02120,1,VERI-1072,"Cascade error: compilation aborted/continued after earlier errors; this module/construct was ignored as a follow-on."
02123,1,VERI-1072,"Cascade error: compilation aborted/continued after earlier errors; this module/construct was ignored as a follow-on."
02126,1,VERI-1072,"Cascade error: compilation aborted/continued after earlier errors; this module/construct was ignored as a follow-on."
02143,1,VERI-1072,"Cascade error: compilation aborted/continued after earlier errors; this module/construct was ignored as a follow-on."
02145,1,VERI-1072,"Cascade error: compilation aborted/continued after earlier errors; this module/construct was ignored as a follow-on."
02146,1,VERI-1072,"Cascade error: compilation aborted/continued after earlier errors; this module/construct was ignored as a follow-on."
02148,1,VERI-1072,"Cascade error: compilation aborted/continued after earlier errors; this module/construct was ignored as a follow-on."
02153,1,VERI-1072,"Cascade error: compilation aborted/continued after earlier errors; this module/construct was ignored as a follow-on."
02155,1,VERI-1072,"Cascade error: compilation aborted/continued after earlier errors; this module/construct was ignored as a follow-on."
02159,1,VERI-1072,"Cascade error: compilation aborted/continued after earlier errors; this module/construct was ignored as a follow-on."
02161,1,VERI-1072,"Cascade error: compilation aborted/continued after earlier errors; this module/construct was ignored as a follow-on."
02165,1,VERI-1072,"Cascade error: compilation aborted/continued after earlier errors; this module/construct was ignored as a follow-on."
02166,1,VERI-1072,"Cascade error: compilation aborted/continued after earlier errors; this module/construct was ignored as a follow-on."
02171,1,VERI-1072,"Cascade error: compilation aborted/continued after earlier errors; this module/construct was ignored as a follow-on."
02174,1,VERI-1072,"Cascade error: compilation aborted/continued after earlier errors; this module/construct was ignored as a follow-on."
02175,1,VERI-1072,"Cascade error: compilation aborted/continued after earlier errors; this module/construct was ignored as a follow-on."
02187,1,VERI-1072,"Cascade error: compilation aborted/continued after earlier errors; this module/construct was ignored as a follow-on."
02192,1,VERI-1072,"Cascade error: compilation aborted/continued after earlier errors; this module/construct was ignored as a follow-on."
02198,1,VERI-1072,"Cascade error: compilation aborted/continued after earlier errors; this module/construct was ignored as a follow-on."
02200,1,VERI-1072,"Cascade error: compilation aborted/continued after earlier errors; this module/construct was ignored as a follow-on."
02205,1,VERI-1072,"Cascade error: compilation aborted/continued after earlier errors; this module/construct was ignored as a follow-on."
02213,1,VERI-1072,"Cascade error: compilation aborted/continued after earlier errors; this module/construct was ignored as a follow-on."
02214,1,VERI-1072,"Cascade error: compilation aborted/continued after earlier errors; this module/construct was ignored as a follow-on."
02215,1,VERI-1072,"Cascade error: compilation aborted/continued after earlier errors; this module/construct was ignored as a follow-on."
02216,1,VERI-1072,"Cascade error: compilation aborted/continued after earlier errors; this module/construct was ignored as a follow-on."
02219,1,VERI-1072,"Cascade error: compilation aborted/continued after earlier errors; this module/construct was ignored as a follow-on."
02222,1,VERI-1072,"Cascade error: compilation aborted/continued after earlier errors; this module/construct was ignored as a follow-on."
02228,1,VERI-1072,"Cascade error: compilation aborted/continued after earlier errors; this module/construct was ignored as a follow-on."
02232,1,VERI-1072,"Cascade error: compilation aborted/continued after earlier errors; this module/construct was ignored as a follow-on."
02233,1,VERI-1072,"Cascade error: compilation aborted/continued after earlier errors; this module/construct was ignored as a follow-on."
02235,1,VERI-1072,"Cascade error: compilation aborted/continued after earlier errors; this module/construct was ignored as a follow-on."
02236,1,VERI-1072,"Cascade error: compilation aborted/continued after earlier errors; this module/construct was ignored as a follow-on."
02238,1,VERI-1072,"Cascade error: compilation aborted/continued after earlier errors; this module/construct was ignored as a follow-on."
02241,1,VERI-1072,"Cascade error: compilation aborted/continued after earlier errors; this module/construct was ignored as a follow-on."
02253,1,VERI-1072,"Cascade error: compilation aborted/continued after earlier errors; this module/construct was ignored as a follow-on."
02261,1,VERI-1072,"Cascade error: compilation aborted/continued after earlier errors; this module/construct was ignored as a follow-on."
02263,1,VERI-1072,"Cascade error: compilation aborted/continued after earlier errors; this module/construct was ignored as a follow-on."
02271,1,VERI-1072,"Cascade error: compilation aborted/continued after earlier errors; this module/construct was ignored as a follow-on."
02274,1,VERI-1072,"Cascade error: compilation aborted/continued after earlier errors; this module/construct was ignored as a follow-on."
02281,1,VERI-1072,"Cascade error: compilation aborted/continued after earlier errors; this module/construct was ignored as a follow-on."
02282,1,VERI-1072,"Cascade error: compilation aborted/continued after earlier errors; this module/construct was ignored as a follow-on."
02294,1,VERI-1072,"Cascade error: compilation aborted/continued after earlier errors; this module/construct was ignored as a follow-on."
02311,1,VERI-1072,"Cascade error: compilation aborted/continued after earlier errors; this module/construct was ignored as a follow-on."
02312,1,VERI-1072,"Cascade error: compilation aborted/continued after earlier errors; this module/construct was ignored as a follow-on."
02324,1,VERI-1072,"Cascade error: compilation aborted/continued after earlier errors; this module/construct was ignored as a follow-on."
02325,1,VERI-1072,"Cascade error: compilation aborted/continued after earlier errors; this module/construct was ignored as a follow-on."
02331,1,VERI-1072,"Cascade error: compilation aborted/continued after earlier errors; this module/construct was ignored as a follow-on."
02337,1,VERI-1072,"Cascade error: compilation aborted/continued after earlier errors; this module/construct was ignored as a follow-on."
02345,1,VERI-1072,"Cascade error: compilation aborted/continued after earlier errors; this module/construct was ignored as a follow-on."
02346,1,VERI-1072,"Cascade error: compilation aborted/continued after earlier errors; this module/construct was ignored as a follow-on."
02349,1,VERI-1072,"Cascade error: compilation aborted/continued after earlier errors; this module/construct was ignored as a follow-on."
02356,1,VERI-1072,"Cascade error: compilation aborted/continued after earlier errors; this module/construct was ignored as a follow-on."
02359,1,VERI-1072,"Cascade error: compilation aborted/continued after earlier errors; this module/construct was ignored as a follow-on."
02363,1,VERI-1072,"Cascade error: compilation aborted/continued after earlier errors; this module/construct was ignored as a follow-on."
02367,1,VERI-1072,"Cascade error: compilation aborted/continued after earlier errors; this module/construct was ignored as a follow-on."
02373,1,VERI-1072,"Cascade error: compilation aborted/continued after earlier errors; this module/construct was ignored as a follow-on."
02374,1,VERI-1072,"Cascade error: compilation aborted/continued after earlier errors; this module/construct was ignored as a follow-on."
02379,1,VERI-1072,"Cascade error: compilation aborted/continued after earlier errors; this module/construct was ignored as a follow-on."
02381,1,VERI-1072,"Cascade error: compilation aborted/continued after earlier errors; this module/construct was ignored as a follow-on."
02384,1,VERI-1072,"Cascade error: compilation aborted/continued after earlier errors; this module/construct was ignored as a follow-on."
02397,1,VERI-1072,"Cascade error: compilation aborted/continued after earlier errors; this module/construct was ignored as a follow-on."
02411,1,VERI-1072,"Cascade error: compilation aborted/continued after earlier errors; this module/construct was ignored as a follow-on."
02413,1,VERI-1072,"Cascade error: compilation aborted/continued after earlier errors; this module/construct was ignored as a follow-on."
02416,1,VERI-1072,"Cascade error: compilation aborted/continued after earlier errors; this module/construct was ignored as a follow-on."
02421,1,VERI-1072,"Cascade error: compilation aborted/continued after earlier errors; this module/construct was ignored as a follow-on."
02423,1,VERI-1072,"Cascade error: compilation aborted/continued after earlier errors; this module/construct was ignored as a follow-on."
02435,1,VERI-1072,"Cascade error: compilation aborted/continued after earlier errors; this module/construct was ignored as a follow-on."
02440,1,VERI-1072,"Cascade error: compilation aborted/continued after earlier errors; this module/construct was ignored as a follow-on."
02445,1,VERI-1072,"Cascade error: compilation aborted/continued after earlier errors; this module/construct was ignored as a follow-on."
02446,1,VERI-1072,"Cascade error: compilation aborted/continued after earlier errors; this module/construct was ignored as a follow-on."
02448,1,VERI-1072,"Cascade error: compilation aborted/continued after earlier errors; this module/construct was ignored as a follow-on."
02449,1,VERI-1072,"Cascade error: compilation aborted/continued after earlier errors; this module/construct was ignored as a follow-on."
02452,1,VERI-1072,"Cascade error: compilation aborted/continued after earlier errors; this module/construct was ignored as a follow-on."
02454,1,VERI-1072,"Cascade error: compilation aborted/continued after earlier errors; this module/construct was ignored as a follow-on."
02455,1,VERI-1072,"Cascade error: compilation aborted/continued after earlier errors; this module/construct was ignored as a follow-on."
02460,1,VERI-1072,"Cascade error: compilation aborted/continued after earlier errors; this module/construct was ignored as a follow-on."
02462,1,VERI-1072,"Cascade error: compilation aborted/continued after earlier errors; this module/construct was ignored as a follow-on."
02464,1,VERI-1072,"Cascade error: compilation aborted/continued after earlier errors; this module/construct was ignored as a follow-on."
02467,1,VERI-1072,"Cascade error: compilation aborted/continued after earlier errors; this module/construct was ignored as a follow-on."
02474,1,VERI-1072,"Cascade error: compilation aborted/continued after earlier errors; this module/construct was ignored as a follow-on."
02479,1,VERI-1072,"Cascade error: compilation aborted/continued after earlier errors; this module/construct was ignored as a follow-on."
02487,1,VERI-1072,"Cascade error: compilation aborted/continued after earlier errors; this module/construct was ignored as a follow-on."
02502,1,VERI-1072,"Cascade error: compilation aborted/continued after earlier errors; this module/construct was ignored as a follow-on."
02503,1,VERI-1072,"Cascade error: compilation aborted/continued after earlier errors; this module/construct was ignored as a follow-on."
02507,1,VERI-1072,"Cascade error: compilation aborted/continued after earlier errors; this module/construct was ignored as a follow-on."
02519,1,VERI-1072,"Cascade error: compilation aborted/continued after earlier errors; this module/construct was ignored as a follow-on."
02524,1,VERI-1072,"Cascade error: compilation aborted/continued after earlier errors; this module/construct was ignored as a follow-on."
02525,1,VERI-1072,"Cascade error: compilation aborted/continued after earlier errors; this module/construct was ignored as a follow-on."
02541,1,VERI-1072,"Cascade error: compilation aborted/continued after earlier errors; this module/construct was ignored as a follow-on."
02548,1,VERI-1072,"Cascade error: compilation aborted/continued after earlier errors; this module/construct was ignored as a follow-on."
02554,1,VERI-1072,"Cascade error: compilation aborted/continued after earlier errors; this module/construct was ignored as a follow-on."
02560,1,VERI-1072,"Cascade error: compilation aborted/continued after earlier errors; this module/construct was ignored as a follow-on."
02570,1,VERI-1072,"Cascade error: compilation aborted/continued after earlier errors; this module/construct was ignored as a follow-on."
02575,1,VERI-1072,"Cascade error: compilation aborted/continued after earlier errors; this module/construct was ignored as a follow-on."
02584,1,VERI-1072,"Cascade error: compilation aborted/continued after earlier errors; this module/construct was ignored as a follow-on."
02589,1,VERI-1072,"Cascade error: compilation aborted/continued after earlier errors; this module/construct was ignored as a follow-on."
02592,1,VERI-1072,"Cascade error: compilation aborted/continued after earlier errors; this module/construct was ignored as a follow-on."
02601,1,VERI-1072,"Cascade error: compilation aborted/continued after earlier errors; this module/construct was ignored as a follow-on."
02606,1,VERI-1072,"Cascade error: compilation aborted/continued after earlier errors; this module/construct was ignored as a follow-on."
02607,1,VERI-1072,"Cascade error: compilation aborted/continued after earlier errors; this module/construct was ignored as a follow-on."
02614,1,VERI-1072,"Cascade error: compilation aborted/continued after earlier errors; this module/construct was ignored as a follow-on."
02629,1,VERI-1072,"Cascade error: compilation aborted/continued after earlier errors; this module/construct was ignored as a follow-on."
02636,1,VERI-1072,"Cascade error: compilation aborted/continued after earlier errors; this module/construct was ignored as a follow-on."
02637,1,VERI-1072,"Cascade error: compilation aborted/continued after earlier errors; this module/construct was ignored as a follow-on."
02638,1,VERI-1072,"Cascade error: compilation aborted/continued after earlier errors; this module/construct was ignored as a follow-on."
02647,1,VERI-1072,"Cascade error: compilation aborted/continued after earlier errors; this module/construct was ignored as a follow-on."
02652,1,VERI-1072,"Cascade error: compilation aborted/continued after earlier errors; this module/construct was ignored as a follow-on."
02670,1,VERI-1072,"Cascade error: compilation aborted/continued after earlier errors; this module/construct was ignored as a follow-on."
02676,1,VERI-1072,"Cascade error: compilation aborted/continued after earlier errors; this module/construct was ignored as a follow-on."
02682,1,VERI-1072,"Cascade error: compilation aborted/continued after earlier errors; this module/construct was ignored as a follow-on."
02684,1,VERI-1072,"Cascade error: compilation aborted/continued after earlier errors; this module/construct was ignored as a follow-on."
02687,1,VERI-1072,"Cascade error: compilation aborted/continued after earlier errors; this module/construct was ignored as a follow-on."
02688,1,VERI-1072,"Cascade error: compilation aborted/continued after earlier errors; this module/construct was ignored as a follow-on."
02699,1,VERI-1072,"Cascade error: compilation aborted/continued after earlier errors; this module/construct was ignored as a follow-on."
02702,1,VERI-1072,"Cascade error: compilation aborted/continued after earlier errors; this module/construct was ignored as a follow-on."
02708,1,VERI-1072,"Cascade error: compilation aborted/continued after earlier errors; this module/construct was ignored as a follow-on."
02723,1,VERI-1072,"Cascade error: compilation aborted/continued after earlier errors; this module/construct was ignored as a follow-on."
02725,1,VERI-1072,"Cascade error: compilation aborted/continued after earlier errors; this module/construct was ignored as a follow-on."
02734,1,VERI-1072,"Cascade error: compilation aborted/continued after earlier errors; this module/construct was ignored as a follow-on."
02746,1,VERI-1072,"Cascade error: compilation aborted/continued after earlier errors; this module/construct was ignored as a follow-on."
02756,1,VERI-1072,"Cascade error: compilation aborted/continued after earlier errors; this module/construct was ignored as a follow-on."
02757,1,VERI-1072,"Cascade error: compilation aborted/continued after earlier errors; this module/construct was ignored as a follow-on."
02758,1,VERI-1072,"Cascade error: compilation aborted/continued after earlier errors; this module/construct was ignored as a follow-on."
02759,1,VERI-1072,"Cascade error: compilation aborted/continued after earlier errors; this module/construct was ignored as a follow-on."
02760,1,VERI-1072,"Cascade error: compilation aborted/continued after earlier errors; this module/construct was ignored as a follow-on."
02761,1,VERI-1072,"Cascade error: compilation aborted/continued after earlier errors; this module/construct was ignored as a follow-on."
02766,1,VERI-1072,"Cascade error: compilation aborted/continued after earlier errors; this module/construct was ignored as a follow-on."
02767,1,VERI-1072,"Cascade error: compilation aborted/continued after earlier errors; this module/construct was ignored as a follow-on."
02776,1,VERI-1072,"Cascade error: compilation aborted/continued after earlier errors; this module/construct was ignored as a follow-on."
02781,1,VERI-1072,"Cascade error: compilation aborted/continued after earlier errors; this module/construct was ignored as a follow-on."
02786,1,VERI-1072,"Cascade error: compilation aborted/continued after earlier errors; this module/construct was ignored as a follow-on."
02787,1,VERI-1072,"Cascade error: compilation aborted/continued after earlier errors; this module/construct was ignored as a follow-on."
02792,1,VERI-1072,"Cascade error: compilation aborted/continued after earlier errors; this module/construct was ignored as a follow-on."
02801,1,VERI-1072,"Cascade error: compilation aborted/continued after earlier errors; this module/construct was ignored as a follow-on."
02803,1,VERI-1072,"Cascade error: compilation aborted/continued after earlier errors; this module/construct was ignored as a follow-on."
02804,1,VERI-1072,"Cascade error: compilation aborted/continued after earlier errors; this module/construct was ignored as a follow-on."
02808,1,VERI-1072,"Cascade error: compilation aborted/continued after earlier errors; this module/construct was ignored as a follow-on."
02814,1,VERI-1072,"Cascade error: compilation aborted/continued after earlier errors; this module/construct was ignored as a follow-on."
02822,1,VERI-1072,"Cascade error: compilation aborted/continued after earlier errors; this module/construct was ignored as a follow-on."
02826,1,VERI-1072,"Cascade error: compilation aborted/continued after earlier errors; this module/construct was ignored as a follow-on."
02831,1,VERI-1072,"Cascade error: compilation aborted/continued after earlier errors; this module/construct was ignored as a follow-on."
02840,1,VERI-1072,"Cascade error: compilation aborted/continued after earlier errors; this module/construct was ignored as a follow-on."
02841,1,VERI-1072,"Cascade error: compilation aborted/continued after earlier errors; this module/construct was ignored as a follow-on."
02846,1,VERI-1072,"Cascade error: compilation aborted/continued after earlier errors; this module/construct was ignored as a follow-on."
02847,1,VERI-1072,"Cascade error: compilation aborted/continued after earlier errors; this module/construct was ignored as a follow-on."
02848,1,VERI-1072,"Cascade error: compilation aborted/continued after earlier errors; this module/construct was ignored as a follow-on."
02849,1,VERI-1072,"Cascade error: compilation aborted/continued after earlier errors; this module/construct was ignored as a follow-on."
02856,1,VERI-1072,"Cascade error: compilation aborted/continued after earlier errors; this module/construct was ignored as a follow-on."
02870,1,VERI-1072,"Cascade error: compilation aborted/continued after earlier errors; this module/construct was ignored as a follow-on."
02871,1,VERI-1072,"Cascade error: compilation aborted/continued after earlier errors; this module/construct was ignored as a follow-on."
02874,1,VERI-1072,"Cascade error: compilation aborted/continued after earlier errors; this module/construct was ignored as a follow-on."
02880,1,VERI-1072,"Cascade error: compilation aborted/continued after earlier errors; this module/construct was ignored as a follow-on."
02884,1,VERI-1072,"Cascade error: compilation aborted/continued after earlier errors; this module/construct was ignored as a follow-on."
02894,1,VERI-1072,"Cascade error: compilation aborted/continued after earlier errors; this module/construct was ignored as a follow-on."
02895,1,VERI-1072,"Cascade error: compilation aborted/continued after earlier errors; this module/construct was ignored as a follow-on."
02896,1,VERI-1072,"Cascade error: compilation aborted/continued after earlier errors; this module/construct was ignored as a follow-on."
02902,1,VERI-1072,"Cascade error: compilation aborted/continued after earlier errors; this module/construct was ignored as a follow-on."
02903,1,VERI-1072,"Cascade error: compilation aborted/continued after earlier errors; this module/construct was ignored as a follow-on."
02908,1,VERI-1072,"Cascade error: compilation aborted/continued after earlier errors; this module/construct was ignored as a follow-on."
02909,1,VERI-1072,"Cascade error: compilation aborted/continued after earlier errors; this module/construct was ignored as a follow-on."
02910,1,VERI-1072,"Cascade error: compilation aborted/continued after earlier errors; this module/construct was ignored as a follow-on."
02911,1,VERI-1072,"Cascade error: compilation aborted/continued after earlier errors; this module/construct was ignored as a follow-on."
02923,1,VERI-1072,"Cascade error: compilation aborted/continued after earlier errors; this module/construct was ignored as a follow-on."
02924,1,VERI-1072,"Cascade error: compilation aborted/continued after earlier errors; this module/construct was ignored as a follow-on."
02929,1,VERI-1072,"Cascade error: compilation aborted/continued after earlier errors; this module/construct was ignored as a follow-on."
02933,1,VERI-1072,"Cascade error: compilation aborted/continued after earlier errors; this module/construct was ignored as a follow-on."
02935,1,VERI-1072,"Cascade error: compilation aborted/continued after earlier errors; this module/construct was ignored as a follow-on."
02937,1,VERI-1072,"Cascade error: compilation aborted/continued after earlier errors; this module/construct was ignored as a follow-on."
02940,1,VERI-1072,"Cascade error: compilation aborted/continued after earlier errors; this module/construct was ignored as a follow-on."
02944,1,VERI-1072,"Cascade error: compilation aborted/continued after earlier errors; this module/construct was ignored as a follow-on."
02948,1,VERI-1072,"Cascade error: compilation aborted/continued after earlier errors; this module/construct was ignored as a follow-on."
02959,1,VERI-1072,"Cascade error: compilation aborted/continued after earlier errors; this module/construct was ignored as a follow-on."
02962,1,VERI-1072,"Cascade error: compilation aborted/continued after earlier errors; this module/construct was ignored as a follow-on."
02965,1,VERI-1072,"Cascade error: compilation aborted/continued after earlier errors; this module/construct was ignored as a follow-on."
02966,1,VERI-1072,"Cascade error: compilation aborted/continued after earlier errors; this module/construct was ignored as a follow-on."
02968,1,VERI-1072,"Cascade error: compilation aborted/continued after earlier errors; this module/construct was ignored as a follow-on."
02982,1,VERI-1072,"Cascade error: compilation aborted/continued after earlier errors; this module/construct was ignored as a follow-on."
02990,1,VERI-1072,"Cascade error: compilation aborted/continued after earlier errors; this module/construct was ignored as a follow-on."
03007,1,VERI-1072,"Cascade error: compilation aborted/continued after earlier errors; this module/construct was ignored as a follow-on."
03010,1,VERI-1072,"Cascade error: compilation aborted/continued after earlier errors; this module/construct was ignored as a follow-on."
03011,1,VERI-1072,"Cascade error: compilation aborted/continued after earlier errors; this module/construct was ignored as a follow-on."
03019,1,VERI-1072,"Cascade error: compilation aborted/continued after earlier errors; this module/construct was ignored as a follow-on."
03022,1,VERI-1072,"Cascade error: compilation aborted/continued after earlier errors; this module/construct was ignored as a follow-on."
03029,1,VERI-1072,"Cascade error: compilation aborted/continued after earlier errors; this module/construct was ignored as a follow-on."
03032,1,VERI-1072,"Cascade error: compilation aborted/continued after earlier errors; this module/construct was ignored as a follow-on."
03033,1,VERI-1072,"Cascade error: compilation aborted/continued after earlier errors; this module/construct was ignored as a follow-on."
03038,1,VERI-1072,"Cascade error: compilation aborted/continued after earlier errors; this module/construct was ignored as a follow-on."
03042,1,VERI-1072,"Cascade error: compilation aborted/continued after earlier errors; this module/construct was ignored as a follow-on."
03045,1,VERI-1072,"Cascade error: compilation aborted/continued after earlier errors; this module/construct was ignored as a follow-on."
03048,1,VERI-1072,"Cascade error: compilation aborted/continued after earlier errors; this module/construct was ignored as a follow-on."
03050,1,VERI-1072,"Cascade error: compilation aborted/continued after earlier errors; this module/construct was ignored as a follow-on."
03053,1,VERI-1072,"Cascade error: compilation aborted/continued after earlier errors; this module/construct was ignored as a follow-on."
03057,1,VERI-1072,"Cascade error: compilation aborted/continued after earlier errors; this module/construct was ignored as a follow-on."
03059,1,VERI-1072,"Cascade error: compilation aborted/continued after earlier errors; this module/construct was ignored as a follow-on."
03066,1,VERI-1072,"Cascade error: compilation aborted/continued after earlier errors; this module/construct was ignored as a follow-on."
03069,1,VERI-1072,"Cascade error: compilation aborted/continued after earlier errors; this module/construct was ignored as a follow-on."
03072,1,VERI-1072,"Cascade error: compilation aborted/continued after earlier errors; this module/construct was ignored as a follow-on."
03081,1,VERI-1072,"Cascade error: compilation aborted/continued after earlier errors; this module/construct was ignored as a follow-on."
03089,1,VERI-1072,"Cascade error: compilation aborted/continued after earlier errors; this module/construct was ignored as a follow-on."
03099,1,VERI-1072,"Cascade error: compilation aborted/continued after earlier errors; this module/construct was ignored as a follow-on."
03109,1,VERI-1072,"Cascade error: compilation aborted/continued after earlier errors; this module/construct was ignored as a follow-on."
03111,1,VERI-1072,"Cascade error: compilation aborted/continued after earlier errors; this module/construct was ignored as a follow-on."
03127,1,VERI-1072,"Cascade error: compilation aborted/continued after earlier errors; this module/construct was ignored as a follow-on."
03134,1,VERI-1072,"Cascade error: compilation aborted/continued after earlier errors; this module/construct was ignored as a follow-on."
03137,1,VERI-1072,"Cascade error: compilation aborted/continued after earlier errors; this module/construct was ignored as a follow-on."
03141,1,VERI-1072,"Cascade error: compilation aborted/continued after earlier errors; this module/construct was ignored as a follow-on."
03142,1,VERI-1072,"Cascade error: compilation aborted/continued after earlier errors; this module/construct was ignored as a follow-on."
03146,1,VERI-1072,"Cascade error: compilation aborted/continued after earlier errors; this module/construct was ignored as a follow-on."
03149,1,VERI-1072,"Cascade error: compilation aborted/continued after earlier errors; this module/construct was ignored as a follow-on."
03156,1,VERI-1072,"Cascade error: compilation aborted/continued after earlier errors; this module/construct was ignored as a follow-on."
03159,1,VERI-1072,"Cascade error: compilation aborted/continued after earlier errors; this module/construct was ignored as a follow-on."
03170,1,VERI-1072,"Cascade error: compilation aborted/continued after earlier errors; this module/construct was ignored as a follow-on."
03175,1,VERI-1072,"Cascade error: compilation aborted/continued after earlier errors; this module/construct was ignored as a follow-on."
03176,1,VERI-1072,"Cascade error: compilation aborted/continued after earlier errors; this module/construct was ignored as a follow-on."
03178,1,VERI-1072,"Cascade error: compilation aborted/continued after earlier errors; this module/construct was ignored as a follow-on."
03187,1,VERI-1072,"Cascade error: compilation aborted/continued after earlier errors; this module/construct was ignored as a follow-on."
03188,1,VERI-1072,"Cascade error: compilation aborted/continued after earlier errors; this module/construct was ignored as a follow-on."
03190,1,VERI-1072,"Cascade error: compilation aborted/continued after earlier errors; this module/construct was ignored as a follow-on."
03192,1,VERI-1072,"Cascade error: compilation aborted/continued after earlier errors; this module/construct was ignored as a follow-on."
03197,1,VERI-1072,"Cascade error: compilation aborted/continued after earlier errors; this module/construct was ignored as a follow-on."
03200,1,VERI-1072,"Cascade error: compilation aborted/continued after earlier errors; this module/construct was ignored as a follow-on."
03207,1,VERI-1072,"Cascade error: compilation aborted/continued after earlier errors; this module/construct was ignored as a follow-on."
03208,1,VERI-1072,"Cascade error: compilation aborted/continued after earlier errors; this module/construct was ignored as a follow-on."
03212,1,VERI-1072,"Cascade error: compilation aborted/continued after earlier errors; this module/construct was ignored as a follow-on."
03216,1,VERI-1072,"Cascade error: compilation aborted/continued after earlier errors; this module/construct was ignored as a follow-on."
03221,1,VERI-1072,"Cascade error: compilation aborted/continued after earlier errors; this module/construct was ignored as a follow-on."
03228,1,VERI-1072,"Cascade error: compilation aborted/continued after earlier errors; this module/construct was ignored as a follow-on."
03230,1,VERI-1072,"Cascade error: compilation aborted/continued after earlier errors; this module/construct was ignored as a follow-on."
03231,1,VERI-1072,"Cascade error: compilation aborted/continued after earlier errors; this module/construct was ignored as a follow-on."
03240,1,VERI-1072,"Cascade error: compilation aborted/continued after earlier errors; this module/construct was ignored as a follow-on."
03247,1,VERI-1072,"Cascade error: compilation aborted/continued after earlier errors; this module/construct was ignored as a follow-on."
03250,1,VERI-1072,"Cascade error: compilation aborted/continued after earlier errors; this module/construct was ignored as a follow-on."
03255,1,VERI-1072,"Cascade error: compilation aborted/continued after earlier errors; this module/construct was ignored as a follow-on."
03257,1,VERI-1072,"Cascade error: compilation aborted/continued after earlier errors; this module/construct was ignored as a follow-on."
03262,1,VERI-1072,"Cascade error: compilation aborted/continued after earlier errors; this module/construct was ignored as a follow-on."
03264,1,VERI-1072,"Cascade error: compilation aborted/continued after earlier errors; this module/construct was ignored as a follow-on."
03272,1,VERI-1072,"Cascade error: compilation aborted/continued after earlier errors; this module/construct was ignored as a follow-on."
03275,1,VERI-1072,"Cascade error: compilation aborted/continued after earlier errors; this module/construct was ignored as a follow-on."
03281,1,VERI-1072,"Cascade error: compilation aborted/continued after earlier errors; this module/construct was ignored as a follow-on."
03283,1,VERI-1072,"Cascade error: compilation aborted/continued after earlier errors; this module/construct was ignored as a follow-on."
03294,1,VERI-1072,"Cascade error: compilation aborted/continued after earlier errors; this module/construct was ignored as a follow-on."
03297,1,VERI-1072,"Cascade error: compilation aborted/continued after earlier errors; this module/construct was ignored as a follow-on."
03298,1,VERI-1072,"Cascade error: compilation aborted/continued after earlier errors; this module/construct was ignored as a follow-on."
03319,1,VERI-1072,"Cascade error: compilation aborted/continued after earlier errors; this module/construct was ignored as a follow-on."
03324,1,VERI-1072,"Cascade error: compilation aborted/continued after earlier errors; this module/construct was ignored as a follow-on."
03326,1,VERI-1072,"Cascade error: compilation aborted/continued after earlier errors; this module/construct was ignored as a follow-on."
03328,1,VERI-1072,"Cascade error: compilation aborted/continued after earlier errors; this module/construct was ignored as a follow-on."
03330,1,VERI-1072,"Cascade error: compilation aborted/continued after earlier errors; this module/construct was ignored as a follow-on."
03332,1,VERI-1072,"Cascade error: compilation aborted/continued after earlier errors; this module/construct was ignored as a follow-on."
03335,1,VERI-1072,"Cascade error: compilation aborted/continued after earlier errors; this module/construct was ignored as a follow-on."
03337,1,VERI-1072,"Cascade error: compilation aborted/continued after earlier errors; this module/construct was ignored as a follow-on."
03339,1,VERI-1072,"Cascade error: compilation aborted/continued after earlier errors; this module/construct was ignored as a follow-on."
03356,1,VERI-1072,"Cascade error: compilation aborted/continued after earlier errors; this module/construct was ignored as a follow-on."
03359,1,VERI-1072,"Cascade error: compilation aborted/continued after earlier errors; this module/construct was ignored as a follow-on."
03365,1,VERI-1072,"Cascade error: compilation aborted/continued after earlier errors; this module/construct was ignored as a follow-on."
03367,1,VERI-1072,"Cascade error: compilation aborted/continued after earlier errors; this module/construct was ignored as a follow-on."
03369,1,VERI-1072,"Cascade error: compilation aborted/continued after earlier errors; this module/construct was ignored as a follow-on."
03372,1,VERI-1072,"Cascade error: compilation aborted/continued after earlier errors; this module/construct was ignored as a follow-on."
03375,1,VERI-1072,"Cascade error: compilation aborted/continued after earlier errors; this module/construct was ignored as a follow-on."
03378,1,VERI-1072,"Cascade error: compilation aborted/continued after earlier errors; this module/construct was ignored as a follow-on."
03382,1,VERI-1072,"Cascade error: compilation aborted/continued after earlier errors; this module/construct was ignored as a follow-on."
03385,1,VERI-1072,"Cascade error: compilation aborted/continued after earlier errors; this module/construct was ignored as a follow-on."
03394,1,VERI-1072,"Cascade error: compilation aborted/continued after earlier errors; this module/construct was ignored as a follow-on."
03395,1,VERI-1072,"Cascade error: compilation aborted/continued after earlier errors; this module/construct was ignored as a follow-on."
03398,1,VERI-1072,"Cascade error: compilation aborted/continued after earlier errors; this module/construct was ignored as a follow-on."
03401,1,VERI-1072,"Cascade error: compilation aborted/continued after earlier errors; this module/construct was ignored as a follow-on."
03407,1,VERI-1072,"Cascade error: compilation aborted/continued after earlier errors; this module/construct was ignored as a follow-on."
03411,1,VERI-1072,"Cascade error: compilation aborted/continued after earlier errors; this module/construct was ignored as a follow-on."
03414,1,VERI-1072,"Cascade error: compilation aborted/continued after earlier errors; this module/construct was ignored as a follow-on."
03416,1,VERI-1072,"Cascade error: compilation aborted/continued after earlier errors; this module/construct was ignored as a follow-on."
03424,1,VERI-1072,"Cascade error: compilation aborted/continued after earlier errors; this module/construct was ignored as a follow-on."
03432,1,VERI-1072,"Cascade error: compilation aborted/continued after earlier errors; this module/construct was ignored as a follow-on."
03441,1,VERI-1072,"Cascade error: compilation aborted/continued after earlier errors; this module/construct was ignored as a follow-on."
03445,1,VERI-1072,"Cascade error: compilation aborted/continued after earlier errors; this module/construct was ignored as a follow-on."
03452,1,VERI-1072,"Cascade error: compilation aborted/continued after earlier errors; this module/construct was ignored as a follow-on."
03453,1,VERI-1072,"Cascade error: compilation aborted/continued after earlier errors; this module/construct was ignored as a follow-on."
03454,1,VERI-1072,"Cascade error: compilation aborted/continued after earlier errors; this module/construct was ignored as a follow-on."
03457,1,VERI-1072,"Cascade error: compilation aborted/continued after earlier errors; this module/construct was ignored as a follow-on."
03464,1,VERI-1072,"Cascade error: compilation aborted/continued after earlier errors; this module/construct was ignored as a follow-on."
03467,1,VERI-1072,"Cascade error: compilation aborted/continued after earlier errors; this module/construct was ignored as a follow-on."
03468,1,VERI-1072,"Cascade error: compilation aborted/continued after earlier errors; this module/construct was ignored as a follow-on."
03470,1,VERI-1072,"Cascade error: compilation aborted/continued after earlier errors; this module/construct was ignored as a follow-on."
03471,1,VERI-1072,"Cascade error: compilation aborted/continued after earlier errors; this module/construct was ignored as a follow-on."
03472,1,VERI-1072,"Cascade error: compilation aborted/continued after earlier errors; this module/construct was ignored as a follow-on."
03473,1,VERI-1072,"Cascade error: compilation aborted/continued after earlier errors; this module/construct was ignored as a follow-on."
03476,1,VERI-1072,"Cascade error: compilation aborted/continued after earlier errors; this module/construct was ignored as a follow-on."
03486,1,VERI-1072,"Cascade error: compilation aborted/continued after earlier errors; this module/construct was ignored as a follow-on."
03488,1,VERI-1072,"Cascade error: compilation aborted/continued after earlier errors; this module/construct was ignored as a follow-on."
03492,1,VERI-1072,"Cascade error: compilation aborted/continued after earlier errors; this module/construct was ignored as a follow-on."
03497,1,VERI-1072,"Cascade error: compilation aborted/continued after earlier errors; this module/construct was ignored as a follow-on."
03504,1,VERI-1072,"Cascade error: compilation aborted/continued after earlier errors; this module/construct was ignored as a follow-on."
03507,1,VERI-1072,"Cascade error: compilation aborted/continued after earlier errors; this module/construct was ignored as a follow-on."
03510,1,VERI-1072,"Cascade error: compilation aborted/continued after earlier errors; this module/construct was ignored as a follow-on."
03515,1,VERI-1072,"Cascade error: compilation aborted/continued after earlier errors; this module/construct was ignored as a follow-on."
03517,1,VERI-1072,"Cascade error: compilation aborted/continued after earlier errors; this module/construct was ignored as a follow-on."
03518,1,VERI-1072,"Cascade error: compilation aborted/continued after earlier errors; this module/construct was ignored as a follow-on."
03523,1,VERI-1072,"Cascade error: compilation aborted/continued after earlier errors; this module/construct was ignored as a follow-on."
03528,1,VERI-1072,"Cascade error: compilation aborted/continued after earlier errors; this module/construct was ignored as a follow-on."
03542,1,VERI-1072,"Cascade error: compilation aborted/continued after earlier errors; this module/construct was ignored as a follow-on."
03545,1,VERI-1072,"Cascade error: compilation aborted/continued after earlier errors; this module/construct was ignored as a follow-on."
03553,1,VERI-1072,"Cascade error: compilation aborted/continued after earlier errors; this module/construct was ignored as a follow-on."
03554,1,VERI-1072,"Cascade error: compilation aborted/continued after earlier errors; this module/construct was ignored as a follow-on."
03556,1,VERI-1072,"Cascade error: compilation aborted/continued after earlier errors; this module/construct was ignored as a follow-on."
03562,1,VERI-1072,"Cascade error: compilation aborted/continued after earlier errors; this module/construct was ignored as a follow-on."
03563,1,VERI-1072,"Cascade error: compilation aborted/continued after earlier errors; this module/construct was ignored as a follow-on."
03565,1,VERI-1072,"Cascade error: compilation aborted/continued after earlier errors; this module/construct was ignored as a follow-on."
03567,1,VERI-1072,"Cascade error: compilation aborted/continued after earlier errors; this module/construct was ignored as a follow-on."
03573,1,VERI-1072,"Cascade error: compilation aborted/continued after earlier errors; this module/construct was ignored as a follow-on."
03574,1,VERI-1072,"Cascade error: compilation aborted/continued after earlier errors; this module/construct was ignored as a follow-on."
03576,1,VERI-1072,"Cascade error: compilation aborted/continued after earlier errors; this module/construct was ignored as a follow-on."
03580,1,VERI-1072,"Cascade error: compilation aborted/continued after earlier errors; this module/construct was ignored as a follow-on."
03587,1,VERI-1072,"Cascade error: compilation aborted/continued after earlier errors; this module/construct was ignored as a follow-on."
03593,1,VERI-1072,"Cascade error: compilation aborted/continued after earlier errors; this module/construct was ignored as a follow-on."
03602,1,VERI-1072,"Cascade error: compilation aborted/continued after earlier errors; this module/construct was ignored as a follow-on."
03605,1,VERI-1072,"Cascade error: compilation aborted/continued after earlier errors; this module/construct was ignored as a follow-on."
03610,1,VERI-1072,"Cascade error: compilation aborted/continued after earlier errors; this module/construct was ignored as a follow-on."
03614,1,VERI-1072,"Cascade error: compilation aborted/continued after earlier errors; this module/construct was ignored as a follow-on."
03619,1,VERI-1072,"Cascade error: compilation aborted/continued after earlier errors; this module/construct was ignored as a follow-on."
03621,1,VERI-1072,"Cascade error: compilation aborted/continued after earlier errors; this module/construct was ignored as a follow-on."
03622,1,VERI-1072,"Cascade error: compilation aborted/continued after earlier errors; this module/construct was ignored as a follow-on."
03632,1,VERI-1072,"Cascade error: compilation aborted/continued after earlier errors; this module/construct was ignored as a follow-on."
03633,1,VERI-1072,"Cascade error: compilation aborted/continued after earlier errors; this module/construct was ignored as a follow-on."
03642,1,VERI-1072,"Cascade error: compilation aborted/continued after earlier errors; this module/construct was ignored as a follow-on."
03650,1,VERI-1072,"Cascade error: compilation aborted/continued after earlier errors; this module/construct was ignored as a follow-on."
03655,1,VERI-1072,"Cascade error: compilation aborted/continued after earlier errors; this module/construct was ignored as a follow-on."
03659,1,VERI-1072,"Cascade error: compilation aborted/continued after earlier errors; this module/construct was ignored as a follow-on."
03661,1,VERI-1072,"Cascade error: compilation aborted/continued after earlier errors; this module/construct was ignored as a follow-on."
03678,1,VERI-1072,"Cascade error: compilation aborted/continued after earlier errors; this module/construct was ignored as a follow-on."
03682,1,VERI-1072,"Cascade error: compilation aborted/continued after earlier errors; this module/construct was ignored as a follow-on."
03685,1,VERI-1072,"Cascade error: compilation aborted/continued after earlier errors; this module/construct was ignored as a follow-on."
03687,1,VERI-1072,"Cascade error: compilation aborted/continued after earlier errors; this module/construct was ignored as a follow-on."
03694,1,VERI-1072,"Cascade error: compilation aborted/continued after earlier errors; this module/construct was ignored as a follow-on."
03708,1,VERI-1072,"Cascade error: compilation aborted/continued after earlier errors; this module/construct was ignored as a follow-on."
03713,1,VERI-1072,"Cascade error: compilation aborted/continued after earlier errors; this module/construct was ignored as a follow-on."
03714,1,VERI-1072,"Cascade error: compilation aborted/continued after earlier errors; this module/construct was ignored as a follow-on."
03742,1,VERI-1072,"Cascade error: compilation aborted/continued after earlier errors; this module/construct was ignored as a follow-on."
03748,1,VERI-1072,"Cascade error: compilation aborted/continued after earlier errors; this module/construct was ignored as a follow-on."
03749,1,VERI-1072,"Cascade error: compilation aborted/continued after earlier errors; this module/construct was ignored as a follow-on."
03751,1,VERI-1072,"Cascade error: compilation aborted/continued after earlier errors; this module/construct was ignored as a follow-on."
03757,1,VERI-1072,"Cascade error: compilation aborted/continued after earlier errors; this module/construct was ignored as a follow-on."
03758,1,VERI-1072,"Cascade error: compilation aborted/continued after earlier errors; this module/construct was ignored as a follow-on."
03759,1,VERI-1072,"Cascade error: compilation aborted/continued after earlier errors; this module/construct was ignored as a follow-on."
03761,1,VERI-1072,"Cascade error: compilation aborted/continued after earlier errors; this module/construct was ignored as a follow-on."
03771,1,VERI-1072,"Cascade error: compilation aborted/continued after earlier errors; this module/construct was ignored as a follow-on."
03780,1,VERI-1072,"Cascade error: compilation aborted/continued after earlier errors; this module/construct was ignored as a follow-on."
03785,1,VERI-1072,"Cascade error: compilation aborted/continued after earlier errors; this module/construct was ignored as a follow-on."
03787,1,VERI-1072,"Cascade error: compilation aborted/continued after earlier errors; this module/construct was ignored as a follow-on."
03788,1,VERI-1072,"Cascade error: compilation aborted/continued after earlier errors; this module/construct was ignored as a follow-on."
03789,1,VERI-1072,"Cascade error: compilation aborted/continued after earlier errors; this module/construct was ignored as a follow-on."
03790,1,VERI-1072,"Cascade error: compilation aborted/continued after earlier errors; this module/construct was ignored as a follow-on."
03802,1,VERI-1072,"Cascade error: compilation aborted/continued after earlier errors; this module/construct was ignored as a follow-on."
03808,1,VERI-1072,"Cascade error: compilation aborted/continued after earlier errors; this module/construct was ignored as a follow-on."
03816,1,VERI-1072,"Cascade error: compilation aborted/continued after earlier errors; this module/construct was ignored as a follow-on."
03817,1,VERI-1072,"Cascade error: compilation aborted/continued after earlier errors; this module/construct was ignored as a follow-on."
03819,1,VERI-1072,"Cascade error: compilation aborted/continued after earlier errors; this module/construct was ignored as a follow-on."
03820,1,VERI-1072,"Cascade error: compilation aborted/continued after earlier errors; this module/construct was ignored as a follow-on."
03823,1,VERI-1072,"Cascade error: compilation aborted/continued after earlier errors; this module/construct was ignored as a follow-on."
03836,1,VERI-1072,"Cascade error: compilation aborted/continued after earlier errors; this module/construct was ignored as a follow-on."
03857,1,VERI-1072,"Cascade error: compilation aborted/continued after earlier errors; this module/construct was ignored as a follow-on."
03860,1,VERI-1072,"Cascade error: compilation aborted/continued after earlier errors; this module/construct was ignored as a follow-on."
03872,1,VERI-1072,"Cascade error: compilation aborted/continued after earlier errors; this module/construct was ignored as a follow-on."
03873,1,VERI-1072,"Cascade error: compilation aborted/continued after earlier errors; this module/construct was ignored as a follow-on."
03885,1,VERI-1072,"Cascade error: compilation aborted/continued after earlier errors; this module/construct was ignored as a follow-on."
03886,1,VERI-1072,"Cascade error: compilation aborted/continued after earlier errors; this module/construct was ignored as a follow-on."
03888,1,VERI-1072,"Cascade error: compilation aborted/continued after earlier errors; this module/construct was ignored as a follow-on."
03896,1,VERI-1072,"Cascade error: compilation aborted/continued after earlier errors; this module/construct was ignored as a follow-on."
03897,1,VERI-1072,"Cascade error: compilation aborted/continued after earlier errors; this module/construct was ignored as a follow-on."
03903,1,VERI-1072,"Cascade error: compilation aborted/continued after earlier errors; this module/construct was ignored as a follow-on."
03916,1,VERI-1072,"Cascade error: compilation aborted/continued after earlier errors; this module/construct was ignored as a follow-on."
03919,1,VERI-1072,"Cascade error: compilation aborted/continued after earlier errors; this module/construct was ignored as a follow-on."
03932,1,VERI-1072,"Cascade error: compilation aborted/continued after earlier errors; this module/construct was ignored as a follow-on."
03936,1,VERI-1072,"Cascade error: compilation aborted/continued after earlier errors; this module/construct was ignored as a follow-on."
03937,1,VERI-1072,"Cascade error: compilation aborted/continued after earlier errors; this module/construct was ignored as a follow-on."
03951,1,VERI-1072,"Cascade error: compilation aborted/continued after earlier errors; this module/construct was ignored as a follow-on."
03953,1,VERI-1072,"Cascade error: compilation aborted/continued after earlier errors; this module/construct was ignored as a follow-on."
03962,1,VERI-1072,"Cascade error: compilation aborted/continued after earlier errors; this module/construct was ignored as a follow-on."
03963,1,VERI-1072,"Cascade error: compilation aborted/continued after earlier errors; this module/construct was ignored as a follow-on."
03973,1,VERI-1072,"Cascade error: compilation aborted/continued after earlier errors; this module/construct was ignored as a follow-on."
03976,1,VERI-1072,"Cascade error: compilation aborted/continued after earlier errors; this module/construct was ignored as a follow-on."
03979,1,VERI-1072,"Cascade error: compilation aborted/continued after earlier errors; this module/construct was ignored as a follow-on."
03983,1,VERI-1072,"Cascade error: compilation aborted/continued after earlier errors; this module/construct was ignored as a follow-on."
03984,1,VERI-1072,"Cascade error: compilation aborted/continued after earlier errors; this module/construct was ignored as a follow-on."
03987,1,VERI-1072,"Cascade error: compilation aborted/continued after earlier errors; this module/construct was ignored as a follow-on."
03988,1,VERI-1072,"Cascade error: compilation aborted/continued after earlier errors; this module/construct was ignored as a follow-on."
03990,1,VERI-1072,"Cascade error: compilation aborted/continued after earlier errors; this module/construct was ignored as a follow-on."
03991,1,VERI-1072,"Cascade error: compilation aborted/continued after earlier errors; this module/construct was ignored as a follow-on."
04001,1,VERI-1072,"Cascade error: compilation aborted/continued after earlier errors; this module/construct was ignored as a follow-on."
04002,1,VERI-1072,"Cascade error: compilation aborted/continued after earlier errors; this module/construct was ignored as a follow-on."
04006,1,VERI-1072,"Cascade error: compilation aborted/continued after earlier errors; this module/construct was ignored as a follow-on."
04010,1,VERI-1072,"Cascade error: compilation aborted/continued after earlier errors; this module/construct was ignored as a follow-on."
04022,1,VERI-1072,"Cascade error: compilation aborted/continued after earlier errors; this module/construct was ignored as a follow-on."
04036,1,VERI-1072,"Cascade error: compilation aborted/continued after earlier errors; this module/construct was ignored as a follow-on."
04039,1,VERI-1072,"Cascade error: compilation aborted/continued after earlier errors; this module/construct was ignored as a follow-on."
04042,1,VERI-1072,"Cascade error: compilation aborted/continued after earlier errors; this module/construct was ignored as a follow-on."
04050,1,VERI-1072,"Cascade error: compilation aborted/continued after earlier errors; this module/construct was ignored as a follow-on."
04053,1,VERI-1072,"Cascade error: compilation aborted/continued after earlier errors; this module/construct was ignored as a follow-on."
04055,1,VERI-1072,"Cascade error: compilation aborted/continued after earlier errors; this module/construct was ignored as a follow-on."
04057,1,VERI-1072,"Cascade error: compilation aborted/continued after earlier errors; this module/construct was ignored as a follow-on."
04063,1,VERI-1072,"Cascade error: compilation aborted/continued after earlier errors; this module/construct was ignored as a follow-on."
04064,1,VERI-1072,"Cascade error: compilation aborted/continued after earlier errors; this module/construct was ignored as a follow-on."
04070,1,VERI-1072,"Cascade error: compilation aborted/continued after earlier errors; this module/construct was ignored as a follow-on."
04071,1,VERI-1072,"Cascade error: compilation aborted/continued after earlier errors; this module/construct was ignored as a follow-on."
04087,1,VERI-1072,"Cascade error: compilation aborted/continued after earlier errors; this module/construct was ignored as a follow-on."
04088,1,VERI-1072,"Cascade error: compilation aborted/continued after earlier errors; this module/construct was ignored as a follow-on."
04096,1,VERI-1072,"Cascade error: compilation aborted/continued after earlier errors; this module/construct was ignored as a follow-on."
04112,1,VERI-1072,"Cascade error: compilation aborted/continued after earlier errors; this module/construct was ignored as a follow-on."
04119,1,VERI-1072,"Cascade error: compilation aborted/continued after earlier errors; this module/construct was ignored as a follow-on."
04126,1,VERI-1072,"Cascade error: compilation aborted/continued after earlier errors; this module/construct was ignored as a follow-on."
04129,1,VERI-1072,"Cascade error: compilation aborted/continued after earlier errors; this module/construct was ignored as a follow-on."
04143,1,VERI-1072,"Cascade error: compilation aborted/continued after earlier errors; this module/construct was ignored as a follow-on."
04144,1,VERI-1072,"Cascade error: compilation aborted/continued after earlier errors; this module/construct was ignored as a follow-on."
04151,1,VERI-1072,"Cascade error: compilation aborted/continued after earlier errors; this module/construct was ignored as a follow-on."
04154,1,VERI-1072,"Cascade error: compilation aborted/continued after earlier errors; this module/construct was ignored as a follow-on."
04155,1,VERI-1072,"Cascade error: compilation aborted/continued after earlier errors; this module/construct was ignored as a follow-on."
04157,1,VERI-1072,"Cascade error: compilation aborted/continued after earlier errors; this module/construct was ignored as a follow-on."
04166,1,VERI-1072,"Cascade error: compilation aborted/continued after earlier errors; this module/construct was ignored as a follow-on."
04192,1,VERI-1072,"Cascade error: compilation aborted/continued after earlier errors; this module/construct was ignored as a follow-on."
04193,1,VERI-1072,"Cascade error: compilation aborted/continued after earlier errors; this module/construct was ignored as a follow-on."
04199,1,VERI-1072,"Cascade error: compilation aborted/continued after earlier errors; this module/construct was ignored as a follow-on."
04204,1,VERI-1072,"Cascade error: compilation aborted/continued after earlier errors; this module/construct was ignored as a follow-on."
04214,1,VERI-1072,"Cascade error: compilation aborted/continued after earlier errors; this module/construct was ignored as a follow-on."
04237,1,VERI-1072,"Cascade error: compilation aborted/continued after earlier errors; this module/construct was ignored as a follow-on."
04242,1,VERI-1072,"Cascade error: compilation aborted/continued after earlier errors; this module/construct was ignored as a follow-on."
04253,1,VERI-1072,"Cascade error: compilation aborted/continued after earlier errors; this module/construct was ignored as a follow-on."
04254,1,VERI-1072,"Cascade error: compilation aborted/continued after earlier errors; this module/construct was ignored as a follow-on."
04262,1,VERI-1072,"Cascade error: compilation aborted/continued after earlier errors; this module/construct was ignored as a follow-on."
04280,1,VERI-1072,"Cascade error: compilation aborted/continued after earlier errors; this module/construct was ignored as a follow-on."
04287,1,VERI-1072,"Cascade error: compilation aborted/continued after earlier errors; this module/construct was ignored as a follow-on."
04293,1,VERI-1072,"Cascade error: compilation aborted/continued after earlier errors; this module/construct was ignored as a follow-on."
04297,1,VERI-1072,"Cascade error: compilation aborted/continued after earlier errors; this module/construct was ignored as a follow-on."
04308,1,VERI-1072,"Cascade error: compilation aborted/continued after earlier errors; this module/construct was ignored as a follow-on."
04309,1,VERI-1072,"Cascade error: compilation aborted/continued after earlier errors; this module/construct was ignored as a follow-on."
04313,1,VERI-1072,"Cascade error: compilation aborted/continued after earlier errors; this module/construct was ignored as a follow-on."
04317,1,VERI-1072,"Cascade error: compilation aborted/continued after earlier errors; this module/construct was ignored as a follow-on."
04321,1,VERI-1072,"Cascade error: compilation aborted/continued after earlier errors; this module/construct was ignored as a follow-on."
04322,1,VERI-1072,"Cascade error: compilation aborted/continued after earlier errors; this module/construct was ignored as a follow-on."
04329,1,VERI-1072,"Cascade error: compilation aborted/continued after earlier errors; this module/construct was ignored as a follow-on."
04336,1,VERI-1072,"Cascade error: compilation aborted/continued after earlier errors; this module/construct was ignored as a follow-on."
04345,1,VERI-1072,"Cascade error: compilation aborted/continued after earlier errors; this module/construct was ignored as a follow-on."
04349,1,VERI-1072,"Cascade error: compilation aborted/continued after earlier errors; this module/construct was ignored as a follow-on."
04358,1,VERI-1072,"Cascade error: compilation aborted/continued after earlier errors; this module/construct was ignored as a follow-on."
04371,1,VERI-1072,"Cascade error: compilation aborted/continued after earlier errors; this module/construct was ignored as a follow-on."
04372,1,VERI-1072,"Cascade error: compilation aborted/continued after earlier errors; this module/construct was ignored as a follow-on."
04378,1,VERI-1072,"Cascade error: compilation aborted/continued after earlier errors; this module/construct was ignored as a follow-on."
04379,1,VERI-1072,"Cascade error: compilation aborted/continued after earlier errors; this module/construct was ignored as a follow-on."
04383,1,VERI-1072,"Cascade error: compilation aborted/continued after earlier errors; this module/construct was ignored as a follow-on."
04386,1,VERI-1072,"Cascade error: compilation aborted/continued after earlier errors; this module/construct was ignored as a follow-on."
04399,1,VERI-1072,"Cascade error: compilation aborted/continued after earlier errors; this module/construct was ignored as a follow-on."
04411,1,VERI-1072,"Cascade error: compilation aborted/continued after earlier errors; this module/construct was ignored as a follow-on."
04413,1,VERI-1072,"Cascade error: compilation aborted/continued after earlier errors; this module/construct was ignored as a follow-on."
04415,1,VERI-1072,"Cascade error: compilation aborted/continued after earlier errors; this module/construct was ignored as a follow-on."
04418,1,VERI-1072,"Cascade error: compilation aborted/continued after earlier errors; this module/construct was ignored as a follow-on."
04419,1,VERI-1072,"Cascade error: compilation aborted/continued after earlier errors; this module/construct was ignored as a follow-on."
04425,1,VERI-1072,"Cascade error: compilation aborted/continued after earlier errors; this module/construct was ignored as a follow-on."
04429,1,VERI-1072,"Cascade error: compilation aborted/continued after earlier errors; this module/construct was ignored as a follow-on."
04431,1,VERI-1072,"Cascade error: compilation aborted/continued after earlier errors; this module/construct was ignored as a follow-on."
04437,1,VERI-1072,"Cascade error: compilation aborted/continued after earlier errors; this module/construct was ignored as a follow-on."
04443,1,VERI-1072,"Cascade error: compilation aborted/continued after earlier errors; this module/construct was ignored as a follow-on."
04450,1,VERI-1072,"Cascade error: compilation aborted/continued after earlier errors; this module/construct was ignored as a follow-on."
04454,1,VERI-1072,"Cascade error: compilation aborted/continued after earlier errors; this module/construct was ignored as a follow-on."
04455,1,VERI-1072,"Cascade error: compilation aborted/continued after earlier errors; this module/construct was ignored as a follow-on."
04459,1,VERI-1072,"Cascade error: compilation aborted/continued after earlier errors; this module/construct was ignored as a follow-on."
04477,1,VERI-1072,"Cascade error: compilation aborted/continued after earlier errors; this module/construct was ignored as a follow-on."
04478,1,VERI-1072,"Cascade error: compilation aborted/continued after earlier errors; this module/construct was ignored as a follow-on."
04483,1,VERI-1072,"Cascade error: compilation aborted/continued after earlier errors; this module/construct was ignored as a follow-on."
04486,1,VERI-1072,"Cascade error: compilation aborted/continued after earlier errors; this module/construct was ignored as a follow-on."
04488,1,VERI-1072,"Cascade error: compilation aborted/continued after earlier errors; this module/construct was ignored as a follow-on."
04491,1,VERI-1072,"Cascade error: compilation aborted/continued after earlier errors; this module/construct was ignored as a follow-on."
04492,1,VERI-1072,"Cascade error: compilation aborted/continued after earlier errors; this module/construct was ignored as a follow-on."
04499,1,VERI-1072,"Cascade error: compilation aborted/continued after earlier errors; this module/construct was ignored as a follow-on."
04503,1,VERI-1072,"Cascade error: compilation aborted/continued after earlier errors; this module/construct was ignored as a follow-on."
04505,1,VERI-1072,"Cascade error: compilation aborted/continued after earlier errors; this module/construct was ignored as a follow-on."
04506,1,VERI-1072,"Cascade error: compilation aborted/continued after earlier errors; this module/construct was ignored as a follow-on."
04507,1,VERI-1072,"Cascade error: compilation aborted/continued after earlier errors; this module/construct was ignored as a follow-on."
04509,1,VERI-1072,"Cascade error: compilation aborted/continued after earlier errors; this module/construct was ignored as a follow-on."
04512,1,VERI-1072,"Cascade error: compilation aborted/continued after earlier errors; this module/construct was ignored as a follow-on."
04514,1,VERI-1072,"Cascade error: compilation aborted/continued after earlier errors; this module/construct was ignored as a follow-on."
04517,1,VERI-1072,"Cascade error: compilation aborted/continued after earlier errors; this module/construct was ignored as a follow-on."
04520,1,VERI-1072,"Cascade error: compilation aborted/continued after earlier errors; this module/construct was ignored as a follow-on."
04522,1,VERI-1072,"Cascade error: compilation aborted/continued after earlier errors; this module/construct was ignored as a follow-on."
04526,1,VERI-1072,"Cascade error: compilation aborted/continued after earlier errors; this module/construct was ignored as a follow-on."
04530,1,VERI-1072,"Cascade error: compilation aborted/continued after earlier errors; this module/construct was ignored as a follow-on."
04538,1,VERI-1072,"Cascade error: compilation aborted/continued after earlier errors; this module/construct was ignored as a follow-on."
04541,1,VERI-1072,"Cascade error: compilation aborted/continued after earlier errors; this module/construct was ignored as a follow-on."
04542,1,VERI-1072,"Cascade error: compilation aborted/continued after earlier errors; this module/construct was ignored as a follow-on."
04544,1,VERI-1072,"Cascade error: compilation aborted/continued after earlier errors; this module/construct was ignored as a follow-on."
04545,1,VERI-1072,"Cascade error: compilation aborted/continued after earlier errors; this module/construct was ignored as a follow-on."
04555,1,VERI-1072,"Cascade error: compilation aborted/continued after earlier errors; this module/construct was ignored as a follow-on."
04557,1,VERI-1072,"Cascade error: compilation aborted/continued after earlier errors; this module/construct was ignored as a follow-on."
04561,1,VERI-1072,"Cascade error: compilation aborted/continued after earlier errors; this module/construct was ignored as a follow-on."
04567,1,VERI-1072,"Cascade error: compilation aborted/continued after earlier errors; this module/construct was ignored as a follow-on."
04569,1,VERI-1072,"Cascade error: compilation aborted/continued after earlier errors; this module/construct was ignored as a follow-on."
04570,1,VERI-1072,"Cascade error: compilation aborted/continued after earlier errors; this module/construct was ignored as a follow-on."
04572,1,VERI-1072,"Cascade error: compilation aborted/continued after earlier errors; this module/construct was ignored as a follow-on."
04579,1,VERI-1072,"Cascade error: compilation aborted/continued after earlier errors; this module/construct was ignored as a follow-on."
04588,1,VERI-1072,"Cascade error: compilation aborted/continued after earlier errors; this module/construct was ignored as a follow-on."
04599,1,VERI-1072,"Cascade error: compilation aborted/continued after earlier errors; this module/construct was ignored as a follow-on."
04604,1,VERI-1072,"Cascade error: compilation aborted/continued after earlier errors; this module/construct was ignored as a follow-on."
04608,1,VERI-1072,"Cascade error: compilation aborted/continued after earlier errors; this module/construct was ignored as a follow-on."
04610,1,VERI-1072,"Cascade error: compilation aborted/continued after earlier errors; this module/construct was ignored as a follow-on."
04611,1,VERI-1072,"Cascade error: compilation aborted/continued after earlier errors; this module/construct was ignored as a follow-on."
04621,1,VERI-1072,"Cascade error: compilation aborted/continued after earlier errors; this module/construct was ignored as a follow-on."
04629,1,VERI-1072,"Cascade error: compilation aborted/continued after earlier errors; this module/construct was ignored as a follow-on."
04630,1,VERI-1072,"Cascade error: compilation aborted/continued after earlier errors; this module/construct was ignored as a follow-on."
04632,1,VERI-1072,"Cascade error: compilation aborted/continued after earlier errors; this module/construct was ignored as a follow-on."
04641,1,VERI-1072,"Cascade error: compilation aborted/continued after earlier errors; this module/construct was ignored as a follow-on."
04657,1,VERI-1072,"Cascade error: compilation aborted/continued after earlier errors; this module/construct was ignored as a follow-on."
04659,1,VERI-1072,"Cascade error: compilation aborted/continued after earlier errors; this module/construct was ignored as a follow-on."
04663,1,VERI-1072,"Cascade error: compilation aborted/continued after earlier errors; this module/construct was ignored as a follow-on."
04668,1,VERI-1072,"Cascade error: compilation aborted/continued after earlier errors; this module/construct was ignored as a follow-on."
04672,1,VERI-1072,"Cascade error: compilation aborted/continued after earlier errors; this module/construct was ignored as a follow-on."
04673,1,VERI-1072,"Cascade error: compilation aborted/continued after earlier errors; this module/construct was ignored as a follow-on."
04675,1,VERI-1072,"Cascade error: compilation aborted/continued after earlier errors; this module/construct was ignored as a follow-on."
04678,1,VERI-1072,"Cascade error: compilation aborted/continued after earlier errors; this module/construct was ignored as a follow-on."
04681,1,VERI-1072,"Cascade error: compilation aborted/continued after earlier errors; this module/construct was ignored as a follow-on."
04698,1,VERI-1072,"Cascade error: compilation aborted/continued after earlier errors; this module/construct was ignored as a follow-on."
04700,1,VERI-1072,"Cascade error: compilation aborted/continued after earlier errors; this module/construct was ignored as a follow-on."
04710,1,VERI-1072,"Cascade error: compilation aborted/continued after earlier errors; this module/construct was ignored as a follow-on."
04732,1,VERI-1072,"Cascade error: compilation aborted/continued after earlier errors; this module/construct was ignored as a follow-on."
04736,1,VERI-1072,"Cascade error: compilation aborted/continued after earlier errors; this module/construct was ignored as a follow-on."
04740,1,VERI-1072,"Cascade error: compilation aborted/continued after earlier errors; this module/construct was ignored as a follow-on."
04741,1,VERI-1072,"Cascade error: compilation aborted/continued after earlier errors; this module/construct was ignored as a follow-on."
04746,1,VERI-1072,"Cascade error: compilation aborted/continued after earlier errors; this module/construct was ignored as a follow-on."
04752,1,VERI-1072,"Cascade error: compilation aborted/continued after earlier errors; this module/construct was ignored as a follow-on."
04770,1,VERI-1072,"Cascade error: compilation aborted/continued after earlier errors; this module/construct was ignored as a follow-on."
04780,1,VERI-1072,"Cascade error: compilation aborted/continued after earlier errors; this module/construct was ignored as a follow-on."
04791,1,VERI-1072,"Cascade error: compilation aborted/continued after earlier errors; this module/construct was ignored as a follow-on."
04793,1,VERI-1072,"Cascade error: compilation aborted/continued after earlier errors; this module/construct was ignored as a follow-on."
04794,1,VERI-1072,"Cascade error: compilation aborted/continued after earlier errors; this module/construct was ignored as a follow-on."
04797,1,VERI-1072,"Cascade error: compilation aborted/continued after earlier errors; this module/construct was ignored as a follow-on."
