JasperGold Apps 2021.03 FCS 64 bits 2021.03.23 02:50:43 UTC

Any disclosure about the Cadence Design Systems software or its use
model to any third party violates the written Non-Disclosure Agreement
between Cadence Design Systems, Inc. and the customer.

THIS SOFTWARE CONTAINS CONFIDENTIAL INFORMATION AND TRADE SECRETS OF
CADENCE DESIGN SYSTEMS, INC. USE, DISCLOSURE, OR REPRODUCTION IS
PROHIBITED WITHOUT THE PRIOR EXPRESS WRITTEN PERMISSION OF CADENCE
DESIGN SYSTEMS, INC.

Copyright (C) 2000-2021 Cadence Design Systems, Inc. All Rights
Reserved.  Unpublished -- rights reserved under the copyright laws of
the United States.

This product includes software developed by others and redistributed
according to license agreement. See doc/third_party_readme.txt for
further details.

RESTRICTED RIGHTS LEGEND

Use, duplication, or disclosure by the Government is subject to
restrictions as set forth in subparagraph (c) (1) (ii) of the Rights in
Technical Data and Computer Software clause at DFARS 252.227-7013 or
subparagraphs (c) (1) and (2) of Commercial Computer Software -- Restricted
Rights at 48 CFR 52.227-19, as applicable.


                          Cadence Design Systems, Inc. 
                          2655 Seely Avenue
                          San Jose, CA 95134
                          Phone: 408.943.1234

For technical assistance visit http://support.cadence.com.

JasperGold Apps Analysis Session - /home/ab2113/malik25_26/metrex/dataset/version_1/verification_results/02087/jgproject/sessionLogs/session_0

INFO: successfully checked out license "jasper_fao".
INFO: reading configuration file "/home/ab2113/.config/jasper/jaspergold.conf".
% # ============================================================
% # JasperGold Assertion Verification Runner (env-driven)
% # Output: verification_results/<DESIGN_ID>/
% #
% # Env:
% #   DESIGN_ID     : required (subfolder name)
% #   JG_DESIGN     : required, space/colon-separated RTL file paths OR a directory
% #   JG_SVA        : required, space/colon-separated SVA file paths OR a directory
% #
% # Optional:
% #   JG_TOP        : top module name. If missing, inferred from RTL (default: infer)
% #   JG_STD        : sv12 | sv11 | sv09 (default: sv12)
% #   JG_INCDIRS    : colon/space-separated include dirs (optional)
% #   JG_DEFINES    : space-separated defines NAME or NAME=VAL (optional)
% #   JG_NO_CLOCK   : 1 to force combinational clocking (default: 0)
% #   JG_RESET      : explicit reset signal name (optional)
% #   JG_RESET_EXPR : explicit reset expression (optional)
% # ============================================================
% 
% proc split_env_list {s} {
  if {$s eq ""} {return {}}
  set out {}
  foreach p [split $s " :"] { if {$p ne ""} {lappend out $p} }
  return $out
}
% 
% proc split_space_list {s} {
  if {$s eq ""} {return {}}
  set out {}
  foreach p [split $s " "] { if {$p ne ""} {lappend out $p} }
  return $out
}
% 
% proc collect_files_any {path} {
  # If path is a file, return it. If directory, glob common HDL extensions.
  if {[file isfile $path]} { return [list $path] }
  if {![file isdirectory $path]} { error "Not a file or directory: $path" }

  set patterns {*.sv *.svh *.v *.vh}
  set flist {}
  foreach p $patterns {
    foreach f [glob -nocomplain -types f -directory $path -tails -- $p] {
      lappend flist [file join $path $f]
    }
  }
  if {[llength $flist] == 0} { error "No HDL files found in directory: $path" }
  return $flist
}
% 
% proc read_file_text {path} {
  set fp [open $path "r"]
  set data [read $fp]
  close $fp
  return $data
}
% 
% proc strip_comments {text} {
  set out $text
  regsub -all {(?s)/\*.*?\*/} $out "" out
  regsub -all {(?m)//.*$} $out "" out
  return $out
}
% 
% proc infer_top_from_file {f} {
  if {![file isfile $f]} { return "" }
  set txt [strip_comments [read_file_text $f]]
  if {[regexp -nocase -line {^\s*module\s+([A-Za-z_][A-Za-z0-9_]*)} $txt -> m]} {
    return $m
  }
  return ""
}
% 
% proc find_reset_signal {top files} {
  set top_l [string tolower $top]
  set keywords {input output inout wire reg logic signed unsigned integer parameter localparam bit tri supply0 supply1 tri0 tri1 wand wor}
  foreach f $files {
    if {![file isfile $f]} { continue }
    set txt [strip_comments [read_file_text $f]]
    set re "(?s)\\mmodule\\s+${top_l}\\M\\s*(#\\s*\\(.*?\\)\\s*)?\\((.*?)\\)\\s*;"
    if {[regexp -nocase -- $re $txt -> _port_params portlist]} {
      set tokens [regexp -all -inline {\m[A-Za-z_][A-Za-z0-9_]*\M} $portlist]
      set names {}
      foreach t $tokens {
        set tl [string tolower $t]
        if {[lsearch -exact $keywords $tl] >= 0} { continue }
        lappend names $t
      }
      if {[llength $names] == 0} { continue }
      set lower_map [dict create]
      foreach n $names { dict set lower_map [string tolower $n] $n }
      set exact_priority {reset_n rst_n resetb rstb resetn rstn areset_n arst_n reset rst areset arst}
      foreach p $exact_priority {
        if {[dict exists $lower_map $p]} { return [dict get $lower_map $p] }
      }
      foreach n $names {
        set ln [string tolower $n]
        if {[regexp {(^|_)reset(_|$)} $ln] || [regexp {(^|_)rst(_|$)} $ln]} {
          return $n
        }
      }
    }
  }
  return ""
}
% 
% # ---- Read config from environment ----
% if {![info exists ::env(DESIGN_ID)] || $::env(DESIGN_ID) eq ""} {
  puts "ERROR: DESIGN_ID not set."
  exit 2
}
% if {![info exists ::env(JG_DESIGN)] || $::env(JG_DESIGN) eq ""} {
  puts "ERROR: JG_DESIGN not set."
  exit 2
}
% if {![info exists ::env(JG_SVA)] || $::env(JG_SVA) eq ""} {
  puts "ERROR: JG_SVA not set."
  exit 2
}
% 
% set DESIGN_ID $::env(DESIGN_ID)
02087
% 
% # JG_TOP is optional: if missing, infer from RTL
% set TOP ""
% if {[info exists ::env(JG_TOP)] && $::env(JG_TOP) ne ""} {
  set TOP $::env(JG_TOP)
}
% 
% set STD      [expr {[info exists ::env(JG_STD)] ? $::env(JG_STD) : "sv12"}]
sv12
% set INCDIRS  [expr {[info exists ::env(JG_INCDIRS)] ? [split_env_list $::env(JG_INCDIRS)] : {}}]
% # Defines should be space-separated (do NOT split on ':')
% set DEFINES  [expr {[info exists ::env(JG_DEFINES)] ? [split_space_list $::env(JG_DEFINES)] : {}}]
% set NO_CLOCK [expr {[info exists ::env(JG_NO_CLOCK)] ? $::env(JG_NO_CLOCK) : 0}]
1
% 
% # JG_DESIGN/JG_SVA can be:
% # - a directory
% # - a single file
% # - a list of files/dirs separated by spaces/colons
% set DESIGN_INPUTS [split_env_list $::env(JG_DESIGN)]
./02087/module.v
% set SVA_INPUTS    [split_env_list $::env(JG_SVA)]
./02087/sva.sv
% 
% set DESIGN_FILES {}
% foreach p $DESIGN_INPUTS { set DESIGN_FILES [concat $DESIGN_FILES [collect_files_any $p]] }
% 
% # Infer TOP if not provided
% if {$TOP eq ""} {
  foreach f $DESIGN_FILES {
    set guess [infer_top_from_file $f]
    if {$guess ne ""} { set TOP $guess; break }
  }
  if {$TOP eq ""} {
    puts "ERROR: Could not infer TOP from design files; set JG_TOP explicitly."
    exit 2
  }
}
% puts "INFO: Using TOP = $TOP"
INFO: Using TOP = fifo
% 
% set SVA_FILES {}
% foreach p $SVA_INPUTS { set SVA_FILES [concat $SVA_FILES [collect_files_any $p]] }
% 
% # ---- Output dir ----
% set OUT_DIR [file join "verification_results" $DESIGN_ID]
verification_results/02087
% file mkdir $OUT_DIR
% set PROP_LIST_TXT [file join $OUT_DIR "property_list.txt"]
verification_results/02087/property_list.txt
% set SUMMARY_TXT   [file join $OUT_DIR "summary.txt"]
verification_results/02087/summary.txt
% 
% puts "INFO: Verification run starting"
INFO: Verification run starting
% puts "  DESIGN_ID : $DESIGN_ID"
  DESIGN_ID : 02087
% puts "  TOP       : $TOP"
  TOP       : fifo
% puts "  STD       : $STD"
  STD       : sv12
% puts "  INCDIRS   : $INCDIRS"
  INCDIRS   : 
% puts "  DEFINES   : $DEFINES"
  DEFINES   : 
% puts "  NO_CLOCK  : $NO_CLOCK"
  NO_CLOCK  : 1
% puts "  N_DESIGN  : [llength $DESIGN_FILES]"
  N_DESIGN  : 1
% puts "  N_SVA     : [llength $SVA_FILES]"
  N_SVA     : 1
% puts "  OUT_DIR   : $OUT_DIR"
  OUT_DIR   : verification_results/02087
% 
% # Optional: promote common message groups to errors (best-effort)
% if {[llength [info commands set_msg_config]]} {
  set_msg_config -id COMP*  -severity error
  set_msg_config -id PARSE* -severity error
  set_msg_config -id ELAB*  -severity error
}
% 
% # ---- Build analyze options ----
% set analyze_opts [list analyze -$STD]
analyze -sv12
% if {[llength $INCDIRS] > 0} { lappend analyze_opts -incdir $INCDIRS }
% if {[llength $DEFINES] > 0} {
  foreach d $DEFINES { lappend analyze_opts -define $d }
}
% 
% # ---- Analyze + Elaborate ----
% set err 0
0
% puts "DEBUG: DESIGN_FILES = $DESIGN_FILES"
DEBUG: DESIGN_FILES = ./02087/module.v
% puts "DEBUG: SVA_FILES    = $SVA_FILES"
DEBUG: SVA_FILES    = ./02087/sva.sv
% 
% if {[catch {eval $analyze_opts $DESIGN_FILES} msg]} {
  puts "ERROR: analyze design failed:\n$msg"
  set err 1
}
[-- (VERI-1482)] Analyzing Verilog file '/scratch/gpfs/LICENSED/x86_64/cadence-20210126/jasper_2021.03/lib/verilog/packages/std/std.sv' into library 'std'
[-- (VERI-1482)] Analyzing Verilog file './02087/module.v'
% if {!$err && [catch {eval $analyze_opts $SVA_FILES} msg2]} {
  puts "ERROR: analyze SVA failed:\n$msg2"
  set err 1
}
[-- (VERI-1482)] Analyzing Verilog file './02087/sva.sv'
% 
% puts "DEBUG: Elaborating TOP='$TOP'"
DEBUG: Elaborating TOP='fifo'
% if {!$err && [catch {elaborate -top $TOP} emsg]} {
  puts "ERROR: elaborate failed:\n$emsg"
  set err 1
}
INFO (ISW003): Top module name is "fifo".
[INFO (HIER-8002)] ./02087/module.v(38): Disabling old hierarchical reference handler
[INFO (VERI-1018)] ./02087/sva.sv(4): compiling module 'fifo_sva:(ADDR_WIDTH=12)'
[INFO (VERI-1018)] ./02087/module.v(1): compiling module 'fifo'
[WARN (VERI-9033)] ./02087/module.v(12): array mem (size 98304) automatically BLACK-BOXED. Use the "elaborate -bbox_a" command to prevent automatic black-boxing.
INFO (INL208): Elaboration synthesis summary:
  Number of synthesized netlists          3 (1 packages)
  Single run mode                         On
  Pipeline                                On (2 pipelined netlists)
  Late hierarchical reference connection  On
  Number of analyzed Verilog modules      3 (3 synthesized)
  Number of analyzed VHDL entities        0 (0 synthesized)
INFO (INL003): Clearing all state information (assumes, stopats, and so forth).
[<embedded>] % 
[<embedded>] % # If combinational / event-driven, you can force "no clock"
[<embedded>] % if {!$err && $NO_CLOCK} {
  catch { clock -none }
}
INFO (ICK008): Enabling clock-free environment.
0
[<embedded>] % 
[<embedded>] % if {$err} {
  puts "\n❌ FAILED: compile/elab errors"
  exit 1
}
[<embedded>] % 
[<embedded>] % # ---- Reset -----
[<embedded>] % set RESET_SIG ""
[<embedded>] % set RESET_EXPR ""
[<embedded>] % if {[info exists ::env(JG_RESET_EXPR)] && $::env(JG_RESET_EXPR) ne ""} {
  set RESET_EXPR $::env(JG_RESET_EXPR)
} elseif {[info exists ::env(JG_RESET)] && $::env(JG_RESET) ne ""} {
  set RESET_SIG $::env(JG_RESET)
} else {
  set RESET_SIG [find_reset_signal $TOP $DESIGN_FILES]
}
rst
[<embedded>] % 
[<embedded>] % if {$RESET_EXPR ne ""} {
  puts "INFO: Using reset expression: $RESET_EXPR"
  catch { reset -expression $RESET_EXPR }
} elseif {$RESET_SIG ne ""} {
  if {[regexp -nocase {(_n|_b)$} $RESET_SIG]} {
    set RESET_EXPR "!$RESET_SIG"
    puts "INFO: Using active-low reset expression: $RESET_EXPR"
    catch { reset -expression $RESET_EXPR }
  } else {
    puts "INFO: Using reset signal: $RESET_SIG"
    catch { reset $RESET_SIG }
  }
} else {
  puts "INFO: No reset signal found; using reset -none"
  catch { reset -none }
}
INFO: Using reset signal: rst
INFO (IPM031): Clearing proof results of all properties.
INFO (IRS006): Current reset condition is "rst".
0
[<embedded>] % 
[<embedded>] % # ---- Property discovery (bind sanity check) ----
[<embedded>] % set ASSERTS {}
[<embedded>] % set COVERS  {}
[<embedded>] % catch { set ASSERTS [assert -list -silent] }
0
[<embedded>] % catch { set COVERS  [cover  -list -silent] }
0
[<embedded>] % 
[<embedded>] % puts "INFO: Found [llength $ASSERTS] asserts, [llength $COVERS] covers"
INFO: Found 15 asserts, 11 covers
[<embedded>] % 
[<embedded>] % # Write property names
[<embedded>] % set fp [open $PROP_LIST_TXT "w"]
file41
[<embedded>] % puts $fp "ASSERT PROPERTIES:"
[<embedded>] % foreach a $ASSERTS { puts $fp $a }
[<embedded>] % puts $fp ""
[<embedded>] % puts $fp "COVER PROPERTIES:"
[<embedded>] % foreach c $COVERS { puts $fp $c }
[<embedded>] % close $fp
[<embedded>] % 
[<embedded>] % if {[llength $ASSERTS] == 0 && [llength $COVERS] == 0} {
  puts "\n❌ FAILED: No properties found (bind likely didn't attach, or wrong TOP)"
  exit 3
}
[<embedded>] % 
[<embedded>] % # ---- Prove all assertions ----
[<embedded>] % # 3600 seconds = 1 hour timeout per property (adjust as needed)
[<embedded>] % set_prove_time_limit 3600
[<embedded>] % puts "INFO: Running prove -all"
INFO: Running prove -all
[<embedded>] % if {[catch { prove -all } pmsg]} {
  puts "ERROR: prove command failed:\n$pmsg"
  exit 4
}
Ncustom1: Custom engine code is hT3Ng7hPPfiYQOTDZ3qhYOwGAM51eA+J/FjkM5shLioAsqhgLR4Ft+O1BuKG6ilQ83B9tLXSl+CwjiTMAQA
AMcustom2: Custom engine code is hT3Ng7hP/feYQOTDZ3qhYOwGAM51eA+J/FjkM5shLioAsqhgLR4Ft+O1BuKG6ilQ83B9tLXSmmqwm7g9AQA
INFO (IPF036): Starting proof on task: "<embedded>", 26 properties to prove with 0 already proven/unreachable
INFO (IRS029): Starting reset analysis: phase 1 of 4.
INFO (IRS030): Running reset analysis: phase 2 of 4.
INFO (IRS031): Running reset analysis: phase 3 of 4.
INFO (IRS020): Starting the reset analysis simulation with a limit of 100 iterations (phase 4 of 4).
INFO (IRS024): Reset iterations 0 to 4 analyzed.
INFO (IRS018): Reset analysis simulation executed for 3 iterations. Assigned values for 0 of 36 design flops, 0 of 0 design latches, 4142 of 4305 internal elements.
INFO (IRS039): Reset analysis complete.
INFO (IPF031): Settings used for proof thread 0:
    orchestration                 = on (auto)
    time_limit                    = 3600s
    per_property_time_limit       = 1s * 10 ^ scan
    engine_mode                   = auto
    proofgrid_per_engine_max_jobs = 1
    max engine jobs               = auto
    proofgrid_mode                = local
    proofgrid_restarts            = 10
AMcustom3: Custom engine code is hT3NE7hP/2Fz2XrVSbG0RDiSlOmcEY54dTxWvdDsI3//MxFcPzdQEJVlimlZshtLUKCpt0qXHu9EQAivsvCTP5Pi2s9EBccXnc85FrzRRX45WcXC5XpA9kyHdIYmOxUqsRrN5ntdfkwHRnO7f82Dn4pCsne09HV19Yd/o8VzV0c8nka+2MMhbNDEdLGC4SmTi8oNy00Nn40QJnMevDlPY3jIAQA
Ncustom4: Custom engine code is hT3OXrhPByJp3TrFSTLhUmMH4KVtJgmTCnNDF46yMXOKY48m4LS5nE7yBzFjA7kDuwO/GhGUpEPiky3p3wmPn3dJZHxFMsafSoObRzSC+tn7sEY0WbTdZ/FV4hL3MYH/b1CIUvXSWR4wqEoVLsmMOD4xIPT4lI1LO6ZCO7PnnWQuLwetnvKlrXx6wCW/A+x+enqslg1YPobi4wEF/EvbzOvcTYdJvl2s4H2yZg2b2ofAVN5WvhWk1HoBAA
Ncustom5: Custom engine code is hT3NR7hPByFp3TrFSTLhUmMH4KWtJglTyV/c51BHEeZWamnJv767nE6PCak26bd3gf3XGN3rIRheufhDieCJQVISo+gNYUKhiUedBKGtsP/a18svAnlMJZudHxDFwK5ufsyoxsIyiAeSY2oi3tEuoDHr5gw42DFKAG3PqO3CEsl8Azzdt3pl5nGA1Ifv2H02eYsFzWb/nfp8PMb3F0krE/EgBcm8TD9Div8BAA
Tricustom6: Custom engine code is hT3Nu7hP3fiYQADBZnYcglNHp9bfd7EOeniIqP/ji8sGLQu8yhsFO+wxJ+O+R0bU8g/IewXFomyos+viQnWc2xYNYmMqpo3i40O7DaZR7qfp4YqNx26KRvQ/qx0BAA
0.0.PRE: A proof was found: No trace exists. [0.00 s]
INFO (IPF057): 0.0.PRE: The property "fifo.fifo_sva_i._assert_1" was proven in 0.00 s.
0.0.PRE: A proof was found: No trace exists. [0.00 s]
INFO (IPF057): 0.0.PRE: The property "fifo.fifo_sva_i._assert_2" was proven in 0.00 s.
0.0.PRE: A proof was found: No trace exists. [0.00 s]
INFO (IPF057): 0.0.PRE: The property "fifo.fifo_sva_i._assert_3" was proven in 0.00 s.
0.0.PRE: A proof was found: No trace exists. [0.00 s]
INFO (IPF057): 0.0.PRE: The property "fifo.fifo_sva_i._assert_5" was proven in 0.00 s.
0: Found proofs for 4 properties in preprocessing
0: Using multistage preprocessing
0: Starting reduce
0: Finished reduce in 2.275s
0.0.PRE: A proof was found: No trace exists. [0.00 s]
INFO (IPF051): 0.0.PRE: The cover property "fifo.fifo_sva_i._assert_1:precondition1" was proven unreachable in 0.00 s.
0: Found proofs for 1 properties in preprocessing
0.0.PRE: Performing Proof Simplification...
0.0.N: clocks: 2, declared: 1, disabling: 0, posedge: 2, negedge: 0, noedge: 0, bothedge: 0
0.0.N: Proof Simplification Iteration 1	[0.00 s]
0.0.N: Proof Simplification Iteration 2	[0.01 s]
0.0.N: Proof Simplification Iteration 3	[0.01 s]
0.0.PRE: A proof was found: No trace exists. [0.00 s]
INFO (IPF057): 0.0.PRE: The property ":noDeadEnd" was proven in 0.00 s.
    Use check_assumptions -show -dead_end to show this property in the property table.
0.0.PRE: A proof was found: No trace exists. [0.00 s]
INFO (IPF057): 0.0.PRE: The property ":noConflict" was proven in 0.00 s.
    Use check_assumptions -show to show this property in the property table.
INFO (IPF047): 0.0.PRE: The cover property ":live" was covered in 1 cycles in 0.00 s.
    Use check_assumptions -show -live to show this property in the property table.
0.0.PRE: Proof Simplification completed in 0.04 s
0: About to start ProofGrid in its own thread with a limit of 10000 pending notifications and a limit of 10 traces.
0: =============================== ProofGrid start ===============================
0: ProofGrid usable level: 21
0: ProofGrid is starting event handling
0.0.Hp: Proofgrid shell started at 4185599@della-r3c2n6(local) jg_4185530_della-r3c2n6_1
0.0.N: Proofgrid shell started at 4185598@della-r3c2n6(local) jg_4185530_della-r3c2n6_1
0.0.Hp: OS RSS memory limit : 17179869184 / 17179869184
0.0.N: OS RSS memory limit : 17179869184 / 17179869184
0.0.Hp: clocks: 1, declared: 1, disabling: 0, posedge: 1, negedge: 0, noedge: 0, bothedge: 0
0.0.N: clocks: 1, declared: 1, disabling: 0, posedge: 1, negedge: 0, noedge: 0, bothedge: 0
0.0.N: Next scan (0) will use per property time limit: 1s * 10 ^ 0 = 1s
0.0.N: Starting proof for property "fifo.fifo_sva_i._assert_4"	[0.00 s].
0.0.N: Trace Attempt  1	[0.00 s]
0.0.N: A proof was found: No trace exists. [0.00 s]
INFO (IPF057): 0.0.N: The property "fifo.fifo_sva_i._assert_4" was proven in 0.00 s.
0.0.N: Stopped processing property "fifo.fifo_sva_i._assert_4"	[0.00 s].
0.0.N: Starting proof for property "fifo.fifo_sva_i._assert_6"	[0.00 s].
0.0.N: Trace Attempt  1	[0.00 s]
0.0.N: A trace with 1 cycles was found. [0.00 s]
INFO (IPF055): 0.0.N: A counterexample (cex) with 1 cycles was found for the property "fifo.fifo_sva_i._assert_6" in 0.02 s.
INFO (IPF055): 0.0.N: A counterexample (cex) with 1 cycles was found for the property "fifo.fifo_sva_i._assert_7" in 0.02 s by the incidental trace "fifo.fifo_sva_i._assert_6".
INFO (IPF055): 0.0.N: A counterexample (cex) with 1 cycles was found for the property "fifo.fifo_sva_i._assert_8" in 0.02 s by the incidental trace "fifo.fifo_sva_i._assert_6".
INFO (IPF055): 0.0.N: A counterexample (cex) with 1 cycles was found for the property "fifo.fifo_sva_i._assert_10" in 0.02 s by the incidental trace "fifo.fifo_sva_i._assert_6".
0.0.N: Stopped processing property "fifo.fifo_sva_i._assert_6"	[0.02 s].
0.0.N: Starting proof for property "fifo.fifo_sva_i._assert_9"	[0.00 s].
0.0.N: Trace Attempt  1	[0.00 s]
0.0.N: A trace with 1 cycles was found. [0.00 s]
INFO (IPF055): 0.0.N: A counterexample (cex) with 1 cycles was found for the property "fifo.fifo_sva_i._assert_9" in 0.01 s.
0.0.N: Stopped processing property "fifo.fifo_sva_i._assert_9"	[0.01 s].
0.0.N: Starting proof for property "fifo.fifo_sva_i._assert_11"	[0.00 s].
0.0.N: Trace Attempt  1	[0.00 s]
0.0.N: A trace with 1 cycles was found. [0.00 s]
INFO (IPF055): 0.0.N: A counterexample (cex) with 1 cycles was found for the property "fifo.fifo_sva_i._assert_11" in 0.01 s.
0.0.N: Stopped processing property "fifo.fifo_sva_i._assert_11"	[0.01 s].
0.0.N: Starting proof for property "fifo.fifo_sva_i._assert_12"	[0.00 s].
0.0.N: Trace Attempt  1	[0.00 s]
0.0.N: A trace with 1 cycles was found. [0.00 s]
INFO (IPF055): 0.0.N: A counterexample (cex) with 1 cycles was found for the property "fifo.fifo_sva_i._assert_12" in 0.01 s.
INFO (IPF047): 0.0.N: The cover property "fifo.fifo_sva_i._assert_12:precondition1" was covered in 1 cycles in 0.01 s by the incidental trace "fifo.fifo_sva_i._assert_12".
0.0.N: Stopped processing property "fifo.fifo_sva_i._assert_12"	[0.01 s].
0.0.N: Starting proof for property "fifo.fifo_sva_i._assert_13"	[0.00 s].
0.0.N: Trace Attempt  1	[0.00 s]
0.0.N: A trace with 1 cycles was found. [0.00 s]
INFO (IPF055): 0.0.N: A counterexample (cex) with 1 cycles was found for the property "fifo.fifo_sva_i._assert_13" in 0.01 s.
INFO (IPF047): 0.0.N: The cover property "fifo.fifo_sva_i._assert_13:precondition1" was covered in 1 cycles in 0.01 s by the incidental trace "fifo.fifo_sva_i._assert_13".
0.0.N: Stopped processing property "fifo.fifo_sva_i._assert_13"	[0.01 s].
0.0.N: Starting proof for property "fifo.fifo_sva_i._assert_14"	[0.00 s].
0.0.N: Trace Attempt  1	[0.00 s]
0.0.N: A trace with 1 cycles was found. [0.00 s]
INFO (IPF055): 0.0.N: A counterexample (cex) with 1 cycles was found for the property "fifo.fifo_sva_i._assert_14" in 0.01 s.
INFO (IPF047): 0.0.N: The cover property "fifo.fifo_sva_i._assert_14:precondition1" was covered in 1 cycles in 0.01 s by the incidental trace "fifo.fifo_sva_i._assert_14".
0.0.N: Stopped processing property "fifo.fifo_sva_i._assert_14"	[0.01 s].
0.0.N: Starting proof for property "fifo.fifo_sva_i._assert_15"	[0.00 s].
0.0.Hp: Trace Attempt  1	[0.03 s]
0.0.N: Trace Attempt  1	[0.00 s]
0: ProofGrid is temporarily paused because there are too many pending traces.
0: ProofGrid is resuming to work after pausing for 0s. The amount of pending traces decreased.
0.0.Hp: A trace with 1 cycles was found. [0.03 s]
INFO (IPF047): 0.0.Hp: The cover property "fifo.fifo_sva_i._assert_15:precondition1" was covered in 1 cycles in 0.07 s.
0.0.N: A trace with 1 cycles was found. [0.00 s]
INFO (IPF055): 0.0.N: A counterexample (cex) with 1 cycles was found for the property "fifo.fifo_sva_i._assert_15" in 0.01 s.
0.0.N: Stopped processing property "fifo.fifo_sva_i._assert_15"	[0.01 s].
0.0.Hp: A trace with 1 cycles was found. [0.04 s]
INFO (IPF047): 0.0.Hp: The cover property "fifo.fifo_sva_i._cover_19" was covered in 1 cycles in 0.08 s.
0: ProofGrid is temporarily paused because there are too many pending traces.
0: ProofGrid is resuming to work after pausing for 0s. The amount of pending traces decreased.
0.0.Hp: A trace with 1 cycles was found. [0.05 s]
INFO (IPF047): 0.0.Hp: The cover property "fifo.fifo_sva_i._cover_20" was covered in 1 cycles in 0.09 s.
0: ProofGrid is temporarily paused because there are too many pending traces.
0: ProofGrid is resuming to work after pausing for 0s. The amount of pending traces decreased.
0.0.Hp: A trace with 1 cycles was found. [0.05 s]
INFO (IPF047): 0.0.Hp: The cover property "fifo.fifo_sva_i._cover_21" was covered in 1 cycles in 0.10 s.
0.0.Ht: Proofgrid shell started at 4185612@della-r3c2n6(local) jg_4185530_della-r3c2n6_1
0.0.B: Proofgrid shell started at 4185613@della-r3c2n6(local) jg_4185530_della-r3c2n6_1
0.0.N: Starting proof for property "fifo.fifo_sva_i._cover_16"	[0.00 s].
0.0.N: Trace Attempt  1	[0.00 s]
0.0.N: A max_length bound was found. The shortest trace is no longer than 134217728 cycles. [0.00 s]
INFO (IPF008): 0.0.N: A max_length bound of 134217728 was found for the property "fifo.fifo_sva_i._cover_16" in 0.00 s.
0.0.N: Trace Attempt  2	[0.00 s]
0.0.N: Trace Attempt  2	[0.00 s]
0.0.N: Trace Attempt  3	[0.00 s]
0.0.N: Trace Attempt  4	[0.00 s]
0.0.N: Trace Attempt  4	[0.00 s]
0.0.N: Trace Attempt  5	[0.00 s]
0.0.N: Trace Attempt  5	[0.00 s]
0.0.N: A trace with 5 cycles was found. [0.01 s]
INFO (IPF047): 0.0.N: The cover property "fifo.fifo_sva_i._cover_16" was covered in 5 cycles in 0.01 s.
0.0.N: Stopped processing property "fifo.fifo_sva_i._cover_16"	[0.01 s].
0.0.N: Starting proof for property "fifo.fifo_sva_i._cover_17"	[0.00 s].
0.0.Ht: OS RSS memory limit : 17179869184 / 17179869184
0.0.N: Trace Attempt  1	[0.00 s]
0.0.N: Trace Attempt  2	[0.00 s]
0.0.Ht: clocks: 1, declared: 1, disabling: 0, posedge: 1, negedge: 0, noedge: 0, bothedge: 0
0.0.B: OS RSS memory limit : 17179869184 / 17179869184
0.0.N: Trace Attempt  2	[0.01 s]
0.0.B: clocks: 1, declared: 1, disabling: 0, posedge: 1, negedge: 0, noedge: 0, bothedge: 0
0.0.B: Next scan (0) will use per property time limit: 1s * 10 ^ 0 = 1s
0.0.B: Starting proof for property "fifo.fifo_sva_i._cover_17"	[0.00 s].
0.0.N: Trace Attempt  3	[0.02 s]
0.0.N: Trace Attempt  4	[0.02 s]
0.0.N: Trace Attempt  4	[0.03 s]
0.0.B: Trace Attempt  1	[0.02 s]
0.0.Ht: Trace Attempt  1	[0.04 s]
0.0.Ht: Trace Attempt  2	[0.04 s]
0.0.Ht: Trace Attempt  3	[0.04 s]
0.0.Ht: Trace Attempt  4	[0.04 s]
0.0.Ht: Trace Attempt  5	[0.04 s]
0.0.Ht: A trace with 5 cycles was found. [0.04 s]
INFO (IPF047): 0.0.Ht: The cover property "fifo.fifo_sva_i._cover_18" was covered in 5 cycles in 0.01 s.
0.0.N: Trace Attempt  5	[0.06 s]
0.0.B: Trace Attempt  2	[0.04 s]
0.0.B: Trace Attempt  3	[0.06 s]
0.0.B: Trace Attempt  4	[0.07 s]
0.0.B: Trace Attempt  5	[0.09 s]
0: ProofGrid usable level: 1
0.0.N: Trace Attempt 28	[0.88 s]
0.0.N: Per property time limit expired (1.00 s) [1.02 s]
0.0.N: Stopped processing property "fifo.fifo_sva_i._cover_17"	[0.98 s].
0.0.N: Last scan. Per property time limit: 0s
0.0.N: Starting proof for property "fifo.fifo_sva_i._cover_17"	[0.00 s].
0.0.B: Trace Attempt 50	[0.98 s]
0.0.B: Per property time limit expired (0.99 s) [1.02 s]
0.0.B: Stopped processing property "fifo.fifo_sva_i._cover_17"	[1.00 s].
0.0.B: Last scan. Per property time limit: 0s
0.0.B: Starting proof for property "fifo.fifo_sva_i._cover_17"	[0.00 s].
0.0.B: Trace Attempt  1	[0.01 s]
0.0.B: Trace Attempt  2	[0.02 s]
0.0.B: Trace Attempt  3	[0.03 s]
0.0.B: Trace Attempt  4	[0.05 s]
0.0.B: Trace Attempt  5	[0.06 s]
0.0.N: Trace Attempt 28	[0.14 s]
0.0.Ht: Trace Attempt 2768	[4.04 s]
0.0.B: Trace Attempt 164	[4.07 s]
0.0.N: Trace Attempt 57	[4.24 s]
0.0.Ht: Trace Attempt 3887	[8.05 s]
0.0.B: Trace Attempt 287	[8.09 s]
0.0.N: Trace Attempt 73	[8.33 s]
0.0.Ht: Trace Attempt 4133	[12.09 s]
0.0.B: Trace Attempt 392	[12.11 s]
0.0.N: Trace Attempt 85	[12.58 s]
0.0.Ht: Trace Attempt 4163	[16.10 s]
0.0.B: Trace Attempt 486	[16.14 s]
0.0.N: Trace Attempt 96	[16.95 s]
0.0.B: Trace Attempt 572	[20.26 s]
0.0.N: Trace Attempt 102	[20.96 s]
0.0.B: Trace Attempt 650	[24.27 s]
0.0.N: Trace Attempt 109	[26.04 s]
0.0.B: Trace Attempt 723	[28.32 s]
0.0.N: Trace Attempt 117	[31.41 s]
0.0.B: Trace Attempt 791	[32.37 s]
0.0.N: Trace Attempt  1	[34.45 s]
0.0.N: Trace Attempt  2	[34.45 s]
0.0.N: Trace Attempt  3	[34.45 s]
0.0.B: Trace Attempt 853	[36.37 s]
0.0.N: Trace Attempt  1	[37.45 s]
0.0.N: Trace Attempt  2	[37.45 s]
0.0.N: Trace Attempt  3	[37.45 s]
0.0.Ht: Trace Attempt 4180	[38.81 s]
0.0.N: Trace Attempt  1	[40.15 s]
0.0.N: Trace Attempt  2	[40.15 s]
0.0.N: Trace Attempt  3	[40.15 s]
0.0.B: Trace Attempt 913	[40.39 s]
0.0.N: Trace Attempt  1	[43.27 s]
0.0.N: Trace Attempt  2	[43.27 s]
0.0.N: Trace Attempt  3	[43.27 s]
0.0.B: Trace Attempt 970	[44.42 s]
0.0.Ht: Trace Attempt 4198	[45.56 s]
0.0.N: Trace Attempt  1	[46.34 s]
0.0.N: Trace Attempt  2	[46.34 s]
0.0.N: Trace Attempt  3	[46.34 s]
0.0.B: Trace Attempt 1024	[48.45 s]
0.0.Ht: Trace Attempt 4249	[49.60 s]
0.0.N: Trace Attempt  1	[49.40 s]
0.0.N: Trace Attempt  2	[49.40 s]
0.0.N: Trace Attempt  3	[49.40 s]
0.0.B: Trace Attempt 1076	[52.52 s]
0.0.N: Trace Attempt  1	[52.70 s]
0.0.N: Trace Attempt  2	[52.70 s]
0.0.N: Trace Attempt  3	[52.70 s]
0.0.N: Trace Attempt  1	[55.80 s]
0.0.N: Trace Attempt  2	[55.81 s]
0.0.N: Trace Attempt  3	[55.81 s]
0.0.B: Trace Attempt 1125	[56.55 s]
0.0.N: Trace Attempt  1	[58.86 s]
0.0.N: Trace Attempt  2	[58.86 s]
0.0.N: Trace Attempt  3	[58.86 s]
0.0.B: Trace Attempt 1172	[60.61 s]
0.0.N: Trace Attempt  1	[62.26 s]
0.0.N: Trace Attempt  2	[62.26 s]
0.0.N: Trace Attempt  3	[62.26 s]
0.0.B: Trace Attempt 1220	[64.62 s]
0.0.N: Trace Attempt  1	[65.84 s]
0.0.N: Trace Attempt  2	[65.84 s]
0.0.N: Trace Attempt  3	[65.84 s]
0.0.B: Trace Attempt 1264	[68.69 s]
0.0.N: Trace Attempt  1	[69.63 s]
0.0.N: Trace Attempt  2	[69.63 s]
0.0.N: Trace Attempt  3	[69.63 s]
0.0.B: Trace Attempt 1309	[72.69 s]
0.0.N: Trace Attempt  1	[73.03 s]
0.0.N: Trace Attempt  2	[73.03 s]
0.0.N: Trace Attempt  3	[73.03 s]
0.0.N: Trace Attempt  1	[76.46 s]
0.0.N: Trace Attempt  2	[76.46 s]
0.0.N: Trace Attempt  3	[76.46 s]
0.0.B: Trace Attempt 1349	[76.70 s]
0.0.Ht: Trace Attempt 4267	[78.06 s]
0.0.N: Trace Attempt  1	[80.09 s]
0.0.N: Trace Attempt  2	[80.09 s]
0.0.N: Trace Attempt  3	[80.09 s]
0.0.B: Trace Attempt 1391	[80.72 s]
0.0.Ht: Trace Attempt 4271	[84.33 s]
0.0.N: Trace Attempt  1	[84.00 s]
0.0.N: Trace Attempt  2	[84.00 s]
0.0.N: Trace Attempt  3	[84.00 s]
0.0.B: Trace Attempt 1428	[84.75 s]
0.0.Ht: Trace Attempt 4291	[88.53 s]
0.0.N: Trace Attempt  1	[88.05 s]
0.0.N: Trace Attempt  2	[88.05 s]
0.0.N: Trace Attempt  3	[88.05 s]
0.0.B: Trace Attempt 1468	[88.81 s]
0.0.N: Trace Attempt  1	[91.55 s]
0.0.N: Trace Attempt  2	[91.55 s]
0.0.N: Trace Attempt  3	[91.55 s]
0.0.Ht: Trace Attempt 4316	[93.65 s]
0.0.B: Trace Attempt 1507	[92.86 s]
0.0.N: Trace Attempt  1	[95.40 s]
0.0.N: Trace Attempt  2	[95.41 s]
0.0.N: Trace Attempt  3	[95.41 s]
0.0.B: Trace Attempt 1541	[96.92 s]
0.0.N: Trace Attempt  1	[98.98 s]
0.0.N: Trace Attempt  2	[98.98 s]
0.0.N: Trace Attempt  3	[98.98 s]
0.0.B: Trace Attempt 1578	[100.98 s]
0.0.N: Trace Attempt  1	[102.82 s]
0.0.N: Trace Attempt  2	[102.82 s]
0.0.N: Trace Attempt  3	[102.82 s]
0.0.B: Trace Attempt 1614	[105.00 s]
0.0.Ht: Trace Attempt 4343	[106.59 s]
0.0.N: Trace Attempt  1	[106.97 s]
0.0.N: Trace Attempt  2	[106.97 s]
0.0.N: Trace Attempt  3	[106.97 s]
0.0.B: Trace Attempt 1649	[109.02 s]
0.0.N: Trace Attempt 143	[111.44 s]
0.0.N: Trace Attempt  1	[111.75 s]
0.0.N: Trace Attempt  2	[111.75 s]
0.0.N: Trace Attempt  3	[111.75 s]
0.0.B: Trace Attempt 1680	[113.13 s]
0.0.N: Trace Attempt 144	[116.13 s]
0.0.N: Trace Attempt  1	[116.41 s]
0.0.N: Trace Attempt  2	[116.41 s]
0.0.N: Trace Attempt  3	[116.41 s]
0.0.B: Trace Attempt 1714	[117.16 s]
0.0.N: Trace Attempt  1	[120.30 s]
0.0.N: Trace Attempt  2	[120.30 s]
0.0.N: Trace Attempt  3	[120.30 s]
0.0.B: Trace Attempt 1747	[121.17 s]
0.0.B: Trace Attempt 1780	[125.29 s]
0.0.N: Trace Attempt 146	[125.52 s]
0.0.N: Trace Attempt  1	[125.86 s]
0.0.N: Trace Attempt  2	[125.86 s]
0.0.N: Trace Attempt  3	[125.86 s]
0.0.B: Trace Attempt 1812	[129.36 s]
0.0.N: Trace Attempt  1	[129.76 s]
0.0.N: Trace Attempt  2	[129.76 s]
0.0.N: Trace Attempt  3	[129.76 s]
0.0.B: Trace Attempt 1839	[133.38 s]
0.0.N: Trace Attempt  1	[134.06 s]
0.0.N: Trace Attempt  2	[134.06 s]
0.0.N: Trace Attempt  3	[134.06 s]
0.0.Ht: Trace Attempt 4347	[138.32 s]
0.0.B: Trace Attempt 1870	[137.43 s]
0.0.N: Trace Attempt  1	[137.88 s]
0.0.N: Trace Attempt  2	[137.88 s]
0.0.N: Trace Attempt  3	[137.88 s]
0.0.Ht: Trace Attempt 4370	[142.44 s]
0.0.B: Trace Attempt 1900	[141.43 s]
0.0.N: Trace Attempt 150	[142.78 s]
0.0.N: Trace Attempt  1	[143.11 s]
0.0.N: Trace Attempt  2	[143.11 s]
0.0.N: Trace Attempt  3	[143.11 s]
0.0.Ht: Trace Attempt 4380	[146.45 s]
0.0.B: Trace Attempt 1930	[145.54 s]
0.0.N: Trace Attempt 151	[147.81 s]
0.0.N: Trace Attempt  1	[148.14 s]
0.0.N: Trace Attempt  2	[148.14 s]
0.0.N: Trace Attempt  3	[148.14 s]
0.0.B: Trace Attempt 1959	[149.58 s]
0.0.Ht: Trace Attempt 4399	[152.90 s]
0.0.N: Trace Attempt 152	[153.68 s]
0.0.B: Trace Attempt 1988	[153.68 s]
0.0.N: Trace Attempt  1	[153.98 s]
0.0.N: Trace Attempt  2	[153.98 s]
0.0.N: Trace Attempt  3	[153.98 s]
0.0.B: Trace Attempt 2012	[157.76 s]
0.0.N: Trace Attempt  1	[158.26 s]
0.0.N: Trace Attempt  2	[158.26 s]
0.0.N: Trace Attempt  3	[158.27 s]
0.0.B: Trace Attempt 2040	[161.84 s]
0.0.N: Trace Attempt 154	[163.25 s]
0.0.N: Trace Attempt  1	[163.61 s]
0.0.N: Trace Attempt  2	[163.61 s]
0.0.N: Trace Attempt  3	[163.61 s]
0.0.B: Trace Attempt 2068	[165.96 s]
0.0.N: Trace Attempt 155	[167.86 s]
0.0.N: Trace Attempt  1	[168.22 s]
0.0.N: Trace Attempt  2	[168.22 s]
0.0.N: Trace Attempt  3	[168.22 s]
0.0.B: Trace Attempt 2095	[169.99 s]
0.0.N: Trace Attempt 156	[173.17 s]
0.0.N: Trace Attempt  1	[173.51 s]
0.0.N: Trace Attempt  2	[173.51 s]
0.0.N: Trace Attempt  3	[173.51 s]
0.0.B: Trace Attempt 2122	[174.12 s]
0.0.Ht: Trace Attempt 4414	[175.34 s]
0.0.B: Trace Attempt 2148	[178.16 s]
0.0.N: Trace Attempt 157	[179.22 s]
0.0.N: Trace Attempt  1	[179.59 s]
0.0.N: Trace Attempt  2	[179.59 s]
0.0.N: Trace Attempt  3	[179.59 s]
0.0.B: Trace Attempt 2173	[182.16 s]
0.0.N: Trace Attempt 158	[184.83 s]
0.0.N: Trace Attempt  1	[185.18 s]
0.0.N: Trace Attempt  2	[185.18 s]
0.0.N: Trace Attempt  3	[185.18 s]
0.0.B: Trace Attempt 2198	[186.18 s]
0.0.B: Trace Attempt 2218	[190.23 s]
0.0.N: Trace Attempt 159	[190.63 s]
0.0.N: Trace Attempt  1	[190.97 s]
0.0.N: Trace Attempt  2	[190.97 s]
0.0.N: Trace Attempt  3	[190.97 s]
0.0.B: Trace Attempt 2243	[194.28 s]
0.0.N: Trace Attempt 160	[195.57 s]
0.0.N: Trace Attempt  1	[195.91 s]
0.0.N: Trace Attempt  2	[195.91 s]
0.0.N: Trace Attempt  3	[195.91 s]
0.0.B: Trace Attempt 2268	[198.39 s]
0.0.N: Trace Attempt 161	[200.62 s]
0.0.N: Trace Attempt  1	[200.96 s]
0.0.N: Trace Attempt  2	[200.96 s]
0.0.N: Trace Attempt  3	[200.96 s]
0.0.B: Trace Attempt 2292	[202.41 s]
0.0.B: Trace Attempt 2316	[206.46 s]
0.0.N: Trace Attempt 162	[206.71 s]
0.0.N: Trace Attempt  1	[207.07 s]
0.0.N: Trace Attempt  2	[207.07 s]
0.0.N: Trace Attempt  3	[207.07 s]
0.0.B: Trace Attempt 2340	[210.56 s]
0.0.N: Trace Attempt 163	[212.89 s]
0.0.N: Trace Attempt  1	[213.25 s]
0.0.N: Trace Attempt  2	[213.25 s]
0.0.N: Trace Attempt  3	[213.25 s]
0.0.B: Trace Attempt 2363	[214.57 s]
0.0.B: Trace Attempt 2386	[218.63 s]
0.0.N: Trace Attempt 164	[219.83 s]
0.0.N: Trace Attempt  1	[220.19 s]
0.0.N: Trace Attempt  2	[220.19 s]
0.0.N: Trace Attempt  3	[220.19 s]
0.0.B: Trace Attempt 2409	[222.75 s]
0.0.B: Trace Attempt 2432	[226.92 s]
0.0.N: Trace Attempt 165	[227.41 s]
0.0.N: Trace Attempt  1	[227.80 s]
0.0.N: Trace Attempt  2	[227.80 s]
0.0.N: Trace Attempt  3	[227.80 s]
0.0.B: Trace Attempt 2454	[230.97 s]
0.0.N: Trace Attempt 166	[232.63 s]
0.0.N: Trace Attempt  1	[233.05 s]
0.0.N: Trace Attempt  2	[233.05 s]
0.0.N: Trace Attempt  3	[233.05 s]
0.0.B: Trace Attempt 2474	[235.66 s]
0.0.Ht: Trace Attempt 4427	[238.16 s]
0.0.B: Trace Attempt 2496	[239.75 s]
0.0.N: Trace Attempt 167	[240.54 s]
0.0.N: Trace Attempt  1	[240.98 s]
0.0.N: Trace Attempt  2	[240.98 s]
0.0.N: Trace Attempt  3	[240.98 s]
0.0.Ht: Trace Attempt 4431	[242.21 s]
0.0.B: Trace Attempt 2518	[243.85 s]
0.0.Ht: Trace Attempt 4450	[246.38 s]
0.0.N: Trace Attempt 168	[246.59 s]
0.0.N: Trace Attempt  1	[246.99 s]
0.0.N: Trace Attempt  2	[246.99 s]
0.0.N: Trace Attempt  3	[247.00 s]
0.0.B: Trace Attempt 2540	[247.99 s]
0.0.Ht: Trace Attempt 4457	[250.60 s]
0.0.N: Stopped processing property "fifo.fifo_sva_i._cover_17"	[250.23 s].
0.0.N: Morphing to AM
0.0.N: Trace Attempt 168	[248.21 s]
0.0.N: All properties determined. [0.00 s]
0.0.N: Exited with Success (@ 0.00 s)
0.0.AM: clocks: 1, declared: 1, disabling: 0, posedge: 1, negedge: 0, noedge: 0, bothedge: 0
0.0.AM: Starting proof for property "fifo.fifo_sva_i._cover_17"	[0.00 s].
0.0.AM: Trace Attempt  1	[0.00 s]
0.0.AM: Trace Attempt  2	[0.00 s]
0.0.AM: Trace Attempt  3	[0.00 s]
0.0.AM: Trace Attempt  4	[0.00 s]
0.0.AM: Trace Attempt  5	[0.01 s]
0.0.B: Stopped processing property "fifo.fifo_sva_i._cover_17"	[252.09 s].
0.0.B: Morphing to K
0.0.B: Trace Attempt 2551	[250.08 s]
0.0.B: All properties determined. [0.00 s]
0.0.B: Exited with Success (@ 0.00 s)
0.0.K: clocks: 1, declared: 1, disabling: 0, posedge: 1, negedge: 0, noedge: 0, bothedge: 0
0.0.K: Starting proof for property "fifo.fifo_sva_i._cover_17"	[0.00 s].
0.0.K: Trace Attempt 168	[1.20 s]
0.0.Ht: Trace Attempt 4476	[254.71 s]
0.0.AM: Trace Attempt 177	[4.01 s]
0.0.K: Trace Attempt  1	[4.95 s]
0.0.K: Trace Attempt  2	[4.95 s]
0.0.K: Trace Attempt  3	[4.95 s]
0.0.K: Trace Attempt  4	[4.95 s]
0.0.K: Trace Attempt  5	[4.95 s]
0.0.AM: Trace Attempt 208	[8.24 s]
0.0.AM: Trace Attempt 260	[12.31 s]
0.0.K: Trace Attempt  1	[12.57 s]
0.0.K: Trace Attempt  2	[12.57 s]
0.0.K: Trace Attempt  3	[12.57 s]
0.0.K: Trace Attempt  4	[12.57 s]
0.0.K: Trace Attempt  5	[12.57 s]
0.0.AM: Stopped processing property "fifo.fifo_sva_i._cover_17"	[16.31 s].
0.0.AM: Morphing to Tri
0.0.AM: Trace Attempt 279	[16.29 s]
0.0.AM: All properties determined. [0.00 s]
0.0.AM: Exited with Success (@ 0.00 s)
0.0.Tri: clocks: 1, declared: 1, disabling: 0, posedge: 1, negedge: 0, noedge: 0, bothedge: 0
0.0.Tri: Starting proof for property "fifo.fifo_sva_i._cover_17"	[0.00 s].
0.0.Tri: Trace Attempt  1	[0.00 s]
0.0.Tri:    0.00" ---- Launching main thread ----
0.0.K: Stopped processing property "fifo.fifo_sva_i._cover_17"	[14.62 s].
0.0.K: Morphing to AB
0.0.K: Trace Attempt 176	[13.87 s]
0.0.K: All properties determined. [0.00 s]
0.0.K: Exited with Success (@ 0.00 s)
0.0.AB: clocks: 1, declared: 1, disabling: 0, posedge: 1, negedge: 0, noedge: 0, bothedge: 0
0.0.AB: Starting proof for property "fifo.fifo_sva_i._cover_17"	[0.00 s].
0.0.AB: Trace Attempt  1	[0.00 s]
0.0.AB: Trace Attempt  2	[0.00 s]
0.0.AB: Trace Attempt  3	[0.00 s]
0.0.AB: Trace Attempt  4	[0.00 s]
0.0.AB: Trace Attempt  5	[0.00 s]
0.0.Tri:    0.14" ---- Launching abstraction thread ----
0.0.Tri:    0.16" ---- Launching multi-phase simplification thread ----
0.0.Tri: Trace Attempt  2	[0.30 s]
0.0.Tri: Trace Attempt  3	[0.30 s]
0.0.Tri: Trace Attempt  4	[0.30 s]
0.0.Tri: Trace Attempt  5	[0.30 s]
0.0.Tri:    3.04" Simplification phase 1 complete
0.0.Tri: Trace Attempt 1847	[4.32 s]
0.0.AB: Trace Attempt 171	[4.20 s]
0.0.AB: Trace Attempt 217	[8.40 s]
0.0.Tri: Trace Attempt 2650	[8.56 s]
0.0.Hp: Interrupted (multi)
0.0.Hp: Morphing to Mp
0.0.Hp: All properties determined. [0.00 s]
0.0.Hp: Exited with Success (@ 0.00 s)
0.0.Mp: clocks: 1, declared: 1, disabling: 0, posedge: 1, negedge: 0, noedge: 0, bothedge: 0
0.0.Mp: Trace Attempt  1	[0.02 s]
0.0.Mp: Trace Attempt  2	[0.03 s]
0.0.Mp: Trace Attempt  3	[0.09 s]
0.0.Mp: Trace Attempt  3	[0.10 s]
0.0.Mp: Trace Attempt  4	[0.10 s]
0.0.Mp: Trace Attempt  4	[0.11 s]
0.0.Mp: Trace Attempt  5	[0.11 s]
0.0.Mp: Trace Attempt  5	[0.13 s]
0.0.Tri: Trace Attempt 3105	[12.75 s]
0.0.AB: Trace Attempt 256	[13.06 s]
0.0.Mp: Trace Attempt 71	[4.42 s]
0.0.Ht: Trace Attempt 4485	[283.97 s]
0.0.Tri: Trace Attempt 3629	[16.75 s]
0.0.Mp: Trace Attempt 78	[8.68 s]
0.0.AB: Trace Attempt 291	[18.39 s]
0.0.Ht: Trace Attempt 4488	[288.12 s]
0.0.Tri: Trace Attempt 3890	[20.77 s]
0.0.Mp: Trace Attempt 86	[12.87 s]
0.0.AB: Trace Attempt 315	[22.91 s]
0.0.Mp: Trace Attempt 95	[17.03 s]
0.0.AB: Trace Attempt 328	[27.63 s]
0.0.Tri: Trace Attempt 4098	[28.86 s]
0.0.Mp: Trace Attempt 106	[21.35 s]
0.0.AB: Trace Attempt 350	[32.09 s]
0.0.Tri: Trace Attempt 4125	[32.87 s]
0.0.Mp: Trace Attempt 120	[25.39 s]
0.0.AB: Trace Attempt 358	[36.77 s]
0.0.Tri: Trace Attempt 4154	[38.03 s]
0.0.Mp: Trace Attempt 132	[30.09 s]
0.0.AB: Trace Attempt 374	[40.98 s]
0.0.Tri: Trace Attempt 4180	[42.58 s]
0.0.Tri: Trace Attempt 4200	[46.59 s]
0.0.AB: Trace Attempt 387	[46.66 s]
0.0.Mp: Trace Attempt 189	[38.61 s]
0.0.Tri: Trace Attempt 4221	[51.33 s]
0.0.Mp: Trace Attempt 209	[42.68 s]
0.0.AB: Trace Attempt 396	[51.76 s]
0.0.Mp: Trace Attempt 234	[46.78 s]
0.0.Tri: Trace Attempt 4234	[55.94 s]
0.0.AB: Trace Attempt 406	[56.74 s]
0.0.Mp: Trace Attempt 259	[51.06 s]
0.0.Tri: Trace Attempt 4254	[60.58 s]
0.0.AB: Trace Attempt 413	[61.02 s]
0.0.Mp: Trace Attempt 293	[55.11 s]
0.0.Tri: Trace Attempt 4272	[65.28 s]
0.0.AB: Trace Attempt 426	[68.09 s]
0.0.Tri: Trace Attempt 4288	[69.82 s]
0.0.Mp: Trace Attempt 336	[62.17 s]
0.0.AB: Trace Attempt 431	[72.14 s]
0.0.Tri: Trace Attempt 4301	[74.47 s]
0.0.Tri:   74.91" Simplification phase 2 complete
0.0.Ht: Trace Attempt 4505	[343.10 s]
0.0.AB: Trace Attempt 440	[77.14 s]
0.0.Mp: Trace Attempt 338	[69.01 s]
0.0.Tri: Trace Attempt 4315	[79.09 s]
0.0.AB: Trace Attempt 454	[81.35 s]
0.0.Mp: Trace Attempt 339	[73.04 s]
0.0.Ht: Trace Attempt 4518	[349.85 s]
0.0.Tri: Trace Attempt 4326	[83.10 s]
0.0.AB: Trace Attempt 456	[85.81 s]
0.0.Ht: Trace Attempt 4534	[353.95 s]
0.0.Tri: Trace Attempt 4336	[87.89 s]
0.0.Mp: Trace Attempt 341	[79.67 s]
0.0.AB: Trace Attempt 468	[89.89 s]
0.0.Tri: Trace Attempt 4346	[92.35 s]
0.0.Ht: Trace Attempt 4548	[360.58 s]
0.0.AB: Trace Attempt 478	[94.07 s]
0.0.Mp: Trace Attempt 343	[86.45 s]
0.0.Tri: Trace Attempt 4355	[96.88 s]
0.0.AB: Trace Attempt 485	[98.16 s]
0.0.Tri: Trace Attempt 4364	[101.20 s]
0.0.Mp: Trace Attempt 345	[93.00 s]
0.0.AB: Trace Attempt 493	[105.40 s]
0.0.Tri: Trace Attempt 4373	[105.74 s]
0.0.Mp: Trace Attempt 347	[99.51 s]
0.0.Tri: Trace Attempt 4381	[110.06 s]
0.0.AB: Trace Attempt 502	[110.39 s]
0.0.Tri: Trace Attempt 4388	[114.39 s]
0.0.AB: Trace Attempt 511	[114.42 s]
0.0.Mp: Trace Attempt 349	[106.61 s]
0.0.Ht: Trace Attempt 4556	[385.41 s]
0.0.Tri: Trace Attempt 4394	[118.71 s]
0.0.AB: Trace Attempt 520	[118.83 s]
0.0.Mp: Trace Attempt 351	[112.96 s]
0.0.Ht: Trace Attempt 4567	[389.42 s]
0.0.AB: Trace Attempt 531	[122.93 s]
0.0.Tri: Trace Attempt 4401	[123.24 s]
0.0.Ht: Trace Attempt 4576	[393.58 s]
0.0.Tri: Trace Attempt 4408	[127.66 s]
0.0.Mp: Trace Attempt 353	[119.44 s]
0.0.AB: Trace Attempt 537	[130.95 s]
0.0.Ht: Trace Attempt 4579	[398.77 s]
0.0.Tri: Trace Attempt 4413	[132.09 s]
0.0.Mp: Trace Attempt 355	[126.03 s]
0.0.AB: Trace Attempt 541	[135.21 s]
0.0.Tri: Trace Attempt 4419	[136.69 s]
0.0.AB: Trace Attempt 546	[139.55 s]
0.0.Tri: Trace Attempt 4424	[141.07 s]
0.0.Mp: Trace Attempt 357	[132.57 s]
0.0.AB: Trace Attempt 552	[143.93 s]
0.0.Tri: Trace Attempt 4429	[145.38 s]
0.0.Mp: Trace Attempt 359	[139.61 s]
0.0.AB: Trace Attempt 562	[148.31 s]
0.0.Tri: Trace Attempt 4434	[149.70 s]
0.0.AB: Trace Attempt 563	[153.42 s]
0.0.Tri: Trace Attempt 4439	[154.30 s]
0.0.Mp: Trace Attempt 361	[145.90 s]
0.0.AB: Trace Attempt 568	[158.52 s]
0.0.Tri: Trace Attempt 4445	[158.79 s]
0.0.Mp: Trace Attempt 363	[152.17 s]
0.0.Tri: Trace Attempt 4450	[163.34 s]
0.0.AB: Trace Attempt 571	[163.31 s]
0.0.Mp: Trace Attempt 365	[158.24 s]
0.0.Tri: Trace Attempt 4454	[167.49 s]
0.0.AB: Trace Attempt 578	[167.89 s]
0.0.Tri: Trace Attempt 4459	[172.71 s]
0.0.Mp: Trace Attempt 367	[164.36 s]
0.0.AB: Trace Attempt 584	[175.53 s]
0.0.Tri: Stopped processing property "fifo.fifo_sva_i._cover_17"	[176.83 s].
0.0.Tri: Morphing to N
0.0.Tri: Trace Attempt 4463	[176.23 s]
0.0.Tri: All properties determined. [0.00 s]
0.0.Tri: Exited with Success (@ 0.00 s)
0.0.N: clocks: 1, declared: 1, disabling: 0, posedge: 1, negedge: 0, noedge: 0, bothedge: 0
0.0.N: Starting proof for property "fifo.fifo_sva_i._cover_17"	[0.00 s].
0.0.N: Trace Attempt 176	[1.29 s]
0.0.Mp: Trace Attempt 369	[171.16 s]
0.0.AB: Trace Attempt 586	[179.93 s]
0.0.N: Trace Attempt 177	[5.55 s]
0.0.N: Trace Attempt  1	[5.91 s]
0.0.N: Trace Attempt  2	[5.91 s]
0.0.N: Trace Attempt  3	[5.91 s]
0.0.AB: Trace Attempt 590	[184.59 s]
0.0.Mp: Trace Attempt 371	[177.28 s]
0.0.Ht: Trace Attempt 4583	[455.25 s]
0.0.N: Trace Attempt 178	[12.62 s]
0.0.N: Trace Attempt  1	[12.97 s]
0.0.N: Trace Attempt  2	[12.97 s]
0.0.N: Trace Attempt  3	[12.97 s]
0.0.AB: Trace Attempt 596	[189.68 s]
0.0.Ht: Trace Attempt 4590	[459.33 s]
0.0.Mp: Trace Attempt 373	[183.27 s]
0.0.Ht: Trace Attempt 4600	[463.33 s]
0.0.AB: Trace Attempt 599	[195.96 s]
0.0.N: Trace Attempt 179	[19.91 s]
0.0.N: Trace Attempt  1	[20.26 s]
0.0.N: Trace Attempt  2	[20.26 s]
0.0.N: Trace Attempt  3	[20.26 s]
0.0.Mp: Trace Attempt 375	[189.28 s]
0.0.Ht: Trace Attempt 4610	[469.50 s]
0.0.AB: Trace Attempt 604	[203.38 s]
0.0.Mp: Trace Attempt 377	[195.29 s]
0.0.N: Trace Attempt 180	[27.48 s]
0.0.N: Trace Attempt  1	[27.84 s]
0.0.N: Trace Attempt  2	[27.84 s]
0.0.N: Trace Attempt  3	[27.84 s]
0.0.Ht: Trace Attempt 4624	[473.75 s]
0.0.AB: Trace Attempt 611	[207.57 s]
0.0.Mp: Trace Attempt 379	[201.91 s]
0.0.N: Trace Attempt 181	[34.74 s]
0.0.AB: Trace Attempt 616	[211.78 s]
0.0.N: Trace Attempt  1	[35.26 s]
0.0.N: Trace Attempt  2	[35.26 s]
0.0.N: Trace Attempt  3	[35.27 s]
0.0.Mp: Trace Attempt 381	[207.70 s]
0.0.AB: Trace Attempt 622	[216.48 s]
0.0.N: Trace Attempt 182	[43.25 s]
0.0.N: Trace Attempt  1	[43.62 s]
0.0.N: Trace Attempt  2	[43.62 s]
0.0.N: Trace Attempt  3	[43.62 s]
0.0.AB: Trace Attempt 629	[220.90 s]
0.0.Ht: Trace Attempt 4627	[489.39 s]
0.0.Mp: Trace Attempt 383	[213.56 s]
0.0.AB: Trace Attempt 634	[225.48 s]
0.0.Ht: Trace Attempt 4640	[493.57 s]
0.0.N: Trace Attempt 183	[51.14 s]
0.0.Mp: Trace Attempt 385	[219.48 s]
0.0.N: Trace Attempt  1	[51.59 s]
0.0.N: Trace Attempt  2	[51.59 s]
0.0.N: Trace Attempt  3	[51.59 s]
0.0.Ht: Trace Attempt 4641	[497.60 s]
0.0.Ht: Trace Attempt 4654	[501.71 s]
0.0.Mp: Trace Attempt 387	[225.36 s]
0.0.AB: Trace Attempt 637	[234.44 s]
0.0.N: Trace Attempt 184	[58.92 s]
0.0.N: Trace Attempt  1	[59.34 s]
0.0.N: Trace Attempt  2	[59.34 s]
0.0.N: Trace Attempt  3	[59.35 s]
0.0.AB: Trace Attempt 641	[238.81 s]
0.0.Mp: Trace Attempt 389	[231.86 s]
0.0.AB: Trace Attempt 645	[244.94 s]
0.0.N: Trace Attempt 185	[68.31 s]
0.0.N: Trace Attempt  1	[68.78 s]
0.0.N: Trace Attempt  2	[68.78 s]
0.0.N: Trace Attempt  3	[68.78 s]
0.0.Mp: Trace Attempt 391	[237.70 s]
0.0.AB: Trace Attempt 650	[249.27 s]
0.0.Mp: Trace Attempt 393	[243.44 s]
0.0.N: Trace Attempt 186	[76.34 s]
0.0.N: Trace Attempt  1	[76.74 s]
0.0.N: Trace Attempt  2	[76.74 s]
0.0.N: Trace Attempt  3	[76.74 s]
0.0.AB: Trace Attempt 654	[255.01 s]
0.0.Mp: Trace Attempt 395	[249.06 s]
0.0.AB: Trace Attempt 659	[259.03 s]
0.0.N: Trace Attempt 187	[84.76 s]
0.0.N: Trace Attempt  1	[85.22 s]
0.0.N: Trace Attempt  2	[85.22 s]
0.0.N: Trace Attempt  3	[85.22 s]
0.0.Mp: Trace Attempt 397	[254.74 s]
0.0.AB: Trace Attempt 661	[263.62 s]
0.0.AB: Trace Attempt 668	[267.73 s]
0.0.N: Trace Attempt 188	[91.46 s]
0.0.N: Trace Attempt  1	[91.85 s]
0.0.N: Trace Attempt  2	[91.85 s]
0.0.N: Trace Attempt  3	[91.85 s]
0.0.Mp: Trace Attempt 399	[261.05 s]
0.0.AB: Trace Attempt 674	[272.41 s]
0.0.N: Trace Attempt 189	[97.77 s]
0.0.N: Trace Attempt  1	[98.22 s]
0.0.N: Trace Attempt  2	[98.22 s]
0.0.N: Trace Attempt  3	[98.22 s]
0.0.Mp: Trace Attempt 401	[266.48 s]
0.0.AB: Trace Attempt 682	[277.19 s]
0.0.N: Trace Attempt 190	[103.25 s]
0.0.N: Trace Attempt  1	[103.66 s]
0.0.N: Trace Attempt  2	[103.66 s]
0.0.N: Trace Attempt  3	[103.66 s]
0.0.Mp: Trace Attempt 403	[272.03 s]
0.0.Mp: Trace Attempt 405	[277.46 s]
0.0.AB: Trace Attempt 684	[287.68 s]
0.0.N: Trace Attempt 191	[112.18 s]
0.0.N: Trace Attempt  1	[112.62 s]
0.0.N: Trace Attempt  2	[112.62 s]
0.0.N: Trace Attempt  3	[112.63 s]
0.0.Mp: Trace Attempt 407	[282.93 s]
0.0.AB: Trace Attempt 688	[294.91 s]
0.0.N: Trace Attempt 192	[119.47 s]
0.0.N: Trace Attempt  1	[119.86 s]
0.0.N: Trace Attempt  2	[119.86 s]
0.0.N: Trace Attempt  3	[119.86 s]
0.0.Mp: Trace Attempt 409	[289.29 s]
0.0.AB: Trace Attempt 691	[299.48 s]
0.0.Ht: Trace Attempt 4661	[569.03 s]
0.0.N: Trace Attempt 193	[126.75 s]
0.0.Mp: Trace Attempt 411	[294.83 s]
0.0.N: Trace Attempt  1	[127.20 s]
0.0.N: Trace Attempt  2	[127.20 s]
0.0.N: Trace Attempt  3	[127.20 s]
0.0.AB: Trace Attempt 694	[304.17 s]
0.0.Ht: Trace Attempt 4671	[573.16 s]
0.0.AB: Trace Attempt 699	[308.70 s]
0.0.Mp: Trace Attempt 413	[300.42 s]
0.0.Ht: Trace Attempt 4673	[577.38 s]
0.0.N: Trace Attempt 194	[134.57 s]
0.0.N: Trace Attempt  1	[134.99 s]
0.0.N: Trace Attempt  2	[134.99 s]
0.0.N: Trace Attempt  3	[134.99 s]
0.0.AB: Trace Attempt 703	[313.40 s]
0.0.Ht: Trace Attempt 4679	[581.70 s]
0.0.Mp: Trace Attempt 415	[305.96 s]
0.0.AB: Trace Attempt 706	[318.13 s]
0.0.Ht: Trace Attempt 4691	[586.06 s]
0.0.N: Trace Attempt 195	[142.44 s]
0.0.N: Trace Attempt  1	[142.93 s]
0.0.N: Trace Attempt  2	[142.93 s]
0.0.N: Trace Attempt  3	[142.93 s]
0.0.Mp: Trace Attempt 417	[311.49 s]
0.0.AB: Trace Attempt 707	[324.95 s]
0.0.Mp: Trace Attempt 419	[317.73 s]
0.0.N: Trace Attempt 196	[150.79 s]
0.0.N: Trace Attempt  1	[151.26 s]
0.0.N: Trace Attempt  2	[151.26 s]
0.0.N: Trace Attempt  3	[151.26 s]
0.0.AB: Trace Attempt 712	[329.20 s]
0.0.Mp: Trace Attempt 421	[323.12 s]
0.0.AB: Trace Attempt 716	[335.08 s]
0.0.N: Trace Attempt 197	[159.49 s]
0.0.N: Trace Attempt  1	[159.94 s]
0.0.N: Trace Attempt  2	[159.94 s]
0.0.N: Trace Attempt  3	[159.95 s]
0.0.Mp: Trace Attempt 423	[328.50 s]
0.0.Ht: Trace Attempt 4697	[606.84 s]
0.0.AB: Trace Attempt 718	[339.62 s]
0.0.Mp: Trace Attempt 425	[333.93 s]
0.0.N: Trace Attempt 198	[167.15 s]
0.0.AB: Trace Attempt 721	[344.18 s]
0.0.N: Trace Attempt  1	[167.67 s]
0.0.N: Trace Attempt  2	[167.68 s]
0.0.N: Trace Attempt  3	[167.68 s]
0.0.Ht: Trace Attempt 4705	[614.23 s]
0.0.Mp: Trace Attempt 427	[339.33 s]
0.0.Ht: Trace Attempt 4717	[618.60 s]
0.0.N: Trace Attempt 199	[174.17 s]
0.0.AB: Trace Attempt 724	[351.02 s]
0.0.N: Trace Attempt  1	[174.57 s]
0.0.N: Trace Attempt  2	[174.57 s]
0.0.N: Trace Attempt  3	[174.58 s]
0.0.Mp: Trace Attempt 429	[345.49 s]
0.0.Ht: Trace Attempt 4728	[622.78 s]
0.0.AB: Trace Attempt 726	[356.89 s]
0.0.Mp: Trace Attempt 431	[350.77 s]
0.0.N: Trace Attempt 200	[183.38 s]
0.0.N: Trace Attempt  1	[183.87 s]
0.0.N: Trace Attempt  2	[183.87 s]
0.0.N: Trace Attempt  3	[183.87 s]
0.0.AB: Trace Attempt 730	[361.55 s]
0.0.Ht: Trace Attempt 4736	[630.11 s]
0.0.Mp: Trace Attempt 433	[356.04 s]
0.0.AB: Trace Attempt 734	[366.07 s]
0.0.N: Trace Attempt 201	[190.91 s]
0.0.N: Trace Attempt  1	[191.36 s]
0.0.N: Trace Attempt  2	[191.36 s]
0.0.N: Trace Attempt  3	[191.36 s]
0.0.Mp: Trace Attempt 435	[361.25 s]
0.0.AB: Trace Attempt 739	[373.53 s]
0.0.Mp: Trace Attempt 437	[366.45 s]
0.0.N: Trace Attempt 202	[199.13 s]
0.0.N: Trace Attempt  1	[199.57 s]
0.0.N: Trace Attempt  2	[199.57 s]
0.0.N: Trace Attempt  3	[199.57 s]
0.0.AB: Trace Attempt 742	[378.02 s]
0.0.Mp: Trace Attempt 439	[372.39 s]
0.0.AB: Trace Attempt 745	[382.82 s]
0.0.N: Trace Attempt 203	[208.82 s]
0.0.N: Trace Attempt  1	[209.28 s]
0.0.N: Trace Attempt  2	[209.28 s]
0.0.N: Trace Attempt  3	[209.28 s]
0.0.Mp: Trace Attempt 441	[377.40 s]
0.0.Mp: Trace Attempt 443	[382.48 s]
0.0.N: Trace Attempt 204	[218.34 s]
0.0.N: Trace Attempt  1	[218.81 s]
0.0.N: Trace Attempt  2	[218.81 s]
0.0.N: Trace Attempt  3	[218.81 s]
0.0.Mp: Trace Attempt 445	[387.48 s]
0.0.AB: Trace Attempt 750	[396.14 s]
0.0.AB: Trace Attempt 752	[400.65 s]
0.0.Mp: Trace Attempt 447	[392.38 s]
0.0.N: Trace Attempt 205	[229.06 s]
0.0.N: Trace Attempt  1	[229.52 s]
0.0.N: Trace Attempt  2	[229.52 s]
0.0.N: Trace Attempt  3	[229.52 s]
0.0.Mp: Trace Attempt 449	[398.05 s]
0.0.AB: Trace Attempt 754	[408.03 s]
0.0.Mp: Trace Attempt 451	[402.87 s]
0.0.N: Trace Attempt 206	[236.64 s]
0.0.AB: Trace Attempt 758	[413.75 s]
0.0.N: Trace Attempt  1	[237.19 s]
0.0.N: Trace Attempt  2	[237.19 s]
0.0.N: Trace Attempt  3	[237.19 s]
0.0.Mp: Trace Attempt 453	[407.64 s]
0.0.AB: Trace Attempt 764	[418.45 s]
0.0.Mp: Trace Attempt 455	[412.40 s]
0.0.N: Trace Attempt 207	[247.46 s]
0.0.N: Trace Attempt  1	[247.98 s]
0.0.N: Trace Attempt  2	[247.98 s]
0.0.N: Trace Attempt  3	[247.99 s]
0.0.AB: Trace Attempt 766	[424.98 s]
0.0.Mp: Trace Attempt 457	[417.12 s]
0.0.AB: Trace Attempt 769	[429.68 s]
0.0.Mp: Trace Attempt 459	[422.69 s]
0.0.Ht: Trace Attempt 4738	[699.74 s]
0.0.N: Trace Attempt 208	[255.67 s]
0.0.N: Trace Attempt  1	[256.19 s]
0.0.N: Trace Attempt  2	[256.19 s]
0.0.N: Trace Attempt  3	[256.19 s]
0.0.Mp: Trace Attempt 461	[427.29 s]
0.0.Ht: Trace Attempt 4745	[703.83 s]
0.0.Ht: Trace Attempt 4759	[707.89 s]
0.0.Mp: Trace Attempt 463	[431.86 s]
0.0.AB: Trace Attempt 775	[442.37 s]
0.0.N: Trace Attempt 209	[266.08 s]
0.0.N: Trace Attempt  1	[266.58 s]
0.0.N: Trace Attempt  2	[266.58 s]
0.0.N: Trace Attempt  3	[266.58 s]
0.0.Mp: Trace Attempt 465	[436.46 s]
0.0.AB: Trace Attempt 778	[447.54 s]
0.0.Mp: Trace Attempt 467	[440.98 s]
0.0.AB: Trace Attempt 781	[452.06 s]
0.0.N: Trace Attempt 210	[277.10 s]
0.0.N: Trace Attempt  1	[277.66 s]
0.0.N: Trace Attempt  2	[277.66 s]
0.0.N: Trace Attempt  3	[277.66 s]
0.0.Mp: Trace Attempt 469	[446.29 s]
0.0.AB: Trace Attempt 783	[456.72 s]
0.0.Mp: Trace Attempt 471	[450.63 s]
0.0.AB: Trace Attempt 786	[461.18 s]
0.0.Mp: Trace Attempt 473	[454.99 s]
0.0.Ht: Trace Attempt 4769	[732.44 s]
0.0.AB: Trace Attempt 788	[465.57 s]
0.0.N: Trace Attempt 211	[289.92 s]
0.0.N: Trace Attempt  1	[290.37 s]
0.0.N: Trace Attempt  2	[290.37 s]
0.0.N: Trace Attempt  3	[290.37 s]
0.0.Mp: Trace Attempt 475	[459.27 s]
0.0.Ht: Trace Attempt 4783	[736.54 s]
0.0.AB: Trace Attempt 792	[470.44 s]
0.0.Mp: Trace Attempt 477	[463.55 s]
0.0.Ht: Trace Attempt 4796	[740.55 s]
0.0.AB: Trace Attempt 797	[474.84 s]
0.0.N: Trace Attempt 212	[299.74 s]
0.0.N: Trace Attempt  1	[300.41 s]
0.0.N: Trace Attempt  2	[300.41 s]
0.0.N: Trace Attempt  3	[300.41 s]
0.0.Mp: Trace Attempt 479	[468.74 s]
0.0.Ht: Trace Attempt 4801	[746.61 s]
0.0.AB: Trace Attempt 800	[478.93 s]
0.0.Mp: Trace Attempt 481	[472.93 s]
0.0.Ht: Trace Attempt 4814	[750.74 s]
0.0.Mp: Trace Attempt 483	[477.12 s]
0.0.N: Trace Attempt 213	[312.73 s]
0.0.Mp: Trace Attempt 485	[481.20 s]
0.0.N: Trace Attempt  1	[313.25 s]
0.0.N: Trace Attempt  2	[313.25 s]
0.0.N: Trace Attempt  3	[313.25 s]
0.0.Mp: Trace Attempt 487	[485.29 s]
0.0.Mp: Trace Attempt 489	[490.30 s]
0.0.N: Trace Attempt 214	[324.00 s]
0.0.N: Trace Attempt  1	[324.48 s]
0.0.N: Trace Attempt  2	[324.48 s]
0.0.N: Trace Attempt  3	[324.48 s]
0.0.Mp: Trace Attempt 492	[496.23 s]
0.0.AB: Trace Attempt 802	[507.35 s]
0.0.Mp: Trace Attempt 495	[502.16 s]
0.0.AB: Trace Attempt 806	[512.08 s]
0.0.N: Trace Attempt 215	[335.48 s]
0.0.N: Trace Attempt  1	[336.05 s]
0.0.N: Trace Attempt  2	[336.05 s]
0.0.N: Trace Attempt  3	[336.05 s]
0.0.AB: Trace Attempt 810	[516.60 s]
0.0.Mp: Trace Attempt 498	[508.00 s]
0.0.AB: Trace Attempt 812	[521.29 s]
0.0.Mp: Trace Attempt 500	[512.73 s]
0.0.N: Trace Attempt 216	[348.27 s]
0.0.N: Trace Attempt  1	[348.92 s]
0.0.N: Trace Attempt  2	[348.92 s]
0.0.N: Trace Attempt  3	[348.92 s]
0.0.AB: Trace Attempt 816	[526.15 s]
0.0.Mp: Trace Attempt 503	[518.28 s]
0.0.AB: Trace Attempt 821	[532.01 s]
0.0.Mp: Trace Attempt 506	[523.76 s]
0.0.N: Trace Attempt 217	[359.95 s]
0.0.N: Trace Attempt  1	[360.57 s]
0.0.N: Trace Attempt  2	[360.57 s]
0.0.N: Trace Attempt  3	[360.57 s]
0.0.Mp: Trace Attempt 509	[530.10 s]
0.0.Mp: Trace Attempt 512	[535.34 s]
0.0.N: Trace Attempt 218	[370.37 s]
0.0.N: Trace Attempt  1	[371.01 s]
0.0.N: Trace Attempt  2	[371.01 s]
0.0.N: Trace Attempt  3	[371.02 s]
0.0.Mp: Trace Attempt 515	[540.54 s]
0.0.AB: Trace Attempt 822	[549.24 s]
0.0.Mp: Trace Attempt 518	[545.66 s]
0.0.Mp: Trace Attempt 520	[549.97 s]
0.0.AB: Trace Attempt 824	[558.61 s]
0.0.N: Trace Attempt 219	[382.00 s]
0.0.N: Trace Attempt  1	[382.65 s]
0.0.N: Trace Attempt  2	[382.65 s]
0.0.N: Trace Attempt  3	[382.65 s]
0.0.Ht: Trace Attempt 4817	[827.99 s]
0.0.Mp: Trace Attempt 523	[554.86 s]
0.0.Ht: Trace Attempt 4822	[833.16 s]
0.0.Mp: Trace Attempt 526	[559.63 s]
0.0.N: Trace Attempt 220	[394.95 s]
0.0.N: Trace Attempt  1	[395.36 s]
0.0.N: Trace Attempt  2	[395.37 s]
0.0.N: Trace Attempt  3	[395.37 s]
0.0.Ht: Trace Attempt 4823	[841.05 s]
0.0.Mp: Trace Attempt 529	[565.31 s]
0.0.Ht: Trace Attempt 4828	[845.33 s]
0.0.AB: Trace Attempt 826	[577.67 s]
0.0.Mp: Trace Attempt 532	[569.95 s]
0.0.Ht: Trace Attempt 4829	[850.34 s]
0.0.N: Trace Attempt 221	[406.10 s]
0.0.Mp: Trace Attempt 535	[574.48 s]
0.0.N: Trace Attempt  1	[406.74 s]
0.0.N: Trace Attempt  2	[406.74 s]
0.0.N: Trace Attempt  3	[406.74 s]
0.0.AB: Trace Attempt 829	[583.52 s]
0.0.Mp: Trace Attempt 538	[578.93 s]
0.0.AB: Trace Attempt 831	[588.29 s]
0.0.Mp: Trace Attempt 541	[584.17 s]
0.0.AB: Trace Attempt 832	[593.08 s]
0.0.N: Trace Attempt 222	[417.36 s]
0.0.N: Trace Attempt  1	[417.87 s]
0.0.N: Trace Attempt  2	[417.87 s]
0.0.N: Trace Attempt  3	[417.87 s]
0.0.Mp: Trace Attempt 544	[588.37 s]
0.0.AB: Trace Attempt 836	[598.04 s]
0.0.Mp: Trace Attempt 547	[592.47 s]
0.0.AB: Trace Attempt 841	[602.16 s]
0.0.Mp: Trace Attempt 550	[597.45 s]
0.0.N: Trace Attempt 223	[429.54 s]
0.0.N: Trace Attempt  1	[430.00 s]
0.0.N: Trace Attempt  2	[430.00 s]
0.0.N: Trace Attempt  3	[430.00 s]
0.0.AB: Trace Attempt 845	[606.92 s]
0.0.Ht: Trace Attempt 4836	[875.86 s]
0.0.Mp: Trace Attempt 554	[602.67 s]
0.0.Ht: Trace Attempt 4845	[880.03 s]
0.0.AB: Trace Attempt 848	[612.58 s]
0.0.Mp: Trace Attempt 558	[607.68 s]
0.0.Ht: Trace Attempt 4854	[884.38 s]
0.0.AB: Trace Attempt 850	[618.31 s]
0.0.N: Trace Attempt 224	[442.85 s]
0.0.N: Trace Attempt  1	[443.38 s]
0.0.N: Trace Attempt  2	[443.38 s]
0.0.N: Trace Attempt  3	[443.38 s]
0.0.Mp: Trace Attempt 561	[612.37 s]
0.0.AB: Trace Attempt 852	[624.88 s]
0.0.Ht: Trace Attempt 4862	[893.33 s]
0.0.Mp: Trace Attempt 565	[617.10 s]
0.0.AB: Trace Attempt 855	[629.13 s]
0.0.Ht: Trace Attempt 4871	[897.58 s]
0.0.Mp: Trace Attempt 569	[622.73 s]
0.0.AB: Trace Attempt 859	[633.33 s]
0.0.Ht: Trace Attempt 4880	[902.02 s]
0.0.Mp: Trace Attempt 573	[627.03 s]
0.0.N: Trace Attempt 225	[459.00 s]
0.0.N: Trace Attempt  1	[459.49 s]
0.0.N: Trace Attempt  2	[459.49 s]
0.0.N: Trace Attempt  3	[459.49 s]
0.0.Ht: Trace Attempt 4888	[906.18 s]
0.0.AB: Trace Attempt 862	[638.52 s]
0.0.Mp: Trace Attempt 577	[631.19 s]
0.0.Mp: Trace Attempt 580	[635.27 s]
0.0.N: Trace Attempt 226	[471.50 s]
0.0.Mp: Trace Attempt 585	[640.03 s]
0.0.N: Trace Attempt  1	[472.00 s]
0.0.N: Trace Attempt  2	[472.00 s]
0.0.N: Trace Attempt  3	[472.00 s]
0.0.Mp: Trace Attempt 589	[644.74 s]
0.0.AB: Trace Attempt 864	[654.28 s]
0.0.Mp: Trace Attempt 594	[649.02 s]
0.0.AB: Trace Attempt 866	[658.44 s]
0.0.N: Trace Attempt 227	[485.69 s]
0.0.Mp: Trace Attempt 599	[654.08 s]
0.0.N: Trace Attempt  1	[486.19 s]
0.0.N: Trace Attempt  2	[486.19 s]
0.0.N: Trace Attempt  3	[486.19 s]
0.0.AB: Trace Attempt 870	[663.07 s]
0.0.Mp: Trace Attempt 605	[658.36 s]
0.0.AB: Trace Attempt 872	[667.13 s]
0.0.Mp: Trace Attempt 610	[662.82 s]
0.0.AB: Trace Attempt 877	[671.73 s]
0.0.N: Trace Attempt 228	[498.48 s]
0.0.Mp: Trace Attempt 617	[667.04 s]
0.0.N: Trace Attempt  1	[499.07 s]
0.0.N: Trace Attempt  2	[499.07 s]
0.0.N: Trace Attempt  3	[499.07 s]
0.0.AB: Trace Attempt 878	[676.62 s]
0.0.Mp: Trace Attempt 623	[671.32 s]
0.0.AB: Trace Attempt 880	[681.81 s]
0.0.Mp: Trace Attempt 630	[675.68 s]
0.0.AB: Trace Attempt 883	[685.86 s]
0.0.Mp: Trace Attempt 639	[680.23 s]
0.0.N: Trace Attempt 229	[512.29 s]
0.0.N: Trace Attempt  1	[512.76 s]
0.0.N: Trace Attempt  2	[512.76 s]
0.0.N: Trace Attempt  3	[512.76 s]
0.0.AB: Trace Attempt 885	[690.37 s]
0.0.Mp: Trace Attempt 650	[684.41 s]
0.0.AB: Trace Attempt 888	[697.09 s]
0.0.AB: Trace Attempt 890	[701.13 s]
0.0.N: Trace Attempt 230	[528.15 s]
0.0.N: Trace Attempt  1	[528.69 s]
0.0.N: Trace Attempt  2	[528.69 s]
0.0.N: Trace Attempt  3	[528.69 s]
0.0.AB: Trace Attempt 893	[705.73 s]
0.0.Mp: Trace Attempt 664	[702.14 s]
0.0.AB: Trace Attempt 895	[711.67 s]
0.0.Mp: Trace Attempt 676	[706.34 s]
0.0.AB: Trace Attempt 898	[715.95 s]
0.0.N: Trace Attempt 231	[539.89 s]
0.0.N: Trace Attempt  1	[540.43 s]
0.0.N: Trace Attempt  2	[540.43 s]
0.0.N: Trace Attempt  3	[540.43 s]
0.0.Mp: Trace Attempt 687	[710.60 s]
0.0.AB: Trace Attempt 900	[720.58 s]
0.0.Mp: Trace Attempt 698	[714.61 s]
0.0.Ht: Trace Attempt 4891	[994.59 s]
0.0.Mp: Trace Attempt 710	[718.76 s]
0.0.N: Trace Attempt 232	[551.36 s]
0.0.N: Trace Attempt  1	[552.11 s]
0.0.N: Trace Attempt  2	[552.11 s]
0.0.N: Trace Attempt  3	[552.11 s]
0.0.Mp: Trace Attempt 723	[722.85 s]
0.0.Ht: Trace Attempt 4895	[1002.97 s]
0.0.Mp: Trace Attempt 734	[727.43 s]
0.0.AB: Trace Attempt 904	[737.24 s]
0.0.Ht: Trace Attempt 4899	[1007.30 s]
0.0.Mp: Trace Attempt 751	[731.43 s]
0.0.N: Trace Attempt 233	[564.50 s]
0.0.AB: Trace Attempt 908	[741.60 s]
0.0.N: Trace Attempt  1	[565.07 s]
0.0.N: Trace Attempt  2	[565.07 s]
0.0.N: Trace Attempt  3	[565.07 s]
0.0.Mp: Trace Attempt 764	[736.01 s]
0.0.AB: Trace Attempt 910	[746.14 s]
0.0.Mp: Trace Attempt 784	[741.18 s]
0.0.AB: Trace Attempt 913	[750.72 s]
0.0.Mp: Trace Attempt 804	[746.04 s]
0.0.AB: Trace Attempt 918	[755.58 s]
0.0.N: Trace Attempt 234	[580.59 s]
0.0.N: Trace Attempt  1	[581.05 s]
0.0.N: Trace Attempt  2	[581.05 s]
0.0.N: Trace Attempt  3	[581.05 s]
0.0.Mp: Trace Attempt 824	[750.49 s]
0.0.AB: Trace Attempt 921	[761.96 s]
0.0.Mp: Trace Attempt 844	[754.49 s]
0.0.AB: Trace Attempt 923	[766.47 s]
0.0.Ht: Trace Attempt 4901	[1035.52 s]
0.0.Mp: Trace Attempt 874	[759.76 s]
0.0.N: Trace Attempt 235	[594.27 s]
0.0.N: Trace Attempt  1	[594.76 s]
0.0.N: Trace Attempt  2	[594.76 s]
0.0.N: Trace Attempt  3	[594.77 s]
0.0.AB: Trace Attempt 925	[772.92 s]
0.0.Ht: Trace Attempt 4903	[1040.72 s]
0.0.Mp: Trace Attempt 878	[768.39 s]
0.0.AB: Trace Attempt 929	[777.50 s]
0.0.Ht: Trace Attempt 4905	[1045.99 s]
0.0.AB: Trace Attempt 932	[783.62 s]
0.0.N: Trace Attempt 236	[607.69 s]
0.0.N: Trace Attempt  1	[608.22 s]
0.0.N: Trace Attempt  2	[608.22 s]
0.0.N: Trace Attempt  3	[608.23 s]
0.0.Mp: Trace Attempt 879	[777.29 s]
0.0.AB: Trace Attempt 934	[790.02 s]
0.0.AB: Trace Attempt 937	[794.14 s]
0.0.Mp: Trace Attempt 880	[785.85 s]
0.0.AB: Trace Attempt 939	[798.38 s]
0.0.N: Trace Attempt 237	[622.13 s]
0.0.N: Trace Attempt  1	[622.65 s]
0.0.N: Trace Attempt  2	[622.65 s]
0.0.N: Trace Attempt  3	[622.65 s]
0.0.Mp: Trace Attempt 881	[794.58 s]
0.0.AB: Trace Attempt 940	[803.84 s]
0.0.AB: Trace Attempt 942	[808.16 s]
0.0.N: Stopped processing property "fifo.fifo_sva_i._cover_17"	[633.19 s].
0.0.N: Morphing to D
0.0.N: Trace Attempt 237	[624.40 s]
0.0.N: All properties determined. [0.00 s]
0.0.N: Exited with Success (@ 0.00 s)
0.0.D: clocks: 1, declared: 1, disabling: 0, posedge: 1, negedge: 0, noedge: 0, bothedge: 0
0.0.D: Starting proof for property "fifo.fifo_sva_i._cover_17"	[0.00 s].
0.0.D: Trace Attempt  1	[0.01 s]
0.0.D: Trace Attempt  2	[0.02 s]
0.0.D: Trace Attempt  3	[0.05 s]
0.0.D: Trace Attempt  4	[0.11 s]
0.0.D: Trace Attempt  5	[0.18 s]
0.0.AB: Stopped processing property "fifo.fifo_sva_i._cover_17"	[810.19 s].
0.0.AB: Morphing to K
0.0.AB: All properties determined. [0.00 s]
0.0.AB: Exited with Success (@ 0.00 s)
0.0.K: clocks: 1, declared: 1, disabling: 0, posedge: 1, negedge: 0, noedge: 0, bothedge: 0
0.0.K: Starting proof for property "fifo.fifo_sva_i._cover_17"	[0.00 s].
0.0.Mp: Trace Attempt 882	[803.04 s]
0.0.Ht: Trace Attempt 4907	[1079.51 s]
0.0.K: Trace Attempt 237	[1.75 s]
0.0.D: Trace Attempt 23	[4.46 s]
0.0.Ht: Trace Attempt 4909	[1084.89 s]
0.0.D: Trace Attempt 31	[8.67 s]
0.0.Mp: Trace Attempt 883	[812.00 s]
0.0.Ht: Trace Attempt 4911	[1090.30 s]
0.0.D: Trace Attempt 39	[14.36 s]
0.0.Ht: Trace Attempt 4913	[1095.73 s]
0.0.K: Trace Attempt  1	[19.70 s]
0.0.K: Trace Attempt  2	[19.70 s]
0.0.K: Trace Attempt  3	[19.70 s]
0.0.K: Trace Attempt  4	[19.70 s]
0.0.K: Trace Attempt  5	[19.70 s]
0.0.D: Trace Attempt 45	[20.37 s]
0.0.Mp: Trace Attempt 884	[822.29 s]
0.0.Ht: Trace Attempt 4915	[1101.23 s]
0.0.D: Trace Attempt 49	[24.94 s]
0.0.Ht: Trace Attempt 4917	[1106.76 s]
0.0.Mp: Trace Attempt 885	[830.73 s]
0.0.D: Trace Attempt 53	[31.14 s]
0.0.Ht: Trace Attempt 4919	[1112.32 s]
0.0.K: Trace Attempt  1	[34.67 s]
0.0.K: Trace Attempt  2	[34.67 s]
0.0.K: Trace Attempt  3	[34.67 s]
0.0.K: Trace Attempt  4	[34.67 s]
0.0.K: Trace Attempt  5	[34.67 s]
0.0.D: Trace Attempt 57	[37.60 s]
0.0.Mp: Trace Attempt 886	[839.08 s]
0.0.Ht: Trace Attempt 4921	[1117.95 s]
0.0.D: Trace Attempt 61	[43.98 s]
0.0.Ht: Trace Attempt 4923	[1123.61 s]
0.0.K: Trace Attempt  1	[45.71 s]
0.0.K: Trace Attempt  2	[45.71 s]
0.0.K: Trace Attempt  3	[45.71 s]
0.0.K: Trace Attempt  4	[45.71 s]
0.0.K: Trace Attempt  5	[45.71 s]
0.0.Mp: Trace Attempt 887	[847.53 s]
0.0.Ht: Trace Attempt 4925	[1129.31 s]
0.0.D: Trace Attempt 65	[52.03 s]
0.0.Mp: Trace Attempt 888	[855.90 s]
0.0.D: Trace Attempt 67	[56.14 s]
0.0.K: Trace Attempt  1	[59.40 s]
0.0.K: Trace Attempt  2	[59.40 s]
0.0.K: Trace Attempt  3	[59.40 s]
0.0.K: Trace Attempt  4	[59.40 s]
0.0.K: Trace Attempt  5	[59.40 s]
0.0.D: Trace Attempt 69	[60.55 s]
0.0.Ht: Trace Attempt 4927	[1140.67 s]
0.0.Mp: Trace Attempt 889	[864.41 s]
0.0.D: Trace Attempt 71	[65.82 s]
0.0.Ht: Trace Attempt 4929	[1146.18 s]
0.0.D: Trace Attempt 73	[70.51 s]
0.0.Mp: Trace Attempt 890	[872.84 s]
0.0.Ht: Trace Attempt 4931	[1151.82 s]
0.0.D: Trace Attempt 75	[75.80 s]
0.0.K: Trace Attempt  1	[76.13 s]
0.0.K: Trace Attempt  2	[76.13 s]
0.0.K: Trace Attempt  3	[76.13 s]
0.0.K: Trace Attempt  4	[76.13 s]
0.0.K: Trace Attempt  5	[76.13 s]
0.0.Ht: Trace Attempt 4933	[1157.53 s]
0.0.Mp: Trace Attempt 891	[881.39 s]
0.0.D: Trace Attempt 77	[82.66 s]
0.0.Ht: Trace Attempt 4935	[1163.26 s]
0.0.D: Trace Attempt 79	[87.43 s]
0.0.Mp: Trace Attempt 892	[889.76 s]
0.0.K: Trace Attempt  1	[89.84 s]
0.0.K: Trace Attempt  2	[89.84 s]
0.0.K: Trace Attempt  3	[89.84 s]
0.0.K: Trace Attempt  4	[89.84 s]
0.0.K: Trace Attempt  5	[89.84 s]
0.0.Ht: Trace Attempt 4937	[1169.04 s]
0.0.D: Trace Attempt 81	[93.50 s]
0.0.Mp: Trace Attempt 893	[898.26 s]
0.0.Ht: Trace Attempt 4939	[1174.88 s]
0.0.D: Trace Attempt 83	[99.21 s]
0.0.K: Trace Attempt  1	[101.74 s]
0.0.K: Trace Attempt  2	[101.74 s]
0.0.K: Trace Attempt  3	[101.74 s]
0.0.K: Trace Attempt  4	[101.74 s]
0.0.K: Trace Attempt  5	[101.74 s]
0.0.Ht: Trace Attempt 4941	[1180.77 s]
0.0.D: Trace Attempt 85	[105.83 s]
0.0.Mp: Trace Attempt 894	[908.34 s]
0.0.Ht: Trace Attempt 4943	[1186.69 s]
0.0.D: Trace Attempt 87	[114.38 s]
0.0.Ht: Trace Attempt 4945	[1192.65 s]
0.0.Mp: Trace Attempt 895	[916.90 s]
0.0.K: Trace Attempt  1	[119.67 s]
0.0.K: Trace Attempt  2	[119.67 s]
0.0.K: Trace Attempt  3	[119.67 s]
0.0.K: Trace Attempt  4	[119.67 s]
0.0.K: Trace Attempt  5	[119.67 s]
0.0.D: Trace Attempt 89	[120.78 s]
0.0.Ht: Trace Attempt 4947	[1198.65 s]
0.0.Mp: Trace Attempt 896	[925.68 s]
0.0.Ht: Trace Attempt 4949	[1204.71 s]
0.0.D: Trace Attempt 91	[127.95 s]
0.0.Mp: Trace Attempt 897	[934.25 s]
0.0.Ht: Trace Attempt 4951	[1210.80 s]
0.0.D: Trace Attempt 93	[133.26 s]
0.0.K: Trace Attempt  1	[133.62 s]
0.0.K: Trace Attempt  2	[133.62 s]
0.0.K: Trace Attempt  3	[133.62 s]
0.0.K: Trace Attempt  4	[133.62 s]
0.0.K: Trace Attempt  5	[133.62 s]
0.0.Ht: Trace Attempt 4953	[1216.95 s]
0.0.D: Trace Attempt 95	[141.35 s]
0.0.Mp: Trace Attempt 898	[943.03 s]
0.0.Ht: Trace Attempt 4955	[1223.14 s]
0.0.K: Trace Attempt  1	[149.59 s]
0.0.K: Trace Attempt  2	[149.59 s]
0.0.K: Trace Attempt  3	[149.59 s]
0.0.K: Trace Attempt  4	[149.59 s]
0.0.K: Trace Attempt  5	[149.59 s]
0.0.D: Trace Attempt 97	[150.12 s]
0.0.Mp: Trace Attempt 899	[951.55 s]
0.0.Ht: Trace Attempt 4957	[1229.37 s]
0.0.Ht: Trace Attempt 4959	[1235.66 s]
0.0.Mp: Trace Attempt 900	[960.29 s]
0.0.D: Trace Attempt 99	[160.48 s]
0.0.Ht: Trace Attempt 4960	[1243.95 s]
0.0.K: Trace Attempt  1	[166.39 s]
0.0.K: Trace Attempt  2	[166.39 s]
0.0.K: Trace Attempt  3	[166.39 s]
0.0.K: Trace Attempt  4	[166.39 s]
0.0.K: Trace Attempt  5	[166.39 s]
0.0.K: Stopped processing property "fifo.fifo_sva_i._cover_17"	[166.40 s].
0.0.K: Morphing to Ncustom5
0.0.K: Trace Attempt 33	[166.40 s]
0.0.K: All properties determined. [0.00 s]
0.0.K: Exited with Success (@ 0.00 s)
0.0.Ncustom5: clocks: 1, declared: 1, disabling: 0, posedge: 1, negedge: 0, noedge: 0, bothedge: 0
0.0.Ncustom5: Starting proof for property "fifo.fifo_sva_i._cover_17"	[0.00 s].
0.0.Mp: Trace Attempt 901	[968.88 s]
0.0.Ncustom5: Trace Attempt 276	[2.01 s]
0.0.D: Trace Attempt 101	[169.30 s]
0.0.Ht: Trace Attempt 4962	[1250.10 s]
0.0.Mp: Trace Attempt 902	[977.64 s]
0.0.Ht: Trace Attempt 4964	[1256.34 s]
0.0.D: Trace Attempt 103	[179.21 s]
0.0.Ncustom5: Trace Attempt 277	[15.36 s]
0.0.Ncustom5: Trace Attempt  1	[16.13 s]
0.0.Ncustom5: Trace Attempt  2	[16.13 s]
0.0.Ncustom5: Trace Attempt  3	[16.13 s]
0.0.Ht: Trace Attempt 4966	[1262.62 s]
0.0.Mp: Trace Attempt 903	[986.21 s]
0.0.D: Trace Attempt 105	[188.65 s]
0.0.Ht: Trace Attempt 4968	[1268.94 s]
0.0.Mp: Trace Attempt 904	[996.41 s]
0.0.Ncustom5: Trace Attempt 278	[30.71 s]
0.0.Ncustom5: Trace Attempt  1	[31.54 s]
0.0.Ncustom5: Trace Attempt  2	[31.54 s]
0.0.Ncustom5: Trace Attempt  3	[31.54 s]
0.0.D: Trace Attempt 107	[198.65 s]
0.0.Mp: Trace Attempt 905	[1004.68 s]
0.0.D: Trace Attempt 109	[210.74 s]
0.0.Mp: Trace Attempt 906	[1013.44 s]
0.0.Mp: Trace Attempt 907	[1021.88 s]
0.0.Ncustom5: Trace Attempt 279	[54.13 s]
0.0.Ncustom5: Trace Attempt  1	[54.86 s]
0.0.Ncustom5: Trace Attempt  2	[54.86 s]
0.0.Ncustom5: Trace Attempt  3	[54.86 s]
0.0.D: Trace Attempt 111	[222.71 s]
0.0.Mp: Trace Attempt 908	[1030.66 s]
0.0.D: Trace Attempt 113	[233.64 s]
0.0.Ncustom5: Trace Attempt 280	[71.01 s]
0.0.Mp: Trace Attempt 909	[1039.21 s]
0.0.Ncustom5: Trace Attempt  1	[72.85 s]
0.0.Ncustom5: Trace Attempt  2	[72.85 s]
0.0.Ncustom5: Trace Attempt  3	[72.85 s]
0.0.Mp: Trace Attempt 910	[1047.88 s]
0.0.D: Trace Attempt 115	[248.99 s]
0.0.Mp: Trace Attempt 911	[1056.31 s]
0.0.Ncustom5: Trace Attempt 281	[91.88 s]
0.0.Ncustom5: Trace Attempt  1	[92.59 s]
0.0.Ncustom5: Trace Attempt  2	[92.59 s]
0.0.Ncustom5: Trace Attempt  3	[92.59 s]
0.0.D: Trace Attempt 117	[260.96 s]
0.0.Mp: Trace Attempt 912	[1064.91 s]
0.0.Mp: Trace Attempt 913	[1073.36 s]
0.0.Ncustom5: Trace Attempt 282	[107.22 s]
0.0.Ncustom5: Trace Attempt  1	[108.03 s]
0.0.Ncustom5: Trace Attempt  2	[108.03 s]
0.0.Ncustom5: Trace Attempt  3	[108.03 s]
0.0.Ht: Trace Attempt 4969	[1354.13 s]
0.0.D: Trace Attempt 119	[276.71 s]
0.0.Mp: Trace Attempt 914	[1083.46 s]
0.0.Mp: Trace Attempt 915	[1091.60 s]
0.0.Ht: Trace Attempt 4971	[1368.50 s]
0.0.D: Trace Attempt 121	[293.38 s]
0.0.Mp: Trace Attempt 916	[1100.14 s]
0.0.Ncustom5: Trace Attempt 283	[132.45 s]
0.0.Ncustom5: Trace Attempt  1	[133.26 s]
0.0.Ncustom5: Trace Attempt  2	[133.26 s]
0.0.Ncustom5: Trace Attempt  3	[133.26 s]
0.0.Ht: Trace Attempt 4973	[1381.60 s]
0.0.D: Trace Attempt 123	[306.75 s]
0.0.Mp: Trace Attempt 917	[1108.43 s]
0.0.Mp: Trace Attempt 918	[1116.95 s]
0.0.D: Trace Attempt 125	[319.62 s]
0.0.Ncustom5: Trace Attempt 284	[155.74 s]
0.0.Ncustom5: Trace Attempt  1	[156.42 s]
0.0.Ncustom5: Trace Attempt  2	[156.42 s]
0.0.Ncustom5: Trace Attempt  3	[156.42 s]
0.0.Ht: Trace Attempt 4974	[1401.21 s]
0.0.Mp: Trace Attempt 919	[1125.19 s]
0.0.Mp: Trace Attempt 920	[1133.73 s]
0.0.D: Trace Attempt 127	[336.45 s]
0.0.Mp: Trace Attempt 921	[1142.15 s]
0.0.Ncustom5: Trace Attempt 285	[177.22 s]
0.0.Ncustom5: Trace Attempt  1	[177.97 s]
0.0.Ncustom5: Trace Attempt  2	[177.97 s]
0.0.Ncustom5: Trace Attempt  3	[177.97 s]
0.0.D: Trace Attempt 129	[347.89 s]
0.0.Mp: Trace Attempt 922	[1150.64 s]
0.0.Mp: Trace Attempt 923	[1158.83 s]
0.0.Ht: Trace Attempt 4978	[1438.55 s]
0.0.Ncustom5: Trace Attempt 286	[195.01 s]
0.0.D: Trace Attempt 131	[362.04 s]
0.0.Ncustom5: Trace Attempt  1	[195.79 s]
0.0.Ncustom5: Trace Attempt  2	[195.79 s]
0.0.Ncustom5: Trace Attempt  3	[195.79 s]
0.0.Ht: Trace Attempt 4985	[1442.88 s]
0.0.Mp: Trace Attempt 924	[1168.90 s]
0.0.Ht: Trace Attempt 4991	[1446.97 s]
0.0.Mp: Trace Attempt 925	[1177.06 s]
0.0.D: Trace Attempt 133	[376.13 s]
0.0.Ht: Trace Attempt 4993	[1454.88 s]
0.0.Ncustom5: Trace Attempt 287	[214.17 s]
0.0.Ht: Trace Attempt 5000	[1458.97 s]
0.0.Ncustom5: Trace Attempt  1	[214.96 s]
0.0.Ncustom5: Trace Attempt  2	[214.96 s]
0.0.Ncustom5: Trace Attempt  3	[214.97 s]
0.0.Mp: Trace Attempt 926	[1185.63 s]
0.0.Ht: Trace Attempt 5006	[1463.03 s]
0.0.D: Trace Attempt 135	[390.04 s]
0.0.Ht: Trace Attempt 5011	[1469.87 s]
0.0.Mp: Trace Attempt 927	[1193.85 s]
0.0.Mp: Trace Attempt 928	[1202.34 s]
0.0.D: Trace Attempt 137	[405.59 s]
0.0.Mp: Trace Attempt 929	[1210.57 s]
0.0.Ht: Trace Attempt 5013	[1488.24 s]
0.0.Ncustom5: Trace Attempt 288	[245.91 s]
0.0.Ncustom5: Trace Attempt  1	[246.68 s]
0.0.Ncustom5: Trace Attempt  2	[246.68 s]
0.0.Ncustom5: Trace Attempt  3	[246.69 s]
0.0.Ht: Trace Attempt 5020	[1492.29 s]
0.0.Mp: Trace Attempt 930	[1219.09 s]
0.0.D: Trace Attempt 139	[422.61 s]
0.0.Ht: Trace Attempt 5026	[1500.38 s]
0.0.Mp: Trace Attempt 931	[1227.43 s]
0.0.Ht: Trace Attempt 5033	[1504.65 s]
0.0.Ht: Trace Attempt 5039	[1508.86 s]
0.0.Ncustom5: Trace Attempt 289	[266.67 s]
0.0.Ncustom5: Trace Attempt  1	[267.47 s]
0.0.Ncustom5: Trace Attempt  2	[267.47 s]
0.0.Ncustom5: Trace Attempt  3	[267.47 s]
0.0.Mp: Trace Attempt 932	[1235.91 s]
0.0.Ht: Trace Attempt 5046	[1513.43 s]
0.0.D: Trace Attempt 141	[436.44 s]
0.0.Mp: Trace Attempt 933	[1244.24 s]
0.0.Mp: Trace Attempt 934	[1254.17 s]
0.0.D: Trace Attempt 143	[452.98 s]
0.0.Mp: Trace Attempt 935	[1262.23 s]
0.0.Mp: Trace Attempt 936	[1270.61 s]
0.0.D: Trace Attempt 145	[470.01 s]
0.0.Ncustom5: Trace Attempt 290	[308.69 s]
0.0.Ncustom5: Trace Attempt  1	[309.66 s]
0.0.Ncustom5: Trace Attempt  2	[309.66 s]
0.0.Ncustom5: Trace Attempt  3	[309.66 s]
0.0.Mp: Trace Attempt 937	[1278.94 s]
0.0.Mp: Trace Attempt 938	[1287.52 s]
0.0.D: Trace Attempt 147	[489.98 s]
0.0.Mp: Trace Attempt 939	[1295.78 s]
0.0.Ncustom5: Trace Attempt 291	[330.38 s]
0.0.Ncustom5: Trace Attempt  1	[331.11 s]
0.0.Ncustom5: Trace Attempt  2	[331.11 s]
0.0.Ncustom5: Trace Attempt  3	[331.11 s]
0.0.Mp: Trace Attempt 940	[1304.10 s]
0.0.D: Trace Attempt 149	[510.78 s]
0.0.Mp: Trace Attempt 941	[1312.25 s]
0.0.Ncustom5: Trace Attempt 292	[348.79 s]
0.0.Ncustom5: Trace Attempt  1	[349.60 s]
0.0.Ncustom5: Trace Attempt  2	[349.60 s]
0.0.Ncustom5: Trace Attempt  3	[349.60 s]
0.0.Mp: Trace Attempt 942	[1320.61 s]
0.0.Mp: Trace Attempt 943	[1328.70 s]
0.0.Ht: Trace Attempt 5047	[1608.16 s]
0.0.D: Trace Attempt 151	[531.76 s]
0.0.Ncustom5: Trace Attempt 293	[368.75 s]
0.0.Ncustom5: Trace Attempt  1	[369.50 s]
0.0.Ncustom5: Trace Attempt  2	[369.50 s]
0.0.Ncustom5: Trace Attempt  3	[369.50 s]
0.0.Mp: Trace Attempt 944	[1338.61 s]
0.0.Mp: Trace Attempt 945	[1346.73 s]
0.0.Ncustom5: Trace Attempt 294	[383.52 s]
0.0.Ncustom5: Trace Attempt  1	[384.36 s]
0.0.Ncustom5: Trace Attempt  2	[384.36 s]
0.0.Ncustom5: Trace Attempt  3	[384.36 s]
0.0.Mp: Trace Attempt 946	[1355.02 s]
0.0.Mp: Trace Attempt 947	[1363.03 s]
0.0.D: Trace Attempt 153	[565.16 s]
0.0.Ncustom5: Trace Attempt 295	[400.93 s]
0.0.Ncustom5: Trace Attempt  1	[402.02 s]
0.0.Ncustom5: Trace Attempt  2	[402.02 s]
0.0.Ncustom5: Trace Attempt  3	[402.02 s]
0.0.Mp: Trace Attempt 948	[1371.32 s]
0.0.Mp: Trace Attempt 949	[1379.62 s]
0.0.Ht: Trace Attempt 5050	[1658.67 s]
0.0.D: Trace Attempt 155	[585.80 s]
0.0.Mp: Trace Attempt 950	[1387.93 s]
0.0.Ncustom5: Trace Attempt 296	[422.26 s]
0.0.Ncustom5: Trace Attempt  1	[423.08 s]
0.0.Ncustom5: Trace Attempt  2	[423.08 s]
0.0.Ncustom5: Trace Attempt  3	[423.08 s]
0.0.Mp: Trace Attempt 951	[1396.09 s]
0.0.Mp: Trace Attempt 952	[1404.37 s]
0.0.Ncustom5: Trace Attempt 297	[439.89 s]
0.0.Ncustom5: Trace Attempt  1	[440.74 s]
0.0.Ncustom5: Trace Attempt  2	[440.75 s]
0.0.Ncustom5: Trace Attempt  3	[440.75 s]
0.0.D: Trace Attempt 157	[610.23 s]
0.0.Mp: Trace Attempt 953	[1412.87 s]
0.0.Mp: Trace Attempt 954	[1423.46 s]
0.0.Mp: Trace Attempt 955	[1431.84 s]
0.0.Ncustom5: Trace Attempt 298	[464.07 s]
0.0.Ncustom5: Trace Attempt  1	[464.88 s]
0.0.Ncustom5: Trace Attempt  2	[464.89 s]
0.0.Ncustom5: Trace Attempt  3	[464.89 s]
0.0.D: Trace Attempt 159	[632.67 s]
0.0.Mp: Trace Attempt 956	[1440.76 s]
0.0.Mp: Trace Attempt 957	[1449.08 s]
0.0.Ncustom5: Trace Attempt 299	[484.94 s]
0.0.Ncustom5: Trace Attempt  1	[485.79 s]
0.0.Ncustom5: Trace Attempt  2	[485.79 s]
0.0.Ncustom5: Trace Attempt  3	[485.79 s]
0.0.Ht: Trace Attempt 5053	[1733.47 s]
0.0.D: Trace Attempt 161	[656.13 s]
0.0.Mp: Trace Attempt 958	[1457.55 s]
0.0.Ht: Trace Attempt 5057	[1737.83 s]
0.0.Mp: Trace Attempt 959	[1465.91 s]
0.0.Ht: Trace Attempt 5059	[1748.49 s]
0.0.Ncustom5: Trace Attempt 300	[505.36 s]
0.0.Ncustom5: Trace Attempt  1	[506.21 s]
0.0.Ncustom5: Trace Attempt  2	[506.21 s]
0.0.Ncustom5: Trace Attempt  3	[506.21 s]
0.0.Mp: Trace Attempt 960	[1474.38 s]
0.0.Ht: Trace Attempt 5064	[1753.00 s]
0.0.Ht: Trace Attempt 5069	[1757.26 s]
0.0.Mp: Trace Attempt 961	[1482.76 s]
0.0.Ht: Trace Attempt 5074	[1761.89 s]
0.0.D: Trace Attempt 163	[686.78 s]
0.0.Ht: Trace Attempt 5079	[1766.33 s]
0.0.Ncustom5: Trace Attempt 301	[522.92 s]
0.0.Mp: Trace Attempt 962	[1491.20 s]
0.0.Ncustom5: Trace Attempt  1	[523.80 s]
0.0.Ncustom5: Trace Attempt  2	[523.80 s]
0.0.Ncustom5: Trace Attempt  3	[523.80 s]
0.0.Ht: Trace Attempt 5084	[1771.65 s]
0.0.Ht: Trace Attempt 5088	[1775.84 s]
0.0.Mp: Trace Attempt 963	[1499.67 s]
0.0.Mp: Trace Attempt 964	[1509.97 s]
0.0.Ht: Trace Attempt 5092	[1787.00 s]
0.0.Ht: Trace Attempt 5097	[1791.18 s]
0.0.Ncustom5: Trace Attempt 302	[549.57 s]
0.0.Mp: Trace Attempt 965	[1518.04 s]
0.0.Ncustom5: Trace Attempt  1	[550.43 s]
0.0.Ncustom5: Trace Attempt  2	[550.43 s]
0.0.Ncustom5: Trace Attempt  3	[550.43 s]
0.0.Ht: Trace Attempt 5102	[1799.41 s]
0.0.Mp: Trace Attempt 966	[1526.45 s]
0.0.D: Trace Attempt 165	[725.71 s]
0.0.Ht: Trace Attempt 5103	[1803.62 s]
0.0.Ht: Trace Attempt 5104	[1808.09 s]
0.0.Mp: Trace Attempt 967	[1534.69 s]
0.0.Ht: Trace Attempt 5105	[1812.34 s]
0.0.Ncustom5: Trace Attempt 303	[571.18 s]
0.0.Ncustom5: Trace Attempt  1	[571.99 s]
0.0.Ncustom5: Trace Attempt  2	[571.99 s]
0.0.Ncustom5: Trace Attempt  3	[571.99 s]
0.0.Ht: Trace Attempt 5106	[1816.83 s]
0.0.Mp: Trace Attempt 968	[1543.11 s]
0.0.Ht: Trace Attempt 5107	[1821.11 s]
0.0.Ht: Trace Attempt 5108	[1825.81 s]
0.0.Mp: Trace Attempt 969	[1551.32 s]
0.0.D: Trace Attempt 167	[751.88 s]
0.0.Ht: Trace Attempt 5109	[1830.17 s]
0.0.Ht: Trace Attempt 5110	[1834.71 s]
0.0.Mp: Trace Attempt 970	[1559.64 s]
0.0.Ht: Trace Attempt 5111	[1839.07 s]
0.0.Ncustom5: Trace Attempt 304	[596.93 s]
0.0.Ncustom5: Trace Attempt  1	[597.81 s]
0.0.Ncustom5: Trace Attempt  2	[597.81 s]
0.0.Ncustom5: Trace Attempt  3	[597.81 s]
0.0.Ht: Trace Attempt 5112	[1843.63 s]
0.0.Mp: Trace Attempt 971	[1567.74 s]
0.0.Ht: Trace Attempt 5113	[1848.07 s]
0.0.Mp: Trace Attempt 972	[1576.12 s]
0.0.Ht: Trace Attempt 5114	[1852.69 s]
0.0.Ht: Trace Attempt 5115	[1857.14 s]
0.0.D: Trace Attempt 169	[779.77 s]
0.0.Mp: Trace Attempt 973	[1584.30 s]
0.0.Ht: Trace Attempt 5116	[1861.78 s]
0.0.Ncustom5: Trace Attempt 305	[620.85 s]
0.0.Ncustom5: Trace Attempt  1	[621.74 s]
0.0.Ncustom5: Trace Attempt  2	[621.74 s]
0.0.Ncustom5: Trace Attempt  3	[621.74 s]
0.0.Ht: Trace Attempt 5117	[1866.26 s]
0.0.Mp: Trace Attempt 974	[1594.25 s]
0.0.Ht: Trace Attempt 5118	[1870.92 s]
0.0.Ht: Trace Attempt 5119	[1875.42 s]
0.0.Mp: Trace Attempt 975	[1602.10 s]
0.0.Ht: Trace Attempt 5120	[1880.09 s]
0.0.Mp: Trace Attempt 976	[1610.32 s]
0.0.D: Trace Attempt 171	[809.87 s]
0.0.Ncustom5: Trace Attempt 306	[643.25 s]
0.0.Ncustom5: Trace Attempt  1	[644.11 s]
0.0.Ncustom5: Trace Attempt  2	[644.12 s]
0.0.Ncustom5: Trace Attempt  3	[644.12 s]
0.0.Mp: Trace Attempt 977	[1618.34 s]
0.0.Mp: Trace Attempt 978	[1626.66 s]
0.0.Mp: Trace Attempt 979	[1634.93 s]
0.0.Ncustom5: Trace Attempt 307	[667.11 s]
0.0.Ncustom5: Trace Attempt  1	[668.06 s]
0.0.Ncustom5: Trace Attempt  2	[668.06 s]
0.0.Ncustom5: Trace Attempt  3	[668.07 s]
0.0.Mp: Trace Attempt 980	[1643.18 s]
0.0.Mp: Trace Attempt 981	[1651.09 s]
0.0.D: Trace Attempt 173	[852.20 s]
0.0.Ht: Trace Attempt 5121	[1934.63 s]
0.0.Mp: Trace Attempt 982	[1659.28 s]
0.0.Ncustom5: Trace Attempt 308	[694.48 s]
0.0.Ht: Trace Attempt 5122	[1939.50 s]
0.0.Ncustom5: Trace Attempt  1	[695.31 s]
0.0.Ncustom5: Trace Attempt  2	[695.31 s]
0.0.Ncustom5: Trace Attempt  3	[695.31 s]
0.0.Mp: Trace Attempt 983	[1667.27 s]
0.0.Ht: Trace Attempt 5123	[1944.35 s]
0.0.Ht: Trace Attempt 5124	[1949.19 s]
0.0.Mp: Trace Attempt 984	[1677.15 s]
0.0.Ncustom5: Trace Attempt 309	[716.94 s]
0.0.Mp: Trace Attempt 985	[1685.01 s]
0.0.Ncustom5: Trace Attempt  1	[717.86 s]
0.0.Ncustom5: Trace Attempt  2	[717.86 s]
0.0.Ncustom5: Trace Attempt  3	[717.86 s]
0.0.Mp: Trace Attempt 986	[1693.12 s]
0.0.Mp: Trace Attempt 987	[1701.26 s]
0.0.Ncustom5: Trace Attempt 310	[741.12 s]
0.0.Mp: Trace Attempt 988	[1709.39 s]
0.0.Ncustom5: Trace Attempt  1	[742.08 s]
0.0.Ncustom5: Trace Attempt  2	[742.08 s]
0.0.Ncustom5: Trace Attempt  3	[742.08 s]
0.0.D: Trace Attempt 175	[911.23 s]
0.0.Mp: Trace Attempt 989	[1717.45 s]
0.0.Mp: Trace Attempt 990	[1725.57 s]
0.0.Ncustom5: Trace Attempt 311	[765.12 s]
0.0.Mp: Trace Attempt 991	[1733.52 s]
0.0.Ncustom5: Trace Attempt  1	[765.98 s]
0.0.Ncustom5: Trace Attempt  2	[765.98 s]
0.0.Ncustom5: Trace Attempt  3	[765.98 s]
0.0.Mp: Trace Attempt 992	[1741.49 s]
0.0.D: Trace Attempt 177	[943.58 s]
0.0.Mp: Trace Attempt 993	[1749.32 s]
0.0.Ncustom5: Trace Attempt 312	[786.83 s]
0.0.Ncustom5: Trace Attempt  1	[787.82 s]
0.0.Ncustom5: Trace Attempt  2	[787.82 s]
0.0.Ncustom5: Trace Attempt  3	[787.83 s]
0.0.Mp: Trace Attempt 994	[1759.02 s]
0.0.Mp: Trace Attempt 995	[1766.66 s]
0.0.Mp: Trace Attempt 996	[1774.72 s]
0.0.D: Trace Attempt 179	[976.02 s]
0.0.Ht: Trace Attempt 5125	[2057.76 s]
0.0.Ncustom5: Trace Attempt 313	[814.27 s]
0.0.Mp: Trace Attempt 997	[1782.62 s]
0.0.Ncustom5: Trace Attempt  1	[815.19 s]
0.0.Ncustom5: Trace Attempt  2	[815.19 s]
0.0.Ncustom5: Trace Attempt  3	[815.19 s]
0.0.Mp: Trace Attempt 998	[1790.81 s]
0.0.Ht: Trace Attempt 5127	[2070.41 s]
0.0.Mp: Trace Attempt 999	[1798.76 s]
0.0.Ht: Trace Attempt 5131	[2078.39 s]
0.0.Ht: Trace Attempt 5132	[2082.44 s]
0.0.D: Trace Attempt 181	[1005.21 s]
0.0.Mp: Trace Attempt 1000	[1806.83 s]
0.0.Ht: Trace Attempt 5133	[2086.51 s]
0.0.Ncustom5: Trace Attempt 314	[843.87 s]
0.0.Ncustom5: Trace Attempt  1	[844.81 s]
0.0.Ncustom5: Trace Attempt  2	[844.81 s]
0.0.Ncustom5: Trace Attempt  3	[844.81 s]
0.0.Ht: Trace Attempt 5134	[2090.61 s]
0.0.Mp: Trace Attempt 1001	[1814.70 s]
0.0.Ht: Trace Attempt 5135	[2094.72 s]
0.0.Ht: Trace Attempt 5136	[2098.84 s]
0.0.Mp: Trace Attempt 1002	[1822.75 s]
0.0.Ht: Trace Attempt 5137	[2102.96 s]
0.0.Mp: Trace Attempt 1003	[1830.52 s]
0.0.Ht: Trace Attempt 5138	[2107.11 s]
0.0.Ncustom5: Trace Attempt 315	[862.75 s]
0.0.Ncustom5: Trace Attempt  1	[863.59 s]
0.0.Ncustom5: Trace Attempt  2	[863.59 s]
0.0.Ncustom5: Trace Attempt  3	[863.59 s]
0.0.Ht: Trace Attempt 5139	[2111.26 s]
0.0.D: Trace Attempt 183	[1037.51 s]
0.0.Ht: Trace Attempt 5140	[2115.44 s]
0.0.Mp: Trace Attempt 1004	[1840.14 s]
0.0.Ht: Trace Attempt 5141	[2119.62 s]
0.0.Ht: Trace Attempt 5142	[2123.84 s]
0.0.Mp: Trace Attempt 1005	[1847.77 s]
0.0.Ht: Trace Attempt 5143	[2128.05 s]
0.0.Ncustom5: Trace Attempt 316	[886.13 s]
0.0.Ncustom5: Trace Attempt  1	[887.16 s]
0.0.Ncustom5: Trace Attempt  2	[887.16 s]
0.0.Ncustom5: Trace Attempt  3	[887.16 s]
0.0.Mp: Trace Attempt 1006	[1855.75 s]
0.0.Ht: Trace Attempt 5144	[2132.29 s]
0.0.Ht: Trace Attempt 5145	[2136.55 s]
0.0.Mp: Trace Attempt 1007	[1863.57 s]
0.0.Ht: Trace Attempt 5146	[2140.82 s]
0.0.Ht: Trace Attempt 5147	[2145.09 s]
0.0.D: Trace Attempt 185	[1069.79 s]
0.0.Mp: Trace Attempt 1008	[1871.57 s]
0.0.Ht: Trace Attempt 5148	[2149.41 s]
0.0.Ncustom5: Trace Attempt 317	[906.17 s]
0.0.Ncustom5: Trace Attempt  1	[907.09 s]
0.0.Ncustom5: Trace Attempt  2	[907.10 s]
0.0.Ncustom5: Trace Attempt  3	[907.10 s]
0.0.Ht: Trace Attempt 5149	[2153.74 s]
0.0.Mp: Trace Attempt 1009	[1879.44 s]
0.0.Ht: Trace Attempt 5150	[2158.09 s]
0.0.Ht: Trace Attempt 5151	[2162.42 s]
0.0.Mp: Trace Attempt 1010	[1887.40 s]
0.0.Ht: Trace Attempt 5152	[2166.77 s]
0.0.Ht: Trace Attempt 5153	[2171.12 s]
0.0.Ncustom5: Trace Attempt 318	[926.90 s]
0.0.Mp: Trace Attempt 1011	[1895.09 s]
0.0.Ncustom5: Trace Attempt  1	[927.83 s]
0.0.Ncustom5: Trace Attempt  2	[927.83 s]
0.0.Ncustom5: Trace Attempt  3	[927.83 s]
0.0.Ht: Trace Attempt 5154	[2175.49 s]
0.0.Mp: Trace Attempt 1012	[1902.86 s]
0.0.Ht: Trace Attempt 5155	[2179.87 s]
0.0.D: Trace Attempt 187	[1102.85 s]
0.0.Ht: Trace Attempt 5156	[2184.29 s]
0.0.Mp: Trace Attempt 1013	[1910.54 s]
0.0.Ht: Trace Attempt 5157	[2188.72 s]
0.0.Ncustom5: Trace Attempt 319	[949.09 s]
0.0.Ncustom5: Trace Attempt  1	[950.00 s]
0.0.Ncustom5: Trace Attempt  2	[950.00 s]
0.0.Ncustom5: Trace Attempt  3	[950.00 s]
0.0.Mp: Trace Attempt 1014	[1920.09 s]
0.0.Ht: Trace Attempt 5158	[2200.09 s]
0.0.Mp: Trace Attempt 1015	[1927.69 s]
0.0.Ht: Trace Attempt 5159	[2204.42 s]
0.0.Ht: Trace Attempt 5160	[2208.79 s]
0.0.Mp: Trace Attempt 1016	[1935.81 s]
0.0.Ht: Trace Attempt 5161	[2213.17 s]
0.0.Ht: Trace Attempt 5162	[2217.55 s]
0.0.Mp: Trace Attempt 1017	[1943.56 s]
0.0.Ncustom5: Trace Attempt 320	[976.34 s]
0.0.Ncustom5: Trace Attempt  1	[977.26 s]
0.0.Ncustom5: Trace Attempt  2	[977.26 s]
0.0.Ncustom5: Trace Attempt  3	[977.26 s]
0.0.Ht: Trace Attempt 5163	[2221.95 s]
0.0.Ht: Trace Attempt 5164	[2226.36 s]
0.0.Mp: Trace Attempt 1018	[1951.49 s]
0.0.Ht: Trace Attempt 5165	[2230.78 s]
0.0.Ht: Trace Attempt 5166	[2235.22 s]
0.0.Mp: Trace Attempt 1019	[1959.20 s]
0.0.D: Trace Attempt 189	[1160.11 s]
0.0.Ht: Trace Attempt 5167	[2239.69 s]
0.0.Mp: Trace Attempt 1020	[1967.09 s]
0.0.Ht: Trace Attempt 5168	[2244.15 s]
0.0.Ht: Trace Attempt 5169	[2248.64 s]
0.0.Mp: Trace Attempt 1021	[1974.73 s]
0.0.Ncustom5: Trace Attempt 321	[1007.52 s]
0.0.Ncustom5: Trace Attempt  1	[1008.55 s]
0.0.Ncustom5: Trace Attempt  2	[1008.55 s]
0.0.Ncustom5: Trace Attempt  3	[1008.56 s]
0.0.Ht: Trace Attempt 5170	[2253.14 s]
0.0.Ht: Trace Attempt 5171	[2257.67 s]
0.0.Mp: Trace Attempt 1022	[1982.62 s]
0.0.Ht: Trace Attempt 5172	[2262.23 s]
0.0.Ht: Trace Attempt 5173	[2266.82 s]
0.0.Mp: Trace Attempt 1023	[1990.52 s]
0.0.Ht: Trace Attempt 5174	[2271.41 s]
0.0.Ht: Trace Attempt 5175	[2275.99 s]
0.0.Mp: Trace Attempt 1024	[2000.08 s]
0.0.Ht: Trace Attempt 5176	[2280.57 s]
0.0.D: Trace Attempt 191	[1205.31 s]
0.0.Mp: Trace Attempt 1025	[2007.48 s]
0.0.Ncustom5: Trace Attempt 322	[1039.81 s]
0.0.Ht: Trace Attempt 5177	[2285.18 s]
0.0.Ncustom5: Trace Attempt  1	[1040.86 s]
0.0.Ncustom5: Trace Attempt  2	[1040.86 s]
0.0.Ncustom5: Trace Attempt  3	[1040.86 s]
0.0.Ht: Trace Attempt 5178	[2289.82 s]
0.0.Mp: Trace Attempt 1026	[2015.34 s]
0.0.Ht: Trace Attempt 5179	[2294.47 s]
0.0.Ht: Trace Attempt 5180	[2299.14 s]
0.0.Mp: Trace Attempt 1027	[2022.98 s]
0.0.Ht: Trace Attempt 5181	[2303.81 s]
0.0.Mp: Trace Attempt 1028	[2030.75 s]
0.0.Ht: Trace Attempt 5182	[2308.50 s]
0.0.Ht: Trace Attempt 5183	[2313.22 s]
0.0.D: Trace Attempt 193	[1236.98 s]
0.0.Mp: Trace Attempt 1029	[2038.33 s]
0.0.Ncustom5: Trace Attempt 323	[1071.47 s]
0.0.Ncustom5: Trace Attempt  1	[1072.46 s]
0.0.Ncustom5: Trace Attempt  2	[1072.46 s]
0.0.Ncustom5: Trace Attempt  3	[1072.46 s]
0.0.Ht: Trace Attempt 5184	[2317.97 s]
0.0.Mp: Trace Attempt 1030	[2046.18 s]
0.0.Ht: Trace Attempt 5185	[2322.72 s]
0.0.Ht: Trace Attempt 5186	[2327.47 s]
0.0.Mp: Trace Attempt 1031	[2053.72 s]
0.0.Ht: Trace Attempt 5187	[2332.25 s]
0.0.Ht: Trace Attempt 5188	[2337.02 s]
0.0.Mp: Trace Attempt 1032	[2061.43 s]
0.0.Ht: Trace Attempt 5189	[2341.81 s]
0.0.Mp: Trace Attempt 1033	[2068.92 s]
0.0.Ht: Trace Attempt 5190	[2346.61 s]
0.0.D: Trace Attempt 195	[1269.51 s]
0.0.Ncustom5: Trace Attempt 324	[1106.90 s]
0.0.Ncustom5: Trace Attempt  1	[1107.83 s]
0.0.Ncustom5: Trace Attempt  2	[1107.83 s]
0.0.Ncustom5: Trace Attempt  3	[1107.83 s]
0.0.Mp: Trace Attempt 1034	[2078.28 s]
0.0.Mp: Trace Attempt 1035	[2085.63 s]
0.0.Mp: Trace Attempt 1036	[2093.35 s]
0.0.Mp: Trace Attempt 1037	[2100.78 s]
0.0.Ncustom5: Trace Attempt 325	[1137.66 s]
0.0.Ncustom5: Trace Attempt  1	[1138.70 s]
0.0.Ncustom5: Trace Attempt  2	[1138.70 s]
0.0.Ncustom5: Trace Attempt  3	[1138.70 s]
0.0.Mp: Trace Attempt 1038	[2108.37 s]
0.0.D: Trace Attempt 197	[1310.69 s]
0.0.Mp: Trace Attempt 1039	[2115.84 s]
0.0.Mp: Trace Attempt 1040	[2123.53 s]
0.0.Ht: Trace Attempt 5191	[2401.99 s]
0.0.Mp: Trace Attempt 1041	[2131.09 s]
0.0.Ncustom5: Trace Attempt 326	[1165.51 s]
0.0.Ncustom5: Trace Attempt  1	[1166.40 s]
0.0.Ncustom5: Trace Attempt  2	[1166.40 s]
0.0.Ncustom5: Trace Attempt  3	[1166.40 s]
0.0.Mp: Trace Attempt 1042	[2138.80 s]
0.0.Ht: Trace Attempt 5192	[2416.23 s]
0.0.D: Trace Attempt 199	[1344.12 s]
0.0.Mp: Trace Attempt 1043	[2146.25 s]
0.0.Ht: Trace Attempt 5194	[2423.99 s]
0.0.Ht: Trace Attempt 5195	[2429.02 s]
0.0.Mp: Trace Attempt 1044	[2155.66 s]
0.0.Ht: Trace Attempt 5196	[2434.08 s]
0.0.Ht: Trace Attempt 5197	[2439.13 s]
0.0.Mp: Trace Attempt 1045	[2162.97 s]
0.0.Ncustom5: Trace Attempt 327	[1197.78 s]
0.0.Ncustom5: Trace Attempt  1	[1198.78 s]
0.0.Ncustom5: Trace Attempt  2	[1198.78 s]
0.0.Ncustom5: Trace Attempt  3	[1198.78 s]
0.0.Ht: Trace Attempt 5198	[2444.22 s]
0.0.Mp: Trace Attempt 1046	[2170.63 s]
0.0.Ht: Trace Attempt 5199	[2449.29 s]
0.0.Ht: Trace Attempt 5200	[2454.39 s]
0.0.Mp: Trace Attempt 1047	[2177.99 s]
0.0.D: Trace Attempt 201	[1379.96 s]
0.0.Ht: Trace Attempt 5201	[2459.50 s]
0.0.Mp: Trace Attempt 1048	[2185.57 s]
0.0.Mp: Trace Attempt 1049	[2193.01 s]
0.0.Mp: Trace Attempt 1050	[2200.55 s]
0.0.Mp: Trace Attempt 1051	[2207.89 s]
0.0.Mp: Trace Attempt 1052	[2215.39 s]
0.0.D: Trace Attempt 203	[1417.77 s]
0.0.Mp: Trace Attempt 1053	[2222.70 s]
0.0.Ncustom5: Trace Attempt 328	[1255.85 s]
0.0.Ncustom5: Trace Attempt  1	[1256.93 s]
0.0.Ncustom5: Trace Attempt  2	[1256.93 s]
0.0.Ncustom5: Trace Attempt  3	[1256.93 s]
0.0.Mp: Trace Attempt 1054	[2232.02 s]
0.0.Mp: Trace Attempt 1055	[2239.23 s]
0.0.Mp: Trace Attempt 1056	[2246.64 s]
0.0.D: Trace Attempt 205	[1449.76 s]
0.0.Mp: Trace Attempt 1057	[2253.83 s]
0.0.Mp: Trace Attempt 1058	[2261.19 s]
0.0.Ncustom5: Trace Attempt 329	[1294.74 s]
0.0.Ncustom5: Trace Attempt  1	[1295.67 s]
0.0.Ncustom5: Trace Attempt  2	[1295.67 s]
0.0.Ncustom5: Trace Attempt  3	[1295.67 s]
0.0.Mp: Trace Attempt 1059	[2268.40 s]
0.0.Mp: Trace Attempt 1060	[2275.86 s]
0.0.Mp: Trace Attempt 1061	[2283.19 s]
0.0.Ncustom5: Trace Attempt 330	[1320.70 s]
0.0.Ncustom5: Trace Attempt  1	[1321.84 s]
0.0.Ncustom5: Trace Attempt  2	[1321.84 s]
0.0.Ncustom5: Trace Attempt  3	[1321.85 s]
0.0.D: Trace Attempt 207	[1489.04 s]
0.0.Mp: Trace Attempt 1062	[2290.59 s]
0.0.Mp: Trace Attempt 1063	[2297.89 s]
0.0.Ht: Trace Attempt 5202	[2579.26 s]
0.0.Ht: Trace Attempt 5204	[2583.33 s]
0.0.Mp: Trace Attempt 1064	[2307.14 s]
0.0.Ht: Trace Attempt 5205	[2588.59 s]
0.0.Mp: Trace Attempt 1065	[2314.37 s]
0.0.Ht: Trace Attempt 5206	[2596.79 s]
0.0.Ncustom5: Trace Attempt 331	[1353.13 s]
0.0.Mp: Trace Attempt 1066	[2321.92 s]
0.0.Ncustom5: Trace Attempt  1	[1354.14 s]
0.0.Ncustom5: Trace Attempt  2	[1354.14 s]
0.0.Ncustom5: Trace Attempt  3	[1354.14 s]
0.0.Ht: Trace Attempt 5208	[2602.63 s]
0.0.Mp: Trace Attempt 1067	[2329.18 s]
0.0.Ht: Trace Attempt 5209	[2611.70 s]
0.0.Mp: Trace Attempt 1068	[2336.52 s]
0.0.Ht: Trace Attempt 5211	[2617.28 s]
0.0.Mp: Trace Attempt 1069	[2343.62 s]
0.0.Ht: Trace Attempt 5212	[2621.82 s]
0.0.D: Trace Attempt 209	[1546.41 s]
0.0.Ht: Trace Attempt 5213	[2626.74 s]
0.0.Mp: Trace Attempt 1070	[2351.05 s]
0.0.Ncustom5: Trace Attempt 332	[1383.62 s]
0.0.Ncustom5: Trace Attempt  1	[1384.78 s]
0.0.Ncustom5: Trace Attempt  2	[1384.79 s]
0.0.Ncustom5: Trace Attempt  3	[1384.79 s]
0.0.Ht: Trace Attempt 5214	[2631.46 s]
0.0.Mp: Trace Attempt 1071	[2358.34 s]
0.0.Ht: Trace Attempt 5216	[2639.15 s]
0.0.Mp: Trace Attempt 1072	[2365.70 s]
0.0.Ht: Trace Attempt 5217	[2644.34 s]
0.0.Mp: Trace Attempt 1073	[2372.99 s]
0.0.Ht: Trace Attempt 5218	[2657.81 s]
0.0.Mp: Trace Attempt 1074	[2382.02 s]
0.0.Ncustom5: Trace Attempt 333	[1417.26 s]
0.0.Ncustom5: Trace Attempt  1	[1418.18 s]
0.0.Ncustom5: Trace Attempt  2	[1418.18 s]
0.0.Ncustom5: Trace Attempt  3	[1418.18 s]
0.0.Ht: Trace Attempt 5219	[2662.80 s]
0.0.Mp: Trace Attempt 1075	[2388.93 s]
0.0.Ht: Trace Attempt 5220	[2667.64 s]
0.0.D: Trace Attempt 211	[1591.22 s]
0.0.Mp: Trace Attempt 1076	[2396.26 s]
0.0.Ht: Trace Attempt 5221	[2672.84 s]
0.0.D: Stopped processing property "fifo.fifo_sva_i._cover_17"	[1596.84 s].
0.0.D: Morphing to Ncustom1
0.0.D: All properties determined. [0.00 s]
0.0.D: Exited with Success (@ 0.00 s)
0.0.Ncustom1: clocks: 1, declared: 1, disabling: 0, posedge: 1, negedge: 0, noedge: 0, bothedge: 0
0.0.Ncustom1: Starting proof for property "fifo.fifo_sva_i._cover_17"	[0.00 s].
0.0.Ncustom5: Stopped processing property "fifo.fifo_sva_i._cover_17"	[1430.28 s].
0.0.Ncustom5: Morphing to Tricustom6
0.0.Ncustom5: Trace Attempt 333	[1420.71 s]
0.0.Ncustom5: All properties determined. [0.00 s]
0.0.Ncustom5: Exited with Success (@ 0.00 s)
0.0.Tricustom6: Starting clock optimization
0.0.Tricustom6: Finished clock optimization
0.0.Tricustom6: clocks: 1, declared: 1, disabling: 0, posedge: 1, negedge: 0, noedge: 0, bothedge: 0
0.0.Tricustom6: Starting proof for property "fifo.fifo_sva_i._cover_17"	[0.00 s].
0.0.Tricustom6: Trace Attempt  4	[0.00 s]
0.0.Tricustom6:    0.02" ---- Launching main thread ----
0.0.Tricustom6:    0.17" ---- Launching abstraction thread ----
0.0.Tricustom6:    0.20" ---- Launching multi-phase simplification thread ----
0.0.Ncustom1: Trace Attempt 333	[2.40 s]
0.0.Ht: Trace Attempt 5222	[2677.78 s]
0.0.Tricustom6: Trace Attempt 68	[4.21 s]
0.0.Mp: Trace Attempt 1077	[2403.39 s]
0.0.Ht: Trace Attempt 5223	[2683.06 s]
0.0.Tricustom6: Trace Attempt 1756	[8.54 s]
0.0.Mp: Trace Attempt 1078	[2410.68 s]
0.0.Tricustom6: Trace Attempt 2480	[13.09 s]
0.0.Ht: Trace Attempt 5224	[2688.10 s]
0.0.Tricustom6: Trace Attempt 2948	[17.18 s]
0.0.Ht: Trace Attempt 5225	[2693.54 s]
0.0.Mp: Trace Attempt 1079	[2417.92 s]
0.0.Tricustom6: Trace Attempt 3380	[21.18 s]
0.0.Ht: Trace Attempt 5226	[2698.76 s]
0.0.Tricustom6:   25.21" Simplification phase 1 complete
0.0.Tricustom6: Trace Attempt 3696	[25.68 s]
0.0.Mp: Trace Attempt 1080	[2425.22 s]
0.0.Ht: Trace Attempt 5227	[2704.22 s]
0.0.Tricustom6: Trace Attempt 3912	[29.82 s]
0.0.Ncustom1: Trace Attempt 334	[31.63 s]
0.0.Ncustom1: Trace Attempt  1	[32.71 s]
0.0.Ncustom1: Trace Attempt  2	[32.71 s]
0.0.Ncustom1: Trace Attempt  3	[32.71 s]
0.0.Mp: Trace Attempt 1081	[2432.37 s]
0.0.Ht: Trace Attempt 5228	[2709.34 s]
0.0.Tricustom6: Trace Attempt 4104	[39.86 s]
0.0.Ht: Trace Attempt 5229	[2714.84 s]
0.0.Mp: Trace Attempt 1082	[2439.68 s]
0.0.Tricustom6: Trace Attempt 4132	[45.03 s]
0.0.Ht: Trace Attempt 5230	[2720.08 s]
0.0.Mp: Trace Attempt 1083	[2446.75 s]
0.0.Tricustom6: Trace Attempt 4160	[49.58 s]
0.0.Ht: Trace Attempt 5231	[2725.64 s]
0.0.Tricustom6: Trace Attempt 4184	[54.10 s]
0.0.Ht: Trace Attempt 5232	[2730.91 s]
0.0.Mp: Trace Attempt 1084	[2455.56 s]
0.0.Tricustom6: Trace Attempt 4208	[58.45 s]
0.0.Ht: Trace Attempt 5233	[2736.48 s]
0.0.Tricustom6: Trace Attempt 4228	[63.08 s]
0.0.Mp: Trace Attempt 1085	[2462.35 s]
0.0.Ht: Trace Attempt 5234	[2741.72 s]
0.0.Ncustom1: Trace Attempt 335	[67.32 s]
0.0.Ncustom1: Trace Attempt  1	[68.33 s]
0.0.Ncustom1: Trace Attempt  2	[68.33 s]
0.0.Ncustom1: Trace Attempt  3	[68.33 s]
0.0.Tricustom6: Trace Attempt 4244	[68.20 s]
0.0.Mp: Trace Attempt 1086	[2469.59 s]
0.0.Ht: Trace Attempt 5235	[2747.32 s]
0.0.Tricustom6: Trace Attempt 4260	[72.72 s]
0.0.Tricustom6: Trace Attempt 4272	[77.69 s]
0.0.Ht: Trace Attempt 5236	[2752.56 s]
0.0.Mp: Trace Attempt 1087	[2476.72 s]
0.0.Tricustom6: Trace Attempt 4288	[82.38 s]
0.0.Ht: Trace Attempt 5237	[2758.15 s]
0.0.Mp: Trace Attempt 1088	[2483.95 s]
0.0.Tricustom6: Trace Attempt 4300	[87.77 s]
0.0.Ht: Trace Attempt 5238	[2763.48 s]
0.0.Tricustom6: Trace Attempt 4312	[92.20 s]
0.0.Mp: Trace Attempt 1089	[2490.93 s]
0.0.Ht: Trace Attempt 5239	[2769.13 s]
0.0.Tricustom6: Trace Attempt 4320	[96.52 s]
0.0.Ht: Trace Attempt 5240	[2774.49 s]
0.0.Mp: Trace Attempt 1090	[2498.09 s]
0.0.Tricustom6: Trace Attempt 4328	[100.81 s]
0.0.Ht: Trace Attempt 5241	[2780.24 s]
0.0.Tricustom6: Trace Attempt 4336	[106.27 s]
0.0.Mp: Trace Attempt 1091	[2505.13 s]
0.0.Ncustom1: Trace Attempt 336	[110.65 s]
0.0.Ht: Trace Attempt 5242	[2785.63 s]
0.0.Ncustom1: Trace Attempt  1	[111.81 s]
0.0.Ncustom1: Trace Attempt  2	[111.81 s]
0.0.Ncustom1: Trace Attempt  3	[111.81 s]
0.0.Tricustom6: Trace Attempt 4344	[112.87 s]
0.0.Mp: Trace Attempt 1092	[2512.34 s]
0.0.Ht: Trace Attempt 5243	[2791.36 s]
0.0.Tricustom6: Trace Attempt 4352	[117.18 s]
0.0.Mp: Trace Attempt 1093	[2519.42 s]
0.0.Ht: Trace Attempt 5244	[2796.79 s]
0.0.Tricustom6: Trace Attempt 4360	[122.57 s]
0.0.Tricustom6: Trace Attempt 4364	[126.57 s]
0.0.Ht: Trace Attempt 5245	[2802.54 s]
0.0.Mp: Trace Attempt 1094	[2528.33 s]
0.0.Tricustom6: Trace Attempt 4372	[130.78 s]
0.0.Ht: Trace Attempt 5246	[2807.97 s]
0.0.Mp: Trace Attempt 1095	[2535.09 s]
0.0.Tricustom6: Trace Attempt 4380	[138.07 s]
0.0.Ht: Trace Attempt 5247	[2813.75 s]
0.0.Mp: Trace Attempt 1096	[2542.11 s]
0.0.Ht: Trace Attempt 5248	[2819.24 s]
0.0.Tricustom6: Trace Attempt 4388	[145.07 s]
0.0.Ncustom1: Trace Attempt 337	[145.86 s]
0.0.Ncustom1: Trace Attempt  1	[146.96 s]
0.0.Ncustom1: Trace Attempt  2	[146.96 s]
0.0.Ncustom1: Trace Attempt  3	[146.96 s]
0.0.Ht: Trace Attempt 5249	[2825.11 s]
0.0.Mp: Trace Attempt 1097	[2549.06 s]
0.0.Tricustom6: Trace Attempt 4396	[151.79 s]
0.0.Ht: Trace Attempt 5250	[2830.70 s]
0.0.Tricustom6:  156.07" Simplification phase 2 complete
0.0.Tricustom6: Trace Attempt 4400	[157.18 s]
0.0.Mp: Trace Attempt 1098	[2556.04 s]
0.0.Ht: Trace Attempt 5251	[2836.63 s]
0.0.Tricustom6: Trace Attempt 4408	[163.73 s]
0.0.Mp: Trace Attempt 1099	[2563.05 s]
0.0.Mp: Trace Attempt 1100	[2570.21 s]
0.0.Tricustom6: Trace Attempt 4416	[173.96 s]
0.0.Ht: Trace Attempt 5252	[2849.05 s]
0.0.Mp: Trace Attempt 1101	[2577.18 s]
0.0.Ht: Trace Attempt 5253	[2854.73 s]
0.0.Ncustom1: Trace Attempt 338	[181.03 s]
0.0.Tricustom6: Trace Attempt 4420	[181.12 s]
0.0.Ncustom1: Trace Attempt  1	[182.13 s]
0.0.Ncustom1: Trace Attempt  2	[182.13 s]
0.0.Ncustom1: Trace Attempt  3	[182.13 s]
0.0.Ht: Trace Attempt 5254	[2860.20 s]
0.0.Mp: Trace Attempt 1102	[2584.28 s]
0.0.Tricustom6: Trace Attempt 4424	[186.18 s]
0.0.Ht: Trace Attempt 5255	[2866.02 s]
0.0.Mp: Trace Attempt 1103	[2591.16 s]
0.0.Tricustom6: Trace Attempt 4432	[196.54 s]
0.0.Mp: Trace Attempt 1104	[2599.95 s]
0.0.Tricustom6: Trace Attempt 4440	[204.84 s]
0.0.Mp: Trace Attempt 1105	[2606.58 s]
0.0.Tricustom6: Trace Attempt 4444	[211.80 s]
0.0.Mp: Trace Attempt 1106	[2613.50 s]
0.0.Tricustom6: Trace Attempt 4448	[216.12 s]
0.0.Tricustom6: Trace Attempt 4452	[221.17 s]
0.0.Mp: Trace Attempt 1107	[2620.27 s]
0.0.Ncustom1: Trace Attempt 339	[223.29 s]
0.0.Ncustom1: Trace Attempt  1	[224.49 s]
0.0.Ncustom1: Trace Attempt  2	[224.49 s]
0.0.Ncustom1: Trace Attempt  3	[224.49 s]
0.0.Mp: Trace Attempt 1108	[2627.26 s]
0.0.Tricustom6: Trace Attempt 4460	[229.50 s]
0.0.Mp: Trace Attempt 1109	[2634.07 s]
0.0.Tricustom6: Trace Attempt 4464	[236.70 s]
0.0.Tricustom6: Trace Attempt 4468	[241.71 s]
0.0.Mp: Trace Attempt 1110	[2641.06 s]
0.0.Ht: Trace Attempt 5256	[2919.16 s]
0.0.Mp: Trace Attempt 1111	[2647.85 s]
0.0.Ht: Trace Attempt 5257	[2925.07 s]
0.0.Tricustom6: Trace Attempt 4472	[250.78 s]
0.0.Ncustom1: Trace Attempt 340	[256.40 s]
0.0.Ht: Trace Attempt 5258	[2930.97 s]
0.0.Mp: Trace Attempt 1112	[2654.72 s]
0.0.Ncustom1: Trace Attempt  1	[257.63 s]
0.0.Ncustom1: Trace Attempt  2	[257.63 s]
0.0.Ncustom1: Trace Attempt  3	[257.63 s]
0.0.Tricustom6: Trace Attempt 4480	[257.39 s]
0.0.Ht: Trace Attempt 5259	[2936.88 s]
0.0.Mp: Trace Attempt 1113	[2661.49 s]
0.0.Tricustom6: Trace Attempt 4484	[266.29 s]
0.0.Ht: Trace Attempt 5260	[2942.79 s]
0.0.Mp: Trace Attempt 1114	[2670.14 s]
0.0.Tricustom6: Trace Attempt 4492	[272.08 s]
0.0.Ht: Trace Attempt 5261	[2948.75 s]
0.0.Mp: Trace Attempt 1115	[2676.66 s]
0.0.Ht: Trace Attempt 5262	[2954.74 s]
0.0.Tricustom6: Trace Attempt 4500	[284.33 s]
0.0.Mp: Trace Attempt 1116	[2683.46 s]
0.0.Ht: Trace Attempt 5263	[2960.75 s]
0.0.Mp: Trace Attempt 1117	[2690.14 s]
0.0.Ht: Trace Attempt 5264	[2966.79 s]
0.0.Tricustom6: Trace Attempt 4504	[294.38 s]
0.0.Ncustom1: Trace Attempt 341	[295.78 s]
0.0.Ncustom1: Trace Attempt  1	[296.81 s]
0.0.Ncustom1: Trace Attempt  2	[296.81 s]
0.0.Ncustom1: Trace Attempt  3	[296.81 s]
0.0.Ht: Trace Attempt 5265	[2972.78 s]
0.0.Mp: Trace Attempt 1118	[2697.00 s]
0.0.Ht: Trace Attempt 5266	[2978.85 s]
0.0.Tricustom6: Trace Attempt 4512	[304.24 s]
0.0.Mp: Trace Attempt 1119	[2703.71 s]
0.0.Ht: Trace Attempt 5267	[2984.94 s]
0.0.Mp: Trace Attempt 1120	[2710.46 s]
0.0.Tricustom6: Trace Attempt 4520	[312.35 s]
0.0.Ht: Trace Attempt 5268	[2990.98 s]
0.0.Tricustom6: Trace Attempt 4524	[318.13 s]
0.0.Mp: Trace Attempt 1121	[2717.14 s]
0.0.Ht: Trace Attempt 5269	[2997.05 s]
0.0.Ncustom1: Trace Attempt 342	[323.15 s]
0.0.Tricustom6: Trace Attempt 4528	[323.22 s]
0.0.Ncustom1: Trace Attempt  1	[324.25 s]
0.0.Ncustom1: Trace Attempt  2	[324.25 s]
0.0.Ncustom1: Trace Attempt  3	[324.26 s]
0.0.Mp: Trace Attempt 1122	[2724.03 s]
0.0.Tricustom6: Trace Attempt 4532	[328.12 s]
0.0.Ht: Trace Attempt 5270	[3003.18 s]
0.0.Mp: Trace Attempt 1123	[2730.80 s]
0.0.Ht: Trace Attempt 5271	[3009.30 s]
0.0.Ht: Trace Attempt 5272	[3015.45 s]
0.0.Mp: Trace Attempt 1124	[2739.40 s]
0.0.Tricustom6: Trace Attempt 4536	[345.16 s]
0.0.Ht: Trace Attempt 5273	[3021.57 s]
0.0.Mp: Trace Attempt 1125	[2745.93 s]
0.0.Ncustom1: Trace Attempt 343	[352.82 s]
0.0.Ncustom1: Trace Attempt  1	[353.89 s]
0.0.Ncustom1: Trace Attempt  2	[353.89 s]
0.0.Ncustom1: Trace Attempt  3	[353.89 s]
0.0.Mp: Trace Attempt 1126	[2752.80 s]
0.0.Mp: Trace Attempt 1127	[2759.45 s]
0.0.Tricustom6: Trace Attempt 4544	[367.35 s]
0.0.Mp: Trace Attempt 1128	[2766.25 s]
0.0.Tricustom6: Trace Attempt 4548	[372.08 s]
0.0.Mp: Trace Attempt 1129	[2772.92 s]
0.0.Mp: Trace Attempt 1130	[2779.66 s]
0.0.Ncustom1: Trace Attempt 344	[381.90 s]
0.0.Ncustom1: Trace Attempt  1	[382.95 s]
0.0.Ncustom1: Trace Attempt  2	[382.95 s]
0.0.Ncustom1: Trace Attempt  3	[382.95 s]
0.0.Tricustom6: Trace Attempt 4552	[383.69 s]
0.0.Mp: Trace Attempt 1131	[2786.27 s]
0.0.Tricustom6: Trace Attempt 4556	[387.96 s]
0.0.Mp: Trace Attempt 1132	[2792.98 s]
0.0.Tricustom6: Trace Attempt 4560	[395.25 s]
0.0.Mp: Trace Attempt 1133	[2799.70 s]
0.0.Tricustom6: Trace Attempt 4564	[401.80 s]
0.0.Mp: Trace Attempt 1134	[2808.26 s]
0.0.Tricustom6: Trace Attempt 4568	[410.67 s]
0.0.Mp: Trace Attempt 1135	[2814.64 s]
0.0.Tricustom6: Trace Attempt 4572	[419.38 s]
0.0.Mp: Trace Attempt 1136	[2821.21 s]
0.0.Ncustom1: Trace Attempt 345	[424.43 s]
0.0.Ncustom1: Trace Attempt  1	[425.59 s]
0.0.Ncustom1: Trace Attempt  2	[425.59 s]
0.0.Ncustom1: Trace Attempt  3	[425.60 s]
0.0.Tricustom6: Trace Attempt 4576	[427.67 s]
0.0.Mp: Trace Attempt 1137	[2827.70 s]
0.0.Mp: Trace Attempt 1138	[2834.48 s]
0.0.Mp: Trace Attempt 1139	[2841.16 s]
0.0.Tricustom6: Trace Attempt 4580	[452.19 s]
0.0.Mp: Trace Attempt 1140	[2852.10 s]
0.0.Ncustom1: Trace Attempt 346	[462.42 s]
0.0.Ncustom1: Trace Attempt  1	[463.68 s]
0.0.Ncustom1: Trace Attempt  2	[463.68 s]
0.0.Ncustom1: Trace Attempt  3	[463.69 s]
0.0.Tricustom6: Trace Attempt 4584	[463.91 s]
0.0.Mp: Trace Attempt 1141	[2862.95 s]
0.0.Ht: Trace Attempt 5274	[3142.75 s]
0.0.Mp: Trace Attempt 1142	[2869.67 s]
0.0.Ht: Trace Attempt 5275	[3147.52 s]
0.0.Mp: Trace Attempt 1143	[2876.14 s]
0.0.Ht: Trace Attempt 5278	[3153.43 s]
0.0.Ht: Trace Attempt 5279	[3157.97 s]
0.0.Mp: Trace Attempt 1144	[2886.08 s]
0.0.Tricustom6: Trace Attempt 4588	[489.94 s]
0.0.Ht: Trace Attempt 5281	[3165.02 s]
0.0.Ncustom1: Trace Attempt 347	[492.99 s]
0.0.Tricustom6:  492.80" Simplification phase 3 complete
0.0.Tricustom6:  492.80" ---- Completed simplification thread ----
0.0.Tricustom6:  492.81" ---- Restarting main thread on simplified netlist ----
0.0.Tricustom6:  493.02" ---- Restarting abstraction thread on simplified netlist ----
0.0.Ncustom1: Trace Attempt  1	[494.10 s]
0.0.Ncustom1: Trace Attempt  2	[494.10 s]
0.0.Ncustom1: Trace Attempt  3	[494.11 s]
0.0.Mp: Trace Attempt 1145	[2892.38 s]
0.0.Ht: Trace Attempt 5282	[3169.74 s]
0.0.Ht: Trace Attempt 5283	[3174.45 s]
0.0.Mp: Trace Attempt 1146	[2899.01 s]
0.0.Mp: Trace Attempt 1147	[2905.65 s]
0.0.Ht: Trace Attempt 5285	[3187.06 s]
0.0.Mp: Trace Attempt 1148	[2912.45 s]
0.0.Ht: Trace Attempt 5287	[3193.98 s]
0.0.Mp: Trace Attempt 1149	[2918.95 s]
0.0.Ht: Trace Attempt 5288	[3199.09 s]
0.0.Mp: Trace Attempt 1150	[2925.53 s]
0.0.Ht: Trace Attempt 5289	[3204.18 s]
0.0.Ncustom1: Trace Attempt 348	[532.06 s]
0.0.Ncustom1: Trace Attempt  1	[533.20 s]
0.0.Ncustom1: Trace Attempt  2	[533.20 s]
0.0.Ncustom1: Trace Attempt  3	[533.20 s]
0.0.Mp: Trace Attempt 1151	[2931.93 s]
0.0.Ht: Trace Attempt 5290	[3209.34 s]
0.0.Ht: Trace Attempt 5291	[3214.53 s]
0.0.Mp: Trace Attempt 1152	[2938.49 s]
0.0.Ht: Trace Attempt 5292	[3219.77 s]
0.0.Mp: Trace Attempt 1153	[2944.95 s]
0.0.Ht: Trace Attempt 5293	[3225.07 s]
0.0.Mp: Trace Attempt 1154	[2953.52 s]
0.0.Ht: Trace Attempt 5294	[3230.44 s]
0.0.Ht: Trace Attempt 5295	[3235.84 s]
0.0.Mp: Trace Attempt 1155	[2959.86 s]
0.0.Ht: Trace Attempt 5296	[3241.22 s]
0.0.Ncustom1: Trace Attempt 349	[567.75 s]
0.0.Mp: Trace Attempt 1156	[2966.44 s]
0.0.Ncustom1: Trace Attempt  1	[568.85 s]
0.0.Ncustom1: Trace Attempt  2	[568.85 s]
0.0.Ncustom1: Trace Attempt  3	[568.86 s]
0.0.Ht: Trace Attempt 5297	[3246.62 s]
0.0.Mp: Trace Attempt 1157	[2972.75 s]
0.0.Ht: Trace Attempt 5298	[3252.09 s]
0.0.Mp: Trace Attempt 1158	[2979.17 s]
0.0.Ht: Trace Attempt 5299	[3257.57 s]
0.0.Mp: Trace Attempt 1159	[2985.55 s]
0.0.Ht: Trace Attempt 5300	[3263.03 s]
0.0.Ht: Trace Attempt 5301	[3268.53 s]
0.0.Mp: Trace Attempt 1160	[2992.12 s]
0.0.Ht: Trace Attempt 5302	[3274.04 s]
0.0.Mp: Trace Attempt 1161	[2998.49 s]
0.0.Ht: Trace Attempt 5303	[3279.53 s]
0.0.Mp: Trace Attempt 1162	[3004.89 s]
0.0.Ht: Trace Attempt 5304	[3285.01 s]
0.0.Mp: Trace Attempt 1163	[3011.12 s]
0.0.Ncustom1: Trace Attempt 350	[613.88 s]
0.0.Ncustom1: Trace Attempt  1	[615.05 s]
0.0.Ncustom1: Trace Attempt  2	[615.05 s]
0.0.Ncustom1: Trace Attempt  3	[615.05 s]
0.0.Ht: Trace Attempt 5305	[3290.51 s]
0.0.Mp: Trace Attempt 1164	[3019.50 s]
0.0.Ht: Trace Attempt 5306	[3296.03 s]
0.0.Ht: Trace Attempt 5307	[3301.58 s]
0.0.Mp: Trace Attempt 1165	[3025.72 s]
0.0.Ht: Trace Attempt 5308	[3307.18 s]
0.0.Mp: Trace Attempt 1166	[3032.10 s]
0.0.Ht: Trace Attempt 5309	[3312.80 s]
0.0.Ncustom1: Trace Attempt 351	[639.09 s]
0.0.Ncustom1: Trace Attempt  1	[640.12 s]
0.0.Ncustom1: Trace Attempt  2	[640.12 s]
0.0.Ncustom1: Trace Attempt  3	[640.12 s]
0.0.Mp: Trace Attempt 1167	[3038.28 s]
0.0.Ht: Trace Attempt 5310	[3318.43 s]
0.0.Mp: Trace Attempt 1168	[3044.54 s]
0.0.Ht: Trace Attempt 5311	[3324.09 s]
0.0.Mp: Trace Attempt 1169	[3050.62 s]
0.0.Ht: Trace Attempt 5312	[3329.80 s]
0.0.Mp: Trace Attempt 1170	[3057.03 s]
0.0.Ht: Trace Attempt 5313	[3335.49 s]
0.0.Mp: Trace Attempt 1171	[3063.27 s]
0.0.Ht: Trace Attempt 5314	[3341.21 s]
0.0.Mp: Trace Attempt 1172	[3069.61 s]
0.0.Ht: Trace Attempt 5315	[3346.92 s]
0.0.Mp: Trace Attempt 1173	[3075.80 s]
0.0.Ht: Trace Attempt 5316	[3352.66 s]
0.0.Ht: Trace Attempt 5317	[3358.41 s]
0.0.Ncustom1: Trace Attempt 352	[684.55 s]
0.0.Ncustom1: Trace Attempt  1	[685.63 s]
0.0.Ncustom1: Trace Attempt  2	[685.63 s]
0.0.Ncustom1: Trace Attempt  3	[685.63 s]
0.0.Mp: Trace Attempt 1174	[3083.98 s]
0.0.Mp: Trace Attempt 1175	[3090.10 s]
0.0.Ht: Trace Attempt 5318	[3371.63 s]
0.0.Mp: Trace Attempt 1176	[3096.50 s]
0.0.Ht: Trace Attempt 5319	[3377.14 s]
0.0.Mp: Trace Attempt 1177	[3102.78 s]
0.0.Ht: Trace Attempt 5320	[3382.75 s]
0.0.Mp: Trace Attempt 1178	[3109.19 s]
0.0.Ht: Trace Attempt 5321	[3388.36 s]
0.0.Mp: Trace Attempt 1179	[3115.41 s]
0.0.Ht: Trace Attempt 5322	[3393.98 s]
0.0.Ncustom1: Trace Attempt 353	[721.55 s]
0.0.Ncustom1: Trace Attempt  1	[722.79 s]
0.0.Ncustom1: Trace Attempt  2	[722.79 s]
0.0.Ncustom1: Trace Attempt  3	[722.79 s]
0.0.Mp: Trace Attempt 1180	[3121.70 s]
0.0.Ht: Trace Attempt 5323	[3399.64 s]
0.0.Mp: Trace Attempt 1181	[3127.84 s]
0.0.Ht: Trace Attempt 5324	[3405.32 s]
0.0.Mp: Trace Attempt 1182	[3134.15 s]
0.0.Ht: Trace Attempt 5325	[3411.02 s]
0.0.Mp: Trace Attempt 1183	[3140.42 s]
0.0.Mp: Trace Attempt 1184	[3148.59 s]
0.0.Ncustom1: Trace Attempt 354	[753.92 s]
0.0.Ncustom1: Trace Attempt  1	[755.09 s]
0.0.Ncustom1: Trace Attempt  2	[755.09 s]
0.0.Ncustom1: Trace Attempt  3	[755.09 s]
0.0.Mp: Trace Attempt 1185	[3154.60 s]
0.0.Mp: Trace Attempt 1186	[3160.93 s]
0.0.Mp: Trace Attempt 1187	[3167.14 s]
0.0.Mp: Trace Attempt 1188	[3173.44 s]
0.0.Mp: Trace Attempt 1189	[3179.40 s]
0.0.Mp: Trace Attempt 1190	[3185.62 s]
0.0.Ht: Trace Attempt 5326	[3467.26 s]
0.0.Mp: Trace Attempt 1191	[3191.64 s]
0.0.Ncustom1: Trace Attempt 355	[797.65 s]
0.0.Ncustom1: Trace Attempt  1	[798.83 s]
0.0.Ncustom1: Trace Attempt  2	[798.83 s]
0.0.Ncustom1: Trace Attempt  3	[798.83 s]
0.0.Ht: Trace Attempt 5327	[3473.53 s]
0.0.Mp: Trace Attempt 1192	[3197.81 s]
0.0.Ht: Trace Attempt 5328	[3479.82 s]
0.0.Mp: Trace Attempt 1193	[3203.84 s]
0.0.Ht: Trace Attempt 5329	[3486.06 s]
0.0.Mp: Trace Attempt 1194	[3211.86 s]
0.0.Ht: Trace Attempt 5330	[3492.32 s]
0.0.Mp: Trace Attempt 1195	[3217.76 s]
0.0.Ht: Trace Attempt 5331	[3498.65 s]
0.0.Mp: Trace Attempt 1196	[3223.98 s]
0.0.Ht: Trace Attempt 5332	[3505.00 s]
0.0.Mp: Trace Attempt 1197	[3230.05 s]
0.0.Ncustom1: Trace Attempt 356	[835.33 s]
0.0.Ncustom1: Trace Attempt  1	[836.40 s]
0.0.Ncustom1: Trace Attempt  2	[836.40 s]
0.0.Ncustom1: Trace Attempt  3	[836.40 s]
0.0.Ht: Trace Attempt 5333	[3511.38 s]
0.0.Mp: Trace Attempt 1198	[3236.30 s]
0.0.Ht: Trace Attempt 5334	[3517.74 s]
0.0.Mp: Trace Attempt 1199	[3242.35 s]
0.0.Ht: Trace Attempt 5335	[3524.09 s]
0.0.Mp: Trace Attempt 1200	[3248.52 s]
0.0.Tricustom6: Trace Attempt 8212	[853.80 s]
0.0.Ht: Trace Attempt 5336	[3530.47 s]
0.0.Mp: Trace Attempt 1201	[3254.48 s]
0.0.Ncustom1: Requesting engine job to stop
0.0.Tricustom6: Requesting engine job to stop
0.0.Ht: Requesting engine job to terminate
0.0.Mp: Requesting engine job to terminate
INFO (IPF144): 0: Initiating shutdown of proof [3539.76 s]
0.0.Tricustom6: A trace with 8212 cycles was found. There may exist shorter traces (as short as 5336 cycles) [853.80 s]
INFO (IPF047): 0.0.Tricustom6: The cover property "fifo.fifo_sva_i._cover_17" was covered in 8212 cycles in 865.88 s.
0: ProofGrid usable level: 0
0.0.Mp: Trace Attempt 1202	[3260.47 s]
0.0.Ht: Trace Attempt 5337	[3536.80 s]
0.0.Ht: Interrupted (multi)
0.0.Ht: All properties determined. [3539.68 s]
0.0.Tricustom6: Stopped processing property "fifo.fifo_sva_i._cover_17"	[866.13 s].
0.0.Tricustom6: All properties determined. [865.06 s]
0.0.Tricustom6: Exited with Success (@ 3539.90 s)
0.0.Ncustom1: Stopped processing property "fifo.fifo_sva_i._cover_17"	[866.39 s].
0.0.Ht: Exited with Success (@ 3540.12 s)
0.0.Ncustom1: Trace Attempt 356	[839.09 s]
0.0.Ncustom1: All properties determined. [865.50 s]
0.0.Ncustom1: Sending SIGKILL
0.0.Mp: Sending SIGKILL
0.0.Ncustom1: Exited with Success (@ 3542.18 s)
0.0.Mp: Terminated by signal SIGKILL (@ 3542.18 s)
0: --------------------------------------------------------------
ProofGrid Summary (utilization 100.00 %)
--------------------------------------------------------------
     engines started                               :    13
     engine jobs started                           :     4

    Average time in state (seconds)
    ------------------------------------------------------
    Engine  Pending     Running        Dead    Utilization
    ------------------------------------------------------
     Ht        0.08     3539.67        0.00      100.00 %
     Mp        0.06     3502.03        0.00      100.00 %
    Ncustom1        0.06     3539.09        0.00      100.00 %
    Tricustom6        0.08     3536.82        0.00      100.00 %
    all        0.07     3529.40        0.00      100.00 %

    Total time in state (seconds)
    -----------------------------------------
            Pending     Running        Dead  
    -----------------------------------------
               0.28    14117.61        0.00

    Data read    : 36.77 MiB
    Data written : 235.31 kiB

0: All pending notifications were processed.
INFO (IPF059): Completed proof on task: "<embedded>" for proof thread 0

==============================================================
SUMMARY
==============================================================
           Properties Considered              : 26
                 assertions                   : 15
                  - proven                    : 5 (33.3333%)
                  - bounded_proven (user)     : 0 (0%)
                  - bounded_proven (auto)     : 0 (0%)
                  - marked_proven             : 0 (0%)
                  - cex                       : 10 (66.6667%)
                  - ar_cex                    : 0 (0%)
                  - undetermined              : 0 (0%)
                  - unknown                   : 0 (0%)
                  - error                     : 0 (0%)
                 covers                       : 11
                  - unreachable               : 1 (9.09091%)
                  - bounded_unreachable (user): 0 (0%)
                  - covered                   : 10 (90.9091%)
                  - ar_covered                : 0 (0%)
                  - undetermined              : 0 (0%)
                  - unknown                   : 0 (0%)
                  - error                     : 0 (0%)
[<embedded>] % 
[<embedded>] % # ---- Covers (best effort) ----
[<embedded>] % catch { cover -all }
1
[<embedded>] % 
[<embedded>] % # ---- Write summary ----
[<embedded>] % set fp [open $SUMMARY_TXT "w"]
file43
[<embedded>] % puts $fp "DESIGN_ID=$DESIGN_ID"
[<embedded>] % puts $fp "TOP=$TOP"
[<embedded>] % puts $fp "ASSERT_COUNT=[llength $ASSERTS]"
[<embedded>] % puts $fp "COVER_COUNT=[llength $COVERS]"
[<embedded>] % puts $fp "PROP_LIST=$PROP_LIST_TXT"
[<embedded>] % close $fp
[<embedded>] % 
[<embedded>] % puts "\n✅ DONE: Proof run completed (check Jasper property table / log for PROVED/FAILED)"

✅ DONE: Proof run completed (check Jasper property table / log for PROVED/FAILED)
[<embedded>] % puts "INFO: Wrote $SUMMARY_TXT"
INFO: Wrote verification_results/02087/summary.txt
[<embedded>] % puts "INFO: Wrote $PROP_LIST_TXT"
INFO: Wrote verification_results/02087/property_list.txt
[<embedded>] % exit 0
[<embedded>] % INFO (IPL005): Received request to exit from the console.
INFO: Waiting for proof threads to stop...
INFO: Proof threads stopped.
INFO (IPL018): The peak resident set memory use for this session was 12.512 GB.
INFO (IPL014): Waiting for the Tcl-thread to exit.
INFO (IPL015): The Tcl-thread exited with status 0.
INFO (IPL016): Exiting the analysis session with status 0.
